# MagicaVoxel @ Ephtracy

# group
o 

# material
mtllib wood_planks_beams.mtl
usemtl palette

# normals
vn -1 0 0
vn 1 0 0
vn 0 0 1
vn 0 0 -1
vn 0 -1 0
vn 0 1 0

# texcoords
vt 0.255859 0.5
vt 0.259766 0.5
vt 0.263672 0.5
vt 0.267578 0.5
vt 0.271484 0.5
vt 0.498047 0.5

# verts
v 0 0 0
v 0 0 -6.1
v 0 0.1 0
v 0 0.1 -0.3
v 0 0.1 -2.2
v 0 0.1 -2.5
v 0 0.1 -4.2
v 0 0.1 -4.5
v 0 0.1 -6
v 0 0.3 0
v 0 0.3 -0.3
v 0 0.3 -2.2
v 0 0.3 -2.5
v 0 0.3 -4.2
v 0 0.3 -4.5
v 0 0.3 -6
v 0 0.3 -6.1
v 0 0.5 0
v 0 0.5 -0.1
v 0 0.5 -0.2
v 0 0.5 -0.3
v 0 0.5 -0.4
v 0 0.5 -0.5
v 0 0.5 -0.6
v 0 0.5 -0.7
v 0 0.5 -0.8
v 0 0.5 -0.9
v 0 0.5 -1
v 0 0.5 -1.2
v 0 0.5 -1.3
v 0 0.5 -1.4
v 0 0.5 -1.5
v 0 0.5 -1.6
v 0 0.5 -1.7
v 0 0.5 -1.8
v 0 0.5 -1.9
v 0 0.5 -2
v 0 0.5 -2.1
v 0 0.5 -2.2
v 0 0.5 -2.3
v 0 0.5 -2.5
v 0 0.5 -2.6
v 0 0.5 -2.7
v 0 0.5 -2.9
v 0 0.5 -3
v 0 0.5 -3.1
v 0 0.5 -3.2
v 0 0.5 -3.3
v 0 0.5 -3.4
v 0 0.5 -3.5
v 0 0.5 -3.7
v 0 0.5 -3.8
v 0 0.5 -3.9
v 0 0.5 -4.1
v 0 0.5 -4.2
v 0 0.5 -4.3
v 0 0.5 -4.4
v 0 0.5 -4.5
v 0 0.5 -4.6
v 0 0.5 -4.7
v 0 0.5 -4.8
v 0 0.5 -4.9
v 0 0.5 -5
v 0 0.5 -5.1
v 0 0.5 -5.2
v 0 0.5 -5.3
v 0 0.5 -5.4
v 0 0.5 -5.6
v 0 0.5 -5.7
v 0 0.5 -5.8
v 0 0.5 -5.9
v 0 0.5 -6
v 0 0.5 -6.1
v 0 0.6 -0.1
v 0 0.6 -0.2
v 0 0.6 -0.3
v 0 0.6 -0.4
v 0 0.6 -0.5
v 0 0.6 -0.6
v 0 0.6 -0.7
v 0 0.6 -0.8
v 0 0.6 -0.9
v 0 0.6 -1
v 0 0.6 -1.2
v 0 0.6 -1.3
v 0 0.6 -1.4
v 0 0.6 -1.5
v 0 0.6 -1.6
v 0 0.6 -1.7
v 0 0.6 -1.8
v 0 0.6 -1.9
v 0 0.6 -2
v 0 0.6 -2.1
v 0 0.6 -2.2
v 0 0.6 -2.3
v 0 0.6 -2.5
v 0 0.6 -2.6
v 0 0.6 -2.7
v 0 0.6 -2.9
v 0 0.6 -3
v 0 0.6 -3.1
v 0 0.6 -3.2
v 0 0.6 -3.3
v 0 0.6 -3.4
v 0 0.6 -3.5
v 0 0.6 -3.7
v 0 0.6 -3.8
v 0 0.6 -3.9
v 0 0.6 -4.1
v 0 0.6 -4.2
v 0 0.6 -4.3
v 0 0.6 -4.4
v 0 0.6 -4.5
v 0 0.6 -4.6
v 0 0.6 -4.7
v 0 0.6 -4.8
v 0 0.6 -4.9
v 0 0.6 -5
v 0 0.6 -5.1
v 0 0.6 -5.2
v 0 0.6 -5.3
v 0 0.6 -5.4
v 0 0.6 -5.6
v 0 0.6 -5.7
v 0 0.6 -5.8
v 0 0.6 -5.9
v 0 0.6 -6
v 0 0.6 -6.1
v 0.4 0.1 -5.8
v 0.4 0.1 -6
v 0.4 0.3 -5.8
v 0.4 0.3 -6
v 0.8 0.3 0
v 0.8 0.3 -0.3
v 0.8 0.3 -2.2
v 0.8 0.3 -2.5
v 0.8 0.3 -3.7
v 0.8 0.3 -3.8
v 0.8 0.3 -4.2
v 0.8 0.3 -4.5
v 0.8 0.3 -5.8
v 0.8 0.3 -6.1
v 0.8 0.5 0
v 0.8 0.5 -0.1
v 0.8 0.5 -0.3
v 0.8 0.5 -0.4
v 0.8 0.5 -0.5
v 0.8 0.5 -0.7
v 0.8 0.5 -0.8
v 0.8 0.5 -0.9
v 0.8 0.5 -1
v 0.8 0.5 -1.1
v 0.8 0.5 -1.2
v 0.8 0.5 -1.3
v 0.8 0.5 -1.4
v 0.8 0.5 -1.5
v 0.8 0.5 -1.6
v 0.8 0.5 -1.7
v 0.8 0.5 -1.8
v 0.8 0.5 -1.9
v 0.8 0.5 -2.1
v 0.8 0.5 -2.2
v 0.8 0.5 -2.3
v 0.8 0.5 -2.5
v 0.8 0.5 -2.6
v 0.8 0.5 -2.7
v 0.8 0.5 -2.8
v 0.8 0.5 -2.9
v 0.8 0.5 -3
v 0.8 0.5 -3.1
v 0.8 0.5 -3.2
v 0.8 0.5 -3.3
v 0.8 0.5 -3.4
v 0.8 0.5 -3.5
v 0.8 0.5 -3.7
v 0.8 0.5 -3.8
v 0.8 0.5 -3.9
v 0.8 0.5 -4
v 0.8 0.5 -4.1
v 0.8 0.5 -4.2
v 0.8 0.5 -4.3
v 0.8 0.5 -4.4
v 0.8 0.5 -4.5
v 0.8 0.5 -4.6
v 0.8 0.5 -4.8
v 0.8 0.5 -4.9
v 0.8 0.5 -5
v 0.8 0.5 -5.1
v 0.8 0.5 -5.2
v 0.8 0.5 -5.3
v 0.8 0.5 -5.4
v 0.8 0.5 -5.7
v 0.8 0.5 -5.8
v 0.8 0.5 -6
v 0.8 0.5 -6.1
v 0.9 0.5 -1
v 0.9 0.5 -1.1
v 0.9 0.5 -1.2
v 0.9 0.5 -1.3
v 0.9 0.5 -1.8
v 0.9 0.5 -1.9
v 0.9 0.5 -2.1
v 0.9 0.5 -3.4
v 0.9 0.5 -3.5
v 0.9 0.5 -4.2
v 0.9 0.5 -4.4
v 0.9 0.6 -1
v 0.9 0.6 -1.1
v 0.9 0.6 -1.2
v 0.9 0.6 -1.3
v 0.9 0.6 -1.8
v 0.9 0.6 -1.9
v 0.9 0.6 -2.1
v 0.9 0.6 -3.4
v 0.9 0.6 -3.5
v 0.9 0.6 -4.2
v 0.9 0.6 -4.4
v 1 0.5 -0.1
v 1 0.5 -0.2
v 1 0.5 -0.3
v 1 0.5 -0.4
v 1 0.5 -0.9
v 1 0.5 -1
v 1 0.5 -2.6
v 1 0.5 -2.7
v 1 0.5 -2.8
v 1 0.5 -2.9
v 1 0.5 -3.5
v 1 0.5 -3.6
v 1 0.5 -3.7
v 1 0.5 -4.4
v 1 0.5 -4.5
v 1 0.5 -5
v 1 0.5 -5.1
v 1 0.5 -5.3
v 1 0.5 -5.8
v 1 0.5 -5.9
v 1 0.5 -6
v 1 0.5 -6.1
v 1 0.6 -0.1
v 1 0.6 -0.2
v 1 0.6 -0.3
v 1 0.6 -0.4
v 1 0.6 -0.9
v 1 0.6 -1
v 1 0.6 -2.6
v 1 0.6 -2.7
v 1 0.6 -2.8
v 1 0.6 -2.9
v 1 0.6 -3.5
v 1 0.6 -3.6
v 1 0.6 -3.7
v 1 0.6 -4.4
v 1 0.6 -4.5
v 1 0.6 -5
v 1 0.6 -5.1
v 1 0.6 -5.3
v 1 0.6 -5.8
v 1 0.6 -5.9
v 1 0.6 -6
v 1 0.6 -6.1
v 1.6 0.3 0
v 1.6 0.3 -0.3
v 1.6 0.3 -2.2
v 1.6 0.3 -2.5
v 1.6 0.3 -4.1
v 1.6 0.3 -4.2
v 1.6 0.3 -4.5
v 1.6 0.3 -5.8
v 1.6 0.3 -6.1
v 1.6 0.5 0
v 1.6 0.5 -0.1
v 1.6 0.5 -0.3
v 1.6 0.5 -0.4
v 1.6 0.5 -0.5
v 1.6 0.5 -0.7
v 1.6 0.5 -0.8
v 1.6 0.5 -0.9
v 1.6 0.5 -1
v 1.6 0.5 -1.1
v 1.6 0.5 -1.3
v 1.6 0.5 -1.4
v 1.6 0.5 -1.5
v 1.6 0.5 -1.6
v 1.6 0.5 -1.7
v 1.6 0.5 -1.8
v 1.6 0.5 -1.9
v 1.6 0.5 -2
v 1.6 0.5 -2.1
v 1.6 0.5 -2.2
v 1.6 0.5 -2.5
v 1.6 0.5 -2.6
v 1.6 0.5 -2.7
v 1.6 0.5 -2.8
v 1.6 0.5 -2.9
v 1.6 0.5 -3
v 1.6 0.5 -3.1
v 1.6 0.5 -3.2
v 1.6 0.5 -3.3
v 1.6 0.5 -3.4
v 1.6 0.5 -3.5
v 1.6 0.5 -3.6
v 1.6 0.5 -3.7
v 1.6 0.5 -3.8
v 1.6 0.5 -3.9
v 1.6 0.5 -4
v 1.6 0.5 -4.1
v 1.6 0.5 -4.2
v 1.6 0.5 -4.3
v 1.6 0.5 -4.4
v 1.6 0.5 -4.5
v 1.6 0.5 -4.6
v 1.6 0.5 -4.7
v 1.6 0.5 -4.9
v 1.6 0.5 -5
v 1.6 0.5 -5.1
v 1.6 0.5 -5.2
v 1.6 0.5 -5.3
v 1.6 0.5 -5.4
v 1.6 0.5 -5.6
v 1.6 0.5 -5.7
v 1.6 0.5 -5.8
v 1.6 0.5 -6
v 1.6 0.5 -6.1
v 2.4 0.3 0
v 2.4 0.3 -0.3
v 2.4 0.3 -2.2
v 2.4 0.3 -2.5
v 2.4 0.3 -4.1
v 2.4 0.3 -4.2
v 2.4 0.3 -4.5
v 2.4 0.3 -5.8
v 2.4 0.3 -6.1
v 2.4 0.5 0
v 2.4 0.5 -0.1
v 2.4 0.5 -0.2
v 2.4 0.5 -0.3
v 2.4 0.5 -0.4
v 2.4 0.5 -0.5
v 2.4 0.5 -0.8
v 2.4 0.5 -0.9
v 2.4 0.5 -1
v 2.4 0.5 -1.1
v 2.4 0.5 -1.2
v 2.4 0.5 -1.3
v 2.4 0.5 -1.4
v 2.4 0.5 -1.5
v 2.4 0.5 -1.6
v 2.4 0.5 -1.7
v 2.4 0.5 -1.8
v 2.4 0.5 -1.9
v 2.4 0.5 -2
v 2.4 0.5 -2.1
v 2.4 0.5 -2.2
v 2.4 0.5 -2.3
v 2.4 0.5 -2.4
v 2.4 0.5 -2.5
v 2.4 0.5 -2.6
v 2.4 0.5 -2.7
v 2.4 0.5 -2.9
v 2.4 0.5 -3
v 2.4 0.5 -3.1
v 2.4 0.5 -3.2
v 2.4 0.5 -3.3
v 2.4 0.5 -3.4
v 2.4 0.5 -3.5
v 2.4 0.5 -3.6
v 2.4 0.5 -3.7
v 2.4 0.5 -3.8
v 2.4 0.5 -3.9
v 2.4 0.5 -4.1
v 2.4 0.5 -4.2
v 2.4 0.5 -4.3
v 2.4 0.5 -4.4
v 2.4 0.5 -4.5
v 2.4 0.5 -4.6
v 2.4 0.5 -4.9
v 2.4 0.5 -5
v 2.4 0.5 -5.1
v 2.4 0.5 -5.2
v 2.4 0.5 -5.3
v 2.4 0.5 -5.4
v 2.4 0.5 -5.6
v 2.4 0.5 -5.7
v 2.4 0.5 -5.8
v 2.4 0.5 -5.9
v 2.4 0.5 -6
v 2.4 0.5 -6.1
v 3.2 0.3 0
v 3.2 0.3 -0.3
v 3.2 0.3 -2.2
v 3.2 0.3 -2.5
v 3.2 0.3 -4.2
v 3.2 0.3 -4.5
v 3.2 0.3 -5.8
v 3.2 0.3 -6.1
v 3.2 0.5 0
v 3.2 0.5 -0.1
v 3.2 0.5 -0.2
v 3.2 0.5 -0.3
v 3.2 0.5 -0.4
v 3.2 0.5 -0.5
v 3.2 0.5 -0.6
v 3.2 0.5 -0.8
v 3.2 0.5 -0.9
v 3.2 0.5 -1
v 3.2 0.5 -1.1
v 3.2 0.5 -1.2
v 3.2 0.5 -1.3
v 3.2 0.5 -1.4
v 3.2 0.5 -1.5
v 3.2 0.5 -1.6
v 3.2 0.5 -1.7
v 3.2 0.5 -1.8
v 3.2 0.5 -1.9
v 3.2 0.5 -2
v 3.2 0.5 -2.1
v 3.2 0.5 -2.2
v 3.2 0.5 -2.3
v 3.2 0.5 -2.4
v 3.2 0.5 -2.5
v 3.2 0.5 -2.6
v 3.2 0.5 -2.7
v 3.2 0.5 -2.8
v 3.2 0.5 -2.9
v 3.2 0.5 -3
v 3.2 0.5 -3.1
v 3.2 0.5 -3.2
v 3.2 0.5 -3.3
v 3.2 0.5 -3.4
v 3.2 0.5 -3.6
v 3.2 0.5 -3.7
v 3.2 0.5 -3.8
v 3.2 0.5 -3.9
v 3.2 0.5 -4
v 3.2 0.5 -4.1
v 3.2 0.5 -4.2
v 3.2 0.5 -4.4
v 3.2 0.5 -4.5
v 3.2 0.5 -4.6
v 3.2 0.5 -4.8
v 3.2 0.5 -4.9
v 3.2 0.5 -5
v 3.2 0.5 -5.1
v 3.2 0.5 -5.2
v 3.2 0.5 -5.3
v 3.2 0.5 -5.4
v 3.2 0.5 -5.5
v 3.2 0.5 -5.6
v 3.2 0.5 -5.7
v 3.2 0.5 -5.8
v 3.2 0.5 -5.9
v 3.2 0.5 -6
v 3.2 0.5 -6.1
v 4 0.3 0
v 4 0.3 -0.3
v 4 0.3 -2.2
v 4 0.3 -2.5
v 4 0.3 -3.6
v 4 0.3 -3.8
v 4 0.3 -4.2
v 4 0.3 -4.5
v 4 0.3 -5.8
v 4 0.3 -6.1
v 4 0.4 -3.6
v 4 0.4 -3.7
v 4 0.4 -4.4
v 4 0.4 -4.5
v 4 0.5 0
v 4 0.5 -0.1
v 4 0.5 -0.3
v 4 0.5 -0.4
v 4 0.5 -0.5
v 4 0.5 -0.7
v 4 0.5 -0.8
v 4 0.5 -0.9
v 4 0.5 -1
v 4 0.5 -1.3
v 4 0.5 -1.4
v 4 0.5 -1.6
v 4 0.5 -1.7
v 4 0.5 -1.8
v 4 0.5 -1.9
v 4 0.5 -2
v 4 0.5 -2.1
v 4 0.5 -2.2
v 4 0.5 -2.4
v 4 0.5 -2.5
v 4 0.5 -2.6
v 4 0.5 -2.7
v 4 0.5 -2.9
v 4 0.5 -3
v 4 0.5 -3.1
v 4 0.5 -3.2
v 4 0.5 -3.3
v 4 0.5 -3.4
v 4 0.5 -3.5
v 4 0.5 -3.6
v 4 0.5 -3.7
v 4 0.5 -3.8
v 4 0.5 -4.1
v 4 0.5 -4.2
v 4 0.5 -4.4
v 4 0.5 -4.5
v 4 0.5 -4.6
v 4 0.5 -4.8
v 4 0.5 -4.9
v 4 0.5 -5
v 4 0.5 -5.1
v 4 0.5 -5.2
v 4 0.5 -5.3
v 4 0.5 -5.4
v 4 0.5 -5.5
v 4 0.5 -5.7
v 4 0.5 -5.8
v 4 0.5 -5.9
v 4 0.5 -6
v 4 0.5 -6.1
v 4.1 0.5 -0.5
v 4.1 0.5 -0.6
v 4.1 0.5 -0.7
v 4.1 0.5 -3
v 4.1 0.5 -3.1
v 4.1 0.5 -3.2
v 4.1 0.5 -3.3
v 4.1 0.5 -3.8
v 4.1 0.5 -3.9
v 4.1 0.5 -4
v 4.1 0.5 -5.4
v 4.1 0.5 -5.5
v 4.1 0.6 -0.5
v 4.1 0.6 -0.6
v 4.1 0.6 -0.7
v 4.1 0.6 -3
v 4.1 0.6 -3.1
v 4.1 0.6 -3.2
v 4.1 0.6 -3.3
v 4.1 0.6 -3.8
v 4.1 0.6 -3.9
v 4.1 0.6 -4
v 4.1 0.6 -5.4
v 4.1 0.6 -5.5
v 4.2 0.5 -0.7
v 4.2 0.5 -0.8
v 4.2 0.5 -1.4
v 4.2 0.5 -1.6
v 4.2 0.5 -1.7
v 4.2 0.5 -2.2
v 4.2 0.5 -2.3
v 4.2 0.5 -2.4
v 4.2 0.5 -2.5
v 4.2 0.5 -4
v 4.2 0.5 -4.1
v 4.2 0.5 -4.6
v 4.2 0.5 -4.9
v 4.2 0.5 -5.5
v 4.2 0.5 -5.6
v 4.2 0.5 -5.7
v 4.2 0.6 -0.7
v 4.2 0.6 -0.8
v 4.2 0.6 -1.4
v 4.2 0.6 -1.6
v 4.2 0.6 -1.7
v 4.2 0.6 -2.2
v 4.2 0.6 -2.3
v 4.2 0.6 -2.4
v 4.2 0.6 -2.5
v 4.2 0.6 -4
v 4.2 0.6 -4.1
v 4.2 0.6 -4.6
v 4.2 0.6 -4.9
v 4.2 0.6 -5.5
v 4.2 0.6 -5.6
v 4.2 0.6 -5.7
v 4.8 0.3 0
v 4.8 0.3 -0.3
v 4.8 0.3 -2.2
v 4.8 0.3 -2.5
v 4.8 0.3 -4.2
v 4.8 0.3 -4.5
v 4.8 0.3 -5.8
v 4.8 0.3 -6.1
v 4.8 0.5 0
v 4.8 0.5 -0.1
v 4.8 0.5 -0.2
v 4.8 0.5 -0.4
v 4.8 0.5 -0.5
v 4.8 0.5 -0.7
v 4.8 0.5 -0.8
v 4.8 0.5 -0.9
v 4.8 0.5 -1
v 4.8 0.5 -1.1
v 4.8 0.5 -1.2
v 4.8 0.5 -1.3
v 4.8 0.5 -1.4
v 4.8 0.5 -1.5
v 4.8 0.5 -1.7
v 4.8 0.5 -1.8
v 4.8 0.5 -1.9
v 4.8 0.5 -2.1
v 4.8 0.5 -2.2
v 4.8 0.5 -2.3
v 4.8 0.5 -2.4
v 4.8 0.5 -2.5
v 4.8 0.5 -2.6
v 4.8 0.5 -2.8
v 4.8 0.5 -2.9
v 4.8 0.5 -3
v 4.8 0.5 -3.1
v 4.8 0.5 -3.3
v 4.8 0.5 -3.4
v 4.8 0.5 -3.5
v 4.8 0.5 -3.7
v 4.8 0.5 -3.8
v 4.8 0.5 -3.9
v 4.8 0.5 -4.1
v 4.8 0.5 -4.2
v 4.8 0.5 -4.3
v 4.8 0.5 -4.4
v 4.8 0.5 -4.5
v 4.8 0.5 -4.6
v 4.8 0.5 -4.8
v 4.8 0.5 -4.9
v 4.8 0.5 -5
v 4.8 0.5 -5.1
v 4.8 0.5 -5.3
v 4.8 0.5 -5.4
v 4.8 0.5 -5.5
v 4.8 0.5 -5.6
v 4.8 0.5 -5.7
v 4.8 0.5 -5.8
v 4.8 0.5 -5.9
v 4.8 0.5 -6
v 4.8 0.5 -6.1
v 0.2 0.3 0
v 0.2 0.3 -0.3
v 0.2 0.3 -2.2
v 0.2 0.3 -2.5
v 0.2 0.3 -4.2
v 0.2 0.3 -4.5
v 0.2 0.3 -6
v 0.2 0.3 -6.1
v 0.2 0.4 -3.7
v 0.2 0.4 -3.8
v 0.2 0.5 0
v 0.2 0.5 -0.1
v 0.2 0.5 -0.2
v 0.2 0.5 -0.3
v 0.2 0.5 -0.4
v 0.2 0.5 -0.5
v 0.2 0.5 -0.6
v 0.2 0.5 -0.7
v 0.2 0.5 -0.8
v 0.2 0.5 -0.9
v 0.2 0.5 -1
v 0.2 0.5 -1.1
v 0.2 0.5 -1.2
v 0.2 0.5 -1.3
v 0.2 0.5 -1.4
v 0.2 0.5 -1.5
v 0.2 0.5 -1.7
v 0.2 0.5 -1.8
v 0.2 0.5 -1.9
v 0.2 0.5 -2
v 0.2 0.5 -2.1
v 0.2 0.5 -2.2
v 0.2 0.5 -2.3
v 0.2 0.5 -2.4
v 0.2 0.5 -2.5
v 0.2 0.5 -2.6
v 0.2 0.5 -2.7
v 0.2 0.5 -2.8
v 0.2 0.5 -2.9
v 0.2 0.5 -3
v 0.2 0.5 -3.1
v 0.2 0.5 -3.2
v 0.2 0.5 -3.3
v 0.2 0.5 -3.4
v 0.2 0.5 -3.5
v 0.2 0.5 -3.7
v 0.2 0.5 -3.8
v 0.2 0.5 -3.9
v 0.2 0.5 -4.1
v 0.2 0.5 -4.2
v 0.2 0.5 -4.3
v 0.2 0.5 -4.4
v 0.2 0.5 -4.5
v 0.2 0.5 -4.6
v 0.2 0.5 -4.7
v 0.2 0.5 -4.8
v 0.2 0.5 -4.9
v 0.2 0.5 -5
v 0.2 0.5 -5.1
v 0.2 0.5 -5.2
v 0.2 0.5 -5.3
v 0.2 0.5 -5.4
v 0.2 0.5 -5.5
v 0.2 0.5 -5.6
v 0.2 0.5 -5.7
v 0.2 0.5 -5.8
v 0.2 0.5 -5.9
v 0.2 0.5 -6
v 0.2 0.5 -6.1
v 0.8 0.5 -0.3
v 0.8 0.5 -0.4
v 0.8 0.5 -0.9
v 0.8 0.5 -1
v 0.8 0.5 -1.1
v 0.8 0.5 -1.2
v 0.8 0.5 -1.3
v 0.8 0.5 -1.8
v 0.8 0.5 -1.9
v 0.8 0.5 -2.1
v 0.8 0.5 -3.4
v 0.8 0.5 -3.5
v 0.8 0.5 -3.6
v 0.8 0.5 -4.2
v 0.8 0.5 -4.3
v 0.8 0.5 -4.4
v 0.8 0.5 -6
v 0.8 0.5 -6.1
v 0.8 0.6 -0.3
v 0.8 0.6 -0.4
v 0.8 0.6 -0.9
v 0.8 0.6 -1
v 0.8 0.6 -1.1
v 0.8 0.6 -1.2
v 0.8 0.6 -1.3
v 0.8 0.6 -1.8
v 0.8 0.6 -1.9
v 0.8 0.6 -2.1
v 0.8 0.6 -3.4
v 0.8 0.6 -3.5
v 0.8 0.6 -3.6
v 0.8 0.6 -4.2
v 0.8 0.6 -4.3
v 0.8 0.6 -4.4
v 0.8 0.6 -6
v 0.8 0.6 -6.1
v 0.9 0.5 -0.1
v 0.9 0.5 -0.2
v 0.9 0.5 -0.3
v 0.9 0.5 -2.6
v 0.9 0.5 -2.7
v 0.9 0.5 -2.8
v 0.9 0.5 -2.9
v 0.9 0.5 -3.6
v 0.9 0.5 -3.7
v 0.9 0.5 -4.4
v 0.9 0.5 -4.5
v 0.9 0.5 -5
v 0.9 0.5 -5.1
v 0.9 0.5 -5.2
v 0.9 0.5 -5.3
v 0.9 0.5 -5.8
v 0.9 0.5 -5.9
v 0.9 0.5 -6
v 0.9 0.6 -0.1
v 0.9 0.6 -0.2
v 0.9 0.6 -0.3
v 0.9 0.6 -2.6
v 0.9 0.6 -2.7
v 0.9 0.6 -2.8
v 0.9 0.6 -2.9
v 0.9 0.6 -3.6
v 0.9 0.6 -3.7
v 0.9 0.6 -4.4
v 0.9 0.6 -4.5
v 0.9 0.6 -5
v 0.9 0.6 -5.1
v 0.9 0.6 -5.2
v 0.9 0.6 -5.3
v 0.9 0.6 -5.8
v 0.9 0.6 -5.9
v 0.9 0.6 -6
v 1 0.3 0
v 1 0.3 -0.3
v 1 0.3 -2.2
v 1 0.3 -2.5
v 1 0.3 -4.2
v 1 0.3 -4.5
v 1 0.3 -5.8
v 1 0.3 -6.1
v 1 0.4 -3.7
v 1 0.4 -3.8
v 1 0.5 0
v 1 0.5 -0.1
v 1 0.5 -0.2
v 1 0.5 -0.3
v 1 0.5 -0.4
v 1 0.5 -0.5
v 1 0.5 -0.6
v 1 0.5 -0.8
v 1 0.5 -0.9
v 1 0.5 -1
v 1 0.5 -1.1
v 1 0.5 -1.2
v 1 0.5 -1.3
v 1 0.5 -1.4
v 1 0.5 -1.5
v 1 0.5 -1.6
v 1 0.5 -1.7
v 1 0.5 -1.8
v 1 0.5 -1.9
v 1 0.5 -2.1
v 1 0.5 -2.2
v 1 0.5 -2.3
v 1 0.5 -2.4
v 1 0.5 -2.5
v 1 0.5 -2.6
v 1 0.5 -2.7
v 1 0.5 -2.8
v 1 0.5 -2.9
v 1 0.5 -3
v 1 0.5 -3.1
v 1 0.5 -3.2
v 1 0.5 -3.3
v 1 0.5 -3.4
v 1 0.5 -3.6
v 1 0.5 -3.7
v 1 0.5 -3.8
v 1 0.5 -3.9
v 1 0.5 -4
v 1 0.5 -4.1
v 1 0.5 -4.2
v 1 0.5 -4.4
v 1 0.5 -4.5
v 1 0.5 -4.6
v 1 0.5 -4.8
v 1 0.5 -4.9
v 1 0.5 -5
v 1 0.5 -5.1
v 1 0.5 -5.3
v 1 0.5 -5.4
v 1 0.5 -5.5
v 1 0.5 -5.6
v 1 0.5 -5.7
v 1 0.5 -5.8
v 1 0.5 -5.9
v 1 0.5 -6
v 1 0.5 -6.1
v 1.8 0.3 0
v 1.8 0.3 -0.3
v 1.8 0.3 -2.2
v 1.8 0.3 -2.5
v 1.8 0.3 -4.2
v 1.8 0.3 -4.5
v 1.8 0.3 -5.8
v 1.8 0.3 -6.1
v 1.8 0.4 -4.1
v 1.8 0.4 -4.2
v 1.8 0.5 0
v 1.8 0.5 -0.1
v 1.8 0.5 -0.2
v 1.8 0.5 -0.3
v 1.8 0.5 -0.4
v 1.8 0.5 -0.5
v 1.8 0.5 -0.6
v 1.8 0.5 -0.7
v 1.8 0.5 -0.8
v 1.8 0.5 -0.9
v 1.8 0.5 -1
v 1.8 0.5 -1.1
v 1.8 0.5 -1.3
v 1.8 0.5 -1.4
v 1.8 0.5 -1.7
v 1.8 0.5 -1.8
v 1.8 0.5 -1.9
v 1.8 0.5 -2
v 1.8 0.5 -2.1
v 1.8 0.5 -2.2
v 1.8 0.5 -2.3
v 1.8 0.5 -2.4
v 1.8 0.5 -2.5
v 1.8 0.5 -2.6
v 1.8 0.5 -2.8
v 1.8 0.5 -2.9
v 1.8 0.5 -3
v 1.8 0.5 -3.1
v 1.8 0.5 -3.2
v 1.8 0.5 -3.3
v 1.8 0.5 -3.4
v 1.8 0.5 -3.5
v 1.8 0.5 -3.6
v 1.8 0.5 -3.7
v 1.8 0.5 -3.8
v 1.8 0.5 -3.9
v 1.8 0.5 -4.1
v 1.8 0.5 -4.2
v 1.8 0.5 -4.3
v 1.8 0.5 -4.4
v 1.8 0.5 -4.5
v 1.8 0.5 -4.6
v 1.8 0.5 -4.7
v 1.8 0.5 -4.9
v 1.8 0.5 -5
v 1.8 0.5 -5.1
v 1.8 0.5 -5.2
v 1.8 0.5 -5.3
v 1.8 0.5 -5.4
v 1.8 0.5 -5.5
v 1.8 0.5 -5.6
v 1.8 0.5 -5.7
v 1.8 0.5 -5.8
v 1.8 0.5 -6
v 1.8 0.5 -6.1
v 2.6 0.3 0
v 2.6 0.3 -0.3
v 2.6 0.3 -2.2
v 2.6 0.3 -2.5
v 2.6 0.3 -4.2
v 2.6 0.3 -4.5
v 2.6 0.3 -5.8
v 2.6 0.3 -6.1
v 2.6 0.4 -4.1
v 2.6 0.4 -4.2
v 2.6 0.5 0
v 2.6 0.5 -0.1
v 2.6 0.5 -0.2
v 2.6 0.5 -0.3
v 2.6 0.5 -0.4
v 2.6 0.5 -0.5
v 2.6 0.5 -0.7
v 2.6 0.5 -0.8
v 2.6 0.5 -0.9
v 2.6 0.5 -1
v 2.6 0.5 -1.1
v 2.6 0.5 -1.2
v 2.6 0.5 -1.3
v 2.6 0.5 -1.4
v 2.6 0.5 -1.5
v 2.6 0.5 -1.6
v 2.6 0.5 -1.7
v 2.6 0.5 -1.8
v 2.6 0.5 -1.9
v 2.6 0.5 -2
v 2.6 0.5 -2.1
v 2.6 0.5 -2.2
v 2.6 0.5 -2.3
v 2.6 0.5 -2.4
v 2.6 0.5 -2.5
v 2.6 0.5 -2.6
v 2.6 0.5 -2.8
v 2.6 0.5 -2.9
v 2.6 0.5 -3
v 2.6 0.5 -3.1
v 2.6 0.5 -3.2
v 2.6 0.5 -3.3
v 2.6 0.5 -3.4
v 2.6 0.5 -3.5
v 2.6 0.5 -3.6
v 2.6 0.5 -3.7
v 2.6 0.5 -3.8
v 2.6 0.5 -3.9
v 2.6 0.5 -4
v 2.6 0.5 -4.1
v 2.6 0.5 -4.2
v 2.6 0.5 -4.5
v 2.6 0.5 -4.6
v 2.6 0.5 -4.9
v 2.6 0.5 -5
v 2.6 0.5 -5.1
v 2.6 0.5 -5.2
v 2.6 0.5 -5.3
v 2.6 0.5 -5.4
v 2.6 0.5 -5.5
v 2.6 0.5 -5.7
v 2.6 0.5 -5.8
v 2.6 0.5 -5.9
v 2.6 0.5 -6
v 2.6 0.5 -6.1
v 3.4 0.3 0
v 3.4 0.3 -0.3
v 3.4 0.3 -2.2
v 3.4 0.3 -2.5
v 3.4 0.3 -4.2
v 3.4 0.3 -4.5
v 3.4 0.3 -5.8
v 3.4 0.3 -6.1
v 3.4 0.4 -3.7
v 3.4 0.4 -3.8
v 3.4 0.5 0
v 3.4 0.5 -0.1
v 3.4 0.5 -0.2
v 3.4 0.5 -0.3
v 3.4 0.5 -0.4
v 3.4 0.5 -0.5
v 3.4 0.5 -0.6
v 3.4 0.5 -0.7
v 3.4 0.5 -0.8
v 3.4 0.5 -0.9
v 3.4 0.5 -1.1
v 3.4 0.5 -1.2
v 3.4 0.5 -1.3
v 3.4 0.5 -1.4
v 3.4 0.5 -1.5
v 3.4 0.5 -1.6
v 3.4 0.5 -1.7
v 3.4 0.5 -1.8
v 3.4 0.5 -2
v 3.4 0.5 -2.1
v 3.4 0.5 -2.2
v 3.4 0.5 -2.4
v 3.4 0.5 -2.5
v 3.4 0.5 -2.6
v 3.4 0.5 -2.7
v 3.4 0.5 -2.8
v 3.4 0.5 -2.9
v 3.4 0.5 -3
v 3.4 0.5 -3.1
v 3.4 0.5 -3.2
v 3.4 0.5 -3.3
v 3.4 0.5 -3.4
v 3.4 0.5 -3.5
v 3.4 0.5 -3.6
v 3.4 0.5 -3.7
v 3.4 0.5 -3.8
v 3.4 0.5 -3.9
v 3.4 0.5 -4
v 3.4 0.5 -4.1
v 3.4 0.5 -4.2
v 3.4 0.5 -4.4
v 3.4 0.5 -4.5
v 3.4 0.5 -4.6
v 3.4 0.5 -4.8
v 3.4 0.5 -4.9
v 3.4 0.5 -5
v 3.4 0.5 -5.1
v 3.4 0.5 -5.2
v 3.4 0.5 -5.3
v 3.4 0.5 -5.4
v 3.4 0.5 -5.5
v 3.4 0.5 -5.7
v 3.4 0.5 -5.8
v 3.4 0.5 -5.9
v 3.4 0.5 -6
v 3.4 0.5 -6.1
v 4 0.5 -0.5
v 4 0.5 -0.7
v 4 0.5 -2.2
v 4 0.5 -2.3
v 4 0.5 -3
v 4 0.5 -3.1
v 4 0.5 -3.2
v 4 0.5 -3.3
v 4 0.5 -3.8
v 4 0.5 -4.1
v 4 0.5 -4.7
v 4 0.5 -4.8
v 4 0.5 -5.4
v 4 0.5 -5.5
v 4 0.6 -0.5
v 4 0.6 -0.7
v 4 0.6 -2.2
v 4 0.6 -2.3
v 4 0.6 -3
v 4 0.6 -3.1
v 4 0.6 -3.2
v 4 0.6 -3.3
v 4 0.6 -3.8
v 4 0.6 -4.1
v 4 0.6 -4.7
v 4 0.6 -4.8
v 4 0.6 -5.4
v 4 0.6 -5.5
v 4.1 0.5 -0.7
v 4.1 0.5 -0.8
v 4.1 0.5 -1.4
v 4.1 0.5 -1.7
v 4.1 0.5 -2.3
v 4.1 0.5 -2.4
v 4.1 0.5 -2.5
v 4.1 0.5 -4.6
v 4.1 0.5 -4.7
v 4.1 0.5 -4.8
v 4.1 0.5 -4.9
v 4.1 0.5 -5.5
v 4.1 0.5 -5.7
v 4.1 0.6 -0.7
v 4.1 0.6 -0.8
v 4.1 0.6 -1.4
v 4.1 0.6 -1.7
v 4.1 0.6 -2.3
v 4.1 0.6 -2.4
v 4.1 0.6 -2.5
v 4.1 0.6 -4.6
v 4.1 0.6 -4.7
v 4.1 0.6 -4.8
v 4.1 0.6 -4.9
v 4.1 0.6 -5.5
v 4.1 0.6 -5.7
v 4.2 0.3 0
v 4.2 0.3 -0.3
v 4.2 0.3 -2.2
v 4.2 0.3 -2.5
v 4.2 0.3 -4.2
v 4.2 0.3 -4.5
v 4.2 0.3 -5.8
v 4.2 0.3 -6.1
v 4.2 0.4 -3.7
v 4.2 0.4 -3.8
v 4.2 0.5 0
v 4.2 0.5 -0.1
v 4.2 0.5 -0.4
v 4.2 0.5 -0.5
v 4.2 0.5 -0.7
v 4.2 0.5 -0.8
v 4.2 0.5 -0.9
v 4.2 0.5 -1
v 4.2 0.5 -1.1
v 4.2 0.5 -1.2
v 4.2 0.5 -1.3
v 4.2 0.5 -1.4
v 4.2 0.5 -1.6
v 4.2 0.5 -1.7
v 4.2 0.5 -1.8
v 4.2 0.5 -1.9
v 4.2 0.5 -2.1
v 4.2 0.5 -2.2
v 4.2 0.5 -2.3
v 4.2 0.5 -2.4
v 4.2 0.5 -2.5
v 4.2 0.5 -2.6
v 4.2 0.5 -2.7
v 4.2 0.5 -2.9
v 4.2 0.5 -3
v 4.2 0.5 -3.1
v 4.2 0.5 -3.3
v 4.2 0.5 -3.4
v 4.2 0.5 -3.5
v 4.2 0.5 -3.7
v 4.2 0.5 -3.8
v 4.2 0.5 -3.9
v 4.2 0.5 -4.1
v 4.2 0.5 -4.2
v 4.2 0.5 -4.3
v 4.2 0.5 -4.5
v 4.2 0.5 -4.6
v 4.2 0.5 -4.9
v 4.2 0.5 -5
v 4.2 0.5 -5.1
v 4.2 0.5 -5.2
v 4.2 0.5 -5.3
v 4.2 0.5 -5.4
v 4.2 0.5 -5.5
v 4.2 0.5 -5.6
v 4.2 0.5 -5.7
v 4.2 0.5 -5.8
v 4.2 0.5 -6
v 4.2 0.5 -6.1
v 5 0.3 0
v 5 0.3 -0.3
v 5 0.3 -2.2
v 5 0.3 -2.5
v 5 0.3 -4.2
v 5 0.3 -4.5
v 5 0.3 -5.8
v 5 0.3 -6.1
v 5 0.5 0
v 5 0.5 -0.1
v 5 0.5 -0.2
v 5 0.5 -0.3
v 5 0.5 -0.4
v 5 0.5 -0.5
v 5 0.5 -0.6
v 5 0.5 -0.7
v 5 0.5 -0.8
v 5 0.5 -0.9
v 5 0.5 -1
v 5 0.5 -1.2
v 5 0.5 -1.3
v 5 0.5 -1.4
v 5 0.5 -1.5
v 5 0.5 -1.7
v 5 0.5 -1.8
v 5 0.5 -2
v 5 0.5 -2.1
v 5 0.5 -2.2
v 5 0.5 -2.3
v 5 0.5 -2.4
v 5 0.5 -2.5
v 5 0.5 -2.6
v 5 0.5 -2.7
v 5 0.5 -2.8
v 5 0.5 -2.9
v 5 0.5 -3
v 5 0.5 -3.1
v 5 0.5 -3.3
v 5 0.5 -3.4
v 5 0.5 -3.5
v 5 0.5 -3.7
v 5 0.5 -3.8
v 5 0.5 -3.9
v 5 0.5 -4.1
v 5 0.5 -4.2
v 5 0.5 -4.3
v 5 0.5 -4.4
v 5 0.5 -4.5
v 5 0.5 -4.6
v 5 0.5 -4.7
v 5 0.5 -4.8
v 5 0.5 -4.9
v 5 0.5 -5
v 5 0.5 -5.1
v 5 0.5 -5.3
v 5 0.5 -5.4
v 5 0.5 -5.5
v 5 0.5 -5.7
v 5 0.5 -5.8
v 5 0.5 -5.9
v 5 0.5 -6
v 5 0.5 -6.1
v 5.6 0 0
v 5.6 0 -6.1
v 5.6 0.1 0
v 5.6 0.1 -0.3
v 5.6 0.1 -2.2
v 5.6 0.1 -2.5
v 5.6 0.1 -4.2
v 5.6 0.1 -4.5
v 5.6 0.1 -5.8
v 5.6 0.3 0
v 5.6 0.3 -0.3
v 5.6 0.3 -2.2
v 5.6 0.3 -2.5
v 5.6 0.3 -4.2
v 5.6 0.3 -4.5
v 5.6 0.3 -5.8
v 5.6 0.3 -6.1
v 5.6 0.5 -0.1
v 5.6 0.5 -0.2
v 5.6 0.5 -0.3
v 5.6 0.5 -0.4
v 5.6 0.5 -0.5
v 5.6 0.5 -0.6
v 5.6 0.5 -0.7
v 5.6 0.5 -0.8
v 5.6 0.5 -0.9
v 5.6 0.5 -1
v 5.6 0.5 -1.2
v 5.6 0.5 -1.3
v 5.6 0.5 -1.4
v 5.6 0.5 -1.5
v 5.6 0.5 -1.6
v 5.6 0.5 -1.7
v 5.6 0.5 -1.8
v 5.6 0.5 -1.9
v 5.6 0.5 -2.1
v 5.6 0.5 -2.2
v 5.6 0.5 -2.3
v 5.6 0.5 -2.5
v 5.6 0.5 -2.6
v 5.6 0.5 -2.7
v 5.6 0.5 -2.9
v 5.6 0.5 -3
v 5.6 0.5 -3.1
v 5.6 0.5 -3.2
v 5.6 0.5 -3.3
v 5.6 0.5 -3.4
v 5.6 0.5 -3.5
v 5.6 0.5 -3.6
v 5.6 0.5 -3.7
v 5.6 0.5 -3.8
v 5.6 0.5 -3.9
v 5.6 0.5 -4.1
v 5.6 0.5 -4.2
v 5.6 0.5 -4.3
v 5.6 0.5 -4.4
v 5.6 0.5 -4.5
v 5.6 0.5 -4.6
v 5.6 0.5 -4.7
v 5.6 0.5 -4.8
v 5.6 0.5 -4.9
v 5.6 0.5 -5
v 5.6 0.5 -5.1
v 5.6 0.5 -5.2
v 5.6 0.5 -5.3
v 5.6 0.5 -5.4
v 5.6 0.5 -5.5
v 5.6 0.5 -5.6
v 5.6 0.5 -5.7
v 5.6 0.5 -5.8
v 5.6 0.5 -5.9
v 5.6 0.5 -6
v 5.6 0.5 -6.1
v 5.6 0.6 -0.1
v 5.6 0.6 -0.2
v 5.6 0.6 -0.3
v 5.6 0.6 -0.4
v 5.6 0.6 -0.5
v 5.6 0.6 -0.6
v 5.6 0.6 -0.7
v 5.6 0.6 -0.8
v 5.6 0.6 -0.9
v 5.6 0.6 -1
v 5.6 0.6 -1.2
v 5.6 0.6 -1.3
v 5.6 0.6 -1.4
v 5.6 0.6 -1.5
v 5.6 0.6 -1.6
v 5.6 0.6 -1.7
v 5.6 0.6 -1.8
v 5.6 0.6 -1.9
v 5.6 0.6 -2.1
v 5.6 0.6 -2.2
v 5.6 0.6 -2.3
v 5.6 0.6 -2.5
v 5.6 0.6 -2.6
v 5.6 0.6 -2.7
v 5.6 0.6 -2.9
v 5.6 0.6 -3
v 5.6 0.6 -3.1
v 5.6 0.6 -3.2
v 5.6 0.6 -3.3
v 5.6 0.6 -3.4
v 5.6 0.6 -3.5
v 5.6 0.6 -3.6
v 5.6 0.6 -3.7
v 5.6 0.6 -3.8
v 5.6 0.6 -3.9
v 5.6 0.6 -4.1
v 5.6 0.6 -4.2
v 5.6 0.6 -4.3
v 5.6 0.6 -4.4
v 5.6 0.6 -4.5
v 5.6 0.6 -4.6
v 5.6 0.6 -4.7
v 5.6 0.6 -4.8
v 5.6 0.6 -4.9
v 5.6 0.6 -5
v 5.6 0.6 -5.1
v 5.6 0.6 -5.2
v 5.6 0.6 -5.3
v 5.6 0.6 -5.4
v 5.6 0.6 -5.5
v 5.6 0.6 -5.6
v 5.6 0.6 -5.7
v 5.6 0.6 -5.8
v 5.6 0.6 -5.9
v 5.6 0.6 -6
v 5.6 0.6 -6.1
v 0 0 0
v 0 0.1 0
v 0 0.3 0
v 0 0.5 0
v 0.2 0.3 0
v 0.2 0.5 0
v 0.8 0.3 0
v 0.8 0.5 0
v 1 0.3 0
v 1 0.5 0
v 1.6 0.3 0
v 1.6 0.5 0
v 1.8 0.3 0
v 1.8 0.5 0
v 2.4 0.3 0
v 2.4 0.5 0
v 2.6 0.3 0
v 2.6 0.5 0
v 3.2 0.3 0
v 3.2 0.5 0
v 3.4 0.3 0
v 3.4 0.5 0
v 4 0.3 0
v 4 0.5 0
v 4.2 0.3 0
v 4.2 0.5 0
v 4.8 0.3 0
v 4.8 0.5 0
v 5 0.3 0
v 5 0.5 0
v 5.6 0 0
v 5.6 0.1 0
v 5.6 0.3 0
v 0 0.5 -0.1
v 0 0.6 -0.1
v 0.2 0.5 -0.1
v 0.3 0.5 -0.1
v 0.3 0.6 -0.1
v 0.7 0.5 -0.1
v 0.7 0.6 -0.1
v 0.8 0.5 -0.1
v 0.9 0.5 -0.1
v 0.9 0.6 -0.1
v 1 0.5 -0.1
v 1 0.6 -0.1
v 1.3 0.5 -0.1
v 1.3 0.6 -0.1
v 1.6 0.5 -0.1
v 1.6 0.6 -0.1
v 1.8 0.5 -0.1
v 2.4 0.5 -0.1
v 2.6 0.5 -0.1
v 2.7 0.5 -0.1
v 2.7 0.6 -0.1
v 3.1 0.5 -0.1
v 3.1 0.6 -0.1
v 3.2 0.5 -0.1
v 3.4 0.5 -0.1
v 3.8 0.5 -0.1
v 3.8 0.6 -0.1
v 3.9 0.5 -0.1
v 3.9 0.6 -0.1
v 4 0.5 -0.1
v 4 0.6 -0.1
v 4.2 0.5 -0.1
v 4.3 0.5 -0.1
v 4.3 0.6 -0.1
v 4.8 0.5 -0.1
v 5 0.5 -0.1
v 5.6 0.5 -0.1
v 5.6 0.6 -0.1
v 0 0.5 -0.5
v 0 0.6 -0.5
v 0.2 0.5 -0.5
v 0.8 0.5 -0.5
v 1 0.5 -0.5
v 1.1 0.5 -0.5
v 1.1 0.6 -0.5
v 1.4 0.5 -0.5
v 1.4 0.6 -0.5
v 1.6 0.5 -0.5
v 1.7 0.5 -0.5
v 1.7 0.6 -0.5
v 1.8 0.5 -0.5
v 2.3 0.5 -0.5
v 2.3 0.6 -0.5
v 2.4 0.5 -0.5
v 2.6 0.5 -0.5
v 2.7 0.5 -0.5
v 2.7 0.6 -0.5
v 2.9 0.5 -0.5
v 2.9 0.6 -0.5
v 3.2 0.5 -0.5
v 3.2 0.6 -0.5
v 3.4 0.5 -0.5
v 3.6 0.5 -0.5
v 3.6 0.6 -0.5
v 3.7 0.5 -0.5
v 3.7 0.6 -0.5
v 3.9 0.5 -0.5
v 3.9 0.6 -0.5
v 4 0.5 -0.5
v 4 0.6 -0.5
v 4.1 0.5 -0.5
v 4.1 0.6 -0.5
v 4.2 0.5 -0.5
v 4.8 0.5 -0.5
v 4.9 0.5 -0.5
v 4.9 0.6 -0.5
v 5 0.5 -0.5
v 5.3 0.5 -0.5
v 5.3 0.6 -0.5
v 5.6 0.5 -0.5
v 5.6 0.6 -0.5
v 4 0.5 -0.7
v 4 0.6 -0.7
v 4.1 0.5 -0.7
v 4.1 0.6 -0.7
v 0 0.5 -0.9
v 0 0.6 -0.9
v 0.1 0.5 -0.9
v 0.1 0.6 -0.9
v 0.2 0.5 -0.9
v 0.3 0.5 -0.9
v 0.3 0.6 -0.9
v 0.8 0.5 -0.9
v 0.8 0.6 -0.9
v 1 0.5 -0.9
v 1 0.6 -0.9
v 1.6 0.5 -0.9
v 1.8 0.5 -0.9
v 2.4 0.5 -0.9
v 2.6 0.5 -0.9
v 3.2 0.5 -0.9
v 3.4 0.5 -0.9
v 4 0.5 -0.9
v 4.1 0.5 -0.9
v 4.1 0.6 -0.9
v 4.2 0.5 -0.9
v 4.8 0.5 -0.9
v 5 0.5 -0.9
v 5 0.6 -0.9
v 5.2 0.5 -0.9
v 5.2 0.6 -0.9
v 5.6 0.5 -0.9
v 5.6 0.6 -0.9
v 0.9 0.5 -1
v 0.9 0.6 -1
v 1 0.5 -1
v 1 0.6 -1
v 0 0.5 -1.4
v 0 0.6 -1.4
v 0.2 0.5 -1.4
v 0.8 0.5 -1.4
v 1 0.5 -1.4
v 1.4 0.5 -1.4
v 1.4 0.6 -1.4
v 1.5 0.5 -1.4
v 1.5 0.6 -1.4
v 1.6 0.5 -1.4
v 1.8 0.5 -1.4
v 1.9 0.5 -1.4
v 1.9 0.6 -1.4
v 2.4 0.5 -1.4
v 2.6 0.5 -1.4
v 3.2 0.5 -1.4
v 3.4 0.5 -1.4
v 3.9 0.5 -1.4
v 3.9 0.6 -1.4
v 4 0.5 -1.4
v 4 0.6 -1.4
v 4.1 0.5 -1.4
v 4.1 0.6 -1.4
v 4.2 0.5 -1.4
v 4.2 0.6 -1.4
v 4.8 0.5 -1.4
v 5 0.5 -1.4
v 5.6 0.5 -1.4
v 5.6 0.6 -1.4
v 0 0.5 -1.8
v 0 0.6 -1.8
v 0.2 0.5 -1.8
v 0.3 0.5 -1.8
v 0.3 0.6 -1.8
v 0.5 0.5 -1.8
v 0.5 0.6 -1.8
v 0.6 0.5 -1.8
v 0.6 0.6 -1.8
v 0.8 0.5 -1.8
v 0.8 0.6 -1.8
v 0.9 0.5 -1.8
v 0.9 0.6 -1.8
v 1 0.5 -1.8
v 1.2 0.5 -1.8
v 1.2 0.6 -1.8
v 1.6 0.5 -1.8
v 1.7 0.5 -1.8
v 1.7 0.6 -1.8
v 1.8 0.5 -1.8
v 2.4 0.5 -1.8
v 2.6 0.5 -1.8
v 2.6 0.6 -1.8
v 3 0.5 -1.8
v 3 0.6 -1.8
v 3.2 0.5 -1.8
v 3.4 0.5 -1.8
v 3.5 0.5 -1.8
v 3.5 0.6 -1.8
v 4 0.5 -1.8
v 4.2 0.5 -1.8
v 4.8 0.5 -1.8
v 5 0.5 -1.8
v 5.6 0.5 -1.8
v 5.6 0.6 -1.8
v 0 0.1 -2.2
v 0 0.3 -2.2
v 0 0.5 -2.2
v 0 0.6 -2.2
v 0.2 0.3 -2.2
v 0.2 0.5 -2.2
v 0.2 0.6 -2.2
v 0.7 0.5 -2.2
v 0.7 0.6 -2.2
v 0.8 0.3 -2.2
v 0.8 0.5 -2.2
v 0.9 0.5 -2.2
v 0.9 0.6 -2.2
v 1 0.3 -2.2
v 1 0.5 -2.2
v 1.1 0.5 -2.2
v 1.1 0.6 -2.2
v 1.2 0.5 -2.2
v 1.2 0.6 -2.2
v 1.6 0.3 -2.2
v 1.6 0.5 -2.2
v 1.8 0.3 -2.2
v 1.8 0.5 -2.2
v 2.4 0.3 -2.2
v 2.4 0.5 -2.2
v 2.4 0.6 -2.2
v 2.6 0.3 -2.2
v 2.6 0.5 -2.2
v 3.2 0.3 -2.2
v 3.2 0.5 -2.2
v 3.4 0.3 -2.2
v 3.4 0.5 -2.2
v 3.4 0.6 -2.2
v 4 0.3 -2.2
v 4 0.5 -2.2
v 4 0.6 -2.2
v 4.2 0.3 -2.2
v 4.2 0.5 -2.2
v 4.2 0.6 -2.2
v 4.8 0.3 -2.2
v 4.8 0.5 -2.2
v 5 0.3 -2.2
v 5 0.5 -2.2
v 5 0.6 -2.2
v 5.3 0.5 -2.2
v 5.3 0.6 -2.2
v 5.5 0.5 -2.2
v 5.5 0.6 -2.2
v 5.6 0.1 -2.2
v 5.6 0.3 -2.2
v 5.6 0.5 -2.2
v 5.6 0.6 -2.2
v 4 0.5 -2.3
v 4 0.6 -2.3
v 4.1 0.5 -2.3
v 4.1 0.6 -2.3
v 0 0.5 -2.6
v 0 0.6 -2.6
v 0.1 0.5 -2.6
v 0.1 0.6 -2.6
v 0.2 0.5 -2.6
v 0.2 0.6 -2.6
v 0.6 0.5 -2.6
v 0.6 0.6 -2.6
v 0.8 0.5 -2.6
v 0.9 0.5 -2.6
v 0.9 0.6 -2.6
v 1 0.5 -2.6
v 1 0.6 -2.6
v 1.1 0.5 -2.6
v 1.1 0.6 -2.6
v 1.2 0.5 -2.6
v 1.2 0.6 -2.6
v 1.6 0.5 -2.6
v 1.8 0.5 -2.6
v 1.8 0.6 -2.6
v 2.4 0.5 -2.6
v 2.6 0.5 -2.6
v 3.2 0.5 -2.6
v 3.4 0.5 -2.6
v 3.8 0.5 -2.6
v 3.8 0.6 -2.6
v 4 0.5 -2.6
v 4 0.6 -2.6
v 4.2 0.5 -2.6
v 4.8 0.5 -2.6
v 4.8 0.6 -2.6
v 5 0.5 -2.6
v 5.4 0.5 -2.6
v 5.4 0.6 -2.6
v 5.6 0.5 -2.6
v 5.6 0.6 -2.6
v 0 0.5 -3
v 0 0.6 -3
v 0.2 0.5 -3
v 0.8 0.5 -3
v 1 0.5 -3
v 1.6 0.5 -3
v 1.8 0.5 -3
v 2.4 0.5 -3
v 2.6 0.5 -3
v 3 0.5 -3
v 3 0.6 -3
v 3.2 0.5 -3
v 3.4 0.5 -3
v 3.4 0.6 -3
v 4 0.5 -3
v 4 0.6 -3
v 4.1 0.5 -3
v 4.1 0.6 -3
v 4.2 0.5 -3
v 4.2 0.6 -3
v 4.8 0.5 -3
v 5 0.5 -3
v 5.5 0.5 -3
v 5.5 0.6 -3
v 5.6 0.5 -3
v 5.6 0.6 -3
v 0 0.5 -3.4
v 0 0.6 -3.4
v 0.2 0.5 -3.4
v 0.8 0.5 -3.4
v 0.8 0.6 -3.4
v 0.9 0.5 -3.4
v 0.9 0.6 -3.4
v 1 0.5 -3.4
v 1.6 0.5 -3.4
v 1.8 0.5 -3.4
v 2.4 0.5 -3.4
v 2.6 0.5 -3.4
v 3.2 0.5 -3.4
v 3.4 0.5 -3.4
v 4 0.5 -3.4
v 4.2 0.5 -3.4
v 4.8 0.5 -3.4
v 4.8 0.6 -3.4
v 4.9 0.5 -3.4
v 4.9 0.6 -3.4
v 5 0.5 -3.4
v 5.6 0.5 -3.4
v 5.6 0.6 -3.4
v 0.8 0.5 -3.6
v 0.8 0.6 -3.6
v 0.9 0.5 -3.6
v 0.9 0.6 -3.6
v 0 0.5 -3.8
v 0 0.6 -3.8
v 0.1 0.5 -3.8
v 0.2 0.5 -3.8
v 0.8 0.5 -3.8
v 1 0.5 -3.8
v 1.6 0.5 -3.8
v 1.8 0.5 -3.8
v 2.4 0.5 -3.8
v 2.6 0.5 -3.8
v 3 0.5 -3.8
v 3 0.6 -3.8
v 3.2 0.5 -3.8
v 3.3 0.5 -3.8
v 3.3 0.6 -3.8
v 3.4 0.5 -3.8
v 3.4 0.6 -3.8
v 4 0.5 -3.8
v 4 0.6 -3.8
v 4.1 0.5 -3.8
v 4.1 0.6 -3.8
v 4.2 0.5 -3.8
v 4.8 0.5 -3.8
v 5 0.5 -3.8
v 5.6 0.5 -3.8
v 5.6 0.6 -3.8
v 0 0.1 -4.2
v 0 0.3 -4.2
v 0 0.5 -4.2
v 0 0.6 -4.2
v 0.2 0.3 -4.2
v 0.2 0.5 -4.2
v 0.6 0.5 -4.2
v 0.6 0.6 -4.2
v 0.8 0.3 -4.2
v 0.8 0.5 -4.2
v 0.8 0.6 -4.2
v 0.9 0.5 -4.2
v 0.9 0.6 -4.2
v 1 0.3 -4.2
v 1 0.5 -4.2
v 1.1 0.5 -4.2
v 1.1 0.6 -4.2
v 1.6 0.3 -4.2
v 1.6 0.5 -4.2
v 1.7 0.3 -4.2
v 1.8 0.3 -4.2
v 1.8 0.5 -4.2
v 2.4 0.3 -4.2
v 2.4 0.5 -4.2
v 2.4 0.6 -4.2
v 2.5 0.3 -4.2
v 2.6 0.3 -4.2
v 2.6 0.5 -4.2
v 2.9 0.5 -4.2
v 2.9 0.6 -4.2
v 3.2 0.3 -4.2
v 3.2 0.5 -4.2
v 3.4 0.3 -4.2
v 3.4 0.5 -4.2
v 4 0.3 -4.2
v 4 0.5 -4.2
v 4.2 0.3 -4.2
v 4.2 0.5 -4.2
v 4.8 0.3 -4.2
v 4.8 0.5 -4.2
v 5 0.3 -4.2
v 5 0.5 -4.2
v 5.6 0.1 -4.2
v 5.6 0.3 -4.2
v 5.6 0.5 -4.2
v 5.6 0.6 -4.2
v 0.8 0.5 -4.4
v 0.8 0.6 -4.4
v 0.9 0.5 -4.4
v 0.9 0.6 -4.4
v 0 0.5 -4.6
v 0 0.6 -4.6
v 0.2 0.5 -4.6
v 0.8 0.5 -4.6
v 1 0.5 -4.6
v 1.4 0.5 -4.6
v 1.4 0.6 -4.6
v 1.6 0.5 -4.6
v 1.8 0.5 -4.6
v 2 0.5 -4.6
v 2 0.6 -4.6
v 2.4 0.5 -4.6
v 2.6 0.5 -4.6
v 3.2 0.5 -4.6
v 3.4 0.5 -4.6
v 4 0.5 -4.6
v 4.1 0.5 -4.6
v 4.1 0.6 -4.6
v 4.2 0.5 -4.6
v 4.2 0.6 -4.6
v 4.8 0.5 -4.6
v 5 0.5 -4.6
v 5.6 0.5 -4.6
v 5.6 0.6 -4.6
v 4 0.5 -4.8
v 4 0.6 -4.8
v 4.1 0.5 -4.8
v 4.1 0.6 -4.8
v 0 0.5 -5
v 0 0.6 -5
v 0.2 0.5 -5
v 0.8 0.5 -5
v 0.9 0.5 -5
v 0.9 0.6 -5
v 1 0.5 -5
v 1 0.6 -5
v 1.6 0.5 -5
v 1.8 0.5 -5
v 2.1 0.5 -5
v 2.1 0.6 -5
v 2.2 0.5 -5
v 2.2 0.6 -5
v 2.4 0.5 -5
v 2.6 0.5 -5
v 3 0.5 -5
v 3 0.6 -5
v 3.2 0.5 -5
v 3.4 0.5 -5
v 3.9 0.5 -5
v 3.9 0.6 -5
v 4 0.5 -5
v 4.2 0.5 -5
v 4.3 0.5 -5
v 4.3 0.6 -5
v 4.8 0.5 -5
v 5 0.5 -5
v 5.5 0.5 -5
v 5.5 0.6 -5
v 5.6 0.5 -5
v 5.6 0.6 -5
v 0 0.5 -5.4
v 0 0.6 -5.4
v 0.1 0.5 -5.4
v 0.1 0.6 -5.4
v 0.2 0.5 -5.4
v 0.8 0.5 -5.4
v 1 0.5 -5.4
v 1.6 0.5 -5.4
v 1.8 0.5 -5.4
v 2.3 0.5 -5.4
v 2.3 0.6 -5.4
v 2.4 0.5 -5.4
v 2.6 0.5 -5.4
v 2.9 0.5 -5.4
v 2.9 0.6 -5.4
v 3.2 0.5 -5.4
v 3.2 0.6 -5.4
v 3.4 0.5 -5.4
v 4 0.5 -5.4
v 4 0.6 -5.4
v 4.1 0.5 -5.4
v 4.1 0.6 -5.4
v 4.2 0.5 -5.4
v 4.4 0.5 -5.4
v 4.4 0.6 -5.4
v 4.5 0.5 -5.4
v 4.5 0.6 -5.4
v 4.8 0.5 -5.4
v 4.8 0.6 -5.4
v 5 0.5 -5.4
v 5.6 0.5 -5.4
v 5.6 0.6 -5.4
v 4 0.5 -5.5
v 4 0.6 -5.5
v 4.1 0.5 -5.5
v 4.1 0.6 -5.5
v 0 0.5 -5.8
v 0 0.6 -5.8
v 0.2 0.5 -5.8
v 0.3 0.5 -5.8
v 0.3 0.6 -5.8
v 0.4 0.1 -5.8
v 0.4 0.3 -5.8
v 0.4 0.5 -5.8
v 0.4 0.6 -5.8
v 0.7 0.5 -5.8
v 0.7 0.6 -5.8
v 0.8 0.3 -5.8
v 0.8 0.5 -5.8
v 0.9 0.5 -5.8
v 0.9 0.6 -5.8
v 1 0.3 -5.8
v 1 0.5 -5.8
v 1 0.6 -5.8
v 1.3 0.5 -5.8
v 1.3 0.6 -5.8
v 1.6 0.3 -5.8
v 1.6 0.5 -5.8
v 1.6 0.6 -5.8
v 1.8 0.3 -5.8
v 1.8 0.5 -5.8
v 1.8 0.6 -5.8
v 2.2 0.5 -5.8
v 2.2 0.6 -5.8
v 2.4 0.3 -5.8
v 2.4 0.5 -5.8
v 2.6 0.3 -5.8
v 2.6 0.5 -5.8
v 2.7 0.5 -5.8
v 2.7 0.6 -5.8
v 2.8 0.5 -5.8
v 2.8 0.6 -5.8
v 3.2 0.3 -5.8
v 3.2 0.5 -5.8
v 3.4 0.3 -5.8
v 3.4 0.5 -5.8
v 4 0.3 -5.8
v 4 0.5 -5.8
v 4.1 0.5 -5.8
v 4.1 0.6 -5.8
v 4.2 0.3 -5.8
v 4.2 0.5 -5.8
v 4.3 0.5 -5.8
v 4.3 0.6 -5.8
v 4.8 0.3 -5.8
v 4.8 0.5 -5.8
v 5 0.3 -5.8
v 5 0.5 -5.8
v 5.6 0.1 -5.8
v 5.6 0.3 -5.8
v 5.6 0.5 -5.8
v 5.6 0.6 -5.8
v 0 0.1 -6
v 0 0.3 -6
v 0.2 0.3 -6
v 0.4 0.1 -6
v 0.4 0.3 -6
v 0 0.1 -0.3
v 0 0.3 -0.3
v 0.2 0.3 -0.3
v 0.8 0.3 -0.3
v 0.8 0.5 -0.3
v 0.8 0.6 -0.3
v 0.9 0.5 -0.3
v 0.9 0.6 -0.3
v 1 0.3 -0.3
v 1.6 0.3 -0.3
v 1.8 0.3 -0.3
v 2.4 0.3 -0.3
v 2.6 0.3 -0.3
v 3.2 0.3 -0.3
v 3.4 0.3 -0.3
v 4 0.3 -0.3
v 4.2 0.3 -0.3
v 4.8 0.3 -0.3
v 5 0.3 -0.3
v 5.6 0.1 -0.3
v 5.6 0.3 -0.3
v 0 0.5 -0.4
v 0 0.6 -0.4
v 0.2 0.5 -0.4
v 0.4 0.5 -0.4
v 0.4 0.6 -0.4
v 0.8 0.5 -0.4
v 0.8 0.6 -0.4
v 1 0.5 -0.4
v 1 0.6 -0.4
v 1.1 0.5 -0.4
v 1.1 0.6 -0.4
v 1.6 0.5 -0.4
v 1.8 0.5 -0.4
v 2.4 0.5 -0.4
v 2.6 0.5 -0.4
v 2.7 0.5 -0.4
v 2.7 0.6 -0.4
v 2.9 0.5 -0.4
v 2.9 0.6 -0.4
v 3.2 0.5 -0.4
v 3.4 0.5 -0.4
v 3.7 0.5 -0.4
v 3.7 0.6 -0.4
v 4 0.5 -0.4
v 4 0.6 -0.4
v 4.2 0.5 -0.4
v 4.2 0.6 -0.4
v 4.8 0.5 -0.4
v 4.9 0.5 -0.4
v 4.9 0.6 -0.4
v 5 0.5 -0.4
v 5.6 0.5 -0.4
v 5.6 0.6 -0.4
v 4.1 0.5 -0.7
v 4.1 0.6 -0.7
v 4.2 0.5 -0.7
v 4.2 0.6 -0.7
v 0 0.5 -0.8
v 0 0.6 -0.8
v 0.2 0.5 -0.8
v 0.5 0.5 -0.8
v 0.5 0.6 -0.8
v 0.8 0.5 -0.8
v 1 0.5 -0.8
v 1.1 0.5 -0.8
v 1.1 0.6 -0.8
v 1.2 0.5 -0.8
v 1.2 0.6 -0.8
v 1.6 0.5 -0.8
v 1.8 0.5 -0.8
v 1.9 0.5 -0.8
v 1.9 0.6 -0.8
v 2.1 0.5 -0.8
v 2.1 0.6 -0.8
v 2.3 0.5 -0.8
v 2.3 0.6 -0.8
v 2.4 0.5 -0.8
v 2.5 0.5 -0.8
v 2.5 0.6 -0.8
v 2.6 0.5 -0.8
v 3.2 0.5 -0.8
v 3.3 0.5 -0.8
v 3.3 0.6 -0.8
v 3.4 0.5 -0.8
v 3.4 0.6 -0.8
v 4 0.5 -0.8
v 4.1 0.5 -0.8
v 4.1 0.6 -0.8
v 4.2 0.5 -0.8
v 4.2 0.6 -0.8
v 4.8 0.5 -0.8
v 5 0.5 -0.8
v 5.1 0.5 -0.8
v 5.1 0.6 -0.8
v 5.6 0.5 -0.8
v 5.6 0.6 -0.8
v 0 0.5 -1.3
v 0 0.6 -1.3
v 0.2 0.5 -1.3
v 0.5 0.5 -1.3
v 0.5 0.6 -1.3
v 0.8 0.5 -1.3
v 0.8 0.6 -1.3
v 0.9 0.5 -1.3
v 0.9 0.6 -1.3
v 1 0.5 -1.3
v 1.6 0.5 -1.3
v 1.6 0.6 -1.3
v 1.8 0.5 -1.3
v 2 0.5 -1.3
v 2 0.6 -1.3
v 2.4 0.5 -1.3
v 2.6 0.5 -1.3
v 2.9 0.5 -1.3
v 2.9 0.6 -1.3
v 3.2 0.5 -1.3
v 3.4 0.5 -1.3
v 3.8 0.5 -1.3
v 3.8 0.6 -1.3
v 4 0.5 -1.3
v 4 0.6 -1.3
v 4.1 0.5 -1.3
v 4.1 0.6 -1.3
v 4.2 0.5 -1.3
v 4.8 0.5 -1.3
v 5 0.5 -1.3
v 5.4 0.5 -1.3
v 5.4 0.6 -1.3
v 5.6 0.5 -1.3
v 5.6 0.6 -1.3
v 0 0.5 -1.7
v 0 0.6 -1.7
v 0.2 0.5 -1.7
v 0.2 0.6 -1.7
v 0.8 0.5 -1.7
v 1 0.5 -1.7
v 1.2 0.5 -1.7
v 1.2 0.6 -1.7
v 1.3 0.5 -1.7
v 1.3 0.6 -1.7
v 1.6 0.5 -1.7
v 1.8 0.5 -1.7
v 1.9 0.5 -1.7
v 1.9 0.6 -1.7
v 2.3 0.5 -1.7
v 2.3 0.6 -1.7
v 2.4 0.5 -1.7
v 2.4 0.6 -1.7
v 2.6 0.5 -1.7
v 2.6 0.6 -1.7
v 3.1 0.5 -1.7
v 3.1 0.6 -1.7
v 3.2 0.5 -1.7
v 3.4 0.5 -1.7
v 4 0.5 -1.7
v 4.1 0.5 -1.7
v 4.1 0.6 -1.7
v 4.2 0.5 -1.7
v 4.2 0.6 -1.7
v 4.8 0.5 -1.7
v 5 0.5 -1.7
v 5.4 0.5 -1.7
v 5.4 0.6 -1.7
v 5.6 0.5 -1.7
v 5.6 0.6 -1.7
v 0 0.5 -2.1
v 0 0.6 -2.1
v 0.2 0.5 -2.1
v 0.8 0.5 -2.1
v 0.8 0.6 -2.1
v 0.9 0.5 -2.1
v 0.9 0.6 -2.1
v 1 0.5 -2.1
v 1.6 0.5 -2.1
v 1.8 0.5 -2.1
v 2 0.5 -2.1
v 2 0.6 -2.1
v 2.4 0.5 -2.1
v 2.6 0.5 -2.1
v 3 0.5 -2.1
v 3 0.6 -2.1
v 3.2 0.5 -2.1
v 3.4 0.5 -2.1
v 4 0.5 -2.1
v 4.1 0.5 -2.1
v 4.1 0.6 -2.1
v 4.2 0.5 -2.1
v 4.8 0.5 -2.1
v 5 0.5 -2.1
v 5.6 0.5 -2.1
v 5.6 0.6 -2.1
v 0 0.1 -2.5
v 0 0.3 -2.5
v 0 0.5 -2.5
v 0 0.6 -2.5
v 0.1 0.5 -2.5
v 0.1 0.6 -2.5
v 0.2 0.3 -2.5
v 0.2 0.5 -2.5
v 0.8 0.3 -2.5
v 0.8 0.5 -2.5
v 0.8 0.6 -2.5
v 0.9 0.5 -2.5
v 0.9 0.6 -2.5
v 1 0.3 -2.5
v 1 0.5 -2.5
v 1.4 0.5 -2.5
v 1.4 0.6 -2.5
v 1.6 0.3 -2.5
v 1.6 0.5 -2.5
v 1.8 0.3 -2.5
v 1.8 0.5 -2.5
v 2.3 0.5 -2.5
v 2.3 0.6 -2.5
v 2.4 0.3 -2.5
v 2.4 0.5 -2.5
v 2.6 0.3 -2.5
v 2.6 0.5 -2.5
v 2.8 0.5 -2.5
v 2.8 0.6 -2.5
v 3 0.5 -2.5
v 3 0.6 -2.5
v 3.2 0.3 -2.5
v 3.2 0.5 -2.5
v 3.4 0.3 -2.5
v 3.4 0.5 -2.5
v 4 0.3 -2.5
v 4 0.5 -2.5
v 4 0.6 -2.5
v 4.1 0.5 -2.5
v 4.1 0.6 -2.5
v 4.2 0.3 -2.5
v 4.2 0.5 -2.5
v 4.2 0.6 -2.5
v 4.3 0.5 -2.5
v 4.3 0.6 -2.5
v 4.8 0.3 -2.5
v 4.8 0.5 -2.5
v 5 0.3 -2.5
v 5 0.5 -2.5
v 5.6 0.1 -2.5
v 5.6 0.3 -2.5
v 5.6 0.5 -2.5
v 5.6 0.6 -2.5
v 0 0.5 -2.9
v 0 0.6 -2.9
v 0.2 0.5 -2.9
v 0.5 0.5 -2.9
v 0.5 0.6 -2.9
v 0.6 0.5 -2.9
v 0.6 0.6 -2.9
v 0.8 0.5 -2.9
v 0.9 0.5 -2.9
v 0.9 0.6 -2.9
v 1 0.5 -2.9
v 1 0.6 -2.9
v 1.6 0.5 -2.9
v 1.8 0.5 -2.9
v 2.3 0.5 -2.9
v 2.3 0.6 -2.9
v 2.4 0.5 -2.9
v 2.6 0.5 -2.9
v 3 0.5 -2.9
v 3 0.6 -2.9
v 3.2 0.5 -2.9
v 3.4 0.5 -2.9
v 3.6 0.5 -2.9
v 3.6 0.6 -2.9
v 4 0.5 -2.9
v 4 0.6 -2.9
v 4.2 0.5 -2.9
v 4.8 0.5 -2.9
v 5 0.5 -2.9
v 5.6 0.5 -2.9
v 5.6 0.6 -2.9
v 0 0.5 -3.3
v 0 0.6 -3.3
v 0.2 0.5 -3.3
v 0.8 0.5 -3.3
v 1 0.5 -3.3
v 1.6 0.5 -3.3
v 1.8 0.5 -3.3
v 2.4 0.5 -3.3
v 2.6 0.5 -3.3
v 3.2 0.5 -3.3
v 3.3 0.5 -3.3
v 3.3 0.6 -3.3
v 3.4 0.5 -3.3
v 3.7 0.5 -3.3
v 3.7 0.6 -3.3
v 3.8 0.5 -3.3
v 3.8 0.6 -3.3
v 4 0.5 -3.3
v 4 0.6 -3.3
v 4.1 0.5 -3.3
v 4.1 0.6 -3.3
v 4.2 0.5 -3.3
v 4.8 0.5 -3.3
v 5 0.5 -3.3
v 5.6 0.5 -3.3
v 5.6 0.6 -3.3
v 0.9 0.5 -3.5
v 0.9 0.6 -3.5
v 1 0.5 -3.5
v 1 0.6 -3.5
v 0 0.5 -3.7
v 0 0.6 -3.7
v 0.1 0.5 -3.7
v 0.2 0.5 -3.7
v 0.8 0.5 -3.7
v 0.9 0.5 -3.7
v 0.9 0.6 -3.7
v 1 0.5 -3.7
v 1 0.6 -3.7
v 1.6 0.5 -3.7
v 1.8 0.5 -3.7
v 2 0.5 -3.7
v 2 0.6 -3.7
v 2.4 0.5 -3.7
v 2.6 0.5 -3.7
v 2.8 0.5 -3.7
v 2.8 0.6 -3.7
v 3.2 0.5 -3.7
v 3.3 0.5 -3.7
v 3.4 0.5 -3.7
v 3.4 0.6 -3.7
v 4 0.5 -3.7
v 4.2 0.5 -3.7
v 4.2 0.6 -3.7
v 4.8 0.5 -3.7
v 5 0.5 -3.7
v 5.1 0.5 -3.7
v 5.1 0.6 -3.7
v 5.6 0.5 -3.7
v 5.6 0.6 -3.7
v 4.1 0.5 -4
v 4.1 0.6 -4
v 4.2 0.5 -4
v 4.2 0.6 -4
v 0 0.5 -4.1
v 0 0.6 -4.1
v 0.2 0.5 -4.1
v 0.5 0.5 -4.1
v 0.5 0.6 -4.1
v 0.8 0.5 -4.1
v 1 0.5 -4.1
v 1.6 0.5 -4.1
v 1.6 0.6 -4.1
v 1.8 0.5 -4.1
v 2.4 0.5 -4.1
v 2.4 0.6 -4.1
v 2.6 0.5 -4.1
v 3.2 0.5 -4.1
v 3.4 0.5 -4.1
v 3.6 0.5 -4.1
v 3.6 0.6 -4.1
v 4 0.5 -4.1
v 4 0.6 -4.1
v 4.2 0.5 -4.1
v 4.2 0.6 -4.1
v 4.8 0.5 -4.1
v 5 0.5 -4.1
v 5.6 0.5 -4.1
v 5.6 0.6 -4.1
v 0.9 0.5 -4.4
v 0.9 0.6 -4.4
v 1 0.5 -4.4
v 1 0.6 -4.4
v 0 0.1 -4.5
v 0 0.3 -4.5
v 0 0.5 -4.5
v 0 0.6 -4.5
v 0.2 0.3 -4.5
v 0.2 0.5 -4.5
v 0.8 0.3 -4.5
v 0.8 0.5 -4.5
v 0.8 0.6 -4.5
v 0.9 0.5 -4.5
v 0.9 0.6 -4.5
v 1 0.3 -4.5
v 1 0.5 -4.5
v 1 0.6 -4.5
v 1.6 0.3 -4.5
v 1.6 0.5 -4.5
v 1.8 0.3 -4.5
v 1.8 0.5 -4.5
v 2.1 0.5 -4.5
v 2.1 0.6 -4.5
v 2.2 0.5 -4.5
v 2.2 0.6 -4.5
v 2.4 0.3 -4.5
v 2.4 0.5 -4.5
v 2.6 0.3 -4.5
v 2.6 0.5 -4.5
v 2.6 0.6 -4.5
v 3.2 0.3 -4.5
v 3.2 0.5 -4.5
v 3.4 0.3 -4.5
v 3.4 0.5 -4.5
v 4 0.3 -4.5
v 4 0.5 -4.5
v 4.2 0.3 -4.5
v 4.2 0.5 -4.5
v 4.6 0.5 -4.5
v 4.6 0.6 -4.5
v 4.8 0.3 -4.5
v 4.8 0.5 -4.5
v 5 0.3 -4.5
v 5 0.5 -4.5
v 5.6 0.1 -4.5
v 5.6 0.3 -4.5
v 5.6 0.5 -4.5
v 5.6 0.6 -4.5
v 4 0.5 -4.7
v 4 0.6 -4.7
v 4.1 0.5 -4.7
v 4.1 0.6 -4.7
v 0 0.5 -4.9
v 0 0.6 -4.9
v 0.2 0.5 -4.9
v 0.5 0.5 -4.9
v 0.5 0.6 -4.9
v 0.8 0.5 -4.9
v 1 0.5 -4.9
v 1.5 0.5 -4.9
v 1.5 0.6 -4.9
v 1.6 0.5 -4.9
v 1.8 0.5 -4.9
v 2.4 0.5 -4.9
v 2.6 0.5 -4.9
v 3 0.5 -4.9
v 3 0.6 -4.9
v 3.2 0.5 -4.9
v 3.4 0.5 -4.9
v 4 0.5 -4.9
v 4 0.6 -4.9
v 4.1 0.5 -4.9
v 4.1 0.6 -4.9
v 4.2 0.5 -4.9
v 4.2 0.6 -4.9
v 4.3 0.5 -4.9
v 4.3 0.6 -4.9
v 4.8 0.5 -4.9
v 4.8 0.6 -4.9
v 5 0.5 -4.9
v 5.6 0.5 -4.9
v 5.6 0.6 -4.9
v 0 0.5 -5.3
v 0 0.6 -5.3
v 0.2 0.5 -5.3
v 0.8 0.5 -5.3
v 0.9 0.5 -5.3
v 0.9 0.6 -5.3
v 1 0.5 -5.3
v 1 0.6 -5.3
v 1.3 0.5 -5.3
v 1.3 0.6 -5.3
v 1.6 0.5 -5.3
v 1.8 0.5 -5.3
v 2.4 0.5 -5.3
v 2.6 0.5 -5.3
v 3.2 0.5 -5.3
v 3.4 0.5 -5.3
v 3.5 0.5 -5.3
v 3.5 0.6 -5.3
v 4 0.5 -5.3
v 4.2 0.5 -5.3
v 4.8 0.5 -5.3
v 5 0.5 -5.3
v 5.6 0.5 -5.3
v 5.6 0.6 -5.3
v 4.1 0.5 -5.5
v 4.1 0.6 -5.5
v 4.2 0.5 -5.5
v 4.2 0.6 -5.5
v 0 0.5 -5.7
v 0 0.6 -5.7
v 0.2 0.5 -5.7
v 0.2 0.6 -5.7
v 0.8 0.5 -5.7
v 1 0.5 -5.7
v 1.4 0.5 -5.7
v 1.4 0.6 -5.7
v 1.6 0.5 -5.7
v 1.7 0.5 -5.7
v 1.7 0.6 -5.7
v 1.8 0.5 -5.7
v 2.4 0.5 -5.7
v 2.6 0.5 -5.7
v 3.2 0.5 -5.7
v 3.4 0.5 -5.7
v 4 0.5 -5.7
v 4 0.6 -5.7
v 4.1 0.5 -5.7
v 4.1 0.6 -5.7
v 4.2 0.5 -5.7
v 4.2 0.6 -5.7
v 4.5 0.5 -5.7
v 4.5 0.6 -5.7
v 4.6 0.5 -5.7
v 4.6 0.6 -5.7
v 4.7 0.5 -5.7
v 4.7 0.6 -5.7
v 4.8 0.5 -5.7
v 5 0.5 -5.7
v 5.1 0.5 -5.7
v 5.1 0.6 -5.7
v 5.3 0.5 -5.7
v 5.3 0.6 -5.7
v 5.6 0.5 -5.7
v 5.6 0.6 -5.7
v 0.8 0.5 -6
v 0.8 0.6 -6
v 0.9 0.5 -6
v 0.9 0.6 -6
v 0 0 -6.1
v 0 0.3 -6.1
v 0 0.5 -6.1
v 0 0.6 -6.1
v 0.2 0.3 -6.1
v 0.2 0.5 -6.1
v 0.4 0.5 -6.1
v 0.4 0.6 -6.1
v 0.8 0.3 -6.1
v 0.8 0.5 -6.1
v 0.8 0.6 -6.1
v 1 0.3 -6.1
v 1 0.5 -6.1
v 1 0.6 -6.1
v 1.1 0.5 -6.1
v 1.1 0.6 -6.1
v 1.6 0.3 -6.1
v 1.6 0.5 -6.1
v 1.8 0.3 -6.1
v 1.8 0.5 -6.1
v 2.4 0.3 -6.1
v 2.4 0.5 -6.1
v 2.6 0.3 -6.1
v 2.6 0.5 -6.1
v 2.7 0.5 -6.1
v 2.7 0.6 -6.1
v 2.9 0.5 -6.1
v 2.9 0.6 -6.1
v 3.2 0.3 -6.1
v 3.2 0.5 -6.1
v 3.4 0.3 -6.1
v 3.4 0.5 -6.1
v 3.7 0.5 -6.1
v 3.7 0.6 -6.1
v 4 0.3 -6.1
v 4 0.5 -6.1
v 4 0.6 -6.1
v 4.1 0.5 -6.1
v 4.1 0.6 -6.1
v 4.2 0.3 -6.1
v 4.2 0.5 -6.1
v 4.8 0.3 -6.1
v 4.8 0.5 -6.1
v 5 0.3 -6.1
v 5 0.5 -6.1
v 5.3 0.5 -6.1
v 5.3 0.6 -6.1
v 5.6 0 -6.1
v 5.6 0.3 -6.1
v 5.6 0.5 -6.1
v 5.6 0.6 -6.1
v 0 0 0
v 5.6 0 0
v 0 0 -6.1
v 5.6 0 -6.1
v 0 0.3 -0.3
v 0.2 0.3 -0.3
v 0.8 0.3 -0.3
v 1 0.3 -0.3
v 1.6 0.3 -0.3
v 1.8 0.3 -0.3
v 2.4 0.3 -0.3
v 2.6 0.3 -0.3
v 3.2 0.3 -0.3
v 3.4 0.3 -0.3
v 4 0.3 -0.3
v 4.2 0.3 -0.3
v 4.8 0.3 -0.3
v 5 0.3 -0.3
v 0 0.3 -2.2
v 0.2 0.3 -2.2
v 0.8 0.3 -2.2
v 1 0.3 -2.2
v 1.6 0.3 -2.2
v 1.8 0.3 -2.2
v 2.4 0.3 -2.2
v 2.6 0.3 -2.2
v 3.2 0.3 -2.2
v 3.4 0.3 -2.2
v 4 0.3 -2.2
v 4.2 0.3 -2.2
v 4.8 0.3 -2.2
v 5 0.3 -2.2
v 0 0.3 -2.5
v 0.2 0.3 -2.5
v 0.8 0.3 -2.5
v 1 0.3 -2.5
v 1.6 0.3 -2.5
v 1.8 0.3 -2.5
v 2.4 0.3 -2.5
v 2.6 0.3 -2.5
v 3.2 0.3 -2.5
v 3.4 0.3 -2.5
v 4 0.3 -2.5
v 4.2 0.3 -2.5
v 4.8 0.3 -2.5
v 5 0.3 -2.5
v 4 0.3 -3.6
v 4.1 0.3 -3.6
v 0.8 0.3 -3.7
v 0.9 0.3 -3.7
v 0.8 0.3 -3.8
v 0.9 0.3 -3.8
v 4 0.3 -3.8
v 4.1 0.3 -3.8
v 1.6 0.3 -4.1
v 1.7 0.3 -4.1
v 2.4 0.3 -4.1
v 2.5 0.3 -4.1
v 0 0.3 -4.2
v 0.2 0.3 -4.2
v 0.8 0.3 -4.2
v 1 0.3 -4.2
v 1.6 0.3 -4.2
v 1.7 0.3 -4.2
v 1.8 0.3 -4.2
v 2.4 0.3 -4.2
v 2.5 0.3 -4.2
v 2.6 0.3 -4.2
v 3.2 0.3 -4.2
v 3.4 0.3 -4.2
v 4 0.3 -4.2
v 4.2 0.3 -4.2
v 4.8 0.3 -4.2
v 5 0.3 -4.2
v 0 0.3 -4.5
v 0.2 0.3 -4.5
v 0.8 0.3 -4.5
v 1 0.3 -4.5
v 1.6 0.3 -4.5
v 1.8 0.3 -4.5
v 2.4 0.3 -4.5
v 2.6 0.3 -4.5
v 3.2 0.3 -4.5
v 3.4 0.3 -4.5
v 4 0.3 -4.5
v 4.2 0.3 -4.5
v 4.8 0.3 -4.5
v 5 0.3 -4.5
v 0.8 0.3 -5.8
v 1 0.3 -5.8
v 1.6 0.3 -5.8
v 1.8 0.3 -5.8
v 2.4 0.3 -5.8
v 2.6 0.3 -5.8
v 3.2 0.3 -5.8
v 3.4 0.3 -5.8
v 4 0.3 -5.8
v 4.2 0.3 -5.8
v 4.8 0.3 -5.8
v 5 0.3 -5.8
v 0 0.3 -6
v 0.2 0.3 -6
v 0.2 0.5 -0.1
v 0.3 0.5 -0.1
v 0.7 0.5 -0.1
v 0.8 0.5 -0.1
v 1 0.5 -0.1
v 1.3 0.5 -0.1
v 1.6 0.5 -0.1
v 1.8 0.5 -0.1
v 2.4 0.5 -0.1
v 2.6 0.5 -0.1
v 2.7 0.5 -0.1
v 3.1 0.5 -0.1
v 3.2 0.5 -0.1
v 3.4 0.5 -0.1
v 3.8 0.5 -0.1
v 3.9 0.5 -0.1
v 4 0.5 -0.1
v 4.2 0.5 -0.1
v 4.3 0.5 -0.1
v 4.8 0.5 -0.1
v 5 0.5 -0.1
v 5.6 0.5 -0.1
v 0.2 0.5 -0.2
v 0.3 0.5 -0.2
v 0.7 0.5 -0.2
v 1 0.5 -0.2
v 1.3 0.5 -0.2
v 1.5 0.5 -0.2
v 1.8 0.5 -0.2
v 2.4 0.5 -0.2
v 2.6 0.5 -0.2
v 2.7 0.5 -0.2
v 3.1 0.5 -0.2
v 3.2 0.5 -0.2
v 3.4 0.5 -0.2
v 3.8 0.5 -0.2
v 4.3 0.5 -0.2
v 4.5 0.5 -0.2
v 4.6 0.5 -0.2
v 4.8 0.5 -0.2
v 5 0.5 -0.2
v 5.6 0.5 -0.2
v 0.2 0.5 -0.3
v 0.3 0.5 -0.3
v 0.4 0.5 -0.3
v 0.8 0.5 -0.3
v 1 0.5 -0.3
v 1.1 0.5 -0.3
v 1.5 0.5 -0.3
v 1.6 0.5 -0.3
v 1.8 0.5 -0.3
v 2.4 0.5 -0.3
v 2.6 0.5 -0.3
v 2.7 0.5 -0.3
v 2.9 0.5 -0.3
v 3.1 0.5 -0.3
v 3.2 0.5 -0.3
v 3.4 0.5 -0.3
v 3.7 0.5 -0.3
v 3.9 0.5 -0.3
v 4 0.5 -0.3
v 4.5 0.5 -0.3
v 4.6 0.5 -0.3
v 5 0.5 -0.3
v 5.6 0.5 -0.3
v 0.2 0.5 -0.4
v 0.4 0.5 -0.4
v 0.8 0.5 -0.4
v 1 0.5 -0.4
v 1.1 0.5 -0.4
v 1.6 0.5 -0.4
v 1.8 0.5 -0.4
v 2.4 0.5 -0.4
v 2.6 0.5 -0.4
v 2.7 0.5 -0.4
v 2.9 0.5 -0.4
v 3.2 0.5 -0.4
v 3.4 0.5 -0.4
v 3.7 0.5 -0.4
v 4 0.5 -0.4
v 4.2 0.5 -0.4
v 4.8 0.5 -0.4
v 5 0.5 -0.4
v 5.6 0.5 -0.4
v 0.2 0.5 -0.5
v 0.8 0.5 -0.5
v 1 0.5 -0.5
v 1.1 0.5 -0.5
v 1.4 0.5 -0.5
v 1.6 0.5 -0.5
v 1.8 0.5 -0.5
v 2.3 0.5 -0.5
v 2.4 0.5 -0.5
v 2.6 0.5 -0.5
v 2.7 0.5 -0.5
v 2.9 0.5 -0.5
v 3.2 0.5 -0.5
v 3.4 0.5 -0.5
v 3.6 0.5 -0.5
v 3.7 0.5 -0.5
v 3.9 0.5 -0.5
v 4 0.5 -0.5
v 4.2 0.5 -0.5
v 4.8 0.5 -0.5
v 5 0.5 -0.5
v 5.3 0.5 -0.5
v 5.6 0.5 -0.5
v 0.2 0.5 -0.6
v 0.5 0.5 -0.6
v 1 0.5 -0.6
v 1.1 0.5 -0.6
v 1.2 0.5 -0.6
v 1.4 0.5 -0.6
v 1.8 0.5 -0.6
v 1.9 0.5 -0.6
v 2.2 0.5 -0.6
v 2.3 0.5 -0.6
v 2.7 0.5 -0.6
v 2.9 0.5 -0.6
v 3 0.5 -0.6
v 3.2 0.5 -0.6
v 3.4 0.5 -0.6
v 3.6 0.5 -0.6
v 3.7 0.5 -0.6
v 3.9 0.5 -0.6
v 5 0.5 -0.6
v 5.1 0.5 -0.6
v 5.3 0.5 -0.6
v 5.6 0.5 -0.6
v 0.2 0.5 -0.7
v 0.5 0.5 -0.7
v 0.8 0.5 -0.7
v 1.1 0.5 -0.7
v 1.2 0.5 -0.7
v 1.6 0.5 -0.7
v 1.8 0.5 -0.7
v 1.9 0.5 -0.7
v 2.1 0.5 -0.7
v 2.2 0.5 -0.7
v 2.6 0.5 -0.7
v 3 0.5 -0.7
v 3.4 0.5 -0.7
v 4 0.5 -0.7
v 4.2 0.5 -0.7
v 4.8 0.5 -0.7
v 5 0.5 -0.7
v 5.1 0.5 -0.7
v 5.6 0.5 -0.7
v 0.2 0.5 -0.8
v 0.5 0.5 -0.8
v 0.8 0.5 -0.8
v 1 0.5 -0.8
v 1.1 0.5 -0.8
v 1.2 0.5 -0.8
v 1.6 0.5 -0.8
v 1.8 0.5 -0.8
v 1.9 0.5 -0.8
v 2.1 0.5 -0.8
v 2.3 0.5 -0.8
v 2.4 0.5 -0.8
v 2.6 0.5 -0.8
v 3.2 0.5 -0.8
v 3.4 0.5 -0.8
v 4 0.5 -0.8
v 4.2 0.5 -0.8
v 4.8 0.5 -0.8
v 5 0.5 -0.8
v 5.1 0.5 -0.8
v 5.6 0.5 -0.8
v 0.2 0.5 -0.9
v 0.3 0.5 -0.9
v 0.8 0.5 -0.9
v 1 0.5 -0.9
v 1.6 0.5 -0.9
v 1.8 0.5 -0.9
v 2.4 0.5 -0.9
v 2.6 0.5 -0.9
v 3.2 0.5 -0.9
v 3.4 0.5 -0.9
v 4 0.5 -0.9
v 4.2 0.5 -0.9
v 4.8 0.5 -0.9
v 5 0.5 -0.9
v 5.2 0.5 -0.9
v 5.6 0.5 -0.9
v 0.2 0.5 -1
v 0.3 0.5 -1
v 0.8 0.5 -1
v 1 0.5 -1
v 1.1 0.5 -1
v 1.6 0.5 -1
v 1.8 0.5 -1
v 2.4 0.5 -1
v 2.6 0.5 -1
v 2.8 0.5 -1
v 3.2 0.5 -1
v 3.6 0.5 -1
v 4 0.5 -1
v 4.2 0.5 -1
v 4.8 0.5 -1
v 5 0.5 -1
v 5.2 0.5 -1
v 5.6 0.5 -1
v 0.2 0.5 -1.1
v 0.8 0.5 -1.1
v 1 0.5 -1.1
v 1.1 0.5 -1.1
v 1.5 0.5 -1.1
v 1.6 0.5 -1.1
v 1.8 0.5 -1.1
v 2.3 0.5 -1.1
v 2.4 0.5 -1.1
v 2.6 0.5 -1.1
v 2.8 0.5 -1.1
v 2.9 0.5 -1.1
v 3 0.5 -1.1
v 3.2 0.5 -1.1
v 3.4 0.5 -1.1
v 3.5 0.5 -1.1
v 4.2 0.5 -1.1
v 4.8 0.5 -1.1
v 5.2 0.5 -1.1
v 5.5 0.5 -1.1
v 0.2 0.5 -1.2
v 0.5 0.5 -1.2
v 0.8 0.5 -1.2
v 1 0.5 -1.2
v 1.5 0.5 -1.2
v 2 0.5 -1.2
v 2.3 0.5 -1.2
v 2.4 0.5 -1.2
v 2.6 0.5 -1.2
v 2.9 0.5 -1.2
v 3 0.5 -1.2
v 3.2 0.5 -1.2
v 3.4 0.5 -1.2
v 3.5 0.5 -1.2
v 3.6 0.5 -1.2
v 3.8 0.5 -1.2
v 4.2 0.5 -1.2
v 4.8 0.5 -1.2
v 5 0.5 -1.2
v 5.4 0.5 -1.2
v 5.5 0.5 -1.2
v 5.6 0.5 -1.2
v 0.2 0.5 -1.3
v 0.5 0.5 -1.3
v 0.8 0.5 -1.3
v 1 0.5 -1.3
v 1.6 0.5 -1.3
v 1.8 0.5 -1.3
v 2 0.5 -1.3
v 2.4 0.5 -1.3
v 2.6 0.5 -1.3
v 2.9 0.5 -1.3
v 3.2 0.5 -1.3
v 3.4 0.5 -1.3
v 3.8 0.5 -1.3
v 4 0.5 -1.3
v 4.2 0.5 -1.3
v 4.8 0.5 -1.3
v 5 0.5 -1.3
v 5.4 0.5 -1.3
v 5.6 0.5 -1.3
v 0.2 0.5 -1.4
v 0.8 0.5 -1.4
v 1 0.5 -1.4
v 1.4 0.5 -1.4
v 1.5 0.5 -1.4
v 1.6 0.5 -1.4
v 1.8 0.5 -1.4
v 1.9 0.5 -1.4
v 2.4 0.5 -1.4
v 2.6 0.5 -1.4
v 3.2 0.5 -1.4
v 3.4 0.5 -1.4
v 3.9 0.5 -1.4
v 4 0.5 -1.4
v 4.2 0.5 -1.4
v 4.8 0.5 -1.4
v 5 0.5 -1.4
v 5.6 0.5 -1.4
v 0.2 0.5 -1.5
v 0.3 0.5 -1.5
v 0.8 0.5 -1.5
v 1 0.5 -1.5
v 1.1 0.5 -1.5
v 1.3 0.5 -1.5
v 1.4 0.5 -1.5
v 1.5 0.5 -1.5
v 1.6 0.5 -1.5
v 1.9 0.5 -1.5
v 2.4 0.5 -1.5
v 2.6 0.5 -1.5
v 3.2 0.5 -1.5
v 3.4 0.5 -1.5
v 3.9 0.5 -1.5
v 4.7 0.5 -1.5
v 4.8 0.5 -1.5
v 5 0.5 -1.5
v 5.6 0.5 -1.5
v 0.3 0.5 -1.6
v 0.8 0.5 -1.6
v 1 0.5 -1.6
v 1.1 0.5 -1.6
v 1.2 0.5 -1.6
v 1.3 0.5 -1.6
v 1.6 0.5 -1.6
v 1.9 0.5 -1.6
v 2.3 0.5 -1.6
v 2.4 0.5 -1.6
v 2.6 0.5 -1.6
v 3.1 0.5 -1.6
v 3.2 0.5 -1.6
v 3.4 0.5 -1.6
v 4 0.5 -1.6
v 4.2 0.5 -1.6
v 4.7 0.5 -1.6
v 5.4 0.5 -1.6
v 5.6 0.5 -1.6
v 0.2 0.5 -1.7
v 0.8 0.5 -1.7
v 1 0.5 -1.7
v 1.2 0.5 -1.7
v 1.3 0.5 -1.7
v 1.6 0.5 -1.7
v 1.8 0.5 -1.7
v 1.9 0.5 -1.7
v 2.3 0.5 -1.7
v 2.4 0.5 -1.7
v 2.6 0.5 -1.7
v 3.1 0.5 -1.7
v 3.2 0.5 -1.7
v 3.4 0.5 -1.7
v 4 0.5 -1.7
v 4.2 0.5 -1.7
v 4.8 0.5 -1.7
v 5 0.5 -1.7
v 5.4 0.5 -1.7
v 5.6 0.5 -1.7
v 0.2 0.5 -1.8
v 0.3 0.5 -1.8
v 0.5 0.5 -1.8
v 0.6 0.5 -1.8
v 0.8 0.5 -1.8
v 1 0.5 -1.8
v 1.2 0.5 -1.8
v 1.6 0.5 -1.8
v 1.8 0.5 -1.8
v 2.4 0.5 -1.8
v 2.6 0.5 -1.8
v 3 0.5 -1.8
v 3.2 0.5 -1.8
v 3.4 0.5 -1.8
v 3.5 0.5 -1.8
v 4 0.5 -1.8
v 4.2 0.5 -1.8
v 4.8 0.5 -1.8
v 5 0.5 -1.8
v 5.6 0.5 -1.8
v 0.2 0.5 -1.9
v 0.3 0.5 -1.9
v 0.5 0.5 -1.9
v 0.6 0.5 -1.9
v 0.8 0.5 -1.9
v 1 0.5 -1.9
v 1.2 0.5 -1.9
v 1.6 0.5 -1.9
v 1.8 0.5 -1.9
v 2 0.5 -1.9
v 2.4 0.5 -1.9
v 2.6 0.5 -1.9
v 3 0.5 -1.9
v 3.1 0.5 -1.9
v 3.2 0.5 -1.9
v 3.5 0.5 -1.9
v 4 0.5 -1.9
v 4.2 0.5 -1.9
v 4.8 0.5 -1.9
v 5.5 0.5 -1.9
v 5.6 0.5 -1.9
v 0.2 0.5 -2
v 0.3 0.5 -2
v 1.2 0.5 -2
v 1.6 0.5 -2
v 1.8 0.5 -2
v 2 0.5 -2
v 2.4 0.5 -2
v 2.6 0.5 -2
v 3 0.5 -2
v 3.1 0.5 -2
v 3.2 0.5 -2
v 3.4 0.5 -2
v 3.5 0.5 -2
v 4 0.5 -2
v 5 0.5 -2
v 5.5 0.5 -2
v 0.2 0.5 -2.1
v 0.8 0.5 -2.1
v 1 0.5 -2.1
v 1.6 0.5 -2.1
v 1.8 0.5 -2.1
v 2 0.5 -2.1
v 2.4 0.5 -2.1
v 2.6 0.5 -2.1
v 3 0.5 -2.1
v 3.2 0.5 -2.1
v 3.4 0.5 -2.1
v 4 0.5 -2.1
v 4.2 0.5 -2.1
v 4.8 0.5 -2.1
v 5 0.5 -2.1
v 5.6 0.5 -2.1
v 0.2 0.5 -2.2
v 0.7 0.5 -2.2
v 0.8 0.5 -2.2
v 1 0.5 -2.2
v 1.1 0.5 -2.2
v 1.2 0.5 -2.2
v 1.6 0.5 -2.2
v 1.8 0.5 -2.2
v 2.4 0.5 -2.2
v 2.6 0.5 -2.2
v 3.2 0.5 -2.2
v 3.4 0.5 -2.2
v 4 0.5 -2.2
v 4.2 0.5 -2.2
v 4.8 0.5 -2.2
v 5 0.5 -2.2
v 5.3 0.5 -2.2
v 5.5 0.5 -2.2
v 5.6 0.5 -2.2
v 0.2 0.5 -2.3
v 0.7 0.5 -2.3
v 0.8 0.5 -2.3
v 1 0.5 -2.3
v 1.1 0.5 -2.3
v 1.2 0.5 -2.3
v 1.8 0.5 -2.3
v 2.4 0.5 -2.3
v 2.6 0.5 -2.3
v 3.2 0.5 -2.3
v 4.2 0.5 -2.3
v 4.8 0.5 -2.3
v 5 0.5 -2.3
v 5.2 0.5 -2.3
v 5.3 0.5 -2.3
v 5.5 0.5 -2.3
v 5.6 0.5 -2.3
v 0.2 0.5 -2.4
v 0.7 0.5 -2.4
v 1 0.5 -2.4
v 1.4 0.5 -2.4
v 1.8 0.5 -2.4
v 2.3 0.5 -2.4
v 2.4 0.5 -2.4
v 2.6 0.5 -2.4
v 2.8 0.5 -2.4
v 3 0.5 -2.4
v 3.2 0.5 -2.4
v 3.4 0.5 -2.4
v 4 0.5 -2.4
v 4.2 0.5 -2.4
v 4.3 0.5 -2.4
v 4.8 0.5 -2.4
v 5 0.5 -2.4
v 5.2 0.5 -2.4
v 0.2 0.5 -2.5
v 0.8 0.5 -2.5
v 1 0.5 -2.5
v 1.4 0.5 -2.5
v 1.6 0.5 -2.5
v 1.8 0.5 -2.5
v 2.3 0.5 -2.5
v 2.4 0.5 -2.5
v 2.6 0.5 -2.5
v 2.8 0.5 -2.5
v 3 0.5 -2.5
v 3.2 0.5 -2.5
v 3.4 0.5 -2.5
v 4 0.5 -2.5
v 4.2 0.5 -2.5
v 4.3 0.5 -2.5
v 4.8 0.5 -2.5
v 5 0.5 -2.5
v 5.6 0.5 -2.5
v 0.2 0.5 -2.6
v 0.6 0.5 -2.6
v 0.8 0.5 -2.6
v 1 0.5 -2.6
v 1.1 0.5 -2.6
v 1.2 0.5 -2.6
v 1.6 0.5 -2.6
v 1.8 0.5 -2.6
v 2.4 0.5 -2.6
v 2.6 0.5 -2.6
v 3.2 0.5 -2.6
v 3.4 0.5 -2.6
v 3.8 0.5 -2.6
v 4 0.5 -2.6
v 4.2 0.5 -2.6
v 4.8 0.5 -2.6
v 5 0.5 -2.6
v 5.4 0.5 -2.6
v 5.6 0.5 -2.6
v 0.2 0.5 -2.7
v 0.6 0.5 -2.7
v 0.7 0.5 -2.7
v 0.8 0.5 -2.7
v 1 0.5 -2.7
v 1.1 0.5 -2.7
v 1.2 0.5 -2.7
v 1.6 0.5 -2.7
v 2 0.5 -2.7
v 2.4 0.5 -2.7
v 2.8 0.5 -2.7
v 3 0.5 -2.7
v 3.1 0.5 -2.7
v 3.2 0.5 -2.7
v 3.4 0.5 -2.7
v 3.8 0.5 -2.7
v 4 0.5 -2.7
v 4.2 0.5 -2.7
v 4.7 0.5 -2.7
v 5 0.5 -2.7
v 5.4 0.5 -2.7
v 5.6 0.5 -2.7
v 0.2 0.5 -2.8
v 0.5 0.5 -2.8
v 0.6 0.5 -2.8
v 0.7 0.5 -2.8
v 0.8 0.5 -2.8
v 1 0.5 -2.8
v 1.6 0.5 -2.8
v 1.8 0.5 -2.8
v 2 0.5 -2.8
v 2.3 0.5 -2.8
v 2.6 0.5 -2.8
v 2.8 0.5 -2.8
v 3 0.5 -2.8
v 3.1 0.5 -2.8
v 3.2 0.5 -2.8
v 3.4 0.5 -2.8
v 3.6 0.5 -2.8
v 3.8 0.5 -2.8
v 4.7 0.5 -2.8
v 4.8 0.5 -2.8
v 5 0.5 -2.8
v 5.4 0.5 -2.8
v 0.2 0.5 -2.9
v 0.5 0.5 -2.9
v 0.6 0.5 -2.9
v 0.8 0.5 -2.9
v 1 0.5 -2.9
v 1.6 0.5 -2.9
v 1.8 0.5 -2.9
v 2.3 0.5 -2.9
v 2.4 0.5 -2.9
v 2.6 0.5 -2.9
v 3 0.5 -2.9
v 3.2 0.5 -2.9
v 3.4 0.5 -2.9
v 3.6 0.5 -2.9
v 4 0.5 -2.9
v 4.2 0.5 -2.9
v 4.8 0.5 -2.9
v 5 0.5 -2.9
v 5.6 0.5 -2.9
v 0.2 0.5 -3
v 0.8 0.5 -3
v 1 0.5 -3
v 1.6 0.5 -3
v 1.8 0.5 -3
v 2.4 0.5 -3
v 2.6 0.5 -3
v 3 0.5 -3
v 3.2 0.5 -3
v 3.4 0.5 -3
v 4 0.5 -3
v 4.2 0.5 -3
v 4.8 0.5 -3
v 5 0.5 -3
v 5.5 0.5 -3
v 5.6 0.5 -3
v 0.2 0.5 -3.1
v 0.6 0.5 -3.1
v 0.8 0.5 -3.1
v 1 0.5 -3.1
v 1.6 0.5 -3.1
v 1.8 0.5 -3.1
v 2.4 0.5 -3.1
v 2.6 0.5 -3.1
v 2.8 0.5 -3.1
v 3 0.5 -3.1
v 3.2 0.5 -3.1
v 3.4 0.5 -3.1
v 3.7 0.5 -3.1
v 4 0.5 -3.1
v 4.2 0.5 -3.1
v 4.8 0.5 -3.1
v 5 0.5 -3.1
v 5.3 0.5 -3.1
v 5.5 0.5 -3.1
v 5.6 0.5 -3.1
v 0.2 0.5 -3.2
v 0.6 0.5 -3.2
v 0.8 0.5 -3.2
v 1 0.5 -3.2
v 1.6 0.5 -3.2
v 1.8 0.5 -3.2
v 2.4 0.5 -3.2
v 2.6 0.5 -3.2
v 2.8 0.5 -3.2
v 3.2 0.5 -3.2
v 3.4 0.5 -3.2
v 3.7 0.5 -3.2
v 3.8 0.5 -3.2
v 4 0.5 -3.2
v 5.3 0.5 -3.2
v 5.6 0.5 -3.2
v 0.2 0.5 -3.3
v 0.8 0.5 -3.3
v 1 0.5 -3.3
v 1.6 0.5 -3.3
v 1.8 0.5 -3.3
v 2.4 0.5 -3.3
v 2.6 0.5 -3.3
v 3.2 0.5 -3.3
v 3.4 0.5 -3.3
v 3.7 0.5 -3.3
v 3.8 0.5 -3.3
v 4 0.5 -3.3
v 4.2 0.5 -3.3
v 4.8 0.5 -3.3
v 5 0.5 -3.3
v 5.6 0.5 -3.3
v 0.2 0.5 -3.4
v 0.8 0.5 -3.4
v 1 0.5 -3.4
v 1.6 0.5 -3.4
v 1.8 0.5 -3.4
v 2.4 0.5 -3.4
v 2.6 0.5 -3.4
v 3.2 0.5 -3.4
v 3.4 0.5 -3.4
v 4 0.5 -3.4
v 4.2 0.5 -3.4
v 4.8 0.5 -3.4
v 5 0.5 -3.4
v 5.6 0.5 -3.4
v 0.2 0.5 -3.5
v 0.8 0.5 -3.5
v 1.2 0.5 -3.5
v 1.6 0.5 -3.5
v 1.8 0.5 -3.5
v 2.4 0.5 -3.5
v 2.6 0.5 -3.5
v 2.9 0.5 -3.5
v 3.4 0.5 -3.5
v 4 0.5 -3.5
v 4.2 0.5 -3.5
v 4.8 0.5 -3.5
v 5 0.5 -3.5
v 5.6 0.5 -3.5
v 1 0.5 -3.6
v 1.2 0.5 -3.6
v 1.6 0.5 -3.6
v 1.8 0.5 -3.6
v 2 0.5 -3.6
v 2.4 0.5 -3.6
v 2.6 0.5 -3.6
v 2.8 0.5 -3.6
v 2.9 0.5 -3.6
v 3.2 0.5 -3.6
v 3.4 0.5 -3.6
v 4 0.5 -3.6
v 5.1 0.5 -3.6
v 5.6 0.5 -3.6
v 0.2 0.5 -3.7
v 0.8 0.5 -3.7
v 1 0.5 -3.7
v 1.6 0.5 -3.7
v 1.8 0.5 -3.7
v 2 0.5 -3.7
v 2.4 0.5 -3.7
v 2.6 0.5 -3.7
v 2.8 0.5 -3.7
v 3.2 0.5 -3.7
v 3.4 0.5 -3.7
v 4 0.5 -3.7
v 4.2 0.5 -3.7
v 4.8 0.5 -3.7
v 5 0.5 -3.7
v 5.1 0.5 -3.7
v 5.6 0.5 -3.7
v 0.2 0.5 -3.8
v 0.8 0.5 -3.8
v 1 0.5 -3.8
v 1.6 0.5 -3.8
v 1.8 0.5 -3.8
v 2.4 0.5 -3.8
v 2.6 0.5 -3.8
v 3 0.5 -3.8
v 3.2 0.5 -3.8
v 3.4 0.5 -3.8
v 4 0.5 -3.8
v 4.2 0.5 -3.8
v 4.8 0.5 -3.8
v 5 0.5 -3.8
v 5.6 0.5 -3.8
v 0.2 0.5 -3.9
v 0.8 0.5 -3.9
v 1 0.5 -3.9
v 1.6 0.5 -3.9
v 1.8 0.5 -3.9
v 2.4 0.5 -3.9
v 2.6 0.5 -3.9
v 2.7 0.5 -3.9
v 3 0.5 -3.9
v 3.1 0.5 -3.9
v 3.2 0.5 -3.9
v 3.4 0.5 -3.9
v 3.8 0.5 -3.9
v 4.2 0.5 -3.9
v 4.8 0.5 -3.9
v 5 0.5 -3.9
v 5.6 0.5 -3.9
v 0.5 0.5 -4
v 0.8 0.5 -4
v 1 0.5 -4
v 1.6 0.5 -4
v 2.6 0.5 -4
v 2.7 0.5 -4
v 3.1 0.5 -4
v 3.2 0.5 -4
v 3.4 0.5 -4
v 3.6 0.5 -4
v 3.8 0.5 -4
v 0.2 0.5 -4.1
v 0.5 0.5 -4.1
v 0.8 0.5 -4.1
v 1 0.5 -4.1
v 1.6 0.5 -4.1
v 1.8 0.5 -4.1
v 2.4 0.5 -4.1
v 2.6 0.5 -4.1
v 3.2 0.5 -4.1
v 3.4 0.5 -4.1
v 3.6 0.5 -4.1
v 4 0.5 -4.1
v 4.2 0.5 -4.1
v 4.8 0.5 -4.1
v 5 0.5 -4.1
v 5.6 0.5 -4.1
v 0.2 0.5 -4.2
v 0.6 0.5 -4.2
v 0.8 0.5 -4.2
v 1 0.5 -4.2
v 1.1 0.5 -4.2
v 1.6 0.5 -4.2
v 1.8 0.5 -4.2
v 2.4 0.5 -4.2
v 2.6 0.5 -4.2
v 2.9 0.5 -4.2
v 3.2 0.5 -4.2
v 3.4 0.5 -4.2
v 4 0.5 -4.2
v 4.2 0.5 -4.2
v 4.8 0.5 -4.2
v 5 0.5 -4.2
v 5.6 0.5 -4.2
v 0.2 0.5 -4.3
v 0.6 0.5 -4.3
v 0.8 0.5 -4.3
v 1.1 0.5 -4.3
v 1.6 0.5 -4.3
v 1.8 0.5 -4.3
v 2.4 0.5 -4.3
v 4.2 0.5 -4.3
v 4.8 0.5 -4.3
v 5 0.5 -4.3
v 5.6 0.5 -4.3
v 0.2 0.5 -4.4
v 0.6 0.5 -4.4
v 0.8 0.5 -4.4
v 1 0.5 -4.4
v 1.6 0.5 -4.4
v 1.8 0.5 -4.4
v 2.1 0.5 -4.4
v 2.2 0.5 -4.4
v 2.4 0.5 -4.4
v 2.9 0.5 -4.4
v 3.2 0.5 -4.4
v 3.4 0.5 -4.4
v 4 0.5 -4.4
v 4.6 0.5 -4.4
v 4.8 0.5 -4.4
v 5 0.5 -4.4
v 5.6 0.5 -4.4
v 0.2 0.5 -4.5
v 0.8 0.5 -4.5
v 1 0.5 -4.5
v 1.6 0.5 -4.5
v 1.8 0.5 -4.5
v 2.1 0.5 -4.5
v 2.2 0.5 -4.5
v 2.4 0.5 -4.5
v 2.6 0.5 -4.5
v 3.2 0.5 -4.5
v 3.4 0.5 -4.5
v 4 0.5 -4.5
v 4.2 0.5 -4.5
v 4.6 0.5 -4.5
v 4.8 0.5 -4.5
v 5 0.5 -4.5
v 5.6 0.5 -4.5
v 0.2 0.5 -4.6
v 0.8 0.5 -4.6
v 1 0.5 -4.6
v 1.4 0.5 -4.6
v 1.6 0.5 -4.6
v 1.8 0.5 -4.6
v 2 0.5 -4.6
v 2.4 0.5 -4.6
v 2.6 0.5 -4.6
v 3.2 0.5 -4.6
v 3.4 0.5 -4.6
v 4 0.5 -4.6
v 4.2 0.5 -4.6
v 4.8 0.5 -4.6
v 5 0.5 -4.6
v 5.6 0.5 -4.6
v 0.2 0.5 -4.7
v 0.3 0.5 -4.7
v 1.4 0.5 -4.7
v 1.6 0.5 -4.7
v 1.8 0.5 -4.7
v 2 0.5 -4.7
v 2.7 0.5 -4.7
v 3 0.5 -4.7
v 5 0.5 -4.7
v 5.6 0.5 -4.7
v 0.2 0.5 -4.8
v 0.3 0.5 -4.8
v 0.5 0.5 -4.8
v 0.8 0.5 -4.8
v 1 0.5 -4.8
v 1.5 0.5 -4.8
v 2.7 0.5 -4.8
v 3 0.5 -4.8
v 3.2 0.5 -4.8
v 3.4 0.5 -4.8
v 4 0.5 -4.8
v 4.3 0.5 -4.8
v 4.8 0.5 -4.8
v 5 0.5 -4.8
v 5.6 0.5 -4.8
v 0.2 0.5 -4.9
v 0.5 0.5 -4.9
v 0.8 0.5 -4.9
v 1 0.5 -4.9
v 1.5 0.5 -4.9
v 1.6 0.5 -4.9
v 1.8 0.5 -4.9
v 2.4 0.5 -4.9
v 2.6 0.5 -4.9
v 3 0.5 -4.9
v 3.2 0.5 -4.9
v 3.4 0.5 -4.9
v 4 0.5 -4.9
v 4.2 0.5 -4.9
v 4.3 0.5 -4.9
v 4.8 0.5 -4.9
v 5 0.5 -4.9
v 5.6 0.5 -4.9
v 0.2 0.5 -5
v 0.8 0.5 -5
v 1 0.5 -5
v 1.6 0.5 -5
v 1.8 0.5 -5
v 2.1 0.5 -5
v 2.2 0.5 -5
v 2.4 0.5 -5
v 2.6 0.5 -5
v 3 0.5 -5
v 3.2 0.5 -5
v 3.4 0.5 -5
v 3.9 0.5 -5
v 4 0.5 -5
v 4.2 0.5 -5
v 4.3 0.5 -5
v 4.8 0.5 -5
v 5 0.5 -5
v 5.5 0.5 -5
v 5.6 0.5 -5
v 0.2 0.5 -5.1
v 0.8 0.5 -5.1
v 1 0.5 -5.1
v 1.6 0.5 -5.1
v 1.8 0.5 -5.1
v 2.1 0.5 -5.1
v 2.2 0.5 -5.1
v 2.4 0.5 -5.1
v 2.6 0.5 -5.1
v 3 0.5 -5.1
v 3.2 0.5 -5.1
v 3.4 0.5 -5.1
v 3.5 0.5 -5.1
v 3.9 0.5 -5.1
v 4 0.5 -5.1
v 4.2 0.5 -5.1
v 4.3 0.5 -5.1
v 4.4 0.5 -5.1
v 4.8 0.5 -5.1
v 5 0.5 -5.1
v 5.5 0.5 -5.1
v 5.6 0.5 -5.1
v 0.2 0.5 -5.2
v 0.8 0.5 -5.2
v 1.3 0.5 -5.2
v 1.6 0.5 -5.2
v 1.8 0.5 -5.2
v 2.4 0.5 -5.2
v 2.6 0.5 -5.2
v 3.2 0.5 -5.2
v 3.4 0.5 -5.2
v 3.5 0.5 -5.2
v 4 0.5 -5.2
v 4.2 0.5 -5.2
v 4.4 0.5 -5.2
v 5.5 0.5 -5.2
v 5.6 0.5 -5.2
v 0.2 0.5 -5.3
v 0.8 0.5 -5.3
v 1 0.5 -5.3
v 1.3 0.5 -5.3
v 1.6 0.5 -5.3
v 1.8 0.5 -5.3
v 2.4 0.5 -5.3
v 2.6 0.5 -5.3
v 3.2 0.5 -5.3
v 3.4 0.5 -5.3
v 3.5 0.5 -5.3
v 4 0.5 -5.3
v 4.2 0.5 -5.3
v 4.8 0.5 -5.3
v 5 0.5 -5.3
v 5.6 0.5 -5.3
v 0.2 0.5 -5.4
v 0.8 0.5 -5.4
v 1 0.5 -5.4
v 1.6 0.5 -5.4
v 1.8 0.5 -5.4
v 2.3 0.5 -5.4
v 2.4 0.5 -5.4
v 2.6 0.5 -5.4
v 2.9 0.5 -5.4
v 3.2 0.5 -5.4
v 3.4 0.5 -5.4
v 4 0.5 -5.4
v 4.2 0.5 -5.4
v 4.4 0.5 -5.4
v 4.5 0.5 -5.4
v 4.8 0.5 -5.4
v 5 0.5 -5.4
v 5.6 0.5 -5.4
v 0.2 0.5 -5.5
v 0.4 0.5 -5.5
v 0.6 0.5 -5.5
v 1 0.5 -5.5
v 1.5 0.5 -5.5
v 1.8 0.5 -5.5
v 2.3 0.5 -5.5
v 2.6 0.5 -5.5
v 2.8 0.5 -5.5
v 2.9 0.5 -5.5
v 3.2 0.5 -5.5
v 3.4 0.5 -5.5
v 4 0.5 -5.5
v 4.2 0.5 -5.5
v 4.4 0.5 -5.5
v 4.5 0.5 -5.5
v 4.8 0.5 -5.5
v 5 0.5 -5.5
v 5.3 0.5 -5.5
v 5.6 0.5 -5.5
v 0.2 0.5 -5.6
v 0.4 0.5 -5.6
v 0.6 0.5 -5.6
v 1 0.5 -5.6
v 1.4 0.5 -5.6
v 1.5 0.5 -5.6
v 1.6 0.5 -5.6
v 1.8 0.5 -5.6
v 2.4 0.5 -5.6
v 2.8 0.5 -5.6
v 3.2 0.5 -5.6
v 4.2 0.5 -5.6
v 4.4 0.5 -5.6
v 4.5 0.5 -5.6
v 4.6 0.5 -5.6
v 4.7 0.5 -5.6
v 4.8 0.5 -5.6
v 5.1 0.5 -5.6
v 5.3 0.5 -5.6
v 5.6 0.5 -5.6
v 0.2 0.5 -5.7
v 0.8 0.5 -5.7
v 1 0.5 -5.7
v 1.4 0.5 -5.7
v 1.6 0.5 -5.7
v 1.8 0.5 -5.7
v 2.4 0.5 -5.7
v 2.6 0.5 -5.7
v 3.2 0.5 -5.7
v 3.4 0.5 -5.7
v 4 0.5 -5.7
v 4.2 0.5 -5.7
v 4.5 0.5 -5.7
v 4.6 0.5 -5.7
v 4.7 0.5 -5.7
v 4.8 0.5 -5.7
v 5 0.5 -5.7
v 5.1 0.5 -5.7
v 5.3 0.5 -5.7
v 5.6 0.5 -5.7
v 0.2 0.5 -5.8
v 0.3 0.5 -5.8
v 0.4 0.5 -5.8
v 0.7 0.5 -5.8
v 0.8 0.5 -5.8
v 1 0.5 -5.8
v 1.3 0.5 -5.8
v 1.6 0.5 -5.8
v 1.8 0.5 -5.8
v 2.2 0.5 -5.8
v 2.4 0.5 -5.8
v 2.6 0.5 -5.8
v 2.7 0.5 -5.8
v 2.8 0.5 -5.8
v 3.2 0.5 -5.8
v 3.4 0.5 -5.8
v 4 0.5 -5.8
v 4.2 0.5 -5.8
v 4.3 0.5 -5.8
v 4.8 0.5 -5.8
v 5 0.5 -5.8
v 5.6 0.5 -5.8
v 0.2 0.5 -5.9
v 0.3 0.5 -5.9
v 0.4 0.5 -5.9
v 0.7 0.5 -5.9
v 1 0.5 -5.9
v 1.3 0.5 -5.9
v 1.5 0.5 -5.9
v 2.2 0.5 -5.9
v 2.4 0.5 -5.9
v 2.6 0.5 -5.9
v 2.7 0.5 -5.9
v 2.8 0.5 -5.9
v 3.1 0.5 -5.9
v 3.2 0.5 -5.9
v 3.4 0.5 -5.9
v 3.9 0.5 -5.9
v 4 0.5 -5.9
v 4.3 0.5 -5.9
v 4.5 0.5 -5.9
v 4.6 0.5 -5.9
v 4.8 0.5 -5.9
v 5 0.5 -5.9
v 5.6 0.5 -5.9
v 0.2 0.5 -6
v 0.3 0.5 -6
v 0.4 0.5 -6
v 0.8 0.5 -6
v 1 0.5 -6
v 1.1 0.5 -6
v 1.5 0.5 -6
v 1.6 0.5 -6
v 1.8 0.5 -6
v 2.2 0.5 -6
v 2.4 0.5 -6
v 2.6 0.5 -6
v 2.7 0.5 -6
v 2.9 0.5 -6
v 3.1 0.5 -6
v 3.2 0.5 -6
v 3.4 0.5 -6
v 3.7 0.5 -6
v 3.9 0.5 -6
v 4 0.5 -6
v 4.2 0.5 -6
v 4.5 0.5 -6
v 4.6 0.5 -6
v 4.8 0.5 -6
v 5 0.5 -6
v 5.3 0.5 -6
v 5.6 0.5 -6
v 0.2 0.5 -6.1
v 0.4 0.5 -6.1
v 0.8 0.5 -6.1
v 1 0.5 -6.1
v 1.1 0.5 -6.1
v 1.6 0.5 -6.1
v 1.8 0.5 -6.1
v 2.4 0.5 -6.1
v 2.6 0.5 -6.1
v 2.7 0.5 -6.1
v 2.9 0.5 -6.1
v 3.2 0.5 -6.1
v 3.4 0.5 -6.1
v 3.7 0.5 -6.1
v 4 0.5 -6.1
v 4.2 0.5 -6.1
v 4.8 0.5 -6.1
v 5 0.5 -6.1
v 5.3 0.5 -6.1
v 5.6 0.5 -6.1
v 0 0.1 -0.3
v 5.6 0.1 -0.3
v 0 0.1 -2.2
v 5.6 0.1 -2.2
v 0 0.1 -2.5
v 5.6 0.1 -2.5
v 0 0.1 -4.2
v 5.6 0.1 -4.2
v 0 0.1 -4.5
v 5.6 0.1 -4.5
v 0.4 0.1 -5.8
v 5.6 0.1 -5.8
v 0 0.1 -6
v 0.4 0.1 -6
v 0.2 0.3 0
v 0.8 0.3 0
v 1 0.3 0
v 1.6 0.3 0
v 1.8 0.3 0
v 2.4 0.3 0
v 2.6 0.3 0
v 3.2 0.3 0
v 3.4 0.3 0
v 4 0.3 0
v 4.2 0.3 0
v 4.8 0.3 0
v 5 0.3 0
v 5.6 0.3 0
v 0.2 0.3 -0.3
v 0.8 0.3 -0.3
v 1 0.3 -0.3
v 1.6 0.3 -0.3
v 1.8 0.3 -0.3
v 2.4 0.3 -0.3
v 2.6 0.3 -0.3
v 3.2 0.3 -0.3
v 3.4 0.3 -0.3
v 4 0.3 -0.3
v 4.2 0.3 -0.3
v 4.8 0.3 -0.3
v 5 0.3 -0.3
v 5.6 0.3 -0.3
v 0.2 0.3 -2.2
v 0.8 0.3 -2.2
v 1 0.3 -2.2
v 1.6 0.3 -2.2
v 1.8 0.3 -2.2
v 2.4 0.3 -2.2
v 2.6 0.3 -2.2
v 3.2 0.3 -2.2
v 3.4 0.3 -2.2
v 4 0.3 -2.2
v 4.2 0.3 -2.2
v 4.8 0.3 -2.2
v 5 0.3 -2.2
v 5.6 0.3 -2.2
v 0.2 0.3 -2.5
v 0.8 0.3 -2.5
v 1 0.3 -2.5
v 1.6 0.3 -2.5
v 1.8 0.3 -2.5
v 2.4 0.3 -2.5
v 2.6 0.3 -2.5
v 3.2 0.3 -2.5
v 3.4 0.3 -2.5
v 4 0.3 -2.5
v 4.2 0.3 -2.5
v 4.8 0.3 -2.5
v 5 0.3 -2.5
v 5.6 0.3 -2.5
v 0.2 0.3 -4.2
v 0.8 0.3 -4.2
v 1 0.3 -4.2
v 1.6 0.3 -4.2
v 1.8 0.3 -4.2
v 2.4 0.3 -4.2
v 2.6 0.3 -4.2
v 3.2 0.3 -4.2
v 3.4 0.3 -4.2
v 4 0.3 -4.2
v 4.2 0.3 -4.2
v 4.8 0.3 -4.2
v 5 0.3 -4.2
v 5.6 0.3 -4.2
v 0.2 0.3 -4.5
v 0.8 0.3 -4.5
v 1 0.3 -4.5
v 1.6 0.3 -4.5
v 1.8 0.3 -4.5
v 2.4 0.3 -4.5
v 2.6 0.3 -4.5
v 3.2 0.3 -4.5
v 3.4 0.3 -4.5
v 4 0.3 -4.5
v 4.2 0.3 -4.5
v 4.8 0.3 -4.5
v 5 0.3 -4.5
v 5.6 0.3 -4.5
v 0.4 0.3 -5.8
v 0.8 0.3 -5.8
v 1 0.3 -5.8
v 1.6 0.3 -5.8
v 1.8 0.3 -5.8
v 2.4 0.3 -5.8
v 2.6 0.3 -5.8
v 3.2 0.3 -5.8
v 3.4 0.3 -5.8
v 4 0.3 -5.8
v 4.2 0.3 -5.8
v 4.8 0.3 -5.8
v 5 0.3 -5.8
v 5.6 0.3 -5.8
v 0.2 0.3 -6
v 0.4 0.3 -6
v 0.2 0.3 -6.1
v 0.8 0.3 -6.1
v 1 0.3 -6.1
v 1.6 0.3 -6.1
v 1.8 0.3 -6.1
v 2.4 0.3 -6.1
v 2.6 0.3 -6.1
v 3.2 0.3 -6.1
v 3.4 0.3 -6.1
v 4 0.3 -6.1
v 4.2 0.3 -6.1
v 4.8 0.3 -6.1
v 5 0.3 -6.1
v 5.6 0.3 -6.1
v 0 0.5 0
v 0.2 0.5 0
v 0.8 0.5 0
v 1 0.5 0
v 1.6 0.5 0
v 1.8 0.5 0
v 2.4 0.5 0
v 2.6 0.5 0
v 3.2 0.5 0
v 3.4 0.5 0
v 4 0.5 0
v 4.2 0.5 0
v 4.8 0.5 0
v 5 0.5 0
v 0 0.5 -0.1
v 0.2 0.5 -0.1
v 0.8 0.5 -0.1
v 0.9 0.5 -0.1
v 1 0.5 -0.1
v 1.6 0.5 -0.1
v 1.8 0.5 -0.1
v 2.4 0.5 -0.1
v 2.6 0.5 -0.1
v 3.2 0.5 -0.1
v 3.4 0.5 -0.1
v 4 0.5 -0.1
v 4.2 0.5 -0.1
v 4.8 0.5 -0.1
v 5 0.5 -0.1
v 0.9 0.5 -0.2
v 1 0.5 -0.2
v 0.8 0.5 -0.3
v 0.9 0.5 -0.3
v 1 0.5 -0.3
v 0 0.5 -0.4
v 0.2 0.5 -0.4
v 0.8 0.5 -0.4
v 1 0.5 -0.4
v 1.6 0.5 -0.4
v 1.8 0.5 -0.4
v 2.4 0.5 -0.4
v 2.6 0.5 -0.4
v 3.2 0.5 -0.4
v 3.4 0.5 -0.4
v 4 0.5 -0.4
v 4.2 0.5 -0.4
v 4.8 0.5 -0.4
v 4.9 0.5 -0.4
v 5 0.5 -0.4
v 0 0.5 -0.5
v 0.2 0.5 -0.5
v 0.8 0.5 -0.5
v 1 0.5 -0.5
v 1.6 0.5 -0.5
v 1.7 0.5 -0.5
v 1.8 0.5 -0.5
v 2.4 0.5 -0.5
v 2.6 0.5 -0.5
v 3.2 0.5 -0.5
v 3.4 0.5 -0.5
v 4 0.5 -0.5
v 4.1 0.5 -0.5
v 4.2 0.5 -0.5
v 4.8 0.5 -0.5
v 4.9 0.5 -0.5
v 5 0.5 -0.5
v 4.1 0.5 -0.6
v 4 0.5 -0.7
v 4.1 0.5 -0.7
v 4.2 0.5 -0.7
v 0 0.5 -0.8
v 0.2 0.5 -0.8
v 0.8 0.5 -0.8
v 1 0.5 -0.8
v 1.6 0.5 -0.8
v 1.8 0.5 -0.8
v 2.4 0.5 -0.8
v 2.5 0.5 -0.8
v 2.6 0.5 -0.8
v 3.2 0.5 -0.8
v 3.3 0.5 -0.8
v 3.4 0.5 -0.8
v 4 0.5 -0.8
v 4.1 0.5 -0.8
v 4.2 0.5 -0.8
v 4.8 0.5 -0.8
v 5 0.5 -0.8
v 0 0.5 -0.9
v 0.1 0.5 -0.9
v 0.2 0.5 -0.9
v 0.8 0.5 -0.9
v 1 0.5 -0.9
v 1.6 0.5 -0.9
v 1.8 0.5 -0.9
v 2.4 0.5 -0.9
v 2.6 0.5 -0.9
v 3.2 0.5 -0.9
v 3.4 0.5 -0.9
v 4 0.5 -0.9
v 4.1 0.5 -0.9
v 4.2 0.5 -0.9
v 4.8 0.5 -0.9
v 5 0.5 -0.9
v 0.8 0.5 -1
v 0.9 0.5 -1
v 1 0.5 -1
v 0.8 0.5 -1.1
v 0.9 0.5 -1.1
v 0.8 0.5 -1.2
v 0.9 0.5 -1.2
v 0 0.5 -1.3
v 0.2 0.5 -1.3
v 0.8 0.5 -1.3
v 0.9 0.5 -1.3
v 1 0.5 -1.3
v 1.6 0.5 -1.3
v 1.8 0.5 -1.3
v 2.4 0.5 -1.3
v 2.6 0.5 -1.3
v 3.2 0.5 -1.3
v 3.4 0.5 -1.3
v 4 0.5 -1.3
v 4.1 0.5 -1.3
v 4.2 0.5 -1.3
v 4.8 0.5 -1.3
v 5 0.5 -1.3
v 0 0.5 -1.4
v 0.2 0.5 -1.4
v 0.8 0.5 -1.4
v 1 0.5 -1.4
v 1.6 0.5 -1.4
v 1.8 0.5 -1.4
v 2.4 0.5 -1.4
v 2.6 0.5 -1.4
v 3.2 0.5 -1.4
v 3.4 0.5 -1.4
v 4 0.5 -1.4
v 4.1 0.5 -1.4
v 4.2 0.5 -1.4
v 4.8 0.5 -1.4
v 5 0.5 -1.4
v 4.2 0.5 -1.6
v 0 0.5 -1.7
v 0.2 0.5 -1.7
v 0.8 0.5 -1.7
v 1 0.5 -1.7
v 1.6 0.5 -1.7
v 1.8 0.5 -1.7
v 2.4 0.5 -1.7
v 2.6 0.5 -1.7
v 3.2 0.5 -1.7
v 3.4 0.5 -1.7
v 4 0.5 -1.7
v 4.1 0.5 -1.7
v 4.2 0.5 -1.7
v 4.8 0.5 -1.7
v 5 0.5 -1.7
v 0 0.5 -1.8
v 0.2 0.5 -1.8
v 0.8 0.5 -1.8
v 0.9 0.5 -1.8
v 1 0.5 -1.8
v 1.6 0.5 -1.8
v 1.7 0.5 -1.8
v 1.8 0.5 -1.8
v 2.4 0.5 -1.8
v 2.6 0.5 -1.8
v 3.2 0.5 -1.8
v 3.4 0.5 -1.8
v 4 0.5 -1.8
v 4.2 0.5 -1.8
v 4.8 0.5 -1.8
v 5 0.5 -1.8
v 0.8 0.5 -1.9
v 0.9 0.5 -1.9
v 0 0.5 -2.1
v 0.2 0.5 -2.1
v 0.8 0.5 -2.1
v 0.9 0.5 -2.1
v 1 0.5 -2.1
v 1.6 0.5 -2.1
v 1.8 0.5 -2.1
v 2.4 0.5 -2.1
v 2.6 0.5 -2.1
v 3.2 0.5 -2.1
v 3.4 0.5 -2.1
v 4 0.5 -2.1
v 4.1 0.5 -2.1
v 4.2 0.5 -2.1
v 4.8 0.5 -2.1
v 5 0.5 -2.1
v 0 0.5 -2.2
v 0.2 0.5 -2.2
v 0.8 0.5 -2.2
v 0.9 0.5 -2.2
v 1 0.5 -2.2
v 1.6 0.5 -2.2
v 1.8 0.5 -2.2
v 2.4 0.5 -2.2
v 2.6 0.5 -2.2
v 3.2 0.5 -2.2
v 3.4 0.5 -2.2
v 4 0.5 -2.2
v 4.2 0.5 -2.2
v 4.8 0.5 -2.2
v 5 0.5 -2.2
v 4 0.5 -2.3
v 4.1 0.5 -2.3
v 4.2 0.5 -2.3
v 4.1 0.5 -2.4
v 4.2 0.5 -2.4
v 0 0.5 -2.5
v 0.1 0.5 -2.5
v 0.2 0.5 -2.5
v 0.8 0.5 -2.5
v 0.9 0.5 -2.5
v 1 0.5 -2.5
v 1.6 0.5 -2.5
v 1.8 0.5 -2.5
v 2.4 0.5 -2.5
v 2.6 0.5 -2.5
v 3.2 0.5 -2.5
v 3.4 0.5 -2.5
v 4 0.5 -2.5
v 4.1 0.5 -2.5
v 4.2 0.5 -2.5
v 4.8 0.5 -2.5
v 5 0.5 -2.5
v 0 0.5 -2.6
v 0.1 0.5 -2.6
v 0.2 0.5 -2.6
v 0.8 0.5 -2.6
v 0.9 0.5 -2.6
v 1 0.5 -2.6
v 1.6 0.5 -2.6
v 1.8 0.5 -2.6
v 2.4 0.5 -2.6
v 2.6 0.5 -2.6
v 3.2 0.5 -2.6
v 3.4 0.5 -2.6
v 4 0.5 -2.6
v 4.2 0.5 -2.6
v 4.8 0.5 -2.6
v 5 0.5 -2.6
v 0.9 0.5 -2.7
v 1 0.5 -2.7
v 0.9 0.5 -2.8
v 1 0.5 -2.8
v 0 0.5 -2.9
v 0.2 0.5 -2.9
v 0.8 0.5 -2.9
v 0.9 0.5 -2.9
v 1 0.5 -2.9
v 1.6 0.5 -2.9
v 1.8 0.5 -2.9
v 2.4 0.5 -2.9
v 2.6 0.5 -2.9
v 3.2 0.5 -2.9
v 3.4 0.5 -2.9
v 4 0.5 -2.9
v 4.2 0.5 -2.9
v 4.8 0.5 -2.9
v 5 0.5 -2.9
v 0 0.5 -3
v 0.2 0.5 -3
v 0.8 0.5 -3
v 1 0.5 -3
v 1.6 0.5 -3
v 1.8 0.5 -3
v 2.4 0.5 -3
v 2.6 0.5 -3
v 3.2 0.5 -3
v 3.4 0.5 -3
v 4 0.5 -3
v 4.1 0.5 -3
v 4.2 0.5 -3
v 4.8 0.5 -3
v 5 0.5 -3
v 4 0.5 -3.1
v 4.1 0.5 -3.1
v 4 0.5 -3.2
v 4.1 0.5 -3.2
v 0 0.5 -3.3
v 0.2 0.5 -3.3
v 0.8 0.5 -3.3
v 1 0.5 -3.3
v 1.6 0.5 -3.3
v 1.8 0.5 -3.3
v 2.4 0.5 -3.3
v 2.6 0.5 -3.3
v 3.2 0.5 -3.3
v 3.3 0.5 -3.3
v 3.4 0.5 -3.3
v 4 0.5 -3.3
v 4.1 0.5 -3.3
v 4.2 0.5 -3.3
v 4.8 0.5 -3.3
v 5 0.5 -3.3
v 0 0.5 -3.4
v 0.2 0.5 -3.4
v 0.8 0.5 -3.4
v 0.9 0.5 -3.4
v 1 0.5 -3.4
v 1.6 0.5 -3.4
v 1.8 0.5 -3.4
v 2.4 0.5 -3.4
v 2.6 0.5 -3.4
v 3.2 0.5 -3.4
v 3.4 0.5 -3.4
v 4 0.5 -3.4
v 4.2 0.5 -3.4
v 4.8 0.5 -3.4
v 4.9 0.5 -3.4
v 5 0.5 -3.4
v 0.8 0.5 -3.5
v 0.9 0.5 -3.5
v 1 0.5 -3.5
v 0.8 0.5 -3.6
v 0.9 0.5 -3.6
v 1 0.5 -3.6
v 0 0.5 -3.7
v 0.1 0.5 -3.7
v 0.2 0.5 -3.7
v 0.8 0.5 -3.7
v 0.9 0.5 -3.7
v 1 0.5 -3.7
v 1.6 0.5 -3.7
v 1.8 0.5 -3.7
v 2.4 0.5 -3.7
v 2.6 0.5 -3.7
v 3.2 0.5 -3.7
v 3.3 0.5 -3.7
v 3.4 0.5 -3.7
v 4 0.5 -3.7
v 4.2 0.5 -3.7
v 4.8 0.5 -3.7
v 5 0.5 -3.7
v 0 0.5 -3.8
v 0.1 0.5 -3.8
v 0.2 0.5 -3.8
v 0.8 0.5 -3.8
v 1 0.5 -3.8
v 1.6 0.5 -3.8
v 1.8 0.5 -3.8
v 2.4 0.5 -3.8
v 2.6 0.5 -3.8
v 3.2 0.5 -3.8
v 3.3 0.5 -3.8
v 3.4 0.5 -3.8
v 4 0.5 -3.8
v 4.1 0.5 -3.8
v 4.2 0.5 -3.8
v 4.8 0.5 -3.8
v 5 0.5 -3.8
v 4.1 0.5 -3.9
v 4.1 0.5 -4
v 4.2 0.5 -4
v 0 0.5 -4.1
v 0.2 0.5 -4.1
v 0.8 0.5 -4.1
v 1 0.5 -4.1
v 1.6 0.5 -4.1
v 1.8 0.5 -4.1
v 2.4 0.5 -4.1
v 2.6 0.5 -4.1
v 3.2 0.5 -4.1
v 3.4 0.5 -4.1
v 4 0.5 -4.1
v 4.2 0.5 -4.1
v 4.8 0.5 -4.1
v 5 0.5 -4.1
v 0 0.5 -4.2
v 0.2 0.5 -4.2
v 0.8 0.5 -4.2
v 0.9 0.5 -4.2
v 1 0.5 -4.2
v 1.6 0.5 -4.2
v 1.8 0.5 -4.2
v 2.4 0.5 -4.2
v 2.6 0.5 -4.2
v 3.2 0.5 -4.2
v 3.4 0.5 -4.2
v 4 0.5 -4.2
v 4.2 0.5 -4.2
v 4.8 0.5 -4.2
v 5 0.5 -4.2
v 0.8 0.5 -4.3
v 0.8 0.5 -4.4
v 0.9 0.5 -4.4
v 1 0.5 -4.4
v 0 0.5 -4.5
v 0.2 0.5 -4.5
v 0.8 0.5 -4.5
v 0.9 0.5 -4.5
v 1 0.5 -4.5
v 1.6 0.5 -4.5
v 1.8 0.5 -4.5
v 2.4 0.5 -4.5
v 2.6 0.5 -4.5
v 3.2 0.5 -4.5
v 3.4 0.5 -4.5
v 4 0.5 -4.5
v 4.2 0.5 -4.5
v 4.8 0.5 -4.5
v 5 0.5 -4.5
v 0 0.5 -4.6
v 0.2 0.5 -4.6
v 0.8 0.5 -4.6
v 1 0.5 -4.6
v 1.6 0.5 -4.6
v 1.8 0.5 -4.6
v 2.4 0.5 -4.6
v 2.6 0.5 -4.6
v 3.2 0.5 -4.6
v 3.4 0.5 -4.6
v 4 0.5 -4.6
v 4.1 0.5 -4.6
v 4.2 0.5 -4.6
v 4.8 0.5 -4.6
v 5 0.5 -4.6
v 4 0.5 -4.7
v 4.1 0.5 -4.7
v 4 0.5 -4.8
v 4.1 0.5 -4.8
v 0 0.5 -4.9
v 0.2 0.5 -4.9
v 0.8 0.5 -4.9
v 1 0.5 -4.9
v 1.6 0.5 -4.9
v 1.8 0.5 -4.9
v 2.4 0.5 -4.9
v 2.6 0.5 -4.9
v 3.2 0.5 -4.9
v 3.4 0.5 -4.9
v 4 0.5 -4.9
v 4.1 0.5 -4.9
v 4.2 0.5 -4.9
v 4.8 0.5 -4.9
v 5 0.5 -4.9
v 0 0.5 -5
v 0.2 0.5 -5
v 0.8 0.5 -5
v 0.9 0.5 -5
v 1 0.5 -5
v 1.6 0.5 -5
v 1.8 0.5 -5
v 2.4 0.5 -5
v 2.6 0.5 -5
v 3.2 0.5 -5
v 3.4 0.5 -5
v 4 0.5 -5
v 4.2 0.5 -5
v 4.8 0.5 -5
v 5 0.5 -5
v 0.9 0.5 -5.1
v 1 0.5 -5.1
v 0.9 0.5 -5.2
v 0 0.5 -5.3
v 0.2 0.5 -5.3
v 0.8 0.5 -5.3
v 0.9 0.5 -5.3
v 1 0.5 -5.3
v 1.6 0.5 -5.3
v 1.8 0.5 -5.3
v 2.4 0.5 -5.3
v 2.6 0.5 -5.3
v 3.2 0.5 -5.3
v 3.4 0.5 -5.3
v 4 0.5 -5.3
v 4.2 0.5 -5.3
v 4.8 0.5 -5.3
v 5 0.5 -5.3
v 0 0.5 -5.4
v 0.1 0.5 -5.4
v 0.2 0.5 -5.4
v 0.8 0.5 -5.4
v 1 0.5 -5.4
v 1.6 0.5 -5.4
v 1.8 0.5 -5.4
v 2.4 0.5 -5.4
v 2.6 0.5 -5.4
v 3.2 0.5 -5.4
v 3.4 0.5 -5.4
v 4 0.5 -5.4
v 4.1 0.5 -5.4
v 4.2 0.5 -5.4
v 4.8 0.5 -5.4
v 5 0.5 -5.4
v 4 0.5 -5.5
v 4.1 0.5 -5.5
v 4.2 0.5 -5.5
v 4.2 0.5 -5.6
v 0 0.5 -5.7
v 0.2 0.5 -5.7
v 0.8 0.5 -5.7
v 1 0.5 -5.7
v 1.6 0.5 -5.7
v 1.7 0.5 -5.7
v 1.8 0.5 -5.7
v 2.4 0.5 -5.7
v 2.6 0.5 -5.7
v 3.2 0.5 -5.7
v 3.4 0.5 -5.7
v 4 0.5 -5.7
v 4.1 0.5 -5.7
v 4.2 0.5 -5.7
v 4.8 0.5 -5.7
v 5 0.5 -5.7
v 0 0.5 -5.8
v 0.2 0.5 -5.8
v 0.8 0.5 -5.8
v 0.9 0.5 -5.8
v 1 0.5 -5.8
v 1.6 0.5 -5.8
v 1.8 0.5 -5.8
v 2.4 0.5 -5.8
v 2.6 0.5 -5.8
v 3.2 0.5 -5.8
v 3.4 0.5 -5.8
v 4 0.5 -5.8
v 4.1 0.5 -5.8
v 4.2 0.5 -5.8
v 4.8 0.5 -5.8
v 5 0.5 -5.8
v 0.9 0.5 -5.9
v 1 0.5 -5.9
v 0.8 0.5 -6
v 0.9 0.5 -6
v 1 0.5 -6
v 0.8 0.5 -6.1
v 1 0.5 -6.1
v 0 0.6 -0.1
v 0.3 0.6 -0.1
v 0.7 0.6 -0.1
v 0.9 0.6 -0.1
v 1 0.6 -0.1
v 1.3 0.6 -0.1
v 1.6 0.6 -0.1
v 2.7 0.6 -0.1
v 3.1 0.6 -0.1
v 3.8 0.6 -0.1
v 3.9 0.6 -0.1
v 4 0.6 -0.1
v 4.3 0.6 -0.1
v 5.6 0.6 -0.1
v 0 0.6 -0.2
v 0.3 0.6 -0.2
v 0.7 0.6 -0.2
v 0.8 0.6 -0.2
v 0.9 0.6 -0.2
v 1 0.6 -0.2
v 1.3 0.6 -0.2
v 1.5 0.6 -0.2
v 1.6 0.6 -0.2
v 2.7 0.6 -0.2
v 3.1 0.6 -0.2
v 3.4 0.6 -0.2
v 3.8 0.6 -0.2
v 4.3 0.6 -0.2
v 4.5 0.6 -0.2
v 4.6 0.6 -0.2
v 5.6 0.6 -0.2
v 0 0.6 -0.3
v 0.3 0.6 -0.3
v 0.4 0.6 -0.3
v 0.8 0.6 -0.3
v 0.9 0.6 -0.3
v 1 0.6 -0.3
v 1.1 0.6 -0.3
v 1.5 0.6 -0.3
v 2.7 0.6 -0.3
v 2.9 0.6 -0.3
v 3.1 0.6 -0.3
v 3.4 0.6 -0.3
v 3.7 0.6 -0.3
v 3.9 0.6 -0.3
v 4 0.6 -0.3
v 4.2 0.6 -0.3
v 4.5 0.6 -0.3
v 4.6 0.6 -0.3
v 4.9 0.6 -0.3
v 5.6 0.6 -0.3
v 0 0.6 -0.4
v 0.4 0.6 -0.4
v 0.8 0.6 -0.4
v 1 0.6 -0.4
v 1.1 0.6 -0.4
v 2.7 0.6 -0.4
v 2.9 0.6 -0.4
v 3.7 0.6 -0.4
v 4 0.6 -0.4
v 4.2 0.6 -0.4
v 4.9 0.6 -0.4
v 5.6 0.6 -0.4
v 0 0.6 -0.5
v 1.1 0.6 -0.5
v 1.4 0.6 -0.5
v 1.7 0.6 -0.5
v 2.3 0.6 -0.5
v 2.7 0.6 -0.5
v 2.9 0.6 -0.5
v 3.2 0.6 -0.5
v 3.6 0.6 -0.5
v 3.7 0.6 -0.5
v 3.9 0.6 -0.5
v 4 0.6 -0.5
v 4.1 0.6 -0.5
v 4.9 0.6 -0.5
v 5.3 0.6 -0.5
v 5.6 0.6 -0.5
v 0 0.6 -0.6
v 0.5 0.6 -0.6
v 1 0.6 -0.6
v 1.1 0.6 -0.6
v 1.2 0.6 -0.6
v 1.4 0.6 -0.6
v 1.7 0.6 -0.6
v 1.9 0.6 -0.6
v 2.2 0.6 -0.6
v 2.3 0.6 -0.6
v 2.7 0.6 -0.6
v 2.9 0.6 -0.6
v 3 0.6 -0.6
v 3.2 0.6 -0.6
v 3.6 0.6 -0.6
v 3.7 0.6 -0.6
v 3.9 0.6 -0.6
v 4.1 0.6 -0.6
v 4.2 0.6 -0.6
v 4.9 0.6 -0.6
v 5.1 0.6 -0.6
v 5.3 0.6 -0.6
v 5.6 0.6 -0.6
v 0 0.6 -0.7
v 0.5 0.6 -0.7
v 1 0.6 -0.7
v 1.1 0.6 -0.7
v 1.2 0.6 -0.7
v 1.7 0.6 -0.7
v 1.9 0.6 -0.7
v 2.1 0.6 -0.7
v 2.2 0.6 -0.7
v 2.5 0.6 -0.7
v 3 0.6 -0.7
v 3.2 0.6 -0.7
v 3.3 0.6 -0.7
v 3.4 0.6 -0.7
v 4 0.6 -0.7
v 4.1 0.6 -0.7
v 4.2 0.6 -0.7
v 5.1 0.6 -0.7
v 5.6 0.6 -0.7
v 0 0.6 -0.8
v 0.5 0.6 -0.8
v 1.1 0.6 -0.8
v 1.2 0.6 -0.8
v 1.9 0.6 -0.8
v 2.1 0.6 -0.8
v 2.3 0.6 -0.8
v 2.5 0.6 -0.8
v 3.3 0.6 -0.8
v 3.4 0.6 -0.8
v 4.1 0.6 -0.8
v 4.2 0.6 -0.8
v 5.1 0.6 -0.8
v 5.6 0.6 -0.8
v 0 0.6 -0.9
v 0.1 0.6 -0.9
v 0.3 0.6 -0.9
v 0.8 0.6 -0.9
v 1 0.6 -0.9
v 4.1 0.6 -0.9
v 5 0.6 -0.9
v 5.2 0.6 -0.9
v 5.6 0.6 -0.9
v 0 0.6 -1
v 0.1 0.6 -1
v 0.3 0.6 -1
v 0.8 0.6 -1
v 0.9 0.6 -1
v 1 0.6 -1
v 1.1 0.6 -1
v 2.5 0.6 -1
v 2.8 0.6 -1
v 3.4 0.6 -1
v 3.6 0.6 -1
v 4 0.6 -1
v 4.1 0.6 -1
v 4.9 0.6 -1
v 5 0.6 -1
v 5.2 0.6 -1
v 5.6 0.6 -1
v 0.1 0.6 -1.1
v 0.8 0.6 -1.1
v 0.9 0.6 -1.1
v 1.1 0.6 -1.1
v 1.5 0.6 -1.1
v 1.6 0.6 -1.1
v 2.3 0.6 -1.1
v 2.5 0.6 -1.1
v 2.6 0.6 -1.1
v 2.8 0.6 -1.1
v 2.9 0.6 -1.1
v 3 0.6 -1.1
v 3.2 0.6 -1.1
v 3.4 0.6 -1.1
v 3.5 0.6 -1.1
v 4 0.6 -1.1
v 4.9 0.6 -1.1
v 5.2 0.6 -1.1
v 5.5 0.6 -1.1
v 0 0.6 -1.2
v 0.5 0.6 -1.2
v 0.8 0.6 -1.2
v 0.9 0.6 -1.2
v 1.5 0.6 -1.2
v 2 0.6 -1.2
v 2.3 0.6 -1.2
v 2.6 0.6 -1.2
v 2.9 0.6 -1.2
v 3 0.6 -1.2
v 3.2 0.6 -1.2
v 3.5 0.6 -1.2
v 3.6 0.6 -1.2
v 3.8 0.6 -1.2
v 4.1 0.6 -1.2
v 5.4 0.6 -1.2
v 5.5 0.6 -1.2
v 5.6 0.6 -1.2
v 0 0.6 -1.3
v 0.5 0.6 -1.3
v 0.8 0.6 -1.3
v 0.9 0.6 -1.3
v 1.6 0.6 -1.3
v 2 0.6 -1.3
v 2.9 0.6 -1.3
v 3.8 0.6 -1.3
v 4 0.6 -1.3
v 4.1 0.6 -1.3
v 5.4 0.6 -1.3
v 5.6 0.6 -1.3
v 0 0.6 -1.4
v 1.4 0.6 -1.4
v 1.5 0.6 -1.4
v 1.9 0.6 -1.4
v 3.9 0.6 -1.4
v 4 0.6 -1.4
v 4.1 0.6 -1.4
v 4.2 0.6 -1.4
v 5.6 0.6 -1.4
v 0 0.6 -1.5
v 0.3 0.6 -1.5
v 1.1 0.6 -1.5
v 1.3 0.6 -1.5
v 1.4 0.6 -1.5
v 1.5 0.6 -1.5
v 1.8 0.6 -1.5
v 1.9 0.6 -1.5
v 2.6 0.6 -1.5
v 3.9 0.6 -1.5
v 4.7 0.6 -1.5
v 5.6 0.6 -1.5
v 0 0.6 -1.6
v 0.2 0.6 -1.6
v 0.3 0.6 -1.6
v 1.1 0.6 -1.6
v 1.2 0.6 -1.6
v 1.3 0.6 -1.6
v 1.8 0.6 -1.6
v 1.9 0.6 -1.6
v 2.3 0.6 -1.6
v 2.4 0.6 -1.6
v 2.6 0.6 -1.6
v 3.1 0.6 -1.6
v 4 0.6 -1.6
v 4.2 0.6 -1.6
v 4.7 0.6 -1.6
v 5.4 0.6 -1.6
v 5.6 0.6 -1.6
v 0 0.6 -1.7
v 0.2 0.6 -1.7
v 1.2 0.6 -1.7
v 1.3 0.6 -1.7
v 1.9 0.6 -1.7
v 2.3 0.6 -1.7
v 2.4 0.6 -1.7
v 2.6 0.6 -1.7
v 3.1 0.6 -1.7
v 4.1 0.6 -1.7
v 4.2 0.6 -1.7
v 5.4 0.6 -1.7
v 5.6 0.6 -1.7
v 0 0.6 -1.8
v 0.3 0.6 -1.8
v 0.5 0.6 -1.8
v 0.6 0.6 -1.8
v 0.8 0.6 -1.8
v 0.9 0.6 -1.8
v 1.2 0.6 -1.8
v 1.7 0.6 -1.8
v 2.6 0.6 -1.8
v 3 0.6 -1.8
v 3.5 0.6 -1.8
v 5.6 0.6 -1.8
v 0 0.6 -1.9
v 0.3 0.6 -1.9
v 0.5 0.6 -1.9
v 0.6 0.6 -1.9
v 0.8 0.6 -1.9
v 0.9 0.6 -1.9
v 1.2 0.6 -1.9
v 1.7 0.6 -1.9
v 2 0.6 -1.9
v 2.6 0.6 -1.9
v 3 0.6 -1.9
v 3.1 0.6 -1.9
v 3.4 0.6 -1.9
v 3.5 0.6 -1.9
v 4.8 0.6 -1.9
v 5.5 0.6 -1.9
v 5.6 0.6 -1.9
v 0 0.6 -2
v 0.3 0.6 -2
v 1.2 0.6 -2
v 2 0.6 -2
v 2.6 0.6 -2
v 3 0.6 -2
v 3.1 0.6 -2
v 3.4 0.6 -2
v 3.5 0.6 -2
v 4.1 0.6 -2
v 4.8 0.6 -2
v 5.5 0.6 -2
v 0 0.6 -2.1
v 0.8 0.6 -2.1
v 0.9 0.6 -2.1
v 2 0.6 -2.1
v 3 0.6 -2.1
v 4.1 0.6 -2.1
v 5.6 0.6 -2.1
v 0 0.6 -2.2
v 0.2 0.6 -2.2
v 0.7 0.6 -2.2
v 0.9 0.6 -2.2
v 1.1 0.6 -2.2
v 1.2 0.6 -2.2
v 2.4 0.6 -2.2
v 3.4 0.6 -2.2
v 4 0.6 -2.2
v 4.2 0.6 -2.2
v 5 0.6 -2.2
v 5.3 0.6 -2.2
v 5.5 0.6 -2.2
v 5.6 0.6 -2.2
v 0 0.6 -2.3
v 0.2 0.6 -2.3
v 0.7 0.6 -2.3
v 0.9 0.6 -2.3
v 1.1 0.6 -2.3
v 1.2 0.6 -2.3
v 1.6 0.6 -2.3
v 2.4 0.6 -2.3
v 3.4 0.6 -2.3
v 4 0.6 -2.3
v 4.1 0.6 -2.3
v 4.2 0.6 -2.3
v 4.9 0.6 -2.3
v 5 0.6 -2.3
v 5.2 0.6 -2.3
v 5.3 0.6 -2.3
v 5.5 0.6 -2.3
v 5.6 0.6 -2.3
v 0.1 0.6 -2.4
v 0.7 0.6 -2.4
v 0.8 0.6 -2.4
v 0.9 0.6 -2.4
v 1.4 0.6 -2.4
v 1.6 0.6 -2.4
v 2.3 0.6 -2.4
v 2.4 0.6 -2.4
v 2.8 0.6 -2.4
v 3 0.6 -2.4
v 4 0.6 -2.4
v 4.1 0.6 -2.4
v 4.2 0.6 -2.4
v 4.3 0.6 -2.4
v 4.9 0.6 -2.4
v 5.2 0.6 -2.4
v 0 0.6 -2.5
v 0.1 0.6 -2.5
v 0.8 0.6 -2.5
v 0.9 0.6 -2.5
v 1.4 0.6 -2.5
v 2.3 0.6 -2.5
v 2.8 0.6 -2.5
v 3 0.6 -2.5
v 4 0.6 -2.5
v 4.1 0.6 -2.5
v 4.2 0.6 -2.5
v 4.3 0.6 -2.5
v 5.6 0.6 -2.5
v 0 0.6 -2.6
v 0.1 0.6 -2.6
v 0.2 0.6 -2.6
v 0.6 0.6 -2.6
v 0.9 0.6 -2.6
v 1 0.6 -2.6
v 1.1 0.6 -2.6
v 1.2 0.6 -2.6
v 1.8 0.6 -2.6
v 3.8 0.6 -2.6
v 4 0.6 -2.6
v 4.8 0.6 -2.6
v 5.4 0.6 -2.6
v 5.6 0.6 -2.6
v 0 0.6 -2.7
v 0.1 0.6 -2.7
v 0.2 0.6 -2.7
v 0.6 0.6 -2.7
v 0.7 0.6 -2.7
v 0.9 0.6 -2.7
v 1 0.6 -2.7
v 1.1 0.6 -2.7
v 1.2 0.6 -2.7
v 1.8 0.6 -2.7
v 2 0.6 -2.7
v 2.5 0.6 -2.7
v 2.8 0.6 -2.7
v 3 0.6 -2.7
v 3.1 0.6 -2.7
v 3.8 0.6 -2.7
v 4 0.6 -2.7
v 4.1 0.6 -2.7
v 4.7 0.6 -2.7
v 4.8 0.6 -2.7
v 5.4 0.6 -2.7
v 5.6 0.6 -2.7
v 0.1 0.6 -2.8
v 0.5 0.6 -2.8
v 0.6 0.6 -2.8
v 0.7 0.6 -2.8
v 0.9 0.6 -2.8
v 1 0.6 -2.8
v 2 0.6 -2.8
v 2.3 0.6 -2.8
v 2.5 0.6 -2.8
v 2.8 0.6 -2.8
v 3 0.6 -2.8
v 3.1 0.6 -2.8
v 3.6 0.6 -2.8
v 3.8 0.6 -2.8
v 4 0.6 -2.8
v 4.1 0.6 -2.8
v 4.7 0.6 -2.8
v 5.4 0.6 -2.8
v 0 0.6 -2.9
v 0.5 0.6 -2.9
v 0.6 0.6 -2.9
v 0.9 0.6 -2.9
v 1 0.6 -2.9
v 2.3 0.6 -2.9
v 3 0.6 -2.9
v 3.6 0.6 -2.9
v 4 0.6 -2.9
v 5.6 0.6 -2.9
v 0 0.6 -3
v 3 0.6 -3
v 3.4 0.6 -3
v 4 0.6 -3
v 4.1 0.6 -3
v 4.2 0.6 -3
v 5.5 0.6 -3
v 5.6 0.6 -3
v 0 0.6 -3.1
v 0.6 0.6 -3.1
v 2.8 0.6 -3.1
v 3 0.6 -3.1
v 3.3 0.6 -3.1
v 3.4 0.6 -3.1
v 3.7 0.6 -3.1
v 4 0.6 -3.1
v 4.1 0.6 -3.1
v 4.2 0.6 -3.1
v 5.3 0.6 -3.1
v 5.5 0.6 -3.1
v 5.6 0.6 -3.1
v 0 0.6 -3.2
v 0.6 0.6 -3.2
v 2.8 0.6 -3.2
v 3.3 0.6 -3.2
v 3.4 0.6 -3.2
v 3.7 0.6 -3.2
v 3.8 0.6 -3.2
v 4 0.6 -3.2
v 4.1 0.6 -3.2
v 4.2 0.6 -3.2
v 5.3 0.6 -3.2
v 5.6 0.6 -3.2
v 0 0.6 -3.3
v 3.3 0.6 -3.3
v 3.7 0.6 -3.3
v 3.8 0.6 -3.3
v 4 0.6 -3.3
v 4.1 0.6 -3.3
v 5.6 0.6 -3.3
v 0 0.6 -3.4
v 0.8 0.6 -3.4
v 0.9 0.6 -3.4
v 4.8 0.6 -3.4
v 4.9 0.6 -3.4
v 5.6 0.6 -3.4
v 0 0.6 -3.5
v 0.8 0.6 -3.5
v 0.9 0.6 -3.5
v 1 0.6 -3.5
v 1.2 0.6 -3.5
v 2.9 0.6 -3.5
v 3.4 0.6 -3.5
v 4 0.6 -3.5
v 4.8 0.6 -3.5
v 4.9 0.6 -3.5
v 5.6 0.6 -3.5
v 0.8 0.6 -3.6
v 0.9 0.6 -3.6
v 1 0.6 -3.6
v 1.2 0.6 -3.6
v 2 0.6 -3.6
v 2.8 0.6 -3.6
v 2.9 0.6 -3.6
v 3.4 0.6 -3.6
v 4 0.6 -3.6
v 4.2 0.6 -3.6
v 5.1 0.6 -3.6
v 5.6 0.6 -3.6
v 0 0.6 -3.7
v 0.9 0.6 -3.7
v 1 0.6 -3.7
v 2 0.6 -3.7
v 2.8 0.6 -3.7
v 3.4 0.6 -3.7
v 4.2 0.6 -3.7
v 5.1 0.6 -3.7
v 5.6 0.6 -3.7
v 0 0.6 -3.8
v 3 0.6 -3.8
v 3.3 0.6 -3.8
v 3.4 0.6 -3.8
v 4 0.6 -3.8
v 4.1 0.6 -3.8
v 5.6 0.6 -3.8
v 0 0.6 -3.9
v 1.6 0.6 -3.9
v 1.8 0.6 -3.9
v 2.7 0.6 -3.9
v 3 0.6 -3.9
v 3.1 0.6 -3.9
v 3.2 0.6 -3.9
v 3.3 0.6 -3.9
v 3.4 0.6 -3.9
v 3.8 0.6 -3.9
v 4.1 0.6 -3.9
v 5.6 0.6 -3.9
v 0.5 0.6 -4
v 1.6 0.6 -4
v 1.8 0.6 -4
v 2.4 0.6 -4
v 2.7 0.6 -4
v 3.1 0.6 -4
v 3.2 0.6 -4
v 3.6 0.6 -4
v 3.8 0.6 -4
v 4.1 0.6 -4
v 4.2 0.6 -4
v 0 0.6 -4.1
v 0.5 0.6 -4.1
v 1.6 0.6 -4.1
v 2.4 0.6 -4.1
v 3.6 0.6 -4.1
v 4 0.6 -4.1
v 4.2 0.6 -4.1
v 5.6 0.6 -4.1
v 0 0.6 -4.2
v 0.6 0.6 -4.2
v 0.8 0.6 -4.2
v 0.9 0.6 -4.2
v 1.1 0.6 -4.2
v 2.4 0.6 -4.2
v 2.9 0.6 -4.2
v 5.6 0.6 -4.2
v 0 0.6 -4.3
v 0.6 0.6 -4.3
v 0.8 0.6 -4.3
v 1.1 0.6 -4.3
v 2.4 0.6 -4.3
v 4.1 0.6 -4.3
v 5.6 0.6 -4.3
v 0 0.6 -4.4
v 0.6 0.6 -4.4
v 0.8 0.6 -4.4
v 0.9 0.6 -4.4
v 1 0.6 -4.4
v 2.1 0.6 -4.4
v 2.2 0.6 -4.4
v 2.6 0.6 -4.4
v 2.9 0.6 -4.4
v 4.1 0.6 -4.4
v 4.6 0.6 -4.4
v 5.6 0.6 -4.4
v 0 0.6 -4.5
v 0.8 0.6 -4.5
v 0.9 0.6 -4.5
v 1 0.6 -4.5
v 2.1 0.6 -4.5
v 2.2 0.6 -4.5
v 2.6 0.6 -4.5
v 4.6 0.6 -4.5
v 5.6 0.6 -4.5
v 0 0.6 -4.6
v 1.4 0.6 -4.6
v 2 0.6 -4.6
v 4.1 0.6 -4.6
v 4.2 0.6 -4.6
v 5.6 0.6 -4.6
v 0 0.6 -4.7
v 0.3 0.6 -4.7
v 1.4 0.6 -4.7
v 2 0.6 -4.7
v 2.7 0.6 -4.7
v 3 0.6 -4.7
v 4 0.6 -4.7
v 4.1 0.6 -4.7
v 4.8 0.6 -4.7
v 5.6 0.6 -4.7
v 0 0.6 -4.8
v 0.3 0.6 -4.8
v 0.5 0.6 -4.8
v 1.5 0.6 -4.8
v 2.7 0.6 -4.8
v 3 0.6 -4.8
v 4 0.6 -4.8
v 4.1 0.6 -4.8
v 4.3 0.6 -4.8
v 4.8 0.6 -4.8
v 5.6 0.6 -4.8
v 0 0.6 -4.9
v 0.5 0.6 -4.9
v 1.5 0.6 -4.9
v 3 0.6 -4.9
v 4 0.6 -4.9
v 4.1 0.6 -4.9
v 4.2 0.6 -4.9
v 4.3 0.6 -4.9
v 4.8 0.6 -4.9
v 5.6 0.6 -4.9
v 0 0.6 -5
v 0.9 0.6 -5
v 1 0.6 -5
v 2.1 0.6 -5
v 2.2 0.6 -5
v 3 0.6 -5
v 3.9 0.6 -5
v 4.3 0.6 -5
v 5.5 0.6 -5
v 5.6 0.6 -5
v 0 0.6 -5.1
v 0.9 0.6 -5.1
v 1 0.6 -5.1
v 2.1 0.6 -5.1
v 2.2 0.6 -5.1
v 3 0.6 -5.1
v 3.3 0.6 -5.1
v 3.4 0.6 -5.1
v 3.5 0.6 -5.1
v 3.9 0.6 -5.1
v 4 0.6 -5.1
v 4.2 0.6 -5.1
v 4.3 0.6 -5.1
v 4.4 0.6 -5.1
v 5.5 0.6 -5.1
v 5.6 0.6 -5.1
v 0 0.6 -5.2
v 0.9 0.6 -5.2
v 1.3 0.6 -5.2
v 3.3 0.6 -5.2
v 3.4 0.6 -5.2
v 3.5 0.6 -5.2
v 4 0.6 -5.2
v 4.2 0.6 -5.2
v 4.4 0.6 -5.2
v 5.5 0.6 -5.2
v 5.6 0.6 -5.2
v 0 0.6 -5.3
v 0.9 0.6 -5.3
v 1 0.6 -5.3
v 1.3 0.6 -5.3
v 3.5 0.6 -5.3
v 5.6 0.6 -5.3
v 0 0.6 -5.4
v 0.1 0.6 -5.4
v 2.3 0.6 -5.4
v 2.9 0.6 -5.4
v 3.2 0.6 -5.4
v 4 0.6 -5.4
v 4.1 0.6 -5.4
v 4.4 0.6 -5.4
v 4.5 0.6 -5.4
v 4.8 0.6 -5.4
v 5.6 0.6 -5.4
v 0.1 0.6 -5.5
v 0.4 0.6 -5.5
v 0.6 0.6 -5.5
v 0.8 0.6 -5.5
v 1.5 0.6 -5.5
v 1.6 0.6 -5.5
v 2.3 0.6 -5.5
v 2.4 0.6 -5.5
v 2.8 0.6 -5.5
v 2.9 0.6 -5.5
v 3.2 0.6 -5.5
v 3.4 0.6 -5.5
v 4 0.6 -5.5
v 4.1 0.6 -5.5
v 4.2 0.6 -5.5
v 4.4 0.6 -5.5
v 4.5 0.6 -5.5
v 4.8 0.6 -5.5
v 5 0.6 -5.5
v 5.3 0.6 -5.5
v 5.6 0.6 -5.5
v 0 0.6 -5.6
v 0.2 0.6 -5.6
v 0.4 0.6 -5.6
v 0.6 0.6 -5.6
v 0.8 0.6 -5.6
v 1.4 0.6 -5.6
v 1.5 0.6 -5.6
v 1.6 0.6 -5.6
v 1.7 0.6 -5.6
v 2.4 0.6 -5.6
v 2.8 0.6 -5.6
v 3.4 0.6 -5.6
v 4.2 0.6 -5.6
v 4.4 0.6 -5.6
v 4.5 0.6 -5.6
v 4.6 0.6 -5.6
v 4.7 0.6 -5.6
v 5 0.6 -5.6
v 5.1 0.6 -5.6
v 5.3 0.6 -5.6
v 5.6 0.6 -5.6
v 0 0.6 -5.7
v 0.2 0.6 -5.7
v 1.4 0.6 -5.7
v 1.7 0.6 -5.7
v 4 0.6 -5.7
v 4.1 0.6 -5.7
v 4.2 0.6 -5.7
v 4.5 0.6 -5.7
v 4.6 0.6 -5.7
v 4.7 0.6 -5.7
v 5.1 0.6 -5.7
v 5.3 0.6 -5.7
v 5.6 0.6 -5.7
v 0 0.6 -5.8
v 0.3 0.6 -5.8
v 0.4 0.6 -5.8
v 0.7 0.6 -5.8
v 0.9 0.6 -5.8
v 1 0.6 -5.8
v 1.3 0.6 -5.8
v 1.6 0.6 -5.8
v 1.8 0.6 -5.8
v 2.2 0.6 -5.8
v 2.7 0.6 -5.8
v 2.8 0.6 -5.8
v 4.1 0.6 -5.8
v 4.3 0.6 -5.8
v 5.6 0.6 -5.8
v 0 0.6 -5.9
v 0.3 0.6 -5.9
v 0.4 0.6 -5.9
v 0.7 0.6 -5.9
v 0.8 0.6 -5.9
v 0.9 0.6 -5.9
v 1 0.6 -5.9
v 1.3 0.6 -5.9
v 1.5 0.6 -5.9
v 1.6 0.6 -5.9
v 1.8 0.6 -5.9
v 2.2 0.6 -5.9
v 2.7 0.6 -5.9
v 2.8 0.6 -5.9
v 3.1 0.6 -5.9
v 3.4 0.6 -5.9
v 3.9 0.6 -5.9
v 4 0.6 -5.9
v 4.1 0.6 -5.9
v 4.3 0.6 -5.9
v 4.5 0.6 -5.9
v 4.6 0.6 -5.9
v 5.6 0.6 -5.9
v 0 0.6 -6
v 0.3 0.6 -6
v 0.4 0.6 -6
v 0.8 0.6 -6
v 0.9 0.6 -6
v 1 0.6 -6
v 1.1 0.6 -6
v 1.5 0.6 -6
v 1.8 0.6 -6
v 2.2 0.6 -6
v 2.7 0.6 -6
v 2.9 0.6 -6
v 3.1 0.6 -6
v 3.4 0.6 -6
v 3.7 0.6 -6
v 3.9 0.6 -6
v 4 0.6 -6
v 4.1 0.6 -6
v 4.5 0.6 -6
v 4.6 0.6 -6
v 5.3 0.6 -6
v 5.6 0.6 -6
v 0 0.6 -6.1
v 0.4 0.6 -6.1
v 0.8 0.6 -6.1
v 1 0.6 -6.1
v 1.1 0.6 -6.1
v 2.7 0.6 -6.1
v 2.9 0.6 -6.1
v 3.7 0.6 -6.1
v 4 0.6 -6.1
v 4.1 0.6 -6.1
v 5.3 0.6 -6.1
v 5.6 0.6 -6.1

# faces
f 3/6/1 2/6/1 1/6/1
f 4/6/1 2/6/1 3/6/1
f 5/6/1 2/6/1 4/6/1
f 6/6/1 2/6/1 5/6/1
f 7/6/1 2/6/1 6/6/1
f 8/6/1 2/6/1 7/6/1
f 9/6/1 2/6/1 8/6/1
f 10/5/1 4/5/1 3/5/1
f 11/5/1 4/5/1 10/5/1
f 12/5/1 6/5/1 5/5/1
f 13/5/1 6/5/1 12/5/1
f 14/5/1 8/5/1 7/5/1
f 15/5/1 8/5/1 14/5/1
f 16/6/1 2/6/1 9/6/1
f 17/6/1 2/6/1 16/6/1
f 18/4/1 15/4/1 14/4/1
f 18/4/1 13/4/1 12/4/1
f 18/4/1 17/4/1 16/4/1
f 18/4/1 16/4/1 15/4/1
f 18/4/1 11/4/1 10/4/1
f 18/4/1 14/4/1 13/4/1
f 18/4/1 12/4/1 11/4/1
f 19/4/1 17/4/1 18/4/1
f 20/4/1 17/4/1 19/4/1
f 21/4/1 17/4/1 20/4/1
f 22/4/1 17/4/1 21/4/1
f 23/4/1 17/4/1 22/4/1
f 24/4/1 17/4/1 23/4/1
f 25/4/1 17/4/1 24/4/1
f 26/4/1 17/4/1 25/4/1
f 27/4/1 17/4/1 26/4/1
f 28/4/1 17/4/1 27/4/1
f 29/4/1 17/4/1 28/4/1
f 30/4/1 17/4/1 29/4/1
f 31/4/1 17/4/1 30/4/1
f 32/4/1 17/4/1 31/4/1
f 33/4/1 17/4/1 32/4/1
f 34/4/1 17/4/1 33/4/1
f 35/4/1 17/4/1 34/4/1
f 36/4/1 17/4/1 35/4/1
f 37/4/1 17/4/1 36/4/1
f 38/4/1 17/4/1 37/4/1
f 39/4/1 17/4/1 38/4/1
f 40/4/1 17/4/1 39/4/1
f 41/4/1 17/4/1 40/4/1
f 42/4/1 17/4/1 41/4/1
f 43/4/1 17/4/1 42/4/1
f 44/4/1 17/4/1 43/4/1
f 45/4/1 17/4/1 44/4/1
f 46/4/1 17/4/1 45/4/1
f 47/4/1 17/4/1 46/4/1
f 48/4/1 17/4/1 47/4/1
f 49/4/1 17/4/1 48/4/1
f 50/4/1 17/4/1 49/4/1
f 51/4/1 17/4/1 50/4/1
f 52/4/1 17/4/1 51/4/1
f 53/4/1 17/4/1 52/4/1
f 54/4/1 17/4/1 53/4/1
f 55/4/1 17/4/1 54/4/1
f 56/4/1 17/4/1 55/4/1
f 57/4/1 17/4/1 56/4/1
f 58/4/1 17/4/1 57/4/1
f 59/4/1 17/4/1 58/4/1
f 60/4/1 17/4/1 59/4/1
f 61/4/1 17/4/1 60/4/1
f 62/4/1 17/4/1 61/4/1
f 63/4/1 17/4/1 62/4/1
f 64/4/1 17/4/1 63/4/1
f 65/4/1 17/4/1 64/4/1
f 66/4/1 17/4/1 65/4/1
f 67/4/1 17/4/1 66/4/1
f 68/4/1 17/4/1 67/4/1
f 69/4/1 17/4/1 68/4/1
f 70/4/1 17/4/1 69/4/1
f 71/4/1 17/4/1 70/4/1
f 72/4/1 17/4/1 71/4/1
f 73/4/1 17/4/1 72/4/1
f 74/2/1 20/2/1 19/2/1
f 75/3/1 21/3/1 20/3/1
f 75/2/1 20/2/1 74/2/1
f 76/2/1 22/2/1 21/2/1
f 76/3/1 21/3/1 75/3/1
f 77/2/1 22/2/1 76/2/1
f 78/3/1 24/3/1 23/3/1
f 79/2/1 25/2/1 24/2/1
f 79/3/1 24/3/1 78/3/1
f 80/3/1 26/3/1 25/3/1
f 80/2/1 25/2/1 79/2/1
f 81/3/1 26/3/1 80/3/1
f 82/1/1 28/1/1 27/1/1
f 83/2/1 29/2/1 28/2/1
f 83/1/1 28/1/1 82/1/1
f 84/3/1 30/3/1 29/3/1
f 84/2/1 29/2/1 83/2/1
f 85/3/1 30/3/1 84/3/1
f 86/2/1 32/2/1 31/2/1
f 87/4/1 33/4/1 32/4/1
f 87/2/1 32/2/1 86/2/1
f 88/2/1 34/2/1 33/2/1
f 88/4/1 33/4/1 87/4/1
f 89/2/1 34/2/1 88/2/1
f 90/2/1 36/2/1 35/2/1
f 91/3/1 37/3/1 36/3/1
f 91/2/1 36/2/1 90/2/1
f 92/2/1 38/2/1 37/2/1
f 92/3/1 37/3/1 91/3/1
f 93/2/1 38/2/1 92/2/1
f 94/1/1 40/1/1 39/1/1
f 95/3/1 41/3/1 40/3/1
f 95/1/1 40/1/1 94/1/1
f 96/3/1 41/3/1 95/3/1
f 97/3/1 43/3/1 42/3/1
f 98/2/1 44/2/1 43/2/1
f 98/3/1 43/3/1 97/3/1
f 99/2/1 44/2/1 98/2/1
f 100/2/1 46/2/1 45/2/1
f 101/3/1 47/3/1 46/3/1
f 101/2/1 46/2/1 100/2/1
f 102/2/1 48/2/1 47/2/1
f 102/3/1 47/3/1 101/3/1
f 103/2/1 48/2/1 102/2/1
f 104/3/1 50/3/1 49/3/1
f 105/2/1 51/2/1 50/2/1
f 105/3/1 50/3/1 104/3/1
f 106/2/1 51/2/1 105/2/1
f 107/3/1 53/3/1 52/3/1
f 108/2/1 54/2/1 53/2/1
f 108/3/1 53/3/1 107/3/1
f 109/2/1 54/2/1 108/2/1
f 110/2/1 56/2/1 55/2/1
f 111/3/1 57/3/1 56/3/1
f 111/2/1 56/2/1 110/2/1
f 112/2/1 58/2/1 57/2/1
f 112/3/1 57/3/1 111/3/1
f 113/2/1 58/2/1 112/2/1
f 114/2/1 60/2/1 59/2/1
f 115/1/1 61/1/1 60/1/1
f 115/2/1 60/2/1 114/2/1
f 116/2/1 62/2/1 61/2/1
f 116/1/1 61/1/1 115/1/1
f 117/2/1 62/2/1 116/2/1
f 118/2/1 64/2/1 63/2/1
f 119/3/1 65/3/1 64/3/1
f 119/2/1 64/2/1 118/2/1
f 120/2/1 66/2/1 65/2/1
f 120/3/1 65/3/1 119/3/1
f 121/2/1 66/2/1 120/2/1
f 122/1/1 68/1/1 67/1/1
f 123/3/1 69/3/1 68/3/1
f 123/1/1 68/1/1 122/1/1
f 124/3/1 69/3/1 123/3/1
f 125/2/1 71/2/1 70/2/1
f 126/3/1 72/3/1 71/3/1
f 126/2/1 71/2/1 125/2/1
f 127/2/1 73/2/1 72/2/1
f 127/3/1 72/3/1 126/3/1
f 128/2/1 73/2/1 127/2/1
f 131/6/1 130/6/1 129/6/1
f 132/6/1 130/6/1 131/6/1
f 143/4/1 134/4/1 133/4/1
f 143/4/1 135/4/1 134/4/1
f 143/4/1 136/4/1 135/4/1
f 143/4/1 137/4/1 136/4/1
f 144/4/1 137/4/1 143/4/1
f 145/4/1 137/4/1 144/4/1
f 146/4/1 137/4/1 145/4/1
f 147/4/1 137/4/1 146/4/1
f 148/4/1 137/4/1 147/4/1
f 149/4/1 137/4/1 148/4/1
f 150/4/1 137/4/1 149/4/1
f 151/4/1 137/4/1 150/4/1
f 152/4/1 137/4/1 151/4/1
f 153/4/1 137/4/1 152/4/1
f 154/4/1 137/4/1 153/4/1
f 155/4/1 137/4/1 154/4/1
f 156/4/1 137/4/1 155/4/1
f 157/4/1 137/4/1 156/4/1
f 158/4/1 137/4/1 157/4/1
f 159/4/1 137/4/1 158/4/1
f 160/4/1 137/4/1 159/4/1
f 161/4/1 137/4/1 160/4/1
f 162/4/1 137/4/1 161/4/1
f 163/4/1 137/4/1 162/4/1
f 164/4/1 137/4/1 163/4/1
f 165/4/1 137/4/1 164/4/1
f 166/4/1 137/4/1 165/4/1
f 167/4/1 137/4/1 166/4/1
f 168/4/1 137/4/1 167/4/1
f 169/4/1 137/4/1 168/4/1
f 170/4/1 137/4/1 169/4/1
f 171/4/1 137/4/1 170/4/1
f 172/4/1 137/4/1 171/4/1
f 173/4/1 137/4/1 172/4/1
f 174/4/1 137/4/1 173/4/1
f 175/3/1 138/3/1 137/3/1
f 175/4/1 137/4/1 174/4/1
f 176/4/1 142/4/1 141/4/1
f 176/3/1 138/3/1 175/3/1
f 176/4/1 141/4/1 140/4/1
f 176/4/1 140/4/1 139/4/1
f 176/4/1 139/4/1 138/4/1
f 177/4/1 142/4/1 176/4/1
f 178/4/1 142/4/1 177/4/1
f 179/4/1 142/4/1 178/4/1
f 180/4/1 142/4/1 179/4/1
f 181/4/1 142/4/1 180/4/1
f 182/4/1 142/4/1 181/4/1
f 183/4/1 142/4/1 182/4/1
f 184/4/1 142/4/1 183/4/1
f 185/4/1 142/4/1 184/4/1
f 186/4/1 142/4/1 185/4/1
f 187/4/1 142/4/1 186/4/1
f 188/4/1 142/4/1 187/4/1
f 189/4/1 142/4/1 188/4/1
f 190/4/1 142/4/1 189/4/1
f 191/4/1 142/4/1 190/4/1
f 192/4/1 142/4/1 191/4/1
f 193/4/1 142/4/1 192/4/1
f 194/4/1 142/4/1 193/4/1
f 195/4/1 142/4/1 194/4/1
f 207/1/1 197/1/1 196/1/1
f 208/2/1 198/2/1 197/2/1
f 208/1/1 197/1/1 207/1/1
f 209/1/1 199/1/1 198/1/1
f 209/2/1 198/2/1 208/2/1
f 210/1/1 199/1/1 209/1/1
f 211/3/1 201/3/1 200/3/1
f 212/2/1 202/2/1 201/2/1
f 212/3/1 201/3/1 211/3/1
f 213/2/1 202/2/1 212/2/1
f 214/2/1 204/2/1 203/2/1
f 215/2/1 204/2/1 214/2/1
f 216/3/1 206/3/1 205/3/1
f 217/3/1 206/3/1 216/3/1
f 240/4/1 219/4/1 218/4/1
f 241/2/1 220/2/1 219/2/1
f 241/4/1 219/4/1 240/4/1
f 242/3/1 221/3/1 220/3/1
f 242/2/1 220/2/1 241/2/1
f 243/3/1 221/3/1 242/3/1
f 244/2/1 223/2/1 222/2/1
f 245/2/1 223/2/1 244/2/1
f 246/2/1 225/2/1 224/2/1
f 247/3/1 226/3/1 225/3/1
f 247/2/1 225/2/1 246/2/1
f 248/1/1 227/1/1 226/1/1
f 248/3/1 226/3/1 247/3/1
f 249/1/1 227/1/1 248/1/1
f 250/2/1 229/2/1 228/2/1
f 251/3/1 230/3/1 229/3/1
f 251/2/1 229/2/1 250/2/1
f 252/3/1 230/3/1 251/3/1
f 253/2/1 232/2/1 231/2/1
f 254/2/1 232/2/1 253/2/1
f 255/3/1 234/3/1 233/3/1
f 256/2/1 235/2/1 234/2/1
f 256/3/1 234/3/1 255/3/1
f 257/2/1 235/2/1 256/2/1
f 258/4/1 237/4/1 236/4/1
f 259/2/1 238/2/1 237/2/1
f 259/4/1 237/4/1 258/4/1
f 260/3/1 239/3/1 238/3/1
f 260/2/1 238/2/1 259/2/1
f 261/3/1 239/3/1 260/3/1
f 271/4/1 263/4/1 262/4/1
f 271/4/1 264/4/1 263/4/1
f 271/4/1 265/4/1 264/4/1
f 271/4/1 266/4/1 265/4/1
f 272/4/1 266/4/1 271/4/1
f 273/4/1 266/4/1 272/4/1
f 274/4/1 266/4/1 273/4/1
f 275/4/1 266/4/1 274/4/1
f 276/4/1 266/4/1 275/4/1
f 277/4/1 266/4/1 276/4/1
f 278/4/1 266/4/1 277/4/1
f 279/4/1 266/4/1 278/4/1
f 280/4/1 266/4/1 279/4/1
f 281/4/1 266/4/1 280/4/1
f 282/4/1 266/4/1 281/4/1
f 283/4/1 266/4/1 282/4/1
f 284/4/1 266/4/1 283/4/1
f 285/4/1 266/4/1 284/4/1
f 286/4/1 266/4/1 285/4/1
f 287/4/1 266/4/1 286/4/1
f 288/4/1 266/4/1 287/4/1
f 289/4/1 266/4/1 288/4/1
f 290/4/1 266/4/1 289/4/1
f 291/4/1 266/4/1 290/4/1
f 292/4/1 266/4/1 291/4/1
f 293/4/1 266/4/1 292/4/1
f 294/4/1 266/4/1 293/4/1
f 295/4/1 266/4/1 294/4/1
f 296/4/1 266/4/1 295/4/1
f 297/4/1 266/4/1 296/4/1
f 298/4/1 266/4/1 297/4/1
f 299/4/1 266/4/1 298/4/1
f 300/4/1 266/4/1 299/4/1
f 301/4/1 266/4/1 300/4/1
f 302/4/1 266/4/1 301/4/1
f 303/4/1 266/4/1 302/4/1
f 304/4/1 266/4/1 303/4/1
f 305/4/1 266/4/1 304/4/1
f 306/4/1 266/4/1 305/4/1
f 307/3/1 267/3/1 266/3/1
f 307/4/1 266/4/1 306/4/1
f 308/4/1 270/4/1 269/4/1
f 308/3/1 267/3/1 307/3/1
f 308/4/1 269/4/1 268/4/1
f 308/4/1 268/4/1 267/4/1
f 309/4/1 270/4/1 308/4/1
f 310/4/1 270/4/1 309/4/1
f 311/4/1 270/4/1 310/4/1
f 312/4/1 270/4/1 311/4/1
f 313/4/1 270/4/1 312/4/1
f 314/4/1 270/4/1 313/4/1
f 315/4/1 270/4/1 314/4/1
f 316/4/1 270/4/1 315/4/1
f 317/4/1 270/4/1 316/4/1
f 318/4/1 270/4/1 317/4/1
f 319/4/1 270/4/1 318/4/1
f 320/4/1 270/4/1 319/4/1
f 321/4/1 270/4/1 320/4/1
f 322/4/1 270/4/1 321/4/1
f 323/4/1 270/4/1 322/4/1
f 324/4/1 270/4/1 323/4/1
f 334/4/1 326/4/1 325/4/1
f 334/4/1 327/4/1 326/4/1
f 334/4/1 328/4/1 327/4/1
f 334/4/1 329/4/1 328/4/1
f 335/4/1 329/4/1 334/4/1
f 336/4/1 329/4/1 335/4/1
f 337/4/1 329/4/1 336/4/1
f 338/4/1 329/4/1 337/4/1
f 339/4/1 329/4/1 338/4/1
f 340/4/1 329/4/1 339/4/1
f 341/4/1 329/4/1 340/4/1
f 342/4/1 329/4/1 341/4/1
f 343/4/1 329/4/1 342/4/1
f 344/4/1 329/4/1 343/4/1
f 345/4/1 329/4/1 344/4/1
f 346/4/1 329/4/1 345/4/1
f 347/4/1 329/4/1 346/4/1
f 348/4/1 329/4/1 347/4/1
f 349/4/1 329/4/1 348/4/1
f 350/4/1 329/4/1 349/4/1
f 351/4/1 329/4/1 350/4/1
f 352/4/1 329/4/1 351/4/1
f 353/4/1 329/4/1 352/4/1
f 354/4/1 329/4/1 353/4/1
f 355/4/1 329/4/1 354/4/1
f 356/4/1 329/4/1 355/4/1
f 357/4/1 329/4/1 356/4/1
f 358/4/1 329/4/1 357/4/1
f 359/4/1 329/4/1 358/4/1
f 360/4/1 329/4/1 359/4/1
f 361/4/1 329/4/1 360/4/1
f 362/4/1 329/4/1 361/4/1
f 363/4/1 329/4/1 362/4/1
f 364/4/1 329/4/1 363/4/1
f 365/4/1 329/4/1 364/4/1
f 366/4/1 329/4/1 365/4/1
f 367/4/1 329/4/1 366/4/1
f 368/4/1 329/4/1 367/4/1
f 369/4/1 329/4/1 368/4/1
f 370/4/1 329/4/1 369/4/1
f 371/3/1 330/3/1 329/3/1
f 371/4/1 329/4/1 370/4/1
f 372/4/1 333/4/1 332/4/1
f 372/3/1 330/3/1 371/3/1
f 372/4/1 332/4/1 331/4/1
f 372/4/1 331/4/1 330/4/1
f 373/4/1 333/4/1 372/4/1
f 374/4/1 333/4/1 373/4/1
f 375/4/1 333/4/1 374/4/1
f 376/4/1 333/4/1 375/4/1
f 377/4/1 333/4/1 376/4/1
f 378/4/1 333/4/1 377/4/1
f 379/4/1 333/4/1 378/4/1
f 380/4/1 333/4/1 379/4/1
f 381/4/1 333/4/1 380/4/1
f 382/4/1 333/4/1 381/4/1
f 383/4/1 333/4/1 382/4/1
f 384/4/1 333/4/1 383/4/1
f 385/4/1 333/4/1 384/4/1
f 386/4/1 333/4/1 385/4/1
f 387/4/1 333/4/1 386/4/1
f 388/4/1 333/4/1 387/4/1
f 397/4/1 390/4/1 389/4/1
f 397/4/1 396/4/1 395/4/1
f 397/4/1 395/4/1 394/4/1
f 397/4/1 394/4/1 393/4/1
f 397/4/1 393/4/1 392/4/1
f 397/4/1 392/4/1 391/4/1
f 397/4/1 391/4/1 390/4/1
f 398/4/1 396/4/1 397/4/1
f 399/4/1 396/4/1 398/4/1
f 400/4/1 396/4/1 399/4/1
f 401/4/1 396/4/1 400/4/1
f 402/4/1 396/4/1 401/4/1
f 403/4/1 396/4/1 402/4/1
f 404/4/1 396/4/1 403/4/1
f 405/4/1 396/4/1 404/4/1
f 406/4/1 396/4/1 405/4/1
f 407/4/1 396/4/1 406/4/1
f 408/4/1 396/4/1 407/4/1
f 409/4/1 396/4/1 408/4/1
f 410/4/1 396/4/1 409/4/1
f 411/4/1 396/4/1 410/4/1
f 412/4/1 396/4/1 411/4/1
f 413/4/1 396/4/1 412/4/1
f 414/4/1 396/4/1 413/4/1
f 415/4/1 396/4/1 414/4/1
f 416/4/1 396/4/1 415/4/1
f 417/4/1 396/4/1 416/4/1
f 418/4/1 396/4/1 417/4/1
f 419/4/1 396/4/1 418/4/1
f 420/4/1 396/4/1 419/4/1
f 421/4/1 396/4/1 420/4/1
f 422/4/1 396/4/1 421/4/1
f 423/4/1 396/4/1 422/4/1
f 424/4/1 396/4/1 423/4/1
f 425/4/1 396/4/1 424/4/1
f 426/4/1 396/4/1 425/4/1
f 427/4/1 396/4/1 426/4/1
f 428/4/1 396/4/1 427/4/1
f 429/4/1 396/4/1 428/4/1
f 430/4/1 396/4/1 429/4/1
f 431/4/1 396/4/1 430/4/1
f 432/4/1 396/4/1 431/4/1
f 433/4/1 396/4/1 432/4/1
f 434/4/1 396/4/1 433/4/1
f 435/4/1 396/4/1 434/4/1
f 436/4/1 396/4/1 435/4/1
f 437/4/1 396/4/1 436/4/1
f 438/4/1 396/4/1 437/4/1
f 439/4/1 396/4/1 438/4/1
f 440/4/1 396/4/1 439/4/1
f 441/4/1 396/4/1 440/4/1
f 442/4/1 396/4/1 441/4/1
f 443/4/1 396/4/1 442/4/1
f 444/4/1 396/4/1 443/4/1
f 445/4/1 396/4/1 444/4/1
f 446/4/1 396/4/1 445/4/1
f 447/4/1 396/4/1 446/4/1
f 448/4/1 396/4/1 447/4/1
f 449/4/1 396/4/1 448/4/1
f 450/4/1 396/4/1 449/4/1
f 451/4/1 396/4/1 450/4/1
f 452/4/1 396/4/1 451/4/1
f 453/4/1 396/4/1 452/4/1
f 454/4/1 396/4/1 453/4/1
f 465/4/1 456/4/1 455/4/1
f 465/4/1 457/4/1 456/4/1
f 465/4/1 458/4/1 457/4/1
f 465/4/1 459/4/1 458/4/1
f 465/3/1 460/3/1 459/3/1
f 466/3/1 460/3/1 465/3/1
f 467/4/1 464/4/1 463/4/1
f 467/4/1 463/4/1 462/4/1
f 467/4/1 462/4/1 461/4/1
f 467/4/1 461/4/1 460/4/1
f 468/4/1 464/4/1 467/4/1
f 469/4/1 466/4/1 465/4/1
f 469/4/1 465/4/1 455/4/1
f 470/4/1 466/4/1 469/4/1
f 471/4/1 466/4/1 470/4/1
f 472/4/1 466/4/1 471/4/1
f 473/4/1 466/4/1 472/4/1
f 474/4/1 466/4/1 473/4/1
f 475/4/1 466/4/1 474/4/1
f 476/4/1 466/4/1 475/4/1
f 477/4/1 466/4/1 476/4/1
f 478/4/1 466/4/1 477/4/1
f 479/4/1 466/4/1 478/4/1
f 480/4/1 466/4/1 479/4/1
f 481/4/1 466/4/1 480/4/1
f 482/4/1 466/4/1 481/4/1
f 483/4/1 466/4/1 482/4/1
f 484/4/1 466/4/1 483/4/1
f 485/4/1 466/4/1 484/4/1
f 486/4/1 466/4/1 485/4/1
f 487/4/1 466/4/1 486/4/1
f 488/4/1 466/4/1 487/4/1
f 489/4/1 466/4/1 488/4/1
f 490/4/1 466/4/1 489/4/1
f 491/4/1 466/4/1 490/4/1
f 492/4/1 466/4/1 491/4/1
f 493/4/1 466/4/1 492/4/1
f 494/4/1 466/4/1 493/4/1
f 495/4/1 466/4/1 494/4/1
f 496/4/1 466/4/1 495/4/1
f 497/4/1 466/4/1 496/4/1
f 498/4/1 466/4/1 497/4/1
f 499/3/1 460/3/1 466/3/1
f 499/4/1 466/4/1 498/4/1
f 500/4/1 467/4/1 460/4/1
f 500/3/1 460/3/1 499/3/1
f 501/4/1 467/4/1 500/4/1
f 502/4/1 467/4/1 501/4/1
f 503/3/1 468/3/1 467/3/1
f 503/4/1 467/4/1 502/4/1
f 504/4/1 464/4/1 468/4/1
f 504/3/1 468/3/1 503/3/1
f 505/4/1 464/4/1 504/4/1
f 506/4/1 464/4/1 505/4/1
f 507/4/1 464/4/1 506/4/1
f 508/4/1 464/4/1 507/4/1
f 509/4/1 464/4/1 508/4/1
f 510/4/1 464/4/1 509/4/1
f 511/4/1 464/4/1 510/4/1
f 512/4/1 464/4/1 511/4/1
f 513/4/1 464/4/1 512/4/1
f 514/4/1 464/4/1 513/4/1
f 515/4/1 464/4/1 514/4/1
f 516/4/1 464/4/1 515/4/1
f 517/4/1 464/4/1 516/4/1
f 518/4/1 464/4/1 517/4/1
f 531/3/1 520/3/1 519/3/1
f 532/2/1 521/2/1 520/2/1
f 532/3/1 520/3/1 531/3/1
f 533/2/1 521/2/1 532/2/1
f 534/2/1 523/2/1 522/2/1
f 535/3/1 524/3/1 523/3/1
f 535/2/1 523/2/1 534/2/1
f 536/2/1 525/2/1 524/2/1
f 536/3/1 524/3/1 535/3/1
f 537/2/1 525/2/1 536/2/1
f 538/3/1 527/3/1 526/3/1
f 539/2/1 528/2/1 527/2/1
f 539/3/1 527/3/1 538/3/1
f 540/2/1 528/2/1 539/2/1
f 541/2/1 530/2/1 529/2/1
f 542/2/1 530/2/1 541/2/1
f 559/2/1 544/2/1 543/2/1
f 560/2/1 544/2/1 559/2/1
f 561/2/1 546/2/1 545/2/1
f 562/3/1 547/3/1 546/3/1
f 562/2/1 546/2/1 561/2/1
f 563/3/1 547/3/1 562/3/1
f 564/2/1 549/2/1 548/2/1
f 565/1/1 550/1/1 549/1/1
f 565/2/1 549/2/1 564/2/1
f 566/2/1 551/2/1 550/2/1
f 566/1/1 550/1/1 565/1/1
f 567/2/1 551/2/1 566/2/1
f 568/2/1 553/2/1 552/2/1
f 569/2/1 553/2/1 568/2/1
f 570/2/1 555/2/1 554/2/1
f 571/2/1 555/2/1 570/2/1
f 572/3/1 557/3/1 556/3/1
f 573/2/1 558/2/1 557/2/1
f 573/3/1 557/3/1 572/3/1
f 574/2/1 558/2/1 573/2/1
f 583/4/1 576/4/1 575/4/1
f 583/4/1 582/4/1 581/4/1
f 583/4/1 581/4/1 580/4/1
f 583/4/1 580/4/1 579/4/1
f 583/4/1 579/4/1 578/4/1
f 583/4/1 578/4/1 577/4/1
f 583/4/1 577/4/1 576/4/1
f 584/4/1 582/4/1 583/4/1
f 585/4/1 582/4/1 584/4/1
f 586/4/1 582/4/1 585/4/1
f 587/4/1 582/4/1 586/4/1
f 588/4/1 582/4/1 587/4/1
f 589/4/1 582/4/1 588/4/1
f 590/4/1 582/4/1 589/4/1
f 591/4/1 582/4/1 590/4/1
f 592/4/1 582/4/1 591/4/1
f 593/4/1 582/4/1 592/4/1
f 594/4/1 582/4/1 593/4/1
f 595/4/1 582/4/1 594/4/1
f 596/4/1 582/4/1 595/4/1
f 597/4/1 582/4/1 596/4/1
f 598/4/1 582/4/1 597/4/1
f 599/4/1 582/4/1 598/4/1
f 600/4/1 582/4/1 599/4/1
f 601/4/1 582/4/1 600/4/1
f 602/4/1 582/4/1 601/4/1
f 603/4/1 582/4/1 602/4/1
f 604/4/1 582/4/1 603/4/1
f 605/4/1 582/4/1 604/4/1
f 606/4/1 582/4/1 605/4/1
f 607/4/1 582/4/1 606/4/1
f 608/4/1 582/4/1 607/4/1
f 609/4/1 582/4/1 608/4/1
f 610/4/1 582/4/1 609/4/1
f 611/4/1 582/4/1 610/4/1
f 612/4/1 582/4/1 611/4/1
f 613/4/1 582/4/1 612/4/1
f 614/4/1 582/4/1 613/4/1
f 615/4/1 582/4/1 614/4/1
f 616/4/1 582/4/1 615/4/1
f 617/4/1 582/4/1 616/4/1
f 618/4/1 582/4/1 617/4/1
f 619/4/1 582/4/1 618/4/1
f 620/4/1 582/4/1 619/4/1
f 621/4/1 582/4/1 620/4/1
f 622/4/1 582/4/1 621/4/1
f 623/4/1 582/4/1 622/4/1
f 624/4/1 582/4/1 623/4/1
f 625/4/1 582/4/1 624/4/1
f 626/4/1 582/4/1 625/4/1
f 627/4/1 582/4/1 626/4/1
f 628/4/1 582/4/1 627/4/1
f 629/4/1 582/4/1 628/4/1
f 630/4/1 582/4/1 629/4/1
f 631/4/1 582/4/1 630/4/1
f 632/4/1 582/4/1 631/4/1
f 633/4/1 582/4/1 632/4/1
f 634/4/1 582/4/1 633/4/1
f 635/4/2 636/4/2 643/4/2
f 641/4/2 642/4/2 643/4/2
f 640/4/2 641/4/2 643/4/2
f 639/4/2 640/4/2 643/4/2
f 638/4/2 639/4/2 643/4/2
f 637/4/2 638/4/2 643/4/2
f 636/4/2 637/4/2 643/4/2
f 643/4/2 642/4/2 644/4/2
f 635/4/2 643/4/2 645/4/2
f 645/4/2 643/4/2 646/4/2
f 646/4/2 643/4/2 647/4/2
f 647/4/2 643/4/2 648/4/2
f 648/4/2 643/4/2 649/4/2
f 649/4/2 643/4/2 650/4/2
f 650/4/2 643/4/2 651/4/2
f 651/4/2 643/4/2 652/4/2
f 652/4/2 643/4/2 653/4/2
f 653/4/2 643/4/2 654/4/2
f 654/4/2 643/4/2 655/4/2
f 655/4/2 643/4/2 656/4/2
f 656/4/2 643/4/2 657/4/2
f 657/4/2 643/4/2 658/4/2
f 658/4/2 643/4/2 659/4/2
f 659/4/2 643/4/2 660/4/2
f 660/4/2 643/4/2 661/4/2
f 661/4/2 643/4/2 662/4/2
f 662/4/2 643/4/2 663/4/2
f 663/4/2 643/4/2 664/4/2
f 664/4/2 643/4/2 665/4/2
f 665/4/2 643/4/2 666/4/2
f 666/4/2 643/4/2 667/4/2
f 667/4/2 643/4/2 668/4/2
f 668/4/2 643/4/2 669/4/2
f 669/4/2 643/4/2 670/4/2
f 670/4/2 643/4/2 671/4/2
f 671/4/2 643/4/2 672/4/2
f 672/4/2 643/4/2 673/4/2
f 673/4/2 643/4/2 674/4/2
f 674/4/2 643/4/2 675/4/2
f 675/4/2 643/4/2 676/4/2
f 676/4/2 643/4/2 677/4/2
f 677/4/2 643/4/2 678/4/2
f 678/4/2 643/4/2 679/4/2
f 643/3/2 644/3/2 680/3/2
f 679/4/2 643/4/2 680/4/2
f 644/4/2 642/4/2 681/4/2
f 680/3/2 644/3/2 681/3/2
f 681/4/2 642/4/2 682/4/2
f 682/4/2 642/4/2 683/4/2
f 683/4/2 642/4/2 684/4/2
f 684/4/2 642/4/2 685/4/2
f 685/4/2 642/4/2 686/4/2
f 686/4/2 642/4/2 687/4/2
f 687/4/2 642/4/2 688/4/2
f 688/4/2 642/4/2 689/4/2
f 689/4/2 642/4/2 690/4/2
f 690/4/2 642/4/2 691/4/2
f 691/4/2 642/4/2 692/4/2
f 692/4/2 642/4/2 693/4/2
f 693/4/2 642/4/2 694/4/2
f 694/4/2 642/4/2 695/4/2
f 695/4/2 642/4/2 696/4/2
f 696/4/2 642/4/2 697/4/2
f 697/4/2 642/4/2 698/4/2
f 698/4/2 642/4/2 699/4/2
f 699/4/2 642/4/2 700/4/2
f 700/4/2 642/4/2 701/4/2
f 701/4/2 642/4/2 702/4/2
f 702/4/2 642/4/2 703/4/2
f 704/3/2 705/3/2 722/3/2
f 722/3/2 705/3/2 723/3/2
f 706/1/2 707/1/2 724/1/2
f 707/3/2 708/3/2 725/3/2
f 724/1/2 707/1/2 725/1/2
f 708/2/2 709/2/2 726/2/2
f 725/3/2 708/3/2 726/3/2
f 709/1/2 710/1/2 727/1/2
f 726/2/2 709/2/2 727/2/2
f 727/1/2 710/1/2 728/1/2
f 711/3/2 712/3/2 729/3/2
f 712/2/2 713/2/2 730/2/2
f 729/3/2 712/3/2 730/3/2
f 730/2/2 713/2/2 731/2/2
f 714/3/2 715/3/2 732/3/2
f 715/2/2 716/2/2 733/2/2
f 732/3/2 715/3/2 733/3/2
f 733/2/2 716/2/2 734/2/2
f 717/3/2 718/3/2 735/3/2
f 718/1/2 719/1/2 736/1/2
f 735/3/2 718/3/2 736/3/2
f 736/1/2 719/1/2 737/1/2
f 720/3/2 721/3/2 738/3/2
f 738/3/2 721/3/2 739/3/2
f 740/4/2 741/4/2 758/4/2
f 741/3/2 742/3/2 759/3/2
f 758/4/2 741/4/2 759/4/2
f 759/3/2 742/3/2 760/3/2
f 743/2/2 744/2/2 761/2/2
f 744/3/2 745/3/2 762/3/2
f 761/2/2 744/2/2 762/2/2
f 745/4/2 746/4/2 763/4/2
f 762/3/2 745/3/2 763/3/2
f 763/4/2 746/4/2 764/4/2
f 747/2/2 748/2/2 765/2/2
f 765/2/2 748/2/2 766/2/2
f 749/1/2 750/1/2 767/1/2
f 767/1/2 750/1/2 768/1/2
f 751/2/2 752/2/2 769/2/2
f 752/3/2 753/3/2 770/3/2
f 769/2/2 752/2/2 770/2/2
f 753/2/2 754/2/2 771/2/2
f 770/3/2 753/3/2 771/3/2
f 771/2/2 754/2/2 772/2/2
f 755/4/2 756/4/2 773/4/2
f 756/3/2 757/3/2 774/3/2
f 773/4/2 756/4/2 774/4/2
f 774/3/2 757/3/2 775/3/2
f 776/4/2 777/4/2 784/4/2
f 782/4/2 783/4/2 784/4/2
f 781/4/2 782/4/2 784/4/2
f 780/4/2 781/4/2 784/4/2
f 779/4/2 780/4/2 784/4/2
f 778/4/2 779/4/2 784/4/2
f 777/4/2 778/4/2 784/4/2
f 784/4/2 783/4/2 785/4/2
f 776/4/2 784/4/2 786/4/2
f 786/4/2 784/4/2 787/4/2
f 787/4/2 784/4/2 788/4/2
f 788/4/2 784/4/2 789/4/2
f 789/4/2 784/4/2 790/4/2
f 790/4/2 784/4/2 791/4/2
f 791/4/2 784/4/2 792/4/2
f 792/4/2 784/4/2 793/4/2
f 793/4/2 784/4/2 794/4/2
f 794/4/2 784/4/2 795/4/2
f 795/4/2 784/4/2 796/4/2
f 796/4/2 784/4/2 797/4/2
f 797/4/2 784/4/2 798/4/2
f 798/4/2 784/4/2 799/4/2
f 799/4/2 784/4/2 800/4/2
f 800/4/2 784/4/2 801/4/2
f 801/4/2 784/4/2 802/4/2
f 802/4/2 784/4/2 803/4/2
f 803/4/2 784/4/2 804/4/2
f 804/4/2 784/4/2 805/4/2
f 805/4/2 784/4/2 806/4/2
f 806/4/2 784/4/2 807/4/2
f 807/4/2 784/4/2 808/4/2
f 808/4/2 784/4/2 809/4/2
f 809/4/2 784/4/2 810/4/2
f 810/4/2 784/4/2 811/4/2
f 811/4/2 784/4/2 812/4/2
f 812/4/2 784/4/2 813/4/2
f 813/4/2 784/4/2 814/4/2
f 814/4/2 784/4/2 815/4/2
f 815/4/2 784/4/2 816/4/2
f 816/4/2 784/4/2 817/4/2
f 817/4/2 784/4/2 818/4/2
f 818/4/2 784/4/2 819/4/2
f 784/3/2 785/3/2 820/3/2
f 819/4/2 784/4/2 820/4/2
f 785/4/2 783/4/2 821/4/2
f 820/3/2 785/3/2 821/3/2
f 821/4/2 783/4/2 822/4/2
f 822/4/2 783/4/2 823/4/2
f 823/4/2 783/4/2 824/4/2
f 824/4/2 783/4/2 825/4/2
f 825/4/2 783/4/2 826/4/2
f 826/4/2 783/4/2 827/4/2
f 827/4/2 783/4/2 828/4/2
f 828/4/2 783/4/2 829/4/2
f 829/4/2 783/4/2 830/4/2
f 830/4/2 783/4/2 831/4/2
f 831/4/2 783/4/2 832/4/2
f 832/4/2 783/4/2 833/4/2
f 833/4/2 783/4/2 834/4/2
f 834/4/2 783/4/2 835/4/2
f 835/4/2 783/4/2 836/4/2
f 836/4/2 783/4/2 837/4/2
f 837/4/2 783/4/2 838/4/2
f 838/4/2 783/4/2 839/4/2
f 839/4/2 783/4/2 840/4/2
f 840/4/2 783/4/2 841/4/2
f 842/4/2 843/4/2 850/4/2
f 848/4/2 849/4/2 850/4/2
f 847/4/2 848/4/2 850/4/2
f 846/4/2 847/4/2 850/4/2
f 845/4/2 846/4/2 850/4/2
f 844/4/2 845/4/2 850/4/2
f 843/4/2 844/4/2 850/4/2
f 850/4/2 849/4/2 851/4/2
f 842/4/2 850/4/2 852/4/2
f 852/4/2 850/4/2 853/4/2
f 853/4/2 850/4/2 854/4/2
f 854/4/2 850/4/2 855/4/2
f 855/4/2 850/4/2 856/4/2
f 856/4/2 850/4/2 857/4/2
f 857/4/2 850/4/2 858/4/2
f 858/4/2 850/4/2 859/4/2
f 859/4/2 850/4/2 860/4/2
f 860/4/2 850/4/2 861/4/2
f 861/4/2 850/4/2 862/4/2
f 862/4/2 850/4/2 863/4/2
f 863/4/2 850/4/2 864/4/2
f 864/4/2 850/4/2 865/4/2
f 865/4/2 850/4/2 866/4/2
f 866/4/2 850/4/2 867/4/2
f 867/4/2 850/4/2 868/4/2
f 868/4/2 850/4/2 869/4/2
f 869/4/2 850/4/2 870/4/2
f 870/4/2 850/4/2 871/4/2
f 871/4/2 850/4/2 872/4/2
f 872/4/2 850/4/2 873/4/2
f 873/4/2 850/4/2 874/4/2
f 874/4/2 850/4/2 875/4/2
f 875/4/2 850/4/2 876/4/2
f 876/4/2 850/4/2 877/4/2
f 877/4/2 850/4/2 878/4/2
f 878/4/2 850/4/2 879/4/2
f 879/4/2 850/4/2 880/4/2
f 880/4/2 850/4/2 881/4/2
f 881/4/2 850/4/2 882/4/2
f 882/4/2 850/4/2 883/4/2
f 883/4/2 850/4/2 884/4/2
f 884/4/2 850/4/2 885/4/2
f 885/4/2 850/4/2 886/4/2
f 886/4/2 850/4/2 887/4/2
f 850/3/2 851/3/2 888/3/2
f 887/4/2 850/4/2 888/4/2
f 851/4/2 849/4/2 889/4/2
f 888/3/2 851/3/2 889/3/2
f 889/4/2 849/4/2 890/4/2
f 890/4/2 849/4/2 891/4/2
f 891/4/2 849/4/2 892/4/2
f 892/4/2 849/4/2 893/4/2
f 893/4/2 849/4/2 894/4/2
f 894/4/2 849/4/2 895/4/2
f 895/4/2 849/4/2 896/4/2
f 896/4/2 849/4/2 897/4/2
f 897/4/2 849/4/2 898/4/2
f 898/4/2 849/4/2 899/4/2
f 899/4/2 849/4/2 900/4/2
f 900/4/2 849/4/2 901/4/2
f 901/4/2 849/4/2 902/4/2
f 902/4/2 849/4/2 903/4/2
f 903/4/2 849/4/2 904/4/2
f 904/4/2 849/4/2 905/4/2
f 905/4/2 849/4/2 906/4/2
f 907/4/2 908/4/2 915/4/2
f 913/4/2 914/4/2 915/4/2
f 912/4/2 913/4/2 915/4/2
f 911/4/2 912/4/2 915/4/2
f 910/4/2 911/4/2 915/4/2
f 909/4/2 910/4/2 915/4/2
f 908/4/2 909/4/2 915/4/2
f 915/4/2 914/4/2 916/4/2
f 907/4/2 915/4/2 917/4/2
f 917/4/2 915/4/2 918/4/2
f 918/4/2 915/4/2 919/4/2
f 919/4/2 915/4/2 920/4/2
f 920/4/2 915/4/2 921/4/2
f 921/4/2 915/4/2 922/4/2
f 922/4/2 915/4/2 923/4/2
f 923/4/2 915/4/2 924/4/2
f 924/4/2 915/4/2 925/4/2
f 925/4/2 915/4/2 926/4/2
f 926/4/2 915/4/2 927/4/2
f 927/4/2 915/4/2 928/4/2
f 928/4/2 915/4/2 929/4/2
f 929/4/2 915/4/2 930/4/2
f 930/4/2 915/4/2 931/4/2
f 931/4/2 915/4/2 932/4/2
f 932/4/2 915/4/2 933/4/2
f 933/4/2 915/4/2 934/4/2
f 934/4/2 915/4/2 935/4/2
f 935/4/2 915/4/2 936/4/2
f 936/4/2 915/4/2 937/4/2
f 937/4/2 915/4/2 938/4/2
f 938/4/2 915/4/2 939/4/2
f 939/4/2 915/4/2 940/4/2
f 940/4/2 915/4/2 941/4/2
f 941/4/2 915/4/2 942/4/2
f 942/4/2 915/4/2 943/4/2
f 943/4/2 915/4/2 944/4/2
f 944/4/2 915/4/2 945/4/2
f 945/4/2 915/4/2 946/4/2
f 946/4/2 915/4/2 947/4/2
f 947/4/2 915/4/2 948/4/2
f 948/4/2 915/4/2 949/4/2
f 949/4/2 915/4/2 950/4/2
f 950/4/2 915/4/2 951/4/2
f 951/4/2 915/4/2 952/4/2
f 952/4/2 915/4/2 953/4/2
f 953/4/2 915/4/2 954/4/2
f 954/4/2 915/4/2 955/4/2
f 915/3/2 916/3/2 956/3/2
f 955/4/2 915/4/2 956/4/2
f 916/4/2 914/4/2 957/4/2
f 956/3/2 916/3/2 957/3/2
f 957/4/2 914/4/2 958/4/2
f 958/4/2 914/4/2 959/4/2
f 959/4/2 914/4/2 960/4/2
f 960/4/2 914/4/2 961/4/2
f 961/4/2 914/4/2 962/4/2
f 962/4/2 914/4/2 963/4/2
f 963/4/2 914/4/2 964/4/2
f 964/4/2 914/4/2 965/4/2
f 965/4/2 914/4/2 966/4/2
f 966/4/2 914/4/2 967/4/2
f 967/4/2 914/4/2 968/4/2
f 968/4/2 914/4/2 969/4/2
f 969/4/2 914/4/2 970/4/2
f 970/4/2 914/4/2 971/4/2
f 972/4/2 973/4/2 980/4/2
f 978/4/2 979/4/2 980/4/2
f 977/4/2 978/4/2 980/4/2
f 976/4/2 977/4/2 980/4/2
f 975/4/2 976/4/2 980/4/2
f 974/4/2 975/4/2 980/4/2
f 973/4/2 974/4/2 980/4/2
f 980/4/2 979/4/2 981/4/2
f 972/4/2 980/4/2 982/4/2
f 982/4/2 980/4/2 983/4/2
f 983/4/2 980/4/2 984/4/2
f 984/4/2 980/4/2 985/4/2
f 985/4/2 980/4/2 986/4/2
f 986/4/2 980/4/2 987/4/2
f 987/4/2 980/4/2 988/4/2
f 988/4/2 980/4/2 989/4/2
f 989/4/2 980/4/2 990/4/2
f 990/4/2 980/4/2 991/4/2
f 991/4/2 980/4/2 992/4/2
f 992/4/2 980/4/2 993/4/2
f 993/4/2 980/4/2 994/4/2
f 994/4/2 980/4/2 995/4/2
f 995/4/2 980/4/2 996/4/2
f 996/4/2 980/4/2 997/4/2
f 997/4/2 980/4/2 998/4/2
f 998/4/2 980/4/2 999/4/2
f 999/4/2 980/4/2 1000/4/2
f 1000/4/2 980/4/2 1001/4/2
f 1001/4/2 980/4/2 1002/4/2
f 1002/4/2 980/4/2 1003/4/2
f 1003/4/2 980/4/2 1004/4/2
f 1004/4/2 980/4/2 1005/4/2
f 1005/4/2 980/4/2 1006/4/2
f 1006/4/2 980/4/2 1007/4/2
f 1007/4/2 980/4/2 1008/4/2
f 1008/4/2 980/4/2 1009/4/2
f 1009/4/2 980/4/2 1010/4/2
f 1010/4/2 980/4/2 1011/4/2
f 1011/4/2 980/4/2 1012/4/2
f 1012/4/2 980/4/2 1013/4/2
f 1013/4/2 980/4/2 1014/4/2
f 1014/4/2 980/4/2 1015/4/2
f 980/3/2 981/3/2 1016/3/2
f 1015/4/2 980/4/2 1016/4/2
f 981/4/2 979/4/2 1017/4/2
f 1016/3/2 981/3/2 1017/3/2
f 1017/4/2 979/4/2 1018/4/2
f 1018/4/2 979/4/2 1019/4/2
f 1019/4/2 979/4/2 1020/4/2
f 1020/4/2 979/4/2 1021/4/2
f 1021/4/2 979/4/2 1022/4/2
f 1022/4/2 979/4/2 1023/4/2
f 1023/4/2 979/4/2 1024/4/2
f 1024/4/2 979/4/2 1025/4/2
f 1025/4/2 979/4/2 1026/4/2
f 1026/4/2 979/4/2 1027/4/2
f 1027/4/2 979/4/2 1028/4/2
f 1028/4/2 979/4/2 1029/4/2
f 1029/4/2 979/4/2 1030/4/2
f 1030/4/2 979/4/2 1031/4/2
f 1031/4/2 979/4/2 1032/4/2
f 1032/4/2 979/4/2 1033/4/2
f 1033/4/2 979/4/2 1034/4/2
f 1034/4/2 979/4/2 1035/4/2
f 1035/4/2 979/4/2 1036/4/2
f 1036/4/2 979/4/2 1037/4/2
f 1038/3/2 1039/3/2 1052/3/2
f 1052/3/2 1039/3/2 1053/3/2
f 1040/2/2 1041/2/2 1054/2/2
f 1054/2/2 1041/2/2 1055/2/2
f 1042/2/2 1043/2/2 1056/2/2
f 1043/3/2 1044/3/2 1057/3/2
f 1056/2/2 1043/2/2 1057/2/2
f 1044/2/2 1045/2/2 1058/2/2
f 1057/3/2 1044/3/2 1058/3/2
f 1058/2/2 1045/2/2 1059/2/2
f 1046/2/2 1047/2/2 1060/2/2
f 1060/2/2 1047/2/2 1061/2/2
f 1048/2/2 1049/2/2 1062/2/2
f 1062/2/2 1049/2/2 1063/2/2
f 1050/3/2 1051/3/2 1064/3/2
f 1064/3/2 1051/3/2 1065/3/2
f 1066/2/2 1067/2/2 1079/2/2
f 1079/2/2 1067/2/2 1080/2/2
f 1068/2/2 1069/2/2 1081/2/2
f 1081/2/2 1069/2/2 1082/2/2
f 1070/1/2 1071/1/2 1083/1/2
f 1071/3/2 1072/3/2 1084/3/2
f 1083/1/2 1071/1/2 1084/1/2
f 1084/3/2 1072/3/2 1085/3/2
f 1073/2/2 1074/2/2 1086/2/2
f 1086/2/2 1074/2/2 1087/2/2
f 1075/2/2 1076/2/2 1088/2/2
f 1088/2/2 1076/2/2 1089/2/2
f 1077/3/2 1078/3/2 1090/3/2
f 1090/3/2 1078/3/2 1091/3/2
f 1092/4/2 1093/4/2 1100/4/2
f 1098/4/2 1099/4/2 1100/4/2
f 1097/4/2 1098/4/2 1100/4/2
f 1096/4/2 1097/4/2 1100/4/2
f 1095/4/2 1096/4/2 1100/4/2
f 1094/4/2 1095/4/2 1100/4/2
f 1093/4/2 1094/4/2 1100/4/2
f 1100/4/2 1099/4/2 1101/4/2
f 1092/4/2 1100/4/2 1102/4/2
f 1102/4/2 1100/4/2 1103/4/2
f 1103/4/2 1100/4/2 1104/4/2
f 1104/4/2 1100/4/2 1105/4/2
f 1105/4/2 1100/4/2 1106/4/2
f 1106/4/2 1100/4/2 1107/4/2
f 1107/4/2 1100/4/2 1108/4/2
f 1108/4/2 1100/4/2 1109/4/2
f 1109/4/2 1100/4/2 1110/4/2
f 1110/4/2 1100/4/2 1111/4/2
f 1111/4/2 1100/4/2 1112/4/2
f 1112/4/2 1100/4/2 1113/4/2
f 1113/4/2 1100/4/2 1114/4/2
f 1114/4/2 1100/4/2 1115/4/2
f 1115/4/2 1100/4/2 1116/4/2
f 1116/4/2 1100/4/2 1117/4/2
f 1117/4/2 1100/4/2 1118/4/2
f 1118/4/2 1100/4/2 1119/4/2
f 1119/4/2 1100/4/2 1120/4/2
f 1120/4/2 1100/4/2 1121/4/2
f 1121/4/2 1100/4/2 1122/4/2
f 1122/4/2 1100/4/2 1123/4/2
f 1123/4/2 1100/4/2 1124/4/2
f 1124/4/2 1100/4/2 1125/4/2
f 1125/4/2 1100/4/2 1126/4/2
f 1126/4/2 1100/4/2 1127/4/2
f 1127/4/2 1100/4/2 1128/4/2
f 1128/4/2 1100/4/2 1129/4/2
f 1129/4/2 1100/4/2 1130/4/2
f 1100/3/2 1101/3/2 1131/3/2
f 1130/4/2 1100/4/2 1131/4/2
f 1101/4/2 1099/4/2 1132/4/2
f 1131/3/2 1101/3/2 1132/3/2
f 1132/4/2 1099/4/2 1133/4/2
f 1133/4/2 1099/4/2 1134/4/2
f 1134/4/2 1099/4/2 1135/4/2
f 1135/4/2 1099/4/2 1136/4/2
f 1136/4/2 1099/4/2 1137/4/2
f 1137/4/2 1099/4/2 1138/4/2
f 1138/4/2 1099/4/2 1139/4/2
f 1139/4/2 1099/4/2 1140/4/2
f 1140/4/2 1099/4/2 1141/4/2
f 1141/4/2 1099/4/2 1142/4/2
f 1142/4/2 1099/4/2 1143/4/2
f 1143/4/2 1099/4/2 1144/4/2
f 1144/4/2 1099/4/2 1145/4/2
f 1145/4/2 1099/4/2 1146/4/2
f 1146/4/2 1099/4/2 1147/4/2
f 1147/4/2 1099/4/2 1148/4/2
f 1148/4/2 1099/4/2 1149/4/2
f 1149/4/2 1099/4/2 1150/4/2
f 1151/4/2 1152/4/2 1159/4/2
f 1157/4/2 1158/4/2 1159/4/2
f 1156/4/2 1157/4/2 1159/4/2
f 1155/4/2 1156/4/2 1159/4/2
f 1154/4/2 1155/4/2 1159/4/2
f 1153/4/2 1154/4/2 1159/4/2
f 1152/4/2 1153/4/2 1159/4/2
f 1159/4/2 1158/4/2 1160/4/2
f 1160/4/2 1158/4/2 1161/4/2
f 1161/4/2 1158/4/2 1162/4/2
f 1162/4/2 1158/4/2 1163/4/2
f 1163/4/2 1158/4/2 1164/4/2
f 1164/4/2 1158/4/2 1165/4/2
f 1165/4/2 1158/4/2 1166/4/2
f 1166/4/2 1158/4/2 1167/4/2
f 1167/4/2 1158/4/2 1168/4/2
f 1168/4/2 1158/4/2 1169/4/2
f 1169/4/2 1158/4/2 1170/4/2
f 1170/4/2 1158/4/2 1171/4/2
f 1171/4/2 1158/4/2 1172/4/2
f 1172/4/2 1158/4/2 1173/4/2
f 1173/4/2 1158/4/2 1174/4/2
f 1174/4/2 1158/4/2 1175/4/2
f 1175/4/2 1158/4/2 1176/4/2
f 1176/4/2 1158/4/2 1177/4/2
f 1177/4/2 1158/4/2 1178/4/2
f 1178/4/2 1158/4/2 1179/4/2
f 1179/4/2 1158/4/2 1180/4/2
f 1180/4/2 1158/4/2 1181/4/2
f 1181/4/2 1158/4/2 1182/4/2
f 1182/4/2 1158/4/2 1183/4/2
f 1183/4/2 1158/4/2 1184/4/2
f 1184/4/2 1158/4/2 1185/4/2
f 1185/4/2 1158/4/2 1186/4/2
f 1186/4/2 1158/4/2 1187/4/2
f 1187/4/2 1158/4/2 1188/4/2
f 1188/4/2 1158/4/2 1189/4/2
f 1189/4/2 1158/4/2 1190/4/2
f 1190/4/2 1158/4/2 1191/4/2
f 1191/4/2 1158/4/2 1192/4/2
f 1192/4/2 1158/4/2 1193/4/2
f 1193/4/2 1158/4/2 1194/4/2
f 1194/4/2 1158/4/2 1195/4/2
f 1195/4/2 1158/4/2 1196/4/2
f 1196/4/2 1158/4/2 1197/4/2
f 1197/4/2 1158/4/2 1198/4/2
f 1198/4/2 1158/4/2 1199/4/2
f 1199/4/2 1158/4/2 1200/4/2
f 1200/4/2 1158/4/2 1201/4/2
f 1201/4/2 1158/4/2 1202/4/2
f 1202/4/2 1158/4/2 1203/4/2
f 1203/4/2 1158/4/2 1204/4/2
f 1204/4/2 1158/4/2 1205/4/2
f 1205/4/2 1158/4/2 1206/4/2
f 1206/4/2 1158/4/2 1207/4/2
f 1207/4/2 1158/4/2 1208/4/2
f 1208/4/2 1158/4/2 1209/4/2
f 1209/4/2 1158/4/2 1210/4/2
f 1210/4/2 1158/4/2 1211/4/2
f 1211/4/2 1158/4/2 1212/4/2
f 1213/6/2 1214/6/2 1215/6/2
f 1215/6/2 1214/6/2 1216/6/2
f 1216/6/2 1214/6/2 1217/6/2
f 1217/6/2 1214/6/2 1218/6/2
f 1218/6/2 1214/6/2 1219/6/2
f 1219/6/2 1214/6/2 1220/6/2
f 1220/6/2 1214/6/2 1221/6/2
f 1215/5/2 1216/5/2 1222/5/2
f 1222/5/2 1216/5/2 1223/5/2
f 1217/5/2 1218/5/2 1224/5/2
f 1224/5/2 1218/5/2 1225/5/2
f 1219/5/2 1220/5/2 1226/5/2
f 1226/5/2 1220/5/2 1227/5/2
f 1221/6/2 1214/6/2 1228/6/2
f 1228/6/2 1214/6/2 1229/6/2
f 1230/2/2 1231/2/2 1286/2/2
f 1231/3/2 1232/3/2 1287/3/2
f 1286/2/2 1231/2/2 1287/2/2
f 1232/2/2 1233/2/2 1288/2/2
f 1287/3/2 1232/3/2 1288/3/2
f 1288/2/2 1233/2/2 1289/2/2
f 1234/3/2 1235/3/2 1290/3/2
f 1235/2/2 1236/2/2 1291/2/2
f 1290/3/2 1235/3/2 1291/3/2
f 1236/3/2 1237/3/2 1292/3/2
f 1291/2/2 1236/2/2 1292/2/2
f 1292/3/2 1237/3/2 1293/3/2
f 1238/1/2 1239/1/2 1294/1/2
f 1239/2/2 1240/2/2 1295/2/2
f 1294/1/2 1239/1/2 1295/1/2
f 1240/3/2 1241/3/2 1296/3/2
f 1295/2/2 1240/2/2 1296/2/2
f 1296/3/2 1241/3/2 1297/3/2
f 1242/2/2 1243/2/2 1298/2/2
f 1243/3/2 1244/3/2 1299/3/2
f 1298/2/2 1243/2/2 1299/2/2
f 1244/2/2 1245/2/2 1300/2/2
f 1299/3/2 1244/3/2 1300/3/2
f 1300/2/2 1245/2/2 1301/2/2
f 1246/2/2 1247/2/2 1302/2/2
f 1247/3/2 1248/3/2 1303/3/2
f 1302/2/2 1247/2/2 1303/2/2
f 1303/3/2 1248/3/2 1304/3/2
f 1249/1/2 1250/1/2 1305/1/2
f 1250/3/2 1251/3/2 1306/3/2
f 1305/1/2 1250/1/2 1306/1/2
f 1306/3/2 1251/3/2 1307/3/2
f 1252/3/2 1253/3/2 1308/3/2
f 1253/2/2 1254/2/2 1309/2/2
f 1308/3/2 1253/3/2 1309/3/2
f 1309/2/2 1254/2/2 1310/2/2
f 1255/2/2 1256/2/2 1311/2/2
f 1256/3/2 1257/3/2 1312/3/2
f 1311/2/2 1256/2/2 1312/2/2
f 1257/2/2 1258/2/2 1313/2/2
f 1312/3/2 1257/3/2 1313/3/2
f 1313/2/2 1258/2/2 1314/2/2
f 1259/2/2 1260/2/2 1315/2/2
f 1260/3/2 1261/3/2 1316/3/2
f 1315/2/2 1260/2/2 1316/2/2
f 1261/2/2 1262/2/2 1317/2/2
f 1316/3/2 1261/3/2 1317/3/2
f 1317/2/2 1262/2/2 1318/2/2
f 1263/3/2 1264/3/2 1319/3/2
f 1264/2/2 1265/2/2 1320/2/2
f 1319/3/2 1264/3/2 1320/3/2
f 1320/2/2 1265/2/2 1321/2/2
f 1266/2/2 1267/2/2 1322/2/2
f 1267/3/2 1268/3/2 1323/3/2
f 1322/2/2 1267/2/2 1323/2/2
f 1268/2/2 1269/2/2 1324/2/2
f 1323/3/2 1268/3/2 1324/3/2
f 1324/2/2 1269/2/2 1325/2/2
f 1270/2/2 1271/2/2 1326/2/2
f 1271/1/2 1272/1/2 1327/1/2
f 1326/2/2 1271/2/2 1327/2/2
f 1272/2/2 1273/2/2 1328/2/2
f 1327/1/2 1272/1/2 1328/1/2
f 1328/2/2 1273/2/2 1329/2/2
f 1274/2/2 1275/2/2 1330/2/2
f 1275/3/2 1276/3/2 1331/3/2
f 1330/2/2 1275/2/2 1331/2/2
f 1276/2/2 1277/2/2 1332/2/2
f 1331/3/2 1276/3/2 1332/3/2
f 1332/2/2 1277/2/2 1333/2/2
f 1278/2/2 1279/2/2 1334/2/2
f 1279/1/2 1280/1/2 1335/1/2
f 1334/2/2 1279/2/2 1335/2/2
f 1280/3/2 1281/3/2 1336/3/2
f 1335/1/2 1280/1/2 1336/1/2
f 1336/3/2 1281/3/2 1337/3/2
f 1282/2/2 1283/2/2 1338/2/2
f 1283/3/2 1284/3/2 1339/3/2
f 1338/2/2 1283/2/2 1339/2/2
f 1284/2/2 1285/2/2 1340/2/2
f 1339/3/2 1284/3/2 1340/3/2
f 1340/2/2 1285/2/2 1341/2/2
f 1346/5/3 1344/5/3 1343/5/3
f 1346/4/3 1345/4/3 1344/4/3
f 1347/4/3 1345/4/3 1346/4/3
f 1348/5/3 1346/5/3 1343/5/3
f 1350/5/3 1348/5/3 1343/5/3
f 1350/4/3 1349/4/3 1348/4/3
f 1351/4/3 1349/4/3 1350/4/3
f 1352/5/3 1350/5/3 1343/5/3
f 1354/5/3 1352/5/3 1343/5/3
f 1354/4/3 1353/4/3 1352/4/3
f 1355/4/3 1353/4/3 1354/4/3
f 1356/5/3 1354/5/3 1343/5/3
f 1358/5/3 1356/5/3 1343/5/3
f 1358/4/3 1357/4/3 1356/4/3
f 1359/4/3 1357/4/3 1358/4/3
f 1360/5/3 1358/5/3 1343/5/3
f 1362/5/3 1360/5/3 1343/5/3
f 1362/4/3 1361/4/3 1360/4/3
f 1363/4/3 1361/4/3 1362/4/3
f 1364/5/3 1362/5/3 1343/5/3
f 1366/5/3 1364/5/3 1343/5/3
f 1366/4/3 1365/4/3 1364/4/3
f 1367/4/3 1365/4/3 1366/4/3
f 1368/5/3 1366/5/3 1343/5/3
f 1370/5/3 1368/5/3 1343/5/3
f 1370/4/3 1369/4/3 1368/4/3
f 1371/4/3 1369/4/3 1370/4/3
f 1372/6/3 1343/6/3 1342/6/3
f 1373/5/3 1370/5/3 1343/5/3
f 1373/6/3 1343/6/3 1372/6/3
f 1374/5/3 1370/5/3 1373/5/3
f 1377/2/3 1376/2/3 1375/2/3
f 1378/2/3 1376/2/3 1377/2/3
f 1379/2/3 1376/2/3 1378/2/3
f 1380/3/3 1379/3/3 1378/3/3
f 1381/3/3 1379/3/3 1380/3/3
f 1382/4/3 1381/4/3 1380/4/3
f 1383/4/3 1381/4/3 1382/4/3
f 1384/4/3 1381/4/3 1383/4/3
f 1387/4/3 1386/4/3 1385/4/3
f 1388/4/3 1386/4/3 1387/4/3
f 1389/3/3 1388/3/3 1387/3/3
f 1390/3/3 1388/3/3 1389/3/3
f 1391/2/3 1390/2/3 1389/2/3
f 1392/2/3 1390/2/3 1391/2/3
f 1393/2/3 1390/2/3 1392/2/3
f 1394/2/3 1390/2/3 1393/2/3
f 1395/2/3 1390/2/3 1394/2/3
f 1396/1/3 1395/1/3 1394/1/3
f 1397/1/3 1395/1/3 1396/1/3
f 1398/2/3 1397/2/3 1396/2/3
f 1399/2/3 1397/2/3 1398/2/3
f 1400/2/3 1397/2/3 1399/2/3
f 1401/2/3 1397/2/3 1400/2/3
f 1402/3/3 1401/3/3 1400/3/3
f 1403/3/3 1401/3/3 1402/3/3
f 1404/2/3 1403/2/3 1402/2/3
f 1405/2/3 1403/2/3 1404/2/3
f 1406/3/3 1405/3/3 1404/3/3
f 1407/3/3 1405/3/3 1406/3/3
f 1408/3/3 1405/3/3 1407/3/3
f 1409/2/3 1408/2/3 1407/2/3
f 1410/2/3 1408/2/3 1409/2/3
f 1411/2/3 1408/2/3 1410/2/3
f 1412/2/3 1408/2/3 1411/2/3
f 1415/3/3 1414/3/3 1413/3/3
f 1416/3/3 1414/3/3 1415/3/3
f 1417/3/3 1414/3/3 1416/3/3
f 1418/3/3 1414/3/3 1417/3/3
f 1419/3/3 1414/3/3 1418/3/3
f 1420/2/3 1419/2/3 1418/2/3
f 1421/2/3 1419/2/3 1420/2/3
f 1422/3/3 1421/3/3 1420/3/3
f 1423/3/3 1421/3/3 1422/3/3
f 1424/3/3 1421/3/3 1423/3/3
f 1425/2/3 1424/2/3 1423/2/3
f 1426/2/3 1424/2/3 1425/2/3
f 1427/2/3 1424/2/3 1426/2/3
f 1428/3/3 1427/3/3 1426/3/3
f 1429/3/3 1427/3/3 1428/3/3
f 1430/3/3 1427/3/3 1429/3/3
f 1431/3/3 1427/3/3 1430/3/3
f 1432/2/3 1431/2/3 1430/2/3
f 1433/2/3 1431/2/3 1432/2/3
f 1434/3/3 1433/3/3 1432/3/3
f 1435/3/3 1433/3/3 1434/3/3
f 1436/4/3 1435/4/3 1434/4/3
f 1437/4/3 1435/4/3 1436/4/3
f 1438/4/3 1435/4/3 1437/4/3
f 1439/3/3 1438/3/3 1437/3/3
f 1440/3/3 1438/3/3 1439/3/3
f 1441/2/3 1440/2/3 1439/2/3
f 1442/2/3 1440/2/3 1441/2/3
f 1443/3/3 1442/3/3 1441/3/3
f 1444/3/3 1442/3/3 1443/3/3
f 1447/3/3 1446/3/3 1445/3/3
f 1448/3/3 1446/3/3 1447/3/3
f 1449/3/3 1446/3/3 1448/3/3
f 1450/3/3 1446/3/3 1449/3/3
f 1451/2/3 1450/2/3 1449/2/3
f 1452/2/3 1450/2/3 1451/2/3
f 1453/2/3 1450/2/3 1452/2/3
f 1454/3/3 1453/3/3 1452/3/3
f 1455/3/3 1453/3/3 1454/3/3
f 1458/2/3 1457/2/3 1456/2/3
f 1459/2/3 1457/2/3 1458/2/3
f 1462/1/3 1461/1/3 1460/1/3
f 1463/1/3 1461/1/3 1462/1/3
f 1464/2/3 1463/2/3 1462/2/3
f 1465/2/3 1463/2/3 1464/2/3
f 1466/2/3 1463/2/3 1465/2/3
f 1467/1/3 1466/1/3 1465/1/3
f 1468/1/3 1466/1/3 1467/1/3
f 1471/2/3 1470/2/3 1469/2/3
f 1472/2/3 1470/2/3 1471/2/3
f 1473/2/3 1470/2/3 1472/2/3
f 1474/2/3 1470/2/3 1473/2/3
f 1475/2/3 1470/2/3 1474/2/3
f 1476/2/3 1470/2/3 1475/2/3
f 1477/2/3 1470/2/3 1476/2/3
f 1478/2/3 1470/2/3 1477/2/3
f 1479/2/3 1470/2/3 1478/2/3
f 1480/3/3 1479/3/3 1478/3/3
f 1481/3/3 1479/3/3 1480/3/3
f 1482/3/3 1479/3/3 1481/3/3
f 1483/3/3 1479/3/3 1482/3/3
f 1484/2/3 1483/2/3 1482/2/3
f 1485/2/3 1483/2/3 1484/2/3
f 1486/1/3 1485/1/3 1484/1/3
f 1487/1/3 1485/1/3 1486/1/3
f 1490/1/3 1489/1/3 1488/1/3
f 1491/1/3 1489/1/3 1490/1/3
f 1494/2/3 1493/2/3 1492/2/3
f 1495/2/3 1493/2/3 1494/2/3
f 1496/2/3 1493/2/3 1495/2/3
f 1497/2/3 1493/2/3 1496/2/3
f 1498/2/3 1493/2/3 1497/2/3
f 1499/3/3 1498/3/3 1497/3/3
f 1500/3/3 1498/3/3 1499/3/3
f 1501/1/3 1500/1/3 1499/1/3
f 1502/1/3 1500/1/3 1501/1/3
f 1503/1/3 1500/1/3 1502/1/3
f 1504/1/3 1500/1/3 1503/1/3
f 1505/2/3 1504/2/3 1503/2/3
f 1506/2/3 1504/2/3 1505/2/3
f 1507/2/3 1504/2/3 1506/2/3
f 1508/2/3 1504/2/3 1507/2/3
f 1509/2/3 1504/2/3 1508/2/3
f 1510/2/3 1504/2/3 1509/2/3
f 1511/3/3 1510/3/3 1509/3/3
f 1512/3/3 1510/3/3 1511/3/3
f 1513/2/3 1512/2/3 1511/2/3
f 1514/2/3 1512/2/3 1513/2/3
f 1517/2/3 1516/2/3 1515/2/3
f 1518/2/3 1516/2/3 1517/2/3
f 1519/2/3 1516/2/3 1518/2/3
f 1520/2/3 1516/2/3 1519/2/3
f 1523/2/3 1522/2/3 1521/2/3
f 1524/2/3 1522/2/3 1523/2/3
f 1525/2/3 1522/2/3 1524/2/3
f 1526/3/3 1525/3/3 1524/3/3
f 1527/3/3 1525/3/3 1526/3/3
f 1528/2/3 1527/2/3 1526/2/3
f 1529/2/3 1527/2/3 1528/2/3
f 1530/3/3 1529/3/3 1528/3/3
f 1531/3/3 1529/3/3 1530/3/3
f 1534/3/3 1533/3/3 1532/3/3
f 1535/3/3 1533/3/3 1534/3/3
f 1536/3/3 1533/3/3 1535/3/3
f 1537/2/3 1536/2/3 1535/2/3
f 1538/2/3 1536/2/3 1537/2/3
f 1539/2/3 1536/2/3 1538/2/3
f 1540/1/3 1539/1/3 1538/1/3
f 1541/1/3 1539/1/3 1540/1/3
f 1542/1/3 1539/1/3 1541/1/3
f 1543/1/3 1539/1/3 1542/1/3
f 1544/2/3 1543/2/3 1542/2/3
f 1545/2/3 1543/2/3 1544/2/3
f 1546/1/3 1545/1/3 1544/1/3
f 1547/1/3 1545/1/3 1546/1/3
f 1548/1/3 1545/1/3 1547/1/3
f 1549/1/3 1545/1/3 1548/1/3
f 1550/2/3 1549/2/3 1548/2/3
f 1551/2/3 1549/2/3 1550/2/3
f 1552/2/3 1549/2/3 1551/2/3
f 1553/2/3 1549/2/3 1552/2/3
f 1554/2/3 1549/2/3 1553/2/3
f 1555/2/3 1549/2/3 1554/2/3
f 1560/5/3 1557/5/3 1556/5/3
f 1561/1/3 1559/1/3 1558/1/3
f 1562/1/3 1559/1/3 1561/1/3
f 1563/2/3 1562/2/3 1561/2/3
f 1564/2/3 1562/2/3 1563/2/3
f 1565/5/3 1560/5/3 1556/5/3
f 1566/3/3 1564/3/3 1563/3/3
f 1567/3/3 1564/3/3 1566/3/3
f 1568/3/3 1564/3/3 1567/3/3
f 1569/5/3 1565/5/3 1556/5/3
f 1570/1/3 1568/1/3 1567/1/3
f 1571/1/3 1568/1/3 1570/1/3
f 1572/1/3 1568/1/3 1571/1/3
f 1573/3/3 1572/3/3 1571/3/3
f 1574/3/3 1572/3/3 1573/3/3
f 1575/5/3 1569/5/3 1556/5/3
f 1576/2/3 1574/2/3 1573/2/3
f 1577/5/3 1575/5/3 1556/5/3
f 1578/2/3 1574/2/3 1576/2/3
f 1579/5/3 1577/5/3 1556/5/3
f 1580/2/3 1574/2/3 1578/2/3
f 1581/2/3 1574/2/3 1580/2/3
f 1582/5/3 1579/5/3 1556/5/3
f 1583/3/3 1581/3/3 1580/3/3
f 1584/5/3 1582/5/3 1556/5/3
f 1585/3/3 1581/3/3 1583/3/3
f 1586/5/3 1584/5/3 1556/5/3
f 1587/3/3 1581/3/3 1585/3/3
f 1588/3/3 1581/3/3 1587/3/3
f 1589/5/3 1586/5/3 1556/5/3
f 1590/2/3 1588/2/3 1587/2/3
f 1591/2/3 1588/2/3 1590/2/3
f 1592/5/3 1589/5/3 1556/5/3
f 1595/5/3 1592/5/3 1556/5/3
f 1596/2/3 1594/2/3 1593/2/3
f 1597/5/3 1595/5/3 1556/5/3
f 1598/2/3 1594/2/3 1596/2/3
f 1599/2/3 1594/2/3 1598/2/3
f 1600/3/3 1599/3/3 1598/3/3
f 1601/3/3 1599/3/3 1600/3/3
f 1602/2/3 1601/2/3 1600/2/3
f 1603/2/3 1601/2/3 1602/2/3
f 1604/5/3 1597/5/3 1556/5/3
f 1605/5/3 1597/5/3 1604/5/3
f 1606/1/3 1603/1/3 1602/1/3
f 1607/1/3 1603/1/3 1606/1/3
f 1610/1/3 1609/1/3 1608/1/3
f 1611/1/3 1609/1/3 1610/1/3
f 1614/3/3 1613/3/3 1612/3/3
f 1615/3/3 1613/3/3 1614/3/3
f 1616/4/3 1615/4/3 1614/4/3
f 1617/4/3 1615/4/3 1616/4/3
f 1618/3/3 1617/3/3 1616/3/3
f 1619/3/3 1617/3/3 1618/3/3
f 1620/2/3 1619/2/3 1618/2/3
f 1621/2/3 1619/2/3 1620/2/3
f 1622/2/3 1619/2/3 1621/2/3
f 1625/2/3 1624/2/3 1623/2/3
f 1626/2/3 1624/2/3 1625/2/3
f 1627/3/3 1626/3/3 1625/3/3
f 1628/3/3 1626/3/3 1627/3/3
f 1629/1/3 1628/1/3 1627/1/3
f 1630/1/3 1628/1/3 1629/1/3
f 1631/1/3 1628/1/3 1630/1/3
f 1632/3/3 1631/3/3 1630/3/3
f 1633/3/3 1631/3/3 1632/3/3
f 1634/3/3 1631/3/3 1633/3/3
f 1635/3/3 1631/3/3 1634/3/3
f 1636/3/3 1631/3/3 1635/3/3
f 1637/3/3 1631/3/3 1636/3/3
f 1638/2/3 1637/2/3 1636/2/3
f 1639/2/3 1637/2/3 1638/2/3
f 1640/3/3 1639/3/3 1638/3/3
f 1641/3/3 1639/3/3 1640/3/3
f 1642/3/3 1639/3/3 1641/3/3
f 1643/2/3 1642/2/3 1641/2/3
f 1644/2/3 1642/2/3 1643/2/3
f 1645/2/3 1642/2/3 1644/2/3
f 1646/3/3 1645/3/3 1644/3/3
f 1647/3/3 1645/3/3 1646/3/3
f 1650/2/3 1649/2/3 1648/2/3
f 1651/2/3 1649/2/3 1650/2/3
f 1652/2/3 1649/2/3 1651/2/3
f 1653/2/3 1649/2/3 1652/2/3
f 1654/2/3 1649/2/3 1653/2/3
f 1655/2/3 1649/2/3 1654/2/3
f 1656/2/3 1649/2/3 1655/2/3
f 1657/2/3 1649/2/3 1656/2/3
f 1658/2/3 1649/2/3 1657/2/3
f 1659/1/3 1658/1/3 1657/1/3
f 1660/1/3 1658/1/3 1659/1/3
f 1661/1/3 1658/1/3 1660/1/3
f 1662/2/3 1661/2/3 1660/2/3
f 1663/2/3 1661/2/3 1662/2/3
f 1666/2/3 1665/2/3 1664/2/3
f 1667/2/3 1665/2/3 1666/2/3
f 1668/3/3 1667/3/3 1666/3/3
f 1669/3/3 1667/3/3 1668/3/3
f 1670/3/3 1667/3/3 1669/3/3
f 1671/3/3 1667/3/3 1670/3/3
f 1672/2/3 1671/2/3 1670/2/3
f 1673/2/3 1671/2/3 1672/2/3
f 1676/3/3 1675/3/3 1674/3/3
f 1677/3/3 1675/3/3 1676/3/3
f 1678/3/3 1675/3/3 1677/3/3
f 1681/2/3 1680/2/3 1679/2/3
f 1682/2/3 1680/2/3 1681/2/3
f 1683/2/3 1680/2/3 1682/2/3
f 1684/2/3 1680/2/3 1683/2/3
f 1685/2/3 1680/2/3 1684/2/3
f 1686/2/3 1680/2/3 1685/2/3
f 1687/2/3 1680/2/3 1686/2/3
f 1688/2/3 1680/2/3 1687/2/3
f 1689/2/3 1680/2/3 1688/2/3
f 1690/2/3 1680/2/3 1689/2/3
f 1691/2/3 1680/2/3 1690/2/3
f 1692/3/3 1691/3/3 1690/3/3
f 1693/3/3 1691/3/3 1692/3/3
f 1694/2/3 1693/2/3 1692/2/3
f 1695/2/3 1693/2/3 1694/2/3
f 1696/2/3 1693/2/3 1695/2/3
f 1699/2/3 1698/2/3 1697/2/3
f 1700/2/3 1698/2/3 1699/2/3
f 1703/3/3 1702/3/3 1701/3/3
f 1704/3/3 1702/3/3 1703/3/3
f 1705/3/3 1702/3/3 1704/3/3
f 1706/3/3 1702/3/3 1705/3/3
f 1707/3/3 1702/3/3 1706/3/3
f 1708/3/3 1702/3/3 1707/3/3
f 1709/3/3 1702/3/3 1708/3/3
f 1710/3/3 1702/3/3 1709/3/3
f 1711/3/3 1702/3/3 1710/3/3
f 1712/3/3 1702/3/3 1711/3/3
f 1713/1/3 1712/1/3 1711/1/3
f 1714/1/3 1712/1/3 1713/1/3
f 1715/1/3 1712/1/3 1714/1/3
f 1716/3/3 1715/3/3 1714/3/3
f 1717/3/3 1715/3/3 1716/3/3
f 1718/2/3 1717/2/3 1716/2/3
f 1719/2/3 1717/2/3 1718/2/3
f 1722/3/3 1721/3/3 1720/3/3
f 1723/3/3 1721/3/3 1722/3/3
f 1724/3/3 1721/3/3 1723/3/3
f 1725/3/3 1721/3/3 1724/3/3
f 1726/3/3 1721/3/3 1725/3/3
f 1731/5/3 1728/5/3 1727/5/3
f 1732/2/3 1730/2/3 1729/2/3
f 1733/2/3 1730/2/3 1732/2/3
f 1734/2/3 1730/2/3 1733/2/3
f 1735/5/3 1731/5/3 1727/5/3
f 1736/3/3 1734/3/3 1733/3/3
f 1737/3/3 1734/3/3 1736/3/3
f 1740/5/3 1735/5/3 1727/5/3
f 1741/3/3 1739/3/3 1738/3/3
f 1742/3/3 1739/3/3 1741/3/3
f 1743/3/3 1739/3/3 1742/3/3
f 1744/5/3 1740/5/3 1727/5/3
f 1745/2/3 1743/2/3 1742/2/3
f 1746/5/3 1744/5/3 1727/5/3
f 1747/5/3 1746/5/3 1727/5/3
f 1748/2/3 1743/2/3 1745/2/3
f 1749/5/3 1747/5/3 1727/5/3
f 1750/2/3 1743/2/3 1748/2/3
f 1751/2/3 1743/2/3 1750/2/3
f 1752/5/3 1749/5/3 1727/5/3
f 1753/5/3 1752/5/3 1727/5/3
f 1754/3/3 1751/3/3 1750/3/3
f 1755/3/3 1751/3/3 1754/3/3
f 1756/3/3 1751/3/3 1755/3/3
f 1757/5/3 1753/5/3 1727/5/3
f 1758/2/3 1756/2/3 1755/2/3
f 1759/5/3 1757/5/3 1727/5/3
f 1760/2/3 1756/2/3 1758/2/3
f 1761/5/3 1759/5/3 1727/5/3
f 1762/2/3 1756/2/3 1760/2/3
f 1763/5/3 1761/5/3 1727/5/3
f 1764/2/3 1756/2/3 1762/2/3
f 1765/5/3 1763/5/3 1727/5/3
f 1766/2/3 1756/2/3 1764/2/3
f 1767/5/3 1765/5/3 1727/5/3
f 1768/2/3 1756/2/3 1766/2/3
f 1769/5/3 1767/5/3 1727/5/3
f 1770/5/3 1767/5/3 1769/5/3
f 1771/2/3 1756/2/3 1768/2/3
f 1772/2/3 1756/2/3 1771/2/3
f 1775/1/3 1774/1/3 1773/1/3
f 1776/1/3 1774/1/3 1775/1/3
f 1779/2/3 1778/2/3 1777/2/3
f 1780/2/3 1778/2/3 1779/2/3
f 1781/2/3 1778/2/3 1780/2/3
f 1782/2/3 1778/2/3 1781/2/3
f 1783/2/3 1778/2/3 1782/2/3
f 1784/1/3 1783/1/3 1782/1/3
f 1785/1/3 1783/1/3 1784/1/3
f 1786/1/3 1783/1/3 1785/1/3
f 1787/1/3 1783/1/3 1786/1/3
f 1788/2/3 1787/2/3 1786/2/3
f 1789/2/3 1787/2/3 1788/2/3
f 1790/2/3 1787/2/3 1789/2/3
f 1791/2/3 1787/2/3 1790/2/3
f 1792/2/3 1787/2/3 1791/2/3
f 1793/2/3 1787/2/3 1792/2/3
f 1794/2/3 1787/2/3 1793/2/3
f 1797/2/3 1796/2/3 1795/2/3
f 1798/2/3 1796/2/3 1797/2/3
f 1799/2/3 1796/2/3 1798/2/3
f 1800/2/3 1796/2/3 1799/2/3
f 1803/2/3 1802/2/3 1801/2/3
f 1804/2/3 1802/2/3 1803/2/3
f 1807/2/3 1806/2/3 1805/2/3
f 1808/2/3 1806/2/3 1807/2/3
f 1809/2/3 1806/2/3 1808/2/3
f 1810/2/3 1806/2/3 1809/2/3
f 1813/3/3 1812/3/3 1811/3/3
f 1814/3/3 1812/3/3 1813/3/3
f 1815/3/3 1812/3/3 1814/3/3
f 1816/3/3 1812/3/3 1815/3/3
f 1817/2/3 1816/2/3 1815/2/3
f 1818/2/3 1816/2/3 1817/2/3
f 1819/1/3 1818/1/3 1817/1/3
f 1820/1/3 1818/1/3 1819/1/3
f 1821/1/3 1818/1/3 1820/1/3
f 1822/1/3 1818/1/3 1821/1/3
f 1823/3/3 1822/3/3 1821/3/3
f 1824/3/3 1822/3/3 1823/3/3
f 1825/3/3 1822/3/3 1824/3/3
f 1826/3/3 1822/3/3 1825/3/3
f 1827/2/3 1826/2/3 1825/2/3
f 1828/2/3 1826/2/3 1827/2/3
f 1829/2/3 1826/2/3 1828/2/3
f 1830/2/3 1826/2/3 1829/2/3
f 1831/3/3 1830/3/3 1829/3/3
f 1832/3/3 1830/3/3 1831/3/3
f 1833/3/3 1830/3/3 1832/3/3
f 1834/3/3 1830/3/3 1833/3/3
f 1835/2/3 1834/2/3 1833/2/3
f 1836/2/3 1834/2/3 1835/2/3
f 1839/1/3 1838/1/3 1837/1/3
f 1840/1/3 1838/1/3 1839/1/3
f 1841/2/3 1840/2/3 1839/2/3
f 1842/2/3 1840/2/3 1841/2/3
f 1843/2/3 1840/2/3 1842/2/3
f 1844/2/3 1840/2/3 1843/2/3
f 1845/2/3 1840/2/3 1844/2/3
f 1846/2/3 1840/2/3 1845/2/3
f 1847/2/3 1840/2/3 1846/2/3
f 1848/3/3 1847/3/3 1846/3/3
f 1849/3/3 1847/3/3 1848/3/3
f 1850/3/3 1847/3/3 1849/3/3
f 1851/3/3 1847/3/3 1850/3/3
f 1852/4/3 1851/4/3 1850/4/3
f 1853/4/3 1851/4/3 1852/4/3
f 1854/3/3 1853/3/3 1852/3/3
f 1855/3/3 1853/3/3 1854/3/3
f 1856/3/3 1853/3/3 1855/3/3
f 1859/2/3 1858/2/3 1857/2/3
f 1860/2/3 1858/2/3 1859/2/3
f 1861/2/3 1858/2/3 1860/2/3
f 1862/4/3 1861/4/3 1860/4/3
f 1863/4/3 1861/4/3 1862/4/3
f 1864/3/3 1863/3/3 1862/3/3
f 1865/3/3 1863/3/3 1864/3/3
f 1866/2/3 1865/2/3 1864/2/3
f 1867/2/3 1865/2/3 1866/2/3
f 1868/2/3 1865/2/3 1867/2/3
f 1871/3/3 1870/3/3 1869/3/3
f 1872/3/3 1870/3/3 1871/3/3
f 1875/2/3 1874/2/3 1873/2/3
f 1876/2/3 1874/2/3 1875/2/3
f 1877/2/3 1874/2/3 1876/2/3
f 1880/4/3 1877/4/3 1876/4/3
f 1881/4/3 1877/4/3 1880/4/3
f 1882/3/3 1881/3/3 1880/3/3
f 1883/3/3 1881/3/3 1882/3/3
f 1884/6/3 1879/6/3 1878/6/3
f 1885/4/3 1883/4/3 1882/4/3
f 1886/4/3 1883/4/3 1885/4/3
f 1887/4/3 1883/4/3 1886/4/3
f 1888/6/3 1884/6/3 1878/6/3
f 1891/4/3 1890/4/3 1889/4/3
f 1892/4/3 1890/4/3 1891/4/3
f 1893/6/3 1888/6/3 1878/6/3
f 1894/3/3 1892/3/3 1891/3/3
f 1895/3/3 1892/3/3 1894/3/3
f 1896/6/3 1893/6/3 1878/6/3
f 1897/2/3 1895/2/3 1894/2/3
f 1898/2/3 1895/2/3 1897/2/3
f 1899/4/3 1898/4/3 1897/4/3
f 1900/4/3 1898/4/3 1899/4/3
f 1901/6/3 1896/6/3 1878/6/3
f 1902/2/3 1900/2/3 1899/2/3
f 1903/6/3 1901/6/3 1878/6/3
f 1904/2/3 1900/2/3 1902/2/3
f 1905/2/3 1900/2/3 1904/2/3
f 1906/2/3 1900/2/3 1905/2/3
f 1907/1/3 1906/1/3 1905/1/3
f 1908/1/3 1906/1/3 1907/1/3
f 1909/6/3 1903/6/3 1878/6/3
f 1910/4/3 1908/4/3 1907/4/3
f 1911/6/3 1909/6/3 1878/6/3
f 1912/4/3 1908/4/3 1910/4/3
f 1913/6/3 1911/6/3 1878/6/3
f 1914/4/3 1908/4/3 1912/4/3
f 1915/4/3 1908/4/3 1914/4/3
f 1916/4/3 1908/4/3 1915/4/3
f 1917/6/3 1913/6/3 1878/6/3
f 1918/3/3 1916/3/3 1915/3/3
f 1919/3/3 1916/3/3 1918/3/3
f 1920/3/3 1916/3/3 1919/3/3
f 1921/6/3 1917/6/3 1878/6/3
f 1922/2/3 1920/2/3 1919/2/3
f 1923/6/3 1921/6/3 1878/6/3
f 1924/2/3 1920/2/3 1922/2/3
f 1925/6/3 1923/6/3 1878/6/3
f 1926/6/3 1923/6/3 1925/6/3
f 1927/2/3 1920/2/3 1924/2/3
f 1928/2/3 1920/2/3 1927/2/3
f 1931/6/3 1930/6/3 1929/6/3
f 1932/6/3 1931/6/3 1929/6/3
f 1933/6/3 1931/6/3 1932/6/3
f 1934/5/4 1935/5/4 1936/5/4
f 1934/5/4 1936/5/4 1937/5/4
f 1938/3/4 1939/3/4 1940/3/4
f 1940/3/4 1939/3/4 1941/3/4
f 1934/5/4 1937/5/4 1942/5/4
f 1934/5/4 1942/5/4 1943/5/4
f 1934/5/4 1943/5/4 1944/5/4
f 1934/5/4 1944/5/4 1945/5/4
f 1934/5/4 1945/5/4 1946/5/4
f 1934/5/4 1946/5/4 1947/5/4
f 1934/5/4 1947/5/4 1948/5/4
f 1934/5/4 1948/5/4 1949/5/4
f 1934/5/4 1949/5/4 1950/5/4
f 1934/5/4 1950/5/4 1951/5/4
f 1934/5/4 1951/5/4 1952/5/4
f 1934/5/4 1952/5/4 1953/5/4
f 1953/5/4 1952/5/4 1954/5/4
f 1955/2/4 1956/2/4 1957/2/4
f 1957/2/4 1956/2/4 1958/2/4
f 1958/2/4 1956/2/4 1959/2/4
f 1958/3/4 1959/3/4 1960/3/4
f 1960/3/4 1959/3/4 1961/3/4
f 1962/3/4 1963/3/4 1964/3/4
f 1964/3/4 1963/3/4 1965/3/4
f 1964/2/4 1965/2/4 1966/2/4
f 1966/2/4 1965/2/4 1967/2/4
f 1967/2/4 1965/2/4 1968/2/4
f 1968/2/4 1965/2/4 1969/2/4
f 1969/2/4 1965/2/4 1970/2/4
f 1970/2/4 1965/2/4 1971/2/4
f 1970/3/4 1971/3/4 1972/3/4
f 1972/3/4 1971/3/4 1973/3/4
f 1972/4/4 1973/4/4 1974/4/4
f 1974/4/4 1973/4/4 1975/4/4
f 1975/4/4 1973/4/4 1976/4/4
f 1976/4/4 1973/4/4 1977/4/4
f 1976/3/4 1977/3/4 1978/3/4
f 1978/3/4 1977/3/4 1979/3/4
f 1978/2/4 1979/2/4 1980/2/4
f 1980/2/4 1979/2/4 1981/2/4
f 1980/3/4 1981/3/4 1982/3/4
f 1982/3/4 1981/3/4 1983/3/4
f 1983/3/4 1981/3/4 1984/3/4
f 1983/2/4 1984/2/4 1985/2/4
f 1985/2/4 1984/2/4 1986/2/4
f 1986/2/4 1984/2/4 1987/2/4
f 1988/2/4 1989/2/4 1990/2/4
f 1990/2/4 1989/2/4 1991/2/4
f 1992/3/4 1993/3/4 1994/3/4
f 1994/3/4 1993/3/4 1995/3/4
f 1995/3/4 1993/3/4 1996/3/4
f 1995/2/4 1996/2/4 1997/2/4
f 1997/2/4 1996/2/4 1998/2/4
f 1998/2/4 1996/2/4 1999/2/4
f 1999/2/4 1996/2/4 2000/2/4
f 1999/3/4 2000/3/4 2001/3/4
f 2001/3/4 2000/3/4 2002/3/4
f 2001/2/4 2002/2/4 2003/2/4
f 2003/2/4 2002/2/4 2004/2/4
f 2004/2/4 2002/2/4 2005/2/4
f 2005/2/4 2002/2/4 2006/2/4
f 2005/3/4 2006/3/4 2007/3/4
f 2007/3/4 2006/3/4 2008/3/4
f 2007/4/4 2008/4/4 2009/4/4
f 2009/4/4 2008/4/4 2010/4/4
f 2009/3/4 2010/3/4 2011/3/4
f 2011/3/4 2010/3/4 2012/3/4
f 2012/3/4 2010/3/4 2013/3/4
f 2012/2/4 2013/2/4 2014/2/4
f 2014/2/4 2013/2/4 2015/2/4
f 2015/2/4 2013/2/4 2016/2/4
f 2016/2/4 2013/2/4 2017/2/4
f 2016/3/4 2017/3/4 2018/3/4
f 2018/3/4 2017/3/4 2019/3/4
f 2018/2/4 2019/2/4 2020/2/4
f 2020/2/4 2019/2/4 2021/2/4
f 2021/2/4 2019/2/4 2022/2/4
f 2023/2/4 2024/2/4 2025/2/4
f 2025/2/4 2024/2/4 2026/2/4
f 2026/2/4 2024/2/4 2027/2/4
f 2027/2/4 2024/2/4 2028/2/4
f 2027/3/4 2028/3/4 2029/3/4
f 2029/3/4 2028/3/4 2030/3/4
f 2031/3/4 2032/3/4 2033/3/4
f 2033/3/4 2032/3/4 2034/3/4
f 2034/3/4 2032/3/4 2035/3/4
f 2034/1/4 2035/1/4 2036/1/4
f 2036/1/4 2035/1/4 2037/1/4
f 2038/1/4 2039/1/4 2040/1/4
f 2040/1/4 2039/1/4 2041/1/4
f 2041/1/4 2039/1/4 2042/1/4
f 2041/2/4 2042/2/4 2043/2/4
f 2043/2/4 2042/2/4 2044/2/4
f 2044/2/4 2042/2/4 2045/2/4
f 2044/3/4 2045/3/4 2046/3/4
f 2046/3/4 2045/3/4 2047/3/4
f 2047/3/4 2045/3/4 2048/3/4
f 2048/3/4 2045/3/4 2049/3/4
f 2048/2/4 2049/2/4 2050/2/4
f 2050/2/4 2049/2/4 2051/2/4
f 2051/2/4 2049/2/4 2052/2/4
f 2052/2/4 2049/2/4 2053/2/4
f 2052/1/4 2053/1/4 2054/1/4
f 2054/1/4 2053/1/4 2055/1/4
f 2054/3/4 2055/3/4 2056/3/4
f 2056/3/4 2055/3/4 2057/3/4
f 2056/2/4 2057/2/4 2058/2/4
f 2058/2/4 2057/2/4 2059/2/4
f 2059/2/4 2057/2/4 2060/2/4
f 2060/2/4 2057/2/4 2061/2/4
f 2061/2/4 2057/2/4 2062/2/4
f 2061/3/4 2062/3/4 2063/3/4
f 2063/3/4 2062/3/4 2064/3/4
f 2065/2/4 2066/2/4 2067/2/4
f 2067/2/4 2066/2/4 2068/2/4
f 2067/4/4 2068/4/4 2069/4/4
f 2069/4/4 2068/4/4 2070/4/4
f 2070/4/4 2068/4/4 2071/4/4
f 2071/4/4 2068/4/4 2072/4/4
f 2071/3/4 2072/3/4 2073/3/4
f 2073/3/4 2072/3/4 2074/3/4
f 2073/1/4 2074/1/4 2075/1/4
f 2075/1/4 2074/1/4 2076/1/4
f 2076/1/4 2074/1/4 2077/1/4
f 2077/1/4 2074/1/4 2078/1/4
f 2077/3/4 2078/3/4 2079/3/4
f 2079/3/4 2078/3/4 2080/3/4
f 2079/4/4 2080/4/4 2081/4/4
f 2081/4/4 2080/4/4 2082/4/4
f 2081/3/4 2082/3/4 2083/3/4
f 2083/3/4 2082/3/4 2084/3/4
f 2083/1/4 2084/1/4 2085/1/4
f 2085/1/4 2084/1/4 2086/1/4
f 2085/2/4 2086/2/4 2087/2/4
f 2087/2/4 2086/2/4 2088/2/4
f 2088/2/4 2086/2/4 2089/2/4
f 2089/2/4 2086/2/4 2090/2/4
f 2090/2/4 2086/2/4 2091/2/4
f 2092/3/4 2093/3/4 2094/3/4
f 2094/3/4 2093/3/4 2095/3/4
f 2095/3/4 2093/3/4 2096/3/4
f 2096/3/4 2093/3/4 2097/3/4
f 2096/2/4 2097/2/4 2098/2/4
f 2098/2/4 2097/2/4 2099/2/4
f 2100/2/4 2101/2/4 2102/2/4
f 2102/2/4 2101/2/4 2103/2/4
f 2103/2/4 2101/2/4 2104/2/4
f 2105/2/4 2106/2/4 2107/2/4
f 2107/2/4 2106/2/4 2108/2/4
f 2108/2/4 2106/2/4 2109/2/4
f 2109/2/4 2106/2/4 2110/2/4
f 2110/2/4 2106/2/4 2111/2/4
f 2110/3/4 2111/3/4 2112/3/4
f 2112/3/4 2111/3/4 2113/3/4
f 2113/3/4 2111/3/4 2114/3/4
f 2114/3/4 2111/3/4 2115/3/4
f 2114/2/4 2115/2/4 2116/2/4
f 2116/2/4 2115/2/4 2117/2/4
f 2117/2/4 2115/2/4 2118/2/4
f 2118/2/4 2115/2/4 2119/2/4
f 2119/2/4 2115/2/4 2120/2/4
f 2119/3/4 2120/3/4 2121/3/4
f 2121/3/4 2120/3/4 2122/3/4
f 2122/3/4 2120/3/4 2123/3/4
f 2123/3/4 2120/3/4 2124/3/4
f 2124/3/4 2120/3/4 2125/3/4
f 2128/3/4 2129/3/4 2130/3/4
f 2130/3/4 2129/3/4 2131/3/4
f 2126/5/4 2127/5/4 2132/5/4
f 2130/1/4 2131/1/4 2133/1/4
f 2126/5/4 2132/5/4 2134/5/4
f 2133/1/4 2131/1/4 2135/1/4
f 2135/1/4 2131/1/4 2136/1/4
f 2135/2/4 2136/2/4 2137/2/4
f 2137/2/4 2136/2/4 2138/2/4
f 2126/5/4 2134/5/4 2139/5/4
f 2137/1/4 2138/1/4 2140/1/4
f 2140/1/4 2138/1/4 2141/1/4
f 2141/1/4 2138/1/4 2142/1/4
f 2126/5/4 2139/5/4 2143/5/4
f 2141/2/4 2142/2/4 2144/2/4
f 2126/5/4 2143/5/4 2145/5/4
f 2144/2/4 2142/2/4 2146/2/4
f 2146/2/4 2142/2/4 2147/2/4
f 2147/2/4 2142/2/4 2148/2/4
f 2126/5/4 2145/5/4 2149/5/4
f 2147/1/4 2148/1/4 2150/1/4
f 2126/5/4 2149/5/4 2151/5/4
f 2150/1/4 2148/1/4 2152/1/4
f 2152/1/4 2148/1/4 2153/1/4
f 2153/1/4 2148/1/4 2154/1/4
f 2153/2/4 2154/2/4 2155/2/4
f 2155/2/4 2154/2/4 2156/2/4
f 2126/5/4 2151/5/4 2157/5/4
f 2155/1/4 2156/1/4 2158/1/4
f 2126/5/4 2157/5/4 2159/5/4
f 2158/1/4 2156/1/4 2160/1/4
f 2126/5/4 2159/5/4 2161/5/4
f 2160/1/4 2156/1/4 2162/1/4
f 2162/1/4 2156/1/4 2163/1/4
f 2162/3/4 2163/3/4 2164/3/4
f 2164/3/4 2163/3/4 2165/3/4
f 2126/5/4 2161/5/4 2166/5/4
f 2167/2/4 2168/2/4 2169/2/4
f 2169/2/4 2168/2/4 2170/2/4
f 2126/5/4 2166/5/4 2171/5/4
f 2169/3/4 2170/3/4 2172/3/4
f 2126/5/4 2171/5/4 2173/5/4
f 2172/3/4 2170/3/4 2174/3/4
f 2126/5/4 2173/5/4 2175/5/4
f 2175/5/4 2173/5/4 2176/5/4
f 2174/3/4 2170/3/4 2177/3/4
f 2177/3/4 2170/3/4 2178/3/4
f 2179/2/4 2180/2/4 2181/2/4
f 2181/2/4 2180/2/4 2182/2/4
f 2182/2/4 2180/2/4 2183/2/4
f 2182/1/4 2183/1/4 2184/1/4
f 2184/1/4 2183/1/4 2185/1/4
f 2184/4/4 2185/4/4 2186/4/4
f 2186/4/4 2185/4/4 2187/4/4
f 2187/4/4 2185/4/4 2188/4/4
f 2189/1/4 2190/1/4 2191/1/4
f 2191/1/4 2190/1/4 2192/1/4
f 2192/1/4 2190/1/4 2193/1/4
f 2193/1/4 2190/1/4 2194/1/4
f 2193/2/4 2194/2/4 2195/2/4
f 2195/2/4 2194/2/4 2196/2/4
f 2196/2/4 2194/2/4 2197/2/4
f 2197/2/4 2194/2/4 2198/2/4
f 2197/1/4 2198/1/4 2199/1/4
f 2199/1/4 2198/1/4 2200/1/4
f 2200/1/4 2198/1/4 2201/1/4
f 2201/1/4 2198/1/4 2202/1/4
f 2201/3/4 2202/3/4 2203/3/4
f 2203/3/4 2202/3/4 2204/3/4
f 2203/2/4 2204/2/4 2205/2/4
f 2205/2/4 2204/2/4 2206/2/4
f 2206/2/4 2204/2/4 2207/2/4
f 2207/2/4 2204/2/4 2208/2/4
f 2208/2/4 2204/2/4 2209/2/4
f 2210/2/4 2211/2/4 2212/2/4
f 2212/2/4 2211/2/4 2213/2/4
f 2213/2/4 2211/2/4 2214/2/4
f 2214/2/4 2211/2/4 2215/2/4
f 2215/2/4 2211/2/4 2216/2/4
f 2216/2/4 2211/2/4 2217/2/4
f 2217/2/4 2211/2/4 2218/2/4
f 2218/2/4 2211/2/4 2219/2/4
f 2219/2/4 2211/2/4 2220/2/4
f 2220/2/4 2211/2/4 2221/2/4
f 2220/3/4 2221/3/4 2222/3/4
f 2222/3/4 2221/3/4 2223/3/4
f 2223/3/4 2221/3/4 2224/3/4
f 2223/1/4 2224/1/4 2225/1/4
f 2225/1/4 2224/1/4 2226/1/4
f 2225/2/4 2226/2/4 2227/2/4
f 2227/2/4 2226/2/4 2228/2/4
f 2229/2/4 2230/2/4 2231/2/4
f 2231/2/4 2230/2/4 2232/2/4
f 2232/2/4 2230/2/4 2233/2/4
f 2233/2/4 2230/2/4 2234/2/4
f 2234/2/4 2230/2/4 2235/2/4
f 2236/2/4 2237/2/4 2238/2/4
f 2238/2/4 2237/2/4 2239/2/4
f 2240/2/4 2241/2/4 2242/2/4
f 2242/2/4 2241/2/4 2243/2/4
f 2243/2/4 2241/2/4 2244/2/4
f 2244/2/4 2241/2/4 2245/2/4
f 2245/2/4 2241/2/4 2246/2/4
f 2247/3/4 2248/3/4 2249/3/4
f 2249/3/4 2248/3/4 2250/3/4
f 2250/3/4 2248/3/4 2251/3/4
f 2251/3/4 2248/3/4 2252/3/4
f 2251/2/4 2252/2/4 2253/2/4
f 2253/2/4 2252/2/4 2254/2/4
f 2254/2/4 2252/2/4 2255/2/4
f 2255/2/4 2252/2/4 2256/2/4
f 2255/1/4 2256/1/4 2257/1/4
f 2257/1/4 2256/1/4 2258/1/4
f 2258/1/4 2256/1/4 2259/1/4
f 2259/1/4 2256/1/4 2260/1/4
f 2259/2/4 2260/2/4 2261/2/4
f 2261/2/4 2260/2/4 2262/2/4
f 2262/2/4 2260/2/4 2263/2/4
f 2262/3/4 2263/3/4 2264/3/4
f 2264/3/4 2263/3/4 2265/3/4
f 2265/3/4 2263/3/4 2266/3/4
f 2266/3/4 2263/3/4 2267/3/4
f 2266/2/4 2267/2/4 2268/2/4
f 2268/2/4 2267/2/4 2269/2/4
f 2270/2/4 2271/2/4 2272/2/4
f 2272/2/4 2271/2/4 2273/2/4
f 2274/2/4 2275/2/4 2276/2/4
f 2276/2/4 2275/2/4 2277/2/4
f 2277/2/4 2275/2/4 2278/2/4
f 2277/1/4 2278/1/4 2279/1/4
f 2279/1/4 2278/1/4 2280/1/4
f 2280/1/4 2278/1/4 2281/1/4
f 2281/1/4 2278/1/4 2282/1/4
f 2281/2/4 2282/2/4 2283/2/4
f 2283/2/4 2282/2/4 2284/2/4
f 2284/2/4 2282/2/4 2285/2/4
f 2284/3/4 2285/3/4 2286/3/4
f 2286/3/4 2285/3/4 2287/3/4
f 2287/3/4 2285/3/4 2288/3/4
f 2288/3/4 2285/3/4 2289/3/4
f 2289/3/4 2285/3/4 2290/3/4
f 2289/2/4 2290/2/4 2291/2/4
f 2291/2/4 2290/2/4 2292/2/4
f 2293/2/4 2294/2/4 2295/2/4
f 2295/2/4 2294/2/4 2296/2/4
f 2296/2/4 2294/2/4 2297/2/4
f 2297/2/4 2294/2/4 2298/2/4
f 2299/3/4 2300/3/4 2301/3/4
f 2301/3/4 2300/3/4 2302/3/4
f 2303/5/4 2304/5/4 2307/5/4
f 2305/2/4 2306/2/4 2308/2/4
f 2303/5/4 2307/5/4 2309/5/4
f 2308/2/4 2306/2/4 2310/2/4
f 2310/2/4 2306/2/4 2311/2/4
f 2310/1/4 2311/1/4 2312/1/4
f 2312/1/4 2311/1/4 2313/1/4
f 2303/5/4 2309/5/4 2314/5/4
f 2303/5/4 2314/5/4 2317/5/4
f 2315/2/4 2316/2/4 2318/2/4
f 2303/5/4 2317/5/4 2319/5/4
f 2318/2/4 2316/2/4 2320/2/4
f 2320/2/4 2316/2/4 2321/2/4
f 2321/2/4 2316/2/4 2322/2/4
f 2321/3/4 2322/3/4 2323/3/4
f 2323/3/4 2322/3/4 2324/3/4
f 2303/5/4 2319/5/4 2325/5/4
f 2323/4/4 2324/4/4 2326/4/4
f 2303/5/4 2325/5/4 2327/5/4
f 2326/4/4 2324/4/4 2328/4/4
f 2328/4/4 2324/4/4 2329/4/4
f 2303/5/4 2327/5/4 2330/5/4
f 2328/3/4 2329/3/4 2331/3/4
f 2303/5/4 2330/5/4 2332/5/4
f 2331/3/4 2329/3/4 2333/3/4
f 2303/5/4 2332/5/4 2334/5/4
f 2333/3/4 2329/3/4 2335/3/4
f 2303/5/4 2334/5/4 2336/5/4
f 2335/3/4 2329/3/4 2337/3/4
f 2337/3/4 2329/3/4 2338/3/4
f 2338/3/4 2329/3/4 2339/3/4
f 2303/5/4 2336/5/4 2340/5/4
f 2338/2/4 2339/2/4 2341/2/4
f 2303/5/4 2340/5/4 2342/5/4
f 2341/2/4 2339/2/4 2343/2/4
f 2303/5/4 2342/5/4 2344/5/4
f 2344/5/4 2342/5/4 2345/5/4
f 2343/2/4 2339/2/4 2346/2/4
f 2346/2/4 2339/2/4 2347/2/4
f 2348/2/4 2349/2/4 2350/2/4
f 2350/2/4 2349/2/4 2351/2/4
f 2352/2/4 2353/2/4 2354/2/4
f 2354/2/4 2353/2/4 2355/2/4
f 2355/2/4 2353/2/4 2356/2/4
f 2355/1/4 2356/1/4 2357/1/4
f 2357/1/4 2356/1/4 2358/1/4
f 2358/1/4 2356/1/4 2359/1/4
f 2359/1/4 2356/1/4 2360/1/4
f 2359/2/4 2360/2/4 2361/2/4
f 2361/2/4 2360/2/4 2362/2/4
f 2362/2/4 2360/2/4 2363/2/4
f 2363/2/4 2360/2/4 2364/2/4
f 2364/2/4 2360/2/4 2365/2/4
f 2365/2/4 2360/2/4 2366/2/4
f 2365/1/4 2366/1/4 2367/1/4
f 2367/1/4 2366/1/4 2368/1/4
f 2368/1/4 2366/1/4 2369/1/4
f 2369/1/4 2366/1/4 2370/1/4
f 2369/2/4 2370/2/4 2371/2/4
f 2371/2/4 2370/2/4 2372/2/4
f 2373/2/4 2374/2/4 2375/2/4
f 2375/2/4 2374/2/4 2376/2/4
f 2375/1/4 2376/1/4 2377/1/4
f 2377/1/4 2376/1/4 2378/1/4
f 2377/2/4 2378/2/4 2379/2/4
f 2379/2/4 2378/2/4 2380/2/4
f 2380/2/4 2378/2/4 2381/2/4
f 2382/2/4 2383/2/4 2384/2/4
f 2384/2/4 2383/2/4 2385/2/4
f 2385/2/4 2383/2/4 2386/2/4
f 2386/2/4 2383/2/4 2387/2/4
f 2388/2/4 2389/2/4 2390/2/4
f 2390/2/4 2389/2/4 2391/2/4
f 2390/3/4 2391/3/4 2392/3/4
f 2392/3/4 2391/3/4 2393/3/4
f 2393/3/4 2391/3/4 2394/3/4
f 2394/3/4 2391/3/4 2395/3/4
f 2395/3/4 2391/3/4 2396/3/4
f 2396/3/4 2391/3/4 2397/3/4
f 2397/3/4 2391/3/4 2398/3/4
f 2398/3/4 2391/3/4 2399/3/4
f 2398/2/4 2399/2/4 2400/2/4
f 2400/2/4 2399/2/4 2401/2/4
f 2401/2/4 2399/2/4 2402/2/4
f 2402/2/4 2399/2/4 2403/2/4
f 2403/2/4 2399/2/4 2404/2/4
f 2404/2/4 2399/2/4 2405/2/4
f 2406/2/4 2407/2/4 2408/2/4
f 2408/2/4 2407/2/4 2409/2/4
f 2410/3/4 2411/3/4 2412/3/4
f 2412/3/4 2411/3/4 2413/3/4
f 2412/2/4 2413/2/4 2414/2/4
f 2414/2/4 2413/2/4 2415/2/4
f 2415/2/4 2413/2/4 2416/2/4
f 2416/2/4 2413/2/4 2417/2/4
f 2416/3/4 2417/3/4 2418/3/4
f 2418/3/4 2417/3/4 2419/3/4
f 2419/3/4 2417/3/4 2420/3/4
f 2419/2/4 2420/2/4 2421/2/4
f 2421/2/4 2420/2/4 2422/2/4
f 2422/2/4 2420/2/4 2423/2/4
f 2423/2/4 2420/2/4 2424/2/4
f 2424/2/4 2420/2/4 2425/2/4
f 2425/2/4 2420/2/4 2426/2/4
f 2426/2/4 2420/2/4 2427/2/4
f 2426/3/4 2427/3/4 2428/3/4
f 2428/3/4 2427/3/4 2429/3/4
f 2430/2/4 2431/2/4 2432/2/4
f 2432/2/4 2431/2/4 2433/2/4
f 2432/3/4 2433/3/4 2434/3/4
f 2434/3/4 2433/3/4 2435/3/4
f 2434/2/4 2435/2/4 2436/2/4
f 2436/2/4 2435/2/4 2437/2/4
f 2436/3/4 2437/3/4 2438/3/4
f 2438/3/4 2437/3/4 2439/3/4
f 2439/3/4 2437/3/4 2440/3/4
f 2440/3/4 2437/3/4 2441/3/4
f 2440/1/4 2441/1/4 2442/1/4
f 2442/1/4 2441/1/4 2443/1/4
f 2442/3/4 2443/3/4 2444/3/4
f 2444/3/4 2443/3/4 2445/3/4
f 2446/3/4 2447/3/4 2448/3/4
f 2448/3/4 2447/3/4 2449/3/4
f 2450/6/4 2451/6/4 2454/6/4
f 2451/4/4 2452/4/4 2454/4/4
f 2452/2/4 2453/2/4 2455/2/4
f 2454/4/4 2452/4/4 2455/4/4
f 2455/2/4 2453/2/4 2456/2/4
f 2456/2/4 2453/2/4 2457/2/4
f 2450/6/4 2454/6/4 2458/6/4
f 2456/3/4 2457/3/4 2459/3/4
f 2459/3/4 2457/3/4 2460/3/4
f 2450/6/4 2458/6/4 2461/6/4
f 2458/4/4 2459/4/4 2461/4/4
f 2461/4/4 2459/4/4 2462/4/4
f 2462/3/4 2463/3/4 2464/3/4
f 2464/3/4 2463/3/4 2465/3/4
f 2450/6/4 2461/6/4 2466/6/4
f 2464/2/4 2465/2/4 2467/2/4
f 2450/6/4 2466/6/4 2468/6/4
f 2466/4/4 2467/4/4 2468/4/4
f 2467/2/4 2465/2/4 2469/2/4
f 2468/4/4 2467/4/4 2469/4/4
f 2450/6/4 2468/6/4 2470/6/4
f 2469/2/4 2465/2/4 2471/2/4
f 2450/6/4 2470/6/4 2472/6/4
f 2470/4/4 2471/4/4 2472/4/4
f 2471/2/4 2465/2/4 2473/2/4
f 2472/4/4 2471/4/4 2473/4/4
f 2473/2/4 2465/2/4 2474/2/4
f 2474/2/4 2465/2/4 2475/2/4
f 2474/3/4 2475/3/4 2476/3/4
f 2476/3/4 2475/3/4 2477/3/4
f 2450/6/4 2472/6/4 2478/6/4
f 2476/4/4 2477/4/4 2479/4/4
f 2450/6/4 2478/6/4 2480/6/4
f 2478/4/4 2479/4/4 2480/4/4
f 2479/4/4 2477/4/4 2481/4/4
f 2480/4/4 2479/4/4 2481/4/4
f 2481/4/4 2477/4/4 2482/4/4
f 2482/4/4 2477/4/4 2483/4/4
f 2450/6/4 2480/6/4 2484/6/4
f 2482/3/4 2483/3/4 2485/3/4
f 2485/3/4 2483/3/4 2486/3/4
f 2484/4/4 2485/4/4 2487/4/4
f 2485/2/4 2486/2/4 2487/2/4
f 2487/2/4 2486/2/4 2488/2/4
f 2450/6/4 2484/6/4 2489/6/4
f 2484/4/4 2487/4/4 2489/4/4
f 2487/4/4 2488/4/4 2489/4/4
f 2489/4/4 2488/4/4 2490/4/4
f 2450/6/4 2489/6/4 2491/6/4
f 2490/4/4 2488/4/4 2492/4/4
f 2450/6/4 2491/6/4 2493/6/4
f 2491/4/4 2492/4/4 2493/4/4
f 2492/4/4 2488/4/4 2494/4/4
f 2493/4/4 2492/4/4 2494/4/4
f 2494/4/4 2488/4/4 2495/4/4
f 2495/4/4 2488/4/4 2496/4/4
f 2450/6/4 2493/6/4 2497/6/4
f 2497/6/4 2493/6/4 2498/6/4
f 2495/2/4 2496/2/4 2499/2/4
f 2499/2/4 2496/2/4 2500/2/4
f 2503/6/5 2502/6/5 2501/6/5
f 2504/6/5 2502/6/5 2503/6/5
f 2519/4/5 2506/4/5 2505/4/5
f 2520/4/5 2506/4/5 2519/4/5
f 2521/4/5 2508/4/5 2507/4/5
f 2522/4/5 2508/4/5 2521/4/5
f 2523/4/5 2510/4/5 2509/4/5
f 2524/4/5 2510/4/5 2523/4/5
f 2525/4/5 2512/4/5 2511/4/5
f 2526/4/5 2512/4/5 2525/4/5
f 2527/4/5 2514/4/5 2513/4/5
f 2528/4/5 2514/4/5 2527/4/5
f 2529/4/5 2516/4/5 2515/4/5
f 2530/4/5 2516/4/5 2529/4/5
f 2531/4/5 2518/4/5 2517/4/5
f 2532/4/5 2518/4/5 2531/4/5
f 2547/4/5 2544/4/5 2543/4/5
f 2548/4/5 2544/4/5 2547/4/5
f 2549/4/5 2536/4/5 2535/4/5
f 2550/4/5 2536/4/5 2549/4/5
f 2551/3/5 2550/3/5 2549/3/5
f 2552/4/5 2536/4/5 2550/4/5
f 2552/3/5 2550/3/5 2551/3/5
f 2553/3/5 2548/3/5 2547/3/5
f 2554/4/5 2544/4/5 2548/4/5
f 2554/3/5 2548/3/5 2553/3/5
f 2555/4/5 2538/4/5 2537/4/5
f 2556/4/5 2538/4/5 2555/4/5
f 2557/4/5 2540/4/5 2539/4/5
f 2558/4/5 2540/4/5 2557/4/5
f 2559/4/5 2534/4/5 2533/4/5
f 2560/4/5 2534/4/5 2559/4/5
f 2561/4/5 2552/4/5 2551/4/5
f 2562/4/5 2536/4/5 2552/4/5
f 2562/4/5 2552/4/5 2561/4/5
f 2563/3/5 2556/3/5 2555/3/5
f 2564/4/5 2538/4/5 2556/4/5
f 2564/3/5 2556/3/5 2563/3/5
f 2565/4/5 2538/4/5 2564/4/5
f 2566/3/5 2558/3/5 2557/3/5
f 2567/4/5 2540/4/5 2558/4/5
f 2567/3/5 2558/3/5 2566/3/5
f 2568/4/5 2540/4/5 2567/4/5
f 2569/4/5 2542/4/5 2541/4/5
f 2570/4/5 2542/4/5 2569/4/5
f 2571/4/5 2554/4/5 2553/4/5
f 2572/4/5 2544/4/5 2554/4/5
f 2572/4/5 2554/4/5 2571/4/5
f 2573/4/5 2546/4/5 2545/4/5
f 2574/4/5 2546/4/5 2573/4/5
f 2589/4/5 2578/4/5 2577/4/5
f 2590/4/5 2578/4/5 2589/4/5
f 2591/4/5 2580/4/5 2579/4/5
f 2592/4/5 2580/4/5 2591/4/5
f 2593/4/5 2582/4/5 2581/4/5
f 2594/4/5 2582/4/5 2593/4/5
f 2595/4/5 2584/4/5 2583/4/5
f 2596/4/5 2584/4/5 2595/4/5
f 2597/4/5 2586/4/5 2585/4/5
f 2598/4/5 2586/4/5 2597/4/5
f 2599/4/5 2588/4/5 2587/4/5
f 2600/4/5 2588/4/5 2599/4/5
f 2601/4/5 2576/4/5 2575/4/5
f 2602/4/5 2576/4/5 2601/4/5
f 2625/2/5 2604/2/5 2603/2/5
f 2626/3/5 2605/3/5 2604/3/5
f 2626/2/5 2604/2/5 2625/2/5
f 2627/4/5 2606/4/5 2605/4/5
f 2627/3/5 2605/3/5 2626/3/5
f 2628/4/5 2608/4/5 2607/4/5
f 2629/3/5 2609/3/5 2608/3/5
f 2629/4/5 2608/4/5 2628/4/5
f 2630/3/5 2609/3/5 2629/3/5
f 2631/2/5 2611/2/5 2610/2/5
f 2632/2/5 2611/2/5 2631/2/5
f 2633/2/5 2613/2/5 2612/2/5
f 2634/1/5 2614/1/5 2613/1/5
f 2634/2/5 2613/2/5 2633/2/5
f 2635/2/5 2615/2/5 2614/2/5
f 2635/1/5 2614/1/5 2634/1/5
f 2636/2/5 2615/2/5 2635/2/5
f 2637/2/5 2617/2/5 2616/2/5
f 2638/3/5 2618/3/5 2617/3/5
f 2638/2/5 2617/2/5 2637/2/5
f 2639/3/5 2621/3/5 2620/3/5
f 2639/2/5 2622/2/5 2621/2/5
f 2640/2/5 2622/2/5 2639/2/5
f 2641/2/5 2622/2/5 2640/2/5
f 2642/2/5 2622/2/5 2641/2/5
f 2643/2/5 2624/2/5 2623/2/5
f 2644/2/5 2624/2/5 2643/2/5
f 2645/3/5 2626/3/5 2625/3/5
f 2646/4/5 2627/4/5 2626/4/5
f 2646/3/5 2626/3/5 2645/3/5
f 2647/4/5 2627/4/5 2646/4/5
f 2648/4/5 2606/4/5 2627/4/5
f 2648/4/5 2627/4/5 2647/4/5
f 2649/2/5 2629/2/5 2628/2/5
f 2649/2/5 2630/2/5 2629/2/5
f 2650/2/5 2630/2/5 2649/2/5
f 2651/3/5 2609/3/5 2630/3/5
f 2651/2/5 2630/2/5 2650/2/5
f 2652/3/5 2609/3/5 2651/3/5
f 2653/3/5 2632/3/5 2631/3/5
f 2654/3/5 2632/3/5 2653/3/5
f 2655/3/5 2634/3/5 2633/3/5
f 2655/3/5 2635/3/5 2634/3/5
f 2656/3/5 2635/3/5 2655/3/5
f 2657/3/5 2635/3/5 2656/3/5
f 2658/1/5 2636/1/5 2635/1/5
f 2658/3/5 2635/3/5 2657/3/5
f 2659/1/5 2636/1/5 2658/1/5
f 2660/3/5 2638/3/5 2637/3/5
f 2661/3/5 2638/3/5 2660/3/5
f 2662/2/5 2619/2/5 2618/2/5
f 2662/3/5 2638/3/5 2661/3/5
f 2662/3/5 2618/3/5 2638/3/5
f 2663/2/5 2619/2/5 2662/2/5
f 2664/3/5 2640/3/5 2639/3/5
f 2664/2/5 2641/2/5 2640/2/5
f 2665/3/5 2642/3/5 2641/3/5
f 2665/2/5 2641/2/5 2664/2/5
f 2666/3/5 2644/3/5 2643/3/5
f 2667/3/5 2644/3/5 2666/3/5
f 2668/2/5 2647/2/5 2646/2/5
f 2668/2/5 2646/2/5 2645/2/5
f 2669/3/5 2648/3/5 2647/3/5
f 2669/2/5 2647/2/5 2668/2/5
f 2670/3/5 2648/3/5 2669/3/5
f 2671/3/5 2650/3/5 2649/3/5
f 2672/2/5 2652/2/5 2651/2/5
f 2672/3/5 2650/3/5 2671/3/5
f 2672/2/5 2651/2/5 2650/2/5
f 2673/2/5 2652/2/5 2672/2/5
f 2674/2/5 2654/2/5 2653/2/5
f 2675/2/5 2654/2/5 2674/2/5
f 2676/2/5 2656/2/5 2655/2/5
f 2677/3/5 2657/3/5 2656/3/5
f 2677/2/5 2656/2/5 2676/2/5
f 2678/4/5 2659/4/5 2658/4/5
f 2678/3/5 2657/3/5 2677/3/5
f 2678/4/5 2658/4/5 2657/4/5
f 2679/4/5 2659/4/5 2678/4/5
f 2680/4/5 2661/4/5 2660/4/5
f 2681/3/5 2663/3/5 2662/3/5
f 2681/4/5 2661/4/5 2680/4/5
f 2681/3/5 2662/3/5 2661/3/5
f 2682/3/5 2663/3/5 2681/3/5
f 2683/3/5 2664/3/5 2639/3/5
f 2683/3/5 2639/3/5 2620/3/5
f 2683/3/5 2665/3/5 2664/3/5
f 2684/3/5 2642/3/5 2665/3/5
f 2684/3/5 2665/3/5 2683/3/5
f 2685/2/5 2667/2/5 2666/2/5
f 2686/2/5 2667/2/5 2685/2/5
f 2710/3/5 2688/3/5 2687/3/5
f 2711/3/5 2688/3/5 2710/3/5
f 2712/3/5 2690/3/5 2689/3/5
f 2713/2/5 2691/2/5 2690/2/5
f 2713/3/5 2690/3/5 2712/3/5
f 2714/2/5 2691/2/5 2713/2/5
f 2715/3/5 2692/3/5 2691/3/5
f 2715/2/5 2691/2/5 2714/2/5
f 2716/2/5 2694/2/5 2693/2/5
f 2717/2/5 2694/2/5 2716/2/5
f 2718/2/5 2694/2/5 2717/2/5
f 2719/3/5 2695/3/5 2694/3/5
f 2719/2/5 2694/2/5 2718/2/5
f 2720/3/5 2697/3/5 2696/3/5
f 2720/2/5 2698/2/5 2697/2/5
f 2721/3/5 2699/3/5 2698/3/5
f 2721/2/5 2698/2/5 2720/2/5
f 2722/3/5 2699/3/5 2721/3/5
f 2723/3/5 2699/3/5 2722/3/5
f 2724/4/5 2701/4/5 2700/4/5
f 2725/3/5 2702/3/5 2701/3/5
f 2725/4/5 2701/4/5 2724/4/5
f 2726/2/5 2703/2/5 2702/2/5
f 2726/3/5 2702/3/5 2725/3/5
f 2727/3/5 2704/3/5 2703/3/5
f 2727/2/5 2703/2/5 2726/2/5
f 2728/2/5 2708/2/5 2707/2/5
f 2729/2/5 2708/2/5 2728/2/5
f 2730/3/5 2709/3/5 2708/3/5
f 2730/2/5 2708/2/5 2729/2/5
f 2731/3/5 2709/3/5 2730/3/5
f 2732/2/5 2711/2/5 2710/2/5
f 2733/3/5 2688/3/5 2711/3/5
f 2733/2/5 2711/2/5 2732/2/5
f 2734/3/5 2688/3/5 2733/3/5
f 2735/2/5 2714/2/5 2713/2/5
f 2735/2/5 2713/2/5 2712/2/5
f 2736/3/5 2715/3/5 2714/3/5
f 2736/2/5 2714/2/5 2735/2/5
f 2737/3/5 2692/3/5 2715/3/5
f 2737/3/5 2715/3/5 2736/3/5
f 2738/4/5 2717/4/5 2716/4/5
f 2739/3/5 2718/3/5 2717/3/5
f 2739/4/5 2717/4/5 2738/4/5
f 2740/3/5 2718/3/5 2739/3/5
f 2741/4/5 2719/4/5 2718/4/5
f 2741/3/5 2718/3/5 2740/3/5
f 2742/3/5 2720/3/5 2696/3/5
f 2742/3/5 2721/3/5 2720/3/5
f 2742/3/5 2722/3/5 2721/3/5
f 2743/2/5 2723/2/5 2722/2/5
f 2743/3/5 2722/3/5 2742/3/5
f 2744/3/5 2725/3/5 2724/3/5
f 2744/3/5 2726/3/5 2725/3/5
f 2744/3/5 2727/3/5 2726/3/5
f 2745/3/5 2704/3/5 2727/3/5
f 2745/3/5 2727/3/5 2744/3/5
f 2746/3/5 2706/3/5 2705/3/5
f 2747/3/5 2706/3/5 2746/3/5
f 2748/3/5 2729/3/5 2728/3/5
f 2749/2/5 2731/2/5 2730/2/5
f 2749/3/5 2729/3/5 2748/3/5
f 2749/2/5 2730/2/5 2729/2/5
f 2750/2/5 2731/2/5 2749/2/5
f 2751/3/5 2733/3/5 2732/3/5
f 2752/2/5 2734/2/5 2733/2/5
f 2752/3/5 2733/3/5 2751/3/5
f 2753/2/5 2734/2/5 2752/2/5
f 2754/2/5 2735/2/5 2712/2/5
f 2755/3/5 2736/3/5 2735/3/5
f 2755/2/5 2735/2/5 2754/2/5
f 2756/2/5 2737/2/5 2736/2/5
f 2756/3/5 2736/3/5 2755/3/5
f 2757/2/5 2737/2/5 2756/2/5
f 2758/2/5 2739/2/5 2738/2/5
f 2759/3/5 2740/3/5 2739/3/5
f 2759/2/5 2739/2/5 2758/2/5
f 2760/4/5 2741/4/5 2740/4/5
f 2760/3/5 2740/3/5 2759/3/5
f 2761/3/5 2695/3/5 2719/3/5
f 2761/4/5 2741/4/5 2760/4/5
f 2761/4/5 2719/4/5 2741/4/5
f 2762/3/5 2695/3/5 2761/3/5
f 2763/2/5 2743/2/5 2742/2/5
f 2764/2/5 2723/2/5 2743/2/5
f 2764/2/5 2743/2/5 2763/2/5
f 2765/2/5 2745/2/5 2744/2/5
f 2766/2/5 2745/2/5 2765/2/5
f 2767/2/5 2747/2/5 2746/2/5
f 2768/2/5 2747/2/5 2767/2/5
f 2769/2/5 2749/2/5 2748/2/5
f 2770/3/5 2750/3/5 2749/3/5
f 2770/2/5 2749/2/5 2769/2/5
f 2771/3/5 2750/3/5 2770/3/5
f 2788/2/5 2773/2/5 2772/2/5
f 2789/1/5 2774/1/5 2773/1/5
f 2789/2/5 2773/2/5 2788/2/5
f 2790/1/5 2774/1/5 2789/1/5
f 2791/2/5 2776/2/5 2775/2/5
f 2792/2/5 2776/2/5 2791/2/5
f 2793/2/5 2776/2/5 2792/2/5
f 2794/2/5 2778/2/5 2777/2/5
f 2795/2/5 2778/2/5 2794/2/5
f 2796/2/5 2780/2/5 2779/2/5
f 2797/2/5 2780/2/5 2796/2/5
f 2798/2/5 2780/2/5 2797/2/5
f 2799/2/5 2782/2/5 2781/2/5
f 2800/2/5 2782/2/5 2799/2/5
f 2801/3/5 2784/3/5 2783/3/5
f 2802/3/5 2784/3/5 2801/3/5
f 2803/2/5 2786/2/5 2785/2/5
f 2804/1/5 2787/1/5 2786/1/5
f 2804/2/5 2786/2/5 2803/2/5
f 2805/1/5 2787/1/5 2804/1/5
f 2806/3/5 2790/3/5 2789/3/5
f 2806/3/5 2789/3/5 2788/3/5
f 2807/3/5 2790/3/5 2806/3/5
f 2808/1/5 2792/1/5 2791/1/5
f 2809/3/5 2793/3/5 2792/3/5
f 2809/1/5 2792/1/5 2808/1/5
f 2810/3/5 2793/3/5 2809/3/5
f 2811/3/5 2793/3/5 2810/3/5
f 2812/3/5 2795/3/5 2794/3/5
f 2813/3/5 2795/3/5 2812/3/5
f 2814/3/5 2795/3/5 2813/3/5
f 2815/4/5 2797/4/5 2796/4/5
f 2816/3/5 2798/3/5 2797/3/5
f 2816/4/5 2797/4/5 2815/4/5
f 2817/3/5 2798/3/5 2816/3/5
f 2818/3/5 2798/3/5 2817/3/5
f 2819/3/5 2798/3/5 2818/3/5
f 2820/2/5 2799/2/5 2781/2/5
f 2821/2/5 2799/2/5 2820/2/5
f 2822/2/5 2802/2/5 2801/2/5
f 2823/2/5 2802/2/5 2822/2/5
f 2824/2/5 2805/2/5 2804/2/5
f 2824/3/5 2804/3/5 2803/3/5
f 2825/2/5 2805/2/5 2824/2/5
f 2826/2/5 2807/2/5 2806/2/5
f 2827/2/5 2807/2/5 2826/2/5
f 2828/2/5 2807/2/5 2827/2/5
f 2829/2/5 2809/2/5 2808/2/5
f 2829/2/5 2810/2/5 2809/2/5
f 2830/1/5 2811/1/5 2810/1/5
f 2830/2/5 2810/2/5 2829/2/5
f 2831/2/5 2813/2/5 2812/2/5
f 2832/4/5 2814/4/5 2813/4/5
f 2832/2/5 2813/2/5 2831/2/5
f 2833/4/5 2814/4/5 2832/4/5
f 2834/2/5 2816/2/5 2815/2/5
f 2834/2/5 2817/2/5 2816/2/5
f 2835/3/5 2818/3/5 2817/3/5
f 2835/2/5 2817/2/5 2834/2/5
f 2836/4/5 2819/4/5 2818/4/5
f 2836/3/5 2818/3/5 2835/3/5
f 2837/4/5 2819/4/5 2836/4/5
f 2838/3/5 2821/3/5 2820/3/5
f 2839/2/5 2799/2/5 2821/2/5
f 2839/3/5 2821/3/5 2838/3/5
f 2840/1/5 2800/1/5 2799/1/5
f 2840/2/5 2799/2/5 2839/2/5
f 2841/1/5 2800/1/5 2840/1/5
f 2842/3/5 2823/3/5 2822/3/5
f 2843/3/5 2823/3/5 2842/3/5
f 2844/3/5 2824/3/5 2803/3/5
f 2844/3/5 2825/3/5 2824/3/5
f 2845/3/5 2825/3/5 2844/3/5
f 2846/2/5 2805/2/5 2825/2/5
f 2846/3/5 2825/3/5 2845/3/5
f 2847/2/5 2805/2/5 2846/2/5
f 2848/3/5 2827/3/5 2826/3/5
f 2849/1/5 2828/1/5 2827/1/5
f 2849/3/5 2827/3/5 2848/3/5
f 2850/1/5 2828/1/5 2849/1/5
f 2851/1/5 2830/1/5 2829/1/5
f 2852/1/5 2811/1/5 2830/1/5
f 2852/1/5 2830/1/5 2851/1/5
f 2853/2/5 2831/2/5 2812/2/5
f 2854/3/5 2833/3/5 2832/3/5
f 2854/2/5 2831/2/5 2853/2/5
f 2854/3/5 2832/3/5 2831/3/5
f 2855/3/5 2833/3/5 2854/3/5
f 2856/3/5 2835/3/5 2834/3/5
f 2857/2/5 2837/2/5 2836/2/5
f 2857/3/5 2835/3/5 2856/3/5
f 2857/2/5 2836/2/5 2835/2/5
f 2858/2/5 2837/2/5 2857/2/5
f 2859/2/5 2839/2/5 2838/2/5
f 2859/2/5 2840/2/5 2839/2/5
f 2859/2/5 2841/2/5 2840/2/5
f 2860/1/5 2800/1/5 2841/1/5
f 2860/2/5 2841/2/5 2859/2/5
f 2861/1/5 2800/1/5 2860/1/5
f 2862/2/5 2843/2/5 2842/2/5
f 2863/2/5 2843/2/5 2862/2/5
f 2864/2/5 2845/2/5 2844/2/5
f 2865/3/5 2847/3/5 2846/3/5
f 2865/2/5 2845/2/5 2864/2/5
f 2865/3/5 2846/3/5 2845/3/5
f 2866/3/5 2847/3/5 2865/3/5
f 2885/2/5 2868/2/5 2867/2/5
f 2886/2/5 2868/2/5 2885/2/5
f 2887/2/5 2868/2/5 2886/2/5
f 2888/2/5 2870/2/5 2869/2/5
f 2889/2/5 2870/2/5 2888/2/5
f 2890/2/5 2870/2/5 2889/2/5
f 2891/3/5 2871/3/5 2870/3/5
f 2891/2/5 2870/2/5 2890/2/5
f 2892/1/5 2872/1/5 2871/1/5
f 2892/3/5 2871/3/5 2891/3/5
f 2893/1/5 2872/1/5 2892/1/5
f 2894/1/5 2874/1/5 2873/1/5
f 2894/2/5 2875/2/5 2874/2/5
f 2895/2/5 2875/2/5 2894/2/5
f 2896/2/5 2877/2/5 2876/2/5
f 2897/2/5 2877/2/5 2896/2/5
f 2898/2/5 2879/2/5 2878/2/5
f 2899/3/5 2880/3/5 2879/3/5
f 2899/2/5 2879/2/5 2898/2/5
f 2900/2/5 2882/2/5 2881/2/5
f 2901/2/5 2882/2/5 2900/2/5
f 2902/2/5 2884/2/5 2883/2/5
f 2903/2/5 2884/2/5 2902/2/5
f 2904/3/5 2887/3/5 2886/3/5
f 2904/4/5 2886/4/5 2885/4/5
f 2905/3/5 2887/3/5 2904/3/5
f 2906/3/5 2889/3/5 2888/3/5
f 2907/4/5 2890/4/5 2889/4/5
f 2907/3/5 2889/3/5 2906/3/5
f 2908/4/5 2890/4/5 2907/4/5
f 2909/3/5 2891/3/5 2890/3/5
f 2909/4/5 2890/4/5 2908/4/5
f 2909/3/5 2893/3/5 2892/3/5
f 2909/3/5 2892/3/5 2891/3/5
f 2910/3/5 2893/3/5 2909/3/5
f 2911/1/5 2895/1/5 2894/1/5
f 2911/1/5 2894/1/5 2873/1/5
f 2912/1/5 2895/1/5 2911/1/5
f 2913/1/5 2895/1/5 2912/1/5
f 2914/3/5 2897/3/5 2896/3/5
f 2915/3/5 2897/3/5 2914/3/5
f 2916/3/5 2897/3/5 2915/3/5
f 2917/3/5 2899/3/5 2898/3/5
f 2918/3/5 2880/3/5 2899/3/5
f 2918/3/5 2899/3/5 2917/3/5
f 2919/2/5 2900/2/5 2881/2/5
f 2920/3/5 2901/3/5 2900/3/5
f 2920/2/5 2900/2/5 2919/2/5
f 2921/3/5 2903/3/5 2902/3/5
f 2922/3/5 2903/3/5 2921/3/5
f 2923/4/5 2904/4/5 2885/4/5
f 2923/4/5 2905/4/5 2904/4/5
f 2924/4/5 2905/4/5 2923/4/5
f 2925/4/5 2908/4/5 2907/4/5
f 2925/4/5 2907/4/5 2906/4/5
f 2926/3/5 2909/3/5 2908/3/5
f 2926/4/5 2908/4/5 2925/4/5
f 2927/1/5 2910/1/5 2909/1/5
f 2927/3/5 2909/3/5 2926/3/5
f 2928/1/5 2910/1/5 2927/1/5
f 2929/1/5 2911/1/5 2873/1/5
f 2930/3/5 2912/3/5 2911/3/5
f 2930/1/5 2911/1/5 2929/1/5
f 2931/4/5 2913/4/5 2912/4/5
f 2931/3/5 2912/3/5 2930/3/5
f 2932/4/5 2913/4/5 2931/4/5
f 2933/1/5 2915/1/5 2914/1/5
f 2934/2/5 2916/2/5 2915/2/5
f 2934/1/5 2915/1/5 2933/1/5
f 2935/2/5 2916/2/5 2934/2/5
f 2936/2/5 2918/2/5 2917/2/5
f 2937/2/5 2918/2/5 2936/2/5
f 2938/3/5 2920/3/5 2919/3/5
f 2939/3/5 2901/3/5 2920/3/5
f 2939/3/5 2920/3/5 2938/3/5
f 2940/3/5 2921/3/5 2902/3/5
f 2941/2/5 2922/2/5 2921/2/5
f 2941/3/5 2921/3/5 2940/3/5
f 2942/2/5 2922/2/5 2941/2/5
f 2963/2/5 2944/2/5 2943/2/5
f 2964/3/5 2945/3/5 2944/3/5
f 2964/2/5 2944/2/5 2963/2/5
f 2965/2/5 2946/2/5 2945/2/5
f 2965/3/5 2945/3/5 2964/3/5
f 2966/3/5 2947/3/5 2946/3/5
f 2966/2/5 2946/2/5 2965/2/5
f 2967/3/5 2947/3/5 2966/3/5
f 2968/3/5 2949/3/5 2948/3/5
f 2969/2/5 2950/2/5 2949/2/5
f 2969/3/5 2949/3/5 2968/3/5
f 2970/2/5 2950/2/5 2969/2/5
f 2971/1/5 2952/1/5 2951/1/5
f 2972/1/5 2952/1/5 2971/1/5
f 2973/1/5 2952/1/5 2972/1/5
f 2974/2/5 2954/2/5 2953/2/5
f 2975/1/5 2955/1/5 2954/1/5
f 2975/2/5 2954/2/5 2974/2/5
f 2976/1/5 2955/1/5 2975/1/5
f 2977/1/5 2955/1/5 2976/1/5
f 2978/1/5 2957/1/5 2956/1/5
f 2978/2/5 2958/2/5 2957/2/5
f 2979/2/5 2958/2/5 2978/2/5
f 2980/2/5 2960/2/5 2959/2/5
f 2981/2/5 2960/2/5 2980/2/5
f 2982/2/5 2962/2/5 2961/2/5
f 2983/2/5 2962/2/5 2982/2/5
f 2984/3/5 2964/3/5 2963/3/5
f 2985/2/5 2965/2/5 2964/2/5
f 2985/3/5 2964/3/5 2984/3/5
f 2985/2/5 2967/2/5 2966/2/5
f 2985/2/5 2966/2/5 2965/2/5
f 2986/3/5 2970/3/5 2969/3/5
f 2986/2/5 2969/2/5 2968/2/5
f 2987/3/5 2970/3/5 2986/3/5
f 2988/3/5 2972/3/5 2971/3/5
f 2989/2/5 2973/2/5 2972/2/5
f 2989/3/5 2972/3/5 2988/3/5
f 2990/2/5 2973/2/5 2989/2/5
f 2991/1/5 2976/1/5 2975/1/5
f 2991/1/5 2975/1/5 2974/1/5
f 2992/1/5 2976/1/5 2991/1/5
f 2993/3/5 2977/3/5 2976/3/5
f 2993/1/5 2976/1/5 2992/1/5
f 2994/3/5 2977/3/5 2993/3/5
f 2995/1/5 2978/1/5 2956/1/5
f 2996/3/5 2979/3/5 2978/3/5
f 2996/1/5 2978/1/5 2995/1/5
f 2997/3/5 2979/3/5 2996/3/5
f 2998/2/5 2982/2/5 2961/2/5
f 2999/3/5 2983/3/5 2982/3/5
f 2999/2/5 2982/2/5 2998/2/5
f 3000/2/5 2985/2/5 2984/2/5
f 3001/2/5 2967/2/5 2985/2/5
f 3001/2/5 2985/2/5 3000/2/5
f 3002/2/5 2987/2/5 2986/2/5
f 3002/2/5 2986/2/5 2968/2/5
f 3003/2/5 2987/2/5 3002/2/5
f 3004/2/5 2989/2/5 2988/2/5
f 3005/3/5 2990/3/5 2989/3/5
f 3005/2/5 2989/2/5 3004/2/5
f 3006/3/5 2990/3/5 3005/3/5
f 3007/3/5 2992/3/5 2991/3/5
f 3008/2/5 2994/2/5 2993/2/5
f 3008/3/5 2992/3/5 3007/3/5
f 3008/2/5 2993/2/5 2992/2/5
f 3009/2/5 2994/2/5 3008/2/5
f 3010/2/5 2997/2/5 2996/2/5
f 3010/2/5 2996/2/5 2995/2/5
f 3011/2/5 2997/2/5 3010/2/5
f 3012/3/5 2981/3/5 2980/3/5
f 3013/3/5 2981/3/5 3012/3/5
f 3014/3/5 2999/3/5 2998/3/5
f 3015/3/5 2983/3/5 2999/3/5
f 3015/3/5 2999/3/5 3014/3/5
f 3035/2/5 3017/2/5 3016/2/5
f 3036/3/5 3018/3/5 3017/3/5
f 3036/2/5 3017/2/5 3035/2/5
f 3037/3/5 3018/3/5 3036/3/5
f 3038/1/5 3020/1/5 3019/1/5
f 3039/3/5 3021/3/5 3020/3/5
f 3039/1/5 3020/1/5 3038/1/5
f 3040/2/5 3022/2/5 3021/2/5
f 3040/3/5 3021/3/5 3039/3/5
f 3041/2/5 3024/2/5 3023/2/5
f 3042/2/5 3024/2/5 3041/2/5
f 3043/3/5 3026/3/5 3025/3/5
f 3044/3/5 3026/3/5 3043/3/5
f 3045/2/5 3030/2/5 3029/2/5
f 3046/2/5 3030/2/5 3045/2/5
f 3047/3/5 3032/3/5 3031/3/5
f 3048/3/5 3032/3/5 3047/3/5
f 3049/2/5 3033/2/5 3032/2/5
f 3049/3/5 3032/3/5 3048/3/5
f 3050/1/5 3034/1/5 3033/1/5
f 3050/2/5 3033/2/5 3049/2/5
f 3051/1/5 3034/1/5 3050/1/5
f 3052/3/5 3036/3/5 3035/3/5
f 3053/1/5 3037/1/5 3036/1/5
f 3053/3/5 3036/3/5 3052/3/5
f 3054/2/5 3039/2/5 3038/2/5
f 3054/2/5 3040/2/5 3039/2/5
f 3055/2/5 3022/2/5 3040/2/5
f 3055/2/5 3040/2/5 3054/2/5
f 3056/3/5 3042/3/5 3041/3/5
f 3057/3/5 3042/3/5 3056/3/5
f 3058/3/5 3042/3/5 3057/3/5
f 3059/2/5 3044/2/5 3043/2/5
f 3060/2/5 3044/2/5 3059/2/5
f 3061/2/5 3044/2/5 3060/2/5
f 3062/2/5 3044/2/5 3061/2/5
f 3063/2/5 3028/2/5 3027/2/5
f 3064/2/5 3028/2/5 3063/2/5
f 3065/1/5 3046/1/5 3045/1/5
f 3066/1/5 3046/1/5 3065/1/5
f 3067/1/5 3046/1/5 3066/1/5
f 3068/2/5 3048/2/5 3047/2/5
f 3069/3/5 3049/3/5 3048/3/5
f 3069/2/5 3048/2/5 3068/2/5
f 3069/3/5 3050/3/5 3049/3/5
f 3069/3/5 3051/3/5 3050/3/5
f 3070/1/5 3053/1/5 3052/1/5
f 3071/1/5 3037/1/5 3053/1/5
f 3071/1/5 3053/1/5 3070/1/5
f 3072/1/5 3055/1/5 3054/1/5
f 3073/2/5 3022/2/5 3055/2/5
f 3073/1/5 3055/1/5 3072/1/5
f 3074/2/5 3022/2/5 3073/2/5
f 3075/2/5 3057/2/5 3056/2/5
f 3076/1/5 3058/1/5 3057/1/5
f 3076/2/5 3057/2/5 3075/2/5
f 3077/1/5 3058/1/5 3076/1/5
f 3078/1/5 3060/1/5 3059/1/5
f 3079/2/5 3061/2/5 3060/2/5
f 3079/1/5 3060/1/5 3078/1/5
f 3080/1/5 3062/1/5 3061/1/5
f 3080/2/5 3061/2/5 3079/2/5
f 3081/1/5 3062/1/5 3080/1/5
f 3082/1/5 3064/1/5 3063/1/5
f 3083/1/5 3064/1/5 3082/1/5
f 3084/2/5 3066/2/5 3065/2/5
f 3085/3/5 3067/3/5 3066/3/5
f 3085/2/5 3066/2/5 3084/2/5
f 3086/3/5 3067/3/5 3085/3/5
f 3087/3/5 3069/3/5 3068/3/5
f 3088/3/5 3051/3/5 3069/3/5
f 3088/3/5 3069/3/5 3087/3/5
f 3108/3/5 3090/3/5 3089/3/5
f 3109/2/5 3091/2/5 3090/2/5
f 3109/3/5 3090/3/5 3108/3/5
f 3110/2/5 3091/2/5 3109/2/5
f 3111/2/5 3091/2/5 3110/2/5
f 3112/2/5 3093/2/5 3092/2/5
f 3113/3/5 3094/3/5 3093/3/5
f 3113/2/5 3093/2/5 3112/2/5
f 3114/1/5 3095/1/5 3094/1/5
f 3114/3/5 3094/3/5 3113/3/5
f 3115/1/5 3095/1/5 3114/1/5
f 3116/3/5 3097/3/5 3096/3/5
f 3117/3/5 3097/3/5 3116/3/5
f 3118/3/5 3099/3/5 3098/3/5
f 3119/3/5 3099/3/5 3118/3/5
f 3120/3/5 3099/3/5 3119/3/5
f 3121/3/5 3099/3/5 3120/3/5
f 3122/3/5 3101/3/5 3100/3/5
f 3123/2/5 3102/2/5 3101/2/5
f 3123/3/5 3101/3/5 3122/3/5
f 3124/2/5 3102/2/5 3123/2/5
f 3125/3/5 3104/3/5 3103/3/5
f 3126/3/5 3104/3/5 3125/3/5
f 3127/2/5 3106/2/5 3105/2/5
f 3128/3/5 3107/3/5 3106/3/5
f 3128/2/5 3106/2/5 3127/2/5
f 3129/3/5 3107/3/5 3128/3/5
f 3130/4/5 3109/4/5 3108/4/5
f 3130/4/5 3110/4/5 3109/4/5
f 3131/4/5 3110/4/5 3130/4/5
f 3132/4/5 3110/4/5 3131/4/5
f 3133/3/5 3111/3/5 3110/3/5
f 3133/4/5 3110/4/5 3132/4/5
f 3134/3/5 3111/3/5 3133/3/5
f 3135/3/5 3113/3/5 3112/3/5
f 3135/3/5 3115/3/5 3114/3/5
f 3135/3/5 3114/3/5 3113/3/5
f 3136/3/5 3115/3/5 3135/3/5
f 3137/3/5 3116/3/5 3096/3/5
f 3138/2/5 3117/2/5 3116/2/5
f 3138/3/5 3116/3/5 3137/3/5
f 3139/2/5 3117/2/5 3138/2/5
f 3140/3/5 3118/3/5 3098/3/5
f 3141/1/5 3119/1/5 3118/1/5
f 3141/3/5 3118/3/5 3140/3/5
f 3142/3/5 3120/3/5 3119/3/5
f 3142/1/5 3119/1/5 3141/1/5
f 3143/2/5 3121/2/5 3120/2/5
f 3143/3/5 3120/3/5 3142/3/5
f 3144/2/5 3121/2/5 3143/2/5
f 3145/2/5 3123/2/5 3122/2/5
f 3146/2/5 3123/2/5 3145/2/5
f 3147/3/5 3124/3/5 3123/3/5
f 3147/2/5 3123/2/5 3146/2/5
f 3148/3/5 3104/3/5 3126/3/5
f 3148/2/5 3126/2/5 3125/2/5
f 3149/3/5 3104/3/5 3148/3/5
f 3150/3/5 3128/3/5 3127/3/5
f 3151/2/5 3129/2/5 3128/2/5
f 3151/3/5 3128/3/5 3150/3/5
f 3152/2/5 3131/2/5 3130/2/5
f 3153/1/5 3132/1/5 3131/1/5
f 3153/2/5 3131/2/5 3152/2/5
f 3154/4/5 3134/4/5 3133/4/5
f 3154/1/5 3132/1/5 3153/1/5
f 3154/4/5 3133/4/5 3132/4/5
f 3155/4/5 3134/4/5 3154/4/5
f 3156/1/5 3136/1/5 3135/1/5
f 3157/1/5 3136/1/5 3156/1/5
f 3158/1/5 3138/1/5 3137/1/5
f 3158/1/5 3139/1/5 3138/1/5
f 3159/2/5 3117/2/5 3139/2/5
f 3159/1/5 3139/1/5 3158/1/5
f 3160/2/5 3117/2/5 3159/2/5
f 3161/2/5 3142/2/5 3141/2/5
f 3161/2/5 3141/2/5 3140/2/5
f 3162/1/5 3144/1/5 3143/1/5
f 3162/2/5 3142/2/5 3161/2/5
f 3162/1/5 3143/1/5 3142/1/5
f 3163/1/5 3144/1/5 3162/1/5
f 3164/1/5 3146/1/5 3145/1/5
f 3165/3/5 3147/3/5 3146/3/5
f 3165/1/5 3146/1/5 3164/1/5
f 3166/3/5 3124/3/5 3147/3/5
f 3166/3/5 3147/3/5 3165/3/5
f 3167/2/5 3149/2/5 3148/2/5
f 3167/2/5 3148/2/5 3125/2/5
f 3168/2/5 3149/2/5 3167/2/5
f 3169/2/5 3151/2/5 3150/2/5
f 3170/2/5 3129/2/5 3151/2/5
f 3170/2/5 3151/2/5 3169/2/5
f 3187/2/5 3172/2/5 3171/2/5
f 3188/2/5 3172/2/5 3187/2/5
f 3189/2/5 3172/2/5 3188/2/5
f 3190/2/5 3174/2/5 3173/2/5
f 3191/2/5 3174/2/5 3190/2/5
f 3192/2/5 3176/2/5 3175/2/5
f 3193/2/5 3176/2/5 3192/2/5
f 3194/2/5 3178/2/5 3177/2/5
f 3195/2/5 3178/2/5 3194/2/5
f 3196/1/5 3179/1/5 3178/1/5
f 3196/2/5 3178/2/5 3195/2/5
f 3197/1/5 3179/1/5 3196/1/5
f 3198/2/5 3181/2/5 3180/2/5
f 3199/2/5 3181/2/5 3198/2/5
f 3200/2/5 3181/2/5 3199/2/5
f 3201/3/5 3183/3/5 3182/3/5
f 3202/3/5 3183/3/5 3201/3/5
f 3203/3/5 3185/3/5 3184/3/5
f 3204/3/5 3185/3/5 3203/3/5
f 3205/2/5 3186/2/5 3185/2/5
f 3205/3/5 3185/3/5 3204/3/5
f 3206/2/5 3186/2/5 3205/2/5
f 3207/3/5 3188/3/5 3187/3/5
f 3208/1/5 3189/1/5 3188/1/5
f 3208/3/5 3188/3/5 3207/3/5
f 3209/1/5 3189/1/5 3208/1/5
f 3210/1/5 3191/1/5 3190/1/5
f 3211/1/5 3191/1/5 3210/1/5
f 3212/1/5 3193/1/5 3192/1/5
f 3213/1/5 3193/1/5 3212/1/5
f 3214/1/5 3195/1/5 3194/1/5
f 3215/3/5 3197/3/5 3196/3/5
f 3215/1/5 3195/1/5 3214/1/5
f 3215/3/5 3196/3/5 3195/3/5
f 3216/3/5 3197/3/5 3215/3/5
f 3217/1/5 3199/1/5 3198/1/5
f 3218/3/5 3200/3/5 3199/3/5
f 3218/1/5 3199/1/5 3217/1/5
f 3219/3/5 3200/3/5 3218/3/5
f 3220/3/5 3200/3/5 3219/3/5
f 3221/2/5 3204/2/5 3203/2/5
f 3221/3/5 3205/3/5 3204/3/5
f 3221/3/5 3206/3/5 3205/3/5
f 3222/3/5 3206/3/5 3221/3/5
f 3223/2/5 3209/2/5 3208/2/5
f 3223/2/5 3208/2/5 3207/2/5
f 3224/2/5 3209/2/5 3223/2/5
f 3225/2/5 3211/2/5 3210/2/5
f 3226/2/5 3211/2/5 3225/2/5
f 3227/2/5 3213/2/5 3212/2/5
f 3228/2/5 3213/2/5 3227/2/5
f 3229/2/5 3216/2/5 3215/2/5
f 3229/2/5 3215/2/5 3214/2/5
f 3230/2/5 3216/2/5 3229/2/5
f 3231/3/5 3218/3/5 3217/3/5
f 3232/1/5 3219/1/5 3218/1/5
f 3232/3/5 3218/3/5 3231/3/5
f 3233/2/5 3220/2/5 3219/2/5
f 3233/1/5 3219/1/5 3232/1/5
f 3234/2/5 3220/2/5 3233/2/5
f 3235/2/5 3202/2/5 3201/2/5
f 3236/2/5 3202/2/5 3235/2/5
f 3237/2/5 3222/2/5 3221/2/5
f 3237/2/5 3221/2/5 3203/2/5
f 3238/2/5 3222/2/5 3237/2/5
f 3253/3/5 3240/3/5 3239/3/5
f 3254/3/5 3240/3/5 3253/3/5
f 3255/2/5 3242/2/5 3241/2/5
f 3256/2/5 3242/2/5 3255/2/5
f 3257/2/5 3244/2/5 3243/2/5
f 3258/2/5 3244/2/5 3257/2/5
f 3259/2/5 3246/2/5 3245/2/5
f 3260/2/5 3246/2/5 3259/2/5
f 3261/2/5 3248/2/5 3247/2/5
f 3262/2/5 3248/2/5 3261/2/5
f 3263/2/5 3250/2/5 3249/2/5
f 3264/2/5 3250/2/5 3263/2/5
f 3265/2/5 3252/2/5 3251/2/5
f 3266/2/5 3252/2/5 3265/2/5
f 3267/2/5 3255/2/5 3241/2/5
f 3268/1/5 3256/1/5 3255/1/5
f 3268/2/5 3255/2/5 3267/2/5
f 3269/1/5 3256/1/5 3268/1/5
f 3270/1/5 3258/1/5 3257/1/5
f 3271/1/5 3258/1/5 3270/1/5
f 3272/1/5 3258/1/5 3271/1/5
f 3273/1/5 3260/1/5 3259/1/5
f 3274/1/5 3260/1/5 3273/1/5
f 3275/2/5 3246/2/5 3260/2/5
f 3275/1/5 3260/1/5 3274/1/5
f 3276/2/5 3246/2/5 3275/2/5
f 3277/1/5 3262/1/5 3261/1/5
f 3278/1/5 3262/1/5 3277/1/5
f 3279/3/5 3266/3/5 3265/3/5
f 3280/3/5 3266/3/5 3279/3/5
f 3281/2/5 3254/2/5 3253/2/5
f 3282/2/5 3254/2/5 3281/2/5
f 3283/3/5 3269/3/5 3268/3/5
f 3283/3/5 3268/3/5 3267/3/5
f 3284/3/5 3269/3/5 3283/3/5
f 3285/3/5 3271/3/5 3270/3/5
f 3286/2/5 3272/2/5 3271/2/5
f 3286/3/5 3271/3/5 3285/3/5
f 3287/2/5 3272/2/5 3286/2/5
f 3288/2/5 3274/2/5 3273/2/5
f 3289/1/5 3276/1/5 3275/1/5
f 3289/2/5 3274/2/5 3288/2/5
f 3289/1/5 3275/1/5 3274/1/5
f 3290/1/5 3276/1/5 3289/1/5
f 3291/2/5 3278/2/5 3277/2/5
f 3292/2/5 3278/2/5 3291/2/5
f 3293/3/5 3264/3/5 3263/3/5
f 3294/3/5 3264/3/5 3293/3/5
f 3295/3/5 3279/3/5 3265/3/5
f 3296/2/5 3280/2/5 3279/2/5
f 3296/3/5 3279/3/5 3295/3/5
f 3297/2/5 3280/2/5 3296/2/5
f 3313/3/5 3299/3/5 3298/3/5
f 3314/3/5 3299/3/5 3313/3/5
f 3315/3/5 3301/3/5 3300/3/5
f 3316/3/5 3301/3/5 3315/3/5
f 3317/3/5 3303/3/5 3302/3/5
f 3318/3/5 3303/3/5 3317/3/5
f 3319/3/5 3305/3/5 3304/3/5
f 3320/3/5 3305/3/5 3319/3/5
f 3321/1/5 3306/1/5 3305/1/5
f 3321/3/5 3305/3/5 3320/3/5
f 3322/1/5 3306/1/5 3321/1/5
f 3323/1/5 3306/1/5 3322/1/5
f 3324/2/5 3308/2/5 3307/2/5
f 3325/2/5 3308/2/5 3324/2/5
f 3326/3/5 3310/3/5 3309/3/5
f 3327/3/5 3310/3/5 3326/3/5
f 3328/3/5 3312/3/5 3311/3/5
f 3329/3/5 3312/3/5 3328/3/5
f 3330/2/5 3314/2/5 3313/2/5
f 3331/2/5 3314/2/5 3330/2/5
f 3332/2/5 3316/2/5 3315/2/5
f 3333/2/5 3316/2/5 3332/2/5
f 3334/2/5 3320/2/5 3319/2/5
f 3335/1/5 3321/1/5 3320/1/5
f 3335/2/5 3320/2/5 3334/2/5
f 3335/1/5 3322/1/5 3321/1/5
f 3336/2/5 3323/2/5 3322/2/5
f 3336/1/5 3322/1/5 3335/1/5
f 3337/2/5 3323/2/5 3336/2/5
f 3338/1/5 3325/1/5 3324/1/5
f 3339/1/5 3325/1/5 3338/1/5
f 3340/2/5 3308/2/5 3325/2/5
f 3340/1/5 3325/1/5 3339/1/5
f 3341/2/5 3330/2/5 3313/2/5
f 3342/1/5 3331/1/5 3330/1/5
f 3342/2/5 3330/2/5 3341/2/5
f 3343/1/5 3331/1/5 3342/1/5
f 3344/1/5 3333/1/5 3332/1/5
f 3345/1/5 3333/1/5 3344/1/5
f 3346/2/5 3318/2/5 3317/2/5
f 3347/2/5 3318/2/5 3346/2/5
f 3348/3/5 3335/3/5 3334/3/5
f 3348/3/5 3337/3/5 3336/3/5
f 3348/3/5 3336/3/5 3335/3/5
f 3349/3/5 3337/3/5 3348/3/5
f 3350/3/5 3339/3/5 3338/3/5
f 3351/2/5 3340/2/5 3339/2/5
f 3351/3/5 3339/3/5 3350/3/5
f 3352/2/5 3308/2/5 3340/2/5
f 3352/2/5 3340/2/5 3351/2/5
f 3353/2/5 3327/2/5 3326/2/5
f 3354/2/5 3327/2/5 3353/2/5
f 3355/2/5 3329/2/5 3328/2/5
f 3356/2/5 3329/2/5 3355/2/5
f 3374/2/5 3358/2/5 3357/2/5
f 3375/3/5 3359/3/5 3358/3/5
f 3375/2/5 3358/2/5 3374/2/5
f 3376/3/5 3359/3/5 3375/3/5
f 3377/3/5 3361/3/5 3360/3/5
f 3377/2/5 3362/2/5 3361/2/5
f 3378/2/5 3362/2/5 3377/2/5
f 3379/2/5 3364/2/5 3363/2/5
f 3380/2/5 3364/2/5 3379/2/5
f 3381/2/5 3371/2/5 3370/2/5
f 3382/2/5 3371/2/5 3381/2/5
f 3383/2/5 3373/2/5 3372/2/5
f 3384/2/5 3373/2/5 3383/2/5
f 3385/3/5 3375/3/5 3374/3/5
f 3386/1/5 3376/1/5 3375/1/5
f 3386/3/5 3375/3/5 3385/3/5
f 3387/1/5 3376/1/5 3386/1/5
f 3388/3/5 3378/3/5 3377/3/5
f 3388/3/5 3377/3/5 3360/3/5
f 3389/3/5 3378/3/5 3388/3/5
f 3390/3/5 3380/3/5 3379/3/5
f 3391/3/5 3380/3/5 3390/3/5
f 3392/3/5 3380/3/5 3391/3/5
f 3393/3/5 3380/3/5 3392/3/5
f 3394/3/5 3366/3/5 3365/3/5
f 3394/2/5 3367/2/5 3366/2/5
f 3395/2/5 3367/2/5 3394/2/5
f 3396/2/5 3369/2/5 3368/2/5
f 3397/2/5 3369/2/5 3396/2/5
f 3398/3/5 3382/3/5 3381/3/5
f 3399/3/5 3382/3/5 3398/3/5
f 3400/3/5 3384/3/5 3383/3/5
f 3401/3/5 3384/3/5 3400/3/5
f 3402/2/5 3387/2/5 3386/2/5
f 3402/2/5 3386/2/5 3385/2/5
f 3403/2/5 3387/2/5 3402/2/5
f 3404/2/5 3389/2/5 3388/2/5
f 3405/2/5 3389/2/5 3404/2/5
f 3406/2/5 3391/2/5 3390/2/5
f 3407/3/5 3392/3/5 3391/3/5
f 3407/2/5 3391/2/5 3406/2/5
f 3408/4/5 3393/4/5 3392/4/5
f 3408/3/5 3392/3/5 3407/3/5
f 3409/4/5 3393/4/5 3408/4/5
f 3410/3/5 3395/3/5 3394/3/5
f 3410/3/5 3394/3/5 3365/3/5
f 3411/3/5 3395/3/5 3410/3/5
f 3412/3/5 3397/3/5 3396/3/5
f 3413/3/5 3397/3/5 3412/3/5
f 3414/3/5 3398/3/5 3381/3/5
f 3415/2/5 3399/2/5 3398/2/5
f 3415/3/5 3398/3/5 3414/3/5
f 3416/2/5 3399/2/5 3415/2/5
f 3417/2/5 3401/2/5 3400/2/5
f 3418/2/5 3401/2/5 3417/2/5
f 3435/2/5 3420/2/5 3419/2/5
f 3436/2/5 3420/2/5 3435/2/5
f 3437/2/5 3422/2/5 3421/2/5
f 3437/1/5 3423/1/5 3422/1/5
f 3438/1/5 3423/1/5 3437/1/5
f 3439/1/5 3425/1/5 3424/1/5
f 3440/2/5 3426/2/5 3425/2/5
f 3440/1/5 3425/1/5 3439/1/5
f 3441/2/5 3428/2/5 3427/2/5
f 3442/2/5 3428/2/5 3441/2/5
f 3443/2/5 3434/2/5 3433/2/5
f 3444/2/5 3434/2/5 3443/2/5
f 3445/1/5 3436/1/5 3435/1/5
f 3446/2/5 3420/2/5 3436/2/5
f 3446/1/5 3436/1/5 3445/1/5
f 3447/2/5 3420/2/5 3446/2/5
f 3448/2/5 3420/2/5 3447/2/5
f 3449/2/5 3438/2/5 3437/2/5
f 3449/2/5 3437/2/5 3421/2/5
f 3450/2/5 3438/2/5 3449/2/5
f 3451/2/5 3441/2/5 3427/2/5
f 3451/1/5 3442/1/5 3441/1/5
f 3452/2/5 3428/2/5 3442/2/5
f 3452/1/5 3442/1/5 3451/1/5
f 3453/2/5 3428/2/5 3452/2/5
f 3454/2/5 3430/2/5 3429/2/5
f 3455/2/5 3430/2/5 3454/2/5
f 3456/2/5 3432/2/5 3431/2/5
f 3457/2/5 3432/2/5 3456/2/5
f 3458/1/5 3444/1/5 3443/1/5
f 3459/1/5 3444/1/5 3458/1/5
f 3460/2/5 3447/2/5 3446/2/5
f 3460/2/5 3446/2/5 3445/2/5
f 3461/1/5 3448/1/5 3447/1/5
f 3461/2/5 3447/2/5 3460/2/5
f 3462/1/5 3448/1/5 3461/1/5
f 3463/1/5 3450/1/5 3449/1/5
f 3464/2/5 3438/2/5 3450/2/5
f 3464/1/5 3450/1/5 3463/1/5
f 3465/2/5 3438/2/5 3464/2/5
f 3466/2/5 3440/2/5 3439/2/5
f 3467/2/5 3426/2/5 3440/2/5
f 3467/2/5 3440/2/5 3466/2/5
f 3468/2/5 3451/2/5 3427/2/5
f 3468/2/5 3452/2/5 3451/2/5
f 3469/1/5 3453/1/5 3452/1/5
f 3469/2/5 3452/2/5 3468/2/5
f 3470/1/5 3453/1/5 3469/1/5
f 3471/1/5 3455/1/5 3454/1/5
f 3472/1/5 3455/1/5 3471/1/5
f 3473/2/5 3456/2/5 3431/2/5
f 3474/1/5 3457/1/5 3456/1/5
f 3474/2/5 3456/2/5 3473/2/5
f 3475/1/5 3457/1/5 3474/1/5
f 3476/2/5 3459/2/5 3458/2/5
f 3477/2/5 3459/2/5 3476/2/5
f 3498/2/5 3479/2/5 3478/2/5
f 3499/2/5 3479/2/5 3498/2/5
f 3500/3/5 3481/3/5 3480/3/5
f 3501/3/5 3481/3/5 3500/3/5
f 3502/3/5 3483/3/5 3482/3/5
f 3503/2/5 3484/2/5 3483/2/5
f 3503/3/5 3483/3/5 3502/3/5
f 3504/1/5 3485/1/5 3484/1/5
f 3504/2/5 3484/2/5 3503/2/5
f 3505/1/5 3485/1/5 3504/1/5
f 3506/1/5 3487/1/5 3486/1/5
f 3507/3/5 3488/3/5 3487/3/5
f 3507/1/5 3487/1/5 3506/1/5
f 3508/3/5 3488/3/5 3507/3/5
f 3509/3/5 3490/3/5 3489/3/5
f 3510/3/5 3490/3/5 3509/3/5
f 3511/2/5 3491/2/5 3490/2/5
f 3511/3/5 3490/3/5 3510/3/5
f 3512/2/5 3491/2/5 3511/2/5
f 3513/2/5 3493/2/5 3492/2/5
f 3514/3/5 3494/3/5 3493/3/5
f 3514/2/5 3493/2/5 3513/2/5
f 3515/3/5 3494/3/5 3514/3/5
f 3516/3/5 3494/3/5 3515/3/5
f 3517/3/5 3496/3/5 3495/3/5
f 3518/2/5 3497/2/5 3496/2/5
f 3518/3/5 3496/3/5 3517/3/5
f 3519/2/5 3497/2/5 3518/2/5
f 3520/3/5 3499/3/5 3498/3/5
f 3521/3/5 3499/3/5 3520/3/5
f 3522/2/5 3501/2/5 3500/2/5
f 3523/2/5 3501/2/5 3522/2/5
f 3524/2/5 3503/2/5 3502/2/5
f 3524/2/5 3505/2/5 3504/2/5
f 3524/2/5 3504/2/5 3503/2/5
f 3525/2/5 3505/2/5 3524/2/5
f 3526/2/5 3508/2/5 3507/2/5
f 3526/2/5 3507/2/5 3506/2/5
f 3527/2/5 3508/2/5 3526/2/5
f 3528/2/5 3510/2/5 3509/2/5
f 3529/3/5 3512/3/5 3511/3/5
f 3529/2/5 3510/2/5 3528/2/5
f 3529/3/5 3511/3/5 3510/3/5
f 3530/3/5 3512/3/5 3529/3/5
f 3531/3/5 3514/3/5 3513/3/5
f 3531/3/5 3515/3/5 3514/3/5
f 3532/2/5 3516/2/5 3515/2/5
f 3532/3/5 3515/3/5 3531/3/5
f 3533/2/5 3518/2/5 3517/2/5
f 3533/3/5 3519/3/5 3518/3/5
f 3534/3/5 3519/3/5 3533/3/5
f 3535/2/5 3521/2/5 3520/2/5
f 3536/2/5 3521/2/5 3535/2/5
f 3537/2/5 3522/2/5 3500/2/5
f 3538/3/5 3523/3/5 3522/3/5
f 3538/2/5 3522/2/5 3537/2/5
f 3539/3/5 3523/3/5 3538/3/5
f 3540/3/5 3525/3/5 3524/3/5
f 3541/3/5 3525/3/5 3540/3/5
f 3542/3/5 3527/3/5 3526/3/5
f 3543/3/5 3527/3/5 3542/3/5
f 3544/3/5 3529/3/5 3528/3/5
f 3545/2/5 3530/2/5 3529/2/5
f 3545/3/5 3529/3/5 3544/3/5
f 3546/2/5 3530/2/5 3545/2/5
f 3547/2/5 3532/2/5 3531/2/5
f 3548/2/5 3516/2/5 3532/2/5
f 3548/2/5 3532/2/5 3547/2/5
f 3549/2/5 3533/2/5 3517/2/5
f 3549/2/5 3534/2/5 3533/2/5
f 3550/2/5 3534/2/5 3549/2/5
f 3569/2/5 3552/2/5 3551/2/5
f 3570/2/5 3552/2/5 3569/2/5
f 3571/2/5 3552/2/5 3570/2/5
f 3572/2/5 3554/2/5 3553/2/5
f 3573/2/5 3554/2/5 3572/2/5
f 3574/2/5 3556/2/5 3555/2/5
f 3575/3/5 3557/3/5 3556/3/5
f 3575/2/5 3556/2/5 3574/2/5
f 3576/3/5 3559/3/5 3558/3/5
f 3577/3/5 3559/3/5 3576/3/5
f 3578/4/5 3560/4/5 3559/4/5
f 3578/3/5 3559/3/5 3577/3/5
f 3579/4/5 3560/4/5 3578/4/5
f 3580/3/5 3562/3/5 3561/3/5
f 3581/3/5 3562/3/5 3580/3/5
f 3582/2/5 3564/2/5 3563/2/5
f 3583/4/5 3565/4/5 3564/4/5
f 3583/2/5 3564/2/5 3582/2/5
f 3584/3/5 3566/3/5 3565/3/5
f 3584/4/5 3565/4/5 3583/4/5
f 3585/3/5 3566/3/5 3584/3/5
f 3586/2/5 3568/2/5 3567/2/5
f 3587/2/5 3568/2/5 3586/2/5
f 3588/2/5 3568/2/5 3587/2/5
f 3589/1/5 3570/1/5 3569/1/5
f 3590/3/5 3571/3/5 3570/3/5
f 3590/1/5 3570/1/5 3589/1/5
f 3591/2/5 3552/2/5 3571/2/5
f 3591/3/5 3571/3/5 3590/3/5
f 3592/1/5 3573/1/5 3572/1/5
f 3593/1/5 3573/1/5 3592/1/5
f 3594/2/5 3554/2/5 3573/2/5
f 3594/1/5 3573/1/5 3593/1/5
f 3595/2/5 3554/2/5 3594/2/5
f 3596/3/5 3575/3/5 3574/3/5
f 3597/3/5 3557/3/5 3575/3/5
f 3597/3/5 3575/3/5 3596/3/5
f 3598/2/5 3577/2/5 3576/2/5
f 3598/3/5 3579/3/5 3578/3/5
f 3598/3/5 3578/3/5 3577/3/5
f 3599/3/5 3579/3/5 3598/3/5
f 3600/3/5 3583/3/5 3582/3/5
f 3601/4/5 3585/4/5 3584/4/5
f 3601/3/5 3583/3/5 3600/3/5
f 3601/4/5 3584/4/5 3583/4/5
f 3602/4/5 3585/4/5 3601/4/5
f 3603/4/5 3585/4/5 3602/4/5
f 3604/4/5 3585/4/5 3603/4/5
f 3605/4/5 3585/4/5 3604/4/5
f 3606/3/5 3587/3/5 3586/3/5
f 3607/1/5 3588/1/5 3587/1/5
f 3607/3/5 3587/3/5 3606/3/5
f 3608/1/5 3588/1/5 3607/1/5
f 3609/2/5 3590/2/5 3589/2/5
f 3609/2/5 3591/2/5 3590/2/5
f 3610/2/5 3552/2/5 3591/2/5
f 3610/2/5 3591/2/5 3609/2/5
f 3611/2/5 3593/2/5 3592/2/5
f 3612/3/5 3594/3/5 3593/3/5
f 3612/2/5 3593/2/5 3611/2/5
f 3612/3/5 3595/3/5 3594/3/5
f 3613/3/5 3595/3/5 3612/3/5
f 3614/2/5 3597/2/5 3596/2/5
f 3615/2/5 3597/2/5 3614/2/5
f 3616/2/5 3599/2/5 3598/2/5
f 3616/2/5 3598/2/5 3576/2/5
f 3617/2/5 3599/2/5 3616/2/5
f 3618/2/5 3581/2/5 3580/2/5
f 3619/2/5 3581/2/5 3618/2/5
f 3620/2/5 3601/2/5 3600/2/5
f 3620/2/5 3602/2/5 3601/2/5
f 3621/3/5 3603/3/5 3602/3/5
f 3621/2/5 3602/2/5 3620/2/5
f 3622/2/5 3604/2/5 3603/2/5
f 3622/3/5 3603/3/5 3621/3/5
f 3623/3/5 3605/3/5 3604/3/5
f 3623/2/5 3604/2/5 3622/2/5
f 3624/3/5 3605/3/5 3623/3/5
f 3625/3/5 3606/3/5 3586/3/5
f 3626/1/5 3607/1/5 3606/1/5
f 3626/3/5 3606/3/5 3625/3/5
f 3627/3/5 3608/3/5 3607/3/5
f 3627/1/5 3607/1/5 3626/1/5
f 3628/3/5 3608/3/5 3627/3/5
f 3651/2/5 3630/2/5 3629/2/5
f 3652/4/5 3631/4/5 3630/4/5
f 3652/2/5 3630/2/5 3651/2/5
f 3653/3/5 3632/3/5 3631/3/5
f 3653/4/5 3631/4/5 3652/4/5
f 3654/4/5 3633/4/5 3632/4/5
f 3654/3/5 3632/3/5 3653/3/5
f 3655/4/5 3635/4/5 3634/4/5
f 3656/3/5 3636/3/5 3635/3/5
f 3656/4/5 3635/4/5 3655/4/5
f 3657/3/5 3636/3/5 3656/3/5
f 3658/4/5 3638/4/5 3637/4/5
f 3658/2/5 3639/2/5 3638/2/5
f 3659/2/5 3639/2/5 3658/2/5
f 3660/2/5 3641/2/5 3640/2/5
f 3661/1/5 3642/1/5 3641/1/5
f 3661/2/5 3641/2/5 3660/2/5
f 3662/4/5 3643/4/5 3642/4/5
f 3662/1/5 3642/1/5 3661/1/5
f 3663/4/5 3643/4/5 3662/4/5
f 3664/4/5 3643/4/5 3663/4/5
f 3665/4/5 3645/4/5 3644/4/5
f 3666/4/5 3645/4/5 3665/4/5
f 3667/4/5 3645/4/5 3666/4/5
f 3668/3/5 3647/3/5 3646/3/5
f 3668/2/5 3648/2/5 3647/2/5
f 3669/2/5 3648/2/5 3668/2/5
f 3670/2/5 3648/2/5 3669/2/5
f 3671/2/5 3648/2/5 3670/2/5
f 3672/2/5 3650/2/5 3649/2/5
f 3673/2/5 3650/2/5 3672/2/5
f 3674/3/5 3652/3/5 3651/3/5
f 3675/4/5 3653/4/5 3652/4/5
f 3675/3/5 3652/3/5 3674/3/5
f 3675/4/5 3654/4/5 3653/4/5
f 3676/4/5 3654/4/5 3675/4/5
f 3677/4/5 3633/4/5 3654/4/5
f 3677/4/5 3654/4/5 3676/4/5
f 3678/2/5 3657/2/5 3656/2/5
f 3678/2/5 3656/2/5 3655/2/5
f 3679/2/5 3657/2/5 3678/2/5
f 3680/3/5 3636/3/5 3657/3/5
f 3680/2/5 3657/2/5 3679/2/5
f 3681/3/5 3636/3/5 3680/3/5
f 3682/4/5 3658/4/5 3637/4/5
f 3683/3/5 3659/3/5 3658/3/5
f 3683/4/5 3658/4/5 3682/4/5
f 3684/3/5 3659/3/5 3683/3/5
f 3685/3/5 3661/3/5 3660/3/5
f 3685/3/5 3662/3/5 3661/3/5
f 3685/3/5 3663/3/5 3662/3/5
f 3686/3/5 3663/3/5 3685/3/5
f 3687/3/5 3663/3/5 3686/3/5
f 3688/1/5 3664/1/5 3663/1/5
f 3688/3/5 3663/3/5 3687/3/5
f 3689/1/5 3664/1/5 3688/1/5
f 3690/3/5 3666/3/5 3665/3/5
f 3691/3/5 3666/3/5 3690/3/5
f 3692/2/5 3667/2/5 3666/2/5
f 3692/3/5 3666/3/5 3691/3/5
f 3693/2/5 3667/2/5 3692/2/5
f 3694/3/5 3668/3/5 3646/3/5
f 3694/3/5 3669/3/5 3668/3/5
f 3695/2/5 3670/2/5 3669/2/5
f 3695/3/5 3669/3/5 3694/3/5
f 3696/3/5 3671/3/5 3670/3/5
f 3696/2/5 3670/2/5 3695/2/5
f 3697/3/5 3671/3/5 3696/3/5
f 3698/3/5 3673/3/5 3672/3/5
f 3699/3/5 3673/3/5 3698/3/5
f 3700/3/5 3673/3/5 3699/3/5
f 3701/2/5 3676/2/5 3675/2/5
f 3701/2/5 3675/2/5 3674/2/5
f 3702/3/5 3677/3/5 3676/3/5
f 3702/2/5 3676/2/5 3701/2/5
f 3703/3/5 3677/3/5 3702/3/5
f 3704/3/5 3679/3/5 3678/3/5
f 3705/2/5 3681/2/5 3680/2/5
f 3705/3/5 3679/3/5 3704/3/5
f 3705/2/5 3680/2/5 3679/2/5
f 3706/2/5 3681/2/5 3705/2/5
f 3707/2/5 3684/2/5 3683/2/5
f 3707/2/5 3683/2/5 3682/2/5
f 3708/2/5 3684/2/5 3707/2/5
f 3709/2/5 3686/2/5 3685/2/5
f 3710/3/5 3687/3/5 3686/3/5
f 3710/2/5 3686/2/5 3709/2/5
f 3711/4/5 3689/4/5 3688/4/5
f 3711/3/5 3687/3/5 3710/3/5
f 3711/4/5 3688/4/5 3687/4/5
f 3712/4/5 3689/4/5 3711/4/5
f 3713/4/5 3691/4/5 3690/4/5
f 3714/3/5 3693/3/5 3692/3/5
f 3714/4/5 3691/4/5 3713/4/5
f 3714/3/5 3692/3/5 3691/3/5
f 3715/3/5 3693/3/5 3714/3/5
f 3716/4/5 3695/4/5 3694/4/5
f 3716/4/5 3697/4/5 3696/4/5
f 3716/4/5 3696/4/5 3695/4/5
f 3717/4/5 3697/4/5 3716/4/5
f 3718/4/5 3699/4/5 3698/4/5
f 3719/2/5 3700/2/5 3699/2/5
f 3719/4/5 3699/4/5 3718/4/5
f 3720/2/5 3700/2/5 3719/2/5
f 3721/6/6 3722/6/6 3723/6/6
f 3723/6/6 3722/6/6 3724/6/6
f 3725/6/6 3726/6/6 3727/6/6
f 3727/6/6 3726/6/6 3728/6/6
f 3729/6/6 3730/6/6 3731/6/6
f 3731/6/6 3730/6/6 3732/6/6
f 3729/6/6 3731/6/6 3733/6/6
f 3733/6/6 3731/6/6 3734/6/6
f 3735/5/6 3736/5/6 3749/5/6
f 3749/5/6 3736/5/6 3750/5/6
f 3737/5/6 3738/5/6 3751/5/6
f 3751/5/6 3738/5/6 3752/5/6
f 3739/5/6 3740/5/6 3753/5/6
f 3753/5/6 3740/5/6 3754/5/6
f 3741/5/6 3742/5/6 3755/5/6
f 3755/5/6 3742/5/6 3756/5/6
f 3743/5/6 3744/5/6 3757/5/6
f 3757/5/6 3744/5/6 3758/5/6
f 3745/5/6 3746/5/6 3759/5/6
f 3759/5/6 3746/5/6 3760/5/6
f 3747/5/6 3748/5/6 3761/5/6
f 3761/5/6 3748/5/6 3762/5/6
f 3763/5/6 3764/5/6 3777/5/6
f 3777/5/6 3764/5/6 3778/5/6
f 3765/5/6 3766/5/6 3779/5/6
f 3779/5/6 3766/5/6 3780/5/6
f 3767/5/6 3768/5/6 3781/5/6
f 3781/5/6 3768/5/6 3782/5/6
f 3769/5/6 3770/5/6 3783/5/6
f 3783/5/6 3770/5/6 3784/5/6
f 3771/5/6 3772/5/6 3785/5/6
f 3785/5/6 3772/5/6 3786/5/6
f 3773/5/6 3774/5/6 3787/5/6
f 3787/5/6 3774/5/6 3788/5/6
f 3775/5/6 3776/5/6 3789/5/6
f 3789/5/6 3776/5/6 3790/5/6
f 3791/5/6 3792/5/6 3805/5/6
f 3805/5/6 3792/5/6 3806/5/6
f 3793/5/6 3794/5/6 3807/5/6
f 3807/5/6 3794/5/6 3808/5/6
f 3795/5/6 3796/5/6 3809/5/6
f 3809/5/6 3796/5/6 3810/5/6
f 3797/5/6 3798/5/6 3811/5/6
f 3811/5/6 3798/5/6 3812/5/6
f 3799/5/6 3800/5/6 3813/5/6
f 3813/5/6 3800/5/6 3814/5/6
f 3801/5/6 3802/5/6 3815/5/6
f 3815/5/6 3802/5/6 3816/5/6
f 3803/5/6 3804/5/6 3817/5/6
f 3817/5/6 3804/5/6 3818/5/6
f 3819/6/6 3820/6/6 3834/6/6
f 3833/6/6 3834/6/6 3835/6/6
f 3834/6/6 3820/6/6 3836/6/6
f 3835/6/6 3834/6/6 3836/6/6
f 3821/6/6 3822/6/6 3837/6/6
f 3837/6/6 3822/6/6 3838/6/6
f 3823/6/6 3824/6/6 3839/6/6
f 3839/6/6 3824/6/6 3840/6/6
f 3825/6/6 3826/6/6 3841/6/6
f 3841/6/6 3826/6/6 3842/6/6
f 3827/6/6 3828/6/6 3843/6/6
f 3843/6/6 3828/6/6 3844/6/6
f 3829/6/6 3830/6/6 3845/6/6
f 3845/6/6 3830/6/6 3846/6/6
f 3831/6/6 3832/6/6 3847/6/6
f 3847/6/6 3832/6/6 3848/6/6
f 3849/4/6 3850/4/6 3863/4/6
f 3863/4/6 3850/4/6 3864/4/6
f 3851/4/6 3852/4/6 3865/4/6
f 3865/4/6 3852/4/6 3866/4/6
f 3866/4/6 3852/4/6 3867/4/6
f 3853/4/6 3854/4/6 3868/4/6
f 3868/4/6 3854/4/6 3869/4/6
f 3855/4/6 3856/4/6 3870/4/6
f 3870/4/6 3856/4/6 3871/4/6
f 3857/4/6 3858/4/6 3872/4/6
f 3872/4/6 3858/4/6 3873/4/6
f 3859/4/6 3860/4/6 3874/4/6
f 3874/4/6 3860/4/6 3875/4/6
f 3861/4/6 3862/4/6 3876/4/6
f 3876/4/6 3862/4/6 3877/4/6
f 3866/4/6 3867/4/6 3878/4/6
f 3878/4/6 3867/4/6 3879/4/6
f 3878/4/6 3879/4/6 3881/4/6
f 3881/4/6 3879/4/6 3882/4/6
f 3880/4/6 3881/4/6 3885/4/6
f 3881/4/6 3882/4/6 3885/4/6
f 3885/4/6 3882/4/6 3886/4/6
f 3883/4/6 3884/4/6 3898/4/6
f 3898/4/6 3884/4/6 3899/4/6
f 3885/4/6 3886/4/6 3900/4/6
f 3900/4/6 3886/4/6 3901/4/6
f 3887/4/6 3888/4/6 3902/4/6
f 3902/4/6 3888/4/6 3903/4/6
f 3903/4/6 3888/4/6 3904/4/6
f 3889/4/6 3890/4/6 3905/4/6
f 3905/4/6 3890/4/6 3906/4/6
f 3891/4/6 3892/4/6 3907/4/6
f 3907/4/6 3892/4/6 3908/4/6
f 3893/4/6 3894/4/6 3909/4/6
f 3909/4/6 3894/4/6 3910/4/6
f 3910/4/6 3894/4/6 3911/4/6
f 3896/4/6 3897/4/6 3912/4/6
f 3895/4/6 3896/4/6 3912/4/6
f 3912/4/6 3897/4/6 3913/4/6
f 3913/4/6 3897/4/6 3914/4/6
f 3909/4/6 3910/4/6 3915/4/6
f 3909/4/6 3915/4/6 3916/4/6
f 3916/4/6 3915/4/6 3917/4/6
f 3917/4/6 3918/4/6 3932/4/6
f 3932/4/6 3918/4/6 3933/4/6
f 3919/4/6 3920/4/6 3936/4/6
f 3936/4/6 3920/4/6 3937/4/6
f 3937/4/6 3920/4/6 3938/4/6
f 3921/4/6 3922/4/6 3939/4/6
f 3939/4/6 3922/4/6 3940/4/6
f 3923/4/6 3924/4/6 3941/4/6
f 3941/4/6 3924/4/6 3942/4/6
f 3925/4/6 3926/4/6 3943/4/6
f 3926/4/6 3927/4/6 3943/4/6
f 3943/4/6 3927/4/6 3944/4/6
f 3929/4/6 3930/4/6 3945/4/6
f 3928/4/6 3929/4/6 3945/4/6
f 3945/4/6 3930/4/6 3946/4/6
f 3931/4/6 3932/4/6 3947/4/6
f 3932/4/6 3933/4/6 3947/4/6
f 3947/4/6 3933/4/6 3948/4/6
f 3948/4/6 3933/4/6 3949/4/6
f 3934/4/6 3935/4/6 3950/4/6
f 3950/4/6 3935/4/6 3951/4/6
f 3939/4/6 3940/4/6 3952/4/6
f 3952/4/6 3940/4/6 3953/4/6
f 3953/4/6 3940/4/6 3954/4/6
f 3952/4/6 3953/4/6 3955/4/6
f 3955/4/6 3953/4/6 3956/4/6
f 3955/4/6 3956/4/6 3957/4/6
f 3957/4/6 3956/4/6 3958/4/6
f 3957/4/6 3958/4/6 3961/4/6
f 3961/4/6 3958/4/6 3962/4/6
f 3959/4/6 3960/4/6 3975/4/6
f 3975/4/6 3960/4/6 3976/4/6
f 3962/4/6 3963/4/6 3977/4/6
f 3961/4/6 3962/4/6 3977/4/6
f 3977/4/6 3963/4/6 3978/4/6
f 3964/4/6 3965/4/6 3979/4/6
f 3979/4/6 3965/4/6 3980/4/6
f 3966/4/6 3967/4/6 3981/4/6
f 3981/4/6 3967/4/6 3982/4/6
f 3968/4/6 3969/4/6 3983/4/6
f 3983/4/6 3969/4/6 3984/4/6
f 3970/4/6 3971/4/6 3985/4/6
f 3971/4/6 3972/4/6 3985/4/6
f 3985/4/6 3972/4/6 3986/4/6
f 3986/4/6 3972/4/6 3987/4/6
f 3973/4/6 3974/4/6 3988/4/6
f 3988/4/6 3974/4/6 3989/4/6
f 3986/4/6 3987/4/6 3990/4/6
f 3986/4/6 3990/4/6 4002/4/6
f 4002/4/6 3990/4/6 4003/4/6
f 3991/4/6 3992/4/6 4006/4/6
f 4006/4/6 3992/4/6 4007/4/6
f 3993/4/6 3994/4/6 4008/4/6
f 4008/4/6 3994/4/6 4009/4/6
f 4009/4/6 3994/4/6 4010/4/6
f 3995/4/6 3996/4/6 4011/4/6
f 4011/4/6 3996/4/6 4012/4/6
f 4012/4/6 3996/4/6 4013/4/6
f 3997/4/6 3998/4/6 4014/4/6
f 4014/4/6 3998/4/6 4015/4/6
f 3999/4/6 4000/4/6 4016/4/6
f 4016/4/6 4000/4/6 4017/4/6
f 4002/4/6 4003/4/6 4018/4/6
f 4001/4/6 4002/4/6 4018/4/6
f 4018/4/6 4003/4/6 4019/4/6
f 4004/4/6 4005/4/6 4020/4/6
f 4020/4/6 4005/4/6 4021/4/6
f 4008/4/6 4009/4/6 4022/4/6
f 4022/4/6 4009/4/6 4023/4/6
f 4022/4/6 4023/4/6 4026/4/6
f 4026/4/6 4023/4/6 4027/4/6
f 4024/4/6 4025/4/6 4040/4/6
f 4040/4/6 4025/4/6 4041/4/6
f 4026/4/6 4027/4/6 4042/4/6
f 4027/4/6 4028/4/6 4042/4/6
f 4042/4/6 4028/4/6 4043/4/6
f 4043/4/6 4028/4/6 4044/4/6
f 4029/4/6 4030/4/6 4045/4/6
f 4045/4/6 4030/4/6 4046/4/6
f 4031/4/6 4032/4/6 4047/4/6
f 4047/4/6 4032/4/6 4048/4/6
f 4033/4/6 4034/4/6 4049/4/6
f 4049/4/6 4034/4/6 4050/4/6
f 4035/4/6 4036/4/6 4051/4/6
f 4036/4/6 4037/4/6 4051/4/6
f 4051/4/6 4037/4/6 4052/4/6
f 4038/4/6 4039/4/6 4053/4/6
f 4053/4/6 4039/4/6 4054/4/6
f 4051/4/6 4052/4/6 4055/4/6
f 4055/4/6 4052/4/6 4056/4/6
f 4056/4/6 4052/4/6 4057/4/6
f 4056/4/6 4057/4/6 4058/4/6
f 4058/4/6 4057/4/6 4059/4/6
f 4058/4/6 4059/4/6 4073/4/6
f 4073/4/6 4059/4/6 4074/4/6
f 4060/4/6 4061/4/6 4077/4/6
f 4061/4/6 4062/4/6 4077/4/6
f 4077/4/6 4062/4/6 4078/4/6
f 4078/4/6 4062/4/6 4079/4/6
f 4063/4/6 4064/4/6 4080/4/6
f 4064/4/6 4065/4/6 4080/4/6
f 4080/4/6 4065/4/6 4081/4/6
f 4081/4/6 4065/4/6 4082/4/6
f 4066/4/6 4067/4/6 4083/4/6
f 4083/4/6 4067/4/6 4084/4/6
f 4068/4/6 4069/4/6 4085/4/6
f 4085/4/6 4069/4/6 4086/4/6
f 4070/4/6 4071/4/6 4087/4/6
f 4087/4/6 4071/4/6 4088/4/6
f 4073/4/6 4074/4/6 4089/4/6
f 4072/4/6 4073/4/6 4089/4/6
f 4089/4/6 4074/4/6 4090/4/6
f 4075/4/6 4076/4/6 4091/4/6
f 4091/4/6 4076/4/6 4092/4/6
f 4081/4/6 4082/4/6 4093/4/6
f 4093/4/6 4082/4/6 4094/4/6
f 4093/4/6 4094/4/6 4095/4/6
f 4095/4/6 4094/4/6 4096/4/6
f 4095/4/6 4096/4/6 4100/4/6
f 4100/4/6 4096/4/6 4101/4/6
f 4097/4/6 4098/4/6 4112/4/6
f 4112/4/6 4098/4/6 4113/4/6
f 4100/4/6 4101/4/6 4114/4/6
f 4099/4/6 4100/4/6 4114/4/6
f 4114/4/6 4101/4/6 4115/4/6
f 4102/4/6 4103/4/6 4116/4/6
f 4116/4/6 4103/4/6 4117/4/6
f 4104/4/6 4105/4/6 4118/4/6
f 4118/4/6 4105/4/6 4119/4/6
f 4106/4/6 4107/4/6 4120/4/6
f 4120/4/6 4107/4/6 4121/4/6
f 4108/4/6 4109/4/6 4122/4/6
f 4122/4/6 4109/4/6 4123/4/6
f 4123/4/6 4109/4/6 4124/4/6
f 4110/4/6 4111/4/6 4125/4/6
f 4125/4/6 4111/4/6 4126/4/6
f 4122/4/6 4123/4/6 4127/4/6
f 4127/4/6 4123/4/6 4128/4/6
f 4127/4/6 4128/4/6 4129/4/6
f 4129/4/6 4128/4/6 4130/4/6
f 4129/4/6 4130/4/6 4142/4/6
f 4142/4/6 4130/4/6 4143/4/6
f 4131/4/6 4132/4/6 4147/4/6
f 4147/4/6 4132/4/6 4148/4/6
f 4133/4/6 4134/4/6 4149/4/6
f 4149/4/6 4134/4/6 4150/4/6
f 4150/4/6 4134/4/6 4151/4/6
f 4135/4/6 4136/4/6 4152/4/6
f 4152/4/6 4136/4/6 4153/4/6
f 4137/4/6 4138/4/6 4154/4/6
f 4154/4/6 4138/4/6 4155/4/6
f 4140/4/6 4141/4/6 4156/4/6
f 4139/4/6 4140/4/6 4156/4/6
f 4156/4/6 4141/4/6 4157/4/6
f 4142/4/6 4143/4/6 4158/4/6
f 4143/4/6 4144/4/6 4158/4/6
f 4158/4/6 4144/4/6 4159/4/6
f 4145/4/6 4146/4/6 4160/4/6
f 4160/4/6 4146/4/6 4161/4/6
f 4161/4/6 4146/4/6 4162/4/6
f 4149/4/6 4150/4/6 4163/4/6
f 4163/4/6 4150/4/6 4164/4/6
f 4163/4/6 4164/4/6 4166/4/6
f 4164/4/6 4165/4/6 4166/4/6
f 4166/4/6 4165/4/6 4167/4/6
f 4167/4/6 4165/4/6 4168/4/6
f 4167/4/6 4168/4/6 4173/4/6
f 4173/4/6 4168/4/6 4174/4/6
f 4169/4/6 4170/4/6 4186/4/6
f 4170/3/6 4171/3/6 4187/3/6
f 4186/4/6 4170/4/6 4187/4/6
f 4187/3/6 4171/3/6 4188/3/6
f 4173/3/6 4174/3/6 4189/3/6
f 4172/3/6 4173/3/6 4189/3/6
f 4189/3/6 4174/3/6 4190/3/6
f 4175/4/6 4176/4/6 4191/4/6
f 4191/4/6 4176/4/6 4192/4/6
f 4177/4/6 4178/4/6 4193/4/6
f 4193/4/6 4178/4/6 4194/4/6
f 4179/4/6 4180/4/6 4195/4/6
f 4180/3/6 4181/3/6 4196/3/6
f 4195/4/6 4180/4/6 4196/4/6
f 4196/3/6 4181/3/6 4197/3/6
f 4182/3/6 4183/3/6 4198/3/6
f 4198/3/6 4183/3/6 4199/3/6
f 4199/3/6 4183/3/6 4200/3/6
f 4184/4/6 4185/4/6 4201/4/6
f 4201/4/6 4185/4/6 4202/4/6
f 4198/4/6 4199/4/6 4203/4/6
f 4198/4/6 4203/4/6 4204/4/6
f 4198/4/6 4204/4/6 4216/4/6
f 4204/4/6 4205/4/6 4216/4/6
f 4216/4/6 4205/4/6 4217/4/6
f 4206/4/6 4207/4/6 4220/4/6
f 4220/4/6 4207/4/6 4221/4/6
f 4208/4/6 4209/4/6 4222/4/6
f 4222/4/6 4209/4/6 4223/4/6
f 4223/4/6 4209/4/6 4224/4/6
f 4210/3/6 4211/3/6 4225/3/6
f 4225/3/6 4211/3/6 4226/3/6
f 4212/3/6 4213/3/6 4227/3/6
f 4227/3/6 4213/3/6 4228/3/6
f 4214/4/6 4215/4/6 4229/4/6
f 4229/4/6 4215/4/6 4230/4/6
f 4216/4/6 4217/4/6 4231/4/6
f 4231/4/6 4217/4/6 4232/4/6
f 4218/4/6 4219/4/6 4233/4/6
f 4233/4/6 4219/4/6 4234/4/6
f 4222/4/6 4223/4/6 4235/4/6
f 4235/4/6 4223/4/6 4236/4/6
f 4236/4/6 4223/4/6 4237/4/6
f 4237/4/6 4238/4/6 4242/4/6
f 4242/4/6 4238/4/6 4243/4/6
f 4239/4/6 4240/4/6 4254/4/6
f 4254/4/6 4240/4/6 4255/4/6
f 4241/4/6 4242/4/6 4256/4/6
f 4242/4/6 4243/4/6 4256/4/6
f 4256/4/6 4243/4/6 4257/4/6
f 4244/4/6 4245/4/6 4258/4/6
f 4258/4/6 4245/4/6 4259/4/6
f 4246/4/6 4247/4/6 4260/4/6
f 4260/4/6 4247/4/6 4261/4/6
f 4248/4/6 4249/4/6 4262/4/6
f 4262/4/6 4249/4/6 4263/4/6
f 4250/4/6 4251/4/6 4264/4/6
f 4264/4/6 4251/4/6 4265/4/6
f 4265/4/6 4251/4/6 4266/4/6
f 4252/4/6 4253/4/6 4267/4/6
f 4267/4/6 4253/4/6 4268/4/6
f 4265/4/6 4266/4/6 4270/4/6
f 4269/4/6 4270/4/6 4271/4/6
f 4270/4/6 4266/4/6 4272/4/6
f 4271/4/6 4270/4/6 4272/4/6
f 4272/4/6 4266/4/6 4284/4/6
f 4284/4/6 4266/4/6 4285/4/6
f 4273/4/6 4274/4/6 4288/4/6
f 4288/4/6 4274/4/6 4289/4/6
f 4275/4/6 4276/4/6 4290/4/6
f 4290/4/6 4276/4/6 4291/4/6
f 4291/4/6 4276/4/6 4292/4/6
f 4277/4/6 4278/4/6 4293/4/6
f 4293/4/6 4278/4/6 4294/4/6
f 4279/4/6 4280/4/6 4295/4/6
f 4295/4/6 4280/4/6 4296/4/6
f 4281/4/6 4282/4/6 4297/4/6
f 4297/4/6 4282/4/6 4298/4/6
f 4283/4/6 4284/4/6 4299/4/6
f 4284/4/6 4285/4/6 4299/4/6
f 4299/4/6 4285/4/6 4300/4/6
f 4286/4/6 4287/4/6 4301/4/6
f 4301/4/6 4287/4/6 4302/4/6
f 4291/4/6 4292/4/6 4303/4/6
f 4303/4/6 4292/4/6 4304/4/6
f 4303/4/6 4304/4/6 4305/4/6
f 4305/4/6 4304/4/6 4309/4/6
f 4309/4/6 4304/4/6 4310/4/6
f 4306/4/6 4307/4/6 4321/4/6
f 4321/4/6 4307/4/6 4322/4/6
f 4322/4/6 4307/4/6 4323/4/6
f 4309/4/6 4310/4/6 4324/4/6
f 4308/4/6 4309/4/6 4324/4/6
f 4324/4/6 4310/4/6 4325/4/6
f 4311/4/6 4312/4/6 4326/4/6
f 4326/4/6 4312/4/6 4327/4/6
f 4313/4/6 4314/4/6 4328/4/6
f 4328/4/6 4314/4/6 4329/4/6
f 4315/4/6 4316/4/6 4330/4/6
f 4330/4/6 4316/4/6 4331/4/6
f 4317/4/6 4318/4/6 4332/4/6
f 4332/4/6 4318/4/6 4333/4/6
f 4333/4/6 4318/4/6 4334/4/6
f 4319/4/6 4320/4/6 4335/4/6
f 4335/4/6 4320/4/6 4336/4/6
f 4332/4/6 4333/4/6 4337/4/6
f 4337/4/6 4333/4/6 4338/4/6
f 4338/4/6 4339/4/6 4340/4/6
f 4338/4/6 4340/4/6 4353/4/6
f 4353/4/6 4340/4/6 4354/4/6
f 4341/4/6 4342/4/6 4357/4/6
f 4357/4/6 4342/4/6 4358/4/6
f 4343/4/6 4344/4/6 4359/4/6
f 4359/4/6 4344/4/6 4360/4/6
f 4360/4/6 4344/4/6 4361/4/6
f 4345/4/6 4346/4/6 4362/4/6
f 4346/4/6 4347/4/6 4362/4/6
f 4362/4/6 4347/4/6 4363/4/6
f 4348/4/6 4349/4/6 4364/4/6
f 4364/4/6 4349/4/6 4365/4/6
f 4350/4/6 4351/4/6 4366/4/6
f 4366/4/6 4351/4/6 4367/4/6
f 4353/4/6 4354/4/6 4368/4/6
f 4352/4/6 4353/4/6 4368/4/6
f 4368/4/6 4354/4/6 4369/4/6
f 4369/4/6 4354/4/6 4370/4/6
f 4355/4/6 4356/4/6 4371/4/6
f 4371/4/6 4356/4/6 4372/4/6
f 4360/4/6 4361/4/6 4373/4/6
f 4373/4/6 4361/4/6 4374/4/6
f 4373/4/6 4374/4/6 4376/4/6
f 4376/4/6 4374/4/6 4377/4/6
f 4375/4/6 4376/4/6 4378/4/6
f 4376/4/6 4377/4/6 4378/4/6
f 4378/4/6 4377/4/6 4379/4/6
f 4380/2/6 4381/2/6 4394/2/6
f 4381/3/6 4382/3/6 4395/3/6
f 4394/2/6 4381/2/6 4395/2/6
f 4382/4/6 4383/4/6 4396/4/6
f 4395/3/6 4382/3/6 4396/3/6
f 4396/4/6 4383/4/6 4397/4/6
f 4397/4/6 4383/4/6 4398/4/6
f 4384/4/6 4385/4/6 4399/4/6
f 4385/3/6 4386/3/6 4400/3/6
f 4399/4/6 4385/4/6 4400/4/6
f 4400/3/6 4386/3/6 4401/3/6
f 4386/2/6 4387/2/6 4402/2/6
f 4401/3/6 4386/3/6 4402/3/6
f 4387/1/6 4388/1/6 4403/1/6
f 4402/2/6 4387/2/6 4403/2/6
f 4388/2/6 4389/2/6 4404/2/6
f 4403/1/6 4388/1/6 4404/1/6
f 4404/2/6 4389/2/6 4405/2/6
f 4389/3/6 4390/3/6 4406/3/6
f 4405/2/6 4389/2/6 4406/2/6
f 4392/2/6 4393/2/6 4407/2/6
f 4391/3/6 4392/3/6 4407/3/6
f 4407/2/6 4393/2/6 4408/2/6
f 4408/2/6 4393/2/6 4409/2/6
f 4409/2/6 4393/2/6 4410/2/6
f 4394/3/6 4395/3/6 4411/3/6
f 4395/4/6 4396/4/6 4412/4/6
f 4411/3/6 4395/3/6 4412/3/6
f 4396/4/6 4397/4/6 4412/4/6
f 4412/4/6 4397/4/6 4413/4/6
f 4397/3/6 4398/3/6 4414/3/6
f 4413/4/6 4397/4/6 4414/4/6
f 4414/3/6 4398/3/6 4415/3/6
f 4400/2/6 4401/2/6 4416/2/6
f 4399/2/6 4400/2/6 4416/2/6
f 4416/2/6 4401/2/6 4417/2/6
f 4401/3/6 4402/3/6 4418/3/6
f 4417/2/6 4401/2/6 4418/2/6
f 4402/3/6 4403/3/6 4418/3/6
f 4403/3/6 4404/3/6 4418/3/6
f 4418/3/6 4404/3/6 4419/3/6
f 4419/3/6 4404/3/6 4420/3/6
f 4404/1/6 4405/1/6 4421/1/6
f 4420/3/6 4404/3/6 4421/3/6
f 4405/3/6 4406/3/6 4422/3/6
f 4421/1/6 4405/1/6 4422/1/6
f 4422/3/6 4406/3/6 4423/3/6
f 4406/3/6 4390/3/6 4424/3/6
f 4423/3/6 4406/3/6 4424/3/6
f 4390/2/6 4391/2/6 4424/2/6
f 4391/3/6 4407/3/6 4425/3/6
f 4424/2/6 4391/2/6 4425/2/6
f 4407/3/6 4408/3/6 4425/3/6
f 4425/3/6 4408/3/6 4426/3/6
f 4408/2/6 4409/2/6 4427/2/6
f 4426/3/6 4408/3/6 4427/3/6
f 4409/3/6 4410/3/6 4428/3/6
f 4427/2/6 4409/2/6 4428/2/6
f 4428/3/6 4410/3/6 4429/3/6
f 4429/3/6 4410/3/6 4430/3/6
f 4412/2/6 4413/2/6 4431/2/6
f 4411/2/6 4412/2/6 4431/2/6
f 4413/3/6 4414/3/6 4432/3/6
f 4431/2/6 4413/2/6 4432/2/6
f 4432/3/6 4414/3/6 4433/3/6
f 4416/3/6 4417/3/6 4434/3/6
f 4418/2/6 4419/2/6 4435/2/6
f 4434/3/6 4417/3/6 4435/3/6
f 4417/2/6 4418/2/6 4435/2/6
f 4419/3/6 4420/3/6 4436/3/6
f 4435/2/6 4419/2/6 4436/2/6
f 4422/4/6 4423/4/6 4437/4/6
f 4436/3/6 4420/3/6 4437/3/6
f 4421/4/6 4422/4/6 4437/4/6
f 4420/4/6 4421/4/6 4437/4/6
f 4424/3/6 4425/3/6 4438/3/6
f 4437/4/6 4423/4/6 4438/4/6
f 4423/3/6 4424/3/6 4438/3/6
f 4425/2/6 4426/2/6 4439/2/6
f 4438/3/6 4425/3/6 4439/3/6
f 4427/3/6 4428/3/6 4440/3/6
f 4439/2/6 4426/2/6 4440/2/6
f 4426/3/6 4427/3/6 4440/3/6
f 4428/3/6 4429/3/6 4440/3/6
f 4429/2/6 4430/2/6 4441/2/6
f 4440/3/6 4429/3/6 4441/3/6
f 4441/2/6 4430/2/6 4442/2/6
f 4443/3/6 4444/3/6 4459/3/6
f 4459/3/6 4444/3/6 4460/3/6
f 4460/3/6 4444/3/6 4461/3/6
f 4444/2/6 4445/2/6 4462/2/6
f 4461/3/6 4444/3/6 4462/3/6
f 4462/2/6 4445/2/6 4463/2/6
f 4445/3/6 4446/3/6 4464/3/6
f 4463/2/6 4445/2/6 4464/2/6
f 4446/2/6 4447/2/6 4465/2/6
f 4464/3/6 4446/3/6 4465/3/6
f 4465/2/6 4447/2/6 4466/2/6
f 4466/2/6 4447/2/6 4467/2/6
f 4447/3/6 4448/3/6 4468/3/6
f 4467/2/6 4447/2/6 4468/2/6
f 4448/2/6 4449/2/6 4469/2/6
f 4468/3/6 4448/3/6 4469/3/6
f 4449/3/6 4450/3/6 4470/3/6
f 4469/2/6 4449/2/6 4470/2/6
f 4470/3/6 4450/3/6 4471/3/6
f 4450/4/6 4451/4/6 4472/4/6
f 4471/3/6 4450/3/6 4472/3/6
f 4451/3/6 4452/3/6 4473/3/6
f 4472/4/6 4451/4/6 4473/4/6
f 4452/2/6 4453/2/6 4474/2/6
f 4473/3/6 4452/3/6 4474/3/6
f 4453/3/6 4454/3/6 4475/3/6
f 4474/2/6 4453/2/6 4475/2/6
f 4455/3/6 4456/3/6 4476/3/6
f 4476/3/6 4456/3/6 4477/3/6
f 4456/2/6 4457/2/6 4478/2/6
f 4477/3/6 4456/3/6 4478/3/6
f 4478/2/6 4457/2/6 4479/2/6
f 4457/3/6 4458/3/6 4480/3/6
f 4479/2/6 4457/2/6 4480/2/6
f 4480/3/6 4458/3/6 4481/3/6
f 4459/2/6 4460/2/6 4482/2/6
f 4460/3/6 4461/3/6 4483/3/6
f 4482/2/6 4460/2/6 4483/2/6
f 4462/2/6 4463/2/6 4484/2/6
f 4483/3/6 4461/3/6 4484/3/6
f 4461/2/6 4462/2/6 4484/2/6
f 4484/2/6 4463/2/6 4485/2/6
f 4463/3/6 4464/3/6 4486/3/6
f 4485/2/6 4463/2/6 4486/2/6
f 4464/3/6 4465/3/6 4486/3/6
f 4465/4/6 4466/4/6 4487/4/6
f 4486/3/6 4465/3/6 4487/3/6
f 4466/3/6 4467/3/6 4488/3/6
f 4487/4/6 4466/4/6 4488/4/6
f 4488/3/6 4467/3/6 4489/3/6
f 4467/4/6 4468/4/6 4490/4/6
f 4489/3/6 4467/3/6 4490/3/6
f 4468/3/6 4469/3/6 4491/3/6
f 4470/3/6 4471/3/6 4491/3/6
f 4469/3/6 4470/3/6 4491/3/6
f 4471/2/6 4472/2/6 4492/2/6
f 4491/3/6 4471/3/6 4492/3/6
f 4472/3/6 4473/3/6 4493/3/6
f 4492/2/6 4472/2/6 4493/2/6
f 4473/3/6 4474/3/6 4493/3/6
f 4474/3/6 4475/3/6 4493/3/6
f 4493/3/6 4475/3/6 4494/3/6
f 4494/3/6 4475/3/6 4495/3/6
f 4475/3/6 4454/3/6 4496/3/6
f 4495/3/6 4475/3/6 4496/3/6
f 4476/2/6 4477/2/6 4497/2/6
f 4478/3/6 4479/3/6 4498/3/6
f 4477/3/6 4478/3/6 4498/3/6
f 4497/2/6 4477/2/6 4498/2/6
f 4479/2/6 4480/2/6 4499/2/6
f 4498/3/6 4479/3/6 4499/3/6
f 4480/2/6 4481/2/6 4499/2/6
f 4499/2/6 4481/2/6 4500/2/6
f 4482/3/6 4483/3/6 4501/3/6
f 4484/2/6 4485/2/6 4502/2/6
f 4501/3/6 4483/3/6 4502/3/6
f 4483/2/6 4484/2/6 4502/2/6
f 4485/3/6 4486/3/6 4503/3/6
f 4502/2/6 4485/2/6 4503/2/6
f 4486/2/6 4487/2/6 4504/2/6
f 4503/3/6 4486/3/6 4504/3/6
f 4487/2/6 4488/2/6 4504/2/6
f 4488/3/6 4489/3/6 4505/3/6
f 4504/2/6 4488/2/6 4505/2/6
f 4489/4/6 4490/4/6 4506/4/6
f 4505/3/6 4489/3/6 4506/3/6
f 4490/4/6 4468/4/6 4507/4/6
f 4506/4/6 4490/4/6 4507/4/6
f 4468/3/6 4491/3/6 4507/3/6
f 4491/2/6 4492/2/6 4508/2/6
f 4507/3/6 4491/3/6 4508/3/6
f 4493/2/6 4494/2/6 4508/2/6
f 4492/2/6 4493/2/6 4508/2/6
f 4494/3/6 4495/3/6 4509/3/6
f 4508/2/6 4494/2/6 4509/2/6
f 4496/2/6 4497/2/6 4510/2/6
f 4509/3/6 4495/3/6 4510/3/6
f 4495/2/6 4496/2/6 4510/2/6
f 4510/2/6 4497/2/6 4511/2/6
f 4498/2/6 4499/2/6 4512/2/6
f 4499/3/6 4500/3/6 4513/3/6
f 4512/2/6 4499/2/6 4513/2/6
f 4513/3/6 4500/3/6 4514/3/6
f 4515/1/6 4516/1/6 4524/1/6
f 4516/2/6 4517/2/6 4525/2/6
f 4524/1/6 4516/1/6 4525/1/6
f 4517/1/6 4518/1/6 4526/1/6
f 4525/2/6 4517/2/6 4526/2/6
f 4526/1/6 4518/1/6 4527/1/6
f 4519/2/6 4520/2/6 4529/2/6
f 4529/2/6 4520/2/6 4530/2/6
f 4530/2/6 4520/2/6 4531/2/6
f 4531/2/6 4520/2/6 4532/2/6
f 4532/2/6 4520/2/6 4533/2/6
f 4533/2/6 4520/2/6 4534/2/6
f 4534/2/6 4520/2/6 4535/2/6
f 4520/3/6 4521/3/6 4536/3/6
f 4535/2/6 4520/2/6 4536/2/6
f 4536/3/6 4521/3/6 4537/3/6
f 4521/2/6 4522/2/6 4538/2/6
f 4537/3/6 4521/3/6 4538/3/6
f 4522/1/6 4523/1/6 4539/1/6
f 4538/2/6 4522/2/6 4539/2/6
f 4539/1/6 4523/1/6 4540/1/6
f 4524/2/6 4525/2/6 4541/2/6
f 4526/3/6 4527/3/6 4541/3/6
f 4525/3/6 4526/3/6 4541/3/6
f 4541/3/6 4527/3/6 4542/3/6
f 4528/1/6 4529/1/6 4543/1/6
f 4529/1/6 4530/1/6 4543/1/6
f 4530/3/6 4531/3/6 4544/3/6
f 4543/1/6 4530/1/6 4544/1/6
f 4544/3/6 4531/3/6 4545/3/6
f 4545/3/6 4531/3/6 4546/3/6
f 4546/3/6 4531/3/6 4547/3/6
f 4531/4/6 4532/4/6 4548/4/6
f 4547/3/6 4531/3/6 4548/3/6
f 4548/4/6 4532/4/6 4549/4/6
f 4532/3/6 4533/3/6 4550/3/6
f 4549/4/6 4532/4/6 4550/4/6
f 4550/3/6 4533/3/6 4551/3/6
f 4551/3/6 4533/3/6 4552/3/6
f 4552/3/6 4533/3/6 4553/3/6
f 4533/2/6 4534/2/6 4554/2/6
f 4553/3/6 4533/3/6 4554/3/6
f 4554/2/6 4534/2/6 4555/2/6
f 4534/1/6 4535/1/6 4556/1/6
f 4536/2/6 4537/2/6 4556/2/6
f 4535/2/6 4536/2/6 4556/2/6
f 4537/3/6 4538/3/6 4557/3/6
f 4556/2/6 4537/2/6 4557/2/6
f 4538/3/6 4539/3/6 4557/3/6
f 4539/2/6 4540/2/6 4558/2/6
f 4557/3/6 4539/3/6 4558/3/6
f 4558/2/6 4540/2/6 4559/2/6
f 4541/2/6 4542/2/6 4560/2/6
f 4524/2/6 4541/2/6 4560/2/6
f 4560/2/6 4542/2/6 4561/2/6
f 4561/2/6 4542/2/6 4562/2/6
f 4543/2/6 4544/2/6 4563/2/6
f 4544/2/6 4545/2/6 4563/2/6
f 4545/1/6 4546/1/6 4564/1/6
f 4563/2/6 4545/2/6 4564/2/6
f 4546/2/6 4547/2/6 4565/2/6
f 4548/4/6 4549/4/6 4566/4/6
f 4565/2/6 4547/2/6 4566/2/6
f 4547/4/6 4548/4/6 4566/4/6
f 4549/2/6 4550/2/6 4567/2/6
f 4566/4/6 4549/4/6 4567/4/6
f 4550/2/6 4551/2/6 4567/2/6
f 4551/3/6 4552/3/6 4568/3/6
f 4567/2/6 4551/2/6 4568/2/6
f 4552/4/6 4553/4/6 4569/4/6
f 4568/3/6 4552/3/6 4569/3/6
f 4554/3/6 4555/3/6 4570/3/6
f 4569/4/6 4553/4/6 4570/4/6
f 4553/3/6 4554/3/6 4570/3/6
f 4555/2/6 4534/2/6 4571/2/6
f 4570/3/6 4555/3/6 4571/3/6
f 4534/1/6 4556/1/6 4572/1/6
f 4571/2/6 4534/2/6 4572/2/6
f 4572/1/6 4556/1/6 4573/1/6
f 4556/3/6 4557/3/6 4574/3/6
f 4558/3/6 4559/3/6 4574/3/6
f 4557/3/6 4558/3/6 4574/3/6
f 4574/3/6 4559/3/6 4575/3/6
f 4559/2/6 4540/2/6 4576/2/6
f 4575/3/6 4559/3/6 4576/3/6
f 4576/2/6 4540/2/6 4577/2/6
f 4560/3/6 4561/3/6 4578/3/6
f 4561/1/6 4562/1/6 4579/1/6
f 4578/3/6 4561/3/6 4579/3/6
f 4579/1/6 4562/1/6 4580/1/6
f 4563/1/6 4564/1/6 4581/1/6
f 4564/1/6 4546/1/6 4582/1/6
f 4581/1/6 4564/1/6 4582/1/6
f 4546/2/6 4565/2/6 4582/2/6
f 4566/3/6 4567/3/6 4583/3/6
f 4582/2/6 4565/2/6 4583/2/6
f 4567/3/6 4568/3/6 4583/3/6
f 4565/3/6 4566/3/6 4583/3/6
f 4570/2/6 4571/2/6 4584/2/6
f 4583/3/6 4568/3/6 4584/3/6
f 4569/2/6 4570/2/6 4584/2/6
f 4568/2/6 4569/2/6 4584/2/6
f 4572/2/6 4573/2/6 4584/2/6
f 4571/2/6 4572/2/6 4584/2/6
f 4573/1/6 4556/1/6 4585/1/6
f 4584/2/6 4573/2/6 4585/2/6
f 4556/3/6 4574/3/6 4586/3/6
f 4585/1/6 4556/1/6 4586/1/6
f 4574/2/6 4575/2/6 4587/2/6
f 4586/3/6 4574/3/6 4587/3/6
f 4575/3/6 4576/3/6 4588/3/6
f 4587/2/6 4575/2/6 4588/2/6
f 4576/3/6 4577/3/6 4588/3/6
f 4588/3/6 4577/3/6 4589/3/6
f 4590/2/6 4591/2/6 4599/2/6
f 4599/2/6 4591/2/6 4600/2/6
f 4600/2/6 4591/2/6 4601/2/6
f 4601/2/6 4591/2/6 4602/2/6
f 4591/3/6 4592/3/6 4603/3/6
f 4602/2/6 4591/2/6 4603/2/6
f 4592/1/6 4593/1/6 4604/1/6
f 4603/3/6 4592/3/6 4604/3/6
f 4604/1/6 4593/1/6 4605/1/6
f 4593/2/6 4594/2/6 4606/2/6
f 4605/1/6 4593/1/6 4606/1/6
f 4606/2/6 4594/2/6 4607/2/6
f 4594/3/6 4595/3/6 4608/3/6
f 4607/2/6 4594/2/6 4608/2/6
f 4597/2/6 4598/2/6 4609/2/6
f 4609/2/6 4598/2/6 4610/2/6
f 4599/4/6 4600/4/6 4611/4/6
f 4611/4/6 4600/4/6 4612/4/6
f 4600/3/6 4601/3/6 4613/3/6
f 4612/4/6 4600/4/6 4613/4/6
f 4601/4/6 4602/4/6 4614/4/6
f 4613/3/6 4601/3/6 4614/3/6
f 4614/4/6 4602/4/6 4615/4/6
f 4602/3/6 4603/3/6 4616/3/6
f 4615/4/6 4602/4/6 4616/4/6
f 4604/3/6 4605/3/6 4616/3/6
f 4603/3/6 4604/3/6 4616/3/6
f 4606/1/6 4607/1/6 4617/1/6
f 4616/3/6 4605/3/6 4617/3/6
f 4605/1/6 4606/1/6 4617/1/6
f 4617/1/6 4607/1/6 4618/1/6
f 4618/1/6 4607/1/6 4619/1/6
f 4619/1/6 4607/1/6 4620/1/6
f 4607/3/6 4608/3/6 4621/3/6
f 4620/1/6 4607/1/6 4621/1/6
f 4621/3/6 4608/3/6 4622/3/6
f 4608/3/6 4595/3/6 4623/3/6
f 4622/3/6 4608/3/6 4623/3/6
f 4595/2/6 4596/2/6 4623/2/6
f 4597/2/6 4609/2/6 4624/2/6
f 4609/3/6 4610/3/6 4625/3/6
f 4624/2/6 4609/2/6 4625/2/6
f 4625/3/6 4610/3/6 4626/3/6
f 4626/3/6 4610/3/6 4627/3/6
f 4611/2/6 4612/2/6 4628/2/6
f 4612/4/6 4613/4/6 4629/4/6
f 4628/2/6 4612/2/6 4629/2/6
f 4614/4/6 4615/4/6 4629/4/6
f 4613/4/6 4614/4/6 4629/4/6
f 4615/3/6 4616/3/6 4630/3/6
f 4629/4/6 4615/4/6 4630/4/6
f 4616/1/6 4617/1/6 4631/1/6
f 4630/3/6 4616/3/6 4631/3/6
f 4617/1/6 4618/1/6 4631/1/6
f 4618/3/6 4619/3/6 4632/3/6
f 4631/1/6 4618/1/6 4632/1/6
f 4619/4/6 4620/4/6 4633/4/6
f 4632/3/6 4619/3/6 4633/3/6
f 4620/3/6 4621/3/6 4634/3/6
f 4633/4/6 4620/4/6 4634/4/6
f 4621/1/6 4622/1/6 4635/1/6
f 4634/3/6 4621/3/6 4635/3/6
f 4622/2/6 4623/2/6 4636/2/6
f 4635/1/6 4622/1/6 4636/1/6
f 4623/2/6 4596/2/6 4637/2/6
f 4636/2/6 4623/2/6 4637/2/6
f 4625/3/6 4626/3/6 4638/3/6
f 4624/3/6 4625/3/6 4638/3/6
f 4626/2/6 4627/2/6 4639/2/6
f 4638/3/6 4626/3/6 4639/3/6
f 4639/2/6 4627/2/6 4640/2/6
f 4641/2/6 4642/2/6 4653/2/6
f 4642/3/6 4643/3/6 4654/3/6
f 4653/2/6 4642/2/6 4654/2/6
f 4643/2/6 4644/2/6 4655/2/6
f 4654/3/6 4643/3/6 4655/3/6
f 4644/3/6 4645/3/6 4656/3/6
f 4655/2/6 4644/2/6 4656/2/6
f 4656/3/6 4645/3/6 4657/3/6
f 4646/3/6 4647/3/6 4658/3/6
f 4647/2/6 4648/2/6 4659/2/6
f 4658/3/6 4647/3/6 4659/3/6
f 4648/1/6 4649/1/6 4660/1/6
f 4659/2/6 4648/2/6 4660/2/6
f 4660/1/6 4649/1/6 4661/1/6
f 4649/2/6 4650/2/6 4662/2/6
f 4661/1/6 4649/1/6 4662/1/6
f 4650/1/6 4651/1/6 4663/1/6
f 4662/2/6 4650/2/6 4663/2/6
f 4663/1/6 4651/1/6 4664/1/6
f 4664/1/6 4651/1/6 4665/1/6
f 4651/2/6 4652/2/6 4666/2/6
f 4665/1/6 4651/1/6 4666/1/6
f 4666/2/6 4652/2/6 4667/2/6
f 4667/2/6 4652/2/6 4668/2/6
f 4668/2/6 4652/2/6 4669/2/6
f 4653/3/6 4654/3/6 4670/3/6
f 4654/2/6 4655/2/6 4671/2/6
f 4670/3/6 4654/3/6 4671/3/6
f 4656/2/6 4657/2/6 4671/2/6
f 4655/2/6 4656/2/6 4671/2/6
f 4658/2/6 4659/2/6 4672/2/6
f 4660/3/6 4661/3/6 4672/3/6
f 4659/3/6 4660/3/6 4672/3/6
f 4661/2/6 4662/2/6 4673/2/6
f 4672/3/6 4661/3/6 4673/3/6
f 4662/1/6 4663/1/6 4674/1/6
f 4673/2/6 4662/2/6 4674/2/6
f 4663/1/6 4664/1/6 4674/1/6
f 4674/1/6 4664/1/6 4675/1/6
f 4664/3/6 4665/3/6 4676/3/6
f 4675/1/6 4664/1/6 4676/1/6
f 4665/1/6 4666/1/6 4677/1/6
f 4676/3/6 4665/3/6 4677/3/6
f 4666/3/6 4667/3/6 4678/3/6
f 4677/1/6 4666/1/6 4678/1/6
f 4678/3/6 4667/3/6 4679/3/6
f 4667/2/6 4668/2/6 4680/2/6
f 4679/3/6 4667/3/6 4680/3/6
f 4668/3/6 4669/3/6 4681/3/6
f 4680/2/6 4668/2/6 4681/2/6
f 4670/2/6 4671/2/6 4682/2/6
f 4671/2/6 4657/2/6 4683/2/6
f 4682/2/6 4671/2/6 4683/2/6
f 4658/2/6 4672/2/6 4684/2/6
f 4672/2/6 4673/2/6 4684/2/6
f 4674/3/6 4675/3/6 4685/3/6
f 4684/2/6 4673/2/6 4685/2/6
f 4673/3/6 4674/3/6 4685/3/6
f 4678/2/6 4679/2/6 4686/2/6
f 4685/3/6 4675/3/6 4686/3/6
f 4676/2/6 4677/2/6 4686/2/6
f 4677/2/6 4678/2/6 4686/2/6
f 4675/2/6 4676/2/6 4686/2/6
f 4679/3/6 4680/3/6 4687/3/6
f 4686/2/6 4679/2/6 4687/2/6
f 4680/3/6 4681/3/6 4687/3/6
f 4681/3/6 4669/3/6 4688/3/6
f 4687/3/6 4681/3/6 4688/3/6
f 4689/1/6 4690/1/6 4703/1/6
f 4690/2/6 4691/2/6 4704/2/6
f 4703/1/6 4690/1/6 4704/1/6
f 4691/3/6 4692/3/6 4705/3/6
f 4704/2/6 4691/2/6 4705/2/6
f 4692/1/6 4693/1/6 4706/1/6
f 4705/3/6 4692/3/6 4706/3/6
f 4693/3/6 4694/3/6 4707/3/6
f 4706/1/6 4693/1/6 4707/1/6
f 4694/2/6 4695/2/6 4708/2/6
f 4707/3/6 4694/3/6 4708/3/6
f 4708/2/6 4695/2/6 4709/2/6
f 4695/3/6 4696/3/6 4710/3/6
f 4709/2/6 4695/2/6 4710/2/6
f 4696/2/6 4697/2/6 4711/2/6
f 4710/3/6 4696/3/6 4711/3/6
f 4711/2/6 4697/2/6 4712/2/6
f 4698/2/6 4699/2/6 4714/2/6
f 4714/2/6 4699/2/6 4715/2/6
f 4699/3/6 4700/3/6 4716/3/6
f 4715/2/6 4699/2/6 4716/2/6
f 4716/3/6 4700/3/6 4717/3/6
f 4700/2/6 4701/2/6 4718/2/6
f 4717/3/6 4700/3/6 4718/3/6
f 4701/1/6 4702/1/6 4719/1/6
f 4718/2/6 4701/2/6 4719/2/6
f 4719/1/6 4702/1/6 4720/1/6
f 4703/3/6 4704/3/6 4721/3/6
f 4704/3/6 4705/3/6 4721/3/6
f 4705/1/6 4706/1/6 4722/1/6
f 4721/3/6 4705/3/6 4722/3/6
f 4722/1/6 4706/1/6 4723/1/6
f 4706/2/6 4707/2/6 4724/2/6
f 4723/1/6 4706/1/6 4724/1/6
f 4708/2/6 4709/2/6 4724/2/6
f 4707/2/6 4708/2/6 4724/2/6
f 4724/2/6 4709/2/6 4725/2/6
f 4709/3/6 4710/3/6 4726/3/6
f 4725/2/6 4709/2/6 4726/2/6
f 4726/3/6 4710/3/6 4727/3/6
f 4710/2/6 4711/2/6 4728/2/6
f 4727/3/6 4710/3/6 4728/3/6
f 4711/2/6 4712/2/6 4728/2/6
f 4728/2/6 4712/2/6 4729/2/6
f 4729/2/6 4712/2/6 4730/2/6
f 4712/1/6 4713/1/6 4731/1/6
f 4730/2/6 4712/2/6 4731/2/6
f 4731/1/6 4713/1/6 4732/1/6
f 4714/1/6 4715/1/6 4733/1/6
f 4733/1/6 4715/1/6 4734/1/6
f 4716/2/6 4717/2/6 4735/2/6
f 4734/1/6 4715/1/6 4735/1/6
f 4715/2/6 4716/2/6 4735/2/6
f 4717/3/6 4718/3/6 4736/3/6
f 4735/2/6 4717/2/6 4736/2/6
f 4719/3/6 4720/3/6 4736/3/6
f 4718/3/6 4719/3/6 4736/3/6
f 4703/3/6 4721/3/6 4737/3/6
f 4722/1/6 4723/1/6 4738/1/6
f 4737/3/6 4721/3/6 4738/3/6
f 4721/1/6 4722/1/6 4738/1/6
f 4723/2/6 4724/2/6 4739/2/6
f 4738/1/6 4723/1/6 4739/1/6
f 4724/1/6 4725/1/6 4740/1/6
f 4739/2/6 4724/2/6 4740/2/6
f 4726/2/6 4727/2/6 4741/2/6
f 4740/1/6 4725/1/6 4741/1/6
f 4725/2/6 4726/2/6 4741/2/6
f 4728/1/6 4729/1/6 4742/1/6
f 4741/2/6 4727/2/6 4742/2/6
f 4727/1/6 4728/1/6 4742/1/6
f 4729/2/6 4730/2/6 4743/2/6
f 4742/1/6 4729/1/6 4743/1/6
f 4730/1/6 4731/1/6 4744/1/6
f 4743/2/6 4730/2/6 4744/2/6
f 4731/3/6 4732/3/6 4745/3/6
f 4744/1/6 4731/1/6 4745/1/6
f 4745/3/6 4732/3/6 4746/3/6
f 4733/2/6 4734/2/6 4747/2/6
f 4734/3/6 4735/3/6 4748/3/6
f 4747/2/6 4734/2/6 4748/2/6
f 4735/3/6 4736/3/6 4748/3/6
f 4736/3/6 4720/3/6 4749/3/6
f 4748/3/6 4736/3/6 4749/3/6
f 4750/3/6 4751/3/6 4764/3/6
f 4751/4/6 4752/4/6 4765/4/6
f 4764/3/6 4751/3/6 4765/3/6
f 4752/3/6 4753/3/6 4766/3/6
f 4765/4/6 4752/4/6 4766/4/6
f 4753/2/6 4754/2/6 4767/2/6
f 4766/3/6 4753/3/6 4767/3/6
f 4767/2/6 4754/2/6 4768/2/6
f 4768/2/6 4754/2/6 4769/2/6
f 4755/2/6 4756/2/6 4770/2/6
f 4756/3/6 4757/3/6 4771/3/6
f 4770/2/6 4756/2/6 4771/2/6
f 4757/1/6 4758/1/6 4772/1/6
f 4771/3/6 4757/3/6 4772/3/6
f 4758/3/6 4759/3/6 4773/3/6
f 4772/1/6 4758/1/6 4773/1/6
f 4773/3/6 4759/3/6 4774/3/6
f 4774/3/6 4759/3/6 4775/3/6
f 4775/3/6 4759/3/6 4776/3/6
f 4776/3/6 4759/3/6 4777/3/6
f 4777/3/6 4759/3/6 4778/3/6
f 4759/2/6 4760/2/6 4779/2/6
f 4778/3/6 4759/3/6 4779/3/6
f 4760/3/6 4761/3/6 4780/3/6
f 4779/2/6 4760/2/6 4780/2/6
f 4780/3/6 4761/3/6 4781/3/6
f 4781/3/6 4761/3/6 4782/3/6
f 4761/2/6 4762/2/6 4783/2/6
f 4782/3/6 4761/3/6 4783/3/6
f 4762/3/6 4763/3/6 4784/3/6
f 4783/2/6 4762/2/6 4784/2/6
f 4784/3/6 4763/3/6 4785/3/6
f 4764/2/6 4765/2/6 4786/2/6
f 4765/4/6 4766/4/6 4786/4/6
f 4766/4/6 4767/4/6 4786/4/6
f 4767/4/6 4768/4/6 4786/4/6
f 4786/4/6 4768/4/6 4787/4/6
f 4787/4/6 4768/4/6 4788/4/6
f 4768/3/6 4769/3/6 4789/3/6
f 4788/4/6 4768/4/6 4789/4/6
f 4789/3/6 4769/3/6 4790/3/6
f 4770/3/6 4771/3/6 4791/3/6
f 4771/3/6 4772/3/6 4791/3/6
f 4772/3/6 4773/3/6 4791/3/6
f 4773/3/6 4774/3/6 4791/3/6
f 4774/2/6 4775/2/6 4792/2/6
f 4791/3/6 4774/3/6 4792/3/6
f 4792/2/6 4775/2/6 4793/2/6
f 4775/3/6 4776/3/6 4794/3/6
f 4793/2/6 4775/2/6 4794/2/6
f 4776/1/6 4777/1/6 4795/1/6
f 4794/3/6 4776/3/6 4795/3/6
f 4777/3/6 4778/3/6 4796/3/6
f 4795/1/6 4777/1/6 4796/1/6
f 4778/2/6 4779/2/6 4797/2/6
f 4796/3/6 4778/3/6 4797/3/6
f 4797/2/6 4779/2/6 4798/2/6
f 4780/3/6 4781/3/6 4799/3/6
f 4798/2/6 4779/2/6 4799/2/6
f 4779/3/6 4780/3/6 4799/3/6
f 4799/3/6 4781/3/6 4800/3/6
f 4781/2/6 4782/2/6 4801/2/6
f 4800/3/6 4781/3/6 4801/3/6
f 4782/3/6 4783/3/6 4802/3/6
f 4801/2/6 4782/2/6 4802/2/6
f 4783/3/6 4784/3/6 4802/3/6
f 4784/2/6 4785/2/6 4803/2/6
f 4802/3/6 4784/3/6 4803/3/6
f 4786/2/6 4787/2/6 4804/2/6
f 4764/2/6 4786/2/6 4804/2/6
f 4787/1/6 4788/1/6 4805/1/6
f 4804/2/6 4787/2/6 4805/2/6
f 4789/4/6 4790/4/6 4806/4/6
f 4805/1/6 4788/1/6 4806/1/6
f 4788/4/6 4789/4/6 4806/4/6
f 4806/4/6 4790/4/6 4807/4/6
f 4791/1/6 4792/1/6 4808/1/6
f 4792/1/6 4793/1/6 4808/1/6
f 4794/2/6 4795/2/6 4809/2/6
f 4808/1/6 4793/1/6 4809/1/6
f 4795/2/6 4796/2/6 4809/2/6
f 4793/2/6 4794/2/6 4809/2/6
f 4796/1/6 4797/1/6 4810/1/6
f 4809/2/6 4796/2/6 4810/2/6
f 4797/1/6 4798/1/6 4810/1/6
f 4799/3/6 4800/3/6 4811/3/6
f 4810/1/6 4798/1/6 4811/1/6
f 4798/3/6 4799/3/6 4811/3/6
f 4800/2/6 4801/2/6 4812/2/6
f 4811/3/6 4800/3/6 4812/3/6
f 4801/2/6 4802/2/6 4812/2/6
f 4802/2/6 4803/2/6 4812/2/6
f 4803/2/6 4785/2/6 4813/2/6
f 4812/2/6 4803/2/6 4813/2/6
f 4814/2/6 4815/2/6 4822/2/6
f 4822/2/6 4815/2/6 4823/2/6
f 4823/2/6 4815/2/6 4824/2/6
f 4815/1/6 4816/1/6 4825/1/6
f 4824/2/6 4815/2/6 4825/2/6
f 4825/1/6 4816/1/6 4826/1/6
f 4816/2/6 4817/2/6 4827/2/6
f 4826/1/6 4816/1/6 4827/1/6
f 4827/2/6 4817/2/6 4828/2/6
f 4828/2/6 4817/2/6 4829/2/6
f 4818/2/6 4819/2/6 4830/2/6
f 4819/3/6 4820/3/6 4831/3/6
f 4830/2/6 4819/2/6 4831/2/6
f 4831/3/6 4820/3/6 4832/3/6
f 4820/2/6 4821/2/6 4833/2/6
f 4832/3/6 4820/3/6 4833/3/6
f 4833/2/6 4821/2/6 4834/2/6
f 4822/3/6 4823/3/6 4835/3/6
f 4823/1/6 4824/1/6 4836/1/6
f 4835/3/6 4823/3/6 4836/3/6
f 4825/3/6 4826/3/6 4837/3/6
f 4836/1/6 4824/1/6 4837/1/6
f 4824/3/6 4825/3/6 4837/3/6
f 4826/2/6 4827/2/6 4838/2/6
f 4837/3/6 4826/3/6 4838/3/6
f 4827/1/6 4828/1/6 4839/1/6
f 4838/2/6 4827/2/6 4839/2/6
f 4828/3/6 4829/3/6 4840/3/6
f 4839/1/6 4828/1/6 4840/1/6
f 4840/3/6 4829/3/6 4841/3/6
f 4841/3/6 4829/3/6 4842/3/6
f 4830/3/6 4831/3/6 4843/3/6
f 4831/2/6 4832/2/6 4844/2/6
f 4843/3/6 4831/3/6 4844/3/6
f 4833/3/6 4834/3/6 4845/3/6
f 4844/2/6 4832/2/6 4845/2/6
f 4832/3/6 4833/3/6 4845/3/6
f 4845/3/6 4834/3/6 4846/3/6
f 4835/2/6 4836/2/6 4847/2/6
f 4836/2/6 4837/2/6 4847/2/6
f 4837/2/6 4838/2/6 4847/2/6
f 4838/3/6 4839/3/6 4848/3/6
f 4847/2/6 4838/2/6 4848/2/6
f 4839/3/6 4840/3/6 4848/3/6
f 4840/1/6 4841/1/6 4849/1/6
f 4848/3/6 4840/3/6 4849/3/6
f 4841/2/6 4842/2/6 4850/2/6
f 4849/1/6 4841/1/6 4850/1/6
f 4850/2/6 4842/2/6 4851/2/6
f 4843/2/6 4844/2/6 4852/2/6
f 4845/2/6 4846/2/6 4852/2/6
f 4844/2/6 4845/2/6 4852/2/6
f 4852/2/6 4846/2/6 4853/2/6
f 4854/3/6 4855/3/6 4860/3/6
f 4860/3/6 4855/3/6 4861/3/6
f 4856/2/6 4857/2/6 4862/2/6
f 4862/2/6 4857/2/6 4863/2/6
f 4863/2/6 4857/2/6 4864/2/6
f 4864/2/6 4857/2/6 4865/2/6
f 4865/2/6 4857/2/6 4866/2/6
f 4866/2/6 4857/2/6 4867/2/6
f 4857/3/6 4858/3/6 4868/3/6
f 4867/2/6 4857/2/6 4868/2/6
f 4858/2/6 4859/2/6 4869/2/6
f 4868/3/6 4858/3/6 4869/3/6
f 4869/2/6 4859/2/6 4870/2/6
f 4860/2/6 4861/2/6 4871/2/6
f 4863/2/6 4864/2/6 4873/2/6
f 4864/1/6 4865/1/6 4874/1/6
f 4873/2/6 4864/2/6 4874/2/6
f 4874/1/6 4865/1/6 4875/1/6
f 4875/1/6 4865/1/6 4876/1/6
f 4865/2/6 4866/2/6 4877/2/6
f 4876/1/6 4865/1/6 4877/1/6
f 4866/1/6 4867/1/6 4878/1/6
f 4877/2/6 4866/2/6 4878/2/6
f 4867/3/6 4868/3/6 4879/3/6
f 4878/1/6 4867/1/6 4879/1/6
f 4869/3/6 4870/3/6 4879/3/6
f 4868/3/6 4869/3/6 4879/3/6
f 4879/3/6 4870/3/6 4880/3/6
f 4880/3/6 4870/3/6 4881/3/6
f 4881/3/6 4870/3/6 4882/3/6
f 4871/2/6 4872/2/6 4883/2/6
f 4860/2/6 4871/2/6 4883/2/6
f 4883/2/6 4872/2/6 4884/2/6
f 4874/3/6 4875/3/6 4885/3/6
f 4873/3/6 4874/3/6 4885/3/6
f 4875/2/6 4876/2/6 4886/2/6
f 4885/3/6 4875/3/6 4886/3/6
f 4877/1/6 4878/1/6 4887/1/6
f 4886/2/6 4876/2/6 4887/2/6
f 4876/1/6 4877/1/6 4887/1/6
f 4878/2/6 4879/2/6 4888/2/6
f 4887/1/6 4878/1/6 4888/1/6
f 4879/2/6 4880/2/6 4888/2/6
f 4880/3/6 4881/3/6 4889/3/6
f 4888/2/6 4880/2/6 4889/2/6
f 4881/2/6 4882/2/6 4890/2/6
f 4889/3/6 4881/3/6 4890/3/6
f 4890/2/6 4882/2/6 4891/2/6
f 4892/3/6 4893/3/6 4899/3/6
f 4899/3/6 4893/3/6 4900/3/6
f 4900/3/6 4893/3/6 4901/3/6
f 4901/3/6 4893/3/6 4902/3/6
f 4893/1/6 4894/1/6 4903/1/6
f 4902/3/6 4893/3/6 4903/3/6
f 4903/1/6 4894/1/6 4904/1/6
f 4904/1/6 4894/1/6 4905/1/6
f 4894/3/6 4895/3/6 4906/3/6
f 4905/1/6 4894/1/6 4906/1/6
f 4895/2/6 4896/2/6 4907/2/6
f 4906/3/6 4895/3/6 4907/3/6
f 4907/2/6 4896/2/6 4908/2/6
f 4897/3/6 4898/3/6 4909/3/6
f 4909/3/6 4898/3/6 4910/3/6
f 4899/2/6 4900/2/6 4911/2/6
f 4900/1/6 4901/1/6 4912/1/6
f 4911/2/6 4900/2/6 4912/2/6
f 4901/2/6 4902/2/6 4913/2/6
f 4912/1/6 4901/1/6 4913/1/6
f 4913/2/6 4902/2/6 4914/2/6
f 4902/1/6 4903/1/6 4915/1/6
f 4914/2/6 4902/2/6 4915/2/6
f 4903/1/6 4904/1/6 4915/1/6
f 4904/2/6 4905/2/6 4916/2/6
f 4915/1/6 4904/1/6 4916/1/6
f 4905/1/6 4906/1/6 4917/1/6
f 4916/2/6 4905/2/6 4917/2/6
f 4906/1/6 4907/1/6 4917/1/6
f 4907/1/6 4908/1/6 4917/1/6
f 4917/1/6 4908/1/6 4918/1/6
f 4908/2/6 4896/2/6 4919/2/6
f 4918/1/6 4908/1/6 4919/1/6
f 4909/2/6 4910/2/6 4920/2/6
f 4920/2/6 4910/2/6 4921/2/6
f 4899/2/6 4911/2/6 4922/2/6
f 4911/1/6 4912/1/6 4923/1/6
f 4922/2/6 4911/2/6 4923/2/6
f 4913/2/6 4914/2/6 4924/2/6
f 4923/1/6 4912/1/6 4924/1/6
f 4912/2/6 4913/2/6 4924/2/6
f 4917/3/6 4918/3/6 4925/3/6
f 4924/2/6 4914/2/6 4925/2/6
f 4914/3/6 4915/3/6 4925/3/6
f 4915/3/6 4916/3/6 4925/3/6
f 4916/3/6 4917/3/6 4925/3/6
f 4918/2/6 4919/2/6 4926/2/6
f 4925/3/6 4918/3/6 4926/3/6
f 4919/2/6 4896/2/6 4927/2/6
f 4926/2/6 4919/2/6 4927/2/6
f 4921/2/6 4910/2/6 4928/2/6
f 4928/2/6 4910/2/6 4929/2/6
f 4930/2/6 4931/2/6 4938/2/6
f 4931/3/6 4932/3/6 4939/3/6
f 4938/2/6 4931/2/6 4939/2/6
f 4939/3/6 4932/3/6 4940/3/6
f 4933/3/6 4934/3/6 4941/3/6
f 4934/2/6 4935/2/6 4941/2/6
f 4935/3/6 4936/3/6 4942/3/6
f 4941/2/6 4935/2/6 4942/2/6
f 4936/2/6 4937/2/6 4943/2/6
f 4943/2/6 4937/2/6 4944/2/6
f 4938/3/6 4939/3/6 4945/3/6
f 4939/1/6 4940/1/6 4946/1/6
f 4945/3/6 4939/3/6 4946/3/6
f 4946/1/6 4940/1/6 4947/1/6
f 4933/3/6 4941/3/6 4948/3/6
f 4941/3/6 4942/3/6 4948/3/6
f 4948/3/6 4942/3/6 4949/3/6
f 4949/3/6 4942/3/6 4950/3/6
f 4950/3/6 4942/3/6 4951/3/6
f 4942/3/6 4936/3/6 4952/3/6
f 4951/3/6 4942/3/6 4952/3/6
f 4936/2/6 4943/2/6 4953/2/6
f 4952/3/6 4936/3/6 4953/3/6
f 4943/3/6 4944/3/6 4954/3/6
f 4953/2/6 4943/2/6 4954/2/6
f 4954/3/6 4944/3/6 4955/3/6
f 4955/3/6 4944/3/6 4956/3/6
f 4946/2/6 4947/2/6 4957/2/6
f 4945/2/6 4946/2/6 4957/2/6
f 4947/1/6 4948/1/6 4958/1/6
f 4957/2/6 4947/2/6 4958/2/6
f 4958/1/6 4948/1/6 4959/1/6
f 4949/2/6 4950/2/6 4960/2/6
f 4950/3/6 4951/3/6 4961/3/6
f 4960/2/6 4950/2/6 4961/2/6
f 4951/4/6 4952/4/6 4962/4/6
f 4961/3/6 4951/3/6 4962/3/6
f 4952/3/6 4953/3/6 4963/3/6
f 4962/4/6 4952/4/6 4963/4/6
f 4954/3/6 4955/3/6 4963/3/6
f 4953/3/6 4954/3/6 4963/3/6
f 4955/2/6 4956/2/6 4964/2/6
f 4963/3/6 4955/3/6 4964/3/6
f 4964/2/6 4956/2/6 4965/2/6
f 4966/2/6 4967/2/6 4972/2/6
f 4972/2/6 4967/2/6 4973/2/6
f 4967/1/6 4968/1/6 4974/1/6
f 4973/2/6 4967/2/6 4974/2/6
f 4968/2/6 4969/2/6 4975/2/6
f 4974/1/6 4968/1/6 4975/1/6
f 4975/2/6 4969/2/6 4976/2/6
f 4976/2/6 4969/2/6 4977/2/6
f 4977/2/6 4969/2/6 4978/2/6
f 4978/2/6 4969/2/6 4979/2/6
f 4970/2/6 4971/2/6 4980/2/6
f 4980/2/6 4971/2/6 4981/2/6
f 4972/1/6 4973/1/6 4982/1/6
f 4973/2/6 4974/2/6 4983/2/6
f 4982/1/6 4973/1/6 4983/1/6
f 4974/2/6 4975/2/6 4983/2/6
f 4975/2/6 4976/2/6 4983/2/6
f 4983/2/6 4976/2/6 4984/2/6
f 4984/2/6 4976/2/6 4985/2/6
f 4976/1/6 4977/1/6 4986/1/6
f 4985/2/6 4976/2/6 4986/2/6
f 4977/2/6 4978/2/6 4987/2/6
f 4986/1/6 4977/1/6 4987/1/6
f 4987/2/6 4978/2/6 4988/2/6
f 4970/2/6 4980/2/6 4990/2/6
f 4980/1/6 4981/1/6 4991/1/6
f 4990/2/6 4980/2/6 4991/2/6
f 4991/1/6 4981/1/6 4992/1/6
f 4982/2/6 4983/2/6 4993/2/6
f 4983/2/6 4984/2/6 4993/2/6
f 4984/1/6 4985/1/6 4994/1/6
f 4993/2/6 4984/2/6 4994/2/6
f 4985/2/6 4986/2/6 4995/2/6
f 4994/1/6 4985/1/6 4995/1/6
f 4986/2/6 4987/2/6 4995/2/6
f 4987/1/6 4988/1/6 4996/1/6
f 4995/2/6 4987/2/6 4996/2/6
f 4988/2/6 4989/2/6 4997/2/6
f 4996/1/6 4988/1/6 4997/1/6
f 4997/2/6 4989/2/6 4998/2/6
f 4970/2/6 4990/2/6 4999/2/6
f 4990/1/6 4991/1/6 5000/1/6
f 4999/2/6 4990/2/6 5000/2/6
f 4991/2/6 4992/2/6 5001/2/6
f 5000/1/6 4991/1/6 5001/1/6
f 5001/2/6 4992/2/6 5002/2/6
f 5003/2/6 5004/2/6 5013/2/6
f 5013/2/6 5004/2/6 5014/2/6
f 5005/3/6 5006/3/6 5015/3/6
f 5006/2/6 5007/2/6 5016/2/6
f 5015/3/6 5006/3/6 5016/3/6
f 5007/1/6 5008/1/6 5017/1/6
f 5016/2/6 5007/2/6 5017/2/6
f 5008/3/6 5009/3/6 5018/3/6
f 5017/1/6 5008/1/6 5018/1/6
f 5018/3/6 5009/3/6 5019/3/6
f 5019/3/6 5009/3/6 5020/3/6
f 5020/3/6 5009/3/6 5021/3/6
f 5009/2/6 5010/2/6 5022/2/6
f 5021/3/6 5009/3/6 5022/3/6
f 5022/2/6 5010/2/6 5023/2/6
f 5023/2/6 5010/2/6 5024/2/6
f 5010/3/6 5011/3/6 5025/3/6
f 5024/2/6 5010/2/6 5025/2/6
f 5025/3/6 5011/3/6 5026/3/6
f 5011/2/6 5012/2/6 5027/2/6
f 5026/3/6 5011/3/6 5027/3/6
f 5027/2/6 5012/2/6 5028/2/6
f 5013/3/6 5014/3/6 5029/3/6
f 5029/3/6 5014/3/6 5030/3/6
f 5015/2/6 5016/2/6 5031/2/6
f 5016/2/6 5017/2/6 5031/2/6
f 5017/2/6 5018/2/6 5031/2/6
f 5018/2/6 5019/2/6 5031/2/6
f 5019/3/6 5020/3/6 5032/3/6
f 5031/2/6 5019/2/6 5032/2/6
f 5020/2/6 5021/2/6 5033/2/6
f 5032/3/6 5020/3/6 5033/3/6
f 5021/3/6 5022/3/6 5034/3/6
f 5033/2/6 5021/2/6 5034/2/6
f 5022/3/6 5023/3/6 5034/3/6
f 5023/2/6 5024/2/6 5035/2/6
f 5034/3/6 5023/3/6 5035/3/6
f 5025/3/6 5026/3/6 5036/3/6
f 5035/2/6 5024/2/6 5036/2/6
f 5024/3/6 5025/3/6 5036/3/6
f 5026/2/6 5027/2/6 5037/2/6
f 5036/3/6 5026/3/6 5037/3/6
f 5027/3/6 5028/3/6 5038/3/6
f 5037/2/6 5027/2/6 5038/2/6
f 5038/3/6 5028/3/6 5039/3/6
f 5029/2/6 5030/2/6 5040/2/6
f 5040/2/6 5030/2/6 5041/2/6
f 5015/2/6 5031/2/6 5042/2/6
f 5031/3/6 5032/3/6 5043/3/6
f 5042/2/6 5031/2/6 5043/2/6
f 5033/3/6 5034/3/6 5043/3/6
f 5032/3/6 5033/3/6 5043/3/6
f 5034/2/6 5035/2/6 5044/2/6
f 5043/3/6 5034/3/6 5044/3/6
f 5036/2/6 5037/2/6 5044/2/6
f 5037/2/6 5038/2/6 5044/2/6
f 5038/2/6 5039/2/6 5044/2/6
f 5035/2/6 5036/2/6 5044/2/6
f 5044/2/6 5039/2/6 5045/2/6
f 5046/1/6 5047/1/6 5057/1/6
f 5047/2/6 5048/2/6 5057/2/6
f 5057/2/6 5048/2/6 5058/2/6
f 5058/2/6 5048/2/6 5059/2/6
f 5059/2/6 5048/2/6 5060/2/6
f 5060/2/6 5048/2/6 5061/2/6
f 5061/2/6 5048/2/6 5062/2/6
f 5048/3/6 5049/3/6 5063/3/6
f 5062/2/6 5048/2/6 5063/2/6
f 5063/3/6 5049/3/6 5064/3/6
f 5064/3/6 5049/3/6 5065/3/6
f 5049/4/6 5050/4/6 5066/4/6
f 5065/3/6 5049/3/6 5066/3/6
f 5050/3/6 5051/3/6 5067/3/6
f 5066/4/6 5050/4/6 5067/4/6
f 5067/3/6 5051/3/6 5068/3/6
f 5068/3/6 5051/3/6 5069/3/6
f 5052/2/6 5053/2/6 5070/2/6
f 5070/2/6 5053/2/6 5071/2/6
f 5053/4/6 5054/4/6 5072/4/6
f 5071/2/6 5053/2/6 5072/2/6
f 5054/3/6 5055/3/6 5073/3/6
f 5072/4/6 5054/4/6 5073/4/6
f 5055/2/6 5056/2/6 5074/2/6
f 5073/3/6 5055/3/6 5074/3/6
f 5074/2/6 5056/2/6 5075/2/6
f 5075/2/6 5056/2/6 5076/2/6
f 5076/2/6 5056/2/6 5077/2/6
f 5046/1/6 5057/1/6 5078/1/6
f 5057/1/6 5058/1/6 5078/1/6
f 5078/1/6 5058/1/6 5079/1/6
f 5058/3/6 5059/3/6 5080/3/6
f 5079/1/6 5058/1/6 5080/1/6
f 5059/2/6 5060/2/6 5081/2/6
f 5080/3/6 5059/3/6 5081/3/6
f 5060/1/6 5061/1/6 5082/1/6
f 5081/2/6 5060/2/6 5082/2/6
f 5082/1/6 5061/1/6 5083/1/6
f 5061/2/6 5062/2/6 5084/2/6
f 5083/1/6 5061/1/6 5084/1/6
f 5062/3/6 5063/3/6 5085/3/6
f 5084/2/6 5062/2/6 5085/2/6
f 5063/3/6 5064/3/6 5085/3/6
f 5085/3/6 5064/3/6 5086/3/6
f 5064/2/6 5065/2/6 5087/2/6
f 5086/3/6 5064/3/6 5087/3/6
f 5065/3/6 5066/3/6 5088/3/6
f 5087/2/6 5065/2/6 5088/2/6
f 5066/3/6 5067/3/6 5088/3/6
f 5067/3/6 5068/3/6 5088/3/6
f 5068/2/6 5069/2/6 5089/2/6
f 5088/3/6 5068/3/6 5089/3/6
f 5071/3/6 5072/3/6 5090/3/6
f 5072/4/6 5073/4/6 5091/4/6
f 5090/3/6 5072/3/6 5091/3/6
f 5073/4/6 5074/4/6 5091/4/6
f 5074/4/6 5075/4/6 5091/4/6
f 5091/4/6 5075/4/6 5092/4/6
f 5092/4/6 5075/4/6 5093/4/6
f 5093/4/6 5075/4/6 5094/4/6
f 5075/3/6 5076/3/6 5095/3/6
f 5094/4/6 5075/4/6 5095/4/6
f 5095/3/6 5076/3/6 5096/3/6
f 5076/1/6 5077/1/6 5097/1/6
f 5096/3/6 5076/3/6 5097/3/6
f 5097/1/6 5077/1/6 5098/1/6
f 5078/3/6 5079/3/6 5099/3/6
f 5082/2/6 5083/2/6 5100/2/6
f 5099/3/6 5079/3/6 5100/3/6
f 5079/2/6 5080/2/6 5100/2/6
f 5080/2/6 5081/2/6 5100/2/6
f 5081/2/6 5082/2/6 5100/2/6
f 5085/3/6 5086/3/6 5101/3/6
f 5100/2/6 5083/2/6 5101/2/6
f 5083/3/6 5084/3/6 5101/3/6
f 5084/3/6 5085/3/6 5101/3/6
f 5086/2/6 5087/2/6 5102/2/6
f 5101/3/6 5086/3/6 5102/3/6
f 5087/2/6 5088/2/6 5102/2/6
f 5088/2/6 5089/2/6 5102/2/6
f 5089/2/6 5069/2/6 5103/2/6
f 5102/2/6 5089/2/6 5103/2/6
f 5069/3/6 5070/3/6 5103/3/6
f 5103/3/6 5070/3/6 5104/3/6
f 5090/2/6 5091/2/6 5105/2/6
f 5091/2/6 5092/2/6 5105/2/6
f 5092/3/6 5093/3/6 5106/3/6
f 5105/2/6 5092/2/6 5106/2/6
f 5093/2/6 5094/2/6 5107/2/6
f 5106/3/6 5093/3/6 5107/3/6
f 5095/3/6 5096/3/6 5108/3/6
f 5107/2/6 5094/2/6 5108/2/6
f 5094/3/6 5095/3/6 5108/3/6
f 5096/1/6 5097/1/6 5109/1/6
f 5108/3/6 5096/3/6 5109/3/6
f 5097/3/6 5098/3/6 5110/3/6
f 5109/1/6 5097/1/6 5110/1/6
f 5110/3/6 5098/3/6 5111/3/6
f 5112/2/6 5113/2/6 5127/2/6
f 5113/4/6 5114/4/6 5128/4/6
f 5127/2/6 5113/2/6 5128/2/6
f 5114/3/6 5115/3/6 5129/3/6
f 5128/4/6 5114/4/6 5129/4/6
f 5115/4/6 5116/4/6 5130/4/6
f 5129/3/6 5115/3/6 5130/3/6
f 5130/4/6 5116/4/6 5131/4/6
f 5131/4/6 5116/4/6 5132/4/6
f 5117/4/6 5118/4/6 5133/4/6
f 5118/3/6 5119/3/6 5134/3/6
f 5133/4/6 5118/4/6 5134/4/6
f 5134/3/6 5119/3/6 5135/3/6
f 5119/2/6 5120/2/6 5136/2/6
f 5135/3/6 5119/3/6 5136/3/6
f 5120/4/6 5121/4/6 5137/4/6
f 5136/2/6 5120/2/6 5137/2/6
f 5121/2/6 5122/2/6 5138/2/6
f 5137/4/6 5121/4/6 5138/4/6
f 5122/1/6 5123/1/6 5139/1/6
f 5138/2/6 5122/2/6 5139/2/6
f 5123/4/6 5124/4/6 5140/4/6
f 5139/1/6 5123/1/6 5140/1/6
f 5140/4/6 5124/4/6 5141/4/6
f 5141/4/6 5124/4/6 5142/4/6
f 5142/4/6 5124/4/6 5143/4/6
f 5143/4/6 5124/4/6 5144/4/6
f 5124/3/6 5125/3/6 5145/3/6
f 5144/4/6 5124/4/6 5145/4/6
f 5125/2/6 5126/2/6 5146/2/6
f 5145/3/6 5125/3/6 5146/3/6
f 5146/2/6 5126/2/6 5147/2/6
f 5147/2/6 5126/2/6 5148/2/6
f 5148/2/6 5126/2/6 5149/2/6
f 5127/3/6 5128/3/6 5150/3/6
f 5128/4/6 5129/4/6 5151/4/6
f 5150/3/6 5128/3/6 5151/3/6
f 5129/4/6 5130/4/6 5151/4/6
f 5130/4/6 5131/4/6 5151/4/6
f 5151/4/6 5131/4/6 5152/4/6
f 5131/3/6 5132/3/6 5153/3/6
f 5152/4/6 5131/4/6 5153/4/6
f 5153/3/6 5132/3/6 5154/3/6
f 5134/2/6 5135/2/6 5155/2/6
f 5133/2/6 5134/2/6 5155/2/6
f 5155/2/6 5135/2/6 5156/2/6
f 5135/3/6 5136/3/6 5157/3/6
f 5156/2/6 5135/2/6 5157/2/6
f 5136/3/6 5137/3/6 5157/3/6
f 5137/4/6 5138/4/6 5158/4/6
f 5157/3/6 5137/3/6 5158/3/6
f 5138/3/6 5139/3/6 5159/3/6
f 5158/4/6 5138/4/6 5159/4/6
f 5139/3/6 5140/3/6 5159/3/6
f 5140/3/6 5141/3/6 5159/3/6
f 5159/3/6 5141/3/6 5160/3/6
f 5160/3/6 5141/3/6 5161/3/6
f 5141/1/6 5142/1/6 5162/1/6
f 5161/3/6 5141/3/6 5162/3/6
f 5142/3/6 5143/3/6 5163/3/6
f 5162/1/6 5142/1/6 5163/1/6
f 5163/3/6 5143/3/6 5164/3/6
f 5143/2/6 5144/2/6 5165/2/6
f 5164/3/6 5143/3/6 5165/3/6
f 5144/3/6 5145/3/6 5166/3/6
f 5165/2/6 5144/2/6 5166/2/6
f 5146/3/6 5147/3/6 5166/3/6
f 5145/3/6 5146/3/6 5166/3/6
f 5166/3/6 5147/3/6 5167/3/6
f 5147/2/6 5148/2/6 5168/2/6
f 5167/3/6 5147/3/6 5168/3/6
f 5148/3/6 5149/3/6 5169/3/6
f 5168/2/6 5148/2/6 5169/2/6
f 5169/3/6 5149/3/6 5170/3/6
f 5170/3/6 5149/3/6 5171/3/6
f 5151/2/6 5152/2/6 5172/2/6
f 5150/2/6 5151/2/6 5172/2/6
f 5152/3/6 5153/3/6 5173/3/6
f 5172/2/6 5152/2/6 5173/2/6
f 5173/3/6 5153/3/6 5174/3/6
f 5155/3/6 5156/3/6 5175/3/6
f 5156/2/6 5157/2/6 5176/2/6
f 5175/3/6 5156/3/6 5176/3/6
f 5157/2/6 5158/2/6 5176/2/6
f 5159/2/6 5160/2/6 5176/2/6
f 5158/2/6 5159/2/6 5176/2/6
f 5160/3/6 5161/3/6 5177/3/6
f 5176/2/6 5160/2/6 5177/2/6
f 5163/4/6 5164/4/6 5178/4/6
f 5177/3/6 5161/3/6 5178/3/6
f 5162/4/6 5163/4/6 5178/4/6
f 5161/4/6 5162/4/6 5178/4/6
f 5164/3/6 5165/3/6 5179/3/6
f 5178/4/6 5164/4/6 5179/4/6
f 5165/3/6 5166/3/6 5179/3/6
f 5166/2/6 5167/2/6 5180/2/6
f 5179/3/6 5166/3/6 5180/3/6
f 5167/4/6 5168/4/6 5181/4/6
f 5180/2/6 5167/2/6 5181/2/6
f 5169/4/6 5170/4/6 5181/4/6
f 5168/4/6 5169/4/6 5181/4/6
f 5170/2/6 5171/2/6 5182/2/6
f 5181/4/6 5170/4/6 5182/4/6
f 5182/2/6 5171/2/6 5183/2/6
