# MagicaVoxel @ Ephtracy

# group
o shrubbery-small

# material
mtllib bushes-5-shrubbery-small.mtl
usemtl palette

# normals
vn -1 0 0
vn 1 0 0
vn 0 0 1
vn 0 0 -1
vn 0 -1 0
vn 0 1 0

# texcoords
vt 0.0332031 0.5
vt 0.0371094 0.5
vt 0.0410156 0.5
vt 0.0449219 0.5
vt 0.0488281 0.5
vt 0.0527344 0.5
vt 0.0566406 0.5
vt 0.0605469 0.5
vt 0.126953 0.5

# verts
v -1 0.6 19.9
v -1 0.6 19.8
v -1 0.6 19.7
v -1 0.7 20
v -1 0.7 19.9
v -1 0.7 19.8
v -1 0.7 19.7
v -1 0.7 19.6
v -1 0.8 20.2
v -1 0.8 20.1
v -1 0.8 20
v -1 0.8 19.9
v -1 0.8 19.8
v -1 0.8 19.7
v -1 0.8 19.6
v -1 0.9 20.2
v -1 0.9 20.1
v -1 0.9 20
v -1 0.9 19.9
v -1 0.9 19.8
v -1 0.9 19.7
v -1 1 19.9
v -1 1 19.8
v -1 1 19.7
v -0.9 0.6 20
v -0.9 0.6 19.9
v -0.9 0.6 19.7
v -0.9 0.6 19.6
v -0.9 0.7 20
v -0.9 0.7 19.9
v -0.9 0.7 19.7
v -0.9 0.7 19.6
v -0.9 0.8 20.1
v -0.9 0.8 20
v -0.9 0.8 19.7
v -0.9 0.8 19.6
v -0.9 0.9 20.2
v -0.9 0.9 20.1
v -0.9 0.9 20
v -0.9 0.9 19.9
v -0.9 0.9 19.7
v -0.9 0.9 19.6
v -0.9 1 20.2
v -0.9 1 20.1
v -0.9 1 20
v -0.9 1 19.9
v -0.8 0.6 20.2
v -0.8 0.6 20.1
v -0.8 0.7 20.3
v -0.8 0.7 20.2
v -0.8 0.7 20.1
v -0.8 0.7 20
v -0.8 0.7 19.7
v -0.8 0.7 19.6
v -0.8 0.8 20.3
v -0.8 0.8 20.2
v -0.8 0.8 20.1
v -0.8 0.8 20
v -0.8 0.8 19.7
v -0.8 0.8 19.6
v -0.8 0.9 20.3
v -0.8 0.9 20.2
v -0.8 0.9 20.1
v -0.8 0.9 20
v -0.8 0.9 19.9
v -0.8 0.9 19.8
v -0.8 0.9 19.7
v -0.8 0.9 19.6
v -0.8 1 20.3
v -0.8 1 20.2
v -0.8 1 20.1
v -0.8 1 20
v -0.8 1 19.9
v -0.8 1 19.8
v -0.8 1 19.7
v -0.8 1 19.6
v -0.8 1.1 20.2
v -0.8 1.1 20.1
v -0.7 0.6 20.3
v -0.7 0.6 20.2
v -0.7 0.7 20.3
v -0.7 0.7 20.2
v -0.7 0.7 20.1
v -0.7 0.8 20.2
v -0.7 0.8 20.1
v -0.7 0.8 19.7
v -0.7 0.8 19.6
v -0.7 0.9 20
v -0.7 0.9 19.9
v -0.7 0.9 19.8
v -0.7 0.9 19.7
v -0.7 0.9 19.6
v -0.7 1 20
v -0.7 1 19.9
v -0.7 1 19.8
v -0.7 1 19.7
v -0.6 0.6 20.1
v -0.6 0.6 20
v -0.6 0.7 20.1
v -0.6 0.7 20
v -0.5 0.9 20.5
v -0.5 0.9 20.4
v -0.5 0.9 20.3
v -0.5 0.9 20.2
v -0.5 1 20.5
v -0.5 1 20.4
v -0.5 1 20.3
v -0.5 1 20.2
v -0.5 1 20.1
v -0.5 1.1 20.5
v -0.5 1.1 20.4
v -0.5 1.1 20.3
v -0.5 1.1 20.2
v -0.5 1.1 20.1
v -0.5 1.2 20.5
v -0.5 1.2 20.4
v -0.5 1.2 20.3
v -0.5 1.2 20.2
v -0.5 1.3 20.4
v -0.5 1.3 20.3
v -0.4 0.5 20.2
v -0.4 0.5 20.1
v -0.4 0.5 19.9
v -0.4 0.5 19.8
v -0.4 0.6 20.3
v -0.4 0.6 20.2
v -0.4 0.6 20.1
v -0.4 0.6 19.9
v -0.4 0.6 19.8
v -0.4 0.7 20.3
v -0.4 0.7 20.2
v -0.4 0.7 20.1
v -0.4 0.7 19.7
v -0.4 0.7 19.6
v -0.4 0.8 20.4
v -0.4 0.8 20.3
v -0.4 0.8 20.2
v -0.4 0.8 20.1
v -0.4 0.8 19.7
v -0.4 0.8 19.6
v -0.4 0.9 20.4
v -0.4 0.9 20.3
v -0.4 0.9 20.2
v -0.4 0.9 20.1
v -0.4 0.9 19.7
v -0.4 0.9 19.6
v -0.4 1 20.5
v -0.4 1 20.4
v -0.4 1 20.3
v -0.4 1 20.2
v -0.4 1 20.1
v -0.4 1 19.7
v -0.4 1 19.6
v -0.4 1.1 20.5
v -0.4 1.1 20.4
v -0.4 1.1 20.3
v -0.4 1.1 20.2
v -0.4 1.1 20.1
v -0.4 1.1 19.7
v -0.4 1.1 19.6
v -0.4 1.2 20.5
v -0.4 1.2 20.4
v -0.4 1.2 20.3
v -0.4 1.2 20.2
v -0.4 1.2 20.1
v -0.4 1.3 20.5
v -0.4 1.3 20.4
v -0.4 1.3 20.3
v -0.4 1.3 20.2
v -0.3 0.5 20.5
v -0.3 0.5 20.4
v -0.3 0.5 19.8
v -0.3 0.5 19.7
v -0.3 0.6 20.6
v -0.3 0.6 20.5
v -0.3 0.6 20.4
v -0.3 0.6 19.9
v -0.3 0.6 19.8
v -0.3 0.6 19.7
v -0.3 0.7 20.6
v -0.3 0.7 20.5
v -0.3 0.7 20.4
v -0.3 0.7 19.9
v -0.3 0.7 19.8
v -0.3 0.8 20.3
v -0.3 0.8 20.2
v -0.3 0.9 20.5
v -0.3 0.9 20.4
v -0.3 0.9 20.3
v -0.3 0.9 20.2
v -0.3 0.9 19.7
v -0.3 0.9 19.6
v -0.3 1 20.5
v -0.3 1 20.4
v -0.3 1 20.2
v -0.3 1 20.1
v -0.3 1 19.7
v -0.3 1 19.6
v -0.3 1.1 20.5
v -0.3 1.1 20.4
v -0.3 1.1 20.2
v -0.3 1.1 20.1
v -0.3 1.2 20.5
v -0.3 1.2 20.4
v -0.3 1.2 20.2
v -0.3 1.2 20.1
v -0.3 1.3 20.2
v -0.3 1.3 20.1
v -0.2 0 20.2
v -0.2 0 20.1
v -0.2 0.1 20.2
v -0.2 0.1 20.1
v -0.2 0.3 20.5
v -0.2 0.3 20.4
v -0.2 0.4 20.5
v -0.2 0.4 20.4
v -0.2 0.5 20.6
v -0.2 0.5 20.5
v -0.2 0.6 20.6
v -0.2 0.6 20.5
v -0.2 0.8 20.5
v -0.2 0.8 20.4
v -0.2 0.8 19.8
v -0.2 0.8 19.7
v -0.2 0.8 19.6
v -0.2 0.9 20.5
v -0.2 0.9 20.4
v -0.2 0.9 20.2
v -0.2 0.9 20.1
v -0.2 0.9 19.8
v -0.2 0.9 19.7
v -0.2 0.9 19.6
v -0.2 1 20.5
v -0.2 1 20.4
v -0.2 1 20.2
v -0.2 1 20.1
v -0.2 1 19.8
v -0.2 1 19.7
v -0.2 1 19.6
v -0.2 1.1 20.6
v -0.2 1.1 20.5
v -0.2 1.1 20.4
v -0.2 1.1 20.2
v -0.2 1.1 20.1
v -0.2 1.1 19.7
v -0.2 1.1 19.6
v -0.2 1.2 20.6
v -0.2 1.2 20.5
v -0.2 1.2 20.4
v -0.2 1.2 20.3
v -0.2 1.2 20.2
v -0.2 1.2 20.1
v -0.2 1.3 20.5
v -0.2 1.3 20.4
v -0.2 1.3 20.3
v -0.2 1.3 20.2
v -0.2 1.4 20.4
v -0.2 1.4 20.3
v -0.1 0 20.3
v -0.1 0 20.2
v -0.1 0 20.1
v -0.1 0 20
v -0.1 0.1 20.3
v -0.1 0.1 20.2
v -0.1 0.1 20.1
v -0.1 0.3 20.4
v -0.1 0.3 20.2
v -0.1 0.3 20.1
v -0.1 0.3 20
v -0.1 0.4 20.6
v -0.1 0.4 20.5
v -0.1 0.4 20.4
v -0.1 0.4 20.2
v -0.1 0.5 20.6
v -0.1 0.5 20.5
v -0.1 0.5 20.4
v -0.1 0.5 20.2
v -0.1 0.5 20.1
v -0.1 0.5 19.9
v -0.1 0.6 20.2
v -0.1 0.6 20.1
v -0.1 0.6 20
v -0.1 0.6 19.9
v -0.1 0.7 20.4
v -0.1 0.7 20.2
v -0.1 0.7 19.9
v -0.1 0.7 19.8
v -0.1 0.8 20.6
v -0.1 0.8 20.5
v -0.1 0.8 20.4
v -0.1 0.8 20.3
v -0.1 0.8 20.2
v -0.1 0.8 20.1
v -0.1 0.8 20
v -0.1 0.8 19.9
v -0.1 0.8 19.8
v -0.1 0.9 20.6
v -0.1 0.9 20.5
v -0.1 0.9 20.2
v -0.1 0.9 20.1
v -0.1 0.9 19.9
v -0.1 0.9 19.8
v -0.1 0.9 19.7
v -0.1 0.9 19.6
v -0.1 1 20.6
v -0.1 1 20.5
v -0.1 1 19.9
v -0.1 1 19.8
v -0.1 1 19.7
v -0.1 1 19.6
v -0.1 1.1 20.6
v -0.1 1.1 20.5
v -0.1 1.1 19.8
v -0.1 1.1 19.7
v -0.1 1.2 20.6
v -0.1 1.2 20.5
v -0.1 1.3 20.6
v -0.1 1.3 20.5
v -7.45058e-009 0.6 20.4
v -7.45058e-009 0.6 20.3
v -7.45058e-009 0.6 20.2
v -7.45058e-009 0.6 20.1
v -7.45058e-009 0.6 20
v -7.45058e-009 0.7 20.4
v -7.45058e-009 0.7 20.3
v -7.45058e-009 0.7 20.2
v -7.45058e-009 0.8 20.3
v -7.45058e-009 0.8 20.2
v -7.45058e-009 0.8 20.1
v -7.45058e-009 0.8 20
v -7.45058e-009 0.9 20.4
v -7.45058e-009 0.9 20.3
v -7.45058e-009 0.9 20.2
v -7.45058e-009 0.9 20.1
v -7.45058e-009 0.9 20
v -7.45058e-009 1 20.4
v -7.45058e-009 1 20.3
v -7.45058e-009 1 20.2
v -7.45058e-009 1 20.1
v -7.45058e-009 1 20
v -7.45058e-009 1.1 20.6
v -7.45058e-009 1.1 20.5
v -7.45058e-009 1.2 20.6
v -7.45058e-009 1.2 20.5
v -7.45058e-009 1.3 20.6
v -7.45058e-009 1.3 20.5
v -7.45058e-009 1.3 20.4
v -7.45058e-009 1.4 20.6
v -7.45058e-009 1.4 20.5
v -7.45058e-009 1.4 20.4
v 0.1 0.7 20
v 0.1 0.7 19.9
v 0.1 0.7 19.8
v 0.1 0.7 19.7
v 0.1 0.7 19.6
v 0.1 0.8 20
v 0.1 0.8 19.9
v 0.1 0.8 19.8
v 0.1 0.8 19.7
v 0.1 0.8 19.6
v 0.1 0.9 20.2
v 0.1 0.9 20.1
v 0.1 0.9 20
v 0.1 0.9 19.9
v 0.1 0.9 19.8
v 0.1 0.9 19.7
v 0.1 0.9 19.6
v 0.1 1 20.2
v 0.1 1 20.1
v 0.1 1 20
v 0.1 1 19.9
v 0.1 1 19.8
v 0.1 1 19.7
v 0.1 1 19.6
v 0.1 1.1 20
v 0.1 1.1 19.9
v 0.1 1.1 19.7
v 0.1 1.2 20.6
v 0.1 1.2 20.5
v 0.1 1.3 20.6
v 0.1 1.3 20.5
v 0.2 0.3 20.2
v 0.2 0.3 20.1
v 0.2 0.3 19.9
v 0.2 0.4 20.2
v 0.2 0.4 20
v 0.2 0.5 20
v 0.2 0.5 19.9
v 0.2 0.8 19.7
v 0.2 0.8 19.6
v 0.2 0.9 20.3
v 0.2 0.9 20.2
v 0.2 0.9 20.1
v 0.2 0.9 20
v 0.2 0.9 19.7
v 0.2 0.9 19.6
v 0.2 1 20.3
v 0.2 1 20.2
v 0.2 1 20.1
v 0.2 1 20
v 0.2 1 19.7
v 0.2 1 19.6
v 0.2 1.1 19.9
v 0.2 1.1 19.8
v 0.2 1.1 19.7
v 0.2 1.1 19.6
v 0.2 1.2 19.9
v 0.2 1.2 19.8
v 0.2 1.2 19.7
v 0.3 0.4 20.5
v 0.3 0.4 20.4
v 0.3 0.4 20.3
v 0.3 0.4 19.9
v 0.3 0.4 19.8
v 0.3 0.5 20.5
v 0.3 0.5 20.4
v 0.3 0.5 20.3
v 0.3 0.5 19.9
v 0.3 0.5 19.8
v 0.3 0.6 19.9
v 0.3 0.6 19.8
v 0.3 0.7 19.7
v 0.3 0.7 19.6
v 0.3 0.8 19.7
v 0.3 0.8 19.6
v 0.3 0.9 20.4
v 0.3 0.9 20.3
v 0.3 0.9 20.2
v 0.3 0.9 20.1
v 0.3 0.9 19.7
v 0.3 0.9 19.6
v 0.3 1 20.4
v 0.3 1 20.3
v 0.3 1 20.2
v 0.3 1 20.1
v 0.3 1 20
v 0.3 1 19.7
v 0.3 1 19.6
v 0.3 1.1 20.1
v 0.3 1.1 20
v 0.3 1.1 19.9
v 0.3 1.2 20
v 0.3 1.2 19.9
v 0.4 0.4 19.8
v 0.4 0.4 19.6
v 0.4 0.5 20
v 0.4 0.5 19.9
v 0.4 0.5 19.8
v 0.4 0.5 19.7
v 0.4 0.5 19.6
v 0.4 0.6 20
v 0.4 0.6 19.9
v 0.4 0.6 19.8
v 0.4 0.6 19.7
v 0.4 0.6 19.6
v 0.4 0.7 19.9
v 0.4 0.7 19.8
v 0.4 0.7 19.7
v 0.4 0.7 19.6
v 0.4 0.8 20.6
v 0.4 0.8 20.5
v 0.4 0.8 19.7
v 0.4 0.8 19.6
v 0.4 0.9 20.6
v 0.4 0.9 20.5
v 0.4 0.9 20.3
v 0.4 0.9 20.2
v 0.4 0.9 19.7
v 0.4 0.9 19.6
v 0.4 1 20.6
v 0.4 1 20.5
v 0.4 1 20.3
v 0.4 1 20.2
v 0.4 1 20.1
v 0.4 1 19.7
v 0.4 1 19.6
v 0.4 1.1 20.3
v 0.4 1.1 20.2
v 0.4 1.1 20.1
v 0.4 1.1 19.9
v 0.4 1.1 19.8
v 0.4 1.1 19.7
v 0.4 1.1 19.6
v 0.4 1.2 19.9
v 0.4 1.2 19.8
v 0.5 0.4 20.3
v 0.5 0.4 20.2
v 0.5 0.5 20.4
v 0.5 0.5 20.3
v 0.5 0.5 20.2
v 0.5 0.6 20.4
v 0.5 0.6 20.3
v 0.5 0.7 20.6
v 0.5 0.7 20.5
v 0.5 0.7 20.4
v 0.5 0.8 20.6
v 0.5 0.8 20.5
v 0.5 0.8 20.4
v 0.5 0.8 20.3
v 0.5 0.9 20.4
v 0.5 0.9 20.3
v 0.5 1 20.4
v 0.5 1 20.3
v 0.5 1.1 20.2
v 0.5 1.1 20.1
v 0.5 1.1 20
v 0.5 1.1 19.9
v 0.5 1.2 20.2
v 0.5 1.2 20.1
v 0.5 1.2 20
v 0.5 1.2 19.9
v 0.6 0.5 20.5
v 0.6 0.5 20.4
v 0.6 0.6 20.5
v 0.6 0.6 20.4
v 0.6 0.6 20.3
v 0.6 0.7 20.4
v 0.6 0.7 20.3
v 0.6 0.9 20.5
v 0.6 0.9 20.4
v 0.6 1 20.5
v 0.6 1 20.4
v 0.6 1 20.3
v 0.6 1.1 20.4
v 0.6 1.1 20.3
v 0.6 1.1 20.2
v 0.6 1.1 20.1
v 0.6 1.1 20
v 0.6 1.2 20.3
v 0.6 1.2 20.2
v 0.6 1.2 20.1
v 0.6 1.2 20
v 0.7 0.5 20.2
v 0.7 0.5 20.1
v 0.7 0.5 20
v 0.7 0.5 19.9
v 0.7 0.5 19.8
v 0.7 0.6 20.2
v 0.7 0.6 20.1
v 0.7 0.6 20
v 0.7 0.6 19.9
v 0.7 0.7 20
v 0.7 0.7 19.9
v 0.7 0.7 19.8
v 0.7 0.8 20.5
v 0.7 0.8 20.4
v 0.7 0.9 20.5
v 0.7 0.9 20.4
v 0.8 0.5 20.1
v 0.8 0.5 20
v 0.8 0.6 20.2
v 0.8 0.6 20.1
v 0.8 0.6 20
v 0.8 0.7 20.2
v 0.8 0.7 20
v 0.8 0.7 19.9
v 0.8 0.7 19.8
v 0.8 0.8 19.9
v 0.8 0.8 19.8
v 0.9 0.6 19.9
v 0.9 0.6 19.8
v 0.9 0.7 19.9
v 0.9 0.7 19.8
v 0.9 0.8 20.2
v 0.9 0.8 20.1
v 0.9 0.8 19.9
v 0.9 0.8 19.8
v 0.9 0.9 20.2
v 0.9 0.9 20.1
v 0.9 0.9 19.9
v 0.9 0.9 19.8
v -0.9 0.7 19.7
v -0.9 0.7 19.6
v -0.9 0.8 19.7
v -0.9 0.8 19.6
v -0.9 0.9 19.9
v -0.9 0.9 19.8
v -0.9 1 19.9
v -0.9 1 19.8
v -0.8 0.6 19.7
v -0.8 0.6 19.6
v -0.8 0.7 19.7
v -0.8 0.7 19.6
v -0.8 0.8 19.7
v -0.8 0.8 19.6
v -0.8 0.9 20
v -0.8 0.9 19.9
v -0.8 0.9 19.8
v -0.8 0.9 19.7
v -0.8 0.9 19.6
v -0.8 1 20
v -0.8 1 19.9
v -0.8 1 19.8
v -0.8 1 19.7
v -0.7 0.8 20.3
v -0.7 0.8 20.2
v -0.7 0.8 20.1
v -0.7 0.8 20
v -0.7 0.9 20.3
v -0.7 0.9 20.2
v -0.7 0.9 20.1
v -0.7 0.9 20
v -0.7 0.9 19.9
v -0.7 0.9 19.8
v -0.7 0.9 19.7
v -0.7 0.9 19.6
v -0.7 1 20.3
v -0.7 1 20.2
v -0.7 1 20.1
v -0.7 1 19.9
v -0.7 1 19.8
v -0.7 1 19.7
v -0.7 1 19.6
v -0.7 1.1 20.2
v -0.7 1.1 20.1
v -0.6 0.6 20
v -0.6 0.6 19.9
v -0.6 0.6 19.7
v -0.6 0.7 20.3
v -0.6 0.7 20.2
v -0.6 0.7 20.1
v -0.6 0.7 20
v -0.6 0.7 19.9
v -0.6 0.7 19.8
v -0.6 0.7 19.7
v -0.6 0.7 19.6
v -0.6 0.8 20.3
v -0.6 0.8 20.2
v -0.6 0.8 20.1
v -0.6 0.8 20
v -0.6 0.8 19.9
v -0.6 0.8 19.8
v -0.6 0.8 19.7
v -0.6 0.9 20.2
v -0.6 0.9 20.1
v -0.6 0.9 20
v -0.6 0.9 19.9
v -0.6 0.9 19.8
v -0.6 0.9 19.7
v -0.6 0.9 19.6
v -0.6 1 20.2
v -0.6 1 20.1
v -0.6 1 20
v -0.6 1 19.9
v -0.6 1 19.8
v -0.6 1 19.7
v -0.5 0.6 20.3
v -0.5 0.6 20.2
v -0.5 0.6 20.1
v -0.5 0.6 20
v -0.5 0.7 20.3
v -0.5 0.7 20.2
v -0.5 0.7 20.1
v -0.5 0.7 20
v -0.4 0.9 20.5
v -0.4 0.9 20.4
v -0.4 1 20.5
v -0.4 1 20.4
v -0.4 1 20.2
v -0.4 1 20.1
v -0.4 1.1 20.5
v -0.4 1.1 20.4
v -0.4 1.1 20.2
v -0.4 1.1 20.1
v -0.4 1.2 20.5
v -0.4 1.2 20.4
v -0.3 0.6 20.3
v -0.3 0.6 20.2
v -0.3 0.6 20.1
v -0.3 0.7 20.3
v -0.3 0.7 20.2
v -0.3 0.7 20.1
v -0.3 0.8 20.2
v -0.3 0.8 20.1
v -0.3 0.8 19.7
v -0.3 0.8 19.6
v -0.3 0.9 20.2
v -0.3 0.9 20.1
v -0.3 0.9 19.7
v -0.3 0.9 19.6
v -0.3 1 20.5
v -0.3 1 20.4
v -0.3 1 20.2
v -0.3 1 20.1
v -0.3 1 19.7
v -0.3 1 19.6
v -0.3 1.1 20.5
v -0.3 1.1 20.4
v -0.3 1.1 20.2
v -0.3 1.1 20.1
v -0.3 1.1 19.7
v -0.3 1.1 19.6
v -0.3 1.2 20.5
v -0.3 1.2 20.4
v -0.3 1.2 20.3
v -0.3 1.2 20.2
v -0.3 1.2 20.1
v -0.3 1.3 20.5
v -0.3 1.3 20.4
v -0.3 1.3 20.3
v -0.3 1.3 20.2
v -0.2 0.5 19.8
v -0.2 0.5 19.7
v -0.2 0.6 20.6
v -0.2 0.6 20.5
v -0.2 0.6 20.4
v -0.2 0.6 19.9
v -0.2 0.6 19.8
v -0.2 0.6 19.7
v -0.2 0.7 20.6
v -0.2 0.7 20.5
v -0.2 0.7 20.4
v -0.2 0.7 19.9
v -0.2 0.7 19.8
v -0.2 0.8 20.3
v -0.2 0.8 20.2
v -0.2 0.9 20.3
v -0.2 0.9 20.2
v -0.2 0.9 19.7
v -0.2 0.9 19.6
v -0.2 1 20.2
v -0.2 1 20.1
v -0.2 1 19.7
v -0.2 1 19.6
v -0.2 1.1 20.2
v -0.2 1.1 20.1
v -0.2 1.2 20.2
v -0.2 1.2 20.1
v -0.2 1.3 20.2
v -0.2 1.3 20.1
v -0.1 0.5 20.6
v -0.1 0.5 20.5
v -0.1 0.6 20.6
v -0.1 0.6 20.5
v -0.1 0.9 20.4
v -0.1 0.9 20.3
v -0.1 0.9 20.2
v -0.1 0.9 20.1
v -0.1 1 20.4
v -0.1 1 20.3
v -0.1 1 20.2
v -0.1 1 20.1
v -0.1 1 19.7
v -0.1 1 19.6
v -0.1 1.1 20.6
v -0.1 1.1 20.5
v -0.1 1.1 20.3
v -0.1 1.1 20.2
v -0.1 1.1 20.1
v -0.1 1.1 19.7
v -0.1 1.1 19.6
v -0.1 1.2 20.6
v -0.1 1.2 20.5
v -0.1 1.2 20.3
v -0.1 1.2 20.2
v -0.1 1.2 20.1
v -0.1 1.3 20.3
v -0.1 1.3 20.2
v -7.45058e-009 0 20.3
v -7.45058e-009 0 20.2
v -7.45058e-009 0 20.1
v -7.45058e-009 0 20
v -7.45058e-009 0.1 20.3
v -7.45058e-009 0.1 20.2
v -7.45058e-009 0.3 20.5
v -7.45058e-009 0.3 20.4
v -7.45058e-009 0.3 20.3
v -7.45058e-009 0.3 20.2
v -7.45058e-009 0.3 20.1
v -7.45058e-009 0.3 20
v -7.45058e-009 0.4 20.6
v -7.45058e-009 0.4 20.5
v -7.45058e-009 0.4 20.4
v -7.45058e-009 0.4 20.3
v -7.45058e-009 0.4 20.2
v -7.45058e-009 0.5 20.6
v -7.45058e-009 0.5 20.5
v -7.45058e-009 0.5 20.4
v -7.45058e-009 0.5 20.1
v -7.45058e-009 0.5 19.9
v -7.45058e-009 0.5 19.8
v -7.45058e-009 0.6 20.5
v -7.45058e-009 0.6 20.4
v -7.45058e-009 0.6 20.2
v -7.45058e-009 0.6 20.1
v -7.45058e-009 0.6 20
v -7.45058e-009 0.6 19.9
v -7.45058e-009 0.6 19.8
v -7.45058e-009 0.7 19.9
v -7.45058e-009 0.7 19.8
v -7.45058e-009 0.7 19.7
v -7.45058e-009 0.7 19.6
v -7.45058e-009 0.8 20
v -7.45058e-009 0.8 19.9
v -7.45058e-009 0.8 19.8
v -7.45058e-009 0.8 19.7
v -7.45058e-009 0.8 19.6
v -7.45058e-009 0.9 19.9
v -7.45058e-009 0.9 19.8
v -7.45058e-009 0.9 19.7
v -7.45058e-009 0.9 19.6
v -7.45058e-009 1 20.6
v -7.45058e-009 1 20.5
v -7.45058e-009 1 20.4
v -7.45058e-009 1 20.3
v -7.45058e-009 1 20.2
v -7.45058e-009 1 19.9
v -7.45058e-009 1 19.8
v -7.45058e-009 1 19.7
v -7.45058e-009 1 19.6
v -7.45058e-009 1.1 20.6
v -7.45058e-009 1.1 20.5
v -7.45058e-009 1.1 20.4
v -7.45058e-009 1.1 20.3
v -7.45058e-009 1.1 20.2
v -7.45058e-009 1.1 19.8
v -7.45058e-009 1.1 19.7
v -7.45058e-009 1.2 20.6
v -7.45058e-009 1.2 20.5
v -7.45058e-009 1.2 20.4
v -7.45058e-009 1.2 20.3
v -7.45058e-009 1.3 20.6
v -7.45058e-009 1.3 20.5
v -7.45058e-009 1.4 20.4
v -7.45058e-009 1.4 20.3
v 0.1 0 20.2
v 0.1 0 20.1
v 0.1 0.2 20.2
v 0.1 0.2 20.1
v 0.1 0.4 20.5
v 0.1 0.4 20.4
v 0.1 0.5 20.5
v 0.1 0.5 20.4
v 0.1 0.8 20.6
v 0.1 0.8 20.5
v 0.1 0.9 20.6
v 0.1 0.9 20.5
v 0.1 0.9 20.4
v 0.1 0.9 20.3
v 0.1 0.9 20.2
v 0.1 0.9 20.1
v 0.1 0.9 20
v 0.1 1 20.5
v 0.1 1 20.4
v 0.1 1 20.3
v 0.1 1 20.2
v 0.1 1 20.1
v 0.1 1 20
v 0.1 1.1 20.6
v 0.1 1.1 20.5
v 0.1 1.1 20.4
v 0.1 1.1 20.3
v 0.1 1.2 20.6
v 0.1 1.2 20.5
v 0.1 1.3 20.6
v 0.1 1.3 20.5
v 0.1 1.4 20.6
v 0.1 1.4 20.5
v 0.2 0.7 19.7
v 0.2 0.7 19.6
v 0.2 0.8 20.5
v 0.2 0.8 20.4
v 0.2 0.8 19.7
v 0.2 0.8 19.6
v 0.2 0.9 20.5
v 0.2 0.9 20.4
v 0.2 0.9 20.3
v 0.2 0.9 20.2
v 0.2 0.9 20.1
v 0.2 0.9 19.7
v 0.2 0.9 19.6
v 0.2 1 20.4
v 0.2 1 20.3
v 0.2 1 20.2
v 0.2 1 20.1
v 0.2 1 19.7
v 0.2 1 19.6
v 0.2 1.1 20.5
v 0.2 1.1 20.4
v 0.2 1.2 20.6
v 0.2 1.2 20.5
v 0.2 1.2 20.4
v 0.2 1.3 20.6
v 0.2 1.3 20.5
v 0.2 1.3 20.4
v 0.2 1.4 20.5
v 0.2 1.4 20.4
v 0.3 0.2 20.2
v 0.3 0.2 20.1
v 0.3 0.3 20.1
v 0.3 0.3 19.9
v 0.3 0.4 20.2
v 0.3 0.4 20
v 0.3 0.4 19.9
v 0.3 0.8 19.7
v 0.3 0.8 19.6
v 0.3 0.9 20.3
v 0.3 0.9 20.2
v 0.3 0.9 19.7
v 0.3 0.9 19.6
v 0.3 1 20.3
v 0.3 1 20.2
v 0.3 1 19.7
v 0.3 1 19.6
v 0.3 1.1 19.9
v 0.3 1.1 19.8
v 0.3 1.1 19.7
v 0.3 1.1 19.6
v 0.3 1.2 19.9
v 0.3 1.2 19.8
v 0.4 0.3 20.4
v 0.4 0.3 20.3
v 0.4 0.4 20.5
v 0.4 0.4 20.4
v 0.4 0.4 20.3
v 0.4 0.4 20
v 0.4 0.4 19.9
v 0.4 0.5 20.5
v 0.4 0.5 20.4
v 0.4 0.5 20
v 0.4 0.5 19.9
v 0.4 0.6 20.4
v 0.4 0.6 20.3
v 0.4 0.6 20.2
v 0.4 0.6 20
v 0.4 0.7 20.4
v 0.4 0.7 20.3
v 0.4 0.7 20.2
v 0.4 0.7 20.1
v 0.4 0.7 20
v 0.4 0.7 19.7
v 0.4 0.7 19.6
v 0.4 0.8 20.4
v 0.4 0.8 20.3
v 0.4 0.8 19.7
v 0.4 0.8 19.6
v 0.4 0.9 20.4
v 0.4 0.9 20.3
v 0.4 0.9 19.7
v 0.4 0.9 19.6
v 0.4 1 20.4
v 0.4 1 20.3
v 0.4 1 19.7
v 0.4 1 19.6
v 0.4 1.1 20
v 0.4 1.1 19.9
v 0.4 1.1 19.8
v 0.4 1.1 19.7
v 0.4 1.2 20
v 0.4 1.2 19.9
v 0.4 1.2 19.8
v 0.4 1.2 19.7
v 0.5 0.4 19.9
v 0.5 0.4 19.8
v 0.5 0.4 19.7
v 0.5 0.4 19.6
v 0.5 0.5 20
v 0.5 0.5 19.9
v 0.5 0.5 19.8
v 0.5 0.5 19.7
v 0.5 0.5 19.6
v 0.5 0.6 20
v 0.5 0.6 19.9
v 0.5 0.6 19.8
v 0.5 0.6 19.7
v 0.5 0.6 19.6
v 0.5 0.7 19.9
v 0.5 0.7 19.8
v 0.5 0.7 19.7
v 0.5 0.7 19.6
v 0.5 0.8 19.8
v 0.5 0.8 19.7
v 0.5 0.8 19.6
v 0.5 0.9 20.6
v 0.5 0.9 20.5
v 0.5 0.9 19.7
v 0.5 0.9 19.6
v 0.5 1 20.6
v 0.5 1 20.5
v 0.5 1 19.7
v 0.5 1 19.6
v 0.5 1.1 19.9
v 0.5 1.1 19.8
v 0.5 1.1 19.7
v 0.5 1.1 19.6
v 0.5 1.2 19.9
v 0.5 1.2 19.8
v 0.6 0.4 20.3
v 0.6 0.4 20.2
v 0.6 0.4 19.8
v 0.6 0.4 19.7
v 0.6 0.5 20.3
v 0.6 0.5 20.2
v 0.6 0.5 19.9
v 0.6 0.5 19.8
v 0.6 0.5 19.7
v 0.6 0.6 19.9
v 0.6 0.6 19.8
v 0.6 0.8 20.6
v 0.6 0.8 20.5
v 0.6 0.8 19.8
v 0.6 0.8 19.7
v 0.6 0.9 20.6
v 0.6 0.9 20.5
v 0.6 0.9 19.8
v 0.6 0.9 19.7
v 0.6 1 19.9
v 0.6 1 19.8
v 0.6 1 19.7
v 0.6 1.1 20.2
v 0.6 1.1 20.1
v 0.6 1.1 20
v 0.6 1.1 19.9
v 0.6 1.1 19.8
v 0.6 1.1 19.7
v 0.6 1.2 20.2
v 0.6 1.2 20.1
v 0.6 1.2 20
v 0.6 1.2 19.9
v 0.7 0.4 20.4
v 0.7 0.4 20.3
v 0.7 0.5 20.5
v 0.7 0.5 20.4
v 0.7 0.5 20.3
v 0.7 0.6 20.5
v 0.7 0.6 20.4
v 0.7 0.6 20.3
v 0.7 0.7 20.6
v 0.7 0.7 20.5
v 0.7 0.7 20.4
v 0.7 0.7 20.3
v 0.7 0.7 19.9
v 0.7 0.7 19.8
v 0.7 0.8 20.6
v 0.7 0.8 20.5
v 0.7 0.8 20.4
v 0.7 0.8 20.3
v 0.7 0.8 19.9
v 0.7 0.8 19.8
v 0.7 0.9 20.5
v 0.7 0.9 20.4
v 0.7 0.9 20.3
v 0.7 0.9 20.1
v 0.7 0.9 20
v 0.7 0.9 19.9
v 0.7 0.9 19.8
v 0.7 1 20.5
v 0.7 1 20.4
v 0.7 1 20.3
v 0.7 1 20.2
v 0.7 1 20.1
v 0.7 1 20
v 0.7 1 19.9
v 0.7 1 19.8
v 0.7 1.1 20.4
v 0.7 1.1 20.3
v 0.7 1.1 20.2
v 0.7 1.1 20.1
v 0.7 1.1 20
v 0.7 1.2 20.3
v 0.7 1.2 20.2
v 0.7 1.2 20.1
v 0.7 1.2 20
v 0.8 0.5 20.4
v 0.8 0.5 20.3
v 0.8 0.6 20.4
v 0.8 0.6 20.3
v 0.8 0.6 19.9
v 0.8 0.6 19.8
v 0.8 0.7 20.5
v 0.8 0.7 20.4
v 0.8 0.7 20.3
v 0.8 0.7 20.2
v 0.8 0.7 19.9
v 0.8 0.7 19.8
v 0.8 0.8 20.5
v 0.8 0.8 20.4
v 0.8 0.8 20.3
v 0.8 0.8 20.2
v 0.8 0.8 20.1
v 0.8 0.8 19.9
v 0.8 0.8 19.8
v 0.8 0.9 20.5
v 0.8 0.9 20.4
v 0.8 0.9 20.3
v 0.8 0.9 20.2
v 0.8 0.9 20.1
v 0.8 0.9 20
v 0.8 0.9 19.9
v 0.8 0.9 19.8
v 0.8 1 20.2
v 0.8 1 20.1
v 0.8 1 20
v 0.8 1 19.9
v 0.8 1.1 20.3
v 0.8 1.1 20.2
v 0.8 1.1 20.1
v 0.8 1.1 19.9
v 0.9 0.5 20.1
v 0.9 0.5 20
v 0.9 0.5 19.9
v 0.9 0.6 20.1
v 0.9 0.6 20
v 0.9 0.6 19.9
v 0.9 0.7 20.4
v 0.9 0.7 20.3
v 0.9 0.7 20.1
v 0.9 0.7 20
v 0.9 0.7 19.9
v 0.9 0.7 19.8
v 0.9 0.8 20.4
v 0.9 0.8 20.3
v 0.9 0.8 20.1
v 0.9 0.8 20
v 0.9 0.8 19.9
v 0.9 0.8 19.8
v 0.9 0.9 20.1
v 0.9 0.9 20
v 1 0.5 20.2
v 1 0.5 20.1
v 1 0.5 19.9
v 1 0.5 19.8
v 1 0.6 20.2
v 1 0.6 20.1
v 1 0.6 19.9
v 1 0.6 19.8
v 1 0.7 20.2
v 1 0.7 20.1
v 1 0.7 20
v 1 0.7 19.9
v 1 0.7 19.8
v 1 0.8 20
v 1 0.8 19.9
v 1 0.8 19.8
v 1 0.9 20.2
v 1 0.9 20.1
v 1 0.9 20
v 1 0.9 19.8
v -0.3 0.6 20.6
v -0.3 0.7 20.6
v -0.2 0.5 20.6
v -0.2 0.6 20.6
v -0.2 0.7 20.6
v -0.2 1.1 20.6
v -0.2 1.2 20.6
v -0.1 0.4 20.6
v -0.1 0.5 20.6
v -0.1 0.6 20.6
v -0.1 0.8 20.6
v -0.1 0.9 20.6
v -0.1 1 20.6
v -0.1 1.1 20.6
v -0.1 1.2 20.6
v -0.1 1.3 20.6
v -7.45058e-009 0.4 20.6
v -7.45058e-009 0.5 20.6
v -7.45058e-009 0.8 20.6
v -7.45058e-009 0.9 20.6
v -7.45058e-009 1 20.6
v -7.45058e-009 1.1 20.6
v -7.45058e-009 1.2 20.6
v -7.45058e-009 1.3 20.6
v -7.45058e-009 1.4 20.6
v 0.1 0.8 20.6
v 0.1 0.9 20.6
v 0.1 1.1 20.6
v 0.1 1.2 20.6
v 0.1 1.3 20.6
v 0.1 1.4 20.6
v 0.2 1.2 20.6
v 0.2 1.3 20.6
v 0.4 0.8 20.6
v 0.4 0.9 20.6
v 0.4 1 20.6
v 0.5 0.7 20.6
v 0.5 0.8 20.6
v 0.5 0.9 20.6
v 0.5 1 20.6
v 0.6 0.7 20.6
v 0.6 0.8 20.6
v 0.6 0.9 20.6
v 0.7 0.7 20.6
v 0.7 0.8 20.6
v -0.5 0.9 20.5
v -0.5 1 20.5
v -0.5 1.1 20.5
v -0.5 1.2 20.5
v -0.4 0.9 20.5
v -0.4 1 20.5
v -0.4 1.1 20.5
v -0.4 1.2 20.5
v -0.4 1.3 20.5
v -0.3 0.5 20.5
v -0.3 0.6 20.5
v -0.3 0.9 20.5
v -0.3 1 20.5
v -0.3 1.1 20.5
v -0.3 1.2 20.5
v -0.3 1.3 20.5
v -0.2 0.3 20.5
v -0.2 0.4 20.5
v -0.2 0.5 20.5
v -0.2 0.6 20.5
v -0.2 0.8 20.5
v -0.2 0.9 20.5
v -0.2 1 20.5
v -0.2 1.1 20.5
v -0.2 1.2 20.5
v -0.2 1.3 20.5
v -0.1 0.3 20.5
v -0.1 0.4 20.5
v -0.1 0.5 20.5
v -0.1 0.6 20.5
v -0.1 0.8 20.5
v -0.1 0.9 20.5
v -0.1 1 20.5
v -0.1 1.1 20.5
v -0.1 1.2 20.5
v -0.1 1.3 20.5
v -7.45058e-009 0.3 20.5
v -7.45058e-009 0.4 20.5
v -7.45058e-009 0.5 20.5
v -7.45058e-009 0.6 20.5
v -7.45058e-009 0.9 20.5
v -7.45058e-009 1 20.5
v -7.45058e-009 1.1 20.5
v -7.45058e-009 1.2 20.5
v -7.45058e-009 1.3 20.5
v 0.1 0.4 20.5
v 0.1 0.5 20.5
v 0.1 0.8 20.5
v 0.1 0.9 20.5
v 0.1 1 20.5
v 0.1 1.1 20.5
v 0.1 1.2 20.5
v 0.1 1.3 20.5
v 0.1 1.4 20.5
v 0.2 0.8 20.5
v 0.2 0.9 20.5
v 0.2 1.1 20.5
v 0.2 1.2 20.5
v 0.2 1.3 20.5
v 0.2 1.4 20.5
v 0.3 0.4 20.5
v 0.3 0.5 20.5
v 0.4 0.4 20.5
v 0.4 0.5 20.5
v 0.6 0.5 20.5
v 0.6 0.6 20.5
v 0.6 0.9 20.5
v 0.6 1 20.5
v 0.7 0.5 20.5
v 0.7 0.6 20.5
v 0.7 0.7 20.5
v 0.7 0.8 20.5
v 0.7 0.9 20.5
v 0.7 1 20.5
v 0.8 0.7 20.5
v 0.8 0.8 20.5
v 0.8 0.9 20.5
v -0.5 1 20.4
v -0.5 1.1 20.4
v -0.5 1.2 20.4
v -0.5 1.3 20.4
v -0.4 0.8 20.4
v -0.4 0.9 20.4
v -0.4 1 20.4
v -0.4 1.1 20.4
v -0.4 1.2 20.4
v -0.4 1.3 20.4
v -0.3 0.8 20.4
v -0.3 0.9 20.4
v -0.3 1 20.4
v -0.3 1.1 20.4
v -0.3 1.2 20.4
v -0.3 1.3 20.4
v -0.2 0.8 20.4
v -0.2 0.9 20.4
v -0.2 1 20.4
v -0.2 1.1 20.4
v -0.2 1.2 20.4
v -0.2 1.3 20.4
v -0.2 1.4 20.4
v -0.1 0.7 20.4
v -0.1 0.8 20.4
v -0.1 1.3 20.4
v -0.1 1.4 20.4
v -7.45058e-009 0.3 20.4
v -7.45058e-009 0.4 20.4
v -7.45058e-009 0.6 20.4
v -7.45058e-009 0.7 20.4
v -7.45058e-009 0.8 20.4
v -7.45058e-009 1 20.4
v -7.45058e-009 1.1 20.4
v -7.45058e-009 1.3 20.4
v -7.45058e-009 1.4 20.4
v 0.1 0.4 20.4
v 0.1 0.6 20.4
v 0.1 0.7 20.4
v 0.1 0.8 20.4
v 0.1 0.9 20.4
v 0.1 1 20.4
v 0.1 1.1 20.4
v 0.2 0.6 20.4
v 0.2 0.7 20.4
v 0.2 0.8 20.4
v 0.2 0.9 20.4
v 0.2 1 20.4
v 0.3 0.4 20.4
v 0.3 0.6 20.4
v 0.3 0.7 20.4
v 0.3 0.8 20.4
v 0.3 0.9 20.4
v 0.3 1 20.4
v 0.4 0.3 20.4
v 0.4 0.4 20.4
v 0.4 0.5 20.4
v 0.4 0.6 20.4
v 0.4 0.7 20.4
v 0.4 0.8 20.4
v 0.4 0.9 20.4
v 0.4 1 20.4
v 0.5 0.5 20.4
v 0.5 0.6 20.4
v 0.5 0.7 20.4
v 0.5 0.8 20.4
v 0.5 0.9 20.4
v 0.5 1 20.4
v 0.6 0.5 20.4
v 0.6 0.6 20.4
v 0.6 0.7 20.4
v 0.6 0.8 20.4
v 0.6 0.9 20.4
v 0.6 1 20.4
v 0.6 1.1 20.4
v 0.7 0.4 20.4
v 0.7 0.5 20.4
v 0.7 0.6 20.4
v 0.7 0.7 20.4
v 0.7 0.8 20.4
v 0.7 0.9 20.4
v 0.7 1 20.4
v 0.7 1.1 20.4
v 0.8 0.5 20.4
v 0.8 0.6 20.4
v 0.8 0.7 20.4
v 0.8 0.8 20.4
v 0.9 0.7 20.4
v 0.9 0.8 20.4
v -0.8 0.7 20.3
v -0.8 0.8 20.3
v -0.8 0.9 20.3
v -0.8 1 20.3
v -0.7 0.6 20.3
v -0.7 0.7 20.3
v -0.7 0.8 20.3
v -0.7 0.9 20.3
v -0.7 1 20.3
v -0.6 0.6 20.3
v -0.6 0.7 20.3
v -0.6 0.8 20.3
v -0.5 0.6 20.3
v -0.5 0.7 20.3
v -0.5 1.1 20.3
v -0.5 1.2 20.3
v -0.4 0.6 20.3
v -0.4 0.7 20.3
v -0.4 1.1 20.3
v -0.4 1.2 20.3
v -0.3 0.6 20.3
v -0.3 0.7 20.3
v -0.1 0 20.3
v -0.1 0.1 20.3
v -7.45058e-009 0 20.3
v -7.45058e-009 0.1 20.3
v 0.2 0.9 20.3
v 0.2 1 20.3
v 0.3 0.9 20.3
v 0.3 1 20.3
v 0.4 0.8 20.3
v 0.4 0.9 20.3
v 0.4 1 20.3
v 0.4 1.1 20.3
v 0.5 0.8 20.3
v 0.5 0.9 20.3
v 0.5 1 20.3
v 0.5 1.1 20.3
v 0.6 1 20.3
v 0.6 1.1 20.3
v 0.6 1.2 20.3
v 0.7 0.8 20.3
v 0.7 0.9 20.3
v 0.7 1 20.3
v 0.7 1.1 20.3
v 0.7 1.2 20.3
v 0.8 0.8 20.3
v 0.8 0.9 20.3
v 0.8 1.1 20.3
v -1 0.8 20.2
v -1 0.9 20.2
v -0.9 0.8 20.2
v -0.9 0.9 20.2
v -0.9 1 20.2
v -0.8 0.6 20.2
v -0.8 0.7 20.2
v -0.8 0.8 20.2
v -0.8 0.9 20.2
v -0.8 1 20.2
v -0.8 1.1 20.2
v -0.7 0.6 20.2
v -0.7 0.7 20.2
v -0.7 0.8 20.2
v -0.7 0.9 20.2
v -0.7 1 20.2
v -0.7 1.1 20.2
v -0.6 0.8 20.2
v -0.6 0.9 20.2
v -0.6 1 20.2
v -0.5 0.6 20.2
v -0.5 0.7 20.2
v -0.5 1 20.2
v -0.5 1.1 20.2
v -0.4 0.5 20.2
v -0.4 0.6 20.2
v -0.4 0.7 20.2
v -0.4 0.8 20.2
v -0.4 1 20.2
v -0.4 1.1 20.2
v -0.3 0.6 20.2
v -0.3 0.7 20.2
v -0.3 0.8 20.2
v -0.3 1.2 20.2
v -0.3 1.3 20.2
v -0.2 0 20.2
v -0.2 0.1 20.2
v -0.2 1.2 20.2
v -0.2 1.3 20.2
v -0.1 0 20.2
v -0.1 0.1 20.2
v -0.1 0.3 20.2
v -0.1 0.4 20.2
v -0.1 0.5 20.2
v -0.1 0.6 20.2
v -0.1 0.7 20.2
v -0.1 0.8 20.2
v -0.1 0.9 20.2
v -7.45058e-009 0 20.2
v -7.45058e-009 0.1 20.2
v -7.45058e-009 0.3 20.2
v -7.45058e-009 0.4 20.2
v -7.45058e-009 0.6 20.2
v -7.45058e-009 0.7 20.2
v -7.45058e-009 0.8 20.2
v -7.45058e-009 0.9 20.2
v 0.1 0 20.2
v 0.1 0.2 20.2
v 0.1 0.9 20.2
v 0.1 1 20.2
v 0.2 0.3 20.2
v 0.2 0.4 20.2
v 0.2 0.9 20.2
v 0.2 1 20.2
v 0.3 0.2 20.2
v 0.3 0.4 20.2
v 0.3 0.9 20.2
v 0.3 1 20.2
v 0.4 0.9 20.2
v 0.4 1 20.2
v 0.5 1.1 20.2
v 0.5 1.2 20.2
v 0.6 1.1 20.2
v 0.6 1.2 20.2
v 0.7 0.5 20.2
v 0.7 0.6 20.2
v 0.8 0.5 20.2
v 0.8 0.6 20.2
v 0.8 0.7 20.2
v 0.8 0.8 20.2
v 0.9 0.6 20.2
v 0.9 0.7 20.2
v 0.9 0.8 20.2
v 0.9 0.9 20.2
v 1 0.5 20.2
v 1 0.6 20.2
v 1 0.7 20.2
v 1 0.9 20.2
v -0.8 0.7 20.1
v -0.8 0.8 20.1
v -0.7 0.7 20.1
v -0.7 0.8 20.1
v -7.45058e-009 0.9 20.1
v -7.45058e-009 1 20.1
v 0.1 0.9 20.1
v 0.1 1 20.1
v 0.2 0.9 20.1
v 0.2 1 20.1
v 0.3 0.9 20.1
v 0.3 1 20.1
v 0.3 1.1 20.1
v 0.4 1 20.1
v 0.4 1.1 20.1
v 0.6 1.1 20.1
v 0.6 1.2 20.1
v 0.7 1 20.1
v 0.7 1.1 20.1
v 0.7 1.2 20.1
v 0.8 0.8 20.1
v 0.8 0.9 20.1
v 0.8 1 20.1
v 0.8 1.1 20.1
v 0.9 0.8 20.1
v 0.9 0.9 20.1
v -1 0.7 20
v -1 0.8 20
v -1 0.9 20
v -0.9 0.6 20
v -0.9 0.7 20
v -0.9 0.8 20
v -0.9 0.9 20
v -0.9 1 20
v -0.8 0.6 20
v -0.8 0.7 20
v -0.8 0.8 20
v -0.8 0.9 20
v -0.8 1 20
v -0.7 0.6 20
v -0.7 0.7 20
v -0.7 0.8 20
v -0.7 0.9 20
v -0.6 0.6 20
v -0.6 0.7 20
v -0.6 0.8 20
v -0.6 0.9 20
v -0.1 0.6 20
v -0.1 0.8 20
v -7.45058e-009 0.6 20
v -7.45058e-009 0.8 20
v 0.1 0.9 20
v 0.1 1 20
v 0.1 1.1 20
v 0.2 0.4 20
v 0.2 0.5 20
v 0.2 0.9 20
v 0.2 1 20
v 0.3 0.4 20
v 0.3 1 20
v 0.3 1.1 20
v 0.3 1.2 20
v 0.4 0.4 20
v 0.4 0.5 20
v 0.4 0.6 20
v 0.4 1.1 20
v 0.4 1.2 20
v 0.5 0.5 20
v 0.5 0.6 20
v 0.5 1.1 20
v 0.5 1.2 20
v 0.6 1.1 20
v 0.6 1.2 20
v 0.7 0.5 20
v 0.7 0.6 20
v 0.7 0.7 20
v 0.7 0.9 20
v 0.7 1 20
v 0.8 0.5 20
v 0.8 0.6 20
v 0.8 0.7 20
v 0.8 0.9 20
v 0.8 1 20
v 0.9 0.7 20
v 0.9 0.8 20
v 0.9 0.9 20
v 1 0.7 20
v 1 0.8 20
v 1 0.9 20
v -1 0.6 19.9
v -1 0.7 19.9
v -1 0.9 19.9
v -1 1 19.9
v -0.9 0.6 19.9
v -0.9 0.7 19.9
v -0.9 0.9 19.9
v -0.9 1 19.9
v -0.8 0.9 19.9
v -0.8 1 19.9
v -0.7 0.9 19.9
v -0.7 1 19.9
v -0.4 0.5 19.9
v -0.4 0.6 19.9
v -0.3 0.5 19.9
v -0.3 0.6 19.9
v -0.3 0.7 19.9
v -0.2 0.5 19.9
v -0.2 0.6 19.9
v -0.2 0.7 19.9
v -0.1 0.5 19.9
v -0.1 0.6 19.9
v -0.1 0.8 19.9
v -0.1 0.9 19.9
v -0.1 1 19.9
v -7.45058e-009 0.8 19.9
v -7.45058e-009 0.9 19.9
v -7.45058e-009 1 19.9
v 0.1 0.8 19.9
v 0.1 0.9 19.9
v 0.2 1.1 19.9
v 0.2 1.2 19.9
v 0.3 0.5 19.9
v 0.3 0.6 19.9
v 0.3 1.1 19.9
v 0.3 1.2 19.9
v 0.4 0.4 19.9
v 0.4 0.5 19.9
v 0.4 0.6 19.9
v 0.4 0.7 19.9
v 0.4 1.1 19.9
v 0.4 1.2 19.9
v 0.5 0.4 19.9
v 0.5 0.5 19.9
v 0.5 0.6 19.9
v 0.5 0.7 19.9
v 0.5 1.1 19.9
v 0.5 1.2 19.9
v 0.6 0.5 19.9
v 0.6 0.6 19.9
v 0.9 0.5 19.9
v 0.9 0.6 19.9
v 1 0.5 19.9
v 1 0.6 19.9
v -0.9 0.9 19.8
v -0.9 1 19.8
v -0.8 0.9 19.8
v -0.8 1 19.8
v -0.7 0.9 19.8
v -0.7 1 19.8
v -0.6 0.9 19.8
v -0.6 1 19.8
v -0.2 0.8 19.8
v -0.2 0.9 19.8
v -0.2 1 19.8
v -0.1 0.8 19.8
v -0.1 0.9 19.8
v -0.1 1 19.8
v -0.1 1.1 19.8
v -7.45058e-009 0.9 19.8
v -7.45058e-009 1 19.8
v -7.45058e-009 1.1 19.8
v 0.1 0.9 19.8
v 0.1 1 19.8
v 0.3 1.1 19.8
v 0.3 1.2 19.8
v 0.4 1.1 19.8
v 0.4 1.2 19.8
v 0.5 0.4 19.8
v 0.5 0.5 19.8
v 0.6 0.4 19.8
v 0.6 0.5 19.8
v -0.8 0.9 19.7
v -0.8 1 19.7
v -0.7 0.9 19.7
v -0.7 1 19.7
v -0.4 0.7 19.7
v -0.4 0.8 19.7
v -0.4 0.9 19.7
v -0.4 1 19.7
v -0.4 1.1 19.7
v -0.3 0.7 19.7
v -0.3 0.8 19.7
v -0.3 0.9 19.7
v -0.3 1 19.7
v -0.3 1.1 19.7
v -0.2 0.7 19.7
v -0.2 0.8 19.7
v -0.2 0.9 19.7
v -0.2 1 19.7
v -0.2 1.1 19.7
v -0.1 0.7 19.7
v -0.1 0.8 19.7
v -0.1 1 19.7
v -0.1 1.1 19.7
v -7.45058e-009 0.7 19.7
v -7.45058e-009 0.8 19.7
v 0.4 0.5 19.7
v 0.4 0.6 19.7
v 0.4 0.7 19.7
v 0.5 0.5 19.7
v 0.5 0.6 19.7
v 0.5 0.7 19.7
v 0.4 0.8 20.5
v 0.4 0.9 20.5
v 0.4 1 20.5
v 0.5 0.8 20.5
v 0.5 0.9 20.5
v 0.5 1 20.5
v 0.6 0.8 20.5
v 0.6 0.9 20.5
v -0.5 1.1 20.4
v -0.5 1.2 20.4
v -0.4 1.1 20.4
v -0.4 1.2 20.4
v -0.3 0.5 20.4
v -0.3 0.6 20.4
v -0.3 0.7 20.4
v -0.2 0.3 20.4
v -0.2 0.4 20.4
v -0.2 0.5 20.4
v -0.2 0.6 20.4
v -0.2 0.7 20.4
v -0.1 0.3 20.4
v -0.1 0.4 20.4
v -0.1 0.5 20.4
v -0.1 0.6 20.4
v -0.1 0.9 20.4
v -0.1 1 20.4
v -7.45058e-009 0.4 20.4
v -7.45058e-009 0.5 20.4
v -7.45058e-009 0.6 20.4
v -7.45058e-009 0.9 20.4
v -7.45058e-009 1 20.4
v -7.45058e-009 1.1 20.4
v -7.45058e-009 1.2 20.4
v -7.45058e-009 1.4 20.4
v 0.1 0.4 20.4
v 0.1 0.5 20.4
v 0.1 1.1 20.4
v 0.1 1.2 20.4
v 0.1 1.3 20.4
v 0.1 1.4 20.4
v 0.2 1.1 20.4
v 0.2 1.2 20.4
v 0.2 1.3 20.4
v 0.2 1.4 20.4
v 0.7 0.8 20.4
v 0.7 0.9 20.4
v 0.8 0.8 20.4
v 0.8 0.9 20.4
v -0.5 1 20.3
v -0.5 1.1 20.3
v -0.5 1.2 20.3
v -0.5 1.3 20.3
v -0.4 0.8 20.3
v -0.4 0.9 20.3
v -0.4 1 20.3
v -0.4 1.1 20.3
v -0.4 1.2 20.3
v -0.4 1.3 20.3
v -0.3 0.8 20.3
v -0.3 0.9 20.3
v -0.3 1.2 20.3
v -0.3 1.3 20.3
v -0.2 0.8 20.3
v -0.2 0.9 20.3
v -0.2 1.2 20.3
v -0.2 1.3 20.3
v -0.2 1.4 20.3
v -0.1 0.8 20.3
v -0.1 0.9 20.3
v -0.1 1.1 20.3
v -0.1 1.2 20.3
v -0.1 1.3 20.3
v -0.1 1.4 20.3
v -7.45058e-009 0.3 20.3
v -7.45058e-009 0.4 20.3
v -7.45058e-009 0.8 20.3
v -7.45058e-009 0.9 20.3
v -7.45058e-009 1 20.3
v -7.45058e-009 1.1 20.3
v -7.45058e-009 1.2 20.3
v -7.45058e-009 1.4 20.3
v 0.1 0.9 20.3
v 0.1 1 20.3
v 0.1 1.1 20.3
v 0.2 0.9 20.3
v 0.2 1 20.3
v 0.3 0.4 20.3
v 0.3 0.5 20.3
v 0.3 0.9 20.3
v 0.3 1 20.3
v 0.4 0.3 20.3
v 0.4 0.4 20.3
v 0.4 0.9 20.3
v 0.4 1 20.3
v 0.5 0.4 20.3
v 0.5 0.5 20.3
v 0.5 0.6 20.3
v 0.6 0.4 20.3
v 0.6 0.5 20.3
v 0.6 0.6 20.3
v 0.6 0.7 20.3
v 0.7 0.4 20.3
v 0.7 0.5 20.3
v 0.7 0.6 20.3
v 0.7 0.7 20.3
v 0.8 0.5 20.3
v 0.8 0.6 20.3
v 0.8 0.7 20.3
v 0.8 0.8 20.3
v 0.9 0.7 20.3
v 0.9 0.8 20.3
v -0.8 0.7 20.2
v -0.8 0.8 20.2
v -0.7 0.7 20.2
v -0.7 0.8 20.2
v -0.5 0.9 20.2
v -0.5 1 20.2
v -0.5 1.1 20.2
v -0.5 1.2 20.2
v -0.4 0.9 20.2
v -0.4 1 20.2
v -0.4 1.1 20.2
v -0.4 1.2 20.2
v -0.4 1.3 20.2
v -0.3 0.8 20.2
v -0.3 0.9 20.2
v -0.3 1 20.2
v -0.3 1.1 20.2
v -0.3 1.2 20.2
v -0.3 1.3 20.2
v -0.2 0.8 20.2
v -0.2 0.9 20.2
v -0.2 1 20.2
v -0.2 1.1 20.2
v -0.2 1.2 20.2
v -0.2 1.3 20.2
v -0.1 1 20.2
v -0.1 1.1 20.2
v -0.1 1.2 20.2
v -0.1 1.3 20.2
v -7.45058e-009 0.9 20.2
v -7.45058e-009 1 20.2
v -7.45058e-009 1.1 20.2
v 0.1 0.9 20.2
v 0.1 1 20.2
v 0.2 0.9 20.2
v 0.2 1 20.2
v 0.3 0.9 20.2
v 0.3 1 20.2
v 0.5 0.4 20.2
v 0.5 0.5 20.2
v 0.6 0.4 20.2
v 0.6 0.5 20.2
v 0.6 1.1 20.2
v 0.6 1.2 20.2
v 0.7 1 20.2
v 0.7 1.1 20.2
v 0.7 1.2 20.2
v 0.8 1 20.2
v 0.8 1.1 20.2
v -1 0.8 20.1
v -1 0.9 20.1
v -0.9 0.8 20.1
v -0.9 0.9 20.1
v -0.9 1 20.1
v -0.8 0.6 20.1
v -0.8 0.7 20.1
v -0.8 0.9 20.1
v -0.8 1 20.1
v -0.8 1.1 20.1
v -0.7 0.6 20.1
v -0.7 0.7 20.1
v -0.7 0.8 20.1
v -0.7 0.9 20.1
v -0.7 1 20.1
v -0.7 1.1 20.1
v -0.6 0.6 20.1
v -0.6 0.7 20.1
v -0.6 0.8 20.1
v -0.6 0.9 20.1
v -0.5 0.6 20.1
v -0.5 0.7 20.1
v -0.5 1 20.1
v -0.5 1.1 20.1
v -0.4 0.5 20.1
v -0.4 0.6 20.1
v -0.4 0.7 20.1
v -0.4 0.8 20.1
v -0.4 0.9 20.1
v -0.4 1 20.1
v -0.4 1.1 20.1
v -0.4 1.2 20.1
v -0.3 0.6 20.1
v -0.3 0.7 20.1
v -0.3 0.8 20.1
v -0.3 0.9 20.1
v -0.3 1 20.1
v -0.3 1.1 20.1
v -0.3 1.2 20.1
v -0.3 1.3 20.1
v -0.2 0 20.1
v -0.2 0.1 20.1
v -0.2 0.9 20.1
v -0.2 1 20.1
v -0.2 1.1 20.1
v -0.2 1.2 20.1
v -0.2 1.3 20.1
v -0.1 0 20.1
v -0.1 0.1 20.1
v -0.1 0.3 20.1
v -0.1 0.5 20.1
v -0.1 0.6 20.1
v -0.1 0.8 20.1
v -0.1 0.9 20.1
v -0.1 1 20.1
v -0.1 1.1 20.1
v -0.1 1.2 20.1
v -7.45058e-009 0 20.1
v -7.45058e-009 0.3 20.1
v -7.45058e-009 0.5 20.1
v -7.45058e-009 0.6 20.1
v -7.45058e-009 0.8 20.1
v -7.45058e-009 0.9 20.1
v 0.1 0 20.1
v 0.1 0.2 20.1
v 0.1 0.9 20.1
v 0.1 1 20.1
v 0.2 0.3 20.1
v 0.2 0.9 20.1
v 0.2 1 20.1
v 0.3 0.2 20.1
v 0.3 0.3 20.1
v 0.5 1.1 20.1
v 0.5 1.2 20.1
v 0.6 1.1 20.1
v 0.6 1.2 20.1
v 0.7 0.5 20.1
v 0.7 0.6 20.1
v 0.7 0.9 20.1
v 0.7 1 20.1
v 0.8 0.5 20.1
v 0.8 0.6 20.1
v 0.8 0.9 20.1
v 0.8 1 20.1
v 0.9 0.5 20.1
v 0.9 0.6 20.1
v 0.9 0.7 20.1
v 0.9 0.8 20.1
v 0.9 0.9 20.1
v 1 0.5 20.1
v 1 0.6 20.1
v 1 0.7 20.1
v 1 0.9 20.1
v -0.8 0.9 20
v -0.8 1 20
v -0.7 0.9 20
v -0.7 1 20
v -0.6 0.6 20
v -0.6 0.7 20
v -0.5 0.6 20
v -0.5 0.7 20
v -0.1 0 20
v -0.1 0.3 20
v -7.45058e-009 0 20
v -7.45058e-009 0.3 20
v -7.45058e-009 0.6 20
v -7.45058e-009 0.8 20
v -7.45058e-009 0.9 20
v -7.45058e-009 1 20
v 0.1 0.6 20
v 0.1 0.7 20
v 0.1 0.8 20
v 0.1 0.9 20
v 0.1 1 20
v 0.2 0.6 20
v 0.2 0.7 20
v 0.3 0.6 20
v 0.3 0.7 20
v 0.4 0.6 20
v 0.4 0.7 20
v 0.6 1.1 20
v 0.6 1.2 20
v 0.7 1.1 20
v 0.7 1.2 20
v -0.9 0.9 19.9
v -0.9 1 19.9
v -0.8 0.9 19.9
v -0.8 1 19.9
v -0.7 0.9 19.9
v -0.7 1 19.9
v -0.6 0.9 19.9
v -0.6 1 19.9
v -0.1 0.6 19.9
v -0.1 0.7 19.9
v -7.45058e-009 0.6 19.9
v -7.45058e-009 0.7 19.9
v 0.2 0.3 19.9
v 0.2 0.5 19.9
v 0.3 0.3 19.9
v 0.3 0.4 19.9
v 0.3 0.5 19.9
v 0.3 1.1 19.9
v 0.3 1.2 19.9
v 0.4 1.1 19.9
v 0.4 1.2 19.9
v 0.5 1.1 19.9
v 0.5 1.2 19.9
v 0.6 1 19.9
v 0.6 1.1 19.9
v 0.6 1.2 19.9
v 0.7 0.7 19.9
v 0.7 0.8 19.9
v 0.7 0.9 19.9
v 0.7 1 19.9
v 0.7 1.1 19.9
v 0.8 0.6 19.9
v 0.8 0.7 19.9
v 0.8 0.8 19.9
v 0.8 0.9 19.9
v 0.8 1 19.9
v 0.8 1.1 19.9
v 0.9 0.6 19.9
v 0.9 0.7 19.9
v 0.9 0.8 19.9
v 0.9 0.9 19.9
v 1 0.7 19.9
v 1 0.8 19.9
v -0.8 0.9 19.8
v -0.8 1 19.8
v -0.7 0.9 19.8
v -0.7 1 19.8
v -0.4 0.5 19.8
v -0.4 0.6 19.8
v -0.3 0.5 19.8
v -0.3 0.6 19.8
v -0.3 0.7 19.8
v -0.2 0.5 19.8
v -0.2 0.6 19.8
v -0.2 0.7 19.8
v -0.1 0.5 19.8
v -0.1 0.6 19.8
v -0.1 0.7 19.8
v -0.1 0.8 19.8
v -7.45058e-009 0.5 19.8
v -7.45058e-009 0.6 19.8
v -7.45058e-009 0.7 19.8
v -7.45058e-009 0.8 19.8
v 0.3 0.4 19.8
v 0.3 0.5 19.8
v 0.3 0.6 19.8
v 0.4 0.4 19.8
v 0.4 0.5 19.8
v 0.4 0.6 19.8
v 0.4 0.7 19.8
v 0.4 1.1 19.8
v 0.4 1.2 19.8
v 0.5 0.5 19.8
v 0.5 0.6 19.8
v 0.5 0.7 19.8
v 0.5 0.8 19.8
v 0.5 1.1 19.8
v 0.5 1.2 19.8
v 0.6 0.5 19.8
v 0.6 0.6 19.8
v 0.6 0.7 19.8
v 0.6 0.8 19.8
v 0.6 0.9 19.8
v 0.6 1 19.8
v 0.7 0.5 19.8
v 0.7 0.7 19.8
v 0.7 0.8 19.8
v 0.7 0.9 19.8
v 0.7 1 19.8
v 0.8 0.5 19.8
v 0.8 0.6 19.8
v 0.8 0.7 19.8
v 0.8 0.8 19.8
v 0.8 0.9 19.8
v 0.9 0.5 19.8
v 0.9 0.6 19.8
v 0.9 0.7 19.8
v 0.9 0.8 19.8
v 0.9 0.9 19.8
v 1 0.5 19.8
v 1 0.6 19.8
v 1 0.7 19.8
v 1 0.8 19.8
v 1 0.9 19.8
v -1 0.6 19.7
v -1 0.7 19.7
v -1 0.8 19.7
v -1 0.9 19.7
v -1 1 19.7
v -0.9 0.6 19.7
v -0.9 0.7 19.7
v -0.9 0.8 19.7
v -0.9 0.9 19.7
v -0.8 0.6 19.7
v -0.8 0.7 19.7
v -0.8 0.8 19.7
v -0.8 0.9 19.7
v -0.8 1 19.7
v -0.7 0.6 19.7
v -0.7 0.7 19.7
v -0.7 0.8 19.7
v -0.7 0.9 19.7
v -0.7 1 19.7
v -0.6 0.6 19.7
v -0.6 0.7 19.7
v -0.6 0.9 19.7
v -0.6 1 19.7
v -0.3 0.5 19.7
v -0.3 0.6 19.7
v -0.2 0.5 19.7
v -0.2 0.6 19.7
v -0.2 0.9 19.7
v -0.2 1 19.7
v -0.1 0.9 19.7
v -0.1 1 19.7
v -0.1 1.1 19.7
v -7.45058e-009 0.8 19.7
v -7.45058e-009 0.9 19.7
v -7.45058e-009 1 19.7
v -7.45058e-009 1.1 19.7
v 0.1 0.8 19.7
v 0.1 0.9 19.7
v 0.1 1 19.7
v 0.1 1.1 19.7
v 0.2 0.7 19.7
v 0.2 0.8 19.7
v 0.2 0.9 19.7
v 0.2 1 19.7
v 0.2 1.1 19.7
v 0.2 1.2 19.7
v 0.3 0.7 19.7
v 0.3 0.8 19.7
v 0.3 0.9 19.7
v 0.3 1 19.7
v 0.3 1.1 19.7
v 0.3 1.2 19.7
v 0.4 0.7 19.7
v 0.4 0.8 19.7
v 0.4 0.9 19.7
v 0.4 1 19.7
v 0.4 1.1 19.7
v 0.4 1.2 19.7
v 0.5 0.4 19.7
v 0.5 0.5 19.7
v 0.5 0.7 19.7
v 0.5 0.8 19.7
v 0.5 0.9 19.7
v 0.5 1 19.7
v 0.5 1.1 19.7
v 0.6 0.4 19.7
v 0.6 0.5 19.7
v 0.6 0.8 19.7
v 0.6 0.9 19.7
v 0.6 1 19.7
v 0.6 1.1 19.7
v -1 0.7 19.6
v -1 0.8 19.6
v -0.9 0.6 19.6
v -0.9 0.7 19.6
v -0.9 0.8 19.6
v -0.9 0.9 19.6
v -0.8 0.6 19.6
v -0.8 0.7 19.6
v -0.8 0.8 19.6
v -0.8 0.9 19.6
v -0.8 1 19.6
v -0.7 0.7 19.6
v -0.7 0.8 19.6
v -0.7 0.9 19.6
v -0.7 1 19.6
v -0.6 0.7 19.6
v -0.6 0.9 19.6
v -0.4 0.7 19.6
v -0.4 0.8 19.6
v -0.4 0.9 19.6
v -0.4 1 19.6
v -0.4 1.1 19.6
v -0.3 0.7 19.6
v -0.3 0.8 19.6
v -0.3 0.9 19.6
v -0.3 1 19.6
v -0.3 1.1 19.6
v -0.2 0.7 19.6
v -0.2 0.8 19.6
v -0.2 0.9 19.6
v -0.2 1 19.6
v -0.2 1.1 19.6
v -0.1 0.7 19.6
v -0.1 0.8 19.6
v -0.1 0.9 19.6
v -0.1 1 19.6
v -0.1 1.1 19.6
v -7.45058e-009 0.7 19.6
v -7.45058e-009 0.8 19.6
v -7.45058e-009 0.9 19.6
v -7.45058e-009 1 19.6
v 0.1 0.7 19.6
v 0.1 0.8 19.6
v 0.1 0.9 19.6
v 0.1 1 19.6
v 0.2 0.7 19.6
v 0.2 0.8 19.6
v 0.2 0.9 19.6
v 0.2 1 19.6
v 0.2 1.1 19.6
v 0.3 0.7 19.6
v 0.3 0.8 19.6
v 0.3 0.9 19.6
v 0.3 1 19.6
v 0.3 1.1 19.6
v 0.4 0.4 19.6
v 0.4 0.5 19.6
v 0.4 0.6 19.6
v 0.4 0.7 19.6
v 0.4 0.8 19.6
v 0.4 0.9 19.6
v 0.4 1 19.6
v 0.4 1.1 19.6
v 0.5 0.4 19.6
v 0.5 0.5 19.6
v 0.5 0.6 19.6
v 0.5 0.7 19.6
v 0.5 0.8 19.6
v 0.5 0.9 19.6
v 0.5 1 19.6
v 0.5 1.1 19.6
v -0.1 0 20.3
v -7.45058e-009 0 20.3
v -0.2 0 20.2
v -0.1 0 20.2
v -7.45058e-009 0 20.2
v 0.1 0 20.2
v -0.2 0 20.1
v -0.1 0 20.1
v -7.45058e-009 0 20.1
v 0.1 0 20.1
v -0.1 0 20
v -7.45058e-009 0 20
v 0.1 0.2 20.2
v 0.3 0.2 20.2
v 0.1 0.2 20.1
v 0.3 0.2 20.1
v -0.2 0.3 20.5
v -0.1 0.3 20.5
v -7.45058e-009 0.3 20.5
v -0.2 0.3 20.4
v -0.1 0.3 20.4
v -7.45058e-009 0.3 20.4
v 0.4 0.3 20.4
v -7.45058e-009 0.3 20.3
v 0.4 0.3 20.3
v -0.1 0.3 20.2
v -7.45058e-009 0.3 20.2
v 0.2 0.3 20.1
v 0.3 0.3 20.1
v 0.2 0.3 19.9
v 0.3 0.3 19.9
v -0.1 0.4 20.6
v -7.45058e-009 0.4 20.6
v -0.1 0.4 20.5
v -7.45058e-009 0.4 20.5
v 0.1 0.4 20.5
v 0.3 0.4 20.5
v 0.4 0.4 20.5
v -7.45058e-009 0.4 20.4
v 0.1 0.4 20.4
v 0.3 0.4 20.4
v 0.4 0.4 20.4
v 0.7 0.4 20.4
v 0.4 0.4 20.3
v 0.5 0.4 20.3
v 0.6 0.4 20.3
v 0.7 0.4 20.3
v 0.5 0.4 20.2
v 0.6 0.4 20.2
v 0.3 0.4 20
v 0.4 0.4 20
v 0.3 0.4 19.9
v 0.4 0.4 19.9
v 0.5 0.4 19.9
v 0.3 0.4 19.8
v 0.4 0.4 19.8
v 0.5 0.4 19.8
v 0.6 0.4 19.8
v 0.5 0.4 19.7
v 0.6 0.4 19.7
v 0.4 0.4 19.6
v 0.5 0.4 19.6
v -0.2 0.5 20.6
v -0.1 0.5 20.6
v -0.3 0.5 20.5
v -0.2 0.5 20.5
v -0.1 0.5 20.5
v 0.6 0.5 20.5
v 0.7 0.5 20.5
v -0.3 0.5 20.4
v -0.2 0.5 20.4
v -0.1 0.5 20.4
v 0.6 0.5 20.4
v 0.7 0.5 20.4
v 0.8 0.5 20.4
v 0.7 0.5 20.3
v 0.8 0.5 20.3
v -0.4 0.5 20.2
v -0.1 0.5 20.2
v 0.7 0.5 20.2
v 0.8 0.5 20.2
v 1 0.5 20.2
v -0.4 0.5 20.1
v -0.1 0.5 20.1
v -7.45058e-009 0.5 20.1
v 0.7 0.5 20.1
v 0.8 0.5 20.1
v 0.9 0.5 20.1
v 1 0.5 20.1
v 0.4 0.5 20
v 0.5 0.5 20
v 0.7 0.5 20
v 0.8 0.5 20
v 0.9 0.5 20
v -0.4 0.5 19.9
v -0.3 0.5 19.9
v -0.2 0.5 19.9
v -0.1 0.5 19.9
v -7.45058e-009 0.5 19.9
v 0.4 0.5 19.9
v 0.5 0.5 19.9
v 0.6 0.5 19.9
v 0.7 0.5 19.9
v 0.8 0.5 19.9
v 0.9 0.5 19.9
v 1 0.5 19.9
v -0.4 0.5 19.8
v -0.3 0.5 19.8
v -0.2 0.5 19.8
v -0.1 0.5 19.8
v -7.45058e-009 0.5 19.8
v 0.5 0.5 19.8
v 0.6 0.5 19.8
v 0.7 0.5 19.8
v 0.8 0.5 19.8
v 0.9 0.5 19.8
v 1 0.5 19.8
v -0.3 0.5 19.7
v -0.2 0.5 19.7
v -0.3 0.6 20.6
v -0.2 0.6 20.6
v -0.3 0.6 20.5
v -0.2 0.6 20.5
v -7.45058e-009 0.6 20.4
v 0.1 0.6 20.4
v 0.2 0.6 20.4
v 0.3 0.6 20.4
v 0.4 0.6 20.4
v -0.7 0.6 20.3
v -0.6 0.6 20.3
v -0.5 0.6 20.3
v -0.4 0.6 20.3
v -0.3 0.6 20.3
v -7.45058e-009 0.6 20.3
v 0.1 0.6 20.3
v 0.2 0.6 20.3
v 0.3 0.6 20.3
v 0.4 0.6 20.3
v -0.8 0.6 20.2
v -0.7 0.6 20.2
v -0.6 0.6 20.2
v -0.5 0.6 20.2
v -0.4 0.6 20.2
v -0.3 0.6 20.2
v -7.45058e-009 0.6 20.2
v 0.1 0.6 20.2
v 0.2 0.6 20.2
v 0.3 0.6 20.2
v 0.4 0.6 20.2
v -0.8 0.6 20.1
v -0.7 0.6 20.1
v -0.6 0.6 20.1
v -0.5 0.6 20.1
v -0.4 0.6 20.1
v -7.45058e-009 0.6 20.1
v 0.1 0.6 20.1
v 0.2 0.6 20.1
v 0.3 0.6 20.1
v 0.9 0.6 20.1
v 1 0.6 20.1
v -0.9 0.6 20
v -0.8 0.6 20
v -0.7 0.6 20
v -0.6 0.6 20
v -0.5 0.6 20
v -7.45058e-009 0.6 20
v 0.1 0.6 20
v 0.2 0.6 20
v 0.3 0.6 20
v 0.4 0.6 20
v 0.9 0.6 20
v -1 0.6 19.9
v -0.9 0.6 19.9
v -0.8 0.6 19.9
v -0.7 0.6 19.9
v -0.6 0.6 19.9
v 0.9 0.6 19.9
v 1 0.6 19.9
v -1 0.6 19.8
v -0.9 0.6 19.8
v -0.8 0.6 19.8
v -0.7 0.6 19.8
v -1 0.6 19.7
v -0.9 0.6 19.7
v -0.8 0.6 19.7
v -0.7 0.6 19.7
v -0.6 0.6 19.7
v -0.9 0.6 19.6
v -0.8 0.6 19.6
v 0.5 0.7 20.6
v 0.6 0.7 20.6
v 0.7 0.7 20.6
v 0.5 0.7 20.5
v 0.6 0.7 20.5
v 0.7 0.7 20.5
v 0.8 0.7 20.5
v -0.1 0.7 20.4
v -7.45058e-009 0.7 20.4
v 0.4 0.7 20.4
v 0.5 0.7 20.4
v 0.6 0.7 20.4
v 0.7 0.7 20.4
v 0.8 0.7 20.4
v 0.9 0.7 20.4
v -0.8 0.7 20.3
v -0.7 0.7 20.3
v -7.45058e-009 0.7 20.3
v 0.4 0.7 20.3
v 0.5 0.7 20.3
v 0.6 0.7 20.3
v 0.7 0.7 20.3
v 0.8 0.7 20.3
v 0.9 0.7 20.3
v -0.8 0.7 20.2
v -0.7 0.7 20.2
v -0.1 0.7 20.2
v -7.45058e-009 0.7 20.2
v 0.4 0.7 20.2
v 0.5 0.7 20.2
v 0.6 0.7 20.2
v 0.7 0.7 20.2
v 0.8 0.7 20.2
v -0.8 0.7 20.1
v -0.7 0.7 20.1
v -0.6 0.7 20.1
v 0.4 0.7 20.1
v 0.5 0.7 20.1
v 0.6 0.7 20.1
v 0.7 0.7 20.1
v -1 0.7 20
v -0.9 0.7 20
v -0.8 0.7 20
v -0.7 0.7 20
v -0.6 0.7 20
v 0.1 0.7 20
v 0.2 0.7 20
v 0.3 0.7 20
v 0.4 0.7 20
v 0.5 0.7 20
v 0.6 0.7 20
v 0.7 0.7 20
v 0.8 0.7 20
v -1 0.7 19.9
v -0.9 0.7 19.9
v -0.1 0.7 19.9
v -7.45058e-009 0.7 19.9
v 0.1 0.7 19.9
v 0.2 0.7 19.9
v 0.3 0.7 19.9
v 0.4 0.7 19.9
v 0.5 0.7 19.9
v 0.6 0.7 19.9
v 0.7 0.7 19.9
v 0.8 0.7 19.9
v 0.9 0.7 19.9
v -0.1 0.7 19.8
v -7.45058e-009 0.7 19.8
v 0.1 0.7 19.8
v 0.2 0.7 19.8
v 0.3 0.7 19.8
v 0.4 0.7 19.8
v 0.5 0.7 19.8
v 0.6 0.7 19.8
v 0.7 0.7 19.8
v 0.8 0.7 19.8
v 0.9 0.7 19.8
v -1 0.7 19.7
v -0.9 0.7 19.7
v -0.8 0.7 19.7
v -0.7 0.7 19.7
v -0.6 0.7 19.7
v -0.4 0.7 19.7
v -0.3 0.7 19.7
v -0.2 0.7 19.7
v -0.1 0.7 19.7
v -7.45058e-009 0.7 19.7
v 0.1 0.7 19.7
v 0.2 0.7 19.7
v 0.3 0.7 19.7
v 0.4 0.7 19.7
v 0.5 0.7 19.7
v -1 0.7 19.6
v -0.9 0.7 19.6
v -0.8 0.7 19.6
v -0.7 0.7 19.6
v -0.6 0.7 19.6
v -0.4 0.7 19.6
v -0.3 0.7 19.6
v -0.2 0.7 19.6
v -0.1 0.7 19.6
v -7.45058e-009 0.7 19.6
v 0.1 0.7 19.6
v 0.2 0.7 19.6
v 0.3 0.7 19.6
v 0.4 0.7 19.6
v -0.1 0.8 20.6
v -7.45058e-009 0.8 20.6
v 0.1 0.8 20.6
v 0.4 0.8 20.6
v 0.5 0.8 20.6
v -0.2 0.8 20.5
v -0.1 0.8 20.5
v -7.45058e-009 0.8 20.5
v 0.1 0.8 20.5
v 0.2 0.8 20.5
v 0.4 0.8 20.5
v 0.5 0.8 20.5
v -0.4 0.8 20.4
v -0.3 0.8 20.4
v -0.2 0.8 20.4
v -0.1 0.8 20.4
v -7.45058e-009 0.8 20.4
v 0.1 0.8 20.4
v 0.2 0.8 20.4
v -0.4 0.8 20.3
v -0.3 0.8 20.3
v -0.2 0.8 20.3
v -0.1 0.8 20.3
v -1 0.8 20.2
v -0.9 0.8 20.2
v -0.8 0.8 20.2
v -0.7 0.8 20.2
v -0.3 0.8 20.2
v -0.2 0.8 20.2
v -1 0.8 20.1
v -0.9 0.8 20.1
v -0.8 0.8 20.1
v -0.7 0.8 20.1
v -0.9 0.8 20
v -0.8 0.8 20
v -7.45058e-009 0.8 19.9
v 0.1 0.8 19.9
v 0.7 0.8 19.9
v 0.8 0.8 19.9
v 0.9 0.8 19.9
v 1 0.8 19.9
v -0.2 0.8 19.8
v -0.1 0.8 19.8
v -7.45058e-009 0.8 19.8
v 0.1 0.8 19.8
v 0.5 0.8 19.8
v 0.6 0.8 19.8
v 0.7 0.8 19.8
v 0.8 0.8 19.8
v 0.9 0.8 19.8
v 1 0.8 19.8
v -0.9 0.8 19.7
v -0.8 0.8 19.7
v -0.2 0.8 19.7
v -0.1 0.8 19.7
v -7.45058e-009 0.8 19.7
v 0.1 0.8 19.7
v 0.2 0.8 19.7
v 0.3 0.8 19.7
v 0.4 0.8 19.7
v 0.5 0.8 19.7
v 0.6 0.8 19.7
v -0.9 0.8 19.6
v -0.8 0.8 19.6
v 0.2 0.8 19.6
v 0.3 0.8 19.6
v 0.4 0.8 19.6
v 0.5 0.8 19.6
v -0.5 0.9 20.5
v -0.4 0.9 20.5
v -0.3 0.9 20.5
v -0.2 0.9 20.5
v 0.6 0.9 20.5
v 0.7 0.9 20.5
v -0.5 0.9 20.4
v -0.4 0.9 20.4
v -0.3 0.9 20.4
v -0.2 0.9 20.4
v 0.6 0.9 20.4
v 0.7 0.9 20.4
v -0.5 0.9 20.3
v -0.4 0.9 20.3
v -0.3 0.9 20.3
v -0.2 0.9 20.3
v -0.1 0.9 20.3
v -0.5 0.9 20.2
v -0.4 0.9 20.2
v -0.3 0.9 20.2
v -0.2 0.9 20.2
v -0.1 0.9 20.2
v -0.7 0.9 20.1
v -0.6 0.9 20.1
v -0.4 0.9 20.1
v -0.3 0.9 20.1
v -0.2 0.9 20.1
v -0.1 0.9 20.1
v -0.7 0.9 20
v -0.6 0.9 20
v -0.8 0.9 19.7
v -0.7 0.9 19.7
v -0.3 0.9 19.7
v -0.2 0.9 19.7
v 0.1 0.9 19.7
v 0.2 0.9 19.7
v 0.3 0.9 19.7
v 0.4 0.9 19.7
v -0.8 0.9 19.6
v -0.7 0.9 19.6
v -0.3 0.9 19.6
v -0.2 0.9 19.6
v 0.1 0.9 19.6
v 0.2 0.9 19.6
v 0.3 0.9 19.6
v 0.4 0.9 19.6
v -0.1 1 20.6
v -7.45058e-009 1 20.6
v -0.4 1 20.5
v -0.3 1 20.5
v -0.1 1 20.5
v -7.45058e-009 1 20.5
v -0.4 1 20.4
v -0.3 1 20.4
v -0.1 1 20.4
v -7.45058e-009 1 20.4
v -0.1 1 20.3
v -7.45058e-009 1 20.3
v -0.5 1 20.2
v -0.4 1 20.2
v -0.3 1 20.2
v -0.2 1 20.2
v -0.1 1 20.2
v -7.45058e-009 1 20.2
v -0.5 1 20.1
v -0.4 1 20.1
v -0.3 1 20.1
v -0.2 1 20.1
v 0.7 1 20.1
v 0.8 1 20.1
v 0.7 1 20
v 0.8 1 20
v -0.4 1 19.7
v -0.3 1 19.7
v -0.2 1 19.7
v -0.1 1 19.7
v 0.2 1 19.7
v 0.3 1 19.7
v 0.4 1 19.7
v 0.5 1 19.7
v -0.4 1 19.6
v -0.3 1 19.6
v -0.2 1 19.6
v -0.1 1 19.6
v 0.2 1 19.6
v 0.3 1 19.6
v 0.4 1 19.6
v 0.5 1 19.6
v -0.2 1.1 20.6
v -0.1 1.1 20.6
v -7.45058e-009 1.1 20.6
v 0.1 1.1 20.6
v -0.5 1.1 20.5
v -0.4 1.1 20.5
v -0.3 1.1 20.5
v -0.2 1.1 20.5
v -0.1 1.1 20.5
v -7.45058e-009 1.1 20.5
v 0.1 1.1 20.5
v 0.2 1.1 20.5
v -0.5 1.1 20.4
v -0.4 1.1 20.4
v -0.3 1.1 20.4
v -0.2 1.1 20.4
v -7.45058e-009 1.1 20.4
v 0.1 1.1 20.4
v 0.2 1.1 20.4
v -0.5 1.1 20.3
v -0.4 1.1 20.3
v -0.5 1.1 20.2
v -0.4 1.1 20.2
v -0.3 1.1 20.2
v -0.2 1.1 20.2
v -0.1 1.1 20.2
v -0.4 1.1 20.1
v -0.3 1.1 20.1
v -0.2 1.1 20.1
v -0.1 1.1 20.1
v -0.1 1.2 20.6
v -7.45058e-009 1.2 20.6
v 0.1 1.2 20.6
v 0.2 1.2 20.6
v -0.4 1.2 20.5
v -0.3 1.2 20.5
v -0.1 1.2 20.5
v -7.45058e-009 1.2 20.5
v 0.1 1.2 20.5
v 0.2 1.2 20.5
v -0.5 1.2 20.4
v -0.4 1.2 20.4
v -0.3 1.2 20.4
v -0.5 1.2 20.3
v -0.4 1.2 20.3
v -0.3 1.2 20.2
v -0.2 1.2 20.2
v -0.3 1.2 20.1
v -0.2 1.2 20.1
v -7.45058e-009 1.3 20.6
v 0.1 1.3 20.6
v -7.45058e-009 1.3 20.5
v 0.1 1.3 20.5
v -0.1 0.1 20.3
v -7.45058e-009 0.1 20.3
v -0.2 0.1 20.2
v -0.1 0.1 20.2
v -7.45058e-009 0.1 20.2
v -0.2 0.1 20.1
v -0.1 0.1 20.1
v -7.45058e-009 0.3 20.2
v 0.2 0.3 20.2
v -0.1 0.3 20.1
v -7.45058e-009 0.3 20.1
v 0.2 0.3 20.1
v -0.1 0.3 20
v -7.45058e-009 0.3 20
v -0.2 0.4 20.5
v -0.1 0.4 20.5
v -0.2 0.4 20.4
v -0.1 0.4 20.4
v -7.45058e-009 0.4 20.4
v 0.1 0.4 20.4
v 0.3 0.4 20.4
v -7.45058e-009 0.4 20.3
v 0.3 0.4 20.3
v -0.1 0.4 20.2
v -7.45058e-009 0.4 20.2
v 0.2 0.4 20.2
v 0.3 0.4 20.2
v 0.2 0.4 20
v 0.3 0.4 20
v -0.1 0.5 20.6
v -7.45058e-009 0.5 20.6
v -0.1 0.5 20.5
v -7.45058e-009 0.5 20.5
v 0.1 0.5 20.5
v 0.3 0.5 20.5
v 0.4 0.5 20.5
v -7.45058e-009 0.5 20.4
v 0.1 0.5 20.4
v 0.3 0.5 20.4
v 0.4 0.5 20.4
v 0.5 0.5 20.4
v 0.3 0.5 20.3
v 0.5 0.5 20.3
v 0.6 0.5 20.3
v 0.5 0.5 20.2
v 0.6 0.5 20.2
v 0.2 0.5 20
v 0.4 0.5 20
v 0.2 0.5 19.9
v 0.3 0.5 19.9
v 0.4 0.5 19.9
v 0.4 0.5 19.8
v 0.5 0.5 19.8
v 0.6 0.5 19.8
v 0.4 0.5 19.7
v 0.5 0.5 19.7
v 0.6 0.5 19.7
v -0.2 0.6 20.6
v -0.1 0.6 20.6
v -0.2 0.6 20.5
v -0.1 0.6 20.5
v -7.45058e-009 0.6 20.5
v 0.6 0.6 20.5
v 0.7 0.6 20.5
v -0.2 0.6 20.4
v -0.1 0.6 20.4
v -7.45058e-009 0.6 20.4
v 0.5 0.6 20.4
v 0.6 0.6 20.4
v 0.7 0.6 20.4
v 0.8 0.6 20.4
v 0.5 0.6 20.3
v 0.6 0.6 20.3
v 0.7 0.6 20.3
v 0.8 0.6 20.3
v -0.3 0.6 20.2
v -0.1 0.6 20.2
v 0.7 0.6 20.2
v 0.8 0.6 20.2
v -0.3 0.6 20.1
v -0.1 0.6 20.1
v -7.45058e-009 0.6 20.1
v 0.7 0.6 20.1
v 0.8 0.6 20.1
v -0.1 0.6 20
v -7.45058e-009 0.6 20
v 0.4 0.6 20
v 0.5 0.6 20
v -0.4 0.6 19.9
v -0.3 0.6 19.9
v -0.2 0.6 19.9
v -0.1 0.6 19.9
v -7.45058e-009 0.6 19.9
v 0.3 0.6 19.9
v 0.4 0.6 19.9
v 0.5 0.6 19.9
v 0.6 0.6 19.9
v 0.8 0.6 19.9
v 0.9 0.6 19.9
v -0.4 0.6 19.8
v -0.3 0.6 19.8
v -0.2 0.6 19.8
v -0.1 0.6 19.8
v -7.45058e-009 0.6 19.8
v 0.3 0.6 19.8
v 0.4 0.6 19.8
v 0.5 0.6 19.8
v 0.6 0.6 19.8
v 0.8 0.6 19.8
v 0.9 0.6 19.8
v -0.3 0.6 19.7
v -0.2 0.6 19.7
v -0.3 0.7 20.6
v -0.2 0.7 20.6
v -0.3 0.7 20.5
v -0.2 0.7 20.5
v -0.3 0.7 20.4
v -0.2 0.7 20.4
v -0.6 0.7 20.3
v -0.5 0.7 20.3
v -0.4 0.7 20.3
v -0.3 0.7 20.3
v -0.8 0.7 20.2
v -0.7 0.7 20.2
v -0.6 0.7 20.2
v -0.5 0.7 20.2
v -0.4 0.7 20.2
v -0.3 0.7 20.2
v -0.8 0.7 20.1
v -0.7 0.7 20.1
v -0.6 0.7 20.1
v -0.5 0.7 20.1
v -0.4 0.7 20.1
v 0.9 0.7 20.1
v 1 0.7 20.1
v -0.6 0.7 20
v -0.5 0.7 20
v 0.9 0.7 20
v 1 0.7 20
v -0.3 0.7 19.9
v -0.2 0.7 19.9
v 0.7 0.7 19.9
v 0.8 0.7 19.9
v 0.9 0.7 19.9
v 1 0.7 19.9
v -0.3 0.7 19.8
v -0.2 0.7 19.8
v 0.7 0.7 19.8
v 0.8 0.7 19.8
v 0.9 0.7 19.8
v 1 0.7 19.8
v -0.9 0.7 19.7
v -0.8 0.7 19.7
v 0.4 0.7 19.7
v 0.5 0.7 19.7
v -0.9 0.7 19.6
v -0.8 0.7 19.6
v 0.4 0.7 19.6
v 0.5 0.7 19.6
v 0.6 0.8 20.6
v 0.7 0.8 20.6
v 0.5 0.8 20.5
v 0.6 0.8 20.5
v 0.7 0.8 20.5
v 0.4 0.8 20.4
v 0.5 0.8 20.4
v 0.6 0.8 20.4
v 0.7 0.8 20.4
v 0.8 0.8 20.4
v 0.9 0.8 20.4
v -0.7 0.8 20.3
v -0.6 0.8 20.3
v -0.1 0.8 20.3
v -7.45058e-009 0.8 20.3
v 0.4 0.8 20.3
v 0.5 0.8 20.3
v 0.7 0.8 20.3
v 0.8 0.8 20.3
v 0.9 0.8 20.3
v -0.7 0.8 20.2
v -0.6 0.8 20.2
v -0.4 0.8 20.2
v -0.3 0.8 20.2
v -0.1 0.8 20.2
v -7.45058e-009 0.8 20.2
v 0.8 0.8 20.2
v 0.9 0.8 20.2
v -0.7 0.8 20.1
v -0.6 0.8 20.1
v -0.4 0.8 20.1
v -0.3 0.8 20.1
v 0.8 0.8 20.1
v 0.9 0.8 20.1
v -0.7 0.8 20
v -0.6 0.8 20
v -0.1 0.8 20
v -7.45058e-009 0.8 20
v -0.1 0.8 19.9
v -7.45058e-009 0.8 19.9
v 0.8 0.8 19.9
v 0.9 0.8 19.9
v 0.8 0.8 19.8
v 0.9 0.8 19.8
v -1 0.8 19.7
v -0.9 0.8 19.7
v -0.8 0.8 19.7
v -0.7 0.8 19.7
v -0.3 0.8 19.7
v -0.2 0.8 19.7
v 0.1 0.8 19.7
v 0.2 0.8 19.7
v 0.3 0.8 19.7
v 0.4 0.8 19.7
v -1 0.8 19.6
v -0.9 0.8 19.6
v -0.8 0.8 19.6
v -0.7 0.8 19.6
v -0.3 0.8 19.6
v -0.2 0.8 19.6
v 0.1 0.8 19.6
v 0.2 0.8 19.6
v 0.3 0.8 19.6
v 0.4 0.8 19.6
v -0.1 0.9 20.6
v -7.45058e-009 0.9 20.6
v 0.1 0.9 20.6
v 0.5 0.9 20.6
v 0.6 0.9 20.6
v -0.1 0.9 20.5
v -7.45058e-009 0.9 20.5
v 0.1 0.9 20.5
v 0.2 0.9 20.5
v 0.5 0.9 20.5
v 0.6 0.9 20.5
v 0.7 0.9 20.5
v 0.8 0.9 20.5
v -0.1 0.9 20.4
v -7.45058e-009 0.9 20.4
v 0.1 0.9 20.4
v 0.2 0.9 20.4
v 0.3 0.9 20.4
v 0.7 0.9 20.4
v 0.8 0.9 20.4
v -0.1 0.9 20.3
v -7.45058e-009 0.9 20.3
v 0.1 0.9 20.3
v 0.2 0.9 20.3
v 0.3 0.9 20.3
v 0.4 0.9 20.3
v -1 0.9 20.2
v -0.9 0.9 20.2
v -0.1 0.9 20.2
v -7.45058e-009 0.9 20.2
v 0.1 0.9 20.2
v 0.2 0.9 20.2
v 0.3 0.9 20.2
v 0.4 0.9 20.2
v 0.9 0.9 20.2
v 1 0.9 20.2
v -1 0.9 20.1
v -0.9 0.9 20.1
v -0.8 0.9 20.1
v -0.1 0.9 20.1
v -7.45058e-009 0.9 20.1
v 0.1 0.9 20.1
v 0.2 0.9 20.1
v 0.3 0.9 20.1
v 0.7 0.9 20.1
v 0.8 0.9 20.1
v 0.9 0.9 20.1
v 1 0.9 20.1
v -1 0.9 20
v -0.9 0.9 20
v -0.8 0.9 20
v -0.7 0.9 20
v 0.1 0.9 20
v 0.2 0.9 20
v 0.7 0.9 20
v 0.8 0.9 20
v 0.9 0.9 20
v 1 0.9 20
v -1 0.9 19.9
v -0.9 0.9 19.9
v -0.8 0.9 19.9
v -0.7 0.9 19.9
v -0.6 0.9 19.9
v -7.45058e-009 0.9 19.9
v 0.1 0.9 19.9
v 0.7 0.9 19.9
v 0.8 0.9 19.9
v 0.9 0.9 19.9
v -0.9 0.9 19.8
v -0.8 0.9 19.8
v -0.7 0.9 19.8
v -0.6 0.9 19.8
v -7.45058e-009 0.9 19.8
v 0.1 0.9 19.8
v 0.7 0.9 19.8
v 0.8 0.9 19.8
v 0.9 0.9 19.8
v 1 0.9 19.8
v -0.9 0.9 19.7
v -0.8 0.9 19.7
v -0.7 0.9 19.7
v -0.6 0.9 19.7
v -0.4 0.9 19.7
v -0.3 0.9 19.7
v -0.2 0.9 19.7
v -0.1 0.9 19.7
v 0.2 0.9 19.7
v 0.3 0.9 19.7
v 0.4 0.9 19.7
v 0.5 0.9 19.7
v -0.9 0.9 19.6
v -0.8 0.9 19.6
v -0.7 0.9 19.6
v -0.6 0.9 19.6
v -0.4 0.9 19.6
v -0.3 0.9 19.6
v -0.2 0.9 19.6
v -0.1 0.9 19.6
v 0.2 0.9 19.6
v 0.3 0.9 19.6
v 0.4 0.9 19.6
v 0.5 0.9 19.6
v 0.4 1 20.6
v 0.5 1 20.6
v -0.5 1 20.5
v -0.4 1 20.5
v -0.3 1 20.5
v -0.2 1 20.5
v -7.45058e-009 1 20.5
v 0.1 1 20.5
v 0.4 1 20.5
v 0.5 1 20.5
v 0.6 1 20.5
v 0.7 1 20.5
v -0.5 1 20.4
v -0.4 1 20.4
v -0.3 1 20.4
v -0.2 1 20.4
v -7.45058e-009 1 20.4
v 0.1 1 20.4
v 0.2 1 20.4
v 0.3 1 20.4
v 0.4 1 20.4
v 0.5 1 20.4
v 0.6 1 20.4
v 0.7 1 20.4
v -0.8 1 20.3
v -0.7 1 20.3
v -0.5 1 20.3
v -0.4 1 20.3
v -7.45058e-009 1 20.3
v 0.1 1 20.3
v 0.2 1 20.3
v 0.3 1 20.3
v 0.4 1 20.3
v 0.5 1 20.3
v 0.6 1 20.3
v -0.9 1 20.2
v -0.8 1 20.2
v -0.7 1 20.2
v -0.6 1 20.2
v -0.5 1 20.2
v -0.4 1 20.2
v -0.3 1 20.2
v -0.2 1 20.2
v -0.1 1 20.2
v -7.45058e-009 1 20.2
v 0.1 1 20.2
v 0.2 1 20.2
v 0.3 1 20.2
v 0.4 1 20.2
v 0.7 1 20.2
v 0.8 1 20.2
v -0.9 1 20.1
v -0.8 1 20.1
v -0.7 1 20.1
v -0.6 1 20.1
v -0.4 1 20.1
v -0.3 1 20.1
v -0.2 1 20.1
v -0.1 1 20.1
v -7.45058e-009 1 20.1
v 0.1 1 20.1
v 0.2 1 20.1
v 0.3 1 20.1
v 0.4 1 20.1
v 0.7 1 20.1
v 0.8 1 20.1
v -0.9 1 20
v -0.8 1 20
v -0.7 1 20
v -0.6 1 20
v -7.45058e-009 1 20
v 0.1 1 20
v 0.2 1 20
v 0.3 1 20
v -1 1 19.9
v -0.9 1 19.9
v -0.8 1 19.9
v -0.7 1 19.9
v -0.6 1 19.9
v -0.1 1 19.9
v -7.45058e-009 1 19.9
v 0.6 1 19.9
v 0.7 1 19.9
v -1 1 19.8
v -0.9 1 19.8
v -0.8 1 19.8
v -0.7 1 19.8
v -0.6 1 19.8
v -0.2 1 19.8
v -0.1 1 19.8
v -7.45058e-009 1 19.8
v 0.1 1 19.8
v 0.6 1 19.8
v 0.7 1 19.8
v -1 1 19.7
v -0.8 1 19.7
v -0.7 1 19.7
v -0.6 1 19.7
v -0.3 1 19.7
v -0.2 1 19.7
v -0.1 1 19.7
v -7.45058e-009 1 19.7
v 0.1 1 19.7
v 0.2 1 19.7
v 0.3 1 19.7
v 0.4 1 19.7
v -0.8 1 19.6
v -0.7 1 19.6
v -0.3 1 19.6
v -0.2 1 19.6
v -0.1 1 19.6
v -7.45058e-009 1 19.6
v 0.1 1 19.6
v 0.2 1 19.6
v 0.3 1 19.6
v 0.4 1 19.6
v -0.1 1.1 20.6
v -7.45058e-009 1.1 20.6
v -0.4 1.1 20.5
v -0.3 1.1 20.5
v -0.1 1.1 20.5
v -7.45058e-009 1.1 20.5
v -0.5 1.1 20.4
v -0.4 1.1 20.4
v -0.3 1.1 20.4
v -7.45058e-009 1.1 20.4
v 0.1 1.1 20.4
v 0.6 1.1 20.4
v 0.7 1.1 20.4
v -0.5 1.1 20.3
v -0.4 1.1 20.3
v -0.1 1.1 20.3
v -7.45058e-009 1.1 20.3
v 0.1 1.1 20.3
v 0.4 1.1 20.3
v 0.5 1.1 20.3
v 0.6 1.1 20.3
v 0.7 1.1 20.3
v 0.8 1.1 20.3
v -0.8 1.1 20.2
v -0.7 1.1 20.2
v -0.5 1.1 20.2
v -0.4 1.1 20.2
v -0.3 1.1 20.2
v -0.2 1.1 20.2
v -0.1 1.1 20.2
v -7.45058e-009 1.1 20.2
v 0.4 1.1 20.2
v 0.5 1.1 20.2
v 0.6 1.1 20.2
v 0.7 1.1 20.2
v 0.8 1.1 20.2
v -0.8 1.1 20.1
v -0.7 1.1 20.1
v -0.5 1.1 20.1
v -0.4 1.1 20.1
v -0.3 1.1 20.1
v -0.2 1.1 20.1
v 0.3 1.1 20.1
v 0.4 1.1 20.1
v 0.5 1.1 20.1
v 0.6 1.1 20.1
v 0.7 1.1 20.1
v 0.8 1.1 20.1
v 0.1 1.1 20
v 0.3 1.1 20
v 0.4 1.1 20
v 0.5 1.1 20
v 0.6 1.1 20
v 0.7 1.1 20
v 0.1 1.1 19.9
v 0.2 1.1 19.9
v 0.3 1.1 19.9
v 0.4 1.1 19.9
v 0.5 1.1 19.9
v 0.6 1.1 19.9
v 0.7 1.1 19.9
v 0.8 1.1 19.9
v -0.1 1.1 19.8
v -7.45058e-009 1.1 19.8
v 0.2 1.1 19.8
v 0.3 1.1 19.8
v 0.4 1.1 19.8
v 0.5 1.1 19.8
v 0.6 1.1 19.8
v -0.4 1.1 19.7
v -0.3 1.1 19.7
v -0.2 1.1 19.7
v -0.1 1.1 19.7
v -7.45058e-009 1.1 19.7
v 0.1 1.1 19.7
v 0.2 1.1 19.7
v 0.3 1.1 19.7
v 0.4 1.1 19.7
v 0.5 1.1 19.7
v 0.6 1.1 19.7
v -0.4 1.1 19.6
v -0.3 1.1 19.6
v -0.2 1.1 19.6
v -0.1 1.1 19.6
v 0.2 1.1 19.6
v 0.3 1.1 19.6
v 0.4 1.1 19.6
v 0.5 1.1 19.6
v -0.2 1.2 20.6
v -0.1 1.2 20.6
v -7.45058e-009 1.2 20.6
v 0.1 1.2 20.6
v -0.5 1.2 20.5
v -0.4 1.2 20.5
v -0.3 1.2 20.5
v -0.2 1.2 20.5
v -0.1 1.2 20.5
v -7.45058e-009 1.2 20.5
v 0.1 1.2 20.5
v -0.5 1.2 20.4
v -0.4 1.2 20.4
v -0.3 1.2 20.4
v -0.2 1.2 20.4
v -0.5 1.2 20.3
v -0.4 1.2 20.3
v -0.3 1.2 20.3
v -0.2 1.2 20.3
v 0.6 1.2 20.3
v 0.7 1.2 20.3
v -0.5 1.2 20.2
v -0.4 1.2 20.2
v -0.3 1.2 20.2
v -0.2 1.2 20.2
v -0.1 1.2 20.2
v 0.5 1.2 20.2
v 0.6 1.2 20.2
v 0.7 1.2 20.2
v -0.4 1.2 20.1
v -0.3 1.2 20.1
v -0.2 1.2 20.1
v -0.1 1.2 20.1
v 0.5 1.2 20.1
v 0.6 1.2 20.1
v 0.7 1.2 20.1
v 0.3 1.2 20
v 0.4 1.2 20
v 0.5 1.2 20
v 0.6 1.2 20
v 0.7 1.2 20
v 0.2 1.2 19.9
v 0.3 1.2 19.9
v 0.4 1.2 19.9
v 0.5 1.2 19.9
v 0.6 1.2 19.9
v 0.2 1.2 19.8
v 0.3 1.2 19.8
v 0.4 1.2 19.8
v 0.5 1.2 19.8
v 0.2 1.2 19.7
v 0.3 1.2 19.7
v 0.4 1.2 19.7
v -0.1 1.3 20.6
v -7.45058e-009 1.3 20.6
v 0.1 1.3 20.6
v 0.2 1.3 20.6
v -0.4 1.3 20.5
v -0.3 1.3 20.5
v -0.2 1.3 20.5
v -0.1 1.3 20.5
v -7.45058e-009 1.3 20.5
v 0.1 1.3 20.5
v 0.2 1.3 20.5
v -0.5 1.3 20.4
v -0.4 1.3 20.4
v -0.3 1.3 20.4
v -0.2 1.3 20.4
v -0.1 1.3 20.4
v -7.45058e-009 1.3 20.4
v -0.5 1.3 20.3
v -0.4 1.3 20.3
v -0.3 1.3 20.3
v -0.2 1.3 20.3
v -0.1 1.3 20.3
v -0.4 1.3 20.2
v -0.3 1.3 20.2
v -0.2 1.3 20.2
v -0.1 1.3 20.2
v -0.3 1.3 20.1
v -0.2 1.3 20.1
v -7.45058e-009 1.4 20.6
v 0.1 1.4 20.6
v -7.45058e-009 1.4 20.5
v 0.1 1.4 20.5
v 0.2 1.4 20.5
v -0.2 1.4 20.4
v -0.1 1.4 20.4
v -7.45058e-009 1.4 20.4
v 0.1 1.4 20.4
v 0.2 1.4 20.4
v -0.2 1.4 20.3
v -0.1 1.4 20.3
v -7.45058e-009 1.4 20.3

# faces
f 5/2/1 2/2/1 1/2/1
f 6/6/1 3/6/1 2/6/1
f 6/2/1 2/2/1 5/2/1
f 7/6/1 3/6/1 6/6/1
f 11/2/1 5/2/1 4/2/1
f 12/6/1 6/6/1 5/6/1
f 12/2/1 5/2/1 11/2/1
f 13/1/1 7/1/1 6/1/1
f 13/6/1 6/6/1 12/6/1
f 14/2/1 8/2/1 7/2/1
f 14/1/1 7/1/1 13/1/1
f 15/2/1 8/2/1 14/2/1
f 16/8/1 10/8/1 9/8/1
f 17/8/1 10/8/1 16/8/1
f 18/4/1 12/4/1 11/4/1
f 19/2/1 13/2/1 12/2/1
f 19/4/1 12/4/1 18/4/1
f 20/6/1 14/6/1 13/6/1
f 20/2/1 13/2/1 19/2/1
f 21/6/1 14/6/1 20/6/1
f 22/2/1 20/2/1 19/2/1
f 23/8/1 21/8/1 20/8/1
f 23/2/1 20/2/1 22/2/1
f 24/8/1 21/8/1 23/8/1
f 29/6/1 26/6/1 25/6/1
f 30/6/1 26/6/1 29/6/1
f 31/8/1 28/8/1 27/8/1
f 32/8/1 28/8/1 31/8/1
f 38/1/1 34/1/1 33/1/1
f 39/1/1 34/1/1 38/1/1
f 41/2/1 36/2/1 35/2/1
f 42/2/1 36/2/1 41/2/1
f 43/3/1 38/3/1 37/3/1
f 44/3/1 38/3/1 43/3/1
f 45/3/1 40/3/1 39/3/1
f 46/3/1 40/3/1 45/3/1
f 50/6/1 48/6/1 47/6/1
f 51/6/1 48/6/1 50/6/1
f 55/8/1 50/8/1 49/8/1
f 56/8/1 50/8/1 55/8/1
f 57/1/1 52/1/1 51/1/1
f 58/1/1 52/1/1 57/1/1
f 59/7/1 54/7/1 53/7/1
f 60/7/1 54/7/1 59/7/1
f 61/5/1 56/5/1 55/5/1
f 62/5/1 56/5/1 61/5/1
f 69/2/1 62/2/1 61/2/1
f 70/2/1 62/2/1 69/2/1
f 71/2/1 64/2/1 63/2/1
f 72/2/1 64/2/1 71/2/1
f 73/1/1 66/1/1 65/1/1
f 74/1/1 66/1/1 73/1/1
f 75/4/1 68/4/1 67/4/1
f 76/4/1 68/4/1 75/4/1
f 77/3/1 71/3/1 70/3/1
f 78/3/1 71/3/1 77/3/1
f 81/6/1 80/6/1 79/6/1
f 82/6/1 80/6/1 81/6/1
f 84/4/1 83/4/1 82/4/1
f 85/4/1 83/4/1 84/4/1
f 91/5/1 87/5/1 86/5/1
f 92/5/1 87/5/1 91/5/1
f 93/6/1 89/6/1 88/6/1
f 94/6/1 89/6/1 93/6/1
f 95/4/1 91/4/1 90/4/1
f 96/4/1 91/4/1 95/4/1
f 99/6/1 98/6/1 97/6/1
f 100/6/1 98/6/1 99/6/1
f 105/5/1 102/5/1 101/5/1
f 106/7/1 103/7/1 102/7/1
f 106/5/1 102/5/1 105/5/1
f 107/6/1 104/6/1 103/6/1
f 107/7/1 103/7/1 106/7/1
f 108/6/1 104/6/1 107/6/1
f 111/8/1 107/8/1 106/8/1
f 112/8/1 107/8/1 111/8/1
f 113/3/1 109/3/1 108/3/1
f 114/3/1 109/3/1 113/3/1
f 115/7/1 111/7/1 110/7/1
f 116/7/1 111/7/1 115/7/1
f 117/8/1 113/8/1 112/8/1
f 118/8/1 113/8/1 117/8/1
f 119/8/1 117/8/1 116/8/1
f 120/8/1 117/8/1 119/8/1
f 126/9/1 122/9/1 121/9/1
f 127/9/1 122/9/1 126/9/1
f 128/7/1 124/7/1 123/7/1
f 129/7/1 124/7/1 128/7/1
f 130/8/1 126/8/1 125/8/1
f 131/8/1 126/8/1 130/8/1
f 137/2/1 132/2/1 131/2/1
f 138/2/1 132/2/1 137/2/1
f 139/1/1 134/1/1 133/1/1
f 140/1/1 134/1/1 139/1/1
f 141/7/1 136/7/1 135/7/1
f 142/7/1 136/7/1 141/7/1
f 145/4/1 140/4/1 139/4/1
f 146/4/1 140/4/1 145/4/1
f 150/6/1 144/6/1 143/6/1
f 151/6/1 144/6/1 150/6/1
f 154/3/1 148/3/1 147/3/1
f 155/3/1 148/3/1 154/3/1
f 156/6/1 150/6/1 149/6/1
f 157/6/1 150/6/1 156/6/1
f 159/7/1 153/7/1 152/7/1
f 160/7/1 153/7/1 159/7/1
f 162/8/1 156/8/1 155/8/1
f 163/8/1 156/8/1 162/8/1
f 164/1/1 158/1/1 157/1/1
f 165/1/1 158/1/1 164/1/1
f 166/4/1 162/4/1 161/4/1
f 167/4/1 162/4/1 166/4/1
f 168/1/1 164/1/1 163/1/1
f 169/1/1 164/1/1 168/1/1
f 175/4/1 171/4/1 170/4/1
f 176/4/1 171/4/1 175/4/1
f 178/8/1 173/8/1 172/8/1
f 179/8/1 173/8/1 178/8/1
f 180/7/1 175/7/1 174/7/1
f 181/5/1 176/5/1 175/5/1
f 181/7/1 175/7/1 180/7/1
f 182/5/1 176/5/1 181/5/1
f 183/8/1 178/8/1 177/8/1
f 184/8/1 178/8/1 183/8/1
f 189/3/1 186/3/1 185/3/1
f 190/3/1 186/3/1 189/3/1
f 193/7/1 188/7/1 187/7/1
f 194/7/1 188/7/1 193/7/1
f 197/4/1 192/4/1 191/4/1
f 198/4/1 192/4/1 197/4/1
f 201/2/1 196/2/1 195/2/1
f 202/2/1 196/2/1 201/2/1
f 203/2/1 200/2/1 199/2/1
f 204/2/1 200/2/1 203/2/1
f 207/5/1 206/5/1 205/5/1
f 208/5/1 206/5/1 207/5/1
f 211/9/1 210/9/1 209/9/1
f 212/9/1 210/9/1 211/9/1
f 215/5/1 214/5/1 213/5/1
f 216/5/1 214/5/1 215/5/1
f 219/2/1 218/2/1 217/2/1
f 220/2/1 218/2/1 219/2/1
f 226/3/1 222/3/1 221/3/1
f 227/3/1 222/3/1 226/3/1
f 230/3/1 224/3/1 223/3/1
f 231/1/1 225/1/1 224/1/1
f 231/3/1 224/3/1 230/3/1
f 232/1/1 225/1/1 231/1/1
f 235/3/1 229/3/1 228/3/1
f 236/3/1 229/3/1 235/3/1
f 237/1/1 231/1/1 230/1/1
f 238/1/1 231/1/1 237/1/1
f 241/8/1 234/8/1 233/8/1
f 242/8/1 234/8/1 241/8/1
f 245/5/1 239/5/1 238/5/1
f 246/5/1 239/5/1 245/5/1
f 247/3/1 241/3/1 240/3/1
f 248/3/1 241/3/1 247/3/1
f 251/2/1 244/2/1 243/2/1
f 252/2/1 244/2/1 251/2/1
f 253/1/1 249/1/1 248/1/1
f 254/1/1 249/1/1 253/1/1
f 255/2/1 251/2/1 250/2/1
f 256/2/1 251/2/1 255/2/1
f 257/7/1 255/7/1 254/7/1
f 258/7/1 255/7/1 257/7/1
f 263/9/1 260/9/1 259/9/1
f 264/9/1 260/9/1 263/9/1
f 265/9/1 262/9/1 261/9/1
f 267/9/1 265/9/1 264/9/1
f 268/9/1 262/9/1 265/9/1
f 268/9/1 265/9/1 267/9/1
f 269/9/1 262/9/1 268/9/1
f 272/9/1 267/9/1 266/9/1
f 272/9/1 268/9/1 267/9/1
f 273/9/1 268/9/1 272/9/1
f 274/4/1 271/4/1 270/4/1
f 275/9/1 272/9/1 271/9/1
f 275/4/1 271/4/1 274/4/1
f 276/9/1 272/9/1 275/9/1
f 277/9/1 268/9/1 273/9/1
f 278/9/1 268/9/1 277/9/1
f 281/9/1 279/9/1 278/9/1
f 282/9/1 279/9/1 281/9/1
f 283/9/1 279/9/1 282/9/1
f 285/9/1 281/9/1 280/9/1
f 286/9/1 283/9/1 282/9/1
f 290/9/1 285/9/1 284/9/1
f 291/9/1 285/9/1 290/9/1
f 292/9/1 281/9/1 285/9/1
f 292/9/1 285/9/1 291/9/1
f 293/9/1 281/9/1 292/9/1
f 294/9/1 286/9/1 282/9/1
f 294/9/1 287/9/1 286/9/1
f 295/9/1 287/9/1 294/9/1
f 296/9/1 287/9/1 295/9/1
f 297/3/1 289/3/1 288/3/1
f 298/3/1 289/3/1 297/3/1
f 299/7/1 293/7/1 292/7/1
f 300/7/1 293/7/1 299/7/1
f 301/9/1 296/9/1 295/9/1
f 302/9/1 296/9/1 301/9/1
f 307/3/1 302/3/1 301/3/1
f 308/3/1 302/3/1 307/3/1
f 309/7/1 304/7/1 303/7/1
f 310/7/1 304/7/1 309/7/1
f 311/7/1 306/7/1 305/7/1
f 312/7/1 306/7/1 311/7/1
f 313/1/1 309/1/1 308/1/1
f 314/1/1 309/1/1 313/1/1
f 317/4/1 316/4/1 315/4/1
f 318/4/1 316/4/1 317/4/1
f 324/5/1 320/5/1 319/5/1
f 325/2/1 321/2/1 320/2/1
f 325/5/1 320/5/1 324/5/1
f 326/2/1 321/2/1 325/2/1
f 329/5/1 323/5/1 322/5/1
f 330/5/1 323/5/1 329/5/1
f 332/5/1 328/5/1 327/5/1
f 333/5/1 328/5/1 332/5/1
f 334/4/1 330/4/1 329/4/1
f 335/4/1 330/4/1 334/4/1
f 336/6/1 332/6/1 331/6/1
f 337/4/1 333/4/1 332/4/1
f 337/6/1 332/6/1 336/6/1
f 338/4/1 333/4/1 337/4/1
f 339/3/1 335/3/1 334/3/1
f 340/3/1 335/3/1 339/3/1
f 343/1/1 342/1/1 341/1/1
f 344/1/1 342/1/1 343/1/1
f 348/1/1 346/1/1 345/1/1
f 349/8/1 347/8/1 346/8/1
f 349/1/1 346/1/1 348/1/1
f 350/8/1 347/8/1 349/8/1
f 356/6/1 352/6/1 351/6/1
f 357/3/1 353/3/1 352/3/1
f 357/6/1 352/6/1 356/6/1
f 358/7/1 354/7/1 353/7/1
f 358/3/1 353/3/1 357/3/1
f 359/2/1 355/2/1 354/2/1
f 359/7/1 354/7/1 358/7/1
f 360/2/1 355/2/1 359/2/1
f 363/1/1 357/1/1 356/1/1
f 364/1/1 357/1/1 363/1/1
f 368/3/1 362/3/1 361/3/1
f 369/3/1 362/3/1 368/3/1
f 370/2/1 364/2/1 363/2/1
f 371/5/1 365/5/1 364/5/1
f 371/2/1 364/2/1 370/2/1
f 372/5/1 365/5/1 371/5/1
f 373/6/1 367/6/1 366/6/1
f 374/6/1 367/6/1 373/6/1
f 375/7/1 371/7/1 370/7/1
f 376/8/1 372/8/1 371/8/1
f 376/7/1 371/7/1 375/7/1
f 376/8/1 373/8/1 372/8/1
f 377/8/1 373/8/1 376/8/1
f 380/7/1 379/7/1 378/7/1
f 381/7/1 379/7/1 380/7/1
f 385/9/1 383/9/1 382/9/1
f 385/9/1 384/9/1 383/9/1
f 386/9/1 384/9/1 385/9/1
f 387/9/1 384/9/1 386/9/1
f 388/9/1 384/9/1 387/9/1
f 395/1/1 390/1/1 389/1/1
f 396/1/1 390/1/1 395/1/1
f 397/1/1 392/1/1 391/1/1
f 398/1/1 392/1/1 397/1/1
f 399/1/1 394/1/1 393/1/1
f 400/1/1 394/1/1 399/1/1
f 405/3/1 402/3/1 401/3/1
f 406/3/1 402/3/1 405/3/1
f 407/7/1 404/7/1 403/7/1
f 408/2/1 405/2/1 404/2/1
f 408/7/1 404/7/1 407/7/1
f 409/2/1 405/2/1 408/2/1
f 415/3/1 411/3/1 410/3/1
f 416/9/1 412/9/1 411/9/1
f 416/3/1 411/3/1 415/3/1
f 417/9/1 412/9/1 416/9/1
f 418/9/1 414/9/1 413/9/1
f 419/9/1 414/9/1 418/9/1
f 420/6/1 419/6/1 418/6/1
f 421/6/1 419/6/1 420/6/1
f 424/1/1 423/1/1 422/1/1
f 425/1/1 423/1/1 424/1/1
f 432/4/1 427/4/1 426/4/1
f 433/4/1 427/4/1 432/4/1
f 434/6/1 429/6/1 428/6/1
f 435/6/1 429/6/1 434/6/1
f 437/7/1 431/7/1 430/7/1
f 438/7/1 431/7/1 437/7/1
f 439/4/1 436/4/1 435/4/1
f 440/4/1 436/4/1 439/4/1
f 442/1/1 441/1/1 440/1/1
f 443/1/1 441/1/1 442/1/1
f 448/9/1 445/9/1 444/9/1
f 449/9/1 445/9/1 448/9/1
f 450/9/1 445/9/1 449/9/1
f 451/1/1 447/1/1 446/1/1
f 452/1/1 447/1/1 451/1/1
f 454/5/1 450/5/1 449/5/1
f 455/5/1 450/5/1 454/5/1
f 456/5/1 453/5/1 452/5/1
f 457/5/1 453/5/1 456/5/1
f 458/6/1 455/6/1 454/6/1
f 459/6/1 455/6/1 458/6/1
f 464/6/1 461/6/1 460/6/1
f 465/6/1 461/6/1 464/6/1
f 468/6/1 463/6/1 462/6/1
f 469/6/1 463/6/1 468/6/1
f 470/2/1 465/2/1 464/2/1
f 471/2/1 465/2/1 470/2/1
f 472/7/1 467/7/1 466/7/1
f 473/7/1 467/7/1 472/7/1
f 477/6/1 473/6/1 472/6/1
f 478/2/1 474/2/1 473/2/1
f 478/6/1 473/6/1 477/6/1
f 479/2/1 474/2/1 478/2/1
f 482/1/1 476/1/1 475/1/1
f 483/1/1 476/1/1 482/1/1
f 484/6/1 481/6/1 480/6/1
f 485/6/1 481/6/1 484/6/1
f 489/8/1 487/8/1 486/8/1
f 490/8/1 487/8/1 489/8/1
f 491/8/1 489/8/1 488/8/1
f 492/8/1 489/8/1 491/8/1
f 496/6/1 494/6/1 493/6/1
f 497/8/1 495/8/1 494/8/1
f 497/6/1 494/6/1 496/6/1
f 498/8/1 495/8/1 497/8/1
f 500/7/1 499/7/1 498/7/1
f 501/7/1 499/7/1 500/7/1
f 502/5/1 501/5/1 500/5/1
f 503/5/1 501/5/1 502/5/1
f 508/5/1 505/5/1 504/5/1
f 509/5/1 505/5/1 508/5/1
f 510/7/1 507/7/1 506/7/1
f 511/7/1 507/7/1 510/7/1
f 514/5/1 513/5/1 512/5/1
f 515/5/1 513/5/1 514/5/1
f 517/1/1 516/1/1 515/1/1
f 518/1/1 516/1/1 517/1/1
f 521/7/1 520/7/1 519/7/1
f 522/7/1 520/7/1 521/7/1
f 524/8/1 523/8/1 522/8/1
f 525/8/1 523/8/1 524/8/1
f 529/8/1 526/8/1 525/8/1
f 530/8/1 526/8/1 529/8/1
f 531/4/1 528/4/1 527/4/1
f 532/4/1 528/4/1 531/4/1
f 538/1/1 534/1/1 533/1/1
f 539/1/1 534/1/1 538/1/1
f 540/2/1 536/2/1 535/2/1
f 541/7/1 537/7/1 536/7/1
f 541/2/1 536/2/1 540/2/1
f 542/5/1 541/5/1 540/5/1
f 543/7/1 537/7/1 541/7/1
f 543/5/1 541/5/1 542/5/1
f 544/7/1 537/7/1 543/7/1
f 547/5/1 546/5/1 545/5/1
f 548/5/1 546/5/1 547/5/1
f 552/7/1 550/7/1 549/7/1
f 553/7/1 550/7/1 552/7/1
f 554/7/1 552/7/1 551/7/1
f 554/7/1 553/7/1 552/7/1
f 555/7/1 553/7/1 554/7/1
f 558/6/1 557/6/1 556/6/1
f 559/6/1 557/6/1 558/6/1
f 562/1/1 561/1/1 560/1/1
f 563/1/1 561/1/1 562/1/1
f 568/3/1 565/3/1 564/3/1
f 569/3/1 565/3/1 568/3/1
f 570/1/1 567/1/1 566/1/1
f 571/1/1 567/1/1 570/1/1
f 572/2/2 573/2/2 574/2/2
f 574/2/2 573/2/2 575/2/2
f 576/2/2 577/2/2 578/2/2
f 578/2/2 577/2/2 579/2/2
f 580/8/2 581/8/2 582/8/2
f 582/8/2 581/8/2 583/8/2
f 584/2/2 585/2/2 589/2/2
f 589/2/2 585/2/2 590/2/2
f 586/3/2 587/3/2 591/3/2
f 591/3/2 587/3/2 592/3/2
f 588/8/2 589/8/2 593/8/2
f 593/8/2 589/8/2 594/8/2
f 595/5/2 596/5/2 599/5/2
f 599/5/2 596/5/2 600/5/2
f 597/4/2 598/4/2 601/4/2
f 601/4/2 598/4/2 602/4/2
f 599/2/2 600/2/2 607/2/2
f 607/2/2 600/2/2 608/2/2
f 603/1/2 604/1/2 610/1/2
f 610/1/2 604/1/2 611/1/2
f 605/4/2 606/4/2 612/4/2
f 612/4/2 606/4/2 613/4/2
f 608/3/2 609/3/2 614/3/2
f 614/3/2 609/3/2 615/3/2
f 616/6/2 617/6/2 622/6/2
f 617/2/2 618/2/2 623/2/2
f 622/6/2 617/6/2 623/6/2
f 623/2/2 618/2/2 624/2/2
f 624/2/2 618/2/2 625/2/2
f 619/5/2 620/5/2 627/5/2
f 620/4/2 621/4/2 628/4/2
f 627/5/2 620/5/2 628/5/2
f 621/2/2 622/2/2 629/2/2
f 628/4/2 621/4/2 629/4/2
f 622/7/2 623/7/2 630/7/2
f 629/2/2 622/2/2 630/2/2
f 623/5/2 624/5/2 631/5/2
f 630/7/2 623/7/2 631/7/2
f 624/2/2 625/2/2 632/2/2
f 631/5/2 624/5/2 632/5/2
f 625/5/2 626/5/2 633/5/2
f 632/2/2 625/2/2 633/2/2
f 628/8/2 629/8/2 634/8/2
f 634/8/2 629/8/2 635/8/2
f 630/3/2 631/3/2 636/3/2
f 631/7/2 632/7/2 637/7/2
f 636/3/2 631/3/2 637/3/2
f 632/4/2 633/4/2 638/4/2
f 637/7/2 632/7/2 638/7/2
f 633/5/2 626/5/2 639/5/2
f 638/4/2 633/4/2 639/4/2
f 639/5/2 626/5/2 640/5/2
f 634/5/2 635/5/2 641/5/2
f 635/7/2 636/7/2 642/7/2
f 641/5/2 635/5/2 642/5/2
f 636/6/2 637/6/2 643/6/2
f 642/7/2 636/7/2 643/7/2
f 643/6/2 637/6/2 644/6/2
f 638/4/2 639/4/2 645/4/2
f 645/4/2 639/4/2 646/4/2
f 647/7/2 648/7/2 651/7/2
f 651/7/2 648/7/2 652/7/2
f 649/6/2 650/6/2 653/6/2
f 653/6/2 650/6/2 654/6/2
f 655/5/2 656/5/2 657/5/2
f 657/5/2 656/5/2 658/5/2
f 659/3/2 660/3/2 663/3/2
f 663/3/2 660/3/2 664/3/2
f 661/7/2 662/7/2 665/7/2
f 665/7/2 662/7/2 666/7/2
f 667/8/2 668/8/2 670/8/2
f 668/9/2 669/9/2 671/9/2
f 670/8/2 668/8/2 671/8/2
f 671/9/2 669/9/2 672/9/2
f 671/2/2 672/2/2 673/2/2
f 673/2/2 672/2/2 674/2/2
f 675/4/2 676/4/2 679/4/2
f 679/4/2 676/4/2 680/4/2
f 677/6/2 678/6/2 683/6/2
f 683/6/2 678/6/2 684/6/2
f 681/3/2 682/3/2 687/3/2
f 687/3/2 682/3/2 688/3/2
f 685/7/2 686/7/2 691/7/2
f 691/7/2 686/7/2 692/7/2
f 689/1/2 690/1/2 696/1/2
f 696/1/2 690/1/2 697/1/2
f 693/4/2 694/4/2 698/4/2
f 698/4/2 694/4/2 699/4/2
f 695/1/2 696/1/2 700/1/2
f 700/1/2 696/1/2 701/1/2
f 702/8/2 703/8/2 708/8/2
f 708/8/2 703/8/2 709/8/2
f 704/7/2 705/7/2 710/7/2
f 705/5/2 706/5/2 711/5/2
f 710/7/2 705/7/2 711/7/2
f 711/5/2 706/5/2 712/5/2
f 707/8/2 708/8/2 713/8/2
f 713/8/2 708/8/2 714/8/2
f 715/3/2 716/3/2 717/3/2
f 717/3/2 716/3/2 718/3/2
f 719/4/2 720/4/2 723/4/2
f 723/4/2 720/4/2 724/4/2
f 721/2/2 722/2/2 725/2/2
f 725/2/2 722/2/2 726/2/2
f 727/5/2 728/5/2 729/5/2
f 729/5/2 728/5/2 730/5/2
f 731/2/2 732/2/2 733/2/2
f 733/2/2 732/2/2 734/2/2
f 735/5/2 736/5/2 739/5/2
f 736/2/2 737/2/2 740/2/2
f 739/5/2 736/5/2 740/5/2
f 737/3/2 738/3/2 741/3/2
f 740/2/2 737/2/2 741/2/2
f 741/3/2 738/3/2 742/3/2
f 743/5/2 744/5/2 750/5/2
f 750/5/2 744/5/2 751/5/2
f 745/3/2 746/3/2 752/3/2
f 752/3/2 746/3/2 753/3/2
f 747/1/2 748/1/2 754/1/2
f 748/2/2 749/2/2 755/2/2
f 754/1/2 748/1/2 755/1/2
f 755/2/2 749/2/2 756/2/2
f 754/2/2 755/2/2 757/2/2
f 757/2/2 755/2/2 758/2/2
f 759/9/2 760/9/2 763/9/2
f 763/9/2 760/9/2 764/9/2
f 761/9/2 762/9/2 769/9/2
f 769/9/2 762/9/2 770/9/2
f 765/9/2 766/9/2 772/9/2
f 772/9/2 766/9/2 773/9/2
f 767/9/2 768/9/2 774/9/2
f 768/9/2 769/9/2 774/9/2
f 774/9/2 769/9/2 775/9/2
f 771/4/2 772/4/2 776/4/2
f 776/4/2 772/4/2 777/4/2
f 775/9/2 769/9/2 779/9/2
f 777/6/2 778/6/2 782/6/2
f 782/6/2 778/6/2 783/6/2
f 775/9/2 779/9/2 784/9/2
f 779/9/2 780/9/2 784/9/2
f 784/9/2 780/9/2 785/9/2
f 785/9/2 780/9/2 786/9/2
f 780/1/2 781/1/2 787/1/2
f 786/9/2 780/9/2 787/9/2
f 787/1/2 781/1/2 788/1/2
f 786/9/2 787/9/2 789/9/2
f 789/9/2 790/9/2 793/9/2
f 786/9/2 789/9/2 793/9/2
f 793/9/2 790/9/2 794/9/2
f 794/9/2 790/9/2 795/9/2
f 791/8/2 792/8/2 796/8/2
f 796/8/2 792/8/2 797/8/2
f 796/9/2 797/9/2 800/9/2
f 800/9/2 797/9/2 801/9/2
f 798/3/2 799/3/2 807/3/2
f 807/3/2 799/3/2 808/3/2
f 800/7/2 801/7/2 809/7/2
f 809/7/2 801/7/2 810/7/2
f 802/7/2 803/7/2 811/7/2
f 803/9/2 804/9/2 812/9/2
f 811/7/2 803/7/2 812/7/2
f 812/9/2 804/9/2 813/9/2
f 805/1/2 806/1/2 814/1/2
f 814/1/2 806/1/2 815/1/2
f 808/1/2 809/1/2 816/1/2
f 816/1/2 809/1/2 817/1/2
f 813/6/2 814/6/2 820/6/2
f 820/6/2 814/6/2 821/6/2
f 818/4/2 819/4/2 822/4/2
f 822/4/2 819/4/2 823/4/2
f 820/4/2 821/4/2 824/4/2
f 824/4/2 821/4/2 825/4/2
f 826/9/2 827/9/2 828/9/2
f 828/9/2 827/9/2 829/9/2
f 830/6/2 831/6/2 832/6/2
f 832/6/2 831/6/2 833/6/2
f 834/4/2 835/4/2 836/4/2
f 836/4/2 835/4/2 837/4/2
f 837/8/2 838/8/2 843/8/2
f 843/8/2 838/8/2 844/8/2
f 839/4/2 840/4/2 845/4/2
f 845/4/2 840/4/2 846/4/2
f 841/3/2 842/3/2 847/3/2
f 847/3/2 842/3/2 848/3/2
f 844/3/2 845/3/2 851/3/2
f 851/3/2 845/3/2 852/3/2
f 849/1/2 850/1/2 853/1/2
f 853/1/2 850/1/2 854/1/2
f 855/1/2 856/1/2 857/1/2
f 857/1/2 856/1/2 858/1/2
f 859/2/2 860/2/2 863/2/2
f 863/2/2 860/2/2 864/2/2
f 861/2/2 862/2/2 865/2/2
f 865/2/2 862/2/2 866/2/2
f 866/4/2 867/4/2 872/4/2
f 872/4/2 867/4/2 873/4/2
f 868/3/2 869/3/2 874/3/2
f 874/3/2 869/3/2 875/3/2
f 870/6/2 871/6/2 876/6/2
f 876/6/2 871/6/2 877/6/2
f 878/3/2 879/3/2 881/3/2
f 881/3/2 879/3/2 882/3/2
f 880/7/2 881/7/2 883/7/2
f 881/6/2 882/6/2 884/6/2
f 883/7/2 881/7/2 884/7/2
f 884/6/2 882/6/2 885/6/2
f 884/7/2 885/7/2 886/7/2
f 886/7/2 885/7/2 887/7/2
f 888/9/2 889/9/2 890/9/2
f 888/9/2 890/9/2 892/9/2
f 890/9/2 891/9/2 892/9/2
f 892/9/2 891/9/2 893/9/2
f 893/9/2 891/9/2 894/9/2
f 895/1/2 896/1/2 899/1/2
f 899/1/2 896/1/2 900/1/2
f 897/1/2 898/1/2 901/1/2
f 901/1/2 898/1/2 902/1/2
f 903/3/2 904/3/2 907/3/2
f 907/3/2 904/3/2 908/3/2
f 905/7/2 906/7/2 909/7/2
f 909/7/2 906/7/2 910/7/2
f 911/9/2 912/9/2 914/9/2
f 914/9/2 912/9/2 915/9/2
f 913/3/2 914/3/2 918/3/2
f 918/3/2 914/3/2 919/3/2
f 916/9/2 917/9/2 920/9/2
f 920/9/2 917/9/2 921/9/2
f 922/6/2 923/6/2 926/6/2
f 923/8/2 924/8/2 927/8/2
f 926/6/2 923/6/2 927/6/2
f 924/1/2 925/1/2 928/1/2
f 927/8/2 924/8/2 928/8/2
f 928/1/2 925/1/2 929/1/2
f 929/1/2 925/1/2 930/1/2
f 931/1/2 932/1/2 935/1/2
f 935/1/2 932/1/2 936/1/2
f 933/2/2 934/2/2 937/2/2
f 937/2/2 934/2/2 938/2/2
f 937/4/2 938/4/2 941/4/2
f 941/4/2 938/4/2 942/4/2
f 939/7/2 940/7/2 943/7/2
f 943/7/2 940/7/2 944/7/2
f 945/1/2 946/1/2 949/1/2
f 949/1/2 946/1/2 950/1/2
f 947/1/2 948/1/2 951/1/2
f 951/1/2 948/1/2 952/1/2
f 953/9/2 954/9/2 958/9/2
f 958/9/2 954/9/2 959/9/2
f 955/9/2 956/9/2 960/9/2
f 960/9/2 956/9/2 961/9/2
f 957/1/2 958/1/2 962/1/2
f 962/1/2 958/1/2 963/1/2
f 960/5/2 961/5/2 965/5/2
f 965/5/2 961/5/2 966/5/2
f 963/5/2 964/5/2 967/5/2
f 967/5/2 964/5/2 968/5/2
f 965/6/2 966/6/2 969/6/2
f 969/6/2 966/6/2 970/6/2
f 968/7/2 969/7/2 971/7/2
f 971/7/2 969/7/2 972/7/2
f 972/6/2 973/6/2 976/6/2
f 976/6/2 973/6/2 977/6/2
f 974/2/2 975/2/2 978/2/2
f 978/2/2 975/2/2 979/2/2
f 980/1/2 981/1/2 984/1/2
f 984/1/2 981/1/2 985/1/2
f 982/6/2 983/6/2 986/6/2
f 986/6/2 983/6/2 987/6/2
f 988/8/2 989/8/2 992/8/2
f 992/8/2 989/8/2 993/8/2
f 990/3/2 991/3/2 995/3/2
f 995/3/2 991/3/2 996/3/2
f 994/7/2 995/7/2 997/7/2
f 997/7/2 995/7/2 998/7/2
f 999/5/2 1000/5/2 1003/5/2
f 1003/5/2 1000/5/2 1004/5/2
f 1001/5/2 1002/5/2 1005/5/2
f 1005/5/2 1002/5/2 1006/5/2
f 1005/2/2 1006/2/2 1008/2/2
f 1008/2/2 1006/2/2 1009/2/2
f 1007/3/2 1008/3/2 1013/3/2
f 1008/7/2 1009/7/2 1014/7/2
f 1013/3/2 1008/3/2 1014/3/2
f 1014/7/2 1009/7/2 1015/7/2
f 1010/5/2 1011/5/2 1016/5/2
f 1016/5/2 1011/5/2 1017/5/2
f 1012/7/2 1013/7/2 1018/7/2
f 1018/7/2 1013/7/2 1019/7/2
f 1020/9/2 1021/9/2 1023/9/2
f 1023/9/2 1021/9/2 1024/9/2
f 1022/5/2 1023/5/2 1025/5/2
f 1025/5/2 1023/5/2 1026/5/2
f 1026/1/2 1027/1/2 1030/1/2
f 1030/1/2 1027/1/2 1031/1/2
f 1028/8/2 1029/8/2 1034/8/2
f 1034/8/2 1029/8/2 1035/8/2
f 1032/3/2 1033/3/2 1038/3/2
f 1038/3/2 1033/3/2 1039/3/2
f 1036/8/2 1037/8/2 1041/8/2
f 1041/8/2 1037/8/2 1042/8/2
f 1040/7/2 1041/7/2 1047/7/2
f 1041/5/2 1042/5/2 1048/5/2
f 1047/7/2 1041/7/2 1048/7/2
f 1048/5/2 1042/5/2 1049/5/2
f 1043/7/2 1044/7/2 1051/7/2
f 1051/7/2 1044/7/2 1052/7/2
f 1045/6/2 1046/6/2 1053/6/2
f 1053/6/2 1046/6/2 1054/6/2
f 1048/8/2 1049/8/2 1055/8/2
f 1055/8/2 1049/8/2 1056/8/2
f 1050/8/2 1051/8/2 1057/8/2
f 1057/8/2 1051/8/2 1058/8/2
f 1056/8/2 1057/8/2 1060/8/2
f 1060/8/2 1057/8/2 1061/8/2
f 1058/4/2 1059/4/2 1062/4/2
f 1062/4/2 1059/4/2 1063/4/2
f 1064/1/2 1065/1/2 1066/1/2
f 1066/1/2 1065/1/2 1067/1/2
f 1068/7/2 1069/7/2 1074/7/2
f 1074/7/2 1069/7/2 1075/7/2
f 1070/4/2 1071/4/2 1076/4/2
f 1076/4/2 1071/4/2 1077/4/2
f 1072/3/2 1073/3/2 1078/3/2
f 1078/3/2 1073/3/2 1079/3/2
f 1076/5/2 1077/5/2 1083/5/2
f 1083/5/2 1077/5/2 1084/5/2
f 1078/7/2 1079/7/2 1085/7/2
f 1079/5/2 1080/5/2 1086/5/2
f 1085/7/2 1079/7/2 1086/7/2
f 1086/5/2 1080/5/2 1087/5/2
f 1081/2/2 1082/2/2 1089/2/2
f 1089/2/2 1082/2/2 1090/2/2
f 1086/5/2 1087/5/2 1091/5/2
f 1085/2/2 1086/2/2 1091/2/2
f 1091/5/2 1087/5/2 1092/5/2
f 1088/8/2 1089/8/2 1093/8/2
f 1093/8/2 1089/8/2 1094/8/2
f 1085/2/2 1091/2/2 1095/2/2
f 1095/2/2 1091/2/2 1096/2/2
f 1093/3/2 1094/3/2 1097/3/2
f 1092/3/2 1093/3/2 1097/3/2
f 1097/3/2 1094/3/2 1098/3/2
f 1099/7/2 1100/7/2 1102/7/2
f 1100/8/2 1101/8/2 1103/8/2
f 1102/7/2 1100/7/2 1103/7/2
f 1103/8/2 1101/8/2 1104/8/2
f 1105/3/2 1106/3/2 1111/3/2
f 1111/3/2 1106/3/2 1112/3/2
f 1107/7/2 1108/7/2 1113/7/2
f 1113/7/2 1108/7/2 1114/7/2
f 1109/6/2 1110/6/2 1115/6/2
f 1115/6/2 1110/6/2 1116/6/2
f 1113/2/2 1114/2/2 1117/2/2
f 1117/2/2 1114/2/2 1118/2/2
f 1119/3/2 1120/3/2 1123/3/2
f 1123/3/2 1120/3/2 1124/3/2
f 1121/2/2 1122/2/2 1125/2/2
f 1125/2/2 1122/2/2 1126/2/2
f 1123/2/2 1124/2/2 1127/2/2
f 1124/3/2 1125/3/2 1128/3/2
f 1127/2/2 1124/2/2 1128/2/2
f 1128/3/2 1125/3/2 1129/3/2
f 1125/1/2 1126/1/2 1130/1/2
f 1129/3/2 1125/3/2 1130/3/2
f 1130/1/2 1126/1/2 1131/1/2
f 1129/4/2 1130/4/2 1132/4/2
f 1132/4/2 1130/4/2 1133/4/2
f 1127/3/2 1128/3/2 1135/3/2
f 1135/3/2 1128/3/2 1136/3/2
f 1133/1/2 1134/1/2 1137/1/2
f 1132/1/2 1133/1/2 1137/1/2
f 1137/1/2 1134/1/2 1138/1/2
f 1142/7/3 1140/7/3 1139/7/3
f 1143/7/3 1140/7/3 1142/7/3
f 1147/2/3 1142/2/3 1141/2/3
f 1148/2/3 1142/2/3 1147/2/3
f 1152/3/3 1145/3/3 1144/3/3
f 1153/3/3 1145/3/3 1152/3/3
f 1155/4/3 1147/4/3 1146/4/3
f 1156/4/3 1147/4/3 1155/4/3
f 1157/3/3 1150/3/3 1149/3/3
f 1158/3/3 1150/3/3 1157/3/3
f 1159/7/3 1152/7/3 1151/7/3
f 1160/7/3 1152/7/3 1159/7/3
f 1161/4/3 1154/4/3 1153/4/3
f 1162/4/3 1154/4/3 1161/4/3
f 1164/4/3 1158/4/3 1157/4/3
f 1165/4/3 1158/4/3 1164/4/3
f 1166/1/3 1161/1/3 1160/1/3
f 1167/1/3 1161/1/3 1166/1/3
f 1168/1/3 1163/1/3 1162/1/3
f 1169/1/3 1163/1/3 1168/1/3
f 1170/7/3 1168/7/3 1167/7/3
f 1171/7/3 1168/7/3 1170/7/3
f 1176/6/3 1173/6/3 1172/6/3
f 1177/2/3 1174/2/3 1173/2/3
f 1177/6/3 1173/6/3 1176/6/3
f 1178/2/3 1174/2/3 1177/2/3
f 1179/6/3 1176/6/3 1175/6/3
f 1180/5/3 1177/5/3 1176/5/3
f 1180/6/3 1176/6/3 1179/6/3
f 1181/5/3 1177/5/3 1180/5/3
f 1182/8/3 1180/8/3 1179/8/3
f 1183/8/3 1180/8/3 1182/8/3
f 1188/5/3 1185/5/3 1184/5/3
f 1189/5/3 1185/5/3 1188/5/3
f 1190/7/3 1187/7/3 1186/7/3
f 1191/7/3 1187/7/3 1190/7/3
f 1196/3/3 1190/3/3 1189/3/3
f 1197/3/3 1190/3/3 1196/3/3
f 1198/4/3 1192/4/3 1191/4/3
f 1199/4/3 1192/4/3 1198/4/3
f 1202/4/3 1194/4/3 1193/4/3
f 1203/4/3 1194/4/3 1202/4/3
f 1205/7/3 1196/7/3 1195/7/3
f 1206/7/3 1196/7/3 1205/7/3
f 1207/2/3 1198/2/3 1197/2/3
f 1208/2/3 1198/2/3 1207/2/3
f 1210/5/3 1201/5/3 1200/5/3
f 1211/5/3 1201/5/3 1210/5/3
f 1214/3/3 1205/3/3 1204/3/3
f 1215/6/3 1206/6/3 1205/6/3
f 1215/3/3 1205/3/3 1214/3/3
f 1216/8/3 1207/8/3 1206/8/3
f 1216/6/3 1206/6/3 1215/6/3
f 1217/8/3 1207/8/3 1216/8/3
f 1218/1/3 1209/1/3 1208/1/3
f 1219/1/3 1209/1/3 1218/1/3
f 1220/9/3 1211/9/3 1210/9/3
f 1221/9/3 1211/9/3 1220/9/3
f 1222/6/3 1213/6/3 1212/6/3
f 1223/6/3 1213/6/3 1222/6/3
f 1224/9/3 1216/9/3 1215/9/3
f 1225/9/3 1216/9/3 1224/9/3
f 1226/5/3 1218/5/3 1217/5/3
f 1227/5/3 1218/5/3 1226/5/3
f 1229/6/3 1222/6/3 1221/6/3
f 1230/6/3 1222/6/3 1229/6/3
f 1232/8/3 1225/8/3 1224/8/3
f 1233/8/3 1225/8/3 1232/8/3
f 1235/8/3 1228/8/3 1227/8/3
f 1236/8/3 1228/8/3 1235/8/3
f 1238/2/3 1232/2/3 1231/2/3
f 1239/2/3 1232/2/3 1238/2/3
f 1240/3/3 1235/3/3 1234/3/3
f 1241/3/3 1235/3/3 1240/3/3
f 1242/7/3 1237/7/3 1236/7/3
f 1243/7/3 1237/7/3 1242/7/3
f 1246/3/3 1245/3/3 1244/3/3
f 1247/3/3 1245/3/3 1246/3/3
f 1252/5/3 1249/5/3 1248/5/3
f 1253/5/3 1249/5/3 1252/5/3
f 1256/7/3 1251/7/3 1250/7/3
f 1257/7/3 1251/7/3 1256/7/3
f 1258/4/3 1255/4/3 1254/4/3
f 1259/5/3 1256/5/3 1255/5/3
f 1259/4/3 1255/4/3 1258/4/3
f 1260/5/3 1256/5/3 1259/5/3
f 1267/8/3 1262/8/3 1261/8/3
f 1268/8/3 1262/8/3 1267/8/3
f 1269/8/3 1264/8/3 1263/8/3
f 1270/8/3 1264/8/3 1269/8/3
f 1271/7/3 1266/7/3 1265/7/3
f 1272/4/3 1267/4/3 1266/4/3
f 1272/7/3 1266/7/3 1271/7/3
f 1273/4/3 1267/4/3 1272/4/3
f 1274/8/3 1269/8/3 1268/8/3
f 1275/8/3 1269/8/3 1274/8/3
f 1277/2/3 1272/2/3 1271/2/3
f 1278/2/3 1272/2/3 1277/2/3
f 1279/5/3 1274/5/3 1273/5/3
f 1280/5/3 1274/5/3 1279/5/3
f 1281/5/3 1276/5/3 1275/5/3
f 1282/5/3 1276/5/3 1281/5/3
f 1286/7/3 1283/7/3 1282/7/3
f 1287/7/3 1283/7/3 1286/7/3
f 1291/9/3 1285/9/3 1284/9/3
f 1292/9/3 1285/9/3 1291/9/3
f 1295/4/3 1287/4/3 1286/4/3
f 1296/4/3 1287/4/3 1295/4/3
f 1297/9/3 1289/9/3 1288/9/3
f 1298/5/3 1291/5/3 1290/5/3
f 1298/5/3 1292/5/3 1291/5/3
f 1299/5/3 1292/5/3 1298/5/3
f 1300/5/3 1292/5/3 1299/5/3
f 1302/3/3 1294/3/3 1293/3/3
f 1303/3/3 1294/3/3 1302/3/3
f 1304/4/3 1299/4/3 1298/4/3
f 1305/6/3 1300/6/3 1299/6/3
f 1305/4/3 1299/4/3 1304/4/3
f 1306/6/3 1300/6/3 1305/6/3
f 1307/4/3 1302/4/3 1301/4/3
f 1308/4/3 1302/4/3 1307/4/3
f 1309/9/3 1297/9/3 1288/9/3
f 1310/2/3 1305/2/3 1304/2/3
f 1311/3/3 1306/3/3 1305/3/3
f 1311/2/3 1305/2/3 1310/2/3
f 1311/3/3 1307/3/3 1306/3/3
f 1312/3/3 1307/3/3 1311/3/3
f 1313/3/3 1307/3/3 1312/3/3
f 1315/9/3 1309/9/3 1288/9/3
f 1316/9/3 1309/9/3 1315/9/3
f 1318/6/3 1311/6/3 1310/6/3
f 1319/7/3 1312/7/3 1311/7/3
f 1319/6/3 1311/6/3 1318/6/3
f 1320/2/3 1313/2/3 1312/2/3
f 1320/7/3 1312/7/3 1319/7/3
f 1321/4/3 1314/4/3 1313/4/3
f 1321/2/3 1313/2/3 1320/2/3
f 1322/4/3 1314/4/3 1321/4/3
f 1323/9/3 1317/9/3 1316/9/3
f 1325/8/3 1320/8/3 1319/8/3
f 1326/8/3 1320/8/3 1325/8/3
f 1329/8/3 1324/8/3 1323/8/3
f 1329/9/3 1323/9/3 1316/9/3
f 1330/8/3 1324/8/3 1329/8/3
f 1332/7/3 1327/7/3 1326/7/3
f 1333/5/3 1328/5/3 1327/5/3
f 1333/7/3 1327/7/3 1332/7/3
f 1334/5/3 1328/5/3 1333/5/3
f 1336/9/3 1329/9/3 1316/9/3
f 1337/9/3 1329/9/3 1336/9/3
f 1338/1/3 1331/1/3 1330/1/3
f 1339/1/3 1331/1/3 1338/1/3
f 1340/8/3 1333/8/3 1332/8/3
f 1341/8/3 1333/8/3 1340/8/3
f 1342/8/3 1335/8/3 1334/8/3
f 1343/8/3 1335/8/3 1342/8/3
f 1344/1/3 1338/1/3 1337/1/3
f 1345/1/3 1338/1/3 1344/1/3
f 1348/3/3 1347/3/3 1346/3/3
f 1349/3/3 1347/3/3 1348/3/3
f 1355/8/3 1351/8/3 1350/8/3
f 1356/5/3 1352/5/3 1351/5/3
f 1356/8/3 1351/8/3 1355/8/3
f 1357/2/3 1353/2/3 1352/2/3
f 1357/5/3 1352/5/3 1356/5/3
f 1358/2/3 1353/2/3 1357/2/3
f 1359/6/3 1355/6/3 1354/6/3
f 1360/5/3 1356/5/3 1355/5/3
f 1360/6/3 1355/6/3 1359/6/3
f 1361/5/3 1356/5/3 1360/5/3
f 1362/7/3 1360/7/3 1359/7/3
f 1363/7/3 1360/7/3 1362/7/3
f 1368/8/3 1365/8/3 1364/8/3
f 1369/8/3 1365/8/3 1368/8/3
f 1370/8/3 1367/8/3 1366/8/3
f 1371/8/3 1367/8/3 1370/8/3
f 1374/9/3 1373/9/3 1372/9/3
f 1375/9/3 1373/9/3 1374/9/3
f 1378/1/3 1377/1/3 1376/1/3
f 1379/1/3 1377/1/3 1378/1/3
f 1384/7/3 1382/7/3 1381/7/3
f 1384/7/3 1381/7/3 1380/7/3
f 1385/7/3 1382/7/3 1384/7/3
f 1386/6/3 1383/6/3 1382/6/3
f 1386/7/3 1382/7/3 1385/7/3
f 1387/6/3 1383/6/3 1386/6/3
f 1388/2/3 1387/2/3 1386/2/3
f 1389/2/3 1387/2/3 1388/2/3
f 1394/8/3 1390/8/3 1389/8/3
f 1395/8/3 1390/8/3 1394/8/3
f 1396/7/3 1392/7/3 1391/7/3
f 1397/2/3 1393/2/3 1392/2/3
f 1397/7/3 1392/7/3 1396/7/3
f 1397/2/3 1394/2/3 1393/2/3
f 1398/2/3 1394/2/3 1397/2/3
f 1401/8/3 1400/8/3 1399/8/3
f 1402/8/3 1400/8/3 1401/8/3
f 1406/2/3 1402/2/3 1401/2/3
f 1407/3/3 1403/3/3 1402/3/3
f 1407/2/3 1402/2/3 1406/2/3
f 1408/3/3 1403/3/3 1407/3/3
f 1410/6/3 1405/6/3 1404/6/3
f 1411/6/3 1405/6/3 1410/6/3
f 1414/3/3 1409/3/3 1408/3/3
f 1415/3/3 1409/3/3 1414/3/3
f 1416/8/3 1413/8/3 1412/8/3
f 1417/5/3 1414/5/3 1413/5/3
f 1417/8/3 1413/8/3 1416/8/3
f 1418/5/3 1414/5/3 1417/5/3
f 1424/9/3 1420/9/3 1419/9/3
f 1425/9/3 1420/9/3 1424/9/3
f 1427/3/3 1422/3/3 1421/3/3
f 1428/3/3 1422/3/3 1427/3/3
f 1429/9/3 1424/9/3 1423/9/3
f 1430/2/3 1426/2/3 1425/2/3
f 1431/2/3 1426/2/3 1430/2/3
f 1436/5/3 1433/5/3 1432/5/3
f 1437/5/3 1433/5/3 1436/5/3
f 1438/9/3 1435/9/3 1434/9/3
f 1439/9/3 1435/9/3 1438/9/3
f 1442/9/3 1429/9/3 1423/9/3
f 1443/9/3 1429/9/3 1442/9/3
f 1448/9/3 1440/9/3 1439/9/3
f 1449/9/3 1440/9/3 1448/9/3
f 1450/9/3 1444/9/3 1443/9/3
f 1450/9/3 1442/9/3 1441/9/3
f 1450/9/3 1443/9/3 1442/9/3
f 1451/9/3 1444/9/3 1450/9/3
f 1452/9/3 1444/9/3 1451/9/3
f 1453/7/3 1446/7/3 1445/7/3
f 1454/7/3 1446/7/3 1453/7/3
f 1455/9/3 1449/9/3 1448/9/3
f 1455/9/3 1448/9/3 1447/9/3
f 1456/9/3 1449/9/3 1455/9/3
f 1459/9/3 1449/9/3 1456/9/3
f 1461/3/3 1458/3/3 1457/3/3
f 1462/3/3 1458/3/3 1461/3/3
f 1463/9/3 1460/9/3 1459/9/3
f 1463/9/3 1459/9/3 1456/9/3
f 1464/9/3 1460/9/3 1463/9/3
f 1467/6/3 1466/6/3 1465/6/3
f 1468/6/3 1466/6/3 1467/6/3
f 1471/5/3 1470/5/3 1469/5/3
f 1472/5/3 1470/5/3 1471/5/3
f 1475/1/3 1474/1/3 1473/1/3
f 1476/1/3 1474/1/3 1475/1/3
f 1479/3/3 1476/3/3 1475/3/3
f 1479/7/3 1477/7/3 1476/7/3
f 1480/8/3 1478/8/3 1477/8/3
f 1480/7/3 1477/7/3 1479/7/3
f 1481/8/3 1478/8/3 1480/8/3
f 1483/3/3 1479/3/3 1475/3/3
f 1484/2/3 1480/2/3 1479/2/3
f 1484/3/3 1479/3/3 1483/3/3
f 1485/3/3 1482/3/3 1481/3/3
f 1485/2/3 1480/2/3 1484/2/3
f 1485/3/3 1481/3/3 1480/3/3
f 1486/3/3 1482/3/3 1485/3/3
f 1489/1/3 1488/1/3 1487/1/3
f 1490/1/3 1488/1/3 1489/1/3
f 1493/3/3 1492/3/3 1491/3/3
f 1494/3/3 1492/3/3 1493/3/3
f 1497/1/3 1496/1/3 1495/1/3
f 1498/1/3 1496/1/3 1497/1/3
f 1500/4/3 1499/4/3 1498/4/3
f 1501/4/3 1499/4/3 1500/4/3
f 1505/4/3 1503/4/3 1502/4/3
f 1506/4/3 1503/4/3 1505/4/3
f 1509/3/3 1505/3/3 1504/3/3
f 1510/3/3 1505/3/3 1509/3/3
f 1511/2/3 1508/2/3 1507/2/3
f 1512/2/3 1508/2/3 1511/2/3
f 1517/2/3 1514/2/3 1513/2/3
f 1518/4/3 1515/4/3 1514/4/3
f 1518/2/3 1514/2/3 1517/2/3
f 1519/4/3 1515/4/3 1518/4/3
f 1521/6/3 1517/6/3 1516/6/3
f 1522/5/3 1518/5/3 1517/5/3
f 1522/6/3 1517/6/3 1521/6/3
f 1523/5/3 1518/5/3 1522/5/3
f 1524/3/3 1520/3/3 1519/3/3
f 1525/3/3 1520/3/3 1524/3/3
f 1526/7/3 1522/7/3 1521/7/3
f 1527/7/3 1522/7/3 1526/7/3
f 1530/6/3 1527/6/3 1526/6/3
f 1531/6/3 1527/6/3 1530/6/3
f 1532/3/3 1529/3/3 1528/3/3
f 1533/3/3 1529/3/3 1532/3/3
f 1536/9/3 1535/9/3 1534/9/3
f 1537/9/3 1535/9/3 1536/9/3
f 1543/2/3 1539/2/3 1538/2/3
f 1544/7/3 1540/7/3 1539/7/3
f 1544/2/3 1539/2/3 1543/2/3
f 1545/9/3 1542/9/3 1541/9/3
f 1546/7/3 1540/7/3 1544/7/3
f 1547/7/3 1540/7/3 1546/7/3
f 1549/9/3 1542/9/3 1545/9/3
f 1550/9/3 1542/9/3 1549/9/3
f 1552/1/3 1548/1/3 1547/1/3
f 1553/1/3 1548/1/3 1552/1/3
f 1554/1/3 1551/1/3 1550/1/3
f 1555/1/3 1551/1/3 1554/1/3
f 1558/7/3 1557/7/3 1556/7/3
f 1559/7/3 1557/7/3 1558/7/3
f 1565/2/3 1561/2/3 1560/2/3
f 1566/5/3 1562/5/3 1561/5/3
f 1566/2/3 1561/2/3 1565/2/3
f 1567/5/3 1562/5/3 1566/5/3
f 1568/8/3 1564/8/3 1563/8/3
f 1569/8/3 1564/8/3 1568/8/3
f 1573/4/3 1571/4/3 1570/4/3
f 1574/1/3 1572/1/3 1571/1/3
f 1574/4/3 1571/4/3 1573/4/3
f 1575/1/3 1572/1/3 1574/1/3
f 1580/2/3 1577/2/3 1576/2/3
f 1581/2/3 1577/2/3 1580/2/3
f 1582/2/3 1579/2/3 1578/2/3
f 1583/2/3 1579/2/3 1582/2/3
f 1586/1/3 1585/1/3 1584/1/3
f 1587/1/3 1585/1/3 1586/1/3
f 1590/7/3 1589/7/3 1588/7/3
f 1591/7/3 1589/7/3 1590/7/3
f 1593/6/3 1591/6/3 1590/6/3
f 1594/8/3 1592/8/3 1591/8/3
f 1594/6/3 1591/6/3 1593/6/3
f 1595/8/3 1592/8/3 1594/8/3
f 1596/3/3 1594/3/3 1593/3/3
f 1597/3/3 1594/3/3 1596/3/3
f 1601/9/3 1599/9/3 1598/9/3
f 1602/3/3 1600/3/3 1599/3/3
f 1602/9/3 1599/9/3 1601/9/3
f 1603/3/3 1600/3/3 1602/3/3
f 1604/4/3 1602/4/3 1601/4/3
f 1605/4/3 1602/4/3 1604/4/3
f 1610/7/3 1607/7/3 1606/7/3
f 1611/7/3 1607/7/3 1610/7/3
f 1613/6/3 1609/6/3 1608/6/3
f 1614/6/3 1609/6/3 1613/6/3
f 1618/9/3 1613/9/3 1612/9/3
f 1619/9/3 1613/9/3 1618/9/3
f 1620/5/3 1615/5/3 1614/5/3
f 1621/5/3 1615/5/3 1620/5/3
f 1622/6/3 1617/6/3 1616/6/3
f 1623/6/3 1617/6/3 1622/6/3
f 1624/7/3 1620/7/3 1619/7/3
f 1625/7/3 1620/7/3 1624/7/3
f 1628/2/3 1627/2/3 1626/2/3
f 1629/2/3 1627/2/3 1628/2/3
f 1632/8/3 1631/8/3 1630/8/3
f 1633/8/3 1631/8/3 1632/8/3
f 1636/4/3 1635/4/3 1634/4/3
f 1637/4/3 1635/4/3 1636/4/3
f 1641/3/3 1639/3/3 1638/3/3
f 1642/1/3 1640/1/3 1639/1/3
f 1642/3/3 1639/3/3 1641/3/3
f 1643/1/3 1640/1/3 1642/1/3
f 1646/1/3 1644/1/3 1643/1/3
f 1647/1/3 1644/1/3 1646/1/3
f 1648/6/3 1646/6/3 1645/6/3
f 1649/6/3 1646/6/3 1648/6/3
f 1652/1/3 1651/1/3 1650/1/3
f 1653/1/3 1651/1/3 1652/1/3
f 1656/3/3 1655/3/3 1654/3/3
f 1657/3/3 1655/3/3 1656/3/3
f 1660/4/3 1659/4/3 1658/4/3
f 1661/4/3 1659/4/3 1660/4/3
f 1667/1/3 1663/1/3 1662/1/3
f 1668/4/3 1664/4/3 1663/4/3
f 1668/1/3 1663/1/3 1667/1/3
f 1669/4/3 1664/4/3 1668/4/3
f 1670/7/3 1666/7/3 1665/7/3
f 1671/7/3 1666/7/3 1670/7/3
f 1672/7/3 1668/7/3 1667/7/3
f 1673/7/3 1668/7/3 1672/7/3
f 1674/4/3 1670/4/3 1669/4/3
f 1675/4/3 1670/4/3 1674/4/3
f 1677/6/3 1673/6/3 1672/6/3
f 1678/6/3 1673/6/3 1677/6/3
f 1679/5/3 1676/5/3 1675/5/3
f 1680/5/3 1676/5/3 1679/5/3
f 1681/8/3 1678/8/3 1677/8/3
f 1682/8/3 1678/8/3 1681/8/3
f 1686/5/3 1684/5/3 1683/5/3
f 1687/6/3 1685/6/3 1684/6/3
f 1687/5/3 1684/5/3 1686/5/3
f 1688/6/3 1685/6/3 1687/6/3
f 1689/6/4 1690/6/4 1692/6/4
f 1690/2/4 1691/2/4 1693/2/4
f 1692/6/4 1690/6/4 1693/6/4
f 1693/2/4 1691/2/4 1694/2/4
f 1692/5/4 1693/5/4 1695/5/4
f 1695/5/4 1693/5/4 1696/5/4
f 1697/7/4 1698/7/4 1699/7/4
f 1699/7/4 1698/7/4 1700/7/4
f 1701/4/4 1702/4/4 1706/4/4
f 1702/5/4 1703/5/4 1707/5/4
f 1706/4/4 1702/4/4 1707/4/4
f 1707/5/4 1703/5/4 1708/5/4
f 1704/5/4 1705/5/4 1709/5/4
f 1709/5/4 1705/5/4 1710/5/4
f 1706/3/4 1707/3/4 1711/3/4
f 1711/3/4 1707/3/4 1712/3/4
f 1710/9/4 1711/9/4 1715/9/4
f 1711/6/4 1712/6/4 1716/6/4
f 1715/9/4 1711/9/4 1716/9/4
f 1716/6/4 1712/6/4 1717/6/4
f 1713/9/4 1714/9/4 1718/9/4
f 1718/9/4 1714/9/4 1719/9/4
f 1715/6/4 1716/6/4 1723/6/4
f 1723/6/4 1716/6/4 1724/6/4
f 1720/5/4 1721/5/4 1725/5/4
f 1721/8/4 1722/8/4 1726/8/4
f 1725/5/4 1721/5/4 1726/5/4
f 1726/8/4 1722/8/4 1727/8/4
f 1727/8/4 1722/8/4 1728/8/4
f 1725/3/4 1726/3/4 1729/3/4
f 1726/6/4 1727/6/4 1730/6/4
f 1729/3/4 1726/3/4 1730/3/4
f 1727/7/4 1728/7/4 1731/7/4
f 1730/6/4 1727/6/4 1731/6/4
f 1731/7/4 1728/7/4 1732/7/4
f 1733/5/4 1734/5/4 1735/5/4
f 1735/5/4 1734/5/4 1736/5/4
f 1737/8/4 1738/8/4 1743/8/4
f 1743/8/4 1738/8/4 1744/8/4
f 1739/8/4 1740/8/4 1745/8/4
f 1745/8/4 1740/8/4 1746/8/4
f 1741/7/4 1742/7/4 1747/7/4
f 1747/7/4 1742/7/4 1748/7/4
f 1749/5/4 1750/5/4 1753/5/4
f 1753/5/4 1750/5/4 1754/5/4
f 1751/5/4 1752/5/4 1756/5/4
f 1756/5/4 1752/5/4 1757/5/4
f 1754/7/4 1755/7/4 1760/7/4
f 1760/7/4 1755/7/4 1761/7/4
f 1756/9/4 1757/9/4 1764/9/4
f 1764/9/4 1757/9/4 1765/9/4
f 1758/6/4 1759/6/4 1767/6/4
f 1759/4/4 1760/4/4 1768/4/4
f 1760/4/4 1761/4/4 1768/4/4
f 1767/6/4 1759/6/4 1768/6/4
f 1768/4/4 1761/4/4 1769/4/4
f 1766/3/4 1767/3/4 1771/3/4
f 1771/3/4 1767/3/4 1772/3/4
f 1770/4/4 1771/4/4 1773/4/4
f 1773/4/4 1771/4/4 1774/4/4
f 1762/9/4 1763/9/4 1775/9/4
f 1762/9/4 1775/9/4 1779/9/4
f 1775/9/4 1776/9/4 1779/9/4
f 1779/9/4 1776/9/4 1780/9/4
f 1777/4/4 1778/4/4 1781/4/4
f 1781/4/4 1778/4/4 1782/4/4
f 1780/9/4 1776/9/4 1783/9/4
f 1783/9/4 1776/9/4 1784/9/4
f 1784/8/4 1785/8/4 1787/8/4
f 1787/8/4 1785/8/4 1788/8/4
f 1786/9/4 1787/9/4 1790/9/4
f 1788/1/4 1789/1/4 1791/1/4
f 1790/9/4 1787/9/4 1791/9/4
f 1787/1/4 1788/1/4 1791/1/4
f 1791/1/4 1789/1/4 1792/1/4
f 1792/1/4 1789/1/4 1793/1/4
f 1791/1/4 1792/1/4 1794/1/4
f 1794/1/4 1792/1/4 1795/1/4
f 1796/3/4 1797/3/4 1798/3/4
f 1798/3/4 1797/3/4 1799/3/4
f 1800/8/4 1801/8/4 1802/8/4
f 1802/8/4 1801/8/4 1803/8/4
f 1804/6/4 1805/6/4 1808/6/4
f 1808/6/4 1805/6/4 1809/6/4
f 1806/8/4 1807/8/4 1810/8/4
f 1810/8/4 1807/8/4 1811/8/4
f 1809/6/4 1810/6/4 1815/6/4
f 1815/6/4 1810/6/4 1816/6/4
f 1811/1/4 1812/1/4 1817/1/4
f 1817/1/4 1812/1/4 1818/1/4
f 1813/3/4 1814/3/4 1819/3/4
f 1814/1/4 1815/1/4 1820/1/4
f 1819/3/4 1814/3/4 1820/3/4
f 1820/1/4 1815/1/4 1821/1/4
f 1816/8/4 1817/8/4 1822/8/4
f 1822/8/4 1817/8/4 1823/8/4
f 1821/8/4 1822/8/4 1825/8/4
f 1825/8/4 1822/8/4 1826/8/4
f 1823/2/4 1824/2/4 1827/2/4
f 1827/2/4 1824/2/4 1828/2/4
f 1825/1/4 1826/1/4 1830/1/4
f 1830/1/4 1826/1/4 1831/1/4
f 1829/4/4 1830/4/4 1832/4/4
f 1832/4/4 1830/4/4 1833/4/4
f 1834/1/4 1835/1/4 1836/1/4
f 1836/1/4 1835/1/4 1837/1/4
f 1838/8/4 1839/8/4 1840/8/4
f 1840/8/4 1839/8/4 1841/8/4
f 1842/8/4 1843/8/4 1845/8/4
f 1845/8/4 1843/8/4 1846/8/4
f 1844/2/4 1845/2/4 1847/2/4
f 1847/2/4 1845/2/4 1848/2/4
f 1849/8/4 1850/8/4 1851/8/4
f 1851/8/4 1850/8/4 1852/8/4
f 1852/3/4 1853/3/4 1856/3/4
f 1856/3/4 1853/3/4 1857/3/4
f 1854/6/4 1855/6/4 1859/6/4
f 1859/6/4 1855/6/4 1860/6/4
f 1857/3/4 1858/3/4 1863/3/4
f 1863/3/4 1858/3/4 1864/3/4
f 1859/9/4 1860/9/4 1865/9/4
f 1865/9/4 1860/9/4 1866/9/4
f 1861/8/4 1862/8/4 1867/8/4
f 1867/8/4 1862/8/4 1868/8/4
f 1869/9/4 1870/9/4 1874/9/4
f 1874/9/4 1870/9/4 1875/9/4
f 1871/3/4 1872/3/4 1878/3/4
f 1878/3/4 1872/3/4 1879/3/4
f 1873/9/4 1874/9/4 1881/9/4
f 1874/9/4 1875/9/4 1881/9/4
f 1875/2/4 1876/2/4 1882/2/4
f 1881/9/4 1875/9/4 1882/9/4
f 1882/2/4 1876/2/4 1883/2/4
f 1877/6/4 1878/6/4 1884/6/4
f 1884/6/4 1878/6/4 1885/6/4
f 1879/1/4 1880/1/4 1886/1/4
f 1886/1/4 1880/1/4 1887/1/4
f 1885/2/4 1886/2/4 1892/2/4
f 1892/2/4 1886/2/4 1893/2/4
f 1887/5/4 1888/5/4 1894/5/4
f 1894/5/4 1888/5/4 1895/5/4
f 1889/9/4 1890/9/4 1896/9/4
f 1896/9/4 1890/9/4 1897/9/4
f 1873/9/4 1881/9/4 1899/9/4
f 1899/9/4 1881/9/4 1900/9/4
f 1891/3/4 1892/3/4 1902/3/4
f 1902/3/4 1892/3/4 1903/3/4
f 1893/2/4 1894/2/4 1904/2/4
f 1904/2/4 1894/2/4 1905/2/4
f 1898/9/4 1899/9/4 1907/9/4
f 1907/9/4 1899/9/4 1908/9/4
f 1900/9/4 1901/9/4 1909/9/4
f 1901/7/4 1902/7/4 1910/7/4
f 1909/9/4 1901/9/4 1910/9/4
f 1910/7/4 1902/7/4 1911/7/4
f 1906/9/4 1907/9/4 1912/9/4
f 1912/9/4 1907/9/4 1913/9/4
f 1913/9/4 1907/9/4 1916/9/4
f 1914/3/4 1915/3/4 1917/3/4
f 1917/3/4 1915/3/4 1918/3/4
f 1913/9/4 1916/9/4 1919/9/4
f 1919/9/4 1916/9/4 1920/9/4
f 1921/5/4 1922/5/4 1923/5/4
f 1923/5/4 1922/5/4 1924/5/4
f 1925/1/4 1926/1/4 1929/1/4
f 1929/1/4 1926/1/4 1930/1/4
f 1927/5/4 1928/5/4 1931/5/4
f 1931/5/4 1928/5/4 1932/5/4
f 1933/3/4 1934/3/4 1938/3/4
f 1938/3/4 1934/3/4 1939/3/4
f 1936/3/4 1937/3/4 1940/3/4
f 1935/3/4 1936/3/4 1940/3/4
f 1940/3/4 1937/3/4 1941/3/4
f 1942/2/4 1943/2/4 1944/2/4
f 1944/2/4 1943/2/4 1945/2/4
f 1946/6/4 1947/6/4 1948/6/4
f 1948/6/4 1947/6/4 1949/6/4
f 1950/9/4 1951/9/4 1952/9/4
f 1952/9/4 1951/9/4 1953/9/4
f 1954/5/4 1955/5/4 1958/5/4
f 1958/5/4 1955/5/4 1959/5/4
f 1955/4/4 1956/4/4 1960/4/4
f 1959/5/4 1955/5/4 1960/5/4
f 1956/3/4 1957/3/4 1961/3/4
f 1960/4/4 1956/4/4 1961/4/4
f 1961/3/4 1957/3/4 1962/3/4
f 1958/1/4 1959/1/4 1963/1/4
f 1963/1/4 1959/1/4 1964/1/4
f 1963/6/4 1964/6/4 1965/6/4
f 1965/6/4 1964/6/4 1966/6/4
f 1965/1/4 1966/1/4 1967/1/4
f 1967/1/4 1966/1/4 1968/1/4
f 1969/4/4 1970/4/4 1971/4/4
f 1971/4/4 1970/4/4 1972/4/4
f 1973/3/4 1974/3/4 1975/3/4
f 1975/3/4 1974/3/4 1976/3/4
f 1977/6/4 1978/6/4 1979/6/4
f 1979/6/4 1978/6/4 1980/6/4
f 1981/9/4 1982/9/4 1983/9/4
f 1983/9/4 1982/9/4 1984/9/4
f 1985/9/4 1986/9/4 1987/9/4
f 1987/9/4 1986/9/4 1988/9/4
f 1988/9/4 1986/9/4 1989/9/4
f 1990/1/4 1991/1/4 1992/1/4
f 1992/1/4 1991/1/4 1993/1/4
f 1994/7/4 1995/7/4 1997/7/4
f 1997/7/4 1995/7/4 1998/7/4
f 1996/5/4 1997/5/4 2002/5/4
f 2002/5/4 1997/5/4 2003/5/4
f 1999/3/4 2000/3/4 2005/3/4
f 2005/3/4 2000/3/4 2006/3/4
f 2001/8/4 2002/8/4 2007/8/4
f 2002/3/4 2003/3/4 2008/3/4
f 2007/8/4 2002/8/4 2008/8/4
f 2008/3/4 2003/3/4 2009/3/4
f 2004/8/4 2005/8/4 2010/8/4
f 2010/8/4 2005/8/4 2011/8/4
f 2006/1/4 2007/1/4 2012/1/4
f 2012/1/4 2007/1/4 2013/1/4
f 2011/4/4 2012/4/4 2014/4/4
f 2014/4/4 2012/4/4 2015/4/4
f 2016/1/4 2017/1/4 2018/1/4
f 2018/1/4 2017/1/4 2019/1/4
f 2020/7/4 2021/7/4 2022/7/4
f 2022/7/4 2021/7/4 2023/7/4
f 2023/8/4 2024/8/4 2026/8/4
f 2026/8/4 2024/8/4 2027/8/4
f 2025/3/4 2026/3/4 2028/3/4
f 2028/3/4 2026/3/4 2029/3/4
f 2028/1/4 2029/1/4 2032/1/4
f 2032/1/4 2029/1/4 2033/1/4
f 2030/9/4 2031/9/4 2034/9/4
f 2034/9/4 2031/9/4 2035/9/4
f 2036/9/4 2037/9/4 2039/9/4
f 2037/6/4 2038/6/4 2040/6/4
f 2039/9/4 2037/9/4 2040/9/4
f 2040/6/4 2038/6/4 2041/6/4
f 2040/1/4 2041/1/4 2045/1/4
f 2041/5/4 2042/5/4 2046/5/4
f 2045/1/4 2041/1/4 2046/1/4
f 2046/5/4 2042/5/4 2047/5/4
f 2043/6/4 2044/6/4 2049/6/4
f 2049/6/4 2044/6/4 2050/6/4
f 2045/7/4 2046/7/4 2051/7/4
f 2051/7/4 2046/7/4 2052/7/4
f 2047/5/4 2048/5/4 2053/5/4
f 2053/5/4 2048/5/4 2054/5/4
f 2053/3/4 2054/3/4 2058/3/4
f 2054/7/4 2055/7/4 2059/7/4
f 2058/3/4 2054/3/4 2059/3/4
f 2055/6/4 2056/6/4 2060/6/4
f 2059/7/4 2055/7/4 2060/7/4
f 2060/6/4 2056/6/4 2061/6/4
f 2057/7/4 2058/7/4 2062/7/4
f 2062/7/4 2058/7/4 2063/7/4
f 2063/7/4 2058/7/4 2064/7/4
f 2059/2/4 2060/2/4 2065/2/4
f 2065/2/4 2060/2/4 2066/2/4
f 2062/6/4 2063/6/4 2067/6/4
f 2067/6/4 2063/6/4 2068/6/4
f 2064/6/4 2065/6/4 2069/6/4
f 2069/6/4 2065/6/4 2070/6/4
f 2067/2/4 2068/2/4 2072/2/4
f 2068/1/4 2069/1/4 2073/1/4
f 2072/2/4 2068/2/4 2073/2/4
f 2073/1/4 2069/1/4 2074/1/4
f 2070/1/4 2071/1/4 2075/1/4
f 2075/1/4 2071/1/4 2076/1/4
f 2077/6/4 2078/6/4 2082/6/4
f 2082/6/4 2078/6/4 2083/6/4
f 2079/6/4 2080/6/4 2084/6/4
f 2080/8/4 2081/8/4 2085/8/4
f 2084/6/4 2080/6/4 2085/6/4
f 2083/1/4 2084/1/4 2087/1/4
f 2087/1/4 2084/1/4 2088/1/4
f 2085/8/4 2081/8/4 2089/8/4
f 2089/8/4 2081/8/4 2090/8/4
f 2086/3/4 2087/3/4 2091/3/4
f 2091/3/4 2087/3/4 2092/3/4
f 2088/3/4 2089/3/4 2093/3/4
f 2093/3/4 2089/3/4 2094/3/4
f 2091/2/4 2092/2/4 2096/2/4
f 2096/2/4 2092/2/4 2097/2/4
f 2094/4/4 2095/4/4 2098/4/4
f 2098/4/4 2095/4/4 2099/4/4
f 2100/8/4 2101/8/4 2102/8/4
f 2102/8/4 2101/8/4 2103/8/4
f 2104/1/4 2105/1/4 2106/1/4
f 2106/1/4 2105/1/4 2107/1/4
f 2107/1/4 2108/1/4 2111/1/4
f 2111/1/4 2108/1/4 2112/1/4
f 2109/4/4 2110/4/4 2113/4/4
f 2110/6/4 2111/6/4 2114/6/4
f 2113/4/4 2110/4/4 2114/4/4
f 2114/6/4 2111/6/4 2115/6/4
f 2113/3/4 2114/3/4 2118/3/4
f 2118/3/4 2114/3/4 2119/3/4
f 2115/8/4 2116/8/4 2120/8/4
f 2120/8/4 2116/8/4 2121/8/4
f 2117/1/4 2118/1/4 2123/1/4
f 2123/1/4 2118/1/4 2124/1/4
f 2119/3/4 2120/3/4 2125/3/4
f 2125/3/4 2120/3/4 2126/3/4
f 2121/2/4 2122/2/4 2127/2/4
f 2127/2/4 2122/2/4 2128/2/4
f 2124/7/4 2125/7/4 2130/7/4
f 2130/7/4 2125/7/4 2131/7/4
f 2126/2/4 2127/2/4 2132/2/4
f 2127/1/4 2128/1/4 2133/1/4
f 2132/2/4 2127/2/4 2133/2/4
f 2133/1/4 2128/1/4 2134/1/4
f 2129/7/4 2130/7/4 2137/7/4
f 2137/7/4 2130/7/4 2138/7/4
f 2131/5/4 2132/5/4 2139/5/4
f 2139/5/4 2132/5/4 2140/5/4
f 2135/3/4 2136/3/4 2142/3/4
f 2142/3/4 2136/3/4 2143/3/4
f 2138/5/4 2139/5/4 2144/5/4
f 2139/2/4 2140/2/4 2145/2/4
f 2144/5/4 2139/5/4 2145/5/4
f 2140/7/4 2141/7/4 2146/7/4
f 2145/2/4 2140/2/4 2146/2/4
f 2146/7/4 2141/7/4 2147/7/4
f 2148/2/4 2149/2/4 2151/2/4
f 2151/2/4 2149/2/4 2152/2/4
f 2150/8/4 2151/8/4 2154/8/4
f 2154/8/4 2151/8/4 2155/8/4
f 2152/2/4 2153/2/4 2156/2/4
f 2156/2/4 2153/2/4 2157/2/4
f 2155/7/4 2156/7/4 2159/7/4
f 2159/7/4 2156/7/4 2160/7/4
f 2157/4/4 2158/4/4 2161/4/4
f 2161/4/4 2158/4/4 2162/4/4
f 2159/5/4 2160/5/4 2163/5/4
f 2160/5/4 2161/5/4 2163/5/4
f 2163/5/4 2161/5/4 2164/5/4
f 2165/1/4 2166/1/4 2170/1/4
f 2166/4/4 2167/4/4 2171/4/4
f 2170/1/4 2166/1/4 2171/1/4
f 2171/4/4 2167/4/4 2172/4/4
f 2168/7/4 2169/7/4 2173/7/4
f 2173/7/4 2169/7/4 2174/7/4
f 2170/7/4 2171/7/4 2175/7/4
f 2175/7/4 2171/7/4 2176/7/4
f 2172/4/4 2173/4/4 2177/4/4
f 2177/4/4 2173/4/4 2178/4/4
f 2175/6/4 2176/6/4 2180/6/4
f 2176/1/4 2177/1/4 2181/1/4
f 2180/6/4 2176/6/4 2181/6/4
f 2181/1/4 2177/1/4 2182/1/4
f 2178/5/4 2179/5/4 2183/5/4
f 2183/5/4 2179/5/4 2184/5/4
f 2180/8/4 2181/8/4 2185/8/4
f 2181/9/4 2182/9/4 2186/9/4
f 2185/8/4 2181/8/4 2186/8/4
f 2182/7/4 2183/7/4 2187/7/4
f 2186/9/4 2182/9/4 2187/9/4
f 2187/7/4 2183/7/4 2188/7/4
f 2189/2/4 2190/2/4 2193/2/4
f 2193/2/4 2190/2/4 2194/2/4
f 2191/6/4 2192/6/4 2195/6/4
f 2195/6/4 2192/6/4 2196/6/4
f 2194/1/4 2195/1/4 2199/1/4
f 2199/1/4 2195/1/4 2200/1/4
f 2196/3/4 2197/3/4 2201/3/4
f 2201/3/4 2197/3/4 2202/3/4
f 2198/1/4 2199/1/4 2206/1/4
f 2206/1/4 2199/1/4 2207/1/4
f 2200/7/4 2201/7/4 2208/7/4
f 2208/7/4 2201/7/4 2209/7/4
f 2203/9/4 2204/9/4 2211/9/4
f 2204/5/4 2205/5/4 2212/5/4
f 2211/9/4 2204/9/4 2212/9/4
f 2205/6/4 2206/6/4 2213/6/4
f 2212/5/4 2205/5/4 2213/5/4
f 2213/6/4 2206/6/4 2214/6/4
f 2207/6/4 2208/6/4 2215/6/4
f 2215/6/4 2208/6/4 2216/6/4
f 2209/1/4 2210/1/4 2217/1/4
f 2217/1/4 2210/1/4 2218/1/4
f 2222/9/5 2220/9/5 2219/9/5
f 2223/9/5 2220/9/5 2222/9/5
f 2225/9/5 2222/9/5 2221/9/5
f 2225/9/5 2224/9/5 2223/9/5
f 2225/9/5 2223/9/5 2222/9/5
f 2226/9/5 2224/9/5 2225/9/5
f 2227/9/5 2224/9/5 2226/9/5
f 2228/9/5 2224/9/5 2227/9/5
f 2229/9/5 2227/9/5 2226/9/5
f 2230/9/5 2227/9/5 2229/9/5
f 2233/9/5 2232/9/5 2231/9/5
f 2234/9/5 2232/9/5 2233/9/5
f 2238/5/5 2236/5/5 2235/5/5
f 2239/9/5 2237/9/5 2236/9/5
f 2239/5/5 2236/5/5 2238/5/5
f 2240/9/5 2237/9/5 2239/9/5
f 2242/9/5 2241/9/5 2240/9/5
f 2242/9/5 2240/9/5 2239/9/5
f 2243/9/5 2241/9/5 2242/9/5
f 2244/9/5 2242/9/5 2239/9/5
f 2245/9/5 2242/9/5 2244/9/5
f 2248/9/5 2247/9/5 2246/9/5
f 2249/9/5 2247/9/5 2248/9/5
f 2252/4/5 2251/4/5 2250/4/5
f 2253/4/5 2251/4/5 2252/4/5
f 2257/6/5 2254/6/5 2253/6/5
f 2258/6/5 2254/6/5 2257/6/5
f 2259/3/5 2256/3/5 2255/3/5
f 2260/3/5 2256/3/5 2259/3/5
f 2262/9/5 2261/9/5 2260/9/5
f 2263/9/5 2261/9/5 2262/9/5
f 2264/9/5 2261/9/5 2263/9/5
f 2265/9/5 2261/9/5 2264/9/5
f 2266/8/5 2264/8/5 2263/8/5
f 2267/8/5 2264/8/5 2266/8/5
f 2270/9/5 2269/9/5 2268/9/5
f 2271/9/5 2269/9/5 2270/9/5
f 2273/9/5 2271/9/5 2270/9/5
f 2273/9/5 2272/9/5 2271/9/5
f 2274/9/5 2272/9/5 2273/9/5
f 2275/9/5 2272/9/5 2274/9/5
f 2277/3/5 2276/3/5 2275/3/5
f 2277/9/5 2275/9/5 2274/9/5
f 2278/3/5 2276/3/5 2277/3/5
f 2279/9/5 2277/9/5 2274/9/5
f 2280/9/5 2277/9/5 2279/9/5
f 2284/2/5 2282/2/5 2281/2/5
f 2285/2/5 2282/2/5 2284/2/5
f 2288/4/5 2284/4/5 2283/4/5
f 2289/3/5 2285/3/5 2284/3/5
f 2289/4/5 2284/4/5 2288/4/5
f 2290/3/5 2285/3/5 2289/3/5
f 2291/5/5 2287/5/5 2286/5/5
f 2292/5/5 2287/5/5 2291/5/5
f 2294/1/5 2293/1/5 2292/1/5
f 2295/1/5 2293/1/5 2294/1/5
f 2301/9/5 2297/9/5 2296/9/5
f 2302/9/5 2297/9/5 2301/9/5
f 2304/1/5 2299/1/5 2298/1/5
f 2305/3/5 2300/3/5 2299/3/5
f 2305/1/5 2299/1/5 2304/1/5
f 2306/3/5 2300/3/5 2305/3/5
f 2307/3/5 2300/3/5 2306/3/5
f 2311/7/5 2306/7/5 2305/7/5
f 2312/7/5 2306/7/5 2311/7/5
f 2316/9/5 2303/9/5 2302/9/5
f 2317/9/5 2303/9/5 2316/9/5
f 2318/1/5 2309/1/5 2308/1/5
f 2319/1/5 2309/1/5 2318/1/5
f 2321/2/5 2311/2/5 2310/2/5
f 2322/8/5 2312/8/5 2311/8/5
f 2322/2/5 2311/2/5 2321/2/5
f 2323/8/5 2312/8/5 2322/8/5
f 2325/7/5 2314/7/5 2313/7/5
f 2326/6/5 2315/6/5 2314/6/5
f 2326/7/5 2314/7/5 2325/7/5
f 2327/3/5 2316/3/5 2315/3/5
f 2327/6/5 2315/6/5 2326/6/5
f 2328/1/5 2317/1/5 2316/1/5
f 2328/3/5 2316/3/5 2327/3/5
f 2329/1/5 2317/1/5 2328/1/5
f 2330/7/5 2320/7/5 2319/7/5
f 2331/7/5 2320/7/5 2330/7/5
f 2332/7/5 2322/7/5 2321/7/5
f 2333/6/5 2323/6/5 2322/6/5
f 2333/7/5 2322/7/5 2332/7/5
f 2334/2/5 2324/2/5 2323/2/5
f 2334/6/5 2323/6/5 2333/6/5
f 2335/2/5 2324/2/5 2334/2/5
f 2336/8/5 2327/8/5 2326/8/5
f 2337/8/5 2327/8/5 2336/8/5
f 2340/7/5 2339/7/5 2338/7/5
f 2341/7/5 2339/7/5 2340/7/5
f 2352/5/5 2343/5/5 2342/5/5
f 2353/4/5 2344/4/5 2343/4/5
f 2353/5/5 2343/5/5 2352/5/5
f 2354/2/5 2345/2/5 2344/2/5
f 2354/4/5 2344/4/5 2353/4/5
f 2355/6/5 2346/6/5 2345/6/5
f 2355/2/5 2345/2/5 2354/2/5
f 2356/6/5 2346/6/5 2355/6/5
f 2358/6/5 2348/6/5 2347/6/5
f 2359/7/5 2349/7/5 2348/7/5
f 2359/6/5 2348/6/5 2358/6/5
f 2360/7/5 2349/7/5 2359/7/5
f 2361/8/5 2351/8/5 2350/8/5
f 2362/8/5 2351/8/5 2361/8/5
f 2363/2/5 2353/2/5 2352/2/5
f 2363/2/5 2354/2/5 2353/2/5
f 2364/2/5 2354/2/5 2363/2/5
f 2365/6/5 2355/6/5 2354/6/5
f 2365/2/5 2354/2/5 2364/2/5
f 2366/8/5 2356/8/5 2355/8/5
f 2366/6/5 2355/6/5 2365/6/5
f 2367/8/5 2356/8/5 2366/8/5
f 2368/6/5 2358/6/5 2357/6/5
f 2369/9/5 2360/9/5 2359/9/5
f 2369/6/5 2358/6/5 2368/6/5
f 2369/9/5 2361/9/5 2360/9/5
f 2369/9/5 2359/9/5 2358/9/5
f 2370/9/5 2361/9/5 2369/9/5
f 2371/9/5 2361/9/5 2370/9/5
f 2372/9/5 2361/9/5 2371/9/5
f 2373/8/5 2364/8/5 2363/8/5
f 2374/4/5 2365/4/5 2364/4/5
f 2374/8/5 2364/8/5 2373/8/5
f 2375/5/5 2366/5/5 2365/5/5
f 2375/4/5 2365/4/5 2374/4/5
f 2376/1/5 2367/1/5 2366/1/5
f 2376/5/5 2366/5/5 2375/5/5
f 2382/6/5 2371/6/5 2370/6/5
f 2383/6/5 2371/6/5 2382/6/5
f 2384/5/5 2374/5/5 2373/5/5
f 2385/1/5 2375/1/5 2374/1/5
f 2385/5/5 2374/5/5 2384/5/5
f 2386/6/5 2376/6/5 2375/6/5
f 2386/1/5 2375/1/5 2385/1/5
f 2387/1/5 2367/1/5 2376/1/5
f 2387/6/5 2376/6/5 2386/6/5
f 2388/1/5 2367/1/5 2387/1/5
f 2389/3/5 2378/3/5 2377/3/5
f 2391/6/5 2380/6/5 2379/6/5
f 2392/7/5 2381/7/5 2380/7/5
f 2392/6/5 2380/6/5 2391/6/5
f 2393/6/5 2382/6/5 2381/6/5
f 2393/7/5 2381/7/5 2392/7/5
f 2394/6/5 2382/6/5 2393/6/5
f 2395/3/5 2378/3/5 2389/3/5
f 2396/3/5 2378/3/5 2395/3/5
f 2397/2/5 2391/2/5 2390/2/5
f 2398/7/5 2392/7/5 2391/7/5
f 2398/2/5 2391/2/5 2397/2/5
f 2399/2/5 2394/2/5 2393/2/5
f 2399/7/5 2392/7/5 2398/7/5
f 2399/2/5 2393/2/5 2392/2/5
f 2400/2/5 2394/2/5 2399/2/5
f 2401/6/5 2398/6/5 2397/6/5
f 2401/6/5 2399/6/5 2398/6/5
f 2402/6/5 2399/6/5 2401/6/5
f 2403/3/5 2400/3/5 2399/3/5
f 2403/6/5 2399/6/5 2402/6/5
f 2404/2/5 2394/2/5 2400/2/5
f 2404/3/5 2400/3/5 2403/3/5
f 2405/2/5 2394/2/5 2404/2/5
f 2406/8/5 2403/8/5 2402/8/5
f 2407/8/5 2403/8/5 2406/8/5
f 2411/6/5 2409/6/5 2408/6/5
f 2412/8/5 2410/8/5 2409/8/5
f 2412/6/5 2409/6/5 2411/6/5
f 2413/8/5 2410/8/5 2412/8/5
f 2418/8/5 2412/8/5 2411/8/5
f 2419/6/5 2413/6/5 2412/6/5
f 2419/8/5 2412/8/5 2418/8/5
f 2420/4/5 2414/4/5 2413/4/5
f 2420/6/5 2413/6/5 2419/6/5
f 2421/4/5 2414/4/5 2420/4/5
f 2425/9/5 2416/9/5 2415/9/5
f 2426/8/5 2418/8/5 2417/8/5
f 2427/4/5 2419/4/5 2418/4/5
f 2427/8/5 2418/8/5 2426/8/5
f 2428/4/5 2419/4/5 2427/4/5
f 2429/8/5 2421/8/5 2420/8/5
f 2430/3/5 2422/3/5 2421/3/5
f 2430/8/5 2421/8/5 2429/8/5
f 2431/3/5 2422/3/5 2430/3/5
f 2432/8/5 2424/8/5 2423/8/5
f 2433/8/5 2424/8/5 2432/8/5
f 2434/9/5 2425/9/5 2415/9/5
f 2435/9/5 2425/9/5 2434/9/5
f 2436/8/5 2427/8/5 2426/8/5
f 2437/6/5 2429/6/5 2428/6/5
f 2437/8/5 2427/8/5 2436/8/5
f 2437/6/5 2428/6/5 2427/6/5
f 2438/6/5 2429/6/5 2437/6/5
f 2439/3/5 2430/3/5 2429/3/5
f 2439/6/5 2429/6/5 2438/6/5
f 2440/3/5 2430/3/5 2439/3/5
f 2444/4/5 2438/4/5 2437/4/5
f 2444/4/5 2437/4/5 2436/4/5
f 2445/4/5 2438/4/5 2444/4/5
f 2446/7/5 2439/7/5 2438/7/5
f 2446/4/5 2438/4/5 2445/4/5
f 2447/8/5 2440/8/5 2439/8/5
f 2447/7/5 2439/7/5 2446/7/5
f 2450/1/5 2442/1/5 2441/1/5
f 2451/2/5 2443/2/5 2442/2/5
f 2451/1/5 2442/1/5 2450/1/5
f 2452/2/5 2443/2/5 2451/2/5
f 2456/1/5 2445/1/5 2444/1/5
f 2457/2/5 2446/2/5 2445/2/5
f 2457/2/5 2447/2/5 2446/2/5
f 2457/1/5 2445/1/5 2456/1/5
f 2458/2/5 2447/2/5 2457/2/5
f 2459/8/5 2440/8/5 2447/8/5
f 2459/2/5 2447/2/5 2458/2/5
f 2460/8/5 2440/8/5 2459/8/5
f 2461/2/5 2449/2/5 2448/2/5
f 2462/2/5 2449/2/5 2461/2/5
f 2465/6/5 2454/6/5 2453/6/5
f 2466/1/5 2455/1/5 2454/1/5
f 2466/6/5 2454/6/5 2465/6/5
f 2467/6/5 2456/6/5 2455/6/5
f 2467/1/5 2455/1/5 2466/1/5
f 2468/2/5 2457/2/5 2456/2/5
f 2468/6/5 2456/6/5 2467/6/5
f 2469/5/5 2458/5/5 2457/5/5
f 2469/2/5 2457/2/5 2468/2/5
f 2470/6/5 2459/6/5 2458/6/5
f 2470/5/5 2458/5/5 2469/5/5
f 2471/6/5 2459/6/5 2470/6/5
f 2474/9/5 2464/9/5 2463/9/5
f 2475/9/5 2464/9/5 2474/9/5
f 2476/3/5 2466/3/5 2465/3/5
f 2477/2/5 2468/2/5 2467/2/5
f 2477/3/5 2466/3/5 2476/3/5
f 2477/2/5 2467/2/5 2466/2/5
f 2478/2/5 2468/2/5 2477/2/5
f 2479/2/5 2468/2/5 2478/2/5
f 2480/5/5 2470/5/5 2469/5/5
f 2481/3/5 2471/3/5 2470/3/5
f 2481/5/5 2470/5/5 2480/5/5
f 2482/3/5 2471/3/5 2481/3/5
f 2483/6/5 2473/6/5 2472/6/5
f 2484/6/5 2473/6/5 2483/6/5
f 2495/7/5 2477/7/5 2476/7/5
f 2496/1/5 2478/1/5 2477/1/5
f 2496/7/5 2477/7/5 2495/7/5
f 2497/2/5 2479/2/5 2478/2/5
f 2497/1/5 2478/1/5 2496/1/5
f 2498/7/5 2480/7/5 2479/7/5
f 2498/2/5 2479/2/5 2497/2/5
f 2499/7/5 2480/7/5 2498/7/5
f 2500/2/5 2486/2/5 2485/2/5
f 2501/2/5 2486/2/5 2500/2/5
f 2502/7/5 2488/7/5 2487/7/5
f 2503/5/5 2489/5/5 2488/5/5
f 2503/7/5 2488/7/5 2502/7/5
f 2504/5/5 2489/5/5 2503/5/5
f 2505/1/5 2491/1/5 2490/1/5
f 2506/7/5 2492/7/5 2491/7/5
f 2506/1/5 2491/1/5 2505/1/5
f 2507/6/5 2493/6/5 2492/6/5
f 2507/7/5 2492/7/5 2506/7/5
f 2508/8/5 2494/8/5 2493/8/5
f 2508/6/5 2493/6/5 2507/6/5
f 2509/8/5 2494/8/5 2508/8/5
f 2510/2/5 2496/2/5 2495/2/5
f 2511/2/5 2496/2/5 2510/2/5
f 2512/1/5 2498/1/5 2497/1/5
f 2513/1/5 2498/1/5 2512/1/5
f 2520/3/5 2515/3/5 2514/3/5
f 2521/4/5 2516/4/5 2515/4/5
f 2521/3/5 2515/3/5 2520/3/5
f 2522/4/5 2516/4/5 2521/4/5
f 2524/6/5 2518/6/5 2517/6/5
f 2525/6/5 2518/6/5 2524/6/5
f 2528/3/5 2520/3/5 2519/3/5
f 2529/9/5 2521/9/5 2520/9/5
f 2529/3/5 2520/3/5 2528/3/5
f 2530/8/5 2522/8/5 2521/8/5
f 2530/9/5 2521/9/5 2529/9/5
f 2531/2/5 2523/2/5 2522/2/5
f 2531/8/5 2522/8/5 2530/8/5
f 2532/2/5 2523/2/5 2531/2/5
f 2533/7/5 2527/7/5 2526/7/5
f 2534/2/5 2528/2/5 2527/2/5
f 2534/7/5 2527/7/5 2533/7/5
f 2535/5/5 2529/5/5 2528/5/5
f 2535/2/5 2528/2/5 2534/2/5
f 2536/5/5 2529/5/5 2535/5/5
f 2541/3/5 2535/3/5 2534/3/5
f 2542/3/5 2535/3/5 2541/3/5
f 2543/8/5 2538/8/5 2537/8/5
f 2544/2/5 2539/2/5 2538/2/5
f 2544/8/5 2538/8/5 2543/8/5
f 2545/3/5 2540/3/5 2539/3/5
f 2545/2/5 2539/2/5 2544/2/5
f 2546/3/5 2540/3/5 2545/3/5
f 2547/1/5 2545/1/5 2544/1/5
f 2548/1/5 2545/1/5 2547/1/5
f 2557/4/5 2550/4/5 2549/4/5
f 2558/4/5 2550/4/5 2557/4/5
f 2561/2/5 2552/2/5 2551/2/5
f 2562/2/5 2552/2/5 2561/2/5
f 2563/1/5 2554/1/5 2553/1/5
f 2564/1/5 2554/1/5 2563/1/5
f 2567/3/5 2556/3/5 2555/3/5
f 2568/9/5 2557/9/5 2556/9/5
f 2568/3/5 2556/3/5 2567/3/5
f 2569/4/5 2558/4/5 2557/4/5
f 2569/9/5 2557/9/5 2568/9/5
f 2570/4/5 2558/4/5 2569/4/5
f 2574/5/5 2560/5/5 2559/5/5
f 2575/5/5 2560/5/5 2574/5/5
f 2576/2/5 2566/2/5 2565/2/5
f 2577/2/5 2566/2/5 2576/2/5
f 2578/1/5 2572/1/5 2571/1/5
f 2579/1/5 2572/1/5 2578/1/5
f 2580/6/5 2574/6/5 2573/6/5
f 2581/6/5 2574/6/5 2580/6/5
f 2588/5/5 2583/5/5 2582/5/5
f 2589/5/5 2583/5/5 2588/5/5
f 2590/7/5 2585/7/5 2584/7/5
f 2591/7/5 2585/7/5 2590/7/5
f 2592/7/5 2587/7/5 2586/7/5
f 2593/7/5 2587/7/5 2592/7/5
f 2594/7/5 2589/7/5 2588/7/5
f 2595/7/5 2589/7/5 2594/7/5
f 2599/6/5 2595/6/5 2594/6/5
f 2600/1/5 2596/1/5 2595/1/5
f 2600/6/5 2595/6/5 2599/6/5
f 2601/1/5 2596/1/5 2600/1/5
f 2602/2/5 2598/2/5 2597/2/5
f 2603/2/5 2598/2/5 2602/2/5
f 2606/6/5 2601/6/5 2600/6/5
f 2607/6/5 2601/6/5 2606/6/5
f 2608/3/5 2603/3/5 2602/3/5
f 2609/3/5 2603/3/5 2608/3/5
f 2610/7/5 2605/7/5 2604/7/5
f 2611/7/5 2605/7/5 2610/7/5
f 2620/4/5 2613/4/5 2612/4/5
f 2621/4/5 2613/4/5 2620/4/5
f 2622/4/5 2615/4/5 2614/4/5
f 2623/4/5 2615/4/5 2622/4/5
f 2624/6/5 2617/6/5 2616/6/5
f 2625/6/5 2617/6/5 2624/6/5
f 2626/7/5 2619/7/5 2618/7/5
f 2627/7/5 2619/7/5 2626/7/5
f 2632/7/5 2629/7/5 2628/7/5
f 2633/7/5 2629/7/5 2632/7/5
f 2634/3/5 2631/3/5 2630/3/5
f 2635/3/5 2631/3/5 2634/3/5
f 2638/6/5 2637/6/5 2636/6/5
f 2639/6/5 2637/6/5 2638/6/5
f 2644/1/5 2639/1/5 2638/1/5
f 2645/1/5 2639/1/5 2644/1/5
f 2646/3/5 2641/3/5 2640/3/5
f 2647/3/5 2641/3/5 2646/3/5
f 2648/2/5 2643/2/5 2642/2/5
f 2649/2/5 2643/2/5 2648/2/5
f 2652/3/5 2651/3/5 2650/3/5
f 2653/3/5 2651/3/5 2652/3/5
f 2662/7/5 2655/7/5 2654/7/5
f 2663/7/5 2655/7/5 2662/7/5
f 2664/5/5 2657/5/5 2656/5/5
f 2665/5/5 2657/5/5 2664/5/5
f 2666/3/5 2659/3/5 2658/3/5
f 2667/3/5 2659/3/5 2666/3/5
f 2668/1/5 2661/1/5 2660/1/5
f 2669/1/5 2661/1/5 2668/1/5
f 2677/3/5 2671/3/5 2670/3/5
f 2678/3/5 2671/3/5 2677/3/5
f 2679/1/5 2673/1/5 2672/1/5
f 2680/1/5 2673/1/5 2679/1/5
f 2682/7/5 2675/7/5 2674/7/5
f 2683/7/5 2675/7/5 2682/7/5
f 2684/2/5 2677/2/5 2676/2/5
f 2685/2/5 2677/2/5 2684/2/5
f 2686/5/5 2680/5/5 2679/5/5
f 2687/3/5 2681/3/5 2680/3/5
f 2687/5/5 2680/5/5 2686/5/5
f 2688/3/5 2681/3/5 2687/3/5
f 2691/8/5 2690/8/5 2689/8/5
f 2692/8/5 2690/8/5 2691/8/5
f 2696/1/5 2693/1/5 2692/1/5
f 2697/1/5 2693/1/5 2696/1/5
f 2698/2/5 2695/2/5 2694/2/5
f 2699/2/5 2695/2/5 2698/2/5
f 2706/4/5 2701/4/5 2700/4/5
f 2707/4/5 2701/4/5 2706/4/5
f 2708/7/5 2703/7/5 2702/7/5
f 2709/7/5 2703/7/5 2708/7/5
f 2711/4/5 2705/4/5 2704/4/5
f 2712/4/5 2705/4/5 2711/4/5
f 2713/8/5 2711/8/5 2710/8/5
f 2714/8/5 2711/8/5 2713/8/5
f 2717/5/5 2716/5/5 2715/5/5
f 2718/5/5 2716/5/5 2717/5/5
f 2721/1/5 2720/1/5 2719/1/5
f 2722/1/5 2720/1/5 2721/1/5
f 2723/9/6 2724/9/6 2726/9/6
f 2726/9/6 2724/9/6 2727/9/6
f 2725/9/6 2726/9/6 2728/9/6
f 2728/9/6 2726/9/6 2729/9/6
f 2730/9/6 2731/9/6 2733/9/6
f 2733/9/6 2731/9/6 2734/9/6
f 2732/9/6 2733/9/6 2735/9/6
f 2735/9/6 2733/9/6 2736/9/6
f 2737/5/6 2738/5/6 2739/5/6
f 2739/5/6 2738/5/6 2740/5/6
f 2742/9/6 2743/9/6 2744/9/6
f 2741/9/6 2742/9/6 2744/9/6
f 2740/9/6 2741/9/6 2744/9/6
f 2744/9/6 2743/9/6 2745/9/6
f 2740/9/6 2744/9/6 2746/9/6
f 2746/9/6 2744/9/6 2747/9/6
f 2748/9/6 2749/9/6 2750/9/6
f 2750/9/6 2749/9/6 2751/9/6
f 2752/4/6 2753/4/6 2754/4/6
f 2754/4/6 2753/4/6 2755/4/6
f 2755/6/6 2756/6/6 2759/6/6
f 2759/6/6 2756/6/6 2760/6/6
f 2757/3/6 2758/3/6 2761/3/6
f 2761/3/6 2758/3/6 2762/3/6
f 2762/9/6 2763/9/6 2764/9/6
f 2761/9/6 2762/9/6 2764/9/6
f 2764/9/6 2763/9/6 2765/9/6
f 2765/8/6 2766/8/6 2767/8/6
f 2767/8/6 2766/8/6 2768/8/6
f 2769/9/6 2770/9/6 2771/9/6
f 2771/9/6 2770/9/6 2772/9/6
f 2772/9/6 2770/9/6 2773/9/6
f 2774/9/6 2775/9/6 2777/9/6
f 2775/3/6 2776/3/6 2778/3/6
f 2777/9/6 2775/9/6 2778/9/6
f 2778/3/6 2776/3/6 2779/3/6
f 2780/2/6 2781/2/6 2782/2/6
f 2782/2/6 2781/2/6 2783/2/6
f 2782/3/6 2783/3/6 2787/3/6
f 2783/6/6 2784/6/6 2788/6/6
f 2787/3/6 2783/3/6 2788/3/6
f 2788/6/6 2784/6/6 2789/6/6
f 2785/5/6 2786/5/6 2791/5/6
f 2791/5/6 2786/5/6 2792/5/6
f 2790/8/6 2791/8/6 2794/8/6
f 2794/8/6 2791/8/6 2795/8/6
f 2792/1/6 2793/1/6 2796/1/6
f 2796/1/6 2793/1/6 2797/1/6
f 2798/9/6 2799/9/6 2802/9/6
f 2802/9/6 2799/9/6 2803/9/6
f 2800/1/6 2801/1/6 2805/1/6
f 2805/1/6 2801/1/6 2806/1/6
f 2803/9/6 2804/9/6 2807/9/6
f 2807/9/6 2804/9/6 2808/9/6
f 2809/1/6 2810/1/6 2817/1/6
f 2817/1/6 2810/1/6 2818/1/6
f 2811/7/6 2812/7/6 2822/7/6
f 2822/7/6 2812/7/6 2823/7/6
f 2813/3/6 2814/3/6 2824/3/6
f 2814/1/6 2815/1/6 2825/1/6
f 2824/3/6 2814/3/6 2825/3/6
f 2825/1/6 2815/1/6 2826/1/6
f 2816/6/6 2817/6/6 2827/6/6
f 2827/6/6 2817/6/6 2828/6/6
f 2818/7/6 2819/7/6 2829/7/6
f 2829/7/6 2819/7/6 2830/7/6
f 2820/6/6 2821/6/6 2831/6/6
f 2831/6/6 2821/6/6 2832/6/6
f 2823/8/6 2824/8/6 2833/8/6
f 2833/8/6 2824/8/6 2834/8/6
f 2835/7/6 2836/7/6 2837/7/6
f 2837/7/6 2836/7/6 2838/7/6
f 2837/5/6 2838/5/6 2839/5/6
f 2839/5/6 2838/5/6 2840/5/6
f 2841/7/6 2842/7/6 2847/7/6
f 2847/7/6 2842/7/6 2848/7/6
f 2843/8/6 2844/8/6 2849/8/6
f 2849/8/6 2844/8/6 2850/8/6
f 2845/6/6 2846/6/6 2851/6/6
f 2851/6/6 2846/6/6 2852/6/6
f 2847/9/6 2848/9/6 2853/9/6
f 2848/9/6 2849/9/6 2853/9/6
f 2853/9/6 2849/9/6 2854/9/6
f 2854/9/6 2849/9/6 2855/9/6
f 2853/6/6 2854/6/6 2858/6/6
f 2858/6/6 2854/6/6 2859/6/6
f 2856/3/6 2857/3/6 2860/3/6
f 2860/3/6 2857/3/6 2861/3/6
f 2862/8/6 2863/8/6 2868/8/6
f 2868/8/6 2863/8/6 2869/8/6
f 2864/7/6 2865/7/6 2870/7/6
f 2870/7/6 2865/7/6 2871/7/6
f 2866/1/6 2867/1/6 2872/1/6
f 2872/1/6 2867/1/6 2873/1/6
f 2874/8/6 2875/8/6 2878/8/6
f 2878/8/6 2875/8/6 2879/8/6
f 2876/6/6 2877/6/6 2880/6/6
f 2880/6/6 2877/6/6 2881/6/6
f 2882/8/6 2883/8/6 2885/8/6
f 2885/8/6 2883/8/6 2886/8/6
f 2884/8/6 2885/8/6 2888/8/6
f 2885/6/6 2886/6/6 2889/6/6
f 2888/8/6 2885/8/6 2889/8/6
f 2889/6/6 2886/6/6 2890/6/6
f 2887/8/6 2888/8/6 2897/8/6
f 2897/8/6 2888/8/6 2898/8/6
f 2890/8/6 2891/8/6 2899/8/6
f 2891/3/6 2892/3/6 2900/3/6
f 2899/8/6 2891/8/6 2900/8/6
f 2900/3/6 2892/3/6 2901/3/6
f 2893/5/6 2894/5/6 2902/5/6
f 2902/5/6 2894/5/6 2903/5/6
f 2895/9/6 2896/9/6 2906/9/6
f 2906/9/6 2896/9/6 2907/9/6
f 2904/2/6 2905/2/6 2912/2/6
f 2912/2/6 2905/2/6 2913/2/6
f 2908/8/6 2909/8/6 2914/8/6
f 2914/8/6 2909/8/6 2915/8/6
f 2910/2/6 2911/2/6 2916/2/6
f 2916/2/6 2911/2/6 2917/2/6
f 2918/9/6 2919/9/6 2920/9/6
f 2920/9/6 2919/9/6 2921/9/6
f 2922/6/6 2923/6/6 2924/6/6
f 2924/6/6 2923/6/6 2925/6/6
f 2926/2/6 2927/2/6 2936/2/6
f 2936/2/6 2927/2/6 2937/2/6
f 2928/7/6 2929/7/6 2938/7/6
f 2938/7/6 2929/7/6 2939/7/6
f 2930/7/6 2931/7/6 2940/7/6
f 2940/7/6 2931/7/6 2941/7/6
f 2932/2/6 2933/2/6 2942/2/6
f 2942/2/6 2933/2/6 2943/2/6
f 2934/1/6 2935/1/6 2944/1/6
f 2944/1/6 2935/1/6 2945/1/6
f 2946/3/6 2947/3/6 2951/3/6
f 2947/4/6 2948/4/6 2952/4/6
f 2951/3/6 2947/3/6 2952/3/6
f 2952/4/6 2948/4/6 2953/4/6
f 2949/5/6 2950/5/6 2955/5/6
f 2955/5/6 2950/5/6 2956/5/6
f 2953/2/6 2954/2/6 2961/2/6
f 2961/2/6 2954/2/6 2962/2/6
f 2957/5/6 2958/5/6 2964/5/6
f 2964/5/6 2958/5/6 2965/5/6
f 2959/9/6 2960/9/6 2966/9/6
f 2966/9/6 2960/9/6 2967/9/6
f 2962/3/6 2963/3/6 2969/3/6
f 2969/3/6 2963/3/6 2970/3/6
f 2968/7/6 2969/7/6 2976/7/6
f 2976/7/6 2969/7/6 2977/7/6
f 2970/2/6 2971/2/6 2978/2/6
f 2978/2/6 2971/2/6 2979/2/6
f 2972/8/6 2973/8/6 2982/8/6
f 2982/8/6 2973/8/6 2983/8/6
f 2974/7/6 2975/7/6 2985/7/6
f 2975/1/6 2976/1/6 2986/1/6
f 2985/7/6 2975/7/6 2986/7/6
f 2986/1/6 2976/1/6 2987/1/6
f 2977/4/6 2978/4/6 2988/4/6
f 2988/4/6 2978/4/6 2989/4/6
f 2980/3/6 2981/3/6 2992/3/6
f 2992/3/6 2981/3/6 2993/3/6
f 2983/1/6 2984/1/6 2995/1/6
f 2995/1/6 2984/1/6 2996/1/6
f 2987/1/6 2988/1/6 2998/1/6
f 2998/1/6 2988/1/6 2999/1/6
f 2990/7/6 2991/7/6 3000/7/6
f 2991/2/6 2992/2/6 3001/2/6
f 3000/7/6 2991/7/6 3001/7/6
f 3001/2/6 2992/2/6 3002/2/6
f 2994/4/6 2995/4/6 3004/4/6
f 3004/4/6 2995/4/6 3005/4/6
f 2996/7/6 2997/7/6 3006/7/6
f 3006/7/6 2997/7/6 3007/7/6
f 3002/1/6 3003/1/6 3012/1/6
f 3001/1/6 3002/1/6 3012/1/6
f 3012/1/6 3003/1/6 3013/1/6
f 3005/7/6 3006/7/6 3014/7/6
f 3014/7/6 3006/7/6 3015/7/6
f 3007/7/6 3008/7/6 3016/7/6
f 3016/7/6 3008/7/6 3017/7/6
f 3009/4/6 3010/4/6 3018/4/6
f 3018/4/6 3010/4/6 3019/4/6
f 3011/2/6 3012/2/6 3020/2/6
f 3020/2/6 3012/2/6 3021/2/6
f 3013/1/6 3003/1/6 3022/1/6
f 3022/1/6 3003/1/6 3023/1/6
f 3015/3/6 3016/3/6 3025/3/6
f 3025/3/6 3016/3/6 3026/3/6
f 3024/2/6 3025/2/6 3036/2/6
f 3036/2/6 3025/2/6 3037/2/6
f 3026/5/6 3027/5/6 3038/5/6
f 3038/5/6 3027/5/6 3039/5/6
f 3028/4/6 3029/4/6 3040/4/6
f 3040/4/6 3029/4/6 3041/4/6
f 3030/1/6 3031/1/6 3042/1/6
f 3042/1/6 3031/1/6 3043/1/6
f 3032/1/6 3033/1/6 3044/1/6
f 3044/1/6 3033/1/6 3045/1/6
f 3034/6/6 3035/6/6 3046/6/6
f 3046/6/6 3035/6/6 3047/6/6
f 3048/2/6 3049/2/6 3056/2/6
f 3056/2/6 3049/2/6 3057/2/6
f 3050/5/6 3051/5/6 3060/5/6
f 3060/5/6 3051/5/6 3061/5/6
f 3052/7/6 3053/7/6 3062/7/6
f 3062/7/6 3053/7/6 3063/7/6
f 3054/8/6 3055/8/6 3064/8/6
f 3064/8/6 3055/8/6 3065/8/6
f 3058/7/6 3059/7/6 3070/7/6
f 3070/7/6 3059/7/6 3071/7/6
f 3065/4/6 3066/4/6 3077/4/6
f 3077/4/6 3066/4/6 3078/4/6
f 3067/4/6 3068/4/6 3079/4/6
f 3079/4/6 3068/4/6 3080/4/6
f 3069/5/6 3070/5/6 3081/5/6
f 3081/5/6 3070/5/6 3082/5/6
f 3072/2/6 3073/2/6 3084/2/6
f 3084/2/6 3073/2/6 3085/2/6
f 3074/6/6 3075/6/6 3087/6/6
f 3087/6/6 3075/6/6 3088/6/6
f 3076/4/6 3077/4/6 3092/4/6
f 3092/4/6 3077/4/6 3093/4/6
f 3078/1/6 3079/1/6 3094/1/6
f 3094/1/6 3079/1/6 3095/1/6
f 3083/3/6 3084/3/6 3099/3/6
f 3099/3/6 3084/3/6 3100/3/6
f 3085/5/6 3086/5/6 3101/5/6
f 3101/5/6 3086/5/6 3102/5/6
f 3088/6/6 3089/6/6 3103/6/6
f 3103/6/6 3089/6/6 3104/6/6
f 3090/3/6 3091/3/6 3105/3/6
f 3105/3/6 3091/3/6 3106/3/6
f 3093/3/6 3094/3/6 3108/3/6
f 3108/3/6 3094/3/6 3109/3/6
f 3095/6/6 3096/6/6 3110/6/6
f 3110/6/6 3096/6/6 3111/6/6
f 3097/5/6 3098/5/6 3112/5/6
f 3112/5/6 3098/5/6 3113/5/6
f 3100/2/6 3101/2/6 3115/2/6
f 3101/7/6 3102/7/6 3116/7/6
f 3115/2/6 3101/2/6 3116/2/6
f 3116/7/6 3102/7/6 3117/7/6
f 3107/3/6 3108/3/6 3118/3/6
f 3118/3/6 3108/3/6 3119/3/6
f 3109/1/6 3110/1/6 3120/1/6
f 3120/1/6 3110/1/6 3121/1/6
f 3114/3/6 3115/3/6 3123/3/6
f 3123/3/6 3115/3/6 3124/3/6
f 3116/6/6 3117/6/6 3125/6/6
f 3125/6/6 3117/6/6 3126/6/6
f 3122/2/6 3123/2/6 3131/2/6
f 3131/2/6 3123/2/6 3132/2/6
f 3124/1/6 3125/1/6 3133/1/6
f 3133/1/6 3125/1/6 3134/1/6
f 3127/3/6 3128/3/6 3137/3/6
f 3137/3/6 3128/3/6 3138/3/6
f 3129/6/6 3130/6/6 3140/6/6
f 3140/6/6 3130/6/6 3141/6/6
f 3131/8/6 3132/8/6 3142/8/6
f 3132/8/6 3133/8/6 3142/8/6
f 3142/8/6 3133/8/6 3143/8/6
f 3134/4/6 3135/4/6 3144/4/6
f 3144/4/6 3135/4/6 3145/4/6
f 3136/1/6 3137/1/6 3147/1/6
f 3147/1/6 3137/1/6 3148/1/6
f 3138/6/6 3139/6/6 3149/6/6
f 3149/6/6 3139/6/6 3150/6/6
f 3143/4/6 3144/4/6 3154/4/6
f 3154/4/6 3144/4/6 3155/4/6
f 3146/4/6 3147/4/6 3156/4/6
f 3156/4/6 3147/4/6 3157/4/6
f 3148/7/6 3149/7/6 3158/7/6
f 3158/7/6 3149/7/6 3159/7/6
f 3150/6/6 3151/6/6 3160/6/6
f 3160/6/6 3151/6/6 3161/6/6
f 3152/7/6 3153/7/6 3162/7/6
f 3162/7/6 3153/7/6 3163/7/6
f 3164/7/6 3165/7/6 3168/7/6
f 3168/7/6 3165/7/6 3169/7/6
f 3166/3/6 3167/3/6 3171/3/6
f 3171/3/6 3167/3/6 3172/3/6
f 3170/8/6 3171/8/6 3177/8/6
f 3177/8/6 3171/8/6 3178/8/6
f 3173/3/6 3174/3/6 3180/3/6
f 3180/3/6 3174/3/6 3181/3/6
f 3175/8/6 3176/8/6 3184/8/6
f 3184/8/6 3176/8/6 3185/8/6
f 3179/1/6 3180/1/6 3193/1/6
f 3193/1/6 3180/1/6 3194/1/6
f 3182/6/6 3183/6/6 3195/6/6
f 3183/2/6 3184/2/6 3196/2/6
f 3195/6/6 3183/6/6 3196/6/6
f 3196/2/6 3184/2/6 3197/2/6
f 3185/2/6 3186/2/6 3198/2/6
f 3198/2/6 3186/2/6 3199/2/6
f 3187/3/6 3188/3/6 3200/3/6
f 3200/3/6 3188/3/6 3201/3/6
f 3189/3/6 3190/3/6 3202/3/6
f 3202/3/6 3190/3/6 3203/3/6
f 3191/2/6 3192/2/6 3204/2/6
f 3204/2/6 3192/2/6 3205/2/6
f 3195/2/6 3196/2/6 3207/2/6
f 3207/2/6 3196/2/6 3208/2/6
f 3197/8/6 3198/8/6 3209/8/6
f 3209/8/6 3198/8/6 3210/8/6
f 3206/4/6 3207/4/6 3213/4/6
f 3207/7/6 3208/7/6 3214/7/6
f 3213/4/6 3207/4/6 3214/4/6
f 3208/5/6 3209/5/6 3215/5/6
f 3214/7/6 3208/7/6 3215/7/6
f 3215/5/6 3209/5/6 3216/5/6
f 3210/3/6 3211/3/6 3217/3/6
f 3212/7/6 3213/7/6 3218/7/6
f 3218/7/6 3213/7/6 3219/7/6
f 3219/7/6 3213/7/6 3220/7/6
f 3214/3/6 3215/3/6 3221/3/6
f 3221/3/6 3215/3/6 3222/3/6
f 3216/5/6 3217/5/6 3223/5/6
f 3217/3/6 3211/3/6 3224/3/6
f 3223/5/6 3217/5/6 3224/5/6
f 3224/3/6 3211/3/6 3225/3/6
f 3218/8/6 3219/8/6 3228/8/6
f 3220/2/6 3221/2/6 3229/2/6
f 3229/2/6 3221/2/6 3230/2/6
f 3222/3/6 3223/3/6 3231/3/6
f 3231/3/6 3223/3/6 3232/3/6
f 3226/1/6 3227/1/6 3236/1/6
f 3236/1/6 3227/1/6 3237/1/6
f 3218/8/6 3228/8/6 3238/8/6
f 3238/8/6 3228/8/6 3239/8/6
f 3230/6/6 3231/6/6 3241/6/6
f 3231/7/6 3232/7/6 3242/7/6
f 3241/6/6 3231/6/6 3242/6/6
f 3242/7/6 3232/7/6 3243/7/6
f 3233/7/6 3234/7/6 3244/7/6
f 3244/7/6 3234/7/6 3245/7/6
f 3235/5/6 3236/5/6 3246/5/6
f 3246/5/6 3236/5/6 3247/5/6
f 3239/3/6 3240/3/6 3248/3/6
f 3248/3/6 3240/3/6 3249/3/6
f 3241/1/6 3242/1/6 3250/1/6
f 3250/1/6 3242/1/6 3251/1/6
f 3252/3/6 3253/3/6 3259/3/6
f 3259/3/6 3253/3/6 3260/3/6
f 3254/1/6 3255/1/6 3261/1/6
f 3261/1/6 3255/1/6 3262/1/6
f 3256/7/6 3257/7/6 3263/7/6
f 3263/7/6 3257/7/6 3264/7/6
f 3258/2/6 3259/2/6 3265/2/6
f 3265/2/6 3259/2/6 3266/2/6
f 3267/8/6 3268/8/6 3273/8/6
f 3273/8/6 3268/8/6 3274/8/6
f 3269/8/6 3270/8/6 3275/8/6
f 3275/8/6 3270/8/6 3276/8/6
f 3271/8/6 3272/8/6 3279/8/6
f 3279/8/6 3272/8/6 3280/8/6
f 3274/1/6 3275/1/6 3281/1/6
f 3281/1/6 3275/1/6 3282/1/6
f 3276/2/6 3277/2/6 3283/2/6
f 3283/2/6 3277/2/6 3284/2/6
f 3278/5/6 3279/5/6 3285/5/6
f 3285/5/6 3279/5/6 3286/5/6
f 3286/4/6 3287/4/6 3291/4/6
f 3291/4/6 3287/4/6 3292/4/6
f 3288/1/6 3289/1/6 3294/1/6
f 3294/1/6 3289/1/6 3295/1/6
f 3290/7/6 3291/7/6 3296/7/6
f 3296/7/6 3291/7/6 3297/7/6
f 3293/7/6 3294/7/6 3298/7/6
f 3298/7/6 3294/7/6 3299/7/6
f 3295/6/6 3296/6/6 3300/6/6
f 3300/6/6 3296/6/6 3301/6/6
f 3298/2/6 3299/2/6 3302/2/6
f 3299/1/6 3300/1/6 3303/1/6
f 3302/2/6 3299/2/6 3303/2/6
f 3303/1/6 3300/1/6 3304/1/6
f 3305/4/6 3306/4/6 3312/4/6
f 3312/4/6 3306/4/6 3313/4/6
f 3307/7/6 3308/7/6 3314/7/6
f 3314/7/6 3308/7/6 3315/7/6
f 3309/4/6 3310/4/6 3317/4/6
f 3317/4/6 3310/4/6 3318/4/6
f 3311/1/6 3312/1/6 3319/1/6
f 3312/3/6 3313/3/6 3320/3/6
f 3319/1/6 3312/1/6 3320/1/6
f 3320/3/6 3313/3/6 3321/3/6
f 3316/8/6 3317/8/6 3322/8/6
f 3317/7/6 3318/7/6 3323/7/6
f 3322/8/6 3317/8/6 3323/8/6
f 3318/5/6 3319/5/6 3324/5/6
f 3323/7/6 3318/7/6 3324/7/6
f 3324/5/6 3319/5/6 3325/5/6
f 3323/1/6 3324/1/6 3327/1/6
f 3327/1/6 3324/1/6 3328/1/6
f 3325/2/6 3326/2/6 3329/2/6
f 3329/2/6 3326/2/6 3330/2/6
f 3328/5/6 3329/5/6 3331/5/6
f 3331/5/6 3329/5/6 3332/5/6
f 3333/1/6 3334/1/6 3335/1/6
f 3335/1/6 3334/1/6 3336/1/6
f 3335/8/6 3336/8/6 3340/8/6
f 3336/7/6 3337/7/6 3341/7/6
f 3340/8/6 3336/8/6 3341/8/6
f 3341/7/6 3337/7/6 3342/7/6
f 3338/7/6 3339/7/6 3343/7/6
f 3339/4/6 3340/4/6 3344/4/6
f 3343/7/6 3339/7/6 3344/7/6
f 3344/4/6 3340/4/6 3345/4/6
