# MagicaVoxel @ Ephtracy

# group
o small-1

# material
mtllib bushes-0-small-1.mtl
usemtl palette

# normals
vn -1 0 0
vn 1 0 0
vn 0 0 1
vn 0 0 -1
vn 0 -1 0
vn 0 1 0

# texcoords
vt 0.0644531 0.5
vt 0.0722656 0.5
vt 0.0761719 0.5
vt 0.0800781 0.5
vt 0.0878906 0.5
vt 0.0917969 0.5

# verts
v -1.5 0 12.2
v -1.5 0 12.1
v -1.5 0.1 12.5
v -1.5 0.1 12.4
v -1.5 0.1 12.2
v -1.5 0.1 12.1
v -1.5 0.2 12.5
v -1.5 0.2 12.4
v -1.5 0.2 12.2
v -1.5 0.2 12.1
v -1.4 0 12.6
v -1.4 0 12.5
v -1.4 0 12.4
v -1.4 0 12
v -1.4 0 11.9
v -1.4 0 11.8
v -1.4 0.1 12.7
v -1.4 0.1 12.6
v -1.4 0.1 12.5
v -1.4 0.1 12.4
v -1.4 0.1 12.3
v -1.4 0.1 12.2
v -1.4 0.1 12.1
v -1.4 0.1 12
v -1.4 0.1 11.9
v -1.4 0.1 11.8
v -1.4 0.2 12.7
v -1.4 0.2 12.6
v -1.4 0.2 12.5
v -1.4 0.2 12.4
v -1.4 0.2 12.3
v -1.4 0.2 12.2
v -1.4 0.2 12.1
v -1.4 0.2 12
v -1.4 0.2 11.9
v -1.4 0.2 11.8
v -1.4 0.2 11.7
v -1.4 0.3 12.7
v -1.4 0.3 12.6
v -1.4 0.3 12.5
v -1.4 0.3 12.3
v -1.4 0.3 12.2
v -1.4 0.3 12.1
v -1.4 0.3 11.8
v -1.4 0.3 11.7
v -1.4 0.4 12.6
v -1.4 0.4 12.5
v -1.4 0.5 12.7
v -1.4 0.5 12.6
v -1.4 0.6 12.7
v -1.4 0.6 12.6
v -1.3 0 12.7
v -1.3 0 12.6
v -1.3 0 12.4
v -1.3 0 12.3
v -1.3 0 12.2
v -1.3 0 11.8
v -1.3 0 11.7
v -1.3 0.1 12.7
v -1.3 0.1 12.6
v -1.3 0.1 12.4
v -1.3 0.1 12.3
v -1.3 0.1 12.2
v -1.3 0.1 12
v -1.3 0.1 11.9
v -1.3 0.1 11.8
v -1.3 0.1 11.7
v -1.3 0.1 11.6
v -1.3 0.2 12.1
v -1.3 0.2 12
v -1.3 0.2 11.9
v -1.3 0.2 11.8
v -1.3 0.2 11.7
v -1.3 0.2 11.6
v -1.3 0.3 12.9
v -1.3 0.3 12.8
v -1.3 0.3 12.3
v -1.3 0.3 12.2
v -1.3 0.3 12.1
v -1.3 0.3 12
v -1.3 0.3 11.9
v -1.3 0.3 11.8
v -1.3 0.4 12.9
v -1.3 0.4 12.8
v -1.3 0.4 12.7
v -1.3 0.4 12.6
v -1.3 0.4 12.5
v -1.3 0.4 12.3
v -1.3 0.4 12.2
v -1.3 0.4 12
v -1.3 0.4 11.9
v -1.3 0.5 12.7
v -1.3 0.5 12.6
v -1.3 0.5 12.5
v -1.2 0 12.9
v -1.2 0 12.8
v -1.2 0 12.2
v -1.2 0 12.1
v -1.2 0.1 13
v -1.2 0.1 12.9
v -1.2 0.1 12.8
v -1.2 0.1 12.6
v -1.2 0.1 12.5
v -1.2 0.1 12.2
v -1.2 0.1 12.1
v -1.2 0.1 12
v -1.2 0.1 11.9
v -1.2 0.1 11.8
v -1.2 0.1 11.6
v -1.2 0.1 11.5
v -1.2 0.2 13
v -1.2 0.2 12.9
v -1.2 0.2 12.8
v -1.2 0.2 12.7
v -1.2 0.2 12.6
v -1.2 0.2 12.5
v -1.2 0.2 12.2
v -1.2 0.2 12.1
v -1.2 0.2 12
v -1.2 0.2 11.9
v -1.2 0.2 11.8
v -1.2 0.2 11.6
v -1.2 0.2 11.5
v -1.2 0.3 12.9
v -1.2 0.3 12.8
v -1.2 0.3 12.7
v -1.2 0.3 12.6
v -1.2 0.3 12.5
v -1.2 0.3 12.4
v -1.2 0.3 12.3
v -1.2 0.3 12.2
v -1.2 0.3 12.1
v -1.2 0.3 12
v -1.2 0.4 12.8
v -1.2 0.4 12.7
v -1.2 0.4 12.6
v -1.2 0.4 12.5
v -1.2 0.4 12.4
v -1.2 0.4 12.3
v -1.2 0.4 12.2
v -1.2 0.4 12.1
v -1.2 0.4 12
v -1.2 0.5 12.8
v -1.2 0.5 12.7
v -1.2 0.5 12.6
v -1.2 0.5 12.5
v -1.2 0.6 12.6
v -1.2 0.6 12.5
v -1.1 0 13.1
v -1.1 0 13
v -1.1 0 12.9
v -1.1 0 12.6
v -1.1 0 12.5
v -1.1 0 12.4
v -1.1 0 12.3
v -1.1 0 12.2
v -1.1 0 12
v -1.1 0 11.9
v -1.1 0 11.7
v -1.1 0 11.6
v -1.1 0 11.5
v -1.1 0.1 13.2
v -1.1 0.1 13.1
v -1.1 0.1 13
v -1.1 0.1 12.9
v -1.1 0.1 12.8
v -1.1 0.1 12.6
v -1.1 0.1 12.5
v -1.1 0.1 12.4
v -1.1 0.1 12.3
v -1.1 0.1 12.2
v -1.1 0.1 12
v -1.1 0.1 11.9
v -1.1 0.1 11.7
v -1.1 0.1 11.6
v -1.1 0.1 11.5
v -1.1 0.2 13.2
v -1.1 0.2 13.1
v -1.1 0.2 13
v -1.1 0.2 12.9
v -1.1 0.2 12.8
v -1.1 0.2 12.7
v -1.1 0.2 12.6
v -1.1 0.2 12
v -1.1 0.2 11.9
v -1.1 0.2 11.7
v -1.1 0.2 11.6
v -1.1 0.3 13.1
v -1.1 0.3 13
v -1.1 0.3 12.9
v -1.1 0.3 12.7
v -1.1 0.3 12.6
v -1.1 0.3 12.5
v -1.1 0.3 12.4
v -1.1 0.3 12.3
v -1.1 0.3 12.2
v -1.1 0.3 12
v -1.1 0.3 11.9
v -1.1 0.3 11.7
v -1.1 0.3 11.6
v -1.1 0.4 13
v -1.1 0.4 12.9
v -1.1 0.4 12.8
v -1.1 0.4 12.5
v -1.1 0.4 12.4
v -1.1 0.4 12.3
v -1.1 0.4 12.2
v -1.1 0.4 12.1
v -1.1 0.4 12
v -1.1 0.4 11.9
v -1.1 0.4 11.7
v -1.1 0.4 11.6
v -1.1 0.5 12.9
v -1.1 0.5 12.8
v -1.1 0.5 12.5
v -1.1 0.5 12.3
v -1.1 0.5 12.2
v -1.1 0.5 12.1
v -1.1 0.6 12.9
v -1.1 0.6 12.8
v -1.1 0.6 12.7
v -1.1 0.6 12.6
v -1.1 0.6 12.5
v -1.1 0.6 12.3
v -1.1 0.6 12.2
v -1.1 0.7 12.7
v -1.1 0.7 12.6
v -1.1 0.7 12.5
v -1 0 13.2
v -1 0 13.1
v -1 0 12.4
v -1 0 12.3
v -1 0 11.8
v -1 0 11.7
v -1 0.1 13.2
v -1 0.1 13.1
v -1 0.1 12.8
v -1 0.1 12.7
v -1 0.1 12.4
v -1 0.1 12.3
v -1 0.1 12.2
v -1 0.1 12.1
v -1 0.1 11.8
v -1 0.1 11.7
v -1 0.1 11.4
v -1 0.1 11.3
v -1 0.2 12.9
v -1 0.2 12.8
v -1 0.2 12.7
v -1 0.2 12.5
v -1 0.2 12.4
v -1 0.2 12.2
v -1 0.2 12.1
v -1 0.2 11.9
v -1 0.2 11.8
v -1 0.2 11.6
v -1 0.2 11.5
v -1 0.2 11.4
v -1 0.2 11.3
v -1 0.3 13.1
v -1 0.3 13
v -1 0.3 12.9
v -1 0.3 12.8
v -1 0.3 12.7
v -1 0.3 12.5
v -1 0.3 12.4
v -1 0.3 12.3
v -1 0.3 12.2
v -1 0.3 12.1
v -1 0.3 12
v -1 0.3 11.9
v -1 0.3 11.8
v -1 0.3 11.7
v -1 0.3 11.6
v -1 0.3 11.5
v -1 0.3 11.4
v -1 0.3 11.2
v -1 0.4 13.1
v -1 0.4 13
v -1 0.4 12.8
v -1 0.4 12.7
v -1 0.4 12.6
v -1 0.4 12.1
v -1 0.4 12
v -1 0.4 11.8
v -1 0.4 11.7
v -1 0.4 11.5
v -1 0.4 11.4
v -1 0.4 11.3
v -1 0.4 11.2
v -1 0.5 12.7
v -1 0.5 12.6
v -1 0.5 11.8
v -1 0.5 11.7
v -1 0.5 11.6
v -1 0.5 11.4
v -1 0.5 11.3
v -1 0.6 11.8
v -1 0.6 11.7
v -1 0.6 11.6
v -1 0.6 11.4
v -1 0.6 11.3
v -0.9 0 13.1
v -0.9 0 13
v -0.9 0 12.8
v -0.9 0 12.7
v -0.9 0 11.6
v -0.9 0 11.5
v -0.9 0 11.4
v -0.9 0.1 13.1
v -0.9 0.1 13
v -0.9 0.1 12.9
v -0.9 0.1 12.8
v -0.9 0.1 12.7
v -0.9 0.1 11.9
v -0.9 0.1 11.8
v -0.9 0.1 11.7
v -0.9 0.1 11.6
v -0.9 0.1 11.5
v -0.9 0.1 11.4
v -0.9 0.1 11.2
v -0.9 0.1 11.1
v -0.9 0.2 13.3
v -0.9 0.2 13.2
v -0.9 0.2 13.1
v -0.9 0.2 12.9
v -0.9 0.2 12.8
v -0.9 0.2 11.9
v -0.9 0.2 11.8
v -0.9 0.2 11.7
v -0.9 0.2 11.6
v -0.9 0.2 11.5
v -0.9 0.2 11.4
v -0.9 0.2 11.3
v -0.9 0.2 11.2
v -0.9 0.2 11.1
v -0.9 0.3 13.3
v -0.9 0.3 13.2
v -0.9 0.3 13.1
v -0.9 0.3 13
v -0.9 0.3 12.9
v -0.9 0.3 12.8
v -0.9 0.3 12.7
v -0.9 0.3 12.6
v -0.9 0.3 12.4
v -0.9 0.3 12.3
v -0.9 0.3 11.8
v -0.9 0.3 11.7
v -0.9 0.3 11.5
v -0.9 0.3 11.4
v -0.9 0.3 11.3
v -0.9 0.3 11.2
v -0.9 0.4 13
v -0.9 0.4 12.9
v -0.9 0.4 12.8
v -0.9 0.4 12.7
v -0.9 0.4 12.6
v -0.9 0.4 12.5
v -0.9 0.4 12.4
v -0.9 0.4 12.3
v -0.9 0.4 11.8
v -0.9 0.4 11.7
v -0.9 0.4 11.6
v -0.9 0.4 11.5
v -0.9 0.4 11.4
v -0.9 0.5 13
v -0.9 0.5 12.9
v -0.9 0.5 12.6
v -0.9 0.5 12.5
v -0.9 0.5 11.9
v -0.9 0.5 11.8
v -0.9 0.5 11.7
v -0.9 0.5 11.6
v -0.9 0.5 11.5
v -0.9 0.5 11.4
v -0.9 0.6 12.5
v -0.9 0.6 12.4
v -0.9 0.6 11.9
v -0.9 0.6 11.8
v -0.9 0.6 11.7
v -0.9 0.6 11.5
v -0.9 0.6 11.4
v -0.9 0.7 12.5
v -0.9 0.7 12.4
v -0.9 0.7 11.9
v -0.9 0.7 11.8
v -0.9 0.8 11.8
v -0.9 0.8 11.7
v -0.8 0 11.4
v -0.8 0 11.2
v -0.8 0.1 11.5
v -0.8 0.1 11.4
v -0.8 0.1 11.3
v -0.8 0.1 11.2
v -0.8 0.2 12.1
v -0.8 0.2 12
v -0.8 0.2 11.5
v -0.8 0.2 11.4
v -0.8 0.2 11.2
v -0.8 0.2 11.1
v -0.8 0.3 13.1
v -0.8 0.3 13
v -0.8 0.3 12.6
v -0.8 0.3 12.5
v -0.8 0.3 12.4
v -0.8 0.3 12.2
v -0.8 0.3 12.1
v -0.8 0.3 12
v -0.8 0.3 11.9
v -0.8 0.3 11.6
v -0.8 0.3 11.5
v -0.8 0.3 11.2
v -0.8 0.3 11.1
v -0.8 0.4 13.1
v -0.8 0.4 13
v -0.8 0.4 12.8
v -0.8 0.4 12.7
v -0.8 0.4 12.6
v -0.8 0.4 12.4
v -0.8 0.4 12.2
v -0.8 0.4 12.1
v -0.8 0.4 12
v -0.8 0.4 11.9
v -0.8 0.4 11.8
v -0.8 0.4 11.6
v -0.8 0.4 11.5
v -0.8 0.4 11.3
v -0.8 0.4 11.2
v -0.8 0.5 12.8
v -0.8 0.5 12.7
v -0.8 0.5 12.6
v -0.8 0.5 12.5
v -0.8 0.5 12.4
v -0.8 0.5 12.3
v -0.8 0.5 12.1
v -0.8 0.5 12
v -0.8 0.5 11.9
v -0.8 0.5 11.8
v -0.8 0.5 11.7
v -0.8 0.5 11.6
v -0.8 0.5 11.5
v -0.8 0.5 11.3
v -0.8 0.5 11.2
v -0.8 0.6 12.7
v -0.8 0.6 12.6
v -0.8 0.6 12.5
v -0.8 0.6 12.4
v -0.8 0.6 12.3
v -0.8 0.6 12.2
v -0.8 0.6 11.8
v -0.8 0.6 11.7
v -0.8 0.7 12.4
v -0.8 0.7 12.3
v -0.8 0.8 12.8
v -0.8 0.8 12.7
v -0.8 0.8 12.4
v -0.8 0.8 12.3
v -0.8 0.8 12.2
v -0.8 0.9 12.8
v -0.8 0.9 12.7
v -0.7 0.1 13
v -0.7 0.1 12.9
v -0.7 0.1 11.3
v -0.7 0.1 11.2
v -0.7 0.2 13.4
v -0.7 0.2 13.3
v -0.7 0.2 13
v -0.7 0.2 12.9
v -0.7 0.2 11.9
v -0.7 0.2 11.8
v -0.7 0.2 11.5
v -0.7 0.2 11.4
v -0.7 0.2 11.3
v -0.7 0.2 11.2
v -0.7 0.3 13.4
v -0.7 0.3 13.3
v -0.7 0.3 13.2
v -0.7 0.3 13.1
v -0.7 0.3 12.8
v -0.7 0.3 12.7
v -0.7 0.3 11.9
v -0.7 0.3 11.8
v -0.7 0.3 11.5
v -0.7 0.3 11.4
v -0.7 0.4 13.2
v -0.7 0.4 13.1
v -0.7 0.4 13
v -0.7 0.4 12.9
v -0.7 0.4 12.8
v -0.7 0.4 12.7
v -0.7 0.4 12.6
v -0.7 0.4 12.5
v -0.7 0.4 12.4
v -0.7 0.4 12.3
v -0.7 0.4 11.9
v -0.7 0.4 11.8
v -0.7 0.4 11.5
v -0.7 0.4 11.4
v -0.7 0.5 13.1
v -0.7 0.5 13
v -0.7 0.5 12.9
v -0.7 0.5 12.8
v -0.7 0.5 12.7
v -0.7 0.5 12.6
v -0.7 0.5 12.5
v -0.7 0.5 12.4
v -0.7 0.5 12.3
v -0.7 0.5 12.2
v -0.7 0.5 11.5
v -0.7 0.5 11.4
v -0.7 0.6 13
v -0.7 0.6 12.9
v -0.7 0.6 12.3
v -0.7 0.6 12.2
v -0.7 0.6 12.1
v -0.7 0.7 12.8
v -0.7 0.7 12.7
v -0.7 0.7 12.6
v -0.7 0.7 12.5
v -0.7 0.7 12.4
v -0.7 0.7 12.2
v -0.7 0.7 12.1
v -0.7 0.8 12.8
v -0.7 0.8 12.7
v -0.7 0.8 12.6
v -0.7 0.8 12.5
v -0.7 0.8 12.4
v -0.7 0.8 12.3
v -0.7 0.8 12.2
v -0.7 0.9 12.7
v -0.7 0.9 12.6
v -0.7 0.9 12.5
v -0.7 0.9 12.4
v -0.7 0.9 12.3
v -0.7 0.9 12.2
v -0.7 1 12.6
v -0.7 1 12.5
v -0.6 0 13.4
v -0.6 0 13.3
v -0.6 0 13.2
v -0.6 0 11.6
v -0.6 0 11.5
v -0.6 0.1 13.5
v -0.6 0.1 13.4
v -0.6 0.1 13.3
v -0.6 0.1 13.2
v -0.6 0.1 13.1
v -0.6 0.1 11.9
v -0.6 0.1 11.8
v -0.6 0.1 11.7
v -0.6 0.1 11.6
v -0.6 0.1 11.5
v -0.6 0.2 13.5
v -0.6 0.2 13.4
v -0.6 0.2 13.3
v -0.6 0.2 13.2
v -0.6 0.2 13.1
v -0.6 0.2 12.7
v -0.6 0.2 12.6
v -0.6 0.2 12.5
v -0.6 0.2 12.2
v -0.6 0.2 12.1
v -0.6 0.2 12
v -0.6 0.2 11.9
v -0.6 0.2 11.8
v -0.6 0.2 11.7
v -0.6 0.2 11.6
v -0.6 0.2 11.5
v -0.6 0.3 13.5
v -0.6 0.3 13.4
v -0.6 0.3 13.1
v -0.6 0.3 13
v -0.6 0.3 12.9
v -0.6 0.3 12.8
v -0.6 0.3 12.7
v -0.6 0.3 12.6
v -0.6 0.3 12.5
v -0.6 0.3 12.3
v -0.6 0.3 12.2
v -0.6 0.3 12.1
v -0.6 0.3 12
v -0.6 0.3 11.9
v -0.6 0.3 11.8
v -0.6 0.3 11.7
v -0.6 0.3 11.6
v -0.6 0.3 11.5
v -0.6 0.4 13.2
v -0.6 0.4 13.1
v -0.6 0.4 13
v -0.6 0.4 12.9
v -0.6 0.4 12.8
v -0.6 0.4 12.3
v -0.6 0.4 12.2
v -0.6 0.4 12.1
v -0.6 0.4 12
v -0.6 0.4 11.9
v -0.6 0.4 11.8
v -0.6 0.4 11.7
v -0.6 0.4 11.6
v -0.6 0.4 11.5
v -0.6 0.5 13.2
v -0.6 0.5 13.1
v -0.6 0.5 12.8
v -0.6 0.5 12.7
v -0.6 0.5 12.4
v -0.6 0.5 12.3
v -0.6 0.5 12.2
v -0.6 0.5 12.1
v -0.6 0.5 11.8
v -0.6 0.5 11.7
v -0.6 0.6 12.8
v -0.6 0.6 12.7
v -0.6 0.6 12.6
v -0.6 0.6 12.4
v -0.6 0.6 12.3
v -0.6 0.7 12.7
v -0.6 0.7 12.6
v -0.6 0.7 12.5
v -0.6 0.8 12.6
v -0.6 0.8 12.5
v -0.6 0.9 12.7
v -0.6 0.9 12.6
v -0.6 1 12.7
v -0.6 1 12.6
v -0.6 1 12.5
v -0.6 1 12.2
v -0.6 1 12.1
v -0.6 1.1 12.6
v -0.6 1.1 12.5
v -0.6 1.1 12.2
v -0.6 1.1 12.1
v -0.5 0 13.5
v -0.5 0 13.4
v -0.5 0 13.2
v -0.5 0 13.1
v -0.5 0 13
v -0.5 0 12.9
v -0.5 0 11.9
v -0.5 0 11.8
v -0.5 0 11.7
v -0.5 0 11.6
v -0.5 0 11.5
v -0.5 0 11.4
v -0.5 0.1 13.5
v -0.5 0.1 13.4
v -0.5 0.1 13.2
v -0.5 0.1 13.1
v -0.5 0.1 13
v -0.5 0.1 12.9
v -0.5 0.1 12
v -0.5 0.1 11.9
v -0.5 0.1 11.8
v -0.5 0.1 11.7
v -0.5 0.1 11.6
v -0.5 0.2 13.7
v -0.5 0.2 13.6
v -0.5 0.2 13.3
v -0.5 0.2 13.2
v -0.5 0.2 13.1
v -0.5 0.2 13
v -0.5 0.2 12.9
v -0.5 0.2 12.8
v -0.5 0.2 12.7
v -0.5 0.2 12
v -0.5 0.2 11.9
v -0.5 0.2 11.8
v -0.5 0.2 11.5
v -0.5 0.2 11.4
v -0.5 0.3 13.7
v -0.5 0.3 13.6
v -0.5 0.3 13.3
v -0.5 0.3 13.2
v -0.5 0.3 13.1
v -0.5 0.3 13
v -0.5 0.3 12.9
v -0.5 0.3 12.8
v -0.5 0.3 12.7
v -0.5 0.3 12.6
v -0.5 0.3 12.5
v -0.5 0.3 12.4
v -0.5 0.3 12
v -0.5 0.3 11.9
v -0.5 0.3 11.8
v -0.5 0.3 11.7
v -0.5 0.3 11.5
v -0.5 0.3 11.4
v -0.5 0.3 11.3
v -0.5 0.4 13.3
v -0.5 0.4 13.2
v -0.5 0.4 13.1
v -0.5 0.4 13
v -0.5 0.4 12.9
v -0.5 0.4 12.8
v -0.5 0.4 12.7
v -0.5 0.4 12.6
v -0.5 0.4 12.5
v -0.5 0.4 12.4
v -0.5 0.4 12.3
v -0.5 0.4 12.2
v -0.5 0.4 12
v -0.5 0.4 11.9
v -0.5 0.4 11.8
v -0.5 0.4 11.7
v -0.5 0.4 11.6
v -0.5 0.4 11.5
v -0.5 0.4 11.4
v -0.5 0.4 11.3
v -0.5 0.5 13.3
v -0.5 0.5 13.2
v -0.5 0.5 13.1
v -0.5 0.5 13
v -0.5 0.5 12.9
v -0.5 0.5 12.8
v -0.5 0.5 12.7
v -0.5 0.5 12.6
v -0.5 0.5 12.5
v -0.5 0.5 12.3
v -0.5 0.5 12.2
v -0.5 0.5 12
v -0.5 0.5 11.9
v -0.5 0.5 11.6
v -0.5 0.5 11.5
v -0.5 0.5 11.4
v -0.5 0.6 13.2
v -0.5 0.6 13.1
v -0.5 0.6 12.9
v -0.5 0.6 12.8
v -0.5 0.6 12.6
v -0.5 0.6 12.5
v -0.5 0.6 12.3
v -0.5 0.6 12.2
v -0.5 0.7 12.8
v -0.5 0.7 12.7
v -0.5 0.7 12.5
v -0.5 0.7 12.4
v -0.5 0.7 12.3
v -0.5 0.7 12.2
v -0.5 0.7 12.1
v -0.5 0.7 11.9
v -0.5 0.7 11.8
v -0.5 0.7 11.6
v -0.5 0.7 11.5
v -0.5 0.7 11.4
v -0.5 0.8 12.8
v -0.5 0.8 12.7
v -0.5 0.8 12.2
v -0.5 0.8 12.1
v -0.5 0.8 11.9
v -0.5 0.8 11.8
v -0.5 0.8 11.6
v -0.5 0.8 11.5
v -0.5 0.8 11.4
v -0.5 0.9 11.9
v -0.5 0.9 11.8
v -0.5 1 12.1
v -0.5 1 12
v -0.5 1.1 12.1
v -0.5 1.1 12
v -0.5 1.2 12.1
v -0.5 1.2 12
v -0.4 0 13.4
v -0.4 0 13.3
v -0.4 0 12.9
v -0.4 0 12.8
v -0.4 0 11.4
v -0.4 0 11.3
v -0.4 0.1 13.6
v -0.4 0.1 13.5
v -0.4 0.1 13.4
v -0.4 0.1 13.3
v -0.4 0.1 13.1
v -0.4 0.1 13
v -0.4 0.1 12.9
v -0.4 0.1 12.8
v -0.4 0.1 11.9
v -0.4 0.1 11.8
v -0.4 0.1 11.7
v -0.4 0.2 13.6
v -0.4 0.2 13.5
v -0.4 0.2 13.1
v -0.4 0.2 13
v -0.4 0.2 12.9
v -0.4 0.2 12.8
v -0.4 0.2 11.9
v -0.4 0.2 11.8
v -0.4 0.2 11.7
v -0.4 0.2 11.4
v -0.4 0.2 11.3
v -0.4 0.3 13.6
v -0.4 0.3 13.5
v -0.4 0.3 13.4
v -0.4 0.3 11.8
v -0.4 0.3 11.7
v -0.4 0.3 11.6
v -0.4 0.3 11.5
v -0.4 0.4 13.6
v -0.4 0.4 13.5
v -0.4 0.4 13.4
v -0.4 0.4 12.8
v -0.4 0.4 12.7
v -0.4 0.4 12.6
v -0.4 0.4 12.5
v -0.4 0.4 11.7
v -0.4 0.4 11.6
v -0.4 0.4 11.5
v -0.4 0.5 13.1
v -0.4 0.5 13
v -0.4 0.5 12.8
v -0.4 0.5 12.7
v -0.4 0.5 12.6
v -0.4 0.5 12.5
v -0.4 0.5 12.2
v -0.4 0.5 12.1
v -0.4 0.5 12
v -0.4 0.5 11.9
v -0.4 0.5 11.8
v -0.4 0.5 11.7
v -0.4 0.5 11.6
v -0.4 0.5 11.5
v -0.4 0.5 11.4
v -0.4 0.6 13.1
v -0.4 0.6 13
v -0.4 0.6 12.7
v -0.4 0.6 12.6
v -0.4 0.6 12.5
v -0.4 0.6 12.2
v -0.4 0.6 12.1
v -0.4 0.6 12
v -0.4 0.6 11.9
v -0.4 0.6 11.8
v -0.4 0.6 11.5
v -0.4 0.6 11.4
v -0.4 0.7 13
v -0.4 0.7 12.9
v -0.4 0.7 12.8
v -0.4 0.7 12.7
v -0.4 0.7 12.6
v -0.4 0.7 12.5
v -0.4 0.7 12.1
v -0.4 0.7 12
v -0.4 0.7 11.9
v -0.4 0.7 11.7
v -0.4 0.7 11.6
v -0.4 0.8 13
v -0.4 0.8 12.9
v -0.4 0.8 12.8
v -0.4 0.8 12.7
v -0.4 0.8 12.4
v -0.4 0.8 12.3
v -0.4 0.8 12.2
v -0.4 0.8 12
v -0.4 0.8 11.9
v -0.4 0.8 11.7
v -0.4 0.8 11.6
v -0.4 0.8 11.5
v -0.4 0.9 12.8
v -0.4 0.9 12.7
v -0.4 0.9 12.4
v -0.4 0.9 12.3
v -0.4 0.9 12.2
v -0.4 0.9 11.9
v -0.4 0.9 11.8
v -0.4 0.9 11.7
v -0.4 0.9 11.6
v -0.4 0.9 11.5
v -0.4 1 12
v -0.4 1 11.9
v -0.4 1 11.8
v -0.4 1 11.7
v -0.4 1.1 12.2
v -0.4 1.1 12.1
v -0.4 1.1 12
v -0.4 1.1 11.9
v -0.4 1.2 12.2
v -0.4 1.2 12.1
v -0.4 1.3 12.2
v -0.4 1.3 12.1
v -0.3 0 13.1
v -0.3 0 13
v -0.3 0 12.8
v -0.3 0 12.7
v -0.3 0 11.5
v -0.3 0 11.4
v -0.3 0.1 13.1
v -0.3 0.1 13
v -0.3 0.1 12.8
v -0.3 0.1 12.7
v -0.3 0.1 11.6
v -0.3 0.1 11.5
v -0.3 0.1 11.4
v -0.3 0.1 11.3
v -0.3 0.1 11.2
v -0.3 0.2 13.3
v -0.3 0.2 13.2
v -0.3 0.2 12.8
v -0.3 0.2 12.7
v -0.3 0.2 11.6
v -0.3 0.2 11.5
v -0.3 0.2 11.4
v -0.3 0.2 11.3
v -0.3 0.2 11.2
v -0.3 0.3 13.3
v -0.3 0.3 13.2
v -0.3 0.3 13.1
v -0.3 0.3 12.9
v -0.3 0.3 12.8
v -0.3 0.3 12
v -0.3 0.3 11.9
v -0.3 0.3 11.5
v -0.3 0.3 11.4
v -0.3 0.4 13.2
v -0.3 0.4 13.1
v -0.3 0.4 12.9
v -0.3 0.4 12.8
v -0.3 0.4 12.5
v -0.3 0.4 12.4
v -0.3 0.4 12
v -0.3 0.4 11.9
v -0.3 0.4 11.8
v -0.3 0.4 11.7
v -0.3 0.5 13
v -0.3 0.5 12.9
v -0.3 0.5 12.8
v -0.3 0.5 12.7
v -0.3 0.5 12.5
v -0.3 0.5 12.4
v -0.3 0.5 12.3
v -0.3 0.5 12.2
v -0.3 0.5 11.8
v -0.3 0.5 11.7
v -0.3 0.6 13
v -0.3 0.6 12.9
v -0.3 0.6 12.8
v -0.3 0.6 12.7
v -0.3 0.6 12.5
v -0.3 0.6 12.4
v -0.3 0.6 12.3
v -0.3 0.6 12.2
v -0.3 0.7 13
v -0.3 0.7 12.9
v -0.3 0.7 12.8
v -0.3 0.7 12.7
v -0.3 0.7 12.5
v -0.3 0.7 12.4
v -0.3 0.7 12.3
v -0.3 0.7 12.1
v -0.3 0.7 12
v -0.3 0.7 11.8
v -0.3 0.7 11.7
v -0.3 0.7 11.5
v -0.3 0.7 11.4
v -0.3 0.8 12.1
v -0.3 0.8 12
v -0.3 0.8 11.8
v -0.3 0.8 11.7
v -0.3 0.8 11.5
v -0.3 0.8 11.4
v -0.3 0.9 11.8
v -0.3 0.9 11.7
v -0.3 1 12.3
v -0.3 1 12.2
v -0.3 1.1 12.3
v -0.3 1.1 12.2
v -0.3 1.1 12
v -0.3 1.1 11.9
v -0.3 1.2 12.3
v -0.3 1.2 12.2
v -0.3 1.2 12.1
v -0.3 1.2 12
v -0.3 1.3 12.1
v -0.3 1.3 12
v -0.3 1.3 11.9
v -0.3 1.4 12
v -0.3 1.4 11.9
v -0.2 0 13
v -0.2 0 12.9
v -0.2 0 11.7
v -0.2 0 11.6
v -0.2 0 11.3
v -0.2 0 11.2
v -0.2 0 11.1
v -0.2 0.1 13
v -0.2 0.1 12.9
v -0.2 0.1 12
v -0.2 0.1 11.9
v -0.2 0.1 11.7
v -0.2 0.1 11.6
v -0.2 0.1 11.3
v -0.2 0.1 11.2
v -0.2 0.1 11.1
v -0.2 0.2 13.1
v -0.2 0.2 13
v -0.2 0.2 12.9
v -0.2 0.2 12
v -0.2 0.2 11.9
v -0.2 0.2 11.7
v -0.2 0.2 11.6
v -0.2 0.2 11.4
v -0.2 0.2 11.3
v -0.2 0.2 11.2
v -0.2 0.2 11.1
v -0.2 0.3 13.1
v -0.2 0.3 13
v -0.2 0.3 12.9
v -0.2 0.3 11.9
v -0.2 0.3 11.8
v -0.2 0.3 11.7
v -0.2 0.3 11.6
v -0.2 0.3 11.5
v -0.2 0.3 11.4
v -0.2 0.3 11.3
v -0.2 0.3 11.2
v -0.2 0.3 11.1
v -0.2 0.4 13.4
v -0.2 0.4 13.3
v -0.2 0.4 13.2
v -0.2 0.4 12.2
v -0.2 0.4 12.1
v -0.2 0.4 11.9
v -0.2 0.4 11.8
v -0.2 0.4 11.7
v -0.2 0.4 11.6
v -0.2 0.4 11.5
v -0.2 0.4 11.3
v -0.2 0.4 11.2
v -0.2 0.5 13.4
v -0.2 0.5 13.3
v -0.2 0.5 13.2
v -0.2 0.5 13.1
v -0.2 0.5 12.7
v -0.2 0.5 12.6
v -0.2 0.5 12.2
v -0.2 0.5 12.1
v -0.2 0.5 11.9
v -0.2 0.5 11.8
v -0.2 0.5 11.7
v -0.2 0.5 11.6
v -0.2 0.5 11.5
v -0.2 0.5 11.4
v -0.2 0.5 11.3
v -0.2 0.6 13.2
v -0.2 0.6 13.1
v -0.2 0.6 12.7
v -0.2 0.6 12.6
v -0.2 0.6 12.3
v -0.2 0.6 12.2
v -0.2 0.6 12.1
v -0.2 0.6 12
v -0.2 0.6 11.9
v -0.2 0.6 11.8
v -0.2 0.6 11.7
v -0.2 0.6 11.6
v -0.2 0.6 11.5
v -0.2 0.6 11.4
v -0.2 0.6 11.3
v -0.2 0.7 13
v -0.2 0.7 12.9
v -0.2 0.7 12.8
v -0.2 0.7 12.7
v -0.2 0.7 12.6
v -0.2 0.7 12.5
v -0.2 0.7 12.3
v -0.2 0.7 12.2
v -0.2 0.7 12.1
v -0.2 0.7 12
v -0.2 0.7 11.9
v -0.2 0.7 11.8
v -0.2 0.7 11.6
v -0.2 0.7 11.5
v -0.2 0.7 11.4
v -0.2 0.8 13
v -0.2 0.8 12.9
v -0.2 0.8 12.8
v -0.2 0.8 12.7
v -0.2 0.8 12.6
v -0.2 0.8 12.5
v -0.2 0.8 11.9
v -0.2 0.8 11.8
v -0.2 0.9 12.3
v -0.2 0.9 12.2
v -0.2 0.9 12.1
v -0.2 1 12.6
v -0.2 1 12.5
v -0.2 1 12.4
v -0.2 1 12.3
v -0.2 1 12.2
v -0.2 1 12.1
v -0.2 1.1 12.6
v -0.2 1.1 12.5
v -0.2 1.1 12.4
v -0.2 1.1 12.3
v -0.2 1.1 12.1
v -0.2 1.1 12
v -0.2 1.2 12.5
v -0.2 1.2 12.4
v -0.2 1.2 12.1
v -0.2 1.2 12
v -0.2 1.2 11.9
v -0.2 1.2 11.8
v -0.2 1.3 11.9
v -0.2 1.3 11.8
v -0.1 0 11.4
v -0.1 0 11.3
v -0.1 0.1 11.4
v -0.1 0.1 11.3
v -0.1 0.2 11.1
v -0.1 0.2 11
v -0.1 0.3 12.8
v -0.1 0.3 12.7
v -0.1 0.3 12
v -0.1 0.3 11.9
v -0.1 0.3 11.5
v -0.1 0.3 11.4
v -0.1 0.3 11.2
v -0.1 0.3 11.1
v -0.1 0.3 11
v -0.1 0.4 13.2
v -0.1 0.4 13.1
v -0.1 0.4 12.9
v -0.1 0.4 12.8
v -0.1 0.4 12.7
v -0.1 0.4 12
v -0.1 0.4 11.9
v -0.1 0.4 11.5
v -0.1 0.4 11.4
v -0.1 0.4 11.2
v -0.1 0.4 11.1
v -0.1 0.5 13.4
v -0.1 0.5 13.3
v -0.1 0.5 13.2
v -0.1 0.5 13.1
v -0.1 0.5 12.9
v -0.1 0.5 12.8
v -0.1 0.5 11.9
v -0.1 0.5 11.8
v -0.1 0.5 11.6
v -0.1 0.5 11.5
v -0.1 0.5 11.4
v -0.1 0.5 11.3
v -0.1 0.5 11.2
v -0.1 0.6 13.4
v -0.1 0.6 13.3
v -0.1 0.6 13
v -0.1 0.6 12.9
v -0.1 0.6 11.9
v -0.1 0.6 11.8
v -0.1 0.6 11.7
v -0.1 0.6 11.6
v -0.1 0.6 11.5
v -0.1 0.6 11.4
v -0.1 0.6 11.3
v -0.1 0.6 11.2
v -0.1 0.7 13.1
v -0.1 0.7 13
v -0.1 0.7 12.9
v -0.1 0.7 12.2
v -0.1 0.7 12.1
v -0.1 0.7 11.8
v -0.1 0.7 11.7
v -0.1 0.7 11.6
v -0.1 0.7 11.5
v -0.1 0.7 11.4
v -0.1 0.7 11.3
v -0.1 0.7 11.2
v -0.1 0.8 13.1
v -0.1 0.8 13
v -0.1 0.8 12.6
v -0.1 0.8 12.5
v -0.1 0.8 12.4
v -0.1 0.8 12.3
v -0.1 0.8 12.2
v -0.1 0.8 12.1
v -0.1 0.8 12
v -0.1 0.8 11.7
v -0.1 0.8 11.6
v -0.1 0.8 11.5
v -0.1 0.8 11.4
v -0.1 0.8 11.3
v -0.1 0.8 11.2
v -0.1 0.9 12.6
v -0.1 0.9 12.5
v -0.1 0.9 12.4
v -0.1 0.9 12.3
v -0.1 0.9 12.2
v -0.1 0.9 12.1
v -0.1 0.9 12
v -0.1 0.9 11.6
v -0.1 0.9 11.5
v -0.1 1 12.8
v -0.1 1 12.7
v -0.1 1 12.6
v -0.1 1 12.5
v -0.1 1 12.4
v -0.1 1 12.3
v -0.1 1 12.2
v -0.1 1 11.6
v -0.1 1 11.5
v -0.1 1.1 12.8
v -0.1 1.1 12.7
v -0.1 1.1 12.6
v -0.1 1.1 12.3
v -0.1 1.1 12.2
v -0.1 1.1 12.1
v -0.1 1.2 12.2
v -0.1 1.2 12.1
v 0 0 11.8
v 0 0 11.7
v 0 0 11.5
v 0 0 11.4
v 0 0.1 13.1
v 0 0.1 13
v 0 0.1 11.8
v 0 0.1 11.7
v 0 0.1 11.6
v 0 0.1 11.5
v 0 0.1 11.4
v 0 0.1 11.3
v 0 0.2 13.3
v 0 0.2 13.2
v 0 0.2 13.1
v 0 0.2 13
v 0 0.2 12.9
v 0 0.2 12.8
v 0 0.2 12.7
v 0 0.2 12.6
v 0 0.2 11.9
v 0 0.2 11.8
v 0 0.2 11.7
v 0 0.2 11.6
v 0 0.2 11.5
v 0 0.2 11.4
v 0 0.2 11.3
v 0 0.3 13.3
v 0 0.3 13.2
v 0 0.3 12.9
v 0 0.3 12.8
v 0 0.3 12.7
v 0 0.3 12.6
v 0 0.3 11.9
v 0 0.3 11.8
v 0 0.3 11.7
v 0 0.3 11.6
v 0 0.3 11.4
v 0 0.3 11.3
v 0 0.4 13.3
v 0 0.4 13.2
v 0 0.4 13
v 0 0.4 12.9
v 0 0.4 11.9
v 0 0.4 11.8
v 0 0.4 11.7
v 0 0.4 11.6
v 0 0.5 13
v 0 0.5 12.9
v 0 0.5 12
v 0 0.5 11.9
v 0 0.5 11.8
v 0 0.5 11.7
v 0 0.5 11.6
v 0 0.6 12.9
v 0 0.6 12.8
v 0 0.6 12
v 0 0.6 11.9
v 0 0.6 11.8
v 0 0.6 11.7
v 0 0.6 11.6
v 0 0.6 11.5
v 0 0.7 12.9
v 0 0.7 12.8
v 0 0.7 12.5
v 0 0.7 12.4
v 0 0.7 12
v 0 0.7 11.9
v 0 0.7 11.8
v 0 0.7 11.6
v 0 0.7 11.5
v 0 0.8 12.9
v 0 0.8 12.8
v 0 0.8 12.7
v 0 0.8 12.6
v 0 0.8 12.5
v 0 0.8 12.4
v 0 0.8 12
v 0 0.8 11.9
v 0 0.8 11.8
v 0 0.9 12.9
v 0 0.9 12.7
v 0 0.9 12.6
v 0 0.9 12.3
v 0 0.9 12.2
v 0 0.9 12
v 0 0.9 11.9
v 0 0.9 11.8
v 0 0.9 11.5
v 0 0.9 11.4
v 0 1 12.3
v 0 1 12.2
v 0 1 11.7
v 0 1 11.6
v 0 1 11.5
v 0 1 11.4
v 0 1.1 12.3
v 0 1.1 12.2
v 0 1.1 12.1
v 0 1.1 12
v 0 1.1 11.9
v 0 1.1 11.7
v 0 1.1 11.6
v 0 1.2 12.3
v 0 1.2 12.2
v 0 1.2 12.1
v 0 1.2 12
v 0 1.2 11.9
v 0.1 0 13.2
v 0.1 0 13.1
v 0.1 0 13
v 0.1 0 12.9
v 0.1 0 11.7
v 0.1 0 11.6
v 0.1 0.1 13.2
v 0.1 0.1 13.1
v 0.1 0.1 13
v 0.1 0.1 12.9
v 0.1 0.1 12.1
v 0.1 0.1 12
v 0.1 0.1 11.9
v 0.1 0.1 11.7
v 0.1 0.1 11.6
v 0.1 0.2 12.3
v 0.1 0.2 12.2
v 0.1 0.2 12.1
v 0.1 0.2 12
v 0.1 0.2 11.9
v 0.1 0.2 11.8
v 0.1 0.2 11.7
v 0.1 0.3 13.1
v 0.1 0.3 13
v 0.1 0.3 12.9
v 0.1 0.3 12.8
v 0.1 0.3 12.7
v 0.1 0.3 12.6
v 0.1 0.3 12.4
v 0.1 0.3 12.3
v 0.1 0.3 12.2
v 0.1 0.3 12.1
v 0.1 0.3 11.8
v 0.1 0.3 11.7
v 0.1 0.3 11.6
v 0.1 0.4 13.1
v 0.1 0.4 13
v 0.1 0.4 12.9
v 0.1 0.4 12.8
v 0.1 0.4 12.7
v 0.1 0.4 12.6
v 0.1 0.4 12.4
v 0.1 0.4 12.2
v 0.1 0.4 11.9
v 0.1 0.4 11.8
v 0.1 0.4 11.7
v 0.1 0.4 11.6
v 0.1 0.5 12.8
v 0.1 0.5 12.7
v 0.1 0.5 12.6
v 0.1 0.5 12.5
v 0.1 0.5 11.9
v 0.1 0.5 11.8
v 0.1 0.6 12.8
v 0.1 0.6 12.7
v 0.1 0.6 12.6
v 0.1 0.6 12.5
v 0.1 0.6 12
v 0.1 0.6 11.9
v 0.1 0.6 11.5
v 0.1 0.6 11.4
v 0.1 0.7 12.8
v 0.1 0.7 12.7
v 0.1 0.7 12.6
v 0.1 0.7 12.3
v 0.1 0.7 12.2
v 0.1 0.7 12.1
v 0.1 0.7 12
v 0.1 0.7 11.9
v 0.1 0.7 11.5
v 0.1 0.7 11.4
v 0.1 0.8 12.8
v 0.1 0.8 12.7
v 0.1 0.8 12.6
v 0.1 0.8 12.5
v 0.1 0.8 12.3
v 0.1 0.8 12.2
v 0.1 0.8 12.1
v 0.1 0.8 12
v 0.1 0.8 11.8
v 0.1 0.8 11.7
v 0.1 0.8 11.6
v 0.1 0.8 11.5
v 0.1 0.8 11.4
v 0.1 0.9 12.7
v 0.1 0.9 12.6
v 0.1 0.9 12.5
v 0.1 0.9 12.4
v 0.1 0.9 12.2
v 0.1 0.9 12.1
v 0.1 0.9 11.8
v 0.1 0.9 11.7
v 0.1 0.9 11.6
v 0.1 0.9 11.5
v 0.1 0.9 11.4
v 0.1 1 12.7
v 0.1 1 12.6
v 0.1 1 12.5
v 0.1 1 12.4
v 0.1 1 12.2
v 0.1 1 12.1
v 0.1 1 11.8
v 0.1 1 11.7
v 0.1 1 11.6
v 0.1 1 11.5
v 0.1 1.1 11.6
v 0.1 1.1 11.5
v 0.1 1.2 11.6
v 0.1 1.2 11.5
v 0.2 0 12.8
v 0.2 0 12.7
v 0.2 0 12.1
v 0.2 0 12
v 0.2 0 11.9
v 0.2 0 11.6
v 0.2 0 11.5
v 0.2 0.1 13.2
v 0.2 0.1 13.1
v 0.2 0.1 12.9
v 0.2 0.1 12.8
v 0.2 0.1 12.7
v 0.2 0.1 12.3
v 0.2 0.1 12.2
v 0.2 0.1 12.1
v 0.2 0.1 12
v 0.2 0.1 11.9
v 0.2 0.1 11.7
v 0.2 0.1 11.6
v 0.2 0.1 11.5
v 0.2 0.2 13.2
v 0.2 0.2 13.1
v 0.2 0.2 12.9
v 0.2 0.2 12.8
v 0.2 0.2 12.7
v 0.2 0.2 12.4
v 0.2 0.2 12.3
v 0.2 0.2 12.2
v 0.2 0.2 12.1
v 0.2 0.2 12
v 0.2 0.2 11.9
v 0.2 0.2 11.7
v 0.2 0.2 11.6
v 0.2 0.2 11.5
v 0.2 0.3 13
v 0.2 0.3 12.9
v 0.2 0.3 12.8
v 0.2 0.3 12.7
v 0.2 0.3 12.4
v 0.2 0.3 12.3
v 0.2 0.3 12.2
v 0.2 0.3 12.1
v 0.2 0.3 12
v 0.2 0.3 11.9
v 0.2 0.3 11.8
v 0.2 0.3 11.7
v 0.2 0.3 11.6
v 0.2 0.3 11.5
v 0.2 0.3 11.4
v 0.2 0.3 11.3
v 0.2 0.4 13
v 0.2 0.4 12.9
v 0.2 0.4 12.8
v 0.2 0.4 12.7
v 0.2 0.4 12.6
v 0.2 0.4 12.5
v 0.2 0.4 12.4
v 0.2 0.4 12.3
v 0.2 0.4 12.2
v 0.2 0.4 12.1
v 0.2 0.4 11.9
v 0.2 0.4 11.8
v 0.2 0.4 11.7
v 0.2 0.4 11.6
v 0.2 0.4 11.5
v 0.2 0.4 11.4
v 0.2 0.4 11.3
v 0.2 0.5 12.6
v 0.2 0.5 12.5
v 0.2 0.5 12.4
v 0.2 0.5 12.3
v 0.2 0.5 12.2
v 0.2 0.5 12.1
v 0.2 0.5 11.8
v 0.2 0.5 11.7
v 0.2 0.5 11.6
v 0.2 0.5 11.5
v 0.2 0.5 11.4
v 0.2 0.6 12.6
v 0.2 0.6 12.5
v 0.2 0.6 12.4
v 0.2 0.6 11.9
v 0.2 0.6 11.8
v 0.2 0.6 11.6
v 0.2 0.6 11.5
v 0.2 0.7 12.6
v 0.2 0.7 12.5
v 0.2 0.7 12.4
v 0.2 0.7 12.3
v 0.2 0.7 12.2
v 0.2 0.7 12.1
v 0.2 0.7 11.9
v 0.2 0.7 11.8
v 0.2 0.8 13.1
v 0.2 0.8 13
v 0.2 0.8 12.7
v 0.2 0.8 12.6
v 0.2 0.8 12.4
v 0.2 0.8 12.3
v 0.2 0.8 12.2
v 0.2 0.8 12.1
v 0.2 0.9 13.1
v 0.2 0.9 13
v 0.2 0.9 12.7
v 0.2 0.9 12.6
v 0.2 0.9 12.4
v 0.2 0.9 12.3
v 0.2 0.9 12.1
v 0.2 0.9 12
v 0.2 0.9 11.9
v 0.2 1 12.4
v 0.2 1 12.3
v 0.2 1 12.2
v 0.2 1 12.1
v 0.2 1 12
v 0.2 1 11.9
v 0.2 1.1 12.2
v 0.2 1.1 12.1
v 0.3 0 13.3
v 0.3 0 13.2
v 0.3 0 13
v 0.3 0 12.9
v 0.3 0 11.8
v 0.3 0 11.7
v 0.3 0.1 13.3
v 0.3 0.1 13.2
v 0.3 0.1 13
v 0.3 0.1 12.9
v 0.3 0.1 11.8
v 0.3 0.1 11.7
v 0.3 0.1 11.5
v 0.3 0.1 11.4
v 0.3 0.2 13.3
v 0.3 0.2 13.2
v 0.3 0.2 13
v 0.3 0.2 12.9
v 0.3 0.2 12.8
v 0.3 0.2 12.7
v 0.3 0.2 12.6
v 0.3 0.2 12.5
v 0.3 0.2 11.8
v 0.3 0.2 11.7
v 0.3 0.2 11.5
v 0.3 0.2 11.4
v 0.3 0.3 13
v 0.3 0.3 12.9
v 0.3 0.3 12.8
v 0.3 0.3 12.7
v 0.3 0.3 12.6
v 0.3 0.3 12.5
v 0.3 0.3 12.4
v 0.3 0.3 12.3
v 0.3 0.3 11.8
v 0.3 0.3 11.7
v 0.3 0.3 11.6
v 0.3 0.3 11.5
v 0.3 0.4 12.9
v 0.3 0.4 12.8
v 0.3 0.4 12.7
v 0.3 0.4 12.6
v 0.3 0.4 12.5
v 0.3 0.4 12.4
v 0.3 0.4 12.3
v 0.3 0.4 11.6
v 0.3 0.4 11.5
v 0.3 0.4 11.4
v 0.3 0.4 11.3
v 0.3 0.4 11.2
v 0.3 0.5 12.9
v 0.3 0.5 12.8
v 0.3 0.5 12.7
v 0.3 0.5 12.6
v 0.3 0.5 12.5
v 0.3 0.5 12.4
v 0.3 0.5 12.3
v 0.3 0.5 12.2
v 0.3 0.5 11.7
v 0.3 0.5 11.6
v 0.3 0.5 11.4
v 0.3 0.5 11.3
v 0.3 0.5 11.2
v 0.3 0.6 12.8
v 0.3 0.6 12.7
v 0.3 0.6 12.4
v 0.3 0.6 12.3
v 0.3 0.6 12.2
v 0.3 0.6 11.8
v 0.3 0.6 11.7
v 0.3 0.6 11.6
v 0.3 0.6 11.4
v 0.3 0.6 11.2
v 0.3 0.7 12.6
v 0.3 0.7 12.5
v 0.3 0.7 12.4
v 0.3 0.7 12.3
v 0.3 0.7 12.2
v 0.3 0.7 11.8
v 0.3 0.7 11.7
v 0.3 0.8 13.2
v 0.3 0.8 13.1
v 0.3 0.8 13
v 0.3 0.8 12.9
v 0.3 0.8 12.8
v 0.3 0.8 12.6
v 0.3 0.8 12.5
v 0.3 0.9 13.2
v 0.3 0.9 13.1
v 0.3 0.9 13
v 0.3 0.9 12.9
v 0.3 0.9 12.8
v 0.3 0.9 12.6
v 0.3 0.9 12.5
v 0.3 1 13.2
v 0.3 1 13.1
v 0.3 1 13
v 0.3 1 12.9
v 0.3 1 12.7
v 0.3 1 12.6
v 0.3 1 12.5
v 0.3 1.1 13.1
v 0.3 1.1 13
v 0.3 1.1 12.9
v 0.3 1.1 12.8
v 0.3 1.1 12.7
v 0.3 1.1 12.6
v 0.3 1.2 12.9
v 0.3 1.2 12.8
v 0.4 0 13.5
v 0.4 0 13.4
v 0.4 0 13.3
v 0.4 0 11.5
v 0.4 0 11.4
v 0.4 0.1 13.5
v 0.4 0.1 13.4
v 0.4 0.1 13.3
v 0.4 0.1 13
v 0.4 0.1 12.9
v 0.4 0.1 11.8
v 0.4 0.1 11.7
v 0.4 0.1 11.5
v 0.4 0.1 11.4
v 0.4 0.2 13.4
v 0.4 0.2 13.3
v 0.4 0.2 13.1
v 0.4 0.2 13
v 0.4 0.2 12.9
v 0.4 0.2 11.8
v 0.4 0.2 11.7
v 0.4 0.3 13.1
v 0.4 0.3 13
v 0.4 0.3 12.9
v 0.4 0.3 12.8
v 0.4 0.3 11.8
v 0.4 0.3 11.7
v 0.4 0.4 13
v 0.4 0.4 12.9
v 0.4 0.4 12.8
v 0.4 0.4 12.6
v 0.4 0.4 12.5
v 0.4 0.4 12.4
v 0.4 0.4 12.3
v 0.4 0.4 12.2
v 0.4 0.4 11.8
v 0.4 0.4 11.7
v 0.4 0.4 11.6
v 0.4 0.4 11.5
v 0.4 0.5 13
v 0.4 0.5 12.9
v 0.4 0.5 12.6
v 0.4 0.5 12.5
v 0.4 0.5 12.4
v 0.4 0.5 12.3
v 0.4 0.5 12.2
v 0.4 0.5 11.9
v 0.4 0.5 11.8
v 0.4 0.5 11.7
v 0.4 0.5 11.6
v 0.4 0.5 11.5
v 0.4 0.5 11.4
v 0.4 0.6 12.9
v 0.4 0.6 12.8
v 0.4 0.6 12.6
v 0.4 0.6 12.5
v 0.4 0.6 12.2
v 0.4 0.6 12.1
v 0.4 0.6 11.9
v 0.4 0.6 11.8
v 0.4 0.6 11.7
v 0.4 0.6 11.5
v 0.4 0.6 11.4
v 0.4 0.7 13.1
v 0.4 0.7 13
v 0.4 0.7 12.9
v 0.4 0.7 12.8
v 0.4 0.7 12.5
v 0.4 0.7 12.4
v 0.4 0.7 12.3
v 0.4 0.7 12.2
v 0.4 0.7 12.1
v 0.4 0.7 12
v 0.4 0.7 11.9
v 0.4 0.7 11.8
v 0.4 0.8 13.1
v 0.4 0.8 13
v 0.4 0.8 12.9
v 0.4 0.8 12.6
v 0.4 0.8 12.5
v 0.4 0.8 12.4
v 0.4 0.8 12.3
v 0.4 0.8 12.2
v 0.4 0.8 12.1
v 0.4 0.8 12
v 0.4 0.8 11.9
v 0.4 0.8 11.8
v 0.4 0.8 11.7
v 0.4 0.9 13.1
v 0.4 0.9 13
v 0.4 0.9 12.9
v 0.4 0.9 12.8
v 0.4 0.9 12.6
v 0.4 0.9 12.5
v 0.4 0.9 12.2
v 0.4 0.9 12.1
v 0.4 0.9 12
v 0.4 0.9 11.9
v 0.4 0.9 11.8
v 0.4 0.9 11.7
v 0.4 1 13.2
v 0.4 1 13.1
v 0.4 1 13
v 0.4 1 12.9
v 0.4 1 12.8
v 0.4 1 12.5
v 0.4 1 12.4
v 0.4 1 12.1
v 0.4 1 12
v 0.4 1.1 13.2
v 0.4 1.1 13.1
v 0.4 1.1 12.9
v 0.4 1.1 12.8
v 0.4 1.1 12.5
v 0.4 1.1 12.4
v 0.5 0 11.6
v 0.5 0 11.5
v 0.5 0 11.4
v 0.5 0 11.3
v 0.5 0.1 13.3
v 0.5 0.1 13.2
v 0.5 0.1 13.1
v 0.5 0.1 11.6
v 0.5 0.1 11.5
v 0.5 0.1 11.4
v 0.5 0.1 11.3
v 0.5 0.2 13.3
v 0.5 0.2 13.2
v 0.5 0.2 13.1
v 0.5 0.2 12.7
v 0.5 0.2 12.6
v 0.5 0.2 11.7
v 0.5 0.2 11.6
v 0.5 0.2 11.5
v 0.5 0.3 12.7
v 0.5 0.3 12.6
v 0.5 0.3 12.5
v 0.5 0.3 12.4
v 0.5 0.3 12
v 0.5 0.3 11.9
v 0.5 0.3 11.7
v 0.5 0.3 11.6
v 0.5 0.3 11.5
v 0.5 0.4 12.5
v 0.5 0.4 12.4
v 0.5 0.4 12.1
v 0.5 0.4 12
v 0.5 0.4 11.9
v 0.5 0.4 11.8
v 0.5 0.5 12.8
v 0.5 0.5 12.7
v 0.5 0.5 12.2
v 0.5 0.5 12.1
v 0.5 0.5 12
v 0.5 0.5 11.9
v 0.5 0.5 11.8
v 0.5 0.6 13.1
v 0.5 0.6 13
v 0.5 0.6 12.9
v 0.5 0.6 12.8
v 0.5 0.6 12.7
v 0.5 0.6 12.6
v 0.5 0.6 12.5
v 0.5 0.6 12.2
v 0.5 0.6 12.1
v 0.5 0.6 12
v 0.5 0.6 11.9
v 0.5 0.6 11.6
v 0.5 0.6 11.5
v 0.5 0.6 11.4
v 0.5 0.6 11.3
v 0.5 0.7 13.1
v 0.5 0.7 13
v 0.5 0.7 12.9
v 0.5 0.7 12.6
v 0.5 0.7 12.5
v 0.5 0.7 12.2
v 0.5 0.7 12.1
v 0.5 0.7 11.6
v 0.5 0.7 11.5
v 0.5 0.7 11.4
v 0.5 0.7 11.3
v 0.5 0.8 12.7
v 0.5 0.8 12.6
v 0.5 0.8 12.5
v 0.5 0.8 12.4
v 0.5 0.8 12.3
v 0.5 0.8 12.2
v 0.5 0.8 12.1
v 0.5 0.9 12.7
v 0.5 0.9 12.6
v 0.5 0.9 12.5
v 0.5 0.9 12.4
v 0.5 0.9 12.3
v 0.5 0.9 12.2
v 0.5 1 12.4
v 0.5 1 12.3
v 0.5 1 12.2
v 0.5 1.1 13.1
v 0.5 1.1 13
v 0.5 1.1 12.9
v 0.5 1.1 12.4
v 0.5 1.1 12.3
v 0.5 1.1 12.2
v 0.5 1.2 13.1
v 0.5 1.2 13
v 0.5 1.2 12.9
v 0.5 1.2 12.8
v 0.5 1.2 12.4
v 0.5 1.2 12.3
v 0.5 1.3 13
v 0.5 1.3 12.9
v 0.5 1.3 12.8
v 0.5 1.3 12.4
v 0.5 1.3 12.3
v 0.5 1.4 12.9
v 0.5 1.4 12.8
v 0.6 0 13.5
v 0.6 0 13.4
v 0.6 0 13.2
v 0.6 0 13.1
v 0.6 0 11.7
v 0.6 0 11.6
v 0.6 0.1 13.6
v 0.6 0.1 13.5
v 0.6 0.1 13.4
v 0.6 0.1 13.2
v 0.6 0.1 13.1
v 0.6 0.1 12.3
v 0.6 0.1 12.2
v 0.6 0.1 11.8
v 0.6 0.1 11.7
v 0.6 0.1 11.6
v 0.6 0.1 11.5
v 0.6 0.1 11.4
v 0.6 0.2 13.6
v 0.6 0.2 13.5
v 0.6 0.2 13.4
v 0.6 0.2 12.9
v 0.6 0.2 12.8
v 0.6 0.2 12.6
v 0.6 0.2 12.5
v 0.6 0.2 12.4
v 0.6 0.2 12.3
v 0.6 0.2 12.2
v 0.6 0.2 11.8
v 0.6 0.2 11.7
v 0.6 0.2 11.5
v 0.6 0.2 11.4
v 0.6 0.2 11.3
v 0.6 0.3 13.5
v 0.6 0.3 13.4
v 0.6 0.3 13.1
v 0.6 0.3 13
v 0.6 0.3 12.9
v 0.6 0.3 12.8
v 0.6 0.3 12.6
v 0.6 0.3 12.5
v 0.6 0.3 12.4
v 0.6 0.3 12.3
v 0.6 0.3 12.1
v 0.6 0.3 12
v 0.6 0.3 11.9
v 0.6 0.3 11.8
v 0.6 0.3 11.5
v 0.6 0.3 11.4
v 0.6 0.3 11.3
v 0.6 0.4 13.1
v 0.6 0.4 13
v 0.6 0.4 12.6
v 0.6 0.4 12.5
v 0.6 0.4 12.1
v 0.6 0.4 12
v 0.6 0.4 11.9
v 0.6 0.4 11.8
v 0.6 0.4 11.7
v 0.6 0.4 11.5
v 0.6 0.4 11.4
v 0.6 0.5 12.7
v 0.6 0.5 12.6
v 0.6 0.5 12.4
v 0.6 0.5 12.3
v 0.6 0.5 12.2
v 0.6 0.5 12.1
v 0.6 0.5 12
v 0.6 0.5 11.9
v 0.6 0.5 11.8
v 0.6 0.5 11.7
v 0.6 0.5 11.5
v 0.6 0.5 11.4
v 0.6 0.6 13.2
v 0.6 0.6 13.1
v 0.6 0.6 12.7
v 0.6 0.6 12.6
v 0.6 0.6 12.5
v 0.6 0.6 12.4
v 0.6 0.6 12.3
v 0.6 0.6 12.2
v 0.6 0.6 12.1
v 0.6 0.6 12
v 0.6 0.6 11.9
v 0.6 0.6 11.8
v 0.6 0.7 13.2
v 0.6 0.7 13.1
v 0.6 0.7 12.7
v 0.6 0.7 12.6
v 0.6 0.7 12.5
v 0.6 0.7 12.4
v 0.6 0.7 12.2
v 0.6 0.7 12.1
v 0.6 0.7 12
v 0.6 0.8 13.2
v 0.6 0.8 13.1
v 0.6 0.8 13
v 0.6 0.8 12.7
v 0.6 0.8 12.6
v 0.6 0.8 12.5
v 0.6 0.8 12.1
v 0.6 0.8 12
v 0.6 0.9 13.2
v 0.6 0.9 13.1
v 0.6 0.9 13
v 0.6 0.9 12.6
v 0.6 0.9 12.5
v 0.6 1.1 12.6
v 0.6 1.1 12.5
v 0.6 1.1 12.4
v 0.6 1.1 12.3
v 0.6 1.1 12.2
v 0.6 1.2 12.6
v 0.6 1.2 12.5
v 0.6 1.2 12.4
v 0.6 1.2 12.3
v 0.6 1.2 12.2
v 0.7 0 13.4
v 0.7 0 13.3
v 0.7 0 13.1
v 0.7 0 13
v 0.7 0.1 13.4
v 0.7 0.1 13.3
v 0.7 0.1 13.1
v 0.7 0.1 13
v 0.7 0.1 12.9
v 0.7 0.1 12.8
v 0.7 0.1 12.7
v 0.7 0.1 12.6
v 0.7 0.1 12.5
v 0.7 0.1 12.4
v 0.7 0.1 12.3
v 0.7 0.1 11.4
v 0.7 0.1 11.3
v 0.7 0.1 11.2
v 0.7 0.2 13.4
v 0.7 0.2 13.3
v 0.7 0.2 13.2
v 0.7 0.2 12.9
v 0.7 0.2 12.8
v 0.7 0.2 12.7
v 0.7 0.2 12.6
v 0.7 0.2 12.5
v 0.7 0.2 12.4
v 0.7 0.2 12.3
v 0.7 0.2 12.2
v 0.7 0.2 11.4
v 0.7 0.2 11.3
v 0.7 0.3 13.4
v 0.7 0.3 13.3
v 0.7 0.3 13.2
v 0.7 0.3 13.1
v 0.7 0.3 13
v 0.7 0.3 12.9
v 0.7 0.3 12.8
v 0.7 0.3 12.7
v 0.7 0.3 12.6
v 0.7 0.3 12.3
v 0.7 0.3 12.2
v 0.7 0.3 11.8
v 0.7 0.3 11.7
v 0.7 0.3 11.3
v 0.7 0.3 11.2
v 0.7 0.4 13.2
v 0.7 0.4 13.1
v 0.7 0.4 13
v 0.7 0.4 12.9
v 0.7 0.4 12.8
v 0.7 0.4 12.7
v 0.7 0.4 12.6
v 0.7 0.4 12.3
v 0.7 0.4 12.2
v 0.7 0.4 12
v 0.7 0.4 11.9
v 0.7 0.4 11.8
v 0.7 0.4 11.7
v 0.7 0.5 12
v 0.7 0.5 11.9
v 0.7 0.5 11.5
v 0.7 0.5 11.4
v 0.7 0.6 12.6
v 0.7 0.6 12.5
v 0.7 0.6 12.1
v 0.7 0.6 12
v 0.7 0.6 11.5
v 0.7 0.6 11.4
v 0.7 0.7 12.9
v 0.7 0.7 12.8
v 0.7 0.7 12.6
v 0.7 0.7 12.5
v 0.7 0.7 12.4
v 0.7 0.7 12.3
v 0.7 0.7 12.1
v 0.7 0.7 12
v 0.7 0.8 12.9
v 0.7 0.8 12.8
v 0.7 0.8 12.7
v 0.7 0.8 12.6
v 0.7 0.8 12.5
v 0.7 0.8 12.4
v 0.7 0.8 12.3
v 0.7 0.9 12.8
v 0.7 0.9 12.6
v 0.7 1 12.6
v 0.7 1 12.5
v 0.7 1.1 12.6
v 0.7 1.1 12.5
v 0.8 0 13.3
v 0.8 0 13.2
v 0.8 0 11.3
v 0.8 0 11.2
v 0.8 0.1 13.4
v 0.8 0.1 13.3
v 0.8 0.1 13.2
v 0.8 0.1 11.7
v 0.8 0.1 11.6
v 0.8 0.1 11.5
v 0.8 0.1 11.4
v 0.8 0.1 11.3
v 0.8 0.1 11.2
v 0.8 0.2 13.4
v 0.8 0.2 13.3
v 0.8 0.2 13.2
v 0.8 0.2 13.1
v 0.8 0.2 13
v 0.8 0.2 12.6
v 0.8 0.2 12.5
v 0.8 0.2 11.8
v 0.8 0.2 11.7
v 0.8 0.2 11.6
v 0.8 0.2 11.5
v 0.8 0.2 11.4
v 0.8 0.3 13.2
v 0.8 0.3 13.1
v 0.8 0.3 13
v 0.8 0.3 12.6
v 0.8 0.3 12.5
v 0.8 0.3 12.4
v 0.8 0.3 12.3
v 0.8 0.3 12.2
v 0.8 0.3 12.1
v 0.8 0.3 11.8
v 0.8 0.3 11.7
v 0.8 0.3 11.6
v 0.8 0.4 13.2
v 0.8 0.4 13.1
v 0.8 0.4 12.9
v 0.8 0.4 12.8
v 0.8 0.4 12.7
v 0.8 0.4 12.4
v 0.8 0.4 12.3
v 0.8 0.4 12.2
v 0.8 0.4 12.1
v 0.8 0.4 12
v 0.8 0.4 11.7
v 0.8 0.4 11.6
v 0.8 0.5 13.2
v 0.8 0.5 13.1
v 0.8 0.5 12.9
v 0.8 0.5 12.8
v 0.8 0.5 12.7
v 0.8 0.5 12.6
v 0.8 0.5 12.4
v 0.8 0.5 12.3
v 0.8 0.5 12.2
v 0.8 0.5 12.1
v 0.8 0.5 12
v 0.8 0.6 12.7
v 0.8 0.6 12.6
v 0.8 0.6 12.4
v 0.8 0.6 12.3
v 0.8 0.6 12
v 0.8 0.6 11.9
v 0.8 0.6 11.8
v 0.8 0.6 11.7
v 0.8 0.7 12
v 0.8 0.7 11.9
v 0.8 0.7 11.8
v 0.8 0.7 11.7
v 0.8 0.9 12.8
v 0.8 0.9 12.7
v 0.8 0.9 12.6
v 0.8 0.9 12.5
v 0.8 0.9 12.4
v 0.8 1 12.8
v 0.8 1 12.7
v 0.8 1 12.6
v 0.8 1 12.5
v 0.8 1 12.4
v 0.9 0 11.7
v 0.9 0 11.6
v 0.9 0 11.4
v 0.9 0 11.3
v 0.9 0.1 12.5
v 0.9 0.1 12.4
v 0.9 0.1 11.9
v 0.9 0.1 11.8
v 0.9 0.1 11.7
v 0.9 0.1 11.6
v 0.9 0.1 11.4
v 0.9 0.1 11.3
v 0.9 0.2 13
v 0.9 0.2 12.9
v 0.9 0.2 12.5
v 0.9 0.2 12.4
v 0.9 0.2 12.3
v 0.9 0.2 12.2
v 0.9 0.2 12.1
v 0.9 0.2 12
v 0.9 0.2 11.9
v 0.9 0.2 11.8
v 0.9 0.2 11.7
v 0.9 0.2 11.6
v 0.9 0.3 13
v 0.9 0.3 12.9
v 0.9 0.3 12.8
v 0.9 0.3 12.7
v 0.9 0.3 12.5
v 0.9 0.3 12.4
v 0.9 0.3 12.3
v 0.9 0.3 12.2
v 0.9 0.3 12.1
v 0.9 0.3 12
v 0.9 0.3 11.9
v 0.9 0.3 11.8
v 0.9 0.3 11.7
v 0.9 0.3 11.6
v 0.9 0.3 11.5
v 0.9 0.3 11.4
v 0.9 0.3 11.3
v 0.9 0.4 12.8
v 0.9 0.4 12.7
v 0.9 0.4 12.5
v 0.9 0.4 12.4
v 0.9 0.4 12.1
v 0.9 0.4 12
v 0.9 0.4 11.9
v 0.9 0.4 11.8
v 0.9 0.4 11.5
v 0.9 0.4 11.3
v 0.9 0.5 11.9
v 0.9 0.5 11.8
v 0.9 0.6 12.7
v 0.9 0.6 12.6
v 0.9 0.6 11.9
v 0.9 0.6 11.8
v 0.9 0.7 12.7
v 0.9 0.7 12.6
v 0.9 0.7 12.4
v 0.9 0.7 12.3
v 0.9 0.8 12.4
v 0.9 0.8 12.3
v 0.9 0.9 12.6
v 0.9 0.9 12.5
v 0.9 1 12.6
v 0.9 1 12.5
v 1 0 12
v 1 0 11.9
v 1 0 11.7
v 1 0.1 12.2
v 1 0.1 12
v 1 0.1 11.9
v 1 0.1 11.8
v 1 0.1 11.7
v 1 0.1 11.6
v 1 0.1 11.4
v 1 0.1 11.3
v 1 0.2 12.9
v 1 0.2 12.8
v 1 0.2 12.2
v 1 0.2 12.1
v 1 0.2 12
v 1 0.2 11.9
v 1 0.2 11.7
v 1 0.2 11.6
v 1 0.2 11.4
v 1 0.2 11.3
v 1 0.3 12.9
v 1 0.3 12.8
v 1 0.3 12.7
v 1 0.3 12.6
v 1 0.3 12.2
v 1 0.3 12.1
v 1 0.3 12
v 1 0.3 11.9
v 1 0.3 11.8
v 1 0.4 12.7
v 1 0.4 12.6
v 1 0.4 12.5
v 1 0.4 12.4
v 1 0.4 12.3
v 1 0.4 12.2
v 1 0.4 12.1
v 1 0.4 12
v 1 0.4 11.9
v 1 0.4 11.8
v 1 0.5 12.7
v 1 0.5 12.6
v 1 0.5 12.5
v 1 0.5 12.4
v 1 0.5 12.3
v 1 0.5 12.2
v 1 0.5 12.1
v 1 0.5 12
v 1 0.5 11.9
v 1 0.6 12.6
v 1 0.6 12.5
v 1 0.6 12.2
v 1 0.6 12.1
v 1 0.6 12
v 1 0.7 12.6
v 1 0.7 12.5
v 1 0.8 12.7
v 1 0.8 12.6
v 1 0.9 12.7
v 1 0.9 12.6
v 1 1 12.7
v 1 1 12.6
v 1.1 0 12.1
v 1.1 0 12
v 1.1 0.1 12.7
v 1.1 0.1 12.6
v 1.1 0.1 12.5
v 1.1 0.1 12.1
v 1.1 0.1 12
v 1.1 0.1 11.9
v 1.1 0.1 11.6
v 1.1 0.1 11.5
v 1.1 0.2 12.7
v 1.1 0.2 12.6
v 1.1 0.2 12.5
v 1.1 0.2 12
v 1.1 0.2 11.9
v 1.1 0.2 11.6
v 1.1 0.2 11.5
v 1.1 0.3 12.7
v 1.1 0.3 12.6
v 1.1 0.3 11.7
v 1.1 0.3 11.6
v 1.1 0.4 11.7
v 1.1 0.4 11.6
v 1.1 0.5 12.3
v 1.1 0.5 12.2
v 1.1 0.5 12
v 1.1 0.5 11.9
v 1.1 0.6 12.3
v 1.1 0.6 12.2
v 1.1 0.6 12.1
v 1.1 0.6 12
v 1.1 0.6 11.9
v 1.1 0.7 12.5
v 1.1 0.7 12.4
v 1.1 0.7 12.3
v 1.1 0.7 12.1
v 1.1 0.8 12.5
v 1.1 0.8 12.4
v 1.2 0 12.5
v 1.2 0 12.4
v 1.2 0 12.3
v 1.2 0 11.9
v 1.2 0 11.8
v 1.2 0 11.7
v 1.2 0 11.6
v 1.2 0 11.5
v 1.2 0.1 12.5
v 1.2 0.1 12.4
v 1.2 0.1 12.3
v 1.2 0.1 12.1
v 1.2 0.1 12
v 1.2 0.1 11.9
v 1.2 0.1 11.8
v 1.2 0.1 11.7
v 1.2 0.1 11.6
v 1.2 0.1 11.5
v 1.2 0.2 12.5
v 1.2 0.2 12.4
v 1.2 0.2 12.3
v 1.2 0.2 12.1
v 1.2 0.2 12
v 1.2 0.3 12
v 1.2 0.3 11.9
v 1.2 0.4 12.2
v 1.2 0.4 12.1
v 1.2 0.4 12
v 1.2 0.4 11.9
v 1.2 0.5 12.2
v 1.2 0.5 12.1
v 1.3 0.1 11.7
v 1.3 0.1 11.6
v 1.3 0.2 11.7
v 1.3 0.2 11.6
v -1.4 0 12.2
v -1.4 0 12.1
v -1.4 0.1 12.2
v -1.4 0.1 12.1
v -1.3 0.1 12.2
v -1.3 0.1 12
v -1.3 0.1 11.9
v -1.3 0.1 11.8
v -1.3 0.2 12.2
v -1.3 0.2 12.1
v -1.3 0.2 12
v -1.3 0.2 11.9
v -1.3 0.2 11.8
v -1.3 0.3 12.6
v -1.3 0.3 12.5
v -1.3 0.4 12.6
v -1.3 0.4 12.5
v -1.2 0 12.6
v -1.2 0 12.5
v -1.2 0 12.4
v -1.2 0 12.3
v -1.2 0 12.2
v -1.2 0 12
v -1.2 0 11.9
v -1.2 0.1 12.6
v -1.2 0.1 12.5
v -1.2 0.1 12.4
v -1.2 0.1 12.3
v -1.2 0.1 12.2
v -1.2 0.1 12
v -1.2 0.1 11.9
v -1.2 0.2 12.7
v -1.2 0.2 12.6
v -1.2 0.2 12
v -1.2 0.2 11.9
v -1.2 0.3 12.7
v -1.2 0.3 12.6
v -1.2 0.3 12.3
v -1.2 0.3 12.2
v -1.2 0.3 12
v -1.2 0.3 11.9
v -1.2 0.4 12.6
v -1.2 0.4 12.5
v -1.2 0.4 12.3
v -1.2 0.4 12.2
v -1.2 0.4 12
v -1.2 0.4 11.9
v -1.2 0.5 12.6
v -1.2 0.5 12.5
v -1.1 0 12.4
v -1.1 0 12.3
v -1.1 0 11.8
v -1.1 0 11.7
v -1.1 0.1 12.4
v -1.1 0.1 12.3
v -1.1 0.1 12.2
v -1.1 0.1 12.1
v -1.1 0.1 11.8
v -1.1 0.1 11.7
v -1.1 0.2 12.9
v -1.1 0.2 12.8
v -1.1 0.2 12.5
v -1.1 0.2 12.4
v -1.1 0.2 12.3
v -1.1 0.2 12.2
v -1.1 0.2 12.1
v -1.1 0.2 11.9
v -1.1 0.2 11.8
v -1.1 0.2 11.7
v -1.1 0.3 12.9
v -1.1 0.3 12.8
v -1.1 0.3 12.5
v -1.1 0.3 12.4
v -1.1 0.3 12.3
v -1.1 0.3 12.2
v -1.1 0.3 12.1
v -1.1 0.3 12
v -1.1 0.3 11.9
v -1.1 0.3 11.8
v -1.1 0.3 11.7
v -1.1 0.4 12.9
v -1.1 0.4 12.8
v -1.1 0.4 12.7
v -1.1 0.4 12.6
v -1.1 0.4 12.1
v -1.1 0.4 12
v -1.1 0.5 12.7
v -1.1 0.5 12.6
v -1 0 13.1
v -1 0 13
v -1 0 12.3
v -1 0 12.2
v -1 0 12
v -1 0 11.9
v -1 0 11.6
v -1 0 11.5
v -1 0.1 13.1
v -1 0.1 13
v -1 0.1 12.9
v -1 0.1 12.8
v -1 0.1 12.7
v -1 0.1 12.6
v -1 0.1 12.5
v -1 0.1 12.4
v -1 0.1 12.3
v -1 0.1 12.2
v -1 0.1 12
v -1 0.1 11.9
v -1 0.1 11.8
v -1 0.1 11.7
v -1 0.1 11.6
v -1 0.1 11.5
v -1 0.2 12.9
v -1 0.2 12.8
v -1 0.2 12.7
v -1 0.2 12.6
v -1 0.2 12.5
v -1 0.2 12.4
v -1 0.2 11.9
v -1 0.2 11.8
v -1 0.2 11.7
v -1 0.2 11.6
v -1 0.2 11.5
v -1 0.3 13
v -1 0.3 12.9
v -1 0.3 12.7
v -1 0.3 12.6
v -1 0.3 12.4
v -1 0.3 12.3
v -1 0.3 12
v -1 0.3 11.9
v -1 0.4 13
v -1 0.4 12.9
v -1 0.4 12.7
v -1 0.4 12.6
v -1 0.4 12.4
v -1 0.4 12.3
v -1 0.4 12
v -1 0.4 11.9
v -1 0.5 12.9
v -1 0.5 12.8
v -1 0.5 12.3
v -1 0.5 12.2
v -1 0.6 12.9
v -1 0.6 12.8
v -1 0.6 12.7
v -1 0.6 12.6
v -1 0.6 12.5
v -1 0.6 12.3
v -1 0.6 12.2
v -1 0.7 12.7
v -1 0.7 12.6
v -1 0.7 12.5
v -0.9 0 12.7
v -0.9 0 12.6
v -0.9 0 11.7
v -0.9 0 11.6
v -0.9 0.1 13
v -0.9 0.1 12.9
v -0.9 0.1 12.7
v -0.9 0.1 12.6
v -0.9 0.1 12.5
v -0.9 0.1 12.2
v -0.9 0.1 12.1
v -0.9 0.1 12
v -0.9 0.1 11.7
v -0.9 0.1 11.6
v -0.9 0.2 13
v -0.9 0.2 12.9
v -0.9 0.2 12.6
v -0.9 0.2 12.5
v -0.9 0.2 12.2
v -0.9 0.2 12.1
v -0.9 0.2 12
v -0.9 0.3 13.1
v -0.9 0.3 13
v -0.9 0.3 12.6
v -0.9 0.3 12.5
v -0.9 0.3 12.4
v -0.9 0.3 12.2
v -0.9 0.3 12.1
v -0.9 0.3 12
v -0.9 0.3 11.7
v -0.9 0.3 11.6
v -0.9 0.4 13.1
v -0.9 0.4 13
v -0.9 0.4 12.9
v -0.9 0.4 12.8
v -0.9 0.4 12.7
v -0.9 0.4 12.6
v -0.9 0.4 12.4
v -0.9 0.4 12.3
v -0.9 0.4 12.2
v -0.9 0.4 12.1
v -0.9 0.4 11.7
v -0.9 0.4 11.6
v -0.9 0.5 12.9
v -0.9 0.5 12.7
v -0.9 0.5 12.6
v -0.9 0.5 12.4
v -0.9 0.5 12.3
v -0.9 0.5 12.2
v -0.9 0.5 12.1
v -0.9 0.5 11.8
v -0.9 0.5 11.7
v -0.9 0.6 12.7
v -0.9 0.6 12.6
v -0.9 0.6 11.8
v -0.9 0.6 11.7
v -0.8 0 13.2
v -0.8 0 13.1
v -0.8 0 12.8
v -0.8 0 12.7
v -0.8 0 12.6
v -0.8 0 12.5
v -0.8 0 12.4
v -0.8 0 12.3
v -0.8 0 11.9
v -0.8 0 11.8
v -0.8 0 11.7
v -0.8 0 11.6
v -0.8 0 11.5
v -0.8 0.1 13.2
v -0.8 0.1 13.1
v -0.8 0.1 12.8
v -0.8 0.1 12.7
v -0.8 0.1 12.6
v -0.8 0.1 12.5
v -0.8 0.1 12.4
v -0.8 0.1 12.3
v -0.8 0.1 12
v -0.8 0.1 11.9
v -0.8 0.1 11.8
v -0.8 0.1 11.7
v -0.8 0.1 11.6
v -0.8 0.1 11.5
v -0.8 0.2 13.3
v -0.8 0.2 13.2
v -0.8 0.2 13.1
v -0.8 0.2 12.8
v -0.8 0.2 12.7
v -0.8 0.2 12.6
v -0.8 0.2 12.5
v -0.8 0.2 12.4
v -0.8 0.2 12.3
v -0.8 0.2 12
v -0.8 0.2 11.9
v -0.8 0.2 11.8
v -0.8 0.2 11.7
v -0.8 0.2 11.6
v -0.8 0.2 11.5
v -0.8 0.2 11.4
v -0.8 0.3 13.3
v -0.8 0.3 13.2
v -0.8 0.3 12.8
v -0.8 0.3 12.7
v -0.8 0.3 12.6
v -0.8 0.3 12.5
v -0.8 0.3 11.9
v -0.8 0.3 11.8
v -0.8 0.3 11.7
v -0.8 0.3 11.6
v -0.8 0.3 11.5
v -0.8 0.3 11.4
v -0.8 0.4 13
v -0.8 0.4 12.9
v -0.8 0.4 12.8
v -0.8 0.4 12.7
v -0.8 0.4 12.6
v -0.8 0.4 12.5
v -0.8 0.4 12.4
v -0.8 0.4 11.8
v -0.8 0.4 11.7
v -0.8 0.4 11.5
v -0.8 0.4 11.4
v -0.8 0.5 13
v -0.8 0.5 12.9
v -0.8 0.5 12.7
v -0.8 0.5 12.6
v -0.8 0.5 12.5
v -0.8 0.5 12.4
v -0.8 0.5 11.7
v -0.8 0.5 11.6
v -0.8 0.5 11.5
v -0.8 0.5 11.4
v -0.8 0.5 11.3
v -0.8 0.6 11.8
v -0.8 0.6 11.7
v -0.8 0.6 11.6
v -0.8 0.6 11.5
v -0.8 0.6 11.4
v -0.8 0.6 11.3
v -0.8 0.7 11.8
v -0.8 0.8 11.8
v -0.8 0.8 11.7
v -0.7 0 13.1
v -0.7 0 13
v -0.7 0 12.9
v -0.7 0 12.8
v -0.7 0 12.2
v -0.7 0 12.1
v -0.7 0 11.4
v -0.7 0 11.3
v -0.7 0.1 13.1
v -0.7 0.1 13
v -0.7 0.1 12.9
v -0.7 0.1 12.8
v -0.7 0.1 12.3
v -0.7 0.1 12.2
v -0.7 0.1 12.1
v -0.7 0.1 11.6
v -0.7 0.1 11.5
v -0.7 0.1 11.4
v -0.7 0.1 11.3
v -0.7 0.1 11.2
v -0.7 0.1 11.1
v -0.7 0.2 13.2
v -0.7 0.2 13.1
v -0.7 0.2 13
v -0.7 0.2 12.9
v -0.7 0.2 12.8
v -0.7 0.2 12.3
v -0.7 0.2 12.2
v -0.7 0.2 12
v -0.7 0.2 11.9
v -0.7 0.2 11.8
v -0.7 0.2 11.7
v -0.7 0.2 11.6
v -0.7 0.2 11.5
v -0.7 0.2 11.2
v -0.7 0.2 11.1
v -0.7 0.3 13.2
v -0.7 0.3 13.1
v -0.7 0.3 13
v -0.7 0.3 12.9
v -0.7 0.3 12.8
v -0.7 0.3 12.3
v -0.7 0.3 12.2
v -0.7 0.3 12.1
v -0.7 0.3 12
v -0.7 0.3 11.9
v -0.7 0.3 11.8
v -0.7 0.3 11.7
v -0.7 0.3 11.6
v -0.7 0.3 11.5
v -0.7 0.4 13.1
v -0.7 0.4 13
v -0.7 0.4 12.9
v -0.7 0.4 12.8
v -0.7 0.4 12.3
v -0.7 0.4 12.2
v -0.7 0.4 12.1
v -0.7 0.4 12
v -0.7 0.4 11.9
v -0.7 0.4 11.8
v -0.7 0.4 11.7
v -0.7 0.4 11.6
v -0.7 0.4 11.5
v -0.7 0.5 12.6
v -0.7 0.5 12.5
v -0.7 0.5 12.4
v -0.7 0.5 12.3
v -0.7 0.5 12
v -0.7 0.5 11.9
v -0.7 0.5 11.8
v -0.7 0.5 11.7
v -0.7 0.5 11.6
v -0.7 0.5 11.5
v -0.7 0.6 12.6
v -0.7 0.6 12.5
v -0.7 0.6 12.4
v -0.7 0.6 12.3
v -0.7 0.6 11.9
v -0.7 0.6 11.8
v -0.7 0.7 12.5
v -0.7 0.7 12.4
v -0.7 0.7 11.9
v -0.7 0.7 11.8
v -0.6 0 13
v -0.6 0 12.9
v -0.6 0 11.5
v -0.6 0 11.4
v -0.6 0 11.3
v -0.6 0 11.2
v -0.6 0.1 13
v -0.6 0.1 12.9
v -0.6 0.1 12.8
v -0.6 0.1 11.5
v -0.6 0.1 11.4
v -0.6 0.1 11.3
v -0.6 0.1 11.2
v -0.6 0.2 13.1
v -0.6 0.2 13
v -0.6 0.2 12.9
v -0.6 0.2 12.8
v -0.6 0.2 11.9
v -0.6 0.2 11.8
v -0.6 0.2 11.5
v -0.6 0.2 11.4
v -0.6 0.2 11.3
v -0.6 0.2 11.2
v -0.6 0.2 11.1
v -0.6 0.3 13.1
v -0.6 0.3 13
v -0.6 0.3 12.8
v -0.6 0.3 12.7
v -0.6 0.3 12.6
v -0.6 0.3 12.5
v -0.6 0.3 12.4
v -0.6 0.3 11.9
v -0.6 0.3 11.8
v -0.6 0.3 11.4
v -0.6 0.3 11.3
v -0.6 0.3 11.2
v -0.6 0.3 11.1
v -0.6 0.4 13.1
v -0.6 0.4 13
v -0.6 0.4 12.9
v -0.6 0.4 12.8
v -0.6 0.4 12.7
v -0.6 0.4 12.6
v -0.6 0.4 12.5
v -0.6 0.4 12.4
v -0.6 0.4 12.3
v -0.6 0.4 12.2
v -0.6 0.4 12.1
v -0.6 0.4 12
v -0.6 0.4 11.9
v -0.6 0.4 11.8
v -0.6 0.4 11.5
v -0.6 0.4 11.4
v -0.6 0.4 11.3
v -0.6 0.4 11.2
v -0.6 0.5 13.1
v -0.6 0.5 13
v -0.6 0.5 12.9
v -0.6 0.5 12.8
v -0.6 0.5 12.7
v -0.6 0.5 12.6
v -0.6 0.5 12.3
v -0.6 0.5 12.2
v -0.6 0.5 12.1
v -0.6 0.5 12
v -0.6 0.5 11.9
v -0.6 0.5 11.8
v -0.6 0.5 11.7
v -0.6 0.5 11.5
v -0.6 0.5 11.4
v -0.6 0.5 11.3
v -0.6 0.5 11.2
v -0.6 0.6 13
v -0.6 0.6 12.9
v -0.6 0.6 12.4
v -0.6 0.6 12.3
v -0.6 0.6 12.2
v -0.6 0.6 11.8
v -0.6 0.6 11.7
v -0.6 0.7 12.8
v -0.6 0.7 12.7
v -0.6 0.7 12.4
v -0.6 0.7 12.3
v -0.6 0.8 12.8
v -0.6 0.8 12.7
v -0.6 0.8 12.3
v -0.6 0.8 12.2
v -0.6 0.9 12.3
v -0.6 0.9 12.2
v -0.5 0 13.4
v -0.5 0 13.3
v -0.5 0.1 13.4
v -0.5 0.1 13.3
v -0.5 0.1 11.9
v -0.5 0.1 11.8
v -0.5 0.1 11.7
v -0.5 0.2 12.4
v -0.5 0.2 12.3
v -0.5 0.2 12.2
v -0.5 0.2 11.9
v -0.5 0.2 11.8
v -0.5 0.2 11.7
v -0.5 0.3 13.2
v -0.5 0.3 13.1
v -0.5 0.3 12.9
v -0.5 0.3 12.8
v -0.5 0.3 12.4
v -0.5 0.3 12.3
v -0.5 0.3 12.2
v -0.5 0.3 12.1
v -0.5 0.3 11.8
v -0.5 0.3 11.7
v -0.5 0.3 11.6
v -0.5 0.3 11.5
v -0.5 0.4 13.2
v -0.5 0.4 13.1
v -0.5 0.4 12.9
v -0.5 0.4 12.8
v -0.5 0.4 12.7
v -0.5 0.4 12.6
v -0.5 0.4 12.5
v -0.5 0.4 12.4
v -0.5 0.4 12.3
v -0.5 0.4 12.2
v -0.5 0.4 12.1
v -0.5 0.4 11.8
v -0.5 0.4 11.7
v -0.5 0.4 11.6
v -0.5 0.4 11.5
v -0.5 0.5 12.8
v -0.5 0.5 12.7
v -0.5 0.5 12.6
v -0.5 0.5 12.5
v -0.5 0.5 12.4
v -0.5 0.5 11.8
v -0.5 0.5 11.7
v -0.5 0.5 11.6
v -0.5 0.6 12.7
v -0.5 0.6 12.6
v -0.5 0.6 12.3
v -0.5 0.6 12.2
v -0.5 0.7 12.7
v -0.5 0.7 12.6
v -0.5 0.7 12.3
v -0.5 0.7 12.2
v -0.5 0.8 12.8
v -0.5 0.8 12.7
v -0.5 0.9 12.8
v -0.5 0.9 12.7
v -0.5 0.9 12.6
v -0.5 1 12.7
v -0.5 1 12.6
v -0.5 1 12.5
v -0.5 1.1 12.6
v -0.5 1.1 12.5
v -0.4 0 13.3
v -0.4 0 13.2
v -0.4 0 11.5
v -0.4 0 11.4
v -0.4 0.1 13.3
v -0.4 0.1 13.2
v -0.4 0.1 11.6
v -0.4 0.1 11.5
v -0.4 0.2 13.3
v -0.4 0.2 13.2
v -0.4 0.2 12.8
v -0.4 0.2 12.7
v -0.4 0.2 12.6
v -0.4 0.2 12.5
v -0.4 0.2 12.2
v -0.4 0.2 12.1
v -0.4 0.2 12
v -0.4 0.2 11.6
v -0.4 0.2 11.5
v -0.4 0.2 11.4
v -0.4 0.3 13.3
v -0.4 0.3 13.2
v -0.4 0.3 12.8
v -0.4 0.3 12.7
v -0.4 0.3 12.6
v -0.4 0.3 12.5
v -0.4 0.3 12.2
v -0.4 0.3 12.1
v -0.4 0.3 12
v -0.4 0.3 11.9
v -0.4 0.3 11.8
v -0.4 0.3 11.5
v -0.4 0.3 11.4
v -0.4 0.3 11.3
v -0.4 0.4 13.3
v -0.4 0.4 13.2
v -0.4 0.4 12.7
v -0.4 0.4 12.6
v -0.4 0.4 12.5
v -0.4 0.4 12.3
v -0.4 0.4 12.1
v -0.4 0.4 12
v -0.4 0.4 11.9
v -0.4 0.4 11.8
v -0.4 0.4 11.6
v -0.4 0.4 11.5
v -0.4 0.4 11.4
v -0.4 0.4 11.3
v -0.4 0.5 13.3
v -0.4 0.5 13.2
v -0.4 0.5 13.1
v -0.4 0.5 12.8
v -0.4 0.5 12.7
v -0.4 0.5 12.6
v -0.4 0.5 12.3
v -0.4 0.5 12.2
v -0.4 0.5 12.1
v -0.4 0.5 11.6
v -0.4 0.5 11.5
v -0.4 0.6 13.2
v -0.4 0.6 13.1
v -0.4 0.6 12.8
v -0.4 0.6 12.7
v -0.4 0.6 12.5
v -0.4 0.6 12.4
v -0.4 0.6 12.3
v -0.4 0.6 12.2
v -0.4 0.7 12.7
v -0.4 0.7 12.6
v -0.4 0.7 12.5
v -0.4 0.7 12.4
v -0.4 0.7 12.3
v -0.4 0.7 11.5
v -0.4 0.7 11.4
v -0.4 0.8 12.7
v -0.4 0.8 12.6
v -0.4 0.8 12.5
v -0.4 0.8 11.5
v -0.4 0.8 11.4
v -0.4 0.9 12.6
v -0.4 0.9 12.5
v -0.4 1 12.6
v -0.4 1 12.5
v -0.4 1.1 12.1
v -0.4 1.1 12
v -0.4 1.2 12.1
v -0.4 1.2 12
v -0.3 0 13
v -0.3 0 12.9
v -0.3 0 11.7
v -0.3 0 11.6
v -0.3 0.1 13.4
v -0.3 0.1 13.3
v -0.3 0.1 13
v -0.3 0.1 12.9
v -0.3 0.1 12
v -0.3 0.1 11.9
v -0.3 0.1 11.7
v -0.3 0.1 11.6
v -0.3 0.2 13.7
v -0.3 0.2 13.6
v -0.3 0.2 13.4
v -0.3 0.2 13.3
v -0.3 0.2 13.1
v -0.3 0.2 13
v -0.3 0.2 12.9
v -0.3 0.2 12.5
v -0.3 0.2 12.4
v -0.3 0.2 12
v -0.3 0.2 11.9
v -0.3 0.2 11.7
v -0.3 0.2 11.6
v -0.3 0.3 13.7
v -0.3 0.3 13.6
v -0.3 0.3 13.5
v -0.3 0.3 13.4
v -0.3 0.3 13.3
v -0.3 0.3 13.1
v -0.3 0.3 13
v -0.3 0.3 12.9
v -0.3 0.3 12.8
v -0.3 0.3 12.7
v -0.3 0.3 12.5
v -0.3 0.3 12.4
v -0.3 0.3 12.3
v -0.3 0.3 12.1
v -0.3 0.3 12
v -0.3 0.3 11.7
v -0.3 0.3 11.6
v -0.3 0.3 11.5
v -0.3 0.3 11.4
v -0.3 0.4 13.6
v -0.3 0.4 13.5
v -0.3 0.4 13.2
v -0.3 0.4 13.1
v -0.3 0.4 12.8
v -0.3 0.4 12.7
v -0.3 0.4 12.5
v -0.3 0.4 12.4
v -0.3 0.4 12.3
v -0.3 0.4 12.1
v -0.3 0.4 12
v -0.3 0.4 11.9
v -0.3 0.4 11.7
v -0.3 0.4 11.6
v -0.3 0.4 11.5
v -0.3 0.4 11.4
v -0.3 0.5 13.2
v -0.3 0.5 13.1
v -0.3 0.5 12.8
v -0.3 0.5 12.7
v -0.3 0.5 12.6
v -0.3 0.5 12.4
v -0.3 0.5 12.3
v -0.3 0.5 12.1
v -0.3 0.5 12
v -0.3 0.5 11.9
v -0.3 0.5 11.8
v -0.3 0.5 11.7
v -0.3 0.5 11.6
v -0.3 0.5 11.5
v -0.3 0.5 11.4
v -0.3 0.6 12.7
v -0.3 0.6 12.6
v -0.3 0.6 12.1
v -0.3 0.6 12
v -0.3 0.6 11.9
v -0.3 0.6 11.8
v -0.3 0.6 11.5
v -0.3 0.6 11.4
v -0.3 0.7 13
v -0.3 0.7 12.9
v -0.3 0.7 12.8
v -0.3 0.7 12.7
v -0.3 0.7 12.5
v -0.3 0.7 12.4
v -0.3 0.7 12.1
v -0.3 0.7 12
v -0.3 0.7 11.9
v -0.3 0.7 11.8
v -0.3 0.7 11.6
v -0.3 0.7 11.5
v -0.3 0.8 13
v -0.3 0.8 12.9
v -0.3 0.8 12.8
v -0.3 0.8 12.7
v -0.3 0.8 12.6
v -0.3 0.8 12.5
v -0.3 0.8 12.4
v -0.3 0.8 12.3
v -0.3 0.8 11.9
v -0.3 0.8 11.8
v -0.3 0.8 11.6
v -0.3 0.8 11.5
v -0.3 0.9 12.7
v -0.3 0.9 12.6
v -0.3 0.9 12.5
v -0.3 0.9 12.4
v -0.3 0.9 12.3
v -0.3 0.9 11.8
v -0.3 0.9 11.7
v -0.3 0.9 11.6
v -0.3 0.9 11.5
v -0.3 1 11.8
v -0.3 1 11.7
v -0.3 1.1 12.2
v -0.3 1.1 12.1
v -0.3 1.2 12.2
v -0.3 1.2 12.1
v -0.3 1.3 12.2
v -0.3 1.3 12.1
v -0.2 0 13.5
v -0.2 0 13.4
v -0.2 0 11.5
v -0.2 0 11.4
v -0.2 0 11.3
v -0.2 0.1 13.6
v -0.2 0.1 13.5
v -0.2 0.1 13.4
v -0.2 0.1 13.1
v -0.2 0.1 13
v -0.2 0.1 12.8
v -0.2 0.1 12.7
v -0.2 0.1 11.6
v -0.2 0.1 11.5
v -0.2 0.1 11.4
v -0.2 0.1 11.3
v -0.2 0.2 13.6
v -0.2 0.2 13.5
v -0.2 0.2 13.1
v -0.2 0.2 13
v -0.2 0.2 12.8
v -0.2 0.2 12.7
v -0.2 0.2 11.6
v -0.2 0.2 11.5
v -0.2 0.2 11.4
v -0.2 0.2 11.3
v -0.2 0.3 13.5
v -0.2 0.3 13.4
v -0.2 0.3 12
v -0.2 0.3 11.9
v -0.2 0.3 11.7
v -0.2 0.3 11.6
v -0.2 0.4 13.5
v -0.2 0.4 13.4
v -0.2 0.4 13
v -0.2 0.4 12.9
v -0.2 0.4 12.8
v -0.2 0.4 12.6
v -0.2 0.4 12.5
v -0.2 0.4 12.4
v -0.2 0.4 12
v -0.2 0.4 11.9
v -0.2 0.4 11.7
v -0.2 0.4 11.6
v -0.2 0.5 13.1
v -0.2 0.5 13
v -0.2 0.5 12.9
v -0.2 0.5 12.8
v -0.2 0.5 12.6
v -0.2 0.5 12.5
v -0.2 0.5 12.4
v -0.2 0.5 12.3
v -0.2 0.6 13.1
v -0.2 0.6 13
v -0.2 0.6 12.9
v -0.2 0.6 12.7
v -0.2 0.6 12.6
v -0.2 0.6 12.5
v -0.2 0.6 12.4
v -0.2 0.6 12.3
v -0.2 0.7 13
v -0.2 0.7 12.9
v -0.2 0.7 12.7
v -0.2 0.7 12.6
v -0.2 0.7 12.5
v -0.2 0.7 12.4
v -0.2 0.7 12.3
v -0.2 0.7 12.2
v -0.2 0.7 12.1
v -0.2 0.7 12
v -0.2 0.7 11.9
v -0.2 0.7 11.7
v -0.2 0.7 11.6
v -0.2 0.8 12.8
v -0.2 0.8 12.7
v -0.2 0.8 12.5
v -0.2 0.8 12.4
v -0.2 0.8 12.2
v -0.2 0.8 12.1
v -0.2 0.8 12
v -0.2 0.8 11.9
v -0.2 0.8 11.7
v -0.2 0.8 11.6
v -0.2 0.9 12.8
v -0.2 0.9 12.7
v -0.2 0.9 12.5
v -0.2 0.9 12.4
v -0.2 0.9 12
v -0.2 0.9 11.9
v -0.2 0.9 11.8
v -0.2 1 12.3
v -0.2 1 12.2
v -0.2 1 11.9
v -0.2 1 11.8
v -0.2 1.1 12.3
v -0.2 1.1 12.2
v -0.2 1.2 12.3
v -0.2 1.2 12.2
v -0.2 1.3 12
v -0.2 1.3 11.9
v -0.2 1.4 12
v -0.2 1.4 11.9
v -0.1 0 13.4
v -0.1 0 13.3
v -0.1 0 13
v -0.1 0 12.9
v -0.1 0.1 13.5
v -0.1 0.1 13.4
v -0.1 0.1 13.3
v -0.1 0.1 13.2
v -0.1 0.1 13.1
v -0.1 0.1 13
v -0.1 0.1 12.9
v -0.1 0.1 12
v -0.1 0.1 11.9
v -0.1 0.1 11.8
v -0.1 0.1 11.7
v -0.1 0.2 13.5
v -0.1 0.2 13.4
v -0.1 0.2 13.3
v -0.1 0.2 13.2
v -0.1 0.2 13.1
v -0.1 0.2 12.9
v -0.1 0.2 12.8
v -0.1 0.2 12
v -0.1 0.2 11.9
v -0.1 0.2 11.8
v -0.1 0.2 11.7
v -0.1 0.2 11.6
v -0.1 0.2 11.4
v -0.1 0.2 11.3
v -0.1 0.3 13.3
v -0.1 0.3 13.2
v -0.1 0.3 13.1
v -0.1 0.3 13
v -0.1 0.3 12.9
v -0.1 0.3 12.8
v -0.1 0.3 11.9
v -0.1 0.3 11.8
v -0.1 0.3 11.7
v -0.1 0.3 11.6
v -0.1 0.3 11.4
v -0.1 0.3 11.3
v -0.1 0.4 13.1
v -0.1 0.4 13
v -0.1 0.4 11.9
v -0.1 0.4 11.8
v -0.1 0.4 11.7
v -0.1 0.4 11.6
v -0.1 0.5 12.7
v -0.1 0.5 12.6
v -0.1 0.5 12
v -0.1 0.5 11.9
v -0.1 0.5 11.8
v -0.1 0.5 11.7
v -0.1 0.5 11.6
v -0.1 0.6 12.9
v -0.1 0.6 12.8
v -0.1 0.6 12.7
v -0.1 0.6 12.6
v -0.1 0.6 12.5
v -0.1 0.6 12.1
v -0.1 0.6 12
v -0.1 0.6 11.9
v -0.1 0.6 11.8
v -0.1 0.6 11.6
v -0.1 0.6 11.5
v -0.1 0.7 12.9
v -0.1 0.7 12.8
v -0.1 0.7 12.6
v -0.1 0.7 12.5
v -0.1 0.7 12.1
v -0.1 0.7 12
v -0.1 0.7 11.9
v -0.1 0.7 11.8
v -0.1 0.7 11.6
v -0.1 0.7 11.5
v -0.1 0.8 12.6
v -0.1 0.8 12.5
v -0.1 0.8 11.9
v -0.1 0.8 11.8
v -0.1 0.9 12.3
v -0.1 0.9 12.2
v -0.1 0.9 12.1
v -0.1 0.9 12
v -0.1 0.9 11.9
v -0.1 0.9 11.8
v -0.1 1 12.5
v -0.1 1 12.4
v -0.1 1 12.3
v -0.1 1 12.2
v -0.1 1 12.1
v -0.1 1 12
v -0.1 1 11.9
v -0.1 1.1 12.5
v -0.1 1.1 12.4
v -0.1 1.1 12.1
v -0.1 1.1 12
v -0.1 1.1 11.9
v -0.1 1.2 12.5
v -0.1 1.2 12.4
v -0.1 1.2 12.1
v -0.1 1.2 12
v -0.1 1.2 11.9
v -0.1 1.2 11.8
v -0.1 1.3 12
v -0.1 1.3 11.9
v -0.1 1.3 11.8
v 0 0 13.2
v 0 0 13
v 0 0 12.8
v 0 0 12.7
v 0 0 11.7
v 0 0 11.6
v 0 0 11.2
v 0 0 11.1
v 0 0.1 13.2
v 0 0.1 13.1
v 0 0.1 13
v 0 0.1 12.8
v 0 0.1 12.7
v 0 0.1 11.7
v 0 0.1 11.6
v 0 0.1 11.3
v 0 0.1 11.2
v 0 0.1 11.1
v 0 0.2 13
v 0 0.2 12.9
v 0 0.2 12
v 0 0.2 11.9
v 0 0.2 11.7
v 0 0.2 11.6
v 0 0.2 11.3
v 0 0.2 11.2
v 0 0.2 11.1
v 0 0.3 13
v 0 0.3 12.9
v 0 0.3 12.8
v 0 0.3 12
v 0 0.3 11.9
v 0 0.3 11.8
v 0 0.3 11.7
v 0 0.3 11.6
v 0 0.3 11.5
v 0 0.3 11.4
v 0 0.3 11.2
v 0 0.3 11.1
v 0 0.4 13.4
v 0 0.4 13.3
v 0 0.4 13.2
v 0 0.4 13.1
v 0 0.4 12.9
v 0 0.4 12.8
v 0 0.4 12.2
v 0 0.4 12.1
v 0 0.4 12
v 0 0.4 11.9
v 0 0.4 11.8
v 0 0.4 11.7
v 0 0.4 11.6
v 0 0.4 11.5
v 0 0.4 11.4
v 0 0.4 11.2
v 0 0.4 11.1
v 0 0.5 13.4
v 0 0.5 13.3
v 0 0.5 13.2
v 0 0.5 13.1
v 0 0.5 13
v 0 0.5 12.9
v 0 0.5 12.8
v 0 0.5 12.6
v 0 0.5 12.5
v 0 0.5 12.3
v 0 0.5 12.2
v 0 0.5 11.4
v 0 0.5 11.3
v 0 0.5 11.2
v 0 0.6 13.4
v 0 0.6 13.3
v 0 0.6 13
v 0 0.6 12.9
v 0 0.6 12.8
v 0 0.6 12.7
v 0 0.6 12.6
v 0 0.6 12.5
v 0 0.6 12.2
v 0 0.6 12.1
v 0 0.6 11.5
v 0 0.6 11.4
v 0 0.6 11.3
v 0 0.6 11.2
v 0 0.7 13.1
v 0 0.7 13
v 0 0.7 12.8
v 0 0.7 12.7
v 0 0.7 12.4
v 0 0.7 12.3
v 0 0.7 12.2
v 0 0.7 12.1
v 0 0.7 11.5
v 0 0.7 11.4
v 0 0.7 11.3
v 0 0.7 11.2
v 0 0.8 13.1
v 0 0.8 13
v 0 0.8 12.8
v 0 0.8 12.7
v 0 0.8 12.6
v 0 0.8 12.5
v 0 0.8 12.4
v 0 0.8 12.3
v 0 0.8 12.2
v 0 0.8 11.8
v 0 0.8 11.7
v 0 0.8 11.5
v 0 0.8 11.4
v 0 0.8 11.3
v 0 0.8 11.2
v 0 0.9 12.6
v 0 0.9 12.5
v 0 0.9 12.4
v 0 0.9 11.8
v 0 0.9 11.7
v 0 1 12.8
v 0 1 12.7
v 0 1 12.6
v 0 1 12.5
v 0 1 12.4
v 0 1 12.3
v 0 1 12
v 0 1 11.9
v 0 1.1 12.8
v 0 1.1 12.7
v 0 1.1 12.6
v 0 1.1 12.5
v 0 1.1 12.4
v 0 1.1 12.3
v 0 1.1 12
v 0 1.1 11.9
v 0 1.2 12.1
v 0 1.2 12
v 0 1.3 12.1
v 0 1.3 12
v 0.1 0 11.6
v 0.1 0 11.5
v 0.1 0 11.4
v 0.1 0 11.3
v 0.1 0 11.2
v 0.1 0.1 12.9
v 0.1 0.1 12.8
v 0.1 0.1 11.6
v 0.1 0.1 11.5
v 0.1 0.1 11.4
v 0.1 0.1 11.3
v 0.1 0.1 11.2
v 0.1 0.2 13.3
v 0.1 0.2 13.1
v 0.1 0.2 13
v 0.1 0.2 12.9
v 0.1 0.2 12.8
v 0.1 0.2 11.6
v 0.1 0.2 11.5
v 0.1 0.2 11.1
v 0.1 0.2 11
v 0.1 0.3 13.3
v 0.1 0.3 13.2
v 0.1 0.3 13.1
v 0.1 0.3 13
v 0.1 0.3 12.9
v 0.1 0.3 12.8
v 0.1 0.3 12.7
v 0.1 0.3 11.9
v 0.1 0.3 11.8
v 0.1 0.3 11.6
v 0.1 0.3 11.5
v 0.1 0.3 11.3
v 0.1 0.3 11.2
v 0.1 0.3 11.1
v 0.1 0.3 11
v 0.1 0.4 13.3
v 0.1 0.4 13.2
v 0.1 0.4 13.1
v 0.1 0.4 13
v 0.1 0.4 12.9
v 0.1 0.4 12.8
v 0.1 0.4 12.7
v 0.1 0.4 11.9
v 0.1 0.4 11.8
v 0.1 0.4 11.7
v 0.1 0.4 11.6
v 0.1 0.4 11.5
v 0.1 0.4 11.4
v 0.1 0.4 11.3
v 0.1 0.4 11.2
v 0.1 0.5 13.2
v 0.1 0.5 13.1
v 0.1 0.5 13
v 0.1 0.5 11.8
v 0.1 0.5 11.7
v 0.1 0.5 11.6
v 0.1 0.5 11.5
v 0.1 0.5 11.4
v 0.1 0.6 13.2
v 0.1 0.6 13.1
v 0.1 0.6 13
v 0.1 0.6 12.9
v 0.1 0.6 12.8
v 0.1 0.6 11.9
v 0.1 0.6 11.8
v 0.1 0.6 11.7
v 0.1 0.6 11.6
v 0.1 0.6 11.5
v 0.1 0.7 13
v 0.1 0.7 12.9
v 0.1 0.7 12.8
v 0.1 0.7 12.2
v 0.1 0.7 12.1
v 0.1 0.7 11.9
v 0.1 0.7 11.8
v 0.1 0.7 11.6
v 0.1 0.7 11.5
v 0.1 0.7 11.4
v 0.1 0.7 11.3
v 0.1 0.8 13
v 0.1 0.8 12.9
v 0.1 0.8 12.8
v 0.1 0.8 12.7
v 0.1 0.8 12.6
v 0.1 0.8 12.4
v 0.1 0.8 12.3
v 0.1 0.8 12.2
v 0.1 0.8 12.1
v 0.1 0.8 11.6
v 0.1 0.8 11.5
v 0.1 0.8 11.4
v 0.1 0.8 11.3
v 0.1 0.9 12.9
v 0.1 0.9 12.8
v 0.1 0.9 12.7
v 0.1 0.9 12.6
v 0.1 0.9 12.4
v 0.1 0.9 12.3
v 0.1 0.9 11.5
v 0.1 0.9 11.4
v 0.1 1 12.2
v 0.1 1 12.1
v 0.1 1 11.5
v 0.1 1 11.4
v 0.1 1.1 12.3
v 0.1 1.1 12.2
v 0.1 1.1 12.1
v 0.1 1.1 12
v 0.1 1.1 11.9
v 0.1 1.2 12.3
v 0.1 1.2 12.1
v 0.1 1.2 12
v 0.1 1.2 11.9
v 0.2 0 13
v 0.2 0 12.9
v 0.2 0 11.8
v 0.2 0 11.7
v 0.2 0 11.4
v 0.2 0 11.3
v 0.2 0.1 13
v 0.2 0.1 12.9
v 0.2 0.1 11.8
v 0.2 0.1 11.7
v 0.2 0.1 11.5
v 0.2 0.1 11.4
v 0.2 0.1 11.3
v 0.2 0.2 12.9
v 0.2 0.2 12.8
v 0.2 0.2 12.7
v 0.2 0.2 12.6
v 0.2 0.2 11.8
v 0.2 0.2 11.7
v 0.2 0.2 11.6
v 0.2 0.2 11.5
v 0.2 0.2 11.4
v 0.2 0.2 11.3
v 0.2 0.2 11.2
v 0.2 0.3 13.2
v 0.2 0.3 13.1
v 0.2 0.3 13
v 0.2 0.3 12.9
v 0.2 0.3 12.8
v 0.2 0.3 12.7
v 0.2 0.3 12.6
v 0.2 0.3 12.4
v 0.2 0.3 12.3
v 0.2 0.3 11.8
v 0.2 0.3 11.7
v 0.2 0.3 11.6
v 0.2 0.3 11.5
v 0.2 0.3 11.4
v 0.2 0.3 11.3
v 0.2 0.3 11.2
v 0.2 0.4 13.2
v 0.2 0.4 13.1
v 0.2 0.4 13
v 0.2 0.4 12.9
v 0.2 0.4 12.8
v 0.2 0.4 12.4
v 0.2 0.4 12.3
v 0.2 0.4 11.9
v 0.2 0.4 11.8
v 0.2 0.5 12.9
v 0.2 0.5 12.8
v 0.2 0.5 12.7
v 0.2 0.5 11.9
v 0.2 0.5 11.8
v 0.2 0.6 12.8
v 0.2 0.6 12.7
v 0.2 0.6 12.6
v 0.2 0.6 11.8
v 0.2 0.6 11.7
v 0.2 0.7 12.7
v 0.2 0.7 12.6
v 0.2 0.7 12.3
v 0.2 0.7 12.2
v 0.2 0.7 12
v 0.2 0.7 11.9
v 0.2 0.7 11.8
v 0.2 0.7 11.7
v 0.2 0.7 11.6
v 0.2 0.8 12.3
v 0.2 0.8 12.2
v 0.2 0.8 12.1
v 0.2 0.8 12
v 0.2 0.8 11.9
v 0.2 0.8 11.8
v 0.2 0.8 11.7
v 0.2 0.8 11.6
v 0.2 0.8 11.5
v 0.2 0.8 11.4
v 0.2 0.9 12.2
v 0.2 0.9 12.1
v 0.2 0.9 12
v 0.2 0.9 11.9
v 0.2 0.9 11.8
v 0.2 0.9 11.7
v 0.2 0.9 11.6
v 0.2 0.9 11.5
v 0.2 0.9 11.4
v 0.2 1 12.3
v 0.2 1 12.2
v 0.2 1 11.8
v 0.2 1 11.7
v 0.2 1 11.6
v 0.2 1 11.5
v 0.2 1.1 12.3
v 0.2 1.1 12.2
v 0.2 1.1 11.7
v 0.2 1.1 11.6
v 0.2 1.1 11.5
v 0.2 1.2 11.6
v 0.2 1.2 11.5
v 0.3 0 12.8
v 0.3 0 12.7
v 0.3 0 11.6
v 0.3 0 11.5
v 0.3 0.1 13
v 0.3 0.1 12.9
v 0.3 0.1 12.8
v 0.3 0.1 12.7
v 0.3 0.1 11.8
v 0.3 0.1 11.7
v 0.3 0.1 11.6
v 0.3 0.1 11.5
v 0.3 0.2 13
v 0.3 0.2 12.9
v 0.3 0.2 12.8
v 0.3 0.2 12.7
v 0.3 0.2 12.3
v 0.3 0.2 12.2
v 0.3 0.2 12.1
v 0.3 0.2 11.8
v 0.3 0.2 11.7
v 0.3 0.2 11.6
v 0.3 0.2 11.5
v 0.3 0.2 11.4
v 0.3 0.2 11.3
v 0.3 0.3 12.9
v 0.3 0.3 12.8
v 0.3 0.3 12.3
v 0.3 0.3 12.2
v 0.3 0.3 12.1
v 0.3 0.3 11.8
v 0.3 0.3 11.7
v 0.3 0.3 11.6
v 0.3 0.3 11.5
v 0.3 0.3 11.4
v 0.3 0.3 11.3
v 0.3 0.4 13
v 0.3 0.4 12.9
v 0.3 0.4 12.8
v 0.3 0.4 12.6
v 0.3 0.4 12.5
v 0.3 0.4 12.4
v 0.3 0.4 12.3
v 0.3 0.4 12.2
v 0.3 0.4 11.8
v 0.3 0.4 11.6
v 0.3 0.4 11.5
v 0.3 0.5 13
v 0.3 0.5 12.9
v 0.3 0.5 12.6
v 0.3 0.5 12.5
v 0.3 0.5 12.4
v 0.3 0.5 12.3
v 0.3 0.5 12.2
v 0.3 0.5 12
v 0.3 0.5 11.9
v 0.3 0.5 11.8
v 0.3 0.5 11.7
v 0.3 0.5 11.6
v 0.3 0.5 11.5
v 0.3 0.5 11.4
v 0.3 0.6 12.8
v 0.3 0.6 12.7
v 0.3 0.6 12.6
v 0.3 0.6 12.5
v 0.3 0.6 12
v 0.3 0.6 11.9
v 0.3 0.6 11.8
v 0.3 0.6 11.5
v 0.3 0.6 11.4
v 0.3 0.7 12.9
v 0.3 0.7 12.8
v 0.3 0.7 12.7
v 0.3 0.7 12.5
v 0.3 0.7 12.4
v 0.3 0.7 12.3
v 0.3 0.7 12.2
v 0.3 0.7 12.1
v 0.3 0.7 12
v 0.3 0.7 11.9
v 0.3 0.7 11.8
v 0.3 0.7 11.5
v 0.3 0.7 11.4
v 0.3 0.8 12.9
v 0.3 0.8 12.8
v 0.3 0.8 12.7
v 0.3 0.8 12.6
v 0.3 0.8 12.5
v 0.3 0.8 12.4
v 0.3 0.8 12.3
v 0.3 0.8 12.2
v 0.3 0.8 12.1
v 0.3 0.8 12
v 0.3 0.8 11.9
v 0.3 0.8 11.8
v 0.3 0.8 11.5
v 0.3 0.8 11.4
v 0.3 0.9 12.8
v 0.3 0.9 12.7
v 0.3 0.9 12.6
v 0.3 0.9 12.5
v 0.3 0.9 12.2
v 0.3 0.9 12.1
v 0.3 0.9 12
v 0.3 1 12.4
v 0.3 1 12.3
v 0.3 1 12.2
v 0.3 1 12.1
v 0.3 1 12
v 0.3 1 11.9
v 0.3 1.1 12.2
v 0.3 1.1 12.1
v 0.4 0 12.9
v 0.4 0 12.8
v 0.4 0 12.1
v 0.4 0 12
v 0.4 0.1 13.3
v 0.4 0.1 13.2
v 0.4 0.1 13.1
v 0.4 0.1 12.9
v 0.4 0.1 12.8
v 0.4 0.1 12.3
v 0.4 0.1 12.2
v 0.4 0.1 12.1
v 0.4 0.1 12
v 0.4 0.1 11.9
v 0.4 0.1 11.5
v 0.4 0.1 11.4
v 0.4 0.2 13.3
v 0.4 0.2 13.2
v 0.4 0.2 13.1
v 0.4 0.2 12.7
v 0.4 0.2 12.6
v 0.4 0.2 12.5
v 0.4 0.2 12.4
v 0.4 0.2 12.3
v 0.4 0.2 12.2
v 0.4 0.2 12.1
v 0.4 0.2 12
v 0.4 0.2 11.9
v 0.4 0.2 11.5
v 0.4 0.2 11.4
v 0.4 0.3 12.7
v 0.4 0.3 12.6
v 0.4 0.3 12.5
v 0.4 0.3 12.4
v 0.4 0.3 12.3
v 0.4 0.3 12.2
v 0.4 0.3 12.1
v 0.4 0.3 12
v 0.4 0.4 12.3
v 0.4 0.4 12.2
v 0.4 0.5 12.8
v 0.4 0.5 12.7
v 0.4 0.5 12.2
v 0.4 0.5 12.1
v 0.4 0.5 11.3
v 0.4 0.5 11.2
v 0.4 0.6 12.8
v 0.4 0.6 12.7
v 0.4 0.6 12.6
v 0.4 0.6 12.5
v 0.4 0.6 11.8
v 0.4 0.6 11.7
v 0.4 0.6 11.5
v 0.4 0.6 11.4
v 0.4 0.6 11.3
v 0.4 0.6 11.2
v 0.4 0.7 12.7
v 0.4 0.7 12.6
v 0.4 0.7 12.5
v 0.4 0.7 11.8
v 0.4 0.7 11.7
v 0.4 0.7 11.5
v 0.4 0.7 11.4
v 0.4 0.8 13.2
v 0.4 0.8 13.1
v 0.4 0.8 12.7
v 0.4 0.8 12.6
v 0.4 0.8 12.5
v 0.4 0.8 12.4
v 0.4 0.9 13.2
v 0.4 0.9 13.1
v 0.4 0.9 12.5
v 0.4 0.9 12.4
v 0.4 0.9 12.2
v 0.4 0.9 12.1
v 0.4 1 13.2
v 0.4 1 13.1
v 0.4 1 12.7
v 0.4 1 12.6
v 0.4 1 12.2
v 0.4 1 12.1
v 0.4 1.1 12.7
v 0.4 1.1 12.6
v 0.5 0 13.5
v 0.5 0 13.4
v 0.5 0 13.2
v 0.5 0 13.1
v 0.5 0 13
v 0.5 0 12.9
v 0.5 0 12
v 0.5 0 11.8
v 0.5 0 11.7
v 0.5 0 11.6
v 0.5 0.1 13.5
v 0.5 0.1 13.4
v 0.5 0.1 13.2
v 0.5 0.1 13.1
v 0.5 0.1 13
v 0.5 0.1 12.9
v 0.5 0.1 12.8
v 0.5 0.1 12.1
v 0.5 0.1 12
v 0.5 0.1 11.9
v 0.5 0.1 11.8
v 0.5 0.1 11.7
v 0.5 0.1 11.6
v 0.5 0.2 13.1
v 0.5 0.2 13
v 0.5 0.2 12.9
v 0.5 0.2 12.8
v 0.5 0.2 12.1
v 0.5 0.2 12
v 0.5 0.2 11.8
v 0.5 0.2 11.7
v 0.5 0.3 13.1
v 0.5 0.3 13
v 0.5 0.3 12.9
v 0.5 0.3 12.8
v 0.5 0.3 12.6
v 0.5 0.3 12.5
v 0.5 0.3 11.9
v 0.5 0.3 11.8
v 0.5 0.3 11.7
v 0.5 0.3 11.6
v 0.5 0.4 13
v 0.5 0.4 12.9
v 0.5 0.4 12.8
v 0.5 0.4 12.6
v 0.5 0.4 12.5
v 0.5 0.4 11.9
v 0.5 0.4 11.8
v 0.5 0.4 11.7
v 0.5 0.4 11.6
v 0.5 0.4 11.5
v 0.5 0.4 11.4
v 0.5 0.5 13
v 0.5 0.5 12.9
v 0.5 0.5 12.7
v 0.5 0.5 12.6
v 0.5 0.5 12.4
v 0.5 0.5 12.3
v 0.5 0.5 12.2
v 0.5 0.5 11.9
v 0.5 0.5 11.8
v 0.5 0.5 11.5
v 0.5 0.5 11.4
v 0.5 0.6 12.7
v 0.5 0.6 12.6
v 0.5 0.6 12.5
v 0.5 0.6 12.4
v 0.5 0.6 12.3
v 0.5 0.6 12.2
v 0.5 0.6 12.1
v 0.5 0.6 12
v 0.5 0.6 11.9
v 0.5 0.6 11.8
v 0.5 0.7 12.5
v 0.5 0.7 12.4
v 0.5 0.7 12.2
v 0.5 0.7 12.1
v 0.5 0.7 12
v 0.5 0.7 11.9
v 0.5 0.8 13.1
v 0.5 0.8 13
v 0.5 0.8 12.6
v 0.5 0.8 12.5
v 0.5 0.8 12.2
v 0.5 0.8 12.1
v 0.5 0.8 12
v 0.5 0.8 11.9
v 0.5 0.8 11.8
v 0.5 0.8 11.7
v 0.5 0.9 13.1
v 0.5 0.9 13
v 0.5 0.9 12.6
v 0.5 0.9 12.5
v 0.5 0.9 12.2
v 0.5 0.9 12.1
v 0.5 0.9 11.9
v 0.5 0.9 11.8
v 0.5 0.9 11.7
v 0.5 1 13.1
v 0.5 1 13
v 0.5 1.1 13.1
v 0.5 1.1 13
v 0.6 0 13.4
v 0.6 0 13.3
v 0.6 0 13.1
v 0.6 0 13
v 0.6 0.1 13.4
v 0.6 0.1 13.3
v 0.6 0.1 13.1
v 0.6 0.1 13
v 0.6 0.1 11.9
v 0.6 0.1 11.8
v 0.6 0.2 12.8
v 0.6 0.2 12.7
v 0.6 0.2 12.6
v 0.6 0.2 11.9
v 0.6 0.2 11.8
v 0.6 0.2 11.7
v 0.6 0.3 12.8
v 0.6 0.3 12.7
v 0.6 0.3 12.6
v 0.6 0.3 12.4
v 0.6 0.3 12.3
v 0.6 0.3 11.9
v 0.6 0.3 11.8
v 0.6 0.3 11.7
v 0.6 0.3 11.6
v 0.6 0.3 11.5
v 0.6 0.4 12.8
v 0.6 0.4 12.7
v 0.6 0.4 12.6
v 0.6 0.4 12.4
v 0.6 0.4 12.3
v 0.6 0.4 12.2
v 0.6 0.4 12.1
v 0.6 0.4 12
v 0.6 0.4 11.9
v 0.6 0.4 11.6
v 0.6 0.4 11.5
v 0.6 0.4 11.4
v 0.6 0.4 11.3
v 0.6 0.4 11.2
v 0.6 0.5 12.8
v 0.6 0.5 12.7
v 0.6 0.5 12.3
v 0.6 0.5 12.2
v 0.6 0.5 12.1
v 0.6 0.5 12
v 0.6 0.5 11.9
v 0.6 0.5 11.6
v 0.6 0.5 11.5
v 0.6 0.5 11.4
v 0.6 0.5 11.3
v 0.6 0.5 11.2
v 0.6 0.6 12.9
v 0.6 0.6 12.8
v 0.6 0.6 12.7
v 0.6 0.6 12.6
v 0.6 0.6 12.5
v 0.6 0.6 12.3
v 0.6 0.6 12.2
v 0.6 0.6 11.6
v 0.6 0.6 11.5
v 0.6 0.6 11.4
v 0.6 0.6 11.3
v 0.6 0.7 12.9
v 0.6 0.7 12.8
v 0.6 0.7 12.7
v 0.6 0.7 12.6
v 0.6 0.7 12.5
v 0.6 0.7 12.4
v 0.6 0.7 12.3
v 0.6 0.7 12.2
v 0.6 0.7 11.9
v 0.6 0.7 11.8
v 0.6 0.7 11.6
v 0.6 0.7 11.5
v 0.6 0.7 11.4
v 0.6 0.7 11.3
v 0.6 0.8 12.8
v 0.6 0.8 12.7
v 0.6 0.8 12.6
v 0.6 0.8 12.5
v 0.6 0.8 12.4
v 0.6 0.8 12.3
v 0.6 0.8 12.2
v 0.6 0.8 12.1
v 0.6 0.8 12
v 0.6 0.8 11.9
v 0.6 0.8 11.8
v 0.6 0.9 13.1
v 0.6 0.9 13
v 0.6 0.9 12.9
v 0.6 0.9 12.8
v 0.6 0.9 12.7
v 0.6 0.9 12.6
v 0.6 0.9 12.5
v 0.6 0.9 12.4
v 0.6 0.9 12.3
v 0.6 0.9 12.2
v 0.6 0.9 12.1
v 0.6 0.9 12
v 0.6 1 13.2
v 0.6 1 13.1
v 0.6 1 13
v 0.6 1 12.9
v 0.6 1 12.7
v 0.6 1 12.6
v 0.6 1 12.5
v 0.6 1 12.4
v 0.6 1 12.3
v 0.6 1 12.2
v 0.6 1 12.1
v 0.6 1 12
v 0.6 1.1 13.2
v 0.6 1.1 13.1
v 0.6 1.1 12.9
v 0.6 1.1 12.8
v 0.6 1.1 12.4
v 0.6 1.1 12.3
v 0.6 1.1 12.2
v 0.6 1.2 13.1
v 0.6 1.2 13
v 0.6 1.2 12.9
v 0.6 1.2 12.8
v 0.6 1.3 13
v 0.6 1.3 12.9
v 0.6 1.3 12.8
v 0.6 1.4 12.9
v 0.6 1.4 12.8
v 0.7 0 13.3
v 0.7 0 13.2
v 0.7 0.1 13.6
v 0.7 0.1 13.5
v 0.7 0.1 13.4
v 0.7 0.1 13.3
v 0.7 0.1 13.2
v 0.7 0.1 11.7
v 0.7 0.1 11.6
v 0.7 0.1 11.5
v 0.7 0.1 11.4
v 0.7 0.2 13.6
v 0.7 0.2 13.5
v 0.7 0.2 13.4
v 0.7 0.2 13.3
v 0.7 0.2 12.6
v 0.7 0.2 12.5
v 0.7 0.2 12
v 0.7 0.2 11.9
v 0.7 0.2 11.7
v 0.7 0.2 11.6
v 0.7 0.2 11.5
v 0.7 0.2 11.4
v 0.7 0.3 13.5
v 0.7 0.3 13.4
v 0.7 0.3 12.6
v 0.7 0.3 12.5
v 0.7 0.3 12.4
v 0.7 0.3 12
v 0.7 0.3 11.9
v 0.7 0.3 11.7
v 0.7 0.3 11.6
v 0.7 0.3 11.4
v 0.7 0.3 11.3
v 0.7 0.4 12.9
v 0.7 0.4 12.8
v 0.7 0.4 12.7
v 0.7 0.4 12.6
v 0.7 0.4 12.5
v 0.7 0.4 12.4
v 0.7 0.4 12.3
v 0.7 0.4 12
v 0.7 0.4 11.9
v 0.7 0.4 11.5
v 0.7 0.4 11.4
v 0.7 0.4 11.3
v 0.7 0.5 12.9
v 0.7 0.5 12.8
v 0.7 0.5 12.7
v 0.7 0.5 12.6
v 0.7 0.5 12.5
v 0.7 0.5 12.3
v 0.7 0.5 12.2
v 0.7 0.5 11.7
v 0.7 0.5 11.6
v 0.7 0.5 11.5
v 0.7 0.5 11.4
v 0.7 0.5 11.3
v 0.7 0.6 13.2
v 0.7 0.6 13.1
v 0.7 0.6 13
v 0.7 0.6 12.9
v 0.7 0.6 12.7
v 0.7 0.6 12.6
v 0.7 0.6 12.4
v 0.7 0.6 12.3
v 0.7 0.6 12.2
v 0.7 0.6 12.1
v 0.7 0.6 11.9
v 0.7 0.6 11.8
v 0.7 0.6 11.7
v 0.7 0.6 11.6
v 0.7 0.6 11.4
v 0.7 0.6 11.3
v 0.7 0.7 13.2
v 0.7 0.7 13.1
v 0.7 0.7 13
v 0.7 0.7 12.9
v 0.7 0.7 12.7
v 0.7 0.7 12.6
v 0.7 0.7 12.3
v 0.7 0.7 12.2
v 0.7 0.7 12.1
v 0.7 0.7 12
v 0.7 0.7 11.9
v 0.7 0.7 11.8
v 0.7 0.8 13.2
v 0.7 0.8 13.1
v 0.7 0.8 13
v 0.7 0.8 12.9
v 0.7 0.8 12.3
v 0.7 0.8 12.2
v 0.7 0.8 12.1
v 0.7 0.8 12
v 0.7 0.8 11.9
v 0.7 0.9 13.2
v 0.7 0.9 12.9
v 0.7 0.9 12.6
v 0.7 0.9 12.5
v 0.7 0.9 12
v 0.7 0.9 11.9
v 0.7 1 12.6
v 0.7 1 12.5
v 0.7 1.1 12.6
v 0.7 1.1 12.5
v 0.7 1.1 12.4
v 0.7 1.1 12.2
v 0.7 1.2 12.6
v 0.7 1.2 12.5
v 0.7 1.2 12.4
v 0.7 1.2 12.3
v 0.7 1.2 12.2
v 0.7 1.3 12.4
v 0.7 1.3 12.3
v 0.8 0 13.5
v 0.8 0 13.3
v 0.8 0 13.1
v 0.8 0 13
v 0.8 0 11.7
v 0.8 0 11.6
v 0.8 0 11.4
v 0.8 0 11.3
v 0.8 0.1 13.5
v 0.8 0.1 13.4
v 0.8 0.1 13.3
v 0.8 0.1 13.1
v 0.8 0.1 13
v 0.8 0.1 12.5
v 0.8 0.1 12.4
v 0.8 0.1 11.8
v 0.8 0.1 11.7
v 0.8 0.1 11.6
v 0.8 0.1 11.4
v 0.8 0.1 11.3
v 0.8 0.2 13.4
v 0.8 0.2 13.3
v 0.8 0.2 13
v 0.8 0.2 12.9
v 0.8 0.2 12.8
v 0.8 0.2 12.5
v 0.8 0.2 12.4
v 0.8 0.2 12.3
v 0.8 0.2 11.8
v 0.8 0.2 11.7
v 0.8 0.2 11.3
v 0.8 0.2 11.2
v 0.8 0.3 13.4
v 0.8 0.3 13.3
v 0.8 0.3 13
v 0.8 0.3 12.9
v 0.8 0.3 12.8
v 0.8 0.3 12.4
v 0.8 0.3 12.3
v 0.8 0.3 12.1
v 0.8 0.3 12
v 0.8 0.3 11.5
v 0.8 0.3 11.4
v 0.8 0.3 11.3
v 0.8 0.3 11.2
v 0.8 0.4 12.1
v 0.8 0.4 12
v 0.8 0.4 11.9
v 0.8 0.4 11.8
v 0.8 0.4 11.5
v 0.8 0.4 11.4
v 0.8 0.5 12.6
v 0.8 0.5 12.5
v 0.8 0.5 12.2
v 0.8 0.5 12.1
v 0.8 0.5 11.9
v 0.8 0.5 11.8
v 0.8 0.5 11.6
v 0.8 0.5 11.5
v 0.8 0.5 11.4
v 0.8 0.6 13.1
v 0.8 0.6 13
v 0.8 0.6 12.6
v 0.8 0.6 12.5
v 0.8 0.6 12.2
v 0.8 0.6 12.1
v 0.8 0.6 12
v 0.8 0.6 11.9
v 0.8 0.6 11.8
v 0.8 0.6 11.6
v 0.8 0.6 11.5
v 0.8 0.6 11.4
v 0.8 0.7 13.1
v 0.8 0.7 13
v 0.8 0.7 12.8
v 0.8 0.7 12.4
v 0.8 0.7 12.3
v 0.8 0.7 12.1
v 0.8 0.7 12
v 0.8 0.8 13.1
v 0.8 0.8 13
v 0.8 0.8 12.9
v 0.8 0.8 12.8
v 0.8 0.8 12.4
v 0.8 0.8 12.3
v 0.8 0.9 12.9
v 0.8 0.9 12.8
v 0.8 1 12.6
v 0.8 1 12.5
v 0.8 1 12.4
v 0.8 1.1 12.6
v 0.8 1.1 12.5
v 0.8 1.1 12.4
v 0.9 0 13.3
v 0.9 0 13.2
v 0.9 0 13.1
v 0.9 0 11.3
v 0.9 0 11.2
v 0.9 0.1 13.3
v 0.9 0.1 13.2
v 0.9 0.1 13.1
v 0.9 0.1 12.3
v 0.9 0.1 12.2
v 0.9 0.1 11.7
v 0.9 0.1 11.6
v 0.9 0.1 11.4
v 0.9 0.1 11.3
v 0.9 0.1 11.2
v 0.9 0.2 12.3
v 0.9 0.2 12.2
v 0.9 0.2 11.7
v 0.9 0.2 11.6
v 0.9 0.2 11.4
v 0.9 0.2 11.3
v 0.9 0.3 13.2
v 0.9 0.3 13.1
v 0.9 0.3 12.7
v 0.9 0.3 12.6
v 0.9 0.3 12.4
v 0.9 0.3 12.3
v 0.9 0.3 12.2
v 0.9 0.3 12.1
v 0.9 0.3 11.9
v 0.9 0.3 11.8
v 0.9 0.3 11.7
v 0.9 0.3 11.6
v 0.9 0.4 13.2
v 0.9 0.4 13.1
v 0.9 0.4 12.8
v 0.9 0.4 12.7
v 0.9 0.4 12.6
v 0.9 0.4 12.5
v 0.9 0.4 12.4
v 0.9 0.4 12.3
v 0.9 0.4 12.2
v 0.9 0.4 12.1
v 0.9 0.4 12
v 0.9 0.4 11.9
v 0.9 0.4 11.8
v 0.9 0.4 11.7
v 0.9 0.4 11.6
v 0.9 0.5 13.2
v 0.9 0.5 13.1
v 0.9 0.5 12.8
v 0.9 0.5 12.7
v 0.9 0.5 12.6
v 0.9 0.5 12.5
v 0.9 0.5 12.4
v 0.9 0.5 12.3
v 0.9 0.5 12.2
v 0.9 0.5 12.1
v 0.9 0.5 12
v 0.9 0.5 11.9
v 0.9 0.5 11.7
v 0.9 0.5 11.6
v 0.9 0.6 12.7
v 0.9 0.6 12.6
v 0.9 0.6 12.5
v 0.9 0.6 12.4
v 0.9 0.6 12.3
v 0.9 0.6 12.1
v 0.9 0.6 12
v 0.9 0.6 11.9
v 0.9 0.6 11.8
v 0.9 0.6 11.7
v 0.9 0.7 12.6
v 0.9 0.7 12.5
v 0.9 0.7 12.4
v 0.9 0.7 12.3
v 0.9 0.7 12
v 0.9 0.7 11.9
v 0.9 0.7 11.8
v 0.9 0.7 11.7
v 0.9 0.8 12.8
v 0.9 0.8 12.7
v 0.9 0.8 12.6
v 0.9 0.9 12.8
v 0.9 0.9 12.7
v 0.9 0.9 12.6
v 0.9 0.9 12.5
v 0.9 0.9 12.4
v 0.9 0.9 12.3
v 0.9 1 12.8
v 0.9 1 12.7
v 0.9 1 12.6
v 0.9 1 12.5
v 0.9 1 12.4
v 0.9 1 12.3
v 1 0 11.6
v 1 0 11.5
v 1 0 11.4
v 1 0.1 13.4
v 1 0.1 13.3
v 1 0.1 13.2
v 1 0.1 13.1
v 1 0.1 12.9
v 1 0.1 12.8
v 1 0.1 12.7
v 1 0.1 12.6
v 1 0.1 12.5
v 1 0.1 12.4
v 1 0.1 12.3
v 1 0.1 11.6
v 1 0.1 11.5
v 1 0.1 11.4
v 1 0.1 11.3
v 1 0.1 11.2
v 1 0.2 13.4
v 1 0.2 13.3
v 1 0.2 13.2
v 1 0.2 13.1
v 1 0.2 13
v 1 0.2 12.9
v 1 0.2 12.8
v 1 0.2 12.7
v 1 0.2 12.6
v 1 0.2 12.5
v 1 0.2 12.4
v 1 0.2 12.3
v 1 0.2 11.6
v 1 0.2 11.5
v 1 0.2 11.4
v 1 0.2 11.3
v 1 0.2 11.2
v 1 0.3 13.3
v 1 0.3 13.2
v 1 0.3 13.1
v 1 0.3 13
v 1 0.3 12.8
v 1 0.3 12.7
v 1 0.3 12.6
v 1 0.3 12.4
v 1 0.3 12.3
v 1 0.3 12.2
v 1 0.3 11.8
v 1 0.3 11.7
v 1 0.3 11.4
v 1 0.3 11.3
v 1 0.4 12.9
v 1 0.4 12.8
v 1 0.4 12.7
v 1 0.4 12.4
v 1 0.4 12.3
v 1 0.4 12.2
v 1 0.4 11.9
v 1 0.4 11.8
v 1 0.4 11.7
v 1 0.4 11.4
v 1 0.4 11.3
v 1 0.5 12.9
v 1 0.5 12.8
v 1 0.5 12.4
v 1 0.5 12.3
v 1 0.5 11.9
v 1 0.5 11.8
v 1 0.5 11.7
v 1 0.6 12.7
v 1 0.6 12.6
v 1 0.6 12.5
v 1 0.6 12.4
v 1 0.6 11.9
v 1 0.6 11.8
v 1 0.6 11.7
v 1 0.7 12.7
v 1 0.7 12.6
v 1 0.7 12.5
v 1 0.7 12.4
v 1 0.7 12.3
v 1 0.7 11.9
v 1 0.7 11.8
v 1 0.8 12.7
v 1 0.8 12.6
v 1 0.8 12.5
v 1 0.8 12.4
v 1 0.8 12.3
v 1 0.9 12.6
v 1 0.9 12.5
v 1 0.9 12.4
v 1 0.9 12.3
v 1.1 0 11.9
v 1.1 0 11.8
v 1.1 0 11.7
v 1.1 0 11.6
v 1.1 0 11.4
v 1.1 0 11.3
v 1.1 0.1 13.1
v 1.1 0.1 12.9
v 1.1 0.1 12.5
v 1.1 0.1 12.4
v 1.1 0.1 12.1
v 1.1 0.1 12
v 1.1 0.1 11.9
v 1.1 0.1 11.8
v 1.1 0.1 11.7
v 1.1 0.1 11.6
v 1.1 0.1 11.4
v 1.1 0.1 11.3
v 1.1 0.2 13.2
v 1.1 0.2 13.1
v 1.1 0.2 13
v 1.1 0.2 12.9
v 1.1 0.2 12.8
v 1.1 0.2 12.7
v 1.1 0.2 12.5
v 1.1 0.2 12.4
v 1.1 0.2 12.1
v 1.1 0.2 12
v 1.1 0.2 11.4
v 1.1 0.2 11.3
v 1.1 0.3 13.2
v 1.1 0.3 13.1
v 1.1 0.3 13
v 1.1 0.3 12.9
v 1.1 0.3 12.8
v 1.1 0.3 12.7
v 1.1 0.3 12.6
v 1.1 0.3 12.5
v 1.1 0.3 12
v 1.1 0.3 11.9
v 1.1 0.3 11.5
v 1.1 0.3 11.4
v 1.1 0.3 11.3
v 1.1 0.4 13.1
v 1.1 0.4 13
v 1.1 0.4 12.9
v 1.1 0.4 12.8
v 1.1 0.4 12.7
v 1.1 0.4 12.6
v 1.1 0.4 12.5
v 1.1 0.4 12.4
v 1.1 0.4 12.2
v 1.1 0.4 12.1
v 1.1 0.4 12
v 1.1 0.4 11.9
v 1.1 0.4 11.5
v 1.1 0.4 11.4
v 1.1 0.5 12.7
v 1.1 0.5 12.6
v 1.1 0.5 12.5
v 1.1 0.5 12.4
v 1.1 0.5 12.2
v 1.1 0.5 12.1
v 1.1 0.5 11.9
v 1.1 0.5 11.8
v 1.1 0.6 12.6
v 1.1 0.6 12.5
v 1.1 0.6 11.9
v 1.1 0.6 11.8
v 1.1 0.7 12.6
v 1.1 0.7 12.5
v 1.1 0.8 12.7
v 1.1 0.8 12.6
v 1.1 0.9 12.7
v 1.1 0.9 12.6
v 1.1 0.9 12.5
v 1.1 1 12.7
v 1.1 1 12.6
v 1.1 1 12.5
v 1.2 0 12.1
v 1.2 0 12
v 1.2 0 11.9
v 1.2 0 11.8
v 1.2 0 11.7
v 1.2 0.1 12.8
v 1.2 0.1 12.6
v 1.2 0.1 12.2
v 1.2 0.1 12.1
v 1.2 0.1 12
v 1.2 0.1 11.9
v 1.2 0.1 11.8
v 1.2 0.1 11.7
v 1.2 0.1 11.6
v 1.2 0.2 12.8
v 1.2 0.2 12.7
v 1.2 0.2 12.6
v 1.2 0.2 12.5
v 1.2 0.2 12.2
v 1.2 0.2 12.1
v 1.2 0.2 11.8
v 1.2 0.2 11.7
v 1.2 0.2 11.6
v 1.2 0.2 11.5
v 1.2 0.2 11.4
v 1.2 0.3 12.7
v 1.2 0.3 12.6
v 1.2 0.3 12.5
v 1.2 0.3 12.4
v 1.2 0.3 12.2
v 1.2 0.3 12.1
v 1.2 0.3 11.9
v 1.2 0.3 11.8
v 1.2 0.3 11.7
v 1.2 0.3 11.6
v 1.2 0.3 11.5
v 1.2 0.3 11.4
v 1.2 0.4 12.7
v 1.2 0.4 12.6
v 1.2 0.4 12.5
v 1.2 0.4 12.4
v 1.2 0.4 11.9
v 1.2 0.4 11.8
v 1.2 0.4 11.7
v 1.2 0.4 11.6
v 1.2 0.5 12.3
v 1.2 0.5 12.2
v 1.2 0.5 12.1
v 1.2 0.5 12
v 1.2 0.5 11.9
v 1.2 0.6 12.3
v 1.2 0.6 12.2
v 1.2 0.6 12.1
v 1.2 0.6 12
v 1.2 0.6 11.9
v 1.2 0.7 12.6
v 1.2 0.7 12.4
v 1.2 0.7 12.3
v 1.2 0.7 12.2
v 1.2 0.8 12.6
v 1.2 0.8 12.4
v 1.3 0 12.5
v 1.3 0 12.4
v 1.3 0 12.3
v 1.3 0 11.9
v 1.3 0 11.8
v 1.3 0 11.7
v 1.3 0 11.6
v 1.3 0 11.5
v 1.3 0.1 12.6
v 1.3 0.1 12.5
v 1.3 0.1 12.4
v 1.3 0.1 12.3
v 1.3 0.1 12
v 1.3 0.1 11.9
v 1.3 0.1 11.8
v 1.3 0.1 11.7
v 1.3 0.1 11.6
v 1.3 0.1 11.5
v 1.3 0.2 12.7
v 1.3 0.2 12.6
v 1.3 0.2 12.5
v 1.3 0.2 12.4
v 1.3 0.2 12.3
v 1.3 0.2 12
v 1.3 0.2 11.9
v 1.3 0.2 11.8
v 1.3 0.2 11.7
v 1.3 0.2 11.6
v 1.3 0.2 11.5
v 1.3 0.3 12.7
v 1.3 0.3 12.6
v 1.3 0.3 12.5
v 1.3 0.3 12.4
v 1.3 0.3 12.2
v 1.3 0.3 12.1
v 1.3 0.3 11.9
v 1.3 0.3 11.8
v 1.3 0.3 11.6
v 1.3 0.3 11.5
v 1.3 0.4 12.3
v 1.3 0.4 12.2
v 1.3 0.4 12.1
v 1.3 0.4 12
v 1.3 0.4 11.9
v 1.3 0.5 12.3
v 1.3 0.5 12.2
v 1.3 0.5 12
v 1.3 0.5 11.9
v 1.3 0.6 12.2
v 1.3 0.6 12.1
v 1.3 0.7 12.2
v 1.3 0.7 12.1
v 1.4 0.1 12.1
v 1.4 0.1 12
v 1.4 0.1 11.9
v 1.4 0.1 11.8
v 1.4 0.1 11.7
v 1.4 0.1 11.6
v 1.4 0.2 12
v 1.4 0.2 11.9
v 1.4 0.2 11.8
v 1.4 0.2 11.7
v 1.4 0.2 11.6
v 1.4 0.3 12.1
v 1.4 0.3 12
v 1.4 0.3 11.9
v 1.4 0.3 11.7
v 1.4 0.3 11.6
v 1.4 0.4 12.2
v 1.4 0.4 12.1
v 1.4 0.4 12
v 1.4 0.4 11.9
v 1.4 0.5 12.2
v 1.4 0.5 12.1
v 1.4 0.5 12
v -0.5 0.2 13.7
v -0.5 0.3 13.7
v -0.4 0.2 13.7
v -0.4 0.3 13.7
v -0.3 0.2 13.7
v -0.3 0.3 13.7
v -0.4 0.1 13.6
v -0.4 0.2 13.6
v -0.4 0.3 13.6
v -0.4 0.4 13.6
v -0.3 0.1 13.6
v -0.3 0.2 13.6
v -0.3 0.3 13.6
v -0.3 0.4 13.6
v -0.2 0.1 13.6
v -0.2 0.2 13.6
v 0.6 0.1 13.6
v 0.6 0.2 13.6
v 0.7 0.1 13.6
v 0.7 0.2 13.6
v -0.6 0.1 13.5
v -0.6 0.2 13.5
v -0.6 0.3 13.5
v -0.5 0 13.5
v -0.5 0.1 13.5
v -0.5 0.2 13.5
v -0.5 0.3 13.5
v -0.4 0 13.5
v -0.4 0.1 13.5
v -0.4 0.2 13.5
v -0.4 0.3 13.5
v -0.3 0.1 13.5
v -0.3 0.3 13.5
v -0.3 0.4 13.5
v -0.2 0 13.5
v -0.2 0.1 13.5
v -0.2 0.2 13.5
v -0.2 0.3 13.5
v -0.2 0.4 13.5
v -0.1 0.1 13.5
v -0.1 0.2 13.5
v 0.4 0 13.5
v 0.4 0.1 13.5
v 0.5 0 13.5
v 0.5 0.1 13.5
v 0.6 0 13.5
v 0.6 0.1 13.5
v 0.6 0.2 13.5
v 0.6 0.3 13.5
v 0.7 0 13.5
v 0.7 0.1 13.5
v 0.7 0.2 13.5
v 0.7 0.3 13.5
v 0.8 0 13.5
v 0.8 0.1 13.5
v -0.7 0.2 13.4
v -0.7 0.3 13.4
v -0.6 0 13.4
v -0.6 0.1 13.4
v -0.6 0.2 13.4
v -0.6 0.3 13.4
v -0.5 0 13.4
v -0.5 0.1 13.4
v -0.2 0 13.4
v -0.2 0.1 13.4
v -0.2 0.4 13.4
v -0.2 0.5 13.4
v -0.1 0 13.4
v -0.1 0.1 13.4
v -0.1 0.4 13.4
v -0.1 0.5 13.4
v -0.1 0.6 13.4
v 0 0.4 13.4
v 0 0.5 13.4
v 0 0.6 13.4
v 0.4 0.1 13.4
v 0.4 0.2 13.4
v 0.5 0 13.4
v 0.5 0.1 13.4
v 0.5 0.2 13.4
v 0.6 0 13.4
v 0.6 0.1 13.4
v 0.6 0.2 13.4
v 0.7 0.2 13.4
v 0.7 0.3 13.4
v 0.8 0.1 13.4
v 0.8 0.2 13.4
v 0.8 0.3 13.4
v 0.9 0.1 13.4
v 0.9 0.2 13.4
v 1 0.1 13.4
v 1 0.2 13.4
v -0.9 0.2 13.3
v -0.9 0.3 13.3
v -0.8 0.2 13.3
v -0.8 0.3 13.3
v -0.5 0 13.3
v -0.5 0.1 13.3
v -0.5 0.4 13.3
v -0.5 0.5 13.3
v -0.4 0 13.3
v -0.4 0.1 13.3
v -0.4 0.4 13.3
v -0.4 0.5 13.3
v -0.3 0.1 13.3
v -0.3 0.2 13.3
v -0.3 0.3 13.3
v -0.2 0.1 13.3
v -0.2 0.2 13.3
v -0.2 0.3 13.3
v -0.1 0.1 13.3
v -0.1 0.2 13.3
v -0.1 0.3 13.3
v 0 0.2 13.3
v 0 0.3 13.3
v 0 0.4 13.3
v 0.1 0.2 13.3
v 0.1 0.3 13.3
v 0.1 0.4 13.3
v 0.3 0 13.3
v 0.3 0.1 13.3
v 0.3 0.2 13.3
v 0.4 0 13.3
v 0.4 0.1 13.3
v 0.4 0.2 13.3
v 0.6 0 13.3
v 0.6 0.1 13.3
v 0.7 0 13.3
v 0.7 0.1 13.3
v 0.7 0.2 13.3
v 0.8 0 13.3
v 0.8 0.1 13.3
v 0.8 0.2 13.3
v 0.8 0.3 13.3
v 0.9 0 13.3
v 0.9 0.1 13.3
v 0.9 0.2 13.3
v 0.9 0.3 13.3
v 1 0.2 13.3
v 1 0.3 13.3
v -1.1 0.1 13.2
v -1.1 0.2 13.2
v -1 0 13.2
v -1 0.1 13.2
v -1 0.2 13.2
v -0.9 0 13.2
v -0.9 0.1 13.2
v -0.9 0.2 13.2
v -0.8 0 13.2
v -0.8 0.1 13.2
v -0.8 0.2 13.2
v -0.8 0.3 13.2
v -0.7 0.2 13.2
v -0.7 0.3 13.2
v -0.7 0.4 13.2
v -0.6 0.3 13.2
v -0.6 0.4 13.2
v -0.6 0.5 13.2
v -0.5 0.3 13.2
v -0.5 0.4 13.2
v -0.5 0.5 13.2
v -0.5 0.6 13.2
v -0.4 0 13.2
v -0.4 0.1 13.2
v -0.4 0.2 13.2
v -0.4 0.3 13.2
v -0.4 0.4 13.2
v -0.4 0.5 13.2
v -0.4 0.6 13.2
v -0.3 0 13.2
v -0.3 0.1 13.2
v -0.3 0.2 13.2
v -0.3 0.3 13.2
v -0.3 0.4 13.2
v -0.3 0.5 13.2
v -0.2 0.1 13.2
v -0.2 0.3 13.2
v -0.2 0.4 13.2
v -0.2 0.5 13.2
v -0.2 0.6 13.2
v -0.1 0 13.2
v -0.1 0.1 13.2
v -0.1 0.2 13.2
v -0.1 0.3 13.2
v -0.1 0.4 13.2
v -0.1 0.5 13.2
v -0.1 0.6 13.2
v 0 0 13.2
v 0 0.1 13.2
v 0 0.2 13.2
v 0 0.3 13.2
v 0 0.4 13.2
v 0 0.5 13.2
v 0 0.6 13.2
v 0.1 0 13.2
v 0.1 0.1 13.2
v 0.1 0.3 13.2
v 0.1 0.4 13.2
v 0.1 0.5 13.2
v 0.1 0.6 13.2
v 0.2 0.1 13.2
v 0.2 0.2 13.2
v 0.2 0.3 13.2
v 0.2 0.4 13.2
v 0.3 0 13.2
v 0.3 0.1 13.2
v 0.3 0.2 13.2
v 0.3 0.8 13.2
v 0.3 0.9 13.2
v 0.3 1 13.2
v 0.4 0.8 13.2
v 0.4 0.9 13.2
v 0.4 1 13.2
v 0.4 1.1 13.2
v 0.5 1 13.2
v 0.5 1.1 13.2
v 0.6 0.6 13.2
v 0.6 0.7 13.2
v 0.6 0.8 13.2
v 0.6 0.9 13.2
v 0.6 1 13.2
v 0.6 1.1 13.2
v 0.7 0 13.2
v 0.7 0.1 13.2
v 0.7 0.3 13.2
v 0.7 0.4 13.2
v 0.7 0.6 13.2
v 0.7 0.7 13.2
v 0.7 0.8 13.2
v 0.7 0.9 13.2
v 0.8 0 13.2
v 0.8 0.1 13.2
v 0.8 0.3 13.2
v 0.8 0.4 13.2
v 0.8 0.5 13.2
v 0.9 0.3 13.2
v 0.9 0.4 13.2
v 0.9 0.5 13.2
v 1 0.2 13.2
v 1 0.3 13.2
v 1.1 0.2 13.2
v 1.1 0.3 13.2
v -1.1 0 13.1
v -1.1 0.1 13.1
v -1.1 0.2 13.1
v -1.1 0.3 13.1
v -1 0 13.1
v -1 0.1 13.1
v -1 0.2 13.1
v -1 0.3 13.1
v -1 0.4 13.1
v -0.9 0.2 13.1
v -0.9 0.3 13.1
v -0.9 0.4 13.1
v -0.8 0 13.1
v -0.8 0.1 13.1
v -0.8 0.2 13.1
v -0.8 0.3 13.1
v -0.8 0.4 13.1
v -0.7 0 13.1
v -0.7 0.1 13.1
v -0.7 0.2 13.1
v -0.7 0.3 13.1
v -0.7 0.4 13.1
v -0.7 0.5 13.1
v -0.6 0.2 13.1
v -0.6 0.3 13.1
v -0.6 0.4 13.1
v -0.6 0.5 13.1
v -0.5 0.3 13.1
v -0.5 0.4 13.1
v -0.4 0.3 13.1
v -0.4 0.4 13.1
v -0.4 0.5 13.1
v -0.4 0.6 13.1
v -0.3 0.3 13.1
v -0.3 0.4 13.1
v -0.3 0.5 13.1
v -0.3 0.6 13.1
v -0.2 0.4 13.1
v -0.2 0.5 13.1
v -0.2 0.6 13.1
v -0.1 0.4 13.1
v -0.1 0.5 13.1
v -0.1 0.7 13.1
v -0.1 0.8 13.1
v 0 0.1 13.1
v 0 0.2 13.1
v 0 0.4 13.1
v 0 0.5 13.1
v 0 0.7 13.1
v 0 0.8 13.1
v 0.1 0.1 13.1
v 0.1 0.2 13.1
v 0.1 0.4 13.1
v 0.1 0.5 13.1
v 0.2 0.1 13.1
v 0.2 0.2 13.1
v 0.2 0.8 13.1
v 0.2 0.9 13.1
v 0.3 0.8 13.1
v 0.3 0.9 13.1
v 0.3 1 13.1
v 0.3 1.1 13.1
v 0.4 0.1 13.1
v 0.4 0.2 13.1
v 0.4 0.3 13.1
v 0.4 0.7 13.1
v 0.4 0.8 13.1
v 0.4 0.9 13.1
v 0.4 1 13.1
v 0.4 1.1 13.1
v 0.5 0 13.1
v 0.5 0.1 13.1
v 0.5 0.2 13.1
v 0.5 0.3 13.1
v 0.5 0.6 13.1
v 0.5 0.7 13.1
v 0.5 0.8 13.1
v 0.5 0.9 13.1
v 0.5 1 13.1
v 0.5 1.1 13.1
v 0.5 1.2 13.1
v 0.6 0 13.1
v 0.6 0.1 13.1
v 0.6 0.3 13.1
v 0.6 0.4 13.1
v 0.6 0.6 13.1
v 0.6 0.7 13.1
v 0.6 0.8 13.1
v 0.6 0.9 13.1
v 0.6 1 13.1
v 0.6 1.1 13.1
v 0.6 1.2 13.1
v 0.7 0.3 13.1
v 0.7 0.4 13.1
v 0.7 0.6 13.1
v 0.7 0.7 13.1
v 0.7 0.8 13.1
v 0.8 0.6 13.1
v 0.8 0.7 13.1
v 0.8 0.8 13.1
v 0.9 0.3 13.1
v 0.9 0.4 13.1
v 1 0.1 13.1
v 1 0.2 13.1
v 1 0.3 13.1
v 1 0.4 13.1
v 1.1 0.1 13.1
v 1.1 0.2 13.1
v 1.1 0.3 13.1
v 1.1 0.4 13.1
v -1.2 0.1 13
v -1.2 0.2 13
v -1.1 0.1 13
v -1.1 0.2 13
v -1.1 0.3 13
v -1.1 0.4 13
v -1 0 13
v -1 0.1 13
v -1 0.3 13
v -1 0.4 13
v -0.9 0 13
v -0.9 0.1 13
v -0.9 0.3 13
v -0.9 0.4 13
v -0.9 0.5 13
v -0.8 0.3 13
v -0.8 0.4 13
v -0.8 0.5 13
v -0.7 0 13
v -0.7 0.1 13
v -0.7 0.2 13
v -0.7 0.5 13
v -0.7 0.6 13
v -0.6 0 13
v -0.6 0.1 13
v -0.6 0.2 13
v -0.6 0.3 13
v -0.6 0.4 13
v -0.6 0.5 13
v -0.6 0.6 13
v -0.5 0 13
v -0.5 0.1 13
v -0.5 0.2 13
v -0.5 0.3 13
v -0.5 0.4 13
v -0.5 0.5 13
v -0.4 0 13
v -0.4 0.1 13
v -0.4 0.7 13
v -0.4 0.8 13
v -0.3 0 13
v -0.3 0.1 13
v -0.3 0.6 13
v -0.3 0.7 13
v -0.3 0.8 13
v -0.2 0.1 13
v -0.2 0.2 13
v -0.2 0.5 13
v -0.2 0.6 13
v -0.2 0.7 13
v -0.2 0.8 13
v -0.1 0.1 13
v -0.1 0.2 13
v -0.1 0.3 13
v -0.1 0.4 13
v -0.1 0.5 13
v -0.1 0.6 13
v -0.1 0.7 13
v -0.1 0.8 13
v 0 0.1 13
v 0 0.2 13
v 0 0.3 13
v 0 0.4 13
v 0 0.5 13
v 0 0.6 13
v 0 0.7 13
v 0 0.8 13
v 0.1 0.3 13
v 0.1 0.4 13
v 0.1 0.5 13
v 0.1 0.6 13
v 0.1 0.7 13
v 0.1 0.8 13
v 0.2 0.3 13
v 0.2 0.4 13
v 0.2 0.5 13
v 0.3 0.2 13
v 0.3 0.3 13
v 0.3 0.4 13
v 0.3 0.5 13
v 0.3 0.9 13
v 0.3 1 13
v 0.4 0.2 13
v 0.4 0.3 13
v 0.4 0.4 13
v 0.4 0.5 13
v 0.4 0.9 13
v 0.4 1 13
v 0.5 0.2 13
v 0.5 0.3 13
v 0.5 0.4 13
v 0.5 0.5 13
v 0.5 0.8 13
v 0.5 0.9 13
v 0.5 1.2 13
v 0.5 1.3 13
v 0.6 0.2 13
v 0.6 0.3 13
v 0.6 0.8 13
v 0.6 0.9 13
v 0.6 1.2 13
v 0.6 1.3 13
v 0.7 0.2 13
v 0.7 0.3 13
v 0.8 0.2 13
v 0.8 0.3 13
v 1 0.2 13
v 1 0.3 13
v 1.1 0.2 13
v 1.1 0.3 13
v -1.3 0.3 12.9
v -1.3 0.4 12.9
v -1.2 0 12.9
v -1.2 0.1 12.9
v -1.2 0.2 12.9
v -1.2 0.3 12.9
v -1.2 0.4 12.9
v -1.1 0 12.9
v -1.1 0.1 12.9
v -1.1 0.2 12.9
v -1.1 0.3 12.9
v -1.1 0.4 12.9
v -1.1 0.5 12.9
v -1.1 0.6 12.9
v -1 0.4 12.9
v -1 0.5 12.9
v -1 0.6 12.9
v -0.9 0.1 12.9
v -0.9 0.2 12.9
v -0.9 0.4 12.9
v -0.9 0.5 12.9
v -0.8 0.1 12.9
v -0.8 0.2 12.9
v -0.7 0.1 12.9
v -0.7 0.2 12.9
v -0.5 0.5 12.9
v -0.5 0.6 12.9
v -0.4 0.5 12.9
v -0.4 0.6 12.9
v -0.3 0 12.9
v -0.3 0.1 12.9
v -0.3 0.2 12.9
v -0.3 0.3 12.9
v -0.3 0.5 12.9
v -0.3 0.6 12.9
v -0.2 0 12.9
v -0.2 0.1 12.9
v -0.2 0.2 12.9
v -0.2 0.3 12.9
v -0.2 0.6 12.9
v -0.2 0.7 12.9
v -0.1 0 12.9
v -0.1 0.1 12.9
v -0.1 0.4 12.9
v -0.1 0.5 12.9
v -0.1 0.6 12.9
v -0.1 0.7 12.9
v 0 0.1 12.9
v 0 0.2 12.9
v 0 0.3 12.9
v 0 0.4 12.9
v 0 0.5 12.9
v 0 0.8 12.9
v 0 0.9 12.9
v 0.1 0 12.9
v 0.1 0.1 12.9
v 0.1 0.2 12.9
v 0.1 0.3 12.9
v 0.1 0.4 12.9
v 0.1 0.7 12.9
v 0.1 0.8 12.9
v 0.1 0.9 12.9
v 0.2 0 12.9
v 0.2 0.1 12.9
v 0.2 0.2 12.9
v 0.2 0.3 12.9
v 0.2 0.4 12.9
v 0.2 0.7 12.9
v 0.2 0.8 12.9
v 0.3 0 12.9
v 0.3 0.1 12.9
v 0.3 0.2 12.9
v 0.3 0.4 12.9
v 0.3 0.5 12.9
v 0.3 0.7 12.9
v 0.3 0.8 12.9
v 0.3 1.1 12.9
v 0.3 1.2 12.9
v 0.4 0.1 12.9
v 0.4 0.2 12.9
v 0.4 0.4 12.9
v 0.4 0.5 12.9
v 0.4 0.6 12.9
v 0.4 0.7 12.9
v 0.4 1 12.9
v 0.4 1.1 12.9
v 0.4 1.2 12.9
v 0.5 0.4 12.9
v 0.5 0.5 12.9
v 0.5 0.6 12.9
v 0.5 0.7 12.9
v 0.5 1 12.9
v 0.5 1.1 12.9
v 0.5 1.2 12.9
v 0.5 1.3 12.9
v 0.5 1.4 12.9
v 0.6 1 12.9
v 0.6 1.1 12.9
v 0.6 1.3 12.9
v 0.6 1.4 12.9
v 0.7 0.4 12.9
v 0.7 0.5 12.9
v 0.7 0.8 12.9
v 0.7 0.9 12.9
v 0.8 0.4 12.9
v 0.8 0.5 12.9
v 0.8 0.8 12.9
v 0.8 0.9 12.9
v 0.9 0.4 12.9
v 0.9 0.5 12.9
v 1 0.4 12.9
v 1 0.5 12.9
v -1.2 0.4 12.8
v -1.2 0.5 12.8
v -1.1 0.2 12.8
v -1.1 0.3 12.8
v -1.1 0.4 12.8
v -1.1 0.5 12.8
v -1 0.1 12.8
v -1 0.2 12.8
v -1 0.3 12.8
v -1 0.4 12.8
v -0.9 0.1 12.8
v -0.9 0.2 12.8
v -0.9 0.3 12.8
v -0.9 0.4 12.8
v -0.8 0.4 12.8
v -0.8 0.5 12.8
v -0.8 0.8 12.8
v -0.8 0.9 12.8
v -0.7 0.3 12.8
v -0.7 0.4 12.8
v -0.7 0.5 12.8
v -0.7 0.7 12.8
v -0.7 0.8 12.8
v -0.7 0.9 12.8
v -0.6 0.3 12.8
v -0.6 0.4 12.8
v -0.6 0.5 12.8
v -0.6 0.6 12.8
v -0.6 0.7 12.8
v -0.6 0.8 12.8
v -0.6 0.9 12.8
v -0.5 0.3 12.8
v -0.5 0.4 12.8
v -0.5 0.5 12.8
v -0.5 0.6 12.8
v -0.5 0.7 12.8
v -0.5 0.8 12.8
v -0.5 0.9 12.8
v -0.4 0.3 12.8
v -0.4 0.4 12.8
v -0.4 0.7 12.8
v -0.4 0.8 12.8
v -0.4 0.9 12.8
v -0.3 0.3 12.8
v -0.3 0.4 12.8
v -0.3 0.8 12.8
v -0.3 0.9 12.8
v -0.2 0.8 12.8
v -0.2 0.9 12.8
v -0.1 0.6 12.8
v -0.1 0.7 12.8
v -0.1 1 12.8
v -0.1 1.1 12.8
v 0 0.3 12.8
v 0 0.4 12.8
v 0 0.5 12.8
v 0 0.6 12.8
v 0 0.7 12.8
v 0 1 12.8
v 0 1.1 12.8
v 0.1 0.3 12.8
v 0.1 0.4 12.8
v 0.1 0.5 12.8
v 0.1 0.6 12.8
v 0.1 0.7 12.8
v 0.1 0.8 12.8
v 0.1 0.9 12.8
v 0.2 0.2 12.8
v 0.2 0.3 12.8
v 0.2 0.4 12.8
v 0.2 0.5 12.8
v 0.2 0.6 12.8
v 0.2 0.7 12.8
v 0.2 0.8 12.8
v 0.2 0.9 12.8
v 0.3 0.2 12.8
v 0.3 0.3 12.8
v 0.3 0.4 12.8
v 0.3 0.5 12.8
v 0.3 0.6 12.8
v 0.3 0.7 12.8
v 0.3 0.8 12.8
v 0.3 0.9 12.8
v 0.4 0.3 12.8
v 0.4 0.4 12.8
v 0.4 0.5 12.8
v 0.4 0.6 12.8
v 0.4 0.7 12.8
v 0.4 0.8 12.8
v 0.5 0.2 12.8
v 0.5 0.3 12.8
v 0.5 0.4 12.8
v 0.5 0.5 12.8
v 0.5 0.6 12.8
v 0.5 0.7 12.8
v 0.5 0.8 12.8
v 0.6 0.2 12.8
v 0.6 0.3 12.8
v 0.6 0.4 12.8
v 0.6 0.5 12.8
v 0.6 0.6 12.8
v 0.6 0.7 12.8
v 0.6 0.8 12.8
v 0.8 0.2 12.8
v 0.8 0.3 12.8
v 0.8 0.8 12.8
v 0.8 0.9 12.8
v 0.8 1 12.8
v 0.9 0.2 12.8
v 0.9 0.3 12.8
v 0.9 0.8 12.8
v 0.9 0.9 12.8
v 0.9 1 12.8
v 1 0.1 12.8
v 1 0.2 12.8
v 1 0.3 12.8
v 1.1 0.1 12.8
v 1.1 0.2 12.8
v 1.2 0.1 12.8
v 1.2 0.2 12.8
v -1.4 0.1 12.7
v -1.4 0.2 12.7
v -1.4 0.3 12.7
v -1.4 0.5 12.7
v -1.4 0.6 12.7
v -1.3 0 12.7
v -1.3 0.1 12.7
v -1.3 0.2 12.7
v -1.3 0.3 12.7
v -1.3 0.4 12.7
v -1.3 0.5 12.7
v -1.2 0 12.7
v -1.2 0.1 12.7
v -1.2 0.2 12.7
v -1.2 0.3 12.7
v -1.2 0.4 12.7
v -1.2 0.5 12.7
v -1.2 0.6 12.7
v -1.1 0 12.7
v -1.1 0.1 12.7
v -1.1 0.2 12.7
v -1.1 0.3 12.7
v -1.1 0.4 12.7
v -1.1 0.5 12.7
v -1.1 0.6 12.7
v -1.1 0.7 12.7
v -1 0 12.7
v -1 0.1 12.7
v -1 0.2 12.7
v -1 0.3 12.7
v -1 0.4 12.7
v -1 0.5 12.7
v -1 0.6 12.7
v -1 0.7 12.7
v -0.9 0 12.7
v -0.9 0.1 12.7
v -0.9 0.4 12.7
v -0.9 0.5 12.7
v -0.9 0.6 12.7
v -0.8 0.3 12.7
v -0.8 0.4 12.7
v -0.8 0.5 12.7
v -0.8 0.6 12.7
v -0.7 0.3 12.7
v -0.7 0.4 12.7
v -0.7 0.5 12.7
v -0.7 0.6 12.7
v -0.6 0.2 12.7
v -0.6 0.3 12.7
v -0.6 0.4 12.7
v -0.6 0.5 12.7
v -0.6 0.6 12.7
v -0.6 0.7 12.7
v -0.6 0.8 12.7
v -0.6 0.9 12.7
v -0.6 1 12.7
v -0.5 0.2 12.7
v -0.5 0.3 12.7
v -0.5 0.4 12.7
v -0.5 0.5 12.7
v -0.5 0.6 12.7
v -0.5 0.7 12.7
v -0.5 0.8 12.7
v -0.5 0.9 12.7
v -0.5 1 12.7
v -0.4 0.4 12.7
v -0.4 0.5 12.7
v -0.4 0.6 12.7
v -0.4 0.7 12.7
v -0.4 0.8 12.7
v -0.4 0.9 12.7
v -0.3 0.5 12.7
v -0.3 0.6 12.7
v -0.3 0.7 12.7
v 0 0.7 12.7
v 0 0.8 12.7
v 0.1 0.3 12.7
v 0.1 0.4 12.7
v 0.1 0.7 12.7
v 0.1 0.8 12.7
v 0.1 0.9 12.7
v 0.1 1 12.7
v 0.2 0.3 12.7
v 0.2 0.4 12.7
v 0.2 0.5 12.7
v 0.2 0.6 12.7
v 0.2 0.9 12.7
v 0.2 1 12.7
v 0.3 0.5 12.7
v 0.3 0.6 12.7
v 0.3 0.9 12.7
v 0.3 1 12.7
v 0.3 1.1 12.7
v 0.4 0.5 12.7
v 0.4 0.6 12.7
v 0.4 0.9 12.7
v 0.4 1 12.7
v 0.4 1.1 12.7
v 0.5 0.5 12.7
v 0.5 0.6 12.7
v 0.5 0.8 12.7
v 0.5 0.9 12.7
v 0.5 1 12.7
v 0.6 0.5 12.7
v 0.6 0.6 12.7
v 0.6 0.7 12.7
v 0.6 0.8 12.7
v 0.6 0.9 12.7
v 0.6 1 12.7
v 0.7 0.3 12.7
v 0.7 0.4 12.7
v 0.7 0.5 12.7
v 0.7 0.6 12.7
v 0.7 0.7 12.7
v 0.7 0.8 12.7
v 0.8 0.3 12.7
v 0.8 0.4 12.7
v 0.8 0.5 12.7
v 0.8 0.6 12.7
v 0.8 0.7 12.7
v 0.8 0.8 12.7
v 0.9 0.3 12.7
v 0.9 0.4 12.7
v 0.9 0.5 12.7
v 0.9 0.6 12.7
v 0.9 0.7 12.7
v 0.9 0.8 12.7
v 1 0.3 12.7
v 1 0.4 12.7
v 1 0.5 12.7
v 1 0.6 12.7
v 1 0.7 12.7
v 1 0.8 12.7
v 1 0.9 12.7
v 1 1 12.7
v 1.1 0.2 12.7
v 1.1 0.3 12.7
v 1.1 0.4 12.7
v 1.1 0.5 12.7
v 1.1 0.8 12.7
v 1.1 0.9 12.7
v 1.1 1 12.7
v 1.2 0.2 12.7
v 1.2 0.3 12.7
v 1.2 0.4 12.7
v 1.3 0.2 12.7
v 1.3 0.3 12.7
v -1.4 0 12.6
v -1.4 0.1 12.6
v -1.4 0.3 12.6
v -1.4 0.4 12.6
v -1.3 0 12.6
v -1.3 0.1 12.6
v -1.3 0.3 12.6
v -1.3 0.4 12.6
v -1.2 0.2 12.6
v -1.2 0.3 12.6
v -1.1 0.2 12.6
v -1.1 0.3 12.6
v -1 0.1 12.6
v -1 0.2 12.6
v -1 0.3 12.6
v -1 0.4 12.6
v -0.9 0 12.6
v -0.9 0.1 12.6
v -0.9 0.2 12.6
v -0.9 0.3 12.6
v -0.9 0.4 12.6
v -0.9 0.5 12.6
v -0.9 0.6 12.6
v -0.8 0 12.6
v -0.8 0.1 12.6
v -0.8 0.2 12.6
v -0.8 0.3 12.6
v -0.8 0.4 12.6
v -0.8 0.5 12.6
v -0.8 0.6 12.6
v -0.7 0.4 12.6
v -0.7 0.5 12.6
v -0.7 0.9 12.6
v -0.7 1 12.6
v -0.6 0.4 12.6
v -0.6 0.5 12.6
v -0.6 0.9 12.6
v -0.6 1 12.6
v -0.6 1.1 12.6
v -0.5 0.4 12.6
v -0.5 0.5 12.6
v -0.5 0.9 12.6
v -0.5 1 12.6
v -0.5 1.1 12.6
v -0.4 0.4 12.6
v -0.4 0.5 12.6
v -0.4 0.9 12.6
v -0.4 1 12.6
v -0.3 0.4 12.6
v -0.3 0.5 12.6
v -0.3 0.6 12.6
v -0.2 0.4 12.6
v -0.2 0.5 12.6
v -0.2 0.6 12.6
v -0.2 0.7 12.6
v -0.2 1 12.6
v -0.2 1.1 12.6
v -0.1 0.5 12.6
v -0.1 0.6 12.6
v -0.1 0.7 12.6
v -0.1 0.8 12.6
v -0.1 0.9 12.6
v -0.1 1 12.6
v -0.1 1.1 12.6
v 0 0.5 12.6
v 0 0.6 12.6
v 0 0.8 12.6
v 0 0.9 12.6
v 0 1 12.6
v 0.1 0.8 12.6
v 0.1 0.9 12.6
v 0.2 0.4 12.6
v 0.2 0.5 12.6
v 0.2 0.6 12.6
v 0.2 0.7 12.6
v 0.2 0.8 12.6
v 0.2 0.9 12.6
v 0.3 0.4 12.6
v 0.3 0.5 12.6
v 0.3 0.6 12.6
v 0.3 0.7 12.6
v 0.4 0.6 12.6
v 0.4 0.7 12.6
v 0.4 0.8 12.6
v 0.4 0.9 12.6
v 0.5 0.5 12.6
v 0.5 0.6 12.6
v 0.5 0.7 12.6
v 0.5 0.8 12.6
v 0.5 0.9 12.6
v 0.6 0.2 12.6
v 0.6 0.3 12.6
v 0.6 0.4 12.6
v 0.6 0.5 12.6
v 0.6 0.6 12.6
v 0.6 0.7 12.6
v 0.6 0.8 12.6
v 0.6 0.9 12.6
v 0.6 1 12.6
v 0.6 1.1 12.6
v 0.6 1.2 12.6
v 0.7 0.2 12.6
v 0.7 0.3 12.6
v 0.7 0.4 12.6
v 0.7 0.5 12.6
v 0.7 0.6 12.6
v 0.7 0.7 12.6
v 0.7 0.8 12.6
v 0.7 0.9 12.6
v 0.7 1 12.6
v 0.7 1.1 12.6
v 0.7 1.2 12.6
v 0.8 0.5 12.6
v 0.8 0.6 12.6
v 0.8 0.7 12.6
v 0.8 1 12.6
v 0.8 1.1 12.6
v 0.9 0.3 12.6
v 0.9 0.4 12.6
v 0.9 0.6 12.6
v 0.9 0.7 12.6
v 0.9 0.8 12.6
v 0.9 0.9 12.6
v 0.9 1 12.6
v 1 0.2 12.6
v 1 0.3 12.6
v 1 0.4 12.6
v 1 0.6 12.6
v 1 0.7 12.6
v 1 0.8 12.6
v 1 0.9 12.6
v 1 1 12.6
v 1.1 0.2 12.6
v 1.1 0.3 12.6
v 1.1 0.6 12.6
v 1.1 0.7 12.6
v 1.1 0.8 12.6
v 1.2 0.1 12.6
v 1.2 0.2 12.6
v 1.2 0.7 12.6
v 1.2 0.8 12.6
v 1.3 0.1 12.6
v 1.3 0.2 12.6
v -1.5 0.1 12.5
v -1.5 0.2 12.5
v -1.4 0.1 12.5
v -1.4 0.2 12.5
v -1.3 0.1 12.5
v -1.3 0.2 12.5
v -1.2 0.1 12.5
v -1.2 0.2 12.5
v -1.1 0.4 12.5
v -1.1 0.5 12.5
v -1 0.4 12.5
v -1 0.5 12.5
v -0.9 0.4 12.5
v -0.9 0.5 12.5
v -0.9 0.6 12.5
v -0.9 0.7 12.5
v -0.8 0.2 12.5
v -0.8 0.3 12.5
v -0.8 0.6 12.5
v -0.8 0.7 12.5
v -0.7 0.2 12.5
v -0.7 0.3 12.5
v -0.7 0.5 12.5
v -0.7 0.6 12.5
v -0.7 0.7 12.5
v -0.7 0.8 12.5
v -0.6 0.2 12.5
v -0.6 0.3 12.5
v -0.6 0.5 12.5
v -0.6 0.6 12.5
v -0.6 0.7 12.5
v -0.6 0.8 12.5
v -0.5 0.5 12.5
v -0.5 0.6 12.5
v -0.5 0.7 12.5
v -0.4 0.2 12.5
v -0.4 0.3 12.5
v -0.4 0.4 12.5
v -0.4 0.6 12.5
v -0.4 0.7 12.5
v -0.4 0.8 12.5
v -0.3 0.2 12.5
v -0.3 0.3 12.5
v -0.3 0.4 12.5
v -0.3 0.7 12.5
v -0.3 0.8 12.5
v -0.3 0.9 12.5
v -0.2 0.8 12.5
v -0.2 0.9 12.5
v -0.2 1.1 12.5
v -0.2 1.2 12.5
v -0.1 1.1 12.5
v -0.1 1.2 12.5
v 0 0.7 12.5
v 0 0.8 12.5
v 0 0.9 12.5
v 0.1 0.7 12.5
v 0.1 0.8 12.5
v 0.1 0.9 12.5
v 0.1 1 12.5
v 0.2 0.7 12.5
v 0.2 0.8 12.5
v 0.2 0.9 12.5
v 0.2 1 12.5
v 0.3 0.4 12.5
v 0.3 0.5 12.5
v 0.3 0.6 12.5
v 0.3 0.7 12.5
v 0.3 0.8 12.5
v 0.3 0.9 12.5
v 0.3 1 12.5
v 0.4 0.4 12.5
v 0.4 0.5 12.5
v 0.4 0.6 12.5
v 0.4 0.7 12.5
v 0.4 0.8 12.5
v 0.4 0.9 12.5
v 0.4 1 12.5
v 0.4 1.1 12.5
v 0.5 0.3 12.5
v 0.5 0.4 12.5
v 0.5 0.6 12.5
v 0.5 0.7 12.5
v 0.5 0.8 12.5
v 0.5 0.9 12.5
v 0.5 1 12.5
v 0.5 1.1 12.5
v 0.6 0.3 12.5
v 0.6 0.4 12.5
v 0.6 0.6 12.5
v 0.6 0.7 12.5
v 0.6 0.8 12.5
v 0.6 0.9 12.5
v 0.6 1 12.5
v 0.6 1.1 12.5
v 0.7 0.2 12.5
v 0.7 0.3 12.5
v 0.7 0.4 12.5
v 0.7 0.5 12.5
v 0.7 0.6 12.5
v 0.7 0.7 12.5
v 0.7 1 12.5
v 0.7 1.1 12.5
v 0.8 0.2 12.5
v 0.8 0.3 12.5
v 0.8 0.4 12.5
v 0.8 0.5 12.5
v 0.8 0.6 12.5
v 0.8 0.9 12.5
v 0.8 1 12.5
v 0.9 0.4 12.5
v 0.9 0.5 12.5
v 0.9 0.6 12.5
v 0.9 0.7 12.5
v 0.9 0.9 12.5
v 0.9 1 12.5
v 1 0.1 12.5
v 1 0.2 12.5
v 1 0.4 12.5
v 1 0.5 12.5
v 1 0.6 12.5
v 1 0.7 12.5
v 1.1 0.1 12.5
v 1.1 0.2 12.5
v 1.1 0.3 12.5
v 1.1 0.4 12.5
v 1.1 0.5 12.5
v 1.2 0 12.5
v 1.2 0.1 12.5
v 1.2 0.2 12.5
v 1.2 0.3 12.5
v 1.2 0.4 12.5
v 1.3 0 12.5
v 1.3 0.1 12.5
v 1.3 0.2 12.5
v 1.3 0.3 12.5
v -1.2 0 12.4
v -1.2 0.1 12.4
v -1.2 0.3 12.4
v -1.2 0.4 12.4
v -1.1 0 12.4
v -1.1 0.1 12.4
v -1.1 0.3 12.4
v -1.1 0.4 12.4
v -1 0.1 12.4
v -1 0.2 12.4
v -0.9 0.1 12.4
v -0.9 0.2 12.4
v -0.9 0.3 12.4
v -0.9 0.4 12.4
v -0.8 0.1 12.4
v -0.8 0.2 12.4
v -0.8 0.3 12.4
v -0.8 0.4 12.4
v -0.8 0.7 12.4
v -0.8 0.8 12.4
v -0.7 0.6 12.4
v -0.7 0.7 12.4
v -0.7 0.8 12.4
v -0.6 0.3 12.4
v -0.6 0.4 12.4
v -0.6 0.6 12.4
v -0.6 0.7 12.4
v -0.5 0.3 12.4
v -0.5 0.4 12.4
v -0.5 0.5 12.4
v -0.4 0.4 12.4
v -0.4 0.5 12.4
v -0.3 0.4 12.4
v -0.3 0.5 12.4
v -0.3 0.7 12.4
v -0.3 0.8 12.4
v -0.2 0.7 12.4
v -0.2 0.8 12.4
v -0.1 0.8 12.4
v -0.1 1 12.4
v -0.1 1.1 12.4
v 0 0.7 12.4
v 0 0.8 12.4
v 0 1 12.4
v 0 1.1 12.4
v 0.1 0.3 12.4
v 0.1 0.4 12.4
v 0.2 0.2 12.4
v 0.2 0.3 12.4
v 0.2 0.4 12.4
v 0.2 0.5 12.4
v 0.3 0.2 12.4
v 0.3 0.3 12.4
v 0.3 0.4 12.4
v 0.3 0.5 12.4
v 0.4 0.2 12.4
v 0.4 0.3 12.4
v 0.4 0.4 12.4
v 0.5 0.3 12.4
v 0.5 0.4 12.4
v 0.5 0.6 12.4
v 0.5 0.7 12.4
v 0.5 1.2 12.4
v 0.5 1.3 12.4
v 0.6 0.6 12.4
v 0.6 0.7 12.4
v 0.6 0.9 12.4
v 0.6 1 12.4
v 0.6 1.2 12.4
v 0.6 1.3 12.4
v 0.7 0.9 12.4
v 0.7 1 12.4
v 0.7 1.2 12.4
v 0.7 1.3 12.4
v 0.8 0.1 12.4
v 0.8 0.2 12.4
v 0.8 0.3 12.4
v 0.8 0.4 12.4
v 0.8 0.9 12.4
v 0.8 1 12.4
v 0.9 0.1 12.4
v 0.9 0.2 12.4
v 0.9 0.3 12.4
v 0.9 0.4 12.4
v 0.9 0.5 12.4
v 1 0.4 12.4
v 1 0.5 12.4
v -1.3 0.3 12.3
v -1.3 0.4 12.3
v -1.2 0.3 12.3
v -1.2 0.4 12.3
v -1.1 0 12.3
v -1.1 0.1 12.3
v -1.1 0.5 12.3
v -1.1 0.6 12.3
v -1 0 12.3
v -1 0.1 12.3
v -1 0.3 12.3
v -1 0.4 12.3
v -1 0.5 12.3
v -1 0.6 12.3
v -0.9 0.3 12.3
v -0.9 0.4 12.3
v -0.9 0.5 12.3
v -0.8 0.1 12.3
v -0.8 0.2 12.3
v -0.8 0.4 12.3
v -0.8 0.5 12.3
v -0.7 0.1 12.3
v -0.7 0.2 12.3
v -0.7 0.4 12.3
v -0.7 0.5 12.3
v -0.7 0.6 12.3
v -0.7 0.8 12.3
v -0.7 0.9 12.3
v -0.6 0.5 12.3
v -0.6 0.6 12.3
v -0.6 0.7 12.3
v -0.6 0.8 12.3
v -0.6 0.9 12.3
v -0.5 0.6 12.3
v -0.5 0.7 12.3
v -0.3 0.8 12.3
v -0.3 0.9 12.3
v -0.3 1 12.3
v -0.3 1.1 12.3
v -0.3 1.2 12.3
v -0.2 0.5 12.3
v -0.2 0.6 12.3
v -0.2 0.7 12.3
v -0.2 0.8 12.3
v -0.2 0.9 12.3
v -0.2 1 12.3
v -0.2 1.1 12.3
v -0.2 1.2 12.3
v -0.1 0.5 12.3
v -0.1 0.6 12.3
v -0.1 0.8 12.3
v -0.1 0.9 12.3
v -0.1 1 12.3
v 0 0.5 12.3
v 0 0.7 12.3
v 0 0.9 12.3
v 0 1 12.3
v 0 1.1 12.3
v 0 1.2 12.3
v 0.1 0.2 12.3
v 0.1 0.3 12.3
v 0.1 0.7 12.3
v 0.1 0.8 12.3
v 0.1 0.9 12.3
v 0.1 1 12.3
v 0.1 1.1 12.3
v 0.1 1.2 12.3
v 0.2 0.1 12.3
v 0.2 0.2 12.3
v 0.2 0.3 12.3
v 0.2 0.4 12.3
v 0.2 0.7 12.3
v 0.2 0.8 12.3
v 0.2 0.9 12.3
v 0.2 1 12.3
v 0.2 1.1 12.3
v 0.3 0.1 12.3
v 0.3 0.2 12.3
v 0.3 0.3 12.3
v 0.3 0.4 12.3
v 0.4 0.1 12.3
v 0.4 0.2 12.3
v 0.6 0.1 12.3
v 0.6 0.2 12.3
v 0.6 0.7 12.3
v 0.6 0.8 12.3
v 0.7 0.1 12.3
v 0.7 0.2 12.3
v 0.7 0.3 12.3
v 0.7 0.4 12.3
v 0.7 0.7 12.3
v 0.7 0.8 12.3
v 0.8 0.2 12.3
v 0.8 0.3 12.3
v 0.8 0.4 12.3
v 0.9 0.2 12.3
v 0.9 0.3 12.3
v 0.9 0.4 12.3
v 1 0.3 12.3
v 1 0.4 12.3
v 1 0.5 12.3
v 1.1 0.4 12.3
v 1.1 0.5 12.3
v 1.1 0.6 12.3
v 1.1 0.7 12.3
v 1.2 0.4 12.3
v 1.2 0.5 12.3
v 1.2 0.6 12.3
v 1.2 0.7 12.3
v 1.3 0.4 12.3
v 1.3 0.5 12.3
v -1.5 0 12.2
v -1.5 0.1 12.2
v -1.5 0.2 12.2
v -1.4 0 12.2
v -1.4 0.1 12.2
v -1.4 0.2 12.2
v -1.2 0 12.2
v -1.2 0.1 12.2
v -1.2 0.3 12.2
v -1.2 0.4 12.2
v -1.1 0 12.2
v -1.1 0.1 12.2
v -1.1 0.3 12.2
v -1.1 0.4 12.2
v -1 0 12.2
v -1 0.1 12.2
v -0.9 0 12.2
v -0.9 0.1 12.2
v -0.8 0 12.2
v -0.8 0.1 12.2
v -0.7 0 12.2
v -0.7 0.1 12.2
v -0.7 0.3 12.2
v -0.7 0.4 12.2
v -0.6 0.3 12.2
v -0.6 0.4 12.2
v -0.6 0.5 12.2
v -0.6 1 12.2
v -0.6 1.1 12.2
v -0.5 0.2 12.2
v -0.5 0.3 12.2
v -0.5 0.4 12.2
v -0.5 0.5 12.2
v -0.5 0.6 12.2
v -0.5 0.7 12.2
v -0.5 1 12.2
v -0.5 1.1 12.2
v -0.4 0.2 12.2
v -0.4 0.3 12.2
v -0.4 0.5 12.2
v -0.4 0.6 12.2
v -0.4 0.7 12.2
v -0.4 1 12.2
v -0.4 1.1 12.2
v -0.4 1.2 12.2
v -0.4 1.3 12.2
v -0.3 0.5 12.2
v -0.3 0.6 12.2
v -0.3 0.7 12.2
v -0.3 1 12.2
v -0.3 1.1 12.2
v -0.3 1.2 12.2
v -0.3 1.3 12.2
v -0.2 0.4 12.2
v -0.2 0.5 12.2
v -0.2 0.6 12.2
v -0.2 0.7 12.2
v -0.2 1 12.2
v -0.2 1.1 12.2
v -0.1 0.4 12.2
v -0.1 0.5 12.2
v -0.1 1 12.2
v -0.1 1.1 12.2
v -0.1 1.2 12.2
v 0 0.4 12.2
v 0 0.5 12.2
v 0 0.7 12.2
v 0 0.8 12.2
v 0 1.1 12.2
v 0 1.2 12.2
v 0.1 0.7 12.2
v 0.1 0.8 12.2
v 0.2 0.7 12.2
v 0.2 0.8 12.2
v 0.2 1 12.2
v 0.2 1.1 12.2
v 0.3 0.4 12.2
v 0.3 0.5 12.2
v 0.3 0.7 12.2
v 0.3 0.8 12.2
v 0.3 0.9 12.2
v 0.3 1 12.2
v 0.3 1.1 12.2
v 0.4 0.4 12.2
v 0.4 0.5 12.2
v 0.4 0.8 12.2
v 0.4 0.9 12.2
v 0.4 1 12.2
v 0.5 0.5 12.2
v 0.5 0.6 12.2
v 0.5 0.8 12.2
v 0.5 0.9 12.2
v 0.6 0.5 12.2
v 0.6 0.6 12.2
v 0.6 0.7 12.2
v 0.7 0.5 12.2
v 0.7 0.6 12.2
v 0.7 0.7 12.2
v 0.8 0.4 12.2
v 0.8 0.5 12.2
v 0.8 0.6 12.2
v 0.9 0.2 12.2
v 0.9 0.3 12.2
v 0.9 0.4 12.2
v 0.9 0.5 12.2
v 1 0.1 12.2
v 1 0.2 12.2
v 1 0.3 12.2
v 1 0.4 12.2
v 1 0.5 12.2
v 1 0.6 12.2
v 1.1 0.1 12.2
v 1.1 0.2 12.2
v 1.1 0.3 12.2
v 1.1 0.4 12.2
v 1.1 0.5 12.2
v 1.1 0.6 12.2
v 1.2 0.1 12.2
v 1.2 0.2 12.2
v 1.2 0.3 12.2
v 1.2 0.4 12.2
v 1.2 0.6 12.2
v 1.2 0.7 12.2
v 1.3 0.3 12.2
v 1.3 0.4 12.2
v 1.3 0.5 12.2
v 1.3 0.6 12.2
v 1.3 0.7 12.2
v 1.4 0.4 12.2
v 1.4 0.5 12.2
v -1.1 0.1 12.1
v -1.1 0.2 12.1
v -1.1 0.3 12.1
v -1 0.1 12.1
v -1 0.2 12.1
v -1 0.3 12.1
v -0.9 0.3 12.1
v -0.9 0.4 12.1
v -0.8 0.3 12.1
v -0.8 0.4 12.1
v -0.8 0.5 12.1
v -0.7 0.4 12.1
v -0.7 0.5 12.1
v -0.6 0.4 12.1
v -0.6 0.5 12.1
v -0.5 0.3 12.1
v -0.5 0.4 12.1
v -0.5 1.1 12.1
v -0.5 1.2 12.1
v -0.4 0.3 12.1
v -0.4 0.4 12.1
v -0.4 1.1 12.1
v -0.4 1.2 12.1
v -0.3 0.3 12.1
v -0.3 0.4 12.1
v -0.3 1.2 12.1
v -0.3 1.3 12.1
v -0.2 1.1 12.1
v -0.2 1.2 12.1
v -0.2 1.3 12.1
v -0.1 1.1 12.1
v -0.1 1.2 12.1
v -0.1 1.3 12.1
v 0 1.2 12.1
v 0 1.3 12.1
v 0.1 0.1 12.1
v 0.1 0.2 12.1
v 0.1 0.7 12.1
v 0.1 0.8 12.1
v 0.2 0 12.1
v 0.2 0.1 12.1
v 0.2 0.2 12.1
v 0.2 0.7 12.1
v 0.2 0.8 12.1
v 0.3 0 12.1
v 0.3 0.1 12.1
v 0.3 0.2 12.1
v 0.3 0.3 12.1
v 0.4 0 12.1
v 0.4 0.1 12.1
v 0.4 0.2 12.1
v 0.4 0.3 12.1
v 0.4 0.7 12.1
v 0.4 0.8 12.1
v 0.4 0.9 12.1
v 0.4 1 12.1
v 0.5 0.1 12.1
v 0.5 0.2 12.1
v 0.5 0.4 12.1
v 0.5 0.5 12.1
v 0.5 0.7 12.1
v 0.5 0.8 12.1
v 0.5 0.9 12.1
v 0.5 1 12.1
v 0.6 0.3 12.1
v 0.6 0.4 12.1
v 0.6 0.5 12.1
v 0.6 0.8 12.1
v 0.6 0.9 12.1
v 0.6 1 12.1
v 0.7 0.6 12.1
v 0.7 0.7 12.1
v 0.8 0.3 12.1
v 0.8 0.4 12.1
v 0.8 0.5 12.1
v 0.8 0.6 12.1
v 0.8 0.7 12.1
v 0.9 0.3 12.1
v 0.9 0.4 12.1
v 0.9 0.5 12.1
v 0.9 0.6 12.1
v 1 0.3 12.1
v 1 0.4 12.1
v 1 0.5 12.1
v 1.1 0 12.1
v 1.1 0.1 12.1
v 1.1 0.4 12.1
v 1.1 0.5 12.1
v 1.2 0 12.1
v 1.2 0.1 12.1
v 1.2 0.2 12.1
v 1.2 0.3 12.1
v 1.2 0.4 12.1
v 1.2 0.5 12.1
v 1.3 0.1 12.1
v 1.3 0.2 12.1
v 1.3 0.3 12.1
v 1.3 0.4 12.1
v 1.4 0.1 12.1
v 1.4 0.3 12.1
v 1.4 0.4 12.1
v -1.4 0 12
v -1.4 0.1 12
v -1.3 0.1 12
v -1.3 0.2 12
v -1.3 0.3 12
v -1.3 0.4 12
v -1.2 0 12
v -1.2 0.1 12
v -1.2 0.2 12
v -1.2 0.3 12
v -1.2 0.4 12
v -1.1 0 12
v -1.1 0.1 12
v -1.1 0.3 12
v -1.1 0.4 12
v -1 0 12
v -1 0.1 12
v -1 0.3 12
v -1 0.4 12
v -0.9 0.1 12
v -0.9 0.2 12
v -0.9 0.3 12
v -0.8 0.1 12
v -0.8 0.2 12
v -0.8 0.3 12
v -0.5 0.1 12
v -0.5 0.2 12
v -0.5 0.4 12
v -0.5 0.5 12
v -0.4 0.1 12
v -0.4 0.2 12
v -0.4 0.3 12
v -0.4 0.4 12
v -0.4 0.5 12
v -0.4 0.7 12
v -0.4 0.8 12
v -0.4 1 12
v -0.3 0.1 12
v -0.3 0.2 12
v -0.3 0.3 12
v -0.3 0.4 12
v -0.3 0.5 12
v -0.3 0.6 12
v -0.3 0.7 12
v -0.3 0.8 12
v -0.3 0.9 12
v -0.3 1 12
v -0.3 1.1 12
v -0.3 1.2 12
v -0.3 1.3 12
v -0.3 1.4 12
v -0.2 0.1 12
v -0.2 0.2 12
v -0.2 0.3 12
v -0.2 0.4 12
v -0.2 0.5 12
v -0.2 0.6 12
v -0.2 0.8 12
v -0.2 0.9 12
v -0.2 1 12
v -0.2 1.1 12
v -0.2 1.2 12
v -0.2 1.3 12
v -0.2 1.4 12
v -0.1 0.1 12
v -0.1 0.2 12
v -0.1 0.3 12
v -0.1 0.4 12
v -0.1 0.5 12
v -0.1 0.6 12
v -0.1 0.9 12
v -0.1 1 12
v -0.1 1.1 12
v 0 0.2 12
v 0 0.3 12
v 0 0.4 12
v 0 0.5 12
v 0 0.6 12
v 0 0.7 12
v 0 0.8 12
v 0 1 12
v 0 1.1 12
v 0.1 0.5 12
v 0.1 0.6 12
v 0.1 0.7 12
v 0.1 0.8 12
v 0.2 0.5 12
v 0.2 0.6 12
v 0.2 0.7 12
v 0.2 0.8 12
v 0.2 0.9 12
v 0.3 0.5 12
v 0.3 0.6 12
v 0.3 0.7 12
v 0.3 0.8 12
v 0.3 0.9 12
v 0.4 0 12
v 0.4 0.1 12
v 0.4 0.2 12
v 0.4 0.3 12
v 0.4 0.6 12
v 0.4 0.7 12
v 0.5 0 12
v 0.5 0.1 12
v 0.5 0.2 12
v 0.5 0.3 12
v 0.5 0.4 12
v 0.5 0.5 12
v 0.5 0.6 12
v 0.5 0.7 12
v 0.6 0.2 12
v 0.6 0.3 12
v 0.6 0.4 12
v 0.6 0.5 12
v 0.6 0.6 12
v 0.6 0.8 12
v 0.6 0.9 12
v 0.7 0.2 12
v 0.7 0.3 12
v 0.7 0.4 12
v 0.7 0.5 12
v 0.7 0.8 12
v 0.7 0.9 12
v 0.8 0.4 12
v 0.8 0.5 12
v 0.8 0.6 12
v 0.8 0.7 12
v 0.9 0.6 12
v 0.9 0.7 12
v 1 0 12
v 1 0.1 12
v 1.1 0 12
v 1.1 0.1 12
v 1.1 0.2 12
v 1.2 0.1 12
v 1.2 0.2 12
v -1.4 0.1 11.9
v -1.4 0.2 11.9
v -1.3 0.1 11.9
v -1.3 0.2 11.9
v -1.2 0 11.9
v -1.2 0.1 11.9
v -1.2 0.2 11.9
v -1.2 0.3 11.9
v -1.1 0 11.9
v -1.1 0.1 11.9
v -1.1 0.2 11.9
v -1.1 0.3 11.9
v -1 0 11.9
v -1 0.1 11.9
v -0.9 0 11.9
v -0.9 0.1 11.9
v -0.9 0.5 11.9
v -0.9 0.6 11.9
v -0.9 0.7 11.9
v -0.8 0 11.9
v -0.8 0.1 11.9
v -0.8 0.5 11.9
v -0.8 0.6 11.9
v -0.8 0.7 11.9
v -0.7 0.2 11.9
v -0.7 0.3 11.9
v -0.7 0.4 11.9
v -0.7 0.5 11.9
v -0.7 0.6 11.9
v -0.7 0.7 11.9
v -0.6 0.1 11.9
v -0.6 0.2 11.9
v -0.6 0.3 11.9
v -0.6 0.4 11.9
v -0.6 0.5 11.9
v -0.5 0 11.9
v -0.5 0.1 11.9
v -0.5 0.2 11.9
v -0.5 0.7 11.9
v -0.5 0.8 11.9
v -0.5 0.9 11.9
v -0.4 0 11.9
v -0.4 0.1 11.9
v -0.4 0.7 11.9
v -0.4 0.8 11.9
v -0.4 0.9 11.9
v -0.3 0 11.9
v -0.3 0.1 11.9
v -0.3 0.2 11.9
v -0.2 0.1 11.9
v -0.2 0.2 11.9
v -0.2 0.3 11.9
v -0.2 0.4 11.9
v -0.2 0.5 11.9
v -0.2 0.7 11.9
v -0.2 0.8 11.9
v -0.2 0.9 11.9
v -0.1 0 11.9
v -0.1 0.1 11.9
v -0.1 0.2 11.9
v -0.1 0.3 11.9
v -0.1 0.4 11.9
v -0.1 0.5 11.9
v -0.1 0.6 11.9
v -0.1 0.7 11.9
v -0.1 0.8 11.9
v -0.1 0.9 11.9
v 0 0 11.9
v 0 0.1 11.9
v 0 0.2 11.9
v 0 0.3 11.9
v 0 0.4 11.9
v 0 0.5 11.9
v 0 0.6 11.9
v 0 0.7 11.9
v 0.1 0 11.9
v 0.1 0.1 11.9
v 0.1 0.2 11.9
v 0.1 0.3 11.9
v 0.1 0.4 11.9
v 0.1 0.5 11.9
v 0.1 0.6 11.9
v 0.1 0.7 11.9
v 0.2 0 11.9
v 0.2 0.1 11.9
v 0.2 0.2 11.9
v 0.2 0.3 11.9
v 0.2 0.4 11.9
v 0.2 0.5 11.9
v 0.2 0.7 11.9
v 0.2 0.8 11.9
v 0.3 0.3 11.9
v 0.3 0.4 11.9
v 0.3 0.7 11.9
v 0.3 0.8 11.9
v 0.4 0.1 11.9
v 0.4 0.2 11.9
v 0.4 0.3 11.9
v 0.4 0.4 11.9
v 0.4 0.5 11.9
v 0.4 0.6 11.9
v 0.5 0.1 11.9
v 0.5 0.3 11.9
v 0.5 0.4 11.9
v 0.5 0.5 11.9
v 0.5 0.6 11.9
v 0.5 0.7 11.9
v 0.5 0.8 11.9
v 0.6 0.1 11.9
v 0.6 0.2 11.9
v 0.6 0.4 11.9
v 0.6 0.5 11.9
v 0.6 0.6 11.9
v 0.6 0.7 11.9
v 0.6 0.8 11.9
v 0.7 0.3 11.9
v 0.7 0.4 11.9
v 0.7 0.5 11.9
v 0.7 0.6 11.9
v 0.7 0.7 11.9
v 0.8 0.3 11.9
v 0.8 0.4 11.9
v 0.9 0.1 11.9
v 0.9 0.2 11.9
v 0.9 0.3 11.9
v 0.9 0.4 11.9
v 0.9 0.5 11.9
v 0.9 0.6 11.9
v 0.9 0.7 11.9
v 1 0.1 11.9
v 1 0.2 11.9
v 1 0.3 11.9
v 1 0.4 11.9
v 1 0.5 11.9
v 1 0.6 11.9
v 1 0.7 11.9
v 1.1 0.1 11.9
v 1.1 0.2 11.9
v 1.1 0.3 11.9
v 1.1 0.4 11.9
v 1.1 0.5 11.9
v 1.1 0.6 11.9
v 1.2 0 11.9
v 1.2 0.1 11.9
v 1.2 0.3 11.9
v 1.2 0.4 11.9
v 1.3 0 11.9
v 1.3 0.1 11.9
v 1.3 0.2 11.9
v 1.4 0.1 11.9
v 1.4 0.2 11.9
v -1.4 0.2 11.8
v -1.4 0.3 11.8
v -1.3 0.1 11.8
v -1.3 0.2 11.8
v -1.3 0.3 11.8
v -1.2 0.1 11.8
v -1.2 0.2 11.8
v -1 0.1 11.8
v -1 0.2 11.8
v -1 0.3 11.8
v -1 0.4 11.8
v -1 0.5 11.8
v -1 0.6 11.8
v -0.9 0.1 11.8
v -0.9 0.2 11.8
v -0.9 0.3 11.8
v -0.9 0.4 11.8
v -0.9 0.5 11.8
v -0.9 0.6 11.8
v -0.9 0.7 11.8
v -0.9 0.8 11.8
v -0.8 0.2 11.8
v -0.8 0.3 11.8
v -0.8 0.4 11.8
v -0.8 0.5 11.8
v -0.8 0.7 11.8
v -0.8 0.8 11.8
v -0.7 0.2 11.8
v -0.7 0.3 11.8
v -0.7 0.5 11.8
v -0.7 0.6 11.8
v -0.6 0.2 11.8
v -0.6 0.3 11.8
v -0.6 0.4 11.8
v -0.6 0.5 11.8
v -0.6 0.6 11.8
v -0.5 0.2 11.8
v -0.5 0.3 11.8
v -0.5 0.4 11.8
v -0.5 0.5 11.8
v -0.4 0.3 11.8
v -0.4 0.4 11.8
v -0.3 0.3 11.8
v -0.3 0.4 11.8
v -0.3 0.5 11.8
v -0.3 0.7 11.8
v -0.3 0.8 11.8
v -0.2 0.3 11.8
v -0.2 0.4 11.8
v -0.2 0.5 11.8
v -0.2 0.6 11.8
v -0.2 0.7 11.8
v -0.2 0.8 11.8
v -0.1 0.3 11.8
v -0.1 0.4 11.8
v -0.1 0.5 11.8
v -0.1 0.6 11.8
v -0.1 0.7 11.8
v -0.1 0.8 11.8
v -0.1 0.9 11.8
v 0 0.3 11.8
v 0 0.4 11.8
v 0 0.5 11.8
v 0 0.6 11.8
v 0 0.7 11.8
v 0 0.8 11.8
v 0 0.9 11.8
v 0.1 0.4 11.8
v 0.1 0.5 11.8
v 0.1 0.6 11.8
v 0.1 0.7 11.8
v 0.1 0.9 11.8
v 0.1 1 11.8
v 0.2 0.4 11.8
v 0.2 0.5 11.8
v 0.2 0.6 11.8
v 0.2 0.7 11.8
v 0.2 0.9 11.8
v 0.2 1 11.8
v 0.3 0.4 11.8
v 0.3 0.5 11.8
v 0.5 0.5 11.8
v 0.5 0.6 11.8
v 0.6 0.1 11.8
v 0.6 0.2 11.8
v 0.6 0.5 11.8
v 0.6 0.6 11.8
v 0.7 0.1 11.8
v 0.7 0.2 11.8
v 0.8 0.1 11.8
v 0.8 0.2 11.8
v 0.8 0.3 11.8
v 0.8 0.4 11.8
v 0.8 0.5 11.8
v 0.8 0.6 11.8
v 0.9 0.2 11.8
v 0.9 0.3 11.8
v 0.9 0.4 11.8
v 0.9 0.5 11.8
v 0.9 0.6 11.8
v 1 0.3 11.8
v 1 0.4 11.8
v 1.1 0 11.8
v 1.1 0.1 11.8
v 1.2 0 11.8
v 1.2 0.1 11.8
v -1.1 0 11.7
v -1.1 0.1 11.7
v -1.1 0.2 11.7
v -1.1 0.3 11.7
v -1.1 0.4 11.7
v -1 0 11.7
v -1 0.1 11.7
v -1 0.2 11.7
v -1 0.3 11.7
v -1 0.4 11.7
v -0.9 0.2 11.7
v -0.9 0.3 11.7
v -0.9 0.5 11.7
v -0.9 0.6 11.7
v -0.8 0.5 11.7
v -0.8 0.6 11.7
v -0.7 0.4 11.7
v -0.7 0.5 11.7
v -0.6 0.4 11.7
v -0.6 0.5 11.7
v -0.5 0 11.7
v -0.5 0.1 11.7
v -0.5 0.2 11.7
v -0.5 0.3 11.7
v -0.4 0 11.7
v -0.4 0.1 11.7
v -0.4 0.2 11.7
v -0.4 0.3 11.7
v -0.4 0.4 11.7
v -0.4 0.5 11.7
v -0.4 0.7 11.7
v -0.4 0.8 11.7
v -0.3 0 11.7
v -0.3 0.1 11.7
v -0.3 0.4 11.7
v -0.3 0.5 11.7
v -0.3 0.7 11.7
v -0.3 0.8 11.7
v -0.2 0 11.7
v -0.2 0.1 11.7
v -0.1 0 11.7
v -0.1 0.1 11.7
v -0.1 0.2 11.7
v 0 0 11.7
v 0 0.1 11.7
v 0 0.2 11.7
v 0 0.3 11.7
v 0 1 11.7
v 0 1.1 11.7
v 0.1 0.2 11.7
v 0.1 0.3 11.7
v 0.1 0.4 11.7
v 0.1 1 11.7
v 0.1 1.1 11.7
v 0.2 0 11.7
v 0.2 0.1 11.7
v 0.2 0.3 11.7
v 0.2 0.4 11.7
v 0.2 1 11.7
v 0.2 1.1 11.7
v 0.3 0 11.7
v 0.3 0.1 11.7
v 0.3 0.2 11.7
v 0.3 0.3 11.7
v 0.3 0.5 11.7
v 0.3 0.6 11.7
v 0.4 0.1 11.7
v 0.4 0.2 11.7
v 0.4 0.3 11.7
v 0.4 0.4 11.7
v 0.4 0.5 11.7
v 0.4 0.6 11.7
v 0.5 0.1 11.7
v 0.5 0.2 11.7
v 0.5 0.4 11.7
v 0.5 0.5 11.7
v 0.6 0 11.7
v 0.6 0.1 11.7
v 0.6 0.2 11.7
v 0.6 0.3 11.7
v 0.6 0.4 11.7
v 0.6 0.5 11.7
v 0.7 0 11.7
v 0.7 0.1 11.7
v 0.7 0.2 11.7
v 0.7 0.3 11.7
v 0.8 0 11.7
v 0.8 0.1 11.7
v 0.8 0.2 11.7
v 0.9 0 11.7
v 0.9 0.1 11.7
v 0.9 0.2 11.7
v 1 0 11.7
v 1 0.1 11.7
v 1.1 0.3 11.7
v 1.1 0.4 11.7
v 1.2 0 11.7
v 1.2 0.1 11.7
v 1.2 0.2 11.7
v 1.2 0.3 11.7
v 1.2 0.4 11.7
v 1.3 0 11.7
v 1.3 0.1 11.7
v 1.3 0.2 11.7
v 1.3 0.3 11.7
v 1.4 0.1 11.7
v 1.4 0.2 11.7
v 1.4 0.3 11.7
v -0.9 0 11.6
v -0.9 0.1 11.6
v -0.8 0 11.6
v -0.8 0.1 11.6
v -0.8 0.2 11.6
v -0.8 0.3 11.6
v -0.8 0.4 11.6
v -0.7 0.1 11.6
v -0.7 0.2 11.6
v -0.7 0.3 11.6
v -0.7 0.4 11.6
v -0.6 0 11.6
v -0.6 0.1 11.6
v -0.6 0.2 11.6
v -0.6 0.3 11.6
v -0.6 0.4 11.6
v -0.5 0 11.6
v -0.5 0.1 11.6
v -0.5 0.3 11.6
v -0.5 0.4 11.6
v -0.5 0.5 11.6
v -0.5 0.7 11.6
v -0.5 0.8 11.6
v -0.4 0.4 11.6
v -0.4 0.5 11.6
v -0.4 0.7 11.6
v -0.4 0.8 11.6
v -0.4 0.9 11.6
v -0.3 0 11.6
v -0.3 0.1 11.6
v -0.3 0.2 11.6
v -0.3 0.3 11.6
v -0.3 0.8 11.6
v -0.3 0.9 11.6
v -0.2 0 11.6
v -0.2 0.1 11.6
v -0.2 0.2 11.6
v -0.2 0.3 11.6
v -0.2 0.4 11.6
v -0.2 0.6 11.6
v -0.2 0.7 11.6
v -0.1 0.2 11.6
v -0.1 0.3 11.6
v -0.1 0.4 11.6
v -0.1 0.5 11.6
v -0.1 0.6 11.6
v -0.1 0.7 11.6
v -0.1 0.8 11.6
v -0.1 0.9 11.6
v -0.1 1 11.6
v 0 0 11.6
v 0 0.1 11.6
v 0 0.2 11.6
v 0 0.3 11.6
v 0 0.4 11.6
v 0 0.5 11.6
v 0 0.6 11.6
v 0 0.7 11.6
v 0 0.8 11.6
v 0 0.9 11.6
v 0 1 11.6
v 0.1 0 11.6
v 0.1 0.1 11.6
v 0.1 0.2 11.6
v 0.1 0.6 11.6
v 0.1 0.7 11.6
v 0.1 0.8 11.6
v 0.1 0.9 11.6
v 0.1 1 11.6
v 0.1 1.1 11.6
v 0.1 1.2 11.6
v 0.2 0.1 11.6
v 0.2 0.2 11.6
v 0.2 0.3 11.6
v 0.2 0.5 11.6
v 0.2 0.6 11.6
v 0.2 1.1 11.6
v 0.2 1.2 11.6
v 0.3 0.2 11.6
v 0.3 0.3 11.6
v 0.3 0.5 11.6
v 0.3 0.6 11.6
v 0.5 0 11.6
v 0.5 0.1 11.6
v 0.5 0.3 11.6
v 0.5 0.4 11.6
v 0.5 0.6 11.6
v 0.5 0.7 11.6
v 0.6 0 11.6
v 0.6 0.1 11.6
v 0.6 0.3 11.6
v 0.6 0.4 11.6
v 0.6 0.6 11.6
v 0.6 0.7 11.6
v 0.7 0.1 11.6
v 0.7 0.2 11.6
v 0.7 0.3 11.6
v 0.7 0.5 11.6
v 0.7 0.6 11.6
v 0.8 0 11.6
v 0.8 0.1 11.6
v 0.8 0.2 11.6
v 0.8 0.3 11.6
v 0.8 0.5 11.6
v 0.8 0.6 11.6
v 0.9 0 11.6
v 0.9 0.1 11.6
v 0.9 0.2 11.6
v 0.9 0.3 11.6
v 1 0.1 11.6
v 1 0.2 11.6
v 1.2 0.1 11.6
v 1.2 0.2 11.6
v 1.3 0.1 11.6
v 1.3 0.2 11.6
v -1 0.3 11.5
v -1 0.4 11.5
v -0.9 0.3 11.5
v -0.9 0.4 11.5
v -0.9 0.5 11.5
v -0.9 0.6 11.5
v -0.8 0 11.5
v -0.8 0.1 11.5
v -0.8 0.3 11.5
v -0.8 0.4 11.5
v -0.8 0.5 11.5
v -0.8 0.6 11.5
v -0.7 0 11.5
v -0.7 0.1 11.5
v -0.7 0.2 11.5
v -0.7 0.4 11.5
v -0.7 0.5 11.5
v -0.6 0 11.5
v -0.6 0.1 11.5
v -0.6 0.2 11.5
v -0.6 0.4 11.5
v -0.6 0.5 11.5
v -0.5 0.3 11.5
v -0.5 0.4 11.5
v -0.4 0.3 11.5
v -0.4 0.4 11.5
v -0.4 0.5 11.5
v -0.4 0.6 11.5
v -0.3 0.4 11.5
v -0.3 0.5 11.5
v -0.3 0.6 11.5
v -0.3 0.7 11.5
v -0.3 0.8 11.5
v -0.2 0.1 11.5
v -0.2 0.2 11.5
v -0.2 0.5 11.5
v -0.2 0.6 11.5
v -0.2 0.7 11.5
v -0.2 0.8 11.5
v -0.1 0.1 11.5
v -0.1 0.2 11.5
v -0.1 0.4 11.5
v -0.1 0.5 11.5
v -0.1 0.6 11.5
v -0.1 0.7 11.5
v -0.1 0.8 11.5
v 0 0.1 11.5
v 0 0.2 11.5
v 0 0.4 11.5
v 0 0.5 11.5
v 0 0.6 11.5
v 0 0.7 11.5
v 0.1 0.2 11.5
v 0.1 0.3 11.5
v 0.1 0.4 11.5
v 0.1 0.5 11.5
v 0.1 0.6 11.5
v 0.1 0.7 11.5
v 0.1 0.8 11.5
v 0.2 0.2 11.5
v 0.2 0.3 11.5
v 0.2 0.4 11.5
v 0.2 0.5 11.5
v 0.2 0.6 11.5
v 0.2 0.7 11.5
v 0.2 0.8 11.5
v 0.3 0.3 11.5
v 0.3 0.4 11.5
v 0.3 0.5 11.5
v 0.3 0.6 11.5
v 0.3 0.7 11.5
v 0.3 0.8 11.5
v 0.4 0 11.5
v 0.4 0.1 11.5
v 0.4 0.4 11.5
v 0.4 0.5 11.5
v 0.4 0.6 11.5
v 0.4 0.7 11.5
v 0.5 0 11.5
v 0.5 0.1 11.5
v 0.6 0.3 11.5
v 0.6 0.4 11.5
v 0.6 0.5 11.5
v 0.7 0.3 11.5
v 0.7 0.4 11.5
v 0.7 0.5 11.5
v 0.8 0.3 11.5
v 0.8 0.4 11.5
v 0.9 0.3 11.5
v 0.9 0.4 11.5
v 1 0.3 11.5
v 1 0.4 11.5
v 1.1 0.3 11.5
v 1.1 0.4 11.5
v -1 0.1 11.4
v -1 0.2 11.4
v -1 0.4 11.4
v -1 0.5 11.4
v -1 0.6 11.4
v -0.9 0.1 11.4
v -0.9 0.2 11.4
v -0.9 0.4 11.4
v -0.9 0.5 11.4
v -0.9 0.6 11.4
v -0.8 0.1 11.4
v -0.8 0.2 11.4
v -0.8 0.3 11.4
v -0.8 0.4 11.4
v -0.8 0.5 11.4
v -0.7 0.2 11.4
v -0.7 0.3 11.4
v -0.7 0.4 11.4
v -0.7 0.5 11.4
v -0.6 0.3 11.4
v -0.6 0.4 11.4
v -0.4 0 11.4
v -0.4 0.2 11.4
v -0.3 0 11.4
v -0.3 0.1 11.4
v -0.3 0.2 11.4
v -0.1 0 11.4
v -0.1 0.1 11.4
v 0 0 11.4
v 0 0.1 11.4
v 0 0.7 11.4
v 0 0.8 11.4
v 0.1 0 11.4
v 0.1 0.1 11.4
v 0.1 0.7 11.4
v 0.1 0.8 11.4
v 0.2 0 11.4
v 0.2 0.1 11.4
v 0.2 0.2 11.4
v 0.2 0.3 11.4
v 0.3 0.2 11.4
v 0.3 0.3 11.4
v 0.3 0.5 11.4
v 0.3 0.6 11.4
v 0.4 0.5 11.4
v 0.4 0.6 11.4
v 0.5 0.4 11.4
v 0.5 0.5 11.4
v 0.5 0.6 11.4
v 0.5 0.7 11.4
v 0.6 0.4 11.4
v 0.6 0.5 11.4
v 0.6 0.6 11.4
v 0.6 0.7 11.4
v 0.7 0.1 11.4
v 0.7 0.2 11.4
v 0.7 0.5 11.4
v 0.7 0.6 11.4
v 0.8 0.1 11.4
v 0.8 0.2 11.4
v 1 0 11.4
v 1 0.1 11.4
v 1 0.2 11.4
v 1.1 0 11.4
v 1.1 0.1 11.4
v 1.1 0.2 11.4
v -0.7 0 11.3
v -0.7 0.1 11.3
v -0.6 0 11.3
v -0.6 0.1 11.3
v -0.2 0 11.3
v -0.2 0.1 11.3
v -0.2 0.2 11.3
v -0.2 0.3 11.3
v -0.2 0.4 11.3
v -0.1 0 11.3
v -0.1 0.1 11.3
v -0.1 0.2 11.3
v -0.1 0.3 11.3
v -0.1 0.4 11.3
v 0 0.1 11.3
v 0 0.2 11.3
v 0 0.3 11.3
v 0 0.4 11.3
v 0.1 0.3 11.3
v 0.1 0.4 11.3
v 0.8 0 11.3
v 0.8 0.1 11.3
v 0.9 0 11.3
v 0.9 0.1 11.3
v 0.9 0.2 11.3
v 1 0.1 11.3
v 1 0.2 11.3
v -0.9 0.1 11.2
v -0.9 0.2 11.2
v -0.8 0.1 11.2
v -0.8 0.2 11.2
v -0.7 0.1 11.2
v -0.7 0.2 11.2
v 0 0.2 11.1
v 0 0.3 11.1
v 0.1 0.2 11.1
v 0.1 0.3 11.1
v -0.5 0.2 13.6
v -0.5 0.3 13.6
v -0.4 0.2 13.6
v -0.4 0.3 13.6
v -0.5 0 13.4
v -0.5 0.1 13.4
v -0.4 0 13.4
v -0.4 0.1 13.4
v -0.4 0.3 13.4
v -0.4 0.4 13.4
v -0.3 0.1 13.4
v -0.3 0.2 13.4
v -0.3 0.3 13.4
v -0.3 0.4 13.4
v -0.2 0.1 13.4
v -0.2 0.2 13.4
v -0.2 0.3 13.4
v -0.2 0.4 13.4
v -0.1 0.1 13.4
v -0.1 0.2 13.4
v 0.6 0 13.4
v 0.6 0.1 13.4
v 0.6 0.2 13.4
v 0.6 0.3 13.4
v 0.7 0 13.4
v 0.7 0.1 13.4
v 0.7 0.2 13.4
v 0.7 0.3 13.4
v -0.7 0.2 13.3
v -0.7 0.3 13.3
v -0.6 0.2 13.3
v -0.6 0.3 13.3
v -0.5 0.2 13.3
v -0.5 0.3 13.3
v -0.4 0 13.3
v -0.4 0.1 13.3
v -0.4 0.2 13.3
v -0.4 0.3 13.3
v -0.3 0 13.3
v -0.3 0.1 13.3
v -0.3 0.2 13.3
v -0.3 0.3 13.3
v -0.2 0 13.3
v -0.2 0.1 13.3
v -0.1 0 13.3
v -0.1 0.1 13.3
v -0.1 0.5 13.3
v -0.1 0.6 13.3
v 0 0.5 13.3
v 0 0.6 13.3
v 0.4 0.1 13.3
v 0.4 0.2 13.3
v 0.5 0.1 13.3
v 0.5 0.2 13.3
v 0.7 0 13.3
v 0.7 0.1 13.3
v 0.8 0 13.3
v 0.8 0.1 13.3
v -0.6 0 13.2
v -0.6 0.1 13.2
v -0.5 0 13.2
v -0.5 0.1 13.2
v -0.2 0.4 13.2
v -0.2 0.5 13.2
v -0.1 0.4 13.2
v -0.1 0.5 13.2
v 0.5 0 13.2
v 0.5 0.1 13.2
v 0.6 0 13.2
v 0.6 0.1 13.2
v 0.7 0.2 13.2
v 0.7 0.3 13.2
v 0.8 0.2 13.2
v 0.8 0.3 13.2
v -1 0 13.1
v -1 0.1 13.1
v -0.9 0 13.1
v -0.9 0.1 13.1
v -0.7 0.3 13.1
v -0.7 0.4 13.1
v -0.6 0.1 13.1
v -0.6 0.2 13.1
v -0.6 0.3 13.1
v -0.6 0.4 13.1
v -0.6 0.5 13.1
v -0.5 0 13.1
v -0.5 0.1 13.1
v -0.5 0.2 13.1
v -0.5 0.4 13.1
v -0.5 0.5 13.1
v -0.5 0.6 13.1
v -0.4 0 13.1
v -0.4 0.1 13.1
v -0.4 0.2 13.1
v -0.4 0.5 13.1
v -0.4 0.6 13.1
v -0.3 0 13.1
v -0.3 0.1 13.1
v -0.3 0.2 13.1
v -0.3 0.3 13.1
v -0.2 0.1 13.1
v -0.2 0.2 13.1
v -0.2 0.3 13.1
v -0.2 0.5 13.1
v -0.2 0.6 13.1
v -0.1 0.1 13.1
v -0.1 0.2 13.1
v -0.1 0.3 13.1
v -0.1 0.4 13.1
v -0.1 0.5 13.1
v -0.1 0.6 13.1
v 0 0.3 13.1
v 0 0.4 13.1
v 0 0.5 13.1
v 0 0.6 13.1
v 0.1 0.3 13.1
v 0.1 0.4 13.1
v 0.1 0.5 13.1
v 0.1 0.6 13.1
v 0.3 0.9 13.1
v 0.3 1 13.1
v 0.4 0.9 13.1
v 0.4 1 13.1
v 0.5 1 13.1
v 0.5 1.1 13.1
v 0.6 0 13.1
v 0.6 0.1 13.1
v 0.6 1 13.1
v 0.6 1.1 13.1
v 0.7 0 13.1
v 0.7 0.1 13.1
v 0.8 0 13.1
v 0.8 0.1 13.1
v 0.8 0.4 13.1
v 0.8 0.5 13.1
v 0.9 0 13.1
v 0.9 0.1 13.1
v 0.9 0.4 13.1
v 0.9 0.5 13.1
v 1 0.2 13.1
v 1 0.3 13.1
v 1.1 0.2 13.1
v 1.1 0.3 13.1
v -1 0.3 13
v -1 0.4 13
v -0.9 0.1 13
v -0.9 0.2 13
v -0.9 0.3 13
v -0.9 0.4 13
v -0.8 0.1 13
v -0.8 0.2 13
v -0.7 0.1 13
v -0.7 0.2 13
v -0.4 0.5 13
v -0.4 0.6 13
v -0.3 0 13
v -0.3 0.1 13
v -0.3 0.5 13
v -0.3 0.6 13
v -0.2 0 13
v -0.2 0.1 13
v -0.2 0.4 13
v -0.2 0.5 13
v -0.1 0 13
v -0.1 0.1 13
v -0.1 0.4 13
v -0.1 0.5 13
v 0 0 13
v 0 0.1 13
v 0 0.2 13
v 0 0.3 13
v 0 0.4 13
v 0 0.5 13
v 0.1 0.2 13
v 0.1 0.3 13
v 0.1 0.4 13
v 0.2 0 13
v 0.2 0.1 13
v 0.2 0.3 13
v 0.2 0.4 13
v 0.2 0.8 13
v 0.2 0.9 13
v 0.3 0 13
v 0.3 0.1 13
v 0.3 0.2 13
v 0.3 0.8 13
v 0.3 0.9 13
v 0.3 1 13
v 0.3 1.1 13
v 0.4 0.1 13
v 0.4 0.2 13
v 0.4 1 13
v 0.4 1.1 13
v 0.5 0 13
v 0.5 0.1 13
v 0.5 1 13
v 0.5 1.1 13
v 0.6 0 13
v 0.6 0.1 13
v 0.6 0.3 13
v 0.6 0.4 13
v 0.7 0 13
v 0.7 0.1 13
v 0.7 0.3 13
v 0.7 0.4 13
v 0.7 0.6 13
v 0.7 0.7 13
v 0.8 0 13
v 0.8 0.1 13
v 0.8 0.2 13
v 0.8 0.3 13
v 0.8 0.6 13
v 0.8 0.7 13
v 0.9 0.2 13
v 0.9 0.3 13
v -1.2 0.1 12.9
v -1.2 0.2 12.9
v -1.1 0.1 12.9
v -1.1 0.2 12.9
v -1.1 0.3 12.9
v -1.1 0.4 12.9
v -1 0.1 12.9
v -1 0.2 12.9
v -1 0.3 12.9
v -1 0.4 12.9
v -0.9 0.1 12.9
v -0.9 0.2 12.9
v -0.9 0.4 12.9
v -0.9 0.5 12.9
v -0.8 0.4 12.9
v -0.8 0.5 12.9
v -0.7 0 12.9
v -0.7 0.1 12.9
v -0.7 0.2 12.9
v -0.7 0.3 12.9
v -0.7 0.5 12.9
v -0.7 0.6 12.9
v -0.6 0 12.9
v -0.6 0.1 12.9
v -0.6 0.2 12.9
v -0.6 0.3 12.9
v -0.6 0.4 12.9
v -0.6 0.5 12.9
v -0.6 0.6 12.9
v -0.5 0 12.9
v -0.5 0.1 12.9
v -0.5 0.2 12.9
v -0.5 0.3 12.9
v -0.5 0.4 12.9
v -0.5 0.5 12.9
v -0.4 0 12.9
v -0.4 0.1 12.9
v -0.4 0.3 12.9
v -0.4 0.4 12.9
v -0.3 0.3 12.9
v -0.3 0.4 12.9
v -0.1 0.2 12.9
v -0.1 0.3 12.9
v -0.1 0.6 12.9
v -0.1 0.7 12.9
v 0 0.2 12.9
v 0 0.3 12.9
v 0 0.4 12.9
v 0 0.6 12.9
v 0 0.7 12.9
v 0.1 0.1 12.9
v 0.1 0.2 12.9
v 0.1 0.3 12.9
v 0.1 0.4 12.9
v 0.2 0.1 12.9
v 0.2 0.2 12.9
v 0.2 0.4 12.9
v 0.2 0.5 12.9
v 0.3 0.3 12.9
v 0.3 0.4 12.9
v 0.3 0.5 12.9
v 0.3 0.9 12.9
v 0.3 1 12.9
v 0.4 0 12.9
v 0.4 0.1 12.9
v 0.4 0.3 12.9
v 0.4 0.4 12.9
v 0.4 0.7 12.9
v 0.4 0.8 12.9
v 0.4 0.9 12.9
v 0.4 1 12.9
v 0.5 0 12.9
v 0.5 0.1 12.9
v 0.5 0.2 12.9
v 0.5 0.3 12.9
v 0.5 0.8 12.9
v 0.6 0.1 12.9
v 0.6 0.2 12.9
v 0.6 0.3 12.9
v 0.6 0.6 12.9
v 0.6 0.7 12.9
v 0.7 0.1 12.9
v 0.7 0.2 12.9
v 0.7 0.6 12.9
v 0.7 0.7 12.9
v 0.7 0.8 12.9
v 0.9 0.2 12.9
v 0.9 0.3 12.9
v 1 0.1 12.9
v 1 0.2 12.9
v 1 0.3 12.9
v 1.1 0.1 12.9
v 1.1 0.2 12.9
v -1.3 0.3 12.8
v -1.3 0.4 12.8
v -1.2 0 12.8
v -1.2 0.1 12.8
v -1.2 0.3 12.8
v -1.2 0.4 12.8
v -1.1 0 12.8
v -1.1 0.1 12.8
v -1.1 0.2 12.8
v -1.1 0.3 12.8
v -1.1 0.4 12.8
v -1.1 0.5 12.8
v -1.1 0.6 12.8
v -1 0 12.8
v -1 0.1 12.8
v -1 0.2 12.8
v -1 0.5 12.8
v -1 0.6 12.8
v -0.9 0 12.8
v -0.9 0.1 12.8
v -0.8 0 12.8
v -0.8 0.1 12.8
v -0.8 0.2 12.8
v -0.8 0.3 12.8
v -0.8 0.4 12.8
v -0.7 0 12.8
v -0.7 0.1 12.8
v -0.7 0.2 12.8
v -0.7 0.3 12.8
v -0.7 0.4 12.8
v -0.6 0.1 12.8
v -0.6 0.2 12.8
v -0.6 0.3 12.8
v -0.6 0.4 12.8
v -0.5 0.3 12.8
v -0.5 0.4 12.8
v -0.5 0.5 12.8
v -0.4 0 12.8
v -0.4 0.1 12.8
v -0.4 0.2 12.8
v -0.4 0.3 12.8
v -0.4 0.4 12.8
v -0.4 0.5 12.8
v -0.4 0.6 12.8
v -0.3 0 12.8
v -0.3 0.1 12.8
v -0.3 0.2 12.8
v -0.3 0.3 12.8
v -0.3 0.4 12.8
v -0.3 0.5 12.8
v -0.3 0.6 12.8
v -0.2 0.1 12.8
v -0.2 0.2 12.8
v -0.2 0.4 12.8
v -0.2 0.5 12.8
v -0.1 0.2 12.8
v -0.1 0.3 12.8
v -0.1 0.4 12.8
v -0.1 0.5 12.8
v 0 0 12.8
v 0 0.1 12.8
v 0 0.2 12.8
v 0 0.4 12.8
v 0 0.5 12.8
v 0 0.6 12.8
v 0 0.7 12.8
v 0 0.8 12.8
v 0.1 0 12.8
v 0.1 0.1 12.8
v 0.1 0.2 12.8
v 0.1 0.3 12.8
v 0.1 0.4 12.8
v 0.1 0.5 12.8
v 0.1 0.6 12.8
v 0.1 0.7 12.8
v 0.1 0.8 12.8
v 0.2 0 12.8
v 0.2 0.1 12.8
v 0.2 0.3 12.8
v 0.2 0.4 12.8
v 0.3 0 12.8
v 0.3 0.1 12.8
v 0.3 0.2 12.8
v 0.3 0.8 12.8
v 0.3 0.9 12.8
v 0.3 1.1 12.8
v 0.3 1.2 12.8
v 0.4 0 12.8
v 0.4 0.1 12.8
v 0.4 0.2 12.8
v 0.4 0.6 12.8
v 0.4 0.7 12.8
v 0.4 0.8 12.8
v 0.4 0.9 12.8
v 0.4 1 12.8
v 0.4 1.1 12.8
v 0.4 1.2 12.8
v 0.5 0.1 12.8
v 0.5 0.2 12.8
v 0.5 0.6 12.8
v 0.5 0.7 12.8
v 0.5 0.8 12.8
v 0.5 0.9 12.8
v 0.5 1 12.8
v 0.5 1.1 12.8
v 0.5 1.2 12.8
v 0.5 1.3 12.8
v 0.5 1.4 12.8
v 0.6 0.2 12.8
v 0.6 0.3 12.8
v 0.6 0.6 12.8
v 0.6 0.7 12.8
v 0.6 0.8 12.8
v 0.6 0.9 12.8
v 0.6 1.1 12.8
v 0.6 1.2 12.8
v 0.6 1.3 12.8
v 0.6 1.4 12.8
v 0.7 0.2 12.8
v 0.7 0.3 12.8
v 0.7 0.4 12.8
v 0.7 0.7 12.8
v 0.7 0.8 12.8
v 0.7 0.9 12.8
v 0.8 0.3 12.8
v 0.8 0.4 12.8
v 0.8 0.7 12.8
v 0.8 0.8 12.8
v 0.9 0.3 12.8
v 0.9 0.4 12.8
v 0.9 0.5 12.8
v 1 0.3 12.8
v 1 0.4 12.8
v 1 0.5 12.8
v 1.1 0.3 12.8
v 1.1 0.4 12.8
v -1.2 0.2 12.7
v -1.2 0.3 12.7
v -1.1 0.2 12.7
v -1.1 0.3 12.7
v -1.1 0.4 12.7
v -1.1 0.5 12.7
v -1 0.1 12.7
v -1 0.2 12.7
v -1 0.3 12.7
v -1 0.4 12.7
v -1 0.5 12.7
v -0.9 0 12.7
v -0.9 0.1 12.7
v -0.9 0.2 12.7
v -0.9 0.3 12.7
v -0.9 0.4 12.7
v -0.8 0 12.7
v -0.8 0.1 12.7
v -0.8 0.2 12.7
v -0.8 0.3 12.7
v -0.8 0.4 12.7
v -0.8 0.5 12.7
v -0.8 0.8 12.7
v -0.8 0.9 12.7
v -0.7 0.4 12.7
v -0.7 0.5 12.7
v -0.7 0.8 12.7
v -0.7 0.9 12.7
v -0.6 0.4 12.7
v -0.6 0.5 12.7
v -0.5 0.4 12.7
v -0.5 0.5 12.7
v -0.4 0.3 12.7
v -0.4 0.4 12.7
v -0.4 0.5 12.7
v -0.4 0.7 12.7
v -0.4 0.8 12.7
v -0.3 0 12.7
v -0.3 0.1 12.7
v -0.3 0.2 12.7
v -0.3 0.3 12.7
v -0.3 0.4 12.7
v -0.3 0.5 12.7
v -0.3 0.6 12.7
v -0.3 0.7 12.7
v -0.3 0.8 12.7
v -0.3 0.9 12.7
v -0.2 0.1 12.7
v -0.2 0.2 12.7
v -0.2 0.5 12.7
v -0.2 0.6 12.7
v -0.2 0.7 12.7
v -0.2 0.8 12.7
v -0.2 0.9 12.7
v -0.1 0.3 12.7
v -0.1 0.4 12.7
v -0.1 0.5 12.7
v -0.1 0.6 12.7
v -0.1 0.7 12.7
v 0 0 12.7
v 0 0.1 12.7
v 0 0.3 12.7
v 0 0.4 12.7
v 0 0.5 12.7
v 0 0.6 12.7
v 0 0.7 12.7
v 0.1 0.3 12.7
v 0.1 0.4 12.7
v 0.1 0.5 12.7
v 0.1 0.6 12.7
v 0.1 0.8 12.7
v 0.1 0.9 12.7
v 0.2 0 12.7
v 0.2 0.1 12.7
v 0.2 0.2 12.7
v 0.2 0.3 12.7
v 0.2 0.4 12.7
v 0.2 0.5 12.7
v 0.2 0.6 12.7
v 0.2 0.7 12.7
v 0.2 0.8 12.7
v 0.2 0.9 12.7
v 0.3 0 12.7
v 0.3 0.1 12.7
v 0.3 0.2 12.7
v 0.3 0.3 12.7
v 0.3 0.4 12.7
v 0.3 0.5 12.7
v 0.3 0.6 12.7
v 0.3 0.7 12.7
v 0.4 0.2 12.7
v 0.4 0.3 12.7
v 0.4 0.7 12.7
v 0.4 0.8 12.7
v 0.5 0.2 12.7
v 0.5 0.3 12.7
v 0.5 0.5 12.7
v 0.5 0.6 12.7
v 0.5 0.7 12.7
v 0.5 0.8 12.7
v 0.6 0.5 12.7
v 0.6 0.6 12.7
v 0.6 0.7 12.7
v 0.6 0.8 12.7
v 0.9 0.3 12.7
v 0.9 0.4 12.7
v 1 0.1 12.7
v 1 0.2 12.7
v 1 0.3 12.7
v 1 0.4 12.7
v 1.1 0.1 12.7
v 1.1 0.2 12.7
v 1.1 0.3 12.7
v -1.4 0.1 12.6
v -1.4 0.2 12.6
v -1.4 0.5 12.6
v -1.4 0.6 12.6
v -1.3 0.1 12.6
v -1.3 0.2 12.6
v -1.3 0.5 12.6
v -1.2 0 12.6
v -1.2 0.1 12.6
v -1.2 0.2 12.6
v -1.2 0.4 12.6
v -1.2 0.5 12.6
v -1.2 0.6 12.6
v -1.1 0 12.6
v -1.1 0.1 12.6
v -1.1 0.4 12.6
v -1.1 0.5 12.6
v -1 0.4 12.6
v -1 0.5 12.6
v -0.9 0.3 12.6
v -0.9 0.4 12.6
v -0.9 0.5 12.6
v -0.8 0.3 12.6
v -0.8 0.4 12.6
v -0.7 0.5 12.6
v -0.7 0.6 12.6
v -0.7 0.7 12.6
v -0.7 0.8 12.6
v -0.6 0.3 12.6
v -0.6 0.4 12.6
v -0.6 0.5 12.6
v -0.6 0.6 12.6
v -0.6 0.7 12.6
v -0.6 0.8 12.6
v -0.5 0.3 12.6
v -0.5 0.4 12.6
v -0.5 0.5 12.6
v -0.5 0.6 12.6
v -0.5 0.7 12.6
v -0.4 0.4 12.6
v -0.4 0.5 12.6
v -0.1 0.7 12.6
v -0.1 0.8 12.6
v 0 0.2 12.6
v 0 0.3 12.6
v 0 0.7 12.6
v 0 0.8 12.6
v 0 0.9 12.6
v 0.1 0.2 12.6
v 0.1 0.3 12.6
v 0.1 0.4 12.6
v 0.1 0.6 12.6
v 0.1 0.7 12.6
v 0.1 0.8 12.6
v 0.1 0.9 12.6
v 0.1 1 12.6
v 0.2 0.2 12.6
v 0.2 0.3 12.6
v 0.2 0.4 12.6
v 0.2 0.6 12.6
v 0.2 0.7 12.6
v 0.2 0.8 12.6
v 0.2 0.9 12.6
v 0.2 1 12.6
v 0.3 0.3 12.6
v 0.3 0.4 12.6
v 0.3 0.5 12.6
v 0.3 0.6 12.6
v 0.3 0.7 12.6
v 0.3 0.8 12.6
v 0.3 0.9 12.6
v 0.3 1 12.6
v 0.3 1.1 12.6
v 0.4 0.4 12.6
v 0.4 0.5 12.6
v 0.4 0.6 12.6
v 0.4 1 12.6
v 0.4 1.1 12.6
v 0.5 0.2 12.6
v 0.5 0.3 12.6
v 0.5 0.4 12.6
v 0.5 0.8 12.6
v 0.5 0.9 12.6
v 0.6 0.2 12.6
v 0.6 0.3 12.6
v 0.6 0.4 12.6
v 0.6 0.6 12.6
v 0.6 0.7 12.6
v 0.6 0.8 12.6
v 0.6 0.9 12.6
v 0.7 0.2 12.6
v 0.7 0.3 12.6
v 0.7 0.4 12.6
v 0.7 0.5 12.6
v 0.7 0.6 12.6
v 0.7 0.7 12.6
v 0.8 0.2 12.6
v 0.8 0.3 12.6
v 0.8 0.4 12.6
v 0.8 0.5 12.6
v 0.8 0.6 12.6
v 0.8 0.9 12.6
v 0.8 1 12.6
v 0.9 0.4 12.6
v 0.9 0.5 12.6
v 0.9 0.6 12.6
v 0.9 0.7 12.6
v 0.9 0.9 12.6
v 0.9 1 12.6
v 1 0.4 12.6
v 1 0.5 12.6
v 1 0.6 12.6
v 1 0.7 12.6
v 1 0.8 12.6
v 1 0.9 12.6
v 1.1 0.3 12.6
v 1.1 0.4 12.6
v 1.1 0.5 12.6
v 1.1 0.8 12.6
v 1.1 0.9 12.6
v 1.2 0.2 12.6
v 1.2 0.3 12.6
v 1.2 0.4 12.6
v 1.3 0.2 12.6
v 1.3 0.3 12.6
v -1.4 0.3 12.5
v -1.4 0.4 12.5
v -1.3 0.3 12.5
v -1.3 0.4 12.5
v -1.3 0.5 12.5
v -1.2 0.3 12.5
v -1.2 0.4 12.5
v -1.2 0.5 12.5
v -1.2 0.6 12.5
v -1.1 0.2 12.5
v -1.1 0.3 12.5
v -1.1 0.4 12.5
v -1.1 0.5 12.5
v -1.1 0.6 12.5
v -1.1 0.7 12.5
v -1 0.1 12.5
v -1 0.2 12.5
v -1 0.3 12.5
v -1 0.5 12.5
v -1 0.6 12.5
v -1 0.7 12.5
v -0.9 0.1 12.5
v -0.9 0.2 12.5
v -0.9 0.5 12.5
v -0.9 0.6 12.5
v -0.8 0.4 12.5
v -0.8 0.5 12.5
v -0.8 0.6 12.5
v -0.7 0.4 12.5
v -0.7 0.5 12.5
v -0.7 0.9 12.5
v -0.7 1 12.5
v -0.6 0.9 12.5
v -0.6 1 12.5
v -0.6 1.1 12.5
v -0.5 0.9 12.5
v -0.5 1 12.5
v -0.5 1.1 12.5
v -0.4 0.4 12.5
v -0.4 0.5 12.5
v -0.4 0.6 12.5
v -0.4 0.7 12.5
v -0.4 0.9 12.5
v -0.4 1 12.5
v -0.3 0.4 12.5
v -0.3 0.5 12.5
v -0.3 0.6 12.5
v -0.3 0.7 12.5
v -0.2 0.5 12.5
v -0.2 0.6 12.5
v -0.2 0.7 12.5
v -0.2 0.8 12.5
v -0.1 0.5 12.5
v -0.1 0.6 12.5
v -0.1 0.7 12.5
v -0.1 0.8 12.5
v -0.1 1 12.5
v -0.1 1.1 12.5
v 0 0.5 12.5
v 0 0.6 12.5
v 0 1 12.5
v 0 1.1 12.5
v 0.1 0.5 12.5
v 0.1 0.6 12.5
v 0.2 0.4 12.5
v 0.2 0.5 12.5
v 0.2 0.6 12.5
v 0.3 0.2 12.5
v 0.3 0.3 12.5
v 0.3 0.4 12.5
v 0.3 0.5 12.5
v 0.3 0.7 12.5
v 0.3 0.8 12.5
v 0.4 0.2 12.5
v 0.4 0.3 12.5
v 0.4 0.4 12.5
v 0.4 0.7 12.5
v 0.4 0.8 12.5
v 0.4 0.9 12.5
v 0.5 0.3 12.5
v 0.5 0.4 12.5
v 0.5 0.6 12.5
v 0.5 0.7 12.5
v 0.5 0.8 12.5
v 0.5 0.9 12.5
v 0.6 0.6 12.5
v 0.6 0.7 12.5
v 0.6 0.8 12.5
v 0.6 0.9 12.5
v 0.6 1 12.5
v 0.7 0.3 12.5
v 0.7 0.4 12.5
v 0.7 0.7 12.5
v 0.7 0.8 12.5
v 0.7 0.9 12.5
v 0.7 1 12.5
v 0.8 0.1 12.5
v 0.8 0.2 12.5
v 0.8 0.3 12.5
v 0.8 0.4 12.5
v 0.9 0.1 12.5
v 0.9 0.2 12.5
v 0.9 0.3 12.5
v 0.9 0.4 12.5
v 0.9 0.9 12.5
v 0.9 1 12.5
v 1 0.6 12.5
v 1 0.7 12.5
v 1 0.8 12.5
v 1 0.9 12.5
v 1 1 12.5
v 1.1 0.1 12.5
v 1.1 0.2 12.5
v 1.1 0.6 12.5
v 1.1 0.7 12.5
v 1.1 0.8 12.5
v 1.1 0.9 12.5
v 1.1 1 12.5
v 1.2 0.1 12.5
v 1.2 0.2 12.5
v -1.5 0.1 12.4
v -1.5 0.2 12.4
v -1.4 0 12.4
v -1.4 0.1 12.4
v -1.4 0.2 12.4
v -1.3 0 12.4
v -1.3 0.1 12.4
v -1.1 0 12.4
v -1.1 0.1 12.4
v -1 0 12.4
v -1 0.1 12.4
v -1 0.3 12.4
v -1 0.4 12.4
v -0.9 0.3 12.4
v -0.9 0.4 12.4
v -0.9 0.5 12.4
v -0.9 0.6 12.4
v -0.9 0.7 12.4
v -0.8 0.4 12.4
v -0.8 0.5 12.4
v -0.8 0.6 12.4
v -0.8 0.7 12.4
v -0.7 0.5 12.4
v -0.7 0.6 12.4
v -0.7 0.8 12.4
v -0.7 0.9 12.4
v -0.6 0.5 12.4
v -0.6 0.6 12.4
v -0.6 0.8 12.4
v -0.6 0.9 12.4
v -0.5 0.2 12.4
v -0.5 0.3 12.4
v -0.5 0.8 12.4
v -0.5 0.9 12.4
v -0.4 0.3 12.4
v -0.4 0.8 12.4
v -0.4 0.9 12.4
v -0.3 0.2 12.4
v -0.3 0.3 12.4
v -0.3 0.4 12.4
v -0.3 0.5 12.4
v -0.3 0.8 12.4
v -0.3 0.9 12.4
v -0.2 0.4 12.4
v -0.2 0.5 12.4
v -0.2 0.8 12.4
v -0.2 0.9 12.4
v -0.2 1.1 12.4
v -0.2 1.2 12.4
v -0.1 0.9 12.4
v -0.1 1 12.4
v -0.1 1.1 12.4
v -0.1 1.2 12.4
v 0 0.7 12.4
v 0 0.8 12.4
v 0 0.9 12.4
v 0 1 12.4
v 0.1 0.7 12.4
v 0.1 0.8 12.4
v 0.1 0.9 12.4
v 0.1 1 12.4
v 0.2 0.5 12.4
v 0.2 0.6 12.4
v 0.2 0.7 12.4
v 0.2 0.8 12.4
v 0.2 0.9 12.4
v 0.2 1 12.4
v 0.3 0.4 12.4
v 0.3 0.5 12.4
v 0.3 0.6 12.4
v 0.3 0.7 12.4
v 0.3 0.8 12.4
v 0.3 1 12.4
v 0.4 0.4 12.4
v 0.4 0.5 12.4
v 0.4 0.8 12.4
v 0.4 0.9 12.4
v 0.4 1 12.4
v 0.4 1.1 12.4
v 0.5 0.5 12.4
v 0.5 0.6 12.4
v 0.5 0.9 12.4
v 0.5 1 12.4
v 0.5 1.1 12.4
v 0.6 0.3 12.4
v 0.6 0.4 12.4
v 0.6 0.5 12.4
v 0.6 0.6 12.4
v 0.6 1 12.4
v 0.6 1.1 12.4
v 0.7 0.3 12.4
v 0.7 0.4 12.4
v 0.7 0.6 12.4
v 0.7 1 12.4
v 0.7 1.1 12.4
v 0.8 0.2 12.4
v 0.8 0.3 12.4
v 0.8 0.4 12.4
v 0.8 0.5 12.4
v 0.8 0.6 12.4
v 0.8 0.7 12.4
v 0.8 0.8 12.4
v 0.8 1 12.4
v 0.8 1.1 12.4
v 0.9 0.2 12.4
v 0.9 0.3 12.4
v 0.9 0.4 12.4
v 0.9 0.6 12.4
v 0.9 0.7 12.4
v 0.9 0.8 12.4
v 1 0.1 12.4
v 1 0.2 12.4
v 1 0.3 12.4
v 1 0.4 12.4
v 1 0.5 12.4
v 1 0.6 12.4
v 1 0.7 12.4
v 1.1 0.1 12.4
v 1.1 0.2 12.4
v 1.1 0.3 12.4
v 1.1 0.4 12.4
v 1.1 0.5 12.4
v 1.1 0.7 12.4
v 1.1 0.8 12.4
v 1.2 0.2 12.4
v 1.2 0.3 12.4
v 1.2 0.4 12.4
v 1.2 0.7 12.4
v 1.2 0.8 12.4
v 1.3 0.2 12.4
v 1.3 0.3 12.4
v -1.2 0 12.3
v -1.2 0.1 12.3
v -1.2 0.3 12.3
v -1.2 0.4 12.3
v -1.1 0 12.3
v -1.1 0.1 12.3
v -1.1 0.3 12.3
v -1.1 0.4 12.3
v -1 0 12.3
v -1 0.1 12.3
v -0.9 0 12.3
v -0.9 0.1 12.3
v -0.8 0 12.3
v -0.8 0.1 12.3
v -0.8 0.5 12.3
v -0.8 0.6 12.3
v -0.7 0.3 12.3
v -0.7 0.4 12.3
v -0.7 0.5 12.3
v -0.7 0.6 12.3
v -0.6 0.3 12.3
v -0.6 0.4 12.3
v -0.6 0.5 12.3
v -0.6 0.6 12.3
v -0.5 0.3 12.3
v -0.5 0.4 12.3
v -0.5 0.5 12.3
v -0.5 0.6 12.3
v -0.5 0.7 12.3
v -0.4 0.3 12.3
v -0.4 0.4 12.3
v -0.4 0.5 12.3
v -0.4 0.6 12.3
v -0.4 0.7 12.3
v -0.3 0.3 12.3
v -0.3 0.4 12.3
v -0.3 0.5 12.3
v -0.3 0.6 12.3
v -0.3 0.7 12.3
v -0.2 0.6 12.3
v -0.2 0.7 12.3
v -0.2 1 12.3
v -0.2 1.1 12.3
v -0.1 1 12.3
v -0.1 1.1 12.3
v 0.2 0.7 12.3
v 0.2 0.8 12.3
v 0.3 0.2 12.3
v 0.3 0.3 12.3
v 0.3 0.7 12.3
v 0.3 0.8 12.3
v 0.4 0.2 12.3
v 0.4 0.3 12.3
v 0.4 0.4 12.3
v 0.5 0.3 12.3
v 0.5 0.4 12.3
v 0.5 0.9 12.3
v 0.5 1 12.3
v 0.5 1.2 12.3
v 0.5 1.3 12.3
v 0.6 0.2 12.3
v 0.6 0.3 12.3
v 0.6 0.4 12.3
v 0.6 0.5 12.3
v 0.6 0.6 12.3
v 0.6 0.7 12.3
v 0.6 0.8 12.3
v 0.6 0.9 12.3
v 0.6 1 12.3
v 0.6 1.2 12.3
v 0.6 1.3 12.3
v 0.7 0.2 12.3
v 0.7 0.3 12.3
v 0.7 0.4 12.3
v 0.7 0.5 12.3
v 0.7 0.6 12.3
v 0.7 0.7 12.3
v 0.7 0.8 12.3
v 0.7 0.9 12.3
v 0.7 1 12.3
v 0.7 1.2 12.3
v 0.7 1.3 12.3
v 0.8 0.4 12.3
v 0.8 0.5 12.3
v 0.8 0.6 12.3
v 0.8 0.7 12.3
v 0.8 0.8 12.3
v 0.8 0.9 12.3
v 0.8 1 12.3
v 0.9 0.1 12.3
v 0.9 0.2 12.3
v 0.9 0.3 12.3
v 0.9 0.4 12.3
v 0.9 0.5 12.3
v 0.9 0.6 12.3
v 0.9 0.7 12.3
v 0.9 0.8 12.3
v 0.9 0.9 12.3
v 0.9 1 12.3
v 1 0.1 12.3
v 1 0.2 12.3
v 1 0.3 12.3
v 1 0.4 12.3
v 1 0.5 12.3
v 1 0.7 12.3
v 1 0.8 12.3
v 1 0.9 12.3
v 1.2 0 12.3
v 1.2 0.1 12.3
v 1.2 0.2 12.3
v 1.3 0 12.3
v 1.3 0.1 12.3
v 1.3 0.2 12.3
v -1.3 0 12.2
v -1.3 0.1 12.2
v -1.3 0.2 12.2
v -1.3 0.3 12.2
v -1.3 0.4 12.2
v -1.2 0 12.2
v -1.2 0.1 12.2
v -1.2 0.2 12.2
v -1.2 0.3 12.2
v -1.2 0.4 12.2
v -1.1 0.1 12.2
v -1.1 0.2 12.2
v -1.1 0.5 12.2
v -1.1 0.6 12.2
v -1 0.1 12.2
v -1 0.2 12.2
v -1 0.5 12.2
v -1 0.6 12.2
v -0.9 0.1 12.2
v -0.9 0.2 12.2
v -0.9 0.3 12.2
v -0.9 0.4 12.2
v -0.9 0.5 12.2
v -0.8 0.1 12.2
v -0.8 0.2 12.2
v -0.8 0.3 12.2
v -0.8 0.4 12.2
v -0.8 0.5 12.2
v -0.8 0.6 12.2
v -0.8 0.8 12.2
v -0.7 0.1 12.2
v -0.7 0.2 12.2
v -0.7 0.3 12.2
v -0.7 0.4 12.2
v -0.7 0.5 12.2
v -0.7 0.6 12.2
v -0.7 0.7 12.2
v -0.7 0.8 12.2
v -0.7 0.9 12.2
v -0.6 0.2 12.2
v -0.6 0.3 12.2
v -0.6 0.4 12.2
v -0.6 0.5 12.2
v -0.6 0.6 12.2
v -0.6 0.7 12.2
v -0.6 0.8 12.2
v -0.6 0.9 12.2
v -0.5 0.5 12.2
v -0.5 0.6 12.2
v -0.5 0.7 12.2
v -0.5 0.8 12.2
v -0.4 0.5 12.2
v -0.4 0.6 12.2
v -0.4 0.8 12.2
v -0.4 0.9 12.2
v -0.3 0.8 12.2
v -0.3 0.9 12.2
v -0.3 1.1 12.2
v -0.3 1.2 12.2
v -0.2 0.7 12.2
v -0.2 0.8 12.2
v -0.2 0.9 12.2
v -0.2 1.1 12.2
v -0.2 1.2 12.2
v -0.1 0.7 12.2
v -0.1 0.8 12.2
v -0.1 0.9 12.2
v 0 0.9 12.2
v 0 1 12.2
v 0.1 0.3 12.2
v 0.1 0.4 12.2
v 0.1 0.7 12.2
v 0.1 0.8 12.2
v 0.1 0.9 12.2
v 0.1 1 12.2
v 0.1 1.1 12.2
v 0.2 0.1 12.2
v 0.2 0.2 12.2
v 0.2 0.3 12.2
v 0.2 0.4 12.2
v 0.2 0.7 12.2
v 0.2 0.8 12.2
v 0.2 0.9 12.2
v 0.2 1 12.2
v 0.2 1.1 12.2
v 0.3 0.1 12.2
v 0.3 0.2 12.2
v 0.3 0.5 12.2
v 0.3 0.6 12.2
v 0.3 0.7 12.2
v 0.3 0.8 12.2
v 0.3 0.9 12.2
v 0.4 0.1 12.2
v 0.4 0.2 12.2
v 0.4 0.4 12.2
v 0.4 0.5 12.2
v 0.4 0.6 12.2
v 0.4 0.7 12.2
v 0.4 0.8 12.2
v 0.5 0.4 12.2
v 0.5 0.5 12.2
v 0.5 0.6 12.2
v 0.5 0.7 12.2
v 0.5 0.8 12.2
v 0.5 0.9 12.2
v 0.5 1 12.2
v 0.5 1.1 12.2
v 0.6 0.1 12.2
v 0.6 0.2 12.2
v 0.6 0.4 12.2
v 0.6 0.5 12.2
v 0.6 0.6 12.2
v 0.6 0.7 12.2
v 0.6 0.8 12.2
v 0.6 0.9 12.2
v 0.6 1 12.2
v 0.6 1.1 12.2
v 0.6 1.2 12.2
v 0.7 0.1 12.2
v 0.7 0.2 12.2
v 0.7 0.3 12.2
v 0.7 0.4 12.2
v 0.7 1.1 12.2
v 0.7 1.2 12.2
v 0.8 0.1 12.2
v 0.8 0.2 12.2
v 0.8 0.3 12.2
v 0.8 0.4 12.2
v 0.9 0.1 12.2
v 0.9 0.2 12.2
v 0.9 0.3 12.2
v 0.9 0.4 12.2
v 1 0.3 12.2
v 1 0.4 12.2
v 1.1 0.4 12.2
v 1.1 0.5 12.2
v 1.2 0.4 12.2
v 1.2 0.5 12.2
v -1.5 0 12.1
v -1.5 0.1 12.1
v -1.5 0.2 12.1
v -1.4 0 12.1
v -1.4 0.1 12.1
v -1.4 0.2 12.1
v -1.4 0.3 12.1
v -1.3 0.2 12.1
v -1.3 0.3 12.1
v -1.2 0 12.1
v -1.2 0.1 12.1
v -1.1 0.1 12.1
v -1.1 0.3 12.1
v -1.1 0.4 12.1
v -1.1 0.5 12.1
v -1 0 12.1
v -1 0.1 12.1
v -1 0.3 12.1
v -1 0.4 12.1
v -1 0.5 12.1
v -0.9 0 12.1
v -0.9 0.1 12.1
v -0.9 0.2 12.1
v -0.9 0.3 12.1
v -0.9 0.4 12.1
v -0.9 0.5 12.1
v -0.8 0 12.1
v -0.8 0.1 12.1
v -0.8 0.2 12.1
v -0.8 0.3 12.1
v -0.7 0 12.1
v -0.7 0.1 12.1
v -0.7 0.3 12.1
v -0.7 0.4 12.1
v -0.7 0.6 12.1
v -0.7 0.7 12.1
v -0.6 0.3 12.1
v -0.6 0.4 12.1
v -0.6 0.5 12.1
v -0.6 1 12.1
v -0.6 1.1 12.1
v -0.5 0.4 12.1
v -0.5 0.5 12.1
v -0.5 0.6 12.1
v -0.5 0.7 12.1
v -0.5 0.8 12.1
v -0.5 1 12.1
v -0.5 1.1 12.1
v -0.4 0.4 12.1
v -0.4 0.5 12.1
v -0.4 0.6 12.1
v -0.4 0.7 12.1
v -0.4 0.8 12.1
v -0.4 1.1 12.1
v -0.4 1.2 12.1
v -0.4 1.3 12.1
v -0.3 0.5 12.1
v -0.3 0.6 12.1
v -0.3 0.7 12.1
v -0.3 0.8 12.1
v -0.3 1.1 12.1
v -0.3 1.2 12.1
v -0.3 1.3 12.1
v -0.2 0.4 12.1
v -0.2 0.5 12.1
v -0.2 0.6 12.1
v -0.2 0.7 12.1
v -0.2 0.9 12.1
v -0.2 1 12.1
v -0.1 0.4 12.1
v -0.1 0.5 12.1
v -0.1 0.6 12.1
v -0.1 0.7 12.1
v -0.1 0.8 12.1
v -0.1 0.9 12.1
v -0.1 1 12.1
v -0.1 1.1 12.1
v -0.1 1.2 12.1
v 0 0.4 12.1
v 0 0.6 12.1
v 0 0.7 12.1
v 0 0.8 12.1
v 0 1 12.1
v 0 1.1 12.1
v 0 1.2 12.1
v 0.1 0.2 12.1
v 0.1 0.3 12.1
v 0.1 0.7 12.1
v 0.1 0.8 12.1
v 0.1 0.9 12.1
v 0.1 1 12.1
v 0.1 1.1 12.1
v 0.2 0.2 12.1
v 0.2 0.3 12.1
v 0.2 0.4 12.1
v 0.2 0.5 12.1
v 0.2 0.9 12.1
v 0.2 1 12.1
v 0.2 1.1 12.1
v 0.3 0.3 12.1
v 0.3 0.4 12.1
v 0.3 0.5 12.1
v 0.3 0.9 12.1
v 0.3 1 12.1
v 0.3 1.1 12.1
v 0.4 0.3 12.1
v 0.4 0.5 12.1
v 0.4 0.6 12.1
v 0.4 0.7 12.1
v 0.4 0.9 12.1
v 0.4 1 12.1
v 0.5 0.5 12.1
v 0.5 0.6 12.1
v 0.5 0.7 12.1
v 0.5 0.8 12.1
v 0.6 0.5 12.1
v 0.6 0.6 12.1
v 0.6 0.7 12.1
v 0.6 0.8 12.1
v 0.7 0.6 12.1
v 0.7 0.7 12.1
v 0.8 0.3 12.1
v 0.8 0.4 12.1
v 0.9 0.3 12.1
v 0.9 0.4 12.1
v 1.1 0.1 12.1
v 1.1 0.2 12.1
v 1.1 0.6 12.1
v 1.1 0.7 12.1
v 1.2 0.1 12.1
v 1.2 0.2 12.1
v 1.2 0.6 12.1
v 1.2 0.7 12.1
v 1.3 0.6 12.1
v 1.3 0.7 12.1
v -1.4 0.1 12
v -1.4 0.2 12
v -1.3 0.1 12
v -1.3 0.2 12
v -1.2 0.2 12
v -1.2 0.3 12
v -1.2 0.4 12
v -1.1 0.2 12
v -1.1 0.3 12
v -1.1 0.4 12
v -1 0.3 12
v -1 0.4 12
v -0.9 0.3 12
v -0.9 0.4 12
v -0.8 0.3 12
v -0.8 0.4 12
v -0.7 0.4 12
v -0.7 0.5 12
v -0.6 0.2 12
v -0.6 0.3 12
v -0.6 0.4 12
v -0.6 0.5 12
v -0.5 0.2 12
v -0.5 0.3 12
v -0.5 1 12
v -0.5 1.1 12
v -0.5 1.2 12
v -0.4 0.3 12
v -0.4 0.4 12
v -0.4 0.6 12
v -0.4 0.7 12
v -0.4 1 12
v -0.4 1.1 12
v -0.4 1.2 12
v -0.3 0.3 12
v -0.3 0.4 12
v -0.3 0.6 12
v -0.3 0.7 12
v -0.1 0.8 12
v -0.1 0.9 12
v -0.1 1.2 12
v -0.1 1.3 12
v 0 0.8 12
v 0 0.9 12
v 0 1.2 12
v 0 1.3 12
v 0.2 0.7 12
v 0.2 0.8 12
v 0.3 0.7 12
v 0.3 0.8 12
v 0.4 0.1 12
v 0.4 0.2 12
v 0.4 0.9 12
v 0.4 1 12
v 0.5 0.1 12
v 0.5 0.2 12
v 0.5 0.9 12
v 0.5 1 12
v 0.6 0.7 12
v 0.6 0.8 12
v 0.6 0.9 12
v 0.6 1 12
v 0.7 0.3 12
v 0.7 0.4 12
v 0.7 0.6 12
v 0.7 0.7 12
v 0.7 0.8 12
v 0.8 0.3 12
v 0.8 0.4 12
v 0.8 0.6 12
v 0.8 0.7 12
v 0.9 0.2 12
v 0.9 0.3 12
v 0.9 0.4 12
v 0.9 0.5 12
v 1 0.1 12
v 1 0.2 12
v 1 0.3 12
v 1 0.4 12
v 1 0.5 12
v 1 0.6 12
v 1.1 0.1 12
v 1.1 0.2 12
v 1.1 0.3 12
v 1.1 0.4 12
v 1.1 0.5 12
v 1.1 0.6 12
v 1.2 0.3 12
v 1.2 0.4 12
v 1.3 0.1 12
v 1.3 0.2 12
v 1.3 0.4 12
v 1.3 0.5 12
v 1.4 0.1 12
v 1.4 0.2 12
v 1.4 0.4 12
v 1.4 0.5 12
v -1.3 0.1 11.9
v -1.3 0.2 11.9
v -1.3 0.3 11.9
v -1.3 0.4 11.9
v -1.2 0.1 11.9
v -1.2 0.2 11.9
v -1.2 0.3 11.9
v -1.2 0.4 11.9
v -1.1 0.2 11.9
v -1.1 0.3 11.9
v -1.1 0.4 11.9
v -1 0.1 11.9
v -1 0.2 11.9
v -1 0.3 11.9
v -1 0.4 11.9
v -0.9 0.1 11.9
v -0.9 0.2 11.9
v -0.8 0.2 11.9
v -0.8 0.3 11.9
v -0.8 0.4 11.9
v -0.7 0.2 11.9
v -0.7 0.3 11.9
v -0.7 0.4 11.9
v -0.5 0.1 11.9
v -0.5 0.2 11.9
v -0.5 0.4 11.9
v -0.5 0.5 11.9
v -0.4 0.1 11.9
v -0.4 0.2 11.9
v -0.4 0.4 11.9
v -0.4 0.5 11.9
v -0.4 1 11.9
v -0.4 1.1 11.9
v -0.3 0.3 11.9
v -0.3 0.4 11.9
v -0.3 0.5 11.9
v -0.3 0.6 11.9
v -0.3 0.7 11.9
v -0.3 0.8 11.9
v -0.3 1 11.9
v -0.3 1.1 11.9
v -0.3 1.3 11.9
v -0.3 1.4 11.9
v -0.2 0.3 11.9
v -0.2 0.4 11.9
v -0.2 0.5 11.9
v -0.2 0.6 11.9
v -0.2 0.7 11.9
v -0.2 0.8 11.9
v -0.2 0.9 11.9
v -0.2 1 11.9
v -0.2 1.1 11.9
v -0.2 1.2 11.9
v -0.2 1.3 11.9
v -0.2 1.4 11.9
v -0.1 0.2 11.9
v -0.1 0.3 11.9
v -0.1 0.4 11.9
v -0.1 0.5 11.9
v -0.1 0.6 11.9
v -0.1 0.9 11.9
v -0.1 1 11.9
v -0.1 1.1 11.9
v -0.1 1.2 11.9
v 0 0.2 11.9
v 0 0.3 11.9
v 0 0.4 11.9
v 0 1 11.9
v 0 1.1 11.9
v 0 1.2 11.9
v 0.1 0.6 11.9
v 0.1 0.7 11.9
v 0.1 1.1 11.9
v 0.1 1.2 11.9
v 0.2 0.6 11.9
v 0.2 0.7 11.9
v 0.2 0.8 11.9
v 0.2 0.9 11.9
v 0.2 1 11.9
v 0.3 0.8 11.9
v 0.3 1 11.9
v 0.5 0.3 11.9
v 0.5 0.4 11.9
v 0.5 0.5 11.9
v 0.5 0.6 11.9
v 0.5 0.8 11.9
v 0.5 0.9 11.9
v 0.6 0.2 11.9
v 0.6 0.3 11.9
v 0.6 0.4 11.9
v 0.6 0.5 11.9
v 0.6 0.6 11.9
v 0.6 0.8 11.9
v 0.6 0.9 11.9
v 0.7 0.2 11.9
v 0.7 0.3 11.9
v 0.7 0.8 11.9
v 0.7 0.9 11.9
v 0.8 0.4 11.9
v 0.8 0.5 11.9
v 0.8 0.6 11.9
v 0.9 0.3 11.9
v 0.9 0.4 11.9
v 0.9 0.5 11.9
v 0.9 0.6 11.9
v 1 0.3 11.9
v 1 0.4 11.9
v 1 0.5 11.9
v 1.1 0 11.9
v 1.1 0.1 11.9
v 1.1 0.4 11.9
v 1.1 0.5 11.9
v 1.1 0.6 11.9
v 1.2 0 11.9
v 1.2 0.1 11.9
v 1.2 0.3 11.9
v 1.2 0.4 11.9
v 1.2 0.5 11.9
v 1.2 0.6 11.9
v 1.3 0.2 11.9
v 1.3 0.3 11.9
v 1.3 0.4 11.9
v 1.3 0.5 11.9
v 1.4 0.2 11.9
v 1.4 0.3 11.9
v 1.4 0.4 11.9
v -1.4 0 11.8
v -1.4 0.1 11.8
v -1.4 0.2 11.8
v -1.3 0 11.8
v -1.3 0.1 11.8
v -1.3 0.2 11.8
v -1.1 0 11.8
v -1.1 0.1 11.8
v -1 0 11.8
v -1 0.1 11.8
v -1 0.2 11.8
v -1 0.3 11.8
v -0.9 0.2 11.8
v -0.9 0.3 11.8
v -0.9 0.5 11.8
v -0.9 0.6 11.8
v -0.8 0.5 11.8
v -0.8 0.6 11.8
v -0.8 0.7 11.8
v -0.7 0.2 11.8
v -0.7 0.3 11.8
v -0.7 0.4 11.8
v -0.7 0.5 11.8
v -0.7 0.6 11.8
v -0.7 0.7 11.8
v -0.6 0.2 11.8
v -0.6 0.3 11.8
v -0.6 0.4 11.8
v -0.6 0.5 11.8
v -0.5 0 11.8
v -0.5 0.1 11.8
v -0.5 0.2 11.8
v -0.5 0.3 11.8
v -0.5 0.4 11.8
v -0.5 0.7 11.8
v -0.5 0.8 11.8
v -0.5 0.9 11.8
v -0.4 0 11.8
v -0.4 0.1 11.8
v -0.4 0.2 11.8
v -0.4 0.3 11.8
v -0.4 0.5 11.8
v -0.4 0.6 11.8
v -0.4 0.7 11.8
v -0.4 0.8 11.8
v -0.4 0.9 11.8
v -0.3 0 11.8
v -0.3 0.1 11.8
v -0.3 0.5 11.8
v -0.3 0.6 11.8
v -0.3 0.7 11.8
v -0.3 0.8 11.8
v -0.3 0.9 11.8
v -0.3 1 11.8
v -0.2 0.6 11.8
v -0.2 0.7 11.8
v -0.2 0.9 11.8
v -0.2 1 11.8
v -0.2 1.2 11.8
v -0.2 1.3 11.8
v -0.1 0 11.8
v -0.1 0.1 11.8
v -0.1 0.2 11.8
v -0.1 0.6 11.8
v -0.1 0.7 11.8
v -0.1 1.2 11.8
v -0.1 1.3 11.8
v 0 0 11.8
v 0 0.1 11.8
v 0 0.2 11.8
v 0 0.3 11.8
v 0 0.4 11.8
v 0 0.8 11.8
v 0 0.9 11.8
v 0.1 0.2 11.8
v 0.1 0.3 11.8
v 0.1 0.4 11.8
v 0.1 0.5 11.8
v 0.1 0.6 11.8
v 0.1 0.8 11.8
v 0.1 0.9 11.8
v 0.2 0 11.8
v 0.2 0.1 11.8
v 0.2 0.2 11.8
v 0.2 0.3 11.8
v 0.2 0.4 11.8
v 0.2 0.5 11.8
v 0.2 0.6 11.8
v 0.2 0.7 11.8
v 0.2 0.8 11.8
v 0.3 0 11.8
v 0.3 0.1 11.8
v 0.3 0.2 11.8
v 0.3 0.3 11.8
v 0.3 0.4 11.8
v 0.3 0.5 11.8
v 0.3 0.6 11.8
v 0.3 0.7 11.8
v 0.3 0.8 11.8
v 0.4 0.1 11.8
v 0.4 0.2 11.8
v 0.4 0.3 11.8
v 0.4 0.4 11.8
v 0.4 0.6 11.8
v 0.4 0.7 11.8
v 0.4 0.8 11.8
v 0.5 0.1 11.8
v 0.5 0.2 11.8
v 0.5 0.4 11.8
v 0.5 0.5 11.8
v 0.5 0.6 11.8
v 0.5 0.7 11.8
v 0.5 0.8 11.8
v 0.6 0.1 11.8
v 0.6 0.2 11.8
v 0.6 0.3 11.8
v 0.6 0.4 11.8
v 0.6 0.5 11.8
v 0.6 0.6 11.8
v 0.6 0.7 11.8
v 0.6 0.8 11.8
v 0.7 0.3 11.8
v 0.7 0.4 11.8
v 0.7 0.6 11.8
v 0.7 0.7 11.8
v 0.9 0.6 11.8
v 0.9 0.7 11.8
v 1 0.3 11.8
v 1 0.4 11.8
v 1 0.5 11.8
v 1 0.6 11.8
v 1 0.7 11.8
v 1.1 0.3 11.8
v 1.1 0.4 11.8
v 1.1 0.5 11.8
v 1.1 0.6 11.8
v 1.2 0 11.8
v 1.2 0.1 11.8
v 1.2 0.2 11.8
v 1.2 0.3 11.8
v 1.2 0.4 11.8
v 1.3 0 11.8
v 1.3 0.1 11.8
v 1.3 0.2 11.8
v 1.3 0.3 11.8
v 1.4 0.1 11.8
v 1.4 0.2 11.8
v -1.4 0.2 11.7
v -1.4 0.3 11.7
v -1.3 0 11.7
v -1.3 0.1 11.7
v -1.3 0.2 11.7
v -1.3 0.3 11.7
v -1.2 0 11.7
v -1.2 0.1 11.7
v -1.2 0.2 11.7
v -1.2 0.3 11.7
v -1.1 0 11.7
v -1.1 0.1 11.7
v -1.1 0.2 11.7
v -1.1 0.3 11.7
v -1 0.1 11.7
v -1 0.2 11.7
v -0.9 0 11.7
v -0.9 0.1 11.7
v -0.9 0.2 11.7
v -0.9 0.3 11.7
v -0.9 0.4 11.7
v -0.9 0.6 11.7
v -0.9 0.8 11.7
v -0.8 0 11.7
v -0.8 0.1 11.7
v -0.8 0.2 11.7
v -0.8 0.3 11.7
v -0.8 0.4 11.7
v -0.8 0.5 11.7
v -0.8 0.6 11.7
v -0.8 0.8 11.7
v -0.7 0.2 11.7
v -0.7 0.3 11.7
v -0.7 0.5 11.7
v -0.7 0.6 11.7
v -0.6 0.5 11.7
v -0.6 0.6 11.7
v -0.5 0.3 11.7
v -0.5 0.4 11.7
v -0.4 0.3 11.7
v -0.4 0.4 11.7
v -0.4 0.9 11.7
v -0.4 1 11.7
v -0.3 0.2 11.7
v -0.3 0.3 11.7
v -0.3 0.4 11.7
v -0.3 0.5 11.7
v -0.3 0.8 11.7
v -0.3 0.9 11.7
v -0.3 1 11.7
v -0.2 0.2 11.7
v -0.2 0.3 11.7
v -0.2 0.4 11.7
v -0.2 0.5 11.7
v -0.2 0.6 11.7
v -0.2 0.7 11.7
v -0.2 0.8 11.7
v -0.1 0.3 11.7
v -0.1 0.4 11.7
v -0.1 0.5 11.7
v -0.1 0.6 11.7
v -0.1 0.7 11.7
v -0.1 0.8 11.7
v -0.1 0.9 11.7
v 0 0 11.7
v 0 0.1 11.7
v 0 0.2 11.7
v 0 0.3 11.7
v 0 0.4 11.7
v 0 0.5 11.7
v 0 0.6 11.7
v 0 0.7 11.7
v 0 0.8 11.7
v 0 0.9 11.7
v 0.1 0 11.7
v 0.1 0.1 11.7
v 0.1 0.2 11.7
v 0.1 0.6 11.7
v 0.1 0.7 11.7
v 0.2 0.1 11.7
v 0.2 0.2 11.7
v 0.2 0.6 11.7
v 0.2 0.7 11.7
v 0.3 0.2 11.7
v 0.3 0.3 11.7
v 0.3 0.6 11.7
v 0.3 0.7 11.7
v 0.4 0.2 11.7
v 0.4 0.3 11.7
v 0.4 0.6 11.7
v 0.4 0.7 11.7
v 0.4 0.8 11.7
v 0.4 0.9 11.7
v 0.5 0.2 11.7
v 0.5 0.3 11.7
v 0.5 0.8 11.7
v 0.5 0.9 11.7
v 0.7 0.1 11.7
v 0.7 0.2 11.7
v 0.7 0.3 11.7
v 0.7 0.4 11.7
v 0.7 0.5 11.7
v 0.7 0.6 11.7
v 0.8 0.1 11.7
v 0.8 0.2 11.7
v 0.8 0.3 11.7
v 0.8 0.4 11.7
v 0.8 0.6 11.7
v 0.8 0.7 11.7
v 0.9 0.1 11.7
v 0.9 0.2 11.7
v 0.9 0.3 11.7
v 0.9 0.4 11.7
v 0.9 0.5 11.7
v 0.9 0.6 11.7
v 0.9 0.7 11.7
v 1 0.1 11.7
v 1 0.2 11.7
v 1 0.3 11.7
v 1 0.4 11.7
v 1 0.5 11.7
v 1 0.6 11.7
v 1.1 0 11.7
v 1.1 0.1 11.7
v 1.2 0 11.7
v 1.2 0.1 11.7
v 1.2 0.2 11.7
v 1.3 0.1 11.7
v 1.3 0.2 11.7
v -1.3 0.1 11.6
v -1.3 0.2 11.6
v -1.2 0.1 11.6
v -1.2 0.2 11.6
v -1.1 0.2 11.6
v -1.1 0.3 11.6
v -1.1 0.4 11.6
v -1 0 11.6
v -1 0.1 11.6
v -1 0.2 11.6
v -1 0.3 11.6
v -1 0.4 11.6
v -1 0.5 11.6
v -1 0.6 11.6
v -0.9 0 11.6
v -0.9 0.1 11.6
v -0.9 0.3 11.6
v -0.9 0.4 11.6
v -0.9 0.5 11.6
v -0.9 0.6 11.6
v -0.8 0.4 11.6
v -0.8 0.5 11.6
v -0.8 0.6 11.6
v -0.7 0.4 11.6
v -0.7 0.5 11.6
v -0.6 0.4 11.6
v -0.6 0.5 11.6
v -0.5 0.4 11.6
v -0.5 0.5 11.6
v -0.4 0.1 11.6
v -0.4 0.2 11.6
v -0.4 0.4 11.6
v -0.4 0.5 11.6
v -0.3 0.1 11.6
v -0.3 0.2 11.6
v -0.3 0.3 11.6
v -0.3 0.4 11.6
v -0.3 0.5 11.6
v -0.3 0.7 11.6
v -0.3 0.8 11.6
v -0.2 0.1 11.6
v -0.2 0.2 11.6
v -0.2 0.3 11.6
v -0.2 0.4 11.6
v -0.2 0.5 11.6
v -0.2 0.7 11.6
v -0.2 0.8 11.6
v -0.1 0.1 11.6
v -0.1 0.2 11.6
v -0.1 0.4 11.6
v -0.1 0.5 11.6
v 0 0.1 11.6
v 0 0.2 11.6
v 0 0.4 11.6
v 0 0.5 11.6
v 0 1 11.6
v 0 1.1 11.6
v 0.1 0 11.6
v 0.1 0.1 11.6
v 0.1 0.2 11.6
v 0.1 0.3 11.6
v 0.1 0.4 11.6
v 0.1 0.5 11.6
v 0.1 0.7 11.6
v 0.1 0.8 11.6
v 0.1 1 11.6
v 0.1 1.1 11.6
v 0.2 0 11.6
v 0.2 0.1 11.6
v 0.2 0.2 11.6
v 0.2 0.3 11.6
v 0.2 0.4 11.6
v 0.2 0.7 11.6
v 0.2 0.8 11.6
v 0.3 0 11.6
v 0.3 0.1 11.6
v 0.3 0.3 11.6
v 0.3 0.4 11.6
v 0.3 0.5 11.6
v 0.4 0 11.6
v 0.4 0.1 11.6
v 0.4 0.4 11.6
v 0.4 0.5 11.6
v 0.5 0 11.6
v 0.5 0.1 11.6
v 0.6 0.4 11.6
v 0.6 0.5 11.6
v 0.7 0.4 11.6
v 0.7 0.5 11.6
v 0.8 0.3 11.6
v 0.8 0.4 11.6
v 0.8 0.5 11.6
v 0.9 0.3 11.6
v 0.9 0.4 11.6
v 0.9 0.5 11.6
v 1 0 11.6
v 1 0.1 11.6
v 1 0.2 11.6
v 1.1 0 11.6
v 1.1 0.1 11.6
v 1.1 0.2 11.6
v 1.1 0.3 11.6
v 1.1 0.4 11.6
v 1.2 0.3 11.6
v 1.2 0.4 11.6
v 1.3 0.1 11.6
v 1.3 0.2 11.6
v 1.3 0.3 11.6
v 1.4 0.1 11.6
v 1.4 0.2 11.6
v 1.4 0.3 11.6
v -1.2 0.1 11.5
v -1.2 0.2 11.5
v -1.1 0 11.5
v -1.1 0.1 11.5
v -1.1 0.2 11.5
v -1 0 11.5
v -1 0.1 11.5
v -1 0.2 11.5
v -1 0.3 11.5
v -0.9 0.1 11.5
v -0.9 0.2 11.5
v -0.9 0.3 11.5
v -0.8 0.1 11.5
v -0.8 0.2 11.5
v -0.8 0.3 11.5
v -0.8 0.4 11.5
v -0.8 0.5 11.5
v -0.7 0.2 11.5
v -0.7 0.3 11.5
v -0.7 0.4 11.5
v -0.7 0.5 11.5
v -0.6 0 11.5
v -0.6 0.1 11.5
v -0.6 0.2 11.5
v -0.6 0.3 11.5
v -0.6 0.4 11.5
v -0.5 0 11.5
v -0.5 0.2 11.5
v -0.5 0.3 11.5
v -0.5 0.4 11.5
v -0.4 0 11.5
v -0.4 0.1 11.5
v -0.4 0.2 11.5
v -0.4 0.3 11.5
v -0.4 0.7 11.5
v -0.4 0.8 11.5
v -0.4 0.9 11.5
v -0.3 0 11.5
v -0.3 0.1 11.5
v -0.3 0.2 11.5
v -0.3 0.3 11.5
v -0.3 0.7 11.5
v -0.3 0.8 11.5
v -0.3 0.9 11.5
v -0.2 0 11.5
v -0.2 0.1 11.5
v -0.2 0.3 11.5
v -0.2 0.4 11.5
v -0.1 0 11.5
v -0.1 0.1 11.5
v -0.1 0.3 11.5
v -0.1 0.4 11.5
v -0.1 0.8 11.5
v -0.1 0.9 11.5
v -0.1 1 11.5
v 0 0 11.5
v 0 0.1 11.5
v 0 0.6 11.5
v 0 0.7 11.5
v 0 0.8 11.5
v 0 0.9 11.5
v 0 1 11.5
v 0.1 0.6 11.5
v 0.1 0.7 11.5
v 0.1 0.8 11.5
v 0.1 0.9 11.5
v 0.1 1 11.5
v 0.1 1.1 11.5
v 0.1 1.2 11.5
v 0.2 0 11.5
v 0.2 0.1 11.5
v 0.2 0.2 11.5
v 0.2 0.3 11.5
v 0.2 0.9 11.5
v 0.2 1 11.5
v 0.2 1.1 11.5
v 0.2 1.2 11.5
v 0.3 0 11.5
v 0.3 0.1 11.5
v 0.3 0.2 11.5
v 0.3 0.3 11.5
v 0.3 0.5 11.5
v 0.3 0.6 11.5
v 0.4 0.1 11.5
v 0.4 0.2 11.5
v 0.4 0.5 11.5
v 0.4 0.6 11.5
v 0.5 0.1 11.5
v 0.5 0.2 11.5
v 0.5 0.3 11.5
v 0.5 0.4 11.5
v 0.5 0.5 11.5
v 0.5 0.6 11.5
v 0.5 0.7 11.5
v 0.6 0.1 11.5
v 0.6 0.2 11.5
v 0.6 0.3 11.5
v 0.6 0.4 11.5
v 0.6 0.5 11.5
v 0.6 0.6 11.5
v 0.6 0.7 11.5
v 0.7 0.1 11.5
v 0.7 0.2 11.5
v 0.7 0.5 11.5
v 0.7 0.6 11.5
v 0.8 0.1 11.5
v 0.8 0.2 11.5
v 1.1 0.1 11.5
v 1.1 0.2 11.5
v 1.2 0 11.5
v 1.2 0.1 11.5
v 1.2 0.2 11.5
v 1.2 0.3 11.5
v 1.3 0 11.5
v 1.3 0.1 11.5
v 1.3 0.2 11.5
v 1.3 0.3 11.5
v -0.9 0 11.4
v -0.9 0.1 11.4
v -0.8 0 11.4
v -0.8 0.1 11.4
v -0.7 0 11.4
v -0.7 0.1 11.4
v -0.6 0 11.4
v -0.6 0.1 11.4
v -0.6 0.2 11.4
v -0.6 0.3 11.4
v -0.5 0 11.4
v -0.5 0.2 11.4
v -0.5 0.3 11.4
v -0.5 0.4 11.4
v -0.5 0.5 11.4
v -0.5 0.7 11.4
v -0.5 0.8 11.4
v -0.4 0 11.4
v -0.4 0.2 11.4
v -0.4 0.3 11.4
v -0.4 0.4 11.4
v -0.4 0.5 11.4
v -0.4 0.6 11.4
v -0.4 0.7 11.4
v -0.4 0.8 11.4
v -0.3 0.2 11.4
v -0.3 0.3 11.4
v -0.3 0.4 11.4
v -0.3 0.5 11.4
v -0.3 0.6 11.4
v -0.3 0.7 11.4
v -0.3 0.8 11.4
v -0.2 0.1 11.4
v -0.2 0.2 11.4
v -0.2 0.3 11.4
v -0.2 0.6 11.4
v -0.2 0.7 11.4
v -0.2 0.8 11.4
v -0.1 0.1 11.4
v -0.1 0.2 11.4
v -0.1 0.3 11.4
v -0.1 0.4 11.4
v -0.1 0.5 11.4
v -0.1 0.6 11.4
v -0.1 0.7 11.4
v -0.1 0.8 11.4
v 0 0.1 11.4
v 0 0.2 11.4
v 0 0.3 11.4
v 0 0.4 11.4
v 0 0.5 11.4
v 0 0.6 11.4
v 0 0.9 11.4
v 0 1 11.4
v 0.1 0.4 11.4
v 0.1 0.5 11.4
v 0.1 0.6 11.4
v 0.1 0.7 11.4
v 0.1 0.8 11.4
v 0.1 0.9 11.4
v 0.1 1 11.4
v 0.2 0.4 11.4
v 0.2 0.5 11.4
v 0.2 0.6 11.4
v 0.2 0.7 11.4
v 0.2 0.8 11.4
v 0.2 0.9 11.4
v 0.3 0.1 11.4
v 0.3 0.2 11.4
v 0.3 0.4 11.4
v 0.3 0.5 11.4
v 0.3 0.6 11.4
v 0.3 0.7 11.4
v 0.3 0.8 11.4
v 0.4 0 11.4
v 0.4 0.1 11.4
v 0.4 0.2 11.4
v 0.4 0.6 11.4
v 0.4 0.7 11.4
v 0.5 0 11.4
v 0.5 0.1 11.4
v 0.6 0.1 11.4
v 0.6 0.2 11.4
v 0.6 0.4 11.4
v 0.6 0.5 11.4
v 0.7 0.1 11.4
v 0.7 0.2 11.4
v 0.7 0.3 11.4
v 0.7 0.4 11.4
v 0.7 0.5 11.4
v 0.7 0.6 11.4
v 0.8 0 11.4
v 0.8 0.1 11.4
v 0.8 0.3 11.4
v 0.8 0.4 11.4
v 0.8 0.5 11.4
v 0.8 0.6 11.4
v 0.9 0 11.4
v 0.9 0.1 11.4
v 0.9 0.2 11.4
v 1 0.1 11.4
v 1 0.2 11.4
v 1 0.3 11.4
v 1 0.4 11.4
v 1.1 0.2 11.4
v 1.1 0.3 11.4
v 1.1 0.4 11.4
v 1.2 0.2 11.4
v 1.2 0.3 11.4
v -1 0.1 11.3
v -1 0.2 11.3
v -1 0.4 11.3
v -1 0.5 11.3
v -1 0.6 11.3
v -0.9 0.1 11.3
v -0.9 0.2 11.3
v -0.9 0.4 11.3
v -0.9 0.5 11.3
v -0.9 0.6 11.3
v -0.8 0.1 11.3
v -0.8 0.2 11.3
v -0.8 0.4 11.3
v -0.8 0.5 11.3
v -0.8 0.6 11.3
v -0.7 0.1 11.3
v -0.7 0.2 11.3
v -0.5 0.3 11.3
v -0.5 0.4 11.3
v -0.4 0 11.3
v -0.4 0.2 11.3
v -0.4 0.3 11.3
v -0.4 0.4 11.3
v -0.3 0 11.3
v -0.3 0.1 11.3
v -0.3 0.2 11.3
v -0.2 0 11.3
v -0.2 0.1 11.3
v -0.2 0.5 11.3
v -0.2 0.6 11.3
v -0.1 0.5 11.3
v -0.1 0.6 11.3
v -0.1 0.7 11.3
v 0 0.1 11.3
v 0 0.2 11.3
v 0 0.6 11.3
v 0 0.7 11.3
v 0 0.8 11.3
v 0.1 0 11.3
v 0.1 0.1 11.3
v 0.1 0.2 11.3
v 0.1 0.7 11.3
v 0.1 0.8 11.3
v 0.2 0 11.3
v 0.2 0.1 11.3
v 0.2 0.2 11.3
v 0.2 0.3 11.3
v 0.2 0.4 11.3
v 0.3 0.2 11.3
v 0.3 0.3 11.3
v 0.3 0.4 11.3
v 0.4 0.4 11.3
v 0.4 0.5 11.3
v 0.4 0.6 11.3
v 0.5 0 11.3
v 0.5 0.1 11.3
v 0.5 0.3 11.3
v 0.5 0.4 11.3
v 0.5 0.5 11.3
v 0.5 0.6 11.3
v 0.5 0.7 11.3
v 0.6 0 11.3
v 0.6 0.1 11.3
v 0.6 0.2 11.3
v 0.6 0.3 11.3
v 0.6 0.4 11.3
v 0.6 0.5 11.3
v 0.6 0.6 11.3
v 0.6 0.7 11.3
v 0.7 0 11.3
v 0.7 0.1 11.3
v 0.7 0.2 11.3
v 0.7 0.3 11.3
v 0.7 0.4 11.3
v 0.7 0.5 11.3
v 0.7 0.6 11.3
v 0.8 0 11.3
v 0.8 0.1 11.3
v 0.8 0.2 11.3
v 0.8 0.3 11.3
v 0.9 0 11.3
v 0.9 0.1 11.3
v 0.9 0.2 11.3
v 0.9 0.3 11.3
v 0.9 0.4 11.3
v 1 0.1 11.3
v 1 0.2 11.3
v 1 0.3 11.3
v 1 0.4 11.3
v 1.1 0 11.3
v 1.1 0.1 11.3
v 1.1 0.2 11.3
v 1.1 0.3 11.3
v -1 0.3 11.2
v -1 0.4 11.2
v -0.9 0.2 11.2
v -0.9 0.3 11.2
v -0.9 0.4 11.2
v -0.8 0 11.2
v -0.8 0.1 11.2
v -0.8 0.2 11.2
v -0.8 0.3 11.2
v -0.8 0.4 11.2
v -0.8 0.5 11.2
v -0.7 0 11.2
v -0.7 0.1 11.2
v -0.7 0.2 11.2
v -0.7 0.3 11.2
v -0.7 0.4 11.2
v -0.7 0.5 11.2
v -0.6 0 11.2
v -0.6 0.1 11.2
v -0.6 0.2 11.2
v -0.6 0.3 11.2
v -0.6 0.4 11.2
v -0.6 0.5 11.2
v -0.3 0.1 11.2
v -0.3 0.2 11.2
v -0.2 0.1 11.2
v -0.2 0.2 11.2
v -0.2 0.3 11.2
v -0.2 0.4 11.2
v -0.1 0.1 11.2
v -0.1 0.2 11.2
v -0.1 0.3 11.2
v -0.1 0.4 11.2
v -0.1 0.5 11.2
v -0.1 0.6 11.2
v -0.1 0.7 11.2
v -0.1 0.8 11.2
v 0 0 11.2
v 0 0.1 11.2
v 0 0.2 11.2
v 0 0.3 11.2
v 0 0.4 11.2
v 0 0.5 11.2
v 0 0.6 11.2
v 0 0.7 11.2
v 0 0.8 11.2
v 0.1 0 11.2
v 0.1 0.1 11.2
v 0.1 0.2 11.2
v 0.1 0.3 11.2
v 0.1 0.4 11.2
v 0.2 0.2 11.2
v 0.2 0.3 11.2
v 0.3 0.4 11.2
v 0.3 0.5 11.2
v 0.3 0.6 11.2
v 0.4 0.4 11.2
v 0.4 0.5 11.2
v 0.4 0.6 11.2
v 0.6 0.4 11.2
v 0.6 0.5 11.2
v 0.7 0.1 11.2
v 0.7 0.3 11.2
v 0.8 0 11.2
v 0.8 0.1 11.2
v 0.8 0.2 11.2
v 0.8 0.3 11.2
v 0.9 0 11.2
v 0.9 0.1 11.2
v 0.9 0.2 11.2
v 1 0.1 11.2
v 1 0.2 11.2
v -0.9 0.1 11.1
v -0.9 0.2 11.1
v -0.8 0.1 11.1
v -0.8 0.2 11.1
v -0.8 0.3 11.1
v -0.7 0.1 11.1
v -0.7 0.2 11.1
v -0.7 0.3 11.1
v -0.6 0.2 11.1
v -0.6 0.3 11.1
v -0.2 0 11.1
v -0.2 0.1 11.1
v -0.2 0.2 11.1
v -0.2 0.3 11.1
v -0.1 0 11.1
v -0.1 0.1 11.1
v -0.1 0.2 11.1
v -0.1 0.3 11.1
v -0.1 0.4 11.1
v 0 0 11.1
v 0 0.1 11.1
v 0 0.3 11.1
v 0 0.4 11.1
v -0.1 0.2 11
v -0.1 0.3 11
v 0 0.2 11
v 0 0.3 11
v 0.1 0.2 11
v 0.1 0.3 11
v -0.5 0 13.5
v -0.4 0 13.5
v -0.2 0 13.5
v 0.4 0 13.5
v 0.5 0 13.5
v 0.6 0 13.5
v 0.7 0 13.5
v 0.8 0 13.5
v -0.6 0 13.4
v -0.5 0 13.4
v -0.4 0 13.4
v -0.3 0 13.4
v -0.2 0 13.4
v -0.1 0 13.4
v 0.4 0 13.4
v 0.5 0 13.4
v 0.6 0 13.4
v 0.7 0 13.4
v -0.6 0 13.3
v -0.5 0 13.3
v -0.4 0 13.3
v -0.3 0 13.3
v -0.2 0 13.3
v -0.1 0 13.3
v 0.3 0 13.3
v 0.4 0 13.3
v 0.5 0 13.3
v 0.6 0 13.3
v 0.7 0 13.3
v 0.8 0 13.3
v 0.9 0 13.3
v -1 0 13.2
v -0.9 0 13.2
v -0.8 0 13.2
v -0.6 0 13.2
v -0.5 0 13.2
v -0.4 0 13.2
v -0.3 0 13.2
v -0.1 0 13.2
v 0 0 13.2
v 0.1 0 13.2
v 0.3 0 13.2
v 0.4 0 13.2
v 0.5 0 13.2
v 0.6 0 13.2
v 0.7 0 13.2
v 0.8 0 13.2
v 0.9 0 13.2
v -1.1 0 13.1
v -1 0 13.1
v -0.9 0 13.1
v -0.8 0 13.1
v -0.7 0 13.1
v -0.5 0 13.1
v -0.4 0 13.1
v -0.3 0 13.1
v -0.2 0 13.1
v -0.1 0 13.1
v 0.1 0 13.1
v 0.3 0 13.1
v 0.4 0 13.1
v 0.5 0 13.1
v 0.6 0 13.1
v 0.7 0 13.1
v 0.8 0 13.1
v 0.9 0 13.1
v -1.1 0 13
v -1 0 13
v -0.9 0 13
v -0.8 0 13
v -0.7 0 13
v -0.6 0 13
v -0.5 0 13
v -0.4 0 13
v -0.3 0 13
v -0.2 0 13
v -0.1 0 13
v 0 0 13
v 0.1 0 13
v 0.2 0 13
v 0.3 0 13
v 0.5 0 13
v 0.6 0 13
v 0.7 0 13
v 0.8 0 13
v -1.2 0 12.9
v -1.1 0 12.9
v -1 0 12.9
v -0.9 0 12.9
v -0.8 0 12.9
v -0.7 0 12.9
v -0.6 0 12.9
v -0.5 0 12.9
v -0.4 0 12.9
v -0.3 0 12.9
v -0.2 0 12.9
v -0.1 0 12.9
v 0.1 0 12.9
v 0.2 0 12.9
v 0.3 0 12.9
v 0.4 0 12.9
v 0.5 0 12.9
v -1.2 0 12.8
v -1.1 0 12.8
v -1 0 12.8
v -0.9 0 12.8
v -0.8 0 12.8
v -0.7 0 12.8
v -0.4 0 12.8
v -0.3 0 12.8
v -0.2 0 12.8
v -0.1 0 12.8
v 0 0 12.8
v 0.1 0 12.8
v 0.2 0 12.8
v 0.3 0 12.8
v 0.4 0 12.8
v -1.3 0 12.7
v -1.2 0 12.7
v -1.1 0 12.7
v -1 0 12.7
v -0.9 0 12.7
v -0.8 0 12.7
v -0.3 0 12.7
v 0 0 12.7
v 0.2 0 12.7
v 0.3 0 12.7
v -1.4 0 12.6
v -1.3 0 12.6
v -1.2 0 12.6
v -1.1 0 12.6
v -1 0 12.6
v -0.9 0 12.6
v -0.8 0 12.6
v -1.4 0 12.5
v -1.3 0 12.5
v -1.2 0 12.5
v -1.1 0 12.5
v -1 0 12.5
v -0.9 0 12.5
v -0.8 0 12.5
v 1.2 0 12.5
v 1.3 0 12.5
v -1.4 0 12.4
v -1.3 0 12.4
v -1.2 0 12.4
v -1.1 0 12.4
v -1 0 12.4
v -0.9 0 12.4
v -0.8 0 12.4
v 1.2 0 12.4
v 1.3 0 12.4
v -1.3 0 12.3
v -1.2 0 12.3
v -1.1 0 12.3
v -1 0 12.3
v -0.9 0 12.3
v -0.8 0 12.3
v 1.2 0 12.3
v 1.3 0 12.3
v -1.5 0 12.2
v -1.4 0 12.2
v -1.3 0 12.2
v -1.2 0 12.2
v -1.1 0 12.2
v -1 0 12.2
v -0.9 0 12.2
v -0.8 0 12.2
v -0.7 0 12.2
v -1.5 0 12.1
v -1.4 0 12.1
v -1.2 0 12.1
v -1 0 12.1
v -0.9 0 12.1
v -0.8 0 12.1
v -0.7 0 12.1
v 0.2 0 12.1
v 0.3 0 12.1
v 0.4 0 12.1
v 1.1 0 12.1
v 1.2 0 12.1
v -1.4 0 12
v -1.2 0 12
v -1.1 0 12
v -1 0 12
v 0.2 0 12
v 0.3 0 12
v 0.4 0 12
v 0.5 0 12
v 1 0 12
v 1.1 0 12
v 1.2 0 12
v -1.4 0 11.9
v -1.3 0 11.9
v -1.2 0 11.9
v -1.1 0 11.9
v -1 0 11.9
v -0.9 0 11.9
v -0.8 0 11.9
v -0.5 0 11.9
v -0.4 0 11.9
v -0.3 0 11.9
v -0.1 0 11.9
v 0 0 11.9
v 0.1 0 11.9
v 0.2 0 11.9
v 0.3 0 11.9
v 0.4 0 11.9
v 1 0 11.9
v 1.1 0 11.9
v 1.2 0 11.9
v 1.3 0 11.9
v -1.4 0 11.8
v -1.3 0 11.8
v -1.2 0 11.8
v -1.1 0 11.8
v -1 0 11.8
v -0.9 0 11.8
v -0.8 0 11.8
v -0.5 0 11.8
v -0.4 0 11.8
v -0.3 0 11.8
v -0.1 0 11.8
v 0 0 11.8
v 0.1 0 11.8
v 0.2 0 11.8
v 0.3 0 11.8
v 0.4 0 11.8
v 0.5 0 11.8
v 1.1 0 11.8
v 1.2 0 11.8
v 1.3 0 11.8
v -1.3 0 11.7
v -1.2 0 11.7
v -1.1 0 11.7
v -1 0 11.7
v -0.9 0 11.7
v -0.8 0 11.7
v -0.5 0 11.7
v -0.4 0 11.7
v -0.3 0 11.7
v -0.2 0 11.7
v -0.1 0 11.7
v 0 0 11.7
v 0.1 0 11.7
v 0.2 0 11.7
v 0.3 0 11.7
v 0.4 0 11.7
v 0.5 0 11.7
v 0.6 0 11.7
v 0.7 0 11.7
v 0.8 0 11.7
v 0.9 0 11.7
v 1 0 11.7
v 1.1 0 11.7
v 1.2 0 11.7
v 1.3 0 11.7
v -1.1 0 11.6
v -1 0 11.6
v -0.9 0 11.6
v -0.8 0 11.6
v -0.6 0 11.6
v -0.5 0 11.6
v -0.4 0 11.6
v -0.3 0 11.6
v -0.2 0 11.6
v -0.1 0 11.6
v 0 0 11.6
v 0.1 0 11.6
v 0.2 0 11.6
v 0.3 0 11.6
v 0.4 0 11.6
v 0.5 0 11.6
v 0.6 0 11.6
v 0.7 0 11.6
v 0.8 0 11.6
v 0.9 0 11.6
v 1 0 11.6
v 1.1 0 11.6
v 1.2 0 11.6
v 1.3 0 11.6
v -1.1 0 11.5
v -1 0 11.5
v -0.9 0 11.5
v -0.8 0 11.5
v -0.7 0 11.5
v -0.6 0 11.5
v -0.5 0 11.5
v -0.4 0 11.5
v -0.3 0 11.5
v -0.2 0 11.5
v -0.1 0 11.5
v 0 0 11.5
v 0.1 0 11.5
v 0.2 0 11.5
v 0.3 0 11.5
v 0.4 0 11.5
v 0.5 0 11.5
v 0.6 0 11.5
v 0.8 0 11.5
v 0.9 0 11.5
v 1 0 11.5
v 1.2 0 11.5
v 1.3 0 11.5
v -0.9 0 11.4
v -0.8 0 11.4
v -0.7 0 11.4
v -0.6 0 11.4
v -0.5 0 11.4
v -0.4 0 11.4
v -0.3 0 11.4
v -0.2 0 11.4
v -0.1 0 11.4
v 0 0 11.4
v 0.1 0 11.4
v 0.2 0 11.4
v 0.4 0 11.4
v 0.5 0 11.4
v 0.6 0 11.4
v 0.7 0 11.4
v 0.8 0 11.4
v 0.9 0 11.4
v 1 0 11.4
v 1.1 0 11.4
v -0.7 0 11.3
v -0.6 0 11.3
v -0.4 0 11.3
v -0.3 0 11.3
v -0.2 0 11.3
v -0.1 0 11.3
v 0 0 11.3
v 0.1 0 11.3
v 0.2 0 11.3
v 0.5 0 11.3
v 0.6 0 11.3
v 0.7 0 11.3
v 0.8 0 11.3
v 0.9 0 11.3
v 1.1 0 11.3
v -0.8 0 11.2
v -0.7 0 11.2
v -0.6 0 11.2
v -0.2 0 11.2
v -0.1 0 11.2
v 0 0 11.2
v 0.1 0 11.2
v 0.8 0 11.2
v 0.9 0 11.2
v -0.2 0 11.1
v -0.1 0 11.1
v 0 0 11.1
v -0.4 0.1 13.6
v -0.3 0.1 13.6
v -0.2 0.1 13.6
v 0.6 0.1 13.6
v 0.7 0.1 13.6
v -0.6 0.1 13.5
v -0.5 0.1 13.5
v -0.4 0.1 13.5
v -0.3 0.1 13.5
v -0.2 0.1 13.5
v -0.1 0.1 13.5
v 0.6 0.1 13.5
v 0.7 0.1 13.5
v -0.6 0.1 13.4
v -0.5 0.1 13.4
v -0.4 0.1 13.4
v -0.2 0.1 13.4
v -0.1 0.1 13.4
v 0.6 0.1 13.4
v 0.7 0.1 13.4
v 0.8 0.1 13.4
v 0.9 0.1 13.4
v 1 0.1 13.4
v -0.5 0.1 13.3
v -0.4 0.1 13.3
v -0.3 0.1 13.3
v -0.2 0.1 13.3
v -0.1 0.1 13.3
v 0.6 0.1 13.3
v 0.7 0.1 13.3
v 0.8 0.1 13.3
v 0.9 0.1 13.3
v 1 0.1 13.3
v -1.1 0.1 13.2
v -1 0.1 13.2
v -0.6 0.1 13.2
v -0.5 0.1 13.2
v -0.4 0.1 13.2
v -0.3 0.1 13.2
v -0.2 0.1 13.2
v -0.1 0.1 13.2
v 0.5 0.1 13.2
v 0.6 0.1 13.2
v 0.7 0.1 13.2
v 0.8 0.1 13.2
v 0.9 0.1 13.2
v 1 0.1 13.2
v -1.1 0.1 13.1
v -1 0.1 13.1
v -0.9 0.1 13.1
v -0.6 0.1 13.1
v -0.5 0.1 13.1
v -0.4 0.1 13.1
v -0.3 0.1 13.1
v 0 0.1 13.1
v 0.1 0.1 13.1
v 0.5 0.1 13.1
v 0.6 0.1 13.1
v 0.7 0.1 13.1
v 0.8 0.1 13.1
v 0.9 0.1 13.1
v 1 0.1 13.1
v 1.1 0.1 13.1
v -1.2 0.1 13
v -1.1 0.1 13
v -1 0.1 13
v -0.9 0.1 13
v -0.4 0.1 13
v -0.3 0.1 13
v -0.2 0.1 13
v -0.1 0.1 13
v 0 0.1 13
v 0.1 0.1 13
v 0.2 0.1 13
v 0.3 0.1 13
v 0.5 0.1 13
v 0.6 0.1 13
v 0.7 0.1 13
v 0.8 0.1 13
v 0.9 0.1 13
v 1 0.1 13
v -1.2 0.1 12.9
v -1.1 0.1 12.9
v -0.7 0.1 12.9
v -0.6 0.1 12.9
v -0.3 0.1 12.9
v -0.2 0.1 12.9
v -0.1 0.1 12.9
v 0 0.1 12.9
v 0.1 0.1 12.9
v 0.2 0.1 12.9
v 0.3 0.1 12.9
v 0.4 0.1 12.9
v 0.5 0.1 12.9
v 0.6 0.1 12.9
v 0.7 0.1 12.9
v 0.8 0.1 12.9
v 0.9 0.1 12.9
v 1 0.1 12.9
v 1.1 0.1 12.9
v -1 0.1 12.8
v -0.9 0.1 12.8
v -0.7 0.1 12.8
v -0.6 0.1 12.8
v 0.4 0.1 12.8
v 0.5 0.1 12.8
v 0.7 0.1 12.8
v 0.8 0.1 12.8
v 0.9 0.1 12.8
v 1 0.1 12.8
v 1.1 0.1 12.8
v 1.2 0.1 12.8
v -1.4 0.1 12.7
v -1.3 0.1 12.7
v -1 0.1 12.7
v -0.9 0.1 12.7
v 0.7 0.1 12.7
v 0.8 0.1 12.7
v 0.9 0.1 12.7
v 1 0.1 12.7
v 1.1 0.1 12.7
v -1.4 0.1 12.6
v -1.3 0.1 12.6
v -1.2 0.1 12.6
v -1.1 0.1 12.6
v 0.7 0.1 12.6
v 0.8 0.1 12.6
v 0.9 0.1 12.6
v 1 0.1 12.6
v 1.1 0.1 12.6
v 1.2 0.1 12.6
v 1.3 0.1 12.6
v -1.5 0.1 12.5
v -1.4 0.1 12.5
v -1.2 0.1 12.5
v -1.1 0.1 12.5
v 0.7 0.1 12.5
v 0.8 0.1 12.5
v 0.9 0.1 12.5
v 1 0.1 12.5
v 1.1 0.1 12.5
v 1.2 0.1 12.5
v 1.3 0.1 12.5
v -1.5 0.1 12.4
v -1.4 0.1 12.4
v -1.3 0.1 12.4
v -1.2 0.1 12.4
v -1.1 0.1 12.4
v -1 0.1 12.4
v 0.7 0.1 12.4
v 0.8 0.1 12.4
v 0.9 0.1 12.4
v 1 0.1 12.4
v 1.1 0.1 12.4
v -1.4 0.1 12.3
v -1.3 0.1 12.3
v -1.2 0.1 12.3
v -1.1 0.1 12.3
v -1 0.1 12.3
v -0.9 0.1 12.3
v -0.8 0.1 12.3
v -0.7 0.1 12.3
v 0.2 0.1 12.3
v 0.3 0.1 12.3
v 0.4 0.1 12.3
v 0.6 0.1 12.3
v 0.7 0.1 12.3
v 0.8 0.1 12.3
v 0.9 0.1 12.3
v 1 0.1 12.3
v -1.4 0.1 12.2
v -1.3 0.1 12.2
v -1.2 0.1 12.2
v -1.1 0.1 12.2
v -1 0.1 12.2
v -0.9 0.1 12.2
v -0.8 0.1 12.2
v -0.7 0.1 12.2
v 0.2 0.1 12.2
v 0.3 0.1 12.2
v 0.4 0.1 12.2
v 0.6 0.1 12.2
v 0.7 0.1 12.2
v 0.8 0.1 12.2
v 0.9 0.1 12.2
v 1 0.1 12.2
v 1.1 0.1 12.2
v 1.2 0.1 12.2
v -1.4 0.1 12.1
v -1.2 0.1 12.1
v -1.1 0.1 12.1
v -1 0.1 12.1
v -0.9 0.1 12.1
v 0.1 0.1 12.1
v 0.2 0.1 12.1
v 0.4 0.1 12.1
v 0.5 0.1 12.1
v 1.1 0.1 12.1
v 1.2 0.1 12.1
v 1.3 0.1 12.1
v 1.4 0.1 12.1
v -1.4 0.1 12
v -1.3 0.1 12
v -1.2 0.1 12
v -1.1 0.1 12
v -1 0.1 12
v -0.9 0.1 12
v -0.8 0.1 12
v -0.5 0.1 12
v -0.4 0.1 12
v -0.3 0.1 12
v -0.2 0.1 12
v -0.1 0.1 12
v 0.1 0.1 12
v 0.2 0.1 12
v 0.4 0.1 12
v 0.5 0.1 12
v 1 0.1 12
v 1.1 0.1 12
v 1.2 0.1 12
v 1.3 0.1 12
v 1.4 0.1 12
v -1.2 0.1 11.9
v -1.1 0.1 11.9
v -1 0.1 11.9
v -0.9 0.1 11.9
v -0.8 0.1 11.9
v -0.6 0.1 11.9
v -0.5 0.1 11.9
v -0.4 0.1 11.9
v -0.3 0.1 11.9
v -0.2 0.1 11.9
v -0.1 0.1 11.9
v 0.1 0.1 11.9
v 0.2 0.1 11.9
v 0.5 0.1 11.9
v 0.6 0.1 11.9
v 0.9 0.1 11.9
v 1 0.1 11.9
v 1.1 0.1 11.9
v 1.2 0.1 11.9
v 1.3 0.1 11.9
v 1.4 0.1 11.9
v -1.1 0.1 11.8
v -1 0.1 11.8
v -0.6 0.1 11.8
v -0.5 0.1 11.8
v -0.4 0.1 11.8
v -0.3 0.1 11.8
v -0.1 0.1 11.8
v 0.2 0.1 11.8
v 0.3 0.1 11.8
v 0.5 0.1 11.8
v 0.6 0.1 11.8
v 0.7 0.1 11.8
v 0.8 0.1 11.8
v 0.9 0.1 11.8
v 1 0.1 11.8
v 1.1 0.1 11.8
v 1.2 0.1 11.8
v 1.3 0.1 11.8
v 1.4 0.1 11.8
v -1.3 0.1 11.7
v -1.2 0.1 11.7
v -1.1 0.1 11.7
v -1 0.1 11.7
v -0.9 0.1 11.7
v -0.8 0.1 11.7
v -0.6 0.1 11.7
v -0.5 0.1 11.7
v -0.4 0.1 11.7
v -0.3 0.1 11.7
v -0.2 0.1 11.7
v -0.1 0.1 11.7
v 0.2 0.1 11.7
v 0.3 0.1 11.7
v 0.5 0.1 11.7
v 0.6 0.1 11.7
v 0.7 0.1 11.7
v 0.8 0.1 11.7
v 0.9 0.1 11.7
v 1 0.1 11.7
v 1.1 0.1 11.7
v 1.2 0.1 11.7
v 1.3 0.1 11.7
v 1.4 0.1 11.7
v -1.3 0.1 11.6
v -1.2 0.1 11.6
v -1.1 0.1 11.6
v -0.9 0.1 11.6
v -0.8 0.1 11.6
v -0.7 0.1 11.6
v -0.6 0.1 11.6
v -0.5 0.1 11.6
v -0.3 0.1 11.6
v -0.2 0.1 11.6
v 0.1 0.1 11.6
v 0.2 0.1 11.6
v 0.3 0.1 11.6
v 0.4 0.1 11.6
v 0.5 0.1 11.6
v 0.6 0.1 11.6
v 0.8 0.1 11.6
v 0.9 0.1 11.6
v 1.1 0.1 11.6
v 1.2 0.1 11.6
v 1.3 0.1 11.6
v 1.4 0.1 11.6
v -1.2 0.1 11.5
v -1.1 0.1 11.5
v -0.8 0.1 11.5
v -0.7 0.1 11.5
v -0.2 0.1 11.5
v -0.1 0.1 11.5
v 0 0.1 11.5
v 0.1 0.1 11.5
v 0.2 0.1 11.5
v 0.3 0.1 11.5
v 0.4 0.1 11.5
v 0.5 0.1 11.5
v 1.1 0.1 11.5
v 1.2 0.1 11.5
v -1 0.1 11.4
v -0.9 0.1 11.4
v -0.8 0.1 11.4
v -0.7 0.1 11.4
v -0.6 0.1 11.4
v -0.2 0.1 11.4
v -0.1 0.1 11.4
v 0 0.1 11.4
v 0.1 0.1 11.4
v 0.2 0.1 11.4
v 0.3 0.1 11.4
v 0.4 0.1 11.4
v 0.8 0.1 11.4
v 0.9 0.1 11.4
v -1 0.1 11.3
v -0.9 0.1 11.3
v -0.8 0.1 11.3
v -0.7 0.1 11.3
v -0.6 0.1 11.3
v -0.3 0.1 11.3
v -0.2 0.1 11.3
v 0.7 0.1 11.3
v 0.8 0.1 11.3
v 0.9 0.1 11.3
v 1 0.1 11.3
v -0.9 0.1 11.2
v -0.8 0.1 11.2
v -0.7 0.1 11.2
v -0.3 0.1 11.2
v -0.2 0.1 11.2
v 0.7 0.1 11.2
v 0.8 0.1 11.2
v 0.9 0.1 11.2
v 1 0.1 11.2
v -0.9 0.1 11.1
v -0.8 0.1 11.1
v -0.7 0.1 11.1
v -0.5 0.2 13.7
v -0.4 0.2 13.7
v -0.3 0.2 13.7
v -0.5 0.2 13.6
v -0.4 0.2 13.6
v -0.3 0.2 13.6
v -0.7 0.2 13.4
v -0.6 0.2 13.4
v 0.7 0.2 13.4
v 0.8 0.2 13.4
v -0.9 0.2 13.3
v -0.8 0.2 13.3
v -0.7 0.2 13.3
v -0.6 0.2 13.3
v 0 0.2 13.3
v 0.1 0.2 13.3
v 0.7 0.2 13.3
v 0.8 0.2 13.3
v -0.9 0.2 13.2
v -0.8 0.2 13.2
v -0.7 0.2 13.2
v -0.1 0.2 13.2
v 0 0.2 13.2
v 1 0.2 13.2
v 1.1 0.2 13.2
v -0.8 0.2 13.1
v -0.7 0.2 13.1
v -0.6 0.2 13.1
v -0.5 0.2 13.1
v -0.4 0.2 13.1
v -0.2 0.2 13.1
v -0.1 0.2 13.1
v 0 0.2 13.1
v 0.1 0.2 13.1
v 1 0.2 13.1
v 1.1 0.2 13.1
v -0.9 0.2 13
v -0.8 0.2 13
v -0.7 0.2 13
v -0.6 0.2 13
v -0.5 0.2 13
v -0.4 0.2 13
v -0.2 0.2 13
v -0.1 0.2 13
v 0 0.2 13
v 0.3 0.2 13
v 0.4 0.2 13
v -1.2 0.2 12.9
v -1.1 0.2 12.9
v -1 0.2 12.9
v -0.9 0.2 12.9
v -0.8 0.2 12.9
v -0.7 0.2 12.9
v -0.6 0.2 12.9
v -0.5 0.2 12.9
v -0.4 0.2 12.9
v 0.1 0.2 12.9
v 0.2 0.2 12.9
v 0.3 0.2 12.9
v 0.4 0.2 12.9
v 0.6 0.2 12.9
v 0.7 0.2 12.9
v 1 0.2 12.9
v 1.1 0.2 12.9
v -1.2 0.2 12.8
v -1.1 0.2 12.8
v -1 0.2 12.8
v -0.9 0.2 12.8
v -0.5 0.2 12.8
v -0.4 0.2 12.8
v 0 0.2 12.8
v 0.1 0.2 12.8
v 0.2 0.2 12.8
v 0.3 0.2 12.8
v 0.4 0.2 12.8
v 0.5 0.2 12.8
v 0.6 0.2 12.8
v 0.7 0.2 12.8
v 1 0.2 12.8
v 1.1 0.2 12.8
v -1.2 0.2 12.7
v -1.1 0.2 12.7
v -1 0.2 12.7
v -0.6 0.2 12.7
v -0.5 0.2 12.7
v -0.4 0.2 12.7
v 0 0.2 12.7
v 0.1 0.2 12.7
v 0.2 0.2 12.7
v 0.3 0.2 12.7
v 0.4 0.2 12.7
v 0.5 0.2 12.7
v 0.6 0.2 12.7
v 1.2 0.2 12.7
v 1.3 0.2 12.7
v -1.4 0.2 12.6
v -1.3 0.2 12.6
v -1.2 0.2 12.6
v -0.9 0.2 12.6
v -0.8 0.2 12.6
v -0.6 0.2 12.6
v -0.5 0.2 12.6
v -0.4 0.2 12.6
v 0 0.2 12.6
v 0.1 0.2 12.6
v 0.2 0.2 12.6
v 0.3 0.2 12.6
v 0.4 0.2 12.6
v 0.5 0.2 12.6
v 0.6 0.2 12.6
v 0.7 0.2 12.6
v 1 0.2 12.6
v 1.1 0.2 12.6
v 1.2 0.2 12.6
v 1.3 0.2 12.6
v -1.4 0.2 12.5
v -1.3 0.2 12.5
v -1.2 0.2 12.5
v -1 0.2 12.5
v -0.9 0.2 12.5
v -0.8 0.2 12.5
v -0.7 0.2 12.5
v -0.6 0.2 12.5
v -0.5 0.2 12.5
v -0.4 0.2 12.5
v -0.3 0.2 12.5
v 0.3 0.2 12.5
v 0.4 0.2 12.5
v 0.6 0.2 12.5
v 0.7 0.2 12.5
v 0.8 0.2 12.5
v 0.9 0.2 12.5
v 1 0.2 12.5
v 1.1 0.2 12.5
v 1.2 0.2 12.5
v -1 0.2 12.4
v -0.9 0.2 12.4
v -0.8 0.2 12.4
v -0.7 0.2 12.4
v -0.6 0.2 12.4
v -0.5 0.2 12.4
v -0.3 0.2 12.4
v 0.2 0.2 12.4
v 0.3 0.2 12.4
v 0.4 0.2 12.4
v 0.6 0.2 12.4
v 0.7 0.2 12.4
v 0.8 0.2 12.4
v 0.9 0.2 12.4
v 1.1 0.2 12.4
v 1.2 0.2 12.4
v -0.8 0.2 12.3
v -0.7 0.2 12.3
v -0.6 0.2 12.3
v -0.5 0.2 12.3
v 0.1 0.2 12.3
v 0.2 0.2 12.3
v 0.3 0.2 12.3
v 0.4 0.2 12.3
v 0.6 0.2 12.3
v 0.7 0.2 12.3
v -1.3 0.2 12.2
v -1.2 0.2 12.2
v -0.9 0.2 12.2
v -0.8 0.2 12.2
v -0.7 0.2 12.2
v -0.6 0.2 12.2
v -0.5 0.2 12.2
v -0.4 0.2 12.2
v 0.1 0.2 12.2
v 0.2 0.2 12.2
v 0.3 0.2 12.2
v 0.9 0.2 12.2
v 1 0.2 12.2
v -1.3 0.2 12.1
v -1.2 0.2 12.1
v -0.9 0.2 12.1
v -0.8 0.2 12.1
v -0.6 0.2 12.1
v -0.5 0.2 12.1
v -0.4 0.2 12.1
v 0.1 0.2 12.1
v 0.2 0.2 12.1
v 0.3 0.2 12.1
v 0.9 0.2 12.1
v 1 0.2 12.1
v 1.1 0.2 12.1
v 1.2 0.2 12.1
v -1.3 0.2 12
v -1.2 0.2 12
v -0.8 0.2 12
v -0.7 0.2 12
v -0.6 0.2 12
v -0.5 0.2 12
v -0.4 0.2 12
v -0.3 0.2 12
v -0.2 0.2 12
v -0.1 0.2 12
v 0 0.2 12
v 0.4 0.2 12
v 0.5 0.2 12
v 0.6 0.2 12
v 0.7 0.2 12
v 0.9 0.2 12
v 1 0.2 12
v 1.1 0.2 12
v 1.2 0.2 12
v 1.3 0.2 12
v 1.4 0.2 12
v -1.3 0.2 11.9
v -1.2 0.2 11.9
v -1 0.2 11.9
v -0.9 0.2 11.9
v -0.8 0.2 11.9
v -0.7 0.2 11.9
v -0.6 0.2 11.9
v -0.5 0.2 11.9
v -0.4 0.2 11.9
v -0.3 0.2 11.9
v -0.2 0.2 11.9
v -0.1 0.2 11.9
v 0 0.2 11.9
v 0.4 0.2 11.9
v 0.6 0.2 11.9
v 0.7 0.2 11.9
v 1 0.2 11.9
v 1.1 0.2 11.9
v 1.3 0.2 11.9
v 1.4 0.2 11.9
v -1.4 0.2 11.8
v -1.3 0.2 11.8
v -1.2 0.2 11.8
v -1 0.2 11.8
v -0.9 0.2 11.8
v -0.8 0.2 11.8
v -0.7 0.2 11.8
v -0.6 0.2 11.8
v -0.5 0.2 11.8
v -0.4 0.2 11.8
v 0.3 0.2 11.8
v 0.4 0.2 11.8
v 0.5 0.2 11.8
v 0.6 0.2 11.8
v 0.8 0.2 11.8
v 0.9 0.2 11.8
v -1.4 0.2 11.7
v -1.3 0.2 11.7
v -1 0.2 11.7
v -0.9 0.2 11.7
v -0.8 0.2 11.7
v -0.7 0.2 11.7
v 0 0.2 11.7
v 0.1 0.2 11.7
v 0.2 0.2 11.7
v 0.3 0.2 11.7
v 0.4 0.2 11.7
v 0.5 0.2 11.7
v 0.6 0.2 11.7
v 0.8 0.2 11.7
v 0.9 0.2 11.7
v 1 0.2 11.7
v 1.2 0.2 11.7
v 1.3 0.2 11.7
v -1 0.2 11.6
v -0.9 0.2 11.6
v -0.7 0.2 11.6
v -0.6 0.2 11.6
v -0.4 0.2 11.6
v -0.3 0.2 11.6
v -0.2 0.2 11.6
v -0.1 0.2 11.6
v 0 0.2 11.6
v 0.1 0.2 11.6
v 0.2 0.2 11.6
v 0.9 0.2 11.6
v 1 0.2 11.6
v 1.1 0.2 11.6
v 1.2 0.2 11.6
v 1.3 0.2 11.6
v -1 0.2 11.5
v -0.9 0.2 11.5
v -0.8 0.2 11.5
v -0.7 0.2 11.5
v -0.6 0.2 11.5
v -0.5 0.2 11.5
v -0.4 0.2 11.5
v -0.3 0.2 11.5
v -0.2 0.2 11.5
v -0.1 0.2 11.5
v 0 0.2 11.5
v 0.7 0.2 11.5
v 0.8 0.2 11.5
v 1 0.2 11.5
v 1.1 0.2 11.5
v 1.2 0.2 11.5
v -0.9 0.2 11.4
v -0.8 0.2 11.4
v -0.6 0.2 11.4
v -0.5 0.2 11.4
v -0.2 0.2 11.4
v -0.1 0.2 11.4
v 0.2 0.2 11.4
v 0.3 0.2 11.4
v 0.6 0.2 11.4
v 0.7 0.2 11.4
v 0.8 0.2 11.4
v 0.9 0.2 11.4
v 1 0.2 11.4
v 1.1 0.2 11.4
v 1.2 0.2 11.4
v -0.9 0.2 11.3
v -0.8 0.2 11.3
v -0.7 0.2 11.3
v -0.2 0.2 11.3
v -0.1 0.2 11.3
v 0 0.2 11.3
v 0.1 0.2 11.3
v 0.2 0.2 11.3
v 0.3 0.2 11.3
v 0.6 0.2 11.3
v 0.7 0.2 11.3
v 0.9 0.2 11.3
v 1 0.2 11.3
v -0.9 0.2 11.2
v -0.8 0.2 11.2
v -0.7 0.2 11.2
v -0.6 0.2 11.2
v -0.2 0.2 11.2
v -0.1 0.2 11.2
v 0 0.2 11.2
v 0.1 0.2 11.2
v 0.2 0.2 11.2
v -0.7 0.2 11.1
v -0.6 0.2 11.1
v -0.2 0.2 11.1
v -0.1 0.2 11.1
v 0 0.2 11.1
v 0.1 0.2 11.1
v -0.1 0.2 11
v 0 0.2 11
v 0.1 0.2 11
v -0.3 0.3 13.5
v -0.2 0.3 13.5
v -0.3 0.3 13.4
v -0.2 0.3 13.4
v -0.7 0.3 13.2
v -0.6 0.3 13.2
v -0.5 0.3 13.2
v 0.1 0.3 13.2
v 0.2 0.3 13.2
v 0.7 0.3 13.2
v 0.8 0.3 13.2
v -0.7 0.3 13.1
v -0.6 0.3 13.1
v -0.5 0.3 13.1
v -0.3 0.3 13.1
v -0.2 0.3 13.1
v 0.1 0.3 13.1
v 0.2 0.3 13.1
v 0.6 0.3 13.1
v 0.7 0.3 13.1
v 0.8 0.3 13.1
v 1 0.3 13.1
v 1.1 0.3 13.1
v -0.6 0.3 13
v -0.5 0.3 13
v -0.3 0.3 13
v -0.2 0.3 13
v 0 0.3 13
v 0.1 0.3 13
v 0.2 0.3 13
v 0.3 0.3 13
v 0.6 0.3 13
v 0.7 0.3 13
v 0.8 0.3 13
v 0.9 0.3 13
v 1 0.3 13
v 1.1 0.3 13
v -1.3 0.3 12.9
v -1.2 0.3 12.9
v -0.6 0.3 12.9
v -0.5 0.3 12.9
v -0.3 0.3 12.9
v -0.2 0.3 12.9
v -0.1 0.3 12.9
v 0 0.3 12.9
v 0.1 0.3 12.9
v 0.2 0.3 12.9
v 0.3 0.3 12.9
v 0.8 0.3 12.9
v 0.9 0.3 12.9
v 1 0.3 12.9
v -1.3 0.3 12.8
v -1.2 0.3 12.8
v -0.7 0.3 12.8
v -0.6 0.3 12.8
v -0.5 0.3 12.8
v -0.4 0.3 12.8
v -0.3 0.3 12.8
v -0.1 0.3 12.8
v 0 0.3 12.8
v 0.2 0.3 12.8
v 0.3 0.3 12.8
v 0.8 0.3 12.8
v 0.9 0.3 12.8
v 1 0.3 12.8
v -1.2 0.3 12.7
v -1.1 0.3 12.7
v -0.9 0.3 12.7
v -0.8 0.3 12.7
v -0.7 0.3 12.7
v -0.6 0.3 12.7
v -0.4 0.3 12.7
v -0.3 0.3 12.7
v -0.1 0.3 12.7
v 0 0.3 12.7
v 0.2 0.3 12.7
v 0.3 0.3 12.7
v 0.4 0.3 12.7
v 0.5 0.3 12.7
v 1 0.3 12.7
v 1.1 0.3 12.7
v -1.2 0.3 12.6
v -1.1 0.3 12.6
v -0.9 0.3 12.6
v -0.8 0.3 12.6
v -0.7 0.3 12.6
v -0.6 0.3 12.6
v 0.2 0.3 12.6
v 0.3 0.3 12.6
v 0.4 0.3 12.6
v 0.5 0.3 12.6
v 0.7 0.3 12.6
v 0.8 0.3 12.6
v 1 0.3 12.6
v 1.1 0.3 12.6
v -1.1 0.3 12.5
v -1 0.3 12.5
v -0.8 0.3 12.5
v -0.7 0.3 12.5
v -0.6 0.3 12.5
v 0.4 0.3 12.5
v 0.5 0.3 12.5
v 0.6 0.3 12.5
v 0.7 0.3 12.5
v 0.8 0.3 12.5
v -1.1 0.3 12.4
v -1 0.3 12.4
v -0.5 0.3 12.4
v -0.4 0.3 12.4
v -0.3 0.3 12.4
v 0.1 0.3 12.4
v 0.2 0.3 12.4
v 0.4 0.3 12.4
v 0.5 0.3 12.4
v 0.6 0.3 12.4
v 0.8 0.3 12.4
v 0.9 0.3 12.4
v -1.1 0.3 12.3
v -1 0.3 12.3
v -0.5 0.3 12.3
v -0.4 0.3 12.3
v -0.3 0.3 12.3
v 0.1 0.3 12.3
v 0.2 0.3 12.3
v 0.3 0.3 12.3
v 0.4 0.3 12.3
v 0.5 0.3 12.3
v 0.6 0.3 12.3
v 0.8 0.3 12.3
v 0.9 0.3 12.3
v 1 0.3 12.3
v -1.1 0.3 12.2
v -1 0.3 12.2
v -0.7 0.3 12.2
v -0.6 0.3 12.2
v 0.3 0.3 12.2
v 0.4 0.3 12.2
v 0.8 0.3 12.2
v 0.9 0.3 12.2
v 1 0.3 12.2
v 1.2 0.3 12.2
v 1.3 0.3 12.2
v -1.1 0.3 12.1
v -1 0.3 12.1
v -0.9 0.3 12.1
v -0.8 0.3 12.1
v -0.7 0.3 12.1
v -0.6 0.3 12.1
v -0.4 0.3 12.1
v -0.3 0.3 12.1
v 0.3 0.3 12.1
v 0.4 0.3 12.1
v 0.6 0.3 12.1
v 0.8 0.3 12.1
v 0.9 0.3 12.1
v 1.2 0.3 12.1
v 1.3 0.3 12.1
v -0.9 0.3 12
v -0.8 0.3 12
v -0.6 0.3 12
v -0.5 0.3 12
v -0.4 0.3 12
v -0.3 0.3 12
v 0.6 0.3 12
v 0.7 0.3 12
v 0.8 0.3 12
v 0.9 0.3 12
v 1 0.3 12
v -0.6 0.3 11.9
v -0.5 0.3 11.9
v 0.6 0.3 11.9
v 0.7 0.3 11.9
v 0.8 0.3 11.9
v 0.9 0.3 11.9
v 1 0.3 11.9
v -1 0.3 11.8
v -0.9 0.3 11.8
v -0.6 0.3 11.8
v -0.5 0.3 11.8
v -0.4 0.3 11.8
v -0.1 0.3 11.8
v 0 0.3 11.8
v 0.2 0.3 11.8
v 0.3 0.3 11.8
v 0.6 0.3 11.8
v 0.7 0.3 11.8
v 0.8 0.3 11.8
v 0.9 0.3 11.8
v -1 0.3 11.7
v -0.9 0.3 11.7
v -0.5 0.3 11.7
v -0.4 0.3 11.7
v -0.3 0.3 11.7
v -0.2 0.3 11.7
v -0.1 0.3 11.7
v 0 0.3 11.7
v 0.2 0.3 11.7
v 0.3 0.3 11.7
v 0.4 0.3 11.7
v 0.5 0.3 11.7
v 0.7 0.3 11.7
v 0.8 0.3 11.7
v 0.9 0.3 11.7
v -0.3 0.3 11.6
v -0.2 0.3 11.6
v 0.2 0.3 11.6
v 0.3 0.3 11.6
v 0.4 0.3 11.6
v 0.5 0.3 11.6
v 0.8 0.3 11.6
v 0.9 0.3 11.6
v -1 0.3 11.5
v -0.9 0.3 11.5
v -0.4 0.3 11.5
v -0.3 0.3 11.5
v 0.2 0.3 11.5
v 0.3 0.3 11.5
v 0.4 0.3 11.5
v 0.5 0.3 11.5
v 0.6 0.3 11.5
v -1 0.3 11.4
v -0.9 0.3 11.4
v -0.5 0.3 11.4
v -0.4 0.3 11.4
v -0.3 0.3 11.4
v 0.2 0.3 11.4
v 0.3 0.3 11.4
v 0.4 0.3 11.4
v 0.5 0.3 11.4
v 0.6 0.3 11.4
v -0.9 0.3 11.3
v -0.5 0.3 11.3
v -0.4 0.3 11.3
v 0.3 0.3 11.3
v 0.5 0.3 11.3
v 0.6 0.3 11.3
v -1 0.3 11.2
v -0.9 0.3 11.2
v -0.2 0.4 13.4
v -0.1 0.4 13.4
v 0 0.4 13.4
v -0.5 0.4 13.3
v -0.4 0.4 13.3
v -0.2 0.4 13.3
v -0.1 0.4 13.3
v 0 0.4 13.3
v -0.5 0.4 13.2
v -0.4 0.4 13.2
v -0.3 0.4 13.2
v -0.2 0.4 13.2
v -0.1 0.4 13.2
v 0 0.4 13.2
v -0.7 0.4 13.1
v -0.6 0.4 13.1
v -0.5 0.4 13.1
v -0.4 0.4 13.1
v -0.3 0.4 13.1
v -0.1 0.4 13.1
v 0 0.4 13.1
v 0.1 0.4 13.1
v -0.7 0.4 13
v -0.6 0.4 13
v -0.1 0.4 13
v 0 0.4 13
v 0.1 0.4 13
v 0.2 0.4 13
v -1.1 0.4 12.9
v -1 0.4 12.9
v -0.9 0.4 12.9
v -0.7 0.4 12.9
v -0.6 0.4 12.9
v -0.5 0.4 12.9
v -0.4 0.4 12.9
v -0.3 0.4 12.9
v 0 0.4 12.9
v 0.1 0.4 12.9
v 0.2 0.4 12.9
v 0.3 0.4 12.9
v 0.4 0.4 12.9
v 0.5 0.4 12.9
v 0.7 0.4 12.9
v -1.2 0.4 12.8
v -1.1 0.4 12.8
v -1 0.4 12.8
v -0.9 0.4 12.8
v -0.8 0.4 12.8
v -0.7 0.4 12.8
v -0.6 0.4 12.8
v -0.5 0.4 12.8
v -0.4 0.4 12.8
v -0.3 0.4 12.8
v 0 0.4 12.8
v 0.1 0.4 12.8
v 0.2 0.4 12.8
v 0.3 0.4 12.8
v 0.4 0.4 12.8
v 0.5 0.4 12.8
v 0.6 0.4 12.8
v 0.7 0.4 12.8
v 0.8 0.4 12.8
v 0.9 0.4 12.8
v -1.3 0.4 12.7
v -1.2 0.4 12.7
v -1.1 0.4 12.7
v -1 0.4 12.7
v -0.9 0.4 12.7
v -0.8 0.4 12.7
v -0.7 0.4 12.7
v -0.6 0.4 12.7
v -0.5 0.4 12.7
v 0.1 0.4 12.7
v 0.2 0.4 12.7
v 0.6 0.4 12.7
v 0.7 0.4 12.7
v 0.8 0.4 12.7
v 0.9 0.4 12.7
v -1.3 0.4 12.6
v -1.2 0.4 12.6
v -1 0.4 12.6
v -0.9 0.4 12.6
v -0.8 0.4 12.6
v -0.6 0.4 12.6
v -0.5 0.4 12.6
v -0.4 0.4 12.6
v -0.3 0.4 12.6
v -0.2 0.4 12.6
v 0.2 0.4 12.6
v 0.3 0.4 12.6
v 0.5 0.4 12.6
v 0.6 0.4 12.6
v 0.7 0.4 12.6
v -1.3 0.4 12.5
v -1.2 0.4 12.5
v -0.6 0.4 12.5
v -0.5 0.4 12.5
v -0.4 0.4 12.5
v -0.3 0.4 12.5
v -0.2 0.4 12.5
v 0.2 0.4 12.5
v 0.3 0.4 12.5
v 0.4 0.4 12.5
v 0.5 0.4 12.5
v 0.6 0.4 12.5
v 0.7 0.4 12.5
v 0.8 0.4 12.5
v 0.9 0.4 12.5
v -1 0.4 12.4
v -0.9 0.4 12.4
v -0.8 0.4 12.4
v -0.6 0.4 12.4
v -0.5 0.4 12.4
v -0.3 0.4 12.4
v -0.2 0.4 12.4
v 0.2 0.4 12.4
v 0.3 0.4 12.4
v 0.4 0.4 12.4
v 0.5 0.4 12.4
v 0.6 0.4 12.4
v 0.7 0.4 12.4
v 0.8 0.4 12.4
v 0.9 0.4 12.4
v 1 0.4 12.4
v -1 0.4 12.3
v -0.9 0.4 12.3
v -0.7 0.4 12.3
v -0.6 0.4 12.3
v -0.5 0.4 12.3
v -0.4 0.4 12.3
v 0.2 0.4 12.3
v 0.3 0.4 12.3
v 0.4 0.4 12.3
v 0.5 0.4 12.3
v 0.6 0.4 12.3
v 0.7 0.4 12.3
v 0.9 0.4 12.3
v 1 0.4 12.3
v 1.1 0.4 12.3
v 1.2 0.4 12.3
v 1.3 0.4 12.3
v -0.7 0.4 12.2
v -0.6 0.4 12.2
v -0.5 0.4 12.2
v -0.2 0.4 12.2
v -0.1 0.4 12.2
v 0 0.4 12.2
v 0.4 0.4 12.2
v 0.5 0.4 12.2
v 0.6 0.4 12.2
v 1 0.4 12.2
v 1.1 0.4 12.2
v 1.2 0.4 12.2
v 1.3 0.4 12.2
v 1.4 0.4 12.2
v -0.7 0.4 12.1
v -0.6 0.4 12.1
v -0.5 0.4 12.1
v -0.4 0.4 12.1
v -0.2 0.4 12.1
v -0.1 0.4 12.1
v 0 0.4 12.1
v 0.5 0.4 12.1
v 0.6 0.4 12.1
v 0.8 0.4 12.1
v 0.9 0.4 12.1
v 1.3 0.4 12.1
v 1.4 0.4 12.1
v -0.7 0.4 12
v -0.6 0.4 12
v -0.4 0.4 12
v -0.3 0.4 12
v 0.5 0.4 12
v 0.6 0.4 12
v 0.7 0.4 12
v 0.8 0.4 12
v 0.9 0.4 12
v 1.1 0.4 12
v 1.2 0.4 12
v -0.8 0.4 11.9
v -0.7 0.4 11.9
v -0.4 0.4 11.9
v -0.3 0.4 11.9
v 0.1 0.4 11.9
v 0.2 0.4 11.9
v 0.5 0.4 11.9
v 0.6 0.4 11.9
v 0.7 0.4 11.9
v 0.8 0.4 11.9
v 0.9 0.4 11.9
v 1 0.4 11.9
v 1.1 0.4 11.9
v 1.2 0.4 11.9
v -0.8 0.4 11.8
v -0.7 0.4 11.8
v -0.6 0.4 11.8
v -0.5 0.4 11.8
v 0 0.4 11.8
v 0.1 0.4 11.8
v 0.2 0.4 11.8
v 0.5 0.4 11.8
v 0.6 0.4 11.8
v 0.7 0.4 11.8
v 0.9 0.4 11.8
v 1 0.4 11.8
v -0.9 0.4 11.7
v -0.8 0.4 11.7
v -0.7 0.4 11.7
v -0.6 0.4 11.7
v -0.5 0.4 11.7
v -0.2 0.4 11.7
v -0.1 0.4 11.7
v 0 0.4 11.7
v 0.1 0.4 11.7
v 0.5 0.4 11.7
v 0.6 0.4 11.7
v 0.7 0.4 11.7
v 0.8 0.4 11.7
v -0.9 0.4 11.6
v -0.8 0.4 11.6
v -0.7 0.4 11.6
v -0.6 0.4 11.6
v -0.5 0.4 11.6
v -0.4 0.4 11.6
v -0.2 0.4 11.6
v -0.1 0.4 11.6
v 0 0.4 11.6
v 0.1 0.4 11.6
v 0.2 0.4 11.6
v 0.3 0.4 11.6
v 0.5 0.4 11.6
v 0.6 0.4 11.6
v 0.7 0.4 11.6
v 0.8 0.4 11.6
v -0.7 0.4 11.5
v -0.6 0.4 11.5
v -0.5 0.4 11.5
v -0.4 0.4 11.5
v 0 0.4 11.5
v 0.1 0.4 11.5
v 0.2 0.4 11.5
v 0.3 0.4 11.5
v -0.7 0.4 11.4
v -0.6 0.4 11.4
v 0 0.4 11.4
v 0.1 0.4 11.4
v 0.3 0.4 11.3
v 0.4 0.4 11.3
v 0.5 0.4 11.3
v 0.6 0.4 11.3
v 0.3 0.4 11.2
v 0.4 0.4 11.2
v 0.6 0.4 11.2
v -0.2 0.5 13.2
v -0.1 0.5 13.2
v 0 0.5 13.2
v 0.1 0.5 13.2
v -0.2 0.5 13.1
v -0.1 0.5 13.1
v 0 0.5 13.1
v 0.1 0.5 13.1
v -0.2 0.5 13
v -0.1 0.5 13
v 0 0.5 13
v -0.2 0.5 12.9
v -0.1 0.5 12.9
v 0 0.5 12.9
v -0.5 0.5 12.8
v -0.4 0.5 12.8
v -0.3 0.5 12.8
v -0.2 0.5 12.8
v -0.1 0.5 12.8
v 0 0.5 12.8
v 0.1 0.5 12.8
v -1.4 0.5 12.7
v -1.3 0.5 12.7
v -1.1 0.5 12.7
v -1 0.5 12.7
v -0.8 0.5 12.7
v -0.7 0.5 12.7
v -0.6 0.5 12.7
v -0.5 0.5 12.7
v -0.4 0.5 12.7
v -0.3 0.5 12.7
v -0.2 0.5 12.7
v -0.1 0.5 12.7
v 0 0.5 12.7
v 0.1 0.5 12.7
v 0.2 0.5 12.7
v 0.3 0.5 12.7
v -1.4 0.5 12.6
v -1.3 0.5 12.6
v -1.2 0.5 12.6
v -1.1 0.5 12.6
v -1 0.5 12.6
v -0.9 0.5 12.6
v -0.8 0.5 12.6
v -0.7 0.5 12.6
v -0.6 0.5 12.6
v -0.5 0.5 12.6
v -0.4 0.5 12.6
v -0.3 0.5 12.6
v -0.2 0.5 12.6
v -0.1 0.5 12.6
v 0 0.5 12.6
v 0.1 0.5 12.6
v 0.2 0.5 12.6
v 0.3 0.5 12.6
v 0.7 0.5 12.6
v 0.8 0.5 12.6
v -1.2 0.5 12.5
v -1.1 0.5 12.5
v -1 0.5 12.5
v -0.9 0.5 12.5
v -0.8 0.5 12.5
v -0.7 0.5 12.5
v -0.5 0.5 12.5
v -0.4 0.5 12.5
v -0.3 0.5 12.5
v -0.2 0.5 12.5
v -0.1 0.5 12.5
v 0 0.5 12.5
v 0.1 0.5 12.5
v 0.2 0.5 12.5
v 0.3 0.5 12.5
v 0.7 0.5 12.5
v 0.8 0.5 12.5
v -0.8 0.5 12.4
v -0.7 0.5 12.4
v -0.5 0.5 12.4
v -0.4 0.5 12.4
v -0.3 0.5 12.4
v -0.2 0.5 12.4
v 0.2 0.5 12.4
v 0.3 0.5 12.4
v 0.4 0.5 12.4
v -0.8 0.5 12.3
v -0.7 0.5 12.3
v -0.3 0.5 12.3
v -0.2 0.5 12.3
v -0.1 0.5 12.3
v 0 0.5 12.3
v 0.3 0.5 12.3
v 0.4 0.5 12.3
v 0.6 0.5 12.3
v 0.7 0.5 12.3
v -0.4 0.5 12.2
v -0.3 0.5 12.2
v -0.2 0.5 12.2
v -0.1 0.5 12.2
v 0 0.5 12.2
v 0.3 0.5 12.2
v 0.4 0.5 12.2
v 0.5 0.5 12.2
v 0.6 0.5 12.2
v 0.7 0.5 12.2
v 0.8 0.5 12.2
v 1.1 0.5 12.2
v 1.2 0.5 12.2
v -0.4 0.5 12.1
v -0.3 0.5 12.1
v -0.2 0.5 12.1
v 0.5 0.5 12.1
v 0.6 0.5 12.1
v 0.7 0.5 12.1
v 0.8 0.5 12.1
v 1.1 0.5 12.1
v 1.2 0.5 12.1
v -0.4 0.5 12
v -0.3 0.5 12
v -0.2 0.5 12
v -0.1 0.5 12
v 0 0.5 12
v 0.1 0.5 12
v 0.2 0.5 12
v 0.3 0.5 12
v 0.6 0.5 12
v 0.7 0.5 12
v 0.8 0.5 12
v -0.9 0.5 11.9
v -0.8 0.5 11.9
v -0.4 0.5 11.9
v -0.3 0.5 11.9
v -0.2 0.5 11.9
v -0.1 0.5 11.9
v 0 0.5 11.9
v 0.1 0.5 11.9
v 0.2 0.5 11.9
v 0.3 0.5 11.9
v 0.4 0.5 11.9
v 0.5 0.5 11.9
v 0.6 0.5 11.9
v 0.7 0.5 11.9
v 1 0.5 11.9
v 1.1 0.5 11.9
v -1 0.5 11.8
v -0.9 0.5 11.8
v -0.8 0.5 11.8
v -0.7 0.5 11.8
v -0.6 0.5 11.8
v -0.4 0.5 11.8
v -0.3 0.5 11.8
v -0.1 0.5 11.8
v 0 0.5 11.8
v 0.1 0.5 11.8
v 0.2 0.5 11.8
v 0.3 0.5 11.8
v 0.4 0.5 11.8
v 0.5 0.5 11.8
v 0.6 0.5 11.8
v 1 0.5 11.8
v 1.1 0.5 11.8
v -1 0.5 11.7
v -0.9 0.5 11.7
v -0.7 0.5 11.7
v -0.6 0.5 11.7
v -0.1 0.5 11.7
v 0 0.5 11.7
v 0.4 0.5 11.7
v 0.5 0.5 11.7
v 0.6 0.5 11.7
v -1 0.5 11.6
v -0.9 0.5 11.6
v -0.1 0.5 11.6
v 0 0.5 11.6
v 0.1 0.5 11.6
v 0.3 0.5 11.6
v 0.4 0.5 11.6
v 0.6 0.5 11.6
v 0.7 0.5 11.6
v 0.8 0.5 11.6
v -0.2 0.5 11.5
v -0.1 0.5 11.5
v 0 0.5 11.5
v 0.1 0.5 11.5
v 0.2 0.5 11.5
v 0.3 0.5 11.5
v 0.4 0.5 11.5
v 0.5 0.5 11.5
v 0.6 0.5 11.5
v 0.7 0.5 11.5
v 0.8 0.5 11.5
v -0.2 0.5 11.4
v -0.1 0.5 11.4
v 0 0.5 11.4
v 0.1 0.5 11.4
v 0.2 0.5 11.4
v 0.5 0.5 11.4
v 0.6 0.5 11.4
v 0.7 0.5 11.4
v 0.8 0.5 11.4
v -0.2 0.5 11.3
v -0.1 0.5 11.3
v 0 0.5 11.3
v 0.6 0.5 11.3
v 0.7 0.5 11.3
v -0.1 0.5 11.2
v 0 0.5 11.2
v 0.6 0.6 13.2
v 0.7 0.6 13.2
v 0.5 0.6 13.1
v 0.6 0.6 13.1
v 0.7 0.6 13.1
v 0.8 0.6 13.1
v 0 0.6 13
v 0.1 0.6 13
v 0.5 0.6 13
v 0.6 0.6 13
v 0.7 0.6 13
v 0.8 0.6 13
v 0 0.6 12.9
v 0.1 0.6 12.9
v 0.4 0.6 12.9
v 0.5 0.6 12.9
v 0.6 0.6 12.9
v 0.7 0.6 12.9
v 0 0.6 12.8
v 0.1 0.6 12.8
v 0.2 0.6 12.8
v 0.3 0.6 12.8
v 0.4 0.6 12.8
v 0.5 0.6 12.8
v 0.6 0.6 12.8
v -0.3 0.6 12.7
v -0.2 0.6 12.7
v 0.2 0.6 12.7
v 0.3 0.6 12.7
v 0.9 0.6 12.7
v 1 0.6 12.7
v -0.3 0.6 12.6
v -0.2 0.6 12.6
v 0.3 0.6 12.6
v 0.4 0.6 12.6
v 0.8 0.6 12.6
v 0.9 0.6 12.6
v 1 0.6 12.6
v 1.1 0.6 12.6
v -0.9 0.6 12.5
v -0.8 0.6 12.5
v 0.3 0.6 12.5
v 0.4 0.6 12.5
v 0.8 0.6 12.5
v 0.9 0.6 12.5
v 1 0.6 12.5
v 1.1 0.6 12.5
v -0.9 0.6 12.4
v -0.8 0.6 12.4
v -0.7 0.6 12.4
v -0.6 0.6 12.4
v 0.5 0.6 12.4
v 0.6 0.6 12.4
v 0.7 0.6 12.4
v 0.8 0.6 12.4
v 0.9 0.6 12.4
v 1 0.6 12.4
v -0.8 0.6 12.3
v -0.7 0.6 12.3
v -0.6 0.6 12.3
v -0.5 0.6 12.3
v 0.5 0.6 12.3
v 0.6 0.6 12.3
v 0.7 0.6 12.3
v 0.8 0.6 12.3
v -0.8 0.6 12.2
v -0.7 0.6 12.2
v -0.6 0.6 12.2
v -0.5 0.6 12.2
v -0.4 0.6 12.2
v 0.4 0.6 12.2
v 0.5 0.6 12.2
v 0.6 0.6 12.2
v 1.2 0.6 12.2
v 1.3 0.6 12.2
v -0.7 0.6 12.1
v -0.5 0.6 12.1
v -0.4 0.6 12.1
v -0.2 0.6 12.1
v -0.1 0.6 12.1
v 0.4 0.6 12.1
v 0.5 0.6 12.1
v 1.2 0.6 12.1
v 1.3 0.6 12.1
v -0.2 0.6 12
v -0.1 0.6 12
v 0.3 0.6 12
v 0.4 0.6 12
v 0.5 0.6 12
v -0.2 0.6 11.9
v -0.1 0.6 11.9
v 0.3 0.6 11.9
v 0.4 0.6 11.9
v 0.5 0.6 11.9
v 0.6 0.6 11.9
v 0.8 0.6 11.9
v 0.9 0.6 11.9
v -0.9 0.6 11.8
v -0.8 0.6 11.8
v -0.2 0.6 11.8
v -0.1 0.6 11.8
v 0.1 0.6 11.8
v 0.2 0.6 11.8
v 0.3 0.6 11.8
v 0.4 0.6 11.8
v 0.5 0.6 11.8
v 0.6 0.6 11.8
v 0.8 0.6 11.8
v 0.9 0.6 11.8
v -0.9 0.6 11.7
v -0.8 0.6 11.7
v 0.1 0.6 11.7
v 0.2 0.6 11.7
v 0.3 0.6 11.7
v 0.4 0.6 11.7
v -0.2 0.6 11.6
v -0.1 0.6 11.6
v -0.2 0.6 11.5
v -0.1 0.6 11.5
v 0.3 0.6 11.5
v 0.4 0.6 11.5
v 0.3 0.6 11.4
v 0.4 0.6 11.4
v -0.1 0.7 13.1
v 0 0.7 13.1
v 0.4 0.7 13.1
v 0.5 0.7 13.1
v -0.4 0.7 13
v -0.3 0.7 13
v -0.2 0.7 13
v -0.1 0.7 13
v 0 0.7 13
v 0.4 0.7 13
v 0.5 0.7 13
v 0.7 0.7 13
v 0.8 0.7 13
v -0.4 0.7 12.9
v -0.3 0.7 12.9
v -0.2 0.7 12.9
v -0.1 0.7 12.9
v 0 0.7 12.9
v 0.1 0.7 12.9
v 0.2 0.7 12.9
v 0.3 0.7 12.9
v 0.4 0.7 12.9
v 0.5 0.7 12.9
v 0.7 0.7 12.9
v -0.7 0.7 12.8
v -0.6 0.7 12.8
v -0.5 0.7 12.8
v -0.4 0.7 12.8
v -0.3 0.7 12.8
v -0.1 0.7 12.8
v 0 0.7 12.8
v 0.1 0.7 12.8
v 0.2 0.7 12.8
v 0.3 0.7 12.8
v 0.4 0.7 12.8
v 0.5 0.7 12.8
v 0.6 0.7 12.8
v 0.7 0.7 12.8
v 0.8 0.7 12.8
v -0.7 0.7 12.7
v -0.6 0.7 12.7
v -0.5 0.7 12.7
v -0.4 0.7 12.7
v -0.3 0.7 12.7
v -0.2 0.7 12.7
v -0.1 0.7 12.7
v 0 0.7 12.7
v 0.1 0.7 12.7
v 0.2 0.7 12.7
v 0.3 0.7 12.7
v 0.4 0.7 12.7
v 0.5 0.7 12.7
v 0.6 0.7 12.7
v 0.7 0.7 12.7
v 0.8 0.7 12.7
v 0.9 0.7 12.7
v -0.7 0.7 12.6
v -0.6 0.7 12.6
v -0.5 0.7 12.6
v -0.4 0.7 12.6
v -0.2 0.7 12.6
v -0.1 0.7 12.6
v 0 0.7 12.6
v 0.1 0.7 12.6
v 0.2 0.7 12.6
v 0.3 0.7 12.6
v 0.4 0.7 12.6
v 0.6 0.7 12.6
v 0.7 0.7 12.6
v 0.8 0.7 12.6
v 0.9 0.7 12.6
v 1 0.7 12.6
v 1.1 0.7 12.6
v 1.2 0.7 12.6
v -0.7 0.7 12.5
v -0.6 0.7 12.5
v -0.5 0.7 12.5
v -0.4 0.7 12.5
v -0.3 0.7 12.5
v 0 0.7 12.5
v 0.1 0.7 12.5
v 0.2 0.7 12.5
v 0.5 0.7 12.5
v 0.6 0.7 12.5
v 0.7 0.7 12.5
v 0.9 0.7 12.5
v 1 0.7 12.5
v 1.1 0.7 12.5
v -0.7 0.7 12.4
v -0.6 0.7 12.4
v -0.5 0.7 12.4
v -0.4 0.7 12.4
v -0.3 0.7 12.4
v -0.2 0.7 12.4
v 0 0.7 12.4
v 0.1 0.7 12.4
v 0.2 0.7 12.4
v 0.3 0.7 12.4
v 0.5 0.7 12.4
v 0.6 0.7 12.4
v 0.9 0.7 12.4
v 1 0.7 12.4
v 1.1 0.7 12.4
v 1.2 0.7 12.4
v -0.6 0.7 12.3
v -0.5 0.7 12.3
v -0.4 0.7 12.3
v -0.3 0.7 12.3
v -0.2 0.7 12.3
v 0 0.7 12.3
v 0.1 0.7 12.3
v 0.2 0.7 12.3
v 0.3 0.7 12.3
v 0.6 0.7 12.3
v 0.7 0.7 12.3
v 0.9 0.7 12.3
v 1 0.7 12.3
v -0.5 0.7 12.2
v -0.4 0.7 12.2
v -0.3 0.7 12.2
v -0.2 0.7 12.2
v 0 0.7 12.2
v 0.1 0.7 12.2
v 0.2 0.7 12.2
v 0.3 0.7 12.2
v 0.5 0.7 12.2
v 0.6 0.7 12.2
v 0.7 0.7 12.2
v -0.3 0.7 12.1
v -0.2 0.7 12.1
v 0 0.7 12.1
v 0.1 0.7 12.1
v 0.2 0.7 12.1
v 0.3 0.7 12.1
v 0.4 0.7 12.1
v 0.5 0.7 12.1
v 0.6 0.7 12.1
v 0.7 0.7 12.1
v -0.4 0.7 12
v -0.3 0.7 12
v -0.2 0.7 12
v 0 0.7 12
v 0.1 0.7 12
v 0.2 0.7 12
v 0.3 0.7 12
v 0.4 0.7 12
v 0.5 0.7 12
v 0.6 0.7 12
v 0.7 0.7 12
v -0.5 0.7 11.9
v -0.4 0.7 11.9
v -0.3 0.7 11.9
v -0.2 0.7 11.9
v 0 0.7 11.9
v 0.1 0.7 11.9
v 0.2 0.7 11.9
v -0.5 0.7 11.8
v -0.4 0.7 11.8
v -0.3 0.7 11.8
v -0.2 0.7 11.8
v -0.1 0.7 11.8
v 0.1 0.7 11.8
v 0.2 0.7 11.8
v -0.4 0.7 11.7
v -0.3 0.7 11.7
v -0.2 0.7 11.7
v -0.1 0.7 11.7
v 0 0.7 11.7
v 0.1 0.7 11.7
v 0.2 0.7 11.7
v -0.5 0.7 11.6
v -0.4 0.7 11.6
v -0.3 0.7 11.6
v -0.2 0.7 11.6
v -0.1 0.7 11.6
v 0 0.7 11.6
v 0.1 0.7 11.6
v 0.2 0.7 11.6
v -0.5 0.7 11.5
v -0.4 0.7 11.5
v -0.3 0.7 11.5
v -0.2 0.7 11.5
v -0.1 0.7 11.5
v 0 0.7 11.5
v -0.5 0.7 11.4
v -0.4 0.7 11.4
v -0.3 0.7 11.4
v -0.2 0.7 11.4
v 0 0.7 11.4
v 0.1 0.7 11.4
v -0.1 0.7 11.3
v 0 0.7 11.3
v 0.1 0.7 11.3
v -0.1 0.7 11.2
v 0 0.7 11.2
v 0.3 0.8 13.2
v 0.4 0.8 13.2
v 0.6 0.8 13.2
v 0.7 0.8 13.2
v 0.2 0.8 13.1
v 0.3 0.8 13.1
v 0.4 0.8 13.1
v 0.6 0.8 13.1
v 0.7 0.8 13.1
v 0.2 0.8 13
v 0.3 0.8 13
v 0.4 0.8 13
v 0.3 0.8 12.9
v 0.4 0.8 12.9
v 0.5 0.8 12.9
v 0.7 0.8 12.9
v -0.8 0.8 12.8
v -0.7 0.8 12.8
v -0.6 0.8 12.8
v -0.5 0.8 12.8
v -0.3 0.8 12.8
v -0.2 0.8 12.8
v 0 0.8 12.8
v 0.1 0.8 12.8
v 0.3 0.8 12.8
v 0.4 0.8 12.8
v 0.5 0.8 12.8
v 0.6 0.8 12.8
v 0.7 0.8 12.8
v 0.8 0.8 12.8
v 0.9 0.8 12.8
v -0.8 0.8 12.7
v -0.7 0.8 12.7
v -0.6 0.8 12.7
v -0.5 0.8 12.7
v -0.4 0.8 12.7
v -0.3 0.8 12.7
v -0.2 0.8 12.7
v 0 0.8 12.7
v 0.1 0.8 12.7
v 0.5 0.8 12.7
v 0.6 0.8 12.7
v 0.7 0.8 12.7
v 0.8 0.8 12.7
v 0.9 0.8 12.7
v 1 0.8 12.7
v 1.1 0.8 12.7
v -0.7 0.8 12.6
v -0.6 0.8 12.6
v -0.4 0.8 12.6
v -0.3 0.8 12.6
v -0.1 0.8 12.6
v 0 0.8 12.6
v 0.1 0.8 12.6
v 0.2 0.8 12.6
v 0.3 0.8 12.6
v 0.4 0.8 12.6
v 0.5 0.8 12.6
v 0.6 0.8 12.6
v 1 0.8 12.6
v 1.1 0.8 12.6
v -0.7 0.8 12.5
v -0.6 0.8 12.5
v -0.4 0.8 12.5
v -0.3 0.8 12.5
v -0.2 0.8 12.5
v -0.1 0.8 12.5
v 0 0.8 12.5
v 0.1 0.8 12.5
v 0.2 0.8 12.5
v 0.3 0.8 12.5
v 0.4 0.8 12.5
v 0.5 0.8 12.5
v 0.6 0.8 12.5
v 0.7 0.8 12.5
v -0.3 0.8 12.4
v -0.2 0.8 12.4
v -0.1 0.8 12.4
v 0 0.8 12.4
v 0.1 0.8 12.4
v 0.3 0.8 12.4
v 0.4 0.8 12.4
v 0.6 0.8 12.4
v 0.7 0.8 12.4
v 0.8 0.8 12.4
v 0.9 0.8 12.4
v 0 0.8 12.3
v 0.1 0.8 12.3
v 0.2 0.8 12.3
v 0.3 0.8 12.3
v 0.6 0.8 12.3
v 0.7 0.8 12.3
v 0.8 0.8 12.3
v 0.9 0.8 12.3
v 0 0.8 12.2
v 0.1 0.8 12.2
v 0.2 0.8 12.2
v 0.3 0.8 12.2
v 0.4 0.8 12.2
v 0.5 0.8 12.2
v -0.1 0.8 12.1
v 0 0.8 12.1
v 0.1 0.8 12.1
v 0.2 0.8 12.1
v 0.4 0.8 12.1
v 0.5 0.8 12.1
v 0.6 0.8 12.1
v -0.1 0.8 12
v 0 0.8 12
v 0.1 0.8 12
v 0.2 0.8 12
v 0.3 0.8 12
v 0.5 0.8 12
v 0.6 0.8 12
v 0.7 0.8 12
v -0.3 0.8 11.9
v -0.2 0.8 11.9
v 0.2 0.8 11.9
v 0.3 0.8 11.9
v 0.5 0.8 11.9
v 0.6 0.8 11.9
v 0.7 0.8 11.9
v -0.3 0.8 11.8
v -0.2 0.8 11.8
v 0.4 0.8 11.8
v 0.5 0.8 11.8
v 0.4 0.8 11.7
v 0.5 0.8 11.7
v 0.1 0.8 11.6
v 0.2 0.8 11.6
v 0.1 0.8 11.5
v 0.2 0.8 11.5
v 0.5 0.9 13.1
v 0.6 0.9 13.1
v 0.5 0.9 13
v 0.6 0.9 13
v 0.1 0.9 12.7
v 0.2 0.9 12.7
v 0.3 0.9 12.7
v 0.4 0.9 12.7
v 0.5 0.9 12.7
v 0.1 0.9 12.6
v 0.2 0.9 12.6
v 0.3 0.9 12.6
v 0.4 0.9 12.6
v 0.5 0.9 12.6
v 0.6 0.9 12.6
v 1 0.9 12.6
v 1.1 0.9 12.6
v 0.3 0.9 12.5
v 0.4 0.9 12.5
v 0.5 0.9 12.5
v 0.6 0.9 12.5
v 1 0.9 12.5
v 1.1 0.9 12.5
v 0.4 0.9 12.4
v 0.5 0.9 12.4
v -0.2 0.9 12.2
v -0.1 0.9 12.2
v 0.2 0.9 12.2
v 0.3 0.9 12.2
v 0.4 0.9 12.2
v -0.2 0.9 12.1
v -0.1 0.9 12.1
v 0.2 0.9 12.1
v 0.3 0.9 12.1
v 0.4 0.9 12.1
v -0.2 0.9 12
v -0.1 0.9 12
v 0.2 0.9 12
v 0.3 0.9 12
v -0.2 0.9 11.9
v -0.1 0.9 11.9
v -0.4 0.9 11.8
v -0.3 0.9 11.8
v -0.4 0.9 11.7
v -0.3 0.9 11.7
v 0 0.9 11.5
v 0.1 0.9 11.5
v 0 0.9 11.4
v 0.1 0.9 11.4
v 0.4 1 13.2
v 0.5 1 13.2
v 0.6 1 13.2
v 0.3 1 13.1
v 0.4 1 13.1
v 0.5 1 13.1
v 0.6 1 13.1
v 0.3 1 13
v 0.4 1 13
v -0.1 1 12.8
v 0 1 12.8
v -0.1 1 12.7
v 0 1 12.7
v -0.2 1 12.6
v -0.1 1 12.6
v 0 1 12.6
v 0.7 1 12.6
v 0.8 1 12.6
v -0.2 1 12.5
v -0.1 1 12.5
v 0.6 1 12.5
v 0.7 1 12.5
v 0.8 1 12.5
v -0.2 1 12.4
v -0.1 1 12.4
v 0 1 12.4
v 0.6 1 12.4
v 0.7 1 12.4
v 0.8 1 12.4
v -0.3 1 12.3
v -0.2 1 12.3
v -0.1 1 12.3
v 0 1 12.3
v 0.5 1 12.3
v 0.6 1 12.3
v -0.6 1 12.2
v -0.5 1 12.2
v -0.4 1 12.2
v -0.3 1 12.2
v -0.2 1 12.2
v -0.1 1 12.2
v 0 1 12.2
v 0.1 1 12.2
v 0.5 1 12.2
v 0.6 1 12.2
v -0.6 1 12.1
v -0.5 1 12.1
v -0.4 1 12.1
v -0.3 1 12.1
v -0.2 1 12.1
v -0.1 1 12.1
v 0 1 12.1
v 0.1 1 12.1
v -0.5 1 12
v -0.4 1 12
v -0.3 1 12
v -0.2 1 12
v -0.1 1 12
v 0 1 12
v -0.1 1 11.9
v 0 1 11.9
v 0 1 11.7
v 0.1 1 11.7
v 0 1 11.6
v 0.1 1 11.6
v 0.5 1.1 13.1
v 0.6 1.1 13.1
v 0.5 1.1 13
v 0.3 1.1 12.9
v 0.4 1.1 12.9
v 0.5 1.1 12.9
v 0.6 1.1 12.9
v 0.3 1.1 12.8
v 0.4 1.1 12.8
v 0.6 1.1 12.6
v 0.7 1.1 12.6
v 0.6 1.1 12.5
v 0.7 1.1 12.5
v 0.6 1.1 12.4
v 0.7 1.1 12.4
v 0.6 1.1 12.3
v 0.6 1.1 12.2
v 0.7 1.1 12.2
v 0 1.1 12.1
v 0.1 1.1 12.1
v 0 1.1 12
v 0.1 1.1 12
v 0 1.1 11.9
v 0.1 1.1 11.9
v 0.5 1.2 12.4
v 0.6 1.2 12.4
v 0.5 1.2 12.3
v 0.6 1.2 12.3
v -0.3 1.2 12.1
v -0.2 1.2 12.1
v -0.1 1.2 12.1
v 0 1.2 12.1
v -0.3 1.2 12
v -0.2 1.2 12
v -0.1 1.2 12
v 0 1.2 12
v -0.2 1.2 11.9
v -0.1 1.2 11.9
v -0.2 1.2 11.8
v -0.1 1.2 11.8
v 0.4 0.1 13.5
v 0.5 0.1 13.5
v 0.7 0.1 13.5
v 0.8 0.1 13.5
v -0.3 0.1 13.4
v -0.2 0.1 13.4
v -0.1 0.1 13.4
v 0.4 0.1 13.4
v 0.5 0.1 13.4
v 0.7 0.1 13.4
v 0.8 0.1 13.4
v -0.3 0.1 13.3
v -0.2 0.1 13.3
v -0.1 0.1 13.3
v 0.4 0.1 13.3
v 0.5 0.1 13.3
v 0.7 0.1 13.3
v 0.8 0.1 13.3
v -0.1 0.1 13.2
v 0 0.1 13.2
v 0.1 0.1 13.2
v 0.2 0.1 13.2
v 0.4 0.1 13.2
v 0.5 0.1 13.2
v -0.2 0.1 13.1
v -0.1 0.1 13.1
v 0 0.1 13.1
v 0.1 0.1 13.1
v 0.2 0.1 13.1
v 0.4 0.1 13.1
v 0.5 0.1 13.1
v -0.9 0.1 13
v -0.8 0.1 13
v -0.7 0.1 13
v -0.5 0.1 13
v -0.4 0.1 13
v -0.2 0.1 13
v -0.1 0.1 13
v 0 0.1 13
v 0.3 0.1 13
v 0.4 0.1 13
v -1.2 0.1 12.9
v -1.1 0.1 12.9
v -1 0.1 12.9
v -0.9 0.1 12.9
v -0.8 0.1 12.9
v -0.7 0.1 12.9
v -0.5 0.1 12.9
v -0.4 0.1 12.9
v 0.1 0.1 12.9
v 0.2 0.1 12.9
v 0.3 0.1 12.9
v 0.4 0.1 12.9
v -1.2 0.1 12.8
v -1.1 0.1 12.8
v -1 0.1 12.8
v -0.9 0.1 12.8
v -0.2 0.1 12.8
v 0 0.1 12.8
v 0.1 0.1 12.8
v 0.2 0.1 12.8
v -1 0.1 12.7
v -0.9 0.1 12.7
v -0.2 0.1 12.7
v 0 0.1 12.7
v -1.4 0.1 12.6
v -1.3 0.1 12.6
v -1.2 0.1 12.6
v -1 0.1 12.6
v -0.9 0.1 12.6
v -0.8 0.1 12.6
v -1.4 0.1 12.5
v -1.3 0.1 12.5
v -1.2 0.1 12.5
v -1 0.1 12.5
v -0.9 0.1 12.5
v -0.8 0.1 12.5
v -1 0.1 12.4
v -0.9 0.1 12.4
v -0.8 0.1 12.4
v -1.1 0.1 12.2
v -1 0.1 12.2
v -0.9 0.1 12.2
v -0.8 0.1 12.2
v -0.7 0.1 12.2
v -1.1 0.1 12.1
v -1 0.1 12.1
v -0.9 0.1 12.1
v -0.8 0.1 12.1
v -0.7 0.1 12.1
v 1.1 0.1 12.1
v 1.2 0.1 12.1
v -1.4 0.1 12
v -1.3 0.1 12
v 0.4 0.1 12
v 0.5 0.1 12
v 1 0.1 12
v 1.1 0.1 12
v 1.2 0.1 12
v -1.4 0.1 11.9
v -1.3 0.1 11.9
v -1.2 0.1 11.9
v -1 0.1 11.9
v -0.9 0.1 11.9
v -0.5 0.1 11.9
v -0.4 0.1 11.9
v 0.4 0.1 11.9
v 0.5 0.1 11.9
v 1 0.1 11.9
v 1.1 0.1 11.9
v -1.3 0.1 11.8
v -1.2 0.1 11.8
v -1 0.1 11.8
v -0.9 0.1 11.8
v -0.5 0.1 11.8
v -0.4 0.1 11.8
v 0.3 0.1 11.8
v 0.4 0.1 11.8
v -1 0.1 11.7
v -0.9 0.1 11.7
v 0.1 0.1 11.7
v 0.2 0.1 11.7
v 0.3 0.1 11.7
v 0.4 0.1 11.7
v 0.7 0.1 11.7
v 0.8 0.1 11.7
v 0.9 0.1 11.7
v 1 0.1 11.7
v 1.2 0.1 11.7
v 1.3 0.1 11.7
v -1 0.1 11.6
v -0.9 0.1 11.6
v -0.4 0.1 11.6
v -0.3 0.1 11.6
v -0.2 0.1 11.6
v -0.1 0.1 11.6
v 0 0.1 11.6
v 0.1 0.1 11.6
v 0.2 0.1 11.6
v 0.7 0.1 11.6
v 0.8 0.1 11.6
v 0.9 0.1 11.6
v 1 0.1 11.6
v 1.2 0.1 11.6
v 1.3 0.1 11.6
v -0.9 0.1 11.5
v -0.8 0.1 11.5
v -0.4 0.1 11.5
v -0.3 0.1 11.5
v -0.2 0.1 11.5
v -0.1 0.1 11.5
v 0 0.1 11.5
v 0.4 0.1 11.5
v 0.5 0.1 11.5
v 0.6 0.1 11.5
v 0.7 0.1 11.5
v 0.8 0.1 11.5
v -0.9 0.1 11.4
v -0.8 0.1 11.4
v -0.1 0.1 11.4
v 0 0.1 11.4
v 0.4 0.1 11.4
v 0.5 0.1 11.4
v 0.6 0.1 11.4
v 0.7 0.1 11.4
v 0.8 0.1 11.4
v 0.9 0.1 11.4
v 1 0.1 11.4
v -0.8 0.1 11.3
v -0.7 0.1 11.3
v -0.1 0.1 11.3
v 0 0.1 11.3
v 0.1 0.1 11.3
v 0.5 0.1 11.3
v 0.6 0.1 11.3
v 0.7 0.1 11.3
v 0.9 0.1 11.3
v 1 0.1 11.3
v -0.8 0.1 11.2
v -0.7 0.1 11.2
v -0.2 0.1 11.2
v -0.1 0.1 11.2
v 0 0.1 11.2
v 0.1 0.1 11.2
v -0.2 0.1 11.1
v -0.1 0.1 11.1
v 0 0.1 11.1
v -0.3 0.2 13.6
v -0.2 0.2 13.6
v 0.6 0.2 13.6
v 0.7 0.2 13.6
v -0.2 0.2 13.5
v -0.1 0.2 13.5
v 0.6 0.2 13.5
v 0.7 0.2 13.5
v -0.3 0.2 13.4
v -0.2 0.2 13.4
v -0.1 0.2 13.4
v 0.4 0.2 13.4
v 0.5 0.2 13.4
v 0.6 0.2 13.4
v 0.7 0.2 13.4
v 0.8 0.2 13.4
v 0.9 0.2 13.4
v 1 0.2 13.4
v -0.6 0.2 13.3
v -0.5 0.2 13.3
v -0.4 0.2 13.3
v -0.3 0.2 13.3
v 0.3 0.2 13.3
v 0.4 0.2 13.3
v 0.5 0.2 13.3
v 0.6 0.2 13.3
v 0.7 0.2 13.3
v 0.8 0.2 13.3
v 0.9 0.2 13.3
v 1 0.2 13.3
v -1.1 0.2 13.2
v -1 0.2 13.2
v -0.9 0.2 13.2
v -0.6 0.2 13.2
v -0.5 0.2 13.2
v -0.4 0.2 13.2
v -0.3 0.2 13.2
v 0.2 0.2 13.2
v 0.3 0.2 13.2
v 0.4 0.2 13.2
v 0.5 0.2 13.2
v 0.6 0.2 13.2
v 0.7 0.2 13.2
v 0.8 0.2 13.2
v -1.1 0.2 13.1
v -1 0.2 13.1
v -0.9 0.2 13.1
v -0.6 0.2 13.1
v -0.5 0.2 13.1
v -0.3 0.2 13.1
v -0.2 0.2 13.1
v 0.1 0.2 13.1
v 0.2 0.2 13.1
v 0.3 0.2 13.1
v 0.4 0.2 13.1
v 0.5 0.2 13.1
v 0.6 0.2 13.1
v 0.7 0.2 13.1
v 0.8 0.2 13.1
v 1 0.2 13.1
v 1.1 0.2 13.1
v -1.2 0.2 13
v -1.1 0.2 13
v -0.3 0.2 13
v -0.2 0.2 13
v 0 0.2 13
v 0.1 0.2 13
v 0.2 0.2 13
v 0.3 0.2 13
v 0.4 0.2 13
v 0.5 0.2 13
v 0.6 0.2 13
v 0.7 0.2 13
v 0.8 0.2 13
v 0.9 0.2 13
v 1 0.2 13
v 1.1 0.2 13
v -1.2 0.2 12.9
v -1.1 0.2 12.9
v -1 0.2 12.9
v -0.7 0.2 12.9
v -0.6 0.2 12.9
v -0.3 0.2 12.9
v -0.2 0.2 12.9
v -0.1 0.2 12.9
v 0 0.2 12.9
v 0.1 0.2 12.9
v 0.2 0.2 12.9
v 0.3 0.2 12.9
v 0.8 0.2 12.9
v 0.9 0.2 12.9
v 1 0.2 12.9
v -1.1 0.2 12.8
v -1 0.2 12.8
v -0.7 0.2 12.8
v -0.6 0.2 12.8
v -0.3 0.2 12.8
v -0.2 0.2 12.8
v -0.1 0.2 12.8
v 0 0.2 12.8
v 0.2 0.2 12.8
v 0.3 0.2 12.8
v 0.8 0.2 12.8
v 0.9 0.2 12.8
v 1 0.2 12.8
v 1.1 0.2 12.8
v 1.2 0.2 12.8
v -1.2 0.2 12.7
v -1.1 0.2 12.7
v -0.3 0.2 12.7
v -0.2 0.2 12.7
v 1.1 0.2 12.7
v 1.2 0.2 12.7
v -1.2 0.2 12.6
v -1.1 0.2 12.6
v 0.7 0.2 12.6
v 0.8 0.2 12.6
v 1.2 0.2 12.6
v 1.3 0.2 12.6
v -1.5 0.2 12.5
v -1.4 0.2 12.5
v -1.1 0.2 12.5
v -1 0.2 12.5
v 0.7 0.2 12.5
v 0.8 0.2 12.5
v 1.2 0.2 12.5
v 1.3 0.2 12.5
v -1.5 0.2 12.4
v -1.4 0.2 12.4
v -1.1 0.2 12.4
v -1 0.2 12.4
v 0.8 0.2 12.4
v 0.9 0.2 12.4
v 1.2 0.2 12.4
v 1.3 0.2 12.4
v -1.1 0.2 12.3
v 0.3 0.2 12.3
v 0.4 0.2 12.3
v 0.6 0.2 12.3
v 0.7 0.2 12.3
v 0.8 0.2 12.3
v 0.9 0.2 12.3
v 1.2 0.2 12.3
v 1.3 0.2 12.3
v -1.5 0.2 12.2
v -1.4 0.2 12.2
v -1.1 0.2 12.2
v -1 0.2 12.2
v 0.3 0.2 12.2
v 0.4 0.2 12.2
v 0.6 0.2 12.2
v 0.7 0.2 12.2
v -1.5 0.2 12.1
v -1.4 0.2 12.1
v -1.3 0.2 12.1
v 0.1 0.2 12.1
v 0.2 0.2 12.1
v 0.4 0.2 12.1
v 0.5 0.2 12.1
v -1.4 0.2 12
v -1.3 0.2 12
v -1.2 0.2 12
v -1.1 0.2 12
v 0.1 0.2 12
v 0.2 0.2 12
v 0.4 0.2 12
v 0.5 0.2 12
v -1.4 0.2 11.9
v -1.3 0.2 11.9
v -1.2 0.2 11.9
v -1.1 0.2 11.9
v -1 0.2 11.9
v -0.6 0.2 11.9
v -0.5 0.2 11.9
v -0.1 0.2 11.9
v 0 0.2 11.9
v 0.1 0.2 11.9
v 0.2 0.2 11.9
v 1.3 0.2 11.9
v 1.4 0.2 11.9
v -1.4 0.2 11.8
v -1.3 0.2 11.8
v -1.1 0.2 11.8
v -1 0.2 11.8
v -0.9 0.2 11.8
v -0.6 0.2 11.8
v -0.5 0.2 11.8
v -0.1 0.2 11.8
v 0 0.2 11.8
v 0.1 0.2 11.8
v 0.2 0.2 11.8
v 0.3 0.2 11.8
v 0.6 0.2 11.8
v 0.7 0.2 11.8
v 0.8 0.2 11.8
v 1.2 0.2 11.8
v 1.3 0.2 11.8
v 1.4 0.2 11.8
v -1.3 0.2 11.7
v -1.2 0.2 11.7
v -1.1 0.2 11.7
v -1 0.2 11.7
v -0.9 0.2 11.7
v -0.3 0.2 11.7
v -0.2 0.2 11.7
v -0.1 0.2 11.7
v 0 0.2 11.7
v 0.1 0.2 11.7
v 0.2 0.2 11.7
v 0.3 0.2 11.7
v 0.4 0.2 11.7
v 0.5 0.2 11.7
v 0.6 0.2 11.7
v 0.7 0.2 11.7
v 0.8 0.2 11.7
v 0.9 0.2 11.7
v 1.2 0.2 11.7
v 1.3 0.2 11.7
v -1.3 0.2 11.6
v -1.2 0.2 11.6
v -1.1 0.2 11.6
v -1 0.2 11.6
v -0.3 0.2 11.6
v -0.2 0.2 11.6
v -0.1 0.2 11.6
v 0 0.2 11.6
v 0.1 0.2 11.6
v 0.2 0.2 11.6
v 0.3 0.2 11.6
v 0.4 0.2 11.6
v 0.5 0.2 11.6
v 0.8 0.2 11.6
v 0.9 0.2 11.6
v -1.2 0.2 11.5
v -1.1 0.2 11.5
v -1 0.2 11.5
v -0.8 0.2 11.5
v -0.7 0.2 11.5
v 0.1 0.2 11.5
v 0.2 0.2 11.5
v 0.3 0.2 11.5
v 0.4 0.2 11.5
v 0.5 0.2 11.5
v -1 0.2 11.4
v -0.9 0.2 11.4
v -0.8 0.2 11.4
v -0.7 0.2 11.4
v -0.4 0.2 11.4
v -0.3 0.2 11.4
v -0.2 0.2 11.4
v 0.3 0.2 11.4
v 0.4 0.2 11.4
v -1 0.2 11.3
v -0.9 0.2 11.3
v -0.4 0.2 11.3
v -0.3 0.2 11.3
v -0.2 0.2 11.3
v 0.8 0.2 11.3
v 0.9 0.2 11.3
v 1 0.2 11.3
v -0.9 0.2 11.2
v -0.8 0.2 11.2
v -0.3 0.2 11.2
v -0.2 0.2 11.2
v 0.8 0.2 11.2
v 0.9 0.2 11.2
v 1 0.2 11.2
v -0.9 0.2 11.1
v -0.8 0.2 11.1
v -0.5 0.3 13.7
v -0.4 0.3 13.7
v -0.3 0.3 13.7
v -0.5 0.3 13.6
v -0.4 0.3 13.6
v -0.3 0.3 13.6
v -0.6 0.3 13.5
v -0.5 0.3 13.5
v -0.4 0.3 13.5
v 0.6 0.3 13.5
v 0.7 0.3 13.5
v -0.7 0.3 13.4
v -0.6 0.3 13.4
v -0.5 0.3 13.4
v -0.4 0.3 13.4
v -0.3 0.3 13.4
v 0.6 0.3 13.4
v 0.7 0.3 13.4
v 0.8 0.3 13.4
v -0.9 0.3 13.3
v -0.8 0.3 13.3
v -0.7 0.3 13.3
v -0.6 0.3 13.3
v -0.5 0.3 13.3
v -0.4 0.3 13.3
v -0.3 0.3 13.3
v -0.2 0.3 13.3
v -0.1 0.3 13.3
v 0.7 0.3 13.3
v 0.8 0.3 13.3
v 0.9 0.3 13.3
v 1 0.3 13.3
v -0.9 0.3 13.2
v -0.8 0.3 13.2
v -0.7 0.3 13.2
v -0.5 0.3 13.2
v -0.4 0.3 13.2
v -0.3 0.3 13.2
v -0.2 0.3 13.2
v -0.1 0.3 13.2
v 0.7 0.3 13.2
v 0.8 0.3 13.2
v 0.9 0.3 13.2
v 1 0.3 13.2
v 1.1 0.3 13.2
v -1.1 0.3 13.1
v -1 0.3 13.1
v -0.9 0.3 13.1
v -0.8 0.3 13.1
v -0.7 0.3 13.1
v -0.6 0.3 13.1
v -0.5 0.3 13.1
v -0.4 0.3 13.1
v -0.3 0.3 13.1
v -0.1 0.3 13.1
v 0 0.3 13.1
v 0.1 0.3 13.1
v 0.4 0.3 13.1
v 0.5 0.3 13.1
v 0.9 0.3 13.1
v 1 0.3 13.1
v 1.1 0.3 13.1
v -1.1 0.3 13
v -1 0.3 13
v -0.9 0.3 13
v -0.8 0.3 13
v -0.7 0.3 13
v -0.6 0.3 13
v -0.1 0.3 13
v 0 0.3 13
v 0.1 0.3 13
v 0.4 0.3 13
v 0.5 0.3 13
v 0.6 0.3 13
v 0.7 0.3 13
v -1 0.3 12.9
v -0.9 0.3 12.9
v -0.7 0.3 12.9
v -0.6 0.3 12.9
v -0.5 0.3 12.9
v -0.4 0.3 12.9
v -0.3 0.3 12.9
v 0 0.3 12.9
v 0.1 0.3 12.9
v 0.3 0.3 12.9
v 0.4 0.3 12.9
v 0.5 0.3 12.9
v 0.6 0.3 12.9
v 0.7 0.3 12.9
v -1.2 0.3 12.8
v -1.1 0.3 12.8
v -1 0.3 12.8
v -0.9 0.3 12.8
v -0.5 0.3 12.8
v -0.4 0.3 12.8
v -0.3 0.3 12.8
v 0 0.3 12.8
v 0.1 0.3 12.8
v 0.2 0.3 12.8
v 0.3 0.3 12.8
v 0.4 0.3 12.8
v 0.6 0.3 12.8
v 0.7 0.3 12.8
v 0.8 0.3 12.8
v 0.9 0.3 12.8
v 1 0.3 12.8
v 1.1 0.3 12.8
v -1.4 0.3 12.7
v -1.3 0.3 12.7
v -1.2 0.3 12.7
v -1.1 0.3 12.7
v -1 0.3 12.7
v 0 0.3 12.7
v 0.1 0.3 12.7
v 0.2 0.3 12.7
v 0.7 0.3 12.7
v 0.8 0.3 12.7
v 0.9 0.3 12.7
v 1 0.3 12.7
v 1.1 0.3 12.7
v 1.2 0.3 12.7
v 1.3 0.3 12.7
v -1.4 0.3 12.6
v -1.3 0.3 12.6
v -1.2 0.3 12.6
v -0.9 0.3 12.6
v -0.8 0.3 12.6
v -0.6 0.3 12.6
v -0.5 0.3 12.6
v 0 0.3 12.6
v 0.1 0.3 12.6
v 0.9 0.3 12.6
v 1 0.3 12.6
v 1.1 0.3 12.6
v 1.2 0.3 12.6
v 1.3 0.3 12.6
v -1.4 0.3 12.5
v -1.3 0.3 12.5
v -1.2 0.3 12.5
v -1.1 0.3 12.5
v -0.9 0.3 12.5
v -0.8 0.3 12.5
v -0.6 0.3 12.5
v -0.5 0.3 12.5
v 0.7 0.3 12.5
v 0.8 0.3 12.5
v 0.9 0.3 12.5
v 1.1 0.3 12.5
v 1.2 0.3 12.5
v 1.3 0.3 12.5
v -1.3 0.3 12.4
v -1.2 0.3 12.4
v -1.1 0.3 12.4
v -1 0.3 12.4
v -0.9 0.3 12.4
v -0.8 0.3 12.4
v -0.6 0.3 12.4
v -0.5 0.3 12.4
v 0.2 0.3 12.4
v 0.3 0.3 12.4
v 0.6 0.3 12.4
v 0.7 0.3 12.4
v 0.8 0.3 12.4
v 0.9 0.3 12.4
v 1 0.3 12.4
v 1.2 0.3 12.4
v 1.3 0.3 12.4
v -1.4 0.3 12.3
v -1.3 0.3 12.3
v -1.2 0.3 12.3
v -1.1 0.3 12.3
v -1 0.3 12.3
v -0.9 0.3 12.3
v -0.7 0.3 12.3
v -0.6 0.3 12.3
v 0.2 0.3 12.3
v 0.3 0.3 12.3
v 0.6 0.3 12.3
v 0.7 0.3 12.3
v 0.8 0.3 12.3
v 0.9 0.3 12.3
v 1 0.3 12.3
v -1.4 0.3 12.2
v -1.3 0.3 12.2
v -1.2 0.3 12.2
v -1.1 0.3 12.2
v -0.9 0.3 12.2
v -0.8 0.3 12.2
v -0.7 0.3 12.2
v -0.6 0.3 12.2
v -0.5 0.3 12.2
v -0.4 0.3 12.2
v 0.1 0.3 12.2
v 0.2 0.3 12.2
v 0.9 0.3 12.2
v 1 0.3 12.2
v -1.4 0.3 12.1
v -1.3 0.3 12.1
v -1.2 0.3 12.1
v -1.1 0.3 12.1
v -1 0.3 12.1
v -0.9 0.3 12.1
v -0.8 0.3 12.1
v -0.5 0.3 12.1
v -0.4 0.3 12.1
v 0.1 0.3 12.1
v 0.2 0.3 12.1
v 0.3 0.3 12.1
v 0.4 0.3 12.1
v 0.9 0.3 12.1
v 1 0.3 12.1
v -1.3 0.3 12
v -1.2 0.3 12
v -1.1 0.3 12
v -1 0.3 12
v -0.9 0.3 12
v -0.8 0.3 12
v -0.4 0.3 12
v -0.3 0.3 12
v -0.2 0.3 12
v -0.1 0.3 12
v 0.2 0.3 12
v 0.3 0.3 12
v 0.4 0.3 12
v 0.5 0.3 12
v 1.1 0.3 12
v 1.2 0.3 12
v -1.3 0.3 11.9
v -1.2 0.3 11.9
v -1.1 0.3 11.9
v -1 0.3 11.9
v -0.9 0.3 11.9
v -0.8 0.3 11.9
v -0.4 0.3 11.9
v -0.3 0.3 11.9
v -0.2 0.3 11.9
v -0.1 0.3 11.9
v 0.1 0.3 11.9
v 0.2 0.3 11.9
v 0.3 0.3 11.9
v 0.4 0.3 11.9
v 0.5 0.3 11.9
v 0.6 0.3 11.9
v 0.9 0.3 11.9
v 1 0.3 11.9
v 1.1 0.3 11.9
v 1.2 0.3 11.9
v 1.3 0.3 11.9
v -1.4 0.3 11.8
v -1.3 0.3 11.8
v -1.2 0.3 11.8
v -1.1 0.3 11.8
v -1 0.3 11.8
v -0.9 0.3 11.8
v -0.8 0.3 11.8
v -0.7 0.3 11.8
v -0.6 0.3 11.8
v -0.5 0.3 11.8
v -0.4 0.3 11.8
v -0.3 0.3 11.8
v -0.2 0.3 11.8
v 0.1 0.3 11.8
v 0.2 0.3 11.8
v 0.3 0.3 11.8
v 0.4 0.3 11.8
v 0.5 0.3 11.8
v 0.6 0.3 11.8
v 0.9 0.3 11.8
v 1 0.3 11.8
v 1.1 0.3 11.8
v 1.2 0.3 11.8
v 1.3 0.3 11.8
v -1.4 0.3 11.7
v -1.3 0.3 11.7
v -1.2 0.3 11.7
v -1.1 0.3 11.7
v -0.9 0.3 11.7
v -0.8 0.3 11.7
v -0.7 0.3 11.7
v -0.6 0.3 11.7
v -0.5 0.3 11.7
v -0.4 0.3 11.7
v -0.2 0.3 11.7
v -0.1 0.3 11.7
v 0 0.3 11.7
v 0.1 0.3 11.7
v 0.2 0.3 11.7
v 0.3 0.3 11.7
v 0.4 0.3 11.7
v 0.5 0.3 11.7
v 0.6 0.3 11.7
v 0.7 0.3 11.7
v 0.9 0.3 11.7
v 1 0.3 11.7
v 1.1 0.3 11.7
v 1.2 0.3 11.7
v 1.3 0.3 11.7
v 1.4 0.3 11.7
v -1 0.3 11.6
v -0.9 0.3 11.6
v -0.8 0.3 11.6
v -0.7 0.3 11.6
v -0.6 0.3 11.6
v -0.5 0.3 11.6
v -0.4 0.3 11.6
v -0.3 0.3 11.6
v -0.2 0.3 11.6
v -0.1 0.3 11.6
v 0 0.3 11.6
v 0.1 0.3 11.6
v 0.2 0.3 11.6
v 0.3 0.3 11.6
v 0.5 0.3 11.6
v 0.6 0.3 11.6
v 0.7 0.3 11.6
v 0.8 0.3 11.6
v 0.9 0.3 11.6
v 1 0.3 11.6
v 1.1 0.3 11.6
v 1.2 0.3 11.6
v 1.3 0.3 11.6
v 1.4 0.3 11.6
v -1 0.3 11.5
v -0.9 0.3 11.5
v -0.8 0.3 11.5
v -0.7 0.3 11.5
v -0.6 0.3 11.5
v -0.5 0.3 11.5
v -0.4 0.3 11.5
v -0.3 0.3 11.5
v -0.2 0.3 11.5
v -0.1 0.3 11.5
v 0 0.3 11.5
v 0.1 0.3 11.5
v 0.2 0.3 11.5
v 0.3 0.3 11.5
v 0.6 0.3 11.5
v 0.7 0.3 11.5
v 0.8 0.3 11.5
v 0.9 0.3 11.5
v 1 0.3 11.5
v 1.1 0.3 11.5
v 1.2 0.3 11.5
v 1.3 0.3 11.5
v -0.7 0.3 11.4
v -0.6 0.3 11.4
v -0.5 0.3 11.4
v -0.3 0.3 11.4
v -0.2 0.3 11.4
v -0.1 0.3 11.4
v 0 0.3 11.4
v 0.1 0.3 11.4
v 0.2 0.3 11.4
v 0.7 0.3 11.4
v 0.8 0.3 11.4
v 0.9 0.3 11.4
v 1 0.3 11.4
v 1.1 0.3 11.4
v 1.2 0.3 11.4
v -0.2 0.3 11.3
v -0.1 0.3 11.3
v 0 0.3 11.3
v 0.1 0.3 11.3
v 0.2 0.3 11.3
v 0.7 0.3 11.3
v 0.8 0.3 11.3
v 0.9 0.3 11.3
v 1 0.3 11.3
v 1.1 0.3 11.3
v -0.8 0.3 11.2
v -0.7 0.3 11.2
v -0.6 0.3 11.2
v -0.2 0.3 11.2
v -0.1 0.3 11.2
v 0.1 0.3 11.2
v 0.2 0.3 11.2
v 0.7 0.3 11.2
v 0.8 0.3 11.2
v -0.8 0.3 11.1
v -0.7 0.3 11.1
v -0.6 0.3 11.1
v -0.2 0.3 11.1
v -0.1 0.3 11.1
v 0 0.3 11.1
v 0.1 0.3 11.1
v -0.1 0.3 11
v 0 0.3 11
v 0.1 0.3 11
v -0.4 0.4 13.6
v -0.3 0.4 13.6
v -0.4 0.4 13.5
v -0.3 0.4 13.5
v -0.2 0.4 13.5
v -0.4 0.4 13.4
v -0.3 0.4 13.4
v -0.2 0.4 13.4
v 0 0.4 13.3
v 0.1 0.4 13.3
v -0.7 0.4 13.2
v -0.6 0.4 13.2
v -0.3 0.4 13.2
v -0.2 0.4 13.2
v -0.1 0.4 13.2
v 0 0.4 13.2
v 0.1 0.4 13.2
v 0.2 0.4 13.2
v 0.7 0.4 13.2
v 0.8 0.4 13.2
v -1 0.4 13.1
v -0.9 0.4 13.1
v -0.8 0.4 13.1
v -0.7 0.4 13.1
v -0.6 0.4 13.1
v -0.5 0.4 13.1
v -0.3 0.4 13.1
v -0.2 0.4 13.1
v -0.1 0.4 13.1
v 0 0.4 13.1
v 0.1 0.4 13.1
v 0.2 0.4 13.1
v 0.6 0.4 13.1
v 0.7 0.4 13.1
v 0.8 0.4 13.1
v 0.9 0.4 13.1
v 1 0.4 13.1
v 1.1 0.4 13.1
v -1.1 0.4 13
v -1 0.4 13
v -0.9 0.4 13
v -0.8 0.4 13
v -0.7 0.4 13
v -0.6 0.4 13
v -0.5 0.4 13
v -0.2 0.4 13
v -0.1 0.4 13
v 0 0.4 13
v 0.1 0.4 13
v 0.2 0.4 13
v 0.3 0.4 13
v 0.4 0.4 13
v 0.6 0.4 13
v 0.7 0.4 13
v 0.8 0.4 13
v 0.9 0.4 13
v 1 0.4 13
v 1.1 0.4 13
v -1.3 0.4 12.9
v -1.2 0.4 12.9
v -1.1 0.4 12.9
v -1 0.4 12.9
v -0.9 0.4 12.9
v -0.8 0.4 12.9
v -0.7 0.4 12.9
v -0.6 0.4 12.9
v -0.5 0.4 12.9
v -0.2 0.4 12.9
v -0.1 0.4 12.9
v 0 0.4 12.9
v 0.2 0.4 12.9
v 0.3 0.4 12.9
v 0.4 0.4 12.9
v 0.7 0.4 12.9
v 0.8 0.4 12.9
v 0.9 0.4 12.9
v 1 0.4 12.9
v 1.1 0.4 12.9
v -1.3 0.4 12.8
v -1.2 0.4 12.8
v -1.1 0.4 12.8
v -0.9 0.4 12.8
v -0.8 0.4 12.8
v -0.7 0.4 12.8
v -0.6 0.4 12.8
v -0.5 0.4 12.8
v -0.4 0.4 12.8
v -0.2 0.4 12.8
v -0.1 0.4 12.8
v 0 0.4 12.8
v 0.1 0.4 12.8
v 0.2 0.4 12.8
v 0.3 0.4 12.8
v 0.7 0.4 12.8
v 0.8 0.4 12.8
v 0.9 0.4 12.8
v 1 0.4 12.8
v 1.1 0.4 12.8
v -1.1 0.4 12.7
v -1 0.4 12.7
v -0.9 0.4 12.7
v -0.8 0.4 12.7
v -0.7 0.4 12.7
v -0.6 0.4 12.7
v -0.5 0.4 12.7
v -0.4 0.4 12.7
v -0.1 0.4 12.7
v 0 0.4 12.7
v 0.1 0.4 12.7
v 0.2 0.4 12.7
v 0.3 0.4 12.7
v 0.9 0.4 12.7
v 1 0.4 12.7
v 1.1 0.4 12.7
v 1.2 0.4 12.7
v -1.4 0.4 12.6
v -1.3 0.4 12.6
v -1.2 0.4 12.6
v -1.1 0.4 12.6
v -1 0.4 12.6
v -0.9 0.4 12.6
v -0.8 0.4 12.6
v -0.7 0.4 12.6
v -0.6 0.4 12.6
v -0.5 0.4 12.6
v -0.4 0.4 12.6
v 0.1 0.4 12.6
v 0.2 0.4 12.6
v 0.3 0.4 12.6
v 0.4 0.4 12.6
v 0.7 0.4 12.6
v 0.8 0.4 12.6
v 0.9 0.4 12.6
v 1 0.4 12.6
v 1.1 0.4 12.6
v 1.2 0.4 12.6
v -1.4 0.4 12.5
v -1.3 0.4 12.5
v -1.2 0.4 12.5
v -1.1 0.4 12.5
v -1 0.4 12.5
v -0.9 0.4 12.5
v -0.8 0.4 12.5
v -0.7 0.4 12.5
v -0.5 0.4 12.5
v -0.4 0.4 12.5
v -0.3 0.4 12.5
v 0.3 0.4 12.5
v 0.4 0.4 12.5
v 0.7 0.4 12.5
v 0.8 0.4 12.5
v 0.9 0.4 12.5
v 1 0.4 12.5
v 1.1 0.4 12.5
v 1.2 0.4 12.5
v -1.2 0.4 12.4
v -1.1 0.4 12.4
v -0.9 0.4 12.4
v -0.8 0.4 12.4
v -0.7 0.4 12.4
v -0.5 0.4 12.4
v -0.4 0.4 12.4
v -0.3 0.4 12.4
v 0.1 0.4 12.4
v 0.2 0.4 12.4
v 0.3 0.4 12.4
v 0.4 0.4 12.4
v 0.9 0.4 12.4
v 1 0.4 12.4
v 1.1 0.4 12.4
v 1.2 0.4 12.4
v -1.3 0.4 12.3
v -1.2 0.4 12.3
v -1.1 0.4 12.3
v -0.9 0.4 12.3
v -0.8 0.4 12.3
v -0.7 0.4 12.3
v -0.6 0.4 12.3
v -0.5 0.4 12.3
v 0.2 0.4 12.3
v 0.3 0.4 12.3
v 0.4 0.4 12.3
v 0.7 0.4 12.3
v 0.8 0.4 12.3
v 0.9 0.4 12.3
v 1 0.4 12.3
v -1.3 0.4 12.2
v -1.2 0.4 12.2
v -1.1 0.4 12.2
v -0.8 0.4 12.2
v -0.7 0.4 12.2
v -0.6 0.4 12.2
v -0.5 0.4 12.2
v 0.1 0.4 12.2
v 0.2 0.4 12.2
v 0.3 0.4 12.2
v 0.4 0.4 12.2
v 0.7 0.4 12.2
v 0.8 0.4 12.2
v 0.9 0.4 12.2
v 1 0.4 12.2
v 1.1 0.4 12.2
v 1.2 0.4 12.2
v -1.2 0.4 12.1
v -1.1 0.4 12.1
v -1 0.4 12.1
v -0.9 0.4 12.1
v -0.8 0.4 12.1
v -0.7 0.4 12.1
v -0.6 0.4 12.1
v -0.5 0.4 12.1
v -0.4 0.4 12.1
v -0.3 0.4 12.1
v 0.6 0.4 12.1
v 0.8 0.4 12.1
v 1.1 0.4 12.1
v 1.2 0.4 12.1
v -1.3 0.4 12
v -1.2 0.4 12
v -1.1 0.4 12
v -1 0.4 12
v -0.9 0.4 12
v -0.8 0.4 12
v -0.6 0.4 12
v -0.5 0.4 12
v -0.4 0.4 12
v -0.3 0.4 12
v -0.2 0.4 12
v -0.1 0.4 12
v 0 0.4 12
v 0.6 0.4 12
v 0.7 0.4 12
v 0.8 0.4 12
v 0.9 0.4 12
v 1 0.4 12
v 1.3 0.4 12
v 1.4 0.4 12
v -1.3 0.4 11.9
v -1.2 0.4 11.9
v -1.1 0.4 11.9
v -1 0.4 11.9
v -0.6 0.4 11.9
v -0.5 0.4 11.9
v -0.4 0.4 11.9
v -0.3 0.4 11.9
v -0.2 0.4 11.9
v -0.1 0.4 11.9
v 0 0.4 11.9
v 0.1 0.4 11.9
v 0.2 0.4 11.9
v 0.3 0.4 11.9
v 0.4 0.4 11.9
v 0.5 0.4 11.9
v 0.6 0.4 11.9
v 0.7 0.4 11.9
v 0.8 0.4 11.9
v 0.9 0.4 11.9
v 1 0.4 11.9
v 1.1 0.4 11.9
v 1.2 0.4 11.9
v 1.3 0.4 11.9
v 1.4 0.4 11.9
v -1 0.4 11.8
v -0.9 0.4 11.8
v -0.6 0.4 11.8
v -0.5 0.4 11.8
v -0.4 0.4 11.8
v -0.3 0.4 11.8
v -0.1 0.4 11.8
v 0 0.4 11.8
v 0.1 0.4 11.8
v 0.2 0.4 11.8
v 0.3 0.4 11.8
v 0.4 0.4 11.8
v 0.5 0.4 11.8
v 0.8 0.4 11.8
v 0.9 0.4 11.8
v 1 0.4 11.8
v 1.1 0.4 11.8
v 1.2 0.4 11.8
v -1.1 0.4 11.7
v -1 0.4 11.7
v -0.9 0.4 11.7
v -0.5 0.4 11.7
v -0.4 0.4 11.7
v -0.3 0.4 11.7
v -0.2 0.4 11.7
v -0.1 0.4 11.7
v 0 0.4 11.7
v 0.1 0.4 11.7
v 0.2 0.4 11.7
v 0.4 0.4 11.7
v 0.5 0.4 11.7
v 1.1 0.4 11.7
v 1.2 0.4 11.7
v -1.1 0.4 11.6
v -1 0.4 11.6
v -0.9 0.4 11.6
v -0.6 0.4 11.6
v -0.5 0.4 11.6
v -0.4 0.4 11.6
v -0.3 0.4 11.6
v -0.2 0.4 11.6
v -0.1 0.4 11.6
v 0 0.4 11.6
v 0.1 0.4 11.6
v 0.2 0.4 11.6
v 0.3 0.4 11.6
v 0.4 0.4 11.6
v 1.1 0.4 11.6
v 1.2 0.4 11.6
v -1 0.4 11.5
v -0.9 0.4 11.5
v -0.6 0.4 11.5
v -0.5 0.4 11.5
v -0.4 0.4 11.5
v -0.3 0.4 11.5
v -0.2 0.4 11.5
v -0.1 0.4 11.5
v 0 0.4 11.5
v 0.3 0.4 11.5
v 0.4 0.4 11.5
v 0.5 0.4 11.5
v 0.6 0.4 11.5
v 0.7 0.4 11.5
v 0.8 0.4 11.5
v 0.9 0.4 11.5
v 1 0.4 11.5
v 1.1 0.4 11.5
v -1 0.4 11.4
v -0.9 0.4 11.4
v -0.5 0.4 11.4
v -0.4 0.4 11.4
v 0.2 0.4 11.4
v 0.3 0.4 11.4
v 0.5 0.4 11.4
v 0.6 0.4 11.4
v 0.7 0.4 11.4
v 0.8 0.4 11.4
v 1 0.4 11.4
v 1.1 0.4 11.4
v -1 0.4 11.3
v -0.9 0.4 11.3
v -0.8 0.4 11.3
v -0.5 0.4 11.3
v -0.4 0.4 11.3
v -0.2 0.4 11.3
v -0.1 0.4 11.3
v 0 0.4 11.3
v 0.1 0.4 11.3
v 0.2 0.4 11.3
v 0.3 0.4 11.3
v 0.6 0.4 11.3
v 0.7 0.4 11.3
v 0.9 0.4 11.3
v 1 0.4 11.3
v -1 0.4 11.2
v -0.9 0.4 11.2
v -0.8 0.4 11.2
v -0.2 0.4 11.2
v -0.1 0.4 11.2
v 0 0.4 11.2
v 0.1 0.4 11.2
v -0.1 0.4 11.1
v 0 0.4 11.1
v -0.2 0.5 13.4
v -0.1 0.5 13.4
v -0.5 0.5 13.3
v -0.4 0.5 13.3
v -0.2 0.5 13.3
v -0.1 0.5 13.3
v 0 0.5 13.3
v -0.6 0.5 13.2
v -0.5 0.5 13.2
v -0.4 0.5 13.2
v -0.3 0.5 13.2
v -0.2 0.5 13.2
v -0.1 0.5 13.2
v 0 0.5 13.2
v 0.8 0.5 13.2
v 0.9 0.5 13.2
v -0.7 0.5 13.1
v -0.6 0.5 13.1
v -0.5 0.5 13.1
v -0.4 0.5 13.1
v -0.3 0.5 13.1
v -0.2 0.5 13.1
v -0.1 0.5 13.1
v 0 0.5 13.1
v 0.1 0.5 13.1
v 0.8 0.5 13.1
v 0.9 0.5 13.1
v -0.9 0.5 13
v -0.8 0.5 13
v -0.7 0.5 13
v -0.6 0.5 13
v -0.5 0.5 13
v -0.4 0.5 13
v -0.3 0.5 13
v -0.2 0.5 13
v -0.1 0.5 13
v 0 0.5 13
v 0.1 0.5 13
v 0.2 0.5 13
v 0.3 0.5 13
v 0.4 0.5 13
v 0.5 0.5 13
v -1 0.5 12.9
v -0.9 0.5 12.9
v -0.8 0.5 12.9
v -0.7 0.5 12.9
v -0.6 0.5 12.9
v -0.5 0.5 12.9
v -0.4 0.5 12.9
v -0.3 0.5 12.9
v 0 0.5 12.9
v 0.1 0.5 12.9
v 0.2 0.5 12.9
v 0.3 0.5 12.9
v 0.4 0.5 12.9
v 0.5 0.5 12.9
v 0.7 0.5 12.9
v 0.8 0.5 12.9
v 0.9 0.5 12.9
v 1 0.5 12.9
v -1.2 0.5 12.8
v -1.1 0.5 12.8
v -1 0.5 12.8
v -0.8 0.5 12.8
v -0.7 0.5 12.8
v -0.6 0.5 12.8
v -0.4 0.5 12.8
v -0.3 0.5 12.8
v 0 0.5 12.8
v 0.1 0.5 12.8
v 0.2 0.5 12.8
v 0.3 0.5 12.8
v 0.4 0.5 12.8
v 0.5 0.5 12.8
v 0.6 0.5 12.8
v 0.7 0.5 12.8
v 0.8 0.5 12.8
v 0.9 0.5 12.8
v 1 0.5 12.8
v -1.2 0.5 12.7
v -1.1 0.5 12.7
v -1 0.5 12.7
v -0.9 0.5 12.7
v -0.8 0.5 12.7
v -0.7 0.5 12.7
v -0.6 0.5 12.7
v -0.4 0.5 12.7
v -0.3 0.5 12.7
v 0.2 0.5 12.7
v 0.3 0.5 12.7
v 0.4 0.5 12.7
v 0.5 0.5 12.7
v 0.6 0.5 12.7
v 0.7 0.5 12.7
v 0.8 0.5 12.7
v 0.9 0.5 12.7
v 1 0.5 12.7
v 1.1 0.5 12.7
v -1.3 0.5 12.6
v -1.2 0.5 12.6
v -0.9 0.5 12.6
v -0.8 0.5 12.6
v -0.7 0.5 12.6
v -0.6 0.5 12.6
v -0.5 0.5 12.6
v 0.5 0.5 12.6
v 0.6 0.5 12.6
v 0.7 0.5 12.6
v 0.8 0.5 12.6
v 1 0.5 12.6
v 1.1 0.5 12.6
v -1.3 0.5 12.5
v -1.2 0.5 12.5
v -1.1 0.5 12.5
v -1 0.5 12.5
v -0.9 0.5 12.5
v -0.8 0.5 12.5
v -0.7 0.5 12.5
v -0.6 0.5 12.5
v -0.5 0.5 12.5
v 1 0.5 12.5
v 1.1 0.5 12.5
v -1 0.5 12.4
v -0.9 0.5 12.4
v -0.8 0.5 12.4
v -0.7 0.5 12.4
v -0.6 0.5 12.4
v 0.2 0.5 12.4
v 0.3 0.5 12.4
v 0.5 0.5 12.4
v 0.6 0.5 12.4
v 0.9 0.5 12.4
v 1 0.5 12.4
v 1.1 0.5 12.4
v -1.1 0.5 12.3
v -1 0.5 12.3
v -0.9 0.5 12.3
v -0.8 0.5 12.3
v -0.7 0.5 12.3
v -0.6 0.5 12.3
v 0.2 0.5 12.3
v 0.3 0.5 12.3
v 0.5 0.5 12.3
v 0.6 0.5 12.3
v 0.9 0.5 12.3
v 1 0.5 12.3
v 1.1 0.5 12.3
v 1.2 0.5 12.3
v 1.3 0.5 12.3
v -1.1 0.5 12.2
v -1 0.5 12.2
v -0.9 0.5 12.2
v -0.8 0.5 12.2
v -0.7 0.5 12.2
v -0.6 0.5 12.2
v -0.5 0.5 12.2
v -0.4 0.5 12.2
v 0.2 0.5 12.2
v 0.3 0.5 12.2
v 0.4 0.5 12.2
v 0.5 0.5 12.2
v 0.6 0.5 12.2
v 0.8 0.5 12.2
v 0.9 0.5 12.2
v 1 0.5 12.2
v 1.1 0.5 12.2
v 1.2 0.5 12.2
v 1.3 0.5 12.2
v 1.4 0.5 12.2
v -1.1 0.5 12.1
v -1 0.5 12.1
v -0.9 0.5 12.1
v -0.8 0.5 12.1
v -0.7 0.5 12.1
v -0.6 0.5 12.1
v -0.5 0.5 12.1
v -0.4 0.5 12.1
v 0.2 0.5 12.1
v 0.3 0.5 12.1
v 0.4 0.5 12.1
v 0.5 0.5 12.1
v 0.6 0.5 12.1
v 0.8 0.5 12.1
v 0.9 0.5 12.1
v 1 0.5 12.1
v 1.2 0.5 12.1
v 1.3 0.5 12.1
v 1.4 0.5 12.1
v -0.8 0.5 12
v -0.7 0.5 12
v -0.6 0.5 12
v -0.5 0.5 12
v -0.4 0.5 12
v 0.5 0.5 12
v 0.6 0.5 12
v 0.9 0.5 12
v 1 0.5 12
v 1.1 0.5 12
v 1.2 0.5 12
v 1.3 0.5 12
v 1.4 0.5 12
v -0.8 0.5 11.9
v -0.7 0.5 11.9
v -0.6 0.5 11.9
v -0.5 0.5 11.9
v -0.4 0.5 11.9
v -0.2 0.5 11.9
v -0.1 0.5 11.9
v 0.5 0.5 11.9
v 0.6 0.5 11.9
v 1 0.5 11.9
v 1.1 0.5 11.9
v 1.2 0.5 11.9
v 1.3 0.5 11.9
v -0.9 0.5 11.8
v -0.8 0.5 11.8
v -0.7 0.5 11.8
v -0.6 0.5 11.8
v -0.5 0.5 11.8
v -0.3 0.5 11.8
v -0.2 0.5 11.8
v -0.1 0.5 11.8
v 0.2 0.5 11.8
v 0.3 0.5 11.8
v 0.5 0.5 11.8
v 0.6 0.5 11.8
v -0.9 0.5 11.7
v -0.8 0.5 11.7
v -0.7 0.5 11.7
v -0.6 0.5 11.7
v -0.5 0.5 11.7
v -0.4 0.5 11.7
v -0.3 0.5 11.7
v -0.2 0.5 11.7
v -0.1 0.5 11.7
v 0.2 0.5 11.7
v 0.3 0.5 11.7
v 0.7 0.5 11.7
v 0.9 0.5 11.7
v -0.8 0.5 11.6
v -0.7 0.5 11.6
v -0.6 0.5 11.6
v -0.5 0.5 11.6
v -0.4 0.5 11.6
v -0.3 0.5 11.6
v -0.2 0.5 11.6
v -0.1 0.5 11.6
v 0.2 0.5 11.6
v 0.3 0.5 11.6
v 0.7 0.5 11.6
v 0.8 0.5 11.6
v 0.9 0.5 11.6
v -0.8 0.5 11.5
v -0.7 0.5 11.5
v -0.6 0.5 11.5
v -0.5 0.5 11.5
v -0.4 0.5 11.5
v 0.3 0.5 11.5
v 0.4 0.5 11.5
v 0.6 0.5 11.5
v 0.7 0.5 11.5
v -0.8 0.5 11.4
v -0.7 0.5 11.4
v -0.6 0.5 11.4
v -0.5 0.5 11.4
v -0.4 0.5 11.4
v 0.3 0.5 11.4
v 0.4 0.5 11.4
v 0.6 0.5 11.4
v 0.7 0.5 11.4
v -0.8 0.5 11.3
v -0.7 0.5 11.3
v -0.6 0.5 11.3
v 0.4 0.5 11.3
v 0.5 0.5 11.3
v 0.6 0.5 11.3
v -0.8 0.5 11.2
v -0.7 0.5 11.2
v -0.6 0.5 11.2
v 0.4 0.5 11.2
v 0.6 0.5 11.2
v -0.1 0.6 13.4
v 0 0.6 13.4
v -0.1 0.6 13.3
v 0 0.6 13.3
v -0.5 0.6 13.2
v -0.4 0.6 13.2
v -0.2 0.6 13.2
v -0.1 0.6 13.2
v 0 0.6 13.2
v 0.1 0.6 13.2
v -0.5 0.6 13.1
v -0.4 0.6 13.1
v -0.3 0.6 13.1
v -0.2 0.6 13.1
v -0.1 0.6 13.1
v 0 0.6 13.1
v 0.1 0.6 13.1
v -0.7 0.6 13
v -0.6 0.6 13
v -0.4 0.6 13
v -0.3 0.6 13
v -0.2 0.6 13
v -0.1 0.6 13
v -1.1 0.6 12.9
v -1 0.6 12.9
v -0.7 0.6 12.9
v -0.6 0.6 12.9
v -0.5 0.6 12.9
v -0.4 0.6 12.9
v -0.3 0.6 12.9
v -0.2 0.6 12.9
v -0.1 0.6 12.9
v 0 0.6 12.9
v -1.1 0.6 12.8
v -1 0.6 12.8
v -0.6 0.6 12.8
v -0.5 0.6 12.8
v -0.4 0.6 12.8
v -0.3 0.6 12.8
v -0.1 0.6 12.8
v 0 0.6 12.8
v 0.1 0.6 12.8
v 0.3 0.6 12.8
v 0.4 0.6 12.8
v 0.5 0.6 12.8
v 0.6 0.6 12.8
v -1.4 0.6 12.7
v -1.2 0.6 12.7
v -1.1 0.6 12.7
v -1 0.6 12.7
v -0.9 0.6 12.7
v -0.8 0.6 12.7
v -0.7 0.6 12.7
v -0.6 0.6 12.7
v -0.5 0.6 12.7
v -0.4 0.6 12.7
v -0.2 0.6 12.7
v -0.1 0.6 12.7
v 0 0.6 12.7
v 0.1 0.6 12.7
v 0.2 0.6 12.7
v 0.3 0.6 12.7
v 0.4 0.6 12.7
v 0.5 0.6 12.7
v 0.6 0.6 12.7
v 0.8 0.6 12.7
v 0.9 0.6 12.7
v -1.4 0.6 12.6
v -1.2 0.6 12.6
v -1.1 0.6 12.6
v -1 0.6 12.6
v -0.9 0.6 12.6
v -0.8 0.6 12.6
v -0.7 0.6 12.6
v -0.6 0.6 12.6
v -0.5 0.6 12.6
v -0.4 0.6 12.6
v -0.2 0.6 12.6
v -0.1 0.6 12.6
v 0 0.6 12.6
v 0.1 0.6 12.6
v 0.2 0.6 12.6
v 0.3 0.6 12.6
v 0.4 0.6 12.6
v 0.5 0.6 12.6
v 0.6 0.6 12.6
v 0.7 0.6 12.6
v 0.8 0.6 12.6
v 0.9 0.6 12.6
v -1.2 0.6 12.5
v -1.1 0.6 12.5
v -1 0.6 12.5
v -0.9 0.6 12.5
v -0.8 0.6 12.5
v -0.7 0.6 12.5
v -0.6 0.6 12.5
v -0.5 0.6 12.5
v -0.4 0.6 12.5
v -0.3 0.6 12.5
v -0.1 0.6 12.5
v 0 0.6 12.5
v 0.1 0.6 12.5
v 0.2 0.6 12.5
v 0.4 0.6 12.5
v 0.5 0.6 12.5
v 0.6 0.6 12.5
v 0.7 0.6 12.5
v -0.7 0.6 12.4
v -0.6 0.6 12.4
v -0.4 0.6 12.4
v -0.3 0.6 12.4
v 0.5 0.6 12.4
v 0.6 0.6 12.4
v -1.1 0.6 12.3
v -1 0.6 12.3
v -0.6 0.6 12.3
v -0.5 0.6 12.3
v -0.4 0.6 12.3
v -0.3 0.6 12.3
v -0.2 0.6 12.3
v 0.6 0.6 12.3
v 0.7 0.6 12.3
v -1.1 0.6 12.2
v -1 0.6 12.2
v -0.5 0.6 12.2
v -0.4 0.6 12.2
v -0.3 0.6 12.2
v -0.2 0.6 12.2
v 0.5 0.6 12.2
v 0.6 0.6 12.2
v 0.7 0.6 12.2
v 0.8 0.6 12.2
v 1 0.6 12.2
v 1.1 0.6 12.2
v 0.5 0.6 12.1
v 0.6 0.6 12.1
v 0.7 0.6 12.1
v 0.8 0.6 12.1
v 0.9 0.6 12.1
v 1 0.6 12.1
v 1.1 0.6 12.1
v 1.2 0.6 12.1
v -0.4 0.6 12
v -0.3 0.6 12
v -0.2 0.6 12
v 0 0.6 12
v 0.1 0.6 12
v 0.5 0.6 12
v 0.6 0.6 12
v 0.7 0.6 12
v 0.8 0.6 12
v 0.9 0.6 12
v 1 0.6 12
v 1.1 0.6 12
v 1.2 0.6 12
v -0.4 0.6 11.9
v -0.3 0.6 11.9
v -0.2 0.6 11.9
v -0.1 0.6 11.9
v 0 0.6 11.9
v 0.1 0.6 11.9
v 0.2 0.6 11.9
v 0.5 0.6 11.9
v 0.6 0.6 11.9
v 0.7 0.6 11.9
v 0.8 0.6 11.9
v 1 0.6 11.9
v 1.1 0.6 11.9
v 1.2 0.6 11.9
v -1 0.6 11.8
v -0.9 0.6 11.8
v -0.8 0.6 11.8
v -0.7 0.6 11.8
v -0.6 0.6 11.8
v -0.4 0.6 11.8
v -0.3 0.6 11.8
v -0.2 0.6 11.8
v -0.1 0.6 11.8
v 0 0.6 11.8
v 0.1 0.6 11.8
v 0.2 0.6 11.8
v 0.4 0.6 11.8
v 0.5 0.6 11.8
v 0.6 0.6 11.8
v 0.7 0.6 11.8
v 0.8 0.6 11.8
v 0.9 0.6 11.8
v 1 0.6 11.8
v 1.1 0.6 11.8
v -1 0.6 11.7
v -0.9 0.6 11.7
v -0.8 0.6 11.7
v -0.7 0.6 11.7
v -0.6 0.6 11.7
v -0.2 0.6 11.7
v -0.1 0.6 11.7
v 0 0.6 11.7
v 0.1 0.6 11.7
v 0.3 0.6 11.7
v 0.4 0.6 11.7
v 0.5 0.6 11.7
v 0.6 0.6 11.7
v 0.7 0.6 11.7
v 0.8 0.6 11.7
v 0.9 0.6 11.7
v 1 0.6 11.7
v -1 0.6 11.6
v -0.9 0.6 11.6
v -0.8 0.6 11.6
v -0.1 0.6 11.6
v 0 0.6 11.6
v 0.1 0.6 11.6
v 0.2 0.6 11.6
v 0.3 0.6 11.6
v 0.4 0.6 11.6
v 0.5 0.6 11.6
v 0.6 0.6 11.6
v 0.7 0.6 11.6
v 0.8 0.6 11.6
v -0.9 0.6 11.5
v -0.8 0.6 11.5
v -0.4 0.6 11.5
v -0.3 0.6 11.5
v -0.1 0.6 11.5
v 0 0.6 11.5
v 0.1 0.6 11.5
v 0.2 0.6 11.5
v 0.3 0.6 11.5
v 0.4 0.6 11.5
v 0.5 0.6 11.5
v 0.6 0.6 11.5
v 0.7 0.6 11.5
v 0.8 0.6 11.5
v -1 0.6 11.4
v -0.9 0.6 11.4
v -0.8 0.6 11.4
v -0.4 0.6 11.4
v -0.3 0.6 11.4
v -0.2 0.6 11.4
v -0.1 0.6 11.4
v 0 0.6 11.4
v 0.1 0.6 11.4
v 0.3 0.6 11.4
v 0.4 0.6 11.4
v 0.5 0.6 11.4
v 0.6 0.6 11.4
v 0.7 0.6 11.4
v 0.8 0.6 11.4
v -1 0.6 11.3
v -0.9 0.6 11.3
v -0.8 0.6 11.3
v -0.2 0.6 11.3
v -0.1 0.6 11.3
v 0 0.6 11.3
v 0.4 0.6 11.3
v 0.5 0.6 11.3
v 0.6 0.6 11.3
v 0.7 0.6 11.3
v -0.1 0.6 11.2
v 0 0.6 11.2
v 0.3 0.6 11.2
v 0.4 0.6 11.2
v 0.6 0.7 13.2
v 0.7 0.7 13.2
v 0.6 0.7 13.1
v 0.7 0.7 13.1
v -0.3 0.7 13
v -0.2 0.7 13
v -0.3 0.7 12.9
v -0.2 0.7 12.9
v 0.4 0.7 12.9
v 0.6 0.7 12.9
v -0.3 0.7 12.8
v -0.2 0.7 12.8
v 0.4 0.7 12.8
v 0.5 0.7 12.8
v 0.6 0.7 12.8
v -1.1 0.7 12.7
v -1 0.7 12.7
v -0.4 0.7 12.7
v -0.3 0.7 12.7
v -0.2 0.7 12.7
v -1.1 0.7 12.6
v -1 0.7 12.6
v -0.4 0.7 12.6
v -0.2 0.7 12.6
v 0.2 0.7 12.6
v 0.3 0.7 12.6
v -1.1 0.7 12.5
v -1 0.7 12.5
v -0.9 0.7 12.5
v -0.8 0.7 12.5
v -0.7 0.7 12.5
v -0.4 0.7 12.5
v -0.3 0.7 12.5
v -0.2 0.7 12.5
v 0.2 0.7 12.5
v 0.3 0.7 12.5
v 0.4 0.7 12.5
v 0.6 0.7 12.5
v 0.7 0.7 12.5
v -0.9 0.7 12.4
v -0.8 0.7 12.4
v -0.7 0.7 12.4
v -0.3 0.7 12.4
v -0.2 0.7 12.4
v 0.3 0.7 12.4
v 0.4 0.7 12.4
v 0.6 0.7 12.4
v 0.7 0.7 12.4
v 0.8 0.7 12.4
v 0.9 0.7 12.4
v 0.3 0.7 12.3
v 0.4 0.7 12.3
v 0.6 0.7 12.3
v 0.7 0.7 12.3
v 0.8 0.7 12.3
v 0.9 0.7 12.3
v 1.1 0.7 12.3
v 1.2 0.7 12.3
v -0.7 0.7 12.2
v -0.6 0.7 12.2
v -0.5 0.7 12.2
v -0.2 0.7 12.2
v -0.1 0.7 12.2
v 0.3 0.7 12.2
v 0.4 0.7 12.2
v 0.5 0.7 12.2
v 1.2 0.7 12.2
v 1.3 0.7 12.2
v -0.7 0.7 12.1
v -0.5 0.7 12.1
v -0.4 0.7 12.1
v -0.3 0.7 12.1
v -0.2 0.7 12.1
v -0.1 0.7 12.1
v 0.4 0.7 12.1
v 0.5 0.7 12.1
v 0.7 0.7 12.1
v 0.8 0.7 12.1
v 1.1 0.7 12.1
v 1.2 0.7 12.1
v 1.3 0.7 12.1
v -0.4 0.7 12
v -0.3 0.7 12
v -0.2 0.7 12
v -0.1 0.7 12
v 0.2 0.7 12
v 0.3 0.7 12
v 0.4 0.7 12
v 0.7 0.7 12
v 0.8 0.7 12
v 0.9 0.7 12
v -0.9 0.7 11.9
v -0.8 0.7 11.9
v -0.7 0.7 11.9
v -0.2 0.7 11.9
v -0.1 0.7 11.9
v 0.2 0.7 11.9
v 0.3 0.7 11.9
v 0.4 0.7 11.9
v 0.6 0.7 11.9
v 0.7 0.7 11.9
v 0.8 0.7 11.9
v 0.9 0.7 11.9
v 1 0.7 11.9
v -0.9 0.7 11.8
v -0.8 0.7 11.8
v -0.7 0.7 11.8
v 0.3 0.7 11.8
v 0.4 0.7 11.8
v 0.6 0.7 11.8
v 0.7 0.7 11.8
v 0.8 0.7 11.8
v 0.9 0.7 11.8
v 1 0.7 11.8
v 0.3 0.7 11.7
v 0.4 0.7 11.7
v 0.8 0.7 11.7
v 0.9 0.7 11.7
v -0.2 0.7 11.6
v -0.1 0.7 11.6
v 0.5 0.7 11.6
v 0.6 0.7 11.6
v -0.2 0.7 11.5
v -0.1 0.7 11.5
v 0.3 0.7 11.5
v 0.4 0.7 11.5
v 0.5 0.7 11.5
v 0.6 0.7 11.5
v 0.3 0.7 11.4
v 0.4 0.7 11.4
v 0.5 0.7 11.4
v 0.6 0.7 11.4
v 0.5 0.7 11.3
v 0.6 0.7 11.3
v -0.1 0.8 13.1
v 0 0.8 13.1
v 0.5 0.8 13.1
v 0.6 0.8 13.1
v 0.7 0.8 13.1
v 0.8 0.8 13.1
v -0.4 0.8 13
v -0.3 0.8 13
v -0.2 0.8 13
v -0.1 0.8 13
v 0 0.8 13
v 0.1 0.8 13
v 0.5 0.8 13
v 0.6 0.8 13
v 0.7 0.8 13
v 0.8 0.8 13
v -0.4 0.8 12.9
v -0.3 0.8 12.9
v -0.2 0.8 12.9
v -0.1 0.8 12.9
v 0 0.8 12.9
v 0.1 0.8 12.9
v 0.2 0.8 12.9
v 0.3 0.8 12.9
v 0.7 0.8 12.9
v 0.8 0.8 12.9
v -0.5 0.8 12.8
v -0.4 0.8 12.8
v -0.3 0.8 12.8
v -0.2 0.8 12.8
v -0.1 0.8 12.8
v 0 0.8 12.8
v 0.1 0.8 12.8
v 0.2 0.8 12.8
v 0.3 0.8 12.8
v 0.4 0.8 12.8
v 0.5 0.8 12.8
v 0.6 0.8 12.8
v -0.5 0.8 12.7
v -0.4 0.8 12.7
v -0.2 0.8 12.7
v -0.1 0.8 12.7
v 0 0.8 12.7
v 0.1 0.8 12.7
v 0.2 0.8 12.7
v 0.3 0.8 12.7
v 0.4 0.8 12.7
v 0.5 0.8 12.7
v 0.6 0.8 12.7
v 0.7 0.8 12.7
v 0.9 0.8 12.7
v 1 0.8 12.7
v -0.2 0.8 12.6
v -0.1 0.8 12.6
v 0 0.8 12.6
v 0.1 0.8 12.6
v 0.2 0.8 12.6
v 0.3 0.8 12.6
v 0.4 0.8 12.6
v 0.5 0.8 12.6
v 0.6 0.8 12.6
v 0.7 0.8 12.6
v 0.9 0.8 12.6
v 1 0.8 12.6
v 1.1 0.8 12.6
v 1.2 0.8 12.6
v -0.2 0.8 12.5
v -0.1 0.8 12.5
v 0.3 0.8 12.5
v 0.4 0.8 12.5
v 0.5 0.8 12.5
v 0.6 0.8 12.5
v 1 0.8 12.5
v 1.1 0.8 12.5
v -0.8 0.8 12.4
v -0.7 0.8 12.4
v -0.6 0.8 12.4
v -0.5 0.8 12.4
v -0.4 0.8 12.4
v -0.3 0.8 12.4
v -0.2 0.8 12.4
v -0.1 0.8 12.4
v 0.4 0.8 12.4
v 0.5 0.8 12.4
v 1.1 0.8 12.4
v 1.2 0.8 12.4
v -0.8 0.8 12.3
v -0.7 0.8 12.3
v -0.6 0.8 12.3
v -0.5 0.8 12.3
v -0.4 0.8 12.3
v -0.3 0.8 12.3
v -0.2 0.8 12.3
v -0.1 0.8 12.3
v 0.4 0.8 12.3
v 0.5 0.8 12.3
v 0.6 0.8 12.3
v 0.7 0.8 12.3
v -0.8 0.8 12.2
v -0.7 0.8 12.2
v -0.6 0.8 12.2
v -0.5 0.8 12.2
v -0.4 0.8 12.2
v -0.3 0.8 12.2
v -0.2 0.8 12.2
v 0.2 0.8 12.2
v 0.3 0.8 12.2
v 0.4 0.8 12.2
v 0.5 0.8 12.2
v 0.6 0.8 12.2
v 0.7 0.8 12.2
v -0.5 0.8 12.1
v -0.4 0.8 12.1
v -0.3 0.8 12.1
v -0.2 0.8 12.1
v 0.2 0.8 12.1
v 0.3 0.8 12.1
v 0.5 0.8 12.1
v 0.6 0.8 12.1
v 0.7 0.8 12.1
v -0.3 0.8 12
v -0.2 0.8 12
v 0.2 0.8 12
v 0.3 0.8 12
v 0.6 0.8 12
v 0.7 0.8 12
v 0.2 0.8 11.9
v 0.3 0.8 11.9
v 0.5 0.8 11.9
v 0.6 0.8 11.9
v -0.9 0.8 11.8
v -0.8 0.8 11.8
v 0 0.8 11.8
v 0.1 0.8 11.8
v 0.2 0.8 11.8
v 0.3 0.8 11.8
v 0.5 0.8 11.8
v 0.6 0.8 11.8
v -0.9 0.8 11.7
v -0.8 0.8 11.7
v -0.4 0.8 11.7
v -0.3 0.8 11.7
v -0.2 0.8 11.7
v -0.1 0.8 11.7
v 0 0.8 11.7
v 0.1 0.8 11.7
v -0.5 0.8 11.6
v -0.4 0.8 11.6
v -0.3 0.8 11.6
v -0.2 0.8 11.6
v -0.1 0.8 11.6
v 0 0.8 11.6
v 0.1 0.8 11.6
v -0.5 0.8 11.5
v -0.4 0.8 11.5
v -0.3 0.8 11.5
v -0.2 0.8 11.5
v -0.1 0.8 11.5
v 0 0.8 11.5
v 0.2 0.8 11.5
v 0.3 0.8 11.5
v -0.5 0.8 11.4
v -0.4 0.8 11.4
v -0.3 0.8 11.4
v -0.2 0.8 11.4
v -0.1 0.8 11.4
v 0 0.8 11.4
v 0.1 0.8 11.4
v 0.2 0.8 11.4
v 0.3 0.8 11.4
v -0.1 0.8 11.3
v 0 0.8 11.3
v 0.1 0.8 11.3
v -0.1 0.8 11.2
v 0 0.8 11.2
v 0.6 0.9 13.2
v 0.7 0.9 13.2
v 0.2 0.9 13.1
v 0.3 0.9 13.1
v 0.4 0.9 13.1
v 0.6 0.9 13.1
v 0.2 0.9 13
v 0.3 0.9 13
v 0.4 0.9 13
v 0.6 0.9 13
v 0 0.9 12.9
v 0.1 0.9 12.9
v 0.3 0.9 12.9
v 0.4 0.9 12.9
v 0.6 0.9 12.9
v 0.7 0.9 12.9
v 0.8 0.9 12.9
v -0.8 0.9 12.8
v -0.7 0.9 12.8
v -0.6 0.9 12.8
v -0.5 0.9 12.8
v -0.4 0.9 12.8
v -0.3 0.9 12.8
v -0.2 0.9 12.8
v 0.1 0.9 12.8
v 0.2 0.9 12.8
v 0.3 0.9 12.8
v 0.4 0.9 12.8
v 0.6 0.9 12.8
v 0.7 0.9 12.8
v 0.8 0.9 12.8
v -0.8 0.9 12.7
v -0.7 0.9 12.7
v -0.6 0.9 12.7
v -0.5 0.9 12.7
v -0.4 0.9 12.7
v -0.3 0.9 12.7
v -0.2 0.9 12.7
v 0 0.9 12.7
v 0.1 0.9 12.7
v 0.2 0.9 12.7
v 0.3 0.9 12.7
v 0.8 0.9 12.7
v -0.7 0.9 12.6
v -0.6 0.9 12.6
v -0.5 0.9 12.6
v -0.4 0.9 12.6
v -0.3 0.9 12.6
v 0 0.9 12.6
v 0.1 0.9 12.6
v 0.2 0.9 12.6
v 0.3 0.9 12.6
v 0.7 0.9 12.6
v 0.8 0.9 12.6
v 0.9 0.9 12.6
v -0.7 0.9 12.5
v -0.6 0.9 12.5
v -0.5 0.9 12.5
v -0.4 0.9 12.5
v -0.3 0.9 12.5
v -0.2 0.9 12.5
v 0 0.9 12.5
v 0.1 0.9 12.5
v 0.2 0.9 12.5
v 0.3 0.9 12.5
v 0.6 0.9 12.5
v 0.7 0.9 12.5
v 0.8 0.9 12.5
v 0.9 0.9 12.5
v 1 0.9 12.5
v -0.7 0.9 12.4
v -0.6 0.9 12.4
v -0.5 0.9 12.4
v -0.4 0.9 12.4
v -0.3 0.9 12.4
v -0.2 0.9 12.4
v -0.1 0.9 12.4
v 0 0.9 12.4
v 0.1 0.9 12.4
v 0.6 0.9 12.4
v 0.7 0.9 12.4
v 0.8 0.9 12.4
v 0.9 0.9 12.4
v 1 0.9 12.4
v -0.7 0.9 12.3
v -0.6 0.9 12.3
v -0.4 0.9 12.3
v -0.3 0.9 12.3
v -0.2 0.9 12.3
v -0.1 0.9 12.3
v 0 0.9 12.3
v 0.1 0.9 12.3
v 0.5 0.9 12.3
v 0.6 0.9 12.3
v 0.9 0.9 12.3
v 1 0.9 12.3
v -0.7 0.9 12.2
v -0.6 0.9 12.2
v -0.4 0.9 12.2
v -0.3 0.9 12.2
v -0.2 0.9 12.2
v -0.1 0.9 12.2
v 0 0.9 12.2
v 0.1 0.9 12.2
v 0.4 0.9 12.2
v 0.5 0.9 12.2
v 0.6 0.9 12.2
v -0.1 0.9 12.1
v 0.1 0.9 12.1
v 0.2 0.9 12.1
v 0.4 0.9 12.1
v 0.5 0.9 12.1
v -0.1 0.9 12
v 0 0.9 12
v 0.1 0.9 12
v 0.2 0.9 12
v 0.4 0.9 12
v 0.5 0.9 12
v 0.6 0.9 12
v 0.7 0.9 12
v -0.5 0.9 11.9
v -0.4 0.9 11.9
v -0.2 0.9 11.9
v -0.1 0.9 11.9
v 0 0.9 11.9
v 0.1 0.9 11.9
v 0.2 0.9 11.9
v 0.4 0.9 11.9
v 0.5 0.9 11.9
v 0.6 0.9 11.9
v 0.7 0.9 11.9
v -0.5 0.9 11.8
v -0.4 0.9 11.8
v -0.3 0.9 11.8
v -0.2 0.9 11.8
v -0.1 0.9 11.8
v 0 0.9 11.8
v 0.1 0.9 11.8
v 0.2 0.9 11.8
v 0.4 0.9 11.8
v 0.5 0.9 11.8
v -0.3 0.9 11.7
v -0.1 0.9 11.7
v 0 0.9 11.7
v 0.4 0.9 11.7
v 0.5 0.9 11.7
v -0.4 0.9 11.6
v -0.3 0.9 11.6
v -0.4 0.9 11.5
v -0.3 0.9 11.5
v 0.1 0.9 11.5
v 0.2 0.9 11.5
v 0.1 0.9 11.4
v 0.2 0.9 11.4
v 0.3 1 13.2
v 0.4 1 13.2
v 0.3 1 13.1
v 0.4 1 13.1
v 0.5 1 13.1
v 0.6 1 13.1
v 0.3 1 13
v 0.4 1 13
v 0.5 1 13
v 0.6 1 13
v 0.3 1 12.9
v 0.4 1 12.9
v 0.5 1 12.9
v 0.6 1 12.9
v 0.8 1 12.8
v 0.9 1 12.8
v -0.6 1 12.7
v -0.5 1 12.7
v 0.1 1 12.7
v 0.2 1 12.7
v 0.3 1 12.7
v 0.4 1 12.7
v 0.5 1 12.7
v 0.6 1 12.7
v 0.8 1 12.7
v 0.9 1 12.7
v 1 1 12.7
v 1.1 1 12.7
v -0.7 1 12.6
v -0.6 1 12.6
v -0.5 1 12.6
v -0.4 1 12.6
v 0.1 1 12.6
v 0.2 1 12.6
v 0.3 1 12.6
v 0.4 1 12.6
v 0.5 1 12.6
v 0.6 1 12.6
v 0.7 1 12.6
v 0.8 1 12.6
v 0.9 1 12.6
v 1 1 12.6
v 1.1 1 12.6
v -0.7 1 12.5
v -0.6 1 12.5
v -0.5 1 12.5
v -0.4 1 12.5
v -0.1 1 12.5
v 0 1 12.5
v 0.1 1 12.5
v 0.2 1 12.5
v 0.3 1 12.5
v 0.4 1 12.5
v 0.5 1 12.5
v 0.6 1 12.5
v 0.7 1 12.5
v 0.8 1 12.5
v 0.9 1 12.5
v 1 1 12.5
v 1.1 1 12.5
v -0.1 1 12.4
v 0 1 12.4
v 0.1 1 12.4
v 0.2 1 12.4
v 0.3 1 12.4
v 0.4 1 12.4
v 0.6 1 12.4
v 0.7 1 12.4
v 0.8 1 12.4
v 0.9 1 12.4
v -0.2 1 12.3
v -0.1 1 12.3
v 0.2 1 12.3
v 0.3 1 12.3
v 0.6 1 12.3
v 0.7 1 12.3
v 0.8 1 12.3
v 0.9 1 12.3
v -0.2 1 12.2
v -0.1 1 12.2
v 0.1 1 12.2
v 0.2 1 12.2
v 0.3 1 12.2
v 0.4 1 12.2
v 0.1 1 12.1
v 0.2 1 12.1
v 0.3 1 12.1
v 0.4 1 12.1
v 0.5 1 12.1
v 0.6 1 12.1
v 0.2 1 12
v 0.3 1 12
v 0.4 1 12
v 0.5 1 12
v 0.6 1 12
v -0.4 1 11.9
v -0.3 1 11.9
v -0.2 1 11.9
v 0.2 1 11.9
v 0.3 1 11.9
v -0.4 1 11.8
v -0.3 1 11.8
v -0.2 1 11.8
v 0.1 1 11.8
v 0.2 1 11.8
v -0.4 1 11.7
v -0.3 1 11.7
v 0.1 1 11.7
v 0.2 1 11.7
v -0.1 1 11.6
v 0 1 11.6
v 0.1 1 11.6
v -0.1 1 11.5
v 0 1 11.5
v 0.1 1 11.5
v 0 1 11.4
v 0.1 1 11.4
v 0.4 1.1 13.2
v 0.5 1.1 13.2
v 0.6 1.1 13.2
v 0.3 1.1 13.1
v 0.4 1.1 13.1
v 0.5 1.1 13.1
v 0.6 1.1 13.1
v 0.3 1.1 13
v 0.4 1.1 13
v 0.5 1.1 13
v -0.1 1.1 12.8
v 0 1.1 12.8
v -0.1 1.1 12.7
v 0 1.1 12.7
v 0.3 1.1 12.7
v 0.4 1.1 12.7
v -0.6 1.1 12.6
v -0.5 1.1 12.6
v -0.2 1.1 12.6
v -0.1 1.1 12.6
v 0 1.1 12.6
v 0.3 1.1 12.6
v 0.4 1.1 12.6
v 0.7 1.1 12.6
v 0.8 1.1 12.6
v -0.6 1.1 12.5
v -0.5 1.1 12.5
v -0.2 1.1 12.5
v -0.1 1.1 12.5
v 0 1.1 12.5
v 0.4 1.1 12.5
v 0.5 1.1 12.5
v 0.6 1.1 12.5
v 0.7 1.1 12.5
v 0.8 1.1 12.5
v -0.2 1.1 12.4
v -0.1 1.1 12.4
v 0 1.1 12.4
v 0.4 1.1 12.4
v 0.5 1.1 12.4
v 0.6 1.1 12.4
v 0.7 1.1 12.4
v 0.8 1.1 12.4
v -0.2 1.1 12.3
v -0.1 1.1 12.3
v 0 1.1 12.3
v 0.1 1.1 12.3
v 0.2 1.1 12.3
v 0.5 1.1 12.3
v 0.6 1.1 12.3
v -0.6 1.1 12.2
v -0.5 1.1 12.2
v -0.4 1.1 12.2
v -0.3 1.1 12.2
v -0.2 1.1 12.2
v -0.1 1.1 12.2
v 0 1.1 12.2
v 0.1 1.1 12.2
v 0.2 1.1 12.2
v 0.3 1.1 12.2
v 0.5 1.1 12.2
v 0.6 1.1 12.2
v -0.6 1.1 12.1
v -0.5 1.1 12.1
v -0.4 1.1 12.1
v -0.3 1.1 12.1
v -0.2 1.1 12.1
v -0.1 1.1 12.1
v 0.2 1.1 12.1
v 0.3 1.1 12.1
v -0.4 1.1 12
v -0.3 1.1 12
v -0.2 1.1 12
v -0.1 1.1 12
v 0 1.1 12
v -0.4 1.1 11.9
v -0.3 1.1 11.9
v -0.1 1.1 11.9
v 0 1.1 11.9
v 0 1.1 11.7
v 0.1 1.1 11.7
v 0.2 1.1 11.7
v 0 1.1 11.6
v 0.1 1.1 11.6
v 0.2 1.1 11.6
v 0.5 1.2 13.1
v 0.6 1.2 13.1
v 0.5 1.2 13
v 0.6 1.2 13
v 0.3 1.2 12.9
v 0.4 1.2 12.9
v 0.5 1.2 12.9
v 0.3 1.2 12.8
v 0.4 1.2 12.8
v 0.5 1.2 12.8
v 0.6 1.2 12.6
v 0.7 1.2 12.6
v -0.2 1.2 12.5
v -0.1 1.2 12.5
v 0.6 1.2 12.5
v 0.7 1.2 12.5
v -0.2 1.2 12.4
v -0.1 1.2 12.4
v 0.6 1.2 12.4
v 0.7 1.2 12.4
v -0.3 1.2 12.3
v -0.2 1.2 12.3
v 0 1.2 12.3
v 0.1 1.2 12.3
v 0.6 1.2 12.3
v 0.7 1.2 12.3
v -0.3 1.2 12.2
v -0.2 1.2 12.2
v -0.1 1.2 12.2
v 0 1.2 12.2
v 0.6 1.2 12.2
v 0.7 1.2 12.2
v -0.5 1.2 12.1
v -0.4 1.2 12.1
v -0.1 1.2 12.1
v 0 1.2 12.1
v 0.1 1.2 12.1
v -0.5 1.2 12
v -0.4 1.2 12
v 0 1.2 12
v 0.1 1.2 12
v 0 1.2 11.9
v 0.1 1.2 11.9
v 0.1 1.2 11.6
v 0.2 1.2 11.6
v 0.1 1.2 11.5
v 0.2 1.2 11.5
v 0.5 1.3 13
v 0.6 1.3 13
v 0.5 1.3 12.9
v 0.6 1.3 12.9
v 0.5 1.3 12.4
v 0.6 1.3 12.4
v 0.7 1.3 12.4
v 0.5 1.3 12.3
v 0.6 1.3 12.3
v 0.7 1.3 12.3
v -0.4 1.3 12.2
v -0.3 1.3 12.2
v -0.4 1.3 12.1
v -0.3 1.3 12.1
v -0.2 1.3 12.1
v -0.1 1.3 12.1
v 0 1.3 12.1
v -0.3 1.3 12
v -0.2 1.3 12
v -0.1 1.3 12
v 0 1.3 12
v -0.2 1.3 11.9
v -0.1 1.3 11.9
v -0.2 1.3 11.8
v -0.1 1.3 11.8
v 0.5 1.4 12.9
v 0.6 1.4 12.9
v 0.5 1.4 12.8
v 0.6 1.4 12.8
v -0.3 1.4 12
v -0.2 1.4 12
v -0.3 1.4 11.9
v -0.2 1.4 11.9

# faces
f 5/5/1 2/5/1 1/5/1
f 6/5/1 2/5/1 5/5/1
f 7/5/1 4/5/1 3/5/1
f 8/5/1 4/5/1 7/5/1
f 9/4/1 6/4/1 5/4/1
f 10/4/1 6/4/1 9/4/1
f 18/5/1 12/5/1 11/5/1
f 19/3/1 13/3/1 12/3/1
f 19/5/1 12/5/1 18/5/1
f 20/3/1 13/3/1 19/3/1
f 24/2/1 15/2/1 14/2/1
f 25/6/1 16/6/1 15/6/1
f 25/2/1 15/2/1 24/2/1
f 26/6/1 16/6/1 25/6/1
f 27/4/1 18/4/1 17/4/1
f 28/4/1 18/4/1 27/4/1
f 30/4/1 21/4/1 20/4/1
f 31/3/1 22/3/1 21/3/1
f 31/4/1 21/4/1 30/4/1
f 32/3/1 22/3/1 31/3/1
f 33/1/1 24/1/1 23/1/1
f 34/1/1 24/1/1 33/1/1
f 35/5/1 26/5/1 25/5/1
f 36/5/1 26/5/1 35/5/1
f 38/3/1 28/3/1 27/3/1
f 39/2/1 29/2/1 28/2/1
f 39/3/1 28/3/1 38/3/1
f 40/4/1 30/4/1 29/4/1
f 40/2/1 29/2/1 39/2/1
f 40/4/1 31/4/1 30/4/1
f 41/5/1 32/5/1 31/5/1
f 41/4/1 31/4/1 40/4/1
f 42/3/1 33/3/1 32/3/1
f 42/5/1 32/5/1 41/5/1
f 43/3/1 33/3/1 42/3/1
f 44/1/1 37/1/1 36/1/1
f 45/1/1 37/1/1 44/1/1
f 46/3/1 40/3/1 39/3/1
f 47/3/1 40/3/1 46/3/1
f 50/3/1 49/3/1 48/3/1
f 51/3/1 49/3/1 50/3/1
f 59/1/1 53/1/1 52/1/1
f 60/1/1 53/1/1 59/1/1
f 61/4/1 55/4/1 54/4/1
f 62/5/1 56/5/1 55/5/1
f 62/4/1 55/4/1 61/4/1
f 63/5/1 56/5/1 62/5/1
f 66/2/1 58/2/1 57/2/1
f 67/2/1 58/2/1 66/2/1
f 70/5/1 65/5/1 64/5/1
f 71/5/1 65/5/1 70/5/1
f 72/6/1 67/6/1 66/6/1
f 73/1/1 68/1/1 67/1/1
f 73/6/1 67/6/1 72/6/1
f 74/1/1 68/1/1 73/1/1
f 79/4/1 70/4/1 69/4/1
f 80/3/1 71/3/1 70/3/1
f 80/4/1 70/4/1 79/4/1
f 81/5/1 72/5/1 71/5/1
f 81/3/1 71/3/1 80/3/1
f 82/5/1 72/5/1 81/5/1
f 83/2/1 76/2/1 75/2/1
f 84/2/1 76/2/1 83/2/1
f 88/3/1 78/3/1 77/3/1
f 89/3/1 78/3/1 88/3/1
f 90/5/1 81/5/1 80/5/1
f 91/5/1 81/5/1 90/5/1
f 92/2/1 86/2/1 85/2/1
f 93/3/1 87/3/1 86/3/1
f 93/2/1 86/2/1 92/2/1
f 94/3/1 87/3/1 93/3/1
f 100/5/1 96/5/1 95/5/1
f 101/5/1 96/5/1 100/5/1
f 104/4/1 98/4/1 97/4/1
f 105/4/1 98/4/1 104/4/1
f 111/6/1 100/6/1 99/6/1
f 112/6/1 100/6/1 111/6/1
f 115/1/1 103/1/1 102/1/1
f 116/1/1 103/1/1 115/1/1
f 117/6/1 105/6/1 104/6/1
f 118/2/1 106/2/1 105/2/1
f 118/6/1 105/6/1 117/6/1
f 119/2/1 106/2/1 118/2/1
f 120/5/1 108/5/1 107/5/1
f 121/5/1 108/5/1 120/5/1
f 122/3/1 110/3/1 109/3/1
f 123/3/1 110/3/1 122/3/1
f 124/2/1 113/2/1 112/2/1
f 125/1/1 114/1/1 113/1/1
f 125/2/1 113/2/1 124/2/1
f 126/1/1 114/1/1 125/1/1
f 135/4/1 127/4/1 126/4/1
f 136/2/1 128/2/1 127/2/1
f 136/4/1 127/4/1 135/4/1
f 137/2/1 128/2/1 136/2/1
f 138/5/1 130/5/1 129/5/1
f 139/5/1 130/5/1 138/5/1
f 140/2/1 132/2/1 131/2/1
f 141/5/1 133/5/1 132/5/1
f 141/2/1 132/2/1 140/2/1
f 142/5/1 133/5/1 141/5/1
f 143/2/1 135/2/1 134/2/1
f 144/2/1 135/2/1 143/2/1
f 147/1/1 146/1/1 145/1/1
f 148/1/1 146/1/1 147/1/1
f 163/5/1 150/5/1 149/5/1
f 164/4/1 151/4/1 150/4/1
f 164/5/1 150/5/1 163/5/1
f 165/4/1 151/4/1 164/4/1
f 167/2/1 153/2/1 152/2/1
f 168/1/1 154/1/1 153/1/1
f 168/2/1 153/2/1 167/2/1
f 169/1/1 154/1/1 168/1/1
f 170/2/1 156/2/1 155/2/1
f 171/2/1 156/2/1 170/2/1
f 172/3/1 158/3/1 157/3/1
f 173/3/1 158/3/1 172/3/1
f 174/5/1 160/5/1 159/5/1
f 175/1/1 161/1/1 160/1/1
f 175/5/1 160/5/1 174/5/1
f 176/1/1 161/1/1 175/1/1
f 177/2/1 163/2/1 162/2/1
f 177/2/1 164/2/1 163/2/1
f 178/2/1 164/2/1 177/2/1
f 179/2/1 164/2/1 178/2/1
f 180/4/1 166/4/1 165/4/1
f 181/4/1 166/4/1 180/4/1
f 188/6/1 179/6/1 178/6/1
f 189/5/1 180/5/1 179/5/1
f 189/6/1 179/6/1 188/6/1
f 190/5/1 180/5/1 189/5/1
f 191/2/1 183/2/1 182/2/1
f 192/2/1 183/2/1 191/2/1
f 197/3/1 185/3/1 184/3/1
f 198/3/1 185/3/1 197/3/1
f 199/1/1 187/1/1 186/1/1
f 200/1/1 187/1/1 199/1/1
f 201/4/1 190/4/1 189/4/1
f 202/4/1 190/4/1 201/4/1
f 204/4/1 194/4/1 193/4/1
f 205/4/1 194/4/1 204/4/1
f 206/1/1 196/1/1 195/1/1
f 207/1/1 196/1/1 206/1/1
f 209/4/1 198/4/1 197/4/1
f 210/4/1 198/4/1 209/4/1
f 211/4/1 200/4/1 199/4/1
f 212/4/1 200/4/1 211/4/1
f 213/5/1 203/5/1 202/5/1
f 214/5/1 203/5/1 213/5/1
f 215/6/1 205/6/1 204/6/1
f 215/6/1 206/6/1 205/6/1
f 216/1/1 207/1/1 206/1/1
f 216/6/1 206/6/1 215/6/1
f 217/2/1 208/2/1 207/2/1
f 217/1/1 207/1/1 216/1/1
f 218/2/1 208/2/1 217/2/1
f 219/6/1 214/6/1 213/6/1
f 220/6/1 214/6/1 219/6/1
f 224/3/1 217/3/1 216/3/1
f 225/3/1 217/3/1 224/3/1
f 226/4/1 222/4/1 221/4/1
f 227/5/1 223/5/1 222/5/1
f 227/4/1 222/4/1 226/4/1
f 228/5/1 223/5/1 227/5/1
f 235/3/1 230/3/1 229/3/1
f 236/3/1 230/3/1 235/3/1
f 239/3/1 232/3/1 231/3/1
f 240/3/1 232/3/1 239/3/1
f 243/6/1 234/6/1 233/6/1
f 244/6/1 234/6/1 243/6/1
f 248/6/1 238/6/1 237/6/1
f 249/6/1 238/6/1 248/6/1
f 252/3/1 242/3/1 241/3/1
f 253/3/1 242/3/1 252/3/1
f 258/1/1 246/1/1 245/1/1
f 259/1/1 246/1/1 258/1/1
f 262/1/1 248/1/1 247/1/1
f 263/1/1 248/1/1 262/1/1
f 265/2/1 251/2/1 250/2/1
f 266/4/1 252/4/1 251/4/1
f 266/2/1 251/2/1 265/2/1
f 267/4/1 252/4/1 266/4/1
f 268/5/1 253/5/1 252/5/1
f 268/4/1 252/4/1 267/4/1
f 269/5/1 253/5/1 268/5/1
f 271/6/1 255/6/1 254/6/1
f 272/6/1 255/6/1 271/6/1
f 274/1/1 257/1/1 256/1/1
f 275/1/1 257/1/1 274/1/1
f 278/3/1 261/3/1 260/3/1
f 279/3/1 261/3/1 278/3/1
f 280/1/1 264/1/1 263/1/1
f 281/1/1 264/1/1 280/1/1
f 283/5/1 270/5/1 269/5/1
f 284/5/1 270/5/1 283/5/1
f 285/1/1 273/1/1 272/1/1
f 286/1/1 273/1/1 285/1/1
f 287/1/1 276/1/1 275/1/1
f 288/4/1 277/4/1 276/4/1
f 288/1/1 276/1/1 287/1/1
f 289/4/1 277/4/1 288/4/1
f 290/4/1 277/4/1 289/4/1
f 291/3/1 282/3/1 281/3/1
f 292/3/1 282/3/1 291/3/1
f 296/1/1 289/1/1 288/1/1
f 297/1/1 289/1/1 296/1/1
f 298/5/1 294/5/1 293/5/1
f 299/4/1 295/4/1 294/4/1
f 299/5/1 294/5/1 298/5/1
f 300/4/1 295/4/1 299/4/1
f 301/3/1 297/3/1 296/3/1
f 302/3/1 297/3/1 301/3/1
f 310/3/1 304/3/1 303/3/1
f 311/3/1 304/3/1 310/3/1
f 313/2/1 306/2/1 305/2/1
f 314/2/1 306/2/1 313/2/1
f 318/5/1 308/5/1 307/5/1
f 319/3/1 309/3/1 308/3/1
f 319/5/1 308/5/1 318/5/1
f 320/3/1 309/3/1 319/3/1
f 326/4/1 313/4/1 312/4/1
f 327/4/1 313/4/1 326/4/1
f 328/2/1 316/2/1 315/2/1
f 329/2/1 316/2/1 328/2/1
f 330/3/1 318/3/1 317/3/1
f 331/1/1 319/1/1 318/1/1
f 331/3/1 318/3/1 330/3/1
f 332/1/1 319/1/1 331/1/1
f 335/6/1 322/6/1 321/6/1
f 336/6/1 322/6/1 335/6/1
f 337/1/1 324/1/1 323/1/1
f 338/3/1 325/3/1 324/3/1
f 338/1/1 324/1/1 337/1/1
f 339/3/1 325/3/1 338/3/1
f 347/4/1 330/4/1 329/4/1
f 348/4/1 330/4/1 347/4/1
f 349/1/1 333/1/1 332/1/1
f 350/5/1 334/5/1 333/5/1
f 350/1/1 333/1/1 349/1/1
f 351/6/1 335/6/1 334/6/1
f 351/5/1 334/5/1 350/5/1
f 352/6/1 335/6/1 351/6/1
f 353/2/1 341/2/1 340/2/1
f 354/3/1 342/3/1 341/3/1
f 354/2/1 341/2/1 353/2/1
f 355/3/1 342/3/1 354/3/1
f 356/1/1 344/1/1 343/1/1
f 357/1/1 344/1/1 356/1/1
f 359/2/1 346/2/1 345/2/1
f 360/2/1 346/2/1 359/2/1
f 366/1/1 354/1/1 353/1/1
f 367/1/1 354/1/1 366/1/1
f 368/6/1 358/6/1 357/6/1
f 369/6/1 358/6/1 368/6/1
f 371/3/1 362/3/1 361/3/1
f 372/5/1 363/5/1 362/5/1
f 372/3/1 362/3/1 371/3/1
f 373/5/1 363/5/1 372/5/1
f 374/5/1 365/5/1 364/5/1
f 375/5/1 365/5/1 374/5/1
f 378/3/1 371/3/1 370/3/1
f 379/3/1 371/3/1 378/3/1
f 381/2/1 375/2/1 374/2/1
f 382/2/1 375/2/1 381/2/1
f 383/1/1 377/1/1 376/1/1
f 384/1/1 377/1/1 383/1/1
f 385/2/1 379/2/1 378/2/1
f 386/3/1 380/3/1 379/3/1
f 386/2/1 379/2/1 385/2/1
f 387/3/1 380/3/1 386/3/1
f 388/3/1 380/3/1 387/3/1
f 392/3/1 390/3/1 389/3/1
f 393/3/1 390/3/1 392/3/1
f 394/3/1 390/3/1 393/3/1
f 397/3/1 392/3/1 391/3/1
f 398/3/1 392/3/1 397/3/1
f 407/4/1 396/4/1 395/4/1
f 408/4/1 396/4/1 407/4/1
f 412/4/1 400/4/1 399/4/1
f 413/4/1 400/4/1 412/4/1
f 414/5/1 402/5/1 401/5/1
f 415/5/1 402/5/1 414/5/1
f 418/1/1 405/1/1 404/1/1
f 418/1/1 404/1/1 403/1/1
f 419/1/1 405/1/1 418/1/1
f 420/2/1 407/2/1 406/2/1
f 421/2/1 407/2/1 420/2/1
f 422/3/1 409/3/1 408/3/1
f 423/3/1 409/3/1 422/3/1
f 425/6/1 411/6/1 410/6/1
f 426/6/1 411/6/1 425/6/1
f 429/3/1 417/3/1 416/3/1
f 430/3/1 417/3/1 429/3/1
f 435/6/1 422/6/1 421/6/1
f 436/5/1 423/5/1 422/5/1
f 436/6/1 422/6/1 435/6/1
f 437/4/1 424/4/1 423/4/1
f 437/5/1 423/5/1 436/5/1
f 438/4/1 424/4/1 437/4/1
f 440/5/1 426/5/1 425/5/1
f 441/5/1 426/5/1 440/5/1
f 442/3/1 428/3/1 427/3/1
f 443/3/1 428/3/1 442/3/1
f 444/5/1 431/5/1 430/5/1
f 445/5/1 431/5/1 444/5/1
f 446/6/1 433/6/1 432/6/1
f 447/5/1 434/5/1 433/5/1
f 447/6/1 433/6/1 446/6/1
f 448/5/1 434/5/1 447/5/1
f 450/1/1 439/1/1 438/1/1
f 451/1/1 439/1/1 450/1/1
f 452/1/1 448/1/1 447/1/1
f 453/2/1 449/2/1 448/2/1
f 453/1/1 448/1/1 452/1/1
f 456/3/1 453/3/1 452/3/1
f 457/2/1 449/2/1 453/2/1
f 457/3/1 453/3/1 456/3/1
f 458/2/1 449/2/1 457/2/1
f 459/3/1 455/3/1 454/3/1
f 460/3/1 455/3/1 459/3/1
f 467/6/1 462/6/1 461/6/1
f 468/6/1 462/6/1 467/6/1
f 473/3/1 464/3/1 463/3/1
f 474/3/1 464/3/1 473/3/1
f 475/6/1 466/6/1 465/6/1
f 476/6/1 466/6/1 475/6/1
f 481/6/1 470/6/1 469/6/1
f 482/6/1 470/6/1 481/6/1
f 483/3/1 472/3/1 471/3/1
f 484/3/1 472/3/1 483/3/1
f 485/3/1 478/3/1 477/3/1
f 486/3/1 478/3/1 485/3/1
f 489/3/1 480/3/1 479/3/1
f 490/3/1 480/3/1 489/3/1
f 495/6/1 482/6/1 481/6/1
f 496/6/1 482/6/1 495/6/1
f 499/6/1 487/6/1 486/6/1
f 500/1/1 488/1/1 487/1/1
f 500/6/1 487/6/1 499/6/1
f 500/1/1 489/1/1 488/1/1
f 501/1/1 489/1/1 500/1/1
f 502/1/1 489/1/1 501/1/1
f 503/5/1 491/5/1 490/5/1
f 504/5/1 491/5/1 503/5/1
f 505/3/1 493/3/1 492/3/1
f 506/2/1 494/2/1 493/2/1
f 506/3/1 493/3/1 505/3/1
f 507/2/1 494/2/1 506/2/1
f 509/2/1 498/2/1 497/2/1
f 510/2/1 498/2/1 509/2/1
f 511/5/1 501/5/1 500/5/1
f 512/5/1 501/5/1 511/5/1
f 513/6/1 508/6/1 507/6/1
f 514/6/1 508/6/1 513/6/1
f 521/2/1 515/2/1 514/2/1
f 522/2/1 515/2/1 521/2/1
f 523/5/1 517/5/1 516/5/1
f 524/3/1 518/3/1 517/3/1
f 524/5/1 517/5/1 523/5/1
f 525/3/1 518/3/1 524/3/1
f 526/3/1 520/3/1 519/3/1
f 527/3/1 520/3/1 526/3/1
f 530/5/1 525/5/1 524/5/1
f 531/6/1 526/6/1 525/6/1
f 531/5/1 525/5/1 530/5/1
f 532/3/1 527/3/1 526/3/1
f 532/6/1 526/6/1 531/6/1
f 533/3/1 527/3/1 532/3/1
f 534/3/1 529/3/1 528/3/1
f 535/3/1 529/3/1 534/3/1
f 536/5/1 532/5/1 531/5/1
f 537/5/1 532/5/1 536/5/1
f 544/5/1 539/5/1 538/5/1
f 545/1/1 540/1/1 539/1/1
f 545/5/1 539/5/1 544/5/1
f 546/1/1 540/1/1 545/1/1
f 551/5/1 542/5/1 541/5/1
f 552/5/1 542/5/1 551/5/1
f 553/1/1 544/1/1 543/1/1
f 554/6/1 545/6/1 544/6/1
f 554/1/1 544/1/1 553/1/1
f 555/2/1 546/2/1 545/2/1
f 555/6/1 545/6/1 554/6/1
f 556/5/1 547/5/1 546/5/1
f 556/2/1 546/2/1 555/2/1
f 557/5/1 547/5/1 556/5/1
f 564/2/1 549/2/1 548/2/1
f 565/3/1 550/3/1 549/3/1
f 565/2/1 549/2/1 564/2/1
f 566/6/1 551/6/1 550/6/1
f 566/3/1 550/3/1 565/3/1
f 567/5/1 552/5/1 551/5/1
f 567/6/1 551/6/1 566/6/1
f 568/5/1 552/5/1 567/5/1
f 569/4/1 554/4/1 553/4/1
f 570/4/1 554/4/1 569/4/1
f 575/6/1 559/6/1 558/6/1
f 576/3/1 560/3/1 559/3/1
f 576/6/1 559/6/1 575/6/1
f 577/3/1 560/3/1 576/3/1
f 579/1/1 562/1/1 561/1/1
f 580/6/1 563/6/1 562/6/1
f 580/1/1 562/1/1 579/1/1
f 581/6/1 563/6/1 580/6/1
f 583/6/1 566/6/1 565/6/1
f 584/5/1 567/5/1 566/5/1
f 584/6/1 566/6/1 583/6/1
f 585/5/1 567/5/1 584/5/1
f 588/5/1 572/5/1 571/5/1
f 589/6/1 573/6/1 572/6/1
f 589/5/1 572/5/1 588/5/1
f 590/2/1 574/2/1 573/2/1
f 590/6/1 573/6/1 589/6/1
f 591/2/1 574/2/1 590/2/1
f 592/3/1 579/3/1 578/3/1
f 593/3/1 579/3/1 592/3/1
f 594/2/1 581/2/1 580/2/1
f 595/4/1 582/4/1 581/4/1
f 595/2/1 581/2/1 594/2/1
f 596/4/1 582/4/1 595/4/1
f 599/4/1 586/4/1 585/4/1
f 600/4/1 586/4/1 599/4/1
f 601/2/1 588/2/1 587/2/1
f 602/2/1 588/2/1 601/2/1
f 607/3/1 594/3/1 593/3/1
f 608/3/1 594/3/1 607/3/1
f 609/2/1 598/2/1 597/2/1
f 610/2/1 598/2/1 609/2/1
f 611/1/1 604/1/1 603/1/1
f 612/1/1 604/1/1 611/1/1
f 614/2/1 606/2/1 605/2/1
f 615/2/1 606/2/1 614/2/1
f 616/4/1 613/4/1 612/4/1
f 617/4/1 613/4/1 616/4/1
f 619/4/1 618/4/1 617/4/1
f 620/4/1 618/4/1 619/4/1
f 623/3/1 622/3/1 621/3/1
f 624/3/1 622/3/1 623/3/1
f 628/2/1 625/2/1 624/2/1
f 629/2/1 625/2/1 628/2/1
f 630/4/1 627/4/1 626/4/1
f 631/4/1 627/4/1 630/4/1
f 644/6/1 633/6/1 632/6/1
f 645/6/1 633/6/1 644/6/1
f 646/4/1 635/4/1 634/4/1
f 647/4/1 635/4/1 646/4/1
f 648/2/1 637/2/1 636/2/1
f 649/2/1 637/2/1 648/2/1
f 651/4/1 639/4/1 638/4/1
f 652/4/1 639/4/1 651/4/1
f 653/3/1 641/3/1 640/3/1
f 654/3/1 641/3/1 653/3/1
f 664/4/1 651/4/1 650/4/1
f 665/4/1 651/4/1 664/4/1
f 667/5/1 643/5/1 642/5/1
f 668/5/1 643/5/1 667/5/1
f 669/4/1 656/4/1 655/4/1
f 670/4/1 656/4/1 669/4/1
f 671/5/1 658/5/1 657/5/1
f 672/1/1 659/1/1 658/1/1
f 672/5/1 658/5/1 671/5/1
f 673/5/1 660/5/1 659/5/1
f 673/1/1 659/1/1 672/1/1
f 674/5/1 660/5/1 673/5/1
f 675/3/1 662/3/1 661/3/1
f 676/1/1 663/1/1 662/1/1
f 676/3/1 662/3/1 675/3/1
f 677/1/1 663/1/1 676/1/1
f 681/5/1 665/5/1 664/5/1
f 682/6/1 666/6/1 665/6/1
f 682/5/1 665/5/1 681/5/1
f 683/6/1 666/6/1 682/6/1
f 693/2/1 677/2/1 676/2/1
f 694/2/1 677/2/1 693/2/1
f 695/3/1 679/3/1 678/3/1
f 696/4/1 680/4/1 679/4/1
f 696/3/1 679/3/1 695/3/1
f 697/4/1 680/4/1 696/4/1
f 702/3/1 684/3/1 683/3/1
f 703/3/1 684/3/1 702/3/1
f 705/3/1 686/3/1 685/3/1
f 706/4/1 687/4/1 686/4/1
f 706/3/1 686/3/1 705/3/1
f 707/4/1 687/4/1 706/4/1
f 708/4/1 689/4/1 688/4/1
f 709/4/1 689/4/1 708/4/1
f 710/3/1 691/3/1 690/3/1
f 711/3/1 691/3/1 710/3/1
f 712/1/1 693/1/1 692/1/1
f 713/1/1 693/1/1 712/1/1
f 714/1/1 695/1/1 694/1/1
f 715/1/1 695/1/1 714/1/1
f 717/6/1 699/6/1 698/6/1
f 718/6/1 699/6/1 717/6/1
f 719/5/1 701/5/1 700/5/1
f 720/5/1 701/5/1 719/5/1
f 721/4/1 705/4/1 704/4/1
f 722/3/1 706/3/1 705/3/1
f 722/4/1 705/4/1 721/4/1
f 723/3/1 706/3/1 722/3/1
f 724/2/1 710/2/1 709/2/1
f 725/2/1 710/2/1 724/2/1
f 726/1/1 713/1/1 712/1/1
f 727/1/1 713/1/1 726/1/1
f 728/2/1 716/2/1 715/2/1
f 729/2/1 716/2/1 728/2/1
f 730/2/1 718/2/1 717/2/1
f 731/2/1 718/2/1 730/2/1
f 734/2/1 730/2/1 729/2/1
f 735/2/1 730/2/1 734/2/1
f 736/2/1 730/2/1 735/2/1
f 744/4/1 733/4/1 732/4/1
f 745/4/1 733/4/1 744/4/1
f 746/2/1 738/2/1 737/2/1
f 747/2/1 738/2/1 746/2/1
f 748/5/1 740/5/1 739/5/1
f 749/5/1 740/5/1 748/5/1
f 750/2/1 742/2/1 741/2/1
f 751/3/1 743/3/1 742/3/1
f 751/2/1 742/2/1 750/2/1
f 752/3/1 743/3/1 751/3/1
f 753/6/1 749/6/1 748/6/1
f 754/6/1 749/6/1 753/6/1
f 757/6/1 756/6/1 755/6/1
f 758/6/1 756/6/1 757/6/1
f 759/3/1 758/3/1 757/3/1
f 760/3/1 758/3/1 759/3/1
f 769/6/1 762/6/1 761/6/1
f 770/6/1 762/6/1 769/6/1
f 773/4/1 764/4/1 763/4/1
f 774/4/1 764/4/1 773/4/1
f 778/5/1 768/5/1 767/5/1
f 779/5/1 768/5/1 778/5/1
f 780/1/1 772/1/1 771/1/1
f 781/5/1 773/5/1 772/5/1
f 781/1/1 772/1/1 780/1/1
f 782/6/1 774/6/1 773/6/1
f 782/5/1 773/5/1 781/5/1
f 783/6/1 774/6/1 782/6/1
f 784/6/1 776/6/1 775/6/1
f 785/2/1 777/2/1 776/2/1
f 785/6/1 776/6/1 784/6/1
f 786/2/1 777/2/1 785/2/1
f 787/3/1 766/3/1 765/3/1
f 788/3/1 766/3/1 787/3/1
f 789/1/1 779/1/1 778/1/1
f 790/1/1 779/1/1 789/1/1
f 792/4/1 786/4/1 785/4/1
f 793/4/1 786/4/1 792/4/1
f 796/3/1 790/3/1 789/3/1
f 797/2/1 791/2/1 790/2/1
f 797/3/1 790/3/1 796/3/1
f 798/2/1 791/2/1 797/2/1
f 803/6/1 794/6/1 793/6/1
f 804/5/1 795/5/1 794/5/1
f 804/6/1 794/6/1 803/6/1
f 805/5/1 795/5/1 804/5/1
f 808/3/1 800/3/1 799/3/1
f 809/3/1 800/3/1 808/3/1
f 810/1/1 802/1/1 801/1/1
f 811/1/1 802/1/1 810/1/1
f 817/5/1 804/5/1 803/5/1
f 818/5/1 804/5/1 817/5/1
f 821/5/1 807/5/1 806/5/1
f 822/5/1 807/5/1 821/5/1
f 826/2/1 813/2/1 812/2/1
f 827/5/1 814/5/1 813/5/1
f 827/2/1 813/2/1 826/2/1
f 828/2/1 815/2/1 814/2/1
f 828/5/1 814/5/1 827/5/1
f 829/1/1 816/1/1 815/1/1
f 829/2/1 815/2/1 828/2/1
f 830/1/1 816/1/1 829/1/1
f 831/3/1 820/3/1 819/3/1
f 832/3/1 820/3/1 831/3/1
f 836/3/1 825/3/1 824/3/1
f 836/3/1 824/3/1 823/3/1
f 837/3/1 825/3/1 836/3/1
f 838/3/1 825/3/1 837/3/1
f 839/2/1 828/2/1 827/2/1
f 840/2/1 828/2/1 839/2/1
f 844/5/1 834/5/1 833/5/1
f 845/3/1 835/3/1 834/3/1
f 845/5/1 834/5/1 844/5/1
f 846/3/1 835/3/1 845/3/1
f 851/1/1 841/1/1 840/1/1
f 852/1/1 841/1/1 851/1/1
f 853/6/1 843/6/1 842/6/1
f 854/6/1 843/6/1 853/6/1
f 856/4/1 847/4/1 846/4/1
f 857/4/1 847/4/1 856/4/1
f 858/2/1 849/2/1 848/2/1
f 859/4/1 850/4/1 849/4/1
f 859/2/1 849/2/1 858/2/1
f 860/4/1 850/4/1 859/4/1
f 861/4/1 852/4/1 851/4/1
f 864/6/1 855/6/1 854/6/1
f 865/6/1 855/6/1 864/6/1
f 866/4/1 861/4/1 851/4/1
f 867/2/1 862/2/1 861/2/1
f 867/4/1 861/4/1 866/4/1
f 868/3/1 863/3/1 862/3/1
f 868/2/1 862/2/1 867/2/1
f 869/3/1 863/3/1 868/3/1
f 872/1/1 867/1/1 866/1/1
f 873/1/1 867/1/1 872/1/1
f 874/5/1 871/5/1 870/5/1
f 875/5/1 871/5/1 874/5/1
f 876/3/1 875/3/1 874/3/1
f 877/3/1 875/3/1 876/3/1
f 884/6/1 879/6/1 878/6/1
f 885/6/1 879/6/1 884/6/1
f 886/1/1 881/1/1 880/1/1
f 887/1/1 881/1/1 886/1/1
f 889/2/1 883/2/1 882/2/1
f 890/2/1 883/2/1 889/2/1
f 895/4/1 887/4/1 886/4/1
f 896/4/1 887/4/1 895/4/1
f 897/1/1 889/1/1 888/1/1
f 898/3/1 890/3/1 889/3/1
f 898/1/1 889/1/1 897/1/1
f 899/3/1 890/3/1 898/3/1
f 900/1/1 892/1/1 891/1/1
f 901/1/1 892/1/1 900/1/1
f 902/6/1 894/6/1 893/6/1
f 903/6/1 894/6/1 902/6/1
f 909/5/1 899/5/1 898/5/1
f 910/5/1 899/5/1 909/5/1
f 911/4/1 904/4/1 903/4/1
f 912/4/1 904/4/1 911/4/1
f 913/4/1 906/4/1 905/4/1
f 914/4/1 906/4/1 913/4/1
f 917/1/1 908/1/1 907/1/1
f 918/1/1 908/1/1 917/1/1
f 925/4/1 916/4/1 915/4/1
f 926/4/1 916/4/1 925/4/1
f 929/3/1 920/3/1 919/3/1
f 930/3/1 920/3/1 929/3/1
f 931/5/1 922/5/1 921/5/1
f 932/5/1 922/5/1 931/5/1
f 933/4/1 924/4/1 923/4/1
f 934/4/1 924/4/1 933/4/1
f 937/6/1 928/6/1 927/6/1
f 938/6/1 928/6/1 937/6/1
f 939/5/1 932/5/1 931/5/1
f 940/2/1 933/2/1 932/2/1
f 940/5/1 932/5/1 939/5/1
f 941/3/1 934/3/1 933/3/1
f 941/2/1 933/2/1 940/2/1
f 942/3/1 934/3/1 941/3/1
f 943/6/1 936/6/1 935/6/1
f 944/1/1 937/1/1 936/1/1
f 944/6/1 936/6/1 943/6/1
f 945/1/1 937/1/1 944/1/1
f 952/1/1 947/1/1 946/1/1
f 953/1/1 947/1/1 952/1/1
f 954/6/1 949/6/1 948/6/1
f 955/6/1 949/6/1 954/6/1
f 956/6/1 951/6/1 950/6/1
f 957/6/1 951/6/1 956/6/1
f 958/1/1 955/1/1 954/1/1
f 959/1/1 955/1/1 958/1/1
f 962/1/1 961/1/1 960/1/1
f 963/1/1 961/1/1 962/1/1
f 966/4/1 963/4/1 962/4/1
f 967/4/1 963/4/1 966/4/1
f 969/4/1 965/4/1 964/4/1
f 970/5/1 969/5/1 968/5/1
f 971/4/1 965/4/1 969/4/1
f 971/5/1 969/5/1 970/5/1
f 972/4/1 965/4/1 971/4/1
f 973/6/1 972/6/1 971/6/1
f 974/6/1 972/6/1 973/6/1
f 982/4/1 976/4/1 975/4/1
f 983/4/1 976/4/1 982/4/1
f 986/5/1 978/5/1 977/5/1
f 987/5/1 978/5/1 986/5/1
f 988/2/1 980/2/1 979/2/1
f 989/1/1 981/1/1 980/1/1
f 989/2/1 980/2/1 988/2/1
f 990/1/1 981/1/1 989/1/1
f 994/2/1 985/2/1 984/2/1
f 995/2/1 985/2/1 994/2/1
f 1002/5/1 992/5/1 991/5/1
f 1003/1/1 993/1/1 992/1/1
f 1003/5/1 992/5/1 1002/5/1
f 1004/1/1 993/1/1 1003/1/1
f 1007/3/1 997/3/1 996/3/1
f 1008/3/1 997/3/1 1007/3/1
f 1010/6/1 1000/6/1 999/6/1
f 1010/6/1 999/6/1 998/6/1
f 1011/6/1 1000/6/1 1010/6/1
f 1012/2/1 1001/2/1 1000/2/1
f 1012/6/1 1000/6/1 1011/6/1
f 1013/2/1 1001/2/1 1012/2/1
f 1019/3/1 1006/3/1 1005/3/1
f 1020/3/1 1006/3/1 1019/3/1
f 1022/3/1 1009/3/1 1008/3/1
f 1023/3/1 1009/3/1 1022/3/1
f 1024/2/1 1012/2/1 1011/2/1
f 1025/2/1 1012/2/1 1024/2/1
f 1026/4/1 1015/4/1 1014/4/1
f 1027/1/1 1016/1/1 1015/1/1
f 1027/4/1 1015/4/1 1026/4/1
f 1028/1/1 1016/1/1 1027/1/1
f 1032/6/1 1018/6/1 1017/6/1
f 1033/6/1 1018/6/1 1032/6/1
f 1034/3/1 1020/3/1 1019/3/1
f 1035/3/1 1020/3/1 1034/3/1
f 1036/1/1 1022/1/1 1021/1/1
f 1037/1/1 1022/1/1 1036/1/1
f 1041/5/1 1029/5/1 1028/5/1
f 1042/5/1 1029/5/1 1041/5/1
f 1043/2/1 1031/2/1 1030/2/1
f 1044/2/1 1031/2/1 1043/2/1
f 1050/6/1 1036/6/1 1035/6/1
f 1051/6/1 1036/6/1 1050/6/1
f 1053/5/1 1039/5/1 1038/5/1
f 1054/2/1 1040/2/1 1039/2/1
f 1054/5/1 1039/5/1 1053/5/1
f 1055/2/1 1040/2/1 1054/2/1
f 1062/4/1 1046/4/1 1045/4/1
f 1063/4/1 1046/4/1 1062/4/1
f 1064/1/1 1048/1/1 1047/1/1
f 1065/2/1 1049/2/1 1048/2/1
f 1065/1/1 1048/1/1 1064/1/1
f 1066/3/1 1050/3/1 1049/3/1
f 1066/2/1 1049/2/1 1065/2/1
f 1067/3/1 1050/3/1 1066/3/1
f 1068/6/1 1053/6/1 1052/6/1
f 1068/6/1 1054/6/1 1053/6/1
f 1069/6/1 1054/6/1 1068/6/1
f 1070/6/1 1054/6/1 1069/6/1
f 1071/6/1 1057/6/1 1056/6/1
f 1072/4/1 1058/4/1 1057/4/1
f 1072/6/1 1057/6/1 1071/6/1
f 1073/6/1 1059/6/1 1058/6/1
f 1073/4/1 1058/4/1 1072/4/1
f 1074/1/1 1060/1/1 1059/1/1
f 1074/6/1 1059/6/1 1073/6/1
f 1075/2/1 1061/2/1 1060/2/1
f 1075/1/1 1060/1/1 1074/1/1
f 1076/2/1 1061/2/1 1075/2/1
f 1077/3/1 1067/3/1 1066/3/1
f 1078/3/1 1067/3/1 1077/3/1
f 1085/5/1 1080/5/1 1079/5/1
f 1085/5/1 1081/5/1 1080/5/1
f 1086/5/1 1081/5/1 1085/5/1
f 1087/5/1 1081/5/1 1086/5/1
f 1088/3/1 1083/3/1 1082/3/1
f 1089/6/1 1084/6/1 1083/6/1
f 1089/3/1 1083/3/1 1088/3/1
f 1090/1/1 1085/1/1 1084/1/1
f 1090/6/1 1084/6/1 1089/6/1
f 1091/1/1 1085/1/1 1090/1/1
f 1094/3/1 1090/3/1 1089/3/1
f 1095/3/1 1090/3/1 1094/3/1
f 1096/5/1 1093/5/1 1092/5/1
f 1097/5/1 1093/5/1 1096/5/1
f 1100/1/1 1099/1/1 1098/1/1
f 1101/1/1 1099/1/1 1100/1/1
f 1104/5/1 1103/5/1 1102/5/1
f 1105/5/1 1103/5/1 1104/5/1
f 1115/4/1 1107/4/1 1106/4/1
f 1116/4/1 1107/4/1 1115/4/1
f 1120/2/1 1109/2/1 1108/2/1
f 1121/2/1 1109/2/1 1120/2/1
f 1122/5/1 1111/5/1 1110/5/1
f 1123/5/1 1111/5/1 1122/5/1
f 1124/1/1 1113/1/1 1112/1/1
f 1125/1/1 1113/1/1 1124/1/1
f 1126/3/1 1115/3/1 1114/3/1
f 1127/3/1 1115/3/1 1126/3/1
f 1130/5/1 1118/5/1 1117/5/1
f 1131/5/1 1118/5/1 1130/5/1
f 1132/5/1 1120/5/1 1119/5/1
f 1133/5/1 1120/5/1 1132/5/1
f 1137/2/1 1125/2/1 1124/2/1
f 1138/2/1 1125/2/1 1137/2/1
f 1141/4/1 1129/4/1 1128/4/1
f 1142/4/1 1129/4/1 1141/4/1
f 1145/1/1 1135/1/1 1134/1/1
f 1146/1/1 1135/1/1 1145/1/1
f 1148/5/1 1137/5/1 1136/5/1
f 1149/5/1 1137/5/1 1148/5/1
f 1151/3/1 1140/3/1 1139/3/1
f 1152/3/1 1140/3/1 1151/3/1
f 1154/1/1 1144/1/1 1143/1/1
f 1155/1/1 1144/1/1 1154/1/1
f 1158/3/1 1147/3/1 1146/3/1
f 1159/3/1 1147/3/1 1158/3/1
f 1162/3/1 1151/3/1 1150/3/1
f 1163/3/1 1151/3/1 1162/3/1
f 1165/6/1 1154/6/1 1153/6/1
f 1166/6/1 1154/6/1 1165/6/1
f 1171/3/1 1157/3/1 1156/3/1
f 1172/3/1 1157/3/1 1171/3/1
f 1174/4/1 1161/4/1 1160/4/1
f 1174/4/1 1160/4/1 1159/4/1
f 1175/4/1 1161/4/1 1174/4/1
f 1176/4/1 1161/4/1 1175/4/1
f 1177/4/1 1163/4/1 1162/4/1
f 1178/1/1 1164/1/1 1163/1/1
f 1178/4/1 1163/4/1 1177/4/1
f 1179/1/1 1164/1/1 1178/1/1
f 1180/4/1 1168/4/1 1167/4/1
f 1181/1/1 1170/1/1 1169/1/1
f 1181/4/1 1168/4/1 1180/4/1
f 1181/1/1 1169/1/1 1168/1/1
f 1182/1/1 1170/1/1 1181/1/1
f 1183/1/1 1170/1/1 1182/1/1
f 1184/3/1 1173/3/1 1172/3/1
f 1184/3/1 1172/3/1 1171/3/1
f 1185/3/1 1173/3/1 1184/3/1
f 1186/3/1 1173/3/1 1185/3/1
f 1187/3/1 1176/3/1 1175/3/1
f 1188/3/1 1176/3/1 1187/3/1
f 1191/6/1 1181/6/1 1180/6/1
f 1192/1/1 1182/1/1 1181/1/1
f 1192/6/1 1181/6/1 1191/6/1
f 1193/1/1 1182/1/1 1192/1/1
f 1196/2/1 1188/2/1 1187/2/1
f 1197/2/1 1188/2/1 1196/2/1
f 1198/4/1 1190/4/1 1189/4/1
f 1199/1/1 1191/1/1 1190/1/1
f 1199/4/1 1190/4/1 1198/4/1
f 1200/1/1 1191/1/1 1199/1/1
f 1201/5/1 1195/5/1 1194/5/1
f 1202/5/1 1195/5/1 1201/5/1
f 1204/3/1 1203/3/1 1202/3/1
f 1205/3/1 1203/3/1 1204/3/1
f 1212/1/1 1207/1/1 1206/1/1
f 1213/1/1 1207/1/1 1212/1/1
f 1215/1/1 1209/1/1 1208/1/1
f 1216/1/1 1209/1/1 1215/1/1
f 1220/5/1 1211/5/1 1210/5/1
f 1221/5/1 1211/5/1 1220/5/1
f 1227/3/1 1213/3/1 1212/3/1
f 1228/3/1 1213/3/1 1227/3/1
f 1229/6/1 1215/6/1 1214/6/1
f 1230/6/1 1215/6/1 1229/6/1
f 1231/4/1 1217/4/1 1216/4/1
f 1232/4/1 1217/4/1 1231/4/1
f 1233/1/1 1219/1/1 1218/1/1
f 1234/1/1 1219/1/1 1233/1/1
f 1235/2/1 1223/2/1 1222/2/1
f 1236/4/1 1224/4/1 1223/4/1
f 1236/2/1 1223/2/1 1235/2/1
f 1237/5/1 1225/5/1 1224/5/1
f 1237/4/1 1224/4/1 1236/4/1
f 1238/5/1 1225/5/1 1237/5/1
f 1239/1/1 1227/1/1 1226/1/1
f 1240/1/1 1227/1/1 1239/1/1
f 1241/6/1 1229/6/1 1228/6/1
f 1242/6/1 1229/6/1 1241/6/1
f 1243/5/1 1232/5/1 1231/5/1
f 1244/5/1 1232/5/1 1243/5/1
f 1245/3/1 1234/3/1 1233/3/1
f 1246/3/1 1234/3/1 1245/3/1
f 1249/4/1 1240/4/1 1239/4/1
f 1250/4/1 1240/4/1 1249/4/1
f 1253/6/1 1248/6/1 1247/6/1
f 1254/6/1 1248/6/1 1253/6/1
f 1257/3/1 1251/3/1 1250/3/1
f 1258/6/1 1252/6/1 1251/6/1
f 1258/3/1 1251/3/1 1257/3/1
f 1259/6/1 1252/6/1 1258/6/1
f 1262/2/1 1256/2/1 1255/2/1
f 1263/2/1 1256/2/1 1262/2/1
f 1265/2/1 1259/2/1 1258/2/1
f 1266/2/1 1259/2/1 1265/2/1
f 1268/4/1 1261/4/1 1260/4/1
f 1269/4/1 1261/4/1 1268/4/1
f 1273/2/1 1264/2/1 1263/2/1
f 1274/2/1 1264/2/1 1273/2/1
f 1275/1/1 1267/1/1 1266/1/1
f 1276/1/1 1267/1/1 1275/1/1
f 1281/2/1 1271/2/1 1270/2/1
f 1282/2/1 1271/2/1 1281/2/1
f 1283/6/1 1273/6/1 1272/6/1
f 1284/4/1 1274/4/1 1273/4/1
f 1284/6/1 1273/6/1 1283/6/1
f 1285/4/1 1274/4/1 1284/4/1
f 1286/6/1 1278/6/1 1277/6/1
f 1286/6/1 1279/6/1 1278/6/1
f 1287/2/1 1280/2/1 1279/2/1
f 1287/6/1 1279/6/1 1286/6/1
f 1288/2/1 1280/2/1 1287/2/1
f 1291/4/1 1284/4/1 1283/4/1
f 1292/3/1 1285/3/1 1284/3/1
f 1292/4/1 1284/4/1 1291/4/1
f 1293/3/1 1285/3/1 1292/3/1
f 1296/3/1 1290/3/1 1289/3/1
f 1297/3/1 1290/3/1 1296/3/1
f 1300/3/1 1295/3/1 1294/3/1
f 1301/3/1 1295/3/1 1300/3/1
f 1307/1/1 1299/1/1 1298/1/1
f 1308/1/1 1299/1/1 1307/1/1
f 1309/2/1 1303/2/1 1302/2/1
f 1310/2/1 1303/2/1 1309/2/1
f 1311/3/1 1305/3/1 1304/3/1
f 1312/2/1 1306/2/1 1305/2/1
f 1312/3/1 1305/3/1 1311/3/1
f 1313/2/1 1306/2/1 1312/2/1
f 1320/5/1 1315/5/1 1314/5/1
f 1321/1/1 1316/1/1 1315/1/1
f 1321/5/1 1315/5/1 1320/5/1
f 1322/3/1 1317/3/1 1316/3/1
f 1322/1/1 1316/1/1 1321/1/1
f 1323/3/1 1317/3/1 1322/3/1
f 1327/4/1 1319/4/1 1318/4/1
f 1328/4/1 1319/4/1 1327/4/1
f 1331/3/1 1325/3/1 1324/3/1
f 1332/2/1 1326/2/1 1325/2/1
f 1332/3/1 1325/3/1 1331/3/1
f 1333/2/1 1326/2/1 1332/2/1
f 1343/3/1 1330/3/1 1329/3/1
f 1344/5/1 1331/5/1 1330/5/1
f 1344/3/1 1330/3/1 1343/3/1
f 1345/5/1 1331/5/1 1344/5/1
f 1346/5/1 1335/5/1 1334/5/1
f 1347/5/1 1335/5/1 1346/5/1
f 1349/2/1 1337/2/1 1336/2/1
f 1350/2/1 1337/2/1 1349/2/1
f 1351/6/1 1339/6/1 1338/6/1
f 1352/6/1 1339/6/1 1351/6/1
f 1353/3/1 1341/3/1 1340/3/1
f 1354/3/1 1341/3/1 1353/3/1
f 1355/1/1 1343/1/1 1342/1/1
f 1355/1/1 1344/1/1 1343/1/1
f 1356/1/1 1344/1/1 1355/1/1
f 1359/5/1 1348/5/1 1347/5/1
f 1360/5/1 1348/5/1 1359/5/1
f 1361/4/1 1353/4/1 1352/4/1
f 1362/4/1 1353/4/1 1361/4/1
f 1365/5/1 1358/5/1 1357/5/1
f 1366/5/1 1358/5/1 1365/5/1
f 1368/1/1 1363/1/1 1362/1/1
f 1369/6/1 1364/6/1 1363/6/1
f 1369/1/1 1363/1/1 1368/1/1
f 1370/6/1 1364/6/1 1369/6/1
f 1375/6/1 1368/6/1 1367/6/1
f 1376/1/1 1369/1/1 1368/1/1
f 1376/6/1 1368/6/1 1375/6/1
f 1377/1/1 1369/1/1 1376/1/1
f 1381/4/1 1372/4/1 1371/4/1
f 1382/4/1 1372/4/1 1381/4/1
f 1383/3/1 1374/3/1 1373/3/1
f 1384/3/1 1374/3/1 1383/3/1
f 1385/6/1 1376/6/1 1375/6/1
f 1386/6/1 1376/6/1 1385/6/1
f 1389/1/1 1379/1/1 1378/1/1
f 1390/1/1 1379/1/1 1389/1/1
f 1391/6/1 1381/6/1 1380/6/1
f 1392/6/1 1381/6/1 1391/6/1
f 1396/5/1 1384/5/1 1383/5/1
f 1397/5/1 1384/5/1 1396/5/1
f 1399/2/1 1388/2/1 1387/2/1
f 1400/2/1 1388/2/1 1399/2/1
f 1404/3/1 1394/3/1 1393/3/1
f 1405/6/1 1395/6/1 1394/6/1
f 1405/3/1 1394/3/1 1404/3/1
f 1406/6/1 1395/6/1 1405/6/1
f 1407/2/1 1397/2/1 1396/2/1
f 1408/2/1 1397/2/1 1407/2/1
f 1409/1/1 1399/1/1 1398/1/1
f 1410/1/1 1399/1/1 1409/1/1
f 1411/2/1 1401/2/1 1400/2/1
f 1412/2/1 1401/2/1 1411/2/1
f 1413/1/1 1403/1/1 1402/1/1
f 1414/1/1 1403/1/1 1413/1/1
f 1415/4/1 1405/4/1 1404/4/1
f 1416/3/1 1406/3/1 1405/3/1
f 1416/4/1 1405/4/1 1415/4/1
f 1417/3/1 1406/3/1 1416/3/1
f 1419/5/1 1418/5/1 1417/5/1
f 1420/5/1 1418/5/1 1419/5/1
f 1421/4/1 1420/4/1 1419/4/1
f 1422/4/1 1420/4/1 1421/4/1
f 1433/4/1 1424/4/1 1423/4/1
f 1434/4/1 1424/4/1 1433/4/1
f 1437/3/1 1426/3/1 1425/3/1
f 1438/4/1 1427/4/1 1426/4/1
f 1438/3/1 1426/3/1 1437/3/1
f 1439/4/1 1427/4/1 1438/4/1
f 1441/6/1 1429/6/1 1428/6/1
f 1442/6/1 1429/6/1 1441/6/1
f 1443/6/1 1431/6/1 1430/6/1
f 1444/6/1 1431/6/1 1443/6/1
f 1445/4/1 1433/4/1 1432/4/1
f 1446/2/1 1434/2/1 1433/2/1
f 1446/4/1 1433/4/1 1445/4/1
f 1447/2/1 1434/2/1 1446/2/1
f 1449/4/1 1436/4/1 1435/4/1
f 1450/4/1 1436/4/1 1449/4/1
f 1454/2/1 1441/2/1 1440/2/1
f 1455/2/1 1441/2/1 1454/2/1
f 1461/3/1 1449/3/1 1448/3/1
f 1462/3/1 1449/3/1 1461/3/1
f 1464/6/1 1452/6/1 1451/6/1
f 1465/1/1 1453/1/1 1452/1/1
f 1465/6/1 1452/6/1 1464/6/1
f 1466/1/1 1453/1/1 1465/1/1
f 1469/6/1 1456/6/1 1455/6/1
f 1470/6/1 1456/6/1 1469/6/1
f 1473/4/1 1458/4/1 1457/4/1
f 1474/4/1 1458/4/1 1473/4/1
f 1475/6/1 1460/6/1 1459/6/1
f 1476/6/1 1460/6/1 1475/6/1
f 1481/6/1 1464/6/1 1463/6/1
f 1482/6/1 1464/6/1 1481/6/1
f 1483/2/1 1467/2/1 1466/2/1
f 1484/4/1 1468/4/1 1467/4/1
f 1484/2/1 1467/2/1 1483/2/1
f 1485/4/1 1468/4/1 1484/4/1
f 1487/5/1 1471/5/1 1470/5/1
f 1488/4/1 1472/4/1 1471/4/1
f 1488/5/1 1471/5/1 1487/5/1
f 1489/4/1 1472/4/1 1488/4/1
f 1490/5/1 1478/5/1 1477/5/1
f 1491/5/1 1478/5/1 1490/5/1
f 1492/2/1 1480/2/1 1479/2/1
f 1493/6/1 1481/6/1 1480/6/1
f 1493/2/1 1480/2/1 1492/2/1
f 1494/1/1 1482/1/1 1481/1/1
f 1494/6/1 1481/6/1 1493/6/1
f 1495/1/1 1482/1/1 1494/1/1
f 1496/4/1 1485/4/1 1484/4/1
f 1497/5/1 1486/5/1 1485/5/1
f 1497/4/1 1485/4/1 1496/4/1
f 1498/2/1 1487/2/1 1486/2/1
f 1498/5/1 1486/5/1 1497/5/1
f 1499/4/1 1488/4/1 1487/4/1
f 1499/2/1 1487/2/1 1498/2/1
f 1500/4/1 1488/4/1 1499/4/1
f 1502/1/1 1492/1/1 1491/1/1
f 1503/1/1 1492/1/1 1502/1/1
f 1506/4/1 1499/4/1 1498/4/1
f 1507/4/1 1499/4/1 1506/4/1
f 1508/3/1 1502/3/1 1501/3/1
f 1509/4/1 1503/4/1 1502/4/1
f 1509/3/1 1502/3/1 1508/3/1
f 1510/4/1 1503/4/1 1509/4/1
f 1514/6/1 1505/6/1 1504/6/1
f 1515/6/1 1505/6/1 1514/6/1
f 1520/4/1 1511/4/1 1510/4/1
f 1521/4/1 1511/4/1 1520/4/1
f 1522/5/1 1513/5/1 1512/5/1
f 1523/5/1 1513/5/1 1522/5/1
f 1524/6/1 1517/6/1 1516/6/1
f 1525/6/1 1517/6/1 1524/6/1
f 1526/4/1 1519/4/1 1518/4/1
f 1527/4/1 1519/4/1 1526/4/1
f 1528/5/1 1521/5/1 1520/5/1
f 1529/5/1 1521/5/1 1528/5/1
f 1533/5/1 1529/5/1 1528/5/1
f 1534/5/1 1529/5/1 1533/5/1
f 1536/2/1 1531/2/1 1530/2/1
f 1537/5/1 1532/5/1 1531/5/1
f 1537/2/1 1531/2/1 1536/2/1
f 1538/5/1 1532/5/1 1537/5/1
f 1539/2/1 1536/2/1 1535/2/1
f 1540/2/1 1536/2/1 1539/2/1
f 1547/4/1 1542/4/1 1541/4/1
f 1548/4/1 1542/4/1 1547/4/1
f 1549/6/1 1544/6/1 1543/6/1
f 1550/6/1 1544/6/1 1549/6/1
f 1551/3/1 1546/3/1 1545/3/1
f 1552/3/1 1546/3/1 1551/3/1
f 1555/2/1 1548/2/1 1547/2/1
f 1556/2/1 1548/2/1 1555/2/1
f 1565/1/1 1554/1/1 1553/1/1
f 1566/1/1 1554/1/1 1565/1/1
f 1567/6/1 1558/6/1 1557/6/1
f 1568/3/1 1559/3/1 1558/3/1
f 1568/6/1 1558/6/1 1567/6/1
f 1569/3/1 1559/3/1 1568/3/1
f 1570/3/1 1561/3/1 1560/3/1
f 1571/6/1 1562/6/1 1561/6/1
f 1571/3/1 1561/3/1 1570/3/1
f 1572/6/1 1562/6/1 1571/6/1
f 1575/1/1 1564/1/1 1563/1/1
f 1576/1/1 1564/1/1 1575/1/1
f 1582/3/1 1572/3/1 1571/3/1
f 1583/3/1 1572/3/1 1582/3/1
f 1584/2/1 1574/2/1 1573/2/1
f 1585/2/1 1574/2/1 1584/2/1
f 1586/2/1 1578/2/1 1577/2/1
f 1587/2/1 1578/2/1 1586/2/1
f 1591/2/1 1580/2/1 1579/2/1
f 1592/2/1 1580/2/1 1591/2/1
f 1593/1/1 1582/1/1 1581/1/1
f 1594/1/1 1582/1/1 1593/1/1
f 1595/3/1 1584/3/1 1583/3/1
f 1596/3/1 1584/3/1 1595/3/1
f 1601/2/1 1589/2/1 1588/2/1
f 1602/1/1 1590/1/1 1589/1/1
f 1602/2/1 1589/2/1 1601/2/1
f 1603/1/1 1590/1/1 1602/1/1
f 1604/2/1 1593/2/1 1592/2/1
f 1605/2/1 1593/2/1 1604/2/1
f 1606/4/1 1597/4/1 1596/4/1
f 1607/6/1 1598/6/1 1597/6/1
f 1607/4/1 1597/4/1 1606/4/1
f 1608/6/1 1598/6/1 1607/6/1
f 1610/6/1 1600/6/1 1599/6/1
f 1611/6/1 1600/6/1 1610/6/1
f 1612/4/1 1603/4/1 1602/4/1
f 1612/4/1 1602/4/1 1601/4/1
f 1613/4/1 1603/4/1 1612/4/1
f 1616/6/1 1607/6/1 1606/6/1
f 1617/5/1 1608/5/1 1607/5/1
f 1617/6/1 1607/6/1 1616/6/1
f 1618/5/1 1608/5/1 1617/5/1
f 1619/5/1 1610/5/1 1609/5/1
f 1620/5/1 1610/5/1 1619/5/1
f 1626/1/1 1615/1/1 1614/1/1
f 1627/1/1 1615/1/1 1626/1/1
f 1628/4/1 1622/4/1 1621/4/1
f 1629/4/1 1622/4/1 1628/4/1
f 1630/1/1 1624/1/1 1623/1/1
f 1631/5/1 1625/5/1 1624/5/1
f 1631/1/1 1624/1/1 1630/1/1
f 1632/5/1 1625/5/1 1631/5/1
f 1635/6/1 1629/6/1 1628/6/1
f 1636/6/1 1629/6/1 1635/6/1
f 1637/3/1 1631/3/1 1630/3/1
f 1638/3/1 1631/3/1 1637/3/1
f 1640/2/1 1634/2/1 1633/2/1
f 1641/2/1 1634/2/1 1640/2/1
f 1642/2/1 1637/2/1 1636/2/1
f 1643/2/1 1637/2/1 1642/2/1
f 1646/2/1 1640/2/1 1639/2/1
f 1647/2/1 1640/2/1 1646/2/1
f 1648/4/1 1645/4/1 1644/4/1
f 1649/4/1 1645/4/1 1648/4/1
f 1655/5/1 1651/5/1 1650/5/1
f 1656/4/1 1652/4/1 1651/4/1
f 1656/5/1 1651/5/1 1655/5/1
f 1657/4/1 1652/4/1 1656/4/1
f 1662/2/1 1654/2/1 1653/2/1
f 1663/2/1 1654/2/1 1662/2/1
f 1664/6/1 1657/6/1 1656/6/1
f 1665/6/1 1657/6/1 1664/6/1
f 1667/5/1 1659/5/1 1658/5/1
f 1668/5/1 1659/5/1 1667/5/1
f 1669/2/1 1661/2/1 1660/2/1
f 1670/2/1 1661/2/1 1669/2/1
f 1671/1/1 1667/1/1 1666/1/1
f 1672/1/1 1667/1/1 1671/1/1
f 1678/3/1 1674/3/1 1673/3/1
f 1679/3/1 1674/3/1 1678/3/1
f 1685/3/1 1676/3/1 1675/3/1
f 1686/3/1 1676/3/1 1685/3/1
f 1689/3/1 1678/3/1 1677/3/1
f 1690/3/1 1678/3/1 1689/3/1
f 1691/6/1 1681/6/1 1680/6/1
f 1692/6/1 1681/6/1 1691/6/1
f 1693/6/1 1683/6/1 1682/6/1
f 1694/4/1 1684/4/1 1683/4/1
f 1694/6/1 1683/6/1 1693/6/1
f 1695/4/1 1684/4/1 1694/4/1
f 1699/6/1 1688/6/1 1687/6/1
f 1700/6/1 1688/6/1 1699/6/1
f 1704/3/1 1692/3/1 1691/3/1
f 1705/3/1 1692/3/1 1704/3/1
f 1708/4/1 1697/4/1 1696/4/1
f 1709/2/1 1698/2/1 1697/2/1
f 1709/4/1 1697/4/1 1708/4/1
f 1710/2/1 1698/2/1 1709/2/1
f 1711/3/1 1701/3/1 1700/3/1
f 1712/3/1 1701/3/1 1711/3/1
f 1715/2/1 1703/2/1 1702/2/1
f 1716/2/1 1703/2/1 1715/2/1
f 1720/5/1 1707/5/1 1706/5/1
f 1721/5/1 1707/5/1 1720/5/1
f 1725/4/1 1714/4/1 1713/4/1
f 1726/2/1 1715/2/1 1714/2/1
f 1726/4/1 1714/4/1 1725/4/1
f 1727/2/1 1715/2/1 1726/2/1
f 1729/4/1 1719/4/1 1718/4/1
f 1729/4/1 1718/4/1 1717/4/1
f 1730/4/1 1719/4/1 1729/4/1
f 1731/1/1 1720/1/1 1719/1/1
f 1731/4/1 1719/4/1 1730/4/1
f 1732/1/1 1720/1/1 1731/1/1
f 1733/3/1 1722/3/1 1721/3/1
f 1734/5/1 1723/5/1 1722/5/1
f 1734/3/1 1722/3/1 1733/3/1
f 1735/6/1 1724/6/1 1723/6/1
f 1735/5/1 1723/5/1 1734/5/1
f 1736/6/1 1724/6/1 1735/6/1
f 1742/6/1 1729/6/1 1728/6/1
f 1743/6/1 1729/6/1 1742/6/1
f 1744/2/1 1734/2/1 1733/2/1
f 1744/2/1 1733/2/1 1732/2/1
f 1744/2/1 1735/2/1 1734/2/1
f 1745/2/1 1735/2/1 1744/2/1
f 1746/2/1 1735/2/1 1745/2/1
f 1747/1/1 1736/1/1 1735/1/1
f 1747/2/1 1735/2/1 1746/2/1
f 1748/5/1 1737/5/1 1736/5/1
f 1748/1/1 1736/1/1 1747/1/1
f 1749/5/1 1737/5/1 1748/5/1
f 1751/2/1 1739/2/1 1738/2/1
f 1752/2/1 1739/2/1 1751/2/1
f 1753/4/1 1741/4/1 1740/4/1
f 1754/4/1 1741/4/1 1753/4/1
f 1757/4/1 1746/4/1 1745/4/1
f 1758/4/1 1746/4/1 1757/4/1
f 1759/4/1 1751/4/1 1750/4/1
f 1760/4/1 1751/4/1 1759/4/1
f 1761/6/1 1754/6/1 1753/6/1
f 1762/6/1 1754/6/1 1761/6/1
f 1763/2/1 1756/2/1 1755/2/1
f 1764/2/1 1756/2/1 1763/2/1
f 1772/5/1 1766/5/1 1765/5/1
f 1773/5/1 1766/5/1 1772/5/1
f 1774/5/1 1768/5/1 1767/5/1
f 1775/5/1 1768/5/1 1774/5/1
f 1776/2/1 1770/2/1 1769/2/1
f 1777/5/1 1771/5/1 1770/5/1
f 1777/2/1 1770/2/1 1776/2/1
f 1778/5/1 1771/5/1 1777/5/1
f 1784/2/1 1780/2/1 1779/2/1
f 1785/2/1 1780/2/1 1784/2/1
f 1790/5/1 1782/5/1 1781/5/1
f 1791/6/1 1783/6/1 1782/6/1
f 1791/5/1 1782/5/1 1790/5/1
f 1792/6/1 1783/6/1 1791/6/1
f 1793/4/1 1787/4/1 1786/4/1
f 1794/4/1 1787/4/1 1793/4/1
f 1796/5/1 1789/5/1 1788/5/1
f 1797/5/1 1789/5/1 1796/5/1
f 1802/2/1 1796/2/1 1795/2/1
f 1803/3/1 1797/3/1 1796/3/1
f 1803/2/1 1796/2/1 1802/2/1
f 1804/4/1 1798/4/1 1797/4/1
f 1804/3/1 1797/3/1 1803/3/1
f 1805/4/1 1798/4/1 1804/4/1
f 1809/5/1 1800/5/1 1799/5/1
f 1810/5/1 1800/5/1 1809/5/1
f 1813/1/1 1802/1/1 1801/1/1
f 1814/1/1 1802/1/1 1813/1/1
f 1815/5/1 1804/5/1 1803/5/1
f 1816/5/1 1804/5/1 1815/5/1
f 1821/1/1 1807/1/1 1806/1/1
f 1822/2/1 1808/2/1 1807/2/1
f 1822/1/1 1807/1/1 1821/1/1
f 1823/2/1 1808/2/1 1822/2/1
f 1824/3/1 1812/3/1 1811/3/1
f 1825/3/1 1812/3/1 1824/3/1
f 1828/1/1 1818/1/1 1817/1/1
f 1829/1/1 1818/1/1 1828/1/1
f 1830/3/1 1820/3/1 1819/3/1
f 1831/3/1 1820/3/1 1830/3/1
f 1833/1/1 1825/1/1 1824/1/1
f 1834/1/1 1825/1/1 1833/1/1
f 1837/2/1 1827/2/1 1826/2/1
f 1838/2/1 1827/2/1 1837/2/1
f 1839/3/1 1833/3/1 1832/3/1
f 1840/3/1 1833/3/1 1839/3/1
f 1841/2/1 1835/2/1 1834/2/1
f 1842/4/1 1836/4/1 1835/4/1
f 1842/2/1 1835/2/1 1841/2/1
f 1843/3/1 1837/3/1 1836/3/1
f 1843/4/1 1836/4/1 1842/4/1
f 1844/3/1 1837/3/1 1843/3/1
f 1845/5/1 1843/5/1 1842/5/1
f 1846/5/1 1843/5/1 1845/5/1
f 1851/6/1 1846/6/1 1845/6/1
f 1852/1/1 1847/1/1 1846/1/1
f 1852/6/1 1846/6/1 1851/6/1
f 1853/1/1 1847/1/1 1852/1/1
f 1854/2/1 1850/2/1 1849/2/1
f 1854/2/1 1849/2/1 1848/2/1
f 1855/2/1 1850/2/1 1854/2/1
f 1856/2/1 1850/2/1 1855/2/1
f 1860/5/1 1856/5/1 1855/5/1
f 1861/4/1 1857/4/1 1856/4/1
f 1861/5/1 1856/5/1 1860/5/1
f 1862/4/1 1857/4/1 1861/4/1
f 1863/1/1 1859/1/1 1858/1/1
f 1864/1/1 1859/1/1 1863/1/1
f 1865/2/1 1862/2/1 1861/2/1
f 1866/2/1 1862/2/1 1865/2/1
f 1874/1/1 1868/1/1 1867/1/1
f 1875/1/1 1868/1/1 1874/1/1
f 1876/6/1 1870/6/1 1869/6/1
f 1877/6/1 1870/6/1 1876/6/1
f 1881/6/1 1872/6/1 1871/6/1
f 1882/6/1 1872/6/1 1881/6/1
f 1885/5/1 1874/5/1 1873/5/1
f 1886/1/1 1875/1/1 1874/1/1
f 1886/5/1 1874/5/1 1885/5/1
f 1887/1/1 1875/1/1 1886/1/1
f 1893/6/1 1879/6/1 1878/6/1
f 1894/6/1 1879/6/1 1893/6/1
f 1895/5/1 1881/5/1 1880/5/1
f 1896/5/1 1881/5/1 1895/5/1
f 1897/4/1 1884/4/1 1883/4/1
f 1898/4/1 1884/4/1 1897/4/1
f 1900/2/1 1887/2/1 1886/2/1
f 1901/2/1 1887/2/1 1900/2/1
f 1904/4/1 1889/4/1 1888/4/1
f 1905/4/1 1889/4/1 1904/4/1
f 1906/5/1 1891/5/1 1890/5/1
f 1907/1/1 1892/1/1 1891/1/1
f 1907/5/1 1891/5/1 1906/5/1
f 1908/3/1 1893/3/1 1892/3/1
f 1908/1/1 1892/1/1 1907/1/1
f 1909/3/1 1893/3/1 1908/3/1
f 1914/5/1 1898/5/1 1897/5/1
f 1915/6/1 1899/6/1 1898/6/1
f 1915/5/1 1898/5/1 1914/5/1
f 1916/6/1 1899/6/1 1915/6/1
f 1917/2/1 1903/2/1 1902/2/1
f 1918/2/1 1903/2/1 1917/2/1
f 1919/6/1 1907/6/1 1906/6/1
f 1920/6/1 1907/6/1 1919/6/1
f 1921/3/1 1911/3/1 1910/3/1
f 1922/3/1 1911/3/1 1921/3/1
f 1923/1/1 1913/1/1 1912/1/1
f 1924/1/1 1913/1/1 1923/1/1
f 1936/6/1 1925/6/1 1924/6/1
f 1937/6/1 1925/6/1 1936/6/1
f 1938/5/1 1927/5/1 1926/5/1
f 1939/5/1 1927/5/1 1938/5/1
f 1942/2/1 1929/2/1 1928/2/1
f 1943/2/1 1929/2/1 1942/2/1
f 1945/1/1 1931/1/1 1930/1/1
f 1946/5/1 1932/5/1 1931/5/1
f 1946/1/1 1931/1/1 1945/1/1
f 1947/5/1 1932/5/1 1946/5/1
f 1948/2/1 1934/2/1 1933/2/1
f 1949/2/1 1934/2/1 1948/2/1
f 1950/5/1 1936/5/1 1935/5/1
f 1951/5/1 1936/5/1 1950/5/1
f 1952/1/1 1941/1/1 1940/1/1
f 1953/1/1 1941/1/1 1952/1/1
f 1954/6/1 1943/6/1 1942/6/1
f 1955/6/1 1943/6/1 1954/6/1
f 1956/3/1 1945/3/1 1944/3/1
f 1957/3/1 1945/3/1 1956/3/1
f 1958/6/1 1948/6/1 1947/6/1
f 1959/6/1 1948/6/1 1958/6/1
f 1964/3/1 1955/3/1 1954/3/1
f 1965/3/1 1955/3/1 1964/3/1
f 1967/6/1 1960/6/1 1959/6/1
f 1968/6/1 1960/6/1 1967/6/1
f 1969/6/1 1963/6/1 1962/6/1
f 1969/6/1 1962/6/1 1961/6/1
f 1970/6/1 1963/6/1 1969/6/1
f 1971/6/1 1963/6/1 1970/6/1
f 1972/4/1 1966/4/1 1965/4/1
f 1973/4/1 1966/4/1 1972/4/1
f 1979/5/1 1975/5/1 1974/5/1
f 1980/4/1 1976/4/1 1975/4/1
f 1980/5/1 1975/5/1 1979/5/1
f 1981/2/1 1978/2/1 1977/2/1
f 1981/4/1 1976/4/1 1980/4/1
f 1981/2/1 1977/2/1 1976/2/1
f 1982/2/1 1978/2/1 1981/2/1
f 1983/2/1 1978/2/1 1982/2/1
f 1988/2/1 1985/2/1 1984/2/1
f 1989/2/1 1985/2/1 1988/2/1
f 1990/1/1 1987/1/1 1986/1/1
f 1991/1/1 1987/1/1 1990/1/1
f 2005/4/1 1993/4/1 1992/4/1
f 2006/6/1 1994/6/1 1993/6/1
f 2006/4/1 1993/4/1 2005/4/1
f 2007/3/1 1995/3/1 1994/3/1
f 2007/6/1 1994/6/1 2006/6/1
f 2008/2/1 1996/2/1 1995/2/1
f 2008/3/1 1995/3/1 2007/3/1
f 2009/1/1 1997/1/1 1996/1/1
f 2009/2/1 1996/2/1 2008/2/1
f 2010/3/1 1998/3/1 1997/3/1
f 2010/1/1 1997/1/1 2009/1/1
f 2011/3/1 1998/3/1 2010/3/1
f 2013/1/1 2000/1/1 1999/1/1
f 2014/4/1 2001/4/1 2000/4/1
f 2014/1/1 2000/1/1 2013/1/1
f 2015/5/1 2003/5/1 2002/5/1
f 2016/2/1 2004/2/1 2003/2/1
f 2016/5/1 2003/5/1 2015/5/1
f 2017/2/1 2004/2/1 2016/2/1
f 2021/5/1 2007/5/1 2006/5/1
f 2022/2/1 2008/2/1 2007/2/1
f 2022/5/1 2007/5/1 2021/5/1
f 2023/2/1 2008/2/1 2022/2/1
f 2024/3/1 2012/3/1 2011/3/1
f 2025/3/1 2012/3/1 2024/3/1
f 2028/4/1 2001/4/1 2014/4/1
f 2029/4/1 2001/4/1 2028/4/1
f 2030/1/1 2018/1/1 2017/1/1
f 2031/1/1 2018/1/1 2030/1/1
f 2032/1/1 2020/1/1 2019/1/1
f 2032/1/1 2021/1/1 2020/1/1
f 2033/1/1 2021/1/1 2032/1/1
f 2034/1/1 2021/1/1 2033/1/1
f 2035/6/1 2023/6/1 2022/6/1
f 2036/6/1 2023/6/1 2035/6/1
f 2037/5/1 2025/5/1 2024/5/1
f 2038/5/1 2025/5/1 2037/5/1
f 2041/1/1 2027/1/1 2026/1/1
f 2042/1/1 2027/1/1 2041/1/1
f 2043/5/1 2040/5/1 2039/5/1
f 2044/5/1 2040/5/1 2043/5/1
f 2051/4/1 2046/4/1 2045/4/1
f 2052/4/1 2046/4/1 2051/4/1
f 2055/4/1 2048/4/1 2047/4/1
f 2056/4/1 2048/4/1 2055/4/1
f 2059/3/1 2050/3/1 2049/3/1
f 2060/3/1 2050/3/1 2059/3/1
f 2061/1/1 2054/1/1 2053/1/1
f 2062/1/1 2054/1/1 2061/1/1
f 2065/3/1 2057/3/1 2056/3/1
f 2066/6/1 2058/6/1 2057/6/1
f 2066/3/1 2057/3/1 2065/3/1
f 2067/6/1 2058/6/1 2066/6/1
f 2068/1/1 2064/1/1 2063/1/1
f 2068/1/1 2063/1/1 2062/1/1
f 2069/1/1 2064/1/1 2068/1/1
f 2072/5/1 2071/5/1 2070/5/1
f 2073/5/1 2071/5/1 2072/5/1
f 2079/3/1 2075/3/1 2074/3/1
f 2080/3/1 2075/3/1 2079/3/1
f 2085/2/1 2077/2/1 2076/2/1
f 2086/2/1 2077/2/1 2085/2/1
f 2087/3/1 2079/3/1 2078/3/1
f 2088/3/1 2079/3/1 2087/3/1
f 2095/5/1 2082/5/1 2081/5/1
f 2096/5/1 2082/5/1 2095/5/1
f 2097/1/1 2084/1/1 2083/1/1
f 2098/1/1 2084/1/1 2097/1/1
f 2099/1/1 2090/1/1 2089/1/1
f 2100/6/1 2091/6/1 2090/6/1
f 2100/1/1 2090/1/1 2099/1/1
f 2101/6/1 2091/6/1 2100/6/1
f 2102/2/1 2093/2/1 2092/2/1
f 2103/2/1 2093/2/1 2102/2/1
f 2108/6/1 2095/6/1 2094/6/1
f 2109/6/1 2095/6/1 2108/6/1
f 2116/4/1 2105/4/1 2104/4/1
f 2117/4/1 2105/4/1 2116/4/1
f 2118/5/1 2107/5/1 2106/5/1
f 2119/5/1 2107/5/1 2118/5/1
f 2121/2/1 2110/2/1 2109/2/1
f 2122/2/1 2110/2/1 2121/2/1
f 2123/3/1 2112/3/1 2111/3/1
f 2124/3/1 2112/3/1 2123/3/1
f 2125/5/1 2114/5/1 2113/5/1
f 2126/2/1 2115/2/1 2114/2/1
f 2126/5/1 2114/5/1 2125/5/1
f 2127/2/1 2115/2/1 2126/2/1
f 2129/4/1 2117/4/1 2116/4/1
f 2130/4/1 2117/4/1 2129/4/1
f 2131/4/1 2119/4/1 2118/4/1
f 2132/2/1 2120/2/1 2119/2/1
f 2132/4/1 2119/4/1 2131/4/1
f 2133/2/1 2120/2/1 2132/2/1
f 2134/6/1 2128/6/1 2127/6/1
f 2135/6/1 2128/6/1 2134/6/1
f 2136/6/1 2130/6/1 2129/6/1
f 2137/6/1 2130/6/1 2136/6/1
f 2142/4/1 2139/4/1 2138/4/1
f 2143/3/1 2140/3/1 2139/3/1
f 2143/4/1 2139/4/1 2142/4/1
f 2144/6/1 2141/6/1 2140/6/1
f 2144/3/1 2140/3/1 2143/3/1
f 2145/6/1 2141/6/1 2144/6/1
f 2151/4/1 2147/4/1 2146/4/1
f 2152/1/1 2148/1/1 2147/1/1
f 2152/4/1 2147/4/1 2151/4/1
f 2153/1/1 2148/1/1 2152/1/1
f 2154/6/1 2150/6/1 2149/6/1
f 2155/6/1 2150/6/1 2154/6/1
f 2164/2/1 2157/2/1 2156/2/1
f 2165/2/1 2157/2/1 2164/2/1
f 2166/2/1 2159/2/1 2158/2/1
f 2167/2/1 2159/2/1 2166/2/1
f 2170/3/1 2161/3/1 2160/3/1
f 2171/3/1 2161/3/1 2170/3/1
f 2176/6/1 2163/6/1 2162/6/1
f 2177/2/1 2164/2/1 2163/2/1
f 2177/6/1 2163/6/1 2176/6/1
f 2178/2/1 2164/2/1 2177/2/1
f 2180/6/1 2169/6/1 2168/6/1
f 2181/6/1 2169/6/1 2180/6/1
f 2185/4/1 2172/4/1 2171/4/1
f 2186/4/1 2172/4/1 2185/4/1
f 2187/2/1 2174/2/1 2173/2/1
f 2188/4/1 2175/4/1 2174/4/1
f 2188/2/1 2174/2/1 2187/2/1
f 2189/4/1 2175/4/1 2188/4/1
f 2190/1/1 2177/1/1 2176/1/1
f 2191/1/1 2177/1/1 2190/1/1
f 2192/1/1 2179/1/1 2178/1/1
f 2193/1/1 2179/1/1 2192/1/1
f 2197/5/1 2183/5/1 2182/5/1
f 2198/5/1 2183/5/1 2197/5/1
f 2199/2/1 2185/2/1 2184/2/1
f 2200/2/1 2185/2/1 2199/2/1
f 2201/5/1 2189/5/1 2188/5/1
f 2202/2/1 2190/2/1 2189/2/1
f 2202/5/1 2189/5/1 2201/5/1
f 2203/2/1 2190/2/1 2202/2/1
f 2205/2/1 2196/2/1 2195/2/1
f 2205/2/1 2195/2/1 2194/2/1
f 2206/2/1 2196/2/1 2205/2/1
f 2207/3/1 2204/3/1 2203/3/1
f 2208/3/1 2204/3/1 2207/3/1
f 2211/2/1 2208/2/1 2207/2/1
f 2212/2/1 2208/2/1 2211/2/1
f 2213/2/1 2210/2/1 2209/2/1
f 2214/2/1 2210/2/1 2213/2/1
f 2217/4/1 2216/4/1 2215/4/1
f 2218/4/1 2216/4/1 2217/4/1
f 2221/5/1 2220/5/1 2219/5/1
f 2222/5/1 2220/5/1 2221/5/1
f 2227/5/1 2224/5/1 2223/5/1
f 2228/4/1 2225/4/1 2224/4/1
f 2228/5/1 2224/5/1 2227/5/1
f 2229/4/1 2225/4/1 2228/4/1
f 2230/4/1 2225/4/1 2229/4/1
f 2236/1/1 2227/1/1 2226/1/1
f 2237/1/1 2227/1/1 2236/1/1
f 2238/1/1 2227/1/1 2237/1/1
f 2240/3/1 2231/3/1 2230/3/1
f 2241/3/1 2231/3/1 2240/3/1
f 2242/5/1 2233/5/1 2232/5/1
f 2243/5/1 2233/5/1 2242/5/1
f 2244/2/1 2235/2/1 2234/2/1
f 2245/2/1 2235/2/1 2244/2/1
f 2250/5/1 2239/5/1 2238/5/1
f 2251/5/1 2239/5/1 2250/5/1
f 2253/1/1 2247/1/1 2246/1/1
f 2254/1/1 2247/1/1 2253/1/1
f 2258/3/1 2249/3/1 2248/3/1
f 2259/3/1 2249/3/1 2258/3/1
f 2261/5/1 2252/5/1 2251/5/1
f 2262/5/1 2252/5/1 2261/5/1
f 2263/6/1 2254/6/1 2253/6/1
f 2264/6/1 2254/6/1 2263/6/1
f 2265/5/1 2256/5/1 2255/5/1
f 2266/5/1 2256/5/1 2265/5/1
f 2267/5/1 2258/5/1 2257/5/1
f 2268/1/1 2259/1/1 2258/1/1
f 2268/5/1 2258/5/1 2267/5/1
f 2269/1/1 2259/1/1 2268/1/1
f 2270/3/1 2261/3/1 2260/3/1
f 2271/3/1 2261/3/1 2270/3/1
f 2274/2/1 2269/2/1 2268/2/1
f 2275/3/1 2270/3/1 2269/3/1
f 2275/2/1 2269/2/1 2274/2/1
f 2276/3/1 2270/3/1 2275/3/1
f 2277/3/1 2273/3/1 2272/3/1
f 2278/3/1 2273/3/1 2277/3/1
f 2281/1/1 2280/1/1 2279/1/1
f 2282/1/1 2280/1/1 2281/1/1
f 2283/3/1 2282/3/1 2281/3/1
f 2284/3/1 2282/3/1 2283/3/1
f 2290/5/1 2286/5/1 2285/5/1
f 2291/5/1 2286/5/1 2290/5/1
f 2295/1/1 2288/1/1 2287/1/1
f 2296/4/1 2289/4/1 2288/4/1
f 2296/1/1 2288/1/1 2295/1/1
f 2297/4/1 2289/4/1 2296/4/1
f 2298/1/1 2292/1/1 2291/1/1
f 2299/1/1 2292/1/1 2298/1/1
f 2300/1/1 2294/1/1 2293/1/1
f 2301/1/1 2294/1/1 2300/1/1
f 2302/1/1 2296/1/1 2295/1/1
f 2303/1/1 2296/1/1 2302/1/1
f 2306/5/1 2305/5/1 2304/5/1
f 2307/5/1 2305/5/1 2306/5/1
f 2312/6/1 2309/6/1 2308/6/1
f 2313/6/1 2309/6/1 2312/6/1
f 2315/2/1 2311/2/1 2310/2/1
f 2316/2/1 2311/2/1 2315/2/1
f 2319/3/1 2314/3/1 2313/3/1
f 2319/3/1 2313/3/1 2312/3/1
f 2320/3/1 2314/3/1 2319/3/1
f 2321/4/1 2318/4/1 2317/4/1
f 2322/4/1 2318/4/1 2321/4/1
f 2331/4/1 2324/4/1 2323/4/1
f 2332/6/1 2325/6/1 2324/6/1
f 2332/4/1 2324/4/1 2331/4/1
f 2333/6/1 2325/6/1 2332/6/1
f 2336/3/1 2327/3/1 2326/3/1
f 2337/3/1 2327/3/1 2336/3/1
f 2338/4/1 2329/4/1 2328/4/1
f 2339/5/1 2330/5/1 2329/5/1
f 2339/4/1 2329/4/1 2338/4/1
f 2340/5/1 2330/5/1 2339/5/1
f 2341/3/1 2332/3/1 2331/3/1
f 2341/3/1 2333/3/1 2332/3/1
f 2342/3/1 2333/3/1 2341/3/1
f 2343/3/1 2333/3/1 2342/3/1
f 2344/4/1 2335/4/1 2334/4/1
f 2345/4/1 2335/4/1 2344/4/1
f 2350/5/1 2347/5/1 2346/5/1
f 2351/5/1 2347/5/1 2350/5/1
f 2352/1/1 2349/1/1 2348/1/1
f 2353/1/1 2349/1/1 2352/1/1
f 2356/4/1 2355/4/1 2354/4/1
f 2357/4/1 2355/4/1 2356/4/1
f 2358/5/2 2359/5/2 2360/5/2
f 2360/5/2 2359/5/2 2361/5/2
f 2362/1/2 2363/1/2 2366/1/2
f 2366/1/2 2363/1/2 2367/1/2
f 2367/1/2 2363/1/2 2368/1/2
f 2364/5/2 2365/5/2 2369/5/2
f 2369/5/2 2365/5/2 2370/5/2
f 2371/3/2 2372/3/2 2373/3/2
f 2373/3/2 2372/3/2 2374/3/2
f 2375/5/2 2376/5/2 2382/5/2
f 2376/4/2 2377/4/2 2383/4/2
f 2382/5/2 2376/5/2 2383/5/2
f 2383/4/2 2377/4/2 2384/4/2
f 2378/5/2 2379/5/2 2385/5/2
f 2385/5/2 2379/5/2 2386/5/2
f 2380/2/2 2381/2/2 2387/2/2
f 2387/2/2 2381/2/2 2388/2/2
f 2389/2/2 2390/2/2 2393/2/2
f 2393/2/2 2390/2/2 2394/2/2
f 2391/3/2 2392/3/2 2397/3/2
f 2397/3/2 2392/3/2 2398/3/2
f 2395/3/2 2396/3/2 2401/3/2
f 2401/3/2 2396/3/2 2402/3/2
f 2397/5/2 2398/5/2 2403/5/2
f 2403/5/2 2398/5/2 2404/5/2
f 2399/3/2 2400/3/2 2405/3/2
f 2405/3/2 2400/3/2 2406/3/2
f 2407/6/2 2408/6/2 2411/6/2
f 2411/6/2 2408/6/2 2412/6/2
f 2409/1/2 2410/1/2 2415/1/2
f 2415/1/2 2410/1/2 2416/1/2
f 2413/6/2 2414/6/2 2422/6/2
f 2422/6/2 2414/6/2 2423/6/2
f 2417/2/2 2418/2/2 2427/2/2
f 2427/2/2 2418/2/2 2428/2/2
f 2419/6/2 2420/6/2 2429/6/2
f 2420/5/2 2421/5/2 2430/5/2
f 2429/6/2 2420/6/2 2430/6/2
f 2421/2/2 2422/2/2 2431/2/2
f 2430/5/2 2421/5/2 2431/5/2
f 2422/3/2 2423/3/2 2432/3/2
f 2431/2/2 2422/2/2 2432/2/2
f 2432/3/2 2423/3/2 2433/3/2
f 2424/6/2 2425/6/2 2435/6/2
f 2425/2/2 2426/2/2 2436/2/2
f 2435/6/2 2425/6/2 2436/6/2
f 2436/2/2 2426/2/2 2437/2/2
f 2427/4/2 2428/4/2 2438/4/2
f 2438/4/2 2428/4/2 2439/4/2
f 2433/5/2 2434/5/2 2442/5/2
f 2442/5/2 2434/5/2 2443/5/2
f 2440/4/2 2441/4/2 2444/4/2
f 2444/4/2 2441/4/2 2445/4/2
f 2446/5/2 2447/5/2 2454/5/2
f 2454/5/2 2447/5/2 2455/5/2
f 2448/2/2 2449/2/2 2462/2/2
f 2462/2/2 2449/2/2 2463/2/2
f 2450/3/2 2451/3/2 2464/3/2
f 2464/3/2 2451/3/2 2465/3/2
f 2452/1/2 2453/1/2 2468/1/2
f 2468/1/2 2453/1/2 2469/1/2
f 2456/4/2 2457/4/2 2470/4/2
f 2470/4/2 2457/4/2 2471/4/2
f 2458/5/2 2459/5/2 2472/5/2
f 2472/5/2 2459/5/2 2473/5/2
f 2460/3/2 2461/3/2 2474/3/2
f 2474/3/2 2461/3/2 2475/3/2
f 2465/2/2 2466/2/2 2476/2/2
f 2476/2/2 2466/2/2 2477/2/2
f 2467/2/2 2468/2/2 2478/2/2
f 2468/4/2 2469/4/2 2479/4/2
f 2478/2/2 2468/2/2 2479/2/2
f 2479/4/2 2469/4/2 2480/4/2
f 2472/2/2 2473/2/2 2483/2/2
f 2483/2/2 2473/2/2 2484/2/2
f 2481/4/2 2482/4/2 2489/4/2
f 2489/4/2 2482/4/2 2490/4/2
f 2483/6/2 2484/6/2 2491/6/2
f 2491/6/2 2484/6/2 2492/6/2
f 2485/5/2 2486/5/2 2493/5/2
f 2493/5/2 2486/5/2 2494/5/2
f 2487/4/2 2488/4/2 2495/4/2
f 2495/4/2 2488/4/2 2496/4/2
f 2497/6/2 2498/6/2 2501/6/2
f 2501/6/2 2498/6/2 2502/6/2
f 2499/3/2 2500/3/2 2506/3/2
f 2506/3/2 2500/3/2 2507/3/2
f 2503/4/2 2504/4/2 2508/4/2
f 2504/5/2 2505/5/2 2509/5/2
f 2508/4/2 2504/4/2 2509/4/2
f 2509/5/2 2505/5/2 2510/5/2
f 2511/5/2 2512/5/2 2517/5/2
f 2517/5/2 2512/5/2 2518/5/2
f 2513/4/2 2514/4/2 2523/4/2
f 2523/4/2 2514/4/2 2524/4/2
f 2515/4/2 2516/4/2 2525/4/2
f 2525/4/2 2516/4/2 2526/4/2
f 2518/4/2 2519/4/2 2527/4/2
f 2527/4/2 2519/4/2 2528/4/2
f 2520/3/2 2521/3/2 2529/3/2
f 2521/1/2 2522/1/2 2530/1/2
f 2529/3/2 2521/3/2 2530/3/2
f 2530/1/2 2522/1/2 2531/1/2
f 2530/3/2 2531/3/2 2538/3/2
f 2538/3/2 2531/3/2 2539/3/2
f 2532/3/2 2533/3/2 2542/3/2
f 2542/3/2 2533/3/2 2543/3/2
f 2535/3/2 2536/3/2 2547/3/2
f 2534/3/2 2535/3/2 2547/3/2
f 2547/3/2 2536/3/2 2548/3/2
f 2537/2/2 2538/2/2 2550/2/2
f 2550/2/2 2538/2/2 2551/2/2
f 2540/3/2 2541/3/2 2552/3/2
f 2552/3/2 2541/3/2 2553/3/2
f 2545/2/2 2546/2/2 2554/2/2
f 2544/2/2 2545/2/2 2554/2/2
f 2554/2/2 2546/2/2 2555/2/2
f 2548/2/2 2549/2/2 2557/2/2
f 2557/2/2 2549/2/2 2558/2/2
f 2550/6/2 2551/6/2 2559/6/2
f 2559/6/2 2551/6/2 2560/6/2
f 2555/6/2 2556/6/2 2563/6/2
f 2563/6/2 2556/6/2 2564/6/2
f 2561/5/2 2562/5/2 2565/5/2
f 2565/5/2 2562/5/2 2566/5/2
f 2567/5/2 2568/5/2 2580/5/2
f 2580/5/2 2568/5/2 2581/5/2
f 2569/2/2 2570/2/2 2582/2/2
f 2582/2/2 2570/2/2 2583/2/2
f 2571/1/2 2572/1/2 2584/1/2
f 2572/6/2 2573/6/2 2585/6/2
f 2584/1/2 2572/1/2 2585/1/2
f 2573/1/2 2574/1/2 2586/1/2
f 2585/6/2 2573/6/2 2586/6/2
f 2586/1/2 2574/1/2 2587/1/2
f 2575/1/2 2576/1/2 2589/1/2
f 2576/5/2 2577/5/2 2590/5/2
f 2589/1/2 2576/1/2 2590/1/2
f 2590/5/2 2577/5/2 2591/5/2
f 2578/5/2 2579/5/2 2592/5/2
f 2592/5/2 2579/5/2 2593/5/2
f 2580/2/2 2581/2/2 2595/2/2
f 2595/2/2 2581/2/2 2596/2/2
f 2582/3/2 2583/3/2 2597/3/2
f 2597/3/2 2583/3/2 2598/3/2
f 2586/2/2 2587/2/2 2601/2/2
f 2601/2/2 2587/2/2 2602/2/2
f 2588/3/2 2589/3/2 2603/3/2
f 2589/2/2 2590/2/2 2604/2/2
f 2603/3/2 2589/3/2 2604/3/2
f 2590/5/2 2591/5/2 2605/5/2
f 2604/2/2 2590/2/2 2605/2/2
f 2591/3/2 2592/3/2 2606/3/2
f 2605/5/2 2591/5/2 2606/5/2
f 2606/3/2 2592/3/2 2607/3/2
f 2594/1/2 2595/1/2 2610/1/2
f 2610/1/2 2595/1/2 2611/1/2
f 2597/1/2 2598/1/2 2612/1/2
f 2612/1/2 2598/1/2 2613/1/2
f 2599/6/2 2600/6/2 2614/6/2
f 2614/6/2 2600/6/2 2615/6/2
f 2604/5/2 2605/5/2 2616/5/2
f 2616/5/2 2605/5/2 2617/5/2
f 2606/2/2 2607/2/2 2618/2/2
f 2618/2/2 2607/2/2 2619/2/2
f 2608/1/2 2609/1/2 2620/1/2
f 2620/1/2 2609/1/2 2621/1/2
f 2612/4/2 2613/4/2 2624/4/2
f 2624/4/2 2613/4/2 2625/4/2
f 2617/3/2 2618/3/2 2629/3/2
f 2629/3/2 2618/3/2 2630/3/2
f 2620/3/2 2621/3/2 2631/3/2
f 2631/3/2 2621/3/2 2632/3/2
f 2622/1/2 2623/1/2 2633/1/2
f 2633/1/2 2623/1/2 2634/1/2
f 2625/3/2 2626/3/2 2635/3/2
f 2635/3/2 2626/3/2 2636/3/2
f 2627/6/2 2628/6/2 2637/6/2
f 2637/6/2 2628/6/2 2638/6/2
f 2631/5/2 2632/5/2 2641/5/2
f 2641/5/2 2632/5/2 2642/5/2
f 2639/6/2 2640/6/2 2645/6/2
f 2645/6/2 2640/6/2 2646/6/2
f 2641/2/2 2642/2/2 2647/2/2
f 2642/5/2 2643/5/2 2648/5/2
f 2647/2/2 2642/2/2 2648/2/2
f 2648/5/2 2643/5/2 2649/5/2
f 2644/3/2 2645/3/2 2650/3/2
f 2650/3/2 2645/3/2 2651/3/2
f 2651/3/2 2645/3/2 2652/3/2
f 2653/3/2 2654/3/2 2661/3/2
f 2661/3/2 2654/3/2 2662/3/2
f 2655/3/2 2656/3/2 2663/3/2
f 2663/3/2 2656/3/2 2664/3/2
f 2657/5/2 2658/5/2 2666/5/2
f 2666/5/2 2658/5/2 2667/5/2
f 2659/3/2 2660/3/2 2670/3/2
f 2670/3/2 2660/3/2 2671/3/2
f 2661/2/2 2662/2/2 2675/2/2
f 2675/2/2 2662/2/2 2676/2/2
f 2665/2/2 2666/2/2 2679/2/2
f 2679/2/2 2666/2/2 2680/2/2
f 2668/4/2 2669/4/2 2685/4/2
f 2685/4/2 2669/4/2 2686/4/2
f 2672/5/2 2673/5/2 2687/5/2
f 2687/5/2 2673/5/2 2688/5/2
f 2674/5/2 2675/5/2 2689/5/2
f 2689/5/2 2675/5/2 2690/5/2
f 2677/3/2 2678/3/2 2692/3/2
f 2692/3/2 2678/3/2 2693/3/2
f 2680/4/2 2681/4/2 2695/4/2
f 2695/4/2 2681/4/2 2696/4/2
f 2681/2/2 2682/2/2 2697/2/2
f 2696/4/2 2681/4/2 2697/4/2
f 2697/2/2 2682/2/2 2698/2/2
f 2683/4/2 2684/4/2 2699/4/2
f 2699/4/2 2684/4/2 2700/4/2
f 2690/5/2 2691/5/2 2703/5/2
f 2691/4/2 2692/4/2 2704/4/2
f 2703/5/2 2691/5/2 2704/5/2
f 2692/5/2 2693/5/2 2705/5/2
f 2704/4/2 2692/4/2 2705/4/2
f 2705/5/2 2693/5/2 2706/5/2
f 2694/1/2 2695/1/2 2707/1/2
f 2707/1/2 2695/1/2 2708/1/2
f 2696/4/2 2697/4/2 2709/4/2
f 2697/3/2 2698/3/2 2710/3/2
f 2709/4/2 2697/4/2 2710/4/2
f 2710/3/2 2698/3/2 2711/3/2
f 2701/6/2 2702/6/2 2714/6/2
f 2714/6/2 2702/6/2 2715/6/2
f 2710/5/2 2711/5/2 2720/5/2
f 2720/5/2 2711/5/2 2721/5/2
f 2712/6/2 2713/6/2 2722/6/2
f 2722/6/2 2713/6/2 2723/6/2
f 2714/5/2 2715/5/2 2724/5/2
f 2724/5/2 2715/5/2 2725/5/2
f 2716/2/2 2717/2/2 2726/2/2
f 2726/2/2 2717/2/2 2727/2/2
f 2718/5/2 2719/5/2 2728/5/2
f 2728/5/2 2719/5/2 2729/5/2
f 2721/4/2 2722/4/2 2730/4/2
f 2730/4/2 2722/4/2 2731/4/2
f 2727/3/2 2728/3/2 2732/3/2
f 2732/3/2 2728/3/2 2733/3/2
f 2730/3/2 2731/3/2 2734/3/2
f 2734/3/2 2731/3/2 2735/3/2
f 2736/5/2 2737/5/2 2742/5/2
f 2742/5/2 2737/5/2 2743/5/2
f 2738/4/2 2739/4/2 2745/4/2
f 2745/4/2 2739/4/2 2746/4/2
f 2740/5/2 2741/5/2 2747/5/2
f 2747/5/2 2741/5/2 2748/5/2
f 2742/6/2 2743/6/2 2750/6/2
f 2743/1/2 2744/1/2 2751/1/2
f 2750/6/2 2743/6/2 2751/6/2
f 2751/1/2 2744/1/2 2752/1/2
f 2745/1/2 2746/1/2 2755/1/2
f 2746/4/2 2747/4/2 2756/4/2
f 2755/1/2 2746/1/2 2756/1/2
f 2747/3/2 2748/3/2 2757/3/2
f 2756/4/2 2747/4/2 2757/4/2
f 2757/3/2 2748/3/2 2758/3/2
f 2749/4/2 2750/4/2 2760/4/2
f 2760/4/2 2750/4/2 2761/4/2
f 2753/6/2 2754/6/2 2767/6/2
f 2767/6/2 2754/6/2 2768/6/2
f 2756/2/2 2757/2/2 2769/2/2
f 2757/3/2 2758/3/2 2770/3/2
f 2769/2/2 2757/2/2 2770/2/2
f 2758/6/2 2759/6/2 2771/6/2
f 2770/3/2 2758/3/2 2771/3/2
f 2771/6/2 2759/6/2 2772/6/2
f 2762/3/2 2763/3/2 2776/3/2
f 2776/3/2 2763/3/2 2777/3/2
f 2764/5/2 2765/5/2 2778/5/2
f 2765/4/2 2766/4/2 2779/4/2
f 2778/5/2 2765/5/2 2779/5/2
f 2779/4/2 2766/4/2 2780/4/2
f 2769/6/2 2770/6/2 2788/6/2
f 2770/6/2 2771/6/2 2788/6/2
f 2788/6/2 2771/6/2 2789/6/2
f 2789/6/2 2771/6/2 2790/6/2
f 2773/6/2 2774/6/2 2791/6/2
f 2791/6/2 2774/6/2 2792/6/2
f 2775/1/2 2776/1/2 2793/1/2
f 2793/1/2 2776/1/2 2794/1/2
f 2777/5/2 2778/5/2 2795/5/2
f 2795/5/2 2778/5/2 2796/5/2
f 2781/4/2 2782/4/2 2797/4/2
f 2797/4/2 2782/4/2 2798/4/2
f 2783/2/2 2784/2/2 2799/2/2
f 2799/2/2 2784/2/2 2800/2/2
f 2785/2/2 2786/2/2 2801/2/2
f 2801/2/2 2786/2/2 2802/2/2
f 2787/2/2 2788/2/2 2804/2/2
f 2788/6/2 2789/6/2 2805/6/2
f 2804/2/2 2788/2/2 2805/2/2
f 2789/1/2 2790/1/2 2806/1/2
f 2805/6/2 2789/6/2 2806/6/2
f 2806/1/2 2790/1/2 2807/1/2
f 2792/5/2 2793/5/2 2808/5/2
f 2808/5/2 2793/5/2 2809/5/2
f 2797/6/2 2798/6/2 2811/6/2
f 2811/6/2 2798/6/2 2812/6/2
f 2802/6/2 2803/6/2 2813/6/2
f 2813/6/2 2803/6/2 2814/6/2
f 2810/6/2 2811/6/2 2817/6/2
f 2817/6/2 2811/6/2 2818/6/2
f 2815/5/2 2816/5/2 2819/5/2
f 2819/5/2 2816/5/2 2820/5/2
f 2821/3/2 2822/3/2 2823/3/2
f 2823/3/2 2822/3/2 2824/3/2
f 2825/5/2 2826/5/2 2827/5/2
f 2827/5/2 2826/5/2 2828/5/2
f 2829/2/2 2830/2/2 2835/2/2
f 2830/3/2 2831/3/2 2836/3/2
f 2835/2/2 2830/2/2 2836/2/2
f 2836/3/2 2831/3/2 2837/3/2
f 2832/3/2 2833/3/2 2842/3/2
f 2833/6/2 2834/6/2 2843/6/2
f 2842/3/2 2833/3/2 2843/3/2
f 2843/6/2 2834/6/2 2844/6/2
f 2836/6/2 2837/6/2 2846/6/2
f 2846/6/2 2837/6/2 2847/6/2
f 2838/4/2 2839/4/2 2850/4/2
f 2850/4/2 2839/4/2 2851/4/2
f 2840/2/2 2841/2/2 2852/2/2
f 2852/2/2 2841/2/2 2853/2/2
f 2843/3/2 2844/3/2 2858/3/2
f 2844/2/2 2845/2/2 2859/2/2
f 2858/3/2 2844/3/2 2859/3/2
f 2859/2/2 2845/2/2 2860/2/2
f 2848/4/2 2849/4/2 2863/4/2
f 2863/4/2 2849/4/2 2864/4/2
f 2853/5/2 2854/5/2 2865/5/2
f 2865/5/2 2854/5/2 2866/5/2
f 2855/2/2 2856/2/2 2867/2/2
f 2856/6/2 2857/6/2 2868/6/2
f 2867/2/2 2856/2/2 2868/2/2
f 2868/6/2 2857/6/2 2869/6/2
f 2861/2/2 2862/2/2 2870/2/2
f 2862/4/2 2863/4/2 2871/4/2
f 2870/2/2 2862/2/2 2871/2/2
f 2871/4/2 2863/4/2 2872/4/2
f 2873/4/2 2874/4/2 2877/4/2
f 2877/4/2 2874/4/2 2878/4/2
f 2875/6/2 2876/6/2 2879/6/2
f 2879/6/2 2876/6/2 2880/6/2
f 2881/1/2 2882/1/2 2883/1/2
f 2883/1/2 2882/1/2 2884/1/2
f 2884/3/2 2885/3/2 2886/3/2
f 2886/3/2 2885/3/2 2887/3/2
f 2887/2/2 2888/2/2 2889/2/2
f 2889/2/2 2888/2/2 2890/2/2
f 2891/4/2 2892/4/2 2895/4/2
f 2895/4/2 2892/4/2 2896/4/2
f 2893/5/2 2894/5/2 2898/5/2
f 2897/2/2 2898/2/2 2908/2/2
f 2898/5/2 2894/5/2 2909/5/2
f 2908/2/2 2898/2/2 2909/2/2
f 2909/5/2 2894/5/2 2910/5/2
f 2899/5/2 2900/5/2 2911/5/2
f 2911/5/2 2900/5/2 2912/5/2
f 2901/1/2 2902/1/2 2913/1/2
f 2902/5/2 2903/5/2 2914/5/2
f 2913/1/2 2902/1/2 2914/1/2
f 2903/1/2 2904/1/2 2915/1/2
f 2914/5/2 2903/5/2 2915/5/2
f 2915/1/2 2904/1/2 2916/1/2
f 2905/2/2 2906/2/2 2917/2/2
f 2906/4/2 2907/4/2 2918/4/2
f 2917/2/2 2906/2/2 2918/2/2
f 2918/4/2 2907/4/2 2919/4/2
f 2909/4/2 2910/4/2 2922/4/2
f 2922/4/2 2910/4/2 2923/4/2
f 2914/2/2 2915/2/2 2927/2/2
f 2915/3/2 2916/3/2 2928/3/2
f 2927/2/2 2915/2/2 2928/2/2
f 2928/3/2 2916/3/2 2929/3/2
f 2919/6/2 2920/6/2 2932/6/2
f 2920/5/2 2921/5/2 2933/5/2
f 2932/6/2 2920/6/2 2933/6/2
f 2933/5/2 2921/5/2 2934/5/2
f 2923/4/2 2924/4/2 2937/4/2
f 2937/4/2 2924/4/2 2938/4/2
f 2925/4/2 2926/4/2 2939/4/2
f 2939/4/2 2926/4/2 2940/4/2
f 2927/1/2 2928/1/2 2943/1/2
f 2943/1/2 2928/1/2 2944/1/2
f 2930/6/2 2931/6/2 2945/6/2
f 2945/6/2 2931/6/2 2946/6/2
f 2946/6/2 2931/6/2 2947/6/2
f 2935/4/2 2936/4/2 2948/4/2
f 2948/4/2 2936/4/2 2949/4/2
f 2940/2/2 2941/2/2 2950/2/2
f 2950/2/2 2941/2/2 2951/2/2
f 2942/5/2 2943/5/2 2952/5/2
f 2952/5/2 2943/5/2 2953/5/2
f 2945/2/2 2946/2/2 2956/2/2
f 2956/2/2 2946/2/2 2957/2/2
f 2954/2/2 2955/2/2 2960/2/2
f 2955/2/2 2956/2/2 2960/2/2
f 2960/2/2 2956/2/2 2961/2/2
f 2961/2/2 2956/2/2 2962/2/2
f 2958/3/2 2959/3/2 2965/3/2
f 2959/6/2 2960/6/2 2966/6/2
f 2965/3/2 2959/3/2 2966/3/2
f 2966/6/2 2960/6/2 2967/6/2
f 2963/3/2 2964/3/2 2968/3/2
f 2968/3/2 2964/3/2 2969/3/2
f 2970/5/2 2971/5/2 2972/5/2
f 2972/5/2 2971/5/2 2973/5/2
f 2974/3/2 2975/3/2 2976/3/2
f 2976/3/2 2975/3/2 2977/3/2
f 2978/4/2 2979/4/2 2984/4/2
f 2984/4/2 2979/4/2 2985/4/2
f 2980/1/2 2981/1/2 2988/1/2
f 2988/1/2 2981/1/2 2989/1/2
f 2982/5/2 2983/5/2 2992/5/2
f 2992/5/2 2983/5/2 2993/5/2
f 2986/5/2 2987/5/2 2999/5/2
f 2999/5/2 2987/5/2 3000/5/2
f 2990/2/2 2991/2/2 3003/2/2
f 2991/1/2 2992/1/2 3004/1/2
f 3003/2/2 2991/2/2 3004/2/2
f 3004/1/2 2992/1/2 3005/1/2
f 2992/4/2 2993/4/2 3006/4/2
f 3005/1/2 2992/1/2 3006/1/2
f 3006/4/2 2993/4/2 3007/4/2
f 2994/4/2 2995/4/2 3008/4/2
f 2995/5/2 2996/5/2 3009/5/2
f 3008/4/2 2995/4/2 3009/4/2
f 3009/5/2 2996/5/2 3010/5/2
f 2997/1/2 2998/1/2 3013/1/2
f 3013/1/2 2998/1/2 3014/1/2
f 3001/5/2 3002/5/2 3018/5/2
f 3018/5/2 3002/5/2 3019/5/2
f 3004/3/2 3005/3/2 3022/3/2
f 3022/3/2 3005/3/2 3023/3/2
f 3011/6/2 3012/6/2 3026/6/2
f 3026/6/2 3012/6/2 3027/6/2
f 3014/2/2 3015/2/2 3028/2/2
f 3013/2/2 3014/2/2 3028/2/2
f 3028/2/2 3015/2/2 3029/2/2
f 3029/2/2 3015/2/2 3030/2/2
f 3016/1/2 3017/1/2 3031/1/2
f 3031/1/2 3017/1/2 3032/1/2
f 3019/5/2 3020/5/2 3035/5/2
f 3020/3/2 3021/3/2 3036/3/2
f 3035/5/2 3020/5/2 3036/5/2
f 3036/3/2 3021/3/2 3037/3/2
f 3024/5/2 3025/5/2 3038/5/2
f 3038/5/2 3025/5/2 3039/5/2
f 3026/3/2 3027/3/2 3040/3/2
f 3040/3/2 3027/3/2 3041/3/2
f 3029/1/2 3030/1/2 3043/1/2
f 3043/1/2 3030/1/2 3044/1/2
f 3032/6/2 3033/6/2 3046/6/2
f 3046/6/2 3033/6/2 3047/6/2
f 3034/5/2 3035/5/2 3049/5/2
f 3049/5/2 3035/5/2 3050/5/2
f 3036/6/2 3037/6/2 3051/6/2
f 3051/6/2 3037/6/2 3052/6/2
f 3041/1/2 3042/1/2 3053/1/2
f 3053/1/2 3042/1/2 3054/1/2
f 3045/5/2 3046/5/2 3055/5/2
f 3055/5/2 3046/5/2 3056/5/2
f 3047/1/2 3048/1/2 3057/1/2
f 3057/1/2 3048/1/2 3058/1/2
f 3051/3/2 3052/3/2 3059/3/2
f 3059/3/2 3052/3/2 3060/3/2
f 3055/2/2 3056/2/2 3067/2/2
f 3067/2/2 3056/2/2 3068/2/2
f 3061/5/2 3062/5/2 3073/5/2
f 3062/3/2 3063/3/2 3074/3/2
f 3073/5/2 3062/5/2 3074/5/2
f 3063/2/2 3064/2/2 3075/2/2
f 3074/3/2 3063/3/2 3075/3/2
f 3075/2/2 3064/2/2 3076/2/2
f 3065/4/2 3066/4/2 3078/4/2
f 3078/4/2 3066/4/2 3079/4/2
f 3069/2/2 3070/2/2 3081/2/2
f 3081/2/2 3070/2/2 3082/2/2
f 3071/5/2 3072/5/2 3083/5/2
f 3083/5/2 3072/5/2 3084/5/2
f 3076/2/2 3077/2/2 3085/2/2
f 3077/1/2 3078/1/2 3086/1/2
f 3085/2/2 3077/2/2 3086/2/2
f 3086/1/2 3078/1/2 3087/1/2
f 3079/2/2 3080/2/2 3088/2/2
f 3088/2/2 3080/2/2 3089/2/2
f 3083/6/2 3084/6/2 3092/6/2
f 3092/6/2 3084/6/2 3093/6/2
f 3090/3/2 3091/3/2 3094/3/2
f 3094/3/2 3091/3/2 3095/3/2
f 3096/5/2 3097/5/2 3098/5/2
f 3098/5/2 3097/5/2 3099/5/2
f 3098/3/2 3099/3/2 3100/3/2
f 3100/3/2 3099/3/2 3101/3/2
f 3102/2/2 3103/2/2 3108/2/2
f 3108/2/2 3103/2/2 3109/2/2
f 3104/2/2 3105/2/2 3115/2/2
f 3105/4/2 3106/4/2 3116/4/2
f 3115/2/2 3105/2/2 3116/2/2
f 3116/4/2 3106/4/2 3117/4/2
f 3107/3/2 3108/3/2 3118/3/2
f 3118/3/2 3108/3/2 3119/3/2
f 3110/2/2 3111/2/2 3120/2/2
f 3120/2/2 3111/2/2 3121/2/2
f 3112/4/2 3113/4/2 3122/4/2
f 3122/4/2 3113/4/2 3123/4/2
f 3114/1/2 3115/1/2 3124/1/2
f 3124/1/2 3115/1/2 3125/1/2
f 3116/2/2 3117/2/2 3126/2/2
f 3126/2/2 3117/2/2 3127/2/2
f 3128/1/2 3129/1/2 3134/1/2
f 3134/1/2 3129/1/2 3135/1/2
f 3130/1/2 3131/1/2 3142/1/2
f 3142/1/2 3131/1/2 3143/1/2
f 3132/6/2 3133/6/2 3144/6/2
f 3144/6/2 3133/6/2 3145/6/2
f 3136/4/2 3137/4/2 3147/4/2
f 3137/6/2 3138/6/2 3148/6/2
f 3147/4/2 3137/4/2 3148/4/2
f 3148/6/2 3138/6/2 3149/6/2
f 3139/5/2 3140/5/2 3150/5/2
f 3140/4/2 3141/4/2 3151/4/2
f 3150/5/2 3140/5/2 3151/5/2
f 3151/4/2 3141/4/2 3152/4/2
f 3146/1/2 3147/1/2 3154/1/2
f 3154/1/2 3147/1/2 3155/1/2
f 3151/2/2 3152/2/2 3159/2/2
f 3152/1/2 3153/1/2 3160/1/2
f 3159/2/2 3152/2/2 3160/2/2
f 3160/1/2 3153/1/2 3161/1/2
f 3155/5/2 3156/5/2 3162/5/2
f 3162/5/2 3156/5/2 3163/5/2
f 3157/3/2 3158/3/2 3164/3/2
f 3164/3/2 3158/3/2 3165/3/2
f 3159/6/2 3160/6/2 3166/6/2
f 3160/1/2 3161/1/2 3167/1/2
f 3166/6/2 3160/6/2 3167/6/2
f 3167/1/2 3161/1/2 3168/1/2
f 3169/5/2 3170/5/2 3179/5/2
f 3171/1/2 3172/1/2 3180/1/2
f 3179/5/2 3170/5/2 3180/5/2
f 3170/1/2 3171/1/2 3180/1/2
f 3180/1/2 3172/1/2 3181/1/2
f 3181/1/2 3172/1/2 3182/1/2
f 3173/6/2 3174/6/2 3183/6/2
f 3183/6/2 3174/6/2 3184/6/2
f 3175/2/2 3176/2/2 3185/2/2
f 3185/2/2 3176/2/2 3186/2/2
f 3177/2/2 3178/2/2 3187/2/2
f 3187/2/2 3178/2/2 3188/2/2
f 3181/4/2 3182/4/2 3189/4/2
f 3189/4/2 3182/4/2 3190/4/2
f 3190/1/2 3191/1/2 3194/1/2
f 3194/1/2 3191/1/2 3195/1/2
f 3192/1/2 3193/1/2 3196/1/2
f 3196/1/2 3193/1/2 3197/1/2
f 3196/4/2 3197/4/2 3198/4/2
f 3198/4/2 3197/4/2 3199/4/2
f 3200/6/2 3201/6/2 3202/6/2
f 3202/6/2 3201/6/2 3203/6/2
f 3204/2/2 3205/2/2 3209/2/2
f 3209/2/2 3205/2/2 3210/2/2
f 3206/4/2 3207/4/2 3213/4/2
f 3213/4/2 3207/4/2 3214/4/2
f 3208/2/2 3209/2/2 3219/2/2
f 3219/2/2 3209/2/2 3220/2/2
f 3210/2/2 3211/2/2 3221/2/2
f 3211/6/2 3212/6/2 3222/6/2
f 3221/2/2 3211/2/2 3222/2/2
f 3222/6/2 3212/6/2 3223/6/2
f 3215/2/2 3216/2/2 3226/2/2
f 3226/2/2 3216/2/2 3227/2/2
f 3217/3/2 3218/3/2 3228/3/2
f 3228/3/2 3218/3/2 3229/3/2
f 3221/3/2 3222/3/2 3233/3/2
f 3233/3/2 3222/3/2 3234/3/2
f 3224/1/2 3225/1/2 3237/1/2
f 3237/1/2 3225/1/2 3238/1/2
f 3227/4/2 3228/4/2 3239/4/2
f 3228/2/2 3229/2/2 3240/2/2
f 3239/4/2 3228/4/2 3240/4/2
f 3229/3/2 3230/3/2 3241/3/2
f 3240/2/2 3229/2/2 3241/2/2
f 3241/3/2 3230/3/2 3242/3/2
f 3231/6/2 3232/6/2 3243/6/2
f 3243/6/2 3232/6/2 3244/6/2
f 3235/2/2 3236/2/2 3245/2/2
f 3245/2/2 3236/2/2 3246/2/2
f 3239/3/2 3240/3/2 3247/3/2
f 3247/3/2 3240/3/2 3248/3/2
f 3247/3/2 3248/3/2 3254/3/2
f 3248/5/2 3249/5/2 3255/5/2
f 3254/3/2 3248/3/2 3255/3/2
f 3249/1/2 3250/1/2 3256/1/2
f 3255/5/2 3249/5/2 3256/5/2
f 3256/1/2 3250/1/2 3257/1/2
f 3251/2/2 3252/2/2 3260/2/2
f 3260/2/2 3252/2/2 3261/2/2
f 3253/3/2 3254/3/2 3264/3/2
f 3264/3/2 3254/3/2 3265/3/2
f 3258/2/2 3259/2/2 3269/2/2
f 3269/2/2 3259/2/2 3270/2/2
f 3261/1/2 3262/1/2 3271/1/2
f 3271/1/2 3262/1/2 3272/1/2
f 3263/1/2 3264/1/2 3273/1/2
f 3264/2/2 3265/2/2 3274/2/2
f 3273/1/2 3264/1/2 3274/1/2
f 3265/3/2 3266/3/2 3275/3/2
f 3274/2/2 3265/2/2 3275/2/2
f 3275/3/2 3266/3/2 3276/3/2
f 3267/6/2 3268/6/2 3277/6/2
f 3277/6/2 3268/6/2 3278/6/2
f 3271/2/2 3272/2/2 3279/2/2
f 3279/2/2 3272/2/2 3280/2/2
f 3275/3/2 3276/3/2 3281/3/2
f 3281/3/2 3276/3/2 3282/3/2
f 3281/1/2 3282/1/2 3287/1/2
f 3287/1/2 3282/1/2 3288/1/2
f 3284/5/2 3285/5/2 3291/5/2
f 3283/5/2 3284/5/2 3291/5/2
f 3291/5/2 3285/5/2 3292/5/2
f 3292/5/2 3285/5/2 3293/5/2
f 3286/5/2 3287/5/2 3294/5/2
f 3294/5/2 3287/5/2 3295/5/2
f 3289/6/2 3290/6/2 3296/6/2
f 3296/6/2 3290/6/2 3297/6/2
f 3293/6/2 3294/6/2 3298/6/2
f 3298/6/2 3294/6/2 3299/6/2
f 3296/3/2 3297/3/2 3301/3/2
f 3301/3/2 3297/3/2 3302/3/2
f 3298/5/2 3299/5/2 3303/5/2
f 3299/1/2 3300/1/2 3304/1/2
f 3303/5/2 3299/5/2 3304/5/2
f 3304/1/2 3300/1/2 3305/1/2
f 3304/4/2 3305/4/2 3307/4/2
f 3305/1/2 3306/1/2 3308/1/2
f 3307/4/2 3305/4/2 3308/4/2
f 3308/1/2 3306/1/2 3309/1/2
f 3310/2/2 3311/2/2 3318/2/2
f 3318/2/2 3311/2/2 3319/2/2
f 3319/2/2 3311/2/2 3320/2/2
f 3312/1/2 3313/1/2 3321/1/2
f 3321/1/2 3313/1/2 3322/1/2
f 3314/2/2 3315/2/2 3323/2/2
f 3323/2/2 3315/2/2 3324/2/2
f 3316/5/2 3317/5/2 3326/5/2
f 3326/5/2 3317/5/2 3327/5/2
f 3323/4/2 3324/4/2 3332/4/2
f 3332/4/2 3324/4/2 3333/4/2
f 3325/4/2 3326/4/2 3334/4/2
f 3334/4/2 3326/4/2 3335/4/2
f 3328/2/2 3329/2/2 3337/2/2
f 3337/2/2 3329/2/2 3338/2/2
f 3330/3/2 3331/3/2 3340/3/2
f 3340/3/2 3331/3/2 3341/3/2
f 3335/2/2 3336/2/2 3347/2/2
f 3347/2/2 3336/2/2 3348/2/2
f 3338/1/2 3339/1/2 3353/1/2
f 3353/1/2 3339/1/2 3354/1/2
f 3340/5/2 3341/5/2 3357/5/2
f 3357/5/2 3341/5/2 3358/5/2
f 3342/3/2 3343/3/2 3359/3/2
f 3359/3/2 3343/3/2 3360/3/2
f 3345/1/2 3346/1/2 3361/1/2
f 3344/1/2 3345/1/2 3361/1/2
f 3361/1/2 3346/1/2 3362/1/2
f 3362/1/2 3346/1/2 3363/1/2
f 3347/3/2 3348/3/2 3364/3/2
f 3364/3/2 3348/3/2 3365/3/2
f 3349/2/2 3350/2/2 3366/2/2
f 3350/3/2 3351/3/2 3367/3/2
f 3366/2/2 3350/2/2 3367/2/2
f 3351/5/2 3352/5/2 3368/5/2
f 3367/3/2 3351/3/2 3368/3/2
f 3368/5/2 3352/5/2 3369/5/2
f 3355/5/2 3356/5/2 3376/5/2
f 3366/4/2 3367/4/2 3380/4/2
f 3380/4/2 3367/4/2 3381/4/2
f 3370/1/2 3371/1/2 3382/1/2
f 3371/6/2 3372/6/2 3383/6/2
f 3382/1/2 3371/1/2 3383/1/2
f 3383/6/2 3372/6/2 3384/6/2
f 3373/2/2 3374/2/2 3386/2/2
f 3386/2/2 3374/2/2 3387/2/2
f 3375/4/2 3376/4/2 3388/4/2
f 3376/5/2 3356/5/2 3388/5/2
f 3388/5/2 3356/5/2 3389/5/2
f 3377/6/2 3378/6/2 3391/6/2
f 3378/3/2 3379/3/2 3392/3/2
f 3391/6/2 3378/6/2 3392/6/2
f 3392/3/2 3379/3/2 3393/3/2
f 3384/4/2 3385/4/2 3396/4/2
f 3396/4/2 3385/4/2 3397/4/2
f 3388/4/2 3389/4/2 3399/4/2
f 3375/4/2 3388/4/2 3399/4/2
f 3399/4/2 3389/4/2 3400/4/2
f 3400/4/2 3389/4/2 3401/4/2
f 3390/2/2 3391/2/2 3402/2/2
f 3391/3/2 3392/3/2 3403/3/2
f 3402/2/2 3391/2/2 3403/2/2
f 3403/3/2 3392/3/2 3404/3/2
f 3394/6/2 3395/6/2 3406/6/2
f 3406/6/2 3395/6/2 3407/6/2
f 3396/5/2 3397/5/2 3408/5/2
f 3408/5/2 3397/5/2 3409/5/2
f 3398/6/2 3399/6/2 3412/6/2
f 3399/6/2 3400/6/2 3412/6/2
f 3412/6/2 3400/6/2 3413/6/2
f 3413/6/2 3400/6/2 3414/6/2
f 3402/3/2 3403/3/2 3417/3/2
f 3417/3/2 3403/3/2 3418/3/2
f 3404/1/2 3405/1/2 3419/1/2
f 3419/1/2 3405/1/2 3420/1/2
f 3410/4/2 3411/4/2 3421/4/2
f 3421/4/2 3411/4/2 3422/4/2
f 3415/2/2 3416/2/2 3424/2/2
f 3424/2/2 3416/2/2 3425/2/2
f 3421/6/2 3422/6/2 3428/6/2
f 3422/1/2 3423/1/2 3429/1/2
f 3428/6/2 3422/6/2 3429/6/2
f 3429/1/2 3423/1/2 3430/1/2
f 3426/4/2 3427/4/2 3434/4/2
f 3427/1/2 3428/1/2 3435/1/2
f 3434/4/2 3427/4/2 3435/4/2
f 3428/2/2 3429/2/2 3436/2/2
f 3435/1/2 3428/1/2 3436/1/2
f 3436/2/2 3429/2/2 3437/2/2
f 3430/2/2 3431/2/2 3438/2/2
f 3438/2/2 3431/2/2 3439/2/2
f 3432/4/2 3433/4/2 3440/4/2
f 3440/4/2 3433/4/2 3441/4/2
f 3442/5/2 3443/5/2 3444/5/2
f 3444/5/2 3443/5/2 3445/5/2
f 3446/6/2 3447/6/2 3453/6/2
f 3447/1/2 3448/1/2 3454/1/2
f 3453/6/2 3447/6/2 3454/6/2
f 3454/1/2 3448/1/2 3455/1/2
f 3449/4/2 3450/4/2 3456/4/2
f 3456/4/2 3450/4/2 3457/4/2
f 3451/1/2 3452/1/2 3461/1/2
f 3461/1/2 3452/1/2 3462/1/2
f 3458/1/2 3459/1/2 3467/1/2
f 3467/1/2 3459/1/2 3468/1/2
f 3459/4/2 3460/4/2 3469/4/2
f 3468/1/2 3459/1/2 3469/1/2
f 3469/4/2 3460/4/2 3470/4/2
f 3463/2/2 3464/2/2 3476/2/2
f 3476/2/2 3464/2/2 3477/2/2
f 3465/1/2 3466/1/2 3480/1/2
f 3480/1/2 3466/1/2 3481/1/2
f 3467/3/2 3468/3/2 3482/3/2
f 3482/3/2 3468/3/2 3483/3/2
f 3470/2/2 3471/2/2 3485/2/2
f 3485/2/2 3471/2/2 3486/2/2
f 3472/5/2 3473/5/2 3487/5/2
f 3487/5/2 3473/5/2 3488/5/2
f 3474/4/2 3475/4/2 3489/4/2
f 3489/4/2 3475/4/2 3490/4/2
f 3478/5/2 3479/5/2 3495/5/2
f 3495/5/2 3479/5/2 3496/5/2
f 3484/1/2 3485/1/2 3498/1/2
f 3498/1/2 3485/1/2 3499/1/2
f 3490/3/2 3491/3/2 3500/3/2
f 3491/6/2 3492/6/2 3501/6/2
f 3500/3/2 3491/3/2 3501/3/2
f 3501/6/2 3492/6/2 3502/6/2
f 3493/3/2 3494/3/2 3503/3/2
f 3503/3/2 3494/3/2 3504/3/2
f 3497/5/2 3498/5/2 3505/5/2
f 3505/5/2 3498/5/2 3506/5/2
f 3500/5/2 3501/5/2 3511/5/2
f 3501/2/2 3502/2/2 3512/2/2
f 3511/5/2 3501/5/2 3512/5/2
f 3502/1/2 3503/1/2 3513/1/2
f 3512/2/2 3502/2/2 3513/2/2
f 3513/1/2 3503/1/2 3514/1/2
f 3507/5/2 3508/5/2 3515/5/2
f 3508/4/2 3509/4/2 3516/4/2
f 3515/5/2 3508/5/2 3516/5/2
f 3516/4/2 3509/4/2 3517/4/2
f 3510/2/2 3511/2/2 3520/2/2
f 3520/2/2 3511/2/2 3521/2/2
f 3513/1/2 3514/1/2 3522/1/2
f 3522/1/2 3514/1/2 3523/1/2
f 3515/4/2 3516/4/2 3526/4/2
f 3526/4/2 3516/4/2 3527/4/2
f 3518/4/2 3519/4/2 3533/4/2
f 3533/4/2 3519/4/2 3534/4/2
f 3522/2/2 3523/2/2 3535/2/2
f 3535/2/2 3523/2/2 3536/2/2
f 3524/6/2 3525/6/2 3537/6/2
f 3537/6/2 3525/6/2 3538/6/2
f 3527/6/2 3528/6/2 3539/6/2
f 3539/6/2 3528/6/2 3540/6/2
f 3529/2/2 3530/2/2 3541/2/2
f 3541/2/2 3530/2/2 3542/2/2
f 3531/2/2 3532/2/2 3543/2/2
f 3543/2/2 3532/2/2 3544/2/2
f 3545/3/2 3546/3/2 3549/3/2
f 3549/3/2 3546/3/2 3550/3/2
f 3547/6/2 3548/6/2 3552/6/2
f 3552/6/2 3548/6/2 3553/6/2
f 3551/2/2 3552/2/2 3556/2/2
f 3552/2/2 3553/2/2 3556/2/2
f 3553/3/2 3554/3/2 3557/3/2
f 3556/2/2 3553/2/2 3557/2/2
f 3554/2/2 3555/2/2 3558/2/2
f 3557/3/2 3554/3/2 3558/3/2
f 3558/2/2 3555/2/2 3559/2/2
f 3560/3/2 3561/3/2 3566/3/2
f 3566/3/2 3561/3/2 3567/3/2
f 3562/2/2 3563/2/2 3568/2/2
f 3568/2/2 3563/2/2 3569/2/2
f 3564/2/2 3565/2/2 3571/2/2
f 3571/2/2 3565/2/2 3572/2/2
f 3570/1/2 3571/1/2 3580/1/2
f 3571/4/2 3572/4/2 3581/4/2
f 3580/1/2 3571/1/2 3581/1/2
f 3581/4/2 3572/4/2 3582/4/2
f 3573/4/2 3574/4/2 3587/4/2
f 3587/4/2 3574/4/2 3588/4/2
f 3575/2/2 3576/2/2 3589/2/2
f 3589/2/2 3576/2/2 3590/2/2
f 3577/5/2 3578/5/2 3593/5/2
f 3578/3/2 3579/3/2 3594/3/2
f 3593/5/2 3578/5/2 3594/5/2
f 3594/3/2 3579/3/2 3595/3/2
f 3580/1/2 3581/1/2 3596/1/2
f 3596/1/2 3581/1/2 3597/1/2
f 3582/1/2 3583/1/2 3598/1/2
f 3598/1/2 3583/1/2 3599/1/2
f 3584/4/2 3585/4/2 3600/4/2
f 3585/2/2 3586/2/2 3601/2/2
f 3600/4/2 3585/4/2 3601/4/2
f 3601/2/2 3586/2/2 3602/2/2
f 3591/1/2 3592/1/2 3605/1/2
f 3605/1/2 3592/1/2 3606/1/2
f 3603/5/2 3604/5/2 3609/5/2
f 3609/5/2 3604/5/2 3610/5/2
f 3607/5/2 3608/5/2 3612/5/2
f 3612/5/2 3608/5/2 3613/5/2
f 3610/2/2 3611/2/2 3614/2/2
f 3614/2/2 3611/2/2 3615/2/2
f 3615/1/2 3616/1/2 3619/1/2
f 3619/1/2 3616/1/2 3620/1/2
f 3617/3/2 3618/3/2 3625/3/2
f 3625/3/2 3618/3/2 3626/3/2
f 3621/1/2 3622/1/2 3628/1/2
f 3628/1/2 3622/1/2 3629/1/2
f 3623/6/2 3624/6/2 3631/6/2
f 3631/6/2 3624/6/2 3632/6/2
f 3625/6/2 3626/6/2 3633/6/2
f 3626/3/2 3627/3/2 3634/3/2
f 3633/6/2 3626/6/2 3634/6/2
f 3634/3/2 3627/3/2 3635/3/2
f 3629/1/2 3630/1/2 3638/1/2
f 3630/1/2 3631/1/2 3638/1/2
f 3638/1/2 3631/1/2 3639/1/2
f 3639/1/2 3631/1/2 3640/1/2
f 3632/3/2 3633/3/2 3641/3/2
f 3633/3/2 3634/3/2 3641/3/2
f 3641/3/2 3634/3/2 3642/3/2
f 3634/6/2 3635/6/2 3643/6/2
f 3642/3/2 3634/3/2 3643/3/2
f 3635/1/2 3636/1/2 3644/1/2
f 3643/6/2 3635/6/2 3644/6/2
f 3636/2/2 3637/2/2 3645/2/2
f 3644/1/2 3636/1/2 3645/1/2
f 3645/2/2 3637/2/2 3646/2/2
f 3642/4/2 3643/4/2 3649/4/2
f 3643/3/2 3644/3/2 3650/3/2
f 3649/4/2 3643/4/2 3650/4/2
f 3644/6/2 3645/6/2 3651/6/2
f 3650/3/2 3644/3/2 3651/3/2
f 3651/6/2 3645/6/2 3652/6/2
f 3647/2/2 3648/2/2 3653/2/2
f 3653/2/2 3648/2/2 3654/2/2
f 3650/4/2 3651/4/2 3655/4/2
f 3651/5/2 3652/5/2 3656/5/2
f 3655/4/2 3651/4/2 3656/4/2
f 3656/5/2 3652/5/2 3657/5/2
f 3656/4/2 3657/4/2 3658/4/2
f 3658/4/2 3657/4/2 3659/4/2
f 3660/4/2 3661/4/2 3666/4/2
f 3666/4/2 3661/4/2 3667/4/2
f 3662/6/2 3663/6/2 3670/6/2
f 3670/6/2 3663/6/2 3671/6/2
f 3664/5/2 3665/5/2 3672/5/2
f 3672/5/2 3665/5/2 3673/5/2
f 3666/2/2 3667/2/2 3674/2/2
f 3674/2/2 3667/2/2 3675/2/2
f 3668/6/2 3669/6/2 3679/6/2
f 3679/6/2 3669/6/2 3680/6/2
f 3676/2/2 3677/2/2 3687/2/2
f 3677/3/2 3678/3/2 3688/3/2
f 3687/2/2 3677/2/2 3688/2/2
f 3688/3/2 3678/3/2 3689/3/2
f 3681/6/2 3682/6/2 3692/6/2
f 3692/6/2 3682/6/2 3693/6/2
f 3683/2/2 3684/2/2 3694/2/2
f 3694/2/2 3684/2/2 3695/2/2
f 3685/5/2 3686/5/2 3697/5/2
f 3697/5/2 3686/5/2 3698/5/2
f 3690/4/2 3691/4/2 3704/4/2
f 3696/2/2 3697/2/2 3707/2/2
f 3707/2/2 3697/2/2 3708/2/2
f 3699/5/2 3700/5/2 3709/5/2
f 3709/5/2 3700/5/2 3710/5/2
f 3701/2/2 3702/2/2 3711/2/2
f 3702/6/2 3703/6/2 3712/6/2
f 3711/2/2 3702/2/2 3712/2/2
f 3712/6/2 3703/6/2 3713/6/2
f 3704/4/2 3691/4/2 3716/4/2
f 3716/4/2 3691/4/2 3717/4/2
f 3705/2/2 3706/2/2 3718/2/2
f 3718/2/2 3706/2/2 3719/2/2
f 3709/1/2 3710/1/2 3723/1/2
f 3723/1/2 3710/1/2 3724/1/2
f 3714/1/2 3715/1/2 3725/1/2
f 3715/4/2 3716/4/2 3726/4/2
f 3725/1/2 3715/1/2 3726/1/2
f 3726/4/2 3716/4/2 3727/4/2
f 3719/6/2 3720/6/2 3728/6/2
f 3728/6/2 3720/6/2 3729/6/2
f 3721/6/2 3722/6/2 3731/6/2
f 3731/6/2 3722/6/2 3732/6/2
f 3730/1/2 3731/1/2 3743/1/2
f 3743/1/2 3731/1/2 3744/1/2
f 3733/4/2 3734/4/2 3747/4/2
f 3734/4/2 3735/4/2 3747/4/2
f 3747/4/2 3735/4/2 3748/4/2
f 3748/4/2 3735/4/2 3749/4/2
f 3736/5/2 3737/5/2 3750/5/2
f 3737/1/2 3738/1/2 3751/1/2
f 3750/5/2 3737/5/2 3751/5/2
f 3751/1/2 3738/1/2 3752/1/2
f 3739/5/2 3740/5/2 3753/5/2
f 3753/5/2 3740/5/2 3754/5/2
f 3741/2/2 3742/2/2 3755/2/2
f 3755/2/2 3742/2/2 3756/2/2
f 3744/1/2 3745/1/2 3757/1/2
f 3745/4/2 3746/4/2 3758/4/2
f 3757/1/2 3745/1/2 3758/1/2
f 3746/1/2 3747/1/2 3759/1/2
f 3758/4/2 3746/4/2 3759/4/2
f 3759/1/2 3747/1/2 3760/1/2
f 3749/1/2 3750/1/2 3761/1/2
f 3752/5/2 3753/5/2 3763/5/2
f 3748/5/2 3749/5/2 3764/5/2
f 3749/1/2 3761/1/2 3765/1/2
f 3764/5/2 3749/5/2 3765/5/2
f 3765/1/2 3761/1/2 3766/1/2
f 3762/2/2 3763/2/2 3767/2/2
f 3763/5/2 3753/5/2 3768/5/2
f 3767/2/2 3763/2/2 3768/2/2
f 3768/5/2 3753/5/2 3769/5/2
f 3766/2/2 3767/2/2 3770/2/2
f 3770/2/2 3767/2/2 3771/2/2
f 3772/4/2 3773/4/2 3779/4/2
f 3779/4/2 3773/4/2 3780/4/2
f 3774/6/2 3775/6/2 3783/6/2
f 3783/6/2 3775/6/2 3784/6/2
f 3776/2/2 3777/2/2 3788/2/2
f 3777/1/2 3778/1/2 3789/1/2
f 3788/2/2 3777/2/2 3789/2/2
f 3789/1/2 3778/1/2 3790/1/2
f 3781/6/2 3782/6/2 3795/6/2
f 3795/6/2 3782/6/2 3796/6/2
f 3784/6/2 3785/6/2 3798/6/2
f 3798/6/2 3785/6/2 3799/6/2
f 3786/1/2 3787/1/2 3800/1/2
f 3800/1/2 3787/1/2 3801/1/2
f 3791/3/2 3792/3/2 3802/3/2
f 3792/6/2 3793/6/2 3803/6/2
f 3802/3/2 3792/3/2 3803/3/2
f 3803/6/2 3793/6/2 3804/6/2
f 3794/6/2 3795/6/2 3805/6/2
f 3805/6/2 3795/6/2 3806/6/2
f 3797/6/2 3798/6/2 3808/6/2
f 3808/6/2 3798/6/2 3809/6/2
f 3806/4/2 3807/4/2 3810/4/2
f 3807/5/2 3808/5/2 3811/5/2
f 3810/4/2 3807/4/2 3811/4/2
f 3811/5/2 3808/5/2 3814/5/2
f 3814/5/2 3808/5/2 3815/5/2
f 3812/2/2 3813/2/2 3818/2/2
f 3818/2/2 3813/2/2 3819/2/2
f 3816/4/2 3817/4/2 3826/4/2
f 3826/4/2 3817/4/2 3827/4/2
f 3820/6/2 3821/6/2 3829/6/2
f 3829/6/2 3821/6/2 3830/6/2
f 3822/5/2 3823/5/2 3831/5/2
f 3831/5/2 3823/5/2 3832/5/2
f 3824/1/2 3825/1/2 3833/1/2
f 3833/1/2 3825/1/2 3834/1/2
f 3828/5/2 3829/5/2 3837/5/2
f 3829/1/2 3830/1/2 3838/1/2
f 3837/5/2 3829/5/2 3838/5/2
f 3838/1/2 3830/1/2 3839/1/2
f 3835/4/2 3836/4/2 3841/4/2
f 3841/4/2 3836/4/2 3842/4/2
f 3839/5/2 3840/5/2 3843/5/2
f 3843/5/2 3840/5/2 3844/5/2
f 3841/6/2 3842/6/2 3847/6/2
f 3847/6/2 3842/6/2 3848/6/2
f 3845/3/2 3846/3/2 3851/3/2
f 3851/3/2 3846/3/2 3852/3/2
f 3849/2/2 3850/2/2 3853/2/2
f 3853/2/2 3850/2/2 3854/2/2
f 3855/5/2 3856/5/2 3865/5/2
f 3865/5/2 3856/5/2 3866/5/2
f 3857/5/2 3858/5/2 3867/5/2
f 3867/5/2 3858/5/2 3868/5/2
f 3859/6/2 3860/6/2 3869/6/2
f 3869/6/2 3860/6/2 3870/6/2
f 3861/3/2 3862/3/2 3873/3/2
f 3873/3/2 3862/3/2 3874/3/2
f 3862/2/2 3863/2/2 3875/2/2
f 3874/3/2 3862/3/2 3875/3/2
f 3863/1/2 3864/1/2 3876/1/2
f 3875/2/2 3863/2/2 3876/2/2
f 3876/1/2 3864/1/2 3877/1/2
f 3870/4/2 3871/4/2 3880/4/2
f 3880/4/2 3871/4/2 3881/4/2
f 3872/4/2 3873/4/2 3882/4/2
f 3882/4/2 3873/4/2 3883/4/2
f 3875/2/2 3876/2/2 3884/2/2
f 3884/2/2 3876/2/2 3885/2/2
f 3878/1/2 3879/1/2 3886/1/2
f 3886/1/2 3879/1/2 3887/1/2
f 3880/4/2 3881/4/2 3888/4/2
f 3888/4/2 3881/4/2 3889/4/2
f 3887/1/2 3888/1/2 3896/1/2
f 3888/3/2 3889/3/2 3897/3/2
f 3896/1/2 3888/1/2 3897/1/2
f 3897/3/2 3889/3/2 3898/3/2
f 3890/2/2 3891/2/2 3899/2/2
f 3899/2/2 3891/2/2 3900/2/2
f 3892/6/2 3893/6/2 3901/6/2
f 3893/3/2 3894/3/2 3902/3/2
f 3901/6/2 3893/6/2 3902/6/2
f 3894/4/2 3895/4/2 3903/4/2
f 3902/3/2 3894/3/2 3903/3/2
f 3903/4/2 3895/4/2 3904/4/2
f 3896/3/2 3897/3/2 3907/3/2
f 3907/3/2 3897/3/2 3908/3/2
f 3905/1/2 3906/1/2 3916/1/2
f 3916/1/2 3906/1/2 3917/1/2
f 3909/1/2 3910/1/2 3918/1/2
f 3918/1/2 3910/1/2 3919/1/2
f 3911/5/2 3912/5/2 3921/5/2
f 3912/4/2 3913/4/2 3922/4/2
f 3921/5/2 3912/5/2 3922/5/2
f 3922/4/2 3913/4/2 3923/4/2
f 3914/4/2 3915/4/2 3926/4/2
f 3926/4/2 3915/4/2 3927/4/2
f 3920/1/2 3921/1/2 3928/1/2
f 3928/1/2 3921/1/2 3929/1/2
f 3923/5/2 3924/5/2 3930/5/2
f 3930/5/2 3924/5/2 3931/5/2
f 3925/5/2 3926/5/2 3932/5/2
f 3932/5/2 3926/5/2 3933/5/2
f 3931/3/2 3932/3/2 3939/3/2
f 3932/5/2 3933/5/2 3940/5/2
f 3939/3/2 3932/3/2 3940/3/2
f 3940/5/2 3933/5/2 3941/5/2
f 3934/6/2 3935/6/2 3944/6/2
f 3944/6/2 3935/6/2 3945/6/2
f 3936/6/2 3937/6/2 3946/6/2
f 3946/6/2 3937/6/2 3947/6/2
f 3938/2/2 3939/2/2 3948/2/2
f 3948/2/2 3939/2/2 3949/2/2
f 3941/1/2 3942/1/2 3950/1/2
f 3942/5/2 3943/5/2 3951/5/2
f 3950/1/2 3942/1/2 3951/1/2
f 3951/5/2 3943/5/2 3952/5/2
f 3953/4/2 3954/4/2 3955/4/2
f 3955/4/2 3954/4/2 3956/4/2
f 3957/6/2 3958/6/2 3961/6/2
f 3961/6/2 3958/6/2 3962/6/2
f 3959/4/2 3960/4/2 3963/4/2
f 3963/4/2 3960/4/2 3964/4/2
f 3965/5/2 3966/5/2 3970/5/2
f 3970/5/2 3966/5/2 3971/5/2
f 3967/4/2 3968/4/2 3973/4/2
f 3968/2/2 3969/2/2 3974/2/2
f 3973/4/2 3968/4/2 3974/4/2
f 3974/2/2 3969/2/2 3975/2/2
f 3970/4/2 3971/4/2 3978/4/2
f 3971/6/2 3972/6/2 3979/6/2
f 3978/4/2 3971/4/2 3979/4/2
f 3979/6/2 3972/6/2 3980/6/2
f 3973/4/2 3974/4/2 3983/4/2
f 3974/3/2 3975/3/2 3984/3/2
f 3983/4/2 3974/4/2 3984/4/2
f 3984/3/2 3975/3/2 3985/3/2
f 3976/5/2 3977/5/2 3986/5/2
f 3986/5/2 3977/5/2 3987/5/2
f 3981/1/2 3982/1/2 3992/1/2
f 3992/1/2 3982/1/2 3993/1/2
f 3987/5/2 3988/5/2 3999/5/2
f 3999/5/2 3988/5/2 4000/5/2
f 3989/2/2 3990/2/2 4001/2/2
f 3990/3/2 3991/3/2 4002/3/2
f 4001/2/2 3990/2/2 4002/2/2
f 4002/3/2 3991/3/2 4003/3/2
f 3992/2/2 3993/2/2 4004/2/2
f 4004/2/2 3993/2/2 4005/2/2
f 3994/1/2 3995/1/2 4006/1/2
f 3995/3/2 3996/3/2 4007/3/2
f 4006/1/2 3995/1/2 4007/1/2
f 4007/3/2 3996/3/2 4008/3/2
f 3997/5/2 3998/5/2 4010/5/2
f 4010/5/2 3998/5/2 4011/5/2
f 4005/4/2 4006/4/2 4017/4/2
f 4017/4/2 4006/4/2 4018/4/2
f 4009/2/2 4010/2/2 4020/2/2
f 4020/2/2 4010/2/2 4021/2/2
f 4012/3/2 4013/3/2 4023/3/2
f 4023/3/2 4013/3/2 4024/3/2
f 4014/5/2 4015/5/2 4026/5/2
f 4026/5/2 4015/5/2 4027/5/2
f 4016/1/2 4017/1/2 4030/1/2
f 4030/1/2 4017/1/2 4031/1/2
f 4018/3/2 4019/3/2 4032/3/2
f 4032/3/2 4019/3/2 4033/3/2
f 4021/5/2 4022/5/2 4034/5/2
f 4034/5/2 4022/5/2 4035/5/2
f 4024/3/2 4025/3/2 4037/3/2
f 4025/2/2 4026/2/2 4038/2/2
f 4037/3/2 4025/3/2 4038/3/2
f 4038/2/2 4026/2/2 4039/2/2
f 4028/5/2 4029/5/2 4043/5/2
f 4043/5/2 4029/5/2 4044/5/2
f 4035/3/2 4036/3/2 4049/3/2
f 4049/3/2 4036/3/2 4050/3/2
f 4039/3/2 4040/3/2 4053/3/2
f 4053/3/2 4040/3/2 4054/3/2
f 4041/4/2 4042/4/2 4055/4/2
f 4055/4/2 4042/4/2 4056/4/2
f 4045/1/2 4046/1/2 4058/1/2
f 4046/3/2 4047/3/2 4059/3/2
f 4058/1/2 4046/1/2 4059/1/2
f 4047/1/2 4048/1/2 4060/1/2
f 4059/3/2 4047/3/2 4060/3/2
f 4049/6/2 4050/6/2 4061/6/2
f 4061/6/2 4050/6/2 4062/6/2
f 4051/6/2 4052/6/2 4063/6/2
f 4063/6/2 4052/6/2 4064/6/2
f 4055/2/2 4056/2/2 4067/2/2
f 4067/2/2 4056/2/2 4068/2/2
f 4057/3/2 4058/3/2 4069/3/2
f 4069/3/2 4058/3/2 4070/3/2
f 4060/1/2 4048/1/2 4071/1/2
f 4071/1/2 4048/1/2 4072/1/2
f 4064/6/2 4065/6/2 4073/6/2
f 4065/1/2 4066/1/2 4074/1/2
f 4073/6/2 4065/6/2 4074/6/2
f 4074/1/2 4066/1/2 4075/1/2
f 4071/2/2 4072/2/2 4076/2/2
f 4070/2/2 4071/2/2 4076/2/2
f 4076/2/2 4072/2/2 4077/2/2
f 4077/2/2 4072/2/2 4078/2/2
f 4078/2/2 4072/2/2 4079/2/2
f 4077/5/2 4078/5/2 4080/5/2
f 4078/4/2 4079/4/2 4081/4/2
f 4080/5/2 4078/5/2 4081/5/2
f 4081/4/2 4079/4/2 4082/4/2
f 4081/2/2 4082/2/2 4083/2/2
f 4083/2/2 4082/2/2 4084/2/2
f 4085/2/2 4086/2/2 4090/2/2
f 4090/2/2 4086/2/2 4091/2/2
f 4087/5/2 4088/5/2 4096/5/2
f 4088/1/2 4089/1/2 4097/1/2
f 4096/5/2 4088/5/2 4097/5/2
f 4089/5/2 4090/5/2 4098/5/2
f 4097/1/2 4089/1/2 4098/1/2
f 4098/5/2 4090/5/2 4099/5/2
f 4092/6/2 4093/6/2 4104/6/2
f 4104/6/2 4093/6/2 4105/6/2
f 4094/4/2 4095/4/2 4106/4/2
f 4106/4/2 4095/4/2 4107/4/2
f 4097/2/2 4098/2/2 4108/2/2
f 4108/2/2 4098/2/2 4109/2/2
f 4100/5/2 4101/5/2 4110/5/2
f 4110/5/2 4101/5/2 4111/5/2
f 4102/1/2 4103/1/2 4113/1/2
f 4113/1/2 4103/1/2 4114/1/2
f 4104/2/2 4105/2/2 4115/2/2
f 4115/2/2 4105/2/2 4116/2/2
f 4111/4/2 4112/4/2 4123/4/2
f 4123/4/2 4112/4/2 4124/4/2
f 4113/4/2 4114/4/2 4126/4/2
f 4126/4/2 4114/4/2 4127/4/2
f 4117/5/2 4118/5/2 4129/5/2
f 4129/5/2 4118/5/2 4130/5/2
f 4119/6/2 4120/6/2 4131/6/2
f 4120/4/2 4121/4/2 4132/4/2
f 4131/6/2 4120/6/2 4132/6/2
f 4132/4/2 4121/4/2 4133/4/2
f 4122/3/2 4123/3/2 4134/3/2
f 4134/3/2 4123/3/2 4135/3/2
f 4124/1/2 4125/1/2 4136/1/2
f 4128/5/2 4129/5/2 4140/5/2
f 4140/5/2 4129/5/2 4141/5/2
f 4133/2/2 4134/2/2 4147/2/2
f 4147/2/2 4134/2/2 4148/2/2
f 4124/1/2 4136/1/2 4149/1/2
f 4136/5/2 4137/5/2 4150/5/2
f 4149/1/2 4136/1/2 4150/1/2
f 4150/5/2 4137/5/2 4151/5/2
f 4138/1/2 4139/1/2 4155/1/2
f 4155/1/2 4139/1/2 4156/1/2
f 4141/1/2 4142/1/2 4157/1/2
f 4157/1/2 4142/1/2 4158/1/2
f 4143/1/2 4144/1/2 4159/1/2
f 4159/1/2 4144/1/2 4160/1/2
f 4145/4/2 4146/4/2 4161/4/2
f 4161/4/2 4146/4/2 4162/4/2
f 4147/6/2 4148/6/2 4163/6/2
f 4163/6/2 4148/6/2 4164/6/2
f 4151/6/2 4152/6/2 4166/6/2
f 4166/6/2 4152/6/2 4167/6/2
f 4153/2/2 4154/2/2 4169/2/2
f 4169/2/2 4154/2/2 4170/2/2
f 4165/4/2 4166/4/2 4175/4/2
f 4166/3/2 4167/3/2 4176/3/2
f 4175/4/2 4166/4/2 4176/4/2
f 4167/6/2 4168/6/2 4177/6/2
f 4176/3/2 4167/3/2 4177/3/2
f 4177/6/2 4168/6/2 4178/6/2
f 4173/6/2 4174/6/2 4180/6/2
f 4172/6/2 4173/6/2 4180/6/2
f 4171/6/2 4172/6/2 4180/6/2
f 4180/6/2 4174/6/2 4181/6/2
f 4178/3/2 4179/3/2 4184/3/2
f 4184/3/2 4179/3/2 4185/3/2
f 4182/3/2 4183/3/2 4186/3/2
f 4186/3/2 4183/3/2 4187/3/2
f 4188/5/2 4189/5/2 4192/5/2
f 4189/4/2 4190/4/2 4193/4/2
f 4192/5/2 4189/5/2 4193/5/2
f 4190/2/2 4191/2/2 4194/2/2
f 4193/4/2 4190/4/2 4194/4/2
f 4194/2/2 4191/2/2 4195/2/2
f 4195/2/2 4191/2/2 4196/2/2
f 4194/6/2 4195/6/2 4197/6/2
f 4197/6/2 4195/6/2 4198/6/2
f 4199/2/2 4200/2/2 4207/2/2
f 4207/2/2 4200/2/2 4208/2/2
f 4208/2/2 4200/2/2 4209/2/2
f 4201/1/2 4202/1/2 4210/1/2
f 4210/1/2 4202/1/2 4211/1/2
f 4203/5/2 4204/5/2 4215/5/2
f 4215/5/2 4204/5/2 4216/5/2
f 4205/3/2 4206/3/2 4217/3/2
f 4217/3/2 4206/3/2 4218/3/2
f 4212/1/2 4213/1/2 4224/1/2
f 4224/1/2 4213/1/2 4225/1/2
f 4214/6/2 4215/6/2 4227/6/2
f 4227/6/2 4215/6/2 4228/6/2
f 4219/5/2 4220/5/2 4231/5/2
f 4231/5/2 4220/5/2 4232/5/2
f 4222/3/2 4223/3/2 4233/3/2
f 4221/3/2 4222/3/2 4233/3/2
f 4233/3/2 4223/3/2 4234/3/2
f 4234/3/2 4223/3/2 4235/3/2
f 4225/5/2 4226/5/2 4236/5/2
f 4236/5/2 4226/5/2 4237/5/2
f 4229/4/2 4230/4/2 4242/4/2
f 4242/4/2 4230/4/2 4243/4/2
f 4238/3/2 4239/3/2 4244/3/2
f 4244/3/2 4239/3/2 4245/3/2
f 4240/3/2 4241/3/2 4248/3/2
f 4248/3/2 4241/3/2 4249/3/2
f 4246/2/2 4247/2/2 4254/2/2
f 4254/2/2 4247/2/2 4255/2/2
f 4250/4/2 4251/4/2 4261/4/2
f 4261/4/2 4251/4/2 4262/4/2
f 4252/1/2 4253/1/2 4263/1/2
f 4263/1/2 4253/1/2 4264/1/2
f 4254/5/2 4255/5/2 4266/5/2
f 4266/5/2 4255/5/2 4267/5/2
f 4256/3/2 4257/3/2 4268/3/2
f 4257/4/2 4258/4/2 4269/4/2
f 4268/3/2 4257/3/2 4269/3/2
f 4269/4/2 4258/4/2 4270/4/2
f 4259/4/2 4260/4/2 4271/4/2
f 4271/4/2 4260/4/2 4272/4/2
f 4264/3/2 4265/3/2 4276/3/2
f 4276/3/2 4265/3/2 4277/3/2
f 4271/5/2 4272/5/2 4278/5/2
f 4272/1/2 4273/1/2 4279/1/2
f 4278/5/2 4272/5/2 4279/5/2
f 4279/1/2 4273/1/2 4280/1/2
f 4280/1/2 4273/1/2 4281/1/2
f 4274/6/2 4275/6/2 4282/6/2
f 4282/6/2 4275/6/2 4283/6/2
f 4280/4/2 4281/4/2 4284/4/2
f 4284/4/2 4281/4/2 4285/4/2
f 4286/5/2 4287/5/2 4289/5/2
f 4287/3/2 4288/3/2 4290/3/2
f 4289/5/2 4287/5/2 4290/5/2
f 4290/3/2 4288/3/2 4291/3/2
f 4292/3/2 4293/3/2 4297/3/2
f 4293/4/2 4294/4/2 4298/4/2
f 4297/3/2 4293/3/2 4298/3/2
f 4298/4/2 4294/4/2 4299/4/2
f 4295/2/2 4296/2/2 4305/2/2
f 4305/2/2 4296/2/2 4306/2/2
f 4300/1/2 4301/1/2 4307/1/2
f 4307/1/2 4301/1/2 4308/1/2
f 4302/5/2 4303/5/2 4309/5/2
f 4309/5/2 4303/5/2 4310/5/2
f 4304/5/2 4305/5/2 4311/5/2
f 4311/5/2 4305/5/2 4312/5/2
f 4307/1/2 4308/1/2 4318/1/2
f 4318/1/2 4308/1/2 4319/1/2
f 4313/2/2 4314/2/2 4325/2/2
f 4325/2/2 4314/2/2 4326/2/2
f 4315/5/2 4316/5/2 4328/5/2
f 4328/5/2 4316/5/2 4329/5/2
f 4317/4/2 4318/4/2 4331/4/2
f 4331/4/2 4318/4/2 4332/4/2
f 4319/5/2 4320/5/2 4333/5/2
f 4333/5/2 4320/5/2 4334/5/2
f 4321/2/2 4322/2/2 4336/2/2
f 4336/2/2 4322/2/2 4337/2/2
f 4323/2/2 4324/2/2 4338/2/2
f 4338/2/2 4324/2/2 4339/2/2
f 4325/3/2 4326/3/2 4340/3/2
f 4340/3/2 4326/3/2 4341/3/2
f 4327/2/2 4328/2/2 4342/2/2
f 4328/4/2 4329/4/2 4343/4/2
f 4342/2/2 4328/2/2 4343/2/2
f 4343/4/2 4329/4/2 4344/4/2
f 4330/2/2 4331/2/2 4345/2/2
f 4345/2/2 4331/2/2 4346/2/2
f 4333/4/2 4334/4/2 4348/4/2
f 4348/4/2 4334/4/2 4349/4/2
f 4335/1/2 4336/1/2 4350/1/2
f 4350/1/2 4336/1/2 4351/1/2
f 4338/3/2 4339/3/2 4352/3/2
f 4352/3/2 4339/3/2 4353/3/2
f 4343/6/2 4344/6/2 4354/6/2
f 4354/6/2 4344/6/2 4355/6/2
f 4346/6/2 4347/6/2 4356/6/2
f 4345/6/2 4346/6/2 4356/6/2
f 4356/6/2 4347/6/2 4357/6/2
f 4357/6/2 4347/6/2 4358/6/2
f 4350/4/2 4351/4/2 4359/4/2
f 4349/4/2 4350/4/2 4359/4/2
f 4359/4/2 4351/4/2 4360/4/2
f 4360/4/2 4351/4/2 4361/4/2
f 4355/5/2 4356/5/2 4364/5/2
f 4364/5/2 4356/5/2 4365/5/2
f 4357/1/2 4358/1/2 4366/1/2
f 4366/1/2 4358/1/2 4367/1/2
f 4360/4/2 4361/4/2 4368/4/2
f 4368/4/2 4361/4/2 4369/4/2
f 4362/6/2 4363/6/2 4370/6/2
f 4370/6/2 4363/6/2 4371/6/2
f 4372/5/2 4373/5/2 4375/5/2
f 4373/3/2 4374/3/2 4376/3/2
f 4375/5/2 4373/5/2 4376/5/2
f 4376/3/2 4374/3/2 4377/3/2
f 4375/4/2 4376/4/2 4381/4/2
f 4376/1/2 4377/1/2 4382/1/2
f 4381/4/2 4376/4/2 4382/4/2
f 4382/1/2 4377/1/2 4383/1/2
f 4378/6/2 4379/6/2 4384/6/2
f 4379/2/2 4380/2/2 4385/2/2
f 4384/6/2 4379/6/2 4385/6/2
f 4385/2/2 4380/2/2 4386/2/2
f 4387/5/2 4388/5/2 4401/5/2
f 4388/3/2 4389/3/2 4402/3/2
f 4401/5/2 4388/5/2 4402/5/2
f 4402/3/2 4389/3/2 4403/3/2
f 4390/1/2 4391/1/2 4406/1/2
f 4391/4/2 4392/4/2 4407/4/2
f 4406/1/2 4391/1/2 4407/1/2
f 4392/6/2 4393/6/2 4408/6/2
f 4407/4/2 4392/4/2 4408/4/2
f 4408/6/2 4393/6/2 4409/6/2
f 4394/5/2 4395/5/2 4411/5/2
f 4411/5/2 4395/5/2 4412/5/2
f 4396/1/2 4397/1/2 4413/1/2
f 4397/5/2 4398/5/2 4414/5/2
f 4413/1/2 4397/1/2 4414/1/2
f 4414/5/2 4398/5/2 4415/5/2
f 4399/5/2 4400/5/2 4416/5/2
f 4416/5/2 4400/5/2 4417/5/2
f 4401/2/2 4402/2/2 4418/2/2
f 4402/6/2 4403/6/2 4419/6/2
f 4418/2/2 4402/2/2 4419/2/2
f 4419/6/2 4403/6/2 4420/6/2
f 4404/4/2 4405/4/2 4421/4/2
f 4421/4/2 4405/4/2 4422/4/2
f 4407/5/2 4408/5/2 4423/5/2
f 4423/5/2 4408/5/2 4424/5/2
f 4409/3/2 4410/3/2 4425/3/2
f 4425/3/2 4410/3/2 4426/3/2
f 4413/2/2 4414/2/2 4428/2/2
f 4428/2/2 4414/2/2 4429/2/2
f 4416/4/2 4417/4/2 4430/4/2
f 4430/4/2 4417/4/2 4431/4/2
f 4427/5/2 4428/5/2 4438/5/2
f 4438/5/2 4428/5/2 4439/5/2
f 4431/2/2 4432/2/2 4441/2/2
f 4441/2/2 4432/2/2 4442/2/2
f 4433/6/2 4434/6/2 4444/6/2
f 4444/6/2 4434/6/2 4445/6/2
f 4435/2/2 4436/2/2 4446/2/2
f 4446/2/2 4436/2/2 4447/2/2
f 4437/3/2 4438/3/2 4448/3/2
f 4448/3/2 4438/3/2 4449/3/2
f 4440/1/2 4441/1/2 4450/1/2
f 4450/1/2 4441/1/2 4451/1/2
f 4444/3/2 4445/3/2 4452/3/2
f 4443/3/2 4444/3/2 4452/3/2
f 4452/3/2 4445/3/2 4453/3/2
f 4453/3/2 4445/3/2 4454/3/2
f 4453/6/2 4454/6/2 4460/6/2
f 4460/6/2 4454/6/2 4461/6/2
f 4455/2/2 4456/2/2 4462/2/2
f 4462/2/2 4456/2/2 4463/2/2
f 4457/5/2 4458/5/2 4464/5/2
f 4464/5/2 4458/5/2 4465/5/2
f 4459/6/2 4460/6/2 4467/6/2
f 4467/6/2 4460/6/2 4468/6/2
f 4462/5/2 4463/5/2 4469/5/2
f 4469/5/2 4463/5/2 4470/5/2
f 4465/4/2 4466/4/2 4471/4/2
f 4464/4/2 4465/4/2 4471/4/2
f 4471/4/2 4466/4/2 4472/4/2
f 4472/4/2 4466/4/2 4473/4/2
f 4470/6/2 4471/6/2 4474/6/2
f 4471/3/2 4472/3/2 4475/3/2
f 4474/6/2 4471/6/2 4475/6/2
f 4472/6/2 4473/6/2 4476/6/2
f 4475/3/2 4472/3/2 4476/3/2
f 4476/6/2 4473/6/2 4477/6/2
f 4478/4/2 4479/4/2 4490/4/2
f 4490/4/2 4479/4/2 4491/4/2
f 4480/5/2 4481/5/2 4492/5/2
f 4492/5/2 4481/5/2 4493/5/2
f 4482/2/2 4483/2/2 4494/2/2
f 4494/2/2 4483/2/2 4495/2/2
f 4484/2/2 4485/2/2 4497/2/2
f 4497/2/2 4485/2/2 4498/2/2
f 4498/2/2 4485/2/2 4499/2/2
f 4486/6/2 4487/6/2 4502/6/2
f 4502/6/2 4487/6/2 4503/6/2
f 4488/1/2 4489/1/2 4504/1/2
f 4504/1/2 4489/1/2 4505/1/2
f 4494/5/2 4495/5/2 4506/5/2
f 4506/5/2 4495/5/2 4507/5/2
f 4496/1/2 4497/1/2 4508/1/2
f 4508/1/2 4497/1/2 4509/1/2
f 4498/4/2 4499/4/2 4510/4/2
f 4500/2/2 4501/2/2 4511/2/2
f 4499/2/2 4500/2/2 4511/2/2
f 4510/4/2 4499/4/2 4511/4/2
f 4511/2/2 4501/2/2 4512/2/2
f 4512/2/2 4501/2/2 4513/2/2
f 4506/3/2 4507/3/2 4519/3/2
f 4519/3/2 4507/3/2 4520/3/2
f 4509/4/2 4510/4/2 4521/4/2
f 4510/3/2 4511/3/2 4522/3/2
f 4521/4/2 4510/4/2 4522/4/2
f 4511/6/2 4512/6/2 4523/6/2
f 4522/3/2 4511/3/2 4523/3/2
f 4523/6/2 4512/6/2 4524/6/2
f 4514/5/2 4515/5/2 4526/5/2
f 4526/5/2 4515/5/2 4527/5/2
f 4516/1/2 4517/1/2 4531/1/2
f 4531/1/2 4517/1/2 4532/1/2
f 4518/4/2 4519/4/2 4533/4/2
f 4533/4/2 4519/4/2 4534/4/2
f 4525/6/2 4526/6/2 4535/6/2
f 4535/6/2 4526/6/2 4536/6/2
f 4527/5/2 4528/5/2 4537/5/2
f 4537/5/2 4528/5/2 4538/5/2
f 4529/1/2 4530/1/2 4539/1/2
f 4539/1/2 4530/1/2 4540/1/2
f 4541/4/2 4542/4/2 4545/4/2
f 4545/4/2 4542/4/2 4546/4/2
f 4543/3/2 4544/3/2 4547/3/2
f 4547/3/2 4544/3/2 4548/3/2
f 4549/1/2 4550/1/2 4551/1/2
f 4551/1/2 4550/1/2 4552/1/2
f 4551/3/2 4552/3/2 4554/3/2
f 4552/2/2 4553/2/2 4555/2/2
f 4554/3/2 4552/3/2 4555/3/2
f 4555/2/2 4553/2/2 4556/2/2
f 4557/5/2 4558/5/2 4565/5/2
f 4558/3/2 4559/3/2 4566/3/2
f 4565/5/2 4558/5/2 4566/5/2
f 4566/3/2 4559/3/2 4567/3/2
f 4560/1/2 4561/1/2 4568/1/2
f 4568/1/2 4561/1/2 4569/1/2
f 4562/1/2 4563/1/2 4571/1/2
f 4571/1/2 4563/1/2 4572/1/2
f 4572/1/2 4563/1/2 4573/1/2
f 4564/4/2 4565/4/2 4575/4/2
f 4575/4/2 4565/4/2 4576/4/2
f 4569/1/2 4570/1/2 4578/1/2
f 4578/1/2 4570/1/2 4579/1/2
f 4573/3/2 4574/3/2 4583/3/2
f 4583/3/2 4574/3/2 4584/3/2
f 4575/3/2 4576/3/2 4586/3/2
f 4586/3/2 4576/3/2 4587/3/2
f 4577/5/2 4578/5/2 4589/5/2
f 4589/5/2 4578/5/2 4590/5/2
f 4580/6/2 4581/6/2 4592/6/2
f 4592/6/2 4581/6/2 4593/6/2
f 4582/3/2 4583/3/2 4594/3/2
f 4594/3/2 4583/3/2 4595/3/2
f 4584/1/2 4585/1/2 4596/1/2
f 4596/1/2 4585/1/2 4597/1/2
f 4588/6/2 4589/6/2 4598/6/2
f 4598/6/2 4589/6/2 4599/6/2
f 4590/5/2 4591/5/2 4600/5/2
f 4600/5/2 4591/5/2 4601/5/2
f 4602/6/2 4603/6/2 4607/6/2
f 4603/3/2 4604/3/2 4608/3/2
f 4607/6/2 4603/6/2 4608/6/2
f 4604/4/2 4605/4/2 4609/4/2
f 4608/3/2 4604/3/2 4609/3/2
f 4605/2/2 4606/2/2 4610/2/2
f 4609/4/2 4605/4/2 4610/4/2
f 4610/2/2 4606/2/2 4611/2/2
f 4607/3/2 4608/3/2 4614/3/2
f 4614/3/2 4608/3/2 4615/3/2
f 4612/4/2 4613/4/2 4616/4/2
f 4616/4/2 4613/4/2 4617/4/2
f 4618/4/2 4619/4/2 4627/4/2
f 4619/6/2 4620/6/2 4628/6/2
f 4627/4/2 4619/4/2 4628/4/2
f 4628/6/2 4620/6/2 4629/6/2
f 4621/3/2 4622/3/2 4631/3/2
f 4631/3/2 4622/3/2 4632/3/2
f 4623/4/2 4624/4/2 4633/4/2
f 4624/5/2 4625/5/2 4634/5/2
f 4633/4/2 4624/4/2 4634/4/2
f 4634/5/2 4625/5/2 4635/5/2
f 4626/4/2 4627/4/2 4637/4/2
f 4628/3/2 4629/3/2 4638/3/2
f 4627/3/2 4628/3/2 4638/3/2
f 4637/4/2 4627/4/2 4638/4/2
f 4638/3/2 4629/3/2 4639/3/2
f 4639/3/2 4629/3/2 4640/3/2
f 4630/4/2 4631/4/2 4641/4/2
f 4641/4/2 4631/4/2 4642/4/2
f 4632/3/2 4633/3/2 4643/3/2
f 4643/3/2 4633/3/2 4644/3/2
f 4634/6/2 4635/6/2 4645/6/2
f 4645/6/2 4635/6/2 4646/6/2
f 4636/3/2 4637/3/2 4647/3/2
f 4647/3/2 4637/3/2 4648/3/2
f 4638/2/2 4639/2/2 4649/2/2
f 4649/2/2 4639/2/2 4650/2/2
f 4642/2/2 4643/2/2 4653/2/2
f 4653/2/2 4643/2/2 4654/2/2
f 4645/3/2 4646/3/2 4655/3/2
f 4655/3/2 4646/3/2 4656/3/2
f 4651/6/2 4652/6/2 4658/6/2
f 4658/6/2 4652/6/2 4659/6/2
f 4657/2/2 4658/2/2 4662/2/2
f 4662/2/2 4658/2/2 4663/2/2
f 4660/3/2 4661/3/2 4664/3/2
f 4664/3/2 4661/3/2 4665/3/2
f 4666/2/2 4667/2/2 4668/2/2
f 4668/2/2 4667/2/2 4669/2/2
f 4670/1/2 4671/1/2 4676/1/2
f 4672/1/2 4673/1/2 4677/1/2
f 4677/1/2 4673/1/2 4678/1/2
f 4674/4/2 4675/4/2 4679/4/2
f 4679/4/2 4675/4/2 4680/4/2
f 4670/1/2 4676/1/2 4681/1/2
f 4676/2/2 4677/2/2 4682/2/2
f 4681/1/2 4676/1/2 4682/1/2
f 4682/2/2 4677/2/2 4683/2/2
f 4679/6/2 4680/6/2 4684/6/2
f 4684/6/2 4680/6/2 4685/6/2
f 4681/2/2 4682/2/2 4687/2/2
f 4682/3/2 4683/3/2 4688/3/2
f 4687/2/2 4682/2/2 4688/2/2
f 4688/3/2 4683/3/2 4689/3/2
f 4686/1/2 4687/1/2 4690/1/2
f 4687/5/2 4688/5/2 4691/5/2
f 4690/1/2 4687/1/2 4691/1/2
f 4691/5/2 4688/5/2 4692/5/2
f 4695/4/3 4694/4/3 4693/4/3
f 4696/4/3 4694/4/3 4695/4/3
f 4697/2/3 4696/2/3 4695/2/3
f 4698/2/3 4696/2/3 4697/2/3
f 4703/5/3 4700/5/3 4699/5/3
f 4704/5/3 4700/5/3 4703/5/3
f 4705/3/3 4702/3/3 4701/3/3
f 4706/3/3 4702/3/3 4705/3/3
f 4707/3/3 4704/3/3 4703/3/3
f 4708/3/3 4704/3/3 4707/3/3
f 4711/5/3 4710/5/3 4709/5/3
f 4712/5/3 4710/5/3 4711/5/3
f 4717/1/3 4714/1/3 4713/1/3
f 4718/4/3 4715/4/3 4714/4/3
f 4718/1/3 4714/1/3 4717/1/3
f 4719/4/3 4715/4/3 4718/4/3
f 4720/6/3 4717/6/3 4716/6/3
f 4721/1/3 4718/1/3 4717/1/3
f 4721/6/3 4717/6/3 4720/6/3
f 4722/2/3 4719/2/3 4718/2/3
f 4722/1/3 4718/1/3 4721/1/3
f 4723/2/3 4719/2/3 4722/2/3
f 4724/2/3 4721/2/3 4720/2/3
f 4727/2/3 4724/2/3 4720/2/3
f 4728/2/3 4724/2/3 4727/2/3
f 4730/1/3 4726/1/3 4725/1/3
f 4731/1/3 4726/1/3 4730/1/3
f 4732/2/3 4729/2/3 4728/2/3
f 4733/2/3 4729/2/3 4732/2/3
f 4736/5/3 4735/5/3 4734/5/3
f 4737/5/3 4735/5/3 4736/5/3
f 4742/1/3 4739/1/3 4738/1/3
f 4743/1/3 4739/1/3 4742/1/3
f 4744/2/3 4741/2/3 4740/2/3
f 4745/2/3 4741/2/3 4744/2/3
f 4746/2/3 4743/2/3 4742/2/3
f 4747/2/3 4743/2/3 4746/2/3
f 4752/6/3 4749/6/3 4748/6/3
f 4753/6/3 4749/6/3 4752/6/3
f 4754/5/3 4751/5/3 4750/5/3
f 4755/5/3 4751/5/3 4754/5/3
f 4760/2/3 4757/2/3 4756/2/3
f 4761/2/3 4757/2/3 4760/2/3
f 4762/4/3 4759/4/3 4758/4/3
f 4763/4/3 4759/4/3 4762/4/3
f 4765/2/3 4763/2/3 4762/2/3
f 4766/4/3 4764/4/3 4763/4/3
f 4766/2/3 4763/2/3 4765/2/3
f 4767/4/3 4764/4/3 4766/4/3
f 4771/6/3 4769/6/3 4768/6/3
f 4772/6/3 4769/6/3 4771/6/3
f 4773/6/3 4771/6/3 4770/6/3
f 4774/5/3 4772/5/3 4771/5/3
f 4774/6/3 4771/6/3 4773/6/3
f 4775/5/3 4772/5/3 4774/5/3
f 4779/5/3 4777/5/3 4776/5/3
f 4780/5/3 4777/5/3 4779/5/3
f 4781/3/3 4779/3/3 4778/3/3
f 4782/3/3 4779/3/3 4781/3/3
f 4783/1/3 4782/1/3 4781/1/3
f 4784/1/3 4782/1/3 4783/1/3
f 4787/1/3 4786/1/3 4785/1/3
f 4788/1/3 4786/1/3 4787/1/3
f 4793/4/3 4790/4/3 4789/4/3
f 4794/4/3 4790/4/3 4793/4/3
f 4795/4/3 4792/4/3 4791/4/3
f 4796/4/3 4792/4/3 4795/4/3
f 4800/5/3 4798/5/3 4797/5/3
f 4801/6/3 4799/6/3 4798/6/3
f 4801/5/3 4798/5/3 4800/5/3
f 4802/6/3 4799/6/3 4801/6/3
f 4803/2/3 4801/2/3 4800/2/3
f 4804/3/3 4802/3/3 4801/3/3
f 4804/2/3 4801/2/3 4803/2/3
f 4805/3/3 4802/3/3 4804/3/3
f 4809/1/3 4807/1/3 4806/1/3
f 4810/3/3 4808/3/3 4807/3/3
f 4810/1/3 4807/1/3 4809/1/3
f 4811/3/3 4808/3/3 4810/3/3
f 4815/4/3 4813/4/3 4812/4/3
f 4816/2/3 4814/2/3 4813/2/3
f 4816/4/3 4813/4/3 4815/4/3
f 4817/2/3 4814/2/3 4816/2/3
f 4820/2/3 4819/2/3 4818/2/3
f 4821/2/3 4819/2/3 4820/2/3
f 4824/5/3 4822/5/3 4821/5/3
f 4825/5/3 4822/5/3 4824/5/3
f 4827/3/3 4824/3/3 4823/3/3
f 4828/3/3 4824/3/3 4827/3/3
f 4829/6/3 4826/6/3 4825/6/3
f 4830/6/3 4826/6/3 4829/6/3
f 4831/5/3 4830/5/3 4829/5/3
f 4832/5/3 4830/5/3 4831/5/3
f 4836/2/3 4834/2/3 4833/2/3
f 4837/2/3 4834/2/3 4836/2/3
f 4838/3/3 4836/3/3 4835/3/3
f 4839/1/3 4837/1/3 4836/1/3
f 4839/3/3 4836/3/3 4838/3/3
f 4840/1/3 4837/1/3 4839/1/3
f 4841/5/3 4839/5/3 4838/5/3
f 4842/2/3 4840/2/3 4839/2/3
f 4842/5/3 4839/5/3 4841/5/3
f 4843/2/3 4840/2/3 4842/2/3
f 4845/5/3 4844/5/3 4843/5/3
f 4846/5/3 4844/5/3 4845/5/3
f 4848/3/3 4847/3/3 4846/3/3
f 4849/3/3 4847/3/3 4848/3/3
f 4851/4/3 4849/4/3 4848/4/3
f 4852/2/3 4850/2/3 4849/2/3
f 4852/4/3 4849/4/3 4851/4/3
f 4853/2/3 4850/2/3 4852/2/3
f 4860/2/3 4854/2/3 4853/2/3
f 4861/2/3 4854/2/3 4860/2/3
f 4862/6/3 4856/6/3 4855/6/3
f 4863/6/3 4856/6/3 4862/6/3
f 4864/2/3 4858/2/3 4857/2/3
f 4865/2/3 4858/2/3 4864/2/3
f 4866/5/3 4860/5/3 4859/5/3
f 4867/5/3 4860/5/3 4866/5/3
f 4868/3/3 4863/3/3 4862/3/3
f 4869/4/3 4866/4/3 4865/4/3
f 4870/4/3 4866/4/3 4869/4/3
f 4873/3/3 4868/3/3 4862/3/3
f 4874/3/3 4868/3/3 4873/3/3
f 4876/2/3 4870/2/3 4869/2/3
f 4877/2/3 4870/2/3 4876/2/3
f 4878/5/3 4872/5/3 4871/5/3
f 4879/5/3 4872/5/3 4878/5/3
f 4880/2/3 4874/2/3 4873/2/3
f 4881/2/3 4874/2/3 4880/2/3
f 4882/4/3 4876/4/3 4875/4/3
f 4883/6/3 4877/6/3 4876/6/3
f 4883/4/3 4876/4/3 4882/4/3
f 4884/6/3 4877/6/3 4883/6/3
f 4885/3/3 4879/3/3 4878/3/3
f 4886/3/3 4879/3/3 4885/3/3
f 4891/5/3 4886/5/3 4885/5/3
f 4892/5/3 4886/5/3 4891/5/3
f 4893/5/3 4888/5/3 4887/5/3
f 4895/4/3 4890/4/3 4889/4/3
f 4896/4/3 4890/4/3 4895/4/3
f 4897/5/3 4893/5/3 4887/5/3
f 4898/6/3 4894/6/3 4893/6/3
f 4898/5/3 4893/5/3 4897/5/3
f 4899/6/3 4894/6/3 4898/6/3
f 4903/4/3 4901/4/3 4900/4/3
f 4904/6/3 4902/6/3 4901/6/3
f 4904/4/3 4901/4/3 4903/4/3
f 4905/6/3 4902/6/3 4904/6/3
f 4907/4/3 4906/4/3 4905/4/3
f 4908/4/3 4906/4/3 4907/4/3
f 4913/3/3 4908/3/3 4907/3/3
f 4914/3/3 4908/3/3 4913/3/3
f 4919/1/3 4910/1/3 4909/1/3
f 4920/1/3 4910/1/3 4919/1/3
f 4921/6/3 4912/6/3 4911/6/3
f 4922/6/3 4912/6/3 4921/6/3
f 4923/6/3 4916/6/3 4915/6/3
f 4924/6/3 4916/6/3 4923/6/3
f 4925/1/3 4918/1/3 4917/1/3
f 4926/1/3 4918/1/3 4925/1/3
f 4928/2/3 4926/2/3 4925/2/3
f 4929/3/3 4927/3/3 4926/3/3
f 4929/2/3 4926/2/3 4928/2/3
f 4930/3/3 4927/3/3 4929/3/3
f 4933/1/3 4932/1/3 4931/1/3
f 4934/1/3 4932/1/3 4933/1/3
f 4939/5/3 4936/5/3 4935/5/3
f 4940/5/3 4936/5/3 4939/5/3
f 4941/6/3 4938/6/3 4937/6/3
f 4942/6/3 4938/6/3 4941/6/3
f 4944/1/3 4942/1/3 4941/1/3
f 4945/3/3 4943/3/3 4942/3/3
f 4945/1/3 4942/1/3 4944/1/3
f 4946/3/3 4943/3/3 4945/3/3
f 4952/3/3 4948/3/3 4947/3/3
f 4953/2/3 4949/2/3 4948/2/3
f 4953/3/3 4948/3/3 4952/3/3
f 4954/2/3 4949/2/3 4953/2/3
f 4955/5/3 4951/5/3 4950/5/3
f 4956/5/3 4951/5/3 4955/5/3
f 4958/4/3 4955/4/3 4954/4/3
f 4959/4/3 4955/4/3 4958/4/3
f 4960/6/3 4957/6/3 4956/6/3
f 4961/6/3 4957/6/3 4960/6/3
f 4964/6/3 4963/6/3 4962/6/3
f 4965/6/3 4963/6/3 4964/6/3
f 4968/5/3 4965/5/3 4964/5/3
f 4969/5/3 4965/5/3 4968/5/3
f 4970/5/3 4967/5/3 4966/5/3
f 4971/5/3 4967/5/3 4970/5/3
f 4972/1/3 4970/1/3 4969/1/3
f 4972/1/3 4971/1/3 4970/1/3
f 4973/1/3 4971/1/3 4972/1/3
f 4974/1/3 4971/1/3 4973/1/3
f 4975/1/3 4973/1/3 4972/1/3
f 4976/1/3 4973/1/3 4975/1/3
f 4983/6/3 4978/6/3 4977/6/3
f 4984/6/3 4978/6/3 4983/6/3
f 4985/5/3 4980/5/3 4979/5/3
f 4986/5/3 4980/5/3 4985/5/3
f 4987/1/3 4982/1/3 4981/1/3
f 4988/1/3 4982/1/3 4987/1/3
f 4989/4/3 4986/4/3 4985/4/3
f 4990/4/3 4986/4/3 4989/4/3
f 4993/6/3 4992/6/3 4991/6/3
f 4994/6/3 4992/6/3 4993/6/3
f 5003/2/3 4996/2/3 4995/2/3
f 5004/2/3 4996/2/3 5003/2/3
f 5006/3/3 4998/3/3 4997/3/3
f 5007/1/3 4999/1/3 4998/1/3
f 5007/3/3 4998/3/3 5006/3/3
f 5008/1/3 4999/1/3 5007/1/3
f 5010/4/3 5001/4/3 5000/4/3
f 5011/6/3 5002/6/3 5001/6/3
f 5011/4/3 5001/4/3 5010/4/3
f 5012/2/3 5003/2/3 5002/2/3
f 5012/6/3 5002/6/3 5011/6/3
f 5013/2/3 5003/2/3 5012/2/3
f 5016/4/3 5006/4/3 5005/4/3
f 5017/4/3 5006/4/3 5016/4/3
f 5020/1/3 5010/1/3 5009/1/3
f 5021/3/3 5011/3/3 5010/3/3
f 5021/1/3 5010/1/3 5020/1/3
f 5022/3/3 5011/3/3 5021/3/3
f 5023/1/3 5013/1/3 5012/1/3
f 5024/1/3 5013/1/3 5023/1/3
f 5025/2/3 5015/2/3 5014/2/3
f 5026/2/3 5015/2/3 5025/2/3
f 5027/2/3 5019/2/3 5018/2/3
f 5028/2/3 5019/2/3 5027/2/3
f 5030/4/3 5022/4/3 5021/4/3
f 5031/4/3 5022/4/3 5030/4/3
f 5032/4/3 5030/4/3 5029/4/3
f 5033/5/3 5031/5/3 5030/5/3
f 5033/4/3 5030/4/3 5032/4/3
f 5034/5/3 5031/5/3 5033/5/3
f 5039/2/3 5036/2/3 5035/2/3
f 5040/2/3 5036/2/3 5039/2/3
f 5041/2/3 5038/2/3 5037/2/3
f 5042/2/3 5038/2/3 5041/2/3
f 5043/4/3 5040/4/3 5039/4/3
f 5044/4/3 5040/4/3 5043/4/3
f 5047/6/3 5046/6/3 5045/6/3
f 5048/6/3 5046/6/3 5047/6/3
f 5053/4/3 5050/4/3 5049/4/3
f 5054/4/3 5050/4/3 5053/4/3
f 5055/2/3 5052/2/3 5051/2/3
f 5056/2/3 5052/2/3 5055/2/3
f 5060/2/3 5058/2/3 5057/2/3
f 5061/1/3 5059/1/3 5058/1/3
f 5061/2/3 5058/2/3 5060/2/3
f 5062/1/3 5059/1/3 5061/1/3
f 5068/5/3 5064/5/3 5063/5/3
f 5069/6/3 5065/6/3 5064/6/3
f 5069/5/3 5064/5/3 5068/5/3
f 5070/6/3 5065/6/3 5069/6/3
f 5073/5/3 5067/5/3 5066/5/3
f 5074/5/3 5067/5/3 5073/5/3
f 5077/6/3 5071/6/3 5070/6/3
f 5078/6/3 5071/6/3 5077/6/3
f 5079/2/3 5073/2/3 5072/2/3
f 5080/2/3 5073/2/3 5079/2/3
f 5081/2/3 5076/2/3 5075/2/3
f 5082/2/3 5076/2/3 5081/2/3
f 5085/4/3 5082/4/3 5081/4/3
f 5086/4/3 5082/4/3 5085/4/3
f 5088/5/3 5084/5/3 5083/5/3
f 5089/5/3 5084/5/3 5088/5/3
f 5093/5/3 5088/5/3 5087/5/3
f 5094/5/3 5088/5/3 5093/5/3
f 5096/4/3 5091/4/3 5090/4/3
f 5097/4/3 5091/4/3 5096/4/3
f 5100/2/3 5093/2/3 5092/2/3
f 5101/2/3 5093/2/3 5100/2/3
f 5102/6/3 5095/6/3 5094/6/3
f 5103/6/3 5095/6/3 5102/6/3
f 5104/5/3 5097/5/3 5096/5/3
f 5105/5/3 5097/5/3 5104/5/3
f 5106/3/3 5099/3/3 5098/3/3
f 5107/3/3 5099/3/3 5106/3/3
f 5108/1/3 5101/1/3 5100/1/3
f 5108/1/3 5102/1/3 5101/1/3
f 5109/1/3 5102/1/3 5108/1/3
f 5110/1/3 5102/1/3 5109/1/3
f 5112/2/3 5107/2/3 5106/2/3
f 5113/2/3 5107/2/3 5112/2/3
f 5115/5/3 5110/5/3 5109/5/3
f 5116/4/3 5111/4/3 5110/4/3
f 5116/5/3 5110/5/3 5115/5/3
f 5117/4/3 5111/4/3 5116/4/3
f 5119/3/3 5114/3/3 5113/3/3
f 5120/3/3 5114/3/3 5119/3/3
f 5122/4/3 5119/4/3 5118/4/3
f 5123/2/3 5120/2/3 5119/2/3
f 5123/4/3 5119/4/3 5122/4/3
f 5124/2/3 5120/2/3 5123/2/3
f 5127/6/3 5122/6/3 5121/6/3
f 5128/2/3 5123/2/3 5122/2/3
f 5128/6/3 5122/6/3 5127/6/3
f 5129/2/3 5123/2/3 5128/2/3
f 5131/3/3 5126/3/3 5125/3/3
f 5132/3/3 5126/3/3 5131/3/3
f 5134/1/3 5129/1/3 5128/1/3
f 5135/3/3 5130/3/3 5129/3/3
f 5135/1/3 5129/1/3 5134/1/3
f 5136/3/3 5130/3/3 5135/3/3
f 5141/3/3 5134/3/3 5133/3/3
f 5142/3/3 5134/3/3 5141/3/3
f 5143/4/3 5138/4/3 5137/4/3
f 5144/4/3 5138/4/3 5143/4/3
f 5145/5/3 5140/5/3 5139/5/3
f 5146/5/3 5140/5/3 5145/5/3
f 5147/2/3 5142/2/3 5141/2/3
f 5148/2/3 5142/2/3 5147/2/3
f 5149/3/3 5148/3/3 5147/3/3
f 5150/3/3 5148/3/3 5149/3/3
f 5153/4/3 5152/4/3 5151/4/3
f 5154/4/3 5152/4/3 5153/4/3
f 5160/2/3 5156/2/3 5155/2/3
f 5161/2/3 5156/2/3 5160/2/3
f 5162/5/3 5158/5/3 5157/5/3
f 5163/5/3 5158/5/3 5162/5/3
f 5164/2/3 5160/2/3 5159/2/3
f 5165/4/3 5161/4/3 5160/4/3
f 5165/2/3 5160/2/3 5164/2/3
f 5166/4/3 5161/4/3 5165/4/3
f 5169/5/3 5167/5/3 5166/5/3
f 5170/6/3 5168/6/3 5167/6/3
f 5170/5/3 5167/5/3 5169/5/3
f 5171/6/3 5168/6/3 5170/6/3
f 5174/2/3 5170/2/3 5169/2/3
f 5175/2/3 5170/2/3 5174/2/3
f 5176/4/3 5173/4/3 5172/4/3
f 5177/4/3 5173/4/3 5176/4/3
f 5178/1/3 5177/1/3 5176/1/3
f 5179/1/3 5177/1/3 5178/1/3
f 5182/1/3 5181/1/3 5180/1/3
f 5183/1/3 5181/1/3 5182/1/3
f 5188/2/3 5183/2/3 5182/2/3
f 5189/2/3 5183/2/3 5188/2/3
f 5190/5/3 5185/5/3 5184/5/3
f 5191/5/3 5185/5/3 5190/5/3
f 5192/1/3 5187/1/3 5186/1/3
f 5193/1/3 5187/1/3 5192/1/3
f 5200/2/3 5195/2/3 5194/2/3
f 5201/2/3 5195/2/3 5200/2/3
f 5202/6/3 5197/6/3 5196/6/3
f 5205/5/3 5199/5/3 5198/5/3
f 5206/5/3 5199/5/3 5205/5/3
f 5209/6/3 5202/6/3 5196/6/3
f 5210/6/3 5202/6/3 5209/6/3
f 5211/2/3 5204/2/3 5203/2/3
f 5212/2/3 5204/2/3 5211/2/3
f 5215/6/3 5208/6/3 5207/6/3
f 5216/6/3 5208/6/3 5215/6/3
f 5219/4/3 5212/4/3 5211/4/3
f 5220/6/3 5213/6/3 5212/6/3
f 5220/4/3 5212/4/3 5219/4/3
f 5221/6/3 5213/6/3 5220/6/3
f 5222/6/3 5215/6/3 5214/6/3
f 5223/6/3 5215/6/3 5222/6/3
f 5224/4/3 5218/4/3 5217/4/3
f 5225/4/3 5218/4/3 5224/4/3
f 5229/1/3 5223/1/3 5222/1/3
f 5230/1/3 5223/1/3 5229/1/3
f 5233/1/3 5226/1/3 5225/1/3
f 5234/1/3 5226/1/3 5233/1/3
f 5235/2/3 5228/2/3 5227/2/3
f 5236/2/3 5228/2/3 5235/2/3
f 5240/4/3 5232/4/3 5231/4/3
f 5241/4/3 5232/4/3 5240/4/3
f 5244/2/3 5238/2/3 5237/2/3
f 5245/2/3 5238/2/3 5244/2/3
f 5246/6/3 5240/6/3 5239/6/3
f 5247/2/3 5241/2/3 5240/2/3
f 5247/6/3 5240/6/3 5246/6/3
f 5248/2/3 5241/2/3 5247/2/3
f 5251/1/3 5247/1/3 5246/1/3
f 5252/1/3 5247/1/3 5251/1/3
f 5253/2/3 5250/2/3 5249/2/3
f 5254/2/3 5250/2/3 5253/2/3
f 5255/6/3 5243/6/3 5242/6/3
f 5256/6/3 5243/6/3 5255/6/3
f 5261/4/3 5258/4/3 5257/4/3
f 5262/4/3 5258/4/3 5261/4/3
f 5263/5/3 5260/5/3 5259/5/3
f 5264/5/3 5260/5/3 5263/5/3
f 5265/3/3 5264/3/3 5263/3/3
f 5266/3/3 5264/3/3 5265/3/3
f 5271/2/3 5268/2/3 5267/2/3
f 5272/2/3 5268/2/3 5271/2/3
f 5274/2/3 5270/2/3 5269/2/3
f 5275/2/3 5270/2/3 5274/2/3
f 5277/6/3 5274/6/3 5273/6/3
f 5278/6/3 5274/6/3 5277/6/3
f 5279/1/3 5276/1/3 5275/1/3
f 5280/1/3 5276/1/3 5279/1/3
f 5286/3/3 5282/3/3 5281/3/3
f 5287/3/3 5282/3/3 5286/3/3
f 5289/3/3 5284/3/3 5283/3/3
f 5290/3/3 5284/3/3 5289/3/3
f 5291/3/3 5286/3/3 5285/3/3
f 5292/3/3 5286/3/3 5291/3/3
f 5295/5/3 5289/5/3 5288/5/3
f 5296/6/3 5290/6/3 5289/6/3
f 5296/5/3 5289/5/3 5295/5/3
f 5297/6/3 5290/6/3 5296/6/3
f 5299/5/3 5293/5/3 5292/5/3
f 5300/1/3 5294/1/3 5293/1/3
f 5300/5/3 5293/5/3 5299/5/3
f 5301/1/3 5294/1/3 5300/1/3
f 5303/1/3 5297/1/3 5296/1/3
f 5304/1/3 5297/1/3 5303/1/3
f 5305/2/3 5299/2/3 5298/2/3
f 5306/2/3 5299/2/3 5305/2/3
f 5307/4/3 5303/4/3 5302/4/3
f 5308/4/3 5303/4/3 5307/4/3
f 5310/6/3 5306/6/3 5305/6/3
f 5311/6/3 5306/6/3 5310/6/3
f 5312/4/3 5309/4/3 5308/4/3
f 5313/4/3 5309/4/3 5312/4/3
f 5314/2/3 5313/2/3 5312/2/3
f 5315/2/3 5313/2/3 5314/2/3
f 5323/4/3 5317/4/3 5316/4/3
f 5324/4/3 5317/4/3 5323/4/3
f 5325/4/3 5319/4/3 5318/4/3
f 5326/4/3 5319/4/3 5325/4/3
f 5327/5/3 5321/5/3 5320/5/3
f 5328/5/3 5321/5/3 5327/5/3
f 5329/5/3 5323/5/3 5322/5/3
f 5330/5/3 5323/5/3 5329/5/3
f 5337/2/3 5330/2/3 5329/2/3
f 5338/6/3 5331/6/3 5330/6/3
f 5338/2/3 5330/2/3 5337/2/3
f 5339/6/3 5331/6/3 5338/6/3
f 5340/2/3 5333/2/3 5332/2/3
f 5341/2/3 5333/2/3 5340/2/3
f 5342/6/3 5335/6/3 5334/6/3
f 5343/6/3 5335/6/3 5342/6/3
f 5344/2/3 5337/2/3 5336/2/3
f 5345/2/3 5337/2/3 5344/2/3
f 5346/6/3 5339/6/3 5338/6/3
f 5347/6/3 5339/6/3 5346/6/3
f 5348/1/3 5341/1/3 5340/1/3
f 5349/1/3 5341/1/3 5348/1/3
f 5350/6/3 5344/6/3 5343/6/3
f 5351/6/3 5344/6/3 5350/6/3
f 5352/2/3 5346/2/3 5345/2/3
f 5353/2/3 5346/2/3 5352/2/3
f 5354/6/3 5348/6/3 5347/6/3
f 5355/6/3 5348/6/3 5354/6/3
f 5361/3/3 5355/3/3 5354/3/3
f 5362/3/3 5355/3/3 5361/3/3
f 5363/4/3 5357/4/3 5356/4/3
f 5363/4/3 5358/4/3 5357/4/3
f 5364/4/3 5358/4/3 5363/4/3
f 5365/4/3 5358/4/3 5364/4/3
f 5366/5/3 5360/5/3 5359/5/3
f 5367/5/3 5360/5/3 5366/5/3
f 5368/5/3 5362/5/3 5361/5/3
f 5369/5/3 5362/5/3 5368/5/3
f 5375/6/3 5371/6/3 5370/6/3
f 5376/6/3 5371/6/3 5375/6/3
f 5377/5/3 5373/5/3 5372/5/3
f 5378/4/3 5374/4/3 5373/4/3
f 5378/5/3 5373/5/3 5377/5/3
f 5379/4/3 5374/4/3 5378/4/3
f 5381/6/3 5376/6/3 5375/6/3
f 5382/6/3 5376/6/3 5381/6/3
f 5383/6/3 5381/6/3 5380/6/3
f 5384/6/3 5381/6/3 5383/6/3
f 5385/1/3 5384/1/3 5383/1/3
f 5386/1/3 5384/1/3 5385/1/3
f 5393/4/3 5388/4/3 5387/4/3
f 5394/3/3 5389/3/3 5388/3/3
f 5394/4/3 5388/4/3 5393/4/3
f 5395/3/3 5389/3/3 5394/3/3
f 5397/3/3 5391/3/3 5390/3/3
f 5398/1/3 5393/1/3 5392/1/3
f 5398/1/3 5394/1/3 5393/1/3
f 5399/1/3 5394/1/3 5398/1/3
f 5400/2/3 5395/2/3 5394/2/3
f 5400/1/3 5394/1/3 5399/1/3
f 5401/2/3 5395/2/3 5400/2/3
f 5402/2/3 5397/2/3 5396/2/3
f 5403/3/3 5391/3/3 5397/3/3
f 5403/2/3 5397/2/3 5402/2/3
f 5404/3/3 5391/3/3 5403/3/3
f 5405/2/3 5399/2/3 5398/2/3
f 5406/6/3 5400/6/3 5399/6/3
f 5406/2/3 5399/2/3 5405/2/3
f 5407/6/3 5400/6/3 5406/6/3
f 5408/4/3 5402/4/3 5401/4/3
f 5409/4/3 5402/4/3 5408/4/3
f 5410/6/3 5404/6/3 5403/6/3
f 5411/6/3 5404/6/3 5410/6/3
f 5413/3/3 5406/3/3 5405/3/3
f 5414/5/3 5407/5/3 5406/5/3
f 5414/3/3 5406/3/3 5413/3/3
f 5415/5/3 5407/5/3 5414/5/3
f 5416/6/3 5409/6/3 5408/6/3
f 5417/6/3 5409/6/3 5416/6/3
f 5418/4/3 5411/4/3 5410/4/3
f 5418/4/3 5412/4/3 5411/4/3
f 5419/4/3 5412/4/3 5418/4/3
f 5420/4/3 5412/4/3 5419/4/3
f 5421/5/3 5414/5/3 5413/5/3
f 5422/5/3 5414/5/3 5421/5/3
f 5424/6/3 5419/6/3 5418/6/3
f 5425/6/3 5419/6/3 5424/6/3
f 5427/3/3 5424/3/3 5423/3/3
f 5428/3/3 5424/3/3 5427/3/3
f 5430/4/3 5427/4/3 5426/4/3
f 5431/4/3 5427/4/3 5430/4/3
f 5432/5/3 5429/5/3 5428/5/3
f 5433/5/3 5429/5/3 5432/5/3
f 5437/3/3 5433/3/3 5432/3/3
f 5438/3/3 5433/3/3 5437/3/3
f 5443/6/3 5435/6/3 5434/6/3
f 5444/2/3 5436/2/3 5435/2/3
f 5444/6/3 5435/6/3 5443/6/3
f 5445/2/3 5436/2/3 5444/2/3
f 5447/4/3 5439/4/3 5438/4/3
f 5447/4/3 5440/4/3 5439/4/3
f 5448/4/3 5440/4/3 5447/4/3
f 5449/4/3 5440/4/3 5448/4/3
f 5450/3/3 5442/3/3 5441/3/3
f 5451/3/3 5442/3/3 5450/3/3
f 5452/1/3 5446/1/3 5445/1/3
f 5453/1/3 5446/1/3 5452/1/3
f 5456/2/3 5450/2/3 5449/2/3
f 5457/2/3 5450/2/3 5456/2/3
f 5458/1/3 5454/1/3 5453/1/3
f 5459/3/3 5455/3/3 5454/3/3
f 5459/1/3 5454/1/3 5458/1/3
f 5460/3/3 5455/3/3 5459/3/3
f 5465/5/3 5462/5/3 5461/5/3
f 5466/5/3 5462/5/3 5465/5/3
f 5469/3/3 5464/3/3 5463/3/3
f 5470/3/3 5464/3/3 5469/3/3
f 5473/1/3 5468/1/3 5467/1/3
f 5474/1/3 5468/1/3 5473/1/3
f 5475/6/3 5472/6/3 5471/6/3
f 5476/6/3 5472/6/3 5475/6/3
f 5477/6/3 5474/6/3 5473/6/3
f 5478/6/3 5474/6/3 5477/6/3
f 5482/4/3 5478/4/3 5477/4/3
f 5483/2/3 5479/2/3 5478/2/3
f 5483/4/3 5478/4/3 5482/4/3
f 5484/2/3 5479/2/3 5483/2/3
f 5485/1/3 5481/1/3 5480/1/3
f 5486/1/3 5481/1/3 5485/1/3
f 5488/1/3 5483/1/3 5482/1/3
f 5489/1/3 5483/1/3 5488/1/3
f 5493/3/3 5488/3/3 5487/3/3
f 5494/6/3 5489/6/3 5488/6/3
f 5494/3/3 5488/3/3 5493/3/3
f 5495/6/3 5489/6/3 5494/6/3
f 5498/2/3 5491/2/3 5490/2/3
f 5499/6/3 5492/6/3 5491/6/3
f 5499/2/3 5491/2/3 5498/2/3
f 5500/3/3 5493/3/3 5492/3/3
f 5500/6/3 5492/6/3 5499/6/3
f 5501/3/3 5493/3/3 5500/3/3
f 5502/6/3 5497/6/3 5496/6/3
f 5503/3/3 5498/3/3 5497/3/3
f 5503/6/3 5497/6/3 5502/6/3
f 5504/3/3 5498/3/3 5503/3/3
f 5506/6/3 5501/6/3 5500/6/3
f 5507/6/3 5501/6/3 5506/6/3
f 5508/5/3 5503/5/3 5502/5/3
f 5509/5/3 5503/5/3 5508/5/3
f 5510/6/3 5505/6/3 5504/6/3
f 5511/6/3 5505/6/3 5510/6/3
f 5512/2/3 5507/2/3 5506/2/3
f 5513/2/3 5507/2/3 5512/2/3
f 5517/2/3 5512/2/3 5511/2/3
f 5518/5/3 5513/5/3 5512/5/3
f 5518/2/3 5512/2/3 5517/2/3
f 5519/5/3 5513/5/3 5518/5/3
f 5523/1/3 5515/1/3 5514/1/3
f 5524/6/3 5516/6/3 5515/6/3
f 5524/1/3 5515/1/3 5523/1/3
f 5525/6/3 5516/6/3 5524/6/3
f 5526/1/3 5520/1/3 5519/1/3
f 5527/3/3 5521/3/3 5520/3/3
f 5527/1/3 5520/1/3 5526/1/3
f 5528/3/3 5521/3/3 5527/3/3
f 5529/1/3 5523/1/3 5522/1/3
f 5530/3/3 5524/3/3 5523/3/3
f 5530/1/3 5523/1/3 5529/1/3
f 5531/3/3 5524/3/3 5530/3/3
f 5532/3/3 5530/3/3 5529/3/3
f 5533/3/3 5530/3/3 5532/3/3
f 5538/5/3 5535/5/3 5534/5/3
f 5539/5/3 5535/5/3 5538/5/3
f 5540/3/3 5537/3/3 5536/3/3
f 5541/3/3 5537/3/3 5540/3/3
f 5544/1/3 5543/1/3 5542/1/3
f 5545/1/3 5543/1/3 5544/1/3
f 5551/4/3 5547/4/3 5546/4/3
f 5552/3/3 5548/3/3 5547/3/3
f 5552/3/3 5549/3/3 5548/3/3
f 5552/4/3 5547/4/3 5551/4/3
f 5553/3/3 5549/3/3 5552/3/3
f 5554/3/3 5549/3/3 5553/3/3
f 5557/1/3 5551/1/3 5550/1/3
f 5558/1/3 5551/1/3 5557/1/3
f 5559/6/3 5553/6/3 5552/6/3
f 5560/6/3 5553/6/3 5559/6/3
f 5562/2/3 5556/2/3 5555/2/3
f 5563/2/3 5556/2/3 5562/2/3
f 5564/1/3 5562/1/3 5561/1/3
f 5565/1/3 5562/1/3 5564/1/3
f 5570/5/3 5567/5/3 5566/5/3
f 5571/5/3 5567/5/3 5570/5/3
f 5573/2/3 5569/2/3 5568/2/3
f 5574/2/3 5569/2/3 5573/2/3
f 5576/2/3 5572/2/3 5571/2/3
f 5577/2/3 5572/2/3 5576/2/3
f 5580/5/3 5576/5/3 5575/5/3
f 5581/5/3 5576/5/3 5580/5/3
f 5582/1/3 5579/1/3 5578/1/3
f 5583/1/3 5579/1/3 5582/1/3
f 5585/5/3 5583/5/3 5582/5/3
f 5586/3/3 5584/3/3 5583/3/3
f 5586/5/3 5583/5/3 5585/5/3
f 5587/3/3 5584/3/3 5586/3/3
f 5592/1/3 5588/1/3 5587/1/3
f 5593/1/3 5588/1/3 5592/1/3
f 5596/3/3 5590/3/3 5589/3/3
f 5597/3/3 5590/3/3 5596/3/3
f 5598/2/3 5592/2/3 5591/2/3
f 5599/2/3 5592/2/3 5598/2/3
f 5600/4/3 5595/4/3 5594/4/3
f 5601/6/3 5596/6/3 5595/6/3
f 5601/4/3 5595/4/3 5600/4/3
f 5602/6/3 5596/6/3 5601/6/3
f 5609/2/3 5604/2/3 5603/2/3
f 5610/2/3 5604/2/3 5609/2/3
f 5611/5/3 5606/5/3 5605/5/3
f 5612/5/3 5606/5/3 5611/5/3
f 5613/3/3 5608/3/3 5607/3/3
f 5614/3/3 5608/3/3 5613/3/3
f 5615/6/3 5614/6/3 5613/6/3
f 5616/6/3 5614/6/3 5615/6/3
f 5622/6/3 5618/6/3 5617/6/3
f 5623/6/3 5618/6/3 5622/6/3
f 5627/4/3 5620/4/3 5619/4/3
f 5628/3/3 5621/3/3 5620/3/3
f 5628/4/3 5620/4/3 5627/4/3
f 5629/1/3 5622/1/3 5621/1/3
f 5629/3/3 5621/3/3 5628/3/3
f 5630/1/3 5622/1/3 5629/1/3
f 5635/5/3 5625/5/3 5624/5/3
f 5636/6/3 5626/6/3 5625/6/3
f 5636/5/3 5625/5/3 5635/5/3
f 5637/6/3 5626/6/3 5636/6/3
f 5641/4/3 5631/4/3 5630/4/3
f 5642/3/3 5632/3/3 5631/3/3
f 5642/4/3 5631/4/3 5641/4/3
f 5643/3/3 5632/3/3 5642/3/3
f 5644/5/3 5634/5/3 5633/5/3
f 5645/5/3 5634/5/3 5644/5/3
f 5646/4/3 5640/4/3 5639/4/3
f 5646/4/3 5639/4/3 5638/4/3
f 5647/4/3 5640/4/3 5646/4/3
f 5648/4/3 5640/4/3 5647/4/3
f 5649/5/3 5644/5/3 5643/5/3
f 5650/5/3 5644/5/3 5649/5/3
f 5653/5/3 5648/5/3 5647/5/3
f 5654/5/3 5648/5/3 5653/5/3
f 5659/3/3 5652/3/3 5651/3/3
f 5660/3/3 5652/3/3 5659/3/3
f 5663/6/3 5656/6/3 5655/6/3
f 5664/5/3 5657/5/3 5656/5/3
f 5664/6/3 5656/6/3 5663/6/3
f 5665/5/3 5657/5/3 5664/5/3
f 5666/6/3 5659/6/3 5658/6/3
f 5667/6/3 5659/6/3 5666/6/3
f 5668/3/3 5662/3/3 5661/3/3
f 5669/5/3 5663/5/3 5662/5/3
f 5669/3/3 5662/3/3 5668/3/3
f 5670/5/3 5663/5/3 5669/5/3
f 5673/4/3 5670/4/3 5669/4/3
f 5674/4/3 5670/4/3 5673/4/3
f 5675/4/3 5672/4/3 5671/4/3
f 5676/4/3 5672/4/3 5675/4/3
f 5679/5/3 5678/5/3 5677/5/3
f 5680/5/3 5678/5/3 5679/5/3
f 5681/1/3 5680/1/3 5679/1/3
f 5682/1/3 5680/1/3 5681/1/3
f 5683/4/3 5682/4/3 5681/4/3
f 5684/4/3 5682/4/3 5683/4/3
f 5687/6/3 5686/6/3 5685/6/3
f 5688/6/3 5686/6/3 5687/6/3
f 5689/1/3 5688/1/3 5687/1/3
f 5690/1/3 5688/1/3 5689/1/3
f 5695/1/3 5692/1/3 5691/1/3
f 5696/1/3 5692/1/3 5695/1/3
f 5697/2/3 5694/2/3 5693/2/3
f 5698/2/3 5694/2/3 5697/2/3
f 5700/3/3 5696/3/3 5695/3/3
f 5701/3/3 5696/3/3 5700/3/3
f 5703/5/3 5698/5/3 5697/5/3
f 5704/5/3 5698/5/3 5703/5/3
f 5705/3/3 5700/3/3 5699/3/3
f 5706/3/3 5700/3/3 5705/3/3
f 5707/3/3 5702/3/3 5701/3/3
f 5708/3/3 5702/3/3 5707/3/3
f 5709/2/3 5706/2/3 5705/2/3
f 5710/2/3 5706/2/3 5709/2/3
f 5715/2/3 5711/2/3 5710/2/3
f 5716/2/3 5711/2/3 5715/2/3
f 5718/1/3 5713/1/3 5712/1/3
f 5719/2/3 5714/2/3 5713/2/3
f 5719/1/3 5713/1/3 5718/1/3
f 5720/2/3 5714/2/3 5719/2/3
f 5721/4/3 5717/4/3 5716/4/3
f 5722/4/3 5717/4/3 5721/4/3
f 5724/2/3 5723/2/3 5722/2/3
f 5725/2/3 5723/2/3 5724/2/3
f 5728/3/3 5727/3/3 5726/3/3
f 5729/3/3 5727/3/3 5728/3/3
f 5733/2/3 5731/2/3 5730/2/3
f 5734/4/3 5732/4/3 5731/4/3
f 5734/2/3 5731/2/3 5733/2/3
f 5735/4/3 5732/4/3 5734/4/3
f 5737/5/3 5734/5/3 5733/5/3
f 5738/5/3 5734/5/3 5737/5/3
f 5739/2/3 5736/2/3 5735/2/3
f 5740/2/3 5736/2/3 5739/2/3
f 5744/4/3 5738/4/3 5737/4/3
f 5745/4/3 5738/4/3 5744/4/3
f 5746/3/3 5740/3/3 5739/3/3
f 5747/3/3 5740/3/3 5746/3/3
f 5748/3/3 5742/3/3 5741/3/3
f 5749/1/3 5743/1/3 5742/1/3
f 5749/3/3 5742/3/3 5748/3/3
f 5750/1/3 5743/1/3 5749/1/3
f 5752/5/3 5746/5/3 5745/5/3
f 5753/5/3 5746/5/3 5752/5/3
f 5758/1/3 5751/1/3 5750/1/3
f 5759/4/3 5752/4/3 5751/4/3
f 5759/1/3 5751/1/3 5758/1/3
f 5760/4/3 5752/4/3 5759/4/3
f 5762/2/3 5755/2/3 5754/2/3
f 5763/2/3 5755/2/3 5762/2/3
f 5764/4/3 5757/4/3 5756/4/3
f 5765/4/3 5757/4/3 5764/4/3
f 5768/2/3 5761/2/3 5760/2/3
f 5769/2/3 5761/2/3 5768/2/3
f 5770/3/3 5763/3/3 5762/3/3
f 5771/3/3 5763/3/3 5770/3/3
f 5776/3/3 5767/3/3 5766/3/3
f 5777/3/3 5767/3/3 5776/3/3
f 5778/6/3 5771/6/3 5770/6/3
f 5779/6/3 5771/6/3 5778/6/3
f 5780/2/3 5773/2/3 5772/2/3
f 5781/2/3 5773/2/3 5780/2/3
f 5782/5/3 5775/5/3 5774/5/3
f 5783/5/3 5775/5/3 5782/5/3
f 5787/2/3 5783/2/3 5782/2/3
f 5788/6/3 5784/6/3 5783/6/3
f 5788/2/3 5783/2/3 5787/2/3
f 5789/6/3 5784/6/3 5788/6/3
f 5791/6/3 5786/6/3 5785/6/3
f 5792/6/3 5786/6/3 5791/6/3
f 5797/5/3 5790/5/3 5789/5/3
f 5798/5/3 5790/5/3 5797/5/3
f 5799/6/3 5794/6/3 5793/6/3
f 5800/6/3 5794/6/3 5799/6/3
f 5802/5/3 5796/5/3 5795/5/3
f 5803/5/3 5796/5/3 5802/5/3
f 5807/1/3 5802/1/3 5801/1/3
f 5808/1/3 5802/1/3 5807/1/3
f 5809/4/3 5805/4/3 5804/4/3
f 5810/4/3 5805/4/3 5809/4/3
f 5811/2/3 5807/2/3 5806/2/3
f 5812/2/3 5807/2/3 5811/2/3
f 5817/6/3 5814/6/3 5813/6/3
f 5818/6/3 5814/6/3 5817/6/3
f 5819/5/3 5816/5/3 5815/5/3
f 5820/5/3 5816/5/3 5819/5/3
f 5823/1/3 5822/1/3 5821/1/3
f 5824/1/3 5822/1/3 5823/1/3
f 5827/2/3 5824/2/3 5823/2/3
f 5828/2/3 5824/2/3 5827/2/3
f 5829/2/3 5826/2/3 5825/2/3
f 5830/2/3 5826/2/3 5829/2/3
f 5834/3/3 5832/3/3 5831/3/3
f 5835/3/3 5832/3/3 5834/3/3
f 5838/6/3 5834/6/3 5833/6/3
f 5839/6/3 5834/6/3 5838/6/3
f 5840/6/3 5837/6/3 5836/6/3
f 5841/6/3 5837/6/3 5840/6/3
f 5843/3/3 5842/3/3 5841/3/3
f 5844/3/3 5842/3/3 5843/3/3
f 5845/1/3 5844/1/3 5843/1/3
f 5846/1/3 5844/1/3 5845/1/3
f 5849/3/3 5848/3/3 5847/3/3
f 5850/3/3 5848/3/3 5849/3/3
f 5851/6/3 5850/6/3 5849/6/3
f 5854/6/3 5851/6/3 5849/6/3
f 5855/6/3 5851/6/3 5854/6/3
f 5856/2/3 5853/2/3 5852/2/3
f 5857/2/3 5853/2/3 5856/2/3
f 5861/1/3 5859/1/3 5858/1/3
f 5862/1/3 5859/1/3 5861/1/3
f 5864/3/3 5861/3/3 5860/3/3
f 5865/3/3 5861/3/3 5864/3/3
f 5866/2/3 5863/2/3 5862/2/3
f 5867/2/3 5863/2/3 5866/2/3
f 5868/6/3 5865/6/3 5864/6/3
f 5869/2/3 5866/2/3 5865/2/3
f 5869/6/3 5865/6/3 5868/6/3
f 5870/2/3 5866/2/3 5869/2/3
f 5871/4/3 5870/4/3 5869/4/3
f 5872/4/3 5870/4/3 5871/4/3
f 5877/3/3 5874/3/3 5873/3/3
f 5878/3/3 5874/3/3 5877/3/3
f 5881/1/3 5876/1/3 5875/1/3
f 5882/1/3 5876/1/3 5881/1/3
f 5883/3/3 5880/3/3 5879/3/3
f 5884/3/3 5880/3/3 5883/3/3
f 5885/6/3 5882/6/3 5881/6/3
f 5886/6/3 5882/6/3 5885/6/3
f 5891/4/3 5884/4/3 5883/4/3
f 5892/4/3 5884/4/3 5891/4/3
f 5893/6/3 5888/6/3 5887/6/3
f 5894/6/3 5888/6/3 5893/6/3
f 5895/4/3 5890/4/3 5889/4/3
f 5896/4/3 5890/4/3 5895/4/3
f 5898/1/3 5897/1/3 5896/1/3
f 5899/1/3 5897/1/3 5898/1/3
f 5902/3/3 5901/3/3 5900/3/3
f 5903/3/3 5901/3/3 5902/3/3
f 5908/2/3 5905/2/3 5904/2/3
f 5909/2/3 5905/2/3 5908/2/3
f 5912/3/3 5907/3/3 5906/3/3
f 5913/3/3 5907/3/3 5912/3/3
f 5914/6/3 5911/6/3 5910/6/3
f 5915/6/3 5911/6/3 5914/6/3
f 5919/5/3 5916/5/3 5915/5/3
f 5920/5/3 5916/5/3 5919/5/3
f 5921/2/3 5918/2/3 5917/2/3
f 5922/2/3 5918/2/3 5921/2/3
f 5923/4/3 5920/4/3 5919/4/3
f 5924/4/3 5920/4/3 5923/4/3
f 5928/6/3 5925/6/3 5924/6/3
f 5929/6/3 5925/6/3 5928/6/3
f 5931/3/3 5927/3/3 5926/3/3
f 5932/3/3 5927/3/3 5931/3/3
f 5933/6/3 5930/6/3 5929/6/3
f 5934/6/3 5930/6/3 5933/6/3
f 5943/2/3 5936/2/3 5935/2/3
f 5944/2/3 5936/2/3 5943/2/3
f 5945/1/3 5938/1/3 5937/1/3
f 5946/4/3 5939/4/3 5938/4/3
f 5946/1/3 5938/1/3 5945/1/3
f 5947/4/3 5939/4/3 5946/4/3
f 5948/1/3 5941/1/3 5940/1/3
f 5949/4/3 5942/4/3 5941/4/3
f 5949/1/3 5941/1/3 5948/1/3
f 5950/6/3 5944/6/3 5943/6/3
f 5951/5/3 5945/5/3 5944/5/3
f 5951/6/3 5944/6/3 5950/6/3
f 5952/5/3 5945/5/3 5951/5/3
f 5953/4/3 5949/4/3 5948/4/3
f 5954/4/3 5942/4/3 5949/4/3
f 5954/4/3 5949/4/3 5953/4/3
f 5963/3/3 5956/3/3 5955/3/3
f 5964/5/3 5957/5/3 5956/5/3
f 5964/3/3 5956/3/3 5963/3/3
f 5965/2/3 5958/2/3 5957/2/3
f 5965/5/3 5957/5/3 5964/5/3
f 5966/2/3 5958/2/3 5965/2/3
f 5968/3/3 5960/3/3 5959/3/3
f 5969/3/3 5960/3/3 5968/3/3
f 5971/1/3 5962/1/3 5961/1/3
f 5972/4/3 5963/4/3 5962/4/3
f 5972/1/3 5962/1/3 5971/1/3
f 5973/6/3 5964/6/3 5963/6/3
f 5973/4/3 5963/4/3 5972/4/3
f 5974/2/3 5965/2/3 5964/2/3
f 5974/6/3 5964/6/3 5973/6/3
f 5975/2/3 5965/2/3 5974/2/3
f 5976/4/3 5968/4/3 5967/4/3
f 5977/4/3 5968/4/3 5976/4/3
f 5978/6/3 5970/6/3 5969/6/3
f 5979/6/3 5970/6/3 5978/6/3
f 5980/6/3 5977/6/3 5976/6/3
f 5981/6/3 5977/6/3 5980/6/3
f 5986/6/3 5983/6/3 5982/6/3
f 5987/6/3 5983/6/3 5986/6/3
f 5990/4/3 5985/4/3 5984/4/3
f 5991/4/3 5985/4/3 5990/4/3
f 5993/5/3 5989/5/3 5988/5/3
f 5994/5/3 5989/5/3 5993/5/3
f 5995/1/3 5993/1/3 5992/1/3
f 5996/1/3 5993/1/3 5995/1/3
f 5998/2/3 5997/2/3 5996/2/3
f 5999/2/3 5997/2/3 5998/2/3
f 6001/5/3 6000/5/3 5999/5/3
f 6002/5/3 6000/5/3 6001/5/3
f 6005/3/3 6002/3/3 6001/3/3
f 6006/6/3 6003/6/3 6002/6/3
f 6006/3/3 6002/3/3 6005/3/3
f 6007/3/3 6004/3/3 6003/3/3
f 6007/6/3 6003/6/3 6006/6/3
f 6008/3/3 6004/3/3 6007/3/3
f 6009/2/3 6006/2/3 6005/2/3
f 6010/2/3 6006/2/3 6009/2/3
f 6014/5/3 6012/5/3 6011/5/3
f 6015/4/3 6013/4/3 6012/4/3
f 6015/5/3 6012/5/3 6014/5/3
f 6016/4/3 6013/4/3 6015/4/3
f 6021/4/3 6018/4/3 6017/4/3
f 6022/4/3 6018/4/3 6021/4/3
f 6023/2/3 6020/2/3 6019/2/3
f 6024/2/3 6020/2/3 6023/2/3
f 6027/1/3 6026/1/3 6025/1/3
f 6028/1/3 6026/1/3 6027/1/3
f 6029/4/3 6028/4/3 6027/4/3
f 6030/4/3 6028/4/3 6029/4/3
f 6031/5/3 6030/5/3 6029/5/3
f 6032/5/3 6030/5/3 6031/5/3
f 6035/5/3 6034/5/3 6033/5/3
f 6036/5/3 6034/5/3 6035/5/3
f 6042/3/3 6037/3/3 6036/3/3
f 6043/3/3 6037/3/3 6042/3/3
f 6046/4/3 6039/4/3 6038/4/3
f 6047/4/3 6039/4/3 6046/4/3
f 6048/2/3 6041/2/3 6040/2/3
f 6049/2/3 6041/2/3 6048/2/3
f 6051/1/3 6045/1/3 6044/1/3
f 6052/1/3 6045/1/3 6051/1/3
f 6053/3/3 6047/3/3 6046/3/3
f 6054/3/3 6047/3/3 6053/3/3
f 6057/2/3 6052/2/3 6051/2/3
f 6057/2/3 6051/2/3 6050/2/3
f 6058/2/3 6052/2/3 6057/2/3
f 6059/2/3 6052/2/3 6058/2/3
f 6060/2/3 6054/2/3 6053/2/3
f 6061/5/3 6055/5/3 6054/5/3
f 6061/2/3 6054/2/3 6060/2/3
f 6062/3/3 6056/3/3 6055/3/3
f 6062/5/3 6055/5/3 6061/5/3
f 6063/3/3 6056/3/3 6062/3/3
f 6066/4/3 6059/4/3 6058/4/3
f 6067/4/3 6059/4/3 6066/4/3
f 6070/6/3 6065/6/3 6064/6/3
f 6071/6/3 6065/6/3 6070/6/3
f 6072/6/3 6069/6/3 6068/6/3
f 6073/6/3 6069/6/3 6072/6/3
f 6075/5/3 6071/5/3 6070/5/3
f 6076/5/3 6071/5/3 6075/5/3
f 6079/3/3 6074/3/3 6073/3/3
f 6080/3/3 6074/3/3 6079/3/3
f 6081/4/3 6078/4/3 6077/4/3
f 6082/4/3 6078/4/3 6081/4/3
f 6089/5/3 6084/5/3 6083/5/3
f 6090/5/3 6084/5/3 6089/5/3
f 6092/2/3 6086/2/3 6085/2/3
f 6093/2/3 6086/2/3 6092/2/3
f 6094/5/3 6088/5/3 6087/5/3
f 6095/5/3 6088/5/3 6094/5/3
f 6097/3/3 6092/3/3 6091/3/3
f 6098/3/3 6092/3/3 6097/3/3
f 6101/2/3 6097/2/3 6096/2/3
f 6102/2/3 6097/2/3 6101/2/3
f 6103/1/3 6100/1/3 6099/1/3
f 6104/1/3 6100/1/3 6103/1/3
f 6107/6/3 6105/6/3 6104/6/3
f 6108/6/3 6105/6/3 6107/6/3
f 6110/1/3 6107/1/3 6106/1/3
f 6111/1/3 6107/1/3 6110/1/3
f 6114/4/3 6110/4/3 6109/4/3
f 6115/4/3 6110/4/3 6114/4/3
f 6117/2/3 6113/2/3 6112/2/3
f 6118/2/3 6113/2/3 6117/2/3
f 6122/1/3 6117/1/3 6116/1/3
f 6123/2/3 6118/2/3 6117/2/3
f 6123/1/3 6117/1/3 6122/1/3
f 6124/3/3 6119/3/3 6118/3/3
f 6124/2/3 6118/2/3 6123/2/3
f 6125/3/3 6119/3/3 6124/3/3
f 6126/2/3 6121/2/3 6120/2/3
f 6127/2/3 6121/2/3 6126/2/3
f 6128/4/3 6123/4/3 6122/4/3
f 6129/3/3 6125/3/3 6124/3/3
f 6129/4/3 6123/4/3 6128/4/3
f 6129/3/3 6124/3/3 6123/3/3
f 6130/3/3 6125/3/3 6129/3/3
f 6131/3/3 6125/3/3 6130/3/3
f 6134/6/3 6131/6/3 6130/6/3
f 6135/6/3 6131/6/3 6134/6/3
f 6137/2/3 6133/2/3 6132/2/3
f 6138/2/3 6133/2/3 6137/2/3
f 6139/1/3 6136/1/3 6135/1/3
f 6140/1/3 6136/1/3 6139/1/3
f 6144/5/3 6142/5/3 6141/5/3
f 6145/6/3 6143/6/3 6142/6/3
f 6145/5/3 6142/5/3 6144/5/3
f 6146/6/3 6143/6/3 6145/6/3
f 6149/3/3 6148/3/3 6147/3/3
f 6150/3/3 6148/3/3 6149/3/3
f 6152/6/3 6151/6/3 6150/6/3
f 6153/6/3 6151/6/3 6152/6/3
f 6154/2/3 6153/2/3 6152/2/3
f 6155/2/3 6153/2/3 6154/2/3
f 6160/2/3 6157/2/3 6156/2/3
f 6161/2/3 6157/2/3 6160/2/3
f 6162/3/3 6159/3/3 6158/3/3
f 6163/3/3 6159/3/3 6162/3/3
f 6164/1/3 6161/1/3 6160/1/3
f 6165/1/3 6161/1/3 6164/1/3
f 6169/5/3 6167/5/3 6166/5/3
f 6170/5/3 6167/5/3 6169/5/3
f 6171/5/3 6169/5/3 6168/5/3
f 6172/4/3 6170/4/3 6169/4/3
f 6172/5/3 6169/5/3 6171/5/3
f 6173/4/3 6170/4/3 6172/4/3
f 6174/5/3 6173/5/3 6172/5/3
f 6175/5/3 6173/5/3 6174/5/3
f 6181/3/3 6177/3/3 6176/3/3
f 6182/3/3 6177/3/3 6181/3/3
f 6183/6/3 6179/6/3 6178/6/3
f 6184/6/3 6179/6/3 6183/6/3
f 6185/3/3 6181/3/3 6180/3/3
f 6186/2/3 6182/2/3 6181/2/3
f 6186/3/3 6181/3/3 6185/3/3
f 6187/2/3 6182/2/3 6186/2/3
f 6189/6/3 6186/6/3 6185/6/3
f 6190/3/3 6187/3/3 6186/3/3
f 6190/6/3 6186/6/3 6189/6/3
f 6191/6/3 6188/6/3 6187/6/3
f 6191/3/3 6187/3/3 6190/3/3
f 6192/6/3 6188/6/3 6191/6/3
f 6197/4/3 6191/4/3 6190/4/3
f 6198/4/3 6191/4/3 6197/4/3
f 6201/3/3 6194/3/3 6193/3/3
f 6202/3/3 6194/3/3 6201/3/3
f 6203/4/3 6196/4/3 6195/4/3
f 6204/4/3 6196/4/3 6203/4/3
f 6206/2/3 6200/2/3 6199/2/3
f 6207/2/3 6200/2/3 6206/2/3
f 6208/4/3 6203/4/3 6202/4/3
f 6209/2/3 6204/2/3 6203/2/3
f 6209/4/3 6203/4/3 6208/4/3
f 6210/2/3 6204/2/3 6209/2/3
f 6213/3/3 6206/3/3 6205/3/3
f 6214/3/3 6206/3/3 6213/3/3
f 6216/3/3 6212/3/3 6211/3/3
f 6217/3/3 6212/3/3 6216/3/3
f 6220/4/3 6216/4/3 6215/4/3
f 6221/4/3 6216/4/3 6220/4/3
f 6222/5/3 6219/5/3 6218/5/3
f 6223/6/3 6220/6/3 6219/6/3
f 6223/5/3 6219/5/3 6222/5/3
f 6224/6/3 6220/6/3 6223/6/3
f 6229/5/3 6226/5/3 6225/5/3
f 6230/5/3 6226/5/3 6229/5/3
f 6233/1/3 6228/1/3 6227/1/3
f 6234/1/3 6228/1/3 6233/1/3
f 6235/4/3 6231/4/3 6230/4/3
f 6236/3/3 6232/3/3 6231/3/3
f 6236/4/3 6231/4/3 6235/4/3
f 6237/3/3 6232/3/3 6236/3/3
f 6239/1/3 6236/1/3 6235/1/3
f 6239/1/3 6237/1/3 6236/1/3
f 6240/2/3 6238/2/3 6237/2/3
f 6240/1/3 6237/1/3 6239/1/3
f 6241/2/3 6238/2/3 6240/2/3
f 6244/2/3 6243/2/3 6242/2/3
f 6248/2/3 6244/2/3 6242/2/3
f 6249/5/3 6245/5/3 6244/5/3
f 6249/2/3 6244/2/3 6248/2/3
f 6250/5/3 6245/5/3 6249/5/3
f 6251/5/3 6247/5/3 6246/5/3
f 6252/5/3 6247/5/3 6251/5/3
f 6257/3/3 6254/3/3 6253/3/3
f 6258/3/3 6254/3/3 6257/3/3
f 6259/4/3 6256/4/3 6255/4/3
f 6260/4/3 6256/4/3 6259/4/3
f 6264/3/3 6262/3/3 6261/3/3
f 6265/1/3 6263/1/3 6262/1/3
f 6265/3/3 6262/3/3 6264/3/3
f 6266/1/3 6263/1/3 6265/1/3
f 6271/4/3 6268/4/3 6267/4/3
f 6272/4/3 6268/4/3 6271/4/3
f 6274/5/3 6270/5/3 6269/5/3
f 6275/5/3 6270/5/3 6274/5/3
f 6279/5/3 6272/5/3 6271/5/3
f 6280/6/3 6273/6/3 6272/6/3
f 6280/5/3 6272/5/3 6279/5/3
f 6281/6/3 6273/6/3 6280/6/3
f 6282/6/3 6275/6/3 6274/6/3
f 6283/6/3 6275/6/3 6282/6/3
f 6285/1/3 6277/1/3 6276/1/3
f 6286/4/3 6278/4/3 6277/4/3
f 6286/1/3 6277/1/3 6285/1/3
f 6287/4/3 6278/4/3 6286/4/3
f 6288/4/3 6278/4/3 6287/4/3
f 6294/3/3 6281/3/3 6280/3/3
f 6295/1/3 6282/1/3 6281/1/3
f 6295/3/3 6281/3/3 6294/3/3
f 6296/1/3 6282/1/3 6295/1/3
f 6297/2/3 6284/2/3 6283/2/3
f 6298/2/3 6284/2/3 6297/2/3
f 6299/4/3 6287/4/3 6286/4/3
f 6300/6/3 6288/6/3 6287/6/3
f 6300/4/3 6287/4/3 6299/4/3
f 6301/6/3 6288/6/3 6300/6/3
f 6302/4/3 6290/4/3 6289/4/3
f 6303/4/3 6290/4/3 6302/4/3
f 6304/6/3 6292/6/3 6291/6/3
f 6305/6/3 6292/6/3 6304/6/3
f 6306/2/3 6294/2/3 6293/2/3
f 6307/5/3 6295/5/3 6294/5/3
f 6307/2/3 6294/2/3 6306/2/3
f 6308/5/3 6295/5/3 6307/5/3
f 6310/3/3 6298/3/3 6297/3/3
f 6311/3/3 6298/3/3 6310/3/3
f 6312/5/3 6301/5/3 6300/5/3
f 6313/5/3 6301/5/3 6312/5/3
f 6315/3/3 6308/3/3 6307/3/3
f 6316/5/3 6309/5/3 6308/5/3
f 6316/3/3 6308/3/3 6315/3/3
f 6317/5/3 6309/5/3 6316/5/3
f 6322/4/3 6314/4/3 6313/4/3
f 6323/4/3 6314/4/3 6322/4/3
f 6324/2/3 6319/2/3 6318/2/3
f 6325/2/3 6319/2/3 6324/2/3
f 6326/6/3 6321/6/3 6320/6/3
f 6327/6/3 6321/6/3 6326/6/3
f 6328/4/3 6325/4/3 6324/4/3
f 6328/4/3 6326/4/3 6325/4/3
f 6329/4/3 6326/4/3 6328/4/3
f 6330/4/3 6326/4/3 6329/4/3
f 6333/1/3 6329/1/3 6328/1/3
f 6334/2/3 6330/2/3 6329/2/3
f 6334/1/3 6329/1/3 6333/1/3
f 6335/2/3 6330/2/3 6334/2/3
f 6336/5/3 6332/5/3 6331/5/3
f 6337/5/3 6332/5/3 6336/5/3
f 6342/1/3 6335/1/3 6334/1/3
f 6343/1/3 6335/1/3 6342/1/3
f 6344/3/3 6339/3/3 6338/3/3
f 6345/3/3 6339/3/3 6344/3/3
f 6346/2/3 6341/2/3 6340/2/3
f 6347/2/3 6341/2/3 6346/2/3
f 6350/5/3 6343/5/3 6342/5/3
f 6351/5/3 6343/5/3 6350/5/3
f 6352/2/3 6347/2/3 6346/2/3
f 6353/5/3 6348/5/3 6347/5/3
f 6353/2/3 6347/2/3 6352/2/3
f 6354/5/3 6348/5/3 6353/5/3
f 6355/5/3 6350/5/3 6349/5/3
f 6356/5/3 6350/5/3 6355/5/3
f 6359/1/3 6353/1/3 6352/1/3
f 6360/1/3 6353/1/3 6359/1/3
f 6363/3/3 6358/3/3 6357/3/3
f 6364/3/3 6358/3/3 6363/3/3
f 6365/5/3 6362/5/3 6361/5/3
f 6366/5/3 6362/5/3 6365/5/3
f 6369/4/3 6368/4/3 6367/4/3
f 6370/4/3 6368/4/3 6369/4/3
f 6373/5/3 6372/5/3 6371/5/3
f 6374/5/3 6372/5/3 6373/5/3
f 6376/1/3 6375/1/3 6374/1/3
f 6377/1/3 6375/1/3 6376/1/3
f 6380/5/3 6379/5/3 6378/5/3
f 6381/5/3 6379/5/3 6380/5/3
f 6386/4/3 6383/4/3 6382/4/3
f 6387/4/3 6383/4/3 6386/4/3
f 6388/6/3 6385/6/3 6384/6/3
f 6389/6/3 6385/6/3 6388/6/3
f 6392/2/3 6391/2/3 6390/2/3
f 6393/2/3 6391/2/3 6392/2/3
f 6397/1/3 6393/1/3 6392/1/3
f 6398/1/3 6393/1/3 6397/1/3
f 6399/3/3 6395/3/3 6394/3/3
f 6400/2/3 6396/2/3 6395/2/3
f 6400/3/3 6395/3/3 6399/3/3
f 6401/2/3 6396/2/3 6400/2/3
f 6405/4/3 6400/4/3 6399/4/3
f 6406/3/3 6401/3/3 6400/3/3
f 6406/4/3 6400/4/3 6405/4/3
f 6407/3/3 6401/3/3 6406/3/3
f 6409/6/3 6404/6/3 6403/6/3
f 6409/6/3 6403/6/3 6402/6/3
f 6410/6/3 6404/6/3 6409/6/3
f 6411/2/3 6405/2/3 6404/2/3
f 6411/6/3 6404/6/3 6410/6/3
f 6412/2/3 6405/2/3 6411/2/3
f 6414/2/3 6409/2/3 6408/2/3
f 6415/2/3 6409/2/3 6414/2/3
f 6419/4/3 6414/4/3 6413/4/3
f 6420/4/3 6414/4/3 6419/4/3
f 6421/5/3 6417/5/3 6416/5/3
f 6422/6/3 6418/6/3 6417/6/3
f 6422/5/3 6417/5/3 6421/5/3
f 6423/6/3 6418/6/3 6422/6/3
f 6424/6/3 6420/6/3 6419/6/3
f 6425/6/3 6420/6/3 6424/6/3
f 6427/5/3 6425/5/3 6424/5/3
f 6427/6/3 6426/6/3 6425/6/3
f 6428/6/3 6426/6/3 6427/6/3
f 6435/5/3 6427/5/3 6424/5/3
f 6436/5/3 6427/5/3 6435/5/3
f 6438/3/3 6430/3/3 6429/3/3
f 6438/3/3 6431/3/3 6430/3/3
f 6439/3/3 6431/3/3 6438/3/3
f 6440/3/3 6431/3/3 6439/3/3
f 6442/3/3 6433/3/3 6432/3/3
f 6443/1/3 6434/1/3 6433/1/3
f 6443/3/3 6433/3/3 6442/3/3
f 6444/1/3 6434/1/3 6443/1/3
f 6445/3/3 6436/3/3 6435/3/3
f 6446/1/3 6437/1/3 6436/1/3
f 6446/3/3 6436/3/3 6445/3/3
f 6447/1/3 6437/1/3 6446/1/3
f 6450/1/3 6441/1/3 6440/1/3
f 6451/1/3 6441/1/3 6450/1/3
f 6453/2/3 6446/2/3 6445/2/3
f 6454/3/3 6447/3/3 6446/3/3
f 6454/2/3 6446/2/3 6453/2/3
f 6455/1/3 6448/1/3 6447/1/3
f 6455/3/3 6447/3/3 6454/3/3
f 6456/4/3 6449/4/3 6448/4/3
f 6456/1/3 6448/1/3 6455/1/3
f 6457/4/3 6449/4/3 6456/4/3
f 6459/2/3 6452/2/3 6451/2/3
f 6460/2/3 6452/2/3 6459/2/3
f 6461/3/3 6454/3/3 6453/3/3
f 6462/3/3 6454/3/3 6461/3/3
f 6463/2/3 6456/2/3 6455/2/3
f 6464/2/3 6456/2/3 6463/2/3
f 6465/5/3 6458/5/3 6457/5/3
f 6466/5/3 6458/5/3 6465/5/3
f 6469/2/3 6465/2/3 6464/2/3
f 6470/2/3 6465/2/3 6469/2/3
f 6471/5/3 6468/5/3 6467/5/3
f 6472/5/3 6468/5/3 6471/5/3
f 6475/4/3 6470/4/3 6469/4/3
f 6476/4/3 6470/4/3 6475/4/3
f 6479/5/3 6474/5/3 6473/5/3
f 6480/6/3 6476/6/3 6475/6/3
f 6481/6/3 6476/6/3 6480/6/3
f 6482/4/3 6478/4/3 6477/4/3
f 6483/4/3 6478/4/3 6482/4/3
f 6486/5/3 6474/5/3 6479/5/3
f 6487/5/3 6474/5/3 6486/5/3
f 6490/6/3 6484/6/3 6483/6/3
f 6491/5/3 6485/5/3 6484/5/3
f 6491/6/3 6484/6/3 6490/6/3
f 6492/5/3 6485/5/3 6491/5/3
f 6494/3/3 6489/3/3 6488/3/3
f 6495/3/3 6489/3/3 6494/3/3
f 6496/2/3 6491/2/3 6490/2/3
f 6497/2/3 6491/2/3 6496/2/3
f 6498/1/3 6494/1/3 6493/1/3
f 6499/1/3 6494/1/3 6498/1/3
f 6502/2/3 6499/2/3 6498/2/3
f 6503/2/3 6499/2/3 6502/2/3
f 6507/6/3 6501/6/3 6500/6/3
f 6508/1/3 6502/1/3 6501/1/3
f 6508/6/3 6501/6/3 6507/6/3
f 6509/1/3 6502/1/3 6508/1/3
f 6510/3/3 6504/3/3 6503/3/3
f 6511/2/3 6505/2/3 6504/2/3
f 6511/3/3 6504/3/3 6510/3/3
f 6512/6/3 6506/6/3 6505/6/3
f 6512/2/3 6505/2/3 6511/2/3
f 6513/6/3 6506/6/3 6512/6/3
f 6514/4/3 6508/4/3 6507/4/3
f 6515/4/3 6508/4/3 6514/4/3
f 6518/4/3 6512/4/3 6511/4/3
f 6519/4/3 6512/4/3 6518/4/3
f 6522/6/3 6517/6/3 6516/6/3
f 6523/6/3 6517/6/3 6522/6/3
f 6524/3/3 6521/3/3 6520/3/3
f 6525/3/3 6521/3/3 6524/3/3
f 6527/1/3 6526/1/3 6525/1/3
f 6528/1/3 6526/1/3 6527/1/3
f 6532/1/3 6530/1/3 6529/1/3
f 6533/1/3 6530/1/3 6532/1/3
f 6534/6/3 6532/6/3 6531/6/3
f 6535/6/3 6532/6/3 6534/6/3
f 6542/5/3 6537/5/3 6536/5/3
f 6543/5/3 6537/5/3 6542/5/3
f 6544/1/3 6539/1/3 6538/1/3
f 6545/1/3 6539/1/3 6544/1/3
f 6546/5/3 6541/5/3 6540/5/3
f 6547/5/3 6541/5/3 6546/5/3
f 6551/3/3 6545/3/3 6544/3/3
f 6551/3/3 6546/3/3 6545/3/3
f 6552/3/3 6546/3/3 6551/3/3
f 6553/3/3 6546/3/3 6552/3/3
f 6554/3/3 6549/3/3 6548/3/3
f 6555/3/3 6549/3/3 6554/3/3
f 6556/4/3 6551/4/3 6550/4/3
f 6557/4/3 6551/4/3 6556/4/3
f 6563/6/3 6559/6/3 6558/6/3
f 6564/6/3 6559/6/3 6563/6/3
f 6565/6/3 6561/6/3 6560/6/3
f 6566/6/3 6561/6/3 6565/6/3
f 6567/2/3 6563/2/3 6562/2/3
f 6568/2/3 6563/2/3 6567/2/3
f 6571/2/3 6570/2/3 6569/2/3
f 6572/2/3 6570/2/3 6571/2/3
f 6576/6/3 6572/6/3 6571/6/3
f 6577/3/3 6573/3/3 6572/3/3
f 6577/6/3 6572/6/3 6576/6/3
f 6578/3/3 6573/3/3 6577/3/3
f 6580/6/3 6575/6/3 6574/6/3
f 6581/6/3 6575/6/3 6580/6/3
f 6584/6/3 6579/6/3 6578/6/3
f 6585/6/3 6579/6/3 6584/6/3
f 6589/3/3 6583/3/3 6582/3/3
f 6590/3/3 6583/3/3 6589/3/3
f 6592/3/3 6586/3/3 6585/3/3
f 6593/5/3 6587/5/3 6586/5/3
f 6593/3/3 6586/3/3 6592/3/3
f 6594/2/3 6588/2/3 6587/2/3
f 6594/5/3 6587/5/3 6593/5/3
f 6595/2/3 6588/2/3 6594/2/3
f 6596/3/3 6591/3/3 6590/3/3
f 6597/3/3 6591/3/3 6596/3/3
f 6604/3/3 6599/3/3 6598/3/3
f 6605/3/3 6599/3/3 6604/3/3
f 6606/4/3 6601/4/3 6600/4/3
f 6607/4/3 6601/4/3 6606/4/3
f 6608/4/3 6603/4/3 6602/4/3
f 6609/4/3 6603/4/3 6608/4/3
f 6614/1/3 6611/1/3 6610/1/3
f 6615/1/3 6611/1/3 6614/1/3
f 6616/5/3 6613/5/3 6612/5/3
f 6617/5/3 6613/5/3 6616/5/3
f 6618/6/3 6617/6/3 6616/6/3
f 6619/6/3 6617/6/3 6618/6/3
f 6624/6/3 6620/6/3 6619/6/3
f 6625/6/3 6620/6/3 6624/6/3
f 6626/5/3 6622/5/3 6621/5/3
f 6627/4/3 6623/4/3 6622/4/3
f 6627/5/3 6622/5/3 6626/5/3
f 6628/4/3 6623/4/3 6627/4/3
f 6629/6/3 6626/6/3 6625/6/3
f 6630/6/3 6626/6/3 6629/6/3
f 6633/1/3 6632/1/3 6631/1/3
f 6634/1/3 6632/1/3 6633/1/3
f 6640/5/3 6636/5/3 6635/5/3
f 6641/5/3 6636/5/3 6640/5/3
f 6642/1/3 6638/1/3 6637/1/3
f 6643/4/3 6639/4/3 6638/4/3
f 6643/1/3 6638/1/3 6642/1/3
f 6644/4/3 6639/4/3 6643/4/3
f 6645/1/3 6643/1/3 6642/1/3
f 6646/1/3 6643/1/3 6645/1/3
f 6649/6/3 6648/6/3 6647/6/3
f 6650/6/3 6648/6/3 6649/6/3
f 6653/5/3 6652/5/3 6651/5/3
f 6654/5/3 6652/5/3 6653/5/3
f 6659/3/3 6656/3/3 6655/3/3
f 6659/3/3 6657/3/3 6656/3/3
f 6660/3/3 6657/3/3 6659/3/3
f 6661/1/3 6658/1/3 6657/1/3
f 6661/3/3 6657/3/3 6660/3/3
f 6662/1/3 6658/1/3 6661/1/3
f 6667/1/3 6660/1/3 6659/1/3
f 6668/1/3 6660/1/3 6667/1/3
f 6669/5/3 6664/5/3 6663/5/3
f 6670/5/3 6664/5/3 6669/5/3
f 6671/6/3 6666/6/3 6665/6/3
f 6672/6/3 6666/6/3 6671/6/3
f 6675/5/3 6674/5/3 6673/5/3
f 6676/5/3 6674/5/3 6675/5/3
f 6678/2/3 6676/2/3 6675/2/3
f 6679/4/3 6677/4/3 6676/4/3
f 6679/2/3 6676/2/3 6678/2/3
f 6680/4/3 6677/4/3 6679/4/3
f 6684/6/3 6681/6/3 6680/6/3
f 6685/6/3 6681/6/3 6684/6/3
f 6687/1/3 6683/1/3 6682/1/3
f 6688/1/3 6683/1/3 6687/1/3
f 6691/5/3 6686/5/3 6685/5/3
f 6692/5/3 6686/5/3 6691/5/3
f 6693/4/3 6688/4/3 6687/4/3
f 6694/4/3 6688/4/3 6693/4/3
f 6695/1/3 6690/1/3 6689/1/3
f 6696/1/3 6690/1/3 6695/1/3
f 6701/6/3 6697/6/3 6696/6/3
f 6702/6/3 6697/6/3 6701/6/3
f 6703/4/3 6699/4/3 6698/4/3
f 6704/4/3 6699/4/3 6703/4/3
f 6705/6/3 6700/6/3 6699/6/3
f 6705/4/3 6699/4/3 6704/4/3
f 6706/6/3 6700/6/3 6705/6/3
f 6709/6/3 6705/6/3 6704/6/3
f 6710/6/3 6705/6/3 6709/6/3
f 6712/6/3 6708/6/3 6707/6/3
f 6713/6/3 6708/6/3 6712/6/3
f 6715/1/3 6710/1/3 6709/1/3
f 6716/1/3 6710/1/3 6715/1/3
f 6717/6/3 6712/6/3 6711/6/3
f 6718/6/3 6712/6/3 6717/6/3
f 6719/2/3 6714/2/3 6713/2/3
f 6720/2/3 6714/2/3 6719/2/3
f 6721/5/3 6718/5/3 6717/5/3
f 6722/5/3 6718/5/3 6721/5/3
f 6725/5/3 6723/5/3 6722/5/3
f 6726/5/3 6723/5/3 6725/5/3
f 6727/2/3 6725/2/3 6724/2/3
f 6728/2/3 6725/2/3 6727/2/3
f 6734/5/3 6730/5/3 6729/5/3
f 6735/5/3 6730/5/3 6734/5/3
f 6736/4/3 6732/4/3 6731/4/3
f 6737/4/3 6732/4/3 6736/4/3
f 6738/4/3 6734/4/3 6733/4/3
f 6739/4/3 6734/4/3 6738/4/3
f 6740/4/3 6738/4/3 6737/4/3
f 6741/6/3 6739/6/3 6738/6/3
f 6741/4/3 6738/4/3 6740/4/3
f 6742/6/3 6739/6/3 6741/6/3
f 6745/5/3 6744/5/3 6743/5/3
f 6746/5/3 6744/5/3 6745/5/3
f 6750/4/3 6747/4/3 6746/4/3
f 6750/4/3 6748/4/3 6747/4/3
f 6751/4/3 6748/4/3 6750/4/3
f 6752/6/3 6749/6/3 6748/6/3
f 6752/4/3 6748/4/3 6751/4/3
f 6753/6/3 6749/6/3 6752/6/3
f 6756/6/3 6752/6/3 6751/6/3
f 6757/6/3 6752/6/3 6756/6/3
f 6759/5/3 6755/5/3 6754/5/3
f 6760/5/3 6755/5/3 6759/5/3
f 6761/4/3 6758/4/3 6757/4/3
f 6762/4/3 6758/4/3 6761/4/3
f 6766/4/3 6763/4/3 6762/4/3
f 6767/4/3 6763/4/3 6766/4/3
f 6768/2/3 6765/2/3 6764/2/3
f 6769/2/3 6765/2/3 6768/2/3
f 6775/6/3 6770/6/3 6769/6/3
f 6776/6/3 6770/6/3 6775/6/3
f 6777/3/3 6772/3/3 6771/3/3
f 6778/3/3 6772/3/3 6777/3/3
f 6779/2/3 6774/2/3 6773/2/3
f 6780/2/3 6774/2/3 6779/2/3
f 6785/3/3 6781/3/3 6780/3/3
f 6786/3/3 6781/3/3 6785/3/3
f 6788/6/3 6783/6/3 6782/6/3
f 6789/6/3 6783/6/3 6788/6/3
f 6795/1/3 6786/1/3 6785/1/3
f 6795/1/3 6785/1/3 6784/1/3
f 6796/1/3 6786/1/3 6795/1/3
f 6797/1/3 6786/1/3 6796/1/3
f 6798/5/3 6788/5/3 6787/5/3
f 6799/5/3 6788/5/3 6798/5/3
f 6801/3/3 6791/3/3 6790/3/3
f 6802/2/3 6792/2/3 6791/2/3
f 6802/3/3 6791/3/3 6801/3/3
f 6803/2/3 6792/2/3 6802/2/3
f 6804/6/3 6794/6/3 6793/6/3
f 6804/6/3 6795/6/3 6794/6/3
f 6805/6/3 6795/6/3 6804/6/3
f 6806/6/3 6795/6/3 6805/6/3
f 6807/1/3 6800/1/3 6799/1/3
f 6808/1/3 6800/1/3 6807/1/3
f 6809/4/3 6802/4/3 6801/4/3
f 6810/2/3 6803/2/3 6802/2/3
f 6810/4/3 6802/4/3 6809/4/3
f 6811/2/3 6803/2/3 6810/2/3
f 6814/1/3 6806/1/3 6805/1/3
f 6815/1/3 6806/1/3 6814/1/3
f 6819/4/3 6813/4/3 6812/4/3
f 6820/4/3 6813/4/3 6819/4/3
f 6821/6/3 6816/6/3 6815/6/3
f 6822/6/3 6816/6/3 6821/6/3
f 6823/4/3 6818/4/3 6817/4/3
f 6824/4/3 6818/4/3 6823/4/3
f 6831/5/3 6826/5/3 6825/5/3
f 6832/5/3 6826/5/3 6831/5/3
f 6833/1/3 6828/1/3 6827/1/3
f 6834/1/3 6828/1/3 6833/1/3
f 6835/1/3 6830/1/3 6829/1/3
f 6836/1/3 6830/1/3 6835/1/3
f 6843/4/3 6838/4/3 6837/4/3
f 6844/3/3 6839/3/3 6838/3/3
f 6844/4/3 6838/4/3 6843/4/3
f 6845/3/3 6839/3/3 6844/3/3
f 6846/3/3 6841/3/3 6840/3/3
f 6847/3/3 6841/3/3 6846/3/3
f 6848/4/3 6843/4/3 6842/4/3
f 6849/4/3 6843/4/3 6848/4/3
f 6850/6/3 6845/6/3 6844/6/3
f 6851/6/3 6845/6/3 6850/6/3
f 6852/2/3 6850/2/3 6849/2/3
f 6853/2/3 6850/2/3 6852/2/3
f 6856/6/3 6855/6/3 6854/6/3
f 6857/6/3 6855/6/3 6856/6/3
f 6860/1/3 6859/1/3 6858/1/3
f 6861/1/3 6859/1/3 6860/1/3
f 6866/3/3 6861/3/3 6860/3/3
f 6867/5/3 6862/5/3 6861/5/3
f 6867/3/3 6861/3/3 6866/3/3
f 6868/2/3 6863/2/3 6862/2/3
f 6868/5/3 6862/5/3 6867/5/3
f 6869/2/3 6863/2/3 6868/2/3
f 6870/6/3 6865/6/3 6864/6/3
f 6871/6/3 6865/6/3 6870/6/3
f 6875/4/3 6871/4/3 6870/4/3
f 6876/1/3 6872/1/3 6871/1/3
f 6876/4/3 6871/4/3 6875/4/3
f 6877/1/3 6872/1/3 6876/1/3
f 6878/2/3 6874/2/3 6873/2/3
f 6879/2/3 6874/2/3 6878/2/3
f 6882/3/3 6881/3/3 6880/3/3
f 6883/3/3 6881/3/3 6882/3/3
f 6886/6/3 6884/6/3 6883/6/3
f 6887/3/3 6885/3/3 6884/3/3
f 6887/6/3 6884/6/3 6886/6/3
f 6888/3/3 6885/3/3 6887/3/3
f 6895/6/3 6890/6/3 6889/6/3
f 6896/6/3 6890/6/3 6895/6/3
f 6897/2/3 6892/2/3 6891/2/3
f 6898/2/3 6892/2/3 6897/2/3
f 6900/5/3 6894/5/3 6893/5/3
f 6901/5/3 6894/5/3 6900/5/3
f 6902/2/3 6896/2/3 6895/2/3
f 6903/2/3 6896/2/3 6902/2/3
f 6904/6/3 6898/6/3 6897/6/3
f 6905/6/3 6898/6/3 6904/6/3
f 6906/2/3 6900/2/3 6899/2/3
f 6907/2/3 6900/2/3 6906/2/3
f 6908/2/3 6902/2/3 6901/2/3
f 6909/2/3 6902/2/3 6908/2/3
f 6912/3/3 6907/3/3 6906/3/3
f 6913/3/3 6907/3/3 6912/3/3
f 6917/1/3 6911/1/3 6910/1/3
f 6918/1/3 6911/1/3 6917/1/3
f 6920/1/3 6914/1/3 6913/1/3
f 6921/3/3 6915/3/3 6914/3/3
f 6921/1/3 6914/1/3 6920/1/3
f 6922/5/3 6916/5/3 6915/5/3
f 6922/3/3 6915/3/3 6921/3/3
f 6923/5/3 6916/5/3 6922/5/3
f 6924/5/3 6919/5/3 6918/5/3
f 6925/5/3 6919/5/3 6924/5/3
f 6927/1/3 6922/1/3 6921/1/3
f 6928/2/3 6923/2/3 6922/2/3
f 6928/1/3 6922/1/3 6927/1/3
f 6929/2/3 6923/2/3 6928/2/3
f 6932/4/3 6926/4/3 6925/4/3
f 6933/4/3 6926/4/3 6932/4/3
f 6934/1/3 6928/1/3 6927/1/3
f 6935/1/3 6928/1/3 6934/1/3
f 6936/2/3 6931/2/3 6930/2/3
f 6937/2/3 6931/2/3 6936/2/3
f 6941/6/3 6939/6/3 6938/6/3
f 6942/5/3 6940/5/3 6939/5/3
f 6942/6/3 6939/6/3 6941/6/3
f 6943/5/3 6940/5/3 6942/5/3
f 6944/3/3 6942/3/3 6941/3/3
f 6945/3/3 6942/3/3 6944/3/3
f 6948/2/3 6947/2/3 6946/2/3
f 6949/2/3 6947/2/3 6948/2/3
f 6950/4/3 6949/4/3 6948/4/3
f 6951/4/3 6949/4/3 6950/4/3
f 6957/1/3 6953/1/3 6952/1/3
f 6958/1/3 6953/1/3 6957/1/3
f 6959/1/3 6955/1/3 6954/1/3
f 6960/3/3 6956/3/3 6955/3/3
f 6960/1/3 6955/1/3 6959/1/3
f 6961/3/3 6956/3/3 6960/3/3
f 6962/2/3 6958/2/3 6957/2/3
f 6963/2/3 6958/2/3 6962/2/3
f 6967/6/3 6964/6/3 6963/6/3
f 6968/1/3 6965/1/3 6964/1/3
f 6968/6/3 6964/6/3 6967/6/3
f 6969/2/3 6966/2/3 6965/2/3
f 6969/1/3 6965/1/3 6968/1/3
f 6970/2/3 6966/2/3 6969/2/3
f 6971/6/3 6969/6/3 6968/6/3
f 6972/6/3 6969/6/3 6971/6/3
f 6975/3/3 6974/3/3 6973/3/3
f 6976/3/3 6974/3/3 6975/3/3
f 6977/3/3 6974/3/3 6976/3/3
f 6980/5/3 6979/5/3 6978/5/3
f 6981/5/3 6979/5/3 6980/5/3
f 6986/6/3 6983/6/3 6982/6/3
f 6987/6/3 6983/6/3 6986/6/3
f 6988/2/3 6985/2/3 6984/2/3
f 6989/2/3 6985/2/3 6988/2/3
f 6992/2/3 6991/2/3 6990/2/3
f 6993/2/3 6991/2/3 6992/2/3
f 6996/4/3 6995/4/3 6994/4/3
f 6997/4/3 6995/4/3 6996/4/3
f 7002/1/3 6999/1/3 6998/1/3
f 7003/1/3 6999/1/3 7002/1/3
f 7004/3/3 7001/3/3 7000/3/3
f 7005/3/3 7001/3/3 7004/3/3
f 7008/1/3 7004/1/3 7003/1/3
f 7009/1/3 7004/1/3 7008/1/3
f 7010/1/3 7007/1/3 7006/1/3
f 7011/1/3 7007/1/3 7010/1/3
f 7015/2/3 7013/2/3 7012/2/3
f 7016/5/3 7014/5/3 7013/5/3
f 7016/2/3 7013/2/3 7015/2/3
f 7017/5/3 7014/5/3 7016/5/3
f 7020/5/3 7019/5/3 7018/5/3
f 7021/5/3 7019/5/3 7020/5/3
f 7027/2/3 7023/2/3 7022/2/3
f 7028/6/3 7024/6/3 7023/6/3
f 7028/2/3 7023/2/3 7027/2/3
f 7029/6/3 7024/6/3 7028/6/3
f 7030/2/3 7026/2/3 7025/2/3
f 7031/2/3 7026/2/3 7030/2/3
f 7032/4/3 7029/4/3 7028/4/3
f 7033/3/3 7031/3/3 7030/3/3
f 7033/4/3 7029/4/3 7032/4/3
f 7033/3/3 7030/3/3 7029/3/3
f 7034/3/3 7031/3/3 7033/3/3
f 7035/3/3 7031/3/3 7034/3/3
f 7036/5/3 7035/5/3 7034/5/3
f 7037/5/3 7035/5/3 7036/5/3
f 7040/2/3 7039/2/3 7038/2/3
f 7041/2/3 7039/2/3 7040/2/3
f 7043/4/3 7042/4/3 7041/4/3
f 7044/4/3 7042/4/3 7043/4/3
f 7047/6/3 7046/6/3 7045/6/3
f 7048/6/3 7046/6/3 7047/6/3
f 7049/5/3 7048/5/3 7047/5/3
f 7050/5/3 7048/5/3 7049/5/3
f 7053/1/3 7052/1/3 7051/1/3
f 7054/1/3 7052/1/3 7053/1/3
f 7055/4/4 7056/4/4 7057/4/4
f 7057/4/4 7056/4/4 7058/4/4
f 7059/6/4 7060/6/4 7061/6/4
f 7061/6/4 7060/6/4 7062/6/4
f 7063/2/4 7064/2/4 7067/2/4
f 7067/2/4 7064/2/4 7068/2/4
f 7065/3/4 7066/3/4 7069/3/4
f 7069/3/4 7066/3/4 7070/3/4
f 7067/1/4 7068/1/4 7071/1/4
f 7071/1/4 7068/1/4 7072/1/4
f 7069/2/4 7070/2/4 7073/2/4
f 7073/2/4 7070/2/4 7074/2/4
f 7075/1/4 7076/1/4 7079/1/4
f 7079/1/4 7076/1/4 7080/1/4
f 7077/2/4 7078/2/4 7081/2/4
f 7081/2/4 7078/2/4 7082/2/4
f 7083/6/4 7084/6/4 7085/6/4
f 7085/6/4 7084/6/4 7086/6/4
f 7085/2/4 7086/2/4 7087/2/4
f 7087/2/4 7086/2/4 7088/2/4
f 7089/6/4 7090/6/4 7093/6/4
f 7093/6/4 7090/6/4 7094/6/4
f 7091/4/4 7092/4/4 7095/4/4
f 7095/4/4 7092/4/4 7096/4/4
f 7093/4/4 7094/4/4 7097/4/4
f 7097/4/4 7094/4/4 7098/4/4
f 7097/2/4 7098/2/4 7099/2/4
f 7099/2/4 7098/2/4 7100/2/4
f 7101/4/4 7102/4/4 7103/4/4
f 7103/4/4 7102/4/4 7104/4/4
f 7105/6/4 7106/6/4 7107/6/4
f 7107/6/4 7106/6/4 7108/6/4
f 7109/2/4 7110/2/4 7111/2/4
f 7111/2/4 7110/2/4 7112/2/4
f 7113/1/4 7114/1/4 7115/1/4
f 7115/1/4 7114/1/4 7116/1/4
f 7117/1/4 7118/1/4 7119/1/4
f 7119/1/4 7118/1/4 7120/1/4
f 7121/1/4 7122/1/4 7123/1/4
f 7123/1/4 7122/1/4 7124/1/4
f 7125/2/4 7126/2/4 7127/2/4
f 7127/2/4 7126/2/4 7128/2/4
f 7129/3/4 7130/3/4 7131/3/4
f 7131/3/4 7130/3/4 7132/3/4
f 7133/3/4 7134/3/4 7137/3/4
f 7137/3/4 7134/3/4 7138/3/4
f 7135/5/4 7136/5/4 7141/5/4
f 7141/5/4 7136/5/4 7142/5/4
f 7138/2/4 7139/2/4 7143/2/4
f 7143/2/4 7139/2/4 7144/2/4
f 7140/4/4 7141/4/4 7146/4/4
f 7141/6/4 7142/6/4 7147/6/4
f 7146/4/4 7141/4/4 7147/4/4
f 7147/6/4 7142/6/4 7148/6/4
f 7144/2/4 7145/2/4 7149/2/4
f 7149/2/4 7145/2/4 7150/2/4
f 7146/6/4 7147/6/4 7151/6/4
f 7151/6/4 7147/6/4 7152/6/4
f 7153/3/4 7154/3/4 7156/3/4
f 7156/3/4 7154/3/4 7157/3/4
f 7155/6/4 7156/6/4 7160/6/4
f 7160/6/4 7156/6/4 7161/6/4
f 7158/5/4 7159/5/4 7164/5/4
f 7164/5/4 7159/5/4 7165/5/4
f 7162/6/4 7163/6/4 7166/6/4
f 7166/6/4 7163/6/4 7167/6/4
f 7164/3/4 7165/3/4 7168/3/4
f 7168/3/4 7165/3/4 7169/3/4
f 7166/2/4 7167/2/4 7170/2/4
f 7170/2/4 7167/2/4 7171/2/4
f 7168/5/4 7169/5/4 7172/5/4
f 7172/5/4 7169/5/4 7173/5/4
f 7174/6/4 7175/6/4 7176/6/4
f 7176/6/4 7175/6/4 7177/6/4
f 7178/3/4 7179/3/4 7182/3/4
f 7182/3/4 7179/3/4 7183/3/4
f 7180/6/4 7181/6/4 7184/6/4
f 7184/6/4 7181/6/4 7185/6/4
f 7186/4/4 7187/4/4 7190/4/4
f 7190/4/4 7187/4/4 7191/4/4
f 7188/3/4 7189/3/4 7192/3/4
f 7192/3/4 7189/3/4 7193/3/4
f 7194/1/4 7195/1/4 7196/1/4
f 7196/1/4 7195/1/4 7197/1/4
f 7198/3/4 7199/3/4 7202/3/4
f 7202/3/4 7199/3/4 7203/3/4
f 7200/6/4 7201/6/4 7204/6/4
f 7204/6/4 7201/6/4 7205/6/4
f 7204/2/4 7205/2/4 7206/2/4
f 7206/2/4 7205/2/4 7207/2/4
f 7208/5/4 7209/5/4 7212/5/4
f 7212/5/4 7209/5/4 7213/5/4
f 7210/6/4 7211/6/4 7214/6/4
f 7214/6/4 7211/6/4 7215/6/4
f 7216/1/4 7217/1/4 7220/1/4
f 7220/1/4 7217/1/4 7221/1/4
f 7218/2/4 7219/2/4 7222/2/4
f 7222/2/4 7219/2/4 7223/2/4
f 7220/4/4 7221/4/4 7226/4/4
f 7226/4/4 7221/4/4 7227/4/4
f 7224/4/4 7225/4/4 7228/4/4
f 7228/4/4 7225/4/4 7229/4/4
f 7229/2/4 7230/2/4 7233/2/4
f 7233/2/4 7230/2/4 7234/2/4
f 7231/1/4 7232/1/4 7237/1/4
f 7237/1/4 7232/1/4 7238/1/4
f 7235/6/4 7236/6/4 7240/6/4
f 7240/6/4 7236/6/4 7241/6/4
f 7238/6/4 7239/6/4 7244/6/4
f 7244/6/4 7239/6/4 7245/6/4
f 7242/2/4 7243/2/4 7246/2/4
f 7246/2/4 7243/2/4 7247/2/4
f 7246/4/4 7247/4/4 7250/4/4
f 7250/4/4 7247/4/4 7251/4/4
f 7248/4/4 7249/4/4 7252/4/4
f 7252/4/4 7249/4/4 7253/4/4
f 7254/2/4 7255/2/4 7258/2/4
f 7258/2/4 7255/2/4 7259/2/4
f 7256/1/4 7257/1/4 7262/1/4
f 7262/1/4 7257/1/4 7263/1/4
f 7260/4/4 7261/4/4 7266/4/4
f 7266/4/4 7261/4/4 7267/4/4
f 7264/6/4 7265/6/4 7268/6/4
f 7268/6/4 7265/6/4 7269/6/4
f 7270/6/4 7271/6/4 7272/6/4
f 7272/6/4 7271/6/4 7273/6/4
f 7273/5/4 7274/5/4 7277/5/4
f 7274/4/4 7275/4/4 7278/4/4
f 7277/5/4 7274/5/4 7278/5/4
f 7278/4/4 7275/4/4 7279/4/4
f 7276/4/4 7277/4/4 7280/4/4
f 7280/4/4 7277/4/4 7281/4/4
f 7282/1/4 7283/1/4 7284/1/4
f 7284/1/4 7283/1/4 7285/1/4
f 7286/5/4 7287/5/4 7292/5/4
f 7292/5/4 7287/5/4 7293/5/4
f 7288/3/4 7289/3/4 7294/3/4
f 7294/3/4 7289/3/4 7295/3/4
f 7290/5/4 7291/5/4 7297/5/4
f 7297/5/4 7291/5/4 7298/5/4
f 7294/6/4 7295/6/4 7301/6/4
f 7301/6/4 7295/6/4 7302/6/4
f 7296/2/4 7297/2/4 7303/2/4
f 7303/2/4 7297/2/4 7304/2/4
f 7299/2/4 7300/2/4 7305/2/4
f 7305/2/4 7300/2/4 7306/2/4
f 7302/4/4 7303/4/4 7307/4/4
f 7307/4/4 7303/4/4 7308/4/4
f 7307/2/4 7308/2/4 7309/2/4
f 7309/2/4 7308/2/4 7310/2/4
f 7311/2/4 7312/2/4 7315/2/4
f 7315/2/4 7312/2/4 7316/2/4
f 7313/1/4 7314/1/4 7318/1/4
f 7318/1/4 7314/1/4 7319/1/4
f 7316/2/4 7317/2/4 7322/2/4
f 7322/2/4 7317/2/4 7323/2/4
f 7320/2/4 7321/2/4 7324/2/4
f 7324/2/4 7321/2/4 7325/2/4
f 7326/2/4 7327/2/4 7329/2/4
f 7329/2/4 7327/2/4 7330/2/4
f 7328/2/4 7329/2/4 7335/2/4
f 7335/2/4 7329/2/4 7336/2/4
f 7331/3/4 7332/3/4 7339/3/4
f 7339/3/4 7332/3/4 7340/3/4
f 7333/6/4 7334/6/4 7341/6/4
f 7341/6/4 7334/6/4 7342/6/4
f 7337/2/4 7338/2/4 7345/2/4
f 7342/2/4 7343/2/4 7346/2/4
f 7343/3/4 7344/3/4 7347/3/4
f 7346/2/4 7343/2/4 7347/2/4
f 7347/3/4 7344/3/4 7348/3/4
f 7337/2/4 7345/2/4 7350/2/4
f 7346/1/4 7347/1/4 7351/1/4
f 7351/1/4 7347/1/4 7352/1/4
f 7349/4/4 7350/4/4 7353/4/4
f 7350/2/4 7345/2/4 7354/2/4
f 7353/4/4 7350/4/4 7354/4/4
f 7354/2/4 7345/2/4 7355/2/4
f 7356/6/4 7357/6/4 7359/6/4
f 7359/6/4 7357/6/4 7360/6/4
f 7358/2/4 7359/2/4 7361/2/4
f 7361/2/4 7359/2/4 7362/2/4
f 7363/2/4 7364/2/4 7367/2/4
f 7367/2/4 7364/2/4 7368/2/4
f 7365/5/4 7366/5/4 7369/5/4
f 7369/5/4 7366/5/4 7370/5/4
f 7367/4/4 7368/4/4 7372/4/4
f 7372/4/4 7368/4/4 7373/4/4
f 7369/3/4 7370/3/4 7376/3/4
f 7370/4/4 7371/4/4 7377/4/4
f 7376/3/4 7370/3/4 7377/3/4
f 7377/4/4 7371/4/4 7378/4/4
f 7374/6/4 7375/6/4 7379/6/4
f 7379/6/4 7375/6/4 7380/6/4
f 7376/2/4 7377/2/4 7381/2/4
f 7381/2/4 7377/2/4 7382/2/4
f 7383/3/4 7384/3/4 7388/3/4
f 7384/1/4 7385/1/4 7389/1/4
f 7388/3/4 7384/3/4 7389/3/4
f 7385/3/4 7386/3/4 7390/3/4
f 7389/1/4 7385/1/4 7390/1/4
f 7386/5/4 7387/5/4 7391/5/4
f 7390/3/4 7386/3/4 7391/3/4
f 7391/5/4 7387/5/4 7392/5/4
f 7389/1/4 7390/1/4 7393/1/4
f 7393/1/4 7390/1/4 7394/1/4
f 7395/2/4 7396/2/4 7397/2/4
f 7397/2/4 7396/2/4 7398/2/4
f 7398/1/4 7399/1/4 7404/1/4
f 7404/1/4 7399/1/4 7405/1/4
f 7400/4/4 7401/4/4 7407/4/4
f 7401/6/4 7402/6/4 7408/6/4
f 7407/4/4 7401/4/4 7408/4/4
f 7402/1/4 7403/1/4 7409/1/4
f 7408/6/4 7402/6/4 7409/6/4
f 7409/1/4 7403/1/4 7410/1/4
f 7405/2/4 7406/2/4 7412/2/4
f 7412/2/4 7406/2/4 7413/2/4
f 7409/1/4 7410/1/4 7415/1/4
f 7410/4/4 7411/4/4 7416/4/4
f 7411/6/4 7412/6/4 7416/6/4
f 7416/6/4 7412/6/4 7417/6/4
f 7414/3/4 7415/3/4 7418/3/4
f 7415/1/4 7410/1/4 7418/1/4
f 7410/4/4 7416/4/4 7419/4/4
f 7418/1/4 7410/1/4 7419/1/4
f 7419/4/4 7416/4/4 7420/4/4
f 7414/3/4 7418/3/4 7423/3/4
f 7423/3/4 7418/3/4 7424/3/4
f 7420/5/4 7421/5/4 7425/5/4
f 7425/5/4 7421/5/4 7426/5/4
f 7422/6/4 7423/6/4 7430/6/4
f 7423/1/4 7424/1/4 7431/1/4
f 7430/6/4 7423/6/4 7431/6/4
f 7431/1/4 7424/1/4 7432/1/4
f 7425/5/4 7426/5/4 7434/5/4
f 7434/5/4 7426/5/4 7435/5/4
f 7427/4/4 7428/4/4 7436/4/4
f 7428/2/4 7429/2/4 7437/2/4
f 7436/4/4 7428/4/4 7437/4/4
f 7437/2/4 7429/2/4 7438/2/4
f 7430/2/4 7431/2/4 7439/2/4
f 7439/2/4 7431/2/4 7440/2/4
f 7433/6/4 7434/6/4 7441/6/4
f 7441/6/4 7434/6/4 7442/6/4
f 7443/4/4 7444/4/4 7450/4/4
f 7444/1/4 7445/1/4 7451/1/4
f 7450/4/4 7444/4/4 7451/4/4
f 7451/1/4 7445/1/4 7452/1/4
f 7446/5/4 7447/5/4 7455/5/4
f 7455/5/4 7447/5/4 7456/5/4
f 7448/4/4 7449/4/4 7458/4/4
f 7458/4/4 7449/4/4 7459/4/4
f 7451/4/4 7452/4/4 7460/4/4
f 7460/4/4 7452/4/4 7461/4/4
f 7453/2/4 7454/2/4 7462/2/4
f 7462/2/4 7454/2/4 7463/2/4
f 7455/1/4 7456/1/4 7464/1/4
f 7456/4/4 7457/4/4 7465/4/4
f 7464/1/4 7456/1/4 7465/1/4
f 7457/6/4 7458/6/4 7466/6/4
f 7465/4/4 7457/4/4 7466/4/4
f 7458/2/4 7459/2/4 7467/2/4
f 7466/6/4 7458/6/4 7467/6/4
f 7467/2/4 7459/2/4 7468/2/4
f 7462/2/4 7463/2/4 7473/2/4
f 7473/2/4 7463/2/4 7474/2/4
f 7464/6/4 7465/6/4 7475/6/4
f 7465/1/4 7466/1/4 7476/1/4
f 7475/6/4 7465/6/4 7476/6/4
f 7466/1/4 7467/1/4 7476/1/4
f 7467/2/4 7468/2/4 7477/2/4
f 7476/1/4 7467/1/4 7477/1/4
f 7468/4/4 7469/4/4 7478/4/4
f 7477/2/4 7468/2/4 7478/2/4
f 7469/2/4 7470/2/4 7479/2/4
f 7478/4/4 7469/4/4 7479/4/4
f 7479/2/4 7470/2/4 7480/2/4
f 7471/4/4 7472/4/4 7481/4/4
f 7481/4/4 7472/4/4 7482/4/4
f 7475/6/4 7476/6/4 7485/6/4
f 7485/6/4 7476/6/4 7486/6/4
f 7482/1/4 7483/1/4 7487/1/4
f 7487/1/4 7483/1/4 7488/1/4
f 7484/1/4 7485/1/4 7489/1/4
f 7489/1/4 7485/1/4 7490/1/4
f 7487/5/4 7488/5/4 7491/5/4
f 7491/5/4 7488/5/4 7492/5/4
f 7492/3/4 7493/3/4 7495/3/4
f 7495/3/4 7493/3/4 7496/3/4
f 7494/6/4 7495/6/4 7497/6/4
f 7497/6/4 7495/6/4 7498/6/4
f 7499/1/4 7500/1/4 7501/1/4
f 7501/1/4 7500/1/4 7502/1/4
f 7503/6/4 7504/6/4 7508/6/4
f 7508/6/4 7504/6/4 7509/6/4
f 7505/6/4 7506/6/4 7511/6/4
f 7506/1/4 7507/1/4 7512/1/4
f 7507/1/4 7508/1/4 7512/1/4
f 7511/6/4 7506/6/4 7512/6/4
f 7512/1/4 7508/1/4 7513/1/4
f 7513/1/4 7508/1/4 7514/1/4
f 7510/2/4 7511/2/4 7515/2/4
f 7511/3/4 7512/3/4 7516/3/4
f 7515/2/4 7511/2/4 7516/2/4
f 7512/1/4 7513/1/4 7517/1/4
f 7516/3/4 7512/3/4 7517/3/4
f 7517/1/4 7513/1/4 7518/1/4
f 7519/3/4 7520/3/4 7523/3/4
f 7523/3/4 7520/3/4 7524/3/4
f 7521/3/4 7522/3/4 7525/3/4
f 7525/3/4 7522/3/4 7526/3/4
f 7527/5/4 7528/5/4 7529/5/4
f 7529/5/4 7528/5/4 7530/5/4
f 7531/6/4 7532/6/4 7539/6/4
f 7532/3/4 7533/3/4 7540/3/4
f 7539/6/4 7532/6/4 7540/6/4
f 7540/3/4 7533/3/4 7541/3/4
f 7534/2/4 7535/2/4 7543/2/4
f 7543/2/4 7535/2/4 7544/2/4
f 7537/4/4 7538/4/4 7546/4/4
f 7536/1/4 7537/1/4 7546/1/4
f 7546/4/4 7538/4/4 7547/4/4
f 7541/4/4 7542/4/4 7548/4/4
f 7548/4/4 7542/4/4 7549/4/4
f 7544/2/4 7545/2/4 7551/2/4
f 7551/2/4 7545/2/4 7552/2/4
f 7549/2/4 7550/2/4 7556/2/4
f 7556/2/4 7550/2/4 7557/2/4
f 7536/1/4 7546/1/4 7558/1/4
f 7558/1/4 7546/1/4 7559/1/4
f 7553/2/4 7554/2/4 7560/2/4
f 7560/2/4 7554/2/4 7561/2/4
f 7555/6/4 7556/6/4 7562/6/4
f 7556/4/4 7557/4/4 7563/4/4
f 7562/6/4 7556/6/4 7563/6/4
f 7563/4/4 7557/4/4 7564/4/4
f 7560/5/4 7561/5/4 7565/5/4
f 7565/5/4 7561/5/4 7566/5/4
f 7562/5/4 7563/5/4 7567/5/4
f 7567/5/4 7563/5/4 7568/5/4
f 7566/4/4 7567/4/4 7575/4/4
f 7575/4/4 7567/4/4 7576/4/4
f 7569/2/4 7570/2/4 7579/2/4
f 7579/2/4 7570/2/4 7580/2/4
f 7571/4/4 7572/4/4 7581/4/4
f 7572/2/4 7573/2/4 7582/2/4
f 7581/4/4 7572/4/4 7582/4/4
f 7573/6/4 7574/6/4 7583/6/4
f 7582/2/4 7573/2/4 7583/2/4
f 7583/6/4 7574/6/4 7584/6/4
f 7575/2/4 7576/2/4 7585/2/4
f 7585/2/4 7576/2/4 7586/2/4
f 7577/6/4 7578/6/4 7587/6/4
f 7587/6/4 7578/6/4 7588/6/4
f 7589/6/4 7590/6/4 7593/6/4
f 7593/6/4 7590/6/4 7594/6/4
f 7591/3/4 7592/3/4 7597/3/4
f 7597/3/4 7592/3/4 7598/3/4
f 7595/5/4 7596/5/4 7599/5/4
f 7599/5/4 7596/5/4 7600/5/4
f 7597/5/4 7598/5/4 7601/5/4
f 7601/5/4 7598/5/4 7602/5/4
f 7603/5/4 7604/5/4 7607/5/4
f 7607/5/4 7604/5/4 7608/5/4
f 7605/6/4 7606/6/4 7609/6/4
f 7606/2/4 7607/2/4 7610/2/4
f 7609/6/4 7606/6/4 7610/6/4
f 7610/2/4 7607/2/4 7611/2/4
f 7612/4/4 7613/4/4 7616/4/4
f 7616/4/4 7613/4/4 7617/4/4
f 7614/3/4 7615/3/4 7618/3/4
f 7616/1/4 7617/1/4 7620/1/4
f 7620/1/4 7617/1/4 7621/1/4
f 7618/3/4 7615/3/4 7623/3/4
f 7623/3/4 7615/3/4 7624/3/4
f 7619/2/4 7620/2/4 7625/2/4
f 7625/2/4 7620/2/4 7626/2/4
f 7622/4/4 7623/4/4 7627/4/4
f 7627/4/4 7623/4/4 7628/4/4
f 7629/3/4 7630/3/4 7632/3/4
f 7632/3/4 7630/3/4 7633/3/4
f 7631/1/4 7632/1/4 7634/1/4
f 7634/1/4 7632/1/4 7635/1/4
f 7636/3/4 7637/3/4 7642/3/4
f 7642/3/4 7637/3/4 7643/3/4
f 7638/3/4 7639/3/4 7644/3/4
f 7644/3/4 7639/3/4 7645/3/4
f 7640/2/4 7641/2/4 7646/2/4
f 7646/2/4 7641/2/4 7647/2/4
f 7642/1/4 7643/1/4 7648/1/4
f 7643/4/4 7644/4/4 7649/4/4
f 7648/1/4 7643/1/4 7649/1/4
f 7649/4/4 7644/4/4 7650/4/4
f 7647/1/4 7648/1/4 7651/1/4
f 7651/1/4 7648/1/4 7652/1/4
f 7653/1/4 7654/1/4 7657/1/4
f 7657/1/4 7654/1/4 7658/1/4
f 7655/5/4 7656/5/4 7660/5/4
f 7660/5/4 7656/5/4 7661/5/4
f 7657/5/4 7658/5/4 7664/5/4
f 7658/2/4 7659/2/4 7665/2/4
f 7664/5/4 7658/5/4 7665/5/4
f 7665/2/4 7659/2/4 7666/2/4
f 7660/2/4 7661/2/4 7668/2/4
f 7661/3/4 7662/3/4 7669/3/4
f 7668/2/4 7661/2/4 7669/2/4
f 7669/3/4 7662/3/4 7670/3/4
f 7663/1/4 7664/1/4 7671/1/4
f 7664/3/4 7665/3/4 7672/3/4
f 7671/1/4 7664/1/4 7672/1/4
f 7672/3/4 7665/3/4 7673/3/4
f 7666/1/4 7667/1/4 7674/1/4
f 7674/1/4 7667/1/4 7675/1/4
f 7669/2/4 7670/2/4 7676/2/4
f 7676/2/4 7670/2/4 7677/2/4
f 7672/4/4 7673/4/4 7680/4/4
f 7680/4/4 7673/4/4 7681/4/4
f 7674/6/4 7675/6/4 7682/6/4
f 7682/6/4 7675/6/4 7683/6/4
f 7677/1/4 7678/1/4 7685/1/4
f 7678/2/4 7679/2/4 7686/2/4
f 7685/1/4 7678/1/4 7686/1/4
f 7686/2/4 7679/2/4 7687/2/4
f 7683/2/4 7684/2/4 7688/2/4
f 7688/2/4 7684/2/4 7689/2/4
f 7690/2/4 7691/2/4 7695/2/4
f 7691/3/4 7692/3/4 7696/3/4
f 7695/2/4 7691/2/4 7696/2/4
f 7696/3/4 7692/3/4 7697/3/4
f 7693/3/4 7694/3/4 7700/3/4
f 7700/3/4 7694/3/4 7701/3/4
f 7698/6/4 7699/6/4 7706/6/4
f 7706/6/4 7699/6/4 7707/6/4
f 7702/2/4 7703/2/4 7708/2/4
f 7708/2/4 7703/2/4 7709/2/4
f 7704/3/4 7705/3/4 7710/3/4
f 7710/3/4 7705/3/4 7711/3/4
f 7710/4/4 7711/4/4 7715/4/4
f 7711/6/4 7712/6/4 7716/6/4
f 7715/4/4 7711/4/4 7716/4/4
f 7716/6/4 7712/6/4 7717/6/4
f 7713/1/4 7714/1/4 7719/1/4
f 7719/1/4 7714/1/4 7720/1/4
f 7717/2/4 7718/2/4 7723/2/4
f 7723/2/4 7718/2/4 7724/2/4
f 7721/6/4 7722/6/4 7728/6/4
f 7728/6/4 7722/6/4 7729/6/4
f 7725/1/4 7726/1/4 7730/1/4
f 7730/1/4 7726/1/4 7731/1/4
f 7727/3/4 7728/3/4 7733/3/4
f 7733/3/4 7728/3/4 7734/3/4
f 7732/3/4 7733/3/4 7735/3/4
f 7735/3/4 7733/3/4 7736/3/4
f 7737/3/4 7738/3/4 7739/3/4
f 7739/3/4 7738/3/4 7740/3/4
f 7740/3/4 7741/3/4 7743/3/4
f 7743/3/4 7741/3/4 7744/3/4
f 7742/2/4 7743/2/4 7747/2/4
f 7747/2/4 7743/2/4 7748/2/4
f 7744/1/4 7745/1/4 7749/1/4
f 7749/1/4 7745/1/4 7750/1/4
f 7746/4/4 7747/4/4 7753/4/4
f 7753/4/4 7747/4/4 7754/4/4
f 7749/2/4 7750/2/4 7755/2/4
f 7750/5/4 7751/5/4 7756/5/4
f 7755/2/4 7750/2/4 7756/2/4
f 7756/5/4 7751/5/4 7757/5/4
f 7752/4/4 7753/4/4 7758/4/4
f 7758/4/4 7753/4/4 7759/4/4
f 7755/3/4 7756/3/4 7760/3/4
f 7760/3/4 7756/3/4 7761/3/4
f 7760/2/4 7761/2/4 7763/2/4
f 7763/2/4 7761/2/4 7764/2/4
f 7762/1/4 7763/1/4 7765/1/4
f 7765/1/4 7763/1/4 7766/1/4
f 7767/5/4 7768/5/4 7769/5/4
f 7769/5/4 7768/5/4 7770/5/4
f 7769/5/4 7770/5/4 7772/5/4
f 7770/2/4 7771/2/4 7773/2/4
f 7772/5/4 7770/5/4 7773/5/4
f 7773/2/4 7771/2/4 7774/2/4
f 7772/5/4 7773/5/4 7779/5/4
f 7779/5/4 7773/5/4 7780/5/4
f 7775/1/4 7776/1/4 7781/1/4
f 7781/1/4 7776/1/4 7782/1/4
f 7777/3/4 7778/3/4 7783/3/4
f 7783/3/4 7778/3/4 7784/3/4
f 7786/1/4 7787/1/4 7789/1/4
f 7785/1/4 7786/1/4 7789/1/4
f 7789/1/4 7787/1/4 7790/1/4
f 7787/2/4 7788/2/4 7791/2/4
f 7790/1/4 7787/1/4 7791/1/4
f 7791/2/4 7788/2/4 7792/2/4
f 7789/2/4 7790/2/4 7795/2/4
f 7795/2/4 7790/2/4 7796/2/4
f 7793/2/4 7794/2/4 7797/2/4
f 7797/2/4 7794/2/4 7798/2/4
f 7799/6/4 7800/6/4 7802/6/4
f 7802/6/4 7800/6/4 7803/6/4
f 7801/5/4 7802/5/4 7806/5/4
f 7806/5/4 7802/5/4 7807/5/4
f 7804/6/4 7805/6/4 7810/6/4
f 7805/3/4 7806/3/4 7811/3/4
f 7810/6/4 7805/6/4 7811/6/4
f 7811/3/4 7806/3/4 7812/3/4
f 7808/1/4 7809/1/4 7813/1/4
f 7813/1/4 7809/1/4 7814/1/4
f 7811/2/4 7812/2/4 7816/2/4
f 7816/2/4 7812/2/4 7817/2/4
f 7814/6/4 7815/6/4 7820/6/4
f 7820/6/4 7815/6/4 7821/6/4
f 7818/3/4 7819/3/4 7822/3/4
f 7822/3/4 7819/3/4 7823/3/4
f 7823/2/4 7824/2/4 7829/2/4
f 7829/2/4 7824/2/4 7830/2/4
f 7825/3/4 7826/3/4 7831/3/4
f 7831/3/4 7826/3/4 7832/3/4
f 7827/6/4 7828/6/4 7835/6/4
f 7835/6/4 7828/6/4 7836/6/4
f 7833/5/4 7834/5/4 7837/5/4
f 7837/5/4 7834/5/4 7838/5/4
f 7835/4/4 7836/4/4 7839/4/4
f 7839/4/4 7836/4/4 7840/4/4
f 7841/5/4 7842/5/4 7846/5/4
f 7846/5/4 7842/5/4 7847/5/4
f 7843/3/4 7844/3/4 7850/3/4
f 7844/5/4 7845/5/4 7851/5/4
f 7850/3/4 7844/3/4 7851/3/4
f 7851/5/4 7845/5/4 7852/5/4
f 7846/2/4 7847/2/4 7853/2/4
f 7853/2/4 7847/2/4 7854/2/4
f 7848/4/4 7849/4/4 7855/4/4
f 7855/4/4 7849/4/4 7856/4/4
f 7857/5/4 7858/5/4 7860/5/4
f 7860/5/4 7858/5/4 7861/5/4
f 7859/3/4 7860/3/4 7862/3/4
f 7862/3/4 7860/3/4 7863/3/4
f 7864/1/4 7865/1/4 7866/1/4
f 7866/1/4 7865/1/4 7867/1/4
f 7868/3/4 7869/3/4 7870/3/4
f 7870/3/4 7869/3/4 7871/3/4
f 7871/6/4 7872/6/4 7875/6/4
f 7875/6/4 7872/6/4 7876/6/4
f 7873/1/4 7874/1/4 7877/1/4
f 7877/1/4 7874/1/4 7878/1/4
f 7879/3/4 7880/3/4 7883/3/4
f 7883/3/4 7880/3/4 7884/3/4
f 7881/3/4 7882/3/4 7885/3/4
f 7885/3/4 7882/3/4 7886/3/4
f 7885/1/4 7886/1/4 7889/1/4
f 7889/1/4 7886/1/4 7890/1/4
f 7887/1/4 7888/1/4 7891/1/4
f 7889/3/4 7890/3/4 7892/3/4
f 7892/3/4 7890/3/4 7893/3/4
f 7887/1/4 7891/1/4 7894/1/4
f 7894/1/4 7891/1/4 7895/1/4
f 7896/4/4 7897/4/4 7900/4/4
f 7900/4/4 7897/4/4 7901/4/4
f 7898/2/4 7899/2/4 7902/2/4
f 7902/2/4 7899/2/4 7903/2/4
f 7904/3/4 7905/3/4 7908/3/4
f 7908/3/4 7905/3/4 7909/3/4
f 7906/1/4 7907/1/4 7912/1/4
f 7912/1/4 7907/1/4 7913/1/4
f 7910/2/4 7911/2/4 7914/2/4
f 7914/2/4 7911/2/4 7915/2/4
f 7914/5/4 7915/5/4 7920/5/4
f 7915/5/4 7916/5/4 7920/5/4
f 7920/5/4 7916/5/4 7921/5/4
f 7916/2/4 7917/2/4 7922/2/4
f 7921/5/4 7916/5/4 7922/5/4
f 7922/2/4 7917/2/4 7923/2/4
f 7918/1/4 7919/1/4 7925/1/4
f 7919/4/4 7920/4/4 7926/4/4
f 7925/1/4 7919/1/4 7926/1/4
f 7926/4/4 7920/4/4 7927/4/4
f 7924/3/4 7925/3/4 7930/3/4
f 7930/3/4 7925/3/4 7931/3/4
f 7928/5/4 7929/5/4 7932/5/4
f 7932/5/4 7929/5/4 7933/5/4
f 7933/5/4 7929/5/4 7934/5/4
f 7933/2/4 7934/2/4 7938/2/4
f 7934/2/4 7935/2/4 7938/2/4
f 7938/2/4 7935/2/4 7939/2/4
f 7939/2/4 7935/2/4 7940/2/4
f 7936/1/4 7937/1/4 7943/1/4
f 7943/1/4 7937/1/4 7944/1/4
f 7941/4/4 7942/4/4 7947/4/4
f 7947/4/4 7942/4/4 7948/4/4
f 7945/6/4 7946/6/4 7950/6/4
f 7950/6/4 7946/6/4 7951/6/4
f 7948/5/4 7949/5/4 7954/5/4
f 7954/5/4 7949/5/4 7955/5/4
f 7955/5/4 7949/5/4 7956/5/4
f 7950/3/4 7951/3/4 7959/3/4
f 7959/3/4 7951/3/4 7960/3/4
f 7952/1/4 7953/1/4 7961/1/4
f 7961/1/4 7953/1/4 7962/1/4
f 7957/5/4 7958/5/4 7965/5/4
f 7965/5/4 7958/5/4 7966/5/4
f 7962/2/4 7963/2/4 7969/2/4
f 7969/2/4 7963/2/4 7970/2/4
f 7964/5/4 7965/5/4 7972/5/4
f 7972/5/4 7965/5/4 7973/5/4
f 7967/6/4 7968/6/4 7974/6/4
f 7968/4/4 7969/4/4 7975/4/4
f 7974/6/4 7968/6/4 7975/6/4
f 7970/5/4 7971/5/4 7976/5/4
f 7975/4/4 7969/4/4 7976/4/4
f 7969/5/4 7970/5/4 7976/5/4
f 7976/5/4 7971/5/4 7977/5/4
f 7977/5/4 7971/5/4 7978/5/4
f 7976/1/4 7977/1/4 7981/1/4
f 7975/1/4 7976/1/4 7981/1/4
f 7981/1/4 7977/1/4 7982/1/4
f 7982/1/4 7977/1/4 7983/1/4
f 7979/4/4 7980/4/4 7984/4/4
f 7984/4/4 7980/4/4 7985/4/4
f 7981/2/4 7982/2/4 7986/2/4
f 7986/2/4 7982/2/4 7987/2/4
f 7988/6/4 7989/6/4 7992/6/4
f 7992/6/4 7989/6/4 7993/6/4
f 7990/5/4 7991/5/4 7994/5/4
f 7994/5/4 7991/5/4 7995/5/4
f 7996/3/4 7997/3/4 7998/3/4
f 7998/3/4 7997/3/4 7999/3/4
f 7998/1/4 7999/1/4 8000/1/4
f 8000/1/4 7999/1/4 8001/1/4
f 8002/5/4 8003/5/4 8006/5/4
f 8006/5/4 8003/5/4 8007/5/4
f 8004/6/4 8005/6/4 8008/6/4
f 8008/6/4 8005/6/4 8009/6/4
f 8009/1/4 8010/1/4 8013/1/4
f 8010/2/4 8011/2/4 8014/2/4
f 8013/1/4 8010/1/4 8014/1/4
f 8014/2/4 8011/2/4 8015/2/4
f 8012/1/4 8013/1/4 8017/1/4
f 8017/1/4 8013/1/4 8018/1/4
f 8015/2/4 8016/2/4 8020/2/4
f 8020/2/4 8016/2/4 8021/2/4
f 8017/2/4 8018/2/4 8022/2/4
f 8018/1/4 8019/1/4 8023/1/4
f 8022/2/4 8018/2/4 8023/2/4
f 8019/4/4 8020/4/4 8024/4/4
f 8023/1/4 8019/1/4 8024/1/4
f 8024/4/4 8020/4/4 8025/4/4
f 8025/1/4 8026/1/4 8027/1/4
f 8027/1/4 8026/1/4 8028/1/4
f 8029/1/4 8030/1/4 8031/1/4
f 8031/1/4 8030/1/4 8032/1/4
f 8033/4/4 8034/4/4 8037/4/4
f 8037/4/4 8034/4/4 8038/4/4
f 8035/6/4 8036/6/4 8039/6/4
f 8039/6/4 8036/6/4 8040/6/4
f 8040/4/4 8041/4/4 8042/4/4
f 8042/4/4 8041/4/4 8043/4/4
f 8042/5/4 8043/5/4 8049/5/4
f 8049/5/4 8043/5/4 8050/5/4
f 8044/5/4 8045/5/4 8055/5/4
f 8055/5/4 8045/5/4 8056/5/4
f 8046/1/4 8047/1/4 8057/1/4
f 8057/1/4 8047/1/4 8058/1/4
f 8048/3/4 8049/3/4 8059/3/4
f 8059/3/4 8049/3/4 8060/3/4
f 8050/1/4 8051/1/4 8061/1/4
f 8061/1/4 8051/1/4 8062/1/4
f 8052/3/4 8053/3/4 8063/3/4
f 8063/3/4 8053/3/4 8064/3/4
f 8054/1/4 8055/1/4 8065/1/4
f 8055/3/4 8056/3/4 8066/3/4
f 8065/1/4 8055/1/4 8066/1/4
f 8066/3/4 8056/3/4 8067/3/4
f 8057/6/4 8058/6/4 8068/6/4
f 8068/6/4 8058/6/4 8069/6/4
f 8063/3/4 8064/3/4 8072/3/4
f 8064/6/4 8065/6/4 8073/6/4
f 8072/3/4 8064/3/4 8073/3/4
f 8065/3/4 8066/3/4 8074/3/4
f 8073/6/4 8065/6/4 8074/6/4
f 8066/4/4 8067/4/4 8075/4/4
f 8074/3/4 8066/3/4 8075/3/4
f 8075/4/4 8067/4/4 8076/4/4
f 8070/4/4 8071/4/4 8080/4/4
f 8071/6/4 8072/6/4 8081/6/4
f 8080/4/4 8071/4/4 8081/4/4
f 8072/1/4 8073/1/4 8082/1/4
f 8081/6/4 8072/6/4 8082/6/4
f 8082/1/4 8073/1/4 8083/1/4
f 8074/3/4 8075/3/4 8084/3/4
f 8075/2/4 8076/2/4 8085/2/4
f 8084/3/4 8075/3/4 8085/3/4
f 8085/2/4 8076/2/4 8086/2/4
f 8077/5/4 8078/5/4 8087/5/4
f 8078/4/4 8079/4/4 8088/4/4
f 8087/5/4 8078/5/4 8088/5/4
f 8088/4/4 8079/4/4 8089/4/4
f 8080/1/4 8081/1/4 8090/1/4
f 8090/1/4 8081/1/4 8091/1/4
f 8083/4/4 8084/4/4 8092/4/4
f 8084/6/4 8085/6/4 8093/6/4
f 8092/4/4 8084/4/4 8093/4/4
f 8093/6/4 8085/6/4 8094/6/4
f 8095/6/4 8096/6/4 8098/6/4
f 8096/3/4 8097/3/4 8099/3/4
f 8098/6/4 8096/6/4 8099/6/4
f 8099/3/4 8097/3/4 8100/3/4
f 8101/5/4 8102/5/4 8106/5/4
f 8102/3/4 8103/3/4 8107/3/4
f 8106/5/4 8102/5/4 8107/5/4
f 8107/3/4 8103/3/4 8108/3/4
f 8104/3/4 8105/3/4 8109/3/4
f 8109/3/4 8105/3/4 8110/3/4
f 8111/3/4 8112/3/4 8115/3/4
f 8115/3/4 8112/3/4 8116/3/4
f 8113/3/4 8114/3/4 8117/3/4
f 8117/3/4 8114/3/4 8118/3/4
f 8119/4/4 8120/4/4 8124/4/4
f 8124/4/4 8120/4/4 8125/4/4
f 8121/6/4 8122/6/4 8126/6/4
f 8122/5/4 8123/5/4 8127/5/4
f 8126/6/4 8122/6/4 8127/6/4
f 8127/5/4 8123/5/4 8128/5/4
f 8124/2/4 8125/2/4 8131/2/4
f 8131/2/4 8125/2/4 8132/2/4
f 8127/4/4 8128/4/4 8134/4/4
f 8134/4/4 8128/4/4 8135/4/4
f 8129/2/4 8130/2/4 8136/2/4
f 8136/2/4 8130/2/4 8137/2/4
f 8137/2/4 8130/2/4 8138/2/4
f 8132/2/4 8133/2/4 8140/2/4
f 8140/2/4 8133/2/4 8141/2/4
f 8134/4/4 8135/4/4 8142/4/4
f 8135/6/4 8136/6/4 8143/6/4
f 8142/4/4 8135/4/4 8143/4/4
f 8143/6/4 8136/6/4 8144/6/4
f 8138/3/4 8139/3/4 8145/3/4
f 8137/3/4 8138/3/4 8145/3/4
f 8145/3/4 8139/3/4 8146/3/4
f 8146/3/4 8139/3/4 8147/3/4
f 8145/1/4 8146/1/4 8150/1/4
f 8150/1/4 8146/1/4 8151/1/4
f 8148/2/4 8149/2/4 8152/2/4
f 8152/2/4 8149/2/4 8153/2/4
f 8154/4/4 8155/4/4 8156/4/4
f 8156/4/4 8155/4/4 8157/4/4
f 8156/2/4 8157/2/4 8161/2/4
f 8161/2/4 8157/2/4 8162/2/4
f 8158/4/4 8159/4/4 8163/4/4
f 8163/4/4 8159/4/4 8164/4/4
f 8160/5/4 8161/5/4 8165/5/4
f 8161/6/4 8162/6/4 8166/6/4
f 8165/5/4 8161/5/4 8166/5/4
f 8166/6/4 8162/6/4 8167/6/4
f 8168/3/4 8169/3/4 8174/3/4
f 8174/3/4 8169/3/4 8175/3/4
f 8170/1/4 8171/1/4 8179/1/4
f 8179/1/4 8171/1/4 8180/1/4
f 8172/1/4 8173/1/4 8181/1/4
f 8181/1/4 8173/1/4 8182/1/4
f 8175/2/4 8176/2/4 8184/2/4
f 8184/2/4 8176/2/4 8185/2/4
f 8177/4/4 8178/4/4 8186/4/4
f 8186/4/4 8178/4/4 8187/4/4
f 8182/1/4 8183/1/4 8191/1/4
f 8191/1/4 8183/1/4 8192/1/4
f 8186/6/4 8187/6/4 8193/6/4
f 8193/6/4 8187/6/4 8194/6/4
f 8188/6/4 8189/6/4 8196/6/4
f 8189/5/4 8190/5/4 8197/5/4
f 8196/6/4 8189/6/4 8197/6/4
f 8197/5/4 8190/5/4 8198/5/4
f 8195/4/4 8196/4/4 8200/4/4
f 8196/4/4 8197/4/4 8200/4/4
f 8200/4/4 8197/4/4 8201/4/4
f 8201/4/4 8197/4/4 8202/4/4
f 8198/1/4 8199/1/4 8203/1/4
f 8203/1/4 8199/1/4 8204/1/4
f 8200/5/4 8201/5/4 8210/5/4
f 8210/5/4 8201/5/4 8211/5/4
f 8202/5/4 8203/5/4 8212/5/4
f 8212/5/4 8203/5/4 8213/5/4
f 8204/3/4 8205/3/4 8214/3/4
f 8214/3/4 8205/3/4 8215/3/4
f 8206/1/4 8207/1/4 8216/1/4
f 8216/1/4 8207/1/4 8217/1/4
f 8208/6/4 8209/6/4 8219/6/4
f 8219/6/4 8209/6/4 8220/6/4
f 8217/2/4 8218/2/4 8223/2/4
f 8223/2/4 8218/2/4 8224/2/4
f 8219/2/4 8220/2/4 8225/2/4
f 8220/3/4 8221/3/4 8226/3/4
f 8225/2/4 8220/2/4 8226/2/4
f 8221/5/4 8222/5/4 8227/5/4
f 8226/3/4 8221/3/4 8227/3/4
f 8227/5/4 8222/5/4 8228/5/4
f 8225/1/4 8226/1/4 8229/1/4
f 8226/1/4 8227/1/4 8229/1/4
f 8229/1/4 8227/1/4 8230/1/4
f 8230/1/4 8227/1/4 8231/1/4
f 8231/2/4 8232/2/4 8233/2/4
f 8233/2/4 8232/2/4 8234/2/4
f 8235/3/4 8236/3/4 8237/3/4
f 8237/3/4 8236/3/4 8238/3/4
f 8239/5/4 8240/5/4 8242/5/4
f 8240/4/4 8241/4/4 8243/4/4
f 8242/5/4 8240/5/4 8243/5/4
f 8243/4/4 8241/4/4 8244/4/4
f 8244/3/4 8245/3/4 8246/3/4
f 8246/3/4 8245/3/4 8247/3/4
f 8248/4/4 8249/4/4 8250/4/4
f 8248/4/4 8250/4/4 8254/4/4
f 8254/4/4 8250/4/4 8255/4/4
f 8251/5/4 8252/5/4 8256/5/4
f 8252/2/4 8253/2/4 8257/2/4
f 8256/5/4 8252/5/4 8257/5/4
f 8257/2/4 8253/2/4 8258/2/4
f 8254/1/4 8255/1/4 8259/1/4
f 8259/1/4 8255/1/4 8260/1/4
f 8257/6/4 8258/6/4 8263/6/4
f 8263/6/4 8258/6/4 8264/6/4
f 8259/4/4 8260/4/4 8265/4/4
f 8265/4/4 8260/4/4 8266/4/4
f 8261/6/4 8262/6/4 8267/6/4
f 8267/6/4 8262/6/4 8268/6/4
f 8265/5/4 8266/5/4 8269/5/4
f 8269/5/4 8266/5/4 8270/5/4
f 8271/5/4 8272/5/4 8275/5/4
f 8275/5/4 8272/5/4 8276/5/4
f 8276/3/4 8277/3/4 8280/3/4
f 8280/3/4 8277/3/4 8281/3/4
f 8273/2/4 8274/2/4 8282/2/4
f 8282/2/4 8274/2/4 8283/2/4
f 8278/4/4 8279/4/4 8285/4/4
f 8285/4/4 8279/4/4 8286/4/4
f 8280/6/4 8281/6/4 8287/6/4
f 8287/6/4 8281/6/4 8288/6/4
f 8282/1/4 8283/1/4 8289/1/4
f 8283/2/4 8284/2/4 8290/2/4
f 8289/1/4 8283/1/4 8290/1/4
f 8290/2/4 8284/2/4 8291/2/4
f 8290/4/4 8291/4/4 8297/4/4
f 8297/4/4 8291/4/4 8298/4/4
f 8292/5/4 8293/5/4 8299/5/4
f 8293/3/4 8294/3/4 8300/3/4
f 8299/5/4 8293/5/4 8300/5/4
f 8300/3/4 8294/3/4 8301/3/4
f 8295/6/4 8296/6/4 8303/6/4
f 8296/4/4 8297/4/4 8304/4/4
f 8303/6/4 8296/6/4 8304/6/4
f 8304/4/4 8297/4/4 8305/4/4
f 8302/6/4 8303/6/4 8308/6/4
f 8303/3/4 8304/3/4 8309/3/4
f 8308/6/4 8303/6/4 8309/6/4
f 8309/3/4 8304/3/4 8310/3/4
f 8306/5/4 8307/5/4 8313/5/4
f 8313/5/4 8307/5/4 8314/5/4
f 8308/5/4 8309/5/4 8317/5/4
f 8309/5/4 8310/5/4 8317/5/4
f 8310/4/4 8311/4/4 8318/4/4
f 8317/5/4 8310/5/4 8318/5/4
f 8311/3/4 8312/3/4 8319/3/4
f 8318/4/4 8311/4/4 8319/4/4
f 8319/3/4 8312/3/4 8320/3/4
f 8315/3/4 8316/3/4 8321/3/4
f 8314/3/4 8315/3/4 8321/3/4
f 8321/3/4 8316/3/4 8322/3/4
f 8322/3/4 8316/3/4 8323/3/4
f 8319/4/4 8320/4/4 8326/4/4
f 8326/4/4 8320/4/4 8327/4/4
f 8321/6/4 8322/6/4 8329/6/4
f 8329/6/4 8322/6/4 8330/6/4
f 8324/5/4 8325/5/4 8331/5/4
f 8331/5/4 8325/5/4 8332/5/4
f 8328/1/4 8329/1/4 8335/1/4
f 8335/1/4 8329/1/4 8336/1/4
f 8332/6/4 8333/6/4 8338/6/4
f 8333/1/4 8334/1/4 8339/1/4
f 8338/6/4 8333/6/4 8339/6/4
f 8339/1/4 8334/1/4 8340/1/4
f 8336/2/4 8337/2/4 8342/2/4
f 8342/2/4 8337/2/4 8343/2/4
f 8339/5/4 8340/5/4 8344/5/4
f 8338/5/4 8339/5/4 8344/5/4
f 8344/5/4 8340/5/4 8345/5/4
f 8341/3/4 8342/3/4 8348/3/4
f 8348/3/4 8342/3/4 8349/3/4
f 8346/5/4 8347/5/4 8351/5/4
f 8351/5/4 8347/5/4 8352/5/4
f 8350/1/4 8351/1/4 8354/1/4
f 8354/1/4 8351/1/4 8355/1/4
f 8352/2/4 8353/2/4 8356/2/4
f 8356/2/4 8353/2/4 8357/2/4
f 8355/6/4 8356/6/4 8358/6/4
f 8358/6/4 8356/6/4 8359/6/4
f 8360/5/4 8361/5/4 8362/5/4
f 8362/5/4 8361/5/4 8363/5/4
f 8364/4/4 8365/4/4 8368/4/4
f 8368/4/4 8365/4/4 8369/4/4
f 8366/3/4 8367/3/4 8370/3/4
f 8370/3/4 8367/3/4 8371/3/4
f 8370/2/4 8371/2/4 8372/2/4
f 8372/2/4 8371/2/4 8373/2/4
f 8374/1/4 8375/1/4 8376/1/4
f 8376/1/4 8375/1/4 8377/1/4
f 8378/6/4 8379/6/4 8381/6/4
f 8379/5/4 8380/5/4 8382/5/4
f 8381/6/4 8379/6/4 8382/6/4
f 8382/5/4 8380/5/4 8383/5/4
f 8384/5/4 8385/5/4 8386/5/4
f 8386/5/4 8385/5/4 8387/5/4
f 8386/3/4 8387/3/4 8388/3/4
f 8388/3/4 8387/3/4 8389/3/4
f 8390/2/4 8391/2/4 8394/2/4
f 8394/2/4 8391/2/4 8395/2/4
f 8392/6/4 8393/6/4 8396/6/4
f 8396/6/4 8393/6/4 8397/6/4
f 8398/6/4 8399/6/4 8405/6/4
f 8399/3/4 8400/3/4 8406/3/4
f 8405/6/4 8399/6/4 8406/6/4
f 8406/3/4 8400/3/4 8407/3/4
f 8401/1/4 8402/1/4 8408/1/4
f 8408/1/4 8402/1/4 8409/1/4
f 8403/2/4 8404/2/4 8410/2/4
f 8410/2/4 8404/2/4 8411/2/4
f 8412/3/4 8413/3/4 8416/3/4
f 8416/3/4 8413/3/4 8417/3/4
f 8414/5/4 8415/5/4 8418/5/4
f 8418/5/4 8415/5/4 8419/5/4
f 8420/1/4 8421/1/4 8422/1/4
f 8422/1/4 8421/1/4 8423/1/4
f 8424/4/4 8425/4/4 8428/4/4
f 8428/4/4 8425/4/4 8429/4/4
f 8426/4/4 8427/4/4 8430/4/4
f 8430/4/4 8427/4/4 8431/4/4
f 8430/2/4 8431/2/4 8434/2/4
f 8434/2/4 8431/2/4 8435/2/4
f 8432/6/4 8433/6/4 8439/6/4
f 8439/6/4 8433/6/4 8440/6/4
f 8436/3/4 8437/3/4 8441/3/4
f 8441/3/4 8437/3/4 8442/3/4
f 8438/3/4 8439/3/4 8443/3/4
f 8443/3/4 8439/3/4 8444/3/4
f 8445/4/4 8446/4/4 8450/4/4
f 8450/4/4 8446/4/4 8451/4/4
f 8447/6/4 8448/6/4 8452/6/4
f 8452/6/4 8448/6/4 8453/6/4
f 8449/1/4 8450/1/4 8455/1/4
f 8455/1/4 8450/1/4 8456/1/4
f 8453/3/4 8454/3/4 8459/3/4
f 8459/3/4 8454/3/4 8460/3/4
f 8457/3/4 8458/3/4 8461/3/4
f 8461/3/4 8458/3/4 8462/3/4
f 8463/1/4 8464/1/4 8467/1/4
f 8467/1/4 8464/1/4 8468/1/4
f 8465/5/4 8466/5/4 8469/5/4
f 8469/5/4 8466/5/4 8470/5/4
f 8471/5/4 8472/5/4 8475/5/4
f 8475/5/4 8472/5/4 8476/5/4
f 8473/5/4 8474/5/4 8477/5/4
f 8477/5/4 8474/5/4 8478/5/4
f 8479/3/4 8480/3/4 8483/3/4
f 8480/4/4 8481/4/4 8484/4/4
f 8483/3/4 8480/3/4 8484/3/4
f 8484/4/4 8481/4/4 8485/4/4
f 8482/1/4 8483/1/4 8486/1/4
f 8486/1/4 8483/1/4 8487/1/4
f 8488/2/4 8489/2/4 8491/2/4
f 8489/3/4 8490/3/4 8492/3/4
f 8491/2/4 8489/2/4 8492/2/4
f 8492/3/4 8490/3/4 8493/3/4
f 8494/4/4 8495/4/4 8498/4/4
f 8498/4/4 8495/4/4 8499/4/4
f 8496/5/4 8497/5/4 8500/5/4
f 8500/5/4 8497/5/4 8501/5/4
f 8500/6/4 8501/6/4 8505/6/4
f 8505/6/4 8501/6/4 8506/6/4
f 8502/1/4 8503/1/4 8510/1/4
f 8510/1/4 8503/1/4 8511/1/4
f 8504/1/4 8505/1/4 8514/1/4
f 8514/1/4 8505/1/4 8515/1/4
f 8506/2/4 8507/2/4 8516/2/4
f 8516/2/4 8507/2/4 8517/2/4
f 8508/1/4 8509/1/4 8518/1/4
f 8518/1/4 8509/1/4 8519/1/4
f 8510/2/4 8511/2/4 8521/2/4
f 8511/4/4 8512/4/4 8522/4/4
f 8521/2/4 8511/2/4 8522/2/4
f 8522/4/4 8512/4/4 8523/4/4
f 8512/6/4 8513/6/4 8524/6/4
f 8523/4/4 8512/4/4 8524/4/4
f 8524/6/4 8513/6/4 8525/6/4
f 8516/3/4 8517/3/4 8529/3/4
f 8529/3/4 8517/3/4 8530/3/4
f 8520/5/4 8521/5/4 8531/5/4
f 8521/2/4 8522/2/4 8532/2/4
f 8531/5/4 8521/5/4 8532/5/4
f 8522/1/4 8523/1/4 8533/1/4
f 8532/2/4 8522/2/4 8533/2/4
f 8533/1/4 8523/1/4 8534/1/4
f 8526/3/4 8527/3/4 8535/3/4
f 8527/5/4 8528/5/4 8536/5/4
f 8535/3/4 8527/3/4 8536/3/4
f 8536/5/4 8528/5/4 8537/5/4
f 8532/4/4 8533/4/4 8538/4/4
f 8538/4/4 8533/4/4 8539/4/4
f 8539/2/4 8540/2/4 8543/2/4
f 8543/2/4 8540/2/4 8544/2/4
f 8541/4/4 8542/4/4 8545/4/4
f 8545/4/4 8542/4/4 8546/4/4
f 8548/5/4 8549/5/4 8550/5/4
f 8547/5/4 8548/5/4 8550/5/4
f 8550/5/4 8549/5/4 8551/5/4
f 8552/5/4 8553/5/4 8559/5/4
f 8559/5/4 8553/5/4 8560/5/4
f 8554/5/4 8555/5/4 8561/5/4
f 8561/5/4 8555/5/4 8562/5/4
f 8556/2/4 8557/2/4 8563/2/4
f 8563/2/4 8557/2/4 8564/2/4
f 8558/1/4 8559/1/4 8565/1/4
f 8565/1/4 8559/1/4 8566/1/4
f 8563/3/4 8564/3/4 8567/3/4
f 8567/3/4 8564/3/4 8568/3/4
f 8569/1/4 8570/1/4 8573/1/4
f 8570/4/4 8571/4/4 8574/4/4
f 8573/1/4 8570/1/4 8574/1/4
f 8574/4/4 8571/4/4 8575/4/4
f 8572/2/4 8573/2/4 8576/2/4
f 8576/2/4 8573/2/4 8577/2/4
f 8577/3/4 8578/3/4 8581/3/4
f 8581/3/4 8578/3/4 8582/3/4
f 8579/3/4 8580/3/4 8584/3/4
f 8584/3/4 8580/3/4 8585/3/4
f 8582/2/4 8583/2/4 8587/2/4
f 8581/2/4 8582/2/4 8587/2/4
f 8587/2/4 8583/2/4 8588/2/4
f 8588/2/4 8583/2/4 8589/2/4
f 8586/5/4 8587/5/4 8591/5/4
f 8587/3/4 8588/3/4 8592/3/4
f 8591/5/4 8587/5/4 8592/5/4
f 8592/3/4 8588/3/4 8593/3/4
f 8590/2/4 8591/2/4 8594/2/4
f 8591/3/4 8592/3/4 8595/3/4
f 8594/2/4 8591/2/4 8595/2/4
f 8595/3/4 8592/3/4 8596/3/4
f 8597/6/4 8598/6/4 8600/6/4
f 8598/5/4 8599/5/4 8601/5/4
f 8600/6/4 8598/6/4 8601/6/4
f 8601/5/4 8599/5/4 8602/5/4
f 8603/6/4 8604/6/4 8605/6/4
f 8605/6/4 8604/6/4 8606/6/4
f 8607/6/4 8608/6/4 8609/6/4
f 8609/6/4 8608/6/4 8610/6/4
f 8611/3/4 8612/3/4 8613/3/4
f 8613/3/4 8612/3/4 8614/3/4
f 8614/3/4 8615/3/4 8620/3/4
f 8620/3/4 8615/3/4 8621/3/4
f 8616/6/4 8617/6/4 8622/6/4
f 8617/6/4 8618/6/4 8622/6/4
f 8622/6/4 8618/6/4 8623/6/4
f 8618/2/4 8619/2/4 8624/2/4
f 8623/6/4 8618/6/4 8624/6/4
f 8624/2/4 8619/2/4 8625/2/4
f 8623/5/4 8624/5/4 8629/5/4
f 8629/5/4 8624/5/4 8630/5/4
f 8626/4/4 8627/4/4 8634/4/4
f 8634/4/4 8627/4/4 8635/4/4
f 8628/6/4 8629/6/4 8636/6/4
f 8636/6/4 8629/6/4 8637/6/4
f 8631/5/4 8632/5/4 8640/5/4
f 8632/6/4 8633/6/4 8641/6/4
f 8640/5/4 8632/5/4 8641/5/4
f 8641/6/4 8633/6/4 8642/6/4
f 8634/6/4 8635/6/4 8643/6/4
f 8643/6/4 8635/6/4 8644/6/4
f 8638/1/4 8639/1/4 8645/1/4
f 8645/1/4 8639/1/4 8646/1/4
f 8640/2/4 8641/2/4 8647/2/4
f 8641/4/4 8642/4/4 8648/4/4
f 8647/2/4 8641/2/4 8648/2/4
f 8648/4/4 8642/4/4 8649/4/4
f 8649/1/4 8650/1/4 8653/1/4
f 8653/1/4 8650/1/4 8654/1/4
f 8643/5/4 8644/5/4 8657/5/4
f 8657/5/4 8644/5/4 8658/5/4
f 8651/3/4 8652/3/4 8660/3/4
f 8660/3/4 8652/3/4 8661/3/4
f 8655/1/4 8656/1/4 8662/1/4
f 8662/1/4 8656/1/4 8663/1/4
f 8657/3/4 8658/3/4 8664/3/4
f 8658/1/4 8659/1/4 8665/1/4
f 8664/3/4 8658/3/4 8665/3/4
f 8665/1/4 8659/1/4 8666/1/4
f 8666/1/4 8667/1/4 8671/1/4
f 8667/4/4 8668/4/4 8672/4/4
f 8671/1/4 8667/1/4 8672/1/4
f 8672/4/4 8668/4/4 8673/4/4
f 8669/3/4 8670/3/4 8676/3/4
f 8676/3/4 8670/3/4 8677/3/4
f 8674/5/4 8675/5/4 8682/5/4
f 8673/5/4 8674/5/4 8682/5/4
f 8682/5/4 8675/5/4 8683/5/4
f 8683/5/4 8675/5/4 8684/5/4
f 8678/5/4 8679/5/4 8687/5/4
f 8687/5/4 8679/5/4 8688/5/4
f 8680/6/4 8681/6/4 8689/6/4
f 8689/6/4 8681/6/4 8690/6/4
f 8683/4/4 8684/4/4 8692/4/4
f 8684/6/4 8685/6/4 8693/6/4
f 8692/4/4 8684/4/4 8693/4/4
f 8685/5/4 8686/5/4 8694/5/4
f 8693/6/4 8685/6/4 8694/6/4
f 8694/5/4 8686/5/4 8695/5/4
f 8688/5/4 8689/5/4 8696/5/4
f 8696/5/4 8689/5/4 8697/5/4
f 8690/4/4 8691/4/4 8698/4/4
f 8698/4/4 8691/4/4 8699/4/4
f 8700/4/4 8701/4/4 8707/4/4
f 8701/6/4 8702/6/4 8708/6/4
f 8707/4/4 8701/4/4 8708/4/4
f 8708/6/4 8702/6/4 8709/6/4
f 8703/5/4 8704/5/4 8710/5/4
f 8710/5/4 8704/5/4 8711/5/4
f 8705/4/4 8706/4/4 8713/4/4
f 8713/4/4 8706/4/4 8714/4/4
f 8707/6/4 8708/6/4 8715/6/4
f 8708/5/4 8709/5/4 8716/5/4
f 8715/6/4 8708/6/4 8716/6/4
f 8716/5/4 8709/5/4 8717/5/4
f 8712/1/4 8713/1/4 8718/1/4
f 8718/1/4 8713/1/4 8719/1/4
f 8715/2/4 8716/2/4 8720/2/4
f 8720/2/4 8716/2/4 8721/2/4
f 8722/6/4 8723/6/4 8727/6/4
f 8727/6/4 8723/6/4 8728/6/4
f 8724/5/4 8725/5/4 8729/5/4
f 8729/5/4 8725/5/4 8730/5/4
f 8726/4/4 8727/4/4 8731/4/4
f 8731/4/4 8727/4/4 8732/4/4
f 8729/6/4 8730/6/4 8736/6/4
f 8736/6/4 8730/6/4 8737/6/4
f 8733/3/4 8734/3/4 8738/3/4
f 8738/3/4 8734/3/4 8739/3/4
f 8735/2/4 8736/2/4 8740/2/4
f 8740/2/4 8736/2/4 8741/2/4
f 8739/1/4 8740/1/4 8742/1/4
f 8742/1/4 8740/1/4 8743/1/4
f 8744/1/4 8745/1/4 8748/1/4
f 8748/1/4 8745/1/4 8749/1/4
f 8746/2/4 8747/2/4 8750/2/4
f 8750/2/4 8747/2/4 8751/2/4
f 8748/3/4 8749/3/4 8752/3/4
f 8752/3/4 8749/3/4 8753/3/4
f 8750/1/4 8751/1/4 8754/1/4
f 8754/1/4 8751/1/4 8755/1/4
f 8752/2/4 8753/2/4 8756/2/4
f 8756/2/4 8753/2/4 8757/2/4
f 8758/5/4 8759/5/4 8761/5/4
f 8761/5/4 8759/5/4 8762/5/4
f 8760/5/4 8761/5/4 8767/5/4
f 8767/5/4 8761/5/4 8768/5/4
f 8763/3/4 8764/3/4 8770/3/4
f 8770/3/4 8764/3/4 8771/3/4
f 8765/3/4 8766/3/4 8773/3/4
f 8773/3/4 8766/3/4 8774/3/4
f 8769/4/4 8770/4/4 8775/4/4
f 8775/4/4 8770/4/4 8776/4/4
f 8772/1/4 8773/1/4 8777/1/4
f 8777/1/4 8773/1/4 8778/1/4
f 8777/6/4 8778/6/4 8779/6/4
f 8779/6/4 8778/6/4 8780/6/4
f 8781/3/4 8782/3/4 8783/3/4
f 8783/3/4 8782/3/4 8784/3/4
f 8785/3/4 8786/3/4 8792/3/4
f 8792/3/4 8786/3/4 8793/3/4
f 8787/2/4 8788/2/4 8794/2/4
f 8794/2/4 8788/2/4 8795/2/4
f 8789/3/4 8790/3/4 8796/3/4
f 8796/3/4 8790/3/4 8797/3/4
f 8791/1/4 8792/1/4 8800/1/4
f 8795/4/4 8796/4/4 8801/4/4
f 8801/4/4 8796/4/4 8802/4/4
f 8797/6/4 8798/6/4 8803/6/4
f 8803/6/4 8798/6/4 8804/6/4
f 8799/1/4 8800/1/4 8805/1/4
f 8800/1/4 8792/1/4 8806/1/4
f 8805/1/4 8800/1/4 8806/1/4
f 8806/1/4 8792/1/4 8807/1/4
f 8801/3/4 8802/3/4 8811/3/4
f 8811/3/4 8802/3/4 8812/3/4
f 8803/1/4 8804/1/4 8813/1/4
f 8804/3/4 8805/3/4 8814/3/4
f 8813/1/4 8804/1/4 8814/1/4
f 8814/3/4 8805/3/4 8815/3/4
f 8806/2/4 8807/2/4 8816/2/4
f 8816/2/4 8807/2/4 8817/2/4
f 8808/1/4 8809/1/4 8818/1/4
f 8809/3/4 8810/3/4 8819/3/4
f 8818/1/4 8809/1/4 8819/1/4
f 8819/3/4 8810/3/4 8820/3/4
f 8814/2/4 8815/2/4 8821/2/4
f 8821/2/4 8815/2/4 8822/2/4
f 8819/3/4 8820/3/4 8823/3/4
f 8823/3/4 8820/3/4 8824/3/4
f 8821/3/4 8822/3/4 8825/3/4
f 8825/3/4 8822/3/4 8826/3/4
f 8827/1/4 8828/1/4 8831/1/4
f 8831/1/4 8828/1/4 8832/1/4
f 8829/5/4 8830/5/4 8833/5/4
f 8833/5/4 8830/5/4 8834/5/4
f 8831/4/4 8832/4/4 8837/4/4
f 8837/4/4 8832/4/4 8838/4/4
f 8835/5/4 8836/5/4 8839/5/4
f 8839/5/4 8836/5/4 8840/5/4
f 8841/6/4 8842/6/4 8847/6/4
f 8847/6/4 8842/6/4 8848/6/4
f 8843/1/4 8844/1/4 8849/1/4
f 8849/1/4 8844/1/4 8850/1/4
f 8845/4/4 8846/4/4 8851/4/4
f 8848/6/4 8849/6/4 8854/6/4
f 8854/6/4 8849/6/4 8855/6/4
f 8845/4/4 8851/4/4 8857/4/4
f 8851/6/4 8852/6/4 8858/6/4
f 8857/4/4 8851/4/4 8858/4/4
f 8858/6/4 8852/6/4 8859/6/4
f 8853/2/4 8854/2/4 8860/2/4
f 8860/2/4 8854/2/4 8861/2/4
f 8855/6/4 8856/6/4 8862/6/4
f 8856/3/4 8857/3/4 8863/3/4
f 8862/6/4 8856/6/4 8863/6/4
f 8857/6/4 8858/6/4 8864/6/4
f 8863/3/4 8857/3/4 8864/3/4
f 8864/6/4 8858/6/4 8865/6/4
f 8866/1/4 8867/1/4 8868/1/4
f 8868/1/4 8867/1/4 8869/1/4
f 8869/3/4 8870/3/4 8871/3/4
f 8871/3/4 8870/3/4 8872/3/4
f 8873/1/4 8874/1/4 8875/1/4
f 8875/1/4 8874/1/4 8876/1/4
f 8877/1/4 8878/1/4 8882/1/4
f 8878/4/4 8879/4/4 8883/4/4
f 8882/1/4 8878/1/4 8883/1/4
f 8883/4/4 8879/4/4 8884/4/4
f 8880/4/4 8881/4/4 8887/4/4
f 8887/4/4 8881/4/4 8888/4/4
f 8883/3/4 8884/3/4 8889/3/4
f 8889/3/4 8884/3/4 8890/3/4
f 8885/4/4 8886/4/4 8891/4/4
f 8891/4/4 8886/4/4 8892/4/4
f 8890/5/4 8891/5/4 8893/5/4
f 8891/6/4 8892/6/4 8894/6/4
f 8893/5/4 8891/5/4 8894/5/4
f 8894/6/4 8892/6/4 8895/6/4
f 8896/5/4 8897/5/4 8898/5/4
f 8898/5/4 8897/5/4 8899/5/4
f 8898/4/4 8899/4/4 8900/4/4
f 8900/4/4 8899/4/4 8901/4/4
f 8902/4/4 8903/4/4 8906/4/4
f 8906/4/4 8903/4/4 8907/4/4
f 8904/5/4 8905/5/4 8909/5/4
f 8909/5/4 8905/5/4 8910/5/4
f 8908/6/4 8909/6/4 8915/6/4
f 8915/6/4 8909/6/4 8916/6/4
f 8911/6/4 8912/6/4 8918/6/4
f 8918/6/4 8912/6/4 8919/6/4
f 8913/1/4 8914/1/4 8920/1/4
f 8920/1/4 8914/1/4 8921/1/4
f 8916/1/4 8917/1/4 8922/1/4
f 8922/1/4 8917/1/4 8923/1/4
f 8920/4/4 8921/4/4 8924/4/4
f 8924/4/4 8921/4/4 8925/4/4
f 8926/6/4 8927/6/4 8934/6/4
f 8934/6/4 8927/6/4 8935/6/4
f 8928/1/4 8929/1/4 8938/1/4
f 8938/1/4 8929/1/4 8939/1/4
f 8930/4/4 8931/4/4 8940/4/4
f 8940/4/4 8931/4/4 8941/4/4
f 8932/3/4 8933/3/4 8942/3/4
f 8933/5/4 8934/5/4 8943/5/4
f 8942/3/4 8933/3/4 8943/3/4
f 8943/5/4 8934/5/4 8944/5/4
f 8936/3/4 8937/3/4 8945/3/4
f 8945/3/4 8937/3/4 8946/3/4
f 8943/5/4 8944/5/4 8949/5/4
f 8949/5/4 8944/5/4 8950/5/4
f 8947/2/4 8948/2/4 8952/2/4
f 8952/2/4 8948/2/4 8953/2/4
f 8950/4/4 8951/4/4 8954/4/4
f 8954/4/4 8951/4/4 8955/4/4
f 8952/1/4 8953/1/4 8956/1/4
f 8956/1/4 8953/1/4 8957/1/4
f 8958/6/4 8959/6/4 8960/6/4
f 8960/6/4 8959/6/4 8961/6/4
f 8960/3/4 8961/3/4 8963/3/4
f 8963/3/4 8961/3/4 8964/3/4
f 8962/2/4 8963/2/4 8965/2/4
f 8963/3/4 8964/3/4 8966/3/4
f 8965/2/4 8963/2/4 8966/2/4
f 8966/3/4 8964/3/4 8967/3/4
f 8968/5/4 8969/5/4 8971/5/4
f 8969/3/4 8970/3/4 8972/3/4
f 8971/5/4 8969/5/4 8972/5/4
f 8972/3/4 8970/3/4 8973/3/4
f 8974/5/4 8975/5/4 8976/5/4
f 8976/5/4 8975/5/4 8977/5/4
f 8978/4/4 8979/4/4 8981/4/4
f 8979/6/4 8980/6/4 8982/6/4
f 8981/4/4 8979/4/4 8982/4/4
f 8982/6/4 8980/6/4 8983/6/4
f 8984/3/4 8985/3/4 8987/3/4
f 8987/3/4 8985/3/4 8988/3/4
f 8986/1/4 8987/1/4 8989/1/4
f 8987/4/4 8988/4/4 8990/4/4
f 8989/1/4 8987/1/4 8990/1/4
f 8990/4/4 8988/4/4 8991/4/4
f 8991/1/4 8992/1/4 8994/1/4
f 8994/1/4 8992/1/4 8995/1/4
f 8993/1/4 8994/1/4 8996/1/4
f 8996/1/4 8994/1/4 8997/1/4
f 8997/4/4 8998/4/4 9001/4/4
f 8998/6/4 8999/6/4 9002/6/4
f 9001/4/4 8998/4/4 9002/4/4
f 8999/5/4 9000/5/4 9003/5/4
f 9002/6/4 8999/6/4 9003/6/4
f 9003/5/4 9000/5/4 9004/5/4
f 9005/5/4 9006/5/4 9010/5/4
f 9006/5/4 9007/5/4 9010/5/4
f 9010/5/4 9007/5/4 9011/5/4
f 9008/4/4 9009/4/4 9012/4/4
f 9012/4/4 9009/4/4 9013/4/4
f 9014/4/4 9015/4/4 9021/4/4
f 9021/4/4 9015/4/4 9022/4/4
f 9016/6/4 9017/6/4 9023/6/4
f 9023/6/4 9017/6/4 9024/6/4
f 9018/5/4 9019/5/4 9025/5/4
f 9019/6/4 9020/6/4 9026/6/4
f 9025/5/4 9019/5/4 9026/5/4
f 9026/6/4 9020/6/4 9027/6/4
f 9028/3/4 9029/3/4 9032/3/4
f 9032/3/4 9029/3/4 9033/3/4
f 9030/3/4 9031/3/4 9034/3/4
f 9034/3/4 9031/3/4 9035/3/4
f 9032/2/4 9033/2/4 9039/2/4
f 9039/2/4 9033/2/4 9040/2/4
f 9036/3/4 9037/3/4 9043/3/4
f 9037/2/4 9038/2/4 9044/2/4
f 9043/3/4 9037/3/4 9044/3/4
f 9044/2/4 9038/2/4 9045/2/4
f 9041/1/4 9042/1/4 9046/1/4
f 9042/2/4 9043/2/4 9047/2/4
f 9046/1/4 9042/1/4 9047/1/4
f 9043/4/4 9044/4/4 9048/4/4
f 9047/2/4 9043/2/4 9048/2/4
f 9048/4/4 9044/4/4 9049/4/4
f 9049/6/4 9050/6/4 9057/6/4
f 9050/5/4 9051/5/4 9058/5/4
f 9057/6/4 9050/6/4 9058/6/4
f 9051/4/4 9052/4/4 9059/4/4
f 9058/5/4 9051/5/4 9059/5/4
f 9059/4/4 9052/4/4 9060/4/4
f 9053/6/4 9054/6/4 9061/6/4
f 9054/3/4 9055/3/4 9062/3/4
f 9061/6/4 9054/6/4 9062/6/4
f 9055/6/4 9056/6/4 9063/6/4
f 9062/3/4 9055/3/4 9063/3/4
f 9063/6/4 9056/6/4 9064/6/4
f 9065/1/4 9066/1/4 9069/1/4
f 9069/1/4 9066/1/4 9070/1/4
f 9067/3/4 9068/3/4 9071/3/4
f 9071/3/4 9068/3/4 9072/3/4
f 9071/4/4 9072/4/4 9078/4/4
f 9072/6/4 9073/6/4 9079/6/4
f 9078/4/4 9072/4/4 9079/4/4
f 9079/6/4 9073/6/4 9080/6/4
f 9074/2/4 9075/2/4 9081/2/4
f 9081/2/4 9075/2/4 9082/2/4
f 9076/1/4 9077/1/4 9083/1/4
f 9083/1/4 9077/1/4 9084/1/4
f 9082/5/4 9083/5/4 9087/5/4
f 9087/5/4 9083/5/4 9088/5/4
f 9085/4/4 9086/4/4 9089/4/4
f 9089/4/4 9086/4/4 9090/4/4
f 9091/1/4 9092/1/4 9094/1/4
f 9094/1/4 9092/1/4 9095/1/4
f 9093/5/4 9094/5/4 9097/5/4
f 9094/6/4 9095/6/4 9098/6/4
f 9097/5/4 9094/5/4 9098/5/4
f 9095/3/4 9096/3/4 9099/3/4
f 9098/6/4 9095/6/4 9099/6/4
f 9099/3/4 9096/3/4 9100/3/4
f 9101/3/4 9102/3/4 9103/3/4
f 9103/3/4 9102/3/4 9104/3/4
f 9105/4/4 9106/4/4 9107/4/4
f 9107/4/4 9106/4/4 9108/4/4
f 9109/1/4 9110/1/4 9112/1/4
f 9112/1/4 9110/1/4 9113/1/4
f 9111/5/4 9112/5/4 9118/5/4
f 9112/4/4 9113/4/4 9119/4/4
f 9118/5/4 9112/5/4 9119/5/4
f 9119/4/4 9113/4/4 9120/4/4
f 9114/3/4 9115/3/4 9121/3/4
f 9121/3/4 9115/3/4 9122/3/4
f 9116/3/4 9117/3/4 9124/3/4
f 9124/3/4 9117/3/4 9125/3/4
f 9120/3/4 9121/3/4 9127/3/4
f 9121/6/4 9122/6/4 9128/6/4
f 9127/3/4 9121/3/4 9128/3/4
f 9122/3/4 9123/3/4 9129/3/4
f 9128/6/4 9122/6/4 9129/6/4
f 9129/3/4 9123/3/4 9130/3/4
f 9126/5/4 9127/5/4 9134/5/4
f 9134/5/4 9127/5/4 9135/5/4
f 9131/6/4 9132/6/4 9137/6/4
f 9137/6/4 9132/6/4 9138/6/4
f 9133/2/4 9134/2/4 9139/2/4
f 9139/2/4 9134/2/4 9140/2/4
f 9136/6/4 9137/6/4 9144/6/4
f 9137/2/4 9138/2/4 9145/2/4
f 9144/6/4 9137/6/4 9145/6/4
f 9145/2/4 9138/2/4 9146/2/4
f 9139/6/4 9140/6/4 9147/6/4
f 9140/1/4 9141/1/4 9148/1/4
f 9147/6/4 9140/6/4 9148/6/4
f 9141/1/4 9142/1/4 9148/1/4
f 9148/1/4 9142/1/4 9149/1/4
f 9142/2/4 9143/2/4 9150/2/4
f 9149/1/4 9142/1/4 9150/1/4
f 9150/2/4 9143/2/4 9151/2/4
f 9150/3/4 9151/3/4 9155/3/4
f 9151/5/4 9152/5/4 9156/5/4
f 9155/3/4 9151/3/4 9156/3/4
f 9156/5/4 9152/5/4 9157/5/4
f 9153/3/4 9154/3/4 9160/3/4
f 9160/3/4 9154/3/4 9161/3/4
f 9156/1/4 9157/1/4 9163/1/4
f 9157/3/4 9158/3/4 9164/3/4
f 9163/1/4 9157/1/4 9164/1/4
f 9158/5/4 9159/5/4 9165/5/4
f 9164/3/4 9158/3/4 9165/3/4
f 9159/2/4 9160/2/4 9166/2/4
f 9165/5/4 9159/5/4 9166/5/4
f 9166/2/4 9160/2/4 9167/2/4
f 9162/4/4 9163/4/4 9170/4/4
f 9163/6/4 9164/6/4 9171/6/4
f 9170/4/4 9163/4/4 9171/4/4
f 9164/1/4 9165/1/4 9172/1/4
f 9171/6/4 9164/6/4 9172/6/4
f 9165/2/4 9166/2/4 9173/2/4
f 9172/1/4 9165/1/4 9173/1/4
f 9173/2/4 9166/2/4 9174/2/4
f 9168/1/4 9169/1/4 9176/1/4
f 9176/1/4 9169/1/4 9177/1/4
f 9172/1/4 9173/1/4 9178/1/4
f 9178/1/4 9173/1/4 9179/1/4
f 9175/2/4 9176/2/4 9180/2/4
f 9180/2/4 9176/2/4 9181/2/4
f 9182/4/4 9183/4/4 9186/4/4
f 9186/4/4 9183/4/4 9187/4/4
f 9184/5/4 9185/5/4 9189/5/4
f 9189/5/4 9185/5/4 9190/5/4
f 9188/3/4 9189/3/4 9194/3/4
f 9194/3/4 9189/3/4 9195/3/4
f 9190/4/4 9191/4/4 9196/4/4
f 9196/4/4 9191/4/4 9197/4/4
f 9192/1/4 9193/1/4 9198/1/4
f 9198/1/4 9193/1/4 9199/1/4
f 9199/6/4 9200/6/4 9201/6/4
f 9201/6/4 9200/6/4 9202/6/4
f 9203/4/4 9204/4/4 9206/4/4
f 9206/4/4 9204/4/4 9207/4/4
f 9205/6/4 9206/6/4 9208/6/4
f 9208/6/4 9206/6/4 9209/6/4
f 9210/1/4 9211/1/4 9215/1/4
f 9215/1/4 9211/1/4 9216/1/4
f 9212/1/4 9213/1/4 9217/1/4
f 9213/3/4 9214/3/4 9218/3/4
f 9217/1/4 9213/1/4 9218/1/4
f 9218/3/4 9214/3/4 9219/3/4
f 9215/2/4 9216/2/4 9220/2/4
f 9220/2/4 9216/2/4 9221/2/4
f 9217/5/4 9218/5/4 9222/5/4
f 9218/5/4 9219/5/4 9222/5/4
f 9222/5/4 9219/5/4 9223/5/4
f 9223/5/4 9219/5/4 9224/5/4
f 9220/3/4 9221/3/4 9225/3/4
f 9225/3/4 9221/3/4 9226/3/4
f 9227/4/4 9228/4/4 9231/4/4
f 9231/4/4 9228/4/4 9232/4/4
f 9229/3/4 9230/3/4 9233/3/4
f 9233/3/4 9230/3/4 9234/3/4
f 9234/3/4 9230/3/4 9235/3/4
f 9233/4/4 9234/4/4 9236/4/4
f 9236/4/4 9234/4/4 9237/4/4
f 9238/2/4 9239/2/4 9240/2/4
f 9240/2/4 9239/2/4 9241/2/4
f 9241/3/4 9242/3/4 9245/3/4
f 9245/3/4 9242/3/4 9246/3/4
f 9243/4/4 9244/4/4 9249/4/4
f 9249/4/4 9244/4/4 9250/4/4
f 9246/6/4 9247/6/4 9251/6/4
f 9251/6/4 9247/6/4 9252/6/4
f 9248/2/4 9249/2/4 9253/2/4
f 9249/4/4 9250/4/4 9254/4/4
f 9253/2/4 9249/2/4 9254/2/4
f 9254/4/4 9250/4/4 9255/4/4
f 9255/2/4 9256/2/4 9258/2/4
f 9256/4/4 9257/4/4 9259/4/4
f 9258/2/4 9256/2/4 9259/2/4
f 9259/4/4 9257/4/4 9260/4/4
f 9259/5/4 9260/5/4 9261/5/4
f 9259/5/4 9261/5/4 9266/5/4
f 9266/5/4 9261/5/4 9267/5/4
f 9262/3/4 9263/3/4 9268/3/4
f 9268/3/4 9263/3/4 9269/3/4
f 9264/5/4 9265/5/4 9271/5/4
f 9271/5/4 9265/5/4 9272/5/4
f 9266/6/4 9267/6/4 9274/6/4
f 9274/6/4 9267/6/4 9275/6/4
f 9268/2/4 9269/2/4 9276/2/4
f 9269/3/4 9270/3/4 9277/3/4
f 9276/2/4 9269/2/4 9277/2/4
f 9277/3/4 9270/3/4 9278/3/4
f 9271/4/4 9272/4/4 9279/4/4
f 9279/4/4 9272/4/4 9280/4/4
f 9273/6/4 9274/6/4 9281/6/4
f 9274/5/4 9275/5/4 9282/5/4
f 9281/6/4 9274/6/4 9282/6/4
f 9282/5/4 9275/5/4 9283/5/4
f 9276/1/4 9277/1/4 9284/1/4
f 9284/1/4 9277/1/4 9285/1/4
f 9279/3/4 9280/3/4 9286/3/4
f 9286/3/4 9280/3/4 9287/3/4
f 9288/1/4 9289/1/4 9292/1/4
f 9292/1/4 9289/1/4 9293/1/4
f 9290/2/4 9291/2/4 9295/2/4
f 9292/5/4 9293/5/4 9296/5/4
f 9293/2/4 9294/2/4 9297/2/4
f 9296/5/4 9293/5/4 9297/5/4
f 9297/2/4 9294/2/4 9298/2/4
f 9290/2/4 9295/2/4 9299/2/4
f 9295/5/4 9296/5/4 9300/5/4
f 9299/2/4 9295/2/4 9300/2/4
f 9296/3/4 9297/3/4 9301/3/4
f 9300/5/4 9296/5/4 9301/5/4
f 9301/3/4 9297/3/4 9302/3/4
f 9303/4/4 9304/4/4 9306/4/4
f 9306/4/4 9304/4/4 9307/4/4
f 9305/6/4 9306/6/4 9310/6/4
f 9306/1/4 9307/1/4 9311/1/4
f 9310/6/4 9306/6/4 9311/6/4
f 9311/1/4 9307/1/4 9312/1/4
f 9308/3/4 9309/3/4 9314/3/4
f 9314/3/4 9309/3/4 9315/3/4
f 9311/5/4 9312/5/4 9317/5/4
f 9312/3/4 9313/3/4 9318/3/4
f 9317/5/4 9312/5/4 9318/5/4
f 9318/3/4 9313/3/4 9319/3/4
f 9314/5/4 9315/5/4 9320/5/4
f 9315/3/4 9316/3/4 9321/3/4
f 9320/5/4 9315/5/4 9321/5/4
f 9321/3/4 9316/3/4 9322/3/4
f 9317/6/4 9318/6/4 9323/6/4
f 9318/1/4 9319/1/4 9324/1/4
f 9323/6/4 9318/6/4 9324/6/4
f 9324/1/4 9319/1/4 9325/1/4
f 9326/1/4 9327/1/4 9328/1/4
f 9328/1/4 9327/1/4 9329/1/4
f 9328/6/4 9329/6/4 9332/6/4
f 9332/6/4 9329/6/4 9333/6/4
f 9330/2/4 9331/2/4 9334/2/4
f 9334/2/4 9331/2/4 9335/2/4
f 9332/4/4 9333/4/4 9341/4/4
f 9341/4/4 9333/4/4 9342/4/4
f 9336/3/4 9337/3/4 9345/3/4
f 9345/3/4 9337/3/4 9346/3/4
f 9338/1/4 9339/1/4 9347/1/4
f 9347/1/4 9339/1/4 9348/1/4
f 9340/4/4 9341/4/4 9349/4/4
f 9349/4/4 9341/4/4 9350/4/4
f 9342/6/4 9343/6/4 9351/6/4
f 9343/5/4 9344/5/4 9352/5/4
f 9351/6/4 9343/6/4 9352/6/4
f 9352/5/4 9344/5/4 9353/5/4
f 9351/1/4 9352/1/4 9354/1/4
f 9354/1/4 9352/1/4 9355/1/4
f 9356/1/4 9357/1/4 9359/1/4
f 9357/4/4 9358/4/4 9360/4/4
f 9359/1/4 9357/1/4 9360/1/4
f 9360/4/4 9358/4/4 9361/4/4
f 9359/3/4 9360/3/4 9362/3/4
f 9362/3/4 9360/3/4 9363/3/4
f 9364/4/4 9365/4/4 9367/4/4
f 9367/4/4 9365/4/4 9368/4/4
f 9368/4/4 9365/4/4 9369/4/4
f 9366/2/4 9367/2/4 9370/2/4
f 9367/3/4 9368/3/4 9371/3/4
f 9370/2/4 9367/2/4 9371/2/4
f 9371/3/4 9368/3/4 9372/3/4
f 9371/4/4 9372/4/4 9373/4/4
f 9373/4/4 9372/4/4 9374/4/4
f 9375/6/4 9376/6/4 9377/6/4
f 9377/6/4 9376/6/4 9378/6/4
f 9377/5/4 9378/5/4 9380/5/4
f 9378/4/4 9379/4/4 9381/4/4
f 9380/5/4 9378/5/4 9381/5/4
f 9381/4/4 9379/4/4 9382/4/4
f 9381/6/4 9382/6/4 9383/6/4
f 9383/6/4 9382/6/4 9384/6/4
f 9385/1/4 9386/1/4 9389/1/4
f 9389/1/4 9386/1/4 9390/1/4
f 9387/2/4 9388/2/4 9391/2/4
f 9391/2/4 9388/2/4 9392/2/4
f 9389/5/4 9390/5/4 9394/5/4
f 9394/5/4 9390/5/4 9395/5/4
f 9392/3/4 9393/3/4 9396/3/4
f 9396/3/4 9393/3/4 9397/3/4
f 9398/4/4 9399/4/4 9400/4/4
f 9400/4/4 9399/4/4 9401/4/4
f 9400/1/4 9401/1/4 9402/1/4
f 9402/1/4 9401/1/4 9403/1/4
f 9413/6/5 9405/6/5 9404/6/5
f 9414/2/5 9406/2/5 9405/2/5
f 9414/6/5 9405/6/5 9413/6/5
f 9415/2/5 9406/2/5 9414/2/5
f 9416/2/5 9406/2/5 9415/2/5
f 9418/5/5 9408/5/5 9407/5/5
f 9419/5/5 9408/5/5 9418/5/5
f 9420/1/5 9410/1/5 9409/1/5
f 9421/2/5 9411/2/5 9410/2/5
f 9421/1/5 9410/1/5 9420/1/5
f 9422/5/5 9413/5/5 9412/5/5
f 9423/5/5 9413/5/5 9422/5/5
f 9424/6/5 9415/6/5 9414/6/5
f 9425/4/5 9416/4/5 9415/4/5
f 9425/6/5 9415/6/5 9424/6/5
f 9426/2/5 9417/2/5 9416/2/5
f 9426/4/5 9416/4/5 9425/4/5
f 9427/2/5 9417/2/5 9426/2/5
f 9429/4/5 9419/4/5 9418/4/5
f 9430/6/5 9420/6/5 9419/6/5
f 9430/4/5 9419/4/5 9429/4/5
f 9431/6/5 9420/6/5 9430/6/5
f 9432/2/5 9411/2/5 9421/2/5
f 9433/2/5 9411/2/5 9432/2/5
f 9438/1/5 9423/1/5 9422/1/5
f 9439/4/5 9424/4/5 9423/4/5
f 9439/1/5 9423/1/5 9438/1/5
f 9440/4/5 9424/4/5 9439/4/5
f 9445/4/5 9429/4/5 9428/4/5
f 9446/6/5 9430/6/5 9429/6/5
f 9446/4/5 9429/4/5 9445/4/5
f 9447/1/5 9431/1/5 9430/1/5
f 9447/6/5 9430/6/5 9446/6/5
f 9448/2/5 9432/2/5 9431/2/5
f 9448/1/5 9431/1/5 9447/1/5
f 9449/2/5 9432/2/5 9448/2/5
f 9450/3/5 9434/3/5 9433/3/5
f 9451/3/5 9434/3/5 9450/3/5
f 9453/3/5 9436/3/5 9435/3/5
f 9454/5/5 9437/5/5 9436/5/5
f 9454/3/5 9436/3/5 9453/3/5
f 9455/5/5 9437/5/5 9454/5/5
f 9457/4/5 9440/4/5 9439/4/5
f 9458/6/5 9441/6/5 9440/6/5
f 9458/4/5 9440/4/5 9457/4/5
f 9459/3/5 9442/3/5 9441/3/5
f 9459/6/5 9441/6/5 9458/6/5
f 9460/3/5 9442/3/5 9459/3/5
f 9461/2/5 9443/2/5 9442/2/5
f 9461/3/5 9442/3/5 9460/3/5
f 9462/5/5 9445/5/5 9444/5/5
f 9463/6/5 9446/6/5 9445/6/5
f 9463/5/5 9445/5/5 9462/5/5
f 9464/5/5 9447/5/5 9446/5/5
f 9464/6/5 9446/6/5 9463/6/5
f 9465/5/5 9447/5/5 9464/5/5
f 9466/6/5 9449/6/5 9448/6/5
f 9466/6/5 9450/6/5 9449/6/5
f 9467/6/5 9450/6/5 9466/6/5
f 9468/4/5 9451/4/5 9450/4/5
f 9468/6/5 9450/6/5 9467/6/5
f 9469/4/5 9451/4/5 9468/4/5
f 9470/5/5 9453/5/5 9452/5/5
f 9471/5/5 9453/5/5 9470/5/5
f 9472/3/5 9456/3/5 9455/3/5
f 9472/3/5 9455/3/5 9454/3/5
f 9473/3/5 9456/3/5 9472/3/5
f 9474/3/5 9456/3/5 9473/3/5
f 9478/6/5 9460/6/5 9459/6/5
f 9479/2/5 9461/2/5 9460/2/5
f 9479/6/5 9460/6/5 9478/6/5
f 9480/2/5 9443/2/5 9461/2/5
f 9480/2/5 9461/2/5 9479/2/5
f 9481/2/5 9443/2/5 9480/2/5
f 9482/1/5 9463/1/5 9462/1/5
f 9483/1/5 9463/1/5 9482/1/5
f 9484/4/5 9465/4/5 9464/4/5
f 9484/1/5 9463/1/5 9483/1/5
f 9484/4/5 9464/4/5 9463/4/5
f 9484/4/5 9466/4/5 9465/4/5
f 9485/4/5 9466/4/5 9484/4/5
f 9486/4/5 9466/4/5 9485/4/5
f 9487/1/5 9468/1/5 9467/1/5
f 9488/1/5 9468/1/5 9487/1/5
f 9490/4/5 9471/4/5 9470/4/5
f 9491/2/5 9472/2/5 9471/2/5
f 9491/2/5 9473/2/5 9472/2/5
f 9491/4/5 9471/4/5 9490/4/5
f 9492/2/5 9473/2/5 9491/2/5
f 9493/5/5 9474/5/5 9473/5/5
f 9493/2/5 9473/2/5 9492/2/5
f 9493/5/5 9475/5/5 9474/5/5
f 9494/5/5 9475/5/5 9493/5/5
f 9495/5/5 9475/5/5 9494/5/5
f 9496/2/5 9477/2/5 9476/2/5
f 9497/4/5 9478/4/5 9477/4/5
f 9497/2/5 9477/2/5 9496/2/5
f 9498/4/5 9478/4/5 9497/4/5
f 9499/4/5 9480/4/5 9479/4/5
f 9500/4/5 9480/4/5 9499/4/5
f 9501/3/5 9483/3/5 9482/3/5
f 9502/3/5 9483/3/5 9501/3/5
f 9503/6/5 9485/6/5 9484/6/5
f 9504/6/5 9485/6/5 9503/6/5
f 9505/6/5 9485/6/5 9504/6/5
f 9506/5/5 9490/5/5 9489/5/5
f 9507/3/5 9491/3/5 9490/3/5
f 9507/5/5 9490/5/5 9506/5/5
f 9508/2/5 9492/2/5 9491/2/5
f 9508/3/5 9491/3/5 9507/3/5
f 9509/4/5 9493/4/5 9492/4/5
f 9509/2/5 9492/2/5 9508/2/5
f 9510/3/5 9494/3/5 9493/3/5
f 9510/4/5 9493/4/5 9509/4/5
f 9511/3/5 9494/3/5 9510/3/5
f 9512/4/5 9498/4/5 9497/4/5
f 9513/5/5 9499/5/5 9498/5/5
f 9513/4/5 9498/4/5 9512/4/5
f 9514/2/5 9500/2/5 9499/2/5
f 9514/5/5 9499/5/5 9513/5/5
f 9515/6/5 9501/6/5 9500/6/5
f 9515/2/5 9500/2/5 9514/2/5
f 9516/6/5 9501/6/5 9515/6/5
f 9517/2/5 9502/2/5 9501/2/5
f 9517/6/5 9501/6/5 9516/6/5
f 9518/4/5 9504/4/5 9503/4/5
f 9518/2/5 9502/2/5 9517/2/5
f 9518/4/5 9503/4/5 9502/4/5
f 9519/4/5 9504/4/5 9518/4/5
f 9520/4/5 9504/4/5 9519/4/5
f 9525/2/5 9510/2/5 9509/2/5
f 9526/2/5 9510/2/5 9525/2/5
f 9527/1/5 9516/1/5 9515/1/5
f 9527/1/5 9514/1/5 9513/1/5
f 9527/1/5 9515/1/5 9514/1/5
f 9528/1/5 9516/1/5 9527/1/5
f 9529/4/5 9519/4/5 9518/4/5
f 9530/4/5 9519/4/5 9529/4/5
f 9532/1/5 9522/1/5 9521/1/5
f 9533/2/5 9523/2/5 9522/2/5
f 9533/1/5 9522/1/5 9532/1/5
f 9534/3/5 9524/3/5 9523/3/5
f 9534/2/5 9523/2/5 9533/2/5
f 9535/5/5 9525/5/5 9524/5/5
f 9535/3/5 9524/3/5 9534/3/5
f 9536/5/5 9525/5/5 9535/5/5
f 9538/5/5 9533/5/5 9532/5/5
f 9538/5/5 9532/5/5 9531/5/5
f 9539/5/5 9533/5/5 9538/5/5
f 9540/5/5 9533/5/5 9539/5/5
f 9541/2/5 9535/2/5 9534/2/5
f 9542/5/5 9536/5/5 9535/5/5
f 9542/2/5 9535/2/5 9541/2/5
f 9543/1/5 9537/1/5 9536/1/5
f 9543/5/5 9536/5/5 9542/5/5
f 9544/1/5 9537/1/5 9543/1/5
f 9547/3/5 9539/3/5 9538/3/5
f 9548/4/5 9540/4/5 9539/4/5
f 9548/3/5 9539/3/5 9547/3/5
f 9549/4/5 9540/4/5 9548/4/5
f 9550/1/5 9542/1/5 9541/1/5
f 9551/5/5 9543/5/5 9542/5/5
f 9551/1/5 9542/1/5 9550/1/5
f 9552/6/5 9544/6/5 9543/6/5
f 9552/5/5 9543/5/5 9551/5/5
f 9553/6/5 9544/6/5 9552/6/5
f 9554/4/5 9546/4/5 9545/4/5
f 9555/4/5 9546/4/5 9554/4/5
f 9556/4/5 9549/4/5 9548/4/5
f 9557/6/5 9550/6/5 9549/6/5
f 9557/4/5 9549/4/5 9556/4/5
f 9558/6/5 9550/6/5 9557/6/5
f 9559/3/5 9552/3/5 9551/3/5
f 9560/1/5 9553/1/5 9552/1/5
f 9560/3/5 9552/3/5 9559/3/5
f 9561/1/5 9553/1/5 9560/1/5
f 9562/6/5 9555/6/5 9554/6/5
f 9563/6/5 9555/6/5 9562/6/5
f 9566/5/5 9557/5/5 9556/5/5
f 9567/5/5 9557/5/5 9566/5/5
f 9568/2/5 9559/2/5 9558/2/5
f 9569/2/5 9559/2/5 9568/2/5
f 9573/5/5 9565/5/5 9564/5/5
f 9574/5/5 9565/5/5 9573/5/5
f 9575/4/5 9568/4/5 9567/4/5
f 9575/4/5 9569/4/5 9568/4/5
f 9576/1/5 9570/1/5 9569/1/5
f 9576/4/5 9569/4/5 9575/4/5
f 9577/4/5 9571/4/5 9570/4/5
f 9577/1/5 9570/1/5 9576/1/5
f 9578/5/5 9572/5/5 9571/5/5
f 9578/4/5 9571/4/5 9577/4/5
f 9579/5/5 9572/5/5 9578/5/5
f 9589/3/5 9581/3/5 9580/3/5
f 9590/6/5 9582/6/5 9581/6/5
f 9590/3/5 9581/3/5 9589/3/5
f 9591/6/5 9582/6/5 9590/6/5
f 9594/5/5 9584/5/5 9583/5/5
f 9595/5/5 9584/5/5 9594/5/5
f 9596/2/5 9586/2/5 9585/2/5
f 9597/2/5 9586/2/5 9596/2/5
f 9598/2/5 9586/2/5 9597/2/5
f 9599/3/5 9588/3/5 9587/3/5
f 9600/3/5 9588/3/5 9599/3/5
f 9609/4/5 9590/4/5 9589/4/5
f 9610/2/5 9591/2/5 9590/2/5
f 9610/4/5 9590/4/5 9609/4/5
f 9611/3/5 9592/3/5 9591/3/5
f 9611/2/5 9591/2/5 9610/2/5
f 9612/5/5 9594/5/5 9593/5/5
f 9613/3/5 9595/3/5 9594/3/5
f 9613/5/5 9594/5/5 9612/5/5
f 9614/3/5 9595/3/5 9613/3/5
f 9616/6/5 9597/6/5 9596/6/5
f 9617/2/5 9598/2/5 9597/2/5
f 9617/6/5 9597/6/5 9616/6/5
f 9618/4/5 9599/4/5 9598/4/5
f 9618/2/5 9598/2/5 9617/2/5
f 9619/6/5 9600/6/5 9599/6/5
f 9619/4/5 9599/4/5 9618/4/5
f 9620/2/5 9601/2/5 9600/2/5
f 9620/6/5 9600/6/5 9619/6/5
f 9621/1/5 9602/1/5 9601/1/5
f 9621/2/5 9601/2/5 9620/2/5
f 9622/1/5 9602/1/5 9621/1/5
f 9623/4/5 9604/4/5 9603/4/5
f 9624/6/5 9605/6/5 9604/6/5
f 9624/4/5 9604/4/5 9623/4/5
f 9625/5/5 9606/5/5 9605/5/5
f 9625/6/5 9605/6/5 9624/6/5
f 9626/3/5 9607/3/5 9606/3/5
f 9626/5/5 9606/5/5 9625/5/5
f 9627/2/5 9608/2/5 9607/2/5
f 9627/3/5 9607/3/5 9626/3/5
f 9628/3/5 9609/3/5 9608/3/5
f 9628/2/5 9608/2/5 9627/2/5
f 9629/5/5 9610/5/5 9609/5/5
f 9629/3/5 9609/3/5 9628/3/5
f 9629/5/5 9611/5/5 9610/5/5
f 9630/5/5 9611/5/5 9629/5/5
f 9631/3/5 9592/3/5 9611/3/5
f 9631/5/5 9611/5/5 9630/5/5
f 9632/3/5 9592/3/5 9631/3/5
f 9633/4/5 9613/4/5 9612/4/5
f 9634/3/5 9615/3/5 9614/3/5
f 9635/3/5 9615/3/5 9634/3/5
f 9636/2/5 9618/2/5 9617/2/5
f 9637/1/5 9619/1/5 9618/1/5
f 9637/2/5 9618/2/5 9636/2/5
f 9638/1/5 9619/1/5 9637/1/5
f 9639/6/5 9621/6/5 9620/6/5
f 9640/5/5 9622/5/5 9621/5/5
f 9640/6/5 9621/6/5 9639/6/5
f 9641/5/5 9622/5/5 9640/5/5
f 9647/1/5 9628/1/5 9627/1/5
f 9648/2/5 9629/2/5 9628/2/5
f 9648/1/5 9628/1/5 9647/1/5
f 9649/2/5 9629/2/5 9648/2/5
f 9650/3/5 9631/3/5 9630/3/5
f 9651/2/5 9632/2/5 9631/2/5
f 9651/3/5 9631/3/5 9650/3/5
f 9652/2/5 9632/2/5 9651/2/5
f 9657/4/5 9633/4/5 9612/4/5
f 9658/1/5 9634/1/5 9633/1/5
f 9658/4/5 9633/4/5 9657/4/5
f 9659/1/5 9634/1/5 9658/1/5
f 9661/5/5 9639/5/5 9638/5/5
f 9662/4/5 9640/4/5 9639/4/5
f 9662/5/5 9639/5/5 9661/5/5
f 9663/4/5 9640/4/5 9662/4/5
f 9666/3/5 9643/3/5 9642/3/5
f 9667/1/5 9644/1/5 9643/1/5
f 9667/3/5 9643/3/5 9666/3/5
f 9668/1/5 9644/1/5 9667/1/5
f 9669/5/5 9646/5/5 9645/5/5
f 9670/2/5 9647/2/5 9646/2/5
f 9670/5/5 9646/5/5 9669/5/5
f 9671/2/5 9647/2/5 9670/2/5
f 9672/4/5 9649/4/5 9648/4/5
f 9673/1/5 9650/1/5 9649/1/5
f 9673/4/5 9649/4/5 9672/4/5
f 9674/2/5 9651/2/5 9650/2/5
f 9674/1/5 9650/1/5 9673/1/5
f 9675/1/5 9652/1/5 9651/1/5
f 9675/2/5 9651/2/5 9674/2/5
f 9676/1/5 9652/1/5 9675/1/5
f 9677/6/5 9654/6/5 9653/6/5
f 9678/5/5 9655/5/5 9654/5/5
f 9678/6/5 9654/6/5 9677/6/5
f 9679/5/5 9655/5/5 9678/5/5
f 9680/2/5 9657/2/5 9656/2/5
f 9681/5/5 9658/5/5 9657/5/5
f 9681/2/5 9657/2/5 9680/2/5
f 9682/5/5 9658/5/5 9681/5/5
f 9683/4/5 9660/4/5 9659/4/5
f 9684/4/5 9660/4/5 9683/4/5
f 9685/1/5 9662/1/5 9661/1/5
f 9686/1/5 9662/1/5 9685/1/5
f 9687/5/5 9664/5/5 9663/5/5
f 9688/5/5 9664/5/5 9687/5/5
f 9690/5/5 9666/5/5 9665/5/5
f 9691/1/5 9667/1/5 9666/1/5
f 9691/5/5 9666/5/5 9690/5/5
f 9692/4/5 9668/4/5 9667/4/5
f 9692/1/5 9667/1/5 9691/1/5
f 9693/3/5 9669/3/5 9668/3/5
f 9693/4/5 9668/4/5 9692/4/5
f 9693/3/5 9670/3/5 9669/3/5
f 9694/3/5 9670/3/5 9693/3/5
f 9695/2/5 9671/2/5 9670/2/5
f 9695/3/5 9670/3/5 9694/3/5
f 9696/6/5 9672/6/5 9671/6/5
f 9696/2/5 9671/2/5 9695/2/5
f 9697/6/5 9672/6/5 9696/6/5
f 9698/6/5 9674/6/5 9673/6/5
f 9699/6/5 9674/6/5 9698/6/5
f 9701/5/5 9677/5/5 9676/5/5
f 9702/1/5 9678/1/5 9677/1/5
f 9702/5/5 9677/5/5 9701/5/5
f 9703/5/5 9679/5/5 9678/5/5
f 9703/4/5 9680/4/5 9679/4/5
f 9704/5/5 9681/5/5 9680/5/5
f 9704/4/5 9680/4/5 9703/4/5
f 9705/5/5 9681/5/5 9704/5/5
f 9706/5/5 9684/5/5 9683/5/5
f 9707/5/5 9684/5/5 9706/5/5
f 9708/3/5 9688/3/5 9687/3/5
f 9709/6/5 9689/6/5 9688/6/5
f 9709/3/5 9688/3/5 9708/3/5
f 9710/4/5 9690/4/5 9689/4/5
f 9710/6/5 9689/6/5 9709/6/5
f 9711/4/5 9690/4/5 9710/4/5
f 9712/5/5 9692/5/5 9691/5/5
f 9713/5/5 9692/5/5 9712/5/5
f 9714/2/5 9694/2/5 9693/2/5
f 9715/2/5 9694/2/5 9714/2/5
f 9717/1/5 9697/1/5 9696/1/5
f 9718/1/5 9697/1/5 9717/1/5
f 9720/2/5 9701/2/5 9700/2/5
f 9721/3/5 9702/3/5 9701/3/5
f 9721/2/5 9701/2/5 9720/2/5
f 9722/1/5 9678/1/5 9702/1/5
f 9722/3/5 9702/3/5 9721/3/5
f 9723/5/5 9703/5/5 9678/5/5
f 9723/1/5 9678/1/5 9722/1/5
f 9724/1/5 9704/1/5 9703/1/5
f 9724/5/5 9703/5/5 9723/5/5
f 9725/3/5 9705/3/5 9704/3/5
f 9725/1/5 9704/1/5 9724/1/5
f 9726/3/5 9705/3/5 9725/3/5
f 9728/3/5 9710/3/5 9709/3/5
f 9730/3/5 9714/3/5 9713/3/5
f 9731/4/5 9715/4/5 9714/4/5
f 9731/3/5 9714/3/5 9730/3/5
f 9732/4/5 9715/4/5 9731/4/5
f 9733/5/5 9717/5/5 9716/5/5
f 9734/1/5 9718/1/5 9717/1/5
f 9734/5/5 9717/5/5 9733/5/5
f 9735/2/5 9719/2/5 9718/2/5
f 9735/1/5 9718/1/5 9734/1/5
f 9736/2/5 9719/2/5 9735/2/5
f 9737/5/5 9722/5/5 9721/5/5
f 9738/4/5 9723/4/5 9722/4/5
f 9738/5/5 9722/5/5 9737/5/5
f 9739/3/5 9724/3/5 9723/3/5
f 9739/4/5 9723/4/5 9738/4/5
f 9740/3/5 9724/3/5 9739/3/5
f 9741/2/5 9727/2/5 9726/2/5
f 9741/2/5 9726/2/5 9725/2/5
f 9742/2/5 9727/2/5 9741/2/5
f 9743/3/5 9728/3/5 9709/3/5
f 9744/5/5 9729/5/5 9728/5/5
f 9744/3/5 9728/3/5 9743/3/5
f 9745/5/5 9729/5/5 9744/5/5
f 9746/2/5 9733/2/5 9732/2/5
f 9747/5/5 9734/5/5 9733/5/5
f 9747/2/5 9733/2/5 9746/2/5
f 9748/4/5 9735/4/5 9734/4/5
f 9748/5/5 9734/5/5 9747/5/5
f 9749/4/5 9735/4/5 9748/4/5
f 9750/2/5 9741/2/5 9740/2/5
f 9751/2/5 9741/2/5 9750/2/5
f 9752/1/5 9747/1/5 9746/1/5
f 9753/5/5 9748/5/5 9747/5/5
f 9753/1/5 9747/1/5 9752/1/5
f 9754/5/5 9748/5/5 9753/5/5
f 9762/5/5 9756/5/5 9755/5/5
f 9763/3/5 9757/3/5 9756/3/5
f 9763/5/5 9756/5/5 9762/5/5
f 9764/3/5 9757/3/5 9763/3/5
f 9766/5/5 9759/5/5 9758/5/5
f 9767/5/5 9759/5/5 9766/5/5
f 9768/1/5 9761/1/5 9760/1/5
f 9769/1/5 9761/1/5 9768/1/5
f 9771/2/5 9765/2/5 9764/2/5
f 9772/2/5 9765/2/5 9771/2/5
f 9778/1/5 9770/1/5 9769/1/5
f 9779/1/5 9770/1/5 9778/1/5
f 9783/5/5 9774/5/5 9773/5/5
f 9784/5/5 9774/5/5 9783/5/5
f 9785/3/5 9776/3/5 9775/3/5
f 9786/1/5 9777/1/5 9776/1/5
f 9786/3/5 9776/3/5 9785/3/5
f 9787/1/5 9777/1/5 9786/1/5
f 9792/1/5 9780/1/5 9779/1/5
f 9793/5/5 9781/5/5 9780/5/5
f 9793/1/5 9780/1/5 9792/1/5
f 9794/2/5 9782/2/5 9781/2/5
f 9794/5/5 9781/5/5 9793/5/5
f 9795/2/5 9782/2/5 9794/2/5
f 9798/5/5 9785/5/5 9784/5/5
f 9799/5/5 9785/5/5 9798/5/5
f 9800/4/5 9787/4/5 9786/4/5
f 9801/4/5 9787/4/5 9800/4/5
f 9802/2/5 9789/2/5 9788/2/5
f 9803/2/5 9789/2/5 9802/2/5
f 9805/5/5 9791/5/5 9790/5/5
f 9806/5/5 9791/5/5 9805/5/5
f 9811/5/5 9797/5/5 9796/5/5
f 9812/5/5 9797/5/5 9811/5/5
f 9815/6/5 9801/6/5 9800/6/5
f 9816/6/5 9801/6/5 9815/6/5
f 9820/1/5 9804/1/5 9803/1/5
f 9821/1/5 9804/1/5 9820/1/5
f 9822/1/5 9808/1/5 9807/1/5
f 9823/1/5 9808/1/5 9822/1/5
f 9826/5/5 9810/5/5 9809/5/5
f 9827/5/5 9810/5/5 9826/5/5
f 9831/1/5 9813/1/5 9812/1/5
f 9832/1/5 9813/1/5 9831/1/5
f 9833/5/5 9815/5/5 9814/5/5
f 9834/6/5 9816/6/5 9815/6/5
f 9834/5/5 9815/5/5 9833/5/5
f 9835/2/5 9817/2/5 9816/2/5
f 9835/6/5 9816/6/5 9834/6/5
f 9836/6/5 9819/6/5 9818/6/5
f 9837/6/5 9819/6/5 9836/6/5
f 9840/2/5 9824/2/5 9823/2/5
f 9841/2/5 9824/2/5 9840/2/5
f 9842/5/5 9826/5/5 9825/5/5
f 9843/1/5 9827/1/5 9826/1/5
f 9843/5/5 9826/5/5 9842/5/5
f 9844/1/5 9827/1/5 9843/1/5
f 9845/5/5 9829/5/5 9828/5/5
f 9846/5/5 9829/5/5 9845/5/5
f 9848/2/5 9831/2/5 9830/2/5
f 9849/1/5 9832/1/5 9831/1/5
f 9849/2/5 9831/2/5 9848/2/5
f 9850/3/5 9833/3/5 9832/3/5
f 9850/1/5 9832/1/5 9849/1/5
f 9851/6/5 9834/6/5 9833/6/5
f 9851/3/5 9833/3/5 9850/3/5
f 9852/2/5 9835/2/5 9834/2/5
f 9852/6/5 9834/6/5 9851/6/5
f 9853/2/5 9817/2/5 9835/2/5
f 9853/2/5 9835/2/5 9852/2/5
f 9854/2/5 9817/2/5 9853/2/5
f 9857/1/5 9839/1/5 9838/1/5
f 9858/1/5 9839/1/5 9857/1/5
f 9859/4/5 9848/4/5 9847/4/5
f 9860/4/5 9848/4/5 9859/4/5
f 9861/4/5 9851/4/5 9850/4/5
f 9862/2/5 9852/2/5 9851/2/5
f 9862/4/5 9851/4/5 9861/4/5
f 9863/5/5 9853/5/5 9852/5/5
f 9863/2/5 9852/2/5 9862/2/5
f 9864/5/5 9853/5/5 9863/5/5
f 9869/6/5 9856/6/5 9855/6/5
f 9870/6/5 9856/6/5 9869/6/5
f 9871/6/5 9862/6/5 9861/6/5
f 9872/3/5 9863/3/5 9862/3/5
f 9872/6/5 9862/6/5 9871/6/5
f 9873/5/5 9864/5/5 9863/5/5
f 9873/3/5 9863/3/5 9872/3/5
f 9874/6/5 9865/6/5 9864/6/5
f 9874/5/5 9864/5/5 9873/5/5
f 9875/1/5 9866/1/5 9865/1/5
f 9875/6/5 9865/6/5 9874/6/5
f 9876/4/5 9868/4/5 9867/4/5
f 9877/4/5 9868/4/5 9876/4/5
f 9880/3/5 9872/3/5 9871/3/5
f 9881/6/5 9873/6/5 9872/6/5
f 9881/3/5 9872/3/5 9880/3/5
f 9882/1/5 9874/1/5 9873/1/5
f 9882/6/5 9873/6/5 9881/6/5
f 9883/1/5 9874/1/5 9882/1/5
f 9884/1/5 9866/1/5 9875/1/5
f 9885/1/5 9866/1/5 9884/1/5
f 9889/1/5 9879/1/5 9878/1/5
f 9890/1/5 9879/1/5 9889/1/5
f 9891/2/5 9881/2/5 9880/2/5
f 9892/5/5 9883/5/5 9882/5/5
f 9892/2/5 9881/2/5 9891/2/5
f 9892/5/5 9882/5/5 9881/5/5
f 9893/5/5 9883/5/5 9892/5/5
f 9894/5/5 9883/5/5 9893/5/5
f 9895/4/5 9886/4/5 9885/4/5
f 9895/4/5 9885/4/5 9884/4/5
f 9896/4/5 9886/4/5 9895/4/5
f 9897/4/5 9886/4/5 9896/4/5
f 9898/5/5 9888/5/5 9887/5/5
f 9899/5/5 9888/5/5 9898/5/5
f 9901/1/5 9890/1/5 9889/1/5
f 9902/1/5 9890/1/5 9901/1/5
f 9904/1/5 9892/1/5 9891/1/5
f 9905/1/5 9892/1/5 9904/1/5
f 9906/3/5 9894/3/5 9893/3/5
f 9907/6/5 9895/6/5 9894/6/5
f 9907/3/5 9894/3/5 9906/3/5
f 9908/6/5 9895/6/5 9907/6/5
f 9909/4/5 9900/4/5 9899/4/5
f 9910/4/5 9900/4/5 9909/4/5
f 9912/3/5 9903/3/5 9902/3/5
f 9913/3/5 9903/3/5 9912/3/5
f 9921/3/5 9905/3/5 9904/3/5
f 9922/6/5 9906/6/5 9905/6/5
f 9922/3/5 9905/3/5 9921/3/5
f 9923/5/5 9907/5/5 9906/5/5
f 9923/6/5 9906/6/5 9922/6/5
f 9924/5/5 9907/5/5 9923/5/5
f 9925/3/5 9910/3/5 9909/3/5
f 9926/3/5 9910/3/5 9925/3/5
f 9927/6/5 9912/6/5 9911/6/5
f 9928/6/5 9912/6/5 9927/6/5
f 9929/4/5 9914/4/5 9913/4/5
f 9929/4/5 9915/4/5 9914/4/5
f 9930/4/5 9915/4/5 9929/4/5
f 9931/2/5 9916/2/5 9915/2/5
f 9931/4/5 9915/4/5 9930/4/5
f 9932/2/5 9916/2/5 9931/2/5
f 9933/4/5 9918/4/5 9917/4/5
f 9934/6/5 9919/6/5 9918/6/5
f 9934/4/5 9918/4/5 9933/4/5
f 9935/6/5 9919/6/5 9934/6/5
f 9936/6/5 9921/6/5 9920/6/5
f 9937/2/5 9922/2/5 9921/2/5
f 9937/6/5 9921/6/5 9936/6/5
f 9938/1/5 9923/1/5 9922/1/5
f 9938/2/5 9922/2/5 9937/2/5
f 9939/1/5 9923/1/5 9938/1/5
f 9943/1/5 9926/1/5 9925/1/5
f 9952/1/5 9941/1/5 9940/1/5
f 9952/4/5 9942/4/5 9941/4/5
f 9953/4/5 9942/4/5 9952/4/5
f 9956/1/5 9926/1/5 9943/1/5
f 9957/1/5 9926/1/5 9956/1/5
f 9958/2/5 9945/2/5 9944/2/5
f 9959/5/5 9946/5/5 9945/5/5
f 9959/2/5 9945/2/5 9958/2/5
f 9960/1/5 9947/1/5 9946/1/5
f 9960/5/5 9946/5/5 9959/5/5
f 9961/1/5 9947/1/5 9960/1/5
f 9968/3/5 9949/3/5 9948/3/5
f 9969/3/5 9949/3/5 9968/3/5
f 9970/4/5 9951/4/5 9950/4/5
f 9971/4/5 9951/4/5 9970/4/5
f 9972/1/5 9952/1/5 9940/1/5
f 9973/1/5 9952/1/5 9972/1/5
f 9974/4/5 9954/4/5 9953/4/5
f 9975/1/5 9955/1/5 9954/1/5
f 9975/4/5 9954/4/5 9974/4/5
f 9976/1/5 9955/1/5 9975/1/5
f 9977/5/5 9959/5/5 9958/5/5
f 9978/5/5 9959/5/5 9977/5/5
f 9979/1/5 9961/1/5 9960/1/5
f 9980/3/5 9962/3/5 9961/3/5
f 9980/1/5 9961/1/5 9979/1/5
f 9981/3/5 9962/3/5 9980/3/5
f 9983/4/5 9964/4/5 9963/4/5
f 9984/5/5 9965/5/5 9964/5/5
f 9984/4/5 9964/4/5 9983/4/5
f 9985/5/5 9965/5/5 9984/5/5
f 9986/2/5 9967/2/5 9966/2/5
f 9987/2/5 9967/2/5 9986/2/5
f 9988/2/5 9969/2/5 9968/2/5
f 9989/2/5 9969/2/5 9988/2/5
f 9995/4/5 9975/4/5 9974/4/5
f 9996/4/5 9975/4/5 9995/4/5
f 10000/2/5 9983/2/5 9982/2/5
f 10001/2/5 9983/2/5 10000/2/5
f 10007/5/5 9991/5/5 9990/5/5
f 10008/5/5 9991/5/5 10007/5/5
f 10011/6/5 9993/6/5 9992/6/5
f 10012/6/5 9993/6/5 10011/6/5
f 10013/4/5 9995/4/5 9994/4/5
f 10014/4/5 9995/4/5 10013/4/5
f 10015/1/5 9997/1/5 9996/1/5
f 10016/1/5 9997/1/5 10015/1/5
f 10019/2/5 9999/2/5 9998/2/5
f 10020/2/5 9999/2/5 10019/2/5
f 10023/3/5 10001/3/5 10000/3/5
f 10024/3/5 10001/3/5 10023/3/5
f 10025/2/5 10003/2/5 10002/2/5
f 10026/3/5 10004/3/5 10003/3/5
f 10026/2/5 10003/2/5 10025/2/5
f 10027/3/5 10004/3/5 10026/3/5
f 10028/3/5 10004/3/5 10027/3/5
f 10029/6/5 10006/6/5 10005/6/5
f 10030/6/5 10006/6/5 10029/6/5
f 10032/5/5 10009/5/5 10008/5/5
f 10033/6/5 10010/6/5 10009/6/5
f 10033/5/5 10009/5/5 10032/5/5
f 10034/6/5 10010/6/5 10033/6/5
f 10035/2/5 10012/2/5 10011/2/5
f 10036/2/5 10012/2/5 10035/2/5
f 10038/3/5 10015/3/5 10014/3/5
f 10039/3/5 10015/3/5 10038/3/5
f 10041/1/5 10018/1/5 10017/1/5
f 10042/5/5 10019/5/5 10018/5/5
f 10042/1/5 10018/1/5 10041/1/5
f 10043/5/5 10019/5/5 10042/5/5
f 10044/3/5 10022/3/5 10021/3/5
f 10045/3/5 10022/3/5 10044/3/5
f 10047/6/5 10024/6/5 10023/6/5
f 10048/6/5 10024/6/5 10047/6/5
f 10049/2/5 10027/2/5 10026/2/5
f 10050/2/5 10027/2/5 10049/2/5
f 10055/6/5 10032/6/5 10031/6/5
f 10056/6/5 10032/6/5 10055/6/5
f 10057/5/5 10035/5/5 10034/5/5
f 10058/5/5 10035/5/5 10057/5/5
f 10059/1/5 10038/1/5 10037/1/5
f 10060/1/5 10038/1/5 10059/1/5
f 10061/4/5 10040/4/5 10039/4/5
f 10062/4/5 10040/4/5 10061/4/5
f 10063/3/5 10043/3/5 10042/3/5
f 10064/3/5 10043/3/5 10063/3/5
f 10065/4/5 10046/4/5 10045/4/5
f 10066/4/5 10046/4/5 10065/4/5
f 10070/1/5 10052/1/5 10051/1/5
f 10071/1/5 10052/1/5 10070/1/5
f 10072/1/5 10054/1/5 10053/1/5
f 10073/3/5 10055/3/5 10054/3/5
f 10073/1/5 10054/1/5 10072/1/5
f 10074/3/5 10055/3/5 10073/3/5
f 10075/1/5 10060/1/5 10059/1/5
f 10076/1/5 10060/1/5 10075/1/5
f 10082/2/5 10068/2/5 10067/2/5
f 10083/6/5 10069/6/5 10068/6/5
f 10083/2/5 10068/2/5 10082/2/5
f 10084/6/5 10069/6/5 10083/6/5
f 10085/1/5 10071/1/5 10070/1/5
f 10086/1/5 10071/1/5 10085/1/5
f 10087/1/5 10073/1/5 10072/1/5
f 10088/1/5 10073/1/5 10087/1/5
f 10091/1/5 10078/1/5 10077/1/5
f 10092/2/5 10079/2/5 10078/2/5
f 10092/1/5 10078/1/5 10091/1/5
f 10093/2/5 10079/2/5 10092/2/5
f 10094/4/5 10081/4/5 10080/4/5
f 10095/4/5 10081/4/5 10094/4/5
f 10099/5/5 10090/5/5 10089/5/5
f 10100/5/5 10090/5/5 10099/5/5
f 10105/1/5 10097/1/5 10096/1/5
f 10106/1/5 10097/1/5 10105/1/5
f 10107/4/5 10099/4/5 10098/4/5
f 10108/4/5 10099/4/5 10107/4/5
f 10109/4/5 10101/4/5 10100/4/5
f 10110/4/5 10101/4/5 10109/4/5
f 10111/6/5 10103/6/5 10102/6/5
f 10112/5/5 10104/5/5 10103/5/5
f 10112/6/5 10103/6/5 10111/6/5
f 10113/5/5 10104/5/5 10112/5/5
f 10117/4/5 10115/4/5 10114/4/5
f 10118/2/5 10116/2/5 10115/2/5
f 10118/4/5 10115/4/5 10117/4/5
f 10119/2/5 10116/2/5 10118/2/5
f 10126/6/5 10121/6/5 10120/6/5
f 10127/6/5 10121/6/5 10126/6/5
f 10130/5/5 10123/5/5 10122/5/5
f 10131/5/5 10123/5/5 10130/5/5
f 10132/1/5 10125/1/5 10124/1/5
f 10133/1/5 10125/1/5 10132/1/5
f 10136/1/5 10129/1/5 10128/1/5
f 10139/5/5 10134/5/5 10133/5/5
f 10140/5/5 10134/5/5 10139/5/5
f 10145/4/5 10136/4/5 10135/4/5
f 10146/1/5 10129/1/5 10136/1/5
f 10146/4/5 10136/4/5 10145/4/5
f 10147/1/5 10129/1/5 10146/1/5
f 10148/1/5 10138/1/5 10137/1/5
f 10149/1/5 10138/1/5 10148/1/5
f 10152/4/5 10141/4/5 10140/4/5
f 10153/4/5 10141/4/5 10152/4/5
f 10154/5/5 10143/5/5 10142/5/5
f 10155/5/5 10143/5/5 10154/5/5
f 10156/5/5 10145/5/5 10144/5/5
f 10156/5/5 10146/5/5 10145/5/5
f 10157/5/5 10146/5/5 10156/5/5
f 10158/5/5 10146/5/5 10157/5/5
f 10164/5/5 10151/5/5 10150/5/5
f 10165/1/5 10152/1/5 10151/1/5
f 10165/5/5 10151/5/5 10164/5/5
f 10166/1/5 10152/1/5 10165/1/5
f 10167/6/5 10154/6/5 10153/6/5
f 10168/1/5 10155/1/5 10154/1/5
f 10168/6/5 10154/6/5 10167/6/5
f 10169/1/5 10155/1/5 10168/1/5
f 10172/6/5 10160/6/5 10159/6/5
f 10173/6/5 10160/6/5 10172/6/5
f 10178/2/5 10162/2/5 10161/2/5
f 10179/2/5 10162/2/5 10178/2/5
f 10180/1/5 10164/1/5 10163/1/5
f 10181/1/5 10164/1/5 10180/1/5
f 10182/3/5 10169/3/5 10168/3/5
f 10183/3/5 10169/3/5 10182/3/5
f 10185/4/5 10171/4/5 10170/4/5
f 10186/4/5 10171/4/5 10185/4/5
f 10190/4/5 10175/4/5 10174/4/5
f 10191/4/5 10175/4/5 10190/4/5
f 10192/2/5 10177/2/5 10176/2/5
f 10193/2/5 10177/2/5 10192/2/5
f 10194/1/5 10179/1/5 10178/1/5
f 10195/2/5 10180/2/5 10179/2/5
f 10195/1/5 10179/1/5 10194/1/5
f 10196/2/5 10180/2/5 10195/2/5
f 10198/1/5 10183/1/5 10182/1/5
f 10199/1/5 10183/1/5 10198/1/5
f 10200/4/5 10185/4/5 10184/4/5
f 10201/5/5 10186/5/5 10185/5/5
f 10201/4/5 10185/4/5 10200/4/5
f 10202/5/5 10186/5/5 10201/5/5
f 10203/2/5 10188/2/5 10187/2/5
f 10204/6/5 10189/6/5 10188/6/5
f 10204/2/5 10188/2/5 10203/2/5
f 10205/4/5 10190/4/5 10189/4/5
f 10205/6/5 10189/6/5 10204/6/5
f 10206/4/5 10190/4/5 10205/4/5
f 10214/6/5 10198/6/5 10197/6/5
f 10215/5/5 10199/5/5 10198/5/5
f 10215/6/5 10198/6/5 10214/6/5
f 10216/5/5 10199/5/5 10215/5/5
f 10217/5/5 10201/5/5 10200/5/5
f 10218/2/5 10202/2/5 10201/2/5
f 10218/5/5 10201/5/5 10217/5/5
f 10219/2/5 10202/2/5 10218/2/5
f 10220/3/5 10204/3/5 10203/3/5
f 10221/3/5 10204/3/5 10220/3/5
f 10222/2/5 10206/2/5 10205/2/5
f 10223/2/5 10206/2/5 10222/2/5
f 10227/3/5 10208/3/5 10207/3/5
f 10228/3/5 10208/3/5 10227/3/5
f 10229/2/5 10210/2/5 10209/2/5
f 10230/5/5 10211/5/5 10210/5/5
f 10230/2/5 10210/2/5 10229/2/5
f 10231/5/5 10211/5/5 10230/5/5
f 10233/6/5 10213/6/5 10212/6/5
f 10234/6/5 10213/6/5 10233/6/5
f 10236/3/5 10215/3/5 10214/3/5
f 10237/1/5 10216/1/5 10215/1/5
f 10237/3/5 10215/3/5 10236/3/5
f 10238/1/5 10216/1/5 10237/1/5
f 10240/6/5 10221/6/5 10220/6/5
f 10241/6/5 10221/6/5 10240/6/5
f 10242/5/5 10224/5/5 10223/5/5
f 10243/5/5 10224/5/5 10242/5/5
f 10246/6/5 10226/6/5 10225/6/5
f 10247/6/5 10226/6/5 10246/6/5
f 10249/2/5 10235/2/5 10234/2/5
f 10249/2/5 10233/2/5 10232/2/5
f 10249/2/5 10234/2/5 10233/2/5
f 10250/2/5 10235/2/5 10249/2/5
f 10251/2/5 10235/2/5 10250/2/5
f 10252/5/5 10236/5/5 10235/5/5
f 10252/2/5 10235/2/5 10251/2/5
f 10253/2/5 10237/2/5 10236/2/5
f 10253/5/5 10236/5/5 10252/5/5
f 10254/1/5 10239/1/5 10238/1/5
f 10254/2/5 10237/2/5 10253/2/5
f 10254/1/5 10238/1/5 10237/1/5
f 10255/1/5 10239/1/5 10254/1/5
f 10259/1/5 10243/1/5 10242/1/5
f 10260/1/5 10243/1/5 10259/1/5
f 10261/1/5 10245/1/5 10244/1/5
f 10262/1/5 10245/1/5 10261/1/5
f 10263/1/5 10248/1/5 10247/1/5
f 10264/1/5 10248/1/5 10263/1/5
f 10265/6/5 10252/6/5 10251/6/5
f 10266/4/5 10253/4/5 10252/4/5
f 10266/6/5 10252/6/5 10265/6/5
f 10267/3/5 10254/3/5 10253/3/5
f 10267/4/5 10253/4/5 10266/4/5
f 10268/3/5 10254/3/5 10267/3/5
f 10270/3/5 10257/3/5 10256/3/5
f 10271/6/5 10258/6/5 10257/6/5
f 10271/3/5 10257/3/5 10270/3/5
f 10272/6/5 10258/6/5 10271/6/5
f 10273/3/5 10260/3/5 10259/3/5
f 10274/3/5 10260/3/5 10273/3/5
f 10279/2/5 10267/2/5 10266/2/5
f 10280/6/5 10268/6/5 10267/6/5
f 10280/2/5 10267/2/5 10279/2/5
f 10281/6/5 10268/6/5 10280/6/5
f 10283/3/5 10270/3/5 10269/3/5
f 10284/3/5 10270/3/5 10283/3/5
f 10288/5/5 10276/5/5 10275/5/5
f 10289/5/5 10276/5/5 10288/5/5
f 10290/6/5 10278/6/5 10277/6/5
f 10291/4/5 10279/4/5 10278/4/5
f 10291/6/5 10278/6/5 10290/6/5
f 10292/1/5 10281/1/5 10280/1/5
f 10293/2/5 10282/2/5 10281/2/5
f 10293/1/5 10281/1/5 10292/1/5
f 10294/2/5 10282/2/5 10293/2/5
f 10295/5/5 10284/5/5 10283/5/5
f 10296/3/5 10285/3/5 10284/3/5
f 10296/5/5 10284/5/5 10295/5/5
f 10297/3/5 10285/3/5 10296/3/5
f 10298/2/5 10287/2/5 10286/2/5
f 10299/2/5 10287/2/5 10298/2/5
f 10302/4/5 10289/4/5 10288/4/5
f 10303/4/5 10289/4/5 10302/4/5
f 10304/4/5 10279/4/5 10291/4/5
f 10305/4/5 10279/4/5 10304/4/5
f 10306/6/5 10293/6/5 10292/6/5
f 10307/4/5 10294/4/5 10293/4/5
f 10307/6/5 10293/6/5 10306/6/5
f 10308/4/5 10294/4/5 10307/4/5
f 10317/4/5 10299/4/5 10298/4/5
f 10318/4/5 10299/4/5 10317/4/5
f 10319/2/5 10301/2/5 10300/2/5
f 10320/2/5 10301/2/5 10319/2/5
f 10327/2/5 10305/2/5 10304/2/5
f 10328/2/5 10305/2/5 10327/2/5
f 10332/3/5 10310/3/5 10309/3/5
f 10333/3/5 10310/3/5 10332/3/5
f 10334/3/5 10312/3/5 10311/3/5
f 10335/3/5 10312/3/5 10334/3/5
f 10336/2/5 10315/2/5 10314/2/5
f 10336/2/5 10314/2/5 10313/2/5
f 10337/1/5 10316/1/5 10315/1/5
f 10337/2/5 10315/2/5 10336/2/5
f 10338/1/5 10316/1/5 10337/1/5
f 10339/5/5 10319/5/5 10318/5/5
f 10340/5/5 10319/5/5 10339/5/5
f 10341/2/5 10322/2/5 10321/2/5
f 10342/2/5 10322/2/5 10341/2/5
f 10344/5/5 10324/5/5 10323/5/5
f 10345/5/5 10324/5/5 10344/5/5
f 10346/6/5 10326/6/5 10325/6/5
f 10347/6/5 10326/6/5 10346/6/5
f 10349/6/5 10329/6/5 10328/6/5
f 10350/6/5 10329/6/5 10349/6/5
f 10351/6/5 10331/6/5 10330/6/5
f 10352/6/5 10331/6/5 10351/6/5
f 10359/1/5 10344/1/5 10343/1/5
f 10360/1/5 10344/1/5 10359/1/5
f 10363/4/5 10349/4/5 10348/4/5
f 10364/4/5 10349/4/5 10363/4/5
f 10368/1/5 10354/1/5 10353/1/5
f 10369/1/5 10354/1/5 10368/1/5
f 10370/6/5 10356/6/5 10355/6/5
f 10371/6/5 10356/6/5 10370/6/5
f 10372/6/5 10358/6/5 10357/6/5
f 10373/6/5 10358/6/5 10372/6/5
f 10377/1/5 10362/1/5 10361/1/5
f 10378/1/5 10362/1/5 10377/1/5
f 10385/6/5 10366/6/5 10365/6/5
f 10386/3/5 10367/3/5 10366/3/5
f 10386/6/5 10366/6/5 10385/6/5
f 10387/3/5 10367/3/5 10386/3/5
f 10388/1/5 10374/1/5 10373/1/5
f 10389/1/5 10374/1/5 10388/1/5
f 10391/4/5 10376/4/5 10375/4/5
f 10392/4/5 10376/4/5 10391/4/5
f 10393/1/5 10378/1/5 10377/1/5
f 10394/1/5 10378/1/5 10393/1/5
f 10396/6/5 10380/6/5 10379/6/5
f 10397/6/5 10380/6/5 10396/6/5
f 10399/6/5 10382/6/5 10381/6/5
f 10400/6/5 10382/6/5 10399/6/5
f 10401/1/5 10385/1/5 10384/1/5
f 10401/1/5 10384/1/5 10383/1/5
f 10402/1/5 10385/1/5 10401/1/5
f 10403/1/5 10385/1/5 10402/1/5
f 10406/5/5 10390/5/5 10389/5/5
f 10407/5/5 10390/5/5 10406/5/5
f 10409/1/5 10395/1/5 10394/1/5
f 10410/1/5 10395/1/5 10409/1/5
f 10411/1/5 10398/1/5 10397/1/5
f 10412/1/5 10398/1/5 10411/1/5
f 10418/2/5 10405/2/5 10404/2/5
f 10419/2/5 10405/2/5 10418/2/5
f 10421/4/5 10407/4/5 10406/4/5
f 10422/6/5 10408/6/5 10407/6/5
f 10422/4/5 10407/4/5 10421/4/5
f 10423/6/5 10408/6/5 10422/6/5
f 10427/6/5 10414/6/5 10413/6/5
f 10428/6/5 10414/6/5 10427/6/5
f 10431/2/5 10416/2/5 10415/2/5
f 10432/2/5 10416/2/5 10431/2/5
f 10433/6/5 10418/6/5 10417/6/5
f 10434/6/5 10418/6/5 10433/6/5
f 10435/5/5 10421/5/5 10420/5/5
f 10436/5/5 10421/5/5 10435/5/5
f 10437/6/5 10425/6/5 10424/6/5
f 10438/2/5 10426/2/5 10425/2/5
f 10438/6/5 10425/6/5 10437/6/5
f 10439/2/5 10426/2/5 10438/2/5
f 10443/6/5 10430/6/5 10429/6/5
f 10444/1/5 10431/1/5 10430/1/5
f 10444/6/5 10430/6/5 10443/6/5
f 10445/1/5 10431/1/5 10444/1/5
f 10446/6/5 10440/6/5 10439/6/5
f 10447/6/5 10440/6/5 10446/6/5
f 10448/2/5 10442/2/5 10441/2/5
f 10448/2/5 10443/2/5 10442/2/5
f 10449/2/5 10443/2/5 10448/2/5
f 10450/2/5 10443/2/5 10449/2/5
f 10452/4/5 10450/4/5 10449/4/5
f 10453/1/5 10451/1/5 10450/1/5
f 10453/4/5 10450/4/5 10452/4/5
f 10454/1/5 10451/1/5 10453/1/5
f 10457/1/5 10456/1/5 10455/1/5
f 10458/1/5 10456/1/5 10457/1/5
f 10466/3/5 10460/3/5 10459/3/5
f 10467/4/5 10461/4/5 10460/4/5
f 10467/3/5 10460/3/5 10466/3/5
f 10468/4/5 10461/4/5 10467/4/5
f 10471/4/5 10463/4/5 10462/4/5
f 10472/4/5 10463/4/5 10471/4/5
f 10474/1/5 10465/1/5 10464/1/5
f 10475/1/5 10465/1/5 10474/1/5
f 10478/5/5 10468/5/5 10467/5/5
f 10479/5/5 10468/5/5 10478/5/5
f 10480/6/5 10470/6/5 10469/6/5
f 10481/6/5 10470/6/5 10480/6/5
f 10483/2/5 10472/2/5 10471/2/5
f 10484/2/5 10472/2/5 10483/2/5
f 10486/2/5 10475/2/5 10474/2/5
f 10486/2/5 10474/2/5 10473/2/5
f 10487/2/5 10475/2/5 10486/2/5
f 10488/2/5 10475/2/5 10487/2/5
f 10490/4/5 10477/4/5 10476/4/5
f 10491/4/5 10477/4/5 10490/4/5
f 10496/6/5 10481/6/5 10480/6/5
f 10497/6/5 10481/6/5 10496/6/5
f 10499/2/5 10483/2/5 10482/2/5
f 10500/2/5 10483/2/5 10499/2/5
f 10501/4/5 10485/4/5 10484/4/5
f 10502/4/5 10485/4/5 10501/4/5
f 10503/4/5 10489/4/5 10488/4/5
f 10504/4/5 10489/4/5 10503/4/5
f 10506/2/5 10493/2/5 10492/2/5
f 10507/2/5 10493/2/5 10506/2/5
f 10509/2/5 10495/2/5 10494/2/5
f 10510/2/5 10495/2/5 10509/2/5
f 10513/1/5 10499/1/5 10498/1/5
f 10514/1/5 10499/1/5 10513/1/5
f 10515/5/5 10502/5/5 10501/5/5
f 10516/5/5 10502/5/5 10515/5/5
f 10517/5/5 10504/5/5 10503/5/5
f 10518/2/5 10505/2/5 10504/2/5
f 10518/5/5 10504/5/5 10517/5/5
f 10519/2/5 10505/2/5 10518/2/5
f 10524/3/5 10509/3/5 10508/3/5
f 10525/3/5 10509/3/5 10524/3/5
f 10526/6/5 10512/6/5 10511/6/5
f 10527/6/5 10512/6/5 10526/6/5
f 10528/2/5 10514/2/5 10513/2/5
f 10529/2/5 10514/2/5 10528/2/5
f 10536/4/5 10521/4/5 10520/4/5
f 10537/4/5 10521/4/5 10536/4/5
f 10538/1/5 10523/1/5 10522/1/5
f 10539/4/5 10524/4/5 10523/4/5
f 10539/1/5 10523/1/5 10538/1/5
f 10540/6/5 10525/6/5 10524/6/5
f 10540/4/5 10524/4/5 10539/4/5
f 10541/6/5 10525/6/5 10540/6/5
f 10542/2/5 10531/2/5 10530/2/5
f 10543/2/5 10531/2/5 10542/2/5
f 10544/3/5 10533/3/5 10532/3/5
f 10545/3/5 10533/3/5 10544/3/5
f 10548/1/5 10535/1/5 10534/1/5
f 10549/1/5 10535/1/5 10548/1/5
f 10552/1/5 10540/1/5 10539/1/5
f 10553/5/5 10541/5/5 10540/5/5
f 10553/1/5 10540/1/5 10552/1/5
f 10554/5/5 10541/5/5 10553/5/5
f 10555/2/5 10545/2/5 10544/2/5
f 10556/2/5 10545/2/5 10555/2/5
f 10558/6/5 10547/6/5 10546/6/5
f 10559/6/5 10547/6/5 10558/6/5
f 10560/4/5 10551/4/5 10550/4/5
f 10561/4/5 10551/4/5 10560/4/5
f 10568/4/5 10557/4/5 10556/4/5
f 10569/4/5 10557/4/5 10568/4/5
f 10572/5/5 10561/5/5 10560/5/5
f 10573/5/5 10561/5/5 10572/5/5
f 10574/1/5 10563/1/5 10562/1/5
f 10575/2/5 10564/2/5 10563/2/5
f 10575/1/5 10563/1/5 10574/1/5
f 10576/2/5 10564/2/5 10575/2/5
f 10577/1/5 10566/1/5 10565/1/5
f 10578/1/5 10566/1/5 10577/1/5
f 10580/4/5 10568/4/5 10567/4/5
f 10581/5/5 10569/5/5 10568/5/5
f 10581/4/5 10568/4/5 10580/4/5
f 10582/5/5 10569/5/5 10581/5/5
f 10583/4/5 10571/4/5 10570/4/5
f 10584/4/5 10571/4/5 10583/4/5
f 10586/1/5 10573/1/5 10572/1/5
f 10587/1/5 10573/1/5 10586/1/5
f 10590/4/5 10580/4/5 10579/4/5
f 10591/4/5 10580/4/5 10590/4/5
f 10593/2/5 10585/2/5 10584/2/5
f 10594/2/5 10585/2/5 10593/2/5
f 10597/5/5 10587/5/5 10586/5/5
f 10598/5/5 10587/5/5 10597/5/5
f 10601/5/5 10589/5/5 10588/5/5
f 10602/5/5 10589/5/5 10601/5/5
f 10605/5/5 10591/5/5 10590/5/5
f 10606/5/5 10591/5/5 10605/5/5
f 10608/5/5 10593/5/5 10592/5/5
f 10609/5/5 10593/5/5 10608/5/5
f 10610/6/5 10596/6/5 10595/6/5
f 10611/6/5 10596/6/5 10610/6/5
f 10612/3/5 10600/3/5 10599/3/5
f 10613/3/5 10600/3/5 10612/3/5
f 10616/1/5 10604/1/5 10603/1/5
f 10617/1/5 10604/1/5 10616/1/5
f 10618/3/5 10608/3/5 10607/3/5
f 10619/3/5 10608/3/5 10618/3/5
f 10620/3/5 10608/3/5 10619/3/5
f 10623/4/5 10615/4/5 10614/4/5
f 10624/4/5 10615/4/5 10623/4/5
f 10628/2/5 10622/2/5 10621/2/5
f 10629/2/5 10622/2/5 10628/2/5
f 10632/5/5 10624/5/5 10623/5/5
f 10633/5/5 10624/5/5 10632/5/5
f 10639/1/5 10627/1/5 10626/1/5
f 10639/1/5 10626/1/5 10625/1/5
f 10640/1/5 10627/1/5 10639/1/5
f 10641/2/5 10628/2/5 10627/2/5
f 10641/1/5 10627/1/5 10640/1/5
f 10642/2/5 10628/2/5 10641/2/5
f 10643/1/5 10631/1/5 10630/1/5
f 10644/1/5 10631/1/5 10643/1/5
f 10645/3/5 10634/3/5 10633/3/5
f 10646/3/5 10634/3/5 10645/3/5
f 10649/3/5 10636/3/5 10635/3/5
f 10650/3/5 10636/3/5 10649/3/5
f 10651/4/5 10638/4/5 10637/4/5
f 10652/4/5 10638/4/5 10651/4/5
f 10655/1/5 10641/1/5 10640/1/5
f 10656/1/5 10641/1/5 10655/1/5
f 10658/6/5 10648/6/5 10647/6/5
f 10659/6/5 10648/6/5 10658/6/5
f 10660/5/5 10652/5/5 10651/5/5
f 10661/4/5 10654/4/5 10653/4/5
f 10661/5/5 10652/5/5 10660/5/5
f 10661/4/5 10653/4/5 10652/4/5
f 10662/4/5 10654/4/5 10661/4/5
f 10663/4/5 10654/4/5 10662/4/5
f 10664/2/5 10657/2/5 10656/2/5
f 10665/2/5 10657/2/5 10664/2/5
f 10671/2/5 10662/2/5 10661/2/5
f 10672/5/5 10663/5/5 10662/5/5
f 10672/2/5 10662/2/5 10671/2/5
f 10673/5/5 10663/5/5 10672/5/5
f 10675/1/5 10667/1/5 10666/1/5
f 10676/1/5 10667/1/5 10675/1/5
f 10678/3/5 10669/3/5 10668/3/5
f 10679/3/5 10669/3/5 10678/3/5
f 10680/5/5 10671/5/5 10670/5/5
f 10680/5/5 10672/5/5 10671/5/5
f 10681/5/5 10672/5/5 10680/5/5
f 10682/1/5 10673/1/5 10672/1/5
f 10682/5/5 10672/5/5 10681/5/5
f 10683/4/5 10674/4/5 10673/4/5
f 10683/1/5 10673/1/5 10682/1/5
f 10684/4/5 10674/4/5 10683/4/5
f 10685/4/5 10676/4/5 10675/4/5
f 10686/4/5 10678/4/5 10677/4/5
f 10687/4/5 10678/4/5 10686/4/5
f 10688/5/5 10682/5/5 10681/5/5
f 10688/5/5 10683/5/5 10682/5/5
f 10689/6/5 10684/6/5 10683/6/5
f 10689/5/5 10683/5/5 10688/5/5
f 10690/6/5 10684/6/5 10689/6/5
f 10691/4/5 10685/4/5 10675/4/5
f 10692/4/5 10685/4/5 10691/4/5
f 10698/4/5 10694/4/5 10693/4/5
f 10699/2/5 10695/2/5 10694/2/5
f 10699/4/5 10694/4/5 10698/4/5
f 10700/2/5 10695/2/5 10699/2/5
f 10701/4/5 10697/4/5 10696/4/5
f 10702/4/5 10697/4/5 10701/4/5
f 10704/1/5 10699/1/5 10698/1/5
f 10705/3/5 10700/3/5 10699/3/5
f 10705/1/5 10699/1/5 10704/1/5
f 10706/3/5 10700/3/5 10705/3/5
f 10709/3/5 10702/3/5 10701/3/5
f 10710/5/5 10703/5/5 10702/5/5
f 10710/3/5 10702/3/5 10709/3/5
f 10711/5/5 10703/5/5 10710/5/5
f 10715/6/5 10708/6/5 10707/6/5
f 10716/6/5 10708/6/5 10715/6/5
f 10717/4/5 10713/4/5 10712/4/5
f 10718/1/5 10714/1/5 10713/1/5
f 10718/4/5 10713/4/5 10717/4/5
f 10719/1/5 10714/1/5 10718/1/5
f 10724/1/5 10716/1/5 10715/1/5
f 10725/1/5 10716/1/5 10724/1/5
f 10730/3/5 10720/3/5 10719/3/5
f 10731/3/5 10720/3/5 10730/3/5
f 10737/5/5 10722/5/5 10721/5/5
f 10738/2/5 10723/2/5 10722/2/5
f 10738/5/5 10722/5/5 10737/5/5
f 10739/2/5 10723/2/5 10738/2/5
f 10741/1/5 10725/1/5 10724/1/5
f 10742/1/5 10725/1/5 10741/1/5
f 10743/1/5 10727/1/5 10726/1/5
f 10744/3/5 10728/3/5 10727/3/5
f 10744/1/5 10727/1/5 10743/1/5
f 10745/3/5 10728/3/5 10744/3/5
f 10746/5/5 10730/5/5 10729/5/5
f 10747/5/5 10730/5/5 10746/5/5
f 10749/2/5 10733/2/5 10732/2/5
f 10750/2/5 10733/2/5 10749/2/5
f 10751/6/5 10735/6/5 10734/6/5
f 10752/6/5 10735/6/5 10751/6/5
f 10753/6/5 10735/6/5 10752/6/5
f 10757/2/5 10737/2/5 10736/2/5
f 10758/6/5 10738/6/5 10737/6/5
f 10758/2/5 10737/2/5 10757/2/5
f 10759/6/5 10738/6/5 10758/6/5
f 10761/3/5 10741/3/5 10740/3/5
f 10762/3/5 10741/3/5 10761/3/5
f 10763/5/5 10743/5/5 10742/5/5
f 10764/5/5 10743/5/5 10763/5/5
f 10765/4/5 10748/4/5 10747/4/5
f 10766/4/5 10748/4/5 10765/4/5
f 10767/4/5 10753/4/5 10752/4/5
f 10768/4/5 10753/4/5 10767/4/5
f 10769/2/5 10755/2/5 10754/2/5
f 10770/2/5 10755/2/5 10769/2/5
f 10771/2/5 10757/2/5 10756/2/5
f 10772/2/5 10757/2/5 10771/2/5
f 10773/3/5 10760/3/5 10759/3/5
f 10774/3/5 10760/3/5 10773/3/5
f 10784/3/5 10768/3/5 10767/3/5
f 10785/3/5 10768/3/5 10784/3/5
f 10786/3/5 10772/3/5 10771/3/5
f 10787/3/5 10772/3/5 10786/3/5
f 10788/2/5 10777/2/5 10776/2/5
f 10789/2/5 10777/2/5 10788/2/5
f 10790/1/5 10779/1/5 10778/1/5
f 10791/5/5 10780/5/5 10779/5/5
f 10791/1/5 10779/1/5 10790/1/5
f 10792/5/5 10780/5/5 10791/5/5
f 10793/5/5 10782/5/5 10781/5/5
f 10794/5/5 10782/5/5 10793/5/5
f 10796/4/5 10784/4/5 10783/4/5
f 10797/4/5 10784/4/5 10796/4/5
f 10802/6/5 10775/6/5 10774/6/5
f 10803/6/5 10775/6/5 10802/6/5
f 10804/6/5 10789/6/5 10788/6/5
f 10805/6/5 10789/6/5 10804/6/5
f 10806/4/5 10792/4/5 10791/4/5
f 10807/4/5 10792/4/5 10806/4/5
f 10809/3/5 10795/3/5 10794/3/5
f 10810/2/5 10796/2/5 10795/2/5
f 10810/3/5 10795/3/5 10809/3/5
f 10811/2/5 10796/2/5 10810/2/5
f 10813/5/5 10799/5/5 10798/5/5
f 10814/2/5 10800/2/5 10799/2/5
f 10814/5/5 10799/5/5 10813/5/5
f 10815/2/5 10800/2/5 10814/2/5
f 10817/2/5 10802/2/5 10801/2/5
f 10818/2/5 10802/2/5 10817/2/5
f 10823/2/5 10809/2/5 10808/2/5
f 10824/2/5 10809/2/5 10823/2/5
f 10827/1/5 10813/1/5 10812/1/5
f 10828/1/5 10813/1/5 10827/1/5
f 10829/1/5 10816/1/5 10815/1/5
f 10830/1/5 10816/1/5 10829/1/5
f 10834/4/5 10820/4/5 10819/4/5
f 10835/4/5 10820/4/5 10834/4/5
f 10836/6/5 10822/6/5 10821/6/5
f 10840/4/5 10826/4/5 10825/4/5
f 10841/5/5 10827/5/5 10826/5/5
f 10841/4/5 10826/4/5 10840/4/5
f 10842/5/5 10827/5/5 10841/5/5
f 10843/5/5 10831/5/5 10830/5/5
f 10844/3/5 10832/3/5 10831/3/5
f 10844/5/5 10831/5/5 10843/5/5
f 10845/2/5 10833/2/5 10832/2/5
f 10845/3/5 10832/3/5 10844/3/5
f 10846/2/5 10833/2/5 10845/2/5
f 10850/6/5 10822/6/5 10836/6/5
f 10851/6/5 10822/6/5 10850/6/5
f 10852/6/5 10838/6/5 10837/6/5
f 10853/5/5 10839/5/5 10838/5/5
f 10853/6/5 10838/6/5 10852/6/5
f 10854/5/5 10839/5/5 10853/5/5
f 10859/1/5 10847/1/5 10846/1/5
f 10860/1/5 10847/1/5 10859/1/5
f 10861/2/5 10849/2/5 10848/2/5
f 10862/2/5 10849/2/5 10861/2/5
f 10865/2/5 10856/2/5 10855/2/5
f 10866/2/5 10856/2/5 10865/2/5
f 10868/2/5 10858/2/5 10857/2/5
f 10869/2/5 10858/2/5 10868/2/5
f 10874/6/5 10864/6/5 10863/6/5
f 10875/6/5 10864/6/5 10874/6/5
f 10880/5/5 10868/5/5 10867/5/5
f 10881/1/5 10869/1/5 10868/1/5
f 10881/5/5 10868/5/5 10880/5/5
f 10882/1/5 10869/1/5 10881/1/5
f 10884/2/5 10871/2/5 10870/2/5
f 10885/2/5 10871/2/5 10884/2/5
f 10886/4/5 10873/4/5 10872/4/5
f 10887/4/5 10873/4/5 10886/4/5
f 10891/5/5 10877/5/5 10876/5/5
f 10892/5/5 10877/5/5 10891/5/5
f 10893/4/5 10879/4/5 10878/4/5
f 10894/4/5 10879/4/5 10893/4/5
f 10896/3/5 10883/3/5 10882/3/5
f 10897/3/5 10883/3/5 10896/3/5
f 10899/6/5 10887/6/5 10886/6/5
f 10900/6/5 10887/6/5 10899/6/5
f 10901/2/5 10889/2/5 10888/2/5
f 10902/2/5 10889/2/5 10901/2/5
f 10905/3/5 10891/3/5 10890/3/5
f 10906/3/5 10891/3/5 10905/3/5
f 10908/6/5 10895/6/5 10894/6/5
f 10909/6/5 10895/6/5 10908/6/5
f 10911/5/5 10899/5/5 10898/5/5
f 10912/6/5 10900/6/5 10899/6/5
f 10912/5/5 10899/5/5 10911/5/5
f 10913/5/5 10901/5/5 10900/5/5
f 10913/6/5 10900/6/5 10912/6/5
f 10914/4/5 10902/4/5 10901/4/5
f 10914/5/5 10901/5/5 10913/5/5
f 10915/4/5 10902/4/5 10914/4/5
f 10917/1/5 10904/1/5 10903/1/5
f 10918/1/5 10904/1/5 10917/1/5
f 10919/6/5 10906/6/5 10905/6/5
f 10920/6/5 10906/6/5 10919/6/5
f 10923/1/5 10908/1/5 10907/1/5
f 10924/6/5 10909/6/5 10908/6/5
f 10924/1/5 10908/1/5 10923/1/5
f 10925/3/5 10910/3/5 10909/3/5
f 10925/6/5 10909/6/5 10924/6/5
f 10926/3/5 10910/3/5 10925/3/5
f 10929/4/5 10916/4/5 10915/4/5
f 10930/4/5 10916/4/5 10929/4/5
f 10933/2/5 10922/2/5 10921/2/5
f 10934/2/5 10922/2/5 10933/2/5
f 10935/2/5 10928/2/5 10927/2/5
f 10936/2/5 10928/2/5 10935/2/5
f 10937/3/5 10932/3/5 10931/3/5
f 10938/3/5 10932/3/5 10937/3/5
f 10943/1/5 10940/1/5 10939/1/5
f 10944/3/5 10942/3/5 10941/3/5
f 10944/1/5 10940/1/5 10943/1/5
f 10944/3/5 10941/3/5 10940/3/5
f 10945/3/5 10942/3/5 10944/3/5
f 10950/5/5 10947/5/5 10946/5/5
f 10951/5/5 10947/5/5 10950/5/5
f 10952/5/5 10949/5/5 10948/5/5
f 10953/5/5 10949/5/5 10952/5/5
f 10957/2/5 10955/2/5 10954/2/5
f 10958/1/5 10956/1/5 10955/1/5
f 10958/2/5 10955/2/5 10957/2/5
f 10959/1/5 10956/1/5 10958/1/5
f 10963/2/5 10958/2/5 10957/2/5
f 10964/2/5 10958/2/5 10963/2/5
f 10974/5/5 10961/5/5 10960/5/5
f 10975/5/5 10961/5/5 10974/5/5
f 10976/4/5 10963/4/5 10962/4/5
f 10977/5/5 10964/5/5 10963/5/5
f 10977/4/5 10963/4/5 10976/4/5
f 10978/6/5 10965/6/5 10964/6/5
f 10978/5/5 10964/5/5 10977/5/5
f 10979/5/5 10966/5/5 10965/5/5
f 10979/6/5 10965/6/5 10978/6/5
f 10980/5/5 10966/5/5 10979/5/5
f 10983/3/5 10968/3/5 10967/3/5
f 10984/3/5 10968/3/5 10983/3/5
f 10986/4/5 10970/4/5 10969/4/5
f 10987/4/5 10970/4/5 10986/4/5
f 10989/5/5 10972/5/5 10971/5/5
f 10990/5/5 10972/5/5 10989/5/5
f 10991/1/5 10974/1/5 10973/1/5
f 10992/1/5 10974/1/5 10991/1/5
f 10993/1/5 10976/1/5 10975/1/5
f 10994/1/5 10976/1/5 10993/1/5
f 10995/2/5 10978/2/5 10977/2/5
f 10996/2/5 10978/2/5 10995/2/5
f 10998/1/5 10981/1/5 10980/1/5
f 10999/6/5 10982/6/5 10981/6/5
f 10999/1/5 10981/1/5 10998/1/5
f 11000/6/5 10982/6/5 10999/6/5
f 11003/1/5 10986/1/5 10985/1/5
f 11004/2/5 10987/2/5 10986/2/5
f 11004/1/5 10986/1/5 11003/1/5
f 11005/3/5 10988/3/5 10987/3/5
f 11005/2/5 10987/2/5 11004/2/5
f 11006/3/5 10988/3/5 11005/3/5
f 11009/2/5 10993/2/5 10992/2/5
f 11010/2/5 10993/2/5 11009/2/5
f 11012/1/5 10996/1/5 10995/1/5
f 11013/2/5 10997/2/5 10996/2/5
f 11013/1/5 10996/1/5 11012/1/5
f 11014/2/5 10997/2/5 11013/2/5
f 11015/6/5 10999/6/5 10998/6/5
f 11016/6/5 10999/6/5 11015/6/5
f 11018/4/5 11002/4/5 11001/4/5
f 11019/4/5 11002/4/5 11018/4/5
f 11020/6/5 11008/6/5 11007/6/5
f 11021/6/5 11008/6/5 11020/6/5
f 11022/2/5 11010/2/5 11009/2/5
f 11023/5/5 11011/5/5 11010/5/5
f 11023/2/5 11010/2/5 11022/2/5
f 11024/5/5 11011/5/5 11023/5/5
f 11026/1/5 11017/1/5 11016/1/5
f 11027/1/5 11017/1/5 11026/1/5
f 11029/5/5 11021/5/5 11020/5/5
f 11030/5/5 11021/5/5 11029/5/5
f 11031/1/5 11025/1/5 11024/1/5
f 11032/1/5 11025/1/5 11031/1/5
f 11035/4/5 11028/4/5 11027/4/5
f 11036/4/5 11028/4/5 11035/4/5
f 11040/6/5 11032/6/5 11031/6/5
f 11041/1/5 11033/1/5 11032/1/5
f 11041/6/5 11032/6/5 11040/6/5
f 11042/4/5 11034/4/5 11033/4/5
f 11042/1/5 11033/1/5 11041/1/5
f 11043/4/5 11034/4/5 11042/4/5
f 11044/6/5 11036/6/5 11035/6/5
f 11045/6/5 11036/6/5 11044/6/5
f 11047/5/5 11038/5/5 11037/5/5
f 11048/5/5 11038/5/5 11047/5/5
f 11052/2/5 11040/2/5 11039/2/5
f 11053/6/5 11041/6/5 11040/6/5
f 11053/2/5 11040/2/5 11052/2/5
f 11054/6/5 11041/6/5 11053/6/5
f 11055/1/5 11047/1/5 11046/1/5
f 11056/4/5 11048/4/5 11047/4/5
f 11056/1/5 11047/1/5 11055/1/5
f 11057/1/5 11049/1/5 11048/1/5
f 11057/4/5 11048/4/5 11056/4/5
f 11058/1/5 11049/1/5 11057/1/5
f 11059/3/5 11051/3/5 11050/3/5
f 11060/3/5 11051/3/5 11059/3/5
f 11061/5/5 11053/5/5 11052/5/5
f 11062/5/5 11053/5/5 11061/5/5
f 11069/2/5 11057/2/5 11056/2/5
f 11070/1/5 11058/1/5 11057/1/5
f 11070/2/5 11057/2/5 11069/2/5
f 11071/1/5 11058/1/5 11070/1/5
f 11075/2/5 11063/2/5 11062/2/5
f 11076/3/5 11064/3/5 11063/3/5
f 11076/2/5 11063/2/5 11075/2/5
f 11077/3/5 11064/3/5 11076/3/5
f 11078/2/5 11066/2/5 11065/2/5
f 11079/4/5 11067/4/5 11066/4/5
f 11079/2/5 11066/2/5 11078/2/5
f 11080/1/5 11068/1/5 11067/1/5
f 11080/4/5 11067/4/5 11079/4/5
f 11081/1/5 11068/1/5 11080/1/5
f 11084/2/5 11070/2/5 11069/2/5
f 11085/2/5 11070/2/5 11084/2/5
f 11089/3/5 11073/3/5 11072/3/5
f 11090/3/5 11073/3/5 11089/3/5
f 11093/1/5 11075/1/5 11074/1/5
f 11094/1/5 11075/1/5 11093/1/5
f 11095/1/5 11078/1/5 11077/1/5
f 11096/2/5 11079/2/5 11078/2/5
f 11096/1/5 11078/1/5 11095/1/5
f 11097/2/5 11079/2/5 11096/2/5
f 11098/4/5 11081/4/5 11080/4/5
f 11099/4/5 11081/4/5 11098/4/5
f 11100/4/5 11083/4/5 11082/4/5
f 11101/4/5 11083/4/5 11100/4/5
f 11103/4/5 11087/4/5 11086/4/5
f 11104/4/5 11087/4/5 11103/4/5
f 11105/5/5 11089/5/5 11088/5/5
f 11106/5/5 11089/5/5 11105/5/5
f 11107/6/5 11092/6/5 11091/6/5
f 11108/6/5 11092/6/5 11107/6/5
f 11109/1/5 11096/1/5 11095/1/5
f 11110/1/5 11096/1/5 11109/1/5
f 11111/2/5 11101/2/5 11100/2/5
f 11112/1/5 11102/1/5 11101/1/5
f 11112/2/5 11101/2/5 11111/2/5
f 11113/1/5 11102/1/5 11112/1/5
f 11114/4/5 11106/4/5 11105/4/5
f 11115/4/5 11106/4/5 11114/4/5
f 11125/5/5 11117/5/5 11116/5/5
f 11126/1/5 11118/1/5 11117/1/5
f 11126/5/5 11117/5/5 11125/5/5
f 11127/1/5 11118/1/5 11126/1/5
f 11129/1/5 11120/1/5 11119/1/5
f 11130/1/5 11120/1/5 11129/1/5
f 11132/5/5 11122/5/5 11121/5/5
f 11133/3/5 11123/3/5 11122/3/5
f 11133/5/5 11122/5/5 11132/5/5
f 11134/3/5 11123/3/5 11133/3/5
f 11135/5/5 11125/5/5 11124/5/5
f 11136/5/5 11125/5/5 11135/5/5
f 11138/1/5 11128/1/5 11127/1/5
f 11139/1/5 11128/1/5 11138/1/5
f 11140/4/5 11132/4/5 11131/4/5
f 11141/4/5 11132/4/5 11140/4/5
f 11142/4/5 11134/4/5 11133/4/5
f 11143/4/5 11134/4/5 11142/4/5
f 11144/2/5 11136/2/5 11135/2/5
f 11145/6/5 11137/6/5 11136/6/5
f 11145/2/5 11136/2/5 11144/2/5
f 11146/6/5 11137/6/5 11145/6/5
f 11147/1/5 11142/1/5 11141/1/5
f 11148/1/5 11142/1/5 11147/1/5
f 11149/3/5 11146/3/5 11145/3/5
f 11150/3/5 11146/3/5 11149/3/5
f 11154/1/5 11152/1/5 11151/1/5
f 11155/1/5 11152/1/5 11154/1/5
f 11159/1/5 11154/1/5 11153/1/5
f 11160/5/5 11155/5/5 11154/5/5
f 11160/1/5 11154/1/5 11159/1/5
f 11161/4/5 11156/4/5 11155/4/5
f 11161/5/5 11155/5/5 11160/5/5
f 11162/4/5 11156/4/5 11161/4/5
f 11163/5/5 11158/5/5 11157/5/5
f 11164/5/5 11158/5/5 11163/5/5
f 11166/2/5 11160/2/5 11159/2/5
f 11167/4/5 11161/4/5 11160/4/5
f 11167/2/5 11160/2/5 11166/2/5
f 11168/4/5 11161/4/5 11167/4/5
f 11169/4/5 11164/4/5 11163/4/5
f 11170/4/5 11164/4/5 11169/4/5
f 11173/2/5 11166/2/5 11165/2/5
f 11173/2/5 11167/2/5 11166/2/5
f 11174/2/5 11167/2/5 11173/2/5
f 11175/2/5 11167/2/5 11174/2/5
f 11178/6/5 11172/6/5 11171/6/5
f 11179/6/5 11172/6/5 11178/6/5
f 11182/3/5 11177/3/5 11176/3/5
f 11183/3/5 11177/3/5 11182/3/5
f 11187/2/5 11181/2/5 11180/2/5
f 11188/2/5 11181/2/5 11187/2/5
f 11192/6/5 11185/6/5 11184/6/5
f 11193/6/5 11185/6/5 11192/6/5
f 11194/5/5 11187/5/5 11186/5/5
f 11195/5/5 11187/5/5 11194/5/5
f 11196/3/5 11189/3/5 11188/3/5
f 11197/3/5 11189/3/5 11196/3/5
f 11198/1/5 11191/1/5 11190/1/5
f 11199/1/5 11191/1/5 11198/1/5
f 11206/5/5 11196/5/5 11195/5/5
f 11207/5/5 11196/5/5 11206/5/5
f 11209/6/5 11201/6/5 11200/6/5
f 11210/6/5 11201/6/5 11209/6/5
f 11212/3/5 11203/3/5 11202/3/5
f 11213/3/5 11203/3/5 11212/3/5
f 11214/3/5 11205/3/5 11204/3/5
f 11215/3/5 11205/3/5 11214/3/5
f 11216/2/5 11209/2/5 11208/2/5
f 11217/2/5 11209/2/5 11216/2/5
f 11218/6/5 11211/6/5 11210/6/5
f 11219/6/5 11211/6/5 11218/6/5
f 11222/5/5 11213/5/5 11212/5/5
f 11223/5/5 11213/5/5 11222/5/5
f 11226/2/5 11219/2/5 11218/2/5
f 11226/2/5 11218/2/5 11217/2/5
f 11227/1/5 11220/1/5 11219/1/5
f 11227/2/5 11219/2/5 11226/2/5
f 11228/1/5 11220/1/5 11227/1/5
f 11231/5/5 11222/5/5 11221/5/5
f 11232/5/5 11222/5/5 11231/5/5
f 11233/2/5 11225/2/5 11224/2/5
f 11234/2/5 11225/2/5 11233/2/5
f 11235/1/5 11230/1/5 11229/1/5
f 11236/1/5 11230/1/5 11235/1/5
f 11242/1/5 11238/1/5 11237/1/5
f 11243/5/5 11239/5/5 11238/5/5
f 11243/1/5 11238/1/5 11242/1/5
f 11244/5/5 11239/5/5 11243/5/5
f 11250/3/5 11241/3/5 11240/3/5
f 11251/3/5 11241/3/5 11250/3/5
f 11254/5/5 11243/5/5 11242/5/5
f 11255/5/5 11243/5/5 11254/5/5
f 11256/6/5 11245/6/5 11244/6/5
f 11257/6/5 11245/6/5 11256/6/5
f 11258/3/5 11247/3/5 11246/3/5
f 11259/3/5 11247/3/5 11258/3/5
f 11260/3/5 11249/3/5 11248/3/5
f 11261/3/5 11249/3/5 11260/3/5
f 11262/3/5 11253/3/5 11252/3/5
f 11263/3/5 11253/3/5 11262/3/5
f 11264/5/5 11255/5/5 11254/5/5
f 11265/5/5 11255/5/5 11264/5/5
f 11268/6/5 11267/6/5 11266/6/5
f 11269/6/5 11267/6/5 11268/6/5
f 11272/1/5 11271/1/5 11270/1/5
f 11273/1/5 11271/1/5 11272/1/5
f 11281/6/5 11275/6/5 11274/6/5
f 11282/6/5 11275/6/5 11281/6/5
f 11283/4/5 11277/4/5 11276/4/5
f 11284/4/5 11277/4/5 11283/4/5
f 11287/5/5 11279/5/5 11278/5/5
f 11288/5/5 11279/5/5 11287/5/5
f 11289/6/5 11281/6/5 11280/6/5
f 11290/6/5 11281/6/5 11289/6/5
f 11295/2/5 11284/2/5 11283/2/5
f 11296/2/5 11284/2/5 11295/2/5
f 11297/1/5 11286/1/5 11285/1/5
f 11301/3/5 11288/3/5 11287/3/5
f 11302/3/5 11288/3/5 11301/3/5
f 11303/6/5 11291/6/5 11290/6/5
f 11304/6/5 11291/6/5 11303/6/5
f 11305/6/5 11293/6/5 11292/6/5
f 11306/1/5 11294/1/5 11293/1/5
f 11306/6/5 11293/6/5 11305/6/5
f 11307/1/5 11294/1/5 11306/1/5
f 11311/1/5 11286/1/5 11297/1/5
f 11312/1/5 11286/1/5 11311/1/5
f 11313/5/5 11299/5/5 11298/5/5
f 11314/5/5 11299/5/5 11313/5/5
f 11315/4/5 11301/4/5 11300/4/5
f 11316/2/5 11302/2/5 11301/2/5
f 11316/4/5 11301/4/5 11315/4/5
f 11317/2/5 11302/2/5 11316/2/5
f 11323/6/5 11308/6/5 11307/6/5
f 11324/3/5 11309/3/5 11308/3/5
f 11324/6/5 11308/6/5 11323/6/5
f 11325/5/5 11310/5/5 11309/5/5
f 11325/3/5 11309/3/5 11324/3/5
f 11326/5/5 11310/5/5 11325/5/5
f 11330/3/5 11314/3/5 11313/3/5
f 11331/3/5 11314/3/5 11330/3/5
f 11332/3/5 11316/3/5 11315/3/5
f 11333/3/5 11316/3/5 11332/3/5
f 11334/1/5 11319/1/5 11318/1/5
f 11334/1/5 11320/1/5 11319/1/5
f 11335/1/5 11320/1/5 11334/1/5
f 11336/5/5 11321/5/5 11320/5/5
f 11336/1/5 11320/1/5 11335/1/5
f 11337/5/5 11321/5/5 11336/5/5
f 11338/4/5 11323/4/5 11322/4/5
f 11339/5/5 11324/5/5 11323/5/5
f 11339/4/5 11323/4/5 11338/4/5
f 11340/5/5 11324/5/5 11339/5/5
f 11342/6/5 11328/6/5 11327/6/5
f 11343/2/5 11329/2/5 11328/2/5
f 11343/6/5 11328/6/5 11342/6/5
f 11344/2/5 11329/2/5 11343/2/5
f 11349/4/5 11332/4/5 11331/4/5
f 11350/6/5 11333/6/5 11332/6/5
f 11350/4/5 11332/4/5 11349/4/5
f 11351/6/5 11333/6/5 11350/6/5
f 11357/2/5 11342/2/5 11341/2/5
f 11358/2/5 11342/2/5 11357/2/5
f 11359/2/5 11345/2/5 11344/2/5
f 11360/2/5 11345/2/5 11359/2/5
f 11361/4/5 11347/4/5 11346/4/5
f 11362/3/5 11349/3/5 11348/3/5
f 11363/6/5 11350/6/5 11349/6/5
f 11363/3/5 11349/3/5 11362/3/5
f 11364/6/5 11350/6/5 11363/6/5
f 11365/4/5 11352/4/5 11351/4/5
f 11366/4/5 11352/4/5 11365/4/5
f 11368/2/5 11354/2/5 11353/2/5
f 11369/5/5 11355/5/5 11354/5/5
f 11369/2/5 11354/2/5 11368/2/5
f 11370/5/5 11355/5/5 11369/5/5
f 11372/3/5 11357/3/5 11356/3/5
f 11373/3/5 11357/3/5 11372/3/5
f 11376/4/5 11347/4/5 11361/4/5
f 11377/4/5 11347/4/5 11376/4/5
f 11378/5/5 11364/5/5 11363/5/5
f 11379/5/5 11364/5/5 11378/5/5
f 11380/3/5 11366/3/5 11365/3/5
f 11381/3/5 11366/3/5 11380/3/5
f 11382/6/5 11368/6/5 11367/6/5
f 11383/6/5 11368/6/5 11382/6/5
f 11385/4/5 11371/4/5 11370/4/5
f 11386/4/5 11371/4/5 11385/4/5
f 11389/4/5 11375/4/5 11374/4/5
f 11390/4/5 11375/4/5 11389/4/5
f 11391/1/5 11380/1/5 11379/1/5
f 11392/6/5 11381/6/5 11380/6/5
f 11392/1/5 11380/1/5 11391/1/5
f 11392/6/5 11382/6/5 11381/6/5
f 11393/6/5 11382/6/5 11392/6/5
f 11394/6/5 11382/6/5 11393/6/5
f 11396/1/5 11385/1/5 11384/1/5
f 11397/1/5 11385/1/5 11396/1/5
f 11400/4/5 11388/4/5 11387/4/5
f 11401/4/5 11388/4/5 11400/4/5
f 11404/4/5 11396/4/5 11395/4/5
f 11405/4/5 11396/4/5 11404/4/5
f 11406/5/5 11398/5/5 11397/5/5
f 11407/5/5 11398/5/5 11406/5/5
f 11409/2/5 11400/2/5 11399/2/5
f 11410/2/5 11400/2/5 11409/2/5
f 11413/1/5 11403/1/5 11402/1/5
f 11414/1/5 11403/1/5 11413/1/5
f 11416/6/5 11406/6/5 11405/6/5
f 11417/1/5 11407/1/5 11406/1/5
f 11417/6/5 11406/6/5 11416/6/5
f 11418/1/5 11407/1/5 11417/1/5
f 11419/3/5 11409/3/5 11408/3/5
f 11420/3/5 11409/3/5 11419/3/5
f 11421/6/5 11411/6/5 11410/6/5
f 11422/6/5 11411/6/5 11421/6/5
f 11424/1/5 11414/1/5 11413/1/5
f 11424/1/5 11413/1/5 11412/1/5
f 11425/1/5 11414/1/5 11424/1/5
f 11426/1/5 11414/1/5 11425/1/5
f 11427/6/5 11416/6/5 11415/6/5
f 11428/6/5 11416/6/5 11427/6/5
f 11430/5/5 11424/5/5 11423/5/5
f 11431/2/5 11425/2/5 11424/2/5
f 11431/5/5 11424/5/5 11430/5/5
f 11432/2/5 11425/2/5 11431/2/5
f 11435/3/5 11429/3/5 11428/3/5
f 11436/3/5 11429/3/5 11435/3/5
f 11438/6/5 11433/6/5 11432/6/5
f 11439/1/5 11434/1/5 11433/1/5
f 11439/6/5 11433/6/5 11438/6/5
f 11440/1/5 11434/1/5 11439/1/5
f 11445/6/5 11438/6/5 11437/6/5
f 11445/6/5 11439/6/5 11438/6/5
f 11446/6/5 11439/6/5 11445/6/5
f 11447/6/5 11439/6/5 11446/6/5
f 11448/4/5 11441/4/5 11440/4/5
f 11449/1/5 11442/1/5 11441/1/5
f 11449/4/5 11441/4/5 11448/4/5
f 11450/3/5 11443/3/5 11442/3/5
f 11450/1/5 11442/1/5 11449/1/5
f 11451/3/5 11443/3/5 11450/3/5
f 11452/2/5 11445/2/5 11444/2/5
f 11453/5/5 11446/5/5 11445/5/5
f 11453/2/5 11445/2/5 11452/2/5
f 11454/5/5 11446/5/5 11453/5/5
f 11456/4/5 11449/4/5 11448/4/5
f 11457/4/5 11449/4/5 11456/4/5
f 11458/3/5 11453/3/5 11452/3/5
f 11459/3/5 11453/3/5 11458/3/5
f 11460/6/5 11455/6/5 11454/6/5
f 11461/6/5 11455/6/5 11460/6/5
f 11465/6/5 11463/6/5 11462/6/5
f 11466/6/5 11463/6/5 11465/6/5
f 11467/1/5 11465/1/5 11464/1/5
f 11468/1/5 11465/1/5 11467/1/5
f 11474/4/5 11470/4/5 11469/4/5
f 11475/4/5 11470/4/5 11474/4/5
f 11476/6/5 11472/6/5 11471/6/5
f 11477/6/5 11472/6/5 11476/6/5
f 11478/6/5 11474/6/5 11473/6/5
f 11479/1/5 11475/1/5 11474/1/5
f 11479/6/5 11474/6/5 11478/6/5
f 11480/1/5 11475/1/5 11479/1/5
f 11481/1/5 11480/1/5 11479/1/5
f 11482/1/5 11480/1/5 11481/1/5
f 11493/5/5 11482/5/5 11481/5/5
f 11494/1/5 11483/1/5 11482/1/5
f 11494/5/5 11482/5/5 11493/5/5
f 11495/6/5 11484/6/5 11483/6/5
f 11495/1/5 11483/1/5 11494/1/5
f 11496/6/5 11484/6/5 11495/6/5
f 11497/6/5 11484/6/5 11496/6/5
f 11500/3/5 11486/3/5 11485/3/5
f 11501/3/5 11486/3/5 11500/3/5
f 11502/1/5 11488/1/5 11487/1/5
f 11503/1/5 11488/1/5 11502/1/5
f 11505/2/5 11490/2/5 11489/2/5
f 11506/2/5 11490/2/5 11505/2/5
f 11507/6/5 11492/6/5 11491/6/5
f 11508/6/5 11492/6/5 11507/6/5
f 11511/1/5 11498/1/5 11497/1/5
f 11512/5/5 11499/5/5 11498/5/5
f 11512/1/5 11498/1/5 11511/1/5
f 11513/5/5 11499/5/5 11512/5/5
f 11518/2/5 11505/2/5 11504/2/5
f 11519/2/5 11505/2/5 11518/2/5
f 11526/3/5 11510/3/5 11509/3/5
f 11527/3/5 11510/3/5 11526/3/5
f 11528/1/5 11515/1/5 11514/1/5
f 11529/1/5 11515/1/5 11528/1/5
f 11530/6/5 11517/6/5 11516/6/5
f 11531/6/5 11517/6/5 11530/6/5
f 11532/1/5 11519/1/5 11518/1/5
f 11533/1/5 11519/1/5 11532/1/5
f 11535/4/5 11521/4/5 11520/4/5
f 11536/4/5 11521/4/5 11535/4/5
f 11537/2/5 11523/2/5 11522/2/5
f 11538/1/5 11524/1/5 11523/1/5
f 11538/2/5 11523/2/5 11537/2/5
f 11539/1/5 11524/1/5 11538/1/5
f 11540/6/5 11526/6/5 11525/6/5
f 11541/6/5 11526/6/5 11540/6/5
f 11544/2/5 11534/2/5 11533/2/5
f 11545/2/5 11534/2/5 11544/2/5
f 11546/1/5 11536/1/5 11535/1/5
f 11547/1/5 11536/1/5 11546/1/5
f 11549/5/5 11540/5/5 11539/5/5
f 11550/5/5 11540/5/5 11549/5/5
f 11551/2/5 11543/2/5 11542/2/5
f 11552/2/5 11543/2/5 11551/2/5
f 11555/2/5 11548/2/5 11547/2/5
f 11556/2/5 11548/2/5 11555/2/5
f 11559/1/5 11552/1/5 11551/1/5
f 11560/1/5 11552/1/5 11559/1/5
f 11561/3/5 11554/3/5 11553/3/5
f 11562/3/5 11554/3/5 11561/3/5
f 11563/1/5 11556/1/5 11555/1/5
f 11564/1/5 11556/1/5 11563/1/5
f 11565/1/5 11558/1/5 11557/1/5
f 11566/1/5 11558/1/5 11565/1/5
f 11571/1/5 11565/1/5 11564/1/5
f 11572/1/5 11565/1/5 11571/1/5
f 11573/2/5 11568/2/5 11567/2/5
f 11574/2/5 11568/2/5 11573/2/5
f 11576/3/5 11570/3/5 11569/3/5
f 11577/2/5 11571/2/5 11570/2/5
f 11577/3/5 11570/3/5 11576/3/5
f 11578/2/5 11571/2/5 11577/2/5
f 11581/4/5 11575/4/5 11574/4/5
f 11582/4/5 11575/4/5 11581/4/5
f 11586/5/5 11580/5/5 11579/5/5
f 11587/5/5 11580/5/5 11586/5/5
f 11588/2/5 11582/2/5 11581/2/5
f 11589/3/5 11583/3/5 11582/3/5
f 11589/2/5 11582/2/5 11588/2/5
f 11590/3/5 11583/3/5 11589/3/5
f 11591/1/5 11585/1/5 11584/1/5
f 11592/1/5 11585/1/5 11591/1/5
f 11595/5/5 11594/5/5 11593/5/5
f 11596/5/5 11594/5/5 11595/5/5
f 11599/1/5 11598/1/5 11597/1/5
f 11600/1/5 11598/1/5 11599/1/5
f 11603/1/5 11602/1/5 11601/1/5
f 11604/1/5 11602/1/5 11603/1/5
f 11610/1/5 11606/1/5 11605/1/5
f 11611/1/5 11606/1/5 11610/1/5
f 11612/4/5 11608/4/5 11607/4/5
f 11613/1/5 11609/1/5 11608/1/5
f 11613/4/5 11608/4/5 11612/4/5
f 11614/1/5 11609/1/5 11613/1/5
f 11618/2/5 11613/2/5 11612/2/5
f 11619/2/5 11613/2/5 11618/2/5
f 11620/2/5 11615/2/5 11614/2/5
f 11621/2/5 11615/2/5 11620/2/5
f 11622/2/5 11617/2/5 11616/2/5
f 11623/2/5 11617/2/5 11622/2/5
f 11624/2/5 11620/2/5 11619/2/5
f 11625/2/5 11620/2/5 11624/2/5
f 11631/5/5 11627/5/5 11626/5/5
f 11632/5/5 11627/5/5 11631/5/5
f 11633/4/5 11629/4/5 11628/4/5
f 11634/3/5 11630/3/5 11629/3/5
f 11634/4/5 11629/4/5 11633/4/5
f 11635/3/5 11630/3/5 11634/3/5
f 11638/2/5 11634/2/5 11633/2/5
f 11639/2/5 11634/2/5 11638/2/5
f 11640/5/5 11637/5/5 11636/5/5
f 11641/5/5 11637/5/5 11640/5/5
f 11644/3/5 11643/3/5 11642/3/5
f 11645/3/5 11643/3/5 11644/3/5
f 11648/3/5 11647/3/5 11646/3/5
f 11649/3/5 11647/3/5 11648/3/5
f 11654/4/5 11651/4/5 11650/4/5
f 11655/3/5 11652/3/5 11651/3/5
f 11655/4/5 11651/4/5 11654/4/5
f 11656/3/5 11652/3/5 11655/3/5
f 11657/2/5 11654/2/5 11653/2/5
f 11658/2/5 11654/2/5 11657/2/5
f 11661/4/5 11660/4/5 11659/4/5
f 11662/4/5 11660/4/5 11661/4/5
f 11664/1/5 11662/1/5 11661/1/5
f 11665/1/5 11662/1/5 11664/1/5
f 11668/3/5 11664/3/5 11663/3/5
f 11669/3/5 11664/3/5 11668/3/5
f 11671/5/5 11667/5/5 11666/5/5
f 11672/5/5 11667/5/5 11671/5/5
f 11673/6/5 11669/6/5 11668/6/5
f 11674/6/5 11669/6/5 11673/6/5
f 11676/6/5 11671/6/5 11670/6/5
f 11677/3/5 11672/3/5 11671/3/5
f 11677/6/5 11671/6/5 11676/6/5
f 11678/3/5 11672/3/5 11677/3/5
f 11680/1/5 11674/1/5 11673/1/5
f 11681/2/5 11675/2/5 11674/2/5
f 11681/1/5 11674/1/5 11680/1/5
f 11682/2/5 11675/2/5 11681/2/5
f 11688/1/5 11680/1/5 11679/1/5
f 11689/1/5 11680/1/5 11688/1/5
f 11690/5/5 11682/5/5 11681/5/5
f 11691/5/5 11682/5/5 11690/5/5
f 11693/1/5 11684/1/5 11683/1/5
f 11694/1/5 11684/1/5 11693/1/5
f 11695/4/5 11686/4/5 11685/4/5
f 11696/3/5 11687/3/5 11686/3/5
f 11696/4/5 11686/4/5 11695/4/5
f 11697/2/5 11688/2/5 11687/2/5
f 11697/3/5 11687/3/5 11696/3/5
f 11698/4/5 11689/4/5 11688/4/5
f 11698/2/5 11688/2/5 11697/2/5
f 11699/4/5 11689/4/5 11698/4/5
f 11700/3/5 11691/3/5 11690/3/5
f 11701/6/5 11692/6/5 11691/6/5
f 11701/3/5 11691/3/5 11700/3/5
f 11702/6/5 11692/6/5 11701/6/5
f 11703/6/5 11697/6/5 11696/6/5
f 11704/4/5 11698/4/5 11697/4/5
f 11704/6/5 11697/6/5 11703/6/5
f 11705/1/5 11699/1/5 11698/1/5
f 11705/4/5 11698/4/5 11704/4/5
f 11706/6/5 11700/6/5 11699/6/5
f 11706/1/5 11699/1/5 11705/1/5
f 11707/6/5 11700/6/5 11706/6/5
f 11709/4/5 11708/4/5 11707/4/5
f 11710/4/5 11708/4/5 11709/4/5
f 11713/1/5 11712/1/5 11711/1/5
f 11714/1/5 11712/1/5 11713/1/5
f 11717/2/5 11716/2/5 11715/2/5
f 11720/2/5 11716/2/5 11717/2/5
f 11721/2/5 11716/2/5 11720/2/5
f 11722/4/5 11719/4/5 11718/4/5
f 11723/4/5 11719/4/5 11722/4/5
f 11726/5/5 11725/5/5 11724/5/5
f 11727/5/5 11725/5/5 11726/5/5
f 11730/2/5 11729/2/5 11728/2/5
f 11731/2/5 11729/2/5 11730/2/5
f 11732/2/5 11729/2/5 11731/2/5
f 11735/3/5 11734/3/5 11733/3/5
f 11736/3/5 11734/3/5 11735/3/5
f 11737/2/5 11736/2/5 11735/2/5
f 11738/2/5 11736/2/5 11737/2/5
f 11741/1/5 11740/1/5 11739/1/5
f 11742/1/5 11740/1/5 11741/1/5
f 11747/5/5 11744/5/5 11743/5/5
f 11748/5/5 11744/5/5 11747/5/5
f 11749/5/5 11746/5/5 11745/5/5
f 11750/5/5 11746/5/5 11749/5/5
f 11753/1/5 11752/1/5 11751/1/5
f 11754/1/5 11752/1/5 11753/1/5
f 11755/5/6 11756/5/6 11762/5/6
f 11762/5/6 11756/5/6 11763/5/6
f 11757/2/6 11758/2/6 11764/2/6
f 11764/2/6 11758/2/6 11765/2/6
f 11759/4/6 11760/4/6 11766/4/6
f 11760/2/6 11761/2/6 11767/2/6
f 11766/4/6 11760/4/6 11767/4/6
f 11767/2/6 11761/2/6 11768/2/6
f 11764/2/6 11765/2/6 11771/2/6
f 11771/2/6 11765/2/6 11772/2/6
f 11769/6/6 11770/6/6 11777/6/6
f 11777/6/6 11770/6/6 11778/6/6
f 11773/2/6 11774/2/6 11780/2/6
f 11780/2/6 11774/2/6 11781/2/6
f 11775/5/6 11776/5/6 11782/5/6
f 11782/5/6 11776/5/6 11783/5/6
f 11777/5/6 11778/5/6 11784/5/6
f 11784/5/6 11778/5/6 11785/5/6
f 11780/2/6 11781/2/6 11791/2/6
f 11779/2/6 11780/2/6 11791/2/6
f 11791/2/6 11781/2/6 11792/2/6
f 11792/2/6 11781/2/6 11793/2/6
f 11786/2/6 11787/2/6 11799/2/6
f 11787/5/6 11788/5/6 11800/5/6
f 11799/2/6 11787/2/6 11800/2/6
f 11800/5/6 11788/5/6 11801/5/6
f 11789/2/6 11790/2/6 11802/2/6
f 11802/2/6 11790/2/6 11803/2/6
f 11794/6/6 11795/6/6 11806/6/6
f 11806/6/6 11795/6/6 11807/6/6
f 11796/5/6 11797/5/6 11808/5/6
f 11808/5/6 11797/5/6 11809/5/6
f 11798/2/6 11799/2/6 11810/2/6
f 11810/2/6 11799/2/6 11811/2/6
f 11804/2/6 11805/2/6 11814/2/6
f 11814/2/6 11805/2/6 11815/2/6
f 11812/1/6 11813/1/6 11818/1/6
f 11818/1/6 11813/1/6 11819/1/6
f 11816/5/6 11817/5/6 11823/5/6
f 11823/5/6 11817/5/6 11824/5/6
f 11821/5/6 11822/5/6 11826/5/6
f 11820/5/6 11821/5/6 11826/5/6
f 11826/5/6 11822/5/6 11827/5/6
f 11827/5/6 11822/5/6 11828/5/6
f 11824/1/6 11825/1/6 11830/1/6
f 11830/1/6 11825/1/6 11831/1/6
f 11829/5/6 11830/5/6 11832/5/6
f 11830/6/6 11831/6/6 11833/6/6
f 11832/5/6 11830/5/6 11833/5/6
f 11833/6/6 11831/6/6 11834/6/6
f 11835/4/6 11836/4/6 11840/4/6
f 11840/4/6 11836/4/6 11841/4/6
f 11837/4/6 11838/4/6 11842/4/6
f 11838/5/6 11839/5/6 11843/5/6
f 11842/4/6 11838/4/6 11843/4/6
f 11843/5/6 11839/5/6 11844/5/6
f 11845/5/6 11846/5/6 11852/5/6
f 11852/5/6 11846/5/6 11853/5/6
f 11847/2/6 11848/2/6 11854/2/6
f 11854/2/6 11848/2/6 11855/2/6
f 11849/3/6 11850/3/6 11861/3/6
f 11861/3/6 11850/3/6 11862/3/6
f 11851/5/6 11852/5/6 11863/5/6
f 11863/5/6 11852/5/6 11864/5/6
f 11855/2/6 11856/2/6 11865/2/6
f 11865/2/6 11856/2/6 11866/2/6
f 11857/2/6 11858/2/6 11867/2/6
f 11867/2/6 11858/2/6 11868/2/6
f 11859/4/6 11860/4/6 11869/4/6
f 11869/4/6 11860/4/6 11870/4/6
f 11871/3/6 11872/3/6 11877/3/6
f 11877/3/6 11872/3/6 11878/3/6
f 11873/4/6 11874/4/6 11885/4/6
f 11885/4/6 11874/4/6 11886/4/6
f 11875/4/6 11876/4/6 11892/4/6
f 11892/4/6 11876/4/6 11893/4/6
f 11879/5/6 11880/5/6 11894/5/6
f 11894/5/6 11880/5/6 11895/5/6
f 11881/2/6 11882/2/6 11896/2/6
f 11896/2/6 11882/2/6 11897/2/6
f 11883/4/6 11884/4/6 11898/4/6
f 11898/4/6 11884/4/6 11899/4/6
f 11887/4/6 11888/4/6 11902/4/6
f 11902/4/6 11888/4/6 11903/4/6
f 11889/3/6 11890/3/6 11904/3/6
f 11890/2/6 11891/2/6 11905/2/6
f 11904/3/6 11890/3/6 11905/3/6
f 11905/2/6 11891/2/6 11906/2/6
f 11900/3/6 11901/3/6 11912/3/6
f 11912/3/6 11901/3/6 11913/3/6
f 11907/2/6 11908/2/6 11916/2/6
f 11908/3/6 11909/3/6 11917/3/6
f 11916/2/6 11908/2/6 11917/2/6
f 11917/3/6 11909/3/6 11918/3/6
f 11910/5/6 11911/5/6 11919/5/6
f 11919/5/6 11911/5/6 11920/5/6
f 11914/5/6 11915/5/6 11925/5/6
f 11925/5/6 11915/5/6 11926/5/6
f 11917/5/6 11918/5/6 11928/5/6
f 11918/4/6 11919/4/6 11929/4/6
f 11928/5/6 11918/5/6 11929/5/6
f 11929/4/6 11919/4/6 11930/4/6
f 11921/2/6 11922/2/6 11931/2/6
f 11931/2/6 11922/2/6 11932/2/6
f 11923/3/6 11924/3/6 11933/3/6
f 11933/3/6 11924/3/6 11934/3/6
f 11926/4/6 11927/4/6 11937/4/6
f 11937/4/6 11927/4/6 11938/4/6
f 11935/1/6 11936/1/6 11939/1/6
f 11936/5/6 11937/5/6 11940/5/6
f 11939/1/6 11936/1/6 11940/1/6
f 11940/5/6 11937/5/6 11941/5/6
f 11942/3/6 11943/3/6 11946/3/6
f 11944/5/6 11945/5/6 11948/5/6
f 11948/5/6 11945/5/6 11949/5/6
f 11942/3/6 11946/3/6 11950/3/6
f 11946/2/6 11947/2/6 11951/2/6
f 11950/3/6 11946/3/6 11951/3/6
f 11951/2/6 11947/2/6 11952/2/6
f 11953/6/6 11954/6/6 11965/6/6
f 11955/5/6 11956/5/6 11966/5/6
f 11954/5/6 11955/5/6 11966/5/6
f 11965/6/6 11954/6/6 11966/6/6
f 11966/5/6 11956/5/6 11967/5/6
f 11967/5/6 11956/5/6 11968/5/6
f 11957/3/6 11958/3/6 11969/3/6
f 11958/1/6 11959/1/6 11970/1/6
f 11969/3/6 11958/3/6 11970/3/6
f 11970/1/6 11959/1/6 11971/1/6
f 11960/2/6 11961/2/6 11975/2/6
f 11975/2/6 11961/2/6 11976/2/6
f 11962/1/6 11963/1/6 11977/1/6
f 11977/1/6 11963/1/6 11978/1/6
f 11964/2/6 11965/2/6 11980/2/6
f 11980/2/6 11965/2/6 11981/2/6
f 11966/2/6 11967/2/6 11982/2/6
f 11967/3/6 11968/3/6 11983/3/6
f 11982/2/6 11967/2/6 11983/2/6
f 11983/3/6 11968/3/6 11984/3/6
f 11972/2/6 11973/2/6 11986/2/6
f 11973/1/6 11974/1/6 11987/1/6
f 11986/2/6 11973/2/6 11987/2/6
f 11987/1/6 11974/1/6 11988/1/6
f 11975/5/6 11976/5/6 11989/5/6
f 11989/5/6 11976/5/6 11990/5/6
f 11979/6/6 11980/6/6 11994/6/6
f 11980/1/6 11981/1/6 11995/1/6
f 11994/6/6 11980/6/6 11995/6/6
f 11995/1/6 11981/1/6 11996/1/6
f 11983/5/6 11984/5/6 11997/5/6
f 11982/5/6 11983/5/6 11997/5/6
f 11997/5/6 11984/5/6 11998/5/6
f 11984/3/6 11985/3/6 11999/3/6
f 11998/5/6 11984/5/6 11999/5/6
f 11999/3/6 11985/3/6 12000/3/6
f 11991/2/6 11992/2/6 12005/2/6
f 12005/2/6 11992/2/6 12006/2/6
f 11993/4/6 11994/4/6 12008/4/6
f 11994/2/6 11995/2/6 12009/2/6
f 12008/4/6 11994/4/6 12009/4/6
f 11995/6/6 11996/6/6 12010/6/6
f 12009/2/6 11995/2/6 12010/2/6
f 12010/6/6 11996/6/6 12011/6/6
f 11997/4/6 11998/4/6 12012/4/6
f 11998/1/6 11999/1/6 12013/1/6
f 12012/4/6 11998/4/6 12013/4/6
f 11999/3/6 12000/3/6 12014/3/6
f 12013/1/6 11999/1/6 12014/1/6
f 12014/3/6 12000/3/6 12015/3/6
f 12001/2/6 12002/2/6 12017/2/6
f 12017/2/6 12002/2/6 12018/2/6
f 12003/6/6 12004/6/6 12019/6/6
f 12019/6/6 12004/6/6 12020/6/6
f 12005/2/6 12006/2/6 12024/2/6
f 12024/2/6 12006/2/6 12025/2/6
f 12007/1/6 12008/1/6 12027/1/6
f 12008/2/6 12009/2/6 12028/2/6
f 12027/1/6 12008/1/6 12028/1/6
f 12009/5/6 12010/5/6 12029/5/6
f 12028/2/6 12009/2/6 12029/2/6
f 12029/5/6 12010/5/6 12030/5/6
f 12015/6/6 12016/6/6 12031/6/6
f 12031/6/6 12016/6/6 12032/6/6
f 12020/4/6 12021/4/6 12034/4/6
f 12034/4/6 12021/4/6 12035/4/6
f 12022/1/6 12023/1/6 12036/1/6
f 12036/1/6 12023/1/6 12037/1/6
f 12026/3/6 12027/3/6 12040/3/6
f 12040/3/6 12027/3/6 12041/3/6
f 12029/4/6 12030/4/6 12042/4/6
f 12042/4/6 12030/4/6 12043/4/6
f 12031/2/6 12032/2/6 12044/2/6
f 12032/5/6 12033/5/6 12045/5/6
f 12044/2/6 12032/2/6 12045/2/6
f 12045/5/6 12033/5/6 12046/5/6
f 12038/4/6 12039/4/6 12051/4/6
f 12051/4/6 12039/4/6 12052/4/6
f 12047/1/6 12048/1/6 12053/1/6
f 12053/1/6 12048/1/6 12054/1/6
f 12049/6/6 12050/6/6 12055/6/6
f 12055/6/6 12050/6/6 12056/6/6
f 12057/2/6 12058/2/6 12065/2/6
f 12065/2/6 12058/2/6 12066/2/6
f 12059/4/6 12060/4/6 12067/4/6
f 12067/4/6 12060/4/6 12068/4/6
f 12061/5/6 12062/5/6 12069/5/6
f 12069/5/6 12062/5/6 12070/5/6
f 12063/3/6 12064/3/6 12071/3/6
f 12071/3/6 12064/3/6 12072/3/6
f 12071/3/6 12072/3/6 12077/3/6
f 12073/6/6 12074/6/6 12082/6/6
f 12082/6/6 12074/6/6 12083/6/6
f 12075/3/6 12076/3/6 12084/3/6
f 12084/3/6 12076/3/6 12085/3/6
f 12077/3/6 12072/3/6 12088/3/6
f 12088/3/6 12072/3/6 12089/3/6
f 12078/6/6 12079/6/6 12090/6/6
f 12090/6/6 12079/6/6 12091/6/6
f 12080/6/6 12081/6/6 12092/6/6
f 12092/6/6 12081/6/6 12093/6/6
f 12086/4/6 12087/4/6 12094/4/6
f 12094/4/6 12087/4/6 12095/4/6
f 12095/1/6 12096/1/6 12101/1/6
f 12101/1/6 12096/1/6 12102/1/6
f 12097/3/6 12098/3/6 12105/3/6
f 12105/3/6 12098/3/6 12106/3/6
f 12099/4/6 12100/4/6 12107/4/6
f 12107/4/6 12100/4/6 12108/4/6
f 12103/5/6 12104/5/6 12111/5/6
f 12111/5/6 12104/5/6 12112/5/6
f 12105/2/6 12106/2/6 12118/2/6
f 12118/2/6 12106/2/6 12119/2/6
f 12109/5/6 12110/5/6 12122/5/6
f 12122/5/6 12110/5/6 12123/5/6
f 12112/2/6 12113/2/6 12124/2/6
f 12124/2/6 12113/2/6 12125/2/6
f 12114/2/6 12115/2/6 12127/2/6
f 12127/2/6 12115/2/6 12128/2/6
f 12116/1/6 12117/1/6 12129/1/6
f 12129/1/6 12117/1/6 12130/1/6
f 12120/1/6 12121/1/6 12138/1/6
f 12138/1/6 12121/1/6 12139/1/6
f 12124/2/6 12125/2/6 12142/2/6
f 12125/5/6 12126/5/6 12143/5/6
f 12142/2/6 12125/2/6 12143/2/6
f 12143/5/6 12126/5/6 12144/5/6
f 12130/3/6 12131/3/6 12148/3/6
f 12148/3/6 12131/3/6 12149/3/6
f 12132/6/6 12133/6/6 12150/6/6
f 12150/6/6 12133/6/6 12151/6/6
f 12134/5/6 12135/5/6 12154/5/6
f 12135/6/6 12136/6/6 12155/6/6
f 12154/5/6 12135/5/6 12155/5/6
f 12155/6/6 12136/6/6 12156/6/6
f 12137/3/6 12138/3/6 12158/3/6
f 12158/3/6 12138/3/6 12159/3/6
f 12140/1/6 12141/1/6 12160/1/6
f 12141/5/6 12142/5/6 12161/5/6
f 12160/1/6 12141/1/6 12161/1/6
f 12161/5/6 12142/5/6 12162/5/6
f 12145/2/6 12146/2/6 12164/2/6
f 12164/2/6 12146/2/6 12165/2/6
f 12147/4/6 12148/4/6 12166/4/6
f 12166/4/6 12148/4/6 12167/4/6
f 12150/2/6 12151/2/6 12169/2/6
f 12151/6/6 12152/6/6 12170/6/6
f 12169/2/6 12151/2/6 12170/2/6
f 12152/3/6 12153/3/6 12171/3/6
f 12170/6/6 12152/6/6 12171/6/6
f 12171/3/6 12153/3/6 12172/3/6
f 12156/5/6 12157/5/6 12173/5/6
f 12173/5/6 12157/5/6 12174/5/6
f 12161/3/6 12162/3/6 12175/3/6
f 12162/4/6 12163/4/6 12176/4/6
f 12175/3/6 12162/3/6 12176/3/6
f 12176/4/6 12163/4/6 12177/4/6
f 12168/1/6 12169/1/6 12180/1/6
f 12180/1/6 12169/1/6 12181/1/6
f 12170/1/6 12171/1/6 12182/1/6
f 12171/3/6 12172/3/6 12183/3/6
f 12182/1/6 12171/1/6 12183/1/6
f 12183/3/6 12172/3/6 12184/3/6
f 12178/3/6 12179/3/6 12187/3/6
f 12187/3/6 12179/3/6 12188/3/6
f 12182/1/6 12183/1/6 12192/1/6
f 12192/1/6 12183/1/6 12193/1/6
f 12185/1/6 12186/1/6 12194/1/6
f 12194/1/6 12186/1/6 12195/1/6
f 12189/3/6 12190/3/6 12196/3/6
f 12190/2/6 12191/2/6 12197/2/6
f 12196/3/6 12190/3/6 12197/3/6
f 12197/2/6 12191/2/6 12198/2/6
f 12197/1/6 12198/1/6 12204/1/6
f 12204/1/6 12198/1/6 12205/1/6
f 12199/3/6 12200/3/6 12206/3/6
f 12200/4/6 12201/4/6 12207/4/6
f 12206/3/6 12200/3/6 12207/3/6
f 12207/4/6 12201/4/6 12208/4/6
f 12202/6/6 12203/6/6 12209/6/6
f 12209/6/6 12203/6/6 12210/6/6
f 12211/4/6 12212/4/6 12214/4/6
f 12212/2/6 12213/2/6 12215/2/6
f 12214/4/6 12212/4/6 12215/4/6
f 12215/2/6 12213/2/6 12216/2/6
f 12217/4/6 12218/4/6 12223/4/6
f 12218/2/6 12219/2/6 12224/2/6
f 12223/4/6 12218/4/6 12224/4/6
f 12224/2/6 12219/2/6 12225/2/6
f 12220/2/6 12221/2/6 12227/2/6
f 12227/2/6 12221/2/6 12228/2/6
f 12222/6/6 12223/6/6 12232/6/6
f 12223/2/6 12224/2/6 12233/2/6
f 12232/6/6 12223/6/6 12233/6/6
f 12225/4/6 12226/4/6 12234/4/6
f 12233/2/6 12224/2/6 12234/2/6
f 12224/4/6 12225/4/6 12234/4/6
f 12234/4/6 12226/4/6 12235/4/6
f 12235/4/6 12226/4/6 12236/4/6
f 12228/5/6 12229/5/6 12239/5/6
f 12239/5/6 12229/5/6 12240/5/6
f 12230/1/6 12231/1/6 12243/1/6
f 12243/1/6 12231/1/6 12244/1/6
f 12234/5/6 12235/5/6 12246/5/6
f 12246/5/6 12235/5/6 12247/5/6
f 12236/6/6 12237/6/6 12248/6/6
f 12237/3/6 12238/3/6 12249/3/6
f 12248/6/6 12237/6/6 12249/6/6
f 12249/3/6 12238/3/6 12250/3/6
f 12239/2/6 12240/2/6 12251/2/6
f 12240/6/6 12241/6/6 12252/6/6
f 12251/2/6 12240/2/6 12252/2/6
f 12241/5/6 12242/5/6 12253/5/6
f 12252/6/6 12241/6/6 12253/6/6
f 12253/5/6 12242/5/6 12254/5/6
f 12243/3/6 12244/3/6 12258/3/6
f 12244/5/6 12245/5/6 12259/5/6
f 12258/3/6 12244/3/6 12259/3/6
f 12259/5/6 12245/5/6 12260/5/6
f 12246/1/6 12247/1/6 12262/1/6
f 12247/2/6 12248/2/6 12263/2/6
f 12262/1/6 12247/1/6 12263/1/6
f 12263/2/6 12248/2/6 12264/2/6
f 12253/2/6 12254/2/6 12270/2/6
f 12254/1/6 12255/1/6 12271/1/6
f 12270/2/6 12254/2/6 12271/2/6
f 12271/1/6 12255/1/6 12272/1/6
f 12256/6/6 12257/6/6 12273/6/6
f 12273/6/6 12257/6/6 12274/6/6
f 12258/1/6 12259/1/6 12275/1/6
f 12275/1/6 12259/1/6 12276/1/6
f 12260/4/6 12261/4/6 12277/4/6
f 12277/4/6 12261/4/6 12278/4/6
f 12265/5/6 12266/5/6 12279/5/6
f 12266/4/6 12267/4/6 12280/4/6
f 12279/5/6 12266/5/6 12280/5/6
f 12280/4/6 12267/4/6 12281/4/6
f 12268/1/6 12269/1/6 12282/1/6
f 12282/1/6 12269/1/6 12283/1/6
f 12274/3/6 12275/3/6 12286/3/6
f 12286/3/6 12275/3/6 12287/3/6
f 12277/3/6 12278/3/6 12288/3/6
f 12288/3/6 12278/3/6 12289/3/6
f 12283/3/6 12284/3/6 12297/3/6
f 12284/2/6 12285/2/6 12298/2/6
f 12297/3/6 12284/3/6 12298/3/6
f 12298/2/6 12285/2/6 12299/2/6
f 12286/1/6 12287/1/6 12302/1/6
f 12302/1/6 12287/1/6 12303/1/6
f 12290/3/6 12291/3/6 12304/3/6
f 12291/1/6 12292/1/6 12305/1/6
f 12304/3/6 12291/3/6 12305/3/6
f 12305/1/6 12292/1/6 12306/1/6
f 12293/2/6 12294/2/6 12307/2/6
f 12307/2/6 12294/2/6 12308/2/6
f 12295/3/6 12296/3/6 12310/3/6
f 12310/3/6 12296/3/6 12311/3/6
f 12298/4/6 12299/4/6 12312/4/6
f 12312/4/6 12299/4/6 12313/4/6
f 12300/1/6 12301/1/6 12320/1/6
f 12301/2/6 12302/2/6 12321/2/6
f 12320/1/6 12301/1/6 12321/1/6
f 12321/2/6 12302/2/6 12322/2/6
f 12308/5/6 12309/5/6 12324/5/6
f 12324/5/6 12309/5/6 12325/5/6
f 12313/5/6 12314/5/6 12326/5/6
f 12314/6/6 12315/6/6 12327/6/6
f 12326/5/6 12314/5/6 12327/5/6
f 12327/6/6 12315/6/6 12328/6/6
f 12316/2/6 12317/2/6 12329/2/6
f 12329/2/6 12317/2/6 12330/2/6
f 12318/3/6 12319/3/6 12333/3/6
f 12319/2/6 12320/2/6 12334/2/6
f 12333/3/6 12319/3/6 12334/3/6
f 12334/2/6 12320/2/6 12335/2/6
f 12323/5/6 12324/5/6 12340/5/6
f 12340/5/6 12324/5/6 12341/5/6
f 12328/2/6 12329/2/6 12342/2/6
f 12342/2/6 12329/2/6 12343/2/6
f 12331/3/6 12332/3/6 12345/3/6
f 12345/3/6 12332/3/6 12346/3/6
f 12334/5/6 12335/5/6 12348/5/6
f 12348/5/6 12335/5/6 12349/5/6
f 12336/6/6 12337/6/6 12351/6/6
f 12351/6/6 12337/6/6 12352/6/6
f 12338/3/6 12339/3/6 12353/3/6
f 12353/3/6 12339/3/6 12354/3/6
f 12344/3/6 12345/3/6 12358/3/6
f 12358/3/6 12345/3/6 12359/3/6
f 12349/6/6 12350/6/6 12361/6/6
f 12347/4/6 12348/4/6 12361/4/6
f 12348/6/6 12349/6/6 12361/6/6
f 12361/6/6 12350/6/6 12362/6/6
f 12362/6/6 12350/6/6 12363/6/6
f 12351/2/6 12352/2/6 12365/2/6
f 12365/2/6 12352/2/6 12366/2/6
f 12353/2/6 12354/2/6 12367/2/6
f 12367/2/6 12354/2/6 12368/2/6
f 12355/2/6 12356/2/6 12372/2/6
f 12356/1/6 12357/1/6 12373/1/6
f 12372/2/6 12356/2/6 12373/2/6
f 12373/1/6 12357/1/6 12374/1/6
f 12359/2/6 12360/2/6 12376/2/6
f 12376/2/6 12360/2/6 12377/2/6
f 12347/4/6 12361/4/6 12378/4/6
f 12361/3/6 12362/3/6 12379/3/6
f 12378/4/6 12361/4/6 12379/4/6
f 12379/3/6 12362/3/6 12380/3/6
f 12364/4/6 12365/4/6 12382/4/6
f 12382/4/6 12365/4/6 12383/4/6
f 12369/3/6 12370/3/6 12386/3/6
f 12386/3/6 12370/3/6 12387/3/6
f 12371/3/6 12372/3/6 12388/3/6
f 12372/5/6 12373/5/6 12389/5/6
f 12388/3/6 12372/3/6 12389/3/6
f 12389/5/6 12373/5/6 12390/5/6
f 12374/4/6 12375/4/6 12391/4/6
f 12391/4/6 12375/4/6 12392/4/6
f 12378/5/6 12379/5/6 12393/5/6
f 12393/5/6 12379/5/6 12394/5/6
f 12380/2/6 12381/2/6 12395/2/6
f 12395/2/6 12381/2/6 12396/2/6
f 12384/2/6 12385/2/6 12399/2/6
f 12399/2/6 12385/2/6 12400/2/6
f 12393/3/6 12394/3/6 12407/3/6
f 12394/5/6 12395/5/6 12408/5/6
f 12407/3/6 12394/3/6 12408/3/6
f 12408/5/6 12395/5/6 12409/5/6
f 12397/6/6 12398/6/6 12412/6/6
f 12412/6/6 12398/6/6 12413/6/6
f 12401/2/6 12402/2/6 12414/2/6
f 12414/2/6 12402/2/6 12415/2/6
f 12403/5/6 12404/5/6 12416/5/6
f 12416/5/6 12404/5/6 12417/5/6
f 12405/2/6 12406/2/6 12420/2/6
f 12420/2/6 12406/2/6 12421/2/6
f 12408/4/6 12409/4/6 12422/4/6
f 12422/4/6 12409/4/6 12423/4/6
f 12410/6/6 12411/6/6 12424/6/6
f 12424/6/6 12411/6/6 12425/6/6
f 12418/6/6 12419/6/6 12432/6/6
f 12417/6/6 12418/6/6 12432/6/6
f 12432/6/6 12419/6/6 12433/6/6
f 12433/6/6 12419/6/6 12434/6/6
f 12425/1/6 12426/1/6 12441/1/6
f 12426/1/6 12427/1/6 12441/1/6
f 12441/1/6 12427/1/6 12442/1/6
f 12442/1/6 12427/1/6 12443/1/6
f 12428/6/6 12429/6/6 12444/6/6
f 12444/6/6 12429/6/6 12445/6/6
f 12430/5/6 12431/5/6 12446/5/6
f 12446/5/6 12431/5/6 12447/5/6
f 12432/1/6 12433/1/6 12449/1/6
f 12433/5/6 12434/5/6 12450/5/6
f 12449/1/6 12433/1/6 12450/1/6
f 12434/2/6 12435/2/6 12451/2/6
f 12450/5/6 12434/5/6 12451/5/6
f 12451/2/6 12435/2/6 12452/2/6
f 12436/4/6 12437/4/6 12456/4/6
f 12456/4/6 12437/4/6 12457/4/6
f 12438/5/6 12439/5/6 12460/5/6
f 12439/6/6 12440/6/6 12461/6/6
f 12460/5/6 12439/5/6 12461/5/6
f 12461/6/6 12440/6/6 12462/6/6
f 12441/6/6 12442/6/6 12463/6/6
f 12442/5/6 12443/5/6 12464/5/6
f 12463/6/6 12442/6/6 12464/6/6
f 12464/5/6 12443/5/6 12465/5/6
f 12444/2/6 12445/2/6 12469/2/6
f 12445/5/6 12446/5/6 12470/5/6
f 12469/2/6 12445/2/6 12470/2/6
f 12470/5/6 12446/5/6 12471/5/6
f 12448/2/6 12449/2/6 12472/2/6
f 12472/2/6 12449/2/6 12473/2/6
f 12452/4/6 12453/4/6 12476/4/6
f 12476/4/6 12453/4/6 12477/4/6
f 12454/1/6 12455/1/6 12478/1/6
f 12478/1/6 12455/1/6 12479/1/6
f 12457/2/6 12458/2/6 12481/2/6
f 12481/2/6 12458/2/6 12482/2/6
f 12459/1/6 12460/1/6 12483/1/6
f 12460/3/6 12461/3/6 12484/3/6
f 12483/1/6 12460/1/6 12484/1/6
f 12461/2/6 12462/2/6 12485/2/6
f 12484/3/6 12461/3/6 12485/3/6
f 12485/2/6 12462/2/6 12486/2/6
f 12465/4/6 12466/4/6 12488/4/6
f 12488/4/6 12466/4/6 12489/4/6
f 12467/6/6 12468/6/6 12490/6/6
f 12490/6/6 12468/6/6 12491/6/6
f 12472/5/6 12473/5/6 12496/5/6
f 12496/5/6 12473/5/6 12497/5/6
f 12474/1/6 12475/1/6 12498/1/6
f 12498/1/6 12475/1/6 12499/1/6
f 12476/6/6 12477/6/6 12500/6/6
f 12500/6/6 12477/6/6 12501/6/6
f 12479/3/6 12480/3/6 12504/3/6
f 12480/5/6 12481/5/6 12505/5/6
f 12504/3/6 12480/3/6 12505/3/6
f 12505/5/6 12481/5/6 12506/5/6
f 12487/2/6 12488/2/6 12510/2/6
f 12510/2/6 12488/2/6 12511/2/6
f 12490/5/6 12491/5/6 12513/5/6
f 12491/1/6 12492/1/6 12514/1/6
f 12513/5/6 12491/5/6 12514/5/6
f 12514/1/6 12492/1/6 12515/1/6
f 12493/3/6 12494/3/6 12517/3/6
f 12517/3/6 12494/3/6 12518/3/6
f 12495/6/6 12496/6/6 12519/6/6
f 12519/6/6 12496/6/6 12520/6/6
f 12500/5/6 12501/5/6 12523/5/6
f 12501/2/6 12502/2/6 12524/2/6
f 12523/5/6 12501/5/6 12524/5/6
f 12524/2/6 12502/2/6 12525/2/6
f 12504/1/6 12505/1/6 12527/1/6
f 12503/1/6 12504/1/6 12527/1/6
f 12527/1/6 12505/1/6 12528/1/6
f 12528/1/6 12505/1/6 12529/1/6
f 12506/4/6 12507/4/6 12530/4/6
f 12507/6/6 12508/6/6 12531/6/6
f 12530/4/6 12507/4/6 12531/4/6
f 12531/6/6 12508/6/6 12532/6/6
f 12509/1/6 12510/1/6 12533/1/6
f 12510/3/6 12511/3/6 12534/3/6
f 12533/1/6 12510/1/6 12534/1/6
f 12534/3/6 12511/3/6 12535/3/6
f 12512/6/6 12513/6/6 12536/6/6
f 12536/6/6 12513/6/6 12537/6/6
f 12514/5/6 12515/5/6 12538/5/6
f 12538/5/6 12515/5/6 12539/5/6
f 12516/2/6 12517/2/6 12540/2/6
f 12540/2/6 12517/2/6 12541/2/6
f 12519/2/6 12520/2/6 12543/2/6
f 12543/2/6 12520/2/6 12544/2/6
f 12521/6/6 12522/6/6 12545/6/6
f 12545/6/6 12522/6/6 12546/6/6
f 12524/4/6 12525/4/6 12547/4/6
f 12525/3/6 12526/3/6 12548/3/6
f 12547/4/6 12525/4/6 12548/4/6
f 12526/6/6 12527/6/6 12549/6/6
f 12548/3/6 12526/3/6 12549/3/6
f 12527/3/6 12528/3/6 12550/3/6
f 12549/6/6 12527/6/6 12550/6/6
f 12528/5/6 12529/5/6 12551/5/6
f 12550/3/6 12528/3/6 12551/3/6
f 12529/1/6 12530/1/6 12552/1/6
f 12551/5/6 12529/5/6 12552/5/6
f 12530/3/6 12531/3/6 12553/3/6
f 12552/1/6 12530/1/6 12553/1/6
f 12553/3/6 12531/3/6 12554/3/6
f 12536/3/6 12537/3/6 12555/3/6
f 12537/1/6 12538/1/6 12556/1/6
f 12555/3/6 12537/3/6 12556/3/6
f 12556/1/6 12538/1/6 12557/1/6
f 12540/5/6 12541/5/6 12558/5/6
f 12541/5/6 12542/5/6 12558/5/6
f 12558/5/6 12542/5/6 12559/5/6
f 12559/5/6 12542/5/6 12560/5/6
f 12543/4/6 12544/4/6 12561/4/6
f 12544/1/6 12545/1/6 12562/1/6
f 12561/4/6 12544/4/6 12562/4/6
f 12562/1/6 12545/1/6 12563/1/6
f 12549/2/6 12550/2/6 12565/2/6
f 12565/2/6 12550/2/6 12566/2/6
f 12552/6/6 12553/6/6 12568/6/6
f 12568/6/6 12553/6/6 12569/6/6
f 12559/6/6 12560/6/6 12570/6/6
f 12570/6/6 12560/6/6 12571/6/6
f 12561/5/6 12562/5/6 12572/5/6
f 12562/3/6 12563/3/6 12573/3/6
f 12572/5/6 12562/5/6 12573/5/6
f 12573/3/6 12563/3/6 12574/3/6
f 12564/4/6 12565/4/6 12575/4/6
f 12565/1/6 12566/1/6 12576/1/6
f 12575/4/6 12565/4/6 12576/4/6
f 12576/1/6 12566/1/6 12577/1/6
f 12567/3/6 12568/3/6 12578/3/6
f 12578/3/6 12568/3/6 12579/3/6
f 12573/1/6 12574/1/6 12585/1/6
f 12585/1/6 12574/1/6 12586/1/6
f 12575/4/6 12576/4/6 12587/4/6
f 12587/4/6 12576/4/6 12588/4/6
f 12580/4/6 12581/4/6 12589/4/6
f 12581/6/6 12582/6/6 12590/6/6
f 12589/4/6 12581/4/6 12590/4/6
f 12590/6/6 12582/6/6 12591/6/6
f 12583/2/6 12584/2/6 12592/2/6
f 12592/2/6 12584/2/6 12593/2/6
f 12593/4/6 12594/4/6 12596/4/6
f 12594/1/6 12595/1/6 12597/1/6
f 12596/4/6 12594/4/6 12597/4/6
f 12597/1/6 12595/1/6 12598/1/6
f 12599/3/6 12600/3/6 12601/3/6
f 12601/3/6 12600/3/6 12602/3/6
f 12601/2/6 12602/2/6 12604/2/6
f 12602/1/6 12603/1/6 12605/1/6
f 12604/2/6 12602/2/6 12605/2/6
f 12605/1/6 12603/1/6 12606/1/6
f 12607/3/6 12608/3/6 12614/3/6
f 12614/3/6 12608/3/6 12615/3/6
f 12609/3/6 12610/3/6 12622/3/6
f 12622/3/6 12610/3/6 12623/3/6
f 12611/4/6 12612/4/6 12625/4/6
f 12612/2/6 12613/2/6 12626/2/6
f 12625/4/6 12612/4/6 12626/4/6
f 12626/2/6 12613/2/6 12627/2/6
f 12614/2/6 12615/2/6 12628/2/6
f 12615/4/6 12616/4/6 12629/4/6
f 12628/2/6 12615/2/6 12629/2/6
f 12629/4/6 12616/4/6 12630/4/6
f 12617/1/6 12618/1/6 12632/1/6
f 12632/1/6 12618/1/6 12633/1/6
f 12619/3/6 12620/3/6 12638/3/6
f 12638/3/6 12620/3/6 12639/3/6
f 12621/5/6 12622/5/6 12640/5/6
f 12640/5/6 12622/5/6 12641/5/6
f 12623/5/6 12624/5/6 12642/5/6
f 12642/5/6 12624/5/6 12643/5/6
f 12629/2/6 12630/2/6 12647/2/6
f 12647/2/6 12630/2/6 12648/2/6
f 12631/2/6 12632/2/6 12651/2/6
f 12634/2/6 12635/2/6 12651/2/6
f 12633/2/6 12634/2/6 12651/2/6
f 12632/2/6 12633/2/6 12651/2/6
f 12651/2/6 12635/2/6 12652/2/6
f 12652/2/6 12635/2/6 12653/2/6
f 12653/2/6 12635/2/6 12654/2/6
f 12635/4/6 12636/4/6 12655/4/6
f 12654/2/6 12635/2/6 12655/2/6
f 12655/4/6 12636/4/6 12656/4/6
f 12637/4/6 12638/4/6 12659/4/6
f 12659/4/6 12638/4/6 12660/4/6
f 12640/4/6 12641/4/6 12662/4/6
f 12662/4/6 12641/4/6 12663/4/6
f 12645/3/6 12646/3/6 12666/3/6
f 12644/3/6 12645/3/6 12666/3/6
f 12666/3/6 12646/3/6 12667/3/6
f 12667/3/6 12646/3/6 12668/3/6
f 12649/2/6 12650/2/6 12670/2/6
f 12670/2/6 12650/2/6 12671/2/6
f 12652/1/6 12653/1/6 12672/1/6
f 12653/4/6 12654/4/6 12673/4/6
f 12672/1/6 12653/1/6 12673/1/6
f 12654/5/6 12655/5/6 12674/5/6
f 12673/4/6 12654/4/6 12674/4/6
f 12655/3/6 12656/3/6 12675/3/6
f 12674/5/6 12655/5/6 12675/5/6
f 12675/3/6 12656/3/6 12676/3/6
f 12657/2/6 12658/2/6 12677/2/6
f 12658/4/6 12659/4/6 12678/4/6
f 12677/2/6 12658/2/6 12678/2/6
f 12678/4/6 12659/4/6 12679/4/6
f 12661/3/6 12662/3/6 12680/3/6
f 12662/5/6 12663/5/6 12681/5/6
f 12680/3/6 12662/3/6 12681/3/6
f 12681/5/6 12663/5/6 12682/5/6
f 12664/2/6 12665/2/6 12683/2/6
f 12683/2/6 12665/2/6 12684/2/6
f 12666/4/6 12667/4/6 12686/4/6
f 12686/4/6 12667/4/6 12687/4/6
f 12669/5/6 12670/5/6 12690/5/6
f 12690/5/6 12670/5/6 12691/5/6
f 12672/1/6 12673/1/6 12692/1/6
f 12692/1/6 12673/1/6 12693/1/6
f 12675/6/6 12676/6/6 12695/6/6
f 12695/6/6 12676/6/6 12696/6/6
f 12680/4/6 12681/4/6 12699/4/6
f 12699/4/6 12681/4/6 12700/4/6
f 12684/2/6 12685/2/6 12703/2/6
f 12703/2/6 12685/2/6 12704/2/6
f 12687/2/6 12688/2/6 12705/2/6
f 12688/5/6 12689/5/6 12706/5/6
f 12705/2/6 12688/2/6 12706/2/6
f 12706/5/6 12689/5/6 12707/5/6
f 12694/5/6 12695/5/6 12710/5/6
f 12710/5/6 12695/5/6 12711/5/6
f 12697/6/6 12698/6/6 12717/6/6
f 12717/6/6 12698/6/6 12718/6/6
f 12700/4/6 12701/4/6 12720/4/6
f 12720/4/6 12701/4/6 12721/4/6
f 12702/2/6 12703/2/6 12722/2/6
f 12722/2/6 12703/2/6 12723/2/6
f 12707/3/6 12708/3/6 12725/3/6
f 12708/2/6 12709/2/6 12726/2/6
f 12725/3/6 12708/3/6 12726/3/6
f 12726/2/6 12709/2/6 12727/2/6
f 12712/3/6 12713/3/6 12733/3/6
f 12733/3/6 12713/3/6 12734/3/6
f 12714/3/6 12715/3/6 12735/3/6
f 12735/3/6 12715/3/6 12736/3/6
f 12716/2/6 12717/2/6 12737/2/6
f 12718/3/6 12719/3/6 12738/3/6
f 12737/2/6 12717/2/6 12738/2/6
f 12717/3/6 12718/3/6 12738/3/6
f 12738/3/6 12719/3/6 12739/3/6
f 12739/3/6 12719/3/6 12740/3/6
f 12723/3/6 12724/3/6 12743/3/6
f 12743/3/6 12724/3/6 12744/3/6
f 12727/3/6 12728/3/6 12746/3/6
f 12746/3/6 12728/3/6 12747/3/6
f 12729/6/6 12730/6/6 12748/6/6
f 12730/4/6 12731/4/6 12749/4/6
f 12748/6/6 12730/6/6 12749/6/6
f 12731/3/6 12732/3/6 12750/3/6
f 12749/4/6 12731/4/6 12750/4/6
f 12732/5/6 12733/5/6 12751/5/6
f 12750/3/6 12732/3/6 12751/3/6
f 12751/5/6 12733/5/6 12752/5/6
f 12741/1/6 12742/1/6 12757/1/6
f 12757/1/6 12742/1/6 12758/1/6
f 12743/4/6 12744/4/6 12759/4/6
f 12744/2/6 12745/2/6 12760/2/6
f 12759/4/6 12744/4/6 12760/4/6
f 12760/2/6 12745/2/6 12761/2/6
f 12750/2/6 12751/2/6 12766/2/6
f 12766/2/6 12751/2/6 12767/2/6
f 12752/1/6 12753/1/6 12768/1/6
f 12768/1/6 12753/1/6 12769/1/6
f 12754/5/6 12755/5/6 12771/5/6
f 12771/5/6 12755/5/6 12772/5/6
f 12756/2/6 12757/2/6 12773/2/6
f 12757/5/6 12758/5/6 12774/5/6
f 12773/2/6 12757/2/6 12774/2/6
f 12774/5/6 12758/5/6 12775/5/6
f 12762/1/6 12763/1/6 12778/1/6
f 12764/2/6 12765/2/6 12779/2/6
f 12779/2/6 12765/2/6 12780/2/6
f 12770/3/6 12771/3/6 12785/3/6
f 12785/3/6 12771/3/6 12786/3/6
f 12776/3/6 12777/3/6 12790/3/6
f 12790/3/6 12777/3/6 12791/3/6
f 12762/1/6 12778/1/6 12792/1/6
f 12792/1/6 12778/1/6 12793/1/6
f 12779/4/6 12780/4/6 12794/4/6
f 12794/4/6 12780/4/6 12795/4/6
f 12781/5/6 12782/5/6 12796/5/6
f 12783/2/6 12784/2/6 12797/2/6
f 12796/5/6 12782/5/6 12797/5/6
f 12782/2/6 12783/2/6 12797/2/6
f 12797/2/6 12784/2/6 12798/2/6
f 12798/2/6 12784/2/6 12799/2/6
f 12786/2/6 12787/2/6 12802/2/6
f 12802/2/6 12787/2/6 12803/2/6
f 12788/2/6 12789/2/6 12806/2/6
f 12789/5/6 12790/5/6 12807/5/6
f 12806/2/6 12789/2/6 12807/2/6
f 12807/5/6 12790/5/6 12808/5/6
f 12800/3/6 12801/3/6 12814/3/6
f 12814/3/6 12801/3/6 12815/3/6
f 12802/5/6 12803/5/6 12817/5/6
f 12817/5/6 12803/5/6 12818/5/6
f 12804/5/6 12805/5/6 12819/5/6
f 12805/3/6 12806/3/6 12820/3/6
f 12819/5/6 12805/5/6 12820/5/6
f 12820/3/6 12806/3/6 12821/3/6
f 12808/2/6 12809/2/6 12822/2/6
f 12809/2/6 12810/2/6 12822/2/6
f 12822/2/6 12810/2/6 12823/2/6
f 12810/1/6 12811/1/6 12824/1/6
f 12823/2/6 12810/2/6 12824/2/6
f 12824/1/6 12811/1/6 12825/1/6
f 12812/3/6 12813/3/6 12829/3/6
f 12829/3/6 12813/3/6 12830/3/6
f 12830/3/6 12813/3/6 12831/3/6
f 12816/5/6 12817/5/6 12836/5/6
f 12836/5/6 12817/5/6 12837/5/6
f 12818/4/6 12819/4/6 12838/4/6
f 12838/4/6 12819/4/6 12839/4/6
f 12822/4/6 12823/4/6 12840/4/6
f 12840/4/6 12823/4/6 12841/4/6
f 12825/1/6 12826/1/6 12843/1/6
f 12843/1/6 12826/1/6 12844/1/6
f 12827/5/6 12828/5/6 12845/5/6
f 12845/5/6 12828/5/6 12846/5/6
f 12829/4/6 12830/4/6 12852/4/6
f 12852/4/6 12830/4/6 12853/4/6
f 12832/2/6 12833/2/6 12855/2/6
f 12855/2/6 12833/2/6 12856/2/6
f 12834/3/6 12835/3/6 12859/3/6
f 12859/3/6 12835/3/6 12860/3/6
f 12841/5/6 12842/5/6 12863/5/6
f 12840/5/6 12841/5/6 12863/5/6
f 12863/5/6 12842/5/6 12864/5/6
f 12864/5/6 12842/5/6 12865/5/6
f 12846/4/6 12847/4/6 12868/4/6
f 12868/4/6 12847/4/6 12869/4/6
f 12848/2/6 12849/2/6 12870/2/6
f 12849/4/6 12850/4/6 12871/4/6
f 12870/2/6 12849/2/6 12871/2/6
f 12850/6/6 12851/6/6 12872/6/6
f 12871/4/6 12850/4/6 12872/4/6
f 12872/6/6 12851/6/6 12873/6/6
f 12854/2/6 12855/2/6 12874/2/6
f 12874/2/6 12855/2/6 12875/2/6
f 12856/5/6 12857/5/6 12876/5/6
f 12857/6/6 12858/6/6 12877/6/6
f 12876/5/6 12857/5/6 12877/5/6
f 12877/6/6 12858/6/6 12878/6/6
f 12861/1/6 12862/1/6 12880/1/6
f 12880/1/6 12862/1/6 12881/1/6
f 12864/3/6 12865/3/6 12882/3/6
f 12865/2/6 12866/2/6 12883/2/6
f 12882/3/6 12865/3/6 12883/3/6
f 12883/2/6 12866/2/6 12884/2/6
f 12867/3/6 12868/3/6 12886/3/6
f 12886/3/6 12868/3/6 12887/3/6
f 12872/3/6 12873/3/6 12890/3/6
f 12890/3/6 12873/3/6 12891/3/6
f 12879/4/6 12880/4/6 12894/4/6
f 12880/3/6 12881/3/6 12895/3/6
f 12894/4/6 12880/4/6 12895/4/6
f 12895/3/6 12881/3/6 12896/3/6
f 12884/6/6 12885/6/6 12900/6/6
f 12900/6/6 12885/6/6 12901/6/6
f 12888/5/6 12889/5/6 12904/5/6
f 12904/5/6 12889/5/6 12905/5/6
f 12892/5/6 12893/5/6 12908/5/6
f 12908/5/6 12893/5/6 12909/5/6
f 12897/4/6 12898/4/6 12912/4/6
f 12912/4/6 12898/4/6 12913/4/6
f 12899/5/6 12900/5/6 12914/5/6
f 12914/5/6 12900/5/6 12915/5/6
f 12901/3/6 12902/3/6 12916/3/6
f 12902/1/6 12903/1/6 12917/1/6
f 12916/3/6 12902/3/6 12917/3/6
f 12917/1/6 12903/1/6 12918/1/6
f 12906/2/6 12907/2/6 12919/2/6
f 12919/2/6 12907/2/6 12920/2/6
f 12910/1/6 12911/1/6 12928/1/6
f 12928/1/6 12911/1/6 12929/1/6
f 12921/4/6 12922/4/6 12934/4/6
f 12934/4/6 12922/4/6 12935/4/6
f 12923/3/6 12924/3/6 12936/3/6
f 12936/3/6 12924/3/6 12937/3/6
f 12926/4/6 12927/4/6 12938/4/6
f 12925/2/6 12926/2/6 12938/2/6
f 12938/4/6 12927/4/6 12939/4/6
f 12930/4/6 12931/4/6 12943/4/6
f 12943/4/6 12931/4/6 12944/4/6
f 12932/4/6 12933/4/6 12949/4/6
f 12949/4/6 12933/4/6 12950/4/6
f 12935/5/6 12936/5/6 12951/5/6
f 12951/5/6 12936/5/6 12952/5/6
f 12925/2/6 12938/2/6 12953/2/6
f 12953/2/6 12938/2/6 12954/2/6
f 12940/4/6 12941/4/6 12955/4/6
f 12941/1/6 12942/1/6 12956/1/6
f 12955/4/6 12941/4/6 12956/4/6
f 12956/1/6 12942/1/6 12957/1/6
f 12945/2/6 12946/2/6 12958/2/6
f 12946/3/6 12947/3/6 12959/3/6
f 12958/2/6 12946/2/6 12959/2/6
f 12947/5/6 12948/5/6 12960/5/6
f 12959/3/6 12947/3/6 12960/3/6
f 12960/5/6 12948/5/6 12961/5/6
f 12959/3/6 12960/3/6 12962/3/6
f 12962/3/6 12960/3/6 12963/3/6
f 12964/4/6 12965/4/6 12968/4/6
f 12968/4/6 12965/4/6 12969/4/6
f 12966/4/6 12967/4/6 12972/4/6
f 12972/4/6 12967/4/6 12973/4/6
f 12968/1/6 12969/1/6 12975/1/6
f 12969/3/6 12970/3/6 12976/3/6
f 12975/1/6 12969/1/6 12976/1/6
f 12976/3/6 12970/3/6 12977/3/6
f 12971/2/6 12972/2/6 12981/2/6
f 12981/2/6 12972/2/6 12982/2/6
f 12973/5/6 12974/5/6 12983/5/6
f 12983/5/6 12974/5/6 12984/5/6
f 12978/3/6 12979/3/6 12989/3/6
f 12989/3/6 12979/3/6 12990/3/6
f 12980/6/6 12981/6/6 12993/6/6
f 12993/6/6 12981/6/6 12994/6/6
f 12982/3/6 12983/3/6 12995/3/6
f 12995/3/6 12983/3/6 12996/3/6
f 12985/1/6 12986/1/6 12998/1/6
f 12986/4/6 12987/4/6 12999/4/6
f 12998/1/6 12986/1/6 12999/1/6
f 12987/1/6 12988/1/6 13000/1/6
f 12999/4/6 12987/4/6 13000/4/6
f 13000/1/6 12988/1/6 13001/1/6
f 12991/1/6 12992/1/6 13007/1/6
f 13007/1/6 12992/1/6 13008/1/6
f 12994/2/6 12995/2/6 13010/2/6
f 12996/4/6 12997/4/6 13011/4/6
f 12995/4/6 12996/4/6 13011/4/6
f 13010/2/6 12995/2/6 13011/2/6
f 13011/4/6 12997/4/6 13012/4/6
f 13012/4/6 12997/4/6 13013/4/6
f 13000/6/6 13001/6/6 13014/6/6
f 13001/3/6 13002/3/6 13015/3/6
f 13014/6/6 13001/6/6 13015/6/6
f 13002/2/6 13003/2/6 13016/2/6
f 13015/3/6 13002/3/6 13016/3/6
f 13016/2/6 13003/2/6 13017/2/6
f 13004/3/6 13005/3/6 13018/3/6
f 13018/3/6 13005/3/6 13019/3/6
f 13006/2/6 13007/2/6 13026/2/6
f 13009/1/6 13010/1/6 13028/1/6
f 13028/1/6 13010/1/6 13029/1/6
f 13014/5/6 13015/5/6 13032/5/6
f 13015/5/6 13016/5/6 13032/5/6
f 13032/5/6 13016/5/6 13033/5/6
f 13033/5/6 13016/5/6 13034/5/6
f 13017/2/6 13018/2/6 13035/2/6
f 13018/1/6 13019/1/6 13036/1/6
f 13035/2/6 13018/2/6 13036/2/6
f 13019/6/6 13020/6/6 13037/6/6
f 13036/1/6 13019/1/6 13037/1/6
f 13037/6/6 13020/6/6 13038/6/6
f 13038/6/6 13020/6/6 13039/6/6
f 13021/5/6 13022/5/6 13040/5/6
f 13022/3/6 13023/3/6 13041/3/6
f 13040/5/6 13022/5/6 13041/5/6
f 13041/3/6 13023/3/6 13042/3/6
f 13024/2/6 13025/2/6 13043/2/6
f 13025/6/6 13026/6/6 13044/6/6
f 13043/2/6 13025/2/6 13044/2/6
f 13026/2/6 13007/2/6 13045/2/6
f 13044/6/6 13026/6/6 13045/6/6
f 13045/2/6 13007/2/6 13046/2/6
f 13027/3/6 13028/3/6 13047/3/6
f 13028/4/6 13029/4/6 13048/4/6
f 13047/3/6 13028/3/6 13048/3/6
f 13048/4/6 13029/4/6 13049/4/6
f 13030/3/6 13031/3/6 13050/3/6
f 13050/3/6 13031/3/6 13051/3/6
f 13034/2/6 13035/2/6 13052/2/6
f 13052/2/6 13035/2/6 13053/2/6
f 13036/2/6 13037/2/6 13054/2/6
f 13054/2/6 13037/2/6 13055/2/6
f 13038/4/6 13039/4/6 13056/4/6
f 13056/4/6 13039/4/6 13057/4/6
f 13040/2/6 13041/2/6 13058/2/6
f 13058/2/6 13041/2/6 13059/2/6
f 13046/3/6 13047/3/6 13064/3/6
f 13064/3/6 13047/3/6 13065/3/6
f 13055/5/6 13056/5/6 13069/5/6
f 13069/5/6 13056/5/6 13070/5/6
f 13057/3/6 13058/3/6 13071/3/6
f 13071/3/6 13058/3/6 13072/3/6
f 13060/6/6 13061/6/6 13073/6/6
f 13073/6/6 13061/6/6 13074/6/6
f 13062/3/6 13063/3/6 13075/3/6
f 13075/3/6 13063/3/6 13076/3/6
f 13066/4/6 13067/4/6 13081/4/6
f 13067/2/6 13068/2/6 13082/2/6
f 13081/4/6 13067/4/6 13082/4/6
f 13082/2/6 13068/2/6 13083/2/6
f 13077/6/6 13078/6/6 13086/6/6
f 13078/1/6 13079/1/6 13086/1/6
f 13079/6/6 13080/6/6 13087/6/6
f 13086/1/6 13079/1/6 13087/1/6
f 13087/6/6 13080/6/6 13088/6/6
f 13084/5/6 13085/5/6 13096/5/6
f 13096/5/6 13085/5/6 13097/5/6
f 13077/6/6 13086/6/6 13098/6/6
f 13086/2/6 13087/2/6 13099/2/6
f 13098/6/6 13086/6/6 13099/6/6
f 13099/2/6 13087/2/6 13100/2/6
f 13089/2/6 13090/2/6 13102/2/6
f 13102/2/6 13090/2/6 13103/2/6
f 13091/2/6 13092/2/6 13104/2/6
f 13104/2/6 13092/2/6 13105/2/6
f 13093/6/6 13094/6/6 13106/6/6
f 13106/6/6 13094/6/6 13107/6/6
f 13095/1/6 13096/1/6 13108/1/6
f 13108/1/6 13096/1/6 13109/1/6
f 13099/1/6 13100/1/6 13114/1/6
f 13100/5/6 13101/5/6 13115/5/6
f 13114/1/6 13100/1/6 13115/1/6
f 13101/4/6 13102/4/6 13116/4/6
f 13115/5/6 13101/5/6 13116/5/6
f 13116/4/6 13102/4/6 13117/4/6
f 13104/6/6 13105/6/6 13121/6/6
f 13121/6/6 13105/6/6 13122/6/6
f 13106/5/6 13107/5/6 13124/5/6
f 13124/5/6 13107/5/6 13125/5/6
f 13109/5/6 13110/5/6 13128/5/6
f 13128/5/6 13110/5/6 13129/5/6
f 13111/2/6 13112/2/6 13130/2/6
f 13130/2/6 13112/2/6 13131/2/6
f 13113/2/6 13114/2/6 13133/2/6
f 13114/6/6 13115/6/6 13134/6/6
f 13133/2/6 13114/2/6 13134/2/6
f 13134/6/6 13115/6/6 13135/6/6
f 13118/3/6 13119/3/6 13138/3/6
f 13119/6/6 13120/6/6 13139/6/6
f 13138/3/6 13119/3/6 13139/3/6
f 13139/6/6 13120/6/6 13140/6/6
f 13121/1/6 13122/1/6 13141/1/6
f 13122/5/6 13123/5/6 13142/5/6
f 13141/1/6 13122/1/6 13142/1/6
f 13142/5/6 13123/5/6 13143/5/6
f 13126/4/6 13127/4/6 13146/4/6
f 13146/4/6 13127/4/6 13147/4/6
f 13131/1/6 13132/1/6 13149/1/6
f 13130/1/6 13131/1/6 13149/1/6
f 13149/1/6 13132/1/6 13150/1/6
f 13150/1/6 13132/1/6 13151/1/6
f 13136/6/6 13137/6/6 13152/6/6
f 13137/2/6 13138/2/6 13153/2/6
f 13152/6/6 13137/6/6 13153/6/6
f 13153/2/6 13138/2/6 13154/2/6
f 13144/2/6 13145/2/6 13157/2/6
f 13157/2/6 13145/2/6 13158/2/6
f 13147/6/6 13148/6/6 13159/6/6
f 13159/6/6 13148/6/6 13160/6/6
f 13149/2/6 13150/2/6 13162/2/6
f 13150/5/6 13151/5/6 13163/5/6
f 13162/2/6 13150/2/6 13163/2/6
f 13163/5/6 13151/5/6 13164/5/6
f 13152/5/6 13153/5/6 13165/5/6
f 13165/5/6 13153/5/6 13166/5/6
f 13155/5/6 13156/5/6 13168/5/6
f 13168/5/6 13156/5/6 13169/5/6
f 13160/3/6 13161/3/6 13174/3/6
f 13174/3/6 13161/3/6 13175/3/6
f 13162/3/6 13163/3/6 13176/3/6
f 13176/3/6 13163/3/6 13177/3/6
f 13166/2/6 13167/2/6 13180/2/6
f 13180/2/6 13167/2/6 13181/2/6
f 13170/3/6 13171/3/6 13184/3/6
f 13184/3/6 13171/3/6 13185/3/6
f 13172/4/6 13173/4/6 13188/4/6
f 13188/4/6 13173/4/6 13189/4/6
f 13178/3/6 13179/3/6 13190/3/6
f 13190/3/6 13179/3/6 13191/3/6
f 13181/2/6 13182/2/6 13193/2/6
f 13193/2/6 13182/2/6 13194/2/6
f 13183/3/6 13184/3/6 13196/3/6
f 13196/3/6 13184/3/6 13197/3/6
f 13186/4/6 13187/4/6 13199/4/6
f 13199/4/6 13187/4/6 13200/4/6
f 13191/6/6 13192/6/6 13203/6/6
f 13192/5/6 13193/5/6 13204/5/6
f 13203/6/6 13192/6/6 13204/6/6
f 13193/4/6 13194/4/6 13205/4/6
f 13204/5/6 13193/5/6 13205/5/6
f 13205/4/6 13194/4/6 13206/4/6
f 13195/5/6 13196/5/6 13207/5/6
f 13207/5/6 13196/5/6 13208/5/6
f 13197/1/6 13198/1/6 13209/1/6
f 13209/1/6 13198/1/6 13210/1/6
f 13199/5/6 13200/5/6 13211/5/6
f 13211/5/6 13200/5/6 13212/5/6
f 13201/3/6 13202/3/6 13213/3/6
f 13213/3/6 13202/3/6 13214/3/6
f 13214/3/6 13202/3/6 13215/3/6
f 13203/5/6 13204/5/6 13216/5/6
f 13216/5/6 13204/5/6 13217/5/6
f 13206/4/6 13207/4/6 13219/4/6
f 13219/4/6 13207/4/6 13220/4/6
f 13217/2/6 13218/2/6 13226/2/6
f 13226/2/6 13218/2/6 13227/2/6
f 13219/3/6 13220/3/6 13228/3/6
f 13228/3/6 13220/3/6 13229/3/6
f 13221/4/6 13222/4/6 13230/4/6
f 13230/4/6 13222/4/6 13231/4/6
f 13223/5/6 13224/5/6 13232/5/6
f 13232/5/6 13224/5/6 13233/5/6
f 13225/2/6 13226/2/6 13234/2/6
f 13226/6/6 13227/6/6 13235/6/6
f 13234/2/6 13226/2/6 13235/2/6
f 13235/6/6 13227/6/6 13236/6/6
f 13234/3/6 13235/3/6 13240/3/6
f 13235/1/6 13236/1/6 13241/1/6
f 13240/3/6 13235/3/6 13241/3/6
f 13241/1/6 13236/1/6 13242/1/6
f 13238/3/6 13239/3/6 13243/3/6
f 13237/3/6 13238/3/6 13243/3/6
f 13243/3/6 13239/3/6 13244/3/6
f 13245/4/6 13246/4/6 13247/4/6
f 13247/4/6 13246/4/6 13248/4/6
f 13249/2/6 13250/2/6 13255/2/6
f 13255/2/6 13250/2/6 13256/2/6
f 13251/5/6 13252/5/6 13258/5/6
f 13252/3/6 13253/3/6 13259/3/6
f 13258/5/6 13252/5/6 13259/5/6
f 13253/5/6 13254/5/6 13260/5/6
f 13259/3/6 13253/3/6 13260/3/6
f 13260/5/6 13254/5/6 13261/5/6
f 13256/5/6 13257/5/6 13264/5/6
f 13257/1/6 13258/1/6 13265/1/6
f 13264/5/6 13257/5/6 13265/5/6
f 13265/1/6 13258/1/6 13266/1/6
f 13262/5/6 13263/5/6 13270/5/6
f 13270/5/6 13263/5/6 13271/5/6
f 13266/2/6 13267/2/6 13275/2/6
f 13275/2/6 13267/2/6 13276/2/6
f 13268/6/6 13269/6/6 13278/6/6
f 13278/6/6 13269/6/6 13279/6/6
f 13272/1/6 13273/1/6 13281/1/6
f 13273/2/6 13274/2/6 13282/2/6
f 13281/1/6 13273/1/6 13282/1/6
f 13282/2/6 13274/2/6 13283/2/6
f 13276/6/6 13277/6/6 13284/6/6
f 13284/6/6 13277/6/6 13285/6/6
f 13280/1/6 13281/1/6 13298/1/6
f 13281/5/6 13282/5/6 13299/5/6
f 13298/1/6 13281/1/6 13299/1/6
f 13299/5/6 13282/5/6 13300/5/6
f 13285/5/6 13286/5/6 13303/5/6
f 13303/5/6 13286/5/6 13304/5/6
f 13287/2/6 13288/2/6 13306/2/6
f 13306/2/6 13288/2/6 13307/2/6
f 13289/5/6 13290/5/6 13308/5/6
f 13308/5/6 13290/5/6 13309/5/6
f 13291/3/6 13292/3/6 13312/3/6
f 13292/6/6 13293/6/6 13313/6/6
f 13312/3/6 13292/3/6 13313/3/6
f 13313/6/6 13293/6/6 13314/6/6
f 13294/6/6 13295/6/6 13315/6/6
f 13315/6/6 13295/6/6 13316/6/6
f 13296/5/6 13297/5/6 13317/5/6
f 13297/3/6 13298/3/6 13318/3/6
f 13317/5/6 13297/5/6 13318/5/6
f 13318/3/6 13298/3/6 13319/3/6
f 13299/4/6 13300/4/6 13320/4/6
f 13320/4/6 13300/4/6 13321/4/6
f 13301/2/6 13302/2/6 13322/2/6
f 13322/2/6 13302/2/6 13323/2/6
f 13305/6/6 13306/6/6 13326/6/6
f 13306/2/6 13307/2/6 13327/2/6
f 13326/6/6 13306/6/6 13327/6/6
f 13307/1/6 13308/1/6 13328/1/6
f 13327/2/6 13307/2/6 13328/2/6
f 13328/1/6 13308/1/6 13329/1/6
f 13310/6/6 13311/6/6 13332/6/6
f 13332/6/6 13311/6/6 13333/6/6
f 13313/1/6 13314/1/6 13334/1/6
f 13334/1/6 13314/1/6 13335/1/6
f 13315/3/6 13316/3/6 13336/3/6
f 13316/2/6 13317/2/6 13337/2/6
f 13336/3/6 13316/3/6 13337/3/6
f 13317/2/6 13318/2/6 13337/2/6
f 13337/2/6 13318/2/6 13338/2/6
f 13338/2/6 13318/2/6 13339/2/6
f 13320/2/6 13321/2/6 13341/2/6
f 13341/2/6 13321/2/6 13342/2/6
f 13323/2/6 13324/2/6 13344/2/6
f 13344/2/6 13324/2/6 13345/2/6
f 13325/6/6 13326/6/6 13346/6/6
f 13346/6/6 13326/6/6 13347/6/6
f 13328/3/6 13329/3/6 13348/3/6
f 13348/3/6 13329/3/6 13349/3/6
f 13330/6/6 13331/6/6 13350/6/6
f 13350/6/6 13331/6/6 13351/6/6
f 13339/3/6 13340/3/6 13352/3/6
f 13340/2/6 13341/2/6 13353/2/6
f 13352/3/6 13340/3/6 13353/3/6
f 13342/5/6 13343/5/6 13354/5/6
f 13354/5/6 13343/5/6 13355/5/6
f 13349/1/6 13350/1/6 13356/1/6
f 13356/1/6 13350/1/6 13357/1/6
f 13353/2/6 13341/2/6 13360/2/6
f 13360/2/6 13341/2/6 13361/2/6
f 13354/4/6 13355/4/6 13362/4/6
f 13362/4/6 13355/4/6 13363/4/6
f 13358/3/6 13359/3/6 13367/3/6
f 13367/3/6 13359/3/6 13368/3/6
f 13361/2/6 13362/2/6 13369/2/6
f 13369/2/6 13362/2/6 13370/2/6
f 13363/6/6 13364/6/6 13371/6/6
f 13371/6/6 13364/6/6 13372/6/6
f 13365/5/6 13366/5/6 13374/5/6
f 13374/5/6 13366/5/6 13375/5/6
f 13373/1/6 13374/1/6 13379/1/6
f 13379/1/6 13374/1/6 13380/1/6
f 13375/1/6 13376/1/6 13381/1/6
f 13381/1/6 13376/1/6 13382/1/6
f 13377/2/6 13378/2/6 13384/2/6
f 13384/2/6 13378/2/6 13385/2/6
f 13380/2/6 13381/2/6 13393/2/6
f 13393/2/6 13381/2/6 13394/2/6
f 13382/4/6 13383/4/6 13395/4/6
f 13395/4/6 13383/4/6 13396/4/6
f 13384/3/6 13385/3/6 13397/3/6
f 13385/4/6 13386/4/6 13398/4/6
f 13397/3/6 13385/3/6 13398/3/6
f 13398/4/6 13386/4/6 13399/4/6
f 13387/2/6 13388/2/6 13400/2/6
f 13388/2/6 13389/2/6 13400/2/6
f 13400/2/6 13389/2/6 13401/2/6
f 13401/2/6 13389/2/6 13402/2/6
f 13390/2/6 13391/2/6 13404/2/6
f 13404/2/6 13391/2/6 13405/2/6
f 13392/5/6 13393/5/6 13407/5/6
f 13393/2/6 13394/2/6 13408/2/6
f 13407/5/6 13393/5/6 13408/5/6
f 13394/4/6 13395/4/6 13409/4/6
f 13408/2/6 13394/2/6 13409/2/6
f 13409/4/6 13395/4/6 13410/4/6
f 13398/2/6 13399/2/6 13412/2/6
f 13412/2/6 13399/2/6 13413/2/6
f 13400/1/6 13401/1/6 13419/1/6
f 13419/1/6 13401/1/6 13420/1/6
f 13403/1/6 13404/1/6 13422/1/6
f 13422/1/6 13404/1/6 13423/1/6
f 13405/5/6 13406/5/6 13424/5/6
f 13424/5/6 13406/5/6 13425/5/6
f 13409/5/6 13410/5/6 13429/5/6
f 13429/5/6 13410/5/6 13430/5/6
f 13411/4/6 13412/4/6 13432/4/6
f 13432/4/6 13412/4/6 13433/4/6
f 13414/5/6 13415/5/6 13434/5/6
f 13434/5/6 13415/5/6 13435/5/6
f 13416/1/6 13417/1/6 13436/1/6
f 13417/6/6 13418/6/6 13437/6/6
f 13436/1/6 13417/1/6 13437/1/6
f 13437/6/6 13418/6/6 13438/6/6
f 13421/6/6 13422/6/6 13439/6/6
f 13439/6/6 13422/6/6 13440/6/6
f 13426/2/6 13427/2/6 13444/2/6
f 13427/1/6 13428/1/6 13445/1/6
f 13444/2/6 13427/2/6 13445/2/6
f 13428/2/6 13429/2/6 13446/2/6
f 13445/1/6 13428/1/6 13446/1/6
f 13429/4/6 13430/4/6 13447/4/6
f 13446/2/6 13429/2/6 13447/2/6
f 13447/4/6 13430/4/6 13448/4/6
f 13431/6/6 13432/6/6 13449/6/6
f 13449/6/6 13432/6/6 13450/6/6
f 13434/4/6 13435/4/6 13451/4/6
f 13435/6/6 13436/6/6 13452/6/6
f 13451/4/6 13435/4/6 13452/4/6
f 13452/6/6 13436/6/6 13453/6/6
f 13441/2/6 13442/2/6 13455/2/6
f 13455/2/6 13442/2/6 13456/2/6
f 13443/6/6 13444/6/6 13458/6/6
f 13444/2/6 13445/2/6 13459/2/6
f 13458/6/6 13444/6/6 13459/6/6
f 13445/4/6 13446/4/6 13460/4/6
f 13459/2/6 13445/2/6 13460/2/6
f 13446/1/6 13447/1/6 13461/1/6
f 13460/4/6 13446/4/6 13461/4/6
f 13461/1/6 13447/1/6 13462/1/6
f 13454/5/6 13455/5/6 13468/5/6
f 13468/5/6 13455/5/6 13469/5/6
f 13457/4/6 13458/4/6 13471/4/6
f 13458/1/6 13459/1/6 13472/1/6
f 13471/4/6 13458/4/6 13472/4/6
f 13459/3/6 13460/3/6 13473/3/6
f 13472/1/6 13459/1/6 13473/1/6
f 13473/3/6 13460/3/6 13474/3/6
f 13461/5/6 13462/5/6 13475/5/6
f 13462/3/6 13463/3/6 13476/3/6
f 13475/5/6 13462/5/6 13476/5/6
f 13476/3/6 13463/3/6 13477/3/6
f 13464/2/6 13465/2/6 13479/2/6
f 13479/2/6 13465/2/6 13480/2/6
f 13466/3/6 13467/3/6 13481/3/6
f 13481/3/6 13467/3/6 13482/3/6
f 13469/5/6 13470/5/6 13485/5/6
f 13485/5/6 13470/5/6 13486/5/6
f 13473/3/6 13474/3/6 13488/3/6
f 13474/4/6 13475/4/6 13489/4/6
f 13488/3/6 13474/3/6 13489/3/6
f 13489/4/6 13475/4/6 13490/4/6
f 13476/4/6 13477/4/6 13491/4/6
f 13491/4/6 13477/4/6 13492/4/6
f 13478/3/6 13479/3/6 13493/3/6
f 13479/5/6 13480/5/6 13494/5/6
f 13493/3/6 13479/3/6 13494/3/6
f 13494/5/6 13480/5/6 13495/5/6
f 13483/2/6 13484/2/6 13496/2/6
f 13496/2/6 13484/2/6 13497/2/6
f 13487/4/6 13488/4/6 13499/4/6
f 13488/3/6 13489/3/6 13499/3/6
f 13499/3/6 13489/3/6 13500/3/6
f 13490/1/6 13491/1/6 13501/1/6
f 13501/1/6 13491/1/6 13502/1/6
f 13497/3/6 13498/3/6 13503/3/6
f 13503/3/6 13498/3/6 13504/3/6
f 13487/4/6 13499/4/6 13505/4/6
f 13505/4/6 13499/4/6 13506/4/6
f 13507/1/6 13508/1/6 13509/1/6
f 13509/1/6 13508/1/6 13510/1/6
f 13511/5/6 13512/5/6 13513/5/6
f 13513/5/6 13512/5/6 13514/5/6
f 13513/2/6 13514/2/6 13517/2/6
f 13517/2/6 13514/2/6 13518/2/6
f 13515/2/6 13516/2/6 13519/2/6
f 13519/2/6 13516/2/6 13520/2/6
f 13520/2/6 13516/2/6 13521/2/6
f 13517/3/6 13518/3/6 13525/3/6
f 13525/3/6 13518/3/6 13526/3/6
f 13522/4/6 13523/4/6 13527/4/6
f 13527/4/6 13523/4/6 13528/4/6
f 13524/3/6 13525/3/6 13529/3/6
f 13525/3/6 13526/3/6 13529/3/6
f 13529/3/6 13526/3/6 13530/3/6
f 13527/5/6 13528/5/6 13533/5/6
f 13533/5/6 13528/5/6 13534/5/6
f 13529/3/6 13530/3/6 13538/3/6
f 13538/3/6 13530/3/6 13539/3/6
f 13539/3/6 13530/3/6 13540/3/6
f 13531/3/6 13532/3/6 13541/3/6
f 13541/3/6 13532/3/6 13542/3/6
f 13535/1/6 13536/1/6 13546/1/6
f 13536/3/6 13537/3/6 13547/3/6
f 13546/1/6 13536/1/6 13547/1/6
f 13547/3/6 13537/3/6 13548/3/6
f 13539/6/6 13540/6/6 13549/6/6
f 13549/6/6 13540/6/6 13550/6/6
f 13542/2/6 13543/2/6 13551/2/6
f 13551/2/6 13543/2/6 13552/2/6
f 13544/3/6 13545/3/6 13553/3/6
f 13553/3/6 13545/3/6 13554/3/6
f 13551/6/6 13552/6/6 13557/6/6
f 13557/6/6 13552/6/6 13558/6/6
f 13553/3/6 13554/3/6 13559/3/6
f 13559/3/6 13554/3/6 13560/3/6
f 13555/1/6 13556/1/6 13561/1/6
f 13561/1/6 13556/1/6 13562/1/6
f 13557/5/6 13558/5/6 13570/5/6
f 13570/5/6 13558/5/6 13571/5/6
f 13563/3/6 13564/3/6 13573/3/6
f 13565/2/6 13566/2/6 13575/2/6
f 13566/2/6 13567/2/6 13575/2/6
f 13575/2/6 13567/2/6 13576/2/6
f 13568/4/6 13569/4/6 13579/4/6
f 13579/4/6 13569/4/6 13580/4/6
f 13571/5/6 13572/5/6 13581/5/6
f 13581/5/6 13572/5/6 13582/5/6
f 13563/3/6 13573/3/6 13585/3/6
f 13573/2/6 13574/2/6 13586/2/6
f 13585/3/6 13573/3/6 13586/3/6
f 13586/2/6 13574/2/6 13587/2/6
f 13577/2/6 13578/2/6 13588/2/6
f 13588/2/6 13578/2/6 13589/2/6
f 13579/1/6 13580/1/6 13590/1/6
f 13590/1/6 13580/1/6 13591/1/6
f 13583/3/6 13584/3/6 13595/3/6
f 13595/3/6 13584/3/6 13596/3/6
f 13590/2/6 13591/2/6 13601/2/6
f 13601/2/6 13591/2/6 13602/2/6
f 13592/2/6 13593/2/6 13603/2/6
f 13593/1/6 13594/1/6 13604/1/6
f 13603/2/6 13593/2/6 13604/2/6
f 13604/1/6 13594/1/6 13605/1/6
f 13596/4/6 13597/4/6 13608/4/6
f 13608/4/6 13597/4/6 13609/4/6
f 13598/2/6 13599/2/6 13611/2/6
f 13599/3/6 13600/3/6 13612/3/6
f 13611/2/6 13599/2/6 13612/2/6
f 13612/3/6 13600/3/6 13613/3/6
f 13604/5/6 13605/5/6 13614/5/6
f 13614/5/6 13605/5/6 13615/5/6
f 13606/2/6 13607/2/6 13616/2/6
f 13616/2/6 13607/2/6 13617/2/6
f 13608/3/6 13609/3/6 13618/3/6
f 13609/6/6 13610/6/6 13619/6/6
f 13618/3/6 13609/3/6 13619/3/6
f 13619/6/6 13610/6/6 13620/6/6
f 13614/5/6 13615/5/6 13621/5/6
f 13621/5/6 13615/5/6 13622/5/6
f 13618/6/6 13619/6/6 13623/6/6
f 13623/6/6 13619/6/6 13624/6/6
f 13625/6/6 13626/6/6 13629/6/6
f 13629/6/6 13626/6/6 13630/6/6
f 13627/1/6 13628/1/6 13633/1/6
f 13633/1/6 13628/1/6 13634/1/6
f 13631/1/6 13632/1/6 13635/1/6
f 13635/1/6 13632/1/6 13636/1/6
f 13637/3/6 13638/3/6 13639/3/6
f 13639/3/6 13638/3/6 13640/3/6
f 13641/6/6 13642/6/6 13650/6/6
f 13650/6/6 13642/6/6 13651/6/6
f 13643/3/6 13644/3/6 13653/3/6
f 13653/3/6 13644/3/6 13654/3/6
f 13645/5/6 13646/5/6 13655/5/6
f 13655/5/6 13646/5/6 13656/5/6
f 13647/5/6 13648/5/6 13657/5/6
f 13657/5/6 13648/5/6 13658/5/6
f 13649/6/6 13650/6/6 13659/6/6
f 13650/3/6 13651/3/6 13660/3/6
f 13659/6/6 13650/6/6 13660/6/6
f 13651/4/6 13652/4/6 13661/4/6
f 13660/3/6 13651/3/6 13661/3/6
f 13661/4/6 13652/4/6 13662/4/6
f 13655/1/6 13656/1/6 13665/1/6
f 13665/1/6 13656/1/6 13666/1/6
f 13657/3/6 13658/3/6 13668/3/6
f 13668/3/6 13658/3/6 13669/3/6
f 13659/4/6 13660/4/6 13670/4/6
f 13660/6/6 13661/6/6 13671/6/6
f 13670/4/6 13660/4/6 13671/4/6
f 13671/6/6 13661/6/6 13672/6/6
f 13662/6/6 13663/6/6 13673/6/6
f 13663/1/6 13664/1/6 13674/1/6
f 13673/6/6 13663/6/6 13674/6/6
f 13674/1/6 13664/1/6 13675/1/6
f 13667/4/6 13668/4/6 13679/4/6
f 13679/4/6 13668/4/6 13680/4/6
f 13670/6/6 13671/6/6 13681/6/6
f 13671/5/6 13672/5/6 13682/5/6
f 13681/6/6 13671/6/6 13682/6/6
f 13682/5/6 13672/5/6 13683/5/6
f 13675/6/6 13676/6/6 13686/6/6
f 13676/3/6 13677/3/6 13687/3/6
f 13686/6/6 13676/6/6 13687/6/6
f 13677/5/6 13678/5/6 13688/5/6
f 13687/3/6 13677/3/6 13688/3/6
f 13688/5/6 13678/5/6 13689/5/6
f 13682/1/6 13683/1/6 13693/1/6
f 13681/1/6 13682/1/6 13693/1/6
f 13693/1/6 13683/1/6 13694/1/6
f 13694/1/6 13683/1/6 13695/1/6
f 13684/3/6 13685/3/6 13696/3/6
f 13696/3/6 13685/3/6 13697/3/6
f 13686/5/6 13687/5/6 13698/5/6
f 13698/5/6 13687/5/6 13699/5/6
f 13689/3/6 13690/3/6 13701/3/6
f 13701/3/6 13690/3/6 13702/3/6
f 13691/5/6 13692/5/6 13703/5/6
f 13703/5/6 13692/5/6 13704/5/6
f 13693/2/6 13694/2/6 13707/2/6
f 13707/2/6 13694/2/6 13708/2/6
f 13698/1/6 13699/1/6 13709/1/6
f 13709/1/6 13699/1/6 13710/1/6
f 13700/1/6 13701/1/6 13711/1/6
f 13711/1/6 13701/1/6 13712/1/6
f 13704/5/6 13705/5/6 13713/5/6
f 13705/4/6 13706/4/6 13714/4/6
f 13713/5/6 13705/5/6 13714/5/6
f 13710/4/6 13711/4/6 13723/4/6
f 13723/4/6 13711/4/6 13724/4/6
f 13714/4/6 13706/4/6 13725/4/6
f 13725/4/6 13706/4/6 13726/4/6
f 13715/3/6 13716/3/6 13727/3/6
f 13716/5/6 13717/5/6 13728/5/6
f 13727/3/6 13716/3/6 13728/3/6
f 13717/5/6 13718/5/6 13728/5/6
f 13728/5/6 13718/5/6 13729/5/6
f 13718/6/6 13719/6/6 13730/6/6
f 13729/5/6 13718/5/6 13730/5/6
f 13730/6/6 13719/6/6 13731/6/6
f 13720/3/6 13721/3/6 13732/3/6
f 13721/6/6 13722/6/6 13733/6/6
f 13732/3/6 13721/3/6 13733/3/6
f 13733/6/6 13722/6/6 13734/6/6
f 13723/4/6 13724/4/6 13735/4/6
f 13735/4/6 13724/4/6 13736/4/6
f 13727/2/6 13728/2/6 13739/2/6
f 13739/2/6 13728/2/6 13740/2/6
f 13730/1/6 13731/1/6 13741/1/6
f 13729/1/6 13730/1/6 13741/1/6
f 13741/1/6 13731/1/6 13742/1/6
f 13742/1/6 13731/1/6 13743/1/6
f 13735/1/6 13736/1/6 13748/1/6
f 13748/1/6 13736/1/6 13749/1/6
f 13737/4/6 13738/4/6 13750/4/6
f 13750/4/6 13738/4/6 13751/4/6
f 13742/2/6 13743/2/6 13752/2/6
f 13743/4/6 13744/4/6 13753/4/6
f 13752/2/6 13743/2/6 13753/2/6
f 13744/5/6 13745/5/6 13754/5/6
f 13753/4/6 13744/4/6 13754/4/6
f 13754/5/6 13745/5/6 13755/5/6
f 13746/5/6 13747/5/6 13756/5/6
f 13756/5/6 13747/5/6 13757/5/6
f 13749/2/6 13750/2/6 13758/2/6
f 13750/3/6 13751/3/6 13759/3/6
f 13758/2/6 13750/2/6 13759/2/6
f 13759/3/6 13751/3/6 13760/3/6
f 13754/1/6 13755/1/6 13761/1/6
f 13761/1/6 13755/1/6 13762/1/6
f 13756/1/6 13757/1/6 13763/1/6
f 13763/1/6 13757/1/6 13764/1/6
f 13759/6/6 13760/6/6 13765/6/6
f 13765/6/6 13760/6/6 13766/6/6
f 13767/5/6 13768/5/6 13775/5/6
f 13775/5/6 13768/5/6 13776/5/6
f 13769/5/6 13770/5/6 13777/5/6
f 13777/5/6 13770/5/6 13778/5/6
f 13771/3/6 13772/3/6 13779/3/6
f 13779/3/6 13772/3/6 13780/3/6
f 13773/6/6 13774/6/6 13785/6/6
f 13785/6/6 13774/6/6 13786/6/6
f 13782/6/6 13783/6/6 13788/6/6
f 13781/6/6 13782/6/6 13788/6/6
f 13788/6/6 13783/6/6 13789/6/6
f 13789/6/6 13783/6/6 13790/6/6
f 13784/4/6 13785/4/6 13791/4/6
f 13785/1/6 13786/1/6 13792/1/6
f 13791/4/6 13785/4/6 13792/4/6
f 13792/1/6 13786/1/6 13793/1/6
f 13787/2/6 13788/2/6 13794/2/6
f 13794/2/6 13788/2/6 13795/2/6
f 13794/3/6 13795/3/6 13802/3/6
f 13802/3/6 13795/3/6 13803/3/6
f 13796/6/6 13797/6/6 13804/6/6
f 13797/2/6 13798/2/6 13805/2/6
f 13804/6/6 13797/6/6 13805/6/6
f 13798/3/6 13799/3/6 13806/3/6
f 13805/2/6 13798/2/6 13806/2/6
f 13806/3/6 13799/3/6 13807/3/6
f 13800/2/6 13801/2/6 13809/2/6
f 13809/2/6 13801/2/6 13810/2/6
f 13806/4/6 13807/4/6 13811/4/6
f 13807/6/6 13808/6/6 13812/6/6
f 13811/4/6 13807/4/6 13812/4/6
f 13812/6/6 13808/6/6 13813/6/6
f 13811/1/6 13812/1/6 13814/1/6
f 13814/1/6 13812/1/6 13815/1/6
f 13816/6/6 13817/6/6 13821/6/6
f 13818/6/6 13819/6/6 13822/6/6
f 13819/1/6 13820/1/6 13823/1/6
f 13822/6/6 13819/6/6 13823/6/6
f 13823/1/6 13820/1/6 13824/1/6
f 13821/6/6 13817/6/6 13825/6/6
f 13825/6/6 13817/6/6 13830/6/6
f 13830/6/6 13817/6/6 13831/6/6
f 13826/6/6 13827/6/6 13840/6/6
f 13828/5/6 13829/5/6 13842/5/6
f 13842/5/6 13829/5/6 13843/5/6
f 13830/6/6 13831/6/6 13844/6/6
f 13831/4/6 13832/4/6 13845/4/6
f 13844/6/6 13831/6/6 13845/6/6
f 13845/4/6 13832/4/6 13846/4/6
f 13833/3/6 13834/3/6 13847/3/6
f 13834/6/6 13835/6/6 13848/6/6
f 13847/3/6 13834/3/6 13848/3/6
f 13835/1/6 13836/1/6 13849/1/6
f 13848/6/6 13835/6/6 13849/6/6
f 13849/1/6 13836/1/6 13850/1/6
f 13837/4/6 13838/4/6 13851/4/6
f 13838/2/6 13839/2/6 13852/2/6
f 13851/4/6 13838/4/6 13852/4/6
f 13852/2/6 13839/2/6 13853/2/6
f 13826/6/6 13840/6/6 13854/6/6
f 13840/2/6 13841/2/6 13855/2/6
f 13854/6/6 13840/6/6 13855/6/6
f 13841/1/6 13842/1/6 13856/1/6
f 13855/2/6 13841/2/6 13856/2/6
f 13856/1/6 13842/1/6 13857/1/6
f 13845/1/6 13846/1/6 13858/1/6
f 13848/5/6 13849/5/6 13859/5/6
f 13859/5/6 13849/5/6 13860/5/6
f 13850/2/6 13851/2/6 13861/2/6
f 13851/2/6 13852/2/6 13861/2/6
f 13861/2/6 13852/2/6 13862/2/6
f 13862/2/6 13852/2/6 13863/2/6
f 13854/2/6 13855/2/6 13864/2/6
f 13864/2/6 13855/2/6 13865/2/6
f 13845/1/6 13858/1/6 13868/1/6
f 13868/1/6 13858/1/6 13869/1/6
f 13862/1/6 13863/1/6 13874/1/6
f 13874/1/6 13863/1/6 13875/1/6
f 13865/2/6 13866/2/6 13878/2/6
f 13866/1/6 13867/1/6 13879/1/6
f 13878/2/6 13866/2/6 13879/2/6
f 13879/1/6 13867/1/6 13880/1/6
f 13868/5/6 13869/5/6 13882/5/6
f 13869/3/6 13870/3/6 13883/3/6
f 13882/5/6 13869/5/6 13883/5/6
f 13883/3/6 13870/3/6 13884/3/6
f 13871/3/6 13872/3/6 13886/3/6
f 13872/1/6 13873/1/6 13887/1/6
f 13886/3/6 13872/3/6 13887/3/6
f 13873/3/6 13874/3/6 13888/3/6
f 13887/1/6 13873/1/6 13888/1/6
f 13875/2/6 13876/2/6 13889/2/6
f 13888/3/6 13874/3/6 13889/3/6
f 13874/2/6 13875/2/6 13889/2/6
f 13889/2/6 13876/2/6 13890/2/6
f 13890/2/6 13876/2/6 13891/2/6
f 13877/4/6 13878/4/6 13893/4/6
f 13893/4/6 13878/4/6 13894/4/6
f 13881/2/6 13882/2/6 13895/2/6
f 13882/3/6 13883/3/6 13896/3/6
f 13895/2/6 13882/2/6 13896/2/6
f 13896/3/6 13883/3/6 13897/3/6
f 13884/3/6 13885/3/6 13898/3/6
f 13898/3/6 13885/3/6 13899/3/6
f 13889/2/6 13890/2/6 13902/2/6
f 13902/2/6 13890/2/6 13903/2/6
f 13892/1/6 13893/1/6 13905/1/6
f 13893/2/6 13894/2/6 13906/2/6
f 13905/1/6 13893/1/6 13906/1/6
f 13906/2/6 13894/2/6 13907/2/6
f 13898/6/6 13899/6/6 13910/6/6
f 13910/6/6 13899/6/6 13911/6/6
f 13900/3/6 13901/3/6 13912/3/6
f 13912/3/6 13901/3/6 13913/3/6
f 13902/4/6 13903/4/6 13914/4/6
f 13903/2/6 13904/2/6 13915/2/6
f 13914/4/6 13903/4/6 13915/4/6
f 13915/2/6 13904/2/6 13916/2/6
f 13905/5/6 13906/5/6 13917/5/6
f 13917/5/6 13906/5/6 13918/5/6
f 13908/3/6 13909/3/6 13921/3/6
f 13921/3/6 13909/3/6 13922/3/6
f 13917/3/6 13918/3/6 13923/3/6
f 13918/2/6 13919/2/6 13924/2/6
f 13920/2/6 13921/2/6 13926/2/6
f 13926/2/6 13921/2/6 13927/2/6
f 13923/3/6 13918/3/6 13928/3/6
f 13918/2/6 13924/2/6 13929/2/6
f 13928/3/6 13918/3/6 13929/3/6
f 13924/1/6 13925/1/6 13930/1/6
f 13929/2/6 13924/2/6 13930/2/6
f 13930/1/6 13925/1/6 13931/1/6
f 13929/4/6 13930/4/6 13940/4/6
f 13930/5/6 13931/5/6 13941/5/6
f 13940/4/6 13930/4/6 13941/4/6
f 13941/5/6 13931/5/6 13942/5/6
f 13932/2/6 13933/2/6 13943/2/6
f 13933/2/6 13934/2/6 13943/2/6
f 13943/2/6 13934/2/6 13944/2/6
f 13934/3/6 13935/3/6 13945/3/6
f 13944/2/6 13934/2/6 13945/2/6
f 13945/3/6 13935/3/6 13946/3/6
f 13936/6/6 13937/6/6 13947/6/6
f 13947/6/6 13937/6/6 13948/6/6
f 13938/1/6 13939/1/6 13950/1/6
f 13950/1/6 13939/1/6 13951/1/6
f 13941/3/6 13942/3/6 13952/3/6
f 13940/3/6 13941/3/6 13952/3/6
f 13952/3/6 13942/3/6 13953/3/6
f 13953/3/6 13942/3/6 13954/3/6
f 13943/1/6 13944/1/6 13955/1/6
f 13955/1/6 13944/1/6 13956/1/6
f 13950/1/6 13951/1/6 13957/1/6
f 13949/1/6 13950/1/6 13957/1/6
f 13951/2/6 13952/2/6 13958/2/6
f 13957/1/6 13951/1/6 13958/1/6
f 13958/2/6 13952/2/6 13959/2/6
f 13955/5/6 13956/5/6 13960/5/6
f 13960/5/6 13956/5/6 13961/5/6
f 13962/6/6 13963/6/6 13964/6/6
f 13964/6/6 13963/6/6 13965/6/6
f 13966/2/6 13967/2/6 13968/2/6
f 13968/2/6 13967/2/6 13969/2/6
f 13970/6/6 13971/6/6 13972/6/6
f 13972/6/6 13971/6/6 13973/6/6
f 13974/1/6 13975/1/6 13978/1/6
f 13978/1/6 13975/1/6 13979/1/6
f 13976/3/6 13977/3/6 13980/3/6
f 13977/6/6 13978/6/6 13981/6/6
f 13980/3/6 13977/3/6 13981/3/6
f 13978/3/6 13979/3/6 13982/3/6
f 13981/6/6 13978/6/6 13982/6/6
f 13982/3/6 13979/3/6 13983/3/6
f 13984/4/6 13985/4/6 13994/4/6
f 13994/4/6 13985/4/6 13995/4/6
f 13986/3/6 13987/3/6 13999/3/6
f 13999/3/6 13987/3/6 14000/3/6
f 13988/1/6 13989/1/6 14002/1/6
f 13989/6/6 13990/6/6 14003/6/6
f 14002/1/6 13989/1/6 14003/1/6
f 14003/6/6 13990/6/6 14004/6/6
f 13991/1/6 13992/1/6 14005/1/6
f 13992/6/6 13993/6/6 14006/6/6
f 14005/1/6 13992/1/6 14006/1/6
f 14006/6/6 13993/6/6 14007/6/6
f 13994/1/6 13995/1/6 14009/1/6
f 14009/1/6 13995/1/6 14010/1/6
f 13996/3/6 13997/3/6 14011/3/6
f 14011/3/6 13997/3/6 14012/3/6
f 13998/5/6 13999/5/6 14013/5/6
f 14013/5/6 13999/5/6 14014/5/6
f 14000/5/6 14001/5/6 14015/5/6
f 14015/5/6 14001/5/6 14016/5/6
f 14004/2/6 14005/2/6 14021/2/6
f 14005/1/6 14006/1/6 14022/1/6
f 14021/2/6 14005/2/6 14022/2/6
f 14006/2/6 14007/2/6 14023/2/6
f 14022/1/6 14006/1/6 14023/1/6
f 14007/3/6 14008/3/6 14024/3/6
f 14023/2/6 14007/2/6 14024/2/6
f 14024/3/6 14008/3/6 14025/3/6
f 14010/5/6 14011/5/6 14027/5/6
f 14011/2/6 14012/2/6 14028/2/6
f 14027/5/6 14011/5/6 14028/5/6
f 14028/2/6 14012/2/6 14029/2/6
f 14017/1/6 14018/1/6 14030/1/6
f 14030/1/6 14018/1/6 14031/1/6
f 14019/2/6 14020/2/6 14032/2/6
f 14020/3/6 14021/3/6 14033/3/6
f 14032/2/6 14020/2/6 14033/2/6
f 14021/5/6 14022/5/6 14034/5/6
f 14033/3/6 14021/3/6 14034/3/6
f 14034/5/6 14022/5/6 14035/5/6
f 14026/6/6 14027/6/6 14038/6/6
f 14038/6/6 14027/6/6 14039/6/6
f 14033/5/6 14034/5/6 14042/5/6
f 14042/5/6 14034/5/6 14043/5/6
f 14036/3/6 14037/3/6 14044/3/6
f 14037/4/6 14038/4/6 14045/4/6
f 14044/3/6 14037/3/6 14045/3/6
f 14038/2/6 14039/2/6 14046/2/6
f 14045/4/6 14038/4/6 14046/4/6
f 14046/2/6 14039/2/6 14047/2/6
f 14040/5/6 14041/5/6 14048/5/6
f 14048/5/6 14041/5/6 14049/5/6
f 14042/1/6 14043/1/6 14051/1/6
f 14051/1/6 14043/1/6 14052/1/6
f 14050/1/6 14051/1/6 14054/1/6
f 14054/1/6 14051/1/6 14055/1/6
f 14052/3/6 14053/3/6 14056/3/6
f 14056/3/6 14053/3/6 14057/3/6
f 14055/2/6 14056/2/6 14060/2/6
f 14060/2/6 14056/2/6 14061/2/6
f 14057/4/6 14058/4/6 14062/4/6
f 14058/2/6 14059/2/6 14063/2/6
f 14062/4/6 14058/4/6 14063/4/6
f 14063/2/6 14059/2/6 14064/2/6
f 14060/5/6 14061/5/6 14068/5/6
f 14068/5/6 14061/5/6 14069/5/6
f 14065/2/6 14066/2/6 14070/2/6
f 14066/1/6 14067/1/6 14071/1/6
f 14070/2/6 14066/2/6 14071/2/6
f 14071/1/6 14067/1/6 14072/1/6
f 14070/3/6 14071/3/6 14075/3/6
f 14075/3/6 14071/3/6 14076/3/6
f 14073/4/6 14074/4/6 14077/4/6
f 14077/4/6 14074/4/6 14078/4/6
f 14079/2/6 14080/2/6 14082/2/6
f 14080/2/6 14081/2/6 14082/2/6
f 14082/2/6 14081/2/6 14083/2/6
f 14083/2/6 14081/2/6 14084/2/6
f 14083/3/6 14084/3/6 14085/3/6
f 14085/3/6 14084/3/6 14086/3/6
f 14087/4/6 14088/4/6 14091/4/6
f 14088/3/6 14089/3/6 14092/3/6
f 14091/4/6 14088/4/6 14092/4/6
f 14092/3/6 14089/3/6 14093/3/6
f 14090/2/6 14091/2/6 14094/2/6
f 14091/4/6 14092/4/6 14095/4/6
f 14094/2/6 14091/2/6 14095/2/6
f 14095/4/6 14092/4/6 14096/4/6
f 14097/4/6 14098/4/6 14099/4/6
f 14099/4/6 14098/4/6 14100/4/6
f 14099/1/6 14100/1/6 14106/1/6
f 14106/1/6 14100/1/6 14107/1/6
f 14101/2/6 14102/2/6 14108/2/6
f 14108/2/6 14102/2/6 14109/2/6
f 14103/2/6 14104/2/6 14112/2/6
f 14112/2/6 14104/2/6 14113/2/6
f 14105/3/6 14106/3/6 14114/3/6
f 14106/2/6 14107/2/6 14115/2/6
f 14114/3/6 14106/3/6 14115/3/6
f 14115/2/6 14107/2/6 14116/2/6
f 14110/5/6 14111/5/6 14120/5/6
f 14120/5/6 14111/5/6 14121/5/6
f 14117/2/6 14118/2/6 14125/2/6
f 14118/3/6 14119/3/6 14126/3/6
f 14125/2/6 14118/2/6 14126/2/6
f 14126/3/6 14119/3/6 14127/3/6
f 14120/3/6 14121/3/6 14128/3/6
f 14128/3/6 14121/3/6 14129/3/6
f 14122/1/6 14123/1/6 14130/1/6
f 14123/2/6 14124/2/6 14131/2/6
f 14130/1/6 14123/1/6 14131/1/6
f 14131/2/6 14124/2/6 14132/2/6
f 14126/6/6 14127/6/6 14135/6/6
f 14135/6/6 14127/6/6 14136/6/6
f 14131/5/6 14132/5/6 14142/5/6
f 14142/5/6 14132/5/6 14143/5/6
f 14133/2/6 14134/2/6 14144/2/6
f 14144/2/6 14134/2/6 14145/2/6
f 14135/1/6 14136/1/6 14147/1/6
f 14147/1/6 14136/1/6 14148/1/6
f 14137/4/6 14138/4/6 14149/4/6
f 14138/3/6 14139/3/6 14150/3/6
f 14149/4/6 14138/4/6 14150/4/6
f 14150/3/6 14139/3/6 14151/3/6
f 14140/4/6 14141/4/6 14152/4/6
f 14141/6/6 14142/6/6 14153/6/6
f 14152/4/6 14141/4/6 14153/4/6
f 14153/6/6 14142/6/6 14154/6/6
f 14145/2/6 14146/2/6 14155/2/6
f 14155/2/6 14146/2/6 14156/2/6
f 14151/4/6 14152/4/6 14157/4/6
f 14152/1/6 14153/1/6 14158/1/6
f 14157/4/6 14152/4/6 14158/4/6
f 14158/1/6 14153/1/6 14159/1/6
f 14157/1/6 14158/1/6 14162/1/6
f 14162/1/6 14158/1/6 14163/1/6
f 14160/4/6 14161/4/6 14164/4/6
f 14164/4/6 14161/4/6 14165/4/6
f 14166/1/6 14167/1/6 14169/1/6
f 14167/4/6 14168/4/6 14170/4/6
f 14169/1/6 14167/1/6 14170/1/6
f 14170/4/6 14168/4/6 14171/4/6
f 14172/2/6 14173/2/6 14174/2/6
f 14174/2/6 14173/2/6 14175/2/6
f 14176/4/6 14177/4/6 14179/4/6
f 14177/2/6 14178/2/6 14180/2/6
f 14179/4/6 14177/4/6 14180/4/6
f 14180/2/6 14178/2/6 14181/2/6
f 14182/5/6 14183/5/6 14186/5/6
f 14186/5/6 14183/5/6 14187/5/6
f 14184/3/6 14185/3/6 14188/3/6
f 14188/3/6 14185/3/6 14189/3/6
f 14186/4/6 14187/4/6 14190/4/6
f 14190/4/6 14187/4/6 14191/4/6
f 14192/4/6 14193/4/6 14198/4/6
f 14198/4/6 14193/4/6 14199/4/6
f 14194/2/6 14195/2/6 14201/2/6
f 14196/2/6 14197/2/6 14202/2/6
f 14202/2/6 14197/2/6 14203/2/6
f 14200/3/6 14201/3/6 14206/3/6
f 14201/2/6 14195/2/6 14207/2/6
f 14206/3/6 14201/3/6 14207/3/6
f 14207/2/6 14195/2/6 14208/2/6
f 14204/3/6 14205/3/6 14209/3/6
f 14209/3/6 14205/3/6 14210/3/6
f 14207/3/6 14208/3/6 14211/3/6
f 14211/3/6 14208/3/6 14212/3/6
f 14211/2/6 14212/2/6 14213/2/6
f 14213/2/6 14212/2/6 14214/2/6
f 14215/4/6 14216/4/6 14217/4/6
f 14217/4/6 14216/4/6 14218/4/6
f 14219/5/6 14220/5/6 14221/5/6
f 14221/5/6 14220/5/6 14222/5/6
f 14223/1/6 14224/1/6 14226/1/6
f 14224/6/6 14225/6/6 14227/6/6
f 14226/1/6 14224/1/6 14227/1/6
f 14227/6/6 14225/6/6 14228/6/6
f 14229/3/6 14230/3/6 14231/3/6
f 14231/3/6 14230/3/6 14232/3/6
f 14232/5/6 14233/5/6 14236/5/6
f 14233/4/6 14234/4/6 14237/4/6
f 14236/5/6 14233/5/6 14237/5/6
f 14234/5/6 14235/5/6 14238/5/6
f 14237/4/6 14234/4/6 14238/4/6
f 14238/5/6 14235/5/6 14239/5/6
f 14237/4/6 14238/4/6 14240/4/6
f 14240/4/6 14238/4/6 14241/4/6
f 14240/1/6 14241/1/6 14242/1/6
f 14242/1/6 14241/1/6 14243/1/6
f 14244/2/6 14245/2/6 14246/2/6
f 14246/2/6 14245/2/6 14247/2/6
f 14248/6/6 14249/6/6 14250/6/6
f 14250/6/6 14249/6/6 14251/6/6
