# MagicaVoxel @ Ephtracy

# group
o 

# material
mtllib Plane_06.mtl
usemtl palette

# normals
vn -1 0 0
vn 1 0 0
vn 0 0 1
vn 0 0 -1
vn 0 -1 0
vn 0 1 0

# texcoords
vt 0.751953 0.5
vt 0.783203 0.5
vt 0.787109 0.5
vt 0.814453 0.5
vt 0.818359 0.5
vt 0.822266 0.5
vt 0.845703 0.5
vt 0.876953 0.5
vt 0.880859 0.5
vt 0.884766 0.5
vt 0.888672 0.5
vt 0.892578 0.5
vt 0.896484 0.5
vt 0.908203 0.5
vt 0.912109 0.5
vt 0.916016 0.5

# verts
v 0 1.1 -2.3
v 0 1.1 -2.4
v 0 1.1 -2.8
v 0 1.1 -3.2
v 0 1.1 -3.3
v 0 1.1 -3.8
v 0 1.1 -4.2
v 0 1.1 -4.3
v 0 1.2 -2.3
v 0 1.2 -2.4
v 0 1.2 -2.7
v 0 1.2 -2.8
v 0 1.2 -3.8
v 0 1.2 -3.9
v 0 1.2 -4.2
v 0 1.2 -4.3
v 0 1.3 -2.3
v 0 1.3 -2.4
v 0 1.3 -2.7
v 0 1.3 -3.9
v 0 1.3 -4.2
v 0 1.3 -4.3
v 0 1.7 -3.2
v 0 1.7 -3.3
v 0 1.8 -3.2
v 0 1.8 -3.3
v 0.1 1.1 -2.2
v 0.1 1.1 -2.3
v 0.1 1.1 -4.3
v 0.1 1.1 -4.4
v 0.1 1.2 -2.2
v 0.1 1.2 -2.3
v 0.1 1.2 -4.3
v 0.1 1.2 -4.4
v 0.2 1.1 -2.8
v 0.2 1.1 -3.2
v 0.2 1.1 -3.3
v 0.2 1.1 -3.8
v 0.2 1.2 -2.8
v 0.2 1.2 -3.2
v 0.2 1.2 -3.3
v 0.2 1.2 -3.8
v 0.6 1.3 -3.3
v 0.6 1.3 -3.4
v 0.6 1.4 -3.3
v 0.6 1.4 -3.4
v 0.8 1 -3.2
v 0.8 1 -3.4
v 0.8 1.1 -3.2
v 0.8 1.1 -3.4
v 0.8 1.2 -3.3
v 0.8 1.2 -3.4
v 0.8 1.3 -3.3
v 0.8 1.3 -3.4
v 1.2 0.9 -3.2
v 1.2 0.9 -3.4
v 1.2 1 -3.2
v 1.2 1 -3.4
v 1.2 1.1 -3.1
v 1.2 1.1 -3.2
v 1.2 1.1 -3.4
v 1.2 1.1 -3.5
v 1.2 1.3 -3.1
v 1.2 1.3 -3.2
v 1.2 1.4 -3.1
v 1.2 1.4 -3.2
v 1.2 1.4 -3.4
v 1.2 1.4 -3.5
v 1.6 1.1 -3
v 1.6 1.1 -3.1
v 1.6 1.1 -3.5
v 1.6 1.1 -3.6
v 1.6 1.3 -3
v 1.6 1.3 -3.1
v 1.6 1.3 -3.5
v 1.6 1.3 -3.6
v 1.7 0.6 -3.2
v 1.7 0.6 -3.3
v 1.7 0.9 -3.2
v 1.7 0.9 -3.3
v 1.8 0.7 -3.1
v 1.8 0.7 -3.2
v 1.8 0.7 -3.3
v 1.8 0.7 -3.4
v 1.8 0.8 -3.1
v 1.8 0.8 -3.2
v 1.8 0.8 -3.3
v 1.8 0.8 -3.4
v 2 0.8 -3.3
v 2 0.8 -3.4
v 2 0.8 -3.5
v 2 0.9 -3
v 2 0.9 -3.2
v 2 0.9 -3.3
v 2 0.9 -3.4
v 2 0.9 -3.5
v 2 0.9 -3.6
v 2 1 -3
v 2 1 -3.2
v 2 1 -3.4
v 2 1 -3.6
v 2 1.1 -3
v 2 1.1 -3.2
v 2 1.1 -3.4
v 2 1.1 -3.6
v 2.2 0.7 -3.1
v 2.2 0.7 -3.3
v 2.2 0.7 -3.4
v 2.2 0.7 -3.6
v 2.2 0.8 -3.2
v 2.2 0.8 -3.3
v 2.2 0.8 -3.4
v 2.2 0.8 -3.5
v 2.2 0.9 -3.1
v 2.2 0.9 -3.2
v 2.2 0.9 -3.5
v 2.2 0.9 -3.6
v 2.8 0.8 -3
v 2.8 0.8 -3.2
v 2.8 0.8 -3.4
v 2.8 0.8 -3.6
v 2.8 0.9 -2.9
v 2.8 0.9 -3
v 2.8 0.9 -3.2
v 2.8 0.9 -3.4
v 2.8 0.9 -3.6
v 2.8 0.9 -3.7
v 2.8 1 -2.9
v 2.8 1 -3
v 2.8 1 -3.6
v 2.8 1 -3.7
v 2.8 1.3 -2.9
v 2.8 1.3 -3
v 2.8 1.3 -3.1
v 2.8 1.3 -3.5
v 2.8 1.3 -3.6
v 2.8 1.3 -3.7
v 2.8 1.4 -3
v 2.8 1.4 -3.1
v 2.8 1.4 -3.5
v 2.8 1.4 -3.6
v 2.8 1.5 -3.1
v 2.8 1.5 -3.5
v 3.1 0.7 -3.1
v 3.1 0.7 -3.5
v 3.1 0.8 -3.1
v 3.1 0.8 -3.5
v 3.1 1.4 -3
v 3.1 1.4 -3.1
v 3.1 1.4 -3.5
v 3.1 1.4 -3.6
v 3.1 1.5 -3
v 3.1 1.5 -3.1
v 3.1 1.5 -3.5
v 3.1 1.5 -3.6
v 3.2 0.9 -2.8
v 3.2 0.9 -2.9
v 3.2 0.9 -3.7
v 3.2 0.9 -3.8
v 3.2 1 -2.8
v 3.2 1 -2.9
v 3.2 1 -3.7
v 3.2 1 -3.8
v 3.2 1.3 -2.8
v 3.2 1.3 -2.9
v 3.2 1.3 -3
v 3.2 1.3 -3.6
v 3.2 1.3 -3.7
v 3.2 1.3 -3.8
v 3.2 1.4 -2.9
v 3.2 1.4 -3
v 3.2 1.4 -3.6
v 3.2 1.4 -3.7
v 3.6 0.7 -3
v 3.6 0.7 -3.1
v 3.6 0.7 -3.5
v 3.6 0.7 -3.6
v 3.6 0.8 -2.9
v 3.6 0.8 -3
v 3.6 0.8 -3.1
v 3.6 0.8 -3.5
v 3.6 0.8 -3.6
v 3.6 0.8 -3.7
v 3.6 0.9 -2.9
v 3.6 0.9 -3
v 3.6 0.9 -3.6
v 3.6 0.9 -3.7
v 3.9 0.7 -2.9
v 3.9 0.7 -3
v 3.9 0.7 -3.6
v 3.9 0.7 -3.7
v 3.9 0.8 -2.8
v 3.9 0.8 -2.9
v 3.9 0.8 -3
v 3.9 0.8 -3.6
v 3.9 0.8 -3.7
v 3.9 0.8 -3.8
v 3.9 0.9 -2.8
v 3.9 0.9 -2.9
v 3.9 0.9 -3.7
v 3.9 0.9 -3.8
v 4 0.9 -0.3
v 4 0.9 -0.4
v 4 0.9 -0.9
v 4 0.9 -1
v 4 0.9 -1.2
v 4 0.9 -1.3
v 4 0.9 -1.4
v 4 0.9 -1.6
v 4 0.9 -2.8
v 4 0.9 -3.8
v 4 0.9 -5
v 4 0.9 -5.2
v 4 0.9 -5.3
v 4 0.9 -5.4
v 4 0.9 -5.6
v 4 0.9 -5.7
v 4 0.9 -6.2
v 4 0.9 -6.3
v 4 1 -0.3
v 4 1 -0.4
v 4 1 -0.9
v 4 1 -1
v 4 1 -1.2
v 4 1 -1.3
v 4 1 -1.4
v 4 1 -1.6
v 4 1 -2.8
v 4 1 -3.8
v 4 1 -5
v 4 1 -5.2
v 4 1 -5.3
v 4 1 -5.4
v 4 1 -5.6
v 4 1 -5.7
v 4 1 -6.2
v 4 1 -6.3
v 4 1.5 -3.2
v 4 1.5 -3.4
v 4 1.6 -3.2
v 4 1.6 -3.4
v 4.1 0.9 -0.2
v 4.1 0.9 -0.3
v 4.1 0.9 -6.3
v 4.1 0.9 -6.4
v 4.1 1 -0.2
v 4.1 1 -0.3
v 4.1 1 -6.3
v 4.1 1 -6.4
v 4.1 1.5 -3.1
v 4.1 1.5 -3.2
v 4.1 1.5 -3.4
v 4.1 1.5 -3.5
v 4.1 1.6 -3.1
v 4.1 1.6 -3.2
v 4.1 1.6 -3.4
v 4.1 1.6 -3.5
v 4.2 0.9 -0.1
v 4.2 0.9 -0.2
v 4.2 0.9 -6.4
v 4.2 0.9 -6.5
v 4.2 1 -0.1
v 4.2 1 -0.2
v 4.2 1 -6.4
v 4.2 1 -6.5
v 4.2 1.4 -2.9
v 4.2 1.4 -3
v 4.2 1.4 -3.6
v 4.2 1.4 -3.7
v 4.2 1.5 -2.9
v 4.2 1.5 -3
v 4.2 1.5 -3.6
v 4.2 1.5 -3.7
v 4.3 0.9 0
v 4.3 0.9 -0.1
v 4.3 0.9 -6.5
v 4.3 0.9 -6.6
v 4.3 1 0
v 4.3 1 -0.1
v 4.3 1 -6.5
v 4.3 1 -6.6
v 4.4 0.7 -3.2
v 4.4 0.7 -3.4
v 4.4 0.8 -3.2
v 4.4 0.8 -3.4
v 4.4 1.6 -3.2
v 4.4 1.6 -3.4
v 4.4 1.7 -3.2
v 4.4 1.7 -3.4
v 4.5 0.7 -1.4
v 4.5 0.7 -1.5
v 4.5 0.7 -5.1
v 4.5 0.7 -5.2
v 4.5 0.9 -1.4
v 4.5 0.9 -1.5
v 4.5 0.9 -5.1
v 4.5 0.9 -5.2
v 4.5 1.5 -3
v 4.5 1.5 -3.1
v 4.5 1.5 -3.5
v 4.5 1.5 -3.6
v 4.5 1.6 -3
v 4.5 1.6 -3.1
v 4.5 1.6 -3.2
v 4.5 1.6 -3.4
v 4.5 1.6 -3.5
v 4.5 1.6 -3.6
v 4.5 1.7 -3.1
v 4.5 1.7 -3.2
v 4.5 1.7 -3.4
v 4.5 1.7 -3.5
v 4.5 1.8 -3.2
v 4.5 1.8 -3.4
v 4.6 0.8 -1.3
v 4.6 0.8 -1.4
v 4.6 0.8 -1.5
v 4.6 0.8 -1.7
v 4.6 0.8 -4.9
v 4.6 0.8 -5.1
v 4.6 0.8 -5.2
v 4.6 0.8 -5.3
v 4.6 0.9 -1.3
v 4.6 0.9 -1.4
v 4.6 0.9 -1.5
v 4.6 0.9 -1.6
v 4.6 0.9 -1.7
v 4.6 0.9 -4.9
v 4.6 0.9 -5
v 4.6 0.9 -5.1
v 4.6 0.9 -5.2
v 4.6 0.9 -5.3
v 4.6 1.3 -2.8
v 4.6 1.3 -2.9
v 4.6 1.3 -3.7
v 4.6 1.3 -3.8
v 4.6 1.4 -2.8
v 4.6 1.4 -2.9
v 4.6 1.4 -3.7
v 4.6 1.4 -3.8
v 4.6 1.6 -3
v 4.6 1.6 -3.1
v 4.6 1.6 -3.5
v 4.6 1.6 -3.6
v 4.6 1.7 -3
v 4.6 1.7 -3.1
v 4.6 1.7 -3.2
v 4.6 1.7 -3.4
v 4.6 1.7 -3.5
v 4.6 1.7 -3.6
v 4.6 1.8 -3.1
v 4.6 1.8 -3.2
v 4.6 1.8 -3.4
v 4.6 1.8 -3.5
v 4.7 0.7 -1.5
v 4.7 0.7 -1.9
v 4.7 0.7 -4.7
v 4.7 0.7 -5.1
v 4.7 0.8 -1.5
v 4.7 0.8 -1.7
v 4.7 0.8 -1.9
v 4.7 0.8 -4.7
v 4.7 0.8 -4.9
v 4.7 0.8 -5.1
v 4.8 0.6 -1.7
v 4.8 0.6 -2
v 4.8 0.6 -4.6
v 4.8 0.6 -4.9
v 4.8 0.7 -1.7
v 4.8 0.7 -1.9
v 4.8 0.7 -4.7
v 4.8 0.7 -4.9
v 4.8 0.8 -1.7
v 4.8 0.8 -1.9
v 4.8 0.8 -4.7
v 4.8 0.8 -4.9
v 4.8 0.9 -1.7
v 4.8 0.9 -2
v 4.8 0.9 -4.6
v 4.8 0.9 -4.9
v 5.1 0.7 -3.1
v 5.1 0.7 -3.2
v 5.1 0.7 -3.4
v 5.1 0.7 -3.5
v 5.1 0.8 -3.1
v 5.1 0.8 -3.2
v 5.1 0.8 -3.4
v 5.1 0.8 -3.5
v 5.2 0.7 -3.2
v 5.2 0.7 -3.4
v 5.2 0.8 -3.2
v 5.2 0.8 -3.4
v 5.2 1.6 -3.1
v 5.2 1.6 -3.2
v 5.2 1.6 -3.4
v 5.2 1.6 -3.5
v 5.2 1.7 -3.1
v 5.2 1.7 -3.2
v 5.2 1.7 -3.4
v 5.2 1.7 -3.5
v 5.3 1.6 -3.2
v 5.3 1.6 -3.4
v 5.3 1.7 -3.2
v 5.3 1.7 -3.4
v 5.9 0.8 -3.7
v 5.9 0.8 -3.8
v 5.9 0.9 -3.7
v 5.9 0.9 -3.8
v 5.9 0.9 -3.9
v 5.9 1.1 -3.8
v 5.9 1.1 -3.9
v 5.9 1.4 -3.2
v 5.9 1.4 -3.4
v 5.9 1.5 -3.2
v 5.9 1.5 -3.4
v 6.2 0.7 -3.1
v 6.2 0.7 -3.2
v 6.2 0.7 -3.4
v 6.2 0.7 -3.5
v 6.2 0.8 -3.1
v 6.2 0.8 -3.2
v 6.2 0.8 -3.4
v 6.2 0.8 -3.5
v 6.2 0.9 -2.9
v 6.2 0.9 -3
v 6.2 0.9 -3.1
v 6.2 0.9 -3.2
v 6.2 0.9 -3.4
v 6.2 0.9 -3.5
v 6.2 0.9 -3.6
v 6.2 0.9 -3.7
v 6.2 1 -2.9
v 6.2 1 -3
v 6.2 1 -3.1
v 6.2 1 -3.5
v 6.2 1 -3.6
v 6.2 1 -3.7
v 6.2 1.1 -3
v 6.2 1.1 -3.1
v 6.2 1.1 -3.5
v 6.2 1.1 -3.6
v 6.2 1.2 -2.9
v 6.2 1.2 -3
v 6.2 1.2 -3.1
v 6.2 1.2 -3.5
v 6.2 1.2 -3.6
v 6.2 1.2 -3.7
v 6.2 1.3 -2.9
v 6.2 1.3 -3
v 6.2 1.3 -3.1
v 6.2 1.3 -3.2
v 6.2 1.3 -3.4
v 6.2 1.3 -3.5
v 6.2 1.3 -3.6
v 6.2 1.3 -3.7
v 6.2 1.4 -3.1
v 6.2 1.4 -3.2
v 6.2 1.4 -3.4
v 6.2 1.4 -3.5
v 6.2 1.5 -3.1
v 6.2 1.5 -3.2
v 6.2 1.5 -3.4
v 6.2 1.5 -3.5
v 6.4 0.7 -3.2
v 6.4 0.7 -3.4
v 6.4 0.8 -3
v 6.4 0.8 -3.1
v 6.4 0.8 -3.2
v 6.4 0.8 -3.4
v 6.4 0.8 -3.5
v 6.4 0.8 -3.6
v 6.4 0.9 -3
v 6.4 0.9 -3.1
v 6.4 0.9 -3.5
v 6.4 0.9 -3.6
v 6.4 1 -2.9
v 6.4 1 -3
v 6.4 1 -3.6
v 6.4 1 -3.7
v 6.4 1.2 -2.9
v 6.4 1.2 -3
v 6.4 1.2 -3.6
v 6.4 1.2 -3.7
v 6.4 1.3 -3
v 6.4 1.3 -3.1
v 6.4 1.3 -3.5
v 6.4 1.3 -3.6
v 6.4 1.4 -3
v 6.4 1.4 -3.1
v 6.4 1.4 -3.2
v 6.4 1.4 -3.4
v 6.4 1.4 -3.5
v 6.4 1.4 -3.6
v 6.4 1.5 -3.2
v 6.4 1.5 -3.4
v 6.6 0.8 -3
v 6.6 0.8 -3.1
v 6.6 0.8 -3.5
v 6.6 0.8 -3.6
v 6.6 0.9 -2.9
v 6.6 0.9 -3
v 6.6 0.9 -3.1
v 6.6 0.9 -3.5
v 6.6 0.9 -3.6
v 6.6 0.9 -3.7
v 6.6 1.1 -3.7
v 6.6 1.1 -3.8
v 6.6 1.2 -2.9
v 6.6 1.2 -3
v 6.6 1.2 -3.6
v 6.6 1.2 -3.7
v 6.6 1.2 -3.8
v 6.6 1.3 -3
v 6.6 1.3 -3.1
v 6.6 1.3 -3.5
v 6.6 1.3 -3.6
v 6.6 1.4 -3
v 6.6 1.4 -3.1
v 6.6 1.4 -3.5
v 6.6 1.4 -3.6
v 6.7 0.7 -3
v 6.7 0.7 -3.6
v 6.7 0.8 -2.9
v 6.7 0.8 -3
v 6.7 0.8 -3.6
v 6.7 0.8 -3.7
v 6.7 0.9 -2.8
v 6.7 0.9 -2.9
v 6.7 0.9 -3
v 6.7 0.9 -3.6
v 6.7 0.9 -3.7
v 6.7 0.9 -3.8
v 6.7 1.1 -3.7
v 6.7 1.1 -3.8
v 6.7 1.2 -2.9
v 6.7 1.2 -3
v 6.7 1.2 -3.6
v 6.7 1.2 -3.7
v 6.7 1.2 -3.8
v 6.7 1.3 -2.8
v 6.7 1.3 -2.9
v 6.7 1.3 -3.7
v 6.7 1.3 -3.8
v 6.7 1.4 -2.9
v 6.7 1.4 -3
v 6.7 1.4 -3.6
v 6.7 1.4 -3.7
v 6.7 1.5 -3
v 6.7 1.5 -3.6
v 7 0.7 -3
v 7 0.7 -3.1
v 7 0.7 -3.5
v 7 0.7 -3.6
v 7 0.8 -2.9
v 7 0.8 -3
v 7 0.8 -3.1
v 7 0.8 -3.5
v 7 0.8 -3.6
v 7 0.8 -3.7
v 7 0.9 -2.8
v 7 0.9 -2.9
v 7 0.9 -3
v 7 0.9 -3.6
v 7 0.9 -3.7
v 7 0.9 -3.8
v 7 1 -2.8
v 7 1 -2.9
v 7 1 -3.7
v 7 1 -3.8
v 7 1.1 -2.8
v 7 1.1 -2.9
v 7 1.1 -3.7
v 7 1.1 -3.8
v 7 1.2 -2.8
v 7 1.2 -2.9
v 7 1.2 -3.7
v 7 1.2 -3.8
v 7 1.4 -3.1
v 7 1.4 -3.2
v 7 1.4 -3.4
v 7 1.4 -3.5
v 7 1.5 -3.1
v 7 1.5 -3.2
v 7 1.5 -3.4
v 7 1.5 -3.5
v 0.2 1.2 -2.3
v 0.2 1.2 -2.4
v 0.2 1.2 -2.5
v 0.2 1.2 -2.7
v 0.2 1.2 -3.9
v 0.2 1.2 -4
v 0.2 1.2 -4.2
v 0.2 1.2 -4.3
v 0.2 1.3 -2.3
v 0.2 1.3 -2.4
v 0.2 1.3 -2.5
v 0.2 1.3 -2.7
v 0.2 1.3 -3.9
v 0.2 1.3 -4
v 0.2 1.3 -4.2
v 0.2 1.3 -4.3
v 0.2 1.7 -3.2
v 0.2 1.7 -3.3
v 0.2 1.8 -3.2
v 0.2 1.8 -3.3
v 0.4 1.1 -2.2
v 0.4 1.1 -2.3
v 0.4 1.1 -4.3
v 0.4 1.1 -4.4
v 0.4 1.2 -2.2
v 0.4 1.2 -2.3
v 0.4 1.2 -4.3
v 0.4 1.2 -4.4
v 0.4 1.6 -3.2
v 0.4 1.6 -3.3
v 0.4 1.7 -3.2
v 0.4 1.7 -3.3
v 0.5 1.1 -2.3
v 0.5 1.1 -2.4
v 0.5 1.1 -2.7
v 0.5 1.1 -2.8
v 0.5 1.1 -3.8
v 0.5 1.1 -3.9
v 0.5 1.1 -4.2
v 0.5 1.1 -4.3
v 0.5 1.2 -2.3
v 0.5 1.2 -2.4
v 0.5 1.2 -2.7
v 0.5 1.2 -2.8
v 0.5 1.2 -3.8
v 0.5 1.2 -3.9
v 0.5 1.2 -4.2
v 0.5 1.2 -4.3
v 0.6 1.1 -2.8
v 0.6 1.1 -2.9
v 0.6 1.1 -3.1
v 0.6 1.1 -3.2
v 0.6 1.1 -3.4
v 0.6 1.1 -3.5
v 0.6 1.1 -3.6
v 0.6 1.1 -3.8
v 0.6 1.2 -2.8
v 0.6 1.2 -2.9
v 0.6 1.2 -3.1
v 0.6 1.2 -3.2
v 0.6 1.2 -3.4
v 0.6 1.2 -3.5
v 0.6 1.2 -3.6
v 0.6 1.2 -3.8
v 0.6 1.5 -3.2
v 0.6 1.5 -3.3
v 0.6 1.6 -3.2
v 0.6 1.6 -3.3
v 0.8 1.4 -3.2
v 0.8 1.4 -3.3
v 0.8 1.5 -3.2
v 0.8 1.5 -3.3
v 1.9 0.7 -3.1
v 1.9 0.7 -3.2
v 1.9 0.8 -3.1
v 1.9 0.8 -3.2
v 2 0.6 -3.2
v 2 0.6 -3.3
v 2 0.7 -3.2
v 2 0.7 -3.3
v 2 0.8 -3.2
v 2 0.8 -3.3
v 2.3 0.7 -3.1
v 2.3 0.7 -3.6
v 2.3 0.8 -3.2
v 2.3 0.8 -3.5
v 2.3 0.9 -3.1
v 2.3 0.9 -3.2
v 2.3 0.9 -3.5
v 2.3 0.9 -3.6
v 2.4 0.8 -3.4
v 2.4 0.8 -3.5
v 2.4 0.9 -3.4
v 2.4 0.9 -3.5
v 4.3 0.7 -3.2
v 4.3 0.7 -3.4
v 4.3 0.8 -3.2
v 4.3 0.8 -3.4
v 4.4 0.7 -3.1
v 4.4 0.7 -3.2
v 4.4 0.7 -3.4
v 4.4 0.7 -3.5
v 4.4 0.8 -3.1
v 4.4 0.8 -3.2
v 4.4 0.8 -3.4
v 4.4 0.8 -3.5
v 4.8 0.7 -1.5
v 4.8 0.7 -1.7
v 4.8 0.7 -4.9
v 4.8 0.7 -5.1
v 4.8 0.8 -1.5
v 4.8 0.8 -1.7
v 4.8 0.8 -4.9
v 4.8 0.8 -5.1
v 4.8 1.6 -3.1
v 4.8 1.6 -3.5
v 4.8 1.7 -3.1
v 4.8 1.7 -3.5
v 4.9 0.6 -1.7
v 4.9 0.6 -2
v 4.9 0.6 -4.6
v 4.9 0.6 -4.9
v 4.9 0.7 -1.7
v 4.9 0.7 -1.8
v 4.9 0.7 -1.9
v 4.9 0.7 -4.7
v 4.9 0.7 -4.8
v 4.9 0.7 -4.9
v 4.9 0.8 -1.3
v 4.9 0.8 -1.4
v 4.9 0.8 -1.5
v 4.9 0.8 -1.7
v 4.9 0.8 -1.8
v 4.9 0.8 -1.9
v 4.9 0.8 -4.7
v 4.9 0.8 -4.8
v 4.9 0.8 -4.9
v 4.9 0.8 -5.1
v 4.9 0.8 -5.2
v 4.9 0.8 -5.3
v 4.9 0.9 0
v 4.9 0.9 -0.1
v 4.9 0.9 -1.3
v 4.9 0.9 -1.4
v 4.9 0.9 -1.5
v 4.9 0.9 -1.6
v 4.9 0.9 -1.7
v 4.9 0.9 -1.8
v 4.9 0.9 -1.9
v 4.9 0.9 -2
v 4.9 0.9 -4.6
v 4.9 0.9 -4.7
v 4.9 0.9 -4.8
v 4.9 0.9 -4.9
v 4.9 0.9 -5
v 4.9 0.9 -5.1
v 4.9 0.9 -5.2
v 4.9 0.9 -5.3
v 4.9 0.9 -6.5
v 4.9 0.9 -6.6
v 4.9 1 0
v 4.9 1 -0.1
v 4.9 1 -6.5
v 4.9 1 -6.6
v 5 0.7 -1.4
v 5 0.7 -1.5
v 5 0.7 -1.8
v 5 0.7 -1.9
v 5 0.7 -4.7
v 5 0.7 -4.8
v 5 0.7 -5.1
v 5 0.7 -5.2
v 5 0.8 -1.8
v 5 0.8 -1.9
v 5 0.8 -4.7
v 5 0.8 -4.8
v 5 0.9 -0.1
v 5 0.9 -0.6
v 5 0.9 -1.4
v 5 0.9 -1.5
v 5 0.9 -5.1
v 5 0.9 -5.2
v 5 0.9 -6
v 5 0.9 -6.5
v 5 1 -0.1
v 5 1 -0.6
v 5 1 -6
v 5 1 -6.5
v 5.1 0.7 -3.2
v 5.1 0.7 -3.4
v 5.1 0.8 -3.2
v 5.1 0.8 -3.4
v 5.1 0.9 -0.6
v 5.1 0.9 -0.8
v 5.1 0.9 -5.8
v 5.1 0.9 -6
v 5.1 1 -0.6
v 5.1 1 -0.8
v 5.1 1 -5.8
v 5.1 1 -6
v 5.2 0.9 -0.8
v 5.2 0.9 -1
v 5.2 0.9 -1.2
v 5.2 0.9 -1.4
v 5.2 0.9 -1.6
v 5.2 0.9 -2
v 5.2 0.9 -4.6
v 5.2 0.9 -5
v 5.2 0.9 -5.2
v 5.2 0.9 -5.4
v 5.2 0.9 -5.6
v 5.2 0.9 -5.8
v 5.2 1 -0.8
v 5.2 1 -1
v 5.2 1 -1.2
v 5.2 1 -1.4
v 5.2 1 -1.6
v 5.2 1 -2
v 5.2 1 -4.6
v 5.2 1 -5
v 5.2 1 -5.2
v 5.2 1 -5.4
v 5.2 1 -5.6
v 5.2 1 -5.8
v 5.2 1.3 -2.8
v 5.2 1.3 -2.9
v 5.2 1.3 -3.7
v 5.2 1.3 -3.8
v 5.2 1.4 -2.8
v 5.2 1.4 -2.9
v 5.2 1.4 -3.7
v 5.2 1.4 -3.8
v 5.2 1.7 -3.1
v 5.2 1.7 -3.2
v 5.2 1.7 -3.4
v 5.2 1.7 -3.5
v 5.2 1.8 -3.1
v 5.2 1.8 -3.2
v 5.2 1.8 -3.4
v 5.2 1.8 -3.5
v 5.3 0.9 -2
v 5.3 0.9 -2.2
v 5.3 0.9 -4.4
v 5.3 0.9 -4.6
v 5.3 1 -2
v 5.3 1 -2.2
v 5.3 1 -4.4
v 5.3 1 -4.6
v 5.3 1.4 -2.9
v 5.3 1.4 -3
v 5.3 1.4 -3.6
v 5.3 1.4 -3.7
v 5.3 1.5 -2.9
v 5.3 1.5 -3
v 5.3 1.5 -3.6
v 5.3 1.5 -3.7
v 5.3 1.6 -3
v 5.3 1.6 -3.1
v 5.3 1.6 -3.5
v 5.3 1.6 -3.6
v 5.3 1.7 -3
v 5.3 1.7 -3.1
v 5.3 1.7 -3.5
v 5.3 1.7 -3.6
v 5.4 0.7 -2.9
v 5.4 0.7 -3
v 5.4 0.8 -2.8
v 5.4 0.8 -2.9
v 5.4 0.8 -3
v 5.4 0.8 -3.7
v 5.4 0.8 -3.8
v 5.4 0.9 -2.2
v 5.4 0.9 -2.8
v 5.4 0.9 -2.9
v 5.4 0.9 -3.7
v 5.4 0.9 -3.8
v 5.4 0.9 -4.4
v 5.4 1 -2.2
v 5.4 1 -2.8
v 5.4 1 -3.8
v 5.4 1 -4.4
v 5.4 1.2 -2.8
v 5.4 1.2 -2.9
v 5.4 1.2 -3.7
v 5.4 1.2 -3.8
v 5.4 1.3 -2.8
v 5.4 1.3 -2.9
v 5.4 1.3 -3.7
v 5.4 1.3 -3.8
v 5.4 1.6 -3.1
v 5.4 1.6 -3.2
v 5.4 1.6 -3.4
v 5.4 1.6 -3.5
v 5.4 1.7 -3.1
v 5.4 1.7 -3.2
v 5.4 1.7 -3.4
v 5.4 1.7 -3.5
v 5.4 1.8 -3.2
v 5.4 1.8 -3.4
v 5.5 0.7 -3
v 5.5 0.7 -3.1
v 5.5 0.7 -3.5
v 5.5 0.7 -3.6
v 5.5 0.7 -3.7
v 5.5 0.8 -2.9
v 5.5 0.8 -3
v 5.5 0.8 -3.1
v 5.5 0.8 -3.5
v 5.5 0.8 -3.6
v 5.5 0.8 -3.7
v 5.5 0.9 -2.9
v 5.5 0.9 -3
v 5.5 1.5 -3
v 5.5 1.5 -3.1
v 5.5 1.5 -3.5
v 5.5 1.5 -3.6
v 5.5 1.6 -3
v 5.5 1.6 -3.1
v 5.5 1.6 -3.5
v 5.5 1.6 -3.6
v 5.6 1.3 -3.6
v 5.6 1.3 -3.7
v 5.6 1.4 -3.5
v 5.6 1.4 -3.6
v 5.6 1.4 -3.7
v 5.6 1.5 -3.4
v 5.6 1.5 -3.5
v 5.6 1.5 -3.6
v 5.6 1.6 -3.4
v 5.6 1.6 -3.5
v 5.7 1.4 -3
v 5.7 1.4 -3.1
v 5.7 1.5 -3
v 5.7 1.5 -3.1
v 5.7 1.5 -3.2
v 5.7 1.6 -3.1
v 5.7 1.6 -3.2
v 5.7 1.6 -3.4
v 5.7 1.7 -3.2
v 5.7 1.7 -3.4
v 5.8 1.4 -3.2
v 5.8 1.4 -3.4
v 5.8 1.5 -3.2
v 5.8 1.5 -3.4
v 5.8 1.6 -3.2
v 5.8 1.6 -3.4
v 6 0.8 -3.6
v 6 0.8 -3.8
v 6 0.9 -3.6
v 6 0.9 -3.8
v 6 0.9 -3.9
v 6 1 -3.8
v 6 1 -3.9
v 6.1 0.7 -3.1
v 6.1 0.7 -3.5
v 6.1 0.8 -3
v 6.1 0.8 -3.1
v 6.1 0.8 -3.2
v 6.1 0.8 -3.4
v 6.1 0.8 -3.5
v 6.1 0.8 -3.6
v 6.1 0.9 -2.8
v 6.1 0.9 -3
v 6.1 0.9 -3.2
v 6.1 0.9 -3.4
v 6.1 0.9 -3.6
v 6.1 0.9 -3.8
v 6.1 1 -2.9
v 6.1 1 -3
v 6.1 1 -3.1
v 6.1 1 -3.5
v 6.1 1 -3.6
v 6.1 1 -3.7
v 6.1 1 -3.8
v 6.1 1 -3.9
v 6.1 1.1 -3
v 6.1 1.1 -3.1
v 6.1 1.1 -3.5
v 6.1 1.1 -3.6
v 6.1 1.1 -3.8
v 6.1 1.1 -3.9
v 6.1 1.2 -2.8
v 6.1 1.2 -2.9
v 6.1 1.2 -3
v 6.1 1.2 -3.1
v 6.1 1.2 -3.5
v 6.1 1.2 -3.6
v 6.1 1.2 -3.7
v 6.1 1.2 -3.8
v 6.1 1.3 -2.9
v 6.1 1.3 -3
v 6.1 1.3 -3.1
v 6.1 1.3 -3.2
v 6.1 1.3 -3.4
v 6.1 1.3 -3.5
v 6.1 1.3 -3.6
v 6.1 1.3 -3.7
v 6.1 1.4 -2.9
v 6.1 1.4 -3
v 6.1 1.4 -3.1
v 6.1 1.4 -3.2
v 6.1 1.4 -3.4
v 6.1 1.4 -3.5
v 6.1 1.4 -3.6
v 6.1 1.5 -3.1
v 6.1 1.5 -3.5
v 6.5 0.7 -3.1
v 6.5 0.7 -3.5
v 6.5 0.8 -3
v 6.5 0.8 -3.1
v 6.5 0.8 -3.5
v 6.5 0.8 -3.6
v 6.5 0.9 -2.9
v 6.5 0.9 -3
v 6.5 0.9 -3.1
v 6.5 0.9 -3.5
v 6.5 0.9 -3.6
v 6.5 0.9 -3.7
v 6.5 1.3 -2.9
v 6.5 1.3 -3
v 6.5 1.3 -3.1
v 6.5 1.3 -3.5
v 6.5 1.3 -3.6
v 6.5 1.3 -3.7
v 6.5 1.4 -3
v 6.5 1.4 -3.1
v 6.5 1.4 -3.5
v 6.5 1.4 -3.6
v 6.5 1.5 -3.1
v 6.5 1.5 -3.5
v 6.8 0.7 -3
v 6.8 0.7 -3.1
v 6.8 0.7 -3.5
v 6.8 0.7 -3.6
v 6.8 0.8 -2.9
v 6.8 0.8 -3
v 6.8 0.8 -3.1
v 6.8 0.8 -3.5
v 6.8 0.8 -3.6
v 6.8 0.8 -3.7
v 6.8 0.9 -2.8
v 6.8 0.9 -2.9
v 6.8 0.9 -3
v 6.8 0.9 -3.6
v 6.8 0.9 -3.7
v 6.8 0.9 -3.8
v 6.8 1 -2.8
v 6.8 1 -2.9
v 6.8 1 -3.7
v 6.8 1 -3.8
v 6.8 1.1 -2.8
v 6.8 1.1 -2.9
v 6.8 1.1 -3.7
v 6.8 1.1 -3.8
v 6.8 1.2 -2.8
v 6.8 1.2 -2.9
v 6.8 1.2 -3.7
v 6.8 1.2 -3.8
v 6.8 1.4 -3.1
v 6.8 1.4 -3.2
v 6.8 1.4 -3.4
v 6.8 1.4 -3.5
v 6.8 1.5 -3.1
v 6.8 1.5 -3.2
v 6.8 1.5 -3.4
v 6.8 1.5 -3.5
v 7 0.8 -3
v 7 0.8 -3.6
v 7 0.9 -2.9
v 7 0.9 -3
v 7 0.9 -3.6
v 7 0.9 -3.7
v 7 1.3 -2.9
v 7 1.3 -3
v 7 1.3 -3.6
v 7 1.3 -3.7
v 7 1.4 -3
v 7 1.4 -3.6
v 7.1 0.7 -3
v 7.1 0.7 -3.6
v 7.1 0.8 -2.9
v 7.1 0.8 -3
v 7.1 0.8 -3.6
v 7.1 0.8 -3.7
v 7.1 0.9 -2.8
v 7.1 0.9 -2.9
v 7.1 0.9 -3
v 7.1 0.9 -3.6
v 7.1 0.9 -3.7
v 7.1 0.9 -3.8
v 7.1 1.3 -2.8
v 7.1 1.3 -2.9
v 7.1 1.3 -3
v 7.1 1.3 -3.6
v 7.1 1.3 -3.7
v 7.1 1.3 -3.8
v 7.1 1.4 -2.9
v 7.1 1.4 -3
v 7.1 1.4 -3.6
v 7.1 1.4 -3.7
v 7.1 1.5 -3
v 7.1 1.5 -3.6
v 7.2 0.9 -3
v 7.2 0.9 -3.1
v 7.2 0.9 -3.5
v 7.2 0.9 -3.6
v 7.2 1 -3
v 7.2 1 -3.1
v 7.2 1 -3.5
v 7.2 1 -3.6
v 7.2 1.2 -3
v 7.2 1.2 -3.1
v 7.2 1.2 -3.5
v 7.2 1.2 -3.6
v 7.2 1.3 -3
v 7.2 1.3 -3.1
v 7.2 1.3 -3.5
v 7.2 1.3 -3.6
v 7.3 0.9 -3.1
v 7.3 0.9 -3.5
v 7.3 1 -3
v 7.3 1 -3.1
v 7.3 1 -3.5
v 7.3 1 -3.6
v 7.3 1.2 -3
v 7.3 1.2 -3.1
v 7.3 1.2 -3.5
v 7.3 1.2 -3.6
v 7.3 1.3 -3.1
v 7.3 1.3 -3.5
v 4.3 0.9 0
v 4.3 1 0
v 4.4 0.9 0
v 4.4 1 0
v 4.6 0.9 0
v 4.6 1 0
v 4.7 0.9 0
v 4.7 1 0
v 4.8 0.9 0
v 4.8 1 0
v 4.9 0.9 0
v 4.9 1 0
v 4.2 0.9 -0.1
v 4.2 1 -0.1
v 4.3 0.9 -0.1
v 4.3 1 -0.1
v 4.9 0.9 -0.1
v 4.9 1 -0.1
v 5 0.9 -0.1
v 5 1 -0.1
v 4.1 0.9 -0.2
v 4.1 1 -0.2
v 4.2 0.9 -0.2
v 4.2 1 -0.2
v 4 0.9 -0.3
v 4 1 -0.3
v 4.1 0.9 -0.3
v 4.1 1 -0.3
v 5 0.9 -0.6
v 5 1 -0.6
v 5.1 0.9 -0.6
v 5.1 1 -0.6
v 5.1 0.9 -0.8
v 5.1 1 -0.8
v 5.2 0.9 -0.8
v 5.2 1 -0.8
v 4.6 0.8 -1.3
v 4.6 0.9 -1.3
v 4.9 0.8 -1.3
v 4.9 0.9 -1.3
v 4.5 0.7 -1.4
v 4.5 0.9 -1.4
v 4.6 0.8 -1.4
v 4.6 0.9 -1.4
v 4.9 0.8 -1.4
v 4.9 0.9 -1.4
v 5 0.7 -1.4
v 5 0.9 -1.4
v 4.8 0.6 -1.7
v 4.8 0.7 -1.7
v 4.8 0.8 -1.7
v 4.9 0.6 -1.7
v 4.9 0.7 -1.7
v 4.9 0.8 -1.7
v 4.9 0.7 -1.8
v 4.9 0.8 -1.8
v 5 0.7 -1.8
v 5 0.8 -1.8
v 5.2 0.9 -2
v 5.2 1 -2
v 5.3 0.9 -2
v 5.3 1 -2
v 0.1 1.1 -2.2
v 0.1 1.2 -2.2
v 0.2 1.1 -2.2
v 0.2 1.2 -2.2
v 0.4 1.1 -2.2
v 0.4 1.2 -2.2
v 5.3 0.9 -2.2
v 5.3 1 -2.2
v 5.4 0.9 -2.2
v 5.4 1 -2.2
v 0 1.1 -2.3
v 0 1.2 -2.3
v 0 1.3 -2.3
v 0.1 1.1 -2.3
v 0.1 1.2 -2.3
v 0.1 1.3 -2.3
v 0.2 1.2 -2.3
v 0.2 1.3 -2.3
v 0.4 1.1 -2.3
v 0.4 1.2 -2.3
v 0.5 1.1 -2.3
v 0.5 1.2 -2.3
v 0.5 1.1 -2.8
v 0.5 1.2 -2.8
v 0.6 1.1 -2.8
v 0.6 1.2 -2.8
v 3.2 0.9 -2.8
v 3.2 1 -2.8
v 3.2 1.3 -2.8
v 3.6 1.2 -2.8
v 3.6 1.3 -2.8
v 3.7 1 -2.8
v 3.7 1.1 -2.8
v 3.7 1.2 -2.8
v 3.7 1.3 -2.8
v 3.8 1 -2.8
v 3.8 1.1 -2.8
v 3.9 0.8 -2.8
v 3.9 0.9 -2.8
v 3.9 1 -2.8
v 3.9 1.2 -2.8
v 4 0.9 -2.8
v 4 1 -2.8
v 4.1 1.1 -2.8
v 4.1 1.2 -2.8
v 4.2 0.9 -2.8
v 4.2 1 -2.8
v 4.2 1.1 -2.8
v 4.2 1.2 -2.8
v 4.3 1.1 -2.8
v 4.3 1.2 -2.8
v 4.6 1.3 -2.8
v 4.6 1.4 -2.8
v 4.8 1.3 -2.8
v 4.8 1.4 -2.8
v 5 1.3 -2.8
v 5 1.4 -2.8
v 5.2 1.2 -2.8
v 5.2 1.3 -2.8
v 5.2 1.4 -2.8
v 5.3 0.9 -2.8
v 5.3 1 -2.8
v 5.4 0.8 -2.8
v 5.4 0.9 -2.8
v 5.4 1 -2.8
v 5.4 1.1 -2.8
v 5.4 1.2 -2.8
v 5.4 1.3 -2.8
v 5.6 1.1 -2.8
v 5.6 1.2 -2.8
v 5.8 1 -2.8
v 5.8 1.1 -2.8
v 5.9 0.9 -2.8
v 5.9 1.1 -2.8
v 5.9 1.2 -2.8
v 6 0.9 -2.8
v 6 1.1 -2.8
v 6.1 0.9 -2.8
v 6.1 1.2 -2.8
v 6.7 0.9 -2.8
v 6.7 1.3 -2.8
v 6.8 0.9 -2.8
v 6.8 1 -2.8
v 6.8 1.1 -2.8
v 6.8 1.2 -2.8
v 7 0.9 -2.8
v 7 1 -2.8
v 7 1.1 -2.8
v 7 1.2 -2.8
v 7.1 0.9 -2.8
v 7.1 1.3 -2.8
v 2.8 0.9 -2.9
v 2.8 1 -2.9
v 2.8 1.3 -2.9
v 2.9 1 -2.9
v 2.9 1.1 -2.9
v 3 1 -2.9
v 3 1.1 -2.9
v 3.2 0.9 -2.9
v 3.2 1 -2.9
v 3.2 1.3 -2.9
v 3.2 1.4 -2.9
v 3.6 0.8 -2.9
v 3.6 0.9 -2.9
v 3.6 1.3 -2.9
v 3.7 1.3 -2.9
v 3.9 0.7 -2.9
v 3.9 0.8 -2.9
v 3.9 0.9 -2.9
v 4.2 1.4 -2.9
v 4.2 1.5 -2.9
v 4.5 1.4 -2.9
v 4.5 1.5 -2.9
v 4.6 1.3 -2.9
v 4.6 1.4 -2.9
v 4.8 1.4 -2.9
v 5 1.4 -2.9
v 5.2 1.3 -2.9
v 5.2 1.4 -2.9
v 5.3 1.3 -2.9
v 5.3 1.4 -2.9
v 5.3 1.5 -2.9
v 5.4 0.7 -2.9
v 5.4 0.8 -2.9
v 5.4 0.9 -2.9
v 5.4 1.2 -2.9
v 5.4 1.3 -2.9
v 5.4 1.4 -2.9
v 5.5 0.8 -2.9
v 5.5 0.9 -2.9
v 5.5 1.3 -2.9
v 5.5 1.4 -2.9
v 5.6 1.2 -2.9
v 5.6 1.3 -2.9
v 5.6 1.4 -2.9
v 5.9 1.2 -2.9
v 6.1 1.2 -2.9
v 6.1 1.3 -2.9
v 6.1 1.4 -2.9
v 6.2 0.9 -2.9
v 6.2 1 -2.9
v 6.2 1.2 -2.9
v 6.2 1.3 -2.9
v 6.4 1 -2.9
v 6.4 1.2 -2.9
v 6.5 0.9 -2.9
v 6.5 1.3 -2.9
v 6.6 0.9 -2.9
v 6.6 1.2 -2.9
v 6.7 0.8 -2.9
v 6.7 0.9 -2.9
v 6.7 1.2 -2.9
v 6.7 1.3 -2.9
v 6.7 1.4 -2.9
v 6.8 0.8 -2.9
v 6.8 0.9 -2.9
v 6.8 1 -2.9
v 6.8 1.1 -2.9
v 6.8 1.2 -2.9
v 7 0.8 -2.9
v 7 0.9 -2.9
v 7 1 -2.9
v 7 1.1 -2.9
v 7 1.2 -2.9
v 7.1 0.8 -2.9
v 7.1 0.9 -2.9
v 7.1 1.3 -2.9
v 7.1 1.4 -2.9
v 1.6 1.1 -3
v 1.6 1.3 -3
v 2 0.9 -3
v 2 1 -3
v 2 1.1 -3
v 2.3 1 -3
v 2.3 1.1 -3
v 2.4 1 -3
v 2.4 1.1 -3
v 2.5 1.1 -3
v 2.5 1.2 -3
v 2.6 1 -3
v 2.6 1.1 -3
v 2.6 1.2 -3
v 2.7 1 -3
v 2.7 1.1 -3
v 2.8 0.8 -3
v 2.8 0.9 -3
v 2.8 1 -3
v 2.8 1.3 -3
v 2.8 1.4 -3
v 3.1 1.4 -3
v 3.1 1.5 -3
v 3.2 1.3 -3
v 3.2 1.4 -3
v 3.6 0.7 -3
v 3.6 0.8 -3
v 3.6 0.9 -3
v 3.9 0.7 -3
v 3.9 0.8 -3
v 4.2 1.4 -3
v 4.2 1.5 -3
v 4.5 1.5 -3
v 4.5 1.6 -3
v 4.6 1.6 -3
v 4.6 1.7 -3
v 4.8 1.6 -3
v 4.8 1.7 -3
v 5.2 1.6 -3
v 5.2 1.7 -3
v 5.3 1.4 -3
v 5.3 1.5 -3
v 5.3 1.6 -3
v 5.3 1.7 -3
v 5.4 0.7 -3
v 5.4 0.8 -3
v 5.4 1.4 -3
v 5.4 1.5 -3
v 5.4 1.6 -3
v 5.5 0.7 -3
v 5.5 0.8 -3
v 5.5 0.9 -3
v 5.5 1.4 -3
v 5.5 1.5 -3
v 5.5 1.6 -3
v 5.6 1.4 -3
v 5.6 1.5 -3
v 5.7 1.4 -3
v 5.7 1.5 -3
v 6 0.9 -3
v 6.1 0.8 -3
v 6.1 0.9 -3
v 6.1 1 -3
v 6.1 1.1 -3
v 6.1 1.2 -3
v 6.2 0.9 -3
v 6.2 1 -3
v 6.2 1.1 -3
v 6.2 1.2 -3
v 6.4 0.8 -3
v 6.4 0.9 -3
v 6.4 1 -3
v 6.4 1.2 -3
v 6.4 1.3 -3
v 6.4 1.4 -3
v 6.5 0.8 -3
v 6.5 0.9 -3
v 6.5 1.3 -3
v 6.5 1.4 -3
v 6.6 0.8 -3
v 6.6 0.9 -3
v 6.6 1.2 -3
v 6.6 1.3 -3
v 6.6 1.4 -3
v 6.7 0.7 -3
v 6.7 0.8 -3
v 6.7 0.9 -3
v 6.7 1.2 -3
v 6.7 1.4 -3
v 6.7 1.5 -3
v 6.8 0.7 -3
v 6.8 0.8 -3
v 6.8 0.9 -3
v 7 0.7 -3
v 7 0.8 -3
v 7 0.9 -3
v 7 1.3 -3
v 7.1 0.7 -3
v 7.1 0.8 -3
v 7.1 0.9 -3
v 7.1 1.3 -3
v 7.1 1.4 -3
v 7.1 1.5 -3
v 7.2 0.9 -3
v 7.2 1 -3
v 7.2 1.2 -3
v 7.2 1.3 -3
v 7.3 1 -3
v 7.3 1.2 -3
v 1.2 1.1 -3.1
v 1.2 1.3 -3.1
v 1.2 1.4 -3.1
v 1.4 1.2 -3.1
v 1.4 1.3 -3.1
v 1.5 1.2 -3.1
v 1.5 1.3 -3.1
v 1.6 1.1 -3.1
v 1.6 1.3 -3.1
v 1.8 0.7 -3.1
v 1.8 0.8 -3.1
v 1.9 0.7 -3.1
v 1.9 0.8 -3.1
v 2 1.3 -3.1
v 2 1.4 -3.1
v 2.2 0.7 -3.1
v 2.2 0.9 -3.1
v 2.3 0.7 -3.1
v 2.3 0.9 -3.1
v 2.8 1.3 -3.1
v 2.8 1.4 -3.1
v 2.8 1.5 -3.1
v 3.1 0.7 -3.1
v 3.1 0.8 -3.1
v 3.1 1.4 -3.1
v 3.1 1.5 -3.1
v 3.6 0.7 -3.1
v 3.6 0.8 -3.1
v 4.1 1.5 -3.1
v 4.1 1.6 -3.1
v 4.3 1.5 -3.1
v 4.3 1.6 -3.1
v 4.4 1.5 -3.1
v 4.4 1.6 -3.1
v 4.5 1.5 -3.1
v 4.5 1.6 -3.1
v 4.5 1.7 -3.1
v 4.6 1.6 -3.1
v 4.6 1.7 -3.1
v 4.6 1.8 -3.1
v 4.8 1.7 -3.1
v 4.8 1.8 -3.1
v 5.2 1.7 -3.1
v 5.2 1.8 -3.1
v 5.3 1.6 -3.1
v 5.3 1.7 -3.1
v 5.4 1.6 -3.1
v 5.4 1.7 -3.1
v 5.5 0.7 -3.1
v 5.5 0.8 -3.1
v 5.5 1.5 -3.1
v 5.5 1.6 -3.1
v 5.6 1.5 -3.1
v 5.6 1.6 -3.1
v 5.7 1.4 -3.1
v 5.7 1.5 -3.1
v 5.7 1.6 -3.1
v 5.8 1.4 -3.1
v 5.8 1.5 -3.1
v 6 1.4 -3.1
v 6 1.5 -3.1
v 6.1 0.7 -3.1
v 6.1 0.8 -3.1
v 6.1 1 -3.1
v 6.1 1.1 -3.1
v 6.1 1.2 -3.1
v 6.1 1.3 -3.1
v 6.1 1.4 -3.1
v 6.1 1.5 -3.1
v 6.2 0.7 -3.1
v 6.2 0.8 -3.1
v 6.2 0.9 -3.1
v 6.2 1 -3.1
v 6.2 1.1 -3.1
v 6.2 1.2 -3.1
v 6.2 1.3 -3.1
v 6.2 1.4 -3.1
v 6.2 1.5 -3.1
v 6.4 0.8 -3.1
v 6.4 0.9 -3.1
v 6.4 1.3 -3.1
v 6.4 1.4 -3.1
v 6.5 0.7 -3.1
v 6.5 0.8 -3.1
v 6.5 0.9 -3.1
v 6.5 1.3 -3.1
v 6.5 1.4 -3.1
v 6.5 1.5 -3.1
v 6.6 0.8 -3.1
v 6.6 0.9 -3.1
v 6.6 1.3 -3.1
v 6.6 1.4 -3.1
v 6.8 0.7 -3.1
v 6.8 0.8 -3.1
v 7 0.7 -3.1
v 7 0.8 -3.1
v 7.2 0.9 -3.1
v 7.2 1 -3.1
v 7.2 1.2 -3.1
v 7.2 1.3 -3.1
v 7.3 0.9 -3.1
v 7.3 1 -3.1
v 7.3 1.2 -3.1
v 7.3 1.3 -3.1
v 0 1.1 -3.2
v 0 1.7 -3.2
v 0 1.8 -3.2
v 0.1 1.2 -3.2
v 0.1 1.7 -3.2
v 0.2 1.1 -3.2
v 0.2 1.2 -3.2
v 0.2 1.4 -3.2
v 0.2 1.7 -3.2
v 0.2 1.8 -3.2
v 0.4 1.3 -3.2
v 0.4 1.4 -3.2
v 0.4 1.6 -3.2
v 0.4 1.7 -3.2
v 0.5 1.3 -3.2
v 0.5 1.4 -3.2
v 0.6 1.1 -3.2
v 0.6 1.2 -3.2
v 0.6 1.3 -3.2
v 0.6 1.4 -3.2
v 0.6 1.5 -3.2
v 0.6 1.6 -3.2
v 0.8 1 -3.2
v 0.8 1.1 -3.2
v 0.8 1.2 -3.2
v 0.8 1.3 -3.2
v 0.8 1.4 -3.2
v 0.8 1.5 -3.2
v 0.9 1.1 -3.2
v 0.9 1.2 -3.2
v 0.9 1.3 -3.2
v 1 1.2 -3.2
v 1 1.3 -3.2
v 1.2 0.9 -3.2
v 1.2 1 -3.2
v 1.2 1.1 -3.2
v 1.2 1.3 -3.2
v 1.2 1.4 -3.2
v 1.7 0.6 -3.2
v 1.7 0.9 -3.2
v 1.8 0.7 -3.2
v 1.8 0.8 -3.2
v 1.9 0.7 -3.2
v 1.9 0.8 -3.2
v 2 0.6 -3.2
v 2 0.7 -3.2
v 2 0.8 -3.2
v 2 0.9 -3.2
v 2 1 -3.2
v 2 1.1 -3.2
v 2.2 0.8 -3.2
v 2.2 0.9 -3.2
v 2.3 0.8 -3.2
v 2.3 0.9 -3.2
v 2.4 0.8 -3.2
v 2.4 0.9 -3.2
v 2.8 0.8 -3.2
v 2.8 0.9 -3.2
v 4 1.5 -3.2
v 4 1.6 -3.2
v 4.1 1.5 -3.2
v 4.1 1.6 -3.2
v 4.4 0.7 -3.2
v 4.4 0.8 -3.2
v 4.4 1.6 -3.2
v 4.4 1.7 -3.2
v 4.5 1.6 -3.2
v 4.5 1.7 -3.2
v 4.5 1.8 -3.2
v 4.6 1.7 -3.2
v 4.6 1.8 -3.2
v 5.1 0.7 -3.2
v 5.1 0.8 -3.2
v 5.2 1.7 -3.2
v 5.2 1.8 -3.2
v 5.3 1.7 -3.2
v 5.3 1.8 -3.2
v 5.4 1.6 -3.2
v 5.4 1.7 -3.2
v 5.4 1.8 -3.2
v 5.6 1.6 -3.2
v 5.7 1.5 -3.2
v 5.7 1.6 -3.2
v 5.7 1.7 -3.2
v 5.8 1.5 -3.2
v 5.8 1.6 -3.2
v 6.1 0.8 -3.2
v 6.1 0.9 -3.2
v 6.1 1.3 -3.2
v 6.1 1.4 -3.2
v 6.2 0.8 -3.2
v 6.2 0.9 -3.2
v 6.2 1.3 -3.2
v 6.2 1.4 -3.2
v 6.8 1.4 -3.2
v 6.8 1.5 -3.2
v 7 1.4 -3.2
v 7 1.5 -3.2
v 2 0.7 -3.3
v 2 0.8 -3.3
v 2.2 0.7 -3.3
v 2.2 0.8 -3.3
v 4.3 0.7 -3.4
v 4.3 0.8 -3.4
v 4.4 0.7 -3.4
v 4.4 0.8 -3.4
v 5.1 0.7 -3.4
v 5.1 0.8 -3.4
v 5.2 0.7 -3.4
v 5.2 0.8 -3.4
v 5.2 1.6 -3.4
v 5.2 1.7 -3.4
v 5.3 1.6 -3.4
v 5.3 1.7 -3.4
v 5.8 1.4 -3.4
v 5.8 1.5 -3.4
v 5.9 1.4 -3.4
v 5.9 1.5 -3.4
v 6.2 0.7 -3.4
v 6.2 0.8 -3.4
v 6.2 1.4 -3.4
v 6.2 1.5 -3.4
v 6.4 0.7 -3.4
v 6.4 0.8 -3.4
v 6.4 1.4 -3.4
v 6.4 1.5 -3.4
v 4.4 0.7 -3.5
v 4.4 0.8 -3.5
v 4.8 1.6 -3.5
v 4.8 1.7 -3.5
v 5.1 0.7 -3.5
v 5.1 0.8 -3.5
v 5.2 1.6 -3.5
v 5.2 1.7 -3.5
v 6.8 1.4 -3.5
v 6.8 1.5 -3.5
v 7 1.4 -3.5
v 7 1.5 -3.5
v 7 0.8 -3.6
v 7 0.9 -3.6
v 7 1.3 -3.6
v 7 1.4 -3.6
v 7.1 0.8 -3.6
v 7.1 0.9 -3.6
v 7.1 1.3 -3.6
v 7.1 1.4 -3.6
v 7 0.9 -3.7
v 7 1.3 -3.7
v 7.1 0.9 -3.7
v 7.1 1.3 -3.7
v 0 1.1 -3.8
v 0 1.2 -3.8
v 0.2 1.1 -3.8
v 0.2 1.2 -3.8
v 0 1.2 -3.9
v 0 1.3 -3.9
v 0.2 1.2 -3.9
v 0.2 1.3 -3.9
v 4.8 0.6 -4.6
v 4.8 0.9 -4.6
v 4.9 0.6 -4.6
v 4.9 0.9 -4.6
v 4.7 0.7 -4.7
v 4.7 0.8 -4.7
v 4.8 0.7 -4.7
v 4.8 0.8 -4.7
v 4.9 0.7 -4.7
v 4.9 0.8 -4.7
v 5 0.7 -4.7
v 5 0.8 -4.7
v 4.6 0.8 -4.9
v 4.6 0.9 -4.9
v 4.7 0.8 -4.9
v 4.8 0.8 -4.9
v 4.8 0.9 -4.9
v 4.5 0.7 -5.1
v 4.5 0.9 -5.1
v 4.6 0.8 -5.1
v 4.6 0.9 -5.1
v 4.7 0.7 -5.1
v 4.7 0.8 -5.1
v 4.8 0.7 -5.1
v 4.8 0.8 -5.1
v 4.9 0.8 -5.1
v 4.9 0.9 -5.1
v 5 0.7 -5.1
v 5 0.9 -5.1
v 4.5 0.7 -1.5
v 4.5 0.9 -1.5
v 4.6 0.8 -1.5
v 4.6 0.9 -1.5
v 4.7 0.7 -1.5
v 4.7 0.8 -1.5
v 4.8 0.7 -1.5
v 4.8 0.8 -1.5
v 4.9 0.8 -1.5
v 4.9 0.9 -1.5
v 5 0.7 -1.5
v 5 0.9 -1.5
v 4.6 0.8 -1.7
v 4.6 0.9 -1.7
v 4.7 0.8 -1.7
v 4.8 0.8 -1.7
v 4.8 0.9 -1.7
v 4.7 0.7 -1.9
v 4.7 0.8 -1.9
v 4.8 0.7 -1.9
v 4.8 0.8 -1.9
v 4.9 0.7 -1.9
v 4.9 0.8 -1.9
v 5 0.7 -1.9
v 5 0.8 -1.9
v 4.8 0.6 -2
v 4.8 0.9 -2
v 4.9 0.6 -2
v 4.9 0.9 -2
v 0 1.2 -2.7
v 0 1.3 -2.7
v 0.2 1.2 -2.7
v 0.2 1.3 -2.7
v 0 1.1 -2.8
v 0 1.2 -2.8
v 0.2 1.1 -2.8
v 0.2 1.2 -2.8
v 7 0.9 -2.9
v 7 1.3 -2.9
v 7.1 0.9 -2.9
v 7.1 1.3 -2.9
v 7 0.8 -3
v 7 0.9 -3
v 7 1.3 -3
v 7 1.4 -3
v 7.1 0.8 -3
v 7.1 0.9 -3
v 7.1 1.3 -3
v 7.1 1.4 -3
v 4.4 0.7 -3.1
v 4.4 0.8 -3.1
v 4.8 1.6 -3.1
v 4.8 1.7 -3.1
v 5.1 0.7 -3.1
v 5.1 0.8 -3.1
v 5.2 1.6 -3.1
v 5.2 1.7 -3.1
v 6.8 1.4 -3.1
v 6.8 1.5 -3.1
v 7 1.4 -3.1
v 7 1.5 -3.1
v 4.3 0.7 -3.2
v 4.3 0.8 -3.2
v 4.4 0.7 -3.2
v 4.4 0.8 -3.2
v 5.1 0.7 -3.2
v 5.1 0.8 -3.2
v 5.2 0.7 -3.2
v 5.2 0.8 -3.2
v 5.2 1.6 -3.2
v 5.2 1.7 -3.2
v 5.3 1.6 -3.2
v 5.3 1.7 -3.2
v 5.8 1.4 -3.2
v 5.8 1.5 -3.2
v 5.9 1.4 -3.2
v 5.9 1.5 -3.2
v 6.2 0.7 -3.2
v 6.2 0.8 -3.2
v 6.2 1.4 -3.2
v 6.2 1.5 -3.2
v 6.4 0.7 -3.2
v 6.4 0.8 -3.2
v 6.4 1.4 -3.2
v 6.4 1.5 -3.2
v 0 1.1 -3.3
v 0 1.7 -3.3
v 0 1.8 -3.3
v 0.1 1.2 -3.3
v 0.1 1.7 -3.3
v 0.2 1.1 -3.3
v 0.2 1.2 -3.3
v 0.2 1.4 -3.3
v 0.2 1.7 -3.3
v 0.2 1.8 -3.3
v 0.4 1.3 -3.3
v 0.4 1.4 -3.3
v 0.4 1.6 -3.3
v 0.4 1.7 -3.3
v 0.5 1.3 -3.3
v 0.5 1.4 -3.3
v 0.6 1.3 -3.3
v 0.6 1.4 -3.3
v 0.6 1.5 -3.3
v 0.6 1.6 -3.3
v 0.8 1.2 -3.3
v 0.8 1.3 -3.3
v 0.8 1.4 -3.3
v 0.8 1.5 -3.3
v 1.7 0.6 -3.3
v 1.7 0.9 -3.3
v 1.8 0.7 -3.3
v 1.8 0.8 -3.3
v 2 0.6 -3.3
v 2 0.7 -3.3
v 2 0.8 -3.3
v 2 0.9 -3.3
v 0.6 1.1 -3.4
v 0.6 1.2 -3.4
v 0.6 1.3 -3.4
v 0.6 1.4 -3.4
v 0.8 1 -3.4
v 0.8 1.1 -3.4
v 0.8 1.2 -3.4
v 0.8 1.3 -3.4
v 0.8 1.4 -3.4
v 0.9 1.1 -3.4
v 0.9 1.2 -3.4
v 1 1.3 -3.4
v 1 1.4 -3.4
v 1.2 0.9 -3.4
v 1.2 1 -3.4
v 1.2 1.1 -3.4
v 1.2 1.4 -3.4
v 1.4 1.1 -3.4
v 1.5 1.1 -3.4
v 1.8 0.7 -3.4
v 1.8 0.8 -3.4
v 2 0.8 -3.4
v 2 0.9 -3.4
v 2 1 -3.4
v 2 1.1 -3.4
v 2.2 0.7 -3.4
v 2.2 0.8 -3.4
v 2.4 0.8 -3.4
v 2.4 0.9 -3.4
v 2.8 0.8 -3.4
v 2.8 0.9 -3.4
v 4 1.5 -3.4
v 4 1.6 -3.4
v 4.1 1.5 -3.4
v 4.1 1.6 -3.4
v 4.4 0.7 -3.4
v 4.4 0.8 -3.4
v 4.4 1.6 -3.4
v 4.4 1.7 -3.4
v 4.5 1.6 -3.4
v 4.5 1.7 -3.4
v 4.5 1.8 -3.4
v 4.6 1.7 -3.4
v 4.6 1.8 -3.4
v 5.1 0.7 -3.4
v 5.1 0.8 -3.4
v 5.2 1.7 -3.4
v 5.2 1.8 -3.4
v 5.3 1.7 -3.4
v 5.3 1.8 -3.4
v 5.4 1.6 -3.4
v 5.4 1.7 -3.4
v 5.4 1.8 -3.4
v 5.6 1.5 -3.4
v 5.6 1.6 -3.4
v 5.7 1.6 -3.4
v 5.7 1.7 -3.4
v 5.8 1.5 -3.4
v 5.8 1.6 -3.4
v 6.1 0.8 -3.4
v 6.1 0.9 -3.4
v 6.1 1.3 -3.4
v 6.1 1.4 -3.4
v 6.2 0.8 -3.4
v 6.2 0.9 -3.4
v 6.2 1.3 -3.4
v 6.2 1.4 -3.4
v 6.8 1.4 -3.4
v 6.8 1.5 -3.4
v 7 1.4 -3.4
v 7 1.5 -3.4
v 1.2 1.1 -3.5
v 1.2 1.4 -3.5
v 1.4 1.1 -3.5
v 1.4 1.2 -3.5
v 1.5 1.1 -3.5
v 1.5 1.2 -3.5
v 1.6 1.1 -3.5
v 1.6 1.3 -3.5
v 1.8 1.3 -3.5
v 1.8 1.4 -3.5
v 2 0.8 -3.5
v 2 0.9 -3.5
v 2.2 0.8 -3.5
v 2.2 0.9 -3.5
v 2.3 0.8 -3.5
v 2.3 0.9 -3.5
v 2.4 0.8 -3.5
v 2.4 0.9 -3.5
v 2.6 1.3 -3.5
v 2.6 1.4 -3.5
v 2.8 1.3 -3.5
v 2.8 1.4 -3.5
v 2.8 1.5 -3.5
v 3.1 0.7 -3.5
v 3.1 0.8 -3.5
v 3.1 1.4 -3.5
v 3.1 1.5 -3.5
v 3.6 0.7 -3.5
v 3.6 0.8 -3.5
v 4.1 1.5 -3.5
v 4.1 1.6 -3.5
v 4.2 1.5 -3.5
v 4.2 1.6 -3.5
v 4.3 1.5 -3.5
v 4.3 1.6 -3.5
v 4.4 1.5 -3.5
v 4.4 1.6 -3.5
v 4.5 1.5 -3.5
v 4.5 1.6 -3.5
v 4.5 1.7 -3.5
v 4.6 1.6 -3.5
v 4.6 1.7 -3.5
v 4.6 1.8 -3.5
v 4.8 1.7 -3.5
v 4.8 1.8 -3.5
v 5.2 1.7 -3.5
v 5.2 1.8 -3.5
v 5.3 1.6 -3.5
v 5.3 1.7 -3.5
v 5.4 1.6 -3.5
v 5.4 1.7 -3.5
v 5.5 0.7 -3.5
v 5.5 0.8 -3.5
v 5.5 1.5 -3.5
v 5.5 1.6 -3.5
v 5.6 1.4 -3.5
v 5.6 1.5 -3.5
v 5.6 1.6 -3.5
v 5.9 1.4 -3.5
v 6 1.4 -3.5
v 6 1.5 -3.5
v 6.1 0.7 -3.5
v 6.1 0.8 -3.5
v 6.1 1 -3.5
v 6.1 1.1 -3.5
v 6.1 1.2 -3.5
v 6.1 1.3 -3.5
v 6.1 1.4 -3.5
v 6.1 1.5 -3.5
v 6.2 0.7 -3.5
v 6.2 0.8 -3.5
v 6.2 0.9 -3.5
v 6.2 1 -3.5
v 6.2 1.1 -3.5
v 6.2 1.2 -3.5
v 6.2 1.3 -3.5
v 6.2 1.4 -3.5
v 6.2 1.5 -3.5
v 6.4 0.8 -3.5
v 6.4 0.9 -3.5
v 6.4 1.3 -3.5
v 6.4 1.4 -3.5
v 6.5 0.7 -3.5
v 6.5 0.8 -3.5
v 6.5 0.9 -3.5
v 6.5 1.3 -3.5
v 6.5 1.4 -3.5
v 6.5 1.5 -3.5
v 6.6 0.8 -3.5
v 6.6 0.9 -3.5
v 6.6 1.3 -3.5
v 6.6 1.4 -3.5
v 6.8 0.7 -3.5
v 6.8 0.8 -3.5
v 7 0.7 -3.5
v 7 0.8 -3.5
v 7.2 0.9 -3.5
v 7.2 1 -3.5
v 7.2 1.2 -3.5
v 7.2 1.3 -3.5
v 7.3 0.9 -3.5
v 7.3 1 -3.5
v 7.3 1.2 -3.5
v 7.3 1.3 -3.5
v 1.6 1.1 -3.6
v 1.6 1.3 -3.6
v 2 0.9 -3.6
v 2 1 -3.6
v 2 1.1 -3.6
v 2.1 1 -3.6
v 2.1 1.1 -3.6
v 2.2 0.7 -3.6
v 2.2 0.9 -3.6
v 2.2 1 -3.6
v 2.2 1.1 -3.6
v 2.3 0.7 -3.6
v 2.3 0.9 -3.6
v 2.8 0.8 -3.6
v 2.8 0.9 -3.6
v 2.8 1 -3.6
v 2.8 1.3 -3.6
v 2.8 1.4 -3.6
v 3.1 1.4 -3.6
v 3.1 1.5 -3.6
v 3.2 1.3 -3.6
v 3.2 1.4 -3.6
v 3.4 1.4 -3.6
v 3.5 1.4 -3.6
v 3.5 1.5 -3.6
v 3.6 0.7 -3.6
v 3.6 0.8 -3.6
v 3.6 0.9 -3.6
v 3.6 1.4 -3.6
v 3.9 0.7 -3.6
v 3.9 0.8 -3.6
v 4.2 1.4 -3.6
v 4.2 1.5 -3.6
v 4.5 1.5 -3.6
v 4.5 1.6 -3.6
v 4.6 1.6 -3.6
v 4.6 1.7 -3.6
v 4.8 1.6 -3.6
v 4.8 1.7 -3.6
v 5.2 1.6 -3.6
v 5.2 1.7 -3.6
v 5.3 1.4 -3.6
v 5.3 1.5 -3.6
v 5.3 1.6 -3.6
v 5.3 1.7 -3.6
v 5.4 1.4 -3.6
v 5.4 1.5 -3.6
v 5.4 1.6 -3.6
v 5.5 1.4 -3.6
v 5.5 1.5 -3.6
v 5.5 1.6 -3.6
v 5.6 1.3 -3.6
v 5.6 1.4 -3.6
v 5.6 1.5 -3.6
v 5.9 1.3 -3.6
v 5.9 1.4 -3.6
v 6 0.8 -3.6
v 6 0.9 -3.6
v 6 1.3 -3.6
v 6.1 0.8 -3.6
v 6.1 0.9 -3.6
v 6.1 1 -3.6
v 6.1 1.1 -3.6
v 6.1 1.2 -3.6
v 6.1 1.3 -3.6
v 6.1 1.4 -3.6
v 6.2 0.9 -3.6
v 6.2 1 -3.6
v 6.2 1.1 -3.6
v 6.2 1.2 -3.6
v 6.4 0.8 -3.6
v 6.4 0.9 -3.6
v 6.4 1 -3.6
v 6.4 1.2 -3.6
v 6.4 1.3 -3.6
v 6.4 1.4 -3.6
v 6.5 0.8 -3.6
v 6.5 0.9 -3.6
v 6.5 1.3 -3.6
v 6.5 1.4 -3.6
v 6.6 0.8 -3.6
v 6.6 0.9 -3.6
v 6.6 1.2 -3.6
v 6.6 1.3 -3.6
v 6.6 1.4 -3.6
v 6.7 0.7 -3.6
v 6.7 0.8 -3.6
v 6.7 0.9 -3.6
v 6.7 1.2 -3.6
v 6.7 1.4 -3.6
v 6.7 1.5 -3.6
v 6.8 0.7 -3.6
v 6.8 0.8 -3.6
v 6.8 0.9 -3.6
v 7 0.7 -3.6
v 7 0.8 -3.6
v 7 0.9 -3.6
v 7 1.3 -3.6
v 7.1 0.7 -3.6
v 7.1 0.8 -3.6
v 7.1 0.9 -3.6
v 7.1 1.3 -3.6
v 7.1 1.4 -3.6
v 7.1 1.5 -3.6
v 7.2 0.9 -3.6
v 7.2 1 -3.6
v 7.2 1.2 -3.6
v 7.2 1.3 -3.6
v 7.3 1 -3.6
v 7.3 1.2 -3.6
v 2.8 0.9 -3.7
v 2.8 1 -3.7
v 2.8 1.3 -3.7
v 3 1 -3.7
v 3 1.1 -3.7
v 3.1 1 -3.7
v 3.1 1.1 -3.7
v 3.2 0.9 -3.7
v 3.2 1 -3.7
v 3.2 1.3 -3.7
v 3.2 1.4 -3.7
v 3.4 1.3 -3.7
v 3.4 1.4 -3.7
v 3.6 0.8 -3.7
v 3.6 0.9 -3.7
v 3.6 1.3 -3.7
v 3.6 1.4 -3.7
v 3.9 0.7 -3.7
v 3.9 0.8 -3.7
v 3.9 0.9 -3.7
v 4 1.3 -3.7
v 4.2 1.4 -3.7
v 4.2 1.5 -3.7
v 4.3 1.3 -3.7
v 4.5 1.4 -3.7
v 4.5 1.5 -3.7
v 4.6 1.3 -3.7
v 4.6 1.4 -3.7
v 4.8 1.4 -3.7
v 5 1.4 -3.7
v 5.1 1.4 -3.7
v 5.2 1.3 -3.7
v 5.2 1.4 -3.7
v 5.3 1.4 -3.7
v 5.3 1.5 -3.7
v 5.4 0.7 -3.7
v 5.4 0.8 -3.7
v 5.4 0.9 -3.7
v 5.4 1.2 -3.7
v 5.4 1.3 -3.7
v 5.4 1.4 -3.7
v 5.5 0.7 -3.7
v 5.5 0.8 -3.7
v 5.5 1.3 -3.7
v 5.5 1.4 -3.7
v 5.6 1.3 -3.7
v 5.6 1.4 -3.7
v 5.9 0.8 -3.7
v 5.9 0.9 -3.7
v 5.9 1.2 -3.7
v 6 1.2 -3.7
v 6 1.3 -3.7
v 6.1 1.2 -3.7
v 6.1 1.3 -3.7
v 6.2 0.9 -3.7
v 6.2 1 -3.7
v 6.2 1.2 -3.7
v 6.2 1.3 -3.7
v 6.4 1 -3.7
v 6.4 1.2 -3.7
v 6.5 0.9 -3.7
v 6.5 1.3 -3.7
v 6.6 0.9 -3.7
v 6.6 1.1 -3.7
v 6.7 0.8 -3.7
v 6.7 0.9 -3.7
v 6.7 1.1 -3.7
v 6.7 1.3 -3.7
v 6.7 1.4 -3.7
v 6.8 0.8 -3.7
v 6.8 0.9 -3.7
v 6.8 1 -3.7
v 6.8 1.1 -3.7
v 6.8 1.2 -3.7
v 7 0.8 -3.7
v 7 0.9 -3.7
v 7 1 -3.7
v 7 1.1 -3.7
v 7 1.2 -3.7
v 7.1 0.8 -3.7
v 7.1 0.9 -3.7
v 7.1 1.3 -3.7
v 7.1 1.4 -3.7
v 0.5 1.1 -3.8
v 0.5 1.2 -3.8
v 0.6 1.1 -3.8
v 0.6 1.2 -3.8
v 3.2 0.9 -3.8
v 3.2 1 -3.8
v 3.2 1.3 -3.8
v 3.3 1 -3.8
v 3.3 1.1 -3.8
v 3.4 1 -3.8
v 3.4 1.1 -3.8
v 3.5 1.1 -3.8
v 3.5 1.2 -3.8
v 3.6 1.1 -3.8
v 3.6 1.2 -3.8
v 3.7 1 -3.8
v 3.7 1.1 -3.8
v 3.8 1 -3.8
v 3.8 1.1 -3.8
v 3.9 0.8 -3.8
v 3.9 0.9 -3.8
v 3.9 1 -3.8
v 3.9 1.1 -3.8
v 4 0.9 -3.8
v 4 1 -3.8
v 4 1.2 -3.8
v 4 1.3 -3.8
v 4.2 0.9 -3.8
v 4.2 1 -3.8
v 4.3 1.2 -3.8
v 4.3 1.3 -3.8
v 4.6 1.3 -3.8
v 4.6 1.4 -3.8
v 4.8 1.3 -3.8
v 4.8 1.4 -3.8
v 5 1.3 -3.8
v 5 1.4 -3.8
v 5.1 1.3 -3.8
v 5.1 1.4 -3.8
v 5.2 1.3 -3.8
v 5.2 1.4 -3.8
v 5.3 0.9 -3.8
v 5.3 1 -3.8
v 5.4 0.8 -3.8
v 5.4 0.9 -3.8
v 5.4 1 -3.8
v 5.4 1.1 -3.8
v 5.4 1.2 -3.8
v 5.4 1.3 -3.8
v 5.8 1 -3.8
v 5.8 1.1 -3.8
v 5.9 0.8 -3.8
v 5.9 0.9 -3.8
v 5.9 1.1 -3.8
v 5.9 1.2 -3.8
v 6 0.8 -3.8
v 6 0.9 -3.8
v 6 1 -3.8
v 6.1 0.9 -3.8
v 6.1 1 -3.8
v 6.1 1.1 -3.8
v 6.1 1.2 -3.8
v 6.6 1.1 -3.8
v 6.6 1.2 -3.8
v 6.7 0.9 -3.8
v 6.7 1.1 -3.8
v 6.7 1.2 -3.8
v 6.7 1.3 -3.8
v 6.8 0.9 -3.8
v 6.8 1 -3.8
v 6.8 1.1 -3.8
v 6.8 1.2 -3.8
v 7 0.9 -3.8
v 7 1 -3.8
v 7 1.1 -3.8
v 7 1.2 -3.8
v 7.1 0.9 -3.8
v 7.1 1.3 -3.8
v 5.9 0.9 -3.9
v 5.9 1.1 -3.9
v 6 0.9 -3.9
v 6 1 -3.9
v 6.1 1 -3.9
v 6.1 1.1 -3.9
v 0 1.1 -4.3
v 0 1.2 -4.3
v 0 1.3 -4.3
v 0.1 1.1 -4.3
v 0.1 1.2 -4.3
v 0.1 1.3 -4.3
v 0.2 1.2 -4.3
v 0.2 1.3 -4.3
v 0.4 1.1 -4.3
v 0.4 1.2 -4.3
v 0.5 1.1 -4.3
v 0.5 1.2 -4.3
v 0.1 1.1 -4.4
v 0.1 1.2 -4.4
v 0.2 1.1 -4.4
v 0.2 1.2 -4.4
v 0.4 1.1 -4.4
v 0.4 1.2 -4.4
v 5.3 0.9 -4.4
v 5.3 1 -4.4
v 5.4 0.9 -4.4
v 5.4 1 -4.4
v 5.2 0.9 -4.6
v 5.2 1 -4.6
v 5.3 0.9 -4.6
v 5.3 1 -4.6
v 4.9 0.7 -4.8
v 4.9 0.8 -4.8
v 5 0.7 -4.8
v 5 0.8 -4.8
v 4.8 0.6 -4.9
v 4.8 0.7 -4.9
v 4.8 0.8 -4.9
v 4.9 0.6 -4.9
v 4.9 0.7 -4.9
v 4.9 0.8 -4.9
v 4.5 0.7 -5.2
v 4.5 0.9 -5.2
v 4.6 0.8 -5.2
v 4.6 0.9 -5.2
v 4.9 0.8 -5.2
v 4.9 0.9 -5.2
v 5 0.7 -5.2
v 5 0.9 -5.2
v 4.6 0.8 -5.3
v 4.6 0.9 -5.3
v 4.9 0.8 -5.3
v 4.9 0.9 -5.3
v 5.1 0.9 -5.8
v 5.1 1 -5.8
v 5.2 0.9 -5.8
v 5.2 1 -5.8
v 5 0.9 -6
v 5 1 -6
v 5.1 0.9 -6
v 5.1 1 -6
v 4 0.9 -6.3
v 4 1 -6.3
v 4.1 0.9 -6.3
v 4.1 1 -6.3
v 4.1 0.9 -6.4
v 4.1 1 -6.4
v 4.2 0.9 -6.4
v 4.2 1 -6.4
v 4.2 0.9 -6.5
v 4.2 1 -6.5
v 4.3 0.9 -6.5
v 4.3 1 -6.5
v 4.9 0.9 -6.5
v 4.9 1 -6.5
v 5 0.9 -6.5
v 5 1 -6.5
v 4.3 0.9 -6.6
v 4.3 1 -6.6
v 4.4 0.9 -6.6
v 4.4 1 -6.6
v 4.6 0.9 -6.6
v 4.6 1 -6.6
v 4.7 0.9 -6.6
v 4.7 1 -6.6
v 4.8 0.9 -6.6
v 4.8 1 -6.6
v 4.9 0.9 -6.6
v 4.9 1 -6.6
v 4.8 0.6 -1.7
v 4.9 0.6 -1.7
v 4.8 0.6 -2
v 4.9 0.6 -2
v 1.7 0.6 -3.2
v 2 0.6 -3.2
v 1.7 0.6 -3.3
v 2 0.6 -3.3
v 4.8 0.6 -4.6
v 4.9 0.6 -4.6
v 4.8 0.6 -4.9
v 4.9 0.6 -4.9
v 4.5 0.7 -1.4
v 5 0.7 -1.4
v 4.5 0.7 -1.5
v 4.7 0.7 -1.5
v 4.8 0.7 -1.5
v 5 0.7 -1.5
v 4.8 0.7 -1.7
v 4.9 0.7 -1.8
v 5 0.7 -1.8
v 4.7 0.7 -1.9
v 4.8 0.7 -1.9
v 4.9 0.7 -1.9
v 5 0.7 -1.9
v 3.9 0.7 -2.9
v 5.4 0.7 -2.9
v 3.6 0.7 -3
v 3.9 0.7 -3
v 5.4 0.7 -3
v 5.5 0.7 -3
v 6.7 0.7 -3
v 6.8 0.7 -3
v 7 0.7 -3
v 7.1 0.7 -3
v 1.8 0.7 -3.1
v 1.9 0.7 -3.1
v 2.2 0.7 -3.1
v 2.3 0.7 -3.1
v 3.1 0.7 -3.1
v 3.6 0.7 -3.1
v 4.4 0.7 -3.1
v 5.1 0.7 -3.1
v 5.5 0.7 -3.1
v 6.1 0.7 -3.1
v 6.2 0.7 -3.1
v 6.5 0.7 -3.1
v 6.8 0.7 -3.1
v 7 0.7 -3.1
v 1.8 0.7 -3.2
v 1.9 0.7 -3.2
v 4.3 0.7 -3.2
v 4.4 0.7 -3.2
v 5.1 0.7 -3.2
v 5.2 0.7 -3.2
v 6.2 0.7 -3.2
v 6.4 0.7 -3.2
v 1.8 0.7 -3.3
v 2 0.7 -3.3
v 2.2 0.7 -3.3
v 1.8 0.7 -3.4
v 2.2 0.7 -3.4
v 4.3 0.7 -3.4
v 4.4 0.7 -3.4
v 5.1 0.7 -3.4
v 5.2 0.7 -3.4
v 6.2 0.7 -3.4
v 6.4 0.7 -3.4
v 3.1 0.7 -3.5
v 3.6 0.7 -3.5
v 4.4 0.7 -3.5
v 5.1 0.7 -3.5
v 5.5 0.7 -3.5
v 6.1 0.7 -3.5
v 6.2 0.7 -3.5
v 6.5 0.7 -3.5
v 6.8 0.7 -3.5
v 7 0.7 -3.5
v 2.2 0.7 -3.6
v 2.3 0.7 -3.6
v 3.6 0.7 -3.6
v 3.9 0.7 -3.6
v 5.4 0.7 -3.6
v 5.5 0.7 -3.6
v 6.7 0.7 -3.6
v 6.8 0.7 -3.6
v 7 0.7 -3.6
v 7.1 0.7 -3.6
v 3.9 0.7 -3.7
v 5.4 0.7 -3.7
v 5.5 0.7 -3.7
v 4.7 0.7 -4.7
v 4.8 0.7 -4.7
v 4.9 0.7 -4.7
v 5 0.7 -4.7
v 4.9 0.7 -4.8
v 5 0.7 -4.8
v 4.8 0.7 -4.9
v 4.5 0.7 -5.1
v 4.7 0.7 -5.1
v 4.8 0.7 -5.1
v 5 0.7 -5.1
v 4.5 0.7 -5.2
v 5 0.7 -5.2
v 4.6 0.8 -1.3
v 4.9 0.8 -1.3
v 4.6 0.8 -1.4
v 4.9 0.8 -1.4
v 4.6 0.8 -1.5
v 4.7 0.8 -1.5
v 4.8 0.8 -1.5
v 4.9 0.8 -1.5
v 4.6 0.8 -1.7
v 4.7 0.8 -1.7
v 4.8 0.8 -1.7
v 4.9 0.8 -1.7
v 3.9 0.8 -2.8
v 5.4 0.8 -2.8
v 3.6 0.8 -2.9
v 3.9 0.8 -2.9
v 5.4 0.8 -2.9
v 5.5 0.8 -2.9
v 6.7 0.8 -2.9
v 6.8 0.8 -2.9
v 7 0.8 -2.9
v 7.1 0.8 -2.9
v 2.8 0.8 -3
v 3.6 0.8 -3
v 3.9 0.8 -3
v 5.4 0.8 -3
v 5.5 0.8 -3
v 6.1 0.8 -3
v 6.4 0.8 -3
v 6.5 0.8 -3
v 6.6 0.8 -3
v 6.7 0.8 -3
v 6.8 0.8 -3
v 7 0.8 -3
v 7.1 0.8 -3
v 3.1 0.8 -3.1
v 3.6 0.8 -3.1
v 4.4 0.8 -3.1
v 5.1 0.8 -3.1
v 5.5 0.8 -3.1
v 6.1 0.8 -3.1
v 6.4 0.8 -3.1
v 6.5 0.8 -3.1
v 6.6 0.8 -3.1
v 6.8 0.8 -3.1
v 7 0.8 -3.1
v 2 0.8 -3.2
v 2.2 0.8 -3.2
v 2.3 0.8 -3.2
v 2.4 0.8 -3.2
v 2.8 0.8 -3.2
v 4.3 0.8 -3.2
v 4.4 0.8 -3.2
v 5.1 0.8 -3.2
v 5.2 0.8 -3.2
v 6.1 0.8 -3.2
v 6.2 0.8 -3.2
v 6.4 0.8 -3.2
v 2 0.8 -3.3
v 2.2 0.8 -3.3
v 2 0.8 -3.4
v 2.2 0.8 -3.4
v 2.4 0.8 -3.4
v 2.8 0.8 -3.4
v 4.3 0.8 -3.4
v 4.4 0.8 -3.4
v 5.1 0.8 -3.4
v 5.2 0.8 -3.4
v 6.1 0.8 -3.4
v 6.2 0.8 -3.4
v 6.4 0.8 -3.4
v 2 0.8 -3.5
v 2.2 0.8 -3.5
v 2.3 0.8 -3.5
v 2.4 0.8 -3.5
v 3.1 0.8 -3.5
v 3.6 0.8 -3.5
v 4.4 0.8 -3.5
v 5.1 0.8 -3.5
v 5.5 0.8 -3.5
v 6.1 0.8 -3.5
v 6.4 0.8 -3.5
v 6.5 0.8 -3.5
v 6.6 0.8 -3.5
v 6.8 0.8 -3.5
v 7 0.8 -3.5
v 2.8 0.8 -3.6
v 3.6 0.8 -3.6
v 3.9 0.8 -3.6
v 5.5 0.8 -3.6
v 6 0.8 -3.6
v 6.1 0.8 -3.6
v 6.4 0.8 -3.6
v 6.5 0.8 -3.6
v 6.6 0.8 -3.6
v 6.7 0.8 -3.6
v 6.8 0.8 -3.6
v 7 0.8 -3.6
v 7.1 0.8 -3.6
v 3.6 0.8 -3.7
v 3.9 0.8 -3.7
v 5.4 0.8 -3.7
v 5.5 0.8 -3.7
v 5.9 0.8 -3.7
v 6.7 0.8 -3.7
v 6.8 0.8 -3.7
v 7 0.8 -3.7
v 7.1 0.8 -3.7
v 3.9 0.8 -3.8
v 5.4 0.8 -3.8
v 5.9 0.8 -3.8
v 6 0.8 -3.8
v 4.6 0.8 -4.9
v 4.7 0.8 -4.9
v 4.8 0.8 -4.9
v 4.9 0.8 -4.9
v 4.6 0.8 -5.1
v 4.7 0.8 -5.1
v 4.8 0.8 -5.1
v 4.9 0.8 -5.1
v 4.6 0.8 -5.2
v 4.9 0.8 -5.2
v 4.6 0.8 -5.3
v 4.9 0.8 -5.3
v 4.3 0.9 0
v 4.4 0.9 0
v 4.6 0.9 0
v 4.7 0.9 0
v 4.8 0.9 0
v 4.9 0.9 0
v 4.2 0.9 -0.1
v 4.3 0.9 -0.1
v 4.4 0.9 -0.1
v 4.6 0.9 -0.1
v 4.7 0.9 -0.1
v 4.8 0.9 -0.1
v 4.9 0.9 -0.1
v 5 0.9 -0.1
v 4.1 0.9 -0.2
v 4.2 0.9 -0.2
v 4 0.9 -0.3
v 4.1 0.9 -0.3
v 4.2 0.9 -0.3
v 4 0.9 -0.4
v 4.1 0.9 -0.4
v 4.9 0.9 -0.6
v 5 0.9 -0.6
v 5.1 0.9 -0.6
v 5 0.9 -0.8
v 5.1 0.9 -0.8
v 5.2 0.9 -0.8
v 4 0.9 -0.9
v 4.1 0.9 -0.9
v 4 0.9 -1
v 4.1 0.9 -1
v 5 0.9 -1
v 5.1 0.9 -1
v 5.2 0.9 -1
v 5 0.9 -1.1
v 5.1 0.9 -1.1
v 4 0.9 -1.2
v 4.1 0.9 -1.2
v 5.1 0.9 -1.2
v 5.2 0.9 -1.2
v 4 0.9 -1.3
v 4.2 0.9 -1.3
v 4.6 0.9 -1.3
v 4.9 0.9 -1.3
v 4 0.9 -1.4
v 4.2 0.9 -1.4
v 4.5 0.9 -1.4
v 4.6 0.9 -1.4
v 4.9 0.9 -1.4
v 5 0.9 -1.4
v 5.1 0.9 -1.4
v 5.2 0.9 -1.4
v 4.1 0.9 -1.5
v 4.2 0.9 -1.5
v 4.4 0.9 -1.5
v 4.5 0.9 -1.5
v 4.6 0.9 -1.5
v 4.9 0.9 -1.5
v 5 0.9 -1.5
v 4 0.9 -1.6
v 4.1 0.9 -1.6
v 4.4 0.9 -1.6
v 4.5 0.9 -1.6
v 4.6 0.9 -1.6
v 4.9 0.9 -1.6
v 5.1 0.9 -1.6
v 5.2 0.9 -1.6
v 4.6 0.9 -1.7
v 4.8 0.9 -1.7
v 4.9 0.9 -1.7
v 4.9 0.9 -1.8
v 5 0.9 -1.8
v 4.9 0.9 -1.9
v 5 0.9 -1.9
v 4.8 0.9 -2
v 4.9 0.9 -2
v 5.2 0.9 -2
v 5.3 0.9 -2
v 5.1 0.9 -2.1
v 5.2 0.9 -2.1
v 5.2 0.9 -2.2
v 5.3 0.9 -2.2
v 5.4 0.9 -2.2
v 4.1 0.9 -2.7
v 4.2 0.9 -2.7
v 3.2 0.9 -2.8
v 3.9 0.9 -2.8
v 4 0.9 -2.8
v 4.2 0.9 -2.8
v 5.3 0.9 -2.8
v 5.4 0.9 -2.8
v 5.9 0.9 -2.8
v 6 0.9 -2.8
v 6.1 0.9 -2.8
v 6.7 0.9 -2.8
v 6.8 0.9 -2.8
v 7 0.9 -2.8
v 7.1 0.9 -2.8
v 2.8 0.9 -2.9
v 3.2 0.9 -2.9
v 3.6 0.9 -2.9
v 3.9 0.9 -2.9
v 5.4 0.9 -2.9
v 5.5 0.9 -2.9
v 5.9 0.9 -2.9
v 6.2 0.9 -2.9
v 6.5 0.9 -2.9
v 6.6 0.9 -2.9
v 6.7 0.9 -2.9
v 6.8 0.9 -2.9
v 7 0.9 -2.9
v 7.1 0.9 -2.9
v 2 0.9 -3
v 2.8 0.9 -3
v 3.6 0.9 -3
v 5.5 0.9 -3
v 6 0.9 -3
v 6.1 0.9 -3
v 6.2 0.9 -3
v 6.4 0.9 -3
v 6.5 0.9 -3
v 6.6 0.9 -3
v 6.7 0.9 -3
v 6.8 0.9 -3
v 7 0.9 -3
v 7.1 0.9 -3
v 7.2 0.9 -3
v 2.2 0.9 -3.1
v 2.3 0.9 -3.1
v 6.2 0.9 -3.1
v 6.4 0.9 -3.1
v 6.5 0.9 -3.1
v 6.6 0.9 -3.1
v 7.2 0.9 -3.1
v 7.3 0.9 -3.1
v 1.2 0.9 -3.2
v 1.7 0.9 -3.2
v 2 0.9 -3.2
v 2.2 0.9 -3.2
v 2.3 0.9 -3.2
v 2.4 0.9 -3.2
v 2.8 0.9 -3.2
v 6.1 0.9 -3.2
v 6.2 0.9 -3.2
v 1.7 0.9 -3.3
v 2 0.9 -3.3
v 1.2 0.9 -3.4
v 2 0.9 -3.4
v 2.4 0.9 -3.4
v 2.8 0.9 -3.4
v 6.1 0.9 -3.4
v 6.2 0.9 -3.4
v 2 0.9 -3.5
v 2.2 0.9 -3.5
v 2.3 0.9 -3.5
v 2.4 0.9 -3.5
v 6.2 0.9 -3.5
v 6.4 0.9 -3.5
v 6.5 0.9 -3.5
v 6.6 0.9 -3.5
v 7.2 0.9 -3.5
v 7.3 0.9 -3.5
v 2 0.9 -3.6
v 2.2 0.9 -3.6
v 2.3 0.9 -3.6
v 2.8 0.9 -3.6
v 3.6 0.9 -3.6
v 6 0.9 -3.6
v 6.1 0.9 -3.6
v 6.2 0.9 -3.6
v 6.4 0.9 -3.6
v 6.5 0.9 -3.6
v 6.6 0.9 -3.6
v 6.7 0.9 -3.6
v 6.8 0.9 -3.6
v 7 0.9 -3.6
v 7.1 0.9 -3.6
v 7.2 0.9 -3.6
v 2.8 0.9 -3.7
v 3.2 0.9 -3.7
v 3.6 0.9 -3.7
v 3.9 0.9 -3.7
v 5.4 0.9 -3.7
v 5.9 0.9 -3.7
v 6.2 0.9 -3.7
v 6.5 0.9 -3.7
v 6.6 0.9 -3.7
v 6.7 0.9 -3.7
v 6.8 0.9 -3.7
v 7 0.9 -3.7
v 7.1 0.9 -3.7
v 3.2 0.9 -3.8
v 3.9 0.9 -3.8
v 4 0.9 -3.8
v 4.2 0.9 -3.8
v 5.3 0.9 -3.8
v 5.4 0.9 -3.8
v 5.9 0.9 -3.8
v 6 0.9 -3.8
v 6.1 0.9 -3.8
v 6.7 0.9 -3.8
v 6.8 0.9 -3.8
v 7 0.9 -3.8
v 7.1 0.9 -3.8
v 4.1 0.9 -3.9
v 4.2 0.9 -3.9
v 5.9 0.9 -3.9
v 6 0.9 -3.9
v 5.2 0.9 -4.4
v 5.3 0.9 -4.4
v 5.4 0.9 -4.4
v 5.1 0.9 -4.5
v 5.2 0.9 -4.5
v 4.8 0.9 -4.6
v 4.9 0.9 -4.6
v 5.2 0.9 -4.6
v 5.3 0.9 -4.6
v 4.9 0.9 -4.7
v 5 0.9 -4.7
v 4.9 0.9 -4.8
v 5 0.9 -4.8
v 4.6 0.9 -4.9
v 4.8 0.9 -4.9
v 4.9 0.9 -4.9
v 4 0.9 -5
v 4.1 0.9 -5
v 4.4 0.9 -5
v 4.5 0.9 -5
v 4.6 0.9 -5
v 4.9 0.9 -5
v 5.1 0.9 -5
v 5.2 0.9 -5
v 4.1 0.9 -5.1
v 4.2 0.9 -5.1
v 4.4 0.9 -5.1
v 4.5 0.9 -5.1
v 4.6 0.9 -5.1
v 4.9 0.9 -5.1
v 5 0.9 -5.1
v 4 0.9 -5.2
v 4.2 0.9 -5.2
v 4.5 0.9 -5.2
v 4.6 0.9 -5.2
v 4.9 0.9 -5.2
v 5 0.9 -5.2
v 5.1 0.9 -5.2
v 5.2 0.9 -5.2
v 4 0.9 -5.3
v 4.2 0.9 -5.3
v 4.6 0.9 -5.3
v 4.9 0.9 -5.3
v 4 0.9 -5.4
v 4.1 0.9 -5.4
v 5.1 0.9 -5.4
v 5.2 0.9 -5.4
v 5 0.9 -5.5
v 5.1 0.9 -5.5
v 4 0.9 -5.6
v 4.1 0.9 -5.6
v 5 0.9 -5.6
v 5.1 0.9 -5.6
v 5.2 0.9 -5.6
v 4 0.9 -5.7
v 4.1 0.9 -5.7
v 5 0.9 -5.8
v 5.1 0.9 -5.8
v 5.2 0.9 -5.8
v 4.9 0.9 -6
v 5 0.9 -6
v 5.1 0.9 -6
v 4 0.9 -6.2
v 4.1 0.9 -6.2
v 4 0.9 -6.3
v 4.1 0.9 -6.3
v 4.2 0.9 -6.3
v 4.1 0.9 -6.4
v 4.2 0.9 -6.4
v 4.2 0.9 -6.5
v 4.3 0.9 -6.5
v 4.4 0.9 -6.5
v 4.6 0.9 -6.5
v 4.7 0.9 -6.5
v 4.8 0.9 -6.5
v 4.9 0.9 -6.5
v 5 0.9 -6.5
v 4.3 0.9 -6.6
v 4.4 0.9 -6.6
v 4.6 0.9 -6.6
v 4.7 0.9 -6.6
v 4.8 0.9 -6.6
v 4.9 0.9 -6.6
v 6.8 1 -2.8
v 7 1 -2.8
v 6.8 1 -2.9
v 7 1 -2.9
v 7.2 1 -3
v 7.3 1 -3
v 7.2 1 -3.1
v 7.3 1 -3.1
v 0.8 1 -3.2
v 1.2 1 -3.2
v 0.8 1 -3.4
v 1.2 1 -3.4
v 7.2 1 -3.5
v 7.3 1 -3.5
v 7.2 1 -3.6
v 7.3 1 -3.6
v 6.8 1 -3.7
v 7 1 -3.7
v 6 1 -3.8
v 6.1 1 -3.8
v 6.8 1 -3.8
v 7 1 -3.8
v 6 1 -3.9
v 6.1 1 -3.9
v 0.1 1.1 -2.2
v 0.2 1.1 -2.2
v 0.4 1.1 -2.2
v 0 1.1 -2.3
v 0.1 1.1 -2.3
v 0.2 1.1 -2.3
v 0.3 1.1 -2.3
v 0.4 1.1 -2.3
v 0.5 1.1 -2.3
v 0 1.1 -2.4
v 0.1 1.1 -2.4
v 0.2 1.1 -2.4
v 0.3 1.1 -2.4
v 0.4 1.1 -2.4
v 0.5 1.1 -2.4
v 0.1 1.1 -2.7
v 0.2 1.1 -2.7
v 0.4 1.1 -2.7
v 0.5 1.1 -2.7
v 0 1.1 -2.8
v 0.2 1.1 -2.8
v 0.5 1.1 -2.8
v 0.6 1.1 -2.8
v 0.5 1.1 -2.9
v 0.6 1.1 -2.9
v 0.3 1.1 -3
v 0.4 1.1 -3
v 1.6 1.1 -3
v 2 1.1 -3
v 6.1 1.1 -3
v 6.2 1.1 -3
v 0.4 1.1 -3.1
v 0.6 1.1 -3.1
v 1.2 1.1 -3.1
v 1.6 1.1 -3.1
v 6.1 1.1 -3.1
v 6.2 1.1 -3.1
v 0 1.1 -3.2
v 0.2 1.1 -3.2
v 0.6 1.1 -3.2
v 0.8 1.1 -3.2
v 1.2 1.1 -3.2
v 2 1.1 -3.2
v 0 1.1 -3.3
v 0.2 1.1 -3.3
v 0.6 1.1 -3.4
v 0.8 1.1 -3.4
v 1.2 1.1 -3.4
v 1.4 1.1 -3.4
v 1.5 1.1 -3.4
v 2 1.1 -3.4
v 0.4 1.1 -3.5
v 0.6 1.1 -3.5
v 1.2 1.1 -3.5
v 1.4 1.1 -3.5
v 1.5 1.1 -3.5
v 1.6 1.1 -3.5
v 6.1 1.1 -3.5
v 6.2 1.1 -3.5
v 0.3 1.1 -3.6
v 0.4 1.1 -3.6
v 0.5 1.1 -3.6
v 0.6 1.1 -3.6
v 1.6 1.1 -3.6
v 2 1.1 -3.6
v 6.1 1.1 -3.6
v 6.2 1.1 -3.6
v 6.6 1.1 -3.7
v 6.7 1.1 -3.7
v 0 1.1 -3.8
v 0.2 1.1 -3.8
v 0.5 1.1 -3.8
v 0.6 1.1 -3.8
v 6.6 1.1 -3.8
v 6.7 1.1 -3.8
v 0.1 1.1 -3.9
v 0.2 1.1 -3.9
v 0.4 1.1 -3.9
v 0.5 1.1 -3.9
v 0 1.1 -4.2
v 0.1 1.1 -4.2
v 0.2 1.1 -4.2
v 0.3 1.1 -4.2
v 0.4 1.1 -4.2
v 0.5 1.1 -4.2
v 0 1.1 -4.3
v 0.1 1.1 -4.3
v 0.2 1.1 -4.3
v 0.3 1.1 -4.3
v 0.4 1.1 -4.3
v 0.5 1.1 -4.3
v 0.1 1.1 -4.4
v 0.2 1.1 -4.4
v 0.4 1.1 -4.4
v 6.8 1.2 -2.8
v 7 1.2 -2.8
v 6.2 1.2 -2.9
v 6.4 1.2 -2.9
v 6.8 1.2 -2.9
v 7 1.2 -2.9
v 6.2 1.2 -3
v 6.4 1.2 -3
v 6.2 1.2 -3.6
v 6.4 1.2 -3.6
v 6.2 1.2 -3.7
v 6.4 1.2 -3.7
v 6.8 1.2 -3.7
v 7 1.2 -3.7
v 6.8 1.2 -3.8
v 7 1.2 -3.8
v 7 1.3 -2.9
v 7.1 1.3 -2.9
v 7 1.3 -3
v 7.1 1.3 -3
v 0.6 1.3 -3.3
v 0.8 1.3 -3.3
v 0.6 1.3 -3.4
v 0.8 1.3 -3.4
v 7 1.3 -3.6
v 7.1 1.3 -3.6
v 7 1.3 -3.7
v 7.1 1.3 -3.7
v 7 1.4 -3
v 7.1 1.4 -3
v 7 1.4 -3.6
v 7.1 1.4 -3.6
v 4.8 1.7 -3.1
v 5.2 1.7 -3.1
v 5.2 1.7 -3.2
v 5.3 1.7 -3.2
v 5.2 1.7 -3.4
v 5.3 1.7 -3.4
v 4.8 1.7 -3.5
v 5.2 1.7 -3.5
v 4.7 0.8 -1.7
v 4.8 0.8 -1.7
v 4.9 0.8 -1.8
v 5 0.8 -1.8
v 4.7 0.8 -1.9
v 4.8 0.8 -1.9
v 4.9 0.8 -1.9
v 5 0.8 -1.9
v 7 0.8 -3
v 7.1 0.8 -3
v 1.8 0.8 -3.1
v 1.9 0.8 -3.1
v 1.8 0.8 -3.2
v 1.9 0.8 -3.2
v 1.8 0.8 -3.3
v 2 0.8 -3.3
v 1.8 0.8 -3.4
v 2 0.8 -3.4
v 7 0.8 -3.6
v 7.1 0.8 -3.6
v 4.7 0.8 -4.7
v 4.8 0.8 -4.7
v 4.9 0.8 -4.7
v 5 0.8 -4.7
v 4.9 0.8 -4.8
v 5 0.8 -4.8
v 4.7 0.8 -4.9
v 4.8 0.8 -4.9
v 7 0.9 -2.9
v 7.1 0.9 -2.9
v 7 0.9 -3
v 7.1 0.9 -3
v 7 0.9 -3.6
v 7.1 0.9 -3.6
v 7 0.9 -3.7
v 7.1 0.9 -3.7
v 4.3 1 0
v 4.4 1 0
v 4.6 1 0
v 4.7 1 0
v 4.8 1 0
v 4.9 1 0
v 4.2 1 -0.1
v 4.3 1 -0.1
v 4.4 1 -0.1
v 4.6 1 -0.1
v 4.7 1 -0.1
v 4.8 1 -0.1
v 4.9 1 -0.1
v 5 1 -0.1
v 4.1 1 -0.2
v 4.2 1 -0.2
v 4 1 -0.3
v 4.1 1 -0.3
v 4.2 1 -0.3
v 4 1 -0.4
v 4.1 1 -0.4
v 4.9 1 -0.6
v 5 1 -0.6
v 5.1 1 -0.6
v 5 1 -0.8
v 5.1 1 -0.8
v 5.2 1 -0.8
v 4 1 -0.9
v 4.1 1 -0.9
v 4 1 -1
v 4.1 1 -1
v 5 1 -1
v 5.1 1 -1
v 5.2 1 -1
v 5 1 -1.1
v 5.1 1 -1.1
v 4 1 -1.2
v 4.1 1 -1.2
v 5.1 1 -1.2
v 5.2 1 -1.2
v 4 1 -1.3
v 4.2 1 -1.3
v 4 1 -1.4
v 4.2 1 -1.4
v 4.8 1 -1.4
v 4.9 1 -1.4
v 5.1 1 -1.4
v 5.2 1 -1.4
v 4.1 1 -1.5
v 4.2 1 -1.5
v 4.4 1 -1.5
v 4.5 1 -1.5
v 4.8 1 -1.5
v 4.9 1 -1.5
v 4 1 -1.6
v 4.1 1 -1.6
v 4.4 1 -1.6
v 4.5 1 -1.6
v 5.1 1 -1.6
v 5.2 1 -1.6
v 4.9 1 -1.8
v 5 1 -1.8
v 4.9 1 -1.9
v 5 1 -1.9
v 5.2 1 -2
v 5.3 1 -2
v 5.1 1 -2.1
v 5.2 1 -2.1
v 5.2 1 -2.2
v 5.3 1 -2.2
v 5.4 1 -2.2
v 4.1 1 -2.7
v 4.2 1 -2.7
v 4 1 -2.8
v 4.2 1 -2.8
v 5.3 1 -2.8
v 5.4 1 -2.8
v 6.2 1 -2.9
v 6.4 1 -2.9
v 6.1 1 -3
v 6.2 1 -3
v 6.4 1 -3
v 6.1 1 -3.1
v 6.2 1 -3.1
v 6.1 1 -3.5
v 6.2 1 -3.5
v 6.1 1 -3.6
v 6.2 1 -3.6
v 6.4 1 -3.6
v 6.2 1 -3.7
v 6.4 1 -3.7
v 4 1 -3.8
v 4.2 1 -3.8
v 5.3 1 -3.8
v 5.4 1 -3.8
v 4.1 1 -3.9
v 4.2 1 -3.9
v 5.2 1 -4.4
v 5.3 1 -4.4
v 5.4 1 -4.4
v 5.1 1 -4.5
v 5.2 1 -4.5
v 5.2 1 -4.6
v 5.3 1 -4.6
v 4.9 1 -4.7
v 5 1 -4.7
v 4.9 1 -4.8
v 5 1 -4.8
v 4 1 -5
v 4.1 1 -5
v 4.4 1 -5
v 4.5 1 -5
v 5.1 1 -5
v 5.2 1 -5
v 4.1 1 -5.1
v 4.2 1 -5.1
v 4.4 1 -5.1
v 4.5 1 -5.1
v 4.8 1 -5.1
v 4.9 1 -5.1
v 4 1 -5.2
v 4.2 1 -5.2
v 4.8 1 -5.2
v 4.9 1 -5.2
v 5.1 1 -5.2
v 5.2 1 -5.2
v 4 1 -5.3
v 4.2 1 -5.3
v 4 1 -5.4
v 4.1 1 -5.4
v 5.1 1 -5.4
v 5.2 1 -5.4
v 5 1 -5.5
v 5.1 1 -5.5
v 4 1 -5.6
v 4.1 1 -5.6
v 5 1 -5.6
v 5.1 1 -5.6
v 5.2 1 -5.6
v 4 1 -5.7
v 4.1 1 -5.7
v 5 1 -5.8
v 5.1 1 -5.8
v 5.2 1 -5.8
v 4.9 1 -6
v 5 1 -6
v 5.1 1 -6
v 4 1 -6.2
v 4.1 1 -6.2
v 4 1 -6.3
v 4.1 1 -6.3
v 4.2 1 -6.3
v 4.1 1 -6.4
v 4.2 1 -6.4
v 4.2 1 -6.5
v 4.3 1 -6.5
v 4.4 1 -6.5
v 4.6 1 -6.5
v 4.7 1 -6.5
v 4.8 1 -6.5
v 4.9 1 -6.5
v 5 1 -6.5
v 4.3 1 -6.6
v 4.4 1 -6.6
v 4.6 1 -6.6
v 4.7 1 -6.6
v 4.8 1 -6.6
v 4.9 1 -6.6
v 6.8 1.1 -2.8
v 7 1.1 -2.8
v 6.8 1.1 -2.9
v 7 1.1 -2.9
v 6.8 1.1 -3.7
v 7 1.1 -3.7
v 5.9 1.1 -3.8
v 6.1 1.1 -3.8
v 6.8 1.1 -3.8
v 7 1.1 -3.8
v 5.9 1.1 -3.9
v 6.1 1.1 -3.9
v 0.1 1.2 -2.2
v 0.2 1.2 -2.2
v 0.4 1.2 -2.2
v 0.1 1.2 -2.3
v 0.2 1.2 -2.3
v 0.3 1.2 -2.3
v 0.4 1.2 -2.3
v 0.5 1.2 -2.3
v 0.2 1.2 -2.4
v 0.3 1.2 -2.4
v 0.4 1.2 -2.4
v 0.5 1.2 -2.4
v 0.2 1.2 -2.5
v 0 1.2 -2.7
v 0.2 1.2 -2.7
v 0.4 1.2 -2.7
v 0.5 1.2 -2.7
v 0 1.2 -2.8
v 0.2 1.2 -2.8
v 0.5 1.2 -2.8
v 0.6 1.2 -2.8
v 5.4 1.2 -2.8
v 5.6 1.2 -2.8
v 5.9 1.2 -2.8
v 6.1 1.2 -2.8
v 0.5 1.2 -2.9
v 0.6 1.2 -2.9
v 5.4 1.2 -2.9
v 5.6 1.2 -2.9
v 5.9 1.2 -2.9
v 6.1 1.2 -2.9
v 6.6 1.2 -2.9
v 6.7 1.2 -2.9
v 0.3 1.2 -3
v 0.4 1.2 -3
v 6.1 1.2 -3
v 6.2 1.2 -3
v 6.6 1.2 -3
v 6.7 1.2 -3
v 7.2 1.2 -3
v 7.3 1.2 -3
v 0.4 1.2 -3.1
v 0.6 1.2 -3.1
v 6.1 1.2 -3.1
v 6.2 1.2 -3.1
v 7.2 1.2 -3.1
v 7.3 1.2 -3.1
v 0.2 1.2 -3.2
v 0.6 1.2 -3.2
v 0.2 1.2 -3.3
v 0.8 1.2 -3.3
v 0.6 1.2 -3.4
v 0.8 1.2 -3.4
v 0.4 1.2 -3.5
v 0.6 1.2 -3.5
v 6.1 1.2 -3.5
v 6.2 1.2 -3.5
v 7.2 1.2 -3.5
v 7.3 1.2 -3.5
v 0.3 1.2 -3.6
v 0.4 1.2 -3.6
v 0.5 1.2 -3.6
v 0.6 1.2 -3.6
v 6.1 1.2 -3.6
v 6.2 1.2 -3.6
v 6.6 1.2 -3.6
v 6.7 1.2 -3.6
v 7.2 1.2 -3.6
v 7.3 1.2 -3.6
v 5.4 1.2 -3.7
v 5.9 1.2 -3.7
v 6 1.2 -3.7
v 6.1 1.2 -3.7
v 6.6 1.2 -3.7
v 6.7 1.2 -3.7
v 0 1.2 -3.8
v 0.2 1.2 -3.8
v 0.5 1.2 -3.8
v 0.6 1.2 -3.8
v 5.4 1.2 -3.8
v 5.9 1.2 -3.8
v 6.1 1.2 -3.8
v 6.6 1.2 -3.8
v 6.7 1.2 -3.8
v 0 1.2 -3.9
v 0.2 1.2 -3.9
v 0.4 1.2 -3.9
v 0.5 1.2 -3.9
v 0.2 1.2 -4
v 0.2 1.2 -4.2
v 0.3 1.2 -4.2
v 0.4 1.2 -4.2
v 0.5 1.2 -4.2
v 0.1 1.2 -4.3
v 0.2 1.2 -4.3
v 0.3 1.2 -4.3
v 0.4 1.2 -4.3
v 0.5 1.2 -4.3
v 0.1 1.2 -4.4
v 0.2 1.2 -4.4
v 0.4 1.2 -4.4
v 0 1.3 -2.3
v 0.1 1.3 -2.3
v 0.2 1.3 -2.3
v 0 1.3 -2.4
v 0.1 1.3 -2.4
v 0.2 1.3 -2.4
v 0.1 1.3 -2.5
v 0.2 1.3 -2.5
v 0 1.3 -2.7
v 0.2 1.3 -2.7
v 3.2 1.3 -2.8
v 3.6 1.3 -2.8
v 3.7 1.3 -2.8
v 4.6 1.3 -2.8
v 5.2 1.3 -2.8
v 5.4 1.3 -2.8
v 6.7 1.3 -2.8
v 7.1 1.3 -2.8
v 2.8 1.3 -2.9
v 3.2 1.3 -2.9
v 3.6 1.3 -2.9
v 3.7 1.3 -2.9
v 4.6 1.3 -2.9
v 5.2 1.3 -2.9
v 5.3 1.3 -2.9
v 5.4 1.3 -2.9
v 6.2 1.3 -2.9
v 6.5 1.3 -2.9
v 6.7 1.3 -2.9
v 7.1 1.3 -2.9
v 1.6 1.3 -3
v 2.8 1.3 -3
v 3.2 1.3 -3
v 6.2 1.3 -3
v 6.4 1.3 -3
v 6.5 1.3 -3
v 6.6 1.3 -3
v 7 1.3 -3
v 7.1 1.3 -3
v 7.2 1.3 -3
v 1.6 1.3 -3.1
v 2 1.3 -3.1
v 2.8 1.3 -3.1
v 6.1 1.3 -3.1
v 6.2 1.3 -3.1
v 6.4 1.3 -3.1
v 6.5 1.3 -3.1
v 6.6 1.3 -3.1
v 7.2 1.3 -3.1
v 7.3 1.3 -3.1
v 6.1 1.3 -3.2
v 6.2 1.3 -3.2
v 6.1 1.3 -3.4
v 6.2 1.3 -3.4
v 1.6 1.3 -3.5
v 1.8 1.3 -3.5
v 2.6 1.3 -3.5
v 2.8 1.3 -3.5
v 6.1 1.3 -3.5
v 6.2 1.3 -3.5
v 6.4 1.3 -3.5
v 6.5 1.3 -3.5
v 6.6 1.3 -3.5
v 7.2 1.3 -3.5
v 7.3 1.3 -3.5
v 1.6 1.3 -3.6
v 2.8 1.3 -3.6
v 3.2 1.3 -3.6
v 5.6 1.3 -3.6
v 5.9 1.3 -3.6
v 6 1.3 -3.6
v 6.1 1.3 -3.6
v 6.2 1.3 -3.6
v 6.4 1.3 -3.6
v 6.5 1.3 -3.6
v 6.6 1.3 -3.6
v 7 1.3 -3.6
v 7.1 1.3 -3.6
v 7.2 1.3 -3.6
v 2.8 1.3 -3.7
v 3.2 1.3 -3.7
v 3.4 1.3 -3.7
v 3.6 1.3 -3.7
v 4 1.3 -3.7
v 4.3 1.3 -3.7
v 4.6 1.3 -3.7
v 5.2 1.3 -3.7
v 5.4 1.3 -3.7
v 5.6 1.3 -3.7
v 6 1.3 -3.7
v 6.1 1.3 -3.7
v 6.2 1.3 -3.7
v 6.5 1.3 -3.7
v 6.7 1.3 -3.7
v 7.1 1.3 -3.7
v 3.2 1.3 -3.8
v 4 1.3 -3.8
v 4.3 1.3 -3.8
v 4.6 1.3 -3.8
v 5.2 1.3 -3.8
v 5.4 1.3 -3.8
v 6.7 1.3 -3.8
v 7.1 1.3 -3.8
v 0 1.3 -3.9
v 0.2 1.3 -3.9
v 0.1 1.3 -4
v 0.2 1.3 -4
v 0 1.3 -4.2
v 0.1 1.3 -4.2
v 0.2 1.3 -4.2
v 0 1.3 -4.3
v 0.1 1.3 -4.3
v 0.2 1.3 -4.3
v 4.6 1.4 -2.8
v 4.8 1.4 -2.8
v 5 1.4 -2.8
v 5.2 1.4 -2.8
v 3.2 1.4 -2.9
v 4.2 1.4 -2.9
v 4.6 1.4 -2.9
v 4.8 1.4 -2.9
v 5 1.4 -2.9
v 5.2 1.4 -2.9
v 5.3 1.4 -2.9
v 5.4 1.4 -2.9
v 5.5 1.4 -2.9
v 5.6 1.4 -2.9
v 6.1 1.4 -2.9
v 6.7 1.4 -2.9
v 7.1 1.4 -2.9
v 2.8 1.4 -3
v 3.1 1.4 -3
v 3.2 1.4 -3
v 4.2 1.4 -3
v 5.3 1.4 -3
v 5.4 1.4 -3
v 5.5 1.4 -3
v 5.6 1.4 -3
v 5.7 1.4 -3
v 5.8 1.4 -3
v 6 1.4 -3
v 6.1 1.4 -3
v 6.4 1.4 -3
v 6.5 1.4 -3
v 6.6 1.4 -3
v 6.7 1.4 -3
v 7.1 1.4 -3
v 1.2 1.4 -3.1
v 2 1.4 -3.1
v 2.8 1.4 -3.1
v 3.1 1.4 -3.1
v 5.7 1.4 -3.1
v 5.8 1.4 -3.1
v 6 1.4 -3.1
v 6.1 1.4 -3.1
v 6.4 1.4 -3.1
v 6.5 1.4 -3.1
v 6.6 1.4 -3.1
v 6.8 1.4 -3.1
v 7 1.4 -3.1
v 0.8 1.4 -3.2
v 1.2 1.4 -3.2
v 2 1.4 -3.2
v 5.8 1.4 -3.2
v 5.9 1.4 -3.2
v 6.1 1.4 -3.2
v 6.2 1.4 -3.2
v 6.4 1.4 -3.2
v 6.8 1.4 -3.2
v 7 1.4 -3.2
v 0.6 1.4 -3.3
v 0.8 1.4 -3.3
v 1 1.4 -3.3
v 1.7 1.4 -3.3
v 1.8 1.4 -3.3
v 0.6 1.4 -3.4
v 0.8 1.4 -3.4
v 1 1.4 -3.4
v 1.2 1.4 -3.4
v 1.7 1.4 -3.4
v 1.8 1.4 -3.4
v 2.6 1.4 -3.4
v 5.8 1.4 -3.4
v 5.9 1.4 -3.4
v 6.1 1.4 -3.4
v 6.2 1.4 -3.4
v 6.4 1.4 -3.4
v 6.8 1.4 -3.4
v 7 1.4 -3.4
v 1.2 1.4 -3.5
v 1.8 1.4 -3.5
v 2.6 1.4 -3.5
v 2.8 1.4 -3.5
v 3.1 1.4 -3.5
v 5.6 1.4 -3.5
v 5.9 1.4 -3.5
v 6 1.4 -3.5
v 6.1 1.4 -3.5
v 6.4 1.4 -3.5
v 6.5 1.4 -3.5
v 6.6 1.4 -3.5
v 6.8 1.4 -3.5
v 7 1.4 -3.5
v 2.8 1.4 -3.6
v 3.1 1.4 -3.6
v 3.2 1.4 -3.6
v 3.4 1.4 -3.6
v 3.5 1.4 -3.6
v 3.6 1.4 -3.6
v 4.2 1.4 -3.6
v 5.3 1.4 -3.6
v 5.4 1.4 -3.6
v 5.5 1.4 -3.6
v 5.6 1.4 -3.6
v 5.9 1.4 -3.6
v 6.1 1.4 -3.6
v 6.4 1.4 -3.6
v 6.5 1.4 -3.6
v 6.6 1.4 -3.6
v 6.7 1.4 -3.6
v 7.1 1.4 -3.6
v 3.2 1.4 -3.7
v 3.4 1.4 -3.7
v 3.6 1.4 -3.7
v 4.2 1.4 -3.7
v 4.6 1.4 -3.7
v 4.8 1.4 -3.7
v 5 1.4 -3.7
v 5.1 1.4 -3.7
v 5.2 1.4 -3.7
v 5.3 1.4 -3.7
v 5.4 1.4 -3.7
v 5.5 1.4 -3.7
v 5.6 1.4 -3.7
v 6.7 1.4 -3.7
v 7.1 1.4 -3.7
v 4.6 1.4 -3.8
v 4.8 1.4 -3.8
v 5 1.4 -3.8
v 5.1 1.4 -3.8
v 5.2 1.4 -3.8
v 4.2 1.5 -2.9
v 4.5 1.5 -2.9
v 5.3 1.5 -2.9
v 3.1 1.5 -3
v 4.2 1.5 -3
v 4.4 1.5 -3
v 4.5 1.5 -3
v 5.3 1.5 -3
v 5.5 1.5 -3
v 5.6 1.5 -3
v 5.7 1.5 -3
v 6.7 1.5 -3
v 7.1 1.5 -3
v 2.8 1.5 -3.1
v 3.1 1.5 -3.1
v 4 1.5 -3.1
v 4.1 1.5 -3.1
v 4.3 1.5 -3.1
v 4.4 1.5 -3.1
v 4.5 1.5 -3.1
v 5.5 1.5 -3.1
v 5.6 1.5 -3.1
v 5.7 1.5 -3.1
v 5.8 1.5 -3.1
v 6 1.5 -3.1
v 6.1 1.5 -3.1
v 6.2 1.5 -3.1
v 6.5 1.5 -3.1
v 6.8 1.5 -3.1
v 7 1.5 -3.1
v 0.6 1.5 -3.2
v 0.8 1.5 -3.2
v 4 1.5 -3.2
v 4.1 1.5 -3.2
v 5.7 1.5 -3.2
v 5.8 1.5 -3.2
v 5.9 1.5 -3.2
v 6.2 1.5 -3.2
v 6.4 1.5 -3.2
v 6.8 1.5 -3.2
v 7 1.5 -3.2
v 0.6 1.5 -3.3
v 0.8 1.5 -3.3
v 4 1.5 -3.4
v 4.1 1.5 -3.4
v 5.6 1.5 -3.4
v 5.8 1.5 -3.4
v 5.9 1.5 -3.4
v 6.2 1.5 -3.4
v 6.4 1.5 -3.4
v 6.8 1.5 -3.4
v 7 1.5 -3.4
v 2.8 1.5 -3.5
v 3.1 1.5 -3.5
v 3.5 1.5 -3.5
v 4.1 1.5 -3.5
v 4.2 1.5 -3.5
v 4.3 1.5 -3.5
v 4.4 1.5 -3.5
v 4.5 1.5 -3.5
v 5.5 1.5 -3.5
v 5.6 1.5 -3.5
v 6 1.5 -3.5
v 6.1 1.5 -3.5
v 6.2 1.5 -3.5
v 6.5 1.5 -3.5
v 6.8 1.5 -3.5
v 7 1.5 -3.5
v 3.1 1.5 -3.6
v 3.5 1.5 -3.6
v 4.2 1.5 -3.6
v 4.4 1.5 -3.6
v 4.5 1.5 -3.6
v 5.3 1.5 -3.6
v 5.5 1.5 -3.6
v 5.6 1.5 -3.6
v 6.7 1.5 -3.6
v 7.1 1.5 -3.6
v 4.2 1.5 -3.7
v 4.5 1.5 -3.7
v 5.3 1.5 -3.7
v 4.5 1.6 -3
v 4.6 1.6 -3
v 5.3 1.6 -3
v 5.4 1.6 -3
v 5.5 1.6 -3
v 4.1 1.6 -3.1
v 4.3 1.6 -3.1
v 4.4 1.6 -3.1
v 4.5 1.6 -3.1
v 4.6 1.6 -3.1
v 4.8 1.6 -3.1
v 5.2 1.6 -3.1
v 5.3 1.6 -3.1
v 5.4 1.6 -3.1
v 5.5 1.6 -3.1
v 5.6 1.6 -3.1
v 5.7 1.6 -3.1
v 0.4 1.6 -3.2
v 0.6 1.6 -3.2
v 4 1.6 -3.2
v 4.1 1.6 -3.2
v 4.2 1.6 -3.2
v 4.3 1.6 -3.2
v 4.4 1.6 -3.2
v 4.5 1.6 -3.2
v 5.2 1.6 -3.2
v 5.3 1.6 -3.2
v 5.4 1.6 -3.2
v 5.6 1.6 -3.2
v 5.7 1.6 -3.2
v 5.8 1.6 -3.2
v 0.4 1.6 -3.3
v 0.6 1.6 -3.3
v 4.2 1.6 -3.3
v 4.3 1.6 -3.3
v 4 1.6 -3.4
v 4.1 1.6 -3.4
v 4.2 1.6 -3.4
v 4.4 1.6 -3.4
v 4.5 1.6 -3.4
v 5.2 1.6 -3.4
v 5.3 1.6 -3.4
v 5.4 1.6 -3.4
v 5.6 1.6 -3.4
v 5.7 1.6 -3.4
v 5.8 1.6 -3.4
v 4.1 1.6 -3.5
v 4.2 1.6 -3.5
v 4.3 1.6 -3.5
v 4.4 1.6 -3.5
v 4.5 1.6 -3.5
v 4.6 1.6 -3.5
v 4.8 1.6 -3.5
v 5.2 1.6 -3.5
v 5.3 1.6 -3.5
v 5.4 1.6 -3.5
v 5.5 1.6 -3.5
v 5.6 1.6 -3.5
v 4.5 1.6 -3.6
v 4.6 1.6 -3.6
v 5.3 1.6 -3.6
v 5.4 1.6 -3.6
v 5.5 1.6 -3.6
v 4.6 1.7 -3
v 4.8 1.7 -3
v 5.2 1.7 -3
v 5.3 1.7 -3
v 4.5 1.7 -3.1
v 4.6 1.7 -3.1
v 4.8 1.7 -3.1
v 5.2 1.7 -3.1
v 5.3 1.7 -3.1
v 5.4 1.7 -3.1
v 0.2 1.7 -3.2
v 0.4 1.7 -3.2
v 4.4 1.7 -3.2
v 4.5 1.7 -3.2
v 4.6 1.7 -3.2
v 5.2 1.7 -3.2
v 5.3 1.7 -3.2
v 5.4 1.7 -3.2
v 5.7 1.7 -3.2
v 0.2 1.7 -3.3
v 0.4 1.7 -3.3
v 4.4 1.7 -3.4
v 4.5 1.7 -3.4
v 4.6 1.7 -3.4
v 5.2 1.7 -3.4
v 5.3 1.7 -3.4
v 5.4 1.7 -3.4
v 5.7 1.7 -3.4
v 4.5 1.7 -3.5
v 4.6 1.7 -3.5
v 4.8 1.7 -3.5
v 5.2 1.7 -3.5
v 5.3 1.7 -3.5
v 5.4 1.7 -3.5
v 4.6 1.7 -3.6
v 4.8 1.7 -3.6
v 5.2 1.7 -3.6
v 5.3 1.7 -3.6
v 4.6 1.8 -3.1
v 4.8 1.8 -3.1
v 5.2 1.8 -3.1
v 0 1.8 -3.2
v 0.2 1.8 -3.2
v 4.5 1.8 -3.2
v 4.6 1.8 -3.2
v 5.2 1.8 -3.2
v 5.3 1.8 -3.2
v 5.4 1.8 -3.2
v 0 1.8 -3.3
v 0.2 1.8 -3.3
v 4.5 1.8 -3.4
v 4.6 1.8 -3.4
v 5.2 1.8 -3.4
v 5.3 1.8 -3.4
v 5.4 1.8 -3.4
v 4.6 1.8 -3.5
v 4.8 1.8 -3.5
v 5.2 1.8 -3.5

# faces
f 9/4/1 2/4/1 1/4/1
f 10/14/1 3/14/1 2/14/1
f 10/4/1 2/4/1 9/4/1
f 11/14/1 3/14/1 10/14/1
f 12/14/1 3/14/1 11/14/1
f 13/14/1 7/14/1 6/14/1
f 14/14/1 7/14/1 13/14/1
f 15/4/1 8/4/1 7/4/1
f 15/14/1 7/14/1 14/14/1
f 16/4/1 8/4/1 15/4/1
f 17/5/1 10/5/1 9/5/1
f 18/15/1 11/15/1 10/15/1
f 18/5/1 10/5/1 17/5/1
f 19/15/1 11/15/1 18/15/1
f 20/15/1 15/15/1 14/15/1
f 21/5/1 16/5/1 15/5/1
f 21/15/1 15/15/1 20/15/1
f 22/5/1 16/5/1 21/5/1
f 23/14/1 5/14/1 4/14/1
f 24/14/1 5/14/1 23/14/1
f 25/15/1 24/15/1 23/15/1
f 26/15/1 24/15/1 25/15/1
f 31/4/1 28/4/1 27/4/1
f 32/4/1 28/4/1 31/4/1
f 33/4/1 30/4/1 29/4/1
f 34/4/1 30/4/1 33/4/1
f 39/14/1 36/14/1 35/14/1
f 40/14/1 36/14/1 39/14/1
f 41/14/1 38/14/1 37/14/1
f 42/14/1 38/14/1 41/14/1
f 45/15/1 44/15/1 43/15/1
f 46/15/1 44/15/1 45/15/1
f 49/14/1 48/14/1 47/14/1
f 50/14/1 48/14/1 49/14/1
f 53/15/1 52/15/1 51/15/1
f 54/15/1 52/15/1 53/15/1
f 57/14/1 56/14/1 55/14/1
f 58/14/1 56/14/1 57/14/1
f 63/15/1 60/15/1 59/15/1
f 64/15/1 60/15/1 63/15/1
f 65/16/1 64/16/1 63/16/1
f 66/16/1 64/16/1 65/16/1
f 67/15/1 62/15/1 61/15/1
f 68/15/1 62/15/1 67/15/1
f 73/15/1 70/15/1 69/15/1
f 74/15/1 70/15/1 73/15/1
f 75/15/1 72/15/1 71/15/1
f 76/15/1 72/15/1 75/15/1
f 79/12/1 78/12/1 77/12/1
f 80/12/1 78/12/1 79/12/1
f 85/8/1 82/8/1 81/8/1
f 86/8/1 82/8/1 85/8/1
f 87/8/1 84/8/1 83/8/1
f 88/8/1 84/8/1 87/8/1
f 94/8/1 90/8/1 89/8/1
f 94/8/1 91/8/1 90/8/1
f 95/8/1 91/8/1 94/8/1
f 96/8/1 91/8/1 95/8/1
f 98/14/1 93/14/1 92/14/1
f 99/14/1 93/14/1 98/14/1
f 100/14/1 97/14/1 96/14/1
f 100/14/1 96/14/1 95/14/1
f 101/14/1 97/14/1 100/14/1
f 102/15/1 99/15/1 98/15/1
f 103/15/1 99/15/1 102/15/1
f 104/15/1 101/15/1 100/15/1
f 105/15/1 101/15/1 104/15/1
f 110/8/1 107/8/1 106/8/1
f 111/8/1 107/8/1 110/8/1
f 112/8/1 109/8/1 108/8/1
f 113/8/1 109/8/1 112/8/1
f 114/8/1 110/8/1 106/8/1
f 115/8/1 110/8/1 114/8/1
f 116/8/1 109/8/1 113/8/1
f 117/8/1 109/8/1 116/8/1
f 123/14/1 119/14/1 118/14/1
f 124/14/1 119/14/1 123/14/1
f 125/14/1 121/14/1 120/14/1
f 126/14/1 121/14/1 125/14/1
f 128/14/1 123/14/1 122/14/1
f 129/14/1 123/14/1 128/14/1
f 130/14/1 127/14/1 126/14/1
f 131/14/1 127/14/1 130/14/1
f 132/15/1 129/15/1 128/15/1
f 133/15/1 129/15/1 132/15/1
f 136/15/1 131/15/1 130/15/1
f 137/15/1 131/15/1 136/15/1
f 138/15/1 134/15/1 133/15/1
f 139/15/1 134/15/1 138/15/1
f 140/15/1 136/15/1 135/15/1
f 141/15/1 136/15/1 140/15/1
f 142/15/1 140/15/1 139/15/1
f 143/15/1 140/15/1 142/15/1
f 146/14/1 145/14/1 144/14/1
f 147/14/1 145/14/1 146/14/1
f 152/15/1 149/15/1 148/15/1
f 153/15/1 149/15/1 152/15/1
f 154/16/1 151/16/1 150/16/1
f 155/16/1 151/16/1 154/16/1
f 160/14/1 157/14/1 156/14/1
f 161/14/1 157/14/1 160/14/1
f 162/14/1 159/14/1 158/14/1
f 163/14/1 159/14/1 162/14/1
f 164/15/1 161/15/1 160/15/1
f 165/15/1 161/15/1 164/15/1
f 168/15/1 163/15/1 162/15/1
f 169/15/1 163/15/1 168/15/1
f 170/15/1 166/15/1 165/15/1
f 171/15/1 166/15/1 170/15/1
f 172/15/1 168/15/1 167/15/1
f 173/15/1 168/15/1 172/15/1
f 179/14/1 175/14/1 174/14/1
f 180/14/1 175/14/1 179/14/1
f 181/14/1 177/14/1 176/14/1
f 182/14/1 177/14/1 181/14/1
f 184/14/1 179/14/1 178/14/1
f 185/14/1 179/14/1 184/14/1
f 186/14/1 183/14/1 182/14/1
f 187/14/1 183/14/1 186/14/1
f 193/14/1 189/14/1 188/14/1
f 194/14/1 189/14/1 193/14/1
f 195/14/1 191/14/1 190/14/1
f 196/14/1 191/14/1 195/14/1
f 198/14/1 193/14/1 192/14/1
f 199/14/1 193/14/1 198/14/1
f 200/14/1 197/14/1 196/14/1
f 201/14/1 197/14/1 200/14/1
f 220/16/1 203/16/1 202/16/1
f 221/15/1 204/15/1 203/15/1
f 221/16/1 203/16/1 220/16/1
f 222/16/1 205/16/1 204/16/1
f 222/15/1 204/15/1 221/15/1
f 223/6/1 206/6/1 205/6/1
f 223/16/1 205/16/1 222/16/1
f 224/15/1 207/15/1 206/15/1
f 224/6/1 206/6/1 223/6/1
f 225/16/1 208/16/1 207/16/1
f 225/15/1 207/15/1 224/15/1
f 226/6/1 209/6/1 208/6/1
f 226/16/1 208/16/1 225/16/1
f 227/16/1 210/16/1 209/16/1
f 227/6/1 209/6/1 226/6/1
f 228/16/1 210/16/1 227/16/1
f 229/16/1 212/16/1 211/16/1
f 230/6/1 213/6/1 212/6/1
f 230/16/1 212/16/1 229/16/1
f 231/16/1 214/16/1 213/16/1
f 231/6/1 213/6/1 230/6/1
f 232/15/1 215/15/1 214/15/1
f 232/16/1 214/16/1 231/16/1
f 233/6/1 216/6/1 215/6/1
f 233/15/1 215/15/1 232/15/1
f 234/16/1 217/16/1 216/16/1
f 234/6/1 216/6/1 233/6/1
f 235/15/1 218/15/1 217/15/1
f 235/16/1 217/16/1 234/16/1
f 236/16/1 219/16/1 218/16/1
f 236/15/1 218/15/1 235/15/1
f 237/16/1 219/16/1 236/16/1
f 240/15/1 239/15/1 238/15/1
f 241/15/1 239/15/1 240/15/1
f 246/16/1 243/16/1 242/16/1
f 247/16/1 243/16/1 246/16/1
f 248/16/1 245/16/1 244/16/1
f 249/16/1 245/16/1 248/16/1
f 254/15/1 251/15/1 250/15/1
f 255/15/1 251/15/1 254/15/1
f 256/16/1 253/16/1 252/16/1
f 257/16/1 253/16/1 256/16/1
f 262/15/1 259/15/1 258/15/1
f 263/15/1 259/15/1 262/15/1
f 264/15/1 261/15/1 260/15/1
f 265/15/1 261/15/1 264/15/1
f 270/15/1 267/15/1 266/15/1
f 271/15/1 267/15/1 270/15/1
f 272/15/1 269/15/1 268/15/1
f 273/15/1 269/15/1 272/15/1
f 278/16/1 275/16/1 274/16/1
f 279/16/1 275/16/1 278/16/1
f 280/16/1 277/16/1 276/16/1
f 281/16/1 277/16/1 280/16/1
f 284/14/1 283/14/1 282/14/1
f 285/14/1 283/14/1 284/14/1
f 288/13/1 287/13/1 286/13/1
f 289/13/1 287/13/1 288/13/1
f 294/8/1 291/8/1 290/8/1
f 295/8/1 291/8/1 294/8/1
f 296/8/1 293/8/1 292/8/1
f 297/8/1 293/8/1 296/8/1
f 302/13/1 299/13/1 298/13/1
f 303/13/1 299/13/1 302/13/1
f 306/13/1 301/13/1 300/13/1
f 307/13/1 301/13/1 306/13/1
f 308/13/1 304/13/1 303/13/1
f 309/13/1 304/13/1 308/13/1
f 310/13/1 306/13/1 305/13/1
f 311/13/1 306/13/1 310/13/1
f 312/13/1 310/13/1 309/13/1
f 313/13/1 310/13/1 312/13/1
f 322/8/1 315/8/1 314/8/1
f 323/8/1 315/8/1 322/8/1
f 324/8/1 317/8/1 316/8/1
f 325/8/1 317/8/1 324/8/1
f 326/8/1 317/8/1 325/8/1
f 327/8/1 319/8/1 318/8/1
f 328/8/1 319/8/1 327/8/1
f 329/8/1 319/8/1 328/8/1
f 330/8/1 321/8/1 320/8/1
f 331/8/1 321/8/1 330/8/1
f 336/15/1 333/15/1 332/15/1
f 337/15/1 333/15/1 336/15/1
f 338/16/1 335/16/1 334/16/1
f 339/16/1 335/16/1 338/16/1
f 344/13/1 341/13/1 340/13/1
f 345/13/1 341/13/1 344/13/1
f 348/13/1 343/13/1 342/13/1
f 349/13/1 343/13/1 348/13/1
f 350/13/1 346/13/1 345/13/1
f 351/13/1 346/13/1 350/13/1
f 352/13/1 348/13/1 347/13/1
f 353/13/1 348/13/1 352/13/1
f 358/8/1 355/8/1 354/8/1
f 359/8/1 355/8/1 358/8/1
f 360/8/1 355/8/1 359/8/1
f 361/8/1 357/8/1 356/8/1
f 362/8/1 357/8/1 361/8/1
f 363/8/1 357/8/1 362/8/1
f 368/12/1 365/12/1 364/12/1
f 369/12/1 365/12/1 368/12/1
f 370/12/1 367/12/1 366/12/1
f 371/12/1 367/12/1 370/12/1
f 373/12/1 365/12/1 369/12/1
f 374/12/1 370/12/1 366/12/1
f 376/12/1 373/12/1 372/12/1
f 377/12/1 365/12/1 373/12/1
f 377/12/1 373/12/1 376/12/1
f 378/12/1 375/12/1 374/12/1
f 378/12/1 374/12/1 366/12/1
f 379/12/1 375/12/1 378/12/1
f 384/14/1 381/14/1 380/14/1
f 385/14/1 381/14/1 384/14/1
f 386/14/1 383/14/1 382/14/1
f 387/14/1 383/14/1 386/14/1
f 390/14/1 389/14/1 388/14/1
f 391/14/1 389/14/1 390/14/1
f 396/13/1 393/13/1 392/13/1
f 397/13/1 393/13/1 396/13/1
f 398/13/1 395/13/1 394/13/1
f 399/13/1 395/13/1 398/13/1
f 402/7/1 401/7/1 400/7/1
f 403/7/1 401/7/1 402/7/1
f 406/13/1 405/13/1 404/13/1
f 407/13/1 405/13/1 406/13/1
f 409/13/1 408/13/1 407/13/1
f 410/13/1 408/13/1 409/13/1
f 413/15/1 412/15/1 411/15/1
f 414/15/1 412/15/1 413/15/1
f 419/10/1 416/10/1 415/10/1
f 420/10/1 416/10/1 419/10/1
f 421/10/1 418/10/1 417/10/1
f 422/10/1 418/10/1 421/10/1
f 425/1/1 420/1/1 419/1/1
f 426/1/1 420/1/1 425/1/1
f 427/1/1 422/1/1 421/1/1
f 428/1/1 422/1/1 427/1/1
f 431/10/1 424/10/1 423/10/1
f 432/10/1 424/10/1 431/10/1
f 435/10/1 430/10/1 429/10/1
f 436/10/1 430/10/1 435/10/1
f 437/1/1 433/1/1 432/1/1
f 438/1/1 433/1/1 437/1/1
f 439/1/1 435/1/1 434/1/1
f 440/1/1 435/1/1 439/1/1
f 447/10/1 442/10/1 441/10/1
f 448/1/1 443/1/1 442/1/1
f 448/10/1 442/10/1 447/10/1
f 449/1/1 443/1/1 448/1/1
f 452/1/1 445/1/1 444/1/1
f 453/10/1 446/10/1 445/10/1
f 453/1/1 445/1/1 452/1/1
f 454/10/1 446/10/1 453/10/1
f 455/1/1 450/1/1 449/1/1
f 456/1/1 450/1/1 455/1/1
f 457/1/1 452/1/1 451/1/1
f 458/1/1 452/1/1 457/1/1
f 459/10/1 456/10/1 455/10/1
f 460/10/1 456/10/1 459/10/1
f 461/10/1 458/10/1 457/10/1
f 462/10/1 458/10/1 461/10/1
f 467/10/1 464/10/1 463/10/1
f 468/10/1 464/10/1 467/10/1
f 471/10/1 466/10/1 465/10/1
f 472/10/1 466/10/1 471/10/1
f 473/10/1 470/10/1 469/10/1
f 474/10/1 470/10/1 473/10/1
f 479/10/1 476/10/1 475/10/1
f 480/10/1 476/10/1 479/10/1
f 481/10/1 478/10/1 477/10/1
f 482/10/1 478/10/1 481/10/1
f 487/10/1 484/10/1 483/10/1
f 488/10/1 484/10/1 487/10/1
f 491/10/1 486/10/1 485/10/1
f 492/10/1 486/10/1 491/10/1
f 493/10/1 490/10/1 489/10/1
f 494/10/1 490/10/1 493/10/1
f 500/9/1 496/9/1 495/9/1
f 501/9/1 496/9/1 500/9/1
f 502/9/1 498/9/1 497/9/1
f 503/9/1 498/9/1 502/9/1
f 505/9/1 504/9/1 503/9/1
f 507/9/1 500/9/1 499/9/1
f 508/9/1 500/9/1 507/9/1
f 509/9/1 505/9/1 503/9/1
f 510/13/1 506/13/1 505/13/1
f 510/9/1 505/9/1 509/9/1
f 511/13/1 506/13/1 510/13/1
f 516/9/1 513/9/1 512/9/1
f 517/9/1 513/9/1 516/9/1
f 518/9/1 515/9/1 514/9/1
f 519/9/1 515/9/1 518/9/1
f 523/8/1 521/8/1 520/8/1
f 524/8/1 521/8/1 523/8/1
f 527/8/1 523/8/1 522/8/1
f 528/8/1 523/8/1 527/8/1
f 529/8/1 525/8/1 524/8/1
f 530/8/1 525/8/1 529/8/1
f 532/8/1 531/8/1 530/8/1
f 533/8/1 531/8/1 532/8/1
f 534/8/1 527/8/1 526/8/1
f 539/8/1 534/8/1 526/8/1
f 539/8/1 535/8/1 534/8/1
f 540/8/1 535/8/1 539/8/1
f 541/8/1 538/8/1 537/8/1
f 541/8/1 537/8/1 536/8/1
f 542/8/1 538/8/1 541/8/1
f 543/8/1 535/8/1 540/8/1
f 544/8/1 535/8/1 543/8/1
f 545/8/1 541/8/1 536/8/1
f 546/8/1 541/8/1 545/8/1
f 547/8/1 545/8/1 544/8/1
f 548/8/1 545/8/1 547/8/1
f 554/8/1 550/8/1 549/8/1
f 555/8/1 550/8/1 554/8/1
f 556/8/1 552/8/1 551/8/1
f 557/8/1 552/8/1 556/8/1
f 560/8/1 554/8/1 553/8/1
f 561/8/1 554/8/1 560/8/1
f 562/8/1 558/8/1 557/8/1
f 563/8/1 558/8/1 562/8/1
f 565/8/1 560/8/1 559/8/1
f 566/8/1 560/8/1 565/8/1
f 567/8/1 564/8/1 563/8/1
f 568/8/1 564/8/1 567/8/1
f 573/8/1 570/8/1 569/8/1
f 574/8/1 570/8/1 573/8/1
f 575/8/1 572/8/1 571/8/1
f 576/8/1 572/8/1 575/8/1
f 581/8/1 578/8/1 577/8/1
f 582/8/1 578/8/1 581/8/1
f 583/8/1 580/8/1 579/8/1
f 584/8/1 580/8/1 583/8/1
f 585/6/2 586/6/2 593/6/2
f 586/16/2 587/16/2 594/16/2
f 593/6/2 586/6/2 594/6/2
f 587/15/2 588/15/2 595/15/2
f 594/16/2 587/16/2 595/16/2
f 595/15/2 588/15/2 596/15/2
f 589/15/2 590/15/2 597/15/2
f 590/16/2 591/16/2 598/16/2
f 597/15/2 590/15/2 598/15/2
f 591/6/2 592/6/2 599/6/2
f 598/16/2 591/16/2 599/16/2
f 599/6/2 592/6/2 600/6/2
f 601/15/2 602/15/2 603/15/2
f 603/15/2 602/15/2 604/15/2
f 605/5/2 606/5/2 609/5/2
f 609/5/2 606/5/2 610/5/2
f 607/5/2 608/5/2 611/5/2
f 611/5/2 608/5/2 612/5/2
f 613/15/2 614/15/2 615/15/2
f 615/15/2 614/15/2 616/15/2
f 617/5/2 618/5/2 625/5/2
f 618/16/2 619/16/2 626/16/2
f 625/5/2 618/5/2 626/5/2
f 619/15/2 620/15/2 627/15/2
f 626/16/2 619/16/2 627/16/2
f 627/15/2 620/15/2 628/15/2
f 621/15/2 622/15/2 629/15/2
f 622/16/2 623/16/2 630/16/2
f 629/15/2 622/15/2 630/15/2
f 623/5/2 624/5/2 631/5/2
f 630/16/2 623/16/2 631/16/2
f 631/5/2 624/5/2 632/5/2
f 633/16/2 634/16/2 641/16/2
f 634/15/2 635/15/2 642/15/2
f 641/16/2 634/16/2 642/16/2
f 635/14/2 636/14/2 643/14/2
f 642/15/2 635/15/2 643/15/2
f 643/14/2 636/14/2 644/14/2
f 637/14/2 638/14/2 645/14/2
f 638/15/2 639/15/2 646/15/2
f 645/14/2 638/14/2 646/14/2
f 639/16/2 640/16/2 647/16/2
f 646/15/2 639/15/2 647/15/2
f 647/16/2 640/16/2 648/16/2
f 649/15/2 650/15/2 651/15/2
f 651/15/2 650/15/2 652/15/2
f 653/14/2 654/14/2 655/14/2
f 655/14/2 654/14/2 656/14/2
f 657/8/2 658/8/2 659/8/2
f 659/8/2 658/8/2 660/8/2
f 661/12/2 662/12/2 663/12/2
f 663/12/2 662/12/2 664/12/2
f 663/8/2 664/8/2 665/8/2
f 665/8/2 664/8/2 666/8/2
f 667/8/2 668/8/2 669/8/2
f 669/8/2 668/8/2 670/8/2
f 667/8/2 669/8/2 671/8/2
f 671/8/2 669/8/2 672/8/2
f 670/8/2 668/8/2 673/8/2
f 673/8/2 668/8/2 674/8/2
f 675/8/2 676/8/2 677/8/2
f 677/8/2 676/8/2 678/8/2
f 679/14/2 680/14/2 681/14/2
f 681/14/2 680/14/2 682/14/2
f 683/14/2 684/14/2 687/14/2
f 687/14/2 684/14/2 688/14/2
f 685/14/2 686/14/2 689/14/2
f 689/14/2 686/14/2 690/14/2
f 691/8/2 692/8/2 695/8/2
f 695/8/2 692/8/2 696/8/2
f 693/8/2 694/8/2 697/8/2
f 697/8/2 694/8/2 698/8/2
f 699/13/2 700/13/2 701/13/2
f 701/13/2 700/13/2 702/13/2
f 703/12/2 704/12/2 707/12/2
f 707/12/2 704/12/2 708/12/2
f 708/12/2 704/12/2 709/12/2
f 705/12/2 706/12/2 710/12/2
f 710/12/2 706/12/2 711/12/2
f 711/12/2 706/12/2 712/12/2
f 707/8/2 708/8/2 716/8/2
f 716/8/2 708/8/2 717/8/2
f 709/12/2 704/12/2 718/12/2
f 705/12/2 710/12/2 719/12/2
f 711/8/2 712/8/2 720/8/2
f 720/8/2 712/8/2 721/8/2
f 713/8/2 714/8/2 727/8/2
f 727/8/2 714/8/2 728/8/2
f 715/8/2 716/8/2 729/8/2
f 729/8/2 716/8/2 730/8/2
f 716/12/2 717/12/2 731/12/2
f 730/8/2 716/8/2 731/8/2
f 717/12/2 718/12/2 731/12/2
f 731/12/2 718/12/2 732/12/2
f 718/12/2 704/12/2 733/12/2
f 732/12/2 718/12/2 733/12/2
f 733/12/2 704/12/2 734/12/2
f 720/12/2 721/12/2 735/12/2
f 705/12/2 719/12/2 735/12/2
f 719/12/2 720/12/2 735/12/2
f 735/12/2 721/12/2 736/12/2
f 736/12/2 721/12/2 737/12/2
f 721/8/2 722/8/2 738/8/2
f 737/12/2 721/12/2 738/12/2
f 738/8/2 722/8/2 739/8/2
f 739/8/2 722/8/2 740/8/2
f 723/8/2 724/8/2 741/8/2
f 741/8/2 724/8/2 742/8/2
f 725/14/2 726/14/2 745/14/2
f 745/14/2 726/14/2 746/14/2
f 743/14/2 744/14/2 747/14/2
f 747/14/2 744/14/2 748/14/2
f 751/8/2 752/8/2 757/8/2
f 757/8/2 752/8/2 758/8/2
f 753/8/2 754/8/2 759/8/2
f 759/8/2 754/8/2 760/8/2
f 749/8/2 750/8/2 763/8/2
f 763/8/2 750/8/2 764/8/2
f 755/8/2 756/8/2 765/8/2
f 765/8/2 756/8/2 766/8/2
f 761/14/2 762/14/2 769/14/2
f 769/14/2 762/14/2 770/14/2
f 767/14/2 768/14/2 771/14/2
f 771/14/2 768/14/2 772/14/2
f 773/14/2 774/14/2 775/14/2
f 775/14/2 774/14/2 776/14/2
f 777/14/2 778/14/2 781/14/2
f 781/14/2 778/14/2 782/14/2
f 779/14/2 780/14/2 783/14/2
f 783/14/2 780/14/2 784/14/2
f 785/14/2 786/14/2 797/14/2
f 786/4/2 787/4/2 798/4/2
f 797/14/2 786/14/2 798/14/2
f 787/14/2 788/14/2 799/14/2
f 798/4/2 787/4/2 799/4/2
f 788/4/2 789/4/2 800/4/2
f 799/14/2 788/14/2 800/14/2
f 789/14/2 790/14/2 801/14/2
f 800/4/2 789/4/2 801/4/2
f 801/14/2 790/14/2 802/14/2
f 791/14/2 792/14/2 803/14/2
f 792/4/2 793/4/2 804/4/2
f 803/14/2 792/14/2 804/14/2
f 793/14/2 794/14/2 805/14/2
f 804/4/2 793/4/2 805/4/2
f 794/4/2 795/4/2 806/4/2
f 805/14/2 794/14/2 806/14/2
f 795/14/2 796/14/2 807/14/2
f 806/4/2 795/4/2 807/4/2
f 807/14/2 796/14/2 808/14/2
f 809/15/2 810/15/2 813/15/2
f 813/15/2 810/15/2 814/15/2
f 811/15/2 812/15/2 815/15/2
f 815/15/2 812/15/2 816/15/2
f 817/7/2 818/7/2 821/7/2
f 821/7/2 818/7/2 822/7/2
f 819/7/2 820/7/2 823/7/2
f 823/7/2 820/7/2 824/7/2
f 825/14/2 826/14/2 829/14/2
f 829/14/2 826/14/2 830/14/2
f 827/14/2 828/14/2 831/14/2
f 831/14/2 828/14/2 832/14/2
f 833/14/2 834/14/2 837/14/2
f 837/14/2 834/14/2 838/14/2
f 835/14/2 836/14/2 839/14/2
f 839/14/2 836/14/2 840/14/2
f 841/13/2 842/13/2 845/13/2
f 845/13/2 842/13/2 846/13/2
f 843/13/2 844/13/2 847/13/2
f 847/13/2 844/13/2 848/13/2
f 849/14/2 850/14/2 852/14/2
f 852/14/2 850/14/2 853/14/2
f 851/14/2 852/14/2 857/14/2
f 857/14/2 852/14/2 858/14/2
f 854/14/2 855/14/2 859/14/2
f 859/14/2 855/14/2 860/14/2
f 856/14/2 857/14/2 862/14/2
f 862/14/2 857/14/2 863/14/2
f 860/14/2 861/14/2 864/14/2
f 864/14/2 861/14/2 865/14/2
f 866/16/2 867/16/2 870/16/2
f 870/16/2 867/16/2 871/16/2
f 868/15/2 869/15/2 872/15/2
f 872/15/2 869/15/2 873/15/2
f 874/13/2 875/13/2 878/13/2
f 878/13/2 875/13/2 879/13/2
f 876/13/2 877/13/2 880/13/2
f 880/13/2 877/13/2 881/13/2
f 879/13/2 880/13/2 882/13/2
f 882/13/2 880/13/2 883/13/2
f 884/14/2 885/14/2 890/14/2
f 890/14/2 885/14/2 891/14/2
f 886/14/2 887/14/2 892/14/2
f 887/13/2 888/13/2 893/13/2
f 892/14/2 887/14/2 893/14/2
f 893/13/2 888/13/2 894/13/2
f 889/15/2 890/15/2 895/15/2
f 895/15/2 890/15/2 896/15/2
f 897/16/2 898/16/2 901/16/2
f 901/16/2 898/16/2 902/16/2
f 899/15/2 900/15/2 903/15/2
f 903/15/2 900/15/2 904/15/2
f 905/15/2 906/15/2 908/15/2
f 908/15/2 906/15/2 909/15/2
f 907/15/2 908/15/2 911/15/2
f 911/15/2 908/15/2 912/15/2
f 910/14/2 911/14/2 913/14/2
f 913/14/2 911/14/2 914/14/2
f 915/13/2 916/13/2 917/13/2
f 917/13/2 916/13/2 918/13/2
f 918/13/2 919/13/2 920/13/2
f 920/13/2 919/13/2 921/13/2
f 921/13/2 922/13/2 923/13/2
f 923/13/2 922/13/2 924/13/2
f 925/13/2 926/13/2 927/13/2
f 927/13/2 926/13/2 928/13/2
f 927/13/2 928/13/2 929/13/2
f 929/13/2 928/13/2 930/13/2
f 931/13/2 932/13/2 933/13/2
f 933/13/2 932/13/2 934/13/2
f 934/13/2 935/13/2 936/13/2
f 936/13/2 935/13/2 937/13/2
f 938/14/2 939/14/2 941/14/2
f 941/14/2 939/14/2 942/14/2
f 942/14/2 939/14/2 943/14/2
f 943/14/2 939/14/2 944/14/2
f 940/14/2 941/14/2 947/14/2
f 941/14/2 942/14/2 947/14/2
f 947/14/2 942/14/2 948/14/2
f 943/14/2 944/14/2 949/14/2
f 944/14/2 945/14/2 949/14/2
f 949/14/2 945/14/2 950/14/2
f 946/14/2 947/14/2 952/14/2
f 952/14/2 947/14/2 953/14/2
f 950/14/2 951/14/2 956/14/2
f 956/14/2 951/14/2 957/14/2
f 957/14/2 951/14/2 958/14/2
f 953/15/2 954/15/2 960/15/2
f 952/15/2 953/15/2 960/15/2
f 960/15/2 954/15/2 961/15/2
f 955/15/2 956/15/2 962/15/2
f 956/15/2 957/15/2 962/15/2
f 962/15/2 957/15/2 963/15/2
f 958/13/2 959/13/2 964/13/2
f 957/14/2 958/14/2 964/14/2
f 964/13/2 959/13/2 965/13/2
f 946/14/2 952/14/2 966/14/2
f 952/15/2 960/15/2 967/15/2
f 966/14/2 952/14/2 967/14/2
f 967/15/2 960/15/2 968/15/2
f 963/15/2 957/15/2 971/15/2
f 957/14/2 964/14/2 972/14/2
f 971/15/2 957/15/2 972/15/2
f 972/14/2 964/14/2 973/14/2
f 967/14/2 968/14/2 974/14/2
f 968/15/2 969/15/2 975/15/2
f 974/14/2 968/14/2 975/14/2
f 975/15/2 969/15/2 976/15/2
f 970/15/2 971/15/2 979/15/2
f 971/14/2 972/14/2 980/14/2
f 979/15/2 971/15/2 980/15/2
f 980/14/2 972/14/2 981/14/2
f 974/13/2 975/13/2 982/13/2
f 975/14/2 976/14/2 983/14/2
f 982/13/2 975/13/2 983/13/2
f 976/15/2 977/15/2 984/15/2
f 983/14/2 976/14/2 984/14/2
f 984/15/2 977/15/2 985/15/2
f 978/15/2 979/15/2 986/15/2
f 979/14/2 980/14/2 987/14/2
f 986/15/2 979/15/2 987/15/2
f 987/14/2 980/14/2 988/14/2
f 984/14/2 985/14/2 989/14/2
f 986/14/2 987/14/2 989/14/2
f 985/14/2 986/14/2 989/14/2
f 989/14/2 987/14/2 990/14/2
f 991/10/2 992/10/2 994/10/2
f 994/10/2 992/10/2 995/10/2
f 993/10/2 994/10/2 998/10/2
f 998/10/2 994/10/2 999/10/2
f 995/10/2 996/10/2 1000/10/2
f 1000/10/2 996/10/2 1001/10/2
f 997/10/2 998/10/2 1003/10/2
f 1003/10/2 998/10/2 1004/10/2
f 1001/10/2 1002/10/2 1007/10/2
f 1007/10/2 1002/10/2 1008/10/2
f 1004/10/2 1005/10/2 1009/10/2
f 1009/10/2 1005/10/2 1010/10/2
f 1006/10/2 1007/10/2 1011/10/2
f 1011/10/2 1007/10/2 1012/10/2
f 1010/10/2 1011/10/2 1013/10/2
f 1013/10/2 1011/10/2 1014/10/2
f 1015/8/2 1016/8/2 1020/8/2
f 1020/8/2 1016/8/2 1021/8/2
f 1017/8/2 1018/8/2 1022/8/2
f 1022/8/2 1018/8/2 1023/8/2
f 1019/8/2 1020/8/2 1026/8/2
f 1026/8/2 1020/8/2 1027/8/2
f 1023/8/2 1024/8/2 1028/8/2
f 1028/8/2 1024/8/2 1029/8/2
f 1025/8/2 1026/8/2 1031/8/2
f 1031/8/2 1026/8/2 1032/8/2
f 1029/8/2 1030/8/2 1033/8/2
f 1033/8/2 1030/8/2 1034/8/2
f 1035/8/2 1036/8/2 1039/8/2
f 1039/8/2 1036/8/2 1040/8/2
f 1037/8/2 1038/8/2 1041/8/2
f 1041/8/2 1038/8/2 1042/8/2
f 1043/8/2 1044/8/2 1047/8/2
f 1047/8/2 1044/8/2 1048/8/2
f 1045/8/2 1046/8/2 1049/8/2
f 1049/8/2 1046/8/2 1050/8/2
f 1051/8/2 1052/8/2 1054/8/2
f 1054/8/2 1052/8/2 1055/8/2
f 1053/8/2 1054/8/2 1057/8/2
f 1057/8/2 1054/8/2 1058/8/2
f 1055/8/2 1056/8/2 1059/8/2
f 1059/8/2 1056/8/2 1060/8/2
f 1058/8/2 1059/8/2 1061/8/2
f 1061/8/2 1059/8/2 1062/8/2
f 1063/8/2 1064/8/2 1066/8/2
f 1066/8/2 1064/8/2 1067/8/2
f 1065/8/2 1066/8/2 1070/8/2
f 1070/8/2 1066/8/2 1071/8/2
f 1067/8/2 1068/8/2 1072/8/2
f 1072/8/2 1068/8/2 1073/8/2
f 1069/8/2 1070/8/2 1075/8/2
f 1075/8/2 1070/8/2 1076/8/2
f 1073/8/2 1074/8/2 1079/8/2
f 1079/8/2 1074/8/2 1080/8/2
f 1076/8/2 1077/8/2 1081/8/2
f 1081/8/2 1077/8/2 1082/8/2
f 1078/8/2 1079/8/2 1083/8/2
f 1083/8/2 1079/8/2 1084/8/2
f 1082/8/2 1083/8/2 1085/8/2
f 1085/8/2 1083/8/2 1086/8/2
f 1087/11/2 1088/11/2 1091/11/2
f 1091/11/2 1088/11/2 1092/11/2
f 1089/11/2 1090/11/2 1093/11/2
f 1093/11/2 1090/11/2 1094/11/2
f 1095/11/2 1096/11/2 1099/11/2
f 1099/11/2 1096/11/2 1100/11/2
f 1097/11/2 1098/11/2 1101/11/2
f 1101/11/2 1098/11/2 1102/11/2
f 1103/11/2 1104/11/2 1106/11/2
f 1106/11/2 1104/11/2 1107/11/2
f 1105/11/2 1106/11/2 1109/11/2
f 1107/11/2 1108/11/2 1109/11/2
f 1106/11/2 1107/11/2 1109/11/2
f 1109/11/2 1108/11/2 1110/11/2
f 1110/11/2 1108/11/2 1111/11/2
f 1111/11/2 1108/11/2 1112/11/2
f 1110/11/2 1111/11/2 1113/11/2
f 1113/11/2 1111/11/2 1114/11/2
f 1117/16/3 1116/16/3 1115/16/3
f 1118/16/3 1116/16/3 1117/16/3
f 1119/15/3 1118/15/3 1117/15/3
f 1120/15/3 1118/15/3 1119/15/3
f 1121/2/3 1120/2/3 1119/2/3
f 1122/2/3 1120/2/3 1121/2/3
f 1123/15/3 1122/15/3 1121/15/3
f 1124/15/3 1122/15/3 1123/15/3
f 1125/14/3 1124/14/3 1123/14/3
f 1126/14/3 1124/14/3 1125/14/3
f 1129/15/3 1128/15/3 1127/15/3
f 1130/15/3 1128/15/3 1129/15/3
f 1133/14/3 1132/14/3 1131/14/3
f 1134/14/3 1132/14/3 1133/14/3
f 1137/16/3 1136/16/3 1135/16/3
f 1138/16/3 1136/16/3 1137/16/3
f 1141/16/3 1140/16/3 1139/16/3
f 1142/16/3 1140/16/3 1141/16/3
f 1145/14/3 1144/14/3 1143/14/3
f 1146/14/3 1144/14/3 1145/14/3
f 1149/14/3 1148/14/3 1147/14/3
f 1150/14/3 1148/14/3 1149/14/3
f 1153/8/3 1152/8/3 1151/8/3
f 1154/8/3 1152/8/3 1153/8/3
f 1157/8/3 1156/8/3 1155/8/3
f 1158/8/3 1156/8/3 1157/8/3
f 1159/8/3 1157/8/3 1155/8/3
f 1161/8/3 1159/8/3 1155/8/3
f 1161/8/3 1160/8/3 1159/8/3
f 1162/8/3 1160/8/3 1161/8/3
f 1166/12/3 1164/12/3 1163/12/3
f 1167/8/3 1165/8/3 1164/8/3
f 1167/12/3 1164/12/3 1166/12/3
f 1168/8/3 1165/8/3 1167/8/3
f 1171/8/3 1170/8/3 1169/8/3
f 1172/8/3 1170/8/3 1171/8/3
f 1175/14/3 1174/14/3 1173/14/3
f 1176/14/3 1174/14/3 1175/14/3
f 1179/4/3 1178/4/3 1177/4/3
f 1180/4/3 1178/4/3 1179/4/3
f 1181/5/3 1180/5/3 1179/5/3
f 1182/5/3 1180/5/3 1181/5/3
f 1185/14/3 1184/14/3 1183/14/3
f 1186/14/3 1184/14/3 1185/14/3
f 1190/4/3 1188/4/3 1187/4/3
f 1191/5/3 1189/5/3 1188/5/3
f 1191/4/3 1188/4/3 1190/4/3
f 1192/5/3 1189/5/3 1191/5/3
f 1193/6/3 1192/6/3 1191/6/3
f 1194/6/3 1192/6/3 1193/6/3
f 1197/5/3 1196/5/3 1195/5/3
f 1198/5/3 1196/5/3 1197/5/3
f 1201/16/3 1200/16/3 1199/16/3
f 1202/16/3 1200/16/3 1201/16/3
f 1206/15/3 1205/15/3 1204/15/3
f 1207/15/3 1205/15/3 1206/15/3
f 1208/14/3 1204/14/3 1203/14/3
f 1208/15/3 1206/15/3 1204/15/3
f 1209/15/3 1206/15/3 1208/15/3
f 1210/14/3 1207/14/3 1206/14/3
f 1210/15/3 1206/15/3 1209/15/3
f 1211/14/3 1207/14/3 1210/14/3
f 1212/14/3 1209/14/3 1208/14/3
f 1212/14/3 1208/14/3 1203/14/3
f 1213/15/3 1211/15/3 1210/15/3
f 1213/14/3 1209/14/3 1212/14/3
f 1213/15/3 1210/15/3 1209/15/3
f 1215/14/3 1212/14/3 1203/14/3
f 1216/15/3 1213/15/3 1212/15/3
f 1216/14/3 1212/14/3 1215/14/3
f 1217/15/3 1211/15/3 1213/15/3
f 1217/15/3 1213/15/3 1216/15/3
f 1218/14/3 1216/14/3 1215/14/3
f 1218/14/3 1215/14/3 1214/14/3
f 1218/14/3 1217/14/3 1216/14/3
f 1219/14/3 1217/14/3 1218/14/3
f 1220/14/3 1217/14/3 1219/14/3
f 1221/15/3 1211/15/3 1217/15/3
f 1221/14/3 1217/14/3 1220/14/3
f 1222/14/3 1218/14/3 1214/14/3
f 1223/14/3 1220/14/3 1219/14/3
f 1224/15/3 1221/15/3 1220/15/3
f 1224/14/3 1220/14/3 1223/14/3
f 1225/15/3 1211/15/3 1221/15/3
f 1225/15/3 1221/15/3 1224/15/3
f 1226/14/3 1224/14/3 1223/14/3
f 1226/14/3 1225/14/3 1224/14/3
f 1227/15/3 1211/15/3 1225/15/3
f 1227/14/3 1225/14/3 1226/14/3
f 1228/15/3 1227/15/3 1226/15/3
f 1228/15/3 1211/15/3 1227/15/3
f 1230/15/3 1228/15/3 1226/15/3
f 1230/15/3 1229/15/3 1228/15/3
f 1231/15/3 1229/15/3 1230/15/3
f 1232/15/3 1230/15/3 1226/15/3
f 1232/16/3 1231/16/3 1230/16/3
f 1233/16/3 1231/16/3 1232/16/3
f 1234/15/3 1232/15/3 1226/15/3
f 1234/15/3 1233/15/3 1232/15/3
f 1235/15/3 1233/15/3 1234/15/3
f 1236/15/3 1233/15/3 1235/15/3
f 1237/14/3 1222/14/3 1214/14/3
f 1238/14/3 1226/14/3 1223/14/3
f 1239/14/3 1237/14/3 1214/14/3
f 1240/14/3 1237/14/3 1239/14/3
f 1241/14/3 1226/14/3 1238/14/3
f 1242/15/3 1234/15/3 1226/15/3
f 1242/14/3 1226/14/3 1241/14/3
f 1243/16/3 1235/16/3 1234/16/3
f 1243/15/3 1234/15/3 1242/15/3
f 1244/16/3 1235/16/3 1243/16/3
f 1245/15/3 1242/15/3 1241/15/3
f 1245/16/3 1243/16/3 1242/16/3
f 1246/16/3 1243/16/3 1245/16/3
f 1247/14/3 1241/14/3 1240/14/3
f 1247/15/3 1245/15/3 1241/15/3
f 1247/15/3 1246/15/3 1245/15/3
f 1248/15/3 1246/15/3 1247/15/3
f 1249/14/3 1247/14/3 1240/14/3
f 1249/14/3 1248/14/3 1247/14/3
f 1250/15/3 1246/15/3 1248/15/3
f 1250/14/3 1248/14/3 1249/14/3
f 1251/15/3 1246/15/3 1250/15/3
f 1252/15/3 1250/15/3 1249/15/3
f 1253/14/3 1251/14/3 1250/14/3
f 1253/15/3 1250/15/3 1252/15/3
f 1254/14/3 1253/14/3 1252/14/3
f 1255/14/3 1251/14/3 1253/14/3
f 1255/14/3 1253/14/3 1254/14/3
f 1258/8/3 1257/8/3 1256/8/3
f 1259/8/3 1257/8/3 1258/8/3
f 1260/8/3 1257/8/3 1259/8/3
f 1261/8/3 1257/8/3 1260/8/3
f 1263/8/3 1260/8/3 1259/8/3
f 1264/8/3 1260/8/3 1263/8/3
f 1265/8/3 1257/8/3 1261/8/3
f 1266/8/3 1264/8/3 1263/8/3
f 1266/8/3 1265/8/3 1264/8/3
f 1266/8/3 1263/8/3 1262/8/3
f 1267/8/3 1257/8/3 1265/8/3
f 1267/8/3 1265/8/3 1266/8/3
f 1271/14/3 1269/14/3 1268/14/3
f 1271/15/3 1270/15/3 1269/15/3
f 1272/15/3 1270/15/3 1271/15/3
f 1273/14/3 1271/14/3 1268/14/3
f 1273/14/3 1272/14/3 1271/14/3
f 1274/15/3 1270/15/3 1272/15/3
f 1274/14/3 1272/14/3 1273/14/3
f 1275/14/3 1273/14/3 1268/14/3
f 1276/15/3 1274/15/3 1273/15/3
f 1276/14/3 1273/14/3 1275/14/3
f 1277/15/3 1270/15/3 1274/15/3
f 1277/15/3 1274/15/3 1276/15/3
f 1281/15/3 1278/15/3 1277/15/3
f 1282/15/3 1278/15/3 1281/15/3
f 1284/14/3 1280/14/3 1279/14/3
f 1285/14/3 1280/14/3 1284/14/3
f 1286/15/3 1278/15/3 1282/15/3
f 1288/15/3 1286/15/3 1282/15/3
f 1288/15/3 1287/15/3 1286/15/3
f 1289/15/3 1287/15/3 1288/15/3
f 1290/15/3 1288/15/3 1282/15/3
f 1291/14/3 1289/14/3 1288/14/3
f 1291/15/3 1288/15/3 1290/15/3
f 1292/14/3 1289/14/3 1291/14/3
f 1293/14/3 1289/14/3 1292/14/3
f 1295/14/3 1289/14/3 1293/14/3
f 1296/15/3 1295/15/3 1294/15/3
f 1297/14/3 1289/14/3 1295/14/3
f 1297/15/3 1295/15/3 1296/15/3
f 1298/14/3 1289/14/3 1297/14/3
f 1299/14/3 1284/14/3 1283/14/3
f 1300/14/3 1284/14/3 1299/14/3
f 1303/16/3 1297/16/3 1296/16/3
f 1304/16/3 1297/16/3 1303/16/3
f 1305/15/3 1301/15/3 1300/15/3
f 1306/15/3 1301/15/3 1305/15/3
f 1307/15/3 1304/15/3 1303/15/3
f 1307/15/3 1303/15/3 1302/15/3
f 1308/15/3 1304/15/3 1307/15/3
f 1309/15/3 1307/15/3 1302/15/3
f 1310/14/3 1308/14/3 1307/14/3
f 1310/15/3 1307/15/3 1309/15/3
f 1311/14/3 1308/14/3 1310/14/3
f 1312/14/3 1310/14/3 1309/14/3
f 1313/14/3 1310/14/3 1312/14/3
f 1314/13/3 1311/13/3 1310/13/3
f 1314/14/3 1310/14/3 1313/14/3
f 1315/13/3 1311/13/3 1314/13/3
f 1320/10/3 1317/10/3 1316/10/3
f 1321/10/3 1319/10/3 1318/10/3
f 1322/10/3 1320/10/3 1316/10/3
f 1322/10/3 1321/10/3 1320/10/3
f 1323/10/3 1319/10/3 1321/10/3
f 1323/10/3 1321/10/3 1322/10/3
f 1327/9/3 1325/9/3 1324/9/3
f 1328/9/3 1325/9/3 1327/9/3
f 1331/8/3 1327/8/3 1326/8/3
f 1332/8/3 1327/8/3 1331/8/3
f 1337/8/3 1333/8/3 1332/8/3
f 1338/8/3 1333/8/3 1337/8/3
f 1339/8/3 1335/8/3 1334/8/3
f 1340/8/3 1335/8/3 1339/8/3
f 1341/8/3 1337/8/3 1336/8/3
f 1342/8/3 1337/8/3 1341/8/3
f 1343/8/3 1330/8/3 1329/8/3
f 1344/8/3 1330/8/3 1343/8/3
f 1349/15/3 1346/15/3 1345/15/3
f 1350/14/3 1348/14/3 1347/14/3
f 1350/15/3 1349/15/3 1348/15/3
f 1351/15/3 1346/15/3 1349/15/3
f 1351/15/3 1349/15/3 1350/15/3
f 1352/14/3 1350/14/3 1347/14/3
f 1352/14/3 1351/14/3 1350/14/3
f 1353/15/3 1346/15/3 1351/15/3
f 1353/14/3 1351/14/3 1352/14/3
f 1354/15/3 1353/15/3 1352/15/3
f 1354/15/3 1346/15/3 1353/15/3
f 1355/15/3 1346/15/3 1354/15/3
f 1356/14/3 1352/14/3 1347/14/3
f 1356/15/3 1354/15/3 1352/15/3
f 1357/14/3 1355/14/3 1354/14/3
f 1357/15/3 1354/15/3 1356/15/3
f 1358/15/3 1346/15/3 1355/15/3
f 1358/14/3 1355/14/3 1357/14/3
f 1359/14/3 1357/14/3 1356/14/3
f 1359/14/3 1356/14/3 1347/14/3
f 1360/15/3 1358/15/3 1357/15/3
f 1360/14/3 1357/14/3 1359/14/3
f 1362/14/3 1359/14/3 1347/14/3
f 1363/15/3 1360/15/3 1359/15/3
f 1363/14/3 1359/14/3 1362/14/3
f 1364/15/3 1346/15/3 1358/15/3
f 1364/15/3 1360/15/3 1363/15/3
f 1364/15/3 1358/15/3 1360/15/3
f 1366/15/3 1365/15/3 1364/15/3
f 1368/15/3 1366/15/3 1364/15/3
f 1368/15/3 1367/15/3 1366/15/3
f 1369/15/3 1367/15/3 1368/15/3
f 1371/14/3 1362/14/3 1361/14/3
f 1372/14/3 1362/14/3 1371/14/3
f 1373/14/3 1371/14/3 1370/14/3
f 1374/14/3 1371/14/3 1373/14/3
f 1375/15/3 1367/15/3 1369/15/3
f 1376/15/3 1367/15/3 1375/15/3
f 1379/13/3 1378/13/3 1377/13/3
f 1381/13/3 1379/13/3 1377/13/3
f 1381/13/3 1380/13/3 1379/13/3
f 1382/13/3 1380/13/3 1381/13/3
f 1383/13/3 1381/13/3 1377/13/3
f 1383/7/3 1382/7/3 1381/7/3
f 1384/7/3 1382/7/3 1383/7/3
f 1386/13/3 1383/13/3 1377/13/3
f 1386/13/3 1384/13/3 1383/13/3
f 1387/13/3 1384/13/3 1386/13/3
f 1388/13/3 1384/13/3 1387/13/3
f 1391/15/3 1386/15/3 1385/15/3
f 1392/14/3 1387/14/3 1386/14/3
f 1392/15/3 1386/15/3 1391/15/3
f 1393/14/3 1387/14/3 1392/14/3
f 1394/14/3 1390/14/3 1389/14/3
f 1395/14/3 1390/14/3 1394/14/3
f 1397/15/3 1392/15/3 1391/15/3
f 1398/16/3 1393/16/3 1392/16/3
f 1398/15/3 1392/15/3 1397/15/3
f 1399/16/3 1393/16/3 1398/16/3
f 1400/15/3 1398/15/3 1397/15/3
f 1401/15/3 1398/15/3 1400/15/3
f 1402/13/3 1401/13/3 1400/13/3
f 1403/13/3 1401/13/3 1402/13/3
f 1404/14/3 1396/14/3 1395/14/3
f 1405/14/3 1404/14/3 1395/14/3
f 1406/14/3 1404/14/3 1405/14/3
f 1410/1/3 1407/1/3 1406/1/3
f 1411/1/3 1407/1/3 1410/1/3
f 1412/1/3 1409/1/3 1408/1/3
f 1413/1/3 1409/1/3 1412/1/3
f 1416/1/3 1412/1/3 1411/1/3
f 1416/1/3 1413/1/3 1412/1/3
f 1417/1/3 1413/1/3 1416/1/3
f 1420/10/3 1415/10/3 1414/10/3
f 1421/10/3 1415/10/3 1420/10/3
f 1422/10/3 1419/10/3 1418/10/3
f 1423/10/3 1419/10/3 1422/10/3
f 1425/12/3 1422/12/3 1421/12/3
f 1426/12/3 1422/12/3 1425/12/3
f 1427/12/3 1422/12/3 1426/12/3
f 1430/9/3 1425/9/3 1424/9/3
f 1431/9/3 1425/9/3 1430/9/3
f 1432/9/3 1427/9/3 1426/9/3
f 1432/9/3 1428/9/3 1427/9/3
f 1433/9/3 1428/9/3 1432/9/3
f 1435/8/3 1430/8/3 1429/8/3
f 1436/8/3 1430/8/3 1435/8/3
f 1439/8/3 1437/8/3 1436/8/3
f 1440/8/3 1437/8/3 1439/8/3
f 1442/8/3 1439/8/3 1438/8/3
f 1443/8/3 1439/8/3 1442/8/3
f 1444/8/3 1441/8/3 1440/8/3
f 1445/8/3 1441/8/3 1444/8/3
f 1446/8/3 1434/8/3 1433/8/3
f 1447/8/3 1434/8/3 1446/8/3
f 1448/11/3 1445/11/3 1444/11/3
f 1449/11/3 1445/11/3 1448/11/3
f 1450/11/3 1445/11/3 1449/11/3
f 1451/11/3 1445/11/3 1450/11/3
f 1452/11/3 1450/11/3 1449/11/3
f 1453/11/3 1450/11/3 1452/11/3
f 1457/15/3 1455/15/3 1454/15/3
f 1458/16/3 1456/16/3 1455/16/3
f 1458/15/3 1455/15/3 1457/15/3
f 1459/15/3 1457/15/3 1454/15/3
f 1459/14/3 1458/14/3 1457/14/3
f 1460/16/3 1456/16/3 1458/16/3
f 1460/14/3 1458/14/3 1459/14/3
f 1461/15/3 1459/15/3 1454/15/3
f 1461/15/3 1460/15/3 1459/15/3
f 1462/16/3 1456/16/3 1460/16/3
f 1462/15/3 1460/15/3 1461/15/3
f 1465/8/3 1464/8/3 1463/8/3
f 1466/8/3 1464/8/3 1465/8/3
f 1467/16/3 1456/16/3 1462/16/3
f 1468/16/3 1456/16/3 1467/16/3
f 1471/8/3 1470/8/3 1469/8/3
f 1472/8/3 1470/8/3 1471/8/3
f 1473/15/3 1468/15/3 1467/15/3
f 1474/15/3 1468/15/3 1473/15/3
f 1478/15/3 1475/15/3 1474/15/3
f 1479/15/3 1475/15/3 1478/15/3
f 1480/14/3 1477/14/3 1476/14/3
f 1481/14/3 1477/14/3 1480/14/3
f 1484/15/3 1483/15/3 1482/15/3
f 1485/15/3 1483/15/3 1484/15/3
f 1486/14/3 1485/14/3 1484/14/3
f 1487/14/3 1485/14/3 1486/14/3
f 1488/13/3 1487/13/3 1486/13/3
f 1489/13/3 1487/13/3 1488/13/3
f 1491/13/3 1490/13/3 1489/13/3
f 1492/13/3 1490/13/3 1491/13/3
f 1494/13/3 1493/13/3 1492/13/3
f 1495/13/3 1493/13/3 1494/13/3
f 1496/7/3 1495/7/3 1494/7/3
f 1497/7/3 1495/7/3 1496/7/3
f 1500/13/3 1499/13/3 1498/13/3
f 1501/13/3 1499/13/3 1500/13/3
f 1506/14/3 1505/14/3 1504/14/3
f 1507/14/3 1505/14/3 1506/14/3
f 1509/13/3 1507/13/3 1506/13/3
f 1510/13/3 1507/13/3 1509/13/3
f 1511/14/3 1509/14/3 1508/14/3
f 1512/14/3 1509/14/3 1511/14/3
f 1513/15/3 1512/15/3 1511/15/3
f 1514/15/3 1512/15/3 1513/15/3
f 1515/14/3 1503/14/3 1502/14/3
f 1516/14/3 1503/14/3 1515/14/3
f 1521/14/3 1514/14/3 1513/14/3
f 1522/14/3 1514/14/3 1521/14/3
f 1526/1/3 1518/1/3 1517/1/3
f 1527/1/3 1518/1/3 1526/1/3
f 1528/1/3 1520/1/3 1519/1/3
f 1529/1/3 1520/1/3 1528/1/3
f 1532/1/3 1525/1/3 1524/1/3
f 1532/10/3 1524/10/3 1523/10/3
f 1533/1/3 1525/1/3 1532/1/3
f 1534/1/3 1530/1/3 1529/1/3
f 1535/10/3 1531/10/3 1530/10/3
f 1535/1/3 1530/1/3 1534/1/3
f 1536/10/3 1532/10/3 1523/10/3
f 1537/10/3 1532/10/3 1536/10/3
f 1540/10/3 1531/10/3 1535/10/3
f 1541/10/3 1531/10/3 1540/10/3
f 1542/12/3 1538/12/3 1537/12/3
f 1543/12/3 1538/12/3 1542/12/3
f 1544/12/3 1540/12/3 1539/12/3
f 1545/12/3 1540/12/3 1544/12/3
f 1548/8/3 1547/8/3 1546/8/3
f 1549/8/3 1547/8/3 1548/8/3
f 1554/11/3 1551/11/3 1550/11/3
f 1555/11/3 1551/11/3 1554/11/3
f 1556/11/3 1553/11/3 1552/11/3
f 1557/11/3 1553/11/3 1556/11/3
f 1561/14/3 1559/14/3 1558/14/3
f 1562/15/3 1560/15/3 1559/15/3
f 1562/14/3 1559/14/3 1561/14/3
f 1563/14/3 1561/14/3 1558/14/3
f 1564/15/3 1562/15/3 1561/15/3
f 1564/14/3 1561/14/3 1563/14/3
f 1565/15/3 1562/15/3 1564/15/3
f 1566/15/3 1560/15/3 1562/15/3
f 1566/15/3 1562/15/3 1565/15/3
f 1567/15/3 1560/15/3 1566/15/3
f 1568/14/3 1565/14/3 1564/14/3
f 1569/15/3 1566/15/3 1565/15/3
f 1569/14/3 1565/14/3 1568/14/3
f 1570/15/3 1566/15/3 1569/15/3
f 1571/15/3 1566/15/3 1570/15/3
f 1572/14/3 1568/14/3 1564/14/3
f 1572/15/3 1569/15/3 1568/15/3
f 1572/15/3 1570/15/3 1569/15/3
f 1573/15/3 1570/15/3 1572/15/3
f 1575/14/3 1572/14/3 1564/14/3
f 1575/14/3 1573/14/3 1572/14/3
f 1576/14/3 1573/14/3 1575/14/3
f 1577/15/3 1570/15/3 1573/15/3
f 1577/14/3 1573/14/3 1576/14/3
f 1578/15/3 1570/15/3 1577/15/3
f 1579/15/3 1570/15/3 1578/15/3
f 1581/14/3 1576/14/3 1575/14/3
f 1581/14/3 1575/14/3 1574/14/3
f 1582/14/3 1576/14/3 1581/14/3
f 1583/15/3 1577/15/3 1576/15/3
f 1583/14/3 1576/14/3 1582/14/3
f 1584/14/3 1578/14/3 1577/14/3
f 1584/15/3 1577/15/3 1583/15/3
f 1585/14/3 1578/14/3 1584/14/3
f 1586/14/3 1582/14/3 1581/14/3
f 1586/14/3 1581/14/3 1580/14/3
f 1587/15/3 1583/15/3 1582/15/3
f 1587/14/3 1582/14/3 1586/14/3
f 1587/15/3 1584/15/3 1583/15/3
f 1588/15/3 1584/15/3 1587/15/3
f 1589/15/3 1587/15/3 1586/15/3
f 1589/14/3 1588/14/3 1587/14/3
f 1590/15/3 1584/15/3 1588/15/3
f 1590/14/3 1588/14/3 1589/14/3
f 1592/14/3 1586/14/3 1580/14/3
f 1593/15/3 1589/15/3 1586/15/3
f 1593/15/3 1590/15/3 1589/15/3
f 1593/14/3 1586/14/3 1592/14/3
f 1594/15/3 1584/15/3 1590/15/3
f 1594/15/3 1590/15/3 1593/15/3
f 1595/15/3 1584/15/3 1594/15/3
f 1597/14/3 1592/14/3 1591/14/3
f 1598/12/3 1597/12/3 1596/12/3
f 1599/12/3 1597/12/3 1598/12/3
f 1600/12/3 1598/12/3 1596/12/3
f 1601/12/3 1597/12/3 1599/12/3
f 1602/12/3 1600/12/3 1596/12/3
f 1603/8/3 1601/8/3 1600/8/3
f 1603/12/3 1600/12/3 1602/12/3
f 1604/12/3 1597/12/3 1601/12/3
f 1604/8/3 1601/8/3 1603/8/3
f 1605/14/3 1592/14/3 1597/14/3
f 1605/12/3 1597/12/3 1604/12/3
f 1606/15/3 1593/15/3 1592/15/3
f 1606/14/3 1592/14/3 1605/14/3
f 1607/15/3 1593/15/3 1606/15/3
f 1608/8/3 1605/8/3 1604/8/3
f 1609/8/3 1605/8/3 1608/8/3
f 1612/8/3 1611/8/3 1610/8/3
f 1613/8/3 1611/8/3 1612/8/3
f 1614/14/3 1613/14/3 1612/14/3
f 1615/14/3 1613/14/3 1614/14/3
f 1618/15/3 1617/15/3 1616/15/3
f 1619/15/3 1617/15/3 1618/15/3
f 1624/13/3 1623/13/3 1622/13/3
f 1625/13/3 1623/13/3 1624/13/3
f 1627/13/3 1626/13/3 1625/13/3
f 1628/13/3 1626/13/3 1627/13/3
f 1629/14/3 1621/14/3 1620/14/3
f 1630/14/3 1621/14/3 1629/14/3
f 1633/7/3 1632/7/3 1631/7/3
f 1634/7/3 1632/7/3 1633/7/3
f 1636/13/3 1634/13/3 1633/13/3
f 1637/13/3 1634/13/3 1636/13/3
f 1638/13/3 1636/13/3 1635/13/3
f 1640/13/3 1636/13/3 1638/13/3
f 1641/13/3 1636/13/3 1640/13/3
f 1642/13/3 1640/13/3 1639/13/3
f 1643/13/3 1640/13/3 1642/13/3
f 1648/1/3 1645/1/3 1644/1/3
f 1649/1/3 1645/1/3 1648/1/3
f 1650/1/3 1647/1/3 1646/1/3
f 1651/1/3 1647/1/3 1650/1/3
f 1654/8/3 1653/8/3 1652/8/3
f 1655/8/3 1653/8/3 1654/8/3
f 1658/8/3 1657/8/3 1656/8/3
f 1659/8/3 1657/8/3 1658/8/3
f 1662/14/3 1661/14/3 1660/14/3
f 1663/14/3 1661/14/3 1662/14/3
f 1666/14/3 1665/14/3 1664/14/3
f 1667/14/3 1665/14/3 1666/14/3
f 1670/13/3 1669/13/3 1668/13/3
f 1671/13/3 1669/13/3 1670/13/3
f 1674/15/3 1673/15/3 1672/15/3
f 1675/15/3 1673/15/3 1674/15/3
f 1680/10/3 1677/10/3 1676/10/3
f 1681/10/3 1677/10/3 1680/10/3
f 1682/10/3 1679/10/3 1678/10/3
f 1683/10/3 1679/10/3 1682/10/3
f 1688/14/3 1685/14/3 1684/14/3
f 1689/14/3 1685/14/3 1688/14/3
f 1690/7/3 1687/7/3 1686/7/3
f 1691/7/3 1687/7/3 1690/7/3
f 1694/8/3 1693/8/3 1692/8/3
f 1695/8/3 1693/8/3 1694/8/3
f 1700/8/3 1697/8/3 1696/8/3
f 1701/8/3 1697/8/3 1700/8/3
f 1702/8/3 1699/8/3 1698/8/3
f 1703/8/3 1699/8/3 1702/8/3
f 1706/8/3 1705/8/3 1704/8/3
f 1707/8/3 1705/8/3 1706/8/3
f 1710/14/3 1709/14/3 1708/14/3
f 1711/14/3 1709/14/3 1710/14/3
f 1714/15/3 1713/15/3 1712/15/3
f 1715/15/3 1713/15/3 1714/15/3
f 1718/12/3 1717/12/3 1716/12/3
f 1719/12/3 1717/12/3 1718/12/3
f 1722/8/3 1721/8/3 1720/8/3
f 1723/8/3 1721/8/3 1722/8/3
f 1726/8/3 1725/8/3 1724/8/3
f 1727/8/3 1725/8/3 1726/8/3
f 1730/8/3 1729/8/3 1728/8/3
f 1731/8/3 1729/8/3 1730/8/3
f 1732/8/3 1729/8/3 1731/8/3
f 1735/8/3 1734/8/3 1733/8/3
f 1736/8/3 1734/8/3 1735/8/3
f 1737/8/3 1735/8/3 1733/8/3
f 1738/8/3 1735/8/3 1737/8/3
f 1741/8/3 1740/8/3 1739/8/3
f 1743/8/3 1741/8/3 1739/8/3
f 1743/8/3 1742/8/3 1741/8/3
f 1744/8/3 1742/8/3 1743/8/3
f 1745/8/4 1746/8/4 1747/8/4
f 1747/8/4 1746/8/4 1748/8/4
f 1745/8/4 1747/8/4 1749/8/4
f 1749/8/4 1747/8/4 1750/8/4
f 1751/8/4 1752/8/4 1753/8/4
f 1751/8/4 1753/8/4 1755/8/4
f 1753/8/4 1754/8/4 1755/8/4
f 1755/8/4 1754/8/4 1756/8/4
f 1757/8/4 1758/8/4 1759/8/4
f 1759/8/4 1758/8/4 1760/8/4
f 1760/8/4 1758/8/4 1761/8/4
f 1762/8/4 1763/8/4 1764/8/4
f 1764/8/4 1763/8/4 1765/8/4
f 1766/8/4 1767/8/4 1768/8/4
f 1768/8/4 1767/8/4 1769/8/4
f 1770/12/4 1771/12/4 1772/12/4
f 1772/12/4 1771/12/4 1773/12/4
f 1774/15/4 1775/15/4 1776/15/4
f 1776/15/4 1775/15/4 1777/15/4
f 1778/14/4 1779/14/4 1780/14/4
f 1780/14/4 1779/14/4 1781/14/4
f 1782/8/4 1783/8/4 1784/8/4
f 1784/8/4 1783/8/4 1785/8/4
f 1786/8/4 1787/8/4 1790/8/4
f 1790/8/4 1787/8/4 1791/8/4
f 1788/8/4 1789/8/4 1792/8/4
f 1792/8/4 1789/8/4 1793/8/4
f 1794/14/4 1795/14/4 1798/14/4
f 1798/14/4 1795/14/4 1799/14/4
f 1796/7/4 1797/7/4 1800/7/4
f 1800/7/4 1797/7/4 1801/7/4
f 1802/8/4 1803/8/4 1804/8/4
f 1804/8/4 1803/8/4 1805/8/4
f 1806/14/4 1807/14/4 1808/14/4
f 1808/14/4 1807/14/4 1809/14/4
f 1810/14/4 1811/14/4 1812/14/4
f 1812/14/4 1811/14/4 1813/14/4
f 1814/13/4 1815/13/4 1816/13/4
f 1816/13/4 1815/13/4 1817/13/4
f 1818/15/4 1819/15/4 1820/15/4
f 1820/15/4 1819/15/4 1821/15/4
f 1822/10/4 1823/10/4 1826/10/4
f 1826/10/4 1823/10/4 1827/10/4
f 1824/10/4 1825/10/4 1828/10/4
f 1828/10/4 1825/10/4 1829/10/4
f 1830/14/4 1831/14/4 1833/14/4
f 1831/15/4 1832/15/4 1834/15/4
f 1833/14/4 1831/14/4 1834/14/4
f 1830/14/4 1833/14/4 1835/14/4
f 1833/15/4 1834/15/4 1836/15/4
f 1835/14/4 1833/14/4 1836/14/4
f 1836/15/4 1834/15/4 1837/15/4
f 1834/15/4 1832/15/4 1838/15/4
f 1837/15/4 1834/15/4 1838/15/4
f 1838/15/4 1832/15/4 1839/15/4
f 1836/14/4 1837/14/4 1840/14/4
f 1837/15/4 1838/15/4 1841/15/4
f 1840/14/4 1837/14/4 1841/14/4
f 1841/15/4 1838/15/4 1842/15/4
f 1842/15/4 1838/15/4 1843/15/4
f 1836/14/4 1840/14/4 1844/14/4
f 1840/15/4 1841/15/4 1844/15/4
f 1841/15/4 1842/15/4 1844/15/4
f 1844/15/4 1842/15/4 1845/15/4
f 1836/14/4 1844/14/4 1846/14/4
f 1844/14/4 1845/14/4 1846/14/4
f 1845/15/4 1842/15/4 1847/15/4
f 1846/14/4 1845/14/4 1847/14/4
f 1847/15/4 1842/15/4 1848/15/4
f 1848/15/4 1842/15/4 1849/15/4
f 1836/14/4 1846/14/4 1850/14/4
f 1850/14/4 1846/14/4 1851/14/4
f 1847/14/4 1848/14/4 1852/14/4
f 1852/14/4 1848/14/4 1853/14/4
f 1854/12/4 1855/12/4 1856/12/4
f 1856/12/4 1855/12/4 1857/12/4
f 1854/12/4 1856/12/4 1858/12/4
f 1858/12/4 1856/12/4 1859/12/4
f 1857/12/4 1855/12/4 1860/12/4
f 1860/12/4 1855/12/4 1861/12/4
f 1862/14/4 1863/14/4 1867/14/4
f 1867/14/4 1863/14/4 1868/14/4
f 1864/15/4 1865/15/4 1869/15/4
f 1869/15/4 1865/15/4 1870/15/4
f 1867/14/4 1868/14/4 1871/14/4
f 1866/14/4 1867/14/4 1871/14/4
f 1868/15/4 1869/15/4 1872/15/4
f 1871/14/4 1868/14/4 1872/14/4
f 1869/16/4 1870/16/4 1873/16/4
f 1872/15/4 1869/15/4 1873/15/4
f 1871/15/4 1872/15/4 1873/15/4
f 1873/16/4 1870/16/4 1874/16/4
f 1866/14/4 1871/14/4 1876/14/4
f 1871/15/4 1873/15/4 1877/15/4
f 1873/15/4 1874/15/4 1877/15/4
f 1876/14/4 1871/14/4 1877/14/4
f 1877/15/4 1874/15/4 1878/15/4
f 1876/15/4 1877/15/4 1879/15/4
f 1876/15/4 1879/15/4 1880/15/4
f 1881/8/4 1882/8/4 1883/8/4
f 1875/14/4 1876/14/4 1884/14/4
f 1876/15/4 1880/15/4 1885/15/4
f 1884/14/4 1876/14/4 1885/14/4
f 1885/15/4 1880/15/4 1886/15/4
f 1881/8/4 1883/8/4 1887/8/4
f 1887/8/4 1883/8/4 1888/8/4
f 1889/14/4 1890/14/4 1891/14/4
f 1891/14/4 1890/14/4 1892/14/4
f 1893/15/4 1894/15/4 1895/15/4
f 1895/15/4 1894/15/4 1896/15/4
f 1899/13/4 1900/13/4 1901/13/4
f 1901/13/4 1900/13/4 1902/13/4
f 1902/13/4 1903/13/4 1904/13/4
f 1904/13/4 1903/13/4 1905/13/4
f 1897/14/4 1898/14/4 1906/14/4
f 1906/14/4 1898/14/4 1907/14/4
f 1908/7/4 1909/7/4 1910/7/4
f 1910/7/4 1909/7/4 1911/7/4
f 1910/13/4 1911/13/4 1913/13/4
f 1913/13/4 1911/13/4 1914/13/4
f 1912/13/4 1913/13/4 1916/13/4
f 1916/13/4 1913/13/4 1917/13/4
f 1915/13/4 1916/13/4 1917/13/4
f 1917/13/4 1913/13/4 1918/13/4
f 1915/13/4 1917/13/4 1919/13/4
f 1919/13/4 1917/13/4 1920/13/4
f 1921/1/4 1922/1/4 1925/1/4
f 1925/1/4 1922/1/4 1926/1/4
f 1923/1/4 1924/1/4 1927/1/4
f 1927/1/4 1924/1/4 1928/1/4
f 1929/8/4 1930/8/4 1931/8/4
f 1931/8/4 1930/8/4 1932/8/4
f 1933/15/4 1934/15/4 1935/15/4
f 1935/15/4 1934/15/4 1936/15/4
f 1935/14/4 1936/14/4 1937/14/4
f 1936/15/4 1934/15/4 1938/15/4
f 1937/14/4 1936/14/4 1938/14/4
f 1937/15/4 1938/15/4 1939/15/4
f 1938/15/4 1934/15/4 1940/15/4
f 1939/15/4 1938/15/4 1940/15/4
f 1940/15/4 1934/15/4 1941/15/4
f 1941/15/4 1934/15/4 1942/15/4
f 1943/8/4 1944/8/4 1945/8/4
f 1945/8/4 1944/8/4 1946/8/4
f 1947/8/4 1948/8/4 1949/8/4
f 1949/8/4 1948/8/4 1950/8/4
f 1941/16/4 1942/16/4 1951/16/4
f 1951/16/4 1942/16/4 1952/16/4
f 1951/15/4 1952/15/4 1953/15/4
f 1953/15/4 1952/15/4 1954/15/4
f 1954/15/4 1955/15/4 1958/15/4
f 1958/15/4 1955/15/4 1959/15/4
f 1956/14/4 1957/14/4 1960/14/4
f 1960/14/4 1957/14/4 1961/14/4
f 1962/16/4 1963/16/4 1964/16/4
f 1964/16/4 1963/16/4 1965/16/4
f 1964/15/4 1965/15/4 1966/15/4
f 1966/15/4 1965/15/4 1967/15/4
f 1966/14/4 1967/14/4 1968/14/4
f 1968/14/4 1967/14/4 1969/14/4
f 1968/13/4 1969/13/4 1970/13/4
f 1970/13/4 1969/13/4 1971/13/4
f 1971/13/4 1972/13/4 1973/13/4
f 1973/13/4 1972/13/4 1974/13/4
f 1974/13/4 1975/13/4 1976/13/4
f 1976/13/4 1975/13/4 1977/13/4
f 1976/7/4 1977/7/4 1978/7/4
f 1978/7/4 1977/7/4 1979/7/4
f 1980/13/4 1981/13/4 1982/13/4
f 1982/13/4 1981/13/4 1983/13/4
f 1986/14/4 1987/14/4 1989/14/4
f 1989/14/4 1987/14/4 1990/14/4
f 1988/15/4 1989/15/4 1991/15/4
f 1991/15/4 1989/15/4 1992/15/4
f 1992/15/4 1989/15/4 1993/15/4
f 1984/14/4 1985/14/4 1994/14/4
f 1994/14/4 1985/14/4 1995/14/4
f 1992/14/4 1993/14/4 2000/14/4
f 2000/14/4 1993/14/4 2001/14/4
f 1996/1/4 1997/1/4 2005/1/4
f 2005/1/4 1997/1/4 2006/1/4
f 1998/1/4 1999/1/4 2007/1/4
f 2007/1/4 1999/1/4 2008/1/4
f 2003/1/4 2004/1/4 2011/1/4
f 2002/10/4 2003/10/4 2011/10/4
f 2011/1/4 2004/1/4 2012/1/4
f 2008/1/4 2009/1/4 2013/1/4
f 2009/10/4 2010/10/4 2014/10/4
f 2013/1/4 2009/1/4 2014/1/4
f 2002/10/4 2011/10/4 2015/10/4
f 2015/10/4 2011/10/4 2016/10/4
f 2014/10/4 2010/10/4 2019/10/4
f 2019/10/4 2010/10/4 2020/10/4
f 2016/12/4 2017/12/4 2021/12/4
f 2021/12/4 2017/12/4 2022/12/4
f 2018/12/4 2019/12/4 2023/12/4
f 2023/12/4 2019/12/4 2024/12/4
f 2025/8/4 2026/8/4 2027/8/4
f 2027/8/4 2026/8/4 2028/8/4
f 2029/11/4 2030/11/4 2033/11/4
f 2033/11/4 2030/11/4 2034/11/4
f 2031/11/4 2032/11/4 2035/11/4
f 2035/11/4 2032/11/4 2036/11/4
f 2037/15/4 2038/15/4 2041/15/4
f 2039/14/4 2040/14/4 2042/14/4
f 2040/15/4 2041/15/4 2042/15/4
f 2041/15/4 2038/15/4 2043/15/4
f 2042/15/4 2041/15/4 2043/15/4
f 2039/14/4 2042/14/4 2045/14/4
f 2042/14/4 2043/14/4 2045/14/4
f 2045/14/4 2043/14/4 2046/14/4
f 2043/15/4 2038/15/4 2047/15/4
f 2046/14/4 2043/14/4 2047/14/4
f 2044/8/4 2045/8/4 2048/8/4
f 2045/14/4 2046/14/4 2049/14/4
f 2048/8/4 2045/8/4 2049/8/4
f 2049/14/4 2046/14/4 2051/14/4
f 2046/15/4 2047/15/4 2052/15/4
f 2051/14/4 2046/14/4 2052/14/4
f 2047/15/4 2038/15/4 2053/15/4
f 2052/15/4 2047/15/4 2053/15/4
f 2053/15/4 2054/15/4 2055/15/4
f 2053/15/4 2055/15/4 2057/15/4
f 2055/16/4 2056/16/4 2058/16/4
f 2057/15/4 2055/15/4 2058/15/4
f 2058/16/4 2056/16/4 2059/16/4
f 2059/16/4 2056/16/4 2060/16/4
f 2060/16/4 2056/16/4 2061/16/4
f 2050/14/4 2051/14/4 2063/14/4
f 2063/14/4 2051/14/4 2064/14/4
f 2060/15/4 2061/15/4 2065/15/4
f 2062/14/4 2063/14/4 2066/14/4
f 2066/14/4 2063/14/4 2067/14/4
f 2065/15/4 2061/15/4 2068/15/4
f 2068/15/4 2061/15/4 2069/15/4
f 2070/13/4 2071/13/4 2072/13/4
f 2070/13/4 2072/13/4 2074/13/4
f 2072/13/4 2073/13/4 2074/13/4
f 2074/13/4 2073/13/4 2075/13/4
f 2070/13/4 2074/13/4 2076/13/4
f 2074/7/4 2075/7/4 2076/7/4
f 2076/7/4 2075/7/4 2077/7/4
f 2070/13/4 2076/13/4 2079/13/4
f 2076/13/4 2077/13/4 2079/13/4
f 2079/13/4 2077/13/4 2080/13/4
f 2080/13/4 2077/13/4 2081/13/4
f 2078/15/4 2079/15/4 2082/15/4
f 2079/14/4 2080/14/4 2083/14/4
f 2082/15/4 2079/15/4 2083/15/4
f 2083/14/4 2080/14/4 2084/14/4
f 2082/15/4 2083/15/4 2085/15/4
f 2083/15/4 2084/15/4 2085/15/4
f 2085/15/4 2084/15/4 2086/15/4
f 2086/15/4 2084/15/4 2087/15/4
f 2085/15/4 2086/15/4 2089/15/4
f 2089/15/4 2086/15/4 2090/15/4
f 2088/15/4 2089/15/4 2091/15/4
f 2091/15/4 2089/15/4 2092/15/4
f 2091/14/4 2092/14/4 2095/14/4
f 2093/14/4 2094/14/4 2096/14/4
f 2096/14/4 2094/14/4 2097/14/4
f 2095/14/4 2092/14/4 2101/14/4
f 2101/14/4 2092/14/4 2102/14/4
f 2097/1/4 2098/1/4 2103/1/4
f 2103/1/4 2098/1/4 2104/1/4
f 2099/1/4 2100/1/4 2105/1/4
f 2105/1/4 2100/1/4 2106/1/4
f 2104/1/4 2105/1/4 2109/1/4
f 2105/1/4 2106/1/4 2109/1/4
f 2109/1/4 2106/1/4 2110/1/4
f 2107/10/4 2108/10/4 2113/10/4
f 2113/10/4 2108/10/4 2114/10/4
f 2111/10/4 2112/10/4 2115/10/4
f 2115/10/4 2112/10/4 2116/10/4
f 2114/12/4 2115/12/4 2118/12/4
f 2118/12/4 2115/12/4 2119/12/4
f 2119/12/4 2115/12/4 2120/12/4
f 2117/9/4 2118/9/4 2123/9/4
f 2123/9/4 2118/9/4 2124/9/4
f 2119/9/4 2120/9/4 2125/9/4
f 2120/9/4 2121/9/4 2125/9/4
f 2125/9/4 2121/9/4 2126/9/4
f 2122/8/4 2123/8/4 2128/8/4
f 2128/8/4 2123/8/4 2129/8/4
f 2129/8/4 2130/8/4 2132/8/4
f 2132/8/4 2130/8/4 2133/8/4
f 2131/8/4 2132/8/4 2135/8/4
f 2135/8/4 2132/8/4 2136/8/4
f 2133/8/4 2134/8/4 2137/8/4
f 2137/8/4 2134/8/4 2138/8/4
f 2126/8/4 2127/8/4 2139/8/4
f 2139/8/4 2127/8/4 2140/8/4
f 2137/11/4 2138/11/4 2141/11/4
f 2141/11/4 2138/11/4 2142/11/4
f 2142/11/4 2138/11/4 2143/11/4
f 2143/11/4 2138/11/4 2144/11/4
f 2142/11/4 2143/11/4 2145/11/4
f 2145/11/4 2143/11/4 2146/11/4
f 2147/14/4 2148/14/4 2150/14/4
f 2148/15/4 2149/15/4 2150/15/4
f 2150/15/4 2149/15/4 2151/15/4
f 2147/14/4 2150/14/4 2152/14/4
f 2150/14/4 2151/14/4 2152/14/4
f 2151/15/4 2149/15/4 2153/15/4
f 2152/14/4 2151/14/4 2153/14/4
f 2147/14/4 2152/14/4 2154/14/4
f 2152/15/4 2153/15/4 2155/15/4
f 2154/14/4 2152/14/4 2155/14/4
f 2153/15/4 2149/15/4 2156/15/4
f 2155/15/4 2153/15/4 2156/15/4
f 2156/15/4 2157/15/4 2158/15/4
f 2158/15/4 2157/15/4 2159/15/4
f 2158/16/4 2159/16/4 2162/16/4
f 2162/16/4 2159/16/4 2163/16/4
f 2160/14/4 2161/14/4 2165/14/4
f 2165/14/4 2161/14/4 2166/14/4
f 2162/15/4 2163/15/4 2167/15/4
f 2167/15/4 2163/15/4 2168/15/4
f 2167/15/4 2168/15/4 2170/15/4
f 2168/15/4 2169/15/4 2170/15/4
f 2170/15/4 2169/15/4 2171/15/4
f 2171/15/4 2169/15/4 2172/15/4
f 2170/15/4 2171/15/4 2173/15/4
f 2171/14/4 2172/14/4 2174/14/4
f 2173/15/4 2171/15/4 2174/15/4
f 2174/14/4 2172/14/4 2175/14/4
f 2175/14/4 2172/14/4 2176/14/4
f 2176/14/4 2172/14/4 2177/14/4
f 2177/14/4 2172/14/4 2179/14/4
f 2179/14/4 2172/14/4 2180/14/4
f 2178/15/4 2179/15/4 2180/15/4
f 2180/14/4 2172/14/4 2181/14/4
f 2164/14/4 2165/14/4 2182/14/4
f 2182/14/4 2165/14/4 2183/14/4
f 2178/15/4 2180/15/4 2186/15/4
f 2186/15/4 2180/15/4 2187/15/4
f 2183/13/4 2184/13/4 2188/13/4
f 2182/13/4 2183/13/4 2188/13/4
f 2188/13/4 2184/13/4 2189/13/4
f 2186/16/4 2187/16/4 2190/16/4
f 2185/15/4 2186/15/4 2190/15/4
f 2190/16/4 2187/16/4 2191/16/4
f 2185/15/4 2190/15/4 2192/15/4
f 2190/15/4 2191/15/4 2192/15/4
f 2192/15/4 2191/15/4 2193/15/4
f 2189/13/4 2184/13/4 2194/13/4
f 2194/13/4 2184/13/4 2195/13/4
f 2185/15/4 2192/15/4 2196/15/4
f 2196/15/4 2192/15/4 2197/15/4
f 2197/15/4 2192/15/4 2198/15/4
f 2197/14/4 2198/14/4 2199/14/4
f 2199/14/4 2198/14/4 2200/14/4
f 2201/10/4 2202/10/4 2205/10/4
f 2203/10/4 2204/10/4 2206/10/4
f 2201/10/4 2205/10/4 2207/10/4
f 2205/10/4 2206/10/4 2207/10/4
f 2206/10/4 2204/10/4 2208/10/4
f 2207/10/4 2206/10/4 2208/10/4
f 2209/9/4 2210/9/4 2212/9/4
f 2212/9/4 2210/9/4 2213/9/4
f 2211/8/4 2212/8/4 2216/8/4
f 2216/8/4 2212/8/4 2217/8/4
f 2217/8/4 2218/8/4 2222/8/4
f 2222/8/4 2218/8/4 2223/8/4
f 2219/8/4 2220/8/4 2224/8/4
f 2224/8/4 2220/8/4 2225/8/4
f 2221/8/4 2222/8/4 2226/8/4
f 2226/8/4 2222/8/4 2227/8/4
f 2214/8/4 2215/8/4 2228/8/4
f 2228/8/4 2215/8/4 2229/8/4
f 2230/16/4 2231/16/4 2232/16/4
f 2232/16/4 2231/16/4 2233/16/4
f 2234/14/4 2235/14/4 2237/14/4
f 2235/15/4 2236/15/4 2237/15/4
f 2237/15/4 2236/15/4 2238/15/4
f 2234/14/4 2237/14/4 2239/14/4
f 2237/14/4 2238/14/4 2239/14/4
f 2238/15/4 2236/15/4 2240/15/4
f 2239/14/4 2238/14/4 2240/14/4
f 2239/15/4 2240/15/4 2241/15/4
f 2240/15/4 2236/15/4 2241/15/4
f 2241/15/4 2236/15/4 2242/15/4
f 2239/15/4 2241/15/4 2243/15/4
f 2241/14/4 2242/14/4 2243/14/4
f 2242/15/4 2236/15/4 2244/15/4
f 2243/14/4 2242/14/4 2244/14/4
f 2234/14/4 2239/14/4 2245/14/4
f 2239/15/4 2243/15/4 2245/15/4
f 2243/15/4 2244/15/4 2245/15/4
f 2245/15/4 2244/15/4 2246/15/4
f 2234/14/4 2245/14/4 2247/14/4
f 2245/14/4 2246/14/4 2247/14/4
f 2246/15/4 2244/15/4 2248/15/4
f 2247/14/4 2246/14/4 2248/14/4
f 2234/14/4 2247/14/4 2250/14/4
f 2247/15/4 2248/15/4 2251/15/4
f 2250/14/4 2247/14/4 2251/14/4
f 2248/15/4 2244/15/4 2252/15/4
f 2251/15/4 2248/15/4 2252/15/4
f 2250/15/4 2251/15/4 2253/15/4
f 2249/14/4 2250/14/4 2253/14/4
f 2251/14/4 2252/14/4 2254/14/4
f 2253/15/4 2251/15/4 2254/15/4
f 2244/15/4 2236/15/4 2255/15/4
f 2252/15/4 2244/15/4 2255/15/4
f 2255/15/4 2236/15/4 2256/15/4
f 2249/14/4 2253/14/4 2257/14/4
f 2254/14/4 2252/14/4 2258/14/4
f 2255/16/4 2256/16/4 2259/16/4
f 2252/15/4 2255/15/4 2259/15/4
f 2259/16/4 2256/16/4 2260/16/4
f 2259/15/4 2260/15/4 2261/15/4
f 2259/15/4 2261/15/4 2263/15/4
f 2261/16/4 2262/16/4 2263/16/4
f 2263/16/4 2262/16/4 2264/16/4
f 2259/15/4 2263/15/4 2265/15/4
f 2263/15/4 2264/15/4 2265/15/4
f 2265/15/4 2264/15/4 2266/15/4
f 2259/15/4 2265/15/4 2267/15/4
f 2265/16/4 2266/16/4 2267/16/4
f 2267/16/4 2266/16/4 2268/16/4
f 2259/15/4 2267/15/4 2269/15/4
f 2267/15/4 2268/15/4 2269/15/4
f 2269/15/4 2268/15/4 2270/15/4
f 2249/14/4 2257/14/4 2271/14/4
f 2258/14/4 2252/14/4 2272/14/4
f 2249/14/4 2271/14/4 2273/14/4
f 2273/14/4 2271/14/4 2274/14/4
f 2272/14/4 2252/14/4 2275/14/4
f 2252/15/4 2259/15/4 2276/15/4
f 2259/15/4 2269/15/4 2276/15/4
f 2275/14/4 2252/14/4 2276/14/4
f 2276/15/4 2269/15/4 2277/15/4
f 2277/15/4 2269/15/4 2278/15/4
f 2274/14/4 2275/14/4 2279/14/4
f 2276/15/4 2277/15/4 2279/15/4
f 2275/15/4 2276/15/4 2279/15/4
f 2279/15/4 2277/15/4 2280/15/4
f 2274/14/4 2279/14/4 2282/14/4
f 2279/14/4 2280/14/4 2282/14/4
f 2280/15/4 2277/15/4 2283/15/4
f 2282/14/4 2280/14/4 2283/14/4
f 2283/15/4 2277/15/4 2284/15/4
f 2281/13/4 2282/13/4 2285/13/4
f 2285/13/4 2282/13/4 2286/13/4
f 2286/14/4 2287/14/4 2288/14/4
f 2288/14/4 2287/14/4 2289/14/4
f 2283/14/4 2284/14/4 2290/14/4
f 2290/14/4 2284/14/4 2291/14/4
f 2292/13/4 2293/13/4 2295/13/4
f 2295/13/4 2293/13/4 2296/13/4
f 2295/8/4 2296/8/4 2298/8/4
f 2296/8/4 2297/8/4 2298/8/4
f 2294/8/4 2295/8/4 2298/8/4
f 2298/8/4 2297/8/4 2299/8/4
f 2299/8/4 2297/8/4 2300/8/4
f 2300/8/4 2297/8/4 2301/8/4
f 2299/8/4 2300/8/4 2303/8/4
f 2303/8/4 2300/8/4 2304/8/4
f 2301/8/4 2297/8/4 2305/8/4
f 2303/8/4 2304/8/4 2306/8/4
f 2304/8/4 2305/8/4 2306/8/4
f 2302/8/4 2303/8/4 2306/8/4
f 2305/8/4 2297/8/4 2307/8/4
f 2306/8/4 2305/8/4 2307/8/4
f 2308/13/4 2309/13/4 2310/13/4
f 2310/13/4 2309/13/4 2311/13/4
f 2311/13/4 2309/13/4 2312/13/4
f 2312/13/4 2309/13/4 2313/13/4
f 2314/4/4 2315/4/4 2317/4/4
f 2315/5/4 2316/5/4 2318/5/4
f 2317/4/4 2315/4/4 2318/4/4
f 2318/5/4 2316/5/4 2319/5/4
f 2318/6/4 2319/6/4 2320/6/4
f 2320/6/4 2319/6/4 2321/6/4
f 2322/5/4 2323/5/4 2324/5/4
f 2324/5/4 2323/5/4 2325/5/4
f 2326/4/4 2327/4/4 2328/4/4
f 2328/4/4 2327/4/4 2329/4/4
f 2328/5/4 2329/5/4 2330/5/4
f 2330/5/4 2329/5/4 2331/5/4
f 2332/14/4 2333/14/4 2334/14/4
f 2334/14/4 2333/14/4 2335/14/4
f 2336/14/4 2337/14/4 2338/14/4
f 2338/14/4 2337/14/4 2339/14/4
f 2340/8/4 2341/8/4 2342/8/4
f 2342/8/4 2341/8/4 2343/8/4
f 2344/12/4 2345/12/4 2347/12/4
f 2345/8/4 2346/8/4 2348/8/4
f 2347/12/4 2345/12/4 2348/12/4
f 2348/8/4 2346/8/4 2349/8/4
f 2350/8/4 2351/8/4 2352/8/4
f 2352/8/4 2351/8/4 2353/8/4
f 2350/8/4 2352/8/4 2354/8/4
f 2350/8/4 2354/8/4 2356/8/4
f 2354/8/4 2355/8/4 2356/8/4
f 2356/8/4 2355/8/4 2357/8/4
f 2358/8/4 2359/8/4 2360/8/4
f 2360/8/4 2359/8/4 2361/8/4
f 2362/14/4 2363/14/4 2364/14/4
f 2364/14/4 2363/14/4 2365/14/4
f 2366/14/4 2367/14/4 2368/14/4
f 2368/14/4 2367/14/4 2369/14/4
f 2370/16/4 2371/16/4 2372/16/4
f 2372/16/4 2371/16/4 2373/16/4
f 2374/16/4 2375/16/4 2376/16/4
f 2376/16/4 2375/16/4 2377/16/4
f 2378/15/4 2379/15/4 2380/15/4
f 2380/15/4 2379/15/4 2381/15/4
f 2382/14/4 2383/14/4 2384/14/4
f 2384/14/4 2383/14/4 2385/14/4
f 2386/16/4 2387/16/4 2388/16/4
f 2388/16/4 2387/16/4 2389/16/4
f 2388/15/4 2389/15/4 2390/15/4
f 2390/15/4 2389/15/4 2391/15/4
f 2390/2/4 2391/2/4 2392/2/4
f 2392/2/4 2391/2/4 2393/2/4
f 2392/15/4 2393/15/4 2394/15/4
f 2394/15/4 2393/15/4 2395/15/4
f 2394/14/4 2395/14/4 2396/14/4
f 2396/14/4 2395/14/4 2397/14/4
f 2400/12/5 2399/12/5 2398/12/5
f 2401/12/5 2399/12/5 2400/12/5
f 2404/12/5 2403/12/5 2402/12/5
f 2405/12/5 2403/12/5 2404/12/5
f 2408/12/5 2407/12/5 2406/12/5
f 2409/12/5 2407/12/5 2408/12/5
f 2412/8/5 2411/8/5 2410/8/5
f 2413/8/5 2411/8/5 2412/8/5
f 2414/8/5 2411/8/5 2413/8/5
f 2415/8/5 2411/8/5 2414/8/5
f 2416/8/5 2414/8/5 2413/8/5
f 2419/8/5 2416/8/5 2413/8/5
f 2420/8/5 2416/8/5 2419/8/5
f 2421/8/5 2418/8/5 2417/8/5
f 2422/8/5 2418/8/5 2421/8/5
f 2426/14/5 2424/14/5 2423/14/5
f 2427/14/5 2424/14/5 2426/14/5
f 2438/14/5 2426/14/5 2425/14/5
f 2438/14/5 2427/14/5 2426/14/5
f 2438/14/5 2428/14/5 2427/14/5
f 2439/14/5 2428/14/5 2438/14/5
f 2440/14/5 2428/14/5 2439/14/5
f 2441/14/5 2428/14/5 2440/14/5
f 2445/8/5 2430/8/5 2429/8/5
f 2446/8/5 2432/8/5 2431/8/5
f 2447/8/5 2434/8/5 2433/8/5
f 2448/8/5 2434/8/5 2447/8/5
f 2449/14/5 2438/14/5 2437/14/5
f 2449/14/5 2439/14/5 2438/14/5
f 2450/14/5 2439/14/5 2449/14/5
f 2451/14/5 2441/14/5 2440/14/5
f 2451/14/5 2442/14/5 2441/14/5
f 2452/14/5 2442/14/5 2451/14/5
f 2453/10/5 2444/10/5 2443/10/5
f 2454/10/5 2444/10/5 2453/10/5
f 2457/8/5 2436/8/5 2435/8/5
f 2458/8/5 2456/8/5 2455/8/5
f 2458/8/5 2457/8/5 2456/8/5
f 2459/8/5 2436/8/5 2457/8/5
f 2459/8/5 2457/8/5 2458/8/5
f 2460/14/5 2449/14/5 2437/14/5
f 2461/14/5 2451/14/5 2450/14/5
f 2462/14/5 2451/14/5 2461/14/5
f 2463/14/5 2442/14/5 2452/14/5
f 2465/10/5 2444/10/5 2454/10/5
f 2466/14/5 2460/14/5 2437/14/5
f 2466/14/5 2461/14/5 2460/14/5
f 2467/14/5 2461/14/5 2466/14/5
f 2468/14/5 2461/14/5 2467/14/5
f 2469/14/5 2463/14/5 2462/14/5
f 2470/14/5 2442/14/5 2463/14/5
f 2470/14/5 2463/14/5 2469/14/5
f 2471/14/5 2442/14/5 2470/14/5
f 2472/10/5 2465/10/5 2464/10/5
f 2473/10/5 2444/10/5 2465/10/5
f 2473/10/5 2465/10/5 2472/10/5
f 2474/8/5 2446/8/5 2445/8/5
f 2474/8/5 2445/8/5 2429/8/5
f 2475/8/5 2432/8/5 2446/8/5
f 2475/8/5 2446/8/5 2474/8/5
f 2476/8/5 2436/8/5 2459/8/5
f 2477/8/5 2436/8/5 2476/8/5
f 2478/14/5 2470/14/5 2469/14/5
f 2478/14/5 2468/14/5 2467/14/5
f 2478/14/5 2469/14/5 2468/14/5
f 2479/14/5 2470/14/5 2478/14/5
f 2480/14/5 2470/14/5 2479/14/5
f 2481/14/5 2470/14/5 2480/14/5
f 2482/8/5 2474/8/5 2429/8/5
f 2483/8/5 2474/8/5 2482/8/5
f 2484/8/5 2432/8/5 2475/8/5
f 2485/8/5 2432/8/5 2484/8/5
f 2486/14/5 2480/14/5 2479/14/5
f 2487/13/5 2481/13/5 2480/13/5
f 2487/14/5 2480/14/5 2486/14/5
f 2488/13/5 2481/13/5 2487/13/5
f 2493/8/5 2492/8/5 2491/8/5
f 2494/8/5 2492/8/5 2493/8/5
f 2495/8/5 2490/8/5 2489/8/5
f 2497/8/5 2495/8/5 2489/8/5
f 2498/8/5 2495/8/5 2497/8/5
f 2500/8/5 2498/8/5 2497/8/5
f 2500/8/5 2499/8/5 2498/8/5
f 2500/8/5 2497/8/5 2496/8/5
f 2501/8/5 2499/8/5 2500/8/5
f 2504/8/5 2503/8/5 2502/8/5
f 2505/8/5 2503/8/5 2504/8/5
f 2510/8/5 2507/8/5 2506/8/5
f 2511/8/5 2507/8/5 2510/8/5
f 2512/8/5 2509/8/5 2508/8/5
f 2513/8/5 2509/8/5 2512/8/5
f 2517/14/5 2515/14/5 2514/14/5
f 2518/14/5 2515/14/5 2517/14/5
f 2525/14/5 2517/14/5 2516/14/5
f 2526/14/5 2517/14/5 2525/14/5
f 2527/15/5 2519/15/5 2518/15/5
f 2528/15/5 2519/15/5 2527/15/5
f 2533/8/5 2521/8/5 2520/8/5
f 2534/8/5 2521/8/5 2533/8/5
f 2535/8/5 2523/8/5 2522/8/5
f 2536/8/5 2523/8/5 2535/8/5
f 2537/14/5 2525/14/5 2524/14/5
f 2538/14/5 2525/14/5 2537/14/5
f 2541/14/5 2529/14/5 2528/14/5
f 2542/14/5 2529/14/5 2541/14/5
f 2543/10/5 2531/10/5 2530/10/5
f 2544/10/5 2531/10/5 2543/10/5
f 2545/9/5 2533/9/5 2532/9/5
f 2546/8/5 2535/8/5 2534/8/5
f 2547/8/5 2535/8/5 2546/8/5
f 2552/14/5 2537/14/5 2524/14/5
f 2554/14/5 2540/14/5 2539/14/5
f 2555/14/5 2540/14/5 2554/14/5
f 2560/8/5 2549/8/5 2548/8/5
f 2561/8/5 2549/8/5 2560/8/5
f 2564/14/5 2552/14/5 2551/14/5
f 2564/8/5 2551/8/5 2550/8/5
f 2565/14/5 2537/14/5 2552/14/5
f 2565/14/5 2552/14/5 2564/14/5
f 2566/14/5 2554/14/5 2553/14/5
f 2567/14/5 2554/14/5 2566/14/5
f 2568/14/5 2556/14/5 2555/14/5
f 2569/14/5 2556/14/5 2568/14/5
f 2570/1/5 2559/1/5 2558/1/5
f 2570/1/5 2558/1/5 2557/1/5
f 2571/1/5 2559/1/5 2570/1/5
f 2572/1/5 2559/1/5 2571/1/5
f 2573/8/5 2563/8/5 2562/8/5
f 2574/8/5 2563/8/5 2573/8/5
f 2575/8/5 2564/8/5 2550/8/5
f 2576/8/5 2564/8/5 2575/8/5
f 2577/14/5 2537/14/5 2565/14/5
f 2579/14/5 2568/14/5 2567/14/5
f 2580/14/5 2568/14/5 2579/14/5
f 2584/12/5 2545/12/5 2544/12/5
f 2585/9/5 2533/9/5 2545/9/5
f 2585/12/5 2545/12/5 2584/12/5
f 2588/14/5 2578/14/5 2577/14/5
f 2588/14/5 2577/14/5 2565/14/5
f 2589/14/5 2578/14/5 2588/14/5
f 2591/14/5 2582/14/5 2581/14/5
f 2592/14/5 2582/14/5 2591/14/5
f 2593/14/5 2582/14/5 2592/14/5
f 2594/10/5 2584/10/5 2583/10/5
f 2595/10/5 2584/10/5 2594/10/5
f 2596/9/5 2533/9/5 2585/9/5
f 2597/9/5 2533/9/5 2596/9/5
f 2598/8/5 2587/8/5 2586/8/5
f 2599/8/5 2587/8/5 2598/8/5
f 2601/14/5 2590/14/5 2589/14/5
f 2602/14/5 2590/14/5 2601/14/5
f 2604/13/5 2592/13/5 2591/13/5
f 2605/13/5 2592/13/5 2604/13/5
f 2606/8/5 2598/8/5 2597/8/5
f 2607/8/5 2598/8/5 2606/8/5
f 2608/8/5 2600/8/5 2599/8/5
f 2609/8/5 2600/8/5 2608/8/5
f 2610/14/5 2603/14/5 2602/14/5
f 2611/14/5 2603/14/5 2610/14/5
f 2612/13/5 2592/13/5 2605/13/5
f 2613/13/5 2592/13/5 2612/13/5
f 2618/8/5 2615/8/5 2614/8/5
f 2619/8/5 2615/8/5 2618/8/5
f 2620/8/5 2617/8/5 2616/8/5
f 2621/8/5 2617/8/5 2620/8/5
f 2624/8/5 2623/8/5 2622/8/5
f 2625/8/5 2623/8/5 2624/8/5
f 2633/16/5 2627/16/5 2626/16/5
f 2634/15/5 2628/15/5 2627/15/5
f 2634/16/5 2627/16/5 2633/16/5
f 2635/2/5 2629/2/5 2628/2/5
f 2635/15/5 2628/15/5 2634/15/5
f 2636/15/5 2630/15/5 2629/15/5
f 2636/2/5 2629/2/5 2635/2/5
f 2637/14/5 2631/14/5 2630/14/5
f 2637/15/5 2630/15/5 2636/15/5
f 2638/14/5 2631/14/5 2637/14/5
f 2641/15/5 2636/15/5 2635/15/5
f 2641/15/5 2633/15/5 2632/15/5
f 2641/15/5 2638/15/5 2637/15/5
f 2641/15/5 2637/15/5 2636/15/5
f 2641/15/5 2634/15/5 2633/15/5
f 2641/15/5 2635/15/5 2634/15/5
f 2643/16/5 2641/16/5 2640/16/5
f 2644/15/5 2638/15/5 2641/15/5
f 2644/16/5 2641/16/5 2643/16/5
f 2645/16/5 2643/16/5 2642/16/5
f 2646/15/5 2644/15/5 2643/15/5
f 2646/16/5 2643/16/5 2645/16/5
f 2647/14/5 2639/14/5 2638/14/5
f 2647/15/5 2644/15/5 2646/15/5
f 2647/15/5 2646/15/5 2645/15/5
f 2647/15/5 2638/15/5 2644/15/5
f 2648/14/5 2639/14/5 2647/14/5
f 2650/15/5 2648/15/5 2647/15/5
f 2650/14/5 2649/14/5 2648/14/5
f 2651/14/5 2649/14/5 2650/14/5
f 2653/15/5 2647/15/5 2645/15/5
f 2653/15/5 2650/15/5 2647/15/5
f 2653/15/5 2651/15/5 2650/15/5
f 2654/15/5 2651/15/5 2653/15/5
f 2655/16/5 2654/16/5 2653/16/5
f 2656/15/5 2651/15/5 2654/15/5
f 2656/16/5 2654/16/5 2655/16/5
f 2657/15/5 2651/15/5 2656/15/5
f 2658/14/5 2652/14/5 2651/14/5
f 2658/15/5 2651/15/5 2657/15/5
f 2659/14/5 2652/14/5 2658/14/5
f 2660/5/5 2657/5/5 2656/5/5
f 2660/4/5 2658/4/5 2657/4/5
f 2660/4/5 2659/4/5 2658/4/5
f 2661/4/5 2659/4/5 2660/4/5
f 2662/6/5 2656/6/5 2655/6/5
f 2663/5/5 2660/5/5 2656/5/5
f 2663/6/5 2656/6/5 2662/6/5
f 2663/5/5 2661/5/5 2660/5/5
f 2664/4/5 2659/4/5 2661/4/5
f 2664/5/5 2661/5/5 2663/5/5
f 2665/4/5 2659/4/5 2664/4/5
f 2666/15/5 2663/15/5 2662/15/5
f 2666/15/5 2664/15/5 2663/15/5
f 2667/15/5 2664/15/5 2666/15/5
f 2668/15/5 2664/15/5 2667/15/5
f 2669/15/5 2664/15/5 2668/15/5
f 2670/16/5 2667/16/5 2666/16/5
f 2671/15/5 2668/15/5 2667/15/5
f 2671/16/5 2667/16/5 2670/16/5
f 2672/15/5 2668/15/5 2671/15/5
f 2673/15/5 2668/15/5 2672/15/5
f 2674/15/5 2664/15/5 2669/15/5
f 2675/15/5 2664/15/5 2674/15/5
f 2676/14/5 2665/14/5 2664/14/5
f 2676/15/5 2664/15/5 2675/15/5
f 2677/14/5 2665/14/5 2676/14/5
f 2678/6/5 2671/6/5 2670/6/5
f 2679/5/5 2672/5/5 2671/5/5
f 2679/6/5 2671/6/5 2678/6/5
f 2680/5/5 2672/5/5 2679/5/5
f 2681/5/5 2672/5/5 2680/5/5
f 2684/5/5 2676/5/5 2675/5/5
f 2685/6/5 2678/6/5 2670/6/5
f 2686/5/5 2679/5/5 2678/5/5
f 2686/6/5 2678/6/5 2685/6/5
f 2686/5/5 2680/5/5 2679/5/5
f 2687/6/5 2681/6/5 2680/6/5
f 2687/5/5 2680/5/5 2686/5/5
f 2688/5/5 2682/5/5 2681/5/5
f 2688/6/5 2681/6/5 2687/6/5
f 2689/5/5 2682/5/5 2688/5/5
f 2690/5/5 2684/5/5 2683/5/5
f 2691/4/5 2677/4/5 2676/4/5
f 2691/5/5 2684/5/5 2690/5/5
f 2691/5/5 2676/5/5 2684/5/5
f 2692/4/5 2677/4/5 2691/4/5
f 2693/15/5 2687/15/5 2686/15/5
f 2693/15/5 2689/15/5 2688/15/5
f 2693/15/5 2688/15/5 2687/15/5
f 2695/15/5 2691/15/5 2690/15/5
f 2696/15/5 2691/15/5 2695/15/5
f 2697/15/5 2691/15/5 2696/15/5
f 2698/14/5 2697/14/5 2696/14/5
f 2699/15/5 2691/15/5 2697/15/5
f 2699/14/5 2697/14/5 2698/14/5
f 2700/15/5 2694/15/5 2693/15/5
f 2701/15/5 2699/15/5 2698/15/5
f 2702/14/5 2692/14/5 2691/14/5
f 2704/14/5 2702/14/5 2691/14/5
f 2704/14/5 2703/14/5 2702/14/5
f 2704/15/5 2699/15/5 2701/15/5
f 2704/15/5 2701/15/5 2700/15/5
f 2704/15/5 2691/15/5 2699/15/5
f 2705/14/5 2703/14/5 2704/14/5
f 2706/15/5 2705/15/5 2704/15/5
f 2706/14/5 2703/14/5 2705/14/5
f 2707/14/5 2703/14/5 2706/14/5
f 2709/15/5 2700/15/5 2693/15/5
f 2709/15/5 2693/15/5 2686/15/5
f 2709/15/5 2707/15/5 2706/15/5
f 2709/15/5 2706/15/5 2704/15/5
f 2709/15/5 2704/15/5 2700/15/5
f 2709/16/5 2686/16/5 2685/16/5
f 2710/15/5 2707/15/5 2709/15/5
f 2713/16/5 2709/16/5 2685/16/5
f 2713/16/5 2710/16/5 2709/16/5
f 2714/15/5 2707/15/5 2710/15/5
f 2714/16/5 2710/16/5 2713/16/5
f 2715/14/5 2708/14/5 2707/14/5
f 2715/15/5 2707/15/5 2714/15/5
f 2716/14/5 2708/14/5 2715/14/5
f 2725/14/5 2712/14/5 2711/14/5
f 2726/14/5 2712/14/5 2725/14/5
f 2727/14/5 2712/14/5 2726/14/5
f 2728/14/5 2717/14/5 2716/14/5
f 2729/14/5 2717/14/5 2728/14/5
f 2730/15/5 2718/15/5 2717/15/5
f 2730/14/5 2717/14/5 2729/14/5
f 2734/8/5 2721/8/5 2720/8/5
f 2735/8/5 2721/8/5 2734/8/5
f 2736/8/5 2723/8/5 2722/8/5
f 2737/8/5 2723/8/5 2736/8/5
f 2739/14/5 2725/14/5 2724/14/5
f 2739/14/5 2726/14/5 2725/14/5
f 2740/14/5 2726/14/5 2739/14/5
f 2741/15/5 2730/15/5 2729/15/5
f 2742/14/5 2719/14/5 2718/14/5
f 2742/15/5 2730/15/5 2741/15/5
f 2742/15/5 2718/15/5 2730/15/5
f 2743/14/5 2719/14/5 2742/14/5
f 2744/10/5 2732/10/5 2731/10/5
f 2745/10/5 2732/10/5 2744/10/5
f 2746/10/5 2732/10/5 2745/10/5
f 2747/9/5 2734/9/5 2733/9/5
f 2748/9/5 2734/9/5 2747/9/5
f 2749/8/5 2736/8/5 2735/8/5
f 2750/8/5 2736/8/5 2749/8/5
f 2753/14/5 2739/14/5 2738/14/5
f 2754/14/5 2739/14/5 2753/14/5
f 2755/1/5 2745/1/5 2744/1/5
f 2755/1/5 2744/1/5 2743/1/5
f 2756/1/5 2745/1/5 2755/1/5
f 2757/12/5 2747/12/5 2746/12/5
f 2758/12/5 2747/12/5 2757/12/5
f 2759/11/5 2752/11/5 2751/11/5
f 2763/14/5 2753/14/5 2738/14/5
f 2764/14/5 2753/14/5 2763/14/5
f 2765/14/5 2739/14/5 2754/14/5
f 2766/14/5 2739/14/5 2765/14/5
f 2767/14/5 2739/14/5 2766/14/5
f 2768/1/5 2755/1/5 2743/1/5
f 2769/1/5 2755/1/5 2768/1/5
f 2770/14/5 2762/14/5 2761/14/5
f 2772/14/5 2770/14/5 2761/14/5
f 2772/14/5 2771/14/5 2770/14/5
f 2773/14/5 2771/14/5 2772/14/5
f 2781/14/5 2775/14/5 2774/14/5
f 2782/1/5 2777/1/5 2776/1/5
f 2786/11/5 2760/11/5 2759/11/5
f 2786/11/5 2759/11/5 2751/11/5
f 2787/11/5 2760/11/5 2786/11/5
f 2788/14/5 2779/14/5 2778/14/5
f 2789/14/5 2779/14/5 2788/14/5
f 2790/14/5 2781/14/5 2780/14/5
f 2791/14/5 2775/14/5 2781/14/5
f 2791/14/5 2781/14/5 2790/14/5
f 2794/1/5 2783/1/5 2782/1/5
f 2794/1/5 2782/1/5 2776/1/5
f 2795/1/5 2783/1/5 2794/1/5
f 2796/1/5 2783/1/5 2795/1/5
f 2797/12/5 2785/12/5 2784/12/5
f 2798/12/5 2785/12/5 2797/12/5
f 2801/8/5 2751/8/5 2750/8/5
f 2802/11/5 2786/11/5 2751/11/5
f 2802/8/5 2751/8/5 2801/8/5
f 2803/11/5 2786/11/5 2802/11/5
f 2804/14/5 2792/14/5 2791/14/5
f 2805/14/5 2792/14/5 2804/14/5
f 2806/14/5 2792/14/5 2805/14/5
f 2810/10/5 2796/10/5 2795/10/5
f 2810/10/5 2797/10/5 2796/10/5
f 2811/10/5 2797/10/5 2810/10/5
f 2812/9/5 2799/9/5 2798/9/5
f 2813/9/5 2799/9/5 2812/9/5
f 2814/8/5 2801/8/5 2800/8/5
f 2815/8/5 2801/8/5 2814/8/5
f 2817/14/5 2807/14/5 2806/14/5
f 2817/14/5 2806/14/5 2805/14/5
f 2818/14/5 2807/14/5 2817/14/5
f 2822/14/5 2809/14/5 2808/14/5
f 2823/14/5 2809/14/5 2822/14/5
f 2824/14/5 2794/14/5 2793/14/5
f 2825/14/5 2794/14/5 2824/14/5
f 2826/8/5 2814/8/5 2813/8/5
f 2827/8/5 2814/8/5 2826/8/5
f 2828/8/5 2816/8/5 2815/8/5
f 2829/8/5 2816/8/5 2828/8/5
f 2830/16/5 2820/16/5 2819/16/5
f 2831/15/5 2821/15/5 2820/15/5
f 2831/16/5 2820/16/5 2830/16/5
f 2832/13/5 2824/13/5 2823/13/5
f 2833/13/5 2824/13/5 2832/13/5
f 2834/15/5 2821/15/5 2831/15/5
f 2834/15/5 2831/15/5 2830/15/5
f 2835/14/5 2822/14/5 2821/14/5
f 2835/15/5 2821/15/5 2834/15/5
f 2836/14/5 2822/14/5 2835/14/5
f 2837/15/5 2834/15/5 2830/15/5
f 2838/14/5 2835/14/5 2834/14/5
f 2838/15/5 2834/15/5 2837/15/5
f 2839/15/5 2837/15/5 2830/15/5
f 2840/15/5 2837/15/5 2839/15/5
f 2841/14/5 2835/14/5 2838/14/5
f 2841/14/5 2838/14/5 2837/14/5
f 2842/14/5 2835/14/5 2841/14/5
f 2843/15/5 2837/15/5 2840/15/5
f 2844/15/5 2837/15/5 2843/15/5
f 2845/14/5 2844/14/5 2843/14/5
f 2846/15/5 2837/15/5 2844/15/5
f 2846/14/5 2844/14/5 2845/14/5
f 2847/15/5 2839/15/5 2830/15/5
f 2848/15/5 2839/15/5 2847/15/5
f 2849/15/5 2846/15/5 2845/15/5
f 2850/16/5 2830/16/5 2819/16/5
f 2851/15/5 2847/15/5 2830/15/5
f 2851/16/5 2830/16/5 2850/16/5
f 2852/15/5 2847/15/5 2851/15/5
f 2853/15/5 2847/15/5 2852/15/5
f 2854/15/5 2847/15/5 2853/15/5
f 2855/15/5 2846/15/5 2849/15/5
f 2856/14/5 2841/14/5 2837/14/5
f 2856/15/5 2846/15/5 2855/15/5
f 2856/15/5 2837/15/5 2846/15/5
f 2857/14/5 2841/14/5 2856/14/5
f 2858/6/5 2851/6/5 2850/6/5
f 2858/5/5 2852/5/5 2851/5/5
f 2859/5/5 2852/5/5 2858/5/5
f 2860/6/5 2853/6/5 2852/6/5
f 2860/5/5 2852/5/5 2859/5/5
f 2861/5/5 2854/5/5 2853/5/5
f 2861/6/5 2853/6/5 2860/6/5
f 2862/5/5 2854/5/5 2861/5/5
f 2863/5/5 2856/5/5 2855/5/5
f 2864/5/5 2856/5/5 2863/5/5
f 2865/6/5 2859/6/5 2858/6/5
f 2865/6/5 2858/6/5 2850/6/5
f 2866/5/5 2860/5/5 2859/5/5
f 2866/6/5 2859/6/5 2865/6/5
f 2866/5/5 2861/5/5 2860/5/5
f 2867/5/5 2861/5/5 2866/5/5
f 2870/5/5 2856/5/5 2864/5/5
f 2871/4/5 2857/4/5 2856/4/5
f 2871/5/5 2856/5/5 2870/5/5
f 2872/4/5 2857/4/5 2871/4/5
f 2873/16/5 2866/16/5 2865/16/5
f 2874/15/5 2868/15/5 2867/15/5
f 2874/16/5 2866/16/5 2873/16/5
f 2874/15/5 2867/15/5 2866/15/5
f 2875/15/5 2868/15/5 2874/15/5
f 2876/15/5 2870/15/5 2869/15/5
f 2876/15/5 2871/15/5 2870/15/5
f 2877/15/5 2875/15/5 2874/15/5
f 2877/15/5 2876/15/5 2875/15/5
f 2877/15/5 2874/15/5 2873/15/5
f 2878/15/5 2876/15/5 2877/15/5
f 2879/15/5 2871/15/5 2876/15/5
f 2879/15/5 2876/15/5 2878/15/5
f 2879/14/5 2872/14/5 2871/14/5
f 2880/14/5 2872/14/5 2879/14/5
f 2881/5/5 2879/5/5 2878/5/5
f 2882/4/5 2880/4/5 2879/4/5
f 2882/5/5 2879/5/5 2881/5/5
f 2883/6/5 2878/6/5 2877/6/5
f 2884/5/5 2881/5/5 2878/5/5
f 2884/6/5 2878/6/5 2883/6/5
f 2885/4/5 2882/4/5 2881/4/5
f 2885/5/5 2881/5/5 2884/5/5
f 2886/4/5 2880/4/5 2882/4/5
f 2886/4/5 2882/4/5 2885/4/5
f 2887/4/5 2880/4/5 2886/4/5
f 2888/16/5 2884/16/5 2883/16/5
f 2889/15/5 2885/15/5 2884/15/5
f 2889/16/5 2884/16/5 2888/16/5
f 2889/15/5 2886/15/5 2885/15/5
f 2890/15/5 2889/15/5 2888/15/5
f 2890/15/5 2886/15/5 2889/15/5
f 2891/14/5 2887/14/5 2886/14/5
f 2891/15/5 2886/15/5 2890/15/5
f 2892/14/5 2887/14/5 2891/14/5
f 2893/15/5 2890/15/5 2888/15/5
f 2894/14/5 2891/14/5 2890/14/5
f 2894/15/5 2890/15/5 2893/15/5
f 2895/14/5 2891/14/5 2894/14/5
f 2896/15/5 2893/15/5 2888/15/5
f 2897/15/5 2893/15/5 2896/15/5
f 2898/16/5 2897/16/5 2896/16/5
f 2899/15/5 2893/15/5 2897/15/5
f 2899/16/5 2897/16/5 2898/16/5
f 2900/15/5 2893/15/5 2899/15/5
f 2901/16/5 2900/16/5 2899/16/5
f 2902/15/5 2893/15/5 2900/15/5
f 2902/16/5 2900/16/5 2901/16/5
f 2903/15/5 2893/15/5 2902/15/5
f 2904/15/5 2893/15/5 2903/15/5
f 2905/15/5 2893/15/5 2904/15/5
f 2906/15/5 2893/15/5 2905/15/5
f 2907/15/5 2893/15/5 2906/15/5
f 2908/15/5 2893/15/5 2907/15/5
f 2909/14/5 2894/14/5 2893/14/5
f 2909/15/5 2893/15/5 2908/15/5
f 2910/14/5 2894/14/5 2909/14/5
f 2911/16/5 2905/16/5 2904/16/5
f 2912/15/5 2906/15/5 2905/15/5
f 2912/16/5 2905/16/5 2911/16/5
f 2913/2/5 2907/2/5 2906/2/5
f 2913/15/5 2906/15/5 2912/15/5
f 2914/15/5 2908/15/5 2907/15/5
f 2914/2/5 2907/2/5 2913/2/5
f 2915/14/5 2909/14/5 2908/14/5
f 2915/15/5 2908/15/5 2914/15/5
f 2916/14/5 2909/14/5 2915/14/5
f 2919/8/5 2918/8/5 2917/8/5
f 2920/8/5 2918/8/5 2919/8/5
f 2923/11/5 2922/11/5 2921/11/5
f 2924/11/5 2922/11/5 2923/11/5
f 2927/14/5 2926/14/5 2925/14/5
f 2928/14/5 2926/14/5 2927/14/5
f 2931/11/5 2930/11/5 2929/11/5
f 2932/11/5 2930/11/5 2931/11/5
f 2937/8/5 2934/8/5 2933/8/5
f 2938/8/5 2934/8/5 2937/8/5
f 2939/13/5 2936/13/5 2935/13/5
f 2940/13/5 2936/13/5 2939/13/5
f 2945/4/5 2942/4/5 2941/4/5
f 2946/5/5 2943/5/5 2942/5/5
f 2946/4/5 2942/4/5 2945/4/5
f 2947/5/5 2943/5/5 2946/5/5
f 2948/5/5 2943/5/5 2947/5/5
f 2950/4/5 2945/4/5 2944/4/5
f 2951/5/5 2946/5/5 2945/5/5
f 2951/4/5 2945/4/5 2950/4/5
f 2952/4/5 2947/4/5 2946/4/5
f 2952/5/5 2946/5/5 2951/5/5
f 2953/5/5 2949/5/5 2948/5/5
f 2953/4/5 2947/4/5 2952/4/5
f 2953/5/5 2948/5/5 2947/5/5
f 2954/5/5 2949/5/5 2953/5/5
f 2955/5/5 2949/5/5 2954/5/5
f 2956/15/5 2952/15/5 2951/15/5
f 2956/14/5 2951/14/5 2950/14/5
f 2957/14/5 2953/14/5 2952/14/5
f 2957/15/5 2952/15/5 2956/15/5
f 2958/16/5 2955/16/5 2954/16/5
f 2958/15/5 2954/15/5 2953/15/5
f 2959/16/5 2955/16/5 2958/16/5
f 2960/14/5 2956/14/5 2950/14/5
f 2960/14/5 2957/14/5 2956/14/5
f 2961/14/5 2953/14/5 2957/14/5
f 2961/14/5 2957/14/5 2960/14/5
f 2962/15/5 2959/15/5 2958/15/5
f 2964/15/5 2962/15/5 2958/15/5
f 2964/16/5 2963/16/5 2962/16/5
f 2965/16/5 2963/16/5 2964/16/5
f 2966/15/5 2958/15/5 2953/15/5
f 2966/14/5 2953/14/5 2961/14/5
f 2966/15/5 2965/15/5 2964/15/5
f 2966/15/5 2964/15/5 2958/15/5
f 2967/15/5 2965/15/5 2966/15/5
f 2972/15/5 2965/15/5 2967/15/5
f 2972/14/5 2967/14/5 2966/14/5
f 2973/15/5 2965/15/5 2972/15/5
f 2975/15/5 2969/15/5 2968/15/5
f 2976/1/5 2971/1/5 2970/1/5
f 2977/1/5 2971/1/5 2976/1/5
f 2979/14/5 2966/14/5 2961/14/5
f 2979/14/5 2973/14/5 2972/14/5
f 2979/14/5 2972/14/5 2966/14/5
f 2980/14/5 2973/14/5 2979/14/5
f 2982/15/5 2975/15/5 2974/15/5
f 2983/15/5 2969/15/5 2975/15/5
f 2983/15/5 2975/15/5 2982/15/5
f 2984/14/5 2981/14/5 2980/14/5
f 2984/14/5 2979/14/5 2978/14/5
f 2984/14/5 2980/14/5 2979/14/5
f 2985/14/5 2981/14/5 2984/14/5
f 2986/14/5 2981/14/5 2985/14/5
f 2987/14/5 2981/14/5 2986/14/5
f 2992/14/5 2986/14/5 2985/14/5
f 2993/14/5 2986/14/5 2992/14/5
f 2994/15/5 2989/15/5 2988/15/5
f 2995/14/5 2990/14/5 2989/14/5
f 2995/15/5 2989/15/5 2994/15/5
f 2996/15/5 2991/15/5 2990/15/5
f 2996/14/5 2990/14/5 2995/14/5
f 2997/15/5 2991/15/5 2996/15/5
f 3000/14/5 2992/14/5 2985/14/5
f 3001/15/5 2993/15/5 2992/15/5
f 3001/14/5 2992/14/5 3000/14/5
f 3002/15/5 2993/15/5 3001/15/5
f 3003/15/5 2993/15/5 3002/15/5
f 3004/15/5 2991/15/5 2997/15/5
f 3005/15/5 2991/15/5 3004/15/5
f 3006/1/5 2999/1/5 2998/1/5
f 3007/1/5 2999/1/5 3006/1/5
f 3011/14/5 3000/14/5 2985/14/5
f 3012/16/5 3003/16/5 3002/16/5
f 3012/15/5 3001/15/5 3000/15/5
f 3012/15/5 3002/15/5 3001/15/5
f 3013/16/5 3003/16/5 3012/16/5
f 3014/13/5 3009/13/5 3008/13/5
f 3015/13/5 3009/13/5 3014/13/5
f 3016/14/5 3011/14/5 3010/14/5
f 3017/14/5 3000/14/5 3011/14/5
f 3017/14/5 3011/14/5 3016/14/5
f 3018/15/5 3012/15/5 3000/15/5
f 3019/15/5 3012/15/5 3018/15/5
f 3020/14/5 3016/14/5 3010/14/5
f 3021/15/5 3017/15/5 3016/15/5
f 3021/14/5 3016/14/5 3020/14/5
f 3022/14/5 3000/14/5 3017/14/5
f 3022/15/5 3017/15/5 3021/15/5
f 3023/15/5 3018/15/5 3000/15/5
f 3023/14/5 3000/14/5 3022/14/5
f 3024/16/5 3019/16/5 3018/16/5
f 3024/15/5 3018/15/5 3023/15/5
f 3025/16/5 3019/16/5 3024/16/5
f 3026/4/5 3021/4/5 3020/4/5
f 3027/5/5 3022/5/5 3021/5/5
f 3027/4/5 3021/4/5 3026/4/5
f 3028/4/5 3023/4/5 3022/4/5
f 3028/5/5 3022/5/5 3027/5/5
f 3029/5/5 3024/5/5 3023/5/5
f 3029/4/5 3023/4/5 3028/4/5
f 3029/5/5 3025/5/5 3024/5/5
f 3030/5/5 3025/5/5 3029/5/5
f 3031/5/5 3025/5/5 3030/5/5
f 3032/4/5 3028/4/5 3027/4/5
f 3033/5/5 3030/5/5 3029/5/5
f 3033/4/5 3028/4/5 3032/4/5
f 3033/5/5 3029/5/5 3028/5/5
f 3034/5/5 3030/5/5 3033/5/5
f 3039/8/5 3036/8/5 3035/8/5
f 3040/8/5 3036/8/5 3039/8/5
f 3041/10/5 3038/10/5 3037/10/5
f 3042/10/5 3038/10/5 3041/10/5
f 3045/10/5 3044/10/5 3043/10/5
f 3046/10/5 3044/10/5 3045/10/5
f 3049/8/5 3048/8/5 3047/8/5
f 3050/8/5 3048/8/5 3049/8/5
f 3053/8/5 3052/8/5 3051/8/5
f 3054/8/5 3052/8/5 3053/8/5
f 3057/15/5 3056/15/5 3055/15/5
f 3058/15/5 3056/15/5 3057/15/5
f 3061/8/5 3060/8/5 3059/8/5
f 3062/8/5 3060/8/5 3061/8/5
f 3065/8/5 3064/8/5 3063/8/5
f 3066/8/5 3064/8/5 3065/8/5
f 3069/7/5 3068/7/5 3067/7/5
f 3071/7/5 3069/7/5 3067/7/5
f 3071/7/5 3070/7/5 3069/7/5
f 3072/7/5 3070/7/5 3071/7/5
f 3073/7/5 3071/7/5 3067/7/5
f 3074/7/5 3071/7/5 3073/7/5
f 3075/8/6 3076/8/6 3079/8/6
f 3079/8/6 3076/8/6 3080/8/6
f 3077/8/6 3078/8/6 3081/8/6
f 3081/8/6 3078/8/6 3082/8/6
f 3085/8/6 3086/8/6 3087/8/6
f 3087/8/6 3086/8/6 3088/8/6
f 3089/8/6 3090/8/6 3091/8/6
f 3091/8/6 3090/8/6 3092/8/6
f 3083/8/6 3084/8/6 3093/8/6
f 3093/8/6 3084/8/6 3094/8/6
f 3097/8/6 3098/8/6 3099/8/6
f 3099/8/6 3098/8/6 3100/8/6
f 3095/8/6 3096/8/6 3101/8/6
f 3101/8/6 3096/8/6 3102/8/6
f 3103/8/6 3104/8/6 3105/8/6
f 3105/8/6 3104/8/6 3106/8/6
f 3107/8/6 3108/8/6 3109/8/6
f 3109/8/6 3108/8/6 3110/8/6
f 3111/16/6 3112/16/6 3118/16/6
f 3112/15/6 3113/15/6 3119/15/6
f 3118/16/6 3112/16/6 3119/16/6
f 3113/2/6 3114/2/6 3120/2/6
f 3119/15/6 3113/15/6 3120/15/6
f 3114/15/6 3115/15/6 3121/15/6
f 3120/2/6 3114/2/6 3121/2/6
f 3115/14/6 3116/14/6 3122/14/6
f 3121/15/6 3115/15/6 3122/15/6
f 3122/14/6 3116/14/6 3123/14/6
f 3120/15/6 3121/15/6 3126/15/6
f 3117/15/6 3118/15/6 3126/15/6
f 3122/15/6 3123/15/6 3126/15/6
f 3121/15/6 3122/15/6 3126/15/6
f 3118/15/6 3119/15/6 3126/15/6
f 3119/15/6 3120/15/6 3126/15/6
f 3125/16/6 3126/16/6 3128/16/6
f 3126/15/6 3123/15/6 3129/15/6
f 3128/16/6 3126/16/6 3129/16/6
f 3127/16/6 3128/16/6 3130/16/6
f 3128/15/6 3129/15/6 3131/15/6
f 3130/16/6 3128/16/6 3131/16/6
f 3123/14/6 3124/14/6 3132/14/6
f 3131/15/6 3129/15/6 3132/15/6
f 3130/15/6 3131/15/6 3132/15/6
f 3129/15/6 3123/15/6 3132/15/6
f 3132/14/6 3124/14/6 3133/14/6
f 3132/15/6 3133/15/6 3135/15/6
f 3133/14/6 3134/14/6 3135/14/6
f 3135/14/6 3134/14/6 3136/14/6
f 3130/15/6 3132/15/6 3138/15/6
f 3132/15/6 3135/15/6 3138/15/6
f 3135/15/6 3136/15/6 3138/15/6
f 3138/15/6 3136/15/6 3139/15/6
f 3138/16/6 3139/16/6 3140/16/6
f 3139/15/6 3136/15/6 3141/15/6
f 3140/16/6 3139/16/6 3141/16/6
f 3141/15/6 3136/15/6 3142/15/6
f 3136/14/6 3137/14/6 3143/14/6
f 3142/15/6 3136/15/6 3143/15/6
f 3143/14/6 3137/14/6 3144/14/6
f 3141/5/6 3142/5/6 3145/5/6
f 3142/4/6 3143/4/6 3145/4/6
f 3143/4/6 3144/4/6 3145/4/6
f 3145/4/6 3144/4/6 3146/4/6
f 3140/6/6 3141/6/6 3147/6/6
f 3141/5/6 3145/5/6 3148/5/6
f 3147/6/6 3141/6/6 3148/6/6
f 3145/5/6 3146/5/6 3148/5/6
f 3146/4/6 3144/4/6 3149/4/6
f 3148/5/6 3146/5/6 3149/5/6
f 3149/4/6 3144/4/6 3150/4/6
f 3147/15/6 3148/15/6 3151/15/6
f 3148/15/6 3149/15/6 3151/15/6
f 3151/15/6 3149/15/6 3152/15/6
f 3151/16/6 3152/16/6 3153/16/6
f 3152/15/6 3149/15/6 3154/15/6
f 3153/16/6 3152/16/6 3154/16/6
f 3154/15/6 3149/15/6 3155/15/6
f 3155/15/6 3149/15/6 3156/15/6
f 3149/14/6 3150/14/6 3157/14/6
f 3156/15/6 3149/15/6 3157/15/6
f 3157/14/6 3150/14/6 3158/14/6
f 3153/6/6 3154/6/6 3159/6/6
f 3154/5/6 3155/5/6 3160/5/6
f 3159/6/6 3154/6/6 3160/6/6
f 3160/5/6 3155/5/6 3161/5/6
f 3161/5/6 3155/5/6 3162/5/6
f 3155/4/6 3156/4/6 3163/4/6
f 3162/5/6 3155/5/6 3163/5/6
f 3156/5/6 3157/5/6 3164/5/6
f 3163/4/6 3156/4/6 3164/4/6
f 3153/6/6 3159/6/6 3165/6/6
f 3159/5/6 3160/5/6 3166/5/6
f 3165/6/6 3159/6/6 3166/6/6
f 3160/5/6 3161/5/6 3166/5/6
f 3161/6/6 3162/6/6 3167/6/6
f 3166/5/6 3161/5/6 3167/5/6
f 3162/5/6 3163/5/6 3168/5/6
f 3167/6/6 3162/6/6 3168/6/6
f 3163/5/6 3164/5/6 3168/5/6
f 3164/5/6 3157/5/6 3169/5/6
f 3168/5/6 3164/5/6 3169/5/6
f 3157/4/6 3158/4/6 3169/4/6
f 3169/4/6 3158/4/6 3170/4/6
f 3167/15/6 3168/15/6 3171/15/6
f 3166/15/6 3167/15/6 3171/15/6
f 3168/15/6 3169/15/6 3171/15/6
f 3171/15/6 3169/15/6 3172/15/6
f 3166/15/6 3171/15/6 3173/15/6
f 3171/14/6 3172/14/6 3173/14/6
f 3172/15/6 3169/15/6 3174/15/6
f 3173/14/6 3172/14/6 3174/14/6
f 3169/14/6 3170/14/6 3175/14/6
f 3169/14/6 3175/14/6 3177/14/6
f 3175/14/6 3176/14/6 3177/14/6
f 3174/15/6 3169/15/6 3177/15/6
f 3173/15/6 3174/15/6 3177/15/6
f 3177/14/6 3176/14/6 3178/14/6
f 3177/15/6 3178/15/6 3179/15/6
f 3178/14/6 3176/14/6 3179/14/6
f 3179/14/6 3176/14/6 3180/14/6
f 3166/15/6 3173/15/6 3182/15/6
f 3165/16/6 3166/16/6 3182/16/6
f 3179/15/6 3180/15/6 3182/15/6
f 3177/15/6 3179/15/6 3182/15/6
f 3173/15/6 3177/15/6 3182/15/6
f 3182/15/6 3180/15/6 3183/15/6
f 3165/16/6 3182/16/6 3184/16/6
f 3182/16/6 3183/16/6 3184/16/6
f 3183/15/6 3180/15/6 3185/15/6
f 3184/16/6 3183/16/6 3185/16/6
f 3180/14/6 3181/14/6 3186/14/6
f 3185/15/6 3180/15/6 3186/15/6
f 3186/14/6 3181/14/6 3187/14/6
f 3188/10/6 3189/10/6 3191/10/6
f 3191/10/6 3189/10/6 3192/10/6
f 3190/1/6 3191/1/6 3193/1/6
f 3193/1/6 3191/1/6 3194/1/6
f 3195/1/6 3196/1/6 3197/1/6
f 3197/1/6 3196/1/6 3198/1/6
f 3198/10/6 3199/10/6 3200/10/6
f 3200/10/6 3199/10/6 3201/10/6
f 3202/16/6 3203/16/6 3206/16/6
f 3203/15/6 3204/15/6 3207/15/6
f 3206/16/6 3203/16/6 3207/16/6
f 3206/15/6 3207/15/6 3208/15/6
f 3207/15/6 3204/15/6 3208/15/6
f 3204/14/6 3205/14/6 3209/14/6
f 3208/15/6 3204/15/6 3209/15/6
f 3209/14/6 3205/14/6 3210/14/6
f 3206/15/6 3208/15/6 3211/15/6
f 3208/14/6 3209/14/6 3212/14/6
f 3211/15/6 3208/15/6 3212/15/6
f 3211/14/6 3212/14/6 3213/14/6
f 3212/14/6 3209/14/6 3213/14/6
f 3213/14/6 3209/14/6 3214/14/6
f 3206/15/6 3211/15/6 3215/15/6
f 3215/15/6 3211/15/6 3216/15/6
f 3206/15/6 3215/15/6 3217/15/6
f 3215/14/6 3216/14/6 3217/14/6
f 3216/15/6 3211/15/6 3218/15/6
f 3217/14/6 3216/14/6 3218/14/6
f 3202/16/6 3206/16/6 3219/16/6
f 3206/15/6 3217/15/6 3220/15/6
f 3219/16/6 3206/16/6 3220/16/6
f 3217/15/6 3218/15/6 3220/15/6
f 3220/15/6 3218/15/6 3221/15/6
f 3221/15/6 3218/15/6 3222/15/6
f 3218/15/6 3211/15/6 3223/15/6
f 3222/15/6 3218/15/6 3223/15/6
f 3211/14/6 3213/14/6 3223/14/6
f 3223/14/6 3213/14/6 3224/14/6
f 3220/5/6 3221/5/6 3225/5/6
f 3219/6/6 3220/6/6 3225/6/6
f 3225/5/6 3221/5/6 3226/5/6
f 3221/6/6 3222/6/6 3227/6/6
f 3226/5/6 3221/5/6 3227/5/6
f 3222/5/6 3223/5/6 3228/5/6
f 3227/6/6 3222/6/6 3228/6/6
f 3228/5/6 3223/5/6 3229/5/6
f 3229/5/6 3223/5/6 3230/5/6
f 3225/6/6 3226/6/6 3231/6/6
f 3219/6/6 3225/6/6 3231/6/6
f 3226/5/6 3227/5/6 3232/5/6
f 3231/6/6 3226/6/6 3232/6/6
f 3227/5/6 3228/5/6 3232/5/6
f 3228/5/6 3229/5/6 3232/5/6
f 3229/4/6 3230/4/6 3233/4/6
f 3232/5/6 3229/5/6 3233/5/6
f 3230/5/6 3223/5/6 3234/5/6
f 3233/4/6 3230/4/6 3234/4/6
f 3223/4/6 3224/4/6 3235/4/6
f 3234/5/6 3223/5/6 3235/5/6
f 3235/4/6 3224/4/6 3236/4/6
f 3231/16/6 3232/16/6 3237/16/6
f 3232/15/6 3233/15/6 3238/15/6
f 3237/16/6 3232/16/6 3238/16/6
f 3233/15/6 3234/15/6 3238/15/6
f 3234/15/6 3235/15/6 3238/15/6
f 3237/15/6 3238/15/6 3239/15/6
f 3239/15/6 3238/15/6 3240/15/6
f 3235/14/6 3236/14/6 3241/14/6
f 3240/15/6 3238/15/6 3241/15/6
f 3238/15/6 3235/15/6 3241/15/6
f 3241/14/6 3236/14/6 3242/14/6
f 3240/5/6 3241/5/6 3243/5/6
f 3241/4/6 3242/4/6 3244/4/6
f 3243/5/6 3241/5/6 3244/5/6
f 3239/6/6 3240/6/6 3245/6/6
f 3240/5/6 3243/5/6 3246/5/6
f 3245/6/6 3240/6/6 3246/6/6
f 3243/4/6 3244/4/6 3247/4/6
f 3246/5/6 3243/5/6 3247/5/6
f 3244/4/6 3242/4/6 3248/4/6
f 3247/4/6 3244/4/6 3248/4/6
f 3248/4/6 3242/4/6 3249/4/6
f 3245/16/6 3246/16/6 3250/16/6
f 3246/15/6 3247/15/6 3251/15/6
f 3250/16/6 3246/16/6 3251/16/6
f 3247/15/6 3248/15/6 3251/15/6
f 3250/15/6 3251/15/6 3252/15/6
f 3251/15/6 3248/15/6 3252/15/6
f 3248/14/6 3249/14/6 3253/14/6
f 3252/15/6 3248/15/6 3253/15/6
f 3253/14/6 3249/14/6 3254/14/6
f 3250/15/6 3252/15/6 3255/15/6
f 3252/14/6 3253/14/6 3256/14/6
f 3255/15/6 3252/15/6 3256/15/6
f 3256/14/6 3253/14/6 3257/14/6
f 3250/15/6 3255/15/6 3258/15/6
f 3258/15/6 3255/15/6 3259/15/6
f 3258/16/6 3259/16/6 3260/16/6
f 3259/15/6 3255/15/6 3261/15/6
f 3260/16/6 3259/16/6 3261/16/6
f 3261/15/6 3255/15/6 3262/15/6
f 3261/16/6 3262/16/6 3263/16/6
f 3262/15/6 3255/15/6 3264/15/6
f 3263/16/6 3262/16/6 3264/16/6
f 3264/15/6 3255/15/6 3265/15/6
f 3265/15/6 3255/15/6 3266/15/6
f 3266/15/6 3255/15/6 3267/15/6
f 3267/15/6 3255/15/6 3268/15/6
f 3268/15/6 3255/15/6 3269/15/6
f 3269/15/6 3255/15/6 3270/15/6
f 3255/14/6 3256/14/6 3271/14/6
f 3270/15/6 3255/15/6 3271/15/6
f 3271/14/6 3256/14/6 3272/14/6
f 3266/16/6 3267/16/6 3273/16/6
f 3267/15/6 3268/15/6 3274/15/6
f 3273/16/6 3267/16/6 3274/16/6
f 3268/2/6 3269/2/6 3275/2/6
f 3274/15/6 3268/15/6 3275/15/6
f 3269/15/6 3270/15/6 3276/15/6
f 3275/2/6 3269/2/6 3276/2/6
f 3270/14/6 3271/14/6 3277/14/6
f 3276/15/6 3270/15/6 3277/15/6
f 3277/14/6 3271/14/6 3278/14/6
f 3279/8/6 3280/8/6 3281/8/6
f 3281/8/6 3280/8/6 3282/8/6
f 3283/8/6 3284/8/6 3287/8/6
f 3287/8/6 3284/8/6 3288/8/6
f 3285/13/6 3286/13/6 3289/13/6
f 3289/13/6 3286/13/6 3290/13/6
f 3291/4/6 3292/4/6 3294/4/6
f 3292/5/6 3293/5/6 3295/5/6
f 3294/4/6 3292/4/6 3295/4/6
f 3295/5/6 3293/5/6 3296/5/6
f 3296/5/6 3293/5/6 3297/5/6
f 3295/4/6 3296/4/6 3299/4/6
f 3297/5/6 3298/5/6 3300/5/6
f 3299/4/6 3296/4/6 3300/4/6
f 3296/5/6 3297/5/6 3300/5/6
f 3300/5/6 3298/5/6 3301/5/6
f 3301/5/6 3298/5/6 3302/5/6
f 3299/14/6 3300/14/6 3303/14/6
f 3303/14/6 3300/14/6 3305/14/6
f 3300/15/6 3301/15/6 3306/15/6
f 3301/16/6 3302/16/6 3306/16/6
f 3306/16/6 3302/16/6 3307/16/6
f 3304/14/6 3305/14/6 3308/14/6
f 3305/14/6 3300/14/6 3309/14/6
f 3308/14/6 3305/14/6 3309/14/6
f 3306/15/6 3307/15/6 3310/15/6
f 3306/15/6 3310/15/6 3316/15/6
f 3310/16/6 3311/16/6 3316/16/6
f 3316/16/6 3311/16/6 3317/16/6
f 3312/16/6 3313/16/6 3318/16/6
f 3313/15/6 3314/15/6 3319/15/6
f 3318/16/6 3313/16/6 3319/16/6
f 3314/14/6 3315/14/6 3320/14/6
f 3319/15/6 3314/15/6 3320/15/6
f 3320/14/6 3315/14/6 3321/14/6
f 3300/15/6 3306/15/6 3324/15/6
f 3306/15/6 3316/15/6 3324/15/6
f 3316/15/6 3317/15/6 3324/15/6
f 3309/14/6 3300/14/6 3324/14/6
f 3324/15/6 3317/15/6 3325/15/6
f 3322/9/6 3323/9/6 3328/9/6
f 3328/9/6 3323/9/6 3329/9/6
f 3324/14/6 3325/14/6 3332/14/6
f 3325/15/6 3317/15/6 3332/15/6
f 3332/15/6 3317/15/6 3333/15/6
f 3326/1/6 3327/1/6 3334/1/6
f 3334/1/6 3327/1/6 3335/1/6
f 3330/11/6 3331/11/6 3336/11/6
f 3336/11/6 3331/11/6 3337/11/6
f 3332/14/6 3333/14/6 3338/14/6
f 3309/14/6 3324/14/6 3338/14/6
f 3324/14/6 3332/14/6 3338/14/6
f 3338/14/6 3333/14/6 3339/14/6
f 3340/14/6 3341/14/6 3342/14/6
f 3342/14/6 3341/14/6 3343/14/6
f 3340/14/6 3342/14/6 3344/14/6
f 3344/14/6 3342/14/6 3345/14/6
f 3340/14/6 3344/14/6 3350/14/6
f 3344/15/6 3345/15/6 3351/15/6
f 3350/14/6 3344/14/6 3351/14/6
f 3351/15/6 3345/15/6 3352/15/6
f 3352/15/6 3345/15/6 3353/15/6
f 3346/1/6 3347/1/6 3354/1/6
f 3354/1/6 3347/1/6 3355/1/6
f 3348/11/6 3349/11/6 3358/11/6
f 3358/11/6 3349/11/6 3359/11/6
f 3356/9/6 3357/9/6 3364/9/6
f 3364/9/6 3357/9/6 3365/9/6
f 3340/14/6 3350/14/6 3367/14/6
f 3352/16/6 3353/16/6 3368/16/6
f 3350/15/6 3351/15/6 3368/15/6
f 3351/15/6 3352/15/6 3368/15/6
f 3368/16/6 3353/16/6 3369/16/6
f 3360/15/6 3361/15/6 3370/15/6
f 3362/14/6 3363/14/6 3371/14/6
f 3370/15/6 3361/15/6 3371/15/6
f 3361/14/6 3362/14/6 3371/14/6
f 3371/14/6 3363/14/6 3372/14/6
f 3364/13/6 3365/13/6 3373/13/6
f 3373/13/6 3365/13/6 3374/13/6
f 3366/14/6 3367/14/6 3375/14/6
f 3367/14/6 3350/14/6 3376/14/6
f 3375/14/6 3367/14/6 3376/14/6
f 3350/15/6 3368/15/6 3377/15/6
f 3377/15/6 3368/15/6 3378/15/6
f 3376/14/6 3350/14/6 3379/14/6
f 3379/14/6 3350/14/6 3380/14/6
f 3350/15/6 3377/15/6 3381/15/6
f 3380/14/6 3350/14/6 3381/14/6
f 3377/16/6 3378/16/6 3382/16/6
f 3381/15/6 3377/15/6 3382/15/6
f 3382/16/6 3378/16/6 3383/16/6
f 3380/4/6 3381/4/6 3385/4/6
f 3381/5/6 3382/5/6 3386/5/6
f 3382/5/6 3383/5/6 3386/5/6
f 3385/4/6 3381/4/6 3386/4/6
f 3386/5/6 3383/5/6 3387/5/6
f 3387/5/6 3383/5/6 3388/5/6
f 3384/4/6 3385/4/6 3389/4/6
f 3385/5/6 3386/5/6 3390/5/6
f 3389/4/6 3385/4/6 3390/4/6
f 3386/5/6 3387/5/6 3390/5/6
f 3390/5/6 3387/5/6 3391/5/6
f 3392/5/6 3393/5/6 3395/5/6
f 3393/6/6 3394/6/6 3396/6/6
f 3395/5/6 3393/5/6 3396/5/6
f 3396/6/6 3394/6/6 3397/6/6
f 3395/15/6 3396/15/6 3398/15/6
f 3396/16/6 3397/16/6 3398/16/6
f 3398/16/6 3397/16/6 3399/16/6
f 3395/15/6 3398/15/6 3400/15/6
f 3398/15/6 3399/15/6 3400/15/6
f 3400/15/6 3399/15/6 3401/15/6
f 3402/15/6 3403/15/6 3411/15/6
f 3403/14/6 3404/14/6 3412/14/6
f 3411/15/6 3403/15/6 3412/15/6
f 3404/15/6 3405/15/6 3413/15/6
f 3412/14/6 3404/14/6 3413/14/6
f 3413/15/6 3405/15/6 3414/15/6
f 3406/16/6 3407/16/6 3415/16/6
f 3415/16/6 3407/16/6 3416/16/6
f 3416/16/6 3407/16/6 3417/16/6
f 3408/8/6 3409/8/6 3420/8/6
f 3420/8/6 3409/8/6 3421/8/6
f 3410/15/6 3411/15/6 3423/15/6
f 3423/15/6 3411/15/6 3424/15/6
f 3418/10/6 3419/10/6 3425/10/6
f 3425/10/6 3419/10/6 3426/10/6
f 3426/10/6 3419/10/6 3427/10/6
f 3422/15/6 3423/15/6 3432/15/6
f 3432/15/6 3423/15/6 3433/15/6
f 3433/15/6 3423/15/6 3434/15/6
f 3425/1/6 3426/1/6 3436/1/6
f 3436/1/6 3426/1/6 3437/1/6
f 3427/12/6 3428/12/6 3438/12/6
f 3438/12/6 3428/12/6 3439/12/6
f 3430/11/6 3431/11/6 3440/11/6
f 3435/1/6 3436/1/6 3442/1/6
f 3442/1/6 3436/1/6 3443/1/6
f 3444/1/6 3445/1/6 3450/1/6
f 3450/1/6 3445/1/6 3451/1/6
f 3440/11/6 3441/11/6 3455/11/6
f 3430/11/6 3440/11/6 3455/11/6
f 3455/11/6 3441/11/6 3456/11/6
f 3448/15/6 3449/15/6 3457/15/6
f 3446/15/6 3447/15/6 3457/15/6
f 3447/15/6 3448/15/6 3457/15/6
f 3457/15/6 3449/15/6 3458/15/6
f 3451/1/6 3452/1/6 3464/1/6
f 3464/1/6 3452/1/6 3465/1/6
f 3453/12/6 3454/12/6 3466/12/6
f 3466/12/6 3454/12/6 3467/12/6
f 3429/8/6 3430/8/6 3468/8/6
f 3430/11/6 3455/11/6 3469/11/6
f 3468/8/6 3430/8/6 3469/8/6
f 3469/11/6 3455/11/6 3470/11/6
f 3458/15/6 3459/15/6 3471/15/6
f 3471/15/6 3459/15/6 3472/15/6
f 3460/15/6 3461/15/6 3480/15/6
f 3461/15/6 3462/15/6 3480/15/6
f 3462/14/6 3463/14/6 3481/14/6
f 3480/15/6 3462/15/6 3481/15/6
f 3481/14/6 3463/14/6 3482/14/6
f 3464/10/6 3465/10/6 3483/10/6
f 3465/10/6 3466/10/6 3483/10/6
f 3483/10/6 3466/10/6 3484/10/6
f 3472/15/6 3473/15/6 3487/15/6
f 3474/15/6 3475/15/6 3487/15/6
f 3473/15/6 3474/15/6 3487/15/6
f 3475/16/6 3476/16/6 3488/16/6
f 3487/15/6 3475/15/6 3488/15/6
f 3476/15/6 3477/15/6 3489/15/6
f 3488/16/6 3476/16/6 3489/16/6
f 3489/15/6 3477/15/6 3490/15/6
f 3478/15/6 3479/15/6 3491/15/6
f 3491/15/6 3479/15/6 3492/15/6
f 3485/8/6 3486/8/6 3493/8/6
f 3493/8/6 3486/8/6 3494/8/6
f 3495/15/6 3496/15/6 3497/15/6
f 3497/15/6 3496/15/6 3498/15/6
f 3495/15/6 3497/15/6 3499/15/6
f 3497/16/6 3498/16/6 3500/16/6
f 3499/15/6 3497/15/6 3500/15/6
f 3500/16/6 3498/16/6 3501/16/6
f 3499/5/6 3500/5/6 3502/5/6
f 3500/6/6 3501/6/6 3503/6/6
f 3502/5/6 3500/5/6 3503/5/6
f 3503/6/6 3501/6/6 3504/6/6
f 3505/15/6 3506/15/6 3511/15/6
f 3506/16/6 3507/16/6 3512/16/6
f 3511/15/6 3506/15/6 3512/15/6
f 3507/15/6 3508/15/6 3513/15/6
f 3512/16/6 3507/16/6 3513/16/6
f 3513/15/6 3508/15/6 3514/15/6
f 3509/15/6 3510/15/6 3524/15/6
f 3524/15/6 3510/15/6 3525/15/6
f 3515/16/6 3516/16/6 3526/16/6
f 3516/15/6 3517/15/6 3527/15/6
f 3526/16/6 3516/16/6 3527/16/6
f 3517/14/6 3518/14/6 3528/14/6
f 3527/15/6 3517/15/6 3528/15/6
f 3518/13/6 3519/13/6 3529/13/6
f 3528/14/6 3518/14/6 3529/14/6
f 3529/13/6 3519/13/6 3530/13/6
f 3530/13/6 3519/13/6 3531/13/6
f 3531/13/6 3519/13/6 3532/13/6
f 3532/13/6 3519/13/6 3533/13/6
f 3520/8/6 3521/8/6 3537/8/6
f 3537/8/6 3521/8/6 3538/8/6
f 3522/15/6 3523/15/6 3541/15/6
f 3541/15/6 3523/15/6 3542/15/6
f 3530/14/6 3531/14/6 3543/14/6
f 3531/15/6 3532/15/6 3544/15/6
f 3543/14/6 3531/14/6 3544/14/6
f 3532/14/6 3533/14/6 3545/14/6
f 3544/15/6 3532/15/6 3545/15/6
f 3545/14/6 3533/14/6 3546/14/6
f 3534/10/6 3535/10/6 3547/10/6
f 3547/10/6 3535/10/6 3548/10/6
f 3536/9/6 3537/9/6 3549/9/6
f 3539/16/6 3540/16/6 3553/16/6
f 3540/15/6 3541/15/6 3554/15/6
f 3553/16/6 3540/16/6 3554/16/6
f 3550/8/6 3551/8/6 3560/8/6
f 3560/8/6 3551/8/6 3561/8/6
f 3552/15/6 3553/15/6 3563/15/6
f 3553/15/6 3554/15/6 3563/15/6
f 3563/15/6 3554/15/6 3564/15/6
f 3564/15/6 3554/15/6 3565/15/6
f 3565/15/6 3554/15/6 3566/15/6
f 3562/15/6 3563/15/6 3567/15/6
f 3563/16/6 3564/16/6 3568/16/6
f 3567/15/6 3563/15/6 3568/15/6
f 3564/15/6 3565/15/6 3569/15/6
f 3568/16/6 3564/16/6 3569/16/6
f 3569/15/6 3565/15/6 3570/15/6
f 3565/16/6 3566/16/6 3571/16/6
f 3570/15/6 3565/15/6 3571/15/6
f 3566/15/6 3554/15/6 3572/15/6
f 3571/16/6 3566/16/6 3572/16/6
f 3554/15/6 3541/15/6 3573/15/6
f 3572/15/6 3554/15/6 3573/15/6
f 3555/8/6 3556/8/6 3574/8/6
f 3574/8/6 3556/8/6 3575/8/6
f 3558/1/6 3559/1/6 3576/1/6
f 3557/1/6 3558/1/6 3576/1/6
f 3576/1/6 3559/1/6 3577/1/6
f 3577/1/6 3559/1/6 3578/1/6
f 3571/15/6 3572/15/6 3581/15/6
f 3570/15/6 3571/15/6 3581/15/6
f 3572/16/6 3573/16/6 3582/16/6
f 3581/15/6 3572/15/6 3582/15/6
f 3573/15/6 3541/15/6 3583/15/6
f 3582/16/6 3573/16/6 3583/16/6
f 3583/15/6 3541/15/6 3584/15/6
f 3548/12/6 3549/12/6 3591/12/6
f 3549/9/6 3537/9/6 3592/9/6
f 3591/12/6 3549/12/6 3592/12/6
f 3579/8/6 3580/8/6 3593/8/6
f 3593/8/6 3580/8/6 3594/8/6
f 3584/15/6 3585/15/6 3595/15/6
f 3595/15/6 3585/15/6 3596/15/6
f 3586/15/6 3587/15/6 3605/15/6
f 3588/14/6 3589/14/6 3606/14/6
f 3587/14/6 3588/14/6 3606/14/6
f 3605/15/6 3587/15/6 3606/15/6
f 3606/14/6 3589/14/6 3607/14/6
f 3590/10/6 3591/10/6 3608/10/6
f 3608/10/6 3591/10/6 3609/10/6
f 3592/9/6 3537/9/6 3610/9/6
f 3610/9/6 3537/9/6 3611/9/6
f 3597/15/6 3598/15/6 3613/15/6
f 3599/16/6 3600/16/6 3614/16/6
f 3613/15/6 3598/15/6 3614/15/6
f 3598/16/6 3599/16/6 3614/16/6
f 3600/15/6 3601/15/6 3615/15/6
f 3614/16/6 3600/16/6 3615/16/6
f 3615/15/6 3601/15/6 3616/15/6
f 3602/15/6 3603/15/6 3622/15/6
f 3603/16/6 3604/16/6 3623/16/6
f 3622/15/6 3603/15/6 3623/15/6
f 3604/15/6 3605/15/6 3624/15/6
f 3623/16/6 3604/16/6 3624/16/6
f 3624/15/6 3605/15/6 3625/15/6
f 3611/8/6 3612/8/6 3626/8/6
f 3626/8/6 3612/8/6 3627/8/6
f 3617/16/6 3618/16/6 3628/16/6
f 3618/15/6 3619/15/6 3629/15/6
f 3628/16/6 3618/16/6 3629/16/6
f 3619/16/6 3620/16/6 3630/16/6
f 3629/15/6 3619/15/6 3630/15/6
f 3620/15/6 3621/15/6 3631/15/6
f 3630/16/6 3620/16/6 3631/16/6
f 3631/15/6 3621/15/6 3632/15/6
f 3633/15/6 3634/15/6 3637/15/6
f 3637/15/6 3634/15/6 3638/15/6
f 3634/14/6 3635/14/6 3639/14/6
f 3638/15/6 3634/15/6 3639/15/6
f 3639/14/6 3635/14/6 3640/14/6
f 3637/15/6 3638/15/6 3647/15/6
f 3636/15/6 3637/15/6 3647/15/6
f 3647/15/6 3638/15/6 3648/15/6
f 3648/15/6 3638/15/6 3649/15/6
f 3649/15/6 3638/15/6 3650/15/6
f 3638/14/6 3639/14/6 3651/14/6
f 3650/15/6 3638/15/6 3651/15/6
f 3651/14/6 3639/14/6 3652/14/6
f 3641/15/6 3642/15/6 3653/15/6
f 3642/13/6 3643/13/6 3654/13/6
f 3653/15/6 3642/15/6 3654/15/6
f 3654/13/6 3643/13/6 3655/13/6
f 3644/8/6 3645/8/6 3661/8/6
f 3661/8/6 3645/8/6 3662/8/6
f 3646/15/6 3647/15/6 3665/15/6
f 3647/15/6 3648/15/6 3665/15/6
f 3648/14/6 3649/14/6 3665/14/6
f 3665/14/6 3649/14/6 3666/14/6
f 3655/14/6 3656/14/6 3667/14/6
f 3656/15/6 3657/15/6 3668/15/6
f 3667/14/6 3656/14/6 3668/14/6
f 3668/15/6 3657/15/6 3669/15/6
f 3659/10/6 3660/10/6 3670/10/6
f 3670/10/6 3660/10/6 3671/10/6
f 3644/8/6 3661/8/6 3672/8/6
f 3662/8/6 3645/8/6 3673/8/6
f 3663/14/6 3664/14/6 3674/14/6
f 3674/14/6 3664/14/6 3675/14/6
f 3646/15/6 3665/15/6 3676/15/6
f 3669/15/6 3657/15/6 3680/15/6
f 3671/10/6 3660/10/6 3682/10/6
f 3644/8/6 3672/8/6 3683/8/6
f 3672/8/6 3673/8/6 3683/8/6
f 3673/8/6 3645/8/6 3684/8/6
f 3683/8/6 3673/8/6 3684/8/6
f 3646/15/6 3676/15/6 3685/15/6
f 3676/15/6 3677/15/6 3685/15/6
f 3685/15/6 3677/15/6 3686/15/6
f 3686/15/6 3677/15/6 3687/15/6
f 3687/15/6 3677/15/6 3688/15/6
f 3679/15/6 3680/15/6 3694/15/6
f 3678/15/6 3679/15/6 3694/15/6
f 3657/14/6 3658/14/6 3695/14/6
f 3680/15/6 3657/15/6 3695/15/6
f 3694/15/6 3680/15/6 3695/15/6
f 3695/14/6 3658/14/6 3696/14/6
f 3681/10/6 3682/10/6 3697/10/6
f 3682/10/6 3660/10/6 3698/10/6
f 3697/10/6 3682/10/6 3698/10/6
f 3644/8/6 3683/8/6 3699/8/6
f 3684/8/6 3645/8/6 3700/8/6
f 3686/16/6 3687/16/6 3701/16/6
f 3690/15/6 3691/15/6 3702/15/6
f 3701/16/6 3687/16/6 3702/16/6
f 3689/15/6 3690/15/6 3702/15/6
f 3688/15/6 3689/15/6 3702/15/6
f 3687/15/6 3688/15/6 3702/15/6
f 3702/15/6 3691/15/6 3703/15/6
f 3691/14/6 3692/14/6 3704/14/6
f 3703/15/6 3691/15/6 3704/15/6
f 3704/14/6 3692/14/6 3705/14/6
f 3693/15/6 3694/15/6 3707/15/6
f 3707/15/6 3694/15/6 3708/15/6
f 3699/8/6 3700/8/6 3709/8/6
f 3644/8/6 3699/8/6 3709/8/6
f 3700/8/6 3645/8/6 3710/8/6
f 3709/8/6 3700/8/6 3710/8/6
f 3704/15/6 3705/15/6 3711/15/6
f 3703/15/6 3704/15/6 3711/15/6
f 3705/14/6 3706/14/6 3712/14/6
f 3711/15/6 3705/15/6 3712/15/6
f 3712/14/6 3706/14/6 3713/14/6
f 3714/13/6 3715/13/6 3722/13/6
f 3722/13/6 3715/13/6 3723/13/6
f 3716/14/6 3717/14/6 3726/14/6
f 3717/16/6 3718/16/6 3727/16/6
f 3726/14/6 3717/14/6 3727/14/6
f 3727/16/6 3718/16/6 3728/16/6
f 3719/15/6 3720/15/6 3734/15/6
f 3734/15/6 3720/15/6 3735/15/6
f 3720/14/6 3721/14/6 3736/14/6
f 3735/15/6 3720/15/6 3736/15/6
f 3721/13/6 3722/13/6 3737/13/6
f 3736/14/6 3721/14/6 3737/14/6
f 3737/13/6 3722/13/6 3738/13/6
f 3724/3/6 3725/3/6 3739/3/6
f 3728/14/6 3729/14/6 3741/14/6
f 3727/14/6 3728/14/6 3741/14/6
f 3729/13/6 3730/13/6 3742/13/6
f 3741/14/6 3729/14/6 3742/14/6
f 3742/13/6 3730/13/6 3743/13/6
f 3731/15/6 3732/15/6 3745/15/6
f 3745/15/6 3732/15/6 3746/15/6
f 3734/15/6 3735/15/6 3747/15/6
f 3736/14/6 3737/14/6 3747/14/6
f 3735/14/6 3736/14/6 3747/14/6
f 3733/15/6 3734/15/6 3747/15/6
f 3747/14/6 3737/14/6 3748/14/6
f 3733/15/6 3747/15/6 3749/15/6
f 3747/15/6 3748/15/6 3749/15/6
f 3749/15/6 3748/15/6 3750/15/6
f 3750/15/6 3748/15/6 3751/15/6
f 3748/14/6 3737/14/6 3752/14/6
f 3739/3/6 3740/3/6 3754/3/6
f 3724/3/6 3739/3/6 3754/3/6
f 3754/3/6 3740/3/6 3755/3/6
f 3743/13/6 3744/13/6 3758/13/6
f 3758/13/6 3744/13/6 3759/13/6
f 3750/16/6 3751/16/6 3760/16/6
f 3751/15/6 3748/15/6 3761/15/6
f 3760/16/6 3751/16/6 3761/16/6
f 3748/14/6 3752/14/6 3762/14/6
f 3761/15/6 3748/15/6 3762/15/6
f 3752/13/6 3753/13/6 3763/13/6
f 3762/14/6 3752/14/6 3763/14/6
f 3763/13/6 3753/13/6 3764/13/6
f 3724/3/6 3754/3/6 3766/3/6
f 3766/3/6 3754/3/6 3767/3/6
f 3756/14/6 3757/14/6 3769/14/6
f 3769/14/6 3757/14/6 3770/14/6
f 3770/14/6 3757/14/6 3771/14/6
f 3764/13/6 3765/13/6 3772/13/6
f 3772/13/6 3765/13/6 3773/13/6
f 3768/14/6 3769/14/6 3774/14/6
f 3769/15/6 3770/15/6 3775/15/6
f 3774/14/6 3769/14/6 3775/14/6
f 3775/15/6 3770/15/6 3776/15/6
f 3777/13/6 3778/13/6 3782/13/6
f 3778/7/6 3779/7/6 3783/7/6
f 3782/13/6 3778/13/6 3783/13/6
f 3779/13/6 3780/13/6 3784/13/6
f 3783/7/6 3779/7/6 3784/7/6
f 3784/13/6 3780/13/6 3785/13/6
f 3781/13/6 3782/13/6 3790/13/6
f 3790/13/6 3782/13/6 3791/13/6
f 3785/13/6 3786/13/6 3792/13/6
f 3784/13/6 3785/13/6 3792/13/6
f 3792/13/6 3786/13/6 3793/13/6
f 3793/13/6 3786/13/6 3794/13/6
f 3787/15/6 3788/15/6 3796/15/6
f 3796/15/6 3788/15/6 3797/15/6
f 3789/13/6 3790/13/6 3798/13/6
f 3798/13/6 3790/13/6 3799/13/6
f 3794/13/6 3795/13/6 3803/13/6
f 3803/13/6 3795/13/6 3804/13/6
f 3799/13/6 3800/13/6 3805/13/6
f 3805/13/6 3800/13/6 3806/13/6
f 3801/13/6 3802/13/6 3808/13/6
f 3802/13/6 3803/13/6 3808/13/6
f 3808/13/6 3803/13/6 3809/13/6
f 3809/13/6 3803/13/6 3810/13/6
f 3806/13/6 3807/13/6 3811/13/6
f 3807/7/6 3808/7/6 3812/7/6
f 3811/13/6 3807/13/6 3812/13/6
f 3808/13/6 3809/13/6 3813/13/6
f 3812/7/6 3808/7/6 3813/7/6
f 3813/13/6 3809/13/6 3814/13/6
f 3815/13/6 3816/13/6 3821/13/6
f 3816/7/6 3817/7/6 3822/7/6
f 3818/15/6 3819/15/6 3825/15/6
f 3825/15/6 3819/15/6 3826/15/6
f 3820/13/6 3821/13/6 3827/13/6
f 3821/13/6 3816/13/6 3828/13/6
f 3827/13/6 3821/13/6 3828/13/6
f 3816/7/6 3822/7/6 3829/7/6
f 3822/7/6 3823/7/6 3829/7/6
f 3823/13/6 3824/13/6 3830/13/6
f 3829/7/6 3823/7/6 3830/7/6
f 3830/13/6 3824/13/6 3831/13/6
f 3828/13/6 3816/13/6 3832/13/6
f 3816/7/6 3829/7/6 3833/7/6
f 3832/13/6 3816/13/6 3833/13/6
f 3833/7/6 3829/7/6 3834/7/6
