# MagicaVoxel @ Ephtracy

# group
o box_plant_white

# material
mtllib potted_plants-3-box_plant_white.mtl
usemtl palette

# normals
vn -1 0 0
vn 1 0 0
vn 0 0 1
vn 0 0 -1
vn 0 -1 0
vn 0 1 0

# texcoords
vt 0.0332031 0.5
vt 0.0371094 0.5
vt 0.0410156 0.5
vt 0.0449219 0.5
vt 0.0488281 0.5
vt 0.0527344 0.5
vt 0.0566406 0.5
vt 0.0605469 0.5
vt 0.0957031 0.5
vt 0.0996094 0.5
vt 0.103516 0.5
vt 0.107422 0.5
vt 0.111328 0.5
vt 0.115234 0.5
vt 0.119141 0.5
vt 0.123047 0.5
vt 0.220703 0.5
vt 0.224609 0.5
vt 0.228516 0.5
vt 0.232422 0.5
vt 0.236328 0.5
vt 0.240234 0.5
vt 0.244141 0.5
vt 0.248047 0.5
vt 0.408203 0.5

# verts
v -1 0 11.8
v -1 0 11
v -1 0.8 11.8
v -1 0.8 11.4
v -1 0.8 11.3
v -1 0.8 11
v -1 0.9 11.4
v -1 0.9 11.3
v -1 1 11.4
v -1 1 11.3
v -1 1.1 11.4
v -1 1.1 11.3
v -1 1.6 11.4
v -1 1.6 11.3
v -1 1.7 11.5
v -1 1.7 11.4
v -1 1.7 11.3
v -1 1.7 11.2
v -1 1.8 11.5
v -1 1.8 11.4
v -1 1.8 11.3
v -1 1.8 11.2
v -1 1.9 11.4
v -1 1.9 11.3
v -1 2 11.3
v -1 2 11.2
v -1 2.1 11.3
v -1 2.1 11.2
v -0.9 0.8 11.5
v -0.9 0.8 11.4
v -0.9 0.9 11.5
v -0.9 0.9 11.4
v -0.9 1 11.6
v -0.9 1 11.5
v -0.9 1 11.4
v -0.9 1 11.3
v -0.9 1 11.2
v -0.9 1.1 11.6
v -0.9 1.1 11.5
v -0.9 1.1 11.4
v -0.9 1.1 11.3
v -0.9 1.1 11.2
v -0.9 1.2 11.5
v -0.9 1.2 11.4
v -0.9 1.2 11.3
v -0.9 1.3 11.5
v -0.9 1.3 11.4
v -0.9 1.3 11.3
v -0.9 1.4 11.4
v -0.9 1.4 11.3
v -0.9 1.5 11.4
v -0.9 1.5 11.3
v -0.9 1.6 11.5
v -0.9 1.6 11.4
v -0.9 1.6 11.3
v -0.9 1.6 11.2
v -0.9 1.7 11.5
v -0.9 1.7 11.4
v -0.9 1.7 11.3
v -0.9 1.7 11.2
v -0.9 1.8 11.3
v -0.9 1.8 11.2
v -0.9 1.9 11.3
v -0.9 1.9 11.2
v -0.9 2 11.4
v -0.9 2 11.3
v -0.9 2.1 11.4
v -0.9 2.1 11.3
v -0.8 0.8 11.3
v -0.8 0.8 11.2
v -0.8 0.8 11.1
v -0.8 0.9 11.6
v -0.8 0.9 11.5
v -0.8 0.9 11.4
v -0.8 0.9 11.3
v -0.8 0.9 11.2
v -0.8 0.9 11.1
v -0.8 1 11.6
v -0.8 1 11.5
v -0.8 1 11.4
v -0.8 1 11.3
v -0.8 1 11.2
v -0.8 1 11.1
v -0.8 1.1 11.5
v -0.8 1.1 11.4
v -0.8 1.1 11.3
v -0.8 1.1 11.2
v -0.8 1.1 11.1
v -0.8 1.2 11.6
v -0.8 1.2 11.5
v -0.8 1.2 11.4
v -0.8 1.2 11.3
v -0.8 1.2 11.2
v -0.8 1.2 11.1
v -0.8 1.3 11.6
v -0.8 1.3 11.5
v -0.8 1.3 11.4
v -0.8 1.3 11.3
v -0.8 1.3 11.2
v -0.8 1.3 11.1
v -0.8 1.4 11.6
v -0.8 1.4 11.5
v -0.8 1.4 11.4
v -0.8 1.4 11.3
v -0.8 1.4 11.2
v -0.8 1.5 11.6
v -0.8 1.5 11.5
v -0.8 1.5 11.4
v -0.8 1.5 11.3
v -0.8 1.5 11.2
v -0.8 1.6 11.6
v -0.8 1.6 11.5
v -0.8 1.6 11.4
v -0.8 1.6 11.3
v -0.8 1.6 11.2
v -0.8 1.6 11.1
v -0.8 1.7 11.7
v -0.8 1.7 11.6
v -0.8 1.7 11.5
v -0.8 1.7 11.4
v -0.8 1.7 11.2
v -0.8 1.7 11.1
v -0.8 1.8 11.7
v -0.8 1.8 11.6
v -0.8 1.8 11.5
v -0.8 1.8 11.4
v -0.8 1.9 11.6
v -0.8 1.9 11.5
v -0.8 1.9 11.4
v -0.8 1.9 11.3
v -0.8 1.9 11.2
v -0.8 2 11.6
v -0.8 2 11.5
v -0.8 2 11.4
v -0.8 2 11.3
v -0.8 2 11.2
v -0.8 2.1 11.6
v -0.8 2.1 11.5
v -0.8 2.1 11.4
v -0.8 2.1 11.3
v -0.8 2.1 11.2
v -0.8 2.2 11.5
v -0.8 2.2 11.4
v -0.8 2.2 11.3
v -0.8 2.2 11.2
v -0.7 0.7 11.4
v -0.7 0.7 11.3
v -0.7 0.8 11.6
v -0.7 0.8 11.5
v -0.7 0.8 11.4
v -0.7 0.8 11.3
v -0.7 0.8 11.1
v -0.7 0.8 11
v -0.7 0.9 11.6
v -0.7 0.9 11.5
v -0.7 0.9 11.3
v -0.7 0.9 11.2
v -0.7 0.9 11.1
v -0.7 0.9 11
v -0.7 1 11.7
v -0.7 1 11.6
v -0.7 1 11.5
v -0.7 1 11.3
v -0.7 1 11.2
v -0.7 1.1 11.7
v -0.7 1.1 11.6
v -0.7 1.1 11.5
v -0.7 1.1 11.4
v -0.7 1.1 11.3
v -0.7 1.1 11.2
v -0.7 1.1 11.1
v -0.7 1.2 11.6
v -0.7 1.2 11.5
v -0.7 1.2 11.4
v -0.7 1.2 11.3
v -0.7 1.2 11.2
v -0.7 1.2 11.1
v -0.7 1.4 11.3
v -0.7 1.4 11.2
v -0.7 1.4 11.1
v -0.7 1.5 11.4
v -0.7 1.5 11.3
v -0.7 1.5 11.2
v -0.7 1.5 11.1
v -0.7 1.6 11.7
v -0.7 1.6 11.6
v -0.7 1.6 11.4
v -0.7 1.6 11.3
v -0.7 1.7 11.7
v -0.7 1.7 11.6
v -0.7 1.8 11.2
v -0.7 1.8 11.1
v -0.7 1.8 11
v -0.7 1.9 11.2
v -0.7 1.9 11.1
v -0.7 1.9 11
v -0.7 2 11.5
v -0.7 2 11.4
v -0.7 2 11.2
v -0.7 2 11.1
v -0.7 2.1 11.6
v -0.7 2.1 11.5
v -0.7 2.1 11.4
v -0.7 2.1 11.2
v -0.7 2.1 11.1
v -0.7 2.2 11.6
v -0.7 2.2 11.5
v -0.7 2.2 11.4
v -0.7 2.2 11.3
v -0.7 2.3 11.4
v -0.7 2.3 11.3
v -0.6 1 11.5
v -0.6 1 11.4
v -0.6 1.1 11.5
v -0.6 1.1 11.4
v -0.6 1.3 11.6
v -0.6 1.3 11.5
v -0.6 1.4 11.6
v -0.6 1.4 11.5
v -0.6 1.7 11.3
v -0.6 1.7 11.2
v -0.6 1.7 11.1
v -0.6 1.8 11.3
v -0.6 1.8 11.2
v -0.6 1.8 11.1
v -0.5 1.2 11.5
v -0.5 1.2 11.4
v -0.5 1.3 11.5
v -0.5 1.3 11.4
v -0.3 1.1 11.5
v -0.3 1.1 11.4
v -0.3 1.2 11.5
v -0.3 1.2 11.4
v -0.3 1.7 11.5
v -0.3 1.7 11.4
v -0.3 1.8 11.6
v -0.3 1.8 11.5
v -0.3 1.8 11.4
v -0.3 1.8 11.3
v -0.3 1.9 11.6
v -0.3 1.9 11.5
v -0.3 1.9 11.4
v -0.3 1.9 11.3
v -0.2 0.9 11.6
v -0.2 0.9 11.4
v -0.2 1 11.6
v -0.2 1 11.4
v -0.2 1 11.3
v -0.2 1.1 11.7
v -0.2 1.1 11.6
v -0.2 1.1 11.5
v -0.2 1.1 11.4
v -0.2 1.1 11.3
v -0.2 1.1 11.2
v -0.2 1.2 11.7
v -0.2 1.2 11.6
v -0.2 1.2 11.5
v -0.2 1.2 11.4
v -0.2 1.2 11.3
v -0.2 1.2 11.2
v -0.2 1.3 11.6
v -0.2 1.3 11.5
v -0.2 1.3 11.4
v -0.2 1.3 11.3
v -0.2 1.4 11.6
v -0.2 1.4 11.5
v -0.2 1.4 11.4
v -0.2 1.4 11.3
v -0.2 1.5 11.6
v -0.2 1.5 11.5
v -0.2 1.5 11.4
v -0.2 1.5 11.3
v -0.2 1.6 11.4
v -0.2 1.6 11.3
v -0.2 1.7 11.4
v -0.2 1.7 11.3
v -0.2 1.8 11.4
v -0.2 1.8 11.3
v -0.2 1.9 11.5
v -0.2 1.9 11.4
v -0.2 1.9 11.3
v -0.2 2 11.5
v -0.2 2 11.4
v -0.2 2 11.3
v -0.2 2.1 11.5
v -0.2 2.1 11.4
v -0.2 2.2 11.5
v -0.2 2.2 11.4
v -0.2 2.2 11.3
v -0.2 2.3 11.4
v -0.2 2.3 11.3
v -0.1 0.9 11.4
v -0.1 0.9 11.2
v -0.1 1 11.7
v -0.1 1 11.6
v -0.1 1 11.5
v -0.1 1 11.4
v -0.1 1 11.3
v -0.1 1 11.2
v -0.1 1.1 11.7
v -0.1 1.1 11.6
v -0.1 1.1 11.5
v -0.1 1.1 11.4
v -0.1 1.1 11.3
v -0.1 1.2 11.7
v -0.1 1.2 11.6
v -0.1 1.2 11.4
v -0.1 1.2 11.3
v -0.1 1.3 11.6
v -0.1 1.3 11.4
v -0.1 1.3 11.3
v -0.1 1.3 11.2
v -0.1 1.4 11.7
v -0.1 1.4 11.6
v -0.1 1.4 11.5
v -0.1 1.4 11.4
v -0.1 1.4 11.3
v -0.1 1.4 11.2
v -0.1 1.5 11.7
v -0.1 1.5 11.6
v -0.1 1.5 11.5
v -0.1 1.5 11.4
v -0.1 1.5 11.3
v -0.1 1.6 11.7
v -0.1 1.6 11.6
v -0.1 1.6 11.5
v -0.1 1.6 11.4
v -0.1 1.6 11.3
v -0.1 1.7 11.7
v -0.1 1.7 11.6
v -0.1 1.7 11.5
v -0.1 1.7 11.4
v -0.1 1.7 11.3
v -0.1 1.7 11.2
v -0.1 1.8 11.6
v -0.1 1.8 11.5
v -0.1 1.8 11.3
v -0.1 1.8 11.2
v -0.1 1.8 11.1
v -0.1 1.9 11.6
v -0.1 1.9 11.5
v -0.1 1.9 11.2
v -0.1 1.9 11.1
v -0.1 2 11.6
v -0.1 2 11.5
v -0.1 2 11.4
v -0.1 2.1 11.5
v -0.1 2.1 11.4
v -0.1 2.1 11.3
v -0.1 2.1 11.2
v -0.1 2.2 11.5
v -0.1 2.2 11.4
v -0.1 2.2 11.3
v -0.1 2.2 11.2
v -0.1 2.3 11.5
v -0.1 2.3 11.4
v -7.45058e-009 0.7 11.5
v -7.45058e-009 0.7 11.4
v -7.45058e-009 0.8 11.5
v -7.45058e-009 0.8 11.4
v -7.45058e-009 0.9 11.7
v -7.45058e-009 0.9 11.6
v -7.45058e-009 0.9 11.5
v -7.45058e-009 0.9 11.4
v -7.45058e-009 0.9 11.2
v -7.45058e-009 0.9 11.1
v -7.45058e-009 1 11.7
v -7.45058e-009 1 11.6
v -7.45058e-009 1 11.2
v -7.45058e-009 1 11.1
v -7.45058e-009 1.1 11.5
v -7.45058e-009 1.1 11.4
v -7.45058e-009 1.1 11.2
v -7.45058e-009 1.1 11.1
v -7.45058e-009 1.2 11.5
v -7.45058e-009 1.2 11.4
v -7.45058e-009 1.2 11.3
v -7.45058e-009 1.2 11.2
v -7.45058e-009 1.2 11.1
v -7.45058e-009 1.3 11.6
v -7.45058e-009 1.3 11.5
v -7.45058e-009 1.3 11.3
v -7.45058e-009 1.3 11.2
v -7.45058e-009 1.4 11.6
v -7.45058e-009 1.4 11.5
v -7.45058e-009 1.5 11.3
v -7.45058e-009 1.5 11.2
v -7.45058e-009 1.6 11.3
v -7.45058e-009 1.6 11.2
v -7.45058e-009 1.7 11.7
v -7.45058e-009 1.7 11.6
v -7.45058e-009 1.7 11.2
v -7.45058e-009 1.7 11.1
v -7.45058e-009 1.8 11.7
v -7.45058e-009 1.8 11.6
v -7.45058e-009 1.8 11.3
v -7.45058e-009 1.8 11.2
v -7.45058e-009 1.8 11.1
v -7.45058e-009 1.9 11.7
v -7.45058e-009 1.9 11.6
v -7.45058e-009 1.9 11.3
v -7.45058e-009 1.9 11.2
v -7.45058e-009 1.9 11.1
v -7.45058e-009 2 11.7
v -7.45058e-009 2 11.6
v -7.45058e-009 2 11.5
v -7.45058e-009 2 11.4
v -7.45058e-009 2 11.3
v -7.45058e-009 2 11.2
v -7.45058e-009 2 11.1
v -7.45058e-009 2.1 11.7
v -7.45058e-009 2.1 11.6
v -7.45058e-009 2.1 11.5
v -7.45058e-009 2.1 11.4
v -7.45058e-009 2.1 11.3
v -7.45058e-009 2.1 11.2
v -7.45058e-009 2.1 11.1
v -7.45058e-009 2.1 11
v -7.45058e-009 2.2 11.7
v -7.45058e-009 2.2 11.6
v -7.45058e-009 2.2 11.5
v -7.45058e-009 2.2 11.4
v -7.45058e-009 2.2 11.3
v -7.45058e-009 2.2 11.2
v -7.45058e-009 2.2 11.1
v -7.45058e-009 2.2 11
v -7.45058e-009 2.3 11.6
v -7.45058e-009 2.3 11.5
v -7.45058e-009 2.3 11.4
v -7.45058e-009 2.3 11.3
v -7.45058e-009 2.3 11.2
v -7.45058e-009 2.4 11.5
v -7.45058e-009 2.4 11.4
v 0.1 1.1 11.7
v 0.1 1.1 11.6
v 0.1 1.2 11.7
v 0.1 1.2 11.6
v 0.1 1.2 11.4
v 0.1 1.2 11.3
v 0.1 1.3 11.4
v 0.1 1.3 11.3
v 0.1 1.4 11.7
v 0.1 1.4 11.6
v 0.1 1.5 11.7
v 0.1 1.5 11.6
v 0.1 1.6 11.4
v 0.1 1.6 11.3
v 0.1 1.7 11.4
v 0.1 1.7 11.3
v 0.2 1.1 11.4
v 0.2 1.1 11.3
v 0.2 1.2 11.4
v 0.2 1.2 11.3
v 0.4 0.8 11.4
v 0.4 0.8 11.3
v 0.4 0.9 11.4
v 0.4 0.9 11.3
v 0.4 0.9 11.2
v 0.4 1 11.5
v 0.4 1 11.4
v 0.4 1 11.3
v 0.4 1 11.2
v 0.4 1 11.1
v 0.4 1.1 11.5
v 0.4 1.1 11.4
v 0.4 1.1 11.3
v 0.4 1.1 11.2
v 0.4 1.1 11.1
v 0.4 1.2 11.5
v 0.4 1.2 11.4
v 0.4 1.2 11.3
v 0.4 1.2 11.2
v 0.4 1.3 11.5
v 0.4 1.3 11.4
v 0.4 1.3 11.3
v 0.4 1.3 11.2
v 0.4 1.4 11.5
v 0.4 1.4 11.4
v 0.4 1.4 11.3
v 0.4 1.4 11.2
v 0.4 1.5 11.4
v 0.4 1.5 11.3
v 0.4 1.5 11.2
v 0.4 1.6 11.4
v 0.4 1.6 11.3
v 0.4 1.6 11.2
v 0.4 1.7 11.4
v 0.4 1.7 11.3
v 0.4 1.8 11.4
v 0.4 1.8 11.3
v 0.4 1.9 11.4
v 0.4 1.9 11.3
v 0.4 2 11.4
v 0.4 2 11.3
v 0.4 2.1 11.4
v 0.4 2.1 11.3
v 0.5 0.8 11.3
v 0.5 0.8 11.1
v 0.5 0.9 11.5
v 0.5 0.9 11.4
v 0.5 0.9 11.3
v 0.5 0.9 11.2
v 0.5 0.9 11.1
v 0.5 1 11.6
v 0.5 1 11.5
v 0.5 1 11.4
v 0.5 1 11.3
v 0.5 1 11.2
v 0.5 1.1 11.6
v 0.5 1.1 11.5
v 0.5 1.1 11.4
v 0.5 1.1 11.3
v 0.5 1.1 11.2
v 0.5 1.1 11.1
v 0.5 1.2 11.6
v 0.5 1.2 11.5
v 0.5 1.2 11.2
v 0.5 1.2 11.1
v 0.5 1.3 11.4
v 0.5 1.3 11.3
v 0.5 1.3 11.2
v 0.5 1.3 11.1
v 0.5 1.4 11.6
v 0.5 1.4 11.5
v 0.5 1.4 11.4
v 0.5 1.4 11.3
v 0.5 1.4 11.2
v 0.5 1.4 11.1
v 0.5 1.5 11.6
v 0.5 1.5 11.5
v 0.5 1.5 11.4
v 0.5 1.5 11.3
v 0.5 1.6 11.5
v 0.5 1.6 11.4
v 0.5 1.6 11.3
v 0.5 1.6 11.2
v 0.5 1.7 11.6
v 0.5 1.7 11.5
v 0.5 1.7 11.4
v 0.5 1.7 11.3
v 0.5 1.7 11.2
v 0.5 1.7 11.1
v 0.5 1.7 11
v 0.5 1.8 11.6
v 0.5 1.8 11.5
v 0.5 1.8 11.4
v 0.5 1.8 11.3
v 0.5 1.8 11.2
v 0.5 1.8 11.1
v 0.5 1.8 11
v 0.5 1.9 11.5
v 0.5 1.9 11.4
v 0.5 1.9 11.3
v 0.5 1.9 11.2
v 0.5 2 11.5
v 0.5 2 11.4
v 0.5 2 11.3
v 0.5 2.1 11.6
v 0.5 2.1 11.5
v 0.5 2.1 11.4
v 0.5 2.1 11.3
v 0.5 2.1 11.2
v 0.5 2.1 11.1
v 0.5 2.2 11.6
v 0.5 2.2 11.5
v 0.5 2.2 11.4
v 0.5 2.2 11.3
v 0.5 2.2 11.2
v 0.5 2.2 11.1
v 0.5 2.3 11.5
v 0.5 2.3 11.4
v 0.5 2.3 11.3
v 0.5 2.3 11.2
v 0.6 0.7 11.4
v 0.6 0.7 11.3
v 0.6 0.8 11.7
v 0.6 0.8 11.6
v 0.6 0.8 11.5
v 0.6 0.8 11.4
v 0.6 0.8 11.3
v 0.6 0.9 11.7
v 0.6 0.9 11.6
v 0.6 0.9 11.5
v 0.6 0.9 11.4
v 0.6 1 11.1
v 0.6 1 11
v 0.6 1.1 11.1
v 0.6 1.1 11
v 0.6 1.2 11.6
v 0.6 1.2 11.5
v 0.6 1.2 11.3
v 0.6 1.2 11.2
v 0.6 1.3 11.6
v 0.6 1.3 11.5
v 0.6 1.3 11.3
v 0.6 1.3 11.2
v 0.6 1.5 11.5
v 0.6 1.5 11.4
v 0.6 1.6 11.6
v 0.6 1.6 11.5
v 0.6 1.6 11.4
v 0.6 1.6 11.2
v 0.6 1.6 11
v 0.6 1.7 11.6
v 0.6 1.7 11.5
v 0.6 1.7 11.2
v 0.6 1.7 11.1
v 0.6 1.7 11
v 0.6 1.8 11.7
v 0.6 1.8 11.6
v 0.6 1.8 11.5
v 0.6 1.8 11.2
v 0.6 1.8 11.1
v 0.6 1.9 11.7
v 0.6 1.9 11.6
v 0.6 1.9 11.5
v 0.6 1.9 11.3
v 0.6 1.9 11.2
v 0.6 1.9 11.1
v 0.6 2 11.6
v 0.6 2 11.5
v 0.6 2 11.4
v 0.6 2 11.3
v 0.6 2 11.2
v 0.6 2 11.1
v 0.6 2.1 11.6
v 0.6 2.1 11.5
v 0.6 2.1 11.4
v 0.6 2.1 11.3
v 0.6 2.1 11.2
v 0.6 2.1 11.1
v 0.6 2.2 11.4
v 0.6 2.2 11.3
v 0.6 2.3 11.4
v 0.6 2.3 11.3
v 0.7 0.9 11.2
v 0.7 0.9 11.1
v 0.7 1 11.3
v 0.7 1 11.2
v 0.7 1 11.1
v 0.7 1.1 11.3
v 0.7 1.1 11.2
v 0.7 1.3 11.2
v 0.7 1.3 11.1
v 0.7 1.4 11.2
v 0.7 1.4 11.1
v 0.7 1.5 11.2
v 0.7 1.5 11.1
v 0.7 1.6 11.2
v 0.7 1.6 11.1
v 0.7 1.7 11.5
v 0.7 1.7 11.4
v 0.7 1.8 11.5
v 0.7 1.8 11.4
v 0.8 1 11.5
v 0.8 1 11.4
v 0.8 1 11.2
v 0.8 1 11.1
v 0.8 1.1 11.5
v 0.8 1.1 11.4
v 0.8 1.1 11.3
v 0.8 1.1 11.2
v 0.8 1.1 11.1
v 0.8 1.2 11.4
v 0.8 1.2 11.3
v 0.9 0.7 11.7
v 0.9 0.7 11.6
v 0.9 0.7 11.5
v 0.9 0.7 11.4
v 0.9 0.7 11.3
v 0.9 0.7 11.2
v 0.9 0.7 11.1
v 0.9 0.8 11.7
v 0.9 0.8 11.4
v 0.9 0.8 11.3
v 0.9 0.8 11.2
v 0.9 0.8 11.1
v 0.9 1.7 11.3
v 0.9 1.7 11.2
v 0.9 1.8 11.3
v 0.9 1.8 11.2
v -0.9 0.7 11.7
v -0.9 0.7 11.6
v -0.9 0.7 11.5
v -0.9 0.7 11.4
v -0.9 0.7 11.3
v -0.9 0.7 11.2
v -0.9 0.7 11.1
v -0.9 0.8 11.7
v -0.9 0.8 11.5
v -0.9 0.8 11.4
v -0.9 0.8 11.3
v -0.9 0.8 11.1
v -0.9 1.7 11.5
v -0.9 1.7 11.4
v -0.9 1.8 11.5
v -0.9 1.8 11.4
v -0.8 1 11.6
v -0.8 1 11.5
v -0.8 1 11.3
v -0.8 1 11.2
v -0.8 1.1 11.6
v -0.8 1.1 11.5
v -0.8 1.1 11.4
v -0.8 1.1 11.3
v -0.8 1.1 11.2
v -0.8 1.2 11.4
v -0.8 1.2 11.3
v -0.7 0.9 11.6
v -0.7 0.9 11.5
v -0.7 1 11.6
v -0.7 1 11.5
v -0.7 1 11.4
v -0.7 1.1 11.5
v -0.7 1.1 11.4
v -0.7 1.3 11.6
v -0.7 1.3 11.5
v -0.7 1.4 11.6
v -0.7 1.4 11.5
v -0.7 1.5 11.6
v -0.7 1.5 11.5
v -0.7 1.6 11.6
v -0.7 1.6 11.5
v -0.7 1.7 11.3
v -0.7 1.7 11.2
v -0.7 1.8 11.3
v -0.7 1.8 11.2
v -0.6 0.7 11.4
v -0.6 0.7 11.3
v -0.6 0.8 11.4
v -0.6 0.8 11.3
v -0.6 0.8 11.2
v -0.6 0.8 11.1
v -0.6 0.8 11
v -0.6 0.9 11.3
v -0.6 0.9 11.2
v -0.6 0.9 11.1
v -0.6 0.9 11
v -0.6 1 11.7
v -0.6 1 11.6
v -0.6 1.1 11.7
v -0.6 1.1 11.6
v -0.6 1.2 11.5
v -0.6 1.2 11.4
v -0.6 1.2 11.2
v -0.6 1.2 11.1
v -0.6 1.3 11.5
v -0.6 1.3 11.4
v -0.6 1.3 11.2
v -0.6 1.3 11.1
v -0.6 1.5 11.3
v -0.6 1.5 11.2
v -0.6 1.6 11.7
v -0.6 1.6 11.6
v -0.6 1.6 11.5
v -0.6 1.6 11.3
v -0.6 1.6 11.2
v -0.6 1.6 11.1
v -0.6 1.7 11.7
v -0.6 1.7 11.6
v -0.6 1.7 11.5
v -0.6 1.7 11.2
v -0.6 1.7 11.1
v -0.6 1.8 11.6
v -0.6 1.8 11.5
v -0.6 1.8 11.2
v -0.6 1.8 11.1
v -0.6 1.8 11
v -0.6 1.9 11.6
v -0.6 1.9 11.5
v -0.6 1.9 11.4
v -0.6 1.9 11.2
v -0.6 1.9 11.1
v -0.6 1.9 11
v -0.6 2 11.6
v -0.6 2 11.5
v -0.6 2 11.4
v -0.6 2 11.3
v -0.6 2 11.2
v -0.6 2 11.1
v -0.6 2.1 11.6
v -0.6 2.1 11.5
v -0.6 2.1 11.4
v -0.6 2.1 11.3
v -0.6 2.1 11.2
v -0.6 2.1 11.1
v -0.6 2.2 11.6
v -0.6 2.2 11.5
v -0.6 2.2 11.4
v -0.6 2.2 11.3
v -0.6 2.2 11.2
v -0.6 2.3 11.4
v -0.6 2.3 11.3
v -0.5 0.8 11.6
v -0.5 0.8 11.5
v -0.5 0.8 11.4
v -0.5 0.9 11.6
v -0.5 0.9 11.5
v -0.5 0.9 11.4
v -0.5 0.9 11.3
v -0.5 0.9 11.2
v -0.5 1 11.5
v -0.5 1 11.4
v -0.5 1 11.3
v -0.5 1 11.2
v -0.5 1 11.1
v -0.5 1.1 11.6
v -0.5 1.1 11.5
v -0.5 1.1 11.4
v -0.5 1.1 11.3
v -0.5 1.1 11.2
v -0.5 1.1 11.1
v -0.5 1.2 11.6
v -0.5 1.2 11.5
v -0.5 1.2 11.2
v -0.5 1.2 11.1
v -0.5 1.3 11.6
v -0.5 1.3 11.5
v -0.5 1.3 11.4
v -0.5 1.3 11.3
v -0.5 1.4 11.6
v -0.5 1.4 11.5
v -0.5 1.4 11.4
v -0.5 1.4 11.3
v -0.5 1.4 11.2
v -0.5 1.4 11.1
v -0.5 1.5 11.4
v -0.5 1.5 11.3
v -0.5 1.5 11.2
v -0.5 1.5 11.1
v -0.5 1.6 11.5
v -0.5 1.6 11.4
v -0.5 1.6 11.3
v -0.5 1.6 11.2
v -0.5 1.7 11.7
v -0.5 1.7 11.6
v -0.5 1.7 11.5
v -0.5 1.7 11.4
v -0.5 1.7 11.3
v -0.5 1.7 11.2
v -0.5 1.7 11.1
v -0.5 1.8 11.7
v -0.5 1.8 11.6
v -0.5 1.8 11.5
v -0.5 1.8 11.4
v -0.5 1.8 11.3
v -0.5 1.8 11.2
v -0.5 1.8 11.1
v -0.5 1.9 11.5
v -0.5 1.9 11.4
v -0.5 1.9 11.3
v -0.5 1.9 11.2
v -0.5 2 11.5
v -0.5 2 11.4
v -0.5 2 11.3
v -0.5 2 11.2
v -0.5 2.1 11.5
v -0.5 2.1 11.4
v -0.5 2.1 11.3
v -0.5 2.2 11.4
v -0.5 2.2 11.3
v -0.4 0.8 11.4
v -0.4 0.8 11.3
v -0.4 0.9 11.5
v -0.4 0.9 11.4
v -0.4 0.9 11.3
v -0.4 1 11.6
v -0.4 1 11.5
v -0.4 1 11.4
v -0.4 1 11.3
v -0.4 1 11.2
v -0.4 1.1 11.6
v -0.4 1.1 11.5
v -0.4 1.1 11.3
v -0.4 1.1 11.2
v -0.4 1.2 11.5
v -0.4 1.2 11.4
v -0.4 1.2 11.3
v -0.4 1.2 11.2
v -0.4 1.3 11.4
v -0.4 1.3 11.3
v -0.4 1.3 11.2
v -0.4 1.4 11.5
v -0.4 1.4 11.4
v -0.4 1.4 11.3
v -0.4 1.4 11.2
v -0.4 1.5 11.4
v -0.4 1.5 11.3
v -0.4 1.6 11.5
v -0.4 1.6 11.4
v -0.4 1.6 11.3
v -0.4 1.7 11.4
v -0.4 1.7 11.3
v -0.4 1.8 11.4
v -0.4 1.8 11.3
v -0.4 1.9 11.4
v -0.4 1.9 11.3
v -0.4 2 11.4
v -0.4 2 11.3
v -0.4 2.1 11.4
v -0.4 2.1 11.3
v -0.2 1.8 11.6
v -0.2 1.8 11.5
v -0.2 1.9 11.6
v -0.2 1.9 11.5
v -0.1 1.1 11.7
v -0.1 1.1 11.6
v -0.1 1.1 11.5
v -0.1 1.1 11.4
v -0.1 1.2 11.7
v -0.1 1.2 11.6
v -0.1 1.2 11.5
v -0.1 1.2 11.4
v -0.1 1.3 11.6
v -0.1 1.3 11.5
v -0.1 1.4 11.6
v -0.1 1.4 11.5
v -7.45058e-009 1 11.7
v -7.45058e-009 1 11.6
v -7.45058e-009 1.1 11.7
v -7.45058e-009 1.1 11.6
v -7.45058e-009 1.2 11.4
v -7.45058e-009 1.2 11.3
v -7.45058e-009 1.3 11.4
v -7.45058e-009 1.3 11.3
v -7.45058e-009 1.4 11.7
v -7.45058e-009 1.4 11.6
v -7.45058e-009 1.5 11.7
v -7.45058e-009 1.5 11.6
v -7.45058e-009 1.6 11.7
v -7.45058e-009 1.6 11.6
v -7.45058e-009 1.6 11.4
v -7.45058e-009 1.6 11.3
v -7.45058e-009 1.7 11.7
v -7.45058e-009 1.7 11.6
v -7.45058e-009 1.7 11.4
v -7.45058e-009 1.7 11.3
v 0.1 0.7 11.5
v 0.1 0.7 11.4
v 0.1 0.8 11.5
v 0.1 0.8 11.4
v 0.1 0.9 11.7
v 0.1 0.9 11.6
v 0.1 0.9 11.5
v 0.1 0.9 11.4
v 0.1 0.9 11.3
v 0.1 0.9 11.2
v 0.1 0.9 11.1
v 0.1 1 11.7
v 0.1 1 11.6
v 0.1 1 11.5
v 0.1 1 11.4
v 0.1 1 11.3
v 0.1 1 11.2
v 0.1 1 11.1
v 0.1 1.1 11.4
v 0.1 1.1 11.3
v 0.1 1.1 11.2
v 0.1 1.1 11.1
v 0.1 1.2 11.4
v 0.1 1.2 11.3
v 0.1 1.2 11.2
v 0.1 1.2 11.1
v 0.1 1.3 11.3
v 0.1 1.3 11.2
v 0.1 1.4 11.3
v 0.1 1.4 11.2
v 0.1 1.5 11.7
v 0.1 1.5 11.6
v 0.1 1.5 11.4
v 0.1 1.5 11.3
v 0.1 1.5 11.2
v 0.1 1.6 11.7
v 0.1 1.6 11.6
v 0.1 1.6 11.5
v 0.1 1.6 11.4
v 0.1 1.6 11.3
v 0.1 1.6 11.2
v 0.1 1.7 11.7
v 0.1 1.7 11.6
v 0.1 1.7 11.5
v 0.1 1.7 11.2
v 0.1 1.7 11.1
v 0.1 1.8 11.7
v 0.1 1.8 11.6
v 0.1 1.8 11.5
v 0.1 1.8 11.4
v 0.1 1.8 11.2
v 0.1 1.8 11.1
v 0.1 1.9 11.7
v 0.1 1.9 11.6
v 0.1 1.9 11.5
v 0.1 1.9 11.4
v 0.1 1.9 11.2
v 0.1 1.9 11.1
v 0.1 2 11.7
v 0.1 2 11.6
v 0.1 2 11.2
v 0.1 2 11.1
v 0.1 2.1 11.7
v 0.1 2.1 11.6
v 0.1 2.1 11.5
v 0.1 2.1 11.4
v 0.1 2.1 11.3
v 0.1 2.1 11.2
v 0.1 2.1 11.1
v 0.1 2.1 11
v 0.1 2.2 11.7
v 0.1 2.2 11.6
v 0.1 2.2 11.5
v 0.1 2.2 11.4
v 0.1 2.2 11.3
v 0.1 2.2 11.2
v 0.1 2.2 11.1
v 0.1 2.2 11
v 0.1 2.3 11.6
v 0.1 2.3 11.5
v 0.1 2.3 11.4
v 0.1 2.4 11.5
v 0.1 2.4 11.4
v 0.2 1 11.6
v 0.2 1 11.5
v 0.2 1 11.4
v 0.2 1.1 11.7
v 0.2 1.1 11.6
v 0.2 1.1 11.5
v 0.2 1.1 11.4
v 0.2 1.1 11.3
v 0.2 1.1 11.2
v 0.2 1.2 11.7
v 0.2 1.2 11.6
v 0.2 1.2 11.4
v 0.2 1.2 11.3
v 0.2 1.2 11.2
v 0.2 1.3 11.7
v 0.2 1.3 11.6
v 0.2 1.3 11.5
v 0.2 1.3 11.4
v 0.2 1.3 11.3
v 0.2 1.4 11.7
v 0.2 1.4 11.6
v 0.2 1.4 11.5
v 0.2 1.4 11.4
v 0.2 1.4 11.3
v 0.2 1.5 11.7
v 0.2 1.5 11.6
v 0.2 1.5 11.5
v 0.2 1.5 11.4
v 0.2 1.5 11.3
v 0.2 1.6 11.5
v 0.2 1.6 11.4
v 0.2 1.6 11.3
v 0.2 1.7 11.6
v 0.2 1.7 11.5
v 0.2 1.7 11.4
v 0.2 1.7 11.3
v 0.2 1.7 11.2
v 0.2 1.8 11.6
v 0.2 1.8 11.5
v 0.2 1.8 11.4
v 0.2 1.8 11.3
v 0.2 1.8 11.2
v 0.2 1.8 11.1
v 0.2 1.9 11.6
v 0.2 1.9 11.5
v 0.2 1.9 11.4
v 0.2 1.9 11.3
v 0.2 1.9 11.2
v 0.2 1.9 11.1
v 0.2 2 11.6
v 0.2 2 11.5
v 0.2 2 11.4
v 0.2 2 11.3
v 0.2 2 11.2
v 0.2 2.1 11.6
v 0.2 2.1 11.5
v 0.2 2.1 11.4
v 0.2 2.1 11.3
v 0.2 2.2 11.5
v 0.2 2.2 11.4
v 0.2 2.2 11.3
v 0.2 2.2 11.2
v 0.2 2.3 11.5
v 0.2 2.3 11.4
v 0.2 2.3 11.3
v 0.2 2.3 11.2
v 0.3 0.9 11.4
v 0.3 0.9 11.3
v 0.3 1 11.4
v 0.3 1 11.3
v 0.3 1.1 11.6
v 0.3 1.1 11.5
v 0.3 1.1 11.4
v 0.3 1.1 11.3
v 0.3 1.2 11.6
v 0.3 1.2 11.5
v 0.3 1.2 11.4
v 0.3 1.2 11.3
v 0.3 1.3 11.6
v 0.3 1.3 11.5
v 0.3 1.3 11.4
v 0.3 1.3 11.3
v 0.3 1.4 11.5
v 0.3 1.4 11.4
v 0.3 1.4 11.3
v 0.3 1.5 11.6
v 0.3 1.5 11.5
v 0.3 1.5 11.4
v 0.3 1.6 11.6
v 0.3 1.6 11.5
v 0.3 1.6 11.4
v 0.3 1.7 11.5
v 0.3 1.7 11.4
v 0.3 1.7 11.3
v 0.3 1.8 11.6
v 0.3 1.8 11.5
v 0.3 1.8 11.4
v 0.3 1.8 11.3
v 0.3 1.9 11.6
v 0.3 1.9 11.5
v 0.3 2.1 11.5
v 0.3 2.1 11.4
v 0.3 2.2 11.5
v 0.3 2.2 11.4
v 0.4 0.9 11.5
v 0.4 0.9 11.4
v 0.4 1 11.5
v 0.4 1 11.4
v 0.4 1.9 11.5
v 0.4 1.9 11.4
v 0.4 2 11.5
v 0.4 2 11.4
v 0.5 1.2 11.3
v 0.5 1.2 11.2
v 0.5 1.3 11.3
v 0.5 1.3 11.2
v 0.6 1 11.3
v 0.6 1 11.2
v 0.6 1.1 11.3
v 0.6 1.1 11.2
v 0.6 1.3 11.2
v 0.6 1.3 11.1
v 0.6 1.4 11.2
v 0.6 1.4 11.1
v 0.6 1.7 11.6
v 0.6 1.7 11.5
v 0.6 1.7 11.4
v 0.6 1.8 11.6
v 0.6 1.8 11.5
v 0.6 1.8 11.4
v 0.6 2.2 11.5
v 0.6 2.2 11.4
v 0.6 2.2 11.3
v 0.6 2.2 11.2
v 0.6 2.3 11.5
v 0.6 2.3 11.4
v 0.6 2.3 11.3
v 0.6 2.3 11.2
v 0.7 0.7 11.4
v 0.7 0.7 11.3
v 0.7 0.8 11.7
v 0.7 0.8 11.6
v 0.7 0.8 11.4
v 0.7 0.8 11.3
v 0.7 0.8 11.2
v 0.7 0.8 11.1
v 0.7 0.9 11.7
v 0.7 0.9 11.6
v 0.7 0.9 11.5
v 0.7 0.9 11.4
v 0.7 0.9 11.2
v 0.7 0.9 11.1
v 0.7 1 11.5
v 0.7 1 11.4
v 0.7 1 11.2
v 0.7 1 11.1
v 0.7 1 11
v 0.7 1.1 11.6
v 0.7 1.1 11.5
v 0.7 1.1 11.4
v 0.7 1.1 11.3
v 0.7 1.1 11.2
v 0.7 1.1 11.1
v 0.7 1.1 11
v 0.7 1.2 11.6
v 0.7 1.2 11.5
v 0.7 1.2 11.4
v 0.7 1.2 11.3
v 0.7 1.2 11.2
v 0.7 1.2 11.1
v 0.7 1.4 11.6
v 0.7 1.4 11.5
v 0.7 1.4 11.4
v 0.7 1.5 11.6
v 0.7 1.5 11.5
v 0.7 1.5 11.4
v 0.7 1.5 11.3
v 0.7 1.6 11.4
v 0.7 1.6 11.3
v 0.7 1.6 11.1
v 0.7 1.6 11
v 0.7 1.7 11.1
v 0.7 1.7 11
v 0.7 1.8 11.7
v 0.7 1.8 11.6
v 0.7 1.8 11.5
v 0.7 1.9 11.7
v 0.7 1.9 11.6
v 0.7 1.9 11.5
v 0.7 1.9 11.3
v 0.7 1.9 11.2
v 0.7 2 11.6
v 0.7 2 11.5
v 0.7 2 11.4
v 0.7 2 11.3
v 0.7 2 11.2
v 0.7 2 11.1
v 0.7 2.1 11.6
v 0.7 2.1 11.5
v 0.7 2.1 11.4
v 0.7 2.1 11.3
v 0.7 2.1 11.2
v 0.7 2.1 11.1
v 0.7 2.2 11.6
v 0.7 2.2 11.5
v 0.7 2.2 11.4
v 0.7 2.2 11.3
v 0.7 2.2 11.2
v 0.7 2.2 11.1
v 0.7 2.3 11.4
v 0.7 2.3 11.3
v 0.8 0.8 11.6
v 0.8 0.8 11.5
v 0.8 0.8 11.4
v 0.8 0.9 11.6
v 0.8 0.9 11.5
v 0.8 0.9 11.4
v 0.8 0.9 11.3
v 0.8 0.9 11.2
v 0.8 0.9 11.1
v 0.8 1 11.6
v 0.8 1 11.5
v 0.8 1 11.4
v 0.8 1 11.2
v 0.8 1 11.1
v 0.8 1.1 11.6
v 0.8 1.1 11.5
v 0.8 1.1 11.4
v 0.8 1.1 11.3
v 0.8 1.1 11.2
v 0.8 1.2 11.6
v 0.8 1.2 11.5
v 0.8 1.2 11.4
v 0.8 1.2 11.3
v 0.8 1.2 11.2
v 0.8 1.2 11.1
v 0.8 1.3 11.6
v 0.8 1.3 11.5
v 0.8 1.3 11.4
v 0.8 1.3 11.3
v 0.8 1.3 11.2
v 0.8 1.4 11.5
v 0.8 1.4 11.4
v 0.8 1.4 11.3
v 0.8 1.4 11.2
v 0.8 1.4 11.1
v 0.8 1.5 11.5
v 0.8 1.5 11.4
v 0.8 1.5 11.3
v 0.8 1.5 11.2
v 0.8 1.5 11.1
v 0.8 1.6 11.6
v 0.8 1.6 11.5
v 0.8 1.6 11.4
v 0.8 1.6 11.3
v 0.8 1.6 11.2
v 0.8 1.6 11.1
v 0.8 1.7 11.6
v 0.8 1.7 11.5
v 0.8 1.7 11.3
v 0.8 1.7 11.2
v 0.8 1.7 11.1
v 0.8 1.7 11
v 0.8 1.8 11.3
v 0.8 1.8 11.2
v 0.8 1.8 11.1
v 0.8 1.8 11
v 0.8 1.9 11.5
v 0.8 1.9 11.4
v 0.8 1.9 11.3
v 0.8 1.9 11.2
v 0.8 1.9 11.1
v 0.8 2 11.5
v 0.8 2 11.4
v 0.8 2 11.3
v 0.8 2.1 11.4
v 0.8 2.1 11.3
v 0.8 2.1 11.2
v 0.8 2.2 11.3
v 0.8 2.2 11.2
v 0.9 0.8 11.3
v 0.9 0.8 11.2
v 0.9 0.9 11.3
v 0.9 0.9 11.2
v 0.9 1 11.5
v 0.9 1 11.4
v 0.9 1 11.3
v 0.9 1 11.2
v 0.9 1 11.1
v 0.9 1.1 11.5
v 0.9 1.1 11.4
v 0.9 1.1 11.3
v 0.9 1.1 11.2
v 0.9 1.1 11.1
v 0.9 1.2 11.4
v 0.9 1.2 11.3
v 0.9 1.2 11.2
v 0.9 1.3 11.4
v 0.9 1.3 11.3
v 0.9 1.3 11.2
v 0.9 1.4 11.4
v 0.9 1.4 11.3
v 0.9 1.5 11.4
v 0.9 1.5 11.3
v 0.9 1.6 11.5
v 0.9 1.6 11.4
v 0.9 1.6 11.3
v 0.9 1.6 11.2
v 0.9 1.7 11.5
v 0.9 1.7 11.4
v 0.9 1.7 11.3
v 0.9 1.7 11.2
v 0.9 1.8 11.5
v 0.9 1.8 11.4
v 0.9 1.9 11.5
v 0.9 1.9 11.4
v 0.9 2.1 11.4
v 0.9 2.1 11.3
v 0.9 2.2 11.4
v 0.9 2.2 11.3
v 1 0 11.8
v 1 0 11
v 1 0.8 11.8
v 1 0.8 11.4
v 1 0.8 11.3
v 1 0.8 11
v 1 0.9 11.4
v 1 0.9 11.3
v 1 1 11.4
v 1 1 11.3
v 1 1.1 11.4
v 1 1.1 11.3
v 1 1.6 11.4
v 1 1.6 11.3
v 1 1.7 11.5
v 1 1.7 11.4
v 1 1.7 11.3
v 1 1.7 11.2
v 1 1.8 11.5
v 1 1.8 11.4
v 1 1.8 11.3
v 1 1.8 11.2
v 1 1.9 11.4
v 1 1.9 11.3
v -1 0 11.8
v -1 0.8 11.8
v 1 0 11.8
v 1 0.8 11.8
v -0.8 1.7 11.7
v -0.8 1.8 11.7
v -0.7 1 11.7
v -0.7 1.1 11.7
v -0.7 1.6 11.7
v -0.7 1.7 11.7
v -0.7 1.8 11.7
v -0.6 1 11.7
v -0.6 1.1 11.7
v -0.6 1.6 11.7
v -0.6 1.7 11.7
v -0.6 1.8 11.7
v -0.5 1.7 11.7
v -0.5 1.8 11.7
v -0.2 1.1 11.7
v -0.2 1.2 11.7
v -0.1 1 11.7
v -0.1 1.1 11.7
v -0.1 1.2 11.7
v -0.1 1.4 11.7
v -0.1 1.5 11.7
v -0.1 1.6 11.7
v -0.1 1.7 11.7
v -7.45058e-009 0.9 11.7
v -7.45058e-009 1 11.7
v -7.45058e-009 1.1 11.7
v -7.45058e-009 1.2 11.7
v -7.45058e-009 1.3 11.7
v -7.45058e-009 1.4 11.7
v -7.45058e-009 1.5 11.7
v -7.45058e-009 1.6 11.7
v -7.45058e-009 1.7 11.7
v -7.45058e-009 1.8 11.7
v -7.45058e-009 1.9 11.7
v -7.45058e-009 2 11.7
v -7.45058e-009 2.1 11.7
v -7.45058e-009 2.2 11.7
v 0.1 0.9 11.7
v 0.1 1 11.7
v 0.1 1.1 11.7
v 0.1 1.2 11.7
v 0.1 1.3 11.7
v 0.1 1.4 11.7
v 0.1 1.5 11.7
v 0.1 1.6 11.7
v 0.1 1.7 11.7
v 0.1 1.8 11.7
v 0.1 1.9 11.7
v 0.1 2 11.7
v 0.1 2.1 11.7
v 0.1 2.2 11.7
v 0.2 1.1 11.7
v 0.2 1.2 11.7
v 0.2 1.3 11.7
v 0.2 1.4 11.7
v 0.2 1.5 11.7
v 0.6 0.8 11.7
v 0.6 0.9 11.7
v 0.6 1.8 11.7
v 0.6 1.9 11.7
v 0.7 0.8 11.7
v 0.7 0.9 11.7
v 0.7 1.8 11.7
v 0.7 1.9 11.7
v -0.9 1 11.6
v -0.9 1.1 11.6
v -0.8 0.9 11.6
v -0.8 1 11.6
v -0.8 1.1 11.6
v -0.8 1.2 11.6
v -0.8 1.3 11.6
v -0.8 1.4 11.6
v -0.8 1.5 11.6
v -0.8 1.6 11.6
v -0.8 1.7 11.6
v -0.8 1.8 11.6
v -0.8 1.9 11.6
v -0.8 2 11.6
v -0.8 2.1 11.6
v -0.7 0.8 11.6
v -0.7 0.9 11.6
v -0.7 1 11.6
v -0.7 1.1 11.6
v -0.7 1.2 11.6
v -0.7 1.3 11.6
v -0.7 1.4 11.6
v -0.7 1.5 11.6
v -0.7 1.6 11.6
v -0.7 1.7 11.6
v -0.7 1.8 11.6
v -0.7 1.9 11.6
v -0.7 2 11.6
v -0.7 2.1 11.6
v -0.7 2.2 11.6
v -0.6 0.8 11.6
v -0.6 0.9 11.6
v -0.6 1 11.6
v -0.6 1.1 11.6
v -0.6 1.2 11.6
v -0.6 1.3 11.6
v -0.6 1.4 11.6
v -0.6 1.8 11.6
v -0.6 1.9 11.6
v -0.6 2 11.6
v -0.6 2.1 11.6
v -0.6 2.2 11.6
v -0.5 0.8 11.6
v -0.5 0.9 11.6
v -0.5 1 11.6
v -0.5 1.1 11.6
v -0.5 1.2 11.6
v -0.5 1.3 11.6
v -0.5 1.4 11.6
v -0.4 1 11.6
v -0.4 1.1 11.6
v -0.3 1.8 11.6
v -0.3 1.9 11.6
v -0.2 0.9 11.6
v -0.2 1 11.6
v -0.2 1.2 11.6
v -0.2 1.3 11.6
v -0.2 1.4 11.6
v -0.2 1.5 11.6
v -0.2 1.8 11.6
v -0.2 1.9 11.6
v -0.1 1 11.6
v -0.1 1.1 11.6
v -0.1 1.2 11.6
v -0.1 1.3 11.6
v -0.1 1.4 11.6
v -0.1 1.5 11.6
v -0.1 1.7 11.6
v -0.1 1.8 11.6
v -0.1 1.9 11.6
v -0.1 2 11.6
v -7.45058e-009 0.9 11.6
v -7.45058e-009 1 11.6
v -7.45058e-009 1.1 11.6
v -7.45058e-009 1.2 11.6
v -7.45058e-009 1.4 11.6
v -7.45058e-009 1.5 11.6
v -7.45058e-009 1.6 11.6
v -7.45058e-009 1.7 11.6
v -7.45058e-009 1.8 11.6
v -7.45058e-009 1.9 11.6
v -7.45058e-009 2 11.6
v -7.45058e-009 2.1 11.6
v -7.45058e-009 2.2 11.6
v -7.45058e-009 2.3 11.6
v 0.1 1 11.6
v 0.1 1.1 11.6
v 0.1 1.2 11.6
v 0.1 1.4 11.6
v 0.1 1.5 11.6
v 0.1 1.6 11.6
v 0.1 1.7 11.6
v 0.1 1.8 11.6
v 0.1 1.9 11.6
v 0.1 2 11.6
v 0.1 2.1 11.6
v 0.1 2.2 11.6
v 0.1 2.3 11.6
v 0.2 1 11.6
v 0.2 1.1 11.6
v 0.2 1.2 11.6
v 0.2 1.3 11.6
v 0.2 1.5 11.6
v 0.2 1.6 11.6
v 0.2 1.7 11.6
v 0.2 1.8 11.6
v 0.2 1.9 11.6
v 0.2 2 11.6
v 0.2 2.1 11.6
v 0.3 1.1 11.6
v 0.3 1.2 11.6
v 0.3 1.3 11.6
v 0.3 1.5 11.6
v 0.3 1.6 11.6
v 0.3 1.8 11.6
v 0.3 1.9 11.6
v 0.5 1 11.6
v 0.5 1.1 11.6
v 0.5 1.2 11.6
v 0.5 1.4 11.6
v 0.5 1.5 11.6
v 0.5 1.7 11.6
v 0.5 1.8 11.6
v 0.5 2.1 11.6
v 0.5 2.2 11.6
v 0.6 1 11.6
v 0.6 1.1 11.6
v 0.6 1.2 11.6
v 0.6 1.3 11.6
v 0.6 1.6 11.6
v 0.6 1.7 11.6
v 0.6 1.8 11.6
v 0.6 2 11.6
v 0.6 2.1 11.6
v 0.6 2.2 11.6
v 0.7 0.8 11.6
v 0.7 0.9 11.6
v 0.7 1 11.6
v 0.7 1.1 11.6
v 0.7 1.2 11.6
v 0.7 1.3 11.6
v 0.7 1.4 11.6
v 0.7 1.5 11.6
v 0.7 1.6 11.6
v 0.7 1.7 11.6
v 0.7 2 11.6
v 0.7 2.1 11.6
v 0.7 2.2 11.6
v 0.8 0.8 11.6
v 0.8 0.9 11.6
v 0.8 1 11.6
v 0.8 1.1 11.6
v 0.8 1.2 11.6
v 0.8 1.3 11.6
v 0.8 1.6 11.6
v 0.8 1.7 11.6
v -1 1.7 11.5
v -1 1.8 11.5
v -0.9 0.8 11.5
v -0.9 0.9 11.5
v -0.9 1.2 11.5
v -0.9 1.3 11.5
v -0.9 1.6 11.5
v -0.9 1.7 11.5
v -0.9 1.8 11.5
v -0.8 0.8 11.5
v -0.8 0.9 11.5
v -0.8 1 11.5
v -0.8 1.1 11.5
v -0.8 1.2 11.5
v -0.8 1.3 11.5
v -0.8 1.4 11.5
v -0.8 1.5 11.5
v -0.8 1.6 11.5
v -0.8 1.7 11.5
v -0.8 1.9 11.5
v -0.8 2 11.5
v -0.8 2.1 11.5
v -0.8 2.2 11.5
v -0.7 0.8 11.5
v -0.7 0.9 11.5
v -0.7 1 11.5
v -0.7 1.1 11.5
v -0.7 1.2 11.5
v -0.7 1.3 11.5
v -0.7 1.4 11.5
v -0.7 1.5 11.5
v -0.7 1.6 11.5
v -0.7 1.9 11.5
v -0.7 2 11.5
v -0.7 2.1 11.5
v -0.7 2.2 11.5
v -0.6 0.9 11.5
v -0.6 1 11.5
v -0.6 1.3 11.5
v -0.6 1.4 11.5
v -0.6 1.5 11.5
v -0.6 1.6 11.5
v -0.6 1.7 11.5
v -0.6 1.8 11.5
v -0.6 1.9 11.5
v -0.6 2 11.5
v -0.6 2.1 11.5
v -0.5 0.9 11.5
v -0.5 1 11.5
v -0.5 1.1 11.5
v -0.5 1.2 11.5
v -0.5 1.3 11.5
v -0.5 1.4 11.5
v -0.5 1.5 11.5
v -0.5 1.6 11.5
v -0.5 1.7 11.5
v -0.5 1.8 11.5
v -0.5 1.9 11.5
v -0.5 2 11.5
v -0.5 2.1 11.5
v -0.4 0.9 11.5
v -0.4 1 11.5
v -0.4 1.1 11.5
v -0.4 1.2 11.5
v -0.4 1.4 11.5
v -0.4 1.6 11.5
v -0.3 1.1 11.5
v -0.3 1.2 11.5
v -0.3 1.7 11.5
v -0.3 1.8 11.5
v -0.2 1.1 11.5
v -0.2 1.2 11.5
v -0.2 1.7 11.5
v -0.2 1.8 11.5
v -0.2 1.9 11.5
v -0.2 2 11.5
v -0.2 2.1 11.5
v -0.2 2.2 11.5
v -0.1 1.3 11.5
v -0.1 1.4 11.5
v -0.1 1.7 11.5
v -0.1 1.8 11.5
v -0.1 1.9 11.5
v -0.1 2 11.5
v -0.1 2.1 11.5
v -0.1 2.2 11.5
v -0.1 2.3 11.5
v -7.45058e-009 0.7 11.5
v -7.45058e-009 0.8 11.5
v -7.45058e-009 0.9 11.5
v -7.45058e-009 1.3 11.5
v -7.45058e-009 1.4 11.5
v -7.45058e-009 2 11.5
v -7.45058e-009 2.1 11.5
v -7.45058e-009 2.2 11.5
v -7.45058e-009 2.3 11.5
v -7.45058e-009 2.4 11.5
v 0.1 0.7 11.5
v 0.1 0.8 11.5
v 0.1 0.9 11.5
v 0.1 1 11.5
v 0.1 1.6 11.5
v 0.1 1.7 11.5
v 0.1 2.1 11.5
v 0.1 2.2 11.5
v 0.1 2.3 11.5
v 0.1 2.4 11.5
v 0.2 1 11.5
v 0.2 1.3 11.5
v 0.2 1.4 11.5
v 0.2 1.6 11.5
v 0.2 1.7 11.5
v 0.2 1.8 11.5
v 0.2 1.9 11.5
v 0.2 2 11.5
v 0.2 2.1 11.5
v 0.2 2.2 11.5
v 0.2 2.3 11.5
v 0.3 0.9 11.5
v 0.3 1 11.5
v 0.3 1.3 11.5
v 0.3 1.4 11.5
v 0.3 1.7 11.5
v 0.3 1.8 11.5
v 0.3 1.9 11.5
v 0.3 2 11.5
v 0.3 2.1 11.5
v 0.3 2.2 11.5
v 0.4 0.9 11.5
v 0.4 1 11.5
v 0.4 1.1 11.5
v 0.4 1.2 11.5
v 0.4 1.3 11.5
v 0.4 1.4 11.5
v 0.4 1.9 11.5
v 0.4 2 11.5
v 0.5 0.9 11.5
v 0.5 1 11.5
v 0.5 1.1 11.5
v 0.5 1.2 11.5
v 0.5 1.3 11.5
v 0.5 1.4 11.5
v 0.5 1.6 11.5
v 0.5 1.7 11.5
v 0.5 1.8 11.5
v 0.5 1.9 11.5
v 0.5 2 11.5
v 0.5 2.2 11.5
v 0.5 2.3 11.5
v 0.6 0.9 11.5
v 0.6 1 11.5
v 0.6 1.2 11.5
v 0.6 1.3 11.5
v 0.6 1.4 11.5
v 0.6 1.5 11.5
v 0.6 1.6 11.5
v 0.6 1.7 11.5
v 0.6 1.8 11.5
v 0.6 1.9 11.5
v 0.6 2 11.5
v 0.6 2.2 11.5
v 0.6 2.3 11.5
v 0.7 0.9 11.5
v 0.7 1 11.5
v 0.7 1.1 11.5
v 0.7 1.2 11.5
v 0.7 1.3 11.5
v 0.7 1.4 11.5
v 0.7 1.5 11.5
v 0.7 1.6 11.5
v 0.7 1.7 11.5
v 0.7 1.8 11.5
v 0.7 1.9 11.5
v 0.7 2 11.5
v 0.8 1 11.5
v 0.8 1.1 11.5
v 0.8 1.2 11.5
v 0.8 1.3 11.5
v 0.8 1.4 11.5
v 0.8 1.5 11.5
v 0.8 1.6 11.5
v 0.8 1.7 11.5
v 0.8 1.8 11.5
v 0.8 1.9 11.5
v 0.8 2 11.5
v 0.9 1 11.5
v 0.9 1.1 11.5
v 0.9 1.6 11.5
v 0.9 1.7 11.5
v 0.9 1.8 11.5
v 0.9 1.9 11.5
v 1 1.7 11.5
v 1 1.8 11.5
v -1 0.8 11.4
v -1 0.9 11.4
v -1 1 11.4
v -1 1.1 11.4
v -1 1.6 11.4
v -1 1.7 11.4
v -1 1.8 11.4
v -1 1.9 11.4
v -0.9 0.8 11.4
v -0.9 0.9 11.4
v -0.9 1 11.4
v -0.9 1.1 11.4
v -0.9 1.2 11.4
v -0.9 1.4 11.4
v -0.9 1.5 11.4
v -0.9 1.6 11.4
v -0.9 1.7 11.4
v -0.9 1.8 11.4
v -0.9 1.9 11.4
v -0.9 2 11.4
v -0.9 2.1 11.4
v -0.8 1.1 11.4
v -0.8 1.2 11.4
v -0.8 1.4 11.4
v -0.8 1.5 11.4
v -0.8 1.7 11.4
v -0.8 1.8 11.4
v -0.8 1.9 11.4
v -0.8 2 11.4
v -0.8 2.1 11.4
v -0.7 0.7 11.4
v -0.7 0.8 11.4
v -0.7 1 11.4
v -0.7 1.1 11.4
v -0.7 2 11.4
v -0.7 2.1 11.4
v -0.7 2.2 11.4
v -0.7 2.3 11.4
v -0.6 0.7 11.4
v -0.6 0.8 11.4
v -0.6 1 11.4
v -0.6 1.1 11.4
v -0.6 1.2 11.4
v -0.6 1.3 11.4
v -0.6 1.9 11.4
v -0.6 2 11.4
v -0.6 2.1 11.4
v -0.6 2.2 11.4
v -0.6 2.3 11.4
v -0.5 0.8 11.4
v -0.5 0.9 11.4
v -0.5 1.2 11.4
v -0.5 1.3 11.4
v -0.5 1.6 11.4
v -0.5 1.7 11.4
v -0.5 1.8 11.4
v -0.5 1.9 11.4
v -0.5 2 11.4
v -0.5 2.1 11.4
v -0.5 2.2 11.4
v -0.4 0.8 11.4
v -0.4 0.9 11.4
v -0.4 1.6 11.4
v -0.4 1.7 11.4
v -0.4 1.8 11.4
v -0.4 1.9 11.4
v -0.4 2 11.4
v -0.4 2.1 11.4
v -0.2 1 11.4
v -0.2 1.1 11.4
v -0.2 1.4 11.4
v -0.2 1.5 11.4
v -0.2 1.6 11.4
v -0.2 1.7 11.4
v -0.2 2.2 11.4
v -0.2 2.3 11.4
v -0.1 1 11.4
v -0.1 1.1 11.4
v -0.1 1.2 11.4
v -0.1 1.4 11.4
v -0.1 1.5 11.4
v -0.1 1.6 11.4
v -0.1 1.7 11.4
v -0.1 2.2 11.4
v -0.1 2.3 11.4
v -7.45058e-009 1.1 11.4
v -7.45058e-009 1.2 11.4
v 0.1 1.8 11.4
v 0.1 1.9 11.4
v 0.2 1.8 11.4
v 0.2 1.9 11.4
v 0.4 0.8 11.4
v 0.4 0.9 11.4
v 0.4 1.4 11.4
v 0.4 1.5 11.4
v 0.4 1.6 11.4
v 0.4 1.7 11.4
v 0.4 1.8 11.4
v 0.4 1.9 11.4
v 0.4 2 11.4
v 0.4 2.1 11.4
v 0.5 0.9 11.4
v 0.5 1.4 11.4
v 0.5 1.5 11.4
v 0.5 1.6 11.4
v 0.5 1.7 11.4
v 0.5 1.8 11.4
v 0.5 1.9 11.4
v 0.5 2 11.4
v 0.5 2.1 11.4
v 0.6 0.7 11.4
v 0.6 0.8 11.4
v 0.6 0.9 11.4
v 0.6 1.5 11.4
v 0.6 1.6 11.4
v 0.6 1.7 11.4
v 0.6 1.8 11.4
v 0.6 2 11.4
v 0.6 2.1 11.4
v 0.6 2.2 11.4
v 0.6 2.3 11.4
v 0.7 0.7 11.4
v 0.7 0.8 11.4
v 0.7 0.9 11.4
v 0.7 1 11.4
v 0.7 1.1 11.4
v 0.7 1.4 11.4
v 0.7 1.5 11.4
v 0.7 1.7 11.4
v 0.7 1.8 11.4
v 0.7 2 11.4
v 0.7 2.1 11.4
v 0.7 2.2 11.4
v 0.7 2.3 11.4
v 0.8 0.8 11.4
v 0.8 0.9 11.4
v 0.8 1 11.4
v 0.8 1.1 11.4
v 0.8 1.2 11.4
v 0.8 1.3 11.4
v 0.8 1.4 11.4
v 0.8 1.5 11.4
v 0.8 2 11.4
v 0.8 2.1 11.4
v 0.8 2.2 11.4
v 0.9 0.8 11.4
v 0.9 0.9 11.4
v 0.9 1 11.4
v 0.9 1.1 11.4
v 0.9 1.2 11.4
v 0.9 1.3 11.4
v 0.9 1.4 11.4
v 0.9 1.5 11.4
v 0.9 1.6 11.4
v 0.9 1.7 11.4
v 0.9 1.8 11.4
v 0.9 1.9 11.4
v 0.9 2.1 11.4
v 0.9 2.2 11.4
v 1 0.8 11.4
v 1 0.9 11.4
v 1 1 11.4
v 1 1.1 11.4
v 1 1.6 11.4
v 1 1.7 11.4
v 1 1.8 11.4
v 1 1.9 11.4
v -1 2 11.3
v -1 2.1 11.3
v -0.9 2 11.3
v -0.9 2.1 11.3
v -0.8 1.1 11.3
v -0.8 1.2 11.3
v -0.8 1.5 11.3
v -0.8 1.6 11.3
v -0.7 1.1 11.3
v -0.7 1.2 11.3
v -0.7 1.5 11.3
v -0.7 1.6 11.3
v -0.5 1 11.3
v -0.5 1.1 11.3
v -0.5 1.3 11.3
v -0.5 1.4 11.3
v -0.4 1 11.3
v -0.4 1.1 11.3
v -0.4 1.3 11.3
v -0.4 1.4 11.3
v -0.2 1.1 11.3
v -0.2 1.2 11.3
v -0.1 1.1 11.3
v -0.1 1.2 11.3
v -0.1 2.1 11.3
v -0.1 2.2 11.3
v -7.45058e-009 1.2 11.3
v -7.45058e-009 1.3 11.3
v -7.45058e-009 2.1 11.3
v -7.45058e-009 2.2 11.3
v 0.1 1.1 11.3
v 0.1 1.2 11.3
v 0.1 1.3 11.3
v 0.2 1.1 11.3
v 0.2 1.2 11.3
v 0.4 0.9 11.3
v 0.4 1 11.3
v 0.4 1.3 11.3
v 0.4 1.4 11.3
v 0.4 1.5 11.3
v 0.4 1.6 11.3
v 0.5 0.9 11.3
v 0.5 1 11.3
v 0.5 1.3 11.3
v 0.5 1.4 11.3
v 0.5 1.5 11.3
v 0.5 1.6 11.3
v 0.5 2.2 11.3
v 0.5 2.3 11.3
v 0.6 2.2 11.3
v 0.6 2.3 11.3
v 0.7 1.1 11.3
v 0.7 1.2 11.3
v 0.7 1.5 11.3
v 0.7 1.6 11.3
v 0.8 1.1 11.3
v 0.8 1.2 11.3
v 0.8 1.5 11.3
v 0.8 1.6 11.3
v -0.8 1 11.2
v -0.8 1.1 11.2
v -0.7 1 11.2
v -0.7 1.1 11.2
v -0.1 1.8 11.2
v -0.1 1.9 11.2
v -7.45058e-009 1.8 11.2
v -7.45058e-009 1.9 11.2
v 0.4 1 11.2
v 0.4 1.1 11.2
v 0.5 1 11.2
v 0.5 1.1 11.2
v 0.5 1.2 11.2
v 0.5 1.3 11.2
v 0.6 1 11.2
v 0.6 1.1 11.2
v 0.6 1.2 11.2
v 0.6 1.3 11.2
v 0.7 1 11.2
v 0.7 1.1 11.2
v -0.9 0.7 11.1
v -0.9 0.8 11.1
v -0.8 0.7 11.1
v -0.8 0.8 11.1
v -0.7 0.7 11.1
v -0.7 0.8 11.1
v -0.6 0.7 11.1
v -0.6 0.8 11.1
v -0.5 0.7 11.1
v -0.4 0.7 11.1
v -0.3 0.7 11.1
v -0.2 0.7 11.1
v -0.1 0.7 11.1
v -7.45058e-009 0.7 11.1
v 0.1 0.7 11.1
v 0.2 0.7 11.1
v 0.3 0.7 11.1
v 0.4 0.7 11.1
v 0.5 0.8 11.1
v 0.5 1.7 11.1
v 0.5 1.8 11.1
v 0.6 0.7 11.1
v 0.6 0.8 11.1
v 0.6 1.7 11.1
v 0.6 1.8 11.1
v 0.7 0.7 11.1
v 0.7 0.8 11.1
v 0.8 0.7 11.1
v 0.9 0.7 11.1
v 0.9 0.8 11.1
v -0.9 0.7 11.7
v -0.9 0.8 11.7
v -0.8 0.7 11.7
v -0.6 0.7 11.7
v -0.5 0.7 11.7
v -0.4 0.7 11.7
v -0.3 0.7 11.7
v -0.2 0.7 11.7
v -0.1 0.7 11.7
v -7.45058e-009 0.7 11.7
v 0.1 0.7 11.7
v 0.2 0.7 11.7
v 0.3 0.7 11.7
v 0.4 0.7 11.7
v 0.5 0.7 11.7
v 0.6 0.7 11.7
v 0.6 0.8 11.7
v 0.7 0.7 11.7
v 0.7 0.8 11.7
v 0.8 0.7 11.7
v 0.9 0.7 11.7
v 0.9 0.8 11.7
v -0.6 1.7 11.6
v -0.6 1.8 11.6
v -0.5 1.7 11.6
v -0.5 1.8 11.6
v -0.1 1.3 11.6
v -0.1 1.4 11.6
v -7.45058e-009 1.3 11.6
v -7.45058e-009 1.4 11.6
v -0.8 2 11.5
v -0.8 2.1 11.5
v -0.7 1 11.5
v -0.7 1.1 11.5
v -0.7 2 11.5
v -0.7 2.1 11.5
v -0.6 1 11.5
v -0.6 1.1 11.5
v -0.6 1.2 11.5
v -0.6 1.3 11.5
v -0.5 1 11.5
v -0.5 1.1 11.5
v -0.5 1.2 11.5
v -0.5 1.3 11.5
v -0.4 1 11.5
v -0.4 1.1 11.5
v -0.2 1.4 11.5
v -0.2 1.5 11.5
v -0.1 1.1 11.5
v -0.1 1.2 11.5
v -0.1 1.4 11.5
v -0.1 1.5 11.5
v -7.45058e-009 1.1 11.5
v -7.45058e-009 1.2 11.5
v 0.1 1.8 11.5
v 0.1 1.9 11.5
v 0.2 1.8 11.5
v 0.2 1.9 11.5
v 0.3 1.8 11.5
v 0.3 1.9 11.5
v 0.7 1 11.5
v 0.7 1.1 11.5
v 0.8 1 11.5
v 0.8 1.1 11.5
v -0.8 1.1 11.4
v -0.8 1.2 11.4
v -0.8 1.5 11.4
v -0.8 1.6 11.4
v -0.7 1.1 11.4
v -0.7 1.2 11.4
v -0.7 1.5 11.4
v -0.7 1.6 11.4
v -0.5 0.9 11.4
v -0.5 1 11.4
v -0.5 1.3 11.4
v -0.5 1.4 11.4
v -0.5 1.5 11.4
v -0.5 1.6 11.4
v -0.4 0.9 11.4
v -0.4 1 11.4
v -0.4 1.3 11.4
v -0.4 1.4 11.4
v -0.4 1.5 11.4
v -0.4 1.6 11.4
v -0.3 1.1 11.4
v -0.3 1.2 11.4
v -0.3 1.7 11.4
v -0.3 1.8 11.4
v -0.2 0.9 11.4
v -0.2 1 11.4
v -0.2 1.1 11.4
v -0.2 1.2 11.4
v -0.2 1.3 11.4
v -0.2 1.7 11.4
v -0.2 1.8 11.4
v -0.2 2.1 11.4
v -0.2 2.2 11.4
v -0.1 0.9 11.4
v -0.1 1 11.4
v -0.1 1.1 11.4
v -0.1 1.2 11.4
v -0.1 1.3 11.4
v -0.1 2 11.4
v -0.1 2.1 11.4
v -0.1 2.2 11.4
v -7.45058e-009 0.7 11.4
v -7.45058e-009 0.8 11.4
v -7.45058e-009 0.9 11.4
v -7.45058e-009 1.2 11.4
v -7.45058e-009 1.3 11.4
v -7.45058e-009 1.6 11.4
v -7.45058e-009 1.7 11.4
v -7.45058e-009 2 11.4
v -7.45058e-009 2.1 11.4
v -7.45058e-009 2.2 11.4
v -7.45058e-009 2.3 11.4
v -7.45058e-009 2.4 11.4
v 0.1 0.7 11.4
v 0.1 0.8 11.4
v 0.1 0.9 11.4
v 0.1 1 11.4
v 0.1 1.1 11.4
v 0.1 1.2 11.4
v 0.1 1.3 11.4
v 0.1 1.5 11.4
v 0.1 1.6 11.4
v 0.1 1.7 11.4
v 0.1 2.1 11.4
v 0.1 2.2 11.4
v 0.1 2.3 11.4
v 0.1 2.4 11.4
v 0.2 1 11.4
v 0.2 1.1 11.4
v 0.2 1.2 11.4
v 0.2 1.3 11.4
v 0.2 1.5 11.4
v 0.2 1.6 11.4
v 0.2 1.9 11.4
v 0.2 2 11.4
v 0.2 2.1 11.4
v 0.2 2.2 11.4
v 0.3 0.9 11.4
v 0.3 1 11.4
v 0.3 1.2 11.4
v 0.3 1.3 11.4
v 0.3 1.5 11.4
v 0.3 1.6 11.4
v 0.3 1.9 11.4
v 0.3 2 11.4
v 0.3 2.1 11.4
v 0.3 2.2 11.4
v 0.4 0.9 11.4
v 0.4 1 11.4
v 0.4 1.1 11.4
v 0.4 1.3 11.4
v 0.4 1.4 11.4
v 0.4 1.9 11.4
v 0.4 2 11.4
v 0.5 1 11.4
v 0.5 1.1 11.4
v 0.5 1.3 11.4
v 0.5 1.4 11.4
v 0.5 2.2 11.4
v 0.5 2.3 11.4
v 0.6 2.2 11.4
v 0.6 2.3 11.4
v 0.7 1.1 11.4
v 0.7 1.2 11.4
v 0.7 1.5 11.4
v 0.7 1.6 11.4
v 0.8 1.1 11.4
v 0.8 1.2 11.4
v 0.8 1.5 11.4
v 0.8 1.6 11.4
v -1 0.8 11.3
v -1 0.9 11.3
v -1 1 11.3
v -1 1.1 11.3
v -1 1.6 11.3
v -1 1.7 11.3
v -1 1.8 11.3
v -1 1.9 11.3
v -0.9 0.8 11.3
v -0.9 1 11.3
v -0.9 1.1 11.3
v -0.9 1.2 11.3
v -0.9 1.3 11.3
v -0.9 1.4 11.3
v -0.9 1.5 11.3
v -0.9 1.6 11.3
v -0.9 1.7 11.3
v -0.9 1.8 11.3
v -0.9 1.9 11.3
v -0.8 0.8 11.3
v -0.8 0.9 11.3
v -0.8 1 11.3
v -0.8 1.1 11.3
v -0.8 1.2 11.3
v -0.8 1.3 11.3
v -0.8 1.4 11.3
v -0.8 1.5 11.3
v -0.7 0.7 11.3
v -0.7 0.8 11.3
v -0.7 0.9 11.3
v -0.7 1 11.3
v -0.7 1.1 11.3
v -0.7 1.4 11.3
v -0.7 1.5 11.3
v -0.7 1.7 11.3
v -0.7 1.8 11.3
v -0.7 2.2 11.3
v -0.7 2.3 11.3
v -0.6 0.7 11.3
v -0.6 0.8 11.3
v -0.6 0.9 11.3
v -0.6 1.5 11.3
v -0.6 1.6 11.3
v -0.6 1.7 11.3
v -0.6 1.8 11.3
v -0.6 2 11.3
v -0.6 2.1 11.3
v -0.6 2.2 11.3
v -0.6 2.3 11.3
v -0.5 0.8 11.3
v -0.5 0.9 11.3
v -0.5 1.4 11.3
v -0.5 1.5 11.3
v -0.5 1.6 11.3
v -0.5 1.7 11.3
v -0.5 1.8 11.3
v -0.5 1.9 11.3
v -0.5 2 11.3
v -0.5 2.1 11.3
v -0.5 2.2 11.3
v -0.4 0.8 11.3
v -0.4 0.9 11.3
v -0.4 1.4 11.3
v -0.4 1.5 11.3
v -0.4 1.6 11.3
v -0.4 1.7 11.3
v -0.4 1.8 11.3
v -0.4 1.9 11.3
v -0.4 2 11.3
v -0.4 2.1 11.3
v -0.3 1.8 11.3
v -0.3 1.9 11.3
v -0.2 1 11.3
v -0.2 1.1 11.3
v -0.2 1.3 11.3
v -0.2 1.4 11.3
v -0.2 1.5 11.3
v -0.2 1.6 11.3
v -0.2 1.7 11.3
v -0.2 1.8 11.3
v -0.2 1.9 11.3
v -0.2 2 11.3
v -0.2 2.2 11.3
v -0.2 2.3 11.3
v -0.1 1 11.3
v -0.1 1.1 11.3
v -0.1 1.2 11.3
v -0.1 1.3 11.3
v -0.1 1.4 11.3
v -0.1 1.5 11.3
v -0.1 1.6 11.3
v -0.1 1.7 11.3
v -0.1 1.8 11.3
v -0.1 1.9 11.3
v -0.1 2 11.3
v -0.1 2.2 11.3
v -0.1 2.3 11.3
v -7.45058e-009 1 11.3
v -7.45058e-009 1.1 11.3
v -7.45058e-009 1.2 11.3
v -7.45058e-009 1.3 11.3
v -7.45058e-009 1.4 11.3
v -7.45058e-009 1.5 11.3
v -7.45058e-009 1.6 11.3
v -7.45058e-009 1.7 11.3
v -7.45058e-009 1.8 11.3
v -7.45058e-009 1.9 11.3
v -7.45058e-009 2 11.3
v -7.45058e-009 2.1 11.3
v -7.45058e-009 2.2 11.3
v -7.45058e-009 2.3 11.3
v 0.1 0.9 11.3
v 0.1 1 11.3
v 0.1 1.1 11.3
v 0.1 1.2 11.3
v 0.1 1.3 11.3
v 0.1 1.4 11.3
v 0.1 1.5 11.3
v 0.1 1.6 11.3
v 0.1 1.7 11.3
v 0.1 2 11.3
v 0.1 2.1 11.3
v 0.2 0.9 11.3
v 0.2 1 11.3
v 0.2 1.1 11.3
v 0.2 1.2 11.3
v 0.2 1.3 11.3
v 0.2 1.4 11.3
v 0.2 1.5 11.3
v 0.2 1.6 11.3
v 0.2 1.7 11.3
v 0.2 1.8 11.3
v 0.2 2 11.3
v 0.2 2.1 11.3
v 0.3 0.9 11.3
v 0.3 1 11.3
v 0.3 1.1 11.3
v 0.3 1.2 11.3
v 0.3 1.3 11.3
v 0.3 1.4 11.3
v 0.3 1.7 11.3
v 0.3 1.8 11.3
v 0.4 0.8 11.3
v 0.4 0.9 11.3
v 0.4 1.6 11.3
v 0.4 1.7 11.3
v 0.4 1.8 11.3
v 0.4 1.9 11.3
v 0.4 2 11.3
v 0.4 2.1 11.3
v 0.5 0.8 11.3
v 0.5 0.9 11.3
v 0.5 1.2 11.3
v 0.5 1.3 11.3
v 0.5 1.6 11.3
v 0.5 1.7 11.3
v 0.5 1.8 11.3
v 0.5 1.9 11.3
v 0.5 2 11.3
v 0.5 2.1 11.3
v 0.6 0.7 11.3
v 0.6 0.8 11.3
v 0.6 1 11.3
v 0.6 1.1 11.3
v 0.6 1.2 11.3
v 0.6 1.3 11.3
v 0.6 1.9 11.3
v 0.6 2 11.3
v 0.6 2.1 11.3
v 0.6 2.2 11.3
v 0.6 2.3 11.3
v 0.7 0.7 11.3
v 0.7 0.8 11.3
v 0.7 1 11.3
v 0.7 1.1 11.3
v 0.7 1.9 11.3
v 0.7 2 11.3
v 0.7 2.1 11.3
v 0.7 2.2 11.3
v 0.7 2.3 11.3
v 0.8 1.1 11.3
v 0.8 1.2 11.3
v 0.8 1.4 11.3
v 0.8 1.5 11.3
v 0.8 1.7 11.3
v 0.8 1.8 11.3
v 0.8 1.9 11.3
v 0.8 2 11.3
v 0.8 2.1 11.3
v 0.8 2.2 11.3
v 0.9 0.8 11.3
v 0.9 0.9 11.3
v 0.9 1 11.3
v 0.9 1.1 11.3
v 0.9 1.2 11.3
v 0.9 1.4 11.3
v 0.9 1.5 11.3
v 0.9 1.6 11.3
v 0.9 1.7 11.3
v 0.9 1.8 11.3
v 0.9 1.9 11.3
v 0.9 2.1 11.3
v 0.9 2.2 11.3
v 1 0.8 11.3
v 1 0.9 11.3
v 1 1 11.3
v 1 1.1 11.3
v 1 1.6 11.3
v 1 1.7 11.3
v 1 1.8 11.3
v 1 1.9 11.3
v -1 1.7 11.2
v -1 1.8 11.2
v -1 2 11.2
v -1 2.1 11.2
v -0.9 1 11.2
v -0.9 1.1 11.2
v -0.9 1.6 11.2
v -0.9 1.7 11.2
v -0.9 1.8 11.2
v -0.9 1.9 11.2
v -0.9 2 11.2
v -0.9 2.1 11.2
v -0.8 1 11.2
v -0.8 1.1 11.2
v -0.8 1.2 11.2
v -0.8 1.3 11.2
v -0.8 1.4 11.2
v -0.8 1.5 11.2
v -0.8 1.6 11.2
v -0.8 1.7 11.2
v -0.8 1.8 11.2
v -0.8 1.9 11.2
v -0.8 2 11.2
v -0.8 2.1 11.2
v -0.8 2.2 11.2
v -0.7 0.9 11.2
v -0.7 1 11.2
v -0.7 1.1 11.2
v -0.7 1.2 11.2
v -0.7 1.3 11.2
v -0.7 1.4 11.2
v -0.7 1.5 11.2
v -0.7 1.6 11.2
v -0.7 1.7 11.2
v -0.7 1.8 11.2
v -0.7 1.9 11.2
v -0.7 2 11.2
v -0.7 2.1 11.2
v -0.7 2.2 11.2
v -0.6 0.9 11.2
v -0.6 1 11.2
v -0.6 1.2 11.2
v -0.6 1.3 11.2
v -0.6 1.4 11.2
v -0.6 1.5 11.2
v -0.6 1.6 11.2
v -0.6 1.7 11.2
v -0.6 1.8 11.2
v -0.6 1.9 11.2
v -0.6 2 11.2
v -0.6 2.1 11.2
v -0.6 2.2 11.2
v -0.5 0.9 11.2
v -0.5 1 11.2
v -0.5 1.1 11.2
v -0.5 1.2 11.2
v -0.5 1.3 11.2
v -0.5 1.4 11.2
v -0.5 1.6 11.2
v -0.5 1.7 11.2
v -0.5 1.8 11.2
v -0.5 1.9 11.2
v -0.5 2 11.2
v -0.4 1 11.2
v -0.4 1.1 11.2
v -0.4 1.2 11.2
v -0.4 1.3 11.2
v -0.4 1.4 11.2
v -0.2 1.1 11.2
v -0.2 1.2 11.2
v -0.1 0.9 11.2
v -0.1 1 11.2
v -0.1 1.1 11.2
v -0.1 1.2 11.2
v -0.1 1.3 11.2
v -0.1 1.4 11.2
v -0.1 1.7 11.2
v -0.1 1.8 11.2
v -0.1 2.1 11.2
v -0.1 2.2 11.2
v -7.45058e-009 0.9 11.2
v -7.45058e-009 1 11.2
v -7.45058e-009 1.1 11.2
v -7.45058e-009 1.2 11.2
v -7.45058e-009 1.3 11.2
v -7.45058e-009 1.4 11.2
v -7.45058e-009 1.5 11.2
v -7.45058e-009 1.6 11.2
v -7.45058e-009 1.7 11.2
v -7.45058e-009 1.8 11.2
v -7.45058e-009 2.1 11.2
v -7.45058e-009 2.2 11.2
v -7.45058e-009 2.3 11.2
v 0.1 1.1 11.2
v 0.1 1.2 11.2
v 0.1 1.3 11.2
v 0.1 1.4 11.2
v 0.1 1.5 11.2
v 0.1 1.6 11.2
v 0.1 1.7 11.2
v 0.1 1.8 11.2
v 0.1 1.9 11.2
v 0.1 2 11.2
v 0.1 2.2 11.2
v 0.1 2.3 11.2
v 0.2 1.1 11.2
v 0.2 1.2 11.2
v 0.2 1.7 11.2
v 0.2 1.8 11.2
v 0.2 1.9 11.2
v 0.2 2 11.2
v 0.2 2.2 11.2
v 0.2 2.3 11.2
v 0.4 0.9 11.2
v 0.4 1 11.2
v 0.4 1.1 11.2
v 0.4 1.2 11.2
v 0.4 1.3 11.2
v 0.4 1.4 11.2
v 0.4 1.5 11.2
v 0.4 1.6 11.2
v 0.5 0.9 11.2
v 0.5 1 11.2
v 0.5 1.1 11.2
v 0.5 1.2 11.2
v 0.5 1.3 11.2
v 0.5 1.4 11.2
v 0.5 1.5 11.2
v 0.5 1.6 11.2
v 0.5 1.7 11.2
v 0.5 1.8 11.2
v 0.5 1.9 11.2
v 0.5 2.2 11.2
v 0.5 2.3 11.2
v 0.6 0.9 11.2
v 0.6 1 11.2
v 0.6 1.3 11.2
v 0.6 1.4 11.2
v 0.6 1.5 11.2
v 0.6 1.6 11.2
v 0.6 1.7 11.2
v 0.6 1.8 11.2
v 0.6 1.9 11.2
v 0.6 2 11.2
v 0.6 2.2 11.2
v 0.6 2.3 11.2
v 0.7 0.8 11.2
v 0.7 0.9 11.2
v 0.7 1 11.2
v 0.7 1.1 11.2
v 0.7 1.2 11.2
v 0.7 1.3 11.2
v 0.7 1.4 11.2
v 0.7 1.5 11.2
v 0.7 1.6 11.2
v 0.7 1.9 11.2
v 0.7 2 11.2
v 0.7 2.1 11.2
v 0.7 2.2 11.2
v 0.8 0.8 11.2
v 0.8 0.9 11.2
v 0.8 1 11.2
v 0.8 1.1 11.2
v 0.8 1.2 11.2
v 0.8 1.3 11.2
v 0.8 1.4 11.2
v 0.8 1.5 11.2
v 0.8 1.6 11.2
v 0.8 1.7 11.2
v 0.8 2.1 11.2
v 0.8 2.2 11.2
v 0.9 0.8 11.2
v 0.9 0.9 11.2
v 0.9 1.2 11.2
v 0.9 1.3 11.2
v 0.9 1.6 11.2
v 0.9 1.7 11.2
v 0.9 1.8 11.2
v 1 1.7 11.2
v 1 1.8 11.2
v -0.8 0.8 11.1
v -0.8 0.9 11.1
v -0.8 1 11.1
v -0.8 1.1 11.1
v -0.8 1.2 11.1
v -0.8 1.3 11.1
v -0.8 1.6 11.1
v -0.8 1.7 11.1
v -0.7 0.8 11.1
v -0.7 0.9 11.1
v -0.7 1 11.1
v -0.7 1.1 11.1
v -0.7 1.2 11.1
v -0.7 1.3 11.1
v -0.7 1.4 11.1
v -0.7 1.5 11.1
v -0.7 1.6 11.1
v -0.7 1.7 11.1
v -0.7 2 11.1
v -0.7 2.1 11.1
v -0.6 1 11.1
v -0.6 1.1 11.1
v -0.6 1.2 11.1
v -0.6 1.3 11.1
v -0.6 1.4 11.1
v -0.6 1.5 11.1
v -0.6 1.6 11.1
v -0.6 1.7 11.1
v -0.6 1.8 11.1
v -0.6 2 11.1
v -0.6 2.1 11.1
v -0.5 1 11.1
v -0.5 1.1 11.1
v -0.5 1.2 11.1
v -0.5 1.4 11.1
v -0.5 1.5 11.1
v -0.5 1.7 11.1
v -0.5 1.8 11.1
v -0.1 1.8 11.1
v -0.1 1.9 11.1
v -7.45058e-009 0.9 11.1
v -7.45058e-009 1 11.1
v -7.45058e-009 1.1 11.1
v -7.45058e-009 1.2 11.1
v -7.45058e-009 1.7 11.1
v -7.45058e-009 1.8 11.1
v -7.45058e-009 1.9 11.1
v -7.45058e-009 2 11.1
v 0.1 0.9 11.1
v 0.1 1 11.1
v 0.1 1.1 11.1
v 0.1 1.2 11.1
v 0.1 1.7 11.1
v 0.1 1.8 11.1
v 0.1 1.9 11.1
v 0.1 2 11.1
v 0.2 1.8 11.1
v 0.2 1.9 11.1
v 0.4 1 11.1
v 0.4 1.1 11.1
v 0.5 0.8 11.1
v 0.5 0.9 11.1
v 0.5 1 11.1
v 0.5 1.1 11.1
v 0.5 1.2 11.1
v 0.5 1.3 11.1
v 0.5 1.4 11.1
v 0.5 2.1 11.1
v 0.5 2.2 11.1
v 0.6 0.8 11.1
v 0.6 0.9 11.1
v 0.6 1 11.1
v 0.6 1.1 11.1
v 0.6 1.2 11.1
v 0.6 1.3 11.1
v 0.6 1.4 11.1
v 0.6 1.8 11.1
v 0.6 1.9 11.1
v 0.6 2 11.1
v 0.6 2.1 11.1
v 0.6 2.2 11.1
v 0.7 0.8 11.1
v 0.7 0.9 11.1
v 0.7 1 11.1
v 0.7 1.1 11.1
v 0.7 1.2 11.1
v 0.7 1.3 11.1
v 0.7 1.4 11.1
v 0.7 1.5 11.1
v 0.7 1.6 11.1
v 0.7 1.7 11.1
v 0.7 1.8 11.1
v 0.7 1.9 11.1
v 0.7 2 11.1
v 0.7 2.1 11.1
v 0.7 2.2 11.1
v 0.8 0.9 11.1
v 0.8 1 11.1
v 0.8 1.1 11.1
v 0.8 1.2 11.1
v 0.8 1.4 11.1
v 0.8 1.5 11.1
v 0.8 1.6 11.1
v 0.8 1.7 11.1
v 0.8 1.8 11.1
v 0.8 1.9 11.1
v 0.9 1 11.1
v 0.9 1.1 11.1
v -1 0 11
v -1 0.8 11
v -0.7 0.8 11
v -0.7 0.9 11
v -0.7 1.8 11
v -0.7 1.9 11
v -0.6 0.8 11
v -0.6 0.9 11
v -0.6 1.8 11
v -0.6 1.9 11
v -7.45058e-009 2.1 11
v -7.45058e-009 2.2 11
v 0.1 2.1 11
v 0.1 2.2 11
v 0.5 1.7 11
v 0.5 1.8 11
v 0.6 1 11
v 0.6 1.1 11
v 0.6 1.6 11
v 0.6 1.7 11
v 0.6 1.8 11
v 0.7 1 11
v 0.7 1.1 11
v 0.7 1.6 11
v 0.7 1.7 11
v 0.7 1.8 11
v 0.8 1.7 11
v 0.8 1.8 11
v 1 0 11
v 1 0.8 11
v -1 0 11.8
v 1 0 11.8
v -1 0 11
v 1 0 11
v 0.6 0.8 11.7
v 0.7 0.8 11.7
v -0.7 0.8 11.6
v -0.6 0.8 11.6
v -0.5 0.8 11.6
v 0.6 0.8 11.6
v 0.7 0.8 11.6
v 0.8 0.8 11.6
v -0.9 0.8 11.5
v -0.8 0.8 11.5
v -0.7 0.8 11.5
v -0.6 0.8 11.5
v -0.5 0.8 11.5
v 0.6 0.8 11.5
v 0.7 0.8 11.5
v 0.8 0.8 11.5
v -0.9 0.8 11.4
v -0.8 0.8 11.4
v -0.7 0.8 11.4
v -0.6 0.8 11.4
v -0.5 0.8 11.4
v -0.4 0.8 11.4
v 0.4 0.8 11.4
v 0.6 0.8 11.4
v 0.7 0.8 11.4
v 0.8 0.8 11.4
v 0.9 0.8 11.4
v -0.9 0.8 11.3
v -0.8 0.8 11.3
v -0.7 0.8 11.3
v -0.6 0.8 11.3
v -0.5 0.8 11.3
v -0.4 0.8 11.3
v 0.4 0.8 11.3
v 0.5 0.8 11.3
v 0.6 0.8 11.3
v 0.7 0.8 11.3
v 0.8 0.8 11.3
v 0.9 0.8 11.3
v -0.8 0.8 11.2
v -0.7 0.8 11.2
v -0.6 0.8 11.2
v 0.6 0.8 11.2
v 0.7 0.8 11.2
v 0.8 0.8 11.2
v 0.9 0.8 11.2
v -0.8 0.8 11.1
v -0.7 0.8 11.1
v -0.6 0.8 11.1
v 0.5 0.8 11.1
v 0.6 0.8 11.1
v 0.7 0.8 11.1
v -7.45058e-009 0.9 11.7
v 0.1 0.9 11.7
v -0.8 0.9 11.6
v -0.7 0.9 11.6
v -0.2 0.9 11.6
v -7.45058e-009 0.9 11.6
v 0.1 0.9 11.6
v -0.8 0.9 11.5
v -0.7 0.9 11.5
v -0.5 0.9 11.5
v -0.4 0.9 11.5
v -7.45058e-009 0.9 11.5
v 0.1 0.9 11.5
v 0.3 0.9 11.5
v 0.4 0.9 11.5
v 0.5 0.9 11.5
v 0.6 0.9 11.5
v -0.5 0.9 11.4
v -0.4 0.9 11.4
v -0.2 0.9 11.4
v -0.1 0.9 11.4
v -7.45058e-009 0.9 11.4
v 0.1 0.9 11.4
v 0.2 0.9 11.4
v 0.3 0.9 11.4
v 0.4 0.9 11.4
v 0.5 0.9 11.4
v 0.6 0.9 11.4
v -0.6 0.9 11.3
v -0.5 0.9 11.3
v -7.45058e-009 0.9 11.3
v 0.1 0.9 11.3
v 0.2 0.9 11.3
v 0.3 0.9 11.3
v 0.4 0.9 11.3
v 0.5 0.9 11.3
v -0.6 0.9 11.2
v -0.5 0.9 11.2
v -0.1 0.9 11.2
v -7.45058e-009 0.9 11.2
v 0.1 0.9 11.2
v 0.4 0.9 11.2
v 0.5 0.9 11.2
v 0.7 0.9 11.2
v 0.8 0.9 11.2
v -7.45058e-009 0.9 11.1
v 0.1 0.9 11.1
v 0.7 0.9 11.1
v 0.8 0.9 11.1
v -0.7 1 11.7
v -0.6 1 11.7
v -0.1 1 11.7
v -7.45058e-009 1 11.7
v -0.9 1 11.6
v -0.8 1 11.6
v -0.7 1 11.6
v -0.6 1 11.6
v -0.5 1 11.6
v -0.4 1 11.6
v -0.1 1 11.6
v -7.45058e-009 1 11.6
v 0.1 1 11.6
v 0.2 1 11.6
v 0.5 1 11.6
v 0.6 1 11.6
v 0.7 1 11.6
v 0.8 1 11.6
v -0.9 1 11.5
v -0.8 1 11.5
v -0.7 1 11.5
v -0.6 1 11.5
v -0.5 1 11.5
v -0.4 1 11.5
v 0.1 1 11.5
v 0.2 1 11.5
v 0.4 1 11.5
v 0.5 1 11.5
v 0.6 1 11.5
v 0.7 1 11.5
v 0.8 1 11.5
v 0.9 1 11.5
v -1 1 11.4
v -0.9 1 11.4
v -0.8 1 11.4
v -0.2 1 11.4
v -0.1 1 11.4
v 0.4 1 11.4
v 0.5 1 11.4
v 0.8 1 11.4
v 0.9 1 11.4
v 1 1 11.4
v -1 1 11.3
v -0.9 1 11.3
v -0.8 1 11.3
v -0.5 1 11.3
v -0.4 1 11.3
v -0.2 1 11.3
v -0.1 1 11.3
v 0.9 1 11.3
v 1 1 11.3
v -0.9 1 11.2
v -0.8 1 11.2
v -0.7 1 11.2
v -0.6 1 11.2
v -0.5 1 11.2
v -0.4 1 11.2
v 0.4 1 11.2
v 0.5 1 11.2
v 0.6 1 11.2
v 0.7 1 11.2
v 0.8 1 11.2
v 0.9 1 11.2
v -0.8 1 11.1
v -0.7 1 11.1
v -0.6 1 11.1
v -0.5 1 11.1
v 0.4 1 11.1
v 0.5 1 11.1
v 0.6 1 11.1
v 0.7 1 11.1
v 0.8 1 11.1
v 0.9 1 11.1
v 0.6 1 11
v 0.7 1 11
v -0.2 1.1 11.7
v -0.1 1.1 11.7
v 0.1 1.1 11.7
v 0.2 1.1 11.7
v -0.2 1.1 11.6
v -0.1 1.1 11.6
v 0.1 1.1 11.6
v 0.2 1.1 11.6
v 0.3 1.1 11.6
v -0.7 1.1 11.5
v -0.6 1.1 11.5
v -0.5 1.1 11.5
v -0.4 1.1 11.5
v -0.3 1.1 11.5
v -0.2 1.1 11.5
v -0.1 1.1 11.5
v 0.2 1.1 11.5
v 0.3 1.1 11.5
v 0.7 1.1 11.5
v 0.8 1.1 11.5
v -0.7 1.1 11.4
v -0.6 1.1 11.4
v -0.5 1.1 11.4
v -0.3 1.1 11.4
v -0.2 1.1 11.4
v -0.1 1.1 11.4
v 0.2 1.1 11.4
v 0.3 1.1 11.4
v 0.4 1.1 11.4
v 0.5 1.1 11.4
v 0.7 1.1 11.4
v 0.8 1.1 11.4
v -0.8 1.1 11.3
v -0.7 1.1 11.3
v -0.5 1.1 11.3
v -0.4 1.1 11.3
v -0.2 1.1 11.3
v -0.1 1.1 11.3
v -7.45058e-009 1.1 11.3
v 0.1 1.1 11.3
v 0.2 1.1 11.3
v 0.3 1.1 11.3
v 0.4 1.1 11.3
v 0.5 1.1 11.3
v 0.6 1.1 11.3
v 0.7 1.1 11.3
v -0.8 1.1 11.2
v -0.7 1.1 11.2
v -0.2 1.1 11.2
v -0.1 1.1 11.2
v -7.45058e-009 1.1 11.2
v 0.1 1.1 11.2
v 0.2 1.1 11.2
v 0.4 1.1 11.2
v 0.5 1.1 11.2
v 0.6 1.1 11.2
v 0.7 1.1 11.2
v -7.45058e-009 1.1 11.1
v 0.1 1.1 11.1
v -0.1 1.2 11.7
v -7.45058e-009 1.2 11.7
v 0.1 1.2 11.7
v -0.8 1.2 11.6
v -0.7 1.2 11.6
v -0.1 1.2 11.6
v -7.45058e-009 1.2 11.6
v 0.1 1.2 11.6
v 0.7 1.2 11.6
v 0.8 1.2 11.6
v -0.9 1.2 11.5
v -0.8 1.2 11.5
v -0.7 1.2 11.5
v -0.1 1.2 11.5
v -7.45058e-009 1.2 11.5
v 0.7 1.2 11.5
v 0.8 1.2 11.5
v -0.9 1.2 11.4
v -0.8 1.2 11.4
v -0.7 1.2 11.4
v -0.1 1.2 11.4
v -7.45058e-009 1.2 11.4
v 0.1 1.2 11.4
v 0.2 1.2 11.4
v 0.7 1.2 11.4
v 0.8 1.2 11.4
v -0.8 1.2 11.3
v -0.7 1.2 11.3
v 0.1 1.2 11.3
v 0.2 1.2 11.3
v 0.7 1.2 11.3
v 0.8 1.2 11.3
v 0.9 1.2 11.3
v -0.8 1.2 11.2
v -0.7 1.2 11.2
v 0.7 1.2 11.2
v 0.8 1.2 11.2
v 0.9 1.2 11.2
v -0.8 1.2 11.1
v -0.7 1.2 11.1
v 0.7 1.2 11.1
v 0.8 1.2 11.1
v -0.6 1.3 11.5
v -0.5 1.3 11.5
v -0.6 1.3 11.4
v -0.5 1.3 11.4
v -0.2 1.3 11.4
v -0.1 1.3 11.4
v -7.45058e-009 1.3 11.4
v 0.1 1.3 11.4
v 0.2 1.3 11.4
v 0.3 1.3 11.4
v -0.2 1.3 11.3
v -0.1 1.3 11.3
v -7.45058e-009 1.3 11.3
v 0.1 1.3 11.3
v 0.2 1.3 11.3
v 0.3 1.3 11.3
v 0.5 1.3 11.3
v 0.6 1.3 11.3
v -0.1 1.3 11.2
v -7.45058e-009 1.3 11.2
v 0.5 1.3 11.2
v 0.6 1.3 11.2
v -0.1 1.4 11.6
v -7.45058e-009 1.4 11.6
v 0.5 1.4 11.6
v 0.7 1.4 11.6
v -0.1 1.4 11.5
v -7.45058e-009 1.4 11.5
v 0.5 1.4 11.5
v 0.6 1.4 11.5
v 0.7 1.4 11.5
v -0.9 1.4 11.4
v -0.8 1.4 11.4
v -0.5 1.4 11.4
v -0.4 1.4 11.4
v 0.4 1.4 11.4
v 0.5 1.4 11.4
v 0.8 1.4 11.4
v 0.9 1.4 11.4
v -0.9 1.4 11.3
v -0.8 1.4 11.3
v -0.5 1.4 11.3
v -0.4 1.4 11.3
v 0.4 1.4 11.3
v 0.5 1.4 11.3
v 0.8 1.4 11.3
v 0.9 1.4 11.3
v -0.7 1.4 11.2
v -0.6 1.4 11.2
v -0.5 1.4 11.2
v -0.7 1.4 11.1
v -0.6 1.4 11.1
v -0.5 1.4 11.1
v -7.45058e-009 1.5 11.7
v 0.1 1.5 11.7
v -0.8 1.5 11.6
v -0.7 1.5 11.6
v -7.45058e-009 1.5 11.6
v 0.1 1.5 11.6
v 0.2 1.5 11.6
v 0.3 1.5 11.6
v -0.8 1.5 11.5
v -0.7 1.5 11.5
v 0.2 1.5 11.5
v 0.3 1.5 11.5
v 0.7 1.5 11.5
v 0.8 1.5 11.5
v 0.2 1.5 11.4
v 0.3 1.5 11.4
v 0.7 1.5 11.4
v 0.8 1.5 11.4
v -0.8 1.5 11.3
v -0.7 1.5 11.3
v -7.45058e-009 1.5 11.3
v 0.1 1.5 11.3
v -0.8 1.5 11.2
v -0.7 1.5 11.2
v -7.45058e-009 1.5 11.2
v 0.1 1.5 11.2
v 0.7 1.5 11.2
v 0.8 1.5 11.2
v 0.7 1.5 11.1
v 0.8 1.5 11.1
v -0.7 1.6 11.7
v -0.6 1.6 11.7
v -0.7 1.6 11.6
v -0.6 1.6 11.6
v 0.6 1.6 11.6
v 0.7 1.6 11.6
v 0.8 1.6 11.6
v -0.9 1.6 11.5
v -0.8 1.6 11.5
v -0.7 1.6 11.5
v -0.6 1.6 11.5
v 0.5 1.6 11.5
v 0.6 1.6 11.5
v 0.7 1.6 11.5
v 0.8 1.6 11.5
v 0.9 1.6 11.5
v -1 1.6 11.4
v -0.9 1.6 11.4
v -0.8 1.6 11.4
v -0.7 1.6 11.4
v -0.5 1.6 11.4
v -0.4 1.6 11.4
v -0.2 1.6 11.4
v -0.1 1.6 11.4
v 0.1 1.6 11.4
v 0.2 1.6 11.4
v 0.4 1.6 11.4
v 0.5 1.6 11.4
v 0.6 1.6 11.4
v 0.7 1.6 11.4
v 0.8 1.6 11.4
v 0.9 1.6 11.4
v 1 1.6 11.4
v -1 1.6 11.3
v -0.9 1.6 11.3
v -0.8 1.6 11.3
v -0.7 1.6 11.3
v -0.6 1.6 11.3
v -0.5 1.6 11.3
v -0.4 1.6 11.3
v -0.2 1.6 11.3
v -0.1 1.6 11.3
v 0.1 1.6 11.3
v 0.2 1.6 11.3
v 0.4 1.6 11.3
v 0.5 1.6 11.3
v 0.7 1.6 11.3
v 0.8 1.6 11.3
v 0.9 1.6 11.3
v 1 1.6 11.3
v -0.9 1.6 11.2
v -0.8 1.6 11.2
v -0.7 1.6 11.2
v -0.6 1.6 11.2
v -0.5 1.6 11.2
v 0.6 1.6 11.2
v 0.7 1.6 11.2
v 0.8 1.6 11.2
v 0.9 1.6 11.2
v -0.8 1.6 11.1
v -0.7 1.6 11.1
v -0.6 1.6 11.1
v 0.7 1.6 11.1
v 0.6 1.6 11
v 0.7 1.6 11
v -0.8 1.7 11.7
v -0.7 1.7 11.7
v -0.6 1.7 11.7
v -0.5 1.7 11.7
v -7.45058e-009 1.7 11.7
v 0.1 1.7 11.7
v -0.8 1.7 11.6
v -0.7 1.7 11.6
v -0.6 1.7 11.6
v -0.5 1.7 11.6
v -7.45058e-009 1.7 11.6
v 0.1 1.7 11.6
v 0.2 1.7 11.6
v 0.5 1.7 11.6
v 0.6 1.7 11.6
v -1 1.7 11.5
v -0.9 1.7 11.5
v -0.3 1.7 11.5
v -0.2 1.7 11.5
v -0.1 1.7 11.5
v 0.1 1.7 11.5
v 0.2 1.7 11.5
v 0.3 1.7 11.5
v 0.5 1.7 11.5
v 0.6 1.7 11.5
v 0.9 1.7 11.5
v 1 1.7 11.5
v -1 1.7 11.4
v -0.9 1.7 11.4
v -0.3 1.7 11.4
v -0.2 1.7 11.4
v -0.1 1.7 11.4
v -7.45058e-009 1.7 11.4
v 0.1 1.7 11.4
v 0.2 1.7 11.4
v 0.3 1.7 11.4
v 0.9 1.7 11.4
v 1 1.7 11.4
v -1 1.7 11.3
v -0.9 1.7 11.3
v -0.1 1.7 11.3
v -7.45058e-009 1.7 11.3
v 0.1 1.7 11.3
v 0.2 1.7 11.3
v 0.3 1.7 11.3
v 0.9 1.7 11.3
v 1 1.7 11.3
v -1 1.7 11.2
v -0.9 1.7 11.2
v -0.6 1.7 11.2
v -0.5 1.7 11.2
v -0.1 1.7 11.2
v -7.45058e-009 1.7 11.2
v 0.1 1.7 11.2
v 0.2 1.7 11.2
v 0.9 1.7 11.2
v 1 1.7 11.2
v -0.6 1.7 11.1
v -0.5 1.7 11.1
v -7.45058e-009 1.7 11.1
v 0.1 1.7 11.1
v 0.5 1.7 11.1
v 0.6 1.7 11.1
v 0.7 1.7 11.1
v 0.8 1.7 11.1
v 0.5 1.7 11
v 0.6 1.7 11
v 0.7 1.7 11
v 0.8 1.7 11
v 0.6 1.8 11.7
v 0.7 1.8 11.7
v -0.3 1.8 11.6
v -0.2 1.8 11.6
v 0.2 1.8 11.6
v 0.3 1.8 11.6
v 0.6 1.8 11.6
v 0.7 1.8 11.6
v -0.3 1.8 11.5
v -0.2 1.8 11.5
v 0.2 1.8 11.5
v 0.3 1.8 11.5
v 0.6 1.8 11.5
v 0.7 1.8 11.5
v -0.5 1.8 11.4
v -0.4 1.8 11.4
v -0.3 1.8 11.4
v -0.2 1.8 11.4
v 0.4 1.8 11.4
v 0.5 1.8 11.4
v 0.6 1.8 11.4
v 0.7 1.8 11.4
v -0.7 1.8 11.3
v -0.6 1.8 11.3
v -0.5 1.8 11.3
v -0.4 1.8 11.3
v -0.3 1.8 11.3
v -0.2 1.8 11.3
v 0.4 1.8 11.3
v 0.5 1.8 11.3
v -0.7 1.8 11.2
v -0.6 1.8 11.2
v -0.1 1.8 11.2
v -7.45058e-009 1.8 11.2
v 0.1 1.8 11.2
v 0.2 1.8 11.2
v -0.7 1.8 11.1
v -0.6 1.8 11.1
v -0.1 1.8 11.1
v -7.45058e-009 1.8 11.1
v 0.1 1.8 11.1
v 0.2 1.8 11.1
v -0.7 1.8 11
v -0.6 1.8 11
v -7.45058e-009 1.9 11.7
v 0.1 1.9 11.7
v -7.45058e-009 1.9 11.6
v 0.1 1.9 11.6
v 0.1 1.9 11.5
v 0.2 1.9 11.5
v 0.3 1.9 11.5
v 0.4 1.9 11.5
v 0.1 1.9 11.4
v 0.2 1.9 11.4
v 0.3 1.9 11.4
v 0.4 1.9 11.4
v -0.8 2 11.6
v -0.7 2 11.6
v -0.6 2 11.6
v 0.6 2 11.6
v 0.7 2 11.6
v -0.8 2 11.5
v -0.7 2 11.5
v -0.6 2 11.5
v -0.5 2 11.5
v 0.6 2 11.5
v 0.7 2 11.5
v -0.9 2 11.4
v -0.8 2 11.4
v -0.6 2 11.4
v -0.5 2 11.4
v -0.4 2 11.4
v 0.4 2 11.4
v 0.5 2 11.4
v -1 2 11.3
v -0.9 2 11.3
v -0.8 2 11.3
v -0.5 2 11.3
v -0.4 2 11.3
v 0.4 2 11.3
v 0.5 2 11.3
v -1 2 11.2
v -0.9 2 11.2
v -0.8 2 11.2
v -0.7 2 11.2
v -0.6 2 11.2
v 0.6 2 11.2
v 0.7 2 11.2
v -0.7 2 11.1
v -0.6 2 11.1
v 0.6 2 11.1
v 0.7 2 11.1
v -7.45058e-009 2.1 11.7
v 0.1 2.1 11.7
v -7.45058e-009 2.1 11.6
v 0.1 2.1 11.6
v 0.5 2.1 11.6
v 0.6 2.1 11.6
v -0.8 2.1 11.5
v -0.7 2.1 11.5
v -0.2 2.1 11.5
v -0.1 2.1 11.5
v 0.2 2.1 11.5
v 0.3 2.1 11.5
v 0.5 2.1 11.5
v 0.6 2.1 11.5
v -0.8 2.1 11.4
v -0.7 2.1 11.4
v -0.2 2.1 11.4
v -0.1 2.1 11.4
v 0.2 2.1 11.4
v 0.3 2.1 11.4
v 0.5 2.1 11.4
v 0.6 2.1 11.4
v 0.8 2.1 11.4
v 0.9 2.1 11.4
v -0.1 2.1 11.3
v -7.45058e-009 2.1 11.3
v 0.1 2.1 11.3
v 0.5 2.1 11.3
v 0.6 2.1 11.3
v 0.7 2.1 11.3
v 0.8 2.1 11.3
v 0.9 2.1 11.3
v -0.1 2.1 11.2
v -7.45058e-009 2.1 11.2
v 0.1 2.1 11.2
v 0.5 2.1 11.2
v 0.6 2.1 11.2
v 0.7 2.1 11.2
v 0.8 2.1 11.2
v -7.45058e-009 2.1 11.1
v 0.1 2.1 11.1
v 0.5 2.1 11.1
v 0.6 2.1 11.1
v -7.45058e-009 2.1 11
v 0.1 2.1 11
v -0.2 2.2 11.4
v -0.1 2.2 11.4
v -7.45058e-009 2.2 11.4
v 0.1 2.2 11.4
v 0.2 2.2 11.4
v -0.2 2.2 11.3
v -0.1 2.2 11.3
v -7.45058e-009 2.2 11.3
v 0.1 2.2 11.3
v 0.2 2.2 11.3
v 0.1 2.2 11.2
v 0.2 2.2 11.2
v -0.9 0.7 11.7
v -0.8 0.7 11.7
v -0.6 0.7 11.7
v -0.5 0.7 11.7
v -0.4 0.7 11.7
v -0.3 0.7 11.7
v -0.2 0.7 11.7
v -0.1 0.7 11.7
v -7.45058e-009 0.7 11.7
v 0.1 0.7 11.7
v 0.2 0.7 11.7
v 0.3 0.7 11.7
v 0.4 0.7 11.7
v 0.5 0.7 11.7
v 0.6 0.7 11.7
v 0.7 0.7 11.7
v 0.8 0.7 11.7
v 0.9 0.7 11.7
v -0.9 0.7 11.6
v -0.8 0.7 11.6
v -0.7 0.7 11.6
v -0.6 0.7 11.6
v -0.5 0.7 11.6
v -0.4 0.7 11.6
v -0.3 0.7 11.6
v -0.2 0.7 11.6
v -0.1 0.7 11.6
v -7.45058e-009 0.7 11.6
v 0.1 0.7 11.6
v 0.2 0.7 11.6
v 0.3 0.7 11.6
v 0.4 0.7 11.6
v 0.5 0.7 11.6
v 0.6 0.7 11.6
v 0.7 0.7 11.6
v 0.8 0.7 11.6
v 0.9 0.7 11.6
v -0.9 0.7 11.5
v -0.8 0.7 11.5
v -0.7 0.7 11.5
v -0.6 0.7 11.5
v -0.5 0.7 11.5
v -0.4 0.7 11.5
v -0.3 0.7 11.5
v -0.2 0.7 11.5
v -0.1 0.7 11.5
v -7.45058e-009 0.7 11.5
v 0.1 0.7 11.5
v 0.2 0.7 11.5
v 0.3 0.7 11.5
v 0.4 0.7 11.5
v 0.5 0.7 11.5
v 0.6 0.7 11.5
v 0.7 0.7 11.5
v 0.8 0.7 11.5
v 0.9 0.7 11.5
v -0.9 0.7 11.4
v -0.8 0.7 11.4
v -0.7 0.7 11.4
v -0.6 0.7 11.4
v -0.5 0.7 11.4
v -0.4 0.7 11.4
v -0.3 0.7 11.4
v -0.2 0.7 11.4
v -0.1 0.7 11.4
v -7.45058e-009 0.7 11.4
v 0.1 0.7 11.4
v 0.2 0.7 11.4
v 0.4 0.7 11.4
v 0.5 0.7 11.4
v 0.6 0.7 11.4
v 0.7 0.7 11.4
v 0.8 0.7 11.4
v 0.9 0.7 11.4
v -0.9 0.7 11.3
v -0.8 0.7 11.3
v -0.7 0.7 11.3
v -0.6 0.7 11.3
v -0.5 0.7 11.3
v -0.4 0.7 11.3
v -0.3 0.7 11.3
v -0.2 0.7 11.3
v -0.1 0.7 11.3
v -7.45058e-009 0.7 11.3
v 0.1 0.7 11.3
v 0.2 0.7 11.3
v 0.3 0.7 11.3
v 0.4 0.7 11.3
v 0.5 0.7 11.3
v 0.6 0.7 11.3
v 0.7 0.7 11.3
v 0.8 0.7 11.3
v 0.9 0.7 11.3
v -0.9 0.7 11.2
v -0.8 0.7 11.2
v -0.7 0.7 11.2
v -0.6 0.7 11.2
v -0.5 0.7 11.2
v -0.4 0.7 11.2
v -0.3 0.7 11.2
v -0.2 0.7 11.2
v -0.1 0.7 11.2
v -7.45058e-009 0.7 11.2
v 0.1 0.7 11.2
v 0.2 0.7 11.2
v 0.3 0.7 11.2
v 0.4 0.7 11.2
v 0.5 0.7 11.2
v 0.6 0.7 11.2
v 0.7 0.7 11.2
v 0.8 0.7 11.2
v 0.9 0.7 11.2
v -0.9 0.7 11.1
v -0.8 0.7 11.1
v -0.7 0.7 11.1
v -0.6 0.7 11.1
v -0.5 0.7 11.1
v -0.4 0.7 11.1
v -0.3 0.7 11.1
v -0.2 0.7 11.1
v -0.1 0.7 11.1
v -7.45058e-009 0.7 11.1
v 0.1 0.7 11.1
v 0.2 0.7 11.1
v 0.3 0.7 11.1
v 0.4 0.7 11.1
v 0.6 0.7 11.1
v 0.7 0.7 11.1
v 0.8 0.7 11.1
v 0.9 0.7 11.1
v -1 0.8 11.8
v 1 0.8 11.8
v -0.9 0.8 11.7
v 0.6 0.8 11.7
v 0.7 0.8 11.7
v 0.9 0.8 11.7
v -0.9 0.8 11.5
v -1 0.8 11.4
v -0.9 0.8 11.4
v 0.9 0.8 11.4
v 1 0.8 11.4
v -1 0.8 11.3
v -0.9 0.8 11.3
v 0.9 0.8 11.3
v 1 0.8 11.3
v 0.9 0.8 11.2
v -0.9 0.8 11.1
v -0.8 0.8 11.1
v -0.7 0.8 11.1
v -0.6 0.8 11.1
v 0.5 0.8 11.1
v 0.6 0.8 11.1
v 0.7 0.8 11.1
v 0.9 0.8 11.1
v -1 0.8 11
v -0.7 0.8 11
v -0.6 0.8 11
v 1 0.8 11
v 0.6 0.9 11.7
v 0.7 0.9 11.7
v -0.7 0.9 11.6
v -0.6 0.9 11.6
v -0.5 0.9 11.6
v 0.6 0.9 11.6
v 0.7 0.9 11.6
v 0.8 0.9 11.6
v -0.9 0.9 11.5
v -0.8 0.9 11.5
v -0.7 0.9 11.5
v -0.6 0.9 11.5
v -0.5 0.9 11.5
v 0.6 0.9 11.5
v 0.7 0.9 11.5
v 0.8 0.9 11.5
v -1 0.9 11.4
v -0.9 0.9 11.4
v -0.8 0.9 11.4
v -0.5 0.9 11.4
v -0.4 0.9 11.4
v 0.4 0.9 11.4
v 0.5 0.9 11.4
v 0.7 0.9 11.4
v 0.8 0.9 11.4
v 0.9 0.9 11.4
v 1 0.9 11.4
v -1 0.9 11.3
v -0.8 0.9 11.3
v -0.7 0.9 11.3
v -0.5 0.9 11.3
v -0.4 0.9 11.3
v 0.4 0.9 11.3
v 0.5 0.9 11.3
v 0.8 0.9 11.3
v 0.9 0.9 11.3
v 1 0.9 11.3
v -0.8 0.9 11.2
v -0.7 0.9 11.2
v -0.6 0.9 11.2
v 0.5 0.9 11.2
v 0.6 0.9 11.2
v 0.7 0.9 11.2
v 0.8 0.9 11.2
v 0.9 0.9 11.2
v -0.8 0.9 11.1
v -0.7 0.9 11.1
v -0.6 0.9 11.1
v 0.5 0.9 11.1
v 0.6 0.9 11.1
v 0.7 0.9 11.1
v -0.7 0.9 11
v -0.6 0.9 11
v -7.45058e-009 1 11.7
v 0.1 1 11.7
v -0.8 1 11.6
v -0.7 1 11.6
v -0.2 1 11.6
v -0.1 1 11.6
v -7.45058e-009 1 11.6
v 0.1 1 11.6
v -0.8 1 11.5
v -0.7 1 11.5
v -0.6 1 11.5
v -0.5 1 11.5
v -0.4 1 11.5
v -0.1 1 11.5
v 0.2 1 11.5
v 0.3 1 11.5
v 0.4 1 11.5
v -0.7 1 11.4
v -0.6 1 11.4
v -0.5 1 11.4
v -0.4 1 11.4
v -0.2 1 11.4
v -0.1 1 11.4
v 0.1 1 11.4
v 0.2 1 11.4
v 0.3 1 11.4
v 0.4 1 11.4
v -0.1 1 11.3
v -7.45058e-009 1 11.3
v 0.1 1 11.3
v 0.2 1 11.3
v 0.3 1 11.3
v 0.4 1 11.3
v 0.5 1 11.3
v 0.6 1 11.3
v 0.7 1 11.3
v -0.1 1 11.2
v -7.45058e-009 1 11.2
v 0.1 1 11.2
v 0.4 1 11.2
v 0.5 1 11.2
v 0.6 1 11.2
v 0.7 1 11.2
v 0.8 1 11.2
v -7.45058e-009 1 11.1
v 0.1 1 11.1
v 0.7 1 11.1
v 0.8 1 11.1
v -0.7 1.1 11.7
v -0.6 1.1 11.7
v -0.1 1.1 11.7
v -7.45058e-009 1.1 11.7
v -0.9 1.1 11.6
v -0.8 1.1 11.6
v -0.7 1.1 11.6
v -0.6 1.1 11.6
v -0.5 1.1 11.6
v -0.4 1.1 11.6
v -0.1 1.1 11.6
v -7.45058e-009 1.1 11.6
v 0.7 1.1 11.6
v 0.8 1.1 11.6
v -0.9 1.1 11.5
v -0.8 1.1 11.5
v -0.5 1.1 11.5
v -0.4 1.1 11.5
v -0.1 1.1 11.5
v -7.45058e-009 1.1 11.5
v 0.7 1.1 11.5
v 0.8 1.1 11.5
v 0.9 1.1 11.5
v -1 1.1 11.4
v -0.9 1.1 11.4
v -0.8 1.1 11.4
v -0.7 1.1 11.4
v -0.2 1.1 11.4
v -0.1 1.1 11.4
v -7.45058e-009 1.1 11.4
v 0.7 1.1 11.4
v 0.8 1.1 11.4
v 0.9 1.1 11.4
v 1 1.1 11.4
v -1 1.1 11.3
v -0.9 1.1 11.3
v -0.8 1.1 11.3
v -0.7 1.1 11.3
v -0.2 1.1 11.3
v -0.1 1.1 11.3
v 0.7 1.1 11.3
v 0.8 1.1 11.3
v 0.9 1.1 11.3
v 1 1.1 11.3
v -0.9 1.1 11.2
v -0.8 1.1 11.2
v -0.7 1.1 11.2
v 0.4 1.1 11.2
v 0.5 1.1 11.2
v 0.8 1.1 11.2
v 0.9 1.1 11.2
v -0.8 1.1 11.1
v -0.7 1.1 11.1
v 0.4 1.1 11.1
v 0.5 1.1 11.1
v 0.6 1.1 11.1
v 0.7 1.1 11.1
v 0.8 1.1 11.1
v 0.9 1.1 11.1
v 0.6 1.1 11
v 0.7 1.1 11
v -0.2 1.2 11.7
v -0.1 1.2 11.7
v -0.2 1.2 11.6
v -0.1 1.2 11.6
v 0.5 1.2 11.6
v 0.6 1.2 11.6
v -0.6 1.2 11.5
v -0.5 1.2 11.5
v -0.3 1.2 11.5
v -0.2 1.2 11.5
v 0.5 1.2 11.5
v 0.6 1.2 11.5
v -0.6 1.2 11.4
v -0.5 1.2 11.4
v -0.3 1.2 11.4
v -0.2 1.2 11.4
v -7.45058e-009 1.2 11.4
v 0.1 1.2 11.4
v 0.2 1.2 11.4
v 0.3 1.2 11.4
v -0.2 1.2 11.3
v -0.1 1.2 11.3
v -7.45058e-009 1.2 11.3
v 0.1 1.2 11.3
v 0.2 1.2 11.3
v 0.3 1.2 11.3
v 0.5 1.2 11.3
v 0.6 1.2 11.3
v -0.6 1.2 11.2
v -0.5 1.2 11.2
v -0.2 1.2 11.2
v -0.1 1.2 11.2
v -7.45058e-009 1.2 11.2
v 0.1 1.2 11.2
v 0.2 1.2 11.2
v 0.5 1.2 11.2
v 0.6 1.2 11.2
v -0.6 1.2 11.1
v -0.5 1.2 11.1
v -7.45058e-009 1.2 11.1
v 0.1 1.2 11.1
v -0.7 1.3 11.6
v -0.6 1.3 11.6
v -0.1 1.3 11.6
v -7.45058e-009 1.3 11.6
v 0.2 1.3 11.6
v 0.3 1.3 11.6
v 0.6 1.3 11.6
v 0.7 1.3 11.6
v 0.8 1.3 11.6
v -0.9 1.3 11.5
v -0.8 1.3 11.5
v -0.7 1.3 11.5
v -0.6 1.3 11.5
v -0.1 1.3 11.5
v -7.45058e-009 1.3 11.5
v 0.2 1.3 11.5
v 0.3 1.3 11.5
v 0.6 1.3 11.5
v 0.7 1.3 11.5
v 0.8 1.3 11.5
v -0.9 1.3 11.4
v -0.8 1.3 11.4
v -0.5 1.3 11.4
v -0.4 1.3 11.4
v 0.4 1.3 11.4
v 0.5 1.3 11.4
v 0.8 1.3 11.4
v 0.9 1.3 11.4
v -0.9 1.3 11.3
v -0.8 1.3 11.3
v -0.5 1.3 11.3
v -0.4 1.3 11.3
v 0.4 1.3 11.3
v 0.5 1.3 11.3
v 0.8 1.3 11.3
v 0.9 1.3 11.3
v -0.8 1.3 11.2
v -0.7 1.3 11.2
v -0.6 1.3 11.2
v 0.6 1.3 11.2
v 0.7 1.3 11.2
v 0.8 1.3 11.2
v 0.9 1.3 11.2
v -0.8 1.3 11.1
v -0.7 1.3 11.1
v -0.6 1.3 11.1
v 0.6 1.3 11.1
v 0.7 1.3 11.1
v -7.45058e-009 1.4 11.7
v 0.1 1.4 11.7
v -0.8 1.4 11.6
v -0.7 1.4 11.6
v -0.6 1.4 11.6
v -0.5 1.4 11.6
v -7.45058e-009 1.4 11.6
v 0.1 1.4 11.6
v -0.8 1.4 11.5
v -0.7 1.4 11.5
v -0.6 1.4 11.5
v -0.5 1.4 11.5
v -0.2 1.4 11.5
v -0.1 1.4 11.5
v 0.2 1.4 11.5
v 0.3 1.4 11.5
v 0.4 1.4 11.5
v 0.5 1.4 11.5
v 0.7 1.4 11.5
v 0.8 1.4 11.5
v -0.2 1.4 11.4
v -0.1 1.4 11.4
v 0.2 1.4 11.4
v 0.3 1.4 11.4
v 0.4 1.4 11.4
v 0.5 1.4 11.4
v 0.7 1.4 11.4
v 0.8 1.4 11.4
v -0.8 1.4 11.3
v -0.7 1.4 11.3
v -0.5 1.4 11.3
v -0.4 1.4 11.3
v -0.1 1.4 11.3
v -7.45058e-009 1.4 11.3
v 0.1 1.4 11.3
v 0.2 1.4 11.3
v 0.3 1.4 11.3
v -0.8 1.4 11.2
v -0.7 1.4 11.2
v -0.5 1.4 11.2
v -0.4 1.4 11.2
v -0.1 1.4 11.2
v -7.45058e-009 1.4 11.2
v 0.1 1.4 11.2
v 0.5 1.4 11.2
v 0.6 1.4 11.2
v 0.7 1.4 11.2
v 0.8 1.4 11.2
v 0.5 1.4 11.1
v 0.6 1.4 11.1
v 0.7 1.4 11.1
v 0.8 1.4 11.1
v 0.1 1.5 11.7
v 0.2 1.5 11.7
v -0.2 1.5 11.6
v -0.1 1.5 11.6
v 0.1 1.5 11.6
v 0.2 1.5 11.6
v 0.5 1.5 11.6
v 0.7 1.5 11.6
v -0.2 1.5 11.5
v -0.1 1.5 11.5
v 0.5 1.5 11.5
v 0.6 1.5 11.5
v 0.7 1.5 11.5
v -0.9 1.5 11.4
v -0.8 1.5 11.4
v -0.7 1.5 11.4
v -0.5 1.5 11.4
v -0.4 1.5 11.4
v -0.2 1.5 11.4
v -0.1 1.5 11.4
v 0.1 1.5 11.4
v 0.2 1.5 11.4
v 0.4 1.5 11.4
v 0.5 1.5 11.4
v 0.6 1.5 11.4
v 0.7 1.5 11.4
v 0.8 1.5 11.4
v 0.9 1.5 11.4
v -0.9 1.5 11.3
v -0.8 1.5 11.3
v -0.7 1.5 11.3
v -0.6 1.5 11.3
v -0.5 1.5 11.3
v -0.4 1.5 11.3
v -0.2 1.5 11.3
v -0.1 1.5 11.3
v 0.1 1.5 11.3
v 0.2 1.5 11.3
v 0.4 1.5 11.3
v 0.5 1.5 11.3
v 0.7 1.5 11.3
v 0.8 1.5 11.3
v 0.9 1.5 11.3
v -0.7 1.5 11.2
v -0.6 1.5 11.2
v -0.5 1.5 11.2
v -0.7 1.5 11.1
v -0.6 1.5 11.1
v -0.5 1.5 11.1
v -7.45058e-009 1.6 11.7
v 0.1 1.6 11.7
v -7.45058e-009 1.6 11.6
v 0.1 1.6 11.6
v 0.2 1.6 11.6
v 0.3 1.6 11.6
v -0.5 1.6 11.5
v -0.4 1.6 11.5
v 0.1 1.6 11.5
v 0.2 1.6 11.5
v 0.3 1.6 11.5
v -0.5 1.6 11.4
v -0.4 1.6 11.4
v -7.45058e-009 1.6 11.4
v 0.1 1.6 11.4
v 0.2 1.6 11.4
v 0.3 1.6 11.4
v -7.45058e-009 1.6 11.3
v 0.1 1.6 11.3
v 0.4 1.6 11.3
v 0.5 1.6 11.3
v -7.45058e-009 1.6 11.2
v 0.1 1.6 11.2
v 0.4 1.6 11.2
v 0.5 1.6 11.2
v -0.1 1.7 11.7
v -7.45058e-009 1.7 11.7
v -0.1 1.7 11.6
v -7.45058e-009 1.7 11.6
v 0.6 1.7 11.6
v 0.7 1.7 11.6
v 0.8 1.7 11.6
v -0.9 1.7 11.5
v -0.8 1.7 11.5
v 0.6 1.7 11.5
v 0.7 1.7 11.5
v 0.8 1.7 11.5
v -0.9 1.7 11.4
v -0.8 1.7 11.4
v -0.5 1.7 11.4
v -0.4 1.7 11.4
v 0.4 1.7 11.4
v 0.5 1.7 11.4
v 0.6 1.7 11.4
v 0.7 1.7 11.4
v -0.7 1.7 11.3
v -0.6 1.7 11.3
v -0.5 1.7 11.3
v -0.4 1.7 11.3
v 0.4 1.7 11.3
v 0.5 1.7 11.3
v 0.8 1.7 11.3
v 0.9 1.7 11.3
v -0.8 1.7 11.2
v -0.7 1.7 11.2
v -0.6 1.7 11.2
v 0.8 1.7 11.2
v 0.9 1.7 11.2
v -0.8 1.7 11.1
v -0.7 1.7 11.1
v -0.6 1.7 11.1
v -0.8 1.8 11.7
v -0.7 1.8 11.7
v -0.6 1.8 11.7
v -0.5 1.8 11.7
v -7.45058e-009 1.8 11.7
v 0.1 1.8 11.7
v -0.8 1.8 11.6
v -0.7 1.8 11.6
v -0.6 1.8 11.6
v -0.5 1.8 11.6
v -7.45058e-009 1.8 11.6
v 0.1 1.8 11.6
v 0.5 1.8 11.6
v 0.6 1.8 11.6
v -1 1.8 11.5
v -0.9 1.8 11.5
v 0.1 1.8 11.5
v 0.2 1.8 11.5
v 0.3 1.8 11.5
v 0.5 1.8 11.5
v 0.6 1.8 11.5
v 0.9 1.8 11.5
v 1 1.8 11.5
v -1 1.8 11.4
v -0.9 1.8 11.4
v 0.1 1.8 11.4
v 0.2 1.8 11.4
v 0.3 1.8 11.4
v 0.9 1.8 11.4
v 1 1.8 11.4
v -1 1.8 11.3
v -0.9 1.8 11.3
v -0.1 1.8 11.3
v -7.45058e-009 1.8 11.3
v 0.2 1.8 11.3
v 0.3 1.8 11.3
v 0.9 1.8 11.3
v 1 1.8 11.3
v -1 1.8 11.2
v -0.9 1.8 11.2
v -0.6 1.8 11.2
v -0.5 1.8 11.2
v -0.1 1.8 11.2
v -7.45058e-009 1.8 11.2
v 0.9 1.8 11.2
v 1 1.8 11.2
v -0.6 1.8 11.1
v -0.5 1.8 11.1
v 0.5 1.8 11.1
v 0.6 1.8 11.1
v 0.7 1.8 11.1
v 0.8 1.8 11.1
v 0.5 1.8 11
v 0.6 1.8 11
v 0.7 1.8 11
v 0.8 1.8 11
v 0.6 1.9 11.7
v 0.7 1.9 11.7
v -0.8 1.9 11.6
v -0.7 1.9 11.6
v -0.6 1.9 11.6
v -0.3 1.9 11.6
v -0.2 1.9 11.6
v 0.2 1.9 11.6
v 0.3 1.9 11.6
v 0.6 1.9 11.6
v 0.7 1.9 11.6
v -0.8 1.9 11.5
v -0.7 1.9 11.5
v -0.6 1.9 11.5
v -0.5 1.9 11.5
v -0.3 1.9 11.5
v -0.2 1.9 11.5
v 0.2 1.9 11.5
v 0.3 1.9 11.5
v 0.6 1.9 11.5
v 0.7 1.9 11.5
v 0.8 1.9 11.5
v 0.9 1.9 11.5
v -1 1.9 11.4
v -0.9 1.9 11.4
v -0.8 1.9 11.4
v -0.6 1.9 11.4
v -0.5 1.9 11.4
v -0.4 1.9 11.4
v -0.3 1.9 11.4
v -0.2 1.9 11.4
v 0.4 1.9 11.4
v 0.5 1.9 11.4
v 0.8 1.9 11.4
v 0.9 1.9 11.4
v 1 1.9 11.4
v -1 1.9 11.3
v -0.9 1.9 11.3
v -0.8 1.9 11.3
v -0.5 1.9 11.3
v -0.4 1.9 11.3
v -0.3 1.9 11.3
v -0.2 1.9 11.3
v 0.4 1.9 11.3
v 0.5 1.9 11.3
v 0.6 1.9 11.3
v 0.7 1.9 11.3
v 0.8 1.9 11.3
v 0.9 1.9 11.3
v 1 1.9 11.3
v -0.9 1.9 11.2
v -0.8 1.9 11.2
v -0.7 1.9 11.2
v -0.6 1.9 11.2
v -0.1 1.9 11.2
v -7.45058e-009 1.9 11.2
v 0.1 1.9 11.2
v 0.2 1.9 11.2
v 0.5 1.9 11.2
v 0.6 1.9 11.2
v 0.7 1.9 11.2
v 0.8 1.9 11.2
v -0.7 1.9 11.1
v -0.6 1.9 11.1
v -0.1 1.9 11.1
v -7.45058e-009 1.9 11.1
v 0.1 1.9 11.1
v 0.2 1.9 11.1
v 0.6 1.9 11.1
v 0.7 1.9 11.1
v 0.8 1.9 11.1
v -0.7 1.9 11
v -0.6 1.9 11
v -7.45058e-009 2 11.7
v 0.1 2 11.7
v -0.1 2 11.6
v -7.45058e-009 2 11.6
v 0.1 2 11.6
v -0.8 2 11.5
v -0.7 2 11.5
v -0.2 2 11.5
v -0.1 2 11.5
v -7.45058e-009 2 11.5
v 0.2 2 11.5
v 0.3 2 11.5
v 0.4 2 11.5
v 0.5 2 11.5
v 0.6 2 11.5
v 0.7 2 11.5
v 0.8 2 11.5
v -0.8 2 11.4
v -0.7 2 11.4
v -0.2 2 11.4
v -0.1 2 11.4
v -7.45058e-009 2 11.4
v 0.2 2 11.4
v 0.3 2 11.4
v 0.4 2 11.4
v 0.5 2 11.4
v 0.6 2 11.4
v 0.7 2 11.4
v 0.8 2 11.4
v -0.6 2 11.3
v -0.5 2 11.3
v -0.2 2 11.3
v -0.1 2 11.3
v -7.45058e-009 2 11.3
v 0.1 2 11.3
v 0.2 2 11.3
v -0.6 2 11.2
v -0.5 2 11.2
v -7.45058e-009 2 11.2
v 0.1 2 11.2
v 0.2 2 11.2
v -7.45058e-009 2 11.1
v 0.1 2 11.1
v -0.8 2.1 11.6
v -0.7 2.1 11.6
v 0.1 2.1 11.6
v 0.2 2.1 11.6
v -0.8 2.1 11.5
v -0.7 2.1 11.5
v -0.6 2.1 11.5
v -0.5 2.1 11.5
v 0.1 2.1 11.5
v 0.2 2.1 11.5
v -0.9 2.1 11.4
v -0.8 2.1 11.4
v -0.6 2.1 11.4
v -0.5 2.1 11.4
v -0.4 2.1 11.4
v 0.1 2.1 11.4
v 0.2 2.1 11.4
v 0.4 2.1 11.4
v 0.5 2.1 11.4
v -1 2.1 11.3
v -0.9 2.1 11.3
v -0.8 2.1 11.3
v -0.5 2.1 11.3
v -0.4 2.1 11.3
v 0.1 2.1 11.3
v 0.2 2.1 11.3
v 0.4 2.1 11.3
v 0.5 2.1 11.3
v -1 2.1 11.2
v -0.9 2.1 11.2
v -0.8 2.1 11.2
v -0.7 2.1 11.2
v -0.6 2.1 11.2
v -0.7 2.1 11.1
v -0.6 2.1 11.1
v -7.45058e-009 2.2 11.7
v 0.1 2.2 11.7
v -0.7 2.2 11.6
v -0.6 2.2 11.6
v -7.45058e-009 2.2 11.6
v 0.1 2.2 11.6
v 0.5 2.2 11.6
v 0.6 2.2 11.6
v 0.7 2.2 11.6
v -0.8 2.2 11.5
v -0.7 2.2 11.5
v -0.6 2.2 11.5
v -0.2 2.2 11.5
v -0.1 2.2 11.5
v 0.2 2.2 11.5
v 0.3 2.2 11.5
v 0.5 2.2 11.5
v 0.6 2.2 11.5
v 0.7 2.2 11.5
v -0.8 2.2 11.4
v -0.7 2.2 11.4
v -0.6 2.2 11.4
v -0.5 2.2 11.4
v -0.2 2.2 11.4
v -0.1 2.2 11.4
v 0.2 2.2 11.4
v 0.3 2.2 11.4
v 0.5 2.2 11.4
v 0.6 2.2 11.4
v 0.7 2.2 11.4
v 0.8 2.2 11.4
v 0.9 2.2 11.4
v -0.8 2.2 11.3
v -0.7 2.2 11.3
v -0.6 2.2 11.3
v -0.5 2.2 11.3
v -0.1 2.2 11.3
v -7.45058e-009 2.2 11.3
v 0.5 2.2 11.3
v 0.6 2.2 11.3
v 0.7 2.2 11.3
v 0.8 2.2 11.3
v 0.9 2.2 11.3
v -0.8 2.2 11.2
v -0.7 2.2 11.2
v -0.6 2.2 11.2
v -0.1 2.2 11.2
v -7.45058e-009 2.2 11.2
v 0.1 2.2 11.2
v 0.5 2.2 11.2
v 0.6 2.2 11.2
v 0.7 2.2 11.2
v 0.8 2.2 11.2
v -7.45058e-009 2.2 11.1
v 0.1 2.2 11.1
v 0.5 2.2 11.1
v 0.6 2.2 11.1
v 0.7 2.2 11.1
v -7.45058e-009 2.2 11
v 0.1 2.2 11
v -7.45058e-009 2.3 11.6
v 0.1 2.3 11.6
v -0.1 2.3 11.5
v -7.45058e-009 2.3 11.5
v 0.1 2.3 11.5
v 0.2 2.3 11.5
v 0.5 2.3 11.5
v 0.6 2.3 11.5
v -0.7 2.3 11.4
v -0.6 2.3 11.4
v -0.2 2.3 11.4
v -0.1 2.3 11.4
v -7.45058e-009 2.3 11.4
v 0.1 2.3 11.4
v 0.2 2.3 11.4
v 0.5 2.3 11.4
v 0.6 2.3 11.4
v 0.7 2.3 11.4
v -0.7 2.3 11.3
v -0.6 2.3 11.3
v -0.2 2.3 11.3
v -0.1 2.3 11.3
v -7.45058e-009 2.3 11.3
v 0.1 2.3 11.3
v 0.2 2.3 11.3
v 0.5 2.3 11.3
v 0.6 2.3 11.3
v 0.7 2.3 11.3
v -7.45058e-009 2.3 11.2
v 0.1 2.3 11.2
v 0.2 2.3 11.2
v 0.5 2.3 11.2
v 0.6 2.3 11.2
v -7.45058e-009 2.4 11.5
v 0.1 2.4 11.5
v -7.45058e-009 2.4 11.4
v 0.1 2.4 11.4

# faces
f 3/25/1 2/25/1 1/25/1
f 4/25/1 2/25/1 3/25/1
f 5/25/1 2/25/1 4/25/1
f 6/25/1 2/25/1 5/25/1
f 7/6/1 5/6/1 4/6/1
f 8/6/1 5/6/1 7/6/1
f 11/2/1 10/2/1 9/2/1
f 12/2/1 10/2/1 11/2/1
f 16/7/1 14/7/1 13/7/1
f 17/7/1 14/7/1 16/7/1
f 19/8/1 16/8/1 15/8/1
f 20/6/1 17/6/1 16/6/1
f 20/8/1 16/8/1 19/8/1
f 21/7/1 18/7/1 17/7/1
f 21/6/1 17/6/1 20/6/1
f 22/7/1 18/7/1 21/7/1
f 23/7/1 21/7/1 20/7/1
f 24/7/1 21/7/1 23/7/1
f 27/6/1 26/6/1 25/6/1
f 28/6/1 26/6/1 27/6/1
f 31/3/1 30/3/1 29/3/1
f 32/3/1 30/3/1 31/3/1
f 38/1/1 34/1/1 33/1/1
f 39/7/1 35/7/1 34/7/1
f 39/1/1 34/1/1 38/1/1
f 40/7/1 35/7/1 39/7/1
f 41/3/1 37/3/1 36/3/1
f 42/3/1 37/3/1 41/3/1
f 44/4/1 41/4/1 40/4/1
f 45/4/1 41/4/1 44/4/1
f 46/1/1 44/1/1 43/1/1
f 47/8/1 45/8/1 44/8/1
f 47/1/1 44/1/1 46/1/1
f 48/8/1 45/8/1 47/8/1
f 51/5/1 50/5/1 49/5/1
f 52/5/1 50/5/1 51/5/1
f 57/3/1 54/3/1 53/3/1
f 58/3/1 54/3/1 57/3/1
f 59/4/1 56/4/1 55/4/1
f 60/4/1 56/4/1 59/4/1
f 63/1/1 62/1/1 61/1/1
f 64/1/1 62/1/1 63/1/1
f 67/4/1 66/4/1 65/4/1
f 68/4/1 66/4/1 67/4/1
f 75/5/1 70/5/1 69/5/1
f 76/7/1 71/7/1 70/7/1
f 76/5/1 70/5/1 75/5/1
f 77/7/1 71/7/1 76/7/1
f 78/7/1 73/7/1 72/7/1
f 79/6/1 74/6/1 73/6/1
f 79/7/1 73/7/1 78/7/1
f 80/3/1 75/3/1 74/3/1
f 80/6/1 74/6/1 79/6/1
f 81/3/1 75/3/1 80/3/1
f 87/6/1 83/6/1 82/6/1
f 88/6/1 83/6/1 87/6/1
f 90/5/1 85/5/1 84/5/1
f 91/5/1 85/5/1 90/5/1
f 92/3/1 87/3/1 86/3/1
f 93/3/1 87/3/1 92/3/1
f 95/1/1 90/1/1 89/1/1
f 96/1/1 90/1/1 95/1/1
f 98/5/1 93/5/1 92/5/1
f 99/4/1 94/4/1 93/4/1
f 99/5/1 93/5/1 98/5/1
f 100/4/1 94/4/1 99/4/1
f 101/4/1 96/4/1 95/4/1
f 102/1/1 97/1/1 96/1/1
f 102/4/1 96/4/1 101/4/1
f 103/5/1 98/5/1 97/5/1
f 103/1/1 97/1/1 102/1/1
f 104/6/1 99/6/1 98/6/1
f 104/5/1 98/5/1 103/5/1
f 105/6/1 99/6/1 104/6/1
f 107/2/1 103/2/1 102/2/1
f 108/2/1 103/2/1 107/2/1
f 111/5/1 107/5/1 106/5/1
f 112/4/1 108/4/1 107/4/1
f 112/5/1 107/5/1 111/5/1
f 113/4/1 108/4/1 112/4/1
f 114/7/1 110/7/1 109/7/1
f 115/7/1 110/7/1 114/7/1
f 118/8/1 112/8/1 111/8/1
f 119/8/1 112/8/1 118/8/1
f 121/3/1 116/3/1 115/3/1
f 122/3/1 116/3/1 121/3/1
f 123/3/1 118/3/1 117/3/1
f 123/3/1 119/3/1 118/3/1
f 124/3/1 119/3/1 123/3/1
f 125/8/1 120/8/1 119/8/1
f 125/3/1 119/3/1 124/3/1
f 126/8/1 120/8/1 125/8/1
f 127/6/1 125/6/1 124/6/1
f 128/4/1 126/4/1 125/4/1
f 128/6/1 125/6/1 127/6/1
f 129/4/1 126/4/1 128/4/1
f 133/6/1 129/6/1 128/6/1
f 134/3/1 130/3/1 129/3/1
f 134/6/1 129/6/1 133/6/1
f 135/1/1 131/1/1 130/1/1
f 135/3/1 130/3/1 134/3/1
f 136/1/1 131/1/1 135/1/1
f 137/7/1 133/7/1 132/7/1
f 138/7/1 133/7/1 137/7/1
f 142/8/1 139/8/1 138/8/1
f 143/7/1 140/7/1 139/7/1
f 143/8/1 139/8/1 142/8/1
f 144/4/1 141/4/1 140/4/1
f 144/7/1 140/7/1 143/7/1
f 145/4/1 141/4/1 144/4/1
f 150/19/1 147/19/1 146/19/1
f 151/19/1 147/19/1 150/19/1
f 154/4/1 149/4/1 148/4/1
f 155/4/1 149/4/1 154/4/1
f 158/2/1 153/2/1 152/2/1
f 159/2/1 153/2/1 158/2/1
f 163/1/1 157/1/1 156/1/1
f 164/1/1 157/1/1 163/1/1
f 165/4/1 161/4/1 160/4/1
f 166/7/1 162/7/1 161/7/1
f 166/4/1 161/4/1 165/4/1
f 167/7/1 162/7/1 166/7/1
f 169/3/1 164/3/1 163/3/1
f 170/3/1 164/3/1 169/3/1
f 172/8/1 167/8/1 166/8/1
f 173/8/1 167/8/1 172/8/1
f 174/21/1 169/21/1 168/21/1
f 175/21/1 169/21/1 174/21/1
f 176/3/1 171/3/1 170/3/1
f 177/3/1 171/3/1 176/3/1
f 182/4/1 179/4/1 178/4/1
f 182/4/1 180/4/1 179/4/1
f 183/4/1 180/4/1 182/4/1
f 184/4/1 180/4/1 183/4/1
f 187/22/1 182/22/1 181/22/1
f 188/22/1 182/22/1 187/22/1
f 189/5/1 186/5/1 185/5/1
f 190/5/1 186/5/1 189/5/1
f 194/6/1 192/6/1 191/6/1
f 195/5/1 193/5/1 192/5/1
f 195/6/1 192/6/1 194/6/1
f 196/5/1 193/5/1 195/5/1
f 202/8/1 198/8/1 197/8/1
f 203/8/1 198/8/1 202/8/1
f 204/8/1 200/8/1 199/8/1
f 205/8/1 200/8/1 204/8/1
f 206/3/1 202/3/1 201/3/1
f 207/3/1 202/3/1 206/3/1
f 210/1/1 209/1/1 208/1/1
f 211/1/1 209/1/1 210/1/1
f 214/3/1 213/3/1 212/3/1
f 215/3/1 213/3/1 214/3/1
f 218/4/1 217/4/1 216/4/1
f 219/4/1 217/4/1 218/4/1
f 223/2/1 221/2/1 220/2/1
f 224/5/1 222/5/1 221/5/1
f 224/2/1 221/2/1 223/2/1
f 225/5/1 222/5/1 224/5/1
f 228/2/1 227/2/1 226/2/1
f 229/2/1 227/2/1 228/2/1
f 232/3/1 231/3/1 230/3/1
f 233/3/1 231/3/1 232/3/1
f 237/4/1 235/4/1 234/4/1
f 238/4/1 235/4/1 237/4/1
f 240/6/1 237/6/1 236/6/1
f 241/7/1 238/7/1 237/7/1
f 241/6/1 237/6/1 240/6/1
f 242/8/1 239/8/1 238/8/1
f 242/7/1 238/7/1 241/7/1
f 243/8/1 239/8/1 242/8/1
f 246/7/1 245/7/1 244/7/1
f 247/7/1 245/7/1 246/7/1
f 252/1/1 248/1/1 247/1/1
f 253/1/1 248/1/1 252/1/1
f 255/4/1 250/4/1 249/4/1
f 256/2/1 251/2/1 250/2/1
f 256/4/1 250/4/1 255/4/1
f 257/2/1 251/2/1 256/2/1
f 259/2/1 254/2/1 253/2/1
f 260/2/1 254/2/1 259/2/1
f 261/5/1 257/5/1 256/5/1
f 262/6/1 258/6/1 257/6/1
f 262/5/1 257/5/1 261/5/1
f 263/6/1 258/6/1 262/6/1
f 265/2/1 262/2/1 261/2/1
f 266/7/1 263/7/1 262/7/1
f 266/2/1 262/2/1 265/2/1
f 267/5/1 264/5/1 263/5/1
f 267/7/1 263/7/1 266/7/1
f 268/5/1 264/5/1 267/5/1
f 269/8/1 266/8/1 265/8/1
f 270/8/1 266/8/1 269/8/1
f 271/8/1 268/8/1 267/8/1
f 272/8/1 268/8/1 271/8/1
f 275/6/1 274/6/1 273/6/1
f 276/6/1 274/6/1 275/6/1
f 277/8/1 276/8/1 275/8/1
f 278/8/1 276/8/1 277/8/1
f 282/2/1 280/2/1 279/2/1
f 283/4/1 281/4/1 280/4/1
f 283/2/1 280/2/1 282/2/1
f 284/4/1 281/4/1 283/4/1
f 287/3/1 286/3/1 285/3/1
f 288/3/1 286/3/1 287/3/1
f 290/7/1 289/7/1 288/7/1
f 291/7/1 289/7/1 290/7/1
f 297/5/1 293/5/1 292/5/1
f 298/5/1 293/5/1 297/5/1
f 299/5/1 293/5/1 298/5/1
f 300/5/1 295/5/1 294/5/1
f 301/8/1 296/8/1 295/8/1
f 301/5/1 295/5/1 300/5/1
f 302/5/1 297/5/1 296/5/1
f 302/8/1 296/8/1 301/8/1
f 303/5/1 297/5/1 302/5/1
f 307/6/1 304/6/1 303/6/1
f 308/6/1 304/6/1 307/6/1
f 309/3/1 306/3/1 305/3/1
f 310/7/1 308/7/1 307/7/1
f 311/7/1 308/7/1 310/7/1
f 313/3/1 309/3/1 305/3/1
f 314/3/1 309/3/1 313/3/1
f 317/2/1 312/2/1 311/2/1
f 318/2/1 312/2/1 317/2/1
f 319/5/1 314/5/1 313/5/1
f 320/5/1 314/5/1 319/5/1
f 321/4/1 316/4/1 315/4/1
f 322/4/1 316/4/1 321/4/1
f 324/4/1 320/4/1 319/4/1
f 325/1/1 321/1/1 320/1/1
f 325/4/1 320/4/1 324/4/1
f 326/4/1 323/4/1 322/4/1
f 326/1/1 321/1/1 325/1/1
f 326/4/1 322/4/1 321/4/1
f 327/4/1 323/4/1 326/4/1
f 328/4/1 323/4/1 327/4/1
f 329/6/1 325/6/1 324/6/1
f 330/5/1 326/5/1 325/5/1
f 330/6/1 325/6/1 329/6/1
f 331/1/1 327/1/1 326/1/1
f 331/5/1 326/5/1 330/5/1
f 332/1/1 327/1/1 331/1/1
f 335/5/1 331/5/1 330/5/1
f 336/5/1 331/5/1 335/5/1
f 337/4/1 334/4/1 333/4/1
f 338/4/1 334/4/1 337/4/1
f 340/1/1 336/1/1 335/1/1
f 341/1/1 336/1/1 340/1/1
f 342/4/1 339/4/1 338/4/1
f 343/4/1 339/4/1 342/4/1
f 344/4/1 341/4/1 340/4/1
f 345/4/1 341/4/1 344/4/1
f 347/1/1 346/1/1 345/1/1
f 348/1/1 346/1/1 347/1/1
f 353/4/1 350/4/1 349/4/1
f 354/4/1 350/4/1 353/4/1
f 355/6/1 352/6/1 351/6/1
f 356/6/1 352/6/1 355/6/1
f 359/17/1 358/17/1 357/17/1
f 360/17/1 358/17/1 359/17/1
f 363/20/1 360/20/1 359/20/1
f 364/20/1 360/20/1 363/20/1
f 367/6/1 362/6/1 361/6/1
f 368/6/1 362/6/1 367/6/1
f 369/5/1 366/5/1 365/5/1
f 370/5/1 366/5/1 369/5/1
f 375/19/1 372/19/1 371/19/1
f 376/19/1 372/19/1 375/19/1
f 378/8/1 374/8/1 373/8/1
f 379/8/1 374/8/1 378/8/1
f 382/5/1 378/5/1 377/5/1
f 383/5/1 378/5/1 382/5/1
f 384/1/1 381/1/1 380/1/1
f 385/1/1 381/1/1 384/1/1
f 388/6/1 387/6/1 386/6/1
f 389/6/1 387/6/1 388/6/1
f 394/4/1 391/4/1 390/4/1
f 395/4/1 391/4/1 394/4/1
f 397/6/1 393/6/1 392/6/1
f 398/6/1 393/6/1 397/6/1
f 401/1/1 397/1/1 396/1/1
f 402/1/1 397/1/1 401/1/1
f 404/3/1 400/3/1 399/3/1
f 405/3/1 400/3/1 404/3/1
f 408/2/1 402/2/1 401/2/1
f 409/4/1 403/4/1 402/4/1
f 409/2/1 402/2/1 408/2/1
f 410/4/1 403/4/1 409/4/1
f 412/6/1 406/6/1 405/6/1
f 413/6/1 406/6/1 412/6/1
f 414/7/1 408/7/1 407/7/1
f 415/7/1 408/7/1 414/7/1
f 419/8/1 412/8/1 411/8/1
f 420/1/1 413/1/1 412/1/1
f 420/8/1 412/8/1 419/8/1
f 421/1/1 413/1/1 420/1/1
f 422/5/1 415/5/1 414/5/1
f 423/5/1 415/5/1 422/5/1
f 424/5/1 417/5/1 416/5/1
f 425/3/1 418/3/1 417/3/1
f 425/5/1 417/5/1 424/5/1
f 426/3/1 418/3/1 425/3/1
f 427/4/1 421/4/1 420/4/1
f 428/4/1 421/4/1 427/4/1
f 430/1/1 424/1/1 423/1/1
f 431/1/1 424/1/1 430/1/1
f 432/8/1 429/8/1 428/8/1
f 433/8/1 429/8/1 432/8/1
f 436/8/1 435/8/1 434/8/1
f 437/8/1 435/8/1 436/8/1
f 440/4/1 439/4/1 438/4/1
f 441/4/1 439/4/1 440/4/1
f 444/2/1 443/2/1 442/2/1
f 445/2/1 443/2/1 444/2/1
f 448/6/1 447/6/1 446/6/1
f 449/6/1 447/6/1 448/6/1
f 452/5/1 451/5/1 450/5/1
f 453/5/1 451/5/1 452/5/1
f 456/7/1 455/7/1 454/7/1
f 457/7/1 455/7/1 456/7/1
f 461/1/1 458/1/1 457/1/1
f 462/1/1 458/1/1 461/1/1
f 464/5/1 460/5/1 459/5/1
f 465/5/1 460/5/1 464/5/1
f 467/3/1 463/3/1 462/3/1
f 468/3/1 463/3/1 467/3/1
f 469/8/1 465/8/1 464/8/1
f 470/4/1 466/4/1 465/4/1
f 470/8/1 465/8/1 469/8/1
f 471/7/1 467/7/1 466/7/1
f 471/4/1 466/4/1 470/4/1
f 472/7/1 467/7/1 471/7/1
f 473/1/1 470/1/1 469/1/1
f 473/1/1 471/1/1 470/1/1
f 474/1/1 471/1/1 473/1/1
f 475/3/1 472/3/1 471/3/1
f 475/1/1 471/1/1 474/1/1
f 476/3/1 472/3/1 475/3/1
f 477/3/1 474/3/1 473/3/1
f 478/3/1 474/3/1 477/3/1
f 479/8/1 476/8/1 475/8/1
f 480/8/1 476/8/1 479/8/1
f 481/2/1 479/2/1 478/2/1
f 482/6/1 480/6/1 479/6/1
f 482/2/1 479/2/1 481/2/1
f 483/6/1 480/6/1 482/6/1
f 485/5/1 483/5/1 482/5/1
f 486/5/1 483/5/1 485/5/1
f 487/3/1 485/3/1 484/3/1
f 488/3/1 485/3/1 487/3/1
f 491/4/1 490/4/1 489/4/1
f 492/4/1 490/4/1 491/4/1
f 495/3/1 494/3/1 493/3/1
f 496/3/1 494/3/1 495/3/1
f 501/3/1 498/3/1 497/3/1
f 502/3/1 498/3/1 501/3/1
f 503/3/1 498/3/1 502/3/1
f 505/7/1 500/7/1 499/7/1
f 506/5/1 501/5/1 500/5/1
f 506/7/1 500/7/1 505/7/1
f 507/5/1 501/5/1 506/5/1
f 509/2/1 505/2/1 504/2/1
f 510/2/1 505/2/1 509/2/1
f 511/6/1 507/6/1 506/6/1
f 512/4/1 508/4/1 507/4/1
f 512/6/1 507/6/1 511/6/1
f 513/4/1 508/4/1 512/4/1
f 515/8/1 510/8/1 509/8/1
f 516/8/1 510/8/1 515/8/1
f 517/5/1 514/5/1 513/5/1
f 518/5/1 514/5/1 517/5/1
f 521/8/1 518/8/1 517/8/1
f 522/8/1 518/8/1 521/8/1
f 525/1/1 520/1/1 519/1/1
f 526/1/1 520/1/1 525/1/1
f 527/3/1 522/3/1 521/3/1
f 528/3/1 522/3/1 527/3/1
f 529/5/1 524/5/1 523/5/1
f 530/3/1 525/3/1 524/3/1
f 530/5/1 524/5/1 529/5/1
f 531/3/1 525/3/1 530/3/1
f 534/8/1 532/8/1 531/8/1
f 535/8/1 532/8/1 534/8/1
f 538/7/1 534/7/1 533/7/1
f 539/7/1 534/7/1 538/7/1
f 540/2/1 536/2/1 535/2/1
f 541/2/1 536/2/1 540/2/1
f 544/6/1 538/6/1 537/6/1
f 545/3/1 539/3/1 538/3/1
f 545/6/1 538/6/1 544/6/1
f 546/6/1 540/6/1 539/6/1
f 546/3/1 539/3/1 545/3/1
f 547/8/1 541/8/1 540/8/1
f 547/6/1 540/6/1 546/6/1
f 548/8/1 541/8/1 547/8/1
f 549/1/1 543/1/1 542/1/1
f 550/1/1 543/1/1 549/1/1
f 551/1/1 546/1/1 545/1/1
f 552/1/1 546/1/1 551/1/1
f 553/7/1 548/7/1 547/7/1
f 554/7/1 548/7/1 553/7/1
f 555/5/1 552/5/1 551/5/1
f 556/7/1 553/7/1 552/7/1
f 556/5/1 552/5/1 555/5/1
f 557/7/1 553/7/1 556/7/1
f 564/6/1 559/6/1 558/6/1
f 565/4/1 560/4/1 559/4/1
f 565/6/1 559/6/1 564/6/1
f 566/1/1 561/1/1 560/1/1
f 566/4/1 560/4/1 565/4/1
f 567/5/1 562/5/1 561/5/1
f 567/1/1 561/1/1 566/1/1
f 568/7/1 563/7/1 562/7/1
f 568/5/1 562/5/1 567/5/1
f 569/7/1 563/7/1 568/7/1
f 570/3/1 566/3/1 565/3/1
f 571/3/1 566/3/1 570/3/1
f 572/7/1 568/7/1 567/7/1
f 573/7/1 568/7/1 572/7/1
f 579/19/1 575/19/1 574/19/1
f 580/19/1 575/19/1 579/19/1
f 581/1/1 577/1/1 576/1/1
f 582/6/1 578/6/1 577/6/1
f 582/1/1 577/1/1 581/1/1
f 583/8/1 579/8/1 578/8/1
f 583/6/1 578/6/1 582/6/1
f 584/8/1 579/8/1 583/8/1
f 587/4/1 586/4/1 585/4/1
f 588/4/1 586/4/1 587/4/1
f 593/8/1 590/8/1 589/8/1
f 594/8/1 590/8/1 593/8/1
f 595/3/1 592/3/1 591/3/1
f 596/3/1 592/3/1 595/3/1
f 600/4/1 598/4/1 597/4/1
f 601/4/1 598/4/1 600/4/1
f 604/2/1 600/2/1 599/2/1
f 605/2/1 600/2/1 604/2/1
f 606/7/1 603/7/1 602/7/1
f 607/7/1 603/7/1 606/7/1
f 608/7/1 603/7/1 607/7/1
f 612/5/1 607/5/1 606/5/1
f 613/5/1 607/5/1 612/5/1
f 614/4/1 610/4/1 609/4/1
f 615/8/1 611/8/1 610/8/1
f 615/4/1 610/4/1 614/4/1
f 616/8/1 611/8/1 615/8/1
f 618/5/1 613/5/1 612/5/1
f 619/5/1 613/5/1 618/5/1
f 623/5/1 618/5/1 617/5/1
f 624/5/1 618/5/1 623/5/1
f 626/4/1 621/4/1 620/4/1
f 627/8/1 622/8/1 621/8/1
f 627/4/1 621/4/1 626/4/1
f 628/8/1 622/8/1 627/8/1
f 629/6/1 624/6/1 623/6/1
f 630/7/1 625/7/1 624/7/1
f 630/6/1 624/6/1 629/6/1
f 631/7/1 625/7/1 630/7/1
f 634/5/1 633/5/1 632/5/1
f 635/5/1 633/5/1 634/5/1
f 639/3/1 637/3/1 636/3/1
f 640/3/1 637/3/1 639/3/1
f 641/2/1 639/2/1 638/2/1
f 642/2/1 639/2/1 641/2/1
f 645/1/1 644/1/1 643/1/1
f 646/1/1 644/1/1 645/1/1
f 649/5/1 648/5/1 647/5/1
f 650/5/1 648/5/1 649/5/1
f 653/4/1 652/4/1 651/4/1
f 654/4/1 652/4/1 653/4/1
f 659/7/1 656/7/1 655/7/1
f 660/7/1 656/7/1 659/7/1
f 662/5/1 658/5/1 657/5/1
f 663/5/1 658/5/1 662/5/1
f 664/7/1 661/7/1 660/7/1
f 665/7/1 661/7/1 664/7/1
f 673/25/1 667/25/1 666/25/1
f 673/25/1 672/25/1 671/25/1
f 673/25/1 671/25/1 670/25/1
f 673/25/1 670/25/1 669/25/1
f 673/25/1 669/25/1 668/25/1
f 673/25/1 668/25/1 667/25/1
f 674/25/1 672/25/1 673/25/1
f 675/25/1 672/25/1 674/25/1
f 676/25/1 672/25/1 675/25/1
f 677/25/1 672/25/1 676/25/1
f 680/8/1 679/8/1 678/8/1
f 681/8/1 679/8/1 680/8/1
f 682/25/2 683/25/2 689/25/2
f 687/25/2 688/25/2 689/25/2
f 686/25/2 687/25/2 689/25/2
f 685/25/2 686/25/2 689/25/2
f 684/25/2 685/25/2 689/25/2
f 683/25/2 684/25/2 689/25/2
f 689/25/2 688/25/2 690/25/2
f 690/25/2 688/25/2 691/25/2
f 691/25/2 688/25/2 692/25/2
f 692/25/2 688/25/2 693/25/2
f 694/8/2 695/8/2 696/8/2
f 696/8/2 695/8/2 697/8/2
f 698/1/2 699/1/2 702/1/2
f 702/1/2 699/1/2 703/1/2
f 700/3/2 701/3/2 705/3/2
f 705/3/2 701/3/2 706/3/2
f 704/4/2 705/4/2 707/4/2
f 707/4/2 705/4/2 708/4/2
f 709/7/2 710/7/2 711/7/2
f 711/7/2 710/7/2 712/7/2
f 712/5/2 713/5/2 714/5/2
f 714/5/2 713/5/2 715/5/2
f 716/4/2 717/4/2 718/4/2
f 718/4/2 717/4/2 719/4/2
f 720/5/2 721/5/2 722/5/2
f 722/5/2 721/5/2 723/5/2
f 724/4/2 725/4/2 726/4/2
f 726/4/2 725/4/2 727/4/2
f 728/19/2 729/19/2 730/19/2
f 730/19/2 729/19/2 731/19/2
f 731/1/2 732/1/2 735/1/2
f 732/8/2 733/8/2 736/8/2
f 735/1/2 732/1/2 736/1/2
f 733/2/2 734/2/2 737/2/2
f 736/8/2 733/8/2 737/8/2
f 737/2/2 734/2/2 738/2/2
f 739/4/2 740/4/2 741/4/2
f 741/4/2 740/4/2 742/4/2
f 743/1/2 744/1/2 747/1/2
f 747/1/2 744/1/2 748/1/2
f 745/5/2 746/5/2 749/5/2
f 749/5/2 746/5/2 750/5/2
f 751/3/2 752/3/2 756/3/2
f 756/3/2 752/3/2 757/3/2
f 753/5/2 754/5/2 759/5/2
f 754/7/2 755/7/2 760/7/2
f 759/5/2 754/5/2 760/5/2
f 760/7/2 755/7/2 761/7/2
f 757/6/2 758/6/2 762/6/2
f 762/6/2 758/6/2 763/6/2
f 760/4/2 761/4/2 764/4/2
f 764/4/2 761/4/2 765/4/2
f 764/4/2 765/4/2 769/4/2
f 769/4/2 765/4/2 770/4/2
f 766/6/2 767/6/2 772/6/2
f 767/5/2 768/5/2 773/5/2
f 772/6/2 767/6/2 773/6/2
f 773/5/2 768/5/2 774/5/2
f 770/5/2 771/5/2 776/5/2
f 776/5/2 771/5/2 777/5/2
f 775/1/2 776/1/2 781/1/2
f 781/1/2 776/1/2 782/1/2
f 778/1/2 779/1/2 784/1/2
f 779/8/2 780/8/2 785/8/2
f 784/1/2 779/1/2 785/1/2
f 785/8/2 780/8/2 786/8/2
f 781/3/2 782/3/2 787/3/2
f 782/1/2 783/1/2 788/1/2
f 787/3/2 782/3/2 788/3/2
f 788/1/2 783/1/2 789/1/2
f 784/5/2 785/5/2 790/5/2
f 790/5/2 785/5/2 791/5/2
f 789/1/2 790/1/2 792/1/2
f 792/1/2 790/1/2 793/1/2
f 794/6/2 795/6/2 797/6/2
f 795/4/2 796/4/2 798/4/2
f 797/6/2 795/6/2 798/6/2
f 798/4/2 796/4/2 799/4/2
f 799/6/2 800/6/2 803/6/2
f 800/8/2 801/8/2 804/8/2
f 803/6/2 800/6/2 804/6/2
f 804/8/2 801/8/2 805/8/2
f 802/3/2 803/3/2 808/3/2
f 803/4/2 804/4/2 809/4/2
f 808/3/2 803/3/2 809/3/2
f 809/4/2 804/4/2 810/4/2
f 805/6/2 806/6/2 811/6/2
f 811/6/2 806/6/2 812/6/2
f 807/5/2 808/5/2 813/5/2
f 813/5/2 808/5/2 814/5/2
f 811/1/2 812/1/2 815/1/2
f 815/1/2 812/1/2 816/1/2
f 813/1/2 814/1/2 817/1/2
f 817/1/2 814/1/2 818/1/2
f 817/4/2 818/4/2 821/4/2
f 821/4/2 818/4/2 822/4/2
f 819/2/2 820/2/2 823/2/2
f 823/2/2 820/2/2 824/2/2
f 824/4/2 825/4/2 828/4/2
f 825/3/2 826/3/2 829/3/2
f 828/4/2 825/4/2 829/4/2
f 829/3/2 826/3/2 830/3/2
f 827/2/2 828/2/2 832/2/2
f 832/2/2 828/2/2 833/2/2
f 831/3/2 832/3/2 837/3/2
f 837/3/2 832/3/2 838/3/2
f 833/4/2 834/4/2 839/4/2
f 839/4/2 834/4/2 840/4/2
f 835/4/2 836/4/2 842/4/2
f 842/4/2 836/4/2 843/4/2
f 837/6/2 838/6/2 844/6/2
f 838/6/2 839/6/2 844/6/2
f 844/6/2 839/6/2 845/6/2
f 839/2/2 840/2/2 846/2/2
f 845/6/2 839/6/2 846/6/2
f 840/5/2 841/5/2 847/5/2
f 846/2/2 840/2/2 847/2/2
f 847/5/2 841/5/2 848/5/2
f 844/5/2 845/5/2 849/5/2
f 849/5/2 845/5/2 850/5/2
f 846/7/2 847/7/2 851/7/2
f 851/7/2 847/7/2 852/7/2
f 850/1/2 851/1/2 854/1/2
f 851/8/2 852/8/2 855/8/2
f 854/1/2 851/1/2 855/1/2
f 855/8/2 852/8/2 856/8/2
f 853/7/2 854/7/2 857/7/2
f 857/7/2 854/7/2 858/7/2
f 858/7/2 859/7/2 860/7/2
f 860/7/2 859/7/2 861/7/2
f 862/7/2 863/7/2 865/7/2
f 865/7/2 863/7/2 866/7/2
f 864/2/2 865/2/2 868/2/2
f 868/2/2 865/2/2 869/2/2
f 867/3/2 868/3/2 872/3/2
f 872/3/2 868/3/2 873/3/2
f 870/1/2 871/1/2 874/1/2
f 874/1/2 871/1/2 875/1/2
f 873/1/2 874/1/2 876/1/2
f 876/1/2 874/1/2 877/1/2
f 874/4/2 875/4/2 878/4/2
f 877/1/2 874/1/2 878/1/2
f 878/4/2 875/4/2 879/4/2
f 876/2/2 877/2/2 880/2/2
f 877/3/2 878/3/2 880/3/2
f 878/6/2 879/6/2 881/6/2
f 880/3/2 878/3/2 881/3/2
f 881/6/2 879/6/2 882/6/2
f 876/2/2 880/2/2 883/2/2
f 883/2/2 880/2/2 884/2/2
f 881/1/2 882/1/2 885/1/2
f 885/1/2 882/1/2 886/1/2
f 883/5/2 884/5/2 887/5/2
f 884/1/2 885/1/2 887/1/2
f 887/1/2 885/1/2 888/1/2
f 883/5/2 887/5/2 889/5/2
f 889/5/2 887/5/2 890/5/2
f 890/6/2 891/6/2 892/6/2
f 892/6/2 891/6/2 893/6/2
f 894/7/2 895/7/2 896/7/2
f 896/7/2 895/7/2 897/7/2
f 898/4/2 899/4/2 900/4/2
f 900/4/2 899/4/2 901/4/2
f 902/6/2 903/6/2 904/6/2
f 904/6/2 903/6/2 905/6/2
f 906/4/2 907/4/2 910/4/2
f 910/4/2 907/4/2 911/4/2
f 908/5/2 909/5/2 912/5/2
f 912/5/2 909/5/2 913/5/2
f 914/2/2 915/2/2 916/2/2
f 916/2/2 915/2/2 917/2/2
f 918/5/2 919/5/2 920/5/2
f 920/5/2 919/5/2 921/5/2
f 922/7/2 923/7/2 924/7/2
f 924/7/2 923/7/2 925/7/2
f 926/5/2 927/5/2 928/5/2
f 928/5/2 927/5/2 929/5/2
f 930/6/2 931/6/2 934/6/2
f 934/6/2 931/6/2 935/6/2
f 932/1/2 933/1/2 936/1/2
f 936/1/2 933/1/2 937/1/2
f 938/17/2 939/17/2 940/17/2
f 940/17/2 939/17/2 941/17/2
f 940/20/2 941/20/2 944/20/2
f 944/20/2 941/20/2 945/20/2
f 942/6/2 943/6/2 949/6/2
f 943/1/2 944/1/2 950/1/2
f 949/6/2 943/6/2 950/6/2
f 950/1/2 944/1/2 951/1/2
f 946/6/2 947/6/2 953/6/2
f 947/5/2 948/5/2 954/5/2
f 953/6/2 947/6/2 954/6/2
f 954/5/2 948/5/2 955/5/2
f 952/7/2 953/7/2 956/7/2
f 956/7/2 953/7/2 957/7/2
f 956/5/2 957/5/2 960/5/2
f 960/5/2 957/5/2 961/5/2
f 958/8/2 959/8/2 962/8/2
f 962/8/2 959/8/2 963/8/2
f 961/5/2 962/5/2 964/5/2
f 964/5/2 962/5/2 965/5/2
f 964/4/2 965/4/2 966/4/2
f 966/4/2 965/4/2 967/4/2
f 968/5/2 969/5/2 973/5/2
f 973/5/2 969/5/2 974/5/2
f 970/4/2 971/4/2 976/4/2
f 971/6/2 972/6/2 977/6/2
f 976/4/2 971/4/2 977/4/2
f 977/6/2 972/6/2 978/6/2
f 974/1/2 975/1/2 980/1/2
f 980/1/2 975/1/2 981/1/2
f 979/4/2 980/4/2 984/4/2
f 984/4/2 980/4/2 985/4/2
f 982/6/2 983/6/2 988/6/2
f 988/6/2 983/6/2 989/6/2
f 986/21/2 987/21/2 992/21/2
f 992/21/2 987/21/2 993/21/2
f 990/3/2 991/3/2 996/3/2
f 996/3/2 991/3/2 997/3/2
f 994/4/2 995/4/2 998/4/2
f 998/4/2 995/4/2 999/4/2
f 1000/8/2 1001/8/2 1008/8/2
f 1001/1/2 1002/1/2 1009/1/2
f 1008/8/2 1001/8/2 1009/8/2
f 1009/1/2 1002/1/2 1010/1/2
f 1003/5/2 1004/5/2 1011/5/2
f 1004/2/2 1005/2/2 1012/2/2
f 1011/5/2 1004/5/2 1012/5/2
f 1005/5/2 1006/5/2 1013/5/2
f 1012/2/2 1005/2/2 1013/2/2
f 1006/3/2 1007/3/2 1014/3/2
f 1013/5/2 1006/5/2 1014/5/2
f 1014/3/2 1007/3/2 1015/3/2
f 1009/4/2 1010/4/2 1016/4/2
f 1016/4/2 1010/4/2 1017/4/2
f 1017/8/2 1018/8/2 1019/8/2
f 1019/8/2 1018/8/2 1020/8/2
f 1021/1/2 1022/1/2 1025/1/2
f 1022/1/2 1023/1/2 1025/1/2
f 1025/1/2 1023/1/2 1026/1/2
f 1026/1/2 1023/1/2 1027/1/2
f 1024/8/2 1025/8/2 1030/8/2
f 1030/8/2 1025/8/2 1031/8/2
f 1028/4/2 1029/4/2 1033/4/2
f 1033/4/2 1029/4/2 1034/4/2
f 1030/4/2 1031/4/2 1035/4/2
f 1035/4/2 1031/4/2 1036/4/2
f 1032/4/2 1033/4/2 1038/4/2
f 1038/4/2 1033/4/2 1039/4/2
f 1035/3/2 1036/3/2 1040/3/2
f 1036/1/2 1037/1/2 1041/1/2
f 1040/3/2 1036/3/2 1041/3/2
f 1041/1/2 1037/1/2 1042/1/2
f 1040/2/2 1041/2/2 1045/2/2
f 1043/6/2 1044/6/2 1046/6/2
f 1045/2/2 1041/2/2 1046/2/2
f 1041/6/2 1042/6/2 1046/6/2
f 1042/6/2 1043/6/2 1046/6/2
f 1046/6/2 1044/6/2 1047/6/2
f 1047/6/2 1044/6/2 1048/6/2
f 1048/6/2 1044/6/2 1049/6/2
f 1050/7/2 1051/7/2 1054/7/2
f 1051/6/2 1052/6/2 1055/6/2
f 1054/7/2 1051/7/2 1055/7/2
f 1055/6/2 1052/6/2 1056/6/2
f 1053/7/2 1054/7/2 1058/7/2
f 1058/7/2 1054/7/2 1059/7/2
f 1056/2/2 1057/2/2 1061/2/2
f 1061/2/2 1057/2/2 1062/2/2
f 1061/8/2 1062/8/2 1066/8/2
f 1060/8/2 1061/8/2 1066/8/2
f 1066/8/2 1062/8/2 1067/8/2
f 1062/6/2 1063/6/2 1068/6/2
f 1067/8/2 1062/8/2 1068/8/2
f 1068/6/2 1063/6/2 1069/6/2
f 1064/5/2 1065/5/2 1070/5/2
f 1070/5/2 1065/5/2 1071/5/2
f 1066/4/2 1067/4/2 1072/4/2
f 1067/7/2 1068/7/2 1073/7/2
f 1072/4/2 1067/4/2 1073/4/2
f 1073/7/2 1068/7/2 1074/7/2
f 1070/8/2 1071/8/2 1075/8/2
f 1071/7/2 1072/7/2 1076/7/2
f 1075/8/2 1071/8/2 1076/8/2
f 1072/5/2 1073/5/2 1077/5/2
f 1076/7/2 1072/7/2 1077/7/2
f 1077/5/2 1073/5/2 1078/5/2
f 1079/3/2 1080/3/2 1083/3/2
f 1080/2/2 1081/2/2 1084/2/2
f 1083/3/2 1080/3/2 1084/3/2
f 1081/5/2 1082/5/2 1085/5/2
f 1084/2/2 1081/2/2 1085/2/2
f 1085/5/2 1082/5/2 1086/5/2
f 1087/6/2 1088/6/2 1089/6/2
f 1089/6/2 1088/6/2 1090/6/2
f 1091/8/2 1092/8/2 1095/8/2
f 1092/4/2 1093/4/2 1096/4/2
f 1095/8/2 1092/8/2 1096/8/2
f 1093/5/2 1094/5/2 1097/5/2
f 1096/4/2 1093/4/2 1097/4/2
f 1097/5/2 1094/5/2 1098/5/2
f 1095/2/2 1096/2/2 1099/2/2
f 1096/4/2 1097/4/2 1100/4/2
f 1099/2/2 1096/2/2 1100/2/2
f 1100/4/2 1097/4/2 1101/4/2
f 1100/1/2 1101/1/2 1103/1/2
f 1101/8/2 1102/8/2 1104/8/2
f 1103/1/2 1101/1/2 1104/1/2
f 1104/8/2 1102/8/2 1105/8/2
f 1106/1/2 1107/1/2 1109/1/2
f 1107/2/2 1108/2/2 1110/2/2
f 1109/1/2 1107/1/2 1110/1/2
f 1110/2/2 1108/2/2 1111/2/2
f 1112/1/2 1113/1/2 1116/1/2
f 1113/8/2 1114/8/2 1117/8/2
f 1116/1/2 1113/1/2 1117/1/2
f 1117/8/2 1114/8/2 1118/8/2
f 1115/5/2 1116/5/2 1119/5/2
f 1119/5/2 1116/5/2 1120/5/2
f 1121/8/2 1122/8/2 1123/8/2
f 1123/8/2 1122/8/2 1124/8/2
f 1125/3/2 1126/3/2 1127/3/2
f 1127/3/2 1126/3/2 1128/3/2
f 1129/8/2 1130/8/2 1131/8/2
f 1131/8/2 1130/8/2 1132/8/2
f 1133/3/2 1134/3/2 1135/3/2
f 1135/3/2 1134/3/2 1136/3/2
f 1137/4/2 1138/4/2 1139/4/2
f 1139/4/2 1138/4/2 1140/4/2
f 1141/3/2 1142/3/2 1143/3/2
f 1143/3/2 1142/3/2 1144/3/2
f 1145/6/2 1146/6/2 1148/6/2
f 1146/3/2 1147/3/2 1149/3/2
f 1148/6/2 1146/6/2 1149/6/2
f 1149/3/2 1147/3/2 1150/3/2
f 1151/3/2 1152/3/2 1155/3/2
f 1155/3/2 1152/3/2 1156/3/2
f 1153/7/2 1154/7/2 1157/7/2
f 1157/7/2 1154/7/2 1158/7/2
f 1159/19/2 1160/19/2 1163/19/2
f 1163/19/2 1160/19/2 1164/19/2
f 1161/1/2 1162/1/2 1167/1/2
f 1167/1/2 1162/1/2 1168/1/2
f 1165/2/2 1166/2/2 1171/2/2
f 1171/2/2 1166/2/2 1172/2/2
f 1169/3/2 1170/3/2 1173/3/2
f 1173/3/2 1170/3/2 1174/3/2
f 1173/6/2 1174/6/2 1179/6/2
f 1179/6/2 1174/6/2 1180/6/2
f 1175/5/2 1176/5/2 1182/5/2
f 1176/4/2 1177/4/2 1183/4/2
f 1182/5/2 1176/5/2 1183/5/2
f 1183/4/2 1177/4/2 1184/4/2
f 1178/4/2 1179/4/2 1185/4/2
f 1185/4/2 1179/4/2 1186/4/2
f 1180/21/2 1181/21/2 1187/21/2
f 1187/21/2 1181/21/2 1188/21/2
f 1182/8/2 1183/8/2 1189/8/2
f 1189/8/2 1183/8/2 1190/8/2
f 1191/5/2 1192/5/2 1194/5/2
f 1192/1/2 1193/1/2 1195/1/2
f 1194/5/2 1192/5/2 1195/5/2
f 1195/1/2 1193/1/2 1196/1/2
f 1196/19/2 1197/19/2 1198/19/2
f 1198/19/2 1197/19/2 1199/19/2
f 1200/7/2 1201/7/2 1202/7/2
f 1202/7/2 1201/7/2 1203/7/2
f 1204/4/2 1205/4/2 1207/4/2
f 1205/8/2 1206/8/2 1208/8/2
f 1207/4/2 1205/4/2 1208/4/2
f 1208/8/2 1206/8/2 1209/8/2
f 1210/5/2 1211/5/2 1215/5/2
f 1215/5/2 1211/5/2 1216/5/2
f 1212/4/2 1213/4/2 1218/4/2
f 1213/8/2 1214/8/2 1219/8/2
f 1218/4/2 1213/4/2 1219/4/2
f 1219/8/2 1214/8/2 1220/8/2
f 1215/6/2 1216/6/2 1221/6/2
f 1216/7/2 1217/7/2 1222/7/2
f 1221/6/2 1216/6/2 1222/6/2
f 1222/7/2 1217/7/2 1223/7/2
f 1218/3/2 1219/3/2 1224/3/2
f 1219/4/2 1220/4/2 1225/4/2
f 1224/3/2 1219/3/2 1225/3/2
f 1225/4/2 1220/4/2 1226/4/2
f 1222/6/2 1223/6/2 1228/6/2
f 1228/6/2 1223/6/2 1229/6/2
f 1226/5/2 1227/5/2 1230/5/2
f 1230/5/2 1227/5/2 1231/5/2
f 1232/6/2 1233/6/2 1235/6/2
f 1233/1/2 1234/1/2 1236/1/2
f 1235/6/2 1233/6/2 1236/6/2
f 1236/1/2 1234/1/2 1237/1/2
f 1238/4/2 1239/4/2 1243/4/2
f 1237/4/2 1238/4/2 1243/4/2
f 1239/3/2 1240/3/2 1244/3/2
f 1243/4/2 1239/4/2 1244/4/2
f 1244/3/2 1240/3/2 1245/3/2
f 1241/8/2 1242/8/2 1246/8/2
f 1246/8/2 1242/8/2 1247/8/2
f 1247/1/2 1248/1/2 1252/1/2
f 1252/1/2 1248/1/2 1253/1/2
f 1249/3/2 1250/3/2 1254/3/2
f 1254/3/2 1250/3/2 1255/3/2
f 1251/7/2 1252/7/2 1257/7/2
f 1252/1/2 1253/1/2 1258/1/2
f 1257/7/2 1252/7/2 1258/7/2
f 1258/1/2 1253/1/2 1259/1/2
f 1255/1/2 1256/1/2 1261/1/2
f 1258/3/2 1259/3/2 1262/3/2
f 1259/7/2 1260/7/2 1263/7/2
f 1262/3/2 1259/3/2 1263/3/2
f 1260/8/2 1261/8/2 1264/8/2
f 1263/7/2 1260/7/2 1264/7/2
f 1261/1/2 1256/1/2 1265/1/2
f 1264/8/2 1261/8/2 1265/8/2
f 1265/1/2 1256/1/2 1266/1/2
f 1264/5/2 1265/5/2 1269/5/2
f 1269/5/2 1265/5/2 1270/5/2
f 1267/2/2 1268/2/2 1273/2/2
f 1273/2/2 1268/2/2 1274/2/2
f 1269/7/2 1270/7/2 1275/7/2
f 1270/5/2 1271/5/2 1276/5/2
f 1275/7/2 1270/7/2 1276/7/2
f 1276/5/2 1271/5/2 1277/5/2
f 1272/3/2 1273/3/2 1278/3/2
f 1278/3/2 1273/3/2 1279/3/2
f 1276/3/2 1277/3/2 1281/3/2
f 1281/3/2 1277/3/2 1282/3/2
f 1280/3/2 1281/3/2 1284/3/2
f 1281/4/2 1282/4/2 1285/4/2
f 1284/3/2 1281/3/2 1285/3/2
f 1282/1/2 1283/1/2 1286/1/2
f 1285/4/2 1282/4/2 1286/4/2
f 1286/1/2 1283/1/2 1287/1/2
f 1284/5/2 1285/5/2 1290/5/2
f 1285/7/2 1286/7/2 1291/7/2
f 1290/5/2 1285/5/2 1291/5/2
f 1291/7/2 1286/7/2 1292/7/2
f 1288/3/2 1289/3/2 1293/3/2
f 1289/8/2 1290/8/2 1294/8/2
f 1293/3/2 1289/3/2 1294/3/2
f 1294/8/2 1290/8/2 1295/8/2
f 1294/1/2 1295/1/2 1296/1/2
f 1296/1/2 1295/1/2 1297/1/2
f 1297/7/2 1298/7/2 1299/7/2
f 1299/7/2 1298/7/2 1300/7/2
f 1301/8/2 1302/8/2 1303/8/2
f 1303/8/2 1302/8/2 1304/8/2
f 1305/7/2 1306/7/2 1310/7/2
f 1310/7/2 1306/7/2 1311/7/2
f 1307/7/2 1308/7/2 1312/7/2
f 1308/5/2 1309/5/2 1313/5/2
f 1312/7/2 1308/7/2 1313/7/2
f 1313/5/2 1309/5/2 1314/5/2
f 1311/7/2 1312/7/2 1315/7/2
f 1315/7/2 1312/7/2 1316/7/2
f 1315/5/2 1316/5/2 1318/5/2
f 1316/3/2 1317/3/2 1319/3/2
f 1318/5/2 1316/5/2 1319/5/2
f 1319/3/2 1317/3/2 1320/3/2
f 1321/1/2 1322/1/2 1323/1/2
f 1323/1/2 1322/1/2 1324/1/2
f 1325/7/2 1326/7/2 1329/7/2
f 1329/7/2 1326/7/2 1330/7/2
f 1327/7/2 1328/7/2 1331/7/2
f 1331/7/2 1328/7/2 1332/7/2
f 1333/2/2 1334/2/2 1335/2/2
f 1335/2/2 1334/2/2 1336/2/2
f 1337/7/2 1338/7/2 1339/7/2
f 1339/7/2 1338/7/2 1340/7/2
f 1341/25/2 1342/25/2 1343/25/2
f 1343/25/2 1342/25/2 1344/25/2
f 1344/25/2 1342/25/2 1345/25/2
f 1345/25/2 1342/25/2 1346/25/2
f 1344/6/2 1345/6/2 1347/6/2
f 1347/6/2 1345/6/2 1348/6/2
f 1349/5/2 1350/5/2 1351/5/2
f 1351/5/2 1350/5/2 1352/5/2
f 1353/8/2 1354/8/2 1356/8/2
f 1356/8/2 1354/8/2 1357/8/2
f 1355/3/2 1356/3/2 1359/3/2
f 1356/4/2 1357/4/2 1360/4/2
f 1359/3/2 1356/3/2 1360/3/2
f 1357/8/2 1358/8/2 1361/8/2
f 1360/4/2 1357/4/2 1361/4/2
f 1361/8/2 1358/8/2 1362/8/2
f 1360/6/2 1361/6/2 1363/6/2
f 1363/6/2 1361/6/2 1364/6/2
f 1367/25/3 1366/25/3 1365/25/3
f 1368/25/3 1366/25/3 1367/25/3
f 1374/3/3 1370/3/3 1369/3/3
f 1375/3/3 1370/3/3 1374/3/3
f 1376/4/3 1372/4/3 1371/4/3
f 1377/4/3 1372/4/3 1376/4/3
f 1378/5/3 1374/5/3 1373/5/3
f 1379/8/3 1375/8/3 1374/8/3
f 1379/5/3 1374/5/3 1378/5/3
f 1380/8/3 1375/8/3 1379/8/3
f 1381/4/3 1380/4/3 1379/4/3
f 1382/4/3 1380/4/3 1381/4/3
f 1386/4/3 1384/4/3 1383/4/3
f 1387/4/3 1384/4/3 1386/4/3
f 1393/5/3 1386/5/3 1385/5/3
f 1394/5/3 1386/5/3 1393/5/3
f 1395/3/3 1388/3/3 1387/3/3
f 1396/3/3 1388/3/3 1395/3/3
f 1397/5/3 1389/5/3 1388/5/3
f 1397/3/3 1388/3/3 1396/3/3
f 1398/4/3 1390/4/3 1389/4/3
f 1398/5/3 1389/5/3 1397/5/3
f 1399/6/3 1391/6/3 1390/6/3
f 1399/4/3 1390/4/3 1398/4/3
f 1400/6/3 1391/6/3 1399/6/3
f 1406/6/3 1393/6/3 1392/6/3
f 1407/6/3 1393/6/3 1406/6/3
f 1409/6/3 1396/6/3 1395/6/3
f 1410/1/3 1397/1/3 1396/1/3
f 1410/6/3 1396/6/3 1409/6/3
f 1411/1/3 1397/1/3 1410/1/3
f 1412/5/3 1399/5/3 1398/5/3
f 1413/5/3 1399/5/3 1412/5/3
f 1414/4/3 1401/4/3 1400/4/3
f 1415/4/3 1401/4/3 1414/4/3
f 1416/3/3 1403/3/3 1402/3/3
f 1417/3/3 1403/3/3 1416/3/3
f 1418/8/3 1405/8/3 1404/8/3
f 1419/8/3 1405/8/3 1418/8/3
f 1420/8/3 1409/8/3 1408/8/3
f 1421/4/3 1410/4/3 1409/4/3
f 1421/8/3 1409/8/3 1420/8/3
f 1422/3/3 1411/3/3 1410/3/3
f 1422/4/3 1410/4/3 1421/4/3
f 1423/2/3 1412/2/3 1411/2/3
f 1423/3/3 1411/3/3 1422/3/3
f 1424/2/3 1412/2/3 1423/2/3
f 1429/1/3 1426/1/3 1425/1/3
f 1430/1/3 1426/1/3 1429/1/3
f 1431/4/3 1428/4/3 1427/4/3
f 1432/4/3 1428/4/3 1431/4/3
f 1436/1/3 1434/1/3 1433/1/3
f 1437/1/3 1434/1/3 1436/1/3
f 1449/7/3 1436/7/3 1435/7/3
f 1450/7/3 1436/7/3 1449/7/3
f 1452/1/3 1439/1/3 1438/1/3
f 1453/4/3 1440/4/3 1439/4/3
f 1453/1/3 1439/1/3 1452/1/3
f 1454/4/3 1440/4/3 1453/4/3
f 1455/5/3 1442/5/3 1441/5/3
f 1456/8/3 1443/8/3 1442/8/3
f 1456/5/3 1442/5/3 1455/5/3
f 1457/8/3 1443/8/3 1456/8/3
f 1458/6/3 1445/6/3 1444/6/3
f 1459/6/3 1445/6/3 1458/6/3
f 1460/7/3 1447/7/3 1446/7/3
f 1461/7/3 1447/7/3 1460/7/3
f 1463/4/3 1449/4/3 1448/4/3
f 1464/4/3 1449/4/3 1463/4/3
f 1466/8/3 1452/8/3 1451/8/3
f 1467/3/3 1453/3/3 1452/3/3
f 1467/8/3 1452/8/3 1466/8/3
f 1468/3/3 1453/3/3 1467/3/3
f 1470/4/3 1459/4/3 1458/4/3
f 1471/4/3 1459/4/3 1470/4/3
f 1472/1/3 1461/1/3 1460/1/3
f 1473/3/3 1462/3/3 1461/3/3
f 1473/1/3 1461/1/3 1472/1/3
f 1474/3/3 1462/3/3 1473/3/3
f 1475/6/3 1464/6/3 1463/6/3
f 1476/6/3 1464/6/3 1475/6/3
f 1477/5/3 1466/5/3 1465/5/3
f 1477/5/3 1467/5/3 1466/5/3
f 1478/5/3 1467/5/3 1477/5/3
f 1479/1/3 1468/1/3 1467/1/3
f 1479/5/3 1467/5/3 1478/5/3
f 1480/4/3 1469/4/3 1468/4/3
f 1480/1/3 1468/1/3 1479/1/3
f 1481/4/3 1469/4/3 1480/4/3
f 1482/3/3 1478/3/3 1477/3/3
f 1483/3/3 1478/3/3 1482/3/3
f 1492/6/3 1485/6/3 1484/6/3
f 1493/6/3 1485/6/3 1492/6/3
f 1494/7/3 1487/7/3 1486/7/3
f 1496/5/3 1489/5/3 1488/5/3
f 1497/2/3 1490/2/3 1489/2/3
f 1497/5/3 1489/5/3 1496/5/3
f 1498/8/3 1491/8/3 1490/8/3
f 1498/2/3 1490/2/3 1497/2/3
f 1499/8/3 1491/8/3 1498/8/3
f 1504/7/3 1494/7/3 1486/7/3
f 1505/7/3 1494/7/3 1504/7/3
f 1506/6/3 1496/6/3 1495/6/3
f 1507/6/3 1496/6/3 1506/6/3
f 1511/5/3 1501/5/3 1500/5/3
f 1512/1/3 1502/1/3 1501/1/3
f 1512/5/3 1501/5/3 1511/5/3
f 1513/4/3 1503/4/3 1502/4/3
f 1513/1/3 1502/1/3 1512/1/3
f 1514/4/3 1503/4/3 1513/4/3
f 1518/2/3 1506/2/3 1505/2/3
f 1518/2/3 1507/2/3 1506/2/3
f 1519/2/3 1507/2/3 1518/2/3
f 1520/2/3 1507/2/3 1519/2/3
f 1521/6/3 1509/6/3 1508/6/3
f 1522/6/3 1509/6/3 1521/6/3
f 1523/1/3 1511/1/3 1510/1/3
f 1524/1/3 1511/1/3 1523/1/3
f 1525/7/3 1513/7/3 1512/7/3
f 1526/7/3 1513/7/3 1525/7/3
f 1527/6/3 1515/6/3 1514/6/3
f 1528/6/3 1515/6/3 1527/6/3
f 1529/4/3 1517/4/3 1516/4/3
f 1530/4/3 1517/4/3 1529/4/3
f 1531/1/3 1519/1/3 1518/1/3
f 1532/1/3 1519/1/3 1531/1/3
f 1535/3/3 1523/3/3 1522/3/3
f 1536/3/3 1523/3/3 1535/3/3
f 1537/7/3 1526/7/3 1525/7/3
f 1537/7/3 1525/7/3 1524/7/3
f 1538/7/3 1526/7/3 1537/7/3
f 1539/5/3 1527/5/3 1526/5/3
f 1539/7/3 1526/7/3 1538/7/3
f 1540/8/3 1528/8/3 1527/8/3
f 1540/5/3 1527/5/3 1539/5/3
f 1541/8/3 1528/8/3 1540/8/3
f 1542/8/3 1533/8/3 1532/8/3
f 1543/2/3 1534/2/3 1533/2/3
f 1543/8/3 1533/8/3 1542/8/3
f 1544/2/3 1534/2/3 1543/2/3
f 1545/1/3 1536/1/3 1535/1/3
f 1546/1/3 1536/1/3 1545/1/3
f 1547/5/3 1539/5/3 1538/5/3
f 1548/5/3 1539/5/3 1547/5/3
f 1558/2/3 1550/2/3 1549/2/3
f 1559/8/3 1551/8/3 1550/8/3
f 1559/2/3 1550/2/3 1558/2/3
f 1560/8/3 1551/8/3 1559/8/3
f 1563/6/3 1555/6/3 1554/6/3
f 1564/6/3 1555/6/3 1563/6/3
f 1566/6/3 1557/6/3 1556/6/3
f 1567/6/3 1557/6/3 1566/6/3
f 1570/6/3 1559/6/3 1558/6/3
f 1571/4/3 1560/4/3 1559/4/3
f 1571/6/3 1559/6/3 1570/6/3
f 1572/8/3 1561/8/3 1560/8/3
f 1572/4/3 1560/4/3 1571/4/3
f 1573/8/3 1561/8/3 1572/8/3
f 1574/5/3 1553/5/3 1552/5/3
f 1575/5/3 1553/5/3 1574/5/3
f 1576/2/3 1563/2/3 1562/2/3
f 1577/2/3 1563/2/3 1576/2/3
f 1578/4/3 1566/4/3 1565/4/3
f 1579/3/3 1567/3/3 1566/3/3
f 1579/4/3 1566/4/3 1578/4/3
f 1580/3/3 1567/3/3 1579/3/3
f 1581/6/3 1569/6/3 1568/6/3
f 1582/6/3 1569/6/3 1581/6/3
f 1583/8/3 1571/8/3 1570/8/3
f 1584/8/3 1571/8/3 1583/8/3
f 1585/7/3 1573/7/3 1572/7/3
f 1586/7/3 1573/7/3 1585/7/3
f 1587/3/3 1577/3/3 1576/3/3
f 1588/3/3 1577/3/3 1587/3/3
f 1596/8/3 1590/8/3 1589/8/3
f 1597/8/3 1590/8/3 1596/8/3
f 1598/3/3 1592/3/3 1591/3/3
f 1599/3/3 1592/3/3 1598/3/3
f 1602/1/3 1594/1/3 1593/1/3
f 1603/1/3 1594/1/3 1602/1/3
f 1606/3/3 1596/3/3 1595/3/3
f 1607/3/3 1596/3/3 1606/3/3
f 1612/8/3 1599/8/3 1598/8/3
f 1613/8/3 1599/8/3 1612/8/3
f 1614/5/3 1601/5/3 1600/5/3
f 1614/5/3 1602/5/3 1601/5/3
f 1615/5/3 1602/5/3 1614/5/3
f 1616/5/3 1602/5/3 1615/5/3
f 1618/2/3 1605/2/3 1604/2/3
f 1619/2/3 1605/2/3 1618/2/3
f 1621/6/3 1609/6/3 1608/6/3
f 1622/6/3 1609/6/3 1621/6/3
f 1623/8/3 1611/8/3 1610/8/3
f 1624/8/3 1611/8/3 1623/8/3
f 1625/1/3 1614/1/3 1613/1/3
f 1626/1/3 1614/1/3 1625/1/3
f 1627/4/3 1618/4/3 1617/4/3
f 1628/7/3 1619/7/3 1618/7/3
f 1628/4/3 1618/4/3 1627/4/3
f 1629/3/3 1620/3/3 1619/3/3
f 1629/7/3 1619/7/3 1628/7/3
f 1630/3/3 1620/3/3 1629/3/3
f 1633/5/3 1622/5/3 1621/5/3
f 1634/5/3 1622/5/3 1633/5/3
f 1636/6/3 1626/6/3 1625/6/3
f 1637/6/3 1626/6/3 1636/6/3
f 1641/7/3 1629/7/3 1628/7/3
f 1642/8/3 1630/8/3 1629/8/3
f 1642/7/3 1629/7/3 1641/7/3
f 1643/3/3 1631/3/3 1630/3/3
f 1643/8/3 1630/8/3 1642/8/3
f 1644/6/3 1632/6/3 1631/6/3
f 1644/3/3 1631/3/3 1643/3/3
f 1645/5/3 1633/5/3 1632/5/3
f 1645/6/3 1632/6/3 1644/6/3
f 1646/5/3 1633/5/3 1645/5/3
f 1647/7/3 1635/7/3 1634/7/3
f 1648/7/3 1635/7/3 1647/7/3
f 1649/2/3 1637/2/3 1636/2/3
f 1650/2/3 1637/2/3 1649/2/3
f 1651/1/3 1639/1/3 1638/1/3
f 1652/2/3 1640/2/3 1639/2/3
f 1652/1/3 1639/1/3 1651/1/3
f 1652/2/3 1641/2/3 1640/2/3
f 1653/5/3 1643/5/3 1642/5/3
f 1653/2/3 1641/2/3 1652/2/3
f 1653/5/3 1642/5/3 1641/5/3
f 1654/5/3 1643/5/3 1653/5/3
f 1659/3/3 1656/3/3 1655/3/3
f 1660/3/3 1656/3/3 1659/3/3
f 1661/4/3 1658/4/3 1657/4/3
f 1662/4/3 1658/4/3 1661/4/3
f 1669/1/3 1662/1/3 1661/1/3
f 1670/5/3 1663/5/3 1662/5/3
f 1670/1/3 1662/1/3 1669/1/3
f 1671/2/3 1664/2/3 1663/2/3
f 1671/5/3 1663/5/3 1670/5/3
f 1672/2/3 1664/2/3 1671/2/3
f 1673/3/3 1666/3/3 1665/3/3
f 1674/3/3 1666/3/3 1673/3/3
f 1679/6/3 1668/6/3 1667/6/3
f 1680/6/3 1668/6/3 1679/6/3
f 1681/1/3 1673/1/3 1672/1/3
f 1682/6/3 1674/6/3 1673/6/3
f 1682/1/3 1673/1/3 1681/1/3
f 1682/6/3 1675/6/3 1674/6/3
f 1683/6/3 1675/6/3 1682/6/3
f 1684/6/3 1675/6/3 1683/6/3
f 1686/17/3 1677/17/3 1676/17/3
f 1687/20/3 1678/20/3 1677/20/3
f 1687/17/3 1677/17/3 1686/17/3
f 1688/20/3 1678/20/3 1687/20/3
f 1694/8/3 1685/8/3 1684/8/3
f 1695/8/3 1685/8/3 1694/8/3
f 1696/4/3 1689/4/3 1688/4/3
f 1699/7/3 1691/7/3 1690/7/3
f 1700/7/3 1691/7/3 1699/7/3
f 1704/6/3 1693/6/3 1692/6/3
f 1705/3/3 1694/3/3 1693/3/3
f 1705/6/3 1693/6/3 1704/6/3
f 1706/3/3 1694/3/3 1705/3/3
f 1707/4/3 1696/4/3 1688/4/3
f 1708/4/3 1696/4/3 1707/4/3
f 1709/1/3 1698/1/3 1697/1/3
f 1710/1/3 1698/1/3 1709/1/3
f 1711/1/3 1701/1/3 1700/1/3
f 1712/1/3 1701/1/3 1711/1/3
f 1713/6/3 1703/6/3 1702/6/3
f 1714/6/3 1703/6/3 1713/6/3
f 1715/8/3 1705/8/3 1704/8/3
f 1716/8/3 1705/8/3 1715/8/3
f 1717/3/3 1708/3/3 1707/3/3
f 1718/3/3 1708/3/3 1717/3/3
f 1723/8/3 1714/8/3 1713/8/3
f 1724/8/3 1714/8/3 1723/8/3
f 1726/5/3 1719/5/3 1718/5/3
f 1727/8/3 1720/8/3 1719/8/3
f 1727/5/3 1719/5/3 1726/5/3
f 1728/1/3 1721/1/3 1720/1/3
f 1728/8/3 1720/8/3 1727/8/3
f 1729/3/3 1722/3/3 1721/3/3
f 1729/1/3 1721/1/3 1728/1/3
f 1730/3/3 1722/3/3 1729/3/3
f 1738/7/3 1726/7/3 1725/7/3
f 1739/7/3 1726/7/3 1738/7/3
f 1740/4/3 1729/4/3 1728/4/3
f 1741/3/3 1730/3/3 1729/3/3
f 1741/4/3 1729/4/3 1740/4/3
f 1742/3/3 1730/3/3 1741/3/3
f 1744/7/3 1732/7/3 1731/7/3
f 1745/7/3 1732/7/3 1744/7/3
f 1746/1/3 1734/1/3 1733/1/3
f 1747/5/3 1735/5/3 1734/5/3
f 1747/1/3 1734/1/3 1746/1/3
f 1748/5/3 1735/5/3 1747/5/3
f 1749/3/3 1737/3/3 1736/3/3
f 1750/3/3 1737/3/3 1749/3/3
f 1751/3/3 1739/3/3 1738/3/3
f 1752/3/3 1739/3/3 1751/3/3
f 1755/4/3 1742/4/3 1741/4/3
f 1756/4/3 1742/4/3 1755/4/3
f 1757/4/3 1744/4/3 1743/4/3
f 1758/4/3 1744/4/3 1757/4/3
f 1761/7/3 1748/7/3 1747/7/3
f 1762/7/3 1748/7/3 1761/7/3
f 1764/1/3 1754/1/3 1753/1/3
f 1765/1/3 1754/1/3 1764/1/3
f 1766/3/3 1756/3/3 1755/3/3
f 1767/3/3 1756/3/3 1766/3/3
f 1768/2/3 1758/2/3 1757/2/3
f 1769/2/3 1758/2/3 1768/2/3
f 1770/4/3 1760/4/3 1759/4/3
f 1771/3/3 1762/3/3 1761/3/3
f 1771/3/3 1761/3/3 1760/3/3
f 1771/4/3 1760/4/3 1770/4/3
f 1772/3/3 1762/3/3 1771/3/3
f 1773/3/3 1762/3/3 1772/3/3
f 1774/7/3 1764/7/3 1763/7/3
f 1775/7/3 1764/7/3 1774/7/3
f 1776/7/3 1770/7/3 1769/7/3
f 1777/8/3 1771/8/3 1770/8/3
f 1777/7/3 1770/7/3 1776/7/3
f 1778/2/3 1772/2/3 1771/2/3
f 1778/8/3 1771/8/3 1777/8/3
f 1779/2/3 1772/2/3 1778/2/3
f 1780/3/3 1778/3/3 1777/3/3
f 1781/3/3 1778/3/3 1780/3/3
f 1790/6/3 1783/6/3 1782/6/3
f 1791/6/3 1783/6/3 1790/6/3
f 1792/2/3 1785/2/3 1784/2/3
f 1793/2/3 1785/2/3 1792/2/3
f 1797/7/3 1787/7/3 1786/7/3
f 1798/7/3 1787/7/3 1797/7/3
f 1799/7/3 1789/7/3 1788/7/3
f 1800/7/3 1789/7/3 1799/7/3
f 1803/4/3 1794/4/3 1793/4/3
f 1804/4/3 1794/4/3 1803/4/3
f 1805/5/3 1796/5/3 1795/5/3
f 1806/5/3 1796/5/3 1805/5/3
f 1807/7/3 1799/7/3 1798/7/3
f 1808/8/3 1800/8/3 1799/8/3
f 1808/7/3 1799/7/3 1807/7/3
f 1809/8/3 1800/8/3 1808/8/3
f 1810/4/3 1802/4/3 1801/4/3
f 1811/4/3 1802/4/3 1810/4/3
f 1816/6/3 1811/6/3 1810/6/3
f 1817/6/3 1811/6/3 1816/6/3
f 1820/19/3 1813/19/3 1812/19/3
f 1821/19/3 1813/19/3 1820/19/3
f 1822/18/3 1815/18/3 1814/18/3
f 1823/18/3 1815/18/3 1822/18/3
f 1829/1/3 1819/1/3 1818/1/3
f 1830/1/3 1819/1/3 1829/1/3
f 1833/1/3 1825/1/3 1824/1/3
f 1834/1/3 1825/1/3 1833/1/3
f 1838/1/3 1827/1/3 1826/1/3
f 1839/1/3 1827/1/3 1838/1/3
f 1840/7/3 1829/7/3 1828/7/3
f 1841/7/3 1829/7/3 1840/7/3
f 1842/7/3 1832/7/3 1831/7/3
f 1843/7/3 1832/7/3 1842/7/3
f 1844/6/3 1836/6/3 1835/6/3
f 1845/6/3 1836/6/3 1844/6/3
f 1846/7/3 1838/7/3 1837/7/3
f 1847/7/3 1838/7/3 1846/7/3
f 1848/4/3 1840/4/3 1839/4/3
f 1849/4/3 1840/4/3 1848/4/3
f 1858/1/3 1851/1/3 1850/1/3
f 1859/1/3 1851/1/3 1858/1/3
f 1861/8/3 1853/8/3 1852/8/3
f 1862/8/3 1853/8/3 1861/8/3
f 1863/6/3 1855/6/3 1854/6/3
f 1864/6/3 1855/6/3 1863/6/3
f 1865/7/3 1857/7/3 1856/7/3
f 1866/7/3 1857/7/3 1865/7/3
f 1867/6/3 1860/6/3 1859/6/3
f 1868/6/3 1860/6/3 1867/6/3
f 1871/8/3 1870/8/3 1869/8/3
f 1872/8/3 1870/8/3 1871/8/3
f 1883/7/3 1874/7/3 1873/7/3
f 1884/2/3 1876/2/3 1875/2/3
f 1885/2/3 1876/2/3 1884/2/3
f 1886/3/3 1878/3/3 1877/3/3
f 1887/3/3 1878/3/3 1886/3/3
f 1888/4/3 1880/4/3 1879/4/3
f 1889/4/3 1880/4/3 1888/4/3
f 1890/3/3 1882/3/3 1881/3/3
f 1891/3/3 1882/3/3 1890/3/3
f 1893/7/3 1883/7/3 1873/7/3
f 1894/7/3 1883/7/3 1893/7/3
f 1895/8/3 1886/8/3 1885/8/3
f 1896/8/3 1886/8/3 1895/8/3
f 1899/4/3 1891/4/3 1890/4/3
f 1900/4/3 1891/4/3 1899/4/3
f 1903/19/3 1893/19/3 1892/19/3
f 1904/19/3 1893/19/3 1903/19/3
f 1910/24/3 1898/24/3 1897/24/3
f 1911/24/3 1898/24/3 1910/24/3
f 1914/5/3 1902/5/3 1901/5/3
f 1915/5/3 1902/5/3 1914/5/3
f 1917/4/3 1906/4/3 1905/4/3
f 1918/6/3 1907/6/3 1906/6/3
f 1918/4/3 1906/4/3 1917/4/3
f 1919/6/3 1907/6/3 1918/6/3
f 1922/3/3 1909/3/3 1908/3/3
f 1923/3/3 1909/3/3 1922/3/3
f 1924/1/3 1913/1/3 1912/1/3
f 1925/2/3 1914/2/3 1913/2/3
f 1925/1/3 1913/1/3 1924/1/3
f 1926/2/3 1914/2/3 1925/2/3
f 1927/3/3 1917/3/3 1916/3/3
f 1928/3/3 1917/3/3 1927/3/3
f 1930/7/3 1920/7/3 1919/7/3
f 1931/5/3 1921/5/3 1920/5/3
f 1931/7/3 1920/7/3 1930/7/3
f 1932/5/3 1921/5/3 1931/5/3
f 1933/1/3 1923/1/3 1922/1/3
f 1934/1/3 1923/1/3 1933/1/3
f 1939/7/3 1926/7/3 1925/7/3
f 1940/7/3 1926/7/3 1939/7/3
f 1941/6/3 1928/6/3 1927/6/3
f 1942/6/3 1928/6/3 1941/6/3
f 1943/5/3 1930/5/3 1929/5/3
f 1944/5/3 1930/5/3 1943/5/3
f 1945/8/3 1936/8/3 1935/8/3
f 1946/8/3 1936/8/3 1945/8/3
f 1947/6/3 1938/6/3 1937/6/3
f 1948/6/3 1938/6/3 1947/6/3
f 1951/6/3 1950/6/3 1949/6/3
f 1952/6/3 1950/6/3 1951/6/3
f 1957/3/3 1954/3/3 1953/3/3
f 1958/3/3 1954/3/3 1957/3/3
f 1959/7/3 1956/7/3 1955/7/3
f 1960/7/3 1956/7/3 1959/7/3
f 1965/1/3 1962/1/3 1961/1/3
f 1966/1/3 1962/1/3 1965/1/3
f 1967/1/3 1964/1/3 1963/1/3
f 1968/1/3 1964/1/3 1967/1/3
f 1971/2/3 1970/2/3 1969/2/3
f 1972/2/3 1970/2/3 1971/2/3
f 1977/4/3 1974/4/3 1973/4/3
f 1978/4/3 1974/4/3 1977/4/3
f 1980/5/3 1976/5/3 1975/5/3
f 1981/5/3 1976/5/3 1980/5/3
f 1982/4/3 1980/4/3 1979/4/3
f 1983/4/3 1980/4/3 1982/4/3
f 1990/1/3 1985/1/3 1984/1/3
f 1991/1/3 1985/1/3 1990/1/3
f 1992/8/3 1987/8/3 1986/8/3
f 1993/8/3 1987/8/3 1992/8/3
f 1994/5/3 1989/5/3 1988/5/3
f 1995/5/3 1989/5/3 1994/5/3
f 1998/7/3 1997/7/3 1996/7/3
f 1999/7/3 1997/7/3 1998/7/3
f 2004/3/3 2001/3/3 2000/3/3
f 2005/3/3 2001/3/3 2004/3/3
f 2006/7/3 2003/7/3 2002/7/3
f 2007/7/3 2003/7/3 2006/7/3
f 2010/6/3 2009/6/3 2008/6/3
f 2011/6/3 2009/6/3 2010/6/3
f 2014/4/3 2013/4/3 2012/4/3
f 2015/4/3 2013/4/3 2014/4/3
f 2018/3/3 2017/3/3 2016/3/3
f 2019/3/3 2017/3/3 2018/3/3
f 2024/8/3 2021/8/3 2020/8/3
f 2025/8/3 2021/8/3 2024/8/3
f 2026/5/3 2023/5/3 2022/5/3
f 2027/5/3 2023/5/3 2026/5/3
f 2030/25/3 2029/25/3 2028/25/3
f 2031/25/3 2029/25/3 2030/25/3
f 2032/25/3 2031/25/3 2030/25/3
f 2033/25/3 2031/25/3 2032/25/3
f 2034/25/3 2033/25/3 2032/25/3
f 2035/25/3 2033/25/3 2034/25/3
f 2036/25/3 2035/25/3 2034/25/3
f 2037/25/3 2035/25/3 2036/25/3
f 2038/25/3 2035/25/3 2037/25/3
f 2039/25/3 2035/25/3 2038/25/3
f 2040/25/3 2035/25/3 2039/25/3
f 2041/25/3 2035/25/3 2040/25/3
f 2042/25/3 2035/25/3 2041/25/3
f 2043/25/3 2035/25/3 2042/25/3
f 2044/25/3 2035/25/3 2043/25/3
f 2045/25/3 2035/25/3 2044/25/3
f 2046/25/3 2035/25/3 2045/25/3
f 2049/25/3 2046/25/3 2045/25/3
f 2050/25/3 2046/25/3 2049/25/3
f 2051/1/3 2048/1/3 2047/1/3
f 2052/1/3 2048/1/3 2051/1/3
f 2053/25/3 2050/25/3 2049/25/3
f 2054/25/3 2050/25/3 2053/25/3
f 2055/25/3 2054/25/3 2053/25/3
f 2056/25/3 2054/25/3 2055/25/3
f 2057/25/3 2054/25/3 2056/25/3
f 2058/25/4 2059/25/4 2060/25/4
f 2060/25/4 2059/25/4 2061/25/4
f 2061/25/4 2059/25/4 2062/25/4
f 2062/25/4 2059/25/4 2063/25/4
f 2063/25/4 2059/25/4 2064/25/4
f 2064/25/4 2059/25/4 2065/25/4
f 2065/25/4 2059/25/4 2066/25/4
f 2066/25/4 2059/25/4 2067/25/4
f 2067/25/4 2059/25/4 2068/25/4
f 2068/25/4 2059/25/4 2069/25/4
f 2069/25/4 2059/25/4 2070/25/4
f 2070/25/4 2059/25/4 2071/25/4
f 2071/25/4 2059/25/4 2072/25/4
f 2072/25/4 2059/25/4 2073/25/4
f 2073/25/4 2059/25/4 2074/25/4
f 2073/25/4 2074/25/4 2075/25/4
f 2075/25/4 2074/25/4 2076/25/4
f 2075/25/4 2076/25/4 2077/25/4
f 2077/25/4 2076/25/4 2078/25/4
f 2078/25/4 2076/25/4 2079/25/4
f 2080/4/4 2081/4/4 2082/4/4
f 2082/4/4 2081/4/4 2083/4/4
f 2084/3/4 2085/3/4 2086/3/4
f 2086/3/4 2085/3/4 2087/3/4
f 2088/7/4 2089/7/4 2092/7/4
f 2092/7/4 2089/7/4 2093/7/4
f 2090/7/4 2091/7/4 2094/7/4
f 2094/7/4 2091/7/4 2095/7/4
f 2096/1/4 2097/1/4 2100/1/4
f 2100/1/4 2097/1/4 2101/1/4
f 2098/3/4 2099/3/4 2102/3/4
f 2102/3/4 2099/3/4 2103/3/4
f 2104/8/4 2105/8/4 2108/8/4
f 2108/8/4 2105/8/4 2109/8/4
f 2106/6/4 2107/6/4 2110/6/4
f 2110/6/4 2107/6/4 2111/6/4
f 2112/7/4 2113/7/4 2114/7/4
f 2114/7/4 2113/7/4 2115/7/4
f 2114/5/4 2115/5/4 2116/5/4
f 2116/5/4 2115/5/4 2117/5/4
f 2118/8/4 2119/8/4 2120/8/4
f 2120/8/4 2119/8/4 2121/8/4
f 2122/5/4 2123/5/4 2126/5/4
f 2126/5/4 2123/5/4 2127/5/4
f 2124/4/4 2125/4/4 2128/4/4
f 2128/4/4 2125/4/4 2129/4/4
f 2130/2/4 2131/2/4 2136/2/4
f 2136/2/4 2131/2/4 2137/2/4
f 2132/2/4 2133/2/4 2138/2/4
f 2138/2/4 2133/2/4 2139/2/4
f 2134/5/4 2135/5/4 2140/5/4
f 2140/5/4 2135/5/4 2141/5/4
f 2142/3/4 2143/3/4 2148/3/4
f 2148/3/4 2143/3/4 2149/3/4
f 2144/4/4 2145/4/4 2151/4/4
f 2151/4/4 2145/4/4 2152/4/4
f 2146/7/4 2147/7/4 2155/7/4
f 2155/7/4 2147/7/4 2156/7/4
f 2148/5/4 2149/5/4 2157/5/4
f 2149/6/4 2150/6/4 2158/6/4
f 2157/5/4 2149/5/4 2158/5/4
f 2158/6/4 2150/6/4 2159/6/4
f 2153/3/4 2154/3/4 2161/3/4
f 2161/3/4 2154/3/4 2162/3/4
f 2160/1/4 2161/1/4 2170/1/4
f 2161/6/4 2162/6/4 2171/6/4
f 2170/1/4 2161/1/4 2171/1/4
f 2171/6/4 2162/6/4 2172/6/4
f 2163/17/4 2164/17/4 2175/17/4
f 2164/20/4 2165/20/4 2176/20/4
f 2175/17/4 2164/17/4 2176/17/4
f 2176/20/4 2165/20/4 2177/20/4
f 2166/23/4 2167/23/4 2180/23/4
f 2180/23/4 2167/23/4 2181/23/4
f 2168/22/4 2169/22/4 2183/22/4
f 2183/22/4 2169/22/4 2184/22/4
f 2173/8/4 2174/8/4 2187/8/4
f 2187/8/4 2174/8/4 2188/8/4
f 2178/1/4 2179/1/4 2189/1/4
f 2179/5/4 2180/5/4 2190/5/4
f 2189/1/4 2179/1/4 2190/1/4
f 2190/5/4 2180/5/4 2191/5/4
f 2182/8/4 2183/8/4 2193/8/4
f 2193/8/4 2183/8/4 2194/8/4
f 2185/6/4 2186/6/4 2197/6/4
f 2197/6/4 2186/6/4 2198/6/4
f 2191/4/4 2192/4/4 2201/4/4
f 2201/4/4 2192/4/4 2202/4/4
f 2193/2/4 2194/2/4 2203/2/4
f 2203/2/4 2194/2/4 2204/2/4
f 2195/6/4 2196/6/4 2205/6/4
f 2205/6/4 2196/6/4 2206/6/4
f 2197/8/4 2198/8/4 2207/8/4
f 2207/8/4 2198/8/4 2208/8/4
f 2199/3/4 2200/3/4 2209/3/4
f 2209/3/4 2200/3/4 2210/3/4
f 2205/8/4 2206/8/4 2214/8/4
f 2214/8/4 2206/8/4 2215/8/4
f 2210/5/4 2211/5/4 2216/5/4
f 2216/5/4 2211/5/4 2217/5/4
f 2212/3/4 2213/3/4 2218/3/4
f 2218/3/4 2213/3/4 2219/3/4
f 2220/3/4 2221/3/4 2222/3/4
f 2222/3/4 2221/3/4 2223/3/4
f 2224/1/4 2225/1/4 2228/1/4
f 2228/1/4 2225/1/4 2229/1/4
f 2226/2/4 2227/2/4 2230/2/4
f 2230/2/4 2227/2/4 2231/2/4
f 2232/6/4 2233/6/4 2240/6/4
f 2234/2/4 2235/2/4 2241/2/4
f 2241/2/4 2235/2/4 2242/2/4
f 2236/7/4 2237/7/4 2247/7/4
f 2247/7/4 2237/7/4 2248/7/4
f 2238/7/4 2239/7/4 2249/7/4
f 2249/7/4 2239/7/4 2250/7/4
f 2240/6/4 2233/6/4 2251/6/4
f 2251/6/4 2233/6/4 2252/6/4
f 2242/4/4 2243/4/4 2254/4/4
f 2243/8/4 2244/8/4 2255/8/4
f 2254/4/4 2243/4/4 2255/4/4
f 2255/8/4 2244/8/4 2256/8/4
f 2245/5/4 2246/5/4 2257/5/4
f 2257/5/4 2246/5/4 2258/5/4
f 2252/3/4 2253/3/4 2261/3/4
f 2253/8/4 2254/8/4 2262/8/4
f 2261/3/4 2253/3/4 2262/3/4
f 2262/8/4 2254/8/4 2263/8/4
f 2257/8/4 2258/8/4 2264/8/4
f 2264/8/4 2258/8/4 2265/8/4
f 2259/19/4 2260/19/4 2270/19/4
f 2270/19/4 2260/19/4 2271/19/4
f 2266/17/4 2267/17/4 2275/17/4
f 2275/17/4 2267/17/4 2276/17/4
f 2268/1/4 2269/1/4 2279/1/4
f 2279/1/4 2269/1/4 2280/1/4
f 2271/4/4 2272/4/4 2281/4/4
f 2281/4/4 2272/4/4 2282/4/4
f 2273/2/4 2274/2/4 2284/2/4
f 2284/2/4 2274/2/4 2285/2/4
f 2277/8/4 2278/8/4 2289/8/4
f 2278/7/4 2279/7/4 2290/7/4
f 2289/8/4 2278/8/4 2290/8/4
f 2290/7/4 2279/7/4 2291/7/4
f 2281/7/4 2282/7/4 2292/7/4
f 2292/7/4 2282/7/4 2293/7/4
f 2283/1/4 2284/1/4 2294/1/4
f 2294/1/4 2284/1/4 2295/1/4
f 2285/6/4 2286/6/4 2296/6/4
f 2296/6/4 2286/6/4 2297/6/4
f 2287/7/4 2288/7/4 2298/7/4
f 2298/7/4 2288/7/4 2299/7/4
f 2289/4/4 2290/4/4 2300/4/4
f 2300/4/4 2290/4/4 2301/4/4
f 2302/8/4 2303/8/4 2311/8/4
f 2311/8/4 2303/8/4 2312/8/4
f 2304/1/4 2305/1/4 2316/1/4
f 2316/1/4 2305/1/4 2317/1/4
f 2306/5/4 2307/5/4 2319/5/4
f 2307/8/4 2308/8/4 2320/8/4
f 2319/5/4 2307/5/4 2320/5/4
f 2320/8/4 2308/8/4 2321/8/4
f 2309/6/4 2310/6/4 2322/6/4
f 2310/8/4 2311/8/4 2323/8/4
f 2322/6/4 2310/6/4 2323/6/4
f 2311/7/4 2312/7/4 2324/7/4
f 2323/8/4 2311/8/4 2324/8/4
f 2312/4/4 2313/4/4 2325/4/4
f 2324/7/4 2312/7/4 2325/7/4
f 2325/4/4 2313/4/4 2326/4/4
f 2314/7/4 2315/7/4 2327/7/4
f 2327/7/4 2315/7/4 2328/7/4
f 2316/5/4 2317/5/4 2329/5/4
f 2329/5/4 2317/5/4 2330/5/4
f 2318/7/4 2319/7/4 2331/7/4
f 2331/7/4 2319/7/4 2332/7/4
f 2320/3/4 2321/3/4 2333/3/4
f 2321/4/4 2322/4/4 2334/4/4
f 2333/3/4 2321/3/4 2334/3/4
f 2322/1/4 2323/1/4 2335/1/4
f 2334/4/4 2322/4/4 2335/4/4
f 2335/1/4 2323/1/4 2336/1/4
f 2324/2/4 2325/2/4 2337/2/4
f 2325/3/4 2326/3/4 2338/3/4
f 2337/2/4 2325/2/4 2338/2/4
f 2338/3/4 2326/3/4 2339/3/4
f 2327/4/4 2328/4/4 2341/4/4
f 2341/4/4 2328/4/4 2342/4/4
f 2329/7/4 2330/7/4 2344/7/4
f 2344/7/4 2330/7/4 2345/7/4
f 2333/3/4 2334/3/4 2348/3/4
f 2348/3/4 2334/3/4 2349/3/4
f 2339/7/4 2340/7/4 2352/7/4
f 2352/7/4 2340/7/4 2353/7/4
f 2343/3/4 2344/3/4 2354/3/4
f 2354/3/4 2344/3/4 2355/3/4
f 2346/4/4 2347/4/4 2357/4/4
f 2347/7/4 2348/7/4 2358/7/4
f 2357/4/4 2347/4/4 2358/4/4
f 2348/6/4 2349/6/4 2359/6/4
f 2358/7/4 2348/7/4 2359/7/4
f 2359/6/4 2349/6/4 2360/6/4
f 2350/6/4 2351/6/4 2361/6/4
f 2361/6/4 2351/6/4 2362/6/4
f 2352/5/4 2353/5/4 2364/5/4
f 2364/5/4 2353/5/4 2365/5/4
f 2354/6/4 2355/6/4 2366/6/4
f 2366/6/4 2355/6/4 2367/6/4
f 2356/5/4 2357/5/4 2368/5/4
f 2368/5/4 2357/5/4 2369/5/4
f 2358/8/4 2359/8/4 2370/8/4
f 2370/8/4 2359/8/4 2371/8/4
f 2362/8/4 2363/8/4 2372/8/4
f 2372/8/4 2363/8/4 2373/8/4
f 2374/7/4 2375/7/4 2382/7/4
f 2382/7/4 2375/7/4 2383/7/4
f 2376/3/4 2377/3/4 2386/3/4
f 2386/3/4 2377/3/4 2387/3/4
f 2378/4/4 2379/4/4 2388/4/4
f 2388/4/4 2379/4/4 2389/4/4
f 2380/3/4 2381/3/4 2390/3/4
f 2390/3/4 2381/3/4 2391/3/4
f 2384/4/4 2385/4/4 2396/4/4
f 2396/4/4 2385/4/4 2397/4/4
f 2389/7/4 2390/7/4 2398/7/4
f 2390/4/4 2391/4/4 2399/4/4
f 2398/7/4 2390/7/4 2399/7/4
f 2399/4/4 2391/4/4 2400/4/4
f 2392/19/4 2393/19/4 2403/19/4
f 2403/19/4 2393/19/4 2404/19/4
f 2394/22/4 2395/22/4 2405/22/4
f 2405/22/4 2395/22/4 2406/22/4
f 2401/5/4 2402/5/4 2410/5/4
f 2410/5/4 2402/5/4 2411/5/4
f 2407/8/4 2408/8/4 2418/8/4
f 2408/1/4 2409/1/4 2419/1/4
f 2418/8/4 2408/8/4 2419/8/4
f 2419/1/4 2409/1/4 2420/1/4
f 2412/7/4 2413/7/4 2425/7/4
f 2425/7/4 2413/7/4 2426/7/4
f 2414/1/4 2415/1/4 2427/1/4
f 2427/1/4 2415/1/4 2428/1/4
f 2416/1/4 2417/1/4 2430/1/4
f 2417/3/4 2418/3/4 2431/3/4
f 2430/1/4 2417/1/4 2431/1/4
f 2431/3/4 2418/3/4 2432/3/4
f 2420/7/4 2421/7/4 2433/7/4
f 2433/7/4 2421/7/4 2434/7/4
f 2422/6/4 2423/6/4 2435/6/4
f 2435/6/4 2423/6/4 2436/6/4
f 2424/5/4 2425/5/4 2437/5/4
f 2437/5/4 2425/5/4 2438/5/4
f 2429/8/4 2430/8/4 2439/8/4
f 2439/8/4 2430/8/4 2440/8/4
f 2431/6/4 2432/6/4 2441/6/4
f 2441/6/4 2432/6/4 2442/6/4
f 2443/7/4 2444/7/4 2450/7/4
f 2450/7/4 2444/7/4 2451/7/4
f 2445/6/4 2446/6/4 2453/6/4
f 2453/6/4 2446/6/4 2454/6/4
f 2447/3/4 2448/3/4 2455/3/4
f 2455/3/4 2448/3/4 2456/3/4
f 2449/4/4 2450/4/4 2461/4/4
f 2450/8/4 2451/8/4 2462/8/4
f 2461/4/4 2450/4/4 2462/4/4
f 2451/1/4 2452/1/4 2463/1/4
f 2462/8/4 2451/8/4 2463/8/4
f 2463/1/4 2452/1/4 2464/1/4
f 2453/2/4 2454/2/4 2465/2/4
f 2465/2/4 2454/2/4 2466/2/4
f 2456/3/4 2457/3/4 2470/3/4
f 2470/3/4 2457/3/4 2471/3/4
f 2458/6/4 2459/6/4 2472/6/4
f 2472/6/4 2459/6/4 2473/6/4
f 2460/7/4 2461/7/4 2474/7/4
f 2474/7/4 2461/7/4 2475/7/4
f 2462/4/4 2463/4/4 2476/4/4
f 2463/6/4 2464/6/4 2477/6/4
f 2476/4/4 2463/4/4 2477/4/4
f 2465/1/4 2466/1/4 2478/1/4
f 2477/6/4 2464/6/4 2478/6/4
f 2464/1/4 2465/1/4 2478/1/4
f 2478/1/4 2466/1/4 2479/1/4
f 2466/4/4 2467/4/4 2480/4/4
f 2479/1/4 2466/1/4 2480/1/4
f 2480/4/4 2467/4/4 2481/4/4
f 2468/1/4 2469/1/4 2482/1/4
f 2482/1/4 2469/1/4 2483/1/4
f 2472/5/4 2473/5/4 2485/5/4
f 2485/5/4 2473/5/4 2486/5/4
f 2474/3/4 2475/3/4 2487/3/4
f 2487/3/4 2475/3/4 2488/3/4
f 2478/3/4 2479/3/4 2491/3/4
f 2491/3/4 2479/3/4 2492/3/4
f 2480/5/4 2481/5/4 2493/5/4
f 2493/5/4 2481/5/4 2494/5/4
f 2482/8/4 2483/8/4 2495/8/4
f 2495/8/4 2483/8/4 2496/8/4
f 2485/2/4 2486/2/4 2498/2/4
f 2484/2/4 2485/2/4 2498/2/4
f 2498/2/4 2486/2/4 2499/2/4
f 2499/2/4 2486/2/4 2500/2/4
f 2488/4/4 2489/4/4 2501/4/4
f 2501/4/4 2489/4/4 2502/4/4
f 2490/7/4 2491/7/4 2503/7/4
f 2491/8/4 2492/8/4 2504/8/4
f 2503/7/4 2491/7/4 2504/7/4
f 2504/8/4 2492/8/4 2505/8/4
f 2496/1/4 2497/1/4 2506/1/4
f 2497/4/4 2498/4/4 2507/4/4
f 2506/1/4 2497/1/4 2507/1/4
f 2498/6/4 2499/6/4 2508/6/4
f 2507/4/4 2498/4/4 2508/4/4
f 2499/1/4 2500/1/4 2509/1/4
f 2508/6/4 2499/6/4 2509/6/4
f 2509/1/4 2500/1/4 2510/1/4
f 2511/2/4 2512/2/4 2515/2/4
f 2515/2/4 2512/2/4 2516/2/4
f 2513/5/4 2514/5/4 2523/5/4
f 2523/5/4 2514/5/4 2524/5/4
f 2515/4/4 2516/4/4 2525/4/4
f 2525/4/4 2516/4/4 2526/4/4
f 2517/2/4 2518/2/4 2527/2/4
f 2527/2/4 2518/2/4 2528/2/4
f 2519/4/4 2520/4/4 2531/4/4
f 2531/4/4 2520/4/4 2532/4/4
f 2521/4/4 2522/4/4 2533/4/4
f 2533/4/4 2522/4/4 2534/4/4
f 2526/5/4 2527/5/4 2537/5/4
f 2527/4/4 2528/4/4 2538/4/4
f 2537/5/4 2527/5/4 2538/5/4
f 2538/4/4 2528/4/4 2539/4/4
f 2529/6/4 2530/6/4 2540/6/4
f 2540/6/4 2530/6/4 2541/6/4
f 2534/1/4 2535/1/4 2546/1/4
f 2546/1/4 2535/1/4 2547/1/4
f 2536/4/4 2537/4/4 2548/4/4
f 2548/4/4 2537/4/4 2549/4/4
f 2542/2/4 2543/2/4 2550/2/4
f 2550/2/4 2543/2/4 2551/2/4
f 2544/7/4 2545/7/4 2552/7/4
f 2552/7/4 2545/7/4 2553/7/4
f 2546/5/4 2547/5/4 2554/5/4
f 2554/5/4 2547/5/4 2555/5/4
f 2556/1/4 2557/1/4 2564/1/4
f 2564/1/4 2557/1/4 2565/1/4
f 2558/7/4 2559/7/4 2566/7/4
f 2559/3/4 2560/3/4 2567/3/4
f 2566/7/4 2559/7/4 2567/7/4
f 2560/8/4 2561/8/4 2568/8/4
f 2567/3/4 2560/3/4 2568/3/4
f 2561/6/4 2562/6/4 2569/6/4
f 2568/8/4 2561/8/4 2569/8/4
f 2562/5/4 2563/5/4 2570/5/4
f 2569/6/4 2562/6/4 2570/6/4
f 2570/5/4 2563/5/4 2571/5/4
f 2564/5/4 2565/5/4 2577/5/4
f 2577/5/4 2565/5/4 2578/5/4
f 2569/2/4 2570/2/4 2580/2/4
f 2570/5/4 2571/5/4 2581/5/4
f 2580/2/4 2570/2/4 2581/2/4
f 2571/2/4 2572/2/4 2582/2/4
f 2581/5/4 2571/5/4 2582/5/4
f 2572/8/4 2573/8/4 2583/8/4
f 2582/2/4 2572/2/4 2583/2/4
f 2573/7/4 2574/7/4 2584/7/4
f 2583/8/4 2573/8/4 2584/8/4
f 2584/7/4 2574/7/4 2585/7/4
f 2575/7/4 2576/7/4 2587/7/4
f 2587/7/4 2576/7/4 2588/7/4
f 2577/1/4 2578/1/4 2590/1/4
f 2590/1/4 2578/1/4 2591/1/4
f 2579/6/4 2580/6/4 2594/6/4
f 2580/8/4 2581/8/4 2595/8/4
f 2594/6/4 2580/6/4 2595/6/4
f 2581/5/4 2582/5/4 2596/5/4
f 2595/8/4 2581/8/4 2596/8/4
f 2596/5/4 2582/5/4 2597/5/4
f 2585/5/4 2586/5/4 2598/5/4
f 2598/5/4 2586/5/4 2599/5/4
f 2589/1/4 2590/1/4 2602/1/4
f 2602/1/4 2590/1/4 2603/1/4
f 2591/2/4 2592/2/4 2604/2/4
f 2592/3/4 2593/3/4 2605/3/4
f 2604/2/4 2592/2/4 2605/2/4
f 2605/3/4 2593/3/4 2606/3/4
f 2595/5/4 2596/5/4 2608/5/4
f 2608/5/4 2596/5/4 2609/5/4
f 2600/7/4 2601/7/4 2612/7/4
f 2612/7/4 2601/7/4 2613/7/4
f 2602/8/4 2603/8/4 2614/8/4
f 2614/8/4 2603/8/4 2615/8/4
f 2606/3/4 2607/3/4 2616/3/4
f 2616/3/4 2607/3/4 2617/3/4
f 2610/7/4 2611/7/4 2618/7/4
f 2618/7/4 2611/7/4 2619/7/4
f 2619/8/4 2620/8/4 2621/8/4
f 2621/8/4 2620/8/4 2622/8/4
f 2623/7/4 2624/7/4 2631/7/4
f 2631/7/4 2624/7/4 2632/7/4
f 2625/6/4 2626/6/4 2633/6/4
f 2633/6/4 2626/6/4 2634/6/4
f 2627/4/4 2628/4/4 2635/4/4
f 2635/4/4 2628/4/4 2636/4/4
f 2629/3/4 2630/3/4 2639/3/4
f 2639/3/4 2630/3/4 2640/3/4
f 2633/1/4 2634/1/4 2643/1/4
f 2634/3/4 2635/3/4 2644/3/4
f 2643/1/4 2634/1/4 2644/1/4
f 2635/5/4 2636/5/4 2645/5/4
f 2644/3/4 2635/3/4 2645/3/4
f 2645/5/4 2636/5/4 2646/5/4
f 2637/4/4 2638/4/4 2647/4/4
f 2647/4/4 2638/4/4 2648/4/4
f 2639/6/4 2640/6/4 2649/6/4
f 2649/6/4 2640/6/4 2650/6/4
f 2641/8/4 2642/8/4 2652/8/4
f 2652/8/4 2642/8/4 2653/8/4
f 2643/6/4 2644/6/4 2654/6/4
f 2644/1/4 2645/1/4 2655/1/4
f 2654/6/4 2644/6/4 2655/6/4
f 2655/1/4 2645/1/4 2656/1/4
f 2647/3/4 2648/3/4 2657/3/4
f 2657/3/4 2648/3/4 2658/3/4
f 2650/5/4 2651/5/4 2659/5/4
f 2659/5/4 2651/5/4 2660/5/4
f 2661/4/4 2662/4/4 2668/4/4
f 2668/4/4 2662/4/4 2669/4/4
f 2663/5/4 2664/5/4 2671/5/4
f 2671/5/4 2664/5/4 2672/5/4
f 2665/8/4 2666/8/4 2673/8/4
f 2673/8/4 2666/8/4 2674/8/4
f 2667/6/4 2668/6/4 2675/6/4
f 2668/3/4 2669/3/4 2676/3/4
f 2675/6/4 2668/6/4 2676/6/4
f 2669/4/4 2670/4/4 2677/4/4
f 2676/3/4 2669/3/4 2677/3/4
f 2677/4/4 2670/4/4 2678/4/4
f 2676/6/4 2677/6/4 2679/6/4
f 2679/6/4 2677/6/4 2680/6/4
f 2681/3/4 2682/3/4 2685/3/4
f 2685/3/4 2682/3/4 2686/3/4
f 2683/3/4 2684/3/4 2692/3/4
f 2692/3/4 2684/3/4 2693/3/4
f 2685/1/4 2686/1/4 2694/1/4
f 2686/5/4 2687/5/4 2695/5/4
f 2694/1/4 2686/1/4 2695/1/4
f 2687/8/4 2688/8/4 2696/8/4
f 2695/5/4 2687/5/4 2696/5/4
f 2688/3/4 2689/3/4 2697/3/4
f 2696/8/4 2688/8/4 2697/8/4
f 2697/3/4 2689/3/4 2698/3/4
f 2690/7/4 2691/7/4 2702/7/4
f 2702/7/4 2691/7/4 2703/7/4
f 2692/2/4 2693/2/4 2704/2/4
f 2704/2/4 2693/2/4 2705/2/4
f 2695/8/4 2696/8/4 2707/8/4
f 2696/3/4 2697/3/4 2708/3/4
f 2707/8/4 2696/8/4 2708/8/4
f 2708/3/4 2697/3/4 2709/3/4
f 2699/5/4 2700/5/4 2714/5/4
f 2714/5/4 2700/5/4 2715/5/4
f 2701/7/4 2702/7/4 2716/7/4
f 2702/6/4 2703/6/4 2717/6/4
f 2716/7/4 2702/7/4 2717/7/4
f 2717/6/4 2703/6/4 2718/6/4
f 2705/3/4 2706/3/4 2719/3/4
f 2719/3/4 2706/3/4 2720/3/4
f 2708/1/4 2709/1/4 2722/1/4
f 2709/1/4 2710/1/4 2722/1/4
f 2722/1/4 2710/1/4 2723/1/4
f 2711/5/4 2712/5/4 2724/5/4
f 2712/3/4 2713/3/4 2725/3/4
f 2724/5/4 2712/5/4 2725/5/4
f 2725/3/4 2713/3/4 2726/3/4
f 2714/7/4 2715/7/4 2727/7/4
f 2727/7/4 2715/7/4 2728/7/4
f 2720/5/4 2721/5/4 2729/5/4
f 2729/5/4 2721/5/4 2730/5/4
f 2731/25/4 2732/25/4 2733/25/4
f 2731/25/4 2733/25/4 2737/25/4
f 2733/2/4 2734/2/4 2737/2/4
f 2737/2/4 2734/2/4 2738/2/4
f 2735/5/4 2736/5/4 2739/5/4
f 2739/5/4 2736/5/4 2740/5/4
f 2741/3/4 2742/3/4 2743/3/4
f 2743/3/4 2742/3/4 2744/3/4
f 2745/1/4 2746/1/4 2750/1/4
f 2750/1/4 2746/1/4 2751/1/4
f 2747/4/4 2748/4/4 2752/4/4
f 2752/4/4 2748/4/4 2753/4/4
f 2749/7/4 2750/7/4 2754/7/4
f 2750/7/4 2751/7/4 2754/7/4
f 2754/7/4 2751/7/4 2755/7/4
f 2755/7/4 2751/7/4 2756/7/4
f 2755/1/4 2756/1/4 2757/1/4
f 2757/1/4 2756/1/4 2758/1/4
f 2731/25/4 2737/25/4 2759/25/4
f 2759/25/4 2737/25/4 2760/25/4
f 2763/25/5 2762/25/5 2761/25/5
f 2764/25/5 2762/25/5 2763/25/5
f 2770/1/5 2766/1/5 2765/1/5
f 2771/1/5 2766/1/5 2770/1/5
f 2775/4/5 2768/4/5 2767/4/5
f 2776/6/5 2769/6/5 2768/6/5
f 2776/4/5 2768/4/5 2775/4/5
f 2777/6/5 2769/6/5 2776/6/5
f 2778/6/5 2771/6/5 2770/6/5
f 2778/6/5 2772/6/5 2771/6/5
f 2779/6/5 2772/6/5 2778/6/5
f 2780/6/5 2772/6/5 2779/6/5
f 2781/3/5 2774/3/5 2773/3/5
f 2782/8/5 2775/8/5 2774/8/5
f 2782/3/5 2774/3/5 2781/3/5
f 2783/1/5 2776/1/5 2775/1/5
f 2783/8/5 2775/8/5 2782/8/5
f 2784/4/5 2777/4/5 2776/4/5
f 2784/1/5 2776/1/5 2783/1/5
f 2785/4/5 2777/4/5 2784/4/5
f 2788/8/5 2779/8/5 2778/8/5
f 2789/1/5 2780/1/5 2779/1/5
f 2789/8/5 2779/8/5 2788/8/5
f 2790/1/5 2780/1/5 2789/1/5
f 2792/6/5 2783/6/5 2782/6/5
f 2792/6/5 2782/6/5 2781/6/5
f 2793/6/5 2783/6/5 2792/6/5
f 2794/6/5 2783/6/5 2793/6/5
f 2795/4/5 2785/4/5 2784/4/5
f 2796/7/5 2786/7/5 2785/7/5
f 2796/4/5 2785/4/5 2795/4/5
f 2797/7/5 2786/7/5 2796/7/5
f 2798/7/5 2788/7/5 2787/7/5
f 2799/7/5 2788/7/5 2798/7/5
f 2800/7/5 2788/7/5 2799/7/5
f 2801/1/5 2790/1/5 2789/1/5
f 2802/3/5 2791/3/5 2790/3/5
f 2802/1/5 2790/1/5 2801/1/5
f 2803/3/5 2791/3/5 2802/3/5
f 2804/5/5 2794/5/5 2793/5/5
f 2805/1/5 2795/1/5 2794/1/5
f 2805/5/5 2794/5/5 2804/5/5
f 2806/1/5 2795/1/5 2805/1/5
f 2807/3/5 2800/3/5 2799/3/5
f 2807/5/5 2801/5/5 2800/5/5
f 2808/1/5 2802/1/5 2801/1/5
f 2808/5/5 2801/5/5 2807/5/5
f 2809/8/5 2803/8/5 2802/8/5
f 2809/1/5 2802/1/5 2808/1/5
f 2810/8/5 2803/8/5 2809/8/5
f 2811/7/5 2805/7/5 2804/7/5
f 2812/8/5 2806/8/5 2805/8/5
f 2812/7/5 2805/7/5 2811/7/5
f 2813/8/5 2806/8/5 2812/8/5
f 2814/3/5 2807/3/5 2799/3/5
f 2815/2/5 2808/2/5 2807/2/5
f 2815/3/5 2807/3/5 2814/3/5
f 2816/2/5 2808/2/5 2815/2/5
f 2822/6/5 2818/6/5 2817/6/5
f 2823/6/5 2818/6/5 2822/6/5
f 2824/7/5 2820/7/5 2819/7/5
f 2825/7/5 2820/7/5 2824/7/5
f 2828/7/5 2822/7/5 2821/7/5
f 2828/1/5 2823/1/5 2822/1/5
f 2829/1/5 2823/1/5 2828/1/5
f 2834/2/5 2827/2/5 2826/2/5
f 2835/2/5 2827/2/5 2834/2/5
f 2836/7/5 2828/7/5 2821/7/5
f 2837/7/5 2828/7/5 2836/7/5
f 2838/7/5 2828/7/5 2837/7/5
f 2839/4/5 2830/4/5 2829/4/5
f 2840/4/5 2830/4/5 2839/4/5
f 2841/3/5 2831/3/5 2830/3/5
f 2841/4/5 2830/4/5 2840/4/5
f 2842/3/5 2831/3/5 2841/3/5
f 2843/7/5 2833/7/5 2832/7/5
f 2844/7/5 2833/7/5 2843/7/5
f 2847/5/5 2838/5/5 2837/5/5
f 2847/7/5 2839/7/5 2838/7/5
f 2848/3/5 2840/3/5 2839/3/5
f 2848/7/5 2839/7/5 2847/7/5
f 2849/6/5 2841/6/5 2840/6/5
f 2849/3/5 2840/3/5 2848/3/5
f 2850/6/5 2841/6/5 2849/6/5
f 2853/8/5 2846/8/5 2845/8/5
f 2854/8/5 2846/8/5 2853/8/5
f 2855/5/5 2847/5/5 2837/5/5
f 2856/6/5 2848/6/5 2847/6/5
f 2856/5/5 2847/5/5 2855/5/5
f 2857/6/5 2848/6/5 2856/6/5
f 2858/1/5 2852/1/5 2851/1/5
f 2859/1/5 2852/1/5 2858/1/5
f 2862/5/5 2857/5/5 2856/5/5
f 2863/5/5 2857/5/5 2862/5/5
f 2864/3/5 2861/3/5 2860/3/5
f 2865/3/5 2861/3/5 2864/3/5
f 2872/4/5 2867/4/5 2866/4/5
f 2873/4/5 2867/4/5 2872/4/5
f 2876/5/5 2869/5/5 2868/5/5
f 2877/5/5 2869/5/5 2876/5/5
f 2884/1/5 2871/1/5 2870/1/5
f 2885/1/5 2871/1/5 2884/1/5
f 2886/7/5 2873/7/5 2872/7/5
f 2887/5/5 2874/5/5 2873/5/5
f 2887/7/5 2873/7/5 2886/7/5
f 2888/3/5 2875/3/5 2874/3/5
f 2888/5/5 2874/5/5 2887/5/5
f 2889/3/5 2875/3/5 2888/3/5
f 2890/1/5 2879/1/5 2878/1/5
f 2891/1/5 2879/1/5 2890/1/5
f 2893/2/5 2881/2/5 2880/2/5
f 2894/6/5 2882/6/5 2881/6/5
f 2894/2/5 2881/2/5 2893/2/5
f 2895/8/5 2883/8/5 2882/8/5
f 2895/6/5 2882/6/5 2894/6/5
f 2896/8/5 2883/8/5 2895/8/5
f 2899/7/5 2885/7/5 2884/7/5
f 2900/7/5 2885/7/5 2899/7/5
f 2903/5/5 2893/5/5 2892/5/5
f 2904/5/5 2893/5/5 2903/5/5
f 2905/7/5 2897/7/5 2896/7/5
f 2906/7/5 2897/7/5 2905/7/5
f 2908/2/5 2899/2/5 2898/2/5
f 2909/6/5 2900/6/5 2899/6/5
f 2909/2/5 2899/2/5 2908/2/5
f 2910/6/5 2900/6/5 2909/6/5
f 2913/1/5 2902/1/5 2901/1/5
f 2914/1/5 2902/1/5 2913/1/5
f 2915/5/5 2907/5/5 2906/5/5
f 2915/7/5 2906/7/5 2905/7/5
f 2916/5/5 2907/5/5 2915/5/5
f 2917/3/5 2910/3/5 2909/3/5
f 2918/3/5 2910/3/5 2917/3/5
f 2921/1/5 2912/1/5 2911/1/5
f 2922/1/5 2912/1/5 2921/1/5
f 2927/7/5 2915/7/5 2905/7/5
f 2928/7/5 2915/7/5 2927/7/5
f 2929/6/5 2919/6/5 2918/6/5
f 2930/1/5 2920/1/5 2919/1/5
f 2930/6/5 2919/6/5 2929/6/5
f 2931/6/5 2921/6/5 2920/6/5
f 2931/1/5 2920/1/5 2930/1/5
f 2932/6/5 2921/6/5 2931/6/5
f 2933/3/5 2924/3/5 2923/3/5
f 2934/1/5 2925/1/5 2924/1/5
f 2934/3/5 2924/3/5 2933/3/5
f 2935/5/5 2926/5/5 2925/5/5
f 2935/1/5 2925/1/5 2934/1/5
f 2936/5/5 2926/5/5 2935/5/5
f 2937/5/5 2928/5/5 2927/5/5
f 2938/5/5 2928/5/5 2937/5/5
f 2939/4/5 2936/4/5 2935/4/5
f 2940/4/5 2936/4/5 2939/4/5
f 2945/4/5 2942/4/5 2941/4/5
f 2946/4/5 2942/4/5 2945/4/5
f 2947/8/5 2944/8/5 2943/8/5
f 2948/8/5 2944/8/5 2947/8/5
f 2955/2/5 2946/2/5 2945/2/5
f 2956/2/5 2946/2/5 2955/2/5
f 2957/8/5 2949/8/5 2948/8/5
f 2958/8/5 2949/8/5 2957/8/5
f 2961/6/5 2951/6/5 2950/6/5
f 2962/6/5 2951/6/5 2961/6/5
f 2963/1/5 2953/1/5 2952/1/5
f 2964/3/5 2955/3/5 2954/3/5
f 2965/5/5 2956/5/5 2955/5/5
f 2965/3/5 2955/3/5 2964/3/5
f 2966/5/5 2956/5/5 2965/5/5
f 2967/4/5 2958/4/5 2957/4/5
f 2968/4/5 2958/4/5 2967/4/5
f 2971/1/5 2960/1/5 2959/1/5
f 2972/1/5 2960/1/5 2971/1/5
f 2975/1/5 2953/1/5 2963/1/5
f 2976/1/5 2953/1/5 2975/1/5
f 2981/5/5 2968/5/5 2967/5/5
f 2982/5/5 2968/5/5 2981/5/5
f 2983/4/5 2970/4/5 2969/4/5
f 2984/4/5 2970/4/5 2983/4/5
f 2987/3/5 2974/3/5 2973/3/5
f 2988/3/5 2974/3/5 2987/3/5
f 2989/2/5 2978/2/5 2977/2/5
f 2990/4/5 2979/4/5 2978/4/5
f 2990/2/5 2978/2/5 2989/2/5
f 2991/7/5 2980/7/5 2979/7/5
f 2991/4/5 2979/4/5 2990/4/5
f 2992/4/5 2981/4/5 2980/4/5
f 2992/7/5 2980/7/5 2991/7/5
f 2993/4/5 2981/4/5 2992/4/5
f 2994/7/5 2984/7/5 2983/7/5
f 2995/7/5 2984/7/5 2994/7/5
f 2996/2/5 2986/2/5 2985/2/5
f 2997/2/5 2986/2/5 2996/2/5
f 2998/8/5 2992/8/5 2991/8/5
f 2999/8/5 2992/8/5 2998/8/5
f 3005/3/5 3001/3/5 3000/3/5
f 3006/6/5 3002/6/5 3001/6/5
f 3006/3/5 3001/3/5 3005/3/5
f 3007/6/5 3002/6/5 3006/6/5
f 3011/1/5 3004/1/5 3003/1/5
f 3012/1/5 3004/1/5 3011/1/5
f 3015/7/5 3009/7/5 3008/7/5
f 3016/7/5 3009/7/5 3015/7/5
f 3017/1/5 3011/1/5 3010/1/5
f 3018/1/5 3011/1/5 3017/1/5
f 3020/4/5 3014/4/5 3013/4/5
f 3021/4/5 3014/4/5 3020/4/5
f 3026/7/5 3019/7/5 3018/7/5
f 3027/7/5 3019/7/5 3026/7/5
f 3028/4/5 3023/4/5 3022/4/5
f 3029/4/5 3023/4/5 3028/4/5
f 3030/4/5 3025/4/5 3024/4/5
f 3031/4/5 3025/4/5 3030/4/5
f 3036/3/5 3032/3/5 3031/3/5
f 3037/3/5 3032/3/5 3036/3/5
f 3038/4/5 3034/4/5 3033/4/5
f 3039/4/5 3034/4/5 3038/4/5
f 3040/1/5 3036/1/5 3035/1/5
f 3041/1/5 3036/1/5 3040/1/5
f 3044/7/5 3043/7/5 3042/7/5
f 3045/7/5 3043/7/5 3044/7/5
f 3052/5/5 3047/5/5 3046/5/5
f 3053/5/5 3047/5/5 3052/5/5
f 3054/1/5 3049/1/5 3048/1/5
f 3055/1/5 3049/1/5 3054/1/5
f 3056/8/5 3051/8/5 3050/8/5
f 3057/8/5 3051/8/5 3056/8/5
f 3060/2/5 3054/2/5 3053/2/5
f 3061/2/5 3054/2/5 3060/2/5
f 3062/5/5 3059/5/5 3058/5/5
f 3063/5/5 3059/5/5 3062/5/5
f 3068/6/5 3065/6/5 3064/6/5
f 3069/6/5 3065/6/5 3068/6/5
f 3070/5/5 3067/5/5 3066/5/5
f 3071/5/5 3067/5/5 3070/5/5
f 3072/5/5 3067/5/5 3071/5/5
f 3081/5/5 3074/5/5 3073/5/5
f 3082/5/5 3074/5/5 3081/5/5
f 3083/1/5 3076/1/5 3075/1/5
f 3084/1/5 3076/1/5 3083/1/5
f 3085/2/5 3078/2/5 3077/2/5
f 3086/2/5 3078/2/5 3085/2/5
f 3087/1/5 3080/1/5 3079/1/5
f 3088/1/5 3080/1/5 3087/1/5
f 3092/4/5 3090/4/5 3089/4/5
f 3093/3/5 3091/3/5 3090/3/5
f 3093/4/5 3090/4/5 3092/4/5
f 3094/3/5 3091/3/5 3093/3/5
f 3099/5/5 3096/5/5 3095/5/5
f 3100/5/5 3096/5/5 3099/5/5
f 3103/5/5 3098/5/5 3097/5/5
f 3104/5/5 3098/5/5 3103/5/5
f 3105/1/5 3102/1/5 3101/1/5
f 3106/1/5 3102/1/5 3105/1/5
f 3109/2/5 3106/2/5 3105/2/5
f 3110/2/5 3106/2/5 3109/2/5
f 3111/2/5 3108/2/5 3107/2/5
f 3112/2/5 3108/2/5 3111/2/5
f 3117/7/5 3114/7/5 3113/7/5
f 3118/7/5 3114/7/5 3117/7/5
f 3119/6/5 3116/6/5 3115/6/5
f 3120/6/5 3116/6/5 3119/6/5
f 3123/5/5 3122/5/5 3121/5/5
f 3124/5/5 3122/5/5 3123/5/5
f 3127/5/5 3126/5/5 3125/5/5
f 3128/5/5 3126/5/5 3127/5/5
f 3134/7/5 3128/7/5 3127/7/5
f 3135/7/5 3128/7/5 3134/7/5
f 3137/2/5 3130/2/5 3129/2/5
f 3138/3/5 3131/3/5 3130/3/5
f 3138/2/5 3130/2/5 3137/2/5
f 3139/3/5 3131/3/5 3138/3/5
f 3142/3/5 3133/3/5 3132/3/5
f 3143/3/5 3133/3/5 3142/3/5
f 3152/7/5 3137/7/5 3136/7/5
f 3153/7/5 3137/7/5 3152/7/5
f 3155/7/5 3140/7/5 3139/7/5
f 3156/7/5 3140/7/5 3155/7/5
f 3158/7/5 3142/7/5 3141/7/5
f 3159/2/5 3143/2/5 3142/2/5
f 3159/7/5 3142/7/5 3158/7/5
f 3160/3/5 3144/3/5 3143/3/5
f 3160/2/5 3143/2/5 3159/2/5
f 3161/3/5 3144/3/5 3160/3/5
f 3163/6/5 3146/6/5 3145/6/5
f 3164/6/5 3146/6/5 3163/6/5
f 3165/6/5 3148/6/5 3147/6/5
f 3166/6/5 3148/6/5 3165/6/5
f 3167/6/5 3150/6/5 3149/6/5
f 3168/6/5 3150/6/5 3167/6/5
f 3169/3/5 3152/3/5 3151/3/5
f 3170/3/5 3152/3/5 3169/3/5
f 3171/6/5 3155/6/5 3154/6/5
f 3172/4/5 3156/4/5 3155/4/5
f 3172/6/5 3155/6/5 3171/6/5
f 3173/8/5 3157/8/5 3156/8/5
f 3173/4/5 3156/4/5 3172/4/5
f 3174/8/5 3157/8/5 3173/8/5
f 3175/4/5 3160/4/5 3159/4/5
f 3176/4/5 3160/4/5 3175/4/5
f 3178/4/5 3163/4/5 3162/4/5
f 3179/4/5 3163/4/5 3178/4/5
f 3182/7/5 3173/7/5 3172/7/5
f 3183/7/5 3173/7/5 3182/7/5
f 3184/3/5 3177/3/5 3176/3/5
f 3185/6/5 3178/6/5 3177/6/5
f 3185/3/5 3177/3/5 3184/3/5
f 3186/6/5 3178/6/5 3185/6/5
f 3187/7/5 3181/7/5 3180/7/5
f 3188/7/5 3187/7/5 3180/7/5
f 3189/7/5 3187/7/5 3188/7/5
f 3196/3/5 3191/3/5 3190/3/5
f 3197/3/5 3191/3/5 3196/3/5
f 3198/4/5 3193/4/5 3192/4/5
f 3199/4/5 3193/4/5 3198/4/5
f 3200/4/5 3195/4/5 3194/4/5
f 3201/4/5 3195/4/5 3200/4/5
f 3210/7/5 3202/7/5 3201/7/5
f 3211/7/5 3202/7/5 3210/7/5
f 3213/6/5 3204/6/5 3203/6/5
f 3214/6/5 3204/6/5 3213/6/5
f 3217/8/5 3206/8/5 3205/8/5
f 3218/8/5 3206/8/5 3217/8/5
f 3219/4/5 3208/4/5 3207/4/5
f 3220/1/5 3209/1/5 3208/1/5
f 3220/4/5 3208/4/5 3219/4/5
f 3221/1/5 3209/1/5 3220/1/5
f 3224/1/5 3212/1/5 3211/1/5
f 3225/1/5 3212/1/5 3224/1/5
f 3226/3/5 3216/3/5 3215/3/5
f 3227/3/5 3216/3/5 3226/3/5
f 3231/3/5 3223/3/5 3222/3/5
f 3232/3/5 3223/3/5 3231/3/5
f 3233/8/5 3225/8/5 3224/8/5
f 3234/8/5 3225/8/5 3233/8/5
f 3237/7/5 3229/7/5 3228/7/5
f 3238/7/5 3229/7/5 3237/7/5
f 3241/4/5 3232/4/5 3231/4/5
f 3241/4/5 3231/4/5 3230/4/5
f 3242/4/5 3232/4/5 3241/4/5
f 3243/2/5 3233/2/5 3232/2/5
f 3243/4/5 3232/4/5 3242/4/5
f 3244/2/5 3233/2/5 3243/2/5
f 3245/8/5 3236/8/5 3235/8/5
f 3246/8/5 3236/8/5 3245/8/5
f 3247/5/5 3240/5/5 3239/5/5
f 3248/5/5 3240/5/5 3247/5/5
f 3249/6/5 3243/6/5 3242/6/5
f 3250/6/5 3243/6/5 3249/6/5
f 3255/1/5 3252/1/5 3251/1/5
f 3256/1/5 3252/1/5 3255/1/5
f 3257/1/5 3254/1/5 3253/1/5
f 3258/1/5 3254/1/5 3257/1/5
f 3265/4/5 3260/4/5 3259/4/5
f 3266/4/5 3260/4/5 3265/4/5
f 3267/6/5 3262/6/5 3261/6/5
f 3268/6/5 3262/6/5 3267/6/5
f 3269/5/5 3264/5/5 3263/5/5
f 3270/5/5 3264/5/5 3269/5/5
f 3271/8/5 3266/8/5 3265/8/5
f 3272/8/5 3266/8/5 3271/8/5
f 3279/3/5 3272/3/5 3271/3/5
f 3280/3/5 3272/3/5 3279/3/5
f 3283/7/5 3274/7/5 3273/7/5
f 3284/7/5 3274/7/5 3283/7/5
f 3285/8/5 3276/8/5 3275/8/5
f 3286/8/5 3276/8/5 3285/8/5
f 3287/4/5 3278/4/5 3277/4/5
f 3288/4/5 3278/4/5 3287/4/5
f 3289/7/5 3282/7/5 3281/7/5
f 3290/7/5 3282/7/5 3289/7/5
f 3295/6/5 3290/6/5 3289/6/5
f 3296/6/5 3290/6/5 3295/6/5
f 3297/4/5 3292/4/5 3291/4/5
f 3298/4/5 3292/4/5 3297/4/5
f 3299/6/5 3294/6/5 3293/6/5
f 3300/6/5 3294/6/5 3299/6/5
f 3301/5/5 3296/5/5 3295/5/5
f 3302/5/5 3296/5/5 3301/5/5
f 3305/3/5 3304/3/5 3303/3/5
f 3306/3/5 3304/3/5 3305/3/5
f 3311/4/5 3308/4/5 3307/4/5
f 3312/6/5 3309/6/5 3308/6/5
f 3312/4/5 3308/4/5 3311/4/5
f 3313/8/5 3310/8/5 3309/8/5
f 3313/6/5 3309/6/5 3312/6/5
f 3314/8/5 3310/8/5 3313/8/5
f 3320/7/5 3316/7/5 3315/7/5
f 3321/1/5 3317/1/5 3316/1/5
f 3321/7/5 3316/7/5 3320/7/5
f 3322/1/5 3317/1/5 3321/1/5
f 3324/4/5 3319/4/5 3318/4/5
f 3325/4/5 3319/4/5 3324/4/5
f 3328/7/5 3323/7/5 3322/7/5
f 3329/7/5 3323/7/5 3328/7/5
f 3334/4/5 3327/4/5 3326/4/5
f 3335/4/5 3327/4/5 3334/4/5
f 3336/4/5 3330/4/5 3329/4/5
f 3337/4/5 3330/4/5 3336/4/5
f 3338/3/5 3332/3/5 3331/3/5
f 3339/3/5 3332/3/5 3338/3/5
f 3340/6/5 3334/6/5 3333/6/5
f 3341/2/5 3335/2/5 3334/2/5
f 3341/6/5 3334/6/5 3340/6/5
f 3342/2/5 3335/2/5 3341/2/5
f 3347/8/5 3344/8/5 3343/8/5
f 3348/8/5 3344/8/5 3347/8/5
f 3349/7/5 3346/7/5 3345/7/5
f 3350/7/5 3346/7/5 3349/7/5
f 3353/8/5 3352/8/5 3351/8/5
f 3354/8/5 3352/8/5 3353/8/5
f 3363/6/5 3356/6/5 3355/6/5
f 3364/6/5 3356/6/5 3363/6/5
f 3365/8/5 3358/8/5 3357/8/5
f 3366/8/5 3358/8/5 3365/8/5
f 3367/3/5 3360/3/5 3359/3/5
f 3368/3/5 3360/3/5 3367/3/5
f 3369/8/5 3362/8/5 3361/8/5
f 3370/8/5 3362/8/5 3369/8/5
f 3371/4/5 3364/4/5 3363/4/5
f 3372/4/5 3364/4/5 3371/4/5
f 3381/7/5 3374/7/5 3373/7/5
f 3382/7/5 3374/7/5 3381/7/5
f 3383/4/5 3376/4/5 3375/4/5
f 3384/2/5 3377/2/5 3376/2/5
f 3384/4/5 3376/4/5 3383/4/5
f 3385/2/5 3377/2/5 3384/2/5
f 3386/5/5 3379/5/5 3378/5/5
f 3387/5/5 3379/5/5 3386/5/5
f 3388/7/5 3381/7/5 3380/7/5
f 3389/7/5 3381/7/5 3388/7/5
f 3390/5/5 3385/5/5 3384/5/5
f 3391/5/5 3385/5/5 3390/5/5
f 3392/7/5 3387/7/5 3386/7/5
f 3393/7/5 3387/7/5 3392/7/5
f 3394/3/5 3391/3/5 3390/3/5
f 3395/3/5 3391/3/5 3394/3/5
f 3401/7/5 3397/7/5 3396/7/5
f 3402/4/5 3398/4/5 3397/4/5
f 3402/7/5 3397/7/5 3401/7/5
f 3403/4/5 3398/4/5 3402/4/5
f 3404/2/5 3400/2/5 3399/2/5
f 3405/2/5 3400/2/5 3404/2/5
f 3406/5/5 3405/5/5 3404/5/5
f 3407/5/5 3405/5/5 3406/5/5
f 3408/11/6 3409/11/6 3426/11/6
f 3409/15/6 3410/15/6 3427/15/6
f 3426/11/6 3409/11/6 3427/11/6
f 3427/15/6 3410/15/6 3428/15/6
f 3410/14/6 3411/14/6 3429/14/6
f 3428/15/6 3410/15/6 3429/15/6
f 3411/12/6 3412/12/6 3430/12/6
f 3429/14/6 3411/14/6 3430/14/6
f 3412/16/6 3413/16/6 3431/16/6
f 3430/12/6 3412/12/6 3431/12/6
f 3413/12/6 3414/12/6 3432/12/6
f 3431/16/6 3413/16/6 3432/16/6
f 3414/16/6 3415/16/6 3433/16/6
f 3432/12/6 3414/12/6 3433/12/6
f 3415/14/6 3416/14/6 3434/14/6
f 3433/16/6 3415/16/6 3434/16/6
f 3416/10/6 3417/10/6 3435/10/6
f 3434/14/6 3416/14/6 3435/14/6
f 3417/12/6 3418/12/6 3436/12/6
f 3435/10/6 3417/10/6 3436/10/6
f 3418/9/6 3419/9/6 3437/9/6
f 3436/12/6 3418/12/6 3437/12/6
f 3419/13/6 3420/13/6 3438/13/6
f 3437/9/6 3419/9/6 3438/9/6
f 3420/16/6 3421/16/6 3439/16/6
f 3438/13/6 3420/13/6 3439/13/6
f 3421/12/6 3422/12/6 3440/12/6
f 3439/16/6 3421/16/6 3440/16/6
f 3422/9/6 3423/9/6 3441/9/6
f 3440/12/6 3422/12/6 3441/12/6
f 3423/14/6 3424/14/6 3442/14/6
f 3441/9/6 3423/9/6 3442/9/6
f 3424/12/6 3425/12/6 3443/12/6
f 3442/14/6 3424/14/6 3443/14/6
f 3443/12/6 3425/12/6 3444/12/6
f 3426/12/6 3427/12/6 3445/12/6
f 3427/10/6 3428/10/6 3446/10/6
f 3445/12/6 3427/12/6 3446/12/6
f 3428/9/6 3429/9/6 3447/9/6
f 3446/10/6 3428/10/6 3447/10/6
f 3429/14/6 3430/14/6 3448/14/6
f 3447/9/6 3429/9/6 3448/9/6
f 3430/11/6 3431/11/6 3449/11/6
f 3448/14/6 3430/14/6 3449/14/6
f 3431/15/6 3432/15/6 3450/15/6
f 3449/11/6 3431/11/6 3450/11/6
f 3432/15/6 3433/15/6 3450/15/6
f 3450/15/6 3433/15/6 3451/15/6
f 3433/11/6 3434/11/6 3452/11/6
f 3451/15/6 3433/15/6 3452/15/6
f 3434/10/6 3435/10/6 3453/10/6
f 3452/11/6 3434/11/6 3453/11/6
f 3435/15/6 3436/15/6 3454/15/6
f 3453/10/6 3435/10/6 3454/10/6
f 3436/11/6 3437/11/6 3455/11/6
f 3454/15/6 3436/15/6 3455/15/6
f 3437/15/6 3438/15/6 3456/15/6
f 3455/11/6 3437/11/6 3456/11/6
f 3438/10/6 3439/10/6 3457/10/6
f 3456/15/6 3438/15/6 3457/15/6
f 3439/14/6 3440/14/6 3458/14/6
f 3457/10/6 3439/10/6 3458/10/6
f 3440/13/6 3441/13/6 3459/13/6
f 3458/14/6 3440/14/6 3459/14/6
f 3441/12/6 3442/12/6 3460/12/6
f 3459/13/6 3441/13/6 3460/13/6
f 3442/10/6 3443/10/6 3461/10/6
f 3460/12/6 3442/12/6 3461/12/6
f 3443/13/6 3444/13/6 3462/13/6
f 3461/10/6 3443/10/6 3462/10/6
f 3462/13/6 3444/13/6 3463/13/6
f 3445/10/6 3446/10/6 3464/10/6
f 3446/12/6 3447/12/6 3465/12/6
f 3464/10/6 3446/10/6 3465/10/6
f 3447/9/6 3448/9/6 3466/9/6
f 3465/12/6 3447/12/6 3466/12/6
f 3448/13/6 3449/13/6 3467/13/6
f 3466/9/6 3448/9/6 3467/9/6
f 3449/16/6 3450/16/6 3468/16/6
f 3467/13/6 3449/13/6 3468/13/6
f 3450/12/6 3451/12/6 3469/12/6
f 3468/16/6 3450/16/6 3469/16/6
f 3451/9/6 3452/9/6 3470/9/6
f 3469/12/6 3451/12/6 3470/12/6
f 3452/14/6 3453/14/6 3471/14/6
f 3470/9/6 3452/9/6 3471/9/6
f 3453/12/6 3454/12/6 3472/12/6
f 3471/14/6 3453/14/6 3472/14/6
f 3472/12/6 3454/12/6 3473/12/6
f 3455/15/6 3456/15/6 3474/15/6
f 3456/11/6 3457/11/6 3475/11/6
f 3457/11/6 3458/11/6 3475/11/6
f 3474/15/6 3456/15/6 3475/15/6
f 3458/16/6 3459/16/6 3476/16/6
f 3475/11/6 3458/11/6 3476/11/6
f 3459/13/6 3460/13/6 3477/13/6
f 3476/16/6 3459/16/6 3477/16/6
f 3460/9/6 3461/9/6 3478/9/6
f 3477/13/6 3460/13/6 3478/13/6
f 3461/10/6 3462/10/6 3479/10/6
f 3478/9/6 3461/9/6 3479/9/6
f 3462/14/6 3463/14/6 3480/14/6
f 3479/10/6 3462/10/6 3480/10/6
f 3480/14/6 3463/14/6 3481/14/6
f 3464/15/6 3465/15/6 3482/15/6
f 3465/11/6 3466/11/6 3483/11/6
f 3482/15/6 3465/15/6 3483/15/6
f 3483/11/6 3466/11/6 3484/11/6
f 3467/14/6 3468/14/6 3485/14/6
f 3468/16/6 3469/16/6 3486/16/6
f 3469/16/6 3470/16/6 3486/16/6
f 3485/14/6 3468/14/6 3486/14/6
f 3486/16/6 3470/16/6 3487/16/6
f 3470/9/6 3471/9/6 3488/9/6
f 3487/16/6 3470/16/6 3488/16/6
f 3471/12/6 3472/12/6 3489/12/6
f 3488/9/6 3471/9/6 3489/9/6
f 3472/14/6 3473/14/6 3490/14/6
f 3489/12/6 3472/12/6 3490/12/6
f 3473/11/6 3474/11/6 3491/11/6
f 3490/14/6 3473/14/6 3491/14/6
f 3474/9/6 3475/9/6 3492/9/6
f 3491/11/6 3474/11/6 3492/11/6
f 3476/14/6 3477/14/6 3493/14/6
f 3492/9/6 3475/9/6 3493/9/6
f 3475/14/6 3476/14/6 3493/14/6
f 3493/14/6 3477/14/6 3494/14/6
f 3494/14/6 3477/14/6 3495/14/6
f 3477/11/6 3478/11/6 3496/11/6
f 3495/14/6 3477/14/6 3496/14/6
f 3496/11/6 3478/11/6 3497/11/6
f 3479/13/6 3480/13/6 3498/13/6
f 3480/12/6 3481/12/6 3499/12/6
f 3498/13/6 3480/13/6 3499/13/6
f 3499/12/6 3481/12/6 3500/12/6
f 3482/16/6 3483/16/6 3501/16/6
f 3483/12/6 3484/12/6 3502/12/6
f 3501/16/6 3483/16/6 3502/16/6
f 3484/9/6 3485/9/6 3503/9/6
f 3502/12/6 3484/12/6 3503/12/6
f 3485/14/6 3486/14/6 3504/14/6
f 3503/9/6 3485/9/6 3504/9/6
f 3486/12/6 3487/12/6 3505/12/6
f 3504/14/6 3486/14/6 3505/14/6
f 3487/10/6 3488/10/6 3506/10/6
f 3505/12/6 3487/12/6 3506/12/6
f 3488/15/6 3489/15/6 3507/15/6
f 3506/10/6 3488/10/6 3507/10/6
f 3490/11/6 3491/11/6 3508/11/6
f 3507/15/6 3489/15/6 3508/15/6
f 3489/11/6 3490/11/6 3508/11/6
f 3508/11/6 3491/11/6 3509/11/6
f 3491/16/6 3492/16/6 3510/16/6
f 3509/11/6 3491/11/6 3510/11/6
f 3492/13/6 3493/13/6 3511/13/6
f 3510/16/6 3492/16/6 3511/16/6
f 3493/9/6 3494/9/6 3512/9/6
f 3511/13/6 3493/13/6 3512/13/6
f 3494/10/6 3495/10/6 3513/10/6
f 3512/9/6 3494/9/6 3513/9/6
f 3495/14/6 3496/14/6 3514/14/6
f 3513/10/6 3495/10/6 3514/10/6
f 3496/10/6 3497/10/6 3515/10/6
f 3514/14/6 3496/14/6 3515/14/6
f 3497/9/6 3498/9/6 3516/9/6
f 3515/10/6 3497/10/6 3516/10/6
f 3498/12/6 3499/12/6 3517/12/6
f 3516/9/6 3498/9/6 3517/9/6
f 3499/10/6 3500/10/6 3518/10/6
f 3517/12/6 3499/12/6 3518/12/6
f 3518/10/6 3500/10/6 3519/10/6
f 3501/15/6 3502/15/6 3520/15/6
f 3502/10/6 3503/10/6 3521/10/6
f 3520/15/6 3502/15/6 3521/15/6
f 3503/14/6 3504/14/6 3522/14/6
f 3521/10/6 3503/10/6 3522/10/6
f 3504/10/6 3505/10/6 3523/10/6
f 3522/14/6 3504/14/6 3523/14/6
f 3505/9/6 3506/9/6 3524/9/6
f 3523/10/6 3505/10/6 3524/10/6
f 3506/15/6 3507/15/6 3525/15/6
f 3524/9/6 3506/9/6 3525/9/6
f 3507/9/6 3508/9/6 3526/9/6
f 3525/15/6 3507/15/6 3526/15/6
f 3508/15/6 3509/15/6 3527/15/6
f 3526/9/6 3508/9/6 3527/9/6
f 3509/16/6 3510/16/6 3528/16/6
f 3527/15/6 3509/15/6 3528/15/6
f 3510/10/6 3511/10/6 3529/10/6
f 3528/16/6 3510/16/6 3529/16/6
f 3511/9/6 3512/9/6 3530/9/6
f 3529/10/6 3511/10/6 3530/10/6
f 3512/14/6 3513/14/6 3531/14/6
f 3530/9/6 3512/9/6 3531/9/6
f 3513/11/6 3514/11/6 3532/11/6
f 3531/14/6 3513/14/6 3532/14/6
f 3514/16/6 3515/16/6 3533/16/6
f 3532/11/6 3514/11/6 3533/11/6
f 3515/16/6 3516/16/6 3533/16/6
f 3516/9/6 3517/9/6 3534/9/6
f 3533/16/6 3516/16/6 3534/16/6
f 3517/11/6 3518/11/6 3535/11/6
f 3534/9/6 3517/9/6 3535/9/6
f 3518/15/6 3519/15/6 3536/15/6
f 3535/11/6 3518/11/6 3536/11/6
f 3536/15/6 3519/15/6 3537/15/6
f 3538/25/6 3539/25/6 3540/25/6
f 3540/25/6 3539/25/6 3541/25/6
f 3541/25/6 3539/25/6 3542/25/6
f 3542/25/6 3539/25/6 3543/25/6
f 3538/25/6 3540/25/6 3544/25/6
f 3538/25/6 3544/25/6 3545/25/6
f 3545/25/6 3544/25/6 3546/25/6
f 3543/25/6 3539/25/6 3547/25/6
f 3547/25/6 3539/25/6 3548/25/6
f 3551/25/6 3552/25/6 3553/25/6
f 3549/25/6 3550/25/6 3554/25/6
f 3553/25/6 3552/25/6 3561/25/6
f 3549/25/6 3554/25/6 3562/25/6
f 3554/25/6 3555/25/6 3562/25/6
f 3555/25/6 3556/25/6 3562/25/6
f 3562/25/6 3556/25/6 3563/25/6
f 3559/25/6 3560/25/6 3564/25/6
f 3560/25/6 3561/25/6 3564/25/6
f 3557/25/6 3558/25/6 3564/25/6
f 3558/25/6 3559/25/6 3564/25/6
f 3561/25/6 3552/25/6 3565/25/6
f 3564/25/6 3561/25/6 3565/25/6
f 3566/1/6 3567/1/6 3571/1/6
f 3571/1/6 3567/1/6 3572/1/6
f 3568/4/6 3569/4/6 3576/4/6
f 3569/6/6 3570/6/6 3577/6/6
f 3576/4/6 3569/4/6 3577/4/6
f 3577/6/6 3570/6/6 3578/6/6
f 3571/6/6 3572/6/6 3579/6/6
f 3572/6/6 3573/6/6 3579/6/6
f 3579/6/6 3573/6/6 3580/6/6
f 3580/6/6 3573/6/6 3581/6/6
f 3574/3/6 3575/3/6 3583/3/6
f 3583/3/6 3575/3/6 3584/3/6
f 3580/1/6 3581/1/6 3589/1/6
f 3589/1/6 3581/1/6 3590/1/6
f 3582/6/6 3583/6/6 3593/6/6
f 3583/6/6 3584/6/6 3593/6/6
f 3593/6/6 3584/6/6 3594/6/6
f 3585/7/6 3586/7/6 3596/7/6
f 3596/7/6 3586/7/6 3597/7/6
f 3587/7/6 3588/7/6 3598/7/6
f 3598/7/6 3588/7/6 3599/7/6
f 3590/3/6 3591/3/6 3600/3/6
f 3591/6/6 3592/6/6 3601/6/6
f 3600/3/6 3591/3/6 3601/3/6
f 3601/6/6 3592/6/6 3602/6/6
f 3594/5/6 3595/5/6 3603/5/6
f 3603/5/6 3595/5/6 3604/5/6
f 3600/8/6 3601/8/6 3609/8/6
f 3609/8/6 3601/8/6 3610/8/6
f 3603/7/6 3604/7/6 3611/7/6
f 3604/8/6 3605/8/6 3612/8/6
f 3611/7/6 3604/7/6 3612/7/6
f 3612/8/6 3605/8/6 3613/8/6
f 3606/3/6 3607/3/6 3614/3/6
f 3607/2/6 3608/2/6 3615/2/6
f 3614/3/6 3607/3/6 3615/3/6
f 3615/2/6 3608/2/6 3616/2/6
f 3612/2/6 3613/2/6 3617/2/6
f 3617/2/6 3613/2/6 3618/2/6
f 3619/6/6 3620/6/6 3625/6/6
f 3625/6/6 3620/6/6 3626/6/6
f 3621/7/6 3622/7/6 3627/7/6
f 3627/7/6 3622/7/6 3628/7/6
f 3623/7/6 3624/7/6 3632/7/6
f 3628/1/6 3629/1/6 3636/1/6
f 3636/1/6 3629/1/6 3637/1/6
f 3630/2/6 3631/2/6 3638/2/6
f 3638/2/6 3631/2/6 3639/2/6
f 3623/7/6 3632/7/6 3640/7/6
f 3640/7/6 3632/7/6 3641/7/6
f 3633/4/6 3634/4/6 3643/4/6
f 3634/3/6 3635/3/6 3644/3/6
f 3643/4/6 3634/4/6 3644/4/6
f 3644/3/6 3635/3/6 3645/3/6
f 3642/3/6 3643/3/6 3648/3/6
f 3643/6/6 3644/6/6 3649/6/6
f 3648/3/6 3643/3/6 3649/3/6
f 3649/6/6 3644/6/6 3650/6/6
f 3646/5/6 3647/5/6 3655/5/6
f 3647/6/6 3648/6/6 3656/6/6
f 3655/5/6 3647/5/6 3656/5/6
f 3656/6/6 3648/6/6 3657/6/6
f 3651/1/6 3652/1/6 3658/1/6
f 3658/1/6 3652/1/6 3659/1/6
f 3653/1/6 3654/1/6 3660/1/6
f 3660/1/6 3654/1/6 3661/1/6
f 3656/5/6 3657/5/6 3663/5/6
f 3663/5/6 3657/5/6 3664/5/6
f 3661/3/6 3662/3/6 3665/3/6
f 3665/3/6 3662/3/6 3666/3/6
f 3667/4/6 3668/4/6 3673/4/6
f 3673/4/6 3668/4/6 3674/4/6
f 3669/5/6 3670/5/6 3677/5/6
f 3677/5/6 3670/5/6 3678/5/6
f 3671/1/6 3672/1/6 3681/1/6
f 3681/1/6 3672/1/6 3682/1/6
f 3675/3/6 3676/3/6 3683/3/6
f 3683/3/6 3676/3/6 3684/3/6
f 3679/8/6 3680/8/6 3687/8/6
f 3687/8/6 3680/8/6 3688/8/6
f 3681/7/6 3682/7/6 3691/7/6
f 3691/7/6 3682/7/6 3692/7/6
f 3685/5/6 3686/5/6 3695/5/6
f 3695/5/6 3686/5/6 3696/5/6
f 3688/7/6 3689/7/6 3698/7/6
f 3698/7/6 3689/7/6 3699/7/6
f 3690/2/6 3691/2/6 3701/2/6
f 3701/2/6 3691/2/6 3702/2/6
f 3692/8/6 3693/8/6 3703/8/6
f 3703/8/6 3693/8/6 3704/8/6
f 3694/1/6 3695/1/6 3705/1/6
f 3705/1/6 3695/1/6 3706/1/6
f 3697/6/6 3698/6/6 3707/6/6
f 3707/6/6 3698/6/6 3708/6/6
f 3699/5/6 3700/5/6 3709/5/6
f 3709/5/6 3700/5/6 3710/5/6
f 3702/3/6 3703/3/6 3711/3/6
f 3711/3/6 3703/3/6 3712/3/6
f 3708/7/6 3709/7/6 3716/7/6
f 3716/7/6 3709/7/6 3717/7/6
f 3712/6/6 3713/6/6 3718/6/6
f 3718/6/6 3713/6/6 3719/6/6
f 3714/3/6 3715/3/6 3720/3/6
f 3720/3/6 3715/3/6 3721/3/6
f 3716/5/6 3717/5/6 3724/5/6
f 3724/5/6 3717/5/6 3725/5/6
f 3722/4/6 3723/4/6 3726/4/6
f 3726/4/6 3723/4/6 3727/4/6
f 3728/4/6 3729/4/6 3730/4/6
f 3730/4/6 3729/4/6 3731/4/6
f 3732/8/6 3733/8/6 3738/8/6
f 3738/8/6 3733/8/6 3739/8/6
f 3734/7/6 3735/7/6 3740/7/6
f 3740/7/6 3735/7/6 3741/7/6
f 3736/3/6 3737/3/6 3742/3/6
f 3742/3/6 3737/3/6 3743/3/6
f 3744/5/6 3745/5/6 3750/5/6
f 3750/5/6 3745/5/6 3751/5/6
f 3746/5/6 3747/5/6 3752/5/6
f 3752/5/6 3747/5/6 3753/5/6
f 3748/2/6 3749/2/6 3758/2/6
f 3749/4/6 3750/4/6 3759/4/6
f 3758/2/6 3749/2/6 3759/2/6
f 3759/4/6 3750/4/6 3760/4/6
f 3751/4/6 3752/4/6 3761/4/6
f 3761/4/6 3752/4/6 3762/4/6
f 3754/6/6 3755/6/6 3763/6/6
f 3763/6/6 3755/6/6 3764/6/6
f 3756/1/6 3757/1/6 3765/1/6
f 3765/1/6 3757/1/6 3766/1/6
f 3760/8/6 3761/8/6 3767/8/6
f 3767/8/6 3761/8/6 3768/8/6
f 3769/3/6 3770/3/6 3780/3/6
f 3780/3/6 3770/3/6 3781/3/6
f 3771/8/6 3772/8/6 3782/8/6
f 3782/8/6 3772/8/6 3783/8/6
f 3773/2/6 3774/2/6 3784/2/6
f 3784/2/6 3774/2/6 3785/2/6
f 3775/8/6 3776/8/6 3786/8/6
f 3776/7/6 3777/7/6 3787/7/6
f 3786/8/6 3776/8/6 3787/8/6
f 3787/7/6 3777/7/6 3788/7/6
f 3778/1/6 3779/1/6 3789/1/6
f 3789/1/6 3779/1/6 3790/1/6
f 3789/8/6 3790/8/6 3797/8/6
f 3797/8/6 3790/8/6 3798/8/6
f 3791/3/6 3792/3/6 3799/3/6
f 3799/3/6 3792/3/6 3800/3/6
f 3793/1/6 3794/1/6 3801/1/6
f 3801/1/6 3794/1/6 3802/1/6
f 3795/5/6 3796/5/6 3803/5/6
f 3803/5/6 3796/5/6 3804/5/6
f 3803/3/6 3804/3/6 3810/3/6
f 3810/3/6 3804/3/6 3811/3/6
f 3805/4/6 3806/4/6 3812/4/6
f 3806/5/6 3807/5/6 3813/5/6
f 3812/4/6 3806/4/6 3813/4/6
f 3813/5/6 3807/5/6 3814/5/6
f 3808/3/6 3809/3/6 3815/3/6
f 3815/3/6 3809/3/6 3816/3/6
f 3817/1/6 3818/1/6 3823/1/6
f 3823/1/6 3818/1/6 3824/1/6
f 3819/4/6 3820/4/6 3825/4/6
f 3825/4/6 3820/4/6 3826/4/6
f 3821/4/6 3822/4/6 3827/4/6
f 3827/4/6 3822/4/6 3828/4/6
f 3829/7/6 3830/7/6 3837/7/6
f 3837/7/6 3830/7/6 3838/7/6
f 3831/1/6 3832/1/6 3839/1/6
f 3839/1/6 3832/1/6 3840/1/6
f 3833/3/6 3834/3/6 3841/3/6
f 3841/3/6 3834/3/6 3842/3/6
f 3835/3/6 3836/3/6 3843/3/6
f 3843/3/6 3836/3/6 3844/3/6
f 3839/8/6 3840/8/6 3852/8/6
f 3852/8/6 3840/8/6 3853/8/6
f 3845/6/6 3846/6/6 3854/6/6
f 3854/6/6 3846/6/6 3855/6/6
f 3847/1/6 3848/1/6 3856/1/6
f 3856/1/6 3848/1/6 3857/1/6
f 3849/2/6 3850/2/6 3858/2/6
f 3850/4/6 3851/4/6 3859/4/6
f 3858/2/6 3850/2/6 3859/2/6
f 3859/4/6 3851/4/6 3860/4/6
f 3861/3/6 3862/3/6 3865/3/6
f 3865/3/6 3862/3/6 3866/3/6
f 3863/1/6 3864/1/6 3867/1/6
f 3867/1/6 3864/1/6 3868/1/6
f 3869/2/6 3870/2/6 3873/2/6
f 3873/2/6 3870/2/6 3874/2/6
f 3871/8/6 3872/8/6 3877/8/6
f 3877/8/6 3872/8/6 3878/8/6
f 3875/5/6 3876/5/6 3879/5/6
f 3879/5/6 3876/5/6 3880/5/6
f 3880/5/6 3876/5/6 3881/5/6
f 3879/3/6 3880/3/6 3892/3/6
f 3892/3/6 3880/3/6 3893/3/6
f 3882/5/6 3883/5/6 3897/5/6
f 3883/8/6 3884/8/6 3898/8/6
f 3897/5/6 3883/5/6 3898/5/6
f 3898/8/6 3884/8/6 3899/8/6
f 3885/1/6 3886/1/6 3901/1/6
f 3901/1/6 3886/1/6 3902/1/6
f 3887/8/6 3888/8/6 3903/8/6
f 3903/8/6 3888/8/6 3904/8/6
f 3889/6/6 3890/6/6 3905/6/6
f 3905/6/6 3890/6/6 3906/6/6
f 3891/2/6 3892/2/6 3907/2/6
f 3907/2/6 3892/2/6 3908/2/6
f 3894/3/6 3895/3/6 3909/3/6
f 3895/1/6 3896/1/6 3910/1/6
f 3909/3/6 3895/3/6 3910/3/6
f 3910/1/6 3896/1/6 3911/1/6
f 3900/4/6 3901/4/6 3913/4/6
f 3913/4/6 3901/4/6 3914/4/6
f 3912/4/6 3913/4/6 3915/4/6
f 3913/3/6 3914/3/6 3916/3/6
f 3915/4/6 3913/4/6 3916/4/6
f 3916/3/6 3914/3/6 3917/3/6
f 3918/5/6 3919/5/6 3920/5/6
f 3920/5/6 3919/5/6 3921/5/6
f 3921/3/6 3922/3/6 3926/3/6
f 3922/1/6 3923/1/6 3927/1/6
f 3926/3/6 3922/3/6 3927/3/6
f 3927/1/6 3923/1/6 3928/1/6
f 3924/5/6 3925/5/6 3929/5/6
f 3929/5/6 3925/5/6 3930/5/6
f 3927/2/6 3928/2/6 3933/2/6
f 3933/2/6 3928/2/6 3934/2/6
f 3931/4/6 3932/4/6 3935/4/6
f 3935/4/6 3932/4/6 3936/4/6
f 3935/6/6 3936/6/6 3939/6/6
f 3939/6/6 3936/6/6 3940/6/6
f 3937/5/6 3938/5/6 3941/5/6
f 3941/5/6 3938/5/6 3942/5/6
f 3943/6/6 3944/6/6 3945/6/6
f 3945/6/6 3944/6/6 3946/6/6
f 3947/2/6 3948/2/6 3952/2/6
f 3948/3/6 3949/3/6 3953/3/6
f 3952/2/6 3948/2/6 3953/2/6
f 3953/3/6 3949/3/6 3954/3/6
f 3950/3/6 3951/3/6 3955/3/6
f 3955/3/6 3951/3/6 3956/3/6
f 3952/7/6 3953/7/6 3961/7/6
f 3961/7/6 3953/7/6 3962/7/6
f 3957/6/6 3958/6/6 3965/6/6
f 3965/6/6 3958/6/6 3966/6/6
f 3959/3/6 3960/3/6 3967/3/6
f 3967/3/6 3960/3/6 3968/3/6
f 3963/3/6 3964/3/6 3972/3/6
f 3972/3/6 3964/3/6 3973/3/6
f 3969/7/6 3970/7/6 3974/7/6
f 3974/7/6 3970/7/6 3975/7/6
f 3971/3/6 3972/3/6 3976/3/6
f 3972/6/6 3973/6/6 3977/6/6
f 3976/3/6 3972/3/6 3977/3/6
f 3977/6/6 3973/6/6 3978/6/6
f 3979/3/6 3980/3/6 3985/3/6
f 3980/8/6 3981/8/6 3986/8/6
f 3985/3/6 3980/3/6 3986/3/6
f 3981/4/6 3982/4/6 3987/4/6
f 3986/8/6 3981/8/6 3987/8/6
f 3987/4/6 3982/4/6 3988/4/6
f 3983/4/6 3984/4/6 3989/4/6
f 3989/4/6 3984/4/6 3990/4/6
f 3991/6/6 3992/6/6 3998/6/6
f 3998/6/6 3992/6/6 3999/6/6
f 3993/8/6 3994/8/6 4002/8/6
f 4002/8/6 3994/8/6 4003/8/6
f 3995/4/6 3996/4/6 4004/4/6
f 3996/1/6 3997/1/6 4005/1/6
f 4004/4/6 3996/4/6 4005/4/6
f 4005/1/6 3997/1/6 4006/1/6
f 4000/3/6 4001/3/6 4007/3/6
f 4007/3/6 4001/3/6 4008/3/6
f 4005/8/6 4006/8/6 4013/8/6
f 4013/8/6 4006/8/6 4014/8/6
f 4009/7/6 4010/7/6 4017/7/6
f 4017/7/6 4010/7/6 4018/7/6
f 4011/4/6 4012/4/6 4021/4/6
f 4021/4/6 4012/4/6 4022/4/6
f 4015/8/6 4016/8/6 4023/8/6
f 4023/8/6 4016/8/6 4024/8/6
f 4019/5/6 4020/5/6 4025/5/6
f 4025/5/6 4020/5/6 4026/5/6
f 4027/1/6 4028/1/6 4031/1/6
f 4028/7/6 4029/7/6 4032/7/6
f 4031/1/6 4028/1/6 4032/1/6
f 4029/1/6 4030/1/6 4033/1/6
f 4032/7/6 4029/7/6 4033/7/6
f 4033/1/6 4030/1/6 4034/1/6
f 4035/4/6 4036/4/6 4044/4/6
f 4044/4/6 4036/4/6 4045/4/6
f 4037/6/6 4038/6/6 4046/6/6
f 4038/4/6 4039/4/6 4047/4/6
f 4046/6/6 4038/6/6 4047/6/6
f 4047/4/6 4039/4/6 4048/4/6
f 4040/6/6 4041/6/6 4050/6/6
f 4050/6/6 4041/6/6 4051/6/6
f 4042/5/6 4043/5/6 4052/5/6
f 4052/5/6 4043/5/6 4053/5/6
f 4044/8/6 4045/8/6 4054/8/6
f 4054/8/6 4045/8/6 4055/8/6
f 4048/5/6 4049/5/6 4061/5/6
f 4061/5/6 4049/5/6 4062/5/6
f 4050/7/6 4051/7/6 4064/7/6
f 4064/7/6 4051/7/6 4065/7/6
f 4056/2/6 4057/2/6 4068/2/6
f 4068/2/6 4057/2/6 4069/2/6
f 4058/7/6 4059/7/6 4071/7/6
f 4059/8/6 4060/8/6 4072/8/6
f 4071/7/6 4059/7/6 4072/7/6
f 4072/8/6 4060/8/6 4073/8/6
f 4062/7/6 4063/7/6 4074/7/6
f 4074/7/6 4063/7/6 4075/7/6
f 4064/8/6 4065/8/6 4076/8/6
f 4076/8/6 4065/8/6 4077/8/6
f 4066/4/6 4067/4/6 4078/4/6
f 4078/4/6 4067/4/6 4079/4/6
f 4068/3/6 4069/3/6 4082/3/6
f 4069/6/6 4070/6/6 4083/6/6
f 4082/3/6 4069/3/6 4083/3/6
f 4083/6/6 4070/6/6 4084/6/6
f 4072/1/6 4073/1/6 4085/1/6
f 4085/1/6 4073/1/6 4086/1/6
f 4079/7/6 4080/7/6 4093/7/6
f 4093/7/6 4080/7/6 4094/7/6
f 4081/5/6 4082/5/6 4095/5/6
f 4095/5/6 4082/5/6 4096/5/6
f 4087/6/6 4088/6/6 4097/6/6
f 4097/6/6 4088/6/6 4098/6/6
f 4089/4/6 4090/4/6 4099/4/6
f 4099/4/6 4090/4/6 4100/4/6
f 4091/6/6 4092/6/6 4101/6/6
f 4101/6/6 4092/6/6 4102/6/6
f 4094/5/6 4095/5/6 4103/5/6
f 4095/7/6 4096/7/6 4104/7/6
f 4103/5/6 4095/5/6 4104/5/6
f 4104/7/6 4096/7/6 4105/7/6
f 4097/5/6 4098/5/6 4106/5/6
f 4106/5/6 4098/5/6 4107/5/6
f 4108/3/6 4109/3/6 4111/3/6
f 4111/3/6 4109/3/6 4112/3/6
f 4110/4/6 4111/4/6 4116/4/6
f 4116/4/6 4111/4/6 4117/4/6
f 4113/6/6 4114/6/6 4125/6/6
f 4125/6/6 4114/6/6 4126/6/6
f 4115/2/6 4116/2/6 4127/2/6
f 4127/2/6 4116/2/6 4128/2/6
f 4118/6/6 4119/6/6 4130/6/6
f 4119/8/6 4120/8/6 4131/8/6
f 4130/6/6 4119/6/6 4131/6/6
f 4131/8/6 4120/8/6 4132/8/6
f 4121/5/6 4122/5/6 4133/5/6
f 4133/5/6 4122/5/6 4134/5/6
f 4123/3/6 4124/3/6 4135/3/6
f 4135/3/6 4124/3/6 4136/3/6
f 4127/4/6 4128/4/6 4139/4/6
f 4128/3/6 4129/3/6 4140/3/6
f 4139/4/6 4128/4/6 4140/4/6
f 4140/3/6 4129/3/6 4141/3/6
f 4137/8/6 4138/8/6 4144/8/6
f 4144/8/6 4138/8/6 4145/8/6
f 4141/2/6 4142/2/6 4146/2/6
f 4142/7/6 4143/7/6 4147/7/6
f 4146/2/6 4142/2/6 4147/2/6
f 4147/7/6 4143/7/6 4148/7/6
f 4146/4/6 4147/4/6 4149/4/6
f 4149/4/6 4147/4/6 4150/4/6
f 4151/7/6 4152/7/6 4155/7/6
f 4155/7/6 4152/7/6 4156/7/6
f 4153/8/6 4154/8/6 4159/8/6
f 4159/8/6 4154/8/6 4160/8/6
f 4157/7/6 4158/7/6 4163/7/6
f 4163/7/6 4158/7/6 4164/7/6
f 4161/4/6 4162/4/6 4171/4/6
f 4171/4/6 4162/4/6 4172/4/6
f 4164/4/6 4165/4/6 4173/4/6
f 4173/4/6 4165/4/6 4174/4/6
f 4166/5/6 4167/5/6 4175/5/6
f 4175/5/6 4167/5/6 4176/5/6
f 4168/3/6 4169/3/6 4177/3/6
f 4177/3/6 4169/3/6 4178/3/6
f 4170/6/6 4171/6/6 4179/6/6
f 4171/2/6 4172/2/6 4180/2/6
f 4179/6/6 4171/6/6 4180/6/6
f 4180/2/6 4172/2/6 4181/2/6
f 4182/8/6 4183/8/6 4184/8/6
f 4184/8/6 4183/8/6 4185/8/6
f 4186/8/6 4187/8/6 4190/8/6
f 4190/8/6 4187/8/6 4191/8/6
f 4188/3/6 4189/3/6 4196/3/6
f 4196/3/6 4189/3/6 4197/3/6
f 4192/6/6 4193/6/6 4202/6/6
f 4193/3/6 4194/3/6 4203/3/6
f 4202/6/6 4193/6/6 4203/6/6
f 4203/3/6 4194/3/6 4204/3/6
f 4195/8/6 4196/8/6 4205/8/6
f 4196/1/6 4197/1/6 4206/1/6
f 4205/8/6 4196/8/6 4206/8/6
f 4206/1/6 4197/1/6 4207/1/6
f 4198/3/6 4199/3/6 4209/3/6
f 4209/3/6 4199/3/6 4210/3/6
f 4200/8/6 4201/8/6 4211/8/6
f 4211/8/6 4201/8/6 4212/8/6
f 4203/4/6 4204/4/6 4214/4/6
f 4214/4/6 4204/4/6 4215/4/6
f 4205/7/6 4206/7/6 4218/7/6
f 4218/7/6 4206/7/6 4219/7/6
f 4207/7/6 4208/7/6 4220/7/6
f 4220/7/6 4208/7/6 4221/7/6
f 4213/1/6 4214/1/6 4224/1/6
f 4224/1/6 4214/1/6 4225/1/6
f 4215/2/6 4216/2/6 4226/2/6
f 4216/7/6 4217/7/6 4227/7/6
f 4226/2/6 4216/2/6 4227/2/6
f 4227/7/6 4217/7/6 4228/7/6
f 4218/4/6 4219/4/6 4229/4/6
f 4219/5/6 4220/5/6 4230/5/6
f 4229/4/6 4219/4/6 4230/4/6
f 4230/5/6 4220/5/6 4231/5/6
f 4222/4/6 4223/4/6 4232/4/6
f 4232/4/6 4223/4/6 4233/4/6
f 4225/6/6 4226/6/6 4236/6/6
f 4226/7/6 4227/7/6 4237/7/6
f 4236/6/6 4226/6/6 4237/6/6
f 4237/7/6 4227/7/6 4238/7/6
f 4233/5/6 4234/5/6 4239/5/6
f 4239/5/6 4234/5/6 4240/5/6
f 4235/7/6 4236/7/6 4241/7/6
f 4236/6/6 4237/6/6 4242/6/6
f 4241/7/6 4236/7/6 4242/7/6
f 4242/6/6 4237/6/6 4243/6/6
f 4239/3/6 4240/3/6 4244/3/6
f 4244/3/6 4240/3/6 4245/3/6
f 4246/4/6 4247/4/6 4249/4/6
f 4249/4/6 4247/4/6 4250/4/6
f 4248/6/6 4249/6/6 4257/6/6
f 4257/6/6 4249/6/6 4258/6/6
f 4250/3/6 4251/3/6 4259/3/6
f 4259/3/6 4251/3/6 4260/3/6
f 4252/3/6 4253/3/6 4261/3/6
f 4261/3/6 4253/3/6 4262/3/6
f 4254/1/6 4255/1/6 4264/1/6
f 4264/1/6 4255/1/6 4265/1/6
f 4256/7/6 4257/7/6 4266/7/6
f 4257/4/6 4258/4/6 4267/4/6
f 4266/7/6 4257/7/6 4267/7/6
f 4258/4/6 4259/4/6 4267/4/6
f 4267/4/6 4259/4/6 4268/4/6
f 4259/2/6 4260/2/6 4269/2/6
f 4268/4/6 4259/4/6 4269/4/6
f 4269/2/6 4260/2/6 4270/2/6
f 4262/5/6 4263/5/6 4272/5/6
f 4272/5/6 4263/5/6 4273/5/6
f 4268/1/6 4269/1/6 4274/1/6
f 4269/5/6 4270/5/6 4275/5/6
f 4274/1/6 4269/1/6 4275/1/6
f 4275/5/6 4270/5/6 4276/5/6
f 4271/7/6 4272/7/6 4277/7/6
f 4277/7/6 4272/7/6 4278/7/6
f 4279/8/6 4280/8/6 4281/8/6
f 4281/8/6 4280/8/6 4282/8/6
