# MagicaVoxel @ Ephtracy

# group
o 

# material
mtllib Plane_03.mtl
usemtl palette

# normals
vn -1 0 0
vn 1 0 0
vn 0 0 1
vn 0 0 -1
vn 0 -1 0
vn 0 1 0

# texcoords
vt 0.751953 0.5
vt 0.783203 0.5
vt 0.787109 0.5
vt 0.814453 0.5
vt 0.818359 0.5
vt 0.822266 0.5
vt 0.845703 0.5
vt 0.876953 0.5
vt 0.880859 0.5
vt 0.884766 0.5
vt 0.888672 0.5
vt 0.892578 0.5
vt 0.896484 0.5
vt 0.908203 0.5
vt 0.912109 0.5
vt 0.916016 0.5

# verts
v 0 1.4 -0.8
v 0 1.4 -0.9
v 0 1.4 -1.3
v 0 1.4 -1.7
v 0 1.4 -1.8
v 0 1.4 -2.2
v 0 1.4 -2.6
v 0 1.4 -2.8
v 0 1.4 -4.9
v 0 1.4 -5.1
v 0 1.4 -5.5
v 0 1.4 -5.9
v 0 1.4 -6
v 0 1.4 -6.4
v 0 1.4 -6.8
v 0 1.4 -6.9
v 0 1.5 -0.8
v 0 1.5 -0.9
v 0 1.5 -1.2
v 0 1.5 -1.3
v 0 1.5 -2.2
v 0 1.5 -2.6
v 0 1.5 -2.8
v 0 1.5 -4.9
v 0 1.5 -5.1
v 0 1.5 -5.5
v 0 1.5 -6.4
v 0 1.5 -6.5
v 0 1.5 -6.8
v 0 1.5 -6.9
v 0 1.6 -0.8
v 0 1.6 -0.9
v 0 1.6 -1.2
v 0 1.6 -6.5
v 0 1.6 -6.8
v 0 1.6 -6.9
v 0 2 -1.7
v 0 2 -1.8
v 0 2 -5.9
v 0 2 -6
v 0 2.1 -1.7
v 0 2.1 -1.8
v 0 2.1 -5.9
v 0 2.1 -6
v 0.1 1.4 -0.7
v 0.1 1.4 -0.8
v 0.1 1.4 -6.9
v 0.1 1.4 -7
v 0.1 1.5 -0.7
v 0.1 1.5 -0.8
v 0.1 1.5 -6.9
v 0.1 1.5 -7
v 0.2 1.4 -1.3
v 0.2 1.4 -1.7
v 0.2 1.4 -1.8
v 0.2 1.4 -2.2
v 0.2 1.4 -5.5
v 0.2 1.4 -5.9
v 0.2 1.4 -6
v 0.2 1.4 -6.4
v 0.2 1.5 -1.3
v 0.2 1.5 -1.7
v 0.2 1.5 -1.8
v 0.2 1.5 -2.2
v 0.2 1.5 -5.5
v 0.2 1.5 -5.9
v 0.2 1.5 -6
v 0.2 1.5 -6.4
v 0.6 1.6 -1.8
v 0.6 1.6 -1.9
v 0.6 1.6 -6
v 0.6 1.6 -6.1
v 0.6 1.7 -1.8
v 0.6 1.7 -1.9
v 0.6 1.7 -6
v 0.6 1.7 -6.1
v 0.8 1.3 -1.7
v 0.8 1.3 -1.9
v 0.8 1.3 -5.9
v 0.8 1.3 -6.1
v 0.8 1.4 -1.7
v 0.8 1.4 -1.9
v 0.8 1.4 -5.9
v 0.8 1.4 -6.1
v 0.8 1.5 -1.8
v 0.8 1.5 -1.9
v 0.8 1.5 -6
v 0.8 1.5 -6.1
v 0.8 1.6 -1.8
v 0.8 1.6 -1.9
v 0.8 1.6 -6
v 0.8 1.6 -6.1
v 1.2 1.2 -1.7
v 1.2 1.2 -1.9
v 1.2 1.2 -5.9
v 1.2 1.2 -6.1
v 1.2 1.3 -1.7
v 1.2 1.3 -1.9
v 1.2 1.3 -5.9
v 1.2 1.3 -6.1
v 1.2 1.4 -1.6
v 1.2 1.4 -1.7
v 1.2 1.4 -1.9
v 1.2 1.4 -2
v 1.2 1.4 -5.8
v 1.2 1.4 -5.9
v 1.2 1.4 -6.1
v 1.2 1.4 -6.2
v 1.2 1.6 -1.6
v 1.2 1.6 -1.7
v 1.2 1.6 -5.8
v 1.2 1.6 -5.9
v 1.2 1.7 -1.6
v 1.2 1.7 -1.7
v 1.2 1.7 -1.9
v 1.2 1.7 -2
v 1.2 1.7 -5.8
v 1.2 1.7 -5.9
v 1.2 1.7 -6.1
v 1.2 1.7 -6.2
v 1.6 1.4 -1.5
v 1.6 1.4 -1.6
v 1.6 1.4 -2
v 1.6 1.4 -2.1
v 1.6 1.4 -5.7
v 1.6 1.4 -5.8
v 1.6 1.4 -6.2
v 1.6 1.4 -6.3
v 1.6 1.6 -1.5
v 1.6 1.6 -1.6
v 1.6 1.6 -2
v 1.6 1.6 -2.1
v 1.6 1.6 -5.7
v 1.6 1.6 -5.8
v 1.6 1.6 -6.2
v 1.6 1.6 -6.3
v 1.7 0.9 -1.7
v 1.7 0.9 -1.8
v 1.7 0.9 -5.9
v 1.7 0.9 -6
v 1.7 1.2 -1.7
v 1.7 1.2 -1.8
v 1.7 1.2 -5.9
v 1.7 1.2 -6
v 1.8 1 -1.6
v 1.8 1 -1.7
v 1.8 1 -1.8
v 1.8 1 -1.9
v 1.8 1 -5.8
v 1.8 1 -5.9
v 1.8 1 -6
v 1.8 1 -6.1
v 1.8 1.1 -1.6
v 1.8 1.1 -1.7
v 1.8 1.1 -1.8
v 1.8 1.1 -1.9
v 1.8 1.1 -5.8
v 1.8 1.1 -5.9
v 1.8 1.1 -6
v 1.8 1.1 -6.1
v 2 1.1 -1.8
v 2 1.1 -1.9
v 2 1.1 -2
v 2 1.1 -6
v 2 1.1 -6.1
v 2 1.1 -6.2
v 2 1.2 -1.5
v 2 1.2 -1.7
v 2 1.2 -1.8
v 2 1.2 -1.9
v 2 1.2 -2
v 2 1.2 -2.1
v 2 1.2 -5.7
v 2 1.2 -5.9
v 2 1.2 -6
v 2 1.2 -6.1
v 2 1.2 -6.2
v 2 1.2 -6.3
v 2 1.3 -1.5
v 2 1.3 -1.7
v 2 1.3 -1.9
v 2 1.3 -2.1
v 2 1.3 -5.7
v 2 1.3 -5.9
v 2 1.3 -6.1
v 2 1.3 -6.3
v 2 1.4 -1.5
v 2 1.4 -1.7
v 2 1.4 -1.9
v 2 1.4 -2.1
v 2 1.4 -5.7
v 2 1.4 -5.9
v 2 1.4 -6.1
v 2 1.4 -6.3
v 2.2 1 -1.6
v 2.2 1 -1.8
v 2.2 1 -1.9
v 2.2 1 -2.1
v 2.2 1 -5.8
v 2.2 1 -6
v 2.2 1 -6.1
v 2.2 1 -6.3
v 2.2 1.1 -1.7
v 2.2 1.1 -1.8
v 2.2 1.1 -1.9
v 2.2 1.1 -2
v 2.2 1.1 -5.9
v 2.2 1.1 -6
v 2.2 1.1 -6.1
v 2.2 1.1 -6.2
v 2.2 1.2 -1.6
v 2.2 1.2 -1.7
v 2.2 1.2 -2
v 2.2 1.2 -2.1
v 2.2 1.2 -5.8
v 2.2 1.2 -5.9
v 2.2 1.2 -6.2
v 2.2 1.2 -6.3
v 2.8 1.1 -1.5
v 2.8 1.1 -1.7
v 2.8 1.1 -1.9
v 2.8 1.1 -2.1
v 2.8 1.1 -5.7
v 2.8 1.1 -5.9
v 2.8 1.1 -6.1
v 2.8 1.1 -6.3
v 2.8 1.2 -1.4
v 2.8 1.2 -1.5
v 2.8 1.2 -1.7
v 2.8 1.2 -1.9
v 2.8 1.2 -2.1
v 2.8 1.2 -2.2
v 2.8 1.2 -5.6
v 2.8 1.2 -5.7
v 2.8 1.2 -5.9
v 2.8 1.2 -6.1
v 2.8 1.2 -6.3
v 2.8 1.2 -6.4
v 2.8 1.3 -1.4
v 2.8 1.3 -1.5
v 2.8 1.3 -2.1
v 2.8 1.3 -2.2
v 2.8 1.3 -5.6
v 2.8 1.3 -5.7
v 2.8 1.3 -6.3
v 2.8 1.3 -6.4
v 2.8 1.6 -1.4
v 2.8 1.6 -1.5
v 2.8 1.6 -1.6
v 2.8 1.6 -2
v 2.8 1.6 -2.1
v 2.8 1.6 -2.2
v 2.8 1.6 -5.6
v 2.8 1.6 -5.7
v 2.8 1.6 -5.8
v 2.8 1.6 -6.2
v 2.8 1.6 -6.3
v 2.8 1.6 -6.4
v 2.8 1.7 -1.5
v 2.8 1.7 -1.6
v 2.8 1.7 -2
v 2.8 1.7 -2.1
v 2.8 1.7 -5.7
v 2.8 1.7 -5.8
v 2.8 1.7 -6.2
v 2.8 1.7 -6.3
v 2.8 1.8 -1.6
v 2.8 1.8 -2
v 2.8 1.8 -5.8
v 2.8 1.8 -6.2
v 3.1 1 -1.6
v 3.1 1 -2
v 3.1 1 -5.8
v 3.1 1 -6.2
v 3.1 1.1 -1.6
v 3.1 1.1 -2
v 3.1 1.1 -5.8
v 3.1 1.1 -6.2
v 3.1 1.3 -3.8
v 3.1 1.3 -3.9
v 3.1 1.3 -4
v 3.1 1.4 -3.8
v 3.1 1.4 -3.9
v 3.1 1.4 -4
v 3.1 1.5 -3.8
v 3.1 1.5 -3.9
v 3.1 1.5 -4
v 3.1 1.7 -1.5
v 3.1 1.7 -1.6
v 3.1 1.7 -2
v 3.1 1.7 -2.1
v 3.1 1.7 -5.7
v 3.1 1.7 -5.8
v 3.1 1.7 -6.2
v 3.1 1.7 -6.3
v 3.1 1.8 -1.5
v 3.1 1.8 -1.6
v 3.1 1.8 -2
v 3.1 1.8 -2.1
v 3.1 1.8 -5.7
v 3.1 1.8 -5.8
v 3.1 1.8 -6.2
v 3.1 1.8 -6.3
v 3.2 1.2 -1.3
v 3.2 1.2 -1.4
v 3.2 1.2 -2.2
v 3.2 1.2 -2.3
v 3.2 1.2 -5.5
v 3.2 1.2 -5.6
v 3.2 1.2 -6.4
v 3.2 1.2 -6.5
v 3.2 1.3 -1.3
v 3.2 1.3 -1.4
v 3.2 1.3 -2.2
v 3.2 1.3 -2.3
v 3.2 1.3 -3.7
v 3.2 1.3 -3.8
v 3.2 1.3 -4
v 3.2 1.3 -4.1
v 3.2 1.3 -5.5
v 3.2 1.3 -5.6
v 3.2 1.3 -6.4
v 3.2 1.3 -6.5
v 3.2 1.4 -3.7
v 3.2 1.4 -3.8
v 3.2 1.4 -4
v 3.2 1.4 -4.1
v 3.2 1.5 -3.8
v 3.2 1.5 -3.9
v 3.2 1.5 -4
v 3.2 1.6 -1.3
v 3.2 1.6 -1.4
v 3.2 1.6 -1.5
v 3.2 1.6 -2.1
v 3.2 1.6 -2.2
v 3.2 1.6 -2.3
v 3.2 1.6 -3.7
v 3.2 1.6 -3.8
v 3.2 1.6 -4
v 3.2 1.6 -4.1
v 3.2 1.6 -5.5
v 3.2 1.6 -5.6
v 3.2 1.6 -5.7
v 3.2 1.6 -6.3
v 3.2 1.6 -6.4
v 3.2 1.6 -6.5
v 3.2 1.7 -1.4
v 3.2 1.7 -1.5
v 3.2 1.7 -2.1
v 3.2 1.7 -2.2
v 3.2 1.7 -5.6
v 3.2 1.7 -5.7
v 3.2 1.7 -6.3
v 3.2 1.7 -6.4
v 3.3 1.2 -3.8
v 3.3 1.2 -4
v 3.3 1.3 -3.6
v 3.3 1.3 -3.7
v 3.3 1.3 -3.8
v 3.3 1.3 -4
v 3.3 1.3 -4.1
v 3.3 1.3 -4.2
v 3.3 1.4 -3.6
v 3.3 1.4 -3.7
v 3.3 1.4 -4.1
v 3.3 1.4 -4.2
v 3.3 1.6 -3.6
v 3.3 1.6 -3.7
v 3.3 1.6 -3.8
v 3.3 1.6 -4
v 3.3 1.6 -4.1
v 3.3 1.6 -4.2
v 3.3 1.7 -3.7
v 3.3 1.7 -3.8
v 3.3 1.7 -4
v 3.3 1.7 -4.1
v 3.4 1.2 -3.7
v 3.4 1.2 -3.8
v 3.4 1.2 -4
v 3.4 1.2 -4.1
v 3.4 1.3 -3.7
v 3.4 1.3 -3.8
v 3.4 1.3 -4
v 3.4 1.3 -4.1
v 3.6 1 -1.5
v 3.6 1 -1.6
v 3.6 1 -2
v 3.6 1 -2.1
v 3.6 1 -5.7
v 3.6 1 -5.8
v 3.6 1 -6.2
v 3.6 1 -6.3
v 3.6 1.1 -1.4
v 3.6 1.1 -1.5
v 3.6 1.1 -1.6
v 3.6 1.1 -2
v 3.6 1.1 -2.1
v 3.6 1.1 -2.2
v 3.6 1.1 -3.8
v 3.6 1.1 -4
v 3.6 1.1 -5.6
v 3.6 1.1 -5.7
v 3.6 1.1 -5.8
v 3.6 1.1 -6.2
v 3.6 1.1 -6.3
v 3.6 1.1 -6.4
v 3.6 1.2 -1.4
v 3.6 1.2 -1.5
v 3.6 1.2 -2.1
v 3.6 1.2 -2.2
v 3.6 1.2 -3.6
v 3.6 1.2 -3.7
v 3.6 1.2 -3.8
v 3.6 1.2 -4
v 3.6 1.2 -4.1
v 3.6 1.2 -4.2
v 3.6 1.2 -5.6
v 3.6 1.2 -5.7
v 3.6 1.2 -6.3
v 3.6 1.2 -6.4
v 3.6 1.3 -3.5
v 3.6 1.3 -3.6
v 3.6 1.3 -3.7
v 3.6 1.3 -4.1
v 3.6 1.3 -4.2
v 3.6 1.3 -4.3
v 3.6 1.4 -3.6
v 3.6 1.4 -4.2
v 3.6 1.5 -3.5
v 3.6 1.5 -3.6
v 3.6 1.5 -4.2
v 3.6 1.5 -4.3
v 3.6 1.6 -3.5
v 3.6 1.6 -3.6
v 3.6 1.6 -3.7
v 3.6 1.6 -4.1
v 3.6 1.6 -4.2
v 3.6 1.6 -4.3
v 3.6 1.7 -3.6
v 3.6 1.7 -3.7
v 3.6 1.7 -4
v 3.6 1.7 -4.1
v 3.6 1.7 -4.2
v 3.6 1.8 -3.7
v 3.6 1.8 -4.1
v 3.7 1.1 -3.7
v 3.7 1.1 -3.8
v 3.7 1.1 -4
v 3.7 1.1 -4.1
v 3.7 1.2 -3.7
v 3.7 1.2 -3.8
v 3.7 1.2 -4
v 3.7 1.2 -4.1
v 3.8 1.1 -3.6
v 3.8 1.1 -3.7
v 3.8 1.1 -4.1
v 3.8 1.1 -4.2
v 3.8 1.2 -3.5
v 3.8 1.2 -3.6
v 3.8 1.2 -3.7
v 3.8 1.2 -4.1
v 3.8 1.2 -4.2
v 3.8 1.2 -4.3
v 3.8 1.3 -3.5
v 3.8 1.3 -3.6
v 3.8 1.3 -4.2
v 3.8 1.3 -4.3
v 3.9 1 -1.4
v 3.9 1 -1.5
v 3.9 1 -2.1
v 3.9 1 -2.2
v 3.9 1 -5.6
v 3.9 1 -5.7
v 3.9 1 -6.3
v 3.9 1 -6.4
v 3.9 1.1 -1.3
v 3.9 1.1 -1.4
v 3.9 1.1 -1.5
v 3.9 1.1 -2.1
v 3.9 1.1 -2.2
v 3.9 1.1 -2.3
v 3.9 1.1 -5.5
v 3.9 1.1 -5.6
v 3.9 1.1 -5.7
v 3.9 1.1 -6.3
v 3.9 1.1 -6.4
v 3.9 1.1 -6.5
v 3.9 1.2 -1.3
v 3.9 1.2 -1.4
v 3.9 1.2 -2.2
v 3.9 1.2 -2.3
v 3.9 1.2 -5.5
v 3.9 1.2 -5.6
v 3.9 1.2 -6.4
v 3.9 1.2 -6.5
v 4 1.8 -1.7
v 4 1.8 -1.9
v 4 1.8 -5.9
v 4 1.8 -6.1
v 4 1.9 -1.7
v 4 1.9 -1.9
v 4 1.9 -5.9
v 4 1.9 -6.1
v 4.1 1 -3.7
v 4.1 1 -4.1
v 4.1 1.1 -3.7
v 4.1 1.1 -4.1
v 4.1 1.7 -3.6
v 4.1 1.7 -3.7
v 4.1 1.7 -4.1
v 4.1 1.7 -4.2
v 4.1 1.8 -1.6
v 4.1 1.8 -1.7
v 4.1 1.8 -1.9
v 4.1 1.8 -2
v 4.1 1.8 -3.6
v 4.1 1.8 -3.7
v 4.1 1.8 -4.1
v 4.1 1.8 -4.2
v 4.1 1.8 -5.8
v 4.1 1.8 -5.9
v 4.1 1.8 -6.1
v 4.1 1.8 -6.2
v 4.1 1.9 -1.6
v 4.1 1.9 -1.7
v 4.1 1.9 -1.9
v 4.1 1.9 -2
v 4.1 1.9 -5.8
v 4.1 1.9 -5.9
v 4.1 1.9 -6.1
v 4.1 1.9 -6.2
v 4.2 1.2 -3.4
v 4.2 1.2 -3.5
v 4.2 1.2 -4.3
v 4.2 1.2 -4.4
v 4.2 1.3 -3.4
v 4.2 1.3 -3.5
v 4.2 1.3 -4.3
v 4.2 1.3 -4.4
v 4.2 1.6 -3.4
v 4.2 1.6 -3.5
v 4.2 1.6 -3.6
v 4.2 1.6 -4.2
v 4.2 1.6 -4.3
v 4.2 1.6 -4.4
v 4.2 1.7 -1.4
v 4.2 1.7 -1.5
v 4.2 1.7 -2.1
v 4.2 1.7 -2.2
v 4.2 1.7 -3.5
v 4.2 1.7 -3.6
v 4.2 1.7 -4.2
v 4.2 1.7 -4.3
v 4.2 1.7 -5.6
v 4.2 1.7 -5.7
v 4.2 1.7 -6.3
v 4.2 1.7 -6.4
v 4.2 1.8 -1.4
v 4.2 1.8 -1.5
v 4.2 1.8 -2.1
v 4.2 1.8 -2.2
v 4.2 1.8 -5.6
v 4.2 1.8 -5.7
v 4.2 1.8 -6.3
v 4.2 1.8 -6.4
v 4.4 1 -1.7
v 4.4 1 -1.9
v 4.4 1 -5.9
v 4.4 1 -6.1
v 4.4 1.1 -1.7
v 4.4 1.1 -1.9
v 4.4 1.1 -5.9
v 4.4 1.1 -6.1
v 4.5 0.8 -1.6
v 4.5 0.8 -1.7
v 4.5 0.8 -6.1
v 4.5 0.8 -6.2
v 4.5 1 -1.6
v 4.5 1 -1.7
v 4.5 1 -6.1
v 4.5 1 -6.2
v 4.5 1.2 -2.3
v 4.5 1.2 -3.4
v 4.5 1.2 -4.4
v 4.5 1.2 -5.5
v 4.5 1.3 -2.3
v 4.5 1.3 -3.4
v 4.5 1.3 -4.4
v 4.5 1.3 -5.5
v 4.5 1.8 -1.5
v 4.5 1.8 -1.6
v 4.5 1.8 -2
v 4.5 1.8 -2.1
v 4.5 1.8 -5.7
v 4.5 1.8 -5.8
v 4.5 1.8 -6.2
v 4.5 1.8 -6.3
v 4.5 1.9 -1.5
v 4.5 1.9 -1.6
v 4.5 1.9 -1.7
v 4.5 1.9 -1.9
v 4.5 1.9 -2
v 4.5 1.9 -2.1
v 4.5 1.9 -5.7
v 4.5 1.9 -5.8
v 4.5 1.9 -5.9
v 4.5 1.9 -6.1
v 4.5 1.9 -6.2
v 4.5 1.9 -6.3
v 4.5 2 -1.7
v 4.5 2 -1.9
v 4.5 2 -5.9
v 4.5 2 -6.1
v 4.6 0.9 -1.5
v 4.6 0.9 -1.6
v 4.6 0.9 -1.7
v 4.6 0.9 -1.9
v 4.6 0.9 -5.9
v 4.6 0.9 -6.1
v 4.6 0.9 -6.2
v 4.6 0.9 -6.3
v 4.6 1 -1.5
v 4.6 1 -1.6
v 4.6 1 -1.7
v 4.6 1 -1.9
v 4.6 1 -3.6
v 4.6 1 -3.7
v 4.6 1 -4.1
v 4.6 1 -4.2
v 4.6 1 -5.9
v 4.6 1 -6.1
v 4.6 1 -6.2
v 4.6 1 -6.3
v 4.6 1.1 -3.5
v 4.6 1.1 -3.6
v 4.6 1.1 -3.7
v 4.6 1.1 -4.1
v 4.6 1.1 -4.2
v 4.6 1.1 -4.3
v 4.6 1.2 -3.5
v 4.6 1.2 -3.6
v 4.6 1.2 -4.2
v 4.6 1.2 -4.3
v 4.6 1.6 -1.3
v 4.6 1.6 -1.4
v 4.6 1.6 -2.2
v 4.6 1.6 -2.3
v 4.6 1.6 -5.5
v 4.6 1.6 -5.6
v 4.6 1.6 -6.4
v 4.6 1.6 -6.5
v 4.6 1.7 -1.3
v 4.6 1.7 -1.4
v 4.6 1.7 -2.2
v 4.6 1.7 -2.3
v 4.6 1.7 -5.5
v 4.6 1.7 -5.6
v 4.6 1.7 -6.4
v 4.6 1.7 -6.5
v 4.6 1.9 -1.6
v 4.6 1.9 -1.7
v 4.6 1.9 -1.9
v 4.6 1.9 -2
v 4.6 1.9 -5.8
v 4.6 1.9 -5.9
v 4.6 1.9 -6.1
v 4.6 1.9 -6.2
v 4.6 2 -1.6
v 4.6 2 -1.7
v 4.6 2 -1.9
v 4.6 2 -2
v 4.6 2 -5.8
v 4.6 2 -5.9
v 4.6 2 -6.1
v 4.6 2 -6.2
v 4.7 0.8 -1.7
v 4.7 0.8 -2.1
v 4.7 0.8 -5.7
v 4.7 0.8 -6.1
v 4.7 0.9 -1.7
v 4.7 0.9 -1.9
v 4.7 0.9 -2.1
v 4.7 0.9 -5.7
v 4.7 0.9 -5.9
v 4.7 0.9 -6.1
v 4.7 1.2 -0.8
v 4.7 1.2 -1
v 4.7 1.2 -1.2
v 4.7 1.2 -1.3
v 4.7 1.2 -6.5
v 4.7 1.2 -6.6
v 4.7 1.2 -6.8
v 4.7 1.2 -7
v 4.7 1.3 -0.8
v 4.7 1.3 -1
v 4.7 1.3 -1.2
v 4.7 1.3 -1.3
v 4.7 1.3 -6.5
v 4.7 1.3 -6.6
v 4.7 1.3 -6.8
v 4.7 1.3 -7
v 4.8 0.7 -1.9
v 4.8 0.7 -2.2
v 4.8 0.7 -5.6
v 4.8 0.7 -5.9
v 4.8 0.8 -1.9
v 4.8 0.8 -2.1
v 4.8 0.8 -5.7
v 4.8 0.8 -5.9
v 4.8 0.9 -1.9
v 4.8 0.9 -2.1
v 4.8 0.9 -5.7
v 4.8 0.9 -5.9
v 4.8 1 -1.9
v 4.8 1 -2
v 4.8 1 -2.2
v 4.8 1 -5.6
v 4.8 1 -5.8
v 4.8 1 -5.9
v 4.8 1.2 -0.6
v 4.8 1.2 -0.8
v 4.8 1.2 -7
v 4.8 1.2 -7.2
v 4.8 1.3 -0.6
v 4.8 1.3 -0.8
v 4.8 1.3 -7
v 4.8 1.3 -7.2
v 4.9 1 -3.5
v 4.9 1 -3.6
v 4.9 1 -4.2
v 4.9 1 -4.3
v 4.9 1.1 -3.4
v 4.9 1.1 -3.5
v 4.9 1.1 -3.6
v 4.9 1.1 -4.2
v 4.9 1.1 -4.3
v 4.9 1.1 -4.4
v 4.9 1.2 -0.1
v 4.9 1.2 -0.6
v 4.9 1.2 -3.4
v 4.9 1.2 -3.5
v 4.9 1.2 -4.3
v 4.9 1.2 -4.4
v 4.9 1.2 -7.2
v 4.9 1.2 -7.7
v 4.9 1.3 -0.1
v 4.9 1.3 -0.6
v 4.9 1.3 -7.2
v 4.9 1.3 -7.7
v 5 1 -6.8
v 5 1 -6.9
v 5 1.2 0
v 5 1.2 -0.1
v 5 1.2 -6.8
v 5 1.2 -6.9
v 5 1.2 -7.7
v 5 1.2 -7.8
v 5 1.3 0
v 5 1.3 -0.1
v 5 1.3 -7.7
v 5 1.3 -7.8
v 5 1.8 -3.8
v 5 1.8 -4
v 5 1.9 -3.8
v 5 1.9 -4
v 5.1 1 -1.6
v 5.1 1 -1.7
v 5.1 1 -1.9
v 5.1 1 -2
v 5.1 1 -5.8
v 5.1 1 -5.9
v 5.1 1 -6.1
v 5.1 1 -6.2
v 5.1 1.1 -1.6
v 5.1 1.1 -1.7
v 5.1 1.1 -1.9
v 5.1 1.1 -2
v 5.1 1.1 -5.8
v 5.1 1.1 -5.9
v 5.1 1.1 -6.1
v 5.1 1.1 -6.2
v 5.1 1.1 -6.7
v 5.1 1.1 -6.8
v 5.1 1.1 -6.9
v 5.1 1.1 -7.1
v 5.1 1.2 -6.7
v 5.1 1.2 -6.8
v 5.1 1.2 -6.9
v 5.1 1.2 -7.1
v 5.1 1.8 -3.7
v 5.1 1.8 -3.8
v 5.1 1.8 -4
v 5.1 1.8 -4.1
v 5.1 1.9 -3.7
v 5.1 1.9 -3.8
v 5.1 1.9 -4
v 5.1 1.9 -4.1
v 5.2 1 -1.7
v 5.2 1 -1.9
v 5.2 1 -5.9
v 5.2 1 -6.1
v 5.2 1 -6.9
v 5.2 1 -7.3
v 5.2 1.1 -1.7
v 5.2 1.1 -1.9
v 5.2 1.1 -5.9
v 5.2 1.1 -6.1
v 5.2 1.1 -6.9
v 5.2 1.1 -7.1
v 5.2 1.1 -7.3
v 5.2 1.7 -3.5
v 5.2 1.7 -3.6
v 5.2 1.7 -4.2
v 5.2 1.7 -4.3
v 5.2 1.8 -3.5
v 5.2 1.8 -3.6
v 5.2 1.8 -4.2
v 5.2 1.8 -4.3
v 5.3 0.9 -7.1
v 5.3 0.9 -7.4
v 5.3 1 -7.1
v 5.3 1 -7.3
v 5.3 1.1 -7.1
v 5.3 1.1 -7.3
v 5.3 1.2 -7.1
v 5.3 1.2 -7.4
v 5.4 1 -3.8
v 5.4 1 -4
v 5.4 1.1 -3.8
v 5.4 1.1 -4
v 5.4 1.9 -3.8
v 5.4 1.9 -4
v 5.4 2 -3.8
v 5.4 2 -4
v 5.5 1.8 -3.6
v 5.5 1.8 -3.7
v 5.5 1.8 -4.1
v 5.5 1.8 -4.2
v 5.5 1.9 -3.6
v 5.5 1.9 -3.7
v 5.5 1.9 -3.8
v 5.5 1.9 -4
v 5.5 1.9 -4.1
v 5.5 1.9 -4.2
v 5.5 2 -3.7
v 5.5 2 -3.8
v 5.5 2 -4
v 5.5 2 -4.1
v 5.5 2.1 -3.8
v 5.5 2.1 -4
v 5.6 1.6 -3.4
v 5.6 1.6 -3.5
v 5.6 1.6 -4.3
v 5.6 1.6 -4.4
v 5.6 1.7 -3.4
v 5.6 1.7 -3.5
v 5.6 1.7 -4.3
v 5.6 1.7 -4.4
v 5.6 1.9 -3.6
v 5.6 1.9 -3.7
v 5.6 1.9 -4.1
v 5.6 1.9 -4.2
v 5.6 2 -3.6
v 5.6 2 -3.7
v 5.6 2 -3.8
v 5.6 2 -4
v 5.6 2 -4.1
v 5.6 2 -4.2
v 5.6 2.1 -3.7
v 5.6 2.1 -3.8
v 5.6 2.1 -4
v 5.6 2.1 -4.1
v 5.9 1.7 -1.7
v 5.9 1.7 -1.9
v 5.9 1.7 -5.9
v 5.9 1.7 -6.1
v 5.9 1.8 -1.7
v 5.9 1.8 -1.9
v 5.9 1.8 -5.9
v 5.9 1.8 -6.1
v 6.1 1 -3.7
v 6.1 1 -3.8
v 6.1 1 -4
v 6.1 1 -4.1
v 6.1 1.1 -3.7
v 6.1 1.1 -3.8
v 6.1 1.1 -4
v 6.1 1.1 -4.1
v 6.2 1 -1.5
v 6.2 1 -2.1
v 6.2 1 -3.8
v 6.2 1 -4
v 6.2 1 -5.7
v 6.2 1 -6.3
v 6.2 1.1 -1.4
v 6.2 1.1 -1.5
v 6.2 1.1 -2.1
v 6.2 1.1 -2.2
v 6.2 1.1 -3.8
v 6.2 1.1 -4
v 6.2 1.1 -5.6
v 6.2 1.1 -5.7
v 6.2 1.1 -6.3
v 6.2 1.1 -6.4
v 6.2 1.2 -1.3
v 6.2 1.2 -1.4
v 6.2 1.2 -1.5
v 6.2 1.2 -2.1
v 6.2 1.2 -2.2
v 6.2 1.2 -2.3
v 6.2 1.2 -5.5
v 6.2 1.2 -5.6
v 6.2 1.2 -5.7
v 6.2 1.2 -6.3
v 6.2 1.2 -6.4
v 6.2 1.2 -6.5
v 6.2 1.4 -2.2
v 6.2 1.4 -2.3
v 6.2 1.4 -6.4
v 6.2 1.4 -6.5
v 6.2 1.5 -1.4
v 6.2 1.5 -1.5
v 6.2 1.5 -2.1
v 6.2 1.5 -2.2
v 6.2 1.5 -2.3
v 6.2 1.5 -5.6
v 6.2 1.5 -5.7
v 6.2 1.5 -6.3
v 6.2 1.5 -6.4
v 6.2 1.5 -6.5
v 6.2 1.6 -1.3
v 6.2 1.6 -1.4
v 6.2 1.6 -2.2
v 6.2 1.6 -2.3
v 6.2 1.6 -5.5
v 6.2 1.6 -5.6
v 6.2 1.6 -6.4
v 6.2 1.6 -6.5
v 6.2 1.7 -1.4
v 6.2 1.7 -1.5
v 6.2 1.7 -2.1
v 6.2 1.7 -2.2
v 6.2 1.7 -5.6
v 6.2 1.7 -5.7
v 6.2 1.7 -6.3
v 6.2 1.7 -6.4
v 6.2 1.8 -1.5
v 6.2 1.8 -2.1
v 6.2 1.8 -5.7
v 6.2 1.8 -6.3
v 6.5 1 -1.5
v 6.5 1 -1.6
v 6.5 1 -2
v 6.5 1 -2.1
v 6.5 1 -5.7
v 6.5 1 -5.8
v 6.5 1 -6.2
v 6.5 1 -6.3
v 6.5 1.1 -1.4
v 6.5 1.1 -1.5
v 6.5 1.1 -1.6
v 6.5 1.1 -2
v 6.5 1.1 -2.1
v 6.5 1.1 -2.2
v 6.5 1.1 -5.6
v 6.5 1.1 -5.7
v 6.5 1.1 -5.8
v 6.5 1.1 -6.2
v 6.5 1.1 -6.3
v 6.5 1.1 -6.4
v 6.5 1.2 -1.3
v 6.5 1.2 -1.4
v 6.5 1.2 -1.5
v 6.5 1.2 -2.1
v 6.5 1.2 -2.2
v 6.5 1.2 -2.3
v 6.5 1.2 -5.5
v 6.5 1.2 -5.6
v 6.5 1.2 -5.7
v 6.5 1.2 -6.3
v 6.5 1.2 -6.4
v 6.5 1.2 -6.5
v 6.5 1.3 -1.3
v 6.5 1.3 -1.4
v 6.5 1.3 -2.2
v 6.5 1.3 -2.3
v 6.5 1.3 -5.5
v 6.5 1.3 -5.6
v 6.5 1.3 -6.4
v 6.5 1.3 -6.5
v 6.5 1.4 -1.3
v 6.5 1.4 -1.4
v 6.5 1.4 -2.2
v 6.5 1.4 -2.3
v 6.5 1.4 -5.5
v 6.5 1.4 -5.6
v 6.5 1.4 -6.4
v 6.5 1.4 -6.5
v 6.5 1.5 -1.3
v 6.5 1.5 -1.4
v 6.5 1.5 -2.2
v 6.5 1.5 -2.3
v 6.5 1.5 -5.5
v 6.5 1.5 -5.6
v 6.5 1.5 -6.4
v 6.5 1.5 -6.5
v 6.5 1.7 -1.6
v 6.5 1.7 -1.7
v 6.5 1.7 -1.9
v 6.5 1.7 -2
v 6.5 1.7 -5.8
v 6.5 1.7 -5.9
v 6.5 1.7 -6.1
v 6.5 1.7 -6.2
v 6.5 1.8 -1.6
v 6.5 1.8 -1.7
v 6.5 1.8 -1.9
v 6.5 1.8 -2
v 6.5 1.8 -5.8
v 6.5 1.8 -5.9
v 6.5 1.8 -6.1
v 6.5 1.8 -6.2
v 6.9 1.7 -3.8
v 6.9 1.7 -4
v 6.9 1.8 -3.8
v 6.9 1.8 -4
v 0.2 1.5 -0.8
v 0.2 1.5 -0.9
v 0.2 1.5 -1
v 0.2 1.5 -1.2
v 0.2 1.5 -6.5
v 0.2 1.5 -6.7
v 0.2 1.5 -6.8
v 0.2 1.5 -6.9
v 0.2 1.6 -0.8
v 0.2 1.6 -0.9
v 0.2 1.6 -1
v 0.2 1.6 -1.2
v 0.2 1.6 -6.5
v 0.2 1.6 -6.7
v 0.2 1.6 -6.8
v 0.2 1.6 -6.9
v 0.2 2 -1.7
v 0.2 2 -1.8
v 0.2 2 -5.9
v 0.2 2 -6
v 0.2 2.1 -1.7
v 0.2 2.1 -1.8
v 0.2 2.1 -5.9
v 0.2 2.1 -6
v 0.4 1.4 -0.7
v 0.4 1.4 -0.8
v 0.4 1.4 -6.9
v 0.4 1.4 -7
v 0.4 1.5 -0.7
v 0.4 1.5 -0.8
v 0.4 1.5 -6.9
v 0.4 1.5 -7
v 0.4 1.9 -1.7
v 0.4 1.9 -1.8
v 0.4 1.9 -5.9
v 0.4 1.9 -6
v 0.4 2 -1.7
v 0.4 2 -1.8
v 0.4 2 -5.9
v 0.4 2 -6
v 0.5 1.4 -0.8
v 0.5 1.4 -0.9
v 0.5 1.4 -1.2
v 0.5 1.4 -1.3
v 0.5 1.4 -2.2
v 0.5 1.4 -2.3
v 0.5 1.4 -2.6
v 0.5 1.4 -2.8
v 0.5 1.4 -2.9
v 0.5 1.4 -4.8
v 0.5 1.4 -4.9
v 0.5 1.4 -5.1
v 0.5 1.4 -5.4
v 0.5 1.4 -5.5
v 0.5 1.4 -6.4
v 0.5 1.4 -6.5
v 0.5 1.4 -6.8
v 0.5 1.4 -6.9
v 0.5 1.5 -0.8
v 0.5 1.5 -0.9
v 0.5 1.5 -1.2
v 0.5 1.5 -1.3
v 0.5 1.5 -2.2
v 0.5 1.5 -2.3
v 0.5 1.5 -2.6
v 0.5 1.5 -2.8
v 0.5 1.5 -2.9
v 0.5 1.5 -4.8
v 0.5 1.5 -4.9
v 0.5 1.5 -5.1
v 0.5 1.5 -5.4
v 0.5 1.5 -5.5
v 0.5 1.5 -6.4
v 0.5 1.5 -6.5
v 0.5 1.5 -6.8
v 0.5 1.5 -6.9
v 0.6 1.4 -1.3
v 0.6 1.4 -1.4
v 0.6 1.4 -1.6
v 0.6 1.4 -1.7
v 0.6 1.4 -1.9
v 0.6 1.4 -2.1
v 0.6 1.4 -2.2
v 0.6 1.4 -5.5
v 0.6 1.4 -5.6
v 0.6 1.4 -5.8
v 0.6 1.4 -5.9
v 0.6 1.4 -6.1
v 0.6 1.4 -6.3
v 0.6 1.4 -6.4
v 0.6 1.5 -1.3
v 0.6 1.5 -1.4
v 0.6 1.5 -1.6
v 0.6 1.5 -1.7
v 0.6 1.5 -1.9
v 0.6 1.5 -2.1
v 0.6 1.5 -2.2
v 0.6 1.5 -5.5
v 0.6 1.5 -5.6
v 0.6 1.5 -5.8
v 0.6 1.5 -5.9
v 0.6 1.5 -6.1
v 0.6 1.5 -6.3
v 0.6 1.5 -6.4
v 0.6 1.8 -1.7
v 0.6 1.8 -1.8
v 0.6 1.8 -5.9
v 0.6 1.8 -6
v 0.6 1.9 -1.7
v 0.6 1.9 -1.8
v 0.6 1.9 -5.9
v 0.6 1.9 -6
v 0.8 1.7 -1.7
v 0.8 1.7 -1.8
v 0.8 1.7 -5.9
v 0.8 1.7 -6
v 0.8 1.8 -1.7
v 0.8 1.8 -1.8
v 0.8 1.8 -5.9
v 0.8 1.8 -6
v 1.9 1 -1.6
v 1.9 1 -1.7
v 1.9 1 -5.8
v 1.9 1 -5.9
v 1.9 1.1 -1.6
v 1.9 1.1 -1.7
v 1.9 1.1 -5.8
v 1.9 1.1 -5.9
v 2 0.9 -1.7
v 2 0.9 -1.8
v 2 0.9 -5.9
v 2 0.9 -6
v 2 1 -1.7
v 2 1 -1.8
v 2 1 -5.9
v 2 1 -6
v 2 1.1 -1.7
v 2 1.1 -1.8
v 2 1.1 -5.9
v 2 1.1 -6
v 2.3 1 -1.6
v 2.3 1 -2.1
v 2.3 1 -5.8
v 2.3 1 -6.3
v 2.3 1.1 -1.7
v 2.3 1.1 -2
v 2.3 1.1 -5.9
v 2.3 1.1 -6.2
v 2.3 1.2 -1.6
v 2.3 1.2 -1.7
v 2.3 1.2 -2
v 2.3 1.2 -2.1
v 2.3 1.2 -5.8
v 2.3 1.2 -5.9
v 2.3 1.2 -6.2
v 2.3 1.2 -6.3
v 2.4 1.1 -1.9
v 2.4 1.1 -2
v 2.4 1.1 -6.1
v 2.4 1.1 -6.2
v 2.4 1.2 -1.9
v 2.4 1.2 -2
v 2.4 1.2 -6.1
v 2.4 1.2 -6.2
v 4.3 1 -1.7
v 4.3 1 -1.9
v 4.3 1 -5.9
v 4.3 1 -6.1
v 4.3 1.1 -1.7
v 4.3 1.1 -1.9
v 4.3 1.1 -5.9
v 4.3 1.1 -6.1
v 4.4 1 -1.6
v 4.4 1 -1.7
v 4.4 1 -1.9
v 4.4 1 -2
v 4.4 1 -5.8
v 4.4 1 -5.9
v 4.4 1 -6.1
v 4.4 1 -6.2
v 4.4 1.1 -1.6
v 4.4 1.1 -1.7
v 4.4 1.1 -1.9
v 4.4 1.1 -2
v 4.4 1.1 -5.8
v 4.4 1.1 -5.9
v 4.4 1.1 -6.1
v 4.4 1.1 -6.2
v 4.8 0.8 -1.7
v 4.8 0.8 -1.9
v 4.8 0.8 -5.9
v 4.8 0.8 -6.1
v 4.8 0.9 -1.7
v 4.8 0.9 -1.9
v 4.8 0.9 -5.9
v 4.8 0.9 -6.1
v 4.9 0.7 -1.9
v 4.9 0.7 -2.2
v 4.9 0.7 -5.6
v 4.9 0.7 -5.9
v 4.9 0.8 -1.9
v 4.9 0.8 -2
v 4.9 0.8 -2.1
v 4.9 0.8 -5.7
v 4.9 0.8 -5.8
v 4.9 0.8 -5.9
v 4.9 0.9 -1.5
v 4.9 0.9 -1.6
v 4.9 0.9 -1.7
v 4.9 0.9 -1.9
v 4.9 0.9 -2
v 4.9 0.9 -2.1
v 4.9 0.9 -5.7
v 4.9 0.9 -5.8
v 4.9 0.9 -5.9
v 4.9 0.9 -6.1
v 4.9 0.9 -6.2
v 4.9 0.9 -6.3
v 4.9 1 -1.5
v 4.9 1 -1.6
v 4.9 1 -1.7
v 4.9 1 -1.9
v 4.9 1 -2
v 4.9 1 -2.2
v 4.9 1 -5.6
v 4.9 1 -5.8
v 4.9 1 -5.9
v 4.9 1 -6.1
v 4.9 1 -6.2
v 4.9 1 -6.3
v 5 0.8 -1.6
v 5 0.8 -1.7
v 5 0.8 -2
v 5 0.8 -2.1
v 5 0.8 -5.7
v 5 0.8 -5.8
v 5 0.8 -6.1
v 5 0.8 -6.2
v 5 0.9 -2
v 5 0.9 -2.1
v 5 0.9 -5.7
v 5 0.9 -5.8
v 5 1 -1.6
v 5 1 -1.7
v 5 1 -6.1
v 5 1 -6.2
v 5.1 1 -1.7
v 5.1 1 -1.9
v 5.1 1 -5.9
v 5.1 1 -6.1
v 5.1 1.1 -1.7
v 5.1 1.1 -1.9
v 5.1 1.1 -5.9
v 5.1 1.1 -6.1
v 5.2 1.6 -1.3
v 5.2 1.6 -1.4
v 5.2 1.6 -2.2
v 5.2 1.6 -2.3
v 5.2 1.6 -5.5
v 5.2 1.6 -5.6
v 5.2 1.6 -6.4
v 5.2 1.6 -6.5
v 5.2 1.7 -1.3
v 5.2 1.7 -1.4
v 5.2 1.7 -2.2
v 5.2 1.7 -2.3
v 5.2 1.7 -5.5
v 5.2 1.7 -5.6
v 5.2 1.7 -6.4
v 5.2 1.7 -6.5
v 5.2 1.9 -1.6
v 5.2 1.9 -1.7
v 5.2 1.9 -1.9
v 5.2 1.9 -2
v 5.2 1.9 -5.8
v 5.2 1.9 -5.9
v 5.2 1.9 -6.1
v 5.2 1.9 -6.2
v 5.2 2 -1.6
v 5.2 2 -1.7
v 5.2 2 -1.9
v 5.2 2 -2
v 5.2 2 -5.8
v 5.2 2 -5.9
v 5.2 2 -6.1
v 5.2 2 -6.2
v 5.3 1 -3.8
v 5.3 1 -4
v 5.3 1 -6.9
v 5.3 1 -7.1
v 5.3 1.1 -3.8
v 5.3 1.1 -4
v 5.3 1.1 -6.9
v 5.3 1.1 -7.1
v 5.3 1.7 -1.4
v 5.3 1.7 -1.5
v 5.3 1.7 -2.1
v 5.3 1.7 -2.2
v 5.3 1.7 -5.6
v 5.3 1.7 -5.7
v 5.3 1.7 -6.3
v 5.3 1.7 -6.4
v 5.3 1.8 -1.4
v 5.3 1.8 -1.5
v 5.3 1.8 -2.1
v 5.3 1.8 -2.2
v 5.3 1.8 -5.6
v 5.3 1.8 -5.7
v 5.3 1.8 -6.3
v 5.3 1.8 -6.4
v 5.4 0.9 -7.1
v 5.4 0.9 -7.4
v 5.4 1 -1.4
v 5.4 1 -1.5
v 5.4 1 -2.1
v 5.4 1 -2.2
v 5.4 1 -3.7
v 5.4 1 -3.8
v 5.4 1 -4
v 5.4 1 -4.1
v 5.4 1 -5.6
v 5.4 1 -5.7
v 5.4 1 -6.3
v 5.4 1 -6.4
v 5.4 1 -7.1
v 5.4 1 -7.2
v 5.4 1 -7.3
v 5.4 1.1 -1.3
v 5.4 1.1 -1.4
v 5.4 1.1 -1.5
v 5.4 1.1 -2.1
v 5.4 1.1 -2.2
v 5.4 1.1 -2.3
v 5.4 1.1 -3.7
v 5.4 1.1 -3.8
v 5.4 1.1 -4
v 5.4 1.1 -4.1
v 5.4 1.1 -5.5
v 5.4 1.1 -5.6
v 5.4 1.1 -5.7
v 5.4 1.1 -6.3
v 5.4 1.1 -6.4
v 5.4 1.1 -6.5
v 5.4 1.1 -6.7
v 5.4 1.1 -6.8
v 5.4 1.1 -6.9
v 5.4 1.1 -7.1
v 5.4 1.1 -7.2
v 5.4 1.1 -7.3
v 5.4 1.2 -1.3
v 5.4 1.2 -1.4
v 5.4 1.2 -2.1
v 5.4 1.2 -2.3
v 5.4 1.2 -5.5
v 5.4 1.2 -5.6
v 5.4 1.2 -6.3
v 5.4 1.2 -6.4
v 5.4 1.2 -6.5
v 5.4 1.2 -6.7
v 5.4 1.2 -6.8
v 5.4 1.2 -6.9
v 5.4 1.2 -7.1
v 5.4 1.2 -7.4
v 5.4 1.5 -1.3
v 5.4 1.5 -1.4
v 5.4 1.5 -2.2
v 5.4 1.5 -2.3
v 5.4 1.5 -5.5
v 5.4 1.5 -5.6
v 5.4 1.5 -6.4
v 5.4 1.5 -6.5
v 5.4 1.6 -1.3
v 5.4 1.6 -1.4
v 5.4 1.6 -2.2
v 5.4 1.6 -2.3
v 5.4 1.6 -5.5
v 5.4 1.6 -5.6
v 5.4 1.6 -6.4
v 5.4 1.6 -6.5
v 5.4 1.9 -1.7
v 5.4 1.9 -1.9
v 5.4 1.9 -5.9
v 5.4 1.9 -6.1
v 5.4 2 -1.7
v 5.4 2 -1.9
v 5.4 2 -5.9
v 5.4 2 -6.1
v 5.5 1 -1.5
v 5.5 1 -1.6
v 5.5 1 -2
v 5.5 1 -2.1
v 5.5 1 -5.7
v 5.5 1 -5.8
v 5.5 1 -6.2
v 5.5 1 -6.3
v 5.5 1 -6.8
v 5.5 1 -6.9
v 5.5 1 -7.2
v 5.5 1 -7.3
v 5.5 1.1 -1.4
v 5.5 1.1 -1.5
v 5.5 1.1 -1.6
v 5.5 1.1 -2
v 5.5 1.1 -2.1
v 5.5 1.1 -5.6
v 5.5 1.1 -5.7
v 5.5 1.1 -5.8
v 5.5 1.1 -6.2
v 5.5 1.1 -6.3
v 5.5 1.1 -7.2
v 5.5 1.1 -7.3
v 5.5 1.2 -1.4
v 5.5 1.2 -1.5
v 5.5 1.2 -5.6
v 5.5 1.2 -5.7
v 5.5 1.2 -6.8
v 5.5 1.2 -6.9
v 5.5 1.8 -1.5
v 5.5 1.8 -1.6
v 5.5 1.8 -2
v 5.5 1.8 -2.1
v 5.5 1.8 -5.7
v 5.5 1.8 -5.8
v 5.5 1.8 -6.2
v 5.5 1.8 -6.3
v 5.5 1.9 -1.5
v 5.5 1.9 -1.6
v 5.5 1.9 -2
v 5.5 1.9 -2.1
v 5.5 1.9 -5.7
v 5.5 1.9 -5.8
v 5.5 1.9 -6.2
v 5.5 1.9 -6.3
v 5.6 1.2 0
v 5.6 1.2 -0.1
v 5.6 1.2 -7.7
v 5.6 1.2 -7.8
v 5.6 1.3 0
v 5.6 1.3 -0.1
v 5.6 1.3 -7.7
v 5.6 1.3 -7.8
v 5.6 1.6 -1.4
v 5.6 1.6 -1.5
v 5.6 1.6 -2.1
v 5.6 1.6 -2.2
v 5.6 1.6 -5.6
v 5.6 1.6 -5.7
v 5.6 1.6 -6.3
v 5.6 1.6 -6.4
v 5.6 1.7 -1.4
v 5.6 1.7 -1.5
v 5.6 1.7 -1.6
v 5.6 1.7 -2
v 5.6 1.7 -2.1
v 5.6 1.7 -2.2
v 5.6 1.7 -5.6
v 5.6 1.7 -5.7
v 5.6 1.7 -5.8
v 5.6 1.7 -6.2
v 5.6 1.7 -6.3
v 5.6 1.7 -6.4
v 5.6 1.8 -1.5
v 5.6 1.8 -1.6
v 5.6 1.8 -1.7
v 5.6 1.8 -1.9
v 5.6 1.8 -2
v 5.6 1.8 -2.1
v 5.6 1.8 -5.7
v 5.6 1.8 -5.8
v 5.6 1.8 -5.9
v 5.6 1.8 -6.1
v 5.6 1.8 -6.2
v 5.6 1.8 -6.3
v 5.6 1.9 -1.6
v 5.6 1.9 -1.7
v 5.6 1.9 -1.9
v 5.6 1.9 -2
v 5.6 1.9 -5.8
v 5.6 1.9 -5.9
v 5.6 1.9 -6.1
v 5.6 1.9 -6.2
v 5.7 1.2 -0.1
v 5.7 1.2 -0.2
v 5.7 1.2 -7.6
v 5.7 1.2 -7.7
v 5.7 1.3 -0.1
v 5.7 1.3 -0.2
v 5.7 1.3 -7.6
v 5.7 1.3 -7.7
v 5.8 1.2 -0.2
v 5.8 1.2 -0.3
v 5.8 1.2 -7.5
v 5.8 1.2 -7.6
v 5.8 1.3 -0.2
v 5.8 1.3 -0.3
v 5.8 1.3 -7.5
v 5.8 1.3 -7.6
v 5.8 1.7 -1.7
v 5.8 1.7 -1.9
v 5.8 1.7 -5.9
v 5.8 1.7 -6.1
v 5.8 1.8 -1.7
v 5.8 1.8 -1.9
v 5.8 1.8 -5.9
v 5.8 1.8 -6.1
v 5.9 1.2 -0.3
v 5.9 1.2 -0.4
v 5.9 1.2 -0.9
v 5.9 1.2 -1
v 5.9 1.2 -1.2
v 5.9 1.2 -1.3
v 5.9 1.2 -2.3
v 5.9 1.2 -3.3
v 5.9 1.2 -3.4
v 5.9 1.2 -4.4
v 5.9 1.2 -4.5
v 5.9 1.2 -5.5
v 5.9 1.2 -6.5
v 5.9 1.2 -6.6
v 5.9 1.2 -6.8
v 5.9 1.2 -7.1
v 5.9 1.2 -7.5
v 5.9 1.3 -0.3
v 5.9 1.3 -0.4
v 5.9 1.3 -0.9
v 5.9 1.3 -1
v 5.9 1.3 -1.2
v 5.9 1.3 -1.3
v 5.9 1.3 -2.3
v 5.9 1.3 -3.3
v 5.9 1.3 -3.4
v 5.9 1.3 -4.4
v 5.9 1.3 -4.5
v 5.9 1.3 -5.5
v 5.9 1.3 -6.5
v 5.9 1.3 -6.6
v 5.9 1.3 -6.8
v 5.9 1.3 -7.1
v 5.9 1.3 -7.5
v 6.1 1 -1.6
v 6.1 1 -2
v 6.1 1 -3.8
v 6.1 1 -4
v 6.1 1 -5.8
v 6.1 1 -6.2
v 6.1 1.1 -1.6
v 6.1 1.1 -2
v 6.1 1.1 -3.8
v 6.1 1.1 -4
v 6.1 1.1 -5.8
v 6.1 1.1 -6.2
v 6.1 1.2 -1.3
v 6.1 1.2 -1.4
v 6.1 1.2 -2.2
v 6.1 1.2 -2.3
v 6.1 1.2 -5.5
v 6.1 1.2 -5.6
v 6.1 1.2 -6.4
v 6.1 1.2 -6.5
v 6.1 1.4 -2.2
v 6.1 1.4 -2.3
v 6.1 1.4 -6.4
v 6.1 1.4 -6.5
v 6.1 1.5 -1.3
v 6.1 1.5 -1.4
v 6.1 1.5 -1.5
v 6.1 1.5 -2.1
v 6.1 1.5 -2.2
v 6.1 1.5 -5.5
v 6.1 1.5 -5.6
v 6.1 1.5 -5.7
v 6.1 1.5 -6.3
v 6.1 1.5 -6.4
v 6.1 1.6 -1.4
v 6.1 1.6 -1.5
v 6.1 1.6 -2.1
v 6.1 1.6 -2.2
v 6.1 1.6 -5.6
v 6.1 1.6 -5.7
v 6.1 1.6 -6.3
v 6.1 1.6 -6.4
v 6.1 1.7 -1.6
v 6.1 1.7 -2
v 6.1 1.7 -5.8
v 6.1 1.7 -6.2
v 6.1 1.8 -1.6
v 6.1 1.8 -2
v 6.1 1.8 -5.8
v 6.1 1.8 -6.2
v 6.2 1.6 -3.4
v 6.2 1.6 -3.5
v 6.2 1.6 -4.3
v 6.2 1.6 -4.4
v 6.2 1.7 -3.4
v 6.2 1.7 -3.5
v 6.2 1.7 -4.3
v 6.2 1.7 -4.4
v 6.2 2 -3.7
v 6.2 2 -3.8
v 6.2 2 -4
v 6.2 2 -4.1
v 6.2 2.1 -3.7
v 6.2 2.1 -3.8
v 6.2 2.1 -4
v 6.2 2.1 -4.1
v 6.3 1 -1.5
v 6.3 1 -1.6
v 6.3 1 -2
v 6.3 1 -2.1
v 6.3 1 -5.7
v 6.3 1 -5.8
v 6.3 1 -6.2
v 6.3 1 -6.3
v 6.3 1.1 -1.4
v 6.3 1.1 -1.5
v 6.3 1.1 -1.6
v 6.3 1.1 -2
v 6.3 1.1 -2.1
v 6.3 1.1 -2.2
v 6.3 1.1 -5.6
v 6.3 1.1 -5.7
v 6.3 1.1 -5.8
v 6.3 1.1 -6.2
v 6.3 1.1 -6.3
v 6.3 1.1 -6.4
v 6.3 1.2 -1.3
v 6.3 1.2 -1.4
v 6.3 1.2 -1.5
v 6.3 1.2 -2.1
v 6.3 1.2 -2.2
v 6.3 1.2 -2.3
v 6.3 1.2 -5.5
v 6.3 1.2 -5.6
v 6.3 1.2 -5.7
v 6.3 1.2 -6.3
v 6.3 1.2 -6.4
v 6.3 1.2 -6.5
v 6.3 1.3 -1.3
v 6.3 1.3 -1.4
v 6.3 1.3 -2.2
v 6.3 1.3 -2.3
v 6.3 1.3 -5.5
v 6.3 1.3 -5.6
v 6.3 1.3 -6.4
v 6.3 1.3 -6.5
v 6.3 1.4 -1.3
v 6.3 1.4 -1.4
v 6.3 1.4 -2.2
v 6.3 1.4 -2.3
v 6.3 1.4 -5.5
v 6.3 1.4 -5.6
v 6.3 1.4 -6.4
v 6.3 1.4 -6.5
v 6.3 1.5 -1.3
v 6.3 1.5 -1.4
v 6.3 1.5 -2.2
v 6.3 1.5 -2.3
v 6.3 1.5 -5.5
v 6.3 1.5 -5.6
v 6.3 1.5 -6.4
v 6.3 1.5 -6.5
v 6.3 1.7 -1.6
v 6.3 1.7 -1.7
v 6.3 1.7 -1.9
v 6.3 1.7 -2
v 6.3 1.7 -3.5
v 6.3 1.7 -3.6
v 6.3 1.7 -4.2
v 6.3 1.7 -4.3
v 6.3 1.7 -5.8
v 6.3 1.7 -5.9
v 6.3 1.7 -6.1
v 6.3 1.7 -6.2
v 6.3 1.8 -1.6
v 6.3 1.8 -1.7
v 6.3 1.8 -1.9
v 6.3 1.8 -2
v 6.3 1.8 -3.5
v 6.3 1.8 -3.6
v 6.3 1.8 -4.2
v 6.3 1.8 -4.3
v 6.3 1.8 -5.8
v 6.3 1.8 -5.9
v 6.3 1.8 -6.1
v 6.3 1.8 -6.2
v 6.3 1.9 -3.6
v 6.3 1.9 -3.7
v 6.3 1.9 -4.1
v 6.3 1.9 -4.2
v 6.3 2 -3.6
v 6.3 2 -3.7
v 6.3 2 -4.1
v 6.3 2 -4.2
v 6.4 1 -3.5
v 6.4 1 -3.6
v 6.4 1 -4.2
v 6.4 1 -4.3
v 6.4 1.1 -3.4
v 6.4 1.1 -3.5
v 6.4 1.1 -3.6
v 6.4 1.1 -4.2
v 6.4 1.1 -4.3
v 6.4 1.1 -4.4
v 6.4 1.2 -3.4
v 6.4 1.2 -3.5
v 6.4 1.2 -4.2
v 6.4 1.2 -4.3
v 6.4 1.2 -4.4
v 6.4 1.5 -3.4
v 6.4 1.5 -3.5
v 6.4 1.5 -4.3
v 6.4 1.5 -4.4
v 6.4 1.6 -3.4
v 6.4 1.6 -3.5
v 6.4 1.6 -4.3
v 6.4 1.6 -4.4
v 6.4 1.9 -3.7
v 6.4 1.9 -3.8
v 6.4 1.9 -4
v 6.4 1.9 -4.1
v 6.4 2 -3.7
v 6.4 2 -3.8
v 6.4 2 -4
v 6.4 2 -4.1
v 6.4 2.1 -3.8
v 6.4 2.1 -4
v 6.5 1 -3.6
v 6.5 1 -3.7
v 6.5 1 -4.1
v 6.5 1 -4.2
v 6.5 1.1 -1.5
v 6.5 1.1 -2.1
v 6.5 1.1 -3.5
v 6.5 1.1 -3.6
v 6.5 1.1 -3.7
v 6.5 1.1 -4.1
v 6.5 1.1 -4.2
v 6.5 1.1 -5.7
v 6.5 1.1 -6.3
v 6.5 1.2 -1.4
v 6.5 1.2 -1.5
v 6.5 1.2 -2.1
v 6.5 1.2 -2.2
v 6.5 1.2 -3.5
v 6.5 1.2 -3.6
v 6.5 1.2 -5.6
v 6.5 1.2 -5.7
v 6.5 1.2 -6.3
v 6.5 1.2 -6.4
v 6.5 1.6 -1.4
v 6.5 1.6 -1.5
v 6.5 1.6 -2.1
v 6.5 1.6 -2.2
v 6.5 1.6 -5.6
v 6.5 1.6 -5.7
v 6.5 1.6 -6.3
v 6.5 1.6 -6.4
v 6.5 1.7 -1.5
v 6.5 1.7 -2.1
v 6.5 1.7 -5.7
v 6.5 1.7 -6.3
v 6.5 1.8 -3.6
v 6.5 1.8 -3.7
v 6.5 1.8 -4.1
v 6.5 1.8 -4.2
v 6.5 1.9 -3.6
v 6.5 1.9 -3.7
v 6.5 1.9 -4.1
v 6.5 1.9 -4.2
v 6.6 1 -1.5
v 6.6 1 -2.1
v 6.6 1 -5.7
v 6.6 1 -6.3
v 6.6 1.1 -1.4
v 6.6 1.1 -1.5
v 6.6 1.1 -2.1
v 6.6 1.1 -2.2
v 6.6 1.1 -5.6
v 6.6 1.1 -5.7
v 6.6 1.1 -6.3
v 6.6 1.1 -6.4
v 6.6 1.2 -1.3
v 6.6 1.2 -1.4
v 6.6 1.2 -1.5
v 6.6 1.2 -2.1
v 6.6 1.2 -2.2
v 6.6 1.2 -2.3
v 6.6 1.2 -5.5
v 6.6 1.2 -5.6
v 6.6 1.2 -5.7
v 6.6 1.2 -6.3
v 6.6 1.2 -6.4
v 6.6 1.2 -6.5
v 6.6 1.6 -1.3
v 6.6 1.6 -1.4
v 6.6 1.6 -1.5
v 6.6 1.6 -2.1
v 6.6 1.6 -2.2
v 6.6 1.6 -2.3
v 6.6 1.6 -3.5
v 6.6 1.6 -3.6
v 6.6 1.6 -4.2
v 6.6 1.6 -4.3
v 6.6 1.6 -5.5
v 6.6 1.6 -5.6
v 6.6 1.6 -5.7
v 6.6 1.6 -6.3
v 6.6 1.6 -6.4
v 6.6 1.6 -6.5
v 6.6 1.7 -1.4
v 6.6 1.7 -1.5
v 6.6 1.7 -2.1
v 6.6 1.7 -2.2
v 6.6 1.7 -3.5
v 6.6 1.7 -3.6
v 6.6 1.7 -3.7
v 6.6 1.7 -4.1
v 6.6 1.7 -4.2
v 6.6 1.7 -4.3
v 6.6 1.7 -5.6
v 6.6 1.7 -5.7
v 6.6 1.7 -6.3
v 6.6 1.7 -6.4
v 6.6 1.8 -1.5
v 6.6 1.8 -2.1
v 6.6 1.8 -3.6
v 6.6 1.8 -3.7
v 6.6 1.8 -3.8
v 6.6 1.8 -4
v 6.6 1.8 -4.1
v 6.6 1.8 -4.2
v 6.6 1.8 -5.7
v 6.6 1.8 -6.3
v 6.6 1.9 -3.7
v 6.6 1.9 -3.8
v 6.6 1.9 -4
v 6.6 1.9 -4.1
v 6.7 1.2 -1.5
v 6.7 1.2 -1.6
v 6.7 1.2 -2
v 6.7 1.2 -2.1
v 6.7 1.2 -5.7
v 6.7 1.2 -5.8
v 6.7 1.2 -6.2
v 6.7 1.2 -6.3
v 6.7 1.3 -1.5
v 6.7 1.3 -1.6
v 6.7 1.3 -2
v 6.7 1.3 -2.1
v 6.7 1.3 -5.7
v 6.7 1.3 -5.8
v 6.7 1.3 -6.2
v 6.7 1.3 -6.3
v 6.7 1.5 -1.5
v 6.7 1.5 -1.6
v 6.7 1.5 -2
v 6.7 1.5 -2.1
v 6.7 1.5 -5.7
v 6.7 1.5 -5.8
v 6.7 1.5 -6.2
v 6.7 1.5 -6.3
v 6.7 1.6 -1.5
v 6.7 1.6 -1.6
v 6.7 1.6 -2
v 6.7 1.6 -2.1
v 6.7 1.6 -5.7
v 6.7 1.6 -5.8
v 6.7 1.6 -6.2
v 6.7 1.6 -6.3
v 6.7 1.9 -3.8
v 6.7 1.9 -4
v 6.7 2 -3.8
v 6.7 2 -4
v 6.8 1.2 -1.6
v 6.8 1.2 -2
v 6.8 1.2 -5.8
v 6.8 1.2 -6.2
v 6.8 1.3 -1.5
v 6.8 1.3 -1.6
v 6.8 1.3 -2
v 6.8 1.3 -2.1
v 6.8 1.3 -5.7
v 6.8 1.3 -5.8
v 6.8 1.3 -6.2
v 6.8 1.3 -6.3
v 6.8 1.5 -1.5
v 6.8 1.5 -1.6
v 6.8 1.5 -2
v 6.8 1.5 -2.1
v 6.8 1.5 -5.7
v 6.8 1.5 -5.8
v 6.8 1.5 -6.2
v 6.8 1.5 -6.3
v 6.8 1.6 -1.6
v 6.8 1.6 -2
v 6.8 1.6 -5.8
v 6.8 1.6 -6.2
v 6.8 1.7 -3.8
v 6.8 1.7 -4
v 6.8 1.8 -3.8
v 6.8 1.8 -4
v 6.8 1.9 -3.8
v 6.8 1.9 -4
v 7.5 1 -3.7
v 7.5 1 -4
v 7.5 1 -4.1
v 7.5 1.1 -3.6
v 7.5 1.1 -3.7
v 7.5 1.1 -4
v 7.5 1.1 -4.1
v 7.5 1.1 -4.2
v 7.5 1.2 -3.4
v 7.5 1.2 -3.5
v 7.5 1.2 -3.6
v 7.5 1.2 -3.7
v 7.5 1.2 -4.1
v 7.5 1.2 -4.2
v 7.5 1.2 -4.3
v 7.5 1.2 -4.4
v 7.5 1.3 -3.4
v 7.5 1.3 -3.5
v 7.5 1.3 -4.3
v 7.5 1.3 -4.4
v 7.5 1.4 -4.3
v 7.5 1.5 -3.4
v 7.5 1.5 -3.5
v 7.5 1.5 -3.6
v 7.5 1.5 -4.2
v 7.5 1.5 -4.3
v 7.5 1.5 -4.4
v 7.5 1.6 -3.5
v 7.5 1.6 -3.6
v 7.5 1.6 -3.7
v 7.5 1.6 -4.1
v 7.5 1.6 -4.2
v 7.5 1.6 -4.3
v 7.5 1.7 -3.6
v 7.5 1.7 -3.7
v 7.5 1.7 -3.8
v 7.5 1.7 -4
v 7.5 1.7 -4.1
v 7.5 1.7 -4.2
v 7.5 1.8 -3.7
v 7.5 1.8 -3.8
v 7.5 1.8 -4
v 7.5 1.8 -4.1
v 7.7 1.1 -3.7
v 7.7 1.1 -3.8
v 7.7 1.1 -4
v 7.7 1.1 -4.1
v 7.7 1.2 -3.5
v 7.7 1.2 -3.6
v 7.7 1.2 -3.7
v 7.7 1.2 -3.8
v 7.7 1.2 -4
v 7.7 1.2 -4.1
v 7.7 1.2 -4.3
v 7.7 1.3 -3.6
v 7.7 1.3 -3.7
v 7.7 1.3 -4.1
v 7.7 1.3 -4.2
v 7.7 1.3 -4.3
v 7.7 1.5 -3.5
v 7.7 1.5 -3.6
v 7.7 1.5 -4.2
v 7.7 1.5 -4.3
v 7.8 1.1 -3.8
v 7.8 1.1 -4
v 7.8 1.2 -3.7
v 7.8 1.2 -3.8
v 7.8 1.2 -4
v 7.8 1.2 -4.1
v 7.8 1.3 -3.6
v 7.8 1.3 -3.7
v 7.8 1.3 -3.8
v 7.8 1.3 -4
v 7.8 1.3 -4.1
v 7.8 1.3 -4.2
v 7.8 1.6 -3.6
v 7.8 1.6 -3.7
v 7.8 1.6 -3.8
v 7.8 1.6 -4
v 7.8 1.6 -4.1
v 7.8 1.6 -4.2
v 7.8 1.7 -3.7
v 7.8 1.7 -3.8
v 7.8 1.7 -4
v 7.8 1.7 -4.1
v 7.9 1.2 -3.8
v 7.9 1.2 -4
v 7.9 1.3 -3.7
v 7.9 1.3 -3.8
v 7.9 1.3 -3.9
v 7.9 1.3 -4
v 7.9 1.3 -4.1
v 7.9 1.4 -3.8
v 7.9 1.4 -4
v 7.9 1.5 -3.8
v 7.9 1.5 -3.9
v 7.9 1.5 -4
v 7.9 1.6 -3.7
v 7.9 1.6 -3.8
v 7.9 1.6 -4
v 7.9 1.6 -4.1
v 8 1.3 -3.8
v 8 1.3 -3.9
v 8 1.3 -4
v 8 1.4 -3.8
v 8 1.4 -3.9
v 8 1.4 -4
v 8 1.5 -3.8
v 8 1.5 -3.9
v 8 1.5 -4
v 5 1.2 0
v 5 1.3 0
v 5.1 1.2 0
v 5.1 1.3 0
v 5.2 1.2 0
v 5.2 1.3 0
v 5.3 1.2 0
v 5.3 1.3 0
v 5.5 1.2 0
v 5.5 1.3 0
v 5.6 1.2 0
v 5.6 1.3 0
v 4.9 1.2 -0.1
v 4.9 1.3 -0.1
v 5 1.2 -0.1
v 5 1.3 -0.1
v 5.6 1.2 -0.1
v 5.6 1.3 -0.1
v 5.7 1.2 -0.1
v 5.7 1.3 -0.1
v 5.7 1.2 -0.2
v 5.7 1.3 -0.2
v 5.8 1.2 -0.2
v 5.8 1.3 -0.2
v 5.8 1.2 -0.3
v 5.8 1.3 -0.3
v 5.9 1.2 -0.3
v 5.9 1.3 -0.3
v 4.8 1.2 -0.6
v 4.8 1.3 -0.6
v 4.9 1.2 -0.6
v 4.9 1.3 -0.6
v 0.1 1.4 -0.7
v 0.1 1.5 -0.7
v 0.2 1.4 -0.7
v 0.2 1.5 -0.7
v 0.4 1.4 -0.7
v 0.4 1.5 -0.7
v 0 1.4 -0.8
v 0 1.5 -0.8
v 0 1.6 -0.8
v 0.1 1.4 -0.8
v 0.1 1.5 -0.8
v 0.1 1.6 -0.8
v 0.2 1.5 -0.8
v 0.2 1.6 -0.8
v 0.4 1.4 -0.8
v 0.4 1.5 -0.8
v 0.5 1.4 -0.8
v 0.5 1.5 -0.8
v 4.7 1.2 -0.8
v 4.7 1.3 -0.8
v 4.8 1.2 -0.8
v 4.8 1.3 -0.8
v 0.5 1.4 -1.3
v 0.5 1.5 -1.3
v 0.6 1.4 -1.3
v 0.6 1.5 -1.3
v 3.2 1.2 -1.3
v 3.2 1.3 -1.3
v 3.2 1.6 -1.3
v 3.6 1.5 -1.3
v 3.6 1.6 -1.3
v 3.7 1.3 -1.3
v 3.7 1.4 -1.3
v 3.7 1.5 -1.3
v 3.7 1.6 -1.3
v 3.8 1.3 -1.3
v 3.8 1.4 -1.3
v 3.9 1.1 -1.3
v 3.9 1.2 -1.3
v 3.9 1.3 -1.3
v 3.9 1.5 -1.3
v 4 1.2 -1.3
v 4 1.3 -1.3
v 4.1 1.4 -1.3
v 4.1 1.5 -1.3
v 4.2 1.4 -1.3
v 4.2 1.5 -1.3
v 4.3 1.4 -1.3
v 4.3 1.5 -1.3
v 4.6 1.6 -1.3
v 4.6 1.7 -1.3
v 4.7 1.2 -1.3
v 4.7 1.3 -1.3
v 4.8 1.2 -1.3
v 4.8 1.3 -1.3
v 4.8 1.6 -1.3
v 4.8 1.7 -1.3
v 5 1.6 -1.3
v 5 1.7 -1.3
v 5.2 1.5 -1.3
v 5.2 1.6 -1.3
v 5.2 1.7 -1.3
v 5.4 1.1 -1.3
v 5.4 1.2 -1.3
v 5.4 1.3 -1.3
v 5.4 1.4 -1.3
v 5.4 1.5 -1.3
v 5.4 1.6 -1.3
v 5.6 1.4 -1.3
v 5.6 1.5 -1.3
v 5.8 1.3 -1.3
v 5.8 1.4 -1.3
v 5.9 1.2 -1.3
v 5.9 1.3 -1.3
v 5.9 1.4 -1.3
v 5.9 1.5 -1.3
v 6 1.2 -1.3
v 6 1.4 -1.3
v 6.1 1.2 -1.3
v 6.1 1.5 -1.3
v 6.2 1.2 -1.3
v 6.2 1.6 -1.3
v 6.3 1.2 -1.3
v 6.3 1.3 -1.3
v 6.3 1.4 -1.3
v 6.3 1.5 -1.3
v 6.5 1.2 -1.3
v 6.5 1.3 -1.3
v 6.5 1.4 -1.3
v 6.5 1.5 -1.3
v 6.6 1.2 -1.3
v 6.6 1.6 -1.3
v 2.8 1.2 -1.4
v 2.8 1.3 -1.4
v 2.8 1.6 -1.4
v 2.9 1.3 -1.4
v 2.9 1.4 -1.4
v 3 1.3 -1.4
v 3 1.4 -1.4
v 3.2 1.2 -1.4
v 3.2 1.3 -1.4
v 3.2 1.6 -1.4
v 3.2 1.7 -1.4
v 3.6 1.1 -1.4
v 3.6 1.2 -1.4
v 3.6 1.6 -1.4
v 3.7 1.6 -1.4
v 3.9 1 -1.4
v 3.9 1.1 -1.4
v 3.9 1.2 -1.4
v 4.2 1.7 -1.4
v 4.2 1.8 -1.4
v 4.5 1.7 -1.4
v 4.5 1.8 -1.4
v 4.6 1.6 -1.4
v 4.6 1.7 -1.4
v 4.7 1.7 -1.4
v 4.7 1.8 -1.4
v 4.8 1.7 -1.4
v 4.8 1.8 -1.4
v 4.9 1.7 -1.4
v 4.9 1.8 -1.4
v 5 1.7 -1.4
v 5.2 1.6 -1.4
v 5.2 1.7 -1.4
v 5.2 1.8 -1.4
v 5.3 1.6 -1.4
v 5.3 1.7 -1.4
v 5.3 1.8 -1.4
v 5.4 1 -1.4
v 5.4 1.1 -1.4
v 5.4 1.2 -1.4
v 5.4 1.5 -1.4
v 5.4 1.6 -1.4
v 5.4 1.7 -1.4
v 5.5 1.1 -1.4
v 5.5 1.2 -1.4
v 5.5 1.6 -1.4
v 5.5 1.7 -1.4
v 5.6 1.5 -1.4
v 5.6 1.6 -1.4
v 5.6 1.7 -1.4
v 5.7 1.5 -1.4
v 5.7 1.6 -1.4
v 5.9 1.5 -1.4
v 6 1.5 -1.4
v 6 1.6 -1.4
v 6.1 1.2 -1.4
v 6.1 1.5 -1.4
v 6.1 1.6 -1.4
v 6.2 1.1 -1.4
v 6.2 1.2 -1.4
v 6.2 1.5 -1.4
v 6.2 1.6 -1.4
v 6.2 1.7 -1.4
v 6.3 1.1 -1.4
v 6.3 1.2 -1.4
v 6.3 1.3 -1.4
v 6.3 1.4 -1.4
v 6.3 1.5 -1.4
v 6.5 1.1 -1.4
v 6.5 1.2 -1.4
v 6.5 1.3 -1.4
v 6.5 1.4 -1.4
v 6.5 1.5 -1.4
v 6.6 1.1 -1.4
v 6.6 1.2 -1.4
v 6.6 1.6 -1.4
v 6.6 1.7 -1.4
v 1.6 1.4 -1.5
v 1.6 1.6 -1.5
v 2 1.2 -1.5
v 2 1.3 -1.5
v 2 1.4 -1.5
v 2.3 1.3 -1.5
v 2.3 1.4 -1.5
v 2.4 1.3 -1.5
v 2.4 1.4 -1.5
v 2.5 1.4 -1.5
v 2.5 1.5 -1.5
v 2.6 1.3 -1.5
v 2.6 1.4 -1.5
v 2.6 1.5 -1.5
v 2.7 1.3 -1.5
v 2.7 1.4 -1.5
v 2.8 1.1 -1.5
v 2.8 1.2 -1.5
v 2.8 1.3 -1.5
v 2.8 1.6 -1.5
v 2.8 1.7 -1.5
v 3.1 1.7 -1.5
v 3.1 1.8 -1.5
v 3.2 1.6 -1.5
v 3.2 1.7 -1.5
v 3.6 1 -1.5
v 3.6 1.1 -1.5
v 3.6 1.2 -1.5
v 3.9 1 -1.5
v 3.9 1.1 -1.5
v 4.2 1.7 -1.5
v 4.2 1.8 -1.5
v 4.5 1.8 -1.5
v 4.5 1.9 -1.5
v 4.6 0.9 -1.5
v 4.6 1 -1.5
v 4.7 1.8 -1.5
v 4.8 1.8 -1.5
v 4.9 0.9 -1.5
v 4.9 1 -1.5
v 4.9 1.8 -1.5
v 5.1 1.8 -1.5
v 5.1 1.9 -1.5
v 5.2 1.8 -1.5
v 5.3 1.7 -1.5
v 5.3 1.8 -1.5
v 5.3 1.9 -1.5
v 5.4 1 -1.5
v 5.4 1.1 -1.5
v 5.4 1.7 -1.5
v 5.4 1.8 -1.5
v 5.4 1.9 -1.5
v 5.5 1 -1.5
v 5.5 1.1 -1.5
v 5.5 1.2 -1.5
v 5.5 1.7 -1.5
v 5.5 1.8 -1.5
v 5.5 1.9 -1.5
v 5.6 1.6 -1.5
v 5.6 1.7 -1.5
v 5.6 1.8 -1.5
v 5.7 1.2 -1.5
v 5.7 1.6 -1.5
v 5.7 1.7 -1.5
v 5.8 1.6 -1.5
v 5.8 1.7 -1.5
v 5.9 1.1 -1.5
v 5.9 1.2 -1.5
v 5.9 1.6 -1.5
v 5.9 1.7 -1.5
v 6 1.1 -1.5
v 6 1.2 -1.5
v 6 1.6 -1.5
v 6 1.7 -1.5
v 6.1 1.1 -1.5
v 6.1 1.2 -1.5
v 6.1 1.5 -1.5
v 6.1 1.6 -1.5
v 6.1 1.7 -1.5
v 6.2 1 -1.5
v 6.2 1.1 -1.5
v 6.2 1.2 -1.5
v 6.2 1.5 -1.5
v 6.2 1.7 -1.5
v 6.2 1.8 -1.5
v 6.3 1 -1.5
v 6.3 1.1 -1.5
v 6.3 1.2 -1.5
v 6.5 1 -1.5
v 6.5 1.1 -1.5
v 6.5 1.2 -1.5
v 6.5 1.6 -1.5
v 6.6 1 -1.5
v 6.6 1.1 -1.5
v 6.6 1.2 -1.5
v 6.6 1.6 -1.5
v 6.6 1.7 -1.5
v 6.6 1.8 -1.5
v 6.7 1.2 -1.5
v 6.7 1.3 -1.5
v 6.7 1.5 -1.5
v 6.7 1.6 -1.5
v 6.8 1.3 -1.5
v 6.8 1.5 -1.5
v 1.2 1.4 -1.6
v 1.2 1.6 -1.6
v 1.2 1.7 -1.6
v 1.4 1.5 -1.6
v 1.4 1.6 -1.6
v 1.5 1.5 -1.6
v 1.5 1.6 -1.6
v 1.6 1.4 -1.6
v 1.6 1.6 -1.6
v 1.8 1 -1.6
v 1.8 1.1 -1.6
v 1.9 1 -1.6
v 1.9 1.1 -1.6
v 2 1.6 -1.6
v 2 1.7 -1.6
v 2.2 1 -1.6
v 2.2 1.2 -1.6
v 2.3 1 -1.6
v 2.3 1.2 -1.6
v 2.8 1.6 -1.6
v 2.8 1.7 -1.6
v 2.8 1.8 -1.6
v 3.1 1 -1.6
v 3.1 1.1 -1.6
v 3.1 1.7 -1.6
v 3.1 1.8 -1.6
v 3.6 1 -1.6
v 3.6 1.1 -1.6
v 4.1 1.8 -1.6
v 4.1 1.9 -1.6
v 4.3 1.8 -1.6
v 4.3 1.9 -1.6
v 4.4 1.8 -1.6
v 4.5 0.8 -1.6
v 4.5 1 -1.6
v 4.5 1.8 -1.6
v 4.5 1.9 -1.6
v 4.6 0.9 -1.6
v 4.6 1 -1.6
v 4.6 1.9 -1.6
v 4.6 2 -1.6
v 4.9 0.9 -1.6
v 4.9 1 -1.6
v 5 0.8 -1.6
v 5 1 -1.6
v 5.1 1.9 -1.6
v 5.2 1.9 -1.6
v 5.2 2 -1.6
v 5.5 1 -1.6
v 5.5 1.1 -1.6
v 5.5 1.8 -1.6
v 5.5 1.9 -1.6
v 5.6 1.7 -1.6
v 5.6 1.8 -1.6
v 5.6 1.9 -1.6
v 5.7 1 -1.6
v 5.7 1.1 -1.6
v 5.7 1.7 -1.6
v 5.7 1.8 -1.6
v 5.8 1.7 -1.6
v 5.9 1.1 -1.6
v 5.9 1.7 -1.6
v 6 1 -1.6
v 6 1.1 -1.6
v 6 1.7 -1.6
v 6 1.8 -1.6
v 6.1 1 -1.6
v 6.1 1.1 -1.6
v 6.1 1.7 -1.6
v 6.1 1.8 -1.6
v 6.3 1 -1.6
v 6.3 1.1 -1.6
v 6.5 1 -1.6
v 6.5 1.1 -1.6
v 6.7 1.2 -1.6
v 6.7 1.3 -1.6
v 6.7 1.5 -1.6
v 6.7 1.6 -1.6
v 6.8 1.2 -1.6
v 6.8 1.3 -1.6
v 6.8 1.5 -1.6
v 6.8 1.6 -1.6
v 0 1.4 -1.7
v 0 2 -1.7
v 0 2.1 -1.7
v 0.1 1.5 -1.7
v 0.1 2 -1.7
v 0.2 1.4 -1.7
v 0.2 1.5 -1.7
v 0.2 1.7 -1.7
v 0.2 2 -1.7
v 0.2 2.1 -1.7
v 0.4 1.6 -1.7
v 0.4 1.7 -1.7
v 0.4 1.9 -1.7
v 0.4 2 -1.7
v 0.5 1.6 -1.7
v 0.5 1.7 -1.7
v 0.6 1.4 -1.7
v 0.6 1.5 -1.7
v 0.6 1.6 -1.7
v 0.6 1.7 -1.7
v 0.6 1.8 -1.7
v 0.6 1.9 -1.7
v 0.8 1.3 -1.7
v 0.8 1.4 -1.7
v 0.8 1.5 -1.7
v 0.8 1.6 -1.7
v 0.8 1.7 -1.7
v 0.8 1.8 -1.7
v 0.9 1.4 -1.7
v 0.9 1.5 -1.7
v 0.9 1.6 -1.7
v 1 1.5 -1.7
v 1 1.6 -1.7
v 1.2 1.2 -1.7
v 1.2 1.3 -1.7
v 1.2 1.4 -1.7
v 1.2 1.6 -1.7
v 1.2 1.7 -1.7
v 1.7 0.9 -1.7
v 1.7 1.2 -1.7
v 1.8 1 -1.7
v 1.8 1.1 -1.7
v 1.9 1 -1.7
v 1.9 1.1 -1.7
v 2 0.9 -1.7
v 2 1 -1.7
v 2 1.1 -1.7
v 2 1.2 -1.7
v 2 1.3 -1.7
v 2 1.4 -1.7
v 2.2 1.1 -1.7
v 2.2 1.2 -1.7
v 2.3 1.1 -1.7
v 2.3 1.2 -1.7
v 2.4 1.1 -1.7
v 2.4 1.2 -1.7
v 2.8 1.1 -1.7
v 2.8 1.2 -1.7
v 4 1.8 -1.7
v 4 1.9 -1.7
v 4.1 1.8 -1.7
v 4.1 1.9 -1.7
v 4.4 1 -1.7
v 4.4 1.1 -1.7
v 4.5 1 -1.7
v 4.5 1.9 -1.7
v 4.5 2 -1.7
v 4.6 1.9 -1.7
v 4.6 2 -1.7
v 5 1 -1.7
v 5.1 1 -1.7
v 5.1 1.1 -1.7
v 5.2 1.9 -1.7
v 5.2 2 -1.7
v 5.4 1.9 -1.7
v 5.4 2 -1.7
v 6.3 1.7 -1.7
v 6.3 1.8 -1.7
v 6.5 1.7 -1.7
v 6.5 1.8 -1.7
v 2 1 -1.8
v 2 1.1 -1.8
v 2.2 1 -1.8
v 2.2 1.1 -1.8
v 4.3 1 -1.9
v 4.3 1.1 -1.9
v 4.4 1 -1.9
v 4.4 1.1 -1.9
v 4.8 0.7 -1.9
v 4.8 0.8 -1.9
v 4.8 0.9 -1.9
v 4.9 0.7 -1.9
v 4.9 0.8 -1.9
v 4.9 0.9 -1.9
v 5.1 1 -1.9
v 5.1 1.1 -1.9
v 5.2 1 -1.9
v 5.2 1.1 -1.9
v 5.8 1.7 -1.9
v 5.8 1.8 -1.9
v 5.9 1.7 -1.9
v 5.9 1.8 -1.9
v 4.4 1 -2
v 4.4 1.1 -2
v 4.8 1 -2
v 4.9 0.8 -2
v 4.9 0.9 -2
v 4.9 1 -2
v 5 0.8 -2
v 5 0.9 -2
v 5.1 1 -2
v 5.1 1.1 -2
v 6.3 1.7 -2
v 6.3 1.8 -2
v 6.5 1.7 -2
v 6.5 1.8 -2
v 6.5 1.1 -2.1
v 6.5 1.2 -2.1
v 6.5 1.6 -2.1
v 6.5 1.7 -2.1
v 6.6 1.1 -2.1
v 6.6 1.2 -2.1
v 6.6 1.6 -2.1
v 6.6 1.7 -2.1
v 0 1.4 -2.2
v 0 1.5 -2.2
v 0.2 1.4 -2.2
v 0.2 1.5 -2.2
v 6.5 1.2 -2.2
v 6.5 1.6 -2.2
v 6.6 1.2 -2.2
v 6.6 1.6 -2.2
v 4.2 1.2 -3.4
v 4.2 1.3 -3.4
v 4.2 1.6 -3.4
v 4.5 1.2 -3.4
v 4.5 1.3 -3.4
v 4.6 1.3 -3.4
v 4.6 1.5 -3.4
v 4.6 1.6 -3.4
v 4.7 1.3 -3.4
v 4.7 1.4 -3.4
v 4.7 1.5 -3.4
v 4.7 1.6 -3.4
v 4.8 1.3 -3.4
v 4.8 1.4 -3.4
v 4.9 1.1 -3.4
v 4.9 1.2 -3.4
v 4.9 1.3 -3.4
v 4.9 1.5 -3.4
v 5.1 1.4 -3.4
v 5.1 1.5 -3.4
v 5.2 1.4 -3.4
v 5.2 1.5 -3.4
v 5.3 1.4 -3.4
v 5.3 1.5 -3.4
v 5.6 1.6 -3.4
v 5.6 1.7 -3.4
v 5.8 1.6 -3.4
v 5.8 1.7 -3.4
v 5.9 1.2 -3.4
v 5.9 1.3 -3.4
v 6 1.6 -3.4
v 6 1.7 -3.4
v 6.2 1.5 -3.4
v 6.2 1.6 -3.4
v 6.2 1.7 -3.4
v 6.4 1.1 -3.4
v 6.4 1.2 -3.4
v 6.4 1.3 -3.4
v 6.4 1.4 -3.4
v 6.4 1.5 -3.4
v 6.4 1.6 -3.4
v 6.6 1.4 -3.4
v 6.6 1.5 -3.4
v 6.8 1.3 -3.4
v 6.8 1.4 -3.4
v 6.9 1.2 -3.4
v 6.9 1.4 -3.4
v 6.9 1.5 -3.4
v 7 1.2 -3.4
v 7 1.4 -3.4
v 7.1 1.2 -3.4
v 7.1 1.5 -3.4
v 7.3 1.2 -3.4
v 7.3 1.3 -3.4
v 7.5 1.2 -3.4
v 7.5 1.3 -3.4
v 7.5 1.5 -3.4
v 3.6 1.3 -3.5
v 3.6 1.5 -3.5
v 3.6 1.6 -3.5
v 3.7 1.3 -3.5
v 3.7 1.4 -3.5
v 3.7 1.5 -3.5
v 3.7 1.6 -3.5
v 3.8 1.2 -3.5
v 3.8 1.3 -3.5
v 3.8 1.4 -3.5
v 3.9 1.3 -3.5
v 3.9 1.4 -3.5
v 4 1.3 -3.5
v 4 1.4 -3.5
v 4.2 1.2 -3.5
v 4.2 1.3 -3.5
v 4.2 1.6 -3.5
v 4.2 1.7 -3.5
v 4.6 1.1 -3.5
v 4.6 1.2 -3.5
v 4.6 1.6 -3.5
v 4.7 1.6 -3.5
v 4.9 1 -3.5
v 4.9 1.1 -3.5
v 4.9 1.2 -3.5
v 5.2 1.7 -3.5
v 5.2 1.8 -3.5
v 5.5 1.7 -3.5
v 5.5 1.8 -3.5
v 5.6 1.6 -3.5
v 5.6 1.7 -3.5
v 5.7 1.7 -3.5
v 5.7 1.8 -3.5
v 5.8 1.7 -3.5
v 5.8 1.8 -3.5
v 5.9 1.7 -3.5
v 5.9 1.8 -3.5
v 6 1.7 -3.5
v 6.2 1.6 -3.5
v 6.2 1.7 -3.5
v 6.2 1.8 -3.5
v 6.3 1.6 -3.5
v 6.3 1.7 -3.5
v 6.3 1.8 -3.5
v 6.4 1 -3.5
v 6.4 1.1 -3.5
v 6.4 1.2 -3.5
v 6.4 1.5 -3.5
v 6.4 1.6 -3.5
v 6.4 1.7 -3.5
v 6.5 1.1 -3.5
v 6.5 1.2 -3.5
v 6.5 1.6 -3.5
v 6.5 1.7 -3.5
v 6.6 1.5 -3.5
v 6.6 1.6 -3.5
v 6.6 1.7 -3.5
v 6.9 1.5 -3.5
v 7.1 1.5 -3.5
v 7.1 1.6 -3.5
v 7.4 1.5 -3.5
v 7.4 1.6 -3.5
v 7.5 1.2 -3.5
v 7.5 1.3 -3.5
v 7.5 1.5 -3.5
v 7.5 1.6 -3.5
v 7.6 1.2 -3.5
v 7.6 1.3 -3.5
v 7.6 1.5 -3.5
v 7.7 1.2 -3.5
v 7.7 1.5 -3.5
v 3.3 1.3 -3.6
v 3.3 1.4 -3.6
v 3.3 1.6 -3.6
v 3.5 1.3 -3.6
v 3.5 1.4 -3.6
v 3.6 1.2 -3.6
v 3.6 1.3 -3.6
v 3.6 1.4 -3.6
v 3.6 1.5 -3.6
v 3.6 1.6 -3.6
v 3.6 1.7 -3.6
v 3.7 1.3 -3.6
v 3.7 1.6 -3.6
v 3.8 1.1 -3.6
v 3.8 1.2 -3.6
v 3.8 1.3 -3.6
v 3.8 1.6 -3.6
v 3.8 1.7 -3.6
v 4.1 1.7 -3.6
v 4.1 1.8 -3.6
v 4.2 1.6 -3.6
v 4.2 1.7 -3.6
v 4.6 1 -3.6
v 4.6 1.1 -3.6
v 4.6 1.2 -3.6
v 4.9 1 -3.6
v 4.9 1.1 -3.6
v 5.2 1.7 -3.6
v 5.2 1.8 -3.6
v 5.5 1.8 -3.6
v 5.5 1.9 -3.6
v 5.6 1.9 -3.6
v 5.6 2 -3.6
v 5.7 1.8 -3.6
v 5.8 1.8 -3.6
v 5.8 1.9 -3.6
v 5.8 2 -3.6
v 5.9 1.8 -3.6
v 6.2 1.8 -3.6
v 6.2 1.9 -3.6
v 6.2 2 -3.6
v 6.3 1.7 -3.6
v 6.3 1.8 -3.6
v 6.3 1.9 -3.6
v 6.3 2 -3.6
v 6.4 1 -3.6
v 6.4 1.1 -3.6
v 6.4 1.7 -3.6
v 6.4 1.8 -3.6
v 6.4 1.9 -3.6
v 6.5 1 -3.6
v 6.5 1.1 -3.6
v 6.5 1.2 -3.6
v 6.5 1.7 -3.6
v 6.5 1.8 -3.6
v 6.5 1.9 -3.6
v 6.6 1.6 -3.6
v 6.6 1.7 -3.6
v 6.6 1.8 -3.6
v 6.7 1.6 -3.6
v 6.7 1.7 -3.6
v 6.8 1.6 -3.6
v 6.8 1.7 -3.6
v 7 1.2 -3.6
v 7 1.6 -3.6
v 7 1.7 -3.6
v 7.1 1.1 -3.6
v 7.1 1.2 -3.6
v 7.1 1.6 -3.6
v 7.1 1.7 -3.6
v 7.4 1.1 -3.6
v 7.4 1.2 -3.6
v 7.4 1.6 -3.6
v 7.5 1.1 -3.6
v 7.5 1.2 -3.6
v 7.5 1.5 -3.6
v 7.5 1.6 -3.6
v 7.5 1.7 -3.6
v 7.6 1.5 -3.6
v 7.7 1.3 -3.6
v 7.7 1.5 -3.6
v 7.8 1.3 -3.6
v 7.8 1.6 -3.6
v 3.2 1.3 -3.7
v 3.2 1.4 -3.7
v 3.2 1.6 -3.7
v 3.3 1.3 -3.7
v 3.3 1.4 -3.7
v 3.3 1.6 -3.7
v 3.3 1.7 -3.7
v 3.4 1.2 -3.7
v 3.4 1.3 -3.7
v 3.5 1.3 -3.7
v 3.5 1.6 -3.7
v 3.5 1.7 -3.7
v 3.6 1.2 -3.7
v 3.6 1.3 -3.7
v 3.6 1.6 -3.7
v 3.6 1.7 -3.7
v 3.6 1.8 -3.7
v 3.7 1.1 -3.7
v 3.7 1.2 -3.7
v 3.8 1.1 -3.7
v 3.8 1.2 -3.7
v 3.8 1.7 -3.7
v 4.1 1 -3.7
v 4.1 1.1 -3.7
v 4.1 1.7 -3.7
v 4.1 1.8 -3.7
v 4.6 1 -3.7
v 4.6 1.1 -3.7
v 5.1 1.8 -3.7
v 5.1 1.9 -3.7
v 5.3 1.8 -3.7
v 5.3 1.9 -3.7
v 5.4 1.8 -3.7
v 5.4 1.9 -3.7
v 5.5 1.8 -3.7
v 5.5 1.9 -3.7
v 5.5 2 -3.7
v 5.6 1.9 -3.7
v 5.6 2 -3.7
v 5.6 2.1 -3.7
v 5.8 2 -3.7
v 5.8 2.1 -3.7
v 6.2 2 -3.7
v 6.2 2.1 -3.7
v 6.3 1.9 -3.7
v 6.3 2 -3.7
v 6.4 1.9 -3.7
v 6.4 2 -3.7
v 6.5 1 -3.7
v 6.5 1.1 -3.7
v 6.5 1.8 -3.7
v 6.5 1.9 -3.7
v 6.6 1.7 -3.7
v 6.6 1.8 -3.7
v 6.6 1.9 -3.7
v 6.7 1.7 -3.7
v 6.7 1.8 -3.7
v 6.8 1.7 -3.7
v 6.8 1.8 -3.7
v 7 1.7 -3.7
v 7 1.8 -3.7
v 7.1 1 -3.7
v 7.1 1.1 -3.7
v 7.1 1.7 -3.7
v 7.1 1.8 -3.7
v 7.2 1 -3.7
v 7.2 1.1 -3.7
v 7.2 1.7 -3.7
v 7.2 1.8 -3.7
v 7.3 1 -3.7
v 7.3 1.1 -3.7
v 7.4 1 -3.7
v 7.4 1.1 -3.7
v 7.5 1 -3.7
v 7.5 1.1 -3.7
v 7.5 1.2 -3.7
v 7.5 1.6 -3.7
v 7.5 1.7 -3.7
v 7.5 1.8 -3.7
v 7.6 1.1 -3.7
v 7.6 1.2 -3.7
v 7.7 1.1 -3.7
v 7.7 1.2 -3.7
v 7.7 1.3 -3.7
v 7.8 1.2 -3.7
v 7.8 1.3 -3.7
v 7.8 1.6 -3.7
v 7.8 1.7 -3.7
v 7.9 1.3 -3.7
v 7.9 1.6 -3.7
v 3.1 1.3 -3.8
v 3.1 1.4 -3.8
v 3.1 1.5 -3.8
v 3.2 1.3 -3.8
v 3.2 1.4 -3.8
v 3.2 1.5 -3.8
v 3.3 1.2 -3.8
v 3.3 1.3 -3.8
v 3.4 1.2 -3.8
v 3.4 1.3 -3.8
v 3.6 1.1 -3.8
v 3.6 1.2 -3.8
v 3.7 1.1 -3.8
v 3.7 1.2 -3.8
v 5 1.8 -3.8
v 5 1.9 -3.8
v 5.1 1.8 -3.8
v 5.1 1.9 -3.8
v 5.4 1 -3.8
v 5.4 1.1 -3.8
v 5.4 1.9 -3.8
v 5.4 2 -3.8
v 5.5 1.9 -3.8
v 5.5 2 -3.8
v 5.5 2.1 -3.8
v 5.6 2 -3.8
v 5.6 2.1 -3.8
v 6.1 1 -3.8
v 6.1 1.1 -3.8
v 6.2 2 -3.8
v 6.2 2.1 -3.8
v 6.3 2 -3.8
v 6.3 2.1 -3.8
v 6.4 1.9 -3.8
v 6.4 2 -3.8
v 6.4 2.1 -3.8
v 6.5 1.9 -3.8
v 6.6 1.8 -3.8
v 6.6 1.9 -3.8
v 6.7 1.8 -3.8
v 6.7 1.9 -3.8
v 6.7 2 -3.8
v 6.8 1.8 -3.8
v 6.8 1.9 -3.8
v 7.7 1.1 -3.8
v 7.7 1.2 -3.8
v 7.8 1.1 -3.8
v 7.8 1.2 -3.8
v 7.8 1.3 -3.8
v 7.9 1.2 -3.8
v 7.9 1.3 -3.8
v 7.9 1.4 -3.8
v 7.9 1.5 -3.8
v 8 1.3 -3.8
v 8 1.4 -3.8
v 8 1.5 -3.8
v 5.3 1 -4
v 5.3 1.1 -4
v 5.4 1 -4
v 5.4 1.1 -4
v 6.1 1 -4
v 6.1 1.1 -4
v 6.2 1 -4
v 6.2 1.1 -4
v 6.8 1.7 -4
v 6.8 1.8 -4
v 6.9 1.7 -4
v 6.9 1.8 -4
v 5.4 1 -4.1
v 5.4 1.1 -4.1
v 6.1 1 -4.1
v 6.1 1.1 -4.1
v 0.5 1.4 -5.5
v 0.5 1.5 -5.5
v 0.6 1.4 -5.5
v 0.6 1.5 -5.5
v 3.2 1.2 -5.5
v 3.2 1.3 -5.5
v 3.2 1.6 -5.5
v 3.6 1.5 -5.5
v 3.6 1.6 -5.5
v 3.7 1.3 -5.5
v 3.7 1.4 -5.5
v 3.7 1.5 -5.5
v 3.7 1.6 -5.5
v 3.8 1.3 -5.5
v 3.8 1.4 -5.5
v 3.9 1.1 -5.5
v 3.9 1.2 -5.5
v 3.9 1.3 -5.5
v 3.9 1.5 -5.5
v 4 1.2 -5.5
v 4 1.3 -5.5
v 4.1 1.4 -5.5
v 4.1 1.5 -5.5
v 4.2 1.4 -5.5
v 4.2 1.5 -5.5
v 4.3 1.4 -5.5
v 4.3 1.5 -5.5
v 4.5 1.2 -5.5
v 4.5 1.3 -5.5
v 4.6 1.2 -5.5
v 4.6 1.3 -5.5
v 4.6 1.6 -5.5
v 4.6 1.7 -5.5
v 4.8 1.6 -5.5
v 4.8 1.7 -5.5
v 5 1.6 -5.5
v 5 1.7 -5.5
v 5.2 1.5 -5.5
v 5.2 1.6 -5.5
v 5.2 1.7 -5.5
v 5.4 1.1 -5.5
v 5.4 1.2 -5.5
v 5.4 1.3 -5.5
v 5.4 1.4 -5.5
v 5.4 1.5 -5.5
v 5.4 1.6 -5.5
v 5.6 1.4 -5.5
v 5.6 1.5 -5.5
v 5.8 1.3 -5.5
v 5.8 1.4 -5.5
v 5.9 1.2 -5.5
v 5.9 1.3 -5.5
v 5.9 1.4 -5.5
v 5.9 1.5 -5.5
v 6 1.2 -5.5
v 6 1.4 -5.5
v 6.1 1.2 -5.5
v 6.1 1.5 -5.5
v 6.2 1.2 -5.5
v 6.2 1.6 -5.5
v 6.3 1.2 -5.5
v 6.3 1.3 -5.5
v 6.3 1.4 -5.5
v 6.3 1.5 -5.5
v 6.5 1.2 -5.5
v 6.5 1.3 -5.5
v 6.5 1.4 -5.5
v 6.5 1.5 -5.5
v 6.6 1.2 -5.5
v 6.6 1.6 -5.5
v 2.8 1.2 -5.6
v 2.8 1.3 -5.6
v 2.8 1.6 -5.6
v 2.9 1.3 -5.6
v 2.9 1.4 -5.6
v 3 1.3 -5.6
v 3 1.4 -5.6
v 3.2 1.2 -5.6
v 3.2 1.3 -5.6
v 3.2 1.6 -5.6
v 3.2 1.7 -5.6
v 3.6 1.1 -5.6
v 3.6 1.2 -5.6
v 3.6 1.6 -5.6
v 3.7 1.6 -5.6
v 3.9 1 -5.6
v 3.9 1.1 -5.6
v 3.9 1.2 -5.6
v 4.2 1.7 -5.6
v 4.2 1.8 -5.6
v 4.5 1.7 -5.6
v 4.5 1.8 -5.6
v 4.6 1.6 -5.6
v 4.6 1.7 -5.6
v 4.7 1.7 -5.6
v 4.7 1.8 -5.6
v 4.8 0.7 -5.6
v 4.8 1 -5.6
v 4.8 1.7 -5.6
v 4.8 1.8 -5.6
v 4.9 0.7 -5.6
v 4.9 1 -5.6
v 4.9 1.7 -5.6
v 4.9 1.8 -5.6
v 5 1.7 -5.6
v 5.2 1.6 -5.6
v 5.2 1.7 -5.6
v 5.2 1.8 -5.6
v 5.3 1.6 -5.6
v 5.3 1.7 -5.6
v 5.3 1.8 -5.6
v 5.4 1 -5.6
v 5.4 1.1 -5.6
v 5.4 1.2 -5.6
v 5.4 1.5 -5.6
v 5.4 1.6 -5.6
v 5.4 1.7 -5.6
v 5.5 1.1 -5.6
v 5.5 1.2 -5.6
v 5.5 1.6 -5.6
v 5.5 1.7 -5.6
v 5.6 1.5 -5.6
v 5.6 1.6 -5.6
v 5.6 1.7 -5.6
v 5.7 1.5 -5.6
v 5.7 1.6 -5.6
v 5.9 1.5 -5.6
v 6 1.5 -5.6
v 6 1.6 -5.6
v 6.1 1.2 -5.6
v 6.1 1.5 -5.6
v 6.1 1.6 -5.6
v 6.2 1.1 -5.6
v 6.2 1.2 -5.6
v 6.2 1.5 -5.6
v 6.2 1.6 -5.6
v 6.2 1.7 -5.6
v 6.3 1.1 -5.6
v 6.3 1.2 -5.6
v 6.3 1.3 -5.6
v 6.3 1.4 -5.6
v 6.3 1.5 -5.6
v 6.5 1.1 -5.6
v 6.5 1.2 -5.6
v 6.5 1.3 -5.6
v 6.5 1.4 -5.6
v 6.5 1.5 -5.6
v 6.6 1.1 -5.6
v 6.6 1.2 -5.6
v 6.6 1.6 -5.6
v 6.6 1.7 -5.6
v 1.6 1.4 -5.7
v 1.6 1.6 -5.7
v 2 1.2 -5.7
v 2 1.3 -5.7
v 2 1.4 -5.7
v 2.3 1.3 -5.7
v 2.3 1.4 -5.7
v 2.4 1.3 -5.7
v 2.4 1.4 -5.7
v 2.5 1.4 -5.7
v 2.5 1.5 -5.7
v 2.6 1.3 -5.7
v 2.6 1.4 -5.7
v 2.6 1.5 -5.7
v 2.7 1.3 -5.7
v 2.7 1.4 -5.7
v 2.8 1.1 -5.7
v 2.8 1.2 -5.7
v 2.8 1.3 -5.7
v 2.8 1.6 -5.7
v 2.8 1.7 -5.7
v 3.1 1.7 -5.7
v 3.1 1.8 -5.7
v 3.2 1.6 -5.7
v 3.2 1.7 -5.7
v 3.6 1 -5.7
v 3.6 1.1 -5.7
v 3.6 1.2 -5.7
v 3.9 1 -5.7
v 3.9 1.1 -5.7
v 4.2 1.7 -5.7
v 4.2 1.8 -5.7
v 4.5 1.8 -5.7
v 4.5 1.9 -5.7
v 4.7 0.8 -5.7
v 4.7 0.9 -5.7
v 4.7 1.8 -5.7
v 4.8 0.8 -5.7
v 4.8 0.9 -5.7
v 4.8 1.8 -5.7
v 4.9 0.8 -5.7
v 4.9 0.9 -5.7
v 4.9 1.8 -5.7
v 5 0.8 -5.7
v 5 0.9 -5.7
v 5.1 1.8 -5.7
v 5.1 1.9 -5.7
v 5.2 1.8 -5.7
v 5.3 1.7 -5.7
v 5.3 1.8 -5.7
v 5.3 1.9 -5.7
v 5.4 1 -5.7
v 5.4 1.1 -5.7
v 5.4 1.7 -5.7
v 5.4 1.8 -5.7
v 5.4 1.9 -5.7
v 5.5 1 -5.7
v 5.5 1.1 -5.7
v 5.5 1.2 -5.7
v 5.5 1.7 -5.7
v 5.5 1.8 -5.7
v 5.5 1.9 -5.7
v 5.6 1.6 -5.7
v 5.6 1.7 -5.7
v 5.6 1.8 -5.7
v 5.7 1.2 -5.7
v 5.7 1.6 -5.7
v 5.7 1.7 -5.7
v 5.8 1.6 -5.7
v 5.8 1.7 -5.7
v 5.9 1.1 -5.7
v 5.9 1.2 -5.7
v 5.9 1.6 -5.7
v 5.9 1.7 -5.7
v 6 1.1 -5.7
v 6 1.2 -5.7
v 6 1.6 -5.7
v 6 1.7 -5.7
v 6.1 1.1 -5.7
v 6.1 1.2 -5.7
v 6.1 1.5 -5.7
v 6.1 1.6 -5.7
v 6.1 1.7 -5.7
v 6.2 1 -5.7
v 6.2 1.1 -5.7
v 6.2 1.2 -5.7
v 6.2 1.5 -5.7
v 6.2 1.7 -5.7
v 6.2 1.8 -5.7
v 6.3 1 -5.7
v 6.3 1.1 -5.7
v 6.3 1.2 -5.7
v 6.5 1 -5.7
v 6.5 1.1 -5.7
v 6.5 1.2 -5.7
v 6.5 1.6 -5.7
v 6.6 1 -5.7
v 6.6 1.1 -5.7
v 6.6 1.2 -5.7
v 6.6 1.6 -5.7
v 6.6 1.7 -5.7
v 6.6 1.8 -5.7
v 6.7 1.2 -5.7
v 6.7 1.3 -5.7
v 6.7 1.5 -5.7
v 6.7 1.6 -5.7
v 6.8 1.3 -5.7
v 6.8 1.5 -5.7
v 1.2 1.4 -5.8
v 1.2 1.6 -5.8
v 1.2 1.7 -5.8
v 1.4 1.5 -5.8
v 1.4 1.6 -5.8
v 1.5 1.5 -5.8
v 1.5 1.6 -5.8
v 1.6 1.4 -5.8
v 1.6 1.6 -5.8
v 1.8 1 -5.8
v 1.8 1.1 -5.8
v 1.9 1 -5.8
v 1.9 1.1 -5.8
v 2 1.6 -5.8
v 2 1.7 -5.8
v 2.2 1 -5.8
v 2.2 1.2 -5.8
v 2.3 1 -5.8
v 2.3 1.2 -5.8
v 2.8 1.6 -5.8
v 2.8 1.7 -5.8
v 2.8 1.8 -5.8
v 3.1 1 -5.8
v 3.1 1.1 -5.8
v 3.1 1.7 -5.8
v 3.1 1.8 -5.8
v 3.6 1 -5.8
v 3.6 1.1 -5.8
v 4.1 1.8 -5.8
v 4.1 1.9 -5.8
v 4.3 1.8 -5.8
v 4.3 1.9 -5.8
v 4.4 1.8 -5.8
v 4.5 1.8 -5.8
v 4.5 1.9 -5.8
v 4.6 1.9 -5.8
v 4.6 2 -5.8
v 5.1 1.9 -5.8
v 5.2 1.9 -5.8
v 5.2 2 -5.8
v 5.5 1 -5.8
v 5.5 1.1 -5.8
v 5.5 1.8 -5.8
v 5.5 1.9 -5.8
v 5.6 1.7 -5.8
v 5.6 1.8 -5.8
v 5.6 1.9 -5.8
v 5.7 1 -5.8
v 5.7 1.1 -5.8
v 5.7 1.7 -5.8
v 5.7 1.8 -5.8
v 5.8 1.7 -5.8
v 5.9 1.1 -5.8
v 5.9 1.7 -5.8
v 6 1 -5.8
v 6 1.1 -5.8
v 6 1.7 -5.8
v 6 1.8 -5.8
v 6.1 1 -5.8
v 6.1 1.1 -5.8
v 6.1 1.7 -5.8
v 6.1 1.8 -5.8
v 6.3 1 -5.8
v 6.3 1.1 -5.8
v 6.5 1 -5.8
v 6.5 1.1 -5.8
v 6.7 1.2 -5.8
v 6.7 1.3 -5.8
v 6.7 1.5 -5.8
v 6.7 1.6 -5.8
v 6.8 1.2 -5.8
v 6.8 1.3 -5.8
v 6.8 1.5 -5.8
v 6.8 1.6 -5.8
v 0 1.4 -5.9
v 0 2 -5.9
v 0 2.1 -5.9
v 0.1 1.5 -5.9
v 0.1 2 -5.9
v 0.2 1.4 -5.9
v 0.2 1.5 -5.9
v 0.2 1.7 -5.9
v 0.2 2 -5.9
v 0.2 2.1 -5.9
v 0.4 1.6 -5.9
v 0.4 1.7 -5.9
v 0.4 1.9 -5.9
v 0.4 2 -5.9
v 0.5 1.6 -5.9
v 0.5 1.7 -5.9
v 0.6 1.4 -5.9
v 0.6 1.5 -5.9
v 0.6 1.6 -5.9
v 0.6 1.7 -5.9
v 0.6 1.8 -5.9
v 0.6 1.9 -5.9
v 0.8 1.3 -5.9
v 0.8 1.4 -5.9
v 0.8 1.5 -5.9
v 0.8 1.6 -5.9
v 0.8 1.7 -5.9
v 0.8 1.8 -5.9
v 0.9 1.4 -5.9
v 0.9 1.5 -5.9
v 0.9 1.6 -5.9
v 1 1.5 -5.9
v 1 1.6 -5.9
v 1.2 1.2 -5.9
v 1.2 1.3 -5.9
v 1.2 1.4 -5.9
v 1.2 1.6 -5.9
v 1.2 1.7 -5.9
v 1.7 0.9 -5.9
v 1.7 1.2 -5.9
v 1.8 1 -5.9
v 1.8 1.1 -5.9
v 1.9 1 -5.9
v 1.9 1.1 -5.9
v 2 0.9 -5.9
v 2 1 -5.9
v 2 1.1 -5.9
v 2 1.2 -5.9
v 2 1.3 -5.9
v 2 1.4 -5.9
v 2.2 1.1 -5.9
v 2.2 1.2 -5.9
v 2.3 1.1 -5.9
v 2.3 1.2 -5.9
v 2.4 1.1 -5.9
v 2.4 1.2 -5.9
v 2.8 1.1 -5.9
v 2.8 1.2 -5.9
v 4 1.8 -5.9
v 4 1.9 -5.9
v 4.1 1.8 -5.9
v 4.1 1.9 -5.9
v 4.4 1 -5.9
v 4.4 1.1 -5.9
v 4.5 1.9 -5.9
v 4.5 2 -5.9
v 4.6 0.9 -5.9
v 4.6 1 -5.9
v 4.6 1.9 -5.9
v 4.6 2 -5.9
v 4.7 0.9 -5.9
v 4.8 0.9 -5.9
v 4.8 1 -5.9
v 4.9 1 -5.9
v 5.1 1 -5.9
v 5.1 1.1 -5.9
v 5.2 1.9 -5.9
v 5.2 2 -5.9
v 5.4 1.9 -5.9
v 5.4 2 -5.9
v 6.3 1.7 -5.9
v 6.3 1.8 -5.9
v 6.5 1.7 -5.9
v 6.5 1.8 -5.9
v 2 1 -6
v 2 1.1 -6
v 2.2 1 -6
v 2.2 1.1 -6
v 4.3 1 -6.1
v 4.3 1.1 -6.1
v 4.4 1 -6.1
v 4.4 1.1 -6.1
v 4.5 0.8 -6.1
v 4.5 1 -6.1
v 4.6 0.9 -6.1
v 4.6 1 -6.1
v 4.7 0.8 -6.1
v 4.7 0.9 -6.1
v 4.8 0.8 -6.1
v 4.8 0.9 -6.1
v 4.9 0.9 -6.1
v 4.9 1 -6.1
v 5 0.8 -6.1
v 5 1 -6.1
v 5.1 1 -6.1
v 5.1 1.1 -6.1
v 5.2 1 -6.1
v 5.2 1.1 -6.1
v 5.8 1.7 -6.1
v 5.8 1.8 -6.1
v 5.9 1.7 -6.1
v 5.9 1.8 -6.1
v 4.4 1 -6.2
v 4.4 1.1 -6.2
v 4.5 1 -6.2
v 5 1 -6.2
v 5.1 1 -6.2
v 5.1 1.1 -6.2
v 6.3 1.7 -6.2
v 6.3 1.8 -6.2
v 6.5 1.7 -6.2
v 6.5 1.8 -6.2
v 6.5 1.1 -6.3
v 6.5 1.2 -6.3
v 6.5 1.6 -6.3
v 6.5 1.7 -6.3
v 6.6 1.1 -6.3
v 6.6 1.2 -6.3
v 6.6 1.6 -6.3
v 6.6 1.7 -6.3
v 0 1.4 -6.4
v 0 1.5 -6.4
v 0.2 1.4 -6.4
v 0.2 1.5 -6.4
v 6.5 1.2 -6.4
v 6.5 1.6 -6.4
v 6.6 1.2 -6.4
v 6.6 1.6 -6.4
v 0 1.5 -6.5
v 0 1.6 -6.5
v 0.2 1.5 -6.5
v 0.2 1.6 -6.5
v 5.1 1.1 -6.7
v 5.1 1.2 -6.7
v 5.4 1.1 -6.7
v 5.4 1.2 -6.7
v 5 1 -6.8
v 5 1.2 -6.8
v 5.1 1.1 -6.8
v 5.1 1.2 -6.8
v 5.4 1.1 -6.8
v 5.4 1.2 -6.8
v 5.5 1 -6.8
v 5.5 1.2 -6.8
v 5.3 0.9 -7.1
v 5.3 1 -7.1
v 5.3 1.1 -7.1
v 5.4 0.9 -7.1
v 5.4 1 -7.1
v 5.4 1.1 -7.1
v 5.4 1 -7.2
v 5.4 1.1 -7.2
v 5.5 1 -7.2
v 5.5 1.1 -7.2
v 0 1.5 -1.2
v 0 1.6 -1.2
v 0.2 1.5 -1.2
v 0.2 1.6 -1.2
v 0 1.4 -1.3
v 0 1.5 -1.3
v 0.2 1.4 -1.3
v 0.2 1.5 -1.3
v 6.5 1.2 -1.4
v 6.5 1.6 -1.4
v 6.6 1.2 -1.4
v 6.6 1.6 -1.4
v 6.5 1.1 -1.5
v 6.5 1.2 -1.5
v 6.5 1.6 -1.5
v 6.5 1.7 -1.5
v 6.6 1.1 -1.5
v 6.6 1.2 -1.5
v 6.6 1.6 -1.5
v 6.6 1.7 -1.5
v 4.4 1 -1.6
v 4.4 1.1 -1.6
v 4.5 1 -1.6
v 5 1 -1.6
v 5.1 1 -1.6
v 5.1 1.1 -1.6
v 6.3 1.7 -1.6
v 6.3 1.8 -1.6
v 6.5 1.7 -1.6
v 6.5 1.8 -1.6
v 4.3 1 -1.7
v 4.3 1.1 -1.7
v 4.4 1 -1.7
v 4.4 1.1 -1.7
v 4.5 0.8 -1.7
v 4.5 1 -1.7
v 4.6 0.9 -1.7
v 4.6 1 -1.7
v 4.7 0.8 -1.7
v 4.7 0.9 -1.7
v 4.8 0.8 -1.7
v 4.8 0.9 -1.7
v 4.9 0.9 -1.7
v 4.9 1 -1.7
v 5 0.8 -1.7
v 5 1 -1.7
v 5.1 1 -1.7
v 5.1 1.1 -1.7
v 5.2 1 -1.7
v 5.2 1.1 -1.7
v 5.8 1.7 -1.7
v 5.8 1.8 -1.7
v 5.9 1.7 -1.7
v 5.9 1.8 -1.7
v 0 1.4 -1.8
v 0 2 -1.8
v 0 2.1 -1.8
v 0.1 1.5 -1.8
v 0.1 2 -1.8
v 0.2 1.4 -1.8
v 0.2 1.5 -1.8
v 0.2 1.7 -1.8
v 0.2 2 -1.8
v 0.2 2.1 -1.8
v 0.4 1.6 -1.8
v 0.4 1.7 -1.8
v 0.4 1.9 -1.8
v 0.4 2 -1.8
v 0.5 1.6 -1.8
v 0.5 1.7 -1.8
v 0.6 1.6 -1.8
v 0.6 1.7 -1.8
v 0.6 1.8 -1.8
v 0.6 1.9 -1.8
v 0.8 1.5 -1.8
v 0.8 1.6 -1.8
v 0.8 1.7 -1.8
v 0.8 1.8 -1.8
v 1.7 0.9 -1.8
v 1.7 1.2 -1.8
v 1.8 1 -1.8
v 1.8 1.1 -1.8
v 2 0.9 -1.8
v 2 1 -1.8
v 2 1.1 -1.8
v 2 1.2 -1.8
v 0.6 1.4 -1.9
v 0.6 1.5 -1.9
v 0.6 1.6 -1.9
v 0.6 1.7 -1.9
v 0.8 1.3 -1.9
v 0.8 1.4 -1.9
v 0.8 1.5 -1.9
v 0.8 1.6 -1.9
v 0.8 1.7 -1.9
v 0.9 1.4 -1.9
v 0.9 1.5 -1.9
v 1 1.6 -1.9
v 1 1.7 -1.9
v 1.2 1.2 -1.9
v 1.2 1.3 -1.9
v 1.2 1.4 -1.9
v 1.2 1.7 -1.9
v 1.4 1.4 -1.9
v 1.5 1.4 -1.9
v 1.8 1 -1.9
v 1.8 1.1 -1.9
v 2 1.1 -1.9
v 2 1.2 -1.9
v 2 1.3 -1.9
v 2 1.4 -1.9
v 2.2 1 -1.9
v 2.2 1.1 -1.9
v 2.4 1.1 -1.9
v 2.4 1.2 -1.9
v 2.8 1.1 -1.9
v 2.8 1.2 -1.9
v 4 1.8 -1.9
v 4 1.9 -1.9
v 4.1 1.8 -1.9
v 4.1 1.9 -1.9
v 4.4 1 -1.9
v 4.4 1.1 -1.9
v 4.5 1.9 -1.9
v 4.5 2 -1.9
v 4.6 0.9 -1.9
v 4.6 1 -1.9
v 4.6 1.9 -1.9
v 4.6 2 -1.9
v 4.7 0.9 -1.9
v 4.8 0.9 -1.9
v 4.8 1 -1.9
v 4.9 1 -1.9
v 5.1 1 -1.9
v 5.1 1.1 -1.9
v 5.2 1.9 -1.9
v 5.2 2 -1.9
v 5.4 1.9 -1.9
v 5.4 2 -1.9
v 6.3 1.7 -1.9
v 6.3 1.8 -1.9
v 6.5 1.7 -1.9
v 6.5 1.8 -1.9
v 1.2 1.4 -2
v 1.2 1.7 -2
v 1.4 1.4 -2
v 1.4 1.5 -2
v 1.5 1.4 -2
v 1.5 1.5 -2
v 1.6 1.4 -2
v 1.6 1.6 -2
v 1.8 1.6 -2
v 1.8 1.7 -2
v 2 1.1 -2
v 2 1.2 -2
v 2.2 1.1 -2
v 2.2 1.2 -2
v 2.3 1.1 -2
v 2.3 1.2 -2
v 2.4 1.1 -2
v 2.4 1.2 -2
v 2.6 1.6 -2
v 2.6 1.7 -2
v 2.8 1.6 -2
v 2.8 1.7 -2
v 2.8 1.8 -2
v 3.1 1 -2
v 3.1 1.1 -2
v 3.1 1.7 -2
v 3.1 1.8 -2
v 3.6 1 -2
v 3.6 1.1 -2
v 4.1 1.8 -2
v 4.1 1.9 -2
v 4.2 1.8 -2
v 4.2 1.9 -2
v 4.3 1.8 -2
v 4.3 1.9 -2
v 4.4 1.8 -2
v 4.5 1.8 -2
v 4.5 1.9 -2
v 4.6 1.9 -2
v 4.6 2 -2
v 4.7 1.9 -2
v 4.7 2 -2
v 5 1.9 -2
v 5 2 -2
v 5.2 1.9 -2
v 5.2 2 -2
v 5.5 1 -2
v 5.5 1.1 -2
v 5.5 1.8 -2
v 5.5 1.9 -2
v 5.6 1.7 -2
v 5.6 1.8 -2
v 5.6 1.9 -2
v 5.7 1 -2
v 5.7 1.1 -2
v 5.7 1.7 -2
v 5.7 1.8 -2
v 5.9 1.1 -2
v 5.9 1.7 -2
v 6 1 -2
v 6 1.1 -2
v 6 1.7 -2
v 6 1.8 -2
v 6.1 1 -2
v 6.1 1.1 -2
v 6.1 1.7 -2
v 6.1 1.8 -2
v 6.3 1 -2
v 6.3 1.1 -2
v 6.5 1 -2
v 6.5 1.1 -2
v 6.7 1.2 -2
v 6.7 1.3 -2
v 6.7 1.5 -2
v 6.7 1.6 -2
v 6.8 1.2 -2
v 6.8 1.3 -2
v 6.8 1.5 -2
v 6.8 1.6 -2
v 1.6 1.4 -2.1
v 1.6 1.6 -2.1
v 2 1.2 -2.1
v 2 1.3 -2.1
v 2 1.4 -2.1
v 2.1 1.3 -2.1
v 2.1 1.4 -2.1
v 2.2 1 -2.1
v 2.2 1.2 -2.1
v 2.2 1.3 -2.1
v 2.2 1.4 -2.1
v 2.3 1 -2.1
v 2.3 1.2 -2.1
v 2.8 1.1 -2.1
v 2.8 1.2 -2.1
v 2.8 1.3 -2.1
v 2.8 1.6 -2.1
v 2.8 1.7 -2.1
v 3.1 1.7 -2.1
v 3.1 1.8 -2.1
v 3.2 1.6 -2.1
v 3.2 1.7 -2.1
v 3.4 1.7 -2.1
v 3.5 1.7 -2.1
v 3.5 1.8 -2.1
v 3.6 1 -2.1
v 3.6 1.1 -2.1
v 3.6 1.2 -2.1
v 3.6 1.7 -2.1
v 3.9 1 -2.1
v 3.9 1.1 -2.1
v 4.2 1.7 -2.1
v 4.2 1.8 -2.1
v 4.5 1.8 -2.1
v 4.5 1.9 -2.1
v 4.6 1.8 -2.1
v 4.6 1.9 -2.1
v 4.7 0.8 -2.1
v 4.7 0.9 -2.1
v 4.8 0.8 -2.1
v 4.8 0.9 -2.1
v 4.9 0.8 -2.1
v 4.9 0.9 -2.1
v 5 0.8 -2.1
v 5 0.9 -2.1
v 5 1.8 -2.1
v 5.1 1.8 -2.1
v 5.2 1.8 -2.1
v 5.3 1.7 -2.1
v 5.3 1.8 -2.1
v 5.3 1.9 -2.1
v 5.4 1 -2.1
v 5.4 1.1 -2.1
v 5.4 1.2 -2.1
v 5.4 1.7 -2.1
v 5.4 1.8 -2.1
v 5.4 1.9 -2.1
v 5.5 1 -2.1
v 5.5 1.1 -2.1
v 5.5 1.2 -2.1
v 5.5 1.7 -2.1
v 5.5 1.8 -2.1
v 5.5 1.9 -2.1
v 5.6 1.6 -2.1
v 5.6 1.7 -2.1
v 5.6 1.8 -2.1
v 5.7 1.2 -2.1
v 5.7 1.6 -2.1
v 5.9 1.1 -2.1
v 5.9 1.2 -2.1
v 5.9 1.6 -2.1
v 5.9 1.7 -2.1
v 6 1.1 -2.1
v 6 1.2 -2.1
v 6 1.6 -2.1
v 6 1.7 -2.1
v 6.1 1.1 -2.1
v 6.1 1.2 -2.1
v 6.1 1.5 -2.1
v 6.1 1.6 -2.1
v 6.1 1.7 -2.1
v 6.2 1 -2.1
v 6.2 1.1 -2.1
v 6.2 1.2 -2.1
v 6.2 1.5 -2.1
v 6.2 1.7 -2.1
v 6.2 1.8 -2.1
v 6.3 1 -2.1
v 6.3 1.1 -2.1
v 6.3 1.2 -2.1
v 6.5 1 -2.1
v 6.5 1.1 -2.1
v 6.5 1.2 -2.1
v 6.5 1.6 -2.1
v 6.6 1 -2.1
v 6.6 1.1 -2.1
v 6.6 1.2 -2.1
v 6.6 1.6 -2.1
v 6.6 1.7 -2.1
v 6.6 1.8 -2.1
v 6.7 1.2 -2.1
v 6.7 1.3 -2.1
v 6.7 1.5 -2.1
v 6.7 1.6 -2.1
v 6.8 1.3 -2.1
v 6.8 1.5 -2.1
v 0.5 1.4 -2.2
v 0.5 1.5 -2.2
v 0.6 1.4 -2.2
v 0.6 1.5 -2.2
v 2.8 1.2 -2.2
v 2.8 1.3 -2.2
v 2.8 1.6 -2.2
v 3 1.3 -2.2
v 3 1.4 -2.2
v 3.1 1.3 -2.2
v 3.1 1.4 -2.2
v 3.2 1.2 -2.2
v 3.2 1.3 -2.2
v 3.2 1.6 -2.2
v 3.2 1.7 -2.2
v 3.4 1.6 -2.2
v 3.4 1.7 -2.2
v 3.6 1.1 -2.2
v 3.6 1.2 -2.2
v 3.6 1.6 -2.2
v 3.6 1.7 -2.2
v 3.9 1 -2.2
v 3.9 1.1 -2.2
v 3.9 1.2 -2.2
v 4 1.6 -2.2
v 4.2 1.7 -2.2
v 4.2 1.8 -2.2
v 4.3 1.6 -2.2
v 4.5 1.7 -2.2
v 4.5 1.8 -2.2
v 4.6 1.6 -2.2
v 4.6 1.7 -2.2
v 4.6 1.8 -2.2
v 4.8 0.7 -2.2
v 4.8 1 -2.2
v 4.8 1.7 -2.2
v 4.9 0.7 -2.2
v 4.9 1 -2.2
v 5 1.7 -2.2
v 5 1.8 -2.2
v 5.1 1.7 -2.2
v 5.1 1.8 -2.2
v 5.2 1.6 -2.2
v 5.2 1.7 -2.2
v 5.2 1.8 -2.2
v 5.3 1.7 -2.2
v 5.3 1.8 -2.2
v 5.4 1 -2.2
v 5.4 1.1 -2.2
v 5.4 1.5 -2.2
v 5.4 1.6 -2.2
v 5.4 1.7 -2.2
v 5.5 1.6 -2.2
v 5.5 1.7 -2.2
v 5.6 1.6 -2.2
v 5.6 1.7 -2.2
v 5.7 1.5 -2.2
v 5.7 1.6 -2.2
v 5.9 1.5 -2.2
v 6 1.5 -2.2
v 6 1.6 -2.2
v 6.1 1.2 -2.2
v 6.1 1.4 -2.2
v 6.1 1.5 -2.2
v 6.1 1.6 -2.2
v 6.2 1.1 -2.2
v 6.2 1.2 -2.2
v 6.2 1.4 -2.2
v 6.2 1.6 -2.2
v 6.2 1.7 -2.2
v 6.3 1.1 -2.2
v 6.3 1.2 -2.2
v 6.3 1.3 -2.2
v 6.3 1.4 -2.2
v 6.3 1.5 -2.2
v 6.5 1.1 -2.2
v 6.5 1.2 -2.2
v 6.5 1.3 -2.2
v 6.5 1.4 -2.2
v 6.5 1.5 -2.2
v 6.6 1.1 -2.2
v 6.6 1.2 -2.2
v 6.6 1.6 -2.2
v 6.6 1.7 -2.2
v 3.2 1.2 -2.3
v 3.2 1.3 -2.3
v 3.2 1.6 -2.3
v 3.3 1.3 -2.3
v 3.3 1.4 -2.3
v 3.4 1.3 -2.3
v 3.4 1.4 -2.3
v 3.5 1.4 -2.3
v 3.5 1.5 -2.3
v 3.6 1.4 -2.3
v 3.6 1.5 -2.3
v 3.7 1.3 -2.3
v 3.7 1.4 -2.3
v 3.8 1.3 -2.3
v 3.8 1.4 -2.3
v 3.9 1.1 -2.3
v 3.9 1.2 -2.3
v 3.9 1.3 -2.3
v 3.9 1.4 -2.3
v 4 1.5 -2.3
v 4 1.6 -2.3
v 4.3 1.5 -2.3
v 4.3 1.6 -2.3
v 4.5 1.2 -2.3
v 4.5 1.3 -2.3
v 4.6 1.2 -2.3
v 4.6 1.3 -2.3
v 4.6 1.6 -2.3
v 4.6 1.7 -2.3
v 4.8 1.6 -2.3
v 4.8 1.7 -2.3
v 5 1.6 -2.3
v 5 1.7 -2.3
v 5.1 1.6 -2.3
v 5.1 1.7 -2.3
v 5.2 1.6 -2.3
v 5.2 1.7 -2.3
v 5.4 1.1 -2.3
v 5.4 1.2 -2.3
v 5.4 1.3 -2.3
v 5.4 1.4 -2.3
v 5.4 1.5 -2.3
v 5.4 1.6 -2.3
v 5.8 1.3 -2.3
v 5.8 1.4 -2.3
v 5.9 1.2 -2.3
v 5.9 1.3 -2.3
v 5.9 1.4 -2.3
v 5.9 1.5 -2.3
v 6 1.2 -2.3
v 6 1.4 -2.3
v 6.1 1.2 -2.3
v 6.1 1.4 -2.3
v 6.1 1.5 -2.3
v 6.2 1.2 -2.3
v 6.2 1.4 -2.3
v 6.2 1.5 -2.3
v 6.2 1.6 -2.3
v 6.3 1.2 -2.3
v 6.3 1.3 -2.3
v 6.3 1.4 -2.3
v 6.3 1.5 -2.3
v 6.5 1.2 -2.3
v 6.5 1.3 -2.3
v 6.5 1.4 -2.3
v 6.5 1.5 -2.3
v 6.6 1.2 -2.3
v 6.6 1.6 -2.3
v 5.4 1 -3.7
v 5.4 1.1 -3.7
v 6.1 1 -3.7
v 6.1 1.1 -3.7
v 5.3 1 -3.8
v 5.3 1.1 -3.8
v 5.4 1 -3.8
v 5.4 1.1 -3.8
v 6.1 1 -3.8
v 6.1 1.1 -3.8
v 6.2 1 -3.8
v 6.2 1.1 -3.8
v 6.8 1.7 -3.8
v 6.8 1.8 -3.8
v 6.9 1.7 -3.8
v 6.9 1.8 -3.8
v 3.1 1.3 -4
v 3.1 1.4 -4
v 3.1 1.5 -4
v 3.2 1.3 -4
v 3.2 1.4 -4
v 3.2 1.5 -4
v 3.3 1.2 -4
v 3.3 1.3 -4
v 3.4 1.2 -4
v 3.4 1.3 -4
v 3.6 1.1 -4
v 3.6 1.2 -4
v 3.7 1.1 -4
v 3.7 1.2 -4
v 5 1.8 -4
v 5 1.9 -4
v 5.1 1.8 -4
v 5.1 1.9 -4
v 5.4 1 -4
v 5.4 1.1 -4
v 5.4 1.9 -4
v 5.4 2 -4
v 5.5 1.9 -4
v 5.5 2 -4
v 5.5 2.1 -4
v 5.6 2 -4
v 5.6 2.1 -4
v 6.1 1 -4
v 6.1 1.1 -4
v 6.2 2 -4
v 6.2 2.1 -4
v 6.3 2 -4
v 6.3 2.1 -4
v 6.4 1.9 -4
v 6.4 2 -4
v 6.4 2.1 -4
v 6.5 1.9 -4
v 6.6 1.8 -4
v 6.6 1.9 -4
v 6.7 1.9 -4
v 6.7 2 -4
v 6.8 1.8 -4
v 6.8 1.9 -4
v 7.7 1.1 -4
v 7.7 1.2 -4
v 7.8 1.1 -4
v 7.8 1.2 -4
v 7.8 1.3 -4
v 7.9 1.2 -4
v 7.9 1.3 -4
v 7.9 1.4 -4
v 7.9 1.5 -4
v 8 1.3 -4
v 8 1.4 -4
v 8 1.5 -4
v 3.2 1.3 -4.1
v 3.2 1.4 -4.1
v 3.2 1.6 -4.1
v 3.3 1.3 -4.1
v 3.3 1.4 -4.1
v 3.3 1.6 -4.1
v 3.3 1.7 -4.1
v 3.4 1.2 -4.1
v 3.4 1.3 -4.1
v 3.4 1.6 -4.1
v 3.4 1.7 -4.1
v 3.5 1.3 -4.1
v 3.5 1.6 -4.1
v 3.5 1.7 -4.1
v 3.6 1.2 -4.1
v 3.6 1.3 -4.1
v 3.6 1.6 -4.1
v 3.6 1.7 -4.1
v 3.6 1.8 -4.1
v 3.7 1.1 -4.1
v 3.7 1.2 -4.1
v 3.7 1.7 -4.1
v 3.8 1.1 -4.1
v 3.8 1.2 -4.1
v 4.1 1 -4.1
v 4.1 1.1 -4.1
v 4.1 1.7 -4.1
v 4.1 1.8 -4.1
v 4.6 1 -4.1
v 4.6 1.1 -4.1
v 5.1 1.8 -4.1
v 5.1 1.9 -4.1
v 5.2 1.8 -4.1
v 5.2 1.9 -4.1
v 5.3 1.8 -4.1
v 5.3 1.9 -4.1
v 5.4 1.8 -4.1
v 5.4 1.9 -4.1
v 5.5 1.8 -4.1
v 5.5 1.9 -4.1
v 5.5 2 -4.1
v 5.6 1.9 -4.1
v 5.6 2 -4.1
v 5.6 2.1 -4.1
v 5.8 2 -4.1
v 5.8 2.1 -4.1
v 6.2 2 -4.1
v 6.2 2.1 -4.1
v 6.3 1.9 -4.1
v 6.3 2 -4.1
v 6.4 1.9 -4.1
v 6.4 2 -4.1
v 6.5 1 -4.1
v 6.5 1.1 -4.1
v 6.5 1.8 -4.1
v 6.5 1.9 -4.1
v 6.6 1.7 -4.1
v 6.6 1.8 -4.1
v 6.6 1.9 -4.1
v 6.9 1.7 -4.1
v 7 1.7 -4.1
v 7 1.8 -4.1
v 7.1 1 -4.1
v 7.1 1.1 -4.1
v 7.1 1.7 -4.1
v 7.1 1.8 -4.1
v 7.2 1.7 -4.1
v 7.2 1.8 -4.1
v 7.3 1 -4.1
v 7.3 1.1 -4.1
v 7.3 1.7 -4.1
v 7.3 1.8 -4.1
v 7.4 1 -4.1
v 7.4 1.1 -4.1
v 7.5 1 -4.1
v 7.5 1.1 -4.1
v 7.5 1.2 -4.1
v 7.5 1.6 -4.1
v 7.5 1.7 -4.1
v 7.5 1.8 -4.1
v 7.6 1.2 -4.1
v 7.6 1.6 -4.1
v 7.6 1.7 -4.1
v 7.7 1.1 -4.1
v 7.7 1.2 -4.1
v 7.7 1.3 -4.1
v 7.7 1.6 -4.1
v 7.7 1.7 -4.1
v 7.8 1.2 -4.1
v 7.8 1.3 -4.1
v 7.8 1.6 -4.1
v 7.8 1.7 -4.1
v 7.9 1.3 -4.1
v 7.9 1.6 -4.1
v 3.3 1.3 -4.2
v 3.3 1.4 -4.2
v 3.3 1.6 -4.2
v 3.4 1.5 -4.2
v 3.4 1.6 -4.2
v 3.5 1.3 -4.2
v 3.5 1.4 -4.2
v 3.6 1.2 -4.2
v 3.6 1.3 -4.2
v 3.6 1.4 -4.2
v 3.6 1.5 -4.2
v 3.6 1.6 -4.2
v 3.6 1.7 -4.2
v 3.7 1.3 -4.2
v 3.7 1.6 -4.2
v 3.7 1.7 -4.2
v 3.8 1.1 -4.2
v 3.8 1.2 -4.2
v 3.8 1.3 -4.2
v 4.1 1.7 -4.2
v 4.1 1.8 -4.2
v 4.2 1.6 -4.2
v 4.2 1.7 -4.2
v 4.4 1.7 -4.2
v 4.5 1.7 -4.2
v 4.5 1.8 -4.2
v 4.6 1 -4.2
v 4.6 1.1 -4.2
v 4.6 1.2 -4.2
v 4.6 1.7 -4.2
v 4.9 1 -4.2
v 4.9 1.1 -4.2
v 5.2 1.7 -4.2
v 5.2 1.8 -4.2
v 5.5 1.8 -4.2
v 5.5 1.9 -4.2
v 5.6 1.8 -4.2
v 5.6 1.9 -4.2
v 5.6 2 -4.2
v 5.8 1.9 -4.2
v 5.8 2 -4.2
v 6 1.8 -4.2
v 6.1 1.8 -4.2
v 6.2 1.8 -4.2
v 6.2 1.9 -4.2
v 6.2 2 -4.2
v 6.3 1.7 -4.2
v 6.3 1.8 -4.2
v 6.3 1.9 -4.2
v 6.3 2 -4.2
v 6.4 1 -4.2
v 6.4 1.1 -4.2
v 6.4 1.2 -4.2
v 6.4 1.7 -4.2
v 6.4 1.8 -4.2
v 6.4 1.9 -4.2
v 6.5 1 -4.2
v 6.5 1.1 -4.2
v 6.5 1.2 -4.2
v 6.5 1.7 -4.2
v 6.5 1.8 -4.2
v 6.5 1.9 -4.2
v 6.6 1.6 -4.2
v 6.6 1.7 -4.2
v 6.6 1.8 -4.2
v 6.9 1.6 -4.2
v 6.9 1.7 -4.2
v 7 1.2 -4.2
v 7 1.6 -4.2
v 7.1 1.1 -4.2
v 7.1 1.2 -4.2
v 7.1 1.6 -4.2
v 7.1 1.7 -4.2
v 7.2 1.2 -4.2
v 7.2 1.6 -4.2
v 7.2 1.7 -4.2
v 7.3 1.1 -4.2
v 7.3 1.2 -4.2
v 7.4 1.6 -4.2
v 7.5 1.1 -4.2
v 7.5 1.2 -4.2
v 7.5 1.5 -4.2
v 7.5 1.6 -4.2
v 7.5 1.7 -4.2
v 7.6 1.5 -4.2
v 7.7 1.3 -4.2
v 7.7 1.5 -4.2
v 7.8 1.3 -4.2
v 7.8 1.6 -4.2
v 3.6 1.3 -4.3
v 3.6 1.5 -4.3
v 3.6 1.6 -4.3
v 3.7 1.3 -4.3
v 3.7 1.4 -4.3
v 3.7 1.5 -4.3
v 3.7 1.6 -4.3
v 3.8 1.2 -4.3
v 3.8 1.3 -4.3
v 3.8 1.4 -4.3
v 4 1.3 -4.3
v 4 1.4 -4.3
v 4.1 1.3 -4.3
v 4.1 1.4 -4.3
v 4.2 1.2 -4.3
v 4.2 1.3 -4.3
v 4.2 1.6 -4.3
v 4.2 1.7 -4.3
v 4.4 1.6 -4.3
v 4.4 1.7 -4.3
v 4.6 1.1 -4.3
v 4.6 1.2 -4.3
v 4.6 1.6 -4.3
v 4.6 1.7 -4.3
v 4.9 1 -4.3
v 4.9 1.1 -4.3
v 4.9 1.2 -4.3
v 5 1.6 -4.3
v 5.2 1.7 -4.3
v 5.2 1.8 -4.3
v 5.3 1.6 -4.3
v 5.5 1.7 -4.3
v 5.5 1.8 -4.3
v 5.6 1.6 -4.3
v 5.6 1.7 -4.3
v 5.6 1.8 -4.3
v 5.8 1.7 -4.3
v 6 1.7 -4.3
v 6 1.8 -4.3
v 6.1 1.7 -4.3
v 6.1 1.8 -4.3
v 6.2 1.6 -4.3
v 6.2 1.7 -4.3
v 6.2 1.8 -4.3
v 6.3 1.7 -4.3
v 6.3 1.8 -4.3
v 6.4 1 -4.3
v 6.4 1.1 -4.3
v 6.4 1.5 -4.3
v 6.4 1.6 -4.3
v 6.4 1.7 -4.3
v 6.5 1.6 -4.3
v 6.5 1.7 -4.3
v 6.6 1.6 -4.3
v 6.6 1.7 -4.3
v 6.9 1.5 -4.3
v 7 1.5 -4.3
v 7 1.6 -4.3
v 7.1 1.5 -4.3
v 7.1 1.6 -4.3
v 7.4 1.5 -4.3
v 7.4 1.6 -4.3
v 7.5 1.2 -4.3
v 7.5 1.3 -4.3
v 7.5 1.4 -4.3
v 7.5 1.5 -4.3
v 7.5 1.6 -4.3
v 7.6 1.3 -4.3
v 7.6 1.4 -4.3
v 7.6 1.5 -4.3
v 7.7 1.2 -4.3
v 7.7 1.3 -4.3
v 7.7 1.5 -4.3
v 4.2 1.2 -4.4
v 4.2 1.3 -4.4
v 4.2 1.6 -4.4
v 4.3 1.3 -4.4
v 4.3 1.4 -4.4
v 4.4 1.3 -4.4
v 4.4 1.4 -4.4
v 4.5 1.2 -4.4
v 4.5 1.3 -4.4
v 4.5 1.4 -4.4
v 4.5 1.5 -4.4
v 4.6 1.3 -4.4
v 4.6 1.4 -4.4
v 4.6 1.5 -4.4
v 4.7 1.3 -4.4
v 4.7 1.4 -4.4
v 4.8 1.3 -4.4
v 4.8 1.4 -4.4
v 4.9 1.1 -4.4
v 4.9 1.2 -4.4
v 4.9 1.3 -4.4
v 4.9 1.4 -4.4
v 5 1.5 -4.4
v 5 1.6 -4.4
v 5.3 1.5 -4.4
v 5.3 1.6 -4.4
v 5.6 1.6 -4.4
v 5.6 1.7 -4.4
v 5.8 1.6 -4.4
v 5.8 1.7 -4.4
v 5.9 1.2 -4.4
v 5.9 1.3 -4.4
v 6 1.6 -4.4
v 6 1.7 -4.4
v 6.1 1.6 -4.4
v 6.1 1.7 -4.4
v 6.2 1.6 -4.4
v 6.2 1.7 -4.4
v 6.4 1.1 -4.4
v 6.4 1.2 -4.4
v 6.4 1.3 -4.4
v 6.4 1.4 -4.4
v 6.4 1.5 -4.4
v 6.4 1.6 -4.4
v 6.8 1.3 -4.4
v 6.8 1.4 -4.4
v 6.9 1.2 -4.4
v 6.9 1.4 -4.4
v 6.9 1.5 -4.4
v 7 1.2 -4.4
v 7 1.4 -4.4
v 7.1 1.2 -4.4
v 7.1 1.5 -4.4
v 7.2 1.2 -4.4
v 7.2 1.3 -4.4
v 7.5 1.2 -4.4
v 7.5 1.3 -4.4
v 7.5 1.5 -4.4
v 0 1.4 -5.5
v 0 1.5 -5.5
v 0.2 1.4 -5.5
v 0.2 1.5 -5.5
v 6.5 1.2 -5.6
v 6.5 1.6 -5.6
v 6.6 1.2 -5.6
v 6.6 1.6 -5.6
v 6.5 1.1 -5.7
v 6.5 1.2 -5.7
v 6.5 1.6 -5.7
v 6.5 1.7 -5.7
v 6.6 1.1 -5.7
v 6.6 1.2 -5.7
v 6.6 1.6 -5.7
v 6.6 1.7 -5.7
v 4.4 1 -5.8
v 4.4 1.1 -5.8
v 4.8 1 -5.8
v 4.9 0.8 -5.8
v 4.9 0.9 -5.8
v 4.9 1 -5.8
v 5 0.8 -5.8
v 5 0.9 -5.8
v 5.1 1 -5.8
v 5.1 1.1 -5.8
v 6.3 1.7 -5.8
v 6.3 1.8 -5.8
v 6.5 1.7 -5.8
v 6.5 1.8 -5.8
v 4.3 1 -5.9
v 4.3 1.1 -5.9
v 4.4 1 -5.9
v 4.4 1.1 -5.9
v 4.8 0.7 -5.9
v 4.8 0.8 -5.9
v 4.8 0.9 -5.9
v 4.9 0.7 -5.9
v 4.9 0.8 -5.9
v 4.9 0.9 -5.9
v 5.1 1 -5.9
v 5.1 1.1 -5.9
v 5.2 1 -5.9
v 5.2 1.1 -5.9
v 5.8 1.7 -5.9
v 5.8 1.8 -5.9
v 5.9 1.7 -5.9
v 5.9 1.8 -5.9
v 0 1.4 -6
v 0 2 -6
v 0 2.1 -6
v 0.1 1.5 -6
v 0.1 2 -6
v 0.2 1.4 -6
v 0.2 1.5 -6
v 0.2 1.7 -6
v 0.2 2 -6
v 0.2 2.1 -6
v 0.4 1.6 -6
v 0.4 1.7 -6
v 0.4 1.9 -6
v 0.4 2 -6
v 0.5 1.6 -6
v 0.5 1.7 -6
v 0.6 1.6 -6
v 0.6 1.7 -6
v 0.6 1.8 -6
v 0.6 1.9 -6
v 0.8 1.5 -6
v 0.8 1.6 -6
v 0.8 1.7 -6
v 0.8 1.8 -6
v 1.7 0.9 -6
v 1.7 1.2 -6
v 1.8 1 -6
v 1.8 1.1 -6
v 2 0.9 -6
v 2 1 -6
v 2 1.1 -6
v 2 1.2 -6
v 0.6 1.4 -6.1
v 0.6 1.5 -6.1
v 0.6 1.6 -6.1
v 0.6 1.7 -6.1
v 0.8 1.3 -6.1
v 0.8 1.4 -6.1
v 0.8 1.5 -6.1
v 0.8 1.6 -6.1
v 0.8 1.7 -6.1
v 0.9 1.4 -6.1
v 0.9 1.5 -6.1
v 1 1.6 -6.1
v 1 1.7 -6.1
v 1.2 1.2 -6.1
v 1.2 1.3 -6.1
v 1.2 1.4 -6.1
v 1.2 1.7 -6.1
v 1.4 1.4 -6.1
v 1.5 1.4 -6.1
v 1.8 1 -6.1
v 1.8 1.1 -6.1
v 2 1.1 -6.1
v 2 1.2 -6.1
v 2 1.3 -6.1
v 2 1.4 -6.1
v 2.2 1 -6.1
v 2.2 1.1 -6.1
v 2.4 1.1 -6.1
v 2.4 1.2 -6.1
v 2.8 1.1 -6.1
v 2.8 1.2 -6.1
v 4 1.8 -6.1
v 4 1.9 -6.1
v 4.1 1.8 -6.1
v 4.1 1.9 -6.1
v 4.4 1 -6.1
v 4.4 1.1 -6.1
v 4.5 1 -6.1
v 4.5 1.9 -6.1
v 4.5 2 -6.1
v 4.6 1.9 -6.1
v 4.6 2 -6.1
v 5 1 -6.1
v 5.1 1 -6.1
v 5.1 1.1 -6.1
v 5.2 1.9 -6.1
v 5.2 2 -6.1
v 5.4 1.9 -6.1
v 5.4 2 -6.1
v 6.3 1.7 -6.1
v 6.3 1.8 -6.1
v 6.5 1.7 -6.1
v 6.5 1.8 -6.1
v 1.2 1.4 -6.2
v 1.2 1.7 -6.2
v 1.4 1.4 -6.2
v 1.4 1.5 -6.2
v 1.5 1.4 -6.2
v 1.5 1.5 -6.2
v 1.6 1.4 -6.2
v 1.6 1.6 -6.2
v 1.8 1.6 -6.2
v 1.8 1.7 -6.2
v 2 1.1 -6.2
v 2 1.2 -6.2
v 2.2 1.1 -6.2
v 2.2 1.2 -6.2
v 2.3 1.1 -6.2
v 2.3 1.2 -6.2
v 2.4 1.1 -6.2
v 2.4 1.2 -6.2
v 2.6 1.6 -6.2
v 2.6 1.7 -6.2
v 2.8 1.6 -6.2
v 2.8 1.7 -6.2
v 2.8 1.8 -6.2
v 3.1 1 -6.2
v 3.1 1.1 -6.2
v 3.1 1.7 -6.2
v 3.1 1.8 -6.2
v 3.6 1 -6.2
v 3.6 1.1 -6.2
v 4.1 1.8 -6.2
v 4.1 1.9 -6.2
v 4.2 1.8 -6.2
v 4.2 1.9 -6.2
v 4.3 1.8 -6.2
v 4.3 1.9 -6.2
v 4.4 1.8 -6.2
v 4.5 0.8 -6.2
v 4.5 1 -6.2
v 4.5 1.8 -6.2
v 4.5 1.9 -6.2
v 4.6 0.9 -6.2
v 4.6 1 -6.2
v 4.6 1.9 -6.2
v 4.6 2 -6.2
v 4.7 1.9 -6.2
v 4.7 2 -6.2
v 4.9 0.9 -6.2
v 4.9 1 -6.2
v 5 0.8 -6.2
v 5 1 -6.2
v 5 1.9 -6.2
v 5 2 -6.2
v 5.2 1.9 -6.2
v 5.2 2 -6.2
v 5.5 1 -6.2
v 5.5 1.1 -6.2
v 5.5 1.8 -6.2
v 5.5 1.9 -6.2
v 5.6 1.7 -6.2
v 5.6 1.8 -6.2
v 5.6 1.9 -6.2
v 5.7 1 -6.2
v 5.7 1.1 -6.2
v 5.7 1.7 -6.2
v 5.7 1.8 -6.2
v 5.9 1.1 -6.2
v 5.9 1.7 -6.2
v 6 1 -6.2
v 6 1.1 -6.2
v 6 1.7 -6.2
v 6 1.8 -6.2
v 6.1 1 -6.2
v 6.1 1.1 -6.2
v 6.1 1.7 -6.2
v 6.1 1.8 -6.2
v 6.3 1 -6.2
v 6.3 1.1 -6.2
v 6.5 1 -6.2
v 6.5 1.1 -6.2
v 6.7 1.2 -6.2
v 6.7 1.3 -6.2
v 6.7 1.5 -6.2
v 6.7 1.6 -6.2
v 6.8 1.2 -6.2
v 6.8 1.3 -6.2
v 6.8 1.5 -6.2
v 6.8 1.6 -6.2
v 1.6 1.4 -6.3
v 1.6 1.6 -6.3
v 2 1.2 -6.3
v 2 1.3 -6.3
v 2 1.4 -6.3
v 2.1 1.3 -6.3
v 2.1 1.4 -6.3
v 2.2 1 -6.3
v 2.2 1.2 -6.3
v 2.2 1.3 -6.3
v 2.2 1.4 -6.3
v 2.3 1 -6.3
v 2.3 1.2 -6.3
v 2.8 1.1 -6.3
v 2.8 1.2 -6.3
v 2.8 1.3 -6.3
v 2.8 1.6 -6.3
v 2.8 1.7 -6.3
v 3.1 1.7 -6.3
v 3.1 1.8 -6.3
v 3.2 1.6 -6.3
v 3.2 1.7 -6.3
v 3.4 1.7 -6.3
v 3.5 1.7 -6.3
v 3.5 1.8 -6.3
v 3.6 1 -6.3
v 3.6 1.1 -6.3
v 3.6 1.2 -6.3
v 3.6 1.7 -6.3
v 3.9 1 -6.3
v 3.9 1.1 -6.3
v 4.2 1.7 -6.3
v 4.2 1.8 -6.3
v 4.5 1.8 -6.3
v 4.5 1.9 -6.3
v 4.6 0.9 -6.3
v 4.6 1 -6.3
v 4.6 1.8 -6.3
v 4.6 1.9 -6.3
v 4.9 0.9 -6.3
v 4.9 1 -6.3
v 5 1.8 -6.3
v 5.1 1.8 -6.3
v 5.2 1.8 -6.3
v 5.3 1.7 -6.3
v 5.3 1.8 -6.3
v 5.3 1.9 -6.3
v 5.4 1 -6.3
v 5.4 1.1 -6.3
v 5.4 1.2 -6.3
v 5.4 1.7 -6.3
v 5.4 1.8 -6.3
v 5.4 1.9 -6.3
v 5.5 1 -6.3
v 5.5 1.1 -6.3
v 5.5 1.2 -6.3
v 5.5 1.7 -6.3
v 5.5 1.8 -6.3
v 5.5 1.9 -6.3
v 5.6 1.6 -6.3
v 5.6 1.7 -6.3
v 5.6 1.8 -6.3
v 5.7 1.2 -6.3
v 5.7 1.6 -6.3
v 5.9 1.1 -6.3
v 5.9 1.2 -6.3
v 5.9 1.6 -6.3
v 5.9 1.7 -6.3
v 6 1.1 -6.3
v 6 1.2 -6.3
v 6 1.6 -6.3
v 6 1.7 -6.3
v 6.1 1.1 -6.3
v 6.1 1.2 -6.3
v 6.1 1.5 -6.3
v 6.1 1.6 -6.3
v 6.1 1.7 -6.3
v 6.2 1 -6.3
v 6.2 1.1 -6.3
v 6.2 1.2 -6.3
v 6.2 1.5 -6.3
v 6.2 1.7 -6.3
v 6.2 1.8 -6.3
v 6.3 1 -6.3
v 6.3 1.1 -6.3
v 6.3 1.2 -6.3
v 6.5 1 -6.3
v 6.5 1.1 -6.3
v 6.5 1.2 -6.3
v 6.5 1.6 -6.3
v 6.6 1 -6.3
v 6.6 1.1 -6.3
v 6.6 1.2 -6.3
v 6.6 1.6 -6.3
v 6.6 1.7 -6.3
v 6.6 1.8 -6.3
v 6.7 1.2 -6.3
v 6.7 1.3 -6.3
v 6.7 1.5 -6.3
v 6.7 1.6 -6.3
v 6.8 1.3 -6.3
v 6.8 1.5 -6.3
v 0.5 1.4 -6.4
v 0.5 1.5 -6.4
v 0.6 1.4 -6.4
v 0.6 1.5 -6.4
v 2.8 1.2 -6.4
v 2.8 1.3 -6.4
v 2.8 1.6 -6.4
v 3 1.3 -6.4
v 3 1.4 -6.4
v 3.1 1.3 -6.4
v 3.1 1.4 -6.4
v 3.2 1.2 -6.4
v 3.2 1.3 -6.4
v 3.2 1.6 -6.4
v 3.2 1.7 -6.4
v 3.4 1.6 -6.4
v 3.4 1.7 -6.4
v 3.6 1.1 -6.4
v 3.6 1.2 -6.4
v 3.6 1.6 -6.4
v 3.6 1.7 -6.4
v 3.9 1 -6.4
v 3.9 1.1 -6.4
v 3.9 1.2 -6.4
v 4 1.6 -6.4
v 4.2 1.7 -6.4
v 4.2 1.8 -6.4
v 4.3 1.6 -6.4
v 4.5 1.7 -6.4
v 4.5 1.8 -6.4
v 4.6 1.6 -6.4
v 4.6 1.7 -6.4
v 4.6 1.8 -6.4
v 4.8 1.7 -6.4
v 5 1.7 -6.4
v 5 1.8 -6.4
v 5.1 1.7 -6.4
v 5.1 1.8 -6.4
v 5.2 1.6 -6.4
v 5.2 1.7 -6.4
v 5.2 1.8 -6.4
v 5.3 1.7 -6.4
v 5.3 1.8 -6.4
v 5.4 1 -6.4
v 5.4 1.1 -6.4
v 5.4 1.5 -6.4
v 5.4 1.6 -6.4
v 5.4 1.7 -6.4
v 5.5 1.6 -6.4
v 5.5 1.7 -6.4
v 5.6 1.6 -6.4
v 5.6 1.7 -6.4
v 5.7 1.5 -6.4
v 5.7 1.6 -6.4
v 5.9 1.5 -6.4
v 6 1.5 -6.4
v 6 1.6 -6.4
v 6.1 1.2 -6.4
v 6.1 1.4 -6.4
v 6.1 1.5 -6.4
v 6.1 1.6 -6.4
v 6.2 1.1 -6.4
v 6.2 1.2 -6.4
v 6.2 1.4 -6.4
v 6.2 1.6 -6.4
v 6.2 1.7 -6.4
v 6.3 1.1 -6.4
v 6.3 1.2 -6.4
v 6.3 1.3 -6.4
v 6.3 1.4 -6.4
v 6.3 1.5 -6.4
v 6.5 1.1 -6.4
v 6.5 1.2 -6.4
v 6.5 1.3 -6.4
v 6.5 1.4 -6.4
v 6.5 1.5 -6.4
v 6.6 1.1 -6.4
v 6.6 1.2 -6.4
v 6.6 1.6 -6.4
v 6.6 1.7 -6.4
v 3.2 1.2 -6.5
v 3.2 1.3 -6.5
v 3.2 1.6 -6.5
v 3.3 1.3 -6.5
v 3.3 1.4 -6.5
v 3.4 1.3 -6.5
v 3.4 1.4 -6.5
v 3.5 1.4 -6.5
v 3.5 1.5 -6.5
v 3.6 1.4 -6.5
v 3.6 1.5 -6.5
v 3.7 1.3 -6.5
v 3.7 1.4 -6.5
v 3.8 1.3 -6.5
v 3.8 1.4 -6.5
v 3.9 1.1 -6.5
v 3.9 1.2 -6.5
v 3.9 1.3 -6.5
v 3.9 1.4 -6.5
v 4 1.5 -6.5
v 4 1.6 -6.5
v 4.3 1.5 -6.5
v 4.3 1.6 -6.5
v 4.6 1.6 -6.5
v 4.6 1.7 -6.5
v 4.7 1.2 -6.5
v 4.7 1.3 -6.5
v 4.8 1.2 -6.5
v 4.8 1.3 -6.5
v 4.8 1.6 -6.5
v 4.8 1.7 -6.5
v 5 1.6 -6.5
v 5 1.7 -6.5
v 5.1 1.6 -6.5
v 5.1 1.7 -6.5
v 5.2 1.6 -6.5
v 5.2 1.7 -6.5
v 5.4 1.1 -6.5
v 5.4 1.2 -6.5
v 5.4 1.3 -6.5
v 5.4 1.4 -6.5
v 5.4 1.5 -6.5
v 5.4 1.6 -6.5
v 5.7 1.3 -6.5
v 5.8 1.3 -6.5
v 5.8 1.4 -6.5
v 5.9 1.2 -6.5
v 5.9 1.3 -6.5
v 5.9 1.4 -6.5
v 5.9 1.5 -6.5
v 6 1.2 -6.5
v 6 1.4 -6.5
v 6.1 1.2 -6.5
v 6.1 1.4 -6.5
v 6.1 1.5 -6.5
v 6.2 1.2 -6.5
v 6.2 1.4 -6.5
v 6.2 1.5 -6.5
v 6.2 1.6 -6.5
v 6.3 1.2 -6.5
v 6.3 1.3 -6.5
v 6.3 1.4 -6.5
v 6.3 1.5 -6.5
v 6.5 1.2 -6.5
v 6.5 1.3 -6.5
v 6.5 1.4 -6.5
v 6.5 1.5 -6.5
v 6.6 1.2 -6.5
v 6.6 1.6 -6.5
v 0 1.4 -6.9
v 0 1.5 -6.9
v 0 1.6 -6.9
v 0.1 1.4 -6.9
v 0.1 1.5 -6.9
v 0.1 1.6 -6.9
v 0.2 1.5 -6.9
v 0.2 1.6 -6.9
v 0.4 1.4 -6.9
v 0.4 1.5 -6.9
v 0.5 1.4 -6.9
v 0.5 1.5 -6.9
v 5 1 -6.9
v 5 1.2 -6.9
v 5.1 1.1 -6.9
v 5.1 1.2 -6.9
v 5.2 1 -6.9
v 5.2 1.1 -6.9
v 5.3 1 -6.9
v 5.3 1.1 -6.9
v 5.4 1.1 -6.9
v 5.4 1.2 -6.9
v 5.5 1 -6.9
v 5.5 1.2 -6.9
v 0.1 1.4 -7
v 0.1 1.5 -7
v 0.2 1.4 -7
v 0.2 1.5 -7
v 0.4 1.4 -7
v 0.4 1.5 -7
v 4.7 1.2 -7
v 4.7 1.3 -7
v 4.8 1.2 -7
v 4.8 1.3 -7
v 5.1 1.1 -7.1
v 5.1 1.2 -7.1
v 5.2 1.1 -7.1
v 5.3 1.1 -7.1
v 5.3 1.2 -7.1
v 4.8 1.2 -7.2
v 4.8 1.3 -7.2
v 4.9 1.2 -7.2
v 4.9 1.3 -7.2
v 5.2 1 -7.3
v 5.2 1.1 -7.3
v 5.3 1 -7.3
v 5.3 1.1 -7.3
v 5.4 1 -7.3
v 5.4 1.1 -7.3
v 5.5 1 -7.3
v 5.5 1.1 -7.3
v 5.3 0.9 -7.4
v 5.3 1.2 -7.4
v 5.4 0.9 -7.4
v 5.4 1.2 -7.4
v 5.8 1.2 -7.5
v 5.8 1.3 -7.5
v 5.9 1.2 -7.5
v 5.9 1.3 -7.5
v 5.7 1.2 -7.6
v 5.7 1.3 -7.6
v 5.8 1.2 -7.6
v 5.8 1.3 -7.6
v 4.9 1.2 -7.7
v 4.9 1.3 -7.7
v 5 1.2 -7.7
v 5 1.3 -7.7
v 5.6 1.2 -7.7
v 5.6 1.3 -7.7
v 5.7 1.2 -7.7
v 5.7 1.3 -7.7
v 5 1.2 -7.8
v 5 1.3 -7.8
v 5.1 1.2 -7.8
v 5.1 1.3 -7.8
v 5.2 1.2 -7.8
v 5.2 1.3 -7.8
v 5.3 1.2 -7.8
v 5.3 1.3 -7.8
v 5.4 1.2 -7.8
v 5.4 1.3 -7.8
v 5.6 1.2 -7.8
v 5.6 1.3 -7.8
v 4.8 0.7 -1.9
v 4.9 0.7 -1.9
v 4.8 0.7 -2.2
v 4.9 0.7 -2.2
v 4.8 0.7 -5.6
v 4.9 0.7 -5.6
v 4.8 0.7 -5.9
v 4.9 0.7 -5.9
v 4.5 0.8 -1.6
v 5 0.8 -1.6
v 4.5 0.8 -1.7
v 4.7 0.8 -1.7
v 4.8 0.8 -1.7
v 5 0.8 -1.7
v 4.8 0.8 -1.9
v 4.9 0.8 -2
v 5 0.8 -2
v 4.7 0.8 -2.1
v 4.8 0.8 -2.1
v 4.9 0.8 -2.1
v 5 0.8 -2.1
v 4.7 0.8 -5.7
v 4.8 0.8 -5.7
v 4.9 0.8 -5.7
v 5 0.8 -5.7
v 4.9 0.8 -5.8
v 5 0.8 -5.8
v 4.8 0.8 -5.9
v 4.5 0.8 -6.1
v 4.7 0.8 -6.1
v 4.8 0.8 -6.1
v 5 0.8 -6.1
v 4.5 0.8 -6.2
v 5 0.8 -6.2
v 4.6 0.9 -1.5
v 4.9 0.9 -1.5
v 4.6 0.9 -1.6
v 4.9 0.9 -1.6
v 1.7 0.9 -1.7
v 2 0.9 -1.7
v 4.6 0.9 -1.7
v 4.7 0.9 -1.7
v 4.8 0.9 -1.7
v 4.9 0.9 -1.7
v 1.7 0.9 -1.8
v 2 0.9 -1.8
v 4.6 0.9 -1.9
v 4.7 0.9 -1.9
v 4.8 0.9 -1.9
v 4.9 0.9 -1.9
v 1.7 0.9 -5.9
v 2 0.9 -5.9
v 4.6 0.9 -5.9
v 4.7 0.9 -5.9
v 4.8 0.9 -5.9
v 4.9 0.9 -5.9
v 1.7 0.9 -6
v 2 0.9 -6
v 4.6 0.9 -6.1
v 4.7 0.9 -6.1
v 4.8 0.9 -6.1
v 4.9 0.9 -6.1
v 4.6 0.9 -6.2
v 4.9 0.9 -6.2
v 4.6 0.9 -6.3
v 4.9 0.9 -6.3
v 5.3 0.9 -7.1
v 5.4 0.9 -7.1
v 5.3 0.9 -7.4
v 5.4 0.9 -7.4
v 3.9 1 -1.4
v 5.4 1 -1.4
v 3.6 1 -1.5
v 3.9 1 -1.5
v 4.6 1 -1.5
v 4.9 1 -1.5
v 5.4 1 -1.5
v 5.5 1 -1.5
v 6.2 1 -1.5
v 6.3 1 -1.5
v 6.5 1 -1.5
v 6.6 1 -1.5
v 1.8 1 -1.6
v 1.9 1 -1.6
v 2.2 1 -1.6
v 2.3 1 -1.6
v 3.1 1 -1.6
v 3.6 1 -1.6
v 4.4 1 -1.6
v 4.5 1 -1.6
v 4.6 1 -1.6
v 4.9 1 -1.6
v 5 1 -1.6
v 5.1 1 -1.6
v 5.5 1 -1.6
v 5.7 1 -1.6
v 6 1 -1.6
v 6.1 1 -1.6
v 6.3 1 -1.6
v 6.5 1 -1.6
v 1.8 1 -1.7
v 1.9 1 -1.7
v 4.3 1 -1.7
v 4.4 1 -1.7
v 4.5 1 -1.7
v 4.6 1 -1.7
v 4.9 1 -1.7
v 5 1 -1.7
v 5.1 1 -1.7
v 5.2 1 -1.7
v 5.7 1 -1.7
v 5.9 1 -1.7
v 1.8 1 -1.8
v 2 1 -1.8
v 2.2 1 -1.8
v 1.8 1 -1.9
v 2.2 1 -1.9
v 4.3 1 -1.9
v 4.4 1 -1.9
v 4.6 1 -1.9
v 4.9 1 -1.9
v 5.1 1 -1.9
v 5.2 1 -1.9
v 5.7 1 -1.9
v 5.9 1 -1.9
v 3.1 1 -2
v 3.6 1 -2
v 4.4 1 -2
v 4.8 1 -2
v 4.9 1 -2
v 5.1 1 -2
v 5.5 1 -2
v 5.7 1 -2
v 6 1 -2
v 6.1 1 -2
v 6.3 1 -2
v 6.5 1 -2
v 2.2 1 -2.1
v 2.3 1 -2.1
v 3.6 1 -2.1
v 3.9 1 -2.1
v 5.4 1 -2.1
v 5.5 1 -2.1
v 6.2 1 -2.1
v 6.3 1 -2.1
v 6.5 1 -2.1
v 6.6 1 -2.1
v 3.9 1 -2.2
v 4.8 1 -2.2
v 4.9 1 -2.2
v 5.4 1 -2.2
v 4.9 1 -3.5
v 6.4 1 -3.5
v 4.6 1 -3.6
v 4.9 1 -3.6
v 6.4 1 -3.6
v 6.5 1 -3.6
v 4.1 1 -3.7
v 4.6 1 -3.7
v 5.4 1 -3.7
v 6.1 1 -3.7
v 6.5 1 -3.7
v 7.1 1 -3.7
v 7.2 1 -3.7
v 7.3 1 -3.7
v 7.4 1 -3.7
v 7.5 1 -3.7
v 5.3 1 -3.8
v 5.4 1 -3.8
v 6.1 1 -3.8
v 6.2 1 -3.8
v 7.2 1 -3.8
v 7.3 1 -3.8
v 5.3 1 -4
v 5.4 1 -4
v 6.1 1 -4
v 6.2 1 -4
v 7.3 1 -4
v 7.4 1 -4
v 7.5 1 -4
v 4.1 1 -4.1
v 4.6 1 -4.1
v 5.4 1 -4.1
v 6.1 1 -4.1
v 6.5 1 -4.1
v 7.1 1 -4.1
v 7.3 1 -4.1
v 7.4 1 -4.1
v 7.5 1 -4.1
v 4.6 1 -4.2
v 4.9 1 -4.2
v 6.4 1 -4.2
v 6.5 1 -4.2
v 4.9 1 -4.3
v 6.4 1 -4.3
v 3.9 1 -5.6
v 4.8 1 -5.6
v 4.9 1 -5.6
v 5.4 1 -5.6
v 3.6 1 -5.7
v 3.9 1 -5.7
v 5.4 1 -5.7
v 5.5 1 -5.7
v 6.2 1 -5.7
v 6.3 1 -5.7
v 6.5 1 -5.7
v 6.6 1 -5.7
v 1.8 1 -5.8
v 1.9 1 -5.8
v 2.2 1 -5.8
v 2.3 1 -5.8
v 3.1 1 -5.8
v 3.6 1 -5.8
v 4.4 1 -5.8
v 4.8 1 -5.8
v 4.9 1 -5.8
v 5.1 1 -5.8
v 5.5 1 -5.8
v 5.7 1 -5.8
v 6 1 -5.8
v 6.1 1 -5.8
v 6.3 1 -5.8
v 6.5 1 -5.8
v 1.8 1 -5.9
v 1.9 1 -5.9
v 4.3 1 -5.9
v 4.4 1 -5.9
v 4.6 1 -5.9
v 4.9 1 -5.9
v 5.1 1 -5.9
v 5.2 1 -5.9
v 5.7 1 -5.9
v 5.9 1 -5.9
v 1.8 1 -6
v 2 1 -6
v 2.2 1 -6
v 1.8 1 -6.1
v 2.2 1 -6.1
v 4.3 1 -6.1
v 4.4 1 -6.1
v 4.5 1 -6.1
v 4.6 1 -6.1
v 4.9 1 -6.1
v 5 1 -6.1
v 5.1 1 -6.1
v 5.2 1 -6.1
v 5.7 1 -6.1
v 5.9 1 -6.1
v 3.1 1 -6.2
v 3.6 1 -6.2
v 4.4 1 -6.2
v 4.5 1 -6.2
v 4.6 1 -6.2
v 4.9 1 -6.2
v 5 1 -6.2
v 5.1 1 -6.2
v 5.5 1 -6.2
v 5.7 1 -6.2
v 6 1 -6.2
v 6.1 1 -6.2
v 6.3 1 -6.2
v 6.5 1 -6.2
v 2.2 1 -6.3
v 2.3 1 -6.3
v 3.6 1 -6.3
v 3.9 1 -6.3
v 4.6 1 -6.3
v 4.9 1 -6.3
v 5.4 1 -6.3
v 5.5 1 -6.3
v 6.2 1 -6.3
v 6.3 1 -6.3
v 6.5 1 -6.3
v 6.6 1 -6.3
v 3.9 1 -6.4
v 5.4 1 -6.4
v 5 1 -6.8
v 5.5 1 -6.8
v 5 1 -6.9
v 5.2 1 -6.9
v 5.3 1 -6.9
v 5.5 1 -6.9
v 5.3 1 -7.1
v 5.4 1 -7.2
v 5.5 1 -7.2
v 5.2 1 -7.3
v 5.3 1 -7.3
v 5.4 1 -7.3
v 5.5 1 -7.3
v 3.9 1.1 -1.3
v 5.4 1.1 -1.3
v 3.6 1.1 -1.4
v 3.9 1.1 -1.4
v 5.4 1.1 -1.4
v 5.5 1.1 -1.4
v 6.2 1.1 -1.4
v 6.3 1.1 -1.4
v 6.5 1.1 -1.4
v 6.6 1.1 -1.4
v 2.8 1.1 -1.5
v 3.6 1.1 -1.5
v 3.9 1.1 -1.5
v 5.4 1.1 -1.5
v 5.5 1.1 -1.5
v 5.9 1.1 -1.5
v 6 1.1 -1.5
v 6.1 1.1 -1.5
v 6.2 1.1 -1.5
v 6.3 1.1 -1.5
v 6.5 1.1 -1.5
v 6.6 1.1 -1.5
v 3.1 1.1 -1.6
v 3.6 1.1 -1.6
v 4.4 1.1 -1.6
v 5.1 1.1 -1.6
v 5.5 1.1 -1.6
v 5.7 1.1 -1.6
v 5.9 1.1 -1.6
v 6 1.1 -1.6
v 6.1 1.1 -1.6
v 6.3 1.1 -1.6
v 6.5 1.1 -1.6
v 2 1.1 -1.7
v 2.2 1.1 -1.7
v 2.3 1.1 -1.7
v 2.4 1.1 -1.7
v 2.8 1.1 -1.7
v 4.3 1.1 -1.7
v 4.4 1.1 -1.7
v 5.1 1.1 -1.7
v 5.2 1.1 -1.7
v 2 1.1 -1.8
v 2.2 1.1 -1.8
v 2 1.1 -1.9
v 2.2 1.1 -1.9
v 2.4 1.1 -1.9
v 2.8 1.1 -1.9
v 4.3 1.1 -1.9
v 4.4 1.1 -1.9
v 5.1 1.1 -1.9
v 5.2 1.1 -1.9
v 2 1.1 -2
v 2.2 1.1 -2
v 2.3 1.1 -2
v 2.4 1.1 -2
v 3.1 1.1 -2
v 3.6 1.1 -2
v 4.4 1.1 -2
v 5.1 1.1 -2
v 5.5 1.1 -2
v 5.7 1.1 -2
v 5.9 1.1 -2
v 6 1.1 -2
v 6.1 1.1 -2
v 6.3 1.1 -2
v 6.5 1.1 -2
v 2.8 1.1 -2.1
v 3.6 1.1 -2.1
v 3.9 1.1 -2.1
v 5.5 1.1 -2.1
v 5.9 1.1 -2.1
v 6 1.1 -2.1
v 6.1 1.1 -2.1
v 6.2 1.1 -2.1
v 6.3 1.1 -2.1
v 6.5 1.1 -2.1
v 6.6 1.1 -2.1
v 3.6 1.1 -2.2
v 3.9 1.1 -2.2
v 5.4 1.1 -2.2
v 6.2 1.1 -2.2
v 6.3 1.1 -2.2
v 6.5 1.1 -2.2
v 6.6 1.1 -2.2
v 3.9 1.1 -2.3
v 5.4 1.1 -2.3
v 4.9 1.1 -3.4
v 6.4 1.1 -3.4
v 4.6 1.1 -3.5
v 4.9 1.1 -3.5
v 6.4 1.1 -3.5
v 6.5 1.1 -3.5
v 3.8 1.1 -3.6
v 4.6 1.1 -3.6
v 4.9 1.1 -3.6
v 6.4 1.1 -3.6
v 6.5 1.1 -3.6
v 7.1 1.1 -3.6
v 7.4 1.1 -3.6
v 7.5 1.1 -3.6
v 3.7 1.1 -3.7
v 3.8 1.1 -3.7
v 4.1 1.1 -3.7
v 4.6 1.1 -3.7
v 5.4 1.1 -3.7
v 6.1 1.1 -3.7
v 6.5 1.1 -3.7
v 7.1 1.1 -3.7
v 7.2 1.1 -3.7
v 7.3 1.1 -3.7
v 7.4 1.1 -3.7
v 7.5 1.1 -3.7
v 7.6 1.1 -3.7
v 7.7 1.1 -3.7
v 3.6 1.1 -3.8
v 3.7 1.1 -3.8
v 5.3 1.1 -3.8
v 5.4 1.1 -3.8
v 6.1 1.1 -3.8
v 6.2 1.1 -3.8
v 7.6 1.1 -3.8
v 7.7 1.1 -3.8
v 7.8 1.1 -3.8
v 3.6 1.1 -4
v 3.7 1.1 -4
v 5.3 1.1 -4
v 5.4 1.1 -4
v 6.1 1.1 -4
v 6.2 1.1 -4
v 7.5 1.1 -4
v 7.6 1.1 -4
v 7.7 1.1 -4
v 7.8 1.1 -4
v 3.7 1.1 -4.1
v 3.8 1.1 -4.1
v 4.1 1.1 -4.1
v 4.6 1.1 -4.1
v 5.4 1.1 -4.1
v 6.1 1.1 -4.1
v 6.5 1.1 -4.1
v 7.1 1.1 -4.1
v 7.3 1.1 -4.1
v 7.4 1.1 -4.1
v 7.5 1.1 -4.1
v 7.7 1.1 -4.1
v 3.8 1.1 -4.2
v 4.6 1.1 -4.2
v 4.9 1.1 -4.2
v 6.5 1.1 -4.2
v 7.1 1.1 -4.2
v 7.3 1.1 -4.2
v 7.5 1.1 -4.2
v 4.6 1.1 -4.3
v 4.9 1.1 -4.3
v 6.4 1.1 -4.3
v 4.9 1.1 -4.4
v 6.4 1.1 -4.4
v 3.9 1.1 -5.5
v 5.4 1.1 -5.5
v 3.6 1.1 -5.6
v 3.9 1.1 -5.6
v 5.4 1.1 -5.6
v 5.5 1.1 -5.6
v 6.2 1.1 -5.6
v 6.3 1.1 -5.6
v 6.5 1.1 -5.6
v 6.6 1.1 -5.6
v 2.8 1.1 -5.7
v 3.6 1.1 -5.7
v 3.9 1.1 -5.7
v 5.4 1.1 -5.7
v 5.5 1.1 -5.7
v 5.9 1.1 -5.7
v 6 1.1 -5.7
v 6.1 1.1 -5.7
v 6.2 1.1 -5.7
v 6.3 1.1 -5.7
v 6.5 1.1 -5.7
v 6.6 1.1 -5.7
v 3.1 1.1 -5.8
v 3.6 1.1 -5.8
v 4.4 1.1 -5.8
v 5.1 1.1 -5.8
v 5.5 1.1 -5.8
v 5.7 1.1 -5.8
v 5.9 1.1 -5.8
v 6 1.1 -5.8
v 6.1 1.1 -5.8
v 6.3 1.1 -5.8
v 6.5 1.1 -5.8
v 2 1.1 -5.9
v 2.2 1.1 -5.9
v 2.3 1.1 -5.9
v 2.4 1.1 -5.9
v 2.8 1.1 -5.9
v 4.3 1.1 -5.9
v 4.4 1.1 -5.9
v 5.1 1.1 -5.9
v 5.2 1.1 -5.9
v 2 1.1 -6
v 2.2 1.1 -6
v 2 1.1 -6.1
v 2.2 1.1 -6.1
v 2.4 1.1 -6.1
v 2.8 1.1 -6.1
v 4.3 1.1 -6.1
v 4.4 1.1 -6.1
v 5.1 1.1 -6.1
v 5.2 1.1 -6.1
v 2 1.1 -6.2
v 2.2 1.1 -6.2
v 2.3 1.1 -6.2
v 2.4 1.1 -6.2
v 3.1 1.1 -6.2
v 3.6 1.1 -6.2
v 4.4 1.1 -6.2
v 5.1 1.1 -6.2
v 5.5 1.1 -6.2
v 5.7 1.1 -6.2
v 5.9 1.1 -6.2
v 6 1.1 -6.2
v 6.1 1.1 -6.2
v 6.3 1.1 -6.2
v 6.5 1.1 -6.2
v 2.8 1.1 -6.3
v 3.6 1.1 -6.3
v 3.9 1.1 -6.3
v 5.5 1.1 -6.3
v 5.9 1.1 -6.3
v 6 1.1 -6.3
v 6.1 1.1 -6.3
v 6.2 1.1 -6.3
v 6.3 1.1 -6.3
v 6.5 1.1 -6.3
v 6.6 1.1 -6.3
v 3.6 1.1 -6.4
v 3.9 1.1 -6.4
v 5.4 1.1 -6.4
v 6.2 1.1 -6.4
v 6.3 1.1 -6.4
v 6.5 1.1 -6.4
v 6.6 1.1 -6.4
v 3.9 1.1 -6.5
v 5.4 1.1 -6.5
v 5.1 1.1 -6.7
v 5.4 1.1 -6.7
v 5.1 1.1 -6.8
v 5.4 1.1 -6.8
v 5.1 1.1 -6.9
v 5.2 1.1 -6.9
v 5.3 1.1 -6.9
v 5.4 1.1 -6.9
v 5.1 1.1 -7.1
v 5.2 1.1 -7.1
v 5.3 1.1 -7.1
v 5.4 1.1 -7.1
v 5 1.2 0
v 5.1 1.2 0
v 5.2 1.2 0
v 5.3 1.2 0
v 5.5 1.2 0
v 5.6 1.2 0
v 4.9 1.2 -0.1
v 5 1.2 -0.1
v 5.1 1.2 -0.1
v 5.2 1.2 -0.1
v 5.3 1.2 -0.1
v 5.5 1.2 -0.1
v 5.6 1.2 -0.1
v 5.7 1.2 -0.1
v 5.7 1.2 -0.2
v 5.8 1.2 -0.2
v 5.7 1.2 -0.3
v 5.8 1.2 -0.3
v 5.9 1.2 -0.3
v 5.8 1.2 -0.4
v 5.9 1.2 -0.4
v 4.8 1.2 -0.6
v 4.9 1.2 -0.6
v 5 1.2 -0.6
v 4.7 1.2 -0.8
v 4.8 1.2 -0.8
v 4.9 1.2 -0.8
v 5.8 1.2 -0.9
v 5.9 1.2 -0.9
v 4.7 1.2 -1
v 4.8 1.2 -1
v 4.9 1.2 -1
v 5.8 1.2 -1
v 5.9 1.2 -1
v 4.8 1.2 -1.1
v 4.9 1.2 -1.1
v 4.7 1.2 -1.2
v 4.8 1.2 -1.2
v 5.8 1.2 -1.2
v 5.9 1.2 -1.2
v 3.2 1.2 -1.3
v 3.9 1.2 -1.3
v 4.7 1.2 -1.3
v 4.8 1.2 -1.3
v 5.4 1.2 -1.3
v 5.7 1.2 -1.3
v 5.9 1.2 -1.3
v 6 1.2 -1.3
v 6.1 1.2 -1.3
v 6.2 1.2 -1.3
v 6.3 1.2 -1.3
v 6.5 1.2 -1.3
v 6.6 1.2 -1.3
v 2.8 1.2 -1.4
v 3.2 1.2 -1.4
v 3.6 1.2 -1.4
v 3.9 1.2 -1.4
v 5.4 1.2 -1.4
v 5.5 1.2 -1.4
v 5.7 1.2 -1.4
v 5.9 1.2 -1.4
v 6 1.2 -1.4
v 6.1 1.2 -1.4
v 6.2 1.2 -1.4
v 6.3 1.2 -1.4
v 6.5 1.2 -1.4
v 6.6 1.2 -1.4
v 2 1.2 -1.5
v 2.8 1.2 -1.5
v 3.6 1.2 -1.5
v 5.5 1.2 -1.5
v 5.7 1.2 -1.5
v 5.9 1.2 -1.5
v 6 1.2 -1.5
v 6.1 1.2 -1.5
v 6.2 1.2 -1.5
v 6.3 1.2 -1.5
v 6.5 1.2 -1.5
v 6.6 1.2 -1.5
v 6.7 1.2 -1.5
v 2.2 1.2 -1.6
v 2.3 1.2 -1.6
v 6.7 1.2 -1.6
v 6.8 1.2 -1.6
v 1.2 1.2 -1.7
v 1.7 1.2 -1.7
v 2 1.2 -1.7
v 2.2 1.2 -1.7
v 2.3 1.2 -1.7
v 2.4 1.2 -1.7
v 2.8 1.2 -1.7
v 1.7 1.2 -1.8
v 2 1.2 -1.8
v 1.2 1.2 -1.9
v 2 1.2 -1.9
v 2.4 1.2 -1.9
v 2.8 1.2 -1.9
v 2 1.2 -2
v 2.2 1.2 -2
v 2.3 1.2 -2
v 2.4 1.2 -2
v 6.7 1.2 -2
v 6.8 1.2 -2
v 2 1.2 -2.1
v 2.2 1.2 -2.1
v 2.3 1.2 -2.1
v 2.8 1.2 -2.1
v 3.6 1.2 -2.1
v 5.4 1.2 -2.1
v 5.5 1.2 -2.1
v 5.7 1.2 -2.1
v 5.9 1.2 -2.1
v 6 1.2 -2.1
v 6.1 1.2 -2.1
v 6.2 1.2 -2.1
v 6.3 1.2 -2.1
v 6.5 1.2 -2.1
v 6.6 1.2 -2.1
v 6.7 1.2 -2.1
v 2.8 1.2 -2.2
v 3.2 1.2 -2.2
v 3.6 1.2 -2.2
v 3.9 1.2 -2.2
v 5.7 1.2 -2.2
v 5.8 1.2 -2.2
v 5.9 1.2 -2.2
v 6 1.2 -2.2
v 6.1 1.2 -2.2
v 6.2 1.2 -2.2
v 6.3 1.2 -2.2
v 6.5 1.2 -2.2
v 6.6 1.2 -2.2
v 3.2 1.2 -2.3
v 3.9 1.2 -2.3
v 4.5 1.2 -2.3
v 4.6 1.2 -2.3
v 5.4 1.2 -2.3
v 5.9 1.2 -2.3
v 6 1.2 -2.3
v 6.1 1.2 -2.3
v 6.2 1.2 -2.3
v 6.3 1.2 -2.3
v 6.5 1.2 -2.3
v 6.6 1.2 -2.3
v 5.7 1.2 -2.7
v 5.8 1.2 -2.7
v 4.7 1.2 -2.8
v 4.8 1.2 -2.8
v 5.7 1.2 -2.8
v 5.8 1.2 -2.8
v 4.7 1.2 -2.9
v 4.8 1.2 -2.9
v 4.6 1.2 -3
v 4.7 1.2 -3
v 5 1.2 -3
v 5.1 1.2 -3
v 4.6 1.2 -3.1
v 4.7 1.2 -3.1
v 5 1.2 -3.1
v 5.1 1.2 -3.1
v 5.8 1.2 -3.3
v 5.9 1.2 -3.3
v 4.2 1.2 -3.4
v 4.5 1.2 -3.4
v 4.6 1.2 -3.4
v 4.9 1.2 -3.4
v 5.9 1.2 -3.4
v 6.4 1.2 -3.4
v 6.9 1.2 -3.4
v 7 1.2 -3.4
v 7.1 1.2 -3.4
v 7.3 1.2 -3.4
v 7.5 1.2 -3.4
v 3.8 1.2 -3.5
v 4.2 1.2 -3.5
v 4.6 1.2 -3.5
v 4.9 1.2 -3.5
v 6.4 1.2 -3.5
v 6.5 1.2 -3.5
v 6.9 1.2 -3.5
v 7.3 1.2 -3.5
v 7.4 1.2 -3.5
v 7.5 1.2 -3.5
v 7.6 1.2 -3.5
v 7.7 1.2 -3.5
v 3.6 1.2 -3.6
v 3.8 1.2 -3.6
v 4.6 1.2 -3.6
v 6.5 1.2 -3.6
v 7 1.2 -3.6
v 7.1 1.2 -3.6
v 7.4 1.2 -3.6
v 7.5 1.2 -3.6
v 7.6 1.2 -3.6
v 7.7 1.2 -3.6
v 3.4 1.2 -3.7
v 3.6 1.2 -3.7
v 3.7 1.2 -3.7
v 3.8 1.2 -3.7
v 7.5 1.2 -3.7
v 7.6 1.2 -3.7
v 7.7 1.2 -3.7
v 7.8 1.2 -3.7
v 3.3 1.2 -3.8
v 3.4 1.2 -3.8
v 3.5 1.2 -3.8
v 3.6 1.2 -3.8
v 3.7 1.2 -3.8
v 7.7 1.2 -3.8
v 7.8 1.2 -3.8
v 7.9 1.2 -3.8
v 3.3 1.2 -4
v 3.4 1.2 -4
v 3.5 1.2 -4
v 3.6 1.2 -4
v 3.7 1.2 -4
v 7.7 1.2 -4
v 7.8 1.2 -4
v 7.9 1.2 -4
v 3.4 1.2 -4.1
v 3.6 1.2 -4.1
v 3.7 1.2 -4.1
v 3.8 1.2 -4.1
v 7.5 1.2 -4.1
v 7.6 1.2 -4.1
v 7.7 1.2 -4.1
v 7.8 1.2 -4.1
v 3.6 1.2 -4.2
v 3.8 1.2 -4.2
v 4.6 1.2 -4.2
v 6.4 1.2 -4.2
v 6.5 1.2 -4.2
v 7 1.2 -4.2
v 7.1 1.2 -4.2
v 7.2 1.2 -4.2
v 7.3 1.2 -4.2
v 7.5 1.2 -4.2
v 7.6 1.2 -4.2
v 3.8 1.2 -4.3
v 4.2 1.2 -4.3
v 4.6 1.2 -4.3
v 4.9 1.2 -4.3
v 6.4 1.2 -4.3
v 6.9 1.2 -4.3
v 7.5 1.2 -4.3
v 7.7 1.2 -4.3
v 4.2 1.2 -4.4
v 4.5 1.2 -4.4
v 4.6 1.2 -4.4
v 4.9 1.2 -4.4
v 5.9 1.2 -4.4
v 6.4 1.2 -4.4
v 6.9 1.2 -4.4
v 7 1.2 -4.4
v 7.1 1.2 -4.4
v 7.2 1.2 -4.4
v 7.5 1.2 -4.4
v 5.8 1.2 -4.5
v 5.9 1.2 -4.5
v 4.8 1.2 -4.6
v 4.9 1.2 -4.6
v 5.6 1.2 -4.6
v 5.7 1.2 -4.6
v 4.8 1.2 -4.7
v 4.9 1.2 -4.7
v 5.6 1.2 -4.7
v 5.7 1.2 -4.7
v 4.6 1.2 -4.8
v 4.7 1.2 -4.8
v 4.6 1.2 -4.9
v 4.7 1.2 -4.9
v 4.8 1.2 -4.9
v 4.9 1.2 -4.9
v 4.8 1.2 -5
v 4.9 1.2 -5
v 3.2 1.2 -5.5
v 3.9 1.2 -5.5
v 4.5 1.2 -5.5
v 4.6 1.2 -5.5
v 5.4 1.2 -5.5
v 5.8 1.2 -5.5
v 5.9 1.2 -5.5
v 6 1.2 -5.5
v 6.1 1.2 -5.5
v 6.2 1.2 -5.5
v 6.3 1.2 -5.5
v 6.5 1.2 -5.5
v 6.6 1.2 -5.5
v 2.8 1.2 -5.6
v 3.2 1.2 -5.6
v 3.6 1.2 -5.6
v 3.9 1.2 -5.6
v 5.4 1.2 -5.6
v 5.5 1.2 -5.6
v 5.7 1.2 -5.6
v 5.9 1.2 -5.6
v 6 1.2 -5.6
v 6.1 1.2 -5.6
v 6.2 1.2 -5.6
v 6.3 1.2 -5.6
v 6.5 1.2 -5.6
v 6.6 1.2 -5.6
v 2 1.2 -5.7
v 2.8 1.2 -5.7
v 3.6 1.2 -5.7
v 5.5 1.2 -5.7
v 5.7 1.2 -5.7
v 5.9 1.2 -5.7
v 6 1.2 -5.7
v 6.1 1.2 -5.7
v 6.2 1.2 -5.7
v 6.3 1.2 -5.7
v 6.5 1.2 -5.7
v 6.6 1.2 -5.7
v 6.7 1.2 -5.7
v 2.2 1.2 -5.8
v 2.3 1.2 -5.8
v 6.7 1.2 -5.8
v 6.8 1.2 -5.8
v 1.2 1.2 -5.9
v 1.7 1.2 -5.9
v 2 1.2 -5.9
v 2.2 1.2 -5.9
v 2.3 1.2 -5.9
v 2.4 1.2 -5.9
v 2.8 1.2 -5.9
v 1.7 1.2 -6
v 2 1.2 -6
v 1.2 1.2 -6.1
v 2 1.2 -6.1
v 2.4 1.2 -6.1
v 2.8 1.2 -6.1
v 2 1.2 -6.2
v 2.2 1.2 -6.2
v 2.3 1.2 -6.2
v 2.4 1.2 -6.2
v 6.7 1.2 -6.2
v 6.8 1.2 -6.2
v 2 1.2 -6.3
v 2.2 1.2 -6.3
v 2.3 1.2 -6.3
v 2.8 1.2 -6.3
v 3.6 1.2 -6.3
v 5.4 1.2 -6.3
v 5.5 1.2 -6.3
v 5.7 1.2 -6.3
v 5.9 1.2 -6.3
v 6 1.2 -6.3
v 6.1 1.2 -6.3
v 6.2 1.2 -6.3
v 6.3 1.2 -6.3
v 6.5 1.2 -6.3
v 6.6 1.2 -6.3
v 6.7 1.2 -6.3
v 2.8 1.2 -6.4
v 3.2 1.2 -6.4
v 3.6 1.2 -6.4
v 3.9 1.2 -6.4
v 5.4 1.2 -6.4
v 5.7 1.2 -6.4
v 5.9 1.2 -6.4
v 6 1.2 -6.4
v 6.1 1.2 -6.4
v 6.2 1.2 -6.4
v 6.3 1.2 -6.4
v 6.5 1.2 -6.4
v 6.6 1.2 -6.4
v 3.2 1.2 -6.5
v 3.9 1.2 -6.5
v 4.7 1.2 -6.5
v 4.8 1.2 -6.5
v 5.4 1.2 -6.5
v 5.7 1.2 -6.5
v 5.9 1.2 -6.5
v 6 1.2 -6.5
v 6.1 1.2 -6.5
v 6.2 1.2 -6.5
v 6.3 1.2 -6.5
v 6.5 1.2 -6.5
v 6.6 1.2 -6.5
v 4.7 1.2 -6.6
v 4.8 1.2 -6.6
v 5.7 1.2 -6.6
v 5.8 1.2 -6.6
v 5.9 1.2 -6.6
v 4.8 1.2 -6.7
v 4.9 1.2 -6.7
v 5.1 1.2 -6.7
v 5.4 1.2 -6.7
v 4.7 1.2 -6.8
v 4.8 1.2 -6.8
v 4.9 1.2 -6.8
v 5 1.2 -6.8
v 5.1 1.2 -6.8
v 5.4 1.2 -6.8
v 5.5 1.2 -6.8
v 5.8 1.2 -6.8
v 5.9 1.2 -6.8
v 5 1.2 -6.9
v 5.1 1.2 -6.9
v 5.4 1.2 -6.9
v 5.5 1.2 -6.9
v 5.6 1.2 -6.9
v 5.7 1.2 -6.9
v 4.7 1.2 -7
v 4.8 1.2 -7
v 4.9 1.2 -7
v 5.6 1.2 -7
v 5.7 1.2 -7
v 5.1 1.2 -7.1
v 5.3 1.2 -7.1
v 5.4 1.2 -7.1
v 5.8 1.2 -7.1
v 5.9 1.2 -7.1
v 4.8 1.2 -7.2
v 4.9 1.2 -7.2
v 5 1.2 -7.2
v 5.3 1.2 -7.4
v 5.4 1.2 -7.4
v 5.7 1.2 -7.5
v 5.8 1.2 -7.5
v 5.9 1.2 -7.5
v 5.6 1.2 -7.6
v 5.7 1.2 -7.6
v 5.8 1.2 -7.6
v 4.9 1.2 -7.7
v 5 1.2 -7.7
v 5.1 1.2 -7.7
v 5.2 1.2 -7.7
v 5.3 1.2 -7.7
v 5.4 1.2 -7.7
v 5.6 1.2 -7.7
v 5.7 1.2 -7.7
v 5 1.2 -7.8
v 5.1 1.2 -7.8
v 5.2 1.2 -7.8
v 5.3 1.2 -7.8
v 5.4 1.2 -7.8
v 5.6 1.2 -7.8
v 6.3 1.3 -1.3
v 6.5 1.3 -1.3
v 6.3 1.3 -1.4
v 6.5 1.3 -1.4
v 6.7 1.3 -1.5
v 6.8 1.3 -1.5
v 6.7 1.3 -1.6
v 6.8 1.3 -1.6
v 0.8 1.3 -1.7
v 1.2 1.3 -1.7
v 0.8 1.3 -1.9
v 1.2 1.3 -1.9
v 6.7 1.3 -2
v 6.8 1.3 -2
v 6.7 1.3 -2.1
v 6.8 1.3 -2.1
v 6.3 1.3 -2.2
v 6.5 1.3 -2.2
v 6.3 1.3 -2.3
v 6.5 1.3 -2.3
v 3.6 1.3 -3.5
v 3.7 1.3 -3.5
v 3.8 1.3 -3.5
v 3.3 1.3 -3.6
v 3.5 1.3 -3.6
v 3.6 1.3 -3.6
v 3.7 1.3 -3.6
v 3.8 1.3 -3.6
v 7.7 1.3 -3.6
v 7.8 1.3 -3.6
v 3.2 1.3 -3.7
v 3.3 1.3 -3.7
v 3.4 1.3 -3.7
v 3.5 1.3 -3.7
v 3.6 1.3 -3.7
v 7.7 1.3 -3.7
v 7.8 1.3 -3.7
v 7.9 1.3 -3.7
v 3.1 1.3 -3.8
v 3.2 1.3 -3.8
v 3.3 1.3 -3.8
v 3.4 1.3 -3.8
v 7.8 1.3 -3.8
v 7.9 1.3 -3.8
v 8 1.3 -3.8
v 3.1 1.3 -3.9
v 3.2 1.3 -3.9
v 7.9 1.3 -3.9
v 8 1.3 -3.9
v 3.1 1.3 -4
v 3.2 1.3 -4
v 3.3 1.3 -4
v 3.4 1.3 -4
v 7.8 1.3 -4
v 7.9 1.3 -4
v 8 1.3 -4
v 3.2 1.3 -4.1
v 3.3 1.3 -4.1
v 3.4 1.3 -4.1
v 3.5 1.3 -4.1
v 3.6 1.3 -4.1
v 7.7 1.3 -4.1
v 7.8 1.3 -4.1
v 7.9 1.3 -4.1
v 3.3 1.3 -4.2
v 3.5 1.3 -4.2
v 3.6 1.3 -4.2
v 3.7 1.3 -4.2
v 3.8 1.3 -4.2
v 7.7 1.3 -4.2
v 7.8 1.3 -4.2
v 3.6 1.3 -4.3
v 3.7 1.3 -4.3
v 3.8 1.3 -4.3
v 6.3 1.3 -5.5
v 6.5 1.3 -5.5
v 6.3 1.3 -5.6
v 6.5 1.3 -5.6
v 6.7 1.3 -5.7
v 6.8 1.3 -5.7
v 6.7 1.3 -5.8
v 6.8 1.3 -5.8
v 0.8 1.3 -5.9
v 1.2 1.3 -5.9
v 0.8 1.3 -6.1
v 1.2 1.3 -6.1
v 6.7 1.3 -6.2
v 6.8 1.3 -6.2
v 6.7 1.3 -6.3
v 6.8 1.3 -6.3
v 6.3 1.3 -6.4
v 6.5 1.3 -6.4
v 6.3 1.3 -6.5
v 6.5 1.3 -6.5
v 0.1 1.4 -0.7
v 0.2 1.4 -0.7
v 0.4 1.4 -0.7
v 0 1.4 -0.8
v 0.1 1.4 -0.8
v 0.2 1.4 -0.8
v 0.3 1.4 -0.8
v 0.4 1.4 -0.8
v 0.5 1.4 -0.8
v 0 1.4 -0.9
v 0.1 1.4 -0.9
v 0.2 1.4 -0.9
v 0.3 1.4 -0.9
v 0.4 1.4 -0.9
v 0.5 1.4 -0.9
v 0.1 1.4 -1.2
v 0.2 1.4 -1.2
v 0.4 1.4 -1.2
v 0.5 1.4 -1.2
v 0 1.4 -1.3
v 0.2 1.4 -1.3
v 0.5 1.4 -1.3
v 0.6 1.4 -1.3
v 0.5 1.4 -1.4
v 0.6 1.4 -1.4
v 0.3 1.4 -1.5
v 0.4 1.4 -1.5
v 1.6 1.4 -1.5
v 2 1.4 -1.5
v 0.4 1.4 -1.6
v 0.6 1.4 -1.6
v 1.2 1.4 -1.6
v 1.6 1.4 -1.6
v 0 1.4 -1.7
v 0.2 1.4 -1.7
v 0.6 1.4 -1.7
v 0.8 1.4 -1.7
v 1.2 1.4 -1.7
v 2 1.4 -1.7
v 0 1.4 -1.8
v 0.2 1.4 -1.8
v 0.4 1.4 -1.9
v 0.6 1.4 -1.9
v 0.8 1.4 -1.9
v 1.2 1.4 -1.9
v 1.4 1.4 -1.9
v 1.5 1.4 -1.9
v 2 1.4 -1.9
v 0.3 1.4 -2
v 0.4 1.4 -2
v 1.2 1.4 -2
v 1.4 1.4 -2
v 1.5 1.4 -2
v 1.6 1.4 -2
v 0.5 1.4 -2.1
v 0.6 1.4 -2.1
v 1.6 1.4 -2.1
v 2 1.4 -2.1
v 0 1.4 -2.2
v 0.2 1.4 -2.2
v 0.5 1.4 -2.2
v 0.6 1.4 -2.2
v 6.1 1.4 -2.2
v 6.2 1.4 -2.2
v 0.1 1.4 -2.3
v 0.3 1.4 -2.3
v 0.4 1.4 -2.3
v 0.5 1.4 -2.3
v 6.1 1.4 -2.3
v 6.2 1.4 -2.3
v 0 1.4 -2.6
v 0.1 1.4 -2.6
v 0.2 1.4 -2.6
v 0.3 1.4 -2.6
v 0.4 1.4 -2.6
v 0.5 1.4 -2.6
v 0.1 1.4 -2.7
v 0.2 1.4 -2.7
v 0.3 1.4 -2.7
v 0 1.4 -2.8
v 0.2 1.4 -2.8
v 0.3 1.4 -2.8
v 0.5 1.4 -2.8
v 0.1 1.4 -2.9
v 0.3 1.4 -2.9
v 0.4 1.4 -2.9
v 0.5 1.4 -2.9
v 0.1 1.4 -4.8
v 0.3 1.4 -4.8
v 0.4 1.4 -4.8
v 0.5 1.4 -4.8
v 0 1.4 -4.9
v 0.2 1.4 -4.9
v 0.3 1.4 -4.9
v 0.5 1.4 -4.9
v 0.1 1.4 -5
v 0.2 1.4 -5
v 0.3 1.4 -5
v 0 1.4 -5.1
v 0.1 1.4 -5.1
v 0.2 1.4 -5.1
v 0.3 1.4 -5.1
v 0.4 1.4 -5.1
v 0.5 1.4 -5.1
v 0.1 1.4 -5.4
v 0.3 1.4 -5.4
v 0.4 1.4 -5.4
v 0.5 1.4 -5.4
v 0 1.4 -5.5
v 0.2 1.4 -5.5
v 0.5 1.4 -5.5
v 0.6 1.4 -5.5
v 0.5 1.4 -5.6
v 0.6 1.4 -5.6
v 0.3 1.4 -5.7
v 0.4 1.4 -5.7
v 1.6 1.4 -5.7
v 2 1.4 -5.7
v 0.4 1.4 -5.8
v 0.6 1.4 -5.8
v 1.2 1.4 -5.8
v 1.6 1.4 -5.8
v 0 1.4 -5.9
v 0.2 1.4 -5.9
v 0.6 1.4 -5.9
v 0.8 1.4 -5.9
v 1.2 1.4 -5.9
v 2 1.4 -5.9
v 0 1.4 -6
v 0.2 1.4 -6
v 0.4 1.4 -6.1
v 0.6 1.4 -6.1
v 0.8 1.4 -6.1
v 1.2 1.4 -6.1
v 1.4 1.4 -6.1
v 1.5 1.4 -6.1
v 2 1.4 -6.1
v 0.3 1.4 -6.2
v 0.4 1.4 -6.2
v 1.2 1.4 -6.2
v 1.4 1.4 -6.2
v 1.5 1.4 -6.2
v 1.6 1.4 -6.2
v 0.5 1.4 -6.3
v 0.6 1.4 -6.3
v 1.6 1.4 -6.3
v 2 1.4 -6.3
v 0 1.4 -6.4
v 0.2 1.4 -6.4
v 0.5 1.4 -6.4
v 0.6 1.4 -6.4
v 6.1 1.4 -6.4
v 6.2 1.4 -6.4
v 0.1 1.4 -6.5
v 0.2 1.4 -6.5
v 0.4 1.4 -6.5
v 0.5 1.4 -6.5
v 6.1 1.4 -6.5
v 6.2 1.4 -6.5
v 0 1.4 -6.8
v 0.1 1.4 -6.8
v 0.2 1.4 -6.8
v 0.3 1.4 -6.8
v 0.4 1.4 -6.8
v 0.5 1.4 -6.8
v 0 1.4 -6.9
v 0.1 1.4 -6.9
v 0.2 1.4 -6.9
v 0.3 1.4 -6.9
v 0.4 1.4 -6.9
v 0.5 1.4 -6.9
v 0.1 1.4 -7
v 0.2 1.4 -7
v 0.4 1.4 -7
v 6.3 1.5 -1.3
v 6.5 1.5 -1.3
v 6.3 1.5 -1.4
v 6.5 1.5 -1.4
v 6.3 1.5 -2.2
v 6.5 1.5 -2.2
v 6.3 1.5 -2.3
v 6.5 1.5 -2.3
v 6.3 1.5 -5.5
v 6.5 1.5 -5.5
v 6.3 1.5 -5.6
v 6.5 1.5 -5.6
v 6.3 1.5 -6.4
v 6.5 1.5 -6.4
v 6.3 1.5 -6.5
v 6.5 1.5 -6.5
v 6.5 1.6 -1.4
v 6.6 1.6 -1.4
v 6.5 1.6 -1.5
v 6.6 1.6 -1.5
v 0.6 1.6 -1.8
v 0.8 1.6 -1.8
v 0.6 1.6 -1.9
v 0.8 1.6 -1.9
v 6.5 1.6 -2.1
v 6.6 1.6 -2.1
v 6.5 1.6 -2.2
v 6.6 1.6 -2.2
v 6.5 1.6 -5.6
v 6.6 1.6 -5.6
v 6.5 1.6 -5.7
v 6.6 1.6 -5.7
v 0.6 1.6 -6
v 0.8 1.6 -6
v 0.6 1.6 -6.1
v 0.8 1.6 -6.1
v 6.5 1.6 -6.3
v 6.6 1.6 -6.3
v 6.5 1.6 -6.4
v 6.6 1.6 -6.4
v 6.5 1.7 -1.5
v 6.6 1.7 -1.5
v 6.5 1.7 -2.1
v 6.6 1.7 -2.1
v 6.5 1.7 -5.7
v 6.6 1.7 -5.7
v 6.5 1.7 -6.3
v 6.6 1.7 -6.3
v 4.7 0.9 -1.9
v 4.8 0.9 -1.9
v 4.9 0.9 -2
v 5 0.9 -2
v 4.7 0.9 -2.1
v 4.8 0.9 -2.1
v 4.9 0.9 -2.1
v 5 0.9 -2.1
v 4.7 0.9 -5.7
v 4.8 0.9 -5.7
v 4.9 0.9 -5.7
v 5 0.9 -5.7
v 4.9 0.9 -5.8
v 5 0.9 -5.8
v 4.7 0.9 -5.9
v 4.8 0.9 -5.9
v 4.5 1 -1.6
v 5 1 -1.6
v 4.5 1 -1.7
v 5 1 -1.7
v 4.8 1 -1.9
v 4.9 1 -1.9
v 4.8 1 -2
v 4.9 1 -2
v 4.8 1 -5.8
v 4.9 1 -5.8
v 4.8 1 -5.9
v 4.9 1 -5.9
v 4.5 1 -6.1
v 5 1 -6.1
v 4.5 1 -6.2
v 5 1 -6.2
v 6.5 1.1 -1.5
v 6.6 1.1 -1.5
v 1.8 1.1 -1.6
v 1.9 1.1 -1.6
v 1.8 1.1 -1.7
v 1.9 1.1 -1.7
v 1.8 1.1 -1.8
v 2 1.1 -1.8
v 1.8 1.1 -1.9
v 2 1.1 -1.9
v 6.5 1.1 -2.1
v 6.6 1.1 -2.1
v 6.5 1.1 -5.7
v 6.6 1.1 -5.7
v 1.8 1.1 -5.8
v 1.9 1.1 -5.8
v 1.8 1.1 -5.9
v 1.9 1.1 -5.9
v 1.8 1.1 -6
v 2 1.1 -6
v 1.8 1.1 -6.1
v 2 1.1 -6.1
v 6.5 1.1 -6.3
v 6.6 1.1 -6.3
v 5.2 1.1 -7.1
v 5.3 1.1 -7.1
v 5.4 1.1 -7.2
v 5.5 1.1 -7.2
v 5.2 1.1 -7.3
v 5.3 1.1 -7.3
v 5.4 1.1 -7.3
v 5.5 1.1 -7.3
v 6.5 1.2 -1.4
v 6.6 1.2 -1.4
v 6.5 1.2 -1.5
v 6.6 1.2 -1.5
v 6.5 1.2 -2.1
v 6.6 1.2 -2.1
v 6.5 1.2 -2.2
v 6.6 1.2 -2.2
v 6.5 1.2 -5.6
v 6.6 1.2 -5.6
v 6.5 1.2 -5.7
v 6.6 1.2 -5.7
v 6.5 1.2 -6.3
v 6.6 1.2 -6.3
v 6.5 1.2 -6.4
v 6.6 1.2 -6.4
v 5 1.3 0
v 5.1 1.3 0
v 5.2 1.3 0
v 5.3 1.3 0
v 5.5 1.3 0
v 5.6 1.3 0
v 4.9 1.3 -0.1
v 5 1.3 -0.1
v 5.1 1.3 -0.1
v 5.2 1.3 -0.1
v 5.3 1.3 -0.1
v 5.5 1.3 -0.1
v 5.6 1.3 -0.1
v 5.7 1.3 -0.1
v 5.7 1.3 -0.2
v 5.8 1.3 -0.2
v 5.7 1.3 -0.3
v 5.8 1.3 -0.3
v 5.9 1.3 -0.3
v 5.8 1.3 -0.4
v 5.9 1.3 -0.4
v 4.8 1.3 -0.6
v 4.9 1.3 -0.6
v 5 1.3 -0.6
v 4.7 1.3 -0.8
v 4.8 1.3 -0.8
v 4.9 1.3 -0.8
v 5.8 1.3 -0.9
v 5.9 1.3 -0.9
v 4.7 1.3 -1
v 4.8 1.3 -1
v 4.9 1.3 -1
v 5.8 1.3 -1
v 5.9 1.3 -1
v 4.8 1.3 -1.1
v 4.9 1.3 -1.1
v 4.7 1.3 -1.2
v 4.8 1.3 -1.2
v 5.8 1.3 -1.2
v 5.9 1.3 -1.2
v 4.7 1.3 -1.3
v 4.8 1.3 -1.3
v 5.4 1.3 -1.3
v 5.8 1.3 -1.3
v 5.9 1.3 -1.3
v 4.5 1.3 -2.3
v 4.6 1.3 -2.3
v 5.4 1.3 -2.3
v 5.8 1.3 -2.3
v 5.9 1.3 -2.3
v 5.7 1.3 -2.7
v 5.8 1.3 -2.7
v 4.7 1.3 -2.8
v 4.8 1.3 -2.8
v 5.7 1.3 -2.8
v 5.8 1.3 -2.8
v 4.7 1.3 -2.9
v 4.8 1.3 -2.9
v 4.6 1.3 -3
v 4.7 1.3 -3
v 5 1.3 -3
v 5.1 1.3 -3
v 4.6 1.3 -3.1
v 4.7 1.3 -3.1
v 5 1.3 -3.1
v 5.1 1.3 -3.1
v 5.8 1.3 -3.3
v 5.9 1.3 -3.3
v 4.5 1.3 -3.4
v 4.6 1.3 -3.4
v 4.7 1.3 -3.4
v 4.8 1.3 -3.4
v 4.9 1.3 -3.4
v 5.9 1.3 -3.4
v 4.5 1.3 -4.4
v 4.6 1.3 -4.4
v 4.7 1.3 -4.4
v 4.8 1.3 -4.4
v 4.9 1.3 -4.4
v 5.9 1.3 -4.4
v 5.8 1.3 -4.5
v 5.9 1.3 -4.5
v 4.8 1.3 -4.6
v 4.9 1.3 -4.6
v 5.6 1.3 -4.6
v 5.7 1.3 -4.6
v 4.8 1.3 -4.7
v 4.9 1.3 -4.7
v 5.6 1.3 -4.7
v 5.7 1.3 -4.7
v 4.6 1.3 -4.8
v 4.7 1.3 -4.8
v 4.6 1.3 -4.9
v 4.7 1.3 -4.9
v 4.8 1.3 -4.9
v 4.9 1.3 -4.9
v 4.8 1.3 -5
v 4.9 1.3 -5
v 4.5 1.3 -5.5
v 4.6 1.3 -5.5
v 5.4 1.3 -5.5
v 5.8 1.3 -5.5
v 5.9 1.3 -5.5
v 4.7 1.3 -6.5
v 4.8 1.3 -6.5
v 5.4 1.3 -6.5
v 5.7 1.3 -6.5
v 5.8 1.3 -6.5
v 5.9 1.3 -6.5
v 4.7 1.3 -6.6
v 4.8 1.3 -6.6
v 5.7 1.3 -6.6
v 5.8 1.3 -6.6
v 5.9 1.3 -6.6
v 4.8 1.3 -6.7
v 4.9 1.3 -6.7
v 4.7 1.3 -6.8
v 4.8 1.3 -6.8
v 4.9 1.3 -6.8
v 5.8 1.3 -6.8
v 5.9 1.3 -6.8
v 5.6 1.3 -6.9
v 5.7 1.3 -6.9
v 4.7 1.3 -7
v 4.8 1.3 -7
v 4.9 1.3 -7
v 5.6 1.3 -7
v 5.7 1.3 -7
v 5.8 1.3 -7.1
v 5.9 1.3 -7.1
v 4.8 1.3 -7.2
v 4.9 1.3 -7.2
v 5 1.3 -7.2
v 5.7 1.3 -7.5
v 5.8 1.3 -7.5
v 5.9 1.3 -7.5
v 5.6 1.3 -7.6
v 5.7 1.3 -7.6
v 5.8 1.3 -7.6
v 4.9 1.3 -7.7
v 5 1.3 -7.7
v 5.1 1.3 -7.7
v 5.2 1.3 -7.7
v 5.3 1.3 -7.7
v 5.4 1.3 -7.7
v 5.6 1.3 -7.7
v 5.7 1.3 -7.7
v 5 1.3 -7.8
v 5.1 1.3 -7.8
v 5.2 1.3 -7.8
v 5.3 1.3 -7.8
v 5.4 1.3 -7.8
v 5.6 1.3 -7.8
v 6.3 1.4 -1.3
v 6.5 1.4 -1.3
v 6.3 1.4 -1.4
v 6.5 1.4 -1.4
v 6.3 1.4 -2.2
v 6.5 1.4 -2.2
v 6.3 1.4 -2.3
v 6.5 1.4 -2.3
v 6.3 1.4 -5.5
v 6.5 1.4 -5.5
v 6.3 1.4 -5.6
v 6.5 1.4 -5.6
v 6.3 1.4 -6.4
v 6.5 1.4 -6.4
v 6.3 1.4 -6.5
v 6.5 1.4 -6.5
v 0.1 1.5 -0.7
v 0.2 1.5 -0.7
v 0.4 1.5 -0.7
v 0.1 1.5 -0.8
v 0.2 1.5 -0.8
v 0.3 1.5 -0.8
v 0.4 1.5 -0.8
v 0.5 1.5 -0.8
v 0.2 1.5 -0.9
v 0.3 1.5 -0.9
v 0.4 1.5 -0.9
v 0.5 1.5 -0.9
v 0.2 1.5 -1
v 0 1.5 -1.2
v 0.2 1.5 -1.2
v 0.4 1.5 -1.2
v 0.5 1.5 -1.2
v 0 1.5 -1.3
v 0.2 1.5 -1.3
v 0.5 1.5 -1.3
v 0.6 1.5 -1.3
v 5.4 1.5 -1.3
v 5.6 1.5 -1.3
v 5.9 1.5 -1.3
v 6.1 1.5 -1.3
v 0.5 1.5 -1.4
v 0.6 1.5 -1.4
v 5.4 1.5 -1.4
v 5.6 1.5 -1.4
v 5.7 1.5 -1.4
v 5.9 1.5 -1.4
v 6 1.5 -1.4
v 6.1 1.5 -1.4
v 6.2 1.5 -1.4
v 0.3 1.5 -1.5
v 0.4 1.5 -1.5
v 6.1 1.5 -1.5
v 6.2 1.5 -1.5
v 6.7 1.5 -1.5
v 6.8 1.5 -1.5
v 0.4 1.5 -1.6
v 0.6 1.5 -1.6
v 6.7 1.5 -1.6
v 6.8 1.5 -1.6
v 0.2 1.5 -1.7
v 0.6 1.5 -1.7
v 0.2 1.5 -1.8
v 0.8 1.5 -1.8
v 0.4 1.5 -1.9
v 0.6 1.5 -1.9
v 0.8 1.5 -1.9
v 0.3 1.5 -2
v 0.4 1.5 -2
v 6.7 1.5 -2
v 6.8 1.5 -2
v 0.5 1.5 -2.1
v 0.6 1.5 -2.1
v 6.1 1.5 -2.1
v 6.2 1.5 -2.1
v 6.7 1.5 -2.1
v 6.8 1.5 -2.1
v 0 1.5 -2.2
v 0.2 1.5 -2.2
v 0.5 1.5 -2.2
v 0.6 1.5 -2.2
v 5.4 1.5 -2.2
v 5.7 1.5 -2.2
v 5.9 1.5 -2.2
v 6 1.5 -2.2
v 6.1 1.5 -2.2
v 6.2 1.5 -2.2
v 0.1 1.5 -2.3
v 0.3 1.5 -2.3
v 0.4 1.5 -2.3
v 0.5 1.5 -2.3
v 5.4 1.5 -2.3
v 5.9 1.5 -2.3
v 6.1 1.5 -2.3
v 6.2 1.5 -2.3
v 0 1.5 -2.6
v 0.1 1.5 -2.6
v 0.2 1.5 -2.6
v 0.3 1.5 -2.6
v 0.4 1.5 -2.6
v 0.5 1.5 -2.6
v 0.1 1.5 -2.7
v 0.2 1.5 -2.7
v 0.3 1.5 -2.7
v 0 1.5 -2.8
v 0.2 1.5 -2.8
v 0.3 1.5 -2.8
v 0.5 1.5 -2.8
v 0.1 1.5 -2.9
v 0.3 1.5 -2.9
v 0.4 1.5 -2.9
v 0.5 1.5 -2.9
v 6.4 1.5 -3.4
v 6.6 1.5 -3.4
v 6.9 1.5 -3.4
v 7.1 1.5 -3.4
v 7.5 1.5 -3.4
v 6.4 1.5 -3.5
v 6.6 1.5 -3.5
v 6.9 1.5 -3.5
v 7.1 1.5 -3.5
v 7.4 1.5 -3.5
v 7.5 1.5 -3.5
v 7.6 1.5 -3.5
v 7.7 1.5 -3.5
v 7.5 1.5 -3.6
v 7.6 1.5 -3.6
v 7.7 1.5 -3.6
v 3.1 1.5 -3.8
v 3.2 1.5 -3.8
v 7.9 1.5 -3.8
v 8 1.5 -3.8
v 3.1 1.5 -3.9
v 3.2 1.5 -3.9
v 7.9 1.5 -3.9
v 8 1.5 -3.9
v 3.1 1.5 -4
v 3.2 1.5 -4
v 7.9 1.5 -4
v 8 1.5 -4
v 7.5 1.5 -4.2
v 7.6 1.5 -4.2
v 7.7 1.5 -4.2
v 6.4 1.5 -4.3
v 6.9 1.5 -4.3
v 7 1.5 -4.3
v 7.1 1.5 -4.3
v 7.4 1.5 -4.3
v 7.5 1.5 -4.3
v 7.6 1.5 -4.3
v 7.7 1.5 -4.3
v 6.4 1.5 -4.4
v 6.9 1.5 -4.4
v 7.1 1.5 -4.4
v 7.5 1.5 -4.4
v 0.1 1.5 -4.8
v 0.3 1.5 -4.8
v 0.4 1.5 -4.8
v 0.5 1.5 -4.8
v 0 1.5 -4.9
v 0.2 1.5 -4.9
v 0.3 1.5 -4.9
v 0.5 1.5 -4.9
v 0.1 1.5 -5
v 0.2 1.5 -5
v 0.3 1.5 -5
v 0 1.5 -5.1
v 0.1 1.5 -5.1
v 0.2 1.5 -5.1
v 0.3 1.5 -5.1
v 0.4 1.5 -5.1
v 0.5 1.5 -5.1
v 0.1 1.5 -5.4
v 0.3 1.5 -5.4
v 0.4 1.5 -5.4
v 0.5 1.5 -5.4
v 0 1.5 -5.5
v 0.2 1.5 -5.5
v 0.5 1.5 -5.5
v 0.6 1.5 -5.5
v 5.4 1.5 -5.5
v 5.6 1.5 -5.5
v 5.9 1.5 -5.5
v 6.1 1.5 -5.5
v 0.5 1.5 -5.6
v 0.6 1.5 -5.6
v 5.4 1.5 -5.6
v 5.6 1.5 -5.6
v 5.7 1.5 -5.6
v 5.9 1.5 -5.6
v 6 1.5 -5.6
v 6.1 1.5 -5.6
v 6.2 1.5 -5.6
v 0.3 1.5 -5.7
v 0.4 1.5 -5.7
v 6.1 1.5 -5.7
v 6.2 1.5 -5.7
v 6.7 1.5 -5.7
v 6.8 1.5 -5.7
v 0.4 1.5 -5.8
v 0.6 1.5 -5.8
v 6.7 1.5 -5.8
v 6.8 1.5 -5.8
v 0.2 1.5 -5.9
v 0.6 1.5 -5.9
v 0.2 1.5 -6
v 0.8 1.5 -6
v 0.4 1.5 -6.1
v 0.6 1.5 -6.1
v 0.8 1.5 -6.1
v 0.3 1.5 -6.2
v 0.4 1.5 -6.2
v 6.7 1.5 -6.2
v 6.8 1.5 -6.2
v 0.5 1.5 -6.3
v 0.6 1.5 -6.3
v 6.1 1.5 -6.3
v 6.2 1.5 -6.3
v 6.7 1.5 -6.3
v 6.8 1.5 -6.3
v 0 1.5 -6.4
v 0.2 1.5 -6.4
v 0.5 1.5 -6.4
v 0.6 1.5 -6.4
v 5.4 1.5 -6.4
v 5.7 1.5 -6.4
v 5.9 1.5 -6.4
v 6 1.5 -6.4
v 6.1 1.5 -6.4
v 6.2 1.5 -6.4
v 0 1.5 -6.5
v 0.2 1.5 -6.5
v 0.4 1.5 -6.5
v 0.5 1.5 -6.5
v 5.4 1.5 -6.5
v 5.9 1.5 -6.5
v 6.1 1.5 -6.5
v 6.2 1.5 -6.5
v 0.2 1.5 -6.7
v 0.2 1.5 -6.8
v 0.3 1.5 -6.8
v 0.4 1.5 -6.8
v 0.5 1.5 -6.8
v 0.1 1.5 -6.9
v 0.2 1.5 -6.9
v 0.3 1.5 -6.9
v 0.4 1.5 -6.9
v 0.5 1.5 -6.9
v 0.1 1.5 -7
v 0.2 1.5 -7
v 0.4 1.5 -7
v 0 1.6 -0.8
v 0.1 1.6 -0.8
v 0.2 1.6 -0.8
v 0 1.6 -0.9
v 0.1 1.6 -0.9
v 0.2 1.6 -0.9
v 0.1 1.6 -1
v 0.2 1.6 -1
v 0 1.6 -1.2
v 0.2 1.6 -1.2
v 3.2 1.6 -1.3
v 3.6 1.6 -1.3
v 3.7 1.6 -1.3
v 4.6 1.6 -1.3
v 5.2 1.6 -1.3
v 5.4 1.6 -1.3
v 6.2 1.6 -1.3
v 6.6 1.6 -1.3
v 2.8 1.6 -1.4
v 3.2 1.6 -1.4
v 3.6 1.6 -1.4
v 3.7 1.6 -1.4
v 4.6 1.6 -1.4
v 5.2 1.6 -1.4
v 5.3 1.6 -1.4
v 5.4 1.6 -1.4
v 5.6 1.6 -1.4
v 5.7 1.6 -1.4
v 6 1.6 -1.4
v 6.1 1.6 -1.4
v 6.2 1.6 -1.4
v 6.6 1.6 -1.4
v 1.6 1.6 -1.5
v 2.8 1.6 -1.5
v 3.2 1.6 -1.5
v 5.6 1.6 -1.5
v 5.7 1.6 -1.5
v 5.8 1.6 -1.5
v 5.9 1.6 -1.5
v 6 1.6 -1.5
v 6.1 1.6 -1.5
v 6.5 1.6 -1.5
v 6.6 1.6 -1.5
v 6.7 1.6 -1.5
v 1.6 1.6 -1.6
v 2 1.6 -1.6
v 2.8 1.6 -1.6
v 6.7 1.6 -1.6
v 6.8 1.6 -1.6
v 1.6 1.6 -2
v 1.8 1.6 -2
v 2.6 1.6 -2
v 2.8 1.6 -2
v 6.7 1.6 -2
v 6.8 1.6 -2
v 1.6 1.6 -2.1
v 2.8 1.6 -2.1
v 3.2 1.6 -2.1
v 5.6 1.6 -2.1
v 5.7 1.6 -2.1
v 5.9 1.6 -2.1
v 6 1.6 -2.1
v 6.1 1.6 -2.1
v 6.5 1.6 -2.1
v 6.6 1.6 -2.1
v 6.7 1.6 -2.1
v 2.8 1.6 -2.2
v 3.2 1.6 -2.2
v 3.4 1.6 -2.2
v 3.6 1.6 -2.2
v 4 1.6 -2.2
v 4.3 1.6 -2.2
v 4.6 1.6 -2.2
v 5.2 1.6 -2.2
v 5.4 1.6 -2.2
v 5.6 1.6 -2.2
v 5.7 1.6 -2.2
v 6 1.6 -2.2
v 6.1 1.6 -2.2
v 6.2 1.6 -2.2
v 6.6 1.6 -2.2
v 3.2 1.6 -2.3
v 4 1.6 -2.3
v 4.3 1.6 -2.3
v 4.6 1.6 -2.3
v 5.2 1.6 -2.3
v 5.4 1.6 -2.3
v 6.2 1.6 -2.3
v 6.6 1.6 -2.3
v 4.2 1.6 -3.4
v 4.6 1.6 -3.4
v 4.7 1.6 -3.4
v 5.6 1.6 -3.4
v 6.2 1.6 -3.4
v 6.4 1.6 -3.4
v 3.6 1.6 -3.5
v 3.7 1.6 -3.5
v 4.2 1.6 -3.5
v 4.6 1.6 -3.5
v 4.7 1.6 -3.5
v 5.6 1.6 -3.5
v 6.2 1.6 -3.5
v 6.3 1.6 -3.5
v 6.4 1.6 -3.5
v 6.6 1.6 -3.5
v 7.1 1.6 -3.5
v 7.4 1.6 -3.5
v 7.5 1.6 -3.5
v 3.3 1.6 -3.6
v 3.6 1.6 -3.6
v 3.7 1.6 -3.6
v 3.8 1.6 -3.6
v 4.2 1.6 -3.6
v 6.6 1.6 -3.6
v 6.7 1.6 -3.6
v 6.8 1.6 -3.6
v 7 1.6 -3.6
v 7.1 1.6 -3.6
v 7.4 1.6 -3.6
v 7.5 1.6 -3.6
v 7.8 1.6 -3.6
v 3.2 1.6 -3.7
v 3.3 1.6 -3.7
v 3.5 1.6 -3.7
v 3.6 1.6 -3.7
v 7.5 1.6 -3.7
v 7.8 1.6 -3.7
v 7.9 1.6 -3.7
v 3.2 1.6 -3.8
v 3.3 1.6 -3.8
v 7.8 1.6 -3.8
v 7.9 1.6 -3.8
v 3.2 1.6 -4
v 3.3 1.6 -4
v 7.8 1.6 -4
v 7.9 1.6 -4
v 3.2 1.6 -4.1
v 3.3 1.6 -4.1
v 3.4 1.6 -4.1
v 3.5 1.6 -4.1
v 3.6 1.6 -4.1
v 7.5 1.6 -4.1
v 7.6 1.6 -4.1
v 7.7 1.6 -4.1
v 7.8 1.6 -4.1
v 7.9 1.6 -4.1
v 3.3 1.6 -4.2
v 3.4 1.6 -4.2
v 3.6 1.6 -4.2
v 3.7 1.6 -4.2
v 4.2 1.6 -4.2
v 6.6 1.6 -4.2
v 6.9 1.6 -4.2
v 7 1.6 -4.2
v 7.1 1.6 -4.2
v 7.2 1.6 -4.2
v 7.4 1.6 -4.2
v 7.5 1.6 -4.2
v 7.8 1.6 -4.2
v 3.6 1.6 -4.3
v 3.7 1.6 -4.3
v 4.2 1.6 -4.3
v 4.4 1.6 -4.3
v 4.6 1.6 -4.3
v 5 1.6 -4.3
v 5.3 1.6 -4.3
v 5.6 1.6 -4.3
v 6.2 1.6 -4.3
v 6.4 1.6 -4.3
v 6.6 1.6 -4.3
v 7 1.6 -4.3
v 7.1 1.6 -4.3
v 7.4 1.6 -4.3
v 7.5 1.6 -4.3
v 4.2 1.6 -4.4
v 5 1.6 -4.4
v 5.3 1.6 -4.4
v 5.6 1.6 -4.4
v 6.2 1.6 -4.4
v 6.4 1.6 -4.4
v 3.2 1.6 -5.5
v 3.6 1.6 -5.5
v 3.7 1.6 -5.5
v 4.6 1.6 -5.5
v 5.2 1.6 -5.5
v 5.4 1.6 -5.5
v 6.2 1.6 -5.5
v 6.6 1.6 -5.5
v 2.8 1.6 -5.6
v 3.2 1.6 -5.6
v 3.6 1.6 -5.6
v 3.7 1.6 -5.6
v 4.6 1.6 -5.6
v 5.2 1.6 -5.6
v 5.3 1.6 -5.6
v 5.4 1.6 -5.6
v 5.6 1.6 -5.6
v 5.7 1.6 -5.6
v 6 1.6 -5.6
v 6.1 1.6 -5.6
v 6.2 1.6 -5.6
v 6.6 1.6 -5.6
v 1.6 1.6 -5.7
v 2.8 1.6 -5.7
v 3.2 1.6 -5.7
v 5.6 1.6 -5.7
v 5.7 1.6 -5.7
v 5.8 1.6 -5.7
v 5.9 1.6 -5.7
v 6 1.6 -5.7
v 6.1 1.6 -5.7
v 6.5 1.6 -5.7
v 6.6 1.6 -5.7
v 6.7 1.6 -5.7
v 1.6 1.6 -5.8
v 2 1.6 -5.8
v 2.8 1.6 -5.8
v 6.7 1.6 -5.8
v 6.8 1.6 -5.8
v 1.6 1.6 -6.2
v 1.8 1.6 -6.2
v 2.6 1.6 -6.2
v 2.8 1.6 -6.2
v 6.7 1.6 -6.2
v 6.8 1.6 -6.2
v 1.6 1.6 -6.3
v 2.8 1.6 -6.3
v 3.2 1.6 -6.3
v 5.6 1.6 -6.3
v 5.7 1.6 -6.3
v 5.9 1.6 -6.3
v 6 1.6 -6.3
v 6.1 1.6 -6.3
v 6.5 1.6 -6.3
v 6.6 1.6 -6.3
v 6.7 1.6 -6.3
v 2.8 1.6 -6.4
v 3.2 1.6 -6.4
v 3.4 1.6 -6.4
v 3.6 1.6 -6.4
v 4 1.6 -6.4
v 4.3 1.6 -6.4
v 4.6 1.6 -6.4
v 5.2 1.6 -6.4
v 5.4 1.6 -6.4
v 5.6 1.6 -6.4
v 5.7 1.6 -6.4
v 6 1.6 -6.4
v 6.1 1.6 -6.4
v 6.2 1.6 -6.4
v 6.6 1.6 -6.4
v 0 1.6 -6.5
v 0.2 1.6 -6.5
v 3.2 1.6 -6.5
v 4 1.6 -6.5
v 4.3 1.6 -6.5
v 4.6 1.6 -6.5
v 5.2 1.6 -6.5
v 5.4 1.6 -6.5
v 6.2 1.6 -6.5
v 6.6 1.6 -6.5
v 0.1 1.6 -6.7
v 0.2 1.6 -6.7
v 0 1.6 -6.8
v 0.1 1.6 -6.8
v 0.2 1.6 -6.8
v 0 1.6 -6.9
v 0.1 1.6 -6.9
v 0.2 1.6 -6.9
v 4.6 1.7 -1.3
v 4.8 1.7 -1.3
v 5 1.7 -1.3
v 5.2 1.7 -1.3
v 3.2 1.7 -1.4
v 4.2 1.7 -1.4
v 4.6 1.7 -1.4
v 4.7 1.7 -1.4
v 4.8 1.7 -1.4
v 4.9 1.7 -1.4
v 5 1.7 -1.4
v 5.2 1.7 -1.4
v 5.3 1.7 -1.4
v 5.4 1.7 -1.4
v 5.5 1.7 -1.4
v 5.6 1.7 -1.4
v 6.2 1.7 -1.4
v 6.6 1.7 -1.4
v 2.8 1.7 -1.5
v 3.1 1.7 -1.5
v 3.2 1.7 -1.5
v 4.2 1.7 -1.5
v 5.3 1.7 -1.5
v 5.4 1.7 -1.5
v 5.5 1.7 -1.5
v 5.6 1.7 -1.5
v 5.7 1.7 -1.5
v 5.8 1.7 -1.5
v 5.9 1.7 -1.5
v 6 1.7 -1.5
v 6.1 1.7 -1.5
v 6.2 1.7 -1.5
v 6.6 1.7 -1.5
v 1.2 1.7 -1.6
v 2 1.7 -1.6
v 2.8 1.7 -1.6
v 3.1 1.7 -1.6
v 5.6 1.7 -1.6
v 5.7 1.7 -1.6
v 5.8 1.7 -1.6
v 5.9 1.7 -1.6
v 6 1.7 -1.6
v 6.1 1.7 -1.6
v 6.3 1.7 -1.6
v 6.5 1.7 -1.6
v 0.8 1.7 -1.7
v 1.2 1.7 -1.7
v 2 1.7 -1.7
v 5.8 1.7 -1.7
v 5.9 1.7 -1.7
v 6.3 1.7 -1.7
v 6.5 1.7 -1.7
v 0.6 1.7 -1.8
v 0.8 1.7 -1.8
v 1 1.7 -1.8
v 1.7 1.7 -1.8
v 1.8 1.7 -1.8
v 0.6 1.7 -1.9
v 0.8 1.7 -1.9
v 1 1.7 -1.9
v 1.2 1.7 -1.9
v 1.7 1.7 -1.9
v 1.8 1.7 -1.9
v 2.6 1.7 -1.9
v 5.8 1.7 -1.9
v 5.9 1.7 -1.9
v 6.3 1.7 -1.9
v 6.5 1.7 -1.9
v 1.2 1.7 -2
v 1.8 1.7 -2
v 2.6 1.7 -2
v 2.8 1.7 -2
v 3.1 1.7 -2
v 5.6 1.7 -2
v 5.7 1.7 -2
v 5.9 1.7 -2
v 6 1.7 -2
v 6.1 1.7 -2
v 6.3 1.7 -2
v 6.5 1.7 -2
v 2.8 1.7 -2.1
v 3.1 1.7 -2.1
v 3.2 1.7 -2.1
v 3.4 1.7 -2.1
v 3.5 1.7 -2.1
v 3.6 1.7 -2.1
v 4.2 1.7 -2.1
v 5.3 1.7 -2.1
v 5.4 1.7 -2.1
v 5.5 1.7 -2.1
v 5.6 1.7 -2.1
v 5.9 1.7 -2.1
v 6 1.7 -2.1
v 6.1 1.7 -2.1
v 6.2 1.7 -2.1
v 6.6 1.7 -2.1
v 3.2 1.7 -2.2
v 3.4 1.7 -2.2
v 3.6 1.7 -2.2
v 4.2 1.7 -2.2
v 4.6 1.7 -2.2
v 4.8 1.7 -2.2
v 5 1.7 -2.2
v 5.1 1.7 -2.2
v 5.2 1.7 -2.2
v 5.3 1.7 -2.2
v 5.4 1.7 -2.2
v 5.5 1.7 -2.2
v 5.6 1.7 -2.2
v 6.2 1.7 -2.2
v 6.6 1.7 -2.2
v 4.6 1.7 -2.3
v 4.8 1.7 -2.3
v 5 1.7 -2.3
v 5.1 1.7 -2.3
v 5.2 1.7 -2.3
v 5.6 1.7 -3.4
v 5.8 1.7 -3.4
v 6 1.7 -3.4
v 6.2 1.7 -3.4
v 4.2 1.7 -3.5
v 5.2 1.7 -3.5
v 5.6 1.7 -3.5
v 5.7 1.7 -3.5
v 5.8 1.7 -3.5
v 5.9 1.7 -3.5
v 6 1.7 -3.5
v 6.2 1.7 -3.5
v 6.3 1.7 -3.5
v 6.4 1.7 -3.5
v 6.5 1.7 -3.5
v 6.6 1.7 -3.5
v 3.6 1.7 -3.6
v 3.8 1.7 -3.6
v 4.1 1.7 -3.6
v 4.2 1.7 -3.6
v 5.2 1.7 -3.6
v 6.3 1.7 -3.6
v 6.4 1.7 -3.6
v 6.5 1.7 -3.6
v 6.6 1.7 -3.6
v 6.7 1.7 -3.6
v 6.8 1.7 -3.6
v 7 1.7 -3.6
v 7.1 1.7 -3.6
v 7.5 1.7 -3.6
v 3.3 1.7 -3.7
v 3.5 1.7 -3.7
v 3.6 1.7 -3.7
v 3.8 1.7 -3.7
v 4.1 1.7 -3.7
v 6.6 1.7 -3.7
v 6.7 1.7 -3.7
v 6.8 1.7 -3.7
v 7 1.7 -3.7
v 7.1 1.7 -3.7
v 7.2 1.7 -3.7
v 7.5 1.7 -3.7
v 7.8 1.7 -3.7
v 3.3 1.7 -3.8
v 3.5 1.7 -3.8
v 6.8 1.7 -3.8
v 6.9 1.7 -3.8
v 7.5 1.7 -3.8
v 7.8 1.7 -3.8
v 3.3 1.7 -4
v 3.4 1.7 -4
v 3.5 1.7 -4
v 3.6 1.7 -4
v 6.8 1.7 -4
v 6.9 1.7 -4
v 7.5 1.7 -4
v 7.6 1.7 -4
v 7.7 1.7 -4
v 7.8 1.7 -4
v 3.3 1.7 -4.1
v 3.4 1.7 -4.1
v 3.5 1.7 -4.1
v 3.6 1.7 -4.1
v 3.7 1.7 -4.1
v 4.1 1.7 -4.1
v 6.6 1.7 -4.1
v 6.9 1.7 -4.1
v 7 1.7 -4.1
v 7.1 1.7 -4.1
v 7.2 1.7 -4.1
v 7.3 1.7 -4.1
v 7.5 1.7 -4.1
v 7.6 1.7 -4.1
v 7.7 1.7 -4.1
v 7.8 1.7 -4.1
v 3.6 1.7 -4.2
v 3.7 1.7 -4.2
v 4.1 1.7 -4.2
v 4.2 1.7 -4.2
v 4.4 1.7 -4.2
v 4.5 1.7 -4.2
v 4.6 1.7 -4.2
v 5.2 1.7 -4.2
v 6.3 1.7 -4.2
v 6.4 1.7 -4.2
v 6.5 1.7 -4.2
v 6.6 1.7 -4.2
v 6.9 1.7 -4.2
v 7.1 1.7 -4.2
v 7.2 1.7 -4.2
v 7.5 1.7 -4.2
v 4.2 1.7 -4.3
v 4.4 1.7 -4.3
v 4.6 1.7 -4.3
v 5.2 1.7 -4.3
v 5.6 1.7 -4.3
v 5.8 1.7 -4.3
v 6 1.7 -4.3
v 6.1 1.7 -4.3
v 6.2 1.7 -4.3
v 6.3 1.7 -4.3
v 6.4 1.7 -4.3
v 6.5 1.7 -4.3
v 6.6 1.7 -4.3
v 5.6 1.7 -4.4
v 5.8 1.7 -4.4
v 6 1.7 -4.4
v 6.1 1.7 -4.4
v 6.2 1.7 -4.4
v 4.6 1.7 -5.5
v 4.8 1.7 -5.5
v 5 1.7 -5.5
v 5.2 1.7 -5.5
v 3.2 1.7 -5.6
v 4.2 1.7 -5.6
v 4.6 1.7 -5.6
v 4.7 1.7 -5.6
v 4.8 1.7 -5.6
v 4.9 1.7 -5.6
v 5 1.7 -5.6
v 5.2 1.7 -5.6
v 5.3 1.7 -5.6
v 5.4 1.7 -5.6
v 5.5 1.7 -5.6
v 5.6 1.7 -5.6
v 6.2 1.7 -5.6
v 6.6 1.7 -5.6
v 2.8 1.7 -5.7
v 3.1 1.7 -5.7
v 3.2 1.7 -5.7
v 4.2 1.7 -5.7
v 5.3 1.7 -5.7
v 5.4 1.7 -5.7
v 5.5 1.7 -5.7
v 5.6 1.7 -5.7
v 5.7 1.7 -5.7
v 5.8 1.7 -5.7
v 5.9 1.7 -5.7
v 6 1.7 -5.7
v 6.1 1.7 -5.7
v 6.2 1.7 -5.7
v 6.6 1.7 -5.7
v 1.2 1.7 -5.8
v 2 1.7 -5.8
v 2.8 1.7 -5.8
v 3.1 1.7 -5.8
v 5.6 1.7 -5.8
v 5.7 1.7 -5.8
v 5.8 1.7 -5.8
v 5.9 1.7 -5.8
v 6 1.7 -5.8
v 6.1 1.7 -5.8
v 6.3 1.7 -5.8
v 6.5 1.7 -5.8
v 0.8 1.7 -5.9
v 1.2 1.7 -5.9
v 2 1.7 -5.9
v 5.8 1.7 -5.9
v 5.9 1.7 -5.9
v 6.3 1.7 -5.9
v 6.5 1.7 -5.9
v 0.6 1.7 -6
v 0.8 1.7 -6
v 1 1.7 -6
v 1.7 1.7 -6
v 1.8 1.7 -6
v 0.6 1.7 -6.1
v 0.8 1.7 -6.1
v 1 1.7 -6.1
v 1.2 1.7 -6.1
v 1.7 1.7 -6.1
v 1.8 1.7 -6.1
v 2.6 1.7 -6.1
v 5.8 1.7 -6.1
v 5.9 1.7 -6.1
v 6.3 1.7 -6.1
v 6.5 1.7 -6.1
v 1.2 1.7 -6.2
v 1.8 1.7 -6.2
v 2.6 1.7 -6.2
v 2.8 1.7 -6.2
v 3.1 1.7 -6.2
v 5.6 1.7 -6.2
v 5.7 1.7 -6.2
v 5.9 1.7 -6.2
v 6 1.7 -6.2
v 6.1 1.7 -6.2
v 6.3 1.7 -6.2
v 6.5 1.7 -6.2
v 2.8 1.7 -6.3
v 3.1 1.7 -6.3
v 3.2 1.7 -6.3
v 3.4 1.7 -6.3
v 3.5 1.7 -6.3
v 3.6 1.7 -6.3
v 4.2 1.7 -6.3
v 5.3 1.7 -6.3
v 5.4 1.7 -6.3
v 5.5 1.7 -6.3
v 5.6 1.7 -6.3
v 5.9 1.7 -6.3
v 6 1.7 -6.3
v 6.1 1.7 -6.3
v 6.2 1.7 -6.3
v 6.6 1.7 -6.3
v 3.2 1.7 -6.4
v 3.4 1.7 -6.4
v 3.6 1.7 -6.4
v 4.2 1.7 -6.4
v 4.6 1.7 -6.4
v 4.8 1.7 -6.4
v 5 1.7 -6.4
v 5.1 1.7 -6.4
v 5.2 1.7 -6.4
v 5.3 1.7 -6.4
v 5.4 1.7 -6.4
v 5.5 1.7 -6.4
v 5.6 1.7 -6.4
v 6.2 1.7 -6.4
v 6.6 1.7 -6.4
v 4.6 1.7 -6.5
v 4.8 1.7 -6.5
v 5 1.7 -6.5
v 5.1 1.7 -6.5
v 5.2 1.7 -6.5
v 4.2 1.8 -1.4
v 4.5 1.8 -1.4
v 4.7 1.8 -1.4
v 4.8 1.8 -1.4
v 4.9 1.8 -1.4
v 5.2 1.8 -1.4
v 5.3 1.8 -1.4
v 3.1 1.8 -1.5
v 4.2 1.8 -1.5
v 4.4 1.8 -1.5
v 4.5 1.8 -1.5
v 4.7 1.8 -1.5
v 4.8 1.8 -1.5
v 4.9 1.8 -1.5
v 5.1 1.8 -1.5
v 5.2 1.8 -1.5
v 5.3 1.8 -1.5
v 5.5 1.8 -1.5
v 5.6 1.8 -1.5
v 6.2 1.8 -1.5
v 6.6 1.8 -1.5
v 2.8 1.8 -1.6
v 3.1 1.8 -1.6
v 4 1.8 -1.6
v 4.1 1.8 -1.6
v 4.3 1.8 -1.6
v 4.4 1.8 -1.6
v 4.5 1.8 -1.6
v 5.5 1.8 -1.6
v 5.6 1.8 -1.6
v 5.7 1.8 -1.6
v 6 1.8 -1.6
v 6.1 1.8 -1.6
v 6.3 1.8 -1.6
v 6.5 1.8 -1.6
v 0.6 1.8 -1.7
v 0.8 1.8 -1.7
v 4 1.8 -1.7
v 4.1 1.8 -1.7
v 5.6 1.8 -1.7
v 5.7 1.8 -1.7
v 5.8 1.8 -1.7
v 5.9 1.8 -1.7
v 6.3 1.8 -1.7
v 6.5 1.8 -1.7
v 0.6 1.8 -1.8
v 0.8 1.8 -1.8
v 4 1.8 -1.9
v 4.1 1.8 -1.9
v 5.6 1.8 -1.9
v 5.7 1.8 -1.9
v 5.8 1.8 -1.9
v 5.9 1.8 -1.9
v 6.3 1.8 -1.9
v 6.5 1.8 -1.9
v 2.8 1.8 -2
v 3.1 1.8 -2
v 3.5 1.8 -2
v 4.1 1.8 -2
v 4.2 1.8 -2
v 4.3 1.8 -2
v 4.4 1.8 -2
v 4.5 1.8 -2
v 5.5 1.8 -2
v 5.6 1.8 -2
v 5.7 1.8 -2
v 6 1.8 -2
v 6.1 1.8 -2
v 6.3 1.8 -2
v 6.5 1.8 -2
v 3.1 1.8 -2.1
v 3.5 1.8 -2.1
v 4.2 1.8 -2.1
v 4.4 1.8 -2.1
v 4.5 1.8 -2.1
v 4.6 1.8 -2.1
v 5 1.8 -2.1
v 5.1 1.8 -2.1
v 5.2 1.8 -2.1
v 5.3 1.8 -2.1
v 5.5 1.8 -2.1
v 5.6 1.8 -2.1
v 6.2 1.8 -2.1
v 6.6 1.8 -2.1
v 4.2 1.8 -2.2
v 4.5 1.8 -2.2
v 4.6 1.8 -2.2
v 5 1.8 -2.2
v 5.1 1.8 -2.2
v 5.2 1.8 -2.2
v 5.3 1.8 -2.2
v 5.2 1.8 -3.5
v 5.5 1.8 -3.5
v 5.7 1.8 -3.5
v 5.8 1.8 -3.5
v 5.9 1.8 -3.5
v 6.2 1.8 -3.5
v 6.3 1.8 -3.5
v 4.1 1.8 -3.6
v 5.2 1.8 -3.6
v 5.4 1.8 -3.6
v 5.5 1.8 -3.6
v 5.7 1.8 -3.6
v 5.8 1.8 -3.6
v 5.9 1.8 -3.6
v 6.2 1.8 -3.6
v 6.3 1.8 -3.6
v 6.5 1.8 -3.6
v 6.6 1.8 -3.6
v 3.6 1.8 -3.7
v 4.1 1.8 -3.7
v 5 1.8 -3.7
v 5.1 1.8 -3.7
v 5.3 1.8 -3.7
v 5.4 1.8 -3.7
v 5.5 1.8 -3.7
v 6.5 1.8 -3.7
v 6.6 1.8 -3.7
v 6.7 1.8 -3.7
v 6.8 1.8 -3.7
v 7 1.8 -3.7
v 7.1 1.8 -3.7
v 7.2 1.8 -3.7
v 7.5 1.8 -3.7
v 5 1.8 -3.8
v 5.1 1.8 -3.8
v 6.6 1.8 -3.8
v 6.7 1.8 -3.8
v 6.8 1.8 -3.8
v 6.9 1.8 -3.8
v 7.2 1.8 -3.8
v 7.5 1.8 -3.8
v 5 1.8 -4
v 5.1 1.8 -4
v 6.6 1.8 -4
v 6.8 1.8 -4
v 6.9 1.8 -4
v 7.1 1.8 -4
v 7.2 1.8 -4
v 7.3 1.8 -4
v 7.5 1.8 -4
v 3.6 1.8 -4.1
v 4.1 1.8 -4.1
v 4.5 1.8 -4.1
v 5.1 1.8 -4.1
v 5.2 1.8 -4.1
v 5.3 1.8 -4.1
v 5.4 1.8 -4.1
v 5.5 1.8 -4.1
v 6.5 1.8 -4.1
v 6.6 1.8 -4.1
v 7 1.8 -4.1
v 7.1 1.8 -4.1
v 7.2 1.8 -4.1
v 7.3 1.8 -4.1
v 7.5 1.8 -4.1
v 4.1 1.8 -4.2
v 4.5 1.8 -4.2
v 5.2 1.8 -4.2
v 5.4 1.8 -4.2
v 5.5 1.8 -4.2
v 5.6 1.8 -4.2
v 6 1.8 -4.2
v 6.1 1.8 -4.2
v 6.2 1.8 -4.2
v 6.3 1.8 -4.2
v 6.5 1.8 -4.2
v 6.6 1.8 -4.2
v 5.2 1.8 -4.3
v 5.5 1.8 -4.3
v 5.6 1.8 -4.3
v 6 1.8 -4.3
v 6.1 1.8 -4.3
v 6.2 1.8 -4.3
v 6.3 1.8 -4.3
v 4.2 1.8 -5.6
v 4.5 1.8 -5.6
v 4.7 1.8 -5.6
v 4.8 1.8 -5.6
v 4.9 1.8 -5.6
v 5.2 1.8 -5.6
v 5.3 1.8 -5.6
v 3.1 1.8 -5.7
v 4.2 1.8 -5.7
v 4.4 1.8 -5.7
v 4.5 1.8 -5.7
v 4.7 1.8 -5.7
v 4.8 1.8 -5.7
v 4.9 1.8 -5.7
v 5.1 1.8 -5.7
v 5.2 1.8 -5.7
v 5.3 1.8 -5.7
v 5.5 1.8 -5.7
v 5.6 1.8 -5.7
v 6.2 1.8 -5.7
v 6.6 1.8 -5.7
v 2.8 1.8 -5.8
v 3.1 1.8 -5.8
v 4 1.8 -5.8
v 4.1 1.8 -5.8
v 4.3 1.8 -5.8
v 4.4 1.8 -5.8
v 4.5 1.8 -5.8
v 5.5 1.8 -5.8
v 5.6 1.8 -5.8
v 5.7 1.8 -5.8
v 6 1.8 -5.8
v 6.1 1.8 -5.8
v 6.3 1.8 -5.8
v 6.5 1.8 -5.8
v 0.6 1.8 -5.9
v 0.8 1.8 -5.9
v 4 1.8 -5.9
v 4.1 1.8 -5.9
v 5.6 1.8 -5.9
v 5.7 1.8 -5.9
v 5.8 1.8 -5.9
v 5.9 1.8 -5.9
v 6.3 1.8 -5.9
v 6.5 1.8 -5.9
v 0.6 1.8 -6
v 0.8 1.8 -6
v 4 1.8 -6.1
v 4.1 1.8 -6.1
v 5.6 1.8 -6.1
v 5.7 1.8 -6.1
v 5.8 1.8 -6.1
v 5.9 1.8 -6.1
v 6.3 1.8 -6.1
v 6.5 1.8 -6.1
v 2.8 1.8 -6.2
v 3.1 1.8 -6.2
v 3.5 1.8 -6.2
v 4.1 1.8 -6.2
v 4.2 1.8 -6.2
v 4.3 1.8 -6.2
v 4.4 1.8 -6.2
v 4.5 1.8 -6.2
v 5.5 1.8 -6.2
v 5.6 1.8 -6.2
v 5.7 1.8 -6.2
v 6 1.8 -6.2
v 6.1 1.8 -6.2
v 6.3 1.8 -6.2
v 6.5 1.8 -6.2
v 3.1 1.8 -6.3
v 3.5 1.8 -6.3
v 4.2 1.8 -6.3
v 4.4 1.8 -6.3
v 4.5 1.8 -6.3
v 4.6 1.8 -6.3
v 5 1.8 -6.3
v 5.1 1.8 -6.3
v 5.2 1.8 -6.3
v 5.3 1.8 -6.3
v 5.5 1.8 -6.3
v 5.6 1.8 -6.3
v 6.2 1.8 -6.3
v 6.6 1.8 -6.3
v 4.2 1.8 -6.4
v 4.5 1.8 -6.4
v 4.6 1.8 -6.4
v 5 1.8 -6.4
v 5.1 1.8 -6.4
v 5.2 1.8 -6.4
v 5.3 1.8 -6.4
v 4.5 1.9 -1.5
v 5.1 1.9 -1.5
v 5.3 1.9 -1.5
v 5.4 1.9 -1.5
v 5.5 1.9 -1.5
v 4.1 1.9 -1.6
v 4.3 1.9 -1.6
v 4.5 1.9 -1.6
v 4.6 1.9 -1.6
v 5.1 1.9 -1.6
v 5.2 1.9 -1.6
v 5.3 1.9 -1.6
v 5.4 1.9 -1.6
v 5.5 1.9 -1.6
v 5.6 1.9 -1.6
v 0.4 1.9 -1.7
v 0.6 1.9 -1.7
v 4 1.9 -1.7
v 4.1 1.9 -1.7
v 4.2 1.9 -1.7
v 4.3 1.9 -1.7
v 4.5 1.9 -1.7
v 4.6 1.9 -1.7
v 5.2 1.9 -1.7
v 5.4 1.9 -1.7
v 5.5 1.9 -1.7
v 5.6 1.9 -1.7
v 0.4 1.9 -1.8
v 0.6 1.9 -1.8
v 4.2 1.9 -1.8
v 4.3 1.9 -1.8
v 4 1.9 -1.9
v 4.1 1.9 -1.9
v 4.2 1.9 -1.9
v 4.5 1.9 -1.9
v 4.6 1.9 -1.9
v 5.2 1.9 -1.9
v 5.4 1.9 -1.9
v 5.5 1.9 -1.9
v 5.6 1.9 -1.9
v 4.1 1.9 -2
v 4.2 1.9 -2
v 4.3 1.9 -2
v 4.5 1.9 -2
v 4.6 1.9 -2
v 4.7 1.9 -2
v 5 1.9 -2
v 5.2 1.9 -2
v 5.3 1.9 -2
v 5.4 1.9 -2
v 5.5 1.9 -2
v 5.6 1.9 -2
v 4.5 1.9 -2.1
v 4.6 1.9 -2.1
v 5.3 1.9 -2.1
v 5.4 1.9 -2.1
v 5.5 1.9 -2.1
v 5.5 1.9 -3.6
v 5.6 1.9 -3.6
v 6.3 1.9 -3.6
v 6.4 1.9 -3.6
v 6.5 1.9 -3.6
v 5.1 1.9 -3.7
v 5.3 1.9 -3.7
v 5.4 1.9 -3.7
v 5.5 1.9 -3.7
v 5.6 1.9 -3.7
v 6.3 1.9 -3.7
v 6.4 1.9 -3.7
v 6.5 1.9 -3.7
v 6.6 1.9 -3.7
v 5 1.9 -3.8
v 5.1 1.9 -3.8
v 5.2 1.9 -3.8
v 5.3 1.9 -3.8
v 5.4 1.9 -3.8
v 5.5 1.9 -3.8
v 6.4 1.9 -3.8
v 6.5 1.9 -3.8
v 6.6 1.9 -3.8
v 6.7 1.9 -3.8
v 6.8 1.9 -3.8
v 5.2 1.9 -3.9
v 5.3 1.9 -3.9
v 5 1.9 -4
v 5.1 1.9 -4
v 5.2 1.9 -4
v 5.4 1.9 -4
v 5.5 1.9 -4
v 6.4 1.9 -4
v 6.5 1.9 -4
v 6.6 1.9 -4
v 6.7 1.9 -4
v 6.8 1.9 -4
v 5.1 1.9 -4.1
v 5.2 1.9 -4.1
v 5.3 1.9 -4.1
v 5.4 1.9 -4.1
v 5.5 1.9 -4.1
v 5.6 1.9 -4.1
v 6.3 1.9 -4.1
v 6.4 1.9 -4.1
v 6.5 1.9 -4.1
v 6.6 1.9 -4.1
v 5.5 1.9 -4.2
v 5.6 1.9 -4.2
v 6.3 1.9 -4.2
v 6.4 1.9 -4.2
v 6.5 1.9 -4.2
v 4.5 1.9 -5.7
v 5.1 1.9 -5.7
v 5.3 1.9 -5.7
v 5.4 1.9 -5.7
v 5.5 1.9 -5.7
v 4.1 1.9 -5.8
v 4.3 1.9 -5.8
v 4.5 1.9 -5.8
v 4.6 1.9 -5.8
v 5.1 1.9 -5.8
v 5.2 1.9 -5.8
v 5.3 1.9 -5.8
v 5.4 1.9 -5.8
v 5.5 1.9 -5.8
v 5.6 1.9 -5.8
v 0.4 1.9 -5.9
v 0.6 1.9 -5.9
v 4 1.9 -5.9
v 4.1 1.9 -5.9
v 4.2 1.9 -5.9
v 4.3 1.9 -5.9
v 4.5 1.9 -5.9
v 4.6 1.9 -5.9
v 5.2 1.9 -5.9
v 5.4 1.9 -5.9
v 5.5 1.9 -5.9
v 5.6 1.9 -5.9
v 0.4 1.9 -6
v 0.6 1.9 -6
v 4.2 1.9 -6
v 4.3 1.9 -6
v 4 1.9 -6.1
v 4.1 1.9 -6.1
v 4.2 1.9 -6.1
v 4.5 1.9 -6.1
v 4.6 1.9 -6.1
v 5.2 1.9 -6.1
v 5.4 1.9 -6.1
v 5.5 1.9 -6.1
v 5.6 1.9 -6.1
v 4.1 1.9 -6.2
v 4.2 1.9 -6.2
v 4.3 1.9 -6.2
v 4.5 1.9 -6.2
v 4.6 1.9 -6.2
v 4.7 1.9 -6.2
v 5 1.9 -6.2
v 5.2 1.9 -6.2
v 5.3 1.9 -6.2
v 5.4 1.9 -6.2
v 5.5 1.9 -6.2
v 5.6 1.9 -6.2
v 4.5 1.9 -6.3
v 4.6 1.9 -6.3
v 5.3 1.9 -6.3
v 5.4 1.9 -6.3
v 5.5 1.9 -6.3
v 4.6 2 -1.6
v 5.2 2 -1.6
v 0.2 2 -1.7
v 0.4 2 -1.7
v 4.5 2 -1.7
v 4.6 2 -1.7
v 5.2 2 -1.7
v 5.4 2 -1.7
v 0.2 2 -1.8
v 0.4 2 -1.8
v 4.5 2 -1.9
v 4.6 2 -1.9
v 4.7 2 -1.9
v 5 2 -1.9
v 5.2 2 -1.9
v 5.4 2 -1.9
v 4.6 2 -2
v 4.7 2 -2
v 5 2 -2
v 5.2 2 -2
v 5.6 2 -3.6
v 5.8 2 -3.6
v 6.2 2 -3.6
v 6.3 2 -3.6
v 5.5 2 -3.7
v 5.6 2 -3.7
v 5.8 2 -3.7
v 6.2 2 -3.7
v 6.3 2 -3.7
v 6.4 2 -3.7
v 5.4 2 -3.8
v 5.5 2 -3.8
v 5.6 2 -3.8
v 6.2 2 -3.8
v 6.3 2 -3.8
v 6.4 2 -3.8
v 6.7 2 -3.8
v 5.4 2 -4
v 5.5 2 -4
v 5.6 2 -4
v 6.2 2 -4
v 6.3 2 -4
v 6.4 2 -4
v 6.7 2 -4
v 5.5 2 -4.1
v 5.6 2 -4.1
v 5.8 2 -4.1
v 6.2 2 -4.1
v 6.3 2 -4.1
v 6.4 2 -4.1
v 5.6 2 -4.2
v 5.8 2 -4.2
v 6.2 2 -4.2
v 6.3 2 -4.2
v 4.6 2 -5.8
v 5.2 2 -5.8
v 0.2 2 -5.9
v 0.4 2 -5.9
v 4.5 2 -5.9
v 4.6 2 -5.9
v 5.2 2 -5.9
v 5.4 2 -5.9
v 0.2 2 -6
v 0.4 2 -6
v 4.5 2 -6.1
v 4.6 2 -6.1
v 4.7 2 -6.1
v 5 2 -6.1
v 5.2 2 -6.1
v 5.4 2 -6.1
v 4.6 2 -6.2
v 4.7 2 -6.2
v 5 2 -6.2
v 5.2 2 -6.2
v 0 2.1 -1.7
v 0.2 2.1 -1.7
v 0 2.1 -1.8
v 0.2 2.1 -1.8
v 5.6 2.1 -3.7
v 5.8 2.1 -3.7
v 6.2 2.1 -3.7
v 5.5 2.1 -3.8
v 5.6 2.1 -3.8
v 6.2 2.1 -3.8
v 6.3 2.1 -3.8
v 6.4 2.1 -3.8
v 5.5 2.1 -4
v 5.6 2.1 -4
v 6.2 2.1 -4
v 6.3 2.1 -4
v 6.4 2.1 -4
v 5.6 2.1 -4.1
v 5.8 2.1 -4.1
v 6.2 2.1 -4.1
v 0 2.1 -5.9
v 0.2 2.1 -5.9
v 0 2.1 -6
v 0.2 2.1 -6

# faces
f 17/4/1 2/4/1 1/4/1
f 18/14/1 3/14/1 2/14/1
f 18/4/1 2/4/1 17/4/1
f 19/14/1 3/14/1 18/14/1
f 20/14/1 3/14/1 19/14/1
f 21/14/1 7/14/1 6/14/1
f 22/4/1 8/4/1 7/4/1
f 22/14/1 7/14/1 21/14/1
f 23/14/1 9/14/1 8/14/1
f 23/4/1 8/4/1 22/4/1
f 24/4/1 10/4/1 9/4/1
f 24/14/1 9/14/1 23/14/1
f 25/14/1 11/14/1 10/14/1
f 25/4/1 10/4/1 24/4/1
f 26/14/1 11/14/1 25/14/1
f 27/14/1 15/14/1 14/14/1
f 28/14/1 15/14/1 27/14/1
f 29/4/1 16/4/1 15/4/1
f 29/14/1 15/14/1 28/14/1
f 30/4/1 16/4/1 29/4/1
f 31/5/1 18/5/1 17/5/1
f 32/15/1 19/15/1 18/15/1
f 32/5/1 18/5/1 31/5/1
f 33/15/1 19/15/1 32/15/1
f 34/15/1 29/15/1 28/15/1
f 35/5/1 30/5/1 29/5/1
f 35/15/1 29/15/1 34/15/1
f 36/5/1 30/5/1 35/5/1
f 37/14/1 5/14/1 4/14/1
f 38/14/1 5/14/1 37/14/1
f 39/14/1 13/14/1 12/14/1
f 40/14/1 13/14/1 39/14/1
f 41/15/1 38/15/1 37/15/1
f 42/15/1 38/15/1 41/15/1
f 43/15/1 40/15/1 39/15/1
f 44/15/1 40/15/1 43/15/1
f 49/4/1 46/4/1 45/4/1
f 50/4/1 46/4/1 49/4/1
f 51/4/1 48/4/1 47/4/1
f 52/4/1 48/4/1 51/4/1
f 61/14/1 54/14/1 53/14/1
f 62/14/1 54/14/1 61/14/1
f 63/14/1 56/14/1 55/14/1
f 64/14/1 56/14/1 63/14/1
f 65/14/1 58/14/1 57/14/1
f 66/14/1 58/14/1 65/14/1
f 67/14/1 60/14/1 59/14/1
f 68/14/1 60/14/1 67/14/1
f 73/15/1 70/15/1 69/15/1
f 74/15/1 70/15/1 73/15/1
f 75/15/1 72/15/1 71/15/1
f 76/15/1 72/15/1 75/15/1
f 81/14/1 78/14/1 77/14/1
f 82/14/1 78/14/1 81/14/1
f 83/14/1 80/14/1 79/14/1
f 84/14/1 80/14/1 83/14/1
f 89/15/1 86/15/1 85/15/1
f 90/15/1 86/15/1 89/15/1
f 91/15/1 88/15/1 87/15/1
f 92/15/1 88/15/1 91/15/1
f 97/14/1 94/14/1 93/14/1
f 98/14/1 94/14/1 97/14/1
f 99/14/1 96/14/1 95/14/1
f 100/14/1 96/14/1 99/14/1
f 109/15/1 102/15/1 101/15/1
f 110/15/1 102/15/1 109/15/1
f 111/15/1 106/15/1 105/15/1
f 112/15/1 106/15/1 111/15/1
f 113/16/1 110/16/1 109/16/1
f 114/16/1 110/16/1 113/16/1
f 115/15/1 104/15/1 103/15/1
f 116/15/1 104/15/1 115/15/1
f 117/16/1 112/16/1 111/16/1
f 118/16/1 112/16/1 117/16/1
f 119/15/1 108/15/1 107/15/1
f 120/15/1 108/15/1 119/15/1
f 129/15/1 122/15/1 121/15/1
f 130/15/1 122/15/1 129/15/1
f 131/15/1 124/15/1 123/15/1
f 132/15/1 124/15/1 131/15/1
f 133/15/1 126/15/1 125/15/1
f 134/15/1 126/15/1 133/15/1
f 135/15/1 128/15/1 127/15/1
f 136/15/1 128/15/1 135/15/1
f 141/12/1 138/12/1 137/12/1
f 142/12/1 138/12/1 141/12/1
f 143/12/1 140/12/1 139/12/1
f 144/12/1 140/12/1 143/12/1
f 153/8/1 146/8/1 145/8/1
f 154/8/1 146/8/1 153/8/1
f 155/8/1 148/8/1 147/8/1
f 156/8/1 148/8/1 155/8/1
f 157/8/1 150/8/1 149/8/1
f 158/8/1 150/8/1 157/8/1
f 159/8/1 152/8/1 151/8/1
f 160/8/1 152/8/1 159/8/1
f 169/8/1 162/8/1 161/8/1
f 169/8/1 163/8/1 162/8/1
f 170/8/1 163/8/1 169/8/1
f 171/8/1 163/8/1 170/8/1
f 175/8/1 166/8/1 165/8/1
f 175/8/1 165/8/1 164/8/1
f 176/8/1 166/8/1 175/8/1
f 177/8/1 166/8/1 176/8/1
f 179/14/1 168/14/1 167/14/1
f 180/14/1 168/14/1 179/14/1
f 181/14/1 172/14/1 171/14/1
f 181/14/1 171/14/1 170/14/1
f 182/14/1 172/14/1 181/14/1
f 183/14/1 174/14/1 173/14/1
f 184/14/1 174/14/1 183/14/1
f 185/14/1 178/14/1 177/14/1
f 185/14/1 177/14/1 176/14/1
f 186/14/1 178/14/1 185/14/1
f 187/15/1 180/15/1 179/15/1
f 188/15/1 180/15/1 187/15/1
f 189/15/1 182/15/1 181/15/1
f 190/15/1 182/15/1 189/15/1
f 191/15/1 184/15/1 183/15/1
f 192/15/1 184/15/1 191/15/1
f 193/15/1 186/15/1 185/15/1
f 194/15/1 186/15/1 193/15/1
f 203/8/1 196/8/1 195/8/1
f 204/8/1 196/8/1 203/8/1
f 205/8/1 198/8/1 197/8/1
f 206/8/1 198/8/1 205/8/1
f 207/8/1 200/8/1 199/8/1
f 208/8/1 200/8/1 207/8/1
f 209/8/1 202/8/1 201/8/1
f 210/8/1 202/8/1 209/8/1
f 211/8/1 203/8/1 195/8/1
f 212/8/1 203/8/1 211/8/1
f 213/8/1 198/8/1 206/8/1
f 214/8/1 198/8/1 213/8/1
f 215/8/1 207/8/1 199/8/1
f 216/8/1 207/8/1 215/8/1
f 217/8/1 202/8/1 210/8/1
f 218/8/1 202/8/1 217/8/1
f 228/14/1 220/14/1 219/14/1
f 229/14/1 220/14/1 228/14/1
f 230/14/1 222/14/1 221/14/1
f 231/14/1 222/14/1 230/14/1
f 234/14/1 224/14/1 223/14/1
f 235/14/1 224/14/1 234/14/1
f 236/14/1 226/14/1 225/14/1
f 237/14/1 226/14/1 236/14/1
f 239/14/1 228/14/1 227/14/1
f 240/14/1 228/14/1 239/14/1
f 241/14/1 232/14/1 231/14/1
f 242/14/1 232/14/1 241/14/1
f 243/14/1 234/14/1 233/14/1
f 244/14/1 234/14/1 243/14/1
f 245/14/1 238/14/1 237/14/1
f 246/14/1 238/14/1 245/14/1
f 247/15/1 240/15/1 239/15/1
f 248/15/1 240/15/1 247/15/1
f 251/15/1 242/15/1 241/15/1
f 252/15/1 242/15/1 251/15/1
f 253/15/1 244/15/1 243/15/1
f 254/15/1 244/15/1 253/15/1
f 257/15/1 246/15/1 245/15/1
f 258/15/1 246/15/1 257/15/1
f 259/15/1 249/15/1 248/15/1
f 260/15/1 249/15/1 259/15/1
f 261/15/1 251/15/1 250/15/1
f 262/15/1 251/15/1 261/15/1
f 263/15/1 255/15/1 254/15/1
f 264/15/1 255/15/1 263/15/1
f 265/15/1 257/15/1 256/15/1
f 266/15/1 257/15/1 265/15/1
f 267/15/1 261/15/1 260/15/1
f 268/15/1 261/15/1 267/15/1
f 269/15/1 265/15/1 264/15/1
f 270/15/1 265/15/1 269/15/1
f 275/14/1 272/14/1 271/14/1
f 276/14/1 272/14/1 275/14/1
f 277/14/1 274/14/1 273/14/1
f 278/14/1 274/14/1 277/14/1
f 282/15/1 280/15/1 279/15/1
f 283/16/1 281/16/1 280/16/1
f 283/15/1 280/15/1 282/15/1
f 284/16/1 281/16/1 283/16/1
f 285/16/1 283/16/1 282/16/1
f 286/15/1 284/15/1 283/15/1
f 286/16/1 283/16/1 285/16/1
f 287/15/1 284/15/1 286/15/1
f 296/15/1 289/15/1 288/15/1
f 297/15/1 289/15/1 296/15/1
f 298/16/1 291/16/1 290/16/1
f 299/16/1 291/16/1 298/16/1
f 300/15/1 293/15/1 292/15/1
f 301/15/1 293/15/1 300/15/1
f 302/16/1 295/16/1 294/16/1
f 303/16/1 295/16/1 302/16/1
f 312/14/1 305/14/1 304/14/1
f 313/14/1 305/14/1 312/14/1
f 314/14/1 307/14/1 306/14/1
f 315/14/1 307/14/1 314/14/1
f 320/14/1 309/14/1 308/14/1
f 321/14/1 309/14/1 320/14/1
f 322/14/1 311/14/1 310/14/1
f 323/14/1 311/14/1 322/14/1
f 324/15/1 317/15/1 316/15/1
f 325/15/1 317/15/1 324/15/1
f 326/15/1 319/15/1 318/15/1
f 327/15/1 319/15/1 326/15/1
f 328/16/1 325/16/1 324/16/1
f 330/16/1 327/16/1 326/16/1
f 331/15/1 313/15/1 312/15/1
f 332/15/1 313/15/1 331/15/1
f 335/15/1 315/15/1 314/15/1
f 336/15/1 315/15/1 335/15/1
f 337/16/1 328/16/1 324/16/1
f 338/15/1 330/15/1 329/15/1
f 338/16/1 328/16/1 337/16/1
f 338/15/1 329/15/1 328/15/1
f 339/16/1 327/16/1 330/16/1
f 339/15/1 330/15/1 338/15/1
f 340/16/1 327/16/1 339/16/1
f 341/15/1 321/15/1 320/15/1
f 342/15/1 321/15/1 341/15/1
f 345/15/1 323/15/1 322/15/1
f 346/15/1 323/15/1 345/15/1
f 347/15/1 333/15/1 332/15/1
f 348/15/1 333/15/1 347/15/1
f 349/15/1 335/15/1 334/15/1
f 350/15/1 335/15/1 349/15/1
f 351/15/1 343/15/1 342/15/1
f 352/15/1 343/15/1 351/15/1
f 353/15/1 345/15/1 344/15/1
f 354/15/1 345/15/1 353/15/1
f 359/15/1 356/15/1 355/15/1
f 360/15/1 356/15/1 359/15/1
f 363/15/1 358/15/1 357/15/1
f 364/15/1 358/15/1 363/15/1
f 365/15/1 362/15/1 361/15/1
f 366/15/1 362/15/1 365/15/1
f 367/16/1 364/16/1 363/16/1
f 368/16/1 364/16/1 367/16/1
f 371/16/1 366/16/1 365/16/1
f 372/16/1 366/16/1 371/16/1
f 373/16/1 369/16/1 368/16/1
f 374/15/1 370/15/1 369/15/1
f 374/16/1 369/16/1 373/16/1
f 375/16/1 371/16/1 370/16/1
f 375/15/1 370/15/1 374/15/1
f 376/16/1 371/16/1 375/16/1
f 381/14/1 378/14/1 377/14/1
f 382/14/1 378/14/1 381/14/1
f 383/14/1 380/14/1 379/14/1
f 384/14/1 380/14/1 383/14/1
f 394/14/1 386/14/1 385/14/1
f 395/14/1 386/14/1 394/14/1
f 396/14/1 388/14/1 387/14/1
f 397/14/1 388/14/1 396/14/1
f 402/14/1 390/14/1 389/14/1
f 403/14/1 390/14/1 402/14/1
f 404/14/1 392/14/1 391/14/1
f 405/14/1 392/14/1 404/14/1
f 407/14/1 394/14/1 393/14/1
f 408/14/1 394/14/1 407/14/1
f 409/14/1 398/14/1 397/14/1
f 410/14/1 398/14/1 409/14/1
f 413/14/1 400/14/1 399/14/1
f 414/14/1 400/14/1 413/14/1
f 417/14/1 402/14/1 401/14/1
f 418/14/1 402/14/1 417/14/1
f 419/14/1 406/14/1 405/14/1
f 420/14/1 406/14/1 419/14/1
f 422/14/1 412/14/1 411/14/1
f 423/14/1 412/14/1 422/14/1
f 424/14/1 416/14/1 415/14/1
f 425/14/1 416/14/1 424/14/1
f 427/15/1 422/15/1 421/15/1
f 428/15/1 426/15/1 425/15/1
f 429/15/1 427/15/1 421/15/1
f 430/15/1 427/15/1 429/15/1
f 431/15/1 426/15/1 428/15/1
f 432/15/1 426/15/1 431/15/1
f 433/14/1 430/14/1 429/14/1
f 434/14/1 430/14/1 433/14/1
f 437/14/1 432/14/1 431/14/1
f 438/14/1 432/14/1 437/14/1
f 439/16/1 435/16/1 434/16/1
f 440/16/1 435/16/1 439/16/1
f 442/16/1 437/16/1 436/16/1
f 443/16/1 437/16/1 442/16/1
f 444/15/1 441/15/1 440/15/1
f 444/15/1 442/15/1 441/15/1
f 445/15/1 442/15/1 444/15/1
f 450/14/1 447/14/1 446/14/1
f 451/14/1 447/14/1 450/14/1
f 452/14/1 449/14/1 448/14/1
f 453/14/1 449/14/1 452/14/1
f 459/14/1 455/14/1 454/14/1
f 460/14/1 455/14/1 459/14/1
f 461/14/1 457/14/1 456/14/1
f 462/14/1 457/14/1 461/14/1
f 464/14/1 459/14/1 458/14/1
f 465/14/1 459/14/1 464/14/1
f 466/14/1 463/14/1 462/14/1
f 467/14/1 463/14/1 466/14/1
f 477/14/1 469/14/1 468/14/1
f 478/14/1 469/14/1 477/14/1
f 479/14/1 471/14/1 470/14/1
f 480/14/1 471/14/1 479/14/1
f 483/14/1 473/14/1 472/14/1
f 484/14/1 473/14/1 483/14/1
f 485/14/1 475/14/1 474/14/1
f 486/14/1 475/14/1 485/14/1
f 488/14/1 477/14/1 476/14/1
f 489/14/1 477/14/1 488/14/1
f 490/14/1 481/14/1 480/14/1
f 491/14/1 481/14/1 490/14/1
f 492/14/1 483/14/1 482/14/1
f 493/14/1 483/14/1 492/14/1
f 494/14/1 487/14/1 486/14/1
f 495/14/1 487/14/1 494/14/1
f 500/15/1 497/15/1 496/15/1
f 501/15/1 497/15/1 500/15/1
f 502/15/1 499/15/1 498/15/1
f 503/15/1 499/15/1 502/15/1
f 506/14/1 505/14/1 504/14/1
f 507/14/1 505/14/1 506/14/1
f 516/15/1 509/15/1 508/15/1
f 517/15/1 509/15/1 516/15/1
f 518/16/1 511/16/1 510/16/1
f 519/16/1 511/16/1 518/16/1
f 524/15/1 513/15/1 512/15/1
f 525/15/1 513/15/1 524/15/1
f 526/16/1 515/16/1 514/16/1
f 527/16/1 515/16/1 526/16/1
f 528/15/1 521/15/1 520/15/1
f 529/15/1 521/15/1 528/15/1
f 530/16/1 523/16/1 522/16/1
f 531/16/1 523/16/1 530/16/1
f 536/14/1 533/14/1 532/14/1
f 537/14/1 533/14/1 536/14/1
f 538/14/1 535/14/1 534/14/1
f 539/14/1 535/14/1 538/14/1
f 540/15/1 537/15/1 536/15/1
f 541/15/1 537/15/1 540/15/1
f 544/15/1 539/15/1 538/15/1
f 545/15/1 539/15/1 544/15/1
f 550/15/1 542/15/1 541/15/1
f 551/15/1 542/15/1 550/15/1
f 552/15/1 544/15/1 543/15/1
f 553/15/1 544/15/1 552/15/1
f 558/15/1 547/15/1 546/15/1
f 559/15/1 547/15/1 558/15/1
f 560/15/1 549/15/1 548/15/1
f 561/15/1 549/15/1 560/15/1
f 562/15/1 555/15/1 554/15/1
f 563/15/1 555/15/1 562/15/1
f 564/15/1 557/15/1 556/15/1
f 565/15/1 557/15/1 564/15/1
f 570/14/1 567/14/1 566/14/1
f 571/14/1 567/14/1 570/14/1
f 572/14/1 569/14/1 568/14/1
f 573/14/1 569/14/1 572/14/1
f 578/8/1 575/8/1 574/8/1
f 579/8/1 575/8/1 578/8/1
f 580/8/1 577/8/1 576/8/1
f 581/8/1 577/8/1 580/8/1
f 586/14/1 583/14/1 582/14/1
f 587/14/1 583/14/1 586/14/1
f 588/14/1 585/14/1 584/14/1
f 589/14/1 585/14/1 588/14/1
f 598/15/1 591/15/1 590/15/1
f 599/15/1 591/15/1 598/15/1
f 602/14/1 593/14/1 592/14/1
f 603/14/1 593/14/1 602/14/1
f 604/15/1 595/15/1 594/15/1
f 605/15/1 595/15/1 604/15/1
f 608/14/1 597/14/1 596/14/1
f 609/14/1 597/14/1 608/14/1
f 610/15/1 601/15/1 600/15/1
f 611/15/1 601/15/1 610/15/1
f 612/15/1 607/15/1 606/15/1
f 613/15/1 607/15/1 612/15/1
f 622/8/1 615/8/1 614/8/1
f 623/8/1 615/8/1 622/8/1
f 624/8/1 617/8/1 616/8/1
f 625/8/1 617/8/1 624/8/1
f 630/8/1 619/8/1 618/8/1
f 631/8/1 619/8/1 630/8/1
f 632/8/1 621/8/1 620/8/1
f 633/8/1 621/8/1 632/8/1
f 635/14/1 627/14/1 626/14/1
f 636/14/1 627/14/1 635/14/1
f 637/14/1 629/14/1 628/14/1
f 638/14/1 629/14/1 637/14/1
f 640/14/1 635/14/1 634/14/1
f 641/14/1 635/14/1 640/14/1
f 642/14/1 639/14/1 638/14/1
f 643/14/1 639/14/1 642/14/1
f 652/15/1 645/15/1 644/15/1
f 653/15/1 645/15/1 652/15/1
f 654/16/1 647/16/1 646/16/1
f 655/16/1 647/16/1 654/16/1
f 656/15/1 649/15/1 648/15/1
f 657/15/1 649/15/1 656/15/1
f 658/16/1 651/16/1 650/16/1
f 659/16/1 651/16/1 658/16/1
f 668/15/1 661/15/1 660/15/1
f 669/15/1 661/15/1 668/15/1
f 670/16/1 663/16/1 662/16/1
f 671/16/1 663/16/1 670/16/1
f 672/15/1 665/15/1 664/15/1
f 673/15/1 665/15/1 672/15/1
f 674/16/1 667/16/1 666/16/1
f 675/16/1 667/16/1 674/16/1
f 680/8/1 677/8/1 676/8/1
f 681/8/1 677/8/1 680/8/1
f 682/8/1 677/8/1 681/8/1
f 683/8/1 679/8/1 678/8/1
f 684/8/1 679/8/1 683/8/1
f 685/8/1 679/8/1 684/8/1
f 694/14/1 687/14/1 686/14/1
f 695/4/1 688/4/1 687/4/1
f 695/14/1 687/14/1 694/14/1
f 696/14/1 689/14/1 688/14/1
f 696/4/1 688/4/1 695/4/1
f 697/14/1 689/14/1 696/14/1
f 698/14/1 691/14/1 690/14/1
f 699/4/1 692/4/1 691/4/1
f 699/14/1 691/14/1 698/14/1
f 700/14/1 693/14/1 692/14/1
f 700/4/1 692/4/1 699/4/1
f 701/14/1 693/14/1 700/14/1
f 706/12/1 703/12/1 702/12/1
f 707/12/1 703/12/1 706/12/1
f 708/12/1 705/12/1 704/12/1
f 709/12/1 705/12/1 708/12/1
f 711/12/1 703/12/1 707/12/1
f 712/12/1 708/12/1 704/12/1
f 714/12/1 711/12/1 710/12/1
f 715/12/1 711/12/1 714/12/1
f 716/12/1 703/12/1 711/12/1
f 716/12/1 711/12/1 715/12/1
f 717/12/1 713/12/1 712/12/1
f 717/12/1 712/12/1 704/12/1
f 718/12/1 713/12/1 717/12/1
f 719/12/1 713/12/1 718/12/1
f 724/14/1 721/14/1 720/14/1
f 725/14/1 721/14/1 724/14/1
f 726/14/1 723/14/1 722/14/1
f 727/14/1 723/14/1 726/14/1
f 733/14/1 729/14/1 728/14/1
f 734/14/1 729/14/1 733/14/1
f 735/14/1 731/14/1 730/14/1
f 736/14/1 731/14/1 735/14/1
f 740/14/1 733/14/1 732/14/1
f 741/14/1 733/14/1 740/14/1
f 742/14/1 737/14/1 736/14/1
f 743/14/1 737/14/1 742/14/1
f 746/14/1 739/14/1 738/14/1
f 747/14/1 739/14/1 746/14/1
f 748/14/1 745/14/1 744/14/1
f 749/14/1 745/14/1 748/14/1
f 754/8/1 751/8/1 750/8/1
f 755/8/1 751/8/1 754/8/1
f 758/14/1 753/14/1 752/14/1
f 759/14/1 753/14/1 758/14/1
f 760/14/1 757/14/1 756/14/1
f 761/14/1 757/14/1 760/14/1
f 764/15/1 763/15/1 762/15/1
f 765/15/1 763/15/1 764/15/1
f 774/14/1 767/14/1 766/14/1
f 775/14/1 767/14/1 774/14/1
f 776/14/1 769/14/1 768/14/1
f 777/14/1 769/14/1 776/14/1
f 778/14/1 771/14/1 770/14/1
f 779/14/1 771/14/1 778/14/1
f 780/14/1 773/14/1 772/14/1
f 781/14/1 773/14/1 780/14/1
f 786/8/1 783/8/1 782/8/1
f 787/8/1 783/8/1 786/8/1
f 788/8/1 785/8/1 784/8/1
f 789/8/1 785/8/1 788/8/1
f 794/15/1 791/15/1 790/15/1
f 795/15/1 791/15/1 794/15/1
f 796/16/1 793/16/1 792/16/1
f 797/16/1 793/16/1 796/16/1
f 804/14/1 799/14/1 798/14/1
f 805/14/1 799/14/1 804/14/1
f 806/14/1 801/14/1 800/14/1
f 807/14/1 801/14/1 806/14/1
f 808/8/1 803/8/1 802/8/1
f 809/8/1 803/8/1 808/8/1
f 810/8/1 803/8/1 809/8/1
f 815/15/1 812/15/1 811/15/1
f 816/15/1 812/15/1 815/15/1
f 817/15/1 814/15/1 813/15/1
f 818/15/1 814/15/1 817/15/1
f 821/12/1 820/12/1 819/12/1
f 822/12/1 820/12/1 821/12/1
f 824/12/1 820/12/1 822/12/1
f 825/12/1 824/12/1 823/12/1
f 826/12/1 820/12/1 824/12/1
f 826/12/1 824/12/1 825/12/1
f 829/14/1 828/14/1 827/14/1
f 830/14/1 828/14/1 829/14/1
f 833/13/1 832/13/1 831/13/1
f 834/13/1 832/13/1 833/13/1
f 839/13/1 836/13/1 835/13/1
f 840/13/1 836/13/1 839/13/1
f 843/13/1 838/13/1 837/13/1
f 844/13/1 838/13/1 843/13/1
f 845/13/1 841/13/1 840/13/1
f 846/13/1 841/13/1 845/13/1
f 847/13/1 843/13/1 842/13/1
f 848/13/1 843/13/1 847/13/1
f 849/13/1 847/13/1 846/13/1
f 850/13/1 847/13/1 849/13/1
f 855/15/1 852/15/1 851/15/1
f 856/15/1 852/15/1 855/15/1
f 857/16/1 854/16/1 853/16/1
f 858/16/1 854/16/1 857/16/1
f 863/13/1 860/13/1 859/13/1
f 864/13/1 860/13/1 863/13/1
f 867/13/1 862/13/1 861/13/1
f 868/13/1 862/13/1 867/13/1
f 869/13/1 865/13/1 864/13/1
f 870/13/1 865/13/1 869/13/1
f 871/13/1 867/13/1 866/13/1
f 872/13/1 867/13/1 871/13/1
f 877/10/1 874/10/1 873/10/1
f 878/10/1 874/10/1 877/10/1
f 879/10/1 876/10/1 875/10/1
f 880/10/1 876/10/1 879/10/1
f 885/14/1 882/14/1 881/14/1
f 886/14/1 882/14/1 885/14/1
f 887/14/1 884/14/1 883/14/1
f 888/14/1 884/14/1 887/14/1
f 896/8/1 890/8/1 889/8/1
f 897/8/1 890/8/1 896/8/1
f 899/14/1 892/14/1 891/14/1
f 900/14/1 892/14/1 899/14/1
f 902/8/1 894/8/1 893/8/1
f 903/8/1 894/8/1 902/8/1
f 906/8/1 896/8/1 895/8/1
f 907/8/1 896/8/1 906/8/1
f 908/8/1 898/8/1 897/8/1
f 909/8/1 898/8/1 908/8/1
f 912/8/1 902/8/1 901/8/1
f 913/8/1 902/8/1 912/8/1
f 914/8/1 904/8/1 903/8/1
f 915/8/1 904/8/1 914/8/1
f 917/8/1 910/8/1 909/8/1
f 918/8/1 910/8/1 917/8/1
f 919/8/1 916/8/1 915/8/1
f 920/8/1 916/8/1 919/8/1
f 921/8/1 906/8/1 905/8/1
f 926/8/1 912/8/1 911/8/1
f 931/8/1 921/8/1 905/8/1
f 931/8/1 922/8/1 921/8/1
f 932/8/1 922/8/1 931/8/1
f 933/8/1 925/8/1 924/8/1
f 933/8/1 924/8/1 923/8/1
f 934/8/1 925/8/1 933/8/1
f 935/8/1 926/8/1 911/8/1
f 935/8/1 927/8/1 926/8/1
f 936/8/1 927/8/1 935/8/1
f 937/8/1 930/8/1 929/8/1
f 937/8/1 929/8/1 928/8/1
f 938/8/1 930/8/1 937/8/1
f 939/8/1 922/8/1 932/8/1
f 940/8/1 922/8/1 939/8/1
f 941/8/1 933/8/1 923/8/1
f 942/8/1 933/8/1 941/8/1
f 943/8/1 927/8/1 936/8/1
f 944/8/1 927/8/1 943/8/1
f 945/8/1 937/8/1 928/8/1
f 946/8/1 937/8/1 945/8/1
f 947/8/1 941/8/1 940/8/1
f 948/8/1 941/8/1 947/8/1
f 949/8/1 945/8/1 944/8/1
f 950/8/1 945/8/1 949/8/1
f 960/8/1 952/8/1 951/8/1
f 961/8/1 952/8/1 960/8/1
f 962/8/1 954/8/1 953/8/1
f 963/8/1 954/8/1 962/8/1
f 966/8/1 956/8/1 955/8/1
f 967/8/1 956/8/1 966/8/1
f 968/8/1 958/8/1 957/8/1
f 969/8/1 958/8/1 968/8/1
f 972/8/1 960/8/1 959/8/1
f 973/8/1 960/8/1 972/8/1
f 974/8/1 964/8/1 963/8/1
f 975/8/1 964/8/1 974/8/1
f 978/8/1 966/8/1 965/8/1
f 979/8/1 966/8/1 978/8/1
f 980/8/1 970/8/1 969/8/1
f 981/8/1 970/8/1 980/8/1
f 983/8/1 972/8/1 971/8/1
f 984/8/1 972/8/1 983/8/1
f 985/8/1 976/8/1 975/8/1
f 986/8/1 976/8/1 985/8/1
f 987/8/1 978/8/1 977/8/1
f 988/8/1 978/8/1 987/8/1
f 989/8/1 982/8/1 981/8/1
f 990/8/1 982/8/1 989/8/1
f 999/8/1 992/8/1 991/8/1
f 1000/8/1 992/8/1 999/8/1
f 1001/8/1 994/8/1 993/8/1
f 1002/8/1 994/8/1 1001/8/1
f 1003/8/1 996/8/1 995/8/1
f 1004/8/1 996/8/1 1003/8/1
f 1005/8/1 998/8/1 997/8/1
f 1006/8/1 998/8/1 1005/8/1
f 1015/8/1 1008/8/1 1007/8/1
f 1016/8/1 1008/8/1 1015/8/1
f 1017/8/1 1010/8/1 1009/8/1
f 1018/8/1 1010/8/1 1017/8/1
f 1019/8/1 1012/8/1 1011/8/1
f 1020/8/1 1012/8/1 1019/8/1
f 1021/8/1 1014/8/1 1013/8/1
f 1022/8/1 1014/8/1 1021/8/1
f 1025/15/1 1024/15/1 1023/15/1
f 1026/15/1 1024/15/1 1025/15/1
f 1027/6/2 1028/6/2 1035/6/2
f 1028/16/2 1029/16/2 1036/16/2
f 1035/6/2 1028/6/2 1036/6/2
f 1029/15/2 1030/15/2 1037/15/2
f 1036/16/2 1029/16/2 1037/16/2
f 1037/15/2 1030/15/2 1038/15/2
f 1031/15/2 1032/15/2 1039/15/2
f 1032/16/2 1033/16/2 1040/16/2
f 1039/15/2 1032/15/2 1040/15/2
f 1033/6/2 1034/6/2 1041/6/2
f 1040/16/2 1033/16/2 1041/16/2
f 1041/6/2 1034/6/2 1042/6/2
f 1043/15/2 1044/15/2 1047/15/2
f 1047/15/2 1044/15/2 1048/15/2
f 1045/15/2 1046/15/2 1049/15/2
f 1049/15/2 1046/15/2 1050/15/2
f 1051/5/2 1052/5/2 1055/5/2
f 1055/5/2 1052/5/2 1056/5/2
f 1053/5/2 1054/5/2 1057/5/2
f 1057/5/2 1054/5/2 1058/5/2
f 1059/15/2 1060/15/2 1063/15/2
f 1063/15/2 1060/15/2 1064/15/2
f 1061/15/2 1062/15/2 1065/15/2
f 1065/15/2 1062/15/2 1066/15/2
f 1067/5/2 1068/5/2 1085/5/2
f 1068/16/2 1069/16/2 1086/16/2
f 1085/5/2 1068/5/2 1086/5/2
f 1069/15/2 1070/15/2 1087/15/2
f 1086/16/2 1069/16/2 1087/16/2
f 1087/15/2 1070/15/2 1088/15/2
f 1071/15/2 1072/15/2 1089/15/2
f 1072/16/2 1073/16/2 1090/16/2
f 1089/15/2 1072/15/2 1090/15/2
f 1073/5/2 1074/5/2 1091/5/2
f 1090/16/2 1073/16/2 1091/16/2
f 1074/15/2 1075/15/2 1092/15/2
f 1091/5/2 1074/5/2 1092/5/2
f 1075/16/2 1076/16/2 1093/16/2
f 1092/15/2 1075/15/2 1093/15/2
f 1076/15/2 1077/15/2 1094/15/2
f 1093/16/2 1076/16/2 1094/16/2
f 1077/5/2 1078/5/2 1095/5/2
f 1094/15/2 1077/15/2 1095/15/2
f 1078/16/2 1079/16/2 1096/16/2
f 1095/5/2 1078/5/2 1096/5/2
f 1079/15/2 1080/15/2 1097/15/2
f 1096/16/2 1079/16/2 1097/16/2
f 1097/15/2 1080/15/2 1098/15/2
f 1081/15/2 1082/15/2 1099/15/2
f 1082/16/2 1083/16/2 1100/16/2
f 1099/15/2 1082/15/2 1100/15/2
f 1083/5/2 1084/5/2 1101/5/2
f 1100/16/2 1083/16/2 1101/16/2
f 1101/5/2 1084/5/2 1102/5/2
f 1103/16/2 1104/16/2 1117/16/2
f 1104/15/2 1105/15/2 1118/15/2
f 1117/16/2 1104/16/2 1118/16/2
f 1105/14/2 1106/14/2 1119/14/2
f 1118/15/2 1105/15/2 1119/15/2
f 1119/14/2 1106/14/2 1120/14/2
f 1107/15/2 1108/15/2 1121/15/2
f 1108/16/2 1109/16/2 1122/16/2
f 1121/15/2 1108/15/2 1122/15/2
f 1122/16/2 1109/16/2 1123/16/2
f 1110/16/2 1111/16/2 1124/16/2
f 1111/15/2 1112/15/2 1125/15/2
f 1124/16/2 1111/16/2 1125/16/2
f 1112/14/2 1113/14/2 1126/14/2
f 1125/15/2 1112/15/2 1126/15/2
f 1126/14/2 1113/14/2 1127/14/2
f 1114/15/2 1115/15/2 1128/15/2
f 1115/16/2 1116/16/2 1129/16/2
f 1128/15/2 1115/15/2 1129/15/2
f 1129/16/2 1116/16/2 1130/16/2
f 1131/15/2 1132/15/2 1135/15/2
f 1135/15/2 1132/15/2 1136/15/2
f 1133/15/2 1134/15/2 1137/15/2
f 1137/15/2 1134/15/2 1138/15/2
f 1139/14/2 1140/14/2 1143/14/2
f 1143/14/2 1140/14/2 1144/14/2
f 1141/14/2 1142/14/2 1145/14/2
f 1145/14/2 1142/14/2 1146/14/2
f 1147/8/2 1148/8/2 1151/8/2
f 1151/8/2 1148/8/2 1152/8/2
f 1149/8/2 1150/8/2 1153/8/2
f 1153/8/2 1150/8/2 1154/8/2
f 1155/12/2 1156/12/2 1159/12/2
f 1159/12/2 1156/12/2 1160/12/2
f 1157/12/2 1158/12/2 1161/12/2
f 1161/12/2 1158/12/2 1162/12/2
f 1159/8/2 1160/8/2 1163/8/2
f 1163/8/2 1160/8/2 1164/8/2
f 1161/8/2 1162/8/2 1165/8/2
f 1165/8/2 1162/8/2 1166/8/2
f 1167/8/2 1168/8/2 1171/8/2
f 1171/8/2 1168/8/2 1172/8/2
f 1169/8/2 1170/8/2 1173/8/2
f 1173/8/2 1170/8/2 1174/8/2
f 1167/8/2 1171/8/2 1175/8/2
f 1175/8/2 1171/8/2 1176/8/2
f 1172/8/2 1168/8/2 1177/8/2
f 1177/8/2 1168/8/2 1178/8/2
f 1169/8/2 1173/8/2 1179/8/2
f 1179/8/2 1173/8/2 1180/8/2
f 1174/8/2 1170/8/2 1181/8/2
f 1181/8/2 1170/8/2 1182/8/2
f 1183/8/2 1184/8/2 1187/8/2
f 1187/8/2 1184/8/2 1188/8/2
f 1185/8/2 1186/8/2 1189/8/2
f 1189/8/2 1186/8/2 1190/8/2
f 1191/14/2 1192/14/2 1195/14/2
f 1195/14/2 1192/14/2 1196/14/2
f 1193/14/2 1194/14/2 1197/14/2
f 1197/14/2 1194/14/2 1198/14/2
f 1199/14/2 1200/14/2 1207/14/2
f 1207/14/2 1200/14/2 1208/14/2
f 1201/14/2 1202/14/2 1209/14/2
f 1209/14/2 1202/14/2 1210/14/2
f 1203/14/2 1204/14/2 1211/14/2
f 1211/14/2 1204/14/2 1212/14/2
f 1205/14/2 1206/14/2 1213/14/2
f 1213/14/2 1206/14/2 1214/14/2
f 1215/8/2 1216/8/2 1219/8/2
f 1219/8/2 1216/8/2 1220/8/2
f 1217/8/2 1218/8/2 1221/8/2
f 1221/8/2 1218/8/2 1222/8/2
f 1223/12/2 1224/12/2 1227/12/2
f 1227/12/2 1224/12/2 1228/12/2
f 1228/12/2 1224/12/2 1229/12/2
f 1225/12/2 1226/12/2 1230/12/2
f 1230/12/2 1226/12/2 1231/12/2
f 1231/12/2 1226/12/2 1232/12/2
f 1227/8/2 1228/8/2 1236/8/2
f 1236/8/2 1228/8/2 1237/8/2
f 1229/12/2 1224/12/2 1238/12/2
f 1225/12/2 1230/12/2 1239/12/2
f 1231/8/2 1232/8/2 1240/8/2
f 1240/8/2 1232/8/2 1241/8/2
f 1233/8/2 1234/8/2 1245/8/2
f 1245/8/2 1234/8/2 1246/8/2
f 1235/8/2 1236/8/2 1247/8/2
f 1236/12/2 1237/12/2 1248/12/2
f 1247/8/2 1236/8/2 1248/8/2
f 1237/12/2 1238/12/2 1248/12/2
f 1248/12/2 1238/12/2 1249/12/2
f 1238/12/2 1224/12/2 1250/12/2
f 1249/12/2 1238/12/2 1250/12/2
f 1240/12/2 1241/12/2 1251/12/2
f 1225/12/2 1239/12/2 1251/12/2
f 1239/12/2 1240/12/2 1251/12/2
f 1251/12/2 1241/12/2 1252/12/2
f 1241/8/2 1242/8/2 1253/8/2
f 1252/12/2 1241/12/2 1253/12/2
f 1253/8/2 1242/8/2 1254/8/2
f 1243/8/2 1244/8/2 1255/8/2
f 1255/8/2 1244/8/2 1256/8/2
f 1259/8/2 1260/8/2 1265/8/2
f 1265/8/2 1260/8/2 1266/8/2
f 1261/8/2 1262/8/2 1267/8/2
f 1267/8/2 1262/8/2 1268/8/2
f 1257/8/2 1258/8/2 1269/8/2
f 1269/8/2 1258/8/2 1270/8/2
f 1263/8/2 1264/8/2 1271/8/2
f 1271/8/2 1264/8/2 1272/8/2
f 1273/14/2 1274/14/2 1277/14/2
f 1277/14/2 1274/14/2 1278/14/2
f 1275/14/2 1276/14/2 1279/14/2
f 1279/14/2 1276/14/2 1280/14/2
f 1281/15/2 1282/15/2 1289/15/2
f 1289/15/2 1282/15/2 1290/15/2
f 1283/15/2 1284/15/2 1291/15/2
f 1291/15/2 1284/15/2 1292/15/2
f 1285/15/2 1286/15/2 1293/15/2
f 1293/15/2 1286/15/2 1294/15/2
f 1287/15/2 1288/15/2 1295/15/2
f 1295/15/2 1288/15/2 1296/15/2
f 1297/15/2 1298/15/2 1305/15/2
f 1305/15/2 1298/15/2 1306/15/2
f 1299/16/2 1300/16/2 1307/16/2
f 1307/16/2 1300/16/2 1308/16/2
f 1301/15/2 1302/15/2 1309/15/2
f 1309/15/2 1302/15/2 1310/15/2
f 1303/16/2 1304/16/2 1311/16/2
f 1311/16/2 1304/16/2 1312/16/2
f 1313/14/2 1314/14/2 1317/14/2
f 1317/14/2 1314/14/2 1318/14/2
f 1315/8/2 1316/8/2 1319/8/2
f 1319/8/2 1316/8/2 1320/8/2
f 1321/16/2 1322/16/2 1329/16/2
f 1329/16/2 1322/16/2 1330/16/2
f 1323/16/2 1324/16/2 1331/16/2
f 1331/16/2 1324/16/2 1332/16/2
f 1325/16/2 1326/16/2 1333/16/2
f 1333/16/2 1326/16/2 1334/16/2
f 1327/16/2 1328/16/2 1335/16/2
f 1335/16/2 1328/16/2 1336/16/2
f 1337/12/2 1338/12/2 1351/12/2
f 1351/12/2 1338/12/2 1352/12/2
f 1352/12/2 1338/12/2 1353/12/2
f 1339/14/2 1340/14/2 1355/14/2
f 1355/14/2 1340/14/2 1356/14/2
f 1341/14/2 1342/14/2 1357/14/2
f 1357/14/2 1342/14/2 1358/14/2
f 1343/14/2 1344/14/2 1360/14/2
f 1360/14/2 1344/14/2 1361/14/2
f 1345/14/2 1346/14/2 1362/14/2
f 1362/14/2 1346/14/2 1363/14/2
f 1347/14/2 1348/14/2 1365/14/2
f 1365/14/2 1348/14/2 1366/14/2
f 1349/14/2 1350/14/2 1367/14/2
f 1367/14/2 1350/14/2 1368/14/2
f 1351/8/2 1352/8/2 1373/8/2
f 1373/8/2 1352/8/2 1374/8/2
f 1353/12/2 1338/12/2 1375/12/2
f 1354/14/2 1355/14/2 1376/14/2
f 1376/14/2 1355/14/2 1377/14/2
f 1358/14/2 1359/14/2 1378/14/2
f 1357/14/2 1358/14/2 1378/14/2
f 1378/14/2 1359/14/2 1379/14/2
f 1364/14/2 1365/14/2 1380/14/2
f 1380/14/2 1365/14/2 1381/14/2
f 1367/14/2 1368/14/2 1382/14/2
f 1368/14/2 1369/14/2 1382/14/2
f 1382/14/2 1369/14/2 1383/14/2
f 1383/14/2 1369/14/2 1384/14/2
f 1370/8/2 1371/8/2 1385/8/2
f 1385/8/2 1371/8/2 1386/8/2
f 1372/8/2 1373/8/2 1387/8/2
f 1374/12/2 1375/12/2 1388/12/2
f 1387/8/2 1373/8/2 1388/8/2
f 1373/12/2 1374/12/2 1388/12/2
f 1375/12/2 1338/12/2 1389/12/2
f 1388/12/2 1375/12/2 1389/12/2
f 1390/16/2 1391/16/2 1398/16/2
f 1398/16/2 1391/16/2 1399/16/2
f 1392/15/2 1393/15/2 1400/15/2
f 1400/15/2 1393/15/2 1401/15/2
f 1394/16/2 1395/16/2 1402/16/2
f 1402/16/2 1395/16/2 1403/16/2
f 1396/15/2 1397/15/2 1404/15/2
f 1404/15/2 1397/15/2 1405/15/2
f 1406/15/2 1407/15/2 1410/15/2
f 1410/15/2 1407/15/2 1411/15/2
f 1408/15/2 1409/15/2 1412/15/2
f 1412/15/2 1409/15/2 1413/15/2
f 1414/14/2 1415/14/2 1427/14/2
f 1427/14/2 1415/14/2 1428/14/2
f 1416/14/2 1417/14/2 1429/14/2
f 1429/14/2 1417/14/2 1430/14/2
f 1418/14/2 1419/14/2 1432/14/2
f 1432/14/2 1419/14/2 1433/14/2
f 1420/14/2 1421/14/2 1434/14/2
f 1434/14/2 1421/14/2 1435/14/2
f 1424/8/2 1425/8/2 1436/8/2
f 1436/8/2 1425/8/2 1437/8/2
f 1426/15/2 1427/15/2 1438/15/2
f 1438/15/2 1427/15/2 1439/15/2
f 1431/15/2 1432/15/2 1440/15/2
f 1440/15/2 1432/15/2 1441/15/2
f 1422/8/2 1423/8/2 1442/8/2
f 1442/8/2 1423/8/2 1443/8/2
f 1444/16/2 1445/16/2 1452/16/2
f 1452/16/2 1445/16/2 1453/16/2
f 1446/15/2 1447/15/2 1454/15/2
f 1454/15/2 1447/15/2 1455/15/2
f 1448/16/2 1449/16/2 1456/16/2
f 1456/16/2 1449/16/2 1457/16/2
f 1450/15/2 1451/15/2 1458/15/2
f 1458/15/2 1451/15/2 1459/15/2
f 1460/16/2 1461/16/2 1464/16/2
f 1464/16/2 1461/16/2 1465/16/2
f 1462/16/2 1463/16/2 1466/16/2
f 1466/16/2 1463/16/2 1467/16/2
f 1468/14/2 1469/14/2 1476/14/2
f 1476/14/2 1469/14/2 1477/14/2
f 1470/15/2 1471/15/2 1480/15/2
f 1480/15/2 1471/15/2 1481/15/2
f 1472/14/2 1473/14/2 1482/14/2
f 1482/14/2 1473/14/2 1483/14/2
f 1474/15/2 1475/15/2 1486/15/2
f 1486/15/2 1475/15/2 1487/15/2
f 1477/15/2 1478/15/2 1488/15/2
f 1488/15/2 1478/15/2 1489/15/2
f 1479/15/2 1480/15/2 1492/15/2
f 1492/15/2 1480/15/2 1493/15/2
f 1483/15/2 1484/15/2 1494/15/2
f 1494/15/2 1484/15/2 1495/15/2
f 1485/15/2 1486/15/2 1498/15/2
f 1498/15/2 1486/15/2 1499/15/2
f 1489/15/2 1490/15/2 1500/15/2
f 1490/16/2 1491/16/2 1501/16/2
f 1500/15/2 1490/15/2 1501/15/2
f 1491/15/2 1492/15/2 1502/15/2
f 1501/16/2 1491/16/2 1502/16/2
f 1502/15/2 1492/15/2 1503/15/2
f 1495/15/2 1496/15/2 1504/15/2
f 1496/16/2 1497/16/2 1505/16/2
f 1504/15/2 1496/15/2 1505/15/2
f 1497/15/2 1498/15/2 1506/15/2
f 1505/16/2 1497/16/2 1506/16/2
f 1506/15/2 1498/15/2 1507/15/2
f 1508/15/2 1509/15/2 1512/15/2
f 1512/15/2 1509/15/2 1513/15/2
f 1510/16/2 1511/16/2 1514/16/2
f 1514/16/2 1511/16/2 1515/16/2
f 1516/16/2 1517/16/2 1520/16/2
f 1520/16/2 1517/16/2 1521/16/2
f 1518/16/2 1519/16/2 1522/16/2
f 1522/16/2 1519/16/2 1523/16/2
f 1524/14/2 1525/14/2 1528/14/2
f 1528/14/2 1525/14/2 1529/14/2
f 1526/14/2 1527/14/2 1530/14/2
f 1530/14/2 1527/14/2 1531/14/2
f 1532/16/2 1533/16/2 1549/16/2
f 1533/15/2 1534/15/2 1550/15/2
f 1549/16/2 1533/16/2 1550/16/2
f 1534/16/2 1535/16/2 1551/16/2
f 1550/15/2 1534/15/2 1551/15/2
f 1535/6/2 1536/6/2 1552/6/2
f 1551/16/2 1535/16/2 1552/16/2
f 1536/15/2 1537/15/2 1553/15/2
f 1552/6/2 1536/6/2 1553/6/2
f 1553/15/2 1537/15/2 1554/15/2
f 1538/16/2 1539/16/2 1555/16/2
f 1539/15/2 1540/15/2 1556/15/2
f 1555/16/2 1539/16/2 1556/16/2
f 1556/15/2 1540/15/2 1557/15/2
f 1541/15/2 1542/15/2 1558/15/2
f 1542/16/2 1543/16/2 1559/16/2
f 1558/15/2 1542/15/2 1559/15/2
f 1559/16/2 1543/16/2 1560/16/2
f 1544/16/2 1545/16/2 1561/16/2
f 1545/6/2 1546/6/2 1562/6/2
f 1561/16/2 1545/16/2 1562/16/2
f 1546/15/2 1547/15/2 1563/15/2
f 1562/6/2 1546/6/2 1563/6/2
f 1547/16/2 1548/16/2 1564/16/2
f 1563/15/2 1547/15/2 1564/15/2
f 1564/16/2 1548/16/2 1565/16/2
f 1566/14/2 1567/14/2 1572/14/2
f 1572/14/2 1567/14/2 1573/14/2
f 1568/14/2 1569/14/2 1574/14/2
f 1574/14/2 1569/14/2 1575/14/2
f 1570/14/2 1571/14/2 1576/14/2
f 1576/14/2 1571/14/2 1577/14/2
f 1580/14/2 1581/14/2 1586/14/2
f 1586/14/2 1581/14/2 1587/14/2
f 1584/14/2 1585/14/2 1588/14/2
f 1588/14/2 1585/14/2 1589/14/2
f 1578/14/2 1579/14/2 1590/14/2
f 1590/14/2 1579/14/2 1591/14/2
f 1582/14/2 1583/14/2 1595/14/2
f 1595/14/2 1583/14/2 1596/14/2
f 1591/14/2 1592/14/2 1600/14/2
f 1600/14/2 1592/14/2 1601/14/2
f 1593/14/2 1594/14/2 1602/14/2
f 1602/14/2 1594/14/2 1603/14/2
f 1596/14/2 1597/14/2 1604/14/2
f 1604/14/2 1597/14/2 1605/14/2
f 1598/14/2 1599/14/2 1606/14/2
f 1606/14/2 1599/14/2 1607/14/2
f 1608/14/2 1609/14/2 1612/14/2
f 1612/14/2 1609/14/2 1613/14/2
f 1610/14/2 1611/14/2 1614/14/2
f 1614/14/2 1611/14/2 1615/14/2
f 1616/15/2 1617/15/2 1620/15/2
f 1620/15/2 1617/15/2 1621/15/2
f 1618/15/2 1619/15/2 1622/15/2
f 1622/15/2 1619/15/2 1623/15/2
f 1624/7/2 1625/7/2 1628/7/2
f 1628/7/2 1625/7/2 1629/7/2
f 1626/7/2 1627/7/2 1630/7/2
f 1630/7/2 1627/7/2 1631/7/2
f 1632/8/2 1633/8/2 1641/8/2
f 1641/8/2 1633/8/2 1642/8/2
f 1634/8/2 1635/8/2 1643/8/2
f 1643/8/2 1635/8/2 1644/8/2
f 1636/8/2 1637/8/2 1647/8/2
f 1647/8/2 1637/8/2 1648/8/2
f 1638/8/2 1639/8/2 1649/8/2
f 1649/8/2 1639/8/2 1650/8/2
f 1640/8/2 1641/8/2 1653/8/2
f 1653/8/2 1641/8/2 1654/8/2
f 1644/8/2 1645/8/2 1655/8/2
f 1655/8/2 1645/8/2 1656/8/2
f 1646/8/2 1647/8/2 1659/8/2
f 1659/8/2 1647/8/2 1660/8/2
f 1650/8/2 1651/8/2 1661/8/2
f 1661/8/2 1651/8/2 1662/8/2
f 1652/8/2 1653/8/2 1664/8/2
f 1664/8/2 1653/8/2 1665/8/2
f 1656/8/2 1657/8/2 1666/8/2
f 1666/8/2 1657/8/2 1667/8/2
f 1658/8/2 1659/8/2 1668/8/2
f 1668/8/2 1659/8/2 1669/8/2
f 1662/8/2 1663/8/2 1670/8/2
f 1670/8/2 1663/8/2 1671/8/2
f 1672/8/2 1673/8/2 1680/8/2
f 1680/8/2 1673/8/2 1681/8/2
f 1674/8/2 1675/8/2 1682/8/2
f 1682/8/2 1675/8/2 1683/8/2
f 1676/8/2 1677/8/2 1684/8/2
f 1684/8/2 1677/8/2 1685/8/2
f 1678/8/2 1679/8/2 1686/8/2
f 1686/8/2 1679/8/2 1687/8/2
f 1688/8/2 1689/8/2 1700/8/2
f 1700/8/2 1689/8/2 1701/8/2
f 1690/8/2 1691/8/2 1702/8/2
f 1702/8/2 1691/8/2 1703/8/2
f 1692/16/2 1693/16/2 1704/16/2
f 1704/16/2 1693/16/2 1705/16/2
f 1694/16/2 1695/16/2 1706/16/2
f 1706/16/2 1695/16/2 1707/16/2
f 1696/8/2 1697/8/2 1708/8/2
f 1708/8/2 1697/8/2 1709/8/2
f 1698/8/2 1699/8/2 1710/8/2
f 1710/8/2 1699/8/2 1711/8/2
f 1712/13/2 1713/13/2 1716/13/2
f 1716/13/2 1713/13/2 1717/13/2
f 1714/13/2 1715/13/2 1718/13/2
f 1718/13/2 1715/13/2 1719/13/2
f 1720/14/2 1721/14/2 1725/14/2
f 1725/14/2 1721/14/2 1726/14/2
f 1722/14/2 1723/14/2 1727/14/2
f 1727/14/2 1723/14/2 1728/14/2
f 1724/14/2 1725/14/2 1730/14/2
f 1730/14/2 1725/14/2 1731/14/2
f 1728/14/2 1729/14/2 1732/14/2
f 1727/14/2 1728/14/2 1732/14/2
f 1732/14/2 1729/14/2 1733/14/2
f 1733/14/2 1729/14/2 1734/14/2
f 1735/16/2 1736/16/2 1739/16/2
f 1739/16/2 1736/16/2 1740/16/2
f 1737/15/2 1738/15/2 1741/15/2
f 1741/15/2 1738/15/2 1742/15/2
f 1743/13/2 1744/13/2 1747/13/2
f 1747/13/2 1744/13/2 1748/13/2
f 1745/13/2 1746/13/2 1749/13/2
f 1749/13/2 1746/13/2 1750/13/2
f 1748/13/2 1749/13/2 1751/13/2
f 1751/13/2 1749/13/2 1752/13/2
f 1753/14/2 1754/14/2 1760/14/2
f 1760/14/2 1754/14/2 1761/14/2
f 1755/14/2 1756/14/2 1762/14/2
f 1762/14/2 1756/14/2 1763/14/2
f 1757/8/2 1758/8/2 1767/8/2
f 1767/8/2 1758/8/2 1768/8/2
f 1759/15/2 1760/15/2 1770/15/2
f 1770/15/2 1760/15/2 1771/15/2
f 1764/8/2 1765/8/2 1773/8/2
f 1773/8/2 1765/8/2 1774/8/2
f 1766/8/2 1767/8/2 1776/8/2
f 1776/8/2 1767/8/2 1777/8/2
f 1768/8/2 1769/8/2 1778/8/2
f 1778/8/2 1769/8/2 1779/8/2
f 1772/8/2 1773/8/2 1780/8/2
f 1780/8/2 1773/8/2 1781/8/2
f 1774/8/2 1775/8/2 1782/8/2
f 1782/8/2 1775/8/2 1783/8/2
f 1777/8/2 1778/8/2 1784/8/2
f 1784/8/2 1778/8/2 1785/8/2
f 1781/8/2 1782/8/2 1786/8/2
f 1786/8/2 1782/8/2 1787/8/2
f 1788/16/2 1789/16/2 1792/16/2
f 1792/16/2 1789/16/2 1793/16/2
f 1790/15/2 1791/15/2 1794/15/2
f 1794/15/2 1791/15/2 1795/15/2
f 1796/8/2 1797/8/2 1801/8/2
f 1801/8/2 1797/8/2 1802/8/2
f 1798/8/2 1799/8/2 1805/8/2
f 1805/8/2 1799/8/2 1806/8/2
f 1800/8/2 1801/8/2 1809/8/2
f 1809/8/2 1801/8/2 1810/8/2
f 1802/8/2 1803/8/2 1811/8/2
f 1811/8/2 1803/8/2 1812/8/2
f 1804/8/2 1805/8/2 1815/8/2
f 1815/8/2 1805/8/2 1816/8/2
f 1806/8/2 1807/8/2 1817/8/2
f 1817/8/2 1807/8/2 1818/8/2
f 1808/8/2 1809/8/2 1820/8/2
f 1820/8/2 1809/8/2 1821/8/2
f 1812/8/2 1813/8/2 1824/8/2
f 1824/8/2 1813/8/2 1825/8/2
f 1814/8/2 1815/8/2 1830/8/2
f 1830/8/2 1815/8/2 1831/8/2
f 1818/8/2 1819/8/2 1834/8/2
f 1834/8/2 1819/8/2 1835/8/2
f 1821/8/2 1822/8/2 1836/8/2
f 1836/8/2 1822/8/2 1837/8/2
f 1823/8/2 1824/8/2 1838/8/2
f 1838/8/2 1824/8/2 1839/8/2
f 1826/14/2 1827/14/2 1840/14/2
f 1840/14/2 1827/14/2 1841/14/2
f 1828/15/2 1829/15/2 1844/15/2
f 1844/15/2 1829/15/2 1845/15/2
f 1831/8/2 1832/8/2 1846/8/2
f 1846/8/2 1832/8/2 1847/8/2
f 1833/8/2 1834/8/2 1848/8/2
f 1848/8/2 1834/8/2 1849/8/2
f 1837/8/2 1838/8/2 1850/8/2
f 1850/8/2 1838/8/2 1851/8/2
f 1841/15/2 1842/15/2 1852/15/2
f 1852/15/2 1842/15/2 1853/15/2
f 1843/15/2 1844/15/2 1856/15/2
f 1856/15/2 1844/15/2 1857/15/2
f 1847/8/2 1848/8/2 1858/8/2
f 1858/8/2 1848/8/2 1859/8/2
f 1853/15/2 1854/15/2 1860/15/2
f 1860/15/2 1854/15/2 1861/15/2
f 1855/15/2 1856/15/2 1862/15/2
f 1862/15/2 1856/15/2 1863/15/2
f 1864/11/2 1865/11/2 1872/11/2
f 1872/11/2 1865/11/2 1873/11/2
f 1866/11/2 1867/11/2 1874/11/2
f 1874/11/2 1867/11/2 1875/11/2
f 1868/11/2 1869/11/2 1876/11/2
f 1876/11/2 1869/11/2 1877/11/2
f 1870/11/2 1871/11/2 1878/11/2
f 1878/11/2 1871/11/2 1879/11/2
f 1880/11/2 1881/11/2 1888/11/2
f 1888/11/2 1881/11/2 1889/11/2
f 1882/11/2 1883/11/2 1890/11/2
f 1890/11/2 1883/11/2 1891/11/2
f 1884/11/2 1885/11/2 1892/11/2
f 1892/11/2 1885/11/2 1893/11/2
f 1886/11/2 1887/11/2 1894/11/2
f 1894/11/2 1887/11/2 1895/11/2
f 1896/13/2 1897/13/2 1898/13/2
f 1898/13/2 1897/13/2 1899/13/2
f 1900/11/2 1901/11/2 1905/11/2
f 1905/11/2 1901/11/2 1906/11/2
f 1902/11/2 1903/11/2 1909/11/2
f 1909/11/2 1903/11/2 1910/11/2
f 1906/11/2 1907/11/2 1912/11/2
f 1904/11/2 1905/11/2 1912/11/2
f 1905/11/2 1906/11/2 1912/11/2
f 1912/11/2 1907/11/2 1913/11/2
f 1913/11/2 1907/11/2 1914/11/2
f 1914/11/2 1907/11/2 1915/11/2
f 1910/11/2 1911/11/2 1916/11/2
f 1909/11/2 1910/11/2 1916/11/2
f 1908/11/2 1909/11/2 1916/11/2
f 1916/11/2 1911/11/2 1917/11/2
f 1917/11/2 1911/11/2 1918/11/2
f 1918/11/2 1911/11/2 1919/11/2
f 1913/11/2 1914/11/2 1920/11/2
f 1920/11/2 1914/11/2 1921/11/2
f 1917/11/2 1918/11/2 1922/11/2
f 1922/11/2 1918/11/2 1923/11/2
f 1924/14/2 1925/14/2 1926/14/2
f 1926/14/2 1925/14/2 1927/14/2
f 1926/13/2 1927/13/2 1928/13/2
f 1928/13/2 1927/13/2 1929/13/2
f 1930/14/2 1931/14/2 1934/14/2
f 1931/15/2 1932/15/2 1935/15/2
f 1934/14/2 1931/14/2 1935/14/2
f 1935/15/2 1932/15/2 1936/15/2
f 1933/14/2 1934/14/2 1940/14/2
f 1940/14/2 1934/14/2 1941/14/2
f 1936/14/2 1937/14/2 1942/14/2
f 1942/14/2 1937/14/2 1943/14/2
f 1938/14/2 1939/14/2 1946/14/2
f 1946/14/2 1939/14/2 1947/14/2
f 1944/14/2 1945/14/2 1948/14/2
f 1948/14/2 1945/14/2 1949/14/2
f 1948/15/2 1949/15/2 1950/15/2
f 1946/15/2 1947/15/2 1951/15/2
f 1951/15/2 1947/15/2 1952/15/2
f 1950/15/2 1949/15/2 1955/15/2
f 1955/15/2 1949/15/2 1956/15/2
f 1952/14/2 1953/14/2 1957/14/2
f 1957/14/2 1953/14/2 1958/14/2
f 1954/14/2 1955/14/2 1961/14/2
f 1961/14/2 1955/14/2 1962/14/2
f 1958/16/2 1959/16/2 1963/16/2
f 1963/16/2 1959/16/2 1964/16/2
f 1960/16/2 1961/16/2 1967/16/2
f 1967/16/2 1961/16/2 1968/16/2
f 1964/16/2 1965/16/2 1969/16/2
f 1965/15/2 1966/15/2 1970/15/2
f 1969/16/2 1965/16/2 1970/16/2
f 1966/16/2 1967/16/2 1971/16/2
f 1970/15/2 1966/15/2 1971/15/2
f 1971/16/2 1967/16/2 1972/16/2
f 1973/16/2 1974/16/2 1979/16/2
f 1979/16/2 1974/16/2 1980/16/2
f 1975/15/2 1976/15/2 1981/15/2
f 1981/15/2 1976/15/2 1982/15/2
f 1977/16/2 1978/16/2 1984/16/2
f 1978/15/2 1979/15/2 1984/15/2
f 1984/15/2 1979/15/2 1985/15/2
f 1982/15/2 1983/15/2 1986/15/2
f 1986/15/2 1983/15/2 1987/15/2
f 1987/15/2 1983/15/2 1988/15/2
f 1977/16/2 1984/16/2 1989/16/2
f 1989/16/2 1984/16/2 1990/16/2
f 1987/16/2 1988/16/2 1991/16/2
f 1991/16/2 1988/16/2 1992/16/2
f 1993/15/2 1994/15/2 1996/15/2
f 1996/15/2 1994/15/2 1997/15/2
f 1995/16/2 1996/16/2 2000/16/2
f 2000/16/2 1996/16/2 2001/16/2
f 1997/16/2 1998/16/2 2002/16/2
f 2002/16/2 1998/16/2 2003/16/2
f 1999/16/2 2000/16/2 2005/16/2
f 2005/16/2 2000/16/2 2006/16/2
f 2003/16/2 2004/16/2 2009/16/2
f 2009/16/2 2004/16/2 2010/16/2
f 2006/16/2 2007/16/2 2011/16/2
f 2007/15/2 2008/15/2 2012/15/2
f 2011/16/2 2007/16/2 2012/16/2
f 2008/16/2 2009/16/2 2013/16/2
f 2012/15/2 2008/15/2 2013/15/2
f 2013/16/2 2009/16/2 2014/16/2
f 2015/15/2 2016/15/2 2018/15/2
f 2018/15/2 2016/15/2 2019/15/2
f 2019/15/2 2016/15/2 2020/15/2
f 2017/16/2 2018/16/2 2022/16/2
f 2020/16/2 2021/16/2 2023/16/2
f 2017/16/2 2022/16/2 2024/16/2
f 2023/16/2 2021/16/2 2026/16/2
f 2017/16/2 2024/16/2 2027/16/2
f 2024/15/2 2025/15/2 2028/15/2
f 2027/16/2 2024/16/2 2028/16/2
f 2025/15/2 2026/15/2 2028/15/2
f 2026/16/2 2021/16/2 2029/16/2
f 2028/15/2 2026/15/2 2029/15/2
f 2029/16/2 2021/16/2 2030/16/2
f 2031/15/2 2032/15/2 2034/15/2
f 2032/16/2 2033/16/2 2035/16/2
f 2034/15/2 2032/15/2 2035/15/2
f 2035/16/2 2033/16/2 2036/16/2
f 2034/16/2 2035/16/2 2037/16/2
f 2035/15/2 2036/15/2 2038/15/2
f 2037/16/2 2035/16/2 2038/16/2
f 2038/15/2 2036/15/2 2039/15/2
f 2042/14/3 2041/14/3 2040/14/3
f 2043/14/3 2041/14/3 2042/14/3
f 2044/15/3 2043/15/3 2042/15/3
f 2045/15/3 2043/15/3 2044/15/3
f 2046/2/3 2045/2/3 2044/2/3
f 2047/2/3 2045/2/3 2046/2/3
f 2048/15/3 2047/15/3 2046/15/3
f 2049/15/3 2047/15/3 2048/15/3
f 2050/16/3 2049/16/3 2048/16/3
f 2051/16/3 2049/16/3 2050/16/3
f 2054/14/3 2053/14/3 2052/14/3
f 2055/14/3 2053/14/3 2054/14/3
f 2058/15/3 2057/15/3 2056/15/3
f 2059/15/3 2057/15/3 2058/15/3
f 2062/16/3 2061/16/3 2060/16/3
f 2063/16/3 2061/16/3 2062/16/3
f 2066/16/3 2065/16/3 2064/16/3
f 2067/16/3 2065/16/3 2066/16/3
f 2070/14/3 2069/14/3 2068/14/3
f 2071/14/3 2069/14/3 2070/14/3
f 2074/4/3 2073/4/3 2072/4/3
f 2075/4/3 2073/4/3 2074/4/3
f 2076/5/3 2075/5/3 2074/5/3
f 2077/5/3 2075/5/3 2076/5/3
f 2081/4/3 2079/4/3 2078/4/3
f 2082/5/3 2080/5/3 2079/5/3
f 2082/4/3 2079/4/3 2081/4/3
f 2083/5/3 2080/5/3 2082/5/3
f 2084/6/3 2083/6/3 2082/6/3
f 2085/6/3 2083/6/3 2084/6/3
f 2088/5/3 2087/5/3 2086/5/3
f 2089/5/3 2087/5/3 2088/5/3
f 2092/14/3 2091/14/3 2090/14/3
f 2093/14/3 2091/14/3 2092/14/3
f 2096/16/3 2095/16/3 2094/16/3
f 2097/16/3 2095/16/3 2096/16/3
f 2101/15/3 2100/15/3 2099/15/3
f 2102/15/3 2100/15/3 2101/15/3
f 2103/14/3 2099/14/3 2098/14/3
f 2103/15/3 2101/15/3 2099/15/3
f 2104/15/3 2101/15/3 2103/15/3
f 2105/14/3 2102/14/3 2101/14/3
f 2105/15/3 2101/15/3 2104/15/3
f 2106/14/3 2102/14/3 2105/14/3
f 2107/14/3 2104/14/3 2103/14/3
f 2107/14/3 2103/14/3 2098/14/3
f 2108/15/3 2106/15/3 2105/15/3
f 2108/14/3 2104/14/3 2107/14/3
f 2108/15/3 2105/15/3 2104/15/3
f 2110/14/3 2107/14/3 2098/14/3
f 2111/15/3 2108/15/3 2107/15/3
f 2111/14/3 2107/14/3 2110/14/3
f 2112/15/3 2106/15/3 2108/15/3
f 2112/15/3 2108/15/3 2111/15/3
f 2113/14/3 2111/14/3 2110/14/3
f 2113/14/3 2110/14/3 2109/14/3
f 2113/14/3 2112/14/3 2111/14/3
f 2114/14/3 2112/14/3 2113/14/3
f 2115/14/3 2112/14/3 2114/14/3
f 2116/15/3 2106/15/3 2112/15/3
f 2116/14/3 2112/14/3 2115/14/3
f 2117/14/3 2115/14/3 2114/14/3
f 2117/15/3 2116/15/3 2115/15/3
f 2118/15/3 2106/15/3 2116/15/3
f 2118/15/3 2116/15/3 2117/15/3
f 2119/14/3 2117/14/3 2114/14/3
f 2119/14/3 2118/14/3 2117/14/3
f 2120/15/3 2106/15/3 2118/15/3
f 2120/14/3 2118/14/3 2119/14/3
f 2121/15/3 2120/15/3 2119/15/3
f 2121/15/3 2106/15/3 2120/15/3
f 2123/15/3 2114/15/3 2113/15/3
f 2123/14/3 2113/14/3 2109/14/3
f 2124/14/3 2119/14/3 2114/14/3
f 2124/15/3 2114/15/3 2123/15/3
f 2125/14/3 2123/14/3 2109/14/3
f 2126/14/3 2119/14/3 2124/14/3
f 2127/15/3 2121/15/3 2119/15/3
f 2127/15/3 2122/15/3 2121/15/3
f 2128/15/3 2122/15/3 2127/15/3
f 2129/15/3 2127/15/3 2119/15/3
f 2129/16/3 2128/16/3 2127/16/3
f 2130/16/3 2128/16/3 2129/16/3
f 2131/15/3 2129/15/3 2119/15/3
f 2131/15/3 2130/15/3 2129/15/3
f 2132/15/3 2130/15/3 2131/15/3
f 2133/15/3 2130/15/3 2132/15/3
f 2134/14/3 2125/14/3 2109/14/3
f 2135/14/3 2125/14/3 2134/14/3
f 2136/14/3 2119/14/3 2126/14/3
f 2137/15/3 2131/15/3 2119/15/3
f 2137/14/3 2119/14/3 2136/14/3
f 2138/16/3 2132/16/3 2131/16/3
f 2138/15/3 2131/15/3 2137/15/3
f 2139/16/3 2132/16/3 2138/16/3
f 2140/15/3 2137/15/3 2136/15/3
f 2140/16/3 2138/16/3 2137/16/3
f 2141/16/3 2138/16/3 2140/16/3
f 2142/15/3 2140/15/3 2136/15/3
f 2142/15/3 2141/15/3 2140/15/3
f 2143/15/3 2141/15/3 2142/15/3
f 2145/14/3 2143/14/3 2142/14/3
f 2146/15/3 2141/15/3 2143/15/3
f 2146/14/3 2143/14/3 2145/14/3
f 2147/15/3 2141/15/3 2146/15/3
f 2148/15/3 2145/15/3 2144/15/3
f 2148/15/3 2146/15/3 2145/15/3
f 2149/14/3 2147/14/3 2146/14/3
f 2149/15/3 2146/15/3 2148/15/3
f 2150/14/3 2149/14/3 2148/14/3
f 2151/14/3 2147/14/3 2149/14/3
f 2151/14/3 2149/14/3 2150/14/3
f 2154/8/3 2153/8/3 2152/8/3
f 2155/8/3 2153/8/3 2154/8/3
f 2156/8/3 2153/8/3 2155/8/3
f 2157/8/3 2153/8/3 2156/8/3
f 2159/8/3 2156/8/3 2155/8/3
f 2160/8/3 2156/8/3 2159/8/3
f 2161/8/3 2153/8/3 2157/8/3
f 2162/8/3 2160/8/3 2159/8/3
f 2162/8/3 2161/8/3 2160/8/3
f 2162/8/3 2159/8/3 2158/8/3
f 2163/8/3 2153/8/3 2161/8/3
f 2163/8/3 2161/8/3 2162/8/3
f 2167/14/3 2165/14/3 2164/14/3
f 2167/15/3 2166/15/3 2165/15/3
f 2168/15/3 2166/15/3 2167/15/3
f 2169/14/3 2167/14/3 2164/14/3
f 2169/14/3 2168/14/3 2167/14/3
f 2170/15/3 2166/15/3 2168/15/3
f 2170/14/3 2168/14/3 2169/14/3
f 2171/14/3 2169/14/3 2164/14/3
f 2172/15/3 2170/15/3 2169/15/3
f 2172/14/3 2169/14/3 2171/14/3
f 2173/15/3 2166/15/3 2170/15/3
f 2173/15/3 2170/15/3 2172/15/3
f 2177/15/3 2174/15/3 2173/15/3
f 2178/15/3 2174/15/3 2177/15/3
f 2180/14/3 2176/14/3 2175/14/3
f 2181/14/3 2176/14/3 2180/14/3
f 2182/15/3 2174/15/3 2178/15/3
f 2184/15/3 2182/15/3 2178/15/3
f 2184/15/3 2183/15/3 2182/15/3
f 2185/15/3 2183/15/3 2184/15/3
f 2186/15/3 2184/15/3 2178/15/3
f 2187/14/3 2185/14/3 2184/14/3
f 2187/15/3 2184/15/3 2186/15/3
f 2188/14/3 2185/14/3 2187/14/3
f 2189/14/3 2185/14/3 2188/14/3
f 2190/15/3 2189/15/3 2188/15/3
f 2191/15/3 2189/15/3 2190/15/3
f 2192/14/3 2191/14/3 2190/14/3
f 2193/14/3 2191/14/3 2192/14/3
f 2194/15/3 2193/15/3 2192/15/3
f 2196/15/3 2193/15/3 2194/15/3
f 2197/15/3 2193/15/3 2196/15/3
f 2198/15/3 2196/15/3 2195/15/3
f 2199/16/3 2197/16/3 2196/16/3
f 2199/15/3 2196/15/3 2198/15/3
f 2200/16/3 2197/16/3 2199/16/3
f 2201/14/3 2180/14/3 2179/14/3
f 2202/14/3 2180/14/3 2201/14/3
f 2205/16/3 2199/16/3 2198/16/3
f 2206/16/3 2199/16/3 2205/16/3
f 2207/15/3 2203/15/3 2202/15/3
f 2208/15/3 2203/15/3 2207/15/3
f 2209/15/3 2206/15/3 2205/15/3
f 2209/15/3 2205/15/3 2204/15/3
f 2210/15/3 2206/15/3 2209/15/3
f 2211/15/3 2209/15/3 2204/15/3
f 2212/14/3 2210/14/3 2209/14/3
f 2212/15/3 2209/15/3 2211/15/3
f 2213/14/3 2210/14/3 2212/14/3
f 2214/14/3 2212/14/3 2211/14/3
f 2215/14/3 2212/14/3 2214/14/3
f 2216/10/3 2215/10/3 2214/10/3
f 2217/10/3 2215/10/3 2216/10/3
f 2218/10/3 2215/10/3 2217/10/3
f 2220/14/3 2218/14/3 2217/14/3
f 2221/14/3 2218/14/3 2220/14/3
f 2223/9/3 2220/9/3 2219/9/3
f 2224/9/3 2220/9/3 2223/9/3
f 2227/8/3 2223/8/3 2222/8/3
f 2228/8/3 2223/8/3 2227/8/3
f 2233/8/3 2229/8/3 2228/8/3
f 2234/8/3 2229/8/3 2233/8/3
f 2235/8/3 2231/8/3 2230/8/3
f 2236/8/3 2231/8/3 2235/8/3
f 2237/8/3 2233/8/3 2232/8/3
f 2238/8/3 2233/8/3 2237/8/3
f 2239/8/3 2226/8/3 2225/8/3
f 2240/8/3 2226/8/3 2239/8/3
f 2245/15/3 2242/15/3 2241/15/3
f 2246/14/3 2244/14/3 2243/14/3
f 2246/15/3 2245/15/3 2244/15/3
f 2247/15/3 2242/15/3 2245/15/3
f 2247/15/3 2245/15/3 2246/15/3
f 2248/14/3 2246/14/3 2243/14/3
f 2248/14/3 2247/14/3 2246/14/3
f 2249/15/3 2242/15/3 2247/15/3
f 2249/14/3 2247/14/3 2248/14/3
f 2250/15/3 2249/15/3 2248/15/3
f 2250/15/3 2242/15/3 2249/15/3
f 2251/15/3 2242/15/3 2250/15/3
f 2252/14/3 2248/14/3 2243/14/3
f 2252/15/3 2250/15/3 2248/15/3
f 2253/14/3 2251/14/3 2250/14/3
f 2253/15/3 2250/15/3 2252/15/3
f 2254/15/3 2242/15/3 2251/15/3
f 2254/14/3 2251/14/3 2253/14/3
f 2255/14/3 2253/14/3 2252/14/3
f 2255/14/3 2252/14/3 2243/14/3
f 2256/15/3 2254/15/3 2253/15/3
f 2256/14/3 2253/14/3 2255/14/3
f 2258/14/3 2255/14/3 2243/14/3
f 2259/15/3 2256/15/3 2255/15/3
f 2259/14/3 2255/14/3 2258/14/3
f 2260/15/3 2242/15/3 2254/15/3
f 2260/15/3 2256/15/3 2259/15/3
f 2260/15/3 2254/15/3 2256/15/3
f 2262/15/3 2261/15/3 2260/15/3
f 2264/15/3 2262/15/3 2260/15/3
f 2264/15/3 2263/15/3 2262/15/3
f 2265/15/3 2263/15/3 2264/15/3
f 2267/14/3 2258/14/3 2257/14/3
f 2268/14/3 2258/14/3 2267/14/3
f 2269/14/3 2267/14/3 2266/14/3
f 2270/14/3 2267/14/3 2269/14/3
f 2271/15/3 2263/15/3 2265/15/3
f 2272/15/3 2263/15/3 2271/15/3
f 2277/15/3 2274/15/3 2273/15/3
f 2278/15/3 2274/15/3 2277/15/3
f 2279/8/3 2276/8/3 2275/8/3
f 2280/8/3 2276/8/3 2279/8/3
f 2281/15/3 2274/15/3 2278/15/3
f 2282/15/3 2274/15/3 2281/15/3
f 2283/15/3 2274/15/3 2282/15/3
f 2284/16/3 2283/16/3 2282/16/3
f 2286/16/3 2283/16/3 2284/16/3
f 2287/16/3 2283/16/3 2286/16/3
f 2290/15/3 2286/15/3 2285/15/3
f 2290/15/3 2287/15/3 2286/15/3
f 2291/15/3 2287/15/3 2290/15/3
f 2292/15/3 2287/15/3 2291/15/3
f 2293/14/3 2289/14/3 2288/14/3
f 2294/14/3 2289/14/3 2293/14/3
f 2296/15/3 2291/15/3 2290/15/3
f 2297/16/3 2292/16/3 2291/16/3
f 2297/15/3 2291/15/3 2296/15/3
f 2298/16/3 2292/16/3 2297/16/3
f 2300/15/3 2297/15/3 2296/15/3
f 2301/15/3 2297/15/3 2300/15/3
f 2302/14/3 2295/14/3 2294/14/3
f 2303/15/3 2300/15/3 2299/15/3
f 2304/15/3 2300/15/3 2303/15/3
f 2305/14/3 2304/14/3 2303/14/3
f 2306/14/3 2304/14/3 2305/14/3
f 2307/14/3 2302/14/3 2294/14/3
f 2308/14/3 2302/14/3 2307/14/3
f 2309/15/3 2306/15/3 2305/15/3
f 2310/15/3 2306/15/3 2309/15/3
f 2311/10/3 2308/10/3 2307/10/3
f 2312/10/3 2308/10/3 2311/10/3
f 2313/10/3 2310/10/3 2309/10/3
f 2314/10/3 2310/10/3 2313/10/3
f 2315/14/3 2312/14/3 2311/14/3
f 2316/14/3 2312/14/3 2315/14/3
f 2318/14/3 2314/14/3 2313/14/3
f 2319/14/3 2314/14/3 2318/14/3
f 2321/9/3 2316/9/3 2315/9/3
f 2322/9/3 2316/9/3 2321/9/3
f 2323/9/3 2318/9/3 2317/9/3
f 2323/9/3 2319/9/3 2318/9/3
f 2324/9/3 2319/9/3 2323/9/3
f 2326/8/3 2321/8/3 2320/8/3
f 2327/8/3 2321/8/3 2326/8/3
f 2330/8/3 2328/8/3 2327/8/3
f 2331/8/3 2328/8/3 2330/8/3
f 2333/8/3 2330/8/3 2329/8/3
f 2334/8/3 2330/8/3 2333/8/3
f 2335/8/3 2332/8/3 2331/8/3
f 2336/8/3 2332/8/3 2335/8/3
f 2337/8/3 2325/8/3 2324/8/3
f 2338/8/3 2325/8/3 2337/8/3
f 2339/11/3 2336/11/3 2335/11/3
f 2340/11/3 2336/11/3 2339/11/3
f 2341/11/3 2336/11/3 2340/11/3
f 2342/11/3 2336/11/3 2341/11/3
f 2343/11/3 2341/11/3 2340/11/3
f 2344/11/3 2341/11/3 2343/11/3
f 2348/15/3 2346/15/3 2345/15/3
f 2349/16/3 2347/16/3 2346/16/3
f 2349/15/3 2346/15/3 2348/15/3
f 2350/15/3 2348/15/3 2345/15/3
f 2350/14/3 2349/14/3 2348/14/3
f 2351/16/3 2347/16/3 2349/16/3
f 2351/14/3 2349/14/3 2350/14/3
f 2352/15/3 2350/15/3 2345/15/3
f 2352/15/3 2351/15/3 2350/15/3
f 2353/16/3 2347/16/3 2351/16/3
f 2353/15/3 2351/15/3 2352/15/3
f 2356/8/3 2355/8/3 2354/8/3
f 2357/8/3 2355/8/3 2356/8/3
f 2358/16/3 2347/16/3 2353/16/3
f 2359/16/3 2347/16/3 2358/16/3
f 2362/8/3 2361/8/3 2360/8/3
f 2363/8/3 2361/8/3 2362/8/3
f 2364/15/3 2359/15/3 2358/15/3
f 2365/15/3 2359/15/3 2364/15/3
f 2369/15/3 2366/15/3 2365/15/3
f 2370/15/3 2366/15/3 2369/15/3
f 2371/14/3 2368/14/3 2367/14/3
f 2372/14/3 2368/14/3 2371/14/3
f 2375/15/3 2374/15/3 2373/15/3
f 2376/15/3 2374/15/3 2375/15/3
f 2377/14/3 2376/14/3 2375/14/3
f 2380/14/3 2376/14/3 2377/14/3
f 2381/14/3 2376/14/3 2380/14/3
f 2382/8/3 2379/8/3 2378/8/3
f 2383/8/3 2379/8/3 2382/8/3
f 2386/8/3 2382/8/3 2378/8/3
f 2388/8/3 2386/8/3 2378/8/3
f 2388/8/3 2387/8/3 2386/8/3
f 2389/8/3 2387/8/3 2388/8/3
f 2390/15/3 2385/15/3 2384/15/3
f 2391/15/3 2385/15/3 2390/15/3
f 2392/15/3 2385/15/3 2391/15/3
f 2398/15/3 2396/15/3 2395/15/3
f 2399/15/3 2396/15/3 2398/15/3
f 2400/14/3 2394/14/3 2393/14/3
f 2401/14/3 2394/14/3 2400/14/3
f 2402/15/3 2398/15/3 2397/15/3
f 2403/15/3 2398/15/3 2402/15/3
f 2404/10/3 2403/10/3 2402/10/3
f 2405/10/3 2401/10/3 2400/10/3
f 2406/10/3 2403/10/3 2404/10/3
f 2407/10/3 2405/10/3 2400/10/3
f 2408/10/3 2405/10/3 2407/10/3
f 2409/10/3 2403/10/3 2406/10/3
f 2410/10/3 2403/10/3 2409/10/3
f 2411/14/3 2408/14/3 2407/14/3
f 2412/14/3 2408/14/3 2411/14/3
f 2413/14/3 2410/14/3 2409/14/3
f 2414/14/3 2410/14/3 2413/14/3
f 2417/8/3 2416/8/3 2415/8/3
f 2418/8/3 2416/8/3 2417/8/3
f 2423/11/3 2420/11/3 2419/11/3
f 2424/11/3 2420/11/3 2423/11/3
f 2425/11/3 2422/11/3 2421/11/3
f 2426/11/3 2422/11/3 2425/11/3
f 2430/14/3 2428/14/3 2427/14/3
f 2431/15/3 2429/15/3 2428/15/3
f 2431/14/3 2428/14/3 2430/14/3
f 2432/14/3 2430/14/3 2427/14/3
f 2433/15/3 2431/15/3 2430/15/3
f 2433/14/3 2430/14/3 2432/14/3
f 2434/15/3 2431/15/3 2433/15/3
f 2435/15/3 2429/15/3 2431/15/3
f 2435/15/3 2431/15/3 2434/15/3
f 2436/15/3 2429/15/3 2435/15/3
f 2437/14/3 2434/14/3 2433/14/3
f 2438/15/3 2435/15/3 2434/15/3
f 2438/14/3 2434/14/3 2437/14/3
f 2439/15/3 2435/15/3 2438/15/3
f 2440/15/3 2435/15/3 2439/15/3
f 2441/14/3 2437/14/3 2433/14/3
f 2441/15/3 2438/15/3 2437/15/3
f 2441/15/3 2439/15/3 2438/15/3
f 2442/15/3 2439/15/3 2441/15/3
f 2444/14/3 2441/14/3 2433/14/3
f 2444/14/3 2442/14/3 2441/14/3
f 2445/14/3 2442/14/3 2444/14/3
f 2446/15/3 2439/15/3 2442/15/3
f 2446/14/3 2442/14/3 2445/14/3
f 2447/15/3 2439/15/3 2446/15/3
f 2448/15/3 2439/15/3 2447/15/3
f 2450/14/3 2445/14/3 2444/14/3
f 2450/14/3 2444/14/3 2443/14/3
f 2451/14/3 2445/14/3 2450/14/3
f 2452/15/3 2446/15/3 2445/15/3
f 2452/14/3 2445/14/3 2451/14/3
f 2453/14/3 2447/14/3 2446/14/3
f 2453/15/3 2446/15/3 2452/15/3
f 2454/14/3 2447/14/3 2453/14/3
f 2455/14/3 2451/14/3 2450/14/3
f 2455/14/3 2450/14/3 2449/14/3
f 2456/15/3 2452/15/3 2451/15/3
f 2456/14/3 2451/14/3 2455/14/3
f 2456/15/3 2453/15/3 2452/15/3
f 2457/15/3 2453/15/3 2456/15/3
f 2458/15/3 2456/15/3 2455/15/3
f 2458/14/3 2457/14/3 2456/14/3
f 2459/15/3 2453/15/3 2457/15/3
f 2459/14/3 2457/14/3 2458/14/3
f 2461/14/3 2455/14/3 2449/14/3
f 2462/15/3 2458/15/3 2455/15/3
f 2462/15/3 2459/15/3 2458/15/3
f 2462/14/3 2455/14/3 2461/14/3
f 2463/15/3 2453/15/3 2459/15/3
f 2463/15/3 2459/15/3 2462/15/3
f 2464/15/3 2453/15/3 2463/15/3
f 2466/14/3 2461/14/3 2460/14/3
f 2467/12/3 2466/12/3 2465/12/3
f 2468/12/3 2466/12/3 2467/12/3
f 2469/12/3 2467/12/3 2465/12/3
f 2470/12/3 2466/12/3 2468/12/3
f 2471/12/3 2469/12/3 2465/12/3
f 2472/8/3 2470/8/3 2469/8/3
f 2472/12/3 2469/12/3 2471/12/3
f 2473/12/3 2466/12/3 2470/12/3
f 2473/8/3 2470/8/3 2472/8/3
f 2474/14/3 2461/14/3 2466/14/3
f 2474/12/3 2466/12/3 2473/12/3
f 2475/15/3 2462/15/3 2461/15/3
f 2475/14/3 2461/14/3 2474/14/3
f 2476/15/3 2462/15/3 2475/15/3
f 2477/8/3 2474/8/3 2473/8/3
f 2478/8/3 2474/8/3 2477/8/3
f 2481/8/3 2480/8/3 2479/8/3
f 2482/8/3 2480/8/3 2481/8/3
f 2483/14/3 2482/14/3 2481/14/3
f 2484/14/3 2482/14/3 2483/14/3
f 2487/15/3 2486/15/3 2485/15/3
f 2488/15/3 2486/15/3 2487/15/3
f 2491/14/3 2490/14/3 2489/14/3
f 2494/15/3 2493/15/3 2492/15/3
f 2495/15/3 2493/15/3 2494/15/3
f 2496/14/3 2490/14/3 2491/14/3
f 2497/14/3 2490/14/3 2496/14/3
f 2498/14/3 2490/14/3 2497/14/3
f 2501/15/3 2500/15/3 2499/15/3
f 2502/15/3 2500/15/3 2501/15/3
f 2505/8/3 2504/8/3 2503/8/3
f 2506/8/3 2504/8/3 2505/8/3
f 2509/8/3 2508/8/3 2507/8/3
f 2510/8/3 2508/8/3 2509/8/3
f 2513/14/3 2512/14/3 2511/14/3
f 2514/14/3 2512/14/3 2513/14/3
f 2518/12/3 2516/12/3 2515/12/3
f 2519/8/3 2517/8/3 2516/8/3
f 2519/12/3 2516/12/3 2518/12/3
f 2520/8/3 2517/8/3 2519/8/3
f 2523/14/3 2522/14/3 2521/14/3
f 2524/14/3 2522/14/3 2523/14/3
f 2527/10/3 2526/10/3 2525/10/3
f 2528/10/3 2526/10/3 2527/10/3
f 2531/14/3 2530/14/3 2529/14/3
f 2534/14/3 2530/14/3 2531/14/3
f 2535/8/3 2533/8/3 2532/8/3
f 2536/8/3 2533/8/3 2535/8/3
f 2537/14/3 2530/14/3 2534/14/3
f 2538/14/3 2530/14/3 2537/14/3
f 2541/8/3 2540/8/3 2539/8/3
f 2542/8/3 2540/8/3 2541/8/3
f 2547/8/3 2544/8/3 2543/8/3
f 2548/8/3 2544/8/3 2547/8/3
f 2549/8/3 2546/8/3 2545/8/3
f 2550/8/3 2546/8/3 2549/8/3
f 2553/14/3 2552/14/3 2551/14/3
f 2554/14/3 2552/14/3 2553/14/3
f 2557/8/3 2556/8/3 2555/8/3
f 2558/8/3 2556/8/3 2557/8/3
f 2562/14/3 2560/14/3 2559/14/3
f 2563/15/3 2561/15/3 2560/15/3
f 2563/14/3 2560/14/3 2562/14/3
f 2564/15/3 2561/15/3 2563/15/3
f 2565/15/3 2561/15/3 2564/15/3
f 2566/15/3 2561/15/3 2565/15/3
f 2567/15/3 2565/15/3 2564/15/3
f 2568/15/3 2565/15/3 2567/15/3
f 2569/14/3 2566/14/3 2565/14/3
f 2569/15/3 2565/15/3 2568/15/3
f 2570/14/3 2566/14/3 2569/14/3
f 2571/14/3 2568/14/3 2567/14/3
f 2572/15/3 2569/15/3 2568/15/3
f 2572/14/3 2568/14/3 2571/14/3
f 2572/15/3 2570/15/3 2569/15/3
f 2575/15/3 2572/15/3 2571/15/3
f 2576/15/3 2570/15/3 2572/15/3
f 2576/15/3 2572/15/3 2575/15/3
f 2577/14/3 2576/14/3 2575/14/3
f 2578/15/3 2570/15/3 2576/15/3
f 2578/14/3 2576/14/3 2577/14/3
f 2579/14/3 2577/14/3 2575/14/3
f 2579/15/3 2578/15/3 2577/15/3
f 2580/15/3 2570/15/3 2578/15/3
f 2580/15/3 2578/15/3 2579/15/3
f 2581/14/3 2579/14/3 2575/14/3
f 2581/14/3 2580/14/3 2579/14/3
f 2582/15/3 2570/15/3 2580/15/3
f 2582/14/3 2580/14/3 2581/14/3
f 2583/15/3 2582/15/3 2581/15/3
f 2583/15/3 2570/15/3 2582/15/3
f 2585/15/3 2583/15/3 2581/15/3
f 2585/15/3 2584/15/3 2583/15/3
f 2586/15/3 2584/15/3 2585/15/3
f 2587/14/3 2574/14/3 2573/14/3
f 2588/14/3 2581/14/3 2575/14/3
f 2589/15/3 2585/15/3 2581/15/3
f 2589/16/3 2586/16/3 2585/16/3
f 2590/16/3 2586/16/3 2589/16/3
f 2591/15/3 2589/15/3 2581/15/3
f 2591/15/3 2590/15/3 2589/15/3
f 2592/15/3 2590/15/3 2591/15/3
f 2593/15/3 2590/15/3 2592/15/3
f 2594/14/3 2587/14/3 2573/14/3
f 2595/15/3 2588/15/3 2587/15/3
f 2595/14/3 2587/14/3 2594/14/3
f 2596/14/3 2581/14/3 2588/14/3
f 2596/15/3 2588/15/3 2595/15/3
f 2597/15/3 2591/15/3 2581/15/3
f 2597/14/3 2581/14/3 2596/14/3
f 2598/16/3 2592/16/3 2591/16/3
f 2598/15/3 2591/15/3 2597/15/3
f 2599/16/3 2592/16/3 2598/16/3
f 2600/15/3 2597/15/3 2596/15/3
f 2600/16/3 2598/16/3 2597/16/3
f 2601/16/3 2598/16/3 2600/16/3
f 2602/14/3 2596/14/3 2595/14/3
f 2602/15/3 2600/15/3 2596/15/3
f 2602/15/3 2601/15/3 2600/15/3
f 2603/15/3 2601/15/3 2602/15/3
f 2604/14/3 2602/14/3 2595/14/3
f 2604/14/3 2603/14/3 2602/14/3
f 2605/15/3 2601/15/3 2603/15/3
f 2605/14/3 2603/14/3 2604/14/3
f 2606/15/3 2601/15/3 2605/15/3
f 2607/15/3 2605/15/3 2604/15/3
f 2608/14/3 2606/14/3 2605/14/3
f 2608/15/3 2605/15/3 2607/15/3
f 2609/14/3 2608/14/3 2607/14/3
f 2610/14/3 2606/14/3 2608/14/3
f 2610/14/3 2608/14/3 2609/14/3
f 2611/15/3 2610/15/3 2609/15/3
f 2612/15/3 2610/15/3 2611/15/3
f 2613/14/3 2612/14/3 2611/14/3
f 2614/15/3 2610/15/3 2612/15/3
f 2614/14/3 2612/14/3 2613/14/3
f 2615/15/3 2610/15/3 2614/15/3
f 2619/15/3 2617/15/3 2616/15/3
f 2620/15/3 2617/15/3 2619/15/3
f 2621/14/3 2618/14/3 2617/14/3
f 2621/15/3 2617/15/3 2620/15/3
f 2622/14/3 2618/14/3 2621/14/3
f 2624/14/3 2620/14/3 2619/14/3
f 2625/15/3 2621/15/3 2620/15/3
f 2625/15/3 2622/15/3 2621/15/3
f 2625/14/3 2620/14/3 2624/14/3
f 2626/14/3 2624/14/3 2623/14/3
f 2626/15/3 2625/15/3 2624/15/3
f 2627/15/3 2622/15/3 2625/15/3
f 2627/15/3 2625/15/3 2626/15/3
f 2628/14/3 2626/14/3 2623/14/3
f 2628/14/3 2627/14/3 2626/14/3
f 2629/15/3 2622/15/3 2627/15/3
f 2629/14/3 2627/14/3 2628/14/3
f 2630/14/3 2628/14/3 2623/14/3
f 2631/15/3 2629/15/3 2628/15/3
f 2631/14/3 2628/14/3 2630/14/3
f 2632/15/3 2622/15/3 2629/15/3
f 2632/15/3 2629/15/3 2631/15/3
f 2636/15/3 2633/15/3 2632/15/3
f 2637/15/3 2633/15/3 2636/15/3
f 2639/14/3 2635/14/3 2634/14/3
f 2640/14/3 2635/14/3 2639/14/3
f 2641/15/3 2633/15/3 2637/15/3
f 2643/15/3 2641/15/3 2637/15/3
f 2643/15/3 2642/15/3 2641/15/3
f 2644/15/3 2642/15/3 2643/15/3
f 2645/15/3 2643/15/3 2637/15/3
f 2646/14/3 2644/14/3 2643/14/3
f 2646/15/3 2643/15/3 2645/15/3
f 2647/14/3 2644/14/3 2646/14/3
f 2648/14/3 2644/14/3 2647/14/3
f 2649/15/3 2648/15/3 2647/15/3
f 2650/15/3 2648/15/3 2649/15/3
f 2651/14/3 2650/14/3 2649/14/3
f 2652/14/3 2650/14/3 2651/14/3
f 2653/15/3 2652/15/3 2651/15/3
f 2655/15/3 2652/15/3 2653/15/3
f 2656/15/3 2652/15/3 2655/15/3
f 2657/15/3 2655/15/3 2654/15/3
f 2658/16/3 2656/16/3 2655/16/3
f 2658/15/3 2655/15/3 2657/15/3
f 2659/16/3 2656/16/3 2658/16/3
f 2660/14/3 2639/14/3 2638/14/3
f 2661/14/3 2639/14/3 2660/14/3
f 2664/16/3 2658/16/3 2657/16/3
f 2665/16/3 2658/16/3 2664/16/3
f 2666/15/3 2662/15/3 2661/15/3
f 2667/15/3 2662/15/3 2666/15/3
f 2668/15/3 2665/15/3 2664/15/3
f 2668/15/3 2664/15/3 2663/15/3
f 2669/15/3 2665/15/3 2668/15/3
f 2670/15/3 2668/15/3 2663/15/3
f 2671/14/3 2669/14/3 2668/14/3
f 2671/15/3 2668/15/3 2670/15/3
f 2672/14/3 2669/14/3 2671/14/3
f 2673/14/3 2671/14/3 2670/14/3
f 2674/14/3 2671/14/3 2673/14/3
f 2675/14/3 2671/14/3 2674/14/3
f 2676/15/3 2675/15/3 2674/15/3
f 2677/15/3 2675/15/3 2676/15/3
f 2680/14/3 2677/14/3 2676/14/3
f 2681/14/3 2677/14/3 2680/14/3
f 2682/14/3 2679/14/3 2678/14/3
f 2683/15/3 2680/15/3 2679/15/3
f 2683/14/3 2679/14/3 2682/14/3
f 2684/15/3 2680/15/3 2683/15/3
f 2685/16/3 2683/16/3 2682/16/3
f 2685/16/3 2684/16/3 2683/16/3
f 2686/16/3 2684/16/3 2685/16/3
f 2690/15/3 2688/15/3 2687/15/3
f 2691/16/3 2689/16/3 2688/16/3
f 2691/15/3 2688/15/3 2690/15/3
f 2693/14/3 2691/14/3 2690/14/3
f 2694/16/3 2689/16/3 2691/16/3
f 2694/14/3 2691/14/3 2693/14/3
f 2695/16/3 2689/16/3 2694/16/3
f 2696/16/3 2689/16/3 2695/16/3
f 2698/14/3 2693/14/3 2692/14/3
f 2699/16/3 2697/16/3 2696/16/3
f 2701/14/3 2698/14/3 2692/14/3
f 2702/14/3 2698/14/3 2701/14/3
f 2703/16/3 2697/16/3 2699/16/3
f 2704/16/3 2697/16/3 2703/16/3
f 2705/15/3 2704/15/3 2703/15/3
f 2707/15/3 2705/15/3 2703/15/3
f 2707/15/3 2706/15/3 2705/15/3
f 2708/15/3 2706/15/3 2707/15/3
f 2710/14/3 2701/14/3 2700/14/3
f 2711/14/3 2701/14/3 2710/14/3
f 2712/14/3 2710/14/3 2709/14/3
f 2713/14/3 2710/14/3 2712/14/3
f 2714/15/3 2706/15/3 2708/15/3
f 2715/15/3 2706/15/3 2714/15/3
f 2718/13/3 2717/13/3 2716/13/3
f 2720/13/3 2718/13/3 2716/13/3
f 2720/13/3 2719/13/3 2718/13/3
f 2721/13/3 2719/13/3 2720/13/3
f 2722/13/3 2719/13/3 2721/13/3
f 2723/13/3 2719/13/3 2722/13/3
f 2724/13/3 2722/13/3 2721/13/3
f 2725/13/3 2722/13/3 2724/13/3
f 2726/7/3 2723/7/3 2722/7/3
f 2726/13/3 2722/13/3 2725/13/3
f 2727/7/3 2723/7/3 2726/7/3
f 2729/13/3 2726/13/3 2725/13/3
f 2729/13/3 2727/13/3 2726/13/3
f 2730/13/3 2727/13/3 2729/13/3
f 2731/13/3 2727/13/3 2730/13/3
f 2734/15/3 2729/15/3 2728/15/3
f 2734/15/3 2730/15/3 2729/15/3
f 2735/15/3 2730/15/3 2734/15/3
f 2736/15/3 2730/15/3 2735/15/3
f 2737/14/3 2733/14/3 2732/14/3
f 2738/14/3 2733/14/3 2737/14/3
f 2740/15/3 2735/15/3 2734/15/3
f 2741/16/3 2736/16/3 2735/16/3
f 2741/15/3 2735/15/3 2740/15/3
f 2742/16/3 2736/16/3 2741/16/3
f 2744/15/3 2741/15/3 2740/15/3
f 2745/15/3 2741/15/3 2744/15/3
f 2746/15/3 2744/15/3 2743/15/3
f 2747/15/3 2744/15/3 2746/15/3
f 2748/14/3 2747/14/3 2746/14/3
f 2749/14/3 2747/14/3 2748/14/3
f 2750/14/3 2739/14/3 2738/14/3
f 2751/15/3 2749/15/3 2748/15/3
f 2752/15/3 2749/15/3 2751/15/3
f 2753/14/3 2750/14/3 2738/14/3
f 2754/14/3 2750/14/3 2753/14/3
f 2755/14/3 2752/14/3 2751/14/3
f 2756/14/3 2752/14/3 2755/14/3
f 2757/15/3 2754/15/3 2753/15/3
f 2758/15/3 2754/15/3 2757/15/3
f 2759/16/3 2756/16/3 2755/16/3
f 2760/14/3 2758/14/3 2757/14/3
f 2761/14/3 2758/14/3 2760/14/3
f 2763/16/3 2756/16/3 2759/16/3
f 2764/16/3 2756/16/3 2763/16/3
f 2765/16/3 2763/16/3 2762/16/3
f 2767/16/3 2763/16/3 2765/16/3
f 2768/16/3 2767/16/3 2766/16/3
f 2769/16/3 2763/16/3 2767/16/3
f 2769/16/3 2767/16/3 2768/16/3
f 2773/15/3 2771/15/3 2770/15/3
f 2774/16/3 2772/16/3 2771/16/3
f 2774/15/3 2771/15/3 2773/15/3
f 2775/16/3 2772/16/3 2774/16/3
f 2779/14/3 2778/14/3 2777/14/3
f 2780/16/3 2776/16/3 2775/16/3
f 2781/16/3 2776/16/3 2780/16/3
f 2782/14/3 2779/14/3 2777/14/3
f 2783/14/3 2779/14/3 2782/14/3
f 2784/15/3 2781/15/3 2780/15/3
f 2785/15/3 2781/15/3 2784/15/3
f 2789/14/3 2788/14/3 2787/14/3
f 2790/14/3 2788/14/3 2789/14/3
f 2791/15/3 2786/15/3 2785/15/3
f 2794/15/3 2786/15/3 2791/15/3
f 2795/15/3 2786/15/3 2794/15/3
f 2796/14/3 2793/14/3 2792/14/3
f 2797/14/3 2793/14/3 2796/14/3
f 2800/15/3 2799/15/3 2798/15/3
f 2801/15/3 2799/15/3 2800/15/3
f 2802/14/3 2801/14/3 2800/14/3
f 2803/14/3 2801/14/3 2802/14/3
f 2804/13/3 2803/13/3 2802/13/3
f 2805/13/3 2803/13/3 2804/13/3
f 2807/13/3 2806/13/3 2805/13/3
f 2808/13/3 2806/13/3 2807/13/3
f 2810/13/3 2809/13/3 2808/13/3
f 2811/13/3 2809/13/3 2810/13/3
f 2812/7/3 2811/7/3 2810/7/3
f 2813/7/3 2811/7/3 2812/7/3
f 2816/13/3 2815/13/3 2814/13/3
f 2817/13/3 2815/13/3 2816/13/3
f 2823/15/3 2821/15/3 2820/15/3
f 2824/15/3 2821/15/3 2823/15/3
f 2825/15/3 2823/15/3 2822/15/3
f 2826/15/3 2823/15/3 2825/15/3
f 2827/14/3 2826/14/3 2825/14/3
f 2828/14/3 2826/14/3 2827/14/3
f 2829/15/3 2828/15/3 2827/15/3
f 2830/15/3 2828/15/3 2829/15/3
f 2831/14/3 2819/14/3 2818/14/3
f 2832/14/3 2819/14/3 2831/14/3
f 2833/14/3 2830/14/3 2829/14/3
f 2834/14/3 2830/14/3 2833/14/3
f 2835/15/3 2832/15/3 2831/15/3
f 2836/15/3 2832/15/3 2835/15/3
f 2837/15/3 2834/15/3 2833/15/3
f 2838/15/3 2834/15/3 2837/15/3
f 2839/14/3 2836/14/3 2835/14/3
f 2840/14/3 2836/14/3 2839/14/3
f 2841/15/3 2840/15/3 2839/15/3
f 2842/15/3 2840/15/3 2841/15/3
f 2843/14/3 2842/14/3 2841/14/3
f 2844/14/3 2842/14/3 2843/14/3
f 2847/16/3 2838/16/3 2837/16/3
f 2848/16/3 2838/16/3 2847/16/3
f 2849/14/3 2845/14/3 2844/14/3
f 2850/14/3 2845/14/3 2849/14/3
f 2851/16/3 2850/16/3 2849/16/3
f 2852/16/3 2850/16/3 2851/16/3
f 2854/16/3 2853/16/3 2852/16/3
f 2855/16/3 2853/16/3 2854/16/3
f 2856/16/3 2847/16/3 2846/16/3
f 2857/16/3 2847/16/3 2856/16/3
f 2858/16/3 2856/16/3 2855/16/3
f 2859/16/3 2856/16/3 2858/16/3
f 2863/15/3 2861/15/3 2860/15/3
f 2864/16/3 2862/16/3 2861/16/3
f 2864/15/3 2861/15/3 2863/15/3
f 2865/16/3 2862/16/3 2864/16/3
f 2868/15/3 2867/15/3 2866/15/3
f 2869/15/3 2867/15/3 2868/15/3
f 2872/14/3 2871/14/3 2870/14/3
f 2873/14/3 2871/14/3 2872/14/3
f 2876/15/3 2875/15/3 2874/15/3
f 2877/15/3 2875/15/3 2876/15/3
f 2882/13/3 2881/13/3 2880/13/3
f 2883/13/3 2881/13/3 2882/13/3
f 2885/13/3 2884/13/3 2883/13/3
f 2886/13/3 2884/13/3 2885/13/3
f 2887/14/3 2879/14/3 2878/14/3
f 2888/14/3 2879/14/3 2887/14/3
f 2891/7/3 2890/7/3 2889/7/3
f 2892/7/3 2890/7/3 2891/7/3
f 2894/13/3 2892/13/3 2891/13/3
f 2895/13/3 2892/13/3 2894/13/3
f 2896/13/3 2894/13/3 2893/13/3
f 2898/13/3 2894/13/3 2896/13/3
f 2899/13/3 2898/13/3 2897/13/3
f 2900/13/3 2894/13/3 2898/13/3
f 2900/13/3 2898/13/3 2899/13/3
f 2901/13/3 2894/13/3 2900/13/3
f 2902/13/3 2900/13/3 2899/13/3
f 2903/13/3 2900/13/3 2902/13/3
f 2906/15/3 2905/15/3 2904/15/3
f 2907/15/3 2905/15/3 2906/15/3
f 2909/15/3 2908/15/3 2907/15/3
f 2910/15/3 2908/15/3 2909/15/3
f 2913/15/3 2911/15/3 2910/15/3
f 2914/16/3 2912/16/3 2911/16/3
f 2914/15/3 2911/15/3 2913/15/3
f 2915/16/3 2912/16/3 2914/16/3
f 2918/14/3 2917/14/3 2916/14/3
f 2919/14/3 2917/14/3 2918/14/3
f 2922/14/3 2921/14/3 2920/14/3
f 2923/14/3 2921/14/3 2922/14/3
f 2926/15/3 2925/15/3 2924/15/3
f 2927/15/3 2925/15/3 2926/15/3
f 2930/14/3 2929/14/3 2928/14/3
f 2931/14/3 2929/14/3 2930/14/3
f 2934/16/3 2933/16/3 2932/16/3
f 2935/16/3 2933/16/3 2934/16/3
f 2939/15/3 2938/15/3 2937/15/3
f 2940/15/3 2938/15/3 2939/15/3
f 2941/14/3 2937/14/3 2936/14/3
f 2941/15/3 2939/15/3 2937/15/3
f 2942/15/3 2939/15/3 2941/15/3
f 2943/14/3 2940/14/3 2939/14/3
f 2943/15/3 2939/15/3 2942/15/3
f 2944/14/3 2940/14/3 2943/14/3
f 2945/14/3 2942/14/3 2941/14/3
f 2945/14/3 2941/14/3 2936/14/3
f 2946/15/3 2944/15/3 2943/15/3
f 2946/14/3 2942/14/3 2945/14/3
f 2946/15/3 2943/15/3 2942/15/3
f 2948/14/3 2945/14/3 2936/14/3
f 2949/15/3 2946/15/3 2945/15/3
f 2949/14/3 2945/14/3 2948/14/3
f 2950/15/3 2944/15/3 2946/15/3
f 2950/15/3 2946/15/3 2949/15/3
f 2951/14/3 2949/14/3 2948/14/3
f 2951/14/3 2948/14/3 2947/14/3
f 2951/14/3 2950/14/3 2949/14/3
f 2952/14/3 2950/14/3 2951/14/3
f 2953/14/3 2950/14/3 2952/14/3
f 2954/15/3 2944/15/3 2950/15/3
f 2954/14/3 2950/14/3 2953/14/3
f 2955/14/3 2953/14/3 2952/14/3
f 2955/15/3 2954/15/3 2953/15/3
f 2956/15/3 2944/15/3 2954/15/3
f 2956/15/3 2954/15/3 2955/15/3
f 2957/14/3 2955/14/3 2952/14/3
f 2957/14/3 2956/14/3 2955/14/3
f 2958/15/3 2944/15/3 2956/15/3
f 2958/14/3 2956/14/3 2957/14/3
f 2959/14/3 2951/14/3 2947/14/3
f 2959/15/3 2952/15/3 2951/15/3
f 2960/14/3 2957/14/3 2952/14/3
f 2960/15/3 2952/15/3 2959/15/3
f 2961/14/3 2959/14/3 2947/14/3
f 2962/14/3 2957/14/3 2960/14/3
f 2963/15/3 2944/15/3 2958/15/3
f 2963/15/3 2958/15/3 2957/15/3
f 2965/15/3 2963/15/3 2957/15/3
f 2965/15/3 2964/15/3 2963/15/3
f 2966/15/3 2964/15/3 2965/15/3
f 2967/15/3 2965/15/3 2957/15/3
f 2967/16/3 2966/16/3 2965/16/3
f 2968/16/3 2966/16/3 2967/16/3
f 2969/15/3 2967/15/3 2957/15/3
f 2969/15/3 2968/15/3 2967/15/3
f 2970/15/3 2968/15/3 2969/15/3
f 2971/15/3 2968/15/3 2970/15/3
f 2972/14/3 2961/14/3 2947/14/3
f 2973/14/3 2961/14/3 2972/14/3
f 2974/14/3 2957/14/3 2962/14/3
f 2975/15/3 2969/15/3 2957/15/3
f 2975/14/3 2957/14/3 2974/14/3
f 2976/16/3 2970/16/3 2969/16/3
f 2976/15/3 2969/15/3 2975/15/3
f 2977/16/3 2970/16/3 2976/16/3
f 2978/15/3 2975/15/3 2974/15/3
f 2978/16/3 2976/16/3 2975/16/3
f 2979/16/3 2976/16/3 2978/16/3
f 2980/15/3 2978/15/3 2974/15/3
f 2980/15/3 2979/15/3 2978/15/3
f 2981/15/3 2979/15/3 2980/15/3
f 2983/14/3 2981/14/3 2980/14/3
f 2984/15/3 2979/15/3 2981/15/3
f 2984/14/3 2981/14/3 2983/14/3
f 2985/15/3 2979/15/3 2984/15/3
f 2986/15/3 2983/15/3 2982/15/3
f 2986/15/3 2984/15/3 2983/15/3
f 2987/14/3 2985/14/3 2984/14/3
f 2987/15/3 2984/15/3 2986/15/3
f 2988/14/3 2987/14/3 2986/14/3
f 2989/14/3 2985/14/3 2987/14/3
f 2989/14/3 2987/14/3 2988/14/3
f 2992/8/3 2991/8/3 2990/8/3
f 2993/8/3 2991/8/3 2992/8/3
f 2994/8/3 2991/8/3 2993/8/3
f 2995/8/3 2991/8/3 2994/8/3
f 2997/8/3 2994/8/3 2993/8/3
f 2998/8/3 2994/8/3 2997/8/3
f 2999/8/3 2991/8/3 2995/8/3
f 3000/8/3 2998/8/3 2997/8/3
f 3000/8/3 2999/8/3 2998/8/3
f 3000/8/3 2997/8/3 2996/8/3
f 3001/8/3 2991/8/3 2999/8/3
f 3001/8/3 2999/8/3 3000/8/3
f 3005/14/3 3003/14/3 3002/14/3
f 3005/15/3 3004/15/3 3003/15/3
f 3006/15/3 3004/15/3 3005/15/3
f 3007/14/3 3005/14/3 3002/14/3
f 3007/14/3 3006/14/3 3005/14/3
f 3008/15/3 3004/15/3 3006/15/3
f 3008/14/3 3006/14/3 3007/14/3
f 3009/14/3 3007/14/3 3002/14/3
f 3010/15/3 3008/15/3 3007/15/3
f 3010/14/3 3007/14/3 3009/14/3
f 3011/15/3 3004/15/3 3008/15/3
f 3011/15/3 3008/15/3 3010/15/3
f 3015/15/3 3012/15/3 3011/15/3
f 3016/15/3 3012/15/3 3015/15/3
f 3018/14/3 3014/14/3 3013/14/3
f 3019/14/3 3014/14/3 3018/14/3
f 3020/15/3 3012/15/3 3016/15/3
f 3022/15/3 3020/15/3 3016/15/3
f 3022/15/3 3021/15/3 3020/15/3
f 3023/15/3 3021/15/3 3022/15/3
f 3024/15/3 3022/15/3 3016/15/3
f 3025/14/3 3023/14/3 3022/14/3
f 3025/15/3 3022/15/3 3024/15/3
f 3026/14/3 3023/14/3 3025/14/3
f 3027/14/3 3023/14/3 3026/14/3
f 3029/14/3 3018/14/3 3017/14/3
f 3030/15/3 3027/15/3 3026/15/3
f 3031/15/3 3027/15/3 3030/15/3
f 3032/12/3 3029/12/3 3028/12/3
f 3033/14/3 3018/14/3 3029/14/3
f 3033/12/3 3029/12/3 3032/12/3
f 3034/14/3 3031/14/3 3030/14/3
f 3035/14/3 3031/14/3 3034/14/3
f 3036/15/3 3035/15/3 3034/15/3
f 3038/15/3 3035/15/3 3036/15/3
f 3039/15/3 3035/15/3 3038/15/3
f 3040/15/3 3038/15/3 3037/15/3
f 3041/16/3 3039/16/3 3038/16/3
f 3041/15/3 3038/15/3 3040/15/3
f 3042/16/3 3039/16/3 3041/16/3
f 3043/14/3 3018/14/3 3033/14/3
f 3044/14/3 3018/14/3 3043/14/3
f 3047/16/3 3041/16/3 3040/16/3
f 3048/16/3 3041/16/3 3047/16/3
f 3049/15/3 3045/15/3 3044/15/3
f 3050/15/3 3045/15/3 3049/15/3
f 3051/15/3 3048/15/3 3047/15/3
f 3051/15/3 3047/15/3 3046/15/3
f 3052/15/3 3048/15/3 3051/15/3
f 3053/15/3 3051/15/3 3046/15/3
f 3054/14/3 3052/14/3 3051/14/3
f 3054/15/3 3051/15/3 3053/15/3
f 3055/14/3 3052/14/3 3054/14/3
f 3056/14/3 3054/14/3 3053/14/3
f 3057/14/3 3054/14/3 3056/14/3
f 3058/10/3 3057/10/3 3056/10/3
f 3059/10/3 3057/10/3 3058/10/3
f 3060/10/3 3057/10/3 3059/10/3
f 3062/14/3 3060/14/3 3059/14/3
f 3063/14/3 3060/14/3 3062/14/3
f 3065/9/3 3062/9/3 3061/9/3
f 3066/9/3 3062/9/3 3065/9/3
f 3069/8/3 3065/8/3 3064/8/3
f 3070/8/3 3065/8/3 3069/8/3
f 3075/8/3 3071/8/3 3070/8/3
f 3076/8/3 3071/8/3 3075/8/3
f 3077/8/3 3073/8/3 3072/8/3
f 3078/8/3 3073/8/3 3077/8/3
f 3079/8/3 3075/8/3 3074/8/3
f 3080/8/3 3075/8/3 3079/8/3
f 3081/8/3 3068/8/3 3067/8/3
f 3082/8/3 3068/8/3 3081/8/3
f 3087/15/3 3084/15/3 3083/15/3
f 3088/14/3 3086/14/3 3085/14/3
f 3088/15/3 3087/15/3 3086/15/3
f 3089/15/3 3084/15/3 3087/15/3
f 3089/15/3 3087/15/3 3088/15/3
f 3090/14/3 3088/14/3 3085/14/3
f 3090/14/3 3089/14/3 3088/14/3
f 3091/15/3 3084/15/3 3089/15/3
f 3091/14/3 3089/14/3 3090/14/3
f 3092/15/3 3091/15/3 3090/15/3
f 3092/15/3 3084/15/3 3091/15/3
f 3093/15/3 3084/15/3 3092/15/3
f 3094/14/3 3090/14/3 3085/14/3
f 3094/15/3 3092/15/3 3090/15/3
f 3095/14/3 3093/14/3 3092/14/3
f 3095/15/3 3092/15/3 3094/15/3
f 3096/15/3 3084/15/3 3093/15/3
f 3096/14/3 3093/14/3 3095/14/3
f 3097/14/3 3095/14/3 3094/14/3
f 3097/14/3 3094/14/3 3085/14/3
f 3098/15/3 3096/15/3 3095/15/3
f 3098/14/3 3095/14/3 3097/14/3
f 3100/14/3 3097/14/3 3085/14/3
f 3101/15/3 3098/15/3 3097/15/3
f 3101/14/3 3097/14/3 3100/14/3
f 3102/15/3 3084/15/3 3096/15/3
f 3102/15/3 3098/15/3 3101/15/3
f 3102/15/3 3096/15/3 3098/15/3
f 3104/15/3 3103/15/3 3102/15/3
f 3106/15/3 3104/15/3 3102/15/3
f 3106/15/3 3105/15/3 3104/15/3
f 3107/15/3 3105/15/3 3106/15/3
f 3109/14/3 3100/14/3 3099/14/3
f 3110/14/3 3100/14/3 3109/14/3
f 3111/14/3 3109/14/3 3108/14/3
f 3112/14/3 3109/14/3 3111/14/3
f 3113/15/3 3105/15/3 3107/15/3
f 3114/15/3 3105/15/3 3113/15/3
f 3119/15/3 3116/15/3 3115/15/3
f 3120/8/3 3118/8/3 3117/8/3
f 3121/8/3 3118/8/3 3120/8/3
f 3122/15/3 3116/15/3 3119/15/3
f 3125/15/3 3116/15/3 3122/15/3
f 3126/8/3 3124/8/3 3123/8/3
f 3127/8/3 3124/8/3 3126/8/3
f 3128/15/3 3116/15/3 3125/15/3
f 3129/15/3 3116/15/3 3128/15/3
f 3130/16/3 3129/16/3 3128/16/3
f 3132/16/3 3129/16/3 3130/16/3
f 3133/16/3 3129/16/3 3132/16/3
f 3136/15/3 3132/15/3 3131/15/3
f 3136/15/3 3133/15/3 3132/15/3
f 3137/15/3 3133/15/3 3136/15/3
f 3138/15/3 3133/15/3 3137/15/3
f 3139/14/3 3135/14/3 3134/14/3
f 3140/14/3 3135/14/3 3139/14/3
f 3142/15/3 3137/15/3 3136/15/3
f 3143/16/3 3138/16/3 3137/16/3
f 3143/15/3 3137/15/3 3142/15/3
f 3144/16/3 3138/16/3 3143/16/3
f 3146/15/3 3143/15/3 3142/15/3
f 3147/15/3 3143/15/3 3146/15/3
f 3148/14/3 3141/14/3 3140/14/3
f 3149/15/3 3146/15/3 3145/15/3
f 3150/15/3 3146/15/3 3149/15/3
f 3151/14/3 3150/14/3 3149/14/3
f 3152/14/3 3150/14/3 3151/14/3
f 3153/14/3 3148/14/3 3140/14/3
f 3154/14/3 3148/14/3 3153/14/3
f 3155/15/3 3152/15/3 3151/15/3
f 3156/15/3 3152/15/3 3155/15/3
f 3157/10/3 3154/10/3 3153/10/3
f 3158/10/3 3154/10/3 3157/10/3
f 3159/10/3 3156/10/3 3155/10/3
f 3160/10/3 3156/10/3 3159/10/3
f 3161/14/3 3158/14/3 3157/14/3
f 3162/14/3 3158/14/3 3161/14/3
f 3164/14/3 3160/14/3 3159/14/3
f 3165/14/3 3160/14/3 3164/14/3
f 3167/9/3 3162/9/3 3161/9/3
f 3168/9/3 3162/9/3 3167/9/3
f 3169/9/3 3164/9/3 3163/9/3
f 3169/9/3 3165/9/3 3164/9/3
f 3170/9/3 3165/9/3 3169/9/3
f 3172/8/3 3167/8/3 3166/8/3
f 3173/8/3 3167/8/3 3172/8/3
f 3176/8/3 3174/8/3 3173/8/3
f 3177/8/3 3174/8/3 3176/8/3
f 3179/8/3 3176/8/3 3175/8/3
f 3180/8/3 3176/8/3 3179/8/3
f 3181/8/3 3178/8/3 3177/8/3
f 3182/8/3 3178/8/3 3181/8/3
f 3183/8/3 3171/8/3 3170/8/3
f 3184/8/3 3171/8/3 3183/8/3
f 3185/11/3 3182/11/3 3181/11/3
f 3186/11/3 3182/11/3 3185/11/3
f 3187/11/3 3182/11/3 3186/11/3
f 3188/11/3 3182/11/3 3187/11/3
f 3189/11/3 3187/11/3 3186/11/3
f 3190/11/3 3187/11/3 3189/11/3
f 3194/15/3 3192/15/3 3191/15/3
f 3195/16/3 3193/16/3 3192/16/3
f 3195/15/3 3192/15/3 3194/15/3
f 3196/15/3 3194/15/3 3191/15/3
f 3196/14/3 3195/14/3 3194/14/3
f 3197/16/3 3193/16/3 3195/16/3
f 3197/14/3 3195/14/3 3196/14/3
f 3198/15/3 3196/15/3 3191/15/3
f 3198/15/3 3197/15/3 3196/15/3
f 3199/16/3 3193/16/3 3197/16/3
f 3199/15/3 3197/15/3 3198/15/3
f 3202/8/3 3201/8/3 3200/8/3
f 3203/8/3 3201/8/3 3202/8/3
f 3204/16/3 3193/16/3 3199/16/3
f 3205/16/3 3193/16/3 3204/16/3
f 3208/8/3 3207/8/3 3206/8/3
f 3209/8/3 3207/8/3 3208/8/3
f 3210/15/3 3205/15/3 3204/15/3
f 3211/15/3 3205/15/3 3210/15/3
f 3215/15/3 3212/15/3 3211/15/3
f 3216/15/3 3212/15/3 3215/15/3
f 3217/14/3 3214/14/3 3213/14/3
f 3218/14/3 3214/14/3 3217/14/3
f 3221/15/3 3220/15/3 3219/15/3
f 3222/15/3 3220/15/3 3221/15/3
f 3223/14/3 3222/14/3 3221/14/3
f 3224/14/3 3222/14/3 3223/14/3
f 3225/14/3 3222/14/3 3224/14/3
f 3228/15/3 3227/15/3 3226/15/3
f 3229/15/3 3227/15/3 3228/15/3
f 3230/15/3 3227/15/3 3229/15/3
f 3236/15/3 3234/15/3 3233/15/3
f 3237/15/3 3234/15/3 3236/15/3
f 3238/14/3 3232/14/3 3231/14/3
f 3239/14/3 3232/14/3 3238/14/3
f 3240/15/3 3236/15/3 3235/15/3
f 3241/15/3 3236/15/3 3240/15/3
f 3242/10/3 3241/10/3 3240/10/3
f 3243/10/3 3239/10/3 3238/10/3
f 3244/10/3 3241/10/3 3242/10/3
f 3245/10/3 3243/10/3 3238/10/3
f 3246/10/3 3243/10/3 3245/10/3
f 3247/10/3 3241/10/3 3244/10/3
f 3248/10/3 3241/10/3 3247/10/3
f 3249/14/3 3246/14/3 3245/14/3
f 3250/14/3 3246/14/3 3249/14/3
f 3251/14/3 3248/14/3 3247/14/3
f 3252/14/3 3248/14/3 3251/14/3
f 3255/8/3 3254/8/3 3253/8/3
f 3256/8/3 3254/8/3 3255/8/3
f 3261/11/3 3258/11/3 3257/11/3
f 3262/11/3 3258/11/3 3261/11/3
f 3263/11/3 3260/11/3 3259/11/3
f 3264/11/3 3260/11/3 3263/11/3
f 3268/14/3 3266/14/3 3265/14/3
f 3269/15/3 3267/15/3 3266/15/3
f 3269/14/3 3266/14/3 3268/14/3
f 3270/14/3 3268/14/3 3265/14/3
f 3271/15/3 3269/15/3 3268/15/3
f 3271/14/3 3268/14/3 3270/14/3
f 3272/15/3 3269/15/3 3271/15/3
f 3273/15/3 3267/15/3 3269/15/3
f 3273/15/3 3269/15/3 3272/15/3
f 3274/15/3 3267/15/3 3273/15/3
f 3275/14/3 3272/14/3 3271/14/3
f 3276/15/3 3273/15/3 3272/15/3
f 3276/14/3 3272/14/3 3275/14/3
f 3277/15/3 3273/15/3 3276/15/3
f 3278/15/3 3273/15/3 3277/15/3
f 3279/14/3 3275/14/3 3271/14/3
f 3279/15/3 3276/15/3 3275/15/3
f 3279/15/3 3277/15/3 3276/15/3
f 3280/15/3 3277/15/3 3279/15/3
f 3282/14/3 3279/14/3 3271/14/3
f 3282/14/3 3280/14/3 3279/14/3
f 3283/14/3 3280/14/3 3282/14/3
f 3284/15/3 3277/15/3 3280/15/3
f 3284/14/3 3280/14/3 3283/14/3
f 3285/15/3 3277/15/3 3284/15/3
f 3286/15/3 3277/15/3 3285/15/3
f 3288/14/3 3283/14/3 3282/14/3
f 3288/14/3 3282/14/3 3281/14/3
f 3289/14/3 3283/14/3 3288/14/3
f 3290/15/3 3284/15/3 3283/15/3
f 3290/14/3 3283/14/3 3289/14/3
f 3291/14/3 3285/14/3 3284/14/3
f 3291/15/3 3284/15/3 3290/15/3
f 3292/14/3 3285/14/3 3291/14/3
f 3293/14/3 3289/14/3 3288/14/3
f 3293/14/3 3288/14/3 3287/14/3
f 3294/15/3 3290/15/3 3289/15/3
f 3294/14/3 3289/14/3 3293/14/3
f 3294/15/3 3291/15/3 3290/15/3
f 3295/15/3 3291/15/3 3294/15/3
f 3296/15/3 3294/15/3 3293/15/3
f 3296/14/3 3295/14/3 3294/14/3
f 3297/15/3 3291/15/3 3295/15/3
f 3297/14/3 3295/14/3 3296/14/3
f 3299/14/3 3293/14/3 3287/14/3
f 3300/15/3 3296/15/3 3293/15/3
f 3300/15/3 3297/15/3 3296/15/3
f 3300/14/3 3293/14/3 3299/14/3
f 3301/15/3 3291/15/3 3297/15/3
f 3301/15/3 3297/15/3 3300/15/3
f 3302/15/3 3291/15/3 3301/15/3
f 3304/14/3 3299/14/3 3298/14/3
f 3305/12/3 3304/12/3 3303/12/3
f 3306/12/3 3304/12/3 3305/12/3
f 3307/12/3 3305/12/3 3303/12/3
f 3308/12/3 3304/12/3 3306/12/3
f 3309/12/3 3307/12/3 3303/12/3
f 3310/8/3 3308/8/3 3307/8/3
f 3310/12/3 3307/12/3 3309/12/3
f 3311/12/3 3304/12/3 3308/12/3
f 3311/8/3 3308/8/3 3310/8/3
f 3312/14/3 3299/14/3 3304/14/3
f 3312/12/3 3304/12/3 3311/12/3
f 3313/15/3 3300/15/3 3299/15/3
f 3313/14/3 3299/14/3 3312/14/3
f 3314/15/3 3300/15/3 3313/15/3
f 3315/8/3 3312/8/3 3311/8/3
f 3316/8/3 3312/8/3 3315/8/3
f 3319/8/3 3318/8/3 3317/8/3
f 3320/8/3 3318/8/3 3319/8/3
f 3321/14/3 3320/14/3 3319/14/3
f 3322/14/3 3320/14/3 3321/14/3
f 3325/15/3 3324/15/3 3323/15/3
f 3326/15/3 3324/15/3 3325/15/3
f 3332/14/3 3328/14/3 3327/14/3
f 3333/15/3 3330/15/3 3329/15/3
f 3334/15/3 3330/15/3 3333/15/3
f 3335/8/3 3332/8/3 3331/8/3
f 3336/8/3 3332/8/3 3335/8/3
f 3337/14/3 3328/14/3 3332/14/3
f 3337/8/3 3332/8/3 3336/8/3
f 3338/14/3 3328/14/3 3337/14/3
f 3339/14/3 3328/14/3 3338/14/3
f 3340/14/3 3328/14/3 3339/14/3
f 3343/15/3 3342/15/3 3341/15/3
f 3344/15/3 3342/15/3 3343/15/3
f 3347/8/3 3346/8/3 3345/8/3
f 3348/8/3 3346/8/3 3347/8/3
f 3351/8/3 3350/8/3 3349/8/3
f 3352/8/3 3350/8/3 3351/8/3
f 3355/14/3 3354/14/3 3353/14/3
f 3356/14/3 3354/14/3 3355/14/3
f 3359/8/3 3358/8/3 3357/8/3
f 3360/8/3 3358/8/3 3359/8/3
f 3361/8/3 3359/8/3 3357/8/3
f 3362/8/3 3359/8/3 3361/8/3
f 3365/8/3 3364/8/3 3363/8/3
f 3367/8/3 3365/8/3 3363/8/3
f 3367/8/3 3366/8/3 3365/8/3
f 3368/8/3 3366/8/3 3367/8/3
f 3371/14/3 3370/14/3 3369/14/3
f 3372/14/3 3370/14/3 3371/14/3
f 3375/10/3 3374/10/3 3373/10/3
f 3376/10/3 3374/10/3 3375/10/3
f 3379/14/3 3378/14/3 3377/14/3
f 3380/14/3 3378/14/3 3379/14/3
f 3381/14/3 3378/14/3 3380/14/3
f 3382/14/3 3378/14/3 3381/14/3
f 3385/8/3 3384/8/3 3383/8/3
f 3386/8/3 3384/8/3 3385/8/3
f 3391/8/3 3388/8/3 3387/8/3
f 3392/8/3 3388/8/3 3391/8/3
f 3393/8/3 3390/8/3 3389/8/3
f 3394/8/3 3390/8/3 3393/8/3
f 3397/14/3 3396/14/3 3395/14/3
f 3398/14/3 3396/14/3 3397/14/3
f 3401/8/3 3400/8/3 3399/8/3
f 3402/8/3 3400/8/3 3401/8/3
f 3405/15/3 3404/15/3 3403/15/3
f 3406/15/3 3404/15/3 3405/15/3
f 3409/8/3 3408/8/3 3407/8/3
f 3410/8/3 3408/8/3 3409/8/3
f 3413/8/3 3412/8/3 3411/8/3
f 3414/8/3 3412/8/3 3413/8/3
f 3415/8/3 3413/8/3 3411/8/3
f 3417/8/3 3415/8/3 3411/8/3
f 3417/8/3 3416/8/3 3415/8/3
f 3418/8/3 3416/8/3 3417/8/3
f 3422/12/3 3420/12/3 3419/12/3
f 3423/8/3 3421/8/3 3420/8/3
f 3423/12/3 3420/12/3 3422/12/3
f 3424/8/3 3421/8/3 3423/8/3
f 3427/8/3 3426/8/3 3425/8/3
f 3428/8/3 3426/8/3 3427/8/3
f 3429/15/4 3430/15/4 3431/15/4
f 3431/15/4 3430/15/4 3432/15/4
f 3433/14/4 3434/14/4 3435/14/4
f 3435/14/4 3434/14/4 3436/14/4
f 3437/8/4 3438/8/4 3439/8/4
f 3439/8/4 3438/8/4 3440/8/4
f 3441/8/4 3442/8/4 3445/8/4
f 3445/8/4 3442/8/4 3446/8/4
f 3443/8/4 3444/8/4 3447/8/4
f 3447/8/4 3444/8/4 3448/8/4
f 3449/14/4 3450/14/4 3451/14/4
f 3451/14/4 3450/14/4 3452/14/4
f 3452/14/4 3450/14/4 3453/14/4
f 3453/14/4 3450/14/4 3454/14/4
f 3455/8/4 3456/8/4 3457/8/4
f 3457/8/4 3456/8/4 3458/8/4
f 3459/14/4 3460/14/4 3461/14/4
f 3461/14/4 3460/14/4 3462/14/4
f 3463/8/4 3464/8/4 3465/8/4
f 3465/8/4 3464/8/4 3466/8/4
f 3463/8/4 3465/8/4 3467/8/4
f 3467/8/4 3465/8/4 3468/8/4
f 3469/8/4 3470/8/4 3471/8/4
f 3469/8/4 3471/8/4 3473/8/4
f 3471/8/4 3472/8/4 3473/8/4
f 3473/8/4 3472/8/4 3474/8/4
f 3475/14/4 3476/14/4 3477/14/4
f 3477/14/4 3476/14/4 3478/14/4
f 3479/10/4 3480/10/4 3481/10/4
f 3481/10/4 3480/10/4 3482/10/4
f 3483/14/4 3484/14/4 3486/14/4
f 3484/15/4 3485/15/4 3487/15/4
f 3486/14/4 3484/14/4 3487/14/4
f 3483/14/4 3486/14/4 3488/14/4
f 3486/15/4 3487/15/4 3489/15/4
f 3488/14/4 3486/14/4 3489/14/4
f 3489/15/4 3487/15/4 3490/15/4
f 3487/15/4 3485/15/4 3491/15/4
f 3490/15/4 3487/15/4 3491/15/4
f 3491/15/4 3485/15/4 3492/15/4
f 3489/14/4 3490/14/4 3493/14/4
f 3490/15/4 3491/15/4 3494/15/4
f 3493/14/4 3490/14/4 3494/14/4
f 3494/15/4 3491/15/4 3495/15/4
f 3495/15/4 3491/15/4 3496/15/4
f 3489/14/4 3493/14/4 3497/14/4
f 3493/15/4 3494/15/4 3497/15/4
f 3494/15/4 3495/15/4 3497/15/4
f 3497/15/4 3495/15/4 3498/15/4
f 3489/14/4 3497/14/4 3499/14/4
f 3497/14/4 3498/14/4 3499/14/4
f 3498/15/4 3495/15/4 3500/15/4
f 3499/14/4 3498/14/4 3500/14/4
f 3500/15/4 3495/15/4 3501/15/4
f 3501/15/4 3495/15/4 3502/15/4
f 3489/14/4 3499/14/4 3503/14/4
f 3503/14/4 3499/14/4 3504/14/4
f 3500/14/4 3501/14/4 3505/14/4
f 3505/14/4 3501/14/4 3506/14/4
f 3507/12/4 3508/12/4 3509/12/4
f 3509/12/4 3508/12/4 3510/12/4
f 3507/12/4 3509/12/4 3511/12/4
f 3511/12/4 3509/12/4 3512/12/4
f 3510/12/4 3508/12/4 3513/12/4
f 3513/12/4 3508/12/4 3514/12/4
f 3515/14/4 3516/14/4 3520/14/4
f 3520/14/4 3516/14/4 3521/14/4
f 3517/15/4 3518/15/4 3522/15/4
f 3522/15/4 3518/15/4 3523/15/4
f 3520/14/4 3521/14/4 3524/14/4
f 3519/14/4 3520/14/4 3524/14/4
f 3521/15/4 3522/15/4 3525/15/4
f 3524/14/4 3521/14/4 3525/14/4
f 3522/16/4 3523/16/4 3526/16/4
f 3525/15/4 3522/15/4 3526/15/4
f 3524/15/4 3525/15/4 3526/15/4
f 3526/16/4 3523/16/4 3527/16/4
f 3519/14/4 3524/14/4 3529/14/4
f 3524/15/4 3526/15/4 3530/15/4
f 3526/15/4 3527/15/4 3530/15/4
f 3529/14/4 3524/14/4 3530/14/4
f 3530/15/4 3527/15/4 3531/15/4
f 3529/15/4 3530/15/4 3532/15/4
f 3529/15/4 3532/15/4 3533/15/4
f 3534/8/4 3535/8/4 3536/8/4
f 3528/14/4 3529/14/4 3537/14/4
f 3529/15/4 3533/15/4 3538/15/4
f 3537/14/4 3529/14/4 3538/14/4
f 3538/15/4 3533/15/4 3539/15/4
f 3534/8/4 3536/8/4 3540/8/4
f 3540/8/4 3536/8/4 3541/8/4
f 3542/14/4 3543/14/4 3544/14/4
f 3544/14/4 3543/14/4 3545/14/4
f 3546/15/4 3547/15/4 3548/15/4
f 3548/15/4 3547/15/4 3549/15/4
f 3550/14/4 3551/14/4 3555/14/4
f 3552/15/4 3553/15/4 3556/15/4
f 3556/15/4 3553/15/4 3557/15/4
f 3554/8/4 3555/8/4 3558/8/4
f 3558/8/4 3555/8/4 3559/8/4
f 3555/14/4 3551/14/4 3560/14/4
f 3559/8/4 3555/8/4 3560/8/4
f 3560/14/4 3551/14/4 3561/14/4
f 3561/14/4 3551/14/4 3562/14/4
f 3562/14/4 3551/14/4 3563/14/4
f 3564/15/4 3565/15/4 3566/15/4
f 3566/15/4 3565/15/4 3567/15/4
f 3568/8/4 3569/8/4 3570/8/4
f 3570/8/4 3569/8/4 3571/8/4
f 3572/15/4 3573/15/4 3574/15/4
f 3574/15/4 3573/15/4 3575/15/4
f 3574/14/4 3575/14/4 3576/14/4
f 3575/15/4 3573/15/4 3577/15/4
f 3576/14/4 3575/14/4 3577/14/4
f 3576/15/4 3577/15/4 3578/15/4
f 3577/15/4 3573/15/4 3579/15/4
f 3578/15/4 3577/15/4 3579/15/4
f 3579/15/4 3573/15/4 3580/15/4
f 3580/15/4 3573/15/4 3581/15/4
f 3582/8/4 3583/8/4 3584/8/4
f 3584/8/4 3583/8/4 3585/8/4
f 3586/8/4 3587/8/4 3588/8/4
f 3588/8/4 3587/8/4 3589/8/4
f 3580/16/4 3581/16/4 3590/16/4
f 3590/16/4 3581/16/4 3591/16/4
f 3590/15/4 3591/15/4 3592/15/4
f 3592/15/4 3591/15/4 3593/15/4
f 3593/15/4 3594/15/4 3597/15/4
f 3597/15/4 3594/15/4 3598/15/4
f 3595/14/4 3596/14/4 3599/14/4
f 3599/14/4 3596/14/4 3600/14/4
f 3601/16/4 3602/16/4 3603/16/4
f 3603/16/4 3602/16/4 3604/16/4
f 3603/15/4 3604/15/4 3605/15/4
f 3605/15/4 3604/15/4 3606/15/4
f 3605/14/4 3606/14/4 3607/14/4
f 3607/14/4 3606/14/4 3608/14/4
f 3608/14/4 3606/14/4 3609/14/4
f 3610/16/4 3611/16/4 3612/16/4
f 3612/16/4 3611/16/4 3613/16/4
f 3612/15/4 3613/15/4 3614/15/4
f 3614/15/4 3613/15/4 3615/15/4
f 3614/16/4 3615/16/4 3616/16/4
f 3616/16/4 3615/16/4 3617/16/4
f 3620/15/4 3621/15/4 3623/15/4
f 3623/15/4 3621/15/4 3624/15/4
f 3618/14/4 3619/14/4 3625/14/4
f 3625/14/4 3619/14/4 3626/14/4
f 3622/15/4 3623/15/4 3627/15/4
f 3627/15/4 3623/15/4 3628/15/4
f 3625/10/4 3626/10/4 3629/10/4
f 3627/10/4 3628/10/4 3630/10/4
f 3625/10/4 3629/10/4 3631/10/4
f 3631/10/4 3629/10/4 3632/10/4
f 3630/10/4 3628/10/4 3633/10/4
f 3633/10/4 3628/10/4 3634/10/4
f 3631/14/4 3632/14/4 3635/14/4
f 3635/14/4 3632/14/4 3636/14/4
f 3633/14/4 3634/14/4 3637/14/4
f 3637/14/4 3634/14/4 3638/14/4
f 3639/8/4 3640/8/4 3641/8/4
f 3641/8/4 3640/8/4 3642/8/4
f 3643/11/4 3644/11/4 3647/11/4
f 3647/11/4 3644/11/4 3648/11/4
f 3645/11/4 3646/11/4 3649/11/4
f 3649/11/4 3646/11/4 3650/11/4
f 3651/15/4 3652/15/4 3655/15/4
f 3653/14/4 3654/14/4 3656/14/4
f 3654/15/4 3655/15/4 3656/15/4
f 3655/15/4 3652/15/4 3657/15/4
f 3656/15/4 3655/15/4 3657/15/4
f 3653/14/4 3656/14/4 3659/14/4
f 3656/14/4 3657/14/4 3659/14/4
f 3659/14/4 3657/14/4 3660/14/4
f 3657/15/4 3652/15/4 3661/15/4
f 3660/14/4 3657/14/4 3661/14/4
f 3658/8/4 3659/8/4 3662/8/4
f 3659/14/4 3660/14/4 3663/14/4
f 3662/8/4 3659/8/4 3663/8/4
f 3663/14/4 3660/14/4 3665/14/4
f 3660/15/4 3661/15/4 3666/15/4
f 3665/14/4 3660/14/4 3666/14/4
f 3661/15/4 3652/15/4 3667/15/4
f 3666/15/4 3661/15/4 3667/15/4
f 3667/15/4 3668/15/4 3669/15/4
f 3667/15/4 3669/15/4 3671/15/4
f 3669/16/4 3670/16/4 3672/16/4
f 3671/15/4 3669/15/4 3672/15/4
f 3672/16/4 3670/16/4 3673/16/4
f 3673/16/4 3670/16/4 3674/16/4
f 3674/16/4 3670/16/4 3675/16/4
f 3664/14/4 3665/14/4 3677/14/4
f 3677/14/4 3665/14/4 3678/14/4
f 3674/15/4 3675/15/4 3679/15/4
f 3676/14/4 3677/14/4 3680/14/4
f 3680/14/4 3677/14/4 3681/14/4
f 3679/15/4 3675/15/4 3682/15/4
f 3682/15/4 3675/15/4 3683/15/4
f 3684/14/4 3685/14/4 3686/14/4
f 3686/14/4 3685/14/4 3687/14/4
f 3688/8/4 3689/8/4 3690/8/4
f 3690/8/4 3689/8/4 3691/8/4
f 3692/8/4 3693/8/4 3694/8/4
f 3694/8/4 3693/8/4 3695/8/4
f 3686/15/4 3687/15/4 3696/15/4
f 3696/15/4 3687/15/4 3697/15/4
f 3697/15/4 3687/15/4 3698/15/4
f 3698/15/4 3687/15/4 3700/15/4
f 3700/15/4 3687/15/4 3701/15/4
f 3699/15/4 3700/15/4 3705/15/4
f 3700/14/4 3701/14/4 3706/14/4
f 3705/15/4 3700/15/4 3706/15/4
f 3706/14/4 3701/14/4 3707/14/4
f 3702/14/4 3703/14/4 3708/14/4
f 3703/15/4 3704/15/4 3709/15/4
f 3708/14/4 3703/14/4 3709/14/4
f 3709/15/4 3704/15/4 3710/15/4
f 3705/15/4 3706/15/4 3711/15/4
f 3706/15/4 3707/15/4 3711/15/4
f 3711/15/4 3707/15/4 3712/15/4
f 3712/15/4 3707/15/4 3713/15/4
f 3711/15/4 3712/15/4 3715/15/4
f 3715/15/4 3712/15/4 3716/15/4
f 3709/14/4 3710/14/4 3717/14/4
f 3714/15/4 3715/15/4 3718/15/4
f 3709/14/4 3717/14/4 3719/14/4
f 3719/14/4 3717/14/4 3720/14/4
f 3718/15/4 3715/15/4 3721/15/4
f 3721/15/4 3715/15/4 3722/15/4
f 3719/10/4 3720/10/4 3723/10/4
f 3723/10/4 3720/10/4 3724/10/4
f 3721/10/4 3722/10/4 3725/10/4
f 3725/10/4 3722/10/4 3726/10/4
f 3723/14/4 3724/14/4 3727/14/4
f 3727/14/4 3724/14/4 3728/14/4
f 3725/14/4 3726/14/4 3730/14/4
f 3730/14/4 3726/14/4 3731/14/4
f 3727/9/4 3728/9/4 3733/9/4
f 3733/9/4 3728/9/4 3734/9/4
f 3729/9/4 3730/9/4 3735/9/4
f 3730/9/4 3731/9/4 3735/9/4
f 3735/9/4 3731/9/4 3736/9/4
f 3732/8/4 3733/8/4 3738/8/4
f 3738/8/4 3733/8/4 3739/8/4
f 3739/8/4 3740/8/4 3742/8/4
f 3742/8/4 3740/8/4 3743/8/4
f 3741/8/4 3742/8/4 3745/8/4
f 3745/8/4 3742/8/4 3746/8/4
f 3743/8/4 3744/8/4 3747/8/4
f 3747/8/4 3744/8/4 3748/8/4
f 3736/8/4 3737/8/4 3749/8/4
f 3749/8/4 3737/8/4 3750/8/4
f 3747/11/4 3748/11/4 3751/11/4
f 3751/11/4 3748/11/4 3752/11/4
f 3752/11/4 3748/11/4 3753/11/4
f 3753/11/4 3748/11/4 3754/11/4
f 3752/11/4 3753/11/4 3755/11/4
f 3755/11/4 3753/11/4 3756/11/4
f 3757/16/4 3758/16/4 3759/16/4
f 3759/16/4 3758/16/4 3760/16/4
f 3761/14/4 3762/14/4 3764/14/4
f 3762/15/4 3763/15/4 3764/15/4
f 3764/15/4 3763/15/4 3765/15/4
f 3761/14/4 3764/14/4 3766/14/4
f 3764/14/4 3765/14/4 3766/14/4
f 3765/15/4 3763/15/4 3767/15/4
f 3766/14/4 3765/14/4 3767/14/4
f 3761/14/4 3766/14/4 3768/14/4
f 3766/15/4 3767/15/4 3769/15/4
f 3768/14/4 3766/14/4 3769/14/4
f 3767/15/4 3763/15/4 3770/15/4
f 3769/15/4 3767/15/4 3770/15/4
f 3770/15/4 3771/15/4 3772/15/4
f 3772/15/4 3771/15/4 3773/15/4
f 3772/16/4 3773/16/4 3776/16/4
f 3776/16/4 3773/16/4 3777/16/4
f 3774/14/4 3775/14/4 3779/14/4
f 3779/14/4 3775/14/4 3780/14/4
f 3776/15/4 3777/15/4 3781/15/4
f 3781/15/4 3777/15/4 3782/15/4
f 3781/15/4 3782/15/4 3784/15/4
f 3782/15/4 3783/15/4 3784/15/4
f 3784/15/4 3783/15/4 3785/15/4
f 3785/15/4 3783/15/4 3786/15/4
f 3784/15/4 3785/15/4 3787/15/4
f 3785/14/4 3786/14/4 3788/14/4
f 3787/15/4 3785/15/4 3788/15/4
f 3788/14/4 3786/14/4 3789/14/4
f 3778/14/4 3779/14/4 3791/14/4
f 3788/15/4 3789/15/4 3792/15/4
f 3790/12/4 3791/12/4 3793/12/4
f 3791/14/4 3779/14/4 3794/14/4
f 3793/12/4 3791/12/4 3794/12/4
f 3792/15/4 3789/15/4 3795/15/4
f 3795/15/4 3789/15/4 3796/15/4
f 3795/16/4 3796/16/4 3797/16/4
f 3797/16/4 3796/16/4 3798/16/4
f 3797/15/4 3798/15/4 3800/15/4
f 3800/15/4 3798/15/4 3801/15/4
f 3799/15/4 3800/15/4 3802/15/4
f 3800/16/4 3801/16/4 3802/16/4
f 3802/16/4 3801/16/4 3803/16/4
f 3794/14/4 3779/14/4 3804/14/4
f 3804/14/4 3779/14/4 3805/14/4
f 3799/15/4 3802/15/4 3807/15/4
f 3807/15/4 3802/15/4 3808/15/4
f 3806/15/4 3807/15/4 3809/15/4
f 3807/16/4 3808/16/4 3809/16/4
f 3809/16/4 3808/16/4 3810/16/4
f 3806/15/4 3809/15/4 3811/15/4
f 3809/15/4 3810/15/4 3811/15/4
f 3811/15/4 3810/15/4 3812/15/4
f 3806/15/4 3811/15/4 3813/15/4
f 3813/15/4 3811/15/4 3814/15/4
f 3813/10/4 3814/10/4 3815/10/4
f 3815/10/4 3814/10/4 3816/10/4
f 3816/10/4 3814/10/4 3817/10/4
f 3816/14/4 3817/14/4 3820/14/4
f 3820/14/4 3817/14/4 3821/14/4
f 3818/9/4 3819/9/4 3823/9/4
f 3823/9/4 3819/9/4 3824/9/4
f 3822/8/4 3823/8/4 3827/8/4
f 3827/8/4 3823/8/4 3828/8/4
f 3828/8/4 3829/8/4 3833/8/4
f 3833/8/4 3829/8/4 3834/8/4
f 3830/8/4 3831/8/4 3835/8/4
f 3835/8/4 3831/8/4 3836/8/4
f 3832/8/4 3833/8/4 3837/8/4
f 3837/8/4 3833/8/4 3838/8/4
f 3825/8/4 3826/8/4 3839/8/4
f 3839/8/4 3826/8/4 3840/8/4
f 3841/14/4 3842/14/4 3844/14/4
f 3842/15/4 3843/15/4 3844/15/4
f 3844/15/4 3843/15/4 3845/15/4
f 3841/14/4 3844/14/4 3846/14/4
f 3844/14/4 3845/14/4 3846/14/4
f 3845/15/4 3843/15/4 3847/15/4
f 3846/14/4 3845/14/4 3847/14/4
f 3846/15/4 3847/15/4 3848/15/4
f 3847/15/4 3843/15/4 3848/15/4
f 3848/15/4 3843/15/4 3849/15/4
f 3846/15/4 3848/15/4 3850/15/4
f 3848/14/4 3849/14/4 3850/14/4
f 3849/15/4 3843/15/4 3851/15/4
f 3850/14/4 3849/14/4 3851/14/4
f 3841/14/4 3846/14/4 3852/14/4
f 3846/15/4 3850/15/4 3852/15/4
f 3850/15/4 3851/15/4 3852/15/4
f 3852/15/4 3851/15/4 3853/15/4
f 3841/14/4 3852/14/4 3854/14/4
f 3852/14/4 3853/14/4 3854/14/4
f 3853/15/4 3851/15/4 3855/15/4
f 3854/14/4 3853/14/4 3855/14/4
f 3841/14/4 3854/14/4 3857/14/4
f 3854/15/4 3855/15/4 3858/15/4
f 3857/14/4 3854/14/4 3858/14/4
f 3855/15/4 3851/15/4 3859/15/4
f 3858/15/4 3855/15/4 3859/15/4
f 3851/15/4 3843/15/4 3860/15/4
f 3859/15/4 3851/15/4 3860/15/4
f 3860/15/4 3843/15/4 3861/15/4
f 3859/15/4 3860/15/4 3862/15/4
f 3860/16/4 3861/16/4 3862/16/4
f 3862/16/4 3861/16/4 3863/16/4
f 3857/15/4 3858/15/4 3864/15/4
f 3856/14/4 3857/14/4 3864/14/4
f 3858/14/4 3859/14/4 3865/14/4
f 3864/15/4 3858/15/4 3865/15/4
f 3856/14/4 3864/14/4 3866/14/4
f 3865/14/4 3859/14/4 3867/14/4
f 3862/15/4 3863/15/4 3868/15/4
f 3862/15/4 3868/15/4 3870/15/4
f 3868/16/4 3869/16/4 3870/16/4
f 3870/16/4 3869/16/4 3871/16/4
f 3862/15/4 3870/15/4 3872/15/4
f 3870/15/4 3871/15/4 3872/15/4
f 3872/15/4 3871/15/4 3873/15/4
f 3862/15/4 3872/15/4 3874/15/4
f 3872/16/4 3873/16/4 3874/16/4
f 3874/16/4 3873/16/4 3875/16/4
f 3862/15/4 3874/15/4 3876/15/4
f 3874/15/4 3875/15/4 3876/15/4
f 3876/15/4 3875/15/4 3877/15/4
f 3856/14/4 3866/14/4 3878/14/4
f 3878/14/4 3866/14/4 3879/14/4
f 3867/14/4 3859/14/4 3880/14/4
f 3859/15/4 3862/15/4 3881/15/4
f 3880/14/4 3859/14/4 3881/14/4
f 3862/15/4 3876/15/4 3881/15/4
f 3881/15/4 3876/15/4 3882/15/4
f 3882/15/4 3876/15/4 3883/15/4
f 3880/15/4 3881/15/4 3884/15/4
f 3881/15/4 3882/15/4 3884/15/4
f 3884/15/4 3882/15/4 3885/15/4
f 3884/14/4 3885/14/4 3887/14/4
f 3885/15/4 3882/15/4 3888/15/4
f 3887/14/4 3885/14/4 3888/14/4
f 3888/15/4 3882/15/4 3889/15/4
f 3886/15/4 3887/15/4 3890/15/4
f 3887/15/4 3888/15/4 3890/15/4
f 3888/14/4 3889/14/4 3891/14/4
f 3890/15/4 3888/15/4 3891/15/4
f 3890/14/4 3891/14/4 3892/14/4
f 3891/14/4 3889/14/4 3893/14/4
f 3892/14/4 3891/14/4 3893/14/4
f 3893/14/4 3889/14/4 3894/14/4
f 3893/13/4 3894/13/4 3896/13/4
f 3896/13/4 3894/13/4 3897/13/4
f 3896/8/4 3897/8/4 3899/8/4
f 3897/8/4 3898/8/4 3899/8/4
f 3895/8/4 3896/8/4 3899/8/4
f 3899/8/4 3898/8/4 3900/8/4
f 3900/8/4 3898/8/4 3901/8/4
f 3901/8/4 3898/8/4 3902/8/4
f 3900/8/4 3901/8/4 3904/8/4
f 3904/8/4 3901/8/4 3905/8/4
f 3902/8/4 3898/8/4 3906/8/4
f 3904/8/4 3905/8/4 3907/8/4
f 3905/8/4 3906/8/4 3907/8/4
f 3903/8/4 3904/8/4 3907/8/4
f 3906/8/4 3898/8/4 3908/8/4
f 3907/8/4 3906/8/4 3908/8/4
f 3909/14/4 3910/14/4 3911/14/4
f 3911/14/4 3910/14/4 3912/14/4
f 3913/14/4 3914/14/4 3915/14/4
f 3915/14/4 3914/14/4 3916/14/4
f 3917/14/4 3918/14/4 3919/14/4
f 3919/14/4 3918/14/4 3920/14/4
f 3921/15/4 3922/15/4 3923/15/4
f 3923/15/4 3922/15/4 3924/15/4
f 3925/16/4 3926/16/4 3928/16/4
f 3926/15/4 3927/15/4 3929/15/4
f 3928/16/4 3926/16/4 3929/16/4
f 3929/15/4 3927/15/4 3930/15/4
f 3931/15/4 3932/15/4 3933/15/4
f 3933/15/4 3932/15/4 3934/15/4
f 3935/14/4 3936/14/4 3937/14/4
f 3937/14/4 3936/14/4 3938/14/4
f 3939/15/4 3940/15/4 3941/15/4
f 3941/15/4 3940/15/4 3942/15/4
f 3945/13/4 3946/13/4 3947/13/4
f 3947/13/4 3946/13/4 3948/13/4
f 3948/13/4 3949/13/4 3950/13/4
f 3950/13/4 3949/13/4 3951/13/4
f 3943/14/4 3944/14/4 3952/14/4
f 3952/14/4 3944/14/4 3953/14/4
f 3954/7/4 3955/7/4 3956/7/4
f 3956/7/4 3955/7/4 3957/7/4
f 3956/13/4 3957/13/4 3959/13/4
f 3959/13/4 3957/13/4 3960/13/4
f 3958/13/4 3959/13/4 3961/13/4
f 3961/13/4 3959/13/4 3963/13/4
f 3963/13/4 3959/13/4 3964/13/4
f 3962/13/4 3963/13/4 3964/13/4
f 3964/13/4 3959/13/4 3965/13/4
f 3962/13/4 3964/13/4 3966/13/4
f 3966/13/4 3964/13/4 3967/13/4
f 3968/15/4 3969/15/4 3970/15/4
f 3970/15/4 3969/15/4 3971/15/4
f 3971/15/4 3972/15/4 3973/15/4
f 3973/15/4 3972/15/4 3974/15/4
f 3974/16/4 3975/16/4 3977/16/4
f 3975/15/4 3976/15/4 3978/15/4
f 3977/16/4 3975/16/4 3978/16/4
f 3978/15/4 3976/15/4 3979/15/4
f 3980/15/4 3981/15/4 3983/15/4
f 3981/16/4 3982/16/4 3984/16/4
f 3983/15/4 3981/15/4 3984/15/4
f 3984/16/4 3982/16/4 3985/16/4
f 3985/16/4 3986/16/4 3989/16/4
f 3989/16/4 3986/16/4 3990/16/4
f 3987/14/4 3988/14/4 3991/14/4
f 3989/15/4 3990/15/4 3992/15/4
f 3992/15/4 3990/15/4 3993/15/4
f 3987/14/4 3991/14/4 3994/14/4
f 3994/14/4 3991/14/4 3995/14/4
f 3992/16/4 3993/16/4 3996/16/4
f 3996/16/4 3993/16/4 3997/16/4
f 3997/15/4 3998/15/4 4001/15/4
f 3999/14/4 4000/14/4 4002/14/4
f 4002/14/4 4000/14/4 4003/14/4
f 4001/15/4 3998/15/4 4006/15/4
f 4006/15/4 3998/15/4 4007/15/4
f 4004/14/4 4005/14/4 4008/14/4
f 4008/14/4 4005/14/4 4009/14/4
f 4010/16/4 4011/16/4 4012/16/4
f 4012/16/4 4011/16/4 4013/16/4
f 4012/15/4 4013/15/4 4014/15/4
f 4014/15/4 4013/15/4 4015/15/4
f 4014/14/4 4015/14/4 4016/14/4
f 4016/14/4 4015/14/4 4017/14/4
f 4016/13/4 4017/13/4 4018/13/4
f 4018/13/4 4017/13/4 4019/13/4
f 4019/13/4 4020/13/4 4021/13/4
f 4021/13/4 4020/13/4 4022/13/4
f 4022/13/4 4023/13/4 4024/13/4
f 4024/13/4 4023/13/4 4025/13/4
f 4024/7/4 4025/7/4 4026/7/4
f 4026/7/4 4025/7/4 4027/7/4
f 4028/13/4 4029/13/4 4030/13/4
f 4030/13/4 4029/13/4 4031/13/4
f 4034/15/4 4035/15/4 4037/15/4
f 4037/15/4 4035/15/4 4038/15/4
f 4036/15/4 4037/15/4 4039/15/4
f 4039/15/4 4037/15/4 4040/15/4
f 4040/15/4 4037/15/4 4041/15/4
f 4032/14/4 4033/14/4 4042/14/4
f 4042/14/4 4033/14/4 4043/14/4
f 4040/14/4 4041/14/4 4044/14/4
f 4044/14/4 4041/14/4 4045/14/4
f 4044/16/4 4045/16/4 4046/16/4
f 4046/16/4 4045/16/4 4047/16/4
f 4042/15/4 4043/15/4 4048/15/4
f 4048/15/4 4043/15/4 4049/15/4
f 4046/15/4 4047/15/4 4050/15/4
f 4050/15/4 4047/15/4 4051/15/4
f 4048/14/4 4049/14/4 4052/14/4
f 4052/14/4 4049/14/4 4053/14/4
f 4052/15/4 4053/15/4 4054/15/4
f 4054/15/4 4053/15/4 4055/15/4
f 4050/16/4 4051/16/4 4058/16/4
f 4058/16/4 4051/16/4 4059/16/4
f 4055/15/4 4056/15/4 4060/15/4
f 4057/16/4 4058/16/4 4061/16/4
f 4061/16/4 4058/16/4 4062/16/4
f 4055/15/4 4060/15/4 4063/15/4
f 4063/15/4 4060/15/4 4064/15/4
f 4061/15/4 4062/15/4 4066/15/4
f 4066/15/4 4062/15/4 4067/15/4
f 4064/16/4 4065/16/4 4068/16/4
f 4068/16/4 4065/16/4 4069/16/4
f 4066/16/4 4067/16/4 4070/16/4
f 4070/16/4 4067/16/4 4071/16/4
f 4069/16/4 4070/16/4 4072/16/4
f 4072/16/4 4070/16/4 4073/16/4
f 4075/16/4 4076/16/4 4077/16/4
f 4077/16/4 4076/16/4 4078/16/4
f 4074/15/4 4075/15/4 4079/15/4
f 4075/16/4 4077/16/4 4080/16/4
f 4079/15/4 4075/15/4 4080/15/4
f 4079/14/4 4080/14/4 4082/14/4
f 4080/16/4 4077/16/4 4083/16/4
f 4082/14/4 4080/14/4 4083/14/4
f 4077/15/4 4078/15/4 4084/15/4
f 4083/16/4 4077/16/4 4084/16/4
f 4084/15/4 4078/15/4 4085/15/4
f 4081/14/4 4082/14/4 4087/14/4
f 4085/16/4 4086/16/4 4088/16/4
f 4088/16/4 4086/16/4 4089/16/4
f 4081/14/4 4087/14/4 4091/14/4
f 4091/14/4 4087/14/4 4092/14/4
f 4088/15/4 4089/15/4 4093/15/4
f 4088/15/4 4093/15/4 4095/15/4
f 4093/16/4 4094/16/4 4096/16/4
f 4095/15/4 4093/15/4 4096/15/4
f 4096/16/4 4094/16/4 4097/16/4
f 4097/16/4 4094/16/4 4098/16/4
f 4098/16/4 4094/16/4 4099/16/4
f 4090/14/4 4091/14/4 4101/14/4
f 4101/14/4 4091/14/4 4102/14/4
f 4098/15/4 4099/15/4 4103/15/4
f 4100/14/4 4101/14/4 4104/14/4
f 4104/14/4 4101/14/4 4105/14/4
f 4103/15/4 4099/15/4 4106/15/4
f 4106/15/4 4099/15/4 4107/15/4
f 4108/13/4 4109/13/4 4110/13/4
f 4110/13/4 4109/13/4 4111/13/4
f 4110/13/4 4111/13/4 4113/13/4
f 4111/13/4 4112/13/4 4113/13/4
f 4113/13/4 4112/13/4 4114/13/4
f 4110/13/4 4113/13/4 4115/13/4
f 4115/13/4 4113/13/4 4116/13/4
f 4116/13/4 4113/13/4 4117/13/4
f 4113/7/4 4114/7/4 4118/7/4
f 4117/13/4 4113/13/4 4118/13/4
f 4118/7/4 4114/7/4 4119/7/4
f 4117/13/4 4118/13/4 4121/13/4
f 4118/13/4 4119/13/4 4121/13/4
f 4121/13/4 4119/13/4 4122/13/4
f 4122/13/4 4119/13/4 4123/13/4
f 4120/15/4 4121/15/4 4127/15/4
f 4121/14/4 4122/14/4 4128/14/4
f 4127/15/4 4121/15/4 4128/15/4
f 4128/14/4 4122/14/4 4129/14/4
f 4124/14/4 4125/14/4 4130/14/4
f 4125/15/4 4126/15/4 4131/15/4
f 4130/14/4 4125/14/4 4131/14/4
f 4131/15/4 4126/15/4 4132/15/4
f 4127/15/4 4128/15/4 4133/15/4
f 4128/15/4 4129/15/4 4133/15/4
f 4133/15/4 4129/15/4 4134/15/4
f 4134/15/4 4129/15/4 4135/15/4
f 4133/15/4 4134/15/4 4137/15/4
f 4137/15/4 4134/15/4 4138/15/4
f 4136/15/4 4137/15/4 4139/15/4
f 4139/15/4 4137/15/4 4140/15/4
f 4131/14/4 4132/14/4 4141/14/4
f 4139/14/4 4140/14/4 4142/14/4
f 4131/14/4 4141/14/4 4143/14/4
f 4143/14/4 4141/14/4 4144/14/4
f 4142/14/4 4140/14/4 4145/14/4
f 4145/14/4 4140/14/4 4146/14/4
f 4143/15/4 4144/15/4 4147/15/4
f 4145/15/4 4146/15/4 4148/15/4
f 4148/15/4 4146/15/4 4149/15/4
f 4143/15/4 4147/15/4 4150/15/4
f 4150/15/4 4147/15/4 4151/15/4
f 4148/16/4 4149/16/4 4152/16/4
f 4150/14/4 4151/14/4 4153/14/4
f 4153/14/4 4151/14/4 4154/14/4
f 4152/16/4 4149/16/4 4156/16/4
f 4156/16/4 4149/16/4 4157/16/4
f 4155/16/4 4156/16/4 4158/16/4
f 4158/16/4 4156/16/4 4160/16/4
f 4159/16/4 4160/16/4 4161/16/4
f 4160/16/4 4156/16/4 4162/16/4
f 4161/16/4 4160/16/4 4162/16/4
f 4163/15/4 4164/15/4 4166/15/4
f 4166/15/4 4164/15/4 4167/15/4
f 4164/14/4 4165/14/4 4168/14/4
f 4167/15/4 4164/15/4 4168/15/4
f 4168/14/4 4165/14/4 4169/14/4
f 4166/14/4 4167/14/4 4171/14/4
f 4167/15/4 4168/15/4 4172/15/4
f 4168/15/4 4169/15/4 4172/15/4
f 4171/14/4 4167/14/4 4172/14/4
f 4170/14/4 4171/14/4 4173/14/4
f 4171/15/4 4172/15/4 4173/15/4
f 4172/15/4 4169/15/4 4174/15/4
f 4173/15/4 4172/15/4 4174/15/4
f 4170/14/4 4173/14/4 4175/14/4
f 4173/14/4 4174/14/4 4175/14/4
f 4174/15/4 4169/15/4 4176/15/4
f 4175/14/4 4174/14/4 4176/14/4
f 4170/14/4 4175/14/4 4177/14/4
f 4175/15/4 4176/15/4 4178/15/4
f 4177/14/4 4175/14/4 4178/14/4
f 4176/15/4 4169/15/4 4179/15/4
f 4178/15/4 4176/15/4 4179/15/4
f 4179/15/4 4180/15/4 4181/15/4
f 4181/15/4 4180/15/4 4182/15/4
f 4181/16/4 4182/16/4 4185/16/4
f 4185/16/4 4182/16/4 4186/16/4
f 4183/14/4 4184/14/4 4188/14/4
f 4188/14/4 4184/14/4 4189/14/4
f 4185/15/4 4186/15/4 4190/15/4
f 4190/15/4 4186/15/4 4191/15/4
f 4190/15/4 4191/15/4 4193/15/4
f 4191/15/4 4192/15/4 4193/15/4
f 4193/15/4 4192/15/4 4194/15/4
f 4194/15/4 4192/15/4 4195/15/4
f 4193/15/4 4194/15/4 4196/15/4
f 4194/14/4 4195/14/4 4197/14/4
f 4196/15/4 4194/15/4 4197/15/4
f 4197/14/4 4195/14/4 4198/14/4
f 4197/15/4 4198/15/4 4199/15/4
f 4199/15/4 4198/15/4 4200/15/4
f 4200/15/4 4198/15/4 4201/15/4
f 4200/16/4 4201/16/4 4202/16/4
f 4202/16/4 4201/16/4 4203/16/4
f 4202/15/4 4203/15/4 4205/15/4
f 4205/15/4 4203/15/4 4206/15/4
f 4204/15/4 4205/15/4 4207/15/4
f 4205/16/4 4206/16/4 4207/16/4
f 4207/16/4 4206/16/4 4208/16/4
f 4187/14/4 4188/14/4 4209/14/4
f 4209/14/4 4188/14/4 4210/14/4
f 4204/15/4 4207/15/4 4212/15/4
f 4212/15/4 4207/15/4 4213/15/4
f 4211/15/4 4212/15/4 4214/15/4
f 4212/16/4 4213/16/4 4214/16/4
f 4214/16/4 4213/16/4 4215/16/4
f 4211/15/4 4214/15/4 4216/15/4
f 4214/15/4 4215/15/4 4216/15/4
f 4216/15/4 4215/15/4 4217/15/4
f 4211/15/4 4216/15/4 4218/15/4
f 4218/15/4 4216/15/4 4219/15/4
f 4219/15/4 4216/15/4 4220/15/4
f 4219/14/4 4220/14/4 4221/14/4
f 4221/14/4 4220/14/4 4222/14/4
f 4221/15/4 4222/15/4 4223/15/4
f 4223/15/4 4222/15/4 4224/15/4
f 4223/14/4 4224/14/4 4228/14/4
f 4228/14/4 4224/14/4 4229/14/4
f 4226/15/4 4227/15/4 4230/15/4
f 4225/15/4 4226/15/4 4230/15/4
f 4227/14/4 4228/14/4 4231/14/4
f 4230/15/4 4227/15/4 4231/15/4
f 4231/14/4 4228/14/4 4232/14/4
f 4225/15/4 4230/15/4 4233/15/4
f 4230/16/4 4231/16/4 4234/16/4
f 4233/15/4 4230/15/4 4234/15/4
f 4231/16/4 4232/16/4 4234/16/4
f 4234/16/4 4232/16/4 4235/16/4
f 4236/14/4 4237/14/4 4239/14/4
f 4237/15/4 4238/15/4 4239/15/4
f 4239/15/4 4238/15/4 4240/15/4
f 4236/14/4 4239/14/4 4241/14/4
f 4239/14/4 4240/14/4 4241/14/4
f 4240/15/4 4238/15/4 4242/15/4
f 4241/14/4 4240/14/4 4242/14/4
f 4236/14/4 4241/14/4 4243/14/4
f 4241/15/4 4242/15/4 4244/15/4
f 4243/14/4 4241/14/4 4244/14/4
f 4242/15/4 4238/15/4 4245/15/4
f 4244/15/4 4242/15/4 4245/15/4
f 4245/15/4 4238/15/4 4246/15/4
f 4244/15/4 4245/15/4 4247/15/4
f 4245/14/4 4246/14/4 4248/14/4
f 4247/15/4 4245/15/4 4248/15/4
f 4246/15/4 4238/15/4 4249/15/4
f 4248/14/4 4246/14/4 4249/14/4
f 4247/15/4 4248/15/4 4250/15/4
f 4248/15/4 4249/15/4 4250/15/4
f 4250/15/4 4249/15/4 4251/15/4
f 4250/14/4 4251/14/4 4252/14/4
f 4251/15/4 4249/15/4 4253/15/4
f 4252/14/4 4251/14/4 4253/14/4
f 4252/15/4 4253/15/4 4256/15/4
f 4253/15/4 4249/15/4 4257/15/4
f 4256/15/4 4253/15/4 4257/15/4
f 4249/15/4 4238/15/4 4258/15/4
f 4257/15/4 4249/15/4 4258/15/4
f 4258/15/4 4238/15/4 4259/15/4
f 4257/15/4 4258/15/4 4260/15/4
f 4258/16/4 4259/16/4 4260/16/4
f 4260/16/4 4259/16/4 4261/16/4
f 4260/15/4 4261/15/4 4262/15/4
f 4260/15/4 4262/15/4 4264/15/4
f 4262/16/4 4263/16/4 4264/16/4
f 4264/16/4 4263/16/4 4265/16/4
f 4254/14/4 4255/14/4 4266/14/4
f 4256/14/4 4257/14/4 4267/14/4
f 4260/15/4 4264/15/4 4268/15/4
f 4264/15/4 4265/15/4 4268/15/4
f 4268/15/4 4265/15/4 4269/15/4
f 4260/15/4 4268/15/4 4270/15/4
f 4268/16/4 4269/16/4 4270/16/4
f 4270/16/4 4269/16/4 4271/16/4
f 4260/15/4 4270/15/4 4272/15/4
f 4270/15/4 4271/15/4 4272/15/4
f 4272/15/4 4271/15/4 4273/15/4
f 4254/14/4 4266/14/4 4274/14/4
f 4266/15/4 4267/15/4 4275/15/4
f 4274/14/4 4266/14/4 4275/14/4
f 4267/14/4 4257/14/4 4276/14/4
f 4275/15/4 4267/15/4 4276/15/4
f 4257/15/4 4260/15/4 4277/15/4
f 4276/14/4 4257/14/4 4277/14/4
f 4260/15/4 4272/15/4 4277/15/4
f 4277/15/4 4272/15/4 4278/15/4
f 4278/15/4 4272/15/4 4279/15/4
f 4275/14/4 4276/14/4 4280/14/4
f 4277/15/4 4278/15/4 4280/15/4
f 4276/15/4 4277/15/4 4280/15/4
f 4280/15/4 4278/15/4 4281/15/4
f 4275/14/4 4280/14/4 4282/14/4
f 4280/14/4 4281/14/4 4282/14/4
f 4281/15/4 4278/15/4 4283/15/4
f 4282/14/4 4281/14/4 4283/14/4
f 4283/15/4 4278/15/4 4284/15/4
f 4282/15/4 4283/15/4 4285/15/4
f 4283/14/4 4284/14/4 4286/14/4
f 4285/15/4 4283/15/4 4286/15/4
f 4285/14/4 4286/14/4 4287/14/4
f 4286/14/4 4284/14/4 4288/14/4
f 4287/14/4 4286/14/4 4288/14/4
f 4287/15/4 4288/15/4 4289/15/4
f 4289/15/4 4288/15/4 4290/15/4
f 4289/14/4 4290/14/4 4291/14/4
f 4290/15/4 4288/15/4 4292/15/4
f 4291/14/4 4290/14/4 4292/14/4
f 4292/15/4 4288/15/4 4293/15/4
f 4294/14/4 4295/14/4 4296/14/4
f 4296/14/4 4295/14/4 4297/14/4
f 4298/8/4 4299/8/4 4300/8/4
f 4300/8/4 4299/8/4 4301/8/4
f 4302/8/4 4303/8/4 4306/8/4
f 4306/8/4 4303/8/4 4307/8/4
f 4304/8/4 4305/8/4 4308/8/4
f 4308/8/4 4305/8/4 4309/8/4
f 4310/14/4 4311/14/4 4312/14/4
f 4312/14/4 4311/14/4 4315/14/4
f 4313/8/4 4314/8/4 4316/8/4
f 4316/8/4 4314/8/4 4317/8/4
f 4315/14/4 4311/14/4 4318/14/4
f 4318/14/4 4311/14/4 4319/14/4
f 4320/8/4 4321/8/4 4322/8/4
f 4322/8/4 4321/8/4 4323/8/4
f 4324/14/4 4325/14/4 4326/14/4
f 4326/14/4 4325/14/4 4327/14/4
f 4328/12/4 4329/12/4 4331/12/4
f 4329/8/4 4330/8/4 4332/8/4
f 4331/12/4 4329/12/4 4332/12/4
f 4332/8/4 4330/8/4 4333/8/4
f 4334/14/4 4335/14/4 4336/14/4
f 4336/14/4 4335/14/4 4337/14/4
f 4338/10/4 4339/10/4 4340/10/4
f 4340/10/4 4339/10/4 4341/10/4
f 4342/14/4 4343/14/4 4345/14/4
f 4343/15/4 4344/15/4 4346/15/4
f 4345/14/4 4343/14/4 4346/14/4
f 4342/14/4 4345/14/4 4347/14/4
f 4345/15/4 4346/15/4 4348/15/4
f 4347/14/4 4345/14/4 4348/14/4
f 4348/15/4 4346/15/4 4349/15/4
f 4346/15/4 4344/15/4 4350/15/4
f 4349/15/4 4346/15/4 4350/15/4
f 4350/15/4 4344/15/4 4351/15/4
f 4348/14/4 4349/14/4 4352/14/4
f 4349/15/4 4350/15/4 4353/15/4
f 4352/14/4 4349/14/4 4353/14/4
f 4353/15/4 4350/15/4 4354/15/4
f 4354/15/4 4350/15/4 4355/15/4
f 4348/14/4 4352/14/4 4356/14/4
f 4352/15/4 4353/15/4 4356/15/4
f 4353/15/4 4354/15/4 4356/15/4
f 4356/15/4 4354/15/4 4357/15/4
f 4348/14/4 4356/14/4 4358/14/4
f 4356/14/4 4357/14/4 4358/14/4
f 4357/15/4 4354/15/4 4359/15/4
f 4358/14/4 4357/14/4 4359/14/4
f 4359/15/4 4354/15/4 4360/15/4
f 4360/15/4 4354/15/4 4361/15/4
f 4348/14/4 4358/14/4 4362/14/4
f 4362/14/4 4358/14/4 4363/14/4
f 4359/14/4 4360/14/4 4364/14/4
f 4364/14/4 4360/14/4 4365/14/4
f 4366/12/4 4367/12/4 4368/12/4
f 4368/12/4 4367/12/4 4369/12/4
f 4366/12/4 4368/12/4 4370/12/4
f 4370/12/4 4368/12/4 4371/12/4
f 4369/12/4 4367/12/4 4372/12/4
f 4372/12/4 4367/12/4 4373/12/4
f 4374/14/4 4375/14/4 4379/14/4
f 4379/14/4 4375/14/4 4380/14/4
f 4376/15/4 4377/15/4 4381/15/4
f 4381/15/4 4377/15/4 4382/15/4
f 4379/14/4 4380/14/4 4383/14/4
f 4378/14/4 4379/14/4 4383/14/4
f 4380/15/4 4381/15/4 4384/15/4
f 4383/14/4 4380/14/4 4384/14/4
f 4381/16/4 4382/16/4 4385/16/4
f 4384/15/4 4381/15/4 4385/15/4
f 4383/15/4 4384/15/4 4385/15/4
f 4385/16/4 4382/16/4 4386/16/4
f 4378/14/4 4383/14/4 4388/14/4
f 4383/15/4 4385/15/4 4389/15/4
f 4385/15/4 4386/15/4 4389/15/4
f 4388/14/4 4383/14/4 4389/14/4
f 4389/15/4 4386/15/4 4390/15/4
f 4388/15/4 4389/15/4 4391/15/4
f 4388/15/4 4391/15/4 4392/15/4
f 4393/8/4 4394/8/4 4395/8/4
f 4387/14/4 4388/14/4 4396/14/4
f 4388/15/4 4392/15/4 4397/15/4
f 4396/14/4 4388/14/4 4397/14/4
f 4397/15/4 4392/15/4 4398/15/4
f 4393/8/4 4395/8/4 4399/8/4
f 4399/8/4 4395/8/4 4400/8/4
f 4401/14/4 4402/14/4 4403/14/4
f 4403/14/4 4402/14/4 4404/14/4
f 4405/15/4 4406/15/4 4407/15/4
f 4407/15/4 4406/15/4 4408/15/4
f 4409/14/4 4410/14/4 4411/14/4
f 4412/15/4 4413/15/4 4414/15/4
f 4414/15/4 4413/15/4 4415/15/4
f 4411/14/4 4410/14/4 4416/14/4
f 4416/14/4 4410/14/4 4417/14/4
f 4417/14/4 4410/14/4 4418/14/4
f 4419/15/4 4420/15/4 4421/15/4
f 4421/15/4 4420/15/4 4422/15/4
f 4423/8/4 4424/8/4 4425/8/4
f 4425/8/4 4424/8/4 4426/8/4
f 4427/15/4 4428/15/4 4429/15/4
f 4429/15/4 4428/15/4 4430/15/4
f 4429/14/4 4430/14/4 4431/14/4
f 4430/15/4 4428/15/4 4432/15/4
f 4431/14/4 4430/14/4 4432/14/4
f 4431/15/4 4432/15/4 4433/15/4
f 4432/15/4 4428/15/4 4434/15/4
f 4433/15/4 4432/15/4 4434/15/4
f 4434/15/4 4428/15/4 4435/15/4
f 4435/15/4 4428/15/4 4436/15/4
f 4437/8/4 4438/8/4 4439/8/4
f 4439/8/4 4438/8/4 4440/8/4
f 4441/8/4 4442/8/4 4443/8/4
f 4443/8/4 4442/8/4 4444/8/4
f 4435/16/4 4436/16/4 4445/16/4
f 4445/16/4 4436/16/4 4446/16/4
f 4445/15/4 4446/15/4 4447/15/4
f 4447/15/4 4446/15/4 4448/15/4
f 4448/15/4 4449/15/4 4452/15/4
f 4452/15/4 4449/15/4 4453/15/4
f 4450/14/4 4451/14/4 4454/14/4
f 4454/14/4 4451/14/4 4455/14/4
f 4456/16/4 4457/16/4 4458/16/4
f 4458/16/4 4457/16/4 4459/16/4
f 4458/15/4 4459/15/4 4460/15/4
f 4460/15/4 4459/15/4 4461/15/4
f 4460/14/4 4461/14/4 4462/14/4
f 4462/14/4 4461/14/4 4465/14/4
f 4465/14/4 4461/14/4 4466/14/4
f 4463/8/4 4464/8/4 4467/8/4
f 4467/8/4 4464/8/4 4468/8/4
f 4469/16/4 4470/16/4 4471/16/4
f 4471/16/4 4470/16/4 4472/16/4
f 4463/8/4 4467/8/4 4473/8/4
f 4463/8/4 4473/8/4 4475/8/4
f 4473/8/4 4474/8/4 4475/8/4
f 4475/8/4 4474/8/4 4476/8/4
f 4471/15/4 4472/15/4 4477/15/4
f 4477/15/4 4472/15/4 4478/15/4
f 4477/16/4 4478/16/4 4479/16/4
f 4479/16/4 4478/16/4 4480/16/4
f 4483/15/4 4484/15/4 4486/15/4
f 4486/15/4 4484/15/4 4487/15/4
f 4481/14/4 4482/14/4 4488/14/4
f 4488/14/4 4482/14/4 4489/14/4
f 4485/15/4 4486/15/4 4490/15/4
f 4490/15/4 4486/15/4 4491/15/4
f 4488/10/4 4489/10/4 4492/10/4
f 4490/10/4 4491/10/4 4493/10/4
f 4488/10/4 4492/10/4 4494/10/4
f 4494/10/4 4492/10/4 4495/10/4
f 4493/10/4 4491/10/4 4496/10/4
f 4496/10/4 4491/10/4 4497/10/4
f 4494/14/4 4495/14/4 4498/14/4
f 4498/14/4 4495/14/4 4499/14/4
f 4496/14/4 4497/14/4 4500/14/4
f 4500/14/4 4497/14/4 4501/14/4
f 4502/8/4 4503/8/4 4504/8/4
f 4504/8/4 4503/8/4 4505/8/4
f 4506/11/4 4507/11/4 4510/11/4
f 4510/11/4 4507/11/4 4511/11/4
f 4508/11/4 4509/11/4 4512/11/4
f 4512/11/4 4509/11/4 4513/11/4
f 4514/15/4 4515/15/4 4518/15/4
f 4516/14/4 4517/14/4 4519/14/4
f 4517/15/4 4518/15/4 4519/15/4
f 4518/15/4 4515/15/4 4520/15/4
f 4519/15/4 4518/15/4 4520/15/4
f 4516/14/4 4519/14/4 4522/14/4
f 4519/14/4 4520/14/4 4522/14/4
f 4522/14/4 4520/14/4 4523/14/4
f 4520/15/4 4515/15/4 4524/15/4
f 4523/14/4 4520/14/4 4524/14/4
f 4521/8/4 4522/8/4 4525/8/4
f 4522/14/4 4523/14/4 4526/14/4
f 4525/8/4 4522/8/4 4526/8/4
f 4526/14/4 4523/14/4 4528/14/4
f 4523/15/4 4524/15/4 4529/15/4
f 4528/14/4 4523/14/4 4529/14/4
f 4524/15/4 4515/15/4 4530/15/4
f 4529/15/4 4524/15/4 4530/15/4
f 4530/15/4 4531/15/4 4532/15/4
f 4530/15/4 4532/15/4 4534/15/4
f 4532/16/4 4533/16/4 4535/16/4
f 4534/15/4 4532/15/4 4535/15/4
f 4535/16/4 4533/16/4 4536/16/4
f 4536/16/4 4533/16/4 4537/16/4
f 4537/16/4 4533/16/4 4538/16/4
f 4527/14/4 4528/14/4 4540/14/4
f 4540/14/4 4528/14/4 4541/14/4
f 4537/15/4 4538/15/4 4542/15/4
f 4539/14/4 4540/14/4 4543/14/4
f 4543/14/4 4540/14/4 4544/14/4
f 4542/15/4 4538/15/4 4545/15/4
f 4545/15/4 4538/15/4 4546/15/4
f 4547/14/4 4548/14/4 4551/14/4
f 4551/14/4 4548/14/4 4552/14/4
f 4549/8/4 4550/8/4 4553/8/4
f 4553/8/4 4550/8/4 4554/8/4
f 4551/15/4 4552/15/4 4555/15/4
f 4555/15/4 4552/15/4 4556/15/4
f 4556/15/4 4552/15/4 4557/15/4
f 4557/15/4 4552/15/4 4559/15/4
f 4559/15/4 4552/15/4 4560/15/4
f 4558/15/4 4559/15/4 4564/15/4
f 4559/14/4 4560/14/4 4565/14/4
f 4564/15/4 4559/15/4 4565/15/4
f 4565/14/4 4560/14/4 4566/14/4
f 4561/14/4 4562/14/4 4567/14/4
f 4562/15/4 4563/15/4 4568/15/4
f 4567/14/4 4562/14/4 4568/14/4
f 4568/15/4 4563/15/4 4569/15/4
f 4564/15/4 4565/15/4 4570/15/4
f 4565/15/4 4566/15/4 4570/15/4
f 4570/15/4 4566/15/4 4571/15/4
f 4571/15/4 4566/15/4 4572/15/4
f 4570/15/4 4571/15/4 4574/15/4
f 4574/15/4 4571/15/4 4575/15/4
f 4568/14/4 4569/14/4 4576/14/4
f 4573/15/4 4574/15/4 4577/15/4
f 4568/14/4 4576/14/4 4578/14/4
f 4578/14/4 4576/14/4 4579/14/4
f 4577/15/4 4574/15/4 4580/15/4
f 4580/15/4 4574/15/4 4581/15/4
f 4578/10/4 4579/10/4 4582/10/4
f 4582/10/4 4579/10/4 4583/10/4
f 4580/10/4 4581/10/4 4584/10/4
f 4584/10/4 4581/10/4 4585/10/4
f 4582/14/4 4583/14/4 4586/14/4
f 4586/14/4 4583/14/4 4587/14/4
f 4584/14/4 4585/14/4 4589/14/4
f 4589/14/4 4585/14/4 4590/14/4
f 4586/9/4 4587/9/4 4592/9/4
f 4592/9/4 4587/9/4 4593/9/4
f 4588/9/4 4589/9/4 4594/9/4
f 4589/9/4 4590/9/4 4594/9/4
f 4594/9/4 4590/9/4 4595/9/4
f 4591/8/4 4592/8/4 4597/8/4
f 4597/8/4 4592/8/4 4598/8/4
f 4598/8/4 4599/8/4 4601/8/4
f 4601/8/4 4599/8/4 4602/8/4
f 4600/8/4 4601/8/4 4604/8/4
f 4604/8/4 4601/8/4 4605/8/4
f 4602/8/4 4603/8/4 4606/8/4
f 4606/8/4 4603/8/4 4607/8/4
f 4595/8/4 4596/8/4 4608/8/4
f 4608/8/4 4596/8/4 4609/8/4
f 4606/11/4 4607/11/4 4610/11/4
f 4610/11/4 4607/11/4 4611/11/4
f 4611/11/4 4607/11/4 4612/11/4
f 4612/11/4 4607/11/4 4613/11/4
f 4611/11/4 4612/11/4 4614/11/4
f 4614/11/4 4612/11/4 4615/11/4
f 4616/16/4 4617/16/4 4618/16/4
f 4618/16/4 4617/16/4 4619/16/4
f 4620/14/4 4621/14/4 4623/14/4
f 4621/15/4 4622/15/4 4623/15/4
f 4623/15/4 4622/15/4 4624/15/4
f 4620/14/4 4623/14/4 4625/14/4
f 4623/14/4 4624/14/4 4625/14/4
f 4624/15/4 4622/15/4 4626/15/4
f 4625/14/4 4624/14/4 4626/14/4
f 4620/14/4 4625/14/4 4627/14/4
f 4625/15/4 4626/15/4 4628/15/4
f 4627/14/4 4625/14/4 4628/14/4
f 4626/15/4 4622/15/4 4629/15/4
f 4628/15/4 4626/15/4 4629/15/4
f 4629/15/4 4630/15/4 4631/15/4
f 4631/15/4 4630/15/4 4632/15/4
f 4631/16/4 4632/16/4 4635/16/4
f 4635/16/4 4632/16/4 4636/16/4
f 4633/14/4 4634/14/4 4638/14/4
f 4638/14/4 4634/14/4 4639/14/4
f 4635/15/4 4636/15/4 4640/15/4
f 4640/15/4 4636/15/4 4641/15/4
f 4640/15/4 4641/15/4 4643/15/4
f 4641/15/4 4642/15/4 4643/15/4
f 4643/15/4 4642/15/4 4644/15/4
f 4644/15/4 4642/15/4 4645/15/4
f 4643/15/4 4644/15/4 4646/15/4
f 4644/14/4 4645/14/4 4647/14/4
f 4646/15/4 4644/15/4 4647/15/4
f 4647/14/4 4645/14/4 4648/14/4
f 4647/15/4 4648/15/4 4649/15/4
f 4649/15/4 4648/15/4 4650/15/4
f 4650/15/4 4648/15/4 4651/15/4
f 4650/16/4 4651/16/4 4652/16/4
f 4652/16/4 4651/16/4 4653/16/4
f 4652/15/4 4653/15/4 4655/15/4
f 4655/15/4 4653/15/4 4656/15/4
f 4654/15/4 4655/15/4 4657/15/4
f 4655/16/4 4656/16/4 4657/16/4
f 4657/16/4 4656/16/4 4658/16/4
f 4637/14/4 4638/14/4 4659/14/4
f 4659/14/4 4638/14/4 4660/14/4
f 4654/15/4 4657/15/4 4662/15/4
f 4662/15/4 4657/15/4 4663/15/4
f 4661/15/4 4662/15/4 4664/15/4
f 4662/16/4 4663/16/4 4664/16/4
f 4664/16/4 4663/16/4 4665/16/4
f 4661/15/4 4664/15/4 4666/15/4
f 4664/15/4 4665/15/4 4666/15/4
f 4666/15/4 4665/15/4 4667/15/4
f 4661/15/4 4666/15/4 4668/15/4
f 4668/15/4 4666/15/4 4669/15/4
f 4668/10/4 4669/10/4 4670/10/4
f 4670/10/4 4669/10/4 4671/10/4
f 4671/10/4 4669/10/4 4672/10/4
f 4671/14/4 4672/14/4 4675/14/4
f 4675/14/4 4672/14/4 4676/14/4
f 4673/9/4 4674/9/4 4678/9/4
f 4678/9/4 4674/9/4 4679/9/4
f 4677/8/4 4678/8/4 4682/8/4
f 4682/8/4 4678/8/4 4683/8/4
f 4683/8/4 4684/8/4 4688/8/4
f 4688/8/4 4684/8/4 4689/8/4
f 4685/8/4 4686/8/4 4690/8/4
f 4690/8/4 4686/8/4 4691/8/4
f 4687/8/4 4688/8/4 4692/8/4
f 4692/8/4 4688/8/4 4693/8/4
f 4680/8/4 4681/8/4 4694/8/4
f 4694/8/4 4681/8/4 4695/8/4
f 4696/14/4 4697/14/4 4699/14/4
f 4697/15/4 4698/15/4 4699/15/4
f 4699/15/4 4698/15/4 4700/15/4
f 4696/14/4 4699/14/4 4701/14/4
f 4699/14/4 4700/14/4 4701/14/4
f 4700/15/4 4698/15/4 4702/15/4
f 4701/14/4 4700/14/4 4702/14/4
f 4701/15/4 4702/15/4 4703/15/4
f 4702/15/4 4698/15/4 4703/15/4
f 4703/15/4 4698/15/4 4704/15/4
f 4701/15/4 4703/15/4 4705/15/4
f 4703/14/4 4704/14/4 4705/14/4
f 4704/15/4 4698/15/4 4706/15/4
f 4705/14/4 4704/14/4 4706/14/4
f 4696/14/4 4701/14/4 4707/14/4
f 4701/15/4 4705/15/4 4707/15/4
f 4705/15/4 4706/15/4 4707/15/4
f 4707/15/4 4706/15/4 4708/15/4
f 4696/14/4 4707/14/4 4709/14/4
f 4707/14/4 4708/14/4 4709/14/4
f 4708/15/4 4706/15/4 4710/15/4
f 4709/14/4 4708/14/4 4710/14/4
f 4696/14/4 4709/14/4 4712/14/4
f 4709/15/4 4710/15/4 4713/15/4
f 4712/14/4 4709/14/4 4713/14/4
f 4710/15/4 4706/15/4 4714/15/4
f 4713/15/4 4710/15/4 4714/15/4
f 4706/15/4 4698/15/4 4715/15/4
f 4714/15/4 4706/15/4 4715/15/4
f 4715/15/4 4698/15/4 4716/15/4
f 4714/15/4 4715/15/4 4717/15/4
f 4715/16/4 4716/16/4 4717/16/4
f 4717/16/4 4716/16/4 4718/16/4
f 4717/15/4 4718/15/4 4719/15/4
f 4712/15/4 4713/15/4 4721/15/4
f 4711/14/4 4712/14/4 4721/14/4
f 4713/14/4 4714/14/4 4722/14/4
f 4721/15/4 4713/15/4 4722/15/4
f 4711/14/4 4721/14/4 4723/14/4
f 4722/14/4 4714/14/4 4724/14/4
f 4719/16/4 4720/16/4 4725/16/4
f 4717/15/4 4719/15/4 4725/15/4
f 4725/16/4 4720/16/4 4726/16/4
f 4717/15/4 4725/15/4 4727/15/4
f 4725/15/4 4726/15/4 4727/15/4
f 4727/15/4 4726/15/4 4728/15/4
f 4717/15/4 4727/15/4 4729/15/4
f 4727/16/4 4728/16/4 4729/16/4
f 4729/16/4 4728/16/4 4730/16/4
f 4717/15/4 4729/15/4 4731/15/4
f 4729/15/4 4730/15/4 4731/15/4
f 4731/15/4 4730/15/4 4732/15/4
f 4711/14/4 4723/14/4 4733/14/4
f 4733/14/4 4723/14/4 4734/14/4
f 4724/14/4 4714/14/4 4735/14/4
f 4714/15/4 4717/15/4 4736/15/4
f 4735/14/4 4714/14/4 4736/14/4
f 4717/15/4 4731/15/4 4736/15/4
f 4736/15/4 4731/15/4 4737/15/4
f 4737/15/4 4731/15/4 4738/15/4
f 4735/15/4 4736/15/4 4739/15/4
f 4736/15/4 4737/15/4 4739/15/4
f 4739/15/4 4737/15/4 4740/15/4
f 4740/15/4 4737/15/4 4741/15/4
f 4740/14/4 4741/14/4 4743/14/4
f 4741/15/4 4737/15/4 4744/15/4
f 4743/14/4 4741/14/4 4744/14/4
f 4744/15/4 4737/15/4 4745/15/4
f 4742/15/4 4743/15/4 4746/15/4
f 4743/15/4 4744/15/4 4746/15/4
f 4744/14/4 4745/14/4 4747/14/4
f 4746/15/4 4744/15/4 4747/15/4
f 4746/14/4 4747/14/4 4748/14/4
f 4747/14/4 4745/14/4 4749/14/4
f 4748/14/4 4747/14/4 4749/14/4
f 4749/14/4 4745/14/4 4750/14/4
f 4749/13/4 4750/13/4 4752/13/4
f 4752/13/4 4750/13/4 4753/13/4
f 4752/8/4 4753/8/4 4755/8/4
f 4753/8/4 4754/8/4 4755/8/4
f 4751/8/4 4752/8/4 4755/8/4
f 4755/8/4 4754/8/4 4756/8/4
f 4756/8/4 4754/8/4 4757/8/4
f 4757/8/4 4754/8/4 4758/8/4
f 4756/8/4 4757/8/4 4760/8/4
f 4760/8/4 4757/8/4 4761/8/4
f 4758/8/4 4754/8/4 4762/8/4
f 4760/8/4 4761/8/4 4763/8/4
f 4761/8/4 4762/8/4 4763/8/4
f 4759/8/4 4760/8/4 4763/8/4
f 4762/8/4 4754/8/4 4764/8/4
f 4763/8/4 4762/8/4 4764/8/4
f 4765/4/4 4766/4/4 4768/4/4
f 4766/5/4 4767/5/4 4769/5/4
f 4768/4/4 4766/4/4 4769/4/4
f 4769/5/4 4767/5/4 4770/5/4
f 4769/6/4 4770/6/4 4771/6/4
f 4771/6/4 4770/6/4 4772/6/4
f 4773/5/4 4774/5/4 4775/5/4
f 4775/5/4 4774/5/4 4776/5/4
f 4777/8/4 4778/8/4 4779/8/4
f 4779/8/4 4778/8/4 4780/8/4
f 4777/8/4 4779/8/4 4781/8/4
f 4781/8/4 4779/8/4 4782/8/4
f 4783/8/4 4784/8/4 4785/8/4
f 4783/8/4 4785/8/4 4787/8/4
f 4785/8/4 4786/8/4 4787/8/4
f 4787/8/4 4786/8/4 4788/8/4
f 4789/4/4 4790/4/4 4791/4/4
f 4791/4/4 4790/4/4 4792/4/4
f 4791/5/4 4792/5/4 4793/5/4
f 4793/5/4 4792/5/4 4794/5/4
f 4795/14/4 4796/14/4 4797/14/4
f 4797/14/4 4796/14/4 4798/14/4
f 4799/8/4 4800/8/4 4801/8/4
f 4801/8/4 4800/8/4 4802/8/4
f 4802/8/4 4800/8/4 4803/8/4
f 4804/14/4 4805/14/4 4806/14/4
f 4806/14/4 4805/14/4 4807/14/4
f 4808/8/4 4809/8/4 4810/8/4
f 4810/8/4 4809/8/4 4811/8/4
f 4812/8/4 4813/8/4 4814/8/4
f 4814/8/4 4813/8/4 4815/8/4
f 4816/12/4 4817/12/4 4818/12/4
f 4818/12/4 4817/12/4 4819/12/4
f 4820/16/4 4821/16/4 4822/16/4
f 4822/16/4 4821/16/4 4823/16/4
f 4824/16/4 4825/16/4 4826/16/4
f 4826/16/4 4825/16/4 4827/16/4
f 4828/14/4 4829/14/4 4830/14/4
f 4830/14/4 4829/14/4 4831/14/4
f 4832/16/4 4833/16/4 4834/16/4
f 4834/16/4 4833/16/4 4835/16/4
f 4836/14/4 4837/14/4 4838/14/4
f 4838/14/4 4837/14/4 4839/14/4
f 4838/15/4 4839/15/4 4840/15/4
f 4840/15/4 4839/15/4 4841/15/4
f 4840/2/4 4841/2/4 4842/2/4
f 4842/2/4 4841/2/4 4843/2/4
f 4842/15/4 4843/15/4 4844/15/4
f 4844/15/4 4843/15/4 4845/15/4
f 4844/16/4 4845/16/4 4846/16/4
f 4846/16/4 4845/16/4 4847/16/4
f 4850/12/5 4849/12/5 4848/12/5
f 4851/12/5 4849/12/5 4850/12/5
f 4854/12/5 4853/12/5 4852/12/5
f 4855/12/5 4853/12/5 4854/12/5
f 4858/8/5 4857/8/5 4856/8/5
f 4859/8/5 4857/8/5 4858/8/5
f 4860/8/5 4857/8/5 4859/8/5
f 4861/8/5 4857/8/5 4860/8/5
f 4862/8/5 4860/8/5 4859/8/5
f 4865/8/5 4862/8/5 4859/8/5
f 4866/8/5 4862/8/5 4865/8/5
f 4867/8/5 4864/8/5 4863/8/5
f 4868/8/5 4864/8/5 4867/8/5
f 4873/8/5 4872/8/5 4871/8/5
f 4874/8/5 4872/8/5 4873/8/5
f 4875/8/5 4870/8/5 4869/8/5
f 4877/8/5 4875/8/5 4869/8/5
f 4878/8/5 4875/8/5 4877/8/5
f 4880/8/5 4878/8/5 4877/8/5
f 4880/8/5 4879/8/5 4878/8/5
f 4880/8/5 4877/8/5 4876/8/5
f 4881/8/5 4879/8/5 4880/8/5
f 4884/8/5 4883/8/5 4882/8/5
f 4885/8/5 4883/8/5 4884/8/5
f 4892/12/5 4887/12/5 4886/12/5
f 4893/12/5 4887/12/5 4892/12/5
f 4894/8/5 4889/8/5 4888/8/5
f 4895/8/5 4889/8/5 4894/8/5
f 4896/8/5 4891/8/5 4890/8/5
f 4897/8/5 4891/8/5 4896/8/5
f 4904/12/5 4899/12/5 4898/12/5
f 4905/12/5 4899/12/5 4904/12/5
f 4906/8/5 4901/8/5 4900/8/5
f 4907/8/5 4901/8/5 4906/8/5
f 4908/8/5 4903/8/5 4902/8/5
f 4909/8/5 4903/8/5 4908/8/5
f 4912/8/5 4911/8/5 4910/8/5
f 4913/8/5 4911/8/5 4912/8/5
f 4916/12/5 4915/12/5 4914/12/5
f 4917/12/5 4915/12/5 4916/12/5
f 4921/14/5 4919/14/5 4918/14/5
f 4922/14/5 4919/14/5 4921/14/5
f 4923/14/5 4919/14/5 4922/14/5
f 4924/14/5 4919/14/5 4923/14/5
f 4935/14/5 4921/14/5 4920/14/5
f 4935/14/5 4922/14/5 4921/14/5
f 4936/14/5 4922/14/5 4935/14/5
f 4937/14/5 4922/14/5 4936/14/5
f 4938/14/5 4922/14/5 4937/14/5
f 4939/14/5 4924/14/5 4923/14/5
f 4939/14/5 4925/14/5 4924/14/5
f 4940/14/5 4925/14/5 4939/14/5
f 4941/14/5 4925/14/5 4940/14/5
f 4942/14/5 4925/14/5 4941/14/5
f 4946/8/5 4927/8/5 4926/8/5
f 4947/8/5 4929/8/5 4928/8/5
f 4948/8/5 4931/8/5 4930/8/5
f 4949/8/5 4931/8/5 4948/8/5
f 4950/14/5 4935/14/5 4934/14/5
f 4950/14/5 4936/14/5 4935/14/5
f 4951/14/5 4936/14/5 4950/14/5
f 4956/14/5 4943/14/5 4942/14/5
f 4956/14/5 4942/14/5 4941/14/5
f 4957/14/5 4943/14/5 4956/14/5
f 4958/10/5 4944/10/5 4943/10/5
f 4958/14/5 4943/14/5 4957/14/5
f 4959/10/5 4944/10/5 4958/10/5
f 4962/8/5 4933/8/5 4932/8/5
f 4963/8/5 4961/8/5 4960/8/5
f 4963/8/5 4962/8/5 4961/8/5
f 4964/8/5 4933/8/5 4962/8/5
f 4964/8/5 4962/8/5 4963/8/5
f 4965/14/5 4950/14/5 4934/14/5
f 4966/14/5 4953/14/5 4952/14/5
f 4966/14/5 4952/14/5 4951/14/5
f 4967/14/5 4953/14/5 4966/14/5
f 4968/14/5 4955/14/5 4954/14/5
f 4968/14/5 4956/14/5 4955/14/5
f 4969/14/5 4956/14/5 4968/14/5
f 4970/14/5 4959/14/5 4958/14/5
f 4970/14/5 4958/14/5 4957/14/5
f 4971/14/5 4959/14/5 4970/14/5
f 4972/10/5 4944/10/5 4959/10/5
f 4972/14/5 4959/14/5 4971/14/5
f 4973/14/5 4965/14/5 4934/14/5
f 4973/14/5 4966/14/5 4965/14/5
f 4974/14/5 4966/14/5 4973/14/5
f 4975/14/5 4966/14/5 4974/14/5
f 4978/14/5 4971/14/5 4970/14/5
f 4978/14/5 4970/14/5 4969/14/5
f 4979/14/5 4971/14/5 4978/14/5
f 4980/10/5 4972/10/5 4971/10/5
f 4980/14/5 4971/14/5 4979/14/5
f 4981/14/5 4945/14/5 4944/14/5
f 4981/10/5 4972/10/5 4980/10/5
f 4981/10/5 4944/10/5 4972/10/5
f 4982/14/5 4945/14/5 4981/14/5
f 4983/8/5 4947/8/5 4946/8/5
f 4983/8/5 4946/8/5 4926/8/5
f 4984/8/5 4929/8/5 4947/8/5
f 4984/8/5 4947/8/5 4983/8/5
f 4985/8/5 4933/8/5 4964/8/5
f 4986/8/5 4933/8/5 4985/8/5
f 4987/14/5 4976/14/5 4975/14/5
f 4987/14/5 4975/14/5 4974/14/5
f 4988/14/5 4976/14/5 4987/14/5
f 4989/14/5 4978/14/5 4977/14/5
f 4989/14/5 4979/14/5 4978/14/5
f 4990/14/5 4979/14/5 4989/14/5
f 4991/8/5 4983/8/5 4926/8/5
f 4992/8/5 4983/8/5 4991/8/5
f 4993/8/5 4929/8/5 4984/8/5
f 4994/8/5 4929/8/5 4993/8/5
f 4995/14/5 4976/14/5 4988/14/5
f 4996/14/5 4976/14/5 4995/14/5
f 4997/14/5 4989/14/5 4977/14/5
f 4998/14/5 4989/14/5 4997/14/5
f 5002/14/5 5000/14/5 4999/14/5
f 5003/14/5 5000/14/5 5002/14/5
f 5006/14/5 5002/14/5 5001/14/5
f 5006/14/5 5004/14/5 5003/14/5
f 5006/14/5 5003/14/5 5002/14/5
f 5007/14/5 5004/14/5 5006/14/5
f 5008/14/5 5004/14/5 5007/14/5
f 5009/14/5 5004/14/5 5008/14/5
f 5015/14/5 5006/14/5 5005/14/5
f 5015/14/5 5007/14/5 5006/14/5
f 5016/14/5 5007/14/5 5015/14/5
f 5017/14/5 5009/14/5 5008/14/5
f 5017/14/5 5010/14/5 5009/14/5
f 5018/14/5 5010/14/5 5017/14/5
f 5019/14/5 5012/14/5 5011/14/5
f 5019/15/5 5011/15/5 5010/15/5
f 5020/15/5 5013/15/5 5012/15/5
f 5020/14/5 5012/14/5 5019/14/5
f 5021/14/5 5015/14/5 5005/14/5
f 5022/14/5 5017/14/5 5016/14/5
f 5023/14/5 5017/14/5 5022/14/5
f 5024/14/5 5010/14/5 5018/14/5
f 5025/15/5 5013/15/5 5020/15/5
f 5025/15/5 5020/15/5 5019/15/5
f 5026/14/5 5014/14/5 5013/14/5
f 5026/15/5 5013/15/5 5025/15/5
f 5027/14/5 5014/14/5 5026/14/5
f 5028/14/5 5021/14/5 5005/14/5
f 5028/14/5 5022/14/5 5021/14/5
f 5029/14/5 5022/14/5 5028/14/5
f 5030/14/5 5022/14/5 5029/14/5
f 5031/14/5 5024/14/5 5023/14/5
f 5032/14/5 5010/14/5 5024/14/5
f 5032/14/5 5024/14/5 5031/14/5
f 5033/15/5 5025/15/5 5019/15/5
f 5033/14/5 5010/14/5 5032/14/5
f 5033/15/5 5019/15/5 5010/15/5
f 5034/14/5 5026/14/5 5025/14/5
f 5034/15/5 5025/15/5 5033/15/5
f 5035/15/5 5027/15/5 5026/15/5
f 5035/14/5 5026/14/5 5034/14/5
f 5036/15/5 5027/15/5 5035/15/5
f 5037/14/5 5030/14/5 5029/14/5
f 5037/14/5 5032/14/5 5031/14/5
f 5037/14/5 5031/14/5 5030/14/5
f 5038/14/5 5032/14/5 5037/14/5
f 5039/14/5 5032/14/5 5038/14/5
f 5040/14/5 5032/14/5 5039/14/5
f 5041/14/5 5039/14/5 5038/14/5
f 5042/14/5 5039/14/5 5041/14/5
f 5048/14/5 5044/14/5 5043/14/5
f 5049/14/5 5046/14/5 5045/14/5
f 5060/14/5 5048/14/5 5047/14/5
f 5061/14/5 5044/14/5 5048/14/5
f 5061/14/5 5048/14/5 5060/14/5
f 5062/14/5 5044/14/5 5061/14/5
f 5063/14/5 5050/14/5 5049/14/5
f 5063/14/5 5049/14/5 5045/14/5
f 5064/14/5 5050/14/5 5063/14/5
f 5065/14/5 5050/14/5 5064/14/5
f 5069/8/5 5052/8/5 5051/8/5
f 5070/8/5 5054/8/5 5053/8/5
f 5071/8/5 5056/8/5 5055/8/5
f 5072/8/5 5056/8/5 5071/8/5
f 5073/14/5 5060/14/5 5059/14/5
f 5073/14/5 5061/14/5 5060/14/5
f 5074/14/5 5061/14/5 5073/14/5
f 5077/14/5 5065/14/5 5064/14/5
f 5077/14/5 5066/14/5 5065/14/5
f 5078/14/5 5066/14/5 5077/14/5
f 5079/10/5 5067/10/5 5066/10/5
f 5079/14/5 5066/14/5 5078/14/5
f 5080/10/5 5067/10/5 5079/10/5
f 5083/8/5 5058/8/5 5057/8/5
f 5084/8/5 5082/8/5 5081/8/5
f 5084/8/5 5083/8/5 5082/8/5
f 5085/8/5 5058/8/5 5083/8/5
f 5085/8/5 5083/8/5 5084/8/5
f 5086/14/5 5073/14/5 5059/14/5
f 5087/14/5 5075/14/5 5074/14/5
f 5088/14/5 5075/14/5 5087/14/5
f 5089/14/5 5075/14/5 5088/14/5
f 5090/14/5 5077/14/5 5076/14/5
f 5091/14/5 5077/14/5 5090/14/5
f 5092/14/5 5077/14/5 5091/14/5
f 5093/14/5 5080/14/5 5079/14/5
f 5093/14/5 5079/14/5 5078/14/5
f 5094/14/5 5080/14/5 5093/14/5
f 5095/10/5 5067/10/5 5080/10/5
f 5095/14/5 5080/14/5 5094/14/5
f 5096/14/5 5086/14/5 5059/14/5
f 5096/14/5 5087/14/5 5086/14/5
f 5097/14/5 5087/14/5 5096/14/5
f 5098/14/5 5087/14/5 5097/14/5
f 5103/14/5 5094/14/5 5093/14/5
f 5103/14/5 5093/14/5 5092/14/5
f 5104/14/5 5094/14/5 5103/14/5
f 5105/10/5 5095/10/5 5094/10/5
f 5105/14/5 5094/14/5 5104/14/5
f 5106/14/5 5068/14/5 5067/14/5
f 5106/10/5 5095/10/5 5105/10/5
f 5106/10/5 5067/10/5 5095/10/5
f 5107/14/5 5068/14/5 5106/14/5
f 5108/8/5 5070/8/5 5069/8/5
f 5108/8/5 5069/8/5 5051/8/5
f 5109/8/5 5054/8/5 5070/8/5
f 5109/8/5 5070/8/5 5108/8/5
f 5110/8/5 5058/8/5 5085/8/5
f 5111/8/5 5058/8/5 5110/8/5
f 5112/14/5 5099/14/5 5098/14/5
f 5112/14/5 5100/14/5 5099/14/5
f 5112/14/5 5098/14/5 5097/14/5
f 5113/14/5 5100/14/5 5112/14/5
f 5114/14/5 5100/14/5 5113/14/5
f 5115/14/5 5102/14/5 5101/14/5
f 5115/14/5 5103/14/5 5102/14/5
f 5115/14/5 5104/14/5 5103/14/5
f 5116/14/5 5104/14/5 5115/14/5
f 5117/14/5 5104/14/5 5116/14/5
f 5118/8/5 5108/8/5 5051/8/5
f 5119/8/5 5108/8/5 5118/8/5
f 5120/8/5 5054/8/5 5109/8/5
f 5121/8/5 5054/8/5 5120/8/5
f 5122/14/5 5114/14/5 5113/14/5
f 5122/14/5 5116/14/5 5115/14/5
f 5122/14/5 5115/14/5 5114/14/5
f 5123/14/5 5116/14/5 5122/14/5
f 5126/8/5 5125/8/5 5124/8/5
f 5127/8/5 5125/8/5 5126/8/5
f 5128/8/5 5125/8/5 5127/8/5
f 5129/8/5 5125/8/5 5128/8/5
f 5130/8/5 5128/8/5 5127/8/5
f 5133/8/5 5130/8/5 5127/8/5
f 5134/8/5 5130/8/5 5133/8/5
f 5135/8/5 5132/8/5 5131/8/5
f 5136/8/5 5132/8/5 5135/8/5
f 5140/14/5 5138/14/5 5137/14/5
f 5141/14/5 5138/14/5 5140/14/5
f 5148/14/5 5140/14/5 5139/14/5
f 5149/14/5 5140/14/5 5148/14/5
f 5150/15/5 5142/15/5 5141/15/5
f 5151/15/5 5142/15/5 5150/15/5
f 5155/8/5 5144/8/5 5143/8/5
f 5156/8/5 5144/8/5 5155/8/5
f 5157/8/5 5146/8/5 5145/8/5
f 5158/8/5 5146/8/5 5157/8/5
f 5159/14/5 5148/14/5 5147/14/5
f 5160/14/5 5148/14/5 5159/14/5
f 5163/14/5 5152/14/5 5151/14/5
f 5164/14/5 5152/14/5 5163/14/5
f 5165/10/5 5153/10/5 5152/10/5
f 5165/14/5 5152/14/5 5164/14/5
f 5166/14/5 5154/14/5 5153/14/5
f 5166/10/5 5153/10/5 5165/10/5
f 5167/9/5 5155/9/5 5154/9/5
f 5167/14/5 5154/14/5 5166/14/5
f 5168/8/5 5157/8/5 5156/8/5
f 5169/8/5 5157/8/5 5168/8/5
f 5174/14/5 5159/14/5 5147/14/5
f 5176/14/5 5162/14/5 5161/14/5
f 5177/14/5 5162/14/5 5176/14/5
f 5179/8/5 5171/8/5 5170/8/5
f 5180/8/5 5171/8/5 5179/8/5
f 5183/14/5 5174/14/5 5173/14/5
f 5183/8/5 5173/8/5 5172/8/5
f 5184/14/5 5159/14/5 5174/14/5
f 5184/14/5 5174/14/5 5183/14/5
f 5185/14/5 5176/14/5 5175/14/5
f 5186/14/5 5176/14/5 5185/14/5
f 5187/14/5 5178/14/5 5177/14/5
f 5188/14/5 5178/14/5 5187/14/5
f 5189/8/5 5182/8/5 5181/8/5
f 5190/8/5 5182/8/5 5189/8/5
f 5191/8/5 5183/8/5 5172/8/5
f 5192/8/5 5183/8/5 5191/8/5
f 5193/14/5 5159/14/5 5184/14/5
f 5195/14/5 5187/14/5 5186/14/5
f 5196/14/5 5187/14/5 5195/14/5
f 5201/9/5 5155/9/5 5167/9/5
f 5204/14/5 5194/14/5 5193/14/5
f 5204/14/5 5193/14/5 5184/14/5
f 5205/14/5 5194/14/5 5204/14/5
f 5207/14/5 5199/14/5 5198/14/5
f 5207/14/5 5198/14/5 5197/14/5
f 5208/10/5 5200/10/5 5199/10/5
f 5208/14/5 5199/14/5 5207/14/5
f 5209/14/5 5201/14/5 5200/14/5
f 5209/10/5 5200/10/5 5208/10/5
f 5210/9/5 5155/9/5 5201/9/5
f 5210/14/5 5201/14/5 5209/14/5
f 5211/9/5 5155/9/5 5210/9/5
f 5212/8/5 5203/8/5 5202/8/5
f 5213/8/5 5203/8/5 5212/8/5
f 5215/14/5 5206/14/5 5205/14/5
f 5216/14/5 5206/14/5 5215/14/5
f 5218/8/5 5212/8/5 5211/8/5
f 5219/8/5 5212/8/5 5218/8/5
f 5220/8/5 5214/8/5 5213/8/5
f 5221/8/5 5214/8/5 5220/8/5
f 5222/14/5 5217/14/5 5216/14/5
f 5223/14/5 5217/14/5 5222/14/5
f 5227/14/5 5225/14/5 5224/14/5
f 5228/14/5 5225/14/5 5227/14/5
f 5231/14/5 5227/14/5 5226/14/5
f 5232/14/5 5227/14/5 5231/14/5
f 5233/15/5 5229/15/5 5228/15/5
f 5234/15/5 5229/15/5 5233/15/5
f 5239/14/5 5231/14/5 5230/14/5
f 5240/14/5 5231/14/5 5239/14/5
f 5241/14/5 5231/14/5 5240/14/5
f 5244/14/5 5235/14/5 5234/14/5
f 5245/15/5 5236/15/5 5235/15/5
f 5245/14/5 5235/14/5 5244/14/5
f 5246/15/5 5236/15/5 5245/15/5
f 5247/15/5 5236/15/5 5246/15/5
f 5248/14/5 5237/14/5 5236/14/5
f 5248/15/5 5236/15/5 5247/15/5
f 5249/14/5 5237/14/5 5248/14/5
f 5253/14/5 5239/14/5 5238/14/5
f 5253/14/5 5240/14/5 5239/14/5
f 5255/14/5 5243/14/5 5242/14/5
f 5256/14/5 5243/14/5 5255/14/5
f 5258/16/5 5251/16/5 5250/16/5
f 5258/14/5 5250/14/5 5249/14/5
f 5259/16/5 5251/16/5 5258/16/5
f 5261/14/5 5253/14/5 5252/14/5
f 5262/14/5 5240/14/5 5253/14/5
f 5262/14/5 5253/14/5 5261/14/5
f 5263/14/5 5255/14/5 5254/14/5
f 5264/14/5 5255/14/5 5263/14/5
f 5265/14/5 5257/14/5 5256/14/5
f 5266/14/5 5257/14/5 5265/14/5
f 5267/14/5 5258/14/5 5249/14/5
f 5268/15/5 5260/15/5 5259/15/5
f 5268/14/5 5258/14/5 5267/14/5
f 5268/15/5 5259/15/5 5258/15/5
f 5269/15/5 5260/15/5 5268/15/5
f 5270/15/5 5260/15/5 5269/15/5
f 5271/14/5 5240/14/5 5262/14/5
f 5272/14/5 5240/14/5 5271/14/5
f 5273/14/5 5240/14/5 5272/14/5
f 5275/14/5 5265/14/5 5264/14/5
f 5276/14/5 5265/14/5 5275/14/5
f 5281/15/5 5269/15/5 5268/15/5
f 5281/15/5 5268/15/5 5267/15/5
f 5282/15/5 5269/15/5 5281/15/5
f 5283/14/5 5274/14/5 5273/14/5
f 5283/14/5 5273/14/5 5272/14/5
f 5284/14/5 5274/14/5 5283/14/5
f 5286/14/5 5278/14/5 5277/14/5
f 5287/15/5 5279/15/5 5278/15/5
f 5287/14/5 5278/14/5 5286/14/5
f 5288/14/5 5280/14/5 5279/14/5
f 5288/15/5 5279/15/5 5287/15/5
f 5288/14/5 5281/14/5 5280/14/5
f 5289/14/5 5281/14/5 5288/14/5
f 5290/14/5 5285/14/5 5284/14/5
f 5291/14/5 5285/14/5 5290/14/5
f 5293/14/5 5292/14/5 5291/14/5
f 5294/14/5 5292/14/5 5293/14/5
f 5298/14/5 5296/14/5 5295/14/5
f 5299/14/5 5296/14/5 5298/14/5
f 5306/14/5 5298/14/5 5297/14/5
f 5307/14/5 5298/14/5 5306/14/5
f 5308/15/5 5300/15/5 5299/15/5
f 5309/15/5 5300/15/5 5308/15/5
f 5313/8/5 5302/8/5 5301/8/5
f 5314/8/5 5302/8/5 5313/8/5
f 5315/8/5 5304/8/5 5303/8/5
f 5316/8/5 5304/8/5 5315/8/5
f 5317/14/5 5306/14/5 5305/14/5
f 5318/14/5 5306/14/5 5317/14/5
f 5321/14/5 5310/14/5 5309/14/5
f 5322/14/5 5310/14/5 5321/14/5
f 5323/10/5 5311/10/5 5310/10/5
f 5323/14/5 5310/14/5 5322/14/5
f 5324/14/5 5312/14/5 5311/14/5
f 5324/10/5 5311/10/5 5323/10/5
f 5325/9/5 5313/9/5 5312/9/5
f 5325/14/5 5312/14/5 5324/14/5
f 5326/8/5 5315/8/5 5314/8/5
f 5327/8/5 5315/8/5 5326/8/5
f 5332/14/5 5317/14/5 5305/14/5
f 5334/14/5 5320/14/5 5319/14/5
f 5335/14/5 5320/14/5 5334/14/5
f 5337/8/5 5329/8/5 5328/8/5
f 5338/8/5 5329/8/5 5337/8/5
f 5341/14/5 5332/14/5 5331/14/5
f 5341/8/5 5331/8/5 5330/8/5
f 5342/14/5 5317/14/5 5332/14/5
f 5342/14/5 5332/14/5 5341/14/5
f 5343/14/5 5334/14/5 5333/14/5
f 5344/14/5 5334/14/5 5343/14/5
f 5345/14/5 5336/14/5 5335/14/5
f 5346/14/5 5336/14/5 5345/14/5
f 5347/8/5 5340/8/5 5339/8/5
f 5348/8/5 5340/8/5 5347/8/5
f 5349/8/5 5341/8/5 5330/8/5
f 5350/8/5 5341/8/5 5349/8/5
f 5351/14/5 5317/14/5 5342/14/5
f 5353/14/5 5345/14/5 5344/14/5
f 5354/14/5 5345/14/5 5353/14/5
f 5359/9/5 5313/9/5 5325/9/5
f 5362/14/5 5352/14/5 5351/14/5
f 5362/14/5 5351/14/5 5342/14/5
f 5363/14/5 5352/14/5 5362/14/5
f 5365/14/5 5357/14/5 5356/14/5
f 5365/14/5 5356/14/5 5355/14/5
f 5366/10/5 5358/10/5 5357/10/5
f 5366/14/5 5357/14/5 5365/14/5
f 5367/14/5 5359/14/5 5358/14/5
f 5367/10/5 5358/10/5 5366/10/5
f 5368/9/5 5313/9/5 5359/9/5
f 5368/14/5 5359/14/5 5367/14/5
f 5369/9/5 5313/9/5 5368/9/5
f 5370/8/5 5361/8/5 5360/8/5
f 5371/8/5 5361/8/5 5370/8/5
f 5373/14/5 5364/14/5 5363/14/5
f 5374/14/5 5364/14/5 5373/14/5
f 5376/8/5 5370/8/5 5369/8/5
f 5377/8/5 5370/8/5 5376/8/5
f 5378/8/5 5372/8/5 5371/8/5
f 5379/8/5 5372/8/5 5378/8/5
f 5380/14/5 5375/14/5 5374/14/5
f 5381/14/5 5375/14/5 5380/14/5
f 5384/8/5 5383/8/5 5382/8/5
f 5385/8/5 5383/8/5 5384/8/5
f 5390/8/5 5387/8/5 5386/8/5
f 5391/8/5 5387/8/5 5390/8/5
f 5392/8/5 5389/8/5 5388/8/5
f 5393/8/5 5389/8/5 5392/8/5
f 5401/14/5 5395/14/5 5394/14/5
f 5402/15/5 5396/15/5 5395/15/5
f 5402/14/5 5395/14/5 5401/14/5
f 5403/2/5 5397/2/5 5396/2/5
f 5403/15/5 5396/15/5 5402/15/5
f 5404/15/5 5398/15/5 5397/15/5
f 5404/2/5 5397/2/5 5403/2/5
f 5405/16/5 5399/16/5 5398/16/5
f 5405/15/5 5398/15/5 5404/15/5
f 5406/16/5 5399/16/5 5405/16/5
f 5408/15/5 5404/15/5 5403/15/5
f 5408/15/5 5407/15/5 5406/15/5
f 5408/15/5 5406/15/5 5405/15/5
f 5408/15/5 5405/15/5 5404/15/5
f 5408/15/5 5402/15/5 5401/15/5
f 5408/15/5 5403/15/5 5402/15/5
f 5410/15/5 5408/15/5 5401/15/5
f 5410/16/5 5409/16/5 5408/16/5
f 5411/16/5 5409/16/5 5410/16/5
f 5413/15/5 5411/15/5 5410/15/5
f 5413/16/5 5412/16/5 5411/16/5
f 5414/16/5 5412/16/5 5413/16/5
f 5416/14/5 5401/14/5 5400/14/5
f 5417/15/5 5410/15/5 5401/15/5
f 5417/15/5 5413/15/5 5410/15/5
f 5417/14/5 5401/14/5 5416/14/5
f 5417/15/5 5414/15/5 5413/15/5
f 5419/14/5 5416/14/5 5415/14/5
f 5420/15/5 5417/15/5 5416/15/5
f 5420/14/5 5416/14/5 5419/14/5
f 5421/15/5 5414/15/5 5417/15/5
f 5421/15/5 5417/15/5 5420/15/5
f 5421/15/5 5420/15/5 5419/15/5
f 5422/15/5 5414/15/5 5421/15/5
f 5423/14/5 5419/14/5 5418/14/5
f 5424/15/5 5421/15/5 5419/15/5
f 5424/14/5 5419/14/5 5423/14/5
f 5425/15/5 5421/15/5 5424/15/5
f 5426/16/5 5422/16/5 5421/16/5
f 5426/15/5 5421/15/5 5425/15/5
f 5427/16/5 5422/16/5 5426/16/5
f 5428/4/5 5425/4/5 5424/4/5
f 5428/4/5 5424/4/5 5423/4/5
f 5429/5/5 5426/5/5 5425/5/5
f 5429/4/5 5425/4/5 5428/4/5
f 5430/4/5 5428/4/5 5423/4/5
f 5431/5/5 5429/5/5 5428/5/5
f 5431/4/5 5428/4/5 5430/4/5
f 5432/6/5 5427/6/5 5426/6/5
f 5432/5/5 5429/5/5 5431/5/5
f 5432/5/5 5426/5/5 5429/5/5
f 5433/6/5 5427/6/5 5432/6/5
f 5436/14/5 5431/14/5 5430/14/5
f 5437/15/5 5432/15/5 5431/15/5
f 5437/14/5 5431/14/5 5436/14/5
f 5437/15/5 5433/15/5 5432/15/5
f 5438/15/5 5433/15/5 5437/15/5
f 5439/15/5 5433/15/5 5438/15/5
f 5440/15/5 5433/15/5 5439/15/5
f 5448/14/5 5435/14/5 5434/14/5
f 5449/14/5 5435/14/5 5448/14/5
f 5450/14/5 5435/14/5 5449/14/5
f 5451/15/5 5439/15/5 5438/15/5
f 5452/15/5 5439/15/5 5451/15/5
f 5453/16/5 5440/16/5 5439/16/5
f 5453/15/5 5439/15/5 5452/15/5
f 5454/15/5 5441/15/5 5440/15/5
f 5454/16/5 5440/16/5 5453/16/5
f 5455/14/5 5442/14/5 5441/14/5
f 5455/15/5 5441/15/5 5454/15/5
f 5456/14/5 5442/14/5 5455/14/5
f 5457/8/5 5444/8/5 5443/8/5
f 5458/8/5 5444/8/5 5457/8/5
f 5459/8/5 5446/8/5 5445/8/5
f 5460/8/5 5446/8/5 5459/8/5
f 5462/14/5 5448/14/5 5447/14/5
f 5462/14/5 5449/14/5 5448/14/5
f 5463/14/5 5449/14/5 5462/14/5
f 5464/5/5 5453/5/5 5452/5/5
f 5465/10/5 5454/10/5 5453/10/5
f 5465/5/5 5453/5/5 5464/5/5
f 5465/10/5 5455/10/5 5454/10/5
f 5466/10/5 5455/10/5 5465/10/5
f 5467/14/5 5456/14/5 5455/14/5
f 5467/10/5 5455/10/5 5466/10/5
f 5468/9/5 5457/9/5 5456/9/5
f 5468/14/5 5456/14/5 5467/14/5
f 5469/9/5 5457/9/5 5468/9/5
f 5470/8/5 5459/8/5 5458/8/5
f 5471/8/5 5459/8/5 5470/8/5
f 5474/14/5 5462/14/5 5461/14/5
f 5475/14/5 5462/14/5 5474/14/5
f 5476/11/5 5473/11/5 5472/11/5
f 5480/14/5 5474/14/5 5461/14/5
f 5481/14/5 5474/14/5 5480/14/5
f 5482/14/5 5462/14/5 5475/14/5
f 5483/14/5 5462/14/5 5482/14/5
f 5484/14/5 5462/14/5 5483/14/5
f 5485/14/5 5479/14/5 5478/14/5
f 5487/14/5 5485/14/5 5478/14/5
f 5487/14/5 5486/14/5 5485/14/5
f 5488/14/5 5486/14/5 5487/14/5
f 5494/14/5 5490/14/5 5489/14/5
f 5495/11/5 5477/11/5 5476/11/5
f 5495/11/5 5476/11/5 5472/11/5
f 5496/11/5 5477/11/5 5495/11/5
f 5497/14/5 5492/14/5 5491/14/5
f 5498/14/5 5492/14/5 5497/14/5
f 5499/14/5 5494/14/5 5493/14/5
f 5500/14/5 5490/14/5 5494/14/5
f 5500/14/5 5494/14/5 5499/14/5
f 5510/8/5 5472/8/5 5471/8/5
f 5511/11/5 5495/11/5 5472/11/5
f 5511/8/5 5472/8/5 5510/8/5
f 5512/11/5 5495/11/5 5511/11/5
f 5513/14/5 5501/14/5 5500/14/5
f 5514/14/5 5501/14/5 5513/14/5
f 5515/14/5 5501/14/5 5514/14/5
f 5517/15/5 5503/15/5 5502/15/5
f 5517/15/5 5504/15/5 5503/15/5
f 5517/10/5 5505/10/5 5504/10/5
f 5517/10/5 5506/10/5 5505/10/5
f 5518/10/5 5506/10/5 5517/10/5
f 5519/10/5 5506/10/5 5518/10/5
f 5520/14/5 5507/14/5 5506/14/5
f 5520/10/5 5506/10/5 5519/10/5
f 5521/9/5 5508/9/5 5507/9/5
f 5521/14/5 5507/14/5 5520/14/5
f 5522/9/5 5508/9/5 5521/9/5
f 5523/8/5 5510/8/5 5509/8/5
f 5524/8/5 5510/8/5 5523/8/5
f 5526/14/5 5516/14/5 5515/14/5
f 5526/14/5 5515/14/5 5514/14/5
f 5527/14/5 5516/14/5 5526/14/5
f 5530/15/5 5517/15/5 5502/15/5
f 5530/15/5 5518/15/5 5517/15/5
f 5531/15/5 5520/15/5 5519/15/5
f 5531/16/5 5519/16/5 5518/16/5
f 5532/14/5 5521/14/5 5520/14/5
f 5532/15/5 5520/15/5 5531/15/5
f 5533/14/5 5521/14/5 5532/14/5
f 5534/8/5 5523/8/5 5522/8/5
f 5535/8/5 5523/8/5 5534/8/5
f 5536/8/5 5525/8/5 5524/8/5
f 5537/8/5 5525/8/5 5536/8/5
f 5538/15/5 5530/15/5 5529/15/5
f 5538/15/5 5518/15/5 5530/15/5
f 5539/16/5 5531/16/5 5518/16/5
f 5539/15/5 5518/15/5 5538/15/5
f 5540/15/5 5538/15/5 5529/15/5
f 5541/15/5 5538/15/5 5540/15/5
f 5542/16/5 5539/16/5 5538/16/5
f 5542/15/5 5538/15/5 5541/15/5
f 5543/16/5 5531/16/5 5539/16/5
f 5543/16/5 5539/16/5 5542/16/5
f 5544/14/5 5541/14/5 5540/14/5
f 5544/15/5 5540/15/5 5529/15/5
f 5545/15/5 5542/15/5 5541/15/5
f 5545/14/5 5541/14/5 5544/14/5
f 5545/15/5 5543/15/5 5542/15/5
f 5546/15/5 5544/15/5 5529/15/5
f 5546/14/5 5529/14/5 5528/14/5
f 5546/15/5 5545/15/5 5544/15/5
f 5547/15/5 5545/15/5 5546/15/5
f 5548/15/5 5543/15/5 5545/15/5
f 5548/15/5 5545/15/5 5547/15/5
f 5549/15/5 5543/15/5 5548/15/5
f 5550/14/5 5547/14/5 5546/14/5
f 5550/14/5 5546/14/5 5528/14/5
f 5551/15/5 5548/15/5 5547/15/5
f 5551/14/5 5547/14/5 5550/14/5
f 5552/14/5 5549/14/5 5548/14/5
f 5552/15/5 5548/15/5 5551/15/5
f 5553/15/5 5543/15/5 5549/15/5
f 5553/14/5 5549/14/5 5552/14/5
f 5554/15/5 5552/15/5 5551/15/5
f 5554/15/5 5543/15/5 5553/15/5
f 5554/15/5 5553/15/5 5552/15/5
f 5554/16/5 5531/16/5 5543/16/5
f 5554/15/5 5551/15/5 5550/15/5
f 5555/16/5 5531/16/5 5554/16/5
f 5557/14/5 5550/14/5 5528/14/5
f 5558/15/5 5554/15/5 5550/15/5
f 5558/15/5 5555/15/5 5554/15/5
f 5558/14/5 5550/14/5 5557/14/5
f 5559/15/5 5555/15/5 5558/15/5
f 5560/15/5 5555/15/5 5559/15/5
f 5568/14/5 5559/14/5 5558/14/5
f 5568/14/5 5558/14/5 5557/14/5
f 5568/14/5 5557/14/5 5556/14/5
f 5569/14/5 5559/14/5 5568/14/5
f 5570/14/5 5559/14/5 5569/14/5
f 5571/14/5 5562/14/5 5561/14/5
f 5572/14/5 5562/14/5 5571/14/5
f 5573/15/5 5563/15/5 5562/15/5
f 5573/14/5 5562/14/5 5572/14/5
f 5574/15/5 5565/15/5 5564/15/5
f 5574/14/5 5566/14/5 5565/14/5
f 5575/14/5 5566/14/5 5574/14/5
f 5576/14/5 5566/14/5 5575/14/5
f 5580/14/5 5568/14/5 5567/14/5
f 5580/14/5 5569/14/5 5568/14/5
f 5581/14/5 5569/14/5 5580/14/5
f 5582/15/5 5573/15/5 5572/15/5
f 5583/15/5 5563/15/5 5573/15/5
f 5583/15/5 5573/15/5 5582/15/5
f 5583/14/5 5564/14/5 5563/14/5
f 5584/15/5 5575/15/5 5574/15/5
f 5584/14/5 5564/14/5 5583/14/5
f 5584/15/5 5574/15/5 5564/15/5
f 5585/14/5 5577/14/5 5576/14/5
f 5585/15/5 5575/15/5 5584/15/5
f 5585/14/5 5576/14/5 5575/14/5
f 5586/14/5 5577/14/5 5585/14/5
f 5587/16/5 5578/16/5 5577/16/5
f 5587/14/5 5577/14/5 5586/14/5
f 5588/16/5 5578/16/5 5587/16/5
f 5590/14/5 5580/14/5 5579/14/5
f 5591/14/5 5580/14/5 5590/14/5
f 5592/14/5 5580/14/5 5591/14/5
f 5593/14/5 5587/14/5 5586/14/5
f 5594/15/5 5588/15/5 5587/15/5
f 5594/14/5 5587/14/5 5593/14/5
f 5595/15/5 5588/15/5 5594/15/5
f 5598/14/5 5591/14/5 5590/14/5
f 5598/14/5 5590/14/5 5589/14/5
f 5599/14/5 5591/14/5 5598/14/5
f 5600/14/5 5591/14/5 5599/14/5
f 5601/14/5 5591/14/5 5600/14/5
f 5602/16/5 5596/16/5 5595/16/5
f 5603/16/5 5596/16/5 5602/16/5
f 5605/15/5 5598/15/5 5597/15/5
f 5605/15/5 5599/15/5 5598/15/5
f 5606/15/5 5599/15/5 5605/15/5
f 5607/14/5 5600/14/5 5599/14/5
f 5607/15/5 5599/15/5 5606/15/5
f 5608/14/5 5600/14/5 5607/14/5
f 5611/15/5 5604/15/5 5603/15/5
f 5612/15/5 5604/15/5 5611/15/5
f 5613/14/5 5609/14/5 5608/14/5
f 5613/14/5 5607/14/5 5606/14/5
f 5613/14/5 5608/14/5 5607/14/5
f 5614/14/5 5609/14/5 5613/14/5
f 5615/14/5 5609/14/5 5614/14/5
f 5619/16/5 5611/16/5 5610/16/5
f 5620/16/5 5611/16/5 5619/16/5
f 5621/14/5 5615/14/5 5614/14/5
f 5621/14/5 5616/14/5 5615/14/5
f 5622/14/5 5616/14/5 5621/14/5
f 5630/16/5 5618/16/5 5617/16/5
f 5631/15/5 5619/15/5 5618/15/5
f 5631/16/5 5618/16/5 5630/16/5
f 5632/14/5 5623/14/5 5622/14/5
f 5633/14/5 5623/14/5 5632/14/5
f 5634/14/5 5623/14/5 5633/14/5
f 5636/15/5 5625/15/5 5624/15/5
f 5636/15/5 5626/15/5 5625/15/5
f 5637/15/5 5626/15/5 5636/15/5
f 5638/14/5 5629/14/5 5628/14/5
f 5638/14/5 5630/14/5 5629/14/5
f 5638/15/5 5631/15/5 5630/15/5
f 5639/15/5 5619/15/5 5631/15/5
f 5639/15/5 5631/15/5 5638/15/5
f 5640/14/5 5635/14/5 5634/14/5
f 5640/14/5 5634/14/5 5633/14/5
f 5641/14/5 5635/14/5 5640/14/5
f 5642/14/5 5635/14/5 5641/14/5
f 5643/14/5 5635/14/5 5642/14/5
f 5645/14/5 5637/14/5 5636/14/5
f 5646/15/5 5626/15/5 5637/15/5
f 5646/14/5 5637/14/5 5645/14/5
f 5647/14/5 5627/14/5 5626/14/5
f 5647/15/5 5626/15/5 5646/15/5
f 5648/15/5 5628/15/5 5627/15/5
f 5648/14/5 5627/14/5 5647/14/5
f 5649/14/5 5638/14/5 5628/14/5
f 5649/15/5 5628/15/5 5648/15/5
f 5650/14/5 5638/14/5 5649/14/5
f 5651/15/5 5644/15/5 5643/15/5
f 5651/15/5 5643/15/5 5642/15/5
f 5652/15/5 5644/15/5 5651/15/5
f 5653/15/5 5651/15/5 5642/15/5
f 5654/15/5 5651/15/5 5653/15/5
f 5655/15/5 5651/15/5 5654/15/5
f 5656/15/5 5651/15/5 5655/15/5
f 5657/15/5 5653/15/5 5642/15/5
f 5657/14/5 5654/14/5 5653/14/5
f 5658/15/5 5655/15/5 5654/15/5
f 5658/14/5 5654/14/5 5657/14/5
f 5659/14/5 5656/14/5 5655/14/5
f 5659/15/5 5655/15/5 5658/15/5
f 5660/15/5 5651/15/5 5656/15/5
f 5660/14/5 5656/14/5 5659/14/5
f 5661/14/5 5642/14/5 5641/14/5
f 5661/15/5 5659/15/5 5658/15/5
f 5661/15/5 5660/15/5 5659/15/5
f 5661/15/5 5657/15/5 5642/15/5
f 5661/15/5 5658/15/5 5657/15/5
f 5662/15/5 5660/15/5 5661/15/5
f 5663/14/5 5661/14/5 5641/14/5
f 5663/14/5 5662/14/5 5661/14/5
f 5664/15/5 5660/15/5 5662/15/5
f 5664/14/5 5662/14/5 5663/14/5
f 5665/15/5 5660/15/5 5664/15/5
f 5666/15/5 5660/15/5 5665/15/5
f 5667/15/5 5664/15/5 5663/15/5
f 5667/15/5 5665/15/5 5664/15/5
f 5667/14/5 5666/14/5 5665/14/5
f 5668/15/5 5660/15/5 5666/15/5
f 5668/14/5 5666/14/5 5667/14/5
f 5671/14/5 5663/14/5 5641/14/5
f 5672/15/5 5667/15/5 5663/15/5
f 5672/14/5 5663/14/5 5671/14/5
f 5672/15/5 5668/15/5 5667/15/5
f 5673/15/5 5660/15/5 5668/15/5
f 5673/15/5 5668/15/5 5672/15/5
f 5674/15/5 5651/15/5 5660/15/5
f 5674/15/5 5660/15/5 5673/15/5
f 5674/16/5 5652/16/5 5651/16/5
f 5675/16/5 5652/16/5 5674/16/5
f 5683/14/5 5670/14/5 5669/14/5
f 5684/14/5 5670/14/5 5683/14/5
f 5685/14/5 5670/14/5 5684/14/5
f 5686/14/5 5675/14/5 5674/14/5
f 5686/14/5 5674/14/5 5673/14/5
f 5687/14/5 5675/14/5 5686/14/5
f 5688/14/5 5675/14/5 5687/14/5
f 5689/15/5 5676/15/5 5675/15/5
f 5689/14/5 5675/14/5 5688/14/5
f 5690/14/5 5677/14/5 5676/14/5
f 5690/15/5 5676/15/5 5689/15/5
f 5691/14/5 5677/14/5 5690/14/5
f 5692/8/5 5679/8/5 5678/8/5
f 5693/8/5 5679/8/5 5692/8/5
f 5694/8/5 5681/8/5 5680/8/5
f 5695/8/5 5681/8/5 5694/8/5
f 5697/14/5 5684/14/5 5683/14/5
f 5697/14/5 5683/14/5 5682/14/5
f 5698/14/5 5684/14/5 5697/14/5
f 5699/15/5 5688/15/5 5687/15/5
f 5700/10/5 5689/10/5 5688/10/5
f 5700/15/5 5688/15/5 5699/15/5
f 5700/10/5 5690/10/5 5689/10/5
f 5701/10/5 5690/10/5 5700/10/5
f 5702/14/5 5691/14/5 5690/14/5
f 5702/10/5 5690/10/5 5701/10/5
f 5703/9/5 5692/9/5 5691/9/5
f 5703/14/5 5691/14/5 5702/14/5
f 5704/9/5 5692/9/5 5703/9/5
f 5705/8/5 5694/8/5 5693/8/5
f 5706/8/5 5694/8/5 5705/8/5
f 5709/14/5 5697/14/5 5696/14/5
f 5710/14/5 5697/14/5 5709/14/5
f 5711/11/5 5708/11/5 5707/11/5
f 5715/14/5 5709/14/5 5696/14/5
f 5716/14/5 5709/14/5 5715/14/5
f 5717/14/5 5697/14/5 5710/14/5
f 5718/14/5 5697/14/5 5717/14/5
f 5719/14/5 5697/14/5 5718/14/5
f 5720/14/5 5714/14/5 5713/14/5
f 5722/14/5 5720/14/5 5713/14/5
f 5722/14/5 5721/14/5 5720/14/5
f 5723/14/5 5721/14/5 5722/14/5
f 5729/14/5 5725/14/5 5724/14/5
f 5730/11/5 5712/11/5 5711/11/5
f 5730/11/5 5711/11/5 5707/11/5
f 5731/11/5 5712/11/5 5730/11/5
f 5732/14/5 5727/14/5 5726/14/5
f 5733/14/5 5727/14/5 5732/14/5
f 5734/14/5 5729/14/5 5728/14/5
f 5735/14/5 5725/14/5 5729/14/5
f 5735/14/5 5729/14/5 5734/14/5
f 5745/8/5 5707/8/5 5706/8/5
f 5746/11/5 5730/11/5 5707/11/5
f 5746/8/5 5707/8/5 5745/8/5
f 5747/11/5 5730/11/5 5746/11/5
f 5748/14/5 5736/14/5 5735/14/5
f 5749/14/5 5736/14/5 5748/14/5
f 5750/14/5 5736/14/5 5749/14/5
f 5752/15/5 5738/15/5 5737/15/5
f 5752/15/5 5739/15/5 5738/15/5
f 5753/10/5 5740/10/5 5739/10/5
f 5753/15/5 5739/15/5 5752/15/5
f 5753/10/5 5741/10/5 5740/10/5
f 5754/10/5 5741/10/5 5753/10/5
f 5755/14/5 5742/14/5 5741/14/5
f 5755/10/5 5741/10/5 5754/10/5
f 5756/9/5 5743/9/5 5742/9/5
f 5756/14/5 5742/14/5 5755/14/5
f 5757/9/5 5743/9/5 5756/9/5
f 5758/8/5 5745/8/5 5744/8/5
f 5759/8/5 5745/8/5 5758/8/5
f 5761/14/5 5751/14/5 5750/14/5
f 5761/14/5 5750/14/5 5749/14/5
f 5762/14/5 5751/14/5 5761/14/5
f 5765/14/5 5754/14/5 5753/14/5
f 5765/14/5 5753/14/5 5752/14/5
f 5766/14/5 5754/14/5 5765/14/5
f 5767/15/5 5755/15/5 5754/15/5
f 5767/14/5 5754/14/5 5766/14/5
f 5768/14/5 5756/14/5 5755/14/5
f 5768/15/5 5755/15/5 5767/15/5
f 5769/14/5 5756/14/5 5768/14/5
f 5770/8/5 5758/8/5 5757/8/5
f 5771/8/5 5758/8/5 5770/8/5
f 5772/8/5 5760/8/5 5759/8/5
f 5773/8/5 5760/8/5 5772/8/5
f 5774/14/5 5764/14/5 5763/14/5
f 5775/15/5 5766/15/5 5765/15/5
f 5775/14/5 5764/14/5 5774/14/5
f 5775/15/5 5765/15/5 5764/15/5
f 5776/16/5 5767/16/5 5766/16/5
f 5776/15/5 5766/15/5 5775/15/5
f 5777/16/5 5767/16/5 5776/16/5
f 5778/16/5 5767/16/5 5777/16/5
f 5779/4/5 5775/4/5 5774/4/5
f 5779/5/5 5776/5/5 5775/5/5
f 5779/5/5 5777/5/5 5776/5/5
f 5780/5/5 5777/5/5 5779/5/5
f 5781/5/5 5777/5/5 5780/5/5
f 5782/5/5 5777/5/5 5781/5/5
f 5783/4/5 5779/4/5 5774/4/5
f 5783/4/5 5780/4/5 5779/4/5
f 5784/4/5 5780/4/5 5783/4/5
f 5785/5/5 5781/5/5 5780/5/5
f 5785/4/5 5780/4/5 5784/4/5
f 5786/5/5 5781/5/5 5785/5/5
f 5787/5/5 5781/5/5 5786/5/5
f 5788/5/5 5777/5/5 5782/5/5
f 5789/5/5 5777/5/5 5788/5/5
f 5790/6/5 5778/6/5 5777/6/5
f 5790/5/5 5777/5/5 5789/5/5
f 5791/6/5 5778/6/5 5790/6/5
f 5792/15/5 5785/15/5 5784/15/5
f 5792/15/5 5786/15/5 5785/15/5
f 5795/15/5 5791/15/5 5790/15/5
f 5795/15/5 5790/15/5 5789/15/5
f 5796/15/5 5791/15/5 5795/15/5
f 5797/15/5 5791/15/5 5796/15/5
f 5798/14/5 5784/14/5 5783/14/5
f 5799/15/5 5793/15/5 5792/15/5
f 5799/14/5 5784/14/5 5798/14/5
f 5799/15/5 5792/15/5 5784/15/5
f 5800/15/5 5793/15/5 5799/15/5
f 5801/16/5 5797/16/5 5796/16/5
f 5801/15/5 5795/15/5 5794/15/5
f 5801/15/5 5796/15/5 5795/15/5
f 5802/15/5 5791/15/5 5797/15/5
f 5802/16/5 5797/16/5 5801/16/5
f 5803/15/5 5793/15/5 5800/15/5
f 5805/15/5 5801/15/5 5794/15/5
f 5805/15/5 5802/15/5 5801/15/5
f 5806/15/5 5791/15/5 5802/15/5
f 5806/15/5 5802/15/5 5805/15/5
f 5807/15/5 5791/15/5 5806/15/5
f 5808/14/5 5800/14/5 5799/14/5
f 5809/15/5 5804/15/5 5803/15/5
f 5809/14/5 5800/14/5 5808/14/5
f 5809/15/5 5803/15/5 5800/15/5
f 5810/15/5 5804/15/5 5809/15/5
f 5811/15/5 5804/15/5 5810/15/5
f 5812/15/5 5806/15/5 5805/15/5
f 5813/15/5 5806/15/5 5812/15/5
f 5813/15/5 5812/15/5 5811/15/5
f 5814/16/5 5807/16/5 5806/16/5
f 5814/15/5 5806/15/5 5813/15/5
f 5815/16/5 5807/16/5 5814/16/5
f 5816/15/5 5813/15/5 5811/15/5
f 5817/16/5 5814/16/5 5813/16/5
f 5817/15/5 5813/15/5 5816/15/5
f 5818/16/5 5814/16/5 5817/16/5
f 5819/14/5 5810/14/5 5809/14/5
f 5820/15/5 5811/15/5 5810/15/5
f 5820/14/5 5810/14/5 5819/14/5
f 5820/15/5 5816/15/5 5811/15/5
f 5821/15/5 5816/15/5 5820/15/5
f 5822/15/5 5816/15/5 5821/15/5
f 5823/15/5 5816/15/5 5822/15/5
f 5824/15/5 5816/15/5 5823/15/5
f 5825/16/5 5817/16/5 5816/16/5
f 5825/15/5 5816/15/5 5824/15/5
f 5826/16/5 5817/16/5 5825/16/5
f 5827/14/5 5821/14/5 5820/14/5
f 5828/15/5 5822/15/5 5821/15/5
f 5828/14/5 5821/14/5 5827/14/5
f 5829/2/5 5823/2/5 5822/2/5
f 5829/15/5 5822/15/5 5828/15/5
f 5830/15/5 5824/15/5 5823/15/5
f 5830/2/5 5823/2/5 5829/2/5
f 5831/16/5 5825/16/5 5824/16/5
f 5831/15/5 5824/15/5 5830/15/5
f 5832/16/5 5825/16/5 5831/16/5
f 5835/8/5 5834/8/5 5833/8/5
f 5836/8/5 5834/8/5 5835/8/5
f 5839/11/5 5838/11/5 5837/11/5
f 5840/11/5 5838/11/5 5839/11/5
f 5843/14/5 5842/14/5 5841/14/5
f 5844/14/5 5842/14/5 5843/14/5
f 5847/11/5 5846/11/5 5845/11/5
f 5848/11/5 5846/11/5 5847/11/5
f 5851/8/5 5850/8/5 5849/8/5
f 5852/8/5 5850/8/5 5851/8/5
f 5858/15/5 5854/15/5 5853/15/5
f 5859/14/5 5855/14/5 5854/14/5
f 5859/15/5 5854/15/5 5858/15/5
f 5860/14/5 5855/14/5 5859/14/5
f 5864/15/5 5857/15/5 5856/15/5
f 5865/15/5 5857/15/5 5864/15/5
f 5866/14/5 5858/14/5 5857/14/5
f 5866/15/5 5857/15/5 5865/15/5
f 5867/14/5 5858/14/5 5866/14/5
f 5868/16/5 5862/16/5 5861/16/5
f 5869/16/5 5862/16/5 5868/16/5
f 5872/15/5 5864/15/5 5863/15/5
f 5873/14/5 5865/14/5 5864/14/5
f 5873/15/5 5864/15/5 5872/15/5
f 5874/14/5 5865/14/5 5873/14/5
f 5875/16/5 5870/16/5 5869/16/5
f 5876/16/5 5870/16/5 5875/16/5
f 5878/15/5 5872/15/5 5871/15/5
f 5879/14/5 5873/14/5 5872/14/5
f 5879/15/5 5872/15/5 5878/15/5
f 5880/15/5 5877/15/5 5876/15/5
f 5881/15/5 5877/15/5 5880/15/5
f 5882/16/5 5879/16/5 5878/16/5
f 5883/14/5 5873/14/5 5879/14/5
f 5883/16/5 5879/16/5 5882/16/5
f 5884/14/5 5873/14/5 5883/14/5
f 5887/16/5 5881/16/5 5880/16/5
f 5888/16/5 5881/16/5 5887/16/5
f 5889/15/5 5884/15/5 5883/15/5
f 5890/14/5 5885/14/5 5884/14/5
f 5890/15/5 5884/15/5 5889/15/5
f 5891/14/5 5885/14/5 5890/14/5
f 5895/16/5 5887/16/5 5886/16/5
f 5896/16/5 5887/16/5 5895/16/5
f 5897/15/5 5891/15/5 5890/15/5
f 5897/15/5 5892/15/5 5891/15/5
f 5898/14/5 5893/14/5 5892/14/5
f 5898/15/5 5892/15/5 5897/15/5
f 5899/14/5 5893/14/5 5898/14/5
f 5902/16/5 5895/16/5 5894/16/5
f 5903/16/5 5895/16/5 5902/16/5
f 5904/15/5 5900/15/5 5899/15/5
f 5905/14/5 5901/14/5 5900/14/5
f 5905/15/5 5900/15/5 5904/15/5
f 5906/14/5 5901/14/5 5905/14/5
f 5909/8/5 5908/8/5 5907/8/5
f 5910/8/5 5908/8/5 5909/8/5
f 5913/11/5 5912/11/5 5911/11/5
f 5914/11/5 5912/11/5 5913/11/5
f 5917/14/5 5916/14/5 5915/14/5
f 5918/14/5 5916/14/5 5917/14/5
f 5921/11/5 5920/11/5 5919/11/5
f 5922/11/5 5920/11/5 5921/11/5
f 5925/8/5 5924/8/5 5923/8/5
f 5926/8/5 5924/8/5 5925/8/5
f 5931/4/5 5928/4/5 5927/4/5
f 5932/5/5 5929/5/5 5928/5/5
f 5932/4/5 5928/4/5 5931/4/5
f 5933/5/5 5929/5/5 5932/5/5
f 5934/5/5 5929/5/5 5933/5/5
f 5936/4/5 5931/4/5 5930/4/5
f 5937/5/5 5932/5/5 5931/5/5
f 5937/4/5 5931/4/5 5936/4/5
f 5938/4/5 5933/4/5 5932/4/5
f 5938/5/5 5932/5/5 5937/5/5
f 5939/5/5 5935/5/5 5934/5/5
f 5939/4/5 5933/4/5 5938/4/5
f 5939/5/5 5934/5/5 5933/5/5
f 5940/5/5 5935/5/5 5939/5/5
f 5941/5/5 5935/5/5 5940/5/5
f 5942/15/5 5938/15/5 5937/15/5
f 5942/14/5 5937/14/5 5936/14/5
f 5943/14/5 5939/14/5 5938/14/5
f 5943/15/5 5938/15/5 5942/15/5
f 5944/16/5 5941/16/5 5940/16/5
f 5944/15/5 5940/15/5 5939/15/5
f 5945/16/5 5941/16/5 5944/16/5
f 5946/14/5 5942/14/5 5936/14/5
f 5946/14/5 5943/14/5 5942/14/5
f 5947/14/5 5939/14/5 5943/14/5
f 5947/14/5 5943/14/5 5946/14/5
f 5948/15/5 5945/15/5 5944/15/5
f 5950/15/5 5948/15/5 5944/15/5
f 5950/16/5 5949/16/5 5948/16/5
f 5951/16/5 5949/16/5 5950/16/5
f 5952/15/5 5944/15/5 5939/15/5
f 5952/14/5 5939/14/5 5947/14/5
f 5952/15/5 5951/15/5 5950/15/5
f 5952/15/5 5950/15/5 5944/15/5
f 5953/15/5 5951/15/5 5952/15/5
f 5956/15/5 5951/15/5 5953/15/5
f 5956/14/5 5953/14/5 5952/14/5
f 5957/15/5 5951/15/5 5956/15/5
f 5959/15/5 5955/15/5 5954/15/5
f 5961/14/5 5957/14/5 5956/14/5
f 5961/14/5 5952/14/5 5947/14/5
f 5961/14/5 5956/14/5 5952/14/5
f 5962/14/5 5957/14/5 5961/14/5
f 5964/15/5 5959/15/5 5958/15/5
f 5965/15/5 5955/15/5 5959/15/5
f 5965/15/5 5959/15/5 5964/15/5
f 5966/14/5 5963/14/5 5962/14/5
f 5966/14/5 5961/14/5 5960/14/5
f 5966/14/5 5962/14/5 5961/14/5
f 5967/14/5 5963/14/5 5966/14/5
f 5968/14/5 5963/14/5 5967/14/5
f 5969/14/5 5963/14/5 5968/14/5
f 5970/14/5 5963/14/5 5969/14/5
f 5975/14/5 5968/14/5 5967/14/5
f 5976/15/5 5969/15/5 5968/15/5
f 5976/14/5 5968/14/5 5975/14/5
f 5977/15/5 5972/15/5 5971/15/5
f 5978/14/5 5973/14/5 5972/14/5
f 5978/15/5 5972/15/5 5977/15/5
f 5979/15/5 5974/15/5 5973/15/5
f 5979/14/5 5973/14/5 5978/14/5
f 5980/15/5 5974/15/5 5979/15/5
f 5981/15/5 5969/15/5 5976/15/5
f 5981/15/5 5976/15/5 5975/15/5
f 5982/15/5 5969/15/5 5981/15/5
f 5983/15/5 5974/15/5 5980/15/5
f 5984/15/5 5974/15/5 5983/15/5
f 5986/14/5 5975/14/5 5967/14/5
f 5987/16/5 5982/16/5 5981/16/5
f 5987/15/5 5981/15/5 5975/15/5
f 5988/16/5 5982/16/5 5987/16/5
f 5991/14/5 5986/14/5 5985/14/5
f 5992/15/5 5987/15/5 5975/15/5
f 5992/14/5 5986/14/5 5991/14/5
f 5992/14/5 5975/14/5 5986/14/5
f 5993/15/5 5987/15/5 5992/15/5
f 5994/15/5 5987/15/5 5993/15/5
f 5995/13/5 5990/13/5 5989/13/5
f 5996/13/5 5990/13/5 5995/13/5
f 5997/14/5 5991/14/5 5985/14/5
f 5998/15/5 5992/15/5 5991/15/5
f 5998/14/5 5991/14/5 5997/14/5
f 5998/15/5 5993/15/5 5992/15/5
f 5999/15/5 5993/15/5 5998/15/5
f 6000/15/5 5993/15/5 5999/15/5
f 6001/16/5 5994/16/5 5993/16/5
f 6001/15/5 5993/15/5 6000/15/5
f 6002/16/5 5994/16/5 6001/16/5
f 6003/4/5 5998/4/5 5997/4/5
f 6003/5/5 5999/5/5 5998/5/5
f 6004/4/5 6000/4/5 5999/4/5
f 6004/5/5 5999/5/5 6003/5/5
f 6005/5/5 6002/5/5 6001/5/5
f 6005/4/5 6000/4/5 6004/4/5
f 6005/5/5 6001/5/5 6000/5/5
f 6006/4/5 6003/4/5 5997/4/5
f 6006/4/5 6004/4/5 6003/4/5
f 6007/5/5 6005/5/5 6004/5/5
f 6007/4/5 6004/4/5 6006/4/5
f 6008/5/5 6002/5/5 6005/5/5
f 6008/5/5 6005/5/5 6007/5/5
f 6009/5/5 6002/5/5 6008/5/5
f 6010/14/5 6007/14/5 6006/14/5
f 6010/14/5 6008/14/5 6007/14/5
f 6011/15/5 6009/15/5 6008/15/5
f 6011/14/5 6008/14/5 6010/14/5
f 6012/15/5 6009/15/5 6011/15/5
f 6013/15/5 6009/15/5 6012/15/5
f 6014/14/5 6010/14/5 6006/14/5
f 6014/15/5 6011/15/5 6010/15/5
f 6014/15/5 6012/15/5 6011/15/5
f 6015/15/5 6012/15/5 6014/15/5
f 6016/16/5 6013/16/5 6012/16/5
f 6016/15/5 6012/15/5 6015/15/5
f 6017/16/5 6013/16/5 6016/16/5
f 6018/14/5 6015/14/5 6014/14/5
f 6018/14/5 6014/14/5 6006/14/5
f 6019/14/5 6015/14/5 6018/14/5
f 6020/15/5 6017/15/5 6016/15/5
f 6020/14/5 6015/14/5 6019/14/5
f 6020/15/5 6016/15/5 6015/15/5
f 6021/15/5 6017/15/5 6020/15/5
f 6022/4/5 6019/4/5 6018/4/5
f 6023/5/5 6020/5/5 6019/5/5
f 6023/4/5 6019/4/5 6022/4/5
f 6023/5/5 6021/5/5 6020/5/5
f 6024/5/5 6021/5/5 6023/5/5
f 6025/4/5 6022/4/5 6018/4/5
f 6026/5/5 6023/5/5 6022/5/5
f 6026/4/5 6022/4/5 6025/4/5
f 6027/4/5 6024/4/5 6023/4/5
f 6027/5/5 6023/5/5 6026/5/5
f 6028/5/5 6021/5/5 6024/5/5
f 6028/4/5 6024/4/5 6027/4/5
f 6029/5/5 6021/5/5 6028/5/5
f 6030/5/5 6021/5/5 6029/5/5
f 6031/15/5 6027/15/5 6026/15/5
f 6031/14/5 6026/14/5 6025/14/5
f 6031/15/5 6028/15/5 6027/15/5
f 6031/15/5 6029/15/5 6028/15/5
f 6032/15/5 6029/15/5 6031/15/5
f 6033/16/5 6030/16/5 6029/16/5
f 6033/15/5 6029/15/5 6032/15/5
f 6034/16/5 6030/16/5 6033/16/5
f 6035/14/5 6032/14/5 6031/14/5
f 6035/14/5 6031/14/5 6025/14/5
f 6036/14/5 6032/14/5 6035/14/5
f 6037/15/5 6034/15/5 6033/15/5
f 6037/15/5 6033/15/5 6032/15/5
f 6039/15/5 6037/15/5 6032/15/5
f 6039/16/5 6038/16/5 6037/16/5
f 6040/16/5 6038/16/5 6039/16/5
f 6041/14/5 6032/14/5 6036/14/5
f 6041/15/5 6039/15/5 6032/15/5
f 6041/15/5 6040/15/5 6039/15/5
f 6042/15/5 6040/15/5 6041/15/5
f 6045/15/5 6040/15/5 6042/15/5
f 6045/14/5 6042/14/5 6041/14/5
f 6046/15/5 6040/15/5 6045/15/5
f 6048/15/5 6044/15/5 6043/15/5
f 6050/14/5 6046/14/5 6045/14/5
f 6050/14/5 6041/14/5 6036/14/5
f 6050/14/5 6045/14/5 6041/14/5
f 6051/14/5 6046/14/5 6050/14/5
f 6053/15/5 6048/15/5 6047/15/5
f 6054/15/5 6044/15/5 6048/15/5
f 6054/15/5 6048/15/5 6053/15/5
f 6055/14/5 6052/14/5 6051/14/5
f 6055/14/5 6050/14/5 6049/14/5
f 6055/14/5 6051/14/5 6050/14/5
f 6056/14/5 6052/14/5 6055/14/5
f 6057/14/5 6052/14/5 6056/14/5
f 6058/14/5 6052/14/5 6057/14/5
f 6059/14/5 6052/14/5 6058/14/5
f 6064/14/5 6057/14/5 6056/14/5
f 6065/15/5 6058/15/5 6057/15/5
f 6065/14/5 6057/14/5 6064/14/5
f 6066/15/5 6061/15/5 6060/15/5
f 6067/14/5 6062/14/5 6061/14/5
f 6067/15/5 6061/15/5 6066/15/5
f 6068/15/5 6063/15/5 6062/15/5
f 6068/14/5 6062/14/5 6067/14/5
f 6069/15/5 6063/15/5 6068/15/5
f 6070/15/5 6058/15/5 6065/15/5
f 6070/15/5 6065/15/5 6064/15/5
f 6071/15/5 6058/15/5 6070/15/5
f 6072/15/5 6063/15/5 6069/15/5
f 6073/15/5 6063/15/5 6072/15/5
f 6075/14/5 6064/14/5 6056/14/5
f 6076/16/5 6071/16/5 6070/16/5
f 6076/15/5 6070/15/5 6064/15/5
f 6077/16/5 6071/16/5 6076/16/5
f 6080/14/5 6075/14/5 6074/14/5
f 6081/14/5 6064/14/5 6075/14/5
f 6081/14/5 6075/14/5 6080/14/5
f 6082/15/5 6076/15/5 6064/15/5
f 6083/15/5 6076/15/5 6082/15/5
f 6084/13/5 6079/13/5 6078/13/5
f 6085/13/5 6079/13/5 6084/13/5
f 6086/14/5 6080/14/5 6074/14/5
f 6087/15/5 6081/15/5 6080/15/5
f 6087/14/5 6080/14/5 6086/14/5
f 6088/14/5 6064/14/5 6081/14/5
f 6088/15/5 6081/15/5 6087/15/5
f 6089/15/5 6082/15/5 6064/15/5
f 6089/14/5 6064/14/5 6088/14/5
f 6090/16/5 6083/16/5 6082/16/5
f 6090/15/5 6082/15/5 6089/15/5
f 6091/16/5 6083/16/5 6090/16/5
f 6092/4/5 6087/4/5 6086/4/5
f 6093/5/5 6088/5/5 6087/5/5
f 6093/4/5 6087/4/5 6092/4/5
f 6094/4/5 6089/4/5 6088/4/5
f 6094/5/5 6088/5/5 6093/5/5
f 6095/5/5 6090/5/5 6089/5/5
f 6095/4/5 6089/4/5 6094/4/5
f 6095/5/5 6091/5/5 6090/5/5
f 6096/5/5 6091/5/5 6095/5/5
f 6097/5/5 6091/5/5 6096/5/5
f 6098/4/5 6094/4/5 6093/4/5
f 6099/5/5 6096/5/5 6095/5/5
f 6099/4/5 6094/4/5 6098/4/5
f 6099/5/5 6095/5/5 6094/5/5
f 6100/5/5 6096/5/5 6099/5/5
f 6103/8/5 6102/8/5 6101/8/5
f 6104/8/5 6102/8/5 6103/8/5
f 6107/8/5 6106/8/5 6105/8/5
f 6108/8/5 6106/8/5 6107/8/5
f 6111/8/5 6110/8/5 6109/8/5
f 6112/8/5 6110/8/5 6111/8/5
f 6115/8/5 6114/8/5 6113/8/5
f 6116/8/5 6114/8/5 6115/8/5
f 6119/8/5 6118/8/5 6117/8/5
f 6120/8/5 6118/8/5 6119/8/5
f 6123/15/5 6122/15/5 6121/15/5
f 6124/15/5 6122/15/5 6123/15/5
f 6127/8/5 6126/8/5 6125/8/5
f 6128/8/5 6126/8/5 6127/8/5
f 6131/8/5 6130/8/5 6129/8/5
f 6132/8/5 6130/8/5 6131/8/5
f 6135/15/5 6134/15/5 6133/15/5
f 6136/15/5 6134/15/5 6135/15/5
f 6139/8/5 6138/8/5 6137/8/5
f 6140/8/5 6138/8/5 6139/8/5
f 6143/8/5 6142/8/5 6141/8/5
f 6144/8/5 6142/8/5 6143/8/5
f 6147/8/5 6146/8/5 6145/8/5
f 6148/8/5 6146/8/5 6147/8/5
f 6149/8/6 6150/8/6 6153/8/6
f 6153/8/6 6150/8/6 6154/8/6
f 6151/8/6 6152/8/6 6155/8/6
f 6155/8/6 6152/8/6 6156/8/6
f 6159/8/6 6160/8/6 6161/8/6
f 6161/8/6 6160/8/6 6162/8/6
f 6157/8/6 6158/8/6 6163/8/6
f 6163/8/6 6158/8/6 6164/8/6
f 6165/8/6 6166/8/6 6167/8/6
f 6167/8/6 6166/8/6 6168/8/6
f 6169/12/6 6170/12/6 6171/12/6
f 6171/12/6 6170/12/6 6172/12/6
f 6173/12/6 6174/12/6 6175/12/6
f 6175/12/6 6174/12/6 6176/12/6
f 6177/8/6 6178/8/6 6179/8/6
f 6179/8/6 6178/8/6 6180/8/6
f 6183/8/6 6184/8/6 6185/8/6
f 6185/8/6 6184/8/6 6186/8/6
f 6187/8/6 6188/8/6 6189/8/6
f 6189/8/6 6188/8/6 6190/8/6
f 6181/8/6 6182/8/6 6191/8/6
f 6191/8/6 6182/8/6 6192/8/6
f 6195/8/6 6196/8/6 6197/8/6
f 6197/8/6 6196/8/6 6198/8/6
f 6199/8/6 6200/8/6 6201/8/6
f 6201/8/6 6200/8/6 6202/8/6
f 6193/8/6 6194/8/6 6203/8/6
f 6203/8/6 6194/8/6 6204/8/6
f 6205/8/6 6206/8/6 6209/8/6
f 6209/8/6 6206/8/6 6210/8/6
f 6207/8/6 6208/8/6 6211/8/6
f 6211/8/6 6208/8/6 6212/8/6
f 6213/8/6 6214/8/6 6215/8/6
f 6215/8/6 6214/8/6 6216/8/6
f 6217/8/6 6218/8/6 6219/8/6
f 6219/8/6 6218/8/6 6220/8/6
f 6221/8/6 6222/8/6 6223/8/6
f 6223/8/6 6222/8/6 6224/8/6
f 6225/8/6 6226/8/6 6227/8/6
f 6227/8/6 6226/8/6 6228/8/6
f 6229/14/6 6230/14/6 6236/14/6
f 6230/15/6 6231/15/6 6237/15/6
f 6236/14/6 6230/14/6 6237/14/6
f 6231/2/6 6232/2/6 6238/2/6
f 6237/15/6 6231/15/6 6238/15/6
f 6232/15/6 6233/15/6 6239/15/6
f 6238/2/6 6232/2/6 6239/2/6
f 6233/16/6 6234/16/6 6240/16/6
f 6239/15/6 6233/15/6 6240/15/6
f 6240/16/6 6234/16/6 6241/16/6
f 6238/15/6 6239/15/6 6243/15/6
f 6241/15/6 6242/15/6 6243/15/6
f 6240/15/6 6241/15/6 6243/15/6
f 6239/15/6 6240/15/6 6243/15/6
f 6236/15/6 6237/15/6 6243/15/6
f 6237/15/6 6238/15/6 6243/15/6
f 6236/15/6 6243/15/6 6245/15/6
f 6243/16/6 6244/16/6 6245/16/6
f 6245/16/6 6244/16/6 6246/16/6
f 6245/15/6 6246/15/6 6248/15/6
f 6246/16/6 6247/16/6 6248/16/6
f 6248/16/6 6247/16/6 6249/16/6
f 6235/14/6 6236/14/6 6251/14/6
f 6236/15/6 6245/15/6 6252/15/6
f 6245/15/6 6248/15/6 6252/15/6
f 6251/14/6 6236/14/6 6252/14/6
f 6248/15/6 6249/15/6 6252/15/6
f 6250/14/6 6251/14/6 6254/14/6
f 6251/15/6 6252/15/6 6255/15/6
f 6254/14/6 6251/14/6 6255/14/6
f 6252/15/6 6249/15/6 6256/15/6
f 6255/15/6 6252/15/6 6256/15/6
f 6254/15/6 6255/15/6 6256/15/6
f 6256/15/6 6249/15/6 6257/15/6
f 6253/14/6 6254/14/6 6258/14/6
f 6254/15/6 6256/15/6 6259/15/6
f 6258/14/6 6254/14/6 6259/14/6
f 6259/15/6 6256/15/6 6260/15/6
f 6256/16/6 6257/16/6 6261/16/6
f 6260/15/6 6256/15/6 6261/15/6
f 6261/16/6 6257/16/6 6262/16/6
f 6259/4/6 6260/4/6 6263/4/6
f 6258/4/6 6259/4/6 6263/4/6
f 6260/5/6 6261/5/6 6264/5/6
f 6263/4/6 6260/4/6 6264/4/6
f 6258/4/6 6263/4/6 6265/4/6
f 6263/5/6 6264/5/6 6266/5/6
f 6265/4/6 6263/4/6 6266/4/6
f 6261/6/6 6262/6/6 6267/6/6
f 6266/5/6 6264/5/6 6267/5/6
f 6264/5/6 6261/5/6 6267/5/6
f 6267/6/6 6262/6/6 6268/6/6
f 6265/14/6 6266/14/6 6269/14/6
f 6266/15/6 6267/15/6 6270/15/6
f 6269/14/6 6266/14/6 6270/14/6
f 6267/15/6 6268/15/6 6270/15/6
f 6270/15/6 6268/15/6 6271/15/6
f 6271/15/6 6268/15/6 6272/15/6
f 6272/15/6 6268/15/6 6273/15/6
f 6275/15/6 6276/15/6 6279/15/6
f 6276/15/6 6277/15/6 6279/15/6
f 6277/16/6 6278/16/6 6280/16/6
f 6279/15/6 6277/15/6 6280/15/6
f 6275/15/6 6279/15/6 6281/15/6
f 6281/15/6 6279/15/6 6282/15/6
f 6279/16/6 6280/16/6 6283/16/6
f 6282/15/6 6279/15/6 6283/15/6
f 6280/16/6 6278/16/6 6284/16/6
f 6283/16/6 6280/16/6 6284/16/6
f 6281/14/6 6282/14/6 6285/14/6
f 6275/15/6 6281/15/6 6285/15/6
f 6282/15/6 6283/15/6 6286/15/6
f 6285/14/6 6282/14/6 6286/14/6
f 6283/15/6 6284/15/6 6286/15/6
f 6274/14/6 6275/14/6 6287/14/6
f 6275/15/6 6285/15/6 6287/15/6
f 6285/15/6 6286/15/6 6287/15/6
f 6287/15/6 6286/15/6 6288/15/6
f 6286/15/6 6284/15/6 6289/15/6
f 6288/15/6 6286/15/6 6289/15/6
f 6289/15/6 6284/15/6 6290/15/6
f 6287/14/6 6288/14/6 6291/14/6
f 6274/14/6 6287/14/6 6291/14/6
f 6288/15/6 6289/15/6 6292/15/6
f 6291/14/6 6288/14/6 6292/14/6
f 6289/14/6 6290/14/6 6293/14/6
f 6292/15/6 6289/15/6 6293/15/6
f 6290/15/6 6284/15/6 6294/15/6
f 6293/14/6 6290/14/6 6294/14/6
f 6292/15/6 6293/15/6 6295/15/6
f 6294/15/6 6284/15/6 6295/15/6
f 6293/15/6 6294/15/6 6295/15/6
f 6284/16/6 6278/16/6 6295/16/6
f 6291/15/6 6292/15/6 6295/15/6
f 6295/16/6 6278/16/6 6296/16/6
f 6274/14/6 6291/14/6 6297/14/6
f 6291/15/6 6295/15/6 6298/15/6
f 6297/14/6 6291/14/6 6298/14/6
f 6295/15/6 6296/15/6 6298/15/6
f 6298/15/6 6296/15/6 6299/15/6
f 6299/15/6 6296/15/6 6300/15/6
f 6300/15/6 6296/15/6 6301/15/6
f 6301/15/6 6296/15/6 6302/15/6
f 6304/15/6 6305/15/6 6309/15/6
f 6307/15/6 6308/15/6 6309/15/6
f 6306/15/6 6307/15/6 6309/15/6
f 6305/15/6 6306/15/6 6309/15/6
f 6309/15/6 6308/15/6 6310/15/6
f 6304/15/6 6309/15/6 6311/15/6
f 6311/15/6 6309/15/6 6312/15/6
f 6312/15/6 6309/15/6 6313/15/6
f 6313/15/6 6309/15/6 6314/15/6
f 6304/15/6 6311/15/6 6315/15/6
f 6311/14/6 6312/14/6 6315/14/6
f 6312/15/6 6313/15/6 6316/15/6
f 6315/14/6 6312/14/6 6316/14/6
f 6313/14/6 6314/14/6 6317/14/6
f 6316/15/6 6313/15/6 6317/15/6
f 6314/15/6 6309/15/6 6318/15/6
f 6317/14/6 6314/14/6 6318/14/6
f 6303/14/6 6304/14/6 6319/14/6
f 6316/15/6 6317/15/6 6319/15/6
f 6317/15/6 6318/15/6 6319/15/6
f 6304/15/6 6315/15/6 6319/15/6
f 6315/15/6 6316/15/6 6319/15/6
f 6319/15/6 6318/15/6 6320/15/6
f 6303/14/6 6319/14/6 6321/14/6
f 6319/14/6 6320/14/6 6321/14/6
f 6320/15/6 6318/15/6 6322/15/6
f 6321/14/6 6320/14/6 6322/14/6
f 6322/15/6 6318/15/6 6323/15/6
f 6323/15/6 6318/15/6 6324/15/6
f 6321/15/6 6322/15/6 6325/15/6
f 6322/15/6 6323/15/6 6325/15/6
f 6323/14/6 6324/14/6 6325/14/6
f 6324/15/6 6318/15/6 6326/15/6
f 6325/14/6 6324/14/6 6326/14/6
f 6303/14/6 6321/14/6 6327/14/6
f 6321/15/6 6325/15/6 6328/15/6
f 6327/14/6 6321/14/6 6328/14/6
f 6325/15/6 6326/15/6 6328/15/6
f 6326/15/6 6318/15/6 6329/15/6
f 6328/15/6 6326/15/6 6329/15/6
f 6318/15/6 6309/15/6 6330/15/6
f 6329/15/6 6318/15/6 6330/15/6
f 6309/16/6 6310/16/6 6330/16/6
f 6330/16/6 6310/16/6 6331/16/6
f 6332/14/6 6333/14/6 6338/14/6
f 6333/15/6 6334/15/6 6339/15/6
f 6338/14/6 6333/14/6 6339/14/6
f 6334/15/6 6335/15/6 6339/15/6
f 6336/16/6 6337/16/6 6340/16/6
f 6339/15/6 6335/15/6 6340/15/6
f 6335/16/6 6336/16/6 6340/16/6
f 6340/16/6 6337/16/6 6341/16/6
f 6341/16/6 6337/16/6 6342/16/6
f 6338/4/6 6339/4/6 6343/4/6
f 6339/5/6 6340/5/6 6343/5/6
f 6340/5/6 6341/5/6 6343/5/6
f 6343/5/6 6341/5/6 6344/5/6
f 6338/4/6 6343/4/6 6345/4/6
f 6343/4/6 6344/4/6 6345/4/6
f 6345/4/6 6344/4/6 6346/4/6
f 6344/5/6 6341/5/6 6347/5/6
f 6346/4/6 6344/4/6 6347/4/6
f 6341/6/6 6342/6/6 6348/6/6
f 6347/5/6 6341/5/6 6348/5/6
f 6348/6/6 6342/6/6 6349/6/6
f 6346/15/6 6347/15/6 6350/15/6
f 6347/15/6 6348/15/6 6350/15/6
f 6348/15/6 6349/15/6 6350/15/6
f 6350/15/6 6349/15/6 6351/15/6
f 6345/14/6 6346/14/6 6352/14/6
f 6346/15/6 6350/15/6 6353/15/6
f 6352/14/6 6346/14/6 6353/14/6
f 6353/15/6 6350/15/6 6354/15/6
f 6350/16/6 6351/16/6 6355/16/6
f 6354/15/6 6350/15/6 6355/15/6
f 6351/15/6 6349/15/6 6356/15/6
f 6355/16/6 6351/16/6 6356/16/6
f 6354/15/6 6355/15/6 6357/15/6
f 6356/15/6 6349/15/6 6357/15/6
f 6355/15/6 6356/15/6 6357/15/6
f 6357/15/6 6349/15/6 6358/15/6
f 6353/14/6 6354/14/6 6359/14/6
f 6354/15/6 6357/15/6 6360/15/6
f 6359/14/6 6354/14/6 6360/14/6
f 6360/15/6 6357/15/6 6361/15/6
f 6361/15/6 6357/15/6 6362/15/6
f 6357/16/6 6358/16/6 6363/16/6
f 6362/15/6 6357/15/6 6363/15/6
f 6363/16/6 6358/16/6 6364/16/6
f 6361/15/6 6362/15/6 6365/15/6
f 6362/16/6 6363/16/6 6366/16/6
f 6365/15/6 6362/15/6 6366/15/6
f 6366/16/6 6363/16/6 6367/16/6
f 6360/14/6 6361/14/6 6368/14/6
f 6361/15/6 6365/15/6 6369/15/6
f 6368/14/6 6361/14/6 6369/14/6
f 6369/15/6 6365/15/6 6370/15/6
f 6370/15/6 6365/15/6 6371/15/6
f 6371/15/6 6365/15/6 6372/15/6
f 6372/15/6 6365/15/6 6373/15/6
f 6365/16/6 6366/16/6 6374/16/6
f 6373/15/6 6365/15/6 6374/15/6
f 6374/16/6 6366/16/6 6375/16/6
f 6369/14/6 6370/14/6 6376/14/6
f 6370/15/6 6371/15/6 6377/15/6
f 6376/14/6 6370/14/6 6377/14/6
f 6371/2/6 6372/2/6 6378/2/6
f 6377/15/6 6371/15/6 6378/15/6
f 6372/15/6 6373/15/6 6379/15/6
f 6378/2/6 6372/2/6 6379/2/6
f 6373/16/6 6374/16/6 6380/16/6
f 6379/15/6 6373/15/6 6380/15/6
f 6380/16/6 6374/16/6 6381/16/6
f 6382/8/6 6383/8/6 6384/8/6
f 6384/8/6 6383/8/6 6385/8/6
f 6386/8/6 6387/8/6 6388/8/6
f 6388/8/6 6387/8/6 6389/8/6
f 6390/8/6 6391/8/6 6392/8/6
f 6392/8/6 6391/8/6 6393/8/6
f 6394/8/6 6395/8/6 6396/8/6
f 6396/8/6 6395/8/6 6397/8/6
f 6398/4/6 6399/4/6 6401/4/6
f 6399/5/6 6400/5/6 6402/5/6
f 6401/4/6 6399/4/6 6402/4/6
f 6402/5/6 6400/5/6 6403/5/6
f 6403/5/6 6400/5/6 6404/5/6
f 6402/4/6 6403/4/6 6406/4/6
f 6404/5/6 6405/5/6 6407/5/6
f 6406/4/6 6403/4/6 6407/4/6
f 6403/5/6 6404/5/6 6407/5/6
f 6407/5/6 6405/5/6 6408/5/6
f 6408/5/6 6405/5/6 6409/5/6
f 6406/14/6 6407/14/6 6410/14/6
f 6410/14/6 6407/14/6 6412/14/6
f 6407/15/6 6408/15/6 6413/15/6
f 6408/16/6 6409/16/6 6413/16/6
f 6413/16/6 6409/16/6 6414/16/6
f 6411/14/6 6412/14/6 6415/14/6
f 6412/14/6 6407/14/6 6416/14/6
f 6415/14/6 6412/14/6 6416/14/6
f 6413/15/6 6414/15/6 6417/15/6
f 6413/15/6 6417/15/6 6423/15/6
f 6417/16/6 6418/16/6 6423/16/6
f 6423/16/6 6418/16/6 6424/16/6
f 6419/16/6 6420/16/6 6425/16/6
f 6420/15/6 6421/15/6 6426/15/6
f 6425/16/6 6420/16/6 6426/16/6
f 6426/15/6 6421/15/6 6427/15/6
f 6421/14/6 6422/14/6 6428/14/6
f 6427/15/6 6421/15/6 6428/15/6
f 6428/14/6 6422/14/6 6429/14/6
f 6429/14/6 6422/14/6 6430/14/6
f 6407/15/6 6413/15/6 6432/15/6
f 6413/15/6 6423/15/6 6432/15/6
f 6423/15/6 6424/15/6 6432/15/6
f 6416/14/6 6407/14/6 6432/14/6
f 6432/15/6 6424/15/6 6433/15/6
f 6430/9/6 6431/9/6 6434/9/6
f 6434/9/6 6431/9/6 6435/9/6
f 6433/15/6 6424/15/6 6438/15/6
f 6432/14/6 6433/14/6 6438/14/6
f 6438/15/6 6424/15/6 6439/15/6
f 6436/11/6 6437/11/6 6440/11/6
f 6440/11/6 6437/11/6 6441/11/6
f 6438/14/6 6439/14/6 6442/14/6
f 6416/14/6 6432/14/6 6442/14/6
f 6432/14/6 6438/14/6 6442/14/6
f 6442/14/6 6439/14/6 6443/14/6
f 6444/14/6 6445/14/6 6446/14/6
f 6446/14/6 6445/14/6 6447/14/6
f 6447/14/6 6445/14/6 6448/14/6
f 6444/14/6 6446/14/6 6449/14/6
f 6446/15/6 6447/15/6 6450/15/6
f 6449/14/6 6446/14/6 6450/14/6
f 6450/15/6 6447/15/6 6453/15/6
f 6449/15/6 6450/15/6 6453/15/6
f 6453/15/6 6447/15/6 6454/15/6
f 6451/11/6 6452/11/6 6457/11/6
f 6457/11/6 6452/11/6 6458/11/6
f 6444/14/6 6449/14/6 6460/14/6
f 6449/15/6 6453/15/6 6461/15/6
f 6453/16/6 6454/16/6 6461/16/6
f 6461/16/6 6454/16/6 6462/16/6
f 6455/9/6 6456/9/6 6467/9/6
f 6467/9/6 6456/9/6 6468/9/6
f 6459/14/6 6460/14/6 6469/14/6
f 6460/14/6 6449/14/6 6470/14/6
f 6469/14/6 6460/14/6 6470/14/6
f 6449/15/6 6461/15/6 6470/15/6
f 6470/15/6 6461/15/6 6471/15/6
f 6471/15/6 6461/15/6 6472/15/6
f 6463/15/6 6464/15/6 6473/15/6
f 6464/15/6 6465/15/6 6473/15/6
f 6465/14/6 6466/14/6 6474/14/6
f 6473/15/6 6465/15/6 6474/15/6
f 6466/14/6 6467/14/6 6474/14/6
f 6467/13/6 6468/13/6 6475/13/6
f 6474/14/6 6467/14/6 6475/14/6
f 6475/13/6 6468/13/6 6476/13/6
f 6459/14/6 6469/14/6 6477/14/6
f 6469/15/6 6470/15/6 6478/15/6
f 6477/14/6 6469/14/6 6478/14/6
f 6470/15/6 6471/15/6 6478/15/6
f 6478/15/6 6471/15/6 6479/15/6
f 6479/15/6 6471/15/6 6480/15/6
f 6471/16/6 6472/16/6 6481/16/6
f 6480/15/6 6471/15/6 6481/15/6
f 6481/16/6 6472/16/6 6482/16/6
f 6477/4/6 6478/4/6 6483/4/6
f 6478/5/6 6479/5/6 6483/5/6
f 6479/4/6 6480/4/6 6484/4/6
f 6483/5/6 6479/5/6 6484/5/6
f 6481/5/6 6482/5/6 6485/5/6
f 6484/4/6 6480/4/6 6485/4/6
f 6480/5/6 6481/5/6 6485/5/6
f 6477/4/6 6483/4/6 6486/4/6
f 6483/4/6 6484/4/6 6486/4/6
f 6484/5/6 6485/5/6 6487/5/6
f 6486/4/6 6484/4/6 6487/4/6
f 6485/5/6 6482/5/6 6488/5/6
f 6487/5/6 6485/5/6 6488/5/6
f 6488/5/6 6482/5/6 6489/5/6
f 6486/14/6 6487/14/6 6490/14/6
f 6487/14/6 6488/14/6 6490/14/6
f 6488/15/6 6489/15/6 6491/15/6
f 6490/14/6 6488/14/6 6491/14/6
f 6491/15/6 6489/15/6 6492/15/6
f 6492/15/6 6489/15/6 6493/15/6
f 6494/16/6 6495/16/6 6499/16/6
f 6495/15/6 6496/15/6 6500/15/6
f 6499/16/6 6495/16/6 6500/16/6
f 6496/14/6 6497/14/6 6501/14/6
f 6500/15/6 6496/15/6 6501/15/6
f 6497/15/6 6498/15/6 6502/15/6
f 6501/14/6 6497/14/6 6502/14/6
f 6502/15/6 6498/15/6 6503/15/6
f 6503/15/6 6498/15/6 6504/15/6
f 6504/15/6 6505/15/6 6507/15/6
f 6505/16/6 6506/16/6 6508/16/6
f 6507/15/6 6505/15/6 6508/15/6
f 6508/16/6 6506/16/6 6509/16/6
f 6510/16/6 6511/16/6 6514/16/6
f 6514/16/6 6511/16/6 6515/16/6
f 6512/16/6 6513/16/6 6516/16/6
f 6516/16/6 6513/16/6 6517/16/6
f 6514/15/6 6515/15/6 6518/15/6
f 6518/15/6 6515/15/6 6519/15/6
f 6516/15/6 6517/15/6 6520/15/6
f 6520/15/6 6517/15/6 6521/15/6
f 6522/14/6 6523/14/6 6530/14/6
f 6523/16/6 6524/16/6 6531/16/6
f 6530/14/6 6523/14/6 6531/14/6
f 6531/16/6 6524/16/6 6532/16/6
f 6525/15/6 6526/15/6 6533/15/6
f 6526/14/6 6527/14/6 6534/14/6
f 6533/15/6 6526/15/6 6534/15/6
f 6527/14/6 6528/14/6 6534/14/6
f 6528/15/6 6529/15/6 6535/15/6
f 6534/14/6 6528/14/6 6535/14/6
f 6529/15/6 6530/15/6 6535/15/6
f 6535/15/6 6530/15/6 6536/15/6
f 6491/15/6 6492/15/6 6537/15/6
f 6490/15/6 6491/15/6 6537/15/6
f 6486/14/6 6490/14/6 6537/14/6
f 6537/15/6 6492/15/6 6538/15/6
f 6492/16/6 6493/16/6 6539/16/6
f 6538/15/6 6492/15/6 6539/15/6
f 6539/16/6 6493/16/6 6540/16/6
f 6537/14/6 6538/14/6 6541/14/6
f 6486/14/6 6537/14/6 6541/14/6
f 6541/14/6 6538/14/6 6542/14/6
f 6539/15/6 6540/15/6 6543/15/6
f 6542/14/6 6538/14/6 6543/14/6
f 6538/15/6 6539/15/6 6543/15/6
f 6543/15/6 6540/15/6 6544/15/6
f 6541/4/6 6542/4/6 6545/4/6
f 6542/5/6 6543/5/6 6546/5/6
f 6545/4/6 6542/4/6 6546/4/6
f 6543/5/6 6544/5/6 6546/5/6
f 6546/5/6 6544/5/6 6547/5/6
f 6541/4/6 6545/4/6 6548/4/6
f 6545/5/6 6546/5/6 6549/5/6
f 6548/4/6 6545/4/6 6549/4/6
f 6546/4/6 6547/4/6 6550/4/6
f 6549/5/6 6546/5/6 6550/5/6
f 6547/5/6 6544/5/6 6551/5/6
f 6550/4/6 6547/4/6 6551/4/6
f 6551/5/6 6544/5/6 6552/5/6
f 6552/5/6 6544/5/6 6553/5/6
f 6549/15/6 6550/15/6 6554/15/6
f 6548/14/6 6549/14/6 6554/14/6
f 6550/15/6 6551/15/6 6554/15/6
f 6551/15/6 6552/15/6 6554/15/6
f 6554/15/6 6552/15/6 6555/15/6
f 6552/16/6 6553/16/6 6556/16/6
f 6555/15/6 6552/15/6 6556/15/6
f 6556/16/6 6553/16/6 6557/16/6
f 6554/14/6 6555/14/6 6558/14/6
f 6548/14/6 6554/14/6 6558/14/6
f 6558/14/6 6555/14/6 6559/14/6
f 6556/15/6 6557/15/6 6560/15/6
f 6555/15/6 6556/15/6 6560/15/6
f 6555/15/6 6560/15/6 6566/15/6
f 6560/16/6 6561/16/6 6566/16/6
f 6566/16/6 6561/16/6 6567/16/6
f 6562/16/6 6563/16/6 6568/16/6
f 6563/15/6 6564/15/6 6569/15/6
f 6568/16/6 6563/16/6 6569/16/6
f 6569/15/6 6564/15/6 6570/15/6
f 6564/14/6 6565/14/6 6571/14/6
f 6570/15/6 6564/15/6 6571/15/6
f 6571/14/6 6565/14/6 6572/14/6
f 6572/14/6 6565/14/6 6573/14/6
f 6559/14/6 6555/14/6 6575/14/6
f 6555/15/6 6566/15/6 6575/15/6
f 6566/15/6 6567/15/6 6575/15/6
f 6575/15/6 6567/15/6 6576/15/6
f 6573/9/6 6574/9/6 6577/9/6
f 6577/9/6 6574/9/6 6578/9/6
f 6576/15/6 6567/15/6 6581/15/6
f 6575/14/6 6576/14/6 6581/14/6
f 6581/15/6 6567/15/6 6582/15/6
f 6579/11/6 6580/11/6 6583/11/6
f 6583/11/6 6580/11/6 6584/11/6
f 6581/14/6 6582/14/6 6585/14/6
f 6559/14/6 6575/14/6 6585/14/6
f 6575/14/6 6581/14/6 6585/14/6
f 6585/14/6 6582/14/6 6586/14/6
f 6587/14/6 6588/14/6 6589/14/6
f 6589/14/6 6588/14/6 6590/14/6
f 6590/14/6 6588/14/6 6591/14/6
f 6587/14/6 6589/14/6 6592/14/6
f 6589/15/6 6590/15/6 6593/15/6
f 6592/14/6 6589/14/6 6593/14/6
f 6593/15/6 6590/15/6 6596/15/6
f 6592/15/6 6593/15/6 6596/15/6
f 6596/15/6 6590/15/6 6597/15/6
f 6594/11/6 6595/11/6 6600/11/6
f 6600/11/6 6595/11/6 6601/11/6
f 6587/14/6 6592/14/6 6603/14/6
f 6592/15/6 6596/15/6 6604/15/6
f 6596/16/6 6597/16/6 6604/16/6
f 6604/16/6 6597/16/6 6605/16/6
f 6598/9/6 6599/9/6 6610/9/6
f 6610/9/6 6599/9/6 6611/9/6
f 6602/14/6 6603/14/6 6612/14/6
f 6603/14/6 6592/14/6 6613/14/6
f 6612/14/6 6603/14/6 6613/14/6
f 6592/15/6 6604/15/6 6614/15/6
f 6614/15/6 6604/15/6 6615/15/6
f 6606/15/6 6607/15/6 6616/15/6
f 6607/15/6 6608/15/6 6616/15/6
f 6608/14/6 6609/14/6 6617/14/6
f 6616/15/6 6608/15/6 6617/15/6
f 6609/14/6 6610/14/6 6617/14/6
f 6610/13/6 6611/13/6 6618/13/6
f 6617/14/6 6610/14/6 6618/14/6
f 6618/13/6 6611/13/6 6619/13/6
f 6613/14/6 6592/14/6 6620/14/6
f 6620/14/6 6592/14/6 6621/14/6
f 6592/15/6 6614/15/6 6622/15/6
f 6621/14/6 6592/14/6 6622/14/6
f 6614/16/6 6615/16/6 6623/16/6
f 6622/15/6 6614/15/6 6623/15/6
f 6623/16/6 6615/16/6 6624/16/6
f 6621/4/6 6622/4/6 6626/4/6
f 6622/5/6 6623/5/6 6627/5/6
f 6623/5/6 6624/5/6 6627/5/6
f 6626/4/6 6622/4/6 6627/4/6
f 6627/5/6 6624/5/6 6628/5/6
f 6628/5/6 6624/5/6 6629/5/6
f 6625/4/6 6626/4/6 6630/4/6
f 6626/5/6 6627/5/6 6631/5/6
f 6630/4/6 6626/4/6 6631/4/6
f 6627/5/6 6628/5/6 6631/5/6
f 6631/5/6 6628/5/6 6632/5/6
f 6633/5/6 6634/5/6 6636/5/6
f 6634/6/6 6635/6/6 6637/6/6
f 6636/5/6 6634/5/6 6637/5/6
f 6637/6/6 6635/6/6 6638/6/6
f 6636/15/6 6637/15/6 6639/15/6
f 6637/16/6 6638/16/6 6639/16/6
f 6639/16/6 6638/16/6 6640/16/6
f 6636/15/6 6639/15/6 6641/15/6
f 6639/15/6 6640/15/6 6641/15/6
f 6641/15/6 6640/15/6 6642/15/6
f 6643/15/6 6644/15/6 6652/15/6
f 6644/14/6 6645/14/6 6653/14/6
f 6652/15/6 6644/15/6 6653/15/6
f 6645/15/6 6646/15/6 6654/15/6
f 6653/14/6 6645/14/6 6654/14/6
f 6654/15/6 6646/15/6 6655/15/6
f 6647/16/6 6648/16/6 6656/16/6
f 6656/16/6 6648/16/6 6657/16/6
f 6657/16/6 6648/16/6 6658/16/6
f 6649/8/6 6650/8/6 6663/8/6
f 6663/8/6 6650/8/6 6664/8/6
f 6651/15/6 6652/15/6 6666/15/6
f 6666/15/6 6652/15/6 6667/15/6
f 6659/14/6 6660/14/6 6668/14/6
f 6660/10/6 6661/10/6 6669/10/6
f 6668/14/6 6660/14/6 6669/14/6
f 6669/10/6 6661/10/6 6670/10/6
f 6670/10/6 6661/10/6 6671/10/6
f 6661/14/6 6662/14/6 6672/14/6
f 6671/10/6 6661/10/6 6672/10/6
f 6672/14/6 6662/14/6 6673/14/6
f 6665/15/6 6666/15/6 6677/15/6
f 6677/15/6 6666/15/6 6678/15/6
f 6678/15/6 6666/15/6 6679/15/6
f 6675/11/6 6676/11/6 6680/11/6
f 6680/11/6 6681/11/6 6686/11/6
f 6675/11/6 6680/11/6 6686/11/6
f 6686/11/6 6681/11/6 6687/11/6
f 6684/15/6 6685/15/6 6688/15/6
f 6683/15/6 6684/15/6 6688/15/6
f 6682/15/6 6683/15/6 6688/15/6
f 6688/15/6 6685/15/6 6689/15/6
f 6674/8/6 6675/8/6 6696/8/6
f 6675/11/6 6686/11/6 6697/11/6
f 6696/8/6 6675/8/6 6697/8/6
f 6697/11/6 6686/11/6 6698/11/6
f 6689/15/6 6690/15/6 6699/15/6
f 6699/15/6 6690/15/6 6700/15/6
f 6691/15/6 6692/15/6 6708/15/6
f 6693/10/6 6694/10/6 6709/10/6
f 6708/15/6 6692/15/6 6709/15/6
f 6692/10/6 6693/10/6 6709/10/6
f 6694/14/6 6695/14/6 6710/14/6
f 6709/10/6 6694/10/6 6710/10/6
f 6710/14/6 6695/14/6 6711/14/6
f 6700/15/6 6701/15/6 6714/15/6
f 6702/15/6 6703/15/6 6714/15/6
f 6701/15/6 6702/15/6 6714/15/6
f 6703/16/6 6704/16/6 6715/16/6
f 6714/15/6 6703/15/6 6715/15/6
f 6704/15/6 6705/15/6 6716/15/6
f 6715/16/6 6704/16/6 6716/16/6
f 6716/15/6 6705/15/6 6717/15/6
f 6706/15/6 6707/15/6 6718/15/6
f 6718/15/6 6707/15/6 6719/15/6
f 6712/8/6 6713/8/6 6720/8/6
f 6720/8/6 6713/8/6 6721/8/6
f 6722/15/6 6723/15/6 6730/15/6
f 6723/14/6 6724/14/6 6731/14/6
f 6730/15/6 6723/15/6 6731/15/6
f 6724/15/6 6725/15/6 6732/15/6
f 6731/14/6 6724/14/6 6732/14/6
f 6732/15/6 6725/15/6 6733/15/6
f 6726/16/6 6727/16/6 6734/16/6
f 6734/16/6 6727/16/6 6735/16/6
f 6735/16/6 6727/16/6 6736/16/6
f 6728/14/6 6729/14/6 6742/14/6
f 6729/15/6 6730/15/6 6743/15/6
f 6742/14/6 6729/14/6 6743/14/6
f 6743/15/6 6730/15/6 6744/15/6
f 6744/15/6 6730/15/6 6745/15/6
f 6737/14/6 6738/14/6 6746/14/6
f 6746/14/6 6738/14/6 6747/14/6
f 6747/14/6 6738/14/6 6748/14/6
f 6748/14/6 6738/14/6 6749/14/6
f 6738/15/6 6739/15/6 6750/15/6
f 6749/14/6 6738/14/6 6750/14/6
f 6739/14/6 6740/14/6 6751/14/6
f 6750/15/6 6739/15/6 6751/15/6
f 6751/14/6 6740/14/6 6752/14/6
f 6741/16/6 6742/16/6 6755/16/6
f 6755/16/6 6742/16/6 6756/16/6
f 6756/16/6 6742/16/6 6757/16/6
f 6752/16/6 6753/16/6 6758/16/6
f 6758/16/6 6753/16/6 6759/16/6
f 6754/16/6 6755/16/6 6761/16/6
f 6761/16/6 6755/16/6 6762/16/6
f 6759/16/6 6760/16/6 6763/16/6
f 6763/16/6 6760/16/6 6764/16/6
f 6761/15/6 6762/15/6 6765/15/6
f 6765/15/6 6762/15/6 6766/15/6
f 6763/15/6 6764/15/6 6767/15/6
f 6767/15/6 6764/15/6 6768/15/6
f 6765/16/6 6766/16/6 6769/16/6
f 6769/16/6 6766/16/6 6770/16/6
f 6767/16/6 6768/16/6 6777/16/6
f 6777/16/6 6768/16/6 6778/16/6
f 6770/16/6 6771/16/6 6779/16/6
f 6771/15/6 6772/15/6 6780/15/6
f 6779/16/6 6771/16/6 6780/16/6
f 6772/15/6 6773/15/6 6780/15/6
f 6780/15/6 6773/15/6 6781/15/6
f 6775/16/6 6776/16/6 6790/16/6
f 6776/16/6 6777/16/6 6790/16/6
f 6774/16/6 6775/16/6 6790/16/6
f 6790/16/6 6777/16/6 6791/16/6
f 6781/14/6 6782/14/6 6792/14/6
f 6782/15/6 6783/15/6 6793/15/6
f 6792/14/6 6782/14/6 6793/14/6
f 6793/15/6 6783/15/6 6794/15/6
f 6784/15/6 6785/15/6 6802/15/6
f 6785/15/6 6786/15/6 6802/15/6
f 6786/14/6 6787/14/6 6803/14/6
f 6802/15/6 6786/15/6 6803/15/6
f 6788/15/6 6789/15/6 6804/15/6
f 6803/14/6 6787/14/6 6804/14/6
f 6787/15/6 6788/15/6 6804/15/6
f 6789/14/6 6790/14/6 6805/14/6
f 6804/15/6 6789/15/6 6805/15/6
f 6805/14/6 6790/14/6 6806/14/6
f 6796/15/6 6797/15/6 6807/15/6
f 6795/15/6 6796/15/6 6807/15/6
f 6794/15/6 6795/15/6 6807/15/6
f 6797/16/6 6798/16/6 6808/16/6
f 6807/15/6 6797/15/6 6808/15/6
f 6798/15/6 6799/15/6 6809/15/6
f 6808/16/6 6798/16/6 6809/16/6
f 6809/15/6 6799/15/6 6810/15/6
f 6800/15/6 6801/15/6 6811/15/6
f 6811/15/6 6801/15/6 6812/15/6
f 6813/15/6 6814/15/6 6822/15/6
f 6814/14/6 6815/14/6 6823/14/6
f 6822/15/6 6814/15/6 6823/15/6
f 6815/15/6 6816/15/6 6824/15/6
f 6823/14/6 6815/14/6 6824/14/6
f 6824/15/6 6816/15/6 6825/15/6
f 6817/16/6 6818/16/6 6826/16/6
f 6826/16/6 6818/16/6 6827/16/6
f 6827/16/6 6818/16/6 6828/16/6
f 6819/8/6 6820/8/6 6833/8/6
f 6833/8/6 6820/8/6 6834/8/6
f 6821/15/6 6822/15/6 6836/15/6
f 6836/15/6 6822/15/6 6837/15/6
f 6829/14/6 6830/14/6 6838/14/6
f 6830/10/6 6831/10/6 6839/10/6
f 6838/14/6 6830/14/6 6839/14/6
f 6839/10/6 6831/10/6 6840/10/6
f 6840/10/6 6831/10/6 6841/10/6
f 6831/14/6 6832/14/6 6842/14/6
f 6841/10/6 6831/10/6 6842/10/6
f 6842/14/6 6832/14/6 6843/14/6
f 6835/15/6 6836/15/6 6847/15/6
f 6847/15/6 6836/15/6 6848/15/6
f 6848/15/6 6836/15/6 6849/15/6
f 6845/11/6 6846/11/6 6850/11/6
f 6850/11/6 6851/11/6 6856/11/6
f 6845/11/6 6850/11/6 6856/11/6
f 6856/11/6 6851/11/6 6857/11/6
f 6854/15/6 6855/15/6 6858/15/6
f 6853/15/6 6854/15/6 6858/15/6
f 6852/15/6 6853/15/6 6858/15/6
f 6858/15/6 6855/15/6 6859/15/6
f 6844/8/6 6845/8/6 6866/8/6
f 6845/11/6 6856/11/6 6867/11/6
f 6866/8/6 6845/8/6 6867/8/6
f 6867/11/6 6856/11/6 6868/11/6
f 6859/15/6 6860/15/6 6869/15/6
f 6869/15/6 6860/15/6 6870/15/6
f 6861/15/6 6862/15/6 6878/15/6
f 6863/10/6 6864/10/6 6879/10/6
f 6878/15/6 6862/15/6 6879/15/6
f 6862/10/6 6863/10/6 6879/10/6
f 6864/14/6 6865/14/6 6880/14/6
f 6879/10/6 6864/10/6 6880/10/6
f 6880/14/6 6865/14/6 6881/14/6
f 6870/15/6 6871/15/6 6886/15/6
f 6871/15/6 6872/15/6 6886/15/6
f 6872/15/6 6873/15/6 6886/15/6
f 6873/16/6 6874/16/6 6887/16/6
f 6886/15/6 6873/15/6 6887/15/6
f 6874/15/6 6875/15/6 6888/15/6
f 6887/16/6 6874/16/6 6888/16/6
f 6888/15/6 6875/15/6 6889/15/6
f 6876/15/6 6877/15/6 6890/15/6
f 6890/15/6 6877/15/6 6891/15/6
f 6882/8/6 6883/8/6 6892/8/6
f 6892/8/6 6883/8/6 6893/8/6
f 6884/15/6 6885/15/6 6894/15/6
f 6894/15/6 6885/15/6 6895/15/6
f 6884/15/6 6894/15/6 6896/15/6
f 6894/16/6 6895/16/6 6897/16/6
f 6896/15/6 6894/15/6 6897/15/6
f 6897/16/6 6895/16/6 6898/16/6
f 6896/5/6 6897/5/6 6899/5/6
f 6897/6/6 6898/6/6 6900/6/6
f 6899/5/6 6897/5/6 6900/5/6
f 6900/6/6 6898/6/6 6901/6/6
f 6902/15/6 6903/15/6 6908/15/6
f 6908/15/6 6903/15/6 6909/15/6
f 6903/16/6 6904/16/6 6910/16/6
f 6909/15/6 6903/15/6 6910/15/6
f 6910/16/6 6904/16/6 6911/16/6
f 6904/15/6 6905/15/6 6912/15/6
f 6911/16/6 6904/16/6 6912/16/6
f 6912/15/6 6905/15/6 6913/15/6
f 6906/15/6 6907/15/6 6922/15/6
f 6922/15/6 6907/15/6 6923/15/6
f 6914/16/6 6915/16/6 6924/16/6
f 6915/15/6 6916/15/6 6925/15/6
f 6924/16/6 6915/16/6 6925/16/6
f 6916/14/6 6917/14/6 6926/14/6
f 6925/15/6 6916/15/6 6926/15/6
f 6926/14/6 6917/14/6 6927/14/6
f 6918/8/6 6919/8/6 6933/8/6
f 6933/8/6 6919/8/6 6934/8/6
f 6920/15/6 6921/15/6 6937/15/6
f 6937/15/6 6921/15/6 6938/15/6
f 6927/15/6 6928/15/6 6939/15/6
f 6928/14/6 6929/14/6 6940/14/6
f 6939/15/6 6928/15/6 6940/15/6
f 6929/15/6 6930/15/6 6941/15/6
f 6940/14/6 6929/14/6 6941/14/6
f 6930/10/6 6931/10/6 6942/10/6
f 6941/15/6 6930/15/6 6942/15/6
f 6931/14/6 6932/14/6 6943/14/6
f 6942/10/6 6931/10/6 6943/10/6
f 6932/9/6 6933/9/6 6944/9/6
f 6943/14/6 6932/14/6 6944/14/6
f 6935/16/6 6936/16/6 6948/16/6
f 6936/15/6 6937/15/6 6949/15/6
f 6948/16/6 6936/16/6 6949/16/6
f 6945/8/6 6946/8/6 6952/8/6
f 6952/8/6 6946/8/6 6953/8/6
f 6947/15/6 6948/15/6 6955/15/6
f 6948/15/6 6949/15/6 6955/15/6
f 6955/15/6 6949/15/6 6956/15/6
f 6956/15/6 6949/15/6 6957/15/6
f 6957/15/6 6949/15/6 6958/15/6
f 6954/15/6 6955/15/6 6959/15/6
f 6955/16/6 6956/16/6 6960/16/6
f 6959/15/6 6955/15/6 6960/15/6
f 6956/15/6 6957/15/6 6961/15/6
f 6960/16/6 6956/16/6 6961/16/6
f 6961/15/6 6957/15/6 6962/15/6
f 6957/16/6 6958/16/6 6963/16/6
f 6962/15/6 6957/15/6 6963/15/6
f 6958/15/6 6949/15/6 6964/15/6
f 6963/16/6 6958/16/6 6964/16/6
f 6949/15/6 6937/15/6 6965/15/6
f 6964/15/6 6949/15/6 6965/15/6
f 6950/1/6 6951/1/6 6966/1/6
f 6966/1/6 6951/1/6 6967/1/6
f 6963/15/6 6964/15/6 6970/15/6
f 6962/15/6 6963/15/6 6970/15/6
f 6964/16/6 6965/16/6 6971/16/6
f 6970/15/6 6964/15/6 6971/15/6
f 6965/15/6 6937/15/6 6972/15/6
f 6971/16/6 6965/16/6 6972/16/6
f 6972/15/6 6937/15/6 6973/15/6
f 6944/9/6 6933/9/6 6979/9/6
f 6968/8/6 6969/8/6 6980/8/6
f 6980/8/6 6969/8/6 6981/8/6
f 6973/15/6 6974/15/6 6982/15/6
f 6982/15/6 6974/15/6 6983/15/6
f 6975/15/6 6976/15/6 6992/15/6
f 6976/15/6 6977/15/6 6992/15/6
f 6977/10/6 6978/10/6 6993/10/6
f 6992/15/6 6977/15/6 6993/15/6
f 6978/14/6 6979/14/6 6994/14/6
f 6993/10/6 6978/10/6 6994/10/6
f 6979/9/6 6933/9/6 6995/9/6
f 6994/14/6 6979/14/6 6995/14/6
f 6995/9/6 6933/9/6 6996/9/6
f 6984/15/6 6985/15/6 6998/15/6
f 6986/16/6 6987/16/6 6999/16/6
f 6998/15/6 6985/15/6 6999/15/6
f 6985/16/6 6986/16/6 6999/16/6
f 6987/15/6 6988/15/6 7000/15/6
f 6999/16/6 6987/16/6 7000/16/6
f 7000/15/6 6988/15/6 7001/15/6
f 6989/15/6 6990/15/6 7007/15/6
f 6990/16/6 6991/16/6 7008/16/6
f 7007/15/6 6990/15/6 7008/15/6
f 6991/15/6 6992/15/6 7009/15/6
f 7008/16/6 6991/16/6 7009/16/6
f 7009/15/6 6992/15/6 7010/15/6
f 6996/8/6 6997/8/6 7011/8/6
f 7011/8/6 6997/8/6 7012/8/6
f 7002/16/6 7003/16/6 7013/16/6
f 7003/15/6 7004/15/6 7014/15/6
f 7013/16/6 7003/16/6 7014/16/6
f 7004/16/6 7005/16/6 7015/16/6
f 7014/15/6 7004/15/6 7015/15/6
f 7005/15/6 7006/15/6 7016/15/6
f 7015/16/6 7005/16/6 7016/16/6
f 7016/15/6 7006/15/6 7017/15/6
f 7018/15/6 7019/15/6 7024/15/6
f 7024/15/6 7019/15/6 7025/15/6
f 7019/16/6 7020/16/6 7026/16/6
f 7025/15/6 7019/15/6 7026/15/6
f 7026/16/6 7020/16/6 7027/16/6
f 7020/15/6 7021/15/6 7028/15/6
f 7027/16/6 7020/16/6 7028/16/6
f 7028/15/6 7021/15/6 7029/15/6
f 7022/15/6 7023/15/6 7037/15/6
f 7037/15/6 7023/15/6 7038/15/6
f 7030/16/6 7031/16/6 7039/16/6
f 7031/15/6 7032/15/6 7040/15/6
f 7039/16/6 7031/16/6 7040/16/6
f 7032/14/6 7033/14/6 7041/14/6
f 7040/15/6 7032/15/6 7041/15/6
f 7041/14/6 7033/14/6 7042/14/6
f 7034/16/6 7035/16/6 7050/16/6
f 7035/15/6 7036/15/6 7051/15/6
f 7050/16/6 7035/16/6 7051/16/6
f 7051/15/6 7036/15/6 7052/15/6
f 7042/15/6 7043/15/6 7053/15/6
f 7043/14/6 7044/14/6 7054/14/6
f 7053/15/6 7043/15/6 7054/15/6
f 7044/15/6 7045/15/6 7055/15/6
f 7054/14/6 7044/14/6 7055/14/6
f 7045/14/6 7046/14/6 7056/14/6
f 7055/15/6 7045/15/6 7056/15/6
f 7046/16/6 7047/16/6 7057/16/6
f 7056/14/6 7046/14/6 7057/14/6
f 7057/16/6 7047/16/6 7058/16/6
f 7058/16/6 7047/16/6 7059/16/6
f 7048/16/6 7049/16/6 7061/16/6
f 7049/15/6 7050/15/6 7062/15/6
f 7061/16/6 7049/16/6 7062/16/6
f 7059/16/6 7060/16/6 7065/16/6
f 7065/16/6 7060/16/6 7066/16/6
f 7061/15/6 7062/15/6 7067/15/6
f 7067/15/6 7062/15/6 7068/15/6
f 7062/15/6 7050/15/6 7069/15/6
f 7068/15/6 7062/15/6 7069/15/6
f 7069/15/6 7050/15/6 7070/15/6
f 7063/8/6 7064/8/6 7071/8/6
f 7071/8/6 7064/8/6 7072/8/6
f 7065/15/6 7066/15/6 7073/15/6
f 7073/15/6 7066/15/6 7074/15/6
f 7074/15/6 7066/15/6 7075/15/6
f 7075/15/6 7066/15/6 7076/15/6
f 7067/16/6 7068/16/6 7077/16/6
f 7068/15/6 7069/15/6 7078/15/6
f 7077/16/6 7068/16/6 7078/16/6
f 7069/16/6 7070/16/6 7079/16/6
f 7078/15/6 7069/15/6 7079/15/6
f 7079/16/6 7070/16/6 7080/16/6
f 7073/16/6 7074/16/6 7089/16/6
f 7074/15/6 7075/15/6 7090/15/6
f 7089/16/6 7074/16/6 7090/16/6
f 7075/16/6 7076/16/6 7091/16/6
f 7090/15/6 7075/15/6 7091/15/6
f 7091/16/6 7076/16/6 7092/16/6
f 7080/16/6 7081/16/6 7093/16/6
f 7081/15/6 7082/15/6 7094/15/6
f 7093/16/6 7081/16/6 7094/16/6
f 7094/15/6 7082/15/6 7095/15/6
f 7083/15/6 7084/15/6 7104/15/6
f 7085/14/6 7086/14/6 7105/14/6
f 7084/14/6 7085/14/6 7105/14/6
f 7104/15/6 7084/15/6 7105/15/6
f 7086/15/6 7087/15/6 7106/15/6
f 7105/14/6 7086/14/6 7106/14/6
f 7087/16/6 7088/16/6 7107/16/6
f 7106/15/6 7087/15/6 7107/15/6
f 7088/16/6 7089/16/6 7107/16/6
f 7107/16/6 7089/16/6 7108/16/6
f 7096/15/6 7097/15/6 7109/15/6
f 7098/16/6 7099/16/6 7110/16/6
f 7109/15/6 7097/15/6 7110/15/6
f 7097/16/6 7098/16/6 7110/16/6
f 7099/15/6 7100/15/6 7111/15/6
f 7110/16/6 7099/16/6 7111/16/6
f 7111/15/6 7100/15/6 7112/15/6
f 7101/15/6 7102/15/6 7118/15/6
f 7102/16/6 7103/16/6 7119/16/6
f 7118/15/6 7102/15/6 7119/15/6
f 7103/15/6 7104/15/6 7120/15/6
f 7119/16/6 7103/16/6 7120/16/6
f 7120/15/6 7104/15/6 7121/15/6
f 7113/16/6 7114/16/6 7122/16/6
f 7114/15/6 7115/15/6 7123/15/6
f 7122/16/6 7114/16/6 7123/16/6
f 7115/16/6 7116/16/6 7124/16/6
f 7123/15/6 7115/15/6 7124/15/6
f 7116/15/6 7117/15/6 7125/15/6
f 7124/16/6 7116/16/6 7125/16/6
f 7125/15/6 7117/15/6 7126/15/6
f 7127/15/6 7128/15/6 7133/15/6
f 7133/15/6 7128/15/6 7134/15/6
f 7128/16/6 7129/16/6 7135/16/6
f 7134/15/6 7128/15/6 7135/15/6
f 7135/16/6 7129/16/6 7136/16/6
f 7129/15/6 7130/15/6 7137/15/6
f 7136/16/6 7129/16/6 7137/16/6
f 7137/15/6 7130/15/6 7138/15/6
f 7131/15/6 7132/15/6 7147/15/6
f 7147/15/6 7132/15/6 7148/15/6
f 7139/16/6 7140/16/6 7149/16/6
f 7140/15/6 7141/15/6 7150/15/6
f 7149/16/6 7140/16/6 7150/16/6
f 7141/14/6 7142/14/6 7151/14/6
f 7150/15/6 7141/15/6 7151/15/6
f 7151/14/6 7142/14/6 7152/14/6
f 7143/8/6 7144/8/6 7158/8/6
f 7158/8/6 7144/8/6 7159/8/6
f 7145/15/6 7146/15/6 7162/15/6
f 7162/15/6 7146/15/6 7163/15/6
f 7152/15/6 7153/15/6 7164/15/6
f 7153/14/6 7154/14/6 7165/14/6
f 7164/15/6 7153/15/6 7165/15/6
f 7154/15/6 7155/15/6 7166/15/6
f 7165/14/6 7154/14/6 7166/14/6
f 7155/10/6 7156/10/6 7167/10/6
f 7166/15/6 7155/15/6 7167/15/6
f 7156/14/6 7157/14/6 7168/14/6
f 7167/10/6 7156/10/6 7168/10/6
f 7157/9/6 7158/9/6 7169/9/6
f 7168/14/6 7157/14/6 7169/14/6
f 7160/16/6 7161/16/6 7173/16/6
f 7161/15/6 7162/15/6 7174/15/6
f 7173/16/6 7161/16/6 7174/16/6
f 7170/8/6 7171/8/6 7177/8/6
f 7177/8/6 7171/8/6 7178/8/6
f 7172/15/6 7173/15/6 7180/15/6
f 7173/15/6 7174/15/6 7180/15/6
f 7180/15/6 7174/15/6 7181/15/6
f 7181/15/6 7174/15/6 7182/15/6
f 7182/15/6 7174/15/6 7183/15/6
f 7179/15/6 7180/15/6 7184/15/6
f 7180/16/6 7181/16/6 7185/16/6
f 7184/15/6 7180/15/6 7185/15/6
f 7181/15/6 7182/15/6 7186/15/6
f 7185/16/6 7181/16/6 7186/16/6
f 7186/15/6 7182/15/6 7187/15/6
f 7182/16/6 7183/16/6 7188/16/6
f 7187/15/6 7182/15/6 7188/15/6
f 7183/15/6 7174/15/6 7189/15/6
f 7188/16/6 7183/16/6 7189/16/6
f 7174/15/6 7162/15/6 7190/15/6
f 7189/15/6 7174/15/6 7190/15/6
f 7175/1/6 7176/1/6 7191/1/6
f 7191/1/6 7176/1/6 7192/1/6
f 7188/15/6 7189/15/6 7195/15/6
f 7187/15/6 7188/15/6 7195/15/6
f 7189/16/6 7190/16/6 7196/16/6
f 7195/15/6 7189/15/6 7196/15/6
f 7190/15/6 7162/15/6 7197/15/6
f 7196/16/6 7190/16/6 7197/16/6
f 7197/15/6 7162/15/6 7198/15/6
f 7169/9/6 7158/9/6 7204/9/6
f 7193/8/6 7194/8/6 7205/8/6
f 7205/8/6 7194/8/6 7206/8/6
f 7198/15/6 7199/15/6 7207/15/6
f 7207/15/6 7199/15/6 7208/15/6
f 7200/15/6 7201/15/6 7217/15/6
f 7201/15/6 7202/15/6 7217/15/6
f 7202/10/6 7203/10/6 7218/10/6
f 7217/15/6 7202/15/6 7218/15/6
f 7203/14/6 7204/14/6 7219/14/6
f 7218/10/6 7203/10/6 7219/10/6
f 7204/9/6 7158/9/6 7220/9/6
f 7219/14/6 7204/14/6 7220/14/6
f 7220/9/6 7158/9/6 7221/9/6
f 7209/15/6 7210/15/6 7223/15/6
f 7211/16/6 7212/16/6 7224/16/6
f 7223/15/6 7210/15/6 7224/15/6
f 7210/16/6 7211/16/6 7224/16/6
f 7212/15/6 7213/15/6 7225/15/6
f 7224/16/6 7212/16/6 7225/16/6
f 7225/15/6 7213/15/6 7226/15/6
f 7214/15/6 7215/15/6 7232/15/6
f 7215/16/6 7216/16/6 7233/16/6
f 7232/15/6 7215/15/6 7233/15/6
f 7216/15/6 7217/15/6 7234/15/6
f 7233/16/6 7216/16/6 7234/16/6
f 7234/15/6 7217/15/6 7235/15/6
f 7221/8/6 7222/8/6 7236/8/6
f 7236/8/6 7222/8/6 7237/8/6
f 7227/16/6 7228/16/6 7238/16/6
f 7228/15/6 7229/15/6 7239/15/6
f 7238/16/6 7228/16/6 7239/16/6
f 7229/16/6 7230/16/6 7240/16/6
f 7239/15/6 7229/15/6 7240/15/6
f 7230/15/6 7231/15/6 7241/15/6
f 7240/16/6 7230/16/6 7241/16/6
f 7241/15/6 7231/15/6 7242/15/6
f 7243/15/6 7244/15/6 7251/15/6
f 7251/15/6 7244/15/6 7252/15/6
f 7244/14/6 7245/14/6 7253/14/6
f 7252/15/6 7244/15/6 7253/15/6
f 7245/15/6 7246/15/6 7254/15/6
f 7253/14/6 7245/14/6 7254/14/6
f 7246/14/6 7247/14/6 7255/14/6
f 7254/15/6 7246/15/6 7255/15/6
f 7247/15/6 7248/15/6 7256/15/6
f 7255/14/6 7247/14/6 7256/14/6
f 7256/15/6 7248/15/6 7257/15/6
f 7248/16/6 7249/16/6 7258/16/6
f 7257/15/6 7248/15/6 7258/15/6
f 7258/16/6 7249/16/6 7259/16/6
f 7251/15/6 7252/15/6 7265/15/6
f 7250/15/6 7251/15/6 7265/15/6
f 7265/15/6 7252/15/6 7266/15/6
f 7266/15/6 7252/15/6 7267/15/6
f 7267/15/6 7252/15/6 7268/15/6
f 7252/14/6 7253/14/6 7269/14/6
f 7268/15/6 7252/15/6 7269/15/6
f 7269/14/6 7253/14/6 7270/14/6
f 7260/15/6 7261/15/6 7271/15/6
f 7271/15/6 7261/15/6 7272/15/6
f 7262/8/6 7263/8/6 7276/8/6
f 7276/8/6 7263/8/6 7277/8/6
f 7264/15/6 7265/15/6 7280/15/6
f 7265/15/6 7266/15/6 7280/15/6
f 7266/14/6 7267/14/6 7280/14/6
f 7280/14/6 7267/14/6 7281/14/6
f 7272/15/6 7273/15/6 7282/15/6
f 7273/10/6 7274/10/6 7283/10/6
f 7282/15/6 7273/15/6 7283/15/6
f 7283/10/6 7274/10/6 7284/10/6
f 7284/10/6 7274/10/6 7285/10/6
f 7262/8/6 7276/8/6 7286/8/6
f 7277/8/6 7263/8/6 7287/8/6
f 7278/14/6 7279/14/6 7288/14/6
f 7288/14/6 7279/14/6 7289/14/6
f 7264/15/6 7280/15/6 7290/15/6
f 7282/15/6 7283/15/6 7292/15/6
f 7283/14/6 7284/14/6 7293/14/6
f 7292/15/6 7283/15/6 7293/15/6
f 7293/14/6 7284/14/6 7294/14/6
f 7285/10/6 7274/10/6 7295/10/6
f 7262/8/6 7286/8/6 7296/8/6
f 7286/8/6 7287/8/6 7296/8/6
f 7287/8/6 7263/8/6 7297/8/6
f 7296/8/6 7287/8/6 7297/8/6
f 7290/15/6 7291/15/6 7298/15/6
f 7264/15/6 7290/15/6 7298/15/6
f 7298/15/6 7291/15/6 7299/15/6
f 7299/15/6 7291/15/6 7300/15/6
f 7300/15/6 7291/15/6 7301/15/6
f 7292/15/6 7293/15/6 7307/15/6
f 7294/10/6 7295/10/6 7308/10/6
f 7293/10/6 7294/10/6 7308/10/6
f 7307/15/6 7293/15/6 7308/15/6
f 7274/14/6 7275/14/6 7309/14/6
f 7308/10/6 7295/10/6 7309/10/6
f 7295/10/6 7274/10/6 7309/10/6
f 7309/14/6 7275/14/6 7310/14/6
f 7262/8/6 7296/8/6 7311/8/6
f 7297/8/6 7263/8/6 7312/8/6
f 7299/16/6 7300/16/6 7313/16/6
f 7303/15/6 7304/15/6 7314/15/6
f 7313/16/6 7300/16/6 7314/16/6
f 7302/15/6 7303/15/6 7314/15/6
f 7301/15/6 7302/15/6 7314/15/6
f 7300/15/6 7301/15/6 7314/15/6
f 7314/15/6 7304/15/6 7315/15/6
f 7304/14/6 7305/14/6 7316/14/6
f 7315/15/6 7304/15/6 7316/15/6
f 7316/14/6 7305/14/6 7317/14/6
f 7306/15/6 7307/15/6 7323/15/6
f 7323/15/6 7307/15/6 7324/15/6
f 7311/8/6 7312/8/6 7325/8/6
f 7262/8/6 7311/8/6 7325/8/6
f 7312/8/6 7263/8/6 7326/8/6
f 7325/8/6 7312/8/6 7326/8/6
f 7315/15/6 7316/15/6 7327/15/6
f 7316/15/6 7317/15/6 7327/15/6
f 7317/14/6 7318/14/6 7328/14/6
f 7327/15/6 7317/15/6 7328/15/6
f 7318/15/6 7319/15/6 7329/15/6
f 7328/14/6 7318/14/6 7329/14/6
f 7319/16/6 7320/16/6 7330/16/6
f 7329/15/6 7319/15/6 7330/15/6
f 7320/15/6 7321/15/6 7331/15/6
f 7330/16/6 7320/16/6 7331/16/6
f 7321/16/6 7322/16/6 7332/16/6
f 7331/15/6 7321/15/6 7332/15/6
f 7332/16/6 7322/16/6 7333/16/6
f 7334/15/6 7335/15/6 7342/15/6
f 7342/15/6 7335/15/6 7343/15/6
f 7335/14/6 7336/14/6 7344/14/6
f 7343/15/6 7335/15/6 7344/15/6
f 7336/15/6 7337/15/6 7345/15/6
f 7344/14/6 7336/14/6 7345/14/6
f 7337/14/6 7338/14/6 7346/14/6
f 7345/15/6 7337/15/6 7346/15/6
f 7338/15/6 7339/15/6 7347/15/6
f 7346/14/6 7338/14/6 7347/14/6
f 7339/16/6 7340/16/6 7348/16/6
f 7347/15/6 7339/15/6 7348/15/6
f 7348/16/6 7340/16/6 7349/16/6
f 7342/15/6 7343/15/6 7353/15/6
f 7341/15/6 7342/15/6 7353/15/6
f 7353/15/6 7343/15/6 7354/15/6
f 7354/15/6 7343/15/6 7355/15/6
f 7355/15/6 7343/15/6 7356/15/6
f 7343/14/6 7344/14/6 7357/14/6
f 7356/15/6 7343/15/6 7357/15/6
f 7357/14/6 7344/14/6 7358/14/6
f 7350/15/6 7351/15/6 7359/15/6
f 7359/15/6 7351/15/6 7360/15/6
f 7352/15/6 7353/15/6 7367/15/6
f 7353/15/6 7354/15/6 7367/15/6
f 7354/14/6 7355/14/6 7367/14/6
f 7367/14/6 7355/14/6 7368/14/6
f 7360/15/6 7361/15/6 7369/15/6
f 7361/14/6 7362/14/6 7370/14/6
f 7369/15/6 7361/15/6 7370/15/6
f 7362/15/6 7363/15/6 7371/15/6
f 7370/14/6 7362/14/6 7371/14/6
f 7371/15/6 7363/15/6 7372/15/6
f 7365/16/6 7366/16/6 7373/16/6
f 7364/15/6 7365/15/6 7373/15/6
f 7373/16/6 7366/16/6 7374/16/6
f 7352/15/6 7367/15/6 7375/15/6
f 7372/15/6 7363/15/6 7379/15/6
f 7363/14/6 7364/14/6 7380/14/6
f 7373/15/6 7374/15/6 7380/15/6
f 7364/15/6 7373/15/6 7380/15/6
f 7380/15/6 7374/15/6 7381/15/6
f 7381/15/6 7374/15/6 7382/15/6
f 7382/15/6 7374/15/6 7383/15/6
f 7352/15/6 7375/15/6 7384/15/6
f 7375/15/6 7376/15/6 7384/15/6
f 7384/15/6 7376/15/6 7385/15/6
f 7385/15/6 7376/15/6 7386/15/6
f 7386/15/6 7376/15/6 7387/15/6
f 7377/15/6 7378/15/6 7393/15/6
f 7378/15/6 7379/15/6 7393/15/6
f 7379/15/6 7363/15/6 7394/15/6
f 7363/14/6 7380/14/6 7394/14/6
f 7393/15/6 7379/15/6 7394/15/6
f 7380/16/6 7381/16/6 7395/16/6
f 7394/14/6 7380/14/6 7395/14/6
f 7381/15/6 7382/15/6 7396/15/6
f 7395/16/6 7381/16/6 7396/16/6
f 7382/16/6 7383/16/6 7397/16/6
f 7396/15/6 7382/15/6 7397/15/6
f 7397/16/6 7383/16/6 7398/16/6
f 7385/16/6 7386/16/6 7399/16/6
f 7389/15/6 7390/15/6 7400/15/6
f 7399/16/6 7386/16/6 7400/16/6
f 7388/15/6 7389/15/6 7400/15/6
f 7386/15/6 7387/15/6 7400/15/6
f 7387/15/6 7388/15/6 7400/15/6
f 7400/15/6 7390/15/6 7401/15/6
f 7390/14/6 7391/14/6 7402/14/6
f 7401/15/6 7390/15/6 7402/15/6
f 7402/14/6 7391/14/6 7403/14/6
f 7392/15/6 7393/15/6 7409/15/6
f 7409/15/6 7393/15/6 7410/15/6
f 7401/15/6 7402/15/6 7411/15/6
f 7402/15/6 7403/15/6 7411/15/6
f 7403/14/6 7404/14/6 7412/14/6
f 7411/15/6 7403/15/6 7412/15/6
f 7404/15/6 7405/15/6 7413/15/6
f 7412/14/6 7404/14/6 7413/14/6
f 7405/16/6 7406/16/6 7414/16/6
f 7413/15/6 7405/15/6 7414/15/6
f 7406/15/6 7407/15/6 7415/15/6
f 7414/16/6 7406/16/6 7415/16/6
f 7407/16/6 7408/16/6 7416/16/6
f 7415/15/6 7407/15/6 7416/15/6
f 7416/16/6 7408/16/6 7417/16/6
f 7418/15/6 7419/15/6 7426/15/6
f 7426/15/6 7419/15/6 7427/15/6
f 7419/14/6 7420/14/6 7428/14/6
f 7427/15/6 7419/15/6 7428/15/6
f 7420/15/6 7421/15/6 7429/15/6
f 7428/14/6 7420/14/6 7429/14/6
f 7421/14/6 7422/14/6 7430/14/6
f 7429/15/6 7421/15/6 7430/15/6
f 7422/15/6 7423/15/6 7431/15/6
f 7430/14/6 7422/14/6 7431/14/6
f 7431/15/6 7423/15/6 7432/15/6
f 7423/16/6 7424/16/6 7433/16/6
f 7432/15/6 7423/15/6 7433/15/6
f 7433/16/6 7424/16/6 7434/16/6
f 7426/15/6 7427/15/6 7440/15/6
f 7425/15/6 7426/15/6 7440/15/6
f 7440/15/6 7427/15/6 7441/15/6
f 7441/15/6 7427/15/6 7442/15/6
f 7442/15/6 7427/15/6 7443/15/6
f 7427/14/6 7428/14/6 7444/14/6
f 7443/15/6 7427/15/6 7444/15/6
f 7444/14/6 7428/14/6 7445/14/6
f 7435/15/6 7436/15/6 7446/15/6
f 7446/15/6 7436/15/6 7447/15/6
f 7437/8/6 7438/8/6 7451/8/6
f 7451/8/6 7438/8/6 7452/8/6
f 7439/15/6 7440/15/6 7455/15/6
f 7440/15/6 7441/15/6 7455/15/6
f 7441/14/6 7442/14/6 7455/14/6
f 7455/14/6 7442/14/6 7456/14/6
f 7447/15/6 7448/15/6 7457/15/6
f 7448/10/6 7449/10/6 7458/10/6
f 7457/15/6 7448/15/6 7458/15/6
f 7458/10/6 7449/10/6 7459/10/6
f 7459/10/6 7449/10/6 7460/10/6
f 7437/8/6 7451/8/6 7461/8/6
f 7452/8/6 7438/8/6 7462/8/6
f 7453/14/6 7454/14/6 7463/14/6
f 7463/14/6 7454/14/6 7464/14/6
f 7439/15/6 7455/15/6 7465/15/6
f 7457/15/6 7458/15/6 7467/15/6
f 7458/14/6 7459/14/6 7468/14/6
f 7467/15/6 7458/15/6 7468/15/6
f 7468/14/6 7459/14/6 7469/14/6
f 7460/10/6 7449/10/6 7470/10/6
f 7437/8/6 7461/8/6 7471/8/6
f 7461/8/6 7462/8/6 7471/8/6
f 7462/8/6 7438/8/6 7472/8/6
f 7471/8/6 7462/8/6 7472/8/6
f 7465/15/6 7466/15/6 7473/15/6
f 7439/15/6 7465/15/6 7473/15/6
f 7473/15/6 7466/15/6 7474/15/6
f 7474/15/6 7466/15/6 7475/15/6
f 7475/15/6 7466/15/6 7476/15/6
f 7467/15/6 7468/15/6 7482/15/6
f 7469/10/6 7470/10/6 7483/10/6
f 7468/10/6 7469/10/6 7483/10/6
f 7482/15/6 7468/15/6 7483/15/6
f 7449/14/6 7450/14/6 7484/14/6
f 7483/10/6 7470/10/6 7484/10/6
f 7470/10/6 7449/10/6 7484/10/6
f 7484/14/6 7450/14/6 7485/14/6
f 7437/8/6 7471/8/6 7486/8/6
f 7472/8/6 7438/8/6 7487/8/6
f 7474/16/6 7475/16/6 7488/16/6
f 7478/15/6 7479/15/6 7489/15/6
f 7488/16/6 7475/16/6 7489/16/6
f 7477/15/6 7478/15/6 7489/15/6
f 7476/15/6 7477/15/6 7489/15/6
f 7475/15/6 7476/15/6 7489/15/6
f 7489/15/6 7479/15/6 7490/15/6
f 7479/14/6 7480/14/6 7491/14/6
f 7490/15/6 7479/15/6 7491/15/6
f 7491/14/6 7480/14/6 7492/14/6
f 7481/15/6 7482/15/6 7498/15/6
f 7498/15/6 7482/15/6 7499/15/6
f 7486/8/6 7487/8/6 7500/8/6
f 7437/8/6 7486/8/6 7500/8/6
f 7487/8/6 7438/8/6 7501/8/6
f 7500/8/6 7487/8/6 7501/8/6
f 7490/15/6 7491/15/6 7502/15/6
f 7491/15/6 7492/15/6 7502/15/6
f 7492/14/6 7493/14/6 7503/14/6
f 7502/15/6 7492/15/6 7503/15/6
f 7493/15/6 7494/15/6 7504/15/6
f 7503/14/6 7493/14/6 7504/14/6
f 7494/16/6 7495/16/6 7505/16/6
f 7504/15/6 7494/15/6 7505/15/6
f 7495/15/6 7496/15/6 7506/15/6
f 7505/16/6 7495/16/6 7506/16/6
f 7496/16/6 7497/16/6 7507/16/6
f 7506/15/6 7496/15/6 7507/15/6
f 7507/16/6 7497/16/6 7508/16/6
f 7509/15/6 7510/15/6 7516/15/6
f 7516/15/6 7510/15/6 7517/15/6
f 7510/16/6 7511/16/6 7518/16/6
f 7517/15/6 7510/15/6 7518/15/6
f 7518/16/6 7511/16/6 7519/16/6
f 7511/15/6 7512/15/6 7520/15/6
f 7519/16/6 7511/16/6 7520/16/6
f 7512/16/6 7513/16/6 7521/16/6
f 7520/15/6 7512/15/6 7521/15/6
f 7521/16/6 7513/16/6 7522/16/6
f 7514/15/6 7515/15/6 7527/15/6
f 7527/15/6 7515/15/6 7528/15/6
f 7516/14/6 7517/14/6 7529/14/6
f 7528/15/6 7515/15/6 7529/15/6
f 7515/14/6 7516/14/6 7529/14/6
f 7529/14/6 7517/14/6 7530/14/6
f 7530/14/6 7517/14/6 7531/14/6
f 7519/14/6 7520/14/6 7532/14/6
f 7521/14/6 7522/14/6 7532/14/6
f 7520/14/6 7521/14/6 7532/14/6
f 7532/14/6 7522/14/6 7533/14/6
f 7522/15/6 7523/15/6 7534/15/6
f 7533/14/6 7522/14/6 7534/14/6
f 7534/15/6 7523/15/6 7535/15/6
f 7524/15/6 7525/15/6 7536/15/6
f 7536/15/6 7525/15/6 7537/15/6
f 7527/15/6 7528/15/6 7538/15/6
f 7526/15/6 7527/15/6 7538/15/6
f 7529/14/6 7530/14/6 7538/14/6
f 7528/14/6 7529/14/6 7538/14/6
f 7538/14/6 7530/14/6 7539/14/6
f 7526/15/6 7538/15/6 7540/15/6
f 7538/15/6 7539/15/6 7540/15/6
f 7540/15/6 7539/15/6 7541/15/6
f 7541/15/6 7539/15/6 7542/15/6
f 7539/14/6 7530/14/6 7543/14/6
f 7533/14/6 7534/14/6 7546/14/6
f 7534/16/6 7535/16/6 7547/16/6
f 7546/14/6 7534/14/6 7547/14/6
f 7547/16/6 7535/16/6 7548/16/6
f 7541/16/6 7542/16/6 7549/16/6
f 7542/15/6 7539/15/6 7550/15/6
f 7549/16/6 7542/16/6 7550/16/6
f 7543/14/6 7544/14/6 7551/14/6
f 7550/15/6 7539/15/6 7551/15/6
f 7539/14/6 7543/14/6 7551/14/6
f 7551/14/6 7544/14/6 7552/14/6
f 7552/14/6 7544/14/6 7553/14/6
f 7545/14/6 7546/14/6 7556/14/6
f 7546/14/6 7547/14/6 7556/14/6
f 7556/14/6 7547/14/6 7557/14/6
f 7557/14/6 7547/14/6 7558/14/6
f 7547/15/6 7548/15/6 7559/15/6
f 7558/14/6 7547/14/6 7559/14/6
f 7559/15/6 7548/15/6 7560/15/6
f 7552/14/6 7553/14/6 7561/14/6
f 7554/15/6 7555/15/6 7562/15/6
f 7561/14/6 7553/14/6 7562/14/6
f 7553/15/6 7554/15/6 7562/15/6
f 7556/15/6 7557/15/6 7562/15/6
f 7555/15/6 7556/15/6 7562/15/6
f 7557/14/6 7558/14/6 7563/14/6
f 7562/15/6 7557/15/6 7563/15/6
f 7558/15/6 7559/15/6 7564/15/6
f 7563/14/6 7558/14/6 7564/14/6
f 7564/15/6 7559/15/6 7565/15/6
f 7566/13/6 7567/13/6 7574/13/6
f 7574/13/6 7567/13/6 7575/13/6
f 7568/15/6 7569/15/6 7576/15/6
f 7569/16/6 7570/16/6 7577/16/6
f 7576/15/6 7569/15/6 7577/15/6
f 7577/16/6 7570/16/6 7578/16/6
f 7571/15/6 7572/15/6 7581/15/6
f 7581/15/6 7572/15/6 7582/15/6
f 7572/14/6 7573/14/6 7583/14/6
f 7582/15/6 7572/15/6 7583/15/6
f 7573/13/6 7574/13/6 7584/13/6
f 7583/14/6 7573/14/6 7584/14/6
f 7584/13/6 7574/13/6 7585/13/6
f 7577/14/6 7578/14/6 7586/14/6
f 7578/15/6 7579/15/6 7587/15/6
f 7586/14/6 7578/14/6 7587/14/6
f 7587/15/6 7579/15/6 7588/15/6
f 7581/15/6 7582/15/6 7591/15/6
f 7583/14/6 7584/14/6 7591/14/6
f 7580/15/6 7581/15/6 7591/15/6
f 7582/14/6 7583/14/6 7591/14/6
f 7591/14/6 7584/14/6 7592/14/6
f 7580/15/6 7591/15/6 7593/15/6
f 7591/15/6 7592/15/6 7593/15/6
f 7593/15/6 7592/15/6 7594/15/6
f 7594/15/6 7592/15/6 7595/15/6
f 7592/14/6 7584/14/6 7596/14/6
f 7589/13/6 7590/13/6 7601/13/6
f 7601/13/6 7590/13/6 7602/13/6
f 7594/16/6 7595/16/6 7603/16/6
f 7595/15/6 7592/15/6 7604/15/6
f 7603/16/6 7595/16/6 7604/16/6
f 7592/14/6 7596/14/6 7605/14/6
f 7604/15/6 7592/15/6 7605/15/6
f 7596/13/6 7597/13/6 7606/13/6
f 7605/14/6 7596/14/6 7606/14/6
f 7606/13/6 7597/13/6 7607/13/6
f 7598/14/6 7599/14/6 7610/14/6
f 7599/15/6 7600/15/6 7611/15/6
f 7610/14/6 7599/14/6 7611/14/6
f 7611/15/6 7600/15/6 7612/15/6
f 7607/13/6 7608/13/6 7613/13/6
f 7613/13/6 7608/13/6 7614/13/6
f 7609/14/6 7610/14/6 7615/14/6
f 7610/15/6 7611/15/6 7616/15/6
f 7615/14/6 7610/14/6 7616/14/6
f 7616/15/6 7611/15/6 7617/15/6
f 7618/15/6 7619/15/6 7625/15/6
f 7625/15/6 7619/15/6 7626/15/6
f 7619/16/6 7620/16/6 7627/16/6
f 7626/15/6 7619/15/6 7627/15/6
f 7627/16/6 7620/16/6 7628/16/6
f 7620/15/6 7621/15/6 7629/15/6
f 7628/16/6 7620/16/6 7629/16/6
f 7621/16/6 7622/16/6 7630/16/6
f 7629/15/6 7621/15/6 7630/15/6
f 7630/16/6 7622/16/6 7631/16/6
f 7623/15/6 7624/15/6 7636/15/6
f 7636/15/6 7624/15/6 7637/15/6
f 7625/14/6 7626/14/6 7638/14/6
f 7637/15/6 7624/15/6 7638/15/6
f 7624/14/6 7625/14/6 7638/14/6
f 7638/14/6 7626/14/6 7639/14/6
f 7639/14/6 7626/14/6 7640/14/6
f 7628/14/6 7629/14/6 7641/14/6
f 7630/14/6 7631/14/6 7641/14/6
f 7629/14/6 7630/14/6 7641/14/6
f 7641/14/6 7631/14/6 7642/14/6
f 7631/15/6 7632/15/6 7643/15/6
f 7642/14/6 7631/14/6 7643/14/6
f 7643/15/6 7632/15/6 7644/15/6
f 7633/15/6 7634/15/6 7645/15/6
f 7645/15/6 7634/15/6 7646/15/6
f 7636/15/6 7637/15/6 7647/15/6
f 7635/15/6 7636/15/6 7647/15/6
f 7638/14/6 7639/14/6 7647/14/6
f 7637/14/6 7638/14/6 7647/14/6
f 7647/14/6 7639/14/6 7648/14/6
f 7635/15/6 7647/15/6 7649/15/6
f 7647/15/6 7648/15/6 7649/15/6
f 7649/15/6 7648/15/6 7650/15/6
f 7650/15/6 7648/15/6 7651/15/6
f 7648/14/6 7639/14/6 7652/14/6
f 7642/14/6 7643/14/6 7655/14/6
f 7643/16/6 7644/16/6 7656/16/6
f 7655/14/6 7643/14/6 7656/14/6
f 7656/16/6 7644/16/6 7657/16/6
f 7650/16/6 7651/16/6 7658/16/6
f 7651/15/6 7648/15/6 7659/15/6
f 7658/16/6 7651/16/6 7659/16/6
f 7652/14/6 7653/14/6 7660/14/6
f 7659/15/6 7648/15/6 7660/15/6
f 7648/14/6 7652/14/6 7660/14/6
f 7660/14/6 7653/14/6 7661/14/6
f 7661/14/6 7653/14/6 7662/14/6
f 7654/14/6 7655/14/6 7665/14/6
f 7655/14/6 7656/14/6 7665/14/6
f 7665/14/6 7656/14/6 7666/14/6
f 7666/14/6 7656/14/6 7667/14/6
f 7656/15/6 7657/15/6 7668/15/6
f 7667/14/6 7656/14/6 7668/14/6
f 7668/15/6 7657/15/6 7669/15/6
f 7661/14/6 7662/14/6 7670/14/6
f 7663/15/6 7664/15/6 7671/15/6
f 7670/14/6 7662/14/6 7671/14/6
f 7662/15/6 7663/15/6 7671/15/6
f 7665/15/6 7666/15/6 7671/15/6
f 7664/15/6 7665/15/6 7671/15/6
f 7666/14/6 7667/14/6 7672/14/6
f 7671/15/6 7666/15/6 7672/15/6
f 7667/15/6 7668/15/6 7673/15/6
f 7672/14/6 7667/14/6 7673/14/6
f 7673/15/6 7668/15/6 7674/15/6
f 7675/15/6 7676/15/6 7680/15/6
f 7680/15/6 7676/15/6 7681/15/6
f 7677/15/6 7678/15/6 7683/15/6
f 7683/15/6 7678/15/6 7684/15/6
f 7681/15/6 7682/15/6 7685/15/6
f 7679/15/6 7680/15/6 7685/15/6
f 7680/15/6 7681/15/6 7685/15/6
f 7685/15/6 7682/15/6 7686/15/6
f 7686/15/6 7682/15/6 7687/15/6
f 7687/15/6 7682/15/6 7688/15/6
f 7688/15/6 7682/15/6 7689/15/6
f 7689/15/6 7682/15/6 7690/15/6
f 7686/16/6 7687/16/6 7691/16/6
f 7687/15/6 7688/15/6 7692/15/6
f 7691/16/6 7687/16/6 7692/16/6
f 7688/16/6 7689/16/6 7693/16/6
f 7692/15/6 7688/15/6 7693/15/6
f 7693/16/6 7689/16/6 7694/16/6
f 7695/13/6 7696/13/6 7700/13/6
f 7696/7/6 7697/7/6 7701/7/6
f 7700/13/6 7696/13/6 7701/13/6
f 7697/13/6 7698/13/6 7702/13/6
f 7701/7/6 7697/7/6 7702/7/6
f 7702/13/6 7698/13/6 7703/13/6
f 7699/13/6 7700/13/6 7706/13/6
f 7706/13/6 7700/13/6 7707/13/6
f 7703/13/6 7704/13/6 7708/13/6
f 7702/13/6 7703/13/6 7708/13/6
f 7708/13/6 7704/13/6 7709/13/6
f 7709/13/6 7704/13/6 7710/13/6
f 7705/13/6 7706/13/6 7712/13/6
f 7712/13/6 7706/13/6 7713/13/6
f 7710/13/6 7711/13/6 7717/13/6
f 7717/13/6 7711/13/6 7718/13/6
f 7713/13/6 7714/13/6 7719/13/6
f 7719/13/6 7714/13/6 7720/13/6
f 7715/13/6 7716/13/6 7722/13/6
f 7716/13/6 7717/13/6 7722/13/6
f 7722/13/6 7717/13/6 7723/13/6
f 7723/13/6 7717/13/6 7724/13/6
f 7720/13/6 7721/13/6 7725/13/6
f 7721/7/6 7722/7/6 7726/7/6
f 7725/13/6 7721/13/6 7726/13/6
f 7722/13/6 7723/13/6 7727/13/6
f 7726/7/6 7722/7/6 7727/7/6
f 7727/13/6 7723/13/6 7728/13/6
f 7729/15/6 7730/15/6 7734/15/6
f 7734/15/6 7730/15/6 7735/15/6
f 7731/15/6 7732/15/6 7737/15/6
f 7737/15/6 7732/15/6 7738/15/6
f 7735/15/6 7736/15/6 7739/15/6
f 7733/15/6 7734/15/6 7739/15/6
f 7734/15/6 7735/15/6 7739/15/6
f 7739/15/6 7736/15/6 7740/15/6
f 7740/15/6 7736/15/6 7741/15/6
f 7741/15/6 7736/15/6 7742/15/6
f 7742/15/6 7736/15/6 7743/15/6
f 7743/15/6 7736/15/6 7744/15/6
f 7740/16/6 7741/16/6 7745/16/6
f 7741/15/6 7742/15/6 7746/15/6
f 7745/16/6 7741/16/6 7746/16/6
f 7742/16/6 7743/16/6 7747/16/6
f 7746/15/6 7742/15/6 7747/15/6
f 7747/16/6 7743/16/6 7748/16/6
f 7749/15/6 7750/15/6 7751/15/6
f 7751/15/6 7750/15/6 7752/15/6
f 7753/13/6 7754/13/6 7757/13/6
f 7754/7/6 7755/7/6 7758/7/6
f 7756/13/6 7757/13/6 7761/13/6
f 7757/13/6 7754/13/6 7762/13/6
f 7761/13/6 7757/13/6 7762/13/6
f 7754/7/6 7758/7/6 7763/7/6
f 7758/7/6 7759/7/6 7763/7/6
f 7759/13/6 7760/13/6 7764/13/6
f 7763/7/6 7759/7/6 7764/7/6
f 7764/13/6 7760/13/6 7765/13/6
f 7762/13/6 7754/13/6 7766/13/6
f 7754/7/6 7763/7/6 7767/7/6
f 7766/13/6 7754/13/6 7767/13/6
f 7767/7/6 7763/7/6 7768/7/6
f 7769/15/6 7770/15/6 7771/15/6
f 7771/15/6 7770/15/6 7772/15/6
