# MagicaVoxel @ Ephtracy

# group
o tree-small-1-trunk

# material
mtllib ivan.mtl
usemtl palette

# normals
vn -1 0 0
vn 1 0 0
vn 0 0 1
vn 0 0 -1
vn 0 -1 0
vn 0 1 0

# texcoords
vt 0.720703 0.5
vt 0.751953 0.5
vt 0.755859 0.5
vt 0.783203 0.5
vt 0.787109 0.5
vt 0.845703 0.5
vt 0.849609 0.5
vt 0.853516 0.5
vt 0.908203 0.5
vt 0.912109 0.5
vt 0.916016 0.5
vt 0.919922 0.5
vt 0.923828 0.5
vt 0.943359 0.5
vt 0.947266 0.5
vt 0.955078 0.5
vt 0.962891 0.5

# verts
v -3.5 4.6 0.7
v -3.5 4.6 0.4
v -3.5 4.7 0.7
v -3.5 4.7 0.4
v -3.3 4.5 0.7
v -3.3 4.5 0.3
v -3.3 4.6 0.7
v -3.3 4.6 0.4
v -3.3 4.6 0.3
v -1.8 4.3 0.8
v -1.8 4.3 0.3
v -1.8 4.5 0.7
v -1.8 4.5 0.4
v -1.8 4.7 0.7
v -1.8 4.7 0.4
v -1.8 4.9 0.8
v -1.8 4.9 0.3
v -1 1.6 1.4
v -1 1.6 -0.3
v -1 1.7 1.4
v -1 1.7 -0.3
v -1 1.8 1.4
v -1 1.8 -0.3
v -1 2 1.4
v -1 2 -0.3
v -0.9 2 1.3
v -0.9 2 -0.2
v -0.9 2.3 1.3
v -0.9 2.3 -0.2
v -0.8 1.5 0.9
v -0.8 1.5 0.3
v -0.8 1.6 0.9
v -0.8 1.6 0.3
v -0.8 2.3 1.2
v -0.8 2.3 -0.1
v -0.8 2.5 1.2
v -0.8 2.5 -0.1
v -0.7 1.5 1
v -0.7 1.5 0.9
v -0.7 1.5 0.3
v -0.7 1.5 0.2
v -0.7 1.6 1
v -0.7 1.6 0.9
v -0.7 1.6 0.3
v -0.7 1.6 0.2
v -0.7 2.5 1.1
v -0.7 2.5 0
v -0.7 2.7 1.1
v -0.7 2.7 0
v -0.7 4 1
v -0.7 4 0
v -0.7 4.5 0.7
v -0.7 4.5 0.4
v -0.7 4.6 0.1
v -0.7 4.6 0
v -0.7 4.7 0.7
v -0.7 4.7 0.4
v -0.7 4.9 1
v -0.7 4.9 0.1
v -0.6 1.5 1.1
v -0.6 1.5 1
v -0.6 1.5 0.2
v -0.6 1.5 0.1
v -0.6 1.6 1.1
v -0.6 1.6 1
v -0.6 1.6 0.2
v -0.6 1.6 0.1
v -0.6 2.7 1
v -0.6 2.7 0.1
v -0.6 2.9 1
v -0.6 2.9 0.1
v -0.6 3.8 1
v -0.6 3.8 0.1
v -0.6 4 1
v -0.6 4 0.1
v -0.6 4.2 0
v -0.6 4.2 -0.1
v -0.6 4.5 0
v -0.6 4.5 -0.1
v -0.6 5.3 0.8
v -0.6 5.3 0.3
v -0.6 5.4 1.1
v -0.6 5.4 0.8
v -0.6 5.4 0.3
v -0.6 5.4 0.2
v -0.6 5.8 1.1
v -0.6 5.8 1
v -0.6 5.8 0.3
v -0.6 5.8 0.2
v -0.6 6 1
v -0.6 6 0.9
v -0.6 6 0.4
v -0.6 6 0.3
v -0.6 6.1 0.9
v -0.6 6.1 0.8
v -0.6 6.1 0.5
v -0.6 6.1 0.4
v -0.6 6.2 0.8
v -0.6 6.2 0.5
v -0.5 1.5 0.1
v -0.5 1.5 0
v -0.5 1.6 0.1
v -0.5 1.6 0
v -0.5 2.9 0.9
v -0.5 2.9 0.2
v -0.5 3.1 0.9
v -0.5 3.1 0.2
v -0.5 3.6 0.9
v -0.5 3.6 0.2
v -0.5 3.8 0.9
v -0.5 3.8 0.2
v -0.5 4.1 0
v -0.5 4.1 -0.1
v -0.5 4.2 0
v -0.5 4.2 -0.1
v -0.5 4.7 0.1
v -0.5 4.7 0
v -0.5 4.9 1
v -0.5 4.9 0.8
v -0.5 4.9 0.7
v -0.5 4.9 0.4
v -0.5 4.9 0.3
v -0.5 4.9 0.1
v -0.5 4.9 0
v -0.5 5 1
v -0.5 5 0.8
v -0.5 5 0.7
v -0.5 5 0.4
v -0.5 5 0.3
v -0.5 5 0.1
v -0.5 5.1 0.9
v -0.5 5.1 0.8
v -0.5 5.2 0.8
v -0.5 5.2 0.3
v -0.5 5.3 1.1
v -0.5 5.3 0.9
v -0.5 5.3 0.8
v -0.5 5.3 0.3
v -0.5 5.3 0.2
v -0.5 5.4 1.1
v -0.5 5.4 0.8
v -0.5 5.4 0.3
v -0.5 5.4 0.2
v -0.5 5.4 0.1
v -0.5 5.5 1.2
v -0.5 5.5 1.1
v -0.5 5.7 1.2
v -0.5 5.7 1.1
v -0.5 5.8 1.2
v -0.5 5.8 1.1
v -0.5 5.8 1
v -0.5 5.8 0.3
v -0.5 5.8 0.2
v -0.5 5.9 1.2
v -0.5 5.9 1
v -0.5 6 1.1
v -0.5 6 1
v -0.5 6 0.9
v -0.5 6 0.4
v -0.5 6 0.3
v -0.5 6 0.1
v -0.5 6.1 1.1
v -0.5 6.1 1
v -0.5 6.1 0.9
v -0.5 6.1 0.8
v -0.5 6.1 0.5
v -0.5 6.1 0.4
v -0.5 6.2 1
v -0.5 6.2 0.8
v -0.5 6.2 0.5
v -0.5 6.2 0.3
v -0.5 6.3 0.8
v -0.5 6.3 0.5
v -0.4 3.1 0.8
v -0.4 3.1 0.3
v -0.4 3.6 0.8
v -0.4 3.6 0.3
v -0.4 4.4 -0.1
v -0.4 4.4 -0.2
v -0.4 4.5 0
v -0.4 4.5 -0.1
v -0.4 4.6 1.1
v -0.4 4.6 1
v -0.4 4.6 0.1
v -0.4 4.6 0
v -0.4 4.6 -0.1
v -0.4 4.6 -0.2
v -0.4 4.7 1.2
v -0.4 4.7 1.1
v -0.4 4.7 0.1
v -0.4 4.7 0
v -0.4 4.7 -0.1
v -0.4 4.9 1.2
v -0.4 4.9 1.1
v -0.4 4.9 1
v -0.4 4.9 0.8
v -0.4 4.9 0.7
v -0.4 4.9 0.4
v -0.4 4.9 0.3
v -0.4 4.9 0.1
v -0.4 4.9 0
v -0.4 5 1.1
v -0.4 5 1
v -0.4 5 0.8
v -0.4 5 0.7
v -0.4 5 0.6
v -0.4 5 0.4
v -0.4 5 0.3
v -0.4 5 0.1
v -0.4 5 0
v -0.4 5.1 1
v -0.4 5.1 0.9
v -0.4 5.1 0.8
v -0.4 5.1 0.7
v -0.4 5.1 0.6
v -0.4 5.1 0.3
v -0.4 5.1 0.1
v -0.4 5.2 0.8
v -0.4 5.2 0.3
v -0.4 5.2 0.2
v -0.4 5.3 1
v -0.4 5.3 0.9
v -0.4 5.3 0.3
v -0.4 5.3 0.2
v -0.4 5.8 1.3
v -0.4 5.8 1.2
v -0.4 5.9 1.2
v -0.4 5.9 1
v -0.4 6 1.3
v -0.4 6 1.2
v -0.4 6 1.1
v -0.4 6 1
v -0.4 6 0.3
v -0.4 6 0.2
v -0.4 6.1 1.1
v -0.4 6.1 1
v -0.4 6.2 1.2
v -0.4 6.2 1.1
v -0.4 6.2 1
v -0.4 6.2 0.8
v -0.4 6.2 0.5
v -0.4 6.2 0.3
v -0.4 6.2 0.2
v -0.4 6.3 1.1
v -0.4 6.3 0.9
v -0.4 6.3 0.8
v -0.4 6.3 0.5
v -0.4 6.3 0.3
v -0.4 6.4 0.9
v -0.4 6.4 0.5
v -0.3 0 0.7
v -0.3 0 0.5
v -0.3 0 0.3
v -0.3 0 0
v -0.3 0.1 0.7
v -0.3 0.1 0.5
v -0.3 0.1 0.3
v -0.3 0.1 0
v -0.3 0.3 0.7
v -0.3 0.3 0.4
v -0.3 0.3 0
v -0.3 0.5 0.7
v -0.3 0.5 0.4
v -0.3 0.6 0.7
v -0.3 0.6 0.4
v -0.3 0.7 0.7
v -0.3 0.7 0.6
v -0.3 0.8 0.7
v -0.3 0.8 0.6
v -0.3 0.8 0.4
v -0.3 1.5 1.2
v -0.3 1.5 1.1
v -0.3 1.5 0.7
v -0.3 1.5 0.4
v -0.3 1.5 0
v -0.3 1.5 -0.1
v -0.3 1.6 1.2
v -0.3 1.6 1.1
v -0.3 1.6 0
v -0.3 1.6 -0.1
v -0.3 4.2 -0.1
v -0.3 4.2 -0.2
v -0.3 4.3 1.1
v -0.3 4.3 1
v -0.3 4.3 -0.2
v -0.3 4.3 -0.3
v -0.3 4.4 -0.1
v -0.3 4.4 -0.2
v -0.3 4.5 1.3
v -0.3 4.5 1.1
v -0.3 4.5 -0.2
v -0.3 4.5 -0.3
v -0.3 4.6 1.1
v -0.3 4.6 1
v -0.3 4.7 1.3
v -0.3 4.7 1.2
v -0.3 4.7 1.1
v -0.3 4.9 1.3
v -0.3 4.9 1.2
v -0.3 4.9 1.1
v -0.3 5 1.3
v -0.3 5 1.2
v -0.3 5 1.1
v -0.3 5 0.8
v -0.3 5 0.7
v -0.3 5 0.6
v -0.3 5.1 1
v -0.3 5.1 0.8
v -0.3 5.1 0.7
v -0.3 5.1 0.6
v -0.3 5.1 0.3
v -0.3 5.1 0.2
v -0.3 5.2 1.3
v -0.3 5.2 1.2
v -0.3 5.2 0.3
v -0.3 5.2 0.2
v -0.3 5.3 1.1
v -0.3 5.3 1
v -0.3 5.4 1.3
v -0.3 5.4 1.2
v -0.3 5.5 1.3
v -0.3 5.5 1.2
v -0.3 5.5 1.1
v -0.3 5.7 1.2
v -0.3 5.7 1.1
v -0.3 5.8 1.3
v -0.3 5.8 1.1
v -0.3 5.9 1.4
v -0.3 5.9 1.3
v -0.3 6 1.4
v -0.3 6 1.3
v -0.3 6 1.2
v -0.3 6.1 0.2
v -0.3 6.1 0.1
v -0.3 6.2 1.3
v -0.3 6.2 1.2
v -0.3 6.2 0.3
v -0.3 6.2 0.2
v -0.3 6.2 0.1
v -0.3 6.3 1.1
v -0.3 6.3 0.9
v -0.3 6.3 0.5
v -0.3 6.3 0.4
v -0.3 6.3 0.3
v -0.3 6.3 0.2
v -0.3 6.4 1.1
v -0.3 6.4 0.9
v -0.3 6.4 0.5
v -0.3 6.4 0.4
v -0.2 4 1.1
v -0.2 4 1
v -0.2 4.3 1.1
v -0.2 4.3 1
v -0.2 4.4 1.2
v -0.2 4.4 1.1
v -0.2 4.5 1.2
v -0.2 4.5 1.1
v -0.2 4.7 1.3
v -0.2 4.7 1.2
v -0.2 4.9 1.3
v -0.2 4.9 1.2
v -0.2 5.1 1.3
v -0.2 5.1 1.2
v -0.2 5.2 1.4
v -0.2 5.2 1.3
v -0.2 5.2 1.2
v -0.2 5.3 1.4
v -0.2 5.3 1.3
v -0.2 5.4 1.3
v -0.2 5.4 1.2
v -0.2 5.5 1.3
v -0.2 5.5 1.2
v -0.2 6.3 0.6
v -0.2 6.3 0.5
v -0.2 6.3 0.4
v -0.2 6.3 0.3
v -0.2 6.4 0.6
v -0.2 6.4 0.5
v -0.2 6.4 0.4
v -0.2 6.4 0.3
v -0.0999999 3.9 1.1
v -0.0999999 3.9 1
v -0.0999999 4 1.2
v -0.0999999 4 1.1
v -0.0999999 4 1
v -0.0999999 4.1 1.2
v -0.0999999 4.1 1.1
v -0.0999999 4.2 1.2
v -0.0999999 4.2 1.1
v -0.0999999 4.4 1.3
v -0.0999999 4.4 1.2
v -0.0999999 4.4 1.1
v -0.0999999 4.5 1.3
v -0.0999999 4.5 1.2
v -0.0999999 4.6 1.3
v -0.0999999 4.6 1.2
v -0.0999999 4.7 1.3
v -0.0999999 4.7 1.2
v -0.0999999 4.9 1.3
v -0.0999999 4.9 1.2
v -0.0999999 5 0.6
v -0.0999999 5 0.3
v -0.0999999 5.1 1.3
v -0.0999999 5.1 1.2
v -0.0999999 5.1 0.6
v -0.0999999 5.1 0.3
v -0.0999999 6.2 0.2
v -0.0999999 6.2 0.1
v -0.0999999 6.3 1
v -0.0999999 6.3 0.8
v -0.0999999 6.3 0.3
v -0.0999999 6.3 0.2
v -0.0999999 6.3 0.1
v -0.0999999 6.4 1
v -0.0999999 6.4 0.8
v -0.0999999 6.4 0.3
v -0.0999999 6.4 0.2
v 2.38419e-07 3.8 1.1
v 2.38419e-07 3.8 1
v 2.38419e-07 3.9 1.2
v 2.38419e-07 3.9 1.1
v 2.38419e-07 3.9 1
v 2.38419e-07 4 1.2
v 2.38419e-07 4 1.1
v 2.38419e-07 4.1 1.2
v 2.38419e-07 4.1 1.1
v 2.38419e-07 4.2 1.2
v 2.38419e-07 4.2 1.1
v 2.38419e-07 4.9 0.9
v 2.38419e-07 4.9 0.8
v 2.38419e-07 5 0.8
v 2.38419e-07 5.1 0.9
v 2.38419e-07 5.1 0.8
v 2.38419e-07 5.7 1.4
v 2.38419e-07 5.7 1.3
v 2.38419e-07 5.9 1.4
v 2.38419e-07 5.9 1.3
v 0.1 4.5 1.3
v 0.1 4.5 1.2
v 0.1 4.6 1.3
v 0.1 4.6 1.2
v 0.1 6.2 1.1
v 0.1 6.2 1
v 0.1 6.3 1.1
v 0.1 6.3 1
v 0.2 0 0.7
v 0.2 0 0.5
v 0.2 0 0.3
v 0.2 0 0
v 0.2 0.1 0.7
v 0.2 0.1 0.5
v 0.2 0.1 0.3
v 0.2 0.1 0
v 0.2 0.3 0.7
v 0.2 0.3 0.4
v 0.2 0.3 0
v 0.2 0.5 0.7
v 0.2 0.5 0.4
v 0.2 0.6 0.7
v 0.2 0.6 0.4
v 0.2 0.8 0.7
v 0.2 0.8 0.4
v 0.2 1.5 0.7
v 0.2 1.5 0.4
v 0.2 4 1.2
v 0.2 4 1.1
v 0.2 4.1 1.2
v 0.2 4.1 1.1
v 0.2 5.2 1.4
v 0.2 5.2 1.3
v 0.2 5.3 1.4
v 0.2 5.3 1.3
v 0.2 6.2 1.2
v 0.2 6.2 1.1
v 0.2 6.3 1.2
v 0.2 6.3 1.1
v 0.2 6.3 0.7
v 0.2 6.3 0.6
v 0.2 6.4 0.7
v 0.2 6.4 0.6
v 0.3 4.2 0
v 0.3 4.2 -0.1
v 0.3 4.4 0
v 0.3 4.4 -0.1
v 0.3 5 1.4
v 0.3 5 1.3
v 0.3 5.2 1.4
v 0.3 5.2 1.3
v 0.4 4 1.2
v 0.4 4 1.1
v 0.4 4.1 1.2
v 0.4 4.1 1.1
v 0.4 4.1 0
v 0.4 4.1 -0.1
v 0.4 4.2 0
v 0.4 4.2 -0.1
v 0.4 4.2 -0.2
v 0.4 4.4 0
v 0.4 4.4 -0.1
v 0.4 4.4 -0.2
v 0.4 4.5 0
v 0.4 4.6 0
v 0.4 4.6 -0.1
v 0.4 6.1 1.4
v 0.4 6.1 1.3
v 0.4 6.2 1.4
v 0.4 6.2 1.3
v 0.4 6.3 0.6
v 0.4 6.3 0.5
v 0.4 6.4 0.6
v 0.4 6.4 0.5
v 0.5 4.4 -0.1
v 0.5 4.4 -0.2
v 0.5 4.5 -0.1
v 0.5 4.5 -0.2
v 0.5 4.6 0.1
v 0.5 4.6 0
v 0.5 4.7 0.1
v 0.5 4.7 0
v 0.5 4.8 0.1
v 0.5 4.8 0
v 0.5 4.9 0.2
v 0.5 4.9 0.1
v 0.5 4.9 0
v 0.5 5 0.4
v 0.5 5 0.2
v 0.5 5.1 0.4
v 0.5 5.1 0.2
v 0.5 5.1 0.1
v 0.5 6.1 0.2
v 0.5 6.1 0.1
v 0.5 6.2 0.2
v 0.5 6.2 0.1
v 0.6 4.5 -0.1
v 0.6 4.5 -0.2
v 0.6 4.6 0
v 0.6 4.6 -0.1
v 0.6 4.6 -0.2
v 0.6 4.7 1.2
v 0.6 4.7 1.1
v 0.6 4.7 0.1
v 0.6 4.7 0
v 0.6 4.8 0.1
v 0.6 4.8 0
v 0.6 4.9 1.2
v 0.6 4.9 1.1
v 0.6 4.9 0
v 0.6 4.9 -0.1
v 0.6 5.9 0.2
v 0.6 5.9 0.1
v 0.6 6 0.2
v 0.6 6.1 0.2
v 0.6 6.1 0.1
v 0.7 5.4 0.2
v 0.7 5.4 0.1
v 0.7 5.6 0.2
v 0.7 5.6 0.1
v 0.7 5.8 0.2
v 0.7 5.8 0.1
v 0.7 5.9 0.2
v 0.7 5.9 0.1
v 0.7 6.3 0.7
v 0.7 6.3 0.6
v 0.7 6.4 0.7
v 0.7 6.4 0.6
v 0.8 5.6 0.2
v 0.8 5.6 0.1
v 0.8 5.8 0.2
v 0.8 5.8 0.1
v 1.3 4.4 0.8
v 1.3 4.4 0.3
v 1.3 4.5 0.7
v 1.3 4.5 0.4
v 1.3 4.7 0.7
v 1.3 4.7 0.4
v 1.3 4.8 0.8
v 1.3 4.8 0.3
v 1.6 4.3 0.8
v 1.6 4.3 0.3
v 1.6 4.4 0.8
v 1.6 4.4 0.3
v 1.6 4.8 0.8
v 1.6 4.8 0.3
v 1.6 4.9 0.8
v 1.6 4.9 0.3
v 3.2 4.5 0.4
v 3.2 4.5 0.3
v 3.2 4.6 0.4
v 3.2 4.6 0.3
v -3 4.5 0.4
v -3 4.5 0.3
v -3 4.6 0.4
v -3 4.6 0.3
v -1.3 4.3 0.8
v -1.3 4.3 0.3
v -1.3 4.4 0.8
v -1.3 4.4 0.3
v -1.3 4.8 0.8
v -1.3 4.8 0.3
v -1.3 4.9 0.8
v -1.3 4.9 0.3
v -1 4.4 0.8
v -1 4.4 0.3
v -1 4.5 0.7
v -1 4.5 0.4
v -1 4.7 0.7
v -1 4.7 0.4
v -1 4.8 0.8
v -1 4.8 0.3
v -0.4 5.4 0.2
v -0.4 5.4 0.1
v -0.4 5.8 0.2
v -0.4 5.9 0.2
v -0.4 5.9 0.1
v -0.3 4.6 0
v -0.3 4.6 -0.1
v -0.3 4.7 0
v -0.3 4.7 -0.1
v -0.3 5 0.6
v -0.3 5 0.3
v -0.3 5 0.2
v -0.3 5 0.1
v -0.3 5.1 0.6
v -0.3 5.1 0.3
v -0.3 5.1 0.2
v -0.3 5.1 0.1
v -0.3 5.9 0.2
v -0.3 5.9 0.1
v -0.3 6 0.2
v -0.3 6 0.1
v -0.3 6.3 0.6
v -0.3 6.3 0.5
v -0.3 6.4 0.6
v -0.3 6.4 0.5
v -0.2 4.3 -0.2
v -0.2 4.3 -0.3
v -0.2 4.4 -0.1
v -0.2 4.4 -0.2
v -0.2 4.5 -0.2
v -0.2 4.5 -0.3
v -0.2 4.6 1.3
v -0.2 4.6 1.2
v -0.2 4.6 -0.1
v -0.2 4.6 -0.2
v -0.2 4.7 1.3
v -0.2 4.7 1.2
v -0.2 4.7 0.1
v -0.2 4.7 0
v -0.2 4.8 0.1
v -0.2 4.9 1.3
v -0.2 4.9 1.2
v -0.2 4.9 0.2
v -0.2 4.9 0.1
v -0.2 5 1.3
v -0.2 5 1.2
v -0.2 5 0.3
v -0.2 5 0.2
v -0.2 5 0
v -0.2 5.1 0.3
v -0.2 5.1 0.2
v -0.2 5.9 1.4
v -0.2 5.9 1.3
v -0.2 6 1.4
v -0.2 6 1.3
v -0.2 6.1 0.2
v -0.2 6.1 0.1
v -0.2 6.2 0.2
v -0.2 6.2 0.1
v -0.2 6.3 1.1
v -0.2 6.3 0.8
v -0.2 6.4 1.1
v -0.2 6.4 0.8
v -0.0999999 4.1 0
v -0.0999999 4.1 -0.1
v -0.0999999 4.2 0
v -0.0999999 4.2 -0.1
v -0.0999999 4.2 -0.2
v -0.0999999 4.4 0
v -0.0999999 4.4 -0.1
v -0.0999999 4.4 -0.2
v -0.0999999 4.5 1.3
v -0.0999999 4.5 1.2
v -0.0999999 4.5 0
v -0.0999999 4.6 1.3
v -0.0999999 4.6 1.2
v -0.0999999 4.6 0.1
v -0.0999999 4.6 0
v -0.0999999 4.6 -0.1
v -0.0999999 4.7 0.1
v -0.0999999 4.7 0
v -0.0999999 4.9 0.9
v -0.0999999 4.9 0.8
v -0.0999999 5 0.8
v -0.0999999 5.1 0.9
v -0.0999999 5.1 0.8
v -0.0999999 5.2 1.4
v -0.0999999 5.2 1.3
v -0.0999999 5.3 1.4
v -0.0999999 5.3 1.3
v 2.38419e-07 0 0.7
v 2.38419e-07 0 0.5
v 2.38419e-07 0 0.3
v 2.38419e-07 0 0
v 2.38419e-07 0.1 0.7
v 2.38419e-07 0.1 0.5
v 2.38419e-07 0.1 0.3
v 2.38419e-07 0.1 0
v 2.38419e-07 0.3 0.7
v 2.38419e-07 0.3 0.4
v 2.38419e-07 0.3 0
v 2.38419e-07 0.5 0.7
v 2.38419e-07 0.5 0.6
v 2.38419e-07 0.5 0.5
v 2.38419e-07 0.5 0.4
v 2.38419e-07 0.6 0.7
v 2.38419e-07 0.6 0.6
v 2.38419e-07 0.6 0.5
v 2.38419e-07 0.6 0.4
v 2.38419e-07 0.7 0.7
v 2.38419e-07 0.7 0.6
v 2.38419e-07 0.8 0.7
v 2.38419e-07 0.8 0.6
v 2.38419e-07 0.8 0.5
v 2.38419e-07 0.8 0.4
v 2.38419e-07 1.5 0.7
v 2.38419e-07 1.5 0.6
v 2.38419e-07 1.5 0.5
v 2.38419e-07 1.5 0.4
v 2.38419e-07 4.2 0
v 2.38419e-07 4.2 -0.1
v 2.38419e-07 4.4 0
v 2.38419e-07 4.4 -0.1
v 2.38419e-07 6.2 1.1
v 2.38419e-07 6.2 1
v 2.38419e-07 6.3 1.1
v 2.38419e-07 6.3 1
v 0.1 4 1.2
v 0.1 4 1.1
v 0.1 4.1 1.2
v 0.1 4.1 1.1
v 0.1 4.4 1.3
v 0.1 4.4 1.2
v 0.1 4.5 1.3
v 0.1 4.5 1.2
v 0.1 5.7 1.4
v 0.1 5.7 1.3
v 0.1 5.9 1.4
v 0.1 5.9 1.3
v 0.1 6.3 0.7
v 0.1 6.3 0.6
v 0.1 6.4 0.7
v 0.1 6.4 0.6
v 0.2 6.3 0.6
v 0.2 6.3 0.5
v 0.2 6.4 0.6
v 0.2 6.4 0.5
v 0.3 3.8 1.1
v 0.3 3.8 1
v 0.3 3.9 1.2
v 0.3 3.9 1.1
v 0.3 3.9 1
v 0.3 4.2 1.2
v 0.3 4.2 1.1
v 0.4 4.2 1.2
v 0.4 4.2 1.1
v 0.4 4.3 1.2
v 0.4 4.3 1.1
v 0.4 4.5 1.3
v 0.4 4.5 1.2
v 0.4 4.7 1.3
v 0.4 4.7 1.2
v 0.4 5 1.4
v 0.4 5 1.3
v 0.4 5 0.4
v 0.4 5 0.3
v 0.4 5.1 1.4
v 0.4 5.1 1.3
v 0.4 5.1 0.4
v 0.4 5.1 0.3
v 0.4 5.2 1.4
v 0.4 5.2 1.3
v 0.4 5.3 1.4
v 0.4 5.3 1.3
v 0.4 6.3 1
v 0.4 6.3 0.9
v 0.4 6.4 1
v 0.4 6.4 0.9
v 0.5 0 0.7
v 0.5 0 0.5
v 0.5 0 0.3
v 0.5 0 0
v 0.5 0.1 0.7
v 0.5 0.1 0.5
v 0.5 0.1 0.3
v 0.5 0.1 0
v 0.5 0.3 0.7
v 0.5 0.3 0.4
v 0.5 0.3 0
v 0.5 0.5 0.7
v 0.5 0.5 0.4
v 0.5 0.6 0.7
v 0.5 0.6 0.4
v 0.5 0.8 0.7
v 0.5 0.8 0.4
v 0.5 1.5 0.7
v 0.5 1.5 0.4
v 0.5 3.9 1.1
v 0.5 3.9 1
v 0.5 4 1.2
v 0.5 4 1.1
v 0.5 4.1 1.2
v 0.5 4.1 1.1
v 0.5 4.3 1.2
v 0.5 4.3 1.1
v 0.5 4.3 1
v 0.5 4.5 1.2
v 0.5 4.5 1.1
v 0.5 4.7 1.3
v 0.5 4.7 1.2
v 0.5 4.7 1.1
v 0.5 5 1.2
v 0.5 5 1.1
v 0.5 5.1 1.4
v 0.5 5.1 1.3
v 0.5 5.2 1.4
v 0.5 5.2 1.3
v 0.5 5.2 1.2
v 0.5 6.1 1.4
v 0.5 6.1 1.3
v 0.5 6.2 1.4
v 0.5 6.2 1.3
v 0.5 6.3 0.9
v 0.5 6.3 0.8
v 0.5 6.4 0.9
v 0.5 6.4 0.8
v 0.6 4.2 -0.1
v 0.6 4.2 -0.2
v 0.6 4.3 1.1
v 0.6 4.3 1
v 0.6 4.3 -0.1
v 0.6 4.3 -0.2
v 0.6 4.5 1.2
v 0.6 4.5 1.1
v 0.6 4.5 1
v 0.6 4.7 1.2
v 0.6 4.7 1.1
v 0.6 5 1.2
v 0.6 5 1.1
v 0.6 5 0.6
v 0.6 5 0.5
v 0.6 5 0.3
v 0.6 5 0.1
v 0.6 5.1 1.1
v 0.6 5.1 1
v 0.6 5.1 0.2
v 0.6 5.1 0.1
v 0.6 5.2 1.3
v 0.6 5.2 1.2
v 0.6 5.2 1
v 0.6 5.2 0.6
v 0.6 5.2 0.5
v 0.6 5.2 0.3
v 0.6 5.2 0.2
v 0.6 5.4 1.3
v 0.6 5.4 1.2
v 0.6 5.8 1.3
v 0.6 5.8 1.2
v 0.6 5.9 1.3
v 0.6 5.9 1.2
v 0.6 6.1 1.3
v 0.6 6.1 1.1
v 0.6 6.1 0.2
v 0.6 6.1 0.1
v 0.6 6.2 1.3
v 0.6 6.2 1.2
v 0.6 6.3 1.2
v 0.6 6.3 1.1
v 0.6 6.3 0.8
v 0.6 6.3 0.6
v 0.6 6.3 0.4
v 0.6 6.3 0.2
v 0.6 6.3 0.1
v 0.6 6.4 0.8
v 0.6 6.4 0.6
v 0.6 6.4 0.4
v 0.6 6.4 0.2
v 0.7 1.5 1.2
v 0.7 1.5 1.1
v 0.7 1.5 0
v 0.7 1.5 -0.1
v 0.7 1.6 1.2
v 0.7 1.6 1.1
v 0.7 1.6 0
v 0.7 1.6 -0.1
v 0.7 3.1 0.8
v 0.7 3.1 0.3
v 0.7 3.6 0.8
v 0.7 3.6 0.3
v 0.7 4.3 -0.1
v 0.7 4.3 -0.2
v 0.7 4.5 1.1
v 0.7 4.5 1
v 0.7 4.5 -0.1
v 0.7 4.6 0
v 0.7 4.6 -0.1
v 0.7 4.6 -0.2
v 0.7 4.7 1.2
v 0.7 4.7 1.1
v 0.7 4.8 1.1
v 0.7 4.8 1
v 0.7 4.9 1.2
v 0.7 4.9 1.1
v 0.7 4.9 0
v 0.7 4.9 -0.1
v 0.7 5 1.1
v 0.7 5 1
v 0.7 5 0.4
v 0.7 5 0.3
v 0.7 5.1 1.1
v 0.7 5.1 1
v 0.7 5.1 0.6
v 0.7 5.1 0.5
v 0.7 5.1 0.4
v 0.7 5.2 1.2
v 0.7 5.2 1
v 0.7 5.2 0.8
v 0.7 5.2 0.6
v 0.7 5.2 0.5
v 0.7 5.2 0.3
v 0.7 5.2 0.2
v 0.7 5.3 1.2
v 0.7 5.3 0.9
v 0.7 5.3 0.3
v 0.7 5.3 0.2
v 0.7 5.4 1.3
v 0.7 5.4 1.2
v 0.7 5.4 0.9
v 0.7 5.4 0.8
v 0.7 5.8 1.3
v 0.7 5.8 1.2
v 0.7 5.9 1.3
v 0.7 5.9 1.2
v 0.7 6 1.3
v 0.7 6 1.2
v 0.7 6 0.2
v 0.7 6 0.1
v 0.7 6.1 1.1
v 0.7 6.1 1
v 0.7 6.1 0.2
v 0.7 6.1 0.1
v 0.7 6.2 1
v 0.7 6.2 0.7
v 0.7 6.2 0.3
v 0.7 6.2 0.2
v 0.7 6.3 1.1
v 0.7 6.3 0.7
v 0.7 6.3 0.5
v 0.7 6.3 0.4
v 0.7 6.3 0.3
v 0.7 6.3 0.2
v 0.7 6.4 0.5
v 0.7 6.4 0.4
v 0.8 2.9 0.9
v 0.8 2.9 0.2
v 0.8 3.1 0.9
v 0.8 3.1 0.2
v 0.8 3.6 0.9
v 0.8 3.6 0.2
v 0.8 3.8 0.9
v 0.8 3.8 0.2
v 0.8 4.1 0
v 0.8 4.1 -0.1
v 0.8 4.2 0
v 0.8 4.2 -0.1
v 0.8 4.5 0
v 0.8 4.5 -0.1
v 0.8 4.6 0.1
v 0.8 4.6 0
v 0.8 4.6 -0.1
v 0.8 4.8 1.1
v 0.8 4.8 1
v 0.8 4.9 1
v 0.8 4.9 0.1
v 0.8 4.9 0
v 0.8 5 1.1
v 0.8 5 1
v 0.8 5 0.6
v 0.8 5 0.5
v 0.8 5 0.4
v 0.8 5 0.1
v 0.8 5.1 1
v 0.8 5.1 0.6
v 0.8 5.1 0.5
v 0.8 5.1 0.4
v 0.8 5.2 0.8
v 0.8 5.2 0.3
v 0.8 5.3 1.2
v 0.8 5.3 0.9
v 0.8 5.3 0.7
v 0.8 5.3 0.4
v 0.8 5.3 0.3
v 0.8 5.3 0.2
v 0.8 5.4 0.9
v 0.8 5.4 0.8
v 0.8 5.4 0.7
v 0.8 5.4 0.6
v 0.8 5.4 0.4
v 0.8 5.4 0.2
v 0.8 5.5 1
v 0.8 5.5 0.8
v 0.8 5.5 0.7
v 0.8 5.5 0.6
v 0.8 5.6 0.8
v 0.8 5.6 0.7
v 0.8 5.8 1.1
v 0.8 5.8 1
v 0.8 5.8 0.2
v 0.8 5.8 0.1
v 0.8 5.9 1.1
v 0.8 5.9 1
v 0.8 6 1.3
v 0.8 6 1.2
v 0.8 6 1
v 0.8 6 0.9
v 0.8 6 0.3
v 0.8 6 0.2
v 0.8 6 0.1
v 0.8 6.1 1.3
v 0.8 6.1 1
v 0.8 6.1 0.9
v 0.8 6.1 0.7
v 0.8 6.1 0.5
v 0.8 6.1 0.3
v 0.8 6.2 1
v 0.8 6.2 0.7
v 0.8 6.2 0.3
v 0.8 6.2 0.2
v 0.8 6.3 0.7
v 0.8 6.3 0.5
v 0.8 6.3 0.3
v 0.8 6.4 0.7
v 0.8 6.4 0.5
v 0.9 1.5 1.1
v 0.9 1.5 1
v 0.9 1.5 0.1
v 0.9 1.5 0
v 0.9 1.6 1.1
v 0.9 1.6 1
v 0.9 1.6 0.1
v 0.9 1.6 0
v 0.9 2.7 1
v 0.9 2.7 0.1
v 0.9 2.9 1
v 0.9 2.9 0.1
v 0.9 3.8 1
v 0.9 3.8 0.1
v 0.9 4 1
v 0.9 4 0.1
v 0.9 4.2 0
v 0.9 4.2 -0.1
v 0.9 4.5 0
v 0.9 4.5 -0.1
v 0.9 5.3 0.7
v 0.9 5.3 0.4
v 0.9 5.4 0.7
v 0.9 5.4 0.6
v 0.9 5.4 0.4
v 0.9 5.4 0.1
v 0.9 5.5 1
v 0.9 5.5 0.8
v 0.9 5.5 0.7
v 0.9 5.5 0.6
v 0.9 5.6 0.8
v 0.9 5.6 0.7
v 0.9 5.8 1.1
v 0.9 5.8 1
v 0.9 5.8 0.2
v 0.9 5.8 0.1
v 0.9 5.9 1.1
v 0.9 5.9 1
v 0.9 5.9 0.6
v 0.9 5.9 0.5
v 0.9 6 1
v 0.9 6 0.9
v 0.9 6 0.3
v 0.9 6 0.2
v 0.9 6.1 0.9
v 0.9 6.1 0.7
v 0.9 6.1 0.6
v 0.9 6.1 0.5
v 0.9 6.1 0.3
v 0.9 6.3 0.7
v 0.9 6.3 0.5
v 1 1.5 1
v 1 1.5 0.7
v 1 1.5 0.2
v 1 1.5 0.1
v 1 1.6 1
v 1 1.6 0.7
v 1 1.6 0.2
v 1 1.6 0.1
v 1 2.5 1.1
v 1 2.5 0
v 1 2.7 1.1
v 1 2.7 0
v 1 4 1
v 1 4 0
v 1 4.5 0.7
v 1 4.5 0.4
v 1 4.6 0.1
v 1 4.6 0
v 1 4.7 0.7
v 1 4.7 0.4
v 1 4.9 1
v 1 4.9 0.1
v 1 5.9 0.6
v 1 5.9 0.5
v 1 6.1 0.6
v 1 6.1 0.5
v 1.1 1.5 0.7
v 1.1 1.5 0.2
v 1.1 1.6 0.7
v 1.1 1.6 0.2
v 1.1 2.3 1.2
v 1.1 2.3 -0.1
v 1.1 2.5 1.2
v 1.1 2.5 -0.1
v 1.2 2 1.3
v 1.2 2 -0.2
v 1.2 2.3 1.3
v 1.2 2.3 -0.2
v 1.3 1.6 1.4
v 1.3 1.6 -0.3
v 1.3 1.7 1.4
v 1.3 1.7 0.7
v 1.3 1.7 -0.3
v 1.3 1.8 1.4
v 1.3 1.8 0.7
v 1.3 1.8 -0.3
v 1.3 2 1.4
v 1.3 2 -0.3
v 2 4.3 0.8
v 2 4.3 0.3
v 2 4.5 0.7
v 2 4.5 0.4
v 2 4.7 0.7
v 2 4.7 0.4
v 2 4.9 0.8
v 2 4.9 0.3
v 3.5 4.5 0.7
v 3.5 4.5 0.3
v 3.5 4.6 0.7
v 3.5 4.6 0.4
v 3.5 4.6 0.3
v 3.7 4.6 0.7
v 3.7 4.6 0.4
v 3.7 4.7 0.7
v 3.7 4.7 0.4
v -1 1.6 1.4
v -1 1.7 1.4
v -1 1.8 1.4
v -1 2 1.4
v -0.4 1.7 1.4
v -0.4 1.8 1.4
v -0.3 5.9 1.4
v -0.3 6 1.4
v -0.2 5.2 1.4
v -0.2 5.3 1.4
v -0.2 5.9 1.4
v -0.2 6 1.4
v -0.0999999 5.2 1.4
v -0.0999999 5.3 1.4
v 2.38419e-07 5.7 1.4
v 2.38419e-07 5.9 1.4
v 0.1 1.7 1.4
v 0.1 1.8 1.4
v 0.1 5.7 1.4
v 0.1 5.9 1.4
v 0.2 5.2 1.4
v 0.2 5.3 1.4
v 0.3 5 1.4
v 0.3 5.2 1.4
v 0.4 5 1.4
v 0.4 5.1 1.4
v 0.4 5.2 1.4
v 0.4 5.3 1.4
v 0.4 6.1 1.4
v 0.4 6.2 1.4
v 0.5 5.1 1.4
v 0.5 5.2 1.4
v 0.5 6.1 1.4
v 0.5 6.2 1.4
v 1.2 1.7 1.4
v 1.2 1.8 1.4
v 1.3 1.6 1.4
v 1.3 1.7 1.4
v 1.3 1.8 1.4
v 1.3 2 1.4
v -0.9 2 1.3
v -0.9 2.3 1.3
v -0.4 5.8 1.3
v -0.4 6 1.3
v -0.3 4.5 1.3
v -0.3 4.7 1.3
v -0.3 4.9 1.3
v -0.3 5 1.3
v -0.3 5.2 1.3
v -0.3 5.4 1.3
v -0.3 5.5 1.3
v -0.3 5.8 1.3
v -0.3 5.9 1.3
v -0.3 6 1.3
v -0.3 6.2 1.3
v -0.2 4.6 1.3
v -0.2 4.7 1.3
v -0.2 4.9 1.3
v -0.2 5 1.3
v -0.2 5.1 1.3
v -0.2 5.2 1.3
v -0.2 5.3 1.3
v -0.2 5.4 1.3
v -0.2 5.5 1.3
v -0.2 5.9 1.3
v -0.2 6 1.3
v -0.0999999 4.4 1.3
v -0.0999999 4.5 1.3
v -0.0999999 4.6 1.3
v -0.0999999 4.7 1.3
v -0.0999999 4.9 1.3
v -0.0999999 5.1 1.3
v -0.0999999 5.2 1.3
v -0.0999999 5.3 1.3
v 2.38419e-07 5.7 1.3
v 2.38419e-07 5.9 1.3
v 0.1 4.4 1.3
v 0.1 4.5 1.3
v 0.1 4.6 1.3
v 0.1 5.7 1.3
v 0.1 5.9 1.3
v 0.2 5.2 1.3
v 0.2 5.3 1.3
v 0.3 5 1.3
v 0.3 5.2 1.3
v 0.4 4.5 1.3
v 0.4 4.7 1.3
v 0.4 5 1.3
v 0.4 5.1 1.3
v 0.4 5.2 1.3
v 0.4 5.3 1.3
v 0.4 6.1 1.3
v 0.4 6.2 1.3
v 0.5 4.7 1.3
v 0.5 5.1 1.3
v 0.5 5.2 1.3
v 0.5 6.1 1.3
v 0.5 6.2 1.3
v 0.6 5.2 1.3
v 0.6 5.4 1.3
v 0.6 5.8 1.3
v 0.6 5.9 1.3
v 0.6 6.1 1.3
v 0.6 6.2 1.3
v 0.7 5.4 1.3
v 0.7 5.8 1.3
v 0.7 5.9 1.3
v 0.7 6 1.3
v 0.8 6 1.3
v 0.8 6.1 1.3
v 1.2 2 1.3
v 1.2 2.3 1.3
v -0.8 2.3 1.2
v -0.8 2.5 1.2
v -0.5 5.5 1.2
v -0.5 5.7 1.2
v -0.5 5.8 1.2
v -0.5 5.9 1.2
v -0.4 4.7 1.2
v -0.4 4.9 1.2
v -0.4 5.8 1.2
v -0.4 5.9 1.2
v -0.4 6 1.2
v -0.4 6.2 1.2
v -0.3 1.5 1.2
v -0.3 1.6 1.2
v -0.3 4.7 1.2
v -0.3 4.9 1.2
v -0.3 5 1.2
v -0.3 5.2 1.2
v -0.3 5.4 1.2
v -0.3 5.5 1.2
v -0.3 5.7 1.2
v -0.3 6 1.2
v -0.3 6.2 1.2
v -0.2 4.4 1.2
v -0.2 4.5 1.2
v -0.2 4.6 1.2
v -0.2 4.7 1.2
v -0.2 4.9 1.2
v -0.2 5 1.2
v -0.2 5.1 1.2
v -0.2 5.2 1.2
v -0.2 5.4 1.2
v -0.2 5.5 1.2
v -0.0999999 4 1.2
v -0.0999999 4.1 1.2
v -0.0999999 4.2 1.2
v -0.0999999 4.4 1.2
v -0.0999999 4.5 1.2
v -0.0999999 4.6 1.2
v -0.0999999 4.7 1.2
v -0.0999999 4.9 1.2
v -0.0999999 5.1 1.2
v 2.38419e-07 3.9 1.2
v 2.38419e-07 4 1.2
v 2.38419e-07 4.1 1.2
v 2.38419e-07 4.2 1.2
v 0.1 4 1.2
v 0.1 4.1 1.2
v 0.1 4.4 1.2
v 0.1 4.5 1.2
v 0.1 4.6 1.2
v 0.2 4 1.2
v 0.2 4.1 1.2
v 0.2 6.2 1.2
v 0.2 6.3 1.2
v 0.3 3.9 1.2
v 0.3 4.2 1.2
v 0.4 4 1.2
v 0.4 4.1 1.2
v 0.4 4.2 1.2
v 0.4 4.3 1.2
v 0.4 4.5 1.2
v 0.4 4.7 1.2
v 0.5 4 1.2
v 0.5 4.1 1.2
v 0.5 4.3 1.2
v 0.5 4.5 1.2
v 0.5 4.7 1.2
v 0.5 5 1.2
v 0.5 5.2 1.2
v 0.6 4.5 1.2
v 0.6 4.7 1.2
v 0.6 4.9 1.2
v 0.6 5 1.2
v 0.6 5.2 1.2
v 0.6 5.4 1.2
v 0.6 5.8 1.2
v 0.6 5.9 1.2
v 0.6 6.2 1.2
v 0.6 6.3 1.2
v 0.7 1.5 1.2
v 0.7 1.6 1.2
v 0.7 4.7 1.2
v 0.7 4.9 1.2
v 0.7 5.2 1.2
v 0.7 5.3 1.2
v 0.7 5.4 1.2
v 0.7 5.8 1.2
v 0.7 5.9 1.2
v 0.7 6 1.2
v 0.8 5.3 1.2
v 0.8 6 1.2
v 1.1 2.3 1.2
v 1.1 2.5 1.2
v -0.7 2.5 1.1
v -0.7 2.7 1.1
v -0.6 1.5 1.1
v -0.6 1.6 1.1
v -0.6 5.4 1.1
v -0.6 5.8 1.1
v -0.5 5.3 1.1
v -0.5 5.4 1.1
v -0.5 5.5 1.1
v -0.5 5.7 1.1
v -0.5 5.8 1.1
v -0.5 6 1.1
v -0.5 6.1 1.1
v -0.4 4.6 1.1
v -0.4 4.7 1.1
v -0.4 4.9 1.1
v -0.4 5 1.1
v -0.4 6 1.1
v -0.4 6.1 1.1
v -0.4 6.2 1.1
v -0.4 6.3 1.1
v -0.3 1.5 1.1
v -0.3 1.6 1.1
v -0.3 4.3 1.1
v -0.3 4.5 1.1
v -0.3 4.6 1.1
v -0.3 4.7 1.1
v -0.3 4.9 1.1
v -0.3 5 1.1
v -0.3 5.3 1.1
v -0.3 5.5 1.1
v -0.3 5.7 1.1
v -0.3 5.8 1.1
v -0.3 6.3 1.1
v -0.3 6.4 1.1
v -0.2 4 1.1
v -0.2 4.3 1.1
v -0.2 4.4 1.1
v -0.2 4.5 1.1
v -0.2 6.3 1.1
v -0.2 6.4 1.1
v -0.0999999 3.9 1.1
v -0.0999999 4 1.1
v -0.0999999 4.1 1.1
v -0.0999999 4.2 1.1
v -0.0999999 4.4 1.1
v 2.38419e-07 3.8 1.1
v 2.38419e-07 3.9 1.1
v 2.38419e-07 4 1.1
v 2.38419e-07 4.1 1.1
v 2.38419e-07 4.2 1.1
v 2.38419e-07 6.2 1.1
v 2.38419e-07 6.3 1.1
v 0.1 4 1.1
v 0.1 4.1 1.1
v 0.1 6.2 1.1
v 0.1 6.3 1.1
v 0.2 4 1.1
v 0.2 4.1 1.1
v 0.2 6.2 1.1
v 0.2 6.3 1.1
v 0.3 3.8 1.1
v 0.3 3.9 1.1
v 0.3 4.2 1.1
v 0.4 4 1.1
v 0.4 4.1 1.1
v 0.4 4.2 1.1
v 0.4 4.3 1.1
v 0.5 3.9 1.1
v 0.5 4 1.1
v 0.5 4.1 1.1
v 0.5 4.3 1.1
v 0.5 4.5 1.1
v 0.5 4.7 1.1
v 0.5 5 1.1
v 0.6 4.3 1.1
v 0.6 4.5 1.1
v 0.6 4.7 1.1
v 0.6 4.9 1.1
v 0.6 5 1.1
v 0.6 5.1 1.1
v 0.6 6.1 1.1
v 0.6 6.3 1.1
v 0.7 1.5 1.1
v 0.7 1.6 1.1
v 0.7 4.5 1.1
v 0.7 4.7 1.1
v 0.7 4.8 1.1
v 0.7 4.9 1.1
v 0.7 5 1.1
v 0.7 5.1 1.1
v 0.7 6.1 1.1
v 0.7 6.3 1.1
v 0.8 4.8 1.1
v 0.8 5 1.1
v 0.8 5.8 1.1
v 0.8 5.9 1.1
v 0.9 1.5 1.1
v 0.9 1.6 1.1
v 0.9 5.8 1.1
v 0.9 5.9 1.1
v 1 2.5 1.1
v 1 2.7 1.1
v -0.7 1.5 1
v -0.7 1.6 1
v -0.7 4 1
v -0.7 4.9 1
v -0.6 1.5 1
v -0.6 1.6 1
v -0.6 2.7 1
v -0.6 2.9 1
v -0.6 3.8 1
v -0.6 4 1
v -0.6 5.8 1
v -0.6 6 1
v -0.5 4.9 1
v -0.5 5 1
v -0.5 5.8 1
v -0.5 5.9 1
v -0.5 6 1
v -0.5 6.1 1
v -0.5 6.2 1
v -0.4 4.6 1
v -0.4 4.9 1
v -0.4 5 1
v -0.4 5.1 1
v -0.4 5.3 1
v -0.4 5.9 1
v -0.4 6 1
v -0.4 6.1 1
v -0.4 6.2 1
v -0.3 4.3 1
v -0.3 4.6 1
v -0.3 5.1 1
v -0.3 5.3 1
v -0.2 4 1
v -0.2 4.3 1
v -0.0999999 3.9 1
v -0.0999999 4 1
v -0.0999999 6.3 1
v -0.0999999 6.4 1
v 2.38419e-07 3.8 1
v 2.38419e-07 3.9 1
v 2.38419e-07 6.2 1
v 2.38419e-07 6.3 1
v 0.1 6.2 1
v 0.1 6.3 1
v 0.3 3.8 1
v 0.3 3.9 1
v 0.4 6.3 1
v 0.4 6.4 1
v 0.5 3.9 1
v 0.5 4.3 1
v 0.6 4.3 1
v 0.6 4.5 1
v 0.6 5.1 1
v 0.6 5.2 1
v 0.7 4.5 1
v 0.7 4.8 1
v 0.7 5 1
v 0.7 5.1 1
v 0.7 5.2 1
v 0.7 6.1 1
v 0.7 6.2 1
v 0.8 4.8 1
v 0.8 4.9 1
v 0.8 5 1
v 0.8 5.1 1
v 0.8 5.5 1
v 0.8 5.8 1
v 0.8 5.9 1
v 0.8 6 1
v 0.8 6.1 1
v 0.8 6.2 1
v 0.9 1.5 1
v 0.9 1.6 1
v 0.9 2.7 1
v 0.9 2.9 1
v 0.9 3.8 1
v 0.9 4 1
v 0.9 5.5 1
v 0.9 5.8 1
v 0.9 5.9 1
v 0.9 6 1
v 1 1.5 1
v 1 1.6 1
v 1 4 1
v 1 4.9 1
v -0.8 1.5 0.9
v -0.8 1.6 0.9
v -0.7 1.5 0.9
v -0.7 1.6 0.9
v -0.6 6 0.9
v -0.6 6.1 0.9
v -0.5 2.9 0.9
v -0.5 3.1 0.9
v -0.5 3.6 0.9
v -0.5 3.8 0.9
v -0.5 5.1 0.9
v -0.5 5.3 0.9
v -0.5 6 0.9
v -0.5 6.1 0.9
v -0.4 5.1 0.9
v -0.4 5.3 0.9
v -0.4 6.3 0.9
v -0.4 6.4 0.9
v -0.3 6.3 0.9
v -0.3 6.4 0.9
v 2.38419e-07 3.6 0.9
v 2.38419e-07 3.8 0.9
v 0.1 3.6 0.9
v 0.1 3.8 0.9
v 0.2 3.6 0.9
v 0.2 3.8 0.9
v 0.3 3.6 0.9
v 0.3 3.8 0.9
v 0.4 6.3 0.9
v 0.4 6.4 0.9
v 0.5 6.3 0.9
v 0.5 6.4 0.9
v 0.8 2.9 0.9
v 0.8 3.1 0.9
v 0.8 3.6 0.9
v 0.8 3.8 0.9
v 0.8 6 0.9
v 0.8 6.1 0.9
v 0.9 6 0.9
v 0.9 6.1 0.9
v -1.8 4.3 0.8
v -1.8 4.9 0.8
v -1.7 4.3 0.8
v -1.7 4.9 0.8
v -1.3 4.3 0.8
v -1.3 4.4 0.8
v -1.3 4.8 0.8
v -1.3 4.9 0.8
v -1 4.4 0.8
v -1 4.8 0.8
v -0.6 5.3 0.8
v -0.6 5.4 0.8
v -0.6 6.1 0.8
v -0.6 6.2 0.8
v -0.5 5.3 0.8
v -0.5 5.4 0.8
v -0.5 6.1 0.8
v -0.5 6.2 0.8
v -0.5 6.3 0.8
v -0.4 3.1 0.8
v -0.4 3.6 0.8
v -0.4 5 0.8
v -0.4 5.1 0.8
v -0.4 6.2 0.8
v -0.4 6.3 0.8
v -0.3 5 0.8
v -0.3 5.1 0.8
v -0.2 6.3 0.8
v -0.2 6.4 0.8
v -0.0999999 4.9 0.8
v -0.0999999 5 0.8
v -0.0999999 5.1 0.8
v -0.0999999 6.3 0.8
v -0.0999999 6.4 0.8
v 2.38419e-07 3.6 0.8
v 2.38419e-07 4.9 0.8
v 2.38419e-07 5 0.8
v 2.38419e-07 5.1 0.8
v 0.1 3.6 0.8
v 0.2 3.6 0.8
v 0.3 3.6 0.8
v 0.5 6.3 0.8
v 0.5 6.4 0.8
v 0.6 6.3 0.8
v 0.6 6.4 0.8
v 0.7 3.1 0.8
v 0.7 3.6 0.8
v 0.7 5.2 0.8
v 0.7 5.4 0.8
v 0.8 5.2 0.8
v 0.8 5.4 0.8
v 1.3 4.4 0.8
v 1.3 4.8 0.8
v 1.6 4.3 0.8
v 1.6 4.4 0.8
v 1.6 4.8 0.8
v 1.6 4.9 0.8
v 1.9 4.3 0.8
v 1.9 4.9 0.8
v 2 4.3 0.8
v 2 4.9 0.8
v -3.5 4.6 0.7
v -3.5 4.7 0.7
v -3.3 4.5 0.7
v -3.3 4.6 0.7
v -2.9 4.5 0.7
v -2.9 4.7 0.7
v -2.8 4.5 0.7
v -2.8 4.7 0.7
v -2.1 4.5 0.7
v -2.1 4.7 0.7
v -2 4.5 0.7
v -2 4.7 0.7
v -1.8 4.5 0.7
v -1.8 4.7 0.7
v -1 4.5 0.7
v -1 4.7 0.7
v -0.7 4.5 0.7
v -0.7 4.7 0.7
v -0.5 4.9 0.7
v -0.5 5 0.7
v -0.4 4.9 0.7
v -0.4 5 0.7
v -0.3 0 0.7
v -0.3 0.1 0.7
v -0.3 0.3 0.7
v -0.3 0.5 0.7
v -0.3 0.6 0.7
v -0.3 0.7 0.7
v -0.3 0.8 0.7
v -0.3 1.5 0.7
v 2.38419e-07 0 0.7
v 2.38419e-07 0.1 0.7
v 2.38419e-07 0.3 0.7
v 2.38419e-07 0.5 0.7
v 2.38419e-07 0.6 0.7
v 2.38419e-07 0.7 0.7
v 2.38419e-07 0.8 0.7
v 2.38419e-07 1.5 0.7
v 0.2 0 0.7
v 0.2 0.1 0.7
v 0.2 0.3 0.7
v 0.2 0.5 0.7
v 0.2 0.6 0.7
v 0.2 0.8 0.7
v 0.2 1.5 0.7
v 0.5 0 0.7
v 0.5 0.1 0.7
v 0.5 0.3 0.7
v 0.5 0.5 0.7
v 0.5 0.6 0.7
v 0.5 0.8 0.7
v 0.5 1.5 0.7
v 0.7 6.2 0.7
v 0.7 6.3 0.7
v 0.7 6.4 0.7
v 0.8 5.3 0.7
v 0.8 5.4 0.7
v 0.8 5.5 0.7
v 0.8 5.6 0.7
v 0.8 6.1 0.7
v 0.8 6.2 0.7
v 0.8 6.3 0.7
v 0.8 6.4 0.7
v 0.9 5.3 0.7
v 0.9 5.4 0.7
v 0.9 5.5 0.7
v 0.9 5.6 0.7
v 0.9 6.1 0.7
v 0.9 6.3 0.7
v 1 1.5 0.7
v 1 1.6 0.7
v 1 4.5 0.7
v 1 4.7 0.7
v 1.1 1.5 0.7
v 1.1 1.6 0.7
v 1.3 4.5 0.7
v 1.3 4.7 0.7
v 2 4.5 0.7
v 2 4.7 0.7
v 2.2 4.5 0.7
v 2.2 4.7 0.7
v 2.3 4.5 0.7
v 2.3 4.7 0.7
v 3.1 4.5 0.7
v 3.1 4.7 0.7
v 3.5 4.5 0.7
v 3.5 4.6 0.7
v 3.7 4.6 0.7
v 3.7 4.7 0.7
v -0.4 5 0.6
v -0.4 5.1 0.6
v -0.3 5 0.6
v -0.3 5.1 0.6
v 0.1 6.3 0.6
v 0.1 6.4 0.6
v 0.2 6.3 0.6
v 0.2 6.4 0.6
v 0.6 6.3 0.6
v 0.6 6.4 0.6
v 0.7 6.3 0.6
v 0.7 6.4 0.6
v 0.8 5.4 0.6
v 0.8 5.5 0.6
v 0.9 5.4 0.6
v 0.9 5.5 0.6
v 0.9 5.9 0.6
v 0.9 6.1 0.6
v 1 5.9 0.6
v 1 6.1 0.6
v -0.3 6.3 0.5
v -0.3 6.4 0.5
v -0.2 6.3 0.5
v -0.2 6.4 0.5
v 0.2 6.3 0.5
v 0.2 6.4 0.5
v 0.4 6.3 0.5
v 0.4 6.4 0.5
v 0.6 5 0.5
v 0.6 5.2 0.5
v 0.7 5.1 0.5
v 0.7 5.2 0.5
v 0.8 5 0.5
v 0.8 5.1 0.5
v -0.5 4.9 0.3
v -0.5 5 0.3
v -0.4 4.9 0.3
v -0.4 5 0.3
v -0.3 0 0.3
v -0.3 0.1 0.3
v -0.3 5 0.3
v -0.3 5.1 0.3
v -0.2 5 0.3
v -0.2 5.1 0.3
v 2.38419e-07 0 0.3
v 2.38419e-07 0.1 0.3
v 0.2 0 0.3
v 0.2 0.1 0.3
v 0.5 0 0.3
v 0.5 0.1 0.3
v -0.0999999 4.9 0.9
v -0.0999999 5.1 0.9
v 2.38419e-07 4.9 0.9
v 2.38419e-07 5.1 0.9
v 0.7 5.3 0.9
v 0.7 5.4 0.9
v 0.8 5.3 0.9
v 0.8 5.4 0.9
v -0.5 4.9 0.8
v -0.5 5 0.8
v -0.5 5.1 0.8
v -0.5 5.2 0.8
v -0.4 4.9 0.8
v -0.4 5 0.8
v -0.4 5.1 0.8
v -0.4 5.2 0.8
v 0.8 5.5 0.8
v 0.8 5.6 0.8
v 0.9 5.5 0.8
v 0.9 5.6 0.8
v -0.4 5 0.7
v -0.4 5.1 0.7
v -0.3 5 0.7
v -0.3 5.1 0.7
v 0.1 6.3 0.7
v 0.1 6.4 0.7
v 0.2 6.3 0.7
v 0.2 6.4 0.7
v -0.3 5 0.6
v -0.3 5.1 0.6
v -0.3 6.3 0.6
v -0.3 6.4 0.6
v -0.2 5 0.6
v -0.2 6.3 0.6
v -0.2 6.4 0.6
v -0.0999999 5 0.6
v -0.0999999 5.1 0.6
v 0.2 6.3 0.6
v 0.2 6.4 0.6
v 0.4 6.3 0.6
v 0.4 6.4 0.6
v 0.6 5 0.6
v 0.6 5.2 0.6
v 0.7 5.1 0.6
v 0.7 5.2 0.6
v 0.8 5 0.6
v 0.8 5.1 0.6
v -0.6 6.1 0.5
v -0.6 6.2 0.5
v -0.5 6.1 0.5
v -0.5 6.2 0.5
v -0.5 6.3 0.5
v -0.4 6.2 0.5
v -0.4 6.3 0.5
v -0.4 6.4 0.5
v -0.3 0 0.5
v -0.3 0.1 0.5
v -0.3 6.3 0.5
v -0.3 6.4 0.5
v 2.38419e-07 0 0.5
v 2.38419e-07 0.1 0.5
v 0.2 0 0.5
v 0.2 0.1 0.5
v 0.5 0 0.5
v 0.5 0.1 0.5
v 0.7 6.3 0.5
v 0.7 6.4 0.5
v 0.8 6.1 0.5
v 0.8 6.3 0.5
v 0.8 6.4 0.5
v 0.9 5.9 0.5
v 0.9 6.1 0.5
v 0.9 6.3 0.5
v 1 5.9 0.5
v 1 6.1 0.5
v -3.5 4.6 0.4
v -3.5 4.7 0.4
v -3.3 4.6 0.4
v -3 4.5 0.4
v -3 4.6 0.4
v -2.9 4.5 0.4
v -2.9 4.7 0.4
v -2.8 4.5 0.4
v -2.8 4.7 0.4
v -2.1 4.5 0.4
v -2.1 4.7 0.4
v -2 4.5 0.4
v -2 4.7 0.4
v -1.8 4.5 0.4
v -1.8 4.7 0.4
v -1 4.5 0.4
v -1 4.7 0.4
v -0.7 4.5 0.4
v -0.7 4.7 0.4
v -0.6 6 0.4
v -0.6 6.1 0.4
v -0.5 4.9 0.4
v -0.5 5 0.4
v -0.5 6 0.4
v -0.5 6.1 0.4
v -0.4 4.9 0.4
v -0.4 5 0.4
v -0.3 0.3 0.4
v -0.3 0.5 0.4
v -0.3 0.6 0.4
v -0.3 0.8 0.4
v -0.3 1.5 0.4
v -0.3 6.3 0.4
v -0.3 6.4 0.4
v -0.2 6.3 0.4
v -0.2 6.4 0.4
v 2.38419e-07 0.3 0.4
v 2.38419e-07 0.5 0.4
v 2.38419e-07 0.6 0.4
v 2.38419e-07 0.8 0.4
v 2.38419e-07 1.5 0.4
v 0.2 0.3 0.4
v 0.2 0.5 0.4
v 0.2 0.6 0.4
v 0.2 0.8 0.4
v 0.2 1.5 0.4
v 0.4 5 0.4
v 0.4 5.1 0.4
v 0.5 0.3 0.4
v 0.5 0.5 0.4
v 0.5 0.6 0.4
v 0.5 0.8 0.4
v 0.5 1.5 0.4
v 0.5 5 0.4
v 0.5 5.1 0.4
v 0.6 6.3 0.4
v 0.6 6.4 0.4
v 0.7 5 0.4
v 0.7 5.1 0.4
v 0.7 6.3 0.4
v 0.7 6.4 0.4
v 0.8 5 0.4
v 0.8 5.1 0.4
v 0.8 5.3 0.4
v 0.8 5.4 0.4
v 0.9 5.3 0.4
v 0.9 5.4 0.4
v 1 4.5 0.4
v 1 4.7 0.4
v 1.3 4.5 0.4
v 1.3 4.7 0.4
v 2 4.5 0.4
v 2 4.7 0.4
v 2.2 4.5 0.4
v 2.2 4.7 0.4
v 2.3 4.5 0.4
v 2.3 4.7 0.4
v 3.1 4.5 0.4
v 3.1 4.7 0.4
v 3.2 4.5 0.4
v 3.2 4.6 0.4
v 3.5 4.6 0.4
v 3.7 4.6 0.4
v 3.7 4.7 0.4
v -3.3 4.5 0.3
v -3.3 4.6 0.3
v -3 4.5 0.3
v -3 4.6 0.3
v -1.8 4.3 0.3
v -1.8 4.9 0.3
v -1.7 4.3 0.3
v -1.7 4.9 0.3
v -1.3 4.3 0.3
v -1.3 4.4 0.3
v -1.3 4.8 0.3
v -1.3 4.9 0.3
v -1 4.4 0.3
v -1 4.8 0.3
v -0.8 1.5 0.3
v -0.8 1.6 0.3
v -0.7 1.5 0.3
v -0.7 1.6 0.3
v -0.6 5.3 0.3
v -0.6 5.4 0.3
v -0.6 5.8 0.3
v -0.6 6 0.3
v -0.5 5.2 0.3
v -0.5 5.3 0.3
v -0.5 5.4 0.3
v -0.5 5.8 0.3
v -0.5 6 0.3
v -0.5 6.2 0.3
v -0.4 3.1 0.3
v -0.4 3.6 0.3
v -0.4 5.1 0.3
v -0.4 5.2 0.3
v -0.4 5.3 0.3
v -0.4 6 0.3
v -0.4 6.2 0.3
v -0.4 6.3 0.3
v -0.3 5.1 0.3
v -0.3 5.2 0.3
v -0.3 6.2 0.3
v -0.3 6.3 0.3
v -0.2 6.3 0.3
v -0.2 6.4 0.3
v -0.0999999 5 0.3
v -0.0999999 5.1 0.3
v -0.0999999 6.3 0.3
v -0.0999999 6.4 0.3
v 2.38419e-07 3.6 0.3
v 0.3 3.6 0.3
v 0.4 5 0.3
v 0.4 5.1 0.3
v 0.6 5 0.3
v 0.6 5.2 0.3
v 0.7 3.1 0.3
v 0.7 3.6 0.3
v 0.7 5 0.3
v 0.7 5.2 0.3
v 0.7 5.3 0.3
v 0.7 6.2 0.3
v 0.7 6.3 0.3
v 0.8 5.2 0.3
v 0.8 5.3 0.3
v 0.8 6 0.3
v 0.8 6.1 0.3
v 0.8 6.2 0.3
v 0.8 6.3 0.3
v 0.9 6 0.3
v 0.9 6.1 0.3
v 1.3 4.4 0.3
v 1.3 4.8 0.3
v 1.6 4.3 0.3
v 1.6 4.4 0.3
v 1.6 4.8 0.3
v 1.6 4.9 0.3
v 1.9 4.3 0.3
v 1.9 4.9 0.3
v 2 4.3 0.3
v 2 4.9 0.3
v 3.2 4.5 0.3
v 3.2 4.6 0.3
v 3.5 4.5 0.3
v 3.5 4.6 0.3
v -0.7 1.5 0.2
v -0.7 1.6 0.2
v -0.6 1.5 0.2
v -0.6 1.6 0.2
v -0.6 5.4 0.2
v -0.6 5.8 0.2
v -0.5 2.9 0.2
v -0.5 3.1 0.2
v -0.5 3.6 0.2
v -0.5 3.8 0.2
v -0.5 5.3 0.2
v -0.5 5.4 0.2
v -0.5 5.8 0.2
v -0.4 5.2 0.2
v -0.4 5.3 0.2
v -0.4 5.4 0.2
v -0.4 5.8 0.2
v -0.4 5.9 0.2
v -0.4 6 0.2
v -0.4 6.2 0.2
v -0.3 5 0.2
v -0.3 5.1 0.2
v -0.3 5.2 0.2
v -0.3 5.3 0.2
v -0.3 5.6 0.2
v -0.3 5.8 0.2
v -0.3 5.9 0.2
v -0.3 6 0.2
v -0.3 6.1 0.2
v -0.3 6.2 0.2
v -0.3 6.3 0.2
v -0.2 3.7 0.2
v -0.2 3.8 0.2
v -0.2 4.9 0.2
v -0.2 5 0.2
v -0.2 5.1 0.2
v -0.2 5.2 0.2
v -0.2 5.6 0.2
v -0.2 5.7 0.2
v -0.2 5.8 0.2
v -0.2 6.1 0.2
v -0.2 6.2 0.2
v -0.0999999 3.7 0.2
v -0.0999999 3.8 0.2
v -0.0999999 5.8 0.2
v -0.0999999 5.9 0.2
v -0.0999999 6 0.2
v -0.0999999 6.2 0.2
v -0.0999999 6.3 0.2
v -0.0999999 6.4 0.2
v 2.38419e-07 2.9 0.2
v 2.38419e-07 3 0.2
v 2.38419e-07 3.6 0.2
v 2.38419e-07 3.7 0.2
v 2.38419e-07 3.8 0.2
v 2.38419e-07 4.9 0.2
v 2.38419e-07 5.6 0.2
v 2.38419e-07 5.7 0.2
v 2.38419e-07 5.9 0.2
v 0.1 2.9 0.2
v 0.1 3 0.2
v 0.1 4.9 0.2
v 0.2 4.9 0.2
v 0.3 3.6 0.2
v 0.3 3.7 0.2
v 0.3 3.8 0.2
v 0.3 4.9 0.2
v 0.3 5.6 0.2
v 0.3 5.7 0.2
v 0.3 5.8 0.2
v 0.3 5.9 0.2
v 0.4 3.7 0.2
v 0.4 3.8 0.2
v 0.4 5.8 0.2
v 0.4 5.9 0.2
v 0.4 6 0.2
v 0.5 3.7 0.2
v 0.5 3.8 0.2
v 0.5 4.9 0.2
v 0.5 5 0.2
v 0.5 5.1 0.2
v 0.5 5.2 0.2
v 0.5 5.6 0.2
v 0.5 5.7 0.2
v 0.5 5.9 0.2
v 0.5 6.1 0.2
v 0.5 6.2 0.2
v 0.6 5.1 0.2
v 0.6 5.2 0.2
v 0.6 5.3 0.2
v 0.6 5.6 0.2
v 0.6 5.8 0.2
v 0.6 5.9 0.2
v 0.6 6 0.2
v 0.6 6.1 0.2
v 0.6 6.3 0.2
v 0.6 6.4 0.2
v 0.7 5.2 0.2
v 0.7 5.3 0.2
v 0.7 5.4 0.2
v 0.7 5.6 0.2
v 0.7 5.8 0.2
v 0.7 5.9 0.2
v 0.7 6 0.2
v 0.7 6.1 0.2
v 0.7 6.2 0.2
v 0.7 6.3 0.2
v 0.8 2.9 0.2
v 0.8 3.1 0.2
v 0.8 3.6 0.2
v 0.8 3.8 0.2
v 0.8 5.3 0.2
v 0.8 5.4 0.2
v 0.8 5.6 0.2
v 0.8 5.8 0.2
v 0.8 6 0.2
v 0.8 6.2 0.2
v 0.9 5.8 0.2
v 0.9 6 0.2
v 1 1.5 0.2
v 1 1.6 0.2
v 1.1 1.5 0.2
v 1.1 1.6 0.2
v -0.7 4.6 0.1
v -0.7 4.9 0.1
v -0.6 1.5 0.1
v -0.6 1.6 0.1
v -0.6 2.7 0.1
v -0.6 2.9 0.1
v -0.6 3.8 0.1
v -0.6 4 0.1
v -0.5 1.5 0.1
v -0.5 1.6 0.1
v -0.5 4.7 0.1
v -0.5 4.9 0.1
v -0.5 5 0.1
v -0.5 5.4 0.1
v -0.5 6 0.1
v -0.4 4.6 0.1
v -0.4 4.7 0.1
v -0.4 4.9 0.1
v -0.4 5 0.1
v -0.4 5.1 0.1
v -0.4 5.4 0.1
v -0.4 5.9 0.1
v -0.3 5 0.1
v -0.3 5.1 0.1
v -0.3 5.9 0.1
v -0.3 6 0.1
v -0.3 6.1 0.1
v -0.3 6.2 0.1
v -0.2 3.9 0.1
v -0.2 4 0.1
v -0.2 4.7 0.1
v -0.2 4.8 0.1
v -0.2 4.9 0.1
v -0.2 6.1 0.1
v -0.2 6.2 0.1
v -0.0999999 3.9 0.1
v -0.0999999 4 0.1
v -0.0999999 4.6 0.1
v -0.0999999 4.7 0.1
v -0.0999999 4.8 0.1
v -0.0999999 6.2 0.1
v -0.0999999 6.3 0.1
v 2.38419e-07 3.8 0.1
v 2.38419e-07 3.9 0.1
v 2.38419e-07 4 0.1
v 2.38419e-07 4.8 0.1
v 2.38419e-07 4.9 0.1
v 0.1 4.7 0.1
v 0.1 4.8 0.1
v 0.1 4.9 0.1
v 0.2 4.7 0.1
v 0.2 4.8 0.1
v 0.2 4.9 0.1
v 0.3 3.8 0.1
v 0.3 3.9 0.1
v 0.3 4 0.1
v 0.3 4.8 0.1
v 0.3 4.9 0.1
v 0.4 3.9 0.1
v 0.4 4 0.1
v 0.4 4.6 0.1
v 0.4 4.8 0.1
v 0.5 3.9 0.1
v 0.5 4 0.1
v 0.5 4.6 0.1
v 0.5 4.7 0.1
v 0.5 4.8 0.1
v 0.5 4.9 0.1
v 0.5 5.1 0.1
v 0.5 6.1 0.1
v 0.5 6.2 0.1
v 0.6 4.7 0.1
v 0.6 4.8 0.1
v 0.6 5 0.1
v 0.6 5.1 0.1
v 0.6 5.9 0.1
v 0.6 6.1 0.1
v 0.6 6.3 0.1
v 0.7 5.4 0.1
v 0.7 5.6 0.1
v 0.7 5.8 0.1
v 0.7 5.9 0.1
v 0.7 6 0.1
v 0.7 6.1 0.1
v 0.8 4.6 0.1
v 0.8 4.9 0.1
v 0.8 5 0.1
v 0.8 5.6 0.1
v 0.8 5.8 0.1
v 0.8 6 0.1
v 0.9 1.5 0.1
v 0.9 1.6 0.1
v 0.9 2.7 0.1
v 0.9 2.9 0.1
v 0.9 3.8 0.1
v 0.9 4 0.1
v 0.9 5.4 0.1
v 0.9 5.8 0.1
v 1 1.5 0.1
v 1 1.6 0.1
v 1 4.6 0.1
v 1 4.9 0.1
v -0.7 2.5 0
v -0.7 2.7 0
v -0.7 4 0
v -0.7 4.6 0
v -0.6 4.2 0
v -0.6 4.5 0
v -0.5 1.5 0
v -0.5 1.6 0
v -0.5 4.1 0
v -0.5 4.2 0
v -0.5 4.7 0
v -0.5 4.9 0
v -0.4 4.5 0
v -0.4 4.6 0
v -0.4 4.7 0
v -0.4 4.9 0
v -0.4 5 0
v -0.3 0 0
v -0.3 0.1 0
v -0.3 0.3 0
v -0.3 1.5 0
v -0.3 1.6 0
v -0.3 4.6 0
v -0.3 4.7 0
v -0.2 4.7 0
v -0.2 5 0
v -0.0999999 4.1 0
v -0.0999999 4.2 0
v -0.0999999 4.4 0
v -0.0999999 4.5 0
v -0.0999999 4.6 0
v -0.0999999 4.7 0
v 2.38419e-07 0 0
v 2.38419e-07 0.1 0
v 2.38419e-07 0.3 0
v 2.38419e-07 2.5 0
v 2.38419e-07 2.6 0
v 2.38419e-07 4 0
v 2.38419e-07 4.2 0
v 2.38419e-07 4.4 0
v 0.1 2.5 0
v 0.1 2.6 0
v 0.2 0 0
v 0.2 0.1 0
v 0.2 0.3 0
v 0.3 4 0
v 0.3 4.2 0
v 0.3 4.4 0
v 0.4 4.1 0
v 0.4 4.2 0
v 0.4 4.4 0
v 0.4 4.5 0
v 0.4 4.6 0
v 0.5 0 0
v 0.5 0.1 0
v 0.5 0.3 0
v 0.5 4.6 0
v 0.5 4.7 0
v 0.5 4.8 0
v 0.5 4.9 0
v 0.6 4.6 0
v 0.6 4.7 0
v 0.6 4.8 0
v 0.6 4.9 0
v 0.7 1.5 0
v 0.7 1.6 0
v 0.7 4.6 0
v 0.7 4.9 0
v 0.8 4.1 0
v 0.8 4.2 0
v 0.8 4.5 0
v 0.8 4.6 0
v 0.8 4.9 0
v 0.9 1.5 0
v 0.9 1.6 0
v 0.9 4.2 0
v 0.9 4.5 0
v 1 2.5 0
v 1 2.7 0
v 1 4 0
v 1 4.6 0
v -0.8 2.3 -0.1
v -0.8 2.5 -0.1
v -0.6 4.2 -0.1
v -0.6 4.5 -0.1
v -0.5 4.1 -0.1
v -0.5 4.2 -0.1
v -0.4 4.4 -0.1
v -0.4 4.5 -0.1
v -0.4 4.6 -0.1
v -0.4 4.7 -0.1
v -0.3 1.5 -0.1
v -0.3 1.6 -0.1
v -0.3 4.2 -0.1
v -0.3 4.4 -0.1
v -0.3 4.6 -0.1
v -0.3 4.7 -0.1
v -0.2 4.4 -0.1
v -0.2 4.6 -0.1
v -0.0999999 4.1 -0.1
v -0.0999999 4.2 -0.1
v -0.0999999 4.4 -0.1
v -0.0999999 4.6 -0.1
v 2.38419e-07 4.2 -0.1
v 2.38419e-07 4.4 -0.1
v 0.3 4.2 -0.1
v 0.3 4.4 -0.1
v 0.4 4.1 -0.1
v 0.4 4.2 -0.1
v 0.4 4.4 -0.1
v 0.4 4.6 -0.1
v 0.5 4.4 -0.1
v 0.5 4.5 -0.1
v 0.6 4.2 -0.1
v 0.6 4.3 -0.1
v 0.6 4.5 -0.1
v 0.6 4.6 -0.1
v 0.6 4.9 -0.1
v 0.7 1.5 -0.1
v 0.7 1.6 -0.1
v 0.7 4.3 -0.1
v 0.7 4.5 -0.1
v 0.7 4.6 -0.1
v 0.7 4.9 -0.1
v 0.8 4.1 -0.1
v 0.8 4.2 -0.1
v 0.8 4.5 -0.1
v 0.8 4.6 -0.1
v 0.9 4.2 -0.1
v 0.9 4.5 -0.1
v 1.1 2.3 -0.1
v 1.1 2.5 -0.1
v -0.9 2 -0.2
v -0.9 2.3 -0.2
v -0.4 4.4 -0.2
v -0.4 4.6 -0.2
v -0.3 4.2 -0.2
v -0.3 4.3 -0.2
v -0.3 4.4 -0.2
v -0.3 4.5 -0.2
v -0.2 4.3 -0.2
v -0.2 4.4 -0.2
v -0.2 4.5 -0.2
v -0.2 4.6 -0.2
v -0.0999999 4.2 -0.2
v -0.0999999 4.4 -0.2
v 2.38419e-07 2.1 -0.2
v 2.38419e-07 2.2 -0.2
v 0.1 2.1 -0.2
v 0.1 2.2 -0.2
v 0.4 4.2 -0.2
v 0.4 4.4 -0.2
v 0.5 4.4 -0.2
v 0.5 4.5 -0.2
v 0.6 4.2 -0.2
v 0.6 4.3 -0.2
v 0.6 4.5 -0.2
v 0.6 4.6 -0.2
v 0.7 4.3 -0.2
v 0.7 4.6 -0.2
v 1.2 2 -0.2
v 1.2 2.3 -0.2
v -1 1.6 -0.3
v -1 1.7 -0.3
v -1 1.8 -0.3
v -1 2 -0.3
v -0.9 1.7 -0.3
v -0.9 1.8 -0.3
v -0.8 1.7 -0.3
v -0.8 1.8 -0.3
v -0.7 1.7 -0.3
v -0.7 1.8 -0.3
v -0.5 1.7 -0.3
v -0.5 1.8 -0.3
v -0.3 4.3 -0.3
v -0.3 4.5 -0.3
v -0.2 4.3 -0.3
v -0.2 4.5 -0.3
v 0.5 1.7 -0.3
v 0.5 1.8 -0.3
v 0.9 1.7 -0.3
v 0.9 1.8 -0.3
v 1.3 1.6 -0.3
v 1.3 1.7 -0.3
v 1.3 1.8 -0.3
v 1.3 2 -0.3
v -0.3 0 0.7
v 2.38419e-07 0 0.7
v 0.2 0 0.7
v 0.5 0 0.7
v -0.3 0 0.5
v 2.38419e-07 0 0.5
v 0.2 0 0.5
v 0.5 0 0.5
v -0.3 0 0.3
v 2.38419e-07 0 0.3
v 0.2 0 0.3
v 0.5 0 0.3
v -0.3 0 0
v 2.38419e-07 0 0
v 0.2 0 0
v 0.5 0 0
v -0.3 0.1 0.5
v 2.38419e-07 0.1 0.5
v 0.2 0.1 0.5
v 0.5 0.1 0.5
v -0.3 0.1 0.3
v 2.38419e-07 0.1 0.3
v 0.2 0.1 0.3
v 0.5 0.1 0.3
v -0.3 1.5 1.2
v 0.7 1.5 1.2
v -0.6 1.5 1.1
v -0.3 1.5 1.1
v 0.7 1.5 1.1
v 0.9 1.5 1.1
v -0.7 1.5 1
v -0.6 1.5 1
v 0.9 1.5 1
v 1 1.5 1
v -0.8 1.5 0.9
v -0.7 1.5 0.9
v -0.3 1.5 0.7
v 2.38419e-07 1.5 0.7
v 0.2 1.5 0.7
v 0.5 1.5 0.7
v 1 1.5 0.7
v 1.1 1.5 0.7
v 2.38419e-07 1.5 0.6
v 2.38419e-07 1.5 0.5
v -0.3 1.5 0.4
v 2.38419e-07 1.5 0.4
v 0.2 1.5 0.4
v 0.5 1.5 0.4
v -0.8 1.5 0.3
v -0.7 1.5 0.3
v -0.7 1.5 0.2
v -0.6 1.5 0.2
v 1 1.5 0.2
v 1.1 1.5 0.2
v -0.6 1.5 0.1
v -0.5 1.5 0.1
v 0.9 1.5 0.1
v 1 1.5 0.1
v -0.5 1.5 0
v -0.3 1.5 0
v 0.7 1.5 0
v 0.9 1.5 0
v -0.3 1.5 -0.1
v 0.7 1.5 -0.1
v -1 1.6 1.4
v 1.3 1.6 1.4
v -0.9 1.6 1.3
v 1.2 1.6 1.3
v -0.3 1.6 1.2
v 0.7 1.6 1.2
v -0.6 1.6 1.1
v -0.3 1.6 1.1
v 0.7 1.6 1.1
v 0.9 1.6 1.1
v -0.7 1.6 1
v -0.6 1.6 1
v 0.9 1.6 1
v 1 1.6 1
v -0.8 1.6 0.9
v -0.7 1.6 0.9
v 1 1.6 0.7
v 1.1 1.6 0.7
v -0.8 1.6 0.3
v -0.7 1.6 0.3
v -0.7 1.6 0.2
v -0.6 1.6 0.2
v 1 1.6 0.2
v 1.1 1.6 0.2
v -0.6 1.6 0.1
v -0.5 1.6 0.1
v 0.9 1.6 0.1
v 1 1.6 0.1
v -0.5 1.6 0
v -0.3 1.6 0
v 0.7 1.6 0
v 0.9 1.6 0
v -0.3 1.6 -0.1
v 0.7 1.6 -0.1
v -0.9 1.6 -0.2
v 1.2 1.6 -0.2
v -1 1.6 -0.3
v 1.3 1.6 -0.3
v -0.5 3.6 0.9
v 2.38419e-07 3.6 0.9
v 0.1 3.6 0.9
v 0.2 3.6 0.9
v 0.3 3.6 0.9
v 0.8 3.6 0.9
v -0.4 3.6 0.8
v 2.38419e-07 3.6 0.8
v 0.1 3.6 0.8
v 0.2 3.6 0.8
v 0.3 3.6 0.8
v 0.7 3.6 0.8
v -0.4 3.6 0.3
v 2.38419e-07 3.6 0.3
v 0.3 3.6 0.3
v 0.7 3.6 0.3
v -0.5 3.6 0.2
v 2.38419e-07 3.6 0.2
v 0.3 3.6 0.2
v 0.8 3.6 0.2
v 2.38419e-07 3.8 1.1
v 0.3 3.8 1.1
v -0.6 3.8 1
v 2.38419e-07 3.8 1
v 0.3 3.8 1
v 0.9 3.8 1
v -0.5 3.8 0.9
v 2.38419e-07 3.8 0.9
v 0.1 3.8 0.9
v 0.2 3.8 0.9
v 0.3 3.8 0.9
v 0.8 3.8 0.9
v -0.5 3.8 0.2
v -0.2 3.8 0.2
v -0.0999999 3.8 0.2
v 2.38419e-07 3.8 0.2
v 0.3 3.8 0.2
v 0.4 3.8 0.2
v 0.5 3.8 0.2
v 0.8 3.8 0.2
v -0.6 3.8 0.1
v 2.38419e-07 3.8 0.1
v 0.3 3.8 0.1
v 0.9 3.8 0.1
v 2.38419e-07 3.9 1.2
v 0.3 3.9 1.2
v -0.0999999 3.9 1.1
v 2.38419e-07 3.9 1.1
v 0.3 3.9 1.1
v 0.5 3.9 1.1
v -0.0999999 3.9 1
v 2.38419e-07 3.9 1
v 0.3 3.9 1
v 0.5 3.9 1
v -0.0999999 4 1.2
v 2.38419e-07 4 1.2
v 0.4 4 1.2
v 0.5 4 1.2
v -0.2 4 1.1
v -0.0999999 4 1.1
v 2.38419e-07 4 1.1
v 0.4 4 1.1
v 0.5 4 1.1
v -0.7 4 1
v -0.6 4 1
v -0.2 4 1
v -0.0999999 4 1
v 0.9 4 1
v 1 4 1
v -0.6 4 0.1
v -0.2 4 0.1
v -0.0999999 4 0.1
v 2.38419e-07 4 0.1
v 0.3 4 0.1
v 0.4 4 0.1
v 0.5 4 0.1
v 0.9 4 0.1
v -0.7 4 0
v 2.38419e-07 4 0
v 0.3 4 0
v 1 4 0
v 0.1 4.1 1.2
v 0.2 4.1 1.2
v 0.1 4.1 1.1
v 0.2 4.1 1.1
v -0.5 4.1 0
v -0.0999999 4.1 0
v 0.4 4.1 0
v 0.8 4.1 0
v -0.5 4.1 -0.1
v -0.0999999 4.1 -0.1
v 0.4 4.1 -0.1
v 0.8 4.1 -0.1
v -0.0999999 4.2 1.2
v 2.38419e-07 4.2 1.2
v 0.3 4.2 1.2
v 0.4 4.2 1.2
v -0.0999999 4.2 1.1
v 2.38419e-07 4.2 1.1
v 0.3 4.2 1.1
v 0.4 4.2 1.1
v -0.6 4.2 0
v -0.5 4.2 0
v -0.0999999 4.2 0
v 2.38419e-07 4.2 0
v 0.3 4.2 0
v 0.4 4.2 0
v 0.8 4.2 0
v 0.9 4.2 0
v -0.6 4.2 -0.1
v -0.5 4.2 -0.1
v -0.3 4.2 -0.1
v -0.0999999 4.2 -0.1
v 2.38419e-07 4.2 -0.1
v 0.3 4.2 -0.1
v 0.4 4.2 -0.1
v 0.6 4.2 -0.1
v 0.8 4.2 -0.1
v 0.9 4.2 -0.1
v -0.3 4.2 -0.2
v -0.0999999 4.2 -0.2
v 0.4 4.2 -0.2
v 0.6 4.2 -0.2
v 0.4 4.3 1.2
v 0.5 4.3 1.2
v -0.3 4.3 1.1
v -0.2 4.3 1.1
v 0.4 4.3 1.1
v 0.5 4.3 1.1
v 0.6 4.3 1.1
v -0.3 4.3 1
v -0.2 4.3 1
v 0.5 4.3 1
v 0.6 4.3 1
v -1.8 4.3 0.8
v -1.7 4.3 0.8
v -1.3 4.3 0.8
v 1.6 4.3 0.8
v 1.9 4.3 0.8
v 2 4.3 0.8
v -1.8 4.3 0.3
v -1.7 4.3 0.3
v -1.3 4.3 0.3
v 1.6 4.3 0.3
v 1.9 4.3 0.3
v 2 4.3 0.3
v 0.6 4.3 -0.1
v 0.7 4.3 -0.1
v -0.3 4.3 -0.2
v -0.2 4.3 -0.2
v 0.6 4.3 -0.2
v 0.7 4.3 -0.2
v -0.3 4.3 -0.3
v -0.2 4.3 -0.3
v -0.0999999 4.4 1.3
v 0.1 4.4 1.3
v -0.2 4.4 1.2
v -0.0999999 4.4 1.2
v 0.1 4.4 1.2
v -0.2 4.4 1.1
v -0.0999999 4.4 1.1
v -1.3 4.4 0.8
v -1 4.4 0.8
v 1.3 4.4 0.8
v 1.6 4.4 0.8
v -1.3 4.4 0.3
v -1 4.4 0.3
v 1.3 4.4 0.3
v 1.6 4.4 0.3
v -0.4 4.4 -0.1
v -0.3 4.4 -0.1
v -0.4 4.4 -0.2
v -0.3 4.4 -0.2
v -0.3 4.5 1.3
v -0.0999999 4.5 1.3
v 0.1 4.5 1.3
v 0.4 4.5 1.3
v -0.2 4.5 1.2
v -0.0999999 4.5 1.2
v 0.1 4.5 1.2
v 0.4 4.5 1.2
v 0.5 4.5 1.2
v 0.6 4.5 1.2
v -0.3 4.5 1.1
v -0.2 4.5 1.1
v 0.5 4.5 1.1
v 0.6 4.5 1.1
v 0.7 4.5 1.1
v 0.6 4.5 1
v 0.7 4.5 1
v -3.3 4.5 0.7
v -2.9 4.5 0.7
v -2.8 4.5 0.7
v -2.1 4.5 0.7
v -2 4.5 0.7
v -1.8 4.5 0.7
v -1 4.5 0.7
v -0.7 4.5 0.7
v 1 4.5 0.7
v 1.3 4.5 0.7
v 2 4.5 0.7
v 2.2 4.5 0.7
v 2.3 4.5 0.7
v 3.1 4.5 0.7
v 3.5 4.5 0.7
v -3 4.5 0.4
v -2.9 4.5 0.4
v -2.8 4.5 0.4
v -2.1 4.5 0.4
v -2 4.5 0.4
v -1.8 4.5 0.4
v -1 4.5 0.4
v -0.7 4.5 0.4
v 1 4.5 0.4
v 1.3 4.5 0.4
v 2 4.5 0.4
v 2.2 4.5 0.4
v 2.3 4.5 0.4
v 3.1 4.5 0.4
v 3.2 4.5 0.4
v -3.3 4.5 0.3
v -3 4.5 0.3
v 3.2 4.5 0.3
v 3.5 4.5 0.3
v -0.0999999 4.6 1.3
v 0.1 4.6 1.3
v -0.0999999 4.6 1.2
v 0.1 4.6 1.2
v -0.4 4.6 1.1
v -0.3 4.6 1.1
v -0.4 4.6 1
v -0.3 4.6 1
v -3.5 4.6 0.7
v -3.3 4.6 0.7
v 3.5 4.6 0.7
v 3.7 4.6 0.7
v -3.5 4.6 0.4
v -3.3 4.6 0.4
v 3.5 4.6 0.4
v 3.7 4.6 0.4
v -0.2 4.7 1.3
v -0.0999999 4.7 1.3
v 0.4 4.7 1.3
v 0.5 4.7 1.3
v -0.4 4.7 1.2
v -0.3 4.7 1.2
v -0.2 4.7 1.2
v -0.0999999 4.7 1.2
v 0.4 4.7 1.2
v 0.5 4.7 1.2
v 0.6 4.7 1.2
v 0.7 4.7 1.2
v -0.4 4.7 1.1
v -0.3 4.7 1.1
v 0.6 4.7 1.1
v 0.7 4.7 1.1
v -0.5 4.7 0.1
v -0.4 4.7 0.1
v -0.5 4.7 0
v -0.4 4.7 0
v 0.7 4.8 1.1
v 0.8 4.8 1.1
v 0.7 4.8 1
v 0.8 4.8 1
v 0.5 4.8 0.1
v 0.6 4.8 0.1
v 0.5 4.8 0
v 0.6 4.8 0
v -0.3 4.9 1.3
v -0.2 4.9 1.3
v -0.3 4.9 1.2
v -0.2 4.9 1.2
v 0.3 5 1.4
v 0.4 5 1.4
v 0.3 5 1.3
v 0.4 5 1.3
v 0.5 5 1.2
v 0.6 5 1.2
v 0.5 5 1.1
v 0.6 5 1.1
v 0.4 5.1 1.4
v 0.5 5.1 1.4
v -0.2 5.1 1.3
v -0.0999999 5.1 1.3
v 0.4 5.1 1.3
v 0.5 5.1 1.3
v -0.2 5.1 1.2
v -0.0999999 5.1 1.2
v -0.4 5.1 1
v -0.3 5.1 1
v -0.5 5.1 0.9
v -0.4 5.1 0.9
v -0.0999999 5.1 0.9
v 2.38419e-07 5.1 0.9
v -0.5 5.1 0.8
v -0.4 5.1 0.8
v -0.3 5.1 0.8
v -0.0999999 5.1 0.8
v 2.38419e-07 5.1 0.8
v -0.4 5.1 0.7
v -0.3 5.1 0.7
v -0.4 5.1 0.6
v -0.3 5.1 0.6
v -0.0999999 5.1 0.6
v 0.4 5.1 0.4
v 0.5 5.1 0.4
v -0.3 5.1 0.3
v -0.2 5.1 0.3
v -0.0999999 5.1 0.3
v 0.4 5.1 0.3
v -0.2 5.1 0.2
v 0.5 5.1 0.2
v -0.2 5.2 1.4
v -0.0999999 5.2 1.4
v 0.2 5.2 1.4
v 0.3 5.2 1.4
v -0.3 5.2 1.3
v -0.2 5.2 1.3
v -0.0999999 5.2 1.3
v 0.2 5.2 1.3
v 0.3 5.2 1.3
v 0.5 5.2 1.3
v 0.6 5.2 1.3
v -0.3 5.2 1.2
v -0.2 5.2 1.2
v 0.5 5.2 1.2
v 0.6 5.2 1.2
v 0.7 5.2 1.2
v 0.6 5.2 1
v 0.7 5.2 1
v -0.5 5.2 0.8
v -0.4 5.2 0.8
v 0.7 5.2 0.8
v 0.8 5.2 0.8
v 0.6 5.2 0.6
v 0.7 5.2 0.6
v 0.6 5.2 0.5
v 0.7 5.2 0.5
v -0.5 5.2 0.3
v -0.4 5.2 0.3
v -0.3 5.2 0.3
v 0.6 5.2 0.3
v 0.7 5.2 0.3
v 0.8 5.2 0.3
v -0.4 5.2 0.2
v -0.3 5.2 0.2
v 0.6 5.2 0.2
v 0.7 5.2 0.2
v 0.7 5.3 1.2
v 0.8 5.3 1.2
v -0.5 5.3 1.1
v -0.3 5.3 1.1
v -0.4 5.3 1
v -0.3 5.3 1
v -0.5 5.3 0.9
v -0.4 5.3 0.9
v 0.7 5.3 0.9
v 0.8 5.3 0.9
v -0.6 5.3 0.8
v -0.5 5.3 0.8
v 0.8 5.3 0.7
v 0.9 5.3 0.7
v 0.8 5.3 0.4
v 0.9 5.3 0.4
v -0.6 5.3 0.3
v -0.5 5.3 0.3
v -0.4 5.3 0.3
v 0.7 5.3 0.3
v 0.8 5.3 0.3
v -0.5 5.3 0.2
v -0.4 5.3 0.2
v 0.7 5.3 0.2
v 0.8 5.3 0.2
v 0.6 5.4 1.3
v 0.7 5.4 1.3
v 0.6 5.4 1.2
v 0.7 5.4 1.2
v -0.6 5.4 1.1
v -0.5 5.4 1.1
v 0.7 5.4 0.9
v 0.8 5.4 0.9
v -0.6 5.4 0.8
v -0.5 5.4 0.8
v 0.7 5.4 0.8
v 0.8 5.4 0.8
v 0.8 5.4 0.4
v 0.9 5.4 0.4
v -0.6 5.4 0.3
v -0.5 5.4 0.3
v -0.6 5.4 0.2
v -0.5 5.4 0.2
v -0.4 5.4 0.2
v 0.7 5.4 0.2
v 0.8 5.4 0.2
v -0.5 5.4 0.1
v -0.4 5.4 0.1
v 0.7 5.4 0.1
v 0.9 5.4 0.1
v -0.3 5.5 1.3
v -0.2 5.5 1.3
v -0.5 5.5 1.2
v -0.3 5.5 1.2
v -0.2 5.5 1.2
v -0.5 5.5 1.1
v -0.3 5.5 1.1
v 0.8 5.5 1
v 0.9 5.5 1
v 0.8 5.5 0.8
v 0.9 5.5 0.8
v 0.8 5.5 0.7
v 0.9 5.5 0.7
v 0.8 5.5 0.6
v 0.9 5.5 0.6
v 0.8 5.6 0.8
v 0.9 5.6 0.8
v 0.8 5.6 0.7
v 0.9 5.6 0.7
v 2.38419e-07 5.7 1.4
v 0.1 5.7 1.4
v 2.38419e-07 5.7 1.3
v 0.1 5.7 1.3
v -0.4 5.8 1.3
v -0.3 5.8 1.3
v -0.5 5.8 1.2
v -0.4 5.8 1.2
v -0.5 5.8 1.1
v -0.3 5.8 1.1
v 0.8 5.8 1.1
v 0.9 5.8 1.1
v 0.8 5.8 1
v 0.9 5.8 1
v 0.7 5.8 0.2
v 0.8 5.8 0.2
v 0.7 5.8 0.1
v 0.8 5.8 0.1
v -0.3 5.9 1.4
v -0.2 5.9 1.4
v -0.3 5.9 1.3
v -0.2 5.9 1.3
v 0.6 5.9 1.3
v 0.7 5.9 1.3
v 0.6 5.9 1.2
v 0.7 5.9 1.2
v 0.9 5.9 0.6
v 1 5.9 0.6
v 0.9 5.9 0.5
v 1 5.9 0.5
v -0.4 5.9 0.2
v -0.3 5.9 0.2
v 0.6 5.9 0.2
v 0.7 5.9 0.2
v -0.4 5.9 0.1
v -0.3 5.9 0.1
v 0.6 5.9 0.1
v 0.7 5.9 0.1
v 0.7 6 1.3
v 0.8 6 1.3
v 0.7 6 1.2
v 0.8 6 1.2
v -0.5 6 1.1
v -0.4 6 1.1
v -0.5 6 1
v -0.4 6 1
v 0.4 6.1 1.4
v 0.5 6.1 1.4
v 0.4 6.1 1.3
v 0.5 6.1 1.3
v -0.3 6.1 0.2
v -0.2 6.1 0.2
v 0.5 6.1 0.2
v 0.6 6.1 0.2
v -0.3 6.1 0.1
v -0.2 6.1 0.1
v 0.5 6.1 0.1
v 0.6 6.1 0.1
v -0.0999999 6.2 0.2
v 0.5 6.2 0.2
v -0.0999999 6.2 0.1
v 0.5 6.2 0.1
v -0.3 0.3 0.4
v 2.38419e-07 0.3 0.4
v 0.2 0.3 0.4
v 0.5 0.3 0.4
v -0.3 0.3 0
v 2.38419e-07 0.3 0
v 0.2 0.3 0
v 0.5 0.3 0
v -1 2 1.4
v 1.3 2 1.4
v -0.9 2 1.3
v 1.2 2 1.3
v -0.9 2 -0.2
v 1.2 2 -0.2
v -1 2 -0.3
v 1.3 2 -0.3
v -0.9 2.3 1.3
v 1.2 2.3 1.3
v -0.8 2.3 1.2
v 1.1 2.3 1.2
v -0.8 2.3 -0.1
v 1.1 2.3 -0.1
v -0.9 2.3 -0.2
v 1.2 2.3 -0.2
v -0.8 2.5 1.2
v 1.1 2.5 1.2
v -0.7 2.5 1.1
v 1 2.5 1.1
v -0.7 2.5 0
v 2.38419e-07 2.5 0
v 0.1 2.5 0
v 1 2.5 0
v -0.8 2.5 -0.1
v 1.1 2.5 -0.1
v -0.7 2.7 1.1
v 1 2.7 1.1
v -0.6 2.7 1
v 0.9 2.7 1
v -0.6 2.7 0.1
v 0.9 2.7 0.1
v -0.7 2.7 0
v 1 2.7 0
v -0.6 2.9 1
v 0.9 2.9 1
v -0.5 2.9 0.9
v 0.8 2.9 0.9
v -0.5 2.9 0.2
v 2.38419e-07 2.9 0.2
v 0.1 2.9 0.2
v 0.8 2.9 0.2
v -0.6 2.9 0.1
v 0.9 2.9 0.1
v -0.5 3.1 0.9
v 0.8 3.1 0.9
v -0.4 3.1 0.8
v 0.7 3.1 0.8
v -0.4 3.1 0.3
v 0.7 3.1 0.3
v -0.5 3.1 0.2
v 0.8 3.1 0.2
v 0.1 4 1.2
v 0.2 4 1.2
v 0.1 4 1.1
v 0.2 4 1.1
v -0.0999999 4.1 1.2
v 2.38419e-07 4.1 1.2
v 0.4 4.1 1.2
v 0.5 4.1 1.2
v -0.0999999 4.1 1.1
v 2.38419e-07 4.1 1.1
v 0.4 4.1 1.1
v 0.5 4.1 1.1
v -0.0999999 4.4 0
v 2.38419e-07 4.4 0
v 0.3 4.4 0
v 0.4 4.4 0
v -0.2 4.4 -0.1
v -0.0999999 4.4 -0.1
v 2.38419e-07 4.4 -0.1
v 0.3 4.4 -0.1
v 0.4 4.4 -0.1
v 0.5 4.4 -0.1
v -0.2 4.4 -0.2
v -0.0999999 4.4 -0.2
v 0.4 4.4 -0.2
v 0.5 4.4 -0.2
v -0.0999999 4.5 1.3
v 0.1 4.5 1.3
v -0.0999999 4.5 1.2
v 0.1 4.5 1.2
v -0.6 4.5 0
v -0.4 4.5 0
v 0.8 4.5 0
v 0.9 4.5 0
v -0.6 4.5 -0.1
v -0.4 4.5 -0.1
v 0.5 4.5 -0.1
v 0.6 4.5 -0.1
v 0.8 4.5 -0.1
v 0.9 4.5 -0.1
v -0.3 4.5 -0.2
v -0.2 4.5 -0.2
v 0.5 4.5 -0.2
v 0.6 4.5 -0.2
v -0.3 4.5 -0.3
v -0.2 4.5 -0.3
v -0.2 4.6 1.3
v -0.0999999 4.6 1.3
v -0.2 4.6 1.2
v -0.0999999 4.6 1.2
v -3.3 4.6 0.4
v -3 4.6 0.4
v 3.2 4.6 0.4
v 3.5 4.6 0.4
v -3.3 4.6 0.3
v -3 4.6 0.3
v 3.2 4.6 0.3
v 3.5 4.6 0.3
v -0.7 4.6 0.1
v -0.4 4.6 0.1
v -0.0999999 4.6 0.1
v 0.4 4.6 0.1
v 0.5 4.6 0.1
v 0.8 4.6 0.1
v 1 4.6 0.1
v -0.7 4.6 0
v -0.4 4.6 0
v -0.3 4.6 0
v -0.0999999 4.6 0
v 0.4 4.6 0
v 0.5 4.6 0
v 0.6 4.6 0
v 0.7 4.6 0
v 0.8 4.6 0
v 1 4.6 0
v -0.4 4.6 -0.1
v -0.3 4.6 -0.1
v -0.2 4.6 -0.1
v -0.0999999 4.6 -0.1
v 0.4 4.6 -0.1
v 0.6 4.6 -0.1
v 0.7 4.6 -0.1
v 0.8 4.6 -0.1
v -0.4 4.6 -0.2
v -0.2 4.6 -0.2
v 0.6 4.6 -0.2
v 0.7 4.6 -0.2
v -0.3 4.7 1.3
v -0.2 4.7 1.3
v -0.3 4.7 1.2
v -0.2 4.7 1.2
v 0.5 4.7 1.2
v 0.6 4.7 1.2
v 0.5 4.7 1.1
v 0.6 4.7 1.1
v -3.5 4.7 0.7
v -2.9 4.7 0.7
v -2.8 4.7 0.7
v -2.1 4.7 0.7
v -2 4.7 0.7
v -1.8 4.7 0.7
v -1 4.7 0.7
v -0.7 4.7 0.7
v 1 4.7 0.7
v 1.3 4.7 0.7
v 2 4.7 0.7
v 2.2 4.7 0.7
v 2.3 4.7 0.7
v 3.1 4.7 0.7
v 3.7 4.7 0.7
v -3.5 4.7 0.4
v -2.9 4.7 0.4
v -2.8 4.7 0.4
v -2.1 4.7 0.4
v -2 4.7 0.4
v -1.8 4.7 0.4
v -1 4.7 0.4
v -0.7 4.7 0.4
v 1 4.7 0.4
v 1.3 4.7 0.4
v 2 4.7 0.4
v 2.2 4.7 0.4
v 2.3 4.7 0.4
v 3.1 4.7 0.4
v 3.7 4.7 0.4
v -0.2 4.7 0.1
v -0.0999999 4.7 0.1
v 0.5 4.7 0.1
v 0.6 4.7 0.1
v -0.4 4.7 0
v -0.3 4.7 0
v -0.2 4.7 0
v -0.0999999 4.7 0
v 0.5 4.7 0
v 0.6 4.7 0
v -0.4 4.7 -0.1
v -0.3 4.7 -0.1
v -1.3 4.8 0.8
v -1 4.8 0.8
v 1.3 4.8 0.8
v 1.6 4.8 0.8
v -1.3 4.8 0.3
v -1 4.8 0.3
v 1.3 4.8 0.3
v 1.6 4.8 0.3
v -0.2 4.9 1.3
v -0.0999999 4.9 1.3
v -0.4 4.9 1.2
v -0.3 4.9 1.2
v -0.2 4.9 1.2
v -0.0999999 4.9 1.2
v 0.6 4.9 1.2
v 0.7 4.9 1.2
v -0.4 4.9 1.1
v -0.3 4.9 1.1
v 0.6 4.9 1.1
v 0.7 4.9 1.1
v -0.7 4.9 1
v -0.5 4.9 1
v 0.8 4.9 1
v 1 4.9 1
v -0.0999999 4.9 0.9
v 2.38419e-07 4.9 0.9
v -1.8 4.9 0.8
v -1.7 4.9 0.8
v -1.3 4.9 0.8
v -0.5 4.9 0.8
v -0.4 4.9 0.8
v -0.0999999 4.9 0.8
v 2.38419e-07 4.9 0.8
v 1.6 4.9 0.8
v 1.9 4.9 0.8
v 2 4.9 0.8
v -0.5 4.9 0.7
v -0.4 4.9 0.7
v -0.5 4.9 0.4
v -0.4 4.9 0.4
v -1.8 4.9 0.3
v -1.7 4.9 0.3
v -1.3 4.9 0.3
v -0.5 4.9 0.3
v -0.4 4.9 0.3
v 1.6 4.9 0.3
v 1.9 4.9 0.3
v 2 4.9 0.3
v -0.2 4.9 0.2
v 2.38419e-07 4.9 0.2
v 0.1 4.9 0.2
v 0.2 4.9 0.2
v 0.3 4.9 0.2
v 0.5 4.9 0.2
v -0.7 4.9 0.1
v -0.5 4.9 0.1
v -0.4 4.9 0.1
v -0.2 4.9 0.1
v 2.38419e-07 4.9 0.1
v 0.1 4.9 0.1
v 0.2 4.9 0.1
v 0.3 4.9 0.1
v 0.5 4.9 0.1
v 0.8 4.9 0.1
v 1 4.9 0.1
v -0.5 4.9 0
v -0.4 4.9 0
v 0.5 4.9 0
v 0.6 4.9 0
v 0.7 4.9 0
v 0.8 4.9 0
v 0.6 4.9 -0.1
v 0.7 4.9 -0.1
v -0.3 5 1.3
v -0.2 5 1.3
v -0.3 5 1.2
v -0.2 5 1.2
v -0.4 5 1.1
v -0.3 5 1.1
v 0.7 5 1.1
v 0.8 5 1.1
v -0.5 5 1
v -0.4 5 1
v 0.7 5 1
v 0.8 5 1
v -0.5 5 0.8
v -0.4 5 0.8
v -0.3 5 0.8
v -0.5 5 0.7
v -0.4 5 0.7
v -0.3 5 0.7
v -0.4 5 0.6
v -0.3 5 0.6
v -0.2 5 0.6
v -0.0999999 5 0.6
v 0.6 5 0.6
v 0.8 5 0.6
v 0.6 5 0.5
v 0.8 5 0.5
v -0.5 5 0.4
v -0.4 5 0.4
v 0.4 5 0.4
v 0.5 5 0.4
v 0.7 5 0.4
v 0.8 5 0.4
v -0.5 5 0.3
v -0.4 5 0.3
v -0.3 5 0.3
v -0.2 5 0.3
v -0.0999999 5 0.3
v 0.4 5 0.3
v 0.6 5 0.3
v 0.7 5 0.3
v -0.3 5 0.2
v -0.2 5 0.2
v 0.5 5 0.2
v -0.5 5 0.1
v -0.4 5 0.1
v -0.3 5 0.1
v 0.6 5 0.1
v 0.8 5 0.1
v -0.4 5 0
v -0.2 5 0
v 0.6 5.1 1.1
v 0.7 5.1 1.1
v 0.6 5.1 1
v 0.7 5.1 1
v 0.8 5.1 1
v 0.7 5.1 0.6
v 0.8 5.1 0.6
v 0.7 5.1 0.5
v 0.8 5.1 0.5
v 0.7 5.1 0.4
v 0.8 5.1 0.4
v -0.4 5.1 0.3
v -0.3 5.1 0.3
v -0.3 5.1 0.2
v 0.5 5.1 0.2
v 0.6 5.1 0.2
v -0.4 5.1 0.1
v -0.3 5.1 0.1
v 0.5 5.1 0.1
v 0.6 5.1 0.1
v 0.4 5.2 1.4
v 0.5 5.2 1.4
v 0.4 5.2 1.3
v 0.5 5.2 1.3
v -0.2 5.3 1.4
v -0.0999999 5.3 1.4
v 0.2 5.3 1.4
v 0.4 5.3 1.4
v -0.2 5.3 1.3
v -0.0999999 5.3 1.3
v 0.2 5.3 1.3
v 0.4 5.3 1.3
v -0.3 5.4 1.3
v -0.2 5.4 1.3
v -0.3 5.4 1.2
v -0.2 5.4 1.2
v 0.8 5.4 0.7
v 0.9 5.4 0.7
v 0.8 5.4 0.6
v 0.9 5.4 0.6
v 0.7 5.6 0.2
v 0.8 5.6 0.2
v 0.7 5.6 0.1
v 0.8 5.6 0.1
v -0.5 5.7 1.2
v -0.3 5.7 1.2
v -0.5 5.7 1.1
v -0.3 5.7 1.1
v 0.6 5.8 1.3
v 0.7 5.8 1.3
v 0.6 5.8 1.2
v 0.7 5.8 1.2
v -0.6 5.8 1.1
v -0.5 5.8 1.1
v -0.6 5.8 1
v -0.5 5.8 1
v -0.6 5.8 0.3
v -0.5 5.8 0.3
v -0.6 5.8 0.2
v -0.5 5.8 0.2
v 0.8 5.8 0.2
v 0.9 5.8 0.2
v 0.8 5.8 0.1
v 0.9 5.8 0.1
v 2.38419e-07 5.9 1.4
v 0.1 5.9 1.4
v 2.38419e-07 5.9 1.3
v 0.1 5.9 1.3
v -0.5 5.9 1.2
v -0.4 5.9 1.2
v 0.8 5.9 1.1
v 0.9 5.9 1.1
v -0.5 5.9 1
v -0.4 5.9 1
v 0.8 5.9 1
v 0.9 5.9 1
v -0.3 6 1.4
v -0.2 6 1.4
v -0.4 6 1.3
v -0.3 6 1.3
v -0.2 6 1.3
v -0.4 6 1.2
v -0.3 6 1.2
v -0.6 6 1
v -0.5 6 1
v 0.8 6 1
v 0.9 6 1
v -0.6 6 0.9
v -0.5 6 0.9
v 0.8 6 0.9
v 0.9 6 0.9
v -0.6 6 0.4
v -0.5 6 0.4
v -0.6 6 0.3
v -0.5 6 0.3
v -0.4 6 0.3
v 0.8 6 0.3
v 0.9 6 0.3
v -0.4 6 0.2
v -0.3 6 0.2
v 0.7 6 0.2
v 0.8 6 0.2
v 0.9 6 0.2
v -0.5 6 0.1
v -0.3 6 0.1
v 0.7 6 0.1
v 0.8 6 0.1
v 0.6 6.1 1.3
v 0.8 6.1 1.3
v -0.5 6.1 1.1
v -0.4 6.1 1.1
v 0.6 6.1 1.1
v 0.7 6.1 1.1
v -0.5 6.1 1
v -0.4 6.1 1
v 0.7 6.1 1
v 0.8 6.1 1
v -0.6 6.1 0.9
v -0.5 6.1 0.9
v 0.8 6.1 0.9
v 0.9 6.1 0.9
v -0.6 6.1 0.8
v -0.5 6.1 0.8
v 0.8 6.1 0.7
v 0.9 6.1 0.7
v 0.9 6.1 0.6
v 1 6.1 0.6
v -0.6 6.1 0.5
v -0.5 6.1 0.5
v 0.8 6.1 0.5
v 0.9 6.1 0.5
v 1 6.1 0.5
v -0.6 6.1 0.4
v -0.5 6.1 0.4
v 0.8 6.1 0.3
v 0.9 6.1 0.3
v 0.6 6.1 0.2
v 0.7 6.1 0.2
v 0.6 6.1 0.1
v 0.7 6.1 0.1
v 0.4 6.2 1.4
v 0.5 6.2 1.4
v -0.3 6.2 1.3
v 0.4 6.2 1.3
v 0.5 6.2 1.3
v 0.6 6.2 1.3
v -0.4 6.2 1.2
v -0.3 6.2 1.2
v 0.2 6.2 1.2
v 0.6 6.2 1.2
v -0.4 6.2 1.1
v 2.38419e-07 6.2 1.1
v 0.1 6.2 1.1
v 0.2 6.2 1.1
v -0.5 6.2 1
v -0.4 6.2 1
v 2.38419e-07 6.2 1
v 0.1 6.2 1
v 0.7 6.2 1
v 0.8 6.2 1
v -0.6 6.2 0.8
v -0.5 6.2 0.8
v -0.4 6.2 0.8
v 0.7 6.2 0.7
v 0.8 6.2 0.7
v -0.6 6.2 0.5
v -0.5 6.2 0.5
v -0.4 6.2 0.5
v -0.5 6.2 0.3
v -0.4 6.2 0.3
v -0.3 6.2 0.3
v 0.7 6.2 0.3
v 0.8 6.2 0.3
v -0.4 6.2 0.2
v -0.3 6.2 0.2
v -0.2 6.2 0.2
v 0.7 6.2 0.2
v 0.8 6.2 0.2
v -0.3 6.2 0.1
v -0.2 6.2 0.1
v 0.2 6.3 1.2
v 0.6 6.3 1.2
v -0.4 6.3 1.1
v -0.3 6.3 1.1
v -0.2 6.3 1.1
v 2.38419e-07 6.3 1.1
v 0.1 6.3 1.1
v 0.2 6.3 1.1
v 0.6 6.3 1.1
v 0.7 6.3 1.1
v -0.0999999 6.3 1
v 2.38419e-07 6.3 1
v 0.1 6.3 1
v 0.4 6.3 1
v -0.4 6.3 0.9
v -0.3 6.3 0.9
v 0.4 6.3 0.9
v 0.5 6.3 0.9
v -0.5 6.3 0.8
v -0.4 6.3 0.8
v -0.2 6.3 0.8
v -0.0999999 6.3 0.8
v 0.5 6.3 0.8
v 0.6 6.3 0.8
v 0.1 6.3 0.7
v 0.2 6.3 0.7
v 0.7 6.3 0.7
v 0.8 6.3 0.7
v 0.9 6.3 0.7
v -0.3 6.3 0.6
v -0.2 6.3 0.6
v 0.1 6.3 0.6
v 0.2 6.3 0.6
v 0.4 6.3 0.6
v 0.6 6.3 0.6
v 0.7 6.3 0.6
v -0.5 6.3 0.5
v -0.4 6.3 0.5
v -0.3 6.3 0.5
v -0.2 6.3 0.5
v 0.2 6.3 0.5
v 0.4 6.3 0.5
v 0.7 6.3 0.5
v 0.8 6.3 0.5
v 0.9 6.3 0.5
v -0.3 6.3 0.4
v -0.2 6.3 0.4
v 0.6 6.3 0.4
v 0.7 6.3 0.4
v -0.4 6.3 0.3
v -0.3 6.3 0.3
v -0.2 6.3 0.3
v -0.0999999 6.3 0.3
v 0.7 6.3 0.3
v 0.8 6.3 0.3
v -0.3 6.3 0.2
v -0.0999999 6.3 0.2
v 0.6 6.3 0.2
v 0.7 6.3 0.2
v -0.0999999 6.3 0.1
v 0.6 6.3 0.1
v -0.3 6.4 1.1
v -0.2 6.4 1.1
v -0.0999999 6.4 1
v 0.4 6.4 1
v -0.4 6.4 0.9
v -0.3 6.4 0.9
v 0.4 6.4 0.9
v 0.5 6.4 0.9
v -0.2 6.4 0.8
v -0.0999999 6.4 0.8
v 0.5 6.4 0.8
v 0.6 6.4 0.8
v 0.1 6.4 0.7
v 0.2 6.4 0.7
v 0.7 6.4 0.7
v 0.8 6.4 0.7
v -0.3 6.4 0.6
v -0.2 6.4 0.6
v 0.1 6.4 0.6
v 0.2 6.4 0.6
v 0.4 6.4 0.6
v 0.6 6.4 0.6
v 0.7 6.4 0.6
v -0.4 6.4 0.5
v -0.3 6.4 0.5
v -0.2 6.4 0.5
v 0.2 6.4 0.5
v 0.4 6.4 0.5
v 0.7 6.4 0.5
v 0.8 6.4 0.5
v -0.3 6.4 0.4
v -0.2 6.4 0.4
v 0.6 6.4 0.4
v 0.7 6.4 0.4
v -0.2 6.4 0.3
v -0.0999999 6.4 0.3
v -0.0999999 6.4 0.2
v 0.6 6.4 0.2

# faces
f 3/9/1 2/9/1 1/9/1
f 4/9/1 2/9/1 3/9/1
f 7/9/1 6/9/1 5/9/1
f 8/9/1 6/9/1 7/9/1
f 9/9/1 6/9/1 8/9/1
f 12/11/1 11/11/1 10/11/1
f 13/11/1 11/11/1 12/11/1
f 14/11/1 12/11/1 10/11/1
f 15/11/1 11/11/1 13/11/1
f 16/11/1 14/11/1 10/11/1
f 16/11/1 15/11/1 14/11/1
f 17/11/1 11/11/1 15/11/1
f 17/11/1 15/11/1 16/11/1
f 20/13/1 19/13/1 18/13/1
f 21/13/1 19/13/1 20/13/1
f 22/6/1 21/6/1 20/6/1
f 23/6/1 21/6/1 22/6/1
f 24/10/1 23/10/1 22/10/1
f 25/10/1 23/10/1 24/10/1
f 28/10/1 27/10/1 26/10/1
f 29/10/1 27/10/1 28/10/1
f 32/9/1 31/9/1 30/9/1
f 33/9/1 31/9/1 32/9/1
f 36/10/1 35/10/1 34/10/1
f 37/10/1 35/10/1 36/10/1
f 42/9/1 39/9/1 38/9/1
f 43/9/1 39/9/1 42/9/1
f 44/9/1 41/9/1 40/9/1
f 45/9/1 41/9/1 44/9/1
f 48/10/1 47/10/1 46/10/1
f 49/10/1 47/10/1 48/10/1
f 52/10/1 51/10/1 50/10/1
f 53/10/1 51/10/1 52/10/1
f 54/10/1 51/10/1 53/10/1
f 55/10/1 51/10/1 54/10/1
f 56/10/1 52/10/1 50/10/1
f 57/10/1 54/10/1 53/10/1
f 58/10/1 56/10/1 50/10/1
f 58/10/1 57/10/1 56/10/1
f 59/10/1 54/10/1 57/10/1
f 59/10/1 57/10/1 58/10/1
f 64/9/1 61/9/1 60/9/1
f 65/9/1 61/9/1 64/9/1
f 66/9/1 63/9/1 62/9/1
f 67/9/1 63/9/1 66/9/1
f 70/10/1 69/10/1 68/10/1
f 71/10/1 69/10/1 70/10/1
f 74/10/1 73/10/1 72/10/1
f 75/10/1 73/10/1 74/10/1
f 78/10/1 77/10/1 76/10/1
f 79/10/1 77/10/1 78/10/1
f 83/1/1 81/1/1 80/1/1
f 84/1/1 81/1/1 83/1/1
f 86/1/1 83/1/1 82/1/1
f 86/1/1 85/1/1 84/1/1
f 86/1/1 84/1/1 83/1/1
f 87/1/1 85/1/1 86/1/1
f 88/1/1 85/1/1 87/1/1
f 89/1/1 85/1/1 88/1/1
f 90/1/1 88/1/1 87/1/1
f 91/1/1 88/1/1 90/1/1
f 92/1/1 88/1/1 91/1/1
f 93/1/1 88/1/1 92/1/1
f 94/1/1 92/1/1 91/1/1
f 95/1/1 92/1/1 94/1/1
f 96/1/1 92/1/1 95/1/1
f 97/1/1 92/1/1 96/1/1
f 98/1/1 96/1/1 95/1/1
f 99/1/1 96/1/1 98/1/1
f 102/9/1 101/9/1 100/9/1
f 103/9/1 101/9/1 102/9/1
f 106/10/1 105/10/1 104/10/1
f 107/10/1 105/10/1 106/10/1
f 110/10/1 109/10/1 108/10/1
f 111/10/1 109/10/1 110/10/1
f 114/10/1 113/10/1 112/10/1
f 115/10/1 113/10/1 114/10/1
f 123/1/1 117/1/1 116/1/1
f 124/1/1 117/1/1 123/1/1
f 125/1/1 119/1/1 118/1/1
f 126/1/1 119/1/1 125/1/1
f 127/1/1 121/1/1 120/1/1
f 128/1/1 121/1/1 127/1/1
f 129/1/1 123/1/1 122/1/1
f 130/1/1 123/1/1 129/1/1
f 133/1/1 132/1/1 131/1/1
f 136/1/1 133/1/1 131/1/1
f 136/1/1 134/1/1 133/1/1
f 137/1/1 134/1/1 136/1/1
f 138/1/1 134/1/1 137/1/1
f 140/1/1 136/1/1 135/1/1
f 140/1/1 137/1/1 136/1/1
f 141/1/1 137/1/1 140/1/1
f 142/1/1 139/1/1 138/1/1
f 143/1/1 139/1/1 142/1/1
f 147/1/1 146/1/1 145/1/1
f 148/1/1 146/1/1 147/1/1
f 153/1/1 144/1/1 143/1/1
f 154/1/1 151/1/1 150/1/1
f 154/1/1 150/1/1 149/1/1
f 155/1/1 151/1/1 154/1/1
f 160/1/1 153/1/1 152/1/1
f 161/1/1 144/1/1 153/1/1
f 161/1/1 153/1/1 160/1/1
f 162/1/1 158/1/1 157/1/1
f 162/1/1 157/1/1 156/1/1
f 163/1/1 158/1/1 162/1/1
f 164/1/1 158/1/1 163/1/1
f 167/1/1 160/1/1 159/1/1
f 168/1/1 165/1/1 164/1/1
f 168/1/1 164/1/1 163/1/1
f 169/1/1 165/1/1 168/1/1
f 170/1/1 167/1/1 166/1/1
f 171/1/1 160/1/1 167/1/1
f 171/1/1 167/1/1 170/1/1
f 172/1/1 170/1/1 169/1/1
f 173/1/1 170/1/1 172/1/1
f 176/4/1 175/4/1 174/4/1
f 177/4/1 175/4/1 176/4/1
f 181/1/1 179/1/1 178/1/1
f 185/1/1 181/1/1 180/1/1
f 186/1/1 179/1/1 181/1/1
f 186/1/1 181/1/1 185/1/1
f 187/1/1 179/1/1 186/1/1
f 189/1/1 183/1/1 182/1/1
f 190/1/1 185/1/1 184/1/1
f 190/1/1 186/1/1 185/1/1
f 191/1/1 186/1/1 190/1/1
f 192/1/1 186/1/1 191/1/1
f 193/1/1 189/1/1 188/1/1
f 194/1/1 183/1/1 189/1/1
f 194/1/1 189/1/1 193/1/1
f 195/1/1 183/1/1 194/1/1
f 202/1/1 195/1/1 194/1/1
f 203/1/1 195/1/1 202/1/1
f 204/1/1 197/1/1 196/1/1
f 205/1/1 197/1/1 204/1/1
f 207/1/1 199/1/1 198/1/1
f 208/1/1 199/1/1 207/1/1
f 209/1/1 201/1/1 200/1/1
f 210/1/1 201/1/1 209/1/1
f 213/1/1 205/1/1 204/1/1
f 214/1/1 205/1/1 213/1/1
f 215/1/1 208/1/1 207/1/1
f 215/1/1 207/1/1 206/1/1
f 215/1/1 209/1/1 208/1/1
f 216/1/1 209/1/1 215/1/1
f 217/1/1 209/1/1 216/1/1
f 218/1/1 214/1/1 213/1/1
f 218/1/1 215/1/1 214/1/1
f 218/1/1 216/1/1 215/1/1
f 219/1/1 216/1/1 218/1/1
f 221/1/1 212/1/1 211/1/1
f 222/1/1 212/1/1 221/1/1
f 223/1/1 220/1/1 219/1/1
f 224/1/1 220/1/1 223/1/1
f 227/1/1 226/1/1 225/1/1
f 229/1/1 227/1/1 225/1/1
f 229/1/1 228/1/1 227/1/1
f 230/1/1 228/1/1 229/1/1
f 231/1/1 228/1/1 230/1/1
f 232/1/1 228/1/1 231/1/1
f 235/1/1 231/1/1 230/1/1
f 237/1/1 235/1/1 230/1/1
f 237/1/1 236/1/1 235/1/1
f 238/1/1 236/1/1 237/1/1
f 239/1/1 236/1/1 238/1/1
f 242/1/1 234/1/1 233/1/1
f 243/1/1 234/1/1 242/1/1
f 244/1/1 240/1/1 239/1/1
f 244/1/1 239/1/1 238/1/1
f 245/1/1 240/1/1 244/1/1
f 246/1/1 240/1/1 245/1/1
f 247/1/1 242/1/1 241/1/1
f 248/1/1 242/1/1 247/1/1
f 249/1/1 246/1/1 245/1/1
f 249/1/1 247/1/1 246/1/1
f 250/1/1 247/1/1 249/1/1
f 255/11/1 252/11/1 251/11/1
f 256/11/1 252/11/1 255/11/1
f 257/11/1 254/11/1 253/11/1
f 258/11/1 254/11/1 257/11/1
f 259/9/1 256/9/1 255/9/1
f 259/9/1 257/9/1 256/9/1
f 259/9/1 258/9/1 257/9/1
f 260/9/1 258/9/1 259/9/1
f 261/9/1 258/9/1 260/9/1
f 262/16/1 260/16/1 259/16/1
f 263/16/1 260/16/1 262/16/1
f 264/2/1 263/2/1 262/2/1
f 265/2/1 263/2/1 264/2/1
f 266/9/1 265/9/1 264/9/1
f 267/9/1 265/9/1 266/9/1
f 268/15/1 267/15/1 266/15/1
f 269/9/1 265/9/1 267/9/1
f 269/15/1 267/15/1 268/15/1
f 270/9/1 265/9/1 269/9/1
f 273/2/1 269/2/1 268/2/1
f 273/2/1 270/2/1 269/2/1
f 274/2/1 270/2/1 273/2/1
f 277/9/1 272/9/1 271/9/1
f 278/9/1 272/9/1 277/9/1
f 279/9/1 276/9/1 275/9/1
f 280/9/1 276/9/1 279/9/1
f 285/1/1 282/1/1 281/1/1
f 287/1/1 285/1/1 281/1/1
f 287/1/1 286/1/1 285/1/1
f 288/1/1 286/1/1 287/1/1
f 290/1/1 284/1/1 283/1/1
f 291/1/1 286/1/1 288/1/1
f 292/1/1 286/1/1 291/1/1
f 293/1/1 290/1/1 289/1/1
f 293/1/1 284/1/1 290/1/1
f 294/1/1 284/1/1 293/1/1
f 295/1/1 293/1/1 289/1/1
f 296/1/1 293/1/1 295/1/1
f 297/1/1 293/1/1 296/1/1
f 301/1/1 299/1/1 298/1/1
f 301/1/1 300/1/1 299/1/1
f 302/1/1 300/1/1 301/1/1
f 303/1/1 300/1/1 302/1/1
f 307/1/1 303/1/1 302/1/1
f 307/1/1 304/1/1 303/1/1
f 308/1/1 304/1/1 307/1/1
f 309/1/1 306/1/1 305/1/1
f 310/1/1 306/1/1 309/1/1
f 314/1/1 307/1/1 302/1/1
f 315/1/1 312/1/1 311/1/1
f 316/1/1 312/1/1 315/1/1
f 317/1/1 314/1/1 313/1/1
f 317/1/1 307/1/1 314/1/1
f 318/1/1 307/1/1 317/1/1
f 319/1/1 317/1/1 313/1/1
f 320/1/1 317/1/1 319/1/1
f 322/1/1 317/1/1 320/1/1
f 323/1/1 317/1/1 322/1/1
f 324/1/1 322/1/1 321/1/1
f 326/1/1 324/1/1 321/1/1
f 326/1/1 325/1/1 324/1/1
f 327/1/1 325/1/1 326/1/1
f 330/1/1 329/1/1 328/1/1
f 331/1/1 329/1/1 330/1/1
f 335/1/1 332/1/1 331/1/1
f 336/1/1 332/1/1 335/1/1
f 338/1/1 334/1/1 333/1/1
f 339/1/1 334/1/1 338/1/1
f 344/1/1 338/1/1 337/1/1
f 345/1/1 338/1/1 344/1/1
f 346/1/1 341/1/1 340/1/1
f 347/1/1 341/1/1 346/1/1
f 348/1/1 343/1/1 342/1/1
f 349/1/1 343/1/1 348/1/1
f 352/1/1 351/1/1 350/1/1
f 353/1/1 351/1/1 352/1/1
f 356/1/1 355/1/1 354/1/1
f 357/1/1 355/1/1 356/1/1
f 360/1/1 359/1/1 358/1/1
f 361/1/1 359/1/1 360/1/1
f 365/1/1 363/1/1 362/1/1
f 366/1/1 363/1/1 365/1/1
f 367/1/1 365/1/1 364/1/1
f 368/1/1 365/1/1 367/1/1
f 371/1/1 370/1/1 369/1/1
f 372/1/1 370/1/1 371/1/1
f 377/1/1 374/1/1 373/1/1
f 378/1/1 374/1/1 377/1/1
f 379/1/1 376/1/1 375/1/1
f 380/1/1 376/1/1 379/1/1
f 384/1/1 382/1/1 381/1/1
f 385/1/1 382/1/1 384/1/1
f 386/1/1 384/1/1 383/1/1
f 387/1/1 384/1/1 386/1/1
f 391/1/1 389/1/1 388/1/1
f 392/1/1 389/1/1 391/1/1
f 393/1/1 391/1/1 390/1/1
f 394/1/1 391/1/1 393/1/1
f 397/1/1 396/1/1 395/1/1
f 398/1/1 396/1/1 397/1/1
f 403/1/1 400/1/1 399/1/1
f 404/1/1 400/1/1 403/1/1
f 405/2/1 402/2/1 401/2/1
f 406/2/1 402/2/1 405/2/1
f 412/1/1 408/1/1 407/1/1
f 413/1/1 408/1/1 412/1/1
f 414/1/1 410/1/1 409/1/1
f 415/1/1 410/1/1 414/1/1
f 416/1/1 412/1/1 411/1/1
f 417/1/1 412/1/1 416/1/1
f 421/1/1 419/1/1 418/1/1
f 422/1/1 419/1/1 421/1/1
f 423/1/1 421/1/1 420/1/1
f 424/1/1 421/1/1 423/1/1
f 427/1/1 426/1/1 425/1/1
f 428/1/1 426/1/1 427/1/1
f 431/1/1 430/1/1 429/1/1
f 432/1/1 431/1/1 429/1/1
f 433/1/1 431/1/1 432/1/1
f 436/1/1 435/1/1 434/1/1
f 437/1/1 435/1/1 436/1/1
f 440/1/1 439/1/1 438/1/1
f 441/1/1 439/1/1 440/1/1
f 444/1/1 443/1/1 442/1/1
f 445/1/1 443/1/1 444/1/1
f 450/11/1 447/11/1 446/11/1
f 451/11/1 447/11/1 450/11/1
f 452/11/1 449/11/1 448/11/1
f 453/11/1 449/11/1 452/11/1
f 454/9/1 451/9/1 450/9/1
f 454/9/1 452/9/1 451/9/1
f 454/9/1 453/9/1 452/9/1
f 455/9/1 453/9/1 454/9/1
f 456/9/1 453/9/1 455/9/1
f 457/16/1 455/16/1 454/16/1
f 458/16/1 455/16/1 457/16/1
f 459/2/1 458/2/1 457/2/1
f 460/2/1 458/2/1 459/2/1
f 461/9/1 460/9/1 459/9/1
f 462/9/1 460/9/1 461/9/1
f 463/2/1 462/2/1 461/2/1
f 464/2/1 462/2/1 463/2/1
f 467/1/1 466/1/1 465/1/1
f 468/1/1 466/1/1 467/1/1
f 471/1/1 470/1/1 469/1/1
f 472/1/1 470/1/1 471/1/1
f 475/1/1 474/1/1 473/1/1
f 476/1/1 474/1/1 475/1/1
f 479/1/1 478/1/1 477/1/1
f 480/1/1 478/1/1 479/1/1
f 483/9/1 482/9/1 481/9/1
f 484/9/1 482/9/1 483/9/1
f 487/1/1 486/1/1 485/1/1
f 488/1/1 486/1/1 487/1/1
f 491/1/1 490/1/1 489/1/1
f 492/1/1 490/1/1 491/1/1
f 495/10/1 494/10/1 493/10/1
f 496/10/1 494/10/1 495/10/1
f 499/1/1 497/1/1 496/1/1
f 500/1/1 497/1/1 499/1/1
f 501/1/1 499/1/1 498/1/1
f 502/1/1 499/1/1 501/1/1
f 503/1/1 499/1/1 502/1/1
f 506/1/1 505/1/1 504/1/1
f 507/1/1 505/1/1 506/1/1
f 510/1/1 509/1/1 508/1/1
f 511/1/1 509/1/1 510/1/1
f 514/1/1 513/1/1 512/1/1
f 515/1/1 513/1/1 514/1/1
f 518/1/1 517/1/1 516/1/1
f 519/1/1 517/1/1 518/1/1
f 523/1/1 521/1/1 520/1/1
f 524/1/1 521/1/1 523/1/1
f 526/1/1 523/1/1 522/1/1
f 527/1/1 526/1/1 525/1/1
f 528/1/1 523/1/1 526/1/1
f 528/1/1 526/1/1 527/1/1
f 529/1/1 523/1/1 528/1/1
f 532/1/1 531/1/1 530/1/1
f 533/1/1 531/1/1 532/1/1
f 537/1/1 535/1/1 534/1/1
f 538/1/1 535/1/1 537/1/1
f 542/1/1 537/1/1 536/1/1
f 543/1/1 542/1/1 541/1/1
f 544/1/1 537/1/1 542/1/1
f 544/1/1 542/1/1 543/1/1
f 545/1/1 540/1/1 539/1/1
f 546/1/1 540/1/1 545/1/1
f 547/1/1 537/1/1 544/1/1
f 548/1/1 537/1/1 547/1/1
f 551/1/1 550/1/1 549/1/1
f 552/1/1 550/1/1 551/1/1
f 553/1/1 550/1/1 552/1/1
f 556/1/1 555/1/1 554/1/1
f 557/1/1 555/1/1 556/1/1
f 560/1/1 559/1/1 558/1/1
f 561/1/1 559/1/1 560/1/1
f 564/1/1 563/1/1 562/1/1
f 565/1/1 563/1/1 564/1/1
f 568/1/1 567/1/1 566/1/1
f 569/1/1 567/1/1 568/1/1
f 572/10/1 571/10/1 570/10/1
f 573/10/1 571/10/1 572/10/1
f 574/10/1 572/10/1 570/10/1
f 575/10/1 571/10/1 573/10/1
f 576/10/1 574/10/1 570/10/1
f 576/10/1 575/10/1 574/10/1
f 577/10/1 571/10/1 575/10/1
f 577/10/1 575/10/1 576/10/1
f 580/10/1 579/10/1 578/10/1
f 581/10/1 579/10/1 580/10/1
f 584/10/1 583/10/1 582/10/1
f 585/10/1 583/10/1 584/10/1
f 588/9/1 587/9/1 586/9/1
f 589/9/1 587/9/1 588/9/1
f 590/9/2 591/9/2 592/9/2
f 592/9/2 591/9/2 593/9/2
f 594/10/2 595/10/2 596/10/2
f 596/10/2 595/10/2 597/10/2
f 598/10/2 599/10/2 600/10/2
f 600/10/2 599/10/2 601/10/2
f 602/10/2 603/10/2 604/10/2
f 604/10/2 603/10/2 605/10/2
f 602/10/2 604/10/2 606/10/2
f 605/10/2 603/10/2 607/10/2
f 602/10/2 606/10/2 608/10/2
f 606/10/2 607/10/2 608/10/2
f 607/10/2 603/10/2 609/10/2
f 608/10/2 607/10/2 609/10/2
f 610/1/2 611/1/2 612/1/2
f 612/1/2 611/1/2 613/1/2
f 613/1/2 611/1/2 614/1/2
f 615/1/2 616/1/2 617/1/2
f 617/1/2 616/1/2 618/1/2
f 619/1/2 620/1/2 623/1/2
f 623/1/2 620/1/2 624/1/2
f 621/1/2 622/1/2 625/1/2
f 625/1/2 622/1/2 626/1/2
f 627/1/2 628/1/2 629/1/2
f 629/1/2 628/1/2 630/1/2
f 631/1/2 632/1/2 633/1/2
f 633/1/2 632/1/2 634/1/2
f 635/1/2 636/1/2 638/1/2
f 638/1/2 636/1/2 639/1/2
f 637/1/2 638/1/2 639/1/2
f 639/1/2 636/1/2 640/1/2
f 637/1/2 639/1/2 643/1/2
f 643/1/2 639/1/2 644/1/2
f 641/1/2 642/1/2 645/1/2
f 645/1/2 642/1/2 646/1/2
f 647/1/2 648/1/2 649/1/2
f 649/1/2 648/1/2 653/1/2
f 650/1/2 651/1/2 654/1/2
f 654/1/2 651/1/2 655/1/2
f 652/1/2 653/1/2 657/1/2
f 653/1/2 648/1/2 658/1/2
f 657/1/2 653/1/2 658/1/2
f 656/1/2 657/1/2 659/1/2
f 659/1/2 657/1/2 660/1/2
f 661/1/2 662/1/2 663/1/2
f 663/1/2 662/1/2 664/1/2
f 665/1/2 666/1/2 667/1/2
f 667/1/2 666/1/2 668/1/2
f 669/1/2 670/1/2 671/1/2
f 671/1/2 670/1/2 672/1/2
f 673/10/2 674/10/2 675/10/2
f 675/10/2 674/10/2 676/10/2
f 676/1/2 677/1/2 679/1/2
f 679/1/2 677/1/2 680/1/2
f 678/1/2 679/1/2 683/1/2
f 681/1/2 682/1/2 684/1/2
f 684/1/2 682/1/2 685/1/2
f 683/1/2 679/1/2 687/1/2
f 687/1/2 679/1/2 688/1/2
f 686/1/2 687/1/2 689/1/2
f 689/1/2 687/1/2 690/1/2
f 691/1/2 692/1/2 693/1/2
f 691/1/2 693/1/2 694/1/2
f 694/1/2 693/1/2 695/1/2
f 696/1/2 697/1/2 698/1/2
f 698/1/2 697/1/2 699/1/2
f 700/11/2 701/11/2 704/11/2
f 704/11/2 701/11/2 705/11/2
f 702/11/2 703/11/2 706/11/2
f 706/11/2 703/11/2 707/11/2
f 704/9/2 705/9/2 708/9/2
f 705/9/2 706/9/2 708/9/2
f 706/9/2 707/9/2 708/9/2
f 708/9/2 707/9/2 709/9/2
f 709/9/2 707/9/2 710/9/2
f 708/16/2 709/16/2 711/16/2
f 711/16/2 709/16/2 712/16/2
f 712/16/2 709/16/2 713/16/2
f 713/16/2 709/16/2 714/16/2
f 711/2/2 712/2/2 715/2/2
f 712/17/2 713/17/2 716/17/2
f 715/2/2 712/2/2 716/2/2
f 713/2/2 714/2/2 717/2/2
f 716/17/2 713/17/2 717/17/2
f 717/2/2 714/2/2 718/2/2
f 715/9/2 716/9/2 719/9/2
f 716/9/2 717/9/2 719/9/2
f 717/9/2 718/9/2 719/9/2
f 719/9/2 718/9/2 720/9/2
f 719/15/2 720/15/2 721/15/2
f 720/9/2 718/9/2 722/9/2
f 721/15/2 720/15/2 722/15/2
f 722/9/2 718/9/2 723/9/2
f 723/9/2 718/9/2 724/9/2
f 721/2/2 722/2/2 725/2/2
f 722/17/2 723/17/2 726/17/2
f 725/2/2 722/2/2 726/2/2
f 723/2/2 724/2/2 727/2/2
f 726/17/2 723/17/2 727/17/2
f 727/2/2 724/2/2 728/2/2
f 729/9/2 730/9/2 731/9/2
f 731/9/2 730/9/2 732/9/2
f 733/1/2 734/1/2 735/1/2
f 735/1/2 734/1/2 736/1/2
f 737/1/2 738/1/2 739/1/2
f 739/1/2 738/1/2 740/1/2
f 741/1/2 742/1/2 743/1/2
f 743/1/2 742/1/2 744/1/2
f 745/1/2 746/1/2 747/1/2
f 747/1/2 746/1/2 748/1/2
f 749/1/2 750/1/2 751/1/2
f 751/1/2 750/1/2 752/1/2
f 753/1/2 754/1/2 755/1/2
f 755/1/2 754/1/2 756/1/2
f 757/1/2 758/1/2 760/1/2
f 760/1/2 758/1/2 761/1/2
f 759/1/2 760/1/2 762/1/2
f 762/1/2 760/1/2 763/1/2
f 764/1/2 765/1/2 766/1/2
f 766/1/2 765/1/2 767/1/2
f 768/1/2 769/1/2 770/1/2
f 770/1/2 769/1/2 771/1/2
f 772/1/2 773/1/2 776/1/2
f 776/1/2 773/1/2 777/1/2
f 774/2/2 775/2/2 778/2/2
f 778/2/2 775/2/2 779/2/2
f 780/1/2 781/1/2 782/1/2
f 782/1/2 781/1/2 783/1/2
f 784/1/2 785/1/2 786/1/2
f 786/1/2 785/1/2 787/1/2
f 788/11/2 789/11/2 792/11/2
f 792/11/2 789/11/2 793/11/2
f 790/11/2 791/11/2 794/11/2
f 794/11/2 791/11/2 795/11/2
f 792/9/2 793/9/2 796/9/2
f 793/9/2 794/9/2 796/9/2
f 794/9/2 795/9/2 796/9/2
f 796/9/2 795/9/2 797/9/2
f 797/9/2 795/9/2 798/9/2
f 796/16/2 797/16/2 799/16/2
f 799/16/2 797/16/2 800/16/2
f 799/2/2 800/2/2 801/2/2
f 801/2/2 800/2/2 802/2/2
f 801/9/2 802/9/2 803/9/2
f 803/9/2 802/9/2 804/9/2
f 803/2/2 804/2/2 805/2/2
f 805/2/2 804/2/2 806/2/2
f 807/1/2 808/1/2 810/1/2
f 809/1/2 810/1/2 811/1/2
f 810/1/2 808/1/2 812/1/2
f 811/1/2 810/1/2 812/1/2
f 812/1/2 808/1/2 814/1/2
f 814/1/2 808/1/2 815/1/2
f 813/1/2 814/1/2 816/1/2
f 816/1/2 814/1/2 817/1/2
f 818/1/2 819/1/2 821/1/2
f 819/1/2 820/1/2 821/1/2
f 821/1/2 820/1/2 822/1/2
f 818/1/2 821/1/2 824/1/2
f 823/1/2 824/1/2 825/1/2
f 824/1/2 821/1/2 826/1/2
f 825/1/2 824/1/2 826/1/2
f 826/1/2 821/1/2 827/1/2
f 828/1/2 829/1/2 830/1/2
f 830/1/2 829/1/2 831/1/2
f 832/1/2 833/1/2 834/1/2
f 834/1/2 833/1/2 835/1/2
f 836/1/2 837/1/2 840/1/2
f 840/1/2 837/1/2 841/1/2
f 838/1/2 839/1/2 843/1/2
f 843/1/2 839/1/2 844/1/2
f 842/1/2 843/1/2 845/1/2
f 845/1/2 843/1/2 846/1/2
f 847/1/2 848/1/2 853/1/2
f 851/1/2 852/1/2 855/1/2
f 855/1/2 852/1/2 856/1/2
f 853/1/2 854/1/2 858/1/2
f 847/1/2 853/1/2 858/1/2
f 858/1/2 854/1/2 859/1/2
f 849/1/2 850/1/2 860/1/2
f 860/1/2 850/1/2 861/1/2
f 851/1/2 855/1/2 862/1/2
f 862/1/2 855/1/2 863/1/2
f 857/1/2 858/1/2 864/1/2
f 864/1/2 858/1/2 865/1/2
f 866/1/2 867/1/2 868/1/2
f 868/1/2 867/1/2 869/1/2
f 870/1/2 871/1/2 874/1/2
f 874/1/2 871/1/2 875/1/2
f 875/1/2 871/1/2 876/1/2
f 876/1/2 871/1/2 877/1/2
f 872/1/2 873/1/2 881/1/2
f 881/1/2 873/1/2 882/1/2
f 878/1/2 879/1/2 883/1/2
f 883/1/2 879/1/2 884/1/2
f 880/1/2 881/1/2 885/1/2
f 885/1/2 881/1/2 886/1/2
f 887/9/2 888/9/2 891/9/2
f 891/9/2 888/9/2 892/9/2
f 889/9/2 890/9/2 893/9/2
f 893/9/2 890/9/2 894/9/2
f 895/4/2 896/4/2 897/4/2
f 897/4/2 896/4/2 898/4/2
f 899/1/2 900/1/2 903/1/2
f 903/1/2 900/1/2 905/1/2
f 905/1/2 900/1/2 906/1/2
f 901/1/2 902/1/2 908/1/2
f 908/1/2 902/1/2 909/1/2
f 907/1/2 908/1/2 909/1/2
f 909/1/2 902/1/2 910/1/2
f 907/1/2 909/1/2 911/1/2
f 911/1/2 909/1/2 912/1/2
f 904/1/2 905/1/2 913/1/2
f 913/1/2 905/1/2 914/1/2
f 915/1/2 916/1/2 919/1/2
f 919/1/2 916/1/2 920/1/2
f 917/1/2 918/1/2 923/1/2
f 920/1/2 921/1/2 925/1/2
f 925/1/2 921/1/2 926/1/2
f 926/1/2 921/1/2 927/1/2
f 922/1/2 923/1/2 928/1/2
f 923/1/2 918/1/2 929/1/2
f 928/1/2 923/1/2 929/1/2
f 924/1/2 925/1/2 931/1/2
f 925/1/2 926/1/2 931/1/2
f 931/1/2 926/1/2 932/1/2
f 929/1/2 930/1/2 933/1/2
f 933/1/2 930/1/2 934/1/2
f 932/1/2 926/1/2 937/1/2
f 937/1/2 926/1/2 938/1/2
f 935/1/2 936/1/2 939/1/2
f 939/1/2 936/1/2 940/1/2
f 941/1/2 942/1/2 943/1/2
f 943/1/2 942/1/2 944/1/2
f 945/1/2 946/1/2 949/1/2
f 949/1/2 946/1/2 950/1/2
f 947/1/2 948/1/2 951/1/2
f 947/1/2 951/1/2 955/1/2
f 951/1/2 952/1/2 955/1/2
f 955/1/2 952/1/2 956/1/2
f 953/1/2 954/1/2 959/1/2
f 959/1/2 954/1/2 960/1/2
f 957/1/2 958/1/2 961/1/2
f 961/1/2 958/1/2 962/1/2
f 963/10/2 964/10/2 965/10/2
f 965/10/2 964/10/2 966/10/2
f 967/10/2 968/10/2 969/10/2
f 969/10/2 968/10/2 970/10/2
f 971/10/2 972/10/2 973/10/2
f 973/10/2 972/10/2 974/10/2
f 975/1/2 976/1/2 978/1/2
f 978/1/2 976/1/2 979/1/2
f 980/1/2 981/1/2 982/1/2
f 977/1/2 978/1/2 983/1/2
f 983/1/2 978/1/2 984/1/2
f 980/1/2 982/1/2 985/1/2
f 982/1/2 983/1/2 985/1/2
f 985/1/2 983/1/2 986/1/2
f 986/1/2 983/1/2 987/1/2
f 987/1/2 983/1/2 988/1/2
f 988/1/2 983/1/2 989/1/2
f 989/1/2 983/1/2 990/1/2
f 986/1/2 987/1/2 991/1/2
f 991/1/2 987/1/2 992/1/2
f 988/1/2 989/1/2 993/1/2
f 993/1/2 989/1/2 994/1/2
f 995/1/2 996/1/2 999/1/2
f 999/1/2 996/1/2 1000/1/2
f 1000/1/2 996/1/2 1001/1/2
f 997/1/2 998/1/2 1003/1/2
f 995/1/2 999/1/2 1004/1/2
f 1004/1/2 999/1/2 1005/1/2
f 1001/1/2 1002/1/2 1007/1/2
f 1000/1/2 1001/1/2 1007/1/2
f 1007/1/2 1002/1/2 1008/1/2
f 1005/1/2 1006/1/2 1009/1/2
f 997/1/2 1003/1/2 1009/1/2
f 1004/1/2 1005/1/2 1009/1/2
f 1003/1/2 1004/1/2 1009/1/2
f 1009/1/2 1006/1/2 1010/1/2
f 1010/1/2 1006/1/2 1011/1/2
f 1011/1/2 1006/1/2 1012/1/2
f 1010/1/2 1011/1/2 1013/1/2
f 1013/1/2 1011/1/2 1014/1/2
f 997/1/2 1009/1/2 1015/1/2
f 1015/1/2 1009/1/2 1016/1/2
f 997/1/2 1015/1/2 1019/1/2
f 997/1/2 1019/1/2 1022/1/2
f 1019/1/2 1020/1/2 1022/1/2
f 1022/1/2 1020/1/2 1023/1/2
f 1017/1/2 1018/1/2 1026/1/2
f 1026/1/2 1018/1/2 1027/1/2
f 1023/1/2 1024/1/2 1028/1/2
f 1021/1/2 1022/1/2 1028/1/2
f 1022/1/2 1023/1/2 1028/1/2
f 1028/1/2 1024/1/2 1029/1/2
f 1029/1/2 1024/1/2 1030/1/2
f 1025/1/2 1026/1/2 1033/1/2
f 1030/1/2 1031/1/2 1034/1/2
f 1029/1/2 1030/1/2 1034/1/2
f 1034/1/2 1031/1/2 1035/1/2
f 1032/1/2 1033/1/2 1036/1/2
f 1033/1/2 1026/1/2 1036/1/2
f 1036/1/2 1026/1/2 1037/1/2
f 1032/1/2 1036/1/2 1039/1/2
f 1039/1/2 1036/1/2 1040/1/2
f 1038/1/2 1039/1/2 1041/1/2
f 1041/1/2 1039/1/2 1042/1/2
f 1043/9/2 1044/9/2 1047/9/2
f 1047/9/2 1044/9/2 1048/9/2
f 1045/9/2 1046/9/2 1049/9/2
f 1049/9/2 1046/9/2 1050/9/2
f 1051/10/2 1052/10/2 1053/10/2
f 1053/10/2 1052/10/2 1054/10/2
f 1055/10/2 1056/10/2 1057/10/2
f 1057/10/2 1056/10/2 1058/10/2
f 1059/10/2 1060/10/2 1061/10/2
f 1061/10/2 1060/10/2 1062/10/2
f 1063/1/2 1064/1/2 1065/1/2
f 1065/1/2 1064/1/2 1066/1/2
f 1066/1/2 1064/1/2 1067/1/2
f 1067/1/2 1068/1/2 1072/1/2
f 1066/1/2 1067/1/2 1072/1/2
f 1069/1/2 1070/1/2 1073/1/2
f 1071/1/2 1072/1/2 1074/1/2
f 1069/1/2 1073/1/2 1076/1/2
f 1073/1/2 1074/1/2 1076/1/2
f 1074/1/2 1072/1/2 1077/1/2
f 1072/1/2 1068/1/2 1077/1/2
f 1076/1/2 1074/1/2 1077/1/2
f 1077/1/2 1068/1/2 1078/1/2
f 1075/1/2 1076/1/2 1079/1/2
f 1076/1/2 1077/1/2 1079/1/2
f 1079/1/2 1077/1/2 1080/1/2
f 1080/1/2 1077/1/2 1081/1/2
f 1081/1/2 1077/1/2 1082/1/2
f 1080/1/2 1081/1/2 1083/1/2
f 1083/1/2 1081/1/2 1084/1/2
f 1082/1/2 1077/1/2 1085/1/2
f 1085/1/2 1077/1/2 1086/1/2
f 1084/1/2 1081/1/2 1087/1/2
f 1087/1/2 1081/1/2 1088/1/2
f 1088/1/2 1081/1/2 1089/1/2
f 1082/1/2 1085/1/2 1090/1/2
f 1090/1/2 1085/1/2 1091/1/2
f 1088/1/2 1089/1/2 1092/1/2
f 1089/1/2 1090/1/2 1092/1/2
f 1092/1/2 1090/1/2 1093/1/2
f 1094/9/2 1095/9/2 1098/9/2
f 1098/9/2 1095/9/2 1099/9/2
f 1096/9/2 1097/9/2 1100/9/2
f 1100/9/2 1097/9/2 1101/9/2
f 1102/10/2 1103/10/2 1104/10/2
f 1104/10/2 1103/10/2 1105/10/2
f 1106/10/2 1107/10/2 1108/10/2
f 1108/10/2 1107/10/2 1109/10/2
f 1109/10/2 1107/10/2 1110/10/2
f 1110/10/2 1107/10/2 1111/10/2
f 1106/10/2 1108/10/2 1112/10/2
f 1109/10/2 1110/10/2 1113/10/2
f 1106/10/2 1112/10/2 1114/10/2
f 1112/10/2 1113/10/2 1114/10/2
f 1113/10/2 1110/10/2 1115/10/2
f 1114/10/2 1113/10/2 1115/10/2
f 1116/1/2 1117/1/2 1118/1/2
f 1118/1/2 1117/1/2 1119/1/2
f 1120/9/2 1121/9/2 1122/9/2
f 1122/9/2 1121/9/2 1123/9/2
f 1124/10/2 1125/10/2 1126/10/2
f 1126/10/2 1125/10/2 1127/10/2
f 1128/10/2 1129/10/2 1130/10/2
f 1130/10/2 1129/10/2 1131/10/2
f 1132/13/2 1133/13/2 1134/13/2
f 1134/13/2 1133/13/2 1135/13/2
f 1135/13/2 1133/13/2 1136/13/2
f 1134/7/2 1135/7/2 1137/7/2
f 1135/6/2 1136/6/2 1138/6/2
f 1137/7/2 1135/7/2 1138/7/2
f 1138/6/2 1136/6/2 1139/6/2
f 1137/10/2 1138/10/2 1140/10/2
f 1138/10/2 1139/10/2 1140/10/2
f 1140/10/2 1139/10/2 1141/10/2
f 1142/11/2 1143/11/2 1144/11/2
f 1144/11/2 1143/11/2 1145/11/2
f 1142/11/2 1144/11/2 1146/11/2
f 1145/11/2 1143/11/2 1147/11/2
f 1142/11/2 1146/11/2 1148/11/2
f 1146/11/2 1147/11/2 1148/11/2
f 1147/11/2 1143/11/2 1149/11/2
f 1148/11/2 1147/11/2 1149/11/2
f 1150/9/2 1151/9/2 1152/9/2
f 1152/9/2 1151/9/2 1153/9/2
f 1153/9/2 1151/9/2 1154/9/2
f 1155/9/2 1156/9/2 1157/9/2
f 1157/9/2 1156/9/2 1158/9/2
f 1163/13/3 1160/13/3 1159/13/3
f 1163/6/3 1161/6/3 1160/6/3
f 1164/10/3 1162/10/3 1161/10/3
f 1164/6/3 1161/6/3 1163/6/3
f 1169/1/3 1166/1/3 1165/1/3
f 1170/1/3 1166/1/3 1169/1/3
f 1171/1/3 1168/1/3 1167/1/3
f 1172/1/3 1168/1/3 1171/1/3
f 1175/13/3 1163/13/3 1159/13/3
f 1175/7/3 1164/7/3 1163/7/3
f 1176/10/3 1162/10/3 1164/10/3
f 1176/7/3 1164/7/3 1175/7/3
f 1177/1/3 1174/1/3 1173/1/3
f 1178/1/3 1174/1/3 1177/1/3
f 1182/1/3 1180/1/3 1179/1/3
f 1183/1/3 1182/1/3 1181/1/3
f 1184/1/3 1182/1/3 1183/1/3
f 1185/1/3 1180/1/3 1182/1/3
f 1185/1/3 1182/1/3 1184/1/3
f 1186/1/3 1180/1/3 1185/1/3
f 1189/1/3 1185/1/3 1184/1/3
f 1190/1/3 1185/1/3 1189/1/3
f 1191/1/3 1188/1/3 1187/1/3
f 1192/1/3 1188/1/3 1191/1/3
f 1193/13/3 1175/13/3 1159/13/3
f 1193/6/3 1176/6/3 1175/6/3
f 1194/10/3 1162/10/3 1176/10/3
f 1194/6/3 1176/6/3 1193/6/3
f 1195/13/3 1193/13/3 1159/13/3
f 1196/7/3 1194/7/3 1193/7/3
f 1196/13/3 1193/13/3 1195/13/3
f 1197/10/3 1162/10/3 1194/10/3
f 1197/7/3 1194/7/3 1196/7/3
f 1198/10/3 1162/10/3 1197/10/3
f 1210/1/3 1202/1/3 1201/1/3
f 1211/1/3 1202/1/3 1210/1/3
f 1212/1/3 1202/1/3 1211/1/3
f 1214/1/3 1204/1/3 1203/1/3
f 1215/1/3 1204/1/3 1214/1/3
f 1216/1/3 1206/1/3 1205/1/3
f 1217/1/3 1206/1/3 1216/1/3
f 1219/1/3 1208/1/3 1207/1/3
f 1220/1/3 1208/1/3 1219/1/3
f 1221/1/3 1208/1/3 1220/1/3
f 1222/1/3 1210/1/3 1209/1/3
f 1222/1/3 1211/1/3 1210/1/3
f 1223/1/3 1211/1/3 1222/1/3
f 1224/1/3 1213/1/3 1212/1/3
f 1226/1/3 1214/1/3 1203/1/3
f 1227/1/3 1214/1/3 1226/1/3
f 1228/1/3 1216/1/3 1215/1/3
f 1229/1/3 1216/1/3 1228/1/3
f 1230/1/3 1219/1/3 1218/1/3
f 1231/1/3 1219/1/3 1230/1/3
f 1232/1/3 1224/1/3 1223/1/3
f 1232/1/3 1223/1/3 1222/1/3
f 1232/1/3 1221/1/3 1220/1/3
f 1232/1/3 1222/1/3 1221/1/3
f 1233/1/3 1231/1/3 1230/1/3
f 1233/1/3 1232/1/3 1231/1/3
f 1233/1/3 1224/1/3 1232/1/3
f 1233/1/3 1230/1/3 1229/1/3
f 1233/1/3 1228/1/3 1227/1/3
f 1233/1/3 1229/1/3 1228/1/3
f 1234/1/3 1224/1/3 1233/1/3
f 1235/1/3 1226/1/3 1225/1/3
f 1236/1/3 1226/1/3 1235/1/3
f 1237/1/3 1233/1/3 1227/1/3
f 1238/1/3 1233/1/3 1237/1/3
f 1239/1/3 1224/1/3 1234/1/3
f 1240/1/3 1238/1/3 1237/1/3
f 1240/1/3 1239/1/3 1238/1/3
f 1240/1/3 1237/1/3 1236/1/3
f 1241/1/3 1239/1/3 1240/1/3
f 1242/1/3 1240/1/3 1236/1/3
f 1243/1/3 1240/1/3 1242/1/3
f 1244/1/3 1242/1/3 1236/1/3
f 1245/1/3 1242/1/3 1244/1/3
f 1246/1/3 1242/1/3 1245/1/3
f 1249/1/3 1239/1/3 1241/1/3
f 1250/1/3 1213/1/3 1224/1/3
f 1250/1/3 1224/1/3 1239/1/3
f 1250/1/3 1239/1/3 1249/1/3
f 1251/1/3 1213/1/3 1250/1/3
f 1252/1/3 1247/1/3 1246/1/3
f 1252/1/3 1246/1/3 1245/1/3
f 1253/1/3 1247/1/3 1252/1/3
f 1254/1/3 1249/1/3 1248/1/3
f 1254/1/3 1250/1/3 1249/1/3
f 1255/1/3 1250/1/3 1254/1/3
f 1257/1/3 1256/1/3 1255/1/3
f 1257/1/3 1255/1/3 1254/1/3
f 1258/1/3 1256/1/3 1257/1/3
f 1259/1/3 1256/1/3 1258/1/3
f 1260/1/3 1256/1/3 1259/1/3
f 1261/1/3 1256/1/3 1260/1/3
f 1262/1/3 1256/1/3 1261/1/3
f 1263/1/3 1259/1/3 1258/1/3
f 1264/1/3 1259/1/3 1263/1/3
f 1265/1/3 1261/1/3 1260/1/3
f 1266/1/3 1261/1/3 1265/1/3
f 1267/1/3 1261/1/3 1266/1/3
f 1268/1/3 1261/1/3 1267/1/3
f 1269/10/3 1200/10/3 1199/10/3
f 1270/10/3 1200/10/3 1269/10/3
f 1279/1/3 1276/1/3 1275/1/3
f 1280/1/3 1276/1/3 1279/1/3
f 1285/1/3 1278/1/3 1277/1/3
f 1286/1/3 1278/1/3 1285/1/3
f 1290/1/3 1274/1/3 1273/1/3
f 1291/1/3 1274/1/3 1290/1/3
f 1292/1/3 1282/1/3 1281/1/3
f 1293/1/3 1282/1/3 1292/1/3
f 1297/1/3 1286/1/3 1285/1/3
f 1298/1/3 1286/1/3 1297/1/3
f 1299/1/3 1288/1/3 1287/1/3
f 1300/1/3 1288/1/3 1299/1/3
f 1301/1/3 1288/1/3 1300/1/3
f 1302/1/3 1290/1/3 1289/1/3
f 1303/1/3 1290/1/3 1302/1/3
f 1307/1/3 1295/1/3 1294/1/3
f 1308/1/3 1295/1/3 1307/1/3
f 1309/1/3 1297/1/3 1296/1/3
f 1310/1/3 1297/1/3 1309/1/3
f 1311/1/3 1299/1/3 1298/1/3
f 1311/1/3 1300/1/3 1299/1/3
f 1312/1/3 1300/1/3 1311/1/3
f 1314/1/3 1305/1/3 1304/1/3
f 1315/1/3 1305/1/3 1314/1/3
f 1316/1/3 1307/1/3 1306/1/3
f 1317/1/3 1315/1/3 1314/1/3
f 1317/1/3 1316/1/3 1315/1/3
f 1317/1/3 1314/1/3 1313/1/3
f 1318/1/3 1316/1/3 1317/1/3
f 1319/1/3 1307/1/3 1316/1/3
f 1319/1/3 1316/1/3 1318/1/3
f 1320/1/3 1309/1/3 1308/1/3
f 1321/1/3 1309/1/3 1320/1/3
f 1322/1/3 1317/1/3 1313/1/3
f 1323/1/3 1319/1/3 1318/1/3
f 1323/1/3 1320/1/3 1319/1/3
f 1326/1/3 1323/1/3 1322/1/3
f 1326/1/3 1322/1/3 1313/1/3
f 1327/1/3 1320/1/3 1323/1/3
f 1327/1/3 1323/1/3 1326/1/3
f 1330/1/3 1320/1/3 1327/1/3
f 1331/1/3 1320/1/3 1330/1/3
f 1332/1/3 1320/1/3 1331/1/3
f 1334/1/3 1329/1/3 1328/1/3
f 1335/1/3 1329/1/3 1334/1/3
f 1336/1/3 1333/1/3 1332/1/3
f 1336/1/3 1332/1/3 1331/1/3
f 1337/1/3 1333/1/3 1336/1/3
f 1338/1/3 1333/1/3 1337/1/3
f 1341/1/3 1338/1/3 1337/1/3
f 1342/1/3 1338/1/3 1341/1/3
f 1344/1/3 1340/1/3 1339/1/3
f 1345/1/3 1340/1/3 1344/1/3
f 1349/1/3 1325/1/3 1324/1/3
f 1350/1/3 1325/1/3 1349/1/3
f 1351/9/3 1284/9/3 1283/9/3
f 1352/9/3 1284/9/3 1351/9/3
f 1353/1/3 1343/1/3 1342/1/3
f 1354/1/3 1343/1/3 1353/1/3
f 1355/1/3 1346/1/3 1345/1/3
f 1356/1/3 1346/1/3 1355/1/3
f 1357/1/3 1346/1/3 1356/1/3
f 1358/1/3 1348/1/3 1347/1/3
f 1359/1/3 1348/1/3 1358/1/3
f 1361/1/3 1357/1/3 1356/1/3
f 1361/1/3 1360/1/3 1359/1/3
f 1361/1/3 1359/1/3 1358/1/3
f 1361/1/3 1358/1/3 1357/1/3
f 1362/1/3 1360/1/3 1361/1/3
f 1363/10/3 1272/10/3 1271/10/3
f 1364/10/3 1272/10/3 1363/10/3
f 1372/1/3 1370/1/3 1369/1/3
f 1373/1/3 1370/1/3 1372/1/3
f 1374/1/3 1370/1/3 1373/1/3
f 1375/1/3 1370/1/3 1374/1/3
f 1382/1/3 1377/1/3 1376/1/3
f 1383/1/3 1377/1/3 1382/1/3
f 1386/9/3 1368/9/3 1367/9/3
f 1387/9/3 1368/9/3 1386/9/3
f 1390/1/3 1379/1/3 1378/1/3
f 1391/1/3 1379/1/3 1390/1/3
f 1392/1/3 1381/1/3 1380/1/3
f 1393/1/3 1381/1/3 1392/1/3
f 1394/1/3 1372/1/3 1371/1/3
f 1394/1/3 1373/1/3 1372/1/3
f 1395/1/3 1373/1/3 1394/1/3
f 1396/1/3 1375/1/3 1374/1/3
f 1397/1/3 1375/1/3 1396/1/3
f 1398/1/3 1385/1/3 1384/1/3
f 1401/1/3 1389/1/3 1388/1/3
f 1402/1/3 1389/1/3 1401/1/3
f 1403/1/3 1389/1/3 1402/1/3
f 1404/1/3 1399/1/3 1398/1/3
f 1404/1/3 1398/1/3 1384/1/3
f 1405/1/3 1399/1/3 1404/1/3
f 1407/1/3 1402/1/3 1401/1/3
f 1407/1/3 1401/1/3 1400/1/3
f 1408/1/3 1402/1/3 1407/1/3
f 1409/1/3 1402/1/3 1408/1/3
f 1410/1/3 1402/1/3 1409/1/3
f 1412/1/3 1407/1/3 1406/1/3
f 1413/1/3 1407/1/3 1412/1/3
f 1414/1/3 1409/1/3 1408/1/3
f 1415/1/3 1409/1/3 1414/1/3
f 1416/1/3 1404/1/3 1384/1/3
f 1417/1/3 1404/1/3 1416/1/3
f 1422/1/3 1419/1/3 1418/1/3
f 1423/1/3 1419/1/3 1422/1/3
f 1424/1/3 1421/1/3 1420/1/3
f 1425/1/3 1421/1/3 1424/1/3
f 1426/1/3 1412/1/3 1411/1/3
f 1427/1/3 1412/1/3 1426/1/3
f 1429/1/3 1428/1/3 1427/1/3
f 1430/1/3 1428/1/3 1429/1/3
f 1431/1/3 1428/1/3 1430/1/3
f 1433/1/3 1429/1/3 1427/1/3
f 1434/1/3 1429/1/3 1433/1/3
f 1435/1/3 1432/1/3 1431/1/3
f 1435/1/3 1431/1/3 1430/1/3
f 1436/1/3 1432/1/3 1435/1/3
f 1440/1/3 1437/1/3 1436/1/3
f 1441/1/3 1437/1/3 1440/1/3
f 1442/1/3 1439/1/3 1438/1/3
f 1443/1/3 1439/1/3 1442/1/3
f 1444/1/3 1439/1/3 1443/1/3
f 1450/1/3 1442/1/3 1441/1/3
f 1451/1/3 1442/1/3 1450/1/3
f 1453/1/3 1445/1/3 1444/1/3
f 1453/1/3 1444/1/3 1443/1/3
f 1454/1/3 1445/1/3 1453/1/3
f 1455/1/3 1445/1/3 1454/1/3
f 1456/1/3 1447/1/3 1446/1/3
f 1457/1/3 1447/1/3 1456/1/3
f 1458/1/3 1453/1/3 1452/1/3
f 1458/1/3 1454/1/3 1453/1/3
f 1459/1/3 1454/1/3 1458/1/3
f 1462/9/3 1449/9/3 1448/9/3
f 1463/9/3 1449/9/3 1462/9/3
f 1464/1/3 1461/1/3 1460/1/3
f 1465/1/3 1461/1/3 1464/1/3
f 1466/10/3 1366/10/3 1365/10/3
f 1467/10/3 1366/10/3 1466/10/3
f 1472/9/3 1469/9/3 1468/9/3
f 1473/9/3 1469/9/3 1472/9/3
f 1477/10/3 1471/10/3 1470/10/3
f 1480/10/3 1471/10/3 1477/10/3
f 1480/10/3 1477/10/3 1476/10/3
f 1482/1/3 1479/1/3 1478/1/3
f 1483/1/3 1479/1/3 1482/1/3
f 1484/1/3 1479/1/3 1483/1/3
f 1487/10/3 1480/10/3 1476/10/3
f 1488/1/3 1481/1/3 1480/1/3
f 1488/10/3 1480/10/3 1487/10/3
f 1489/1/3 1481/1/3 1488/1/3
f 1492/1/3 1484/1/3 1483/1/3
f 1493/1/3 1484/1/3 1492/1/3
f 1494/1/3 1486/1/3 1485/1/3
f 1495/1/3 1486/1/3 1494/1/3
f 1496/10/3 1487/10/3 1476/10/3
f 1497/10/3 1487/10/3 1496/10/3
f 1498/1/3 1491/1/3 1490/1/3
f 1499/1/3 1491/1/3 1498/1/3
f 1500/10/3 1496/10/3 1476/10/3
f 1501/10/3 1496/10/3 1500/10/3
f 1502/10/3 1500/10/3 1476/10/3
f 1503/10/3 1500/10/3 1502/10/3
f 1506/10/3 1502/10/3 1476/10/3
f 1507/10/3 1502/10/3 1506/10/3
f 1509/1/3 1505/1/3 1504/1/3
f 1510/1/3 1509/1/3 1508/1/3
f 1511/1/3 1505/1/3 1509/1/3
f 1511/1/3 1509/1/3 1510/1/3
f 1514/1/3 1505/1/3 1511/1/3
f 1515/1/3 1505/1/3 1514/1/3
f 1516/10/3 1513/10/3 1512/10/3
f 1518/10/3 1517/10/3 1516/10/3
f 1522/10/3 1519/10/3 1518/10/3
f 1525/1/3 1521/1/3 1520/1/3
f 1526/1/3 1521/1/3 1525/1/3
f 1529/10/3 1523/10/3 1522/10/3
f 1531/1/3 1525/1/3 1524/1/3
f 1532/1/3 1525/1/3 1531/1/3
f 1537/1/3 1528/1/3 1527/1/3
f 1538/1/3 1528/1/3 1537/1/3
f 1541/10/3 1475/10/3 1474/10/3
f 1542/10/3 1475/10/3 1541/10/3
f 1543/10/3 1516/10/3 1512/10/3
f 1543/10/3 1518/10/3 1516/10/3
f 1543/10/3 1522/10/3 1518/10/3
f 1543/10/3 1530/10/3 1529/10/3
f 1543/10/3 1529/10/3 1522/10/3
f 1544/10/3 1530/10/3 1543/10/3
f 1545/1/3 1534/1/3 1533/1/3
f 1546/1/3 1534/1/3 1545/1/3
f 1547/1/3 1536/1/3 1535/1/3
f 1548/1/3 1536/1/3 1547/1/3
f 1549/9/3 1540/9/3 1539/9/3
f 1550/9/3 1540/9/3 1549/9/3
f 1551/10/3 1530/10/3 1544/10/3
f 1552/10/3 1530/10/3 1551/10/3
f 1555/9/3 1554/9/3 1553/9/3
f 1556/9/3 1554/9/3 1555/9/3
f 1565/1/3 1558/1/3 1557/1/3
f 1566/1/3 1558/1/3 1565/1/3
f 1567/1/3 1564/1/3 1563/1/3
f 1568/1/3 1564/1/3 1567/1/3
f 1571/1/3 1570/1/3 1569/1/3
f 1572/1/3 1570/1/3 1571/1/3
f 1573/10/3 1562/10/3 1561/10/3
f 1574/10/3 1562/10/3 1573/10/3
f 1575/13/3 1574/13/3 1573/13/3
f 1576/13/3 1574/13/3 1575/13/3
f 1577/10/3 1576/10/3 1575/10/3
f 1578/10/3 1576/10/3 1577/10/3
f 1579/13/3 1578/13/3 1577/13/3
f 1580/13/3 1578/13/3 1579/13/3
f 1583/1/3 1582/1/3 1581/1/3
f 1584/1/3 1582/1/3 1583/1/3
f 1585/10/3 1560/10/3 1559/10/3
f 1586/10/3 1560/10/3 1585/10/3
f 1587/10/3 1580/10/3 1579/10/3
f 1588/10/3 1580/10/3 1587/10/3
f 1591/1/3 1590/1/3 1589/1/3
f 1592/1/3 1590/1/3 1591/1/3
f 1595/11/3 1594/11/3 1593/11/3
f 1596/11/3 1594/11/3 1595/11/3
f 1597/10/3 1596/10/3 1595/10/3
f 1598/10/3 1596/10/3 1597/10/3
f 1599/10/3 1596/10/3 1598/10/3
f 1600/10/3 1596/10/3 1599/10/3
f 1601/10/3 1599/10/3 1598/10/3
f 1602/10/3 1599/10/3 1601/10/3
f 1607/1/3 1604/1/3 1603/1/3
f 1608/1/3 1604/1/3 1607/1/3
f 1609/1/3 1606/1/3 1605/1/3
f 1610/1/3 1606/1/3 1609/1/3
f 1616/1/3 1611/1/3 1610/1/3
f 1617/1/3 1611/1/3 1616/1/3
f 1618/1/3 1615/1/3 1614/1/3
f 1619/1/3 1615/1/3 1618/1/3
f 1625/1/3 1621/1/3 1620/1/3
f 1626/1/3 1621/1/3 1625/1/3
f 1627/4/3 1613/4/3 1612/4/3
f 1628/14/3 1623/14/3 1622/14/3
f 1629/1/3 1624/1/3 1623/1/3
f 1629/14/3 1623/14/3 1628/14/3
f 1630/1/3 1624/1/3 1629/1/3
f 1631/4/3 1627/4/3 1612/4/3
f 1632/4/3 1631/4/3 1612/4/3
f 1633/4/3 1632/4/3 1612/4/3
f 1636/1/3 1635/1/3 1634/1/3
f 1637/1/3 1635/1/3 1636/1/3
f 1638/4/3 1633/4/3 1612/4/3
f 1639/4/3 1633/4/3 1638/4/3
f 1642/1/3 1641/1/3 1640/1/3
f 1643/1/3 1641/1/3 1642/1/3
f 1647/10/3 1645/10/3 1644/10/3
f 1648/10/3 1645/10/3 1647/10/3
f 1650/10/3 1647/10/3 1646/10/3
f 1650/10/3 1649/10/3 1648/10/3
f 1650/10/3 1648/10/3 1647/10/3
f 1651/10/3 1649/10/3 1650/10/3
f 1652/11/3 1651/11/3 1650/11/3
f 1653/11/3 1651/11/3 1652/11/3
f 1657/9/3 1655/9/3 1654/9/3
f 1658/9/3 1657/9/3 1656/9/3
f 1659/9/3 1655/9/3 1657/9/3
f 1659/9/3 1657/9/3 1658/9/3
f 1660/3/3 1659/3/3 1658/3/3
f 1661/3/3 1659/3/3 1660/3/3
f 1662/2/3 1661/2/3 1660/2/3
f 1663/2/3 1661/2/3 1662/2/3
f 1664/7/3 1663/7/3 1662/7/3
f 1665/7/3 1663/7/3 1664/7/3
f 1666/13/3 1665/13/3 1664/13/3
f 1667/13/3 1665/13/3 1666/13/3
f 1670/10/3 1669/10/3 1668/10/3
f 1671/10/3 1669/10/3 1670/10/3
f 1674/1/3 1673/1/3 1672/1/3
f 1675/1/3 1673/1/3 1674/1/3
f 1684/11/3 1677/11/3 1676/11/3
f 1685/9/3 1678/9/3 1677/9/3
f 1685/11/3 1677/11/3 1684/11/3
f 1686/16/3 1679/16/3 1678/16/3
f 1686/9/3 1678/9/3 1685/9/3
f 1687/2/3 1680/2/3 1679/2/3
f 1687/16/3 1679/16/3 1686/16/3
f 1688/9/3 1681/9/3 1680/9/3
f 1688/2/3 1680/2/3 1687/2/3
f 1689/15/3 1682/15/3 1681/15/3
f 1689/9/3 1681/9/3 1688/9/3
f 1690/2/3 1683/2/3 1682/2/3
f 1690/15/3 1682/15/3 1689/15/3
f 1691/2/3 1683/2/3 1690/2/3
f 1699/11/3 1693/11/3 1692/11/3
f 1700/9/3 1694/9/3 1693/9/3
f 1700/11/3 1693/11/3 1699/11/3
f 1701/16/3 1695/16/3 1694/16/3
f 1701/9/3 1694/9/3 1700/9/3
f 1702/2/3 1696/2/3 1695/2/3
f 1702/16/3 1695/16/3 1701/16/3
f 1703/9/3 1697/9/3 1696/9/3
f 1703/2/3 1696/2/3 1702/2/3
f 1704/2/3 1698/2/3 1697/2/3
f 1704/9/3 1697/9/3 1703/9/3
f 1705/2/3 1698/2/3 1704/2/3
f 1714/1/3 1707/1/3 1706/1/3
f 1714/1/3 1708/1/3 1707/1/3
f 1715/1/3 1708/1/3 1714/1/3
f 1716/1/3 1708/1/3 1715/1/3
f 1717/1/3 1710/1/3 1709/1/3
f 1718/1/3 1710/1/3 1717/1/3
f 1719/1/3 1712/1/3 1711/1/3
f 1720/1/3 1712/1/3 1719/1/3
f 1721/1/3 1714/1/3 1713/1/3
f 1721/1/3 1715/1/3 1714/1/3
f 1722/1/3 1715/1/3 1721/1/3
f 1727/9/3 1724/9/3 1723/9/3
f 1728/9/3 1724/9/3 1727/9/3
f 1729/10/3 1726/10/3 1725/10/3
f 1730/10/3 1726/10/3 1729/10/3
f 1733/13/3 1732/13/3 1731/13/3
f 1734/13/3 1732/13/3 1733/13/3
f 1735/7/3 1734/7/3 1733/7/3
f 1736/7/3 1734/7/3 1735/7/3
f 1737/2/3 1736/2/3 1735/2/3
f 1738/2/3 1736/2/3 1737/2/3
f 1739/9/3 1738/9/3 1737/9/3
f 1740/9/3 1738/9/3 1739/9/3
f 1741/9/3 1738/9/3 1740/9/3
f 1742/9/3 1738/9/3 1741/9/3
f 1745/1/3 1744/1/3 1743/1/3
f 1746/1/3 1744/1/3 1745/1/3
f 1749/1/3 1748/1/3 1747/1/3
f 1750/1/3 1748/1/3 1749/1/3
f 1753/1/3 1752/1/3 1751/1/3
f 1754/1/3 1752/1/3 1753/1/3
f 1757/1/3 1756/1/3 1755/1/3
f 1758/1/3 1756/1/3 1757/1/3
f 1761/1/3 1760/1/3 1759/1/3
f 1762/1/3 1760/1/3 1761/1/3
f 1765/1/3 1764/1/3 1763/1/3
f 1766/1/3 1764/1/3 1765/1/3
f 1769/1/3 1768/1/3 1767/1/3
f 1770/1/3 1768/1/3 1769/1/3
f 1773/1/3 1772/1/3 1771/1/3
f 1774/1/3 1772/1/3 1773/1/3
f 1775/1/3 1773/1/3 1771/1/3
f 1776/1/3 1773/1/3 1775/1/3
f 1779/1/3 1778/1/3 1777/1/3
f 1780/1/3 1778/1/3 1779/1/3
f 1785/1/3 1784/1/3 1783/1/3
f 1786/1/3 1784/1/3 1785/1/3
f 1787/11/3 1782/11/3 1781/11/3
f 1788/11/3 1782/11/3 1787/11/3
f 1791/11/3 1790/11/3 1789/11/3
f 1792/11/3 1790/11/3 1791/11/3
f 1793/1/4 1794/1/4 1795/1/4
f 1795/1/4 1794/1/4 1796/1/4
f 1797/1/4 1798/1/4 1799/1/4
f 1799/1/4 1798/1/4 1800/1/4
f 1801/1/4 1802/1/4 1805/1/4
f 1805/1/4 1802/1/4 1806/1/4
f 1803/1/4 1804/1/4 1807/1/4
f 1807/1/4 1804/1/4 1808/1/4
f 1809/1/4 1810/1/4 1811/1/4
f 1811/1/4 1810/1/4 1812/1/4
f 1813/1/4 1814/1/4 1815/1/4
f 1815/1/4 1814/1/4 1816/1/4
f 1817/1/4 1818/1/4 1819/1/4
f 1819/1/4 1818/1/4 1820/1/4
f 1821/1/4 1822/1/4 1825/1/4
f 1823/1/4 1824/1/4 1826/1/4
f 1826/1/4 1824/1/4 1827/1/4
f 1825/1/4 1822/1/4 1828/1/4
f 1828/1/4 1822/1/4 1829/1/4
f 1830/1/4 1831/1/4 1832/1/4
f 1832/1/4 1831/1/4 1833/1/4
f 1834/1/4 1835/1/4 1836/1/4
f 1836/1/4 1835/1/4 1837/1/4
f 1834/1/4 1836/1/4 1838/1/4
f 1838/1/4 1836/1/4 1839/1/4
f 1840/1/4 1841/1/4 1842/1/4
f 1842/1/4 1841/1/4 1843/1/4
f 1843/1/4 1844/1/4 1845/1/4
f 1845/1/4 1844/1/4 1846/1/4
f 1846/1/4 1847/1/4 1850/1/4
f 1850/1/4 1847/1/4 1851/1/4
f 1848/11/4 1849/11/4 1852/11/4
f 1852/11/4 1849/11/4 1853/11/4
f 1854/11/4 1855/11/4 1856/11/4
f 1856/11/4 1855/11/4 1857/11/4
f 1858/1/4 1859/1/4 1861/1/4
f 1861/1/4 1859/1/4 1862/1/4
f 1860/1/4 1861/1/4 1864/1/4
f 1864/1/4 1861/1/4 1865/1/4
f 1863/1/4 1864/1/4 1866/1/4
f 1866/1/4 1864/1/4 1867/1/4
f 1868/9/4 1869/9/4 1870/9/4
f 1870/9/4 1869/9/4 1872/9/4
f 1871/9/4 1872/9/4 1873/9/4
f 1872/9/4 1869/9/4 1874/9/4
f 1873/9/4 1872/9/4 1874/9/4
f 1873/3/4 1874/3/4 1875/3/4
f 1875/3/4 1874/3/4 1876/3/4
f 1875/2/4 1876/2/4 1877/2/4
f 1877/2/4 1876/2/4 1878/2/4
f 1877/7/4 1878/7/4 1879/7/4
f 1879/7/4 1878/7/4 1880/7/4
f 1879/13/4 1880/13/4 1881/13/4
f 1881/13/4 1880/13/4 1882/13/4
f 1883/10/4 1884/10/4 1885/10/4
f 1885/10/4 1884/10/4 1886/10/4
f 1887/1/4 1888/1/4 1891/1/4
f 1891/1/4 1888/1/4 1892/1/4
f 1889/1/4 1890/1/4 1893/1/4
f 1893/1/4 1890/1/4 1894/1/4
f 1900/1/4 1901/1/4 1902/1/4
f 1902/1/4 1901/1/4 1903/1/4
f 1895/16/4 1896/16/4 1904/16/4
f 1896/2/4 1897/2/4 1905/2/4
f 1904/16/4 1896/16/4 1905/16/4
f 1897/9/4 1898/9/4 1906/9/4
f 1905/2/4 1897/2/4 1906/2/4
f 1898/2/4 1899/2/4 1907/2/4
f 1906/9/4 1898/9/4 1907/9/4
f 1907/2/4 1899/2/4 1908/2/4
f 1909/16/4 1910/16/4 1916/16/4
f 1910/2/4 1911/2/4 1917/2/4
f 1916/16/4 1910/16/4 1917/16/4
f 1911/9/4 1912/9/4 1918/9/4
f 1917/2/4 1911/2/4 1918/2/4
f 1912/2/4 1913/2/4 1919/2/4
f 1918/9/4 1912/9/4 1919/9/4
f 1919/2/4 1913/2/4 1920/2/4
f 1914/1/4 1915/1/4 1921/1/4
f 1921/1/4 1915/1/4 1922/1/4
f 1923/1/4 1924/1/4 1927/1/4
f 1927/1/4 1924/1/4 1928/1/4
f 1925/1/4 1926/1/4 1929/1/4
f 1929/1/4 1926/1/4 1930/1/4
f 1931/1/4 1932/1/4 1933/1/4
f 1933/1/4 1932/1/4 1934/1/4
f 1935/10/4 1936/10/4 1937/10/4
f 1937/10/4 1936/10/4 1938/10/4
f 1939/13/4 1940/13/4 1941/13/4
f 1941/13/4 1940/13/4 1942/13/4
f 1941/7/4 1942/7/4 1943/7/4
f 1943/7/4 1942/7/4 1944/7/4
f 1943/2/4 1944/2/4 1945/2/4
f 1945/2/4 1944/2/4 1946/2/4
f 1945/9/4 1946/9/4 1947/9/4
f 1947/9/4 1946/9/4 1948/9/4
f 1948/9/4 1946/9/4 1949/9/4
f 1949/9/4 1946/9/4 1950/9/4
f 1950/9/4 1946/9/4 1951/9/4
f 1952/9/4 1953/9/4 1954/9/4
f 1954/9/4 1953/9/4 1955/9/4
f 1956/11/4 1957/11/4 1958/11/4
f 1958/11/4 1957/11/4 1959/11/4
f 1958/10/4 1959/10/4 1960/10/4
f 1960/10/4 1959/10/4 1961/10/4
f 1961/10/4 1959/10/4 1962/10/4
f 1962/10/4 1959/10/4 1963/10/4
f 1961/10/4 1962/10/4 1964/10/4
f 1964/10/4 1962/10/4 1965/10/4
f 1966/9/4 1967/9/4 1968/9/4
f 1968/9/4 1967/9/4 1969/9/4
f 1970/1/4 1971/1/4 1975/1/4
f 1975/1/4 1971/1/4 1976/1/4
f 1972/1/4 1973/1/4 1977/1/4
f 1977/1/4 1973/1/4 1978/1/4
f 1974/1/4 1975/1/4 1983/1/4
f 1983/1/4 1975/1/4 1984/1/4
f 1978/1/4 1979/1/4 1985/1/4
f 1985/1/4 1979/1/4 1986/1/4
f 1982/1/4 1983/1/4 1988/1/4
f 1988/1/4 1983/1/4 1989/1/4
f 1986/1/4 1987/1/4 1990/1/4
f 1990/1/4 1987/1/4 1991/1/4
f 1992/1/4 1993/1/4 1996/1/4
f 1996/1/4 1993/1/4 1997/1/4
f 1980/4/4 1981/4/4 1998/4/4
f 1980/4/4 1998/4/4 1999/4/4
f 1994/2/4 1995/2/4 2000/2/4
f 2000/2/4 1995/2/4 2001/2/4
f 1980/4/4 1999/4/4 2004/4/4
f 2004/4/4 1999/4/4 2005/4/4
f 2002/1/4 2003/1/4 2006/1/4
f 2006/1/4 2003/1/4 2007/1/4
f 2007/1/4 2008/1/4 2011/1/4
f 2011/1/4 2008/1/4 2012/1/4
f 2009/1/4 2010/1/4 2015/1/4
f 2015/1/4 2010/1/4 2016/1/4
f 2013/1/4 2014/1/4 2017/1/4
f 2017/1/4 2014/1/4 2018/1/4
f 2019/10/4 2020/10/4 2022/10/4
f 2022/10/4 2020/10/4 2023/10/4
f 2021/10/4 2022/10/4 2025/10/4
f 2023/10/4 2024/10/4 2025/10/4
f 2022/10/4 2023/10/4 2025/10/4
f 2025/10/4 2024/10/4 2026/10/4
f 2025/11/4 2026/11/4 2027/11/4
f 2027/11/4 2026/11/4 2028/11/4
f 2029/9/4 2030/9/4 2031/9/4
f 2031/9/4 2030/9/4 2032/9/4
f 2033/9/4 2034/9/4 2035/9/4
f 2035/9/4 2034/9/4 2036/9/4
f 2037/1/4 2038/1/4 2044/1/4
f 2044/1/4 2038/1/4 2045/1/4
f 2043/1/4 2044/1/4 2047/1/4
f 2047/1/4 2044/1/4 2048/1/4
f 2046/1/4 2047/1/4 2055/1/4
f 2048/2/4 2049/2/4 2056/2/4
f 2047/2/4 2048/2/4 2056/2/4
f 2055/1/4 2047/1/4 2056/1/4
f 2056/2/4 2049/2/4 2057/2/4
f 2049/5/4 2050/5/4 2058/5/4
f 2057/2/4 2049/2/4 2058/2/4
f 2058/5/4 2050/5/4 2059/5/4
f 2051/1/4 2052/1/4 2060/1/4
f 2060/1/4 2052/1/4 2061/1/4
f 2061/1/4 2052/1/4 2062/1/4
f 2041/10/4 2042/10/4 2064/10/4
f 2064/10/4 2042/10/4 2065/10/4
f 2054/1/4 2055/1/4 2067/1/4
f 2053/1/4 2054/1/4 2067/1/4
f 2067/1/4 2055/1/4 2068/1/4
f 2056/2/4 2057/2/4 2069/2/4
f 2068/1/4 2055/1/4 2069/1/4
f 2055/2/4 2056/2/4 2069/2/4
f 2058/9/4 2059/9/4 2070/9/4
f 2069/2/4 2057/2/4 2070/2/4
f 2057/9/4 2058/9/4 2070/9/4
f 2070/9/4 2059/9/4 2071/9/4
f 2071/9/4 2059/9/4 2072/9/4
f 2060/2/4 2061/2/4 2073/2/4
f 2062/1/4 2063/1/4 2074/1/4
f 2064/6/4 2065/6/4 2075/6/4
f 2041/10/4 2064/10/4 2075/10/4
f 2075/6/4 2065/6/4 2076/6/4
f 2072/9/4 2059/9/4 2077/9/4
f 2071/11/4 2072/11/4 2077/11/4
f 2059/5/4 2060/5/4 2078/5/4
f 2077/9/4 2059/9/4 2078/9/4
f 2060/2/4 2073/2/4 2079/2/4
f 2078/5/4 2060/5/4 2079/5/4
f 2073/2/4 2074/2/4 2079/2/4
f 2074/1/4 2063/1/4 2080/1/4
f 2079/2/4 2074/2/4 2080/2/4
f 2080/1/4 2063/1/4 2081/1/4
f 2039/10/4 2040/10/4 2083/10/4
f 2083/10/4 2040/10/4 2084/10/4
f 2041/10/4 2075/10/4 2085/10/4
f 2075/4/4 2076/4/4 2086/4/4
f 2085/10/4 2075/10/4 2086/10/4
f 2086/4/4 2076/4/4 2087/4/4
f 2066/14/4 2067/14/4 2088/14/4
f 2068/2/4 2069/2/4 2089/2/4
f 2069/2/4 2070/2/4 2089/2/4
f 2070/12/4 2071/12/4 2089/12/4
f 2077/11/4 2078/11/4 2090/11/4
f 2089/12/4 2071/12/4 2090/12/4
f 2071/11/4 2077/11/4 2090/11/4
f 2078/2/4 2079/2/4 2091/2/4
f 2090/11/4 2078/11/4 2091/11/4
f 2079/2/4 2080/2/4 2091/2/4
f 2083/6/4 2084/6/4 2092/6/4
f 2084/10/4 2040/10/4 2093/10/4
f 2092/6/4 2084/6/4 2093/6/4
f 2088/14/4 2067/14/4 2094/14/4
f 2094/14/4 2067/14/4 2095/14/4
f 2085/14/4 2086/14/4 2096/14/4
f 2086/4/4 2087/4/4 2097/4/4
f 2096/14/4 2086/14/4 2097/14/4
f 2097/4/4 2087/4/4 2098/4/4
f 2095/14/4 2067/14/4 2099/14/4
f 2068/2/4 2089/2/4 2100/2/4
f 2089/2/4 2090/2/4 2100/2/4
f 2090/2/4 2091/2/4 2100/2/4
f 2100/2/4 2091/2/4 2101/2/4
f 2101/2/4 2091/2/4 2102/2/4
f 2091/2/4 2080/2/4 2103/2/4
f 2102/2/4 2091/2/4 2103/2/4
f 2097/4/4 2098/4/4 2104/4/4
f 2096/10/4 2097/10/4 2104/10/4
f 2104/4/4 2098/4/4 2105/4/4
f 2101/11/4 2102/11/4 2106/11/4
f 2102/9/4 2103/9/4 2106/9/4
f 2103/2/4 2080/2/4 2107/2/4
f 2106/9/4 2103/9/4 2107/9/4
f 2107/2/4 2080/2/4 2108/2/4
f 2104/6/4 2105/6/4 2109/6/4
f 2096/10/4 2104/10/4 2109/10/4
f 2109/6/4 2105/6/4 2110/6/4
f 2099/14/4 2067/14/4 2111/14/4
f 2111/14/4 2067/14/4 2112/14/4
f 2068/2/4 2100/2/4 2113/2/4
f 2113/2/4 2100/2/4 2114/2/4
f 2100/12/4 2101/12/4 2115/12/4
f 2114/2/4 2100/2/4 2115/2/4
f 2101/11/4 2106/11/4 2116/11/4
f 2115/12/4 2101/12/4 2116/12/4
f 2106/11/4 2107/11/4 2116/11/4
f 2107/5/4 2108/5/4 2117/5/4
f 2116/11/4 2107/11/4 2117/11/4
f 2108/2/4 2080/2/4 2118/2/4
f 2118/2/4 2080/2/4 2119/2/4
f 2113/1/4 2114/1/4 2120/1/4
f 2114/2/4 2115/2/4 2121/2/4
f 2120/1/4 2114/1/4 2121/1/4
f 2121/2/4 2115/2/4 2122/2/4
f 2115/9/4 2116/9/4 2123/9/4
f 2122/2/4 2115/2/4 2123/2/4
f 2116/9/4 2117/9/4 2123/9/4
f 2123/9/4 2117/9/4 2124/9/4
f 2117/5/4 2108/5/4 2125/5/4
f 2124/9/4 2117/9/4 2125/9/4
f 2108/2/4 2118/2/4 2126/2/4
f 2125/5/4 2108/5/4 2126/5/4
f 2126/2/4 2118/2/4 2127/2/4
f 2081/1/4 2082/1/4 2128/1/4
f 2128/1/4 2082/1/4 2129/1/4
f 2121/1/4 2122/1/4 2130/1/4
f 2123/2/4 2124/2/4 2131/2/4
f 2130/1/4 2122/1/4 2131/1/4
f 2122/2/4 2123/2/4 2131/2/4
f 2131/2/4 2124/2/4 2132/2/4
f 2132/2/4 2124/2/4 2133/2/4
f 2124/5/4 2125/5/4 2134/5/4
f 2133/2/4 2124/2/4 2134/2/4
f 2134/5/4 2125/5/4 2135/5/4
f 2127/1/4 2128/1/4 2137/1/4
f 2137/1/4 2128/1/4 2138/1/4
f 2138/1/4 2128/1/4 2139/1/4
f 2092/10/4 2093/10/4 2140/10/4
f 2093/10/4 2040/10/4 2141/10/4
f 2140/10/4 2093/10/4 2141/10/4
f 2109/10/4 2110/10/4 2142/10/4
f 2096/10/4 2109/10/4 2142/10/4
f 2142/10/4 2110/10/4 2143/10/4
f 2131/1/4 2132/1/4 2144/1/4
f 2144/1/4 2132/1/4 2145/1/4
f 2133/2/4 2134/2/4 2146/2/4
f 2146/2/4 2134/2/4 2147/2/4
f 2137/1/4 2138/1/4 2148/1/4
f 2136/1/4 2137/1/4 2148/1/4
f 2148/1/4 2138/1/4 2149/1/4
f 2147/1/4 2148/1/4 2150/1/4
f 2150/1/4 2148/1/4 2151/1/4
f 2152/9/4 2153/9/4 2154/9/4
f 2154/9/4 2153/9/4 2155/9/4
f 2158/9/4 2159/9/4 2164/9/4
f 2164/9/4 2159/9/4 2165/9/4
f 2156/10/4 2157/10/4 2166/10/4
f 2166/10/4 2157/10/4 2167/10/4
f 2156/10/4 2166/10/4 2171/10/4
f 2171/10/4 2166/10/4 2172/10/4
f 2167/1/4 2168/1/4 2173/1/4
f 2173/1/4 2168/1/4 2174/1/4
f 2169/1/4 2170/1/4 2176/1/4
f 2176/1/4 2170/1/4 2177/1/4
f 2174/1/4 2175/1/4 2178/1/4
f 2178/1/4 2175/1/4 2179/1/4
f 2177/1/4 2170/1/4 2180/1/4
f 2180/1/4 2170/1/4 2181/1/4
f 2162/10/4 2163/10/4 2184/10/4
f 2184/10/4 2163/10/4 2185/10/4
f 2182/1/4 2183/1/4 2189/1/4
f 2189/1/4 2183/1/4 2190/1/4
f 2162/10/4 2184/10/4 2191/10/4
f 2184/6/4 2185/6/4 2191/6/4
f 2191/6/4 2185/6/4 2192/6/4
f 2186/14/4 2187/14/4 2194/14/4
f 2187/2/4 2188/2/4 2195/2/4
f 2194/14/4 2187/14/4 2195/14/4
f 2162/10/4 2191/10/4 2198/10/4
f 2191/4/4 2192/4/4 2199/4/4
f 2198/10/4 2191/10/4 2199/10/4
f 2199/4/4 2192/4/4 2200/4/4
f 2193/2/4 2194/2/4 2201/2/4
f 2195/2/4 2188/2/4 2201/2/4
f 2194/2/4 2195/2/4 2201/2/4
f 2201/2/4 2188/2/4 2202/2/4
f 2193/2/4 2201/2/4 2203/2/4
f 2201/8/4 2202/8/4 2204/8/4
f 2203/2/4 2201/2/4 2204/2/4
f 2204/8/4 2202/8/4 2205/8/4
f 2193/2/4 2203/2/4 2206/2/4
f 2203/8/4 2204/8/4 2206/8/4
f 2204/7/4 2205/7/4 2207/7/4
f 2206/8/4 2204/8/4 2207/8/4
f 2207/7/4 2205/7/4 2208/7/4
f 2198/14/4 2199/14/4 2209/14/4
f 2199/4/4 2200/4/4 2210/4/4
f 2209/14/4 2199/14/4 2210/14/4
f 2210/4/4 2200/4/4 2211/4/4
f 2206/2/4 2207/2/4 2212/2/4
f 2207/8/4 2208/8/4 2212/8/4
f 2212/8/4 2208/8/4 2213/8/4
f 2210/4/4 2211/4/4 2214/4/4
f 2209/10/4 2210/10/4 2214/10/4
f 2214/4/4 2211/4/4 2215/4/4
f 2193/2/4 2206/2/4 2216/2/4
f 2212/2/4 2213/2/4 2216/2/4
f 2206/2/4 2212/2/4 2216/2/4
f 2216/2/4 2213/2/4 2217/2/4
f 2214/6/4 2215/6/4 2218/6/4
f 2209/10/4 2214/10/4 2218/10/4
f 2218/6/4 2215/6/4 2219/6/4
f 2216/14/4 2217/14/4 2220/14/4
f 2220/14/4 2217/14/4 2221/14/4
f 2217/2/4 2213/2/4 2222/2/4
f 2221/14/4 2217/14/4 2222/14/4
f 2222/2/4 2213/2/4 2223/2/4
f 2196/1/4 2197/1/4 2226/1/4
f 2221/14/4 2222/14/4 2227/14/4
f 2227/14/4 2222/14/4 2228/14/4
f 2223/1/4 2224/1/4 2229/1/4
f 2229/1/4 2224/1/4 2230/1/4
f 2225/1/4 2226/1/4 2232/1/4
f 2226/1/4 2197/1/4 2233/1/4
f 2232/1/4 2226/1/4 2233/1/4
f 2231/1/4 2232/1/4 2237/1/4
f 2237/1/4 2232/1/4 2238/1/4
f 2238/1/4 2232/1/4 2239/1/4
f 2223/1/4 2229/1/4 2241/1/4
f 2241/1/4 2229/1/4 2242/1/4
f 2234/1/4 2235/1/4 2243/1/4
f 2236/1/4 2237/1/4 2244/1/4
f 2237/1/4 2238/1/4 2244/1/4
f 2244/1/4 2238/1/4 2245/1/4
f 2160/10/4 2161/10/4 2248/10/4
f 2248/10/4 2161/10/4 2249/10/4
f 2209/10/4 2218/10/4 2250/10/4
f 2218/10/4 2219/10/4 2250/10/4
f 2250/10/4 2219/10/4 2251/10/4
f 2234/1/4 2243/1/4 2252/1/4
f 2243/1/4 2244/1/4 2252/1/4
f 2252/1/4 2244/1/4 2253/1/4
f 2246/9/4 2247/9/4 2254/9/4
f 2254/9/4 2247/9/4 2255/9/4
f 2240/10/4 2241/10/4 2256/10/4
f 2256/10/4 2241/10/4 2257/10/4
f 2260/10/4 2261/10/4 2262/10/4
f 2262/10/4 2261/10/4 2263/10/4
f 2260/10/4 2262/10/4 2266/10/4
f 2266/10/4 2262/10/4 2267/10/4
f 2263/10/4 2261/10/4 2270/10/4
f 2270/10/4 2261/10/4 2271/10/4
f 2268/1/4 2269/1/4 2272/1/4
f 2272/1/4 2269/1/4 2273/1/4
f 2264/9/4 2265/9/4 2278/9/4
f 2278/9/4 2265/9/4 2279/9/4
f 2273/1/4 2274/1/4 2281/1/4
f 2272/1/4 2273/1/4 2281/1/4
f 2280/1/4 2281/1/4 2282/1/4
f 2281/1/4 2274/1/4 2282/1/4
f 2282/1/4 2274/1/4 2283/1/4
f 2260/10/4 2266/10/4 2284/10/4
f 2280/1/4 2282/1/4 2288/1/4
f 2288/1/4 2282/1/4 2289/1/4
f 2275/11/4 2276/11/4 2290/11/4
f 2276/9/4 2277/9/4 2291/9/4
f 2290/11/4 2276/11/4 2291/11/4
f 2291/9/4 2277/9/4 2292/9/4
f 2258/10/4 2259/10/4 2293/10/4
f 2293/10/4 2259/10/4 2294/10/4
f 2260/10/4 2284/10/4 2295/10/4
f 2284/10/4 2285/10/4 2295/10/4
f 2295/10/4 2285/10/4 2296/10/4
f 2286/14/4 2287/14/4 2297/14/4
f 2293/6/4 2294/6/4 2298/6/4
f 2294/10/4 2259/10/4 2299/10/4
f 2298/6/4 2294/6/4 2299/6/4
f 2296/14/4 2297/14/4 2303/14/4
f 2295/14/4 2296/14/4 2303/14/4
f 2303/14/4 2297/14/4 2304/14/4
f 2297/14/4 2287/14/4 2305/14/4
f 2304/14/4 2297/14/4 2305/14/4
f 2303/10/4 2304/10/4 2306/10/4
f 2306/10/4 2304/10/4 2307/10/4
f 2305/14/4 2287/14/4 2308/14/4
f 2287/2/4 2288/2/4 2309/2/4
f 2308/14/4 2287/14/4 2309/14/4
f 2309/2/4 2288/2/4 2310/2/4
f 2300/11/4 2301/11/4 2311/11/4
f 2301/9/4 2302/9/4 2312/9/4
f 2311/11/4 2301/11/4 2312/11/4
f 2312/9/4 2302/9/4 2313/9/4
f 2314/1/4 2315/1/4 2318/1/4
f 2318/1/4 2315/1/4 2319/1/4
f 2316/1/4 2317/1/4 2320/1/4
f 2320/1/4 2317/1/4 2321/1/4
f 2303/10/4 2306/10/4 2326/10/4
f 2324/1/4 2325/1/4 2329/1/4
f 2329/1/4 2325/1/4 2330/1/4
f 2322/9/4 2323/9/4 2331/9/4
f 2331/9/4 2323/9/4 2332/9/4
f 2326/10/4 2327/10/4 2333/10/4
f 2328/10/4 2329/10/4 2334/10/4
f 2298/10/4 2299/10/4 2335/10/4
f 2299/10/4 2259/10/4 2336/10/4
f 2335/10/4 2299/10/4 2336/10/4
f 2333/10/4 2334/10/4 2337/10/4
f 2303/10/4 2326/10/4 2337/10/4
f 2326/10/4 2333/10/4 2337/10/4
f 2334/10/4 2329/10/4 2338/10/4
f 2337/10/4 2334/10/4 2338/10/4
f 2341/10/4 2342/10/4 2344/10/4
f 2344/10/4 2342/10/4 2345/10/4
f 2343/10/4 2344/10/4 2345/10/4
f 2345/10/4 2342/10/4 2346/10/4
f 2343/10/4 2345/10/4 2351/10/4
f 2351/10/4 2345/10/4 2352/10/4
f 2347/1/4 2348/1/4 2353/1/4
f 2353/1/4 2348/1/4 2354/1/4
f 2343/10/4 2351/10/4 2357/10/4
f 2357/10/4 2351/10/4 2358/10/4
f 2355/1/4 2356/1/4 2359/1/4
f 2359/1/4 2356/1/4 2360/1/4
f 2358/9/4 2359/9/4 2361/9/4
f 2361/9/4 2359/9/4 2362/9/4
f 2363/9/4 2364/9/4 2366/9/4
f 2366/9/4 2364/9/4 2367/9/4
f 2367/1/4 2368/1/4 2369/1/4
f 2369/1/4 2368/1/4 2370/1/4
f 2365/10/4 2366/10/4 2371/10/4
f 2370/1/4 2368/1/4 2373/1/4
f 2373/1/4 2368/1/4 2374/1/4
f 2349/9/4 2350/9/4 2376/9/4
f 2376/9/4 2350/9/4 2377/9/4
f 2371/10/4 2372/10/4 2378/10/4
f 2374/1/4 2375/1/4 2380/1/4
f 2380/1/4 2375/1/4 2381/1/4
f 2378/10/4 2379/10/4 2382/10/4
f 2365/10/4 2371/10/4 2382/10/4
f 2371/10/4 2378/10/4 2382/10/4
f 2382/10/4 2379/10/4 2383/10/4
f 2379/1/4 2380/1/4 2384/1/4
f 2383/10/4 2379/10/4 2384/10/4
f 2384/1/4 2380/1/4 2385/1/4
f 2383/10/4 2384/10/4 2386/10/4
f 2386/10/4 2384/10/4 2387/10/4
f 2339/10/4 2340/10/4 2388/10/4
f 2388/10/4 2340/10/4 2389/10/4
f 2392/1/4 2393/1/4 2396/1/4
f 2396/1/4 2393/1/4 2397/1/4
f 2394/1/4 2395/1/4 2398/1/4
f 2397/1/4 2393/1/4 2400/1/4
f 2400/1/4 2393/1/4 2401/1/4
f 2398/1/4 2399/1/4 2402/1/4
f 2394/1/4 2398/1/4 2402/1/4
f 2402/1/4 2399/1/4 2403/1/4
f 2390/10/4 2391/10/4 2404/10/4
f 2404/10/4 2391/10/4 2405/10/4
f 2390/10/4 2404/10/4 2406/10/4
f 2404/6/4 2405/6/4 2406/6/4
f 2405/10/4 2391/10/4 2407/10/4
f 2406/6/4 2405/6/4 2407/6/4
f 2408/1/4 2409/1/4 2410/1/4
f 2408/1/4 2410/1/4 2412/1/4
f 2410/1/4 2411/1/4 2412/1/4
f 2412/1/4 2411/1/4 2413/1/4
f 2413/1/4 2411/1/4 2414/1/4
f 2414/1/4 2415/1/4 2416/1/4
f 2413/1/4 2414/1/4 2416/1/4
f 2416/1/4 2415/1/4 2417/1/4
f 2390/10/4 2406/10/4 2418/10/4
f 2406/10/4 2407/10/4 2418/10/4
f 2407/10/4 2391/10/4 2419/10/4
f 2418/10/4 2407/10/4 2419/10/4
f 2420/13/4 2421/13/4 2424/13/4
f 2421/6/4 2422/6/4 2424/6/4
f 2422/10/4 2423/10/4 2425/10/4
f 2424/6/4 2422/6/4 2425/6/4
f 2420/13/4 2424/13/4 2426/13/4
f 2424/7/4 2425/7/4 2426/7/4
f 2425/10/4 2423/10/4 2427/10/4
f 2426/7/4 2425/7/4 2427/7/4
f 2420/13/4 2426/13/4 2428/13/4
f 2426/6/4 2427/6/4 2428/6/4
f 2427/10/4 2423/10/4 2429/10/4
f 2428/6/4 2427/6/4 2429/6/4
f 2420/13/4 2428/13/4 2430/13/4
f 2428/7/4 2429/7/4 2430/7/4
f 2429/10/4 2423/10/4 2431/10/4
f 2430/7/4 2429/7/4 2431/7/4
f 2432/1/4 2433/1/4 2434/1/4
f 2434/1/4 2433/1/4 2435/1/4
f 2420/13/4 2430/13/4 2436/13/4
f 2430/6/4 2431/6/4 2436/6/4
f 2431/10/4 2423/10/4 2437/10/4
f 2436/6/4 2431/6/4 2437/6/4
f 2420/13/4 2436/13/4 2438/13/4
f 2436/7/4 2437/7/4 2438/7/4
f 2437/10/4 2423/10/4 2439/10/4
f 2438/7/4 2437/7/4 2439/7/4
f 2420/13/4 2438/13/4 2440/13/4
f 2438/6/4 2439/6/4 2441/6/4
f 2440/13/4 2438/13/4 2441/13/4
f 2439/10/4 2423/10/4 2442/10/4
f 2441/6/4 2439/6/4 2442/6/4
f 2442/10/4 2423/10/4 2443/10/4
f 2448/11/5 2445/11/5 2444/11/5
f 2449/11/5 2445/11/5 2448/11/5
f 2450/11/5 2447/11/5 2446/11/5
f 2451/11/5 2447/11/5 2450/11/5
f 2456/11/5 2453/11/5 2452/11/5
f 2457/11/5 2453/11/5 2456/11/5
f 2458/11/5 2455/11/5 2454/11/5
f 2459/11/5 2455/11/5 2458/11/5
f 2464/9/5 2461/9/5 2460/9/5
f 2465/9/5 2461/9/5 2464/9/5
f 2466/9/5 2463/9/5 2462/9/5
f 2467/9/5 2463/9/5 2466/9/5
f 2471/9/5 2469/9/5 2468/9/5
f 2472/9/5 2469/9/5 2471/9/5
f 2475/9/5 2471/9/5 2470/9/5
f 2475/9/5 2473/9/5 2472/9/5
f 2475/9/5 2472/9/5 2471/9/5
f 2476/9/5 2473/9/5 2475/9/5
f 2479/9/5 2475/9/5 2474/9/5
f 2479/9/5 2477/9/5 2476/9/5
f 2479/9/5 2476/9/5 2475/9/5
f 2480/9/5 2477/9/5 2479/9/5
f 2480/9/5 2479/9/5 2478/9/5
f 2481/9/5 2477/9/5 2480/9/5
f 2482/9/5 2477/9/5 2481/9/5
f 2483/9/5 2477/9/5 2482/9/5
f 2484/9/5 2477/9/5 2483/9/5
f 2486/9/5 2482/9/5 2481/9/5
f 2487/9/5 2482/9/5 2486/9/5
f 2488/9/5 2480/9/5 2478/9/5
f 2489/9/5 2482/9/5 2487/9/5
f 2490/9/5 2482/9/5 2489/9/5
f 2491/9/5 2485/9/5 2484/9/5
f 2491/9/5 2484/9/5 2483/9/5
f 2492/9/5 2488/9/5 2478/9/5
f 2492/9/5 2491/9/5 2490/9/5
f 2492/9/5 2490/9/5 2489/9/5
f 2492/9/5 2489/9/5 2488/9/5
f 2493/9/5 2491/9/5 2492/9/5
f 2494/9/5 2491/9/5 2493/9/5
f 2495/9/5 2491/9/5 2494/9/5
f 2496/9/5 2485/9/5 2491/9/5
f 2496/9/5 2491/9/5 2495/9/5
f 2497/9/5 2485/9/5 2496/9/5
f 2498/9/5 2496/9/5 2495/9/5
f 2499/9/5 2496/9/5 2498/9/5
f 2500/9/5 2496/9/5 2499/9/5
f 2501/9/5 2496/9/5 2500/9/5
f 2502/9/5 2500/9/5 2499/9/5
f 2503/9/5 2500/9/5 2502/9/5
f 2504/9/5 2500/9/5 2503/9/5
f 2505/9/5 2500/9/5 2504/9/5
f 2506/9/5 2504/9/5 2503/9/5
f 2507/9/5 2504/9/5 2506/9/5
f 2510/13/5 2509/13/5 2508/13/5
f 2511/13/5 2509/13/5 2510/13/5
f 2512/10/5 2511/10/5 2510/10/5
f 2513/10/5 2511/10/5 2512/10/5
f 2514/10/5 2512/10/5 2510/10/5
f 2515/10/5 2512/10/5 2514/10/5
f 2516/10/5 2511/10/5 2513/10/5
f 2517/10/5 2511/10/5 2516/10/5
f 2518/10/5 2514/10/5 2510/10/5
f 2519/10/5 2514/10/5 2518/10/5
f 2520/10/5 2511/10/5 2517/10/5
f 2521/10/5 2511/10/5 2520/10/5
f 2522/10/5 2518/10/5 2510/10/5
f 2523/10/5 2518/10/5 2522/10/5
f 2524/10/5 2511/10/5 2521/10/5
f 2525/10/5 2511/10/5 2524/10/5
f 2526/10/5 2522/10/5 2510/10/5
f 2528/10/5 2527/10/5 2526/10/5
f 2531/10/5 2511/10/5 2525/10/5
f 2532/10/5 2529/10/5 2528/10/5
f 2535/10/5 2531/10/5 2530/10/5
f 2536/10/5 2533/10/5 2532/10/5
f 2539/10/5 2535/10/5 2534/10/5
f 2540/10/5 2537/10/5 2536/10/5
f 2541/10/5 2539/10/5 2538/10/5
f 2542/13/5 2510/13/5 2508/13/5
f 2542/10/5 2541/10/5 2540/10/5
f 2542/10/5 2540/10/5 2536/10/5
f 2542/10/5 2526/10/5 2510/10/5
f 2542/10/5 2528/10/5 2526/10/5
f 2542/10/5 2532/10/5 2528/10/5
f 2542/10/5 2536/10/5 2532/10/5
f 2543/10/5 2539/10/5 2541/10/5
f 2543/10/5 2541/10/5 2542/10/5
f 2543/13/5 2509/13/5 2511/13/5
f 2543/10/5 2535/10/5 2539/10/5
f 2543/10/5 2531/10/5 2535/10/5
f 2543/10/5 2511/10/5 2531/10/5
f 2544/13/5 2542/13/5 2508/13/5
f 2544/13/5 2543/13/5 2542/13/5
f 2545/13/5 2509/13/5 2543/13/5
f 2545/13/5 2543/13/5 2544/13/5
f 2552/10/5 2547/10/5 2546/10/5
f 2553/13/5 2548/13/5 2547/13/5
f 2553/10/5 2547/10/5 2552/10/5
f 2554/10/5 2549/10/5 2548/10/5
f 2554/13/5 2548/13/5 2553/13/5
f 2555/13/5 2550/13/5 2549/13/5
f 2555/10/5 2549/10/5 2554/10/5
f 2556/10/5 2551/10/5 2550/10/5
f 2556/13/5 2550/13/5 2555/13/5
f 2557/10/5 2551/10/5 2556/10/5
f 2558/10/5 2552/10/5 2546/10/5
f 2561/10/5 2551/10/5 2557/10/5
f 2562/10/5 2558/10/5 2546/10/5
f 2562/10/5 2559/10/5 2558/10/5
f 2563/14/5 2560/14/5 2559/14/5
f 2563/10/5 2559/10/5 2562/10/5
f 2564/10/5 2561/10/5 2560/10/5
f 2564/14/5 2560/14/5 2563/14/5
f 2565/10/5 2551/10/5 2561/10/5
f 2565/10/5 2561/10/5 2564/10/5
f 2569/1/5 2567/1/5 2566/1/5
f 2570/1/5 2567/1/5 2569/1/5
f 2572/10/5 2569/10/5 2568/10/5
f 2572/10/5 2571/10/5 2570/10/5
f 2572/10/5 2570/10/5 2569/10/5
f 2573/10/5 2571/10/5 2572/10/5
f 2574/10/5 2571/10/5 2573/10/5
f 2575/10/5 2571/10/5 2574/10/5
f 2576/10/5 2571/10/5 2575/10/5
f 2577/10/5 2571/10/5 2576/10/5
f 2578/10/5 2572/10/5 2568/10/5
f 2585/10/5 2571/10/5 2577/10/5
f 2586/10/5 2578/10/5 2568/10/5
f 2586/10/5 2579/10/5 2578/10/5
f 2586/10/5 2580/10/5 2579/10/5
f 2586/10/5 2581/10/5 2580/10/5
f 2587/14/5 2582/14/5 2581/14/5
f 2587/10/5 2581/10/5 2586/10/5
f 2588/10/5 2584/10/5 2583/10/5
f 2588/14/5 2582/14/5 2587/14/5
f 2588/10/5 2585/10/5 2584/10/5
f 2588/10/5 2583/10/5 2582/10/5
f 2589/10/5 2571/10/5 2585/10/5
f 2589/10/5 2585/10/5 2588/10/5
f 2593/1/5 2591/1/5 2590/1/5
f 2594/1/5 2591/1/5 2593/1/5
f 2596/1/5 2593/1/5 2592/1/5
f 2597/1/5 2593/1/5 2596/1/5
f 2598/1/5 2595/1/5 2594/1/5
f 2599/1/5 2595/1/5 2598/1/5
f 2605/1/5 2601/1/5 2600/1/5
f 2606/1/5 2601/1/5 2605/1/5
f 2607/1/5 2603/1/5 2602/1/5
f 2608/1/5 2603/1/5 2607/1/5
f 2611/1/5 2605/1/5 2604/1/5
f 2612/1/5 2605/1/5 2611/1/5
f 2615/10/5 2610/10/5 2609/10/5
f 2622/10/5 2614/10/5 2613/10/5
f 2623/10/5 2615/10/5 2609/10/5
f 2623/10/5 2616/10/5 2615/10/5
f 2623/10/5 2617/10/5 2616/10/5
f 2623/10/5 2618/10/5 2617/10/5
f 2624/14/5 2619/14/5 2618/14/5
f 2624/10/5 2618/10/5 2623/10/5
f 2625/10/5 2621/10/5 2620/10/5
f 2625/14/5 2619/14/5 2624/14/5
f 2625/10/5 2622/10/5 2621/10/5
f 2625/10/5 2620/10/5 2619/10/5
f 2626/10/5 2614/10/5 2622/10/5
f 2626/10/5 2622/10/5 2625/10/5
f 2629/1/5 2628/1/5 2627/1/5
f 2630/1/5 2628/1/5 2629/1/5
f 2635/10/5 2632/10/5 2631/10/5
f 2636/10/5 2632/10/5 2635/10/5
f 2637/10/5 2634/10/5 2633/10/5
f 2638/10/5 2634/10/5 2637/10/5
f 2643/1/5 2640/1/5 2639/1/5
f 2644/1/5 2640/1/5 2643/1/5
f 2645/1/5 2642/1/5 2641/1/5
f 2646/1/5 2642/1/5 2645/1/5
f 2655/10/5 2648/10/5 2647/10/5
f 2656/10/5 2648/10/5 2655/10/5
f 2658/9/5 2650/9/5 2649/9/5
f 2659/9/5 2650/9/5 2658/9/5
f 2660/9/5 2652/9/5 2651/9/5
f 2661/9/5 2652/9/5 2660/9/5
f 2663/10/5 2654/10/5 2653/10/5
f 2664/10/5 2654/10/5 2663/10/5
f 2665/1/5 2658/1/5 2657/1/5
f 2666/1/5 2658/1/5 2665/1/5
f 2667/1/5 2662/1/5 2661/1/5
f 2668/1/5 2662/1/5 2667/1/5
f 2673/1/5 2670/1/5 2669/1/5
f 2674/1/5 2670/1/5 2673/1/5
f 2676/1/5 2672/1/5 2671/1/5
f 2677/1/5 2672/1/5 2676/1/5
f 2678/1/5 2675/1/5 2674/1/5
f 2679/1/5 2675/1/5 2678/1/5
f 2686/11/5 2681/11/5 2680/11/5
f 2687/10/5 2682/10/5 2681/10/5
f 2687/11/5 2681/11/5 2686/11/5
f 2688/10/5 2682/10/5 2687/10/5
f 2689/10/5 2684/10/5 2683/10/5
f 2690/11/5 2685/11/5 2684/11/5
f 2690/10/5 2684/10/5 2689/10/5
f 2691/11/5 2685/11/5 2690/11/5
f 2696/1/5 2693/1/5 2692/1/5
f 2697/1/5 2693/1/5 2696/1/5
f 2698/1/5 2695/1/5 2694/1/5
f 2699/1/5 2695/1/5 2698/1/5
f 2703/1/5 2701/1/5 2700/1/5
f 2704/1/5 2701/1/5 2703/1/5
f 2705/1/5 2703/1/5 2702/1/5
f 2706/1/5 2703/1/5 2705/1/5
f 2711/10/5 2708/10/5 2707/10/5
f 2712/10/5 2708/10/5 2711/10/5
f 2713/10/5 2710/10/5 2709/10/5
f 2714/10/5 2710/10/5 2713/10/5
f 2717/1/5 2716/1/5 2715/1/5
f 2718/1/5 2716/1/5 2717/1/5
f 2723/1/5 2720/1/5 2719/1/5
f 2724/1/5 2720/1/5 2723/1/5
f 2725/1/5 2722/1/5 2721/1/5
f 2726/1/5 2722/1/5 2725/1/5
f 2729/1/5 2723/1/5 2719/1/5
f 2730/1/5 2723/1/5 2729/1/5
f 2731/1/5 2728/1/5 2727/1/5
f 2732/1/5 2728/1/5 2731/1/5
f 2734/1/5 2733/1/5 2732/1/5
f 2735/1/5 2733/1/5 2734/1/5
f 2751/9/5 2737/9/5 2736/9/5
f 2752/3/5 2738/3/5 2737/3/5
f 2752/9/5 2737/9/5 2751/9/5
f 2753/2/5 2739/2/5 2738/2/5
f 2753/3/5 2738/3/5 2752/3/5
f 2754/7/5 2740/7/5 2739/7/5
f 2754/2/5 2739/2/5 2753/2/5
f 2755/13/5 2741/13/5 2740/13/5
f 2755/7/5 2740/7/5 2754/7/5
f 2756/13/5 2741/13/5 2755/13/5
f 2757/10/5 2743/10/5 2742/10/5
f 2758/10/5 2743/10/5 2757/10/5
f 2759/10/5 2745/10/5 2744/10/5
f 2760/10/5 2745/10/5 2759/10/5
f 2761/13/5 2747/13/5 2746/13/5
f 2762/7/5 2748/7/5 2747/7/5
f 2762/13/5 2747/13/5 2761/13/5
f 2763/2/5 2749/2/5 2748/2/5
f 2763/7/5 2748/7/5 2762/7/5
f 2764/9/5 2750/9/5 2749/9/5
f 2764/2/5 2749/2/5 2763/2/5
f 2765/9/5 2750/9/5 2764/9/5
f 2766/9/5 2751/9/5 2736/9/5
f 2767/9/5 2751/9/5 2766/9/5
f 2768/9/5 2750/9/5 2765/9/5
f 2769/9/5 2750/9/5 2768/9/5
f 2772/1/5 2771/1/5 2770/1/5
f 2773/1/5 2771/1/5 2772/1/5
f 2776/1/5 2775/1/5 2774/1/5
f 2777/1/5 2775/1/5 2776/1/5
f 2782/9/5 2779/9/5 2778/9/5
f 2783/9/5 2779/9/5 2782/9/5
f 2784/9/5 2781/9/5 2780/9/5
f 2785/9/5 2781/9/5 2784/9/5
f 2792/1/5 2787/1/5 2786/1/5
f 2793/1/5 2787/1/5 2792/1/5
f 2794/1/5 2789/1/5 2788/1/5
f 2795/1/5 2789/1/5 2794/1/5
f 2798/1/5 2791/1/5 2790/1/5
f 2799/1/5 2791/1/5 2798/1/5
f 2800/1/5 2797/1/5 2796/1/5
f 2801/1/5 2797/1/5 2800/1/5
f 2804/1/5 2803/1/5 2802/1/5
f 2805/1/5 2803/1/5 2804/1/5
f 2808/1/5 2807/1/5 2806/1/5
f 2809/1/5 2807/1/5 2808/1/5
f 2812/1/5 2811/1/5 2810/1/5
f 2813/1/5 2811/1/5 2812/1/5
f 2816/1/5 2815/1/5 2814/1/5
f 2817/1/5 2815/1/5 2816/1/5
f 2820/1/5 2819/1/5 2818/1/5
f 2821/1/5 2819/1/5 2820/1/5
f 2824/1/5 2823/1/5 2822/1/5
f 2825/1/5 2823/1/5 2824/1/5
f 2830/1/5 2827/1/5 2826/1/5
f 2831/1/5 2827/1/5 2830/1/5
f 2832/1/5 2829/1/5 2828/1/5
f 2833/1/5 2829/1/5 2832/1/5
f 2837/1/5 2835/1/5 2834/1/5
f 2840/1/5 2837/1/5 2836/1/5
f 2841/1/5 2835/1/5 2837/1/5
f 2841/1/5 2837/1/5 2840/1/5
f 2842/1/5 2835/1/5 2841/1/5
f 2843/2/5 2839/2/5 2838/2/5
f 2844/2/5 2839/2/5 2843/2/5
f 2847/1/5 2846/1/5 2845/1/5
f 2848/1/5 2846/1/5 2847/1/5
f 2852/2/5 2849/2/5 2848/2/5
f 2853/2/5 2849/2/5 2852/2/5
f 2854/2/5 2849/2/5 2853/2/5
f 2855/2/5 2851/2/5 2850/2/5
f 2856/2/5 2854/2/5 2853/2/5
f 2856/2/5 2855/2/5 2854/2/5
f 2857/2/5 2851/2/5 2855/2/5
f 2857/2/5 2855/2/5 2856/2/5
f 2863/1/5 2859/1/5 2858/1/5
f 2864/1/5 2859/1/5 2863/1/5
f 2865/1/5 2861/1/5 2860/1/5
f 2866/1/5 2861/1/5 2865/1/5
f 2869/1/5 2863/1/5 2862/1/5
f 2870/1/5 2863/1/5 2869/1/5
f 2871/1/5 2868/1/5 2867/1/5
f 2872/1/5 2868/1/5 2871/1/5
f 2874/1/5 2873/1/5 2872/1/5
f 2875/1/5 2873/1/5 2874/1/5
f 2881/1/5 2879/1/5 2878/1/5
f 2882/2/5 2881/2/5 2880/2/5
f 2883/1/5 2879/1/5 2881/1/5
f 2883/2/5 2881/2/5 2882/2/5
f 2884/1/5 2877/1/5 2876/1/5
f 2885/1/5 2877/1/5 2884/1/5
f 2888/1/5 2879/1/5 2883/1/5
f 2889/1/5 2879/1/5 2888/1/5
f 2890/1/5 2886/1/5 2885/1/5
f 2891/1/5 2886/1/5 2890/1/5
f 2892/1/5 2888/1/5 2887/1/5
f 2893/1/5 2888/1/5 2892/1/5
f 2898/1/5 2897/1/5 2896/1/5
f 2899/1/5 2897/1/5 2898/1/5
f 2900/1/5 2898/1/5 2896/1/5
f 2901/1/5 2898/1/5 2900/1/5
f 2902/1/5 2895/1/5 2894/1/5
f 2903/1/5 2895/1/5 2902/1/5
f 2908/1/5 2907/1/5 2906/1/5
f 2909/1/5 2907/1/5 2908/1/5
f 2910/1/5 2905/1/5 2904/1/5
f 2911/1/5 2905/1/5 2910/1/5
f 2915/1/5 2912/1/5 2911/1/5
f 2916/1/5 2912/1/5 2915/1/5
f 2917/1/5 2914/1/5 2913/1/5
f 2918/1/5 2914/1/5 2917/1/5
f 2921/1/5 2920/1/5 2919/1/5
f 2922/1/5 2920/1/5 2921/1/5
f 2927/1/5 2924/1/5 2923/1/5
f 2928/1/5 2924/1/5 2927/1/5
f 2929/1/5 2926/1/5 2925/1/5
f 2930/1/5 2926/1/5 2929/1/5
f 2935/1/5 2934/1/5 2933/1/5
f 2936/1/5 2934/1/5 2935/1/5
f 2939/1/5 2932/1/5 2931/1/5
f 2940/1/5 2937/1/5 2936/1/5
f 2941/1/5 2937/1/5 2940/1/5
f 2942/1/5 2939/1/5 2938/1/5
f 2943/1/5 2932/1/5 2939/1/5
f 2943/1/5 2939/1/5 2942/1/5
f 2947/1/5 2945/1/5 2944/1/5
f 2948/1/5 2945/1/5 2947/1/5
f 2949/1/5 2947/1/5 2946/1/5
f 2950/1/5 2947/1/5 2949/1/5
f 2953/1/5 2952/1/5 2951/1/5
f 2954/1/5 2952/1/5 2953/1/5
f 2957/1/5 2956/1/5 2955/1/5
f 2958/1/5 2956/1/5 2957/1/5
f 2961/1/5 2960/1/5 2959/1/5
f 2962/1/5 2960/1/5 2961/1/5
f 2965/1/5 2964/1/5 2963/1/5
f 2966/1/5 2964/1/5 2965/1/5
f 2970/1/5 2968/1/5 2967/1/5
f 2971/1/5 2970/1/5 2969/1/5
f 2972/1/5 2968/1/5 2970/1/5
f 2972/1/5 2970/1/5 2971/1/5
f 2975/1/5 2974/1/5 2973/1/5
f 2976/1/5 2974/1/5 2975/1/5
f 2979/1/5 2978/1/5 2977/1/5
f 2980/1/5 2978/1/5 2979/1/5
f 2983/1/5 2982/1/5 2981/1/5
f 2984/1/5 2982/1/5 2983/1/5
f 2987/1/5 2986/1/5 2985/1/5
f 2988/1/5 2986/1/5 2987/1/5
f 2991/1/5 2990/1/5 2989/1/5
f 2992/1/5 2990/1/5 2991/1/5
f 2997/1/5 2994/1/5 2993/1/5
f 2998/1/5 2994/1/5 2997/1/5
f 2999/1/5 2996/1/5 2995/1/5
f 3000/1/5 2996/1/5 2999/1/5
f 3003/1/5 3002/1/5 3001/1/5
f 3004/1/5 3002/1/5 3003/1/5
f 3007/1/5 3006/1/5 3005/1/5
f 3008/1/5 3006/1/5 3007/1/5
f 3011/1/5 3010/1/5 3009/1/5
f 3012/1/5 3010/1/5 3011/1/5
f 3017/1/5 3014/1/5 3013/1/5
f 3018/1/5 3014/1/5 3017/1/5
f 3019/1/5 3016/1/5 3015/1/5
f 3020/1/5 3016/1/5 3019/1/5
f 3023/1/5 3022/1/5 3021/1/5
f 3024/1/5 3022/1/5 3023/1/5
f 3025/9/6 3026/9/6 3029/9/6
f 3029/9/6 3026/9/6 3030/9/6
f 3027/9/6 3028/9/6 3031/9/6
f 3031/9/6 3028/9/6 3032/9/6
f 3033/10/6 3034/10/6 3035/10/6
f 3035/10/6 3034/10/6 3036/10/6
f 3033/10/6 3035/10/6 3037/10/6
f 3036/10/6 3034/10/6 3038/10/6
f 3033/10/6 3037/10/6 3039/10/6
f 3037/10/6 3038/10/6 3039/10/6
f 3038/10/6 3034/10/6 3040/10/6
f 3039/10/6 3038/10/6 3040/10/6
f 3041/10/6 3042/10/6 3043/10/6
f 3043/10/6 3042/10/6 3044/10/6
f 3041/10/6 3043/10/6 3045/10/6
f 3044/10/6 3042/10/6 3046/10/6
f 3041/10/6 3045/10/6 3047/10/6
f 3045/10/6 3046/10/6 3047/10/6
f 3046/10/6 3042/10/6 3048/10/6
f 3047/10/6 3046/10/6 3048/10/6
f 3049/10/6 3050/10/6 3051/10/6
f 3051/10/6 3050/10/6 3052/10/6
f 3049/10/6 3051/10/6 3053/10/6
f 3052/10/6 3050/10/6 3056/10/6
f 3054/10/6 3055/10/6 3057/10/6
f 3055/10/6 3056/10/6 3057/10/6
f 3049/10/6 3053/10/6 3057/10/6
f 3053/10/6 3054/10/6 3057/10/6
f 3056/10/6 3050/10/6 3058/10/6
f 3057/10/6 3056/10/6 3058/10/6
f 3059/10/6 3060/10/6 3061/10/6
f 3061/10/6 3060/10/6 3062/10/6
f 3059/10/6 3061/10/6 3063/10/6
f 3062/10/6 3060/10/6 3064/10/6
f 3059/10/6 3063/10/6 3065/10/6
f 3063/10/6 3064/10/6 3065/10/6
f 3064/10/6 3060/10/6 3066/10/6
f 3065/10/6 3064/10/6 3066/10/6
f 3067/10/6 3068/10/6 3069/10/6
f 3069/10/6 3068/10/6 3070/10/6
f 3067/10/6 3069/10/6 3071/10/6
f 3070/10/6 3068/10/6 3074/10/6
f 3072/10/6 3073/10/6 3075/10/6
f 3073/10/6 3074/10/6 3075/10/6
f 3067/10/6 3071/10/6 3075/10/6
f 3071/10/6 3072/10/6 3075/10/6
f 3074/10/6 3068/10/6 3076/10/6
f 3075/10/6 3074/10/6 3076/10/6
f 3077/10/6 3078/10/6 3079/10/6
f 3079/10/6 3078/10/6 3080/10/6
f 3077/10/6 3079/10/6 3081/10/6
f 3080/10/6 3078/10/6 3082/10/6
f 3077/10/6 3081/10/6 3083/10/6
f 3081/10/6 3082/10/6 3083/10/6
f 3082/10/6 3078/10/6 3084/10/6
f 3083/10/6 3082/10/6 3084/10/6
f 3085/1/6 3086/1/6 3087/1/6
f 3087/1/6 3086/1/6 3088/1/6
f 3089/1/6 3090/1/6 3093/1/6
f 3093/1/6 3090/1/6 3094/1/6
f 3091/1/6 3092/1/6 3095/1/6
f 3095/1/6 3092/1/6 3096/1/6
f 3097/9/6 3098/9/6 3102/9/6
f 3102/9/6 3098/9/6 3103/9/6
f 3099/9/6 3100/9/6 3104/9/6
f 3104/9/6 3100/9/6 3105/9/6
f 3101/1/6 3102/1/6 3107/1/6
f 3107/1/6 3102/1/6 3108/1/6
f 3105/1/6 3106/1/6 3109/1/6
f 3109/1/6 3106/1/6 3110/1/6
f 3111/1/6 3112/1/6 3113/1/6
f 3113/1/6 3112/1/6 3114/1/6
f 3115/10/6 3116/10/6 3119/10/6
f 3119/10/6 3116/10/6 3120/10/6
f 3117/10/6 3118/10/6 3123/10/6
f 3123/10/6 3118/10/6 3124/10/6
f 3121/1/6 3122/1/6 3127/1/6
f 3127/1/6 3122/1/6 3128/1/6
f 3125/1/6 3126/1/6 3129/1/6
f 3129/1/6 3126/1/6 3130/1/6
f 3131/1/6 3132/1/6 3133/1/6
f 3133/1/6 3132/1/6 3134/1/6
f 3135/9/6 3136/9/6 3139/9/6
f 3139/9/6 3136/9/6 3140/9/6
f 3137/9/6 3138/9/6 3141/9/6
f 3141/9/6 3138/9/6 3142/9/6
f 3143/10/6 3144/10/6 3150/10/6
f 3150/10/6 3144/10/6 3151/10/6
f 3145/2/6 3146/2/6 3153/2/6
f 3146/14/6 3147/14/6 3154/14/6
f 3153/2/6 3146/2/6 3154/2/6
f 3154/14/6 3147/14/6 3155/14/6
f 3148/10/6 3149/10/6 3158/10/6
f 3158/10/6 3149/10/6 3159/10/6
f 3152/1/6 3153/1/6 3161/1/6
f 3161/1/6 3153/1/6 3162/1/6
f 3162/1/6 3153/1/6 3163/1/6
f 3155/1/6 3156/1/6 3164/1/6
f 3154/1/6 3155/1/6 3164/1/6
f 3164/1/6 3156/1/6 3165/1/6
f 3157/1/6 3158/1/6 3166/1/6
f 3166/1/6 3158/1/6 3167/1/6
f 3161/1/6 3162/1/6 3168/1/6
f 3160/1/6 3161/1/6 3168/1/6
f 3168/1/6 3162/1/6 3169/1/6
f 3165/1/6 3166/1/6 3170/1/6
f 3170/1/6 3166/1/6 3171/1/6
f 3172/1/6 3173/1/6 3174/1/6
f 3174/1/6 3173/1/6 3175/1/6
f 3176/1/6 3177/1/6 3178/1/6
f 3178/1/6 3177/1/6 3179/1/6
f 3180/9/6 3181/9/6 3195/9/6
f 3181/3/6 3182/3/6 3196/3/6
f 3195/9/6 3181/9/6 3196/9/6
f 3182/2/6 3183/2/6 3197/2/6
f 3196/3/6 3182/3/6 3197/3/6
f 3183/7/6 3184/7/6 3198/7/6
f 3197/2/6 3183/2/6 3198/2/6
f 3184/13/6 3185/13/6 3199/13/6
f 3198/7/6 3184/7/6 3199/7/6
f 3199/13/6 3185/13/6 3200/13/6
f 3186/10/6 3187/10/6 3201/10/6
f 3201/10/6 3187/10/6 3202/10/6
f 3188/10/6 3189/10/6 3203/10/6
f 3203/10/6 3189/10/6 3204/10/6
f 3190/13/6 3191/13/6 3205/13/6
f 3191/7/6 3192/7/6 3206/7/6
f 3205/13/6 3191/13/6 3206/13/6
f 3192/2/6 3193/2/6 3207/2/6
f 3206/7/6 3192/7/6 3207/7/6
f 3193/9/6 3194/9/6 3208/9/6
f 3207/2/6 3193/2/6 3208/2/6
f 3208/9/6 3194/9/6 3209/9/6
f 3210/1/6 3211/1/6 3216/1/6
f 3216/1/6 3211/1/6 3217/1/6
f 3212/1/6 3213/1/6 3218/1/6
f 3218/1/6 3213/1/6 3219/1/6
f 3214/1/6 3215/1/6 3220/1/6
f 3220/1/6 3215/1/6 3221/1/6
f 3222/10/6 3223/10/6 3226/10/6
f 3226/10/6 3223/10/6 3227/10/6
f 3224/10/6 3225/10/6 3228/10/6
f 3228/10/6 3225/10/6 3229/10/6
f 3230/1/6 3231/1/6 3234/1/6
f 3234/1/6 3231/1/6 3235/1/6
f 3232/1/6 3233/1/6 3238/1/6
f 3238/1/6 3233/1/6 3239/1/6
f 3236/1/6 3237/1/6 3240/1/6
f 3240/1/6 3237/1/6 3241/1/6
f 3242/10/6 3243/10/6 3251/10/6
f 3246/10/6 3247/10/6 3253/10/6
f 3253/10/6 3247/10/6 3254/10/6
f 3251/10/6 3252/10/6 3258/10/6
f 3242/10/6 3251/10/6 3258/10/6
f 3258/10/6 3252/10/6 3259/10/6
f 3242/10/6 3258/10/6 3260/10/6
f 3248/11/6 3249/11/6 3262/11/6
f 3249/10/6 3250/10/6 3263/10/6
f 3262/11/6 3249/11/6 3263/11/6
f 3263/10/6 3250/10/6 3264/10/6
f 3260/10/6 3261/10/6 3265/10/6
f 3242/10/6 3260/10/6 3265/10/6
f 3265/10/6 3261/10/6 3266/10/6
f 3255/10/6 3256/10/6 3267/10/6
f 3256/11/6 3257/11/6 3268/11/6
f 3267/10/6 3256/10/6 3268/10/6
f 3268/11/6 3257/11/6 3269/11/6
f 3242/10/6 3265/10/6 3276/10/6
f 3276/10/6 3265/10/6 3277/10/6
f 3270/2/6 3271/2/6 3279/2/6
f 3271/8/6 3272/8/6 3280/8/6
f 3279/2/6 3271/2/6 3280/2/6
f 3272/7/6 3273/7/6 3281/7/6
f 3280/8/6 3272/8/6 3281/8/6
f 3273/8/6 3274/8/6 3282/8/6
f 3281/7/6 3273/7/6 3282/7/6
f 3274/2/6 3275/2/6 3283/2/6
f 3282/8/6 3274/8/6 3283/8/6
f 3283/2/6 3275/2/6 3284/2/6
f 3244/10/6 3245/10/6 3285/10/6
f 3285/10/6 3245/10/6 3286/10/6
f 3277/1/6 3278/1/6 3287/1/6
f 3287/1/6 3278/1/6 3288/1/6
f 3284/1/6 3285/1/6 3289/1/6
f 3289/1/6 3285/1/6 3290/1/6
f 3290/1/6 3285/1/6 3291/1/6
f 3291/1/6 3285/1/6 3292/1/6
f 3290/1/6 3291/1/6 3293/1/6
f 3293/1/6 3291/1/6 3294/1/6
f 3295/1/6 3296/1/6 3297/1/6
f 3297/1/6 3296/1/6 3298/1/6
f 3299/1/6 3300/1/6 3304/1/6
f 3301/1/6 3302/1/6 3305/1/6
f 3305/1/6 3302/1/6 3306/1/6
f 3303/1/6 3304/1/6 3307/1/6
f 3304/1/6 3300/1/6 3308/1/6
f 3307/1/6 3304/1/6 3308/1/6
f 3308/1/6 3300/1/6 3309/1/6
f 3310/1/6 3311/1/6 3313/1/6
f 3311/1/6 3312/1/6 3313/1/6
f 3313/1/6 3312/1/6 3314/1/6
f 3317/1/6 3318/1/6 3319/1/6
f 3319/1/6 3318/1/6 3320/1/6
f 3310/1/6 3313/1/6 3321/1/6
f 3321/1/6 3313/1/6 3322/1/6
f 3314/1/6 3315/1/6 3329/1/6
f 3315/14/6 3316/14/6 3330/14/6
f 3329/1/6 3315/1/6 3330/1/6
f 3330/14/6 3316/14/6 3331/14/6
f 3323/14/6 3324/14/6 3332/14/6
f 3325/1/6 3326/1/6 3334/1/6
f 3331/14/6 3332/14/6 3336/14/6
f 3330/14/6 3331/14/6 3336/14/6
f 3332/14/6 3324/14/6 3337/14/6
f 3336/14/6 3332/14/6 3337/14/6
f 3327/1/6 3328/1/6 3338/1/6
f 3338/1/6 3328/1/6 3339/1/6
f 3335/1/6 3336/1/6 3340/1/6
f 3333/1/6 3334/1/6 3341/1/6
f 3334/1/6 3326/1/6 3342/1/6
f 3341/1/6 3334/1/6 3342/1/6
f 3339/1/6 3340/1/6 3343/1/6
f 3340/1/6 3336/1/6 3344/1/6
f 3343/1/6 3340/1/6 3344/1/6
f 3345/1/6 3346/1/6 3347/1/6
f 3347/1/6 3346/1/6 3348/1/6
f 3348/1/6 3349/1/6 3350/1/6
f 3350/1/6 3349/1/6 3351/1/6
f 3352/1/6 3353/1/6 3354/1/6
f 3354/1/6 3353/1/6 3355/1/6
f 3356/1/6 3357/1/6 3358/1/6
f 3356/1/6 3358/1/6 3361/1/6
f 3361/1/6 3358/1/6 3362/1/6
f 3359/1/6 3360/1/6 3363/1/6
f 3363/1/6 3360/1/6 3364/1/6
f 3365/1/6 3366/1/6 3367/1/6
f 3367/1/6 3366/1/6 3368/1/6
f 3369/1/6 3370/1/6 3373/1/6
f 3373/1/6 3370/1/6 3374/1/6
f 3371/1/6 3372/1/6 3375/1/6
f 3375/1/6 3372/1/6 3376/1/6
f 3377/1/6 3378/1/6 3379/1/6
f 3379/1/6 3378/1/6 3380/1/6
f 3381/1/6 3382/1/6 3383/1/6
f 3383/1/6 3382/1/6 3384/1/6
f 3385/1/6 3386/1/6 3387/1/6
f 3387/1/6 3386/1/6 3388/1/6
f 3389/1/6 3390/1/6 3391/1/6
f 3391/1/6 3390/1/6 3392/1/6
f 3393/1/6 3394/1/6 3395/1/6
f 3395/1/6 3394/1/6 3396/1/6
f 3397/1/6 3398/1/6 3399/1/6
f 3399/1/6 3398/1/6 3400/1/6
f 3401/1/6 3402/1/6 3403/1/6
f 3403/1/6 3402/1/6 3404/1/6
f 3405/1/6 3406/1/6 3407/1/6
f 3407/1/6 3406/1/6 3408/1/6
f 3409/1/6 3410/1/6 3411/1/6
f 3411/1/6 3410/1/6 3412/1/6
f 3413/1/6 3414/1/6 3417/1/6
f 3417/1/6 3414/1/6 3418/1/6
f 3415/1/6 3416/1/6 3419/1/6
f 3419/1/6 3416/1/6 3420/1/6
f 3421/1/6 3422/1/6 3424/1/6
f 3424/1/6 3422/1/6 3425/1/6
f 3423/1/6 3424/1/6 3426/1/6
f 3426/1/6 3424/1/6 3427/1/6
f 3428/1/6 3429/1/6 3432/1/6
f 3432/1/6 3429/1/6 3433/1/6
f 3430/1/6 3431/1/6 3434/1/6
f 3434/1/6 3431/1/6 3435/1/6
f 3436/1/6 3437/1/6 3438/1/6
f 3438/1/6 3437/1/6 3439/1/6
f 3439/1/6 3440/1/6 3443/1/6
f 3441/1/6 3442/1/6 3446/1/6
f 3446/1/6 3442/1/6 3447/1/6
f 3443/1/6 3444/1/6 3448/1/6
f 3439/1/6 3443/1/6 3448/1/6
f 3448/1/6 3444/1/6 3449/1/6
f 3445/1/6 3446/1/6 3450/1/6
f 3450/1/6 3446/1/6 3451/1/6
f 3452/1/6 3453/1/6 3456/1/6
f 3456/1/6 3453/1/6 3457/1/6
f 3454/1/6 3455/1/6 3458/1/6
f 3458/1/6 3455/1/6 3459/1/6
f 3457/1/6 3453/1/6 3460/1/6
f 3460/1/6 3453/1/6 3461/1/6
f 3462/1/6 3463/1/6 3466/1/6
f 3466/1/6 3463/1/6 3467/1/6
f 3464/1/6 3465/1/6 3468/1/6
f 3468/1/6 3465/1/6 3469/1/6
f 3470/1/6 3471/1/6 3475/1/6
f 3475/1/6 3471/1/6 3476/1/6
f 3472/1/6 3473/1/6 3477/1/6
f 3477/1/6 3473/1/6 3478/1/6
f 3474/1/6 3475/1/6 3479/1/6
f 3479/1/6 3475/1/6 3480/1/6
f 3481/1/6 3482/1/6 3483/1/6
f 3483/1/6 3482/1/6 3484/1/6
f 3485/1/6 3486/1/6 3488/1/6
f 3488/1/6 3486/1/6 3489/1/6
f 3487/1/6 3488/1/6 3492/1/6
f 3489/1/6 3490/1/6 3492/1/6
f 3488/1/6 3489/1/6 3492/1/6
f 3492/1/6 3490/1/6 3493/1/6
f 3493/1/6 3490/1/6 3494/1/6
f 3491/1/6 3492/1/6 3495/1/6
f 3492/1/6 3493/1/6 3495/1/6
f 3495/1/6 3493/1/6 3496/1/6
f 3496/1/6 3493/1/6 3497/1/6
f 3497/1/6 3493/1/6 3498/1/6
f 3496/1/6 3497/1/6 3501/1/6
f 3501/1/6 3497/1/6 3502/1/6
f 3499/1/6 3500/1/6 3506/1/6
f 3506/1/6 3500/1/6 3507/1/6
f 3503/1/6 3504/1/6 3508/1/6
f 3508/1/6 3504/1/6 3509/1/6
f 3505/1/6 3506/1/6 3510/1/6
f 3510/1/6 3506/1/6 3511/1/6
f 3511/1/6 3512/1/6 3513/1/6
f 3513/1/6 3512/1/6 3514/1/6
f 3514/1/6 3515/1/6 3518/1/6
f 3518/1/6 3515/1/6 3519/1/6
f 3516/1/6 3517/1/6 3521/1/6
f 3521/1/6 3517/1/6 3522/1/6
f 3519/1/6 3520/1/6 3523/1/6
f 3523/1/6 3520/1/6 3524/1/6
f 3525/1/6 3526/1/6 3532/1/6
f 3532/1/6 3526/1/6 3533/1/6
f 3529/1/6 3530/1/6 3535/1/6
f 3535/1/6 3530/1/6 3536/1/6
f 3533/1/6 3534/1/6 3537/1/6
f 3531/1/6 3532/1/6 3537/1/6
f 3532/1/6 3533/1/6 3537/1/6
f 3537/1/6 3534/1/6 3538/1/6
f 3527/1/6 3528/1/6 3539/1/6
f 3539/1/6 3528/1/6 3540/1/6
f 3538/1/6 3534/1/6 3541/1/6
f 3541/1/6 3534/1/6 3542/1/6
f 3529/1/6 3535/1/6 3545/1/6
f 3545/1/6 3535/1/6 3546/1/6
f 3542/1/6 3534/1/6 3547/1/6
f 3547/1/6 3534/1/6 3548/1/6
f 3548/1/6 3534/1/6 3551/1/6
f 3549/2/6 3550/2/6 3556/2/6
f 3556/2/6 3550/2/6 3557/2/6
f 3548/1/6 3551/1/6 3559/1/6
f 3559/1/6 3551/1/6 3560/1/6
f 3543/1/6 3544/1/6 3561/1/6
f 3561/1/6 3544/1/6 3562/1/6
f 3554/2/6 3555/2/6 3563/2/6
f 3563/2/6 3555/2/6 3564/2/6
f 3557/2/6 3558/2/6 3565/2/6
f 3565/2/6 3558/2/6 3566/2/6
f 3552/1/6 3553/1/6 3568/1/6
f 3568/1/6 3553/1/6 3569/1/6
f 3562/1/6 3563/1/6 3570/1/6
f 3567/1/6 3568/1/6 3573/1/6
f 3570/1/6 3571/1/6 3574/1/6
f 3562/1/6 3570/1/6 3574/1/6
f 3574/1/6 3571/1/6 3575/1/6
f 3575/1/6 3571/1/6 3576/1/6
f 3572/1/6 3573/1/6 3578/1/6
f 3573/1/6 3568/1/6 3578/1/6
f 3578/1/6 3568/1/6 3579/1/6
f 3576/1/6 3577/1/6 3580/1/6
f 3575/1/6 3576/1/6 3580/1/6
f 3580/1/6 3577/1/6 3581/1/6
f 3572/1/6 3578/1/6 3582/1/6
f 3582/1/6 3578/1/6 3583/1/6
f 3581/1/6 3582/1/6 3584/1/6
f 3584/1/6 3582/1/6 3585/1/6
f 3586/1/6 3587/1/6 3591/1/6
f 3588/1/6 3589/1/6 3592/1/6
f 3590/1/6 3591/1/6 3594/1/6
f 3591/1/6 3587/1/6 3594/1/6
f 3592/1/6 3593/1/6 3595/1/6
f 3588/1/6 3592/1/6 3595/1/6
f 3595/1/6 3593/1/6 3596/1/6
f 3594/1/6 3595/1/6 3598/1/6
f 3596/1/6 3597/1/6 3598/1/6
f 3595/1/6 3596/1/6 3598/1/6
f 3598/1/6 3597/1/6 3599/1/6
f 3590/1/6 3594/1/6 3602/1/6
f 3594/1/6 3598/1/6 3602/1/6
f 3602/1/6 3598/1/6 3603/1/6
f 3603/1/6 3598/1/6 3604/1/6
f 3599/1/6 3597/1/6 3605/1/6
f 3605/1/6 3597/1/6 3606/1/6
f 3606/1/6 3597/1/6 3607/1/6
f 3600/1/6 3601/1/6 3608/1/6
f 3590/1/6 3602/1/6 3609/1/6
f 3609/1/6 3602/1/6 3610/1/6
f 3603/1/6 3604/1/6 3611/1/6
f 3604/1/6 3605/1/6 3611/1/6
f 3611/1/6 3605/1/6 3612/1/6
f 3606/1/6 3607/1/6 3613/1/6
f 3607/1/6 3608/1/6 3613/1/6
f 3608/1/6 3601/1/6 3614/1/6
f 3613/1/6 3608/1/6 3614/1/6
f 3614/1/6 3601/1/6 3615/1/6
f 3611/1/6 3612/1/6 3616/1/6
f 3613/1/6 3614/1/6 3616/1/6
f 3610/1/6 3611/1/6 3616/1/6
f 3612/1/6 3613/1/6 3616/1/6
f 3616/1/6 3614/1/6 3617/1/6
f 3617/1/6 3614/1/6 3618/1/6
f 3618/1/6 3614/1/6 3619/1/6
f 3617/1/6 3618/1/6 3620/1/6
f 3620/1/6 3618/1/6 3621/1/6
f 3621/1/6 3618/1/6 3622/1/6
f 3622/1/6 3618/1/6 3623/1/6
