# MagicaVoxel @ Ephtracy

# group
o wood-dark-4x4

# material
mtllib beams-7-wood-dark-4x4.mtl
usemtl palette

# normals
vn -1 0 0
vn 1 0 0
vn 0 0 1
vn 0 0 -1
vn 0 -1 0
vn 0 1 0

# texcoords
vt 0.220703 0.5
vt 0.224609 0.5
vt 0.228516 0.5
vt 0.232422 0.5
vt 0.236328 0.5
vt 0.240234 0.5
vt 0.244141 0.5
vt 0.248047 0.5
vt 0.251953 0.5
vt 0.255859 0.5
vt 0.259766 0.5
vt 0.263672 0.5
vt 0.267578 0.5

# verts
v -2.7 0 6.3
v -2.7 0 6.2
v -2.7 0 6.1
v -2.7 0 6
v -2.7 0 5.9
v -2.7 0 5.5
v -2.7 0 5.4
v -2.7 0 5.3
v -2.7 0 5.1
v -2.7 0 4.9
v -2.7 0 4.6
v -2.7 0 4.5
v -2.7 0 4.3
v -2.7 0 4.2
v -2.7 0 4.1
v -2.7 0 4
v -2.7 0 3.9
v -2.7 0 3.7
v -2.7 0 3.6
v -2.7 0 3.5
v -2.7 0 3.3
v -2.7 0 3.2
v -2.7 0 3
v -2.7 0 2.9
v -2.7 0 2.8
v -2.7 0 2.7
v -2.7 0 2.6
v -2.7 0 2.5
v -2.7 0 2.4
v -2.7 0 2.3
v -2.7 0 2.2
v -2.7 0 2.1
v -2.7 0 1.9
v -2.7 0 1.8
v -2.7 0 1.7
v -2.7 0 1.6
v -2.7 0 1.5
v -2.7 0 1.4
v -2.7 0 1.3
v -2.7 0 1.1
v -2.7 0 1
v -2.7 0 0.8
v -2.7 0 0.6
v -2.7 0 0.5
v -2.7 0 0.4
v -2.7 0 0.3
v -2.7 0 0.2
v -2.7 0 0
v -2.7 0 -0.4
v -2.7 0 -0.5
v -2.7 0 -0.7
v -2.7 0 -1
v -2.7 0 -1.1
v -2.7 0 -1.2
v -2.7 0 -1.3
v -2.7 0 -1.4
v -2.7 0 -1.5
v -2.7 0 -1.8
v -2.7 0 -2
v -2.7 0 -2.3
v -2.7 0 -2.4
v -2.7 0 -2.5
v -2.7 0 -2.6
v -2.7 0 -2.7
v -2.7 0 -2.9
v -2.7 0 -3
v -2.7 0 -3.1
v -2.7 0 -3.5
v -2.7 0 -3.6
v -2.7 0 -3.9
v -2.7 0 -4
v -2.7 0 -4.1
v -2.7 0 -4.3
v -2.7 0 -4.5
v -2.7 0 -4.7
v -2.7 0 -4.8
v -2.7 0 -4.9
v -2.7 0 -5.1
v -2.7 0 -5.2
v -2.7 0 -5.3
v -2.7 0 -5.5
v -2.7 0 -5.7
v -2.7 0 -5.9
v -2.7 0 -6.3
v -2.7 0.1 6.3
v -2.7 0.1 6.2
v -2.7 0.1 6.1
v -2.7 0.1 6
v -2.7 0.1 5.9
v -2.7 0.1 5.7
v -2.7 0.1 5.6
v -2.7 0.1 5.5
v -2.7 0.1 5.4
v -2.7 0.1 5.3
v -2.7 0.1 5.2
v -2.7 0.1 5.1
v -2.7 0.1 5
v -2.7 0.1 4.9
v -2.7 0.1 4.7
v -2.7 0.1 4.6
v -2.7 0.1 4.5
v -2.7 0.1 4.4
v -2.7 0.1 4.3
v -2.7 0.1 4.2
v -2.7 0.1 4.1
v -2.7 0.1 4
v -2.7 0.1 3.9
v -2.7 0.1 3.7
v -2.7 0.1 3.6
v -2.7 0.1 3.5
v -2.7 0.1 3.4
v -2.7 0.1 3.3
v -2.7 0.1 3.2
v -2.7 0.1 3.1
v -2.7 0.1 3
v -2.7 0.1 2.9
v -2.7 0.1 2.8
v -2.7 0.1 2.7
v -2.7 0.1 2.6
v -2.7 0.1 2.5
v -2.7 0.1 2.4
v -2.7 0.1 2.3
v -2.7 0.1 2.2
v -2.7 0.1 2.1
v -2.7 0.1 2
v -2.7 0.1 1.9
v -2.7 0.1 1.8
v -2.7 0.1 1.7
v -2.7 0.1 1.6
v -2.7 0.1 1.5
v -2.7 0.1 1.3
v -2.7 0.1 1.1
v -2.7 0.1 0.9
v -2.7 0.1 0.8
v -2.7 0.1 0.7
v -2.7 0.1 0.6
v -2.7 0.1 0.5
v -2.7 0.1 0.4
v -2.7 0.1 0.3
v -2.7 0.1 0.2
v -2.7 0.1 0.1
v -2.7 0.1 -0.2
v -2.7 0.1 -0.4
v -2.7 0.1 -0.5
v -2.7 0.1 -0.7
v -2.7 0.1 -0.8
v -2.7 0.1 -0.9
v -2.7 0.1 -1
v -2.7 0.1 -1.1
v -2.7 0.1 -1.2
v -2.7 0.1 -1.3
v -2.7 0.1 -1.4
v -2.7 0.1 -1.5
v -2.7 0.1 -1.8
v -2.7 0.1 -1.9
v -2.7 0.1 -2
v -2.7 0.1 -2.1
v -2.7 0.1 -2.3
v -2.7 0.1 -2.4
v -2.7 0.1 -2.5
v -2.7 0.1 -2.6
v -2.7 0.1 -2.7
v -2.7 0.1 -2.8
v -2.7 0.1 -2.9
v -2.7 0.1 -3
v -2.7 0.1 -3.1
v -2.7 0.1 -3.2
v -2.7 0.1 -3.3
v -2.7 0.1 -3.4
v -2.7 0.1 -3.5
v -2.7 0.1 -3.6
v -2.7 0.1 -3.8
v -2.7 0.1 -3.9
v -2.7 0.1 -4
v -2.7 0.1 -4.1
v -2.7 0.1 -4.2
v -2.7 0.1 -4.3
v -2.7 0.1 -4.4
v -2.7 0.1 -4.5
v -2.7 0.1 -4.6
v -2.7 0.1 -4.7
v -2.7 0.1 -4.8
v -2.7 0.1 -4.9
v -2.7 0.1 -5
v -2.7 0.1 -5.1
v -2.7 0.1 -5.2
v -2.7 0.1 -5.4
v -2.7 0.1 -5.5
v -2.7 0.1 -5.7
v -2.7 0.1 -5.8
v -2.7 0.1 -5.9
v -2.7 0.1 -6.2
v -2.7 0.1 -6.3
v -2.7 0.2 6.3
v -2.7 0.2 6.2
v -2.7 0.2 6.1
v -2.7 0.2 6
v -2.7 0.2 5.9
v -2.7 0.2 5.8
v -2.7 0.2 5.7
v -2.7 0.2 5.6
v -2.7 0.2 5.5
v -2.7 0.2 5.4
v -2.7 0.2 5.3
v -2.7 0.2 5.2
v -2.7 0.2 5.1
v -2.7 0.2 5
v -2.7 0.2 4.9
v -2.7 0.2 4.8
v -2.7 0.2 4.7
v -2.7 0.2 4.5
v -2.7 0.2 4.4
v -2.7 0.2 4.3
v -2.7 0.2 4.2
v -2.7 0.2 4.1
v -2.7 0.2 3.9
v -2.7 0.2 3.8
v -2.7 0.2 3.7
v -2.7 0.2 3.6
v -2.7 0.2 3.5
v -2.7 0.2 3.4
v -2.7 0.2 3.3
v -2.7 0.2 3.2
v -2.7 0.2 3.1
v -2.7 0.2 3
v -2.7 0.2 2.9
v -2.7 0.2 2.8
v -2.7 0.2 2.7
v -2.7 0.2 2.6
v -2.7 0.2 2.5
v -2.7 0.2 2.4
v -2.7 0.2 2.3
v -2.7 0.2 2.2
v -2.7 0.2 2.1
v -2.7 0.2 2
v -2.7 0.2 1.9
v -2.7 0.2 1.8
v -2.7 0.2 1.7
v -2.7 0.2 1.6
v -2.7 0.2 1.5
v -2.7 0.2 1.4
v -2.7 0.2 1.2
v -2.7 0.2 1.1
v -2.7 0.2 1
v -2.7 0.2 0.9
v -2.7 0.2 0.8
v -2.7 0.2 0.7
v -2.7 0.2 0.6
v -2.7 0.2 0.5
v -2.7 0.2 0.4
v -2.7 0.2 0.3
v -2.7 0.2 0.2
v -2.7 0.2 0.1
v -2.7 0.2 0
v -2.7 0.2 -0.1
v -2.7 0.2 -0.2
v -2.7 0.2 -0.3
v -2.7 0.2 -0.4
v -2.7 0.2 -0.7
v -2.7 0.2 -0.8
v -2.7 0.2 -0.9
v -2.7 0.2 -1
v -2.7 0.2 -1.1
v -2.7 0.2 -1.2
v -2.7 0.2 -1.3
v -2.7 0.2 -1.5
v -2.7 0.2 -1.7
v -2.7 0.2 -1.8
v -2.7 0.2 -1.9
v -2.7 0.2 -2
v -2.7 0.2 -2.1
v -2.7 0.2 -2.3
v -2.7 0.2 -2.4
v -2.7 0.2 -2.5
v -2.7 0.2 -2.6
v -2.7 0.2 -2.7
v -2.7 0.2 -2.8
v -2.7 0.2 -2.9
v -2.7 0.2 -3
v -2.7 0.2 -3.2
v -2.7 0.2 -3.3
v -2.7 0.2 -3.4
v -2.7 0.2 -3.5
v -2.7 0.2 -3.6
v -2.7 0.2 -3.8
v -2.7 0.2 -4
v -2.7 0.2 -4.1
v -2.7 0.2 -4.2
v -2.7 0.2 -4.3
v -2.7 0.2 -4.4
v -2.7 0.2 -4.5
v -2.7 0.2 -4.6
v -2.7 0.2 -4.7
v -2.7 0.2 -4.8
v -2.7 0.2 -4.9
v -2.7 0.2 -5
v -2.7 0.2 -5.1
v -2.7 0.2 -5.2
v -2.7 0.2 -5.3
v -2.7 0.2 -5.4
v -2.7 0.2 -5.5
v -2.7 0.2 -5.7
v -2.7 0.2 -5.8
v -2.7 0.2 -5.9
v -2.7 0.2 -6
v -2.7 0.2 -6.2
v -2.7 0.2 -6.3
v -2.7 0.3 6.3
v -2.7 0.3 6.1
v -2.7 0.3 6
v -2.7 0.3 5.9
v -2.7 0.3 5.8
v -2.7 0.3 5.7
v -2.7 0.3 5.6
v -2.7 0.3 5.5
v -2.7 0.3 5.4
v -2.7 0.3 5.3
v -2.7 0.3 5.2
v -2.7 0.3 5.1
v -2.7 0.3 5
v -2.7 0.3 4.9
v -2.7 0.3 4.8
v -2.7 0.3 4.6
v -2.7 0.3 4.5
v -2.7 0.3 4.4
v -2.7 0.3 4.3
v -2.7 0.3 4.1
v -2.7 0.3 4
v -2.7 0.3 3.9
v -2.7 0.3 3.8
v -2.7 0.3 3.7
v -2.7 0.3 3.6
v -2.7 0.3 3.5
v -2.7 0.3 3.4
v -2.7 0.3 3.3
v -2.7 0.3 3.2
v -2.7 0.3 3.1
v -2.7 0.3 2.9
v -2.7 0.3 2.8
v -2.7 0.3 2.7
v -2.7 0.3 2.6
v -2.7 0.3 2.5
v -2.7 0.3 2.2
v -2.7 0.3 2.1
v -2.7 0.3 2
v -2.7 0.3 1.9
v -2.7 0.3 1.8
v -2.7 0.3 1.7
v -2.7 0.3 1.6
v -2.7 0.3 1.4
v -2.7 0.3 1.3
v -2.7 0.3 1.2
v -2.7 0.3 1.1
v -2.7 0.3 1
v -2.7 0.3 0.9
v -2.7 0.3 0.8
v -2.7 0.3 0.7
v -2.7 0.3 0.5
v -2.7 0.3 0.4
v -2.7 0.3 0.3
v -2.7 0.3 0.2
v -2.7 0.3 0.1
v -2.7 0.3 0
v -2.7 0.3 -0.1
v -2.7 0.3 -0.2
v -2.7 0.3 -0.3
v -2.7 0.3 -0.4
v -2.7 0.3 -0.6
v -2.7 0.3 -0.7
v -2.7 0.3 -0.8
v -2.7 0.3 -0.9
v -2.7 0.3 -1
v -2.7 0.3 -1.1
v -2.7 0.3 -1.2
v -2.7 0.3 -1.3
v -2.7 0.3 -1.4
v -2.7 0.3 -1.5
v -2.7 0.3 -1.6
v -2.7 0.3 -1.7
v -2.7 0.3 -1.8
v -2.7 0.3 -1.9
v -2.7 0.3 -2
v -2.7 0.3 -2.1
v -2.7 0.3 -2.2
v -2.7 0.3 -2.3
v -2.7 0.3 -2.4
v -2.7 0.3 -2.5
v -2.7 0.3 -2.6
v -2.7 0.3 -2.7
v -2.7 0.3 -2.8
v -2.7 0.3 -2.9
v -2.7 0.3 -3.1
v -2.7 0.3 -3.2
v -2.7 0.3 -3.5
v -2.7 0.3 -3.6
v -2.7 0.3 -3.7
v -2.7 0.3 -3.8
v -2.7 0.3 -4
v -2.7 0.3 -4.1
v -2.7 0.3 -4.2
v -2.7 0.3 -4.3
v -2.7 0.3 -4.4
v -2.7 0.3 -4.5
v -2.7 0.3 -4.6
v -2.7 0.3 -4.7
v -2.7 0.3 -4.8
v -2.7 0.3 -4.9
v -2.7 0.3 -5
v -2.7 0.3 -5.1
v -2.7 0.3 -5.2
v -2.7 0.3 -5.4
v -2.7 0.3 -5.5
v -2.7 0.3 -5.7
v -2.7 0.3 -5.8
v -2.7 0.3 -5.9
v -2.7 0.3 -6
v -2.7 0.3 -6.1
v -2.7 0.3 -6.2
v -2.7 0.3 -6.3
v -2.7 0.4 6.3
v -2.7 0.4 6.1
v -2.7 0.4 6
v -2.7 0.4 5.9
v -2.7 0.4 5.8
v -2.7 0.4 5.6
v -2.7 0.4 5.5
v -2.7 0.4 5.4
v -2.7 0.4 5.3
v -2.7 0.4 5.2
v -2.7 0.4 5.1
v -2.7 0.4 5
v -2.7 0.4 4.9
v -2.7 0.4 4.8
v -2.7 0.4 4.6
v -2.7 0.4 4.5
v -2.7 0.4 4.4
v -2.7 0.4 4.1
v -2.7 0.4 4
v -2.7 0.4 3.7
v -2.7 0.4 3.5
v -2.7 0.4 3.4
v -2.7 0.4 3.3
v -2.7 0.4 2.6
v -2.7 0.4 2.5
v -2.7 0.4 2.4
v -2.7 0.4 2.3
v -2.7 0.4 2.2
v -2.7 0.4 2.1
v -2.7 0.4 2
v -2.7 0.4 1.9
v -2.7 0.4 1.8
v -2.7 0.4 1.6
v -2.7 0.4 1.4
v -2.7 0.4 1.3
v -2.7 0.4 1.2
v -2.7 0.4 0.9
v -2.7 0.4 0.3
v -2.7 0.4 0.2
v -2.7 0.4 0.1
v -2.7 0.4 0
v -2.7 0.4 -0.2
v -2.7 0.4 -0.4
v -2.7 0.4 -0.6
v -2.7 0.4 -0.7
v -2.7 0.4 -0.9
v -2.7 0.4 -1.1
v -2.7 0.4 -1.2
v -2.7 0.4 -1.3
v -2.7 0.4 -1.4
v -2.7 0.4 -1.5
v -2.7 0.4 -1.6
v -2.7 0.4 -1.7
v -2.7 0.4 -1.8
v -2.7 0.4 -1.9
v -2.7 0.4 -2
v -2.7 0.4 -2.2
v -2.7 0.4 -2.4
v -2.7 0.4 -2.5
v -2.7 0.4 -2.6
v -2.7 0.4 -2.7
v -2.7 0.4 -2.8
v -2.7 0.4 -3.1
v -2.7 0.4 -3.2
v -2.7 0.4 -3.7
v -2.7 0.4 -4.1
v -2.7 0.4 -4.2
v -2.7 0.4 -4.3
v -2.7 0.4 -4.4
v -2.7 0.4 -4.5
v -2.7 0.4 -4.6
v -2.7 0.4 -4.7
v -2.7 0.4 -4.8
v -2.7 0.4 -4.9
v -2.7 0.4 -5
v -2.7 0.4 -5.1
v -2.7 0.4 -5.2
v -2.7 0.4 -5.7
v -2.7 0.4 -5.8
v -2.7 0.4 -6.1
v -2.7 0.4 -6.2
v -2.7 0.4 -6.3
v -2.3 0 6.3
v -2.3 0 6.2
v -2.3 0 6.1
v -2.3 0 6
v -2.3 0 5.7
v -2.3 0 5.6
v -2.3 0 5.4
v -2.3 0 5.3
v -2.3 0 5.2
v -2.3 0 5.1
v -2.3 0 5
v -2.3 0 4.8
v -2.3 0 4.7
v -2.3 0 4.6
v -2.3 0 4.4
v -2.3 0 4.3
v -2.3 0 4.2
v -2.3 0 4.1
v -2.3 0 4
v -2.3 0 3.9
v -2.3 0 3.7
v -2.3 0 3.6
v -2.3 0 3.4
v -2.3 0 3.2
v -2.3 0 3
v -2.3 0 2.9
v -2.3 0 2.7
v -2.3 0 2.6
v -2.3 0 2.5
v -2.3 0 2.4
v -2.3 0 2.3
v -2.3 0 2.2
v -2.3 0 2.1
v -2.3 0 1.9
v -2.3 0 1.8
v -2.3 0 1.7
v -2.3 0 1.4
v -2.3 0 1.3
v -2.3 0 1.2
v -2.3 0 1.1
v -2.3 0 0.9
v -2.3 0 0.8
v -2.3 0 0.7
v -2.3 0 0.6
v -2.3 0 0.5
v -2.3 0 0.4
v -2.3 0 0.3
v -2.3 0 0.2
v -2.3 0 0.1
v -2.3 0 -0.1
v -2.3 0 -0.2
v -2.3 0 -0.3
v -2.3 0 -0.4
v -2.3 0 -0.7
v -2.3 0 -0.8
v -2.3 0 -0.9
v -2.3 0 -1
v -2.3 0 -1.1
v -2.3 0 -1.3
v -2.3 0 -1.4
v -2.3 0 -1.5
v -2.3 0 -1.6
v -2.3 0 -1.8
v -2.3 0 -1.9
v -2.3 0 -2
v -2.3 0 -2.1
v -2.3 0 -2.3
v -2.3 0 -2.4
v -2.3 0 -2.6
v -2.3 0 -2.7
v -2.3 0 -2.8
v -2.3 0 -2.9
v -2.3 0 -3
v -2.3 0 -3.1
v -2.3 0 -3.2
v -2.3 0 -3.3
v -2.3 0 -3.4
v -2.3 0 -3.5
v -2.3 0 -3.7
v -2.3 0 -3.8
v -2.3 0 -4
v -2.3 0 -4.1
v -2.3 0 -4.2
v -2.3 0 -4.4
v -2.3 0 -4.5
v -2.3 0 -4.6
v -2.3 0 -4.9
v -2.3 0 -5.1
v -2.3 0 -5.3
v -2.3 0 -5.6
v -2.3 0 -5.7
v -2.3 0 -5.8
v -2.3 0 -5.9
v -2.3 0 -6.1
v -2.3 0 -6.2
v -2.3 0 -6.3
v -2.3 0.1 6.3
v -2.3 0.1 6.2
v -2.3 0.1 6.1
v -2.3 0.1 6
v -2.3 0.1 5.7
v -2.3 0.1 5.6
v -2.3 0.1 5.4
v -2.3 0.1 5.3
v -2.3 0.1 5.1
v -2.3 0.1 5
v -2.3 0.1 4.9
v -2.3 0.1 4.8
v -2.3 0.1 4.7
v -2.3 0.1 4.6
v -2.3 0.1 4.5
v -2.3 0.1 4.4
v -2.3 0.1 4.3
v -2.3 0.1 4.2
v -2.3 0.1 4.1
v -2.3 0.1 4
v -2.3 0.1 3.9
v -2.3 0.1 3.8
v -2.3 0.1 3.7
v -2.3 0.1 3.6
v -2.3 0.1 3.4
v -2.3 0.1 3.3
v -2.3 0.1 3.2
v -2.3 0.1 3.1
v -2.3 0.1 3
v -2.3 0.1 2.9
v -2.3 0.1 2.8
v -2.3 0.1 2.7
v -2.3 0.1 2.6
v -2.3 0.1 2.5
v -2.3 0.1 2.4
v -2.3 0.1 2.3
v -2.3 0.1 2.2
v -2.3 0.1 2.1
v -2.3 0.1 2
v -2.3 0.1 1.9
v -2.3 0.1 1.8
v -2.3 0.1 1.7
v -2.3 0.1 1.6
v -2.3 0.1 1.5
v -2.3 0.1 1.4
v -2.3 0.1 1.3
v -2.3 0.1 1.2
v -2.3 0.1 1.1
v -2.3 0.1 0.9
v -2.3 0.1 0.8
v -2.3 0.1 0.7
v -2.3 0.1 0.6
v -2.3 0.1 0.5
v -2.3 0.1 0.4
v -2.3 0.1 0.3
v -2.3 0.1 0.2
v -2.3 0.1 0.1
v -2.3 0.1 0
v -2.3 0.1 -0.1
v -2.3 0.1 -0.2
v -2.3 0.1 -0.3
v -2.3 0.1 -0.4
v -2.3 0.1 -0.5
v -2.3 0.1 -0.6
v -2.3 0.1 -0.7
v -2.3 0.1 -0.8
v -2.3 0.1 -0.9
v -2.3 0.1 -1.1
v -2.3 0.1 -1.2
v -2.3 0.1 -1.3
v -2.3 0.1 -1.4
v -2.3 0.1 -1.5
v -2.3 0.1 -1.6
v -2.3 0.1 -1.7
v -2.3 0.1 -1.8
v -2.3 0.1 -1.9
v -2.3 0.1 -2
v -2.3 0.1 -2.1
v -2.3 0.1 -2.2
v -2.3 0.1 -2.3
v -2.3 0.1 -2.4
v -2.3 0.1 -2.6
v -2.3 0.1 -2.7
v -2.3 0.1 -2.8
v -2.3 0.1 -2.9
v -2.3 0.1 -3
v -2.3 0.1 -3.1
v -2.3 0.1 -3.2
v -2.3 0.1 -3.3
v -2.3 0.1 -3.4
v -2.3 0.1 -3.5
v -2.3 0.1 -3.6
v -2.3 0.1 -3.7
v -2.3 0.1 -3.8
v -2.3 0.1 -4
v -2.3 0.1 -4.1
v -2.3 0.1 -4.4
v -2.3 0.1 -4.5
v -2.3 0.1 -4.6
v -2.3 0.1 -4.7
v -2.3 0.1 -4.8
v -2.3 0.1 -4.9
v -2.3 0.1 -5
v -2.3 0.1 -5.1
v -2.3 0.1 -5.2
v -2.3 0.1 -5.3
v -2.3 0.1 -5.4
v -2.3 0.1 -5.5
v -2.3 0.1 -5.6
v -2.3 0.1 -5.7
v -2.3 0.1 -5.8
v -2.3 0.1 -5.9
v -2.3 0.1 -6.1
v -2.3 0.1 -6.2
v -2.3 0.1 -6.3
v -2.3 0.2 6.3
v -2.3 0.2 6.2
v -2.3 0.2 6.1
v -2.3 0.2 6
v -2.3 0.2 5.9
v -2.3 0.2 5.7
v -2.3 0.2 5.6
v -2.3 0.2 5.5
v -2.3 0.2 5.4
v -2.3 0.2 5.3
v -2.3 0.2 5.2
v -2.3 0.2 5.1
v -2.3 0.2 5
v -2.3 0.2 4.9
v -2.3 0.2 4.8
v -2.3 0.2 4.7
v -2.3 0.2 4.6
v -2.3 0.2 4.5
v -2.3 0.2 4.4
v -2.3 0.2 4.3
v -2.3 0.2 4.2
v -2.3 0.2 4.1
v -2.3 0.2 4
v -2.3 0.2 3.9
v -2.3 0.2 3.8
v -2.3 0.2 3.7
v -2.3 0.2 3.6
v -2.3 0.2 3.5
v -2.3 0.2 3.4
v -2.3 0.2 3.3
v -2.3 0.2 3.2
v -2.3 0.2 3.1
v -2.3 0.2 3
v -2.3 0.2 2.9
v -2.3 0.2 2.8
v -2.3 0.2 2.7
v -2.3 0.2 2.6
v -2.3 0.2 2.5
v -2.3 0.2 2.4
v -2.3 0.2 2.3
v -2.3 0.2 2.2
v -2.3 0.2 2.1
v -2.3 0.2 2
v -2.3 0.2 1.9
v -2.3 0.2 1.8
v -2.3 0.2 1.7
v -2.3 0.2 1.6
v -2.3 0.2 1.5
v -2.3 0.2 1.4
v -2.3 0.2 1.3
v -2.3 0.2 1.1
v -2.3 0.2 0.9
v -2.3 0.2 0.8
v -2.3 0.2 0.7
v -2.3 0.2 0.6
v -2.3 0.2 0.5
v -2.3 0.2 0.4
v -2.3 0.2 0.2
v -2.3 0.2 0.1
v -2.3 0.2 0
v -2.3 0.2 -0.1
v -2.3 0.2 -0.2
v -2.3 0.2 -0.3
v -2.3 0.2 -0.5
v -2.3 0.2 -0.6
v -2.3 0.2 -0.7
v -2.3 0.2 -0.8
v -2.3 0.2 -0.9
v -2.3 0.2 -1
v -2.3 0.2 -1.1
v -2.3 0.2 -1.2
v -2.3 0.2 -1.3
v -2.3 0.2 -1.4
v -2.3 0.2 -1.5
v -2.3 0.2 -1.6
v -2.3 0.2 -1.7
v -2.3 0.2 -1.8
v -2.3 0.2 -2
v -2.3 0.2 -2.1
v -2.3 0.2 -2.2
v -2.3 0.2 -2.4
v -2.3 0.2 -2.5
v -2.3 0.2 -2.6
v -2.3 0.2 -2.7
v -2.3 0.2 -2.8
v -2.3 0.2 -2.9
v -2.3 0.2 -3
v -2.3 0.2 -3.1
v -2.3 0.2 -3.2
v -2.3 0.2 -3.4
v -2.3 0.2 -3.5
v -2.3 0.2 -3.6
v -2.3 0.2 -3.7
v -2.3 0.2 -3.8
v -2.3 0.2 -4
v -2.3 0.2 -4.1
v -2.3 0.2 -4.2
v -2.3 0.2 -4.4
v -2.3 0.2 -4.5
v -2.3 0.2 -4.6
v -2.3 0.2 -4.7
v -2.3 0.2 -4.8
v -2.3 0.2 -4.9
v -2.3 0.2 -5
v -2.3 0.2 -5.1
v -2.3 0.2 -5.2
v -2.3 0.2 -5.3
v -2.3 0.2 -5.4
v -2.3 0.2 -5.5
v -2.3 0.2 -5.7
v -2.3 0.2 -5.8
v -2.3 0.2 -5.9
v -2.3 0.2 -6
v -2.3 0.2 -6.1
v -2.3 0.2 -6.2
v -2.3 0.2 -6.3
v -2.3 0.3 6.3
v -2.3 0.3 6.2
v -2.3 0.3 5.9
v -2.3 0.3 5.8
v -2.3 0.3 5.7
v -2.3 0.3 5.5
v -2.3 0.3 5.4
v -2.3 0.3 5.3
v -2.3 0.3 5.2
v -2.3 0.3 5.1
v -2.3 0.3 5
v -2.3 0.3 4.9
v -2.3 0.3 4.8
v -2.3 0.3 4.7
v -2.3 0.3 4.6
v -2.3 0.3 4.5
v -2.3 0.3 4.4
v -2.3 0.3 4.1
v -2.3 0.3 3.9
v -2.3 0.3 3.8
v -2.3 0.3 3.7
v -2.3 0.3 3.6
v -2.3 0.3 3.5
v -2.3 0.3 3.4
v -2.3 0.3 3.3
v -2.3 0.3 3.1
v -2.3 0.3 3
v -2.3 0.3 2.9
v -2.3 0.3 2.8
v -2.3 0.3 2.7
v -2.3 0.3 2.6
v -2.3 0.3 2.5
v -2.3 0.3 2.4
v -2.3 0.3 2.2
v -2.3 0.3 2.1
v -2.3 0.3 1.9
v -2.3 0.3 1.8
v -2.3 0.3 1.7
v -2.3 0.3 1.5
v -2.3 0.3 1.4
v -2.3 0.3 1.3
v -2.3 0.3 1.1
v -2.3 0.3 1
v -2.3 0.3 0.9
v -2.3 0.3 0.8
v -2.3 0.3 0.7
v -2.3 0.3 0.6
v -2.3 0.3 0.5
v -2.3 0.3 0.4
v -2.3 0.3 0.3
v -2.3 0.3 0.2
v -2.3 0.3 0.1
v -2.3 0.3 0
v -2.3 0.3 -0.1
v -2.3 0.3 -0.2
v -2.3 0.3 -0.3
v -2.3 0.3 -0.4
v -2.3 0.3 -0.5
v -2.3 0.3 -0.6
v -2.3 0.3 -0.7
v -2.3 0.3 -0.8
v -2.3 0.3 -0.9
v -2.3 0.3 -1
v -2.3 0.3 -1.1
v -2.3 0.3 -1.2
v -2.3 0.3 -1.3
v -2.3 0.3 -1.4
v -2.3 0.3 -1.5
v -2.3 0.3 -1.6
v -2.3 0.3 -1.7
v -2.3 0.3 -1.8
v -2.3 0.3 -2
v -2.3 0.3 -2.2
v -2.3 0.3 -2.3
v -2.3 0.3 -2.4
v -2.3 0.3 -2.5
v -2.3 0.3 -2.6
v -2.3 0.3 -2.7
v -2.3 0.3 -2.8
v -2.3 0.3 -2.9
v -2.3 0.3 -3
v -2.3 0.3 -3.1
v -2.3 0.3 -3.3
v -2.3 0.3 -3.4
v -2.3 0.3 -3.5
v -2.3 0.3 -3.6
v -2.3 0.3 -3.7
v -2.3 0.3 -3.8
v -2.3 0.3 -4
v -2.3 0.3 -4.1
v -2.3 0.3 -4.2
v -2.3 0.3 -4.3
v -2.3 0.3 -4.4
v -2.3 0.3 -4.5
v -2.3 0.3 -4.6
v -2.3 0.3 -4.7
v -2.3 0.3 -4.8
v -2.3 0.3 -4.9
v -2.3 0.3 -5
v -2.3 0.3 -5.1
v -2.3 0.3 -5.2
v -2.3 0.3 -5.3
v -2.3 0.3 -5.5
v -2.3 0.3 -5.7
v -2.3 0.3 -5.8
v -2.3 0.3 -6
v -2.3 0.3 -6.1
v -2.3 0.3 -6.2
v -2.3 0.3 -6.3
v -2.3 0.4 6.3
v -2.3 0.4 6.2
v -2.3 0.4 5.9
v -2.3 0.4 5.8
v -2.3 0.4 5.7
v -2.3 0.4 5.5
v -2.3 0.4 5.4
v -2.3 0.4 5.3
v -2.3 0.4 5.2
v -2.3 0.4 5.1
v -2.3 0.4 5
v -2.3 0.4 4.9
v -2.3 0.4 4.8
v -2.3 0.4 4.7
v -2.3 0.4 4.4
v -2.3 0.4 4.1
v -2.3 0.4 3.8
v -2.3 0.4 3.7
v -2.3 0.4 3.6
v -2.3 0.4 3.5
v -2.3 0.4 3.4
v -2.3 0.4 3.3
v -2.3 0.4 3.1
v -2.3 0.4 3
v -2.3 0.4 2.9
v -2.3 0.4 2.8
v -2.3 0.4 2.7
v -2.3 0.4 2.6
v -2.3 0.4 2.5
v -2.3 0.4 2.4
v -2.3 0.4 2.1
v -2.3 0.4 1.7
v -2.3 0.4 1.5
v -2.3 0.4 1.4
v -2.3 0.4 1.1
v -2.3 0.4 1
v -2.3 0.4 0.9
v -2.3 0.4 0.7
v -2.3 0.4 0.6
v -2.3 0.4 0.5
v -2.3 0.4 0.4
v -2.3 0.4 0.3
v -2.3 0.4 0.2
v -2.3 0.4 0.1
v -2.3 0.4 0
v -2.3 0.4 -0.1
v -2.3 0.4 -0.2
v -2.3 0.4 -0.3
v -2.3 0.4 -0.4
v -2.3 0.4 -0.5
v -2.3 0.4 -0.7
v -2.3 0.4 -0.8
v -2.3 0.4 -0.9
v -2.3 0.4 -1
v -2.3 0.4 -1.1
v -2.3 0.4 -1.2
v -2.3 0.4 -1.3
v -2.3 0.4 -1.4
v -2.3 0.4 -1.7
v -2.3 0.4 -1.8
v -2.3 0.4 -2.2
v -2.3 0.4 -2.3
v -2.3 0.4 -2.4
v -2.3 0.4 -2.5
v -2.3 0.4 -2.7
v -2.3 0.4 -2.9
v -2.3 0.4 -3
v -2.3 0.4 -3.1
v -2.3 0.4 -3.3
v -2.3 0.4 -3.6
v -2.3 0.4 -3.7
v -2.3 0.4 -3.8
v -2.3 0.4 -4
v -2.3 0.4 -4.3
v -2.3 0.4 -4.4
v -2.3 0.4 -4.5
v -2.3 0.4 -4.6
v -2.3 0.4 -4.7
v -2.3 0.4 -4.8
v -2.3 0.4 -5.2
v -2.3 0.4 -5.3
v -2.3 0.4 -5.5
v -2.3 0.4 -5.8
v -2.3 0.4 -6
v -2.3 0.4 -6.1
v -2.3 0.4 -6.2
v -2.3 0.4 -6.3
v -2.7 0 6.3
v -2.7 0.1 6.3
v -2.7 0.2 6.3
v -2.7 0.3 6.3
v -2.7 0.4 6.3
v -2.6 0 6.3
v -2.6 0.1 6.3
v -2.6 0.2 6.3
v -2.6 0.3 6.3
v -2.6 0.4 6.3
v -2.5 0 6.3
v -2.5 0.1 6.3
v -2.5 0.2 6.3
v -2.5 0.3 6.3
v -2.5 0.4 6.3
v -2.4 0.1 6.3
v -2.4 0.2 6.3
v -2.4 0.3 6.3
v -2.4 0.4 6.3
v -2.3 0 6.3
v -2.3 0.1 6.3
v -2.3 0.2 6.3
v -2.3 0.3 6.3
v -2.3 0.4 6.3
v -2.7 0 -6.3
v -2.7 0.1 -6.3
v -2.7 0.2 -6.3
v -2.7 0.3 -6.3
v -2.7 0.4 -6.3
v -2.6 0 -6.3
v -2.6 0.1 -6.3
v -2.6 0.2 -6.3
v -2.6 0.3 -6.3
v -2.6 0.4 -6.3
v -2.5 0 -6.3
v -2.5 0.1 -6.3
v -2.5 0.2 -6.3
v -2.5 0.3 -6.3
v -2.5 0.4 -6.3
v -2.4 0 -6.3
v -2.4 0.1 -6.3
v -2.4 0.2 -6.3
v -2.4 0.3 -6.3
v -2.4 0.4 -6.3
v -2.3 0 -6.3
v -2.3 0.1 -6.3
v -2.3 0.2 -6.3
v -2.3 0.3 -6.3
v -2.3 0.4 -6.3
v -2.7 0 6.3
v -2.6 0 6.3
v -2.5 0 6.3
v -2.3 0 6.3
v -2.7 0 6.2
v -2.6 0 6.2
v -2.5 0 6.2
v -2.4 0 6.2
v -2.3 0 6.2
v -2.7 0 6.1
v -2.6 0 6.1
v -2.5 0 6.1
v -2.4 0 6.1
v -2.3 0 6.1
v -2.7 0 6
v -2.6 0 6
v -2.5 0 6
v -2.4 0 6
v -2.3 0 6
v -2.7 0 5.9
v -2.6 0 5.9
v -2.5 0 5.9
v -2.5 0 5.8
v -2.4 0 5.8
v -2.6 0 5.7
v -2.5 0 5.7
v -2.4 0 5.7
v -2.3 0 5.7
v -2.6 0 5.6
v -2.5 0 5.6
v -2.4 0 5.6
v -2.3 0 5.6
v -2.7 0 5.5
v -2.6 0 5.5
v -2.5 0 5.5
v -2.4 0 5.5
v -2.7 0 5.4
v -2.6 0 5.4
v -2.5 0 5.4
v -2.4 0 5.4
v -2.3 0 5.4
v -2.7 0 5.3
v -2.6 0 5.3
v -2.4 0 5.3
v -2.3 0 5.3
v -2.6 0 5.2
v -2.3 0 5.2
v -2.7 0 5.1
v -2.6 0 5.1
v -2.5 0 5.1
v -2.4 0 5.1
v -2.3 0 5.1
v -2.6 0 5
v -2.5 0 5
v -2.4 0 5
v -2.3 0 5
v -2.7 0 4.9
v -2.6 0 4.9
v -2.5 0 4.9
v -2.4 0 4.9
v -2.6 0 4.8
v -2.5 0 4.8
v -2.4 0 4.8
v -2.3 0 4.8
v -2.5 0 4.7
v -2.4 0 4.7
v -2.3 0 4.7
v -2.7 0 4.6
v -2.6 0 4.6
v -2.5 0 4.6
v -2.4 0 4.6
v -2.3 0 4.6
v -2.7 0 4.5
v -2.6 0 4.5
v -2.5 0 4.5
v -2.6 0 4.4
v -2.5 0 4.4
v -2.3 0 4.4
v -2.7 0 4.3
v -2.6 0 4.3
v -2.5 0 4.3
v -2.4 0 4.3
v -2.3 0 4.3
v -2.7 0 4.2
v -2.6 0 4.2
v -2.5 0 4.2
v -2.4 0 4.2
v -2.3 0 4.2
v -2.7 0 4.1
v -2.6 0 4.1
v -2.5 0 4.1
v -2.4 0 4.1
v -2.3 0 4.1
v -2.7 0 4
v -2.6 0 4
v -2.5 0 4
v -2.4 0 4
v -2.3 0 4
v -2.7 0 3.9
v -2.6 0 3.9
v -2.5 0 3.9
v -2.4 0 3.9
v -2.3 0 3.9
v -2.6 0 3.8
v -2.5 0 3.8
v -2.7 0 3.7
v -2.6 0 3.7
v -2.4 0 3.7
v -2.3 0 3.7
v -2.7 0 3.6
v -2.6 0 3.6
v -2.5 0 3.6
v -2.4 0 3.6
v -2.3 0 3.6
v -2.7 0 3.5
v -2.6 0 3.5
v -2.5 0 3.5
v -2.4 0 3.5
v -2.6 0 3.4
v -2.5 0 3.4
v -2.4 0 3.4
v -2.3 0 3.4
v -2.7 0 3.3
v -2.6 0 3.3
v -2.5 0 3.3
v -2.7 0 3.2
v -2.6 0 3.2
v -2.5 0 3.2
v -2.4 0 3.2
v -2.3 0 3.2
v -2.6 0 3.1
v -2.5 0 3.1
v -2.4 0 3.1
v -2.7 0 3
v -2.6 0 3
v -2.5 0 3
v -2.4 0 3
v -2.3 0 3
v -2.7 0 2.9
v -2.6 0 2.9
v -2.5 0 2.9
v -2.4 0 2.9
v -2.3 0 2.9
v -2.7 0 2.8
v -2.6 0 2.8
v -2.5 0 2.8
v -2.7 0 2.7
v -2.6 0 2.7
v -2.5 0 2.7
v -2.4 0 2.7
v -2.3 0 2.7
v -2.7 0 2.6
v -2.6 0 2.6
v -2.5 0 2.6
v -2.4 0 2.6
v -2.3 0 2.6
v -2.7 0 2.5
v -2.6 0 2.5
v -2.5 0 2.5
v -2.4 0 2.5
v -2.3 0 2.5
v -2.7 0 2.4
v -2.6 0 2.4
v -2.5 0 2.4
v -2.4 0 2.4
v -2.3 0 2.4
v -2.7 0 2.3
v -2.6 0 2.3
v -2.5 0 2.3
v -2.4 0 2.3
v -2.3 0 2.3
v -2.7 0 2.2
v -2.6 0 2.2
v -2.4 0 2.2
v -2.3 0 2.2
v -2.7 0 2.1
v -2.6 0 2.1
v -2.5 0 2.1
v -2.4 0 2.1
v -2.3 0 2.1
v -2.6 0 2
v -2.5 0 2
v -2.7 0 1.9
v -2.6 0 1.9
v -2.5 0 1.9
v -2.4 0 1.9
v -2.3 0 1.9
v -2.7 0 1.8
v -2.6 0 1.8
v -2.5 0 1.8
v -2.4 0 1.8
v -2.3 0 1.8
v -2.7 0 1.7
v -2.6 0 1.7
v -2.4 0 1.7
v -2.3 0 1.7
v -2.7 0 1.6
v -2.6 0 1.6
v -2.5 0 1.6
v -2.4 0 1.6
v -2.7 0 1.5
v -2.6 0 1.5
v -2.5 0 1.5
v -2.4 0 1.5
v -2.7 0 1.4
v -2.6 0 1.4
v -2.4 0 1.4
v -2.3 0 1.4
v -2.7 0 1.3
v -2.6 0 1.3
v -2.5 0 1.3
v -2.4 0 1.3
v -2.3 0 1.3
v -2.6 0 1.2
v -2.5 0 1.2
v -2.4 0 1.2
v -2.3 0 1.2
v -2.7 0 1.1
v -2.6 0 1.1
v -2.5 0 1.1
v -2.4 0 1.1
v -2.3 0 1.1
v -2.7 0 1
v -2.6 0 1
v -2.5 0 1
v -2.4 0 1
v -2.6 0 0.9
v -2.5 0 0.9
v -2.4 0 0.9
v -2.3 0 0.9
v -2.7 0 0.8
v -2.6 0 0.8
v -2.5 0 0.8
v -2.4 0 0.8
v -2.3 0 0.8
v -2.4 0 0.7
v -2.3 0 0.7
v -2.7 0 0.6
v -2.6 0 0.6
v -2.5 0 0.6
v -2.3 0 0.6
v -2.7 0 0.5
v -2.6 0 0.5
v -2.5 0 0.5
v -2.4 0 0.5
v -2.3 0 0.5
v -2.7 0 0.4
v -2.6 0 0.4
v -2.5 0 0.4
v -2.4 0 0.4
v -2.3 0 0.4
v -2.7 0 0.3
v -2.6 0 0.3
v -2.5 0 0.3
v -2.3 0 0.3
v -2.7 0 0.2
v -2.6 0 0.2
v -2.5 0 0.2
v -2.4 0 0.2
v -2.3 0 0.2
v -2.6 0 0.1
v -2.5 0 0.1
v -2.4 0 0.1
v -2.3 0 0.1
v -2.7 0 0
v -2.6 0 0
v -2.5 0 0
v -2.4 0 0
v -2.6 0 -0.1
v -2.5 0 -0.1
v -2.4 0 -0.1
v -2.3 0 -0.1
v -2.6 0 -0.2
v -2.5 0 -0.2
v -2.4 0 -0.2
v -2.3 0 -0.2
v -2.6 0 -0.3
v -2.5 0 -0.3
v -2.4 0 -0.3
v -2.3 0 -0.3
v -2.7 0 -0.4
v -2.6 0 -0.4
v -2.5 0 -0.4
v -2.4 0 -0.4
v -2.3 0 -0.4
v -2.7 0 -0.5
v -2.6 0 -0.5
v -2.5 0 -0.5
v -2.4 0 -0.5
v -2.6 0 -0.6
v -2.5 0 -0.6
v -2.4 0 -0.6
v -2.7 0 -0.7
v -2.6 0 -0.7
v -2.5 0 -0.7
v -2.4 0 -0.7
v -2.3 0 -0.7
v -2.6 0 -0.8
v -2.5 0 -0.8
v -2.4 0 -0.8
v -2.3 0 -0.8
v -2.6 0 -0.9
v -2.5 0 -0.9
v -2.4 0 -0.9
v -2.3 0 -0.9
v -2.7 0 -1
v -2.6 0 -1
v -2.5 0 -1
v -2.4 0 -1
v -2.3 0 -1
v -2.7 0 -1.1
v -2.6 0 -1.1
v -2.5 0 -1.1
v -2.4 0 -1.1
v -2.3 0 -1.1
v -2.7 0 -1.2
v -2.6 0 -1.2
v -2.5 0 -1.2
v -2.4 0 -1.2
v -2.7 0 -1.3
v -2.6 0 -1.3
v -2.5 0 -1.3
v -2.4 0 -1.3
v -2.3 0 -1.3
v -2.7 0 -1.4
v -2.6 0 -1.4
v -2.5 0 -1.4
v -2.4 0 -1.4
v -2.3 0 -1.4
v -2.7 0 -1.5
v -2.6 0 -1.5
v -2.5 0 -1.5
v -2.4 0 -1.5
v -2.3 0 -1.5
v -2.6 0 -1.6
v -2.5 0 -1.6
v -2.4 0 -1.6
v -2.3 0 -1.6
v -2.6 0 -1.7
v -2.5 0 -1.7
v -2.4 0 -1.7
v -2.7 0 -1.8
v -2.6 0 -1.8
v -2.5 0 -1.8
v -2.4 0 -1.8
v -2.3 0 -1.8
v -2.6 0 -1.9
v -2.5 0 -1.9
v -2.4 0 -1.9
v -2.3 0 -1.9
v -2.7 0 -2
v -2.6 0 -2
v -2.5 0 -2
v -2.4 0 -2
v -2.3 0 -2
v -2.5 0 -2.1
v -2.4 0 -2.1
v -2.3 0 -2.1
v -2.6 0 -2.2
v -2.5 0 -2.2
v -2.4 0 -2.2
v -2.7 0 -2.3
v -2.6 0 -2.3
v -2.5 0 -2.3
v -2.4 0 -2.3
v -2.3 0 -2.3
v -2.7 0 -2.4
v -2.6 0 -2.4
v -2.5 0 -2.4
v -2.4 0 -2.4
v -2.3 0 -2.4
v -2.7 0 -2.5
v -2.6 0 -2.5
v -2.5 0 -2.5
v -2.7 0 -2.6
v -2.6 0 -2.6
v -2.4 0 -2.6
v -2.3 0 -2.6
v -2.7 0 -2.7
v -2.6 0 -2.7
v -2.5 0 -2.7
v -2.4 0 -2.7
v -2.3 0 -2.7
v -2.4 0 -2.8
v -2.3 0 -2.8
v -2.7 0 -2.9
v -2.6 0 -2.9
v -2.5 0 -2.9
v -2.4 0 -2.9
v -2.3 0 -2.9
v -2.7 0 -3
v -2.6 0 -3
v -2.5 0 -3
v -2.4 0 -3
v -2.3 0 -3
v -2.7 0 -3.1
v -2.6 0 -3.1
v -2.5 0 -3.1
v -2.4 0 -3.1
v -2.3 0 -3.1
v -2.6 0 -3.2
v -2.5 0 -3.2
v -2.4 0 -3.2
v -2.3 0 -3.2
v -2.6 0 -3.3
v -2.5 0 -3.3
v -2.4 0 -3.3
v -2.3 0 -3.3
v -2.6 0 -3.4
v -2.5 0 -3.4
v -2.3 0 -3.4
v -2.7 0 -3.5
v -2.6 0 -3.5
v -2.5 0 -3.5
v -2.3 0 -3.5
v -2.7 0 -3.6
v -2.6 0 -3.6
v -2.5 0 -3.6
v -2.6 0 -3.7
v -2.5 0 -3.7
v -2.4 0 -3.7
v -2.3 0 -3.7
v -2.6 0 -3.8
v -2.5 0 -3.8
v -2.4 0 -3.8
v -2.3 0 -3.8
v -2.7 0 -3.9
v -2.6 0 -3.9
v -2.5 0 -3.9
v -2.4 0 -3.9
v -2.7 0 -4
v -2.6 0 -4
v -2.5 0 -4
v -2.4 0 -4
v -2.3 0 -4
v -2.7 0 -4.1
v -2.6 0 -4.1
v -2.5 0 -4.1
v -2.4 0 -4.1
v -2.3 0 -4.1
v -2.6 0 -4.2
v -2.5 0 -4.2
v -2.4 0 -4.2
v -2.3 0 -4.2
v -2.7 0 -4.3
v -2.6 0 -4.3
v -2.5 0 -4.3
v -2.4 0 -4.3
v -2.6 0 -4.4
v -2.5 0 -4.4
v -2.4 0 -4.4
v -2.3 0 -4.4
v -2.7 0 -4.5
v -2.6 0 -4.5
v -2.5 0 -4.5
v -2.4 0 -4.5
v -2.3 0 -4.5
v -2.6 0 -4.6
v -2.5 0 -4.6
v -2.4 0 -4.6
v -2.3 0 -4.6
v -2.7 0 -4.7
v -2.6 0 -4.7
v -2.5 0 -4.7
v -2.4 0 -4.7
v -2.7 0 -4.8
v -2.6 0 -4.8
v -2.5 0 -4.8
v -2.4 0 -4.8
v -2.7 0 -4.9
v -2.6 0 -4.9
v -2.5 0 -4.9
v -2.3 0 -4.9
v -2.7 0 -5.1
v -2.6 0 -5.1
v -2.5 0 -5.1
v -2.3 0 -5.1
v -2.7 0 -5.2
v -2.6 0 -5.2
v -2.5 0 -5.2
v -2.4 0 -5.2
v -2.7 0 -5.3
v -2.6 0 -5.3
v -2.5 0 -5.3
v -2.4 0 -5.3
v -2.3 0 -5.3
v -2.6 0 -5.4
v -2.5 0 -5.4
v -2.4 0 -5.4
v -2.7 0 -5.5
v -2.6 0 -5.5
v -2.5 0 -5.5
v -2.4 0 -5.5
v -2.6 0 -5.6
v -2.5 0 -5.6
v -2.4 0 -5.6
v -2.3 0 -5.6
v -2.7 0 -5.7
v -2.6 0 -5.7
v -2.5 0 -5.7
v -2.4 0 -5.7
v -2.3 0 -5.7
v -2.6 0 -5.8
v -2.5 0 -5.8
v -2.3 0 -5.8
v -2.7 0 -5.9
v -2.6 0 -5.9
v -2.5 0 -5.9
v -2.3 0 -5.9
v -2.6 0 -6
v -2.5 0 -6
v -2.4 0 -6
v -2.6 0 -6.1
v -2.5 0 -6.1
v -2.4 0 -6.1
v -2.3 0 -6.1
v -2.6 0 -6.2
v -2.5 0 -6.2
v -2.4 0 -6.2
v -2.3 0 -6.2
v -2.7 0 -6.3
v -2.6 0 -6.3
v -2.5 0 -6.3
v -2.4 0 -6.3
v -2.3 0 -6.3
v -2.7 0.4 6.3
v -2.6 0.4 6.3
v -2.5 0.4 6.3
v -2.4 0.4 6.3
v -2.3 0.4 6.3
v -2.5 0.4 6.2
v -2.4 0.4 6.2
v -2.3 0.4 6.2
v -2.7 0.4 6.1
v -2.6 0.4 6.1
v -2.5 0.4 6.1
v -2.4 0.4 6.1
v -2.7 0.4 6
v -2.6 0.4 6
v -2.5 0.4 6
v -2.4 0.4 6
v -2.7 0.4 5.9
v -2.6 0.4 5.9
v -2.4 0.4 5.9
v -2.3 0.4 5.9
v -2.7 0.4 5.8
v -2.6 0.4 5.8
v -2.5 0.4 5.8
v -2.4 0.4 5.8
v -2.3 0.4 5.8
v -2.6 0.4 5.7
v -2.5 0.4 5.7
v -2.4 0.4 5.7
v -2.3 0.4 5.7
v -2.7 0.4 5.6
v -2.6 0.4 5.6
v -2.5 0.4 5.6
v -2.4 0.4 5.6
v -2.7 0.4 5.5
v -2.6 0.4 5.5
v -2.5 0.4 5.5
v -2.4 0.4 5.5
v -2.3 0.4 5.5
v -2.7 0.4 5.4
v -2.6 0.4 5.4
v -2.5 0.4 5.4
v -2.4 0.4 5.4
v -2.3 0.4 5.4
v -2.7 0.4 5.3
v -2.6 0.4 5.3
v -2.5 0.4 5.3
v -2.4 0.4 5.3
v -2.3 0.4 5.3
v -2.7 0.4 5.2
v -2.6 0.4 5.2
v -2.5 0.4 5.2
v -2.4 0.4 5.2
v -2.3 0.4 5.2
v -2.7 0.4 5.1
v -2.5 0.4 5.1
v -2.4 0.4 5.1
v -2.3 0.4 5.1
v -2.7 0.4 5
v -2.6 0.4 5
v -2.5 0.4 5
v -2.4 0.4 5
v -2.3 0.4 5
v -2.7 0.4 4.9
v -2.6 0.4 4.9
v -2.5 0.4 4.9
v -2.4 0.4 4.9
v -2.3 0.4 4.9
v -2.7 0.4 4.8
v -2.6 0.4 4.8
v -2.5 0.4 4.8
v -2.4 0.4 4.8
v -2.3 0.4 4.8
v -2.4 0.4 4.7
v -2.3 0.4 4.7
v -2.7 0.4 4.6
v -2.6 0.4 4.6
v -2.7 0.4 4.5
v -2.6 0.4 4.5
v -2.4 0.4 4.5
v -2.7 0.4 4.4
v -2.6 0.4 4.4
v -2.5 0.4 4.4
v -2.4 0.4 4.4
v -2.3 0.4 4.4
v -2.6 0.4 4.3
v -2.5 0.4 4.3
v -2.4 0.4 4.3
v -2.6 0.4 4.2
v -2.5 0.4 4.2
v -2.4 0.4 4.2
v -2.7 0.4 4.1
v -2.6 0.4 4.1
v -2.5 0.4 4.1
v -2.4 0.4 4.1
v -2.3 0.4 4.1
v -2.7 0.4 4
v -2.6 0.4 4
v -2.5 0.4 4
v -2.5 0.4 3.9
v -2.4 0.4 3.9
v -2.6 0.4 3.8
v -2.5 0.4 3.8
v -2.4 0.4 3.8
v -2.3 0.4 3.8
v -2.7 0.4 3.7
v -2.6 0.4 3.7
v -2.5 0.4 3.7
v -2.4 0.4 3.7
v -2.3 0.4 3.7
v -2.6 0.4 3.6
v -2.5 0.4 3.6
v -2.4 0.4 3.6
v -2.3 0.4 3.6
v -2.7 0.4 3.5
v -2.6 0.4 3.5
v -2.5 0.4 3.5
v -2.4 0.4 3.5
v -2.3 0.4 3.5
v -2.7 0.4 3.4
v -2.6 0.4 3.4
v -2.5 0.4 3.4
v -2.4 0.4 3.4
v -2.3 0.4 3.4
v -2.7 0.4 3.3
v -2.6 0.4 3.3
v -2.5 0.4 3.3
v -2.4 0.4 3.3
v -2.3 0.4 3.3
v -2.6 0.4 3.2
v -2.5 0.4 3.2
v -2.4 0.4 3.2
v -2.6 0.4 3.1
v -2.5 0.4 3.1
v -2.4 0.4 3.1
v -2.3 0.4 3.1
v -2.5 0.4 3
v -2.3 0.4 3
v -2.6 0.4 2.9
v -2.5 0.4 2.9
v -2.4 0.4 2.9
v -2.3 0.4 2.9
v -2.4 0.4 2.8
v -2.3 0.4 2.8
v -2.5 0.4 2.7
v -2.4 0.4 2.7
v -2.3 0.4 2.7
v -2.7 0.4 2.6
v -2.6 0.4 2.6
v -2.5 0.4 2.6
v -2.4 0.4 2.6
v -2.3 0.4 2.6
v -2.7 0.4 2.5
v -2.6 0.4 2.5
v -2.5 0.4 2.5
v -2.4 0.4 2.5
v -2.3 0.4 2.5
v -2.7 0.4 2.4
v -2.6 0.4 2.4
v -2.5 0.4 2.4
v -2.4 0.4 2.4
v -2.3 0.4 2.4
v -2.7 0.4 2.3
v -2.6 0.4 2.3
v -2.5 0.4 2.3
v -2.4 0.4 2.3
v -2.7 0.4 2.2
v -2.6 0.4 2.2
v -2.7 0.4 2.1
v -2.6 0.4 2.1
v -2.4 0.4 2.1
v -2.3 0.4 2.1
v -2.7 0.4 2
v -2.6 0.4 2
v -2.5 0.4 2
v -2.4 0.4 2
v -2.7 0.4 1.9
v -2.6 0.4 1.9
v -2.5 0.4 1.9
v -2.4 0.4 1.9
v -2.7 0.4 1.8
v -2.6 0.4 1.8
v -2.5 0.4 1.8
v -2.4 0.4 1.8
v -2.6 0.4 1.7
v -2.5 0.4 1.7
v -2.4 0.4 1.7
v -2.3 0.4 1.7
v -2.7 0.4 1.6
v -2.6 0.4 1.6
v -2.5 0.4 1.6
v -2.4 0.4 1.6
v -2.6 0.4 1.5
v -2.5 0.4 1.5
v -2.4 0.4 1.5
v -2.3 0.4 1.5
v -2.7 0.4 1.4
v -2.6 0.4 1.4
v -2.5 0.4 1.4
v -2.4 0.4 1.4
v -2.3 0.4 1.4
v -2.7 0.4 1.3
v -2.6 0.4 1.3
v -2.5 0.4 1.3
v -2.4 0.4 1.3
v -2.7 0.4 1.2
v -2.6 0.4 1.2
v -2.5 0.4 1.2
v -2.4 0.4 1.2
v -2.5 0.4 1.1
v -2.4 0.4 1.1
v -2.3 0.4 1.1
v -2.4 0.4 1
v -2.3 0.4 1
v -2.7 0.4 0.9
v -2.6 0.4 0.9
v -2.5 0.4 0.9
v -2.4 0.4 0.9
v -2.3 0.4 0.9
v -2.6 0.4 0.8
v -2.5 0.4 0.8
v -2.4 0.4 0.8
v -2.6 0.4 0.7
v -2.5 0.4 0.7
v -2.4 0.4 0.7
v -2.3 0.4 0.7
v -2.6 0.4 0.6
v -2.5 0.4 0.6
v -2.4 0.4 0.6
v -2.3 0.4 0.6
v -2.6 0.4 0.5
v -2.5 0.4 0.5
v -2.4 0.4 0.5
v -2.3 0.4 0.5
v -2.5 0.4 0.4
v -2.3 0.4 0.4
v -2.7 0.4 0.3
v -2.6 0.4 0.3
v -2.5 0.4 0.3
v -2.4 0.4 0.3
v -2.3 0.4 0.3
v -2.7 0.4 0.2
v -2.6 0.4 0.2
v -2.4 0.4 0.2
v -2.3 0.4 0.2
v -2.7 0.4 0.1
v -2.6 0.4 0.1
v -2.5 0.4 0.1
v -2.4 0.4 0.1
v -2.3 0.4 0.1
v -2.7 0.4 0
v -2.6 0.4 0
v -2.5 0.4 0
v -2.4 0.4 0
v -2.3 0.4 0
v -2.5 0.4 -0.1
v -2.4 0.4 -0.1
v -2.3 0.4 -0.1
v -2.7 0.4 -0.2
v -2.6 0.4 -0.2
v -2.5 0.4 -0.2
v -2.4 0.4 -0.2
v -2.3 0.4 -0.2
v -2.5 0.4 -0.3
v -2.4 0.4 -0.3
v -2.3 0.4 -0.3
v -2.7 0.4 -0.4
v -2.6 0.4 -0.4
v -2.5 0.4 -0.4
v -2.4 0.4 -0.4
v -2.3 0.4 -0.4
v -2.5 0.4 -0.5
v -2.3 0.4 -0.5
v -2.7 0.4 -0.6
v -2.6 0.4 -0.6
v -2.5 0.4 -0.6
v -2.4 0.4 -0.6
v -2.7 0.4 -0.7
v -2.6 0.4 -0.7
v -2.5 0.4 -0.7
v -2.4 0.4 -0.7
v -2.3 0.4 -0.7
v -2.6 0.4 -0.8
v -2.5 0.4 -0.8
v -2.4 0.4 -0.8
v -2.3 0.4 -0.8
v -2.7 0.4 -0.9
v -2.6 0.4 -0.9
v -2.5 0.4 -0.9
v -2.4 0.4 -0.9
v -2.3 0.4 -0.9
v -2.6 0.4 -1
v -2.5 0.4 -1
v -2.4 0.4 -1
v -2.3 0.4 -1
v -2.7 0.4 -1.1
v -2.6 0.4 -1.1
v -2.5 0.4 -1.1
v -2.4 0.4 -1.1
v -2.3 0.4 -1.1
v -2.7 0.4 -1.2
v -2.6 0.4 -1.2
v -2.4 0.4 -1.2
v -2.3 0.4 -1.2
v -2.7 0.4 -1.3
v -2.6 0.4 -1.3
v -2.5 0.4 -1.3
v -2.4 0.4 -1.3
v -2.3 0.4 -1.3
v -2.7 0.4 -1.4
v -2.6 0.4 -1.4
v -2.5 0.4 -1.4
v -2.4 0.4 -1.4
v -2.3 0.4 -1.4
v -2.7 0.4 -1.5
v -2.6 0.4 -1.5
v -2.7 0.4 -1.6
v -2.6 0.4 -1.6
v -2.5 0.4 -1.6
v -2.7 0.4 -1.7
v -2.6 0.4 -1.7
v -2.5 0.4 -1.7
v -2.4 0.4 -1.7
v -2.3 0.4 -1.7
v -2.7 0.4 -1.8
v -2.6 0.4 -1.8
v -2.5 0.4 -1.8
v -2.4 0.4 -1.8
v -2.3 0.4 -1.8
v -2.7 0.4 -1.9
v -2.6 0.4 -1.9
v -2.5 0.4 -1.9
v -2.4 0.4 -1.9
v -2.7 0.4 -2
v -2.6 0.4 -2
v -2.5 0.4 -2
v -2.4 0.4 -2
v -2.6 0.4 -2.1
v -2.5 0.4 -2.1
v -2.7 0.4 -2.2
v -2.6 0.4 -2.2
v -2.5 0.4 -2.2
v -2.4 0.4 -2.2
v -2.3 0.4 -2.2
v -2.5 0.4 -2.3
v -2.4 0.4 -2.3
v -2.3 0.4 -2.3
v -2.7 0.4 -2.4
v -2.6 0.4 -2.4
v -2.5 0.4 -2.4
v -2.4 0.4 -2.4
v -2.3 0.4 -2.4
v -2.7 0.4 -2.5
v -2.6 0.4 -2.5
v -2.4 0.4 -2.5
v -2.3 0.4 -2.5
v -2.7 0.4 -2.6
v -2.6 0.4 -2.6
v -2.7 0.4 -2.7
v -2.6 0.4 -2.7
v -2.5 0.4 -2.7
v -2.4 0.4 -2.7
v -2.3 0.4 -2.7
v -2.7 0.4 -2.8
v -2.6 0.4 -2.8
v -2.5 0.4 -2.8
v -2.4 0.4 -2.8
v -2.6 0.4 -2.9
v -2.5 0.4 -2.9
v -2.4 0.4 -2.9
v -2.3 0.4 -2.9
v -2.6 0.4 -3
v -2.5 0.4 -3
v -2.4 0.4 -3
v -2.3 0.4 -3
v -2.7 0.4 -3.1
v -2.6 0.4 -3.1
v -2.5 0.4 -3.1
v -2.4 0.4 -3.1
v -2.3 0.4 -3.1
v -2.7 0.4 -3.2
v -2.6 0.4 -3.2
v -2.5 0.4 -3.2
v -2.6 0.4 -3.3
v -2.5 0.4 -3.3
v -2.4 0.4 -3.3
v -2.3 0.4 -3.3
v -2.6 0.4 -3.4
v -2.5 0.4 -3.4
v -2.4 0.4 -3.4
v -2.5 0.4 -3.5
v -2.4 0.4 -3.5
v -2.6 0.4 -3.6
v -2.5 0.4 -3.6
v -2.4 0.4 -3.6
v -2.3 0.4 -3.6
v -2.7 0.4 -3.7
v -2.6 0.4 -3.7
v -2.5 0.4 -3.7
v -2.4 0.4 -3.7
v -2.3 0.4 -3.7
v -2.6 0.4 -3.8
v -2.5 0.4 -3.8
v -2.4 0.4 -3.8
v -2.3 0.4 -3.8
v -2.6 0.4 -4
v -2.5 0.4 -4
v -2.4 0.4 -4
v -2.3 0.4 -4
v -2.7 0.4 -4.1
v -2.6 0.4 -4.1
v -2.5 0.4 -4.1
v -2.4 0.4 -4.1
v -2.7 0.4 -4.2
v -2.6 0.4 -4.2
v -2.5 0.4 -4.2
v -2.4 0.4 -4.2
v -2.7 0.4 -4.3
v -2.6 0.4 -4.3
v -2.5 0.4 -4.3
v -2.4 0.4 -4.3
v -2.3 0.4 -4.3
v -2.7 0.4 -4.4
v -2.6 0.4 -4.4
v -2.4 0.4 -4.4
v -2.3 0.4 -4.4
v -2.7 0.4 -4.5
v -2.6 0.4 -4.5
v -2.5 0.4 -4.5
v -2.3 0.4 -4.5
v -2.7 0.4 -4.6
v -2.6 0.4 -4.6
v -2.5 0.4 -4.6
v -2.4 0.4 -4.6
v -2.3 0.4 -4.6
v -2.7 0.4 -4.7
v -2.6 0.4 -4.7
v -2.5 0.4 -4.7
v -2.4 0.4 -4.7
v -2.3 0.4 -4.7
v -2.7 0.4 -4.8
v -2.6 0.4 -4.8
v -2.5 0.4 -4.8
v -2.4 0.4 -4.8
v -2.3 0.4 -4.8
v -2.7 0.4 -4.9
v -2.6 0.4 -4.9
v -2.5 0.4 -4.9
v -2.4 0.4 -4.9
v -2.7 0.4 -5
v -2.6 0.4 -5
v -2.5 0.4 -5
v -2.4 0.4 -5
v -2.7 0.4 -5.1
v -2.6 0.4 -5.1
v -2.5 0.4 -5.1
v -2.4 0.4 -5.1
v -2.7 0.4 -5.2
v -2.6 0.4 -5.2
v -2.5 0.4 -5.2
v -2.4 0.4 -5.2
v -2.3 0.4 -5.2
v -2.6 0.4 -5.3
v -2.5 0.4 -5.3
v -2.4 0.4 -5.3
v -2.3 0.4 -5.3
v -2.5 0.4 -5.4
v -2.4 0.4 -5.4
v -2.6 0.4 -5.5
v -2.5 0.4 -5.5
v -2.4 0.4 -5.5
v -2.3 0.4 -5.5
v -2.6 0.4 -5.6
v -2.5 0.4 -5.6
v -2.7 0.4 -5.7
v -2.6 0.4 -5.7
v -2.5 0.4 -5.7
v -2.7 0.4 -5.8
v -2.6 0.4 -5.8
v -2.5 0.4 -5.8
v -2.4 0.4 -5.8
v -2.3 0.4 -5.8
v -2.6 0.4 -5.9
v -2.5 0.4 -5.9
v -2.4 0.4 -5.9
v -2.5 0.4 -6
v -2.4 0.4 -6
v -2.3 0.4 -6
v -2.7 0.4 -6.1
v -2.6 0.4 -6.1
v -2.5 0.4 -6.1
v -2.4 0.4 -6.1
v -2.3 0.4 -6.1
v -2.7 0.4 -6.2
v -2.6 0.4 -6.2
v -2.5 0.4 -6.2
v -2.4 0.4 -6.2
v -2.3 0.4 -6.2
v -2.7 0.4 -6.3
v -2.6 0.4 -6.3
v -2.5 0.4 -6.3
v -2.4 0.4 -6.3
v -2.3 0.4 -6.3

# faces
f 85/2/1 2/2/1 1/2/1
f 86/1/1 3/1/1 2/1/1
f 86/2/1 2/2/1 85/2/1
f 87/2/1 4/2/1 3/2/1
f 87/1/1 3/1/1 86/1/1
f 88/1/1 5/1/1 4/1/1
f 88/2/1 4/2/1 87/2/1
f 89/3/1 6/3/1 5/3/1
f 89/1/1 5/1/1 88/1/1
f 90/3/1 6/3/1 89/3/1
f 91/3/1 6/3/1 90/3/1
f 92/2/1 7/2/1 6/2/1
f 92/3/1 6/3/1 91/3/1
f 93/1/1 8/1/1 7/1/1
f 93/2/1 7/2/1 92/2/1
f 94/2/1 9/2/1 8/2/1
f 94/1/1 8/1/1 93/1/1
f 95/2/1 9/2/1 94/2/1
f 96/6/1 10/6/1 9/6/1
f 96/2/1 9/2/1 95/2/1
f 97/6/1 10/6/1 96/6/1
f 98/5/1 11/5/1 10/5/1
f 98/6/1 10/6/1 97/6/1
f 99/5/1 11/5/1 98/5/1
f 100/6/1 12/6/1 11/6/1
f 100/5/1 11/5/1 99/5/1
f 101/5/1 13/5/1 12/5/1
f 101/6/1 12/6/1 100/6/1
f 102/5/1 13/5/1 101/5/1
f 103/7/1 14/7/1 13/7/1
f 103/5/1 13/5/1 102/5/1
f 104/5/1 15/5/1 14/5/1
f 104/7/1 14/7/1 103/7/1
f 105/6/1 16/6/1 15/6/1
f 105/5/1 15/5/1 104/5/1
f 106/5/1 17/5/1 16/5/1
f 106/6/1 16/6/1 105/6/1
f 107/6/1 18/6/1 17/6/1
f 107/5/1 17/5/1 106/5/1
f 108/5/1 19/5/1 18/5/1
f 108/6/1 18/6/1 107/6/1
f 109/7/1 20/7/1 19/7/1
f 109/5/1 19/5/1 108/5/1
f 110/6/1 21/6/1 20/6/1
f 110/7/1 20/7/1 109/7/1
f 111/6/1 21/6/1 110/6/1
f 112/5/1 22/5/1 21/5/1
f 112/6/1 21/6/1 111/6/1
f 113/6/1 23/6/1 22/6/1
f 113/5/1 22/5/1 112/5/1
f 114/6/1 23/6/1 113/6/1
f 115/5/1 24/5/1 23/5/1
f 115/6/1 23/6/1 114/6/1
f 116/7/1 25/7/1 24/7/1
f 116/5/1 24/5/1 115/5/1
f 117/6/1 26/6/1 25/6/1
f 117/7/1 25/7/1 116/7/1
f 118/5/1 27/5/1 26/5/1
f 118/6/1 26/6/1 117/6/1
f 119/6/1 28/6/1 27/6/1
f 119/5/1 27/5/1 118/5/1
f 120/5/1 29/5/1 28/5/1
f 120/6/1 28/6/1 119/6/1
f 121/6/1 30/6/1 29/6/1
f 121/5/1 29/5/1 120/5/1
f 122/5/1 31/5/1 30/5/1
f 122/6/1 30/6/1 121/6/1
f 123/6/1 32/6/1 31/6/1
f 123/5/1 31/5/1 122/5/1
f 124/3/1 33/3/1 32/3/1
f 124/6/1 32/6/1 123/6/1
f 125/3/1 33/3/1 124/3/1
f 126/5/1 34/5/1 33/5/1
f 126/3/1 33/3/1 125/3/1
f 127/4/1 35/4/1 34/4/1
f 127/5/1 34/5/1 126/5/1
f 128/5/1 36/5/1 35/5/1
f 128/4/1 35/4/1 127/4/1
f 129/3/1 37/3/1 36/3/1
f 129/5/1 36/5/1 128/5/1
f 130/4/1 38/4/1 37/4/1
f 130/3/1 37/3/1 129/3/1
f 131/3/1 39/3/1 38/3/1
f 131/5/1 40/5/1 39/5/1
f 132/4/1 41/4/1 40/4/1
f 132/5/1 40/5/1 131/5/1
f 133/5/1 42/5/1 41/5/1
f 134/4/1 43/4/1 42/4/1
f 134/5/1 42/5/1 133/5/1
f 135/4/1 43/4/1 134/4/1
f 136/3/1 44/3/1 43/3/1
f 136/4/1 43/4/1 135/4/1
f 137/5/1 45/5/1 44/5/1
f 137/3/1 44/3/1 136/3/1
f 138/4/1 46/4/1 45/4/1
f 138/5/1 45/5/1 137/5/1
f 139/5/1 47/5/1 46/5/1
f 139/4/1 46/4/1 138/4/1
f 140/4/1 48/4/1 47/4/1
f 140/5/1 47/5/1 139/5/1
f 141/4/1 48/4/1 140/4/1
f 142/5/1 49/5/1 48/5/1
f 143/3/1 50/3/1 49/3/1
f 143/5/1 49/5/1 142/5/1
f 144/5/1 51/5/1 50/5/1
f 144/3/1 50/3/1 143/3/1
f 145/4/1 52/4/1 51/4/1
f 145/5/1 51/5/1 144/5/1
f 146/4/1 52/4/1 145/4/1
f 147/4/1 52/4/1 146/4/1
f 148/6/1 53/6/1 52/6/1
f 148/4/1 52/4/1 147/4/1
f 149/5/1 54/5/1 53/5/1
f 149/6/1 53/6/1 148/6/1
f 150/6/1 55/6/1 54/6/1
f 150/5/1 54/5/1 149/5/1
f 151/4/1 56/4/1 55/4/1
f 151/6/1 55/6/1 150/6/1
f 152/5/1 57/5/1 56/5/1
f 152/4/1 56/4/1 151/4/1
f 153/6/1 58/6/1 57/6/1
f 153/5/1 57/5/1 152/5/1
f 154/5/1 59/5/1 58/5/1
f 154/6/1 58/6/1 153/6/1
f 155/5/1 59/5/1 154/5/1
f 156/6/1 60/6/1 59/6/1
f 156/5/1 59/5/1 155/5/1
f 157/6/1 60/6/1 156/6/1
f 158/4/1 61/4/1 60/4/1
f 158/6/1 60/6/1 157/6/1
f 159/5/1 62/5/1 61/5/1
f 159/4/1 61/4/1 158/4/1
f 160/6/1 63/6/1 62/6/1
f 160/5/1 62/5/1 159/5/1
f 161/5/1 64/5/1 63/5/1
f 161/6/1 63/6/1 160/6/1
f 162/4/1 65/4/1 64/4/1
f 162/5/1 64/5/1 161/5/1
f 163/4/1 65/4/1 162/4/1
f 164/6/1 66/6/1 65/6/1
f 164/4/1 65/4/1 163/4/1
f 165/5/1 67/5/1 66/5/1
f 165/6/1 66/6/1 164/6/1
f 166/4/1 68/4/1 67/4/1
f 166/5/1 67/5/1 165/5/1
f 167/4/1 68/4/1 166/4/1
f 168/4/1 68/4/1 167/4/1
f 169/4/1 68/4/1 168/4/1
f 170/6/1 69/6/1 68/6/1
f 170/4/1 68/4/1 169/4/1
f 171/4/1 70/4/1 69/4/1
f 171/6/1 69/6/1 170/6/1
f 172/4/1 70/4/1 171/4/1
f 173/3/1 71/3/1 70/3/1
f 173/4/1 70/4/1 172/4/1
f 174/4/1 72/4/1 71/4/1
f 174/3/1 71/3/1 173/3/1
f 175/5/1 73/5/1 72/5/1
f 175/4/1 72/4/1 174/4/1
f 176/5/1 73/5/1 175/5/1
f 177/4/1 74/4/1 73/4/1
f 177/5/1 73/5/1 176/5/1
f 178/4/1 74/4/1 177/4/1
f 179/5/1 75/5/1 74/5/1
f 179/4/1 74/4/1 178/4/1
f 180/5/1 75/5/1 179/5/1
f 181/3/1 76/3/1 75/3/1
f 181/5/1 75/5/1 180/5/1
f 182/4/1 77/4/1 76/4/1
f 182/3/1 76/3/1 181/3/1
f 183/5/1 78/5/1 77/5/1
f 183/4/1 77/4/1 182/4/1
f 184/5/1 78/5/1 183/5/1
f 185/3/1 79/3/1 78/3/1
f 185/5/1 78/5/1 184/5/1
f 186/4/1 80/4/1 79/4/1
f 186/3/1 79/3/1 185/3/1
f 187/5/1 81/5/1 80/5/1
f 188/4/1 82/4/1 81/4/1
f 188/5/1 81/5/1 187/5/1
f 189/3/1 83/3/1 82/3/1
f 189/4/1 82/4/1 188/4/1
f 190/3/1 83/3/1 189/3/1
f 191/4/1 84/4/1 83/4/1
f 191/3/1 83/3/1 190/3/1
f 192/4/1 84/4/1 191/4/1
f 193/4/1 84/4/1 192/4/1
f 194/5/1 86/5/1 85/5/1
f 195/4/1 87/4/1 86/4/1
f 195/5/1 86/5/1 194/5/1
f 196/5/1 88/5/1 87/5/1
f 196/4/1 87/4/1 195/4/1
f 197/3/1 89/3/1 88/3/1
f 197/5/1 88/5/1 196/5/1
f 197/3/1 90/3/1 89/3/1
f 198/3/1 90/3/1 197/3/1
f 199/3/1 90/3/1 198/3/1
f 200/5/1 91/5/1 90/5/1
f 200/3/1 90/3/1 199/3/1
f 201/4/1 92/4/1 91/4/1
f 201/5/1 91/5/1 200/5/1
f 202/3/1 93/3/1 92/3/1
f 202/4/1 92/4/1 201/4/1
f 203/5/1 95/5/1 94/5/1
f 203/3/1 93/3/1 202/3/1
f 203/5/1 94/5/1 93/5/1
f 204/5/1 95/5/1 203/5/1
f 205/6/1 97/6/1 96/6/1
f 205/5/1 95/5/1 204/5/1
f 205/6/1 96/6/1 95/6/1
f 206/6/1 97/6/1 205/6/1
f 207/5/1 98/5/1 97/5/1
f 207/6/1 97/6/1 206/6/1
f 208/6/1 99/6/1 98/6/1
f 208/5/1 98/5/1 207/5/1
f 209/6/1 99/6/1 208/6/1
f 210/4/1 100/4/1 99/4/1
f 210/6/1 99/6/1 209/6/1
f 210/4/1 101/4/1 100/4/1
f 211/6/1 102/6/1 101/6/1
f 211/4/1 101/4/1 210/4/1
f 212/5/1 103/5/1 102/5/1
f 212/6/1 102/6/1 211/6/1
f 213/6/1 104/6/1 103/6/1
f 213/5/1 103/5/1 212/5/1
f 214/3/1 105/3/1 104/3/1
f 214/6/1 104/6/1 213/6/1
f 215/2/1 106/2/1 105/2/1
f 215/3/1 105/3/1 214/3/1
f 215/2/1 107/2/1 106/2/1
f 215/2/1 108/2/1 107/2/1
f 216/2/1 108/2/1 215/2/1
f 217/2/1 108/2/1 216/2/1
f 218/4/1 109/4/1 108/4/1
f 218/2/1 108/2/1 217/2/1
f 219/3/1 110/3/1 109/3/1
f 219/4/1 109/4/1 218/4/1
f 220/4/1 111/4/1 110/4/1
f 220/3/1 110/3/1 219/3/1
f 221/3/1 112/3/1 111/3/1
f 221/4/1 111/4/1 220/4/1
f 222/2/1 113/2/1 112/2/1
f 222/3/1 112/3/1 221/3/1
f 223/5/1 114/5/1 113/5/1
f 223/2/1 113/2/1 222/2/1
f 224/4/1 115/4/1 114/4/1
f 224/5/1 114/5/1 223/5/1
f 225/3/1 116/3/1 115/3/1
f 225/4/1 115/4/1 224/4/1
f 226/4/1 117/4/1 116/4/1
f 226/3/1 116/3/1 225/3/1
f 227/5/1 118/5/1 117/5/1
f 227/4/1 117/4/1 226/4/1
f 227/5/1 119/5/1 118/5/1
f 228/5/1 119/5/1 227/5/1
f 229/3/1 120/3/1 119/3/1
f 229/5/1 119/5/1 228/5/1
f 229/3/1 121/3/1 120/3/1
f 230/3/1 121/3/1 229/3/1
f 231/5/1 122/5/1 121/5/1
f 231/3/1 121/3/1 230/3/1
f 232/4/1 123/4/1 122/4/1
f 232/5/1 122/5/1 231/5/1
f 232/4/1 124/4/1 123/4/1
f 233/4/1 124/4/1 232/4/1
f 234/3/1 125/3/1 124/3/1
f 234/4/1 124/4/1 233/4/1
f 235/4/1 126/4/1 125/4/1
f 235/3/1 125/3/1 234/3/1
f 236/3/1 127/3/1 126/3/1
f 236/4/1 126/4/1 235/4/1
f 237/4/1 128/4/1 127/4/1
f 237/3/1 127/3/1 236/3/1
f 238/3/1 129/3/1 128/3/1
f 238/4/1 128/4/1 237/4/1
f 239/5/1 130/5/1 129/5/1
f 239/3/1 129/3/1 238/3/1
f 240/4/1 38/4/1 130/4/1
f 240/5/1 130/5/1 239/5/1
f 241/3/1 131/3/1 38/3/1
f 241/4/1 38/4/1 240/4/1
f 241/3/1 132/3/1 131/3/1
f 242/3/1 132/3/1 241/3/1
f 243/4/1 41/4/1 132/4/1
f 243/3/1 132/3/1 242/3/1
f 244/5/1 133/5/1 41/5/1
f 244/4/1 41/4/1 243/4/1
f 245/3/1 134/3/1 133/3/1
f 245/5/1 133/5/1 244/5/1
f 246/4/1 135/4/1 134/4/1
f 246/3/1 134/3/1 245/3/1
f 247/3/1 136/3/1 135/3/1
f 247/4/1 135/4/1 246/4/1
f 248/4/1 137/4/1 136/4/1
f 248/3/1 136/3/1 247/3/1
f 248/4/1 138/4/1 137/4/1
f 248/4/1 139/4/1 138/4/1
f 249/4/1 139/4/1 248/4/1
f 250/4/1 139/4/1 249/4/1
f 251/3/1 140/3/1 139/3/1
f 251/4/1 139/4/1 250/4/1
f 252/6/1 141/6/1 140/6/1
f 252/3/1 140/3/1 251/3/1
f 253/4/1 48/4/1 141/4/1
f 253/6/1 141/6/1 252/6/1
f 254/5/1 142/5/1 48/5/1
f 254/4/1 48/4/1 253/4/1
f 255/5/1 142/5/1 254/5/1
f 256/4/1 143/4/1 142/4/1
f 256/5/1 142/5/1 255/5/1
f 257/4/1 143/4/1 256/4/1
f 258/6/1 144/6/1 143/6/1
f 258/4/1 143/4/1 257/4/1
f 258/6/1 145/6/1 144/6/1
f 258/6/1 146/6/1 145/6/1
f 259/6/1 146/6/1 258/6/1
f 260/5/1 147/5/1 146/5/1
f 260/6/1 146/6/1 259/6/1
f 261/6/1 148/6/1 147/6/1
f 261/5/1 147/5/1 260/5/1
f 261/6/1 149/6/1 148/6/1
f 262/6/1 149/6/1 261/6/1
f 263/4/1 150/4/1 149/4/1
f 263/6/1 149/6/1 262/6/1
f 264/6/1 151/6/1 150/6/1
f 264/4/1 150/4/1 263/4/1
f 265/5/1 152/5/1 151/5/1
f 265/6/1 151/6/1 264/6/1
f 266/6/1 153/6/1 152/6/1
f 266/5/1 154/5/1 153/5/1
f 267/5/1 154/5/1 266/5/1
f 268/7/1 155/7/1 154/7/1
f 268/5/1 154/5/1 267/5/1
f 269/8/1 157/8/1 156/8/1
f 269/7/1 155/7/1 268/7/1
f 269/8/1 156/8/1 155/8/1
f 270/8/1 157/8/1 269/8/1
f 271/6/1 158/6/1 157/6/1
f 271/8/1 157/8/1 270/8/1
f 272/8/1 159/8/1 158/8/1
f 272/6/1 158/6/1 271/6/1
f 273/7/1 160/7/1 159/7/1
f 273/8/1 159/8/1 272/8/1
f 274/6/1 161/6/1 160/6/1
f 274/7/1 160/7/1 273/7/1
f 274/6/1 162/6/1 161/6/1
f 275/6/1 162/6/1 274/6/1
f 276/8/1 163/8/1 162/8/1
f 276/6/1 162/6/1 275/6/1
f 277/6/1 164/6/1 163/6/1
f 277/8/1 163/8/1 276/8/1
f 278/5/1 165/5/1 164/5/1
f 278/6/1 164/6/1 277/6/1
f 279/6/1 166/6/1 165/6/1
f 279/5/1 165/5/1 278/5/1
f 279/6/1 167/6/1 166/6/1
f 280/4/1 168/4/1 167/4/1
f 280/6/1 167/6/1 279/6/1
f 281/5/1 169/5/1 168/5/1
f 281/4/1 168/4/1 280/4/1
f 282/4/1 170/4/1 169/4/1
f 282/5/1 169/5/1 281/5/1
f 282/4/1 171/4/1 170/4/1
f 283/4/1 171/4/1 282/4/1
f 284/6/1 172/6/1 171/6/1
f 284/4/1 171/4/1 283/4/1
f 285/4/1 173/4/1 172/4/1
f 285/6/1 172/6/1 284/6/1
f 285/4/1 174/4/1 173/4/1
f 286/6/1 175/6/1 174/6/1
f 286/4/1 174/4/1 285/4/1
f 287/4/1 176/4/1 175/4/1
f 287/6/1 175/6/1 286/6/1
f 288/5/1 178/5/1 177/5/1
f 288/4/1 176/4/1 287/4/1
f 288/5/1 177/5/1 176/5/1
f 289/5/1 178/5/1 288/5/1
f 290/7/1 179/7/1 178/7/1
f 290/5/1 178/5/1 289/5/1
f 291/5/1 180/5/1 179/5/1
f 291/7/1 179/7/1 290/7/1
f 292/6/1 181/6/1 180/6/1
f 292/5/1 180/5/1 291/5/1
f 293/7/1 182/7/1 181/7/1
f 293/6/1 181/6/1 292/6/1
f 294/5/1 183/5/1 182/5/1
f 294/7/1 182/7/1 293/7/1
f 295/4/1 184/4/1 183/4/1
f 295/5/1 183/5/1 294/5/1
f 296/5/1 185/5/1 184/5/1
f 296/4/1 184/4/1 295/4/1
f 297/6/1 186/6/1 185/6/1
f 297/5/1 185/5/1 296/5/1
f 298/4/1 80/4/1 186/4/1
f 298/6/1 186/6/1 297/6/1
f 299/5/1 187/5/1 80/5/1
f 299/4/1 80/4/1 298/4/1
f 300/4/1 188/4/1 187/4/1
f 300/5/1 187/5/1 299/5/1
f 301/5/1 190/5/1 189/5/1
f 301/4/1 188/4/1 300/4/1
f 301/5/1 189/5/1 188/5/1
f 302/5/1 190/5/1 301/5/1
f 303/1/1 191/1/1 190/1/1
f 303/5/1 190/5/1 302/5/1
f 303/1/1 192/1/1 191/1/1
f 304/1/1 192/1/1 303/1/1
f 305/1/1 192/1/1 304/1/1
f 306/3/1 193/3/1 192/3/1
f 306/1/1 192/1/1 305/1/1
f 307/3/1 193/3/1 306/3/1
f 308/4/1 195/4/1 194/4/1
f 308/4/1 197/4/1 196/4/1
f 308/4/1 196/4/1 195/4/1
f 309/4/1 197/4/1 308/4/1
f 310/2/1 198/2/1 197/2/1
f 310/4/1 197/4/1 309/4/1
f 311/4/1 199/4/1 198/4/1
f 311/2/1 198/2/1 310/2/1
f 312/7/1 200/7/1 199/7/1
f 312/4/1 199/4/1 311/4/1
f 313/8/1 201/8/1 200/8/1
f 313/7/1 200/7/1 312/7/1
f 314/6/1 202/6/1 201/6/1
f 314/8/1 201/8/1 313/8/1
f 314/6/1 203/6/1 202/6/1
f 315/6/1 203/6/1 314/6/1
f 316/8/1 204/8/1 203/8/1
f 316/6/1 203/6/1 315/6/1
f 317/7/1 205/7/1 204/7/1
f 317/8/1 204/8/1 316/8/1
f 318/6/1 206/6/1 205/6/1
f 318/7/1 205/7/1 317/7/1
f 319/8/1 207/8/1 206/8/1
f 319/6/1 206/6/1 318/6/1
f 320/7/1 209/7/1 208/7/1
f 320/8/1 207/8/1 319/8/1
f 320/7/1 208/7/1 207/7/1
f 321/7/1 209/7/1 320/7/1
f 322/8/1 210/8/1 209/8/1
f 322/7/1 209/7/1 321/7/1
f 322/8/1 211/8/1 210/8/1
f 323/8/1 211/8/1 322/8/1
f 324/7/1 212/7/1 211/7/1
f 324/8/1 211/8/1 323/8/1
f 325/8/1 213/8/1 212/8/1
f 325/7/1 212/7/1 324/7/1
f 326/6/1 214/6/1 213/6/1
f 326/8/1 213/8/1 325/8/1
f 326/6/1 216/6/1 215/6/1
f 326/6/1 215/6/1 214/6/1
f 327/6/1 216/6/1 326/6/1
f 328/6/1 216/6/1 327/6/1
f 329/7/1 217/7/1 216/7/1
f 329/6/1 216/6/1 328/6/1
f 330/8/1 218/8/1 217/8/1
f 330/7/1 217/7/1 329/7/1
f 331/7/1 219/7/1 218/7/1
f 331/8/1 218/8/1 330/8/1
f 332/8/1 220/8/1 219/8/1
f 332/7/1 219/7/1 331/7/1
f 333/7/1 221/7/1 220/7/1
f 333/8/1 220/8/1 332/8/1
f 334/8/1 222/8/1 221/8/1
f 334/7/1 221/7/1 333/7/1
f 335/7/1 223/7/1 222/7/1
f 335/8/1 222/8/1 334/8/1
f 336/6/1 224/6/1 223/6/1
f 336/7/1 223/7/1 335/7/1
f 337/7/1 225/7/1 224/7/1
f 337/6/1 224/6/1 336/6/1
f 337/7/1 226/7/1 225/7/1
f 338/8/1 227/8/1 226/8/1
f 338/7/1 226/7/1 337/7/1
f 339/6/1 228/6/1 227/6/1
f 339/8/1 227/8/1 338/8/1
f 340/7/1 230/7/1 229/7/1
f 340/6/1 228/6/1 339/6/1
f 340/7/1 229/7/1 228/7/1
f 341/7/1 230/7/1 340/7/1
f 342/6/1 231/6/1 230/6/1
f 342/7/1 230/7/1 341/7/1
f 343/6/1 233/6/1 232/6/1
f 343/8/1 234/8/1 233/8/1
f 344/6/1 235/6/1 234/6/1
f 344/8/1 234/8/1 343/8/1
f 344/6/1 236/6/1 235/6/1
f 345/6/1 236/6/1 344/6/1
f 346/8/1 237/8/1 236/8/1
f 346/6/1 236/6/1 345/6/1
f 347/7/1 238/7/1 237/7/1
f 347/8/1 237/8/1 346/8/1
f 348/6/1 239/6/1 238/6/1
f 348/7/1 238/7/1 347/7/1
f 349/8/1 240/8/1 239/8/1
f 349/6/1 239/6/1 348/6/1
f 349/8/1 241/8/1 240/8/1
f 350/6/1 242/6/1 241/6/1
f 350/8/1 241/8/1 349/8/1
f 351/6/1 242/6/1 350/6/1
f 352/7/1 243/7/1 242/7/1
f 352/6/1 242/6/1 351/6/1
f 353/8/1 244/8/1 243/8/1
f 353/7/1 243/7/1 352/7/1
f 354/6/1 245/6/1 244/6/1
f 354/8/1 244/8/1 353/8/1
f 354/6/1 246/6/1 245/6/1
f 355/6/1 246/6/1 354/6/1
f 356/7/1 247/7/1 246/7/1
f 356/6/1 246/6/1 355/6/1
f 357/6/1 249/6/1 248/6/1
f 357/7/1 247/7/1 356/7/1
f 357/6/1 248/6/1 247/6/1
f 358/7/1 250/7/1 249/7/1
f 358/6/1 249/6/1 357/6/1
f 359/5/1 251/5/1 250/5/1
f 359/7/1 250/7/1 358/7/1
f 360/7/1 252/7/1 251/7/1
f 360/5/1 251/5/1 359/5/1
f 360/7/1 253/7/1 252/7/1
f 360/7/1 254/7/1 253/7/1
f 361/7/1 254/7/1 360/7/1
f 362/7/1 254/7/1 361/7/1
f 363/5/1 255/5/1 254/5/1
f 363/7/1 254/7/1 362/7/1
f 364/6/1 256/6/1 255/6/1
f 364/5/1 255/5/1 363/5/1
f 365/5/1 257/5/1 256/5/1
f 365/6/1 256/6/1 364/6/1
f 366/7/1 258/7/1 257/7/1
f 366/5/1 257/5/1 365/5/1
f 367/6/1 259/6/1 258/6/1
f 367/7/1 258/7/1 366/7/1
f 368/6/1 259/6/1 367/6/1
f 369/7/1 260/7/1 259/7/1
f 369/6/1 259/6/1 368/6/1
f 370/6/1 261/6/1 260/6/1
f 370/7/1 260/7/1 369/7/1
f 371/5/1 262/5/1 261/5/1
f 371/6/1 261/6/1 370/6/1
f 372/7/1 263/7/1 262/7/1
f 372/5/1 262/5/1 371/5/1
f 373/5/1 264/5/1 263/5/1
f 373/7/1 263/7/1 372/7/1
f 373/5/1 265/5/1 264/5/1
f 374/5/1 265/5/1 373/5/1
f 375/5/1 152/5/1 265/5/1
f 375/5/1 265/5/1 374/5/1
f 376/6/1 267/6/1 266/6/1
f 376/5/1 152/5/1 375/5/1
f 376/6/1 266/6/1 152/6/1
f 377/6/1 267/6/1 376/6/1
f 378/6/1 267/6/1 377/6/1
f 379/7/1 268/7/1 267/7/1
f 379/6/1 267/6/1 378/6/1
f 380/6/1 269/6/1 268/6/1
f 380/7/1 268/7/1 379/7/1
f 381/7/1 270/7/1 269/7/1
f 381/6/1 269/6/1 380/6/1
f 382/5/1 271/5/1 270/5/1
f 382/7/1 270/7/1 381/7/1
f 383/7/1 272/7/1 271/7/1
f 383/5/1 271/5/1 382/5/1
f 384/7/1 272/7/1 383/7/1
f 385/6/1 273/6/1 272/6/1
f 385/7/1 272/7/1 384/7/1
f 386/7/1 274/7/1 273/7/1
f 386/6/1 273/6/1 385/6/1
f 387/5/1 275/5/1 274/5/1
f 387/7/1 274/7/1 386/7/1
f 388/1/1 276/1/1 275/1/1
f 388/5/1 275/5/1 387/5/1
f 388/1/1 277/1/1 276/1/1
f 388/1/1 278/1/1 277/1/1
f 389/1/1 278/1/1 388/1/1
f 390/1/1 278/1/1 389/1/1
f 391/3/1 280/3/1 279/3/1
f 391/1/1 278/1/1 390/1/1
f 391/3/1 281/3/1 280/3/1
f 391/3/1 283/3/1 282/3/1
f 391/3/1 282/3/1 281/3/1
f 391/3/1 279/3/1 278/3/1
f 392/3/1 283/3/1 391/3/1
f 393/3/1 283/3/1 392/3/1
f 394/1/1 284/1/1 283/1/1
f 394/3/1 283/3/1 393/3/1
f 395/2/1 285/2/1 284/2/1
f 395/1/1 284/1/1 394/1/1
f 396/2/1 285/2/1 395/2/1
f 397/3/1 286/3/1 285/3/1
f 397/2/1 285/2/1 396/2/1
f 398/1/1 287/1/1 286/1/1
f 398/3/1 286/3/1 397/3/1
f 398/1/1 289/1/1 288/1/1
f 398/1/1 288/1/1 287/1/1
f 399/1/1 289/1/1 398/1/1
f 400/1/1 289/1/1 399/1/1
f 401/2/1 290/2/1 289/2/1
f 401/1/1 289/1/1 400/1/1
f 402/3/1 291/3/1 290/3/1
f 402/2/1 290/2/1 401/2/1
f 403/2/1 292/2/1 291/2/1
f 403/3/1 291/3/1 402/3/1
f 403/2/1 293/2/1 292/2/1
f 404/2/1 293/2/1 403/2/1
f 405/3/1 294/3/1 293/3/1
f 405/2/1 293/2/1 404/2/1
f 406/2/1 295/2/1 294/2/1
f 406/3/1 294/3/1 405/3/1
f 406/2/1 296/2/1 295/2/1
f 407/2/1 296/2/1 406/2/1
f 408/1/1 297/1/1 296/1/1
f 408/2/1 296/2/1 407/2/1
f 408/1/1 298/1/1 297/1/1
f 409/1/1 298/1/1 408/1/1
f 410/2/1 300/2/1 299/2/1
f 410/1/1 298/1/1 409/1/1
f 410/2/1 299/2/1 298/2/1
f 411/3/1 301/3/1 300/3/1
f 411/2/1 300/2/1 410/2/1
f 412/2/1 302/2/1 301/2/1
f 412/3/1 301/3/1 411/3/1
f 413/1/1 303/1/1 302/1/1
f 413/2/1 302/2/1 412/2/1
f 414/3/1 304/3/1 303/3/1
f 414/1/1 303/1/1 413/1/1
f 415/1/1 305/1/1 304/1/1
f 415/3/1 304/3/1 414/3/1
f 416/2/1 306/2/1 305/2/1
f 416/1/1 305/1/1 415/1/1
f 417/2/1 306/2/1 416/2/1
f 418/1/1 307/1/1 306/1/1
f 418/2/1 306/2/1 417/2/1
f 419/1/1 307/1/1 418/1/1
f 420/3/1 309/3/1 308/3/1
f 421/2/1 310/2/1 309/2/1
f 421/3/1 309/3/1 420/3/1
f 422/4/1 311/4/1 310/4/1
f 422/2/1 310/2/1 421/2/1
f 423/2/1 312/2/1 311/2/1
f 423/4/1 311/4/1 422/4/1
f 424/3/1 313/3/1 312/3/1
f 424/2/1 312/2/1 423/2/1
f 424/3/1 314/3/1 313/3/1
f 425/2/1 315/2/1 314/2/1
f 425/3/1 314/3/1 424/3/1
f 426/3/1 316/3/1 315/3/1
f 426/2/1 315/2/1 425/2/1
f 427/7/1 317/7/1 316/7/1
f 427/3/1 316/3/1 426/3/1
f 428/8/1 318/8/1 317/8/1
f 428/7/1 317/7/1 427/7/1
f 429/7/1 319/7/1 318/7/1
f 429/8/1 318/8/1 428/8/1
f 430/6/1 320/6/1 319/6/1
f 430/7/1 319/7/1 429/7/1
f 431/8/1 321/8/1 320/8/1
f 431/6/1 320/6/1 430/6/1
f 432/6/1 322/6/1 321/6/1
f 432/8/1 321/8/1 431/8/1
f 433/8/1 323/8/1 322/8/1
f 433/6/1 322/6/1 432/6/1
f 434/6/1 324/6/1 323/6/1
f 434/8/1 323/8/1 433/8/1
f 435/8/1 325/8/1 324/8/1
f 435/6/1 324/6/1 434/6/1
f 436/2/1 327/2/1 326/2/1
f 436/8/1 325/8/1 435/8/1
f 436/2/1 326/2/1 325/2/1
f 437/3/1 328/3/1 327/3/1
f 437/2/1 327/2/1 436/2/1
f 438/4/1 330/4/1 329/4/1
f 438/3/1 328/3/1 437/3/1
f 438/4/1 331/4/1 330/4/1
f 438/4/1 329/4/1 328/4/1
f 439/2/1 333/2/1 332/2/1
f 439/4/1 331/4/1 438/4/1
f 439/2/1 332/2/1 331/2/1
f 440/3/1 334/3/1 333/3/1
f 440/2/1 333/2/1 439/2/1
f 441/4/1 335/4/1 334/4/1
f 441/3/1 334/3/1 440/3/1
f 442/5/1 336/5/1 335/5/1
f 442/4/1 335/4/1 441/4/1
f 442/5/1 338/5/1 337/5/1
f 442/5/1 337/5/1 336/5/1
f 442/5/1 339/5/1 338/5/1
f 442/5/1 341/5/1 340/5/1
f 442/5/1 340/5/1 339/5/1
f 443/4/1 342/4/1 341/4/1
f 443/5/1 341/5/1 442/5/1
f 444/6/1 231/6/1 342/6/1
f 444/4/1 342/4/1 443/4/1
f 445/7/1 232/7/1 231/7/1
f 445/6/1 231/6/1 444/6/1
f 446/6/1 343/6/1 232/6/1
f 446/7/1 232/7/1 445/7/1
f 447/7/1 344/7/1 343/7/1
f 447/6/1 343/6/1 446/6/1
f 448/5/1 345/5/1 344/5/1
f 448/7/1 344/7/1 447/7/1
f 449/6/1 346/6/1 345/6/1
f 449/5/1 345/5/1 448/5/1
f 450/5/1 347/5/1 346/5/1
f 450/6/1 346/6/1 449/6/1
f 451/6/1 348/6/1 347/6/1
f 451/5/1 347/5/1 450/5/1
f 451/6/1 349/6/1 348/6/1
f 452/7/1 350/7/1 349/7/1
f 452/6/1 349/6/1 451/6/1
f 453/5/1 351/5/1 350/5/1
f 453/7/1 350/7/1 452/7/1
f 454/3/1 352/3/1 351/3/1
f 454/5/1 351/5/1 453/5/1
f 455/5/1 353/5/1 352/5/1
f 455/3/1 352/3/1 454/3/1
f 455/5/1 355/5/1 354/5/1
f 455/5/1 354/5/1 353/5/1
f 456/4/1 360/4/1 359/4/1
f 456/5/1 355/5/1 455/5/1
f 456/4/1 359/4/1 358/4/1
f 456/4/1 357/4/1 356/4/1
f 456/4/1 358/4/1 357/4/1
f 456/4/1 356/4/1 355/4/1
f 457/6/1 361/6/1 360/6/1
f 457/4/1 360/4/1 456/4/1
f 458/5/1 362/5/1 361/5/1
f 458/6/1 361/6/1 457/6/1
f 459/4/1 363/4/1 362/4/1
f 459/5/1 362/5/1 458/5/1
f 460/6/1 364/6/1 363/6/1
f 460/4/1 363/4/1 459/4/1
f 460/6/1 365/6/1 364/6/1
f 461/3/1 366/3/1 365/3/1
f 461/6/1 365/6/1 460/6/1
f 461/3/1 367/3/1 366/3/1
f 462/4/1 368/4/1 367/4/1
f 462/3/1 367/3/1 461/3/1
f 463/5/1 369/5/1 368/5/1
f 463/4/1 368/4/1 462/4/1
f 464/4/1 370/4/1 369/4/1
f 464/5/1 369/5/1 463/5/1
f 464/4/1 371/4/1 370/4/1
f 465/3/1 373/3/1 372/3/1
f 465/4/1 371/4/1 464/4/1
f 465/3/1 372/3/1 371/3/1
f 466/4/1 374/4/1 373/4/1
f 466/3/1 373/3/1 465/3/1
f 467/3/1 375/3/1 374/3/1
f 467/4/1 374/4/1 466/4/1
f 468/4/1 376/4/1 375/4/1
f 468/3/1 375/3/1 467/3/1
f 469/3/1 377/3/1 376/3/1
f 469/4/1 376/4/1 468/4/1
f 470/4/1 378/4/1 377/4/1
f 470/3/1 377/3/1 469/3/1
f 471/3/1 379/3/1 378/3/1
f 471/4/1 378/4/1 470/4/1
f 472/5/1 380/5/1 379/5/1
f 472/3/1 379/3/1 471/3/1
f 473/4/1 381/4/1 380/4/1
f 473/5/1 380/5/1 472/5/1
f 474/5/1 382/5/1 381/5/1
f 474/4/1 381/4/1 473/4/1
f 475/4/1 384/4/1 383/4/1
f 475/5/1 382/5/1 474/5/1
f 475/4/1 383/4/1 382/4/1
f 476/6/1 386/6/1 385/6/1
f 476/4/1 384/4/1 475/4/1
f 476/6/1 385/6/1 384/6/1
f 477/5/1 387/5/1 386/5/1
f 477/6/1 386/6/1 476/6/1
f 478/4/1 388/4/1 387/4/1
f 478/5/1 387/5/1 477/5/1
f 479/5/1 389/5/1 388/5/1
f 479/4/1 388/4/1 478/4/1
f 480/6/1 390/6/1 389/6/1
f 480/5/1 389/5/1 479/5/1
f 481/4/1 392/4/1 391/4/1
f 481/6/1 390/6/1 480/6/1
f 481/4/1 391/4/1 390/4/1
f 482/5/1 393/5/1 392/5/1
f 482/4/1 392/4/1 481/4/1
f 483/3/1 395/3/1 394/3/1
f 483/5/1 393/5/1 482/5/1
f 483/3/1 394/3/1 393/3/1
f 483/3/1 396/3/1 395/3/1
f 484/2/1 399/2/1 398/2/1
f 484/3/1 396/3/1 483/3/1
f 484/2/1 397/2/1 396/2/1
f 484/2/1 398/2/1 397/2/1
f 485/1/1 400/1/1 399/1/1
f 485/2/1 399/2/1 484/2/1
f 486/7/1 401/7/1 400/7/1
f 486/1/1 400/1/1 485/1/1
f 487/5/1 402/5/1 401/5/1
f 487/7/1 401/7/1 486/7/1
f 488/6/1 403/6/1 402/6/1
f 488/5/1 402/5/1 487/5/1
f 489/5/1 404/5/1 403/5/1
f 489/6/1 403/6/1 488/6/1
f 490/6/1 405/6/1 404/6/1
f 490/5/1 404/5/1 489/5/1
f 491/5/1 406/5/1 405/5/1
f 491/6/1 405/6/1 490/6/1
f 492/7/1 407/7/1 406/7/1
f 492/5/1 406/5/1 491/5/1
f 493/5/1 408/5/1 407/5/1
f 493/7/1 407/7/1 492/7/1
f 494/6/1 409/6/1 408/6/1
f 494/5/1 408/5/1 493/5/1
f 495/7/1 410/7/1 409/7/1
f 495/6/1 409/6/1 494/6/1
f 496/2/1 411/2/1 410/2/1
f 496/7/1 410/7/1 495/7/1
f 496/2/1 413/2/1 412/2/1
f 496/2/1 412/2/1 411/2/1
f 497/4/1 414/4/1 413/4/1
f 497/2/1 413/2/1 496/2/1
f 498/2/1 417/2/1 416/2/1
f 498/4/1 414/4/1 497/4/1
f 498/2/1 416/2/1 415/2/1
f 498/2/1 415/2/1 414/2/1
f 499/4/1 418/4/1 417/4/1
f 499/2/1 417/2/1 498/2/1
f 500/5/1 419/5/1 418/5/1
f 500/4/1 418/4/1 499/4/1
f 501/5/1 419/5/1 500/5/1
f 502/6/2 503/6/2 598/6/2
f 503/7/2 504/7/2 599/7/2
f 598/6/2 503/6/2 599/6/2
f 504/6/2 505/6/2 600/6/2
f 599/7/2 504/7/2 600/7/2
f 505/7/2 506/7/2 601/7/2
f 600/6/2 505/6/2 601/6/2
f 506/6/2 507/6/2 602/6/2
f 601/7/2 506/7/2 602/7/2
f 507/3/2 508/3/2 603/3/2
f 602/6/2 507/6/2 603/6/2
f 508/5/2 509/5/2 604/5/2
f 603/3/2 508/3/2 604/3/2
f 509/4/2 510/4/2 605/4/2
f 604/5/2 509/5/2 605/5/2
f 510/5/2 511/5/2 606/5/2
f 511/7/2 512/7/2 606/7/2
f 512/6/2 513/6/2 607/6/2
f 606/7/2 512/7/2 607/7/2
f 607/6/2 513/6/2 608/6/2
f 513/8/2 514/8/2 609/8/2
f 608/6/2 513/6/2 609/6/2
f 514/7/2 515/7/2 610/7/2
f 609/8/2 514/8/2 610/8/2
f 515/6/2 516/6/2 611/6/2
f 610/7/2 515/7/2 611/7/2
f 611/6/2 516/6/2 612/6/2
f 516/8/2 517/8/2 613/8/2
f 612/6/2 516/6/2 613/6/2
f 517/7/2 518/7/2 614/7/2
f 613/8/2 517/8/2 614/8/2
f 518/8/2 519/8/2 615/8/2
f 614/7/2 518/7/2 615/7/2
f 519/3/2 520/3/2 616/3/2
f 615/8/2 519/8/2 616/8/2
f 520/5/2 521/5/2 617/5/2
f 616/3/2 520/3/2 617/3/2
f 521/4/2 522/4/2 618/4/2
f 617/5/2 521/5/2 618/5/2
f 618/4/2 522/4/2 619/4/2
f 522/3/2 523/3/2 620/3/2
f 619/4/2 522/4/2 620/4/2
f 523/4/2 524/4/2 621/4/2
f 620/3/2 523/3/2 621/3/2
f 524/5/2 525/5/2 622/5/2
f 621/4/2 524/4/2 622/4/2
f 622/5/2 525/5/2 623/5/2
f 525/4/2 526/4/2 624/4/2
f 623/5/2 525/5/2 624/5/2
f 624/4/2 526/4/2 625/4/2
f 526/3/2 527/3/2 626/3/2
f 625/4/2 526/4/2 626/4/2
f 527/5/2 528/5/2 627/5/2
f 626/3/2 527/3/2 627/3/2
f 627/5/2 528/5/2 628/5/2
f 528/4/2 529/4/2 629/4/2
f 628/5/2 528/5/2 629/5/2
f 529/3/2 530/3/2 630/3/2
f 629/4/2 529/4/2 630/4/2
f 530/5/2 531/5/2 631/5/2
f 630/3/2 530/3/2 631/3/2
f 531/3/2 532/3/2 632/3/2
f 631/5/2 531/5/2 632/5/2
f 532/5/2 533/5/2 633/5/2
f 632/3/2 532/3/2 633/3/2
f 533/4/2 534/4/2 634/4/2
f 633/5/2 533/5/2 634/5/2
f 534/5/2 535/5/2 635/5/2
f 634/4/2 534/4/2 635/4/2
f 635/5/2 535/5/2 636/5/2
f 535/6/2 536/6/2 637/6/2
f 636/5/2 535/5/2 637/5/2
f 536/7/2 537/7/2 638/7/2
f 637/6/2 536/6/2 638/6/2
f 537/6/2 538/6/2 639/6/2
f 638/7/2 537/7/2 639/7/2
f 639/6/2 538/6/2 640/6/2
f 640/6/2 538/6/2 641/6/2
f 538/5/2 539/5/2 642/5/2
f 641/6/2 538/6/2 642/6/2
f 539/6/2 540/6/2 643/6/2
f 642/5/2 539/5/2 643/5/2
f 540/7/2 541/7/2 644/7/2
f 643/6/2 540/6/2 644/6/2
f 541/6/2 542/6/2 645/6/2
f 644/7/2 541/7/2 645/7/2
f 542/5/2 543/5/2 646/5/2
f 645/6/2 542/6/2 646/6/2
f 543/6/2 544/6/2 647/6/2
f 646/5/2 543/5/2 647/5/2
f 544/5/2 545/5/2 648/5/2
f 647/6/2 544/6/2 648/6/2
f 545/4/2 546/4/2 649/4/2
f 648/5/2 545/5/2 649/5/2
f 546/6/2 547/6/2 650/6/2
f 649/4/2 546/4/2 650/4/2
f 547/5/2 548/5/2 651/5/2
f 650/6/2 547/6/2 651/6/2
f 548/4/2 549/4/2 652/4/2
f 651/5/2 548/5/2 652/5/2
f 549/6/2 550/6/2 653/6/2
f 652/4/2 549/4/2 653/4/2
f 550/3/2 551/3/2 654/3/2
f 653/6/2 550/6/2 654/6/2
f 654/3/2 551/3/2 655/3/2
f 551/5/2 552/5/2 656/5/2
f 655/3/2 551/3/2 656/3/2
f 552/4/2 553/4/2 657/4/2
f 656/5/2 552/5/2 657/5/2
f 553/3/2 554/3/2 658/3/2
f 657/4/2 553/4/2 658/4/2
f 554/4/2 555/4/2 659/4/2
f 658/3/2 554/3/2 659/3/2
f 659/4/2 555/4/2 660/4/2
f 660/4/2 555/4/2 661/4/2
f 555/3/2 556/3/2 662/3/2
f 661/4/2 555/4/2 662/4/2
f 556/5/2 557/5/2 663/5/2
f 662/3/2 556/3/2 663/3/2
f 557/4/2 558/4/2 664/4/2
f 663/5/2 557/5/2 664/5/2
f 558/3/2 559/3/2 665/3/2
f 559/5/2 560/5/2 665/5/2
f 665/5/2 560/5/2 666/5/2
f 560/4/2 561/4/2 667/4/2
f 666/5/2 560/5/2 667/5/2
f 561/3/2 562/3/2 668/3/2
f 667/4/2 561/4/2 668/4/2
f 562/4/2 563/4/2 669/4/2
f 668/3/2 562/3/2 669/3/2
f 563/5/2 564/5/2 670/5/2
f 669/4/2 563/4/2 670/4/2
f 670/5/2 564/5/2 671/5/2
f 564/4/2 565/4/2 672/4/2
f 671/5/2 564/5/2 672/5/2
f 565/5/2 566/5/2 673/5/2
f 672/4/2 565/4/2 673/4/2
f 566/4/2 567/4/2 674/4/2
f 673/5/2 566/5/2 674/5/2
f 567/5/2 568/5/2 675/5/2
f 674/4/2 567/4/2 675/4/2
f 675/5/2 568/5/2 676/5/2
f 568/3/2 569/3/2 677/3/2
f 676/5/2 568/5/2 677/5/2
f 569/5/2 570/5/2 678/5/2
f 677/3/2 569/3/2 678/3/2
f 570/7/2 571/7/2 679/7/2
f 678/5/2 570/5/2 679/5/2
f 571/5/2 572/5/2 680/5/2
f 679/7/2 571/7/2 680/7/2
f 572/6/2 573/6/2 681/6/2
f 680/5/2 572/5/2 681/5/2
f 573/5/2 574/5/2 682/5/2
f 681/6/2 573/6/2 682/6/2
f 574/7/2 575/7/2 683/7/2
f 682/5/2 574/5/2 683/5/2
f 575/5/2 576/5/2 684/5/2
f 683/7/2 575/7/2 684/7/2
f 576/7/2 577/7/2 685/7/2
f 684/5/2 576/5/2 685/5/2
f 577/6/2 578/6/2 686/6/2
f 685/7/2 577/7/2 686/7/2
f 578/5/2 579/5/2 687/5/2
f 686/6/2 578/6/2 687/6/2
f 579/6/2 580/6/2 688/6/2
f 687/5/2 579/5/2 688/5/2
f 688/6/2 580/6/2 689/6/2
f 580/7/2 581/7/2 690/7/2
f 689/6/2 580/6/2 690/6/2
f 581/5/2 582/5/2 691/5/2
f 690/7/2 581/7/2 691/7/2
f 582/6/2 583/6/2 692/6/2
f 691/5/2 582/5/2 692/5/2
f 583/7/2 584/7/2 693/7/2
f 692/6/2 583/6/2 693/6/2
f 584/6/2 585/6/2 694/6/2
f 585/5/2 586/5/2 694/5/2
f 586/4/2 587/4/2 695/4/2
f 694/5/2 586/5/2 695/5/2
f 587/6/2 588/6/2 696/6/2
f 695/4/2 587/4/2 696/4/2
f 696/6/2 588/6/2 697/6/2
f 697/6/2 588/6/2 698/6/2
f 588/5/2 589/5/2 699/5/2
f 698/6/2 588/6/2 699/6/2
f 699/5/2 589/5/2 700/5/2
f 589/6/2 590/6/2 701/6/2
f 700/5/2 589/5/2 701/5/2
f 701/6/2 590/6/2 702/6/2
f 590/5/2 591/5/2 703/5/2
f 702/6/2 590/6/2 703/6/2
f 703/5/2 591/5/2 704/5/2
f 704/5/2 591/5/2 705/5/2
f 591/4/2 592/4/2 706/4/2
f 705/5/2 591/5/2 706/5/2
f 592/5/2 593/5/2 707/5/2
f 706/4/2 592/4/2 707/4/2
f 593/6/2 594/6/2 708/6/2
f 707/5/2 593/5/2 708/5/2
f 594/5/2 595/5/2 709/5/2
f 708/6/2 594/6/2 709/6/2
f 595/6/2 596/6/2 710/6/2
f 709/5/2 595/5/2 710/5/2
f 596/4/2 597/4/2 711/4/2
f 710/6/2 596/6/2 711/6/2
f 711/4/2 597/4/2 712/4/2
f 598/3/2 599/3/2 713/3/2
f 599/1/2 600/1/2 714/1/2
f 713/3/2 599/3/2 714/3/2
f 600/3/2 601/3/2 715/3/2
f 714/1/2 600/1/2 715/1/2
f 601/2/2 602/2/2 716/2/2
f 715/3/2 601/3/2 716/3/2
f 602/2/2 603/2/2 716/2/2
f 716/2/2 603/2/2 717/2/2
f 717/2/2 603/2/2 718/2/2
f 603/1/2 604/1/2 719/1/2
f 718/2/2 603/2/2 719/2/2
f 719/1/2 604/1/2 720/1/2
f 604/3/2 605/3/2 721/3/2
f 720/1/2 604/1/2 721/1/2
f 605/4/2 510/4/2 722/4/2
f 721/3/2 605/3/2 722/3/2
f 510/5/2 606/5/2 723/5/2
f 722/4/2 510/4/2 723/4/2
f 607/5/2 608/5/2 723/5/2
f 606/5/2 607/5/2 723/5/2
f 723/5/2 608/5/2 724/5/2
f 724/5/2 608/5/2 725/5/2
f 608/3/2 609/3/2 726/3/2
f 725/5/2 608/5/2 726/5/2
f 609/3/2 610/3/2 726/3/2
f 726/3/2 610/3/2 727/3/2
f 610/5/2 611/5/2 728/5/2
f 727/3/2 610/3/2 728/3/2
f 611/3/2 612/3/2 729/3/2
f 728/5/2 611/5/2 729/5/2
f 612/4/2 613/4/2 730/4/2
f 729/3/2 612/3/2 730/3/2
f 613/3/2 614/3/2 731/3/2
f 730/4/2 613/4/2 731/4/2
f 614/4/2 615/4/2 732/4/2
f 731/3/2 614/3/2 732/3/2
f 615/5/2 616/5/2 733/5/2
f 732/4/2 615/4/2 733/4/2
f 616/3/2 617/3/2 734/3/2
f 733/5/2 616/5/2 734/5/2
f 618/4/2 619/4/2 735/4/2
f 734/3/2 617/3/2 735/3/2
f 617/4/2 618/4/2 735/4/2
f 735/4/2 619/4/2 736/4/2
f 619/5/2 620/5/2 737/5/2
f 736/4/2 619/4/2 737/4/2
f 620/4/2 621/4/2 738/4/2
f 737/5/2 620/5/2 738/5/2
f 621/6/2 622/6/2 739/6/2
f 738/4/2 621/4/2 739/4/2
f 739/6/2 622/6/2 740/6/2
f 622/1/2 623/1/2 741/1/2
f 740/6/2 622/6/2 741/6/2
f 623/2/2 624/2/2 742/2/2
f 741/1/2 623/1/2 742/1/2
f 624/1/2 625/1/2 743/1/2
f 742/2/2 624/2/2 743/2/2
f 625/2/2 626/2/2 744/2/2
f 743/1/2 625/1/2 744/1/2
f 626/2/2 627/2/2 744/2/2
f 744/2/2 627/2/2 745/2/2
f 627/3/2 628/3/2 746/3/2
f 745/2/2 627/2/2 746/2/2
f 628/1/2 629/1/2 747/1/2
f 746/3/2 628/3/2 747/3/2
f 629/2/2 630/2/2 748/2/2
f 747/1/2 629/1/2 748/1/2
f 630/1/2 631/1/2 749/1/2
f 748/2/2 630/2/2 749/2/2
f 631/3/2 632/3/2 750/3/2
f 749/1/2 631/1/2 750/1/2
f 632/1/2 633/1/2 751/1/2
f 750/3/2 632/3/2 751/3/2
f 633/2/2 634/2/2 752/2/2
f 751/1/2 633/1/2 752/1/2
f 635/3/2 636/3/2 753/3/2
f 752/2/2 634/2/2 753/2/2
f 634/3/2 635/3/2 753/3/2
f 753/3/2 636/3/2 754/3/2
f 636/1/2 637/1/2 755/1/2
f 754/3/2 636/3/2 755/3/2
f 637/1/2 638/1/2 755/1/2
f 638/1/2 639/1/2 755/1/2
f 755/1/2 639/1/2 756/1/2
f 756/1/2 639/1/2 757/1/2
f 639/6/2 640/6/2 758/6/2
f 757/1/2 639/1/2 758/1/2
f 640/7/2 641/7/2 759/7/2
f 758/6/2 640/6/2 759/6/2
f 641/6/2 642/6/2 760/6/2
f 759/7/2 641/7/2 760/7/2
f 642/7/2 643/7/2 761/7/2
f 760/6/2 642/6/2 761/6/2
f 643/8/2 644/8/2 762/8/2
f 761/7/2 643/7/2 762/7/2
f 644/8/2 645/8/2 762/8/2
f 645/6/2 646/6/2 763/6/2
f 762/8/2 645/8/2 763/8/2
f 646/8/2 647/8/2 764/8/2
f 763/6/2 646/6/2 764/6/2
f 647/6/2 648/6/2 765/6/2
f 764/8/2 647/8/2 765/8/2
f 648/7/2 649/7/2 766/7/2
f 765/6/2 648/6/2 766/6/2
f 649/3/2 650/3/2 767/3/2
f 766/7/2 649/7/2 767/7/2
f 650/2/2 651/2/2 768/2/2
f 767/3/2 650/3/2 768/3/2
f 651/3/2 652/3/2 769/3/2
f 768/2/2 651/2/2 769/2/2
f 652/3/2 653/3/2 769/3/2
f 653/4/2 654/4/2 770/4/2
f 769/3/2 653/3/2 770/3/2
f 654/5/2 655/5/2 771/5/2
f 770/4/2 654/4/2 771/4/2
f 655/3/2 656/3/2 772/3/2
f 771/5/2 655/5/2 772/5/2
f 656/4/2 657/4/2 773/4/2
f 772/3/2 656/3/2 773/3/2
f 657/5/2 658/5/2 774/5/2
f 773/4/2 657/4/2 774/4/2
f 658/4/2 659/4/2 775/4/2
f 774/5/2 658/5/2 775/5/2
f 659/4/2 660/4/2 775/4/2
f 660/3/2 661/3/2 776/3/2
f 775/4/2 660/4/2 776/4/2
f 661/5/2 662/5/2 777/5/2
f 776/3/2 661/3/2 777/3/2
f 662/3/2 663/3/2 778/3/2
f 777/5/2 662/5/2 778/5/2
f 663/4/2 664/4/2 779/4/2
f 778/3/2 663/3/2 779/3/2
f 664/4/2 558/4/2 780/4/2
f 779/4/2 664/4/2 780/4/2
f 558/3/2 665/3/2 781/3/2
f 780/4/2 558/4/2 781/4/2
f 665/2/2 666/2/2 782/2/2
f 781/3/2 665/3/2 782/3/2
f 666/4/2 667/4/2 783/4/2
f 782/2/2 666/2/2 783/2/2
f 667/4/2 668/4/2 783/4/2
f 668/4/2 669/4/2 783/4/2
f 669/4/2 670/4/2 783/4/2
f 783/4/2 670/4/2 784/4/2
f 784/4/2 670/4/2 785/4/2
f 785/4/2 670/4/2 786/4/2
f 670/3/2 671/3/2 787/3/2
f 786/4/2 670/4/2 787/4/2
f 671/4/2 672/4/2 788/4/2
f 787/3/2 671/3/2 788/3/2
f 672/2/2 673/2/2 789/2/2
f 788/4/2 672/4/2 789/4/2
f 673/2/2 674/2/2 789/2/2
f 674/3/2 675/3/2 790/3/2
f 789/2/2 674/2/2 790/2/2
f 675/4/2 676/4/2 791/4/2
f 790/3/2 675/3/2 791/3/2
f 676/2/2 677/2/2 792/2/2
f 791/4/2 676/4/2 792/4/2
f 677/2/2 678/2/2 792/2/2
f 678/3/2 679/3/2 793/3/2
f 792/2/2 678/2/2 793/2/2
f 793/3/2 679/3/2 794/3/2
f 679/4/2 680/4/2 795/4/2
f 794/3/2 679/3/2 795/3/2
f 680/3/2 681/3/2 796/3/2
f 795/4/2 680/4/2 796/4/2
f 681/5/2 682/5/2 797/5/2
f 796/3/2 681/3/2 797/3/2
f 682/7/2 683/7/2 798/7/2
f 797/5/2 682/5/2 798/5/2
f 683/6/2 684/6/2 799/6/2
f 798/7/2 683/7/2 799/7/2
f 684/6/2 685/6/2 799/6/2
f 799/6/2 685/6/2 800/6/2
f 685/7/2 686/7/2 801/7/2
f 800/6/2 685/6/2 801/6/2
f 686/7/2 687/7/2 801/7/2
f 688/5/2 689/5/2 802/5/2
f 801/7/2 687/7/2 802/7/2
f 687/5/2 688/5/2 802/5/2
f 802/5/2 689/5/2 803/5/2
f 689/6/2 690/6/2 804/6/2
f 803/5/2 689/5/2 804/5/2
f 690/6/2 691/6/2 804/6/2
f 691/6/2 692/6/2 804/6/2
f 804/6/2 692/6/2 805/6/2
f 805/6/2 692/6/2 806/6/2
f 692/5/2 693/5/2 807/5/2
f 806/6/2 692/6/2 807/6/2
f 693/7/2 584/7/2 808/7/2
f 807/5/2 693/5/2 808/5/2
f 584/6/2 694/6/2 809/6/2
f 808/7/2 584/7/2 809/7/2
f 694/6/2 695/6/2 809/6/2
f 695/6/2 696/6/2 809/6/2
f 809/6/2 696/6/2 810/6/2
f 810/6/2 696/6/2 811/6/2
f 696/3/2 697/3/2 812/3/2
f 811/6/2 696/6/2 812/6/2
f 697/2/2 698/2/2 813/2/2
f 812/3/2 697/3/2 813/3/2
f 699/1/2 700/1/2 814/1/2
f 813/2/2 698/2/2 814/2/2
f 698/1/2 699/1/2 814/1/2
f 814/1/2 700/1/2 815/1/2
f 700/2/2 701/2/2 816/2/2
f 815/1/2 700/1/2 816/1/2
f 701/1/2 702/1/2 817/1/2
f 816/2/2 701/2/2 817/2/2
f 702/3/2 703/3/2 818/3/2
f 817/1/2 702/1/2 818/1/2
f 703/3/2 704/3/2 818/3/2
f 818/3/2 704/3/2 819/3/2
f 704/2/2 705/2/2 820/2/2
f 819/3/2 704/3/2 820/3/2
f 705/1/2 706/1/2 821/1/2
f 820/2/2 705/2/2 821/2/2
f 706/1/2 707/1/2 821/1/2
f 707/3/2 708/3/2 822/3/2
f 821/1/2 707/1/2 822/1/2
f 708/2/2 709/2/2 823/2/2
f 822/3/2 708/3/2 823/3/2
f 709/1/2 710/1/2 824/1/2
f 823/2/2 709/2/2 824/2/2
f 824/1/2 710/1/2 825/1/2
f 710/3/2 711/3/2 826/3/2
f 825/1/2 710/1/2 826/1/2
f 711/2/2 712/2/2 827/2/2
f 826/3/2 711/3/2 827/3/2
f 827/2/2 712/2/2 828/2/2
f 713/6/2 714/6/2 829/6/2
f 714/5/2 715/5/2 830/5/2
f 829/6/2 714/6/2 830/6/2
f 715/5/2 716/5/2 830/5/2
f 716/5/2 717/5/2 830/5/2
f 717/6/2 718/6/2 831/6/2
f 830/5/2 717/5/2 831/5/2
f 831/6/2 718/6/2 832/6/2
f 719/7/2 720/7/2 833/7/2
f 832/6/2 718/6/2 833/6/2
f 718/7/2 719/7/2 833/7/2
f 720/5/2 721/5/2 834/5/2
f 833/7/2 720/7/2 834/7/2
f 721/7/2 722/7/2 835/7/2
f 834/5/2 721/5/2 835/5/2
f 722/5/2 723/5/2 836/5/2
f 835/7/2 722/7/2 836/7/2
f 723/7/2 724/7/2 837/7/2
f 836/5/2 723/5/2 837/5/2
f 724/6/2 725/6/2 838/6/2
f 837/7/2 724/7/2 838/7/2
f 725/7/2 726/7/2 839/7/2
f 838/6/2 725/6/2 839/6/2
f 726/5/2 727/5/2 840/5/2
f 839/7/2 726/7/2 840/7/2
f 727/7/2 728/7/2 841/7/2
f 840/5/2 727/5/2 841/5/2
f 728/7/2 729/7/2 841/7/2
f 841/7/2 729/7/2 842/7/2
f 729/6/2 730/6/2 843/6/2
f 842/7/2 729/7/2 843/7/2
f 730/5/2 731/5/2 844/5/2
f 843/6/2 730/6/2 844/6/2
f 731/7/2 732/7/2 845/7/2
f 844/5/2 731/5/2 845/5/2
f 732/7/2 733/7/2 845/7/2
f 733/7/2 734/7/2 845/7/2
f 735/6/2 736/6/2 846/6/2
f 845/7/2 734/7/2 846/7/2
f 734/6/2 735/6/2 846/6/2
f 736/7/2 737/7/2 847/7/2
f 846/6/2 736/6/2 847/6/2
f 737/6/2 738/6/2 848/6/2
f 847/7/2 737/7/2 848/7/2
f 739/7/2 740/7/2 849/7/2
f 848/6/2 738/6/2 849/6/2
f 738/7/2 739/7/2 849/7/2
f 849/7/2 740/7/2 850/7/2
f 740/5/2 741/5/2 851/5/2
f 850/7/2 740/7/2 851/7/2
f 741/6/2 742/6/2 852/6/2
f 851/5/2 741/5/2 852/5/2
f 742/5/2 743/5/2 853/5/2
f 852/6/2 742/6/2 853/6/2
f 744/5/2 745/5/2 853/5/2
f 743/5/2 744/5/2 853/5/2
f 853/5/2 745/5/2 854/5/2
f 745/7/2 746/7/2 855/7/2
f 854/5/2 745/5/2 855/5/2
f 746/8/2 747/8/2 856/8/2
f 855/7/2 746/7/2 856/7/2
f 747/7/2 748/7/2 857/7/2
f 856/8/2 747/8/2 857/8/2
f 748/7/2 749/7/2 857/7/2
f 857/7/2 749/7/2 858/7/2
f 749/6/2 750/6/2 859/6/2
f 858/7/2 749/7/2 859/7/2
f 750/7/2 751/7/2 860/7/2
f 859/6/2 750/6/2 860/6/2
f 751/8/2 752/8/2 861/8/2
f 860/7/2 751/7/2 861/7/2
f 752/8/2 753/8/2 861/8/2
f 753/7/2 754/7/2 862/7/2
f 861/8/2 753/8/2 862/8/2
f 755/8/2 756/8/2 863/8/2
f 862/7/2 754/7/2 863/7/2
f 754/8/2 755/8/2 863/8/2
f 756/6/2 757/6/2 864/6/2
f 863/8/2 756/8/2 864/8/2
f 757/8/2 758/8/2 865/8/2
f 864/6/2 757/6/2 865/6/2
f 758/7/2 759/7/2 866/7/2
f 865/8/2 758/8/2 866/8/2
f 759/7/2 760/7/2 866/7/2
f 760/8/2 761/8/2 867/8/2
f 866/7/2 760/7/2 867/7/2
f 761/8/2 762/8/2 867/8/2
f 867/8/2 762/8/2 868/8/2
f 762/6/2 763/6/2 869/6/2
f 868/8/2 762/8/2 869/8/2
f 763/8/2 764/8/2 870/8/2
f 869/6/2 763/6/2 870/6/2
f 870/8/2 764/8/2 871/8/2
f 764/6/2 765/6/2 872/6/2
f 871/8/2 764/8/2 872/8/2
f 765/7/2 766/7/2 873/7/2
f 872/6/2 765/6/2 873/6/2
f 766/7/2 767/7/2 873/7/2
f 767/7/2 768/7/2 873/7/2
f 768/7/2 769/7/2 873/7/2
f 873/7/2 769/7/2 874/7/2
f 874/7/2 769/7/2 875/7/2
f 875/7/2 769/7/2 876/7/2
f 769/8/2 770/8/2 877/8/2
f 876/7/2 769/7/2 877/7/2
f 770/8/2 771/8/2 877/8/2
f 771/8/2 772/8/2 877/8/2
f 877/8/2 772/8/2 878/8/2
f 878/8/2 772/8/2 879/8/2
f 879/8/2 772/8/2 880/8/2
f 772/1/2 773/1/2 881/1/2
f 880/8/2 772/8/2 881/8/2
f 773/2/2 774/2/2 882/2/2
f 881/1/2 773/1/2 882/1/2
f 774/3/2 775/3/2 883/3/2
f 882/2/2 774/2/2 883/2/2
f 775/3/2 776/3/2 883/3/2
f 776/3/2 777/3/2 883/3/2
f 883/3/2 777/3/2 884/3/2
f 884/3/2 777/3/2 885/3/2
f 885/3/2 777/3/2 886/3/2
f 777/8/2 778/8/2 887/8/2
f 886/3/2 777/3/2 887/3/2
f 778/7/2 779/7/2 888/7/2
f 887/8/2 778/8/2 888/8/2
f 779/6/2 780/6/2 889/6/2
f 888/7/2 779/7/2 889/7/2
f 780/7/2 781/7/2 890/7/2
f 889/6/2 780/6/2 890/6/2
f 781/6/2 782/6/2 891/6/2
f 890/7/2 781/7/2 891/7/2
f 782/7/2 783/7/2 892/7/2
f 891/6/2 782/6/2 892/6/2
f 783/8/2 784/8/2 893/8/2
f 892/7/2 783/7/2 893/7/2
f 784/7/2 785/7/2 894/7/2
f 893/8/2 784/8/2 894/8/2
f 785/6/2 786/6/2 895/6/2
f 894/7/2 785/7/2 895/7/2
f 786/7/2 787/7/2 896/7/2
f 895/6/2 786/6/2 896/6/2
f 787/6/2 788/6/2 897/6/2
f 896/7/2 787/7/2 897/7/2
f 788/8/2 789/8/2 898/8/2
f 897/6/2 788/6/2 898/6/2
f 789/6/2 790/6/2 899/6/2
f 898/8/2 789/8/2 899/8/2
f 790/7/2 791/7/2 900/7/2
f 899/6/2 790/6/2 900/6/2
f 791/7/2 792/7/2 900/7/2
f 792/8/2 793/8/2 901/8/2
f 900/7/2 792/7/2 901/7/2
f 901/8/2 793/8/2 902/8/2
f 793/6/2 794/6/2 903/6/2
f 902/8/2 793/8/2 903/8/2
f 794/7/2 795/7/2 904/7/2
f 903/6/2 794/6/2 904/6/2
f 795/4/2 796/4/2 905/4/2
f 904/7/2 795/7/2 905/7/2
f 796/5/2 797/5/2 906/5/2
f 905/4/2 796/4/2 906/4/2
f 797/6/2 798/6/2 907/6/2
f 906/5/2 797/5/2 907/5/2
f 798/6/2 799/6/2 907/6/2
f 907/6/2 799/6/2 908/6/2
f 799/5/2 800/5/2 909/5/2
f 908/6/2 799/6/2 909/6/2
f 800/4/2 801/4/2 910/4/2
f 909/5/2 800/5/2 910/5/2
f 801/4/2 802/4/2 910/4/2
f 910/4/2 802/4/2 911/4/2
f 802/5/2 803/5/2 912/5/2
f 911/4/2 802/4/2 912/4/2
f 803/4/2 804/4/2 913/4/2
f 912/5/2 803/5/2 913/5/2
f 804/3/2 805/3/2 914/3/2
f 913/4/2 804/4/2 914/4/2
f 805/5/2 806/5/2 915/5/2
f 914/3/2 805/3/2 915/3/2
f 806/4/2 807/4/2 916/4/2
f 915/5/2 806/5/2 916/5/2
f 807/3/2 808/3/2 917/3/2
f 916/4/2 807/4/2 917/4/2
f 808/4/2 809/4/2 918/4/2
f 917/3/2 808/3/2 918/3/2
f 809/6/2 810/6/2 919/6/2
f 918/4/2 809/4/2 919/4/2
f 919/6/2 810/6/2 920/6/2
f 810/4/2 811/4/2 921/4/2
f 920/6/2 810/6/2 921/6/2
f 811/6/2 812/6/2 922/6/2
f 921/4/2 811/4/2 922/4/2
f 812/4/2 813/4/2 923/4/2
f 922/6/2 812/6/2 923/6/2
f 813/4/2 814/4/2 923/4/2
f 923/4/2 814/4/2 924/4/2
f 814/5/2 815/5/2 925/5/2
f 924/4/2 814/4/2 925/4/2
f 815/6/2 816/6/2 926/6/2
f 925/5/2 815/5/2 926/5/2
f 816/5/2 817/5/2 927/5/2
f 926/6/2 816/6/2 927/6/2
f 817/6/2 818/6/2 928/6/2
f 927/5/2 817/5/2 928/5/2
f 818/5/2 819/5/2 929/5/2
f 928/6/2 818/6/2 929/6/2
f 819/4/2 820/4/2 930/4/2
f 929/5/2 819/5/2 930/5/2
f 820/4/2 821/4/2 930/4/2
f 821/6/2 822/6/2 931/6/2
f 930/4/2 821/4/2 931/4/2
f 822/5/2 823/5/2 932/5/2
f 931/6/2 822/6/2 932/6/2
f 823/6/2 824/6/2 933/6/2
f 932/5/2 823/5/2 933/5/2
f 824/6/2 825/6/2 933/6/2
f 825/4/2 826/4/2 934/4/2
f 933/6/2 825/6/2 934/6/2
f 826/4/2 827/4/2 934/4/2
f 934/4/2 827/4/2 935/4/2
f 827/1/2 828/1/2 936/1/2
f 935/4/2 827/4/2 936/4/2
f 936/1/2 828/1/2 937/1/2
f 829/1/2 830/1/2 938/1/2
f 830/3/2 831/3/2 939/3/2
f 938/1/2 830/1/2 939/1/2
f 831/1/2 832/1/2 940/1/2
f 939/3/2 831/3/2 940/3/2
f 832/3/2 833/3/2 941/3/2
f 940/1/2 832/1/2 941/1/2
f 833/2/2 834/2/2 942/2/2
f 941/3/2 833/3/2 942/3/2
f 834/3/2 835/3/2 943/3/2
f 942/2/2 834/2/2 943/2/2
f 835/2/2 836/2/2 944/2/2
f 943/3/2 835/3/2 944/3/2
f 836/3/2 837/3/2 945/3/2
f 944/2/2 836/2/2 945/2/2
f 837/2/2 838/2/2 946/2/2
f 945/3/2 837/3/2 946/3/2
f 838/3/2 839/3/2 947/3/2
f 946/2/2 838/2/2 947/2/2
f 839/2/2 840/2/2 948/2/2
f 947/3/2 839/3/2 948/3/2
f 840/1/2 841/1/2 949/1/2
f 948/2/2 840/2/2 949/2/2
f 841/2/2 842/2/2 950/2/2
f 949/1/2 841/1/2 950/1/2
f 842/3/2 843/3/2 951/3/2
f 950/2/2 842/2/2 951/2/2
f 843/3/2 844/3/2 951/3/2
f 844/3/2 845/3/2 951/3/2
f 845/4/2 846/4/2 952/4/2
f 951/3/2 845/3/2 952/3/2
f 847/3/2 848/3/2 953/3/2
f 952/4/2 846/4/2 953/4/2
f 846/3/2 847/3/2 953/3/2
f 848/2/2 849/2/2 954/2/2
f 953/3/2 848/3/2 954/3/2
f 849/3/2 850/3/2 955/3/2
f 954/2/2 849/2/2 955/2/2
f 850/2/2 851/2/2 956/2/2
f 955/3/2 850/3/2 956/3/2
f 851/5/2 852/5/2 957/5/2
f 956/2/2 851/2/2 957/2/2
f 852/4/2 853/4/2 958/4/2
f 957/5/2 852/5/2 958/5/2
f 853/5/2 854/5/2 959/5/2
f 958/4/2 853/4/2 959/4/2
f 854/4/2 855/4/2 960/4/2
f 959/5/2 854/5/2 960/5/2
f 855/5/2 856/5/2 961/5/2
f 960/4/2 855/4/2 961/4/2
f 856/4/2 857/4/2 962/4/2
f 961/5/2 856/5/2 962/5/2
f 857/6/2 858/6/2 963/6/2
f 962/4/2 857/4/2 963/4/2
f 858/5/2 859/5/2 964/5/2
f 963/6/2 858/6/2 964/6/2
f 859/4/2 860/4/2 965/4/2
f 964/5/2 859/5/2 965/5/2
f 860/3/2 861/3/2 966/3/2
f 965/4/2 860/4/2 966/4/2
f 861/4/2 862/4/2 967/4/2
f 966/3/2 861/3/2 967/3/2
f 862/4/2 863/4/2 967/4/2
f 863/2/2 864/2/2 968/2/2
f 967/4/2 863/4/2 968/4/2
f 864/2/2 865/2/2 968/2/2
f 865/2/2 866/2/2 968/2/2
f 866/4/2 867/4/2 969/4/2
f 968/2/2 866/2/2 969/2/2
f 867/5/2 868/5/2 970/5/2
f 969/4/2 867/4/2 970/4/2
f 868/6/2 869/6/2 971/6/2
f 970/5/2 868/5/2 971/5/2
f 869/6/2 870/6/2 971/6/2
f 870/5/2 871/5/2 972/5/2
f 971/6/2 870/6/2 972/6/2
f 871/7/2 872/7/2 973/7/2
f 972/5/2 871/5/2 973/5/2
f 872/5/2 873/5/2 974/5/2
f 973/7/2 872/7/2 974/7/2
f 873/5/2 874/5/2 974/5/2
f 874/7/2 875/7/2 975/7/2
f 974/5/2 874/5/2 975/5/2
f 875/5/2 876/5/2 976/5/2
f 975/7/2 875/7/2 976/7/2
f 876/6/2 877/6/2 977/6/2
f 976/5/2 876/5/2 977/5/2
f 877/7/2 878/7/2 978/7/2
f 977/6/2 877/6/2 978/6/2
f 878/5/2 879/5/2 979/5/2
f 978/7/2 878/7/2 979/7/2
f 879/6/2 880/6/2 980/6/2
f 979/5/2 879/5/2 980/5/2
f 880/5/2 881/5/2 981/5/2
f 980/6/2 880/6/2 981/6/2
f 881/7/2 882/7/2 982/7/2
f 981/5/2 881/5/2 982/5/2
f 882/5/2 883/5/2 983/5/2
f 982/7/2 882/7/2 983/7/2
f 883/6/2 884/6/2 984/6/2
f 983/5/2 883/5/2 984/5/2
f 884/7/2 885/7/2 985/7/2
f 984/6/2 884/6/2 985/6/2
f 885/5/2 886/5/2 986/5/2
f 985/7/2 885/7/2 986/7/2
f 887/4/2 888/4/2 987/4/2
f 986/5/2 886/5/2 987/5/2
f 886/4/2 887/4/2 987/4/2
f 888/2/2 889/2/2 988/2/2
f 987/4/2 888/4/2 988/4/2
f 889/3/2 890/3/2 989/3/2
f 988/2/2 889/2/2 989/2/2
f 890/4/2 891/4/2 990/4/2
f 989/3/2 890/3/2 990/3/2
f 891/2/2 892/2/2 991/2/2
f 990/4/2 891/4/2 991/4/2
f 892/4/2 893/4/2 992/4/2
f 991/2/2 892/2/2 992/2/2
f 893/3/2 894/3/2 993/3/2
f 992/4/2 893/4/2 993/4/2
f 894/4/2 895/4/2 994/4/2
f 993/3/2 894/3/2 994/3/2
f 896/3/2 897/3/2 995/3/2
f 994/4/2 895/4/2 995/4/2
f 895/3/2 896/3/2 995/3/2
f 897/3/2 898/3/2 995/3/2
f 898/1/2 899/1/2 996/1/2
f 995/3/2 898/3/2 996/3/2
f 899/2/2 900/2/2 997/2/2
f 996/1/2 899/1/2 997/1/2
f 900/2/2 901/2/2 997/2/2
f 901/1/2 902/1/2 998/1/2
f 997/2/2 901/2/2 998/2/2
f 902/2/2 903/2/2 999/2/2
f 998/1/2 902/1/2 999/1/2
f 903/1/2 904/1/2 1000/1/2
f 999/2/2 903/2/2 1000/2/2
f 904/4/2 905/4/2 1001/4/2
f 1000/1/2 904/1/2 1001/1/2
f 905/4/2 906/4/2 1001/4/2
f 907/3/2 908/3/2 1002/3/2
f 1001/4/2 906/4/2 1002/4/2
f 906/3/2 907/3/2 1002/3/2
f 908/5/2 909/5/2 1003/5/2
f 1002/3/2 908/3/2 1003/3/2
f 909/4/2 910/4/2 1004/4/2
f 1003/5/2 909/5/2 1004/5/2
f 910/5/2 911/5/2 1005/5/2
f 1004/4/2 910/4/2 1005/4/2
f 911/3/2 912/3/2 1006/3/2
f 1005/5/2 911/5/2 1006/5/2
f 913/3/2 914/3/2 1006/3/2
f 912/3/2 913/3/2 1006/3/2
f 914/2/2 915/2/2 1007/2/2
f 1006/3/2 914/3/2 1007/3/2
f 915/3/2 916/3/2 1008/3/2
f 1007/2/2 915/2/2 1008/2/2
f 916/1/2 917/1/2 1009/1/2
f 1008/3/2 916/3/2 1009/3/2
f 918/3/2 919/3/2 1010/3/2
f 1009/1/2 917/1/2 1010/1/2
f 919/3/2 920/3/2 1010/3/2
f 917/3/2 918/3/2 1010/3/2
f 920/2/2 921/2/2 1011/2/2
f 1010/3/2 920/3/2 1011/3/2
f 921/1/2 922/1/2 1012/1/2
f 1011/2/2 921/2/2 1012/2/2
f 922/3/2 923/3/2 1013/3/2
f 1012/1/2 922/1/2 1013/1/2
f 923/4/2 924/4/2 1014/4/2
f 1013/3/2 923/3/2 1014/3/2
f 924/5/2 925/5/2 1015/5/2
f 1014/4/2 924/4/2 1015/4/2
f 925/3/2 926/3/2 1016/3/2
f 1015/5/2 925/5/2 1016/5/2
f 927/3/2 928/3/2 1016/3/2
f 928/3/2 929/3/2 1016/3/2
f 926/3/2 927/3/2 1016/3/2
f 929/4/2 930/4/2 1017/4/2
f 1016/3/2 929/3/2 1017/3/2
f 930/5/2 931/5/2 1018/5/2
f 1017/4/2 930/4/2 1018/4/2
f 932/4/2 933/4/2 1019/4/2
f 1018/5/2 931/5/2 1019/5/2
f 931/4/2 932/4/2 1019/4/2
f 933/3/2 934/3/2 1020/3/2
f 1019/4/2 933/4/2 1020/4/2
f 934/4/2 935/4/2 1021/4/2
f 1020/3/2 934/3/2 1021/3/2
f 935/2/2 936/2/2 1022/2/2
f 1021/4/2 935/4/2 1022/4/2
f 936/3/2 937/3/2 1023/3/2
f 1022/2/2 936/2/2 1023/2/2
f 1023/3/2 937/3/2 1024/3/2
f 1030/2/3 1026/2/3 1025/2/3
f 1031/5/3 1027/5/3 1026/5/3
f 1031/2/3 1026/2/3 1030/2/3
f 1032/4/3 1028/4/3 1027/4/3
f 1032/5/3 1027/5/3 1031/5/3
f 1033/3/3 1029/3/3 1028/3/3
f 1033/4/3 1028/4/3 1032/4/3
f 1034/3/3 1029/3/3 1033/3/3
f 1035/4/3 1031/4/3 1030/4/3
f 1036/12/3 1032/12/3 1031/12/3
f 1036/4/3 1031/4/3 1035/4/3
f 1037/11/3 1033/11/3 1032/11/3
f 1037/12/3 1032/12/3 1036/12/3
f 1038/7/3 1034/7/3 1033/7/3
f 1038/11/3 1033/11/3 1037/11/3
f 1039/7/3 1034/7/3 1038/7/3
f 1040/6/3 1036/6/3 1035/6/3
f 1040/11/3 1037/11/3 1036/11/3
f 1041/10/3 1038/10/3 1037/10/3
f 1041/11/3 1037/11/3 1040/11/3
f 1042/2/3 1039/2/3 1038/2/3
f 1042/10/3 1038/10/3 1041/10/3
f 1043/2/3 1039/2/3 1042/2/3
f 1044/6/3 1040/6/3 1035/6/3
f 1045/3/3 1041/3/3 1040/3/3
f 1045/6/3 1040/6/3 1044/6/3
f 1046/6/3 1042/6/3 1041/6/3
f 1046/3/3 1041/3/3 1045/3/3
f 1047/1/3 1043/1/3 1042/1/3
f 1047/6/3 1042/6/3 1046/6/3
f 1048/1/3 1043/1/3 1047/1/3
f 1049/4/4 1050/4/4 1054/4/4
f 1050/3/4 1051/3/4 1055/3/4
f 1054/4/4 1050/4/4 1055/4/4
f 1051/1/4 1052/1/4 1056/1/4
f 1055/3/4 1051/3/4 1056/3/4
f 1052/5/4 1053/5/4 1057/5/4
f 1056/1/4 1052/1/4 1057/1/4
f 1057/5/4 1053/5/4 1058/5/4
f 1054/3/4 1055/3/4 1059/3/4
f 1055/11/4 1056/11/4 1060/11/4
f 1059/3/4 1055/3/4 1060/3/4
f 1056/11/4 1057/11/4 1060/11/4
f 1060/11/4 1057/11/4 1061/11/4
f 1057/1/4 1058/1/4 1062/1/4
f 1061/11/4 1057/11/4 1062/11/4
f 1062/1/4 1058/1/4 1063/1/4
f 1059/5/4 1060/5/4 1064/5/4
f 1060/9/4 1061/9/4 1065/9/4
f 1064/5/4 1060/5/4 1065/5/4
f 1061/11/4 1062/11/4 1066/11/4
f 1065/9/4 1061/9/4 1066/9/4
f 1062/8/4 1063/8/4 1067/8/4
f 1066/11/4 1062/11/4 1067/11/4
f 1067/8/4 1063/8/4 1068/8/4
f 1064/4/4 1065/4/4 1069/4/4
f 1065/2/4 1066/2/4 1070/2/4
f 1069/4/4 1065/4/4 1070/4/4
f 1066/1/4 1067/1/4 1071/1/4
f 1070/2/4 1066/2/4 1071/2/4
f 1067/3/4 1068/3/4 1072/3/4
f 1071/1/4 1067/1/4 1072/1/4
f 1072/3/4 1068/3/4 1073/3/4
f 1078/2/5 1075/2/5 1074/2/5
f 1079/4/5 1076/4/5 1075/4/5
f 1079/2/5 1075/2/5 1078/2/5
f 1080/6/5 1077/6/5 1076/6/5
f 1080/4/5 1076/4/5 1079/4/5
f 1081/6/5 1077/6/5 1080/6/5
f 1082/6/5 1077/6/5 1081/6/5
f 1083/1/5 1079/1/5 1078/1/5
f 1084/3/5 1080/3/5 1079/3/5
f 1084/1/5 1079/1/5 1083/1/5
f 1085/5/5 1081/5/5 1080/5/5
f 1085/3/5 1080/3/5 1084/3/5
f 1086/7/5 1082/7/5 1081/7/5
f 1086/5/5 1081/5/5 1085/5/5
f 1087/7/5 1082/7/5 1086/7/5
f 1088/2/5 1084/2/5 1083/2/5
f 1089/4/5 1085/4/5 1084/4/5
f 1089/2/5 1084/2/5 1088/2/5
f 1090/5/5 1086/5/5 1085/5/5
f 1090/4/5 1085/4/5 1089/4/5
f 1091/6/5 1087/6/5 1086/6/5
f 1091/5/5 1086/5/5 1090/5/5
f 1092/6/5 1087/6/5 1091/6/5
f 1093/1/5 1089/1/5 1088/1/5
f 1094/3/5 1090/3/5 1089/3/5
f 1094/1/5 1089/1/5 1093/1/5
f 1095/4/5 1091/4/5 1090/4/5
f 1095/3/5 1090/3/5 1094/3/5
f 1096/4/5 1095/4/5 1094/4/5
f 1096/4/5 1091/4/5 1095/4/5
f 1097/7/5 1092/7/5 1091/7/5
f 1097/4/5 1091/4/5 1096/4/5
f 1098/3/5 1094/3/5 1093/3/5
f 1098/4/5 1096/4/5 1094/4/5
f 1099/5/5 1097/5/5 1096/5/5
f 1099/4/5 1096/4/5 1098/4/5
f 1100/7/5 1092/7/5 1097/7/5
f 1100/5/5 1097/5/5 1099/5/5
f 1101/7/5 1092/7/5 1100/7/5
f 1102/6/5 1099/6/5 1098/6/5
f 1102/3/5 1098/3/5 1093/3/5
f 1103/5/5 1100/5/5 1099/5/5
f 1103/6/5 1099/6/5 1102/6/5
f 1104/6/5 1101/6/5 1100/6/5
f 1104/5/5 1100/5/5 1103/5/5
f 1105/6/5 1101/6/5 1104/6/5
f 1106/3/5 1102/3/5 1093/3/5
f 1107/5/5 1103/5/5 1102/5/5
f 1107/3/5 1102/3/5 1106/3/5
f 1108/4/5 1104/4/5 1103/4/5
f 1108/5/5 1103/5/5 1107/5/5
f 1109/3/5 1105/3/5 1104/3/5
f 1109/4/5 1104/4/5 1108/4/5
f 1110/2/5 1107/2/5 1106/2/5
f 1111/6/5 1108/6/5 1107/6/5
f 1111/2/5 1107/2/5 1110/2/5
f 1112/5/5 1109/5/5 1108/5/5
f 1112/6/5 1108/6/5 1111/6/5
f 1113/3/5 1105/3/5 1109/3/5
f 1113/5/5 1109/5/5 1112/5/5
f 1114/3/5 1105/3/5 1113/3/5
f 1115/1/5 1111/1/5 1110/1/5
f 1116/4/5 1112/4/5 1111/4/5
f 1116/1/5 1111/1/5 1115/1/5
f 1116/4/5 1113/4/5 1112/4/5
f 1117/5/5 1114/5/5 1113/5/5
f 1117/4/5 1113/4/5 1116/4/5
f 1118/5/5 1114/5/5 1117/5/5
f 1119/2/5 1116/2/5 1115/2/5
f 1119/4/5 1117/4/5 1116/4/5
f 1119/4/5 1118/4/5 1117/4/5
f 1120/4/5 1118/4/5 1119/4/5
f 1121/2/5 1119/2/5 1115/2/5
f 1122/5/5 1120/5/5 1119/5/5
f 1122/2/5 1119/2/5 1121/2/5
f 1123/5/5 1120/5/5 1122/5/5
f 1124/5/5 1120/5/5 1123/5/5
f 1125/5/5 1120/5/5 1124/5/5
f 1126/6/5 1122/6/5 1121/6/5
f 1126/4/5 1123/4/5 1122/4/5
f 1127/6/5 1124/6/5 1123/6/5
f 1127/4/5 1123/4/5 1126/4/5
f 1128/7/5 1125/7/5 1124/7/5
f 1128/6/5 1124/6/5 1127/6/5
f 1129/7/5 1125/7/5 1128/7/5
f 1130/6/5 1126/6/5 1121/6/5
f 1131/3/5 1127/3/5 1126/3/5
f 1131/6/5 1126/6/5 1130/6/5
f 1132/7/5 1128/7/5 1127/7/5
f 1132/3/5 1127/3/5 1131/3/5
f 1133/6/5 1129/6/5 1128/6/5
f 1133/7/5 1128/7/5 1132/7/5
f 1134/5/5 1131/5/5 1130/5/5
f 1134/4/5 1132/4/5 1131/4/5
f 1135/6/5 1133/6/5 1132/6/5
f 1135/4/5 1132/4/5 1134/4/5
f 1136/6/5 1129/6/5 1133/6/5
f 1136/6/5 1133/6/5 1135/6/5
f 1137/6/5 1129/6/5 1136/6/5
f 1138/3/5 1135/3/5 1134/3/5
f 1138/7/5 1136/7/5 1135/7/5
f 1139/8/5 1137/8/5 1136/8/5
f 1139/7/5 1136/7/5 1138/7/5
f 1140/8/5 1137/8/5 1139/8/5
f 1141/5/5 1134/5/5 1130/5/5
f 1142/3/5 1138/3/5 1134/3/5
f 1142/5/5 1134/5/5 1141/5/5
f 1143/6/5 1139/6/5 1138/6/5
f 1143/3/5 1138/3/5 1142/3/5
f 1144/7/5 1140/7/5 1139/7/5
f 1144/6/5 1139/6/5 1143/6/5
f 1145/7/5 1140/7/5 1144/7/5
f 1146/6/5 1142/6/5 1141/6/5
f 1147/2/5 1143/2/5 1142/2/5
f 1147/6/5 1142/6/5 1146/6/5
f 1148/6/5 1144/6/5 1143/6/5
f 1148/2/5 1143/2/5 1147/2/5
f 1148/6/5 1145/6/5 1144/6/5
f 1149/5/5 1147/5/5 1146/5/5
f 1149/3/5 1148/3/5 1147/3/5
f 1150/6/5 1145/6/5 1148/6/5
f 1150/3/5 1148/3/5 1149/3/5
f 1151/6/5 1145/6/5 1150/6/5
f 1152/5/5 1149/5/5 1146/5/5
f 1153/2/5 1150/2/5 1149/2/5
f 1153/5/5 1149/5/5 1152/5/5
f 1154/8/5 1151/8/5 1150/8/5
f 1154/2/5 1150/2/5 1153/2/5
f 1155/8/5 1151/8/5 1154/8/5
f 1156/8/5 1151/8/5 1155/8/5
f 1157/7/5 1153/7/5 1152/7/5
f 1158/4/5 1154/4/5 1153/4/5
f 1158/7/5 1153/7/5 1157/7/5
f 1159/8/5 1155/8/5 1154/8/5
f 1159/4/5 1154/4/5 1158/4/5
f 1160/7/5 1156/7/5 1155/7/5
f 1160/8/5 1155/8/5 1159/8/5
f 1161/7/5 1156/7/5 1160/7/5
f 1162/5/5 1158/5/5 1157/5/5
f 1163/3/5 1159/3/5 1158/3/5
f 1163/5/5 1158/5/5 1162/5/5
f 1164/6/5 1160/6/5 1159/6/5
f 1164/3/5 1159/3/5 1163/3/5
f 1165/8/5 1161/8/5 1160/8/5
f 1165/6/5 1160/6/5 1164/6/5
f 1166/8/5 1161/8/5 1165/8/5
f 1167/6/5 1163/6/5 1162/6/5
f 1168/4/5 1164/4/5 1163/4/5
f 1168/6/5 1163/6/5 1167/6/5
f 1169/3/5 1165/3/5 1164/3/5
f 1169/4/5 1164/4/5 1168/4/5
f 1169/3/5 1166/3/5 1165/3/5
f 1170/3/5 1166/3/5 1169/3/5
f 1171/3/5 1166/3/5 1170/3/5
f 1172/5/5 1168/5/5 1167/5/5
f 1173/4/5 1169/4/5 1168/4/5
f 1173/5/5 1168/5/5 1172/5/5
f 1174/1/5 1170/1/5 1169/1/5
f 1174/4/5 1169/4/5 1173/4/5
f 1175/5/5 1171/5/5 1170/5/5
f 1175/1/5 1170/1/5 1174/1/5
f 1176/5/5 1171/5/5 1175/5/5
f 1177/6/5 1173/6/5 1172/6/5
f 1177/4/5 1174/4/5 1173/4/5
f 1178/2/5 1175/2/5 1174/2/5
f 1178/4/5 1174/4/5 1177/4/5
f 1179/6/5 1177/6/5 1172/6/5
f 1180/2/5 1178/2/5 1177/2/5
f 1180/6/5 1177/6/5 1179/6/5
f 1181/4/5 1176/4/5 1175/4/5
f 1181/2/5 1178/2/5 1180/2/5
f 1181/2/5 1175/2/5 1178/2/5
f 1182/4/5 1176/4/5 1181/4/5
f 1183/5/5 1180/5/5 1179/5/5
f 1184/3/5 1181/3/5 1180/3/5
f 1184/5/5 1180/5/5 1183/5/5
f 1184/3/5 1182/3/5 1181/3/5
f 1185/3/5 1182/3/5 1184/3/5
f 1186/3/5 1182/3/5 1185/3/5
f 1187/3/5 1182/3/5 1186/3/5
f 1188/7/5 1184/7/5 1183/7/5
f 1189/4/5 1185/4/5 1184/4/5
f 1189/7/5 1184/7/5 1188/7/5
f 1190/3/5 1186/3/5 1185/3/5
f 1190/4/5 1185/4/5 1189/4/5
f 1191/4/5 1187/4/5 1186/4/5
f 1191/3/5 1186/3/5 1190/3/5
f 1192/6/5 1189/6/5 1188/6/5
f 1192/2/5 1190/2/5 1189/2/5
f 1193/1/5 1191/1/5 1190/1/5
f 1193/2/5 1190/2/5 1192/2/5
f 1194/4/5 1187/4/5 1191/4/5
f 1194/1/5 1191/1/5 1193/1/5
f 1195/4/5 1187/4/5 1194/4/5
f 1196/6/5 1192/6/5 1188/6/5
f 1197/4/5 1193/4/5 1192/4/5
f 1197/6/5 1192/6/5 1196/6/5
f 1198/3/5 1194/3/5 1193/3/5
f 1198/4/5 1193/4/5 1197/4/5
f 1199/5/5 1197/5/5 1196/5/5
f 1200/2/5 1198/2/5 1197/2/5
f 1200/5/5 1197/5/5 1199/5/5
f 1201/3/5 1194/3/5 1198/3/5
f 1201/2/5 1198/2/5 1200/2/5
f 1202/5/5 1195/5/5 1194/5/5
f 1202/3/5 1194/3/5 1201/3/5
f 1203/5/5 1195/5/5 1202/5/5
f 1204/6/5 1200/6/5 1199/6/5
f 1204/4/5 1201/4/5 1200/4/5
f 1205/2/5 1202/2/5 1201/2/5
f 1205/4/5 1201/4/5 1204/4/5
f 1206/4/5 1203/4/5 1202/4/5
f 1206/2/5 1202/2/5 1205/2/5
f 1207/6/5 1204/6/5 1199/6/5
f 1208/2/5 1205/2/5 1204/2/5
f 1208/6/5 1204/6/5 1207/6/5
f 1209/6/5 1206/6/5 1205/6/5
f 1209/2/5 1205/2/5 1208/2/5
f 1210/4/5 1203/4/5 1206/4/5
f 1210/6/5 1206/6/5 1209/6/5
f 1211/4/5 1203/4/5 1210/4/5
f 1212/5/5 1208/5/5 1207/5/5
f 1213/4/5 1209/4/5 1208/4/5
f 1213/5/5 1208/5/5 1212/5/5
f 1214/7/5 1210/7/5 1209/7/5
f 1214/4/5 1209/4/5 1213/4/5
f 1215/3/5 1211/3/5 1210/3/5
f 1215/7/5 1210/7/5 1214/7/5
f 1216/3/5 1211/3/5 1215/3/5
f 1217/7/5 1213/7/5 1212/7/5
f 1218/4/5 1214/4/5 1213/4/5
f 1218/7/5 1213/7/5 1217/7/5
f 1219/5/5 1215/5/5 1214/5/5
f 1219/4/5 1214/4/5 1218/4/5
f 1219/5/5 1216/5/5 1215/5/5
f 1220/6/5 1218/6/5 1217/6/5
f 1221/2/5 1219/2/5 1218/2/5
f 1221/6/5 1218/6/5 1220/6/5
f 1222/5/5 1216/5/5 1219/5/5
f 1222/2/5 1219/2/5 1221/2/5
f 1223/5/5 1216/5/5 1222/5/5
f 1224/5/5 1216/5/5 1223/5/5
f 1225/5/5 1221/5/5 1220/5/5
f 1226/2/5 1222/2/5 1221/2/5
f 1226/5/5 1221/5/5 1225/5/5
f 1227/7/5 1223/7/5 1222/7/5
f 1227/2/5 1222/2/5 1226/2/5
f 1228/4/5 1224/4/5 1223/4/5
f 1228/7/5 1223/7/5 1227/7/5
f 1229/4/5 1224/4/5 1228/4/5
f 1230/6/5 1226/6/5 1225/6/5
f 1231/4/5 1227/4/5 1226/4/5
f 1231/6/5 1226/6/5 1230/6/5
f 1232/6/5 1228/6/5 1227/6/5
f 1232/4/5 1227/4/5 1231/4/5
f 1233/3/5 1229/3/5 1228/3/5
f 1233/6/5 1228/6/5 1232/6/5
f 1234/3/5 1229/3/5 1233/3/5
f 1235/5/5 1231/5/5 1230/5/5
f 1236/3/5 1232/3/5 1231/3/5
f 1236/5/5 1231/5/5 1235/5/5
f 1237/6/5 1233/6/5 1232/6/5
f 1237/3/5 1232/3/5 1236/3/5
f 1238/5/5 1234/5/5 1233/5/5
f 1238/6/5 1233/6/5 1237/6/5
f 1239/5/5 1234/5/5 1238/5/5
f 1240/6/5 1236/6/5 1235/6/5
f 1241/4/5 1237/4/5 1236/4/5
f 1241/6/5 1236/6/5 1240/6/5
f 1242/6/5 1238/6/5 1237/6/5
f 1242/4/5 1237/4/5 1241/4/5
f 1243/3/5 1239/3/5 1238/3/5
f 1243/6/5 1238/6/5 1242/6/5
f 1244/3/5 1239/3/5 1243/3/5
f 1245/5/5 1241/5/5 1240/5/5
f 1246/2/5 1242/2/5 1241/2/5
f 1246/5/5 1241/5/5 1245/5/5
f 1247/5/5 1243/5/5 1242/5/5
f 1247/5/5 1244/5/5 1243/5/5
f 1248/5/5 1244/5/5 1247/5/5
f 1249/6/5 1246/6/5 1245/6/5
f 1250/2/5 1242/2/5 1246/2/5
f 1250/6/5 1246/6/5 1249/6/5
f 1251/5/5 1247/5/5 1242/5/5
f 1251/2/5 1242/2/5 1250/2/5
f 1252/4/5 1248/4/5 1247/4/5
f 1252/5/5 1247/5/5 1251/5/5
f 1253/4/5 1248/4/5 1252/4/5
f 1254/3/5 1250/3/5 1249/3/5
f 1254/4/5 1251/4/5 1250/4/5
f 1255/3/5 1252/3/5 1251/3/5
f 1255/4/5 1251/4/5 1254/4/5
f 1256/3/5 1254/3/5 1249/3/5
f 1256/3/5 1255/3/5 1254/3/5
f 1257/3/5 1255/3/5 1256/3/5
f 1258/3/5 1252/3/5 1255/3/5
f 1258/3/5 1255/3/5 1257/3/5
f 1259/5/5 1253/5/5 1252/5/5
f 1259/3/5 1252/3/5 1258/3/5
f 1260/5/5 1253/5/5 1259/5/5
f 1261/5/5 1257/5/5 1256/5/5
f 1262/3/5 1258/3/5 1257/3/5
f 1262/5/5 1257/5/5 1261/5/5
f 1263/1/5 1259/1/5 1258/1/5
f 1263/3/5 1258/3/5 1262/3/5
f 1264/6/5 1260/6/5 1259/6/5
f 1264/1/5 1259/1/5 1263/1/5
f 1265/6/5 1260/6/5 1264/6/5
f 1266/4/5 1262/4/5 1261/4/5
f 1267/3/5 1263/3/5 1262/3/5
f 1267/4/5 1262/4/5 1266/4/5
f 1268/2/5 1264/2/5 1263/2/5
f 1268/7/5 1265/7/5 1264/7/5
f 1269/7/5 1265/7/5 1268/7/5
f 1270/5/5 1267/5/5 1266/5/5
f 1271/3/5 1263/3/5 1267/3/5
f 1271/5/5 1267/5/5 1270/5/5
f 1272/2/5 1268/2/5 1263/2/5
f 1272/3/5 1263/3/5 1271/3/5
f 1273/6/5 1269/6/5 1268/6/5
f 1273/2/5 1268/2/5 1272/2/5
f 1274/3/5 1271/3/5 1270/3/5
f 1275/4/5 1272/4/5 1271/4/5
f 1275/3/5 1271/3/5 1274/3/5
f 1276/3/5 1273/3/5 1272/3/5
f 1276/4/5 1272/4/5 1275/4/5
f 1277/6/5 1269/6/5 1273/6/5
f 1277/3/5 1273/3/5 1276/3/5
f 1278/4/5 1276/4/5 1275/4/5
f 1278/4/5 1275/4/5 1274/4/5
f 1279/4/5 1276/4/5 1278/4/5
f 1280/6/5 1269/6/5 1277/6/5
f 1280/1/5 1277/1/5 1276/1/5
f 1281/6/5 1269/6/5 1280/6/5
f 1282/3/5 1279/3/5 1278/3/5
f 1283/4/5 1276/4/5 1279/4/5
f 1283/3/5 1279/3/5 1282/3/5
f 1284/1/5 1280/1/5 1276/1/5
f 1284/4/5 1276/4/5 1283/4/5
f 1285/5/5 1281/5/5 1280/5/5
f 1285/1/5 1280/1/5 1284/1/5
f 1286/5/5 1281/5/5 1285/5/5
f 1287/5/5 1283/5/5 1282/5/5
f 1287/4/5 1284/4/5 1283/4/5
f 1288/3/5 1285/3/5 1284/3/5
f 1288/4/5 1284/4/5 1287/4/5
f 1289/6/5 1286/6/5 1285/6/5
f 1289/3/5 1285/3/5 1288/3/5
f 1290/6/5 1286/6/5 1289/6/5
f 1291/5/5 1287/5/5 1282/5/5
f 1292/3/5 1288/3/5 1287/3/5
f 1292/5/5 1287/5/5 1291/5/5
f 1292/3/5 1289/3/5 1288/3/5
f 1293/3/5 1289/3/5 1292/3/5
f 1294/7/5 1290/7/5 1289/7/5
f 1294/3/5 1289/3/5 1293/3/5
f 1295/7/5 1290/7/5 1294/7/5
f 1296/4/5 1292/4/5 1291/4/5
f 1297/8/5 1293/8/5 1292/8/5
f 1297/4/5 1292/4/5 1296/4/5
f 1298/4/5 1294/4/5 1293/4/5
f 1298/8/5 1293/8/5 1297/8/5
f 1299/6/5 1295/6/5 1294/6/5
f 1299/4/5 1294/4/5 1298/4/5
f 1300/5/5 1297/5/5 1296/5/5
f 1300/7/5 1298/7/5 1297/7/5
f 1301/6/5 1299/6/5 1298/6/5
f 1301/7/5 1298/7/5 1300/7/5
f 1302/6/5 1295/6/5 1299/6/5
f 1302/6/5 1299/6/5 1301/6/5
f 1303/6/5 1295/6/5 1302/6/5
f 1304/5/5 1300/5/5 1296/5/5
f 1305/8/5 1301/8/5 1300/8/5
f 1305/5/5 1300/5/5 1304/5/5
f 1306/6/5 1302/6/5 1301/6/5
f 1306/8/5 1301/8/5 1305/8/5
f 1307/5/5 1303/5/5 1302/5/5
f 1307/6/5 1302/6/5 1306/6/5
f 1308/5/5 1303/5/5 1307/5/5
f 1309/5/5 1307/5/5 1306/5/5
f 1309/6/5 1308/6/5 1307/6/5
f 1310/6/5 1308/6/5 1309/6/5
f 1311/4/5 1305/4/5 1304/4/5
f 1312/3/5 1306/3/5 1305/3/5
f 1312/4/5 1305/4/5 1311/4/5
f 1313/5/5 1309/5/5 1306/5/5
f 1313/3/5 1306/3/5 1312/3/5
f 1313/5/5 1310/5/5 1309/5/5
f 1314/5/5 1310/5/5 1313/5/5
f 1315/3/5 1312/3/5 1311/3/5
f 1316/4/5 1313/4/5 1312/4/5
f 1316/3/5 1312/3/5 1315/3/5
f 1316/4/5 1314/4/5 1313/4/5
f 1317/4/5 1314/4/5 1316/4/5
f 1318/4/5 1314/4/5 1317/4/5
f 1319/4/5 1314/4/5 1318/4/5
f 1320/5/5 1316/5/5 1315/5/5
f 1320/5/5 1317/5/5 1316/5/5
f 1321/5/5 1317/5/5 1320/5/5
f 1322/4/5 1318/4/5 1317/4/5
f 1322/5/5 1317/5/5 1321/5/5
f 1323/6/5 1319/6/5 1318/6/5
f 1323/4/5 1318/4/5 1322/4/5
f 1324/6/5 1319/6/5 1323/6/5
f 1325/4/5 1321/4/5 1320/4/5
f 1326/3/5 1322/3/5 1321/3/5
f 1326/4/5 1321/4/5 1325/4/5
f 1327/5/5 1323/5/5 1322/5/5
f 1327/3/5 1322/3/5 1326/3/5
f 1327/5/5 1324/5/5 1323/5/5
f 1328/5/5 1324/5/5 1327/5/5
f 1329/5/5 1326/5/5 1325/5/5
f 1330/3/5 1327/3/5 1326/3/5
f 1330/5/5 1326/5/5 1329/5/5
f 1331/4/5 1328/4/5 1327/4/5
f 1331/3/5 1327/3/5 1330/3/5
f 1332/4/5 1328/4/5 1331/4/5
f 1333/4/5 1328/4/5 1332/4/5
f 1334/4/5 1330/4/5 1329/4/5
f 1334/4/5 1331/4/5 1330/4/5
f 1335/5/5 1332/5/5 1331/5/5
f 1335/4/5 1331/4/5 1334/4/5
f 1336/6/5 1333/6/5 1332/6/5
f 1336/5/5 1332/5/5 1335/5/5
f 1337/6/5 1333/6/5 1336/6/5
f 1338/4/5 1334/4/5 1329/4/5
f 1339/5/5 1335/5/5 1334/5/5
f 1339/4/5 1334/4/5 1338/4/5
f 1340/3/5 1336/3/5 1335/3/5
f 1340/5/5 1335/5/5 1339/5/5
f 1340/3/5 1337/3/5 1336/3/5
f 1341/3/5 1337/3/5 1340/3/5
f 1342/5/5 1339/5/5 1338/5/5
f 1342/4/5 1340/4/5 1339/4/5
f 1343/1/5 1341/1/5 1340/1/5
f 1343/4/5 1340/4/5 1342/4/5
f 1344/3/5 1337/3/5 1341/3/5
f 1344/1/5 1341/1/5 1343/1/5
f 1345/3/5 1337/3/5 1344/3/5
f 1346/5/5 1343/5/5 1342/5/5
f 1346/5/5 1342/5/5 1338/5/5
f 1347/1/5 1344/1/5 1343/1/5
f 1347/5/5 1343/5/5 1346/5/5
f 1348/5/5 1345/5/5 1344/5/5
f 1348/1/5 1344/1/5 1347/1/5
f 1349/5/5 1345/5/5 1348/5/5
f 1350/6/5 1347/6/5 1346/6/5
f 1350/5/5 1346/5/5 1338/5/5
f 1351/2/5 1348/2/5 1347/2/5
f 1351/6/5 1347/6/5 1350/6/5
f 1352/4/5 1349/4/5 1348/4/5
f 1352/2/5 1348/2/5 1351/2/5
f 1353/4/5 1349/4/5 1352/4/5
f 1354/5/5 1350/5/5 1338/5/5
f 1355/4/5 1351/4/5 1350/4/5
f 1355/5/5 1350/5/5 1354/5/5
f 1356/3/5 1352/3/5 1351/3/5
f 1356/4/5 1351/4/5 1355/4/5
f 1356/3/5 1353/3/5 1352/3/5
f 1357/3/5 1353/3/5 1356/3/5
f 1358/3/5 1353/3/5 1357/3/5
f 1359/3/5 1355/3/5 1354/3/5
f 1360/6/5 1356/6/5 1355/6/5
f 1360/3/5 1355/3/5 1359/3/5
f 1361/2/5 1357/2/5 1356/2/5
f 1361/6/5 1356/6/5 1360/6/5
f 1362/4/5 1358/4/5 1357/4/5
f 1362/2/5 1357/2/5 1361/2/5
f 1363/5/5 1360/5/5 1359/5/5
f 1363/5/5 1361/5/5 1360/5/5
f 1364/1/5 1362/1/5 1361/1/5
f 1364/5/5 1361/5/5 1363/5/5
f 1365/4/5 1358/4/5 1362/4/5
f 1365/1/5 1362/1/5 1364/1/5
f 1366/5/5 1363/5/5 1359/5/5
f 1367/4/5 1364/4/5 1363/4/5
f 1367/5/5 1363/5/5 1366/5/5
f 1368/3/5 1365/3/5 1364/3/5
f 1368/4/5 1364/4/5 1367/4/5
f 1369/4/5 1358/4/5 1365/4/5
f 1369/3/5 1365/3/5 1368/3/5
f 1370/4/5 1358/4/5 1369/4/5
f 1371/6/5 1368/6/5 1367/6/5
f 1371/4/5 1367/4/5 1366/4/5
f 1372/3/5 1370/3/5 1369/3/5
f 1372/6/5 1368/6/5 1371/6/5
f 1372/3/5 1369/3/5 1368/3/5
f 1373/3/5 1370/3/5 1372/3/5
f 1374/3/5 1370/3/5 1373/3/5
f 1375/4/5 1371/4/5 1366/4/5
f 1375/5/5 1372/5/5 1371/5/5
f 1376/3/5 1373/3/5 1372/3/5
f 1376/5/5 1372/5/5 1375/5/5
f 1377/5/5 1374/5/5 1373/5/5
f 1377/3/5 1373/3/5 1376/3/5
f 1378/5/5 1374/5/5 1377/5/5
f 1379/4/5 1375/4/5 1366/4/5
f 1380/6/5 1376/6/5 1375/6/5
f 1380/4/5 1375/4/5 1379/4/5
f 1381/4/5 1377/4/5 1376/4/5
f 1381/6/5 1376/6/5 1380/6/5
f 1381/4/5 1378/4/5 1377/4/5
f 1382/4/5 1378/4/5 1381/4/5
f 1383/4/5 1378/4/5 1382/4/5
f 1384/6/5 1380/6/5 1379/6/5
f 1385/4/5 1381/4/5 1380/4/5
f 1385/6/5 1380/6/5 1384/6/5
f 1385/4/5 1382/4/5 1381/4/5
f 1386/4/5 1382/4/5 1385/4/5
f 1387/3/5 1383/3/5 1382/3/5
f 1387/4/5 1382/4/5 1386/4/5
f 1388/3/5 1383/3/5 1387/3/5
f 1389/5/5 1386/5/5 1385/5/5
f 1389/5/5 1385/5/5 1384/5/5
f 1390/5/5 1386/5/5 1389/5/5
f 1391/4/5 1387/4/5 1386/4/5
f 1391/5/5 1386/5/5 1390/5/5
f 1392/5/5 1388/5/5 1387/5/5
f 1392/4/5 1387/4/5 1391/4/5
f 1393/6/5 1390/6/5 1389/6/5
f 1394/7/5 1391/7/5 1390/7/5
f 1394/6/5 1390/6/5 1393/6/5
f 1395/3/5 1392/3/5 1391/3/5
f 1395/7/5 1391/7/5 1394/7/5
f 1396/5/5 1388/5/5 1392/5/5
f 1396/3/5 1392/3/5 1395/3/5
f 1397/5/5 1388/5/5 1396/5/5
f 1398/4/5 1394/4/5 1393/4/5
f 1399/6/5 1395/6/5 1394/6/5
f 1399/4/5 1394/4/5 1398/4/5
f 1400/3/5 1396/3/5 1395/3/5
f 1400/6/5 1395/6/5 1399/6/5
f 1401/4/5 1397/4/5 1396/4/5
f 1401/3/5 1396/3/5 1400/3/5
f 1402/4/5 1397/4/5 1401/4/5
f 1403/5/5 1399/5/5 1398/5/5
f 1404/7/5 1400/7/5 1399/7/5
f 1404/5/5 1399/5/5 1403/5/5
f 1405/4/5 1401/4/5 1400/4/5
f 1405/7/5 1400/7/5 1404/7/5
f 1406/3/5 1402/3/5 1401/3/5
f 1406/4/5 1401/4/5 1405/4/5
f 1407/3/5 1402/3/5 1406/3/5
f 1408/6/5 1404/6/5 1403/6/5
f 1408/6/5 1405/6/5 1404/6/5
f 1409/2/5 1406/2/5 1405/2/5
f 1409/6/5 1405/6/5 1408/6/5
f 1410/4/5 1407/4/5 1406/4/5
f 1410/2/5 1406/2/5 1409/2/5
f 1411/4/5 1407/4/5 1410/4/5
f 1412/7/5 1409/7/5 1408/7/5
f 1412/6/5 1408/6/5 1403/6/5
f 1413/3/5 1410/3/5 1409/3/5
f 1413/7/5 1409/7/5 1412/7/5
f 1414/5/5 1411/5/5 1410/5/5
f 1414/3/5 1410/3/5 1413/3/5
f 1415/6/5 1412/6/5 1403/6/5
f 1416/5/5 1413/5/5 1412/5/5
f 1416/6/5 1412/6/5 1415/6/5
f 1417/4/5 1414/4/5 1413/4/5
f 1417/5/5 1413/5/5 1416/5/5
f 1418/5/5 1411/5/5 1414/5/5
f 1418/4/5 1414/4/5 1417/4/5
f 1419/5/5 1411/5/5 1418/5/5
f 1420/6/5 1417/6/5 1416/6/5
f 1420/5/5 1416/5/5 1415/5/5
f 1421/2/5 1418/2/5 1417/2/5
f 1421/6/5 1417/6/5 1420/6/5
f 1422/4/5 1419/4/5 1418/4/5
f 1422/2/5 1418/2/5 1421/2/5
f 1423/4/5 1419/4/5 1422/4/5
f 1424/5/5 1421/5/5 1420/5/5
f 1424/5/5 1420/5/5 1415/5/5
f 1425/5/5 1421/5/5 1424/5/5
f 1426/6/5 1422/6/5 1421/6/5
f 1426/5/5 1421/5/5 1425/5/5
f 1427/5/5 1423/5/5 1422/5/5
f 1427/6/5 1422/6/5 1426/6/5
f 1428/5/5 1423/5/5 1427/5/5
f 1429/7/5 1426/7/5 1425/7/5
f 1429/7/5 1427/7/5 1426/7/5
f 1430/4/5 1428/4/5 1427/4/5
f 1430/7/5 1427/7/5 1429/7/5
f 1431/4/5 1428/4/5 1430/4/5
f 1432/6/5 1425/6/5 1424/6/5
f 1432/7/5 1429/7/5 1425/7/5
f 1433/6/5 1430/6/5 1429/6/5
f 1433/7/5 1429/7/5 1432/7/5
f 1434/5/5 1431/5/5 1430/5/5
f 1434/6/5 1430/6/5 1433/6/5
f 1435/6/5 1432/6/5 1424/6/5
f 1436/5/5 1433/5/5 1432/5/5
f 1436/6/5 1432/6/5 1435/6/5
f 1437/7/5 1434/7/5 1433/7/5
f 1437/5/5 1433/5/5 1436/5/5
f 1438/5/5 1431/5/5 1434/5/5
f 1438/7/5 1434/7/5 1437/7/5
f 1439/5/5 1431/5/5 1438/5/5
f 1440/4/5 1436/4/5 1435/4/5
f 1441/3/5 1437/3/5 1436/3/5
f 1441/4/5 1436/4/5 1440/4/5
f 1442/6/5 1438/6/5 1437/6/5
f 1442/3/5 1437/3/5 1441/3/5
f 1443/3/5 1439/3/5 1438/3/5
f 1443/6/5 1438/6/5 1442/6/5
f 1444/3/5 1439/3/5 1443/3/5
f 1445/5/5 1441/5/5 1440/5/5
f 1445/5/5 1442/5/5 1441/5/5
f 1446/5/5 1442/5/5 1445/5/5
f 1447/6/5 1443/6/5 1442/6/5
f 1447/5/5 1442/5/5 1446/5/5
f 1448/6/5 1446/6/5 1445/6/5
f 1449/4/5 1447/4/5 1446/4/5
f 1449/6/5 1446/6/5 1448/6/5
f 1450/5/5 1444/5/5 1443/5/5
f 1450/6/5 1443/6/5 1447/6/5
f 1451/5/5 1444/5/5 1450/5/5
f 1452/5/5 1449/5/5 1448/5/5
f 1453/4/5 1447/4/5 1449/4/5
f 1453/5/5 1449/5/5 1452/5/5
f 1454/6/5 1450/6/5 1447/6/5
f 1454/4/5 1447/4/5 1453/4/5
f 1455/7/5 1451/7/5 1450/7/5
f 1455/6/5 1450/6/5 1454/6/5
f 1456/7/5 1451/7/5 1455/7/5
f 1457/7/5 1455/7/5 1454/7/5
f 1457/5/5 1456/5/5 1455/5/5
f 1458/5/5 1456/5/5 1457/5/5
f 1459/4/5 1453/4/5 1452/4/5
f 1460/5/5 1454/5/5 1453/5/5
f 1460/4/5 1453/4/5 1459/4/5
f 1461/7/5 1457/7/5 1454/7/5
f 1461/5/5 1454/5/5 1460/5/5
f 1462/6/5 1458/6/5 1457/6/5
f 1462/7/5 1457/7/5 1461/7/5
f 1463/6/5 1458/6/5 1462/6/5
f 1464/6/5 1460/6/5 1459/6/5
f 1465/5/5 1461/5/5 1460/5/5
f 1465/6/5 1460/6/5 1464/6/5
f 1466/4/5 1462/4/5 1461/4/5
f 1466/5/5 1461/5/5 1465/5/5
f 1467/5/5 1463/5/5 1462/5/5
f 1467/4/5 1462/4/5 1466/4/5
f 1468/5/5 1463/5/5 1467/5/5
f 1469/5/5 1465/5/5 1464/5/5
f 1470/4/5 1466/4/5 1465/4/5
f 1470/5/5 1465/5/5 1469/5/5
f 1471/5/5 1467/5/5 1466/5/5
f 1471/4/5 1466/4/5 1470/4/5
f 1472/7/5 1468/7/5 1467/7/5
f 1472/5/5 1467/5/5 1471/5/5
f 1473/7/5 1468/7/5 1472/7/5
f 1474/4/5 1470/4/5 1469/4/5
f 1474/5/5 1471/5/5 1470/5/5
f 1475/4/5 1472/4/5 1471/4/5
f 1475/5/5 1471/5/5 1474/5/5
f 1476/5/5 1473/5/5 1472/5/5
f 1476/4/5 1472/4/5 1475/4/5
f 1477/5/5 1473/5/5 1476/5/5
f 1478/7/5 1475/7/5 1474/7/5
f 1478/4/5 1474/4/5 1469/4/5
f 1479/5/5 1476/5/5 1475/5/5
f 1479/7/5 1475/7/5 1478/7/5
f 1480/7/5 1477/7/5 1476/7/5
f 1480/5/5 1476/5/5 1479/5/5
f 1481/7/5 1477/7/5 1480/7/5
f 1482/8/5 1479/8/5 1478/8/5
f 1482/4/5 1478/4/5 1469/4/5
f 1483/6/5 1481/6/5 1480/6/5
f 1483/8/5 1479/8/5 1482/8/5
f 1483/6/5 1480/6/5 1479/6/5
f 1484/6/5 1481/6/5 1483/6/5
f 1485/4/5 1482/4/5 1469/4/5
f 1486/7/5 1483/7/5 1482/7/5
f 1486/4/5 1482/4/5 1485/4/5
f 1487/5/5 1484/5/5 1483/5/5
f 1487/7/5 1483/7/5 1486/7/5
f 1488/5/5 1484/5/5 1487/5/5
f 1489/6/5 1486/6/5 1485/6/5
f 1490/8/5 1487/8/5 1486/8/5
f 1490/6/5 1486/6/5 1489/6/5
f 1491/6/5 1488/6/5 1487/6/5
f 1491/8/5 1487/8/5 1490/8/5
f 1492/4/5 1490/4/5 1489/4/5
f 1492/6/5 1491/6/5 1490/6/5
f 1493/6/5 1488/6/5 1491/6/5
f 1493/6/5 1491/6/5 1492/6/5
f 1494/6/5 1488/6/5 1493/6/5
f 1495/6/5 1488/6/5 1494/6/5
f 1496/4/5 1492/4/5 1489/4/5
f 1496/7/5 1493/7/5 1492/7/5
f 1497/5/5 1494/5/5 1493/5/5
f 1497/7/5 1493/7/5 1496/7/5
f 1498/7/5 1495/7/5 1494/7/5
f 1498/5/5 1494/5/5 1497/5/5
f 1499/7/5 1495/7/5 1498/7/5
f 1500/4/5 1496/4/5 1489/4/5
f 1501/6/5 1497/6/5 1496/6/5
f 1501/4/5 1496/4/5 1500/4/5
f 1502/5/5 1498/5/5 1497/5/5
f 1502/6/5 1497/6/5 1501/6/5
f 1502/5/5 1499/5/5 1498/5/5
f 1503/5/5 1499/5/5 1502/5/5
f 1504/3/5 1501/3/5 1500/3/5
f 1505/7/5 1502/7/5 1501/7/5
f 1505/3/5 1501/3/5 1504/3/5
f 1506/4/5 1503/4/5 1502/4/5
f 1506/7/5 1502/7/5 1505/7/5
f 1507/5/5 1499/5/5 1503/5/5
f 1507/4/5 1503/4/5 1506/4/5
f 1508/5/5 1499/5/5 1507/5/5
f 1509/4/5 1505/4/5 1504/4/5
f 1510/8/5 1506/8/5 1505/8/5
f 1510/4/5 1505/4/5 1509/4/5
f 1511/6/5 1507/6/5 1506/6/5
f 1511/8/5 1506/8/5 1510/8/5
f 1511/6/5 1508/6/5 1507/6/5
f 1512/6/5 1508/6/5 1511/6/5
f 1513/6/5 1508/6/5 1512/6/5
f 1514/5/5 1510/5/5 1509/5/5
f 1514/7/5 1511/7/5 1510/7/5
f 1515/5/5 1512/5/5 1511/5/5
f 1515/7/5 1511/7/5 1514/7/5
f 1516/7/5 1513/7/5 1512/7/5
f 1516/5/5 1512/5/5 1515/5/5
f 1517/7/5 1513/7/5 1516/7/5
f 1518/5/5 1514/5/5 1509/5/5
f 1519/1/5 1515/1/5 1514/1/5
f 1519/5/5 1514/5/5 1518/5/5
f 1520/6/5 1516/6/5 1515/6/5
f 1520/1/5 1515/1/5 1519/1/5
f 1520/6/5 1517/6/5 1516/6/5
f 1521/6/5 1517/6/5 1520/6/5
f 1522/4/5 1519/4/5 1518/4/5
f 1522/3/5 1520/3/5 1519/3/5
f 1523/5/5 1521/5/5 1520/5/5
f 1523/3/5 1520/3/5 1522/3/5
f 1524/6/5 1517/6/5 1521/6/5
f 1524/5/5 1521/5/5 1523/5/5
f 1525/6/5 1517/6/5 1524/6/5
f 1526/4/5 1522/4/5 1518/4/5
f 1527/1/5 1523/1/5 1522/1/5
f 1527/4/5 1522/4/5 1526/4/5
f 1528/6/5 1524/6/5 1523/6/5
f 1528/1/5 1523/1/5 1527/1/5
f 1529/5/5 1525/5/5 1524/5/5
f 1529/6/5 1524/6/5 1528/6/5
f 1530/5/5 1525/5/5 1529/5/5
f 1531/5/5 1527/5/5 1526/5/5
f 1531/3/5 1528/3/5 1527/3/5
f 1532/5/5 1529/5/5 1528/5/5
f 1532/3/5 1528/3/5 1531/3/5
f 1533/4/5 1530/4/5 1529/4/5
f 1533/5/5 1529/5/5 1532/5/5
f 1534/4/5 1530/4/5 1533/4/5
f 1535/5/5 1531/5/5 1526/5/5
f 1536/1/5 1532/1/5 1531/1/5
f 1536/5/5 1531/5/5 1535/5/5
f 1537/6/5 1533/6/5 1532/6/5
f 1537/1/5 1532/1/5 1536/1/5
f 1537/6/5 1534/6/5 1533/6/5
f 1538/6/5 1534/6/5 1537/6/5
f 1539/3/5 1536/3/5 1535/3/5
f 1540/1/5 1537/1/5 1536/1/5
f 1540/3/5 1536/3/5 1539/3/5
f 1541/5/5 1538/5/5 1537/5/5
f 1541/1/5 1537/1/5 1540/1/5
f 1542/6/5 1534/6/5 1538/6/5
f 1542/5/5 1538/5/5 1541/5/5
f 1543/4/5 1540/4/5 1539/4/5
f 1544/1/5 1541/1/5 1540/1/5
f 1544/4/5 1540/4/5 1543/4/5
f 1545/6/5 1542/6/5 1541/6/5
f 1545/1/5 1541/1/5 1544/1/5
f 1546/6/5 1534/6/5 1542/6/5
f 1546/6/5 1542/6/5 1545/6/5
f 1547/5/5 1544/5/5 1543/5/5
f 1548/1/5 1545/1/5 1544/1/5
f 1548/5/5 1544/5/5 1547/5/5
f 1549/5/5 1546/5/5 1545/5/5
f 1549/1/5 1545/1/5 1548/1/5
f 1550/5/5 1546/5/5 1549/5/5
f 1551/3/5 1548/3/5 1547/3/5
f 1551/3/5 1549/3/5 1548/3/5
f 1552/3/5 1549/3/5 1551/3/5
f 1553/6/5 1550/6/5 1549/6/5
f 1553/3/5 1549/3/5 1552/3/5
f 1554/6/5 1550/6/5 1553/6/5
f 1555/4/5 1552/4/5 1551/4/5
f 1556/1/5 1553/1/5 1552/1/5
f 1556/4/5 1552/4/5 1555/4/5
f 1557/7/5 1554/7/5 1553/7/5
f 1557/1/5 1553/1/5 1556/1/5
f 1558/6/5 1550/6/5 1554/6/5
f 1558/7/5 1554/7/5 1557/7/5
f 1559/6/5 1550/6/5 1558/6/5
f 1560/1/5 1557/1/5 1556/1/5
f 1560/5/5 1556/5/5 1555/5/5
f 1561/5/5 1559/5/5 1558/5/5
f 1561/1/5 1557/1/5 1560/1/5
f 1561/5/5 1558/5/5 1557/5/5
f 1562/5/5 1559/5/5 1561/5/5
f 1563/5/5 1560/5/5 1555/5/5
f 1564/3/5 1561/3/5 1560/3/5
f 1564/5/5 1560/5/5 1563/5/5
f 1565/6/5 1562/6/5 1561/6/5
f 1565/3/5 1561/3/5 1564/3/5
f 1566/5/5 1559/5/5 1562/5/5
f 1566/6/5 1562/6/5 1565/6/5
f 1567/1/5 1565/1/5 1564/1/5
f 1567/4/5 1564/4/5 1563/4/5
f 1568/7/5 1566/7/5 1565/7/5
f 1568/1/5 1565/1/5 1567/1/5
f 1569/5/5 1559/5/5 1566/5/5
f 1569/7/5 1566/7/5 1568/7/5
f 1570/5/5 1559/5/5 1569/5/5
f 1571/4/5 1567/4/5 1563/4/5
f 1572/2/5 1568/2/5 1567/2/5
f 1572/4/5 1567/4/5 1571/4/5
f 1573/6/5 1569/6/5 1568/6/5
f 1573/2/5 1568/2/5 1572/2/5
f 1574/4/5 1570/4/5 1569/4/5
f 1574/6/5 1569/6/5 1573/6/5
f 1575/4/5 1570/4/5 1574/4/5
f 1576/3/5 1572/3/5 1571/3/5
f 1576/1/5 1573/1/5 1572/1/5
f 1577/5/5 1575/5/5 1574/5/5
f 1577/1/5 1573/1/5 1576/1/5
f 1577/5/5 1574/5/5 1573/5/5
f 1578/5/5 1575/5/5 1577/5/5
f 1579/3/5 1576/3/5 1571/3/5
f 1580/2/5 1577/2/5 1576/2/5
f 1580/3/5 1576/3/5 1579/3/5
f 1581/6/5 1578/6/5 1577/6/5
f 1581/2/5 1577/2/5 1580/2/5
f 1582/6/5 1578/6/5 1581/6/5
f 1583/4/5 1580/4/5 1579/4/5
f 1583/3/5 1581/3/5 1580/3/5
f 1584/5/5 1582/5/5 1581/5/5
f 1584/3/5 1581/3/5 1583/3/5
f 1585/5/5 1582/5/5 1584/5/5
f 1586/4/5 1583/4/5 1579/4/5
f 1586/1/5 1584/1/5 1583/1/5
f 1587/6/5 1585/6/5 1584/6/5
f 1587/1/5 1584/1/5 1586/1/5
f 1588/5/5 1582/5/5 1585/5/5
f 1588/6/5 1585/6/5 1587/6/5
f 1589/5/5 1582/5/5 1588/5/5
f 1590/2/5 1587/2/5 1586/2/5
f 1590/4/5 1586/4/5 1579/4/5
f 1591/6/5 1589/6/5 1588/6/5
f 1591/2/5 1587/2/5 1590/2/5
f 1591/6/5 1588/6/5 1587/6/5
f 1592/6/5 1589/6/5 1591/6/5
f 1593/6/5 1589/6/5 1592/6/5
f 1594/4/5 1590/4/5 1579/4/5
f 1595/3/5 1591/3/5 1590/3/5
f 1595/4/5 1590/4/5 1594/4/5
f 1596/5/5 1592/5/5 1591/5/5
f 1596/3/5 1591/3/5 1595/3/5
f 1597/4/5 1593/4/5 1592/4/5
f 1597/5/5 1592/5/5 1596/5/5
f 1598/4/5 1593/4/5 1597/4/5
f 1600/7/6 1601/7/6 1604/7/6
f 1601/2/6 1602/2/6 1604/2/6
f 1602/1/6 1603/1/6 1605/1/6
f 1604/2/6 1602/2/6 1605/2/6
f 1605/1/6 1603/1/6 1606/1/6
f 1599/3/6 1600/3/6 1607/3/6
f 1600/7/6 1604/7/6 1608/7/6
f 1607/3/6 1600/3/6 1608/3/6
f 1604/3/6 1605/3/6 1609/3/6
f 1608/7/6 1604/7/6 1609/7/6
f 1605/3/6 1606/3/6 1609/3/6
f 1609/3/6 1606/3/6 1610/3/6
f 1607/2/6 1608/2/6 1611/2/6
f 1608/7/6 1609/7/6 1612/7/6
f 1611/2/6 1608/2/6 1612/2/6
f 1609/2/6 1610/2/6 1613/2/6
f 1612/7/6 1609/7/6 1613/7/6
f 1610/3/6 1606/3/6 1614/3/6
f 1613/2/6 1610/2/6 1614/2/6
f 1611/4/6 1612/4/6 1615/4/6
f 1612/5/6 1613/5/6 1616/5/6
f 1615/4/6 1612/4/6 1616/4/6
f 1614/3/6 1606/3/6 1617/3/6
f 1613/3/6 1614/3/6 1617/3/6
f 1617/3/6 1606/3/6 1618/3/6
f 1615/2/6 1616/2/6 1619/2/6
f 1616/5/6 1613/5/6 1620/5/6
f 1619/2/6 1616/2/6 1620/2/6
f 1613/3/6 1617/3/6 1621/3/6
f 1620/5/6 1613/5/6 1621/5/6
f 1617/1/6 1618/1/6 1622/1/6
f 1621/3/6 1617/3/6 1622/3/6
f 1622/1/6 1618/1/6 1623/1/6
f 1619/3/6 1620/3/6 1624/3/6
f 1620/7/6 1621/7/6 1624/7/6
f 1621/2/6 1622/2/6 1625/2/6
f 1624/7/6 1621/7/6 1625/7/6
f 1622/3/6 1623/3/6 1626/3/6
f 1625/2/6 1622/2/6 1626/2/6
f 1626/3/6 1623/3/6 1627/3/6
f 1619/3/6 1624/3/6 1628/3/6
f 1624/6/6 1625/6/6 1629/6/6
f 1628/3/6 1624/3/6 1629/3/6
f 1625/1/6 1626/1/6 1630/1/6
f 1629/6/6 1625/6/6 1630/6/6
f 1626/2/6 1627/2/6 1631/2/6
f 1630/1/6 1626/1/6 1631/1/6
f 1628/2/6 1629/2/6 1632/2/6
f 1629/5/6 1630/5/6 1633/5/6
f 1632/2/6 1629/2/6 1633/2/6
f 1630/3/6 1631/3/6 1634/3/6
f 1633/5/6 1630/5/6 1634/5/6
f 1631/2/6 1627/2/6 1635/2/6
f 1634/3/6 1631/3/6 1635/3/6
f 1635/2/6 1627/2/6 1636/2/6
f 1632/3/6 1633/3/6 1637/3/6
f 1633/7/6 1634/7/6 1638/7/6
f 1637/3/6 1633/3/6 1638/3/6
f 1634/1/6 1635/1/6 1639/1/6
f 1638/7/6 1634/7/6 1639/7/6
f 1635/3/6 1636/3/6 1640/3/6
f 1639/1/6 1635/1/6 1640/1/6
f 1640/3/6 1636/3/6 1641/3/6
f 1637/7/6 1638/7/6 1642/7/6
f 1638/7/6 1639/7/6 1642/7/6
f 1642/7/6 1639/7/6 1643/7/6
f 1639/5/6 1640/5/6 1644/5/6
f 1643/7/6 1639/7/6 1644/7/6
f 1640/2/6 1641/2/6 1645/2/6
f 1644/5/6 1640/5/6 1645/5/6
f 1645/2/6 1641/2/6 1646/2/6
f 1642/8/6 1643/8/6 1647/8/6
f 1643/7/6 1644/7/6 1648/7/6
f 1647/8/6 1643/8/6 1648/8/6
f 1644/7/6 1645/7/6 1648/7/6
f 1648/7/6 1645/7/6 1649/7/6
f 1645/3/6 1646/3/6 1650/3/6
f 1649/7/6 1645/7/6 1650/7/6
f 1650/3/6 1646/3/6 1651/3/6
f 1648/7/6 1649/7/6 1652/7/6
f 1647/7/6 1648/7/6 1652/7/6
f 1649/5/6 1650/5/6 1653/5/6
f 1652/7/6 1649/7/6 1653/7/6
f 1650/2/6 1651/2/6 1654/2/6
f 1653/5/6 1650/5/6 1654/5/6
f 1654/2/6 1651/2/6 1655/2/6
f 1652/6/6 1653/6/6 1656/6/6
f 1653/6/6 1654/6/6 1656/6/6
f 1656/6/6 1654/6/6 1657/6/6
f 1657/6/6 1654/6/6 1658/6/6
f 1654/3/6 1655/3/6 1659/3/6
f 1658/6/6 1654/6/6 1659/6/6
f 1659/3/6 1655/3/6 1660/3/6
f 1656/8/6 1657/8/6 1661/8/6
f 1657/6/6 1658/6/6 1662/6/6
f 1661/8/6 1657/8/6 1662/8/6
f 1658/5/6 1659/5/6 1663/5/6
f 1662/6/6 1658/6/6 1663/6/6
f 1659/2/6 1660/2/6 1664/2/6
f 1663/5/6 1659/5/6 1664/5/6
f 1664/2/6 1660/2/6 1665/2/6
f 1661/6/6 1662/6/6 1666/6/6
f 1662/5/6 1663/5/6 1667/5/6
f 1666/6/6 1662/6/6 1667/6/6
f 1663/6/6 1664/6/6 1668/6/6
f 1667/5/6 1663/5/6 1668/5/6
f 1664/1/6 1665/1/6 1669/1/6
f 1668/6/6 1664/6/6 1669/6/6
f 1669/1/6 1665/1/6 1670/1/6
f 1667/7/6 1668/7/6 1671/7/6
f 1668/7/6 1669/7/6 1671/7/6
f 1669/2/6 1670/2/6 1671/2/6
f 1671/2/6 1670/2/6 1672/2/6
f 1666/8/6 1667/8/6 1673/8/6
f 1667/7/6 1671/7/6 1674/7/6
f 1673/8/6 1667/8/6 1674/8/6
f 1673/6/6 1674/6/6 1675/6/6
f 1674/7/6 1671/7/6 1676/7/6
f 1675/6/6 1674/6/6 1676/6/6
f 1671/3/6 1672/3/6 1677/3/6
f 1676/7/6 1671/7/6 1677/7/6
f 1675/8/6 1676/8/6 1678/8/6
f 1676/6/6 1677/6/6 1679/6/6
f 1678/8/6 1676/8/6 1679/8/6
f 1679/6/6 1677/6/6 1680/6/6
f 1677/3/6 1672/3/6 1681/3/6
f 1680/6/6 1677/6/6 1681/6/6
f 1681/3/6 1672/3/6 1682/3/6
f 1679/5/6 1680/5/6 1683/5/6
f 1678/2/6 1679/2/6 1683/2/6
f 1681/4/6 1682/4/6 1684/4/6
f 1683/5/6 1680/5/6 1684/5/6
f 1680/4/6 1681/4/6 1684/4/6
f 1684/4/6 1682/4/6 1685/4/6
f 1678/2/6 1683/2/6 1686/2/6
f 1683/6/6 1684/6/6 1686/6/6
f 1684/6/6 1685/6/6 1686/6/6
f 1686/6/6 1685/6/6 1687/6/6
f 1685/4/6 1682/4/6 1688/4/6
f 1687/6/6 1685/6/6 1688/6/6
f 1678/2/6 1686/2/6 1689/2/6
f 1686/4/6 1687/4/6 1690/4/6
f 1689/2/6 1686/2/6 1690/2/6
f 1687/5/6 1688/5/6 1691/5/6
f 1690/4/6 1687/4/6 1691/4/6
f 1688/4/6 1682/4/6 1692/4/6
f 1691/5/6 1688/5/6 1692/5/6
f 1692/4/6 1682/4/6 1693/4/6
f 1689/3/6 1690/3/6 1694/3/6
f 1690/6/6 1691/6/6 1695/6/6
f 1694/3/6 1690/3/6 1695/3/6
f 1691/4/6 1692/4/6 1696/4/6
f 1695/6/6 1691/6/6 1696/6/6
f 1694/4/6 1695/4/6 1697/4/6
f 1696/4/6 1692/4/6 1697/4/6
f 1695/4/6 1696/4/6 1697/4/6
f 1692/3/6 1693/3/6 1698/3/6
f 1697/4/6 1692/4/6 1698/4/6
f 1694/4/6 1697/4/6 1699/4/6
f 1697/5/6 1698/5/6 1700/5/6
f 1699/4/6 1697/4/6 1700/4/6
f 1698/3/6 1693/3/6 1701/3/6
f 1700/5/6 1698/5/6 1701/5/6
f 1701/3/6 1693/3/6 1702/3/6
f 1694/4/6 1699/4/6 1703/4/6
f 1699/5/6 1700/5/6 1704/5/6
f 1703/4/6 1699/4/6 1704/4/6
f 1700/4/6 1701/4/6 1705/4/6
f 1704/5/6 1700/5/6 1705/5/6
f 1701/2/6 1702/2/6 1706/2/6
f 1705/4/6 1701/4/6 1706/4/6
f 1706/2/6 1702/2/6 1707/2/6
f 1703/2/6 1704/2/6 1708/2/6
f 1704/6/6 1705/6/6 1708/6/6
f 1705/5/6 1706/5/6 1709/5/6
f 1708/6/6 1705/6/6 1709/6/6
f 1706/3/6 1707/3/6 1710/3/6
f 1709/5/6 1706/5/6 1710/5/6
f 1710/3/6 1707/3/6 1711/3/6
f 1703/2/6 1708/2/6 1712/2/6
f 1708/5/6 1709/5/6 1713/5/6
f 1712/2/6 1708/2/6 1713/2/6
f 1709/5/6 1710/5/6 1713/5/6
f 1713/5/6 1710/5/6 1714/5/6
f 1710/2/6 1711/2/6 1715/2/6
f 1714/5/6 1710/5/6 1715/5/6
f 1715/2/6 1711/2/6 1716/2/6
f 1712/3/6 1713/3/6 1717/3/6
f 1713/1/6 1714/1/6 1718/1/6
f 1717/3/6 1713/3/6 1718/3/6
f 1714/6/6 1715/6/6 1719/6/6
f 1718/1/6 1714/1/6 1719/1/6
f 1715/5/6 1716/5/6 1720/5/6
f 1719/6/6 1715/6/6 1720/6/6
f 1720/5/6 1716/5/6 1721/5/6
f 1717/4/6 1718/4/6 1722/4/6
f 1718/3/6 1719/3/6 1723/3/6
f 1722/4/6 1718/4/6 1723/4/6
f 1719/3/6 1720/3/6 1723/3/6
f 1723/3/6 1720/3/6 1724/3/6
f 1720/4/6 1721/4/6 1725/4/6
f 1724/3/6 1720/3/6 1725/3/6
f 1725/4/6 1721/4/6 1726/4/6
f 1723/3/6 1724/3/6 1727/3/6
f 1722/5/6 1723/5/6 1727/5/6
f 1724/4/6 1725/4/6 1728/4/6
f 1727/3/6 1724/3/6 1728/3/6
f 1725/5/6 1726/5/6 1729/5/6
f 1728/4/6 1725/4/6 1729/4/6
f 1727/1/6 1728/1/6 1730/1/6
f 1722/5/6 1727/5/6 1730/5/6
f 1728/3/6 1729/3/6 1731/3/6
f 1730/1/6 1728/1/6 1731/1/6
f 1729/5/6 1726/5/6 1732/5/6
f 1731/3/6 1729/3/6 1732/3/6
f 1732/5/6 1726/5/6 1733/5/6
f 1730/2/6 1731/2/6 1734/2/6
f 1731/4/6 1732/4/6 1734/4/6
f 1732/4/6 1733/4/6 1734/4/6
f 1734/4/6 1733/4/6 1735/4/6
f 1722/5/6 1730/5/6 1736/5/6
f 1730/2/6 1734/2/6 1736/2/6
f 1734/5/6 1735/5/6 1737/5/6
f 1736/2/6 1734/2/6 1737/2/6
f 1737/5/6 1735/5/6 1738/5/6
f 1738/5/6 1735/5/6 1739/5/6
f 1737/5/6 1738/5/6 1740/5/6
f 1738/4/6 1739/4/6 1740/4/6
f 1740/4/6 1739/4/6 1741/4/6
f 1736/3/6 1737/3/6 1742/3/6
f 1737/5/6 1740/5/6 1742/5/6
f 1740/6/6 1741/6/6 1743/6/6
f 1742/5/6 1740/5/6 1743/5/6
f 1743/6/6 1741/6/6 1744/6/6
f 1722/5/6 1736/5/6 1745/5/6
f 1736/3/6 1742/3/6 1746/3/6
f 1745/5/6 1736/5/6 1746/5/6
f 1742/4/6 1743/4/6 1747/4/6
f 1746/3/6 1742/3/6 1747/3/6
f 1743/5/6 1744/5/6 1748/5/6
f 1747/4/6 1743/4/6 1748/4/6
f 1748/5/6 1744/5/6 1749/5/6
f 1745/4/6 1746/4/6 1750/4/6
f 1746/1/6 1747/1/6 1751/1/6
f 1750/4/6 1746/4/6 1751/4/6
f 1747/3/6 1748/3/6 1752/3/6
f 1751/1/6 1747/1/6 1752/1/6
f 1748/4/6 1749/4/6 1753/4/6
f 1752/3/6 1748/3/6 1753/3/6
f 1753/4/6 1749/4/6 1754/4/6
f 1750/6/6 1751/6/6 1755/6/6
f 1751/2/6 1752/2/6 1756/2/6
f 1755/6/6 1751/6/6 1756/6/6
f 1752/5/6 1753/5/6 1757/5/6
f 1756/2/6 1752/2/6 1757/2/6
f 1753/3/6 1754/3/6 1758/3/6
f 1757/5/6 1753/5/6 1758/5/6
f 1758/3/6 1754/3/6 1759/3/6
f 1755/7/6 1756/7/6 1760/7/6
f 1756/3/6 1757/3/6 1761/3/6
f 1760/7/6 1756/7/6 1761/7/6
f 1757/7/6 1758/7/6 1762/7/6
f 1761/3/6 1757/3/6 1762/3/6
f 1758/4/6 1759/4/6 1763/4/6
f 1762/7/6 1758/7/6 1763/7/6
f 1760/6/6 1761/6/6 1764/6/6
f 1761/2/6 1762/2/6 1765/2/6
f 1764/6/6 1761/6/6 1765/6/6
f 1764/7/6 1765/7/6 1766/7/6
f 1765/2/6 1762/2/6 1767/2/6
f 1766/7/6 1765/7/6 1767/7/6
f 1763/4/6 1759/4/6 1768/4/6
f 1762/6/6 1763/6/6 1768/6/6
f 1768/4/6 1759/4/6 1769/4/6
f 1766/5/6 1767/5/6 1770/5/6
f 1767/2/6 1762/2/6 1771/2/6
f 1770/5/6 1767/5/6 1771/5/6
f 1762/6/6 1768/6/6 1772/6/6
f 1771/2/6 1762/2/6 1772/2/6
f 1768/2/6 1769/2/6 1773/2/6
f 1772/6/6 1768/6/6 1773/6/6
f 1770/6/6 1771/6/6 1774/6/6
f 1771/3/6 1772/3/6 1775/3/6
f 1774/6/6 1771/6/6 1775/6/6
f 1772/7/6 1773/7/6 1776/7/6
f 1775/3/6 1772/3/6 1776/3/6
f 1773/2/6 1769/2/6 1777/2/6
f 1776/7/6 1773/7/6 1777/7/6
f 1774/5/6 1775/5/6 1778/5/6
f 1775/2/6 1776/2/6 1779/2/6
f 1778/5/6 1775/5/6 1779/5/6
f 1776/5/6 1777/5/6 1780/5/6
f 1779/2/6 1776/2/6 1780/2/6
f 1777/2/6 1769/2/6 1781/2/6
f 1780/5/6 1777/5/6 1781/5/6
f 1779/4/6 1780/4/6 1782/4/6
f 1778/6/6 1779/6/6 1782/6/6
f 1780/7/6 1781/7/6 1783/7/6
f 1782/4/6 1780/4/6 1783/4/6
f 1781/2/6 1769/2/6 1784/2/6
f 1783/7/6 1781/7/6 1784/7/6
f 1784/2/6 1769/2/6 1785/2/6
f 1778/6/6 1782/6/6 1786/6/6
f 1782/3/6 1783/3/6 1787/3/6
f 1786/6/6 1782/6/6 1787/6/6
f 1783/6/6 1784/6/6 1788/6/6
f 1787/3/6 1783/3/6 1788/3/6
f 1784/4/6 1785/4/6 1789/4/6
f 1788/6/6 1784/6/6 1789/6/6
f 1786/7/6 1787/7/6 1790/7/6
f 1787/3/6 1788/3/6 1790/3/6
f 1788/7/6 1789/7/6 1791/7/6
f 1790/3/6 1788/3/6 1791/3/6
f 1789/4/6 1785/4/6 1792/4/6
f 1791/7/6 1789/7/6 1792/7/6
f 1792/4/6 1785/4/6 1793/4/6
f 1786/7/6 1790/7/6 1794/7/6
f 1790/6/6 1791/6/6 1795/6/6
f 1794/7/6 1790/7/6 1795/7/6
f 1791/5/6 1792/5/6 1796/5/6
f 1795/6/6 1791/6/6 1796/6/6
f 1792/5/6 1793/5/6 1796/5/6
f 1796/5/6 1793/5/6 1797/5/6
f 1797/5/6 1793/5/6 1798/5/6
f 1794/5/6 1795/5/6 1799/5/6
f 1795/4/6 1796/4/6 1800/4/6
f 1799/5/6 1795/5/6 1800/5/6
f 1796/4/6 1797/4/6 1800/4/6
f 1800/4/6 1797/4/6 1801/4/6
f 1797/6/6 1798/6/6 1802/6/6
f 1801/4/6 1797/4/6 1802/4/6
f 1799/3/6 1800/3/6 1803/3/6
f 1800/4/6 1801/4/6 1804/4/6
f 1803/3/6 1800/3/6 1804/3/6
f 1801/3/6 1802/3/6 1805/3/6
f 1804/4/6 1801/4/6 1805/4/6
f 1802/6/6 1798/6/6 1806/6/6
f 1805/3/6 1802/3/6 1806/3/6
f 1804/6/6 1805/6/6 1807/6/6
f 1805/4/6 1806/4/6 1807/4/6
f 1806/6/6 1798/6/6 1808/6/6
f 1807/4/6 1806/4/6 1808/4/6
f 1808/6/6 1798/6/6 1809/6/6
f 1807/5/6 1808/5/6 1810/5/6
f 1808/5/6 1809/5/6 1810/5/6
f 1810/5/6 1809/5/6 1811/5/6
f 1803/5/6 1804/5/6 1812/5/6
f 1804/6/6 1807/6/6 1813/6/6
f 1812/5/6 1804/5/6 1813/5/6
f 1807/5/6 1810/5/6 1814/5/6
f 1813/6/6 1807/6/6 1814/6/6
f 1810/7/6 1811/7/6 1815/7/6
f 1814/5/6 1810/5/6 1815/5/6
f 1815/7/6 1811/7/6 1816/7/6
f 1812/4/6 1813/4/6 1817/4/6
f 1813/6/6 1814/6/6 1817/6/6
f 1814/4/6 1815/4/6 1818/4/6
f 1817/6/6 1814/6/6 1818/6/6
f 1815/5/6 1816/5/6 1819/5/6
f 1818/4/6 1815/4/6 1819/4/6
f 1817/4/6 1818/4/6 1820/4/6
f 1812/4/6 1817/4/6 1820/4/6
f 1818/7/6 1819/7/6 1821/7/6
f 1820/4/6 1818/4/6 1821/4/6
f 1819/5/6 1816/5/6 1822/5/6
f 1821/7/6 1819/7/6 1822/7/6
f 1822/5/6 1816/5/6 1823/5/6
f 1820/5/6 1821/5/6 1824/5/6
f 1812/4/6 1820/4/6 1824/4/6
f 1821/5/6 1822/5/6 1824/5/6
f 1824/5/6 1822/5/6 1825/5/6
f 1822/7/6 1823/7/6 1826/7/6
f 1825/5/6 1822/5/6 1826/5/6
f 1826/7/6 1823/7/6 1827/7/6
f 1824/4/6 1825/4/6 1828/4/6
f 1812/4/6 1824/4/6 1828/4/6
f 1825/7/6 1826/7/6 1829/7/6
f 1828/4/6 1825/4/6 1829/4/6
f 1826/5/6 1827/5/6 1830/5/6
f 1829/7/6 1826/7/6 1830/7/6
f 1830/5/6 1827/5/6 1831/5/6
f 1828/6/6 1829/6/6 1832/6/6
f 1829/6/6 1830/6/6 1832/6/6
f 1830/6/6 1831/6/6 1832/6/6
f 1832/6/6 1831/6/6 1833/6/6
f 1812/4/6 1828/4/6 1834/4/6
f 1828/6/6 1832/6/6 1835/6/6
f 1834/4/6 1828/4/6 1835/4/6
f 1832/7/6 1833/7/6 1836/7/6
f 1835/6/6 1832/6/6 1836/6/6
f 1836/7/6 1833/7/6 1837/7/6
f 1837/7/6 1833/7/6 1838/7/6
f 1834/6/6 1835/6/6 1839/6/6
f 1835/7/6 1836/7/6 1840/7/6
f 1839/6/6 1835/6/6 1840/6/6
f 1836/6/6 1837/6/6 1841/6/6
f 1837/5/6 1838/5/6 1841/5/6
f 1841/5/6 1838/5/6 1842/5/6
f 1839/5/6 1840/5/6 1843/5/6
f 1840/7/6 1836/7/6 1844/7/6
f 1843/5/6 1840/5/6 1844/5/6
f 1836/6/6 1841/6/6 1845/6/6
f 1844/7/6 1836/7/6 1845/7/6
f 1841/6/6 1842/6/6 1845/6/6
f 1845/6/6 1842/6/6 1846/6/6
f 1846/6/6 1842/6/6 1847/6/6
f 1843/4/6 1844/4/6 1848/4/6
f 1844/6/6 1845/6/6 1849/6/6
f 1848/4/6 1844/4/6 1849/4/6
f 1845/6/6 1846/6/6 1849/6/6
f 1849/6/6 1846/6/6 1850/6/6
f 1846/5/6 1847/5/6 1851/5/6
f 1850/6/6 1846/6/6 1851/6/6
f 1851/5/6 1847/5/6 1852/5/6
f 1849/7/6 1850/7/6 1853/7/6
f 1850/6/6 1851/6/6 1853/6/6
f 1851/7/6 1852/7/6 1854/7/6
f 1853/6/6 1851/6/6 1854/6/6
f 1854/7/6 1852/7/6 1855/7/6
f 1848/6/6 1849/6/6 1856/6/6
f 1849/7/6 1853/7/6 1857/7/6
f 1856/6/6 1849/6/6 1857/6/6
f 1853/5/6 1854/5/6 1858/5/6
f 1857/7/6 1853/7/6 1858/7/6
f 1854/5/6 1855/5/6 1858/5/6
f 1858/5/6 1855/5/6 1859/5/6
f 1859/5/6 1855/5/6 1860/5/6
f 1857/5/6 1858/5/6 1861/5/6
f 1858/4/6 1859/4/6 1861/4/6
f 1859/6/6 1860/6/6 1862/6/6
f 1861/4/6 1859/4/6 1862/4/6
f 1862/6/6 1860/6/6 1863/6/6
f 1856/3/6 1857/3/6 1864/3/6
f 1857/5/6 1861/5/6 1865/5/6
f 1864/3/6 1857/3/6 1865/3/6
f 1861/6/6 1862/6/6 1866/6/6
f 1865/5/6 1861/5/6 1866/5/6
f 1862/7/6 1863/7/6 1867/7/6
f 1866/6/6 1862/6/6 1867/6/6
f 1867/7/6 1863/7/6 1868/7/6
f 1865/6/6 1866/6/6 1869/6/6
f 1866/5/6 1867/5/6 1869/5/6
f 1867/5/6 1868/5/6 1869/5/6
f 1869/5/6 1868/5/6 1870/5/6
f 1864/4/6 1865/4/6 1871/4/6
f 1865/6/6 1869/6/6 1872/6/6
f 1871/4/6 1865/4/6 1872/4/6
f 1869/4/6 1870/4/6 1873/4/6
f 1872/6/6 1869/6/6 1873/6/6
f 1873/4/6 1870/4/6 1874/4/6
f 1871/5/6 1872/5/6 1875/5/6
f 1872/5/6 1873/5/6 1875/5/6
f 1875/5/6 1873/5/6 1876/5/6
f 1873/6/6 1874/6/6 1877/6/6
f 1876/5/6 1873/5/6 1877/5/6
f 1874/4/6 1870/4/6 1878/4/6
f 1877/6/6 1874/6/6 1878/6/6
f 1878/4/6 1870/4/6 1879/4/6
f 1876/5/6 1877/5/6 1880/5/6
f 1875/4/6 1876/4/6 1880/4/6
f 1877/4/6 1878/4/6 1881/4/6
f 1880/5/6 1877/5/6 1881/5/6
f 1878/2/6 1879/2/6 1882/2/6
f 1881/4/6 1878/4/6 1882/4/6
f 1882/2/6 1879/2/6 1883/2/6
f 1875/4/6 1880/4/6 1884/4/6
f 1880/6/6 1881/6/6 1885/6/6
f 1884/4/6 1880/4/6 1885/4/6
f 1881/4/6 1882/4/6 1886/4/6
f 1885/6/6 1881/6/6 1886/6/6
f 1882/3/6 1883/3/6 1887/3/6
f 1886/4/6 1882/4/6 1887/4/6
f 1887/3/6 1883/3/6 1888/3/6
f 1884/3/6 1885/3/6 1889/3/6
f 1885/5/6 1886/5/6 1889/5/6
f 1886/5/6 1887/5/6 1889/5/6
f 1889/5/6 1887/5/6 1890/5/6
f 1887/4/6 1888/4/6 1891/4/6
f 1890/5/6 1887/5/6 1891/5/6
f 1891/4/6 1888/4/6 1892/4/6
f 1884/3/6 1889/3/6 1893/3/6
f 1889/6/6 1890/6/6 1894/6/6
f 1893/3/6 1889/3/6 1894/3/6
f 1890/4/6 1891/4/6 1895/4/6
f 1894/6/6 1890/6/6 1895/6/6
f 1891/2/6 1892/2/6 1896/2/6
f 1895/4/6 1891/4/6 1896/4/6
f 1896/2/6 1892/2/6 1897/2/6
f 1893/4/6 1894/4/6 1898/4/6
f 1894/5/6 1895/5/6 1899/5/6
f 1898/4/6 1894/4/6 1899/4/6
f 1895/6/6 1896/6/6 1900/6/6
f 1896/4/6 1897/4/6 1900/4/6
f 1900/4/6 1897/4/6 1901/4/6
f 1898/3/6 1899/3/6 1902/3/6
f 1899/5/6 1895/5/6 1903/5/6
f 1902/3/6 1899/3/6 1903/3/6
f 1895/6/6 1900/6/6 1904/6/6
f 1903/5/6 1895/5/6 1904/5/6
f 1900/3/6 1901/3/6 1905/3/6
f 1904/6/6 1900/6/6 1905/6/6
f 1905/3/6 1901/3/6 1906/3/6
f 1902/4/6 1903/4/6 1907/4/6
f 1903/5/6 1904/5/6 1908/5/6
f 1907/4/6 1903/4/6 1908/4/6
f 1904/4/6 1905/4/6 1909/4/6
f 1908/5/6 1904/5/6 1909/5/6
f 1905/4/6 1906/4/6 1909/4/6
f 1909/4/6 1906/4/6 1910/4/6
f 1910/4/6 1906/4/6 1911/4/6
f 1907/3/6 1908/3/6 1912/3/6
f 1908/6/6 1909/6/6 1913/6/6
f 1912/3/6 1908/3/6 1913/3/6
f 1912/4/6 1913/4/6 1914/4/6
f 1913/6/6 1909/6/6 1915/6/6
f 1914/4/6 1913/4/6 1915/4/6
f 1909/4/6 1910/4/6 1916/4/6
f 1915/6/6 1909/6/6 1916/6/6
f 1914/3/6 1915/3/6 1917/3/6
f 1915/5/6 1916/5/6 1918/5/6
f 1917/3/6 1915/3/6 1918/3/6
f 1916/4/6 1910/4/6 1919/4/6
f 1918/5/6 1916/5/6 1919/5/6
f 1910/3/6 1911/3/6 1920/3/6
f 1919/4/6 1910/4/6 1920/4/6
f 1920/3/6 1911/3/6 1921/3/6
f 1917/5/6 1918/5/6 1922/5/6
f 1918/5/6 1919/5/6 1922/5/6
f 1919/5/6 1920/5/6 1922/5/6
f 1922/5/6 1920/5/6 1923/5/6
f 1923/5/6 1920/5/6 1924/5/6
f 1920/1/6 1921/1/6 1925/1/6
f 1924/5/6 1920/5/6 1925/5/6
f 1925/1/6 1921/1/6 1926/1/6
f 1922/4/6 1923/4/6 1927/4/6
f 1923/5/6 1924/5/6 1928/5/6
f 1927/4/6 1923/4/6 1928/4/6
f 1924/6/6 1925/6/6 1929/6/6
f 1928/5/6 1924/5/6 1929/5/6
f 1925/2/6 1926/2/6 1930/2/6
f 1929/6/6 1925/6/6 1930/6/6
f 1927/5/6 1928/5/6 1931/5/6
f 1928/7/6 1929/7/6 1932/7/6
f 1931/5/6 1928/5/6 1932/5/6
f 1929/5/6 1930/5/6 1933/5/6
f 1932/7/6 1929/7/6 1933/7/6
f 1930/2/6 1926/2/6 1934/2/6
f 1933/5/6 1930/5/6 1934/5/6
f 1932/5/6 1933/5/6 1935/5/6
f 1931/4/6 1932/4/6 1935/4/6
f 1933/6/6 1934/6/6 1936/6/6
f 1935/5/6 1933/5/6 1936/5/6
f 1931/4/6 1935/4/6 1937/4/6
f 1935/6/6 1936/6/6 1938/6/6
f 1937/4/6 1935/4/6 1938/4/6
f 1936/6/6 1934/6/6 1939/6/6
f 1938/6/6 1936/6/6 1939/6/6
f 1934/2/6 1926/2/6 1940/2/6
f 1939/6/6 1934/6/6 1940/6/6
f 1940/2/6 1926/2/6 1941/2/6
f 1938/7/6 1939/7/6 1942/7/6
f 1939/6/6 1940/6/6 1942/6/6
f 1940/1/6 1941/1/6 1943/1/6
f 1942/6/6 1940/6/6 1943/6/6
f 1943/1/6 1941/1/6 1944/1/6
f 1937/6/6 1938/6/6 1945/6/6
f 1938/7/6 1942/7/6 1946/7/6
f 1945/6/6 1938/6/6 1946/6/6
f 1942/5/6 1943/5/6 1947/5/6
f 1946/7/6 1942/7/6 1947/7/6
f 1943/2/6 1944/2/6 1948/2/6
f 1947/5/6 1943/5/6 1948/5/6
f 1948/2/6 1944/2/6 1949/2/6
f 1945/5/6 1946/5/6 1950/5/6
f 1946/5/6 1947/5/6 1950/5/6
f 1947/5/6 1948/5/6 1950/5/6
f 1950/5/6 1948/5/6 1951/5/6
f 1948/1/6 1949/1/6 1952/1/6
f 1951/5/6 1948/5/6 1952/5/6
f 1952/1/6 1949/1/6 1953/1/6
f 1950/4/6 1951/4/6 1954/4/6
f 1951/7/6 1952/7/6 1955/7/6
f 1954/4/6 1951/4/6 1955/4/6
f 1954/5/6 1955/5/6 1956/5/6
f 1955/7/6 1952/7/6 1957/7/6
f 1956/5/6 1955/5/6 1957/5/6
f 1957/7/6 1952/7/6 1958/7/6
f 1952/4/6 1953/4/6 1959/4/6
f 1958/7/6 1952/7/6 1959/7/6
f 1959/4/6 1953/4/6 1960/4/6
f 1957/6/6 1958/6/6 1961/6/6
f 1956/6/6 1957/6/6 1961/6/6
f 1961/6/6 1958/6/6 1962/6/6
f 1958/7/6 1959/7/6 1963/7/6
f 1962/6/6 1958/6/6 1963/6/6
f 1959/3/6 1960/3/6 1964/3/6
f 1963/7/6 1959/7/6 1964/7/6
f 1962/6/6 1963/6/6 1965/6/6
f 1961/4/6 1962/4/6 1965/4/6
f 1963/6/6 1964/6/6 1965/6/6
f 1965/6/6 1964/6/6 1966/6/6
f 1964/3/6 1960/3/6 1967/3/6
f 1966/6/6 1964/6/6 1967/6/6
f 1967/3/6 1960/3/6 1968/3/6
f 1965/8/6 1966/8/6 1969/8/6
f 1961/4/6 1965/4/6 1969/4/6
f 1966/7/6 1967/7/6 1970/7/6
f 1969/8/6 1966/8/6 1970/8/6
f 1967/5/6 1968/5/6 1971/5/6
f 1970/7/6 1967/7/6 1971/7/6
f 1971/5/6 1968/5/6 1972/5/6
f 1961/4/6 1969/4/6 1973/4/6
f 1969/6/6 1970/6/6 1974/6/6
f 1973/4/6 1969/4/6 1974/4/6
f 1970/7/6 1971/7/6 1975/7/6
f 1974/6/6 1970/6/6 1975/6/6
f 1971/4/6 1972/4/6 1976/4/6
f 1975/7/6 1971/7/6 1976/7/6
f 1976/4/6 1972/4/6 1977/4/6
f 1973/5/6 1974/5/6 1978/5/6
f 1974/7/6 1975/7/6 1979/7/6
f 1978/5/6 1974/5/6 1979/5/6
f 1975/6/6 1976/6/6 1980/6/6
f 1979/7/6 1975/7/6 1980/7/6
f 1978/3/6 1979/3/6 1981/3/6
f 1979/8/6 1980/8/6 1981/8/6
f 1980/6/6 1976/6/6 1982/6/6
f 1981/8/6 1980/8/6 1982/8/6
f 1976/5/6 1977/5/6 1983/5/6
f 1982/6/6 1976/6/6 1983/6/6
f 1983/5/6 1977/5/6 1984/5/6
f 1978/3/6 1981/3/6 1985/3/6
f 1981/7/6 1982/7/6 1985/7/6
f 1982/4/6 1983/4/6 1986/4/6
f 1985/7/6 1982/7/6 1986/7/6
f 1983/3/6 1984/3/6 1987/3/6
f 1986/4/6 1983/4/6 1987/4/6
f 1985/8/6 1986/8/6 1988/8/6
f 1986/6/6 1987/6/6 1988/6/6
f 1987/3/6 1984/3/6 1989/3/6
f 1988/6/6 1987/6/6 1989/6/6
f 1985/8/6 1988/8/6 1990/8/6
f 1978/3/6 1985/3/6 1990/3/6
f 1988/4/6 1989/4/6 1991/4/6
f 1990/8/6 1988/8/6 1991/8/6
f 1989/3/6 1984/3/6 1992/3/6
f 1991/4/6 1989/4/6 1992/4/6
f 1992/3/6 1984/3/6 1993/3/6
f 1978/3/6 1990/3/6 1994/3/6
f 1990/7/6 1991/7/6 1995/7/6
f 1994/3/6 1990/3/6 1995/3/6
f 1991/4/6 1992/4/6 1996/4/6
f 1995/7/6 1991/7/6 1996/7/6
f 1992/2/6 1993/2/6 1997/2/6
f 1996/4/6 1992/4/6 1997/4/6
f 1997/2/6 1993/2/6 1998/2/6
f 1994/2/6 1995/2/6 1999/2/6
f 1995/6/6 1996/6/6 1999/6/6
f 1996/6/6 1997/6/6 1999/6/6
f 1999/6/6 1997/6/6 2000/6/6
f 1997/3/6 1998/3/6 2001/3/6
f 2000/6/6 1997/6/6 2001/6/6
f 2001/3/6 1998/3/6 2002/3/6
f 1999/7/6 2000/7/6 2003/7/6
f 1994/2/6 1999/2/6 2003/2/6
f 2000/6/6 2001/6/6 2004/6/6
f 2003/7/6 2000/7/6 2004/7/6
f 2001/1/6 2002/1/6 2005/1/6
f 2004/6/6 2001/6/6 2005/6/6
f 2005/1/6 2002/1/6 2006/1/6
f 1994/2/6 2003/2/6 2007/2/6
f 2003/8/6 2004/8/6 2008/8/6
f 2007/2/6 2003/2/6 2008/2/6
f 2004/6/6 2005/6/6 2009/6/6
f 2008/8/6 2004/8/6 2009/8/6
f 2005/3/6 2006/3/6 2010/3/6
f 2009/6/6 2005/6/6 2010/6/6
f 2007/1/6 2008/1/6 2011/1/6
f 2008/7/6 2009/7/6 2012/7/6
f 2011/1/6 2008/1/6 2012/1/6
f 2009/4/6 2010/4/6 2013/4/6
f 2012/7/6 2009/7/6 2013/7/6
f 2010/3/6 2006/3/6 2014/3/6
f 2013/4/6 2010/4/6 2014/4/6
f 2011/7/6 2012/7/6 2015/7/6
f 2012/6/6 2013/6/6 2016/6/6
f 2015/7/6 2012/7/6 2016/7/6
f 2013/2/6 2014/2/6 2017/2/6
f 2016/6/6 2013/6/6 2017/6/6
f 2014/3/6 2006/3/6 2018/3/6
f 2017/2/6 2014/2/6 2018/2/6
f 2018/3/6 2006/3/6 2019/3/6
f 2015/5/6 2016/5/6 2020/5/6
f 2016/8/6 2017/8/6 2021/8/6
f 2020/5/6 2016/5/6 2021/5/6
f 2017/1/6 2018/1/6 2022/1/6
f 2018/2/6 2019/2/6 2022/2/6
f 2022/2/6 2019/2/6 2023/2/6
f 2020/6/6 2021/6/6 2024/6/6
f 2021/8/6 2017/8/6 2025/8/6
f 2024/6/6 2021/6/6 2025/6/6
f 2017/1/6 2022/1/6 2026/1/6
f 2025/8/6 2017/8/6 2026/8/6
f 2022/1/6 2023/1/6 2026/1/6
f 2026/1/6 2023/1/6 2027/1/6
f 2024/5/6 2025/5/6 2028/5/6
f 2025/5/6 2026/5/6 2028/5/6
f 2028/5/6 2026/5/6 2029/5/6
f 2026/3/6 2027/3/6 2030/3/6
f 2029/5/6 2026/5/6 2030/5/6
f 2030/3/6 2027/3/6 2031/3/6
f 2031/3/6 2027/3/6 2032/3/6
f 2028/6/6 2029/6/6 2033/6/6
f 2029/3/6 2030/3/6 2034/3/6
f 2033/6/6 2029/6/6 2034/6/6
f 2030/1/6 2031/1/6 2035/1/6
f 2034/3/6 2030/3/6 2035/3/6
f 2031/4/6 2032/4/6 2036/4/6
f 2035/1/6 2031/1/6 2036/1/6
f 2036/4/6 2032/4/6 2037/4/6
f 2033/5/6 2034/5/6 2038/5/6
f 2034/4/6 2035/4/6 2039/4/6
f 2038/5/6 2034/5/6 2039/5/6
f 2035/1/6 2036/1/6 2040/1/6
f 2039/4/6 2035/4/6 2040/4/6
f 2036/5/6 2037/5/6 2041/5/6
f 2040/1/6 2036/1/6 2041/1/6
f 2041/5/6 2037/5/6 2042/5/6
f 2038/7/6 2039/7/6 2043/7/6
f 2039/3/6 2040/3/6 2044/3/6
f 2043/7/6 2039/7/6 2044/7/6
f 2040/1/6 2041/1/6 2045/1/6
f 2044/3/6 2040/3/6 2045/3/6
f 2041/3/6 2042/3/6 2046/3/6
f 2045/1/6 2041/1/6 2046/1/6
f 2043/5/6 2044/5/6 2047/5/6
f 2044/5/6 2045/5/6 2047/5/6
f 2047/5/6 2045/5/6 2048/5/6
f 2045/3/6 2046/3/6 2049/3/6
f 2048/5/6 2045/5/6 2049/5/6
f 2046/3/6 2042/3/6 2050/3/6
f 2049/3/6 2046/3/6 2050/3/6
f 2047/6/6 2048/6/6 2051/6/6
f 2048/4/6 2049/4/6 2052/4/6
f 2051/6/6 2048/6/6 2052/6/6
f 2049/2/6 2050/2/6 2053/2/6
f 2052/4/6 2049/4/6 2053/4/6
f 2050/3/6 2042/3/6 2054/3/6
f 2053/2/6 2050/2/6 2054/2/6
f 2051/7/6 2052/7/6 2055/7/6
f 2052/3/6 2053/3/6 2056/3/6
f 2055/7/6 2052/7/6 2056/7/6
f 2053/1/6 2054/1/6 2057/1/6
f 2056/3/6 2053/3/6 2057/3/6
f 2054/3/6 2042/3/6 2058/3/6
f 2057/1/6 2054/1/6 2058/1/6
f 2058/3/6 2042/3/6 2059/3/6
f 2056/3/6 2057/3/6 2060/3/6
f 2055/2/6 2056/2/6 2060/2/6
f 2057/7/6 2058/7/6 2061/7/6
f 2060/3/6 2057/3/6 2061/3/6
f 2058/4/6 2059/4/6 2062/4/6
f 2061/7/6 2058/7/6 2062/7/6
f 2062/4/6 2059/4/6 2063/4/6
f 2060/5/6 2061/5/6 2064/5/6
f 2061/6/6 2062/6/6 2064/6/6
f 2062/5/6 2063/5/6 2065/5/6
f 2064/6/6 2062/6/6 2065/6/6
f 2055/2/6 2060/2/6 2066/2/6
f 2060/5/6 2064/5/6 2066/5/6
f 2064/5/6 2065/5/6 2066/5/6
f 2066/5/6 2065/5/6 2067/5/6
f 2065/5/6 2063/5/6 2068/5/6
f 2067/5/6 2065/5/6 2068/5/6
f 2068/5/6 2063/5/6 2069/5/6
f 2066/1/6 2067/1/6 2070/1/6
f 2055/2/6 2066/2/6 2070/2/6
f 2067/6/6 2068/6/6 2071/6/6
f 2070/1/6 2067/1/6 2071/1/6
f 2055/2/6 2070/2/6 2072/2/6
f 2070/2/6 2071/2/6 2072/2/6
f 2072/2/6 2071/2/6 2073/2/6
f 2071/6/6 2068/6/6 2074/6/6
f 2073/2/6 2071/2/6 2074/2/6
f 2072/4/6 2073/4/6 2075/4/6
f 2073/1/6 2074/1/6 2076/1/6
f 2075/4/6 2073/4/6 2076/4/6
f 2074/6/6 2068/6/6 2077/6/6
f 2076/1/6 2074/1/6 2077/1/6
f 2068/4/6 2069/4/6 2078/4/6
f 2077/6/6 2068/6/6 2078/6/6
f 2078/4/6 2069/4/6 2079/4/6
f 2076/3/6 2077/3/6 2080/3/6
f 2075/2/6 2076/2/6 2080/2/6
f 2077/7/6 2078/7/6 2081/7/6
f 2080/3/6 2077/3/6 2081/3/6
f 2078/3/6 2079/3/6 2082/3/6
f 2081/7/6 2078/7/6 2082/7/6
f 2080/1/6 2081/1/6 2083/1/6
f 2081/5/6 2082/5/6 2083/5/6
f 2082/3/6 2079/3/6 2084/3/6
f 2083/5/6 2082/5/6 2084/5/6
f 2084/3/6 2079/3/6 2085/3/6
f 2075/2/6 2080/2/6 2086/2/6
f 2080/1/6 2083/1/6 2087/1/6
f 2086/2/6 2080/2/6 2087/2/6
f 2083/7/6 2084/7/6 2088/7/6
f 2087/1/6 2083/1/6 2088/1/6
f 2084/4/6 2085/4/6 2089/4/6
f 2088/7/6 2084/7/6 2089/7/6
f 2089/4/6 2085/4/6 2090/4/6
f 2086/4/6 2087/4/6 2091/4/6
f 2087/2/6 2088/2/6 2092/2/6
f 2091/4/6 2087/4/6 2092/4/6
f 2088/7/6 2089/7/6 2093/7/6
f 2092/2/6 2088/2/6 2093/2/6
f 2089/2/6 2090/2/6 2094/2/6
f 2093/7/6 2089/7/6 2094/7/6
f 2094/2/6 2090/2/6 2095/2/6
f 2091/5/6 2092/5/6 2096/5/6
f 2092/1/6 2093/1/6 2097/1/6
f 2096/5/6 2092/5/6 2097/5/6
f 2093/8/6 2094/8/6 2098/8/6
f 2097/1/6 2093/1/6 2098/1/6
f 2094/3/6 2095/3/6 2099/3/6
f 2098/8/6 2094/8/6 2099/8/6
f 2099/3/6 2095/3/6 2100/3/6
