# MagicaVoxel @ Ephtracy

# group
o wood-light-8x8

# material
mtllib beams-13-wood-light-8x8.mtl
usemtl palette

# normals
vn -1 0 0
vn 1 0 0
vn 0 0 1
vn 0 0 -1
vn 0 -1 0
vn 0 1 0

# texcoords
vt 0.251953 0.5
vt 0.255859 0.5
vt 0.259766 0.5
vt 0.263672 0.5
vt 0.267578 0.5
vt 0.271484 0.5
vt 0.275391 0.5
vt 0.279297 0.5

# verts
v -1.7 0.1 6.3
v -1.7 0.1 6.2
v -1.7 0.1 6.1
v -1.7 0.1 5.9
v -1.7 0.1 5.8
v -1.7 0.1 5.6
v -1.7 0.1 5.4
v -1.7 0.1 5.1
v -1.7 0.1 5
v -1.7 0.1 4.9
v -1.7 0.1 4.8
v -1.7 0.1 4.5
v -1.7 0.1 4.4
v -1.7 0.1 4.3
v -1.7 0.1 4.1
v -1.7 0.1 3.9
v -1.7 0.1 3.8
v -1.7 0.1 3.6
v -1.7 0.1 3.5
v -1.7 0.1 3.4
v -1.7 0.1 3.3
v -1.7 0.1 3.2
v -1.7 0.1 2.9
v -1.7 0.1 2.8
v -1.7 0.1 2.7
v -1.7 0.1 2.6
v -1.7 0.1 2.5
v -1.7 0.1 2.4
v -1.7 0.1 2.3
v -1.7 0.1 2.2
v -1.7 0.1 2.1
v -1.7 0.1 2
v -1.7 0.1 1.9
v -1.7 0.1 1.8
v -1.7 0.1 1.7
v -1.7 0.1 1.4
v -1.7 0.1 1.2
v -1.7 0.1 1.1
v -1.7 0.1 1
v -1.7 0.1 0.9
v -1.7 0.1 0.7
v -1.7 0.1 0.5
v -1.7 0.1 0.4
v -1.7 0.1 -0.3
v -1.7 0.1 -0.5
v -1.7 0.1 -0.6
v -1.7 0.1 -0.7
v -1.7 0.1 -0.8
v -1.7 0.1 -0.9
v -1.7 0.1 -1
v -1.7 0.1 -1.1
v -1.7 0.1 -1.2
v -1.7 0.1 -1.3
v -1.7 0.1 -1.5
v -1.7 0.1 -1.6
v -1.7 0.1 -1.7
v -1.7 0.1 -1.8
v -1.7 0.1 -2
v -1.7 0.1 -2.1
v -1.7 0.1 -2.3
v -1.7 0.1 -2.4
v -1.7 0.1 -2.5
v -1.7 0.1 -2.6
v -1.7 0.1 -2.7
v -1.7 0.1 -2.8
v -1.7 0.1 -2.9
v -1.7 0.1 -3.2
v -1.7 0.1 -3.5
v -1.7 0.1 -3.6
v -1.7 0.1 -3.7
v -1.7 0.1 -3.8
v -1.7 0.1 -3.9
v -1.7 0.1 -4.1
v -1.7 0.1 -4.3
v -1.7 0.1 -4.4
v -1.7 0.1 -4.5
v -1.7 0.1 -4.6
v -1.7 0.1 -4.7
v -1.7 0.1 -4.8
v -1.7 0.1 -4.9
v -1.7 0.1 -5
v -1.7 0.1 -5.1
v -1.7 0.1 -5.2
v -1.7 0.1 -5.5
v -1.7 0.1 -5.6
v -1.7 0.1 -5.7
v -1.7 0.1 -5.8
v -1.7 0.1 -5.9
v -1.7 0.1 -6
v -1.7 0.1 -6.1
v -1.7 0.1 -6.3
v -1.7 0.2 6.3
v -1.7 0.2 6.2
v -1.7 0.2 6.1
v -1.7 0.2 6
v -1.7 0.2 5.9
v -1.7 0.2 5.8
v -1.7 0.2 5.7
v -1.7 0.2 5.4
v -1.7 0.2 5.2
v -1.7 0.2 5.1
v -1.7 0.2 5
v -1.7 0.2 4.9
v -1.7 0.2 4.8
v -1.7 0.2 4.7
v -1.7 0.2 4.6
v -1.7 0.2 4.5
v -1.7 0.2 4.4
v -1.7 0.2 4.3
v -1.7 0.2 4.1
v -1.7 0.2 4
v -1.7 0.2 3.8
v -1.7 0.2 3.7
v -1.7 0.2 3.4
v -1.7 0.2 3.3
v -1.7 0.2 3.2
v -1.7 0.2 2.9
v -1.7 0.2 2.8
v -1.7 0.2 2.7
v -1.7 0.2 2.6
v -1.7 0.2 2.5
v -1.7 0.2 2.4
v -1.7 0.2 2.3
v -1.7 0.2 2.2
v -1.7 0.2 2
v -1.7 0.2 1.9
v -1.7 0.2 1.8
v -1.7 0.2 1.7
v -1.7 0.2 1.5
v -1.7 0.2 1.4
v -1.7 0.2 1.3
v -1.7 0.2 1.2
v -1.7 0.2 1.1
v -1.7 0.2 1
v -1.7 0.2 0.9
v -1.7 0.2 0.7
v -1.7 0.2 0.6
v -1.7 0.2 0.4
v -1.7 0.2 0.3
v -1.7 0.2 0.2
v -1.7 0.2 0
v -1.7 0.2 -0.1
v -1.7 0.2 -0.3
v -1.7 0.2 -0.5
v -1.7 0.2 -0.6
v -1.7 0.2 -0.7
v -1.7 0.2 -0.8
v -1.7 0.2 -0.9
v -1.7 0.2 -1
v -1.7 0.2 -1.1
v -1.7 0.2 -1.2
v -1.7 0.2 -1.3
v -1.7 0.2 -1.4
v -1.7 0.2 -1.5
v -1.7 0.2 -1.6
v -1.7 0.2 -1.7
v -1.7 0.2 -1.8
v -1.7 0.2 -2
v -1.7 0.2 -2.1
v -1.7 0.2 -2.2
v -1.7 0.2 -2.3
v -1.7 0.2 -2.4
v -1.7 0.2 -2.6
v -1.7 0.2 -2.7
v -1.7 0.2 -2.8
v -1.7 0.2 -2.9
v -1.7 0.2 -3
v -1.7 0.2 -3.1
v -1.7 0.2 -3.2
v -1.7 0.2 -3.4
v -1.7 0.2 -3.5
v -1.7 0.2 -3.6
v -1.7 0.2 -3.7
v -1.7 0.2 -3.8
v -1.7 0.2 -3.9
v -1.7 0.2 -4
v -1.7 0.2 -4.1
v -1.7 0.2 -4.2
v -1.7 0.2 -4.3
v -1.7 0.2 -4.4
v -1.7 0.2 -4.5
v -1.7 0.2 -4.6
v -1.7 0.2 -4.9
v -1.7 0.2 -5
v -1.7 0.2 -5.1
v -1.7 0.2 -5.2
v -1.7 0.2 -5.3
v -1.7 0.2 -5.4
v -1.7 0.2 -5.5
v -1.7 0.2 -5.6
v -1.7 0.2 -5.7
v -1.7 0.2 -5.8
v -1.7 0.2 -5.9
v -1.7 0.2 -6
v -1.7 0.2 -6.1
v -1.7 0.2 -6.3
v -1.7 0.3 6.2
v -1.7 0.3 6.1
v -1.7 0.3 6
v -1.7 0.3 5.9
v -1.7 0.3 5.7
v -1.7 0.3 5.6
v -1.7 0.3 5.5
v -1.7 0.3 5.4
v -1.7 0.3 5.3
v -1.7 0.3 5.2
v -1.7 0.3 4.9
v -1.7 0.3 4.8
v -1.7 0.3 4.7
v -1.7 0.3 4.6
v -1.7 0.3 4.5
v -1.7 0.3 4.4
v -1.7 0.3 4.2
v -1.7 0.3 4.1
v -1.7 0.3 4
v -1.7 0.3 3.9
v -1.7 0.3 3.8
v -1.7 0.3 3.7
v -1.7 0.3 3.4
v -1.7 0.3 3.2
v -1.7 0.3 3.1
v -1.7 0.3 2.9
v -1.7 0.3 2.8
v -1.7 0.3 2.7
v -1.7 0.3 2.6
v -1.7 0.3 2.5
v -1.7 0.3 2.4
v -1.7 0.3 2.3
v -1.7 0.3 2.2
v -1.7 0.3 1.9
v -1.7 0.3 1.8
v -1.7 0.3 1.7
v -1.7 0.3 1.6
v -1.7 0.3 1.5
v -1.7 0.3 1.4
v -1.7 0.3 1.3
v -1.7 0.3 1.2
v -1.7 0.3 1.1
v -1.7 0.3 1
v -1.7 0.3 0.9
v -1.7 0.3 0.8
v -1.7 0.3 0.6
v -1.7 0.3 0.5
v -1.7 0.3 0.4
v -1.7 0.3 0.3
v -1.7 0.3 0.2
v -1.7 0.3 0.1
v -1.7 0.3 0
v -1.7 0.3 -0.1
v -1.7 0.3 -0.2
v -1.7 0.3 -0.5
v -1.7 0.3 -0.6
v -1.7 0.3 -0.7
v -1.7 0.3 -0.8
v -1.7 0.3 -0.9
v -1.7 0.3 -1
v -1.7 0.3 -1.1
v -1.7 0.3 -1.2
v -1.7 0.3 -1.4
v -1.7 0.3 -1.5
v -1.7 0.3 -1.6
v -1.7 0.3 -1.7
v -1.7 0.3 -1.8
v -1.7 0.3 -1.9
v -1.7 0.3 -2
v -1.7 0.3 -2.1
v -1.7 0.3 -2.2
v -1.7 0.3 -2.3
v -1.7 0.3 -2.4
v -1.7 0.3 -2.5
v -1.7 0.3 -2.6
v -1.7 0.3 -2.8
v -1.7 0.3 -2.9
v -1.7 0.3 -3
v -1.7 0.3 -3.1
v -1.7 0.3 -3.2
v -1.7 0.3 -3.3
v -1.7 0.3 -3.4
v -1.7 0.3 -3.5
v -1.7 0.3 -3.6
v -1.7 0.3 -3.7
v -1.7 0.3 -3.8
v -1.7 0.3 -3.9
v -1.7 0.3 -4
v -1.7 0.3 -4.2
v -1.7 0.3 -4.3
v -1.7 0.3 -4.4
v -1.7 0.3 -4.6
v -1.7 0.3 -4.7
v -1.7 0.3 -4.8
v -1.7 0.3 -5
v -1.7 0.3 -5.1
v -1.7 0.3 -5.3
v -1.7 0.3 -5.4
v -1.7 0.3 -5.6
v -1.7 0.3 -5.8
v -1.7 0.3 -5.9
v -1.7 0.3 -6.1
v -1.7 0.3 -6.2
v -1.7 0.3 -6.3
v -1.7 0.4 6.2
v -1.7 0.4 6.1
v -1.7 0.4 6
v -1.7 0.4 5.9
v -1.7 0.4 5.8
v -1.7 0.4 5.7
v -1.7 0.4 5.5
v -1.7 0.4 5.4
v -1.7 0.4 5.3
v -1.7 0.4 5.2
v -1.7 0.4 5.1
v -1.7 0.4 5
v -1.7 0.4 4.9
v -1.7 0.4 4.8
v -1.7 0.4 4.7
v -1.7 0.4 4.6
v -1.7 0.4 4.5
v -1.7 0.4 4.4
v -1.7 0.4 4.3
v -1.7 0.4 4.2
v -1.7 0.4 4.1
v -1.7 0.4 4
v -1.7 0.4 3.9
v -1.7 0.4 3.8
v -1.7 0.4 3.7
v -1.7 0.4 3.6
v -1.7 0.4 3.5
v -1.7 0.4 3.4
v -1.7 0.4 3.2
v -1.7 0.4 3.1
v -1.7 0.4 2.9
v -1.7 0.4 2.8
v -1.7 0.4 2.7
v -1.7 0.4 2.6
v -1.7 0.4 2.5
v -1.7 0.4 2.4
v -1.7 0.4 2.3
v -1.7 0.4 2.2
v -1.7 0.4 2.1
v -1.7 0.4 2
v -1.7 0.4 1.9
v -1.7 0.4 1.8
v -1.7 0.4 1.7
v -1.7 0.4 1.6
v -1.7 0.4 1.5
v -1.7 0.4 1.4
v -1.7 0.4 1.3
v -1.7 0.4 1.2
v -1.7 0.4 1.1
v -1.7 0.4 1
v -1.7 0.4 0.8
v -1.7 0.4 0.6
v -1.7 0.4 0.5
v -1.7 0.4 0.4
v -1.7 0.4 0.3
v -1.7 0.4 0.2
v -1.7 0.4 0.1
v -1.7 0.4 0
v -1.7 0.4 -0.1
v -1.7 0.4 -0.2
v -1.7 0.4 -0.3
v -1.7 0.4 -0.4
v -1.7 0.4 -0.5
v -1.7 0.4 -0.6
v -1.7 0.4 -0.7
v -1.7 0.4 -1
v -1.7 0.4 -1.1
v -1.7 0.4 -1.2
v -1.7 0.4 -1.4
v -1.7 0.4 -1.5
v -1.7 0.4 -1.7
v -1.7 0.4 -1.8
v -1.7 0.4 -1.9
v -1.7 0.4 -2.2
v -1.7 0.4 -2.3
v -1.7 0.4 -2.5
v -1.7 0.4 -2.6
v -1.7 0.4 -2.7
v -1.7 0.4 -2.8
v -1.7 0.4 -2.9
v -1.7 0.4 -3
v -1.7 0.4 -3.1
v -1.7 0.4 -3.2
v -1.7 0.4 -3.3
v -1.7 0.4 -3.4
v -1.7 0.4 -3.5
v -1.7 0.4 -3.6
v -1.7 0.4 -3.7
v -1.7 0.4 -3.8
v -1.7 0.4 -3.9
v -1.7 0.4 -4
v -1.7 0.4 -4.1
v -1.7 0.4 -4.2
v -1.7 0.4 -4.4
v -1.7 0.4 -4.6
v -1.7 0.4 -4.7
v -1.7 0.4 -4.8
v -1.7 0.4 -5.1
v -1.7 0.4 -5.2
v -1.7 0.4 -5.3
v -1.7 0.4 -5.4
v -1.7 0.4 -5.6
v -1.7 0.4 -5.8
v -1.7 0.4 -5.9
v -1.7 0.4 -6.1
v -1.7 0.4 -6.2
v -1.7 0.4 -6.3
v -1.7 0.5 6.3
v -1.7 0.5 6.2
v -1.7 0.5 6.1
v -1.7 0.5 6
v -1.7 0.5 5.9
v -1.7 0.5 5.8
v -1.7 0.5 5.7
v -1.7 0.5 5.6
v -1.7 0.5 5.4
v -1.7 0.5 5.3
v -1.7 0.5 5.2
v -1.7 0.5 5.1
v -1.7 0.5 5
v -1.7 0.5 4.8
v -1.7 0.5 4.7
v -1.7 0.5 4.6
v -1.7 0.5 4.5
v -1.7 0.5 4.4
v -1.7 0.5 4.3
v -1.7 0.5 4.2
v -1.7 0.5 4.1
v -1.7 0.5 4
v -1.7 0.5 3.9
v -1.7 0.5 3.8
v -1.7 0.5 3.7
v -1.7 0.5 3.6
v -1.7 0.5 3.5
v -1.7 0.5 3.3
v -1.7 0.5 3.2
v -1.7 0.5 3.1
v -1.7 0.5 2.9
v -1.7 0.5 2.8
v -1.7 0.5 2.7
v -1.7 0.5 2.6
v -1.7 0.5 2.5
v -1.7 0.5 2.3
v -1.7 0.5 2.2
v -1.7 0.5 2.1
v -1.7 0.5 2
v -1.7 0.5 1.9
v -1.7 0.5 1.8
v -1.7 0.5 1.7
v -1.7 0.5 1.5
v -1.7 0.5 1.4
v -1.7 0.5 1.3
v -1.7 0.5 1.2
v -1.7 0.5 1.1
v -1.7 0.5 1
v -1.7 0.5 0.9
v -1.7 0.5 0.8
v -1.7 0.5 0.6
v -1.7 0.5 0.5
v -1.7 0.5 0.4
v -1.7 0.5 0
v -1.7 0.5 -0.1
v -1.7 0.5 -0.2
v -1.7 0.5 -0.3
v -1.7 0.5 -0.4
v -1.7 0.5 -0.5
v -1.7 0.5 -0.8
v -1.7 0.5 -0.9
v -1.7 0.5 -1
v -1.7 0.5 -1.1
v -1.7 0.5 -1.2
v -1.7 0.5 -1.4
v -1.7 0.5 -1.5
v -1.7 0.5 -1.8
v -1.7 0.5 -1.9
v -1.7 0.5 -2
v -1.7 0.5 -2.1
v -1.7 0.5 -2.3
v -1.7 0.5 -2.5
v -1.7 0.5 -2.6
v -1.7 0.5 -2.7
v -1.7 0.5 -2.8
v -1.7 0.5 -2.9
v -1.7 0.5 -3
v -1.7 0.5 -3.1
v -1.7 0.5 -3.2
v -1.7 0.5 -3.3
v -1.7 0.5 -3.4
v -1.7 0.5 -3.5
v -1.7 0.5 -3.6
v -1.7 0.5 -3.7
v -1.7 0.5 -3.9
v -1.7 0.5 -4
v -1.7 0.5 -4.1
v -1.7 0.5 -4.2
v -1.7 0.5 -4.3
v -1.7 0.5 -4.4
v -1.7 0.5 -4.5
v -1.7 0.5 -4.7
v -1.7 0.5 -4.9
v -1.7 0.5 -5.1
v -1.7 0.5 -5.2
v -1.7 0.5 -5.3
v -1.7 0.5 -5.4
v -1.7 0.5 -5.5
v -1.7 0.5 -5.7
v -1.7 0.5 -5.8
v -1.7 0.5 -5.9
v -1.7 0.5 -6
v -1.7 0.5 -6.1
v -1.7 0.5 -6.2
v -1.7 0.5 -6.3
v -1.7 0.6 6.3
v -1.7 0.6 6.2
v -1.7 0.6 6.1
v -1.7 0.6 6
v -1.7 0.6 5.9
v -1.7 0.6 5.8
v -1.7 0.6 5.7
v -1.7 0.6 5.6
v -1.7 0.6 5.5
v -1.7 0.6 5.4
v -1.7 0.6 5.3
v -1.7 0.6 5.2
v -1.7 0.6 5.1
v -1.7 0.6 4.9
v -1.7 0.6 4.8
v -1.7 0.6 4.7
v -1.7 0.6 4.6
v -1.7 0.6 4.5
v -1.7 0.6 4.4
v -1.7 0.6 4.1
v -1.7 0.6 4
v -1.7 0.6 3.9
v -1.7 0.6 3.8
v -1.7 0.6 3.7
v -1.7 0.6 3.5
v -1.7 0.6 3.4
v -1.7 0.6 3.3
v -1.7 0.6 3.2
v -1.7 0.6 3.1
v -1.7 0.6 3
v -1.7 0.6 2.9
v -1.7 0.6 2.8
v -1.7 0.6 2.7
v -1.7 0.6 2.6
v -1.7 0.6 2.5
v -1.7 0.6 2.3
v -1.7 0.6 2.2
v -1.7 0.6 2.1
v -1.7 0.6 2
v -1.7 0.6 1.9
v -1.7 0.6 1.7
v -1.7 0.6 1.6
v -1.7 0.6 1.5
v -1.7 0.6 1.4
v -1.7 0.6 1.1
v -1.7 0.6 1
v -1.7 0.6 0.9
v -1.7 0.6 0.7
v -1.7 0.6 0.6
v -1.7 0.6 0.5
v -1.7 0.6 0.4
v -1.7 0.6 0.3
v -1.7 0.6 0.2
v -1.7 0.6 0.1
v -1.7 0.6 -0.1
v -1.7 0.6 -0.2
v -1.7 0.6 -0.3
v -1.7 0.6 -0.4
v -1.7 0.6 -0.5
v -1.7 0.6 -0.6
v -1.7 0.6 -0.7
v -1.7 0.6 -0.8
v -1.7 0.6 -0.9
v -1.7 0.6 -1
v -1.7 0.6 -1.2
v -1.7 0.6 -1.3
v -1.7 0.6 -1.4
v -1.7 0.6 -1.5
v -1.7 0.6 -1.6
v -1.7 0.6 -1.8
v -1.7 0.6 -1.9
v -1.7 0.6 -2
v -1.7 0.6 -2.1
v -1.7 0.6 -2.2
v -1.7 0.6 -2.3
v -1.7 0.6 -2.4
v -1.7 0.6 -2.5
v -1.7 0.6 -2.8
v -1.7 0.6 -2.9
v -1.7 0.6 -3.1
v -1.7 0.6 -3.3
v -1.7 0.6 -3.4
v -1.7 0.6 -3.5
v -1.7 0.6 -3.6
v -1.7 0.6 -3.8
v -1.7 0.6 -3.9
v -1.7 0.6 -4
v -1.7 0.6 -4.1
v -1.7 0.6 -4.2
v -1.7 0.6 -4.3
v -1.7 0.6 -4.4
v -1.7 0.6 -4.5
v -1.7 0.6 -4.6
v -1.7 0.6 -4.7
v -1.7 0.6 -4.8
v -1.7 0.6 -4.9
v -1.7 0.6 -5.2
v -1.7 0.6 -5.3
v -1.7 0.6 -5.4
v -1.7 0.6 -5.5
v -1.7 0.6 -5.7
v -1.7 0.6 -5.8
v -1.7 0.6 -5.9
v -1.7 0.6 -6
v -1.7 0.6 -6.1
v -1.7 0.6 -6.2
v -1.7 0.6 -6.3
v -1.7 0.7 6.3
v -1.7 0.7 6.2
v -1.7 0.7 6.1
v -1.7 0.7 5.8
v -1.7 0.7 5.7
v -1.7 0.7 5.5
v -1.7 0.7 5.4
v -1.7 0.7 5.3
v -1.7 0.7 4.9
v -1.7 0.7 4.8
v -1.7 0.7 4.7
v -1.7 0.7 4.5
v -1.7 0.7 4.4
v -1.7 0.7 4.1
v -1.7 0.7 3.9
v -1.7 0.7 3.8
v -1.7 0.7 3.6
v -1.7 0.7 3.3
v -1.7 0.7 3.2
v -1.7 0.7 3.1
v -1.7 0.7 3
v -1.7 0.7 2.9
v -1.7 0.7 2.8
v -1.7 0.7 2.7
v -1.7 0.7 2.6
v -1.7 0.7 2.5
v -1.7 0.7 2.3
v -1.7 0.7 2.2
v -1.7 0.7 2.1
v -1.7 0.7 2
v -1.7 0.7 1.7
v -1.7 0.7 1.6
v -1.7 0.7 1.4
v -1.7 0.7 1.3
v -1.7 0.7 1.1
v -1.7 0.7 1
v -1.7 0.7 0.9
v -1.7 0.7 0.7
v -1.7 0.7 0.4
v -1.7 0.7 0.3
v -1.7 0.7 0.2
v -1.7 0.7 0.1
v -1.7 0.7 -0.2
v -1.7 0.7 -0.3
v -1.7 0.7 -0.4
v -1.7 0.7 -0.6
v -1.7 0.7 -0.7
v -1.7 0.7 -1.2
v -1.7 0.7 -1.3
v -1.7 0.7 -1.4
v -1.7 0.7 -1.5
v -1.7 0.7 -1.6
v -1.7 0.7 -1.8
v -1.7 0.7 -1.9
v -1.7 0.7 -2
v -1.7 0.7 -2.1
v -1.7 0.7 -2.2
v -1.7 0.7 -2.4
v -1.7 0.7 -2.8
v -1.7 0.7 -2.9
v -1.7 0.7 -3.1
v -1.7 0.7 -3.4
v -1.7 0.7 -3.5
v -1.7 0.7 -3.8
v -1.7 0.7 -3.9
v -1.7 0.7 -4.1
v -1.7 0.7 -4.2
v -1.7 0.7 -4.3
v -1.7 0.7 -4.4
v -1.7 0.7 -4.5
v -1.7 0.7 -4.6
v -1.7 0.7 -4.7
v -1.7 0.7 -4.8
v -1.7 0.7 -5.2
v -1.7 0.7 -5.3
v -1.7 0.7 -5.4
v -1.7 0.7 -5.7
v -1.7 0.7 -5.9
v -1.7 0.7 -6
v -1.7 0.7 -6.1
v -1.7 0.7 -6.2
v -1.7 0.7 -6.3
v -1.6 0 6.3
v -1.6 0 6.2
v -1.6 0 6
v -1.6 0 5.9
v -1.6 0 5.5
v -1.6 0 5.4
v -1.6 0 4.7
v -1.6 0 4.6
v -1.6 0 4.2
v -1.6 0 3.8
v -1.6 0 3.7
v -1.6 0 3.6
v -1.6 0 3.5
v -1.6 0 3.4
v -1.6 0 3.3
v -1.6 0 3.2
v -1.6 0 3.1
v -1.6 0 3
v -1.6 0 2.9
v -1.6 0 2.8
v -1.6 0 2.4
v -1.6 0 2.3
v -1.6 0 2.2
v -1.6 0 2
v -1.6 0 1.9
v -1.6 0 1.8
v -1.6 0 1.7
v -1.6 0 1.6
v -1.6 0 1.3
v -1.6 0 0.9
v -1.6 0 0.8
v -1.6 0 0.6
v -1.6 0 0.5
v -1.6 0 0.4
v -1.6 0 0.2
v -1.6 0 0.1
v -1.6 0 -0.1
v -1.6 0 -0.5
v -1.6 0 -0.6
v -1.6 0 -0.7
v -1.6 0 -0.8
v -1.6 0 -0.9
v -1.6 0 -1
v -1.6 0 -1.1
v -1.6 0 -1.3
v -1.6 0 -1.4
v -1.6 0 -1.5
v -1.6 0 -1.6
v -1.6 0 -1.8
v -1.6 0 -1.9
v -1.6 0 -2
v -1.6 0 -2.1
v -1.6 0 -2.6
v -1.6 0 -2.7
v -1.6 0 -2.8
v -1.6 0 -2.9
v -1.6 0 -3
v -1.6 0 -3.2
v -1.6 0 -3.3
v -1.6 0 -3.9
v -1.6 0 -4
v -1.6 0 -4.3
v -1.6 0 -4.4
v -1.6 0 -4.5
v -1.6 0 -4.7
v -1.6 0 -5
v -1.6 0 -5.2
v -1.6 0 -5.7
v -1.6 0 -5.8
v -1.6 0 -5.9
v -1.6 0 -6
v -1.6 0 -6.3
v -1.6 0.1 6.3
v -1.6 0.1 6.2
v -1.6 0.1 6.1
v -1.6 0.1 6
v -1.6 0.1 5.9
v -1.6 0.1 5.8
v -1.6 0.1 5.6
v -1.6 0.1 5.5
v -1.6 0.1 5.4
v -1.6 0.1 5.1
v -1.6 0.1 5
v -1.6 0.1 4.9
v -1.6 0.1 4.8
v -1.6 0.1 4.7
v -1.6 0.1 4.6
v -1.6 0.1 4.5
v -1.6 0.1 4.4
v -1.6 0.1 4.3
v -1.6 0.1 4.2
v -1.6 0.1 4.1
v -1.6 0.1 3.9
v -1.6 0.1 3.8
v -1.6 0.1 3.7
v -1.6 0.1 3.6
v -1.6 0.1 3.5
v -1.6 0.1 3.4
v -1.6 0.1 3.3
v -1.6 0.1 3.2
v -1.6 0.1 3.1
v -1.6 0.1 3
v -1.6 0.1 2.9
v -1.6 0.1 2.8
v -1.6 0.1 2.7
v -1.6 0.1 2.6
v -1.6 0.1 2.5
v -1.6 0.1 2.4
v -1.6 0.1 2.3
v -1.6 0.1 2.2
v -1.6 0.1 2.1
v -1.6 0.1 2
v -1.6 0.1 1.9
v -1.6 0.1 1.8
v -1.6 0.1 1.7
v -1.6 0.1 1.6
v -1.6 0.1 1.4
v -1.6 0.1 1.3
v -1.6 0.1 1.2
v -1.6 0.1 1.1
v -1.6 0.1 1
v -1.6 0.1 0.9
v -1.6 0.1 0.8
v -1.6 0.1 0.7
v -1.6 0.1 0.6
v -1.6 0.1 0.5
v -1.6 0.1 0.4
v -1.6 0.1 0.2
v -1.6 0.1 0.1
v -1.6 0.1 -0.1
v -1.6 0.1 -0.3
v -1.6 0.1 -0.5
v -1.6 0.1 -0.6
v -1.6 0.1 -0.7
v -1.6 0.1 -0.8
v -1.6 0.1 -0.9
v -1.6 0.1 -1
v -1.6 0.1 -1.1
v -1.6 0.1 -1.2
v -1.6 0.1 -1.3
v -1.6 0.1 -1.4
v -1.6 0.1 -1.5
v -1.6 0.1 -1.6
v -1.6 0.1 -1.7
v -1.6 0.1 -1.8
v -1.6 0.1 -1.9
v -1.6 0.1 -2
v -1.6 0.1 -2.1
v -1.6 0.1 -2.3
v -1.6 0.1 -2.4
v -1.6 0.1 -2.5
v -1.6 0.1 -2.6
v -1.6 0.1 -2.7
v -1.6 0.1 -2.8
v -1.6 0.1 -2.9
v -1.6 0.1 -3
v -1.6 0.1 -3.2
v -1.6 0.1 -3.3
v -1.6 0.1 -3.5
v -1.6 0.1 -3.6
v -1.6 0.1 -3.7
v -1.6 0.1 -3.8
v -1.6 0.1 -3.9
v -1.6 0.1 -4
v -1.6 0.1 -4.1
v -1.6 0.1 -4.3
v -1.6 0.1 -4.4
v -1.6 0.1 -4.5
v -1.6 0.1 -4.6
v -1.6 0.1 -4.7
v -1.6 0.1 -4.8
v -1.6 0.1 -4.9
v -1.6 0.1 -5
v -1.6 0.1 -5.1
v -1.6 0.1 -5.2
v -1.6 0.1 -5.5
v -1.6 0.1 -5.6
v -1.6 0.1 -5.7
v -1.6 0.1 -5.8
v -1.6 0.1 -5.9
v -1.6 0.1 -6
v -1.6 0.1 -6.1
v -1.6 0.1 -6.3
v -1.6 0.7 6.3
v -1.6 0.7 6.2
v -1.6 0.7 6.1
v -1.6 0.7 6
v -1.6 0.7 5.9
v -1.6 0.7 5.8
v -1.6 0.7 5.7
v -1.6 0.7 5.6
v -1.6 0.7 5.5
v -1.6 0.7 5.4
v -1.6 0.7 5.3
v -1.6 0.7 5.2
v -1.6 0.7 5
v -1.6 0.7 4.9
v -1.6 0.7 4.8
v -1.6 0.7 4.7
v -1.6 0.7 4.6
v -1.6 0.7 4.5
v -1.6 0.7 4.4
v -1.6 0.7 4.2
v -1.6 0.7 4.1
v -1.6 0.7 4
v -1.6 0.7 3.9
v -1.6 0.7 3.8
v -1.6 0.7 3.7
v -1.6 0.7 3.6
v -1.6 0.7 3.4
v -1.6 0.7 3.3
v -1.6 0.7 3.2
v -1.6 0.7 3.1
v -1.6 0.7 3
v -1.6 0.7 2.9
v -1.6 0.7 2.8
v -1.6 0.7 2.7
v -1.6 0.7 2.6
v -1.6 0.7 2.5
v -1.6 0.7 2.4
v -1.6 0.7 2.3
v -1.6 0.7 2.2
v -1.6 0.7 2.1
v -1.6 0.7 2
v -1.6 0.7 1.9
v -1.6 0.7 1.8
v -1.6 0.7 1.7
v -1.6 0.7 1.6
v -1.6 0.7 1.5
v -1.6 0.7 1.4
v -1.6 0.7 1.3
v -1.6 0.7 1.2
v -1.6 0.7 1.1
v -1.6 0.7 1
v -1.6 0.7 0.9
v -1.6 0.7 0.7
v -1.6 0.7 0.4
v -1.6 0.7 0.3
v -1.6 0.7 0.2
v -1.6 0.7 0.1
v -1.6 0.7 0
v -1.6 0.7 -0.1
v -1.6 0.7 -0.2
v -1.6 0.7 -0.3
v -1.6 0.7 -0.4
v -1.6 0.7 -0.6
v -1.6 0.7 -0.7
v -1.6 0.7 -0.8
v -1.6 0.7 -0.9
v -1.6 0.7 -1.2
v -1.6 0.7 -1.3
v -1.6 0.7 -1.4
v -1.6 0.7 -1.5
v -1.6 0.7 -1.6
v -1.6 0.7 -1.8
v -1.6 0.7 -1.9
v -1.6 0.7 -2
v -1.6 0.7 -2.1
v -1.6 0.7 -2.2
v -1.6 0.7 -2.3
v -1.6 0.7 -2.4
v -1.6 0.7 -2.6
v -1.6 0.7 -2.7
v -1.6 0.7 -2.8
v -1.6 0.7 -2.9
v -1.6 0.7 -3.1
v -1.6 0.7 -3.2
v -1.6 0.7 -3.4
v -1.6 0.7 -3.5
v -1.6 0.7 -3.6
v -1.6 0.7 -3.7
v -1.6 0.7 -3.8
v -1.6 0.7 -3.9
v -1.6 0.7 -4
v -1.6 0.7 -4.1
v -1.6 0.7 -4.2
v -1.6 0.7 -4.3
v -1.6 0.7 -4.4
v -1.6 0.7 -4.5
v -1.6 0.7 -4.6
v -1.6 0.7 -4.7
v -1.6 0.7 -4.8
v -1.6 0.7 -5.1
v -1.6 0.7 -5.2
v -1.6 0.7 -5.3
v -1.6 0.7 -5.4
v -1.6 0.7 -5.5
v -1.6 0.7 -5.6
v -1.6 0.7 -5.7
v -1.6 0.7 -5.9
v -1.6 0.7 -6
v -1.6 0.7 -6.1
v -1.6 0.7 -6.2
v -1.6 0.7 -6.3
v -1.6 0.8 6.3
v -1.6 0.8 6.2
v -1.6 0.8 6.1
v -1.6 0.8 6
v -1.6 0.8 5.9
v -1.6 0.8 5.8
v -1.6 0.8 5.7
v -1.6 0.8 5.6
v -1.6 0.8 5.5
v -1.6 0.8 5.3
v -1.6 0.8 5.2
v -1.6 0.8 5
v -1.6 0.8 4.9
v -1.6 0.8 4.8
v -1.6 0.8 4.7
v -1.6 0.8 4.6
v -1.6 0.8 4.5
v -1.6 0.8 4.4
v -1.6 0.8 4.2
v -1.6 0.8 4
v -1.6 0.8 3.7
v -1.6 0.8 3.6
v -1.6 0.8 3.4
v -1.6 0.8 3.1
v -1.6 0.8 3
v -1.6 0.8 2.9
v -1.6 0.8 2.8
v -1.6 0.8 2.6
v -1.6 0.8 2.4
v -1.6 0.8 2
v -1.6 0.8 1.9
v -1.6 0.8 1.8
v -1.6 0.8 1.6
v -1.6 0.8 1.5
v -1.6 0.8 1.4
v -1.6 0.8 1.2
v -1.6 0.8 1
v -1.6 0.8 0.1
v -1.6 0.8 0
v -1.6 0.8 -0.1
v -1.6 0.8 -0.2
v -1.6 0.8 -0.3
v -1.6 0.8 -0.4
v -1.6 0.8 -0.6
v -1.6 0.8 -0.8
v -1.6 0.8 -0.9
v -1.6 0.8 -1.2
v -1.6 0.8 -1.3
v -1.6 0.8 -1.4
v -1.6 0.8 -1.5
v -1.6 0.8 -1.8
v -1.6 0.8 -2
v -1.6 0.8 -2.1
v -1.6 0.8 -2.2
v -1.6 0.8 -2.3
v -1.6 0.8 -2.4
v -1.6 0.8 -2.6
v -1.6 0.8 -2.7
v -1.6 0.8 -2.8
v -1.6 0.8 -2.9
v -1.6 0.8 -3.1
v -1.6 0.8 -3.2
v -1.6 0.8 -3.5
v -1.6 0.8 -3.6
v -1.6 0.8 -3.7
v -1.6 0.8 -3.8
v -1.6 0.8 -4
v -1.6 0.8 -4.1
v -1.6 0.8 -4.2
v -1.6 0.8 -4.4
v -1.6 0.8 -4.5
v -1.6 0.8 -4.8
v -1.6 0.8 -5.1
v -1.6 0.8 -5.3
v -1.6 0.8 -5.5
v -1.6 0.8 -5.6
v -1.6 0.8 -5.9
v -1.6 0.8 -6.1
v -1.6 0.8 -6.2
v -1.6 0.8 -6.3
v -1 0 6.3
v -1 0 6.2
v -1 0 6.1
v -1 0 5.9
v -1 0 5.8
v -1 0 5.7
v -1 0 5.6
v -1 0 5.5
v -1 0 5.3
v -1 0 5.2
v -1 0 5.1
v -1 0 5
v -1 0 4.6
v -1 0 4.3
v -1 0 4.1
v -1 0 4
v -1 0 3.9
v -1 0 3.8
v -1 0 3.7
v -1 0 3.6
v -1 0 3.4
v -1 0 3.3
v -1 0 3.1
v -1 0 3
v -1 0 2.9
v -1 0 2.7
v -1 0 2.5
v -1 0 2.4
v -1 0 2.1
v -1 0 2
v -1 0 1.9
v -1 0 1.8
v -1 0 1.7
v -1 0 1.6
v -1 0 1.5
v -1 0 1.3
v -1 0 1.2
v -1 0 1
v -1 0 0.9
v -1 0 0.8
v -1 0 0.7
v -1 0 0.6
v -1 0 0.5
v -1 0 0.3
v -1 0 0.2
v -1 0 0
v -1 0 -0.3
v -1 0 -0.5
v -1 0 -0.6
v -1 0 -0.7
v -1 0 -0.8
v -1 0 -1
v -1 0 -1.1
v -1 0 -1.3
v -1 0 -1.5
v -1 0 -1.7
v -1 0 -1.8
v -1 0 -2.1
v -1 0 -2.2
v -1 0 -2.9
v -1 0 -3.2
v -1 0 -3.5
v -1 0 -3.6
v -1 0 -3.7
v -1 0 -3.8
v -1 0 -3.9
v -1 0 -4
v -1 0 -4.1
v -1 0 -4.2
v -1 0 -4.6
v -1 0 -4.8
v -1 0 -4.9
v -1 0 -5
v -1 0 -5.3
v -1 0 -5.4
v -1 0 -5.5
v -1 0 -5.6
v -1 0 -5.8
v -1 0 -6.1
v -1 0 -6.3
v -1 0.1 6.3
v -1 0.1 6.2
v -1 0.1 6.1
v -1 0.1 6
v -1 0.1 5.9
v -1 0.1 5.8
v -1 0.1 5.7
v -1 0.1 5.6
v -1 0.1 5.5
v -1 0.1 5.3
v -1 0.1 5.2
v -1 0.1 5.1
v -1 0.1 5
v -1 0.1 4.9
v -1 0.1 4.8
v -1 0.1 4.7
v -1 0.1 4.6
v -1 0.1 4.5
v -1 0.1 4.4
v -1 0.1 4.3
v -1 0.1 4.1
v -1 0.1 4
v -1 0.1 3.9
v -1 0.1 3.8
v -1 0.1 3.7
v -1 0.1 3.6
v -1 0.1 3.4
v -1 0.1 3.3
v -1 0.1 3.1
v -1 0.1 3
v -1 0.1 2.9
v -1 0.1 2.8
v -1 0.1 2.7
v -1 0.1 2.6
v -1 0.1 2.5
v -1 0.1 2.4
v -1 0.1 2.2
v -1 0.1 2.1
v -1 0.1 2
v -1 0.1 1.9
v -1 0.1 1.8
v -1 0.1 1.7
v -1 0.1 1.6
v -1 0.1 1.5
v -1 0.1 1.4
v -1 0.1 1.3
v -1 0.1 1.2
v -1 0.1 1.1
v -1 0.1 1
v -1 0.1 0.9
v -1 0.1 0.8
v -1 0.1 0.7
v -1 0.1 0.6
v -1 0.1 0.5
v -1 0.1 0.4
v -1 0.1 0.3
v -1 0.1 0.2
v -1 0.1 0
v -1 0.1 -0.2
v -1 0.1 -0.3
v -1 0.1 -0.5
v -1 0.1 -0.6
v -1 0.1 -0.7
v -1 0.1 -0.8
v -1 0.1 -1
v -1 0.1 -1.1
v -1 0.1 -1.2
v -1 0.1 -1.3
v -1 0.1 -1.5
v -1 0.1 -1.6
v -1 0.1 -1.7
v -1 0.1 -1.8
v -1 0.1 -1.9
v -1 0.1 -2.1
v -1 0.1 -2.2
v -1 0.1 -2.3
v -1 0.1 -2.6
v -1 0.1 -2.9
v -1 0.1 -3
v -1 0.1 -3.1
v -1 0.1 -3.2
v -1 0.1 -3.3
v -1 0.1 -3.4
v -1 0.1 -3.5
v -1 0.1 -3.6
v -1 0.1 -3.7
v -1 0.1 -3.8
v -1 0.1 -3.9
v -1 0.1 -4
v -1 0.1 -4.1
v -1 0.1 -4.2
v -1 0.1 -4.3
v -1 0.1 -4.4
v -1 0.1 -4.5
v -1 0.1 -4.6
v -1 0.1 -4.7
v -1 0.1 -4.8
v -1 0.1 -4.9
v -1 0.1 -5
v -1 0.1 -5.1
v -1 0.1 -5.3
v -1 0.1 -5.4
v -1 0.1 -5.5
v -1 0.1 -5.6
v -1 0.1 -5.8
v -1 0.1 -5.9
v -1 0.1 -6
v -1 0.1 -6.1
v -1 0.1 -6.2
v -1 0.1 -6.3
v -1 0.7 6.3
v -1 0.7 6.2
v -1 0.7 6.1
v -1 0.7 6
v -1 0.7 5.8
v -1 0.7 5.7
v -1 0.7 5.6
v -1 0.7 5.5
v -1 0.7 5.4
v -1 0.7 5.2
v -1 0.7 5.1
v -1 0.7 5
v -1 0.7 4.9
v -1 0.7 4.8
v -1 0.7 4.6
v -1 0.7 4.5
v -1 0.7 4.4
v -1 0.7 4.3
v -1 0.7 4.2
v -1 0.7 4.1
v -1 0.7 4
v -1 0.7 3.9
v -1 0.7 3.8
v -1 0.7 3.7
v -1 0.7 3.6
v -1 0.7 3.5
v -1 0.7 3.4
v -1 0.7 3.3
v -1 0.7 3.2
v -1 0.7 3
v -1 0.7 2.9
v -1 0.7 2.8
v -1 0.7 2.7
v -1 0.7 2.6
v -1 0.7 2.5
v -1 0.7 2.4
v -1 0.7 2.3
v -1 0.7 2.1
v -1 0.7 2
v -1 0.7 1.9
v -1 0.7 1.8
v -1 0.7 1.7
v -1 0.7 1.6
v -1 0.7 1.4
v -1 0.7 1.3
v -1 0.7 1.2
v -1 0.7 1.1
v -1 0.7 1
v -1 0.7 0.9
v -1 0.7 0.8
v -1 0.7 0.7
v -1 0.7 0.6
v -1 0.7 0.5
v -1 0.7 0.4
v -1 0.7 0.3
v -1 0.7 0.2
v -1 0.7 0.1
v -1 0.7 0
v -1 0.7 -0.1
v -1 0.7 -0.3
v -1 0.7 -0.4
v -1 0.7 -0.5
v -1 0.7 -0.7
v -1 0.7 -0.8
v -1 0.7 -0.9
v -1 0.7 -1
v -1 0.7 -1.1
v -1 0.7 -1.2
v -1 0.7 -1.3
v -1 0.7 -1.4
v -1 0.7 -1.6
v -1 0.7 -1.7
v -1 0.7 -1.8
v -1 0.7 -1.9
v -1 0.7 -2
v -1 0.7 -2.1
v -1 0.7 -2.2
v -1 0.7 -2.3
v -1 0.7 -2.4
v -1 0.7 -2.5
v -1 0.7 -2.6
v -1 0.7 -2.7
v -1 0.7 -2.8
v -1 0.7 -2.9
v -1 0.7 -3
v -1 0.7 -3.2
v -1 0.7 -3.4
v -1 0.7 -3.5
v -1 0.7 -3.6
v -1 0.7 -3.7
v -1 0.7 -3.8
v -1 0.7 -3.9
v -1 0.7 -4
v -1 0.7 -4.2
v -1 0.7 -4.3
v -1 0.7 -4.4
v -1 0.7 -4.5
v -1 0.7 -4.6
v -1 0.7 -4.7
v -1 0.7 -4.8
v -1 0.7 -4.9
v -1 0.7 -5
v -1 0.7 -5.1
v -1 0.7 -5.2
v -1 0.7 -5.3
v -1 0.7 -5.5
v -1 0.7 -5.6
v -1 0.7 -5.7
v -1 0.7 -5.8
v -1 0.7 -5.9
v -1 0.7 -6
v -1 0.7 -6.1
v -1 0.7 -6.2
v -1 0.7 -6.3
v -1 0.8 6.3
v -1 0.8 6.2
v -1 0.8 6.1
v -1 0.8 6
v -1 0.8 5.8
v -1 0.8 5.7
v -1 0.8 5.6
v -1 0.8 5.5
v -1 0.8 5.4
v -1 0.8 5.1
v -1 0.8 4.9
v -1 0.8 4.8
v -1 0.8 4.6
v -1 0.8 4.4
v -1 0.8 4.3
v -1 0.8 4.1
v -1 0.8 3.9
v -1 0.8 3.7
v -1 0.8 3.4
v -1 0.8 3.2
v -1 0.8 2.9
v -1 0.8 2.8
v -1 0.8 2.7
v -1 0.8 2.6
v -1 0.8 2.4
v -1 0.8 2.1
v -1 0.8 1.9
v -1 0.8 1.4
v -1 0.8 1.3
v -1 0.8 1.2
v -1 0.8 1.1
v -1 0.8 0.9
v -1 0.8 0.8
v -1 0.8 0.7
v -1 0.8 0.6
v -1 0.8 0.5
v -1 0.8 0.3
v -1 0.8 0.2
v -1 0.8 0.1
v -1 0.8 0
v -1 0.8 -0.3
v -1 0.8 -0.4
v -1 0.8 -0.5
v -1 0.8 -0.7
v -1 0.8 -0.9
v -1 0.8 -1
v -1 0.8 -1.1
v -1 0.8 -1.2
v -1 0.8 -1.3
v -1 0.8 -1.4
v -1 0.8 -1.7
v -1 0.8 -1.9
v -1 0.8 -2.1
v -1 0.8 -2.2
v -1 0.8 -2.3
v -1 0.8 -2.4
v -1 0.8 -2.5
v -1 0.8 -2.6
v -1 0.8 -2.8
v -1 0.8 -2.9
v -1 0.8 -3.7
v -1 0.8 -3.8
v -1 0.8 -3.9
v -1 0.8 -4
v -1 0.8 -4.3
v -1 0.8 -4.5
v -1 0.8 -4.6
v -1 0.8 -4.9
v -1 0.8 -5
v -1 0.8 -5.1
v -1 0.8 -5.2
v -1 0.8 -5.3
v -1 0.8 -5.5
v -1 0.8 -5.6
v -1 0.8 -5.7
v -1 0.8 -5.8
v -1 0.8 -5.9
v -1 0.8 -6
v -1 0.8 -6.1
v -1 0.8 -6.3
v -0.9 0.1 6.3
v -0.9 0.1 6.2
v -0.9 0.1 6.1
v -0.9 0.1 6
v -0.9 0.1 5.9
v -0.9 0.1 5.8
v -0.9 0.1 5.7
v -0.9 0.1 5.6
v -0.9 0.1 5.5
v -0.9 0.1 5.3
v -0.9 0.1 5.1
v -0.9 0.1 4.9
v -0.9 0.1 4.8
v -0.9 0.1 4.7
v -0.9 0.1 4.5
v -0.9 0.1 4.4
v -0.9 0.1 4.3
v -0.9 0.1 4
v -0.9 0.1 3.9
v -0.9 0.1 3.6
v -0.9 0.1 3.4
v -0.9 0.1 3.3
v -0.9 0.1 3
v -0.9 0.1 2.9
v -0.9 0.1 2.8
v -0.9 0.1 2.7
v -0.9 0.1 2.6
v -0.9 0.1 2.5
v -0.9 0.1 2.4
v -0.9 0.1 2.2
v -0.9 0.1 2.1
v -0.9 0.1 2
v -0.9 0.1 1.9
v -0.9 0.1 1.8
v -0.9 0.1 1.7
v -0.9 0.1 1.4
v -0.9 0.1 1.3
v -0.9 0.1 1.2
v -0.9 0.1 1.1
v -0.9 0.1 0.9
v -0.9 0.1 0.8
v -0.9 0.1 0.7
v -0.9 0.1 0.5
v -0.9 0.1 0.4
v -0.9 0.1 0.3
v -0.9 0.1 0.2
v -0.9 0.1 0
v -0.9 0.1 -0.2
v -0.9 0.1 -0.3
v -0.9 0.1 -0.5
v -0.9 0.1 -0.6
v -0.9 0.1 -0.8
v -0.9 0.1 -1.2
v -0.9 0.1 -1.6
v -0.9 0.1 -1.8
v -0.9 0.1 -1.9
v -0.9 0.1 -2.2
v -0.9 0.1 -2.3
v -0.9 0.1 -2.6
v -0.9 0.1 -2.9
v -0.9 0.1 -3
v -0.9 0.1 -3.1
v -0.9 0.1 -3.2
v -0.9 0.1 -3.3
v -0.9 0.1 -3.4
v -0.9 0.1 -3.5
v -0.9 0.1 -3.6
v -0.9 0.1 -3.7
v -0.9 0.1 -3.9
v -0.9 0.1 -4.1
v -0.9 0.1 -4.2
v -0.9 0.1 -4.3
v -0.9 0.1 -4.4
v -0.9 0.1 -4.5
v -0.9 0.1 -4.6
v -0.9 0.1 -4.7
v -0.9 0.1 -4.9
v -0.9 0.1 -5
v -0.9 0.1 -5.1
v -0.9 0.1 -5.3
v -0.9 0.1 -5.5
v -0.9 0.1 -5.6
v -0.9 0.1 -5.8
v -0.9 0.1 -5.9
v -0.9 0.1 -6
v -0.9 0.1 -6.2
v -0.9 0.1 -6.3
v -0.9 0.2 6.3
v -0.9 0.2 6.2
v -0.9 0.2 6.1
v -0.9 0.2 6
v -0.9 0.2 5.9
v -0.9 0.2 5.8
v -0.9 0.2 5.7
v -0.9 0.2 5.6
v -0.9 0.2 5.5
v -0.9 0.2 5.4
v -0.9 0.2 5.3
v -0.9 0.2 5.2
v -0.9 0.2 5.1
v -0.9 0.2 5
v -0.9 0.2 4.9
v -0.9 0.2 4.8
v -0.9 0.2 4.7
v -0.9 0.2 4.6
v -0.9 0.2 4.5
v -0.9 0.2 4.4
v -0.9 0.2 4.3
v -0.9 0.2 4
v -0.9 0.2 3.9
v -0.9 0.2 3.8
v -0.9 0.2 3.6
v -0.9 0.2 3.5
v -0.9 0.2 3.4
v -0.9 0.2 3.3
v -0.9 0.2 3.2
v -0.9 0.2 3
v -0.9 0.2 2.9
v -0.9 0.2 2.8
v -0.9 0.2 2.7
v -0.9 0.2 2.6
v -0.9 0.2 2.5
v -0.9 0.2 2.4
v -0.9 0.2 2.2
v -0.9 0.2 2.1
v -0.9 0.2 2
v -0.9 0.2 1.9
v -0.9 0.2 1.8
v -0.9 0.2 1.7
v -0.9 0.2 1.6
v -0.9 0.2 1.5
v -0.9 0.2 1.4
v -0.9 0.2 1.3
v -0.9 0.2 1.2
v -0.9 0.2 1.1
v -0.9 0.2 1
v -0.9 0.2 0.9
v -0.9 0.2 0.8
v -0.9 0.2 0.7
v -0.9 0.2 0.6
v -0.9 0.2 0.5
v -0.9 0.2 0.4
v -0.9 0.2 0.3
v -0.9 0.2 0.2
v -0.9 0.2 0.1
v -0.9 0.2 0
v -0.9 0.2 -0.1
v -0.9 0.2 -0.2
v -0.9 0.2 -0.3
v -0.9 0.2 -0.4
v -0.9 0.2 -0.5
v -0.9 0.2 -0.6
v -0.9 0.2 -0.7
v -0.9 0.2 -1
v -0.9 0.2 -1.2
v -0.9 0.2 -1.4
v -0.9 0.2 -1.5
v -0.9 0.2 -1.6
v -0.9 0.2 -1.7
v -0.9 0.2 -1.8
v -0.9 0.2 -1.9
v -0.9 0.2 -2.1
v -0.9 0.2 -2.2
v -0.9 0.2 -2.3
v -0.9 0.2 -2.4
v -0.9 0.2 -2.5
v -0.9 0.2 -2.6
v -0.9 0.2 -2.7
v -0.9 0.2 -2.8
v -0.9 0.2 -2.9
v -0.9 0.2 -3
v -0.9 0.2 -3.1
v -0.9 0.2 -3.2
v -0.9 0.2 -3.3
v -0.9 0.2 -3.4
v -0.9 0.2 -3.5
v -0.9 0.2 -3.6
v -0.9 0.2 -3.8
v -0.9 0.2 -3.9
v -0.9 0.2 -4
v -0.9 0.2 -4.1
v -0.9 0.2 -4.2
v -0.9 0.2 -4.3
v -0.9 0.2 -4.4
v -0.9 0.2 -4.5
v -0.9 0.2 -4.6
v -0.9 0.2 -4.7
v -0.9 0.2 -4.8
v -0.9 0.2 -4.9
v -0.9 0.2 -5
v -0.9 0.2 -5.1
v -0.9 0.2 -5.3
v -0.9 0.2 -5.4
v -0.9 0.2 -5.5
v -0.9 0.2 -5.6
v -0.9 0.2 -5.8
v -0.9 0.2 -5.9
v -0.9 0.2 -6
v -0.9 0.2 -6.2
v -0.9 0.2 -6.3
v -0.9 0.3 6.3
v -0.9 0.3 6.1
v -0.9 0.3 6
v -0.9 0.3 5.9
v -0.9 0.3 5.8
v -0.9 0.3 5.7
v -0.9 0.3 5.6
v -0.9 0.3 5.5
v -0.9 0.3 5.4
v -0.9 0.3 5.3
v -0.9 0.3 5.2
v -0.9 0.3 5.1
v -0.9 0.3 5
v -0.9 0.3 4.9
v -0.9 0.3 4.8
v -0.9 0.3 4.7
v -0.9 0.3 4.6
v -0.9 0.3 4.5
v -0.9 0.3 4.3
v -0.9 0.3 4.2
v -0.9 0.3 4
v -0.9 0.3 3.9
v -0.9 0.3 3.7
v -0.9 0.3 3.6
v -0.9 0.3 3.5
v -0.9 0.3 3.4
v -0.9 0.3 3.3
v -0.9 0.3 3.2
v -0.9 0.3 3.1
v -0.9 0.3 2.9
v -0.9 0.3 2.8
v -0.9 0.3 2.7
v -0.9 0.3 2.4
v -0.9 0.3 2.3
v -0.9 0.3 2.2
v -0.9 0.3 2.1
v -0.9 0.3 2
v -0.9 0.3 1.9
v -0.9 0.3 1.8
v -0.9 0.3 1.7
v -0.9 0.3 1.6
v -0.9 0.3 1.5
v -0.9 0.3 1.4
v -0.9 0.3 1.3
v -0.9 0.3 1.2
v -0.9 0.3 1
v -0.9 0.3 0.9
v -0.9 0.3 0.8
v -0.9 0.3 0.7
v -0.9 0.3 0.6
v -0.9 0.3 0.5
v -0.9 0.3 0.4
v -0.9 0.3 0.3
v -0.9 0.3 0.2
v -0.9 0.3 0.1
v -0.9 0.3 -0.1
v -0.9 0.3 -0.2
v -0.9 0.3 -0.3
v -0.9 0.3 -0.4
v -0.9 0.3 -0.5
v -0.9 0.3 -0.7
v -0.9 0.3 -0.8
v -0.9 0.3 -1
v -0.9 0.3 -1.2
v -0.9 0.3 -1.3
v -0.9 0.3 -1.4
v -0.9 0.3 -1.5
v -0.9 0.3 -1.8
v -0.9 0.3 -2.1
v -0.9 0.3 -2.2
v -0.9 0.3 -2.3
v -0.9 0.3 -2.4
v -0.9 0.3 -2.5
v -0.9 0.3 -2.6
v -0.9 0.3 -2.7
v -0.9 0.3 -2.8
v -0.9 0.3 -2.9
v -0.9 0.3 -3
v -0.9 0.3 -3.1
v -0.9 0.3 -3.4
v -0.9 0.3 -3.5
v -0.9 0.3 -3.6
v -0.9 0.3 -3.7
v -0.9 0.3 -3.8
v -0.9 0.3 -3.9
v -0.9 0.3 -4
v -0.9 0.3 -4.1
v -0.9 0.3 -4.2
v -0.9 0.3 -4.3
v -0.9 0.3 -4.4
v -0.9 0.3 -4.5
v -0.9 0.3 -4.6
v -0.9 0.3 -4.7
v -0.9 0.3 -4.8
v -0.9 0.3 -4.9
v -0.9 0.3 -5
v -0.9 0.3 -5.1
v -0.9 0.3 -5.2
v -0.9 0.3 -5.3
v -0.9 0.3 -5.4
v -0.9 0.3 -5.5
v -0.9 0.3 -5.6
v -0.9 0.3 -5.7
v -0.9 0.3 -6
v -0.9 0.3 -6.2
v -0.9 0.3 -6.3
v -0.9 0.4 6.2
v -0.9 0.4 6.1
v -0.9 0.4 5.8
v -0.9 0.4 5.7
v -0.9 0.4 5.6
v -0.9 0.4 5.5
v -0.9 0.4 5.4
v -0.9 0.4 5.3
v -0.9 0.4 5.2
v -0.9 0.4 5.1
v -0.9 0.4 5
v -0.9 0.4 4.9
v -0.9 0.4 4.8
v -0.9 0.4 4.7
v -0.9 0.4 4.6
v -0.9 0.4 4.2
v -0.9 0.4 4.1
v -0.9 0.4 3.7
v -0.9 0.4 3.6
v -0.9 0.4 3.5
v -0.9 0.4 3.4
v -0.9 0.4 3.3
v -0.9 0.4 3.2
v -0.9 0.4 3
v -0.9 0.4 2.9
v -0.9 0.4 2.8
v -0.9 0.4 2.7
v -0.9 0.4 2.5
v -0.9 0.4 2.4
v -0.9 0.4 2.3
v -0.9 0.4 2.1
v -0.9 0.4 2
v -0.9 0.4 1.9
v -0.9 0.4 1.7
v -0.9 0.4 1.6
v -0.9 0.4 1.5
v -0.9 0.4 1.4
v -0.9 0.4 1.3
v -0.9 0.4 1.2
v -0.9 0.4 1.1
v -0.9 0.4 1
v -0.9 0.4 0.9
v -0.9 0.4 0.8
v -0.9 0.4 0.7
v -0.9 0.4 0.5
v -0.9 0.4 0.4
v -0.9 0.4 0.3
v -0.9 0.4 0.2
v -0.9 0.4 0.1
v -0.9 0.4 -0.1
v -0.9 0.4 -0.2
v -0.9 0.4 -0.3
v -0.9 0.4 -0.5
v -0.9 0.4 -0.6
v -0.9 0.4 -0.7
v -0.9 0.4 -0.8
v -0.9 0.4 -0.9
v -0.9 0.4 -1
v -0.9 0.4 -1.1
v -0.9 0.4 -1.2
v -0.9 0.4 -1.3
v -0.9 0.4 -1.4
v -0.9 0.4 -1.5
v -0.9 0.4 -1.8
v -0.9 0.4 -1.9
v -0.9 0.4 -2
v -0.9 0.4 -2.1
v -0.9 0.4 -2.3
v -0.9 0.4 -2.6
v -0.9 0.4 -2.7
v -0.9 0.4 -2.8
v -0.9 0.4 -2.9
v -0.9 0.4 -3
v -0.9 0.4 -3.1
v -0.9 0.4 -3.2
v -0.9 0.4 -3.3
v -0.9 0.4 -3.4
v -0.9 0.4 -3.5
v -0.9 0.4 -3.6
v -0.9 0.4 -3.7
v -0.9 0.4 -3.9
v -0.9 0.4 -4.2
v -0.9 0.4 -4.3
v -0.9 0.4 -4.4
v -0.9 0.4 -4.5
v -0.9 0.4 -4.6
v -0.9 0.4 -4.7
v -0.9 0.4 -4.9
v -0.9 0.4 -5
v -0.9 0.4 -5.1
v -0.9 0.4 -5.2
v -0.9 0.4 -5.4
v -0.9 0.4 -5.5
v -0.9 0.4 -5.7
v -0.9 0.4 -5.8
v -0.9 0.4 -5.9
v -0.9 0.4 -6
v -0.9 0.4 -6.1
v -0.9 0.4 -6.2
v -0.9 0.5 6.3
v -0.9 0.5 6.2
v -0.9 0.5 6.1
v -0.9 0.5 6
v -0.9 0.5 5.9
v -0.9 0.5 5.8
v -0.9 0.5 5.7
v -0.9 0.5 5.6
v -0.9 0.5 5.5
v -0.9 0.5 5.4
v -0.9 0.5 5.3
v -0.9 0.5 5
v -0.9 0.5 4.9
v -0.9 0.5 4.8
v -0.9 0.5 4.7
v -0.9 0.5 4.6
v -0.9 0.5 4.5
v -0.9 0.5 4.3
v -0.9 0.5 4.1
v -0.9 0.5 4
v -0.9 0.5 3.7
v -0.9 0.5 3.5
v -0.9 0.5 3.3
v -0.9 0.5 3.2
v -0.9 0.5 3.1
v -0.9 0.5 3
v -0.9 0.5 2.9
v -0.9 0.5 2.6
v -0.9 0.5 2.5
v -0.9 0.5 2.4
v -0.9 0.5 2.3
v -0.9 0.5 2.2
v -0.9 0.5 2
v -0.9 0.5 1.7
v -0.9 0.5 1.6
v -0.9 0.5 1.4
v -0.9 0.5 1.3
v -0.9 0.5 1.2
v -0.9 0.5 1.1
v -0.9 0.5 1
v -0.9 0.5 0.9
v -0.9 0.5 0.8
v -0.9 0.5 0.7
v -0.9 0.5 0.5
v -0.9 0.5 0.4
v -0.9 0.5 0.3
v -0.9 0.5 0.2
v -0.9 0.5 0.1
v -0.9 0.5 0
v -0.9 0.5 -0.3
v -0.9 0.5 -0.4
v -0.9 0.5 -0.5
v -0.9 0.5 -0.6
v -0.9 0.5 -0.7
v -0.9 0.5 -0.8
v -0.9 0.5 -0.9
v -0.9 0.5 -1.1
v -0.9 0.5 -1.2
v -0.9 0.5 -1.3
v -0.9 0.5 -1.4
v -0.9 0.5 -1.6
v -0.9 0.5 -1.8
v -0.9 0.5 -1.9
v -0.9 0.5 -2
v -0.9 0.5 -2.3
v -0.9 0.5 -2.5
v -0.9 0.5 -2.6
v -0.9 0.5 -2.7
v -0.9 0.5 -2.8
v -0.9 0.5 -2.9
v -0.9 0.5 -3
v -0.9 0.5 -3.1
v -0.9 0.5 -3.2
v -0.9 0.5 -3.5
v -0.9 0.5 -3.8
v -0.9 0.5 -3.9
v -0.9 0.5 -4
v -0.9 0.5 -4.1
v -0.9 0.5 -4.3
v -0.9 0.5 -4.4
v -0.9 0.5 -4.6
v -0.9 0.5 -4.7
v -0.9 0.5 -5
v -0.9 0.5 -5.1
v -0.9 0.5 -5.2
v -0.9 0.5 -5.3
v -0.9 0.5 -5.4
v -0.9 0.5 -5.5
v -0.9 0.5 -5.7
v -0.9 0.5 -5.8
v -0.9 0.5 -5.9
v -0.9 0.5 -6
v -0.9 0.5 -6.1
v -0.9 0.5 -6.2
v -0.9 0.6 6.1
v -0.9 0.6 6
v -0.9 0.6 5.9
v -0.9 0.6 5.7
v -0.9 0.6 5.6
v -0.9 0.6 5.5
v -0.9 0.6 5.4
v -0.9 0.6 5.2
v -0.9 0.6 5.1
v -0.9 0.6 5
v -0.9 0.6 4.9
v -0.9 0.6 4.8
v -0.9 0.6 4.7
v -0.9 0.6 4.5
v -0.9 0.6 4.3
v -0.9 0.6 4.2
v -0.9 0.6 4.1
v -0.9 0.6 4
v -0.9 0.6 3.9
v -0.9 0.6 3.8
v -0.9 0.6 3.6
v -0.9 0.6 3.5
v -0.9 0.6 3.4
v -0.9 0.6 3.3
v -0.9 0.6 3.2
v -0.9 0.6 3
v -0.9 0.6 2.9
v -0.9 0.6 2.8
v -0.9 0.6 2.6
v -0.9 0.6 2.5
v -0.9 0.6 2.4
v -0.9 0.6 2.3
v -0.9 0.6 2.2
v -0.9 0.6 2
v -0.9 0.6 1.9
v -0.9 0.6 1.8
v -0.9 0.6 1.7
v -0.9 0.6 1.6
v -0.9 0.6 1.5
v -0.9 0.6 1.4
v -0.9 0.6 1.3
v -0.9 0.6 1.2
v -0.9 0.6 1
v -0.9 0.6 0.9
v -0.9 0.6 0.8
v -0.9 0.6 0.7
v -0.9 0.6 0.6
v -0.9 0.6 0.5
v -0.9 0.6 0.4
v -0.9 0.6 0.3
v -0.9 0.6 0.2
v -0.9 0.6 0.1
v -0.9 0.6 0
v -0.9 0.6 -0.1
v -0.9 0.6 -0.3
v -0.9 0.6 -0.4
v -0.9 0.6 -0.5
v -0.9 0.6 -0.6
v -0.9 0.6 -0.7
v -0.9 0.6 -0.8
v -0.9 0.6 -1.1
v -0.9 0.6 -1.3
v -0.9 0.6 -1.4
v -0.9 0.6 -1.6
v -0.9 0.6 -1.7
v -0.9 0.6 -1.8
v -0.9 0.6 -1.9
v -0.9 0.6 -2
v -0.9 0.6 -2.3
v -0.9 0.6 -2.4
v -0.9 0.6 -2.5
v -0.9 0.6 -2.6
v -0.9 0.6 -2.7
v -0.9 0.6 -2.8
v -0.9 0.6 -2.9
v -0.9 0.6 -3
v -0.9 0.6 -3.1
v -0.9 0.6 -3.2
v -0.9 0.6 -3.3
v -0.9 0.6 -3.4
v -0.9 0.6 -3.5
v -0.9 0.6 -3.6
v -0.9 0.6 -3.7
v -0.9 0.6 -3.8
v -0.9 0.6 -4
v -0.9 0.6 -4.2
v -0.9 0.6 -4.3
v -0.9 0.6 -4.4
v -0.9 0.6 -4.5
v -0.9 0.6 -4.7
v -0.9 0.6 -4.8
v -0.9 0.6 -4.9
v -0.9 0.6 -5
v -0.9 0.6 -5.1
v -0.9 0.6 -5.2
v -0.9 0.6 -5.3
v -0.9 0.6 -5.4
v -0.9 0.6 -5.5
v -0.9 0.6 -5.7
v -0.9 0.6 -5.8
v -0.9 0.6 -5.9
v -0.9 0.6 -6
v -0.9 0.6 -6.1
v -0.9 0.6 -6.2
v -0.9 0.6 -6.3
v -0.9 0.7 6.3
v -0.9 0.7 6.2
v -0.9 0.7 5.6
v -0.9 0.7 5.5
v -0.9 0.7 5.4
v -0.9 0.7 5.2
v -0.9 0.7 5.1
v -0.9 0.7 5
v -0.9 0.7 4.9
v -0.9 0.7 4.8
v -0.9 0.7 4.5
v -0.9 0.7 4.3
v -0.9 0.7 4.2
v -0.9 0.7 4.1
v -0.9 0.7 4
v -0.9 0.7 3.9
v -0.9 0.7 3.8
v -0.9 0.7 3.7
v -0.9 0.7 3.6
v -0.9 0.7 3.5
v -0.9 0.7 3.4
v -0.9 0.7 3.3
v -0.9 0.7 3
v -0.9 0.7 2.8
v -0.9 0.7 2.5
v -0.9 0.7 2.4
v -0.9 0.7 2.3
v -0.9 0.7 2
v -0.9 0.7 1.8
v -0.9 0.7 1.7
v -0.9 0.7 1.6
v -0.9 0.7 1.3
v -0.9 0.7 1
v -0.9 0.7 0.9
v -0.9 0.7 0.6
v -0.9 0.7 0.5
v -0.9 0.7 0.4
v -0.9 0.7 0.3
v -0.9 0.7 0.2
v -0.9 0.7 0.1
v -0.9 0.7 0
v -0.9 0.7 -0.1
v -0.9 0.7 -0.3
v -0.9 0.7 -0.4
v -0.9 0.7 -0.5
v -0.9 0.7 -0.7
v -0.9 0.7 -0.8
v -0.9 0.7 -1.1
v -0.9 0.7 -1.3
v -0.9 0.7 -1.4
v -0.9 0.7 -1.6
v -0.9 0.7 -1.7
v -0.9 0.7 -1.8
v -0.9 0.7 -1.9
v -0.9 0.7 -2
v -0.9 0.7 -2.4
v -0.9 0.7 -2.6
v -0.9 0.7 -2.7
v -0.9 0.7 -2.9
v -0.9 0.7 -3
v -0.9 0.7 -3.2
v -0.9 0.7 -3.4
v -0.9 0.7 -3.5
v -0.9 0.7 -3.6
v -0.9 0.7 -3.7
v -0.9 0.7 -4.2
v -0.9 0.7 -4.3
v -0.9 0.7 -4.4
v -0.9 0.7 -4.5
v -0.9 0.7 -4.6
v -0.9 0.7 -4.7
v -0.9 0.7 -4.8
v -0.9 0.7 -4.9
v -0.9 0.7 -5.2
v -0.9 0.7 -5.3
v -0.9 0.7 -5.5
v -0.9 0.7 -5.7
v -0.9 0.7 -5.9
v -0.9 0.7 -6
v -0.9 0.7 -6.2
v -0.9 0.7 -6.3
v -1.7 0.1 6.3
v -1.7 0.2 6.3
v -1.7 0.5 6.3
v -1.7 0.6 6.3
v -1.7 0.7 6.3
v -1.6 0 6.3
v -1.6 0.1 6.3
v -1.6 0.2 6.3
v -1.6 0.5 6.3
v -1.6 0.6 6.3
v -1.6 0.7 6.3
v -1.6 0.8 6.3
v -1.5 0.1 6.3
v -1.5 0.2 6.3
v -1.5 0.3 6.3
v -1.5 0.5 6.3
v -1.5 0.6 6.3
v -1.5 0.7 6.3
v -1.4 0 6.3
v -1.4 0.1 6.3
v -1.4 0.2 6.3
v -1.4 0.4 6.3
v -1.4 0.5 6.3
v -1.4 0.6 6.3
v -1.4 0.7 6.3
v -1.3 0 6.3
v -1.3 0.1 6.3
v -1.3 0.2 6.3
v -1.3 0.3 6.3
v -1.3 0.5 6.3
v -1.3 0.6 6.3
v -1.3 0.7 6.3
v -1.3 0.8 6.3
v -1.2 0 6.3
v -1.2 0.1 6.3
v -1.2 0.3 6.3
v -1.2 0.4 6.3
v -1.2 0.5 6.3
v -1.2 0.6 6.3
v -1.2 0.7 6.3
v -1.1 0 6.3
v -1.1 0.1 6.3
v -1.1 0.2 6.3
v -1.1 0.3 6.3
v -1.1 0.4 6.3
v -1.1 0.5 6.3
v -1.1 0.6 6.3
v -1.1 0.7 6.3
v -1.1 0.8 6.3
v -1 0 6.3
v -1 0.1 6.3
v -1 0.2 6.3
v -1 0.3 6.3
v -1 0.4 6.3
v -1 0.5 6.3
v -1 0.6 6.3
v -1 0.7 6.3
v -1 0.8 6.3
v -0.9 0.1 6.3
v -0.9 0.2 6.3
v -0.9 0.3 6.3
v -0.9 0.5 6.3
v -0.9 0.7 6.3
v -1.7 0.1 -6.3
v -1.7 0.2 -6.3
v -1.7 0.3 -6.3
v -1.7 0.4 -6.3
v -1.7 0.5 -6.3
v -1.7 0.6 -6.3
v -1.7 0.7 -6.3
v -1.6 0 -6.3
v -1.6 0.1 -6.3
v -1.6 0.2 -6.3
v -1.6 0.3 -6.3
v -1.6 0.4 -6.3
v -1.6 0.5 -6.3
v -1.6 0.6 -6.3
v -1.6 0.7 -6.3
v -1.6 0.8 -6.3
v -1.5 0.1 -6.3
v -1.5 0.2 -6.3
v -1.5 0.3 -6.3
v -1.5 0.4 -6.3
v -1.5 0.6 -6.3
v -1.5 0.7 -6.3
v -1.5 0.8 -6.3
v -1.4 0 -6.3
v -1.4 0.1 -6.3
v -1.4 0.2 -6.3
v -1.4 0.3 -6.3
v -1.4 0.4 -6.3
v -1.4 0.6 -6.3
v -1.4 0.7 -6.3
v -1.3 0 -6.3
v -1.3 0.1 -6.3
v -1.3 0.2 -6.3
v -1.3 0.3 -6.3
v -1.3 0.4 -6.3
v -1.3 0.5 -6.3
v -1.3 0.6 -6.3
v -1.3 0.7 -6.3
v -1.3 0.8 -6.3
v -1.2 0 -6.3
v -1.2 0.1 -6.3
v -1.2 0.2 -6.3
v -1.2 0.3 -6.3
v -1.2 0.4 -6.3
v -1.2 0.5 -6.3
v -1.2 0.6 -6.3
v -1.2 0.7 -6.3
v -1.2 0.8 -6.3
v -1.1 0 -6.3
v -1.1 0.1 -6.3
v -1.1 0.2 -6.3
v -1.1 0.3 -6.3
v -1.1 0.6 -6.3
v -1.1 0.7 -6.3
v -1.1 0.8 -6.3
v -1 0 -6.3
v -1 0.1 -6.3
v -1 0.2 -6.3
v -1 0.3 -6.3
v -1 0.4 -6.3
v -1 0.6 -6.3
v -1 0.7 -6.3
v -1 0.8 -6.3
v -0.9 0.1 -6.3
v -0.9 0.2 -6.3
v -0.9 0.3 -6.3
v -0.9 0.6 -6.3
v -0.9 0.7 -6.3
v -1.6 0 6.3
v -1.4 0 6.3
v -1.3 0 6.3
v -1.2 0 6.3
v -1.1 0 6.3
v -1 0 6.3
v -1.6 0 6.2
v -1.5 0 6.2
v -1.4 0 6.2
v -1.3 0 6.2
v -1.2 0 6.2
v -1.1 0 6.2
v -1 0 6.2
v -1.1 0 6.1
v -1 0 6.1
v -1.6 0 6
v -1.5 0 6
v -1.3 0 6
v -1.2 0 6
v -1.1 0 6
v -1.6 0 5.9
v -1.4 0 5.9
v -1.3 0 5.9
v -1.2 0 5.9
v -1.1 0 5.9
v -1 0 5.9
v -1.5 0 5.8
v -1.4 0 5.8
v -1.3 0 5.8
v -1.2 0 5.8
v -1.1 0 5.8
v -1 0 5.8
v -1.5 0 5.7
v -1.4 0 5.7
v -1.2 0 5.7
v -1.1 0 5.7
v -1 0 5.7
v -1.5 0 5.6
v -1.4 0 5.6
v -1.3 0 5.6
v -1.2 0 5.6
v -1.1 0 5.6
v -1 0 5.6
v -1.6 0 5.5
v -1.5 0 5.5
v -1.4 0 5.5
v -1.3 0 5.5
v -1.2 0 5.5
v -1.1 0 5.5
v -1 0 5.5
v -1.6 0 5.4
v -1.5 0 5.4
v -1.4 0 5.4
v -1.3 0 5.4
v -1.2 0 5.4
v -1.5 0 5.3
v -1.4 0 5.3
v -1.3 0 5.3
v -1.2 0 5.3
v -1.1 0 5.3
v -1 0 5.3
v -1.1 0 5.2
v -1 0 5.2
v -1.3 0 5.1
v -1.2 0 5.1
v -1.1 0 5.1
v -1 0 5.1
v -1.3 0 5
v -1.2 0 5
v -1.1 0 5
v -1 0 5
v -1.4 0 4.9
v -1.3 0 4.9
v -1.2 0 4.9
v -1.1 0 4.9
v -1.5 0 4.8
v -1.4 0 4.8
v -1.3 0 4.8
v -1.6 0 4.7
v -1.5 0 4.7
v -1.4 0 4.7
v -1.3 0 4.7
v -1.2 0 4.7
v -1.1 0 4.7
v -1.6 0 4.6
v -1.5 0 4.6
v -1.4 0 4.6
v -1.3 0 4.6
v -1.2 0 4.6
v -1.1 0 4.6
v -1 0 4.6
v -1.4 0 4.5
v -1.3 0 4.5
v -1.2 0 4.5
v -1.1 0 4.5
v -1.3 0 4.4
v -1.2 0 4.4
v -1.5 0 4.3
v -1.4 0 4.3
v -1.3 0 4.3
v -1.2 0 4.3
v -1.1 0 4.3
v -1 0 4.3
v -1.6 0 4.2
v -1.4 0 4.2
v -1.3 0 4.2
v -1.2 0 4.2
v -1.1 0 4.2
v -1.3 0 4.1
v -1.2 0 4.1
v -1.1 0 4.1
v -1 0 4.1
v -1.5 0 4
v -1.4 0 4
v -1.3 0 4
v -1.2 0 4
v -1.1 0 4
v -1 0 4
v -1.5 0 3.9
v -1.4 0 3.9
v -1.3 0 3.9
v -1.2 0 3.9
v -1.1 0 3.9
v -1 0 3.9
v -1.6 0 3.8
v -1.5 0 3.8
v -1.4 0 3.8
v -1.3 0 3.8
v -1.2 0 3.8
v -1.1 0 3.8
v -1 0 3.8
v -1.6 0 3.7
v -1.5 0 3.7
v -1.4 0 3.7
v -1.3 0 3.7
v -1.2 0 3.7
v -1.1 0 3.7
v -1 0 3.7
v -1.6 0 3.6
v -1.5 0 3.6
v -1.4 0 3.6
v -1.3 0 3.6
v -1.2 0 3.6
v -1.1 0 3.6
v -1 0 3.6
v -1.6 0 3.5
v -1.5 0 3.5
v -1.4 0 3.5
v -1.2 0 3.5
v -1.1 0 3.5
v -1.6 0 3.4
v -1.5 0 3.4
v -1.4 0 3.4
v -1.3 0 3.4
v -1.1 0 3.4
v -1 0 3.4
v -1.6 0 3.3
v -1.5 0 3.3
v -1.2 0 3.3
v -1.1 0 3.3
v -1 0 3.3
v -1.6 0 3.2
v -1.5 0 3.2
v -1.4 0 3.2
v -1.3 0 3.2
v -1.2 0 3.2
v -1.1 0 3.2
v -1.6 0 3.1
v -1.5 0 3.1
v -1.4 0 3.1
v -1.1 0 3.1
v -1 0 3.1
v -1.6 0 3
v -1.5 0 3
v -1.3 0 3
v -1.2 0 3
v -1.1 0 3
v -1 0 3
v -1.6 0 2.9
v -1.5 0 2.9
v -1.4 0 2.9
v -1.3 0 2.9
v -1.2 0 2.9
v -1.1 0 2.9
v -1 0 2.9
v -1.6 0 2.8
v -1.5 0 2.8
v -1.4 0 2.8
v -1.3 0 2.8
v -1.2 0 2.8
v -1.5 0 2.7
v -1.4 0 2.7
v -1.3 0 2.7
v -1.2 0 2.7
v -1.1 0 2.7
v -1 0 2.7
v -1.4 0 2.6
v -1.3 0 2.6
v -1.2 0 2.6
v -1.1 0 2.6
v -1.4 0 2.5
v -1.3 0 2.5
v -1.2 0 2.5
v -1.1 0 2.5
v -1 0 2.5
v -1.6 0 2.4
v -1.5 0 2.4
v -1.4 0 2.4
v -1.3 0 2.4
v -1.2 0 2.4
v -1.1 0 2.4
v -1 0 2.4
v -1.6 0 2.3
v -1.5 0 2.3
v -1.4 0 2.3
v -1.3 0 2.3
v -1.2 0 2.3
v -1.1 0 2.3
v -1.6 0 2.2
v -1.5 0 2.2
v -1.4 0 2.2
v -1.3 0 2.2
v -1.2 0 2.2
v -1.1 0 2.2
v -1.5 0 2.1
v -1.4 0 2.1
v -1.3 0 2.1
v -1.2 0 2.1
v -1.1 0 2.1
v -1 0 2.1
v -1.6 0 2
v -1.4 0 2
v -1.3 0 2
v -1.2 0 2
v -1.1 0 2
v -1 0 2
v -1.6 0 1.9
v -1.5 0 1.9
v -1.4 0 1.9
v -1.3 0 1.9
v -1.2 0 1.9
v -1.1 0 1.9
v -1 0 1.9
v -1.6 0 1.8
v -1.5 0 1.8
v -1.4 0 1.8
v -1.2 0 1.8
v -1.1 0 1.8
v -1 0 1.8
v -1.6 0 1.7
v -1.5 0 1.7
v -1.4 0 1.7
v -1.3 0 1.7
v -1.1 0 1.7
v -1 0 1.7
v -1.6 0 1.6
v -1.5 0 1.6
v -1.4 0 1.6
v -1.3 0 1.6
v -1.2 0 1.6
v -1.1 0 1.6
v -1 0 1.6
v -1.5 0 1.5
v -1.4 0 1.5
v -1.2 0 1.5
v -1.1 0 1.5
v -1 0 1.5
v -1.5 0 1.4
v -1.4 0 1.4
v -1.3 0 1.4
v -1.2 0 1.4
v -1.6 0 1.3
v -1.5 0 1.3
v -1.4 0 1.3
v -1.3 0 1.3
v -1.2 0 1.3
v -1.1 0 1.3
v -1 0 1.3
v -1.4 0 1.2
v -1.3 0 1.2
v -1.2 0 1.2
v -1.1 0 1.2
v -1 0 1.2
v -1.2 0 1.1
v -1.1 0 1.1
v -1.5 0 1
v -1.4 0 1
v -1.3 0 1
v -1.2 0 1
v -1.1 0 1
v -1 0 1
v -1.6 0 0.9
v -1.5 0 0.9
v -1.4 0 0.9
v -1.3 0 0.9
v -1.2 0 0.9
v -1.1 0 0.9
v -1 0 0.9
v -1.6 0 0.8
v -1.5 0 0.8
v -1.4 0 0.8
v -1.2 0 0.8
v -1.1 0 0.8
v -1 0 0.8
v -1.5 0 0.7
v -1.4 0 0.7
v -1.2 0 0.7
v -1.1 0 0.7
v -1 0 0.7
v -1.6 0 0.6
v -1.5 0 0.6
v -1.1 0 0.6
v -1 0 0.6
v -1.6 0 0.5
v -1.5 0 0.5
v -1.4 0 0.5
v -1.2 0 0.5
v -1.1 0 0.5
v -1 0 0.5
v -1.6 0 0.4
v -1.5 0 0.4
v -1.4 0 0.4
v -1.3 0 0.4
v -1.2 0 0.4
v -1.1 0 0.4
v -1.5 0 0.3
v -1.4 0 0.3
v -1.3 0 0.3
v -1.2 0 0.3
v -1.1 0 0.3
v -1 0 0.3
v -1.6 0 0.2
v -1.5 0 0.2
v -1.4 0 0.2
v -1.2 0 0.2
v -1.1 0 0.2
v -1 0 0.2
v -1.6 0 0.1
v -1.5 0 0.1
v -1.4 0 0.1
v -1.3 0 0.1
v -1.2 0 0.1
v -1.1 0 0.1
v -1.5 0 0
v -1.4 0 0
v -1.3 0 0
v -1.2 0 0
v -1 0 0
v -1.6 0 -0.1
v -1.5 0 -0.1
v -1.4 0 -0.1
v -1.3 0 -0.1
v -1.2 0 -0.1
v -1.1 0 -0.1
v -1.4 0 -0.2
v -1.3 0 -0.2
v -1.2 0 -0.2
v -1.1 0 -0.2
v -1.5 0 -0.3
v -1.4 0 -0.3
v -1.3 0 -0.3
v -1.2 0 -0.3
v -1.1 0 -0.3
v -1 0 -0.3
v -1.5 0 -0.4
v -1.4 0 -0.4
v -1.3 0 -0.4
v -1.2 0 -0.4
v -1.6 0 -0.5
v -1.5 0 -0.5
v -1.4 0 -0.5
v -1.3 0 -0.5
v -1.2 0 -0.5
v -1.1 0 -0.5
v -1 0 -0.5
v -1.6 0 -0.6
v -1.5 0 -0.6
v -1.1 0 -0.6
v -1 0 -0.6
v -1.6 0 -0.7
v -1.5 0 -0.7
v -1.4 0 -0.7
v -1.3 0 -0.7
v -1.2 0 -0.7
v -1 0 -0.7
v -1.6 0 -0.8
v -1.5 0 -0.8
v -1.4 0 -0.8
v -1.3 0 -0.8
v -1.2 0 -0.8
v -1 0 -0.8
v -1.6 0 -0.9
v -1.5 0 -0.9
v -1.4 0 -0.9
v -1.3 0 -0.9
v -1.2 0 -0.9
v -1.6 0 -1
v -1.5 0 -1
v -1.4 0 -1
v -1.3 0 -1
v -1.2 0 -1
v -1.1 0 -1
v -1 0 -1
v -1.6 0 -1.1
v -1.5 0 -1.1
v -1.4 0 -1.1
v -1.3 0 -1.1
v -1.2 0 -1.1
v -1.1 0 -1.1
v -1 0 -1.1
v -1.5 0 -1.2
v -1.4 0 -1.2
v -1.3 0 -1.2
v -1.6 0 -1.3
v -1.5 0 -1.3
v -1.4 0 -1.3
v -1.3 0 -1.3
v -1.2 0 -1.3
v -1.1 0 -1.3
v -1 0 -1.3
v -1.6 0 -1.4
v -1.5 0 -1.4
v -1.3 0 -1.4
v -1.2 0 -1.4
v -1.6 0 -1.5
v -1.5 0 -1.5
v -1.4 0 -1.5
v -1.3 0 -1.5
v -1.2 0 -1.5
v -1.1 0 -1.5
v -1 0 -1.5
v -1.6 0 -1.6
v -1.5 0 -1.6
v -1.4 0 -1.7
v -1.3 0 -1.7
v -1.2 0 -1.7
v -1.1 0 -1.7
v -1 0 -1.7
v -1.6 0 -1.8
v -1.5 0 -1.8
v -1.4 0 -1.8
v -1.3 0 -1.8
v -1.2 0 -1.8
v -1.1 0 -1.8
v -1 0 -1.8
v -1.6 0 -1.9
v -1.5 0 -1.9
v -1.3 0 -1.9
v -1.2 0 -1.9
v -1.1 0 -1.9
v -1.6 0 -2
v -1.5 0 -2
v -1.4 0 -2
v -1.3 0 -2
v -1.6 0 -2.1
v -1.5 0 -2.1
v -1.4 0 -2.1
v -1.3 0 -2.1
v -1.2 0 -2.1
v -1.1 0 -2.1
v -1 0 -2.1
v -1.5 0 -2.2
v -1.4 0 -2.2
v -1.3 0 -2.2
v -1.2 0 -2.2
v -1.1 0 -2.2
v -1 0 -2.2
v -1.5 0 -2.3
v -1.4 0 -2.3
v -1.3 0 -2.3
v -1.2 0 -2.3
v -1.1 0 -2.3
v -1.4 0 -2.4
v -1.3 0 -2.4
v -1.2 0 -2.4
v -1.3 0 -2.5
v -1.2 0 -2.5
v -1.1 0 -2.5
v -1.6 0 -2.6
v -1.5 0 -2.6
v -1.3 0 -2.6
v -1.2 0 -2.6
v -1.1 0 -2.6
v -1.6 0 -2.7
v -1.5 0 -2.7
v -1.4 0 -2.7
v -1.3 0 -2.7
v -1.1 0 -2.7
v -1.6 0 -2.8
v -1.5 0 -2.8
v -1.4 0 -2.8
v -1.3 0 -2.8
v -1.2 0 -2.8
v -1.6 0 -2.9
v -1.5 0 -2.9
v -1.3 0 -2.9
v -1.2 0 -2.9
v -1.1 0 -2.9
v -1 0 -2.9
v -1.6 0 -3
v -1.3 0 -3
v -1.2 0 -3
v -1.5 0 -3.1
v -1.4 0 -3.1
v -1.3 0 -3.1
v -1.2 0 -3.1
v -1.6 0 -3.2
v -1.5 0 -3.2
v -1.4 0 -3.2
v -1.3 0 -3.2
v -1.2 0 -3.2
v -1.1 0 -3.2
v -1 0 -3.2
v -1.6 0 -3.3
v -1.5 0 -3.3
v -1.4 0 -3.3
v -1.2 0 -3.3
v -1.1 0 -3.3
v -1.5 0 -3.4
v -1.4 0 -3.4
v -1.3 0 -3.4
v -1.2 0 -3.4
v -1.5 0 -3.5
v -1.4 0 -3.5
v -1.3 0 -3.5
v -1.2 0 -3.5
v -1.1 0 -3.5
v -1 0 -3.5
v -1.5 0 -3.6
v -1.4 0 -3.6
v -1.3 0 -3.6
v -1.2 0 -3.6
v -1.1 0 -3.6
v -1 0 -3.6
v -1.5 0 -3.7
v -1.4 0 -3.7
v -1.2 0 -3.7
v -1.1 0 -3.7
v -1 0 -3.7
v -1.5 0 -3.8
v -1.4 0 -3.8
v -1.3 0 -3.8
v -1.1 0 -3.8
v -1 0 -3.8
v -1.6 0 -3.9
v -1.5 0 -3.9
v -1.4 0 -3.9
v -1.2 0 -3.9
v -1.1 0 -3.9
v -1 0 -3.9
v -1.6 0 -4
v -1.5 0 -4
v -1.3 0 -4
v -1.2 0 -4
v -1.1 0 -4
v -1 0 -4
v -1.5 0 -4.1
v -1.4 0 -4.1
v -1.3 0 -4.1
v -1.2 0 -4.1
v -1.1 0 -4.1
v -1 0 -4.1
v -1.5 0 -4.2
v -1.4 0 -4.2
v -1.3 0 -4.2
v -1.2 0 -4.2
v -1.1 0 -4.2
v -1 0 -4.2
v -1.6 0 -4.3
v -1.5 0 -4.3
v -1.4 0 -4.3
v -1.3 0 -4.3
v -1.2 0 -4.3
v -1.6 0 -4.4
v -1.5 0 -4.4
v -1.6 0 -4.5
v -1.5 0 -4.5
v -1.4 0 -4.5
v -1.5 0 -4.6
v -1.3 0 -4.6
v -1.2 0 -4.6
v -1 0 -4.6
v -1.6 0 -4.7
v -1.5 0 -4.7
v -1.4 0 -4.7
v -1.3 0 -4.7
v -1.2 0 -4.7
v -1.1 0 -4.7
v -1.5 0 -4.8
v -1.4 0 -4.8
v -1.3 0 -4.8
v -1.2 0 -4.8
v -1.1 0 -4.8
v -1 0 -4.8
v -1.4 0 -4.9
v -1.3 0 -4.9
v -1.2 0 -4.9
v -1.1 0 -4.9
v -1 0 -4.9
v -1.6 0 -5
v -1.5 0 -5
v -1.4 0 -5
v -1.3 0 -5
v -1.1 0 -5
v -1 0 -5
v -1.5 0 -5.1
v -1.4 0 -5.1
v -1.3 0 -5.1
v -1.2 0 -5.1
v -1.1 0 -5.1
v -1.6 0 -5.2
v -1.5 0 -5.2
v -1.4 0 -5.2
v -1.2 0 -5.2
v -1.1 0 -5.2
v -1.4 0 -5.3
v -1.3 0 -5.3
v -1.1 0 -5.3
v -1 0 -5.3
v -1.4 0 -5.4
v -1.3 0 -5.4
v -1.2 0 -5.4
v -1.1 0 -5.4
v -1 0 -5.4
v -1.5 0 -5.5
v -1.4 0 -5.5
v -1.3 0 -5.5
v -1.2 0 -5.5
v -1.1 0 -5.5
v -1 0 -5.5
v -1.4 0 -5.6
v -1.3 0 -5.6
v -1.2 0 -5.6
v -1.1 0 -5.6
v -1 0 -5.6
v -1.6 0 -5.7
v -1.5 0 -5.7
v -1.3 0 -5.7
v -1.1 0 -5.7
v -1.6 0 -5.8
v -1.5 0 -5.8
v -1.4 0 -5.8
v -1.3 0 -5.8
v -1.2 0 -5.8
v -1 0 -5.8
v -1.6 0 -5.9
v -1.5 0 -5.9
v -1.4 0 -5.9
v -1.3 0 -5.9
v -1.2 0 -5.9
v -1.1 0 -5.9
v -1.6 0 -6
v -1.5 0 -6
v -1.4 0 -6
v -1.3 0 -6
v -1.2 0 -6
v -1.1 0 -6
v -1.4 0 -6.1
v -1.3 0 -6.1
v -1.2 0 -6.1
v -1.1 0 -6.1
v -1 0 -6.1
v -1.5 0 -6.2
v -1.4 0 -6.2
v -1.3 0 -6.2
v -1.2 0 -6.2
v -1.1 0 -6.2
v -1.6 0 -6.3
v -1.4 0 -6.3
v -1.3 0 -6.3
v -1.2 0 -6.3
v -1.1 0 -6.3
v -1 0 -6.3
v -1.7 0.1 6.3
v -1.6 0.1 6.3
v -1 0.1 6.3
v -0.9 0.1 6.3
v -1.7 0.1 6.2
v -1.6 0.1 6.2
v -1 0.1 6.2
v -0.9 0.1 6.2
v -1.7 0.1 6.1
v -1.6 0.1 6.1
v -1 0.1 6.1
v -0.9 0.1 6.1
v -1.6 0.1 6
v -1 0.1 6
v -0.9 0.1 6
v -1.7 0.1 5.9
v -1.6 0.1 5.9
v -1 0.1 5.9
v -0.9 0.1 5.9
v -1.7 0.1 5.8
v -1.6 0.1 5.8
v -1 0.1 5.8
v -0.9 0.1 5.8
v -1 0.1 5.7
v -0.9 0.1 5.7
v -1.7 0.1 5.6
v -1.6 0.1 5.6
v -1 0.1 5.6
v -0.9 0.1 5.6
v -1.6 0.1 5.5
v -1 0.1 5.5
v -0.9 0.1 5.5
v -1.7 0.1 5.4
v -1.6 0.1 5.4
v -1 0.1 5.3
v -0.9 0.1 5.3
v -1 0.1 5.2
v -1.7 0.1 5.1
v -1.6 0.1 5.1
v -1 0.1 5.1
v -0.9 0.1 5.1
v -1.7 0.1 5
v -1.6 0.1 5
v -1 0.1 5
v -1.7 0.1 4.9
v -1.6 0.1 4.9
v -1 0.1 4.9
v -0.9 0.1 4.9
v -1.7 0.1 4.8
v -1.6 0.1 4.8
v -1 0.1 4.8
v -0.9 0.1 4.8
v -1.6 0.1 4.7
v -1 0.1 4.7
v -0.9 0.1 4.7
v -1.6 0.1 4.6
v -1 0.1 4.6
v -1.7 0.1 4.5
v -1.6 0.1 4.5
v -1 0.1 4.5
v -0.9 0.1 4.5
v -1.7 0.1 4.4
v -1.6 0.1 4.4
v -1 0.1 4.4
v -0.9 0.1 4.4
v -1.7 0.1 4.3
v -1.6 0.1 4.3
v -1 0.1 4.3
v -0.9 0.1 4.3
v -1.6 0.1 4.2
v -1.7 0.1 4.1
v -1.6 0.1 4.1
v -1 0.1 4.1
v -1 0.1 4
v -0.9 0.1 4
v -1.7 0.1 3.9
v -1.6 0.1 3.9
v -1 0.1 3.9
v -0.9 0.1 3.9
v -1.7 0.1 3.8
v -1.6 0.1 3.8
v -1 0.1 3.8
v -1.6 0.1 3.7
v -1 0.1 3.7
v -1.7 0.1 3.6
v -1.6 0.1 3.6
v -1 0.1 3.6
v -0.9 0.1 3.6
v -1.7 0.1 3.5
v -1.6 0.1 3.5
v -1.7 0.1 3.4
v -1.6 0.1 3.4
v -1 0.1 3.4
v -0.9 0.1 3.4
v -1.7 0.1 3.3
v -1.6 0.1 3.3
v -1 0.1 3.3
v -0.9 0.1 3.3
v -1.7 0.1 3.2
v -1.6 0.1 3.2
v -1.6 0.1 3.1
v -1 0.1 3.1
v -1.6 0.1 3
v -1 0.1 3
v -0.9 0.1 3
v -1.7 0.1 2.9
v -1.6 0.1 2.9
v -1 0.1 2.9
v -0.9 0.1 2.9
v -1.7 0.1 2.8
v -1.6 0.1 2.8
v -1 0.1 2.8
v -0.9 0.1 2.8
v -1.7 0.1 2.7
v -1.6 0.1 2.7
v -1 0.1 2.7
v -0.9 0.1 2.7
v -1.7 0.1 2.6
v -1.6 0.1 2.6
v -1 0.1 2.6
v -0.9 0.1 2.6
v -1.7 0.1 2.5
v -1.6 0.1 2.5
v -1 0.1 2.5
v -0.9 0.1 2.5
v -1.7 0.1 2.4
v -1.6 0.1 2.4
v -1 0.1 2.4
v -0.9 0.1 2.4
v -1.7 0.1 2.3
v -1.6 0.1 2.3
v -1.7 0.1 2.2
v -1.6 0.1 2.2
v -1 0.1 2.2
v -0.9 0.1 2.2
v -1.7 0.1 2.1
v -1.6 0.1 2.1
v -1 0.1 2.1
v -0.9 0.1 2.1
v -1.7 0.1 2
v -1.6 0.1 2
v -1 0.1 2
v -0.9 0.1 2
v -1.7 0.1 1.9
v -1.6 0.1 1.9
v -1 0.1 1.9
v -0.9 0.1 1.9
v -1.7 0.1 1.8
v -1.6 0.1 1.8
v -1 0.1 1.8
v -0.9 0.1 1.8
v -1.7 0.1 1.7
v -1.6 0.1 1.7
v -1 0.1 1.7
v -0.9 0.1 1.7
v -1.6 0.1 1.6
v -1 0.1 1.6
v -1 0.1 1.5
v -1.7 0.1 1.4
v -1.6 0.1 1.4
v -1 0.1 1.4
v -0.9 0.1 1.4
v -1.6 0.1 1.3
v -1 0.1 1.3
v -0.9 0.1 1.3
v -1.7 0.1 1.2
v -1.6 0.1 1.2
v -1 0.1 1.2
v -0.9 0.1 1.2
v -1.7 0.1 1.1
v -1.6 0.1 1.1
v -1 0.1 1.1
v -0.9 0.1 1.1
v -1.7 0.1 1
v -1.6 0.1 1
v -1 0.1 1
v -1.7 0.1 0.9
v -1.6 0.1 0.9
v -1 0.1 0.9
v -0.9 0.1 0.9
v -1.6 0.1 0.8
v -1 0.1 0.8
v -0.9 0.1 0.8
v -1.7 0.1 0.7
v -1.6 0.1 0.7
v -1 0.1 0.7
v -0.9 0.1 0.7
v -1.6 0.1 0.6
v -1 0.1 0.6
v -1.7 0.1 0.5
v -1.6 0.1 0.5
v -1 0.1 0.5
v -0.9 0.1 0.5
v -1.7 0.1 0.4
v -1.6 0.1 0.4
v -1 0.1 0.4
v -0.9 0.1 0.4
v -1 0.1 0.3
v -0.9 0.1 0.3
v -1.6 0.1 0.2
v -1 0.1 0.2
v -0.9 0.1 0.2
v -1.6 0.1 0.1
v -1 0.1 0
v -0.9 0.1 0
v -1.6 0.1 -0.1
v -1 0.1 -0.2
v -0.9 0.1 -0.2
v -1.7 0.1 -0.3
v -1.6 0.1 -0.3
v -1 0.1 -0.3
v -0.9 0.1 -0.3
v -1.7 0.1 -0.5
v -1.6 0.1 -0.5
v -1 0.1 -0.5
v -0.9 0.1 -0.5
v -1.7 0.1 -0.6
v -1.6 0.1 -0.6
v -1 0.1 -0.6
v -0.9 0.1 -0.6
v -1.7 0.1 -0.7
v -1.6 0.1 -0.7
v -1 0.1 -0.7
v -1.7 0.1 -0.8
v -1.6 0.1 -0.8
v -1 0.1 -0.8
v -0.9 0.1 -0.8
v -1.7 0.1 -0.9
v -1.6 0.1 -0.9
v -1.7 0.1 -1
v -1.6 0.1 -1
v -1 0.1 -1
v -1.7 0.1 -1.1
v -1.6 0.1 -1.1
v -1 0.1 -1.1
v -1.7 0.1 -1.2
v -1.6 0.1 -1.2
v -1 0.1 -1.2
v -0.9 0.1 -1.2
v -1.7 0.1 -1.3
v -1.6 0.1 -1.3
v -1 0.1 -1.3
v -1.6 0.1 -1.4
v -1.7 0.1 -1.5
v -1.6 0.1 -1.5
v -1 0.1 -1.5
v -1.7 0.1 -1.6
v -1.6 0.1 -1.6
v -1 0.1 -1.6
v -0.9 0.1 -1.6
v -1.7 0.1 -1.7
v -1.6 0.1 -1.7
v -1 0.1 -1.7
v -1.7 0.1 -1.8
v -1.6 0.1 -1.8
v -1 0.1 -1.8
v -0.9 0.1 -1.8
v -1.6 0.1 -1.9
v -1 0.1 -1.9
v -0.9 0.1 -1.9
v -1.7 0.1 -2
v -1.6 0.1 -2
v -1.7 0.1 -2.1
v -1.6 0.1 -2.1
v -1 0.1 -2.1
v -1 0.1 -2.2
v -0.9 0.1 -2.2
v -1.7 0.1 -2.3
v -1.6 0.1 -2.3
v -1 0.1 -2.3
v -0.9 0.1 -2.3
v -1.7 0.1 -2.4
v -1.6 0.1 -2.4
v -1.7 0.1 -2.5
v -1.6 0.1 -2.5
v -1.7 0.1 -2.6
v -1.6 0.1 -2.6
v -1 0.1 -2.6
v -0.9 0.1 -2.6
v -1.7 0.1 -2.7
v -1.6 0.1 -2.7
v -1.7 0.1 -2.8
v -1.6 0.1 -2.8
v -1.7 0.1 -2.9
v -1.6 0.1 -2.9
v -1 0.1 -2.9
v -0.9 0.1 -2.9
v -1.6 0.1 -3
v -1 0.1 -3
v -0.9 0.1 -3
v -1 0.1 -3.1
v -0.9 0.1 -3.1
v -1.7 0.1 -3.2
v -1.6 0.1 -3.2
v -1 0.1 -3.2
v -0.9 0.1 -3.2
v -1.6 0.1 -3.3
v -1 0.1 -3.3
v -0.9 0.1 -3.3
v -1 0.1 -3.4
v -0.9 0.1 -3.4
v -1.7 0.1 -3.5
v -1.6 0.1 -3.5
v -1 0.1 -3.5
v -0.9 0.1 -3.5
v -1.7 0.1 -3.6
v -1.6 0.1 -3.6
v -1 0.1 -3.6
v -0.9 0.1 -3.6
v -1.7 0.1 -3.7
v -1.6 0.1 -3.7
v -1 0.1 -3.7
v -0.9 0.1 -3.7
v -1.7 0.1 -3.8
v -1.6 0.1 -3.8
v -1 0.1 -3.8
v -1.7 0.1 -3.9
v -1.6 0.1 -3.9
v -1 0.1 -3.9
v -0.9 0.1 -3.9
v -1.6 0.1 -4
v -1 0.1 -4
v -1.7 0.1 -4.1
v -1.6 0.1 -4.1
v -1 0.1 -4.1
v -0.9 0.1 -4.1
v -1 0.1 -4.2
v -0.9 0.1 -4.2
v -1.7 0.1 -4.3
v -1.6 0.1 -4.3
v -1 0.1 -4.3
v -0.9 0.1 -4.3
v -1.7 0.1 -4.4
v -1.6 0.1 -4.4
v -1 0.1 -4.4
v -0.9 0.1 -4.4
v -1.7 0.1 -4.5
v -1.6 0.1 -4.5
v -1 0.1 -4.5
v -0.9 0.1 -4.5
v -1.7 0.1 -4.6
v -1.6 0.1 -4.6
v -1 0.1 -4.6
v -0.9 0.1 -4.6
v -1.7 0.1 -4.7
v -1.6 0.1 -4.7
v -1 0.1 -4.7
v -0.9 0.1 -4.7
v -1.7 0.1 -4.8
v -1.6 0.1 -4.8
v -1 0.1 -4.8
v -1.7 0.1 -4.9
v -1.6 0.1 -4.9
v -1 0.1 -4.9
v -0.9 0.1 -4.9
v -1.7 0.1 -5
v -1.6 0.1 -5
v -1 0.1 -5
v -0.9 0.1 -5
v -1.7 0.1 -5.1
v -1.6 0.1 -5.1
v -1 0.1 -5.1
v -0.9 0.1 -5.1
v -1.7 0.1 -5.2
v -1.6 0.1 -5.2
v -1 0.1 -5.3
v -0.9 0.1 -5.3
v -1 0.1 -5.4
v -1.7 0.1 -5.5
v -1.6 0.1 -5.5
v -1 0.1 -5.5
v -0.9 0.1 -5.5
v -1.7 0.1 -5.6
v -1.6 0.1 -5.6
v -1 0.1 -5.6
v -0.9 0.1 -5.6
v -1.7 0.1 -5.7
v -1.6 0.1 -5.7
v -1.7 0.1 -5.8
v -1.6 0.1 -5.8
v -1 0.1 -5.8
v -0.9 0.1 -5.8
v -1.7 0.1 -5.9
v -1.6 0.1 -5.9
v -1 0.1 -5.9
v -0.9 0.1 -5.9
v -1.7 0.1 -6
v -1.6 0.1 -6
v -1 0.1 -6
v -0.9 0.1 -6
v -1.7 0.1 -6.1
v -1.6 0.1 -6.1
v -1 0.1 -6.1
v -1 0.1 -6.2
v -0.9 0.1 -6.2
v -1.7 0.1 -6.3
v -1.6 0.1 -6.3
v -1 0.1 -6.3
v -0.9 0.1 -6.3
v -1.7 0.7 6.3
v -1.6 0.7 6.3
v -1 0.7 6.3
v -0.9 0.7 6.3
v -1.7 0.7 6.2
v -1.6 0.7 6.2
v -1 0.7 6.2
v -0.9 0.7 6.2
v -1.7 0.7 6.1
v -1.6 0.7 6.1
v -1 0.7 6.1
v -1.6 0.7 6
v -1 0.7 6
v -1.6 0.7 5.9
v -1.7 0.7 5.8
v -1.6 0.7 5.8
v -1 0.7 5.8
v -1.7 0.7 5.7
v -1.6 0.7 5.7
v -1 0.7 5.7
v -1.6 0.7 5.6
v -1 0.7 5.6
v -0.9 0.7 5.6
v -1.7 0.7 5.5
v -1.6 0.7 5.5
v -1 0.7 5.5
v -0.9 0.7 5.5
v -1.7 0.7 5.4
v -1.6 0.7 5.4
v -1 0.7 5.4
v -0.9 0.7 5.4
v -1.7 0.7 5.3
v -1.6 0.7 5.3
v -1.6 0.7 5.2
v -1 0.7 5.2
v -0.9 0.7 5.2
v -1 0.7 5.1
v -0.9 0.7 5.1
v -1.6 0.7 5
v -1 0.7 5
v -0.9 0.7 5
v -1.7 0.7 4.9
v -1.6 0.7 4.9
v -1 0.7 4.9
v -0.9 0.7 4.9
v -1.7 0.7 4.8
v -1.6 0.7 4.8
v -1 0.7 4.8
v -0.9 0.7 4.8
v -1.7 0.7 4.7
v -1.6 0.7 4.7
v -1.6 0.7 4.6
v -1 0.7 4.6
v -1.7 0.7 4.5
v -1.6 0.7 4.5
v -1 0.7 4.5
v -0.9 0.7 4.5
v -1.7 0.7 4.4
v -1.6 0.7 4.4
v -1 0.7 4.4
v -1 0.7 4.3
v -0.9 0.7 4.3
v -1.6 0.7 4.2
v -1 0.7 4.2
v -0.9 0.7 4.2
v -1.7 0.7 4.1
v -1.6 0.7 4.1
v -1 0.7 4.1
v -0.9 0.7 4.1
v -1.6 0.7 4
v -1 0.7 4
v -0.9 0.7 4
v -1.7 0.7 3.9
v -1.6 0.7 3.9
v -1 0.7 3.9
v -0.9 0.7 3.9
v -1.7 0.7 3.8
v -1.6 0.7 3.8
v -1 0.7 3.8
v -0.9 0.7 3.8
v -1.6 0.7 3.7
v -1 0.7 3.7
v -0.9 0.7 3.7
v -1.7 0.7 3.6
v -1.6 0.7 3.6
v -1 0.7 3.6
v -0.9 0.7 3.6
v -1 0.7 3.5
v -0.9 0.7 3.5
v -1.6 0.7 3.4
v -1 0.7 3.4
v -0.9 0.7 3.4
v -1.7 0.7 3.3
v -1.6 0.7 3.3
v -1 0.7 3.3
v -0.9 0.7 3.3
v -1.7 0.7 3.2
v -1.6 0.7 3.2
v -1 0.7 3.2
v -1.7 0.7 3.1
v -1.6 0.7 3.1
v -1.7 0.7 3
v -1.6 0.7 3
v -1 0.7 3
v -0.9 0.7 3
v -1.7 0.7 2.9
v -1.6 0.7 2.9
v -1 0.7 2.9
v -1.7 0.7 2.8
v -1.6 0.7 2.8
v -1 0.7 2.8
v -0.9 0.7 2.8
v -1.7 0.7 2.7
v -1.6 0.7 2.7
v -1 0.7 2.7
v -1.7 0.7 2.6
v -1.6 0.7 2.6
v -1 0.7 2.6
v -1.7 0.7 2.5
v -1.6 0.7 2.5
v -1 0.7 2.5
v -0.9 0.7 2.5
v -1.6 0.7 2.4
v -1 0.7 2.4
v -0.9 0.7 2.4
v -1.7 0.7 2.3
v -1.6 0.7 2.3
v -1 0.7 2.3
v -0.9 0.7 2.3
v -1.7 0.7 2.2
v -1.6 0.7 2.2
v -1.7 0.7 2.1
v -1.6 0.7 2.1
v -1 0.7 2.1
v -1.7 0.7 2
v -1.6 0.7 2
v -1 0.7 2
v -0.9 0.7 2
v -1.6 0.7 1.9
v -1 0.7 1.9
v -1.6 0.7 1.8
v -1 0.7 1.8
v -0.9 0.7 1.8
v -1.7 0.7 1.7
v -1.6 0.7 1.7
v -1 0.7 1.7
v -0.9 0.7 1.7
v -1.7 0.7 1.6
v -1.6 0.7 1.6
v -1 0.7 1.6
v -0.9 0.7 1.6
v -1.6 0.7 1.5
v -1.7 0.7 1.4
v -1.6 0.7 1.4
v -1 0.7 1.4
v -1.7 0.7 1.3
v -1.6 0.7 1.3
v -1 0.7 1.3
v -0.9 0.7 1.3
v -1.6 0.7 1.2
v -1 0.7 1.2
v -1.7 0.7 1.1
v -1.6 0.7 1.1
v -1 0.7 1.1
v -1.7 0.7 1
v -1.6 0.7 1
v -1 0.7 1
v -0.9 0.7 1
v -1.7 0.7 0.9
v -1.6 0.7 0.9
v -1 0.7 0.9
v -0.9 0.7 0.9
v -1 0.7 0.8
v -1.7 0.7 0.7
v -1.6 0.7 0.7
v -1 0.7 0.7
v -1 0.7 0.6
v -0.9 0.7 0.6
v -1 0.7 0.5
v -0.9 0.7 0.5
v -1.7 0.7 0.4
v -1.6 0.7 0.4
v -1 0.7 0.4
v -0.9 0.7 0.4
v -1.7 0.7 0.3
v -1.6 0.7 0.3
v -1 0.7 0.3
v -0.9 0.7 0.3
v -1.7 0.7 0.2
v -1.6 0.7 0.2
v -1 0.7 0.2
v -0.9 0.7 0.2
v -1.7 0.7 0.1
v -1.6 0.7 0.1
v -1 0.7 0.1
v -0.9 0.7 0.1
v -1.6 0.7 0
v -1 0.7 0
v -0.9 0.7 0
v -1.6 0.7 -0.1
v -1 0.7 -0.1
v -0.9 0.7 -0.1
v -1.7 0.7 -0.2
v -1.6 0.7 -0.2
v -1.7 0.7 -0.3
v -1.6 0.7 -0.3
v -1 0.7 -0.3
v -0.9 0.7 -0.3
v -1.7 0.7 -0.4
v -1.6 0.7 -0.4
v -1 0.7 -0.4
v -0.9 0.7 -0.4
v -1 0.7 -0.5
v -0.9 0.7 -0.5
v -1.7 0.7 -0.6
v -1.6 0.7 -0.6
v -1.7 0.7 -0.7
v -1.6 0.7 -0.7
v -1 0.7 -0.7
v -0.9 0.7 -0.7
v -1.6 0.7 -0.8
v -1 0.7 -0.8
v -0.9 0.7 -0.8
v -1.6 0.7 -0.9
v -1 0.7 -0.9
v -1 0.7 -1
v -1 0.7 -1.1
v -0.9 0.7 -1.1
v -1.7 0.7 -1.2
v -1.6 0.7 -1.2
v -1 0.7 -1.2
v -1.7 0.7 -1.3
v -1.6 0.7 -1.3
v -1 0.7 -1.3
v -0.9 0.7 -1.3
v -1.7 0.7 -1.4
v -1.6 0.7 -1.4
v -1 0.7 -1.4
v -0.9 0.7 -1.4
v -1.7 0.7 -1.5
v -1.6 0.7 -1.5
v -1.7 0.7 -1.6
v -1.6 0.7 -1.6
v -1 0.7 -1.6
v -0.9 0.7 -1.6
v -1 0.7 -1.7
v -0.9 0.7 -1.7
v -1.7 0.7 -1.8
v -1.6 0.7 -1.8
v -1 0.7 -1.8
v -0.9 0.7 -1.8
v -1.7 0.7 -1.9
v -1.6 0.7 -1.9
v -1 0.7 -1.9
v -0.9 0.7 -1.9
v -1.7 0.7 -2
v -1.6 0.7 -2
v -1 0.7 -2
v -0.9 0.7 -2
v -1.7 0.7 -2.1
v -1.6 0.7 -2.1
v -1 0.7 -2.1
v -1.7 0.7 -2.2
v -1.6 0.7 -2.2
v -1 0.7 -2.2
v -1.6 0.7 -2.3
v -1 0.7 -2.3
v -1.7 0.7 -2.4
v -1.6 0.7 -2.4
v -1 0.7 -2.4
v -0.9 0.7 -2.4
v -1 0.7 -2.5
v -1.6 0.7 -2.6
v -1 0.7 -2.6
v -0.9 0.7 -2.6
v -1.6 0.7 -2.7
v -1 0.7 -2.7
v -0.9 0.7 -2.7
v -1.7 0.7 -2.8
v -1.6 0.7 -2.8
v -1 0.7 -2.8
v -1.7 0.7 -2.9
v -1.6 0.7 -2.9
v -1 0.7 -2.9
v -0.9 0.7 -2.9
v -1 0.7 -3
v -0.9 0.7 -3
v -1.7 0.7 -3.1
v -1.6 0.7 -3.1
v -1.6 0.7 -3.2
v -1 0.7 -3.2
v -0.9 0.7 -3.2
v -1.7 0.7 -3.4
v -1.6 0.7 -3.4
v -1 0.7 -3.4
v -0.9 0.7 -3.4
v -1.7 0.7 -3.5
v -1.6 0.7 -3.5
v -1 0.7 -3.5
v -0.9 0.7 -3.5
v -1.6 0.7 -3.6
v -1 0.7 -3.6
v -0.9 0.7 -3.6
v -1.6 0.7 -3.7
v -1 0.7 -3.7
v -0.9 0.7 -3.7
v -1.7 0.7 -3.8
v -1.6 0.7 -3.8
v -1 0.7 -3.8
v -1.7 0.7 -3.9
v -1.6 0.7 -3.9
v -1 0.7 -3.9
v -1.6 0.7 -4
v -1 0.7 -4
v -1.7 0.7 -4.1
v -1.6 0.7 -4.1
v -1.7 0.7 -4.2
v -1.6 0.7 -4.2
v -1 0.7 -4.2
v -0.9 0.7 -4.2
v -1.7 0.7 -4.3
v -1.6 0.7 -4.3
v -1 0.7 -4.3
v -0.9 0.7 -4.3
v -1.7 0.7 -4.4
v -1.6 0.7 -4.4
v -1 0.7 -4.4
v -0.9 0.7 -4.4
v -1.7 0.7 -4.5
v -1.6 0.7 -4.5
v -1 0.7 -4.5
v -0.9 0.7 -4.5
v -1.7 0.7 -4.6
v -1.6 0.7 -4.6
v -1 0.7 -4.6
v -0.9 0.7 -4.6
v -1.7 0.7 -4.7
v -1.6 0.7 -4.7
v -1 0.7 -4.7
v -0.9 0.7 -4.7
v -1.7 0.7 -4.8
v -1.6 0.7 -4.8
v -1 0.7 -4.8
v -0.9 0.7 -4.8
v -1 0.7 -4.9
v -0.9 0.7 -4.9
v -1 0.7 -5
v -1.6 0.7 -5.1
v -1 0.7 -5.1
v -1.7 0.7 -5.2
v -1.6 0.7 -5.2
v -1 0.7 -5.2
v -0.9 0.7 -5.2
v -1.7 0.7 -5.3
v -1.6 0.7 -5.3
v -1 0.7 -5.3
v -0.9 0.7 -5.3
v -1.7 0.7 -5.4
v -1.6 0.7 -5.4
v -1.6 0.7 -5.5
v -1 0.7 -5.5
v -0.9 0.7 -5.5
v -1.6 0.7 -5.6
v -1 0.7 -5.6
v -1.7 0.7 -5.7
v -1.6 0.7 -5.7
v -1 0.7 -5.7
v -0.9 0.7 -5.7
v -1 0.7 -5.8
v -1.7 0.7 -5.9
v -1.6 0.7 -5.9
v -1 0.7 -5.9
v -0.9 0.7 -5.9
v -1.7 0.7 -6
v -1.6 0.7 -6
v -1 0.7 -6
v -0.9 0.7 -6
v -1.7 0.7 -6.1
v -1.6 0.7 -6.1
v -1 0.7 -6.1
v -1.7 0.7 -6.2
v -1.6 0.7 -6.2
v -1 0.7 -6.2
v -0.9 0.7 -6.2
v -1.7 0.7 -6.3
v -1.6 0.7 -6.3
v -1 0.7 -6.3
v -0.9 0.7 -6.3
v -1.6 0.8 6.3
v -1.3 0.8 6.3
v -1.1 0.8 6.3
v -1 0.8 6.3
v -1.6 0.8 6.2
v -1.5 0.8 6.2
v -1.4 0.8 6.2
v -1.3 0.8 6.2
v -1.2 0.8 6.2
v -1.1 0.8 6.2
v -1 0.8 6.2
v -1.6 0.8 6.1
v -1.5 0.8 6.1
v -1.4 0.8 6.1
v -1.3 0.8 6.1
v -1.2 0.8 6.1
v -1.1 0.8 6.1
v -1 0.8 6.1
v -1.6 0.8 6
v -1.5 0.8 6
v -1.4 0.8 6
v -1.3 0.8 6
v -1.2 0.8 6
v -1.1 0.8 6
v -1 0.8 6
v -1.6 0.8 5.9
v -1.4 0.8 5.9
v -1.3 0.8 5.9
v -1.2 0.8 5.9
v -1.6 0.8 5.8
v -1.5 0.8 5.8
v -1.1 0.8 5.8
v -1 0.8 5.8
v -1.6 0.8 5.7
v -1.5 0.8 5.7
v -1.4 0.8 5.7
v -1.2 0.8 5.7
v -1 0.8 5.7
v -1.6 0.8 5.6
v -1.5 0.8 5.6
v -1.3 0.8 5.6
v -1.2 0.8 5.6
v -1.1 0.8 5.6
v -1 0.8 5.6
v -1.6 0.8 5.5
v -1.5 0.8 5.5
v -1.4 0.8 5.5
v -1.3 0.8 5.5
v -1.2 0.8 5.5
v -1.1 0.8 5.5
v -1 0.8 5.5
v -1.4 0.8 5.4
v -1.3 0.8 5.4
v -1.1 0.8 5.4
v -1 0.8 5.4
v -1.6 0.8 5.3
v -1.5 0.8 5.3
v -1.4 0.8 5.3
v -1.2 0.8 5.3
v -1.1 0.8 5.3
v -1.6 0.8 5.2
v -1.5 0.8 5.2
v -1.4 0.8 5.2
v -1.3 0.8 5.2
v -1.2 0.8 5.2
v -1.1 0.8 5.2
v -1.5 0.8 5.1
v -1.4 0.8 5.1
v -1.3 0.8 5.1
v -1.2 0.8 5.1
v -1.1 0.8 5.1
v -1 0.8 5.1
v -1.6 0.8 5
v -1.5 0.8 5
v -1.6 0.8 4.9
v -1.5 0.8 4.9
v -1.4 0.8 4.9
v -1.3 0.8 4.9
v -1.2 0.8 4.9
v -1 0.8 4.9
v -1.6 0.8 4.8
v -1.5 0.8 4.8
v -1.4 0.8 4.8
v -1.3 0.8 4.8
v -1.2 0.8 4.8
v -1 0.8 4.8
v -1.6 0.8 4.7
v -1.5 0.8 4.7
v -1.4 0.8 4.7
v -1.3 0.8 4.7
v -1.2 0.8 4.7
v -1.1 0.8 4.7
v -1.6 0.8 4.6
v -1.5 0.8 4.6
v -1.4 0.8 4.6
v -1.3 0.8 4.6
v -1.2 0.8 4.6
v -1.1 0.8 4.6
v -1 0.8 4.6
v -1.6 0.8 4.5
v -1.5 0.8 4.5
v -1.4 0.8 4.5
v -1.6 0.8 4.4
v -1.5 0.8 4.4
v -1.4 0.8 4.4
v -1.2 0.8 4.4
v -1.1 0.8 4.4
v -1 0.8 4.4
v -1.4 0.8 4.3
v -1.3 0.8 4.3
v -1.2 0.8 4.3
v -1 0.8 4.3
v -1.6 0.8 4.2
v -1.5 0.8 4.2
v -1.4 0.8 4.2
v -1.3 0.8 4.2
v -1.1 0.8 4.2
v -1.5 0.8 4.1
v -1.3 0.8 4.1
v -1.2 0.8 4.1
v -1.1 0.8 4.1
v -1 0.8 4.1
v -1.6 0.8 4
v -1.5 0.8 4
v -1.3 0.8 4
v -1.2 0.8 4
v -1.1 0.8 4
v -1.3 0.8 3.9
v -1.2 0.8 3.9
v -1.1 0.8 3.9
v -1 0.8 3.9
v -1.4 0.8 3.8
v -1.3 0.8 3.8
v -1.2 0.8 3.8
v -1.1 0.8 3.8
v -1.6 0.8 3.7
v -1.5 0.8 3.7
v -1.4 0.8 3.7
v -1.3 0.8 3.7
v -1.2 0.8 3.7
v -1.1 0.8 3.7
v -1 0.8 3.7
v -1.6 0.8 3.6
v -1.5 0.8 3.6
v -1.4 0.8 3.6
v -1.3 0.8 3.6
v -1.4 0.8 3.5
v -1.3 0.8 3.5
v -1.2 0.8 3.5
v -1.6 0.8 3.4
v -1.5 0.8 3.4
v -1.4 0.8 3.4
v -1.3 0.8 3.4
v -1.1 0.8 3.4
v -1 0.8 3.4
v -1.5 0.8 3.3
v -1.4 0.8 3.3
v -1.3 0.8 3.3
v -1.2 0.8 3.3
v -1.1 0.8 3.3
v -1.5 0.8 3.2
v -1.4 0.8 3.2
v -1.3 0.8 3.2
v -1.2 0.8 3.2
v -1.1 0.8 3.2
v -1 0.8 3.2
v -1.6 0.8 3.1
v -1.5 0.8 3.1
v -1.4 0.8 3.1
v -1.3 0.8 3.1
v -1.2 0.8 3.1
v -1.1 0.8 3.1
v -1.6 0.8 3
v -1.5 0.8 3
v -1.4 0.8 3
v -1.3 0.8 3
v -1.2 0.8 3
v -1.1 0.8 3
v -1.6 0.8 2.9
v -1.5 0.8 2.9
v -1.4 0.8 2.9
v -1.3 0.8 2.9
v -1.2 0.8 2.9
v -1.1 0.8 2.9
v -1 0.8 2.9
v -1.6 0.8 2.8
v -1.5 0.8 2.8
v -1.3 0.8 2.8
v -1.2 0.8 2.8
v -1.1 0.8 2.8
v -1 0.8 2.8
v -1.5 0.8 2.7
v -1.4 0.8 2.7
v -1.3 0.8 2.7
v -1.2 0.8 2.7
v -1.1 0.8 2.7
v -1 0.8 2.7
v -1.6 0.8 2.6
v -1.5 0.8 2.6
v -1.3 0.8 2.6
v -1.2 0.8 2.6
v -1.1 0.8 2.6
v -1 0.8 2.6
v -1.5 0.8 2.5
v -1.4 0.8 2.5
v -1.3 0.8 2.5
v -1.2 0.8 2.5
v -1.1 0.8 2.5
v -1.6 0.8 2.4
v -1.5 0.8 2.4
v -1.4 0.8 2.4
v -1.3 0.8 2.4
v -1.2 0.8 2.4
v -1.1 0.8 2.4
v -1 0.8 2.4
v -1.5 0.8 2.3
v -1.4 0.8 2.3
v -1.2 0.8 2.3
v -1.1 0.8 2.3
v -1.2 0.8 2.2
v -1.1 0.8 2.2
v -1.1 0.8 2.1
v -1 0.8 2.1
v -1.6 0.8 2
v -1.5 0.8 2
v -1.4 0.8 2
v -1.3 0.8 2
v -1.2 0.8 2
v -1.1 0.8 2
v -1.6 0.8 1.9
v -1.5 0.8 1.9
v -1.4 0.8 1.9
v -1.3 0.8 1.9
v -1.2 0.8 1.9
v -1.1 0.8 1.9
v -1 0.8 1.9
v -1.6 0.8 1.8
v -1.5 0.8 1.8
v -1.4 0.8 1.8
v -1.3 0.8 1.8
v -1.5 0.8 1.7
v -1.4 0.8 1.7
v -1.3 0.8 1.7
v -1.1 0.8 1.7
v -1.6 0.8 1.6
v -1.5 0.8 1.6
v -1.4 0.8 1.6
v -1.3 0.8 1.6
v -1.6 0.8 1.5
v -1.4 0.8 1.5
v -1.3 0.8 1.5
v -1.2 0.8 1.5
v -1.1 0.8 1.5
v -1.6 0.8 1.4
v -1.5 0.8 1.4
v -1.1 0.8 1.4
v -1 0.8 1.4
v -1.5 0.8 1.3
v -1.4 0.8 1.3
v -1.3 0.8 1.3
v -1.2 0.8 1.3
v -1.1 0.8 1.3
v -1 0.8 1.3
v -1.6 0.8 1.2
v -1.5 0.8 1.2
v -1.4 0.8 1.2
v -1.2 0.8 1.2
v -1.1 0.8 1.2
v -1 0.8 1.2
v -1.5 0.8 1.1
v -1.4 0.8 1.1
v -1.1 0.8 1.1
v -1 0.8 1.1
v -1.6 0.8 1
v -1.5 0.8 1
v -1.3 0.8 1
v -1.2 0.8 1
v -1.4 0.8 0.9
v -1.3 0.8 0.9
v -1.2 0.8 0.9
v -1.1 0.8 0.9
v -1 0.8 0.9
v -1.1 0.8 0.8
v -1 0.8 0.8
v -1.5 0.8 0.7
v -1.4 0.8 0.7
v -1.3 0.8 0.7
v -1.2 0.8 0.7
v -1.1 0.8 0.7
v -1 0.8 0.7
v -1.5 0.8 0.6
v -1.4 0.8 0.6
v -1.3 0.8 0.6
v -1.2 0.8 0.6
v -1.1 0.8 0.6
v -1 0.8 0.6
v -1.5 0.8 0.5
v -1.4 0.8 0.5
v -1.3 0.8 0.5
v -1.2 0.8 0.5
v -1.1 0.8 0.5
v -1 0.8 0.5
v -1.5 0.8 0.4
v -1.4 0.8 0.4
v -1.4 0.8 0.3
v -1.3 0.8 0.3
v -1.1 0.8 0.3
v -1 0.8 0.3
v -1.5 0.8 0.2
v -1.4 0.8 0.2
v -1.2 0.8 0.2
v -1.1 0.8 0.2
v -1 0.8 0.2
v -1.6 0.8 0.1
v -1.5 0.8 0.1
v -1.4 0.8 0.1
v -1.3 0.8 0.1
v -1.2 0.8 0.1
v -1 0.8 0.1
v -1.6 0.8 0
v -1.5 0.8 0
v -1.3 0.8 0
v -1.2 0.8 0
v -1.1 0.8 0
v -1 0.8 0
v -1.6 0.8 -0.1
v -1.5 0.8 -0.1
v -1.4 0.8 -0.1
v -1.3 0.8 -0.1
v -1.2 0.8 -0.1
v -1.1 0.8 -0.1
v -1.6 0.8 -0.2
v -1.5 0.8 -0.2
v -1.4 0.8 -0.2
v -1.3 0.8 -0.2
v -1.6 0.8 -0.3
v -1.5 0.8 -0.3
v -1.4 0.8 -0.3
v -1.3 0.8 -0.3
v -1.2 0.8 -0.3
v -1.1 0.8 -0.3
v -1 0.8 -0.3
v -1.6 0.8 -0.4
v -1.5 0.8 -0.4
v -1.4 0.8 -0.4
v -1.1 0.8 -0.4
v -1 0.8 -0.4
v -1.5 0.8 -0.5
v -1.4 0.8 -0.5
v -1.3 0.8 -0.5
v -1.2 0.8 -0.5
v -1.1 0.8 -0.5
v -1 0.8 -0.5
v -1.6 0.8 -0.6
v -1.5 0.8 -0.6
v -1.4 0.8 -0.6
v -1.3 0.8 -0.6
v -1.2 0.8 -0.6
v -1.5 0.8 -0.7
v -1.4 0.8 -0.7
v -1.3 0.8 -0.7
v -1.2 0.8 -0.7
v -1.1 0.8 -0.7
v -1 0.8 -0.7
v -1.6 0.8 -0.8
v -1.5 0.8 -0.8
v -1.4 0.8 -0.8
v -1.3 0.8 -0.8
v -1.2 0.8 -0.8
v -1.1 0.8 -0.8
v -1.6 0.8 -0.9
v -1.5 0.8 -0.9
v -1.3 0.8 -0.9
v -1.2 0.8 -0.9
v -1.1 0.8 -0.9
v -1 0.8 -0.9
v -1.4 0.8 -1
v -1.3 0.8 -1
v -1.2 0.8 -1
v -1.1 0.8 -1
v -1 0.8 -1
v -1.5 0.8 -1.1
v -1.4 0.8 -1.1
v -1.3 0.8 -1.1
v -1.1 0.8 -1.1
v -1 0.8 -1.1
v -1.6 0.8 -1.2
v -1.5 0.8 -1.2
v -1.1 0.8 -1.2
v -1 0.8 -1.2
v -1.6 0.8 -1.3
v -1.5 0.8 -1.3
v -1.4 0.8 -1.3
v -1.3 0.8 -1.3
v -1.2 0.8 -1.3
v -1.1 0.8 -1.3
v -1 0.8 -1.3
v -1.6 0.8 -1.4
v -1.5 0.8 -1.4
v -1.4 0.8 -1.4
v -1.3 0.8 -1.4
v -1.2 0.8 -1.4
v -1.1 0.8 -1.4
v -1 0.8 -1.4
v -1.6 0.8 -1.5
v -1.5 0.8 -1.5
v -1.3 0.8 -1.5
v -1.2 0.8 -1.5
v -1.4 0.8 -1.6
v -1.3 0.8 -1.6
v -1.2 0.8 -1.6
v -1.1 0.8 -1.6
v -1.5 0.8 -1.7
v -1.4 0.8 -1.7
v -1.3 0.8 -1.7
v -1.2 0.8 -1.7
v -1.1 0.8 -1.7
v -1 0.8 -1.7
v -1.6 0.8 -1.8
v -1.5 0.8 -1.8
v -1.4 0.8 -1.8
v -1.3 0.8 -1.8
v -1.2 0.8 -1.8
v -1.1 0.8 -1.8
v -1.5 0.8 -1.9
v -1.4 0.8 -1.9
v -1.3 0.8 -1.9
v -1.2 0.8 -1.9
v -1.1 0.8 -1.9
v -1 0.8 -1.9
v -1.6 0.8 -2
v -1.5 0.8 -2
v -1.4 0.8 -2
v -1.3 0.8 -2
v -1.2 0.8 -2
v -1.1 0.8 -2
v -1.6 0.8 -2.1
v -1.5 0.8 -2.1
v -1.4 0.8 -2.1
v -1.3 0.8 -2.1
v -1.2 0.8 -2.1
v -1.1 0.8 -2.1
v -1 0.8 -2.1
v -1.6 0.8 -2.2
v -1.5 0.8 -2.2
v -1.4 0.8 -2.2
v -1.3 0.8 -2.2
v -1.2 0.8 -2.2
v -1.1 0.8 -2.2
v -1 0.8 -2.2
v -1.6 0.8 -2.3
v -1.5 0.8 -2.3
v -1.4 0.8 -2.3
v -1.3 0.8 -2.3
v -1.2 0.8 -2.3
v -1.1 0.8 -2.3
v -1 0.8 -2.3
v -1.6 0.8 -2.4
v -1.5 0.8 -2.4
v -1.4 0.8 -2.4
v -1.3 0.8 -2.4
v -1.2 0.8 -2.4
v -1 0.8 -2.4
v -1.5 0.8 -2.5
v -1.4 0.8 -2.5
v -1.3 0.8 -2.5
v -1.2 0.8 -2.5
v -1 0.8 -2.5
v -1.6 0.8 -2.6
v -1.5 0.8 -2.6
v -1.4 0.8 -2.6
v -1.3 0.8 -2.6
v -1.2 0.8 -2.6
v -1 0.8 -2.6
v -1.6 0.8 -2.7
v -1.5 0.8 -2.7
v -1.4 0.8 -2.7
v -1.3 0.8 -2.7
v -1.2 0.8 -2.7
v -1.6 0.8 -2.8
v -1.5 0.8 -2.8
v -1.4 0.8 -2.8
v -1.3 0.8 -2.8
v -1.2 0.8 -2.8
v -1.1 0.8 -2.8
v -1 0.8 -2.8
v -1.6 0.8 -2.9
v -1.5 0.8 -2.9
v -1.1 0.8 -2.9
v -1 0.8 -2.9
v -1.4 0.8 -3
v -1.3 0.8 -3
v -1.2 0.8 -3
v -1.1 0.8 -3
v -1.6 0.8 -3.1
v -1.5 0.8 -3.1
v -1.4 0.8 -3.1
v -1.3 0.8 -3.1
v -1.2 0.8 -3.1
v -1.1 0.8 -3.1
v -1.6 0.8 -3.2
v -1.5 0.8 -3.2
v -1.5 0.8 -3.3
v -1.4 0.8 -3.3
v -1.3 0.8 -3.3
v -1.2 0.8 -3.3
v -1.5 0.8 -3.4
v -1.4 0.8 -3.4
v -1.3 0.8 -3.4
v -1.2 0.8 -3.4
v -1.6 0.8 -3.5
v -1.5 0.8 -3.5
v -1.4 0.8 -3.5
v -1.3 0.8 -3.5
v -1.6 0.8 -3.6
v -1.5 0.8 -3.6
v -1.4 0.8 -3.6
v -1.2 0.8 -3.6
v -1.6 0.8 -3.7
v -1.5 0.8 -3.7
v -1.4 0.8 -3.7
v -1.3 0.8 -3.7
v -1.2 0.8 -3.7
v -1.1 0.8 -3.7
v -1 0.8 -3.7
v -1.6 0.8 -3.8
v -1.5 0.8 -3.8
v -1.4 0.8 -3.8
v -1.3 0.8 -3.8
v -1.2 0.8 -3.8
v -1.1 0.8 -3.8
v -1 0.8 -3.8
v -1.1 0.8 -3.9
v -1 0.8 -3.9
v -1.6 0.8 -4
v -1.5 0.8 -4
v -1.1 0.8 -4
v -1 0.8 -4
v -1.6 0.8 -4.1
v -1.5 0.8 -4.1
v -1.4 0.8 -4.1
v -1.3 0.8 -4.1
v -1.2 0.8 -4.1
v -1.6 0.8 -4.2
v -1.5 0.8 -4.2
v -1.4 0.8 -4.2
v -1.3 0.8 -4.2
v -1.2 0.8 -4.2
v -1.1 0.8 -4.2
v -1.4 0.8 -4.3
v -1.3 0.8 -4.3
v -1.2 0.8 -4.3
v -1.1 0.8 -4.3
v -1 0.8 -4.3
v -1.6 0.8 -4.4
v -1.5 0.8 -4.4
v -1.4 0.8 -4.4
v -1.3 0.8 -4.4
v -1.2 0.8 -4.4
v -1.1 0.8 -4.4
v -1.6 0.8 -4.5
v -1.4 0.8 -4.5
v -1.3 0.8 -4.5
v -1.2 0.8 -4.5
v -1.1 0.8 -4.5
v -1 0.8 -4.5
v -1.5 0.8 -4.6
v -1.4 0.8 -4.6
v -1.3 0.8 -4.6
v -1.2 0.8 -4.6
v -1.1 0.8 -4.6
v -1 0.8 -4.6
v -1.5 0.8 -4.7
v -1.4 0.8 -4.7
v -1.3 0.8 -4.7
v -1.2 0.8 -4.7
v -1.1 0.8 -4.7
v -1.6 0.8 -4.8
v -1.5 0.8 -4.8
v -1.4 0.8 -4.8
v -1.2 0.8 -4.8
v -1.1 0.8 -4.8
v -1.5 0.8 -4.9
v -1.4 0.8 -4.9
v -1.3 0.8 -4.9
v -1.2 0.8 -4.9
v -1.1 0.8 -4.9
v -1 0.8 -4.9
v -1.5 0.8 -5
v -1.4 0.8 -5
v -1.1 0.8 -5
v -1 0.8 -5
v -1.6 0.8 -5.1
v -1.5 0.8 -5.1
v -1.4 0.8 -5.1
v -1.1 0.8 -5.1
v -1 0.8 -5.1
v -1.3 0.8 -5.2
v -1.2 0.8 -5.2
v -1.1 0.8 -5.2
v -1 0.8 -5.2
v -1.6 0.8 -5.3
v -1.5 0.8 -5.3
v -1.4 0.8 -5.3
v -1.3 0.8 -5.3
v -1.2 0.8 -5.3
v -1.1 0.8 -5.3
v -1 0.8 -5.3
v -1.4 0.8 -5.4
v -1.3 0.8 -5.4
v -1.2 0.8 -5.4
v -1.1 0.8 -5.4
v -1.6 0.8 -5.5
v -1.5 0.8 -5.5
v -1.4 0.8 -5.5
v -1.3 0.8 -5.5
v -1.2 0.8 -5.5
v -1.1 0.8 -5.5
v -1 0.8 -5.5
v -1.6 0.8 -5.6
v -1.5 0.8 -5.6
v -1.4 0.8 -5.6
v -1.3 0.8 -5.6
v -1.2 0.8 -5.6
v -1.1 0.8 -5.6
v -1 0.8 -5.6
v -1.5 0.8 -5.7
v -1.4 0.8 -5.7
v -1.3 0.8 -5.7
v -1.2 0.8 -5.7
v -1.1 0.8 -5.7
v -1 0.8 -5.7
v -1.5 0.8 -5.8
v -1.4 0.8 -5.8
v -1.3 0.8 -5.8
v -1.2 0.8 -5.8
v -1.1 0.8 -5.8
v -1 0.8 -5.8
v -1.6 0.8 -5.9
v -1.5 0.8 -5.9
v -1.4 0.8 -5.9
v -1.1 0.8 -5.9
v -1 0.8 -5.9
v -1.4 0.8 -6
v -1.3 0.8 -6
v -1.2 0.8 -6
v -1.1 0.8 -6
v -1 0.8 -6
v -1.6 0.8 -6.1
v -1.5 0.8 -6.1
v -1.4 0.8 -6.1
v -1.3 0.8 -6.1
v -1.2 0.8 -6.1
v -1.1 0.8 -6.1
v -1 0.8 -6.1
v -1.6 0.8 -6.2
v -1.5 0.8 -6.2
v -1.3 0.8 -6.2
v -1.2 0.8 -6.2
v -1.1 0.8 -6.2
v -1.6 0.8 -6.3
v -1.5 0.8 -6.3
v -1.3 0.8 -6.3
v -1.2 0.8 -6.3
v -1.1 0.8 -6.3
v -1 0.8 -6.3

# faces
f 92/6/1 2/6/1 1/6/1
f 93/7/1 3/7/1 2/7/1
f 93/6/1 2/6/1 92/6/1
f 94/6/1 4/6/1 3/6/1
f 94/7/1 3/7/1 93/7/1
f 95/6/1 4/6/1 94/6/1
f 96/8/1 5/8/1 4/8/1
f 96/6/1 4/6/1 95/6/1
f 97/7/1 6/7/1 5/7/1
f 97/8/1 5/8/1 96/8/1
f 98/7/1 6/7/1 97/7/1
f 99/6/1 7/6/1 6/6/1
f 99/7/1 8/7/1 7/7/1
f 100/7/1 8/7/1 99/7/1
f 101/8/1 9/8/1 8/8/1
f 101/7/1 8/7/1 100/7/1
f 102/6/1 10/6/1 9/6/1
f 102/8/1 9/8/1 101/8/1
f 103/7/1 11/7/1 10/7/1
f 103/6/1 10/6/1 102/6/1
f 104/6/1 12/6/1 11/6/1
f 104/7/1 11/7/1 103/7/1
f 105/6/1 12/6/1 104/6/1
f 106/6/1 12/6/1 105/6/1
f 107/8/1 13/8/1 12/8/1
f 107/6/1 12/6/1 106/6/1
f 108/6/1 14/6/1 13/6/1
f 108/8/1 13/8/1 107/8/1
f 109/7/1 15/7/1 14/7/1
f 109/6/1 14/6/1 108/6/1
f 110/6/1 16/6/1 15/6/1
f 110/7/1 15/7/1 109/7/1
f 111/6/1 16/6/1 110/6/1
f 112/5/1 17/5/1 16/5/1
f 112/6/1 18/6/1 17/6/1
f 113/6/1 18/6/1 112/6/1
f 114/6/1 20/6/1 19/6/1
f 114/5/1 21/5/1 20/5/1
f 115/6/1 22/6/1 21/6/1
f 115/5/1 21/5/1 114/5/1
f 116/5/1 23/5/1 22/5/1
f 116/6/1 22/6/1 115/6/1
f 117/6/1 24/6/1 23/6/1
f 117/5/1 23/5/1 116/5/1
f 118/5/1 25/5/1 24/5/1
f 118/6/1 24/6/1 117/6/1
f 119/6/1 26/6/1 25/6/1
f 119/5/1 25/5/1 118/5/1
f 120/5/1 27/5/1 26/5/1
f 120/6/1 26/6/1 119/6/1
f 121/6/1 28/6/1 27/6/1
f 121/5/1 27/5/1 120/5/1
f 122/7/1 29/7/1 28/7/1
f 122/6/1 28/6/1 121/6/1
f 123/6/1 30/6/1 29/6/1
f 123/7/1 29/7/1 122/7/1
f 124/7/1 31/7/1 30/7/1
f 124/6/1 30/6/1 123/6/1
f 125/8/1 32/8/1 31/8/1
f 125/7/1 33/7/1 32/7/1
f 126/6/1 34/6/1 33/6/1
f 126/7/1 33/7/1 125/7/1
f 127/8/1 35/8/1 34/8/1
f 127/6/1 34/6/1 126/6/1
f 128/7/1 36/7/1 35/7/1
f 128/8/1 35/8/1 127/8/1
f 129/7/1 36/7/1 128/7/1
f 130/5/1 37/5/1 36/5/1
f 130/7/1 36/7/1 129/7/1
f 131/5/1 37/5/1 130/5/1
f 132/4/1 38/4/1 37/4/1
f 132/5/1 37/5/1 131/5/1
f 133/6/1 39/6/1 38/6/1
f 133/4/1 38/4/1 132/4/1
f 134/4/1 40/4/1 39/4/1
f 134/6/1 39/6/1 133/6/1
f 135/5/1 41/5/1 40/5/1
f 135/4/1 40/4/1 134/4/1
f 136/4/1 42/4/1 41/4/1
f 136/5/1 41/5/1 135/5/1
f 137/4/1 42/4/1 136/4/1
f 138/5/1 43/5/1 42/5/1
f 138/6/1 44/6/1 43/6/1
f 139/6/1 44/6/1 138/6/1
f 140/6/1 44/6/1 139/6/1
f 141/6/1 44/6/1 140/6/1
f 142/6/1 44/6/1 141/6/1
f 143/5/1 45/5/1 44/5/1
f 143/6/1 44/6/1 142/6/1
f 144/7/1 46/7/1 45/7/1
f 144/5/1 45/5/1 143/5/1
f 145/6/1 47/6/1 46/6/1
f 145/7/1 46/7/1 144/7/1
f 146/7/1 48/7/1 47/7/1
f 146/6/1 47/6/1 145/6/1
f 147/8/1 49/8/1 48/8/1
f 147/7/1 48/7/1 146/7/1
f 148/7/1 50/7/1 49/7/1
f 148/8/1 49/8/1 147/8/1
f 149/8/1 51/8/1 50/8/1
f 149/7/1 50/7/1 148/7/1
f 150/6/1 52/6/1 51/6/1
f 150/8/1 51/8/1 149/8/1
f 151/8/1 53/8/1 52/8/1
f 151/6/1 52/6/1 150/6/1
f 152/7/1 54/7/1 53/7/1
f 152/8/1 53/8/1 151/8/1
f 153/7/1 54/7/1 152/7/1
f 154/8/1 55/8/1 54/8/1
f 154/7/1 54/7/1 153/7/1
f 155/6/1 56/6/1 55/6/1
f 155/8/1 55/8/1 154/8/1
f 156/7/1 57/7/1 56/7/1
f 156/6/1 56/6/1 155/6/1
f 157/5/1 58/5/1 57/5/1
f 157/7/1 57/7/1 156/7/1
f 158/6/1 59/6/1 58/6/1
f 158/5/1 58/5/1 157/5/1
f 159/7/1 60/7/1 59/7/1
f 159/6/1 59/6/1 158/6/1
f 160/7/1 60/7/1 159/7/1
f 161/5/1 61/5/1 60/5/1
f 161/7/1 60/7/1 160/7/1
f 162/7/1 62/7/1 61/7/1
f 162/5/1 61/5/1 161/5/1
f 163/6/1 63/6/1 62/6/1
f 163/8/1 64/8/1 63/8/1
f 164/7/1 65/7/1 64/7/1
f 164/8/1 64/8/1 163/8/1
f 165/6/1 66/6/1 65/6/1
f 165/7/1 65/7/1 164/7/1
f 166/7/1 67/7/1 66/7/1
f 166/6/1 66/6/1 165/6/1
f 167/7/1 67/7/1 166/7/1
f 168/7/1 67/7/1 167/7/1
f 169/6/1 68/6/1 67/6/1
f 169/7/1 67/7/1 168/7/1
f 170/6/1 68/6/1 169/6/1
f 171/8/1 69/8/1 68/8/1
f 171/6/1 68/6/1 170/6/1
f 172/6/1 70/6/1 69/6/1
f 172/8/1 69/8/1 171/8/1
f 173/7/1 71/7/1 70/7/1
f 173/6/1 70/6/1 172/6/1
f 174/6/1 72/6/1 71/6/1
f 174/7/1 71/7/1 173/7/1
f 175/7/1 73/7/1 72/7/1
f 175/6/1 72/6/1 174/6/1
f 176/7/1 73/7/1 175/7/1
f 177/6/1 74/6/1 73/6/1
f 177/7/1 73/7/1 176/7/1
f 178/6/1 74/6/1 177/6/1
f 179/7/1 75/7/1 74/7/1
f 179/6/1 74/6/1 178/6/1
f 180/6/1 76/6/1 75/6/1
f 180/7/1 75/7/1 179/7/1
f 181/7/1 77/7/1 76/7/1
f 181/6/1 76/6/1 180/6/1
f 182/5/1 78/5/1 77/5/1
f 182/7/1 77/7/1 181/7/1
f 183/5/1 80/5/1 79/5/1
f 183/6/1 81/6/1 80/6/1
f 184/5/1 82/5/1 81/5/1
f 184/6/1 81/6/1 183/6/1
f 185/6/1 83/6/1 82/6/1
f 185/5/1 82/5/1 184/5/1
f 186/5/1 84/5/1 83/5/1
f 186/6/1 83/6/1 185/6/1
f 187/5/1 84/5/1 186/5/1
f 188/5/1 84/5/1 187/5/1
f 189/6/1 85/6/1 84/6/1
f 189/5/1 84/5/1 188/5/1
f 190/7/1 86/7/1 85/7/1
f 190/6/1 85/6/1 189/6/1
f 191/6/1 87/6/1 86/6/1
f 191/7/1 86/7/1 190/7/1
f 192/8/1 88/8/1 87/8/1
f 192/6/1 87/6/1 191/6/1
f 193/7/1 89/7/1 88/7/1
f 193/8/1 88/8/1 192/8/1
f 194/6/1 90/6/1 89/6/1
f 194/7/1 89/7/1 193/7/1
f 195/7/1 91/7/1 90/7/1
f 195/6/1 90/6/1 194/6/1
f 196/7/1 91/7/1 195/7/1
f 197/5/1 93/5/1 92/5/1
f 197/6/1 94/6/1 93/6/1
f 198/5/1 95/5/1 94/5/1
f 198/6/1 94/6/1 197/6/1
f 199/7/1 96/7/1 95/7/1
f 199/5/1 95/5/1 198/5/1
f 200/5/1 97/5/1 96/5/1
f 200/7/1 96/7/1 199/7/1
f 201/7/1 6/7/1 98/7/1
f 201/6/1 98/6/1 97/6/1
f 202/6/1 99/6/1 6/6/1
f 202/7/1 6/7/1 201/7/1
f 203/6/1 99/6/1 202/6/1
f 204/5/1 100/5/1 99/5/1
f 204/6/1 99/6/1 203/6/1
f 205/5/1 100/5/1 204/5/1
f 206/6/1 101/6/1 100/6/1
f 206/5/1 100/5/1 205/5/1
f 206/6/1 102/6/1 101/6/1
f 207/5/1 103/5/1 102/5/1
f 207/6/1 104/6/1 103/6/1
f 208/7/1 105/7/1 104/7/1
f 208/6/1 104/6/1 207/6/1
f 209/5/1 106/5/1 105/5/1
f 209/7/1 105/7/1 208/7/1
f 210/6/1 107/6/1 106/6/1
f 210/5/1 106/5/1 209/5/1
f 211/7/1 108/7/1 107/7/1
f 211/6/1 107/6/1 210/6/1
f 212/6/1 109/6/1 108/6/1
f 212/7/1 108/7/1 211/7/1
f 212/6/1 110/6/1 109/6/1
f 213/6/1 110/6/1 212/6/1
f 214/7/1 111/7/1 110/7/1
f 214/6/1 110/6/1 213/6/1
f 215/6/1 16/6/1 111/6/1
f 215/7/1 111/7/1 214/7/1
f 216/5/1 113/5/1 112/5/1
f 216/6/1 16/6/1 215/6/1
f 216/5/1 112/5/1 16/5/1
f 217/5/1 113/5/1 216/5/1
f 218/6/1 18/6/1 113/6/1
f 218/5/1 113/5/1 217/5/1
f 219/6/1 114/6/1 19/6/1
f 219/8/1 115/8/1 114/8/1
f 219/8/1 116/8/1 115/8/1
f 220/7/1 117/7/1 116/7/1
f 220/8/1 116/8/1 219/8/1
f 221/7/1 117/7/1 220/7/1
f 222/8/1 118/8/1 117/8/1
f 222/7/1 117/7/1 221/7/1
f 223/6/1 119/6/1 118/6/1
f 223/8/1 118/8/1 222/8/1
f 224/8/1 120/8/1 119/8/1
f 224/6/1 119/6/1 223/6/1
f 225/6/1 121/6/1 120/6/1
f 225/8/1 120/8/1 224/8/1
f 226/7/1 122/7/1 121/7/1
f 226/6/1 121/6/1 225/6/1
f 227/6/1 123/6/1 122/6/1
f 227/7/1 122/7/1 226/7/1
f 228/8/1 124/8/1 123/8/1
f 228/6/1 123/6/1 227/6/1
f 229/7/1 31/7/1 124/7/1
f 229/8/1 124/8/1 228/8/1
f 230/8/1 126/8/1 125/8/1
f 230/8/1 127/8/1 126/8/1
f 231/7/1 128/7/1 127/7/1
f 231/8/1 127/8/1 230/8/1
f 232/5/1 129/5/1 128/5/1
f 232/7/1 128/7/1 231/7/1
f 233/5/1 129/5/1 232/5/1
f 234/7/1 130/7/1 129/7/1
f 234/5/1 129/5/1 233/5/1
f 235/6/1 131/6/1 130/6/1
f 235/7/1 130/7/1 234/7/1
f 236/7/1 132/7/1 131/7/1
f 236/6/1 131/6/1 235/6/1
f 236/7/1 133/7/1 132/7/1
f 237/7/1 133/7/1 236/7/1
f 238/6/1 134/6/1 133/6/1
f 238/7/1 133/7/1 237/7/1
f 239/5/1 135/5/1 134/5/1
f 239/6/1 134/6/1 238/6/1
f 240/6/1 137/6/1 136/6/1
f 240/5/1 135/5/1 239/5/1
f 240/6/1 136/6/1 135/6/1
f 241/6/1 137/6/1 240/6/1
f 242/4/1 42/4/1 137/4/1
f 242/6/1 137/6/1 241/6/1
f 243/5/1 138/5/1 42/5/1
f 243/4/1 42/4/1 242/4/1
f 243/5/1 139/5/1 138/5/1
f 244/5/1 139/5/1 243/5/1
f 245/4/1 140/4/1 139/4/1
f 245/5/1 139/5/1 244/5/1
f 246/5/1 141/5/1 140/5/1
f 246/4/1 140/4/1 245/4/1
f 247/5/1 141/5/1 246/5/1
f 248/6/1 142/6/1 141/6/1
f 248/5/1 141/5/1 247/5/1
f 249/5/1 143/5/1 142/5/1
f 249/6/1 142/6/1 248/6/1
f 249/5/1 144/5/1 143/5/1
f 250/5/1 144/5/1 249/5/1
f 251/4/1 145/4/1 144/4/1
f 251/5/1 144/5/1 250/5/1
f 252/6/1 146/6/1 145/6/1
f 252/4/1 145/4/1 251/4/1
f 253/5/1 147/5/1 146/5/1
f 253/6/1 146/6/1 252/6/1
f 253/5/1 148/5/1 147/5/1
f 253/5/1 149/5/1 148/5/1
f 254/5/1 149/5/1 253/5/1
f 255/5/1 149/5/1 254/5/1
f 256/6/1 150/6/1 149/6/1
f 256/5/1 149/5/1 255/5/1
f 256/6/1 151/6/1 150/6/1
f 257/6/1 151/6/1 256/6/1
f 258/7/1 153/7/1 152/7/1
f 258/6/1 151/6/1 257/6/1
f 258/7/1 152/7/1 151/7/1
f 259/8/1 154/8/1 153/8/1
f 259/7/1 153/7/1 258/7/1
f 260/7/1 155/7/1 154/7/1
f 260/8/1 154/8/1 259/8/1
f 261/8/1 156/8/1 155/8/1
f 261/7/1 155/7/1 260/7/1
f 261/8/1 157/8/1 156/8/1
f 262/8/1 157/8/1 261/8/1
f 263/6/1 158/6/1 157/6/1
f 263/8/1 157/8/1 262/8/1
f 264/6/1 158/6/1 263/6/1
f 265/7/1 160/7/1 159/7/1
f 265/6/1 158/6/1 264/6/1
f 265/7/1 159/7/1 158/7/1
f 266/7/1 160/7/1 265/7/1
f 267/8/1 161/8/1 160/8/1
f 267/7/1 160/7/1 266/7/1
f 267/8/1 162/8/1 161/8/1
f 268/8/1 162/8/1 267/8/1
f 269/7/1 62/7/1 162/7/1
f 269/8/1 162/8/1 268/8/1
f 270/6/1 163/6/1 62/6/1
f 270/7/1 62/7/1 269/7/1
f 271/7/1 164/7/1 163/7/1
f 271/6/1 163/6/1 270/6/1
f 271/7/1 165/7/1 164/7/1
f 272/4/1 166/4/1 165/4/1
f 272/7/1 165/7/1 271/7/1
f 273/6/1 167/6/1 166/6/1
f 273/4/1 166/4/1 272/4/1
f 274/5/1 168/5/1 167/5/1
f 274/6/1 167/6/1 273/6/1
f 275/6/1 170/6/1 169/6/1
f 275/5/1 168/5/1 274/5/1
f 275/6/1 169/6/1 168/6/1
f 276/6/1 170/6/1 275/6/1
f 277/6/1 170/6/1 276/6/1
f 278/4/1 171/4/1 170/4/1
f 278/6/1 170/6/1 277/6/1
f 279/5/1 172/5/1 171/5/1
f 279/4/1 171/4/1 278/4/1
f 280/4/1 173/4/1 172/4/1
f 280/5/1 172/5/1 279/5/1
f 281/5/1 174/5/1 173/5/1
f 281/4/1 173/4/1 280/4/1
f 282/4/1 175/4/1 174/4/1
f 282/5/1 174/5/1 281/5/1
f 283/5/1 176/5/1 175/5/1
f 283/4/1 175/4/1 282/4/1
f 284/4/1 178/4/1 177/4/1
f 284/5/1 176/5/1 283/5/1
f 284/4/1 177/4/1 176/4/1
f 285/5/1 179/5/1 178/5/1
f 285/4/1 178/4/1 284/4/1
f 286/6/1 180/6/1 179/6/1
f 286/5/1 179/5/1 285/5/1
f 287/5/1 181/5/1 180/5/1
f 287/6/1 180/6/1 286/6/1
f 287/5/1 182/5/1 181/5/1
f 288/5/1 78/5/1 182/5/1
f 288/5/1 182/5/1 287/5/1
f 289/4/1 79/4/1 78/4/1
f 289/5/1 78/5/1 288/5/1
f 290/5/1 183/5/1 79/5/1
f 290/4/1 79/4/1 289/4/1
f 290/5/1 184/5/1 183/5/1
f 291/4/1 185/4/1 184/4/1
f 291/5/1 184/5/1 290/5/1
f 292/5/1 186/5/1 185/5/1
f 292/4/1 185/4/1 291/4/1
f 292/5/1 187/5/1 186/5/1
f 293/6/1 188/6/1 187/6/1
f 293/5/1 187/5/1 292/5/1
f 294/5/1 189/5/1 188/5/1
f 294/6/1 188/6/1 293/6/1
f 294/5/1 190/5/1 189/5/1
f 295/6/1 191/6/1 190/6/1
f 295/5/1 190/5/1 294/5/1
f 295/6/1 192/6/1 191/6/1
f 296/5/1 194/5/1 193/5/1
f 296/6/1 192/6/1 295/6/1
f 296/5/1 195/5/1 194/5/1
f 296/5/1 193/5/1 192/5/1
f 296/5/1 196/5/1 195/5/1
f 297/5/1 196/5/1 296/5/1
f 298/5/1 196/5/1 297/5/1
f 299/5/1 196/5/1 298/5/1
f 300/5/1 196/5/1 299/5/1
f 301/5/1 197/5/1 92/5/1
f 301/5/1 198/5/1 197/5/1
f 301/5/1 200/5/1 199/5/1
f 301/5/1 199/5/1 198/5/1
f 302/5/1 200/5/1 301/5/1
f 303/5/1 200/5/1 302/5/1
f 304/5/1 97/5/1 200/5/1
f 304/5/1 200/5/1 303/5/1
f 305/6/1 201/6/1 97/6/1
f 305/5/1 97/5/1 304/5/1
f 306/5/1 203/5/1 202/5/1
f 306/6/1 201/6/1 305/6/1
f 306/5/1 202/5/1 201/5/1
f 307/4/1 204/4/1 203/4/1
f 307/5/1 203/5/1 306/5/1
f 308/5/1 205/5/1 204/5/1
f 308/4/1 204/4/1 307/4/1
f 309/6/1 206/6/1 205/6/1
f 309/5/1 205/5/1 308/5/1
f 310/6/1 102/6/1 206/6/1
f 310/6/1 206/6/1 309/6/1
f 311/6/1 102/6/1 310/6/1
f 312/5/1 208/5/1 207/5/1
f 312/6/1 102/6/1 311/6/1
f 312/5/1 209/5/1 208/5/1
f 312/5/1 207/5/1 102/5/1
f 313/5/1 209/5/1 312/5/1
f 314/5/1 209/5/1 313/5/1
f 315/4/1 210/4/1 209/4/1
f 315/5/1 209/5/1 314/5/1
f 315/4/1 211/4/1 210/4/1
f 316/4/1 211/4/1 315/4/1
f 317/5/1 212/5/1 211/5/1
f 317/4/1 211/4/1 316/4/1
f 318/6/1 213/6/1 212/6/1
f 318/5/1 212/5/1 317/5/1
f 319/6/1 213/6/1 318/6/1
f 320/5/1 214/5/1 213/5/1
f 320/6/1 213/6/1 319/6/1
f 321/6/1 215/6/1 214/6/1
f 321/5/1 214/5/1 320/5/1
f 322/4/1 217/4/1 216/4/1
f 322/6/1 215/6/1 321/6/1
f 322/4/1 216/4/1 215/4/1
f 323/4/1 217/4/1 322/4/1
f 324/6/1 218/6/1 217/6/1
f 324/4/1 217/4/1 323/4/1
f 325/6/1 18/6/1 218/6/1
f 325/6/1 218/6/1 324/6/1
f 326/5/1 19/5/1 18/5/1
f 326/6/1 18/6/1 325/6/1
f 327/6/1 219/6/1 19/6/1
f 327/5/1 19/5/1 326/5/1
f 328/5/1 220/5/1 219/5/1
f 328/6/1 219/6/1 327/6/1
f 329/4/1 221/4/1 220/4/1
f 329/5/1 220/5/1 328/5/1
f 330/5/1 222/5/1 221/5/1
f 330/4/1 221/4/1 329/4/1
f 331/6/1 223/6/1 222/6/1
f 331/5/1 222/5/1 330/5/1
f 331/6/1 224/6/1 223/6/1
f 332/6/1 224/6/1 331/6/1
f 333/5/1 225/5/1 224/5/1
f 333/6/1 224/6/1 332/6/1
f 334/6/1 226/6/1 225/6/1
f 334/5/1 225/5/1 333/5/1
f 334/6/1 227/6/1 226/6/1
f 335/6/1 227/6/1 334/6/1
f 336/4/1 228/4/1 227/4/1
f 336/6/1 227/6/1 335/6/1
f 337/5/1 229/5/1 228/5/1
f 337/4/1 228/4/1 336/4/1
f 338/7/1 31/7/1 229/7/1
f 338/5/1 229/5/1 337/5/1
f 339/8/1 125/8/1 31/8/1
f 339/7/1 31/7/1 338/7/1
f 339/8/1 230/8/1 125/8/1
f 340/8/1 230/8/1 339/8/1
f 341/7/1 231/7/1 230/7/1
f 341/8/1 230/8/1 340/8/1
f 341/7/1 232/7/1 231/7/1
f 341/7/1 233/7/1 232/7/1
f 342/7/1 233/7/1 341/7/1
f 343/7/1 233/7/1 342/7/1
f 344/6/1 234/6/1 233/6/1
f 344/7/1 233/7/1 343/7/1
f 345/7/1 235/7/1 234/7/1
f 345/6/1 234/6/1 344/6/1
f 346/8/1 236/8/1 235/8/1
f 346/7/1 235/7/1 345/7/1
f 347/6/1 237/6/1 236/6/1
f 347/8/1 236/8/1 346/8/1
f 348/7/1 238/7/1 237/7/1
f 348/6/1 237/6/1 347/6/1
f 348/7/1 239/7/1 238/7/1
f 349/7/1 239/7/1 348/7/1
f 350/6/1 241/6/1 240/6/1
f 350/7/1 239/7/1 349/7/1
f 350/6/1 240/6/1 239/6/1
f 351/7/1 242/7/1 241/7/1
f 351/6/1 241/6/1 350/6/1
f 352/6/1 243/6/1 242/6/1
f 352/7/1 242/7/1 351/7/1
f 353/7/1 244/7/1 243/7/1
f 353/6/1 243/6/1 352/6/1
f 354/8/1 245/8/1 244/8/1
f 354/7/1 244/7/1 353/7/1
f 355/7/1 246/7/1 245/7/1
f 355/8/1 245/8/1 354/8/1
f 356/6/1 247/6/1 246/6/1
f 356/7/1 246/7/1 355/7/1
f 357/7/1 248/7/1 247/7/1
f 357/6/1 247/6/1 356/6/1
f 358/6/1 249/6/1 248/6/1
f 358/7/1 248/7/1 357/7/1
f 359/7/1 250/7/1 249/7/1
f 359/6/1 249/6/1 358/6/1
f 360/8/1 251/8/1 250/8/1
f 360/7/1 250/7/1 359/7/1
f 360/8/1 252/8/1 251/8/1
f 361/8/1 252/8/1 360/8/1
f 362/8/1 252/8/1 361/8/1
f 363/8/1 252/8/1 362/8/1
f 364/4/1 253/4/1 252/4/1
f 364/8/1 252/8/1 363/8/1
f 365/5/1 254/5/1 253/5/1
f 365/4/1 253/4/1 364/4/1
f 366/5/1 257/5/1 256/5/1
f 366/5/1 256/5/1 255/5/1
f 367/6/1 258/6/1 257/6/1
f 367/5/1 257/5/1 366/5/1
f 368/5/1 259/5/1 258/5/1
f 368/6/1 258/6/1 367/6/1
f 369/4/1 260/4/1 259/4/1
f 369/5/1 259/5/1 368/5/1
f 369/4/1 262/4/1 261/4/1
f 369/4/1 261/4/1 260/4/1
f 370/4/1 262/4/1 369/4/1
f 371/6/1 264/6/1 263/6/1
f 371/4/1 262/4/1 370/4/1
f 371/6/1 263/6/1 262/6/1
f 372/6/1 264/6/1 371/6/1
f 373/5/1 266/5/1 265/5/1
f 373/6/1 264/6/1 372/6/1
f 373/5/1 265/5/1 264/5/1
f 374/6/1 268/6/1 267/6/1
f 374/4/1 267/4/1 266/4/1
f 375/4/1 269/4/1 268/4/1
f 375/6/1 268/6/1 374/6/1
f 375/4/1 270/4/1 269/4/1
f 376/5/1 273/5/1 272/5/1
f 376/4/1 270/4/1 375/4/1
f 376/5/1 274/5/1 273/5/1
f 376/5/1 275/5/1 274/5/1
f 376/5/1 271/5/1 270/5/1
f 376/5/1 272/5/1 271/5/1
f 377/5/1 275/5/1 376/5/1
f 378/5/1 275/5/1 377/5/1
f 379/5/1 275/5/1 378/5/1
f 380/5/1 275/5/1 379/5/1
f 381/5/1 275/5/1 380/5/1
f 382/4/1 276/4/1 275/4/1
f 382/5/1 275/5/1 381/5/1
f 383/5/1 277/5/1 276/5/1
f 383/4/1 276/4/1 382/4/1
f 384/4/1 278/4/1 277/4/1
f 384/5/1 277/5/1 383/5/1
f 385/5/1 279/5/1 278/5/1
f 385/4/1 278/4/1 384/4/1
f 386/4/1 280/4/1 279/4/1
f 386/5/1 279/5/1 385/5/1
f 387/8/1 281/8/1 280/8/1
f 387/4/1 280/4/1 386/4/1
f 388/6/1 282/6/1 281/6/1
f 388/8/1 281/8/1 387/8/1
f 389/7/1 283/7/1 282/7/1
f 389/6/1 282/6/1 388/6/1
f 389/7/1 284/7/1 283/7/1
f 389/7/1 285/7/1 284/7/1
f 389/7/1 286/7/1 285/7/1
f 390/7/1 286/7/1 389/7/1
f 391/7/1 286/7/1 390/7/1
f 392/7/1 286/7/1 391/7/1
f 393/7/1 286/7/1 392/7/1
f 394/7/1 288/7/1 287/7/1
f 394/6/1 287/6/1 286/6/1
f 395/6/1 289/6/1 288/6/1
f 395/7/1 288/7/1 394/7/1
f 396/8/1 290/8/1 289/8/1
f 396/6/1 289/6/1 395/6/1
f 397/7/1 295/7/1 294/7/1
f 397/8/1 290/8/1 396/8/1
f 397/7/1 292/7/1 291/7/1
f 397/7/1 293/7/1 292/7/1
f 397/7/1 294/7/1 293/7/1
f 397/7/1 291/7/1 290/7/1
f 398/7/1 295/7/1 397/7/1
f 399/7/1 295/7/1 398/7/1
f 400/7/1 295/7/1 399/7/1
f 401/7/1 295/7/1 400/7/1
f 402/5/1 296/5/1 295/5/1
f 402/7/1 295/7/1 401/7/1
f 403/7/1 297/7/1 296/7/1
f 403/5/1 296/5/1 402/5/1
f 404/6/1 298/6/1 297/6/1
f 404/7/1 297/7/1 403/7/1
f 405/5/1 299/5/1 298/5/1
f 405/6/1 298/6/1 404/6/1
f 406/6/1 300/6/1 299/6/1
f 406/5/1 299/5/1 405/5/1
f 407/6/1 300/6/1 406/6/1
f 408/5/1 301/5/1 92/5/1
f 409/6/1 302/6/1 301/6/1
f 409/5/1 301/5/1 408/5/1
f 410/5/1 303/5/1 302/5/1
f 410/6/1 302/6/1 409/6/1
f 411/6/1 304/6/1 303/6/1
f 411/5/1 303/5/1 410/5/1
f 412/5/1 305/5/1 304/5/1
f 412/6/1 304/6/1 411/6/1
f 413/7/1 307/7/1 306/7/1
f 413/5/1 305/5/1 412/5/1
f 413/7/1 306/7/1 305/7/1
f 413/7/1 308/7/1 307/7/1
f 414/7/1 308/7/1 413/7/1
f 415/7/1 308/7/1 414/7/1
f 416/6/1 309/6/1 308/6/1
f 416/7/1 308/7/1 415/7/1
f 416/6/1 310/6/1 309/6/1
f 417/6/1 310/6/1 416/6/1
f 418/7/1 311/7/1 310/7/1
f 418/6/1 310/6/1 417/6/1
f 419/8/1 312/8/1 311/8/1
f 419/7/1 311/7/1 418/7/1
f 420/7/1 313/7/1 312/7/1
f 420/8/1 312/8/1 419/8/1
f 421/6/1 314/6/1 313/6/1
f 421/8/1 315/8/1 314/8/1
f 422/7/1 316/7/1 315/7/1
f 422/8/1 315/8/1 421/8/1
f 423/6/1 317/6/1 316/6/1
f 423/7/1 316/7/1 422/7/1
f 424/7/1 318/7/1 317/7/1
f 424/6/1 317/6/1 423/6/1
f 425/8/1 319/8/1 318/8/1
f 425/7/1 318/7/1 424/7/1
f 426/7/1 320/7/1 319/7/1
f 426/8/1 319/8/1 425/8/1
f 427/8/1 321/8/1 320/8/1
f 427/7/1 320/7/1 426/7/1
f 428/6/1 322/6/1 321/6/1
f 428/8/1 321/8/1 427/8/1
f 429/7/1 323/7/1 322/7/1
f 429/6/1 322/6/1 428/6/1
f 430/8/1 324/8/1 323/8/1
f 430/7/1 323/7/1 429/7/1
f 431/6/1 325/6/1 324/6/1
f 431/8/1 324/8/1 430/8/1
f 432/7/1 326/7/1 325/7/1
f 432/6/1 325/6/1 431/6/1
f 433/6/1 328/6/1 327/6/1
f 433/7/1 326/7/1 432/7/1
f 433/6/1 327/6/1 326/6/1
f 434/6/1 328/6/1 433/6/1
f 435/7/1 329/7/1 328/7/1
f 436/6/1 330/6/1 329/6/1
f 436/7/1 329/7/1 435/7/1
f 437/7/1 331/7/1 330/7/1
f 437/6/1 330/6/1 436/6/1
f 438/6/1 332/6/1 331/6/1
f 438/7/1 331/7/1 437/7/1
f 439/7/1 333/7/1 332/7/1
f 439/6/1 332/6/1 438/6/1
f 440/8/1 334/8/1 333/8/1
f 440/7/1 333/7/1 439/7/1
f 441/7/1 335/7/1 334/7/1
f 441/8/1 334/8/1 440/8/1
f 442/6/1 337/6/1 336/6/1
f 442/7/1 335/7/1 441/7/1
f 442/6/1 336/6/1 335/6/1
f 443/8/1 338/8/1 337/8/1
f 443/6/1 337/6/1 442/6/1
f 443/8/1 340/8/1 339/8/1
f 443/8/1 339/8/1 338/8/1
f 444/8/1 340/8/1 443/8/1
f 445/8/1 340/8/1 444/8/1
f 446/7/1 341/7/1 340/7/1
f 446/8/1 340/8/1 445/8/1
f 447/6/1 342/6/1 341/6/1
f 447/7/1 341/7/1 446/7/1
f 448/5/1 343/5/1 342/5/1
f 448/6/1 342/6/1 447/6/1
f 449/6/1 344/6/1 343/6/1
f 449/5/1 343/5/1 448/5/1
f 449/6/1 345/6/1 344/6/1
f 450/4/1 346/4/1 345/4/1
f 450/6/1 345/6/1 449/6/1
f 450/4/1 347/4/1 346/4/1
f 450/4/1 348/4/1 347/4/1
f 451/4/1 348/4/1 450/4/1
f 452/4/1 348/4/1 451/4/1
f 453/6/1 349/6/1 348/6/1
f 453/4/1 348/4/1 452/4/1
f 454/5/1 351/5/1 350/5/1
f 454/6/1 349/6/1 453/6/1
f 454/5/1 350/5/1 349/5/1
f 455/5/1 351/5/1 454/5/1
f 456/5/1 351/5/1 455/5/1
f 457/7/1 352/7/1 351/7/1
f 457/5/1 351/5/1 456/5/1
f 457/7/1 353/7/1 352/7/1
f 458/7/1 353/7/1 457/7/1
f 459/8/1 354/8/1 353/8/1
f 459/7/1 353/7/1 458/7/1
f 460/7/1 355/7/1 354/7/1
f 460/8/1 354/8/1 459/8/1
f 460/7/1 356/7/1 355/7/1
f 460/7/1 358/7/1 357/7/1
f 460/7/1 357/7/1 356/7/1
f 461/8/1 359/8/1 358/8/1
f 461/7/1 358/7/1 460/7/1
f 462/6/1 360/6/1 359/6/1
f 462/8/1 359/8/1 461/8/1
f 463/4/1 361/4/1 360/4/1
f 463/6/1 360/6/1 462/6/1
f 464/6/1 362/6/1 361/6/1
f 464/4/1 361/4/1 463/4/1
f 465/5/1 363/5/1 362/5/1
f 465/6/1 362/6/1 464/6/1
f 466/6/1 364/6/1 363/6/1
f 466/5/1 363/5/1 465/5/1
f 467/4/1 255/4/1 254/4/1
f 467/5/1 254/5/1 365/5/1
f 467/5/1 365/5/1 364/5/1
f 468/5/1 366/5/1 255/5/1
f 468/4/1 255/4/1 467/4/1
f 469/6/1 367/6/1 366/6/1
f 469/5/1 366/5/1 468/5/1
f 470/5/1 368/5/1 367/5/1
f 470/6/1 367/6/1 469/6/1
f 471/6/1 370/6/1 369/6/1
f 471/5/1 368/5/1 470/5/1
f 471/6/1 369/6/1 368/6/1
f 472/6/1 370/6/1 471/6/1
f 473/5/1 372/5/1 371/5/1
f 473/6/1 370/6/1 472/6/1
f 473/5/1 371/5/1 370/5/1
f 474/4/1 373/4/1 372/4/1
f 474/5/1 372/5/1 473/5/1
f 475/5/1 266/5/1 373/5/1
f 475/4/1 373/4/1 474/4/1
f 476/5/1 266/5/1 475/5/1
f 477/4/1 374/4/1 266/4/1
f 477/5/1 266/5/1 476/5/1
f 478/5/1 375/5/1 374/5/1
f 478/6/1 376/6/1 375/6/1
f 479/7/1 377/7/1 376/7/1
f 479/6/1 376/6/1 478/6/1
f 480/6/1 378/6/1 377/6/1
f 480/7/1 377/7/1 479/7/1
f 481/7/1 379/7/1 378/7/1
f 481/6/1 378/6/1 480/6/1
f 482/6/1 380/6/1 379/6/1
f 482/7/1 379/7/1 481/7/1
f 483/7/1 381/7/1 380/7/1
f 483/6/1 380/6/1 482/6/1
f 484/6/1 382/6/1 381/6/1
f 484/7/1 381/7/1 483/7/1
f 484/6/1 383/6/1 382/6/1
f 485/6/1 383/6/1 484/6/1
f 486/7/1 384/7/1 383/7/1
f 486/6/1 383/6/1 485/6/1
f 487/6/1 385/6/1 384/6/1
f 487/7/1 384/7/1 486/7/1
f 488/5/1 387/5/1 386/5/1
f 488/6/1 385/6/1 487/6/1
f 488/5/1 386/5/1 385/5/1
f 489/5/1 387/5/1 488/5/1
f 490/7/1 388/7/1 387/7/1
f 490/5/1 387/5/1 489/5/1
f 491/6/1 390/6/1 389/6/1
f 491/7/1 388/7/1 490/7/1
f 491/6/1 389/6/1 388/6/1
f 492/7/1 391/7/1 390/7/1
f 492/6/1 390/6/1 491/6/1
f 493/5/1 392/5/1 391/5/1
f 493/7/1 391/7/1 492/7/1
f 494/6/1 393/6/1 392/6/1
f 494/5/1 392/5/1 493/5/1
f 495/7/1 286/7/1 393/7/1
f 495/6/1 393/6/1 494/6/1
f 496/6/1 396/6/1 395/6/1
f 496/7/1 286/7/1 495/7/1
f 496/6/1 394/6/1 286/6/1
f 496/6/1 395/6/1 394/6/1
f 497/6/1 396/6/1 496/6/1
f 498/6/1 396/6/1 497/6/1
f 499/7/1 397/7/1 396/7/1
f 499/6/1 396/6/1 498/6/1
f 499/7/1 398/7/1 397/7/1
f 500/7/1 398/7/1 499/7/1
f 501/6/1 399/6/1 398/6/1
f 501/7/1 398/7/1 500/7/1
f 502/7/1 400/7/1 399/7/1
f 502/6/1 399/6/1 501/6/1
f 503/8/1 401/8/1 400/8/1
f 503/7/1 400/7/1 502/7/1
f 504/7/1 402/7/1 401/7/1
f 504/8/1 401/8/1 503/8/1
f 504/7/1 403/7/1 402/7/1
f 505/7/1 403/7/1 504/7/1
f 506/7/1 403/7/1 505/7/1
f 507/6/1 404/6/1 403/6/1
f 507/7/1 403/7/1 506/7/1
f 508/7/1 405/7/1 404/7/1
f 508/6/1 404/6/1 507/6/1
f 509/7/1 405/7/1 508/7/1
f 510/8/1 406/8/1 405/8/1
f 510/7/1 405/7/1 509/7/1
f 511/7/1 407/7/1 406/7/1
f 511/8/1 406/8/1 510/8/1
f 512/7/1 407/7/1 511/7/1
f 513/7/1 409/7/1 408/7/1
f 513/7/1 411/7/1 410/7/1
f 513/7/1 410/7/1 409/7/1
f 514/7/1 411/7/1 513/7/1
f 515/7/1 411/7/1 514/7/1
f 516/6/1 412/6/1 411/6/1
f 516/7/1 411/7/1 515/7/1
f 517/7/1 413/7/1 412/7/1
f 517/6/1 412/6/1 516/6/1
f 518/6/1 414/6/1 413/6/1
f 518/7/1 413/7/1 517/7/1
f 519/5/1 415/5/1 414/5/1
f 519/6/1 414/6/1 518/6/1
f 520/7/1 417/7/1 416/7/1
f 520/5/1 415/5/1 519/5/1
f 520/7/1 416/7/1 415/7/1
f 521/7/1 417/7/1 520/7/1
f 522/7/1 417/7/1 521/7/1
f 523/6/1 418/6/1 417/6/1
f 523/7/1 417/7/1 522/7/1
f 524/5/1 419/5/1 418/5/1
f 524/6/1 418/6/1 523/6/1
f 525/7/1 420/7/1 419/7/1
f 525/5/1 419/5/1 524/5/1
f 526/7/1 313/7/1 420/7/1
f 526/7/1 420/7/1 525/7/1
f 526/6/1 421/6/1 313/6/1
f 527/7/1 422/7/1 421/7/1
f 527/6/1 421/6/1 526/6/1
f 527/7/1 423/7/1 422/7/1
f 528/7/1 423/7/1 527/7/1
f 529/8/1 424/8/1 423/8/1
f 529/7/1 423/7/1 528/7/1
f 530/7/1 426/7/1 425/7/1
f 530/8/1 424/8/1 529/8/1
f 530/7/1 425/7/1 424/7/1
f 530/7/1 429/7/1 428/7/1
f 530/7/1 428/7/1 427/7/1
f 530/7/1 427/7/1 426/7/1
f 531/7/1 429/7/1 530/7/1
f 532/7/1 429/7/1 531/7/1
f 533/8/1 430/8/1 429/8/1
f 533/7/1 429/7/1 532/7/1
f 533/8/1 431/8/1 430/8/1
f 534/8/1 431/8/1 533/8/1
f 535/7/1 432/7/1 431/7/1
f 535/8/1 431/8/1 534/8/1
f 536/6/1 433/6/1 432/6/1
f 536/7/1 432/7/1 535/7/1
f 537/6/1 328/6/1 434/6/1
f 537/8/1 434/8/1 433/8/1
f 538/7/1 435/7/1 328/7/1
f 538/6/1 328/6/1 537/6/1
f 539/8/1 437/8/1 436/8/1
f 539/7/1 435/7/1 538/7/1
f 539/8/1 438/8/1 437/8/1
f 539/8/1 436/8/1 435/8/1
f 540/8/1 438/8/1 539/8/1
f 541/8/1 438/8/1 540/8/1
f 542/8/1 438/8/1 541/8/1
f 543/7/1 439/7/1 438/7/1
f 543/8/1 438/8/1 542/8/1
f 544/8/1 440/8/1 439/8/1
f 544/7/1 439/7/1 543/7/1
f 545/6/1 441/6/1 440/6/1
f 545/8/1 440/8/1 544/8/1
f 546/7/1 442/7/1 441/7/1
f 546/6/1 441/6/1 545/6/1
f 547/8/1 443/8/1 442/8/1
f 547/7/1 442/7/1 546/7/1
f 548/7/1 444/7/1 443/7/1
f 548/8/1 443/8/1 547/8/1
f 549/6/1 445/6/1 444/6/1
f 549/7/1 444/7/1 548/7/1
f 550/7/1 446/7/1 445/7/1
f 550/6/1 445/6/1 549/6/1
f 551/8/1 447/8/1 446/8/1
f 551/7/1 446/7/1 550/7/1
f 552/6/1 448/6/1 447/6/1
f 552/8/1 447/8/1 551/8/1
f 552/6/1 449/6/1 448/6/1
f 552/6/1 450/6/1 449/6/1
f 553/6/1 450/6/1 552/6/1
f 554/6/1 450/6/1 553/6/1
f 555/5/1 451/5/1 450/5/1
f 555/6/1 450/6/1 554/6/1
f 556/7/1 452/7/1 451/7/1
f 556/5/1 451/5/1 555/5/1
f 557/6/1 454/6/1 453/6/1
f 557/6/1 453/6/1 452/6/1
f 557/6/1 455/6/1 454/6/1
f 558/5/1 456/5/1 455/5/1
f 558/6/1 455/6/1 557/6/1
f 559/4/1 457/4/1 456/4/1
f 559/5/1 456/5/1 558/5/1
f 559/4/1 458/4/1 457/4/1
f 560/4/1 458/4/1 559/4/1
f 561/6/1 459/6/1 458/6/1
f 561/4/1 458/4/1 560/4/1
f 562/4/1 460/4/1 459/4/1
f 562/6/1 459/6/1 561/6/1
f 563/5/1 461/5/1 460/5/1
f 563/4/1 460/4/1 562/4/1
f 563/5/1 462/5/1 461/5/1
f 564/5/1 462/5/1 563/5/1
f 565/5/1 462/5/1 564/5/1
f 566/5/1 462/5/1 565/5/1
f 567/7/1 463/7/1 462/7/1
f 567/5/1 462/5/1 566/5/1
f 568/5/1 464/5/1 463/5/1
f 568/7/1 463/7/1 567/7/1
f 569/7/1 465/7/1 464/7/1
f 569/5/1 464/5/1 568/5/1
f 569/7/1 466/7/1 465/7/1
f 570/7/1 466/7/1 569/7/1
f 571/6/1 364/6/1 466/6/1
f 571/7/1 466/7/1 570/7/1
f 572/5/1 467/5/1 364/5/1
f 572/6/1 364/6/1 571/6/1
f 573/5/1 467/5/1 572/5/1
f 574/6/1 468/6/1 467/6/1
f 574/5/1 467/5/1 573/5/1
f 575/7/1 469/7/1 468/7/1
f 575/6/1 468/6/1 574/6/1
f 576/6/1 470/6/1 469/6/1
f 576/7/1 469/7/1 575/7/1
f 576/6/1 472/6/1 471/6/1
f 576/6/1 471/6/1 470/6/1
f 577/6/1 472/6/1 576/6/1
f 578/6/1 472/6/1 577/6/1
f 579/5/1 473/5/1 472/5/1
f 579/6/1 472/6/1 578/6/1
f 580/6/1 474/6/1 473/6/1
f 580/5/1 473/5/1 579/5/1
f 581/6/1 474/6/1 580/6/1
f 582/7/1 475/7/1 474/7/1
f 582/6/1 474/6/1 581/6/1
f 583/5/1 476/5/1 475/5/1
f 583/7/1 475/7/1 582/7/1
f 584/7/1 477/7/1 476/7/1
f 584/5/1 476/5/1 583/5/1
f 585/4/1 374/4/1 477/4/1
f 585/7/1 477/7/1 584/7/1
f 586/5/1 478/5/1 374/5/1
f 586/4/1 374/4/1 585/4/1
f 587/4/1 479/4/1 478/4/1
f 587/5/1 478/5/1 586/5/1
f 588/4/1 479/4/1 587/4/1
f 589/5/1 481/5/1 480/5/1
f 589/4/1 479/4/1 588/4/1
f 589/5/1 480/5/1 479/5/1
f 589/5/1 482/5/1 481/5/1
f 590/6/1 483/6/1 482/6/1
f 590/5/1 482/5/1 589/5/1
f 591/5/1 485/5/1 484/5/1
f 591/6/1 483/6/1 590/6/1
f 591/5/1 484/5/1 483/5/1
f 592/4/1 486/4/1 485/4/1
f 592/5/1 485/5/1 591/5/1
f 592/4/1 487/4/1 486/4/1
f 593/6/1 488/6/1 487/6/1
f 593/4/1 487/4/1 592/4/1
f 594/4/1 489/4/1 488/4/1
f 594/6/1 488/6/1 593/6/1
f 595/5/1 490/5/1 489/5/1
f 595/4/1 489/4/1 594/4/1
f 596/6/1 492/6/1 491/6/1
f 596/5/1 490/5/1 595/5/1
f 596/6/1 491/6/1 490/6/1
f 597/6/1 492/6/1 596/6/1
f 598/4/1 493/4/1 492/4/1
f 598/6/1 492/6/1 597/6/1
f 599/5/1 495/5/1 494/5/1
f 599/4/1 493/4/1 598/4/1
f 599/5/1 494/5/1 493/5/1
f 600/5/1 495/5/1 599/5/1
f 601/6/1 496/6/1 495/6/1
f 601/5/1 495/5/1 600/5/1
f 602/5/1 497/5/1 496/5/1
f 602/6/1 496/6/1 601/6/1
f 603/4/1 498/4/1 497/4/1
f 603/5/1 497/5/1 602/5/1
f 604/5/1 499/5/1 498/5/1
f 604/4/1 498/4/1 603/4/1
f 604/5/1 500/5/1 499/5/1
f 605/5/1 500/5/1 604/5/1
f 606/5/1 500/5/1 605/5/1
f 607/5/1 500/5/1 606/5/1
f 608/6/1 503/6/1 502/6/1
f 608/5/1 500/5/1 607/5/1
f 608/6/1 501/6/1 500/6/1
f 608/6/1 502/6/1 501/6/1
f 608/6/1 504/6/1 503/6/1
f 609/6/1 504/6/1 608/6/1
f 610/6/1 504/6/1 609/6/1
f 611/5/1 505/5/1 504/5/1
f 611/6/1 504/6/1 610/6/1
f 612/6/1 506/6/1 505/6/1
f 612/5/1 505/5/1 611/5/1
f 613/7/1 507/7/1 506/7/1
f 613/6/1 506/6/1 612/6/1
f 614/5/1 508/5/1 507/5/1
f 614/7/1 507/7/1 613/7/1
f 615/7/1 509/7/1 508/7/1
f 615/5/1 508/5/1 614/5/1
f 616/6/1 510/6/1 509/6/1
f 616/7/1 509/7/1 615/7/1
f 617/5/1 512/5/1 511/5/1
f 617/6/1 510/6/1 616/6/1
f 617/5/1 511/5/1 510/5/1
f 618/5/1 512/5/1 617/5/1
f 619/5/1 512/5/1 618/5/1
f 620/6/1 514/6/1 513/6/1
f 621/5/1 515/5/1 514/5/1
f 621/6/1 514/6/1 620/6/1
f 622/6/1 518/6/1 517/6/1
f 622/5/1 515/5/1 621/5/1
f 622/6/1 517/6/1 516/6/1
f 622/6/1 516/6/1 515/6/1
f 623/5/1 519/5/1 518/5/1
f 623/6/1 518/6/1 622/6/1
f 624/7/1 520/7/1 519/7/1
f 624/5/1 519/5/1 623/5/1
f 624/7/1 521/7/1 520/7/1
f 625/6/1 522/6/1 521/6/1
f 625/7/1 521/7/1 624/7/1
f 626/7/1 523/7/1 522/7/1
f 626/6/1 522/6/1 625/6/1
f 627/5/1 525/5/1 524/5/1
f 627/7/1 523/7/1 626/7/1
f 627/5/1 526/5/1 525/5/1
f 627/5/1 524/5/1 523/5/1
f 628/6/1 527/6/1 526/6/1
f 628/5/1 526/5/1 627/5/1
f 629/5/1 528/5/1 527/5/1
f 629/6/1 527/6/1 628/6/1
f 630/6/1 529/6/1 528/6/1
f 630/5/1 528/5/1 629/5/1
f 630/6/1 530/6/1 529/6/1
f 631/7/1 531/7/1 530/7/1
f 631/6/1 530/6/1 630/6/1
f 632/6/1 532/6/1 531/6/1
f 632/7/1 531/7/1 631/7/1
f 633/7/1 534/7/1 533/7/1
f 633/6/1 532/6/1 632/6/1
f 633/7/1 533/7/1 532/7/1
f 634/5/1 535/5/1 534/5/1
f 634/7/1 534/7/1 633/7/1
f 635/6/1 536/6/1 535/6/1
f 635/5/1 535/5/1 634/5/1
f 636/6/1 433/6/1 536/6/1
f 636/6/1 536/6/1 635/6/1
f 636/8/1 537/8/1 433/8/1
f 636/8/1 538/8/1 537/8/1
f 636/8/1 539/8/1 538/8/1
f 637/7/1 540/7/1 539/7/1
f 637/8/1 539/8/1 636/8/1
f 638/6/1 541/6/1 540/6/1
f 638/7/1 540/7/1 637/7/1
f 639/8/1 542/8/1 541/8/1
f 639/6/1 541/6/1 638/6/1
f 640/7/1 543/7/1 542/7/1
f 640/8/1 542/8/1 639/8/1
f 641/6/1 544/6/1 543/6/1
f 641/7/1 543/7/1 640/7/1
f 642/7/1 545/7/1 544/7/1
f 642/6/1 544/6/1 641/6/1
f 643/6/1 546/6/1 545/6/1
f 643/7/1 545/7/1 642/7/1
f 644/5/1 547/5/1 546/5/1
f 644/6/1 546/6/1 643/6/1
f 645/4/1 548/4/1 547/4/1
f 645/5/1 547/5/1 644/5/1
f 646/6/1 549/6/1 548/6/1
f 646/4/1 548/4/1 645/4/1
f 647/5/1 550/5/1 549/5/1
f 647/6/1 549/6/1 646/6/1
f 648/6/1 551/6/1 550/6/1
f 648/5/1 550/5/1 647/5/1
f 649/5/1 552/5/1 551/5/1
f 649/6/1 551/6/1 648/6/1
f 649/5/1 553/5/1 552/5/1
f 650/4/1 554/4/1 553/4/1
f 650/5/1 553/5/1 649/5/1
f 651/6/1 555/6/1 554/6/1
f 651/4/1 554/4/1 650/4/1
f 651/6/1 556/6/1 555/6/1
f 652/7/1 452/7/1 556/7/1
f 652/6/1 556/6/1 651/6/1
f 653/6/1 557/6/1 452/6/1
f 653/7/1 452/7/1 652/7/1
f 654/5/1 558/5/1 557/5/1
f 654/6/1 557/6/1 653/6/1
f 655/7/1 559/7/1 558/7/1
f 655/5/1 558/5/1 654/5/1
f 656/6/1 560/6/1 559/6/1
f 656/7/1 559/7/1 655/7/1
f 657/5/1 561/5/1 560/5/1
f 657/6/1 560/6/1 656/6/1
f 657/5/1 562/5/1 561/5/1
f 657/5/1 563/5/1 562/5/1
f 658/6/1 564/6/1 563/6/1
f 658/5/1 563/5/1 657/5/1
f 659/5/1 565/5/1 564/5/1
f 659/6/1 564/6/1 658/6/1
f 660/7/1 566/7/1 565/7/1
f 660/5/1 565/5/1 659/5/1
f 661/6/1 568/6/1 567/6/1
f 661/7/1 566/7/1 660/7/1
f 661/6/1 567/6/1 566/6/1
f 662/5/1 569/5/1 568/5/1
f 662/6/1 568/6/1 661/6/1
f 663/6/1 570/6/1 569/6/1
f 663/5/1 569/5/1 662/5/1
f 664/5/1 571/5/1 570/5/1
f 664/6/1 570/6/1 663/6/1
f 664/5/1 572/5/1 571/5/1
f 665/6/1 573/6/1 572/6/1
f 665/5/1 572/5/1 664/5/1
f 666/5/1 574/5/1 573/5/1
f 666/6/1 573/6/1 665/6/1
f 666/5/1 575/5/1 574/5/1
f 666/5/1 576/5/1 575/5/1
f 666/5/1 577/5/1 576/5/1
f 667/4/1 578/4/1 577/4/1
f 667/5/1 577/5/1 666/5/1
f 668/6/1 579/6/1 578/6/1
f 668/4/1 578/4/1 667/4/1
f 669/8/1 580/8/1 579/8/1
f 669/6/1 579/6/1 668/6/1
f 670/7/1 581/7/1 580/7/1
f 670/8/1 580/8/1 669/8/1
f 671/8/1 582/8/1 581/8/1
f 671/7/1 581/7/1 670/7/1
f 672/7/1 583/7/1 582/7/1
f 672/8/1 582/8/1 671/8/1
f 673/6/1 584/6/1 583/6/1
f 673/7/1 583/7/1 672/7/1
f 674/7/1 585/7/1 584/7/1
f 674/6/1 584/6/1 673/6/1
f 675/6/1 586/6/1 585/6/1
f 675/7/1 585/7/1 674/7/1
f 676/7/1 588/7/1 587/7/1
f 676/6/1 586/6/1 675/6/1
f 676/7/1 587/7/1 586/7/1
f 677/5/1 589/5/1 588/5/1
f 677/7/1 588/7/1 676/7/1
f 677/5/1 590/5/1 589/5/1
f 678/4/1 591/4/1 590/4/1
f 678/5/1 590/5/1 677/5/1
f 679/6/1 592/6/1 591/6/1
f 679/4/1 591/4/1 678/4/1
f 680/5/1 593/5/1 592/5/1
f 680/6/1 592/6/1 679/6/1
f 680/5/1 594/5/1 593/5/1
f 681/7/1 595/7/1 594/7/1
f 681/5/1 594/5/1 680/5/1
f 682/8/1 596/8/1 595/8/1
f 682/7/1 595/7/1 681/7/1
f 682/8/1 597/8/1 596/8/1
f 683/6/1 598/6/1 597/6/1
f 683/8/1 597/8/1 682/8/1
f 684/7/1 600/7/1 599/7/1
f 684/6/1 598/6/1 683/6/1
f 684/7/1 599/7/1 598/7/1
f 685/8/1 601/8/1 600/8/1
f 685/7/1 600/7/1 684/7/1
f 686/7/1 602/7/1 601/7/1
f 686/8/1 601/8/1 685/8/1
f 687/8/1 603/8/1 602/8/1
f 687/7/1 602/7/1 686/7/1
f 688/7/1 604/7/1 603/7/1
f 688/8/1 603/8/1 687/8/1
f 689/8/1 605/8/1 604/8/1
f 689/7/1 604/7/1 688/7/1
f 690/6/1 606/6/1 605/6/1
f 690/8/1 605/8/1 689/8/1
f 691/8/1 607/8/1 606/8/1
f 691/6/1 606/6/1 690/6/1
f 692/7/1 608/7/1 607/7/1
f 692/8/1 607/8/1 691/8/1
f 692/7/1 609/7/1 608/7/1
f 693/8/1 610/8/1 609/8/1
f 693/7/1 609/7/1 692/7/1
f 694/6/1 611/6/1 610/6/1
f 694/8/1 610/8/1 693/8/1
f 695/7/1 612/7/1 611/7/1
f 695/6/1 611/6/1 694/6/1
f 695/7/1 613/7/1 612/7/1
f 696/8/1 615/8/1 614/8/1
f 696/7/1 613/7/1 695/7/1
f 696/8/1 614/8/1 613/8/1
f 697/6/1 616/6/1 615/6/1
f 697/8/1 615/8/1 696/8/1
f 698/8/1 617/8/1 616/8/1
f 698/6/1 616/6/1 697/6/1
f 699/7/1 618/7/1 617/7/1
f 699/8/1 617/8/1 698/8/1
f 700/6/1 619/6/1 618/6/1
f 700/7/1 618/7/1 699/7/1
f 701/6/1 619/6/1 700/6/1
f 774/6/1 703/6/1 702/6/1
f 775/7/1 704/7/1 703/7/1
f 775/6/1 703/6/1 774/6/1
f 776/7/1 704/7/1 775/7/1
f 777/6/1 705/6/1 704/6/1
f 777/7/1 704/7/1 776/7/1
f 778/7/1 706/7/1 705/7/1
f 778/6/1 705/6/1 777/6/1
f 779/7/1 706/7/1 778/7/1
f 780/7/1 706/7/1 779/7/1
f 781/8/1 707/8/1 706/8/1
f 781/7/1 706/7/1 780/7/1
f 782/7/1 708/7/1 707/7/1
f 782/8/1 707/8/1 781/8/1
f 783/7/1 708/7/1 782/7/1
f 784/7/1 708/7/1 783/7/1
f 785/7/1 708/7/1 784/7/1
f 786/7/1 708/7/1 785/7/1
f 787/8/1 709/8/1 708/8/1
f 787/7/1 708/7/1 786/7/1
f 788/7/1 710/7/1 709/7/1
f 788/8/1 709/8/1 787/8/1
f 789/7/1 710/7/1 788/7/1
f 790/7/1 710/7/1 789/7/1
f 791/7/1 710/7/1 790/7/1
f 792/8/1 711/8/1 710/8/1
f 792/7/1 710/7/1 791/7/1
f 793/8/1 711/8/1 792/8/1
f 794/8/1 711/8/1 793/8/1
f 795/7/1 712/7/1 711/7/1
f 795/8/1 711/8/1 794/8/1
f 796/8/1 713/8/1 712/8/1
f 796/7/1 712/7/1 795/7/1
f 797/7/1 714/7/1 713/7/1
f 797/8/1 713/8/1 796/8/1
f 798/8/1 715/8/1 714/8/1
f 798/7/1 714/7/1 797/7/1
f 799/6/1 716/6/1 715/6/1
f 799/8/1 715/8/1 798/8/1
f 800/7/1 717/7/1 716/7/1
f 800/6/1 716/6/1 799/6/1
f 801/6/1 718/6/1 717/6/1
f 801/7/1 717/7/1 800/7/1
f 802/5/1 719/5/1 718/5/1
f 802/6/1 718/6/1 801/6/1
f 803/6/1 720/6/1 719/6/1
f 803/5/1 719/5/1 802/5/1
f 804/5/1 721/5/1 720/5/1
f 804/6/1 720/6/1 803/6/1
f 805/6/1 722/6/1 721/6/1
f 805/5/1 721/5/1 804/5/1
f 806/6/1 722/6/1 805/6/1
f 807/6/1 722/6/1 806/6/1
f 808/6/1 722/6/1 807/6/1
f 809/5/1 723/5/1 722/5/1
f 809/6/1 722/6/1 808/6/1
f 810/4/1 724/4/1 723/4/1
f 810/5/1 723/5/1 809/5/1
f 811/5/1 725/5/1 724/5/1
f 811/4/1 724/4/1 810/4/1
f 812/5/1 725/5/1 811/5/1
f 813/6/1 726/6/1 725/6/1
f 813/5/1 725/5/1 812/5/1
f 814/4/1 727/4/1 726/4/1
f 814/6/1 726/6/1 813/6/1
f 815/5/1 728/5/1 727/5/1
f 815/4/1 727/4/1 814/4/1
f 816/6/1 729/6/1 728/6/1
f 816/5/1 728/5/1 815/5/1
f 817/5/1 730/5/1 729/5/1
f 817/6/1 729/6/1 816/6/1
f 818/5/1 730/5/1 817/5/1
f 819/6/1 731/6/1 730/6/1
f 819/5/1 730/5/1 818/5/1
f 820/6/1 731/6/1 819/6/1
f 821/6/1 731/6/1 820/6/1
f 822/6/1 731/6/1 821/6/1
f 823/7/1 732/7/1 731/7/1
f 823/6/1 731/6/1 822/6/1
f 824/6/1 733/6/1 732/6/1
f 824/7/1 732/7/1 823/7/1
f 825/6/1 733/6/1 824/6/1
f 826/7/1 734/7/1 733/7/1
f 826/6/1 733/6/1 825/6/1
f 827/6/1 735/6/1 734/6/1
f 827/7/1 734/7/1 826/7/1
f 828/7/1 736/7/1 735/7/1
f 828/6/1 735/6/1 827/6/1
f 829/6/1 737/6/1 736/6/1
f 829/7/1 736/7/1 828/7/1
f 830/7/1 738/7/1 737/7/1
f 830/6/1 737/6/1 829/6/1
f 831/6/1 739/6/1 738/6/1
f 831/7/1 738/7/1 830/7/1
f 832/6/1 739/6/1 831/6/1
f 833/7/1 740/7/1 739/7/1
f 833/6/1 739/6/1 832/6/1
f 834/6/1 741/6/1 740/6/1
f 834/7/1 740/7/1 833/7/1
f 835/5/1 742/5/1 741/5/1
f 835/6/1 741/6/1 834/6/1
f 836/4/1 743/4/1 742/4/1
f 836/5/1 742/5/1 835/5/1
f 837/6/1 744/6/1 743/6/1
f 837/4/1 743/4/1 836/4/1
f 838/5/1 745/5/1 744/5/1
f 838/6/1 744/6/1 837/6/1
f 839/6/1 746/6/1 745/6/1
f 839/5/1 745/5/1 838/5/1
f 840/6/1 746/6/1 839/6/1
f 841/4/1 747/4/1 746/4/1
f 841/6/1 746/6/1 840/6/1
f 842/5/1 748/5/1 747/5/1
f 842/4/1 747/4/1 841/4/1
f 843/6/1 749/6/1 748/6/1
f 843/5/1 748/5/1 842/5/1
f 844/5/1 750/5/1 749/5/1
f 844/6/1 749/6/1 843/6/1
f 845/5/1 750/5/1 844/5/1
f 846/4/1 751/4/1 750/4/1
f 846/5/1 750/5/1 845/5/1
f 847/5/1 752/5/1 751/5/1
f 847/4/1 751/4/1 846/4/1
f 848/6/1 753/6/1 752/6/1
f 848/5/1 752/5/1 847/5/1
f 849/5/1 754/5/1 753/5/1
f 849/6/1 753/6/1 848/6/1
f 850/5/1 754/5/1 849/5/1
f 851/5/1 754/5/1 850/5/1
f 852/5/1 754/5/1 851/5/1
f 853/4/1 755/4/1 754/4/1
f 853/5/1 754/5/1 852/5/1
f 854/5/1 756/5/1 755/5/1
f 854/4/1 755/4/1 853/4/1
f 855/7/1 757/7/1 756/7/1
f 855/5/1 756/5/1 854/5/1
f 856/5/1 758/5/1 757/5/1
f 856/7/1 757/7/1 855/7/1
f 857/6/1 759/6/1 758/6/1
f 857/5/1 758/5/1 856/5/1
f 858/5/1 760/5/1 759/5/1
f 858/6/1 759/6/1 857/6/1
f 859/6/1 761/6/1 760/6/1
f 859/5/1 760/5/1 858/5/1
f 860/6/1 761/6/1 859/6/1
f 861/6/1 761/6/1 860/6/1
f 862/6/1 761/6/1 861/6/1
f 863/6/1 761/6/1 862/6/1
f 864/5/1 762/5/1 761/5/1
f 864/6/1 761/6/1 863/6/1
f 865/8/1 763/8/1 762/8/1
f 865/5/1 762/5/1 864/5/1
f 866/8/1 763/8/1 865/8/1
f 867/7/1 764/7/1 763/7/1
f 867/8/1 763/8/1 866/8/1
f 868/6/1 765/6/1 764/6/1
f 868/7/1 764/7/1 867/7/1
f 869/8/1 766/8/1 765/8/1
f 869/6/1 765/6/1 868/6/1
f 870/8/1 766/8/1 869/8/1
f 871/7/1 767/7/1 766/7/1
f 871/8/1 766/8/1 870/8/1
f 872/7/1 767/7/1 871/7/1
f 873/7/1 767/7/1 872/7/1
f 874/4/1 768/4/1 767/4/1
f 874/7/1 767/7/1 873/7/1
f 875/4/1 768/4/1 874/4/1
f 876/5/1 769/5/1 768/5/1
f 876/4/1 768/4/1 875/4/1
f 877/5/1 769/5/1 876/5/1
f 878/5/1 769/5/1 877/5/1
f 879/4/1 770/4/1 769/4/1
f 879/5/1 769/5/1 878/5/1
f 880/6/1 771/6/1 770/6/1
f 880/4/1 770/4/1 879/4/1
f 881/5/1 772/5/1 771/5/1
f 881/6/1 771/6/1 880/6/1
f 882/6/1 773/6/1 772/6/1
f 882/5/1 772/5/1 881/5/1
f 883/6/1 773/6/1 882/6/1
f 884/6/1 773/6/1 883/6/1
f 996/5/1 886/5/1 885/5/1
f 997/6/1 887/6/1 886/6/1
f 997/5/1 886/5/1 996/5/1
f 998/5/1 888/5/1 887/5/1
f 998/6/1 887/6/1 997/6/1
f 999/6/1 889/6/1 888/6/1
f 999/5/1 888/5/1 998/5/1
f 1000/4/1 890/4/1 889/4/1
f 1000/6/1 889/6/1 999/6/1
f 1001/5/1 891/5/1 890/5/1
f 1001/4/1 890/4/1 1000/4/1
f 1002/6/1 892/6/1 891/6/1
f 1002/5/1 891/5/1 1001/5/1
f 1003/8/1 893/8/1 892/8/1
f 1003/6/1 892/6/1 1002/6/1
f 1004/7/1 894/7/1 893/7/1
f 1004/8/1 893/8/1 1003/8/1
f 1004/7/1 895/7/1 894/7/1
f 1005/8/1 896/8/1 895/8/1
f 1005/7/1 895/7/1 1004/7/1
f 1006/7/1 897/7/1 896/7/1
f 1006/8/1 896/8/1 1005/8/1
f 1007/6/1 898/6/1 897/6/1
f 1007/7/1 897/7/1 1006/7/1
f 1008/7/1 899/7/1 898/7/1
f 1008/6/1 898/6/1 1007/6/1
f 1009/6/1 900/6/1 899/6/1
f 1009/7/1 899/7/1 1008/7/1
f 1010/4/1 901/4/1 900/4/1
f 1010/6/1 900/6/1 1009/6/1
f 1011/5/1 902/5/1 901/5/1
f 1011/4/1 901/4/1 1010/4/1
f 1012/4/1 903/4/1 902/4/1
f 1012/5/1 902/5/1 1011/5/1
f 1013/5/1 904/5/1 903/5/1
f 1013/4/1 903/4/1 1012/4/1
f 1014/6/1 905/6/1 904/6/1
f 1014/5/1 904/5/1 1013/5/1
f 1014/6/1 906/6/1 905/6/1
f 1015/5/1 907/5/1 906/5/1
f 1015/6/1 906/6/1 1014/6/1
f 1015/5/1 908/5/1 907/5/1
f 1015/5/1 909/5/1 908/5/1
f 1016/4/1 910/4/1 909/4/1
f 1016/5/1 909/5/1 1015/5/1
f 1017/5/1 911/5/1 910/5/1
f 1017/4/1 910/4/1 1016/4/1
f 1018/6/1 912/6/1 911/6/1
f 1018/5/1 911/5/1 1017/5/1
f 1018/6/1 913/6/1 912/6/1
f 1018/6/1 914/6/1 913/6/1
f 1019/5/1 915/5/1 914/5/1
f 1019/6/1 914/6/1 1018/6/1
f 1020/6/1 916/6/1 915/6/1
f 1020/5/1 915/5/1 1019/5/1
f 1021/5/1 917/5/1 916/5/1
f 1021/6/1 916/6/1 1020/6/1
f 1022/6/1 918/6/1 917/6/1
f 1022/5/1 917/5/1 1021/5/1
f 1022/6/1 919/6/1 918/6/1
f 1023/5/1 920/5/1 919/5/1
f 1023/6/1 919/6/1 1022/6/1
f 1023/5/1 921/5/1 920/5/1
f 1024/6/1 922/6/1 921/6/1
f 1024/5/1 921/5/1 1023/5/1
f 1024/6/1 923/6/1 922/6/1
f 1024/6/1 924/6/1 923/6/1
f 1024/6/1 925/6/1 924/6/1
f 1025/5/1 926/5/1 925/5/1
f 1025/6/1 925/6/1 1024/6/1
f 1026/6/1 927/6/1 926/6/1
f 1026/5/1 926/5/1 1025/5/1
f 1027/7/1 928/7/1 927/7/1
f 1027/6/1 927/6/1 1026/6/1
f 1027/7/1 929/7/1 928/7/1
f 1028/6/1 930/6/1 929/6/1
f 1028/7/1 929/7/1 1027/7/1
f 1029/7/1 931/7/1 930/7/1
f 1029/6/1 930/6/1 1028/6/1
f 1030/6/1 932/6/1 931/6/1
f 1030/7/1 931/7/1 1029/7/1
f 1030/6/1 933/6/1 932/6/1
f 1031/7/1 934/7/1 933/7/1
f 1031/6/1 933/6/1 1030/6/1
f 1031/7/1 935/7/1 934/7/1
f 1032/6/1 936/6/1 935/6/1
f 1032/7/1 935/7/1 1031/7/1
f 1032/6/1 937/6/1 936/6/1
f 1032/6/1 938/6/1 937/6/1
f 1032/6/1 939/6/1 938/6/1
f 1032/6/1 940/6/1 939/6/1
f 1032/6/1 941/6/1 940/6/1
f 1033/5/1 942/5/1 941/5/1
f 1033/6/1 941/6/1 1032/6/1
f 1034/6/1 943/6/1 942/6/1
f 1034/5/1 942/5/1 1033/5/1
f 1035/5/1 944/5/1 943/5/1
f 1035/6/1 943/6/1 1034/6/1
f 1036/6/1 945/6/1 944/6/1
f 1036/5/1 944/5/1 1035/5/1
f 1037/5/1 946/5/1 945/5/1
f 1037/6/1 945/6/1 1036/6/1
f 1038/6/1 947/6/1 946/6/1
f 1038/5/1 946/5/1 1037/5/1
f 1039/5/1 948/5/1 947/5/1
f 1039/6/1 947/6/1 1038/6/1
f 1039/5/1 949/5/1 948/5/1
f 1040/4/1 950/4/1 949/4/1
f 1040/5/1 949/5/1 1039/5/1
f 1041/5/1 951/5/1 950/5/1
f 1041/4/1 950/4/1 1040/4/1
f 1042/6/1 952/6/1 951/6/1
f 1042/5/1 951/5/1 1041/5/1
f 1043/4/1 953/4/1 952/4/1
f 1043/6/1 952/6/1 1042/6/1
f 1044/6/1 954/6/1 953/6/1
f 1044/4/1 953/4/1 1043/4/1
f 1045/5/1 955/5/1 954/5/1
f 1045/6/1 954/6/1 1044/6/1
f 1045/5/1 956/5/1 955/5/1
f 1046/6/1 957/6/1 956/6/1
f 1046/5/1 956/5/1 1045/5/1
f 1046/6/1 958/6/1 957/6/1
f 1047/5/1 959/5/1 958/5/1
f 1047/6/1 958/6/1 1046/6/1
f 1048/4/1 960/4/1 959/4/1
f 1048/5/1 959/5/1 1047/5/1
f 1049/5/1 961/5/1 960/5/1
f 1049/4/1 960/4/1 1048/4/1
f 1050/4/1 962/4/1 961/4/1
f 1050/5/1 961/5/1 1049/5/1
f 1051/5/1 963/5/1 962/5/1
f 1051/4/1 962/4/1 1050/4/1
f 1052/7/1 964/7/1 963/7/1
f 1052/5/1 963/5/1 1051/5/1
f 1053/6/1 965/6/1 964/6/1
f 1053/7/1 964/7/1 1052/7/1
f 1054/8/1 966/8/1 965/8/1
f 1054/6/1 965/6/1 1053/6/1
f 1055/7/1 967/7/1 966/7/1
f 1055/8/1 966/8/1 1054/8/1
f 1056/8/1 968/8/1 967/8/1
f 1056/7/1 967/7/1 1055/7/1
f 1057/7/1 969/7/1 968/7/1
f 1057/8/1 968/8/1 1056/8/1
f 1057/7/1 970/7/1 969/7/1
f 1058/6/1 971/6/1 970/6/1
f 1058/7/1 970/7/1 1057/7/1
f 1059/7/1 972/7/1 971/7/1
f 1059/6/1 971/6/1 1058/6/1
f 1060/6/1 973/6/1 972/6/1
f 1060/7/1 972/7/1 1059/7/1
f 1061/7/1 975/7/1 974/7/1
f 1061/6/1 973/6/1 1060/6/1
f 1061/7/1 974/7/1 973/7/1
f 1062/6/1 976/6/1 975/6/1
f 1062/7/1 975/7/1 1061/7/1
f 1063/8/1 977/8/1 976/8/1
f 1063/6/1 976/6/1 1062/6/1
f 1064/6/1 979/6/1 978/6/1
f 1064/8/1 977/8/1 1063/8/1
f 1064/6/1 978/6/1 977/6/1
f 1065/8/1 980/8/1 979/8/1
f 1065/6/1 979/6/1 1064/6/1
f 1066/6/1 983/6/1 982/6/1
f 1066/8/1 980/8/1 1065/8/1
f 1066/6/1 982/6/1 981/6/1
f 1066/6/1 981/6/1 980/6/1
f 1067/7/1 984/7/1 983/7/1
f 1067/6/1 983/6/1 1066/6/1
f 1068/8/1 986/8/1 985/8/1
f 1068/7/1 984/7/1 1067/7/1
f 1068/8/1 985/8/1 984/8/1
f 1069/7/1 988/7/1 987/7/1
f 1069/8/1 986/8/1 1068/8/1
f 1069/7/1 987/7/1 986/7/1
f 1070/8/1 989/8/1 988/8/1
f 1070/7/1 988/7/1 1069/7/1
f 1071/6/1 991/6/1 990/6/1
f 1071/8/1 989/8/1 1070/8/1
f 1071/6/1 990/6/1 989/6/1
f 1072/7/1 993/7/1 992/7/1
f 1072/6/1 991/6/1 1071/6/1
f 1072/7/1 992/7/1 991/7/1
f 1073/6/1 994/6/1 993/6/1
f 1073/7/1 993/7/1 1072/7/1
f 1074/7/1 995/7/1 994/7/1
f 1074/6/1 994/6/1 1073/6/1
f 1075/7/1 995/7/1 1074/7/1
f 1076/7/2 1077/7/2 1156/7/2
f 1077/5/2 1078/5/2 1157/5/2
f 1156/7/2 1077/7/2 1157/7/2
f 1078/6/2 1079/6/2 1158/6/2
f 1157/5/2 1078/5/2 1158/5/2
f 1158/6/2 1079/6/2 1159/6/2
f 1079/7/2 1080/7/2 1160/7/2
f 1159/6/2 1079/6/2 1160/6/2
f 1080/5/2 1081/5/2 1161/5/2
f 1160/7/2 1080/7/2 1161/7/2
f 1081/7/2 1082/7/2 1162/7/2
f 1161/5/2 1081/5/2 1162/5/2
f 1082/6/2 1083/6/2 1163/6/2
f 1162/7/2 1082/7/2 1163/7/2
f 1083/7/2 1084/7/2 1164/7/2
f 1163/6/2 1083/6/2 1164/6/2
f 1084/6/2 1085/6/2 1165/6/2
f 1164/7/2 1084/7/2 1165/7/2
f 1085/4/2 1086/4/2 1166/4/2
f 1165/6/2 1085/6/2 1166/6/2
f 1086/5/2 1087/5/2 1167/5/2
f 1166/4/2 1086/4/2 1167/4/2
f 1087/4/2 1088/4/2 1168/4/2
f 1167/5/2 1087/5/2 1168/5/2
f 1168/4/2 1088/4/2 1169/4/2
f 1169/4/2 1088/4/2 1170/4/2
f 1170/4/2 1088/4/2 1171/4/2
f 1088/5/2 1089/5/2 1172/5/2
f 1171/4/2 1088/4/2 1172/4/2
f 1172/5/2 1089/5/2 1173/5/2
f 1173/5/2 1089/5/2 1174/5/2
f 1089/8/2 1090/8/2 1175/8/2
f 1174/5/2 1089/5/2 1175/5/2
f 1090/7/2 1091/7/2 1176/7/2
f 1175/8/2 1090/8/2 1176/8/2
f 1091/8/2 1092/8/2 1177/8/2
f 1176/7/2 1091/7/2 1177/7/2
f 1092/7/2 1093/7/2 1178/7/2
f 1177/8/2 1092/8/2 1178/8/2
f 1093/6/2 1094/6/2 1179/6/2
f 1178/7/2 1093/7/2 1179/7/2
f 1094/7/2 1095/7/2 1180/7/2
f 1179/6/2 1094/6/2 1180/6/2
f 1095/8/2 1096/8/2 1181/8/2
f 1180/7/2 1095/7/2 1181/7/2
f 1096/6/2 1097/6/2 1182/6/2
f 1181/8/2 1096/8/2 1182/8/2
f 1097/7/2 1098/7/2 1183/7/2
f 1182/6/2 1097/6/2 1183/6/2
f 1098/8/2 1099/8/2 1184/8/2
f 1183/7/2 1098/7/2 1184/7/2
f 1099/6/2 1100/6/2 1185/6/2
f 1184/8/2 1099/8/2 1185/8/2
f 1100/7/2 1101/7/2 1186/7/2
f 1185/6/2 1100/6/2 1186/6/2
f 1186/7/2 1101/7/2 1187/7/2
f 1101/6/2 1102/6/2 1188/6/2
f 1187/7/2 1101/7/2 1188/7/2
f 1188/6/2 1102/6/2 1189/6/2
f 1102/7/2 1103/7/2 1190/7/2
f 1189/6/2 1102/6/2 1190/6/2
f 1103/8/2 1104/8/2 1191/8/2
f 1190/7/2 1103/7/2 1191/7/2
f 1191/8/2 1104/8/2 1192/8/2
f 1104/7/2 1105/7/2 1193/7/2
f 1192/8/2 1104/8/2 1193/8/2
f 1105/8/2 1106/8/2 1194/8/2
f 1193/7/2 1105/7/2 1194/7/2
f 1106/7/2 1107/7/2 1195/7/2
f 1194/8/2 1106/8/2 1195/8/2
f 1107/6/2 1108/6/2 1196/6/2
f 1195/7/2 1107/7/2 1196/7/2
f 1108/8/2 1109/8/2 1197/8/2
f 1196/6/2 1108/6/2 1197/6/2
f 1109/6/2 1110/6/2 1198/6/2
f 1197/8/2 1109/8/2 1198/8/2
f 1110/7/2 1111/7/2 1199/7/2
f 1198/6/2 1110/6/2 1199/6/2
f 1199/7/2 1111/7/2 1200/7/2
f 1111/5/2 1112/5/2 1201/5/2
f 1200/7/2 1111/7/2 1201/7/2
f 1112/6/2 1113/6/2 1202/6/2
f 1201/5/2 1112/5/2 1202/5/2
f 1202/6/2 1113/6/2 1203/6/2
f 1113/5/2 1114/5/2 1204/5/2
f 1203/6/2 1113/6/2 1204/6/2
f 1114/6/2 1115/6/2 1205/6/2
f 1204/5/2 1114/5/2 1205/5/2
f 1115/5/2 1116/5/2 1206/5/2
f 1205/6/2 1115/6/2 1206/6/2
f 1116/6/2 1117/6/2 1207/6/2
f 1206/5/2 1116/5/2 1207/5/2
f 1117/7/2 1118/7/2 1208/7/2
f 1207/6/2 1117/6/2 1208/6/2
f 1118/6/2 1119/6/2 1209/6/2
f 1208/7/2 1118/7/2 1209/7/2
f 1209/6/2 1119/6/2 1210/6/2
f 1119/5/2 1120/5/2 1211/5/2
f 1210/6/2 1119/6/2 1211/6/2
f 1120/6/2 1121/6/2 1212/6/2
f 1211/5/2 1120/5/2 1212/5/2
f 1121/5/2 1122/5/2 1213/5/2
f 1212/6/2 1121/6/2 1213/6/2
f 1213/5/2 1122/5/2 1214/5/2
f 1122/6/2 1123/6/2 1215/6/2
f 1214/5/2 1122/5/2 1215/5/2
f 1123/5/2 1124/5/2 1216/5/2
f 1215/6/2 1123/6/2 1216/6/2
f 1124/6/2 1125/6/2 1217/6/2
f 1216/5/2 1124/5/2 1217/5/2
f 1125/5/2 1126/5/2 1218/5/2
f 1217/6/2 1125/6/2 1218/6/2
f 1126/6/2 1127/6/2 1219/6/2
f 1218/5/2 1126/5/2 1219/5/2
f 1127/5/2 1128/5/2 1220/5/2
f 1219/6/2 1127/6/2 1220/6/2
f 1128/6/2 1129/6/2 1221/6/2
f 1220/5/2 1128/5/2 1221/5/2
f 1221/6/2 1129/6/2 1222/6/2
f 1129/5/2 1130/5/2 1223/5/2
f 1222/6/2 1129/6/2 1223/6/2
f 1130/7/2 1131/7/2 1224/7/2
f 1223/5/2 1130/5/2 1224/5/2
f 1224/7/2 1131/7/2 1225/7/2
f 1131/6/2 1132/6/2 1226/6/2
f 1225/7/2 1131/7/2 1226/7/2
f 1132/7/2 1133/7/2 1227/7/2
f 1226/6/2 1132/6/2 1227/6/2
f 1227/7/2 1133/7/2 1228/7/2
f 1133/8/2 1134/8/2 1229/8/2
f 1228/7/2 1133/7/2 1229/7/2
f 1134/7/2 1135/7/2 1230/7/2
f 1229/8/2 1134/8/2 1230/8/2
f 1230/7/2 1135/7/2 1231/7/2
f 1231/7/2 1135/7/2 1232/7/2
f 1135/5/2 1136/5/2 1233/5/2
f 1232/7/2 1135/7/2 1233/7/2
f 1233/5/2 1136/5/2 1234/5/2
f 1234/5/2 1136/5/2 1235/5/2
f 1136/6/2 1137/6/2 1236/6/2
f 1235/5/2 1136/5/2 1236/5/2
f 1236/6/2 1137/6/2 1237/6/2
f 1237/6/2 1137/6/2 1238/6/2
f 1137/5/2 1138/5/2 1239/5/2
f 1238/6/2 1137/6/2 1239/6/2
f 1138/6/2 1139/6/2 1240/6/2
f 1239/5/2 1138/5/2 1240/5/2
f 1139/7/2 1140/7/2 1241/7/2
f 1240/6/2 1139/6/2 1241/6/2
f 1140/6/2 1141/6/2 1242/6/2
f 1241/7/2 1140/7/2 1242/7/2
f 1141/7/2 1142/7/2 1243/7/2
f 1242/6/2 1141/6/2 1243/6/2
f 1142/6/2 1143/6/2 1244/6/2
f 1243/7/2 1142/7/2 1244/7/2
f 1143/8/2 1144/8/2 1245/8/2
f 1244/6/2 1143/6/2 1245/6/2
f 1144/6/2 1145/6/2 1246/6/2
f 1245/8/2 1144/8/2 1246/8/2
f 1246/6/2 1145/6/2 1247/6/2
f 1247/6/2 1145/6/2 1248/6/2
f 1248/6/2 1145/6/2 1249/6/2
f 1145/7/2 1146/7/2 1250/7/2
f 1249/6/2 1145/6/2 1250/6/2
f 1250/7/2 1146/7/2 1251/7/2
f 1146/5/2 1147/5/2 1252/5/2
f 1251/7/2 1146/7/2 1252/7/2
f 1147/7/2 1148/7/2 1253/7/2
f 1252/5/2 1147/5/2 1253/5/2
f 1148/6/2 1149/6/2 1254/6/2
f 1253/7/2 1148/7/2 1254/7/2
f 1254/6/2 1149/6/2 1255/6/2
f 1149/5/2 1150/5/2 1256/5/2
f 1255/6/2 1149/6/2 1256/6/2
f 1150/6/2 1151/6/2 1257/6/2
f 1256/5/2 1150/5/2 1257/5/2
f 1151/7/2 1152/7/2 1258/7/2
f 1257/6/2 1151/6/2 1258/6/2
f 1152/6/2 1153/6/2 1259/6/2
f 1258/7/2 1152/7/2 1259/7/2
f 1153/5/2 1154/5/2 1260/5/2
f 1259/6/2 1153/6/2 1260/6/2
f 1260/5/2 1154/5/2 1261/5/2
f 1261/5/2 1154/5/2 1262/5/2
f 1154/4/2 1155/4/2 1263/4/2
f 1262/5/2 1154/5/2 1263/5/2
f 1263/4/2 1155/4/2 1264/4/2
f 1264/4/2 1155/4/2 1265/4/2
f 1266/7/2 1267/7/2 1380/7/2
f 1267/6/2 1268/6/2 1381/6/2
f 1380/7/2 1267/7/2 1381/7/2
f 1268/7/2 1269/7/2 1382/7/2
f 1381/6/2 1268/6/2 1382/6/2
f 1269/6/2 1270/6/2 1383/6/2
f 1382/7/2 1269/7/2 1383/7/2
f 1270/7/2 1271/7/2 1384/7/2
f 1383/6/2 1270/6/2 1384/6/2
f 1271/5/2 1272/5/2 1385/5/2
f 1384/7/2 1271/7/2 1385/7/2
f 1272/7/2 1273/7/2 1386/7/2
f 1385/5/2 1272/5/2 1386/5/2
f 1273/5/2 1274/5/2 1387/5/2
f 1386/7/2 1273/7/2 1387/7/2
f 1274/6/2 1275/6/2 1388/6/2
f 1387/5/2 1274/5/2 1388/5/2
f 1275/6/2 1276/6/2 1388/6/2
f 1276/5/2 1277/5/2 1389/5/2
f 1388/6/2 1276/6/2 1389/6/2
f 1277/5/2 1278/5/2 1389/5/2
f 1278/6/2 1279/6/2 1390/6/2
f 1389/5/2 1278/5/2 1390/5/2
f 1279/5/2 1280/5/2 1391/5/2
f 1390/6/2 1279/6/2 1391/6/2
f 1280/6/2 1281/6/2 1392/6/2
f 1391/5/2 1280/5/2 1392/5/2
f 1281/6/2 1282/6/2 1392/6/2
f 1282/7/2 1283/7/2 1393/7/2
f 1392/6/2 1282/6/2 1393/6/2
f 1283/6/2 1284/6/2 1394/6/2
f 1393/7/2 1283/7/2 1394/7/2
f 1284/6/2 1285/6/2 1394/6/2
f 1285/5/2 1286/5/2 1395/5/2
f 1394/6/2 1285/6/2 1395/6/2
f 1286/5/2 1287/5/2 1395/5/2
f 1287/6/2 1288/6/2 1396/6/2
f 1395/5/2 1287/5/2 1396/5/2
f 1288/6/2 1289/6/2 1396/6/2
f 1289/4/2 1290/4/2 1397/4/2
f 1396/6/2 1289/6/2 1397/6/2
f 1290/4/2 1291/4/2 1397/4/2
f 1291/4/2 1292/4/2 1397/4/2
f 1292/6/2 1293/6/2 1398/6/2
f 1397/4/2 1292/4/2 1398/4/2
f 1293/6/2 1294/6/2 1398/6/2
f 1294/5/2 1295/5/2 1399/5/2
f 1398/6/2 1294/6/2 1399/6/2
f 1295/5/2 1296/5/2 1399/5/2
f 1296/6/2 1297/6/2 1400/6/2
f 1399/5/2 1296/5/2 1400/5/2
f 1297/4/2 1298/4/2 1401/4/2
f 1400/6/2 1297/6/2 1401/6/2
f 1298/6/2 1299/6/2 1402/6/2
f 1401/4/2 1298/4/2 1402/4/2
f 1299/5/2 1300/5/2 1403/5/2
f 1402/6/2 1299/6/2 1403/6/2
f 1300/5/2 1301/5/2 1403/5/2
f 1301/6/2 1302/6/2 1404/6/2
f 1403/5/2 1301/5/2 1404/5/2
f 1302/6/2 1303/6/2 1404/6/2
f 1303/7/2 1304/7/2 1405/7/2
f 1404/6/2 1303/6/2 1405/6/2
f 1304/7/2 1305/7/2 1405/7/2
f 1305/6/2 1306/6/2 1406/6/2
f 1405/7/2 1305/7/2 1406/7/2
f 1306/6/2 1307/6/2 1406/6/2
f 1307/6/2 1308/6/2 1406/6/2
f 1308/6/2 1309/6/2 1406/6/2
f 1309/7/2 1310/7/2 1407/7/2
f 1406/6/2 1309/6/2 1407/6/2
f 1310/5/2 1311/5/2 1408/5/2
f 1407/7/2 1310/7/2 1408/7/2
f 1311/6/2 1312/6/2 1409/6/2
f 1408/5/2 1311/5/2 1409/5/2
f 1312/5/2 1313/5/2 1410/5/2
f 1409/6/2 1312/6/2 1410/6/2
f 1313/5/2 1314/5/2 1410/5/2
f 1314/6/2 1315/6/2 1411/6/2
f 1410/5/2 1314/5/2 1411/5/2
f 1315/4/2 1316/4/2 1412/4/2
f 1411/6/2 1315/6/2 1412/6/2
f 1316/6/2 1317/6/2 1413/6/2
f 1412/4/2 1316/4/2 1413/4/2
f 1317/7/2 1318/7/2 1414/7/2
f 1413/6/2 1317/6/2 1414/6/2
f 1318/6/2 1319/6/2 1415/6/2
f 1414/7/2 1318/7/2 1415/7/2
f 1319/6/2 1320/6/2 1415/6/2
f 1320/7/2 1321/7/2 1416/7/2
f 1415/6/2 1320/6/2 1416/6/2
f 1321/6/2 1322/6/2 1417/6/2
f 1416/7/2 1321/7/2 1417/7/2
f 1322/7/2 1323/7/2 1418/7/2
f 1417/6/2 1322/6/2 1418/6/2
f 1323/5/2 1324/5/2 1419/5/2
f 1418/7/2 1323/7/2 1419/7/2
f 1324/5/2 1325/5/2 1419/5/2
f 1325/8/2 1326/8/2 1420/8/2
f 1419/5/2 1325/5/2 1420/5/2
f 1326/7/2 1327/7/2 1421/7/2
f 1420/8/2 1326/8/2 1421/8/2
f 1327/8/2 1328/8/2 1422/8/2
f 1421/7/2 1327/7/2 1422/7/2
f 1328/7/2 1329/7/2 1423/7/2
f 1422/8/2 1328/8/2 1423/8/2
f 1329/7/2 1330/7/2 1423/7/2
f 1330/8/2 1331/8/2 1424/8/2
f 1423/7/2 1330/7/2 1424/7/2
f 1331/7/2 1332/7/2 1425/7/2
f 1424/8/2 1331/8/2 1425/8/2
f 1332/8/2 1333/8/2 1426/8/2
f 1425/7/2 1332/7/2 1426/7/2
f 1333/7/2 1334/7/2 1427/7/2
f 1426/8/2 1333/8/2 1427/8/2
f 1334/4/2 1335/4/2 1428/4/2
f 1427/7/2 1334/7/2 1428/7/2
f 1335/5/2 1336/5/2 1429/5/2
f 1428/4/2 1335/4/2 1429/4/2
f 1336/5/2 1337/5/2 1429/5/2
f 1337/4/2 1338/4/2 1430/4/2
f 1429/5/2 1337/5/2 1430/5/2
f 1338/4/2 1339/4/2 1430/4/2
f 1339/5/2 1340/5/2 1431/5/2
f 1430/4/2 1339/4/2 1431/4/2
f 1340/5/2 1341/5/2 1431/5/2
f 1341/4/2 1342/4/2 1432/4/2
f 1431/5/2 1341/5/2 1432/5/2
f 1342/5/2 1343/5/2 1433/5/2
f 1432/4/2 1342/4/2 1433/4/2
f 1343/6/2 1344/6/2 1434/6/2
f 1433/5/2 1343/5/2 1434/5/2
f 1344/7/2 1345/7/2 1435/7/2
f 1434/6/2 1344/6/2 1435/6/2
f 1345/6/2 1346/6/2 1436/6/2
f 1435/7/2 1345/7/2 1436/7/2
f 1346/7/2 1347/7/2 1437/7/2
f 1436/6/2 1346/6/2 1437/6/2
f 1347/7/2 1348/7/2 1437/7/2
f 1348/5/2 1349/5/2 1438/5/2
f 1437/7/2 1348/7/2 1438/7/2
f 1354/6/2 1355/6/2 1439/6/2
f 1438/5/2 1349/5/2 1439/5/2
f 1349/6/2 1350/6/2 1439/6/2
f 1353/6/2 1354/6/2 1439/6/2
f 1352/6/2 1353/6/2 1439/6/2
f 1351/6/2 1352/6/2 1439/6/2
f 1350/6/2 1351/6/2 1439/6/2
f 1355/5/2 1356/5/2 1440/5/2
f 1439/6/2 1355/6/2 1440/6/2
f 1356/6/2 1357/6/2 1441/6/2
f 1440/5/2 1356/5/2 1441/5/2
f 1357/5/2 1358/5/2 1442/5/2
f 1441/6/2 1357/6/2 1442/6/2
f 1359/6/2 1360/6/2 1443/6/2
f 1442/5/2 1358/5/2 1443/5/2
f 1358/6/2 1359/6/2 1443/6/2
f 1361/5/2 1362/5/2 1444/5/2
f 1443/6/2 1360/6/2 1444/6/2
f 1360/5/2 1361/5/2 1444/5/2
f 1362/4/2 1363/4/2 1445/4/2
f 1444/5/2 1362/5/2 1445/5/2
f 1365/5/2 1366/5/2 1446/5/2
f 1445/4/2 1363/4/2 1446/4/2
f 1364/5/2 1365/5/2 1446/5/2
f 1363/5/2 1364/5/2 1446/5/2
f 1366/4/2 1367/4/2 1447/4/2
f 1446/5/2 1366/5/2 1447/5/2
f 1367/6/2 1368/6/2 1448/6/2
f 1447/4/2 1367/4/2 1448/4/2
f 1368/4/2 1369/4/2 1449/4/2
f 1448/6/2 1368/6/2 1449/6/2
f 1369/5/2 1370/5/2 1450/5/2
f 1449/4/2 1369/4/2 1450/4/2
f 1370/8/2 1371/8/2 1451/8/2
f 1450/5/2 1370/5/2 1451/5/2
f 1371/7/2 1372/7/2 1452/7/2
f 1451/8/2 1371/8/2 1452/8/2
f 1372/8/2 1373/8/2 1453/8/2
f 1452/7/2 1372/7/2 1453/7/2
f 1373/7/2 1374/7/2 1454/7/2
f 1453/8/2 1373/8/2 1454/8/2
f 1374/8/2 1375/8/2 1455/8/2
f 1454/7/2 1374/7/2 1455/7/2
f 1375/7/2 1376/7/2 1456/7/2
f 1455/8/2 1375/8/2 1456/8/2
f 1376/8/2 1377/8/2 1457/8/2
f 1456/7/2 1376/7/2 1457/7/2
f 1378/7/2 1379/7/2 1458/7/2
f 1457/8/2 1377/8/2 1458/8/2
f 1377/7/2 1378/7/2 1458/7/2
f 1458/7/2 1379/7/2 1459/7/2
f 1460/6/2 1461/6/2 1547/6/2
f 1461/8/2 1462/8/2 1548/8/2
f 1547/6/2 1461/6/2 1548/6/2
f 1462/6/2 1463/6/2 1549/6/2
f 1548/8/2 1462/8/2 1549/8/2
f 1463/8/2 1464/8/2 1550/8/2
f 1549/6/2 1463/6/2 1550/6/2
f 1464/7/2 1465/7/2 1551/7/2
f 1550/8/2 1464/8/2 1551/8/2
f 1465/6/2 1466/6/2 1552/6/2
f 1551/7/2 1465/7/2 1552/7/2
f 1466/5/2 1467/5/2 1553/5/2
f 1552/6/2 1466/6/2 1553/6/2
f 1467/6/2 1468/6/2 1554/6/2
f 1553/5/2 1467/5/2 1554/5/2
f 1468/4/2 1469/4/2 1555/4/2
f 1554/6/2 1468/6/2 1555/6/2
f 1555/4/2 1469/4/2 1556/4/2
f 1469/5/2 1470/5/2 1557/5/2
f 1556/4/2 1469/4/2 1557/4/2
f 1557/5/2 1470/5/2 1558/5/2
f 1470/4/2 1471/4/2 1559/4/2
f 1558/5/2 1470/5/2 1559/5/2
f 1559/4/2 1471/4/2 1560/4/2
f 1471/5/2 1472/5/2 1561/5/2
f 1560/4/2 1471/4/2 1561/4/2
f 1472/6/2 1473/6/2 1562/6/2
f 1561/5/2 1472/5/2 1562/5/2
f 1473/5/2 1474/5/2 1563/5/2
f 1562/6/2 1473/6/2 1563/6/2
f 1563/5/2 1474/5/2 1564/5/2
f 1474/6/2 1475/6/2 1565/6/2
f 1564/5/2 1474/5/2 1565/5/2
f 1475/5/2 1476/5/2 1566/5/2
f 1565/6/2 1475/6/2 1566/6/2
f 1476/6/2 1477/6/2 1567/6/2
f 1566/5/2 1476/5/2 1567/5/2
f 1477/7/2 1478/7/2 1568/7/2
f 1567/6/2 1477/6/2 1568/6/2
f 1478/6/2 1479/6/2 1569/6/2
f 1568/7/2 1478/7/2 1569/7/2
f 1569/6/2 1479/6/2 1570/6/2
f 1479/7/2 1480/7/2 1571/7/2
f 1570/6/2 1479/6/2 1571/6/2
f 1571/7/2 1480/7/2 1572/7/2
f 1480/8/2 1481/8/2 1573/8/2
f 1572/7/2 1480/7/2 1573/7/2
f 1481/7/2 1482/7/2 1574/7/2
f 1573/8/2 1481/8/2 1574/8/2
f 1574/7/2 1482/7/2 1575/7/2
f 1482/6/2 1483/6/2 1576/6/2
f 1575/7/2 1482/7/2 1576/7/2
f 1483/7/2 1484/7/2 1577/7/2
f 1576/6/2 1483/6/2 1577/6/2
f 1484/8/2 1485/8/2 1578/8/2
f 1577/7/2 1484/7/2 1578/7/2
f 1485/7/2 1486/7/2 1579/7/2
f 1578/8/2 1485/8/2 1579/8/2
f 1486/8/2 1487/8/2 1580/8/2
f 1579/7/2 1486/7/2 1580/7/2
f 1487/7/2 1488/7/2 1581/7/2
f 1580/8/2 1487/8/2 1581/8/2
f 1488/8/2 1489/8/2 1582/8/2
f 1581/7/2 1488/7/2 1582/7/2
f 1489/7/2 1490/7/2 1583/7/2
f 1582/8/2 1489/8/2 1583/8/2
f 1490/6/2 1491/6/2 1584/6/2
f 1583/7/2 1490/7/2 1584/7/2
f 1491/8/2 1492/8/2 1585/8/2
f 1584/6/2 1491/6/2 1585/6/2
f 1492/7/2 1493/7/2 1586/7/2
f 1585/8/2 1492/8/2 1586/8/2
f 1493/8/2 1494/8/2 1587/8/2
f 1586/7/2 1493/7/2 1587/7/2
f 1494/6/2 1495/6/2 1588/6/2
f 1587/8/2 1494/8/2 1588/8/2
f 1588/6/2 1495/6/2 1589/6/2
f 1589/6/2 1495/6/2 1590/6/2
f 1495/8/2 1496/8/2 1591/8/2
f 1590/6/2 1495/6/2 1591/6/2
f 1496/6/2 1497/6/2 1592/6/2
f 1591/8/2 1496/8/2 1592/8/2
f 1497/8/2 1498/8/2 1593/8/2
f 1592/6/2 1497/6/2 1593/6/2
f 1498/7/2 1499/7/2 1594/7/2
f 1593/8/2 1498/8/2 1594/8/2
f 1594/7/2 1499/7/2 1595/7/2
f 1499/8/2 1500/8/2 1596/8/2
f 1595/7/2 1499/7/2 1596/7/2
f 1500/7/2 1501/7/2 1597/7/2
f 1596/8/2 1500/8/2 1597/8/2
f 1501/6/2 1502/6/2 1598/6/2
f 1597/7/2 1501/7/2 1598/7/2
f 1598/6/2 1502/6/2 1599/6/2
f 1502/7/2 1503/7/2 1600/7/2
f 1599/6/2 1502/6/2 1600/6/2
f 1503/6/2 1504/6/2 1601/6/2
f 1600/7/2 1503/7/2 1601/7/2
f 1504/8/2 1505/8/2 1602/8/2
f 1601/6/2 1504/6/2 1602/6/2
f 1505/7/2 1506/7/2 1603/7/2
f 1602/8/2 1505/8/2 1603/8/2
f 1603/7/2 1506/7/2 1604/7/2
f 1506/8/2 1507/8/2 1605/8/2
f 1604/7/2 1506/7/2 1605/7/2
f 1605/8/2 1507/8/2 1606/8/2
f 1507/6/2 1508/6/2 1607/6/2
f 1606/8/2 1507/8/2 1607/8/2
f 1508/7/2 1509/7/2 1608/7/2
f 1607/6/2 1508/6/2 1608/6/2
f 1608/7/2 1509/7/2 1609/7/2
f 1509/6/2 1510/6/2 1610/6/2
f 1609/7/2 1509/7/2 1610/7/2
f 1510/5/2 1511/5/2 1611/5/2
f 1610/6/2 1510/6/2 1611/6/2
f 1611/5/2 1511/5/2 1612/5/2
f 1511/6/2 1512/6/2 1613/6/2
f 1512/7/2 1513/7/2 1614/7/2
f 1613/6/2 1512/6/2 1614/6/2
f 1614/7/2 1513/7/2 1615/7/2
f 1615/7/2 1513/7/2 1616/7/2
f 1513/5/2 1514/5/2 1617/5/2
f 1616/7/2 1513/7/2 1617/7/2
f 1617/5/2 1514/5/2 1618/5/2
f 1514/4/2 1515/4/2 1619/4/2
f 1618/5/2 1514/5/2 1619/5/2
f 1515/5/2 1516/5/2 1620/5/2
f 1619/4/2 1515/4/2 1620/4/2
f 1620/5/2 1516/5/2 1621/5/2
f 1516/4/2 1517/4/2 1622/4/2
f 1621/5/2 1516/5/2 1622/5/2
f 1517/5/2 1518/5/2 1623/5/2
f 1622/4/2 1517/4/2 1623/4/2
f 1623/5/2 1518/5/2 1624/5/2
f 1624/5/2 1518/5/2 1625/5/2
f 1518/7/2 1519/7/2 1626/7/2
f 1625/5/2 1518/5/2 1626/5/2
f 1626/7/2 1519/7/2 1627/7/2
f 1627/7/2 1519/7/2 1628/7/2
f 1519/6/2 1520/6/2 1629/6/2
f 1628/7/2 1519/7/2 1629/7/2
f 1520/7/2 1521/7/2 1630/7/2
f 1629/6/2 1520/6/2 1630/6/2
f 1521/6/2 1522/6/2 1631/6/2
f 1630/7/2 1521/7/2 1631/7/2
f 1522/5/2 1523/5/2 1632/5/2
f 1631/6/2 1522/6/2 1632/6/2
f 1523/6/2 1524/6/2 1633/6/2
f 1632/5/2 1523/5/2 1633/5/2
f 1524/5/2 1525/5/2 1634/5/2
f 1633/6/2 1524/6/2 1634/6/2
f 1525/7/2 1526/7/2 1635/7/2
f 1634/5/2 1525/5/2 1635/5/2
f 1526/6/2 1527/6/2 1636/6/2
f 1635/7/2 1526/7/2 1636/7/2
f 1527/5/2 1528/5/2 1637/5/2
f 1528/7/2 1529/7/2 1638/7/2
f 1637/5/2 1528/5/2 1638/5/2
f 1638/7/2 1529/7/2 1639/7/2
f 1529/6/2 1530/6/2 1640/6/2
f 1639/7/2 1529/7/2 1640/7/2
f 1530/5/2 1531/5/2 1641/5/2
f 1640/6/2 1530/6/2 1641/6/2
f 1531/6/2 1532/6/2 1642/6/2
f 1641/5/2 1531/5/2 1642/5/2
f 1532/7/2 1533/7/2 1643/7/2
f 1642/6/2 1532/6/2 1643/6/2
f 1533/5/2 1534/5/2 1644/5/2
f 1643/7/2 1533/7/2 1644/7/2
f 1534/4/2 1535/4/2 1645/4/2
f 1644/5/2 1534/5/2 1645/5/2
f 1535/5/2 1536/5/2 1646/5/2
f 1645/4/2 1535/4/2 1646/4/2
f 1646/5/2 1536/5/2 1647/5/2
f 1536/4/2 1537/4/2 1648/4/2
f 1647/5/2 1536/5/2 1648/5/2
f 1537/6/2 1538/6/2 1649/6/2
f 1648/4/2 1537/4/2 1649/4/2
f 1538/4/2 1539/4/2 1650/4/2
f 1649/6/2 1538/6/2 1650/6/2
f 1539/5/2 1540/5/2 1651/5/2
f 1650/4/2 1539/4/2 1651/4/2
f 1651/5/2 1540/5/2 1652/5/2
f 1540/4/2 1541/4/2 1653/4/2
f 1652/5/2 1540/5/2 1653/5/2
f 1541/5/2 1542/5/2 1654/5/2
f 1653/4/2 1541/4/2 1654/4/2
f 1542/4/2 1543/4/2 1655/4/2
f 1654/5/2 1542/5/2 1655/5/2
f 1543/5/2 1544/5/2 1656/5/2
f 1655/4/2 1543/4/2 1656/4/2
f 1544/6/2 1545/6/2 1657/6/2
f 1656/5/2 1544/5/2 1657/5/2
f 1545/4/2 1546/4/2 1658/4/2
f 1657/6/2 1545/6/2 1658/6/2
f 1658/4/2 1546/4/2 1659/4/2
f 1547/7/2 1548/7/2 1660/7/2
f 1548/7/2 1549/7/2 1660/7/2
f 1549/7/2 1550/7/2 1660/7/2
f 1660/7/2 1550/7/2 1661/7/2
f 1550/6/2 1551/6/2 1662/6/2
f 1661/7/2 1550/7/2 1662/7/2
f 1551/8/2 1552/8/2 1663/8/2
f 1662/6/2 1551/6/2 1663/6/2
f 1552/7/2 1553/7/2 1664/7/2
f 1663/8/2 1552/8/2 1664/8/2
f 1553/6/2 1554/6/2 1665/6/2
f 1664/7/2 1553/7/2 1665/7/2
f 1554/8/2 1555/8/2 1666/8/2
f 1665/6/2 1554/6/2 1666/6/2
f 1555/7/2 1556/7/2 1667/7/2
f 1666/8/2 1555/8/2 1667/8/2
f 1556/8/2 1557/8/2 1668/8/2
f 1667/7/2 1556/7/2 1668/7/2
f 1557/7/2 1558/7/2 1669/7/2
f 1668/8/2 1557/8/2 1669/8/2
f 1558/8/2 1559/8/2 1670/8/2
f 1669/7/2 1558/7/2 1670/7/2
f 1559/7/2 1560/7/2 1671/7/2
f 1670/8/2 1559/8/2 1671/8/2
f 1560/8/2 1561/8/2 1672/8/2
f 1671/7/2 1560/7/2 1672/7/2
f 1561/7/2 1562/7/2 1673/7/2
f 1672/8/2 1561/8/2 1673/8/2
f 1562/7/2 1563/7/2 1673/7/2
f 1673/7/2 1563/7/2 1674/7/2
f 1563/8/2 1564/8/2 1675/8/2
f 1674/7/2 1563/7/2 1675/7/2
f 1564/7/2 1565/7/2 1676/7/2
f 1675/8/2 1564/8/2 1676/8/2
f 1565/6/2 1566/6/2 1677/6/2
f 1676/7/2 1565/7/2 1677/7/2
f 1566/6/2 1567/6/2 1677/6/2
f 1567/6/2 1568/6/2 1677/6/2
f 1568/6/2 1569/6/2 1677/6/2
f 1677/6/2 1569/6/2 1678/6/2
f 1678/6/2 1569/6/2 1679/6/2
f 1679/6/2 1569/6/2 1680/6/2
f 1569/7/2 1570/7/2 1681/7/2
f 1680/6/2 1569/6/2 1681/6/2
f 1570/6/2 1571/6/2 1682/6/2
f 1571/5/2 1572/5/2 1683/5/2
f 1682/6/2 1571/6/2 1683/6/2
f 1572/6/2 1573/6/2 1684/6/2
f 1683/5/2 1572/5/2 1684/5/2
f 1573/6/2 1574/6/2 1684/6/2
f 1684/6/2 1574/6/2 1685/6/2
f 1574/7/2 1575/7/2 1686/7/2
f 1685/6/2 1574/6/2 1686/6/2
f 1575/6/2 1576/6/2 1687/6/2
f 1686/7/2 1575/7/2 1687/7/2
f 1576/6/2 1577/6/2 1687/6/2
f 1687/6/2 1577/6/2 1688/6/2
f 1577/5/2 1578/5/2 1689/5/2
f 1688/6/2 1577/6/2 1689/6/2
f 1578/5/2 1579/5/2 1689/5/2
f 1579/5/2 1580/5/2 1689/5/2
f 1580/5/2 1581/5/2 1689/5/2
f 1581/5/2 1582/5/2 1689/5/2
f 1582/5/2 1583/5/2 1689/5/2
f 1689/5/2 1583/5/2 1690/5/2
f 1690/5/2 1583/5/2 1691/5/2
f 1691/5/2 1583/5/2 1692/5/2
f 1692/5/2 1583/5/2 1693/5/2
f 1583/6/2 1584/6/2 1694/6/2
f 1693/5/2 1583/5/2 1694/5/2
f 1584/6/2 1585/6/2 1694/6/2
f 1585/6/2 1586/6/2 1694/6/2
f 1586/6/2 1587/6/2 1694/6/2
f 1694/6/2 1587/6/2 1695/6/2
f 1695/6/2 1587/6/2 1696/6/2
f 1696/6/2 1587/6/2 1697/6/2
f 1587/7/2 1588/7/2 1698/7/2
f 1697/6/2 1587/6/2 1698/6/2
f 1588/7/2 1589/7/2 1698/7/2
f 1698/7/2 1589/7/2 1699/7/2
f 1589/6/2 1590/6/2 1700/6/2
f 1699/7/2 1589/7/2 1700/7/2
f 1590/5/2 1591/5/2 1701/5/2
f 1700/6/2 1590/6/2 1701/6/2
f 1591/6/2 1592/6/2 1702/6/2
f 1701/5/2 1591/5/2 1702/5/2
f 1592/4/2 1593/4/2 1703/4/2
f 1702/6/2 1592/6/2 1703/6/2
f 1594/6/2 1595/6/2 1704/6/2
f 1703/4/2 1593/4/2 1704/4/2
f 1593/6/2 1594/6/2 1704/6/2
f 1595/4/2 1596/4/2 1705/4/2
f 1704/6/2 1595/6/2 1705/6/2
f 1596/4/2 1597/4/2 1705/4/2
f 1705/4/2 1597/4/2 1706/4/2
f 1597/5/2 1598/5/2 1707/5/2
f 1706/4/2 1597/4/2 1707/4/2
f 1598/6/2 1599/6/2 1708/6/2
f 1707/5/2 1598/5/2 1708/5/2
f 1599/5/2 1600/5/2 1709/5/2
f 1708/6/2 1599/6/2 1709/6/2
f 1600/6/2 1601/6/2 1710/6/2
f 1709/5/2 1600/5/2 1710/5/2
f 1601/6/2 1602/6/2 1710/6/2
f 1603/6/2 1604/6/2 1710/6/2
f 1602/6/2 1603/6/2 1710/6/2
f 1710/6/2 1604/6/2 1711/6/2
f 1711/6/2 1604/6/2 1712/6/2
f 1712/6/2 1604/6/2 1713/6/2
f 1605/5/2 1606/5/2 1714/5/2
f 1713/6/2 1604/6/2 1714/6/2
f 1604/5/2 1605/5/2 1714/5/2
f 1606/6/2 1607/6/2 1715/6/2
f 1714/5/2 1606/5/2 1715/5/2
f 1608/4/2 1609/4/2 1716/4/2
f 1715/6/2 1607/6/2 1716/6/2
f 1607/4/2 1608/4/2 1716/4/2
f 1716/4/2 1609/4/2 1717/4/2
f 1609/6/2 1610/6/2 1718/6/2
f 1717/4/2 1609/4/2 1718/4/2
f 1610/5/2 1611/5/2 1719/5/2
f 1718/6/2 1610/6/2 1719/6/2
f 1612/5/2 1511/5/2 1720/5/2
f 1611/6/2 1612/6/2 1720/6/2
f 1511/6/2 1613/6/2 1721/6/2
f 1720/5/2 1511/5/2 1721/5/2
f 1613/7/2 1614/7/2 1722/7/2
f 1721/6/2 1613/6/2 1722/6/2
f 1614/5/2 1615/5/2 1723/5/2
f 1722/7/2 1614/7/2 1723/7/2
f 1723/5/2 1615/5/2 1724/5/2
f 1615/8/2 1616/8/2 1725/8/2
f 1724/5/2 1615/5/2 1725/5/2
f 1617/6/2 1618/6/2 1726/6/2
f 1725/8/2 1616/8/2 1726/8/2
f 1616/6/2 1617/6/2 1726/6/2
f 1618/7/2 1619/7/2 1727/7/2
f 1620/7/2 1621/7/2 1727/7/2
f 1619/7/2 1620/7/2 1727/7/2
f 1621/8/2 1622/8/2 1728/8/2
f 1727/7/2 1621/7/2 1728/7/2
f 1622/6/2 1623/6/2 1729/6/2
f 1728/8/2 1622/8/2 1729/8/2
f 1623/7/2 1624/7/2 1730/7/2
f 1729/6/2 1623/6/2 1730/6/2
f 1624/6/2 1625/6/2 1731/6/2
f 1730/7/2 1624/7/2 1731/7/2
f 1625/5/2 1626/5/2 1732/5/2
f 1731/6/2 1625/6/2 1732/6/2
f 1626/6/2 1627/6/2 1733/6/2
f 1732/5/2 1626/5/2 1733/5/2
f 1627/5/2 1628/5/2 1734/5/2
f 1733/6/2 1627/6/2 1734/6/2
f 1628/6/2 1629/6/2 1735/6/2
f 1734/5/2 1628/5/2 1735/5/2
f 1629/7/2 1630/7/2 1736/7/2
f 1735/6/2 1629/6/2 1736/6/2
f 1630/6/2 1631/6/2 1737/6/2
f 1736/7/2 1630/7/2 1737/7/2
f 1631/6/2 1632/6/2 1737/6/2
f 1632/6/2 1633/6/2 1737/6/2
f 1633/6/2 1634/6/2 1737/6/2
f 1737/6/2 1634/6/2 1738/6/2
f 1634/4/2 1635/4/2 1739/4/2
f 1738/6/2 1634/6/2 1739/6/2
f 1635/6/2 1636/6/2 1740/6/2
f 1739/4/2 1635/4/2 1740/4/2
f 1636/6/2 1527/6/2 1741/6/2
f 1740/6/2 1636/6/2 1741/6/2
f 1527/5/2 1637/5/2 1742/5/2
f 1741/6/2 1527/6/2 1742/6/2
f 1637/4/2 1638/4/2 1743/4/2
f 1742/5/2 1637/5/2 1743/5/2
f 1638/5/2 1639/5/2 1744/5/2
f 1743/4/2 1638/4/2 1744/4/2
f 1639/4/2 1640/4/2 1745/4/2
f 1744/5/2 1639/5/2 1745/5/2
f 1640/6/2 1641/6/2 1746/6/2
f 1745/4/2 1640/4/2 1746/4/2
f 1641/4/2 1642/4/2 1747/4/2
f 1746/6/2 1641/6/2 1747/6/2
f 1642/6/2 1643/6/2 1748/6/2
f 1747/4/2 1642/4/2 1748/4/2
f 1643/5/2 1644/5/2 1749/5/2
f 1748/6/2 1643/6/2 1749/6/2
f 1644/5/2 1645/5/2 1749/5/2
f 1645/5/2 1646/5/2 1749/5/2
f 1749/5/2 1646/5/2 1750/5/2
f 1750/5/2 1646/5/2 1751/5/2
f 1646/6/2 1647/6/2 1752/6/2
f 1751/5/2 1646/5/2 1752/5/2
f 1647/7/2 1648/7/2 1753/7/2
f 1752/6/2 1647/6/2 1753/6/2
f 1648/6/2 1649/6/2 1754/6/2
f 1753/7/2 1648/7/2 1754/7/2
f 1649/5/2 1650/5/2 1755/5/2
f 1754/6/2 1649/6/2 1755/6/2
f 1650/6/2 1651/6/2 1756/6/2
f 1755/5/2 1650/5/2 1756/5/2
f 1756/6/2 1651/6/2 1757/6/2
f 1651/5/2 1652/5/2 1758/5/2
f 1757/6/2 1651/6/2 1758/6/2
f 1652/8/2 1653/8/2 1759/8/2
f 1758/5/2 1652/5/2 1759/5/2
f 1653/6/2 1654/6/2 1760/6/2
f 1759/8/2 1653/8/2 1760/8/2
f 1654/8/2 1655/8/2 1761/8/2
f 1760/6/2 1654/6/2 1761/6/2
f 1761/8/2 1655/8/2 1762/8/2
f 1656/7/2 1657/7/2 1763/7/2
f 1657/5/2 1658/5/2 1763/5/2
f 1658/6/2 1659/6/2 1764/6/2
f 1763/5/2 1658/5/2 1764/5/2
f 1764/6/2 1659/6/2 1765/6/2
f 1660/5/2 1661/5/2 1766/5/2
f 1661/6/2 1662/6/2 1767/6/2
f 1766/5/2 1661/5/2 1767/5/2
f 1662/6/2 1663/6/2 1767/6/2
f 1663/6/2 1664/6/2 1767/6/2
f 1664/5/2 1665/5/2 1768/5/2
f 1767/6/2 1664/6/2 1768/6/2
f 1665/6/2 1666/6/2 1769/6/2
f 1768/5/2 1665/5/2 1769/5/2
f 1666/7/2 1667/7/2 1770/7/2
f 1769/6/2 1666/6/2 1770/6/2
f 1667/6/2 1668/6/2 1771/6/2
f 1770/7/2 1667/7/2 1771/7/2
f 1668/6/2 1669/6/2 1771/6/2
f 1771/6/2 1669/6/2 1772/6/2
f 1669/8/2 1670/8/2 1773/8/2
f 1772/6/2 1669/6/2 1773/6/2
f 1670/7/2 1671/7/2 1774/7/2
f 1773/8/2 1670/8/2 1774/8/2
f 1671/6/2 1672/6/2 1775/6/2
f 1774/7/2 1671/7/2 1775/7/2
f 1672/7/2 1673/7/2 1776/7/2
f 1775/6/2 1672/6/2 1776/6/2
f 1673/6/2 1674/6/2 1777/6/2
f 1776/7/2 1673/7/2 1777/7/2
f 1674/7/2 1675/7/2 1778/7/2
f 1777/6/2 1674/6/2 1778/6/2
f 1675/6/2 1676/6/2 1779/6/2
f 1778/7/2 1675/7/2 1779/7/2
f 1676/7/2 1677/7/2 1780/7/2
f 1779/6/2 1676/6/2 1780/6/2
f 1679/8/2 1680/8/2 1781/8/2
f 1678/7/2 1679/7/2 1781/7/2
f 1781/8/2 1680/8/2 1782/8/2
f 1570/6/2 1682/6/2 1783/6/2
f 1682/5/2 1683/5/2 1783/5/2
f 1684/7/2 1685/7/2 1784/7/2
f 1783/5/2 1683/5/2 1784/5/2
f 1683/7/2 1684/7/2 1784/7/2
f 1784/7/2 1685/7/2 1785/7/2
f 1685/6/2 1686/6/2 1786/6/2
f 1785/7/2 1685/7/2 1786/7/2
f 1686/6/2 1687/6/2 1786/6/2
f 1786/6/2 1687/6/2 1787/6/2
f 1687/7/2 1688/7/2 1788/7/2
f 1787/6/2 1687/6/2 1788/6/2
f 1689/6/2 1690/6/2 1789/6/2
f 1688/6/2 1689/6/2 1789/6/2
f 1789/6/2 1690/6/2 1790/6/2
f 1690/7/2 1691/7/2 1791/7/2
f 1790/6/2 1690/6/2 1791/6/2
f 1691/6/2 1692/6/2 1792/6/2
f 1791/7/2 1691/7/2 1792/7/2
f 1792/6/2 1692/6/2 1793/6/2
f 1692/7/2 1693/7/2 1794/7/2
f 1793/6/2 1692/6/2 1794/6/2
f 1693/6/2 1694/6/2 1795/6/2
f 1794/7/2 1693/7/2 1795/7/2
f 1694/5/2 1695/5/2 1796/5/2
f 1695/6/2 1696/6/2 1796/6/2
f 1696/7/2 1697/7/2 1797/7/2
f 1796/6/2 1696/6/2 1797/6/2
f 1698/5/2 1699/5/2 1798/5/2
f 1797/7/2 1697/7/2 1798/7/2
f 1697/5/2 1698/5/2 1798/5/2
f 1699/7/2 1700/7/2 1799/7/2
f 1798/5/2 1699/5/2 1799/5/2
f 1700/5/2 1701/5/2 1800/5/2
f 1799/7/2 1700/7/2 1800/7/2
f 1701/7/2 1702/7/2 1801/7/2
f 1800/5/2 1701/5/2 1801/5/2
f 1702/6/2 1703/6/2 1802/6/2
f 1801/7/2 1702/7/2 1802/7/2
f 1703/6/2 1704/6/2 1802/6/2
f 1704/6/2 1705/6/2 1802/6/2
f 1802/6/2 1705/6/2 1803/6/2
f 1803/6/2 1705/6/2 1804/6/2
f 1804/6/2 1705/6/2 1805/6/2
f 1705/7/2 1706/7/2 1806/7/2
f 1805/6/2 1705/6/2 1806/6/2
f 1706/6/2 1707/6/2 1807/6/2
f 1806/7/2 1706/7/2 1807/7/2
f 1707/5/2 1708/5/2 1808/5/2
f 1807/6/2 1707/6/2 1808/6/2
f 1708/7/2 1709/7/2 1809/7/2
f 1808/5/2 1708/5/2 1809/5/2
f 1709/7/2 1710/7/2 1809/7/2
f 1710/6/2 1711/6/2 1810/6/2
f 1809/7/2 1710/7/2 1810/7/2
f 1711/7/2 1712/7/2 1811/7/2
f 1810/6/2 1711/6/2 1811/6/2
f 1712/6/2 1713/6/2 1812/6/2
f 1811/7/2 1712/7/2 1812/7/2
f 1713/7/2 1714/7/2 1813/7/2
f 1812/6/2 1713/6/2 1813/6/2
f 1714/7/2 1715/7/2 1813/7/2
f 1813/7/2 1715/7/2 1814/7/2
f 1715/8/2 1716/8/2 1815/8/2
f 1814/7/2 1715/7/2 1815/7/2
f 1716/6/2 1717/6/2 1816/6/2
f 1815/8/2 1716/8/2 1816/8/2
f 1717/4/2 1718/4/2 1817/4/2
f 1816/6/2 1717/6/2 1817/6/2
f 1719/5/2 1611/5/2 1818/5/2
f 1718/5/2 1719/5/2 1818/5/2
f 1611/6/2 1720/6/2 1819/6/2
f 1818/5/2 1611/5/2 1819/5/2
f 1720/6/2 1721/6/2 1819/6/2
f 1819/6/2 1721/6/2 1820/6/2
f 1721/5/2 1722/5/2 1821/5/2
f 1820/6/2 1721/6/2 1821/6/2
f 1821/5/2 1722/5/2 1822/5/2
f 1722/4/2 1723/4/2 1823/4/2
f 1822/5/2 1722/5/2 1823/5/2
f 1823/4/2 1723/4/2 1824/4/2
f 1723/5/2 1724/5/2 1825/5/2
f 1824/4/2 1723/4/2 1825/4/2
f 1724/7/2 1725/7/2 1826/7/2
f 1825/5/2 1724/5/2 1826/5/2
f 1725/5/2 1726/5/2 1827/5/2
f 1826/7/2 1725/7/2 1827/7/2
f 1726/6/2 1618/6/2 1828/6/2
f 1827/5/2 1726/5/2 1828/5/2
f 1618/7/2 1727/7/2 1829/7/2
f 1727/6/2 1728/6/2 1829/6/2
f 1829/6/2 1728/6/2 1830/6/2
f 1830/6/2 1728/6/2 1831/6/2
f 1729/7/2 1730/7/2 1832/7/2
f 1831/6/2 1728/6/2 1832/6/2
f 1728/7/2 1729/7/2 1832/7/2
f 1732/6/2 1733/6/2 1833/6/2
f 1832/7/2 1730/7/2 1833/7/2
f 1731/6/2 1732/6/2 1833/6/2
f 1730/6/2 1731/6/2 1833/6/2
f 1733/5/2 1734/5/2 1834/5/2
f 1833/6/2 1733/6/2 1834/6/2
f 1734/5/2 1735/5/2 1834/5/2
f 1834/5/2 1735/5/2 1835/5/2
f 1735/7/2 1736/7/2 1836/7/2
f 1835/5/2 1735/5/2 1836/5/2
f 1737/5/2 1738/5/2 1837/5/2
f 1836/7/2 1736/7/2 1837/7/2
f 1736/5/2 1737/5/2 1837/5/2
f 1837/5/2 1738/5/2 1838/5/2
f 1738/6/2 1739/6/2 1839/6/2
f 1838/5/2 1738/5/2 1839/5/2
f 1739/6/2 1740/6/2 1839/6/2
f 1839/6/2 1740/6/2 1840/6/2
f 1840/6/2 1740/6/2 1841/6/2
f 1841/6/2 1740/6/2 1842/6/2
f 1740/8/2 1741/8/2 1843/8/2
f 1842/6/2 1740/6/2 1843/6/2
f 1741/7/2 1742/7/2 1844/7/2
f 1843/8/2 1741/8/2 1844/8/2
f 1742/8/2 1743/8/2 1845/8/2
f 1844/7/2 1742/7/2 1845/7/2
f 1743/8/2 1744/8/2 1845/8/2
f 1744/6/2 1745/6/2 1846/6/2
f 1845/8/2 1744/8/2 1846/8/2
f 1746/7/2 1747/7/2 1847/7/2
f 1747/8/2 1748/8/2 1847/8/2
f 1748/8/2 1749/8/2 1847/8/2
f 1749/8/2 1750/8/2 1847/8/2
f 1847/8/2 1750/8/2 1848/8/2
f 1848/8/2 1750/8/2 1849/8/2
f 1750/6/2 1751/6/2 1850/6/2
f 1849/8/2 1750/8/2 1850/8/2
f 1751/8/2 1752/8/2 1851/8/2
f 1850/6/2 1751/6/2 1851/6/2
f 1752/8/2 1753/8/2 1851/8/2
f 1753/8/2 1754/8/2 1851/8/2
f 1851/8/2 1754/8/2 1852/8/2
f 1754/7/2 1755/7/2 1853/7/2
f 1852/8/2 1754/8/2 1853/8/2
f 1756/7/2 1757/7/2 1853/7/2
f 1755/7/2 1756/7/2 1853/7/2
f 1853/7/2 1757/7/2 1854/7/2
f 1854/7/2 1757/7/2 1855/7/2
f 1757/6/2 1758/6/2 1856/6/2
f 1855/7/2 1757/7/2 1856/7/2
f 1758/6/2 1759/6/2 1856/6/2
f 1761/7/2 1762/7/2 1857/7/2
f 1856/6/2 1759/6/2 1857/6/2
f 1759/7/2 1760/7/2 1857/7/2
f 1760/7/2 1761/7/2 1857/7/2
f 1857/7/2 1762/7/2 1858/7/2
f 1762/8/2 1655/8/2 1859/8/2
f 1858/7/2 1762/7/2 1859/7/2
f 1655/6/2 1656/6/2 1860/6/2
f 1859/8/2 1655/8/2 1860/8/2
f 1656/7/2 1763/7/2 1861/7/2
f 1860/6/2 1656/6/2 1861/6/2
f 1764/7/2 1765/7/2 1861/7/2
f 1763/7/2 1764/7/2 1861/7/2
f 1861/7/2 1765/7/2 1862/7/2
f 1862/7/2 1765/7/2 1863/7/2
f 1863/7/2 1765/7/2 1864/7/2
f 1660/5/2 1766/5/2 1865/5/2
f 1766/6/2 1767/6/2 1866/6/2
f 1865/5/2 1766/5/2 1866/5/2
f 1767/5/2 1768/5/2 1867/5/2
f 1866/6/2 1767/6/2 1867/6/2
f 1867/5/2 1768/5/2 1868/5/2
f 1868/5/2 1768/5/2 1869/5/2
f 1768/6/2 1769/6/2 1870/6/2
f 1869/5/2 1768/5/2 1870/5/2
f 1769/7/2 1770/7/2 1871/7/2
f 1870/6/2 1769/6/2 1871/6/2
f 1770/6/2 1771/6/2 1872/6/2
f 1871/7/2 1770/7/2 1872/7/2
f 1771/7/2 1772/7/2 1873/7/2
f 1872/6/2 1771/6/2 1873/6/2
f 1772/8/2 1773/8/2 1874/8/2
f 1873/7/2 1772/7/2 1874/7/2
f 1773/7/2 1774/7/2 1875/7/2
f 1874/8/2 1773/8/2 1875/8/2
f 1775/7/2 1776/7/2 1875/7/2
f 1774/7/2 1775/7/2 1875/7/2
f 1776/8/2 1777/8/2 1876/8/2
f 1875/7/2 1776/7/2 1876/7/2
f 1777/7/2 1778/7/2 1877/7/2
f 1876/8/2 1777/8/2 1877/8/2
f 1778/6/2 1779/6/2 1878/6/2
f 1877/7/2 1778/7/2 1878/7/2
f 1779/8/2 1780/8/2 1879/8/2
f 1878/6/2 1779/6/2 1879/6/2
f 1780/7/2 1677/7/2 1880/7/2
f 1879/8/2 1780/8/2 1880/8/2
f 1677/8/2 1678/8/2 1881/8/2
f 1880/7/2 1677/7/2 1881/7/2
f 1781/7/2 1782/7/2 1882/7/2
f 1881/8/2 1678/8/2 1882/8/2
f 1678/7/2 1781/7/2 1882/7/2
f 1782/8/2 1680/8/2 1883/8/2
f 1882/7/2 1782/7/2 1883/7/2
f 1680/7/2 1681/7/2 1884/7/2
f 1883/8/2 1680/8/2 1884/8/2
f 1570/6/2 1783/6/2 1885/6/2
f 1784/7/2 1785/7/2 1885/7/2
f 1783/7/2 1784/7/2 1885/7/2
f 1786/6/2 1787/6/2 1886/6/2
f 1885/7/2 1785/7/2 1886/7/2
f 1785/6/2 1786/6/2 1886/6/2
f 1787/7/2 1788/7/2 1887/7/2
f 1886/6/2 1787/6/2 1887/6/2
f 1788/7/2 1688/7/2 1888/7/2
f 1887/7/2 1788/7/2 1888/7/2
f 1688/6/2 1789/6/2 1889/6/2
f 1888/7/2 1688/7/2 1889/7/2
f 1789/7/2 1790/7/2 1890/7/2
f 1889/6/2 1789/6/2 1890/6/2
f 1792/6/2 1793/6/2 1891/6/2
f 1890/7/2 1790/7/2 1891/7/2
f 1790/6/2 1791/6/2 1891/6/2
f 1791/6/2 1792/6/2 1891/6/2
f 1891/6/2 1793/6/2 1892/6/2
f 1793/7/2 1794/7/2 1893/7/2
f 1892/6/2 1793/6/2 1893/6/2
f 1794/6/2 1795/6/2 1894/6/2
f 1893/7/2 1794/7/2 1894/7/2
f 1795/6/2 1694/6/2 1895/6/2
f 1894/6/2 1795/6/2 1895/6/2
f 1796/5/2 1797/5/2 1896/5/2
f 1895/6/2 1694/6/2 1896/6/2
f 1694/5/2 1796/5/2 1896/5/2
f 1797/6/2 1798/6/2 1897/6/2
f 1896/5/2 1797/5/2 1897/5/2
f 1798/7/2 1799/7/2 1898/7/2
f 1799/8/2 1800/8/2 1898/8/2
f 1800/7/2 1801/7/2 1899/7/2
f 1898/8/2 1800/8/2 1899/8/2
f 1802/7/2 1803/7/2 1900/7/2
f 1801/8/2 1802/8/2 1900/8/2
f 1803/8/2 1804/8/2 1901/8/2
f 1900/7/2 1803/7/2 1901/7/2
f 1804/7/2 1805/7/2 1902/7/2
f 1901/8/2 1804/8/2 1902/8/2
f 1805/6/2 1806/6/2 1903/6/2
f 1902/7/2 1805/7/2 1903/7/2
f 1806/8/2 1807/8/2 1904/8/2
f 1903/6/2 1806/6/2 1904/6/2
f 1807/7/2 1808/7/2 1905/7/2
f 1904/8/2 1807/8/2 1905/8/2
f 1808/8/2 1809/8/2 1906/8/2
f 1905/7/2 1808/7/2 1906/7/2
f 1809/7/2 1810/7/2 1907/7/2
f 1906/8/2 1809/8/2 1907/8/2
f 1810/8/2 1811/8/2 1908/8/2
f 1907/7/2 1810/7/2 1908/7/2
f 1811/7/2 1812/7/2 1909/7/2
f 1908/8/2 1811/8/2 1909/8/2
f 1812/5/2 1813/5/2 1910/5/2
f 1909/7/2 1812/7/2 1910/7/2
f 1813/6/2 1814/6/2 1911/6/2
f 1910/5/2 1813/5/2 1911/5/2
f 1814/5/2 1815/5/2 1912/5/2
f 1911/6/2 1814/6/2 1912/6/2
f 1815/5/2 1816/5/2 1912/5/2
f 1816/5/2 1817/5/2 1912/5/2
f 1912/5/2 1817/5/2 1913/5/2
f 1817/4/2 1718/4/2 1914/4/2
f 1913/5/2 1817/5/2 1914/5/2
f 1718/5/2 1818/5/2 1915/5/2
f 1914/4/2 1718/4/2 1915/4/2
f 1818/6/2 1819/6/2 1916/6/2
f 1915/5/2 1818/5/2 1916/5/2
f 1819/5/2 1820/5/2 1917/5/2
f 1916/6/2 1819/6/2 1917/6/2
f 1820/4/2 1821/4/2 1918/4/2
f 1917/5/2 1820/5/2 1918/5/2
f 1821/7/2 1822/7/2 1919/7/2
f 1918/4/2 1821/4/2 1919/4/2
f 1823/6/2 1824/6/2 1920/6/2
f 1919/7/2 1822/7/2 1920/7/2
f 1822/6/2 1823/6/2 1920/6/2
f 1824/8/2 1825/8/2 1921/8/2
f 1920/6/2 1824/6/2 1921/6/2
f 1826/6/2 1827/6/2 1922/6/2
f 1921/8/2 1825/8/2 1922/8/2
f 1825/6/2 1826/6/2 1922/6/2
f 1827/6/2 1828/6/2 1922/6/2
f 1922/6/2 1828/6/2 1923/6/2
f 1923/6/2 1828/6/2 1924/6/2
f 1828/6/2 1618/6/2 1925/6/2
f 1924/6/2 1828/6/2 1925/6/2
f 1829/7/2 1830/7/2 1926/7/2
f 1618/7/2 1829/7/2 1926/7/2
f 1830/5/2 1831/5/2 1927/5/2
f 1926/7/2 1830/7/2 1927/7/2
f 1831/7/2 1832/7/2 1928/7/2
f 1927/5/2 1831/5/2 1928/5/2
f 1832/7/2 1833/7/2 1928/7/2
f 1833/7/2 1834/7/2 1928/7/2
f 1928/7/2 1834/7/2 1929/7/2
f 1929/7/2 1834/7/2 1930/7/2
f 1834/8/2 1835/8/2 1931/8/2
f 1930/7/2 1834/7/2 1931/7/2
f 1837/6/2 1838/6/2 1932/6/2
f 1931/8/2 1835/8/2 1932/8/2
f 1835/6/2 1836/6/2 1932/6/2
f 1836/6/2 1837/6/2 1932/6/2
f 1932/6/2 1838/6/2 1933/6/2
f 1933/6/2 1838/6/2 1934/6/2
f 1838/8/2 1839/8/2 1935/8/2
f 1934/6/2 1838/6/2 1935/6/2
f 1839/7/2 1840/7/2 1936/7/2
f 1935/8/2 1839/8/2 1936/8/2
f 1840/6/2 1841/6/2 1937/6/2
f 1936/7/2 1840/7/2 1937/7/2
f 1842/6/2 1843/6/2 1938/6/2
f 1843/7/2 1844/7/2 1938/7/2
f 1844/7/2 1845/7/2 1938/7/2
f 1845/7/2 1846/7/2 1938/7/2
f 1938/7/2 1846/7/2 1939/7/2
f 1846/6/2 1745/6/2 1940/6/2
f 1939/7/2 1846/7/2 1940/7/2
f 1745/8/2 1746/8/2 1941/8/2
f 1940/6/2 1745/6/2 1941/6/2
f 1746/7/2 1847/7/2 1942/7/2
f 1941/8/2 1746/8/2 1942/8/2
f 1848/6/2 1849/6/2 1943/6/2
f 1847/5/2 1848/5/2 1943/5/2
f 1849/5/2 1850/5/2 1944/5/2
f 1943/6/2 1849/6/2 1944/6/2
f 1850/5/2 1851/5/2 1944/5/2
f 1851/6/2 1852/6/2 1945/6/2
f 1944/5/2 1851/5/2 1945/5/2
f 1853/5/2 1854/5/2 1946/5/2
f 1945/6/2 1852/6/2 1946/6/2
f 1852/5/2 1853/5/2 1946/5/2
f 1854/4/2 1855/4/2 1947/4/2
f 1946/5/2 1854/5/2 1947/5/2
f 1855/5/2 1856/5/2 1948/5/2
f 1947/4/2 1855/4/2 1948/4/2
f 1856/6/2 1857/6/2 1949/6/2
f 1948/5/2 1856/5/2 1949/5/2
f 1949/6/2 1857/6/2 1950/6/2
f 1857/5/2 1858/5/2 1951/5/2
f 1950/6/2 1857/6/2 1951/6/2
f 1858/4/2 1859/4/2 1952/4/2
f 1951/5/2 1858/5/2 1952/5/2
f 1859/6/2 1860/6/2 1953/6/2
f 1952/4/2 1859/4/2 1953/4/2
f 1860/5/2 1861/5/2 1954/5/2
f 1953/6/2 1860/6/2 1954/6/2
f 1861/6/2 1862/6/2 1955/6/2
f 1954/5/2 1861/5/2 1955/5/2
f 1862/8/2 1863/8/2 1956/8/2
f 1955/6/2 1862/6/2 1956/6/2
f 1863/6/2 1864/6/2 1957/6/2
f 1956/8/2 1863/8/2 1957/8/2
f 1864/7/2 1765/7/2 1958/7/2
f 1957/6/2 1864/6/2 1958/6/2
f 1867/8/2 1868/8/2 1959/8/2
f 1866/6/2 1867/6/2 1959/6/2
f 1868/7/2 1869/7/2 1960/7/2
f 1959/8/2 1868/8/2 1960/8/2
f 1870/8/2 1871/8/2 1961/8/2
f 1960/7/2 1869/7/2 1961/7/2
f 1869/8/2 1870/8/2 1961/8/2
f 1871/7/2 1872/7/2 1962/7/2
f 1961/8/2 1871/8/2 1962/8/2
f 1872/8/2 1873/8/2 1963/8/2
f 1962/7/2 1872/7/2 1963/7/2
f 1873/8/2 1874/8/2 1963/8/2
f 1963/8/2 1874/8/2 1964/8/2
f 1874/6/2 1875/6/2 1965/6/2
f 1964/8/2 1874/8/2 1965/8/2
f 1875/6/2 1876/6/2 1965/6/2
f 1965/6/2 1876/6/2 1966/6/2
f 1966/6/2 1876/6/2 1967/6/2
f 1876/7/2 1877/7/2 1968/7/2
f 1967/6/2 1876/6/2 1968/6/2
f 1878/6/2 1879/6/2 1969/6/2
f 1968/7/2 1877/7/2 1969/7/2
f 1877/6/2 1878/6/2 1969/6/2
f 1969/6/2 1879/6/2 1970/6/2
f 1880/7/2 1881/7/2 1971/7/2
f 1970/6/2 1879/6/2 1971/6/2
f 1879/7/2 1880/7/2 1971/7/2
f 1881/6/2 1882/6/2 1972/6/2
f 1971/7/2 1881/7/2 1972/7/2
f 1882/6/2 1883/6/2 1972/6/2
f 1972/6/2 1883/6/2 1973/6/2
f 1973/6/2 1883/6/2 1974/6/2
f 1883/7/2 1884/7/2 1975/7/2
f 1974/6/2 1883/6/2 1975/6/2
f 1884/7/2 1681/7/2 1976/7/2
f 1975/7/2 1884/7/2 1976/7/2
f 1681/7/2 1570/7/2 1977/7/2
f 1976/7/2 1681/7/2 1977/7/2
f 1570/6/2 1885/6/2 1978/6/2
f 1977/7/2 1570/7/2 1978/7/2
f 1885/5/2 1886/5/2 1979/5/2
f 1886/6/2 1887/6/2 1980/6/2
f 1979/5/2 1886/5/2 1980/5/2
f 1980/6/2 1887/6/2 1981/6/2
f 1887/5/2 1888/5/2 1982/5/2
f 1981/6/2 1887/6/2 1982/6/2
f 1889/6/2 1890/6/2 1983/6/2
f 1982/5/2 1888/5/2 1983/5/2
f 1888/6/2 1889/6/2 1983/6/2
f 1890/5/2 1891/5/2 1984/5/2
f 1983/6/2 1890/6/2 1984/6/2
f 1891/6/2 1892/6/2 1985/6/2
f 1984/5/2 1891/5/2 1985/5/2
f 1985/6/2 1892/6/2 1986/6/2
f 1893/5/2 1894/5/2 1987/5/2
f 1986/6/2 1892/6/2 1987/6/2
f 1892/5/2 1893/5/2 1987/5/2
f 1987/5/2 1894/5/2 1988/5/2
f 1894/6/2 1895/6/2 1989/6/2
f 1988/5/2 1894/5/2 1989/5/2
f 1895/5/2 1896/5/2 1990/5/2
f 1989/6/2 1895/6/2 1990/6/2
f 1896/7/2 1897/7/2 1991/7/2
f 1990/5/2 1896/5/2 1991/5/2
f 1897/6/2 1798/6/2 1992/6/2
f 1991/7/2 1897/7/2 1992/7/2
f 1798/7/2 1898/7/2 1993/7/2
f 1992/6/2 1798/6/2 1993/6/2
f 1993/7/2 1898/7/2 1994/7/2
f 1898/6/2 1899/6/2 1995/6/2
f 1994/7/2 1898/7/2 1995/7/2
f 1899/7/2 1801/7/2 1996/7/2
f 1995/6/2 1899/6/2 1996/6/2
f 1801/8/2 1900/8/2 1997/8/2
f 1996/7/2 1801/7/2 1997/7/2
f 1900/6/2 1901/6/2 1998/6/2
f 1997/8/2 1900/8/2 1998/8/2
f 1901/7/2 1902/7/2 1999/7/2
f 1998/6/2 1901/6/2 1999/6/2
f 1902/6/2 1903/6/2 2000/6/2
f 1999/7/2 1902/7/2 2000/7/2
f 1903/6/2 1904/6/2 2000/6/2
f 1904/4/2 1905/4/2 2001/4/2
f 2000/6/2 1904/6/2 2001/6/2
f 1905/5/2 1906/5/2 2002/5/2
f 2001/4/2 1905/4/2 2002/4/2
f 1906/4/2 1907/4/2 2003/4/2
f 2002/5/2 1906/5/2 2003/5/2
f 1907/5/2 1908/5/2 2004/5/2
f 2003/4/2 1907/4/2 2004/4/2
f 1910/5/2 1911/5/2 2004/5/2
f 1909/5/2 1910/5/2 2004/5/2
f 1908/5/2 1909/5/2 2004/5/2
f 2004/5/2 1911/5/2 2005/5/2
f 2005/5/2 1911/5/2 2006/5/2
f 2006/5/2 1911/5/2 2007/5/2
f 2007/5/2 1911/5/2 2008/5/2
f 1912/7/2 1913/7/2 2009/7/2
f 2008/5/2 1911/5/2 2009/5/2
f 1911/7/2 1912/7/2 2009/7/2
f 2009/7/2 1913/7/2 2010/7/2
f 1913/8/2 1914/8/2 2011/8/2
f 2010/7/2 1913/7/2 2011/7/2
f 2011/8/2 1914/8/2 2012/8/2
f 1914/7/2 1915/7/2 2013/7/2
f 2012/8/2 1914/8/2 2013/8/2
f 1916/6/2 1917/6/2 2014/6/2
f 2013/7/2 1915/7/2 2014/7/2
f 1915/6/2 1916/6/2 2014/6/2
f 2014/6/2 1917/6/2 2015/6/2
f 1917/8/2 1918/8/2 2016/8/2
f 2015/6/2 1917/6/2 2016/6/2
f 1918/7/2 1919/7/2 2017/7/2
f 2016/8/2 1918/8/2 2017/8/2
f 1919/7/2 1920/7/2 2017/7/2
f 1920/7/2 1921/7/2 2017/7/2
f 1922/7/2 1923/7/2 2017/7/2
f 1921/7/2 1922/7/2 2017/7/2
f 2017/7/2 1923/7/2 2018/7/2
f 2018/7/2 1923/7/2 2019/7/2
f 1923/8/2 1924/8/2 2020/8/2
f 2019/7/2 1923/7/2 2020/7/2
f 1924/7/2 1925/7/2 2021/7/2
f 2020/8/2 1924/8/2 2021/8/2
f 1925/6/2 1618/6/2 2022/6/2
f 2021/7/2 1925/7/2 2022/7/2
f 1618/7/2 1926/7/2 2023/7/2
f 2022/6/2 1618/6/2 2023/6/2
f 1926/6/2 1927/6/2 2024/6/2
f 2023/7/2 1926/7/2 2024/7/2
f 1927/4/2 1928/4/2 2025/4/2
f 2024/6/2 1927/6/2 2025/6/2
f 1928/5/2 1929/5/2 2026/5/2
f 2025/4/2 1928/4/2 2026/4/2
f 1929/4/2 1930/4/2 2027/4/2
f 2026/5/2 1929/5/2 2027/5/2
f 2027/4/2 1930/4/2 2028/4/2
f 1930/5/2 1931/5/2 2029/5/2
f 2028/4/2 1930/4/2 2029/4/2
f 1931/5/2 1932/5/2 2029/5/2
f 2029/5/2 1932/5/2 2030/5/2
f 1932/4/2 1933/4/2 2031/4/2
f 2030/5/2 1932/5/2 2031/5/2
f 1933/7/2 1934/7/2 2032/7/2
f 2031/4/2 1933/4/2 2032/4/2
f 1934/5/2 1935/5/2 2033/5/2
f 2032/7/2 1934/7/2 2033/7/2
f 1935/7/2 1936/7/2 2034/7/2
f 2033/5/2 1935/5/2 2034/5/2
f 1936/6/2 1937/6/2 2035/6/2
f 2034/7/2 1936/7/2 2035/7/2
f 1937/6/2 1841/6/2 2036/6/2
f 2035/6/2 1937/6/2 2036/6/2
f 1841/7/2 1842/7/2 2037/7/2
f 2036/6/2 1841/6/2 2037/6/2
f 1938/6/2 1939/6/2 2038/6/2
f 2037/7/2 1842/7/2 2038/7/2
f 1842/6/2 1938/6/2 2038/6/2
f 2038/6/2 1939/6/2 2039/6/2
f 2039/6/2 1939/6/2 2040/6/2
f 2040/6/2 1939/6/2 2041/6/2
f 1939/5/2 1940/5/2 2042/5/2
f 2041/6/2 1939/6/2 2042/6/2
f 1940/5/2 1941/5/2 2042/5/2
f 1941/7/2 1942/7/2 2043/7/2
f 2042/5/2 1941/5/2 2043/5/2
f 1942/7/2 1847/7/2 2044/7/2
f 2043/7/2 1942/7/2 2044/7/2
f 1847/5/2 1943/5/2 2044/5/2
f 1943/7/2 1944/7/2 2045/7/2
f 2044/5/2 1943/5/2 2045/5/2
f 1944/6/2 1945/6/2 2046/6/2
f 2045/7/2 1944/7/2 2046/7/2
f 2046/6/2 1945/6/2 2047/6/2
f 1946/6/2 1947/6/2 2048/6/2
f 1945/5/2 1946/5/2 2048/5/2
f 2048/6/2 1947/6/2 2049/6/2
f 2049/6/2 1947/6/2 2050/6/2
f 1947/5/2 1948/5/2 2051/5/2
f 2050/6/2 1947/6/2 2051/6/2
f 1949/7/2 1950/7/2 2052/7/2
f 2051/5/2 1948/5/2 2052/5/2
f 1948/7/2 1949/7/2 2052/7/2
f 2052/7/2 1950/7/2 2053/7/2
f 1950/6/2 1951/6/2 2054/6/2
f 2053/7/2 1950/7/2 2054/7/2
f 1951/7/2 1952/7/2 2055/7/2
f 2054/6/2 1951/6/2 2055/6/2
f 1952/7/2 1953/7/2 2055/7/2
f 2055/7/2 1953/7/2 2056/7/2
f 1953/8/2 1954/8/2 2057/8/2
f 2056/7/2 1953/7/2 2057/7/2
f 1955/7/2 1956/7/2 2058/7/2
f 2057/8/2 1954/8/2 2058/8/2
f 1954/7/2 1955/7/2 2058/7/2
f 2058/7/2 1956/7/2 2059/7/2
f 1956/6/2 1957/6/2 2060/6/2
f 2059/7/2 1956/7/2 2060/7/2
f 1957/7/2 1958/7/2 2061/7/2
f 2060/6/2 1957/6/2 2061/6/2
f 1958/7/2 1765/7/2 2062/7/2
f 2061/7/2 1958/7/2 2062/7/2
f 2062/7/2 1765/7/2 2063/7/2
f 1865/7/2 1866/7/2 2064/7/2
f 1959/6/2 1960/6/2 2065/6/2
f 2064/7/2 1866/7/2 2065/7/2
f 1960/6/2 1961/6/2 2065/6/2
f 1961/6/2 1962/6/2 2065/6/2
f 1962/6/2 1963/6/2 2065/6/2
f 1866/6/2 1959/6/2 2065/6/2
f 1963/5/2 1964/5/2 2066/5/2
f 2065/6/2 1963/6/2 2066/6/2
f 1964/7/2 1965/7/2 2067/7/2
f 2066/5/2 1964/5/2 2067/5/2
f 1965/5/2 1966/5/2 2068/5/2
f 2067/7/2 1965/7/2 2068/7/2
f 1966/7/2 1967/7/2 2069/7/2
f 2068/5/2 1966/5/2 2069/5/2
f 1967/6/2 1968/6/2 2070/6/2
f 2069/7/2 1967/7/2 2070/7/2
f 1968/5/2 1969/5/2 2071/5/2
f 2070/6/2 1968/6/2 2071/6/2
f 1969/7/2 1970/7/2 2072/7/2
f 2071/5/2 1969/5/2 2072/5/2
f 1970/5/2 1971/5/2 2073/5/2
f 2072/7/2 1970/7/2 2073/7/2
f 1971/5/2 1972/5/2 2073/5/2
f 1972/6/2 1973/6/2 2074/6/2
f 2073/5/2 1972/5/2 2074/5/2
f 1973/4/2 1974/4/2 2075/4/2
f 2074/6/2 1973/6/2 2075/6/2
f 1974/5/2 1975/5/2 2076/5/2
f 2075/4/2 1974/4/2 2076/4/2
f 1975/4/2 1976/4/2 2077/4/2
f 2076/5/2 1975/5/2 2077/5/2
f 1976/6/2 1977/6/2 2078/6/2
f 2077/4/2 1976/4/2 2078/4/2
f 1977/4/2 1978/4/2 2079/4/2
f 2078/6/2 1977/6/2 2079/6/2
f 1978/6/2 1885/6/2 2080/6/2
f 2079/4/2 1978/4/2 2080/4/2
f 1885/5/2 1979/5/2 2081/5/2
f 2080/6/2 1885/6/2 2081/6/2
f 1979/6/2 1980/6/2 2082/6/2
f 2081/5/2 1979/5/2 2082/5/2
f 1980/4/2 1981/4/2 2083/4/2
f 2082/6/2 1980/6/2 2083/6/2
f 1981/5/2 1982/5/2 2084/5/2
f 2083/4/2 1981/4/2 2084/4/2
f 1983/6/2 1984/6/2 2085/6/2
f 2084/5/2 1982/5/2 2085/5/2
f 1982/6/2 1983/6/2 2085/6/2
f 1985/7/2 1986/7/2 2086/7/2
f 2085/6/2 1984/6/2 2086/6/2
f 1984/7/2 1985/7/2 2086/7/2
f 1987/5/2 1988/5/2 2087/5/2
f 2086/7/2 1986/7/2 2087/7/2
f 1986/5/2 1987/5/2 2087/5/2
f 1988/6/2 1989/6/2 2088/6/2
f 2087/5/2 1988/5/2 2088/5/2
f 1989/5/2 1990/5/2 2089/5/2
f 2088/6/2 1989/6/2 2089/6/2
f 1990/4/2 1991/4/2 2090/4/2
f 2089/5/2 1990/5/2 2090/5/2
f 1991/4/2 1992/4/2 2090/4/2
f 1992/5/2 1993/5/2 2091/5/2
f 2090/4/2 1992/4/2 2091/4/2
f 1993/5/2 1994/5/2 2091/5/2
f 1994/4/2 1995/4/2 2092/4/2
f 2091/5/2 1994/5/2 2092/5/2
f 1995/6/2 1996/6/2 2093/6/2
f 2092/4/2 1995/4/2 2093/4/2
f 1997/5/2 1998/5/2 2094/5/2
f 2093/6/2 1996/6/2 2094/6/2
f 1998/5/2 1999/5/2 2094/5/2
f 1996/5/2 1997/5/2 2094/5/2
f 2000/7/2 2001/7/2 2095/7/2
f 2094/5/2 1999/5/2 2095/5/2
f 1999/7/2 2000/7/2 2095/7/2
f 2001/6/2 2002/6/2 2096/6/2
f 2095/7/2 2001/7/2 2096/7/2
f 2003/7/2 2004/7/2 2097/7/2
f 2096/6/2 2002/6/2 2097/6/2
f 2002/7/2 2003/7/2 2097/7/2
f 2004/7/2 2005/7/2 2097/7/2
f 2005/8/2 2006/8/2 2098/8/2
f 2097/7/2 2005/7/2 2098/7/2
f 2006/7/2 2007/7/2 2099/7/2
f 2098/8/2 2006/8/2 2099/8/2
f 2007/6/2 2008/6/2 2100/6/2
f 2099/7/2 2007/7/2 2100/7/2
f 2008/8/2 2009/8/2 2101/8/2
f 2100/6/2 2008/6/2 2101/6/2
f 2009/7/2 2010/7/2 2102/7/2
f 2101/8/2 2009/8/2 2102/8/2
f 2010/6/2 2011/6/2 2103/6/2
f 2102/7/2 2010/7/2 2103/7/2
f 2011/8/2 2012/8/2 2104/8/2
f 2103/6/2 2011/6/2 2104/6/2
f 2012/7/2 2013/7/2 2105/7/2
f 2104/8/2 2012/8/2 2105/8/2
f 2013/8/2 2014/8/2 2106/8/2
f 2105/7/2 2013/7/2 2106/7/2
f 2014/7/2 2015/7/2 2107/7/2
f 2106/8/2 2014/8/2 2107/8/2
f 2016/8/2 2017/8/2 2108/8/2
f 2107/7/2 2015/7/2 2108/7/2
f 2015/8/2 2016/8/2 2108/8/2
f 2017/6/2 2018/6/2 2109/6/2
f 2108/8/2 2017/8/2 2109/8/2
f 2018/7/2 2019/7/2 2110/7/2
f 2109/6/2 2018/6/2 2110/6/2
f 2019/8/2 2020/8/2 2111/8/2
f 2110/7/2 2019/7/2 2111/7/2
f 2020/7/2 2021/7/2 2112/7/2
f 2111/8/2 2020/8/2 2112/8/2
f 2021/8/2 2022/8/2 2113/8/2
f 2112/7/2 2021/7/2 2113/7/2
f 2022/7/2 2023/7/2 2114/7/2
f 2113/8/2 2022/8/2 2114/8/2
f 2023/8/2 2024/8/2 2115/8/2
f 2114/7/2 2023/7/2 2115/7/2
f 2024/6/2 2025/6/2 2116/6/2
f 2115/8/2 2024/8/2 2116/8/2
f 2025/8/2 2026/8/2 2117/8/2
f 2116/6/2 2025/6/2 2117/6/2
f 2027/7/2 2028/7/2 2118/7/2
f 2117/8/2 2026/8/2 2118/8/2
f 2026/7/2 2027/7/2 2118/7/2
f 2029/8/2 2030/8/2 2119/8/2
f 2118/7/2 2028/7/2 2119/7/2
f 2028/8/2 2029/8/2 2119/8/2
f 2030/6/2 2031/6/2 2120/6/2
f 2119/8/2 2030/8/2 2120/8/2
f 2032/7/2 2033/7/2 2121/7/2
f 2120/6/2 2031/6/2 2121/6/2
f 2031/7/2 2032/7/2 2121/7/2
f 2033/8/2 2034/8/2 2122/8/2
f 2121/7/2 2033/7/2 2122/7/2
f 2034/7/2 2035/7/2 2123/7/2
f 2122/8/2 2034/8/2 2123/8/2
f 2035/7/2 2036/7/2 2123/7/2
f 2036/8/2 2037/8/2 2124/8/2
f 2123/7/2 2036/7/2 2124/7/2
f 2037/8/2 2038/8/2 2124/8/2
f 2038/7/2 2039/7/2 2125/7/2
f 2124/8/2 2038/8/2 2125/8/2
f 2039/6/2 2040/6/2 2126/6/2
f 2125/7/2 2039/7/2 2126/7/2
f 2040/7/2 2041/7/2 2127/7/2
f 2126/6/2 2040/6/2 2127/6/2
f 2043/6/2 2044/6/2 2128/6/2
f 2127/7/2 2041/7/2 2128/7/2
f 2042/6/2 2043/6/2 2128/6/2
f 2041/6/2 2042/6/2 2128/6/2
f 2044/7/2 2045/7/2 2129/7/2
f 2128/6/2 2044/6/2 2129/6/2
f 2045/6/2 2046/6/2 2130/6/2
f 2129/7/2 2045/7/2 2130/7/2
f 2046/7/2 2047/7/2 2131/7/2
f 2130/6/2 2046/6/2 2131/6/2
f 2047/6/2 1945/6/2 2132/6/2
f 2131/7/2 2047/7/2 2132/7/2
f 1945/5/2 2048/5/2 2133/5/2
f 2132/6/2 1945/6/2 2133/6/2
f 2048/7/2 2049/7/2 2134/7/2
f 2133/5/2 2048/5/2 2134/5/2
f 2049/8/2 2050/8/2 2135/8/2
f 2134/7/2 2049/7/2 2135/7/2
f 2050/7/2 2051/7/2 2136/7/2
f 2135/8/2 2050/8/2 2136/8/2
f 2051/7/2 2052/7/2 2136/7/2
f 2052/7/2 2053/7/2 2136/7/2
f 2053/6/2 2054/6/2 2137/6/2
f 2136/7/2 2053/7/2 2137/7/2
f 2054/8/2 2055/8/2 2138/8/2
f 2137/6/2 2054/6/2 2138/6/2
f 2055/8/2 2056/8/2 2138/8/2
f 2056/7/2 2057/7/2 2139/7/2
f 2138/8/2 2056/8/2 2139/8/2
f 2058/6/2 2059/6/2 2140/6/2
f 2139/7/2 2057/7/2 2140/7/2
f 2057/6/2 2058/6/2 2140/6/2
f 2059/5/2 2060/5/2 2141/5/2
f 2140/6/2 2059/6/2 2141/6/2
f 2061/4/2 2062/4/2 2142/4/2
f 2141/5/2 2060/5/2 2142/5/2
f 2060/4/2 2061/4/2 2142/4/2
f 2062/5/2 2063/5/2 2143/5/2
f 2142/4/2 2062/4/2 2143/4/2
f 2143/5/2 2063/5/2 2144/5/2
f 2151/6/3 2146/6/3 2145/6/3
f 2152/5/3 2147/5/3 2146/5/3
f 2152/6/3 2146/6/3 2151/6/3
f 2153/7/3 2148/7/3 2147/7/3
f 2153/5/3 2147/5/3 2152/5/3
f 2154/6/3 2149/6/3 2148/6/3
f 2154/7/3 2148/7/3 2153/7/3
f 2155/6/3 2149/6/3 2154/6/3
f 2157/6/3 2151/6/3 2150/6/3
f 2157/5/3 2152/5/3 2151/5/3
f 2158/4/3 2153/4/3 2152/4/3
f 2158/5/3 2152/5/3 2157/5/3
f 2159/4/3 2153/4/3 2158/4/3
f 2160/3/3 2154/3/3 2153/3/3
f 2160/4/3 2153/4/3 2159/4/3
f 2161/7/3 2155/7/3 2154/7/3
f 2161/3/3 2154/3/3 2160/3/3
f 2162/5/3 2156/5/3 2155/5/3
f 2162/7/3 2155/7/3 2161/7/3
f 2163/6/3 2157/6/3 2150/6/3
f 2164/2/3 2158/2/3 2157/2/3
f 2164/6/3 2157/6/3 2163/6/3
f 2165/1/3 2159/1/3 2158/1/3
f 2165/2/3 2158/2/3 2164/2/3
f 2166/2/3 2160/2/3 2159/2/3
f 2167/3/3 2161/3/3 2160/3/3
f 2167/2/3 2160/2/3 2166/2/3
f 2168/4/3 2162/4/3 2161/4/3
f 2168/3/3 2161/3/3 2167/3/3
f 2169/5/3 2156/5/3 2162/5/3
f 2169/4/3 2162/4/3 2168/4/3
f 2170/5/3 2164/5/3 2163/5/3
f 2171/4/3 2165/4/3 2164/4/3
f 2171/5/3 2164/5/3 2170/5/3
f 2172/1/3 2159/1/3 2165/1/3
f 2172/4/3 2165/4/3 2171/4/3
f 2173/2/3 2166/2/3 2159/2/3
f 2173/1/3 2159/1/3 2172/1/3
f 2174/5/3 2168/5/3 2167/5/3
f 2174/3/3 2167/3/3 2166/3/3
f 2175/3/3 2169/3/3 2168/3/3
f 2175/5/3 2168/5/3 2174/5/3
f 2176/5/3 2156/5/3 2169/5/3
f 2176/3/3 2169/3/3 2175/3/3
f 2177/5/3 2156/5/3 2176/5/3
f 2178/7/3 2171/7/3 2170/7/3
f 2179/3/3 2172/3/3 2171/3/3
f 2179/7/3 2171/7/3 2178/7/3
f 2180/2/3 2166/2/3 2173/2/3
f 2180/4/3 2173/4/3 2172/4/3
f 2181/3/3 2174/3/3 2166/3/3
f 2181/2/3 2166/2/3 2180/2/3
f 2182/2/3 2175/2/3 2174/2/3
f 2182/3/3 2174/3/3 2181/3/3
f 2182/2/3 2176/2/3 2175/2/3
f 2183/2/3 2176/2/3 2182/2/3
f 2184/6/3 2177/6/3 2176/6/3
f 2184/2/3 2176/2/3 2183/2/3
f 2185/5/3 2179/5/3 2178/5/3
f 2186/3/3 2172/3/3 2179/3/3
f 2186/5/3 2179/5/3 2185/5/3
f 2187/4/3 2181/4/3 2180/4/3
f 2187/3/3 2172/3/3 2186/3/3
f 2187/4/3 2180/4/3 2172/4/3
f 2187/4/3 2182/4/3 2181/4/3
f 2188/4/3 2182/4/3 2187/4/3
f 2189/4/3 2182/4/3 2188/4/3
f 2190/3/3 2183/3/3 2182/3/3
f 2190/4/3 2182/4/3 2189/4/3
f 2191/4/3 2184/4/3 2183/4/3
f 2191/3/3 2183/3/3 2190/3/3
f 2192/6/3 2177/6/3 2184/6/3
f 2192/4/3 2184/4/3 2191/4/3
f 2193/6/3 2177/6/3 2192/6/3
f 2194/7/3 2186/7/3 2185/7/3
f 2195/6/3 2187/6/3 2186/6/3
f 2195/7/3 2186/7/3 2194/7/3
f 2196/3/3 2188/3/3 2187/3/3
f 2196/6/3 2187/6/3 2195/6/3
f 2197/4/3 2189/4/3 2188/4/3
f 2197/3/3 2188/3/3 2196/3/3
f 2198/2/3 2190/2/3 2189/2/3
f 2198/4/3 2189/4/3 2197/4/3
f 2199/4/3 2191/4/3 2190/4/3
f 2199/2/3 2190/2/3 2198/2/3
f 2200/7/3 2192/7/3 2191/7/3
f 2200/4/3 2191/4/3 2199/4/3
f 2200/7/3 2193/7/3 2192/7/3
f 2201/7/3 2193/7/3 2200/7/3
f 2202/7/3 2193/7/3 2201/7/3
f 2203/6/3 2196/6/3 2195/6/3
f 2204/7/3 2197/7/3 2196/7/3
f 2204/6/3 2196/6/3 2203/6/3
f 2205/5/3 2198/5/3 2197/5/3
f 2205/7/3 2197/7/3 2204/7/3
f 2205/5/3 2199/5/3 2198/5/3
f 2206/7/3 2201/7/3 2200/7/3
f 2206/5/3 2199/5/3 2205/5/3
f 2206/7/3 2200/7/3 2199/7/3
f 2207/7/3 2201/7/3 2206/7/3
f 2208/7/4 2209/7/4 2216/7/4
f 2209/5/4 2210/5/4 2217/5/4
f 2216/7/4 2209/7/4 2217/7/4
f 2210/6/4 2211/6/4 2218/6/4
f 2217/5/4 2210/5/4 2218/5/4
f 2211/7/4 2212/7/4 2219/7/4
f 2218/6/4 2211/6/4 2219/6/4
f 2212/5/4 2213/5/4 2220/5/4
f 2219/7/4 2212/7/4 2220/7/4
f 2213/6/4 2214/6/4 2221/6/4
f 2220/5/4 2213/5/4 2221/5/4
f 2221/6/4 2214/6/4 2222/6/4
f 2215/6/4 2216/6/4 2224/6/4
f 2216/6/4 2217/6/4 2224/6/4
f 2217/2/4 2218/2/4 2225/2/4
f 2224/6/4 2217/6/4 2225/6/4
f 2218/3/4 2219/3/4 2226/3/4
f 2225/2/4 2218/2/4 2226/2/4
f 2219/2/4 2220/2/4 2227/2/4
f 2226/3/4 2219/3/4 2227/3/4
f 2220/2/4 2221/2/4 2227/2/4
f 2222/7/4 2223/7/4 2228/7/4
f 2227/2/4 2221/2/4 2228/2/4
f 2221/7/4 2222/7/4 2228/7/4
f 2228/7/4 2223/7/4 2229/7/4
f 2229/7/4 2223/7/4 2230/7/4
f 2215/6/4 2224/6/4 2231/6/4
f 2224/3/4 2225/3/4 2232/3/4
f 2231/6/4 2224/6/4 2232/6/4
f 2225/2/4 2226/2/4 2233/2/4
f 2232/3/4 2225/3/4 2233/3/4
f 2226/1/4 2227/1/4 2234/1/4
f 2233/2/4 2226/2/4 2234/2/4
f 2227/4/4 2228/4/4 2235/4/4
f 2234/1/4 2227/1/4 2235/1/4
f 2228/2/4 2229/2/4 2236/2/4
f 2235/4/4 2228/4/4 2236/4/4
f 2229/6/4 2230/6/4 2237/6/4
f 2236/2/4 2229/2/4 2237/2/4
f 2231/4/4 2232/4/4 2238/4/4
f 2232/2/4 2233/2/4 2239/2/4
f 2238/4/4 2232/4/4 2239/4/4
f 2233/2/4 2234/2/4 2239/2/4
f 2239/2/4 2234/2/4 2240/2/4
f 2234/4/4 2235/4/4 2241/4/4
f 2240/2/4 2234/2/4 2241/2/4
f 2235/5/4 2236/5/4 2242/5/4
f 2241/4/4 2235/4/4 2242/4/4
f 2242/5/4 2236/5/4 2243/5/4
f 2236/1/4 2237/1/4 2244/1/4
f 2243/5/4 2236/5/4 2244/5/4
f 2237/6/4 2230/6/4 2245/6/4
f 2244/1/4 2237/1/4 2245/1/4
f 2245/6/4 2230/6/4 2246/6/4
f 2238/5/4 2239/5/4 2247/5/4
f 2239/3/4 2240/3/4 2248/3/4
f 2247/5/4 2239/5/4 2248/5/4
f 2240/5/4 2241/5/4 2249/5/4
f 2248/3/4 2240/3/4 2249/3/4
f 2242/3/4 2243/3/4 2250/3/4
f 2249/5/4 2241/5/4 2250/5/4
f 2241/3/4 2242/3/4 2250/3/4
f 2250/3/4 2243/3/4 2251/3/4
f 2243/4/4 2244/4/4 2252/4/4
f 2251/3/4 2243/3/4 2252/3/4
f 2244/2/4 2245/2/4 2253/2/4
f 2252/4/4 2244/4/4 2253/4/4
f 2245/4/4 2246/4/4 2254/4/4
f 2253/2/4 2245/2/4 2254/2/4
f 2254/4/4 2246/4/4 2255/4/4
f 2247/6/4 2248/6/4 2256/6/4
f 2248/4/4 2249/4/4 2257/4/4
f 2256/6/4 2248/6/4 2257/6/4
f 2249/2/4 2250/2/4 2258/2/4
f 2257/4/4 2249/4/4 2258/4/4
f 2250/3/4 2251/3/4 2259/3/4
f 2258/2/4 2250/2/4 2259/2/4
f 2252/2/4 2253/2/4 2260/2/4
f 2251/2/4 2252/2/4 2260/2/4
f 2253/1/4 2254/1/4 2260/1/4
f 2254/6/4 2255/6/4 2261/6/4
f 2260/1/4 2254/1/4 2261/1/4
f 2261/6/4 2255/6/4 2262/6/4
f 2256/4/4 2257/4/4 2263/4/4
f 2257/6/4 2258/6/4 2264/6/4
f 2263/4/4 2257/4/4 2264/4/4
f 2258/3/4 2259/3/4 2265/3/4
f 2264/6/4 2258/6/4 2265/6/4
f 2259/3/4 2251/3/4 2266/3/4
f 2265/3/4 2259/3/4 2266/3/4
f 2251/2/4 2260/2/4 2267/2/4
f 2266/3/4 2251/3/4 2267/3/4
f 2260/5/4 2261/5/4 2268/5/4
f 2267/2/4 2260/2/4 2268/2/4
f 2261/7/4 2262/7/4 2269/7/4
f 2268/5/4 2261/5/4 2269/5/4
f 2269/7/4 2262/7/4 2270/7/4
f 2264/4/4 2265/4/4 2271/4/4
f 2265/6/4 2266/6/4 2272/6/4
f 2271/4/4 2265/4/4 2272/4/4
f 2266/7/4 2267/7/4 2273/7/4
f 2272/6/4 2266/6/4 2273/6/4
f 2267/7/4 2268/7/4 2273/7/4
f 2268/5/4 2269/5/4 2274/5/4
f 2273/7/4 2268/7/4 2274/7/4
f 2274/5/4 2269/5/4 2275/5/4
f 2282/6/5 2277/6/5 2276/6/5
f 2283/6/5 2277/6/5 2282/6/5
f 2284/5/5 2278/5/5 2277/5/5
f 2284/6/5 2277/6/5 2283/6/5
f 2285/7/5 2279/7/5 2278/7/5
f 2285/5/5 2278/5/5 2284/5/5
f 2286/5/5 2280/5/5 2279/5/5
f 2286/7/5 2279/7/5 2285/7/5
f 2287/7/5 2281/7/5 2280/7/5
f 2287/5/5 2280/5/5 2286/5/5
f 2288/7/5 2281/7/5 2287/7/5
f 2289/6/5 2286/6/5 2285/6/5
f 2289/6/5 2287/6/5 2286/6/5
f 2289/5/5 2288/5/5 2287/5/5
f 2290/5/5 2288/5/5 2289/5/5
f 2291/7/5 2283/7/5 2282/7/5
f 2292/5/5 2284/5/5 2283/5/5
f 2292/7/5 2283/7/5 2291/7/5
f 2292/5/5 2285/5/5 2284/5/5
f 2293/6/5 2290/6/5 2289/6/5
f 2293/5/5 2285/5/5 2292/5/5
f 2293/6/5 2289/6/5 2285/6/5
f 2294/6/5 2290/6/5 2293/6/5
f 2295/6/5 2290/6/5 2294/6/5
f 2296/6/5 2292/6/5 2291/6/5
f 2296/6/5 2293/6/5 2292/6/5
f 2297/6/5 2293/6/5 2296/6/5
f 2298/7/5 2294/7/5 2293/7/5
f 2298/6/5 2293/6/5 2297/6/5
f 2299/5/5 2295/5/5 2294/5/5
f 2299/7/5 2294/7/5 2298/7/5
f 2300/6/5 2290/6/5 2295/6/5
f 2300/5/5 2295/5/5 2299/5/5
f 2301/6/5 2290/6/5 2300/6/5
f 2302/7/5 2297/7/5 2296/7/5
f 2303/6/5 2299/6/5 2298/6/5
f 2303/7/5 2297/7/5 2302/7/5
f 2303/6/5 2298/6/5 2297/6/5
f 2303/6/5 2300/6/5 2299/6/5
f 2304/6/5 2300/6/5 2303/6/5
f 2305/6/5 2300/6/5 2304/6/5
f 2306/7/5 2301/7/5 2300/7/5
f 2306/6/5 2300/6/5 2305/6/5
f 2307/7/5 2301/7/5 2306/7/5
f 2308/7/5 2302/7/5 2296/7/5
f 2308/6/5 2303/6/5 2302/6/5
f 2309/5/5 2304/5/5 2303/5/5
f 2309/6/5 2303/6/5 2308/6/5
f 2310/6/5 2305/6/5 2304/6/5
f 2310/5/5 2307/5/5 2306/5/5
f 2310/5/5 2306/5/5 2305/5/5
f 2311/5/5 2307/5/5 2310/5/5
f 2312/5/5 2307/5/5 2311/5/5
f 2313/5/5 2309/5/5 2308/5/5
f 2313/7/5 2308/7/5 2296/7/5
f 2314/5/5 2304/5/5 2309/5/5
f 2314/5/5 2309/5/5 2313/5/5
f 2315/6/5 2310/6/5 2304/6/5
f 2315/5/5 2304/5/5 2314/5/5
f 2315/6/5 2311/6/5 2310/6/5
f 2316/6/5 2311/6/5 2315/6/5
f 2317/7/5 2312/7/5 2311/7/5
f 2317/6/5 2311/6/5 2316/6/5
f 2318/7/5 2312/7/5 2317/7/5
f 2319/7/5 2313/7/5 2296/7/5
f 2320/6/5 2314/6/5 2313/6/5
f 2320/7/5 2313/7/5 2319/7/5
f 2321/5/5 2315/5/5 2314/5/5
f 2321/6/5 2314/6/5 2320/6/5
f 2322/7/5 2316/7/5 2315/7/5
f 2322/5/5 2315/5/5 2321/5/5
f 2323/6/5 2317/6/5 2316/6/5
f 2323/7/5 2316/7/5 2322/7/5
f 2323/6/5 2318/6/5 2317/6/5
f 2324/6/5 2318/6/5 2323/6/5
f 2325/6/5 2318/6/5 2324/6/5
f 2326/8/5 2320/8/5 2319/8/5
f 2327/6/5 2321/6/5 2320/6/5
f 2327/8/5 2320/8/5 2326/8/5
f 2328/4/5 2322/4/5 2321/4/5
f 2328/6/5 2321/6/5 2327/6/5
f 2329/6/5 2323/6/5 2322/6/5
f 2329/4/5 2322/4/5 2328/4/5
f 2329/6/5 2324/6/5 2323/6/5
f 2330/6/5 2324/6/5 2329/6/5
f 2331/7/5 2327/7/5 2326/7/5
f 2331/5/5 2328/5/5 2327/5/5
f 2332/4/5 2329/4/5 2328/4/5
f 2332/5/5 2328/5/5 2331/5/5
f 2333/5/5 2330/5/5 2329/5/5
f 2333/4/5 2329/4/5 2332/4/5
f 2334/6/5 2324/6/5 2330/6/5
f 2334/5/5 2330/5/5 2333/5/5
f 2335/7/5 2325/7/5 2324/7/5
f 2335/6/5 2324/6/5 2334/6/5
f 2336/7/5 2325/7/5 2335/7/5
f 2337/5/5 2335/5/5 2334/5/5
f 2337/6/5 2336/6/5 2335/6/5
f 2338/6/5 2336/6/5 2337/6/5
f 2339/5/5 2333/5/5 2332/5/5
f 2339/7/5 2334/7/5 2333/7/5
f 2340/5/5 2337/5/5 2334/5/5
f 2340/7/5 2334/7/5 2339/7/5
f 2341/4/5 2338/4/5 2337/4/5
f 2341/5/5 2337/5/5 2340/5/5
f 2342/4/5 2338/4/5 2341/4/5
f 2343/6/5 2340/6/5 2339/6/5
f 2343/5/5 2339/5/5 2332/5/5
f 2343/6/5 2341/6/5 2340/6/5
f 2344/6/5 2341/6/5 2343/6/5
f 2345/5/5 2342/5/5 2341/5/5
f 2345/6/5 2341/6/5 2344/6/5
f 2346/5/5 2342/5/5 2345/5/5
f 2347/7/5 2332/7/5 2331/7/5
f 2347/5/5 2343/5/5 2332/5/5
f 2348/7/5 2344/7/5 2343/7/5
f 2348/5/5 2343/5/5 2347/5/5
f 2349/4/5 2346/4/5 2345/4/5
f 2349/7/5 2344/7/5 2348/7/5
f 2349/4/5 2345/4/5 2344/4/5
f 2350/4/5 2346/4/5 2349/4/5
f 2351/7/5 2331/7/5 2326/7/5
f 2351/7/5 2347/7/5 2331/7/5
f 2352/4/5 2348/4/5 2347/4/5
f 2352/7/5 2347/7/5 2351/7/5
f 2353/6/5 2350/6/5 2349/6/5
f 2353/4/5 2348/4/5 2352/4/5
f 2353/6/5 2349/6/5 2348/6/5
f 2354/7/5 2351/7/5 2326/7/5
f 2355/8/5 2352/8/5 2351/8/5
f 2355/7/5 2351/7/5 2354/7/5
f 2356/6/5 2353/6/5 2352/6/5
f 2356/8/5 2352/8/5 2355/8/5
f 2357/6/5 2350/6/5 2353/6/5
f 2357/6/5 2353/6/5 2356/6/5
f 2358/6/5 2350/6/5 2357/6/5
f 2359/4/5 2346/4/5 2350/4/5
f 2359/6/5 2350/6/5 2358/6/5
f 2360/8/5 2355/8/5 2354/8/5
f 2361/6/5 2356/6/5 2355/6/5
f 2361/8/5 2355/8/5 2360/8/5
f 2361/6/5 2357/6/5 2356/6/5
f 2362/6/5 2357/6/5 2361/6/5
f 2363/7/5 2358/7/5 2357/7/5
f 2363/6/5 2357/6/5 2362/6/5
f 2364/5/5 2359/5/5 2358/5/5
f 2364/7/5 2358/7/5 2363/7/5
f 2365/4/5 2346/4/5 2359/4/5
f 2365/5/5 2359/5/5 2364/5/5
f 2366/4/5 2346/4/5 2365/4/5
f 2367/8/5 2362/8/5 2361/8/5
f 2367/5/5 2363/5/5 2362/5/5
f 2368/7/5 2364/7/5 2363/7/5
f 2368/5/5 2363/5/5 2367/5/5
f 2369/4/5 2365/4/5 2364/4/5
f 2369/7/5 2364/7/5 2368/7/5
f 2370/5/5 2366/5/5 2365/5/5
f 2370/4/5 2365/4/5 2369/4/5
f 2371/7/5 2369/7/5 2368/7/5
f 2371/7/5 2368/7/5 2367/7/5
f 2372/5/5 2370/5/5 2369/5/5
f 2372/7/5 2369/7/5 2371/7/5
f 2373/8/5 2367/8/5 2361/8/5
f 2373/7/5 2361/7/5 2360/7/5
f 2374/7/5 2371/7/5 2367/7/5
f 2374/8/5 2367/8/5 2373/8/5
f 2375/8/5 2372/8/5 2371/8/5
f 2375/7/5 2371/7/5 2374/7/5
f 2376/5/5 2370/5/5 2372/5/5
f 2376/8/5 2372/8/5 2375/8/5
f 2377/5/5 2366/5/5 2370/5/5
f 2377/5/5 2370/5/5 2376/5/5
f 2378/5/5 2366/5/5 2377/5/5
f 2379/7/5 2374/7/5 2373/7/5
f 2379/7/5 2373/7/5 2360/7/5
f 2380/5/5 2375/5/5 2374/5/5
f 2380/7/5 2374/7/5 2379/7/5
f 2381/4/5 2376/4/5 2375/4/5
f 2381/5/5 2375/5/5 2380/5/5
f 2382/6/5 2377/6/5 2376/6/5
f 2382/4/5 2376/4/5 2381/4/5
f 2383/8/5 2378/8/5 2377/8/5
f 2383/6/5 2377/6/5 2382/6/5
f 2384/6/5 2382/6/5 2381/6/5
f 2384/6/5 2381/6/5 2380/6/5
f 2385/4/5 2383/4/5 2382/4/5
f 2385/6/5 2382/6/5 2384/6/5
f 2386/8/5 2378/8/5 2383/8/5
f 2386/4/5 2383/4/5 2385/4/5
f 2387/8/5 2378/8/5 2386/8/5
f 2388/8/5 2380/8/5 2379/8/5
f 2389/6/5 2384/6/5 2380/6/5
f 2389/8/5 2380/8/5 2388/8/5
f 2390/4/5 2385/4/5 2384/4/5
f 2390/6/5 2384/6/5 2389/6/5
f 2391/5/5 2386/5/5 2385/5/5
f 2391/4/5 2385/4/5 2390/4/5
f 2392/7/5 2387/7/5 2386/7/5
f 2392/5/5 2386/5/5 2391/5/5
f 2393/7/5 2387/7/5 2392/7/5
f 2394/7/5 2389/7/5 2388/7/5
f 2394/8/5 2388/8/5 2379/8/5
f 2394/7/5 2390/7/5 2389/7/5
f 2395/7/5 2390/7/5 2394/7/5
f 2396/5/5 2391/5/5 2390/5/5
f 2396/7/5 2390/7/5 2395/7/5
f 2397/4/5 2392/4/5 2391/4/5
f 2397/5/5 2391/5/5 2396/5/5
f 2398/8/5 2393/8/5 2392/8/5
f 2398/4/5 2392/4/5 2397/4/5
f 2399/8/5 2393/8/5 2398/8/5
f 2400/8/5 2395/8/5 2394/8/5
f 2400/8/5 2394/8/5 2379/8/5
f 2401/8/5 2395/8/5 2400/8/5
f 2402/6/5 2396/6/5 2395/6/5
f 2402/8/5 2395/8/5 2401/8/5
f 2403/5/5 2397/5/5 2396/5/5
f 2403/6/5 2396/6/5 2402/6/5
f 2404/6/5 2398/6/5 2397/6/5
f 2404/5/5 2397/5/5 2403/5/5
f 2405/7/5 2399/7/5 2398/7/5
f 2405/6/5 2398/6/5 2404/6/5
f 2406/7/5 2399/7/5 2405/7/5
f 2407/7/5 2401/7/5 2400/7/5
f 2408/8/5 2402/8/5 2401/8/5
f 2408/7/5 2401/7/5 2407/7/5
f 2409/5/5 2403/5/5 2402/5/5
f 2409/8/5 2402/8/5 2408/8/5
f 2410/4/5 2404/4/5 2403/4/5
f 2410/5/5 2403/5/5 2409/5/5
f 2411/5/5 2405/5/5 2404/5/5
f 2411/4/5 2404/4/5 2410/4/5
f 2412/6/5 2406/6/5 2405/6/5
f 2412/5/5 2405/5/5 2411/5/5
f 2413/6/5 2406/6/5 2412/6/5
f 2414/8/5 2408/8/5 2407/8/5
f 2415/7/5 2409/7/5 2408/7/5
f 2415/8/5 2408/8/5 2414/8/5
f 2416/6/5 2410/6/5 2409/6/5
f 2416/7/5 2409/7/5 2415/7/5
f 2416/6/5 2411/6/5 2410/6/5
f 2417/6/5 2411/6/5 2416/6/5
f 2418/4/5 2412/4/5 2411/4/5
f 2418/6/5 2411/6/5 2417/6/5
f 2419/7/5 2413/7/5 2412/7/5
f 2419/4/5 2412/4/5 2418/4/5
f 2420/7/5 2413/7/5 2419/7/5
f 2421/7/5 2415/7/5 2414/7/5
f 2422/8/5 2416/8/5 2415/8/5
f 2422/7/5 2415/7/5 2421/7/5
f 2423/7/5 2417/7/5 2416/7/5
f 2423/8/5 2416/8/5 2422/8/5
f 2424/5/5 2418/5/5 2417/5/5
f 2424/4/5 2419/4/5 2418/4/5
f 2425/8/5 2420/8/5 2419/8/5
f 2425/4/5 2419/4/5 2424/4/5
f 2426/8/5 2422/8/5 2421/8/5
f 2427/7/5 2423/7/5 2422/7/5
f 2427/8/5 2422/8/5 2426/8/5
f 2428/7/5 2417/7/5 2423/7/5
f 2428/7/5 2423/7/5 2427/7/5
f 2429/5/5 2424/5/5 2417/5/5
f 2429/7/5 2417/7/5 2428/7/5
f 2429/5/5 2425/5/5 2424/5/5
f 2430/8/5 2420/8/5 2425/8/5
f 2430/5/5 2425/5/5 2429/5/5
f 2431/8/5 2420/8/5 2430/8/5
f 2432/6/5 2427/6/5 2426/6/5
f 2433/7/5 2428/7/5 2427/7/5
f 2433/6/5 2427/6/5 2432/6/5
f 2434/5/5 2430/5/5 2429/5/5
f 2435/6/5 2431/6/5 2430/6/5
f 2435/5/5 2430/5/5 2434/5/5
f 2436/6/5 2431/6/5 2435/6/5
f 2437/7/5 2433/7/5 2432/7/5
f 2438/7/5 2428/7/5 2433/7/5
f 2438/7/5 2433/7/5 2437/7/5
f 2439/6/5 2429/6/5 2428/6/5
f 2439/7/5 2428/7/5 2438/7/5
f 2440/5/5 2434/5/5 2429/5/5
f 2440/6/5 2429/6/5 2439/6/5
f 2441/6/5 2435/6/5 2434/6/5
f 2441/5/5 2434/5/5 2440/5/5
f 2442/7/5 2436/7/5 2435/7/5
f 2442/6/5 2435/6/5 2441/6/5
f 2443/6/5 2438/6/5 2437/6/5
f 2444/7/5 2439/7/5 2438/7/5
f 2444/6/5 2438/6/5 2443/6/5
f 2444/7/5 2440/7/5 2439/7/5
f 2444/7/5 2441/7/5 2440/7/5
f 2445/7/5 2441/7/5 2444/7/5
f 2446/7/5 2436/7/5 2442/7/5
f 2446/4/5 2442/4/5 2441/4/5
f 2447/7/5 2436/7/5 2446/7/5
f 2448/5/5 2444/5/5 2443/5/5
f 2449/6/5 2445/6/5 2444/6/5
f 2449/5/5 2444/5/5 2448/5/5
f 2450/7/5 2441/7/5 2445/7/5
f 2451/4/5 2446/4/5 2441/4/5
f 2451/7/5 2441/7/5 2450/7/5
f 2452/8/5 2447/8/5 2446/8/5
f 2452/4/5 2446/4/5 2451/4/5
f 2453/8/5 2447/8/5 2452/8/5
f 2454/6/5 2449/6/5 2448/6/5
f 2455/6/5 2445/6/5 2449/6/5
f 2455/6/5 2449/6/5 2454/6/5
f 2456/7/5 2450/7/5 2445/7/5
f 2456/6/5 2445/6/5 2455/6/5
f 2457/5/5 2451/5/5 2450/5/5
f 2457/7/5 2450/7/5 2456/7/5
f 2457/5/5 2452/5/5 2451/5/5
f 2458/5/5 2452/5/5 2457/5/5
f 2459/6/5 2453/6/5 2452/6/5
f 2459/5/5 2452/5/5 2458/5/5
f 2460/6/5 2453/6/5 2459/6/5
f 2461/5/5 2455/5/5 2454/5/5
f 2462/6/5 2456/6/5 2455/6/5
f 2462/5/5 2455/5/5 2461/5/5
f 2462/6/5 2457/6/5 2456/6/5
f 2463/6/5 2457/6/5 2462/6/5
f 2464/5/5 2458/5/5 2457/5/5
f 2464/6/5 2457/6/5 2463/6/5
f 2465/6/5 2459/6/5 2458/6/5
f 2465/5/5 2458/5/5 2464/5/5
f 2466/7/5 2463/7/5 2462/7/5
f 2466/6/5 2462/6/5 2461/6/5
f 2467/5/5 2464/5/5 2463/5/5
f 2467/7/5 2463/7/5 2466/7/5
f 2468/7/5 2465/7/5 2464/7/5
f 2468/5/5 2464/5/5 2467/5/5
f 2469/6/5 2459/6/5 2465/6/5
f 2469/7/5 2465/7/5 2468/7/5
f 2470/7/5 2460/7/5 2459/7/5
f 2470/6/5 2459/6/5 2469/6/5
f 2471/7/5 2460/7/5 2470/7/5
f 2472/6/5 2468/6/5 2467/6/5
f 2472/8/5 2467/8/5 2466/8/5
f 2473/5/5 2469/5/5 2468/5/5
f 2473/6/5 2468/6/5 2472/6/5
f 2474/6/5 2471/6/5 2470/6/5
f 2474/5/5 2469/5/5 2473/5/5
f 2474/6/5 2470/6/5 2469/6/5
f 2475/6/5 2471/6/5 2474/6/5
f 2476/8/5 2472/8/5 2466/8/5
f 2476/7/5 2473/7/5 2472/7/5
f 2477/6/5 2474/6/5 2473/6/5
f 2477/7/5 2473/7/5 2476/7/5
f 2478/5/5 2475/5/5 2474/5/5
f 2478/6/5 2474/6/5 2477/6/5
f 2479/6/5 2471/6/5 2475/6/5
f 2479/5/5 2475/5/5 2478/5/5
f 2480/6/5 2471/6/5 2479/6/5
f 2481/6/5 2466/6/5 2461/6/5
f 2482/8/5 2476/8/5 2466/8/5
f 2482/6/5 2466/6/5 2481/6/5
f 2483/6/5 2477/6/5 2476/6/5
f 2483/8/5 2476/8/5 2482/8/5
f 2484/7/5 2478/7/5 2477/7/5
f 2484/6/5 2477/6/5 2483/6/5
f 2485/6/5 2479/6/5 2478/6/5
f 2485/7/5 2478/7/5 2484/7/5
f 2486/7/5 2480/7/5 2479/7/5
f 2486/6/5 2479/6/5 2485/6/5
f 2487/7/5 2480/7/5 2486/7/5
f 2488/5/5 2482/5/5 2481/5/5
f 2489/8/5 2483/8/5 2482/8/5
f 2489/5/5 2482/5/5 2488/5/5
f 2490/5/5 2484/5/5 2483/5/5
f 2490/8/5 2483/8/5 2489/8/5
f 2491/6/5 2485/6/5 2484/6/5
f 2491/5/5 2484/5/5 2490/5/5
f 2492/5/5 2486/5/5 2485/5/5
f 2492/6/5 2485/6/5 2491/6/5
f 2493/8/5 2487/8/5 2486/8/5
f 2493/5/5 2486/5/5 2492/5/5
f 2494/4/5 2489/4/5 2488/4/5
f 2495/5/5 2490/5/5 2489/5/5
f 2495/4/5 2489/4/5 2494/4/5
f 2496/7/5 2491/7/5 2490/7/5
f 2496/5/5 2490/5/5 2495/5/5
f 2497/6/5 2492/6/5 2491/6/5
f 2497/7/5 2491/7/5 2496/7/5
f 2498/4/5 2493/4/5 2492/4/5
f 2498/6/5 2492/6/5 2497/6/5
f 2499/8/5 2487/8/5 2493/8/5
f 2499/4/5 2493/4/5 2498/4/5
f 2500/5/5 2495/5/5 2494/5/5
f 2500/6/5 2496/6/5 2495/6/5
f 2500/6/5 2497/6/5 2496/6/5
f 2501/6/5 2497/6/5 2500/6/5
f 2502/4/5 2498/4/5 2497/4/5
f 2502/6/5 2497/6/5 2501/6/5
f 2503/6/5 2499/6/5 2498/6/5
f 2503/4/5 2498/4/5 2502/4/5
f 2504/8/5 2487/8/5 2499/8/5
f 2504/6/5 2499/6/5 2503/6/5
f 2505/8/5 2487/8/5 2504/8/5
f 2506/5/5 2501/5/5 2500/5/5
f 2506/5/5 2500/5/5 2494/5/5
f 2507/6/5 2502/6/5 2501/6/5
f 2507/5/5 2501/5/5 2506/5/5
f 2508/5/5 2503/5/5 2502/5/5
f 2508/6/5 2502/6/5 2507/6/5
f 2509/6/5 2504/6/5 2503/6/5
f 2509/5/5 2503/5/5 2508/5/5
f 2510/7/5 2505/7/5 2504/7/5
f 2510/6/5 2504/6/5 2509/6/5
f 2511/7/5 2505/7/5 2510/7/5
f 2512/6/5 2507/6/5 2506/6/5
f 2512/6/5 2508/6/5 2507/6/5
f 2513/6/5 2508/6/5 2512/6/5
f 2514/6/5 2508/6/5 2513/6/5
f 2515/4/5 2509/4/5 2508/4/5
f 2515/6/5 2508/6/5 2514/6/5
f 2515/4/5 2510/4/5 2509/4/5
f 2516/4/5 2510/4/5 2515/4/5
f 2517/8/5 2511/8/5 2510/8/5
f 2517/4/5 2510/4/5 2516/4/5
f 2518/8/5 2511/8/5 2517/8/5
f 2519/4/5 2513/4/5 2512/4/5
f 2520/6/5 2514/6/5 2513/6/5
f 2520/4/5 2513/4/5 2519/4/5
f 2521/7/5 2515/7/5 2514/7/5
f 2521/6/5 2514/6/5 2520/6/5
f 2522/6/5 2516/6/5 2515/6/5
f 2522/5/5 2517/5/5 2516/5/5
f 2523/7/5 2518/7/5 2517/7/5
f 2523/5/5 2517/5/5 2522/5/5
f 2524/7/5 2518/7/5 2523/7/5
f 2525/5/5 2520/5/5 2519/5/5
f 2525/5/5 2521/5/5 2520/5/5
f 2526/5/5 2521/5/5 2525/5/5
f 2527/7/5 2515/7/5 2521/7/5
f 2527/5/5 2521/5/5 2526/5/5
f 2528/6/5 2524/6/5 2523/6/5
f 2528/7/5 2515/7/5 2527/7/5
f 2528/6/5 2522/6/5 2515/6/5
f 2528/6/5 2523/6/5 2522/6/5
f 2529/6/5 2524/6/5 2528/6/5
f 2530/6/5 2524/6/5 2529/6/5
f 2531/6/5 2526/6/5 2525/6/5
f 2532/5/5 2527/5/5 2526/5/5
f 2532/6/5 2526/6/5 2531/6/5
f 2533/6/5 2528/6/5 2527/6/5
f 2533/5/5 2527/5/5 2532/5/5
f 2534/5/5 2529/5/5 2528/5/5
f 2534/6/5 2528/6/5 2533/6/5
f 2535/5/5 2529/5/5 2534/5/5
f 2536/8/5 2530/8/5 2529/8/5
f 2536/5/5 2529/5/5 2535/5/5
f 2537/8/5 2530/8/5 2536/8/5
f 2538/5/5 2532/5/5 2531/5/5
f 2538/6/5 2533/6/5 2532/6/5
f 2539/7/5 2534/7/5 2533/7/5
f 2539/6/5 2533/6/5 2538/6/5
f 2540/4/5 2535/4/5 2534/4/5
f 2540/5/5 2536/5/5 2535/5/5
f 2541/6/5 2537/6/5 2536/6/5
f 2541/5/5 2536/5/5 2540/5/5
f 2542/6/5 2537/6/5 2541/6/5
f 2543/5/5 2538/5/5 2531/5/5
f 2543/4/5 2539/4/5 2538/4/5
f 2544/7/5 2534/7/5 2539/7/5
f 2544/4/5 2539/4/5 2543/4/5
f 2545/4/5 2540/4/5 2534/4/5
f 2545/7/5 2534/7/5 2544/7/5
f 2545/4/5 2541/4/5 2540/4/5
f 2546/4/5 2541/4/5 2545/4/5
f 2547/5/5 2544/5/5 2543/5/5
f 2547/5/5 2543/5/5 2531/5/5
f 2548/5/5 2544/5/5 2547/5/5
f 2549/6/5 2545/6/5 2544/6/5
f 2549/5/5 2544/5/5 2548/5/5
f 2550/5/5 2546/5/5 2545/5/5
f 2550/6/5 2545/6/5 2549/6/5
f 2551/4/5 2541/4/5 2546/4/5
f 2551/5/5 2546/5/5 2550/5/5
f 2552/7/5 2542/7/5 2541/7/5
f 2552/4/5 2541/4/5 2551/4/5
f 2553/7/5 2542/7/5 2552/7/5
f 2554/7/5 2550/7/5 2549/7/5
f 2554/5/5 2549/5/5 2548/5/5
f 2555/6/5 2551/6/5 2550/6/5
f 2555/7/5 2550/7/5 2554/7/5
f 2555/6/5 2552/6/5 2551/6/5
f 2556/6/5 2552/6/5 2555/6/5
f 2557/5/5 2553/5/5 2552/5/5
f 2557/6/5 2552/6/5 2556/6/5
f 2558/5/5 2553/5/5 2557/5/5
f 2559/8/5 2556/8/5 2555/8/5
f 2559/5/5 2557/5/5 2556/5/5
f 2560/6/5 2558/6/5 2557/6/5
f 2560/5/5 2557/5/5 2559/5/5
f 2561/5/5 2554/5/5 2548/5/5
f 2561/6/5 2548/6/5 2547/6/5
f 2562/6/5 2555/6/5 2554/6/5
f 2562/5/5 2554/5/5 2561/5/5
f 2563/8/5 2559/8/5 2555/8/5
f 2563/6/5 2555/6/5 2562/6/5
f 2564/6/5 2560/6/5 2559/6/5
f 2564/8/5 2559/8/5 2563/8/5
f 2565/6/5 2558/6/5 2560/6/5
f 2565/6/5 2560/6/5 2564/6/5
f 2566/6/5 2558/6/5 2565/6/5
f 2567/6/5 2561/6/5 2547/6/5
f 2567/6/5 2562/6/5 2561/6/5
f 2568/6/5 2562/6/5 2567/6/5
f 2569/8/5 2563/8/5 2562/8/5
f 2569/6/5 2562/6/5 2568/6/5
f 2570/7/5 2564/7/5 2563/7/5
f 2570/8/5 2563/8/5 2569/8/5
f 2571/6/5 2565/6/5 2564/6/5
f 2571/7/5 2564/7/5 2570/7/5
f 2572/5/5 2566/5/5 2565/5/5
f 2572/6/5 2565/6/5 2571/6/5
f 2573/5/5 2566/5/5 2572/5/5
f 2574/7/5 2568/7/5 2567/7/5
f 2575/5/5 2569/5/5 2568/5/5
f 2575/7/5 2568/7/5 2574/7/5
f 2576/6/5 2571/6/5 2570/6/5
f 2576/5/5 2569/5/5 2575/5/5
f 2576/6/5 2570/6/5 2569/6/5
f 2577/7/5 2572/7/5 2571/7/5
f 2577/6/5 2571/6/5 2576/6/5
f 2578/6/5 2573/6/5 2572/6/5
f 2578/7/5 2572/7/5 2577/7/5
f 2579/6/5 2573/6/5 2578/6/5
f 2580/6/5 2575/6/5 2574/6/5
f 2580/4/5 2576/4/5 2575/4/5
f 2581/6/5 2577/6/5 2576/6/5
f 2581/4/5 2576/4/5 2580/4/5
f 2581/6/5 2578/6/5 2577/6/5
f 2582/6/5 2578/6/5 2581/6/5
f 2583/5/5 2579/5/5 2578/5/5
f 2583/6/5 2578/6/5 2582/6/5
f 2584/5/5 2579/5/5 2583/5/5
f 2585/6/5 2580/6/5 2574/6/5
f 2586/5/5 2581/5/5 2580/5/5
f 2586/6/5 2580/6/5 2585/6/5
f 2587/6/5 2583/6/5 2582/6/5
f 2587/6/5 2584/6/5 2583/6/5
f 2588/6/5 2584/6/5 2587/6/5
f 2589/7/5 2586/7/5 2585/7/5
f 2590/5/5 2581/5/5 2586/5/5
f 2590/7/5 2586/7/5 2589/7/5
f 2591/7/5 2582/7/5 2581/7/5
f 2591/5/5 2581/5/5 2590/5/5
f 2592/6/5 2587/6/5 2582/6/5
f 2592/7/5 2582/7/5 2591/7/5
f 2593/7/5 2588/7/5 2587/7/5
f 2593/6/5 2587/6/5 2592/6/5
f 2594/7/5 2588/7/5 2593/7/5
f 2595/6/5 2590/6/5 2589/6/5
f 2595/6/5 2591/6/5 2590/6/5
f 2596/6/5 2591/6/5 2595/6/5
f 2597/7/5 2592/7/5 2591/7/5
f 2597/6/5 2591/6/5 2596/6/5
f 2598/7/5 2592/7/5 2597/7/5
f 2599/5/5 2593/5/5 2592/5/5
f 2599/7/5 2592/7/5 2598/7/5
f 2600/6/5 2594/6/5 2593/6/5
f 2600/5/5 2593/5/5 2599/5/5
f 2601/7/5 2596/7/5 2595/7/5
f 2601/6/5 2598/6/5 2597/6/5
f 2601/6/5 2597/6/5 2596/6/5
f 2602/6/5 2598/6/5 2601/6/5
f 2603/7/5 2599/7/5 2598/7/5
f 2603/6/5 2598/6/5 2602/6/5
f 2603/7/5 2600/7/5 2599/7/5
f 2604/7/5 2600/7/5 2603/7/5
f 2605/6/5 2594/6/5 2600/6/5
f 2605/7/5 2600/7/5 2604/7/5
f 2606/6/5 2594/6/5 2605/6/5
f 2607/7/5 2601/7/5 2595/7/5
f 2608/5/5 2602/5/5 2601/5/5
f 2608/7/5 2601/7/5 2607/7/5
f 2609/7/5 2603/7/5 2602/7/5
f 2609/5/5 2602/5/5 2608/5/5
f 2610/5/5 2604/5/5 2603/5/5
f 2610/6/5 2605/6/5 2604/6/5
f 2611/5/5 2606/5/5 2605/5/5
f 2611/6/5 2605/6/5 2610/6/5
f 2612/5/5 2606/5/5 2611/5/5
f 2613/6/5 2608/6/5 2607/6/5
f 2613/6/5 2609/6/5 2608/6/5
f 2614/6/5 2609/6/5 2613/6/5
f 2615/7/5 2603/7/5 2609/7/5
f 2615/6/5 2609/6/5 2614/6/5
f 2616/5/5 2610/5/5 2603/5/5
f 2616/7/5 2603/7/5 2615/7/5
f 2617/7/5 2611/7/5 2610/7/5
f 2617/5/5 2610/5/5 2616/5/5
f 2618/6/5 2612/6/5 2611/6/5
f 2618/7/5 2611/7/5 2617/7/5
f 2619/7/5 2614/7/5 2613/7/5
f 2619/5/5 2615/5/5 2614/5/5
f 2620/6/5 2616/6/5 2615/6/5
f 2620/5/5 2615/5/5 2619/5/5
f 2621/5/5 2617/5/5 2616/5/5
f 2621/6/5 2616/6/5 2620/6/5
f 2622/6/5 2618/6/5 2617/6/5
f 2622/5/5 2617/5/5 2621/5/5
f 2623/6/5 2612/6/5 2618/6/5
f 2623/6/5 2618/6/5 2622/6/5
f 2624/7/5 2619/7/5 2613/7/5
f 2625/6/5 2620/6/5 2619/6/5
f 2625/7/5 2619/7/5 2624/7/5
f 2626/7/5 2621/7/5 2620/7/5
f 2626/6/5 2620/6/5 2625/6/5
f 2627/6/5 2622/6/5 2621/6/5
f 2627/7/5 2621/7/5 2626/7/5
f 2628/5/5 2623/5/5 2622/5/5
f 2628/6/5 2622/6/5 2627/6/5
f 2629/5/5 2623/5/5 2628/5/5
f 2630/5/5 2626/5/5 2625/5/5
f 2630/8/5 2627/8/5 2626/8/5
f 2631/5/5 2628/5/5 2627/5/5
f 2631/8/5 2627/8/5 2630/8/5
f 2632/6/5 2629/6/5 2628/6/5
f 2632/5/5 2628/5/5 2631/5/5
f 2633/5/5 2623/5/5 2629/5/5
f 2633/6/5 2629/6/5 2632/6/5
f 2634/6/5 2625/6/5 2624/6/5
f 2634/5/5 2630/5/5 2625/5/5
f 2635/6/5 2632/6/5 2631/6/5
f 2635/5/5 2630/5/5 2634/5/5
f 2635/6/5 2631/6/5 2630/6/5
f 2636/6/5 2632/6/5 2635/6/5
f 2637/7/5 2633/7/5 2632/7/5
f 2637/6/5 2632/6/5 2636/6/5
f 2638/5/5 2623/5/5 2633/5/5
f 2638/7/5 2633/7/5 2637/7/5
f 2639/5/5 2623/5/5 2638/5/5
f 2640/6/5 2634/6/5 2624/6/5
f 2640/6/5 2635/6/5 2634/6/5
f 2641/7/5 2636/7/5 2635/7/5
f 2641/6/5 2635/6/5 2640/6/5
f 2642/6/5 2637/6/5 2636/6/5
f 2642/7/5 2636/7/5 2641/7/5
f 2642/6/5 2639/6/5 2638/6/5
f 2642/6/5 2638/6/5 2637/6/5
f 2643/6/5 2639/6/5 2642/6/5
f 2644/6/5 2640/6/5 2624/6/5
f 2645/5/5 2641/5/5 2640/5/5
f 2645/6/5 2640/6/5 2644/6/5
f 2646/6/5 2642/6/5 2641/6/5
f 2646/5/5 2641/5/5 2645/5/5
f 2647/5/5 2643/5/5 2642/5/5
f 2647/6/5 2642/6/5 2646/6/5
f 2648/6/5 2639/6/5 2643/6/5
f 2648/5/5 2643/5/5 2647/5/5
f 2649/6/5 2639/6/5 2648/6/5
f 2650/6/5 2639/6/5 2649/6/5
f 2651/7/5 2645/7/5 2644/7/5
f 2652/5/5 2646/5/5 2645/5/5
f 2652/7/5 2645/7/5 2651/7/5
f 2653/6/5 2648/6/5 2647/6/5
f 2653/6/5 2649/6/5 2648/6/5
f 2653/5/5 2650/5/5 2649/5/5
f 2654/5/5 2650/5/5 2653/5/5
f 2655/6/5 2652/6/5 2651/6/5
f 2656/5/5 2646/5/5 2652/5/5
f 2656/6/5 2652/6/5 2655/6/5
f 2657/7/5 2647/7/5 2646/7/5
f 2657/5/5 2646/5/5 2656/5/5
f 2658/6/5 2653/6/5 2647/6/5
f 2658/7/5 2647/7/5 2657/7/5
f 2658/6/5 2654/6/5 2653/6/5
f 2659/6/5 2654/6/5 2658/6/5
f 2660/6/5 2654/6/5 2659/6/5
f 2661/5/5 2656/5/5 2655/5/5
f 2662/7/5 2657/7/5 2656/7/5
f 2662/5/5 2656/5/5 2661/5/5
f 2663/6/5 2658/6/5 2657/6/5
f 2663/7/5 2657/7/5 2662/7/5
f 2664/7/5 2659/7/5 2658/7/5
f 2664/6/5 2658/6/5 2663/6/5
f 2665/5/5 2660/5/5 2659/5/5
f 2665/7/5 2659/7/5 2664/7/5
f 2666/5/5 2660/5/5 2665/5/5
f 2667/4/5 2662/4/5 2661/4/5
f 2668/7/5 2663/7/5 2662/7/5
f 2668/4/5 2662/4/5 2667/4/5
f 2668/7/5 2664/7/5 2663/7/5
f 2669/7/5 2664/7/5 2668/7/5
f 2670/6/5 2666/6/5 2665/6/5
f 2670/7/5 2664/7/5 2669/7/5
f 2670/6/5 2665/6/5 2664/6/5
f 2671/6/5 2666/6/5 2670/6/5
f 2672/6/5 2668/6/5 2667/6/5
f 2673/5/5 2669/5/5 2668/5/5
f 2673/6/5 2668/6/5 2672/6/5
f 2674/6/5 2670/6/5 2669/6/5
f 2674/5/5 2669/5/5 2673/5/5
f 2675/7/5 2671/7/5 2670/7/5
f 2675/6/5 2670/6/5 2674/6/5
f 2676/6/5 2666/6/5 2671/6/5
f 2676/7/5 2671/7/5 2675/7/5
f 2677/6/5 2666/6/5 2676/6/5
f 2678/6/5 2666/6/5 2677/6/5
f 2679/5/5 2673/5/5 2672/5/5
f 2680/6/5 2675/6/5 2674/6/5
f 2680/5/5 2673/5/5 2679/5/5
f 2680/6/5 2674/6/5 2673/6/5
f 2681/6/5 2675/6/5 2680/6/5
f 2682/8/5 2676/8/5 2675/8/5
f 2682/6/5 2675/6/5 2681/6/5
f 2683/4/5 2677/4/5 2676/4/5
f 2683/8/5 2676/8/5 2682/8/5
f 2684/5/5 2678/5/5 2677/5/5
f 2684/4/5 2677/4/5 2683/4/5
f 2685/5/5 2678/5/5 2684/5/5
f 2686/6/5 2681/6/5 2680/6/5
f 2686/6/5 2680/6/5 2679/6/5
f 2687/7/5 2683/7/5 2682/7/5
f 2687/6/5 2681/6/5 2686/6/5
f 2687/7/5 2682/7/5 2681/7/5
f 2688/7/5 2683/7/5 2687/7/5
f 2689/6/5 2686/6/5 2679/6/5
f 2690/7/5 2687/7/5 2686/7/5
f 2690/6/5 2686/6/5 2689/6/5
f 2691/6/5 2688/6/5 2687/6/5
f 2691/7/5 2687/7/5 2690/7/5
f 2692/7/5 2683/7/5 2688/7/5
f 2692/6/5 2688/6/5 2691/6/5
f 2693/5/5 2684/5/5 2683/5/5
f 2693/7/5 2683/7/5 2692/7/5
f 2694/6/5 2685/6/5 2684/6/5
f 2694/5/5 2684/5/5 2693/5/5
f 2695/6/5 2685/6/5 2694/6/5
f 2696/4/5 2690/4/5 2689/4/5
f 2697/7/5 2691/7/5 2690/7/5
f 2697/4/5 2690/4/5 2696/4/5
f 2697/7/5 2692/7/5 2691/7/5
f 2698/8/5 2693/8/5 2692/8/5
f 2698/7/5 2692/7/5 2697/7/5
f 2699/5/5 2695/5/5 2694/5/5
f 2699/8/5 2693/8/5 2698/8/5
f 2699/5/5 2694/5/5 2693/5/5
f 2700/5/5 2697/5/5 2696/5/5
f 2701/6/5 2698/6/5 2697/6/5
f 2701/5/5 2697/5/5 2700/5/5
f 2702/6/5 2698/6/5 2701/6/5
f 2703/7/5 2699/7/5 2698/7/5
f 2703/6/5 2698/6/5 2702/6/5
f 2704/5/5 2695/5/5 2699/5/5
f 2704/7/5 2699/7/5 2703/7/5
f 2705/5/5 2695/5/5 2704/5/5
f 2706/5/5 2695/5/5 2705/5/5
f 2707/6/5 2702/6/5 2701/6/5
f 2707/6/5 2701/6/5 2700/6/5
f 2708/6/5 2702/6/5 2707/6/5
f 2709/7/5 2703/7/5 2702/7/5
f 2709/6/5 2702/6/5 2708/6/5
f 2710/6/5 2704/6/5 2703/6/5
f 2710/7/5 2703/7/5 2709/7/5
f 2711/5/5 2705/5/5 2704/5/5
f 2711/6/5 2704/6/5 2710/6/5
f 2712/7/5 2706/7/5 2705/7/5
f 2712/5/5 2705/5/5 2711/5/5
f 2713/7/5 2706/7/5 2712/7/5
f 2714/5/5 2708/5/5 2707/5/5
f 2715/6/5 2709/6/5 2708/6/5
f 2715/5/5 2708/5/5 2714/5/5
f 2716/5/5 2710/5/5 2709/5/5
f 2716/6/5 2709/6/5 2715/6/5
f 2717/6/5 2711/6/5 2710/6/5
f 2717/5/5 2710/5/5 2716/5/5
f 2717/6/5 2712/6/5 2711/6/5
f 2717/6/5 2713/6/5 2712/6/5
f 2718/6/5 2713/6/5 2717/6/5
f 2719/6/5 2713/6/5 2718/6/5
f 2720/6/5 2713/6/5 2719/6/5
f 2721/4/5 2715/4/5 2714/4/5
f 2722/5/5 2716/5/5 2715/5/5
f 2722/4/5 2715/4/5 2721/4/5
f 2722/5/5 2717/5/5 2716/5/5
f 2722/5/5 2718/5/5 2717/5/5
f 2723/5/5 2718/5/5 2722/5/5
f 2724/6/5 2719/6/5 2718/6/5
f 2724/5/5 2718/5/5 2723/5/5
f 2725/7/5 2720/7/5 2719/7/5
f 2725/6/5 2719/6/5 2724/6/5
f 2726/5/5 2723/5/5 2722/5/5
f 2726/5/5 2722/5/5 2721/5/5
f 2727/5/5 2723/5/5 2726/5/5
f 2728/5/5 2723/5/5 2727/5/5
f 2729/6/5 2724/6/5 2723/6/5
f 2729/5/5 2723/5/5 2728/5/5
f 2730/6/5 2727/6/5 2726/6/5
f 2731/7/5 2728/7/5 2727/7/5
f 2731/6/5 2727/6/5 2730/6/5
f 2732/6/5 2729/6/5 2728/6/5
f 2732/7/5 2728/7/5 2731/7/5
f 2733/6/5 2724/6/5 2729/6/5
f 2733/6/5 2729/6/5 2732/6/5
f 2734/5/5 2725/5/5 2724/5/5
f 2734/6/5 2724/6/5 2733/6/5
f 2735/7/5 2720/7/5 2725/7/5
f 2735/5/5 2725/5/5 2734/5/5
f 2736/7/5 2720/7/5 2735/7/5
f 2737/6/5 2733/6/5 2732/6/5
f 2737/6/5 2732/6/5 2731/6/5
f 2737/5/5 2731/5/5 2730/5/5
f 2738/6/5 2733/6/5 2737/6/5
f 2739/5/5 2734/5/5 2733/5/5
f 2739/6/5 2733/6/5 2738/6/5
f 2739/5/5 2735/5/5 2734/5/5
f 2740/5/5 2735/5/5 2739/5/5
f 2741/8/5 2736/8/5 2735/8/5
f 2741/5/5 2735/5/5 2740/5/5
f 2742/8/5 2736/8/5 2741/8/5
f 2743/7/5 2738/7/5 2737/7/5
f 2743/5/5 2737/5/5 2730/5/5
f 2744/6/5 2739/6/5 2738/6/5
f 2744/7/5 2738/7/5 2743/7/5
f 2745/7/5 2740/7/5 2739/7/5
f 2745/6/5 2739/6/5 2744/6/5
f 2746/6/5 2741/6/5 2740/6/5
f 2746/7/5 2740/7/5 2745/7/5
f 2747/7/5 2742/7/5 2741/7/5
f 2747/6/5 2741/6/5 2746/6/5
f 2748/6/5 2744/6/5 2743/6/5
f 2748/5/5 2745/5/5 2744/5/5
f 2749/7/5 2746/7/5 2745/7/5
f 2749/5/5 2745/5/5 2748/5/5
f 2750/5/5 2747/5/5 2746/5/5
f 2750/7/5 2746/7/5 2749/7/5
f 2751/7/5 2749/7/5 2748/7/5
f 2751/6/5 2750/6/5 2749/6/5
f 2752/5/5 2747/5/5 2750/5/5
f 2752/6/5 2750/6/5 2751/6/5
f 2753/7/5 2742/7/5 2747/7/5
f 2753/5/5 2747/5/5 2752/5/5
f 2754/5/5 2743/5/5 2730/5/5
f 2755/6/5 2748/6/5 2743/6/5
f 2755/5/5 2743/5/5 2754/5/5
f 2756/7/5 2752/7/5 2751/7/5
f 2756/7/5 2751/7/5 2748/7/5
f 2757/6/5 2753/6/5 2752/6/5
f 2757/7/5 2752/7/5 2756/7/5
f 2758/7/5 2742/7/5 2753/7/5
f 2758/6/5 2753/6/5 2757/6/5
f 2759/4/5 2755/4/5 2754/4/5
f 2760/6/5 2748/6/5 2755/6/5
f 2760/4/5 2755/4/5 2759/4/5
f 2761/7/5 2756/7/5 2748/7/5
f 2761/6/5 2748/6/5 2760/6/5
f 2762/5/5 2757/5/5 2756/5/5
f 2762/7/5 2756/7/5 2761/7/5
f 2762/5/5 2758/5/5 2757/5/5
f 2763/7/5 2742/7/5 2758/7/5
f 2763/5/5 2758/5/5 2762/5/5
f 2764/5/5 2760/5/5 2759/5/5
f 2765/6/5 2761/6/5 2760/6/5
f 2765/5/5 2760/5/5 2764/5/5
f 2766/5/5 2762/5/5 2761/5/5
f 2766/6/5 2761/6/5 2765/6/5
f 2767/6/5 2763/6/5 2762/6/5
f 2767/5/5 2762/5/5 2766/5/5
f 2768/6/5 2763/6/5 2767/6/5
f 2769/7/5 2765/7/5 2764/7/5
f 2770/6/5 2766/6/5 2765/6/5
f 2770/7/5 2765/7/5 2769/7/5
f 2770/6/5 2767/6/5 2766/6/5
f 2771/8/5 2768/8/5 2767/8/5
f 2771/6/5 2767/6/5 2770/6/5
f 2772/6/5 2763/6/5 2768/6/5
f 2772/8/5 2768/8/5 2771/8/5
f 2773/7/5 2742/7/5 2763/7/5
f 2773/6/5 2763/6/5 2772/6/5
f 2774/7/5 2742/7/5 2773/7/5
f 2775/5/5 2771/5/5 2770/5/5
f 2775/5/5 2770/5/5 2769/5/5
f 2776/7/5 2772/7/5 2771/7/5
f 2776/5/5 2771/5/5 2775/5/5
f 2777/6/5 2773/6/5 2772/6/5
f 2777/7/5 2772/7/5 2776/7/5
f 2778/6/5 2776/6/5 2775/6/5
f 2779/6/5 2776/6/5 2778/6/5
f 2780/8/5 2777/8/5 2776/8/5
f 2780/6/5 2776/6/5 2779/6/5
f 2781/6/5 2773/6/5 2777/6/5
f 2781/8/5 2777/8/5 2780/8/5
f 2782/6/5 2778/6/5 2775/6/5
f 2783/5/5 2779/5/5 2778/5/5
f 2783/6/5 2778/6/5 2782/6/5
f 2784/7/5 2780/7/5 2779/7/5
f 2784/5/5 2779/5/5 2783/5/5
f 2785/6/5 2781/6/5 2780/6/5
f 2785/7/5 2780/7/5 2784/7/5
f 2786/6/5 2773/6/5 2781/6/5
f 2786/6/5 2781/6/5 2785/6/5
f 2787/5/5 2774/5/5 2773/5/5
f 2787/6/5 2773/6/5 2786/6/5
f 2788/5/5 2774/5/5 2787/5/5
f 2789/5/5 2783/5/5 2782/5/5
f 2790/7/5 2784/7/5 2783/7/5
f 2790/5/5 2783/5/5 2789/5/5
f 2791/5/5 2785/5/5 2784/5/5
f 2791/7/5 2784/7/5 2790/7/5
f 2792/8/5 2786/8/5 2785/8/5
f 2792/6/5 2787/6/5 2786/6/5
f 2792/6/5 2788/6/5 2787/6/5
f 2793/6/5 2788/6/5 2792/6/5
f 2794/6/5 2790/6/5 2789/6/5
f 2794/6/5 2791/6/5 2790/6/5
f 2795/5/5 2785/5/5 2791/5/5
f 2795/6/5 2791/6/5 2794/6/5
f 2796/8/5 2792/8/5 2785/8/5
f 2796/5/5 2785/5/5 2795/5/5
f 2797/7/5 2793/7/5 2792/7/5
f 2797/8/5 2792/8/5 2796/8/5
f 2798/6/5 2794/6/5 2789/6/5
f 2798/5/5 2795/5/5 2794/5/5
f 2799/6/5 2796/6/5 2795/6/5
f 2799/5/5 2795/5/5 2798/5/5
f 2800/7/5 2797/7/5 2796/7/5
f 2800/6/5 2796/6/5 2799/6/5
f 2801/7/5 2793/7/5 2797/7/5
f 2801/7/5 2797/7/5 2800/7/5
f 2802/6/5 2788/6/5 2793/6/5
f 2802/7/5 2793/7/5 2801/7/5
f 2803/6/5 2788/6/5 2802/6/5
f 2804/6/5 2798/6/5 2789/6/5
f 2804/7/5 2799/7/5 2798/7/5
f 2805/5/5 2800/5/5 2799/5/5
f 2805/7/5 2799/7/5 2804/7/5
f 2806/7/5 2801/7/5 2800/7/5
f 2806/5/5 2800/5/5 2805/5/5
f 2807/6/5 2802/6/5 2801/6/5
f 2807/7/5 2801/7/5 2806/7/5
f 2808/5/5 2803/5/5 2802/5/5
f 2808/6/5 2802/6/5 2807/6/5
f 2809/5/5 2803/5/5 2808/5/5
f 2810/6/5 2804/6/5 2789/6/5
f 2810/6/5 2805/6/5 2804/6/5
f 2811/5/5 2806/5/5 2805/5/5
f 2811/6/5 2805/6/5 2810/6/5
f 2812/6/5 2807/6/5 2806/6/5
f 2812/5/5 2808/5/5 2807/5/5
f 2813/6/5 2809/6/5 2808/6/5
f 2813/5/5 2808/5/5 2812/5/5
f 2814/6/5 2809/6/5 2813/6/5
f 2815/6/5 2810/6/5 2789/6/5
f 2815/7/5 2811/7/5 2810/7/5
f 2816/5/5 2806/5/5 2811/5/5
f 2816/7/5 2811/7/5 2815/7/5
f 2817/6/5 2812/6/5 2806/6/5
f 2817/5/5 2806/5/5 2816/5/5
f 2818/7/5 2814/7/5 2813/7/5
f 2818/7/5 2813/7/5 2812/7/5
f 2819/7/5 2814/7/5 2818/7/5
f 2820/6/5 2815/6/5 2789/6/5
f 2821/5/5 2816/5/5 2815/5/5
f 2821/6/5 2815/6/5 2820/6/5
f 2822/6/5 2817/6/5 2816/6/5
f 2822/5/5 2816/5/5 2821/5/5
f 2823/6/5 2812/6/5 2817/6/5
f 2823/6/5 2817/6/5 2822/6/5
f 2823/7/5 2818/7/5 2812/7/5
f 2824/6/5 2819/6/5 2818/6/5
f 2824/7/5 2818/7/5 2823/7/5
f 2825/6/5 2819/6/5 2824/6/5
f 2826/5/5 2821/5/5 2820/5/5
f 2827/6/5 2822/6/5 2821/6/5
f 2827/5/5 2821/5/5 2826/5/5
f 2827/6/5 2823/6/5 2822/6/5
f 2828/6/5 2823/6/5 2827/6/5
f 2829/5/5 2824/5/5 2823/5/5
f 2829/6/5 2823/6/5 2828/6/5
f 2830/7/5 2825/7/5 2824/7/5
f 2830/5/5 2824/5/5 2829/5/5
f 2831/7/5 2825/7/5 2830/7/5
f 2832/5/5 2828/5/5 2827/5/5
f 2832/8/5 2827/8/5 2826/8/5
f 2833/5/5 2828/5/5 2832/5/5
f 2834/6/5 2829/6/5 2828/6/5
f 2834/5/5 2828/5/5 2833/5/5
f 2834/6/5 2831/6/5 2830/6/5
f 2834/6/5 2830/6/5 2829/6/5
f 2835/6/5 2831/6/5 2834/6/5
f 2836/6/5 2831/6/5 2835/6/5
f 2837/6/5 2831/6/5 2836/6/5
f 2838/7/5 2833/7/5 2832/7/5
f 2838/8/5 2832/8/5 2826/8/5
f 2839/5/5 2834/5/5 2833/5/5
f 2839/7/5 2833/7/5 2838/7/5
f 2840/7/5 2835/7/5 2834/7/5
f 2840/5/5 2834/5/5 2839/5/5
f 2841/6/5 2836/6/5 2835/6/5
f 2841/7/5 2835/7/5 2840/7/5
f 2842/8/5 2837/8/5 2836/8/5
f 2842/6/5 2836/6/5 2841/6/5
f 2843/8/5 2837/8/5 2842/8/5
f 2844/8/5 2838/8/5 2826/8/5
f 2845/5/5 2839/5/5 2838/5/5
f 2845/8/5 2838/8/5 2844/8/5
f 2846/4/5 2840/4/5 2839/4/5
f 2846/5/5 2839/5/5 2845/5/5
f 2847/6/5 2841/6/5 2840/6/5
f 2847/4/5 2840/4/5 2846/4/5
f 2847/6/5 2842/6/5 2841/6/5
f 2847/6/5 2843/6/5 2842/6/5
f 2848/6/5 2843/6/5 2847/6/5
f 2849/7/5 2845/7/5 2844/7/5
f 2850/6/5 2846/6/5 2845/6/5
f 2850/7/5 2845/7/5 2849/7/5
f 2851/6/5 2850/6/5 2849/6/5
f 2852/6/5 2846/6/5 2850/6/5
f 2852/6/5 2850/6/5 2851/6/5
f 2853/5/5 2847/5/5 2846/5/5
f 2853/6/5 2846/6/5 2852/6/5
f 2854/8/5 2852/8/5 2851/8/5
f 2854/5/5 2853/5/5 2852/5/5
f 2855/5/5 2847/5/5 2853/5/5
f 2855/5/5 2853/5/5 2854/5/5
f 2855/7/5 2848/7/5 2847/7/5
f 2856/6/5 2843/6/5 2848/6/5
f 2856/7/5 2848/7/5 2855/7/5
f 2857/6/5 2843/6/5 2856/6/5
f 2858/8/5 2854/8/5 2851/8/5
f 2859/6/5 2855/6/5 2854/6/5
f 2859/8/5 2854/8/5 2858/8/5
f 2860/6/5 2855/6/5 2859/6/5
f 2861/8/5 2856/8/5 2855/8/5
f 2861/6/5 2855/6/5 2860/6/5
f 2862/7/5 2857/7/5 2856/7/5
f 2862/8/5 2856/8/5 2861/8/5
f 2863/7/5 2857/7/5 2862/7/5
f 2864/5/5 2860/5/5 2859/5/5
f 2864/7/5 2859/7/5 2858/7/5
f 2865/6/5 2861/6/5 2860/6/5
f 2865/5/5 2860/5/5 2864/5/5
f 2866/5/5 2862/5/5 2861/5/5
f 2866/6/5 2861/6/5 2865/6/5
f 2867/6/5 2863/6/5 2862/6/5
f 2867/5/5 2862/5/5 2866/5/5
f 2868/7/5 2857/7/5 2863/7/5
f 2868/6/5 2863/6/5 2867/6/5
f 2869/7/5 2857/7/5 2868/7/5
f 2870/4/5 2866/4/5 2865/4/5
f 2870/6/5 2865/6/5 2864/6/5
f 2871/5/5 2867/5/5 2866/5/5
f 2871/4/5 2866/4/5 2870/4/5
f 2872/7/5 2868/7/5 2867/7/5
f 2872/5/5 2867/5/5 2871/5/5
f 2873/5/5 2869/5/5 2868/5/5
f 2873/7/5 2868/7/5 2872/7/5
f 2874/5/5 2869/5/5 2873/5/5
f 2875/7/5 2864/7/5 2858/7/5
f 2876/6/5 2870/6/5 2864/6/5
f 2876/7/5 2864/7/5 2875/7/5
f 2877/5/5 2872/5/5 2871/5/5
f 2877/6/5 2870/6/5 2876/6/5
f 2877/5/5 2871/5/5 2870/5/5
f 2877/5/5 2873/5/5 2872/5/5
f 2878/5/5 2873/5/5 2877/5/5
f 2879/7/5 2874/7/5 2873/7/5
f 2879/5/5 2873/5/5 2878/5/5
f 2880/7/5 2874/7/5 2879/7/5
f 2881/4/5 2876/4/5 2875/4/5
f 2881/5/5 2877/5/5 2876/5/5
f 2882/6/5 2878/6/5 2877/6/5
f 2882/5/5 2877/5/5 2881/5/5
f 2883/5/5 2879/5/5 2878/5/5
f 2883/6/5 2878/6/5 2882/6/5
f 2884/5/5 2879/5/5 2883/5/5
f 2885/6/5 2880/6/5 2879/6/5
f 2885/5/5 2879/5/5 2884/5/5
f 2886/4/5 2881/4/5 2875/4/5
f 2887/7/5 2882/7/5 2881/7/5
f 2887/4/5 2881/4/5 2886/4/5
f 2888/6/5 2884/6/5 2883/6/5
f 2888/7/5 2882/7/5 2887/7/5
f 2888/6/5 2883/6/5 2882/6/5
f 2889/7/5 2885/7/5 2884/7/5
f 2889/6/5 2884/6/5 2888/6/5
f 2890/6/5 2880/6/5 2885/6/5
f 2890/7/5 2885/7/5 2889/7/5
f 2891/5/5 2889/5/5 2888/5/5
f 2891/5/5 2887/5/5 2886/5/5
f 2891/5/5 2888/5/5 2887/5/5
f 2892/5/5 2889/5/5 2891/5/5
f 2893/6/5 2880/6/5 2890/6/5
f 2893/6/5 2890/6/5 2889/6/5
f 2894/6/5 2880/6/5 2893/6/5
f 2895/6/5 2892/6/5 2891/6/5
f 2895/5/5 2891/5/5 2886/5/5
f 2896/5/5 2889/5/5 2892/5/5
f 2896/6/5 2892/6/5 2895/6/5
f 2897/6/5 2893/6/5 2889/6/5
f 2897/5/5 2889/5/5 2896/5/5
f 2898/5/5 2894/5/5 2893/5/5
f 2898/6/5 2893/6/5 2897/6/5
f 2899/5/5 2894/5/5 2898/5/5
f 2900/5/5 2895/5/5 2886/5/5
f 2901/7/5 2896/7/5 2895/7/5
f 2901/5/5 2895/5/5 2900/5/5
f 2902/6/5 2897/6/5 2896/6/5
f 2902/7/5 2896/7/5 2901/7/5
f 2903/5/5 2898/5/5 2897/5/5
f 2903/6/5 2897/6/5 2902/6/5
f 2904/6/5 2899/6/5 2898/6/5
f 2904/5/5 2898/5/5 2903/5/5
f 2905/6/5 2899/6/5 2904/6/5
f 2906/6/5 2901/6/5 2900/6/5
f 2906/6/5 2902/6/5 2901/6/5
f 2907/5/5 2903/5/5 2902/5/5
f 2907/6/5 2902/6/5 2906/6/5
f 2908/6/5 2904/6/5 2903/6/5
f 2908/5/5 2903/5/5 2907/5/5
f 2909/7/5 2905/7/5 2904/7/5
f 2909/6/5 2904/6/5 2908/6/5
f 2910/7/5 2905/7/5 2909/7/5
f 2911/5/5 2900/5/5 2886/5/5
f 2912/6/5 2906/6/5 2900/6/5
f 2912/5/5 2900/5/5 2911/5/5
f 2913/5/5 2908/5/5 2907/5/5
f 2913/5/5 2907/5/5 2906/5/5
f 2913/5/5 2909/5/5 2908/5/5
f 2914/6/5 2910/6/5 2909/6/5
f 2914/5/5 2909/5/5 2913/5/5
f 2915/4/5 2912/4/5 2911/4/5
f 2916/6/5 2906/6/5 2912/6/5
f 2916/4/5 2912/4/5 2915/4/5
f 2917/5/5 2913/5/5 2906/5/5
f 2917/6/5 2906/6/5 2916/6/5
f 2918/6/5 2914/6/5 2913/6/5
f 2918/5/5 2913/5/5 2917/5/5
f 2919/6/5 2914/6/5 2918/6/5
f 2920/6/5 2910/6/5 2914/6/5
f 2920/6/5 2914/6/5 2919/6/5
f 2921/6/5 2916/6/5 2915/6/5
f 2922/5/5 2917/5/5 2916/5/5
f 2922/6/5 2916/6/5 2921/6/5
f 2923/7/5 2918/7/5 2917/7/5
f 2923/5/5 2917/5/5 2922/5/5
f 2924/6/5 2919/6/5 2918/6/5
f 2924/7/5 2918/7/5 2923/7/5
f 2925/5/5 2920/5/5 2919/5/5
f 2925/6/5 2919/6/5 2924/6/5
f 2926/5/5 2920/5/5 2925/5/5
f 2927/5/5 2922/5/5 2921/5/5
f 2928/6/5 2923/6/5 2922/6/5
f 2928/5/5 2922/5/5 2927/5/5
f 2929/5/5 2924/5/5 2923/5/5
f 2929/6/5 2923/6/5 2928/6/5
f 2930/6/5 2925/6/5 2924/6/5
f 2930/5/5 2924/5/5 2929/5/5
f 2930/6/5 2926/6/5 2925/6/5
f 2931/6/5 2926/6/5 2930/6/5
f 2932/5/5 2920/5/5 2926/5/5
f 2932/6/5 2926/6/5 2931/6/5
f 2933/7/5 2929/7/5 2928/7/5
f 2933/4/5 2930/4/5 2929/4/5
f 2934/5/5 2931/5/5 2930/5/5
f 2934/4/5 2930/4/5 2933/4/5
f 2935/4/5 2932/4/5 2931/4/5
f 2935/5/5 2931/5/5 2934/5/5
f 2936/5/5 2920/5/5 2932/5/5
f 2936/4/5 2932/4/5 2935/4/5
f 2937/5/5 2920/5/5 2936/5/5
f 2938/7/5 2933/7/5 2928/7/5
f 2938/6/5 2928/6/5 2927/6/5
f 2939/5/5 2934/5/5 2933/5/5
f 2939/7/5 2933/7/5 2938/7/5
f 2940/6/5 2935/6/5 2934/6/5
f 2940/5/5 2934/5/5 2939/5/5
f 2941/5/5 2936/5/5 2935/5/5
f 2941/6/5 2935/6/5 2940/6/5
f 2942/4/5 2937/4/5 2936/4/5
f 2942/5/5 2936/5/5 2941/5/5
f 2943/6/5 2939/6/5 2938/6/5
f 2943/6/5 2938/6/5 2927/6/5
f 2944/4/5 2940/4/5 2939/4/5
f 2944/6/5 2939/6/5 2943/6/5
f 2945/5/5 2941/5/5 2940/5/5
f 2945/4/5 2940/4/5 2944/4/5
f 2946/6/5 2942/6/5 2941/6/5
f 2946/5/5 2941/5/5 2945/5/5
f 2947/4/5 2937/4/5 2942/4/5
f 2947/6/5 2942/6/5 2946/6/5
f 2948/4/5 2937/4/5 2947/4/5
f 2953/6/5 2950/6/5 2949/6/5
f 2954/6/5 2950/6/5 2953/6/5
f 2955/6/5 2952/6/5 2951/6/5
f 2956/6/5 2952/6/5 2955/6/5
f 2957/7/5 2954/7/5 2953/7/5
f 2958/7/5 2954/7/5 2957/7/5
f 2959/8/5 2956/8/5 2955/8/5
f 2960/8/5 2956/8/5 2959/8/5
f 2961/6/5 2958/6/5 2957/6/5
f 2962/6/5 2960/6/5 2959/6/5
f 2963/6/5 2960/6/5 2962/6/5
f 2964/6/5 2961/6/5 2957/6/5
f 2965/6/5 2961/6/5 2964/6/5
f 2966/8/5 2963/8/5 2962/8/5
f 2967/8/5 2963/8/5 2966/8/5
f 2968/8/5 2965/8/5 2964/8/5
f 2969/8/5 2965/8/5 2968/8/5
f 2970/7/5 2967/7/5 2966/7/5
f 2971/7/5 2967/7/5 2970/7/5
f 2972/6/5 2971/6/5 2970/6/5
f 2973/6/5 2971/6/5 2972/6/5
f 2974/7/5 2969/7/5 2968/7/5
f 2975/7/5 2969/7/5 2974/7/5
f 2976/5/5 2973/5/5 2972/5/5
f 2977/5/5 2973/5/5 2976/5/5
f 2978/6/5 2975/6/5 2974/6/5
f 2979/6/5 2977/6/5 2976/6/5
f 2980/6/5 2977/6/5 2979/6/5
f 2981/6/5 2978/6/5 2974/6/5
f 2982/6/5 2978/6/5 2981/6/5
f 2983/4/5 2980/4/5 2979/4/5
f 2984/4/5 2980/4/5 2983/4/5
f 2985/5/5 2984/5/5 2983/5/5
f 2986/7/5 2982/7/5 2981/7/5
f 2987/7/5 2982/7/5 2986/7/5
f 2988/5/5 2984/5/5 2985/5/5
f 2989/5/5 2984/5/5 2988/5/5
f 2990/8/5 2987/8/5 2986/8/5
f 2991/8/5 2987/8/5 2990/8/5
f 2992/4/5 2989/4/5 2988/4/5
f 2993/6/5 2991/6/5 2990/6/5
f 2994/6/5 2991/6/5 2993/6/5
f 2995/4/5 2989/4/5 2992/4/5
f 2996/4/5 2989/4/5 2995/4/5
f 2997/7/5 2994/7/5 2993/7/5
f 2998/7/5 2994/7/5 2997/7/5
f 2999/5/5 2996/5/5 2995/5/5
f 3000/5/5 2996/5/5 2999/5/5
f 3001/6/5 2998/6/5 2997/6/5
f 3002/6/5 3000/6/5 2999/6/5
f 3003/6/5 3000/6/5 3002/6/5
f 3004/6/5 3001/6/5 2997/6/5
f 3005/5/5 3003/5/5 3002/5/5
f 3006/6/5 3004/6/5 2997/6/5
f 3007/6/5 3004/6/5 3006/6/5
f 3008/5/5 3003/5/5 3005/5/5
f 3009/5/5 3003/5/5 3008/5/5
f 3010/8/5 3007/8/5 3006/8/5
f 3011/8/5 3007/8/5 3010/8/5
f 3012/6/5 3009/6/5 3008/6/5
f 3013/6/5 3009/6/5 3012/6/5
f 3014/6/5 3011/6/5 3010/6/5
f 3015/6/5 3011/6/5 3014/6/5
f 3016/5/5 3013/5/5 3012/5/5
f 3017/5/5 3013/5/5 3016/5/5
f 3018/7/5 3015/7/5 3014/7/5
f 3019/7/5 3018/7/5 3014/7/5
f 3020/7/5 3018/7/5 3019/7/5
f 3021/6/5 3017/6/5 3016/6/5
f 3022/6/5 3017/6/5 3021/6/5
f 3023/6/5 3017/6/5 3022/6/5
f 3024/6/5 3020/6/5 3019/6/5
f 3025/6/5 3020/6/5 3024/6/5
f 3026/7/5 3023/7/5 3022/7/5
f 3027/7/5 3023/7/5 3026/7/5
f 3028/5/5 3025/5/5 3024/5/5
f 3029/5/5 3025/5/5 3028/5/5
f 3030/6/5 3027/6/5 3026/6/5
f 3031/6/5 3029/6/5 3028/6/5
f 3032/6/5 3027/6/5 3030/6/5
f 3033/6/5 3031/6/5 3028/6/5
f 3034/6/5 3031/6/5 3033/6/5
f 3035/6/5 3027/6/5 3032/6/5
f 3036/6/5 3027/6/5 3035/6/5
f 3037/5/5 3034/5/5 3033/5/5
f 3038/5/5 3034/5/5 3037/5/5
f 3039/6/5 3038/6/5 3037/6/5
f 3040/6/5 3038/6/5 3039/6/5
f 3041/7/5 3036/7/5 3035/7/5
f 3042/7/5 3036/7/5 3041/7/5
f 3043/5/5 3040/5/5 3039/5/5
f 3044/5/5 3040/5/5 3043/5/5
f 3045/8/5 3042/8/5 3041/8/5
f 3046/8/5 3042/8/5 3045/8/5
f 3047/6/5 3044/6/5 3043/6/5
f 3048/6/5 3044/6/5 3047/6/5
f 3049/5/5 3048/5/5 3047/5/5
f 3050/7/5 3046/7/5 3045/7/5
f 3051/5/5 3049/5/5 3047/5/5
f 3052/7/5 3046/7/5 3050/7/5
f 3053/7/5 3046/7/5 3052/7/5
f 3054/5/5 3051/5/5 3047/5/5
f 3055/5/5 3051/5/5 3054/5/5
f 3056/6/5 3053/6/5 3052/6/5
f 3057/6/5 3053/6/5 3056/6/5
f 3058/6/5 3055/6/5 3054/6/5
f 3059/6/5 3055/6/5 3058/6/5
f 3060/7/5 3057/7/5 3056/7/5
f 3061/7/5 3057/7/5 3060/7/5
f 3062/5/5 3059/5/5 3058/5/5
f 3063/5/5 3059/5/5 3062/5/5
f 3064/8/5 3061/8/5 3060/8/5
f 3065/8/5 3061/8/5 3064/8/5
f 3066/6/5 3063/6/5 3062/6/5
f 3067/6/5 3063/6/5 3066/6/5
f 3068/7/5 3065/7/5 3064/7/5
f 3069/7/5 3065/7/5 3068/7/5
f 3070/5/5 3067/5/5 3066/5/5
f 3071/5/5 3067/5/5 3070/5/5
f 3072/8/5 3069/8/5 3068/8/5
f 3073/8/5 3069/8/5 3072/8/5
f 3074/6/5 3071/6/5 3070/6/5
f 3075/6/5 3071/6/5 3074/6/5
f 3076/7/5 3073/7/5 3072/7/5
f 3077/7/5 3073/7/5 3076/7/5
f 3078/7/5 3075/7/5 3074/7/5
f 3079/7/5 3075/7/5 3078/7/5
f 3080/6/5 3079/6/5 3078/6/5
f 3081/6/5 3079/6/5 3080/6/5
f 3082/8/5 3077/8/5 3076/8/5
f 3083/8/5 3077/8/5 3082/8/5
f 3084/7/5 3081/7/5 3080/7/5
f 3085/7/5 3081/7/5 3084/7/5
f 3086/7/5 3083/7/5 3082/7/5
f 3087/7/5 3083/7/5 3086/7/5
f 3088/8/5 3085/8/5 3084/8/5
f 3089/8/5 3085/8/5 3088/8/5
f 3090/6/5 3087/6/5 3086/6/5
f 3091/6/5 3087/6/5 3090/6/5
f 3092/7/5 3089/7/5 3088/7/5
f 3093/7/5 3089/7/5 3092/7/5
f 3094/8/5 3091/8/5 3090/8/5
f 3095/8/5 3091/8/5 3094/8/5
f 3096/6/5 3093/6/5 3092/6/5
f 3097/6/5 3093/6/5 3096/6/5
f 3098/7/5 3095/7/5 3094/7/5
f 3099/7/5 3095/7/5 3098/7/5
f 3100/8/5 3097/8/5 3096/8/5
f 3101/8/5 3097/8/5 3100/8/5
f 3102/8/5 3099/8/5 3098/8/5
f 3103/8/5 3099/8/5 3102/8/5
f 3104/7/5 3101/7/5 3100/7/5
f 3105/6/5 3103/6/5 3102/6/5
f 3106/6/5 3103/6/5 3105/6/5
f 3107/7/5 3104/7/5 3100/7/5
f 3108/7/5 3104/7/5 3107/7/5
f 3109/6/5 3103/6/5 3106/6/5
f 3110/6/5 3103/6/5 3109/6/5
f 3111/5/5 3108/5/5 3107/5/5
f 3112/8/5 3110/8/5 3109/8/5
f 3113/8/5 3110/8/5 3112/8/5
f 3114/5/5 3111/5/5 3107/5/5
f 3115/5/5 3111/5/5 3114/5/5
f 3116/6/5 3113/6/5 3112/6/5
f 3117/6/5 3113/6/5 3116/6/5
f 3118/4/5 3115/4/5 3114/4/5
f 3119/4/5 3115/4/5 3118/4/5
f 3120/8/5 3117/8/5 3116/8/5
f 3121/8/5 3117/8/5 3120/8/5
f 3122/6/5 3119/6/5 3118/6/5
f 3123/6/5 3119/6/5 3122/6/5
f 3124/7/5 3121/7/5 3120/7/5
f 3125/4/5 3123/4/5 3122/4/5
f 3126/4/5 3123/4/5 3125/4/5
f 3127/7/5 3121/7/5 3124/7/5
f 3128/7/5 3121/7/5 3127/7/5
f 3129/5/5 3126/5/5 3125/5/5
f 3130/8/5 3128/8/5 3127/8/5
f 3131/8/5 3128/8/5 3130/8/5
f 3132/5/5 3129/5/5 3125/5/5
f 3133/5/5 3129/5/5 3132/5/5
f 3134/7/5 3131/7/5 3130/7/5
f 3135/7/5 3131/7/5 3134/7/5
f 3136/4/5 3133/4/5 3132/4/5
f 3137/6/5 3135/6/5 3134/6/5
f 3138/4/5 3136/4/5 3132/4/5
f 3139/4/5 3136/4/5 3138/4/5
f 3140/6/5 3135/6/5 3137/6/5
f 3141/6/5 3135/6/5 3140/6/5
f 3142/5/5 3139/5/5 3138/5/5
f 3143/5/5 3139/5/5 3142/5/5
f 3144/7/5 3141/7/5 3140/7/5
f 3145/7/5 3141/7/5 3144/7/5
f 3146/6/5 3145/6/5 3144/6/5
f 3147/6/5 3145/6/5 3146/6/5
f 3148/6/5 3143/6/5 3142/6/5
f 3149/8/5 3147/8/5 3146/8/5
f 3150/8/5 3147/8/5 3149/8/5
f 3151/6/5 3148/6/5 3142/6/5
f 3152/7/5 3150/7/5 3149/7/5
f 3153/7/5 3150/7/5 3152/7/5
f 3154/6/5 3151/6/5 3142/6/5
f 3155/8/5 3153/8/5 3152/8/5
f 3156/8/5 3153/8/5 3155/8/5
f 3157/6/5 3154/6/5 3142/6/5
f 3158/6/5 3154/6/5 3157/6/5
f 3159/6/5 3156/6/5 3155/6/5
f 3160/6/5 3156/6/5 3159/6/5
f 3161/5/5 3158/5/5 3157/5/5
f 3162/5/5 3158/5/5 3161/5/5
f 3163/7/5 3160/7/5 3159/7/5
f 3164/7/5 3160/7/5 3163/7/5
f 3165/7/5 3162/7/5 3161/7/5
f 3166/7/5 3162/7/5 3165/7/5
f 3167/6/5 3164/6/5 3163/6/5
f 3168/6/5 3164/6/5 3167/6/5
f 3169/6/5 3166/6/5 3165/6/5
f 3170/6/5 3166/6/5 3169/6/5
f 3171/5/5 3168/5/5 3167/5/5
f 3172/7/5 3170/7/5 3169/7/5
f 3173/7/5 3170/7/5 3172/7/5
f 3174/5/5 3168/5/5 3171/5/5
f 3175/5/5 3168/5/5 3174/5/5
f 3176/8/5 3173/8/5 3172/8/5
f 3177/8/5 3173/8/5 3176/8/5
f 3178/7/5 3177/7/5 3176/7/5
f 3179/7/5 3177/7/5 3178/7/5
f 3180/6/5 3175/6/5 3174/6/5
f 3181/8/5 3179/8/5 3178/8/5
f 3182/8/5 3179/8/5 3181/8/5
f 3183/6/5 3175/6/5 3180/6/5
f 3184/6/5 3182/6/5 3181/6/5
f 3185/6/5 3182/6/5 3184/6/5
f 3186/6/5 3175/6/5 3183/6/5
f 3187/6/5 3175/6/5 3186/6/5
f 3188/8/5 3185/8/5 3184/8/5
f 3189/8/5 3185/8/5 3188/8/5
f 3190/7/5 3187/7/5 3186/7/5
f 3191/7/5 3189/7/5 3188/7/5
f 3192/7/5 3191/7/5 3188/7/5
f 3193/7/5 3191/7/5 3192/7/5
f 3194/7/5 3187/7/5 3190/7/5
f 3195/8/5 3193/8/5 3192/8/5
f 3196/8/5 3193/8/5 3195/8/5
f 3197/7/5 3187/7/5 3194/7/5
f 3198/7/5 3187/7/5 3197/7/5
f 3199/6/5 3196/6/5 3195/6/5
f 3200/6/5 3196/6/5 3199/6/5
f 3201/5/5 3198/5/5 3197/5/5
f 3202/7/5 3200/7/5 3199/7/5
f 3203/7/5 3200/7/5 3202/7/5
f 3204/5/5 3198/5/5 3201/5/5
f 3205/5/5 3198/5/5 3204/5/5
f 3206/5/5 3203/5/5 3202/5/5
f 3207/4/5 3205/4/5 3204/4/5
f 3208/4/5 3205/4/5 3207/4/5
f 3209/5/5 3206/5/5 3202/5/5
f 3210/5/5 3206/5/5 3209/5/5
f 3211/6/5 3210/6/5 3209/6/5
f 3212/6/5 3210/6/5 3211/6/5
f 3213/5/5 3208/5/5 3207/5/5
f 3214/5/5 3208/5/5 3213/5/5
f 3215/5/5 3208/5/5 3214/5/5
f 3216/7/5 3212/7/5 3211/7/5
f 3217/7/5 3212/7/5 3216/7/5
f 3218/4/5 3215/4/5 3214/4/5
f 3219/4/5 3215/4/5 3218/4/5
f 3220/5/5 3217/5/5 3216/5/5
f 3221/5/5 3217/5/5 3220/5/5
f 3222/7/5 3221/7/5 3220/7/5
f 3223/7/5 3221/7/5 3222/7/5
f 3224/6/5 3223/6/5 3222/6/5
f 3225/6/5 3223/6/5 3224/6/5
f 3226/5/5 3219/5/5 3218/5/5
f 3227/5/5 3219/5/5 3226/5/5
f 3228/8/5 3225/8/5 3224/8/5
f 3229/8/5 3225/8/5 3228/8/5
f 3230/7/5 3229/7/5 3228/7/5
f 3231/7/5 3229/7/5 3230/7/5
f 3232/6/5 3231/6/5 3230/6/5
f 3233/6/5 3231/6/5 3232/6/5
f 3234/7/5 3227/7/5 3226/7/5
f 3235/7/5 3227/7/5 3234/7/5
f 3236/7/5 3233/7/5 3232/7/5
f 3237/6/5 3235/6/5 3234/6/5
f 3238/6/5 3235/6/5 3237/6/5
f 3239/7/5 3238/7/5 3237/7/5
f 3240/7/5 3238/7/5 3239/7/5
f 3241/7/5 3236/7/5 3232/7/5
f 3242/7/5 3236/7/5 3241/7/5
f 3243/6/5 3240/6/5 3239/6/5
f 3244/6/5 3240/6/5 3243/6/5
f 3245/6/5 3242/6/5 3241/6/5
f 3246/5/5 3244/5/5 3243/5/5
f 3247/5/5 3244/5/5 3246/5/5
f 3248/6/5 3247/6/5 3246/6/5
f 3249/6/5 3247/6/5 3248/6/5
f 3250/6/5 3245/6/5 3241/6/5
f 3251/6/5 3245/6/5 3250/6/5
f 3252/5/5 3249/5/5 3248/5/5
f 3253/5/5 3249/5/5 3252/5/5
f 3254/8/5 3251/8/5 3250/8/5
f 3255/8/5 3251/8/5 3254/8/5
f 3256/7/5 3253/7/5 3252/7/5
f 3257/7/5 3253/7/5 3256/7/5
f 3258/6/5 3255/6/5 3254/6/5
f 3259/6/5 3255/6/5 3258/6/5
f 3260/6/5 3257/6/5 3256/6/5
f 3261/6/5 3257/6/5 3260/6/5
f 3262/7/5 3259/7/5 3258/7/5
f 3263/7/5 3259/7/5 3262/7/5
f 3264/5/5 3261/5/5 3260/5/5
f 3265/6/5 3263/6/5 3262/6/5
f 3266/6/5 3263/6/5 3265/6/5
f 3267/5/5 3261/5/5 3264/5/5
f 3268/5/5 3261/5/5 3267/5/5
f 3269/7/5 3266/7/5 3265/7/5
f 3270/7/5 3268/7/5 3267/7/5
f 3271/7/5 3269/7/5 3265/7/5
f 3272/7/5 3269/7/5 3271/7/5
f 3273/7/5 3268/7/5 3270/7/5
f 3274/7/5 3268/7/5 3273/7/5
f 3275/6/5 3274/6/5 3273/6/5
f 3276/6/5 3274/6/5 3275/6/5
f 3277/6/5 3272/6/5 3271/6/5
f 3278/6/5 3272/6/5 3277/6/5
f 3279/5/5 3276/5/5 3275/5/5
f 3280/5/5 3276/5/5 3279/5/5
f 3281/7/5 3278/7/5 3277/7/5
f 3282/7/5 3278/7/5 3281/7/5
f 3283/6/5 3280/6/5 3279/6/5
f 3284/6/5 3280/6/5 3283/6/5
f 3285/6/5 3282/6/5 3281/6/5
f 3286/6/5 3282/6/5 3285/6/5
f 3287/7/5 3284/7/5 3283/7/5
f 3288/7/5 3284/7/5 3287/7/5
f 3289/7/5 3286/7/5 3285/7/5
f 3290/7/5 3286/7/5 3289/7/5
f 3291/5/5 3288/5/5 3287/5/5
f 3292/5/5 3288/5/5 3291/5/5
f 3293/5/5 3290/5/5 3289/5/5
f 3294/5/5 3290/5/5 3293/5/5
f 3295/4/5 3292/4/5 3291/4/5
f 3296/4/5 3292/4/5 3295/4/5
f 3297/4/5 3294/4/5 3293/4/5
f 3298/4/5 3294/4/5 3297/4/5
f 3299/5/5 3296/5/5 3295/5/5
f 3300/5/5 3298/5/5 3297/5/5
f 3301/5/5 3298/5/5 3300/5/5
f 3302/5/5 3296/5/5 3299/5/5
f 3303/5/5 3296/5/5 3302/5/5
f 3304/6/5 3301/6/5 3300/6/5
f 3305/6/5 3301/6/5 3304/6/5
f 3306/4/5 3303/4/5 3302/4/5
f 3307/4/5 3303/4/5 3306/4/5
f 3308/5/5 3305/5/5 3304/5/5
f 3309/5/5 3305/5/5 3308/5/5
f 3310/6/5 3307/6/5 3306/6/5
f 3311/6/5 3307/6/5 3310/6/5
f 3312/6/5 3309/6/5 3308/6/5
f 3313/6/5 3309/6/5 3312/6/5
f 3314/4/5 3311/4/5 3310/4/5
f 3315/4/5 3311/4/5 3314/4/5
f 3316/5/5 3315/5/5 3314/5/5
f 3317/5/5 3313/5/5 3312/5/5
f 3318/5/5 3313/5/5 3317/5/5
f 3319/5/5 3315/5/5 3316/5/5
f 3320/5/5 3315/5/5 3319/5/5
f 3321/6/5 3318/6/5 3317/6/5
f 3322/6/5 3318/6/5 3321/6/5
f 3323/4/5 3320/4/5 3319/4/5
f 3324/4/5 3320/4/5 3323/4/5
f 3325/7/5 3322/7/5 3321/7/5
f 3326/7/5 3322/7/5 3325/7/5
f 3327/6/5 3326/6/5 3325/6/5
f 3328/6/5 3326/6/5 3327/6/5
f 3329/5/5 3324/5/5 3323/5/5
f 3330/5/5 3324/5/5 3329/5/5
f 3331/8/5 3328/8/5 3327/8/5
f 3332/8/5 3328/8/5 3331/8/5
f 3333/4/5 3330/4/5 3329/4/5
f 3334/4/5 3330/4/5 3333/4/5
f 3335/7/5 3332/7/5 3331/7/5
f 3336/7/5 3332/7/5 3335/7/5
f 3337/5/5 3334/5/5 3333/5/5
f 3338/5/5 3334/5/5 3337/5/5
f 3339/6/5 3336/6/5 3335/6/5
f 3340/6/5 3336/6/5 3339/6/5
f 3341/6/5 3338/6/5 3337/6/5
f 3342/6/5 3338/6/5 3341/6/5
f 3343/6/5 3338/6/5 3342/6/5
f 3344/7/5 3340/7/5 3339/7/5
f 3345/7/5 3340/7/5 3344/7/5
f 3346/4/5 3343/4/5 3342/4/5
f 3347/4/5 3343/4/5 3346/4/5
f 3348/6/6 3349/6/6 3352/6/6
f 3352/6/6 3349/6/6 3353/6/6
f 3350/7/6 3351/7/6 3354/7/6
f 3354/7/6 3351/7/6 3355/7/6
f 3352/5/6 3353/5/6 3356/5/6
f 3356/5/6 3353/5/6 3357/5/6
f 3354/6/6 3355/6/6 3358/6/6
f 3356/6/6 3357/6/6 3359/6/6
f 3358/6/6 3355/6/6 3360/6/6
f 3356/6/6 3359/6/6 3361/6/6
f 3356/6/6 3361/6/6 3362/6/6
f 3362/6/6 3361/6/6 3363/6/6
f 3360/6/6 3355/6/6 3364/6/6
f 3362/5/6 3363/5/6 3365/5/6
f 3365/5/6 3363/5/6 3366/5/6
f 3364/6/6 3355/6/6 3367/6/6
f 3365/7/6 3366/7/6 3368/7/6
f 3367/6/6 3355/6/6 3369/6/6
f 3369/6/6 3355/6/6 3370/6/6
f 3365/7/6 3368/7/6 3371/7/6
f 3371/7/6 3368/7/6 3372/7/6
f 3369/5/6 3370/5/6 3373/5/6
f 3373/5/6 3370/5/6 3374/5/6
f 3371/6/6 3372/6/6 3375/6/6
f 3375/6/6 3372/6/6 3376/6/6
f 3373/7/6 3374/7/6 3377/7/6
f 3377/7/6 3374/7/6 3378/7/6
f 3375/7/6 3376/7/6 3379/7/6
f 3379/7/6 3376/7/6 3380/7/6
f 3379/5/6 3380/5/6 3381/5/6
f 3377/5/6 3378/5/6 3382/5/6
f 3382/5/6 3378/5/6 3383/5/6
f 3382/7/6 3383/7/6 3384/7/6
f 3384/7/6 3383/7/6 3385/7/6
f 3379/5/6 3381/5/6 3386/5/6
f 3384/6/6 3385/6/6 3387/6/6
f 3387/6/6 3385/6/6 3388/6/6
f 3379/5/6 3386/5/6 3389/5/6
f 3389/5/6 3386/5/6 3390/5/6
f 3387/5/6 3388/5/6 3391/5/6
f 3391/5/6 3388/5/6 3392/5/6
f 3389/6/6 3390/6/6 3393/6/6
f 3393/6/6 3390/6/6 3394/6/6
f 3391/7/6 3392/7/6 3395/7/6
f 3395/7/6 3392/7/6 3396/7/6
f 3393/5/6 3394/5/6 3397/5/6
f 3397/5/6 3394/5/6 3398/5/6
f 3397/6/6 3398/6/6 3399/6/6
f 3395/5/6 3396/5/6 3400/5/6
f 3397/6/6 3399/6/6 3401/6/6
f 3401/6/6 3399/6/6 3402/6/6
f 3400/5/6 3396/5/6 3403/5/6
f 3403/5/6 3396/5/6 3404/5/6
f 3401/7/6 3402/7/6 3405/7/6
f 3405/7/6 3402/7/6 3406/7/6
f 3403/6/6 3404/6/6 3407/6/6
f 3407/6/6 3404/6/6 3408/6/6
f 3408/6/6 3404/6/6 3409/6/6
f 3405/6/6 3406/6/6 3410/6/6
f 3408/4/6 3409/4/6 3411/4/6
f 3411/4/6 3409/4/6 3412/4/6
f 3405/6/6 3410/6/6 3413/6/6
f 3413/6/6 3410/6/6 3414/6/6
f 3411/5/6 3412/5/6 3415/5/6
f 3415/5/6 3412/5/6 3416/5/6
f 3413/7/6 3414/7/6 3417/7/6
f 3415/4/6 3416/4/6 3418/4/6
f 3418/4/6 3416/4/6 3419/4/6
f 3413/7/6 3417/7/6 3420/7/6
f 3420/7/6 3417/7/6 3421/7/6
f 3418/6/6 3419/6/6 3422/6/6
f 3422/6/6 3419/6/6 3423/6/6
f 3420/5/6 3421/5/6 3424/5/6
f 3424/5/6 3421/5/6 3425/5/6
f 3422/4/6 3423/4/6 3426/4/6
f 3426/4/6 3423/4/6 3427/4/6
f 3424/6/6 3425/6/6 3428/6/6
f 3426/6/6 3427/6/6 3429/6/6
f 3429/6/6 3427/6/6 3430/6/6
f 3424/6/6 3428/6/6 3431/6/6
f 3431/6/6 3428/6/6 3432/6/6
f 3429/5/6 3430/5/6 3433/5/6
f 3433/5/6 3430/5/6 3434/5/6
f 3433/6/6 3434/6/6 3435/6/6
f 3435/6/6 3434/6/6 3436/6/6
f 3431/8/6 3432/8/6 3437/8/6
f 3435/4/6 3436/4/6 3438/4/6
f 3438/4/6 3436/4/6 3439/4/6
f 3431/8/6 3437/8/6 3440/8/6
f 3440/8/6 3437/8/6 3441/8/6
f 3438/5/6 3439/5/6 3442/5/6
f 3442/5/6 3439/5/6 3443/5/6
f 3440/7/6 3441/7/6 3444/7/6
f 3444/7/6 3441/7/6 3445/7/6
f 3442/6/6 3443/6/6 3446/6/6
f 3444/6/6 3445/6/6 3447/6/6
f 3447/6/6 3445/6/6 3448/6/6
f 3447/8/6 3448/8/6 3449/8/6
f 3449/8/6 3448/8/6 3450/8/6
f 3446/6/6 3443/6/6 3451/6/6
f 3451/6/6 3443/6/6 3452/6/6
f 3449/7/6 3450/7/6 3453/7/6
f 3453/7/6 3450/7/6 3454/7/6
f 3451/7/6 3452/7/6 3455/7/6
f 3453/6/6 3454/6/6 3456/6/6
f 3456/6/6 3454/6/6 3457/6/6
f 3455/7/6 3452/7/6 3458/7/6
f 3458/7/6 3452/7/6 3459/7/6
f 3456/7/6 3457/7/6 3460/7/6
f 3460/7/6 3457/7/6 3461/7/6
f 3458/5/6 3459/5/6 3462/5/6
f 3460/6/6 3461/6/6 3463/6/6
f 3463/6/6 3461/6/6 3464/6/6
f 3462/5/6 3459/5/6 3465/5/6
f 3463/5/6 3464/5/6 3466/5/6
f 3466/5/6 3464/5/6 3467/5/6
f 3465/5/6 3459/5/6 3468/5/6
f 3468/5/6 3459/5/6 3469/5/6
f 3466/4/6 3467/4/6 3470/4/6
f 3468/6/6 3469/6/6 3471/6/6
f 3471/6/6 3469/6/6 3472/6/6
f 3466/4/6 3470/4/6 3473/4/6
f 3473/4/6 3470/4/6 3474/4/6
f 3471/5/6 3472/5/6 3475/5/6
f 3475/5/6 3472/5/6 3476/5/6
f 3473/6/6 3474/6/6 3477/6/6
f 3477/6/6 3474/6/6 3478/6/6
f 3477/5/6 3478/5/6 3479/5/6
f 3479/5/6 3478/5/6 3480/5/6
f 3475/4/6 3476/4/6 3481/4/6
f 3479/6/6 3480/6/6 3482/6/6
f 3482/6/6 3480/6/6 3483/6/6
f 3481/4/6 3476/4/6 3484/4/6
f 3484/4/6 3476/4/6 3485/4/6
f 3482/5/6 3483/5/6 3486/5/6
f 3484/5/6 3485/5/6 3487/5/6
f 3482/5/6 3486/5/6 3488/5/6
f 3487/5/6 3485/5/6 3489/5/6
f 3489/5/6 3485/5/6 3490/5/6
f 3482/5/6 3488/5/6 3491/5/6
f 3491/5/6 3488/5/6 3492/5/6
f 3489/4/6 3490/4/6 3493/4/6
f 3493/4/6 3490/4/6 3494/4/6
f 3491/4/6 3492/4/6 3495/4/6
f 3495/4/6 3492/4/6 3496/4/6
f 3493/6/6 3494/6/6 3497/6/6
f 3497/6/6 3494/6/6 3498/6/6
f 3495/6/6 3496/6/6 3499/6/6
f 3495/6/6 3499/6/6 3500/6/6
f 3500/6/6 3499/6/6 3501/6/6
f 3497/5/6 3498/5/6 3502/5/6
f 3500/7/6 3501/7/6 3503/7/6
f 3503/7/6 3501/7/6 3504/7/6
f 3502/5/6 3498/5/6 3505/5/6
f 3505/5/6 3498/5/6 3506/5/6
f 3503/6/6 3504/6/6 3507/6/6
f 3505/7/6 3506/7/6 3508/7/6
f 3503/6/6 3507/6/6 3509/6/6
f 3509/6/6 3507/6/6 3510/6/6
f 3508/7/6 3506/7/6 3511/7/6
f 3509/5/6 3510/5/6 3512/5/6
f 3512/5/6 3510/5/6 3513/5/6
f 3511/7/6 3506/7/6 3514/7/6
f 3514/7/6 3506/7/6 3515/7/6
f 3512/7/6 3513/7/6 3516/7/6
f 3516/7/6 3513/7/6 3517/7/6
f 3514/6/6 3515/6/6 3518/6/6
f 3518/6/6 3515/6/6 3519/6/6
f 3518/7/6 3519/7/6 3520/7/6
f 3516/6/6 3517/6/6 3521/6/6
f 3521/6/6 3517/6/6 3522/6/6
f 3520/7/6 3519/7/6 3523/7/6
f 3523/7/6 3519/7/6 3524/7/6
f 3524/7/6 3519/7/6 3525/7/6
f 3524/8/6 3525/8/6 3526/8/6
f 3526/8/6 3525/8/6 3527/8/6
f 3521/5/6 3522/5/6 3528/5/6
f 3528/5/6 3522/5/6 3529/5/6
f 3526/7/6 3527/7/6 3530/7/6
f 3530/7/6 3527/7/6 3531/7/6
f 3528/6/6 3529/6/6 3532/6/6
f 3532/6/6 3529/6/6 3533/6/6
f 3530/6/6 3531/6/6 3534/6/6
f 3534/6/6 3531/6/6 3535/6/6
f 3532/5/6 3533/5/6 3536/5/6
f 3536/5/6 3533/5/6 3537/5/6
f 3534/8/6 3535/8/6 3538/8/6
f 3538/8/6 3535/8/6 3539/8/6
f 3536/7/6 3537/7/6 3540/7/6
f 3540/7/6 3537/7/6 3541/7/6
f 3538/7/6 3539/7/6 3542/7/6
f 3542/7/6 3539/7/6 3543/7/6
f 3540/6/6 3541/6/6 3544/6/6
f 3542/6/6 3543/6/6 3545/6/6
f 3545/6/6 3543/6/6 3546/6/6
f 3540/6/6 3544/6/6 3547/6/6
f 3545/8/6 3546/8/6 3548/8/6
f 3548/8/6 3546/8/6 3549/8/6
f 3540/6/6 3547/6/6 3550/6/6
f 3550/6/6 3547/6/6 3551/6/6
f 3550/5/6 3551/5/6 3552/5/6
f 3552/5/6 3551/5/6 3553/5/6
f 3548/7/6 3549/7/6 3554/7/6
f 3554/7/6 3549/7/6 3555/7/6
f 3552/6/6 3553/6/6 3556/6/6
f 3556/6/6 3553/6/6 3557/6/6
f 3554/8/6 3555/8/6 3558/8/6
f 3558/8/6 3555/8/6 3559/8/6
f 3558/7/6 3559/7/6 3560/7/6
f 3560/7/6 3559/7/6 3561/7/6
f 3556/5/6 3557/5/6 3562/5/6
f 3562/5/6 3557/5/6 3563/5/6
f 3562/6/6 3563/6/6 3564/6/6
f 3564/6/6 3563/6/6 3565/6/6
f 3560/8/6 3561/8/6 3566/8/6
f 3566/8/6 3561/8/6 3567/8/6
f 3564/5/6 3565/5/6 3568/5/6
f 3566/6/6 3567/6/6 3569/6/6
f 3569/6/6 3567/6/6 3570/6/6
f 3564/5/6 3568/5/6 3571/5/6
f 3569/7/6 3570/7/6 3572/7/6
f 3572/7/6 3570/7/6 3573/7/6
f 3573/7/6 3570/7/6 3574/7/6
f 3574/7/6 3570/7/6 3575/7/6
f 3564/5/6 3571/5/6 3576/5/6
f 3576/5/6 3571/5/6 3577/5/6
f 3574/8/6 3575/8/6 3578/8/6
f 3576/4/6 3577/4/6 3579/4/6
f 3579/4/6 3577/4/6 3580/4/6
f 3578/8/6 3575/8/6 3581/8/6
f 3581/8/6 3575/8/6 3582/8/6
f 3579/6/6 3580/6/6 3583/6/6
f 3583/6/6 3580/6/6 3584/6/6
f 3581/7/6 3582/7/6 3585/7/6
f 3585/7/6 3582/7/6 3586/7/6
f 3583/8/6 3584/8/6 3587/8/6
f 3587/8/6 3584/8/6 3588/8/6
f 3587/7/6 3588/7/6 3589/7/6
f 3589/7/6 3588/7/6 3590/7/6
f 3585/8/6 3586/8/6 3591/8/6
f 3591/8/6 3586/8/6 3592/8/6
f 3591/7/6 3592/7/6 3593/7/6
f 3593/7/6 3592/7/6 3594/7/6
f 3589/8/6 3590/8/6 3595/8/6
f 3595/8/6 3590/8/6 3596/8/6
f 3593/8/6 3594/8/6 3597/8/6
f 3597/8/6 3594/8/6 3598/8/6
f 3595/7/6 3596/7/6 3599/7/6
f 3599/7/6 3596/7/6 3600/7/6
f 3597/6/6 3598/6/6 3601/6/6
f 3601/6/6 3598/6/6 3602/6/6
f 3599/6/6 3600/6/6 3603/6/6
f 3603/6/6 3600/6/6 3604/6/6
f 3601/8/6 3602/8/6 3605/8/6
f 3605/8/6 3602/8/6 3606/8/6
f 3603/7/6 3604/7/6 3607/7/6
f 3607/7/6 3604/7/6 3608/7/6
f 3605/7/6 3606/7/6 3609/7/6
f 3607/6/6 3608/6/6 3610/6/6
f 3610/6/6 3608/6/6 3611/6/6
f 3609/7/6 3606/7/6 3612/7/6
f 3610/7/6 3611/7/6 3613/7/6
f 3612/7/6 3606/7/6 3614/7/6
f 3610/7/6 3613/7/6 3615/7/6
f 3615/7/6 3613/7/6 3616/7/6
f 3614/7/6 3606/7/6 3617/7/6
f 3617/7/6 3606/7/6 3618/7/6
f 3617/8/6 3618/8/6 3619/8/6
f 3615/5/6 3616/5/6 3620/5/6
f 3619/8/6 3618/8/6 3621/8/6
f 3621/8/6 3618/8/6 3622/8/6
f 3615/5/6 3620/5/6 3623/5/6
f 3621/6/6 3622/6/6 3624/6/6
f 3624/6/6 3622/6/6 3625/6/6
f 3615/5/6 3623/5/6 3626/5/6
f 3626/5/6 3623/5/6 3627/5/6
f 3624/7/6 3625/7/6 3628/7/6
f 3626/4/6 3627/4/6 3629/4/6
f 3629/4/6 3627/4/6 3630/4/6
f 3628/7/6 3625/7/6 3631/7/6
f 3631/7/6 3625/7/6 3632/7/6
f 3631/8/6 3632/8/6 3633/8/6
f 3633/8/6 3632/8/6 3634/8/6
f 3629/6/6 3630/6/6 3635/6/6
f 3635/6/6 3630/6/6 3636/6/6
f 3635/5/6 3636/5/6 3637/5/6
f 3633/7/6 3634/7/6 3638/7/6
f 3638/7/6 3634/7/6 3639/7/6
f 3635/5/6 3637/5/6 3640/5/6
f 3640/5/6 3637/5/6 3641/5/6
f 3638/8/6 3639/8/6 3642/8/6
f 3642/8/6 3639/8/6 3643/8/6
f 3640/7/6 3641/7/6 3644/7/6
f 3644/7/6 3641/7/6 3645/7/6
f 3642/7/6 3643/7/6 3646/7/6
f 3646/7/6 3643/7/6 3647/7/6
f 3644/8/6 3645/8/6 3648/8/6
f 3646/6/6 3647/6/6 3649/6/6
f 3649/6/6 3647/6/6 3650/6/6
f 3644/8/6 3648/8/6 3651/8/6
f 3649/7/6 3650/7/6 3652/7/6
f 3652/7/6 3650/7/6 3653/7/6
f 3644/8/6 3651/8/6 3654/8/6
f 3654/8/6 3651/8/6 3655/8/6
f 3652/6/6 3653/6/6 3656/6/6
f 3654/6/6 3655/6/6 3657/6/6
f 3657/6/6 3655/6/6 3658/6/6
f 3656/6/6 3653/6/6 3659/6/6
f 3657/7/6 3658/7/6 3660/7/6
f 3659/6/6 3653/6/6 3661/6/6
f 3657/7/6 3660/7/6 3662/7/6
f 3662/7/6 3660/7/6 3663/7/6
f 3662/8/6 3663/8/6 3664/8/6
f 3664/8/6 3663/8/6 3665/8/6
f 3661/6/6 3653/6/6 3666/6/6
f 3666/6/6 3653/6/6 3667/6/6
f 3664/7/6 3665/7/6 3668/7/6
f 3668/7/6 3665/7/6 3669/7/6
f 3666/7/6 3667/7/6 3670/7/6
f 3670/7/6 3667/7/6 3671/7/6
f 3668/8/6 3669/8/6 3672/8/6
f 3672/8/6 3669/8/6 3673/8/6
f 3670/6/6 3671/6/6 3674/6/6
f 3674/6/6 3671/6/6 3675/6/6
f 3672/7/6 3673/7/6 3676/7/6
f 3676/7/6 3673/7/6 3677/7/6
f 3674/7/6 3675/7/6 3678/7/6
f 3678/7/6 3675/7/6 3679/7/6
f 3676/8/6 3677/8/6 3680/8/6
f 3680/8/6 3677/8/6 3681/8/6
f 3678/6/6 3679/6/6 3682/6/6
f 3682/6/6 3679/6/6 3683/6/6
f 3680/6/6 3681/6/6 3684/6/6
f 3684/6/6 3681/6/6 3685/6/6
f 3682/5/6 3683/5/6 3686/5/6
f 3686/5/6 3683/5/6 3687/5/6
f 3684/8/6 3685/8/6 3688/8/6
f 3688/8/6 3685/8/6 3689/8/6
f 3686/7/6 3687/7/6 3690/7/6
f 3690/7/6 3687/7/6 3691/7/6
f 3690/8/6 3691/8/6 3692/8/6
f 3692/8/6 3691/8/6 3693/8/6
f 3692/7/6 3693/7/6 3694/7/6
f 3688/7/6 3689/7/6 3695/7/6
f 3694/7/6 3693/7/6 3696/7/6
f 3688/7/6 3695/7/6 3697/7/6
f 3697/7/6 3695/7/6 3698/7/6
f 3696/7/6 3693/7/6 3699/7/6
f 3699/7/6 3693/7/6 3700/7/6
f 3697/8/6 3698/8/6 3701/8/6
f 3701/8/6 3698/8/6 3702/8/6
f 3699/6/6 3700/6/6 3703/6/6
f 3703/6/6 3700/6/6 3704/6/6
f 3701/6/6 3702/6/6 3705/6/6
f 3705/6/6 3702/6/6 3706/6/6
f 3705/7/6 3706/7/6 3707/7/6
f 3703/8/6 3704/8/6 3708/8/6
f 3708/8/6 3704/8/6 3709/8/6
f 3705/7/6 3707/7/6 3710/7/6
f 3708/7/6 3709/7/6 3711/7/6
f 3705/7/6 3710/7/6 3712/7/6
f 3712/7/6 3710/7/6 3713/7/6
f 3711/7/6 3709/7/6 3714/7/6
f 3714/7/6 3709/7/6 3715/7/6
f 3714/6/6 3715/6/6 3716/6/6
f 3712/8/6 3713/8/6 3717/8/6
f 3717/8/6 3713/8/6 3718/8/6
f 3716/6/6 3715/6/6 3719/6/6
f 3719/6/6 3715/6/6 3720/6/6
f 3717/6/6 3718/6/6 3721/6/6
f 3721/6/6 3718/6/6 3722/6/6
f 3719/5/6 3720/5/6 3723/5/6
f 3723/5/6 3720/5/6 3724/5/6
f 3721/8/6 3722/8/6 3725/8/6
f 3725/8/6 3722/8/6 3726/8/6
f 3723/4/6 3724/4/6 3727/4/6
f 3725/7/6 3726/7/6 3728/7/6
f 3728/7/6 3726/7/6 3729/7/6
f 3727/4/6 3724/4/6 3730/4/6
f 3730/4/6 3724/4/6 3731/4/6
f 3728/6/6 3729/6/6 3732/6/6
f 3732/6/6 3729/6/6 3733/6/6
f 3730/5/6 3731/5/6 3734/5/6
f 3734/5/6 3731/5/6 3735/5/6
f 3736/5/6 3737/5/6 3740/5/6
f 3740/5/6 3737/5/6 3741/5/6
f 3741/5/6 3737/5/6 3742/5/6
f 3737/6/6 3738/6/6 3743/6/6
f 3742/5/6 3737/5/6 3743/5/6
f 3743/6/6 3738/6/6 3744/6/6
f 3738/7/6 3739/7/6 3745/7/6
f 3744/6/6 3738/6/6 3745/6/6
f 3745/7/6 3739/7/6 3746/7/6
f 3740/6/6 3741/6/6 3747/6/6
f 3741/5/6 3742/5/6 3748/5/6
f 3747/6/6 3741/6/6 3748/6/6
f 3743/7/6 3744/7/6 3749/7/6
f 3748/5/6 3742/5/6 3749/5/6
f 3742/7/6 3743/7/6 3749/7/6
f 3749/7/6 3744/7/6 3750/7/6
f 3744/8/6 3745/8/6 3751/8/6
f 3750/7/6 3744/7/6 3751/7/6
f 3745/6/6 3746/6/6 3752/6/6
f 3751/8/6 3745/8/6 3752/8/6
f 3752/6/6 3746/6/6 3753/6/6
f 3747/5/6 3748/5/6 3754/5/6
f 3748/6/6 3749/6/6 3755/6/6
f 3754/5/6 3748/5/6 3755/5/6
f 3749/5/6 3750/5/6 3756/5/6
f 3755/6/6 3749/6/6 3756/6/6
f 3750/7/6 3751/7/6 3757/7/6
f 3756/5/6 3750/5/6 3757/5/6
f 3751/7/6 3752/7/6 3757/7/6
f 3752/7/6 3753/7/6 3757/7/6
f 3757/7/6 3753/7/6 3758/7/6
f 3758/7/6 3753/7/6 3759/7/6
f 3759/7/6 3753/7/6 3760/7/6
f 3755/6/6 3756/6/6 3761/6/6
f 3754/6/6 3755/6/6 3761/6/6
f 3756/7/6 3757/7/6 3762/7/6
f 3761/6/6 3756/6/6 3762/6/6
f 3757/5/6 3758/5/6 3763/5/6
f 3762/7/6 3757/7/6 3763/7/6
f 3758/7/6 3759/7/6 3764/7/6
f 3763/5/6 3758/5/6 3764/5/6
f 3761/4/6 3762/4/6 3765/4/6
f 3765/4/6 3762/4/6 3766/4/6
f 3759/6/6 3760/6/6 3767/6/6
f 3764/7/6 3759/7/6 3767/7/6
f 3763/7/6 3764/7/6 3767/7/6
f 3767/6/6 3760/6/6 3768/6/6
f 3765/5/6 3766/5/6 3769/5/6
f 3766/4/6 3762/4/6 3770/4/6
f 3769/5/6 3766/5/6 3770/5/6
f 3762/6/6 3763/6/6 3771/6/6
f 3770/4/6 3762/4/6 3771/4/6
f 3763/7/6 3767/7/6 3772/7/6
f 3767/7/6 3768/7/6 3772/7/6
f 3772/7/6 3768/7/6 3773/7/6
f 3769/6/6 3770/6/6 3774/6/6
f 3770/6/6 3771/6/6 3774/6/6
f 3774/6/6 3771/6/6 3775/6/6
f 3771/6/6 3763/6/6 3776/6/6
f 3775/6/6 3771/6/6 3776/6/6
f 3763/7/6 3772/7/6 3776/7/6
f 3772/5/6 3773/5/6 3777/5/6
f 3776/7/6 3772/7/6 3777/7/6
f 3777/5/6 3773/5/6 3778/5/6
f 3778/5/6 3773/5/6 3779/5/6
f 3774/8/6 3775/8/6 3780/8/6
f 3775/6/6 3776/6/6 3781/6/6
f 3780/8/6 3775/8/6 3781/8/6
f 3776/6/6 3777/6/6 3781/6/6
f 3781/6/6 3777/6/6 3782/6/6
f 3782/6/6 3777/6/6 3783/6/6
f 3777/4/6 3778/4/6 3784/4/6
f 3783/6/6 3777/6/6 3784/6/6
f 3778/7/6 3779/7/6 3785/7/6
f 3784/4/6 3778/4/6 3785/4/6
f 3785/7/6 3779/7/6 3786/7/6
f 3782/6/6 3783/6/6 3787/6/6
f 3781/5/6 3782/5/6 3787/5/6
f 3783/7/6 3784/7/6 3788/7/6
f 3787/6/6 3783/6/6 3788/6/6
f 3785/5/6 3786/5/6 3789/5/6
f 3784/5/6 3785/5/6 3789/5/6
f 3789/5/6 3786/5/6 3790/5/6
f 3780/7/6 3781/7/6 3791/7/6
f 3781/5/6 3787/5/6 3792/5/6
f 3791/7/6 3781/7/6 3792/7/6
f 3787/7/6 3788/7/6 3793/7/6
f 3792/5/6 3787/5/6 3793/5/6
f 3788/7/6 3784/7/6 3794/7/6
f 3793/7/6 3788/7/6 3794/7/6
f 3784/5/6 3789/5/6 3794/5/6
f 3789/6/6 3790/6/6 3795/6/6
f 3794/5/6 3789/5/6 3795/5/6
f 3791/8/6 3792/8/6 3796/8/6
f 3792/6/6 3793/6/6 3797/6/6
f 3796/8/6 3792/8/6 3797/8/6
f 3793/7/6 3794/7/6 3798/7/6
f 3797/6/6 3793/6/6 3798/6/6
f 3798/7/6 3794/7/6 3799/7/6
f 3794/6/6 3795/6/6 3800/6/6
f 3799/7/6 3794/7/6 3800/7/6
f 3795/6/6 3790/6/6 3801/6/6
f 3800/6/6 3795/6/6 3801/6/6
f 3796/7/6 3797/7/6 3802/7/6
f 3798/6/6 3799/6/6 3802/6/6
f 3797/6/6 3798/6/6 3802/6/6
f 3802/6/6 3799/6/6 3803/6/6
f 3799/8/6 3800/8/6 3804/8/6
f 3803/6/6 3799/6/6 3804/6/6
f 3800/5/6 3801/5/6 3805/5/6
f 3804/8/6 3800/8/6 3805/8/6
f 3801/6/6 3790/6/6 3806/6/6
f 3805/5/6 3801/5/6 3806/5/6
f 3806/6/6 3790/6/6 3807/6/6
f 3796/7/6 3802/7/6 3808/7/6
f 3802/5/6 3803/5/6 3809/5/6
f 3808/7/6 3802/7/6 3809/7/6
f 3808/6/6 3809/6/6 3810/6/6
f 3809/5/6 3803/5/6 3811/5/6
f 3810/6/6 3809/6/6 3811/6/6
f 3803/8/6 3804/8/6 3812/8/6
f 3811/5/6 3803/5/6 3812/5/6
f 3804/7/6 3805/7/6 3813/7/6
f 3812/8/6 3804/8/6 3813/8/6
f 3805/5/6 3806/5/6 3814/5/6
f 3813/7/6 3805/7/6 3814/7/6
f 3806/5/6 3807/5/6 3814/5/6
f 3814/5/6 3807/5/6 3815/5/6
f 3810/7/6 3811/7/6 3816/7/6
f 3811/4/6 3812/4/6 3817/4/6
f 3816/7/6 3811/7/6 3817/7/6
f 3812/7/6 3813/7/6 3818/7/6
f 3817/4/6 3812/4/6 3818/4/6
f 3813/6/6 3814/6/6 3819/6/6
f 3818/7/6 3813/7/6 3819/7/6
f 3814/6/6 3815/6/6 3819/6/6
f 3819/6/6 3815/6/6 3820/6/6
f 3820/6/6 3815/6/6 3821/6/6
f 3816/6/6 3817/6/6 3822/6/6
f 3817/5/6 3818/5/6 3823/5/6
f 3822/6/6 3817/6/6 3823/6/6
f 3818/6/6 3819/6/6 3824/6/6
f 3823/5/6 3818/5/6 3824/5/6
f 3819/7/6 3820/7/6 3825/7/6
f 3824/6/6 3819/6/6 3825/6/6
f 3820/5/6 3821/5/6 3826/5/6
f 3825/7/6 3820/7/6 3826/7/6
f 3826/5/6 3821/5/6 3827/5/6
f 3822/4/6 3823/4/6 3828/4/6
f 3823/5/6 3824/5/6 3829/5/6
f 3828/4/6 3823/4/6 3829/4/6
f 3824/7/6 3825/7/6 3830/7/6
f 3829/5/6 3824/5/6 3830/5/6
f 3825/6/6 3826/6/6 3831/6/6
f 3830/7/6 3825/7/6 3831/7/6
f 3826/6/6 3827/6/6 3831/6/6
f 3831/6/6 3827/6/6 3832/6/6
f 3827/5/6 3821/5/6 3833/5/6
f 3832/6/6 3827/6/6 3833/6/6
f 3833/5/6 3821/5/6 3834/5/6
f 3828/5/6 3829/5/6 3835/5/6
f 3831/7/6 3832/7/6 3836/7/6
f 3835/5/6 3829/5/6 3836/5/6
f 3829/7/6 3830/7/6 3836/7/6
f 3830/7/6 3831/7/6 3836/7/6
f 3836/7/6 3832/7/6 3837/7/6
f 3835/4/6 3836/4/6 3838/4/6
f 3836/5/6 3837/5/6 3839/5/6
f 3838/4/6 3836/4/6 3839/4/6
f 3837/7/6 3832/7/6 3840/7/6
f 3839/5/6 3837/5/6 3840/5/6
f 3832/5/6 3833/5/6 3841/5/6
f 3840/7/6 3832/7/6 3841/7/6
f 3833/6/6 3834/6/6 3842/6/6
f 3841/5/6 3833/5/6 3842/5/6
f 3842/6/6 3834/6/6 3843/6/6
f 3840/6/6 3841/6/6 3844/6/6
f 3839/6/6 3840/6/6 3844/6/6
f 3844/6/6 3841/6/6 3845/6/6
f 3842/7/6 3843/7/6 3846/7/6
f 3845/6/6 3841/6/6 3846/6/6
f 3841/7/6 3842/7/6 3846/7/6
f 3846/7/6 3843/7/6 3847/7/6
f 3838/5/6 3839/5/6 3848/5/6
f 3839/6/6 3844/6/6 3849/6/6
f 3848/5/6 3839/5/6 3849/5/6
f 3844/7/6 3845/7/6 3850/7/6
f 3849/6/6 3844/6/6 3850/6/6
f 3845/6/6 3846/6/6 3851/6/6
f 3850/7/6 3845/7/6 3851/7/6
f 3846/6/6 3847/6/6 3851/6/6
f 3851/6/6 3847/6/6 3852/6/6
f 3848/6/6 3849/6/6 3853/6/6
f 3849/5/6 3850/5/6 3853/5/6
f 3850/5/6 3851/5/6 3853/5/6
f 3851/7/6 3852/7/6 3854/7/6
f 3853/5/6 3851/5/6 3854/5/6
f 3854/7/6 3852/7/6 3855/7/6
f 3852/6/6 3847/6/6 3856/6/6
f 3855/7/6 3852/7/6 3856/7/6
f 3856/6/6 3847/6/6 3857/6/6
f 3848/6/6 3853/6/6 3858/6/6
f 3853/6/6 3854/6/6 3858/6/6
f 3858/6/6 3854/6/6 3859/6/6
f 3854/7/6 3855/7/6 3860/7/6
f 3859/6/6 3854/6/6 3860/6/6
f 3856/5/6 3857/5/6 3861/5/6
f 3860/7/6 3855/7/6 3861/7/6
f 3855/5/6 3856/5/6 3861/5/6
f 3861/5/6 3857/5/6 3862/5/6
f 3859/6/6 3860/6/6 3863/6/6
f 3860/6/6 3861/6/6 3863/6/6
f 3861/7/6 3862/7/6 3864/7/6
f 3863/6/6 3861/6/6 3864/6/6
f 3862/5/6 3857/5/6 3865/5/6
f 3864/7/6 3862/7/6 3865/7/6
f 3865/5/6 3857/5/6 3866/5/6
f 3859/6/6 3863/6/6 3867/6/6
f 3863/7/6 3864/7/6 3868/7/6
f 3867/6/6 3863/6/6 3868/6/6
f 3864/6/6 3865/6/6 3869/6/6
f 3868/7/6 3864/7/6 3869/7/6
f 3865/6/6 3866/6/6 3869/6/6
f 3869/6/6 3866/6/6 3870/6/6
f 3858/5/6 3859/5/6 3871/5/6
f 3859/6/6 3867/6/6 3872/6/6
f 3871/5/6 3859/5/6 3872/5/6
f 3867/7/6 3868/7/6 3873/7/6
f 3872/6/6 3867/6/6 3873/6/6
f 3868/6/6 3869/6/6 3874/6/6
f 3873/7/6 3868/7/6 3874/7/6
f 3869/7/6 3870/7/6 3875/7/6
f 3874/6/6 3869/6/6 3875/6/6
f 3870/6/6 3866/6/6 3876/6/6
f 3875/7/6 3870/7/6 3876/7/6
f 3876/6/6 3866/6/6 3877/6/6
f 3871/4/6 3872/4/6 3878/4/6
f 3872/5/6 3873/5/6 3879/5/6
f 3878/4/6 3872/4/6 3879/4/6
f 3873/7/6 3874/7/6 3880/7/6
f 3879/5/6 3873/5/6 3880/5/6
f 3874/5/6 3875/5/6 3881/5/6
f 3880/7/6 3874/7/6 3881/7/6
f 3879/6/6 3880/6/6 3882/6/6
f 3880/6/6 3881/6/6 3882/6/6
f 3881/5/6 3875/5/6 3883/5/6
f 3882/6/6 3881/6/6 3883/6/6
f 3875/6/6 3876/6/6 3884/6/6
f 3883/5/6 3875/5/6 3884/5/6
f 3878/5/6 3879/5/6 3885/5/6
f 3879/6/6 3882/6/6 3886/6/6
f 3885/5/6 3879/5/6 3886/5/6
f 3882/5/6 3883/5/6 3887/5/6
f 3886/6/6 3882/6/6 3887/6/6
f 3883/6/6 3884/6/6 3888/6/6
f 3887/5/6 3883/5/6 3888/5/6
f 3884/6/6 3876/6/6 3889/6/6
f 3888/6/6 3884/6/6 3889/6/6
f 3876/4/6 3877/4/6 3889/4/6
f 3889/4/6 3877/4/6 3890/4/6
f 3887/7/6 3888/7/6 3891/7/6
f 3885/6/6 3886/6/6 3891/6/6
f 3886/7/6 3887/7/6 3891/7/6
f 3891/7/6 3888/7/6 3892/7/6
f 3888/5/6 3889/5/6 3893/5/6
f 3892/7/6 3888/7/6 3893/7/6
f 3893/5/6 3889/5/6 3894/5/6
f 3889/6/6 3890/6/6 3895/6/6
f 3894/5/6 3889/5/6 3895/5/6
f 3891/5/6 3892/5/6 3896/5/6
f 3885/6/6 3891/6/6 3896/6/6
f 3892/7/6 3893/7/6 3897/7/6
f 3896/5/6 3892/5/6 3897/5/6
f 3893/4/6 3894/4/6 3898/4/6
f 3897/7/6 3893/7/6 3898/7/6
f 3894/7/6 3895/7/6 3899/7/6
f 3898/4/6 3894/4/6 3899/4/6
f 3895/6/6 3890/6/6 3900/6/6
f 3899/7/6 3895/7/6 3900/7/6
f 3900/6/6 3890/6/6 3901/6/6
f 3896/6/6 3897/6/6 3902/6/6
f 3885/6/6 3896/6/6 3902/6/6
f 3902/6/6 3897/6/6 3903/6/6
f 3897/8/6 3898/8/6 3904/8/6
f 3903/6/6 3897/6/6 3904/6/6
f 3898/5/6 3899/5/6 3905/5/6
f 3904/8/6 3898/8/6 3905/8/6
f 3900/5/6 3901/5/6 3905/5/6
f 3899/5/6 3900/5/6 3905/5/6
f 3905/5/6 3901/5/6 3906/5/6
f 3906/5/6 3901/5/6 3907/5/6
f 3902/5/6 3903/5/6 3908/5/6
f 3903/6/6 3904/6/6 3909/6/6
f 3908/5/6 3903/5/6 3909/5/6
f 3904/7/6 3905/7/6 3910/7/6
f 3909/6/6 3904/6/6 3910/6/6
f 3905/5/6 3906/5/6 3911/5/6
f 3910/7/6 3905/7/6 3911/7/6
f 3906/7/6 3907/7/6 3912/7/6
f 3911/5/6 3906/5/6 3912/5/6
f 3907/5/6 3901/5/6 3913/5/6
f 3912/7/6 3907/7/6 3913/7/6
f 3908/6/6 3909/6/6 3914/6/6
f 3909/7/6 3910/7/6 3915/7/6
f 3914/6/6 3909/6/6 3915/6/6
f 3910/8/6 3911/8/6 3916/8/6
f 3915/7/6 3910/7/6 3916/7/6
f 3911/6/6 3912/6/6 3917/6/6
f 3916/8/6 3911/8/6 3917/8/6
f 3912/6/6 3913/6/6 3917/6/6
f 3917/6/6 3913/6/6 3918/6/6
f 3913/5/6 3901/5/6 3919/5/6
f 3918/6/6 3913/6/6 3919/6/6
f 3919/5/6 3901/5/6 3920/5/6
f 3915/5/6 3916/5/6 3921/5/6
f 3914/5/6 3915/5/6 3921/5/6
f 3921/5/6 3916/5/6 3922/5/6
f 3917/4/6 3918/4/6 3923/4/6
f 3916/8/6 3917/8/6 3923/8/6
f 3919/6/6 3920/6/6 3924/6/6
f 3923/4/6 3918/4/6 3924/4/6
f 3918/6/6 3919/6/6 3924/6/6
f 3924/6/6 3920/6/6 3925/6/6
f 3925/6/6 3920/6/6 3926/6/6
f 3922/5/6 3916/5/6 3927/5/6
f 3921/6/6 3922/6/6 3927/6/6
f 3916/8/6 3923/8/6 3928/8/6
f 3927/5/6 3916/5/6 3928/5/6
f 3923/5/6 3924/5/6 3929/5/6
f 3928/8/6 3923/8/6 3929/8/6
f 3924/6/6 3925/6/6 3930/6/6
f 3929/5/6 3924/5/6 3930/5/6
f 3925/4/6 3926/4/6 3931/4/6
f 3930/6/6 3925/6/6 3931/6/6
f 3931/4/6 3926/4/6 3932/4/6
f 3921/6/6 3927/6/6 3933/6/6
f 3927/6/6 3928/6/6 3933/6/6
f 3928/6/6 3929/6/6 3933/6/6
f 3933/6/6 3929/6/6 3934/6/6
f 3929/8/6 3930/8/6 3935/8/6
f 3934/6/6 3929/6/6 3935/6/6
f 3931/6/6 3932/6/6 3936/6/6
f 3935/8/6 3930/8/6 3936/8/6
f 3930/6/6 3931/6/6 3936/6/6
f 3936/6/6 3932/6/6 3937/6/6
f 3937/6/6 3932/6/6 3938/6/6
f 3933/5/6 3934/5/6 3939/5/6
f 3934/8/6 3935/8/6 3939/8/6
f 3939/8/6 3935/8/6 3940/8/6
f 3935/6/6 3936/6/6 3941/6/6
f 3940/8/6 3935/8/6 3941/8/6
f 3936/7/6 3937/7/6 3942/7/6
f 3941/6/6 3936/6/6 3942/6/6
f 3937/5/6 3938/5/6 3943/5/6
f 3942/7/6 3937/7/6 3943/7/6
f 3933/5/6 3939/5/6 3944/5/6
f 3939/6/6 3940/6/6 3945/6/6
f 3944/5/6 3939/5/6 3945/5/6
f 3941/8/6 3942/8/6 3946/8/6
f 3945/6/6 3940/6/6 3946/6/6
f 3940/8/6 3941/8/6 3946/8/6
f 3946/8/6 3942/8/6 3947/8/6
f 3942/6/6 3943/6/6 3948/6/6
f 3947/8/6 3942/8/6 3948/8/6
f 3943/5/6 3938/5/6 3949/5/6
f 3948/6/6 3943/6/6 3949/6/6
f 3949/5/6 3938/5/6 3950/5/6
f 3944/6/6 3945/6/6 3951/6/6
f 3945/8/6 3946/8/6 3951/8/6
f 3946/5/6 3947/5/6 3952/5/6
f 3951/8/6 3946/8/6 3952/8/6
f 3947/6/6 3948/6/6 3953/6/6
f 3949/6/6 3950/6/6 3953/6/6
f 3948/6/6 3949/6/6 3953/6/6
f 3953/6/6 3950/6/6 3954/6/6
f 3947/6/6 3953/6/6 3955/6/6
f 3953/7/6 3954/7/6 3955/7/6
f 3954/6/6 3950/6/6 3956/6/6
f 3955/7/6 3954/7/6 3956/7/6
f 3955/6/6 3956/6/6 3957/6/6
f 3956/6/6 3950/6/6 3957/6/6
f 3957/6/6 3950/6/6 3958/6/6
f 3944/6/6 3951/6/6 3959/6/6
f 3951/7/6 3952/7/6 3960/7/6
f 3959/6/6 3951/6/6 3960/6/6
f 3952/5/6 3947/5/6 3961/5/6
f 3960/7/6 3952/7/6 3961/7/6
f 3947/6/6 3955/6/6 3962/6/6
f 3961/5/6 3947/5/6 3962/5/6
f 3955/6/6 3957/6/6 3962/6/6
f 3962/6/6 3957/6/6 3963/6/6
f 3957/7/6 3958/7/6 3964/7/6
f 3963/6/6 3957/6/6 3964/6/6
f 3959/5/6 3960/5/6 3965/5/6
f 3960/8/6 3961/8/6 3966/8/6
f 3965/5/6 3960/5/6 3966/5/6
f 3961/5/6 3962/5/6 3967/5/6
f 3966/8/6 3961/8/6 3967/8/6
f 3962/7/6 3963/7/6 3968/7/6
f 3967/5/6 3962/5/6 3968/5/6
f 3963/5/6 3964/5/6 3969/5/6
f 3968/7/6 3963/7/6 3969/7/6
f 3964/7/6 3958/7/6 3970/7/6
f 3969/5/6 3964/5/6 3970/5/6
f 3970/7/6 3958/7/6 3971/7/6
f 3965/6/6 3966/6/6 3972/6/6
f 3966/7/6 3967/7/6 3973/7/6
f 3972/6/6 3966/6/6 3973/6/6
f 3967/4/6 3968/4/6 3974/4/6
f 3973/7/6 3967/7/6 3974/7/6
f 3968/6/6 3969/6/6 3975/6/6
f 3974/4/6 3968/4/6 3975/4/6
f 3969/6/6 3970/6/6 3975/6/6
f 3970/6/6 3971/6/6 3975/6/6
f 3973/7/6 3974/7/6 3976/7/6
f 3972/7/6 3973/7/6 3976/7/6
f 3974/5/6 3975/5/6 3977/5/6
f 3976/7/6 3974/7/6 3977/7/6
f 3975/6/6 3971/6/6 3978/6/6
f 3977/5/6 3975/5/6 3978/5/6
f 3978/6/6 3971/6/6 3979/6/6
f 3972/7/6 3976/7/6 3980/7/6
f 3976/6/6 3977/6/6 3981/6/6
f 3980/7/6 3976/7/6 3981/7/6
f 3977/5/6 3978/5/6 3982/5/6
f 3981/6/6 3977/6/6 3982/6/6
f 3978/7/6 3979/7/6 3983/7/6
f 3982/5/6 3978/5/6 3983/5/6
f 3980/6/6 3981/6/6 3984/6/6
f 3981/6/6 3982/6/6 3984/6/6
f 3982/6/6 3983/6/6 3984/6/6
f 3984/6/6 3983/6/6 3985/6/6
f 3983/7/6 3979/7/6 3986/7/6
f 3985/6/6 3983/6/6 3986/6/6
f 3986/7/6 3979/7/6 3987/7/6
f 3979/6/6 3971/6/6 3988/6/6
f 3987/7/6 3979/7/6 3988/7/6
f 3984/7/6 3985/7/6 3989/7/6
f 3989/7/6 3985/7/6 3990/7/6
f 3988/6/6 3971/6/6 3991/6/6
f 3987/6/6 3988/6/6 3991/6/6
f 3991/6/6 3971/6/6 3992/6/6
f 3990/7/6 3985/7/6 3993/7/6
f 3989/6/6 3990/6/6 3993/6/6
f 3985/5/6 3986/5/6 3994/5/6
f 3993/7/6 3985/7/6 3994/7/6
f 3986/7/6 3987/7/6 3995/7/6
f 3994/5/6 3986/5/6 3995/5/6
f 3987/6/6 3991/6/6 3996/6/6
f 3995/7/6 3987/7/6 3996/7/6
f 3991/7/6 3992/7/6 3997/7/6
f 3996/6/6 3991/6/6 3997/6/6
f 3997/7/6 3992/7/6 3998/7/6
f 3989/6/6 3993/6/6 3999/6/6
f 3993/8/6 3994/8/6 4000/8/6
f 3999/6/6 3993/6/6 4000/6/6
f 3995/5/6 3996/5/6 4001/5/6
f 4000/8/6 3994/8/6 4001/8/6
f 3994/5/6 3995/5/6 4001/5/6
f 3996/6/6 3997/6/6 4002/6/6
f 4001/5/6 3996/5/6 4002/5/6
f 3997/5/6 3998/5/6 4003/5/6
f 4002/6/6 3997/6/6 4003/6/6
f 4003/5/6 3998/5/6 4004/5/6
f 3999/7/6 4000/7/6 4005/7/6
f 4000/8/6 4001/8/6 4005/8/6
f 4001/6/6 4002/6/6 4006/6/6
f 4005/8/6 4001/8/6 4006/8/6
f 4003/6/6 4004/6/6 4006/6/6
f 4002/6/6 4003/6/6 4006/6/6
f 4006/6/6 4004/6/6 4007/6/6
f 4007/6/6 4004/6/6 4008/6/6
f 3999/7/6 4005/7/6 4009/7/6
f 4005/7/6 4006/7/6 4009/7/6
f 4009/7/6 4006/7/6 4010/7/6
f 4006/6/6 4007/6/6 4011/6/6
f 4011/6/6 4007/6/6 4012/6/6
f 4010/7/6 4006/7/6 4013/7/6
f 4006/6/6 4011/6/6 4013/6/6
f 4011/5/6 4012/5/6 4014/5/6
f 4013/6/6 4011/6/6 4014/6/6
f 4012/6/6 4007/6/6 4015/6/6
f 4014/5/6 4012/5/6 4015/5/6
f 4007/5/6 4008/5/6 4016/5/6
f 4015/6/6 4007/6/6 4016/6/6
f 4016/5/6 4008/5/6 4017/5/6
f 4014/5/6 4015/5/6 4018/5/6
f 4013/5/6 4014/5/6 4018/5/6
f 4016/6/6 4017/6/6 4018/6/6
f 4015/5/6 4016/5/6 4018/5/6
f 4018/6/6 4017/6/6 4019/6/6
f 4010/7/6 4013/7/6 4020/7/6
f 4009/6/6 4010/6/6 4020/6/6
f 4013/5/6 4018/5/6 4021/5/6
f 4020/7/6 4013/7/6 4021/7/6
f 4021/5/6 4018/5/6 4022/5/6
f 4022/5/6 4018/5/6 4023/5/6
f 4018/4/6 4019/4/6 4024/4/6
f 4023/5/6 4018/5/6 4024/5/6
f 4024/4/6 4019/4/6 4025/4/6
f 4009/6/6 4020/6/6 4026/6/6
f 4020/8/6 4021/8/6 4026/8/6
f 4021/4/6 4022/4/6 4027/4/6
f 4026/8/6 4021/8/6 4027/8/6
f 4022/7/6 4023/7/6 4028/7/6
f 4027/4/6 4022/4/6 4028/4/6
f 4024/6/6 4025/6/6 4029/6/6
f 4028/7/6 4023/7/6 4029/7/6
f 4023/6/6 4024/6/6 4029/6/6
f 4029/6/6 4025/6/6 4030/6/6
f 4030/6/6 4025/6/6 4031/6/6
f 4026/7/6 4027/7/6 4032/7/6
f 4009/6/6 4026/6/6 4032/6/6
f 4027/6/6 4028/6/6 4033/6/6
f 4032/7/6 4027/7/6 4033/7/6
f 4028/6/6 4029/6/6 4033/6/6
f 4033/6/6 4029/6/6 4034/6/6
f 4029/5/6 4030/5/6 4035/5/6
f 4034/6/6 4029/6/6 4035/6/6
f 4030/7/6 4031/7/6 4036/7/6
f 4035/5/6 4030/5/6 4036/5/6
f 4036/7/6 4031/7/6 4037/7/6
f 4009/6/6 4032/6/6 4038/6/6
f 4032/8/6 4033/8/6 4038/8/6
f 4033/5/6 4034/5/6 4039/5/6
f 4038/8/6 4033/8/6 4039/8/6
f 4038/6/6 4039/6/6 4040/6/6
f 4039/5/6 4034/5/6 4040/5/6
f 4034/6/6 4035/6/6 4041/6/6
f 4040/5/6 4034/5/6 4041/5/6
f 4036/6/6 4037/6/6 4041/6/6
f 4035/6/6 4036/6/6 4041/6/6
f 4041/6/6 4037/6/6 4042/6/6
f 4042/6/6 4037/6/6 4043/6/6
f 4038/6/6 4040/6/6 4044/6/6
f 4009/6/6 4038/6/6 4044/6/6
f 4040/6/6 4041/6/6 4044/6/6
f 4041/6/6 4042/6/6 4044/6/6
f 4044/6/6 4042/6/6 4045/6/6
f 4045/6/6 4042/6/6 4046/6/6
f 4042/7/6 4043/7/6 4047/7/6
f 4046/6/6 4042/6/6 4047/6/6
f 4047/7/6 4043/7/6 4048/7/6
f 4009/6/6 4044/6/6 4049/6/6
f 4044/8/6 4045/8/6 4050/8/6
f 4049/6/6 4044/6/6 4050/6/6
f 4045/5/6 4046/5/6 4051/5/6
f 4050/8/6 4045/8/6 4051/8/6
f 4051/5/6 4046/5/6 4052/5/6
f 4046/6/6 4047/6/6 4053/6/6
f 4052/5/6 4046/5/6 4053/5/6
f 4047/6/6 4048/6/6 4053/6/6
f 4053/6/6 4048/6/6 4054/6/6
f 4049/5/6 4050/5/6 4055/5/6
f 4051/6/6 4052/6/6 4056/6/6
f 4055/5/6 4050/5/6 4056/5/6
f 4050/6/6 4051/6/6 4056/6/6
f 4052/5/6 4053/5/6 4057/5/6
f 4056/6/6 4052/6/6 4057/6/6
f 4053/7/6 4054/7/6 4058/7/6
f 4057/5/6 4053/5/6 4058/5/6
f 4058/7/6 4054/7/6 4059/7/6
f 4059/7/6 4054/7/6 4060/7/6
f 4055/6/6 4056/6/6 4061/6/6
f 4056/7/6 4057/7/6 4062/7/6
f 4061/6/6 4056/6/6 4062/6/6
f 4062/7/6 4057/7/6 4063/7/6
f 4057/5/6 4058/5/6 4064/5/6
f 4063/7/6 4057/7/6 4064/7/6
f 4058/6/6 4059/6/6 4065/6/6
f 4064/5/6 4058/5/6 4065/5/6
f 4059/5/6 4060/5/6 4066/5/6
f 4065/6/6 4059/6/6 4066/6/6
f 4061/5/6 4062/5/6 4067/5/6
f 4062/7/6 4063/7/6 4068/7/6
f 4067/5/6 4062/5/6 4068/5/6
f 4063/6/6 4064/6/6 4069/6/6
f 4068/7/6 4063/7/6 4069/7/6
f 4064/5/6 4065/5/6 4070/5/6
f 4069/6/6 4064/6/6 4070/6/6
f 4065/5/6 4066/5/6 4070/5/6
f 4067/6/6 4068/6/6 4071/6/6
f 4068/6/6 4069/6/6 4071/6/6
f 4071/6/6 4069/6/6 4072/6/6
f 4069/5/6 4070/5/6 4073/5/6
f 4072/6/6 4069/6/6 4073/6/6
f 4070/5/6 4066/5/6 4074/5/6
f 4073/5/6 4070/5/6 4074/5/6
f 4074/5/6 4066/5/6 4075/5/6
f 4066/5/6 4060/5/6 4076/5/6
f 4075/5/6 4066/5/6 4076/5/6
f 4076/5/6 4060/5/6 4077/5/6
f 4071/5/6 4072/5/6 4078/5/6
f 4072/7/6 4073/7/6 4079/7/6
f 4078/5/6 4072/5/6 4079/5/6
f 4073/6/6 4074/6/6 4080/6/6
f 4079/7/6 4073/7/6 4080/7/6
f 4075/6/6 4076/6/6 4081/6/6
f 4076/8/6 4077/8/6 4081/8/6
f 4081/8/6 4077/8/6 4082/8/6
f 4078/6/6 4079/6/6 4083/6/6
f 4079/6/6 4080/6/6 4083/6/6
f 4080/6/6 4074/6/6 4084/6/6
f 4083/6/6 4080/6/6 4084/6/6
f 4074/4/6 4075/4/6 4085/4/6
f 4084/6/6 4074/6/6 4085/6/6
f 4075/6/6 4081/6/6 4086/6/6
f 4085/4/6 4075/4/6 4086/4/6
f 4081/7/6 4082/7/6 4087/7/6
f 4086/6/6 4081/6/6 4087/6/6
f 4087/7/6 4082/7/6 4088/7/6
f 4078/6/6 4083/6/6 4089/6/6
f 4083/7/6 4084/7/6 4090/7/6
f 4089/6/6 4083/6/6 4090/6/6
f 4084/5/6 4085/5/6 4091/5/6
f 4090/7/6 4084/7/6 4091/7/6
f 4085/6/6 4086/6/6 4092/6/6
f 4091/5/6 4085/5/6 4092/5/6
f 4086/7/6 4087/7/6 4093/7/6
f 4092/6/6 4086/6/6 4093/6/6
f 4090/6/6 4091/6/6 4094/6/6
f 4089/5/6 4090/5/6 4094/5/6
f 4091/7/6 4092/7/6 4095/7/6
f 4094/6/6 4091/6/6 4095/6/6
f 4092/4/6 4093/4/6 4096/4/6
f 4095/7/6 4092/7/6 4096/7/6
f 4093/7/6 4087/7/6 4097/7/6
f 4096/4/6 4093/4/6 4097/4/6
f 4087/8/6 4088/8/6 4098/8/6
f 4097/7/6 4087/7/6 4098/7/6
f 4098/8/6 4088/8/6 4099/8/6
f 4089/5/6 4094/5/6 4100/5/6
f 4094/8/6 4095/8/6 4101/8/6
f 4100/5/6 4094/5/6 4101/5/6
f 4095/7/6 4096/7/6 4102/7/6
f 4101/8/6 4095/8/6 4102/8/6
f 4096/7/6 4097/7/6 4102/7/6
f 4102/7/6 4097/7/6 4103/7/6
f 4097/5/6 4098/5/6 4104/5/6
f 4103/7/6 4097/7/6 4104/7/6
f 4098/7/6 4099/7/6 4105/7/6
f 4104/5/6 4098/5/6 4105/5/6
f 4100/4/6 4101/4/6 4106/4/6
f 4102/7/6 4103/7/6 4107/7/6
f 4106/4/6 4101/4/6 4107/4/6
f 4101/7/6 4102/7/6 4107/7/6
f 4103/5/6 4104/5/6 4108/5/6
f 4107/7/6 4103/7/6 4108/7/6
f 4104/6/6 4105/6/6 4109/6/6
f 4108/5/6 4104/5/6 4109/5/6
f 4105/7/6 4099/7/6 4110/7/6
f 4109/6/6 4105/6/6 4110/6/6
f 4110/7/6 4099/7/6 4111/7/6
f 4107/7/6 4108/7/6 4112/7/6
f 4108/6/6 4109/6/6 4113/6/6
f 4112/7/6 4108/7/6 4113/7/6
f 4109/5/6 4110/5/6 4114/5/6
f 4113/6/6 4109/6/6 4114/6/6
f 4110/8/6 4111/8/6 4115/8/6
f 4114/5/6 4110/5/6 4115/5/6
f 4115/8/6 4111/8/6 4116/8/6
f 4107/7/6 4112/7/6 4117/7/6
f 4106/5/6 4107/5/6 4117/5/6
f 4112/6/6 4113/6/6 4118/6/6
f 4117/7/6 4112/7/6 4118/7/6
f 4113/6/6 4114/6/6 4118/6/6
f 4114/6/6 4115/6/6 4118/6/6
f 4118/6/6 4115/6/6 4119/6/6
f 4115/7/6 4116/7/6 4120/7/6
f 4119/6/6 4115/6/6 4120/6/6
f 4120/7/6 4116/7/6 4121/7/6
f 4106/5/6 4117/5/6 4122/5/6
f 4117/6/6 4118/6/6 4123/6/6
f 4122/5/6 4117/5/6 4123/5/6
f 4119/6/6 4120/6/6 4124/6/6
f 4120/8/6 4121/8/6 4124/8/6
f 4124/8/6 4121/8/6 4125/8/6
f 4122/6/6 4123/6/6 4126/6/6
f 4123/6/6 4118/6/6 4127/6/6
f 4126/6/6 4123/6/6 4127/6/6
f 4118/7/6 4119/7/6 4128/7/6
f 4127/6/6 4118/6/6 4128/6/6
f 4119/6/6 4124/6/6 4129/6/6
f 4128/7/6 4119/7/6 4129/7/6
f 4129/6/6 4124/6/6 4130/6/6
f 4124/7/6 4125/7/6 4131/7/6
f 4130/6/6 4124/6/6 4131/6/6
f 4131/7/6 4125/7/6 4132/7/6
f 4126/4/6 4127/4/6 4133/4/6
f 4127/6/6 4128/6/6 4134/6/6
f 4133/4/6 4127/4/6 4134/4/6
f 4128/8/6 4129/8/6 4135/8/6
f 4134/6/6 4128/6/6 4135/6/6
f 4129/5/6 4130/5/6 4136/5/6
f 4135/8/6 4129/8/6 4136/8/6
f 4130/6/6 4131/6/6 4137/6/6
f 4136/5/6 4130/5/6 4137/5/6
f 4131/4/6 4132/4/6 4138/4/6
f 4137/6/6 4131/6/6 4138/6/6
f 4138/4/6 4132/4/6 4139/4/6
f 4133/6/6 4134/6/6 4140/6/6
f 4134/5/6 4135/5/6 4141/5/6
f 4140/6/6 4134/6/6 4141/6/6
f 4135/6/6 4136/6/6 4142/6/6
f 4136/6/6 4137/6/6 4142/6/6
f 4137/6/6 4138/6/6 4142/6/6
f 4142/6/6 4138/6/6 4143/6/6
f 4141/5/6 4135/5/6 4144/5/6
f 4140/5/6 4141/5/6 4144/5/6
f 4135/6/6 4142/6/6 4144/6/6
f 4142/7/6 4143/7/6 4145/7/6
f 4144/6/6 4142/6/6 4145/6/6
f 4143/6/6 4138/6/6 4146/6/6
f 4145/7/6 4143/7/6 4146/7/6
f 4138/5/6 4139/5/6 4147/5/6
f 4146/6/6 4138/6/6 4147/6/6
f 4144/5/6 4145/5/6 4148/5/6
f 4140/5/6 4144/5/6 4148/5/6
f 4148/5/6 4145/5/6 4149/5/6
f 4145/7/6 4146/7/6 4150/7/6
f 4149/5/6 4145/5/6 4150/5/6
f 4146/5/6 4147/5/6 4151/5/6
f 4150/7/6 4146/7/6 4151/7/6
f 4147/5/6 4139/5/6 4152/5/6
f 4151/5/6 4147/5/6 4152/5/6
f 4152/5/6 4139/5/6 4153/5/6
f 4140/5/6 4148/5/6 4154/5/6
f 4148/7/6 4149/7/6 4155/7/6
f 4154/5/6 4148/5/6 4155/5/6
f 4150/5/6 4151/5/6 4156/5/6
f 4155/7/6 4149/7/6 4156/7/6
f 4149/5/6 4150/5/6 4156/5/6
f 4156/5/6 4151/5/6 4157/5/6
f 4151/7/6 4152/7/6 4158/7/6
f 4157/5/6 4151/5/6 4158/5/6
f 4152/4/6 4153/4/6 4159/4/6
f 4158/7/6 4152/7/6 4159/7/6
f 4154/6/6 4155/6/6 4160/6/6
f 4155/6/6 4156/6/6 4160/6/6
f 4156/4/6 4157/4/6 4161/4/6
f 4160/6/6 4156/6/6 4161/6/6
f 4157/5/6 4158/5/6 4162/5/6
f 4161/4/6 4157/4/6 4162/4/6
f 4158/6/6 4159/6/6 4163/6/6
f 4162/5/6 4158/5/6 4163/5/6
f 4159/4/6 4153/4/6 4164/4/6
f 4163/6/6 4159/6/6 4164/6/6
f 4164/4/6 4153/4/6 4165/4/6
f 4154/6/6 4160/6/6 4166/6/6
f 4160/7/6 4161/7/6 4167/7/6
f 4166/6/6 4160/6/6 4167/6/6
f 4161/4/6 4162/4/6 4168/4/6
f 4167/7/6 4161/7/6 4168/7/6
f 4162/6/6 4163/6/6 4169/6/6
f 4168/4/6 4162/4/6 4169/4/6
f 4163/6/6 4164/6/6 4169/6/6
f 4169/6/6 4164/6/6 4170/6/6
f 4164/5/6 4165/5/6 4171/5/6
f 4170/6/6 4164/6/6 4171/6/6
f 4167/5/6 4168/5/6 4172/5/6
f 4166/5/6 4167/5/6 4172/5/6
f 4169/5/6 4170/5/6 4172/5/6
f 4168/5/6 4169/5/6 4172/5/6
f 4172/5/6 4170/5/6 4173/5/6
f 4173/5/6 4170/5/6 4174/5/6
f 4174/5/6 4170/5/6 4175/5/6
f 4170/7/6 4171/7/6 4176/7/6
f 4175/5/6 4170/5/6 4176/5/6
f 4171/5/6 4165/5/6 4177/5/6
f 4176/7/6 4171/7/6 4177/7/6
f 4177/5/6 4165/5/6 4178/5/6
f 4172/4/6 4173/4/6 4179/4/6
f 4173/5/6 4174/5/6 4180/5/6
f 4179/4/6 4173/4/6 4180/4/6
f 4174/6/6 4175/6/6 4181/6/6
f 4180/5/6 4174/5/6 4181/5/6
f 4175/4/6 4176/4/6 4182/4/6
f 4181/6/6 4175/6/6 4182/6/6
f 4176/7/6 4177/7/6 4183/7/6
f 4182/4/6 4176/4/6 4183/4/6
f 4177/4/6 4178/4/6 4184/4/6
f 4183/7/6 4177/7/6 4184/7/6
f 4184/4/6 4178/4/6 4185/4/6
f 4180/5/6 4181/5/6 4186/5/6
f 4179/5/6 4180/5/6 4186/5/6
f 4181/5/6 4182/5/6 4186/5/6
f 4186/5/6 4182/5/6 4187/5/6
f 4187/5/6 4182/5/6 4188/5/6
f 4182/6/6 4183/6/6 4189/6/6
f 4188/5/6 4182/5/6 4189/5/6
f 4183/7/6 4184/7/6 4190/7/6
f 4189/6/6 4183/6/6 4190/6/6
f 4184/5/6 4185/5/6 4191/5/6
f 4190/7/6 4184/7/6 4191/7/6
f 4191/5/6 4185/5/6 4192/5/6
f 4186/4/6 4187/4/6 4193/4/6
f 4187/6/6 4188/6/6 4194/6/6
f 4193/4/6 4187/4/6 4194/4/6
f 4188/5/6 4189/5/6 4195/5/6
f 4194/6/6 4188/6/6 4195/6/6
f 4189/4/6 4190/4/6 4196/4/6
f 4195/5/6 4189/5/6 4196/5/6
f 4190/6/6 4191/6/6 4197/6/6
f 4196/4/6 4190/4/6 4197/4/6
f 4191/6/6 4192/6/6 4197/6/6
f 4197/6/6 4192/6/6 4198/6/6
f 4194/5/6 4195/5/6 4199/5/6
f 4193/5/6 4194/5/6 4199/5/6
f 4195/4/6 4196/4/6 4200/4/6
f 4199/5/6 4195/5/6 4200/5/6
f 4196/5/6 4197/5/6 4201/5/6
f 4200/4/6 4196/4/6 4201/4/6
f 4197/7/6 4198/7/6 4202/7/6
f 4201/5/6 4197/5/6 4202/5/6
f 4202/7/6 4198/7/6 4203/7/6
f 4193/5/6 4199/5/6 4204/5/6
f 4199/7/6 4200/7/6 4205/7/6
f 4204/5/6 4199/5/6 4205/5/6
f 4200/5/6 4201/5/6 4206/5/6
f 4205/7/6 4200/7/6 4206/7/6
f 4201/5/6 4202/5/6 4206/5/6
f 4206/5/6 4202/5/6 4207/5/6
f 4202/6/6 4203/6/6 4208/6/6
f 4207/5/6 4202/5/6 4208/5/6
f 4208/6/6 4203/6/6 4209/6/6
f 4204/7/6 4205/7/6 4210/7/6
f 4205/6/6 4206/6/6 4211/6/6
f 4210/7/6 4205/7/6 4211/7/6
f 4206/4/6 4207/4/6 4212/4/6
f 4211/6/6 4206/6/6 4212/6/6
f 4207/6/6 4208/6/6 4213/6/6
f 4212/4/6 4207/4/6 4213/4/6
f 4208/7/6 4209/7/6 4214/7/6
f 4213/6/6 4208/6/6 4214/6/6
f 4210/6/6 4211/6/6 4215/6/6
f 4211/5/6 4212/5/6 4216/5/6
f 4215/6/6 4211/6/6 4216/6/6
f 4212/4/6 4213/4/6 4217/4/6
f 4216/5/6 4212/5/6 4217/5/6
f 4213/4/6 4214/4/6 4217/4/6
f 4217/4/6 4214/4/6 4218/4/6
f 4214/7/6 4209/7/6 4219/7/6
f 4218/4/6 4214/4/6 4219/4/6
f 4219/7/6 4209/7/6 4220/7/6
f 4220/7/6 4209/7/6 4221/7/6
f 4215/8/6 4216/8/6 4222/8/6
f 4217/5/6 4218/5/6 4223/5/6
f 4222/8/6 4216/8/6 4223/8/6
f 4216/5/6 4217/5/6 4223/5/6
f 4220/5/6 4221/5/6 4224/5/6
f 4219/7/6 4220/7/6 4224/7/6
f 4224/5/6 4221/5/6 4225/5/6
f 4223/5/6 4218/5/6 4226/5/6
f 4218/6/6 4219/6/6 4227/6/6
f 4226/5/6 4218/5/6 4227/5/6
f 4219/7/6 4224/7/6 4228/7/6
f 4227/6/6 4219/6/6 4228/6/6
f 4224/6/6 4225/6/6 4229/6/6
f 4228/7/6 4224/7/6 4229/7/6
f 4222/7/6 4223/7/6 4230/7/6
f 4223/5/6 4226/5/6 4231/5/6
f 4230/7/6 4223/7/6 4231/7/6
f 4226/4/6 4227/4/6 4232/4/6
f 4231/5/6 4226/5/6 4232/5/6
f 4227/6/6 4228/6/6 4233/6/6
f 4232/4/6 4227/4/6 4233/4/6
f 4228/6/6 4229/6/6 4233/6/6
f 4233/6/6 4229/6/6 4234/6/6
f 4229/6/6 4225/6/6 4235/6/6
f 4234/6/6 4229/6/6 4235/6/6
f 4230/8/6 4231/8/6 4236/8/6
f 4231/7/6 4232/7/6 4237/7/6
f 4236/8/6 4231/8/6 4237/8/6
f 4236/7/6 4237/7/6 4238/7/6
f 4237/7/6 4232/7/6 4238/7/6
f 4233/4/6 4234/4/6 4239/4/6
f 4238/7/6 4232/7/6 4239/7/6
f 4232/4/6 4233/4/6 4239/4/6
f 4239/4/6 4234/4/6 4240/4/6
f 4234/7/6 4235/7/6 4241/7/6
f 4240/4/6 4234/4/6 4241/4/6
f 4236/7/6 4238/7/6 4242/7/6
f 4238/6/6 4239/6/6 4242/6/6
f 4239/5/6 4240/5/6 4243/5/6
f 4242/6/6 4239/6/6 4243/6/6
f 4240/6/6 4241/6/6 4244/6/6
f 4243/5/6 4240/5/6 4244/5/6
f 4241/7/6 4235/7/6 4245/7/6
f 4244/6/6 4241/6/6 4245/6/6
f 4236/7/6 4242/7/6 4246/7/6
f 4242/7/6 4243/7/6 4246/7/6
f 4246/7/6 4243/7/6 4247/7/6
f 4243/5/6 4244/5/6 4248/5/6
f 4247/7/6 4243/7/6 4248/7/6
f 4244/4/6 4245/4/6 4249/4/6
f 4248/5/6 4244/5/6 4249/5/6
f 4246/6/6 4247/6/6 4250/6/6
f 4247/8/6 4248/8/6 4251/8/6
f 4250/6/6 4247/6/6 4251/6/6
f 4248/4/6 4249/4/6 4252/4/6
f 4251/8/6 4248/8/6 4252/8/6
f 4249/4/6 4245/4/6 4253/4/6
f 4252/4/6 4249/4/6 4253/4/6
f 4245/7/6 4235/7/6 4253/7/6
f 4250/7/6 4251/7/6 4254/7/6
f 4251/6/6 4252/6/6 4255/6/6
f 4254/7/6 4251/7/6 4255/7/6
f 4252/5/6 4253/5/6 4256/5/6
f 4255/6/6 4252/6/6 4256/6/6
f 4256/5/6 4253/5/6 4257/5/6
f 4253/7/6 4235/7/6 4258/7/6
f 4257/5/6 4253/5/6 4258/5/6
f 4235/6/6 4225/6/6 4259/6/6
f 4258/7/6 4235/7/6 4259/7/6
f 4259/6/6 4225/6/6 4260/6/6
f 4254/6/6 4255/6/6 4261/6/6
f 4256/7/6 4257/7/6 4262/7/6
f 4261/6/6 4255/6/6 4262/6/6
f 4255/7/6 4256/7/6 4262/7/6
f 4262/7/6 4257/7/6 4263/7/6
f 4257/5/6 4258/5/6 4264/5/6
f 4263/7/6 4257/7/6 4264/7/6
f 4258/6/6 4259/6/6 4265/6/6
f 4264/5/6 4258/5/6 4265/5/6
f 4259/5/6 4260/5/6 4266/5/6
f 4265/6/6 4259/6/6 4266/6/6
f 4266/5/6 4260/5/6 4267/5/6
f 4265/6/6 4266/6/6 4268/6/6
f 4266/6/6 4267/6/6 4268/6/6
f 4268/6/6 4267/6/6 4269/6/6
f 4261/7/6 4262/7/6 4270/7/6
f 4262/8/6 4263/8/6 4271/8/6
f 4270/7/6 4262/7/6 4271/7/6
f 4265/6/6 4268/6/6 4272/6/6
f 4268/5/6 4269/5/6 4272/5/6
f 4272/5/6 4269/5/6 4273/5/6
f 4270/6/6 4271/6/6 4274/6/6
f 4271/8/6 4263/8/6 4275/8/6
f 4274/6/6 4271/6/6 4275/6/6
f 4263/6/6 4264/6/6 4276/6/6
f 4275/8/6 4263/8/6 4276/8/6
f 4264/4/6 4265/4/6 4277/4/6
f 4276/6/6 4264/6/6 4277/6/6
f 4265/6/6 4272/6/6 4278/6/6
f 4277/4/6 4265/4/6 4278/4/6
f 4272/6/6 4273/6/6 4278/6/6
f 4274/8/6 4275/8/6 4279/8/6
f 4275/7/6 4276/7/6 4280/7/6
f 4279/8/6 4275/8/6 4280/8/6
f 4276/7/6 4277/7/6 4280/7/6
f 4280/7/6 4277/7/6 4281/7/6
f 4277/6/6 4278/6/6 4282/6/6
f 4281/7/6 4277/7/6 4282/7/6
f 4278/6/6 4273/6/6 4283/6/6
f 4282/6/6 4278/6/6 4283/6/6
f 4283/6/6 4273/6/6 4284/6/6
f 4281/5/6 4282/5/6 4285/5/6
f 4280/8/6 4281/8/6 4285/8/6
f 4282/4/6 4283/4/6 4286/4/6
f 4285/5/6 4282/5/6 4286/5/6
f 4283/7/6 4284/7/6 4287/7/6
f 4286/4/6 4283/4/6 4287/4/6
f 4284/6/6 4273/6/6 4288/6/6
f 4287/7/6 4284/7/6 4288/7/6
f 4288/6/6 4273/6/6 4289/6/6
f 4279/6/6 4280/6/6 4290/6/6
f 4280/8/6 4285/8/6 4291/8/6
f 4290/6/6 4280/6/6 4291/6/6
f 4285/6/6 4286/6/6 4292/6/6
f 4291/8/6 4285/8/6 4292/8/6
f 4286/4/6 4287/4/6 4293/4/6
f 4292/6/6 4286/6/6 4293/6/6
f 4287/5/6 4288/5/6 4294/5/6
f 4293/4/6 4287/4/6 4294/4/6
f 4288/5/6 4289/5/6 4294/5/6
f 4294/5/6 4289/5/6 4295/5/6
f 4291/8/6 4292/8/6 4296/8/6
f 4290/8/6 4291/8/6 4296/8/6
f 4292/7/6 4293/7/6 4297/7/6
f 4296/8/6 4292/8/6 4297/8/6
f 4293/4/6 4294/4/6 4298/4/6
f 4297/7/6 4293/7/6 4298/7/6
f 4294/6/6 4295/6/6 4299/6/6
f 4298/4/6 4294/4/6 4299/4/6
f 4295/5/6 4289/5/6 4300/5/6
f 4299/6/6 4295/6/6 4300/6/6
f 4300/5/6 4289/5/6 4301/5/6
f 4296/6/6 4297/6/6 4302/6/6
f 4298/5/6 4299/5/6 4303/5/6
f 4302/6/6 4297/6/6 4303/6/6
f 4297/5/6 4298/5/6 4303/5/6
f 4299/5/6 4300/5/6 4303/5/6
f 4303/5/6 4300/5/6 4304/5/6
f 4304/5/6 4300/5/6 4305/5/6
f 4300/4/6 4301/4/6 4306/4/6
f 4305/5/6 4300/5/6 4306/5/6
f 4306/4/6 4301/4/6 4307/4/6
f 4296/6/6 4302/6/6 4308/6/6
f 4302/8/6 4303/8/6 4308/8/6
f 4303/5/6 4304/5/6 4309/5/6
f 4308/8/6 4303/8/6 4309/8/6
f 4304/4/6 4305/4/6 4310/4/6
f 4309/5/6 4304/5/6 4310/5/6
f 4305/6/6 4306/6/6 4311/6/6
f 4310/4/6 4305/4/6 4311/4/6
f 4306/5/6 4307/5/6 4312/5/6
f 4311/6/6 4306/6/6 4312/6/6
f 4296/6/6 4308/6/6 4313/6/6
f 4308/7/6 4309/7/6 4314/7/6
f 4313/6/6 4308/6/6 4314/6/6
f 4310/6/6 4311/6/6 4315/6/6
f 4314/7/6 4309/7/6 4315/7/6
f 4309/6/6 4310/6/6 4315/6/6
f 4311/5/6 4312/5/6 4316/5/6
f 4315/6/6 4311/6/6 4316/6/6
f 4312/5/6 4307/5/6 4317/5/6
f 4316/5/6 4312/5/6 4317/5/6
f 4313/7/6 4314/7/6 4318/7/6
f 4314/8/6 4315/8/6 4318/8/6
f 4315/6/6 4316/6/6 4319/6/6
f 4318/8/6 4315/8/6 4319/8/6
f 4316/6/6 4317/6/6 4319/6/6
f 4319/6/6 4317/6/6 4320/6/6
f 4320/6/6 4317/6/6 4321/6/6
f 4317/5/6 4307/5/6 4322/5/6
f 4321/6/6 4317/6/6 4322/6/6
f 4322/5/6 4307/5/6 4323/5/6
f 4313/7/6 4318/7/6 4324/7/6
f 4318/7/6 4319/7/6 4324/7/6
f 4319/6/6 4320/6/6 4325/6/6
f 4324/7/6 4319/7/6 4325/7/6
f 4322/4/6 4323/4/6 4326/4/6
f 4321/6/6 4322/6/6 4326/6/6
f 4326/4/6 4323/4/6 4327/4/6
f 4313/7/6 4324/7/6 4328/7/6
f 4324/6/6 4325/6/6 4329/6/6
f 4328/7/6 4324/7/6 4329/7/6
f 4325/6/6 4320/6/6 4330/6/6
f 4329/6/6 4325/6/6 4330/6/6
f 4321/6/6 4326/6/6 4331/6/6
f 4326/6/6 4327/6/6 4331/6/6
f 4331/6/6 4327/6/6 4332/6/6
f 4320/5/6 4321/5/6 4333/5/6
f 4330/6/6 4320/6/6 4333/6/6
f 4321/6/6 4331/6/6 4334/6/6
f 4333/5/6 4321/5/6 4334/5/6
f 4331/4/6 4332/4/6 4335/4/6
f 4334/6/6 4331/6/6 4335/6/6
f 4335/4/6 4332/4/6 4336/4/6
f 4328/8/6 4329/8/6 4337/8/6
f 4329/7/6 4330/7/6 4338/7/6
f 4337/8/6 4329/8/6 4338/8/6
f 4330/6/6 4333/6/6 4339/6/6
f 4338/7/6 4330/7/6 4339/7/6
f 4333/4/6 4334/4/6 4340/4/6
f 4339/6/6 4333/6/6 4340/6/6
f 4334/6/6 4335/6/6 4341/6/6
f 4340/4/6 4334/4/6 4341/4/6
f 4335/5/6 4336/5/6 4342/5/6
f 4341/6/6 4335/6/6 4342/6/6
f 4342/5/6 4336/5/6 4343/5/6
f 4338/5/6 4339/5/6 4344/5/6
f 4339/7/6 4340/7/6 4344/7/6
f 4340/4/6 4341/4/6 4345/4/6
f 4344/7/6 4340/7/6 4345/7/6
f 4341/5/6 4342/5/6 4346/5/6
f 4345/4/6 4341/4/6 4346/4/6
f 4342/8/6 4343/8/6 4347/8/6
f 4346/5/6 4342/5/6 4347/5/6
f 4337/7/6 4338/7/6 4348/7/6
f 4338/5/6 4344/5/6 4349/5/6
f 4348/7/6 4338/7/6 4349/7/6
f 4345/6/6 4346/6/6 4350/6/6
f 4349/5/6 4344/5/6 4350/5/6
f 4344/6/6 4345/6/6 4350/6/6
f 4346/6/6 4347/6/6 4350/6/6
f 4350/6/6 4347/6/6 4351/6/6
f 4351/6/6 4347/6/6 4352/6/6
f 4347/8/6 4343/8/6 4353/8/6
f 4352/6/6 4347/6/6 4353/6/6
f 4353/8/6 4343/8/6 4354/8/6
f 4348/8/6 4349/8/6 4355/8/6
f 4349/5/6 4350/5/6 4356/5/6
f 4355/8/6 4349/8/6 4356/8/6
f 4350/7/6 4351/7/6 4357/7/6
f 4356/5/6 4350/5/6 4357/5/6
f 4351/6/6 4352/6/6 4358/6/6
f 4357/7/6 4351/7/6 4358/7/6
f 4352/7/6 4353/7/6 4359/7/6
f 4358/6/6 4352/6/6 4359/6/6
f 4353/7/6 4354/7/6 4359/7/6
f 4359/7/6 4354/7/6 4360/7/6
f 4360/7/6 4354/7/6 4361/7/6
f 4356/5/6 4357/5/6 4362/5/6
f 4355/6/6 4356/6/6 4362/6/6
f 4357/5/6 4358/5/6 4362/5/6
f 4362/5/6 4358/5/6 4363/5/6
f 4358/4/6 4359/4/6 4364/4/6
f 4363/5/6 4358/5/6 4364/5/6
f 4359/5/6 4360/5/6 4365/5/6
f 4364/4/6 4359/4/6 4365/4/6
f 4360/8/6 4361/8/6 4366/8/6
f 4365/5/6 4360/5/6 4366/5/6
f 4366/8/6 4361/8/6 4367/8/6
f 4362/6/6 4363/6/6 4368/6/6
f 4355/6/6 4362/6/6 4368/6/6
f 4364/5/6 4365/5/6 4369/5/6
f 4368/6/6 4363/6/6 4369/6/6
f 4363/5/6 4364/5/6 4369/5/6
f 4365/5/6 4366/5/6 4369/5/6
f 4369/5/6 4366/5/6 4370/5/6
f 4370/5/6 4366/5/6 4371/5/6
f 4366/7/6 4367/7/6 4372/7/6
f 4371/5/6 4366/5/6 4372/5/6
f 4372/7/6 4367/7/6 4373/7/6
f 4355/6/6 4368/6/6 4374/6/6
f 4368/4/6 4369/4/6 4375/4/6
f 4374/6/6 4368/6/6 4375/6/6
f 4369/5/6 4370/5/6 4376/5/6
f 4375/4/6 4369/4/6 4376/4/6
f 4371/6/6 4372/6/6 4377/6/6
f 4372/8/6 4373/8/6 4377/8/6
f 4377/8/6 4373/8/6 4378/8/6
f 4376/5/6 4370/5/6 4379/5/6
f 4375/5/6 4376/5/6 4379/5/6
f 4370/4/6 4371/4/6 4380/4/6
f 4379/5/6 4370/5/6 4380/5/6
f 4371/6/6 4377/6/6 4381/6/6
f 4380/4/6 4371/4/6 4381/4/6
f 4377/7/6 4378/7/6 4382/7/6
f 4381/6/6 4377/6/6 4382/6/6
f 4382/7/6 4378/7/6 4383/7/6
f 4374/7/6 4375/7/6 4384/7/6
f 4375/5/6 4379/5/6 4385/5/6
f 4384/7/6 4375/7/6 4385/7/6
f 4379/6/6 4380/6/6 4386/6/6
f 4385/5/6 4379/5/6 4386/5/6
f 4380/4/6 4381/4/6 4387/4/6
f 4386/6/6 4380/6/6 4387/6/6
f 4381/5/6 4382/5/6 4388/5/6
f 4387/4/6 4381/4/6 4388/4/6
f 4382/8/6 4383/8/6 4389/8/6
f 4388/5/6 4382/5/6 4389/5/6
f 4389/8/6 4383/8/6 4390/8/6
f 4385/6/6 4386/6/6 4391/6/6
f 4384/6/6 4385/6/6 4391/6/6
f 4386/6/6 4387/6/6 4391/6/6
f 4391/6/6 4387/6/6 4392/6/6
f 4388/5/6 4389/5/6 4393/5/6
f 4392/6/6 4387/6/6 4393/6/6
f 4387/5/6 4388/5/6 4393/5/6
f 4393/5/6 4389/5/6 4394/5/6
f 4389/7/6 4390/7/6 4395/7/6
f 4394/5/6 4389/5/6 4395/5/6
f 4391/7/6 4392/7/6 4396/7/6
f 4392/6/6 4393/6/6 4397/6/6
f 4396/7/6 4392/7/6 4397/7/6
f 4393/4/6 4394/4/6 4398/4/6
f 4397/6/6 4393/6/6 4398/6/6
f 4394/6/6 4395/6/6 4399/6/6
f 4398/4/6 4394/4/6 4399/4/6
f 4395/7/6 4390/7/6 4400/7/6
f 4399/6/6 4395/6/6 4400/6/6
f 4400/7/6 4390/7/6 4401/7/6
