# MagicaVoxel @ Ephtracy

# group
o wood-dark-6x6

# material
mtllib beams-8-wood-dark-6x6.mtl
usemtl palette

# normals
vn -1 0 0
vn 1 0 0
vn 0 0 1
vn 0 0 -1
vn 0 -1 0
vn 0 1 0

# texcoords
vt 0.220703 0.5
vt 0.224609 0.5
vt 0.228516 0.5
vt 0.232422 0.5
vt 0.236328 0.5
vt 0.240234 0.5
vt 0.244141 0.5
vt 0.248047 0.5
vt 0.251953 0.5
vt 0.255859 0.5
vt 0.259766 0.5
vt 0.263672 0.5
vt 0.267578 0.5

# verts
v -3.5 0.1 6.3
v -3.5 0.1 6.2
v -3.5 0.1 5.9
v -3.5 0.1 5.7
v -3.5 0.1 5.5
v -3.5 0.1 5.2
v -3.5 0.1 5
v -3.5 0.1 4.8
v -3.5 0.1 4.7
v -3.5 0.1 4.6
v -3.5 0.1 4.4
v -3.5 0.1 4.3
v -3.5 0.1 4.2
v -3.5 0.1 4.1
v -3.5 0.1 4
v -3.5 0.1 3.9
v -3.5 0.1 3.8
v -3.5 0.1 3.6
v -3.5 0.1 3.5
v -3.5 0.1 3.4
v -3.5 0.1 3.2
v -3.5 0.1 3.1
v -3.5 0.1 3
v -3.5 0.1 2.8
v -3.5 0.1 2.7
v -3.5 0.1 2.5
v -3.5 0.1 2.4
v -3.5 0.1 2.1
v -3.5 0.1 1.8
v -3.5 0.1 1.6
v -3.5 0.1 1.2
v -3.5 0.1 0.9
v -3.5 0.1 0.8
v -3.5 0.1 0.7
v -3.5 0.1 0.6
v -3.5 0.1 0.4
v -3.5 0.1 0.2
v -3.5 0.1 0.1
v -3.5 0.1 -0.1
v -3.5 0.1 -0.2
v -3.5 0.1 -0.4
v -3.5 0.1 -0.5
v -3.5 0.1 -0.6
v -3.5 0.1 -0.8
v -3.5 0.1 -0.9
v -3.5 0.1 -1.1
v -3.5 0.1 -1.4
v -3.5 0.1 -1.5
v -3.5 0.1 -1.6
v -3.5 0.1 -1.7
v -3.5 0.1 -1.8
v -3.5 0.1 -2
v -3.5 0.1 -2.1
v -3.5 0.1 -2.4
v -3.5 0.1 -2.5
v -3.5 0.1 -2.6
v -3.5 0.1 -2.9
v -3.5 0.1 -3
v -3.5 0.1 -3.1
v -3.5 0.1 -3.3
v -3.5 0.1 -3.6
v -3.5 0.1 -3.7
v -3.5 0.1 -3.8
v -3.5 0.1 -3.9
v -3.5 0.1 -4
v -3.5 0.1 -4.1
v -3.5 0.1 -4.7
v -3.5 0.1 -5
v -3.5 0.1 -5.1
v -3.5 0.1 -5.3
v -3.5 0.1 -5.4
v -3.5 0.1 -5.5
v -3.5 0.1 -5.6
v -3.5 0.1 -6
v -3.5 0.1 -6.1
v -3.5 0.1 -6.3
v -3.5 0.2 6.3
v -3.5 0.2 6.2
v -3.5 0.2 6.1
v -3.5 0.2 6
v -3.5 0.2 5.9
v -3.5 0.2 5.8
v -3.5 0.2 5.7
v -3.5 0.2 5.6
v -3.5 0.2 5.5
v -3.5 0.2 5.4
v -3.5 0.2 5.2
v -3.5 0.2 5.1
v -3.5 0.2 5
v -3.5 0.2 4.8
v -3.5 0.2 4.7
v -3.5 0.2 4.6
v -3.5 0.2 4.5
v -3.5 0.2 4.4
v -3.5 0.2 4.3
v -3.5 0.2 4.2
v -3.5 0.2 4.1
v -3.5 0.2 4
v -3.5 0.2 3.9
v -3.5 0.2 3.8
v -3.5 0.2 3.6
v -3.5 0.2 3.5
v -3.5 0.2 3.4
v -3.5 0.2 3.3
v -3.5 0.2 3.1
v -3.5 0.2 3
v -3.5 0.2 2.9
v -3.5 0.2 2.8
v -3.5 0.2 2.7
v -3.5 0.2 2.5
v -3.5 0.2 2.4
v -3.5 0.2 2.3
v -3.5 0.2 2.2
v -3.5 0.2 2.1
v -3.5 0.2 2
v -3.5 0.2 1.8
v -3.5 0.2 1.7
v -3.5 0.2 1.6
v -3.5 0.2 1.5
v -3.5 0.2 1.3
v -3.5 0.2 1.2
v -3.5 0.2 1.1
v -3.5 0.2 1
v -3.5 0.2 0.9
v -3.5 0.2 0.8
v -3.5 0.2 0.7
v -3.5 0.2 0.6
v -3.5 0.2 0.5
v -3.5 0.2 0.4
v -3.5 0.2 0.2
v -3.5 0.2 0.1
v -3.5 0.2 0
v -3.5 0.2 -0.1
v -3.5 0.2 -0.2
v -3.5 0.2 -0.3
v -3.5 0.2 -0.4
v -3.5 0.2 -0.5
v -3.5 0.2 -0.6
v -3.5 0.2 -0.8
v -3.5 0.2 -0.9
v -3.5 0.2 -1.1
v -3.5 0.2 -1.3
v -3.5 0.2 -1.4
v -3.5 0.2 -1.5
v -3.5 0.2 -1.6
v -3.5 0.2 -1.7
v -3.5 0.2 -1.8
v -3.5 0.2 -1.9
v -3.5 0.2 -2
v -3.5 0.2 -2.1
v -3.5 0.2 -2.2
v -3.5 0.2 -2.3
v -3.5 0.2 -2.4
v -3.5 0.2 -2.5
v -3.5 0.2 -2.6
v -3.5 0.2 -2.8
v -3.5 0.2 -2.9
v -3.5 0.2 -3.1
v -3.5 0.2 -3.2
v -3.5 0.2 -3.3
v -3.5 0.2 -3.4
v -3.5 0.2 -3.6
v -3.5 0.2 -3.7
v -3.5 0.2 -3.8
v -3.5 0.2 -3.9
v -3.5 0.2 -4
v -3.5 0.2 -4.1
v -3.5 0.2 -4.2
v -3.5 0.2 -4.3
v -3.5 0.2 -4.7
v -3.5 0.2 -4.8
v -3.5 0.2 -5
v -3.5 0.2 -5.1
v -3.5 0.2 -5.2
v -3.5 0.2 -5.3
v -3.5 0.2 -5.4
v -3.5 0.2 -5.5
v -3.5 0.2 -5.6
v -3.5 0.2 -5.7
v -3.5 0.2 -5.8
v -3.5 0.2 -5.9
v -3.5 0.2 -6
v -3.5 0.2 -6.1
v -3.5 0.2 -6.3
v -3.5 0.3 6.3
v -3.5 0.3 6.2
v -3.5 0.3 6.1
v -3.5 0.3 6
v -3.5 0.3 5.9
v -3.5 0.3 5.8
v -3.5 0.3 5.7
v -3.5 0.3 5.6
v -3.5 0.3 5.5
v -3.5 0.3 5.4
v -3.5 0.3 5.2
v -3.5 0.3 5.1
v -3.5 0.3 5
v -3.5 0.3 4.9
v -3.5 0.3 4.8
v -3.5 0.3 4.7
v -3.5 0.3 4.6
v -3.5 0.3 4.5
v -3.5 0.3 4.4
v -3.5 0.3 4.3
v -3.5 0.3 4.2
v -3.5 0.3 4.1
v -3.5 0.3 4
v -3.5 0.3 3.8
v -3.5 0.3 3.6
v -3.5 0.3 3.5
v -3.5 0.3 3.4
v -3.5 0.3 3.3
v -3.5 0.3 3.2
v -3.5 0.3 3.1
v -3.5 0.3 3
v -3.5 0.3 2.9
v -3.5 0.3 2.8
v -3.5 0.3 2.7
v -3.5 0.3 2.6
v -3.5 0.3 2.5
v -3.5 0.3 2.4
v -3.5 0.3 2.3
v -3.5 0.3 2.1
v -3.5 0.3 2
v -3.5 0.3 1.9
v -3.5 0.3 1.5
v -3.5 0.3 1.4
v -3.5 0.3 1.2
v -3.5 0.3 1.1
v -3.5 0.3 1
v -3.5 0.3 0.9
v -3.5 0.3 0.8
v -3.5 0.3 0.7
v -3.5 0.3 0.6
v -3.5 0.3 0.5
v -3.5 0.3 0.4
v -3.5 0.3 0.3
v -3.5 0.3 0.2
v -3.5 0.3 0.1
v -3.5 0.3 0
v -3.5 0.3 -0.1
v -3.5 0.3 -0.2
v -3.5 0.3 -0.3
v -3.5 0.3 -0.4
v -3.5 0.3 -0.5
v -3.5 0.3 -0.6
v -3.5 0.3 -0.8
v -3.5 0.3 -0.9
v -3.5 0.3 -1
v -3.5 0.3 -1.1
v -3.5 0.3 -1.2
v -3.5 0.3 -1.3
v -3.5 0.3 -1.4
v -3.5 0.3 -1.5
v -3.5 0.3 -1.6
v -3.5 0.3 -1.7
v -3.5 0.3 -1.8
v -3.5 0.3 -1.9
v -3.5 0.3 -2.1
v -3.5 0.3 -2.2
v -3.5 0.3 -2.3
v -3.5 0.3 -2.4
v -3.5 0.3 -2.5
v -3.5 0.3 -2.6
v -3.5 0.3 -2.7
v -3.5 0.3 -2.8
v -3.5 0.3 -3
v -3.5 0.3 -3.1
v -3.5 0.3 -3.2
v -3.5 0.3 -3.4
v -3.5 0.3 -3.5
v -3.5 0.3 -3.7
v -3.5 0.3 -3.8
v -3.5 0.3 -3.9
v -3.5 0.3 -4
v -3.5 0.3 -4.1
v -3.5 0.3 -4.2
v -3.5 0.3 -4.3
v -3.5 0.3 -4.4
v -3.5 0.3 -4.5
v -3.5 0.3 -4.6
v -3.5 0.3 -4.7
v -3.5 0.3 -4.8
v -3.5 0.3 -4.9
v -3.5 0.3 -5
v -3.5 0.3 -5.2
v -3.5 0.3 -5.3
v -3.5 0.3 -5.4
v -3.5 0.3 -5.5
v -3.5 0.3 -5.6
v -3.5 0.3 -5.7
v -3.5 0.3 -5.8
v -3.5 0.3 -5.9
v -3.5 0.3 -6
v -3.5 0.3 -6.1
v -3.5 0.3 -6.2
v -3.5 0.3 -6.3
v -3.5 0.4 6.2
v -3.5 0.4 6.1
v -3.5 0.4 6
v -3.5 0.4 5.8
v -3.5 0.4 5.7
v -3.5 0.4 5.6
v -3.5 0.4 5.5
v -3.5 0.4 5.4
v -3.5 0.4 5.3
v -3.5 0.4 5.2
v -3.5 0.4 5.1
v -3.5 0.4 5
v -3.5 0.4 4.9
v -3.5 0.4 4.8
v -3.5 0.4 4.7
v -3.5 0.4 4.5
v -3.5 0.4 4.4
v -3.5 0.4 4.3
v -3.5 0.4 4.2
v -3.5 0.4 4.1
v -3.5 0.4 4
v -3.5 0.4 3.9
v -3.5 0.4 3.8
v -3.5 0.4 3.7
v -3.5 0.4 3.6
v -3.5 0.4 3.5
v -3.5 0.4 3.4
v -3.5 0.4 3.2
v -3.5 0.4 3.1
v -3.5 0.4 3
v -3.5 0.4 2.8
v -3.5 0.4 2.6
v -3.5 0.4 2.5
v -3.5 0.4 2.4
v -3.5 0.4 2.3
v -3.5 0.4 2.2
v -3.5 0.4 2.1
v -3.5 0.4 2
v -3.5 0.4 1.9
v -3.5 0.4 1.8
v -3.5 0.4 1.7
v -3.5 0.4 1.6
v -3.5 0.4 1.5
v -3.5 0.4 1.4
v -3.5 0.4 1.3
v -3.5 0.4 1.2
v -3.5 0.4 1.1
v -3.5 0.4 1
v -3.5 0.4 0.9
v -3.5 0.4 0.8
v -3.5 0.4 0.7
v -3.5 0.4 0.6
v -3.5 0.4 0.4
v -3.5 0.4 0.3
v -3.5 0.4 0.1
v -3.5 0.4 0
v -3.5 0.4 -0.1
v -3.5 0.4 -0.2
v -3.5 0.4 -0.3
v -3.5 0.4 -0.4
v -3.5 0.4 -0.5
v -3.5 0.4 -0.6
v -3.5 0.4 -0.8
v -3.5 0.4 -0.9
v -3.5 0.4 -1
v -3.5 0.4 -1.1
v -3.5 0.4 -1.2
v -3.5 0.4 -1.3
v -3.5 0.4 -1.4
v -3.5 0.4 -1.5
v -3.5 0.4 -1.6
v -3.5 0.4 -1.7
v -3.5 0.4 -1.8
v -3.5 0.4 -1.9
v -3.5 0.4 -2
v -3.5 0.4 -2.1
v -3.5 0.4 -2.2
v -3.5 0.4 -2.3
v -3.5 0.4 -2.4
v -3.5 0.4 -2.5
v -3.5 0.4 -2.7
v -3.5 0.4 -2.8
v -3.5 0.4 -2.9
v -3.5 0.4 -3
v -3.5 0.4 -3.1
v -3.5 0.4 -3.3
v -3.5 0.4 -3.4
v -3.5 0.4 -3.5
v -3.5 0.4 -3.8
v -3.5 0.4 -3.9
v -3.5 0.4 -4.1
v -3.5 0.4 -4.2
v -3.5 0.4 -4.3
v -3.5 0.4 -4.4
v -3.5 0.4 -4.5
v -3.5 0.4 -4.6
v -3.5 0.4 -4.7
v -3.5 0.4 -4.8
v -3.5 0.4 -4.9
v -3.5 0.4 -5
v -3.5 0.4 -5.1
v -3.5 0.4 -5.2
v -3.5 0.4 -5.3
v -3.5 0.4 -5.5
v -3.5 0.4 -5.6
v -3.5 0.4 -5.7
v -3.5 0.4 -5.8
v -3.5 0.4 -5.9
v -3.5 0.4 -6
v -3.5 0.4 -6.1
v -3.5 0.4 -6.2
v -3.5 0.4 -6.3
v -3.5 0.5 6.3
v -3.5 0.5 6.2
v -3.5 0.5 6.1
v -3.5 0.5 6
v -3.5 0.5 5.8
v -3.5 0.5 5.7
v -3.5 0.5 5.6
v -3.5 0.5 5.4
v -3.5 0.5 5.3
v -3.5 0.5 5
v -3.5 0.5 4.9
v -3.5 0.5 4.7
v -3.5 0.5 4.6
v -3.5 0.5 4.4
v -3.5 0.5 4.2
v -3.5 0.5 4.1
v -3.5 0.5 4
v -3.5 0.5 3.9
v -3.5 0.5 3.8
v -3.5 0.5 3.7
v -3.5 0.5 3.6
v -3.5 0.5 3.5
v -3.5 0.5 3.4
v -3.5 0.5 3.2
v -3.5 0.5 3
v -3.5 0.5 2.8
v -3.5 0.5 2.6
v -3.5 0.5 2.5
v -3.5 0.5 2.4
v -3.5 0.5 2.3
v -3.5 0.5 2.1
v -3.5 0.5 2
v -3.5 0.5 1.9
v -3.5 0.5 1.8
v -3.5 0.5 1.7
v -3.5 0.5 1.6
v -3.5 0.5 1.2
v -3.5 0.5 1.1
v -3.5 0.5 1
v -3.5 0.5 0.9
v -3.5 0.5 0.8
v -3.5 0.5 0.7
v -3.5 0.5 0.6
v -3.5 0.5 0.4
v -3.5 0.5 0.3
v -3.5 0.5 0.1
v -3.5 0.5 0
v -3.5 0.5 -0.1
v -3.5 0.5 -0.2
v -3.5 0.5 -0.3
v -3.5 0.5 -0.4
v -3.5 0.5 -0.5
v -3.5 0.5 -0.6
v -3.5 0.5 -0.8
v -3.5 0.5 -1
v -3.5 0.5 -1.1
v -3.5 0.5 -1.2
v -3.5 0.5 -1.4
v -3.5 0.5 -1.5
v -3.5 0.5 -1.6
v -3.5 0.5 -1.7
v -3.5 0.5 -1.9
v -3.5 0.5 -2
v -3.5 0.5 -2.1
v -3.5 0.5 -2.2
v -3.5 0.5 -2.3
v -3.5 0.5 -2.4
v -3.5 0.5 -2.7
v -3.5 0.5 -2.8
v -3.5 0.5 -2.9
v -3.5 0.5 -3
v -3.5 0.5 -3.3
v -3.5 0.5 -3.4
v -3.5 0.5 -3.7
v -3.5 0.5 -3.8
v -3.5 0.5 -4.1
v -3.5 0.5 -4.2
v -3.5 0.5 -4.3
v -3.5 0.5 -4.4
v -3.5 0.5 -4.5
v -3.5 0.5 -4.7
v -3.5 0.5 -4.8
v -3.5 0.5 -5
v -3.5 0.5 -5.1
v -3.5 0.5 -5.5
v -3.5 0.5 -5.7
v -3.5 0.5 -5.8
v -3.5 0.5 -5.9
v -3.5 0.5 -6
v -3.5 0.5 -6.2
v -3.5 0.5 -6.3
v -3.4 0 6.3
v -3.4 0 6.2
v -3.4 0 6
v -3.4 0 5.8
v -3.4 0 5.6
v -3.4 0 5.5
v -3.4 0 5.4
v -3.4 0 5.3
v -3.4 0 5.2
v -3.4 0 5.1
v -3.4 0 5
v -3.4 0 4.9
v -3.4 0 4.6
v -3.4 0 4.3
v -3.4 0 4.1
v -3.4 0 3.9
v -3.4 0 3.8
v -3.4 0 3.7
v -3.4 0 3.6
v -3.4 0 3.5
v -3.4 0 3.4
v -3.4 0 3.3
v -3.4 0 3.2
v -3.4 0 3.1
v -3.4 0 3
v -3.4 0 2.9
v -3.4 0 2.8
v -3.4 0 2.7
v -3.4 0 2.5
v -3.4 0 2.4
v -3.4 0 2.3
v -3.4 0 2.1
v -3.4 0 2
v -3.4 0 1.8
v -3.4 0 1.6
v -3.4 0 1.5
v -3.4 0 1.4
v -3.4 0 1.3
v -3.4 0 1.2
v -3.4 0 1.1
v -3.4 0 1
v -3.4 0 0.9
v -3.4 0 0.7
v -3.4 0 0.6
v -3.4 0 0.5
v -3.4 0 0.4
v -3.4 0 0.3
v -3.4 0 0.2
v -3.4 0 0.1
v -3.4 0 -0.2
v -3.4 0 -0.3
v -3.4 0 -0.6
v -3.4 0 -0.7
v -3.4 0 -0.8
v -3.4 0 -1
v -3.4 0 -1.1
v -3.4 0 -1.3
v -3.4 0 -1.4
v -3.4 0 -1.5
v -3.4 0 -1.6
v -3.4 0 -1.7
v -3.4 0 -1.9
v -3.4 0 -2
v -3.4 0 -2.1
v -3.4 0 -2.2
v -3.4 0 -2.4
v -3.4 0 -2.5
v -3.4 0 -2.6
v -3.4 0 -2.8
v -3.4 0 -2.9
v -3.4 0 -3
v -3.4 0 -3.3
v -3.4 0 -3.4
v -3.4 0 -3.5
v -3.4 0 -3.6
v -3.4 0 -3.7
v -3.4 0 -4
v -3.4 0 -4.2
v -3.4 0 -4.3
v -3.4 0 -4.4
v -3.4 0 -4.8
v -3.4 0 -4.9
v -3.4 0 -5
v -3.4 0 -5.1
v -3.4 0 -5.2
v -3.4 0 -5.3
v -3.4 0 -5.4
v -3.4 0 -5.7
v -3.4 0 -5.8
v -3.4 0 -5.9
v -3.4 0 -6
v -3.4 0 -6.1
v -3.4 0 -6.2
v -3.4 0 -6.3
v -3.4 0.1 6.3
v -3.4 0.1 6.2
v -3.4 0.1 6
v -3.4 0.1 5.9
v -3.4 0.1 5.8
v -3.4 0.1 5.7
v -3.4 0.1 5.6
v -3.4 0.1 5.5
v -3.4 0.1 5.4
v -3.4 0.1 5.3
v -3.4 0.1 5.2
v -3.4 0.1 5.1
v -3.4 0.1 5
v -3.4 0.1 4.9
v -3.4 0.1 4.8
v -3.4 0.1 4.7
v -3.4 0.1 4.6
v -3.4 0.1 4.4
v -3.4 0.1 4.3
v -3.4 0.1 4.2
v -3.4 0.1 4.1
v -3.4 0.1 4
v -3.4 0.1 3.9
v -3.4 0.1 3.8
v -3.4 0.1 3.7
v -3.4 0.1 3.6
v -3.4 0.1 3.5
v -3.4 0.1 3.4
v -3.4 0.1 3.3
v -3.4 0.1 3.2
v -3.4 0.1 3.1
v -3.4 0.1 3
v -3.4 0.1 2.9
v -3.4 0.1 2.8
v -3.4 0.1 2.7
v -3.4 0.1 2.5
v -3.4 0.1 2.4
v -3.4 0.1 2.3
v -3.4 0.1 2.1
v -3.4 0.1 2
v -3.4 0.1 1.8
v -3.4 0.1 1.6
v -3.4 0.1 1.5
v -3.4 0.1 1.4
v -3.4 0.1 1.3
v -3.4 0.1 1.2
v -3.4 0.1 1.1
v -3.4 0.1 1
v -3.4 0.1 0.9
v -3.4 0.1 0.8
v -3.4 0.1 0.7
v -3.4 0.1 0.6
v -3.4 0.1 0.5
v -3.4 0.1 0.4
v -3.4 0.1 0.3
v -3.4 0.1 0.2
v -3.4 0.1 0.1
v -3.4 0.1 -0.1
v -3.4 0.1 -0.2
v -3.4 0.1 -0.3
v -3.4 0.1 -0.4
v -3.4 0.1 -0.5
v -3.4 0.1 -0.6
v -3.4 0.1 -0.7
v -3.4 0.1 -0.8
v -3.4 0.1 -0.9
v -3.4 0.1 -1
v -3.4 0.1 -1.1
v -3.4 0.1 -1.3
v -3.4 0.1 -1.4
v -3.4 0.1 -1.5
v -3.4 0.1 -1.6
v -3.4 0.1 -1.7
v -3.4 0.1 -1.8
v -3.4 0.1 -1.9
v -3.4 0.1 -2
v -3.4 0.1 -2.1
v -3.4 0.1 -2.2
v -3.4 0.1 -2.4
v -3.4 0.1 -2.5
v -3.4 0.1 -2.6
v -3.4 0.1 -2.8
v -3.4 0.1 -2.9
v -3.4 0.1 -3
v -3.4 0.1 -3.1
v -3.4 0.1 -3.3
v -3.4 0.1 -3.4
v -3.4 0.1 -3.5
v -3.4 0.1 -3.6
v -3.4 0.1 -3.7
v -3.4 0.1 -3.8
v -3.4 0.1 -3.9
v -3.4 0.1 -4
v -3.4 0.1 -4.1
v -3.4 0.1 -4.2
v -3.4 0.1 -4.3
v -3.4 0.1 -4.4
v -3.4 0.1 -4.7
v -3.4 0.1 -4.8
v -3.4 0.1 -4.9
v -3.4 0.1 -5
v -3.4 0.1 -5.1
v -3.4 0.1 -5.2
v -3.4 0.1 -5.3
v -3.4 0.1 -5.4
v -3.4 0.1 -5.5
v -3.4 0.1 -5.6
v -3.4 0.1 -5.7
v -3.4 0.1 -5.8
v -3.4 0.1 -5.9
v -3.4 0.1 -6
v -3.4 0.1 -6.1
v -3.4 0.1 -6.2
v -3.4 0.1 -6.3
v -3.4 0.5 6.3
v -3.4 0.5 6.2
v -3.4 0.5 6.1
v -3.4 0.5 6
v -3.4 0.5 5.8
v -3.4 0.5 5.7
v -3.4 0.5 5.6
v -3.4 0.5 5.5
v -3.4 0.5 5.4
v -3.4 0.5 5.3
v -3.4 0.5 5.2
v -3.4 0.5 5.1
v -3.4 0.5 5
v -3.4 0.5 4.9
v -3.4 0.5 4.8
v -3.4 0.5 4.7
v -3.4 0.5 4.6
v -3.4 0.5 4.5
v -3.4 0.5 4.4
v -3.4 0.5 4.3
v -3.4 0.5 4.2
v -3.4 0.5 4.1
v -3.4 0.5 4
v -3.4 0.5 3.9
v -3.4 0.5 3.8
v -3.4 0.5 3.7
v -3.4 0.5 3.6
v -3.4 0.5 3.5
v -3.4 0.5 3.4
v -3.4 0.5 3.3
v -3.4 0.5 3.2
v -3.4 0.5 3.1
v -3.4 0.5 3
v -3.4 0.5 2.9
v -3.4 0.5 2.8
v -3.4 0.5 2.7
v -3.4 0.5 2.6
v -3.4 0.5 2.5
v -3.4 0.5 2.4
v -3.4 0.5 2.3
v -3.4 0.5 2.2
v -3.4 0.5 2.1
v -3.4 0.5 2
v -3.4 0.5 1.9
v -3.4 0.5 1.8
v -3.4 0.5 1.7
v -3.4 0.5 1.6
v -3.4 0.5 1.4
v -3.4 0.5 1.2
v -3.4 0.5 1.1
v -3.4 0.5 1
v -3.4 0.5 0.9
v -3.4 0.5 0.8
v -3.4 0.5 0.7
v -3.4 0.5 0.6
v -3.4 0.5 0.5
v -3.4 0.5 0.4
v -3.4 0.5 0.3
v -3.4 0.5 0.2
v -3.4 0.5 0.1
v -3.4 0.5 0
v -3.4 0.5 -0.1
v -3.4 0.5 -0.2
v -3.4 0.5 -0.3
v -3.4 0.5 -0.4
v -3.4 0.5 -0.5
v -3.4 0.5 -0.6
v -3.4 0.5 -0.7
v -3.4 0.5 -0.8
v -3.4 0.5 -1
v -3.4 0.5 -1.1
v -3.4 0.5 -1.2
v -3.4 0.5 -1.3
v -3.4 0.5 -1.4
v -3.4 0.5 -1.5
v -3.4 0.5 -1.6
v -3.4 0.5 -1.7
v -3.4 0.5 -1.8
v -3.4 0.5 -1.9
v -3.4 0.5 -2
v -3.4 0.5 -2.1
v -3.4 0.5 -2.2
v -3.4 0.5 -2.3
v -3.4 0.5 -2.4
v -3.4 0.5 -2.5
v -3.4 0.5 -2.6
v -3.4 0.5 -2.7
v -3.4 0.5 -2.8
v -3.4 0.5 -2.9
v -3.4 0.5 -3
v -3.4 0.5 -3.1
v -3.4 0.5 -3.2
v -3.4 0.5 -3.3
v -3.4 0.5 -3.4
v -3.4 0.5 -3.5
v -3.4 0.5 -3.7
v -3.4 0.5 -3.8
v -3.4 0.5 -4.1
v -3.4 0.5 -4.2
v -3.4 0.5 -4.3
v -3.4 0.5 -4.4
v -3.4 0.5 -4.5
v -3.4 0.5 -4.6
v -3.4 0.5 -4.7
v -3.4 0.5 -4.8
v -3.4 0.5 -5
v -3.4 0.5 -5.1
v -3.4 0.5 -5.2
v -3.4 0.5 -5.3
v -3.4 0.5 -5.5
v -3.4 0.5 -5.6
v -3.4 0.5 -5.7
v -3.4 0.5 -5.8
v -3.4 0.5 -5.9
v -3.4 0.5 -6
v -3.4 0.5 -6.2
v -3.4 0.5 -6.3
v -3.4 0.6 6.3
v -3.4 0.6 6
v -3.4 0.6 5.7
v -3.4 0.6 5.6
v -3.4 0.6 5.5
v -3.4 0.6 5.4
v -3.4 0.6 5.2
v -3.4 0.6 5.1
v -3.4 0.6 5
v -3.4 0.6 4.9
v -3.4 0.6 4.8
v -3.4 0.6 4.5
v -3.4 0.6 4.4
v -3.4 0.6 4.3
v -3.4 0.6 4.2
v -3.4 0.6 4.1
v -3.4 0.6 4
v -3.4 0.6 3.9
v -3.4 0.6 3.8
v -3.4 0.6 3.7
v -3.4 0.6 3.5
v -3.4 0.6 3.4
v -3.4 0.6 3.3
v -3.4 0.6 3.2
v -3.4 0.6 3.1
v -3.4 0.6 2.9
v -3.4 0.6 2.7
v -3.4 0.6 2.6
v -3.4 0.6 2.2
v -3.4 0.6 2.1
v -3.4 0.6 1.9
v -3.4 0.6 1.8
v -3.4 0.6 1.7
v -3.4 0.6 1.4
v -3.4 0.6 1.1
v -3.4 0.6 1
v -3.4 0.6 0.9
v -3.4 0.6 0.6
v -3.4 0.6 0.5
v -3.4 0.6 0.4
v -3.4 0.6 0.2
v -3.4 0.6 0.1
v -3.4 0.6 0
v -3.4 0.6 -0.1
v -3.4 0.6 -0.2
v -3.4 0.6 -0.3
v -3.4 0.6 -0.5
v -3.4 0.6 -0.6
v -3.4 0.6 -0.7
v -3.4 0.6 -0.8
v -3.4 0.6 -1
v -3.4 0.6 -1.1
v -3.4 0.6 -1.3
v -3.4 0.6 -1.4
v -3.4 0.6 -1.6
v -3.4 0.6 -1.7
v -3.4 0.6 -1.8
v -3.4 0.6 -1.9
v -3.4 0.6 -2
v -3.4 0.6 -2.2
v -3.4 0.6 -2.3
v -3.4 0.6 -2.5
v -3.4 0.6 -2.6
v -3.4 0.6 -2.7
v -3.4 0.6 -2.8
v -3.4 0.6 -2.9
v -3.4 0.6 -3
v -3.4 0.6 -3.1
v -3.4 0.6 -3.2
v -3.4 0.6 -3.4
v -3.4 0.6 -3.5
v -3.4 0.6 -3.7
v -3.4 0.6 -3.8
v -3.4 0.6 -4.1
v -3.4 0.6 -4.2
v -3.4 0.6 -4.3
v -3.4 0.6 -4.4
v -3.4 0.6 -4.5
v -3.4 0.6 -4.6
v -3.4 0.6 -4.7
v -3.4 0.6 -4.8
v -3.4 0.6 -5
v -3.4 0.6 -5.1
v -3.4 0.6 -5.2
v -3.4 0.6 -5.3
v -3.4 0.6 -5.5
v -3.4 0.6 -5.6
v -3.4 0.6 -5.8
v -3.4 0.6 -5.9
v -3.4 0.6 -6
v -3.4 0.6 -6.3
v -3 0 6.3
v -3 0 6.2
v -3 0 6.1
v -3 0 6
v -3 0 5.9
v -3 0 5.7
v -3 0 5.6
v -3 0 5.5
v -3 0 5.4
v -3 0 5.3
v -3 0 5.2
v -3 0 5
v -3 0 4.7
v -3 0 4.6
v -3 0 4.3
v -3 0 4.1
v -3 0 4
v -3 0 3.9
v -3 0 3.8
v -3 0 3.6
v -3 0 3.5
v -3 0 3.4
v -3 0 3.3
v -3 0 3.2
v -3 0 3
v -3 0 2.9
v -3 0 2.7
v -3 0 2.6
v -3 0 2.5
v -3 0 2.2
v -3 0 2
v -3 0 1.9
v -3 0 1.7
v -3 0 1.5
v -3 0 1.4
v -3 0 1.3
v -3 0 1
v -3 0 0.9
v -3 0 0.7
v -3 0 0.5
v -3 0 0.4
v -3 0 0.3
v -3 0 -0.1
v -3 0 -0.4
v -3 0 -0.5
v -3 0 -1.1
v -3 0 -1.2
v -3 0 -1.3
v -3 0 -1.4
v -3 0 -1.6
v -3 0 -1.7
v -3 0 -1.8
v -3 0 -1.9
v -3 0 -2
v -3 0 -2.1
v -3 0 -2.2
v -3 0 -2.3
v -3 0 -2.4
v -3 0 -2.5
v -3 0 -2.7
v -3 0 -2.8
v -3 0 -3
v -3 0 -3.2
v -3 0 -3.3
v -3 0 -3.5
v -3 0 -3.6
v -3 0 -3.7
v -3 0 -3.9
v -3 0 -4.1
v -3 0 -4.3
v -3 0 -4.4
v -3 0 -4.5
v -3 0 -4.7
v -3 0 -4.9
v -3 0 -5
v -3 0 -5.1
v -3 0 -5.2
v -3 0 -5.3
v -3 0 -5.4
v -3 0 -5.5
v -3 0 -5.6
v -3 0 -5.7
v -3 0 -5.8
v -3 0 -5.9
v -3 0 -6
v -3 0 -6.2
v -3 0 -6.3
v -3 0.1 6.3
v -3 0.1 6.2
v -3 0.1 6.1
v -3 0.1 6
v -3 0.1 5.9
v -3 0.1 5.8
v -3 0.1 5.7
v -3 0.1 5.6
v -3 0.1 5.5
v -3 0.1 5.4
v -3 0.1 5.3
v -3 0.1 5.2
v -3 0.1 5.1
v -3 0.1 5
v -3 0.1 4.8
v -3 0.1 4.7
v -3 0.1 4.6
v -3 0.1 4.5
v -3 0.1 4.4
v -3 0.1 4.3
v -3 0.1 4.1
v -3 0.1 4
v -3 0.1 3.9
v -3 0.1 3.8
v -3 0.1 3.6
v -3 0.1 3.5
v -3 0.1 3.4
v -3 0.1 3.3
v -3 0.1 3.2
v -3 0.1 3.1
v -3 0.1 3
v -3 0.1 2.9
v -3 0.1 2.8
v -3 0.1 2.7
v -3 0.1 2.6
v -3 0.1 2.5
v -3 0.1 2.4
v -3 0.1 2.2
v -3 0.1 2
v -3 0.1 1.9
v -3 0.1 1.8
v -3 0.1 1.7
v -3 0.1 1.6
v -3 0.1 1.5
v -3 0.1 1.4
v -3 0.1 1.3
v -3 0.1 1.2
v -3 0.1 1
v -3 0.1 0.9
v -3 0.1 0.7
v -3 0.1 0.5
v -3 0.1 0.4
v -3 0.1 0.3
v -3 0.1 0.2
v -3 0.1 -0.1
v -3 0.1 -0.2
v -3 0.1 -0.3
v -3 0.1 -0.4
v -3 0.1 -0.5
v -3 0.1 -1.1
v -3 0.1 -1.2
v -3 0.1 -1.3
v -3 0.1 -1.4
v -3 0.1 -1.5
v -3 0.1 -1.6
v -3 0.1 -1.7
v -3 0.1 -1.8
v -3 0.1 -1.9
v -3 0.1 -2
v -3 0.1 -2.1
v -3 0.1 -2.2
v -3 0.1 -2.3
v -3 0.1 -2.4
v -3 0.1 -2.5
v -3 0.1 -2.6
v -3 0.1 -2.7
v -3 0.1 -2.8
v -3 0.1 -3
v -3 0.1 -3.1
v -3 0.1 -3.2
v -3 0.1 -3.3
v -3 0.1 -3.4
v -3 0.1 -3.5
v -3 0.1 -3.6
v -3 0.1 -3.7
v -3 0.1 -3.8
v -3 0.1 -3.9
v -3 0.1 -4
v -3 0.1 -4.1
v -3 0.1 -4.2
v -3 0.1 -4.3
v -3 0.1 -4.4
v -3 0.1 -4.5
v -3 0.1 -4.7
v -3 0.1 -4.8
v -3 0.1 -4.9
v -3 0.1 -5
v -3 0.1 -5.1
v -3 0.1 -5.2
v -3 0.1 -5.3
v -3 0.1 -5.4
v -3 0.1 -5.5
v -3 0.1 -5.6
v -3 0.1 -5.7
v -3 0.1 -5.8
v -3 0.1 -5.9
v -3 0.1 -6
v -3 0.1 -6.1
v -3 0.1 -6.2
v -3 0.1 -6.3
v -3 0.5 6.3
v -3 0.5 6.2
v -3 0.5 6.1
v -3 0.5 6
v -3 0.5 5.9
v -3 0.5 5.8
v -3 0.5 5.7
v -3 0.5 5.6
v -3 0.5 5.5
v -3 0.5 5.4
v -3 0.5 5.3
v -3 0.5 5.2
v -3 0.5 5.1
v -3 0.5 4.9
v -3 0.5 4.8
v -3 0.5 4.7
v -3 0.5 4.6
v -3 0.5 4.5
v -3 0.5 4.4
v -3 0.5 4.3
v -3 0.5 4.2
v -3 0.5 4.1
v -3 0.5 4
v -3 0.5 3.9
v -3 0.5 3.8
v -3 0.5 3.7
v -3 0.5 3.6
v -3 0.5 3.5
v -3 0.5 3.4
v -3 0.5 3.2
v -3 0.5 3.1
v -3 0.5 3
v -3 0.5 2.9
v -3 0.5 2.7
v -3 0.5 2.6
v -3 0.5 2.4
v -3 0.5 2.3
v -3 0.5 2.2
v -3 0.5 2.1
v -3 0.5 2
v -3 0.5 1.9
v -3 0.5 1.8
v -3 0.5 1.7
v -3 0.5 1.6
v -3 0.5 1.5
v -3 0.5 1.4
v -3 0.5 1.3
v -3 0.5 1.2
v -3 0.5 1.1
v -3 0.5 1
v -3 0.5 0.7
v -3 0.5 0.6
v -3 0.5 0.5
v -3 0.5 0.2
v -3 0.5 0.1
v -3 0.5 0
v -3 0.5 -0.1
v -3 0.5 -0.2
v -3 0.5 -0.4
v -3 0.5 -0.5
v -3 0.5 -0.6
v -3 0.5 -0.7
v -3 0.5 -0.8
v -3 0.5 -0.9
v -3 0.5 -1
v -3 0.5 -1.2
v -3 0.5 -1.3
v -3 0.5 -1.4
v -3 0.5 -1.5
v -3 0.5 -1.6
v -3 0.5 -1.8
v -3 0.5 -1.9
v -3 0.5 -2
v -3 0.5 -2.1
v -3 0.5 -2.2
v -3 0.5 -2.3
v -3 0.5 -2.4
v -3 0.5 -2.5
v -3 0.5 -2.6
v -3 0.5 -2.7
v -3 0.5 -2.8
v -3 0.5 -2.9
v -3 0.5 -3
v -3 0.5 -3.1
v -3 0.5 -3.2
v -3 0.5 -3.3
v -3 0.5 -3.5
v -3 0.5 -3.6
v -3 0.5 -3.7
v -3 0.5 -3.8
v -3 0.5 -4
v -3 0.5 -4.1
v -3 0.5 -4.2
v -3 0.5 -4.3
v -3 0.5 -4.4
v -3 0.5 -4.5
v -3 0.5 -4.8
v -3 0.5 -4.9
v -3 0.5 -5
v -3 0.5 -5.1
v -3 0.5 -5.2
v -3 0.5 -5.3
v -3 0.5 -5.4
v -3 0.5 -5.5
v -3 0.5 -5.6
v -3 0.5 -5.7
v -3 0.5 -5.8
v -3 0.5 -5.9
v -3 0.5 -6.1
v -3 0.5 -6.2
v -3 0.5 -6.3
v -3 0.6 6.3
v -3 0.6 6
v -3 0.6 5.9
v -3 0.6 5.8
v -3 0.6 5.6
v -3 0.6 5.4
v -3 0.6 5.3
v -3 0.6 5.2
v -3 0.6 4.9
v -3 0.6 4.8
v -3 0.6 4.7
v -3 0.6 4.5
v -3 0.6 4.4
v -3 0.6 4.3
v -3 0.6 4.2
v -3 0.6 4.1
v -3 0.6 3.9
v -3 0.6 3.8
v -3 0.6 3.7
v -3 0.6 3.6
v -3 0.6 3.5
v -3 0.6 3.4
v -3 0.6 3.2
v -3 0.6 3.1
v -3 0.6 2.9
v -3 0.6 2.7
v -3 0.6 2.6
v -3 0.6 2.4
v -3 0.6 2.3
v -3 0.6 2.2
v -3 0.6 2.1
v -3 0.6 2
v -3 0.6 1.9
v -3 0.6 1.8
v -3 0.6 1.7
v -3 0.6 1.6
v -3 0.6 1.5
v -3 0.6 1.4
v -3 0.6 1.3
v -3 0.6 1.2
v -3 0.6 1.1
v -3 0.6 1
v -3 0.6 0.7
v -3 0.6 0.6
v -3 0.6 0.5
v -3 0.6 0.2
v -3 0.6 0
v -3 0.6 -0.1
v -3 0.6 -0.2
v -3 0.6 -0.4
v -3 0.6 -0.5
v -3 0.6 -0.6
v -3 0.6 -0.7
v -3 0.6 -0.9
v -3 0.6 -1
v -3 0.6 -1.3
v -3 0.6 -1.4
v -3 0.6 -1.6
v -3 0.6 -1.8
v -3 0.6 -1.9
v -3 0.6 -2
v -3 0.6 -2.1
v -3 0.6 -2.2
v -3 0.6 -2.3
v -3 0.6 -2.5
v -3 0.6 -2.6
v -3 0.6 -2.7
v -3 0.6 -2.8
v -3 0.6 -2.9
v -3 0.6 -3
v -3 0.6 -3.2
v -3 0.6 -3.3
v -3 0.6 -3.5
v -3 0.6 -3.7
v -3 0.6 -3.8
v -3 0.6 -4
v -3 0.6 -4.1
v -3 0.6 -4.2
v -3 0.6 -4.3
v -3 0.6 -4.4
v -3 0.6 -4.5
v -3 0.6 -4.8
v -3 0.6 -4.9
v -3 0.6 -5.2
v -3 0.6 -5.5
v -3 0.6 -5.6
v -3 0.6 -5.7
v -3 0.6 -5.8
v -3 0.6 -6.2
v -3 0.6 -6.3
v -2.9 0.1 6.3
v -2.9 0.1 6.2
v -2.9 0.1 6.1
v -2.9 0.1 5.9
v -2.9 0.1 5.8
v -2.9 0.1 5.7
v -2.9 0.1 5.5
v -2.9 0.1 5.4
v -2.9 0.1 5.3
v -2.9 0.1 5.1
v -2.9 0.1 5
v -2.9 0.1 4.8
v -2.9 0.1 4.7
v -2.9 0.1 4.5
v -2.9 0.1 4.4
v -2.9 0.1 3.6
v -2.9 0.1 3.5
v -2.9 0.1 3.4
v -2.9 0.1 3.1
v -2.9 0.1 2.9
v -2.9 0.1 2.8
v -2.9 0.1 2.7
v -2.9 0.1 2.6
v -2.9 0.1 2.5
v -2.9 0.1 2.4
v -2.9 0.1 2.2
v -2.9 0.1 2
v -2.9 0.1 1.8
v -2.9 0.1 1.7
v -2.9 0.1 1.6
v -2.9 0.1 1.5
v -2.9 0.1 1.4
v -2.9 0.1 1.3
v -2.9 0.1 1.2
v -2.9 0.1 0.7
v -2.9 0.1 0.3
v -2.9 0.1 0.2
v -2.9 0.1 -0.1
v -2.9 0.1 -0.2
v -2.9 0.1 -0.3
v -2.9 0.1 -0.5
v -2.9 0.1 -1.1
v -2.9 0.1 -1.3
v -2.9 0.1 -1.4
v -2.9 0.1 -1.5
v -2.9 0.1 -1.6
v -2.9 0.1 -2
v -2.9 0.1 -2.3
v -2.9 0.1 -2.4
v -2.9 0.1 -2.5
v -2.9 0.1 -2.6
v -2.9 0.1 -2.8
v -2.9 0.1 -3
v -2.9 0.1 -3.1
v -2.9 0.1 -3.3
v -2.9 0.1 -3.4
v -2.9 0.1 -3.8
v -2.9 0.1 -3.9
v -2.9 0.1 -4
v -2.9 0.1 -4.1
v -2.9 0.1 -4.2
v -2.9 0.1 -4.3
v -2.9 0.1 -4.4
v -2.9 0.1 -4.7
v -2.9 0.1 -4.8
v -2.9 0.1 -4.9
v -2.9 0.1 -5
v -2.9 0.1 -5.2
v -2.9 0.1 -5.3
v -2.9 0.1 -5.4
v -2.9 0.1 -5.5
v -2.9 0.1 -5.7
v -2.9 0.1 -5.8
v -2.9 0.1 -5.9
v -2.9 0.1 -6
v -2.9 0.1 -6.1
v -2.9 0.1 -6.2
v -2.9 0.1 -6.3
v -2.9 0.2 6.3
v -2.9 0.2 6.2
v -2.9 0.2 6.1
v -2.9 0.2 6
v -2.9 0.2 5.9
v -2.9 0.2 5.8
v -2.9 0.2 5.7
v -2.9 0.2 5.5
v -2.9 0.2 5.4
v -2.9 0.2 5.3
v -2.9 0.2 5.1
v -2.9 0.2 5
v -2.9 0.2 4.8
v -2.9 0.2 4.7
v -2.9 0.2 4.5
v -2.9 0.2 4.4
v -2.9 0.2 4.2
v -2.9 0.2 4.1
v -2.9 0.2 4
v -2.9 0.2 3.9
v -2.9 0.2 3.8
v -2.9 0.2 3.7
v -2.9 0.2 3.6
v -2.9 0.2 3.5
v -2.9 0.2 3.4
v -2.9 0.2 3.3
v -2.9 0.2 3.1
v -2.9 0.2 3
v -2.9 0.2 2.9
v -2.9 0.2 2.8
v -2.9 0.2 2.7
v -2.9 0.2 2.6
v -2.9 0.2 2.5
v -2.9 0.2 2.4
v -2.9 0.2 2.2
v -2.9 0.2 2
v -2.9 0.2 1.9
v -2.9 0.2 1.8
v -2.9 0.2 1.7
v -2.9 0.2 1.6
v -2.9 0.2 1.5
v -2.9 0.2 1.4
v -2.9 0.2 1.3
v -2.9 0.2 1.2
v -2.9 0.2 1.1
v -2.9 0.2 1
v -2.9 0.2 0.8
v -2.9 0.2 0.7
v -2.9 0.2 0.5
v -2.9 0.2 0.4
v -2.9 0.2 0.3
v -2.9 0.2 0.2
v -2.9 0.2 0
v -2.9 0.2 -0.1
v -2.9 0.2 -0.2
v -2.9 0.2 -0.3
v -2.9 0.2 -0.4
v -2.9 0.2 -0.5
v -2.9 0.2 -0.7
v -2.9 0.2 -0.8
v -2.9 0.2 -0.9
v -2.9 0.2 -1
v -2.9 0.2 -1.1
v -2.9 0.2 -1.2
v -2.9 0.2 -1.3
v -2.9 0.2 -1.4
v -2.9 0.2 -1.5
v -2.9 0.2 -1.6
v -2.9 0.2 -1.8
v -2.9 0.2 -1.9
v -2.9 0.2 -2
v -2.9 0.2 -2.1
v -2.9 0.2 -2.2
v -2.9 0.2 -2.3
v -2.9 0.2 -2.4
v -2.9 0.2 -2.5
v -2.9 0.2 -2.6
v -2.9 0.2 -2.7
v -2.9 0.2 -2.8
v -2.9 0.2 -3
v -2.9 0.2 -3.1
v -2.9 0.2 -3.2
v -2.9 0.2 -3.3
v -2.9 0.2 -3.4
v -2.9 0.2 -3.8
v -2.9 0.2 -3.9
v -2.9 0.2 -4
v -2.9 0.2 -4.1
v -2.9 0.2 -4.2
v -2.9 0.2 -4.3
v -2.9 0.2 -4.4
v -2.9 0.2 -4.5
v -2.9 0.2 -4.6
v -2.9 0.2 -4.7
v -2.9 0.2 -4.8
v -2.9 0.2 -4.9
v -2.9 0.2 -5
v -2.9 0.2 -5.1
v -2.9 0.2 -5.2
v -2.9 0.2 -5.3
v -2.9 0.2 -5.4
v -2.9 0.2 -5.5
v -2.9 0.2 -5.7
v -2.9 0.2 -5.8
v -2.9 0.2 -5.9
v -2.9 0.2 -6
v -2.9 0.2 -6.1
v -2.9 0.2 -6.2
v -2.9 0.2 -6.3
v -2.9 0.3 6.3
v -2.9 0.3 6.2
v -2.9 0.3 6.1
v -2.9 0.3 6
v -2.9 0.3 5.9
v -2.9 0.3 5.8
v -2.9 0.3 5.7
v -2.9 0.3 5.6
v -2.9 0.3 5.5
v -2.9 0.3 5.4
v -2.9 0.3 5.3
v -2.9 0.3 5.2
v -2.9 0.3 5.1
v -2.9 0.3 5
v -2.9 0.3 4.9
v -2.9 0.3 4.8
v -2.9 0.3 4.6
v -2.9 0.3 4.5
v -2.9 0.3 4.4
v -2.9 0.3 4.2
v -2.9 0.3 4.1
v -2.9 0.3 4
v -2.9 0.3 3.9
v -2.9 0.3 3.8
v -2.9 0.3 3.7
v -2.9 0.3 3.6
v -2.9 0.3 3.5
v -2.9 0.3 3.3
v -2.9 0.3 3.1
v -2.9 0.3 3
v -2.9 0.3 2.9
v -2.9 0.3 2.8
v -2.9 0.3 2.7
v -2.9 0.3 2.6
v -2.9 0.3 2.5
v -2.9 0.3 2.4
v -2.9 0.3 2.3
v -2.9 0.3 2.2
v -2.9 0.3 2.1
v -2.9 0.3 2
v -2.9 0.3 1.9
v -2.9 0.3 1.8
v -2.9 0.3 1.7
v -2.9 0.3 1.6
v -2.9 0.3 1.5
v -2.9 0.3 1.4
v -2.9 0.3 1.2
v -2.9 0.3 1.1
v -2.9 0.3 1
v -2.9 0.3 0.9
v -2.9 0.3 0.8
v -2.9 0.3 0.7
v -2.9 0.3 0.5
v -2.9 0.3 0.4
v -2.9 0.3 0.2
v -2.9 0.3 0
v -2.9 0.3 -0.2
v -2.9 0.3 -0.3
v -2.9 0.3 -0.4
v -2.9 0.3 -0.5
v -2.9 0.3 -0.6
v -2.9 0.3 -0.7
v -2.9 0.3 -0.8
v -2.9 0.3 -0.9
v -2.9 0.3 -1
v -2.9 0.3 -1.1
v -2.9 0.3 -1.2
v -2.9 0.3 -1.3
v -2.9 0.3 -1.4
v -2.9 0.3 -1.5
v -2.9 0.3 -1.6
v -2.9 0.3 -1.8
v -2.9 0.3 -1.9
v -2.9 0.3 -2.1
v -2.9 0.3 -2.2
v -2.9 0.3 -2.3
v -2.9 0.3 -2.4
v -2.9 0.3 -2.5
v -2.9 0.3 -2.6
v -2.9 0.3 -2.7
v -2.9 0.3 -2.8
v -2.9 0.3 -2.9
v -2.9 0.3 -3
v -2.9 0.3 -3.2
v -2.9 0.3 -3.3
v -2.9 0.3 -3.8
v -2.9 0.3 -3.9
v -2.9 0.3 -4
v -2.9 0.3 -4.2
v -2.9 0.3 -4.5
v -2.9 0.3 -4.6
v -2.9 0.3 -4.7
v -2.9 0.3 -4.8
v -2.9 0.3 -4.9
v -2.9 0.3 -5
v -2.9 0.3 -5.1
v -2.9 0.3 -5.2
v -2.9 0.3 -5.3
v -2.9 0.3 -5.4
v -2.9 0.3 -5.5
v -2.9 0.3 -5.6
v -2.9 0.3 -5.7
v -2.9 0.3 -5.8
v -2.9 0.3 -6
v -2.9 0.3 -6.1
v -2.9 0.3 -6.2
v -2.9 0.3 -6.3
v -2.9 0.4 6.3
v -2.9 0.4 6.2
v -2.9 0.4 6.1
v -2.9 0.4 6
v -2.9 0.4 5.9
v -2.9 0.4 5.8
v -2.9 0.4 5.7
v -2.9 0.4 5.6
v -2.9 0.4 5.5
v -2.9 0.4 5.4
v -2.9 0.4 5.3
v -2.9 0.4 5.2
v -2.9 0.4 5.1
v -2.9 0.4 5
v -2.9 0.4 4.9
v -2.9 0.4 4.8
v -2.9 0.4 4.7
v -2.9 0.4 4.6
v -2.9 0.4 4.5
v -2.9 0.4 4.4
v -2.9 0.4 4.3
v -2.9 0.4 4.2
v -2.9 0.4 4
v -2.9 0.4 3.9
v -2.9 0.4 3.8
v -2.9 0.4 3.7
v -2.9 0.4 3.6
v -2.9 0.4 3.5
v -2.9 0.4 3.3
v -2.9 0.4 3.1
v -2.9 0.4 3
v -2.9 0.4 2.9
v -2.9 0.4 2.8
v -2.9 0.4 2.7
v -2.9 0.4 2.6
v -2.9 0.4 2.5
v -2.9 0.4 2.4
v -2.9 0.4 2.3
v -2.9 0.4 2.2
v -2.9 0.4 2.1
v -2.9 0.4 2
v -2.9 0.4 1.9
v -2.9 0.4 1.8
v -2.9 0.4 1.7
v -2.9 0.4 1.6
v -2.9 0.4 1.5
v -2.9 0.4 1.4
v -2.9 0.4 1.3
v -2.9 0.4 1.2
v -2.9 0.4 1
v -2.9 0.4 0.9
v -2.9 0.4 0.7
v -2.9 0.4 0.6
v -2.9 0.4 0.5
v -2.9 0.4 0.2
v -2.9 0.4 0.1
v -2.9 0.4 0
v -2.9 0.4 -0.1
v -2.9 0.4 -0.2
v -2.9 0.4 -0.3
v -2.9 0.4 -0.4
v -2.9 0.4 -0.5
v -2.9 0.4 -0.6
v -2.9 0.4 -0.7
v -2.9 0.4 -0.8
v -2.9 0.4 -0.9
v -2.9 0.4 -1
v -2.9 0.4 -1.1
v -2.9 0.4 -1.2
v -2.9 0.4 -1.3
v -2.9 0.4 -1.4
v -2.9 0.4 -1.5
v -2.9 0.4 -1.6
v -2.9 0.4 -1.8
v -2.9 0.4 -1.9
v -2.9 0.4 -2
v -2.9 0.4 -2.1
v -2.9 0.4 -2.2
v -2.9 0.4 -2.3
v -2.9 0.4 -2.4
v -2.9 0.4 -2.5
v -2.9 0.4 -2.6
v -2.9 0.4 -2.7
v -2.9 0.4 -2.8
v -2.9 0.4 -2.9
v -2.9 0.4 -3
v -2.9 0.4 -3.1
v -2.9 0.4 -3.2
v -2.9 0.4 -3.3
v -2.9 0.4 -3.5
v -2.9 0.4 -3.6
v -2.9 0.4 -3.8
v -2.9 0.4 -3.9
v -2.9 0.4 -4
v -2.9 0.4 -4.3
v -2.9 0.4 -4.4
v -2.9 0.4 -4.5
v -2.9 0.4 -4.8
v -2.9 0.4 -4.9
v -2.9 0.4 -5
v -2.9 0.4 -5.1
v -2.9 0.4 -5.2
v -2.9 0.4 -5.3
v -2.9 0.4 -5.4
v -2.9 0.4 -5.5
v -2.9 0.4 -5.6
v -2.9 0.4 -5.7
v -2.9 0.4 -5.8
v -2.9 0.4 -5.9
v -2.9 0.4 -6.1
v -2.9 0.4 -6.2
v -2.9 0.4 -6.3
v -2.9 0.5 6.3
v -2.9 0.5 6.2
v -2.9 0.5 6.1
v -2.9 0.5 6
v -2.9 0.5 5.8
v -2.9 0.5 5.7
v -2.9 0.5 5.6
v -2.9 0.5 5.5
v -2.9 0.5 5.4
v -2.9 0.5 5.2
v -2.9 0.5 5.1
v -2.9 0.5 4.8
v -2.9 0.5 4.7
v -2.9 0.5 4.6
v -2.9 0.5 4.5
v -2.9 0.5 4.4
v -2.9 0.5 4.3
v -2.9 0.5 4.2
v -2.9 0.5 4
v -2.9 0.5 3.8
v -2.9 0.5 3.5
v -2.9 0.5 3.1
v -2.9 0.5 3
v -2.9 0.5 2.9
v -2.9 0.5 2.7
v -2.9 0.5 2.6
v -2.9 0.5 2.4
v -2.9 0.5 2.3
v -2.9 0.5 2.1
v -2.9 0.5 2
v -2.9 0.5 1.8
v -2.9 0.5 1.7
v -2.9 0.5 1.6
v -2.9 0.5 1.5
v -2.9 0.5 1.4
v -2.9 0.5 1.3
v -2.9 0.5 1.2
v -2.9 0.5 0.7
v -2.9 0.5 0.6
v -2.9 0.5 0.5
v -2.9 0.5 0.2
v -2.9 0.5 0.1
v -2.9 0.5 0
v -2.9 0.5 -0.1
v -2.9 0.5 -0.4
v -2.9 0.5 -0.6
v -2.9 0.5 -0.8
v -2.9 0.5 -0.9
v -2.9 0.5 -1
v -2.9 0.5 -1.2
v -2.9 0.5 -1.3
v -2.9 0.5 -1.4
v -2.9 0.5 -1.5
v -2.9 0.5 -1.6
v -2.9 0.5 -1.8
v -2.9 0.5 -1.9
v -2.9 0.5 -2
v -2.9 0.5 -2.1
v -2.9 0.5 -2.2
v -2.9 0.5 -2.4
v -2.9 0.5 -2.5
v -2.9 0.5 -2.6
v -2.9 0.5 -2.7
v -2.9 0.5 -2.8
v -2.9 0.5 -2.9
v -2.9 0.5 -3
v -2.9 0.5 -3.1
v -2.9 0.5 -3.2
v -2.9 0.5 -3.3
v -2.9 0.5 -3.5
v -2.9 0.5 -3.6
v -2.9 0.5 -4
v -2.9 0.5 -4.3
v -2.9 0.5 -4.4
v -2.9 0.5 -4.5
v -2.9 0.5 -4.8
v -2.9 0.5 -4.9
v -2.9 0.5 -5
v -2.9 0.5 -5.1
v -2.9 0.5 -5.2
v -2.9 0.5 -5.3
v -2.9 0.5 -5.4
v -2.9 0.5 -5.8
v -2.9 0.5 -5.9
v -2.9 0.5 -6.1
v -2.9 0.5 -6.2
v -2.9 0.5 -6.3
v -3.5 0.1 6.3
v -3.5 0.2 6.3
v -3.5 0.3 6.3
v -3.5 0.5 6.3
v -3.4 0 6.3
v -3.4 0.1 6.3
v -3.4 0.2 6.3
v -3.4 0.3 6.3
v -3.4 0.4 6.3
v -3.4 0.5 6.3
v -3.4 0.6 6.3
v -3.3 0.1 6.3
v -3.3 0.2 6.3
v -3.3 0.3 6.3
v -3.3 0.4 6.3
v -3.3 0.5 6.3
v -3.3 0.6 6.3
v -3.2 0 6.3
v -3.2 0.1 6.3
v -3.2 0.2 6.3
v -3.2 0.3 6.3
v -3.2 0.4 6.3
v -3.2 0.5 6.3
v -3.1 0 6.3
v -3.1 0.1 6.3
v -3.1 0.2 6.3
v -3.1 0.3 6.3
v -3.1 0.4 6.3
v -3.1 0.5 6.3
v -3.1 0.6 6.3
v -3 0 6.3
v -3 0.1 6.3
v -3 0.2 6.3
v -3 0.3 6.3
v -3 0.4 6.3
v -3 0.5 6.3
v -3 0.6 6.3
v -2.9 0.1 6.3
v -2.9 0.2 6.3
v -2.9 0.3 6.3
v -2.9 0.4 6.3
v -2.9 0.5 6.3
v -3.5 0.1 -6.3
v -3.5 0.2 -6.3
v -3.5 0.3 -6.3
v -3.5 0.4 -6.3
v -3.5 0.5 -6.3
v -3.4 0 -6.3
v -3.4 0.1 -6.3
v -3.4 0.2 -6.3
v -3.4 0.3 -6.3
v -3.4 0.4 -6.3
v -3.4 0.5 -6.3
v -3.4 0.6 -6.3
v -3.3 0 -6.3
v -3.3 0.1 -6.3
v -3.3 0.2 -6.3
v -3.3 0.3 -6.3
v -3.3 0.4 -6.3
v -3.3 0.5 -6.3
v -3.3 0.6 -6.3
v -3.2 0.1 -6.3
v -3.2 0.2 -6.3
v -3.2 0.3 -6.3
v -3.2 0.4 -6.3
v -3.2 0.5 -6.3
v -3.2 0.6 -6.3
v -3.1 0 -6.3
v -3.1 0.1 -6.3
v -3.1 0.2 -6.3
v -3.1 0.4 -6.3
v -3.1 0.5 -6.3
v -3.1 0.6 -6.3
v -3 0 -6.3
v -3 0.1 -6.3
v -3 0.2 -6.3
v -3 0.3 -6.3
v -3 0.4 -6.3
v -3 0.5 -6.3
v -3 0.6 -6.3
v -2.9 0.1 -6.3
v -2.9 0.2 -6.3
v -2.9 0.3 -6.3
v -2.9 0.4 -6.3
v -2.9 0.5 -6.3
v -3.4 0 6.3
v -3.2 0 6.3
v -3.1 0 6.3
v -3 0 6.3
v -3.4 0 6.2
v -3.3 0 6.2
v -3.2 0 6.2
v -3.1 0 6.2
v -3 0 6.2
v -3.3 0 6.1
v -3.2 0 6.1
v -3.1 0 6.1
v -3 0 6.1
v -3.4 0 6
v -3.3 0 6
v -3.2 0 6
v -3.1 0 6
v -3 0 6
v -3.3 0 5.9
v -3.2 0 5.9
v -3.1 0 5.9
v -3 0 5.9
v -3.4 0 5.8
v -3.3 0 5.8
v -3.2 0 5.8
v -3.1 0 5.7
v -3 0 5.7
v -3.4 0 5.6
v -3.3 0 5.6
v -3.2 0 5.6
v -3.1 0 5.6
v -3 0 5.6
v -3.4 0 5.5
v -3.3 0 5.5
v -3.2 0 5.5
v -3.1 0 5.5
v -3 0 5.5
v -3.4 0 5.4
v -3.3 0 5.4
v -3.1 0 5.4
v -3 0 5.4
v -3.4 0 5.3
v -3.3 0 5.3
v -3.2 0 5.3
v -3.1 0 5.3
v -3 0 5.3
v -3.4 0 5.2
v -3.3 0 5.2
v -3.2 0 5.2
v -3.1 0 5.2
v -3 0 5.2
v -3.4 0 5.1
v -3.3 0 5.1
v -3.2 0 5.1
v -3.4 0 5
v -3.3 0 5
v -3.2 0 5
v -3.1 0 5
v -3 0 5
v -3.4 0 4.9
v -3.3 0 4.9
v -3.2 0 4.9
v -3.3 0 4.8
v -3.2 0 4.8
v -3.1 0 4.8
v -3.3 0 4.7
v -3.2 0 4.7
v -3.1 0 4.7
v -3 0 4.7
v -3.4 0 4.6
v -3.3 0 4.6
v -3.2 0 4.6
v -3.1 0 4.6
v -3 0 4.6
v -3.3 0 4.5
v -3.2 0 4.5
v -3.3 0 4.4
v -3.2 0 4.4
v -3.1 0 4.4
v -3.4 0 4.3
v -3.3 0 4.3
v -3.2 0 4.3
v -3.1 0 4.3
v -3 0 4.3
v -3.2 0 4.2
v -3.1 0 4.2
v -3.4 0 4.1
v -3.3 0 4.1
v -3.2 0 4.1
v -3.1 0 4.1
v -3 0 4.1
v -3.3 0 4
v -3.2 0 4
v -3.1 0 4
v -3 0 4
v -3.4 0 3.9
v -3.3 0 3.9
v -3.2 0 3.9
v -3.1 0 3.9
v -3 0 3.9
v -3.4 0 3.8
v -3.3 0 3.8
v -3.1 0 3.8
v -3 0 3.8
v -3.4 0 3.7
v -3.3 0 3.7
v -3.2 0 3.7
v -3.1 0 3.7
v -3.4 0 3.6
v -3.3 0 3.6
v -3.2 0 3.6
v -3.1 0 3.6
v -3 0 3.6
v -3.4 0 3.5
v -3.3 0 3.5
v -3.2 0 3.5
v -3.1 0 3.5
v -3 0 3.5
v -3.4 0 3.4
v -3.3 0 3.4
v -3.2 0 3.4
v -3.1 0 3.4
v -3 0 3.4
v -3.4 0 3.3
v -3.3 0 3.3
v -3.2 0 3.3
v -3.1 0 3.3
v -3 0 3.3
v -3.4 0 3.2
v -3.3 0 3.2
v -3.1 0 3.2
v -3 0 3.2
v -3.4 0 3.1
v -3.3 0 3.1
v -3.2 0 3.1
v -3.1 0 3.1
v -3.4 0 3
v -3.3 0 3
v -3.2 0 3
v -3.1 0 3
v -3 0 3
v -3.4 0 2.9
v -3.3 0 2.9
v -3.2 0 2.9
v -3.1 0 2.9
v -3 0 2.9
v -3.4 0 2.8
v -3.3 0 2.8
v -3.4 0 2.7
v -3.3 0 2.7
v -3.1 0 2.7
v -3 0 2.7
v -3.3 0 2.6
v -3.2 0 2.6
v -3.1 0 2.6
v -3 0 2.6
v -3.4 0 2.5
v -3.3 0 2.5
v -3.2 0 2.5
v -3.1 0 2.5
v -3 0 2.5
v -3.4 0 2.4
v -3.3 0 2.4
v -3.2 0 2.4
v -3.1 0 2.4
v -3.4 0 2.3
v -3.3 0 2.3
v -3.2 0 2.3
v -3.1 0 2.2
v -3 0 2.2
v -3.4 0 2.1
v -3.3 0 2.1
v -3.4 0 2
v -3.3 0 2
v -3.2 0 2
v -3.1 0 2
v -3 0 2
v -3.2 0 1.9
v -3.1 0 1.9
v -3 0 1.9
v -3.4 0 1.8
v -3.3 0 1.8
v -3.2 0 1.8
v -3.1 0 1.8
v -3.3 0 1.7
v -3.2 0 1.7
v -3.1 0 1.7
v -3 0 1.7
v -3.4 0 1.6
v -3.3 0 1.6
v -3.2 0 1.6
v -3.4 0 1.5
v -3.3 0 1.5
v -3.2 0 1.5
v -3.1 0 1.5
v -3 0 1.5
v -3.4 0 1.4
v -3.3 0 1.4
v -3.2 0 1.4
v -3.1 0 1.4
v -3 0 1.4
v -3.4 0 1.3
v -3.3 0 1.3
v -3.2 0 1.3
v -3.1 0 1.3
v -3 0 1.3
v -3.4 0 1.2
v -3.3 0 1.2
v -3.2 0 1.2
v -3.1 0 1.2
v -3.4 0 1.1
v -3.3 0 1.1
v -3.2 0 1.1
v -3.1 0 1.1
v -3.4 0 1
v -3.3 0 1
v -3.2 0 1
v -3.1 0 1
v -3 0 1
v -3.4 0 0.9
v -3.3 0 0.9
v -3.2 0 0.9
v -3.1 0 0.9
v -3 0 0.9
v -3.3 0 0.8
v -3.2 0 0.8
v -3.4 0 0.7
v -3.3 0 0.7
v -3.2 0 0.7
v -3.1 0 0.7
v -3 0 0.7
v -3.4 0 0.6
v -3.3 0 0.6
v -3.2 0 0.6
v -3.1 0 0.6
v -3.4 0 0.5
v -3.3 0 0.5
v -3.1 0 0.5
v -3 0 0.5
v -3.4 0 0.4
v -3.3 0 0.4
v -3.2 0 0.4
v -3.1 0 0.4
v -3 0 0.4
v -3.4 0 0.3
v -3.3 0 0.3
v -3.2 0 0.3
v -3.1 0 0.3
v -3 0 0.3
v -3.4 0 0.2
v -3.3 0 0.2
v -3.2 0 0.2
v -3.1 0 0.2
v -3.4 0 0.1
v -3.3 0 0.1
v -3.2 0 0.1
v -3.1 0 0.1
v -3.3 0 0
v -3.2 0 0
v -3.1 0 0
v -3.2 0 -0.1
v -3.1 0 -0.1
v -3 0 -0.1
v -3.4 0 -0.2
v -3.3 0 -0.2
v -3.2 0 -0.2
v -3.1 0 -0.2
v -3.4 0 -0.3
v -3.3 0 -0.3
v -3.2 0 -0.3
v -3.1 0 -0.3
v -3.2 0 -0.4
v -3.1 0 -0.4
v -3 0 -0.4
v -3.3 0 -0.5
v -3.2 0 -0.5
v -3.1 0 -0.5
v -3 0 -0.5
v -3.4 0 -0.6
v -3.3 0 -0.6
v -3.2 0 -0.6
v -3.1 0 -0.6
v -3.4 0 -0.7
v -3.3 0 -0.7
v -3.2 0 -0.7
v -3.1 0 -0.7
v -3.4 0 -0.8
v -3.3 0 -0.8
v -3.2 0 -0.8
v -3.1 0 -0.8
v -3.2 0 -0.9
v -3.1 0 -0.9
v -3.4 0 -1
v -3.3 0 -1
v -3.2 0 -1
v -3.1 0 -1
v -3.4 0 -1.1
v -3.3 0 -1.1
v -3.1 0 -1.1
v -3 0 -1.1
v -3.2 0 -1.2
v -3.1 0 -1.2
v -3 0 -1.2
v -3.4 0 -1.3
v -3.3 0 -1.3
v -3.2 0 -1.3
v -3.1 0 -1.3
v -3 0 -1.3
v -3.4 0 -1.4
v -3.3 0 -1.4
v -3.2 0 -1.4
v -3.1 0 -1.4
v -3 0 -1.4
v -3.4 0 -1.5
v -3.3 0 -1.5
v -3.4 0 -1.6
v -3.3 0 -1.6
v -3.2 0 -1.6
v -3.1 0 -1.6
v -3 0 -1.6
v -3.4 0 -1.7
v -3.3 0 -1.7
v -3.2 0 -1.7
v -3.1 0 -1.7
v -3 0 -1.7
v -3.3 0 -1.8
v -3.2 0 -1.8
v -3.1 0 -1.8
v -3 0 -1.8
v -3.4 0 -1.9
v -3.3 0 -1.9
v -3.2 0 -1.9
v -3.1 0 -1.9
v -3 0 -1.9
v -3.4 0 -2
v -3.3 0 -2
v -3.2 0 -2
v -3.1 0 -2
v -3 0 -2
v -3.4 0 -2.1
v -3.3 0 -2.1
v -3.2 0 -2.1
v -3.1 0 -2.1
v -3 0 -2.1
v -3.4 0 -2.2
v -3.3 0 -2.2
v -3.2 0 -2.2
v -3 0 -2.2
v -3.3 0 -2.3
v -3.2 0 -2.3
v -3 0 -2.3
v -3.4 0 -2.4
v -3.3 0 -2.4
v -3.2 0 -2.4
v -3 0 -2.4
v -3.4 0 -2.5
v -3.3 0 -2.5
v -3.2 0 -2.5
v -3 0 -2.5
v -3.4 0 -2.6
v -3.3 0 -2.6
v -3.2 0 -2.6
v -3.1 0 -2.6
v -3.3 0 -2.7
v -3.2 0 -2.7
v -3.1 0 -2.7
v -3 0 -2.7
v -3.4 0 -2.8
v -3.2 0 -2.8
v -3.1 0 -2.8
v -3 0 -2.8
v -3.4 0 -2.9
v -3.3 0 -2.9
v -3.2 0 -2.9
v -3.1 0 -2.9
v -3.4 0 -3
v -3.3 0 -3
v -3.2 0 -3
v -3.1 0 -3
v -3 0 -3
v -3.3 0 -3.2
v -3.2 0 -3.2
v -3.1 0 -3.2
v -3 0 -3.2
v -3.4 0 -3.3
v -3.3 0 -3.3
v -3.2 0 -3.3
v -3.1 0 -3.3
v -3 0 -3.3
v -3.4 0 -3.4
v -3.3 0 -3.4
v -3.2 0 -3.4
v -3.1 0 -3.4
v -3.4 0 -3.5
v -3.3 0 -3.5
v -3.2 0 -3.5
v -3.1 0 -3.5
v -3 0 -3.5
v -3.4 0 -3.6
v -3.3 0 -3.6
v -3.2 0 -3.6
v -3.1 0 -3.6
v -3 0 -3.6
v -3.4 0 -3.7
v -3.3 0 -3.7
v -3.2 0 -3.7
v -3.1 0 -3.7
v -3 0 -3.7
v -3.2 0 -3.8
v -3.1 0 -3.8
v -3.3 0 -3.9
v -3.2 0 -3.9
v -3.1 0 -3.9
v -3 0 -3.9
v -3.4 0 -4
v -3.3 0 -4
v -3.1 0 -4.1
v -3 0 -4.1
v -3.4 0 -4.2
v -3.3 0 -4.2
v -3.2 0 -4.2
v -3.1 0 -4.2
v -3.4 0 -4.3
v -3.3 0 -4.3
v -3.2 0 -4.3
v -3.1 0 -4.3
v -3 0 -4.3
v -3.4 0 -4.4
v -3.3 0 -4.4
v -3.2 0 -4.4
v -3.1 0 -4.4
v -3 0 -4.4
v -3.3 0 -4.5
v -3.2 0 -4.5
v -3.1 0 -4.5
v -3 0 -4.5
v -3.3 0 -4.6
v -3.2 0 -4.6
v -3.3 0 -4.7
v -3.2 0 -4.7
v -3.1 0 -4.7
v -3 0 -4.7
v -3.4 0 -4.8
v -3.3 0 -4.8
v -3.2 0 -4.8
v -3.1 0 -4.8
v -3.4 0 -4.9
v -3.3 0 -4.9
v -3.2 0 -4.9
v -3.1 0 -4.9
v -3 0 -4.9
v -3.4 0 -5
v -3.3 0 -5
v -3.2 0 -5
v -3 0 -5
v -3.4 0 -5.1
v -3.3 0 -5.1
v -3.2 0 -5.1
v -3 0 -5.1
v -3.4 0 -5.2
v -3.3 0 -5.2
v -3.2 0 -5.2
v -3 0 -5.2
v -3.4 0 -5.3
v -3.3 0 -5.3
v -3.2 0 -5.3
v -3.1 0 -5.3
v -3 0 -5.3
v -3.4 0 -5.4
v -3.3 0 -5.4
v -3.2 0 -5.4
v -3.1 0 -5.4
v -3 0 -5.4
v -3.1 0 -5.5
v -3 0 -5.5
v -3.3 0 -5.6
v -3.2 0 -5.6
v -3.1 0 -5.6
v -3 0 -5.6
v -3.4 0 -5.7
v -3.3 0 -5.7
v -3.2 0 -5.7
v -3.1 0 -5.7
v -3 0 -5.7
v -3.4 0 -5.8
v -3.3 0 -5.8
v -3.2 0 -5.8
v -3.1 0 -5.8
v -3 0 -5.8
v -3.4 0 -5.9
v -3.3 0 -5.9
v -3.2 0 -5.9
v -3 0 -5.9
v -3.4 0 -6
v -3.3 0 -6
v -3.2 0 -6
v -3 0 -6
v -3.4 0 -6.1
v -3.3 0 -6.1
v -3.2 0 -6.1
v -3.1 0 -6.1
v -3.4 0 -6.2
v -3.3 0 -6.2
v -3.2 0 -6.2
v -3.1 0 -6.2
v -3 0 -6.2
v -3.4 0 -6.3
v -3.3 0 -6.3
v -3.1 0 -6.3
v -3 0 -6.3
v -3.5 0.1 6.3
v -3.4 0.1 6.3
v -3 0.1 6.3
v -2.9 0.1 6.3
v -3.5 0.1 6.2
v -3.4 0.1 6.2
v -3 0.1 6.2
v -2.9 0.1 6.2
v -3 0.1 6.1
v -2.9 0.1 6.1
v -3.4 0.1 6
v -3 0.1 6
v -3.5 0.1 5.9
v -3.4 0.1 5.9
v -3 0.1 5.9
v -2.9 0.1 5.9
v -3.4 0.1 5.8
v -3 0.1 5.8
v -2.9 0.1 5.8
v -3.5 0.1 5.7
v -3.4 0.1 5.7
v -3 0.1 5.7
v -2.9 0.1 5.7
v -3.4 0.1 5.6
v -3 0.1 5.6
v -3.5 0.1 5.5
v -3.4 0.1 5.5
v -3 0.1 5.5
v -2.9 0.1 5.5
v -3.4 0.1 5.4
v -3 0.1 5.4
v -2.9 0.1 5.4
v -3.4 0.1 5.3
v -3 0.1 5.3
v -2.9 0.1 5.3
v -3.5 0.1 5.2
v -3.4 0.1 5.2
v -3 0.1 5.2
v -3.4 0.1 5.1
v -3 0.1 5.1
v -2.9 0.1 5.1
v -3.5 0.1 5
v -3.4 0.1 5
v -3 0.1 5
v -2.9 0.1 5
v -3.4 0.1 4.9
v -3.5 0.1 4.8
v -3.4 0.1 4.8
v -3 0.1 4.8
v -2.9 0.1 4.8
v -3.5 0.1 4.7
v -3.4 0.1 4.7
v -3 0.1 4.7
v -2.9 0.1 4.7
v -3.5 0.1 4.6
v -3.4 0.1 4.6
v -3 0.1 4.6
v -3 0.1 4.5
v -2.9 0.1 4.5
v -3.5 0.1 4.4
v -3.4 0.1 4.4
v -3 0.1 4.4
v -2.9 0.1 4.4
v -3.5 0.1 4.3
v -3.4 0.1 4.3
v -3 0.1 4.3
v -3.5 0.1 4.2
v -3.4 0.1 4.2
v -3.5 0.1 4.1
v -3.4 0.1 4.1
v -3 0.1 4.1
v -3.5 0.1 4
v -3.4 0.1 4
v -3 0.1 4
v -3.5 0.1 3.9
v -3.4 0.1 3.9
v -3 0.1 3.9
v -3.5 0.1 3.8
v -3.4 0.1 3.8
v -3 0.1 3.8
v -3.4 0.1 3.7
v -3.5 0.1 3.6
v -3.4 0.1 3.6
v -3 0.1 3.6
v -2.9 0.1 3.6
v -3.5 0.1 3.5
v -3.4 0.1 3.5
v -3 0.1 3.5
v -2.9 0.1 3.5
v -3.5 0.1 3.4
v -3.4 0.1 3.4
v -3 0.1 3.4
v -2.9 0.1 3.4
v -3.4 0.1 3.3
v -3 0.1 3.3
v -3.5 0.1 3.2
v -3.4 0.1 3.2
v -3 0.1 3.2
v -3.5 0.1 3.1
v -3.4 0.1 3.1
v -3 0.1 3.1
v -2.9 0.1 3.1
v -3.5 0.1 3
v -3.4 0.1 3
v -3 0.1 3
v -3.4 0.1 2.9
v -3 0.1 2.9
v -2.9 0.1 2.9
v -3.5 0.1 2.8
v -3.4 0.1 2.8
v -3 0.1 2.8
v -2.9 0.1 2.8
v -3.5 0.1 2.7
v -3.4 0.1 2.7
v -3 0.1 2.7
v -2.9 0.1 2.7
v -3 0.1 2.6
v -2.9 0.1 2.6
v -3.5 0.1 2.5
v -3.4 0.1 2.5
v -3 0.1 2.5
v -2.9 0.1 2.5
v -3.5 0.1 2.4
v -3.4 0.1 2.4
v -3 0.1 2.4
v -2.9 0.1 2.4
v -3.4 0.1 2.3
v -3 0.1 2.2
v -2.9 0.1 2.2
v -3.5 0.1 2.1
v -3.4 0.1 2.1
v -3.4 0.1 2
v -3 0.1 2
v -2.9 0.1 2
v -3 0.1 1.9
v -3.5 0.1 1.8
v -3.4 0.1 1.8
v -3 0.1 1.8
v -2.9 0.1 1.8
v -3 0.1 1.7
v -2.9 0.1 1.7
v -3.5 0.1 1.6
v -3.4 0.1 1.6
v -3 0.1 1.6
v -2.9 0.1 1.6
v -3.4 0.1 1.5
v -3 0.1 1.5
v -2.9 0.1 1.5
v -3.4 0.1 1.4
v -3 0.1 1.4
v -2.9 0.1 1.4
v -3.4 0.1 1.3
v -3 0.1 1.3
v -2.9 0.1 1.3
v -3.5 0.1 1.2
v -3.4 0.1 1.2
v -3 0.1 1.2
v -2.9 0.1 1.2
v -3.4 0.1 1.1
v -3.4 0.1 1
v -3 0.1 1
v -3.5 0.1 0.9
v -3.4 0.1 0.9
v -3 0.1 0.9
v -3.5 0.1 0.8
v -3.4 0.1 0.8
v -3.5 0.1 0.7
v -3.4 0.1 0.7
v -3 0.1 0.7
v -2.9 0.1 0.7
v -3.5 0.1 0.6
v -3.4 0.1 0.6
v -3.4 0.1 0.5
v -3 0.1 0.5
v -3.5 0.1 0.4
v -3.4 0.1 0.4
v -3 0.1 0.4
v -3.4 0.1 0.3
v -3 0.1 0.3
v -2.9 0.1 0.3
v -3.5 0.1 0.2
v -3.4 0.1 0.2
v -3 0.1 0.2
v -2.9 0.1 0.2
v -3.5 0.1 0.1
v -3.4 0.1 0.1
v -3.5 0.1 -0.1
v -3.4 0.1 -0.1
v -3 0.1 -0.1
v -2.9 0.1 -0.1
v -3.5 0.1 -0.2
v -3.4 0.1 -0.2
v -3 0.1 -0.2
v -2.9 0.1 -0.2
v -3.4 0.1 -0.3
v -3 0.1 -0.3
v -2.9 0.1 -0.3
v -3.5 0.1 -0.4
v -3.4 0.1 -0.4
v -3 0.1 -0.4
v -3.5 0.1 -0.5
v -3.4 0.1 -0.5
v -3 0.1 -0.5
v -2.9 0.1 -0.5
v -3.5 0.1 -0.6
v -3.4 0.1 -0.6
v -3.4 0.1 -0.7
v -3.5 0.1 -0.8
v -3.4 0.1 -0.8
v -3.5 0.1 -0.9
v -3.4 0.1 -0.9
v -3.4 0.1 -1
v -3.5 0.1 -1.1
v -3.4 0.1 -1.1
v -3 0.1 -1.1
v -2.9 0.1 -1.1
v -3 0.1 -1.2
v -3.4 0.1 -1.3
v -3 0.1 -1.3
v -2.9 0.1 -1.3
v -3.5 0.1 -1.4
v -3.4 0.1 -1.4
v -3 0.1 -1.4
v -2.9 0.1 -1.4
v -3.5 0.1 -1.5
v -3.4 0.1 -1.5
v -3 0.1 -1.5
v -2.9 0.1 -1.5
v -3.5 0.1 -1.6
v -3.4 0.1 -1.6
v -3 0.1 -1.6
v -2.9 0.1 -1.6
v -3.5 0.1 -1.7
v -3.4 0.1 -1.7
v -3 0.1 -1.7
v -3.5 0.1 -1.8
v -3.4 0.1 -1.8
v -3 0.1 -1.8
v -3.4 0.1 -1.9
v -3 0.1 -1.9
v -3.5 0.1 -2
v -3.4 0.1 -2
v -3 0.1 -2
v -2.9 0.1 -2
v -3.5 0.1 -2.1
v -3.4 0.1 -2.1
v -3 0.1 -2.1
v -3.4 0.1 -2.2
v -3 0.1 -2.2
v -3 0.1 -2.3
v -2.9 0.1 -2.3
v -3.5 0.1 -2.4
v -3.4 0.1 -2.4
v -3 0.1 -2.4
v -2.9 0.1 -2.4
v -3.5 0.1 -2.5
v -3.4 0.1 -2.5
v -3 0.1 -2.5
v -2.9 0.1 -2.5
v -3.5 0.1 -2.6
v -3.4 0.1 -2.6
v -3 0.1 -2.6
v -2.9 0.1 -2.6
v -3 0.1 -2.7
v -3.4 0.1 -2.8
v -3 0.1 -2.8
v -2.9 0.1 -2.8
v -3.5 0.1 -2.9
v -3.4 0.1 -2.9
v -3.5 0.1 -3
v -3.4 0.1 -3
v -3 0.1 -3
v -2.9 0.1 -3
v -3.5 0.1 -3.1
v -3.4 0.1 -3.1
v -3 0.1 -3.1
v -2.9 0.1 -3.1
v -3 0.1 -3.2
v -3.5 0.1 -3.3
v -3.4 0.1 -3.3
v -3 0.1 -3.3
v -2.9 0.1 -3.3
v -3.4 0.1 -3.4
v -3 0.1 -3.4
v -2.9 0.1 -3.4
v -3.4 0.1 -3.5
v -3 0.1 -3.5
v -3.5 0.1 -3.6
v -3.4 0.1 -3.6
v -3 0.1 -3.6
v -3.5 0.1 -3.7
v -3.4 0.1 -3.7
v -3 0.1 -3.7
v -3.5 0.1 -3.8
v -3.4 0.1 -3.8
v -3 0.1 -3.8
v -2.9 0.1 -3.8
v -3.5 0.1 -3.9
v -3.4 0.1 -3.9
v -3 0.1 -3.9
v -2.9 0.1 -3.9
v -3.5 0.1 -4
v -3.4 0.1 -4
v -3 0.1 -4
v -2.9 0.1 -4
v -3.5 0.1 -4.1
v -3.4 0.1 -4.1
v -3 0.1 -4.1
v -2.9 0.1 -4.1
v -3.4 0.1 -4.2
v -3 0.1 -4.2
v -2.9 0.1 -4.2
v -3.4 0.1 -4.3
v -3 0.1 -4.3
v -2.9 0.1 -4.3
v -3.4 0.1 -4.4
v -3 0.1 -4.4
v -2.9 0.1 -4.4
v -3 0.1 -4.5
v -3.5 0.1 -4.7
v -3.4 0.1 -4.7
v -3 0.1 -4.7
v -2.9 0.1 -4.7
v -3.4 0.1 -4.8
v -3 0.1 -4.8
v -2.9 0.1 -4.8
v -3.4 0.1 -4.9
v -3 0.1 -4.9
v -2.9 0.1 -4.9
v -3.5 0.1 -5
v -3.4 0.1 -5
v -3 0.1 -5
v -2.9 0.1 -5
v -3.5 0.1 -5.1
v -3.4 0.1 -5.1
v -3 0.1 -5.1
v -3.4 0.1 -5.2
v -3 0.1 -5.2
v -2.9 0.1 -5.2
v -3.5 0.1 -5.3
v -3.4 0.1 -5.3
v -3 0.1 -5.3
v -2.9 0.1 -5.3
v -3.5 0.1 -5.4
v -3.4 0.1 -5.4
v -3 0.1 -5.4
v -2.9 0.1 -5.4
v -3.5 0.1 -5.5
v -3.4 0.1 -5.5
v -3 0.1 -5.5
v -2.9 0.1 -5.5
v -3.5 0.1 -5.6
v -3.4 0.1 -5.6
v -3 0.1 -5.6
v -3.4 0.1 -5.7
v -3 0.1 -5.7
v -2.9 0.1 -5.7
v -3.4 0.1 -5.8
v -3 0.1 -5.8
v -2.9 0.1 -5.8
v -3.4 0.1 -5.9
v -3 0.1 -5.9
v -2.9 0.1 -5.9
v -3.5 0.1 -6
v -3.4 0.1 -6
v -3 0.1 -6
v -2.9 0.1 -6
v -3.5 0.1 -6.1
v -3.4 0.1 -6.1
v -3 0.1 -6.1
v -2.9 0.1 -6.1
v -3.4 0.1 -6.2
v -3 0.1 -6.2
v -2.9 0.1 -6.2
v -3.5 0.1 -6.3
v -3.4 0.1 -6.3
v -3 0.1 -6.3
v -2.9 0.1 -6.3
v -3.5 0.5 6.3
v -3.4 0.5 6.3
v -3 0.5 6.3
v -2.9 0.5 6.3
v -3.5 0.5 6.2
v -3.4 0.5 6.2
v -3 0.5 6.2
v -2.9 0.5 6.2
v -3.5 0.5 6.1
v -3.4 0.5 6.1
v -3 0.5 6.1
v -2.9 0.5 6.1
v -3.5 0.5 6
v -3.4 0.5 6
v -3 0.5 6
v -2.9 0.5 6
v -3 0.5 5.9
v -3.5 0.5 5.8
v -3.4 0.5 5.8
v -3 0.5 5.8
v -2.9 0.5 5.8
v -3.5 0.5 5.7
v -3.4 0.5 5.7
v -3 0.5 5.7
v -2.9 0.5 5.7
v -3.5 0.5 5.6
v -3.4 0.5 5.6
v -3 0.5 5.6
v -2.9 0.5 5.6
v -3.4 0.5 5.5
v -3 0.5 5.5
v -2.9 0.5 5.5
v -3.5 0.5 5.4
v -3.4 0.5 5.4
v -3 0.5 5.4
v -2.9 0.5 5.4
v -3.5 0.5 5.3
v -3.4 0.5 5.3
v -3 0.5 5.3
v -3.4 0.5 5.2
v -3 0.5 5.2
v -2.9 0.5 5.2
v -3.4 0.5 5.1
v -3 0.5 5.1
v -2.9 0.5 5.1
v -3.5 0.5 5
v -3.4 0.5 5
v -3.5 0.5 4.9
v -3.4 0.5 4.9
v -3 0.5 4.9
v -3.4 0.5 4.8
v -3 0.5 4.8
v -2.9 0.5 4.8
v -3.5 0.5 4.7
v -3.4 0.5 4.7
v -3 0.5 4.7
v -2.9 0.5 4.7
v -3.5 0.5 4.6
v -3.4 0.5 4.6
v -3 0.5 4.6
v -2.9 0.5 4.6
v -3.4 0.5 4.5
v -3 0.5 4.5
v -2.9 0.5 4.5
v -3.5 0.5 4.4
v -3.4 0.5 4.4
v -3 0.5 4.4
v -2.9 0.5 4.4
v -3.4 0.5 4.3
v -3 0.5 4.3
v -2.9 0.5 4.3
v -3.5 0.5 4.2
v -3.4 0.5 4.2
v -3 0.5 4.2
v -2.9 0.5 4.2
v -3.5 0.5 4.1
v -3.4 0.5 4.1
v -3 0.5 4.1
v -3.5 0.5 4
v -3.4 0.5 4
v -3 0.5 4
v -2.9 0.5 4
v -3.5 0.5 3.9
v -3.4 0.5 3.9
v -3 0.5 3.9
v -3.5 0.5 3.8
v -3.4 0.5 3.8
v -3 0.5 3.8
v -2.9 0.5 3.8
v -3.5 0.5 3.7
v -3.4 0.5 3.7
v -3 0.5 3.7
v -3.5 0.5 3.6
v -3.4 0.5 3.6
v -3 0.5 3.6
v -3.5 0.5 3.5
v -3.4 0.5 3.5
v -3 0.5 3.5
v -2.9 0.5 3.5
v -3.5 0.5 3.4
v -3.4 0.5 3.4
v -3 0.5 3.4
v -3.4 0.5 3.3
v -3.5 0.5 3.2
v -3.4 0.5 3.2
v -3 0.5 3.2
v -3.4 0.5 3.1
v -3 0.5 3.1
v -2.9 0.5 3.1
v -3.5 0.5 3
v -3.4 0.5 3
v -3 0.5 3
v -2.9 0.5 3
v -3.4 0.5 2.9
v -3 0.5 2.9
v -2.9 0.5 2.9
v -3.5 0.5 2.8
v -3.4 0.5 2.8
v -3.4 0.5 2.7
v -3 0.5 2.7
v -2.9 0.5 2.7
v -3.5 0.5 2.6
v -3.4 0.5 2.6
v -3 0.5 2.6
v -2.9 0.5 2.6
v -3.5 0.5 2.5
v -3.4 0.5 2.5
v -3.5 0.5 2.4
v -3.4 0.5 2.4
v -3 0.5 2.4
v -2.9 0.5 2.4
v -3.5 0.5 2.3
v -3.4 0.5 2.3
v -3 0.5 2.3
v -2.9 0.5 2.3
v -3.4 0.5 2.2
v -3 0.5 2.2
v -3.5 0.5 2.1
v -3.4 0.5 2.1
v -3 0.5 2.1
v -2.9 0.5 2.1
v -3.5 0.5 2
v -3.4 0.5 2
v -3 0.5 2
v -2.9 0.5 2
v -3.5 0.5 1.9
v -3.4 0.5 1.9
v -3 0.5 1.9
v -3.5 0.5 1.8
v -3.4 0.5 1.8
v -3 0.5 1.8
v -2.9 0.5 1.8
v -3.5 0.5 1.7
v -3.4 0.5 1.7
v -3 0.5 1.7
v -2.9 0.5 1.7
v -3.5 0.5 1.6
v -3.4 0.5 1.6
v -3 0.5 1.6
v -2.9 0.5 1.6
v -3 0.5 1.5
v -2.9 0.5 1.5
v -3.4 0.5 1.4
v -3 0.5 1.4
v -2.9 0.5 1.4
v -3 0.5 1.3
v -2.9 0.5 1.3
v -3.5 0.5 1.2
v -3.4 0.5 1.2
v -3 0.5 1.2
v -2.9 0.5 1.2
v -3.5 0.5 1.1
v -3.4 0.5 1.1
v -3 0.5 1.1
v -3.5 0.5 1
v -3.4 0.5 1
v -3 0.5 1
v -3.5 0.5 0.9
v -3.4 0.5 0.9
v -3.5 0.5 0.8
v -3.4 0.5 0.8
v -3.5 0.5 0.7
v -3.4 0.5 0.7
v -3 0.5 0.7
v -2.9 0.5 0.7
v -3.5 0.5 0.6
v -3.4 0.5 0.6
v -3 0.5 0.6
v -2.9 0.5 0.6
v -3.4 0.5 0.5
v -3 0.5 0.5
v -2.9 0.5 0.5
v -3.5 0.5 0.4
v -3.4 0.5 0.4
v -3.5 0.5 0.3
v -3.4 0.5 0.3
v -3.4 0.5 0.2
v -3 0.5 0.2
v -2.9 0.5 0.2
v -3.5 0.5 0.1
v -3.4 0.5 0.1
v -3 0.5 0.1
v -2.9 0.5 0.1
v -3.5 0.5 0
v -3.4 0.5 0
v -3 0.5 0
v -2.9 0.5 0
v -3.5 0.5 -0.1
v -3.4 0.5 -0.1
v -3 0.5 -0.1
v -2.9 0.5 -0.1
v -3.5 0.5 -0.2
v -3.4 0.5 -0.2
v -3 0.5 -0.2
v -3.5 0.5 -0.3
v -3.4 0.5 -0.3
v -3.5 0.5 -0.4
v -3.4 0.5 -0.4
v -3 0.5 -0.4
v -2.9 0.5 -0.4
v -3.5 0.5 -0.5
v -3.4 0.5 -0.5
v -3 0.5 -0.5
v -3.5 0.5 -0.6
v -3.4 0.5 -0.6
v -3 0.5 -0.6
v -2.9 0.5 -0.6
v -3.4 0.5 -0.7
v -3 0.5 -0.7
v -3.5 0.5 -0.8
v -3.4 0.5 -0.8
v -3 0.5 -0.8
v -2.9 0.5 -0.8
v -3 0.5 -0.9
v -2.9 0.5 -0.9
v -3.5 0.5 -1
v -3.4 0.5 -1
v -3 0.5 -1
v -2.9 0.5 -1
v -3.5 0.5 -1.1
v -3.4 0.5 -1.1
v -3.5 0.5 -1.2
v -3.4 0.5 -1.2
v -3 0.5 -1.2
v -2.9 0.5 -1.2
v -3.4 0.5 -1.3
v -3 0.5 -1.3
v -2.9 0.5 -1.3
v -3.5 0.5 -1.4
v -3.4 0.5 -1.4
v -3 0.5 -1.4
v -2.9 0.5 -1.4
v -3.5 0.5 -1.5
v -3.4 0.5 -1.5
v -3 0.5 -1.5
v -2.9 0.5 -1.5
v -3.5 0.5 -1.6
v -3.4 0.5 -1.6
v -3 0.5 -1.6
v -2.9 0.5 -1.6
v -3.5 0.5 -1.7
v -3.4 0.5 -1.7
v -3.4 0.5 -1.8
v -3 0.5 -1.8
v -2.9 0.5 -1.8
v -3.5 0.5 -1.9
v -3.4 0.5 -1.9
v -3 0.5 -1.9
v -2.9 0.5 -1.9
v -3.5 0.5 -2
v -3.4 0.5 -2
v -3 0.5 -2
v -2.9 0.5 -2
v -3.5 0.5 -2.1
v -3.4 0.5 -2.1
v -3 0.5 -2.1
v -2.9 0.5 -2.1
v -3.5 0.5 -2.2
v -3.4 0.5 -2.2
v -3 0.5 -2.2
v -2.9 0.5 -2.2
v -3.5 0.5 -2.3
v -3.4 0.5 -2.3
v -3 0.5 -2.3
v -3.5 0.5 -2.4
v -3.4 0.5 -2.4
v -3 0.5 -2.4
v -2.9 0.5 -2.4
v -3.4 0.5 -2.5
v -3 0.5 -2.5
v -2.9 0.5 -2.5
v -3.4 0.5 -2.6
v -3 0.5 -2.6
v -2.9 0.5 -2.6
v -3.5 0.5 -2.7
v -3.4 0.5 -2.7
v -3 0.5 -2.7
v -2.9 0.5 -2.7
v -3.5 0.5 -2.8
v -3.4 0.5 -2.8
v -3 0.5 -2.8
v -2.9 0.5 -2.8
v -3.5 0.5 -2.9
v -3.4 0.5 -2.9
v -3 0.5 -2.9
v -2.9 0.5 -2.9
v -3.5 0.5 -3
v -3.4 0.5 -3
v -3 0.5 -3
v -2.9 0.5 -3
v -3.4 0.5 -3.1
v -3 0.5 -3.1
v -2.9 0.5 -3.1
v -3.4 0.5 -3.2
v -3 0.5 -3.2
v -2.9 0.5 -3.2
v -3.5 0.5 -3.3
v -3.4 0.5 -3.3
v -3 0.5 -3.3
v -2.9 0.5 -3.3
v -3.5 0.5 -3.4
v -3.4 0.5 -3.4
v -3.4 0.5 -3.5
v -3 0.5 -3.5
v -2.9 0.5 -3.5
v -3 0.5 -3.6
v -2.9 0.5 -3.6
v -3.5 0.5 -3.7
v -3.4 0.5 -3.7
v -3 0.5 -3.7
v -3.5 0.5 -3.8
v -3.4 0.5 -3.8
v -3 0.5 -3.8
v -3 0.5 -4
v -2.9 0.5 -4
v -3.5 0.5 -4.1
v -3.4 0.5 -4.1
v -3 0.5 -4.1
v -3.5 0.5 -4.2
v -3.4 0.5 -4.2
v -3 0.5 -4.2
v -3.5 0.5 -4.3
v -3.4 0.5 -4.3
v -3 0.5 -4.3
v -2.9 0.5 -4.3
v -3.5 0.5 -4.4
v -3.4 0.5 -4.4
v -3 0.5 -4.4
v -2.9 0.5 -4.4
v -3.5 0.5 -4.5
v -3.4 0.5 -4.5
v -3 0.5 -4.5
v -2.9 0.5 -4.5
v -3.4 0.5 -4.6
v -3.5 0.5 -4.7
v -3.4 0.5 -4.7
v -3.5 0.5 -4.8
v -3.4 0.5 -4.8
v -3 0.5 -4.8
v -2.9 0.5 -4.8
v -3 0.5 -4.9
v -2.9 0.5 -4.9
v -3.5 0.5 -5
v -3.4 0.5 -5
v -3 0.5 -5
v -2.9 0.5 -5
v -3.5 0.5 -5.1
v -3.4 0.5 -5.1
v -3 0.5 -5.1
v -2.9 0.5 -5.1
v -3.4 0.5 -5.2
v -3 0.5 -5.2
v -2.9 0.5 -5.2
v -3.4 0.5 -5.3
v -3 0.5 -5.3
v -2.9 0.5 -5.3
v -3 0.5 -5.4
v -2.9 0.5 -5.4
v -3.5 0.5 -5.5
v -3.4 0.5 -5.5
v -3 0.5 -5.5
v -3.4 0.5 -5.6
v -3 0.5 -5.6
v -3.5 0.5 -5.7
v -3.4 0.5 -5.7
v -3 0.5 -5.7
v -3.5 0.5 -5.8
v -3.4 0.5 -5.8
v -3 0.5 -5.8
v -2.9 0.5 -5.8
v -3.5 0.5 -5.9
v -3.4 0.5 -5.9
v -3 0.5 -5.9
v -2.9 0.5 -5.9
v -3.5 0.5 -6
v -3.4 0.5 -6
v -3 0.5 -6.1
v -2.9 0.5 -6.1
v -3.5 0.5 -6.2
v -3.4 0.5 -6.2
v -3 0.5 -6.2
v -2.9 0.5 -6.2
v -3.5 0.5 -6.3
v -3.4 0.5 -6.3
v -3 0.5 -6.3
v -2.9 0.5 -6.3
v -3.4 0.6 6.3
v -3.3 0.6 6.3
v -3.1 0.6 6.3
v -3 0.6 6.3
v -3.3 0.6 6.2
v -3.2 0.6 6.2
v -3.1 0.6 6.2
v -3.3 0.6 6.1
v -3.2 0.6 6.1
v -3.4 0.6 6
v -3.3 0.6 6
v -3.2 0.6 6
v -3.1 0.6 6
v -3 0.6 6
v -3.3 0.6 5.9
v -3.2 0.6 5.9
v -3.1 0.6 5.9
v -3 0.6 5.9
v -3.2 0.6 5.8
v -3.1 0.6 5.8
v -3 0.6 5.8
v -3.4 0.6 5.7
v -3.3 0.6 5.7
v -3.2 0.6 5.7
v -3.1 0.6 5.7
v -3.4 0.6 5.6
v -3.3 0.6 5.6
v -3.2 0.6 5.6
v -3.1 0.6 5.6
v -3 0.6 5.6
v -3.4 0.6 5.5
v -3.3 0.6 5.5
v -3.2 0.6 5.5
v -3.1 0.6 5.5
v -3.4 0.6 5.4
v -3.3 0.6 5.4
v -3.1 0.6 5.4
v -3 0.6 5.4
v -3.3 0.6 5.3
v -3.2 0.6 5.3
v -3.1 0.6 5.3
v -3 0.6 5.3
v -3.4 0.6 5.2
v -3.3 0.6 5.2
v -3.2 0.6 5.2
v -3.1 0.6 5.2
v -3 0.6 5.2
v -3.4 0.6 5.1
v -3.3 0.6 5.1
v -3.2 0.6 5.1
v -3.1 0.6 5.1
v -3.4 0.6 5
v -3.3 0.6 5
v -3.4 0.6 4.9
v -3.3 0.6 4.9
v -3.2 0.6 4.9
v -3.1 0.6 4.9
v -3 0.6 4.9
v -3.4 0.6 4.8
v -3.3 0.6 4.8
v -3.2 0.6 4.8
v -3.1 0.6 4.8
v -3 0.6 4.8
v -3.1 0.6 4.7
v -3 0.6 4.7
v -3.3 0.6 4.6
v -3.1 0.6 4.6
v -3.4 0.6 4.5
v -3.3 0.6 4.5
v -3.2 0.6 4.5
v -3.1 0.6 4.5
v -3 0.6 4.5
v -3.4 0.6 4.4
v -3.3 0.6 4.4
v -3.2 0.6 4.4
v -3.1 0.6 4.4
v -3 0.6 4.4
v -3.4 0.6 4.3
v -3.3 0.6 4.3
v -3.2 0.6 4.3
v -3.1 0.6 4.3
v -3 0.6 4.3
v -3.4 0.6 4.2
v -3.3 0.6 4.2
v -3.2 0.6 4.2
v -3.1 0.6 4.2
v -3 0.6 4.2
v -3.4 0.6 4.1
v -3.3 0.6 4.1
v -3.2 0.6 4.1
v -3.1 0.6 4.1
v -3 0.6 4.1
v -3.4 0.6 4
v -3.3 0.6 4
v -3.2 0.6 4
v -3.1 0.6 4
v -3.4 0.6 3.9
v -3.3 0.6 3.9
v -3.2 0.6 3.9
v -3.1 0.6 3.9
v -3 0.6 3.9
v -3.4 0.6 3.8
v -3.3 0.6 3.8
v -3.2 0.6 3.8
v -3.1 0.6 3.8
v -3 0.6 3.8
v -3.4 0.6 3.7
v -3.3 0.6 3.7
v -3.2 0.6 3.7
v -3.1 0.6 3.7
v -3 0.6 3.7
v -3.2 0.6 3.6
v -3.1 0.6 3.6
v -3 0.6 3.6
v -3.4 0.6 3.5
v -3.3 0.6 3.5
v -3.2 0.6 3.5
v -3.1 0.6 3.5
v -3 0.6 3.5
v -3.4 0.6 3.4
v -3.3 0.6 3.4
v -3.2 0.6 3.4
v -3.1 0.6 3.4
v -3 0.6 3.4
v -3.4 0.6 3.3
v -3.3 0.6 3.3
v -3.2 0.6 3.3
v -3.4 0.6 3.2
v -3.3 0.6 3.2
v -3.2 0.6 3.2
v -3.1 0.6 3.2
v -3 0.6 3.2
v -3.4 0.6 3.1
v -3.3 0.6 3.1
v -3.2 0.6 3.1
v -3.1 0.6 3.1
v -3 0.6 3.1
v -3.3 0.6 3
v -3.2 0.6 3
v -3.1 0.6 3
v -3.4 0.6 2.9
v -3.3 0.6 2.9
v -3.2 0.6 2.9
v -3.1 0.6 2.9
v -3 0.6 2.9
v -3.3 0.6 2.8
v -3.2 0.6 2.8
v -3.4 0.6 2.7
v -3.3 0.6 2.7
v -3.2 0.6 2.7
v -3.1 0.6 2.7
v -3 0.6 2.7
v -3.4 0.6 2.6
v -3.3 0.6 2.6
v -3.2 0.6 2.6
v -3.1 0.6 2.6
v -3 0.6 2.6
v -3.3 0.6 2.5
v -3.2 0.6 2.5
v -3.1 0.6 2.5
v -3.3 0.6 2.4
v -3.2 0.6 2.4
v -3.1 0.6 2.4
v -3 0.6 2.4
v -3.3 0.6 2.3
v -3.2 0.6 2.3
v -3.1 0.6 2.3
v -3 0.6 2.3
v -3.4 0.6 2.2
v -3.3 0.6 2.2
v -3.2 0.6 2.2
v -3.1 0.6 2.2
v -3 0.6 2.2
v -3.4 0.6 2.1
v -3.3 0.6 2.1
v -3.2 0.6 2.1
v -3.1 0.6 2.1
v -3 0.6 2.1
v -3.1 0.6 2
v -3 0.6 2
v -3.4 0.6 1.9
v -3.3 0.6 1.9
v -3.2 0.6 1.9
v -3.1 0.6 1.9
v -3 0.6 1.9
v -3.4 0.6 1.8
v -3.3 0.6 1.8
v -3.2 0.6 1.8
v -3.1 0.6 1.8
v -3 0.6 1.8
v -3.4 0.6 1.7
v -3.3 0.6 1.7
v -3.2 0.6 1.7
v -3.1 0.6 1.7
v -3 0.6 1.7
v -3.3 0.6 1.6
v -3.2 0.6 1.6
v -3.1 0.6 1.6
v -3 0.6 1.6
v -3.3 0.6 1.5
v -3.2 0.6 1.5
v -3.1 0.6 1.5
v -3 0.6 1.5
v -3.4 0.6 1.4
v -3.3 0.6 1.4
v -3.2 0.6 1.4
v -3.1 0.6 1.4
v -3 0.6 1.4
v -3.3 0.6 1.3
v -3.2 0.6 1.3
v -3.1 0.6 1.3
v -3 0.6 1.3
v -3.2 0.6 1.2
v -3.1 0.6 1.2
v -3 0.6 1.2
v -3.4 0.6 1.1
v -3.3 0.6 1.1
v -3.2 0.6 1.1
v -3.1 0.6 1.1
v -3 0.6 1.1
v -3.4 0.6 1
v -3.3 0.6 1
v -3.2 0.6 1
v -3.1 0.6 1
v -3 0.6 1
v -3.4 0.6 0.9
v -3.3 0.6 0.9
v -3.2 0.6 0.9
v -3.1 0.6 0.9
v -3.2 0.6 0.8
v -3.1 0.6 0.8
v -3.3 0.6 0.7
v -3.2 0.6 0.7
v -3.1 0.6 0.7
v -3 0.6 0.7
v -3.4 0.6 0.6
v -3.3 0.6 0.6
v -3.2 0.6 0.6
v -3.1 0.6 0.6
v -3 0.6 0.6
v -3.4 0.6 0.5
v -3.3 0.6 0.5
v -3.1 0.6 0.5
v -3 0.6 0.5
v -3.4 0.6 0.4
v -3.3 0.6 0.4
v -3.2 0.6 0.4
v -3.1 0.6 0.4
v -3.3 0.6 0.3
v -3.2 0.6 0.3
v -3.1 0.6 0.3
v -3.4 0.6 0.2
v -3.3 0.6 0.2
v -3.2 0.6 0.2
v -3.1 0.6 0.2
v -3 0.6 0.2
v -3.4 0.6 0.1
v -3.3 0.6 0.1
v -3.2 0.6 0.1
v -3.1 0.6 0.1
v -3.4 0.6 0
v -3.3 0.6 0
v -3.2 0.6 0
v -3.1 0.6 0
v -3 0.6 0
v -3.4 0.6 -0.1
v -3.3 0.6 -0.1
v -3.2 0.6 -0.1
v -3.1 0.6 -0.1
v -3 0.6 -0.1
v -3.4 0.6 -0.2
v -3.3 0.6 -0.2
v -3.2 0.6 -0.2
v -3.1 0.6 -0.2
v -3 0.6 -0.2
v -3.4 0.6 -0.3
v -3.3 0.6 -0.3
v -3.2 0.6 -0.3
v -3.1 0.6 -0.3
v -3.3 0.6 -0.4
v -3.2 0.6 -0.4
v -3 0.6 -0.4
v -3.4 0.6 -0.5
v -3.3 0.6 -0.5
v -3.2 0.6 -0.5
v -3.1 0.6 -0.5
v -3 0.6 -0.5
v -3.4 0.6 -0.6
v -3.3 0.6 -0.6
v -3.2 0.6 -0.6
v -3.1 0.6 -0.6
v -3 0.6 -0.6
v -3.4 0.6 -0.7
v -3.3 0.6 -0.7
v -3.2 0.6 -0.7
v -3.1 0.6 -0.7
v -3 0.6 -0.7
v -3.4 0.6 -0.8
v -3.2 0.6 -0.8
v -3.3 0.6 -0.9
v -3.2 0.6 -0.9
v -3.1 0.6 -0.9
v -3 0.6 -0.9
v -3.4 0.6 -1
v -3.3 0.6 -1
v -3.2 0.6 -1
v -3.1 0.6 -1
v -3 0.6 -1
v -3.4 0.6 -1.1
v -3.3 0.6 -1.1
v -3.2 0.6 -1.1
v -3.1 0.6 -1.1
v -3.3 0.6 -1.2
v -3.2 0.6 -1.2
v -3.1 0.6 -1.2
v -3.4 0.6 -1.3
v -3.3 0.6 -1.3
v -3.2 0.6 -1.3
v -3.1 0.6 -1.3
v -3 0.6 -1.3
v -3.4 0.6 -1.4
v -3.3 0.6 -1.4
v -3.2 0.6 -1.4
v -3.1 0.6 -1.4
v -3 0.6 -1.4
v -3.2 0.6 -1.5
v -3.1 0.6 -1.5
v -3.4 0.6 -1.6
v -3.2 0.6 -1.6
v -3.1 0.6 -1.6
v -3 0.6 -1.6
v -3.4 0.6 -1.7
v -3.3 0.6 -1.7
v -3.2 0.6 -1.7
v -3.1 0.6 -1.7
v -3.4 0.6 -1.8
v -3.3 0.6 -1.8
v -3.2 0.6 -1.8
v -3.1 0.6 -1.8
v -3 0.6 -1.8
v -3.4 0.6 -1.9
v -3.3 0.6 -1.9
v -3.2 0.6 -1.9
v -3.1 0.6 -1.9
v -3 0.6 -1.9
v -3.4 0.6 -2
v -3.3 0.6 -2
v -3.2 0.6 -2
v -3 0.6 -2
v -3.3 0.6 -2.1
v -3.2 0.6 -2.1
v -3.1 0.6 -2.1
v -3 0.6 -2.1
v -3.4 0.6 -2.2
v -3.3 0.6 -2.2
v -3.2 0.6 -2.2
v -3.1 0.6 -2.2
v -3 0.6 -2.2
v -3.4 0.6 -2.3
v -3.3 0.6 -2.3
v -3.2 0.6 -2.3
v -3.1 0.6 -2.3
v -3 0.6 -2.3
v -3.3 0.6 -2.4
v -3.2 0.6 -2.4
v -3.1 0.6 -2.4
v -3.4 0.6 -2.5
v -3.3 0.6 -2.5
v -3.2 0.6 -2.5
v -3.1 0.6 -2.5
v -3 0.6 -2.5
v -3.4 0.6 -2.6
v -3.3 0.6 -2.6
v -3.2 0.6 -2.6
v -3.1 0.6 -2.6
v -3 0.6 -2.6
v -3.4 0.6 -2.7
v -3.3 0.6 -2.7
v -3.2 0.6 -2.7
v -3.1 0.6 -2.7
v -3 0.6 -2.7
v -3.4 0.6 -2.8
v -3.3 0.6 -2.8
v -3.2 0.6 -2.8
v -3.1 0.6 -2.8
v -3 0.6 -2.8
v -3.4 0.6 -2.9
v -3.3 0.6 -2.9
v -3.2 0.6 -2.9
v -3.1 0.6 -2.9
v -3 0.6 -2.9
v -3.4 0.6 -3
v -3.3 0.6 -3
v -3.2 0.6 -3
v -3.1 0.6 -3
v -3 0.6 -3
v -3.4 0.6 -3.1
v -3.3 0.6 -3.1
v -3.2 0.6 -3.1
v -3.1 0.6 -3.1
v -3.4 0.6 -3.2
v -3.3 0.6 -3.2
v -3.2 0.6 -3.2
v -3.1 0.6 -3.2
v -3 0.6 -3.2
v -3.3 0.6 -3.3
v -3.2 0.6 -3.3
v -3.1 0.6 -3.3
v -3 0.6 -3.3
v -3.4 0.6 -3.4
v -3.3 0.6 -3.4
v -3.2 0.6 -3.4
v -3.4 0.6 -3.5
v -3.3 0.6 -3.5
v -3.2 0.6 -3.5
v -3.1 0.6 -3.5
v -3 0.6 -3.5
v -3.3 0.6 -3.6
v -3.2 0.6 -3.6
v -3.4 0.6 -3.7
v -3.3 0.6 -3.7
v -3.2 0.6 -3.7
v -3.1 0.6 -3.7
v -3 0.6 -3.7
v -3.4 0.6 -3.8
v -3.3 0.6 -3.8
v -3.2 0.6 -3.8
v -3.1 0.6 -3.8
v -3 0.6 -3.8
v -3.3 0.6 -3.9
v -3.2 0.6 -3.9
v -3.1 0.6 -3.9
v -3.3 0.6 -4
v -3.2 0.6 -4
v -3.1 0.6 -4
v -3 0.6 -4
v -3.4 0.6 -4.1
v -3.3 0.6 -4.1
v -3.2 0.6 -4.1
v -3.1 0.6 -4.1
v -3 0.6 -4.1
v -3.4 0.6 -4.2
v -3.3 0.6 -4.2
v -3.2 0.6 -4.2
v -3.1 0.6 -4.2
v -3 0.6 -4.2
v -3.4 0.6 -4.3
v -3.3 0.6 -4.3
v -3.2 0.6 -4.3
v -3.1 0.6 -4.3
v -3 0.6 -4.3
v -3.4 0.6 -4.4
v -3.3 0.6 -4.4
v -3.2 0.6 -4.4
v -3.1 0.6 -4.4
v -3 0.6 -4.4
v -3.4 0.6 -4.5
v -3.3 0.6 -4.5
v -3.2 0.6 -4.5
v -3.1 0.6 -4.5
v -3 0.6 -4.5
v -3.4 0.6 -4.6
v -3.3 0.6 -4.6
v -3.2 0.6 -4.6
v -3.1 0.6 -4.6
v -3.4 0.6 -4.7
v -3.3 0.6 -4.7
v -3.2 0.6 -4.7
v -3.1 0.6 -4.7
v -3.4 0.6 -4.8
v -3.3 0.6 -4.8
v -3.2 0.6 -4.8
v -3.1 0.6 -4.8
v -3 0.6 -4.8
v -3.3 0.6 -4.9
v -3.2 0.6 -4.9
v -3.1 0.6 -4.9
v -3 0.6 -4.9
v -3.4 0.6 -5
v -3.3 0.6 -5
v -3.2 0.6 -5
v -3.1 0.6 -5
v -3.4 0.6 -5.1
v -3.3 0.6 -5.1
v -3.2 0.6 -5.1
v -3.1 0.6 -5.1
v -3.4 0.6 -5.2
v -3.3 0.6 -5.2
v -3.2 0.6 -5.2
v -3.1 0.6 -5.2
v -3 0.6 -5.2
v -3.4 0.6 -5.3
v -3.3 0.6 -5.3
v -3.2 0.6 -5.3
v -3.4 0.6 -5.5
v -3.3 0.6 -5.5
v -3.2 0.6 -5.5
v -3.1 0.6 -5.5
v -3 0.6 -5.5
v -3.4 0.6 -5.6
v -3.2 0.6 -5.6
v -3.1 0.6 -5.6
v -3 0.6 -5.6
v -3.3 0.6 -5.7
v -3.2 0.6 -5.7
v -3.1 0.6 -5.7
v -3 0.6 -5.7
v -3.4 0.6 -5.8
v -3.3 0.6 -5.8
v -3.2 0.6 -5.8
v -3.1 0.6 -5.8
v -3 0.6 -5.8
v -3.4 0.6 -5.9
v -3.3 0.6 -5.9
v -3.2 0.6 -5.9
v -3.1 0.6 -5.9
v -3.4 0.6 -6
v -3.3 0.6 -6
v -3.2 0.6 -6
v -3.1 0.6 -6
v -3.3 0.6 -6.1
v -3.2 0.6 -6.1
v -3.3 0.6 -6.2
v -3.2 0.6 -6.2
v -3.1 0.6 -6.2
v -3 0.6 -6.2
v -3.4 0.6 -6.3
v -3.3 0.6 -6.3
v -3.2 0.6 -6.3
v -3.1 0.6 -6.3
v -3 0.6 -6.3

# faces
f 77/6/1 2/6/1 1/6/1
f 78/5/1 3/5/1 2/5/1
f 78/6/1 2/6/1 77/6/1
f 79/5/1 3/5/1 78/5/1
f 80/5/1 3/5/1 79/5/1
f 81/4/1 4/4/1 3/4/1
f 81/5/1 3/5/1 80/5/1
f 82/4/1 4/4/1 81/4/1
f 83/6/1 5/6/1 4/6/1
f 83/4/1 4/4/1 82/4/1
f 84/6/1 5/6/1 83/6/1
f 85/5/1 6/5/1 5/5/1
f 85/6/1 5/6/1 84/6/1
f 86/5/1 6/5/1 85/5/1
f 87/6/1 7/6/1 6/6/1
f 87/5/1 6/5/1 86/5/1
f 88/6/1 7/6/1 87/6/1
f 89/5/1 8/5/1 7/5/1
f 89/6/1 7/6/1 88/6/1
f 90/6/1 9/6/1 8/6/1
f 90/5/1 8/5/1 89/5/1
f 91/4/1 10/4/1 9/4/1
f 91/6/1 9/6/1 90/6/1
f 92/6/1 11/6/1 10/6/1
f 92/4/1 10/4/1 91/4/1
f 93/6/1 11/6/1 92/6/1
f 94/4/1 12/4/1 11/4/1
f 94/6/1 11/6/1 93/6/1
f 95/6/1 13/6/1 12/6/1
f 95/4/1 12/4/1 94/4/1
f 96/4/1 14/4/1 13/4/1
f 96/6/1 13/6/1 95/6/1
f 97/6/1 15/6/1 14/6/1
f 97/4/1 14/4/1 96/4/1
f 98/4/1 16/4/1 15/4/1
f 98/6/1 15/6/1 97/6/1
f 99/5/1 17/5/1 16/5/1
f 99/4/1 16/4/1 98/4/1
f 100/3/1 18/3/1 17/3/1
f 100/5/1 17/5/1 99/5/1
f 101/4/1 19/4/1 18/4/1
f 101/3/1 18/3/1 100/3/1
f 102/3/1 20/3/1 19/3/1
f 102/4/1 19/4/1 101/4/1
f 103/4/1 21/4/1 20/4/1
f 103/3/1 20/3/1 102/3/1
f 104/4/1 21/4/1 103/4/1
f 105/5/1 22/5/1 21/5/1
f 105/3/1 23/3/1 22/3/1
f 106/5/1 24/5/1 23/5/1
f 106/3/1 23/3/1 105/3/1
f 107/5/1 24/5/1 106/5/1
f 108/4/1 25/4/1 24/4/1
f 108/5/1 24/5/1 107/5/1
f 109/5/1 26/5/1 25/5/1
f 109/4/1 25/4/1 108/4/1
f 110/6/1 27/6/1 26/6/1
f 110/5/1 26/5/1 109/5/1
f 111/5/1 28/5/1 27/5/1
f 111/6/1 27/6/1 110/6/1
f 112/5/1 28/5/1 111/5/1
f 113/5/1 28/5/1 112/5/1
f 114/7/1 29/7/1 28/7/1
f 114/5/1 28/5/1 113/5/1
f 115/7/1 29/7/1 114/7/1
f 116/6/1 30/6/1 29/6/1
f 116/7/1 29/7/1 115/7/1
f 117/6/1 30/6/1 116/6/1
f 118/5/1 31/5/1 30/5/1
f 118/6/1 30/6/1 117/6/1
f 119/5/1 31/5/1 118/5/1
f 120/5/1 31/5/1 119/5/1
f 121/4/1 32/4/1 31/4/1
f 121/5/1 31/5/1 120/5/1
f 122/4/1 32/4/1 121/4/1
f 123/4/1 32/4/1 122/4/1
f 124/5/1 33/5/1 32/5/1
f 124/4/1 32/4/1 123/4/1
f 125/4/1 34/4/1 33/4/1
f 125/5/1 33/5/1 124/5/1
f 126/5/1 35/5/1 34/5/1
f 126/4/1 34/4/1 125/4/1
f 127/3/1 36/3/1 35/3/1
f 127/5/1 35/5/1 126/5/1
f 128/3/1 36/3/1 127/3/1
f 129/1/1 37/1/1 36/1/1
f 129/3/1 36/3/1 128/3/1
f 130/2/1 38/2/1 37/2/1
f 130/1/1 37/1/1 129/1/1
f 131/1/1 39/1/1 38/1/1
f 131/2/1 38/2/1 130/2/1
f 132/1/1 39/1/1 131/1/1
f 133/3/1 40/3/1 39/3/1
f 133/1/1 39/1/1 132/1/1
f 134/1/1 41/1/1 40/1/1
f 134/3/1 40/3/1 133/3/1
f 135/1/1 41/1/1 134/1/1
f 136/3/1 42/3/1 41/3/1
f 136/1/1 41/1/1 135/1/1
f 137/2/1 43/2/1 42/2/1
f 137/3/1 42/3/1 136/3/1
f 138/4/1 44/4/1 43/4/1
f 138/2/1 43/2/1 137/2/1
f 139/5/1 45/5/1 44/5/1
f 139/4/1 44/4/1 138/4/1
f 140/6/1 46/6/1 45/6/1
f 140/5/1 45/5/1 139/5/1
f 141/4/1 47/4/1 46/4/1
f 141/6/1 46/6/1 140/6/1
f 142/4/1 47/4/1 141/4/1
f 143/6/1 48/6/1 47/6/1
f 143/4/1 47/4/1 142/4/1
f 144/5/1 49/5/1 48/5/1
f 144/6/1 48/6/1 143/6/1
f 145/3/1 50/3/1 49/3/1
f 145/5/1 49/5/1 144/5/1
f 146/5/1 51/5/1 50/5/1
f 146/3/1 50/3/1 145/3/1
f 147/4/1 52/4/1 51/4/1
f 147/5/1 51/5/1 146/5/1
f 148/4/1 52/4/1 147/4/1
f 149/5/1 53/5/1 52/5/1
f 149/4/1 52/4/1 148/4/1
f 150/4/1 54/4/1 53/4/1
f 150/5/1 53/5/1 149/5/1
f 151/4/1 54/4/1 150/4/1
f 152/4/1 54/4/1 151/4/1
f 153/3/1 55/3/1 54/3/1
f 153/4/1 54/4/1 152/4/1
f 154/5/1 56/5/1 55/5/1
f 154/3/1 55/3/1 153/3/1
f 155/6/1 57/6/1 56/6/1
f 155/5/1 56/5/1 154/5/1
f 156/6/1 57/6/1 155/6/1
f 157/5/1 58/5/1 57/5/1
f 157/6/1 57/6/1 156/6/1
f 158/6/1 59/6/1 58/6/1
f 158/4/1 60/4/1 59/4/1
f 159/4/1 60/4/1 158/4/1
f 160/6/1 61/6/1 60/6/1
f 160/4/1 60/4/1 159/4/1
f 161/6/1 61/6/1 160/6/1
f 162/7/1 62/7/1 61/7/1
f 162/6/1 61/6/1 161/6/1
f 163/5/1 63/5/1 62/5/1
f 163/7/1 62/7/1 162/7/1
f 164/7/1 64/7/1 63/7/1
f 164/5/1 63/5/1 163/5/1
f 165/5/1 65/5/1 64/5/1
f 165/7/1 64/7/1 164/7/1
f 166/6/1 66/6/1 65/6/1
f 166/5/1 65/5/1 165/5/1
f 167/5/1 67/5/1 66/5/1
f 167/6/1 66/6/1 166/6/1
f 168/5/1 67/5/1 167/5/1
f 169/5/1 67/5/1 168/5/1
f 170/6/1 68/6/1 67/6/1
f 170/5/1 67/5/1 169/5/1
f 171/6/1 68/6/1 170/6/1
f 172/7/1 69/7/1 68/7/1
f 172/6/1 68/6/1 171/6/1
f 173/6/1 70/6/1 69/6/1
f 173/7/1 69/7/1 172/7/1
f 174/6/1 70/6/1 173/6/1
f 175/7/1 71/7/1 70/7/1
f 175/6/1 70/6/1 174/6/1
f 176/6/1 72/6/1 71/6/1
f 176/7/1 71/7/1 175/7/1
f 177/5/1 73/5/1 72/5/1
f 177/6/1 72/6/1 176/6/1
f 178/3/1 74/3/1 73/3/1
f 178/5/1 73/5/1 177/5/1
f 179/3/1 74/3/1 178/3/1
f 180/3/1 74/3/1 179/3/1
f 181/3/1 74/3/1 180/3/1
f 182/4/1 75/4/1 74/4/1
f 182/3/1 74/3/1 181/3/1
f 183/2/1 76/2/1 75/2/1
f 183/4/1 75/4/1 182/4/1
f 184/2/1 76/2/1 183/2/1
f 185/3/1 78/3/1 77/3/1
f 185/3/1 79/3/1 78/3/1
f 186/3/1 79/3/1 185/3/1
f 187/8/1 80/8/1 79/8/1
f 187/3/1 79/3/1 186/3/1
f 188/7/1 81/7/1 80/7/1
f 188/8/1 80/8/1 187/8/1
f 189/6/1 82/6/1 81/6/1
f 189/7/1 81/7/1 188/7/1
f 190/8/1 83/8/1 82/8/1
f 190/6/1 82/6/1 189/6/1
f 191/7/1 84/7/1 83/7/1
f 191/8/1 83/8/1 190/8/1
f 192/6/1 86/6/1 85/6/1
f 192/7/1 84/7/1 191/7/1
f 192/6/1 85/6/1 84/6/1
f 193/6/1 86/6/1 192/6/1
f 194/8/1 88/8/1 87/8/1
f 194/6/1 86/6/1 193/6/1
f 194/8/1 87/8/1 86/8/1
f 195/8/1 88/8/1 194/8/1
f 196/7/1 89/7/1 88/7/1
f 196/8/1 88/8/1 195/8/1
f 197/8/1 90/8/1 89/8/1
f 197/7/1 89/7/1 196/7/1
f 197/8/1 91/8/1 90/8/1
f 197/8/1 92/8/1 91/8/1
f 198/8/1 92/8/1 197/8/1
f 199/8/1 92/8/1 198/8/1
f 200/8/1 92/8/1 199/8/1
f 201/6/1 93/6/1 92/6/1
f 201/8/1 92/8/1 200/8/1
f 202/7/1 94/7/1 93/7/1
f 202/6/1 93/6/1 201/6/1
f 203/8/1 95/8/1 94/8/1
f 203/7/1 94/7/1 202/7/1
f 204/7/1 96/7/1 95/7/1
f 204/8/1 95/8/1 203/8/1
f 205/8/1 97/8/1 96/8/1
f 205/7/1 96/7/1 204/7/1
f 206/4/1 98/4/1 97/4/1
f 206/8/1 97/8/1 205/8/1
f 206/4/1 99/4/1 98/4/1
f 206/4/1 100/4/1 99/4/1
f 206/4/1 101/4/1 100/4/1
f 207/4/1 101/4/1 206/4/1
f 208/4/1 101/4/1 207/4/1
f 209/6/1 102/6/1 101/6/1
f 209/4/1 101/4/1 208/4/1
f 210/4/1 103/4/1 102/4/1
f 210/6/1 102/6/1 209/6/1
f 211/6/1 104/6/1 103/6/1
f 211/4/1 103/4/1 210/4/1
f 212/4/1 21/4/1 104/4/1
f 212/6/1 104/6/1 211/6/1
f 213/5/1 105/5/1 21/5/1
f 213/4/1 21/4/1 212/4/1
f 214/1/1 107/1/1 106/1/1
f 214/5/1 105/5/1 213/5/1
f 214/1/1 106/1/1 105/1/1
f 215/1/1 107/1/1 214/1/1
f 216/2/1 108/2/1 107/2/1
f 216/1/1 107/1/1 215/1/1
f 217/1/1 109/1/1 108/1/1
f 217/2/1 108/2/1 216/2/1
f 218/3/1 110/3/1 109/3/1
f 218/1/1 109/1/1 217/1/1
f 219/3/1 110/3/1 218/3/1
f 220/2/1 111/2/1 110/2/1
f 220/3/1 110/3/1 219/3/1
f 221/1/1 112/1/1 111/1/1
f 221/2/1 111/2/1 220/2/1
f 222/2/1 113/2/1 112/2/1
f 222/1/1 112/1/1 221/1/1
f 223/2/1 115/2/1 114/2/1
f 223/1/1 114/1/1 113/1/1
f 224/1/1 117/1/1 116/1/1
f 224/2/1 115/2/1 223/2/1
f 224/1/1 116/1/1 115/1/1
f 225/1/1 117/1/1 224/1/1
f 226/3/1 120/3/1 119/3/1
f 226/1/1 119/1/1 118/1/1
f 227/3/1 120/3/1 226/3/1
f 228/1/1 121/1/1 120/1/1
f 228/1/1 122/1/1 121/1/1
f 229/2/1 123/2/1 122/2/1
f 229/1/1 122/1/1 228/1/1
f 230/3/1 124/3/1 123/3/1
f 230/2/1 123/2/1 229/2/1
f 231/2/1 125/2/1 124/2/1
f 231/3/1 124/3/1 230/3/1
f 231/2/1 126/2/1 125/2/1
f 231/2/1 127/2/1 126/2/1
f 232/2/1 127/2/1 231/2/1
f 233/2/1 127/2/1 232/2/1
f 234/4/1 128/4/1 127/4/1
f 234/2/1 127/2/1 233/2/1
f 235/3/1 129/3/1 128/3/1
f 235/4/1 128/4/1 234/4/1
f 236/4/1 130/4/1 129/4/1
f 236/3/1 129/3/1 235/3/1
f 237/4/1 130/4/1 236/4/1
f 238/3/1 131/3/1 130/3/1
f 238/4/1 130/4/1 237/4/1
f 239/7/1 132/7/1 131/7/1
f 239/3/1 131/3/1 238/3/1
f 240/5/1 133/5/1 132/5/1
f 240/7/1 132/7/1 239/7/1
f 241/7/1 134/7/1 133/7/1
f 241/5/1 133/5/1 240/5/1
f 242/5/1 135/5/1 134/5/1
f 242/7/1 134/7/1 241/7/1
f 243/7/1 136/7/1 135/7/1
f 243/5/1 135/5/1 242/5/1
f 244/6/1 137/6/1 136/6/1
f 244/7/1 136/7/1 243/7/1
f 245/7/1 138/7/1 137/7/1
f 245/6/1 137/6/1 244/6/1
f 246/5/1 139/5/1 138/5/1
f 246/7/1 138/7/1 245/7/1
f 247/7/1 140/7/1 139/7/1
f 247/5/1 139/5/1 246/5/1
f 248/2/1 142/2/1 141/2/1
f 248/7/1 140/7/1 247/7/1
f 248/2/1 141/2/1 140/2/1
f 249/2/1 142/2/1 248/2/1
f 250/2/1 142/2/1 249/2/1
f 251/2/1 142/2/1 250/2/1
f 252/3/1 143/3/1 142/3/1
f 252/2/1 142/2/1 251/2/1
f 253/2/1 144/2/1 143/2/1
f 253/3/1 143/3/1 252/3/1
f 254/3/1 145/3/1 144/3/1
f 254/2/1 144/2/1 253/2/1
f 255/2/1 146/2/1 145/2/1
f 255/3/1 145/3/1 254/3/1
f 256/3/1 148/3/1 147/3/1
f 256/2/1 146/2/1 255/2/1
f 256/3/1 147/3/1 146/3/1
f 257/3/1 148/3/1 256/3/1
f 258/2/1 149/2/1 148/2/1
f 258/3/1 148/3/1 257/3/1
f 258/2/1 150/2/1 149/2/1
f 259/3/1 151/3/1 150/3/1
f 259/2/1 150/2/1 258/2/1
f 260/4/1 152/4/1 151/4/1
f 260/3/1 151/3/1 259/3/1
f 261/6/1 153/6/1 152/6/1
f 261/4/1 152/4/1 260/4/1
f 262/5/1 154/5/1 153/5/1
f 262/6/1 153/6/1 261/6/1
f 262/5/1 155/5/1 154/5/1
f 263/5/1 155/5/1 262/5/1
f 264/4/1 156/4/1 155/4/1
f 264/5/1 155/5/1 263/5/1
f 265/4/1 156/4/1 264/4/1
f 266/5/1 157/5/1 156/5/1
f 266/4/1 156/4/1 265/4/1
f 267/5/1 58/5/1 157/5/1
f 267/5/1 157/5/1 266/5/1
f 267/6/1 159/6/1 158/6/1
f 267/6/1 158/6/1 58/6/1
f 268/6/1 159/6/1 267/6/1
f 269/5/1 161/5/1 160/5/1
f 269/6/1 159/6/1 268/6/1
f 269/5/1 160/5/1 159/5/1
f 270/4/1 162/4/1 161/4/1
f 270/5/1 161/5/1 269/5/1
f 270/4/1 163/4/1 162/4/1
f 270/4/1 164/4/1 163/4/1
f 270/4/1 165/4/1 164/4/1
f 271/4/1 165/4/1 270/4/1
f 272/4/1 165/4/1 271/4/1
f 273/4/1 165/4/1 272/4/1
f 274/3/1 166/3/1 165/3/1
f 274/4/1 165/4/1 273/4/1
f 275/5/1 167/5/1 166/5/1
f 275/3/1 166/3/1 274/3/1
f 276/4/1 168/4/1 167/4/1
f 276/5/1 167/5/1 275/5/1
f 277/3/1 169/3/1 168/3/1
f 277/4/1 168/4/1 276/4/1
f 278/4/1 170/4/1 169/4/1
f 278/3/1 169/3/1 277/3/1
f 279/4/1 170/4/1 278/4/1
f 280/4/1 170/4/1 279/4/1
f 281/4/1 170/4/1 280/4/1
f 282/3/1 171/3/1 170/3/1
f 282/4/1 170/4/1 281/4/1
f 283/4/1 172/4/1 171/4/1
f 283/3/1 171/3/1 282/3/1
f 284/4/1 172/4/1 283/4/1
f 285/5/1 174/5/1 173/5/1
f 285/4/1 172/4/1 284/4/1
f 285/5/1 173/5/1 172/5/1
f 286/3/1 175/3/1 174/3/1
f 286/5/1 174/5/1 285/5/1
f 287/4/1 176/4/1 175/4/1
f 287/3/1 175/3/1 286/3/1
f 288/5/1 177/5/1 176/5/1
f 288/4/1 176/4/1 287/4/1
f 289/3/1 178/3/1 177/3/1
f 289/5/1 177/5/1 288/5/1
f 289/3/1 179/3/1 178/3/1
f 290/3/1 179/3/1 289/3/1
f 291/4/1 180/4/1 179/4/1
f 291/3/1 179/3/1 290/3/1
f 292/3/1 181/3/1 180/3/1
f 292/4/1 180/4/1 291/4/1
f 293/4/1 182/4/1 181/4/1
f 293/3/1 181/3/1 292/3/1
f 294/3/1 184/3/1 183/3/1
f 294/4/1 182/4/1 293/4/1
f 294/3/1 183/3/1 182/3/1
f 295/3/1 184/3/1 294/3/1
f 296/3/1 184/3/1 295/3/1
f 297/3/1 184/3/1 296/3/1
f 298/7/1 186/7/1 185/7/1
f 298/1/1 188/1/1 187/1/1
f 298/1/1 190/1/1 189/1/1
f 298/1/1 187/1/1 186/1/1
f 298/1/1 189/1/1 188/1/1
f 299/1/1 190/1/1 298/1/1
f 300/1/1 190/1/1 299/1/1
f 301/3/1 191/3/1 190/3/1
f 301/1/1 190/1/1 300/1/1
f 302/2/1 193/2/1 192/2/1
f 302/3/1 191/3/1 301/3/1
f 302/2/1 192/2/1 191/2/1
f 303/2/1 193/2/1 302/2/1
f 304/3/1 194/3/1 193/3/1
f 304/2/1 193/2/1 303/2/1
f 305/1/1 195/1/1 194/1/1
f 305/3/1 194/3/1 304/3/1
f 306/1/1 195/1/1 305/1/1
f 307/5/1 196/5/1 195/5/1
f 307/1/1 195/1/1 306/1/1
f 308/7/1 198/7/1 197/7/1
f 308/5/1 196/5/1 307/5/1
f 308/7/1 197/7/1 196/7/1
f 309/7/1 198/7/1 308/7/1
f 310/5/1 199/5/1 198/5/1
f 310/7/1 198/7/1 309/7/1
f 311/7/1 200/7/1 199/7/1
f 311/5/1 199/5/1 310/5/1
f 312/6/1 201/6/1 200/6/1
f 312/7/1 200/7/1 311/7/1
f 313/5/1 202/5/1 201/5/1
f 313/7/1 203/7/1 202/7/1
f 314/5/1 204/5/1 203/5/1
f 314/7/1 203/7/1 313/7/1
f 315/6/1 205/6/1 204/6/1
f 315/5/1 204/5/1 314/5/1
f 316/1/1 206/1/1 205/1/1
f 316/6/1 205/6/1 315/6/1
f 317/3/1 207/3/1 206/3/1
f 317/1/1 206/1/1 316/1/1
f 318/2/1 208/2/1 207/2/1
f 318/3/1 207/3/1 317/3/1
f 319/2/1 208/2/1 318/2/1
f 320/3/1 210/3/1 209/3/1
f 320/2/1 208/2/1 319/2/1
f 320/3/1 209/3/1 208/3/1
f 321/3/1 210/3/1 320/3/1
f 322/3/1 210/3/1 321/3/1
f 323/2/1 211/2/1 210/2/1
f 323/3/1 210/3/1 322/3/1
f 324/1/1 212/1/1 211/1/1
f 324/2/1 211/2/1 323/2/1
f 324/1/1 213/1/1 212/1/1
f 325/2/1 214/2/1 213/2/1
f 325/1/1 213/1/1 324/1/1
f 326/1/1 215/1/1 214/1/1
f 326/2/1 214/2/1 325/2/1
f 327/2/1 216/2/1 215/2/1
f 327/1/1 215/1/1 326/1/1
f 327/2/1 217/2/1 216/2/1
f 328/3/1 219/3/1 218/3/1
f 328/2/1 217/2/1 327/2/1
f 328/3/1 218/3/1 217/3/1
f 329/2/1 221/2/1 220/2/1
f 329/3/1 219/3/1 328/3/1
f 329/2/1 220/2/1 219/2/1
f 329/2/1 222/2/1 221/2/1
f 330/2/1 222/2/1 329/2/1
f 331/2/1 222/2/1 330/2/1
f 332/2/1 113/2/1 222/2/1
f 332/2/1 222/2/1 331/2/1
f 333/1/1 223/1/1 113/1/1
f 333/2/1 113/2/1 332/2/1
f 333/1/1 224/1/1 223/1/1
f 334/1/1 224/1/1 333/1/1
f 335/3/1 225/3/1 224/3/1
f 335/1/1 224/1/1 334/1/1
f 336/1/1 117/1/1 225/1/1
f 336/3/1 225/3/1 335/3/1
f 337/1/1 117/1/1 336/1/1
f 338/2/1 118/2/1 117/2/1
f 338/1/1 117/1/1 337/1/1
f 339/1/1 226/1/1 118/1/1
f 339/2/1 118/2/1 338/2/1
f 340/2/1 227/2/1 226/2/1
f 340/1/1 226/1/1 339/1/1
f 341/3/1 120/3/1 227/3/1
f 341/2/1 227/2/1 340/2/1
f 342/1/1 228/1/1 120/1/1
f 342/3/1 120/3/1 341/3/1
f 343/7/1 229/7/1 228/7/1
f 343/1/1 228/1/1 342/1/1
f 344/5/1 230/5/1 229/5/1
f 344/7/1 229/7/1 343/7/1
f 344/5/1 231/5/1 230/5/1
f 345/5/1 231/5/1 344/5/1
f 346/7/1 232/7/1 231/7/1
f 346/5/1 231/5/1 345/5/1
f 347/5/1 233/5/1 232/5/1
f 347/7/1 232/7/1 346/7/1
f 348/7/1 234/7/1 233/7/1
f 348/5/1 233/5/1 347/5/1
f 348/7/1 235/7/1 234/7/1
f 348/7/1 236/7/1 235/7/1
f 349/7/1 236/7/1 348/7/1
f 350/6/1 237/6/1 236/6/1
f 350/7/1 236/7/1 349/7/1
f 351/5/1 238/5/1 237/5/1
f 351/6/1 237/6/1 350/6/1
f 351/5/1 239/5/1 238/5/1
f 352/6/1 240/6/1 239/6/1
f 352/5/1 239/5/1 351/5/1
f 353/7/1 241/7/1 240/7/1
f 353/6/1 240/6/1 352/6/1
f 353/7/1 242/7/1 241/7/1
f 354/7/1 242/7/1 353/7/1
f 355/6/1 243/6/1 242/6/1
f 355/7/1 242/7/1 354/7/1
f 356/5/1 244/5/1 243/5/1
f 356/6/1 243/6/1 355/6/1
f 356/5/1 245/5/1 244/5/1
f 357/5/1 245/5/1 356/5/1
f 358/7/1 246/7/1 245/7/1
f 358/5/1 245/5/1 357/5/1
f 358/7/1 247/7/1 246/7/1
f 359/7/1 247/7/1 358/7/1
f 360/4/1 248/4/1 247/4/1
f 360/7/1 247/7/1 359/7/1
f 361/5/1 249/5/1 248/5/1
f 361/4/1 248/4/1 360/4/1
f 362/6/1 250/6/1 249/6/1
f 362/5/1 249/5/1 361/5/1
f 363/4/1 251/4/1 250/4/1
f 363/6/1 250/6/1 362/6/1
f 364/5/1 252/5/1 251/5/1
f 364/4/1 251/4/1 363/4/1
f 365/4/1 253/4/1 252/4/1
f 365/5/1 252/5/1 364/5/1
f 366/5/1 254/5/1 253/5/1
f 366/4/1 253/4/1 365/4/1
f 367/6/1 255/6/1 254/6/1
f 367/5/1 254/5/1 366/5/1
f 368/5/1 257/5/1 256/5/1
f 368/6/1 255/6/1 367/6/1
f 368/5/1 256/5/1 255/5/1
f 369/5/1 257/5/1 368/5/1
f 370/1/1 258/1/1 257/1/1
f 370/5/1 257/5/1 369/5/1
f 371/2/1 259/2/1 258/2/1
f 371/1/1 258/1/1 370/1/1
f 372/2/1 259/2/1 371/2/1
f 373/1/1 260/1/1 259/1/1
f 373/2/1 259/2/1 372/2/1
f 373/1/1 261/1/1 260/1/1
f 373/1/1 263/1/1 262/1/1
f 373/1/1 262/1/1 261/1/1
f 374/1/1 263/1/1 373/1/1
f 375/1/1 263/1/1 374/1/1
f 376/1/1 263/1/1 375/1/1
f 377/2/1 265/2/1 264/2/1
f 377/1/1 263/1/1 376/1/1
f 377/2/1 264/2/1 263/2/1
f 378/1/1 266/1/1 265/1/1
f 378/2/1 265/2/1 377/2/1
f 379/2/1 267/2/1 266/2/1
f 379/1/1 266/1/1 378/1/1
f 380/2/1 267/2/1 379/2/1
f 381/3/1 268/3/1 267/3/1
f 381/2/1 267/2/1 380/2/1
f 382/4/1 269/4/1 268/4/1
f 382/3/1 268/3/1 381/3/1
f 382/4/1 270/4/1 269/4/1
f 383/4/1 270/4/1 382/4/1
f 384/2/1 271/2/1 270/2/1
f 384/4/1 270/4/1 383/4/1
f 385/3/1 272/3/1 271/3/1
f 385/2/1 271/2/1 384/2/1
f 386/2/1 273/2/1 272/2/1
f 386/4/1 274/4/1 273/4/1
f 387/6/1 276/6/1 275/6/1
f 387/4/1 274/4/1 386/4/1
f 387/6/1 275/6/1 274/6/1
f 388/4/1 277/4/1 276/4/1
f 388/6/1 276/6/1 387/6/1
f 388/4/1 278/4/1 277/4/1
f 389/4/1 278/4/1 388/4/1
f 390/6/1 279/6/1 278/6/1
f 390/4/1 278/4/1 389/4/1
f 391/5/1 280/5/1 279/5/1
f 391/6/1 279/6/1 390/6/1
f 392/4/1 281/4/1 280/4/1
f 392/5/1 280/5/1 391/5/1
f 393/6/1 282/6/1 281/6/1
f 393/4/1 281/4/1 392/4/1
f 393/6/1 284/6/1 283/6/1
f 393/6/1 283/6/1 282/6/1
f 394/6/1 284/6/1 393/6/1
f 395/6/1 284/6/1 394/6/1
f 396/5/1 285/5/1 284/5/1
f 396/6/1 284/6/1 395/6/1
f 397/7/1 286/7/1 285/7/1
f 397/5/1 285/5/1 396/5/1
f 398/7/1 286/7/1 397/7/1
f 399/6/1 287/6/1 286/6/1
f 399/7/1 286/7/1 398/7/1
f 400/5/1 289/5/1 288/5/1
f 400/6/1 287/6/1 399/6/1
f 400/5/1 288/5/1 287/5/1
f 401/7/1 290/7/1 289/7/1
f 401/5/1 289/5/1 400/5/1
f 402/6/1 291/6/1 290/6/1
f 402/7/1 290/7/1 401/7/1
f 403/7/1 292/7/1 291/7/1
f 403/6/1 291/6/1 402/6/1
f 404/5/1 293/5/1 292/5/1
f 404/7/1 292/7/1 403/7/1
f 405/7/1 295/7/1 294/7/1
f 405/5/1 293/5/1 404/5/1
f 405/7/1 294/7/1 293/7/1
f 406/7/1 295/7/1 405/7/1
f 407/5/1 296/5/1 295/5/1
f 407/7/1 295/7/1 406/7/1
f 408/7/1 297/7/1 296/7/1
f 408/5/1 296/5/1 407/5/1
f 409/7/1 297/7/1 408/7/1
f 410/7/1 298/7/1 185/7/1
f 411/8/1 299/8/1 298/8/1
f 411/7/1 298/7/1 410/7/1
f 412/6/1 300/6/1 299/6/1
f 412/8/1 299/8/1 411/8/1
f 413/8/1 301/8/1 300/8/1
f 413/6/1 300/6/1 412/6/1
f 414/6/1 302/6/1 301/6/1
f 414/8/1 301/8/1 413/8/1
f 415/7/1 303/7/1 302/7/1
f 415/6/1 302/6/1 414/6/1
f 416/6/1 304/6/1 303/6/1
f 416/7/1 303/7/1 415/7/1
f 416/6/1 305/6/1 304/6/1
f 417/7/1 306/7/1 305/7/1
f 417/6/1 305/6/1 416/6/1
f 418/3/1 309/3/1 308/3/1
f 418/7/1 306/7/1 417/7/1
f 418/3/1 307/3/1 306/3/1
f 418/3/1 308/3/1 307/3/1
f 419/4/1 310/4/1 309/4/1
f 419/3/1 309/3/1 418/3/1
f 420/5/1 311/5/1 310/5/1
f 420/4/1 310/4/1 419/4/1
f 420/5/1 312/5/1 311/5/1
f 421/6/1 201/6/1 312/6/1
f 421/5/1 312/5/1 420/5/1
f 422/5/1 313/5/1 201/5/1
f 422/6/1 201/6/1 421/6/1
f 422/5/1 314/5/1 313/5/1
f 423/4/1 316/4/1 315/4/1
f 423/5/1 314/5/1 422/5/1
f 423/4/1 315/4/1 314/4/1
f 424/6/1 317/6/1 316/6/1
f 424/4/1 316/4/1 423/4/1
f 425/5/1 318/5/1 317/5/1
f 425/6/1 317/6/1 424/6/1
f 426/6/1 319/6/1 318/6/1
f 426/5/1 318/5/1 425/5/1
f 427/5/1 320/5/1 319/5/1
f 427/6/1 319/6/1 426/6/1
f 428/4/1 321/4/1 320/4/1
f 428/5/1 320/5/1 427/5/1
f 429/6/1 322/6/1 321/6/1
f 429/4/1 321/4/1 428/4/1
f 430/4/1 323/4/1 322/4/1
f 430/6/1 322/6/1 429/6/1
f 431/5/1 324/5/1 323/5/1
f 431/4/1 323/4/1 430/4/1
f 432/4/1 325/4/1 324/4/1
f 432/5/1 324/5/1 431/5/1
f 433/6/1 326/6/1 325/6/1
f 433/4/1 325/4/1 432/4/1
f 433/6/1 327/6/1 326/6/1
f 434/3/1 328/3/1 327/3/1
f 434/6/1 327/6/1 433/6/1
f 435/2/1 329/2/1 328/2/1
f 435/3/1 328/3/1 434/3/1
f 436/4/1 330/4/1 329/4/1
f 436/2/1 329/2/1 435/2/1
f 437/3/1 331/3/1 330/3/1
f 437/4/1 330/4/1 436/4/1
f 438/4/1 332/4/1 331/4/1
f 438/3/1 331/3/1 437/3/1
f 439/2/1 334/2/1 333/2/1
f 439/4/1 332/4/1 438/4/1
f 439/2/1 333/2/1 332/2/1
f 440/4/1 335/4/1 334/4/1
f 440/2/1 334/2/1 439/2/1
f 441/3/1 336/3/1 335/3/1
f 441/4/1 335/4/1 440/4/1
f 442/2/1 337/2/1 336/2/1
f 442/3/1 336/3/1 441/3/1
f 443/3/1 338/3/1 337/3/1
f 443/2/1 337/2/1 442/2/1
f 444/6/1 339/6/1 338/6/1
f 444/3/1 338/3/1 443/3/1
f 445/4/1 341/4/1 340/4/1
f 445/6/1 339/6/1 444/6/1
f 445/4/1 342/4/1 341/4/1
f 445/4/1 343/4/1 342/4/1
f 445/4/1 340/4/1 339/4/1
f 446/6/1 344/6/1 343/6/1
f 446/4/1 343/4/1 445/4/1
f 447/5/1 345/5/1 344/5/1
f 447/6/1 344/6/1 446/6/1
f 448/4/1 346/4/1 345/4/1
f 448/5/1 345/5/1 447/5/1
f 449/5/1 347/5/1 346/5/1
f 449/4/1 346/4/1 448/4/1
f 450/6/1 348/6/1 347/6/1
f 450/5/1 347/5/1 449/5/1
f 451/3/1 349/3/1 348/3/1
f 451/6/1 348/6/1 450/6/1
f 452/1/1 350/1/1 349/1/1
f 452/3/1 349/3/1 451/3/1
f 453/2/1 351/2/1 350/2/1
f 453/1/1 350/1/1 452/1/1
f 454/1/1 352/1/1 351/1/1
f 454/2/1 351/2/1 453/2/1
f 455/3/1 353/3/1 352/3/1
f 455/1/1 352/1/1 454/1/1
f 456/1/1 354/1/1 353/1/1
f 456/3/1 353/3/1 455/3/1
f 457/2/1 355/2/1 354/2/1
f 457/1/1 354/1/1 456/1/1
f 458/3/1 356/3/1 355/3/1
f 458/2/1 355/2/1 457/2/1
f 459/7/1 357/7/1 356/7/1
f 459/3/1 356/3/1 458/3/1
f 460/6/1 358/6/1 357/6/1
f 460/7/1 357/7/1 459/7/1
f 461/7/1 359/7/1 358/7/1
f 461/6/1 358/6/1 460/6/1
f 462/5/1 360/5/1 359/5/1
f 462/7/1 359/7/1 461/7/1
f 463/6/1 362/6/1 361/6/1
f 463/5/1 360/5/1 462/5/1
f 463/6/1 361/6/1 360/6/1
f 464/7/1 363/7/1 362/7/1
f 464/6/1 362/6/1 463/6/1
f 465/5/1 364/5/1 363/5/1
f 465/7/1 363/7/1 464/7/1
f 466/6/1 365/6/1 364/6/1
f 466/5/1 364/5/1 465/5/1
f 466/6/1 366/6/1 365/6/1
f 467/7/1 367/7/1 366/7/1
f 467/6/1 366/6/1 466/6/1
f 468/5/1 368/5/1 367/5/1
f 468/7/1 367/7/1 467/7/1
f 469/6/1 369/6/1 368/6/1
f 469/5/1 368/5/1 468/5/1
f 470/7/1 370/7/1 369/7/1
f 470/6/1 369/6/1 469/6/1
f 470/7/1 371/7/1 370/7/1
f 471/5/1 372/5/1 371/5/1
f 471/7/1 371/7/1 470/7/1
f 472/6/1 373/6/1 372/6/1
f 472/5/1 372/5/1 471/5/1
f 473/5/1 374/5/1 373/5/1
f 473/6/1 373/6/1 472/6/1
f 474/7/1 375/7/1 374/7/1
f 474/5/1 374/5/1 473/5/1
f 475/4/1 376/4/1 375/4/1
f 475/7/1 375/7/1 474/7/1
f 476/5/1 377/5/1 376/5/1
f 476/4/1 376/4/1 475/4/1
f 476/5/1 378/5/1 377/5/1
f 477/4/1 379/4/1 378/4/1
f 477/5/1 378/5/1 476/5/1
f 478/6/1 380/6/1 379/6/1
f 478/4/1 379/4/1 477/4/1
f 479/4/1 381/4/1 380/4/1
f 479/6/1 380/6/1 478/6/1
f 480/6/1 383/6/1 382/6/1
f 480/4/1 381/4/1 479/4/1
f 480/6/1 382/6/1 381/6/1
f 481/2/1 384/2/1 383/2/1
f 481/6/1 383/6/1 480/6/1
f 482/3/1 385/3/1 384/3/1
f 482/2/1 384/2/1 481/2/1
f 483/3/1 272/3/1 385/3/1
f 483/3/1 385/3/1 482/3/1
f 483/2/1 386/2/1 272/2/1
f 484/3/1 388/3/1 387/3/1
f 484/2/1 386/2/1 483/2/1
f 484/3/1 387/3/1 386/3/1
f 485/2/1 389/2/1 388/2/1
f 485/3/1 388/3/1 484/3/1
f 486/4/1 390/4/1 389/4/1
f 486/2/1 389/2/1 485/2/1
f 487/7/1 391/7/1 390/7/1
f 487/4/1 390/4/1 486/4/1
f 488/6/1 392/6/1 391/6/1
f 488/7/1 391/7/1 487/7/1
f 489/5/1 393/5/1 392/5/1
f 489/6/1 392/6/1 488/6/1
f 489/5/1 394/5/1 393/5/1
f 490/7/1 395/7/1 394/7/1
f 490/5/1 394/5/1 489/5/1
f 491/5/1 397/5/1 396/5/1
f 491/7/1 395/7/1 490/7/1
f 491/5/1 396/5/1 395/5/1
f 492/6/1 398/6/1 397/6/1
f 492/5/1 397/5/1 491/5/1
f 493/7/1 401/7/1 400/7/1
f 493/6/1 398/6/1 492/6/1
f 493/7/1 399/7/1 398/7/1
f 493/7/1 400/7/1 399/7/1
f 494/8/1 402/8/1 401/8/1
f 494/7/1 401/7/1 493/7/1
f 494/8/1 403/8/1 402/8/1
f 495/6/1 404/6/1 403/6/1
f 495/8/1 403/8/1 494/8/1
f 496/7/1 405/7/1 404/7/1
f 496/6/1 404/6/1 495/6/1
f 497/8/1 406/8/1 405/8/1
f 497/7/1 405/7/1 496/7/1
f 498/7/1 407/7/1 406/7/1
f 498/8/1 406/8/1 497/8/1
f 498/7/1 408/7/1 407/7/1
f 499/8/1 409/8/1 408/8/1
f 499/7/1 408/7/1 498/7/1
f 500/8/1 409/8/1 499/8/1
f 595/4/1 502/4/1 501/4/1
f 596/3/1 503/3/1 502/3/1
f 596/4/1 502/4/1 595/4/1
f 597/5/1 504/5/1 503/5/1
f 597/3/1 503/3/1 596/3/1
f 598/5/1 504/5/1 597/5/1
f 599/4/1 505/4/1 504/4/1
f 599/5/1 504/5/1 598/5/1
f 600/4/1 505/4/1 599/4/1
f 601/3/1 506/3/1 505/3/1
f 601/4/1 505/4/1 600/4/1
f 602/4/1 507/4/1 506/4/1
f 602/3/1 506/3/1 601/3/1
f 603/6/1 508/6/1 507/6/1
f 603/4/1 507/4/1 602/4/1
f 604/4/1 509/4/1 508/4/1
f 604/6/1 508/6/1 603/6/1
f 605/5/1 510/5/1 509/5/1
f 605/4/1 509/4/1 604/4/1
f 606/4/1 511/4/1 510/4/1
f 606/5/1 510/5/1 605/5/1
f 607/6/1 512/6/1 511/6/1
f 607/4/1 511/4/1 606/4/1
f 608/5/1 513/5/1 512/5/1
f 608/6/1 512/6/1 607/6/1
f 609/5/1 513/5/1 608/5/1
f 610/5/1 513/5/1 609/5/1
f 611/6/1 514/6/1 513/6/1
f 611/5/1 513/5/1 610/5/1
f 612/6/1 514/6/1 611/6/1
f 613/5/1 515/5/1 514/5/1
f 613/6/1 514/6/1 612/6/1
f 614/5/1 515/5/1 613/5/1
f 615/6/1 516/6/1 515/6/1
f 615/5/1 515/5/1 614/5/1
f 616/6/1 516/6/1 615/6/1
f 617/5/1 517/5/1 516/5/1
f 617/6/1 516/6/1 616/6/1
f 618/6/1 518/6/1 517/6/1
f 618/5/1 517/5/1 617/5/1
f 619/8/1 519/8/1 518/8/1
f 619/6/1 518/6/1 618/6/1
f 620/7/1 520/7/1 519/7/1
f 620/8/1 519/8/1 619/8/1
f 621/8/1 521/8/1 520/8/1
f 621/7/1 520/7/1 620/7/1
f 622/7/1 522/7/1 521/7/1
f 622/8/1 521/8/1 621/8/1
f 623/6/1 523/6/1 522/6/1
f 623/7/1 522/7/1 622/7/1
f 624/8/1 524/8/1 523/8/1
f 624/6/1 523/6/1 623/6/1
f 625/7/1 525/7/1 524/7/1
f 625/8/1 524/8/1 624/8/1
f 626/6/1 526/6/1 525/6/1
f 626/7/1 525/7/1 625/7/1
f 627/8/1 527/8/1 526/8/1
f 627/6/1 526/6/1 626/6/1
f 628/6/1 528/6/1 527/6/1
f 628/8/1 527/8/1 627/8/1
f 629/8/1 529/8/1 528/8/1
f 629/6/1 528/6/1 628/6/1
f 630/7/1 530/7/1 529/7/1
f 630/8/1 529/8/1 629/8/1
f 631/6/1 531/6/1 530/6/1
f 631/7/1 530/7/1 630/7/1
f 632/7/1 532/7/1 531/7/1
f 632/6/1 531/6/1 631/6/1
f 633/6/1 533/6/1 532/6/1
f 633/7/1 532/7/1 632/7/1
f 634/8/1 534/8/1 533/8/1
f 634/6/1 533/6/1 633/6/1
f 635/7/1 535/7/1 534/7/1
f 635/8/1 534/8/1 634/8/1
f 636/8/1 536/8/1 535/8/1
f 636/7/1 535/7/1 635/7/1
f 637/6/1 537/6/1 536/6/1
f 637/8/1 536/8/1 636/8/1
f 638/7/1 538/7/1 537/7/1
f 638/6/1 537/6/1 637/6/1
f 639/8/1 539/8/1 538/8/1
f 639/7/1 538/7/1 638/7/1
f 640/6/1 540/6/1 539/6/1
f 640/8/1 539/8/1 639/8/1
f 641/7/1 541/7/1 540/7/1
f 641/6/1 540/6/1 640/6/1
f 642/6/1 542/6/1 541/6/1
f 642/7/1 541/7/1 641/7/1
f 643/7/1 543/7/1 542/7/1
f 643/6/1 542/6/1 642/6/1
f 644/7/1 543/7/1 643/7/1
f 645/6/1 544/6/1 543/6/1
f 645/7/1 543/7/1 644/7/1
f 646/7/1 545/7/1 544/7/1
f 646/6/1 544/6/1 645/6/1
f 647/8/1 546/8/1 545/8/1
f 647/7/1 545/7/1 646/7/1
f 648/7/1 547/7/1 546/7/1
f 648/8/1 546/8/1 647/8/1
f 649/8/1 548/8/1 547/8/1
f 649/7/1 547/7/1 648/7/1
f 650/4/1 549/4/1 548/4/1
f 650/8/1 548/8/1 649/8/1
f 651/5/1 550/5/1 549/5/1
f 651/4/1 549/4/1 650/4/1
f 652/5/1 550/5/1 651/5/1
f 653/4/1 551/4/1 550/4/1
f 653/5/1 550/5/1 652/5/1
f 654/3/1 552/3/1 551/3/1
f 654/4/1 551/4/1 653/4/1
f 655/3/1 552/3/1 654/3/1
f 656/3/1 552/3/1 655/3/1
f 657/5/1 553/5/1 552/5/1
f 657/3/1 552/3/1 656/3/1
f 658/3/1 554/3/1 553/3/1
f 658/5/1 553/5/1 657/5/1
f 659/5/1 555/5/1 554/5/1
f 659/3/1 554/3/1 658/3/1
f 660/5/1 555/5/1 659/5/1
f 661/3/1 556/3/1 555/3/1
f 661/5/1 555/5/1 660/5/1
f 662/5/1 557/5/1 556/5/1
f 662/3/1 556/3/1 661/3/1
f 663/3/1 558/3/1 557/3/1
f 663/5/1 557/5/1 662/5/1
f 664/4/1 559/4/1 558/4/1
f 664/3/1 558/3/1 663/3/1
f 665/5/1 560/5/1 559/5/1
f 665/4/1 559/4/1 664/4/1
f 666/4/1 561/4/1 560/4/1
f 666/5/1 560/5/1 665/5/1
f 667/5/1 562/5/1 561/5/1
f 667/4/1 561/4/1 666/4/1
f 668/5/1 562/5/1 667/5/1
f 669/4/1 563/4/1 562/4/1
f 669/5/1 562/5/1 668/5/1
f 670/5/1 564/5/1 563/5/1
f 670/4/1 563/4/1 669/4/1
f 671/4/1 565/4/1 564/4/1
f 671/5/1 564/5/1 670/5/1
f 672/6/1 566/6/1 565/6/1
f 672/4/1 565/4/1 671/4/1
f 673/5/1 567/5/1 566/5/1
f 673/6/1 566/6/1 672/6/1
f 674/6/1 568/6/1 567/6/1
f 674/5/1 567/5/1 673/5/1
f 675/4/1 569/4/1 568/4/1
f 675/6/1 568/6/1 674/6/1
f 676/6/1 570/6/1 569/6/1
f 676/4/1 569/4/1 675/4/1
f 677/5/1 571/5/1 570/5/1
f 677/6/1 570/6/1 676/6/1
f 678/4/1 572/4/1 571/4/1
f 678/5/1 571/5/1 677/5/1
f 679/4/1 572/4/1 678/4/1
f 680/7/1 573/7/1 572/7/1
f 680/4/1 572/4/1 679/4/1
f 681/5/1 574/5/1 573/5/1
f 681/7/1 573/7/1 680/7/1
f 682/2/1 575/2/1 574/2/1
f 682/5/1 574/5/1 681/5/1
f 683/3/1 576/3/1 575/3/1
f 683/2/1 575/2/1 682/2/1
f 684/1/1 577/1/1 576/1/1
f 684/3/1 576/3/1 683/3/1
f 685/1/1 577/1/1 684/1/1
f 686/1/1 577/1/1 685/1/1
f 687/3/1 578/3/1 577/3/1
f 687/1/1 577/1/1 686/1/1
f 688/3/1 578/3/1 687/3/1
f 689/2/1 579/2/1 578/2/1
f 689/3/1 578/3/1 688/3/1
f 690/1/1 580/1/1 579/1/1
f 690/2/1 579/2/1 689/2/1
f 691/3/1 581/3/1 580/3/1
f 691/1/1 580/1/1 690/1/1
f 692/3/1 581/3/1 691/3/1
f 693/1/1 582/1/1 581/1/1
f 693/3/1 581/3/1 692/3/1
f 694/3/1 583/3/1 582/3/1
f 694/1/1 582/1/1 693/1/1
f 695/2/1 584/2/1 583/2/1
f 695/3/1 583/3/1 694/3/1
f 696/1/1 585/1/1 584/1/1
f 696/2/1 584/2/1 695/2/1
f 697/3/1 586/3/1 585/3/1
f 697/1/1 585/1/1 696/1/1
f 698/5/1 587/5/1 586/5/1
f 698/3/1 586/3/1 697/3/1
f 699/3/1 588/3/1 587/3/1
f 699/5/1 587/5/1 698/5/1
f 700/3/1 588/3/1 699/3/1
f 701/3/1 588/3/1 700/3/1
f 702/5/1 589/5/1 588/5/1
f 702/3/1 588/3/1 701/3/1
f 703/4/1 590/4/1 589/4/1
f 703/5/1 589/5/1 702/5/1
f 704/3/1 591/3/1 590/3/1
f 704/4/1 590/4/1 703/4/1
f 705/4/1 592/4/1 591/4/1
f 705/3/1 591/3/1 704/3/1
f 706/5/1 593/5/1 592/5/1
f 706/4/1 592/4/1 705/4/1
f 707/3/1 594/3/1 593/3/1
f 707/5/1 593/5/1 706/5/1
f 708/3/1 594/3/1 707/3/1
f 826/8/1 710/8/1 709/8/1
f 826/8/1 711/8/1 710/8/1
f 826/8/1 712/8/1 711/8/1
f 827/6/1 713/6/1 712/6/1
f 827/8/1 712/8/1 826/8/1
f 827/6/1 714/6/1 713/6/1
f 828/7/1 715/7/1 714/7/1
f 828/6/1 714/6/1 827/6/1
f 829/6/1 716/6/1 715/6/1
f 829/7/1 715/7/1 828/7/1
f 830/7/1 717/7/1 716/7/1
f 830/6/1 716/6/1 829/6/1
f 831/6/1 718/6/1 717/6/1
f 831/7/1 717/7/1 830/7/1
f 831/6/1 719/6/1 718/6/1
f 832/7/1 720/7/1 719/7/1
f 832/6/1 719/6/1 831/6/1
f 833/5/1 721/5/1 720/5/1
f 833/7/1 720/7/1 832/7/1
f 834/6/1 722/6/1 721/6/1
f 834/5/1 721/5/1 833/5/1
f 835/7/1 723/7/1 722/7/1
f 835/6/1 722/6/1 834/6/1
f 836/6/1 724/6/1 723/6/1
f 836/7/1 723/7/1 835/7/1
f 836/6/1 725/6/1 724/6/1
f 836/6/1 726/6/1 725/6/1
f 837/8/1 727/8/1 726/8/1
f 837/6/1 726/6/1 836/6/1
f 838/7/1 728/7/1 727/7/1
f 838/8/1 727/8/1 837/8/1
f 839/8/1 729/8/1 728/8/1
f 839/7/1 728/7/1 838/7/1
f 840/7/1 730/7/1 729/7/1
f 840/8/1 729/8/1 839/8/1
f 841/6/1 731/6/1 730/6/1
f 841/7/1 730/7/1 840/7/1
f 842/7/1 732/7/1 731/7/1
f 842/6/1 731/6/1 841/6/1
f 843/6/1 733/6/1 732/6/1
f 843/7/1 732/7/1 842/7/1
f 844/7/1 734/7/1 733/7/1
f 844/6/1 733/6/1 843/6/1
f 845/6/1 735/6/1 734/6/1
f 845/7/1 734/7/1 844/7/1
f 845/6/1 736/6/1 735/6/1
f 846/5/1 737/5/1 736/5/1
f 846/6/1 736/6/1 845/6/1
f 847/4/1 738/4/1 737/4/1
f 847/5/1 737/5/1 846/5/1
f 848/5/1 739/5/1 738/5/1
f 848/4/1 738/4/1 847/4/1
f 849/6/1 740/6/1 739/6/1
f 849/5/1 739/5/1 848/5/1
f 850/5/1 741/5/1 740/5/1
f 850/6/1 740/6/1 849/6/1
f 850/5/1 742/5/1 741/5/1
f 851/6/1 743/6/1 742/6/1
f 851/5/1 742/5/1 850/5/1
f 851/6/1 744/6/1 743/6/1
f 852/4/1 745/4/1 744/4/1
f 852/6/1 744/6/1 851/6/1
f 853/5/1 746/5/1 745/5/1
f 853/4/1 745/4/1 852/4/1
f 853/5/1 747/5/1 746/5/1
f 853/5/1 748/5/1 747/5/1
f 853/5/1 749/5/1 748/5/1
f 854/4/1 750/4/1 749/4/1
f 854/5/1 749/5/1 853/5/1
f 855/5/1 751/5/1 750/5/1
f 855/4/1 750/4/1 854/4/1
f 855/5/1 752/5/1 751/5/1
f 856/6/1 753/6/1 752/6/1
f 856/5/1 752/5/1 855/5/1
f 857/4/1 754/4/1 753/4/1
f 857/6/1 753/6/1 856/6/1
f 858/6/1 755/6/1 754/6/1
f 858/4/1 754/4/1 857/4/1
f 858/6/1 756/6/1 755/6/1
f 859/5/1 757/5/1 756/5/1
f 859/6/1 756/6/1 858/6/1
f 859/5/1 758/5/1 757/5/1
f 860/6/1 759/6/1 758/6/1
f 860/5/1 758/5/1 859/5/1
f 861/5/1 760/5/1 759/5/1
f 861/6/1 759/6/1 860/6/1
f 862/6/1 761/6/1 760/6/1
f 862/5/1 760/5/1 861/5/1
f 862/6/1 762/6/1 761/6/1
f 862/6/1 763/6/1 762/6/1
f 863/5/1 764/5/1 763/5/1
f 863/6/1 763/6/1 862/6/1
f 864/4/1 765/4/1 764/4/1
f 864/5/1 764/5/1 863/5/1
f 865/5/1 766/5/1 765/5/1
f 865/4/1 765/4/1 864/4/1
f 865/5/1 767/5/1 766/5/1
f 866/4/1 768/4/1 767/4/1
f 866/5/1 767/5/1 865/5/1
f 867/6/1 769/6/1 768/6/1
f 867/4/1 768/4/1 866/4/1
f 868/8/1 770/8/1 769/8/1
f 868/6/1 769/6/1 867/6/1
f 869/7/1 771/7/1 770/7/1
f 869/8/1 770/8/1 868/8/1
f 870/8/1 772/8/1 771/8/1
f 870/7/1 771/7/1 869/7/1
f 871/7/1 773/7/1 772/7/1
f 871/8/1 772/8/1 870/8/1
f 871/7/1 774/7/1 773/7/1
f 872/3/1 775/3/1 774/3/1
f 872/7/1 774/7/1 871/7/1
f 873/2/1 776/2/1 775/2/1
f 873/3/1 775/3/1 872/3/1
f 874/1/1 777/1/1 776/1/1
f 874/2/1 776/2/1 873/2/1
f 875/3/1 778/3/1 777/3/1
f 875/1/1 777/1/1 874/1/1
f 876/2/1 779/2/1 778/2/1
f 876/3/1 778/3/1 875/3/1
f 877/3/1 780/3/1 779/3/1
f 877/2/1 779/2/1 876/2/1
f 877/3/1 781/3/1 780/3/1
f 878/2/1 782/2/1 781/2/1
f 878/3/1 781/3/1 877/3/1
f 879/1/1 783/1/1 782/1/1
f 879/2/1 782/2/1 878/2/1
f 879/1/1 784/1/1 783/1/1
f 880/3/1 785/3/1 784/3/1
f 880/1/1 784/1/1 879/1/1
f 881/2/1 786/2/1 785/2/1
f 881/3/1 785/3/1 880/3/1
f 882/3/1 787/3/1 786/3/1
f 882/2/1 786/2/1 881/2/1
f 883/5/1 788/5/1 787/5/1
f 883/3/1 787/3/1 882/3/1
f 884/6/1 789/6/1 788/6/1
f 884/5/1 788/5/1 883/5/1
f 884/6/1 790/6/1 789/6/1
f 885/5/1 791/5/1 790/5/1
f 885/6/1 790/6/1 884/6/1
f 886/4/1 792/4/1 791/4/1
f 886/5/1 791/5/1 885/5/1
f 886/4/1 793/4/1 792/4/1
f 887/3/1 794/3/1 793/3/1
f 887/4/1 793/4/1 886/4/1
f 888/5/1 795/5/1 794/5/1
f 888/3/1 794/3/1 887/3/1
f 889/3/1 796/3/1 795/3/1
f 889/5/1 795/5/1 888/5/1
f 890/5/1 797/5/1 796/5/1
f 890/3/1 796/3/1 889/3/1
f 891/4/1 798/4/1 797/4/1
f 891/5/1 797/5/1 890/5/1
f 892/3/1 799/3/1 798/3/1
f 892/4/1 798/4/1 891/4/1
f 893/4/1 800/4/1 799/4/1
f 893/3/1 799/3/1 892/3/1
f 894/3/1 802/3/1 801/3/1
f 894/4/1 800/4/1 893/4/1
f 894/3/1 801/3/1 800/3/1
f 895/4/1 803/4/1 802/4/1
f 895/3/1 802/3/1 894/3/1
f 896/2/1 804/2/1 803/2/1
f 896/4/1 803/4/1 895/4/1
f 897/3/1 805/3/1 804/3/1
f 897/2/1 804/2/1 896/2/1
f 898/2/1 806/2/1 805/2/1
f 898/3/1 805/3/1 897/3/1
f 899/3/1 807/3/1 806/3/1
f 899/2/1 806/2/1 898/2/1
f 900/2/1 808/2/1 807/2/1
f 900/3/1 807/3/1 899/3/1
f 901/4/1 809/4/1 808/4/1
f 901/2/1 808/2/1 900/2/1
f 902/3/1 810/3/1 809/3/1
f 902/4/1 809/4/1 901/4/1
f 903/7/1 811/7/1 810/7/1
f 903/3/1 810/3/1 902/3/1
f 904/6/1 812/6/1 811/6/1
f 904/7/1 811/7/1 903/7/1
f 905/5/1 813/5/1 812/5/1
f 905/6/1 812/6/1 904/6/1
f 906/7/1 814/7/1 813/7/1
f 906/5/1 813/5/1 905/5/1
f 907/5/1 815/5/1 814/5/1
f 907/7/1 814/7/1 906/7/1
f 908/7/1 816/7/1 815/7/1
f 908/5/1 815/5/1 907/5/1
f 909/6/1 817/6/1 816/6/1
f 909/7/1 816/7/1 908/7/1
f 910/5/1 818/5/1 817/5/1
f 910/6/1 817/6/1 909/6/1
f 911/6/1 819/6/1 818/6/1
f 911/5/1 818/5/1 910/5/1
f 912/8/1 821/8/1 820/8/1
f 912/6/1 819/6/1 911/6/1
f 912/8/1 820/8/1 819/8/1
f 913/6/1 822/6/1 821/6/1
f 913/8/1 821/8/1 912/8/1
f 914/8/1 823/8/1 822/8/1
f 914/6/1 822/6/1 913/6/1
f 915/7/1 825/7/1 824/7/1
f 915/8/1 823/8/1 914/8/1
f 915/7/1 824/7/1 823/7/1
f 916/7/1 825/7/1 915/7/1
f 917/2/2 918/2/2 1004/2/2
f 918/3/2 919/3/2 1005/3/2
f 1004/2/2 918/2/2 1005/2/2
f 919/1/2 920/1/2 1006/1/2
f 1005/3/2 919/3/2 1006/3/2
f 920/3/2 921/3/2 1007/3/2
f 1006/1/2 920/1/2 1007/1/2
f 921/2/2 922/2/2 1008/2/2
f 1007/3/2 921/3/2 1008/3/2
f 1008/2/2 922/2/2 1009/2/2
f 922/3/2 923/3/2 1010/3/2
f 1009/2/2 922/2/2 1010/2/2
f 923/1/2 924/1/2 1011/1/2
f 1010/3/2 923/3/2 1011/3/2
f 924/2/2 925/2/2 1012/2/2
f 1011/1/2 924/1/2 1012/1/2
f 925/3/2 926/3/2 1013/3/2
f 1012/2/2 925/2/2 1013/2/2
f 926/6/2 927/6/2 1014/6/2
f 1013/3/2 926/3/2 1014/3/2
f 927/7/2 928/7/2 1015/7/2
f 1014/6/2 927/6/2 1015/6/2
f 1015/7/2 928/7/2 1016/7/2
f 928/5/2 929/5/2 1017/5/2
f 1016/7/2 928/7/2 1017/7/2
f 1017/5/2 929/5/2 1018/5/2
f 929/7/2 930/7/2 1019/7/2
f 1018/5/2 929/5/2 1019/5/2
f 930/5/2 931/5/2 1020/5/2
f 1019/7/2 930/7/2 1020/7/2
f 1020/5/2 931/5/2 1021/5/2
f 1021/5/2 931/5/2 1022/5/2
f 931/6/2 932/6/2 1023/6/2
f 1022/5/2 931/5/2 1023/5/2
f 932/5/2 933/5/2 1024/5/2
f 1023/6/2 932/6/2 1024/6/2
f 933/6/2 934/6/2 1025/6/2
f 1024/5/2 933/5/2 1025/5/2
f 934/4/2 935/4/2 1026/4/2
f 1025/6/2 934/6/2 1026/6/2
f 935/6/2 936/6/2 1027/6/2
f 1026/4/2 935/4/2 1027/4/2
f 936/5/2 937/5/2 1028/5/2
f 1027/6/2 936/6/2 1028/6/2
f 937/4/2 938/4/2 1029/4/2
f 1028/5/2 937/5/2 1029/5/2
f 938/5/2 939/5/2 1030/5/2
f 1029/4/2 938/4/2 1030/4/2
f 939/4/2 940/4/2 1031/4/2
f 1030/5/2 939/5/2 1031/5/2
f 940/6/2 941/6/2 1032/6/2
f 1031/4/2 940/4/2 1032/4/2
f 1032/6/2 941/6/2 1033/6/2
f 941/4/2 942/4/2 1034/4/2
f 1033/6/2 941/6/2 1034/6/2
f 942/6/2 943/6/2 1035/6/2
f 1034/4/2 942/4/2 1035/4/2
f 1035/6/2 943/6/2 1036/6/2
f 943/5/2 944/5/2 1037/5/2
f 1036/6/2 943/6/2 1037/6/2
f 944/4/2 945/4/2 1038/4/2
f 1037/5/2 944/5/2 1038/5/2
f 945/5/2 946/5/2 1039/5/2
f 1038/4/2 945/4/2 1039/4/2
f 1039/5/2 946/5/2 1040/5/2
f 946/3/2 947/3/2 1041/3/2
f 1040/5/2 946/5/2 1041/5/2
f 947/5/2 948/5/2 1042/5/2
f 1041/3/2 947/3/2 1042/3/2
f 948/4/2 949/4/2 1043/4/2
f 1042/5/2 948/5/2 1043/5/2
f 1043/4/2 949/4/2 1044/4/2
f 949/3/2 950/3/2 1045/3/2
f 1044/4/2 949/4/2 1045/4/2
f 1045/3/2 950/3/2 1046/3/2
f 950/5/2 951/5/2 1047/5/2
f 1046/3/2 950/3/2 1047/3/2
f 951/4/2 952/4/2 1048/4/2
f 1047/5/2 951/5/2 1048/5/2
f 952/8/2 953/8/2 1049/8/2
f 1048/4/2 952/4/2 1049/4/2
f 1049/8/2 953/8/2 1050/8/2
f 953/6/2 954/6/2 1051/6/2
f 1050/8/2 953/8/2 1051/8/2
f 954/8/2 955/8/2 1052/8/2
f 1051/6/2 954/6/2 1052/6/2
f 955/7/2 956/7/2 1053/7/2
f 1052/8/2 955/8/2 1053/8/2
f 956/6/2 957/6/2 1054/6/2
f 1053/7/2 956/7/2 1054/7/2
f 957/7/2 958/7/2 1055/7/2
f 1054/6/2 957/6/2 1055/6/2
f 958/5/2 959/5/2 1056/5/2
f 1055/7/2 958/7/2 1056/7/2
f 1056/5/2 959/5/2 1057/5/2
f 959/6/2 960/6/2 1058/6/2
f 1057/5/2 959/5/2 1058/5/2
f 1058/6/2 960/6/2 1059/6/2
f 1059/6/2 960/6/2 1060/6/2
f 960/4/2 961/4/2 1061/4/2
f 1060/6/2 960/6/2 1061/6/2
f 961/6/2 962/6/2 1062/6/2
f 1061/4/2 961/4/2 1062/4/2
f 962/7/2 963/7/2 1063/7/2
f 1062/6/2 962/6/2 1063/6/2
f 963/8/2 964/8/2 1064/8/2
f 1063/7/2 963/7/2 1064/7/2
f 964/7/2 965/7/2 1065/7/2
f 1064/8/2 964/8/2 1065/8/2
f 965/6/2 966/6/2 1066/6/2
f 1065/7/2 965/7/2 1066/7/2
f 1066/6/2 966/6/2 1067/6/2
f 966/7/2 967/7/2 1068/7/2
f 1067/6/2 966/6/2 1068/6/2
f 967/2/2 968/2/2 1069/2/2
f 1068/7/2 967/7/2 1069/7/2
f 968/3/2 969/3/2 1070/3/2
f 1069/2/2 968/2/2 1070/2/2
f 969/2/2 970/2/2 1071/2/2
f 1070/3/2 969/3/2 1071/3/2
f 970/3/2 971/3/2 1072/3/2
f 1071/2/2 970/2/2 1072/2/2
f 971/2/2 972/2/2 1073/2/2
f 1072/3/2 971/3/2 1073/3/2
f 972/3/2 973/3/2 1074/3/2
f 1073/2/2 972/2/2 1074/2/2
f 973/2/2 974/2/2 1075/2/2
f 1074/3/2 973/3/2 1075/3/2
f 974/1/2 975/1/2 1076/1/2
f 1075/2/2 974/2/2 1076/2/2
f 975/2/2 976/2/2 1077/2/2
f 1076/1/2 975/1/2 1077/1/2
f 1077/2/2 976/2/2 1078/2/2
f 976/6/2 977/6/2 1079/6/2
f 1078/2/2 976/2/2 1079/2/2
f 977/4/2 978/4/2 1080/4/2
f 1079/6/2 977/6/2 1080/6/2
f 978/6/2 979/6/2 1081/6/2
f 1080/4/2 978/4/2 1081/4/2
f 1081/6/2 979/6/2 1082/6/2
f 979/5/2 980/5/2 1083/5/2
f 1082/6/2 979/6/2 1083/6/2
f 980/6/2 981/6/2 1084/6/2
f 1083/5/2 980/5/2 1084/5/2
f 1084/6/2 981/6/2 1085/6/2
f 981/5/2 982/5/2 1086/5/2
f 1085/6/2 981/6/2 1086/6/2
f 982/6/2 983/6/2 1087/6/2
f 1086/5/2 982/5/2 1087/5/2
f 983/4/2 984/4/2 1088/4/2
f 1087/6/2 983/6/2 1088/6/2
f 1088/4/2 984/4/2 1089/4/2
f 984/2/2 985/2/2 1090/2/2
f 1089/4/2 984/4/2 1090/4/2
f 1090/2/2 985/2/2 1091/2/2
f 985/3/2 986/3/2 1092/3/2
f 1091/2/2 985/2/2 1092/2/2
f 1092/3/2 986/3/2 1093/3/2
f 986/4/2 987/4/2 1094/4/2
f 1093/3/2 986/3/2 1094/3/2
f 987/2/2 988/2/2 1095/2/2
f 1094/4/2 987/4/2 1095/4/2
f 988/3/2 989/3/2 1096/3/2
f 1095/2/2 988/2/2 1096/2/2
f 989/8/2 990/8/2 1097/8/2
f 1096/3/2 989/3/2 1097/3/2
f 1097/8/2 990/8/2 1098/8/2
f 990/6/2 991/6/2 1099/6/2
f 1098/8/2 990/8/2 1099/8/2
f 991/8/2 992/8/2 1100/8/2
f 1099/6/2 991/6/2 1100/6/2
f 992/7/2 993/7/2 1101/7/2
f 1100/8/2 992/8/2 1101/8/2
f 993/6/2 994/6/2 1102/6/2
f 1101/7/2 993/7/2 1102/7/2
f 994/7/2 995/7/2 1103/7/2
f 1102/6/2 994/6/2 1103/6/2
f 995/6/2 996/6/2 1104/6/2
f 1103/7/2 995/7/2 1104/7/2
f 996/8/2 997/8/2 1105/8/2
f 1104/6/2 996/6/2 1105/6/2
f 997/6/2 998/6/2 1106/6/2
f 1105/8/2 997/8/2 1106/8/2
f 998/8/2 999/8/2 1107/8/2
f 1106/6/2 998/6/2 1107/6/2
f 999/7/2 1000/7/2 1108/7/2
f 1107/8/2 999/8/2 1108/8/2
f 1000/8/2 1001/8/2 1109/8/2
f 1108/7/2 1000/7/2 1109/7/2
f 1001/7/2 1002/7/2 1110/7/2
f 1109/8/2 1001/8/2 1110/8/2
f 1110/7/2 1002/7/2 1111/7/2
f 1002/8/2 1003/8/2 1112/8/2
f 1111/7/2 1002/7/2 1112/7/2
f 1112/8/2 1003/8/2 1113/8/2
f 1114/4/2 1115/4/2 1225/4/2
f 1115/4/2 1116/4/2 1225/4/2
f 1116/4/2 1117/4/2 1225/4/2
f 1117/3/2 1118/3/2 1226/3/2
f 1225/4/2 1117/4/2 1226/4/2
f 1118/5/2 1119/5/2 1227/5/2
f 1226/3/2 1118/3/2 1227/3/2
f 1119/3/2 1120/3/2 1228/3/2
f 1227/5/2 1119/5/2 1228/5/2
f 1120/3/2 1121/3/2 1228/3/2
f 1121/5/2 1122/5/2 1229/5/2
f 1228/3/2 1121/3/2 1229/3/2
f 1122/5/2 1123/5/2 1229/5/2
f 1123/3/2 1124/3/2 1230/3/2
f 1229/5/2 1123/5/2 1230/5/2
f 1124/2/2 1125/2/2 1231/2/2
f 1230/3/2 1124/3/2 1231/3/2
f 1125/3/2 1126/3/2 1232/3/2
f 1231/2/2 1125/2/2 1232/2/2
f 1126/3/2 1127/3/2 1232/3/2
f 1127/2/2 1128/2/2 1233/2/2
f 1232/3/2 1127/3/2 1233/3/2
f 1128/3/2 1129/3/2 1234/3/2
f 1233/2/2 1128/2/2 1234/2/2
f 1129/2/2 1130/2/2 1235/2/2
f 1234/3/2 1129/3/2 1235/3/2
f 1130/2/2 1131/2/2 1235/2/2
f 1131/1/2 1132/1/2 1236/1/2
f 1235/2/2 1131/2/2 1236/2/2
f 1132/2/2 1133/2/2 1237/2/2
f 1236/1/2 1132/1/2 1237/1/2
f 1133/3/2 1134/3/2 1238/3/2
f 1237/2/2 1133/2/2 1238/2/2
f 1134/1/2 1135/1/2 1239/1/2
f 1238/3/2 1134/3/2 1239/3/2
f 1135/2/2 1136/2/2 1240/2/2
f 1239/1/2 1135/1/2 1240/1/2
f 1136/2/2 1137/2/2 1240/2/2
f 1137/1/2 1138/1/2 1241/1/2
f 1240/2/2 1137/2/2 1241/2/2
f 1138/2/2 1139/2/2 1242/2/2
f 1241/1/2 1138/1/2 1242/1/2
f 1139/1/2 1140/1/2 1243/1/2
f 1242/2/2 1139/2/2 1243/2/2
f 1140/2/2 1141/2/2 1244/2/2
f 1243/1/2 1140/1/2 1244/1/2
f 1141/3/2 1142/3/2 1245/3/2
f 1244/2/2 1141/2/2 1245/2/2
f 1142/1/2 1143/1/2 1246/1/2
f 1245/3/2 1142/3/2 1246/3/2
f 1143/2/2 1144/2/2 1247/2/2
f 1246/1/2 1143/1/2 1247/1/2
f 1144/3/2 1145/3/2 1248/3/2
f 1247/2/2 1144/2/2 1248/2/2
f 1145/3/2 1146/3/2 1248/3/2
f 1146/2/2 1147/2/2 1249/2/2
f 1248/3/2 1146/3/2 1249/3/2
f 1147/3/2 1148/3/2 1250/3/2
f 1249/2/2 1147/2/2 1250/2/2
f 1148/2/2 1149/2/2 1251/2/2
f 1250/3/2 1148/3/2 1251/3/2
f 1149/6/2 1150/6/2 1252/6/2
f 1251/2/2 1149/2/2 1252/2/2
f 1150/7/2 1151/7/2 1253/7/2
f 1252/6/2 1150/6/2 1253/6/2
f 1151/5/2 1152/5/2 1254/5/2
f 1253/7/2 1151/7/2 1254/7/2
f 1152/7/2 1153/7/2 1255/7/2
f 1254/5/2 1152/5/2 1255/5/2
f 1153/5/2 1154/5/2 1256/5/2
f 1255/7/2 1153/7/2 1256/7/2
f 1154/7/2 1155/7/2 1257/7/2
f 1256/5/2 1154/5/2 1257/5/2
f 1155/6/2 1156/6/2 1258/6/2
f 1257/7/2 1155/7/2 1258/7/2
f 1156/7/2 1157/7/2 1259/7/2
f 1258/6/2 1156/6/2 1259/6/2
f 1157/6/2 1158/6/2 1260/6/2
f 1259/7/2 1157/7/2 1260/7/2
f 1158/5/2 1159/5/2 1261/5/2
f 1260/6/2 1158/6/2 1261/6/2
f 1159/7/2 1160/7/2 1262/7/2
f 1261/5/2 1159/5/2 1262/5/2
f 1160/6/2 1161/6/2 1263/6/2
f 1262/7/2 1160/7/2 1263/7/2
f 1161/5/2 1162/5/2 1264/5/2
f 1263/6/2 1161/6/2 1264/6/2
f 1162/7/2 1163/7/2 1265/7/2
f 1264/5/2 1162/5/2 1265/5/2
f 1163/6/2 1164/6/2 1266/6/2
f 1265/7/2 1163/7/2 1266/7/2
f 1164/8/2 1165/8/2 1267/8/2
f 1266/6/2 1164/6/2 1267/6/2
f 1165/7/2 1166/7/2 1268/7/2
f 1267/8/2 1165/8/2 1268/8/2
f 1166/8/2 1167/8/2 1269/8/2
f 1268/7/2 1166/7/2 1269/7/2
f 1167/7/2 1168/7/2 1270/7/2
f 1269/8/2 1167/8/2 1270/8/2
f 1168/7/2 1169/7/2 1270/7/2
f 1169/8/2 1170/8/2 1271/8/2
f 1270/7/2 1169/7/2 1271/7/2
f 1170/7/2 1171/7/2 1272/7/2
f 1271/8/2 1170/8/2 1272/8/2
f 1171/8/2 1172/8/2 1273/8/2
f 1272/7/2 1171/7/2 1273/7/2
f 1172/7/2 1173/7/2 1274/7/2
f 1273/8/2 1172/8/2 1274/8/2
f 1173/8/2 1174/8/2 1275/8/2
f 1274/7/2 1173/7/2 1275/7/2
f 1174/6/2 1175/6/2 1276/6/2
f 1275/8/2 1174/8/2 1276/8/2
f 1175/7/2 1176/7/2 1277/7/2
f 1276/6/2 1175/6/2 1277/6/2
f 1176/7/2 1177/7/2 1277/7/2
f 1177/2/2 1178/2/2 1278/2/2
f 1277/7/2 1177/7/2 1278/7/2
f 1178/3/2 1179/3/2 1279/3/2
f 1278/2/2 1178/2/2 1279/2/2
f 1179/3/2 1180/3/2 1279/3/2
f 1180/1/2 1181/1/2 1280/1/2
f 1279/3/2 1180/3/2 1280/3/2
f 1181/2/2 1182/2/2 1281/2/2
f 1280/1/2 1181/1/2 1281/1/2
f 1182/2/2 1183/2/2 1281/2/2
f 1183/3/2 1184/3/2 1282/3/2
f 1281/2/2 1183/2/2 1282/2/2
f 1184/1/2 1185/1/2 1283/1/2
f 1282/3/2 1184/3/2 1283/3/2
f 1185/5/2 1186/5/2 1284/5/2
f 1283/1/2 1185/1/2 1284/1/2
f 1186/6/2 1187/6/2 1285/6/2
f 1284/5/2 1186/5/2 1285/5/2
f 1187/5/2 1188/5/2 1286/5/2
f 1285/6/2 1187/6/2 1286/6/2
f 1188/6/2 1189/6/2 1287/6/2
f 1286/5/2 1188/5/2 1287/5/2
f 1189/7/2 1190/7/2 1288/7/2
f 1287/6/2 1189/6/2 1288/6/2
f 1190/7/2 1191/7/2 1288/7/2
f 1191/8/2 1192/8/2 1289/8/2
f 1288/7/2 1191/7/2 1289/7/2
f 1192/6/2 1193/6/2 1290/6/2
f 1289/8/2 1192/8/2 1290/8/2
f 1193/8/2 1194/8/2 1291/8/2
f 1290/6/2 1193/6/2 1291/6/2
f 1194/7/2 1195/7/2 1292/7/2
f 1291/8/2 1194/8/2 1292/8/2
f 1195/8/2 1196/8/2 1293/8/2
f 1292/7/2 1195/7/2 1293/7/2
f 1196/7/2 1197/7/2 1294/7/2
f 1293/8/2 1196/8/2 1294/8/2
f 1197/7/2 1198/7/2 1294/7/2
f 1198/5/2 1199/5/2 1295/5/2
f 1294/7/2 1198/7/2 1295/7/2
f 1199/7/2 1200/7/2 1296/7/2
f 1295/5/2 1199/5/2 1296/5/2
f 1200/5/2 1201/5/2 1297/5/2
f 1296/7/2 1200/7/2 1297/7/2
f 1201/5/2 1202/5/2 1297/5/2
f 1202/6/2 1203/6/2 1298/6/2
f 1297/5/2 1202/5/2 1298/5/2
f 1203/5/2 1204/5/2 1299/5/2
f 1298/6/2 1203/6/2 1299/6/2
f 1204/7/2 1205/7/2 1300/7/2
f 1299/5/2 1204/5/2 1300/5/2
f 1205/6/2 1206/6/2 1301/6/2
f 1300/7/2 1205/7/2 1301/7/2
f 1206/4/2 1207/4/2 1302/4/2
f 1301/6/2 1206/6/2 1302/6/2
f 1207/3/2 1208/3/2 1303/3/2
f 1302/4/2 1207/4/2 1303/4/2
f 1208/5/2 1209/5/2 1304/5/2
f 1303/3/2 1208/3/2 1304/3/2
f 1209/3/2 1210/3/2 1305/3/2
f 1304/5/2 1209/5/2 1305/5/2
f 1210/4/2 1211/4/2 1306/4/2
f 1305/3/2 1210/3/2 1306/3/2
f 1213/5/2 1214/5/2 1307/5/2
f 1306/4/2 1211/4/2 1307/4/2
f 1212/5/2 1213/5/2 1307/5/2
f 1211/5/2 1212/5/2 1307/5/2
f 1216/4/2 1217/4/2 1308/4/2
f 1307/5/2 1214/5/2 1308/5/2
f 1215/4/2 1216/4/2 1308/4/2
f 1214/4/2 1215/4/2 1308/4/2
f 1217/3/2 1218/3/2 1309/3/2
f 1308/4/2 1217/4/2 1309/4/2
f 1218/4/2 1219/4/2 1310/4/2
f 1309/3/2 1218/3/2 1310/3/2
f 1219/3/2 1220/3/2 1311/3/2
f 1310/4/2 1219/4/2 1311/4/2
f 1222/5/2 1223/5/2 1312/5/2
f 1311/3/2 1220/3/2 1312/3/2
f 1221/5/2 1222/5/2 1312/5/2
f 1220/5/2 1221/5/2 1312/5/2
f 1223/6/2 1224/6/2 1313/6/2
f 1312/5/2 1223/5/2 1313/5/2
f 1313/6/2 1224/6/2 1314/6/2
f 1315/4/2 1316/4/2 1393/4/2
f 1316/2/2 1317/2/2 1394/2/2
f 1393/4/2 1316/4/2 1394/4/2
f 1317/3/2 1318/3/2 1395/3/2
f 1394/2/2 1317/2/2 1395/2/2
f 1395/3/2 1318/3/2 1396/3/2
f 1318/2/2 1319/2/2 1397/2/2
f 1396/3/2 1318/3/2 1397/3/2
f 1319/3/2 1320/3/2 1398/3/2
f 1397/2/2 1319/2/2 1398/2/2
f 1320/1/2 1321/1/2 1399/1/2
f 1398/3/2 1320/3/2 1399/3/2
f 1321/3/2 1322/3/2 1400/3/2
f 1399/1/2 1321/1/2 1400/1/2
f 1322/1/2 1323/1/2 1401/1/2
f 1400/3/2 1322/3/2 1401/3/2
f 1323/2/2 1324/2/2 1402/2/2
f 1401/1/2 1323/1/2 1402/1/2
f 1324/1/2 1325/1/2 1403/1/2
f 1402/2/2 1324/2/2 1403/2/2
f 1325/2/2 1326/2/2 1404/2/2
f 1403/1/2 1325/1/2 1404/1/2
f 1326/1/2 1327/1/2 1405/1/2
f 1404/2/2 1326/2/2 1405/2/2
f 1327/4/2 1328/4/2 1406/4/2
f 1405/1/2 1327/1/2 1406/1/2
f 1328/5/2 1329/5/2 1407/5/2
f 1406/4/2 1328/4/2 1407/4/2
f 1329/4/2 1330/4/2 1408/4/2
f 1407/5/2 1329/5/2 1408/5/2
f 1408/4/2 1330/4/2 1409/4/2
f 1409/4/2 1330/4/2 1410/4/2
f 1410/4/2 1330/4/2 1411/4/2
f 1411/4/2 1330/4/2 1412/4/2
f 1412/4/2 1330/4/2 1413/4/2
f 1413/4/2 1330/4/2 1414/4/2
f 1330/3/2 1331/3/2 1415/3/2
f 1414/4/2 1330/4/2 1415/4/2
f 1331/4/2 1332/4/2 1416/4/2
f 1415/3/2 1331/3/2 1416/3/2
f 1332/3/2 1333/3/2 1417/3/2
f 1416/4/2 1332/4/2 1417/4/2
f 1417/3/2 1333/3/2 1418/3/2
f 1333/2/2 1334/2/2 1419/2/2
f 1418/3/2 1333/3/2 1419/3/2
f 1419/2/2 1334/2/2 1420/2/2
f 1334/4/2 1335/4/2 1421/4/2
f 1420/2/2 1334/2/2 1421/2/2
f 1335/2/2 1336/2/2 1422/2/2
f 1421/4/2 1335/4/2 1422/4/2
f 1336/6/2 1337/6/2 1423/6/2
f 1422/2/2 1336/2/2 1423/2/2
f 1337/5/2 1338/5/2 1424/5/2
f 1423/6/2 1337/6/2 1424/6/2
f 1338/6/2 1339/6/2 1425/6/2
f 1424/5/2 1338/5/2 1425/5/2
f 1339/7/2 1340/7/2 1426/7/2
f 1425/6/2 1339/6/2 1426/6/2
f 1340/6/2 1341/6/2 1427/6/2
f 1426/7/2 1340/7/2 1427/7/2
f 1341/7/2 1342/7/2 1428/7/2
f 1427/6/2 1341/6/2 1428/6/2
f 1428/7/2 1342/7/2 1429/7/2
f 1342/5/2 1343/5/2 1430/5/2
f 1429/7/2 1342/7/2 1430/7/2
f 1343/6/2 1344/6/2 1431/6/2
f 1430/5/2 1343/5/2 1431/5/2
f 1344/7/2 1345/7/2 1432/7/2
f 1431/6/2 1344/6/2 1432/6/2
f 1345/5/2 1346/5/2 1433/5/2
f 1432/7/2 1345/7/2 1433/7/2
f 1346/7/2 1347/7/2 1434/7/2
f 1433/5/2 1346/5/2 1434/5/2
f 1347/6/2 1348/6/2 1435/6/2
f 1434/7/2 1347/7/2 1435/7/2
f 1348/7/2 1349/7/2 1436/7/2
f 1435/6/2 1348/6/2 1436/6/2
f 1436/7/2 1349/7/2 1437/7/2
f 1437/7/2 1349/7/2 1438/7/2
f 1438/7/2 1349/7/2 1439/7/2
f 1349/2/2 1350/2/2 1440/2/2
f 1439/7/2 1349/7/2 1440/7/2
f 1440/2/2 1350/2/2 1441/2/2
f 1441/2/2 1350/2/2 1442/2/2
f 1350/4/2 1351/4/2 1443/4/2
f 1442/2/2 1350/2/2 1443/2/2
f 1351/3/2 1352/3/2 1444/3/2
f 1443/4/2 1351/4/2 1444/4/2
f 1444/3/2 1352/3/2 1445/3/2
f 1352/2/2 1353/2/2 1446/2/2
f 1445/3/2 1352/3/2 1446/3/2
f 1353/3/2 1354/3/2 1447/3/2
f 1446/2/2 1353/2/2 1447/2/2
f 1354/6/2 1355/6/2 1448/6/2
f 1447/3/2 1354/3/2 1448/3/2
f 1448/6/2 1355/6/2 1449/6/2
f 1355/7/2 1356/7/2 1450/7/2
f 1449/6/2 1355/6/2 1450/6/2
f 1450/7/2 1356/7/2 1451/7/2
f 1451/7/2 1356/7/2 1452/7/2
f 1452/7/2 1356/7/2 1453/7/2
f 1453/7/2 1356/7/2 1454/7/2
f 1356/6/2 1357/6/2 1455/6/2
f 1454/7/2 1356/7/2 1455/7/2
f 1455/6/2 1357/6/2 1456/6/2
f 1357/4/2 1358/4/2 1457/4/2
f 1456/6/2 1357/6/2 1457/6/2
f 1358/2/2 1359/2/2 1458/2/2
f 1457/4/2 1358/4/2 1458/4/2
f 1359/4/2 1360/4/2 1459/4/2
f 1458/2/2 1359/2/2 1459/2/2
f 1360/3/2 1361/3/2 1460/3/2
f 1459/4/2 1360/4/2 1460/4/2
f 1460/3/2 1361/3/2 1461/3/2
f 1461/3/2 1361/3/2 1462/3/2
f 1361/2/2 1362/2/2 1463/2/2
f 1462/3/2 1361/3/2 1463/3/2
f 1463/2/2 1362/2/2 1464/2/2
f 1464/2/2 1362/2/2 1465/2/2
f 1362/6/2 1363/6/2 1466/6/2
f 1465/2/2 1362/2/2 1466/2/2
f 1363/4/2 1364/4/2 1467/4/2
f 1466/6/2 1363/6/2 1467/6/2
f 1364/6/2 1365/6/2 1468/6/2
f 1467/4/2 1364/4/2 1468/4/2
f 1365/4/2 1366/4/2 1469/4/2
f 1468/6/2 1365/6/2 1469/6/2
f 1469/4/2 1366/4/2 1470/4/2
f 1366/6/2 1367/6/2 1471/6/2
f 1470/4/2 1366/4/2 1471/4/2
f 1367/4/2 1368/4/2 1472/4/2
f 1471/6/2 1367/6/2 1472/6/2
f 1368/6/2 1369/6/2 1473/6/2
f 1472/4/2 1368/4/2 1473/4/2
f 1473/6/2 1369/6/2 1474/6/2
f 1369/3/2 1370/3/2 1475/3/2
f 1474/6/2 1369/6/2 1475/6/2
f 1370/2/2 1371/2/2 1476/2/2
f 1475/3/2 1370/3/2 1476/3/2
f 1371/3/2 1372/3/2 1477/3/2
f 1476/2/2 1371/2/2 1477/2/2
f 1372/1/2 1373/1/2 1478/1/2
f 1477/3/2 1372/3/2 1478/3/2
f 1373/3/2 1374/3/2 1479/3/2
f 1478/1/2 1373/1/2 1479/1/2
f 1374/2/2 1375/2/2 1480/2/2
f 1479/3/2 1374/3/2 1480/3/2
f 1375/3/2 1376/3/2 1481/3/2
f 1480/2/2 1375/2/2 1481/2/2
f 1376/6/2 1377/6/2 1482/6/2
f 1481/3/2 1376/3/2 1482/3/2
f 1377/5/2 1378/5/2 1483/5/2
f 1482/6/2 1377/6/2 1483/6/2
f 1483/5/2 1378/5/2 1484/5/2
f 1484/5/2 1378/5/2 1485/5/2
f 1378/7/2 1379/7/2 1486/7/2
f 1485/5/2 1378/5/2 1486/5/2
f 1379/6/2 1380/6/2 1487/6/2
f 1486/7/2 1379/7/2 1487/7/2
f 1380/5/2 1381/5/2 1488/5/2
f 1487/6/2 1380/6/2 1488/6/2
f 1381/6/2 1382/6/2 1489/6/2
f 1488/5/2 1381/5/2 1489/5/2
f 1489/6/2 1382/6/2 1490/6/2
f 1382/5/2 1383/5/2 1491/5/2
f 1490/6/2 1382/6/2 1491/6/2
f 1383/4/2 1384/4/2 1492/4/2
f 1491/5/2 1383/5/2 1492/5/2
f 1384/5/2 1385/5/2 1493/5/2
f 1492/4/2 1384/4/2 1493/4/2
f 1385/6/2 1386/6/2 1494/6/2
f 1493/5/2 1385/5/2 1494/5/2
f 1386/5/2 1387/5/2 1495/5/2
f 1494/6/2 1386/6/2 1495/6/2
f 1387/6/2 1388/6/2 1496/6/2
f 1495/5/2 1387/5/2 1496/5/2
f 1388/4/2 1389/4/2 1497/4/2
f 1496/6/2 1388/6/2 1497/6/2
f 1389/6/2 1390/6/2 1498/6/2
f 1497/4/2 1389/4/2 1498/4/2
f 1390/4/2 1391/4/2 1499/4/2
f 1498/6/2 1390/6/2 1499/6/2
f 1391/5/2 1392/5/2 1500/5/2
f 1499/4/2 1391/4/2 1500/4/2
f 1500/5/2 1392/5/2 1501/5/2
f 1393/5/2 1394/5/2 1502/5/2
f 1394/3/2 1395/3/2 1503/3/2
f 1502/5/2 1394/5/2 1503/5/2
f 1395/5/2 1396/5/2 1504/5/2
f 1503/3/2 1395/3/2 1504/3/2
f 1396/3/2 1397/3/2 1505/3/2
f 1504/5/2 1396/5/2 1505/5/2
f 1397/4/2 1398/4/2 1506/4/2
f 1505/3/2 1397/3/2 1506/3/2
f 1398/3/2 1399/3/2 1507/3/2
f 1506/4/2 1398/4/2 1507/4/2
f 1399/4/2 1400/4/2 1508/4/2
f 1507/3/2 1399/3/2 1508/3/2
f 1508/4/2 1400/4/2 1509/4/2
f 1400/3/2 1401/3/2 1510/3/2
f 1509/4/2 1400/4/2 1510/4/2
f 1401/3/2 1402/3/2 1510/3/2
f 1510/3/2 1402/3/2 1511/3/2
f 1402/5/2 1403/5/2 1512/5/2
f 1511/3/2 1402/3/2 1512/3/2
f 1512/5/2 1403/5/2 1513/5/2
f 1403/3/2 1404/3/2 1514/3/2
f 1513/5/2 1403/5/2 1514/5/2
f 1404/5/2 1405/5/2 1515/5/2
f 1514/3/2 1404/3/2 1515/3/2
f 1515/5/2 1405/5/2 1516/5/2
f 1405/8/2 1406/8/2 1517/8/2
f 1516/5/2 1405/5/2 1517/5/2
f 1406/8/2 1407/8/2 1517/8/2
f 1517/8/2 1407/8/2 1518/8/2
f 1407/6/2 1408/6/2 1519/6/2
f 1518/8/2 1407/8/2 1519/8/2
f 1408/8/2 1409/8/2 1520/8/2
f 1519/6/2 1408/6/2 1520/6/2
f 1409/7/2 1410/7/2 1521/7/2
f 1520/8/2 1409/8/2 1521/8/2
f 1410/6/2 1411/6/2 1522/6/2
f 1521/7/2 1410/7/2 1522/7/2
f 1411/7/2 1412/7/2 1523/7/2
f 1522/6/2 1411/6/2 1523/6/2
f 1412/6/2 1413/6/2 1524/6/2
f 1523/7/2 1412/7/2 1524/7/2
f 1413/5/2 1414/5/2 1525/5/2
f 1524/6/2 1413/6/2 1525/6/2
f 1414/4/2 1415/4/2 1526/4/2
f 1525/5/2 1414/5/2 1526/5/2
f 1415/6/2 1416/6/2 1527/6/2
f 1526/4/2 1415/4/2 1527/4/2
f 1417/5/2 1418/5/2 1528/5/2
f 1527/6/2 1416/6/2 1528/6/2
f 1416/5/2 1417/5/2 1528/5/2
f 1418/4/2 1419/4/2 1529/4/2
f 1528/5/2 1418/5/2 1529/5/2
f 1419/5/2 1420/5/2 1530/5/2
f 1529/4/2 1419/4/2 1530/4/2
f 1420/6/2 1421/6/2 1531/6/2
f 1530/5/2 1420/5/2 1531/5/2
f 1421/5/2 1422/5/2 1532/5/2
f 1531/6/2 1421/6/2 1532/6/2
f 1422/3/2 1423/3/2 1533/3/2
f 1532/5/2 1422/5/2 1533/5/2
f 1423/3/2 1424/3/2 1533/3/2
f 1533/3/2 1424/3/2 1534/3/2
f 1424/2/2 1425/2/2 1535/2/2
f 1534/3/2 1424/3/2 1535/3/2
f 1425/4/2 1426/4/2 1536/4/2
f 1535/2/2 1425/2/2 1536/2/2
f 1426/3/2 1427/3/2 1537/3/2
f 1536/4/2 1426/4/2 1537/4/2
f 1428/3/2 1429/3/2 1537/3/2
f 1427/3/2 1428/3/2 1537/3/2
f 1537/3/2 1429/3/2 1538/3/2
f 1538/3/2 1429/3/2 1539/3/2
f 1539/3/2 1429/3/2 1540/3/2
f 1540/3/2 1429/3/2 1541/3/2
f 1429/4/2 1430/4/2 1542/4/2
f 1541/3/2 1429/3/2 1542/3/2
f 1430/5/2 1431/5/2 1543/5/2
f 1542/4/2 1430/4/2 1543/4/2
f 1431/5/2 1432/5/2 1543/5/2
f 1543/5/2 1432/5/2 1544/5/2
f 1432/3/2 1433/3/2 1545/3/2
f 1544/5/2 1432/5/2 1545/5/2
f 1433/5/2 1434/5/2 1546/5/2
f 1545/3/2 1433/3/2 1546/3/2
f 1434/4/2 1435/4/2 1547/4/2
f 1546/5/2 1434/5/2 1547/5/2
f 1435/4/2 1436/4/2 1547/4/2
f 1436/4/2 1437/4/2 1547/4/2
f 1547/4/2 1437/4/2 1548/4/2
f 1437/3/2 1438/3/2 1549/3/2
f 1548/4/2 1437/4/2 1549/4/2
f 1438/5/2 1439/5/2 1550/5/2
f 1549/3/2 1438/3/2 1550/3/2
f 1550/5/2 1439/5/2 1551/5/2
f 1439/4/2 1440/4/2 1552/4/2
f 1551/5/2 1439/5/2 1552/5/2
f 1440/4/2 1441/4/2 1552/4/2
f 1552/4/2 1441/4/2 1553/4/2
f 1441/3/2 1442/3/2 1554/3/2
f 1553/4/2 1441/4/2 1554/4/2
f 1442/5/2 1443/5/2 1555/5/2
f 1554/3/2 1442/3/2 1555/3/2
f 1443/5/2 1444/5/2 1555/5/2
f 1444/4/2 1445/4/2 1556/4/2
f 1555/5/2 1444/5/2 1556/5/2
f 1445/5/2 1446/5/2 1557/5/2
f 1556/4/2 1445/4/2 1557/4/2
f 1446/5/2 1447/5/2 1557/5/2
f 1448/7/2 1449/7/2 1558/7/2
f 1557/5/2 1447/5/2 1558/5/2
f 1447/7/2 1448/7/2 1558/7/2
f 1558/7/2 1449/7/2 1559/7/2
f 1449/5/2 1450/5/2 1560/5/2
f 1559/7/2 1449/7/2 1560/7/2
f 1450/7/2 1451/7/2 1561/7/2
f 1560/5/2 1450/5/2 1561/5/2
f 1561/7/2 1451/7/2 1562/7/2
f 1451/5/2 1452/5/2 1563/5/2
f 1562/7/2 1451/7/2 1563/7/2
f 1452/6/2 1453/6/2 1564/6/2
f 1563/5/2 1452/5/2 1564/5/2
f 1453/7/2 1454/7/2 1565/7/2
f 1564/6/2 1453/6/2 1565/6/2
f 1454/5/2 1455/5/2 1566/5/2
f 1565/7/2 1454/7/2 1566/7/2
f 1455/6/2 1456/6/2 1567/6/2
f 1566/5/2 1455/5/2 1567/5/2
f 1456/5/2 1457/5/2 1568/5/2
f 1567/6/2 1456/6/2 1568/6/2
f 1457/7/2 1458/7/2 1569/7/2
f 1568/5/2 1457/5/2 1569/5/2
f 1458/5/2 1459/5/2 1570/5/2
f 1569/7/2 1458/7/2 1570/7/2
f 1459/7/2 1460/7/2 1571/7/2
f 1570/5/2 1459/5/2 1571/5/2
f 1460/6/2 1461/6/2 1572/6/2
f 1571/7/2 1460/7/2 1572/7/2
f 1461/7/2 1462/7/2 1573/7/2
f 1572/6/2 1461/6/2 1573/6/2
f 1462/5/2 1463/5/2 1574/5/2
f 1573/7/2 1462/7/2 1574/7/2
f 1463/5/2 1464/5/2 1574/5/2
f 1464/6/2 1465/6/2 1575/6/2
f 1574/5/2 1464/5/2 1575/5/2
f 1465/7/2 1466/7/2 1576/7/2
f 1575/6/2 1465/6/2 1576/6/2
f 1466/8/2 1467/8/2 1577/8/2
f 1576/7/2 1466/7/2 1577/7/2
f 1467/6/2 1468/6/2 1578/6/2
f 1577/8/2 1467/8/2 1578/8/2
f 1469/7/2 1470/7/2 1579/7/2
f 1578/6/2 1468/6/2 1579/6/2
f 1468/7/2 1469/7/2 1579/7/2
f 1579/7/2 1470/7/2 1580/7/2
f 1470/8/2 1471/8/2 1581/8/2
f 1580/7/2 1470/7/2 1581/7/2
f 1471/6/2 1472/6/2 1582/6/2
f 1581/8/2 1471/8/2 1582/8/2
f 1582/6/2 1472/6/2 1583/6/2
f 1473/8/2 1474/8/2 1584/8/2
f 1583/6/2 1472/6/2 1584/6/2
f 1472/8/2 1473/8/2 1584/8/2
f 1474/5/2 1475/5/2 1585/5/2
f 1584/8/2 1474/8/2 1585/8/2
f 1475/5/2 1476/5/2 1585/5/2
f 1476/5/2 1477/5/2 1585/5/2
f 1585/5/2 1477/5/2 1586/5/2
f 1477/7/2 1478/7/2 1587/7/2
f 1586/5/2 1477/5/2 1587/5/2
f 1478/7/2 1479/7/2 1587/7/2
f 1587/7/2 1479/7/2 1588/7/2
f 1479/6/2 1480/6/2 1589/6/2
f 1588/7/2 1479/7/2 1589/7/2
f 1480/6/2 1481/6/2 1589/6/2
f 1481/5/2 1482/5/2 1590/5/2
f 1589/6/2 1481/6/2 1590/6/2
f 1482/5/2 1483/5/2 1590/5/2
f 1484/7/2 1485/7/2 1591/7/2
f 1483/6/2 1484/6/2 1591/6/2
f 1485/6/2 1486/6/2 1592/6/2
f 1591/7/2 1485/7/2 1592/7/2
f 1486/7/2 1487/7/2 1593/7/2
f 1592/6/2 1486/6/2 1593/6/2
f 1487/7/2 1488/7/2 1593/7/2
f 1488/7/2 1489/7/2 1593/7/2
f 1593/7/2 1489/7/2 1594/7/2
f 1594/7/2 1489/7/2 1595/7/2
f 1489/5/2 1490/5/2 1596/5/2
f 1595/7/2 1489/7/2 1596/7/2
f 1490/6/2 1491/6/2 1597/6/2
f 1596/5/2 1490/5/2 1597/5/2
f 1491/7/2 1492/7/2 1598/7/2
f 1597/6/2 1491/6/2 1598/6/2
f 1492/8/2 1493/8/2 1599/8/2
f 1598/7/2 1492/7/2 1599/7/2
f 1493/7/2 1494/7/2 1600/7/2
f 1599/8/2 1493/8/2 1600/8/2
f 1494/6/2 1495/6/2 1601/6/2
f 1600/7/2 1494/7/2 1601/7/2
f 1495/6/2 1496/6/2 1601/6/2
f 1601/6/2 1496/6/2 1602/6/2
f 1602/6/2 1496/6/2 1603/6/2
f 1496/8/2 1497/8/2 1604/8/2
f 1603/6/2 1496/6/2 1604/6/2
f 1497/8/2 1498/8/2 1604/8/2
f 1498/6/2 1499/6/2 1605/6/2
f 1604/8/2 1498/8/2 1605/8/2
f 1499/6/2 1500/6/2 1605/6/2
f 1605/6/2 1500/6/2 1606/6/2
f 1500/3/2 1501/3/2 1607/3/2
f 1606/6/2 1500/6/2 1607/6/2
f 1607/3/2 1501/3/2 1608/3/2
f 1502/3/2 1503/3/2 1609/3/2
f 1503/4/2 1504/4/2 1610/4/2
f 1609/3/2 1503/3/2 1610/3/2
f 1504/3/2 1505/3/2 1611/3/2
f 1610/4/2 1504/4/2 1611/4/2
f 1505/3/2 1506/3/2 1611/3/2
f 1611/3/2 1506/3/2 1612/3/2
f 1506/2/2 1507/2/2 1613/2/2
f 1612/3/2 1506/3/2 1613/3/2
f 1507/2/2 1508/2/2 1613/2/2
f 1613/2/2 1508/2/2 1614/2/2
f 1508/3/2 1509/3/2 1615/3/2
f 1614/2/2 1508/2/2 1615/2/2
f 1509/4/2 1510/4/2 1616/4/2
f 1615/3/2 1509/3/2 1616/3/2
f 1510/2/2 1511/2/2 1617/2/2
f 1616/4/2 1510/4/2 1617/4/2
f 1511/4/2 1512/4/2 1618/4/2
f 1617/2/2 1511/2/2 1618/2/2
f 1512/3/2 1513/3/2 1619/3/2
f 1618/4/2 1512/4/2 1619/4/2
f 1513/2/2 1514/2/2 1620/2/2
f 1619/3/2 1513/3/2 1620/3/2
f 1514/3/2 1515/3/2 1621/3/2
f 1620/2/2 1514/2/2 1621/2/2
f 1515/4/2 1516/4/2 1622/4/2
f 1621/3/2 1515/3/2 1622/3/2
f 1516/3/2 1517/3/2 1623/3/2
f 1622/4/2 1516/4/2 1623/4/2
f 1517/2/2 1518/2/2 1624/2/2
f 1623/3/2 1517/3/2 1624/3/2
f 1624/2/2 1518/2/2 1625/2/2
f 1518/3/2 1519/3/2 1626/3/2
f 1625/2/2 1518/2/2 1626/2/2
f 1519/2/2 1520/2/2 1627/2/2
f 1626/3/2 1519/3/2 1627/3/2
f 1523/3/2 1524/3/2 1628/3/2
f 1627/2/2 1520/2/2 1628/2/2
f 1520/3/2 1521/3/2 1628/3/2
f 1521/3/2 1522/3/2 1628/3/2
f 1522/3/2 1523/3/2 1628/3/2
f 1628/3/2 1524/3/2 1629/3/2
f 1629/3/2 1524/3/2 1630/3/2
f 1630/3/2 1524/3/2 1631/3/2
f 1524/1/2 1525/1/2 1632/1/2
f 1631/3/2 1524/3/2 1632/3/2
f 1525/1/2 1526/1/2 1632/1/2
f 1632/1/2 1526/1/2 1633/1/2
f 1526/3/2 1527/3/2 1634/3/2
f 1633/1/2 1526/1/2 1634/1/2
f 1527/2/2 1528/2/2 1635/2/2
f 1634/3/2 1527/3/2 1635/3/2
f 1528/4/2 1529/4/2 1636/4/2
f 1635/2/2 1528/2/2 1636/2/2
f 1529/3/2 1530/3/2 1637/3/2
f 1636/4/2 1529/4/2 1637/4/2
f 1530/4/2 1531/4/2 1638/4/2
f 1637/3/2 1530/3/2 1638/3/2
f 1531/6/2 1532/6/2 1639/6/2
f 1638/4/2 1531/4/2 1639/4/2
f 1532/8/2 1533/8/2 1640/8/2
f 1639/6/2 1532/6/2 1640/6/2
f 1533/7/2 1534/7/2 1641/7/2
f 1640/8/2 1533/8/2 1641/8/2
f 1534/6/2 1535/6/2 1642/6/2
f 1641/7/2 1534/7/2 1642/7/2
f 1535/6/2 1536/6/2 1642/6/2
f 1642/6/2 1536/6/2 1643/6/2
f 1536/8/2 1537/8/2 1644/8/2
f 1643/6/2 1536/6/2 1644/6/2
f 1537/8/2 1538/8/2 1644/8/2
f 1644/8/2 1538/8/2 1645/8/2
f 1538/7/2 1539/7/2 1646/7/2
f 1645/8/2 1538/8/2 1646/8/2
f 1539/6/2 1540/6/2 1647/6/2
f 1646/7/2 1539/7/2 1647/7/2
f 1540/7/2 1541/7/2 1648/7/2
f 1647/6/2 1540/6/2 1648/6/2
f 1541/6/2 1542/6/2 1649/6/2
f 1648/7/2 1541/7/2 1649/7/2
f 1542/7/2 1543/7/2 1650/7/2
f 1649/6/2 1542/6/2 1650/6/2
f 1543/8/2 1544/8/2 1651/8/2
f 1650/7/2 1543/7/2 1651/7/2
f 1544/7/2 1545/7/2 1652/7/2
f 1651/8/2 1544/8/2 1652/8/2
f 1545/6/2 1546/6/2 1653/6/2
f 1652/7/2 1545/7/2 1653/7/2
f 1546/7/2 1547/7/2 1654/7/2
f 1653/6/2 1546/6/2 1654/6/2
f 1547/8/2 1548/8/2 1655/8/2
f 1654/7/2 1547/7/2 1655/7/2
f 1655/8/2 1548/8/2 1656/8/2
f 1548/7/2 1549/7/2 1657/7/2
f 1656/8/2 1548/8/2 1657/8/2
f 1549/7/2 1550/7/2 1657/7/2
f 1550/8/2 1551/8/2 1658/8/2
f 1657/7/2 1550/7/2 1658/7/2
f 1552/6/2 1553/6/2 1659/6/2
f 1658/8/2 1551/8/2 1659/8/2
f 1551/6/2 1552/6/2 1659/6/2
f 1553/7/2 1554/7/2 1660/7/2
f 1659/6/2 1553/6/2 1660/6/2
f 1660/7/2 1554/7/2 1661/7/2
f 1554/6/2 1555/6/2 1662/6/2
f 1661/7/2 1554/7/2 1662/7/2
f 1555/6/2 1556/6/2 1662/6/2
f 1556/7/2 1557/7/2 1663/7/2
f 1662/6/2 1556/6/2 1663/6/2
f 1663/7/2 1557/7/2 1664/7/2
f 1557/8/2 1558/8/2 1665/8/2
f 1664/7/2 1557/7/2 1665/7/2
f 1665/8/2 1558/8/2 1666/8/2
f 1558/6/2 1559/6/2 1667/6/2
f 1666/8/2 1558/8/2 1667/8/2
f 1559/8/2 1560/8/2 1668/8/2
f 1667/6/2 1559/6/2 1668/6/2
f 1560/6/2 1561/6/2 1669/6/2
f 1668/8/2 1560/8/2 1669/8/2
f 1561/8/2 1562/8/2 1670/8/2
f 1669/6/2 1561/6/2 1670/6/2
f 1562/6/2 1563/6/2 1671/6/2
f 1670/8/2 1562/8/2 1671/8/2
f 1563/8/2 1564/8/2 1672/8/2
f 1671/6/2 1563/6/2 1672/6/2
f 1564/7/2 1565/7/2 1673/7/2
f 1672/8/2 1564/8/2 1673/8/2
f 1565/8/2 1566/8/2 1674/8/2
f 1673/7/2 1565/7/2 1674/7/2
f 1566/6/2 1567/6/2 1675/6/2
f 1674/8/2 1566/8/2 1675/8/2
f 1567/8/2 1568/8/2 1676/8/2
f 1675/6/2 1567/6/2 1676/6/2
f 1568/6/2 1569/6/2 1677/6/2
f 1676/8/2 1568/8/2 1677/8/2
f 1569/8/2 1570/8/2 1678/8/2
f 1677/6/2 1569/6/2 1678/6/2
f 1571/7/2 1572/7/2 1679/7/2
f 1678/8/2 1570/8/2 1679/8/2
f 1570/7/2 1571/7/2 1679/7/2
f 1572/7/2 1573/7/2 1679/7/2
f 1679/7/2 1573/7/2 1680/7/2
f 1680/7/2 1573/7/2 1681/7/2
f 1573/8/2 1574/8/2 1682/8/2
f 1681/7/2 1573/7/2 1682/7/2
f 1574/6/2 1575/6/2 1683/6/2
f 1682/8/2 1574/8/2 1683/8/2
f 1575/6/2 1576/6/2 1683/6/2
f 1576/6/2 1577/6/2 1683/6/2
f 1683/6/2 1577/6/2 1684/6/2
f 1684/6/2 1577/6/2 1685/6/2
f 1685/6/2 1577/6/2 1686/6/2
f 1577/7/2 1578/7/2 1687/7/2
f 1686/6/2 1577/6/2 1687/6/2
f 1578/7/2 1579/7/2 1687/7/2
f 1687/7/2 1579/7/2 1688/7/2
f 1579/6/2 1580/6/2 1689/6/2
f 1688/7/2 1579/7/2 1689/7/2
f 1580/7/2 1581/7/2 1690/7/2
f 1689/6/2 1580/6/2 1690/6/2
f 1581/5/2 1582/5/2 1691/5/2
f 1690/7/2 1581/7/2 1691/7/2
f 1582/6/2 1583/6/2 1692/6/2
f 1691/5/2 1582/5/2 1692/5/2
f 1583/5/2 1584/5/2 1693/5/2
f 1692/6/2 1583/6/2 1693/6/2
f 1584/7/2 1585/7/2 1694/7/2
f 1693/5/2 1584/5/2 1694/5/2
f 1694/7/2 1585/7/2 1695/7/2
f 1585/5/2 1586/5/2 1696/5/2
f 1695/7/2 1585/7/2 1696/7/2
f 1586/6/2 1587/6/2 1697/6/2
f 1696/5/2 1586/5/2 1697/5/2
f 1697/6/2 1587/6/2 1698/6/2
f 1698/6/2 1587/6/2 1699/6/2
f 1587/7/2 1588/7/2 1700/7/2
f 1699/6/2 1587/6/2 1700/6/2
f 1588/5/2 1589/5/2 1701/5/2
f 1700/7/2 1588/7/2 1701/7/2
f 1589/5/2 1590/5/2 1701/5/2
f 1701/5/2 1590/5/2 1702/5/2
f 1590/5/2 1483/5/2 1703/5/2
f 1702/5/2 1590/5/2 1703/5/2
f 1483/6/2 1591/6/2 1704/6/2
f 1703/5/2 1483/5/2 1704/5/2
f 1591/5/2 1592/5/2 1705/5/2
f 1704/6/2 1591/6/2 1705/6/2
f 1593/5/2 1594/5/2 1705/5/2
f 1592/5/2 1593/5/2 1705/5/2
f 1594/7/2 1595/7/2 1706/7/2
f 1705/5/2 1594/5/2 1706/5/2
f 1595/5/2 1596/5/2 1707/5/2
f 1706/7/2 1595/7/2 1707/7/2
f 1596/7/2 1597/7/2 1708/7/2
f 1707/5/2 1596/5/2 1708/5/2
f 1597/7/2 1598/7/2 1708/7/2
f 1708/7/2 1598/7/2 1709/7/2
f 1598/6/2 1599/6/2 1710/6/2
f 1709/7/2 1598/7/2 1710/7/2
f 1599/5/2 1600/5/2 1711/5/2
f 1710/6/2 1599/6/2 1711/6/2
f 1600/1/2 1601/1/2 1712/1/2
f 1711/5/2 1600/5/2 1712/5/2
f 1601/3/2 1602/3/2 1713/3/2
f 1712/1/2 1601/1/2 1713/1/2
f 1602/1/2 1603/1/2 1714/1/2
f 1713/3/2 1602/3/2 1714/3/2
f 1603/2/2 1604/2/2 1715/2/2
f 1714/1/2 1603/1/2 1715/1/2
f 1605/2/2 1606/2/2 1715/2/2
f 1604/2/2 1605/2/2 1715/2/2
f 1715/2/2 1606/2/2 1716/2/2
f 1716/2/2 1606/2/2 1717/2/2
f 1606/3/2 1607/3/2 1718/3/2
f 1717/2/2 1606/2/2 1718/2/2
f 1607/1/2 1608/1/2 1719/1/2
f 1718/3/2 1607/3/2 1719/3/2
f 1719/1/2 1608/1/2 1720/1/2
f 1609/7/2 1610/7/2 1721/7/2
f 1610/6/2 1611/6/2 1722/6/2
f 1721/7/2 1610/7/2 1722/7/2
f 1611/7/2 1612/7/2 1723/7/2
f 1722/6/2 1611/6/2 1723/6/2
f 1613/6/2 1614/6/2 1724/6/2
f 1723/7/2 1612/7/2 1724/7/2
f 1612/6/2 1613/6/2 1724/6/2
f 1614/7/2 1615/7/2 1725/7/2
f 1724/6/2 1614/6/2 1725/6/2
f 1615/6/2 1616/6/2 1726/6/2
f 1725/7/2 1615/7/2 1726/7/2
f 1616/7/2 1617/7/2 1727/7/2
f 1726/6/2 1616/6/2 1727/6/2
f 1617/5/2 1618/5/2 1728/5/2
f 1727/7/2 1617/7/2 1728/7/2
f 1618/7/2 1619/7/2 1729/7/2
f 1728/5/2 1618/5/2 1729/5/2
f 1619/7/2 1620/7/2 1729/7/2
f 1620/5/2 1621/5/2 1730/5/2
f 1729/7/2 1620/7/2 1730/7/2
f 1622/7/2 1623/7/2 1731/7/2
f 1730/5/2 1621/5/2 1731/5/2
f 1623/7/2 1624/7/2 1731/7/2
f 1621/7/2 1622/7/2 1731/7/2
f 1624/5/2 1625/5/2 1732/5/2
f 1731/7/2 1624/7/2 1732/7/2
f 1625/6/2 1626/6/2 1733/6/2
f 1732/5/2 1625/5/2 1733/5/2
f 1626/5/2 1627/5/2 1734/5/2
f 1733/6/2 1626/6/2 1734/6/2
f 1627/6/2 1628/6/2 1735/6/2
f 1734/5/2 1627/5/2 1735/5/2
f 1628/5/2 1629/5/2 1736/5/2
f 1735/6/2 1628/6/2 1736/6/2
f 1629/4/2 1630/4/2 1737/4/2
f 1736/5/2 1629/5/2 1737/5/2
f 1630/6/2 1631/6/2 1738/6/2
f 1737/4/2 1630/4/2 1738/4/2
f 1632/5/2 1633/5/2 1739/5/2
f 1738/6/2 1631/6/2 1739/6/2
f 1631/5/2 1632/5/2 1739/5/2
f 1634/4/2 1635/4/2 1740/4/2
f 1739/5/2 1633/5/2 1740/5/2
f 1635/4/2 1636/4/2 1740/4/2
f 1633/4/2 1634/4/2 1740/4/2
f 1636/6/2 1637/6/2 1741/6/2
f 1740/4/2 1636/4/2 1741/4/2
f 1637/6/2 1638/6/2 1741/6/2
f 1638/5/2 1639/5/2 1742/5/2
f 1741/6/2 1638/6/2 1742/6/2
f 1639/6/2 1640/6/2 1743/6/2
f 1742/5/2 1639/5/2 1743/5/2
f 1640/4/2 1641/4/2 1744/4/2
f 1743/6/2 1640/6/2 1744/6/2
f 1641/4/2 1642/4/2 1744/4/2
f 1642/6/2 1643/6/2 1745/6/2
f 1744/4/2 1642/4/2 1745/4/2
f 1644/4/2 1645/4/2 1746/4/2
f 1745/6/2 1643/6/2 1746/6/2
f 1643/4/2 1644/4/2 1746/4/2
f 1645/5/2 1646/5/2 1747/5/2
f 1746/4/2 1645/4/2 1747/4/2
f 1646/4/2 1647/4/2 1748/4/2
f 1747/5/2 1646/5/2 1748/5/2
f 1647/4/2 1648/4/2 1748/4/2
f 1648/5/2 1649/5/2 1749/5/2
f 1748/4/2 1648/4/2 1749/4/2
f 1649/4/2 1650/4/2 1750/4/2
f 1749/5/2 1649/5/2 1750/5/2
f 1650/4/2 1651/4/2 1750/4/2
f 1651/5/2 1652/5/2 1751/5/2
f 1750/4/2 1651/4/2 1751/4/2
f 1652/6/2 1653/6/2 1752/6/2
f 1751/5/2 1652/5/2 1752/5/2
f 1653/4/2 1654/4/2 1753/4/2
f 1752/6/2 1653/6/2 1753/6/2
f 1654/6/2 1655/6/2 1754/6/2
f 1753/4/2 1654/4/2 1754/4/2
f 1655/4/2 1656/4/2 1755/4/2
f 1754/6/2 1655/6/2 1755/6/2
f 1656/6/2 1657/6/2 1756/6/2
f 1755/4/2 1656/4/2 1756/4/2
f 1657/5/2 1658/5/2 1757/5/2
f 1756/6/2 1657/6/2 1757/6/2
f 1658/5/2 1659/5/2 1757/5/2
f 1659/5/2 1660/5/2 1757/5/2
f 1660/6/2 1661/6/2 1758/6/2
f 1757/5/2 1660/5/2 1758/5/2
f 1661/5/2 1662/5/2 1759/5/2
f 1758/6/2 1661/6/2 1759/6/2
f 1662/6/2 1663/6/2 1760/6/2
f 1759/5/2 1662/5/2 1760/5/2
f 1663/4/2 1664/4/2 1761/4/2
f 1760/6/2 1663/6/2 1761/6/2
f 1664/6/2 1665/6/2 1762/6/2
f 1761/4/2 1664/4/2 1762/4/2
f 1665/5/2 1666/5/2 1763/5/2
f 1762/6/2 1665/6/2 1763/6/2
f 1666/4/2 1667/4/2 1764/4/2
f 1763/5/2 1666/5/2 1764/5/2
f 1668/4/2 1669/4/2 1764/4/2
f 1667/4/2 1668/4/2 1764/4/2
f 1670/6/2 1671/6/2 1765/6/2
f 1764/4/2 1669/4/2 1765/4/2
f 1669/6/2 1670/6/2 1765/6/2
f 1672/4/2 1673/4/2 1766/4/2
f 1765/6/2 1671/6/2 1766/6/2
f 1671/4/2 1672/4/2 1766/4/2
f 1673/6/2 1674/6/2 1767/6/2
f 1766/4/2 1673/4/2 1767/4/2
f 1674/5/2 1675/5/2 1768/5/2
f 1767/6/2 1674/6/2 1768/6/2
f 1675/6/2 1676/6/2 1769/6/2
f 1768/5/2 1675/5/2 1769/5/2
f 1676/6/2 1677/6/2 1769/6/2
f 1677/5/2 1678/5/2 1770/5/2
f 1769/6/2 1677/6/2 1770/6/2
f 1678/4/2 1679/4/2 1771/4/2
f 1770/5/2 1678/5/2 1771/5/2
f 1679/5/2 1680/5/2 1772/5/2
f 1771/4/2 1679/4/2 1772/4/2
f 1680/6/2 1681/6/2 1773/6/2
f 1772/5/2 1680/5/2 1773/5/2
f 1681/3/2 1682/3/2 1774/3/2
f 1773/6/2 1681/6/2 1774/6/2
f 1682/4/2 1683/4/2 1775/4/2
f 1774/3/2 1682/3/2 1775/3/2
f 1683/5/2 1684/5/2 1776/5/2
f 1775/4/2 1683/4/2 1776/4/2
f 1684/3/2 1685/3/2 1777/3/2
f 1776/5/2 1684/5/2 1777/5/2
f 1685/5/2 1686/5/2 1778/5/2
f 1777/3/2 1685/3/2 1778/3/2
f 1687/4/2 1688/4/2 1779/4/2
f 1778/5/2 1686/5/2 1779/5/2
f 1686/4/2 1687/4/2 1779/4/2
f 1688/5/2 1689/5/2 1780/5/2
f 1779/4/2 1688/4/2 1780/4/2
f 1689/3/2 1690/3/2 1781/3/2
f 1780/5/2 1689/5/2 1781/5/2
f 1690/4/2 1691/4/2 1782/4/2
f 1781/3/2 1690/3/2 1782/3/2
f 1691/3/2 1692/3/2 1783/3/2
f 1782/4/2 1691/4/2 1783/4/2
f 1692/4/2 1693/4/2 1784/4/2
f 1783/3/2 1692/3/2 1784/3/2
f 1693/5/2 1694/5/2 1785/5/2
f 1784/4/2 1693/4/2 1785/4/2
f 1694/3/2 1695/3/2 1786/3/2
f 1785/5/2 1694/5/2 1786/5/2
f 1695/5/2 1696/5/2 1787/5/2
f 1786/3/2 1695/3/2 1787/3/2
f 1696/4/2 1697/4/2 1788/4/2
f 1787/5/2 1696/5/2 1788/5/2
f 1697/2/2 1698/2/2 1789/2/2
f 1788/4/2 1697/4/2 1789/4/2
f 1698/4/2 1699/4/2 1790/4/2
f 1789/2/2 1698/2/2 1790/2/2
f 1699/3/2 1700/3/2 1791/3/2
f 1790/4/2 1699/4/2 1791/4/2
f 1701/3/2 1702/3/2 1791/3/2
f 1700/3/2 1701/3/2 1791/3/2
f 1702/4/2 1703/4/2 1792/4/2
f 1791/3/2 1702/3/2 1792/3/2
f 1703/2/2 1704/2/2 1793/2/2
f 1792/4/2 1703/4/2 1793/4/2
f 1704/3/2 1705/3/2 1794/3/2
f 1793/2/2 1704/2/2 1794/2/2
f 1705/4/2 1706/4/2 1795/4/2
f 1794/3/2 1705/3/2 1795/3/2
f 1706/3/2 1707/3/2 1796/3/2
f 1795/4/2 1706/4/2 1796/4/2
f 1707/2/2 1708/2/2 1797/2/2
f 1796/3/2 1707/3/2 1797/3/2
f 1708/3/2 1709/3/2 1798/3/2
f 1797/2/2 1708/2/2 1798/2/2
f 1709/2/2 1710/2/2 1799/2/2
f 1798/3/2 1709/3/2 1799/3/2
f 1710/3/2 1711/3/2 1800/3/2
f 1799/2/2 1710/2/2 1800/2/2
f 1711/2/2 1712/2/2 1801/2/2
f 1800/3/2 1711/3/2 1801/3/2
f 1713/3/2 1714/3/2 1802/3/2
f 1801/2/2 1712/2/2 1802/2/2
f 1712/3/2 1713/3/2 1802/3/2
f 1715/3/2 1716/3/2 1802/3/2
f 1714/3/2 1715/3/2 1802/3/2
f 1716/1/2 1717/1/2 1803/1/2
f 1802/3/2 1716/3/2 1803/3/2
f 1717/3/2 1718/3/2 1804/3/2
f 1803/1/2 1717/1/2 1804/1/2
f 1718/1/2 1719/1/2 1805/1/2
f 1804/3/2 1718/3/2 1805/3/2
f 1719/2/2 1720/2/2 1806/2/2
f 1805/1/2 1719/1/2 1806/1/2
f 1806/2/2 1720/2/2 1807/2/2
f 1813/6/3 1809/6/3 1808/6/3
f 1814/3/3 1810/3/3 1809/3/3
f 1814/6/3 1809/6/3 1813/6/3
f 1815/7/3 1811/7/3 1810/7/3
f 1815/3/3 1810/3/3 1814/3/3
f 1816/7/3 1811/7/3 1815/7/3
f 1817/7/3 1811/7/3 1816/7/3
f 1819/1/3 1814/1/3 1813/1/3
f 1819/4/3 1813/4/3 1812/4/3
f 1820/10/3 1815/10/3 1814/10/3
f 1820/1/3 1814/1/3 1819/1/3
f 1820/10/3 1816/10/3 1815/10/3
f 1821/10/3 1816/10/3 1820/10/3
f 1822/2/3 1817/2/3 1816/2/3
f 1822/10/3 1816/10/3 1821/10/3
f 1823/8/3 1818/8/3 1817/8/3
f 1823/2/3 1817/2/3 1822/2/3
f 1824/8/3 1818/8/3 1823/8/3
f 1825/4/3 1819/4/3 1812/4/3
f 1826/10/3 1820/10/3 1819/10/3
f 1826/4/3 1819/4/3 1825/4/3
f 1827/12/3 1821/12/3 1820/12/3
f 1827/10/3 1820/10/3 1826/10/3
f 1828/9/3 1822/9/3 1821/9/3
f 1828/12/3 1821/12/3 1827/12/3
f 1829/11/3 1823/11/3 1822/11/3
f 1829/9/3 1822/9/3 1828/9/3
f 1830/3/3 1824/3/3 1823/3/3
f 1830/11/3 1823/11/3 1829/11/3
f 1831/5/3 1826/5/3 1825/5/3
f 1832/10/3 1827/10/3 1826/10/3
f 1832/5/3 1826/5/3 1831/5/3
f 1833/11/3 1828/11/3 1827/11/3
f 1833/10/3 1827/10/3 1832/10/3
f 1834/12/3 1829/12/3 1828/12/3
f 1834/11/3 1828/11/3 1833/11/3
f 1835/10/3 1830/10/3 1829/10/3
f 1835/12/3 1829/12/3 1834/12/3
f 1836/3/3 1824/3/3 1830/3/3
f 1836/10/3 1830/10/3 1835/10/3
f 1837/3/3 1824/3/3 1836/3/3
f 1838/2/3 1832/2/3 1831/2/3
f 1839/6/3 1833/6/3 1832/6/3
f 1839/2/3 1832/2/3 1838/2/3
f 1840/11/3 1834/11/3 1833/11/3
f 1840/6/3 1833/6/3 1839/6/3
f 1841/10/3 1835/10/3 1834/10/3
f 1841/11/3 1834/11/3 1840/11/3
f 1842/7/3 1836/7/3 1835/7/3
f 1842/10/3 1835/10/3 1841/10/3
f 1843/4/3 1837/4/3 1836/4/3
f 1843/7/3 1836/7/3 1842/7/3
f 1844/4/3 1837/4/3 1843/4/3
f 1845/4/3 1840/4/3 1839/4/3
f 1846/5/3 1841/5/3 1840/5/3
f 1846/4/3 1840/4/3 1845/4/3
f 1847/3/3 1842/3/3 1841/3/3
f 1847/5/3 1841/5/3 1846/5/3
f 1848/7/3 1843/7/3 1842/7/3
f 1848/3/3 1842/3/3 1847/3/3
f 1849/7/3 1843/7/3 1848/7/3
f 1850/2/4 1851/2/4 1856/2/4
f 1851/3/4 1852/3/4 1857/3/4
f 1856/2/4 1851/2/4 1857/2/4
f 1852/7/4 1853/7/4 1858/7/4
f 1857/3/4 1852/3/4 1858/3/4
f 1853/8/4 1854/8/4 1859/8/4
f 1858/7/4 1853/7/4 1859/7/4
f 1859/8/4 1854/8/4 1860/8/4
f 1855/3/4 1856/3/4 1862/3/4
f 1856/4/4 1857/4/4 1863/4/4
f 1862/3/4 1856/3/4 1863/3/4
f 1857/9/4 1858/9/4 1864/9/4
f 1863/4/4 1857/4/4 1864/4/4
f 1858/11/4 1859/11/4 1865/11/4
f 1864/9/4 1858/9/4 1865/9/4
f 1859/6/4 1860/6/4 1866/6/4
f 1865/11/4 1859/11/4 1866/11/4
f 1860/7/4 1861/7/4 1867/7/4
f 1866/6/4 1860/6/4 1867/6/4
f 1867/7/4 1861/7/4 1868/7/4
f 1862/6/4 1863/6/4 1869/6/4
f 1863/11/4 1864/11/4 1869/11/4
f 1864/10/4 1865/10/4 1870/10/4
f 1869/11/4 1864/11/4 1870/11/4
f 1865/11/4 1866/11/4 1871/11/4
f 1870/10/4 1865/10/4 1871/10/4
f 1866/10/4 1867/10/4 1872/10/4
f 1871/11/4 1866/11/4 1872/11/4
f 1867/8/4 1868/8/4 1873/8/4
f 1872/10/4 1867/10/4 1873/10/4
f 1873/8/4 1868/8/4 1874/8/4
f 1862/6/4 1869/6/4 1875/6/4
f 1869/12/4 1870/12/4 1876/12/4
f 1875/6/4 1869/6/4 1876/6/4
f 1871/10/4 1872/10/4 1877/10/4
f 1876/12/4 1870/12/4 1877/12/4
f 1870/10/4 1871/10/4 1877/10/4
f 1872/11/4 1873/11/4 1878/11/4
f 1877/10/4 1872/10/4 1878/10/4
f 1873/5/4 1874/5/4 1879/5/4
f 1878/11/4 1873/11/4 1879/11/4
f 1879/5/4 1874/5/4 1880/5/4
f 1875/8/4 1876/8/4 1881/8/4
f 1876/6/4 1877/6/4 1882/6/4
f 1881/8/4 1876/8/4 1882/8/4
f 1877/11/4 1878/11/4 1883/11/4
f 1882/6/4 1877/6/4 1883/6/4
f 1883/11/4 1878/11/4 1884/11/4
f 1878/7/4 1879/7/4 1885/7/4
f 1884/11/4 1878/11/4 1885/11/4
f 1879/6/4 1880/6/4 1886/6/4
f 1885/7/4 1879/7/4 1886/7/4
f 1886/6/4 1880/6/4 1887/6/4
f 1882/5/4 1883/5/4 1888/5/4
f 1883/3/4 1884/3/4 1889/3/4
f 1888/5/4 1883/5/4 1889/5/4
f 1884/1/4 1885/1/4 1890/1/4
f 1889/3/4 1884/3/4 1890/3/4
f 1885/2/4 1886/2/4 1891/2/4
f 1890/1/4 1885/1/4 1891/1/4
f 1891/2/4 1886/2/4 1892/2/4
f 1897/4/5 1894/4/5 1893/4/5
f 1898/4/5 1894/4/5 1897/4/5
f 1899/5/5 1895/5/5 1894/5/5
f 1899/4/5 1894/4/5 1898/4/5
f 1900/2/5 1896/2/5 1895/2/5
f 1900/5/5 1895/5/5 1899/5/5
f 1901/2/5 1896/2/5 1900/2/5
f 1902/4/5 1899/4/5 1898/4/5
f 1902/3/5 1898/3/5 1897/3/5
f 1902/4/5 1900/4/5 1899/4/5
f 1903/4/5 1900/4/5 1902/4/5
f 1904/3/5 1901/3/5 1900/3/5
f 1904/4/5 1900/4/5 1903/4/5
f 1905/3/5 1901/3/5 1904/3/5
f 1906/3/5 1903/3/5 1902/3/5
f 1906/3/5 1902/3/5 1897/3/5
f 1907/3/5 1903/3/5 1906/3/5
f 1908/4/5 1904/4/5 1903/4/5
f 1908/3/5 1903/3/5 1907/3/5
f 1909/1/5 1905/1/5 1904/1/5
f 1909/4/5 1904/4/5 1908/4/5
f 1910/1/5 1905/1/5 1909/1/5
f 1911/3/5 1908/3/5 1907/3/5
f 1911/5/5 1907/5/5 1906/5/5
f 1912/6/5 1909/6/5 1908/6/5
f 1912/3/5 1908/3/5 1911/3/5
f 1913/3/5 1910/3/5 1909/3/5
f 1913/6/5 1909/6/5 1912/6/5
f 1914/3/5 1910/3/5 1913/3/5
f 1915/5/5 1911/5/5 1906/5/5
f 1916/4/5 1912/4/5 1911/4/5
f 1916/5/5 1911/5/5 1915/5/5
f 1917/6/5 1913/6/5 1912/6/5
f 1917/4/5 1912/4/5 1916/4/5
f 1918/2/5 1914/2/5 1913/2/5
f 1918/6/5 1913/6/5 1917/6/5
f 1919/2/5 1914/2/5 1918/2/5
f 1920/4/5 1916/4/5 1915/4/5
f 1921/3/5 1917/3/5 1916/3/5
f 1921/4/5 1916/4/5 1920/4/5
f 1922/6/5 1918/6/5 1917/6/5
f 1922/3/5 1917/3/5 1921/3/5
f 1923/3/5 1919/3/5 1918/3/5
f 1923/6/5 1918/6/5 1922/6/5
f 1924/3/5 1919/3/5 1923/3/5
f 1925/3/5 1921/3/5 1920/3/5
f 1926/4/5 1922/4/5 1921/4/5
f 1926/3/5 1921/3/5 1925/3/5
f 1927/5/5 1923/5/5 1922/5/5
f 1927/4/5 1922/4/5 1926/4/5
f 1928/1/5 1924/1/5 1923/1/5
f 1928/5/5 1923/5/5 1927/5/5
f 1929/1/5 1924/1/5 1928/1/5
f 1930/4/5 1926/4/5 1925/4/5
f 1931/3/5 1927/3/5 1926/3/5
f 1931/4/5 1926/4/5 1930/4/5
f 1932/4/5 1928/4/5 1927/4/5
f 1932/2/5 1929/2/5 1928/2/5
f 1933/2/5 1929/2/5 1932/2/5
f 1934/6/5 1931/6/5 1930/6/5
f 1935/3/5 1927/3/5 1931/3/5
f 1935/6/5 1931/6/5 1934/6/5
f 1936/4/5 1932/4/5 1927/4/5
f 1936/3/5 1927/3/5 1935/3/5
f 1937/3/5 1933/3/5 1932/3/5
f 1937/4/5 1932/4/5 1936/4/5
f 1938/3/5 1933/3/5 1937/3/5
f 1939/4/5 1935/4/5 1934/4/5
f 1940/7/5 1936/7/5 1935/7/5
f 1940/4/5 1935/4/5 1939/4/5
f 1941/3/5 1937/3/5 1936/3/5
f 1941/7/5 1936/7/5 1940/7/5
f 1942/6/5 1938/6/5 1937/6/5
f 1942/3/5 1937/3/5 1941/3/5
f 1943/6/5 1938/6/5 1942/6/5
f 1944/5/5 1940/5/5 1939/5/5
f 1945/6/5 1941/6/5 1940/6/5
f 1945/5/5 1940/5/5 1944/5/5
f 1946/4/5 1942/4/5 1941/4/5
f 1946/6/5 1941/6/5 1945/6/5
f 1947/4/5 1945/4/5 1944/4/5
f 1948/8/5 1946/8/5 1945/8/5
f 1948/4/5 1945/4/5 1947/4/5
f 1949/4/5 1942/4/5 1946/4/5
f 1949/8/5 1946/8/5 1948/8/5
f 1950/7/5 1943/7/5 1942/7/5
f 1950/4/5 1942/4/5 1949/4/5
f 1951/7/5 1943/7/5 1950/7/5
f 1952/6/5 1948/6/5 1947/6/5
f 1953/7/5 1949/7/5 1948/7/5
f 1953/6/5 1948/6/5 1952/6/5
f 1954/2/5 1950/2/5 1949/2/5
f 1954/7/5 1949/7/5 1953/7/5
f 1955/5/5 1953/5/5 1952/5/5
f 1955/6/5 1954/6/5 1953/6/5
f 1956/2/5 1950/2/5 1954/2/5
f 1956/6/5 1954/6/5 1955/6/5
f 1957/5/5 1951/5/5 1950/5/5
f 1957/2/5 1950/2/5 1956/2/5
f 1958/5/5 1955/5/5 1952/5/5
f 1958/8/5 1956/8/5 1955/8/5
f 1959/4/5 1957/4/5 1956/4/5
f 1959/8/5 1956/8/5 1958/8/5
f 1960/5/5 1951/5/5 1957/5/5
f 1960/4/5 1957/4/5 1959/4/5
f 1961/5/5 1951/5/5 1960/5/5
f 1962/5/5 1958/5/5 1952/5/5
f 1963/7/5 1959/7/5 1958/7/5
f 1963/5/5 1958/5/5 1962/5/5
f 1964/3/5 1960/3/5 1959/3/5
f 1964/7/5 1959/7/5 1963/7/5
f 1965/7/5 1961/7/5 1960/7/5
f 1965/3/5 1960/3/5 1964/3/5
f 1966/7/5 1961/7/5 1965/7/5
f 1967/6/5 1963/6/5 1962/6/5
f 1967/8/5 1964/8/5 1963/8/5
f 1968/3/5 1965/3/5 1964/3/5
f 1968/8/5 1964/8/5 1967/8/5
f 1969/6/5 1967/6/5 1962/6/5
f 1969/6/5 1968/6/5 1967/6/5
f 1970/3/5 1965/3/5 1968/3/5
f 1970/6/5 1968/6/5 1969/6/5
f 1971/5/5 1966/5/5 1965/5/5
f 1971/3/5 1965/3/5 1970/3/5
f 1972/6/5 1969/6/5 1962/6/5
f 1973/7/5 1970/7/5 1969/7/5
f 1973/6/5 1969/6/5 1972/6/5
f 1974/2/5 1971/2/5 1970/2/5
f 1974/7/5 1970/7/5 1973/7/5
f 1975/5/5 1966/5/5 1971/5/5
f 1975/2/5 1971/2/5 1974/2/5
f 1976/5/5 1966/5/5 1975/5/5
f 1977/3/5 1974/3/5 1973/3/5
f 1977/2/5 1975/2/5 1974/2/5
f 1978/6/5 1976/6/5 1975/6/5
f 1978/2/5 1975/2/5 1977/2/5
f 1979/5/5 1973/5/5 1972/5/5
f 1980/3/5 1977/3/5 1973/3/5
f 1980/5/5 1973/5/5 1979/5/5
f 1981/4/5 1978/4/5 1977/4/5
f 1981/3/5 1977/3/5 1980/3/5
f 1982/6/5 1976/6/5 1978/6/5
f 1982/4/5 1978/4/5 1981/4/5
f 1983/6/5 1976/6/5 1982/6/5
f 1984/2/5 1981/2/5 1980/2/5
f 1984/6/5 1980/6/5 1979/6/5
f 1985/3/5 1982/3/5 1981/3/5
f 1985/2/5 1981/2/5 1984/2/5
f 1986/5/5 1983/5/5 1982/5/5
f 1986/3/5 1982/3/5 1985/3/5
f 1987/5/5 1983/5/5 1986/5/5
f 1988/6/5 1984/6/5 1979/6/5
f 1989/3/5 1985/3/5 1984/3/5
f 1989/6/5 1984/6/5 1988/6/5
f 1990/4/5 1986/4/5 1985/4/5
f 1990/3/5 1985/3/5 1989/3/5
f 1991/6/5 1987/6/5 1986/6/5
f 1991/4/5 1986/4/5 1990/4/5
f 1992/6/5 1987/6/5 1991/6/5
f 1993/5/5 1989/5/5 1988/5/5
f 1994/3/5 1990/3/5 1989/3/5
f 1994/5/5 1989/5/5 1993/5/5
f 1995/2/5 1991/2/5 1990/2/5
f 1995/4/5 1992/4/5 1991/4/5
f 1996/4/5 1992/4/5 1995/4/5
f 1997/6/5 1994/6/5 1993/6/5
f 1998/3/5 1990/3/5 1994/3/5
f 1998/6/5 1994/6/5 1997/6/5
f 1999/2/5 1995/2/5 1990/2/5
f 1999/3/5 1990/3/5 1998/3/5
f 2000/6/5 1996/6/5 1995/6/5
f 2000/2/5 1995/2/5 1999/2/5
f 2001/8/5 1998/8/5 1997/8/5
f 2002/1/5 1999/1/5 1998/1/5
f 2002/8/5 1998/8/5 2001/8/5
f 2003/6/5 2000/6/5 1999/6/5
f 2003/1/5 1999/1/5 2002/1/5
f 2004/6/5 1996/6/5 2000/6/5
f 2004/6/5 2000/6/5 2003/6/5
f 2005/6/5 1996/6/5 2004/6/5
f 2006/7/5 2002/7/5 2001/7/5
f 2007/2/5 2003/2/5 2002/2/5
f 2007/7/5 2002/7/5 2006/7/5
f 2008/4/5 2004/4/5 2003/4/5
f 2008/2/5 2003/2/5 2007/2/5
f 2009/5/5 2005/5/5 2004/5/5
f 2009/4/5 2004/4/5 2008/4/5
f 2010/5/5 2005/5/5 2009/5/5
f 2011/8/5 2007/8/5 2006/8/5
f 2012/2/5 2008/2/5 2007/2/5
f 2012/8/5 2007/8/5 2011/8/5
f 2013/5/5 2009/5/5 2008/5/5
f 2013/2/5 2008/2/5 2012/2/5
f 2014/4/5 2010/4/5 2009/4/5
f 2014/5/5 2009/5/5 2013/5/5
f 2015/4/5 2010/4/5 2014/4/5
f 2016/7/5 2012/7/5 2011/7/5
f 2017/3/5 2013/3/5 2012/3/5
f 2017/7/5 2012/7/5 2016/7/5
f 2018/4/5 2014/4/5 2013/4/5
f 2018/3/5 2013/3/5 2017/3/5
f 2019/5/5 2015/5/5 2014/5/5
f 2019/4/5 2014/4/5 2018/4/5
f 2020/5/5 2015/5/5 2019/5/5
f 2021/6/5 2017/6/5 2016/6/5
f 2022/1/5 2018/1/5 2017/1/5
f 2022/6/5 2017/6/5 2021/6/5
f 2023/6/5 2019/6/5 2018/6/5
f 2023/4/5 2020/4/5 2019/4/5
f 2024/4/5 2020/4/5 2023/4/5
f 2025/8/5 2022/8/5 2021/8/5
f 2026/1/5 2018/1/5 2022/1/5
f 2026/8/5 2022/8/5 2025/8/5
f 2027/6/5 2023/6/5 2018/6/5
f 2027/1/5 2018/1/5 2026/1/5
f 2027/6/5 2024/6/5 2023/6/5
f 2028/6/5 2024/6/5 2027/6/5
f 2029/7/5 2026/7/5 2025/7/5
f 2030/2/5 2027/2/5 2026/2/5
f 2030/7/5 2026/7/5 2029/7/5
f 2030/2/5 2028/2/5 2027/2/5
f 2031/2/5 2028/2/5 2030/2/5
f 2032/6/5 2024/6/5 2028/6/5
f 2032/2/5 2028/2/5 2031/2/5
f 2033/6/5 2024/6/5 2032/6/5
f 2034/6/5 2030/6/5 2029/6/5
f 2035/2/5 2031/2/5 2030/2/5
f 2035/6/5 2030/6/5 2034/6/5
f 2036/4/5 2032/4/5 2031/4/5
f 2036/2/5 2031/2/5 2035/2/5
f 2036/4/5 2033/4/5 2032/4/5
f 2037/4/5 2033/4/5 2036/4/5
f 2038/4/5 2033/4/5 2037/4/5
f 2039/8/5 2035/8/5 2034/8/5
f 2040/1/5 2036/1/5 2035/1/5
f 2040/8/5 2035/8/5 2039/8/5
f 2041/6/5 2040/6/5 2039/6/5
f 2042/1/5 2036/1/5 2040/1/5
f 2042/6/5 2040/6/5 2041/6/5
f 2043/4/5 2037/4/5 2036/4/5
f 2043/6/5 2038/6/5 2037/6/5
f 2044/6/5 2038/6/5 2043/6/5
f 2045/1/5 2036/1/5 2042/1/5
f 2045/8/5 2042/8/5 2041/8/5
f 2046/4/5 2043/4/5 2036/4/5
f 2046/1/5 2036/1/5 2045/1/5
f 2047/5/5 2044/5/5 2043/5/5
f 2047/4/5 2043/4/5 2046/4/5
f 2048/5/5 2044/5/5 2047/5/5
f 2049/8/5 2045/8/5 2041/8/5
f 2050/2/5 2046/2/5 2045/2/5
f 2050/8/5 2045/8/5 2049/8/5
f 2051/3/5 2047/3/5 2046/3/5
f 2051/2/5 2046/2/5 2050/2/5
f 2052/4/5 2048/4/5 2047/4/5
f 2052/3/5 2047/3/5 2051/3/5
f 2053/4/5 2048/4/5 2052/4/5
f 2054/7/5 2050/7/5 2049/7/5
f 2055/1/5 2051/1/5 2050/1/5
f 2055/7/5 2050/7/5 2054/7/5
f 2056/2/5 2052/2/5 2051/2/5
f 2056/1/5 2051/1/5 2055/1/5
f 2057/5/5 2053/5/5 2052/5/5
f 2057/2/5 2052/2/5 2056/2/5
f 2058/6/5 2055/6/5 2054/6/5
f 2059/2/5 2056/2/5 2055/2/5
f 2059/6/5 2055/6/5 2058/6/5
f 2060/3/5 2057/3/5 2056/3/5
f 2060/2/5 2056/2/5 2059/2/5
f 2061/5/5 2053/5/5 2057/5/5
f 2061/3/5 2057/3/5 2060/3/5
f 2062/5/5 2053/5/5 2061/5/5
f 2063/7/5 2059/7/5 2058/7/5
f 2064/4/5 2060/4/5 2059/4/5
f 2064/7/5 2059/7/5 2063/7/5
f 2065/6/5 2064/6/5 2063/6/5
f 2066/4/5 2060/4/5 2064/4/5
f 2066/6/5 2064/6/5 2065/6/5
f 2067/3/5 2061/3/5 2060/3/5
f 2067/4/5 2060/4/5 2066/4/5
f 2067/3/5 2062/3/5 2061/3/5
f 2068/3/5 2062/3/5 2067/3/5
f 2069/3/5 2062/3/5 2068/3/5
f 2070/3/5 2067/3/5 2066/3/5
f 2070/4/5 2068/4/5 2067/4/5
f 2071/5/5 2069/5/5 2068/5/5
f 2071/4/5 2068/4/5 2070/4/5
f 2072/5/5 2069/5/5 2071/5/5
f 2073/8/5 2066/8/5 2065/8/5
f 2074/3/5 2070/3/5 2066/3/5
f 2074/8/5 2066/8/5 2073/8/5
f 2075/5/5 2071/5/5 2070/5/5
f 2075/3/5 2070/3/5 2074/3/5
f 2076/4/5 2072/4/5 2071/4/5
f 2076/5/5 2071/5/5 2075/5/5
f 2077/7/5 2074/7/5 2073/7/5
f 2077/4/5 2075/4/5 2074/4/5
f 2077/4/5 2076/4/5 2075/4/5
f 2078/4/5 2076/4/5 2077/4/5
f 2079/4/5 2072/4/5 2076/4/5
f 2079/4/5 2076/4/5 2078/4/5
f 2080/4/5 2072/4/5 2079/4/5
f 2081/7/5 2077/7/5 2073/7/5
f 2082/3/5 2078/3/5 2077/3/5
f 2082/7/5 2077/7/5 2081/7/5
f 2083/6/5 2079/6/5 2078/6/5
f 2083/3/5 2078/3/5 2082/3/5
f 2084/8/5 2082/8/5 2081/8/5
f 2085/5/5 2083/5/5 2082/5/5
f 2085/8/5 2082/8/5 2084/8/5
f 2086/6/5 2079/6/5 2083/6/5
f 2086/5/5 2083/5/5 2085/5/5
f 2087/3/5 2080/3/5 2079/3/5
f 2087/6/5 2079/6/5 2086/6/5
f 2088/3/5 2080/3/5 2087/3/5
f 2089/6/5 2085/6/5 2084/6/5
f 2090/3/5 2086/3/5 2085/3/5
f 2090/6/5 2085/6/5 2089/6/5
f 2091/5/5 2087/5/5 2086/5/5
f 2091/3/5 2086/3/5 2090/3/5
f 2091/5/5 2088/5/5 2087/5/5
f 2092/5/5 2088/5/5 2091/5/5
f 2093/5/5 2088/5/5 2092/5/5
f 2094/7/5 2090/7/5 2089/7/5
f 2095/4/5 2091/4/5 2090/4/5
f 2095/7/5 2090/7/5 2094/7/5
f 2096/5/5 2092/5/5 2091/5/5
f 2096/4/5 2091/4/5 2095/4/5
f 2097/4/5 2093/4/5 2092/4/5
f 2097/5/5 2092/5/5 2096/5/5
f 2098/4/5 2093/4/5 2097/4/5
f 2099/8/5 2095/8/5 2094/8/5
f 2100/3/5 2096/3/5 2095/3/5
f 2100/8/5 2095/8/5 2099/8/5
f 2101/6/5 2097/6/5 2096/6/5
f 2101/3/5 2096/3/5 2100/3/5
f 2102/8/5 2098/8/5 2097/8/5
f 2102/6/5 2097/6/5 2101/6/5
f 2103/6/5 2100/6/5 2099/6/5
f 2104/3/5 2101/3/5 2100/3/5
f 2104/6/5 2100/6/5 2103/6/5
f 2105/4/5 2102/4/5 2101/4/5
f 2105/3/5 2101/3/5 2104/3/5
f 2106/8/5 2098/8/5 2102/8/5
f 2106/4/5 2102/4/5 2105/4/5
f 2107/7/5 2104/7/5 2103/7/5
f 2108/4/5 2105/4/5 2104/4/5
f 2108/7/5 2104/7/5 2107/7/5
f 2109/6/5 2106/6/5 2105/6/5
f 2109/4/5 2105/4/5 2108/4/5
f 2110/8/5 2098/8/5 2106/8/5
f 2110/6/5 2106/6/5 2109/6/5
f 2111/8/5 2098/8/5 2110/8/5
f 2112/6/5 2108/6/5 2107/6/5
f 2113/3/5 2109/3/5 2108/3/5
f 2113/6/5 2108/6/5 2112/6/5
f 2114/6/5 2110/6/5 2109/6/5
f 2114/3/5 2109/3/5 2113/3/5
f 2114/6/5 2111/6/5 2110/6/5
f 2115/6/5 2111/6/5 2114/6/5
f 2116/6/5 2111/6/5 2115/6/5
f 2117/7/5 2113/7/5 2112/7/5
f 2117/4/5 2114/4/5 2113/4/5
f 2117/4/5 2115/4/5 2114/4/5
f 2118/4/5 2115/4/5 2117/4/5
f 2119/7/5 2117/7/5 2112/7/5
f 2120/3/5 2118/3/5 2117/3/5
f 2120/7/5 2117/7/5 2119/7/5
f 2121/4/5 2115/4/5 2118/4/5
f 2121/3/5 2118/3/5 2120/3/5
f 2122/8/5 2116/8/5 2115/8/5
f 2122/4/5 2115/4/5 2121/4/5
f 2123/8/5 2116/8/5 2122/8/5
f 2124/6/5 2120/6/5 2119/6/5
f 2125/2/5 2121/2/5 2120/2/5
f 2125/6/5 2120/6/5 2124/6/5
f 2126/5/5 2122/5/5 2121/5/5
f 2126/2/5 2121/2/5 2125/2/5
f 2127/7/5 2123/7/5 2122/7/5
f 2127/5/5 2122/5/5 2126/5/5
f 2128/7/5 2125/7/5 2124/7/5
f 2129/3/5 2126/3/5 2125/3/5
f 2129/7/5 2125/7/5 2128/7/5
f 2130/7/5 2123/7/5 2127/7/5
f 2130/4/5 2127/4/5 2126/4/5
f 2131/7/5 2123/7/5 2130/7/5
f 2132/8/5 2129/8/5 2128/8/5
f 2133/3/5 2126/3/5 2129/3/5
f 2133/8/5 2129/8/5 2132/8/5
f 2134/4/5 2130/4/5 2126/4/5
f 2134/3/5 2126/3/5 2133/3/5
f 2135/6/5 2131/6/5 2130/6/5
f 2135/4/5 2130/4/5 2134/4/5
f 2136/6/5 2131/6/5 2135/6/5
f 2137/7/5 2133/7/5 2132/7/5
f 2138/4/5 2134/4/5 2133/4/5
f 2138/7/5 2133/7/5 2137/7/5
f 2138/4/5 2135/4/5 2134/4/5
f 2139/4/5 2135/4/5 2138/4/5
f 2140/7/5 2136/7/5 2135/7/5
f 2140/4/5 2135/4/5 2139/4/5
f 2141/7/5 2136/7/5 2140/7/5
f 2142/8/5 2138/8/5 2137/8/5
f 2143/6/5 2139/6/5 2138/6/5
f 2143/8/5 2138/8/5 2142/8/5
f 2144/5/5 2140/5/5 2139/5/5
f 2144/6/5 2139/6/5 2143/6/5
f 2144/5/5 2141/5/5 2140/5/5
f 2145/5/5 2141/5/5 2144/5/5
f 2146/4/5 2143/4/5 2142/4/5
f 2147/5/5 2144/5/5 2143/5/5
f 2147/4/5 2143/4/5 2146/4/5
f 2148/4/5 2145/4/5 2144/4/5
f 2148/5/5 2144/5/5 2147/5/5
f 2149/5/5 2141/5/5 2145/5/5
f 2149/4/5 2145/4/5 2148/4/5
f 2150/7/5 2148/7/5 2147/7/5
f 2150/5/5 2147/5/5 2146/5/5
f 2151/2/5 2149/2/5 2148/2/5
f 2151/7/5 2148/7/5 2150/7/5
f 2152/5/5 2141/5/5 2149/5/5
f 2152/2/5 2149/2/5 2151/2/5
f 2153/6/5 2151/6/5 2150/6/5
f 2153/3/5 2152/3/5 2151/3/5
f 2154/5/5 2141/5/5 2152/5/5
f 2154/3/5 2152/3/5 2153/3/5
f 2155/5/5 2141/5/5 2154/5/5
f 2156/5/5 2150/5/5 2146/5/5
f 2157/6/5 2153/6/5 2150/6/5
f 2157/5/5 2150/5/5 2156/5/5
f 2158/4/5 2154/4/5 2153/4/5
f 2158/6/5 2153/6/5 2157/6/5
f 2159/6/5 2155/6/5 2154/6/5
f 2159/4/5 2154/4/5 2158/4/5
f 2160/4/5 2157/4/5 2156/4/5
f 2161/6/5 2158/6/5 2157/6/5
f 2161/4/5 2157/4/5 2160/4/5
f 2162/2/5 2159/2/5 2158/2/5
f 2162/6/5 2158/6/5 2161/6/5
f 2163/6/5 2155/6/5 2159/6/5
f 2163/2/5 2159/2/5 2162/2/5
f 2164/5/5 2162/5/5 2161/5/5
f 2164/3/5 2163/3/5 2162/3/5
f 2165/6/5 2155/6/5 2163/6/5
f 2165/3/5 2163/3/5 2164/3/5
f 2166/6/5 2155/6/5 2165/6/5
f 2167/5/5 2164/5/5 2161/5/5
f 2167/3/5 2161/3/5 2160/3/5
f 2168/2/5 2165/2/5 2164/2/5
f 2168/5/5 2164/5/5 2167/5/5
f 2169/4/5 2166/4/5 2165/4/5
f 2169/2/5 2165/2/5 2168/2/5
f 2170/4/5 2166/4/5 2169/4/5
f 2171/3/5 2167/3/5 2160/3/5
f 2172/7/5 2168/7/5 2167/7/5
f 2172/3/5 2167/3/5 2171/3/5
f 2173/4/5 2169/4/5 2168/4/5
f 2173/7/5 2168/7/5 2172/7/5
f 2174/6/5 2170/6/5 2169/6/5
f 2174/4/5 2169/4/5 2173/4/5
f 2175/5/5 2172/5/5 2171/5/5
f 2176/6/5 2173/6/5 2172/6/5
f 2176/5/5 2172/5/5 2175/5/5
f 2177/2/5 2174/2/5 2173/2/5
f 2177/6/5 2173/6/5 2176/6/5
f 2178/6/5 2170/6/5 2174/6/5
f 2178/2/5 2174/2/5 2177/2/5
f 2179/3/5 2176/3/5 2175/3/5
f 2180/5/5 2177/5/5 2176/5/5
f 2180/3/5 2176/3/5 2179/3/5
f 2181/3/5 2178/3/5 2177/3/5
f 2181/5/5 2177/5/5 2180/5/5
f 2182/6/5 2170/6/5 2178/6/5
f 2182/3/5 2178/3/5 2181/3/5
f 2183/5/5 2181/5/5 2180/5/5
f 2183/5/5 2180/5/5 2179/5/5
f 2183/2/5 2182/2/5 2181/2/5
f 2184/6/5 2170/6/5 2182/6/5
f 2184/2/5 2182/2/5 2183/2/5
f 2185/5/5 2183/5/5 2179/5/5
f 2186/5/5 2183/5/5 2185/5/5
f 2187/4/5 2184/4/5 2183/4/5
f 2187/5/5 2183/5/5 2186/5/5
f 2188/6/5 2170/6/5 2184/6/5
f 2188/4/5 2184/4/5 2187/4/5
f 2189/3/5 2186/3/5 2185/3/5
f 2190/7/5 2187/7/5 2186/7/5
f 2190/3/5 2186/3/5 2189/3/5
f 2191/6/5 2170/6/5 2188/6/5
f 2191/2/5 2188/2/5 2187/2/5
f 2192/6/5 2170/6/5 2191/6/5
f 2193/7/5 2187/7/5 2190/7/5
f 2193/2/5 2191/2/5 2187/2/5
f 2194/7/5 2192/7/5 2191/7/5
f 2194/2/5 2191/2/5 2193/2/5
f 2195/7/5 2192/7/5 2194/7/5
f 2196/5/5 2190/5/5 2189/5/5
f 2197/7/5 2193/7/5 2190/7/5
f 2197/5/5 2190/5/5 2196/5/5
f 2198/3/5 2194/3/5 2193/3/5
f 2198/7/5 2193/7/5 2197/7/5
f 2199/8/5 2195/8/5 2194/8/5
f 2199/3/5 2194/3/5 2198/3/5
f 2200/8/5 2195/8/5 2199/8/5
f 2201/3/5 2197/3/5 2196/3/5
f 2202/6/5 2198/6/5 2197/6/5
f 2202/3/5 2197/3/5 2201/3/5
f 2203/3/5 2199/3/5 2198/3/5
f 2203/6/5 2198/6/5 2202/6/5
f 2204/7/5 2200/7/5 2199/7/5
f 2204/3/5 2199/3/5 2203/3/5
f 2205/7/5 2200/7/5 2204/7/5
f 2206/4/5 2202/4/5 2201/4/5
f 2207/5/5 2203/5/5 2202/5/5
f 2207/4/5 2202/4/5 2206/4/5
f 2208/5/5 2207/5/5 2206/5/5
f 2209/5/5 2203/5/5 2207/5/5
f 2209/5/5 2207/5/5 2208/5/5
f 2210/2/5 2204/2/5 2203/2/5
f 2210/5/5 2203/5/5 2209/5/5
f 2211/6/5 2205/6/5 2204/6/5
f 2211/2/5 2204/2/5 2210/2/5
f 2212/6/5 2205/6/5 2211/6/5
f 2213/4/5 2209/4/5 2208/4/5
f 2214/6/5 2210/6/5 2209/6/5
f 2214/4/5 2209/4/5 2213/4/5
f 2215/4/5 2211/4/5 2210/4/5
f 2215/6/5 2210/6/5 2214/6/5
f 2216/7/5 2212/7/5 2211/7/5
f 2216/4/5 2211/4/5 2215/4/5
f 2217/7/5 2212/7/5 2216/7/5
f 2218/5/5 2214/5/5 2213/5/5
f 2218/6/5 2215/6/5 2214/6/5
f 2219/3/5 2216/3/5 2215/3/5
f 2219/6/5 2215/6/5 2218/6/5
f 2220/2/5 2217/2/5 2216/2/5
f 2220/3/5 2216/3/5 2219/3/5
f 2221/2/5 2217/2/5 2220/2/5
f 2222/5/5 2218/5/5 2213/5/5
f 2223/7/5 2219/7/5 2218/7/5
f 2223/5/5 2218/5/5 2222/5/5
f 2224/2/5 2220/2/5 2219/2/5
f 2224/7/5 2219/7/5 2223/7/5
f 2225/3/5 2221/3/5 2220/3/5
f 2225/2/5 2220/2/5 2224/2/5
f 2226/3/5 2221/3/5 2225/3/5
f 2227/4/5 2223/4/5 2222/4/5
f 2228/6/5 2224/6/5 2223/6/5
f 2228/4/5 2223/4/5 2227/4/5
f 2229/2/5 2225/2/5 2224/2/5
f 2229/6/5 2224/6/5 2228/6/5
f 2229/2/5 2226/2/5 2225/2/5
f 2230/2/5 2226/2/5 2229/2/5
f 2231/2/5 2226/2/5 2230/2/5
f 2232/5/5 2228/5/5 2227/5/5
f 2233/8/5 2229/8/5 2228/8/5
f 2233/5/5 2228/5/5 2232/5/5
f 2234/4/5 2230/4/5 2229/4/5
f 2234/8/5 2229/8/5 2233/8/5
f 2235/3/5 2231/3/5 2230/3/5
f 2235/4/5 2230/4/5 2234/4/5
f 2236/3/5 2231/3/5 2235/3/5
f 2237/4/5 2233/4/5 2232/4/5
f 2238/8/5 2234/8/5 2233/8/5
f 2238/4/5 2233/4/5 2237/4/5
f 2239/2/5 2235/2/5 2234/2/5
f 2239/8/5 2234/8/5 2238/8/5
f 2239/2/5 2236/2/5 2235/2/5
f 2240/2/5 2236/2/5 2239/2/5
f 2241/6/5 2238/6/5 2237/6/5
f 2241/7/5 2239/7/5 2238/7/5
f 2242/3/5 2240/3/5 2239/3/5
f 2242/7/5 2239/7/5 2241/7/5
f 2243/3/5 2240/3/5 2242/3/5
f 2244/6/5 2241/6/5 2237/6/5
f 2245/8/5 2242/8/5 2241/8/5
f 2245/6/5 2241/6/5 2244/6/5
f 2246/2/5 2243/2/5 2242/2/5
f 2246/8/5 2242/8/5 2245/8/5
f 2247/2/5 2243/2/5 2246/2/5
f 2248/5/5 2245/5/5 2244/5/5
f 2249/8/5 2246/8/5 2245/8/5
f 2249/5/5 2245/5/5 2248/5/5
f 2250/1/5 2247/1/5 2246/1/5
f 2250/8/5 2246/8/5 2249/8/5
f 2251/1/5 2247/1/5 2250/1/5
f 2252/6/5 2249/6/5 2248/6/5
f 2253/7/5 2250/7/5 2249/7/5
f 2253/6/5 2249/6/5 2252/6/5
f 2254/2/5 2251/2/5 2250/2/5
f 2254/7/5 2250/7/5 2253/7/5
f 2255/2/5 2251/2/5 2254/2/5
f 2256/4/5 2253/4/5 2252/4/5
f 2256/7/5 2254/7/5 2253/7/5
f 2257/1/5 2255/1/5 2254/1/5
f 2257/7/5 2254/7/5 2256/7/5
f 2258/2/5 2251/2/5 2255/2/5
f 2258/1/5 2255/1/5 2257/1/5
f 2259/2/5 2251/2/5 2258/2/5
f 2260/4/5 2257/4/5 2256/4/5
f 2260/4/5 2256/4/5 2252/4/5
f 2261/3/5 2258/3/5 2257/3/5
f 2261/4/5 2257/4/5 2260/4/5
f 2262/6/5 2259/6/5 2258/6/5
f 2262/3/5 2258/3/5 2261/3/5
f 2263/6/5 2259/6/5 2262/6/5
f 2264/6/5 2261/6/5 2260/6/5
f 2265/6/5 2261/6/5 2264/6/5
f 2266/2/5 2262/2/5 2261/2/5
f 2266/6/5 2261/6/5 2265/6/5
f 2267/4/5 2263/4/5 2262/4/5
f 2267/2/5 2262/2/5 2266/2/5
f 2268/5/5 2265/5/5 2264/5/5
f 2269/4/5 2266/4/5 2265/4/5
f 2269/5/5 2265/5/5 2268/5/5
f 2270/1/5 2267/1/5 2266/1/5
f 2270/4/5 2266/4/5 2269/4/5
f 2271/4/5 2263/4/5 2267/4/5
f 2271/1/5 2267/1/5 2270/1/5
f 2272/4/5 2263/4/5 2271/4/5
f 2273/6/5 2270/6/5 2269/6/5
f 2273/4/5 2269/4/5 2268/4/5
f 2274/1/5 2271/1/5 2270/1/5
f 2274/6/5 2270/6/5 2273/6/5
f 2275/6/5 2272/6/5 2271/6/5
f 2275/1/5 2271/1/5 2274/1/5
f 2276/6/5 2272/6/5 2275/6/5
f 2277/4/5 2274/4/5 2273/4/5
f 2277/4/5 2273/4/5 2268/4/5
f 2278/4/5 2274/4/5 2277/4/5
f 2279/2/5 2275/2/5 2274/2/5
f 2279/4/5 2274/4/5 2278/4/5
f 2280/5/5 2276/5/5 2275/5/5
f 2280/2/5 2275/2/5 2279/2/5
f 2281/5/5 2276/5/5 2280/5/5
f 2282/7/5 2278/7/5 2277/7/5
f 2283/5/5 2279/5/5 2278/5/5
f 2283/7/5 2278/7/5 2282/7/5
f 2284/4/5 2280/4/5 2279/4/5
f 2284/5/5 2279/5/5 2283/5/5
f 2285/6/5 2281/6/5 2280/6/5
f 2285/4/5 2280/4/5 2284/4/5
f 2286/5/5 2283/5/5 2282/5/5
f 2287/4/5 2284/4/5 2283/4/5
f 2287/5/5 2283/5/5 2286/5/5
f 2288/2/5 2285/2/5 2284/2/5
f 2288/4/5 2284/4/5 2287/4/5
f 2289/6/5 2281/6/5 2285/6/5
f 2289/2/5 2285/2/5 2288/2/5
f 2290/6/5 2281/6/5 2289/6/5
f 2291/2/5 2287/2/5 2286/2/5
f 2292/5/5 2288/5/5 2287/5/5
f 2292/2/5 2287/2/5 2291/2/5
f 2293/3/5 2289/3/5 2288/3/5
f 2293/5/5 2288/5/5 2292/5/5
f 2294/5/5 2290/5/5 2289/5/5
f 2294/3/5 2289/3/5 2293/3/5
f 2295/5/5 2290/5/5 2294/5/5
f 2296/3/5 2292/3/5 2291/3/5
f 2297/6/5 2293/6/5 2292/6/5
f 2297/3/5 2292/3/5 2296/3/5
f 2298/2/5 2294/2/5 2293/2/5
f 2298/6/5 2293/6/5 2297/6/5
f 2299/6/5 2295/6/5 2294/6/5
f 2299/2/5 2294/2/5 2298/2/5
f 2300/6/5 2295/6/5 2299/6/5
f 2301/3/5 2298/3/5 2297/3/5
f 2301/3/5 2299/3/5 2298/3/5
f 2302/4/5 2300/4/5 2299/4/5
f 2302/3/5 2299/3/5 2301/3/5
f 2303/1/5 2297/1/5 2296/1/5
f 2303/3/5 2301/3/5 2297/3/5
f 2304/2/5 2302/2/5 2301/2/5
f 2304/3/5 2301/3/5 2303/3/5
f 2305/4/5 2300/4/5 2302/4/5
f 2305/2/5 2302/2/5 2304/2/5
f 2306/4/5 2300/4/5 2305/4/5
f 2307/1/5 2303/1/5 2296/1/5
f 2308/4/5 2304/4/5 2303/4/5
f 2308/1/5 2303/1/5 2307/1/5
f 2309/7/5 2305/7/5 2304/7/5
f 2309/2/5 2306/2/5 2305/2/5
f 2310/2/5 2306/2/5 2309/2/5
f 2311/3/5 2308/3/5 2307/3/5
f 2312/4/5 2304/4/5 2308/4/5
f 2312/3/5 2308/3/5 2311/3/5
f 2313/7/5 2309/7/5 2304/7/5
f 2313/4/5 2304/4/5 2312/4/5
f 2314/3/5 2310/3/5 2309/3/5
f 2314/7/5 2309/7/5 2313/7/5
f 2315/2/5 2312/2/5 2311/2/5
f 2316/3/5 2313/3/5 2312/3/5
f 2316/2/5 2312/2/5 2315/2/5
f 2317/6/5 2314/6/5 2313/6/5
f 2317/3/5 2313/3/5 2316/3/5
f 2318/3/5 2310/3/5 2314/3/5
f 2318/6/5 2314/6/5 2317/6/5
f 2319/3/5 2310/3/5 2318/3/5
f 2320/1/5 2316/1/5 2315/1/5
f 2321/2/5 2317/2/5 2316/2/5
f 2321/1/5 2316/1/5 2320/1/5
f 2322/8/5 2318/8/5 2317/8/5
f 2322/2/5 2317/2/5 2321/2/5
f 2323/4/5 2319/4/5 2318/4/5
f 2323/8/5 2318/8/5 2322/8/5
f 2324/4/5 2319/4/5 2323/4/5
f 2325/3/5 2321/3/5 2320/3/5
f 2325/3/5 2322/3/5 2321/3/5
f 2326/6/5 2323/6/5 2322/6/5
f 2326/3/5 2322/3/5 2325/3/5
f 2327/2/5 2324/2/5 2323/2/5
f 2327/6/5 2323/6/5 2326/6/5
f 2328/2/5 2324/2/5 2327/2/5
f 2329/4/5 2326/4/5 2325/4/5
f 2329/3/5 2325/3/5 2320/3/5
f 2330/7/5 2327/7/5 2326/7/5
f 2330/4/5 2326/4/5 2329/4/5
f 2331/3/5 2329/3/5 2320/3/5
f 2331/3/5 2330/3/5 2329/3/5
f 2332/7/5 2327/7/5 2330/7/5
f 2332/3/5 2330/3/5 2331/3/5
f 2333/3/5 2328/3/5 2327/3/5
f 2333/7/5 2327/7/5 2332/7/5
f 2334/3/5 2328/3/5 2333/3/5
f 2335/3/5 2331/3/5 2320/3/5
f 2336/1/5 2332/1/5 2331/1/5
f 2336/3/5 2331/3/5 2335/3/5
f 2337/6/5 2333/6/5 2332/6/5
f 2337/1/5 2332/1/5 2336/1/5
f 2338/8/5 2334/8/5 2333/8/5
f 2338/6/5 2333/6/5 2337/6/5
f 2339/1/5 2336/1/5 2335/1/5
f 2340/3/5 2337/3/5 2336/3/5
f 2340/1/5 2336/1/5 2339/1/5
f 2341/7/5 2338/7/5 2337/7/5
f 2341/3/5 2337/3/5 2340/3/5
f 2342/8/5 2334/8/5 2338/8/5
f 2342/7/5 2338/7/5 2341/7/5
f 2343/8/5 2334/8/5 2342/8/5
f 2344/3/5 2340/3/5 2339/3/5
f 2345/2/5 2341/2/5 2340/2/5
f 2345/3/5 2340/3/5 2344/3/5
f 2346/6/5 2342/6/5 2341/6/5
f 2346/2/5 2341/2/5 2345/2/5
f 2346/6/5 2343/6/5 2342/6/5
f 2347/6/5 2343/6/5 2346/6/5
f 2348/2/5 2345/2/5 2344/2/5
f 2348/2/5 2346/2/5 2345/2/5
f 2349/2/5 2346/2/5 2348/2/5
f 2350/8/5 2347/8/5 2346/8/5
f 2350/2/5 2346/2/5 2349/2/5
f 2351/8/5 2347/8/5 2350/8/5
f 2352/1/5 2349/1/5 2348/1/5
f 2353/2/5 2350/2/5 2349/2/5
f 2353/1/5 2349/1/5 2352/1/5
f 2354/7/5 2351/7/5 2350/7/5
f 2354/2/5 2350/2/5 2353/2/5
f 2355/7/5 2351/7/5 2354/7/5
f 2356/3/5 2353/3/5 2352/3/5
f 2356/3/5 2354/3/5 2353/3/5
f 2357/3/5 2354/3/5 2356/3/5
f 2358/6/5 2355/6/5 2354/6/5
f 2358/3/5 2354/3/5 2357/3/5
f 2359/6/5 2355/6/5 2358/6/5
f 2360/6/5 2355/6/5 2359/6/5
f 2361/5/5 2357/5/5 2356/5/5
f 2362/3/5 2358/3/5 2357/3/5
f 2362/5/5 2357/5/5 2361/5/5
f 2363/8/5 2359/8/5 2358/8/5
f 2363/3/5 2358/3/5 2362/3/5
f 2364/7/5 2360/7/5 2359/7/5
f 2364/8/5 2359/8/5 2363/8/5
f 2365/7/5 2360/7/5 2364/7/5
f 2366/8/5 2364/8/5 2363/8/5
f 2366/6/5 2365/6/5 2364/6/5
f 2367/6/5 2365/6/5 2366/6/5
f 2368/3/5 2362/3/5 2361/3/5
f 2368/1/5 2363/1/5 2362/1/5
f 2369/8/5 2367/8/5 2366/8/5
f 2369/1/5 2363/1/5 2368/1/5
f 2369/8/5 2366/8/5 2363/8/5
f 2370/8/5 2367/8/5 2369/8/5
f 2371/8/5 2367/8/5 2370/8/5
f 2372/3/5 2368/3/5 2361/3/5
f 2372/3/5 2369/3/5 2368/3/5
f 2373/3/5 2369/3/5 2372/3/5
f 2374/7/5 2370/7/5 2369/7/5
f 2374/3/5 2369/3/5 2373/3/5
f 2375/6/5 2371/6/5 2370/6/5
f 2375/7/5 2370/7/5 2374/7/5
f 2376/6/5 2371/6/5 2375/6/5
f 2377/5/5 2373/5/5 2372/5/5
f 2378/6/5 2374/6/5 2373/6/5
f 2378/5/5 2373/5/5 2377/5/5
f 2379/7/5 2375/7/5 2374/7/5
f 2379/6/5 2374/6/5 2378/6/5
f 2380/8/5 2376/8/5 2375/8/5
f 2380/7/5 2375/7/5 2379/7/5
f 2381/8/5 2376/8/5 2380/8/5
f 2382/4/5 2378/4/5 2377/4/5
f 2382/4/5 2379/4/5 2378/4/5
f 2383/4/5 2379/4/5 2382/4/5
f 2384/7/5 2381/7/5 2380/7/5
f 2384/4/5 2379/4/5 2383/4/5
f 2384/7/5 2380/7/5 2379/7/5
f 2385/7/5 2381/7/5 2384/7/5
f 2386/3/5 2383/3/5 2382/3/5
f 2387/6/5 2384/6/5 2383/6/5
f 2387/3/5 2383/3/5 2386/3/5
f 2388/8/5 2385/8/5 2384/8/5
f 2388/6/5 2384/6/5 2387/6/5
f 2389/8/5 2385/8/5 2388/8/5
f 2390/4/5 2387/4/5 2386/4/5
f 2391/5/5 2388/5/5 2387/5/5
f 2391/4/5 2387/4/5 2390/4/5
f 2392/7/5 2389/7/5 2388/7/5
f 2392/5/5 2388/5/5 2391/5/5
f 2393/7/5 2389/7/5 2392/7/5
f 2394/5/5 2391/5/5 2390/5/5
f 2395/4/5 2392/4/5 2391/4/5
f 2395/5/5 2391/5/5 2394/5/5
f 2396/8/5 2393/8/5 2392/8/5
f 2396/4/5 2392/4/5 2395/4/5
f 2397/7/5 2389/7/5 2393/7/5
f 2397/8/5 2393/8/5 2396/8/5
f 2398/7/5 2389/7/5 2397/7/5
f 2399/3/5 2395/3/5 2394/3/5
f 2400/6/5 2396/6/5 2395/6/5
f 2400/3/5 2395/3/5 2399/3/5
f 2400/6/5 2397/6/5 2396/6/5
f 2401/8/5 2398/8/5 2397/8/5
f 2401/6/5 2397/6/5 2400/6/5
f 2402/8/5 2398/8/5 2401/8/5
f 2407/6/5 2404/6/5 2403/6/5
f 2408/6/5 2404/6/5 2407/6/5
f 2409/4/5 2406/4/5 2405/4/5
f 2410/4/5 2406/4/5 2409/4/5
f 2411/2/5 2410/2/5 2409/2/5
f 2412/2/5 2410/2/5 2411/2/5
f 2413/5/5 2408/5/5 2407/5/5
f 2414/3/5 2412/3/5 2411/3/5
f 2415/5/5 2413/5/5 2407/5/5
f 2416/5/5 2413/5/5 2415/5/5
f 2417/3/5 2412/3/5 2414/3/5
f 2418/3/5 2412/3/5 2417/3/5
f 2419/4/5 2416/4/5 2415/4/5
f 2420/2/5 2418/2/5 2417/2/5
f 2421/2/5 2418/2/5 2420/2/5
f 2422/4/5 2419/4/5 2415/4/5
f 2423/4/5 2419/4/5 2422/4/5
f 2424/3/5 2421/3/5 2420/3/5
f 2425/3/5 2421/3/5 2424/3/5
f 2426/6/5 2423/6/5 2422/6/5
f 2427/1/5 2425/1/5 2424/1/5
f 2428/6/5 2426/6/5 2422/6/5
f 2429/6/5 2426/6/5 2428/6/5
f 2430/1/5 2425/1/5 2427/1/5
f 2431/1/5 2425/1/5 2430/1/5
f 2432/5/5 2429/5/5 2428/5/5
f 2433/3/5 2431/3/5 2430/3/5
f 2434/3/5 2431/3/5 2433/3/5
f 2435/5/5 2432/5/5 2428/5/5
f 2436/1/5 2434/1/5 2433/1/5
f 2437/1/5 2434/1/5 2436/1/5
f 2438/5/5 2435/5/5 2428/5/5
f 2439/5/5 2435/5/5 2438/5/5
f 2440/2/5 2437/2/5 2436/2/5
f 2441/6/5 2439/6/5 2438/6/5
f 2442/2/5 2437/2/5 2440/2/5
f 2443/2/5 2437/2/5 2442/2/5
f 2444/6/5 2441/6/5 2438/6/5
f 2445/6/5 2441/6/5 2444/6/5
f 2446/1/5 2443/1/5 2442/1/5
f 2447/1/5 2443/1/5 2446/1/5
f 2448/5/5 2445/5/5 2444/5/5
f 2449/5/5 2448/5/5 2444/5/5
f 2450/5/5 2448/5/5 2449/5/5
f 2451/2/5 2447/2/5 2446/2/5
f 2452/2/5 2447/2/5 2451/2/5
f 2453/6/5 2450/6/5 2449/6/5
f 2454/6/5 2450/6/5 2453/6/5
f 2455/1/5 2452/1/5 2451/1/5
f 2456/1/5 2452/1/5 2455/1/5
f 2457/4/5 2454/4/5 2453/4/5
f 2458/4/5 2454/4/5 2457/4/5
f 2459/4/5 2456/4/5 2455/4/5
f 2460/4/5 2456/4/5 2459/4/5
f 2461/4/5 2456/4/5 2460/4/5
f 2462/6/5 2458/6/5 2457/6/5
f 2463/6/5 2458/6/5 2462/6/5
f 2464/5/5 2461/5/5 2460/5/5
f 2465/5/5 2461/5/5 2464/5/5
f 2466/4/5 2463/4/5 2462/4/5
f 2467/4/5 2463/4/5 2466/4/5
f 2468/4/5 2465/4/5 2464/4/5
f 2469/6/5 2467/6/5 2466/6/5
f 2470/6/5 2467/6/5 2469/6/5
f 2471/4/5 2470/4/5 2469/4/5
f 2472/4/5 2470/4/5 2471/4/5
f 2473/4/5 2465/4/5 2468/4/5
f 2474/6/5 2472/6/5 2471/6/5
f 2475/6/5 2472/6/5 2474/6/5
f 2476/4/5 2465/4/5 2473/4/5
f 2477/4/5 2475/4/5 2474/4/5
f 2478/4/5 2475/4/5 2477/4/5
f 2479/4/5 2465/4/5 2476/4/5
f 2480/5/5 2478/5/5 2477/5/5
f 2481/5/5 2478/5/5 2480/5/5
f 2482/4/5 2465/4/5 2479/4/5
f 2483/3/5 2481/3/5 2480/3/5
f 2484/3/5 2483/3/5 2480/3/5
f 2485/3/5 2483/3/5 2484/3/5
f 2486/4/5 2465/4/5 2482/4/5
f 2487/4/5 2465/4/5 2486/4/5
f 2488/4/5 2485/4/5 2484/4/5
f 2489/4/5 2485/4/5 2488/4/5
f 2490/3/5 2487/3/5 2486/3/5
f 2491/3/5 2487/3/5 2490/3/5
f 2492/3/5 2489/3/5 2488/3/5
f 2493/3/5 2489/3/5 2492/3/5
f 2494/4/5 2491/4/5 2490/4/5
f 2495/4/5 2491/4/5 2494/4/5
f 2496/4/5 2493/4/5 2492/4/5
f 2497/3/5 2495/3/5 2494/3/5
f 2498/4/5 2496/4/5 2492/4/5
f 2499/4/5 2496/4/5 2498/4/5
f 2500/3/5 2495/3/5 2497/3/5
f 2501/5/5 2499/5/5 2498/5/5
f 2502/5/5 2499/5/5 2501/5/5
f 2503/3/5 2495/3/5 2500/3/5
f 2504/3/5 2495/3/5 2503/3/5
f 2505/3/5 2502/3/5 2501/3/5
f 2506/3/5 2502/3/5 2505/3/5
f 2507/2/5 2504/2/5 2503/2/5
f 2508/5/5 2506/5/5 2505/5/5
f 2509/2/5 2504/2/5 2507/2/5
f 2510/2/5 2504/2/5 2509/2/5
f 2511/5/5 2508/5/5 2505/5/5
f 2512/5/5 2508/5/5 2511/5/5
f 2513/4/5 2510/4/5 2509/4/5
f 2514/4/5 2510/4/5 2513/4/5
f 2515/4/5 2512/4/5 2511/4/5
f 2516/4/5 2512/4/5 2515/4/5
f 2517/2/5 2514/2/5 2513/2/5
f 2518/2/5 2514/2/5 2517/2/5
f 2519/6/5 2518/6/5 2517/6/5
f 2520/6/5 2518/6/5 2519/6/5
f 2521/5/5 2516/5/5 2515/5/5
f 2522/5/5 2516/5/5 2521/5/5
f 2523/5/5 2520/5/5 2519/5/5
f 2524/5/5 2520/5/5 2523/5/5
f 2525/6/5 2522/6/5 2521/6/5
f 2526/6/5 2522/6/5 2525/6/5
f 2527/6/5 2524/6/5 2523/6/5
f 2528/6/5 2524/6/5 2527/6/5
f 2529/5/5 2526/5/5 2525/5/5
f 2530/7/5 2528/7/5 2527/7/5
f 2531/7/5 2528/7/5 2530/7/5
f 2532/5/5 2529/5/5 2525/5/5
f 2533/5/5 2529/5/5 2532/5/5
f 2534/7/5 2533/7/5 2532/7/5
f 2535/6/5 2531/6/5 2530/6/5
f 2536/6/5 2531/6/5 2535/6/5
f 2537/7/5 2536/7/5 2535/7/5
f 2538/7/5 2534/7/5 2532/7/5
f 2539/7/5 2534/7/5 2538/7/5
f 2540/7/5 2536/7/5 2537/7/5
f 2541/7/5 2536/7/5 2540/7/5
f 2542/5/5 2541/5/5 2540/5/5
f 2543/5/5 2541/5/5 2542/5/5
f 2544/6/5 2539/6/5 2538/6/5
f 2545/6/5 2539/6/5 2544/6/5
f 2546/6/5 2543/6/5 2542/6/5
f 2547/6/5 2543/6/5 2546/6/5
f 2548/5/5 2545/5/5 2544/5/5
f 2549/7/5 2547/7/5 2546/7/5
f 2550/7/5 2547/7/5 2549/7/5
f 2551/5/5 2548/5/5 2544/5/5
f 2552/5/5 2550/5/5 2549/5/5
f 2553/5/5 2550/5/5 2552/5/5
f 2554/5/5 2551/5/5 2544/5/5
f 2555/7/5 2553/7/5 2552/7/5
f 2556/7/5 2553/7/5 2555/7/5
f 2557/5/5 2554/5/5 2544/5/5
f 2558/5/5 2554/5/5 2557/5/5
f 2559/6/5 2556/6/5 2555/6/5
f 2560/6/5 2556/6/5 2559/6/5
f 2561/4/5 2558/4/5 2557/4/5
f 2562/4/5 2561/4/5 2557/4/5
f 2563/7/5 2560/7/5 2559/7/5
f 2564/4/5 2562/4/5 2557/4/5
f 2565/4/5 2562/4/5 2564/4/5
f 2566/7/5 2560/7/5 2563/7/5
f 2567/5/5 2565/5/5 2564/5/5
f 2568/5/5 2565/5/5 2567/5/5
f 2569/4/5 2568/4/5 2567/4/5
f 2570/4/5 2568/4/5 2569/4/5
f 2571/7/5 2560/7/5 2566/7/5
f 2572/7/5 2560/7/5 2571/7/5
f 2573/5/5 2570/5/5 2569/5/5
f 2574/5/5 2570/5/5 2573/5/5
f 2575/3/5 2574/3/5 2573/3/5
f 2576/2/5 2572/2/5 2571/2/5
f 2577/3/5 2575/3/5 2573/3/5
f 2578/3/5 2575/3/5 2577/3/5
f 2579/2/5 2572/2/5 2576/2/5
f 2580/1/5 2578/1/5 2577/1/5
f 2581/2/5 2572/2/5 2579/2/5
f 2582/2/5 2572/2/5 2581/2/5
f 2583/1/5 2580/1/5 2577/1/5
f 2584/1/5 2580/1/5 2583/1/5
f 2585/4/5 2582/4/5 2581/4/5
f 2586/4/5 2582/4/5 2585/4/5
f 2587/2/5 2584/2/5 2583/2/5
f 2588/2/5 2584/2/5 2587/2/5
f 2589/1/5 2588/1/5 2587/1/5
f 2590/1/5 2588/1/5 2589/1/5
f 2591/3/5 2586/3/5 2585/3/5
f 2592/3/5 2586/3/5 2591/3/5
f 2593/3/5 2590/3/5 2589/3/5
f 2594/3/5 2590/3/5 2593/3/5
f 2595/2/5 2592/2/5 2591/2/5
f 2596/2/5 2592/2/5 2595/2/5
f 2597/1/5 2594/1/5 2593/1/5
f 2598/3/5 2596/3/5 2595/3/5
f 2599/3/5 2596/3/5 2598/3/5
f 2600/1/5 2597/1/5 2593/1/5
f 2601/1/5 2597/1/5 2600/1/5
f 2602/6/5 2599/6/5 2598/6/5
f 2603/3/5 2601/3/5 2600/3/5
f 2604/3/5 2601/3/5 2603/3/5
f 2605/6/5 2599/6/5 2602/6/5
f 2606/6/5 2599/6/5 2605/6/5
f 2607/2/5 2604/2/5 2603/2/5
f 2608/2/5 2604/2/5 2607/2/5
f 2609/4/5 2608/4/5 2607/4/5
f 2610/4/5 2609/4/5 2607/4/5
f 2611/4/5 2609/4/5 2610/4/5
f 2612/5/5 2611/5/5 2610/5/5
f 2613/5/5 2611/5/5 2612/5/5
f 2614/6/5 2613/6/5 2612/6/5
f 2615/6/5 2614/6/5 2612/6/5
f 2616/6/5 2614/6/5 2615/6/5
f 2617/7/5 2606/7/5 2605/7/5
f 2618/7/5 2606/7/5 2617/7/5
f 2619/6/5 2618/6/5 2617/6/5
f 2620/4/5 2616/4/5 2615/4/5
f 2621/6/5 2618/6/5 2619/6/5
f 2622/6/5 2618/6/5 2621/6/5
f 2623/4/5 2620/4/5 2615/4/5
f 2624/4/5 2620/4/5 2623/4/5
f 2625/4/5 2622/4/5 2621/4/5
f 2626/4/5 2622/4/5 2625/4/5
f 2627/6/5 2624/6/5 2623/6/5
f 2628/6/5 2624/6/5 2627/6/5
f 2629/2/5 2626/2/5 2625/2/5
f 2630/2/5 2626/2/5 2629/2/5
f 2631/5/5 2628/5/5 2627/5/5
f 2632/5/5 2628/5/5 2631/5/5
f 2633/4/5 2630/4/5 2629/4/5
f 2634/4/5 2630/4/5 2633/4/5
f 2635/3/5 2632/3/5 2631/3/5
f 2636/3/5 2632/3/5 2635/3/5
f 2637/3/5 2634/3/5 2633/3/5
f 2638/5/5 2636/5/5 2635/5/5
f 2639/5/5 2636/5/5 2638/5/5
f 2640/3/5 2634/3/5 2637/3/5
f 2641/4/5 2639/4/5 2638/4/5
f 2642/3/5 2634/3/5 2640/3/5
f 2643/4/5 2641/4/5 2638/4/5
f 2644/4/5 2641/4/5 2643/4/5
f 2645/3/5 2634/3/5 2642/3/5
f 2646/3/5 2634/3/5 2645/3/5
f 2647/5/5 2644/5/5 2643/5/5
f 2648/5/5 2644/5/5 2647/5/5
f 2649/2/5 2646/2/5 2645/2/5
f 2650/4/5 2648/4/5 2647/4/5
f 2651/2/5 2646/2/5 2649/2/5
f 2652/2/5 2646/2/5 2651/2/5
f 2653/2/5 2646/2/5 2652/2/5
f 2654/4/5 2650/4/5 2647/4/5
f 2655/4/5 2650/4/5 2654/4/5
f 2656/6/5 2653/6/5 2652/6/5
f 2657/6/5 2653/6/5 2656/6/5
f 2658/3/5 2655/3/5 2654/3/5
f 2659/3/5 2655/3/5 2658/3/5
f 2660/4/5 2657/4/5 2656/4/5
f 2661/4/5 2657/4/5 2660/4/5
f 2662/5/5 2659/5/5 2658/5/5
f 2663/5/5 2659/5/5 2662/5/5
f 2664/6/5 2661/6/5 2660/6/5
f 2665/6/5 2661/6/5 2664/6/5
f 2666/4/5 2665/4/5 2664/4/5
f 2667/6/5 2663/6/5 2662/6/5
f 2668/4/5 2665/4/5 2666/4/5
f 2669/4/5 2665/4/5 2668/4/5
f 2670/6/5 2667/6/5 2662/6/5
f 2671/6/5 2667/6/5 2670/6/5
f 2672/5/5 2671/5/5 2670/5/5
f 2673/5/5 2671/5/5 2672/5/5
f 2674/6/5 2669/6/5 2668/6/5
f 2675/6/5 2669/6/5 2674/6/5
f 2676/6/5 2673/6/5 2672/6/5
f 2677/6/5 2673/6/5 2676/6/5
f 2678/4/5 2675/4/5 2674/4/5
f 2679/4/5 2675/4/5 2678/4/5
f 2680/6/5 2679/6/5 2678/6/5
f 2681/4/5 2677/4/5 2676/4/5
f 2682/4/5 2677/4/5 2681/4/5
f 2683/6/5 2679/6/5 2680/6/5
f 2684/6/5 2679/6/5 2683/6/5
f 2685/6/5 2682/6/5 2681/6/5
f 2686/3/5 2684/3/5 2683/3/5
f 2687/3/5 2684/3/5 2686/3/5
f 2688/6/5 2685/6/5 2681/6/5
f 2689/2/5 2687/2/5 2686/2/5
f 2690/6/5 2688/6/5 2681/6/5
f 2691/6/5 2688/6/5 2690/6/5
f 2692/2/5 2687/2/5 2689/2/5
f 2693/7/5 2691/7/5 2690/7/5
f 2694/7/5 2691/7/5 2693/7/5
f 2695/2/5 2687/2/5 2692/2/5
f 2696/5/5 2694/5/5 2693/5/5
f 2697/5/5 2694/5/5 2696/5/5
f 2698/2/5 2687/2/5 2695/2/5
f 2699/2/5 2687/2/5 2698/2/5
f 2700/7/5 2697/7/5 2696/7/5
f 2701/7/5 2697/7/5 2700/7/5
f 2702/3/5 2699/3/5 2698/3/5
f 2703/3/5 2699/3/5 2702/3/5
f 2704/5/5 2701/5/5 2700/5/5
f 2705/5/5 2701/5/5 2704/5/5
f 2706/1/5 2703/1/5 2702/1/5
f 2707/1/5 2703/1/5 2706/1/5
f 2708/6/5 2705/6/5 2704/6/5
f 2709/6/5 2705/6/5 2708/6/5
f 2710/3/5 2707/3/5 2706/3/5
f 2711/3/5 2707/3/5 2710/3/5
f 2712/5/5 2709/5/5 2708/5/5
f 2713/2/5 2711/2/5 2710/2/5
f 2714/2/5 2711/2/5 2713/2/5
f 2715/5/5 2712/5/5 2708/5/5
f 2716/3/5 2714/3/5 2713/3/5
f 2717/3/5 2714/3/5 2716/3/5
f 2718/5/5 2715/5/5 2708/5/5
f 2719/6/5 2717/6/5 2716/6/5
f 2720/6/5 2717/6/5 2719/6/5
f 2721/5/5 2720/5/5 2719/5/5
f 2722/5/5 2718/5/5 2708/5/5
f 2723/5/5 2718/5/5 2722/5/5
f 2724/5/5 2720/5/5 2721/5/5
f 2725/5/5 2720/5/5 2724/5/5
f 2726/6/5 2723/6/5 2722/6/5
f 2727/7/5 2725/7/5 2724/7/5
f 2728/7/5 2725/7/5 2727/7/5
f 2729/6/5 2726/6/5 2722/6/5
f 2730/6/5 2728/6/5 2727/6/5
f 2731/6/5 2728/6/5 2730/6/5
f 2732/6/5 2729/6/5 2722/6/5
f 2733/6/5 2729/6/5 2732/6/5
f 2734/5/5 2731/5/5 2730/5/5
f 2735/5/5 2731/5/5 2734/5/5
f 2736/7/5 2733/7/5 2732/7/5
f 2737/7/5 2733/7/5 2736/7/5
f 2738/6/5 2735/6/5 2734/6/5
f 2739/6/5 2737/6/5 2736/6/5
f 2740/6/5 2735/6/5 2738/6/5
f 2741/6/5 2735/6/5 2740/6/5
f 2742/6/5 2739/6/5 2736/6/5
f 2743/6/5 2739/6/5 2742/6/5
f 2744/5/5 2741/5/5 2740/5/5
f 2745/5/5 2741/5/5 2744/5/5
f 2746/7/5 2743/7/5 2742/7/5
f 2747/7/5 2743/7/5 2746/7/5
f 2748/4/5 2745/4/5 2744/4/5
f 2749/4/5 2745/4/5 2748/4/5
f 2750/6/5 2747/6/5 2746/6/5
f 2751/6/5 2747/6/5 2750/6/5
f 2752/5/5 2749/5/5 2748/5/5
f 2753/5/5 2749/5/5 2752/5/5
f 2754/5/5 2751/5/5 2750/5/5
f 2755/5/5 2751/5/5 2754/5/5
f 2756/6/5 2753/6/5 2752/6/5
f 2757/3/5 2755/3/5 2754/3/5
f 2758/6/5 2753/6/5 2756/6/5
f 2759/6/5 2753/6/5 2758/6/5
f 2760/3/5 2757/3/5 2754/3/5
f 2761/5/5 2759/5/5 2758/5/5
f 2762/5/5 2759/5/5 2761/5/5
f 2763/3/5 2760/3/5 2754/3/5
f 2764/6/5 2762/6/5 2761/6/5
f 2765/6/5 2762/6/5 2764/6/5
f 2766/3/5 2763/3/5 2754/3/5
f 2767/3/5 2763/3/5 2766/3/5
f 2768/4/5 2765/4/5 2764/4/5
f 2769/4/5 2765/4/5 2768/4/5
f 2770/4/5 2767/4/5 2766/4/5
f 2771/4/5 2767/4/5 2770/4/5
f 2772/6/5 2769/6/5 2768/6/5
f 2773/6/5 2769/6/5 2772/6/5
f 2774/2/5 2771/2/5 2770/2/5
f 2775/4/5 2773/4/5 2772/4/5
f 2776/4/5 2773/4/5 2775/4/5
f 2777/2/5 2774/2/5 2770/2/5
f 2778/2/5 2774/2/5 2777/2/5
f 2779/5/5 2776/5/5 2775/5/5
f 2780/5/5 2776/5/5 2779/5/5
f 2781/7/6 2782/7/6 2785/7/6
f 2785/7/6 2782/7/6 2786/7/6
f 2783/7/6 2784/7/6 2787/7/6
f 2787/7/6 2784/7/6 2788/7/6
f 2785/8/6 2786/8/6 2789/8/6
f 2789/8/6 2786/8/6 2790/8/6
f 2787/6/6 2788/6/6 2791/6/6
f 2791/6/6 2788/6/6 2792/6/6
f 2789/6/6 2790/6/6 2793/6/6
f 2793/6/6 2790/6/6 2794/6/6
f 2791/7/6 2792/7/6 2795/7/6
f 2795/7/6 2792/7/6 2796/7/6
f 2795/6/6 2796/6/6 2797/6/6
f 2793/8/6 2794/8/6 2798/8/6
f 2798/8/6 2794/8/6 2799/8/6
f 2797/6/6 2796/6/6 2800/6/6
f 2800/6/6 2796/6/6 2801/6/6
f 2798/6/6 2799/6/6 2802/6/6
f 2802/6/6 2799/6/6 2803/6/6
f 2800/7/6 2801/7/6 2804/7/6
f 2804/7/6 2801/7/6 2805/7/6
f 2802/7/6 2803/7/6 2806/7/6
f 2806/7/6 2803/7/6 2807/7/6
f 2804/6/6 2805/6/6 2808/6/6
f 2808/6/6 2805/6/6 2809/6/6
f 2806/6/6 2807/6/6 2810/6/6
f 2808/7/6 2809/7/6 2811/7/6
f 2811/7/6 2809/7/6 2812/7/6
f 2806/6/6 2810/6/6 2813/6/6
f 2813/6/6 2810/6/6 2814/6/6
f 2811/5/6 2812/5/6 2815/5/6
f 2815/5/6 2812/5/6 2816/5/6
f 2813/7/6 2814/7/6 2817/7/6
f 2817/7/6 2814/7/6 2818/7/6
f 2815/7/6 2816/7/6 2819/7/6
f 2817/3/6 2818/3/6 2820/3/6
f 2819/7/6 2816/7/6 2821/7/6
f 2821/7/6 2816/7/6 2822/7/6
f 2817/3/6 2820/3/6 2823/3/6
f 2821/5/6 2822/5/6 2824/5/6
f 2824/5/6 2822/5/6 2825/5/6
f 2817/3/6 2823/3/6 2826/3/6
f 2826/3/6 2823/3/6 2827/3/6
f 2826/4/6 2827/4/6 2828/4/6
f 2828/4/6 2827/4/6 2829/4/6
f 2824/7/6 2825/7/6 2830/7/6
f 2828/5/6 2829/5/6 2831/5/6
f 2830/7/6 2825/7/6 2832/7/6
f 2832/7/6 2825/7/6 2833/7/6
f 2828/5/6 2831/5/6 2834/5/6
f 2834/5/6 2831/5/6 2835/5/6
f 2832/5/6 2833/5/6 2836/5/6
f 2836/5/6 2833/5/6 2837/5/6
f 2834/6/6 2835/6/6 2838/6/6
f 2838/6/6 2835/6/6 2839/6/6
f 2836/6/6 2837/6/6 2840/6/6
f 2840/6/6 2837/6/6 2841/6/6
f 2838/5/6 2839/5/6 2842/5/6
f 2840/5/6 2841/5/6 2843/5/6
f 2843/5/6 2841/5/6 2844/5/6
f 2838/5/6 2842/5/6 2845/5/6
f 2845/5/6 2842/5/6 2846/5/6
f 2843/6/6 2844/6/6 2847/6/6
f 2847/6/6 2844/6/6 2848/6/6
f 2845/4/6 2846/4/6 2849/4/6
f 2847/5/6 2848/5/6 2850/5/6
f 2850/5/6 2848/5/6 2851/5/6
f 2845/4/6 2849/4/6 2852/4/6
f 2852/4/6 2849/4/6 2853/4/6
f 2850/4/6 2851/4/6 2854/4/6
f 2854/4/6 2851/4/6 2855/4/6
f 2852/6/6 2853/6/6 2856/6/6
f 2856/6/6 2853/6/6 2857/6/6
f 2854/6/6 2855/6/6 2858/6/6
f 2856/5/6 2857/5/6 2859/5/6
f 2859/5/6 2857/5/6 2860/5/6
f 2858/6/6 2855/6/6 2861/6/6
f 2861/6/6 2855/6/6 2862/6/6
f 2859/6/6 2860/6/6 2863/6/6
f 2863/6/6 2860/6/6 2864/6/6
f 2861/5/6 2862/5/6 2865/5/6
f 2863/5/6 2864/5/6 2866/5/6
f 2866/5/6 2864/5/6 2867/5/6
f 2865/5/6 2862/5/6 2868/5/6
f 2868/5/6 2862/5/6 2869/5/6
f 2866/4/6 2867/4/6 2870/4/6
f 2870/4/6 2867/4/6 2871/4/6
f 2868/4/6 2869/4/6 2872/4/6
f 2870/6/6 2871/6/6 2873/6/6
f 2873/6/6 2871/6/6 2874/6/6
f 2872/4/6 2869/4/6 2875/4/6
f 2873/4/6 2874/4/6 2876/4/6
f 2876/4/6 2874/4/6 2877/4/6
f 2875/4/6 2869/4/6 2878/4/6
f 2878/4/6 2869/4/6 2879/4/6
f 2876/5/6 2877/5/6 2880/5/6
f 2880/5/6 2877/5/6 2881/5/6
f 2878/6/6 2879/6/6 2882/6/6
f 2880/4/6 2881/4/6 2883/4/6
f 2880/4/6 2883/4/6 2884/4/6
f 2884/4/6 2883/4/6 2885/4/6
f 2882/6/6 2879/6/6 2886/6/6
f 2884/6/6 2885/6/6 2887/6/6
f 2886/6/6 2879/6/6 2888/6/6
f 2888/6/6 2879/6/6 2889/6/6
f 2884/6/6 2887/6/6 2890/6/6
f 2890/6/6 2887/6/6 2891/6/6
f 2888/5/6 2889/5/6 2892/5/6
f 2892/5/6 2889/5/6 2893/5/6
f 2890/3/6 2891/3/6 2894/3/6
f 2892/6/6 2893/6/6 2895/6/6
f 2895/6/6 2893/6/6 2896/6/6
f 2890/3/6 2894/3/6 2897/3/6
f 2897/3/6 2894/3/6 2898/3/6
f 2897/2/6 2898/2/6 2899/2/6
f 2895/4/6 2896/4/6 2900/4/6
f 2900/4/6 2896/4/6 2901/4/6
f 2897/2/6 2899/2/6 2902/2/6
f 2902/2/6 2899/2/6 2903/2/6
f 2900/6/6 2901/6/6 2904/6/6
f 2904/6/6 2901/6/6 2905/6/6
f 2902/4/6 2903/4/6 2906/4/6
f 2906/4/6 2903/4/6 2907/4/6
f 2906/3/6 2907/3/6 2908/3/6
f 2908/3/6 2907/3/6 2909/3/6
f 2904/4/6 2905/4/6 2910/4/6
f 2910/4/6 2905/4/6 2911/4/6
f 2908/4/6 2909/4/6 2912/4/6
f 2912/4/6 2909/4/6 2913/4/6
f 2910/5/6 2911/5/6 2914/5/6
f 2914/5/6 2911/5/6 2915/5/6
f 2912/2/6 2913/2/6 2916/2/6
f 2914/4/6 2915/4/6 2917/4/6
f 2912/2/6 2916/2/6 2918/2/6
f 2918/2/6 2916/2/6 2919/2/6
f 2917/4/6 2915/4/6 2920/4/6
f 2920/4/6 2915/4/6 2921/4/6
f 2918/4/6 2919/4/6 2922/4/6
f 2922/4/6 2919/4/6 2923/4/6
f 2920/5/6 2921/5/6 2924/5/6
f 2924/5/6 2921/5/6 2925/5/6
f 2922/3/6 2923/3/6 2926/3/6
f 2926/3/6 2923/3/6 2927/3/6
f 2924/4/6 2925/4/6 2928/4/6
f 2926/2/6 2927/2/6 2929/2/6
f 2929/2/6 2927/2/6 2930/2/6
f 2928/4/6 2925/4/6 2931/4/6
f 2931/4/6 2925/4/6 2932/4/6
f 2929/3/6 2930/3/6 2933/3/6
f 2933/3/6 2930/3/6 2934/3/6
f 2931/5/6 2932/5/6 2935/5/6
f 2935/5/6 2932/5/6 2936/5/6
f 2933/6/6 2934/6/6 2937/6/6
f 2937/6/6 2934/6/6 2938/6/6
f 2935/6/6 2936/6/6 2939/6/6
f 2939/6/6 2936/6/6 2940/6/6
f 2939/4/6 2940/4/6 2941/4/6
f 2941/4/6 2940/4/6 2942/4/6
f 2937/4/6 2938/4/6 2943/4/6
f 2941/6/6 2942/6/6 2944/6/6
f 2944/6/6 2942/6/6 2945/6/6
f 2944/4/6 2945/4/6 2946/4/6
f 2946/4/6 2945/4/6 2947/4/6
f 2937/4/6 2943/4/6 2948/4/6
f 2948/4/6 2943/4/6 2949/4/6
f 2946/6/6 2947/6/6 2950/6/6
f 2950/6/6 2947/6/6 2951/6/6
f 2948/6/6 2949/6/6 2952/6/6
f 2952/6/6 2949/6/6 2953/6/6
f 2950/5/6 2951/5/6 2954/5/6
f 2952/5/6 2953/5/6 2955/5/6
f 2955/5/6 2953/5/6 2956/5/6
f 2954/5/6 2951/5/6 2957/5/6
f 2955/4/6 2956/4/6 2958/4/6
f 2958/4/6 2956/4/6 2959/4/6
f 2958/5/6 2959/5/6 2960/5/6
f 2960/5/6 2959/5/6 2961/5/6
f 2960/6/6 2961/6/6 2962/6/6
f 2962/6/6 2961/6/6 2963/6/6
f 2957/5/6 2951/5/6 2964/5/6
f 2964/5/6 2951/5/6 2965/5/6
f 2962/3/6 2963/3/6 2966/3/6
f 2966/3/6 2963/3/6 2967/3/6
f 2964/6/6 2965/6/6 2968/6/6
f 2968/6/6 2965/6/6 2969/6/6
f 2966/1/6 2967/1/6 2970/1/6
f 2968/5/6 2969/5/6 2971/5/6
f 2971/5/6 2969/5/6 2972/5/6
f 2966/1/6 2970/1/6 2973/1/6
f 2973/1/6 2970/1/6 2974/1/6
f 2973/2/6 2974/2/6 2975/2/6
f 2975/2/6 2974/2/6 2976/2/6
f 2975/1/6 2976/1/6 2977/1/6
f 2971/6/6 2972/6/6 2978/6/6
f 2978/6/6 2972/6/6 2979/6/6
f 2975/1/6 2977/1/6 2980/1/6
f 2980/1/6 2977/1/6 2981/1/6
f 2978/4/6 2979/4/6 2982/4/6
f 2982/4/6 2979/4/6 2983/4/6
f 2980/3/6 2981/3/6 2984/3/6
f 2984/3/6 2981/3/6 2985/3/6
f 2982/6/6 2983/6/6 2986/6/6
f 2986/6/6 2983/6/6 2987/6/6
f 2984/1/6 2985/1/6 2988/1/6
f 2988/1/6 2985/1/6 2989/1/6
f 2986/5/6 2987/5/6 2990/5/6
f 2990/5/6 2987/5/6 2991/5/6
f 2988/2/6 2989/2/6 2992/2/6
f 2992/2/6 2989/2/6 2993/2/6
f 2990/4/6 2991/4/6 2994/4/6
f 2992/3/6 2993/3/6 2995/3/6
f 2995/3/6 2993/3/6 2996/3/6
f 2995/7/6 2996/7/6 2997/7/6
f 2997/7/6 2996/7/6 2998/7/6
f 2994/4/6 2991/4/6 2999/4/6
f 2999/4/6 2991/4/6 3000/4/6
f 2997/6/6 2998/6/6 3001/6/6
f 3001/6/6 2998/6/6 3002/6/6
f 2999/6/6 3000/6/6 3003/6/6
f 3001/7/6 3002/7/6 3004/7/6
f 3004/7/6 3002/7/6 3005/7/6
f 3003/6/6 3000/6/6 3006/6/6
f 3006/6/6 3000/6/6 3007/6/6
f 3004/5/6 3005/5/6 3008/5/6
f 3006/4/6 3007/4/6 3009/4/6
f 3004/5/6 3008/5/6 3010/5/6
f 3010/5/6 3008/5/6 3011/5/6
f 3009/4/6 3007/4/6 3012/4/6
f 3012/4/6 3007/4/6 3013/4/6
f 3012/6/6 3013/6/6 3014/6/6
f 3014/6/6 3013/6/6 3015/6/6
f 3010/6/6 3011/6/6 3016/6/6
f 3016/6/6 3011/6/6 3017/6/6
f 3014/5/6 3015/5/6 3018/5/6
f 3018/5/6 3015/5/6 3019/5/6
f 3016/7/6 3017/7/6 3020/7/6
f 3020/7/6 3017/7/6 3021/7/6
f 3020/5/6 3021/5/6 3022/5/6
f 3022/5/6 3021/5/6 3023/5/6
f 3018/6/6 3019/6/6 3024/6/6
f 3024/6/6 3019/6/6 3025/6/6
f 3022/6/6 3023/6/6 3026/6/6
f 3024/5/6 3025/5/6 3027/5/6
f 3027/5/6 3025/5/6 3028/5/6
f 3022/6/6 3026/6/6 3029/6/6
f 3029/6/6 3026/6/6 3030/6/6
f 3027/4/6 3028/4/6 3031/4/6
f 3031/4/6 3028/4/6 3032/4/6
f 3029/7/6 3030/7/6 3033/7/6
f 3033/7/6 3030/7/6 3034/7/6
f 3031/5/6 3032/5/6 3035/5/6
f 3035/5/6 3032/5/6 3036/5/6
f 3033/5/6 3034/5/6 3037/5/6
f 3037/5/6 3034/5/6 3038/5/6
f 3035/6/6 3036/6/6 3039/6/6
f 3039/6/6 3036/6/6 3040/6/6
f 3037/6/6 3038/6/6 3041/6/6
f 3041/6/6 3038/6/6 3042/6/6
f 3041/7/6 3042/7/6 3043/7/6
f 3039/3/6 3040/3/6 3044/3/6
f 3044/3/6 3040/3/6 3045/3/6
f 3041/7/6 3043/7/6 3046/7/6
f 3046/7/6 3043/7/6 3047/7/6
f 3044/4/6 3045/4/6 3048/4/6
f 3048/4/6 3045/4/6 3049/4/6
f 3046/5/6 3047/5/6 3050/5/6
f 3050/5/6 3047/5/6 3051/5/6
f 3048/5/6 3049/5/6 3052/5/6
f 3052/5/6 3049/5/6 3053/5/6
f 3050/6/6 3051/6/6 3054/6/6
f 3054/6/6 3051/6/6 3055/6/6
f 3052/3/6 3053/3/6 3056/3/6
f 3056/3/6 3053/3/6 3057/3/6
f 3054/5/6 3055/5/6 3058/5/6
f 3058/5/6 3055/5/6 3059/5/6
f 3056/5/6 3057/5/6 3060/5/6
f 3060/5/6 3057/5/6 3061/5/6
f 3058/7/6 3059/7/6 3062/7/6
f 3062/7/6 3059/7/6 3063/7/6
f 3060/4/6 3061/4/6 3064/4/6
f 3062/4/6 3063/4/6 3065/4/6
f 3065/4/6 3063/4/6 3066/4/6
f 3064/4/6 3061/4/6 3067/4/6
f 3067/4/6 3061/4/6 3068/4/6
f 3065/5/6 3066/5/6 3069/5/6
f 3067/5/6 3068/5/6 3070/5/6
f 3070/5/6 3068/5/6 3071/5/6
f 3065/5/6 3069/5/6 3072/5/6
f 3070/3/6 3071/3/6 3073/3/6
f 3073/3/6 3071/3/6 3074/3/6
f 3065/5/6 3072/5/6 3075/5/6
f 3075/5/6 3072/5/6 3076/5/6
f 3073/4/6 3074/4/6 3077/4/6
f 3077/4/6 3074/4/6 3078/4/6
f 3075/4/6 3076/4/6 3079/4/6
f 3079/4/6 3076/4/6 3080/4/6
f 3077/3/6 3078/3/6 3081/3/6
f 3081/3/6 3078/3/6 3082/3/6
f 3079/6/6 3080/6/6 3083/6/6
f 3083/6/6 3080/6/6 3084/6/6
f 3081/4/6 3082/4/6 3085/4/6
f 3085/4/6 3082/4/6 3086/4/6
f 3083/4/6 3084/4/6 3087/4/6
f 3087/4/6 3084/4/6 3088/4/6
f 3085/5/6 3086/5/6 3089/5/6
f 3089/5/6 3086/5/6 3090/5/6
f 3087/6/6 3088/6/6 3091/6/6
f 3089/3/6 3090/3/6 3092/3/6
f 3092/3/6 3090/3/6 3093/3/6
f 3087/6/6 3091/6/6 3094/6/6
f 3092/5/6 3093/5/6 3095/5/6
f 3095/5/6 3093/5/6 3096/5/6
f 3087/6/6 3094/6/6 3097/6/6
f 3097/6/6 3094/6/6 3098/6/6
f 3095/4/6 3096/4/6 3099/4/6
f 3099/4/6 3096/4/6 3100/4/6
f 3097/2/6 3098/2/6 3101/2/6
f 3101/2/6 3098/2/6 3102/2/6
f 3101/3/6 3102/3/6 3103/3/6
f 3099/2/6 3100/2/6 3104/2/6
f 3104/2/6 3100/2/6 3105/2/6
f 3104/4/6 3105/4/6 3106/4/6
f 3106/4/6 3105/4/6 3107/4/6
f 3101/3/6 3103/3/6 3108/3/6
f 3108/3/6 3103/3/6 3109/3/6
f 3106/3/6 3107/3/6 3110/3/6
f 3108/2/6 3109/2/6 3111/2/6
f 3111/2/6 3109/2/6 3112/2/6
f 3110/3/6 3107/3/6 3113/3/6
f 3113/3/6 3107/3/6 3114/3/6
f 3114/3/6 3107/3/6 3115/3/6
f 3111/3/6 3112/3/6 3116/3/6
f 3116/3/6 3112/3/6 3117/3/6
f 3114/4/6 3115/4/6 3118/4/6
f 3116/2/6 3117/2/6 3119/2/6
f 3119/2/6 3117/2/6 3120/2/6
f 3118/4/6 3115/4/6 3121/4/6
f 3119/4/6 3120/4/6 3122/4/6
f 3122/4/6 3120/4/6 3123/4/6
f 3121/4/6 3115/4/6 3124/4/6
f 3124/4/6 3115/4/6 3125/4/6
f 3122/7/6 3123/7/6 3126/7/6
f 3126/7/6 3123/7/6 3127/7/6
f 3124/2/6 3125/2/6 3128/2/6
f 3128/2/6 3125/2/6 3129/2/6
f 3126/6/6 3127/6/6 3130/6/6
f 3130/6/6 3127/6/6 3131/6/6
f 3128/3/6 3129/3/6 3132/3/6
f 3132/3/6 3129/3/6 3133/3/6
f 3130/5/6 3131/5/6 3134/5/6
f 3130/5/6 3134/5/6 3135/5/6
f 3135/5/6 3134/5/6 3136/5/6
f 3135/7/6 3136/7/6 3137/7/6
f 3137/7/6 3136/7/6 3138/7/6
f 3132/4/6 3133/4/6 3139/4/6
f 3139/4/6 3133/4/6 3140/4/6
f 3139/3/6 3140/3/6 3141/3/6
f 3141/3/6 3140/3/6 3142/3/6
f 3137/5/6 3138/5/6 3143/5/6
f 3143/5/6 3138/5/6 3144/5/6
f 3141/2/6 3142/2/6 3145/2/6
f 3145/2/6 3142/2/6 3146/2/6
f 3143/6/6 3144/6/6 3147/6/6
f 3147/6/6 3144/6/6 3148/6/6
f 3145/3/6 3146/3/6 3149/3/6
f 3149/3/6 3146/3/6 3150/3/6
f 3147/7/6 3148/7/6 3151/7/6
f 3149/2/6 3150/2/6 3152/2/6
f 3152/2/6 3150/2/6 3153/2/6
f 3147/7/6 3151/7/6 3154/7/6
f 3152/3/6 3153/3/6 3155/3/6
f 3155/3/6 3153/3/6 3156/3/6
f 3155/2/6 3156/2/6 3157/2/6
f 3157/2/6 3156/2/6 3158/2/6
f 3147/7/6 3154/7/6 3159/7/6
f 3159/7/6 3154/7/6 3160/7/6
f 3157/3/6 3158/3/6 3161/3/6
f 3159/8/6 3160/8/6 3162/8/6
f 3161/3/6 3158/3/6 3163/3/6
f 3159/8/6 3162/8/6 3164/8/6
f 3164/8/6 3162/8/6 3165/8/6
f 3163/3/6 3158/3/6 3166/3/6
f 3164/6/6 3165/6/6 3167/6/6
f 3167/6/6 3165/6/6 3168/6/6
f 3166/3/6 3158/3/6 3169/3/6
f 3169/3/6 3158/3/6 3170/3/6
f 3167/7/6 3168/7/6 3171/7/6
f 3171/7/6 3168/7/6 3172/7/6
f 3169/1/6 3170/1/6 3173/1/6
f 3173/1/6 3170/1/6 3174/1/6
f 3171/8/6 3172/8/6 3175/8/6
f 3175/8/6 3172/8/6 3176/8/6
f 3173/3/6 3174/3/6 3177/3/6
f 3177/3/6 3174/3/6 3178/3/6
f 3175/7/6 3176/7/6 3179/7/6
f 3179/7/6 3176/7/6 3180/7/6
f 3177/1/6 3178/1/6 3181/1/6
f 3181/1/6 3178/1/6 3182/1/6
f 3179/8/6 3180/8/6 3183/8/6
f 3183/8/6 3180/8/6 3184/8/6
f 3181/2/6 3182/2/6 3185/2/6
f 3185/2/6 3182/2/6 3186/2/6
f 3187/8/6 3188/8/6 3191/8/6
f 3188/3/6 3189/3/6 3191/3/6
f 3191/3/6 3189/3/6 3192/3/6
f 3189/4/6 3190/4/6 3193/4/6
f 3192/3/6 3189/3/6 3193/3/6
f 3191/1/6 3192/1/6 3194/1/6
f 3187/8/6 3191/8/6 3194/8/6
f 3192/5/6 3193/5/6 3195/5/6
f 3194/1/6 3192/1/6 3195/1/6
f 3187/8/6 3194/8/6 3196/8/6
f 3194/3/6 3195/3/6 3197/3/6
f 3196/8/6 3194/8/6 3197/8/6
f 3195/5/6 3193/5/6 3198/5/6
f 3197/3/6 3195/3/6 3198/3/6
f 3193/4/6 3190/4/6 3199/4/6
f 3198/5/6 3193/5/6 3199/5/6
f 3199/4/6 3190/4/6 3200/4/6
f 3197/3/6 3198/3/6 3201/3/6
f 3196/6/6 3197/6/6 3201/6/6
f 3198/4/6 3199/4/6 3202/4/6
f 3201/3/6 3198/3/6 3202/3/6
f 3199/3/6 3200/3/6 3203/3/6
f 3202/4/6 3199/4/6 3203/4/6
f 3203/3/6 3200/3/6 3204/3/6
f 3201/2/6 3202/2/6 3205/2/6
f 3202/3/6 3203/3/6 3205/3/6
f 3203/5/6 3204/5/6 3206/5/6
f 3205/3/6 3203/3/6 3206/3/6
f 3206/5/6 3204/5/6 3207/5/6
f 3196/6/6 3201/6/6 3208/6/6
f 3201/2/6 3205/2/6 3209/2/6
f 3208/6/6 3201/6/6 3209/6/6
f 3205/5/6 3206/5/6 3210/5/6
f 3209/2/6 3205/2/6 3210/2/6
f 3206/3/6 3207/3/6 3211/3/6
f 3210/5/6 3206/5/6 3211/5/6
f 3208/7/6 3209/7/6 3212/7/6
f 3209/3/6 3210/3/6 3213/3/6
f 3212/7/6 3209/7/6 3213/7/6
f 3210/4/6 3211/4/6 3214/4/6
f 3213/3/6 3210/3/6 3214/3/6
f 3211/3/6 3207/3/6 3215/3/6
f 3214/4/6 3211/4/6 3215/4/6
f 3215/3/6 3207/3/6 3216/3/6
f 3212/6/6 3213/6/6 3217/6/6
f 3213/1/6 3214/1/6 3218/1/6
f 3217/6/6 3213/6/6 3218/6/6
f 3214/5/6 3215/5/6 3219/5/6
f 3218/1/6 3214/1/6 3219/1/6
f 3215/5/6 3216/5/6 3219/5/6
f 3219/5/6 3216/5/6 3220/5/6
f 3217/7/6 3218/7/6 3221/7/6
f 3218/3/6 3219/3/6 3222/3/6
f 3221/7/6 3218/7/6 3222/7/6
f 3220/5/6 3216/5/6 3223/5/6
f 3219/1/6 3220/1/6 3223/1/6
f 3223/5/6 3216/5/6 3224/5/6
f 3222/3/6 3219/3/6 3225/3/6
f 3221/6/6 3222/6/6 3225/6/6
f 3219/1/6 3223/1/6 3226/1/6
f 3225/3/6 3219/3/6 3226/3/6
f 3223/3/6 3224/3/6 3227/3/6
f 3226/1/6 3223/1/6 3227/1/6
f 3227/3/6 3224/3/6 3228/3/6
f 3221/6/6 3225/6/6 3229/6/6
f 3225/1/6 3226/1/6 3230/1/6
f 3229/6/6 3225/6/6 3230/6/6
f 3226/1/6 3227/1/6 3230/1/6
f 3230/1/6 3227/1/6 3231/1/6
f 3227/2/6 3228/2/6 3232/2/6
f 3231/1/6 3227/1/6 3232/1/6
f 3232/2/6 3228/2/6 3233/2/6
f 3229/7/6 3230/7/6 3234/7/6
f 3230/1/6 3231/1/6 3235/1/6
f 3234/7/6 3230/7/6 3235/7/6
f 3231/3/6 3232/3/6 3236/3/6
f 3235/1/6 3231/1/6 3236/1/6
f 3232/3/6 3233/3/6 3236/3/6
f 3236/3/6 3233/3/6 3237/3/6
f 3234/5/6 3235/5/6 3238/5/6
f 3235/2/6 3236/2/6 3239/2/6
f 3238/5/6 3235/5/6 3239/5/6
f 3238/6/6 3239/6/6 3240/6/6
f 3239/2/6 3236/2/6 3241/2/6
f 3240/6/6 3239/6/6 3241/6/6
f 3236/1/6 3237/1/6 3242/1/6
f 3241/2/6 3236/2/6 3242/2/6
f 3237/3/6 3233/3/6 3243/3/6
f 3242/1/6 3237/1/6 3243/1/6
f 3243/3/6 3233/3/6 3244/3/6
f 3240/7/6 3241/7/6 3245/7/6
f 3241/3/6 3242/3/6 3246/3/6
f 3245/7/6 3241/7/6 3246/7/6
f 3242/2/6 3243/2/6 3247/2/6
f 3246/3/6 3242/3/6 3247/3/6
f 3243/2/6 3244/2/6 3247/2/6
f 3247/2/6 3244/2/6 3248/2/6
f 3248/2/6 3244/2/6 3249/2/6
f 3246/1/6 3247/1/6 3250/1/6
f 3247/1/6 3248/1/6 3250/1/6
f 3248/3/6 3249/3/6 3250/3/6
f 3250/3/6 3249/3/6 3251/3/6
f 3245/6/6 3246/6/6 3252/6/6
f 3246/1/6 3250/1/6 3252/1/6
f 3250/2/6 3251/2/6 3253/2/6
f 3252/1/6 3250/1/6 3253/1/6
f 3245/6/6 3252/6/6 3254/6/6
f 3252/3/6 3253/3/6 3255/3/6
f 3254/6/6 3252/6/6 3255/6/6
f 3255/3/6 3253/3/6 3256/3/6
f 3253/2/6 3251/2/6 3257/2/6
f 3256/3/6 3253/3/6 3257/3/6
f 3257/2/6 3251/2/6 3258/2/6
f 3254/8/6 3255/8/6 3259/8/6
f 3255/1/6 3256/1/6 3260/1/6
f 3259/8/6 3255/8/6 3260/8/6
f 3256/7/6 3257/7/6 3261/7/6
f 3260/1/6 3256/1/6 3261/1/6
f 3257/1/6 3258/1/6 3262/1/6
f 3261/7/6 3257/7/6 3262/7/6
f 3262/1/6 3258/1/6 3263/1/6
f 3259/7/6 3260/7/6 3264/7/6
f 3260/2/6 3261/2/6 3265/2/6
f 3264/7/6 3260/7/6 3265/7/6
f 3261/6/6 3262/6/6 3266/6/6
f 3265/2/6 3261/2/6 3266/2/6
f 3262/2/6 3263/2/6 3267/2/6
f 3266/6/6 3262/6/6 3267/6/6
f 3267/2/6 3263/2/6 3268/2/6
f 3264/8/6 3265/8/6 3269/8/6
f 3265/1/6 3266/1/6 3270/1/6
f 3269/8/6 3265/8/6 3270/8/6
f 3266/6/6 3267/6/6 3271/6/6
f 3270/1/6 3266/1/6 3271/1/6
f 3267/3/6 3268/3/6 3272/3/6
f 3271/6/6 3267/6/6 3272/6/6
f 3272/3/6 3268/3/6 3273/3/6
f 3269/7/6 3270/7/6 3274/7/6
f 3270/2/6 3271/2/6 3275/2/6
f 3274/7/6 3270/7/6 3275/7/6
f 3271/6/6 3272/6/6 3276/6/6
f 3275/2/6 3271/2/6 3276/2/6
f 3272/1/6 3273/1/6 3277/1/6
f 3276/6/6 3272/6/6 3277/6/6
f 3277/1/6 3273/1/6 3278/1/6
f 3274/6/6 3275/6/6 3279/6/6
f 3275/3/6 3276/3/6 3280/3/6
f 3279/6/6 3275/6/6 3280/6/6
f 3276/7/6 3277/7/6 3281/7/6
f 3280/3/6 3276/3/6 3281/3/6
f 3277/2/6 3278/2/6 3282/2/6
f 3281/7/6 3277/7/6 3282/7/6
f 3279/7/6 3280/7/6 3283/7/6
f 3280/2/6 3281/2/6 3284/2/6
f 3283/7/6 3280/7/6 3284/7/6
f 3281/6/6 3282/6/6 3285/6/6
f 3284/2/6 3281/2/6 3285/2/6
f 3282/2/6 3278/2/6 3286/2/6
f 3285/6/6 3282/6/6 3286/6/6
f 3286/2/6 3278/2/6 3287/2/6
f 3283/6/6 3284/6/6 3288/6/6
f 3284/3/6 3285/3/6 3289/3/6
f 3288/6/6 3284/6/6 3289/6/6
f 3285/7/6 3286/7/6 3290/7/6
f 3289/3/6 3285/3/6 3290/3/6
f 3286/1/6 3287/1/6 3291/1/6
f 3290/7/6 3286/7/6 3291/7/6
f 3291/1/6 3287/1/6 3292/1/6
f 3288/7/6 3289/7/6 3293/7/6
f 3289/2/6 3290/2/6 3294/2/6
f 3293/7/6 3289/7/6 3294/7/6
f 3290/6/6 3291/6/6 3295/6/6
f 3294/2/6 3290/2/6 3295/2/6
f 3291/2/6 3292/2/6 3296/2/6
f 3295/6/6 3291/6/6 3296/6/6
f 3296/2/6 3292/2/6 3297/2/6
f 3294/3/6 3295/3/6 3298/3/6
f 3295/8/6 3296/8/6 3298/8/6
f 3296/1/6 3297/1/6 3299/1/6
f 3298/8/6 3296/8/6 3299/8/6
f 3299/1/6 3297/1/6 3300/1/6
f 3293/6/6 3294/6/6 3301/6/6
f 3294/3/6 3298/3/6 3302/3/6
f 3301/6/6 3294/6/6 3302/6/6
f 3298/6/6 3299/6/6 3303/6/6
f 3302/3/6 3298/3/6 3303/3/6
f 3299/2/6 3300/2/6 3304/2/6
f 3303/6/6 3299/6/6 3304/6/6
f 3304/2/6 3300/2/6 3305/2/6
f 3301/5/6 3302/5/6 3306/5/6
f 3302/6/6 3303/6/6 3307/6/6
f 3306/5/6 3302/5/6 3307/5/6
f 3303/6/6 3304/6/6 3307/6/6
f 3307/6/6 3304/6/6 3308/6/6
f 3304/3/6 3305/3/6 3309/3/6
f 3308/6/6 3304/6/6 3309/6/6
f 3309/3/6 3305/3/6 3310/3/6
f 3306/4/6 3307/4/6 3311/4/6
f 3307/5/6 3308/5/6 3312/5/6
f 3311/4/6 3307/4/6 3312/4/6
f 3308/6/6 3309/6/6 3313/6/6
f 3312/5/6 3308/5/6 3313/5/6
f 3311/5/6 3312/5/6 3314/5/6
f 3312/4/6 3313/4/6 3315/4/6
f 3314/5/6 3312/5/6 3315/5/6
f 3313/6/6 3309/6/6 3316/6/6
f 3315/4/6 3313/4/6 3316/4/6
f 3309/1/6 3310/1/6 3317/1/6
f 3316/6/6 3309/6/6 3317/6/6
f 3317/1/6 3310/1/6 3318/1/6
f 3314/6/6 3315/6/6 3319/6/6
f 3315/4/6 3316/4/6 3320/4/6
f 3319/6/6 3315/6/6 3320/6/6
f 3316/8/6 3317/8/6 3321/8/6
f 3320/4/6 3316/4/6 3321/4/6
f 3317/2/6 3318/2/6 3322/2/6
f 3321/8/6 3317/8/6 3322/8/6
f 3322/2/6 3318/2/6 3323/2/6
f 3319/5/6 3320/5/6 3324/5/6
f 3320/6/6 3321/6/6 3324/6/6
f 3321/7/6 3322/7/6 3325/7/6
f 3324/6/6 3321/6/6 3325/6/6
f 3322/3/6 3323/3/6 3326/3/6
f 3325/7/6 3322/7/6 3326/7/6
f 3319/5/6 3324/5/6 3327/5/6
f 3324/4/6 3325/4/6 3328/4/6
f 3327/5/6 3324/5/6 3328/5/6
f 3325/8/6 3326/8/6 3329/8/6
f 3328/4/6 3325/4/6 3329/4/6
f 3326/3/6 3323/3/6 3330/3/6
f 3329/8/6 3326/8/6 3330/8/6
f 3330/3/6 3323/3/6 3331/3/6
f 3328/5/6 3329/5/6 3332/5/6
f 3327/6/6 3328/6/6 3332/6/6
f 3329/8/6 3330/8/6 3333/8/6
f 3332/5/6 3329/5/6 3333/5/6
f 3327/6/6 3332/6/6 3334/6/6
f 3332/6/6 3333/6/6 3334/6/6
f 3334/6/6 3333/6/6 3335/6/6
f 3333/8/6 3330/8/6 3336/8/6
f 3335/6/6 3333/6/6 3336/6/6
f 3330/2/6 3331/2/6 3337/2/6
f 3336/8/6 3330/8/6 3337/8/6
f 3337/2/6 3331/2/6 3338/2/6
f 3334/4/6 3335/4/6 3339/4/6
f 3335/5/6 3336/5/6 3340/5/6
f 3339/4/6 3335/4/6 3340/4/6
f 3336/6/6 3337/6/6 3341/6/6
f 3340/5/6 3336/5/6 3341/5/6
f 3337/3/6 3338/3/6 3342/3/6
f 3341/6/6 3337/6/6 3342/6/6
f 3342/3/6 3338/3/6 3343/3/6
f 3339/5/6 3340/5/6 3344/5/6
f 3340/4/6 3341/4/6 3344/4/6
f 3341/8/6 3342/8/6 3345/8/6
f 3344/4/6 3341/4/6 3345/4/6
f 3342/2/6 3343/2/6 3346/2/6
f 3345/8/6 3342/8/6 3346/8/6
f 3344/2/6 3345/2/6 3347/2/6
f 3339/5/6 3344/5/6 3347/5/6
f 3345/1/6 3346/1/6 3348/1/6
f 3347/2/6 3345/2/6 3348/2/6
f 3346/2/6 3343/2/6 3349/2/6
f 3348/1/6 3346/1/6 3349/1/6
f 3349/2/6 3343/2/6 3350/2/6
f 3347/3/6 3348/3/6 3351/3/6
f 3339/5/6 3347/5/6 3351/5/6
f 3348/2/6 3349/2/6 3352/2/6
f 3351/3/6 3348/3/6 3352/3/6
f 3349/6/6 3350/6/6 3353/6/6
f 3352/2/6 3349/2/6 3353/2/6
f 3353/6/6 3350/6/6 3354/6/6
f 3339/5/6 3351/5/6 3355/5/6
f 3351/2/6 3352/2/6 3356/2/6
f 3355/5/6 3351/5/6 3356/5/6
f 3352/3/6 3353/3/6 3357/3/6
f 3356/2/6 3352/2/6 3357/2/6
f 3353/7/6 3354/7/6 3358/7/6
f 3357/3/6 3353/3/6 3358/3/6
f 3358/7/6 3354/7/6 3359/7/6
f 3355/4/6 3356/4/6 3360/4/6
f 3356/3/6 3357/3/6 3361/3/6
f 3360/4/6 3356/4/6 3361/4/6
f 3357/2/6 3358/2/6 3362/2/6
f 3361/3/6 3357/3/6 3362/3/6
f 3358/5/6 3359/5/6 3363/5/6
f 3362/2/6 3358/2/6 3363/2/6
f 3363/5/6 3359/5/6 3364/5/6
f 3362/6/6 3363/6/6 3365/6/6
f 3363/7/6 3364/7/6 3365/7/6
f 3365/7/6 3364/7/6 3366/7/6
f 3360/5/6 3361/5/6 3367/5/6
f 3361/2/6 3362/2/6 3368/2/6
f 3367/5/6 3361/5/6 3368/5/6
f 3362/6/6 3365/6/6 3369/6/6
f 3368/2/6 3362/2/6 3369/2/6
f 3365/5/6 3366/5/6 3370/5/6
f 3369/6/6 3365/6/6 3370/6/6
f 3370/5/6 3366/5/6 3371/5/6
f 3367/6/6 3368/6/6 3372/6/6
f 3368/3/6 3369/3/6 3373/3/6
f 3372/6/6 3368/6/6 3373/6/6
f 3369/4/6 3370/4/6 3374/4/6
f 3373/3/6 3369/3/6 3374/3/6
f 3370/7/6 3371/7/6 3375/7/6
f 3374/4/6 3370/4/6 3375/4/6
f 3375/7/6 3371/7/6 3376/7/6
f 3372/4/6 3373/4/6 3377/4/6
f 3373/2/6 3374/2/6 3378/2/6
f 3377/4/6 3373/4/6 3378/4/6
f 3374/5/6 3375/5/6 3379/5/6
f 3378/2/6 3374/2/6 3379/2/6
f 3375/6/6 3376/6/6 3380/6/6
f 3379/5/6 3375/5/6 3380/5/6
f 3380/6/6 3376/6/6 3381/6/6
f 3377/6/6 3378/6/6 3382/6/6
f 3378/2/6 3379/2/6 3382/2/6
f 3379/6/6 3380/6/6 3383/6/6
f 3382/2/6 3379/2/6 3383/2/6
f 3380/7/6 3381/7/6 3384/7/6
f 3383/6/6 3380/6/6 3384/6/6
f 3384/7/6 3381/7/6 3385/7/6
f 3382/3/6 3383/3/6 3386/3/6
f 3377/6/6 3382/6/6 3386/6/6
f 3383/4/6 3384/4/6 3387/4/6
f 3386/3/6 3383/3/6 3387/3/6
f 3384/6/6 3385/6/6 3388/6/6
f 3387/4/6 3384/4/6 3388/4/6
f 3388/6/6 3385/6/6 3389/6/6
f 3377/6/6 3386/6/6 3390/6/6
f 3386/4/6 3387/4/6 3391/4/6
f 3390/6/6 3386/6/6 3391/6/6
f 3387/6/6 3388/6/6 3392/6/6
f 3391/4/6 3387/4/6 3392/4/6
f 3388/5/6 3389/5/6 3393/5/6
f 3392/6/6 3388/6/6 3393/6/6
f 3393/5/6 3389/5/6 3394/5/6
f 3390/5/6 3391/5/6 3395/5/6
f 3391/2/6 3392/2/6 3395/2/6
f 3392/5/6 3393/5/6 3396/5/6
f 3395/2/6 3392/2/6 3396/2/6
f 3393/7/6 3394/7/6 3397/7/6
f 3396/5/6 3393/5/6 3397/5/6
f 3397/7/6 3394/7/6 3398/7/6
f 3395/3/6 3396/3/6 3399/3/6
f 3396/4/6 3397/4/6 3399/4/6
f 3397/6/6 3398/6/6 3400/6/6
f 3399/4/6 3397/4/6 3400/4/6
f 3400/6/6 3398/6/6 3401/6/6
f 3390/5/6 3395/5/6 3402/5/6
f 3395/3/6 3399/3/6 3403/3/6
f 3402/5/6 3395/5/6 3403/5/6
f 3399/5/6 3400/5/6 3404/5/6
f 3403/3/6 3399/3/6 3404/3/6
f 3400/5/6 3401/5/6 3404/5/6
f 3404/5/6 3401/5/6 3405/5/6
f 3405/5/6 3401/5/6 3406/5/6
f 3402/6/6 3403/6/6 3407/6/6
f 3403/1/6 3404/1/6 3408/1/6
f 3407/6/6 3403/6/6 3408/6/6
f 3404/3/6 3405/3/6 3409/3/6
f 3408/1/6 3404/1/6 3409/1/6
f 3405/7/6 3406/7/6 3410/7/6
f 3409/3/6 3405/3/6 3410/3/6
f 3410/7/6 3406/7/6 3411/7/6
f 3407/5/6 3408/5/6 3412/5/6
f 3408/1/6 3409/1/6 3413/1/6
f 3412/5/6 3408/5/6 3413/5/6
f 3409/2/6 3410/2/6 3414/2/6
f 3413/1/6 3409/1/6 3414/1/6
f 3410/6/6 3411/6/6 3415/6/6
f 3414/2/6 3410/2/6 3415/2/6
f 3413/2/6 3414/2/6 3416/2/6
f 3414/1/6 3415/1/6 3416/1/6
f 3415/6/6 3411/6/6 3417/6/6
f 3416/1/6 3415/1/6 3417/1/6
f 3412/6/6 3413/6/6 3418/6/6
f 3413/2/6 3416/2/6 3418/2/6
f 3416/2/6 3417/2/6 3418/2/6
f 3418/2/6 3417/2/6 3419/2/6
f 3417/6/6 3411/6/6 3420/6/6
f 3419/2/6 3417/2/6 3420/2/6
f 3420/6/6 3411/6/6 3421/6/6
f 3412/6/6 3418/6/6 3422/6/6
f 3418/1/6 3419/1/6 3423/1/6
f 3422/6/6 3418/6/6 3423/6/6
f 3419/2/6 3420/2/6 3424/2/6
f 3423/1/6 3419/1/6 3424/1/6
f 3420/8/6 3421/8/6 3425/8/6
f 3424/2/6 3420/2/6 3425/2/6
f 3425/8/6 3421/8/6 3426/8/6
f 3422/5/6 3423/5/6 3427/5/6
f 3423/2/6 3424/2/6 3428/2/6
f 3427/5/6 3423/5/6 3428/5/6
f 3424/3/6 3425/3/6 3429/3/6
f 3425/7/6 3426/7/6 3429/7/6
f 3429/7/6 3426/7/6 3430/7/6
f 3427/4/6 3428/4/6 3431/4/6
f 3428/2/6 3424/2/6 3432/2/6
f 3431/4/6 3428/4/6 3432/4/6
f 3424/3/6 3429/3/6 3433/3/6
f 3432/2/6 3424/2/6 3433/2/6
f 3429/8/6 3430/8/6 3434/8/6
f 3433/3/6 3429/3/6 3434/3/6
f 3431/5/6 3432/5/6 3435/5/6
f 3432/3/6 3433/3/6 3435/3/6
f 3433/1/6 3434/1/6 3436/1/6
f 3435/3/6 3433/3/6 3436/3/6
f 3434/8/6 3430/8/6 3437/8/6
f 3436/1/6 3434/1/6 3437/1/6
f 3431/5/6 3435/5/6 3438/5/6
f 3435/1/6 3436/1/6 3439/1/6
f 3438/5/6 3435/5/6 3439/5/6
f 3436/3/6 3437/3/6 3440/3/6
f 3439/1/6 3436/1/6 3440/1/6
f 3437/8/6 3430/8/6 3441/8/6
f 3440/3/6 3437/3/6 3441/3/6
f 3441/8/6 3430/8/6 3442/8/6
f 3438/4/6 3439/4/6 3443/4/6
f 3439/3/6 3440/3/6 3444/3/6
f 3443/4/6 3439/4/6 3444/4/6
f 3440/3/6 3441/3/6 3444/3/6
f 3444/3/6 3441/3/6 3445/3/6
f 3441/7/6 3442/7/6 3446/7/6
f 3445/3/6 3441/3/6 3446/3/6
f 3443/6/6 3444/6/6 3447/6/6
f 3444/2/6 3445/2/6 3448/2/6
f 3447/6/6 3444/6/6 3448/6/6
f 3445/6/6 3446/6/6 3449/6/6
f 3448/2/6 3445/2/6 3449/2/6
f 3446/7/6 3442/7/6 3450/7/6
f 3449/6/6 3446/6/6 3450/6/6
f 3450/7/6 3442/7/6 3451/7/6
f 3447/8/6 3448/8/6 3452/8/6
f 3448/1/6 3449/1/6 3453/1/6
f 3452/8/6 3448/8/6 3453/8/6
f 3449/7/6 3450/7/6 3454/7/6
f 3453/1/6 3449/1/6 3454/1/6
f 3450/8/6 3451/8/6 3455/8/6
f 3454/7/6 3450/7/6 3455/7/6
f 3455/8/6 3451/8/6 3456/8/6
f 3452/7/6 3453/7/6 3457/7/6
f 3453/2/6 3454/2/6 3458/2/6
f 3457/7/6 3453/7/6 3458/7/6
f 3454/7/6 3455/7/6 3459/7/6
f 3458/2/6 3454/2/6 3459/2/6
f 3455/7/6 3456/7/6 3459/7/6
f 3459/7/6 3456/7/6 3460/7/6
f 3460/7/6 3456/7/6 3461/7/6
f 3457/8/6 3458/8/6 3462/8/6
f 3458/3/6 3459/3/6 3463/3/6
f 3462/8/6 3458/8/6 3463/8/6
f 3459/6/6 3460/6/6 3464/6/6
f 3463/3/6 3459/3/6 3464/3/6
f 3460/8/6 3461/8/6 3465/8/6
f 3464/6/6 3460/6/6 3465/6/6
f 3462/7/6 3463/7/6 3466/7/6
f 3463/1/6 3464/1/6 3466/1/6
f 3464/8/6 3465/8/6 3467/8/6
f 3466/1/6 3464/1/6 3467/1/6
f 3465/8/6 3461/8/6 3468/8/6
f 3467/8/6 3465/8/6 3468/8/6
f 3462/7/6 3466/7/6 3469/7/6
f 3466/2/6 3467/2/6 3470/2/6
f 3469/7/6 3466/7/6 3470/7/6
f 3467/7/6 3468/7/6 3471/7/6
f 3470/2/6 3467/2/6 3471/2/6
f 3471/7/6 3468/7/6 3472/7/6
f 3472/7/6 3468/7/6 3473/7/6
f 3469/3/6 3470/3/6 3474/3/6
f 3470/1/6 3471/1/6 3475/1/6
f 3474/3/6 3470/3/6 3475/3/6
f 3471/4/6 3472/4/6 3476/4/6
f 3475/1/6 3471/1/6 3476/1/6
f 3472/8/6 3473/8/6 3477/8/6
f 3476/4/6 3472/4/6 3477/4/6
f 3477/8/6 3473/8/6 3478/8/6
f 3474/2/6 3475/2/6 3479/2/6
f 3475/3/6 3476/3/6 3480/3/6
f 3479/2/6 3475/2/6 3480/2/6
f 3476/3/6 3477/3/6 3480/3/6
f 3480/3/6 3477/3/6 3481/3/6
f 3477/6/6 3478/6/6 3482/6/6
f 3481/3/6 3477/3/6 3482/3/6
f 3482/6/6 3478/6/6 3483/6/6
f 3480/1/6 3481/1/6 3484/1/6
f 3479/1/6 3480/1/6 3484/1/6
f 3481/4/6 3482/4/6 3485/4/6
f 3484/1/6 3481/1/6 3485/1/6
f 3484/3/6 3485/3/6 3486/3/6
f 3485/4/6 3482/4/6 3487/4/6
f 3486/3/6 3485/3/6 3487/3/6
f 3482/7/6 3483/7/6 3488/7/6
f 3487/4/6 3482/4/6 3488/4/6
f 3488/7/6 3483/7/6 3489/7/6
f 3484/3/6 3486/3/6 3490/3/6
f 3486/1/6 3487/1/6 3491/1/6
f 3490/3/6 3486/3/6 3491/3/6
f 3487/2/6 3488/2/6 3492/2/6
f 3491/1/6 3487/1/6 3492/1/6
f 3488/2/6 3489/2/6 3492/2/6
f 3492/2/6 3489/2/6 3493/2/6
f 3493/2/6 3489/2/6 3494/2/6
f 3490/2/6 3491/2/6 3495/2/6
f 3491/3/6 3492/3/6 3496/3/6
f 3495/2/6 3491/2/6 3496/2/6
f 3492/4/6 3493/4/6 3497/4/6
f 3496/3/6 3492/3/6 3497/3/6
f 3493/3/6 3494/3/6 3498/3/6
f 3497/4/6 3493/4/6 3498/4/6
f 3495/3/6 3496/3/6 3499/3/6
f 3496/3/6 3497/3/6 3499/3/6
f 3497/2/6 3498/2/6 3500/2/6
f 3499/3/6 3497/3/6 3500/3/6
f 3498/3/6 3494/3/6 3501/3/6
f 3500/2/6 3498/2/6 3501/2/6
f 3495/3/6 3499/3/6 3502/3/6
f 3499/2/6 3500/2/6 3503/2/6
f 3502/3/6 3499/3/6 3503/3/6
f 3500/3/6 3501/3/6 3504/3/6
f 3503/2/6 3500/2/6 3504/2/6
f 3501/3/6 3494/3/6 3505/3/6
f 3504/3/6 3501/3/6 3505/3/6
f 3505/3/6 3494/3/6 3506/3/6
f 3502/2/6 3503/2/6 3507/2/6
f 3503/3/6 3504/3/6 3508/3/6
f 3507/2/6 3503/2/6 3508/2/6
f 3504/4/6 3505/4/6 3509/4/6
f 3508/3/6 3504/3/6 3509/3/6
f 3505/1/6 3506/1/6 3510/1/6
f 3509/4/6 3505/4/6 3510/4/6
f 3510/1/6 3506/1/6 3511/1/6
f 3507/1/6 3508/1/6 3512/1/6
f 3508/1/6 3509/1/6 3512/1/6
f 3509/4/6 3510/4/6 3512/4/6
f 3510/2/6 3511/2/6 3513/2/6
f 3512/4/6 3510/4/6 3513/4/6
f 3507/1/6 3512/1/6 3514/1/6
f 3512/5/6 3513/5/6 3515/5/6
f 3514/1/6 3512/1/6 3515/1/6
f 3513/2/6 3511/2/6 3516/2/6
f 3515/5/6 3513/5/6 3516/5/6
f 3516/2/6 3511/2/6 3517/2/6
f 3514/3/6 3515/3/6 3518/3/6
f 3518/3/6 3515/3/6 3519/3/6
f 3515/6/6 3516/6/6 3520/6/6
f 3519/3/6 3515/3/6 3520/3/6
f 3516/3/6 3517/3/6 3521/3/6
f 3520/6/6 3516/6/6 3521/6/6
f 3518/2/6 3519/2/6 3522/2/6
f 3519/1/6 3520/1/6 3523/1/6
f 3522/2/6 3519/2/6 3523/2/6
f 3520/5/6 3521/5/6 3524/5/6
f 3523/1/6 3520/1/6 3524/1/6
f 3521/3/6 3517/3/6 3525/3/6
f 3524/5/6 3521/5/6 3525/5/6
f 3525/3/6 3517/3/6 3526/3/6
f 3522/3/6 3523/3/6 3527/3/6
f 3523/2/6 3524/2/6 3528/2/6
f 3527/3/6 3523/3/6 3528/3/6
f 3524/6/6 3525/6/6 3529/6/6
f 3528/2/6 3524/2/6 3529/2/6
f 3525/1/6 3526/1/6 3530/1/6
f 3529/6/6 3525/6/6 3530/6/6
f 3530/1/6 3526/1/6 3531/1/6
f 3527/5/6 3528/5/6 3532/5/6
f 3528/7/6 3529/7/6 3533/7/6
f 3532/5/6 3528/5/6 3533/5/6
f 3529/5/6 3530/5/6 3534/5/6
f 3533/7/6 3529/7/6 3534/7/6
f 3530/5/6 3531/5/6 3534/5/6
f 3534/5/6 3531/5/6 3535/5/6
f 3532/6/6 3533/6/6 3536/6/6
f 3533/6/6 3534/6/6 3536/6/6
f 3534/6/6 3535/6/6 3536/6/6
f 3536/6/6 3535/6/6 3537/6/6
f 3537/6/6 3535/6/6 3538/6/6
f 3538/6/6 3535/6/6 3539/6/6
f 3532/6/6 3536/6/6 3540/6/6
f 3536/7/6 3537/7/6 3541/7/6
f 3540/6/6 3536/6/6 3541/6/6
f 3537/6/6 3538/6/6 3542/6/6
f 3541/7/6 3537/7/6 3542/7/6
f 3538/5/6 3539/5/6 3543/5/6
f 3542/6/6 3538/6/6 3543/6/6
f 3543/5/6 3539/5/6 3544/5/6
f 3540/5/6 3541/5/6 3545/5/6
f 3541/6/6 3542/6/6 3546/6/6
f 3545/5/6 3541/5/6 3546/5/6
f 3542/4/6 3543/4/6 3547/4/6
f 3546/6/6 3542/6/6 3547/6/6
f 3543/6/6 3544/6/6 3548/6/6
f 3547/4/6 3543/4/6 3548/4/6
f 3548/6/6 3544/6/6 3549/6/6
f 3545/4/6 3546/4/6 3550/4/6
f 3546/7/6 3547/7/6 3550/7/6
f 3547/4/6 3548/4/6 3551/4/6
f 3550/7/6 3547/7/6 3551/7/6
f 3548/7/6 3549/7/6 3552/7/6
f 3551/4/6 3548/4/6 3552/4/6
f 3545/4/6 3550/4/6 3553/4/6
f 3550/6/6 3551/6/6 3554/6/6
f 3553/4/6 3550/4/6 3554/4/6
f 3551/6/6 3552/6/6 3554/6/6
f 3554/6/6 3552/6/6 3555/6/6
f 3552/7/6 3549/7/6 3556/7/6
f 3555/6/6 3552/6/6 3556/6/6
f 3556/7/6 3549/7/6 3557/7/6
f 3553/3/6 3554/3/6 3558/3/6
f 3554/7/6 3555/7/6 3559/7/6
f 3558/3/6 3554/3/6 3559/3/6
f 3555/4/6 3556/4/6 3560/4/6
f 3559/7/6 3555/7/6 3560/7/6
f 3556/8/6 3557/8/6 3561/8/6
f 3560/4/6 3556/4/6 3561/4/6
f 3561/8/6 3557/8/6 3562/8/6
f 3558/5/6 3559/5/6 3563/5/6
f 3559/6/6 3560/6/6 3564/6/6
f 3563/5/6 3559/5/6 3564/5/6
f 3560/6/6 3561/6/6 3564/6/6
f 3561/6/6 3562/6/6 3564/6/6
f 3564/6/6 3562/6/6 3565/6/6
f 3565/6/6 3562/6/6 3566/6/6
f 3566/6/6 3562/6/6 3567/6/6
f 3563/3/6 3564/3/6 3568/3/6
f 3564/7/6 3565/7/6 3569/7/6
f 3568/3/6 3564/3/6 3569/3/6
f 3565/6/6 3566/6/6 3570/6/6
f 3569/7/6 3565/7/6 3570/7/6
f 3566/8/6 3567/8/6 3571/8/6
f 3570/6/6 3566/6/6 3571/6/6
f 3571/8/6 3567/8/6 3572/8/6
f 3568/5/6 3569/5/6 3573/5/6
f 3569/7/6 3570/7/6 3574/7/6
f 3573/5/6 3569/5/6 3574/5/6
f 3570/4/6 3571/4/6 3575/4/6
f 3574/7/6 3570/7/6 3575/7/6
f 3571/7/6 3572/7/6 3576/7/6
f 3575/4/6 3571/4/6 3576/4/6
f 3576/7/6 3572/7/6 3577/7/6
f 3573/4/6 3574/4/6 3578/4/6
f 3574/6/6 3575/6/6 3579/6/6
f 3578/4/6 3574/4/6 3579/4/6
f 3575/8/6 3576/8/6 3580/8/6
f 3579/6/6 3575/6/6 3580/6/6
f 3576/8/6 3577/8/6 3580/8/6
f 3580/8/6 3577/8/6 3581/8/6
f 3581/8/6 3577/8/6 3582/8/6
f 3578/3/6 3579/3/6 3583/3/6
f 3579/7/6 3580/7/6 3584/7/6
f 3583/3/6 3579/3/6 3584/3/6
f 3580/6/6 3581/6/6 3585/6/6
f 3584/7/6 3580/7/6 3585/7/6
f 3581/7/6 3582/7/6 3586/7/6
f 3585/6/6 3581/6/6 3586/6/6
f 3583/4/6 3584/4/6 3587/4/6
f 3584/5/6 3585/5/6 3588/5/6
f 3587/4/6 3584/4/6 3588/4/6
f 3585/8/6 3586/8/6 3589/8/6
f 3588/5/6 3585/5/6 3589/5/6
f 3586/7/6 3582/7/6 3590/7/6
f 3589/8/6 3586/8/6 3590/8/6
f 3590/7/6 3582/7/6 3591/7/6
f 3588/7/6 3589/7/6 3592/7/6
f 3587/3/6 3588/3/6 3592/3/6
f 3589/7/6 3590/7/6 3592/7/6
f 3592/7/6 3590/7/6 3593/7/6
f 3590/5/6 3591/5/6 3594/5/6
f 3593/7/6 3590/7/6 3594/7/6
f 3594/5/6 3591/5/6 3595/5/6
f 3587/3/6 3592/3/6 3596/3/6
f 3592/6/6 3593/6/6 3597/6/6
f 3596/3/6 3592/3/6 3597/3/6
f 3593/7/6 3594/7/6 3598/7/6
f 3597/6/6 3593/6/6 3598/6/6
f 3594/7/6 3595/7/6 3598/7/6
f 3596/4/6 3597/4/6 3599/4/6
f 3597/7/6 3598/7/6 3600/7/6
f 3599/4/6 3597/4/6 3600/4/6
f 3598/7/6 3595/7/6 3601/7/6
f 3600/7/6 3598/7/6 3601/7/6
f 3601/7/6 3595/7/6 3602/7/6
f 3602/7/6 3595/7/6 3603/7/6
f 3599/2/6 3600/2/6 3604/2/6
f 3600/6/6 3601/6/6 3604/6/6
f 3601/4/6 3602/4/6 3605/4/6
f 3604/6/6 3601/6/6 3605/6/6
f 3599/2/6 3604/2/6 3606/2/6
f 3604/7/6 3605/7/6 3607/7/6
f 3606/2/6 3604/2/6 3607/2/6
f 3605/4/6 3602/4/6 3608/4/6
f 3607/7/6 3605/7/6 3608/7/6
f 3602/5/6 3603/5/6 3609/5/6
f 3608/4/6 3602/4/6 3609/4/6
f 3609/5/6 3603/5/6 3610/5/6
f 3606/3/6 3607/3/6 3611/3/6
f 3607/6/6 3608/6/6 3612/6/6
f 3611/3/6 3607/3/6 3612/3/6
f 3608/5/6 3609/5/6 3613/5/6
f 3612/6/6 3608/6/6 3613/6/6
f 3609/6/6 3610/6/6 3614/6/6
f 3613/5/6 3609/5/6 3614/5/6
f 3614/6/6 3610/6/6 3615/6/6
f 3611/2/6 3612/2/6 3616/2/6
f 3612/5/6 3613/5/6 3616/5/6
f 3613/3/6 3614/3/6 3617/3/6
f 3616/5/6 3613/5/6 3617/5/6
f 3614/5/6 3615/5/6 3618/5/6
f 3617/3/6 3614/3/6 3618/3/6
f 3616/6/6 3617/6/6 3619/6/6
f 3611/2/6 3616/2/6 3619/2/6
f 3617/4/6 3618/4/6 3620/4/6
f 3619/6/6 3617/6/6 3620/6/6
f 3618/5/6 3615/5/6 3621/5/6
f 3620/4/6 3618/4/6 3621/4/6
f 3621/5/6 3615/5/6 3622/5/6
f 3611/2/6 3619/2/6 3623/2/6
f 3619/5/6 3620/5/6 3624/5/6
f 3623/2/6 3619/2/6 3624/2/6
f 3620/5/6 3621/5/6 3624/5/6
f 3624/5/6 3621/5/6 3625/5/6
f 3621/7/6 3622/7/6 3626/7/6
f 3625/5/6 3621/5/6 3626/5/6
f 3626/7/6 3622/7/6 3627/7/6
f 3623/3/6 3624/3/6 3628/3/6
f 3624/7/6 3625/7/6 3629/7/6
f 3628/3/6 3624/3/6 3629/3/6
f 3625/5/6 3626/5/6 3630/5/6
f 3629/7/6 3625/7/6 3630/7/6
f 3626/6/6 3627/6/6 3631/6/6
f 3630/5/6 3626/5/6 3631/5/6
f 3631/6/6 3627/6/6 3632/6/6
f 3628/2/6 3629/2/6 3633/2/6
f 3629/6/6 3630/6/6 3634/6/6
f 3633/2/6 3629/2/6 3634/2/6
f 3630/3/6 3631/3/6 3635/3/6
f 3634/6/6 3630/6/6 3635/6/6
f 3631/4/6 3632/4/6 3636/4/6
f 3635/3/6 3631/3/6 3636/3/6
f 3636/4/6 3632/4/6 3637/4/6
f 3633/4/6 3634/4/6 3638/4/6
f 3634/7/6 3635/7/6 3639/7/6
f 3638/4/6 3634/4/6 3639/4/6
f 3635/5/6 3636/5/6 3640/5/6
f 3639/7/6 3635/7/6 3640/7/6
f 3636/3/6 3637/3/6 3641/3/6
f 3640/5/6 3636/5/6 3641/5/6
f 3641/3/6 3637/3/6 3642/3/6
f 3638/3/6 3639/3/6 3643/3/6
f 3639/6/6 3640/6/6 3644/6/6
f 3643/3/6 3639/3/6 3644/3/6
f 3640/3/6 3641/3/6 3645/3/6
f 3644/6/6 3640/6/6 3645/6/6
f 3641/5/6 3642/5/6 3646/5/6
f 3645/3/6 3641/3/6 3646/3/6
f 3646/5/6 3642/5/6 3647/5/6
f 3643/7/6 3644/7/6 3648/7/6
f 3644/5/6 3645/5/6 3649/5/6
f 3648/7/6 3644/7/6 3649/7/6
f 3645/1/6 3646/1/6 3650/1/6
f 3649/5/6 3645/5/6 3650/5/6
f 3646/3/6 3647/3/6 3651/3/6
f 3650/1/6 3646/1/6 3651/1/6
f 3648/6/6 3649/6/6 3652/6/6
f 3649/7/6 3650/7/6 3653/7/6
f 3652/6/6 3649/6/6 3653/6/6
f 3650/2/6 3651/2/6 3654/2/6
f 3653/7/6 3650/7/6 3654/7/6
f 3651/3/6 3647/3/6 3655/3/6
f 3654/2/6 3651/2/6 3655/2/6
f 3652/5/6 3653/5/6 3656/5/6
f 3653/7/6 3654/7/6 3657/7/6
f 3656/5/6 3653/5/6 3657/5/6
f 3654/1/6 3655/1/6 3658/1/6
f 3657/7/6 3654/7/6 3658/7/6
f 3655/3/6 3647/3/6 3659/3/6
f 3658/1/6 3655/1/6 3659/1/6
f 3659/3/6 3647/3/6 3660/3/6
f 3657/5/6 3658/5/6 3661/5/6
f 3656/7/6 3657/7/6 3661/7/6
f 3658/2/6 3659/2/6 3662/2/6
f 3661/5/6 3658/5/6 3662/5/6
f 3659/4/6 3660/4/6 3663/4/6
f 3662/2/6 3659/2/6 3663/2/6
f 3663/4/6 3660/4/6 3664/4/6
f 3656/7/6 3661/7/6 3665/7/6
f 3661/6/6 3662/6/6 3666/6/6
f 3665/7/6 3661/7/6 3666/7/6
f 3662/2/6 3663/2/6 3667/2/6
f 3666/6/6 3662/6/6 3667/6/6
f 3663/5/6 3664/5/6 3668/5/6
f 3667/2/6 3663/2/6 3668/2/6
f 3665/5/6 3666/5/6 3669/5/6
f 3666/6/6 3667/6/6 3670/6/6
f 3669/5/6 3666/5/6 3670/5/6
f 3667/1/6 3668/1/6 3671/1/6
f 3670/6/6 3667/6/6 3671/6/6
f 3668/5/6 3664/5/6 3672/5/6
f 3671/1/6 3668/1/6 3672/1/6
f 3669/7/6 3670/7/6 3673/7/6
f 3670/6/6 3671/6/6 3674/6/6
f 3673/7/6 3670/7/6 3674/7/6
f 3671/3/6 3672/3/6 3675/3/6
f 3674/6/6 3671/6/6 3675/6/6
f 3672/5/6 3664/5/6 3676/5/6
f 3675/3/6 3672/3/6 3676/3/6
f 3676/5/6 3664/5/6 3677/5/6
f 3673/6/6 3674/6/6 3678/6/6
f 3674/7/6 3675/7/6 3679/7/6
f 3678/6/6 3674/6/6 3679/6/6
f 3675/3/6 3676/3/6 3680/3/6
f 3679/7/6 3675/7/6 3680/7/6
f 3678/5/6 3679/5/6 3681/5/6
f 3679/8/6 3680/8/6 3682/8/6
f 3681/5/6 3679/5/6 3682/5/6
f 3680/3/6 3676/3/6 3683/3/6
f 3682/8/6 3680/8/6 3683/8/6
f 3676/4/6 3677/4/6 3684/4/6
f 3683/3/6 3676/3/6 3684/3/6
f 3684/4/6 3677/4/6 3685/4/6
f 3681/6/6 3682/6/6 3686/6/6
f 3682/6/6 3683/6/6 3686/6/6
f 3683/4/6 3684/4/6 3687/4/6
f 3686/6/6 3683/6/6 3687/6/6
f 3684/3/6 3685/3/6 3688/3/6
f 3687/4/6 3684/4/6 3688/4/6
f 3688/3/6 3685/3/6 3689/3/6
f 3686/8/6 3687/8/6 3690/8/6
f 3687/4/6 3688/4/6 3691/4/6
f 3690/8/6 3687/8/6 3691/8/6
f 3688/4/6 3689/4/6 3691/4/6
f 3691/4/6 3689/4/6 3692/4/6
f 3692/4/6 3689/4/6 3693/4/6
f 3686/8/6 3690/8/6 3694/8/6
f 3690/7/6 3691/7/6 3695/7/6
f 3694/8/6 3690/8/6 3695/8/6
f 3691/5/6 3692/5/6 3696/5/6
f 3695/7/6 3691/7/6 3696/7/6
f 3692/3/6 3693/3/6 3697/3/6
f 3696/5/6 3692/5/6 3697/5/6
f 3697/3/6 3693/3/6 3698/3/6
f 3694/6/6 3695/6/6 3699/6/6
f 3695/8/6 3696/8/6 3700/8/6
f 3699/6/6 3695/6/6 3700/6/6
f 3696/5/6 3697/5/6 3701/5/6
f 3700/8/6 3696/8/6 3701/8/6
f 3697/5/6 3698/5/6 3701/5/6
f 3701/5/6 3698/5/6 3702/5/6
f 3699/8/6 3700/8/6 3703/8/6
f 3700/6/6 3701/6/6 3704/6/6
f 3703/8/6 3700/8/6 3704/8/6
f 3701/6/6 3702/6/6 3704/6/6
f 3704/6/6 3702/6/6 3705/6/6
f 3702/5/6 3698/5/6 3706/5/6
f 3705/6/6 3702/6/6 3706/6/6
f 3704/7/6 3705/7/6 3707/7/6
f 3703/7/6 3704/7/6 3707/7/6
f 3705/4/6 3706/4/6 3708/4/6
f 3707/7/6 3705/7/6 3708/7/6
f 3703/7/6 3707/7/6 3709/7/6
f 3707/6/6 3708/6/6 3709/6/6
f 3708/4/6 3706/4/6 3710/4/6
f 3709/6/6 3708/6/6 3710/6/6
f 3706/5/6 3698/5/6 3711/5/6
f 3710/4/6 3706/4/6 3711/4/6
f 3711/5/6 3698/5/6 3712/5/6
f 3703/7/6 3709/7/6 3713/7/6
f 3709/8/6 3710/8/6 3714/8/6
f 3713/7/6 3709/7/6 3714/7/6
f 3710/5/6 3711/5/6 3715/5/6
f 3714/8/6 3710/8/6 3715/8/6
f 3711/6/6 3712/6/6 3716/6/6
f 3715/5/6 3711/5/6 3716/5/6
f 3716/6/6 3712/6/6 3717/6/6
