# MagicaVoxel @ Ephtracy

# group
o wood-dark-8x8

# material
mtllib beams-9-wood-dark-8x8.mtl
usemtl palette

# normals
vn -1 0 0
vn 1 0 0
vn 0 0 1
vn 0 0 -1
vn 0 -1 0
vn 0 1 0

# texcoords
vt 0.220703 0.5
vt 0.224609 0.5
vt 0.228516 0.5
vt 0.232422 0.5
vt 0.236328 0.5
vt 0.240234 0.5
vt 0.244141 0.5
vt 0.248047 0.5
vt 0.251953 0.5
vt 0.255859 0.5
vt 0.259766 0.5
vt 0.263672 0.5
vt 0.267578 0.5

# verts
v -4.5 0.1 6.3
v -4.5 0.1 6.2
v -4.5 0.1 5.9
v -4.5 0.1 5.7
v -4.5 0.1 5.5
v -4.5 0.1 5.2
v -4.5 0.1 5
v -4.5 0.1 4.8
v -4.5 0.1 4.7
v -4.5 0.1 4.6
v -4.5 0.1 4.4
v -4.5 0.1 4.3
v -4.5 0.1 4.2
v -4.5 0.1 4.1
v -4.5 0.1 4
v -4.5 0.1 3.9
v -4.5 0.1 3.8
v -4.5 0.1 3.6
v -4.5 0.1 3.5
v -4.5 0.1 3.4
v -4.5 0.1 3.2
v -4.5 0.1 3.1
v -4.5 0.1 3
v -4.5 0.1 2.8
v -4.5 0.1 2.7
v -4.5 0.1 2.5
v -4.5 0.1 2.4
v -4.5 0.1 2.1
v -4.5 0.1 1.8
v -4.5 0.1 1.6
v -4.5 0.1 1.2
v -4.5 0.1 0.9
v -4.5 0.1 0.8
v -4.5 0.1 0.7
v -4.5 0.1 0.6
v -4.5 0.1 0.4
v -4.5 0.1 0.2
v -4.5 0.1 0.1
v -4.5 0.1 -0.1
v -4.5 0.1 -0.2
v -4.5 0.1 -0.4
v -4.5 0.1 -0.5
v -4.5 0.1 -0.6
v -4.5 0.1 -0.8
v -4.5 0.1 -0.9
v -4.5 0.1 -1.1
v -4.5 0.1 -1.4
v -4.5 0.1 -1.5
v -4.5 0.1 -1.6
v -4.5 0.1 -1.7
v -4.5 0.1 -1.8
v -4.5 0.1 -2
v -4.5 0.1 -2.1
v -4.5 0.1 -2.4
v -4.5 0.1 -2.5
v -4.5 0.1 -2.6
v -4.5 0.1 -2.9
v -4.5 0.1 -3
v -4.5 0.1 -3.1
v -4.5 0.1 -3.3
v -4.5 0.1 -3.6
v -4.5 0.1 -3.7
v -4.5 0.1 -3.8
v -4.5 0.1 -3.9
v -4.5 0.1 -4
v -4.5 0.1 -4.1
v -4.5 0.1 -4.7
v -4.5 0.1 -5
v -4.5 0.1 -5.1
v -4.5 0.1 -5.3
v -4.5 0.1 -5.4
v -4.5 0.1 -5.5
v -4.5 0.1 -5.6
v -4.5 0.1 -6
v -4.5 0.1 -6.1
v -4.5 0.1 -6.3
v -4.5 0.2 6.3
v -4.5 0.2 6.2
v -4.5 0.2 6.1
v -4.5 0.2 6
v -4.5 0.2 5.9
v -4.5 0.2 5.8
v -4.5 0.2 5.7
v -4.5 0.2 5.6
v -4.5 0.2 5.5
v -4.5 0.2 5.4
v -4.5 0.2 5.2
v -4.5 0.2 5.1
v -4.5 0.2 5
v -4.5 0.2 4.8
v -4.5 0.2 4.7
v -4.5 0.2 4.6
v -4.5 0.2 4.5
v -4.5 0.2 4.4
v -4.5 0.2 4.3
v -4.5 0.2 4.2
v -4.5 0.2 4.1
v -4.5 0.2 4
v -4.5 0.2 3.9
v -4.5 0.2 3.8
v -4.5 0.2 3.6
v -4.5 0.2 3.5
v -4.5 0.2 3.4
v -4.5 0.2 3.3
v -4.5 0.2 3.1
v -4.5 0.2 3
v -4.5 0.2 2.9
v -4.5 0.2 2.8
v -4.5 0.2 2.7
v -4.5 0.2 2.5
v -4.5 0.2 2.4
v -4.5 0.2 2.3
v -4.5 0.2 2.2
v -4.5 0.2 2.1
v -4.5 0.2 2
v -4.5 0.2 1.8
v -4.5 0.2 1.7
v -4.5 0.2 1.6
v -4.5 0.2 1.5
v -4.5 0.2 1.3
v -4.5 0.2 1.2
v -4.5 0.2 1.1
v -4.5 0.2 1
v -4.5 0.2 0.9
v -4.5 0.2 0.8
v -4.5 0.2 0.7
v -4.5 0.2 0.6
v -4.5 0.2 0.5
v -4.5 0.2 0.4
v -4.5 0.2 0.2
v -4.5 0.2 0.1
v -4.5 0.2 0
v -4.5 0.2 -0.1
v -4.5 0.2 -0.2
v -4.5 0.2 -0.3
v -4.5 0.2 -0.4
v -4.5 0.2 -0.5
v -4.5 0.2 -0.6
v -4.5 0.2 -0.8
v -4.5 0.2 -0.9
v -4.5 0.2 -1.1
v -4.5 0.2 -1.3
v -4.5 0.2 -1.4
v -4.5 0.2 -1.5
v -4.5 0.2 -1.6
v -4.5 0.2 -1.7
v -4.5 0.2 -1.8
v -4.5 0.2 -1.9
v -4.5 0.2 -2
v -4.5 0.2 -2.1
v -4.5 0.2 -2.2
v -4.5 0.2 -2.3
v -4.5 0.2 -2.4
v -4.5 0.2 -2.5
v -4.5 0.2 -2.6
v -4.5 0.2 -2.8
v -4.5 0.2 -2.9
v -4.5 0.2 -3.1
v -4.5 0.2 -3.2
v -4.5 0.2 -3.3
v -4.5 0.2 -3.4
v -4.5 0.2 -3.6
v -4.5 0.2 -3.7
v -4.5 0.2 -3.8
v -4.5 0.2 -3.9
v -4.5 0.2 -4
v -4.5 0.2 -4.1
v -4.5 0.2 -4.2
v -4.5 0.2 -4.3
v -4.5 0.2 -4.7
v -4.5 0.2 -4.8
v -4.5 0.2 -5
v -4.5 0.2 -5.1
v -4.5 0.2 -5.2
v -4.5 0.2 -5.3
v -4.5 0.2 -5.4
v -4.5 0.2 -5.5
v -4.5 0.2 -5.6
v -4.5 0.2 -5.7
v -4.5 0.2 -5.8
v -4.5 0.2 -5.9
v -4.5 0.2 -6
v -4.5 0.2 -6.1
v -4.5 0.2 -6.3
v -4.5 0.3 6.3
v -4.5 0.3 6.2
v -4.5 0.3 6.1
v -4.5 0.3 6
v -4.5 0.3 5.9
v -4.5 0.3 5.8
v -4.5 0.3 5.7
v -4.5 0.3 5.6
v -4.5 0.3 5.5
v -4.5 0.3 5.4
v -4.5 0.3 5.2
v -4.5 0.3 5.1
v -4.5 0.3 5
v -4.5 0.3 4.9
v -4.5 0.3 4.8
v -4.5 0.3 4.7
v -4.5 0.3 4.6
v -4.5 0.3 4.5
v -4.5 0.3 4.4
v -4.5 0.3 4.3
v -4.5 0.3 4.2
v -4.5 0.3 4.1
v -4.5 0.3 4
v -4.5 0.3 3.8
v -4.5 0.3 3.6
v -4.5 0.3 3.5
v -4.5 0.3 3.4
v -4.5 0.3 3.3
v -4.5 0.3 3.2
v -4.5 0.3 3.1
v -4.5 0.3 3
v -4.5 0.3 2.9
v -4.5 0.3 2.8
v -4.5 0.3 2.7
v -4.5 0.3 2.6
v -4.5 0.3 2.5
v -4.5 0.3 2.4
v -4.5 0.3 2.3
v -4.5 0.3 2.1
v -4.5 0.3 2
v -4.5 0.3 1.9
v -4.5 0.3 1.5
v -4.5 0.3 1.4
v -4.5 0.3 1.2
v -4.5 0.3 1.1
v -4.5 0.3 1
v -4.5 0.3 0.9
v -4.5 0.3 0.8
v -4.5 0.3 0.7
v -4.5 0.3 0.6
v -4.5 0.3 0.5
v -4.5 0.3 0.4
v -4.5 0.3 0.3
v -4.5 0.3 0.2
v -4.5 0.3 0.1
v -4.5 0.3 0
v -4.5 0.3 -0.1
v -4.5 0.3 -0.2
v -4.5 0.3 -0.3
v -4.5 0.3 -0.4
v -4.5 0.3 -0.5
v -4.5 0.3 -0.6
v -4.5 0.3 -0.8
v -4.5 0.3 -0.9
v -4.5 0.3 -1
v -4.5 0.3 -1.1
v -4.5 0.3 -1.2
v -4.5 0.3 -1.3
v -4.5 0.3 -1.4
v -4.5 0.3 -1.5
v -4.5 0.3 -1.6
v -4.5 0.3 -1.7
v -4.5 0.3 -1.8
v -4.5 0.3 -1.9
v -4.5 0.3 -2.1
v -4.5 0.3 -2.2
v -4.5 0.3 -2.3
v -4.5 0.3 -2.4
v -4.5 0.3 -2.5
v -4.5 0.3 -2.6
v -4.5 0.3 -2.7
v -4.5 0.3 -2.8
v -4.5 0.3 -3
v -4.5 0.3 -3.1
v -4.5 0.3 -3.2
v -4.5 0.3 -3.4
v -4.5 0.3 -3.5
v -4.5 0.3 -3.7
v -4.5 0.3 -3.8
v -4.5 0.3 -3.9
v -4.5 0.3 -4
v -4.5 0.3 -4.1
v -4.5 0.3 -4.2
v -4.5 0.3 -4.3
v -4.5 0.3 -4.4
v -4.5 0.3 -4.5
v -4.5 0.3 -4.6
v -4.5 0.3 -4.7
v -4.5 0.3 -4.8
v -4.5 0.3 -4.9
v -4.5 0.3 -5
v -4.5 0.3 -5.2
v -4.5 0.3 -5.3
v -4.5 0.3 -5.4
v -4.5 0.3 -5.5
v -4.5 0.3 -5.6
v -4.5 0.3 -5.7
v -4.5 0.3 -5.8
v -4.5 0.3 -5.9
v -4.5 0.3 -6
v -4.5 0.3 -6.1
v -4.5 0.3 -6.2
v -4.5 0.3 -6.3
v -4.5 0.4 6.2
v -4.5 0.4 6.1
v -4.5 0.4 6
v -4.5 0.4 5.8
v -4.5 0.4 5.7
v -4.5 0.4 5.6
v -4.5 0.4 5.5
v -4.5 0.4 5.4
v -4.5 0.4 5.3
v -4.5 0.4 5.2
v -4.5 0.4 5.1
v -4.5 0.4 5
v -4.5 0.4 4.9
v -4.5 0.4 4.8
v -4.5 0.4 4.7
v -4.5 0.4 4.5
v -4.5 0.4 4.4
v -4.5 0.4 4.3
v -4.5 0.4 4.2
v -4.5 0.4 4.1
v -4.5 0.4 4
v -4.5 0.4 3.9
v -4.5 0.4 3.8
v -4.5 0.4 3.7
v -4.5 0.4 3.6
v -4.5 0.4 3.5
v -4.5 0.4 3.4
v -4.5 0.4 3.2
v -4.5 0.4 3.1
v -4.5 0.4 3
v -4.5 0.4 2.8
v -4.5 0.4 2.6
v -4.5 0.4 2.5
v -4.5 0.4 2.4
v -4.5 0.4 2.3
v -4.5 0.4 2.2
v -4.5 0.4 2.1
v -4.5 0.4 2
v -4.5 0.4 1.9
v -4.5 0.4 1.8
v -4.5 0.4 1.7
v -4.5 0.4 1.6
v -4.5 0.4 1.5
v -4.5 0.4 1.4
v -4.5 0.4 1.3
v -4.5 0.4 1.2
v -4.5 0.4 1.1
v -4.5 0.4 1
v -4.5 0.4 0.9
v -4.5 0.4 0.8
v -4.5 0.4 0.7
v -4.5 0.4 0.6
v -4.5 0.4 0.4
v -4.5 0.4 0.3
v -4.5 0.4 0.1
v -4.5 0.4 0
v -4.5 0.4 -0.1
v -4.5 0.4 -0.2
v -4.5 0.4 -0.3
v -4.5 0.4 -0.4
v -4.5 0.4 -0.5
v -4.5 0.4 -0.6
v -4.5 0.4 -0.8
v -4.5 0.4 -0.9
v -4.5 0.4 -1
v -4.5 0.4 -1.1
v -4.5 0.4 -1.2
v -4.5 0.4 -1.3
v -4.5 0.4 -1.4
v -4.5 0.4 -1.5
v -4.5 0.4 -1.6
v -4.5 0.4 -1.7
v -4.5 0.4 -1.8
v -4.5 0.4 -1.9
v -4.5 0.4 -2
v -4.5 0.4 -2.1
v -4.5 0.4 -2.2
v -4.5 0.4 -2.3
v -4.5 0.4 -2.4
v -4.5 0.4 -2.5
v -4.5 0.4 -2.7
v -4.5 0.4 -2.8
v -4.5 0.4 -2.9
v -4.5 0.4 -3
v -4.5 0.4 -3.1
v -4.5 0.4 -3.3
v -4.5 0.4 -3.4
v -4.5 0.4 -3.5
v -4.5 0.4 -3.8
v -4.5 0.4 -3.9
v -4.5 0.4 -4.1
v -4.5 0.4 -4.2
v -4.5 0.4 -4.3
v -4.5 0.4 -4.4
v -4.5 0.4 -4.5
v -4.5 0.4 -4.6
v -4.5 0.4 -4.7
v -4.5 0.4 -4.8
v -4.5 0.4 -4.9
v -4.5 0.4 -5
v -4.5 0.4 -5.1
v -4.5 0.4 -5.2
v -4.5 0.4 -5.3
v -4.5 0.4 -5.5
v -4.5 0.4 -5.6
v -4.5 0.4 -5.7
v -4.5 0.4 -5.8
v -4.5 0.4 -5.9
v -4.5 0.4 -6
v -4.5 0.4 -6.1
v -4.5 0.4 -6.2
v -4.5 0.4 -6.3
v -4.5 0.5 6.3
v -4.5 0.5 6.2
v -4.5 0.5 6.1
v -4.5 0.5 6
v -4.5 0.5 5.9
v -4.5 0.5 5.8
v -4.5 0.5 5.7
v -4.5 0.5 5.6
v -4.5 0.5 5.5
v -4.5 0.5 5.4
v -4.5 0.5 5.3
v -4.5 0.5 5.1
v -4.5 0.5 5
v -4.5 0.5 4.9
v -4.5 0.5 4.8
v -4.5 0.5 4.7
v -4.5 0.5 4.6
v -4.5 0.5 4.5
v -4.5 0.5 4.4
v -4.5 0.5 4.3
v -4.5 0.5 4.2
v -4.5 0.5 4.1
v -4.5 0.5 4
v -4.5 0.5 3.9
v -4.5 0.5 3.8
v -4.5 0.5 3.7
v -4.5 0.5 3.6
v -4.5 0.5 3.5
v -4.5 0.5 3.4
v -4.5 0.5 3.2
v -4.5 0.5 3.1
v -4.5 0.5 3
v -4.5 0.5 2.9
v -4.5 0.5 2.8
v -4.5 0.5 2.6
v -4.5 0.5 2.5
v -4.5 0.5 2.3
v -4.5 0.5 2.2
v -4.5 0.5 2.1
v -4.5 0.5 2
v -4.5 0.5 1.8
v -4.5 0.5 1.7
v -4.5 0.5 1.6
v -4.5 0.5 1.4
v -4.5 0.5 1.3
v -4.5 0.5 1.2
v -4.5 0.5 1.1
v -4.5 0.5 1
v -4.5 0.5 0.9
v -4.5 0.5 0.8
v -4.5 0.5 0.7
v -4.5 0.5 0.6
v -4.5 0.5 0.5
v -4.5 0.5 0.4
v -4.5 0.5 0.3
v -4.5 0.5 0.2
v -4.5 0.5 0.1
v -4.5 0.5 0
v -4.5 0.5 -0.1
v -4.5 0.5 -0.2
v -4.5 0.5 -0.3
v -4.5 0.5 -0.4
v -4.5 0.5 -0.5
v -4.5 0.5 -0.6
v -4.5 0.5 -0.8
v -4.5 0.5 -0.9
v -4.5 0.5 -1
v -4.5 0.5 -1.1
v -4.5 0.5 -1.2
v -4.5 0.5 -1.3
v -4.5 0.5 -1.4
v -4.5 0.5 -1.5
v -4.5 0.5 -1.6
v -4.5 0.5 -1.7
v -4.5 0.5 -1.9
v -4.5 0.5 -2
v -4.5 0.5 -2.3
v -4.5 0.5 -2.4
v -4.5 0.5 -2.5
v -4.5 0.5 -2.6
v -4.5 0.5 -2.7
v -4.5 0.5 -2.8
v -4.5 0.5 -2.9
v -4.5 0.5 -3
v -4.5 0.5 -3.1
v -4.5 0.5 -3.3
v -4.5 0.5 -3.4
v -4.5 0.5 -3.5
v -4.5 0.5 -3.6
v -4.5 0.5 -3.7
v -4.5 0.5 -3.8
v -4.5 0.5 -3.9
v -4.5 0.5 -4.1
v -4.5 0.5 -4.2
v -4.5 0.5 -4.3
v -4.5 0.5 -4.4
v -4.5 0.5 -4.5
v -4.5 0.5 -4.7
v -4.5 0.5 -4.8
v -4.5 0.5 -5
v -4.5 0.5 -5.1
v -4.5 0.5 -5.2
v -4.5 0.5 -5.3
v -4.5 0.5 -5.5
v -4.5 0.5 -5.6
v -4.5 0.5 -5.7
v -4.5 0.5 -5.8
v -4.5 0.5 -5.9
v -4.5 0.5 -6.2
v -4.5 0.5 -6.3
v -4.5 0.6 6.3
v -4.5 0.6 6.2
v -4.5 0.6 6.1
v -4.5 0.6 6
v -4.5 0.6 5.9
v -4.5 0.6 5.8
v -4.5 0.6 5.6
v -4.5 0.6 5.5
v -4.5 0.6 5.4
v -4.5 0.6 5.3
v -4.5 0.6 5.2
v -4.5 0.6 5.1
v -4.5 0.6 4.8
v -4.5 0.6 4.7
v -4.5 0.6 4.5
v -4.5 0.6 4.4
v -4.5 0.6 4.3
v -4.5 0.6 4.2
v -4.5 0.6 4.1
v -4.5 0.6 4
v -4.5 0.6 3.9
v -4.5 0.6 3.8
v -4.5 0.6 3.7
v -4.5 0.6 3.6
v -4.5 0.6 3.5
v -4.5 0.6 3.4
v -4.5 0.6 3.2
v -4.5 0.6 3.1
v -4.5 0.6 3
v -4.5 0.6 2.9
v -4.5 0.6 2.8
v -4.5 0.6 2.7
v -4.5 0.6 2.6
v -4.5 0.6 2.5
v -4.5 0.6 2.4
v -4.5 0.6 2.3
v -4.5 0.6 2.2
v -4.5 0.6 2.1
v -4.5 0.6 2
v -4.5 0.6 1.9
v -4.5 0.6 1.7
v -4.5 0.6 1.6
v -4.5 0.6 1.5
v -4.5 0.6 1.4
v -4.5 0.6 1.3
v -4.5 0.6 1.2
v -4.5 0.6 1.1
v -4.5 0.6 1
v -4.5 0.6 0.9
v -4.5 0.6 0.8
v -4.5 0.6 0.7
v -4.5 0.6 0.6
v -4.5 0.6 0.5
v -4.5 0.6 0.4
v -4.5 0.6 0.3
v -4.5 0.6 0.2
v -4.5 0.6 0
v -4.5 0.6 -0.2
v -4.5 0.6 -0.3
v -4.5 0.6 -0.4
v -4.5 0.6 -0.5
v -4.5 0.6 -0.6
v -4.5 0.6 -0.8
v -4.5 0.6 -0.9
v -4.5 0.6 -1
v -4.5 0.6 -1.1
v -4.5 0.6 -1.2
v -4.5 0.6 -1.3
v -4.5 0.6 -1.4
v -4.5 0.6 -1.5
v -4.5 0.6 -1.6
v -4.5 0.6 -1.7
v -4.5 0.6 -1.8
v -4.5 0.6 -1.9
v -4.5 0.6 -2
v -4.5 0.6 -2.1
v -4.5 0.6 -2.2
v -4.5 0.6 -2.3
v -4.5 0.6 -2.4
v -4.5 0.6 -2.5
v -4.5 0.6 -2.6
v -4.5 0.6 -2.7
v -4.5 0.6 -2.8
v -4.5 0.6 -2.9
v -4.5 0.6 -3
v -4.5 0.6 -3.1
v -4.5 0.6 -3.3
v -4.5 0.6 -3.4
v -4.5 0.6 -3.5
v -4.5 0.6 -3.6
v -4.5 0.6 -3.7
v -4.5 0.6 -3.8
v -4.5 0.6 -3.9
v -4.5 0.6 -4
v -4.5 0.6 -4.2
v -4.5 0.6 -4.3
v -4.5 0.6 -4.5
v -4.5 0.6 -4.7
v -4.5 0.6 -4.8
v -4.5 0.6 -4.9
v -4.5 0.6 -5
v -4.5 0.6 -5.1
v -4.5 0.6 -5.2
v -4.5 0.6 -5.3
v -4.5 0.6 -5.4
v -4.5 0.6 -5.5
v -4.5 0.6 -5.6
v -4.5 0.6 -5.7
v -4.5 0.6 -5.8
v -4.5 0.6 -5.9
v -4.5 0.6 -6
v -4.5 0.6 -6.1
v -4.5 0.6 -6.2
v -4.5 0.6 -6.3
v -4.5 0.7 6.3
v -4.5 0.7 6.2
v -4.5 0.7 6.1
v -4.5 0.7 6
v -4.5 0.7 5.9
v -4.5 0.7 5.8
v -4.5 0.7 5.6
v -4.5 0.7 5.5
v -4.5 0.7 5.4
v -4.5 0.7 5.3
v -4.5 0.7 5.2
v -4.5 0.7 5.1
v -4.5 0.7 5
v -4.5 0.7 4.9
v -4.5 0.7 4.8
v -4.5 0.7 4.3
v -4.5 0.7 4.2
v -4.5 0.7 4.1
v -4.5 0.7 4
v -4.5 0.7 3.9
v -4.5 0.7 3.8
v -4.5 0.7 3.7
v -4.5 0.7 3.6
v -4.5 0.7 3.5
v -4.5 0.7 3.4
v -4.5 0.7 3.2
v -4.5 0.7 3.1
v -4.5 0.7 3
v -4.5 0.7 2.9
v -4.5 0.7 2.8
v -4.5 0.7 2.7
v -4.5 0.7 2.5
v -4.5 0.7 2.3
v -4.5 0.7 2.2
v -4.5 0.7 2.1
v -4.5 0.7 2
v -4.5 0.7 1.9
v -4.5 0.7 1.7
v -4.5 0.7 1.6
v -4.5 0.7 1.5
v -4.5 0.7 1.4
v -4.5 0.7 1.3
v -4.5 0.7 1.2
v -4.5 0.7 1.1
v -4.5 0.7 1
v -4.5 0.7 0.8
v -4.5 0.7 0.7
v -4.5 0.7 0.5
v -4.5 0.7 0.4
v -4.5 0.7 0.3
v -4.5 0.7 0.2
v -4.5 0.7 0
v -4.5 0.7 -0.2
v -4.5 0.7 -0.3
v -4.5 0.7 -0.4
v -4.5 0.7 -0.6
v -4.5 0.7 -0.8
v -4.5 0.7 -0.9
v -4.5 0.7 -1
v -4.5 0.7 -1.1
v -4.5 0.7 -1.2
v -4.5 0.7 -1.3
v -4.5 0.7 -1.4
v -4.5 0.7 -1.5
v -4.5 0.7 -1.6
v -4.5 0.7 -1.8
v -4.5 0.7 -2
v -4.5 0.7 -2.1
v -4.5 0.7 -2.2
v -4.5 0.7 -2.3
v -4.5 0.7 -2.4
v -4.5 0.7 -2.6
v -4.5 0.7 -2.7
v -4.5 0.7 -2.8
v -4.5 0.7 -2.9
v -4.5 0.7 -3
v -4.5 0.7 -3.1
v -4.5 0.7 -3.3
v -4.5 0.7 -3.6
v -4.5 0.7 -3.7
v -4.5 0.7 -4
v -4.5 0.7 -4.2
v -4.5 0.7 -4.3
v -4.5 0.7 -4.4
v -4.5 0.7 -4.5
v -4.5 0.7 -4.7
v -4.5 0.7 -4.8
v -4.5 0.7 -4.9
v -4.5 0.7 -5
v -4.5 0.7 -5.1
v -4.5 0.7 -5.3
v -4.5 0.7 -5.4
v -4.5 0.7 -5.6
v -4.5 0.7 -5.7
v -4.5 0.7 -5.8
v -4.5 0.7 -6.1
v -4.5 0.7 -6.3
v -4.4 0 6.3
v -4.4 0 6.2
v -4.4 0 6
v -4.4 0 5.8
v -4.4 0 5.6
v -4.4 0 5.5
v -4.4 0 5.4
v -4.4 0 5.3
v -4.4 0 5.2
v -4.4 0 5.1
v -4.4 0 5
v -4.4 0 4.9
v -4.4 0 4.6
v -4.4 0 4.3
v -4.4 0 4.1
v -4.4 0 3.9
v -4.4 0 3.8
v -4.4 0 3.7
v -4.4 0 3.6
v -4.4 0 3.5
v -4.4 0 3.4
v -4.4 0 3.3
v -4.4 0 3.2
v -4.4 0 3.1
v -4.4 0 3
v -4.4 0 2.9
v -4.4 0 2.8
v -4.4 0 2.7
v -4.4 0 2.5
v -4.4 0 2.4
v -4.4 0 2.3
v -4.4 0 2.1
v -4.4 0 2
v -4.4 0 1.8
v -4.4 0 1.6
v -4.4 0 1.5
v -4.4 0 1.4
v -4.4 0 1.3
v -4.4 0 1.2
v -4.4 0 1.1
v -4.4 0 1
v -4.4 0 0.9
v -4.4 0 0.7
v -4.4 0 0.6
v -4.4 0 0.5
v -4.4 0 0.4
v -4.4 0 0.3
v -4.4 0 0.2
v -4.4 0 0.1
v -4.4 0 -0.2
v -4.4 0 -0.3
v -4.4 0 -0.6
v -4.4 0 -0.7
v -4.4 0 -0.8
v -4.4 0 -1
v -4.4 0 -1.1
v -4.4 0 -1.3
v -4.4 0 -1.4
v -4.4 0 -1.5
v -4.4 0 -1.6
v -4.4 0 -1.7
v -4.4 0 -1.9
v -4.4 0 -2
v -4.4 0 -2.1
v -4.4 0 -2.2
v -4.4 0 -2.4
v -4.4 0 -2.5
v -4.4 0 -2.6
v -4.4 0 -2.8
v -4.4 0 -2.9
v -4.4 0 -3
v -4.4 0 -3.3
v -4.4 0 -3.4
v -4.4 0 -3.5
v -4.4 0 -3.6
v -4.4 0 -3.7
v -4.4 0 -4
v -4.4 0 -4.2
v -4.4 0 -4.3
v -4.4 0 -4.4
v -4.4 0 -4.8
v -4.4 0 -4.9
v -4.4 0 -5
v -4.4 0 -5.1
v -4.4 0 -5.2
v -4.4 0 -5.3
v -4.4 0 -5.4
v -4.4 0 -5.7
v -4.4 0 -5.8
v -4.4 0 -5.9
v -4.4 0 -6
v -4.4 0 -6.1
v -4.4 0 -6.2
v -4.4 0 -6.3
v -4.4 0.1 6.3
v -4.4 0.1 6.2
v -4.4 0.1 6
v -4.4 0.1 5.9
v -4.4 0.1 5.8
v -4.4 0.1 5.7
v -4.4 0.1 5.6
v -4.4 0.1 5.5
v -4.4 0.1 5.4
v -4.4 0.1 5.3
v -4.4 0.1 5.2
v -4.4 0.1 5.1
v -4.4 0.1 5
v -4.4 0.1 4.9
v -4.4 0.1 4.8
v -4.4 0.1 4.7
v -4.4 0.1 4.6
v -4.4 0.1 4.4
v -4.4 0.1 4.3
v -4.4 0.1 4.2
v -4.4 0.1 4.1
v -4.4 0.1 4
v -4.4 0.1 3.9
v -4.4 0.1 3.8
v -4.4 0.1 3.7
v -4.4 0.1 3.6
v -4.4 0.1 3.5
v -4.4 0.1 3.4
v -4.4 0.1 3.3
v -4.4 0.1 3.2
v -4.4 0.1 3.1
v -4.4 0.1 3
v -4.4 0.1 2.9
v -4.4 0.1 2.8
v -4.4 0.1 2.7
v -4.4 0.1 2.5
v -4.4 0.1 2.4
v -4.4 0.1 2.3
v -4.4 0.1 2.1
v -4.4 0.1 2
v -4.4 0.1 1.8
v -4.4 0.1 1.6
v -4.4 0.1 1.5
v -4.4 0.1 1.4
v -4.4 0.1 1.3
v -4.4 0.1 1.2
v -4.4 0.1 1.1
v -4.4 0.1 1
v -4.4 0.1 0.9
v -4.4 0.1 0.8
v -4.4 0.1 0.7
v -4.4 0.1 0.6
v -4.4 0.1 0.5
v -4.4 0.1 0.4
v -4.4 0.1 0.3
v -4.4 0.1 0.2
v -4.4 0.1 0.1
v -4.4 0.1 -0.1
v -4.4 0.1 -0.2
v -4.4 0.1 -0.3
v -4.4 0.1 -0.4
v -4.4 0.1 -0.5
v -4.4 0.1 -0.6
v -4.4 0.1 -0.7
v -4.4 0.1 -0.8
v -4.4 0.1 -0.9
v -4.4 0.1 -1
v -4.4 0.1 -1.1
v -4.4 0.1 -1.3
v -4.4 0.1 -1.4
v -4.4 0.1 -1.5
v -4.4 0.1 -1.6
v -4.4 0.1 -1.7
v -4.4 0.1 -1.8
v -4.4 0.1 -1.9
v -4.4 0.1 -2
v -4.4 0.1 -2.1
v -4.4 0.1 -2.2
v -4.4 0.1 -2.4
v -4.4 0.1 -2.5
v -4.4 0.1 -2.6
v -4.4 0.1 -2.8
v -4.4 0.1 -2.9
v -4.4 0.1 -3
v -4.4 0.1 -3.1
v -4.4 0.1 -3.3
v -4.4 0.1 -3.4
v -4.4 0.1 -3.5
v -4.4 0.1 -3.6
v -4.4 0.1 -3.7
v -4.4 0.1 -3.8
v -4.4 0.1 -3.9
v -4.4 0.1 -4
v -4.4 0.1 -4.1
v -4.4 0.1 -4.2
v -4.4 0.1 -4.3
v -4.4 0.1 -4.4
v -4.4 0.1 -4.7
v -4.4 0.1 -4.8
v -4.4 0.1 -4.9
v -4.4 0.1 -5
v -4.4 0.1 -5.1
v -4.4 0.1 -5.2
v -4.4 0.1 -5.3
v -4.4 0.1 -5.4
v -4.4 0.1 -5.5
v -4.4 0.1 -5.6
v -4.4 0.1 -5.7
v -4.4 0.1 -5.8
v -4.4 0.1 -5.9
v -4.4 0.1 -6
v -4.4 0.1 -6.1
v -4.4 0.1 -6.2
v -4.4 0.1 -6.3
v -4.4 0.7 6.3
v -4.4 0.7 6.2
v -4.4 0.7 6.1
v -4.4 0.7 6
v -4.4 0.7 5.9
v -4.4 0.7 5.8
v -4.4 0.7 5.6
v -4.4 0.7 5.5
v -4.4 0.7 5.4
v -4.4 0.7 5.3
v -4.4 0.7 5.2
v -4.4 0.7 5.1
v -4.4 0.7 5
v -4.4 0.7 4.9
v -4.4 0.7 4.8
v -4.4 0.7 4.6
v -4.4 0.7 4.3
v -4.4 0.7 4.2
v -4.4 0.7 4.1
v -4.4 0.7 4
v -4.4 0.7 3.9
v -4.4 0.7 3.8
v -4.4 0.7 3.7
v -4.4 0.7 3.6
v -4.4 0.7 3.5
v -4.4 0.7 3.4
v -4.4 0.7 3.3
v -4.4 0.7 3.2
v -4.4 0.7 3.1
v -4.4 0.7 3
v -4.4 0.7 2.9
v -4.4 0.7 2.8
v -4.4 0.7 2.7
v -4.4 0.7 2.6
v -4.4 0.7 2.5
v -4.4 0.7 2.4
v -4.4 0.7 2.3
v -4.4 0.7 2.2
v -4.4 0.7 2.1
v -4.4 0.7 2
v -4.4 0.7 1.9
v -4.4 0.7 1.8
v -4.4 0.7 1.7
v -4.4 0.7 1.6
v -4.4 0.7 1.5
v -4.4 0.7 1.4
v -4.4 0.7 1.3
v -4.4 0.7 1.2
v -4.4 0.7 1.1
v -4.4 0.7 1
v -4.4 0.7 0.8
v -4.4 0.7 0.7
v -4.4 0.7 0.5
v -4.4 0.7 0.4
v -4.4 0.7 0.3
v -4.4 0.7 0.2
v -4.4 0.7 0
v -4.4 0.7 -0.2
v -4.4 0.7 -0.3
v -4.4 0.7 -0.4
v -4.4 0.7 -0.6
v -4.4 0.7 -0.8
v -4.4 0.7 -0.9
v -4.4 0.7 -1
v -4.4 0.7 -1.1
v -4.4 0.7 -1.2
v -4.4 0.7 -1.3
v -4.4 0.7 -1.4
v -4.4 0.7 -1.5
v -4.4 0.7 -1.6
v -4.4 0.7 -1.7
v -4.4 0.7 -1.8
v -4.4 0.7 -1.9
v -4.4 0.7 -2
v -4.4 0.7 -2.1
v -4.4 0.7 -2.2
v -4.4 0.7 -2.3
v -4.4 0.7 -2.4
v -4.4 0.7 -2.5
v -4.4 0.7 -2.6
v -4.4 0.7 -2.7
v -4.4 0.7 -2.8
v -4.4 0.7 -2.9
v -4.4 0.7 -3
v -4.4 0.7 -3.1
v -4.4 0.7 -3.2
v -4.4 0.7 -3.3
v -4.4 0.7 -3.5
v -4.4 0.7 -3.6
v -4.4 0.7 -3.7
v -4.4 0.7 -3.8
v -4.4 0.7 -3.9
v -4.4 0.7 -4
v -4.4 0.7 -4.2
v -4.4 0.7 -4.3
v -4.4 0.7 -4.4
v -4.4 0.7 -4.5
v -4.4 0.7 -4.7
v -4.4 0.7 -4.8
v -4.4 0.7 -4.9
v -4.4 0.7 -5
v -4.4 0.7 -5.1
v -4.4 0.7 -5.2
v -4.4 0.7 -5.3
v -4.4 0.7 -5.4
v -4.4 0.7 -5.5
v -4.4 0.7 -5.6
v -4.4 0.7 -5.7
v -4.4 0.7 -5.8
v -4.4 0.7 -5.9
v -4.4 0.7 -6.1
v -4.4 0.7 -6.3
v -4.4 0.8 6.3
v -4.4 0.8 6
v -4.4 0.8 5.9
v -4.4 0.8 5.5
v -4.4 0.8 5.4
v -4.4 0.8 5.3
v -4.4 0.8 5.2
v -4.4 0.8 5
v -4.4 0.8 4.8
v -4.4 0.8 4.6
v -4.4 0.8 4.3
v -4.4 0.8 4.1
v -4.4 0.8 3.9
v -4.4 0.8 3.8
v -4.4 0.8 3.6
v -4.4 0.8 3.4
v -4.4 0.8 3.3
v -4.4 0.8 3.2
v -4.4 0.8 3.1
v -4.4 0.8 3
v -4.4 0.8 2.9
v -4.4 0.8 2.8
v -4.4 0.8 2.6
v -4.4 0.8 2.5
v -4.4 0.8 2.4
v -4.4 0.8 2.2
v -4.4 0.8 2.1
v -4.4 0.8 2
v -4.4 0.8 1.9
v -4.4 0.8 1.8
v -4.4 0.8 1.7
v -4.4 0.8 1.5
v -4.4 0.8 1.4
v -4.4 0.8 1.3
v -4.4 0.8 1.2
v -4.4 0.8 1
v -4.4 0.8 0.7
v -4.4 0.8 0.5
v -4.4 0.8 0.4
v -4.4 0.8 0.3
v -4.4 0.8 0.2
v -4.4 0.8 0
v -4.4 0.8 -0.2
v -4.4 0.8 -0.3
v -4.4 0.8 -0.6
v -4.4 0.8 -0.8
v -4.4 0.8 -0.9
v -4.4 0.8 -1
v -4.4 0.8 -1.1
v -4.4 0.8 -1.3
v -4.4 0.8 -1.4
v -4.4 0.8 -1.5
v -4.4 0.8 -1.6
v -4.4 0.8 -1.7
v -4.4 0.8 -1.8
v -4.4 0.8 -1.9
v -4.4 0.8 -2.1
v -4.4 0.8 -2.2
v -4.4 0.8 -2.4
v -4.4 0.8 -2.5
v -4.4 0.8 -2.6
v -4.4 0.8 -2.8
v -4.4 0.8 -2.9
v -4.4 0.8 -3
v -4.4 0.8 -3.2
v -4.4 0.8 -3.3
v -4.4 0.8 -3.5
v -4.4 0.8 -3.6
v -4.4 0.8 -3.8
v -4.4 0.8 -3.9
v -4.4 0.8 -4.7
v -4.4 0.8 -4.8
v -4.4 0.8 -4.9
v -4.4 0.8 -5.2
v -4.4 0.8 -5.4
v -4.4 0.8 -5.5
v -4.4 0.8 -5.6
v -4.4 0.8 -5.7
v -4.4 0.8 -5.8
v -4.4 0.8 -5.9
v -4.4 0.8 -6.1
v -4.4 0.8 -6.3
v -3.8 0 6.3
v -3.8 0 6.2
v -3.8 0 6.1
v -3.8 0 5.9
v -3.8 0 5.8
v -3.8 0 5.7
v -3.8 0 5.6
v -3.8 0 5.5
v -3.8 0 5.4
v -3.8 0 5.1
v -3.8 0 5
v -3.8 0 4.9
v -3.8 0 4.8
v -3.8 0 4.7
v -3.8 0 4.6
v -3.8 0 4.5
v -3.8 0 4.4
v -3.8 0 4.3
v -3.8 0 4.2
v -3.8 0 4.1
v -3.8 0 3.7
v -3.8 0 3.6
v -3.8 0 3.5
v -3.8 0 3.4
v -3.8 0 3.3
v -3.8 0 2.8
v -3.8 0 2.7
v -3.8 0 2.4
v -3.8 0 2.3
v -3.8 0 2
v -3.8 0 1.9
v -3.8 0 1.8
v -3.8 0 1.6
v -3.8 0 1.5
v -3.8 0 1.3
v -3.8 0 1.1
v -3.8 0 1
v -3.8 0 0.9
v -3.8 0 0.8
v -3.8 0 0.7
v -3.8 0 0.6
v -3.8 0 0.5
v -3.8 0 0.4
v -3.8 0 0.3
v -3.8 0 0.2
v -3.8 0 0
v -3.8 0 -0.4
v -3.8 0 -0.5
v -3.8 0 -0.6
v -3.8 0 -0.7
v -3.8 0 -0.9
v -3.8 0 -1
v -3.8 0 -1.6
v -3.8 0 -1.7
v -3.8 0 -1.8
v -3.8 0 -2
v -3.8 0 -2.1
v -3.8 0 -2.3
v -3.8 0 -2.4
v -3.8 0 -2.5
v -3.8 0 -2.7
v -3.8 0 -2.9
v -3.8 0 -3
v -3.8 0 -3.1
v -3.8 0 -3.4
v -3.8 0 -3.5
v -3.8 0 -3.6
v -3.8 0 -3.7
v -3.8 0 -3.8
v -3.8 0 -3.9
v -3.8 0 -4
v -3.8 0 -4.2
v -3.8 0 -4.3
v -3.8 0 -4.8
v -3.8 0 -4.9
v -3.8 0 -5
v -3.8 0 -5.3
v -3.8 0 -5.5
v -3.8 0 -5.6
v -3.8 0 -5.8
v -3.8 0 -5.9
v -3.8 0 -6
v -3.8 0 -6.1
v -3.8 0 -6.3
v -3.8 0.1 6.3
v -3.8 0.1 6.2
v -3.8 0.1 6.1
v -3.8 0.1 6
v -3.8 0.1 5.9
v -3.8 0.1 5.8
v -3.8 0.1 5.7
v -3.8 0.1 5.6
v -3.8 0.1 5.5
v -3.8 0.1 5.4
v -3.8 0.1 5.2
v -3.8 0.1 5.1
v -3.8 0.1 5
v -3.8 0.1 4.9
v -3.8 0.1 4.8
v -3.8 0.1 4.7
v -3.8 0.1 4.6
v -3.8 0.1 4.5
v -3.8 0.1 4.4
v -3.8 0.1 4.3
v -3.8 0.1 4.2
v -3.8 0.1 4.1
v -3.8 0.1 4
v -3.8 0.1 3.9
v -3.8 0.1 3.7
v -3.8 0.1 3.6
v -3.8 0.1 3.5
v -3.8 0.1 3.4
v -3.8 0.1 3.3
v -3.8 0.1 3.2
v -3.8 0.1 3.1
v -3.8 0.1 3
v -3.8 0.1 2.9
v -3.8 0.1 2.8
v -3.8 0.1 2.7
v -3.8 0.1 2.5
v -3.8 0.1 2.4
v -3.8 0.1 2.3
v -3.8 0.1 2.2
v -3.8 0.1 2.1
v -3.8 0.1 2
v -3.8 0.1 1.9
v -3.8 0.1 1.8
v -3.8 0.1 1.6
v -3.8 0.1 1.5
v -3.8 0.1 1.3
v -3.8 0.1 1.2
v -3.8 0.1 1.1
v -3.8 0.1 1
v -3.8 0.1 0.9
v -3.8 0.1 0.8
v -3.8 0.1 0.7
v -3.8 0.1 0.6
v -3.8 0.1 0.5
v -3.8 0.1 0.4
v -3.8 0.1 0.3
v -3.8 0.1 0.2
v -3.8 0.1 0.1
v -3.8 0.1 0
v -3.8 0.1 -0.1
v -3.8 0.1 -0.2
v -3.8 0.1 -0.3
v -3.8 0.1 -0.4
v -3.8 0.1 -0.5
v -3.8 0.1 -0.6
v -3.8 0.1 -0.7
v -3.8 0.1 -0.9
v -3.8 0.1 -1
v -3.8 0.1 -1.2
v -3.8 0.1 -1.3
v -3.8 0.1 -1.6
v -3.8 0.1 -1.7
v -3.8 0.1 -1.8
v -3.8 0.1 -1.9
v -3.8 0.1 -2
v -3.8 0.1 -2.1
v -3.8 0.1 -2.2
v -3.8 0.1 -2.3
v -3.8 0.1 -2.4
v -3.8 0.1 -2.5
v -3.8 0.1 -2.7
v -3.8 0.1 -2.8
v -3.8 0.1 -2.9
v -3.8 0.1 -3
v -3.8 0.1 -3.1
v -3.8 0.1 -3.2
v -3.8 0.1 -3.4
v -3.8 0.1 -3.5
v -3.8 0.1 -3.6
v -3.8 0.1 -3.7
v -3.8 0.1 -3.8
v -3.8 0.1 -3.9
v -3.8 0.1 -4
v -3.8 0.1 -4.1
v -3.8 0.1 -4.2
v -3.8 0.1 -4.3
v -3.8 0.1 -4.5
v -3.8 0.1 -4.8
v -3.8 0.1 -4.9
v -3.8 0.1 -5
v -3.8 0.1 -5.2
v -3.8 0.1 -5.3
v -3.8 0.1 -5.4
v -3.8 0.1 -5.5
v -3.8 0.1 -5.6
v -3.8 0.1 -5.7
v -3.8 0.1 -5.8
v -3.8 0.1 -5.9
v -3.8 0.1 -6
v -3.8 0.1 -6.1
v -3.8 0.1 -6.3
v -3.8 0.7 6.3
v -3.8 0.7 6.2
v -3.8 0.7 6.1
v -3.8 0.7 5.9
v -3.8 0.7 5.8
v -3.8 0.7 5.7
v -3.8 0.7 5.6
v -3.8 0.7 5.5
v -3.8 0.7 5.4
v -3.8 0.7 5.3
v -3.8 0.7 5.2
v -3.8 0.7 5.1
v -3.8 0.7 5
v -3.8 0.7 4.9
v -3.8 0.7 4.8
v -3.8 0.7 4.6
v -3.8 0.7 4.5
v -3.8 0.7 4.4
v -3.8 0.7 4.3
v -3.8 0.7 4.2
v -3.8 0.7 4.1
v -3.8 0.7 4
v -3.8 0.7 3.9
v -3.8 0.7 3.8
v -3.8 0.7 3.7
v -3.8 0.7 3.5
v -3.8 0.7 3.4
v -3.8 0.7 3.3
v -3.8 0.7 3.2
v -3.8 0.7 3
v -3.8 0.7 2.9
v -3.8 0.7 2.8
v -3.8 0.7 2.7
v -3.8 0.7 2.6
v -3.8 0.7 2.5
v -3.8 0.7 2.3
v -3.8 0.7 2.2
v -3.8 0.7 2.1
v -3.8 0.7 2
v -3.8 0.7 1.9
v -3.8 0.7 1.8
v -3.8 0.7 1.7
v -3.8 0.7 1.6
v -3.8 0.7 1.5
v -3.8 0.7 1.4
v -3.8 0.7 1.3
v -3.8 0.7 1.2
v -3.8 0.7 1.1
v -3.8 0.7 1
v -3.8 0.7 0.8
v -3.8 0.7 0.7
v -3.8 0.7 0.6
v -3.8 0.7 0.5
v -3.8 0.7 0.4
v -3.8 0.7 0.3
v -3.8 0.7 0.2
v -3.8 0.7 0.1
v -3.8 0.7 0
v -3.8 0.7 -0.1
v -3.8 0.7 -0.2
v -3.8 0.7 -0.3
v -3.8 0.7 -0.4
v -3.8 0.7 -0.6
v -3.8 0.7 -0.7
v -3.8 0.7 -0.8
v -3.8 0.7 -1
v -3.8 0.7 -1.1
v -3.8 0.7 -1.2
v -3.8 0.7 -1.3
v -3.8 0.7 -1.4
v -3.8 0.7 -1.6
v -3.8 0.7 -1.7
v -3.8 0.7 -1.9
v -3.8 0.7 -2
v -3.8 0.7 -2.1
v -3.8 0.7 -2.2
v -3.8 0.7 -2.3
v -3.8 0.7 -2.5
v -3.8 0.7 -2.6
v -3.8 0.7 -2.7
v -3.8 0.7 -2.8
v -3.8 0.7 -2.9
v -3.8 0.7 -3
v -3.8 0.7 -3.1
v -3.8 0.7 -3.2
v -3.8 0.7 -3.3
v -3.8 0.7 -3.4
v -3.8 0.7 -3.6
v -3.8 0.7 -3.7
v -3.8 0.7 -3.8
v -3.8 0.7 -3.9
v -3.8 0.7 -4
v -3.8 0.7 -4.1
v -3.8 0.7 -4.2
v -3.8 0.7 -4.3
v -3.8 0.7 -4.4
v -3.8 0.7 -4.5
v -3.8 0.7 -4.6
v -3.8 0.7 -4.7
v -3.8 0.7 -4.8
v -3.8 0.7 -4.9
v -3.8 0.7 -5
v -3.8 0.7 -5.1
v -3.8 0.7 -5.2
v -3.8 0.7 -5.3
v -3.8 0.7 -5.4
v -3.8 0.7 -5.5
v -3.8 0.7 -5.6
v -3.8 0.7 -5.7
v -3.8 0.7 -5.8
v -3.8 0.7 -5.9
v -3.8 0.7 -6.1
v -3.8 0.7 -6.2
v -3.8 0.7 -6.3
v -3.8 0.8 6.3
v -3.8 0.8 6.2
v -3.8 0.8 6.1
v -3.8 0.8 5.9
v -3.8 0.8 5.8
v -3.8 0.8 5.7
v -3.8 0.8 5.6
v -3.8 0.8 5.5
v -3.8 0.8 5.4
v -3.8 0.8 5.3
v -3.8 0.8 5.2
v -3.8 0.8 5.1
v -3.8 0.8 5
v -3.8 0.8 4.9
v -3.8 0.8 4.8
v -3.8 0.8 4.6
v -3.8 0.8 4.5
v -3.8 0.8 4.4
v -3.8 0.8 4.2
v -3.8 0.8 4.1
v -3.8 0.8 4
v -3.8 0.8 3.9
v -3.8 0.8 3.7
v -3.8 0.8 3.5
v -3.8 0.8 3.4
v -3.8 0.8 3.3
v -3.8 0.8 3
v -3.8 0.8 2.8
v -3.8 0.8 2.7
v -3.8 0.8 2.6
v -3.8 0.8 2.5
v -3.8 0.8 2.2
v -3.8 0.8 2
v -3.8 0.8 1.9
v -3.8 0.8 1.8
v -3.8 0.8 1.7
v -3.8 0.8 1.6
v -3.8 0.8 1.5
v -3.8 0.8 1.4
v -3.8 0.8 1.2
v -3.8 0.8 0.8
v -3.8 0.8 0.7
v -3.8 0.8 0.6
v -3.8 0.8 0.5
v -3.8 0.8 0.2
v -3.8 0.8 0
v -3.8 0.8 -0.1
v -3.8 0.8 -0.2
v -3.8 0.8 -0.3
v -3.8 0.8 -0.6
v -3.8 0.8 -0.7
v -3.8 0.8 -1.1
v -3.8 0.8 -1.2
v -3.8 0.8 -1.3
v -3.8 0.8 -1.4
v -3.8 0.8 -1.6
v -3.8 0.8 -1.7
v -3.8 0.8 -2.2
v -3.8 0.8 -2.3
v -3.8 0.8 -2.6
v -3.8 0.8 -3.2
v -3.8 0.8 -3.3
v -3.8 0.8 -3.4
v -3.8 0.8 -3.6
v -3.8 0.8 -3.8
v -3.8 0.8 -3.9
v -3.8 0.8 -4
v -3.8 0.8 -4.3
v -3.8 0.8 -4.4
v -3.8 0.8 -4.6
v -3.8 0.8 -4.9
v -3.8 0.8 -5
v -3.8 0.8 -5.1
v -3.8 0.8 -5.3
v -3.8 0.8 -5.4
v -3.8 0.8 -5.5
v -3.8 0.8 -5.6
v -3.8 0.8 -5.7
v -3.8 0.8 -6.1
v -3.8 0.8 -6.3
v -3.7 0.1 6.3
v -3.7 0.1 6.2
v -3.7 0.1 6.1
v -3.7 0.1 6
v -3.7 0.1 5.9
v -3.7 0.1 5.7
v -3.7 0.1 5.6
v -3.7 0.1 5.5
v -3.7 0.1 5.4
v -3.7 0.1 5.2
v -3.7 0.1 5.1
v -3.7 0.1 4.8
v -3.7 0.1 4.6
v -3.7 0.1 4.2
v -3.7 0.1 4.1
v -3.7 0.1 4
v -3.7 0.1 3.9
v -3.7 0.1 3.7
v -3.7 0.1 3.6
v -3.7 0.1 3.3
v -3.7 0.1 3.2
v -3.7 0.1 3.1
v -3.7 0.1 3
v -3.7 0.1 2.9
v -3.7 0.1 2.8
v -3.7 0.1 2.7
v -3.7 0.1 2.5
v -3.7 0.1 2.4
v -3.7 0.1 2.2
v -3.7 0.1 2.1
v -3.7 0.1 2
v -3.7 0.1 1.9
v -3.7 0.1 1.6
v -3.7 0.1 1.5
v -3.7 0.1 1.2
v -3.7 0.1 1.1
v -3.7 0.1 1
v -3.7 0.1 0.5
v -3.7 0.1 0.4
v -3.7 0.1 0.2
v -3.7 0.1 0.1
v -3.7 0.1 0
v -3.7 0.1 -0.1
v -3.7 0.1 -0.2
v -3.7 0.1 -0.3
v -3.7 0.1 -0.4
v -3.7 0.1 -0.5
v -3.7 0.1 -0.6
v -3.7 0.1 -0.7
v -3.7 0.1 -0.9
v -3.7 0.1 -1
v -3.7 0.1 -1.2
v -3.7 0.1 -1.3
v -3.7 0.1 -1.6
v -3.7 0.1 -1.9
v -3.7 0.1 -2
v -3.7 0.1 -2.1
v -3.7 0.1 -2.2
v -3.7 0.1 -2.4
v -3.7 0.1 -2.5
v -3.7 0.1 -2.8
v -3.7 0.1 -2.9
v -3.7 0.1 -3
v -3.7 0.1 -3.1
v -3.7 0.1 -3.2
v -3.7 0.1 -3.5
v -3.7 0.1 -3.7
v -3.7 0.1 -3.9
v -3.7 0.1 -4
v -3.7 0.1 -4.1
v -3.7 0.1 -4.2
v -3.7 0.1 -4.3
v -3.7 0.1 -4.5
v -3.7 0.1 -4.8
v -3.7 0.1 -4.9
v -3.7 0.1 -5
v -3.7 0.1 -5.2
v -3.7 0.1 -5.3
v -3.7 0.1 -5.4
v -3.7 0.1 -5.7
v -3.7 0.1 -5.8
v -3.7 0.1 -5.9
v -3.7 0.1 -6.3
v -3.7 0.2 6.3
v -3.7 0.2 6.2
v -3.7 0.2 6.1
v -3.7 0.2 6
v -3.7 0.2 5.9
v -3.7 0.2 5.8
v -3.7 0.2 5.7
v -3.7 0.2 5.6
v -3.7 0.2 5.5
v -3.7 0.2 5.4
v -3.7 0.2 5.2
v -3.7 0.2 5.1
v -3.7 0.2 5
v -3.7 0.2 4.9
v -3.7 0.2 4.8
v -3.7 0.2 4.7
v -3.7 0.2 4.6
v -3.7 0.2 4.5
v -3.7 0.2 4.3
v -3.7 0.2 4.2
v -3.7 0.2 4.1
v -3.7 0.2 4
v -3.7 0.2 3.9
v -3.7 0.2 3.8
v -3.7 0.2 3.7
v -3.7 0.2 3.6
v -3.7 0.2 3.3
v -3.7 0.2 3.2
v -3.7 0.2 3.1
v -3.7 0.2 3
v -3.7 0.2 2.9
v -3.7 0.2 2.8
v -3.7 0.2 2.7
v -3.7 0.2 2.6
v -3.7 0.2 2.5
v -3.7 0.2 2.4
v -3.7 0.2 2.2
v -3.7 0.2 2.1
v -3.7 0.2 2
v -3.7 0.2 1.9
v -3.7 0.2 1.8
v -3.7 0.2 1.7
v -3.7 0.2 1.6
v -3.7 0.2 1.5
v -3.7 0.2 1.4
v -3.7 0.2 1.3
v -3.7 0.2 1.2
v -3.7 0.2 1.1
v -3.7 0.2 1
v -3.7 0.2 0.8
v -3.7 0.2 0.7
v -3.7 0.2 0.6
v -3.7 0.2 0.5
v -3.7 0.2 0.4
v -3.7 0.2 0.3
v -3.7 0.2 0.2
v -3.7 0.2 0.1
v -3.7 0.2 0
v -3.7 0.2 -0.1
v -3.7 0.2 -0.2
v -3.7 0.2 -0.3
v -3.7 0.2 -0.4
v -3.7 0.2 -0.5
v -3.7 0.2 -0.7
v -3.7 0.2 -0.8
v -3.7 0.2 -1.2
v -3.7 0.2 -1.3
v -3.7 0.2 -1.5
v -3.7 0.2 -1.6
v -3.7 0.2 -1.7
v -3.7 0.2 -1.8
v -3.7 0.2 -1.9
v -3.7 0.2 -2
v -3.7 0.2 -2.1
v -3.7 0.2 -2.2
v -3.7 0.2 -2.3
v -3.7 0.2 -2.4
v -3.7 0.2 -2.5
v -3.7 0.2 -2.6
v -3.7 0.2 -2.8
v -3.7 0.2 -2.9
v -3.7 0.2 -3
v -3.7 0.2 -3.1
v -3.7 0.2 -3.2
v -3.7 0.2 -3.4
v -3.7 0.2 -3.5
v -3.7 0.2 -3.6
v -3.7 0.2 -3.7
v -3.7 0.2 -3.8
v -3.7 0.2 -3.9
v -3.7 0.2 -4
v -3.7 0.2 -4.1
v -3.7 0.2 -4.2
v -3.7 0.2 -4.3
v -3.7 0.2 -4.4
v -3.7 0.2 -4.5
v -3.7 0.2 -4.6
v -3.7 0.2 -4.7
v -3.7 0.2 -4.8
v -3.7 0.2 -4.9
v -3.7 0.2 -5
v -3.7 0.2 -5.1
v -3.7 0.2 -5.2
v -3.7 0.2 -5.3
v -3.7 0.2 -5.4
v -3.7 0.2 -5.5
v -3.7 0.2 -5.7
v -3.7 0.2 -5.8
v -3.7 0.2 -5.9
v -3.7 0.2 -6
v -3.7 0.2 -6.1
v -3.7 0.2 -6.2
v -3.7 0.3 6.3
v -3.7 0.3 6.1
v -3.7 0.3 6
v -3.7 0.3 5.8
v -3.7 0.3 5.7
v -3.7 0.3 5.6
v -3.7 0.3 5.2
v -3.7 0.3 5.1
v -3.7 0.3 4.9
v -3.7 0.3 4.8
v -3.7 0.3 4.7
v -3.7 0.3 4.6
v -3.7 0.3 4.5
v -3.7 0.3 4.4
v -3.7 0.3 4.3
v -3.7 0.3 4.1
v -3.7 0.3 4
v -3.7 0.3 3.9
v -3.7 0.3 3.8
v -3.7 0.3 3.6
v -3.7 0.3 3.4
v -3.7 0.3 3.3
v -3.7 0.3 3.1
v -3.7 0.3 3
v -3.7 0.3 2.9
v -3.7 0.3 2.8
v -3.7 0.3 2.7
v -3.7 0.3 2.6
v -3.7 0.3 2.5
v -3.7 0.3 2.4
v -3.7 0.3 2.3
v -3.7 0.3 2.2
v -3.7 0.3 2.1
v -3.7 0.3 2
v -3.7 0.3 1.9
v -3.7 0.3 1.8
v -3.7 0.3 1.7
v -3.7 0.3 1.6
v -3.7 0.3 1.5
v -3.7 0.3 1.4
v -3.7 0.3 1.3
v -3.7 0.3 1.2
v -3.7 0.3 1.1
v -3.7 0.3 1
v -3.7 0.3 0.9
v -3.7 0.3 0.8
v -3.7 0.3 0.6
v -3.7 0.3 0.5
v -3.7 0.3 0.4
v -3.7 0.3 0.3
v -3.7 0.3 0.2
v -3.7 0.3 0.1
v -3.7 0.3 -0.1
v -3.7 0.3 -0.2
v -3.7 0.3 -0.3
v -3.7 0.3 -0.4
v -3.7 0.3 -0.6
v -3.7 0.3 -0.7
v -3.7 0.3 -0.8
v -3.7 0.3 -0.9
v -3.7 0.3 -1
v -3.7 0.3 -1.1
v -3.7 0.3 -1.2
v -3.7 0.3 -1.4
v -3.7 0.3 -1.5
v -3.7 0.3 -1.6
v -3.7 0.3 -1.7
v -3.7 0.3 -1.8
v -3.7 0.3 -1.9
v -3.7 0.3 -2
v -3.7 0.3 -2.1
v -3.7 0.3 -2.2
v -3.7 0.3 -2.3
v -3.7 0.3 -2.4
v -3.7 0.3 -2.5
v -3.7 0.3 -2.6
v -3.7 0.3 -2.8
v -3.7 0.3 -2.9
v -3.7 0.3 -3
v -3.7 0.3 -3.1
v -3.7 0.3 -3.2
v -3.7 0.3 -3.3
v -3.7 0.3 -3.6
v -3.7 0.3 -3.7
v -3.7 0.3 -3.8
v -3.7 0.3 -4
v -3.7 0.3 -4.1
v -3.7 0.3 -4.3
v -3.7 0.3 -4.4
v -3.7 0.3 -4.5
v -3.7 0.3 -4.6
v -3.7 0.3 -4.7
v -3.7 0.3 -4.8
v -3.7 0.3 -4.9
v -3.7 0.3 -5
v -3.7 0.3 -5.1
v -3.7 0.3 -5.2
v -3.7 0.3 -5.3
v -3.7 0.3 -5.4
v -3.7 0.3 -5.5
v -3.7 0.3 -5.6
v -3.7 0.3 -5.7
v -3.7 0.3 -5.8
v -3.7 0.3 -6
v -3.7 0.3 -6.1
v -3.7 0.3 -6.2
v -3.7 0.3 -6.3
v -3.7 0.4 6.3
v -3.7 0.4 6.2
v -3.7 0.4 6.1
v -3.7 0.4 6
v -3.7 0.4 5.9
v -3.7 0.4 5.7
v -3.7 0.4 5.6
v -3.7 0.4 5.5
v -3.7 0.4 5.4
v -3.7 0.4 5.3
v -3.7 0.4 5.1
v -3.7 0.4 5
v -3.7 0.4 4.9
v -3.7 0.4 4.8
v -3.7 0.4 4.7
v -3.7 0.4 4.6
v -3.7 0.4 4.5
v -3.7 0.4 4.4
v -3.7 0.4 4.3
v -3.7 0.4 4.1
v -3.7 0.4 4
v -3.7 0.4 3.9
v -3.7 0.4 3.8
v -3.7 0.4 3.6
v -3.7 0.4 3.5
v -3.7 0.4 3.4
v -3.7 0.4 3.3
v -3.7 0.4 3.2
v -3.7 0.4 3.1
v -3.7 0.4 3
v -3.7 0.4 2.9
v -3.7 0.4 2.8
v -3.7 0.4 2.7
v -3.7 0.4 2.6
v -3.7 0.4 2.5
v -3.7 0.4 2.4
v -3.7 0.4 2.2
v -3.7 0.4 2.1
v -3.7 0.4 2
v -3.7 0.4 1.9
v -3.7 0.4 1.8
v -3.7 0.4 1.7
v -3.7 0.4 1.6
v -3.7 0.4 1.5
v -3.7 0.4 1.4
v -3.7 0.4 1.2
v -3.7 0.4 1
v -3.7 0.4 0.9
v -3.7 0.4 0.8
v -3.7 0.4 0.7
v -3.7 0.4 0.5
v -3.7 0.4 0.4
v -3.7 0.4 0.3
v -3.7 0.4 0.2
v -3.7 0.4 0.1
v -3.7 0.4 0
v -3.7 0.4 -0.1
v -3.7 0.4 -0.2
v -3.7 0.4 -0.3
v -3.7 0.4 -0.4
v -3.7 0.4 -0.5
v -3.7 0.4 -0.6
v -3.7 0.4 -0.7
v -3.7 0.4 -0.8
v -3.7 0.4 -0.9
v -3.7 0.4 -1
v -3.7 0.4 -1.1
v -3.7 0.4 -1.4
v -3.7 0.4 -1.5
v -3.7 0.4 -1.6
v -3.7 0.4 -1.7
v -3.7 0.4 -1.8
v -3.7 0.4 -1.9
v -3.7 0.4 -2
v -3.7 0.4 -2.1
v -3.7 0.4 -2.2
v -3.7 0.4 -2.3
v -3.7 0.4 -2.5
v -3.7 0.4 -2.6
v -3.7 0.4 -2.8
v -3.7 0.4 -3
v -3.7 0.4 -3.1
v -3.7 0.4 -3.2
v -3.7 0.4 -3.3
v -3.7 0.4 -3.4
v -3.7 0.4 -3.5
v -3.7 0.4 -3.6
v -3.7 0.4 -3.7
v -3.7 0.4 -3.9
v -3.7 0.4 -4
v -3.7 0.4 -4.1
v -3.7 0.4 -4.2
v -3.7 0.4 -4.3
v -3.7 0.4 -4.4
v -3.7 0.4 -4.5
v -3.7 0.4 -4.6
v -3.7 0.4 -4.7
v -3.7 0.4 -4.8
v -3.7 0.4 -4.9
v -3.7 0.4 -5
v -3.7 0.4 -5.1
v -3.7 0.4 -5.2
v -3.7 0.4 -5.4
v -3.7 0.4 -5.5
v -3.7 0.4 -5.7
v -3.7 0.4 -5.8
v -3.7 0.4 -5.9
v -3.7 0.4 -6
v -3.7 0.4 -6.1
v -3.7 0.4 -6.2
v -3.7 0.4 -6.3
v -3.7 0.5 6.3
v -3.7 0.5 6.2
v -3.7 0.5 6.1
v -3.7 0.5 6
v -3.7 0.5 5.9
v -3.7 0.5 5.8
v -3.7 0.5 5.7
v -3.7 0.5 5.6
v -3.7 0.5 5.5
v -3.7 0.5 5.4
v -3.7 0.5 5.3
v -3.7 0.5 5.2
v -3.7 0.5 5.1
v -3.7 0.5 5
v -3.7 0.5 4.9
v -3.7 0.5 4.8
v -3.7 0.5 4.7
v -3.7 0.5 4.6
v -3.7 0.5 4.5
v -3.7 0.5 4.4
v -3.7 0.5 4.3
v -3.7 0.5 4.2
v -3.7 0.5 4.1
v -3.7 0.5 3.9
v -3.7 0.5 3.8
v -3.7 0.5 3.7
v -3.7 0.5 3.6
v -3.7 0.5 3.5
v -3.7 0.5 3.4
v -3.7 0.5 3.1
v -3.7 0.5 3
v -3.7 0.5 2.9
v -3.7 0.5 2.8
v -3.7 0.5 2.7
v -3.7 0.5 2.5
v -3.7 0.5 2.4
v -3.7 0.5 2.3
v -3.7 0.5 2.2
v -3.7 0.5 2.1
v -3.7 0.5 2
v -3.7 0.5 1.9
v -3.7 0.5 1.8
v -3.7 0.5 1.7
v -3.7 0.5 1.6
v -3.7 0.5 1.5
v -3.7 0.5 1.4
v -3.7 0.5 1.3
v -3.7 0.5 1.2
v -3.7 0.5 1.1
v -3.7 0.5 1
v -3.7 0.5 0.9
v -3.7 0.5 0.8
v -3.7 0.5 0.7
v -3.7 0.5 0.6
v -3.7 0.5 0.5
v -3.7 0.5 0.4
v -3.7 0.5 0.3
v -3.7 0.5 0.1
v -3.7 0.5 0
v -3.7 0.5 -0.1
v -3.7 0.5 -0.2
v -3.7 0.5 -0.4
v -3.7 0.5 -0.5
v -3.7 0.5 -0.6
v -3.7 0.5 -0.7
v -3.7 0.5 -0.8
v -3.7 0.5 -0.9
v -3.7 0.5 -1
v -3.7 0.5 -1.1
v -3.7 0.5 -1.4
v -3.7 0.5 -1.5
v -3.7 0.5 -1.6
v -3.7 0.5 -1.7
v -3.7 0.5 -1.8
v -3.7 0.5 -1.9
v -3.7 0.5 -2
v -3.7 0.5 -2.1
v -3.7 0.5 -2.2
v -3.7 0.5 -2.3
v -3.7 0.5 -2.4
v -3.7 0.5 -2.5
v -3.7 0.5 -2.6
v -3.7 0.5 -2.7
v -3.7 0.5 -2.8
v -3.7 0.5 -2.9
v -3.7 0.5 -3
v -3.7 0.5 -3.1
v -3.7 0.5 -3.2
v -3.7 0.5 -3.4
v -3.7 0.5 -3.5
v -3.7 0.5 -3.6
v -3.7 0.5 -3.7
v -3.7 0.5 -3.8
v -3.7 0.5 -3.9
v -3.7 0.5 -4
v -3.7 0.5 -4.1
v -3.7 0.5 -4.2
v -3.7 0.5 -4.3
v -3.7 0.5 -4.4
v -3.7 0.5 -4.5
v -3.7 0.5 -4.6
v -3.7 0.5 -4.7
v -3.7 0.5 -4.8
v -3.7 0.5 -4.9
v -3.7 0.5 -5
v -3.7 0.5 -5.1
v -3.7 0.5 -5.2
v -3.7 0.5 -5.3
v -3.7 0.5 -5.4
v -3.7 0.5 -5.5
v -3.7 0.5 -5.6
v -3.7 0.5 -5.7
v -3.7 0.5 -5.9
v -3.7 0.5 -6
v -3.7 0.5 -6.1
v -3.7 0.5 -6.2
v -3.7 0.5 -6.3
v -3.7 0.6 6.3
v -3.7 0.6 6.1
v -3.7 0.6 5.9
v -3.7 0.6 5.8
v -3.7 0.6 5.7
v -3.7 0.6 5.6
v -3.7 0.6 5.5
v -3.7 0.6 5.4
v -3.7 0.6 5.3
v -3.7 0.6 5.2
v -3.7 0.6 5.1
v -3.7 0.6 5
v -3.7 0.6 4.9
v -3.7 0.6 4.7
v -3.7 0.6 4.6
v -3.7 0.6 4.5
v -3.7 0.6 4.4
v -3.7 0.6 4.3
v -3.7 0.6 4.2
v -3.7 0.6 4.1
v -3.7 0.6 4
v -3.7 0.6 3.9
v -3.7 0.6 3.8
v -3.7 0.6 3.7
v -3.7 0.6 3.6
v -3.7 0.6 3.5
v -3.7 0.6 3.4
v -3.7 0.6 3.3
v -3.7 0.6 3.2
v -3.7 0.6 2.9
v -3.7 0.6 2.8
v -3.7 0.6 2.5
v -3.7 0.6 2.4
v -3.7 0.6 2.3
v -3.7 0.6 2.2
v -3.7 0.6 2.1
v -3.7 0.6 1.9
v -3.7 0.6 1.8
v -3.7 0.6 1.7
v -3.7 0.6 1.6
v -3.7 0.6 1.5
v -3.7 0.6 1.4
v -3.7 0.6 1.3
v -3.7 0.6 1.2
v -3.7 0.6 1.1
v -3.7 0.6 1
v -3.7 0.6 0.9
v -3.7 0.6 0.8
v -3.7 0.6 0.7
v -3.7 0.6 0.6
v -3.7 0.6 0.5
v -3.7 0.6 0.4
v -3.7 0.6 0.3
v -3.7 0.6 0.1
v -3.7 0.6 0
v -3.7 0.6 -0.1
v -3.7 0.6 -0.2
v -3.7 0.6 -0.3
v -3.7 0.6 -0.4
v -3.7 0.6 -0.5
v -3.7 0.6 -0.6
v -3.7 0.6 -0.7
v -3.7 0.6 -0.8
v -3.7 0.6 -0.9
v -3.7 0.6 -1
v -3.7 0.6 -1.1
v -3.7 0.6 -1.2
v -3.7 0.6 -1.3
v -3.7 0.6 -1.4
v -3.7 0.6 -1.5
v -3.7 0.6 -1.7
v -3.7 0.6 -1.9
v -3.7 0.6 -2
v -3.7 0.6 -2.1
v -3.7 0.6 -2.2
v -3.7 0.6 -2.3
v -3.7 0.6 -2.4
v -3.7 0.6 -2.5
v -3.7 0.6 -2.6
v -3.7 0.6 -2.7
v -3.7 0.6 -2.9
v -3.7 0.6 -3
v -3.7 0.6 -3.2
v -3.7 0.6 -3.3
v -3.7 0.6 -3.4
v -3.7 0.6 -3.5
v -3.7 0.6 -3.6
v -3.7 0.6 -4
v -3.7 0.6 -4.1
v -3.7 0.6 -4.2
v -3.7 0.6 -4.3
v -3.7 0.6 -4.4
v -3.7 0.6 -4.5
v -3.7 0.6 -4.6
v -3.7 0.6 -4.7
v -3.7 0.6 -4.8
v -3.7 0.6 -4.9
v -3.7 0.6 -5
v -3.7 0.6 -5.1
v -3.7 0.6 -5.2
v -3.7 0.6 -5.3
v -3.7 0.6 -5.4
v -3.7 0.6 -5.5
v -3.7 0.6 -5.6
v -3.7 0.6 -5.7
v -3.7 0.6 -5.8
v -3.7 0.6 -5.9
v -3.7 0.6 -6
v -3.7 0.6 -6.1
v -3.7 0.6 -6.2
v -3.7 0.6 -6.3
v -3.7 0.7 6.3
v -3.7 0.7 6.1
v -3.7 0.7 5.9
v -3.7 0.7 5.7
v -3.7 0.7 5.6
v -3.7 0.7 5.5
v -3.7 0.7 5.3
v -3.7 0.7 5.2
v -3.7 0.7 5
v -3.7 0.7 4.5
v -3.7 0.7 4.4
v -3.7 0.7 4.3
v -3.7 0.7 4.2
v -3.7 0.7 4
v -3.7 0.7 3.9
v -3.7 0.7 3.8
v -3.7 0.7 3.7
v -3.7 0.7 3.5
v -3.7 0.7 3.4
v -3.7 0.7 3.2
v -3.7 0.7 2.9
v -3.7 0.7 2.5
v -3.7 0.7 2.3
v -3.7 0.7 2.2
v -3.7 0.7 2.1
v -3.7 0.7 1.9
v -3.7 0.7 1.8
v -3.7 0.7 1.7
v -3.7 0.7 1.6
v -3.7 0.7 1.3
v -3.7 0.7 1.2
v -3.7 0.7 1.1
v -3.7 0.7 1
v -3.7 0.7 0.8
v -3.7 0.7 0.6
v -3.7 0.7 0.5
v -3.7 0.7 0.4
v -3.7 0.7 0.3
v -3.7 0.7 0.1
v -3.7 0.7 0
v -3.7 0.7 -0.3
v -3.7 0.7 -0.4
v -3.7 0.7 -0.6
v -3.7 0.7 -0.7
v -3.7 0.7 -0.8
v -3.7 0.7 -1
v -3.7 0.7 -1.2
v -3.7 0.7 -1.3
v -3.7 0.7 -1.7
v -3.7 0.7 -1.9
v -3.7 0.7 -2
v -3.7 0.7 -2.1
v -3.7 0.7 -2.3
v -3.7 0.7 -2.5
v -3.7 0.7 -2.6
v -3.7 0.7 -2.7
v -3.7 0.7 -2.8
v -3.7 0.7 -2.9
v -3.7 0.7 -3
v -3.7 0.7 -3.1
v -3.7 0.7 -3.2
v -3.7 0.7 -3.3
v -3.7 0.7 -3.4
v -3.7 0.7 -3.6
v -3.7 0.7 -3.7
v -3.7 0.7 -3.9
v -3.7 0.7 -4.1
v -3.7 0.7 -4.2
v -3.7 0.7 -4.3
v -3.7 0.7 -4.5
v -3.7 0.7 -4.6
v -3.7 0.7 -4.7
v -3.7 0.7 -4.8
v -3.7 0.7 -4.9
v -3.7 0.7 -5
v -3.7 0.7 -5.1
v -3.7 0.7 -5.2
v -3.7 0.7 -5.3
v -3.7 0.7 -5.5
v -3.7 0.7 -5.6
v -3.7 0.7 -5.7
v -3.7 0.7 -5.8
v -3.7 0.7 -5.9
v -3.7 0.7 -6.1
v -3.7 0.7 -6.2
v -3.7 0.7 -6.3
v -4.5 0.1 6.3
v -4.5 0.2 6.3
v -4.5 0.3 6.3
v -4.5 0.5 6.3
v -4.5 0.6 6.3
v -4.5 0.7 6.3
v -4.4 0 6.3
v -4.4 0.1 6.3
v -4.4 0.2 6.3
v -4.4 0.3 6.3
v -4.4 0.5 6.3
v -4.4 0.6 6.3
v -4.4 0.7 6.3
v -4.4 0.8 6.3
v -4.3 0.1 6.3
v -4.3 0.2 6.3
v -4.3 0.3 6.3
v -4.3 0.5 6.3
v -4.3 0.6 6.3
v -4.3 0.7 6.3
v -4.3 0.8 6.3
v -4.2 0 6.3
v -4.2 0.1 6.3
v -4.2 0.2 6.3
v -4.2 0.4 6.3
v -4.2 0.5 6.3
v -4.2 0.6 6.3
v -4.2 0.7 6.3
v -4.2 0.8 6.3
v -4.1 0 6.3
v -4.1 0.1 6.3
v -4.1 0.2 6.3
v -4.1 0.3 6.3
v -4.1 0.5 6.3
v -4.1 0.6 6.3
v -4.1 0.7 6.3
v -4.1 0.8 6.3
v -4 0 6.3
v -4 0.1 6.3
v -4 0.3 6.3
v -4 0.4 6.3
v -4 0.5 6.3
v -4 0.6 6.3
v -4 0.7 6.3
v -4 0.8 6.3
v -3.9 0 6.3
v -3.9 0.1 6.3
v -3.9 0.2 6.3
v -3.9 0.3 6.3
v -3.9 0.4 6.3
v -3.9 0.5 6.3
v -3.9 0.6 6.3
v -3.9 0.7 6.3
v -3.9 0.8 6.3
v -3.8 0 6.3
v -3.8 0.1 6.3
v -3.8 0.2 6.3
v -3.8 0.3 6.3
v -3.8 0.4 6.3
v -3.8 0.5 6.3
v -3.8 0.6 6.3
v -3.8 0.7 6.3
v -3.8 0.8 6.3
v -3.7 0.1 6.3
v -3.7 0.2 6.3
v -3.7 0.3 6.3
v -3.7 0.4 6.3
v -3.7 0.5 6.3
v -3.7 0.6 6.3
v -3.7 0.7 6.3
v -4.5 0.1 -6.3
v -4.5 0.2 -6.3
v -4.5 0.3 -6.3
v -4.5 0.4 -6.3
v -4.5 0.5 -6.3
v -4.5 0.6 -6.3
v -4.5 0.7 -6.3
v -4.4 0 -6.3
v -4.4 0.1 -6.3
v -4.4 0.2 -6.3
v -4.4 0.3 -6.3
v -4.4 0.4 -6.3
v -4.4 0.5 -6.3
v -4.4 0.6 -6.3
v -4.4 0.7 -6.3
v -4.4 0.8 -6.3
v -4.3 0 -6.3
v -4.3 0.1 -6.3
v -4.3 0.2 -6.3
v -4.3 0.3 -6.3
v -4.3 0.4 -6.3
v -4.3 0.6 -6.3
v -4.3 0.7 -6.3
v -4.3 0.8 -6.3
v -4.2 0.1 -6.3
v -4.2 0.2 -6.3
v -4.2 0.3 -6.3
v -4.2 0.4 -6.3
v -4.2 0.6 -6.3
v -4.2 0.7 -6.3
v -4.2 0.8 -6.3
v -4.1 0 -6.3
v -4.1 0.1 -6.3
v -4.1 0.2 -6.3
v -4.1 0.3 -6.3
v -4.1 0.4 -6.3
v -4.1 0.5 -6.3
v -4.1 0.6 -6.3
v -4.1 0.7 -6.3
v -4.1 0.8 -6.3
v -4 0 -6.3
v -4 0.1 -6.3
v -4 0.2 -6.3
v -4 0.3 -6.3
v -4 0.4 -6.3
v -4 0.5 -6.3
v -4 0.6 -6.3
v -4 0.7 -6.3
v -4 0.8 -6.3
v -3.9 0 -6.3
v -3.9 0.1 -6.3
v -3.9 0.2 -6.3
v -3.9 0.3 -6.3
v -3.9 0.6 -6.3
v -3.9 0.7 -6.3
v -3.9 0.8 -6.3
v -3.8 0 -6.3
v -3.8 0.1 -6.3
v -3.8 0.2 -6.3
v -3.8 0.3 -6.3
v -3.8 0.4 -6.3
v -3.8 0.5 -6.3
v -3.8 0.6 -6.3
v -3.8 0.7 -6.3
v -3.8 0.8 -6.3
v -3.7 0.1 -6.3
v -3.7 0.3 -6.3
v -3.7 0.4 -6.3
v -3.7 0.5 -6.3
v -3.7 0.6 -6.3
v -3.7 0.7 -6.3
v -4.4 0 6.3
v -4.2 0 6.3
v -4.1 0 6.3
v -4 0 6.3
v -3.9 0 6.3
v -3.8 0 6.3
v -4.4 0 6.2
v -4.3 0 6.2
v -4.2 0 6.2
v -4.1 0 6.2
v -4 0 6.2
v -3.9 0 6.2
v -3.8 0 6.2
v -4.3 0 6.1
v -4.2 0 6.1
v -4.1 0 6.1
v -4 0 6.1
v -3.9 0 6.1
v -3.8 0 6.1
v -4.4 0 6
v -4.3 0 6
v -4.2 0 6
v -4.1 0 6
v -4 0 6
v -3.9 0 6
v -4.3 0 5.9
v -4.2 0 5.9
v -4.1 0 5.9
v -4 0 5.9
v -3.9 0 5.9
v -3.8 0 5.9
v -4.4 0 5.8
v -4.3 0 5.8
v -4.2 0 5.8
v -3.9 0 5.8
v -3.8 0 5.8
v -4.1 0 5.7
v -4 0 5.7
v -3.8 0 5.7
v -4.4 0 5.6
v -4.3 0 5.6
v -4.2 0 5.6
v -4.1 0 5.6
v -4 0 5.6
v -3.9 0 5.6
v -3.8 0 5.6
v -4.4 0 5.5
v -4.3 0 5.5
v -4.2 0 5.5
v -4.1 0 5.5
v -4 0 5.5
v -3.9 0 5.5
v -3.8 0 5.5
v -4.4 0 5.4
v -4.3 0 5.4
v -4.1 0 5.4
v -4 0 5.4
v -3.9 0 5.4
v -3.8 0 5.4
v -4.4 0 5.3
v -4.3 0 5.3
v -4.2 0 5.3
v -4.1 0 5.3
v -4 0 5.3
v -3.9 0 5.3
v -4.4 0 5.2
v -4.3 0 5.2
v -4.2 0 5.2
v -4.1 0 5.2
v -4 0 5.2
v -3.9 0 5.2
v -4.4 0 5.1
v -4.3 0 5.1
v -4.2 0 5.1
v -4 0 5.1
v -3.9 0 5.1
v -3.8 0 5.1
v -4.4 0 5
v -4.3 0 5
v -4.2 0 5
v -4.1 0 5
v -4 0 5
v -3.9 0 5
v -3.8 0 5
v -4.4 0 4.9
v -4.3 0 4.9
v -4.2 0 4.9
v -4 0 4.9
v -3.9 0 4.9
v -3.8 0 4.9
v -4.3 0 4.8
v -4.2 0 4.8
v -4.1 0 4.8
v -3.9 0 4.8
v -3.8 0 4.8
v -4.3 0 4.7
v -4.2 0 4.7
v -4.1 0 4.7
v -4 0 4.7
v -3.9 0 4.7
v -3.8 0 4.7
v -4.4 0 4.6
v -4.3 0 4.6
v -4.2 0 4.6
v -4.1 0 4.6
v -4 0 4.6
v -3.9 0 4.6
v -3.8 0 4.6
v -4.3 0 4.5
v -4.2 0 4.5
v -3.9 0 4.5
v -3.8 0 4.5
v -4.3 0 4.4
v -4.2 0 4.4
v -4.1 0 4.4
v -3.9 0 4.4
v -3.8 0 4.4
v -4.4 0 4.3
v -4.3 0 4.3
v -4.2 0 4.3
v -4.1 0 4.3
v -4 0 4.3
v -3.9 0 4.3
v -3.8 0 4.3
v -4.2 0 4.2
v -4.1 0 4.2
v -4 0 4.2
v -3.9 0 4.2
v -3.8 0 4.2
v -4.4 0 4.1
v -4.3 0 4.1
v -4.2 0 4.1
v -4.1 0 4.1
v -4 0 4.1
v -3.9 0 4.1
v -3.8 0 4.1
v -4.3 0 4
v -4.2 0 4
v -4.1 0 4
v -4 0 4
v -3.9 0 4
v -4.4 0 3.9
v -4.3 0 3.9
v -4.2 0 3.9
v -4.1 0 3.9
v -4 0 3.9
v -3.9 0 3.9
v -4.4 0 3.8
v -4.3 0 3.8
v -4.1 0 3.8
v -4 0 3.8
v -3.9 0 3.8
v -4.4 0 3.7
v -4.3 0 3.7
v -4.2 0 3.7
v -4.1 0 3.7
v -3.9 0 3.7
v -3.8 0 3.7
v -4.4 0 3.6
v -4.3 0 3.6
v -4.2 0 3.6
v -4.1 0 3.6
v -4 0 3.6
v -3.9 0 3.6
v -3.8 0 3.6
v -4.4 0 3.5
v -4.3 0 3.5
v -4.2 0 3.5
v -4.1 0 3.5
v -4 0 3.5
v -3.9 0 3.5
v -3.8 0 3.5
v -4.4 0 3.4
v -4.3 0 3.4
v -4.2 0 3.4
v -4.1 0 3.4
v -4 0 3.4
v -3.9 0 3.4
v -3.8 0 3.4
v -4.4 0 3.3
v -4.3 0 3.3
v -4.2 0 3.3
v -4.1 0 3.3
v -4 0 3.3
v -3.9 0 3.3
v -3.8 0 3.3
v -4.4 0 3.2
v -4.3 0 3.2
v -4.1 0 3.2
v -4 0 3.2
v -3.9 0 3.2
v -4.4 0 3.1
v -4.3 0 3.1
v -4.2 0 3.1
v -4.1 0 3.1
v -4.4 0 3
v -4.3 0 3
v -4.2 0 3
v -4.1 0 3
v -4 0 3
v -3.9 0 3
v -4.4 0 2.9
v -4.3 0 2.9
v -4.2 0 2.9
v -4.1 0 2.9
v -4 0 2.9
v -3.9 0 2.9
v -4.4 0 2.8
v -4.3 0 2.8
v -4 0 2.8
v -3.9 0 2.8
v -3.8 0 2.8
v -4.4 0 2.7
v -4.3 0 2.7
v -4.1 0 2.7
v -4 0 2.7
v -3.9 0 2.7
v -3.8 0 2.7
v -4.3 0 2.6
v -4.2 0 2.6
v -4.1 0 2.6
v -4 0 2.6
v -4.4 0 2.5
v -4.3 0 2.5
v -4.2 0 2.5
v -4.1 0 2.5
v -3.9 0 2.5
v -4.4 0 2.4
v -4.3 0 2.4
v -4.2 0 2.4
v -4.1 0 2.4
v -4 0 2.4
v -3.9 0 2.4
v -3.8 0 2.4
v -4.4 0 2.3
v -4.3 0 2.3
v -4.2 0 2.3
v -3.9 0 2.3
v -3.8 0 2.3
v -4.1 0 2.2
v -4 0 2.2
v -4.4 0 2.1
v -4.3 0 2.1
v -4 0 2.1
v -3.9 0 2.1
v -4.4 0 2
v -4.3 0 2
v -4.2 0 2
v -4.1 0 2
v -4 0 2
v -3.9 0 2
v -3.8 0 2
v -4.2 0 1.9
v -4.1 0 1.9
v -4 0 1.9
v -3.9 0 1.9
v -3.8 0 1.9
v -4.4 0 1.8
v -4.3 0 1.8
v -4.2 0 1.8
v -4.1 0 1.8
v -4 0 1.8
v -3.9 0 1.8
v -3.8 0 1.8
v -4.3 0 1.7
v -4.2 0 1.7
v -4.1 0 1.7
v -4 0 1.7
v -3.9 0 1.7
v -4.4 0 1.6
v -4.3 0 1.6
v -4.2 0 1.6
v -4 0 1.6
v -3.9 0 1.6
v -3.8 0 1.6
v -4.4 0 1.5
v -4.3 0 1.5
v -4.2 0 1.5
v -4.1 0 1.5
v -3.9 0 1.5
v -3.8 0 1.5
v -4.4 0 1.4
v -4.3 0 1.4
v -4.2 0 1.4
v -4.1 0 1.4
v -3.9 0 1.4
v -4.4 0 1.3
v -4.3 0 1.3
v -4.2 0 1.3
v -4.1 0 1.3
v -4 0 1.3
v -3.9 0 1.3
v -3.8 0 1.3
v -4.4 0 1.2
v -4.3 0 1.2
v -4.2 0 1.2
v -4.1 0 1.2
v -4 0 1.2
v -3.9 0 1.2
v -4.4 0 1.1
v -4.3 0 1.1
v -4.2 0 1.1
v -4.1 0 1.1
v -3.9 0 1.1
v -3.8 0 1.1
v -4.4 0 1
v -4.3 0 1
v -4.2 0 1
v -4.1 0 1
v -4 0 1
v -3.9 0 1
v -3.8 0 1
v -4.4 0 0.9
v -4.3 0 0.9
v -4.2 0 0.9
v -4.1 0 0.9
v -4 0 0.9
v -3.9 0 0.9
v -3.8 0 0.9
v -4.3 0 0.8
v -4.2 0 0.8
v -4 0 0.8
v -3.9 0 0.8
v -3.8 0 0.8
v -4.4 0 0.7
v -4.3 0 0.7
v -4.2 0 0.7
v -4.1 0 0.7
v -4 0 0.7
v -3.9 0 0.7
v -3.8 0 0.7
v -4.4 0 0.6
v -4.3 0 0.6
v -4.2 0 0.6
v -4.1 0 0.6
v -4 0 0.6
v -3.9 0 0.6
v -3.8 0 0.6
v -4.4 0 0.5
v -4.3 0 0.5
v -4.1 0 0.5
v -4 0 0.5
v -3.9 0 0.5
v -3.8 0 0.5
v -4.4 0 0.4
v -4.3 0 0.4
v -4.2 0 0.4
v -4.1 0 0.4
v -3.9 0 0.4
v -3.8 0 0.4
v -4.4 0 0.3
v -4.3 0 0.3
v -4.2 0 0.3
v -4.1 0 0.3
v -3.9 0 0.3
v -3.8 0 0.3
v -4.4 0 0.2
v -4.3 0 0.2
v -4.2 0 0.2
v -4.1 0 0.2
v -3.9 0 0.2
v -3.8 0 0.2
v -4.4 0 0.1
v -4.3 0 0.1
v -4.2 0 0.1
v -4.1 0 0.1
v -4.3 0 0
v -4.2 0 0
v -4.1 0 0
v -4 0 0
v -3.8 0 0
v -4.2 0 -0.1
v -4.1 0 -0.1
v -4 0 -0.1
v -3.9 0 -0.1
v -4.4 0 -0.2
v -4.3 0 -0.2
v -4.2 0 -0.2
v -4.1 0 -0.2
v -4.4 0 -0.3
v -4.3 0 -0.3
v -4.2 0 -0.3
v -4.1 0 -0.3
v -4 0 -0.3
v -3.9 0 -0.3
v -4.2 0 -0.4
v -4.1 0 -0.4
v -4 0 -0.4
v -3.9 0 -0.4
v -3.8 0 -0.4
v -4.3 0 -0.5
v -4.2 0 -0.5
v -4.1 0 -0.5
v -4 0 -0.5
v -3.9 0 -0.5
v -3.8 0 -0.5
v -4.4 0 -0.6
v -4.3 0 -0.6
v -4.2 0 -0.6
v -4.1 0 -0.6
v -4 0 -0.6
v -3.9 0 -0.6
v -3.8 0 -0.6
v -4.4 0 -0.7
v -4.3 0 -0.7
v -4.2 0 -0.7
v -4.1 0 -0.7
v -4 0 -0.7
v -3.9 0 -0.7
v -3.8 0 -0.7
v -4.4 0 -0.8
v -4.3 0 -0.8
v -4.2 0 -0.8
v -4.1 0 -0.8
v -4 0 -0.8
v -3.9 0 -0.8
v -4.2 0 -0.9
v -4.1 0 -0.9
v -4 0 -0.9
v -3.9 0 -0.9
v -3.8 0 -0.9
v -4.4 0 -1
v -4.3 0 -1
v -4.2 0 -1
v -4.1 0 -1
v -3.9 0 -1
v -3.8 0 -1
v -4.4 0 -1.1
v -4.3 0 -1.1
v -4.1 0 -1.1
v -4 0 -1.1
v -3.9 0 -1.1
v -4.2 0 -1.2
v -4.1 0 -1.2
v -4 0 -1.2
v -3.9 0 -1.2
v -4.4 0 -1.3
v -4.3 0 -1.3
v -4.2 0 -1.3
v -4.1 0 -1.3
v -4 0 -1.3
v -3.9 0 -1.3
v -4.4 0 -1.4
v -4.3 0 -1.4
v -4.2 0 -1.4
v -4.1 0 -1.4
v -4 0 -1.4
v -3.9 0 -1.4
v -4.4 0 -1.5
v -4.3 0 -1.5
v -4.4 0 -1.6
v -4.3 0 -1.6
v -4.2 0 -1.6
v -4.1 0 -1.6
v -4 0 -1.6
v -3.9 0 -1.6
v -3.8 0 -1.6
v -4.4 0 -1.7
v -4.3 0 -1.7
v -4.2 0 -1.7
v -4.1 0 -1.7
v -4 0 -1.7
v -3.8 0 -1.7
v -4.3 0 -1.8
v -4.2 0 -1.8
v -4.1 0 -1.8
v -4 0 -1.8
v -3.9 0 -1.8
v -3.8 0 -1.8
v -4.4 0 -1.9
v -4.3 0 -1.9
v -4.2 0 -1.9
v -4.1 0 -1.9
v -4 0 -1.9
v -3.9 0 -1.9
v -4.4 0 -2
v -4.3 0 -2
v -4.2 0 -2
v -4.1 0 -2
v -4 0 -2
v -3.9 0 -2
v -3.8 0 -2
v -4.4 0 -2.1
v -4.3 0 -2.1
v -4.2 0 -2.1
v -4.1 0 -2.1
v -4 0 -2.1
v -3.8 0 -2.1
v -4.4 0 -2.2
v -4.3 0 -2.2
v -4.2 0 -2.2
v -4 0 -2.2
v -4.3 0 -2.3
v -4.2 0 -2.3
v -4 0 -2.3
v -3.9 0 -2.3
v -3.8 0 -2.3
v -4.4 0 -2.4
v -4.3 0 -2.4
v -4.2 0 -2.4
v -4 0 -2.4
v -3.9 0 -2.4
v -3.8 0 -2.4
v -4.4 0 -2.5
v -4.3 0 -2.5
v -4.2 0 -2.5
v -4 0 -2.5
v -3.9 0 -2.5
v -3.8 0 -2.5
v -4.4 0 -2.6
v -4.3 0 -2.6
v -4.2 0 -2.6
v -4.1 0 -2.6
v -4 0 -2.6
v -3.9 0 -2.6
v -4.3 0 -2.7
v -4.2 0 -2.7
v -4.1 0 -2.7
v -4 0 -2.7
v -3.9 0 -2.7
v -3.8 0 -2.7
v -4.4 0 -2.8
v -4.2 0 -2.8
v -4.1 0 -2.8
v -4 0 -2.8
v -3.9 0 -2.8
v -4.4 0 -2.9
v -4.3 0 -2.9
v -4.2 0 -2.9
v -4.1 0 -2.9
v -4 0 -2.9
v -3.9 0 -2.9
v -3.8 0 -2.9
v -4.4 0 -3
v -4.3 0 -3
v -4.2 0 -3
v -4.1 0 -3
v -4 0 -3
v -3.9 0 -3
v -3.8 0 -3
v -4 0 -3.1
v -3.9 0 -3.1
v -3.8 0 -3.1
v -4.3 0 -3.2
v -4.2 0 -3.2
v -4.1 0 -3.2
v -4 0 -3.2
v -4.4 0 -3.3
v -4.3 0 -3.3
v -4.2 0 -3.3
v -4.1 0 -3.3
v -4 0 -3.3
v -3.9 0 -3.3
v -4.4 0 -3.4
v -4.3 0 -3.4
v -4.2 0 -3.4
v -4.1 0 -3.4
v -4 0 -3.4
v -3.9 0 -3.4
v -3.8 0 -3.4
v -4.4 0 -3.5
v -4.3 0 -3.5
v -4.2 0 -3.5
v -4.1 0 -3.5
v -4 0 -3.5
v -3.9 0 -3.5
v -3.8 0 -3.5
v -4.4 0 -3.6
v -4.3 0 -3.6
v -4.2 0 -3.6
v -4.1 0 -3.6
v -4 0 -3.6
v -3.9 0 -3.6
v -3.8 0 -3.6
v -4.4 0 -3.7
v -4.3 0 -3.7
v -4.2 0 -3.7
v -4.1 0 -3.7
v -4 0 -3.7
v -3.9 0 -3.7
v -3.8 0 -3.7
v -4.2 0 -3.8
v -4.1 0 -3.8
v -4 0 -3.8
v -3.9 0 -3.8
v -3.8 0 -3.8
v -4.3 0 -3.9
v -4.2 0 -3.9
v -4.1 0 -3.9
v -4 0 -3.9
v -3.9 0 -3.9
v -3.8 0 -3.9
v -4.4 0 -4
v -4.3 0 -4
v -4 0 -4
v -3.9 0 -4
v -3.8 0 -4
v -4.1 0 -4.1
v -4 0 -4.1
v -4.4 0 -4.2
v -4.3 0 -4.2
v -4.2 0 -4.2
v -4.1 0 -4.2
v -4 0 -4.2
v -3.9 0 -4.2
v -3.8 0 -4.2
v -4.4 0 -4.3
v -4.3 0 -4.3
v -4.2 0 -4.3
v -4.1 0 -4.3
v -4 0 -4.3
v -3.9 0 -4.3
v -3.8 0 -4.3
v -4.4 0 -4.4
v -4.3 0 -4.4
v -4.2 0 -4.4
v -4.1 0 -4.4
v -4 0 -4.4
v -4.3 0 -4.5
v -4.2 0 -4.5
v -4.1 0 -4.5
v -4 0 -4.5
v -3.9 0 -4.5
v -4.3 0 -4.6
v -4.2 0 -4.6
v -4 0 -4.6
v -3.9 0 -4.6
v -4.3 0 -4.7
v -4.2 0 -4.7
v -4.1 0 -4.7
v -4 0 -4.7
v -3.9 0 -4.7
v -4.4 0 -4.8
v -4.3 0 -4.8
v -4.2 0 -4.8
v -4.1 0 -4.8
v -4 0 -4.8
v -3.9 0 -4.8
v -3.8 0 -4.8
v -4.4 0 -4.9
v -4.3 0 -4.9
v -4.2 0 -4.9
v -4.1 0 -4.9
v -4 0 -4.9
v -3.9 0 -4.9
v -3.8 0 -4.9
v -4.4 0 -5
v -4.3 0 -5
v -4.2 0 -5
v -4 0 -5
v -3.8 0 -5
v -4.4 0 -5.1
v -4.3 0 -5.1
v -4.2 0 -5.1
v -4 0 -5.1
v -3.9 0 -5.1
v -4.4 0 -5.2
v -4.3 0 -5.2
v -4.2 0 -5.2
v -4 0 -5.2
v -4.4 0 -5.3
v -4.3 0 -5.3
v -4.2 0 -5.3
v -4.1 0 -5.3
v -4 0 -5.3
v -3.9 0 -5.3
v -3.8 0 -5.3
v -4.4 0 -5.4
v -4.3 0 -5.4
v -4.2 0 -5.4
v -4.1 0 -5.4
v -4 0 -5.4
v -3.9 0 -5.4
v -4.1 0 -5.5
v -4 0 -5.5
v -3.9 0 -5.5
v -3.8 0 -5.5
v -4.3 0 -5.6
v -4.2 0 -5.6
v -4.1 0 -5.6
v -4 0 -5.6
v -3.9 0 -5.6
v -3.8 0 -5.6
v -4.4 0 -5.7
v -4.3 0 -5.7
v -4.2 0 -5.7
v -4.1 0 -5.7
v -4 0 -5.7
v -4.4 0 -5.8
v -4.3 0 -5.8
v -4.2 0 -5.8
v -4.1 0 -5.8
v -4 0 -5.8
v -3.9 0 -5.8
v -3.8 0 -5.8
v -4.4 0 -5.9
v -4.3 0 -5.9
v -4.2 0 -5.9
v -4 0 -5.9
v -3.9 0 -5.9
v -3.8 0 -5.9
v -4.4 0 -6
v -4.3 0 -6
v -4.2 0 -6
v -4 0 -6
v -3.9 0 -6
v -3.8 0 -6
v -4.4 0 -6.1
v -4.3 0 -6.1
v -4.2 0 -6.1
v -4.1 0 -6.1
v -4 0 -6.1
v -3.9 0 -6.1
v -3.8 0 -6.1
v -4.4 0 -6.2
v -4.3 0 -6.2
v -4.2 0 -6.2
v -4.1 0 -6.2
v -4 0 -6.2
v -4.4 0 -6.3
v -4.3 0 -6.3
v -4.1 0 -6.3
v -4 0 -6.3
v -3.9 0 -6.3
v -3.8 0 -6.3
v -4.5 0.1 6.3
v -4.4 0.1 6.3
v -3.8 0.1 6.3
v -3.7 0.1 6.3
v -4.5 0.1 6.2
v -4.4 0.1 6.2
v -3.8 0.1 6.2
v -3.7 0.1 6.2
v -3.8 0.1 6.1
v -3.7 0.1 6.1
v -4.4 0.1 6
v -3.8 0.1 6
v -3.7 0.1 6
v -4.5 0.1 5.9
v -4.4 0.1 5.9
v -3.8 0.1 5.9
v -3.7 0.1 5.9
v -4.4 0.1 5.8
v -3.8 0.1 5.8
v -4.5 0.1 5.7
v -4.4 0.1 5.7
v -3.8 0.1 5.7
v -3.7 0.1 5.7
v -4.4 0.1 5.6
v -3.8 0.1 5.6
v -3.7 0.1 5.6
v -4.5 0.1 5.5
v -4.4 0.1 5.5
v -3.8 0.1 5.5
v -3.7 0.1 5.5
v -4.4 0.1 5.4
v -3.8 0.1 5.4
v -3.7 0.1 5.4
v -4.4 0.1 5.3
v -4.5 0.1 5.2
v -4.4 0.1 5.2
v -3.8 0.1 5.2
v -3.7 0.1 5.2
v -4.4 0.1 5.1
v -3.8 0.1 5.1
v -3.7 0.1 5.1
v -4.5 0.1 5
v -4.4 0.1 5
v -3.8 0.1 5
v -4.4 0.1 4.9
v -3.8 0.1 4.9
v -4.5 0.1 4.8
v -4.4 0.1 4.8
v -3.8 0.1 4.8
v -3.7 0.1 4.8
v -4.5 0.1 4.7
v -4.4 0.1 4.7
v -3.8 0.1 4.7
v -4.5 0.1 4.6
v -4.4 0.1 4.6
v -3.8 0.1 4.6
v -3.7 0.1 4.6
v -3.8 0.1 4.5
v -4.5 0.1 4.4
v -4.4 0.1 4.4
v -3.8 0.1 4.4
v -4.5 0.1 4.3
v -4.4 0.1 4.3
v -3.8 0.1 4.3
v -4.5 0.1 4.2
v -4.4 0.1 4.2
v -3.8 0.1 4.2
v -3.7 0.1 4.2
v -4.5 0.1 4.1
v -4.4 0.1 4.1
v -3.8 0.1 4.1
v -3.7 0.1 4.1
v -4.5 0.1 4
v -4.4 0.1 4
v -3.8 0.1 4
v -3.7 0.1 4
v -4.5 0.1 3.9
v -4.4 0.1 3.9
v -3.8 0.1 3.9
v -3.7 0.1 3.9
v -4.5 0.1 3.8
v -4.4 0.1 3.8
v -4.4 0.1 3.7
v -3.8 0.1 3.7
v -3.7 0.1 3.7
v -4.5 0.1 3.6
v -4.4 0.1 3.6
v -3.8 0.1 3.6
v -3.7 0.1 3.6
v -4.5 0.1 3.5
v -4.4 0.1 3.5
v -3.8 0.1 3.5
v -4.5 0.1 3.4
v -4.4 0.1 3.4
v -3.8 0.1 3.4
v -4.4 0.1 3.3
v -3.8 0.1 3.3
v -3.7 0.1 3.3
v -4.5 0.1 3.2
v -4.4 0.1 3.2
v -3.8 0.1 3.2
v -3.7 0.1 3.2
v -4.5 0.1 3.1
v -4.4 0.1 3.1
v -3.8 0.1 3.1
v -3.7 0.1 3.1
v -4.5 0.1 3
v -4.4 0.1 3
v -3.8 0.1 3
v -3.7 0.1 3
v -4.4 0.1 2.9
v -3.8 0.1 2.9
v -3.7 0.1 2.9
v -4.5 0.1 2.8
v -4.4 0.1 2.8
v -3.8 0.1 2.8
v -3.7 0.1 2.8
v -4.5 0.1 2.7
v -4.4 0.1 2.7
v -3.8 0.1 2.7
v -3.7 0.1 2.7
v -4.5 0.1 2.5
v -4.4 0.1 2.5
v -3.8 0.1 2.5
v -3.7 0.1 2.5
v -4.5 0.1 2.4
v -4.4 0.1 2.4
v -3.8 0.1 2.4
v -3.7 0.1 2.4
v -4.4 0.1 2.3
v -3.8 0.1 2.3
v -3.8 0.1 2.2
v -3.7 0.1 2.2
v -4.5 0.1 2.1
v -4.4 0.1 2.1
v -3.8 0.1 2.1
v -3.7 0.1 2.1
v -4.4 0.1 2
v -3.8 0.1 2
v -3.7 0.1 2
v -3.8 0.1 1.9
v -3.7 0.1 1.9
v -4.5 0.1 1.8
v -4.4 0.1 1.8
v -3.8 0.1 1.8
v -4.5 0.1 1.6
v -4.4 0.1 1.6
v -3.8 0.1 1.6
v -3.7 0.1 1.6
v -4.4 0.1 1.5
v -3.8 0.1 1.5
v -3.7 0.1 1.5
v -4.4 0.1 1.4
v -4.4 0.1 1.3
v -3.8 0.1 1.3
v -4.5 0.1 1.2
v -4.4 0.1 1.2
v -3.8 0.1 1.2
v -3.7 0.1 1.2
v -4.4 0.1 1.1
v -3.8 0.1 1.1
v -3.7 0.1 1.1
v -4.4 0.1 1
v -3.8 0.1 1
v -3.7 0.1 1
v -4.5 0.1 0.9
v -4.4 0.1 0.9
v -3.8 0.1 0.9
v -4.5 0.1 0.8
v -4.4 0.1 0.8
v -3.8 0.1 0.8
v -4.5 0.1 0.7
v -4.4 0.1 0.7
v -3.8 0.1 0.7
v -4.5 0.1 0.6
v -4.4 0.1 0.6
v -3.8 0.1 0.6
v -4.4 0.1 0.5
v -3.8 0.1 0.5
v -3.7 0.1 0.5
v -4.5 0.1 0.4
v -4.4 0.1 0.4
v -3.8 0.1 0.4
v -3.7 0.1 0.4
v -4.4 0.1 0.3
v -3.8 0.1 0.3
v -4.5 0.1 0.2
v -4.4 0.1 0.2
v -3.8 0.1 0.2
v -3.7 0.1 0.2
v -4.5 0.1 0.1
v -4.4 0.1 0.1
v -3.8 0.1 0.1
v -3.7 0.1 0.1
v -3.8 0.1 0
v -3.7 0.1 0
v -4.5 0.1 -0.1
v -4.4 0.1 -0.1
v -3.8 0.1 -0.1
v -3.7 0.1 -0.1
v -4.5 0.1 -0.2
v -4.4 0.1 -0.2
v -3.8 0.1 -0.2
v -3.7 0.1 -0.2
v -4.4 0.1 -0.3
v -3.8 0.1 -0.3
v -3.7 0.1 -0.3
v -4.5 0.1 -0.4
v -4.4 0.1 -0.4
v -3.8 0.1 -0.4
v -3.7 0.1 -0.4
v -4.5 0.1 -0.5
v -4.4 0.1 -0.5
v -3.8 0.1 -0.5
v -3.7 0.1 -0.5
v -4.5 0.1 -0.6
v -4.4 0.1 -0.6
v -3.8 0.1 -0.6
v -3.7 0.1 -0.6
v -4.4 0.1 -0.7
v -3.8 0.1 -0.7
v -3.7 0.1 -0.7
v -4.5 0.1 -0.8
v -4.4 0.1 -0.8
v -4.5 0.1 -0.9
v -4.4 0.1 -0.9
v -3.8 0.1 -0.9
v -3.7 0.1 -0.9
v -4.4 0.1 -1
v -3.8 0.1 -1
v -3.7 0.1 -1
v -4.5 0.1 -1.1
v -4.4 0.1 -1.1
v -3.8 0.1 -1.2
v -3.7 0.1 -1.2
v -4.4 0.1 -1.3
v -3.8 0.1 -1.3
v -3.7 0.1 -1.3
v -4.5 0.1 -1.4
v -4.4 0.1 -1.4
v -4.5 0.1 -1.5
v -4.4 0.1 -1.5
v -4.5 0.1 -1.6
v -4.4 0.1 -1.6
v -3.8 0.1 -1.6
v -3.7 0.1 -1.6
v -4.5 0.1 -1.7
v -4.4 0.1 -1.7
v -3.8 0.1 -1.7
v -4.5 0.1 -1.8
v -4.4 0.1 -1.8
v -3.8 0.1 -1.8
v -4.4 0.1 -1.9
v -3.8 0.1 -1.9
v -3.7 0.1 -1.9
v -4.5 0.1 -2
v -4.4 0.1 -2
v -3.8 0.1 -2
v -3.7 0.1 -2
v -4.5 0.1 -2.1
v -4.4 0.1 -2.1
v -3.8 0.1 -2.1
v -3.7 0.1 -2.1
v -4.4 0.1 -2.2
v -3.8 0.1 -2.2
v -3.7 0.1 -2.2
v -3.8 0.1 -2.3
v -4.5 0.1 -2.4
v -4.4 0.1 -2.4
v -3.8 0.1 -2.4
v -3.7 0.1 -2.4
v -4.5 0.1 -2.5
v -4.4 0.1 -2.5
v -3.8 0.1 -2.5
v -3.7 0.1 -2.5
v -4.5 0.1 -2.6
v -4.4 0.1 -2.6
v -3.8 0.1 -2.7
v -4.4 0.1 -2.8
v -3.8 0.1 -2.8
v -3.7 0.1 -2.8
v -4.5 0.1 -2.9
v -4.4 0.1 -2.9
v -3.8 0.1 -2.9
v -3.7 0.1 -2.9
v -4.5 0.1 -3
v -4.4 0.1 -3
v -3.8 0.1 -3
v -3.7 0.1 -3
v -4.5 0.1 -3.1
v -4.4 0.1 -3.1
v -3.8 0.1 -3.1
v -3.7 0.1 -3.1
v -3.8 0.1 -3.2
v -3.7 0.1 -3.2
v -4.5 0.1 -3.3
v -4.4 0.1 -3.3
v -4.4 0.1 -3.4
v -3.8 0.1 -3.4
v -4.4 0.1 -3.5
v -3.8 0.1 -3.5
v -3.7 0.1 -3.5
v -4.5 0.1 -3.6
v -4.4 0.1 -3.6
v -3.8 0.1 -3.6
v -4.5 0.1 -3.7
v -4.4 0.1 -3.7
v -3.8 0.1 -3.7
v -3.7 0.1 -3.7
v -4.5 0.1 -3.8
v -4.4 0.1 -3.8
v -3.8 0.1 -3.8
v -4.5 0.1 -3.9
v -4.4 0.1 -3.9
v -3.8 0.1 -3.9
v -3.7 0.1 -3.9
v -4.5 0.1 -4
v -4.4 0.1 -4
v -3.8 0.1 -4
v -3.7 0.1 -4
v -4.5 0.1 -4.1
v -4.4 0.1 -4.1
v -3.8 0.1 -4.1
v -3.7 0.1 -4.1
v -4.4 0.1 -4.2
v -3.8 0.1 -4.2
v -3.7 0.1 -4.2
v -4.4 0.1 -4.3
v -3.8 0.1 -4.3
v -3.7 0.1 -4.3
v -4.4 0.1 -4.4
v -3.8 0.1 -4.5
v -3.7 0.1 -4.5
v -4.5 0.1 -4.7
v -4.4 0.1 -4.7
v -4.4 0.1 -4.8
v -3.8 0.1 -4.8
v -3.7 0.1 -4.8
v -4.4 0.1 -4.9
v -3.8 0.1 -4.9
v -3.7 0.1 -4.9
v -4.5 0.1 -5
v -4.4 0.1 -5
v -3.8 0.1 -5
v -3.7 0.1 -5
v -4.5 0.1 -5.1
v -4.4 0.1 -5.1
v -4.4 0.1 -5.2
v -3.8 0.1 -5.2
v -3.7 0.1 -5.2
v -4.5 0.1 -5.3
v -4.4 0.1 -5.3
v -3.8 0.1 -5.3
v -3.7 0.1 -5.3
v -4.5 0.1 -5.4
v -4.4 0.1 -5.4
v -3.8 0.1 -5.4
v -3.7 0.1 -5.4
v -4.5 0.1 -5.5
v -4.4 0.1 -5.5
v -3.8 0.1 -5.5
v -4.5 0.1 -5.6
v -4.4 0.1 -5.6
v -3.8 0.1 -5.6
v -4.4 0.1 -5.7
v -3.8 0.1 -5.7
v -3.7 0.1 -5.7
v -4.4 0.1 -5.8
v -3.8 0.1 -5.8
v -3.7 0.1 -5.8
v -4.4 0.1 -5.9
v -3.8 0.1 -5.9
v -3.7 0.1 -5.9
v -4.5 0.1 -6
v -4.4 0.1 -6
v -3.8 0.1 -6
v -4.5 0.1 -6.1
v -4.4 0.1 -6.1
v -3.8 0.1 -6.1
v -4.4 0.1 -6.2
v -4.5 0.1 -6.3
v -4.4 0.1 -6.3
v -3.8 0.1 -6.3
v -3.7 0.1 -6.3
v -4.5 0.7 6.3
v -4.4 0.7 6.3
v -3.8 0.7 6.3
v -3.7 0.7 6.3
v -4.5 0.7 6.2
v -4.4 0.7 6.2
v -3.8 0.7 6.2
v -4.5 0.7 6.1
v -4.4 0.7 6.1
v -3.8 0.7 6.1
v -3.7 0.7 6.1
v -4.5 0.7 6
v -4.4 0.7 6
v -4.5 0.7 5.9
v -4.4 0.7 5.9
v -3.8 0.7 5.9
v -3.7 0.7 5.9
v -4.5 0.7 5.8
v -4.4 0.7 5.8
v -3.8 0.7 5.8
v -3.8 0.7 5.7
v -3.7 0.7 5.7
v -4.5 0.7 5.6
v -4.4 0.7 5.6
v -3.8 0.7 5.6
v -3.7 0.7 5.6
v -4.5 0.7 5.5
v -4.4 0.7 5.5
v -3.8 0.7 5.5
v -3.7 0.7 5.5
v -4.5 0.7 5.4
v -4.4 0.7 5.4
v -3.8 0.7 5.4
v -4.5 0.7 5.3
v -4.4 0.7 5.3
v -3.8 0.7 5.3
v -3.7 0.7 5.3
v -4.5 0.7 5.2
v -4.4 0.7 5.2
v -3.8 0.7 5.2
v -3.7 0.7 5.2
v -4.5 0.7 5.1
v -4.4 0.7 5.1
v -3.8 0.7 5.1
v -4.5 0.7 5
v -4.4 0.7 5
v -3.8 0.7 5
v -3.7 0.7 5
v -4.5 0.7 4.9
v -4.4 0.7 4.9
v -3.8 0.7 4.9
v -4.5 0.7 4.8
v -4.4 0.7 4.8
v -3.8 0.7 4.8
v -4.4 0.7 4.6
v -3.8 0.7 4.6
v -3.8 0.7 4.5
v -3.7 0.7 4.5
v -3.8 0.7 4.4
v -3.7 0.7 4.4
v -4.5 0.7 4.3
v -4.4 0.7 4.3
v -3.8 0.7 4.3
v -3.7 0.7 4.3
v -4.5 0.7 4.2
v -4.4 0.7 4.2
v -3.8 0.7 4.2
v -3.7 0.7 4.2
v -4.5 0.7 4.1
v -4.4 0.7 4.1
v -3.8 0.7 4.1
v -4.5 0.7 4
v -4.4 0.7 4
v -3.8 0.7 4
v -3.7 0.7 4
v -4.5 0.7 3.9
v -4.4 0.7 3.9
v -3.8 0.7 3.9
v -3.7 0.7 3.9
v -4.5 0.7 3.8
v -4.4 0.7 3.8
v -3.8 0.7 3.8
v -3.7 0.7 3.8
v -4.5 0.7 3.7
v -4.4 0.7 3.7
v -3.8 0.7 3.7
v -3.7 0.7 3.7
v -4.5 0.7 3.6
v -4.4 0.7 3.6
v -4.5 0.7 3.5
v -4.4 0.7 3.5
v -3.8 0.7 3.5
v -3.7 0.7 3.5
v -4.5 0.7 3.4
v -4.4 0.7 3.4
v -3.8 0.7 3.4
v -3.7 0.7 3.4
v -4.4 0.7 3.3
v -3.8 0.7 3.3
v -4.5 0.7 3.2
v -4.4 0.7 3.2
v -3.8 0.7 3.2
v -3.7 0.7 3.2
v -4.5 0.7 3.1
v -4.4 0.7 3.1
v -4.5 0.7 3
v -4.4 0.7 3
v -3.8 0.7 3
v -4.5 0.7 2.9
v -4.4 0.7 2.9
v -3.8 0.7 2.9
v -3.7 0.7 2.9
v -4.5 0.7 2.8
v -4.4 0.7 2.8
v -3.8 0.7 2.8
v -4.5 0.7 2.7
v -4.4 0.7 2.7
v -3.8 0.7 2.7
v -4.4 0.7 2.6
v -3.8 0.7 2.6
v -4.5 0.7 2.5
v -4.4 0.7 2.5
v -3.8 0.7 2.5
v -3.7 0.7 2.5
v -4.4 0.7 2.4
v -4.5 0.7 2.3
v -4.4 0.7 2.3
v -3.8 0.7 2.3
v -3.7 0.7 2.3
v -4.5 0.7 2.2
v -4.4 0.7 2.2
v -3.8 0.7 2.2
v -3.7 0.7 2.2
v -4.5 0.7 2.1
v -4.4 0.7 2.1
v -3.8 0.7 2.1
v -3.7 0.7 2.1
v -4.5 0.7 2
v -4.4 0.7 2
v -3.8 0.7 2
v -4.5 0.7 1.9
v -4.4 0.7 1.9
v -3.8 0.7 1.9
v -3.7 0.7 1.9
v -4.4 0.7 1.8
v -3.8 0.7 1.8
v -3.7 0.7 1.8
v -4.5 0.7 1.7
v -4.4 0.7 1.7
v -3.8 0.7 1.7
v -3.7 0.7 1.7
v -4.5 0.7 1.6
v -4.4 0.7 1.6
v -3.8 0.7 1.6
v -3.7 0.7 1.6
v -4.5 0.7 1.5
v -4.4 0.7 1.5
v -3.8 0.7 1.5
v -4.5 0.7 1.4
v -4.4 0.7 1.4
v -3.8 0.7 1.4
v -4.5 0.7 1.3
v -4.4 0.7 1.3
v -3.8 0.7 1.3
v -3.7 0.7 1.3
v -4.5 0.7 1.2
v -4.4 0.7 1.2
v -3.8 0.7 1.2
v -3.7 0.7 1.2
v -4.5 0.7 1.1
v -4.4 0.7 1.1
v -3.8 0.7 1.1
v -3.7 0.7 1.1
v -4.5 0.7 1
v -4.4 0.7 1
v -3.8 0.7 1
v -3.7 0.7 1
v -4.5 0.7 0.8
v -4.4 0.7 0.8
v -3.8 0.7 0.8
v -3.7 0.7 0.8
v -4.5 0.7 0.7
v -4.4 0.7 0.7
v -3.8 0.7 0.7
v -3.8 0.7 0.6
v -3.7 0.7 0.6
v -4.5 0.7 0.5
v -4.4 0.7 0.5
v -3.8 0.7 0.5
v -3.7 0.7 0.5
v -4.5 0.7 0.4
v -4.4 0.7 0.4
v -3.8 0.7 0.4
v -3.7 0.7 0.4
v -4.5 0.7 0.3
v -4.4 0.7 0.3
v -3.8 0.7 0.3
v -3.7 0.7 0.3
v -4.5 0.7 0.2
v -4.4 0.7 0.2
v -3.8 0.7 0.2
v -3.8 0.7 0.1
v -3.7 0.7 0.1
v -4.5 0.7 0
v -4.4 0.7 0
v -3.8 0.7 0
v -3.7 0.7 0
v -3.8 0.7 -0.1
v -4.5 0.7 -0.2
v -4.4 0.7 -0.2
v -3.8 0.7 -0.2
v -4.5 0.7 -0.3
v -4.4 0.7 -0.3
v -3.8 0.7 -0.3
v -3.7 0.7 -0.3
v -4.5 0.7 -0.4
v -4.4 0.7 -0.4
v -3.8 0.7 -0.4
v -3.7 0.7 -0.4
v -4.5 0.7 -0.6
v -4.4 0.7 -0.6
v -3.8 0.7 -0.6
v -3.7 0.7 -0.6
v -3.8 0.7 -0.7
v -3.7 0.7 -0.7
v -4.5 0.7 -0.8
v -4.4 0.7 -0.8
v -3.8 0.7 -0.8
v -3.7 0.7 -0.8
v -4.5 0.7 -0.9
v -4.4 0.7 -0.9
v -4.5 0.7 -1
v -4.4 0.7 -1
v -3.8 0.7 -1
v -3.7 0.7 -1
v -4.5 0.7 -1.1
v -4.4 0.7 -1.1
v -3.8 0.7 -1.1
v -4.5 0.7 -1.2
v -4.4 0.7 -1.2
v -3.8 0.7 -1.2
v -3.7 0.7 -1.2
v -4.5 0.7 -1.3
v -4.4 0.7 -1.3
v -3.8 0.7 -1.3
v -3.7 0.7 -1.3
v -4.5 0.7 -1.4
v -4.4 0.7 -1.4
v -3.8 0.7 -1.4
v -4.5 0.7 -1.5
v -4.4 0.7 -1.5
v -4.5 0.7 -1.6
v -4.4 0.7 -1.6
v -3.8 0.7 -1.6
v -4.4 0.7 -1.7
v -3.8 0.7 -1.7
v -3.7 0.7 -1.7
v -4.5 0.7 -1.8
v -4.4 0.7 -1.8
v -4.4 0.7 -1.9
v -3.8 0.7 -1.9
v -3.7 0.7 -1.9
v -4.5 0.7 -2
v -4.4 0.7 -2
v -3.8 0.7 -2
v -3.7 0.7 -2
v -4.5 0.7 -2.1
v -4.4 0.7 -2.1
v -3.8 0.7 -2.1
v -3.7 0.7 -2.1
v -4.5 0.7 -2.2
v -4.4 0.7 -2.2
v -3.8 0.7 -2.2
v -4.5 0.7 -2.3
v -4.4 0.7 -2.3
v -3.8 0.7 -2.3
v -3.7 0.7 -2.3
v -4.5 0.7 -2.4
v -4.4 0.7 -2.4
v -4.4 0.7 -2.5
v -3.8 0.7 -2.5
v -3.7 0.7 -2.5
v -4.5 0.7 -2.6
v -4.4 0.7 -2.6
v -3.8 0.7 -2.6
v -3.7 0.7 -2.6
v -4.5 0.7 -2.7
v -4.4 0.7 -2.7
v -3.8 0.7 -2.7
v -3.7 0.7 -2.7
v -4.5 0.7 -2.8
v -4.4 0.7 -2.8
v -3.8 0.7 -2.8
v -3.7 0.7 -2.8
v -4.5 0.7 -2.9
v -4.4 0.7 -2.9
v -3.8 0.7 -2.9
v -3.7 0.7 -2.9
v -4.5 0.7 -3
v -4.4 0.7 -3
v -3.8 0.7 -3
v -3.7 0.7 -3
v -4.5 0.7 -3.1
v -4.4 0.7 -3.1
v -3.8 0.7 -3.1
v -3.7 0.7 -3.1
v -4.4 0.7 -3.2
v -3.8 0.7 -3.2
v -3.7 0.7 -3.2
v -4.5 0.7 -3.3
v -4.4 0.7 -3.3
v -3.8 0.7 -3.3
v -3.7 0.7 -3.3
v -3.8 0.7 -3.4
v -3.7 0.7 -3.4
v -4.4 0.7 -3.5
v -4.5 0.7 -3.6
v -4.4 0.7 -3.6
v -3.8 0.7 -3.6
v -3.7 0.7 -3.6
v -4.5 0.7 -3.7
v -4.4 0.7 -3.7
v -3.8 0.7 -3.7
v -3.7 0.7 -3.7
v -4.4 0.7 -3.8
v -3.8 0.7 -3.8
v -4.4 0.7 -3.9
v -3.8 0.7 -3.9
v -3.7 0.7 -3.9
v -4.5 0.7 -4
v -4.4 0.7 -4
v -3.8 0.7 -4
v -3.8 0.7 -4.1
v -3.7 0.7 -4.1
v -4.5 0.7 -4.2
v -4.4 0.7 -4.2
v -3.8 0.7 -4.2
v -3.7 0.7 -4.2
v -4.5 0.7 -4.3
v -4.4 0.7 -4.3
v -3.8 0.7 -4.3
v -3.7 0.7 -4.3
v -4.5 0.7 -4.4
v -4.4 0.7 -4.4
v -3.8 0.7 -4.4
v -4.5 0.7 -4.5
v -4.4 0.7 -4.5
v -3.8 0.7 -4.5
v -3.7 0.7 -4.5
v -3.8 0.7 -4.6
v -3.7 0.7 -4.6
v -4.5 0.7 -4.7
v -4.4 0.7 -4.7
v -3.8 0.7 -4.7
v -3.7 0.7 -4.7
v -4.5 0.7 -4.8
v -4.4 0.7 -4.8
v -3.8 0.7 -4.8
v -3.7 0.7 -4.8
v -4.5 0.7 -4.9
v -4.4 0.7 -4.9
v -3.8 0.7 -4.9
v -3.7 0.7 -4.9
v -4.5 0.7 -5
v -4.4 0.7 -5
v -3.8 0.7 -5
v -3.7 0.7 -5
v -4.5 0.7 -5.1
v -4.4 0.7 -5.1
v -3.8 0.7 -5.1
v -3.7 0.7 -5.1
v -4.4 0.7 -5.2
v -3.8 0.7 -5.2
v -3.7 0.7 -5.2
v -4.5 0.7 -5.3
v -4.4 0.7 -5.3
v -3.8 0.7 -5.3
v -3.7 0.7 -5.3
v -4.5 0.7 -5.4
v -4.4 0.7 -5.4
v -3.8 0.7 -5.4
v -4.4 0.7 -5.5
v -3.8 0.7 -5.5
v -3.7 0.7 -5.5
v -4.5 0.7 -5.6
v -4.4 0.7 -5.6
v -3.8 0.7 -5.6
v -3.7 0.7 -5.6
v -4.5 0.7 -5.7
v -4.4 0.7 -5.7
v -3.8 0.7 -5.7
v -3.7 0.7 -5.7
v -4.5 0.7 -5.8
v -4.4 0.7 -5.8
v -3.8 0.7 -5.8
v -3.7 0.7 -5.8
v -4.4 0.7 -5.9
v -3.8 0.7 -5.9
v -3.7 0.7 -5.9
v -4.5 0.7 -6.1
v -4.4 0.7 -6.1
v -3.8 0.7 -6.1
v -3.7 0.7 -6.1
v -3.8 0.7 -6.2
v -3.7 0.7 -6.2
v -4.5 0.7 -6.3
v -4.4 0.7 -6.3
v -3.8 0.7 -6.3
v -3.7 0.7 -6.3
v -4.4 0.8 6.3
v -4.3 0.8 6.3
v -4.2 0.8 6.3
v -4.1 0.8 6.3
v -4 0.8 6.3
v -3.9 0.8 6.3
v -3.8 0.8 6.3
v -4.3 0.8 6.2
v -4.2 0.8 6.2
v -4.1 0.8 6.2
v -4 0.8 6.2
v -3.9 0.8 6.2
v -3.8 0.8 6.2
v -4.2 0.8 6.1
v -4.1 0.8 6.1
v -4 0.8 6.1
v -3.9 0.8 6.1
v -3.8 0.8 6.1
v -4.4 0.8 6
v -4.3 0.8 6
v -4.4 0.8 5.9
v -4.3 0.8 5.9
v -4.2 0.8 5.9
v -4.1 0.8 5.9
v -4 0.8 5.9
v -3.9 0.8 5.9
v -3.8 0.8 5.9
v -4.3 0.8 5.8
v -4.2 0.8 5.8
v -4.1 0.8 5.8
v -4 0.8 5.8
v -3.9 0.8 5.8
v -3.8 0.8 5.8
v -4.2 0.8 5.7
v -4.1 0.8 5.7
v -4 0.8 5.7
v -3.9 0.8 5.7
v -3.8 0.8 5.7
v -4.3 0.8 5.6
v -4.2 0.8 5.6
v -4.1 0.8 5.6
v -4 0.8 5.6
v -3.9 0.8 5.6
v -3.8 0.8 5.6
v -4.4 0.8 5.5
v -4.3 0.8 5.5
v -4.2 0.8 5.5
v -4.1 0.8 5.5
v -4 0.8 5.5
v -3.9 0.8 5.5
v -3.8 0.8 5.5
v -4.4 0.8 5.4
v -4.3 0.8 5.4
v -4.2 0.8 5.4
v -4.1 0.8 5.4
v -4 0.8 5.4
v -3.9 0.8 5.4
v -3.8 0.8 5.4
v -4.4 0.8 5.3
v -4.3 0.8 5.3
v -4.2 0.8 5.3
v -4.1 0.8 5.3
v -4 0.8 5.3
v -3.9 0.8 5.3
v -3.8 0.8 5.3
v -4.4 0.8 5.2
v -4.3 0.8 5.2
v -4.2 0.8 5.2
v -4.1 0.8 5.2
v -4 0.8 5.2
v -3.9 0.8 5.2
v -3.8 0.8 5.2
v -4.3 0.8 5.1
v -4.2 0.8 5.1
v -4.1 0.8 5.1
v -3.9 0.8 5.1
v -3.8 0.8 5.1
v -4.4 0.8 5
v -4.3 0.8 5
v -4.2 0.8 5
v -4.1 0.8 5
v -4 0.8 5
v -3.9 0.8 5
v -3.8 0.8 5
v -4.3 0.8 4.9
v -4.2 0.8 4.9
v -4.1 0.8 4.9
v -4 0.8 4.9
v -3.9 0.8 4.9
v -3.8 0.8 4.9
v -4.4 0.8 4.8
v -4.3 0.8 4.8
v -3.9 0.8 4.8
v -3.8 0.8 4.8
v -4.3 0.8 4.7
v -4.2 0.8 4.7
v -4.1 0.8 4.7
v -4 0.8 4.7
v -3.9 0.8 4.7
v -4.4 0.8 4.6
v -4.3 0.8 4.6
v -4.2 0.8 4.6
v -4.1 0.8 4.6
v -4 0.8 4.6
v -3.9 0.8 4.6
v -3.8 0.8 4.6
v -4.2 0.8 4.5
v -4.1 0.8 4.5
v -4 0.8 4.5
v -3.9 0.8 4.5
v -3.8 0.8 4.5
v -4.3 0.8 4.4
v -4.2 0.8 4.4
v -4.1 0.8 4.4
v -4 0.8 4.4
v -3.9 0.8 4.4
v -3.8 0.8 4.4
v -4.4 0.8 4.3
v -4.3 0.8 4.3
v -4.2 0.8 4.3
v -4.1 0.8 4.3
v -4 0.8 4.3
v -3.9 0.8 4.3
v -4.3 0.8 4.2
v -4.2 0.8 4.2
v -4 0.8 4.2
v -3.9 0.8 4.2
v -3.8 0.8 4.2
v -4.4 0.8 4.1
v -4.3 0.8 4.1
v -4.2 0.8 4.1
v -4 0.8 4.1
v -3.9 0.8 4.1
v -3.8 0.8 4.1
v -4.3 0.8 4
v -4.2 0.8 4
v -4.1 0.8 4
v -3.9 0.8 4
v -3.8 0.8 4
v -4.4 0.8 3.9
v -4.2 0.8 3.9
v -4.1 0.8 3.9
v -3.9 0.8 3.9
v -3.8 0.8 3.9
v -4.4 0.8 3.8
v -4.3 0.8 3.8
v -4.2 0.8 3.8
v -4.1 0.8 3.8
v -4 0.8 3.8
v -3.9 0.8 3.8
v -4.3 0.8 3.7
v -4.2 0.8 3.7
v -4.1 0.8 3.7
v -4 0.8 3.7
v -3.9 0.8 3.7
v -3.8 0.8 3.7
v -4.4 0.8 3.6
v -4.3 0.8 3.6
v -4.2 0.8 3.6
v -4.1 0.8 3.6
v -4.2 0.8 3.5
v -4 0.8 3.5
v -3.9 0.8 3.5
v -3.8 0.8 3.5
v -4.4 0.8 3.4
v -4.3 0.8 3.4
v -4.2 0.8 3.4
v -4.1 0.8 3.4
v -4 0.8 3.4
v -3.9 0.8 3.4
v -3.8 0.8 3.4
v -4.4 0.8 3.3
v -4.3 0.8 3.3
v -4.2 0.8 3.3
v -4.1 0.8 3.3
v -3.9 0.8 3.3
v -3.8 0.8 3.3
v -4.4 0.8 3.2
v -4.3 0.8 3.2
v -4.2 0.8 3.2
v -4.1 0.8 3.2
v -3.9 0.8 3.2
v -4.4 0.8 3.1
v -4.3 0.8 3.1
v -4.2 0.8 3.1
v -4.1 0.8 3.1
v -4 0.8 3.1
v -3.9 0.8 3.1
v -4.4 0.8 3
v -4.3 0.8 3
v -4.2 0.8 3
v -4.1 0.8 3
v -4 0.8 3
v -3.9 0.8 3
v -3.8 0.8 3
v -4.4 0.8 2.9
v -4.3 0.8 2.9
v -4.2 0.8 2.9
v -4.1 0.8 2.9
v -4 0.8 2.9
v -3.9 0.8 2.9
v -4.4 0.8 2.8
v -4.3 0.8 2.8
v -4.2 0.8 2.8
v -4.1 0.8 2.8
v -4 0.8 2.8
v -3.9 0.8 2.8
v -3.8 0.8 2.8
v -4.3 0.8 2.7
v -4.2 0.8 2.7
v -4.1 0.8 2.7
v -4 0.8 2.7
v -3.9 0.8 2.7
v -3.8 0.8 2.7
v -4.4 0.8 2.6
v -4.3 0.8 2.6
v -4.2 0.8 2.6
v -4 0.8 2.6
v -3.9 0.8 2.6
v -3.8 0.8 2.6
v -4.4 0.8 2.5
v -4.3 0.8 2.5
v -4.2 0.8 2.5
v -4.1 0.8 2.5
v -4 0.8 2.5
v -3.9 0.8 2.5
v -3.8 0.8 2.5
v -4.4 0.8 2.4
v -4.3 0.8 2.4
v -4.2 0.8 2.4
v -4 0.8 2.4
v -3.9 0.8 2.4
v -4.2 0.8 2.3
v -4.1 0.8 2.3
v -4 0.8 2.3
v -4.4 0.8 2.2
v -4.3 0.8 2.2
v -4.2 0.8 2.2
v -4.1 0.8 2.2
v -4 0.8 2.2
v -3.9 0.8 2.2
v -3.8 0.8 2.2
v -4.4 0.8 2.1
v -4.3 0.8 2.1
v -4.2 0.8 2.1
v -4.1 0.8 2.1
v -4 0.8 2.1
v -3.9 0.8 2.1
v -4.4 0.8 2
v -4.3 0.8 2
v -4.2 0.8 2
v -4.1 0.8 2
v -4 0.8 2
v -3.9 0.8 2
v -3.8 0.8 2
v -4.4 0.8 1.9
v -4.3 0.8 1.9
v -4.2 0.8 1.9
v -4.1 0.8 1.9
v -4 0.8 1.9
v -3.9 0.8 1.9
v -3.8 0.8 1.9
v -4.4 0.8 1.8
v -4.3 0.8 1.8
v -4.2 0.8 1.8
v -4 0.8 1.8
v -3.9 0.8 1.8
v -3.8 0.8 1.8
v -4.4 0.8 1.7
v -4.3 0.8 1.7
v -4.2 0.8 1.7
v -4.1 0.8 1.7
v -4 0.8 1.7
v -3.9 0.8 1.7
v -3.8 0.8 1.7
v -4.2 0.8 1.6
v -4.1 0.8 1.6
v -4 0.8 1.6
v -3.9 0.8 1.6
v -3.8 0.8 1.6
v -4.4 0.8 1.5
v -4.3 0.8 1.5
v -4.2 0.8 1.5
v -4.1 0.8 1.5
v -4 0.8 1.5
v -3.9 0.8 1.5
v -3.8 0.8 1.5
v -4.4 0.8 1.4
v -4.3 0.8 1.4
v -4.1 0.8 1.4
v -4 0.8 1.4
v -3.9 0.8 1.4
v -3.8 0.8 1.4
v -4.4 0.8 1.3
v -4.3 0.8 1.3
v -4.1 0.8 1.3
v -3.9 0.8 1.3
v -4.4 0.8 1.2
v -4.3 0.8 1.2
v -4.1 0.8 1.2
v -4 0.8 1.2
v -3.9 0.8 1.2
v -3.8 0.8 1.2
v -4.3 0.8 1.1
v -4.1 0.8 1.1
v -4 0.8 1.1
v -3.9 0.8 1.1
v -4.4 0.8 1
v -4.3 0.8 1
v -4.2 0.8 1
v -4.1 0.8 1
v -4 0.8 1
v -3.9 0.8 1
v -4.2 0.8 0.9
v -4.1 0.8 0.9
v -4 0.8 0.9
v -3.9 0.8 0.9
v -4.3 0.8 0.8
v -4.2 0.8 0.8
v -4.1 0.8 0.8
v -4 0.8 0.8
v -3.9 0.8 0.8
v -3.8 0.8 0.8
v -4.4 0.8 0.7
v -4.3 0.8 0.7
v -4.2 0.8 0.7
v -4.1 0.8 0.7
v -4 0.8 0.7
v -3.9 0.8 0.7
v -3.8 0.8 0.7
v -4.3 0.8 0.6
v -4.2 0.8 0.6
v -4.1 0.8 0.6
v -4 0.8 0.6
v -3.9 0.8 0.6
v -3.8 0.8 0.6
v -4.4 0.8 0.5
v -4.3 0.8 0.5
v -4.2 0.8 0.5
v -4.1 0.8 0.5
v -3.9 0.8 0.5
v -3.8 0.8 0.5
v -4.4 0.8 0.4
v -4.3 0.8 0.4
v -4.2 0.8 0.4
v -4.1 0.8 0.4
v -4 0.8 0.4
v -4.4 0.8 0.3
v -4.3 0.8 0.3
v -4.2 0.8 0.3
v -4.1 0.8 0.3
v -4 0.8 0.3
v -4.4 0.8 0.2
v -4.2 0.8 0.2
v -4.1 0.8 0.2
v -3.9 0.8 0.2
v -3.8 0.8 0.2
v -4.3 0.8 0.1
v -4.2 0.8 0.1
v -4.1 0.8 0.1
v -4 0.8 0.1
v -3.9 0.8 0.1
v -4.4 0.8 0
v -4.3 0.8 0
v -4.2 0.8 0
v -4.1 0.8 0
v -4 0.8 0
v -3.9 0.8 0
v -3.8 0.8 0
v -4.2 0.8 -0.1
v -4.1 0.8 -0.1
v -4 0.8 -0.1
v -3.9 0.8 -0.1
v -3.8 0.8 -0.1
v -4.4 0.8 -0.2
v -4.3 0.8 -0.2
v -4.2 0.8 -0.2
v -4.1 0.8 -0.2
v -4 0.8 -0.2
v -3.9 0.8 -0.2
v -3.8 0.8 -0.2
v -4.4 0.8 -0.3
v -4.3 0.8 -0.3
v -4.2 0.8 -0.3
v -4.1 0.8 -0.3
v -4 0.8 -0.3
v -3.9 0.8 -0.3
v -3.8 0.8 -0.3
v -4.3 0.8 -0.4
v -4.2 0.8 -0.4
v -4.1 0.8 -0.4
v -4 0.8 -0.4
v -3.9 0.8 -0.4
v -4.3 0.8 -0.5
v -4.2 0.8 -0.5
v -4.1 0.8 -0.5
v -4.4 0.8 -0.6
v -4.3 0.8 -0.6
v -4.2 0.8 -0.6
v -4.1 0.8 -0.6
v -3.9 0.8 -0.6
v -3.8 0.8 -0.6
v -4.3 0.8 -0.7
v -4.2 0.8 -0.7
v -4.1 0.8 -0.7
v -4 0.8 -0.7
v -3.9 0.8 -0.7
v -3.8 0.8 -0.7
v -4.4 0.8 -0.8
v -4.3 0.8 -0.8
v -4.2 0.8 -0.8
v -4.1 0.8 -0.8
v -4 0.8 -0.8
v -4.4 0.8 -0.9
v -4.3 0.8 -0.9
v -4.2 0.8 -0.9
v -4.1 0.8 -0.9
v -4 0.8 -0.9
v -4.4 0.8 -1
v -4.3 0.8 -1
v -4.2 0.8 -1
v -4.1 0.8 -1
v -4.4 0.8 -1.1
v -4.3 0.8 -1.1
v -4.2 0.8 -1.1
v -4.1 0.8 -1.1
v -4 0.8 -1.1
v -3.9 0.8 -1.1
v -3.8 0.8 -1.1
v -4.3 0.8 -1.2
v -4.2 0.8 -1.2
v -4.1 0.8 -1.2
v -4 0.8 -1.2
v -3.9 0.8 -1.2
v -3.8 0.8 -1.2
v -4.4 0.8 -1.3
v -4.3 0.8 -1.3
v -4.2 0.8 -1.3
v -4.1 0.8 -1.3
v -4 0.8 -1.3
v -3.9 0.8 -1.3
v -3.8 0.8 -1.3
v -4.4 0.8 -1.4
v -4.3 0.8 -1.4
v -4.1 0.8 -1.4
v -4 0.8 -1.4
v -3.9 0.8 -1.4
v -3.8 0.8 -1.4
v -4.4 0.8 -1.5
v -4.3 0.8 -1.5
v -4.2 0.8 -1.5
v -4.1 0.8 -1.5
v -4 0.8 -1.5
v -4.4 0.8 -1.6
v -4.3 0.8 -1.6
v -4.2 0.8 -1.6
v -4.1 0.8 -1.6
v -4 0.8 -1.6
v -3.9 0.8 -1.6
v -3.8 0.8 -1.6
v -4.4 0.8 -1.7
v -4.3 0.8 -1.7
v -4.2 0.8 -1.7
v -4.1 0.8 -1.7
v -4 0.8 -1.7
v -3.9 0.8 -1.7
v -3.8 0.8 -1.7
v -4.4 0.8 -1.8
v -4.3 0.8 -1.8
v -4.2 0.8 -1.8
v -4.1 0.8 -1.8
v -4 0.8 -1.8
v -3.9 0.8 -1.8
v -4.4 0.8 -1.9
v -4.3 0.8 -1.9
v -4 0.8 -1.9
v -3.9 0.8 -1.9
v -4.3 0.8 -2
v -4.2 0.8 -2
v -4.1 0.8 -2
v -4 0.8 -2
v -3.9 0.8 -2
v -4.4 0.8 -2.1
v -4.3 0.8 -2.1
v -4.2 0.8 -2.1
v -4.1 0.8 -2.1
v -4 0.8 -2.1
v -3.9 0.8 -2.1
v -4.4 0.8 -2.2
v -4.3 0.8 -2.2
v -4.2 0.8 -2.2
v -4.1 0.8 -2.2
v -3.9 0.8 -2.2
v -3.8 0.8 -2.2
v -4.2 0.8 -2.3
v -4.1 0.8 -2.3
v -4 0.8 -2.3
v -3.9 0.8 -2.3
v -3.8 0.8 -2.3
v -4.4 0.8 -2.4
v -4.3 0.8 -2.4
v -4.2 0.8 -2.4
v -4.1 0.8 -2.4
v -4 0.8 -2.4
v -4.4 0.8 -2.5
v -4.3 0.8 -2.5
v -4.1 0.8 -2.5
v -4 0.8 -2.5
v -3.9 0.8 -2.5
v -4.4 0.8 -2.6
v -4.3 0.8 -2.6
v -4.2 0.8 -2.6
v -4.1 0.8 -2.6
v -4 0.8 -2.6
v -3.9 0.8 -2.6
v -3.8 0.8 -2.6
v -4.2 0.8 -2.7
v -4.1 0.8 -2.7
v -4 0.8 -2.7
v -3.9 0.8 -2.7
v -4.4 0.8 -2.8
v -4.3 0.8 -2.8
v -4.2 0.8 -2.8
v -4.1 0.8 -2.8
v -4 0.8 -2.8
v -3.9 0.8 -2.8
v -4.4 0.8 -2.9
v -4.3 0.8 -2.9
v -4.2 0.8 -2.9
v -4.1 0.8 -2.9
v -4 0.8 -2.9
v -3.9 0.8 -2.9
v -4.4 0.8 -3
v -4.3 0.8 -3
v -4.2 0.8 -3
v -4 0.8 -3
v -3.9 0.8 -3
v -4.3 0.8 -3.1
v -4.2 0.8 -3.1
v -4.1 0.8 -3.1
v -4 0.8 -3.1
v -3.9 0.8 -3.1
v -4.4 0.8 -3.2
v -4.3 0.8 -3.2
v -4.2 0.8 -3.2
v -4 0.8 -3.2
v -3.9 0.8 -3.2
v -3.8 0.8 -3.2
v -4.4 0.8 -3.3
v -4.3 0.8 -3.3
v -4.2 0.8 -3.3
v -3.9 0.8 -3.3
v -3.8 0.8 -3.3
v -4.3 0.8 -3.4
v -4.2 0.8 -3.4
v -4 0.8 -3.4
v -3.9 0.8 -3.4
v -3.8 0.8 -3.4
v -4.4 0.8 -3.5
v -4.3 0.8 -3.5
v -4.2 0.8 -3.5
v -4.1 0.8 -3.5
v -4 0.8 -3.5
v -3.9 0.8 -3.5
v -4.4 0.8 -3.6
v -4.3 0.8 -3.6
v -4.1 0.8 -3.6
v -4 0.8 -3.6
v -3.9 0.8 -3.6
v -3.8 0.8 -3.6
v -4.2 0.8 -3.7
v -4.1 0.8 -3.7
v -4 0.8 -3.7
v -3.9 0.8 -3.7
v -4.4 0.8 -3.8
v -4.3 0.8 -3.8
v -4.2 0.8 -3.8
v -4 0.8 -3.8
v -3.9 0.8 -3.8
v -3.8 0.8 -3.8
v -4.4 0.8 -3.9
v -4.3 0.8 -3.9
v -4.2 0.8 -3.9
v -4.1 0.8 -3.9
v -4 0.8 -3.9
v -3.9 0.8 -3.9
v -3.8 0.8 -3.9
v -4.3 0.8 -4
v -4.2 0.8 -4
v -4 0.8 -4
v -3.9 0.8 -4
v -3.8 0.8 -4
v -4.3 0.8 -4.1
v -4.2 0.8 -4.1
v -4.1 0.8 -4.1
v -4 0.8 -4.1
v -3.9 0.8 -4.1
v -4.3 0.8 -4.2
v -4.2 0.8 -4.2
v -4.1 0.8 -4.2
v -4 0.8 -4.2
v -4.3 0.8 -4.3
v -4.2 0.8 -4.3
v -4.1 0.8 -4.3
v -4 0.8 -4.3
v -3.9 0.8 -4.3
v -3.8 0.8 -4.3
v -4.3 0.8 -4.4
v -4.2 0.8 -4.4
v -4.1 0.8 -4.4
v -4 0.8 -4.4
v -3.9 0.8 -4.4
v -3.8 0.8 -4.4
v -4.3 0.8 -4.5
v -4.2 0.8 -4.5
v -4.1 0.8 -4.5
v -4 0.8 -4.5
v -3.9 0.8 -4.5
v -4.2 0.8 -4.6
v -4.1 0.8 -4.6
v -4 0.8 -4.6
v -3.9 0.8 -4.6
v -3.8 0.8 -4.6
v -4.4 0.8 -4.7
v -4.3 0.8 -4.7
v -4.2 0.8 -4.7
v -4.1 0.8 -4.7
v -4 0.8 -4.7
v -3.9 0.8 -4.7
v -4.4 0.8 -4.8
v -4.3 0.8 -4.8
v -4.2 0.8 -4.8
v -4 0.8 -4.8
v -3.9 0.8 -4.8
v -4.4 0.8 -4.9
v -4.3 0.8 -4.9
v -4.2 0.8 -4.9
v -4 0.8 -4.9
v -3.9 0.8 -4.9
v -3.8 0.8 -4.9
v -4.3 0.8 -5
v -4.2 0.8 -5
v -4.1 0.8 -5
v -4 0.8 -5
v -3.9 0.8 -5
v -3.8 0.8 -5
v -4.3 0.8 -5.1
v -4.2 0.8 -5.1
v -4.1 0.8 -5.1
v -3.9 0.8 -5.1
v -3.8 0.8 -5.1
v -4.4 0.8 -5.2
v -4.3 0.8 -5.2
v -4.2 0.8 -5.2
v -4.1 0.8 -5.2
v -4 0.8 -5.2
v -4.3 0.8 -5.3
v -4.1 0.8 -5.3
v -3.9 0.8 -5.3
v -3.8 0.8 -5.3
v -4.4 0.8 -5.4
v -4.3 0.8 -5.4
v -4.2 0.8 -5.4
v -4.1 0.8 -5.4
v -4 0.8 -5.4
v -3.9 0.8 -5.4
v -3.8 0.8 -5.4
v -4.4 0.8 -5.5
v -4.3 0.8 -5.5
v -4.2 0.8 -5.5
v -4 0.8 -5.5
v -3.9 0.8 -5.5
v -3.8 0.8 -5.5
v -4.4 0.8 -5.6
v -4.3 0.8 -5.6
v -4.2 0.8 -5.6
v -4.1 0.8 -5.6
v -4 0.8 -5.6
v -3.9 0.8 -5.6
v -3.8 0.8 -5.6
v -4.4 0.8 -5.7
v -4.3 0.8 -5.7
v -4.2 0.8 -5.7
v -4.1 0.8 -5.7
v -4 0.8 -5.7
v -3.9 0.8 -5.7
v -3.8 0.8 -5.7
v -4.4 0.8 -5.8
v -4.3 0.8 -5.8
v -4.2 0.8 -5.8
v -4.1 0.8 -5.8
v -4 0.8 -5.8
v -3.9 0.8 -5.8
v -4.4 0.8 -5.9
v -4.3 0.8 -5.9
v -4.2 0.8 -5.9
v -4.1 0.8 -5.9
v -4 0.8 -5.9
v -3.9 0.8 -5.9
v -4.3 0.8 -6
v -4.2 0.8 -6
v -4.1 0.8 -6
v -4 0.8 -6
v -3.9 0.8 -6
v -4.4 0.8 -6.1
v -4.3 0.8 -6.1
v -4.2 0.8 -6.1
v -4.1 0.8 -6.1
v -4 0.8 -6.1
v -3.9 0.8 -6.1
v -3.8 0.8 -6.1
v -4.2 0.8 -6.2
v -4.1 0.8 -6.2
v -4 0.8 -6.2
v -3.9 0.8 -6.2
v -4.4 0.8 -6.3
v -4.3 0.8 -6.3
v -4.2 0.8 -6.3
v -4.1 0.8 -6.3
v -4 0.8 -6.3
v -3.9 0.8 -6.3
v -3.8 0.8 -6.3

# faces
f 77/6/1 2/6/1 1/6/1
f 78/5/1 3/5/1 2/5/1
f 78/6/1 2/6/1 77/6/1
f 79/5/1 3/5/1 78/5/1
f 80/5/1 3/5/1 79/5/1
f 81/4/1 4/4/1 3/4/1
f 81/5/1 3/5/1 80/5/1
f 82/4/1 4/4/1 81/4/1
f 83/6/1 5/6/1 4/6/1
f 83/4/1 4/4/1 82/4/1
f 84/6/1 5/6/1 83/6/1
f 85/5/1 6/5/1 5/5/1
f 85/6/1 5/6/1 84/6/1
f 86/5/1 6/5/1 85/5/1
f 87/6/1 7/6/1 6/6/1
f 87/5/1 6/5/1 86/5/1
f 88/6/1 7/6/1 87/6/1
f 89/5/1 8/5/1 7/5/1
f 89/6/1 7/6/1 88/6/1
f 90/6/1 9/6/1 8/6/1
f 90/5/1 8/5/1 89/5/1
f 91/4/1 10/4/1 9/4/1
f 91/6/1 9/6/1 90/6/1
f 92/6/1 11/6/1 10/6/1
f 92/4/1 10/4/1 91/4/1
f 93/6/1 11/6/1 92/6/1
f 94/4/1 12/4/1 11/4/1
f 94/6/1 11/6/1 93/6/1
f 95/6/1 13/6/1 12/6/1
f 95/4/1 12/4/1 94/4/1
f 96/4/1 14/4/1 13/4/1
f 96/6/1 13/6/1 95/6/1
f 97/6/1 15/6/1 14/6/1
f 97/4/1 14/4/1 96/4/1
f 98/4/1 16/4/1 15/4/1
f 98/6/1 15/6/1 97/6/1
f 99/5/1 17/5/1 16/5/1
f 99/4/1 16/4/1 98/4/1
f 100/3/1 18/3/1 17/3/1
f 100/5/1 17/5/1 99/5/1
f 101/4/1 19/4/1 18/4/1
f 101/3/1 18/3/1 100/3/1
f 102/3/1 20/3/1 19/3/1
f 102/4/1 19/4/1 101/4/1
f 103/4/1 21/4/1 20/4/1
f 103/3/1 20/3/1 102/3/1
f 104/4/1 21/4/1 103/4/1
f 105/5/1 22/5/1 21/5/1
f 105/3/1 23/3/1 22/3/1
f 106/5/1 24/5/1 23/5/1
f 106/3/1 23/3/1 105/3/1
f 107/5/1 24/5/1 106/5/1
f 108/4/1 25/4/1 24/4/1
f 108/5/1 24/5/1 107/5/1
f 109/5/1 26/5/1 25/5/1
f 109/4/1 25/4/1 108/4/1
f 110/6/1 27/6/1 26/6/1
f 110/5/1 26/5/1 109/5/1
f 111/5/1 28/5/1 27/5/1
f 111/6/1 27/6/1 110/6/1
f 112/5/1 28/5/1 111/5/1
f 113/5/1 28/5/1 112/5/1
f 114/7/1 29/7/1 28/7/1
f 114/5/1 28/5/1 113/5/1
f 115/7/1 29/7/1 114/7/1
f 116/6/1 30/6/1 29/6/1
f 116/7/1 29/7/1 115/7/1
f 117/6/1 30/6/1 116/6/1
f 118/5/1 31/5/1 30/5/1
f 118/6/1 30/6/1 117/6/1
f 119/5/1 31/5/1 118/5/1
f 120/5/1 31/5/1 119/5/1
f 121/4/1 32/4/1 31/4/1
f 121/5/1 31/5/1 120/5/1
f 122/4/1 32/4/1 121/4/1
f 123/4/1 32/4/1 122/4/1
f 124/5/1 33/5/1 32/5/1
f 124/4/1 32/4/1 123/4/1
f 125/4/1 34/4/1 33/4/1
f 125/5/1 33/5/1 124/5/1
f 126/5/1 35/5/1 34/5/1
f 126/4/1 34/4/1 125/4/1
f 127/3/1 36/3/1 35/3/1
f 127/5/1 35/5/1 126/5/1
f 128/3/1 36/3/1 127/3/1
f 129/1/1 37/1/1 36/1/1
f 129/3/1 36/3/1 128/3/1
f 130/2/1 38/2/1 37/2/1
f 130/1/1 37/1/1 129/1/1
f 131/1/1 39/1/1 38/1/1
f 131/2/1 38/2/1 130/2/1
f 132/1/1 39/1/1 131/1/1
f 133/3/1 40/3/1 39/3/1
f 133/1/1 39/1/1 132/1/1
f 134/1/1 41/1/1 40/1/1
f 134/3/1 40/3/1 133/3/1
f 135/1/1 41/1/1 134/1/1
f 136/3/1 42/3/1 41/3/1
f 136/1/1 41/1/1 135/1/1
f 137/2/1 43/2/1 42/2/1
f 137/3/1 42/3/1 136/3/1
f 138/4/1 44/4/1 43/4/1
f 138/2/1 43/2/1 137/2/1
f 139/5/1 45/5/1 44/5/1
f 139/4/1 44/4/1 138/4/1
f 140/6/1 46/6/1 45/6/1
f 140/5/1 45/5/1 139/5/1
f 141/4/1 47/4/1 46/4/1
f 141/6/1 46/6/1 140/6/1
f 142/4/1 47/4/1 141/4/1
f 143/6/1 48/6/1 47/6/1
f 143/4/1 47/4/1 142/4/1
f 144/5/1 49/5/1 48/5/1
f 144/6/1 48/6/1 143/6/1
f 145/3/1 50/3/1 49/3/1
f 145/5/1 49/5/1 144/5/1
f 146/5/1 51/5/1 50/5/1
f 146/3/1 50/3/1 145/3/1
f 147/4/1 52/4/1 51/4/1
f 147/5/1 51/5/1 146/5/1
f 148/4/1 52/4/1 147/4/1
f 149/5/1 53/5/1 52/5/1
f 149/4/1 52/4/1 148/4/1
f 150/4/1 54/4/1 53/4/1
f 150/5/1 53/5/1 149/5/1
f 151/4/1 54/4/1 150/4/1
f 152/4/1 54/4/1 151/4/1
f 153/3/1 55/3/1 54/3/1
f 153/4/1 54/4/1 152/4/1
f 154/5/1 56/5/1 55/5/1
f 154/3/1 55/3/1 153/3/1
f 155/6/1 57/6/1 56/6/1
f 155/5/1 56/5/1 154/5/1
f 156/6/1 57/6/1 155/6/1
f 157/5/1 58/5/1 57/5/1
f 157/6/1 57/6/1 156/6/1
f 158/6/1 59/6/1 58/6/1
f 158/4/1 60/4/1 59/4/1
f 159/4/1 60/4/1 158/4/1
f 160/6/1 61/6/1 60/6/1
f 160/4/1 60/4/1 159/4/1
f 161/6/1 61/6/1 160/6/1
f 162/7/1 62/7/1 61/7/1
f 162/6/1 61/6/1 161/6/1
f 163/5/1 63/5/1 62/5/1
f 163/7/1 62/7/1 162/7/1
f 164/7/1 64/7/1 63/7/1
f 164/5/1 63/5/1 163/5/1
f 165/5/1 65/5/1 64/5/1
f 165/7/1 64/7/1 164/7/1
f 166/6/1 66/6/1 65/6/1
f 166/5/1 65/5/1 165/5/1
f 167/5/1 67/5/1 66/5/1
f 167/6/1 66/6/1 166/6/1
f 168/5/1 67/5/1 167/5/1
f 169/5/1 67/5/1 168/5/1
f 170/6/1 68/6/1 67/6/1
f 170/5/1 67/5/1 169/5/1
f 171/6/1 68/6/1 170/6/1
f 172/7/1 69/7/1 68/7/1
f 172/6/1 68/6/1 171/6/1
f 173/6/1 70/6/1 69/6/1
f 173/7/1 69/7/1 172/7/1
f 174/6/1 70/6/1 173/6/1
f 175/7/1 71/7/1 70/7/1
f 175/6/1 70/6/1 174/6/1
f 176/6/1 72/6/1 71/6/1
f 176/7/1 71/7/1 175/7/1
f 177/5/1 73/5/1 72/5/1
f 177/6/1 72/6/1 176/6/1
f 178/3/1 74/3/1 73/3/1
f 178/5/1 73/5/1 177/5/1
f 179/3/1 74/3/1 178/3/1
f 180/3/1 74/3/1 179/3/1
f 181/3/1 74/3/1 180/3/1
f 182/4/1 75/4/1 74/4/1
f 182/3/1 74/3/1 181/3/1
f 183/2/1 76/2/1 75/2/1
f 183/4/1 75/4/1 182/4/1
f 184/2/1 76/2/1 183/2/1
f 185/3/1 78/3/1 77/3/1
f 185/3/1 79/3/1 78/3/1
f 186/3/1 79/3/1 185/3/1
f 187/8/1 80/8/1 79/8/1
f 187/3/1 79/3/1 186/3/1
f 188/7/1 81/7/1 80/7/1
f 188/8/1 80/8/1 187/8/1
f 189/6/1 82/6/1 81/6/1
f 189/7/1 81/7/1 188/7/1
f 190/8/1 83/8/1 82/8/1
f 190/6/1 82/6/1 189/6/1
f 191/7/1 84/7/1 83/7/1
f 191/8/1 83/8/1 190/8/1
f 192/6/1 86/6/1 85/6/1
f 192/7/1 84/7/1 191/7/1
f 192/6/1 85/6/1 84/6/1
f 193/6/1 86/6/1 192/6/1
f 194/8/1 88/8/1 87/8/1
f 194/6/1 86/6/1 193/6/1
f 194/8/1 87/8/1 86/8/1
f 195/8/1 88/8/1 194/8/1
f 196/7/1 89/7/1 88/7/1
f 196/8/1 88/8/1 195/8/1
f 197/8/1 90/8/1 89/8/1
f 197/7/1 89/7/1 196/7/1
f 197/8/1 91/8/1 90/8/1
f 197/8/1 92/8/1 91/8/1
f 198/8/1 92/8/1 197/8/1
f 199/8/1 92/8/1 198/8/1
f 200/8/1 92/8/1 199/8/1
f 201/6/1 93/6/1 92/6/1
f 201/8/1 92/8/1 200/8/1
f 202/7/1 94/7/1 93/7/1
f 202/6/1 93/6/1 201/6/1
f 203/8/1 95/8/1 94/8/1
f 203/7/1 94/7/1 202/7/1
f 204/7/1 96/7/1 95/7/1
f 204/8/1 95/8/1 203/8/1
f 205/8/1 97/8/1 96/8/1
f 205/7/1 96/7/1 204/7/1
f 206/4/1 98/4/1 97/4/1
f 206/8/1 97/8/1 205/8/1
f 206/4/1 99/4/1 98/4/1
f 206/4/1 100/4/1 99/4/1
f 206/4/1 101/4/1 100/4/1
f 207/4/1 101/4/1 206/4/1
f 208/4/1 101/4/1 207/4/1
f 209/6/1 102/6/1 101/6/1
f 209/4/1 101/4/1 208/4/1
f 210/4/1 103/4/1 102/4/1
f 210/6/1 102/6/1 209/6/1
f 211/6/1 104/6/1 103/6/1
f 211/4/1 103/4/1 210/4/1
f 212/4/1 21/4/1 104/4/1
f 212/6/1 104/6/1 211/6/1
f 213/5/1 105/5/1 21/5/1
f 213/4/1 21/4/1 212/4/1
f 214/1/1 107/1/1 106/1/1
f 214/5/1 105/5/1 213/5/1
f 214/1/1 106/1/1 105/1/1
f 215/1/1 107/1/1 214/1/1
f 216/2/1 108/2/1 107/2/1
f 216/1/1 107/1/1 215/1/1
f 217/1/1 109/1/1 108/1/1
f 217/2/1 108/2/1 216/2/1
f 218/3/1 110/3/1 109/3/1
f 218/1/1 109/1/1 217/1/1
f 219/3/1 110/3/1 218/3/1
f 220/2/1 111/2/1 110/2/1
f 220/3/1 110/3/1 219/3/1
f 221/1/1 112/1/1 111/1/1
f 221/2/1 111/2/1 220/2/1
f 222/2/1 113/2/1 112/2/1
f 222/1/1 112/1/1 221/1/1
f 223/2/1 115/2/1 114/2/1
f 223/1/1 114/1/1 113/1/1
f 224/1/1 117/1/1 116/1/1
f 224/2/1 115/2/1 223/2/1
f 224/1/1 116/1/1 115/1/1
f 225/1/1 117/1/1 224/1/1
f 226/3/1 120/3/1 119/3/1
f 226/1/1 119/1/1 118/1/1
f 227/3/1 120/3/1 226/3/1
f 228/1/1 121/1/1 120/1/1
f 228/1/1 122/1/1 121/1/1
f 229/2/1 123/2/1 122/2/1
f 229/1/1 122/1/1 228/1/1
f 230/3/1 124/3/1 123/3/1
f 230/2/1 123/2/1 229/2/1
f 231/2/1 125/2/1 124/2/1
f 231/3/1 124/3/1 230/3/1
f 231/2/1 126/2/1 125/2/1
f 231/2/1 127/2/1 126/2/1
f 232/2/1 127/2/1 231/2/1
f 233/2/1 127/2/1 232/2/1
f 234/4/1 128/4/1 127/4/1
f 234/2/1 127/2/1 233/2/1
f 235/3/1 129/3/1 128/3/1
f 235/4/1 128/4/1 234/4/1
f 236/4/1 130/4/1 129/4/1
f 236/3/1 129/3/1 235/3/1
f 237/4/1 130/4/1 236/4/1
f 238/3/1 131/3/1 130/3/1
f 238/4/1 130/4/1 237/4/1
f 239/7/1 132/7/1 131/7/1
f 239/3/1 131/3/1 238/3/1
f 240/5/1 133/5/1 132/5/1
f 240/7/1 132/7/1 239/7/1
f 241/7/1 134/7/1 133/7/1
f 241/5/1 133/5/1 240/5/1
f 242/5/1 135/5/1 134/5/1
f 242/7/1 134/7/1 241/7/1
f 243/7/1 136/7/1 135/7/1
f 243/5/1 135/5/1 242/5/1
f 244/6/1 137/6/1 136/6/1
f 244/7/1 136/7/1 243/7/1
f 245/7/1 138/7/1 137/7/1
f 245/6/1 137/6/1 244/6/1
f 246/5/1 139/5/1 138/5/1
f 246/7/1 138/7/1 245/7/1
f 247/7/1 140/7/1 139/7/1
f 247/5/1 139/5/1 246/5/1
f 248/2/1 142/2/1 141/2/1
f 248/7/1 140/7/1 247/7/1
f 248/2/1 141/2/1 140/2/1
f 249/2/1 142/2/1 248/2/1
f 250/2/1 142/2/1 249/2/1
f 251/2/1 142/2/1 250/2/1
f 252/3/1 143/3/1 142/3/1
f 252/2/1 142/2/1 251/2/1
f 253/2/1 144/2/1 143/2/1
f 253/3/1 143/3/1 252/3/1
f 254/3/1 145/3/1 144/3/1
f 254/2/1 144/2/1 253/2/1
f 255/2/1 146/2/1 145/2/1
f 255/3/1 145/3/1 254/3/1
f 256/3/1 148/3/1 147/3/1
f 256/2/1 146/2/1 255/2/1
f 256/3/1 147/3/1 146/3/1
f 257/3/1 148/3/1 256/3/1
f 258/2/1 149/2/1 148/2/1
f 258/3/1 148/3/1 257/3/1
f 258/2/1 150/2/1 149/2/1
f 259/3/1 151/3/1 150/3/1
f 259/2/1 150/2/1 258/2/1
f 260/4/1 152/4/1 151/4/1
f 260/3/1 151/3/1 259/3/1
f 261/6/1 153/6/1 152/6/1
f 261/4/1 152/4/1 260/4/1
f 262/5/1 154/5/1 153/5/1
f 262/6/1 153/6/1 261/6/1
f 262/5/1 155/5/1 154/5/1
f 263/5/1 155/5/1 262/5/1
f 264/4/1 156/4/1 155/4/1
f 264/5/1 155/5/1 263/5/1
f 265/4/1 156/4/1 264/4/1
f 266/5/1 157/5/1 156/5/1
f 266/4/1 156/4/1 265/4/1
f 267/5/1 58/5/1 157/5/1
f 267/5/1 157/5/1 266/5/1
f 267/6/1 159/6/1 158/6/1
f 267/6/1 158/6/1 58/6/1
f 268/6/1 159/6/1 267/6/1
f 269/5/1 161/5/1 160/5/1
f 269/6/1 159/6/1 268/6/1
f 269/5/1 160/5/1 159/5/1
f 270/4/1 162/4/1 161/4/1
f 270/5/1 161/5/1 269/5/1
f 270/4/1 163/4/1 162/4/1
f 270/4/1 164/4/1 163/4/1
f 270/4/1 165/4/1 164/4/1
f 271/4/1 165/4/1 270/4/1
f 272/4/1 165/4/1 271/4/1
f 273/4/1 165/4/1 272/4/1
f 274/3/1 166/3/1 165/3/1
f 274/4/1 165/4/1 273/4/1
f 275/5/1 167/5/1 166/5/1
f 275/3/1 166/3/1 274/3/1
f 276/4/1 168/4/1 167/4/1
f 276/5/1 167/5/1 275/5/1
f 277/3/1 169/3/1 168/3/1
f 277/4/1 168/4/1 276/4/1
f 278/4/1 170/4/1 169/4/1
f 278/3/1 169/3/1 277/3/1
f 279/4/1 170/4/1 278/4/1
f 280/4/1 170/4/1 279/4/1
f 281/4/1 170/4/1 280/4/1
f 282/3/1 171/3/1 170/3/1
f 282/4/1 170/4/1 281/4/1
f 283/4/1 172/4/1 171/4/1
f 283/3/1 171/3/1 282/3/1
f 284/4/1 172/4/1 283/4/1
f 285/5/1 174/5/1 173/5/1
f 285/4/1 172/4/1 284/4/1
f 285/5/1 173/5/1 172/5/1
f 286/3/1 175/3/1 174/3/1
f 286/5/1 174/5/1 285/5/1
f 287/4/1 176/4/1 175/4/1
f 287/3/1 175/3/1 286/3/1
f 288/5/1 177/5/1 176/5/1
f 288/4/1 176/4/1 287/4/1
f 289/3/1 178/3/1 177/3/1
f 289/5/1 177/5/1 288/5/1
f 289/3/1 179/3/1 178/3/1
f 290/3/1 179/3/1 289/3/1
f 291/4/1 180/4/1 179/4/1
f 291/3/1 179/3/1 290/3/1
f 292/3/1 181/3/1 180/3/1
f 292/4/1 180/4/1 291/4/1
f 293/4/1 182/4/1 181/4/1
f 293/3/1 181/3/1 292/3/1
f 294/3/1 184/3/1 183/3/1
f 294/4/1 182/4/1 293/4/1
f 294/3/1 183/3/1 182/3/1
f 295/3/1 184/3/1 294/3/1
f 296/3/1 184/3/1 295/3/1
f 297/3/1 184/3/1 296/3/1
f 298/7/1 186/7/1 185/7/1
f 298/1/1 188/1/1 187/1/1
f 298/1/1 190/1/1 189/1/1
f 298/1/1 187/1/1 186/1/1
f 298/1/1 189/1/1 188/1/1
f 299/1/1 190/1/1 298/1/1
f 300/1/1 190/1/1 299/1/1
f 301/3/1 191/3/1 190/3/1
f 301/1/1 190/1/1 300/1/1
f 302/2/1 193/2/1 192/2/1
f 302/3/1 191/3/1 301/3/1
f 302/2/1 192/2/1 191/2/1
f 303/2/1 193/2/1 302/2/1
f 304/3/1 194/3/1 193/3/1
f 304/2/1 193/2/1 303/2/1
f 305/1/1 195/1/1 194/1/1
f 305/3/1 194/3/1 304/3/1
f 306/1/1 195/1/1 305/1/1
f 307/5/1 196/5/1 195/5/1
f 307/1/1 195/1/1 306/1/1
f 308/7/1 198/7/1 197/7/1
f 308/5/1 196/5/1 307/5/1
f 308/7/1 197/7/1 196/7/1
f 309/7/1 198/7/1 308/7/1
f 310/5/1 199/5/1 198/5/1
f 310/7/1 198/7/1 309/7/1
f 311/7/1 200/7/1 199/7/1
f 311/5/1 199/5/1 310/5/1
f 312/6/1 201/6/1 200/6/1
f 312/7/1 200/7/1 311/7/1
f 313/5/1 202/5/1 201/5/1
f 313/7/1 203/7/1 202/7/1
f 314/5/1 204/5/1 203/5/1
f 314/7/1 203/7/1 313/7/1
f 315/6/1 205/6/1 204/6/1
f 315/5/1 204/5/1 314/5/1
f 316/1/1 206/1/1 205/1/1
f 316/6/1 205/6/1 315/6/1
f 317/3/1 207/3/1 206/3/1
f 317/1/1 206/1/1 316/1/1
f 318/2/1 208/2/1 207/2/1
f 318/3/1 207/3/1 317/3/1
f 319/2/1 208/2/1 318/2/1
f 320/3/1 210/3/1 209/3/1
f 320/2/1 208/2/1 319/2/1
f 320/3/1 209/3/1 208/3/1
f 321/3/1 210/3/1 320/3/1
f 322/3/1 210/3/1 321/3/1
f 323/2/1 211/2/1 210/2/1
f 323/3/1 210/3/1 322/3/1
f 324/1/1 212/1/1 211/1/1
f 324/2/1 211/2/1 323/2/1
f 324/1/1 213/1/1 212/1/1
f 325/2/1 214/2/1 213/2/1
f 325/1/1 213/1/1 324/1/1
f 326/1/1 215/1/1 214/1/1
f 326/2/1 214/2/1 325/2/1
f 327/2/1 216/2/1 215/2/1
f 327/1/1 215/1/1 326/1/1
f 327/2/1 217/2/1 216/2/1
f 328/3/1 219/3/1 218/3/1
f 328/2/1 217/2/1 327/2/1
f 328/3/1 218/3/1 217/3/1
f 329/2/1 221/2/1 220/2/1
f 329/3/1 219/3/1 328/3/1
f 329/2/1 220/2/1 219/2/1
f 329/2/1 222/2/1 221/2/1
f 330/2/1 222/2/1 329/2/1
f 331/2/1 222/2/1 330/2/1
f 332/2/1 113/2/1 222/2/1
f 332/2/1 222/2/1 331/2/1
f 333/1/1 223/1/1 113/1/1
f 333/2/1 113/2/1 332/2/1
f 333/1/1 224/1/1 223/1/1
f 334/1/1 224/1/1 333/1/1
f 335/3/1 225/3/1 224/3/1
f 335/1/1 224/1/1 334/1/1
f 336/1/1 117/1/1 225/1/1
f 336/3/1 225/3/1 335/3/1
f 337/1/1 117/1/1 336/1/1
f 338/2/1 118/2/1 117/2/1
f 338/1/1 117/1/1 337/1/1
f 339/1/1 226/1/1 118/1/1
f 339/2/1 118/2/1 338/2/1
f 340/2/1 227/2/1 226/2/1
f 340/1/1 226/1/1 339/1/1
f 341/3/1 120/3/1 227/3/1
f 341/2/1 227/2/1 340/2/1
f 342/1/1 228/1/1 120/1/1
f 342/3/1 120/3/1 341/3/1
f 343/7/1 229/7/1 228/7/1
f 343/1/1 228/1/1 342/1/1
f 344/5/1 230/5/1 229/5/1
f 344/7/1 229/7/1 343/7/1
f 344/5/1 231/5/1 230/5/1
f 345/5/1 231/5/1 344/5/1
f 346/7/1 232/7/1 231/7/1
f 346/5/1 231/5/1 345/5/1
f 347/5/1 233/5/1 232/5/1
f 347/7/1 232/7/1 346/7/1
f 348/7/1 234/7/1 233/7/1
f 348/5/1 233/5/1 347/5/1
f 348/7/1 235/7/1 234/7/1
f 348/7/1 236/7/1 235/7/1
f 349/7/1 236/7/1 348/7/1
f 350/6/1 237/6/1 236/6/1
f 350/7/1 236/7/1 349/7/1
f 351/5/1 238/5/1 237/5/1
f 351/6/1 237/6/1 350/6/1
f 351/5/1 239/5/1 238/5/1
f 352/6/1 240/6/1 239/6/1
f 352/5/1 239/5/1 351/5/1
f 353/7/1 241/7/1 240/7/1
f 353/6/1 240/6/1 352/6/1
f 353/7/1 242/7/1 241/7/1
f 354/7/1 242/7/1 353/7/1
f 355/6/1 243/6/1 242/6/1
f 355/7/1 242/7/1 354/7/1
f 356/5/1 244/5/1 243/5/1
f 356/6/1 243/6/1 355/6/1
f 356/5/1 245/5/1 244/5/1
f 357/5/1 245/5/1 356/5/1
f 358/7/1 246/7/1 245/7/1
f 358/5/1 245/5/1 357/5/1
f 358/7/1 247/7/1 246/7/1
f 359/7/1 247/7/1 358/7/1
f 360/4/1 248/4/1 247/4/1
f 360/7/1 247/7/1 359/7/1
f 361/5/1 249/5/1 248/5/1
f 361/4/1 248/4/1 360/4/1
f 362/6/1 250/6/1 249/6/1
f 362/5/1 249/5/1 361/5/1
f 363/4/1 251/4/1 250/4/1
f 363/6/1 250/6/1 362/6/1
f 364/5/1 252/5/1 251/5/1
f 364/4/1 251/4/1 363/4/1
f 365/4/1 253/4/1 252/4/1
f 365/5/1 252/5/1 364/5/1
f 366/5/1 254/5/1 253/5/1
f 366/4/1 253/4/1 365/4/1
f 367/6/1 255/6/1 254/6/1
f 367/5/1 254/5/1 366/5/1
f 368/5/1 257/5/1 256/5/1
f 368/6/1 255/6/1 367/6/1
f 368/5/1 256/5/1 255/5/1
f 369/5/1 257/5/1 368/5/1
f 370/1/1 258/1/1 257/1/1
f 370/5/1 257/5/1 369/5/1
f 371/2/1 259/2/1 258/2/1
f 371/1/1 258/1/1 370/1/1
f 372/2/1 259/2/1 371/2/1
f 373/1/1 260/1/1 259/1/1
f 373/2/1 259/2/1 372/2/1
f 373/1/1 261/1/1 260/1/1
f 373/1/1 263/1/1 262/1/1
f 373/1/1 262/1/1 261/1/1
f 374/1/1 263/1/1 373/1/1
f 375/1/1 263/1/1 374/1/1
f 376/1/1 263/1/1 375/1/1
f 377/2/1 265/2/1 264/2/1
f 377/1/1 263/1/1 376/1/1
f 377/2/1 264/2/1 263/2/1
f 378/1/1 266/1/1 265/1/1
f 378/2/1 265/2/1 377/2/1
f 379/2/1 267/2/1 266/2/1
f 379/1/1 266/1/1 378/1/1
f 380/2/1 267/2/1 379/2/1
f 381/3/1 268/3/1 267/3/1
f 381/2/1 267/2/1 380/2/1
f 382/4/1 269/4/1 268/4/1
f 382/3/1 268/3/1 381/3/1
f 382/4/1 270/4/1 269/4/1
f 383/4/1 270/4/1 382/4/1
f 384/2/1 271/2/1 270/2/1
f 384/4/1 270/4/1 383/4/1
f 385/3/1 272/3/1 271/3/1
f 385/2/1 271/2/1 384/2/1
f 386/2/1 273/2/1 272/2/1
f 386/4/1 274/4/1 273/4/1
f 387/6/1 276/6/1 275/6/1
f 387/4/1 274/4/1 386/4/1
f 387/6/1 275/6/1 274/6/1
f 388/4/1 277/4/1 276/4/1
f 388/6/1 276/6/1 387/6/1
f 388/4/1 278/4/1 277/4/1
f 389/4/1 278/4/1 388/4/1
f 390/6/1 279/6/1 278/6/1
f 390/4/1 278/4/1 389/4/1
f 391/5/1 280/5/1 279/5/1
f 391/6/1 279/6/1 390/6/1
f 392/4/1 281/4/1 280/4/1
f 392/5/1 280/5/1 391/5/1
f 393/6/1 282/6/1 281/6/1
f 393/4/1 281/4/1 392/4/1
f 393/6/1 284/6/1 283/6/1
f 393/6/1 283/6/1 282/6/1
f 394/6/1 284/6/1 393/6/1
f 395/6/1 284/6/1 394/6/1
f 396/5/1 285/5/1 284/5/1
f 396/6/1 284/6/1 395/6/1
f 397/7/1 286/7/1 285/7/1
f 397/5/1 285/5/1 396/5/1
f 398/7/1 286/7/1 397/7/1
f 399/6/1 287/6/1 286/6/1
f 399/7/1 286/7/1 398/7/1
f 400/5/1 289/5/1 288/5/1
f 400/6/1 287/6/1 399/6/1
f 400/5/1 288/5/1 287/5/1
f 401/7/1 290/7/1 289/7/1
f 401/5/1 289/5/1 400/5/1
f 402/6/1 291/6/1 290/6/1
f 402/7/1 290/7/1 401/7/1
f 403/7/1 292/7/1 291/7/1
f 403/6/1 291/6/1 402/6/1
f 404/5/1 293/5/1 292/5/1
f 404/7/1 292/7/1 403/7/1
f 405/7/1 295/7/1 294/7/1
f 405/5/1 293/5/1 404/5/1
f 405/7/1 294/7/1 293/7/1
f 406/7/1 295/7/1 405/7/1
f 407/5/1 296/5/1 295/5/1
f 407/7/1 295/7/1 406/7/1
f 408/7/1 297/7/1 296/7/1
f 408/5/1 296/5/1 407/5/1
f 409/7/1 297/7/1 408/7/1
f 410/7/1 298/7/1 185/7/1
f 411/8/1 299/8/1 298/8/1
f 411/7/1 298/7/1 410/7/1
f 412/6/1 300/6/1 299/6/1
f 412/8/1 299/8/1 411/8/1
f 413/8/1 301/8/1 300/8/1
f 413/6/1 300/6/1 412/6/1
f 414/8/1 301/8/1 413/8/1
f 415/6/1 302/6/1 301/6/1
f 415/8/1 301/8/1 414/8/1
f 416/7/1 303/7/1 302/7/1
f 416/6/1 302/6/1 415/6/1
f 417/6/1 304/6/1 303/6/1
f 417/7/1 303/7/1 416/7/1
f 417/6/1 305/6/1 304/6/1
f 418/6/1 305/6/1 417/6/1
f 419/7/1 306/7/1 305/7/1
f 419/6/1 305/6/1 418/6/1
f 420/3/1 309/3/1 308/3/1
f 420/7/1 306/7/1 419/7/1
f 420/3/1 307/3/1 306/3/1
f 420/3/1 308/3/1 307/3/1
f 421/3/1 309/3/1 420/3/1
f 422/4/1 310/4/1 309/4/1
f 422/3/1 309/3/1 421/3/1
f 423/5/1 311/5/1 310/5/1
f 423/4/1 310/4/1 422/4/1
f 423/5/1 312/5/1 311/5/1
f 424/5/1 312/5/1 423/5/1
f 425/6/1 201/6/1 312/6/1
f 425/5/1 312/5/1 424/5/1
f 426/5/1 313/5/1 201/5/1
f 426/6/1 201/6/1 425/6/1
f 426/5/1 314/5/1 313/5/1
f 427/5/1 314/5/1 426/5/1
f 428/4/1 316/4/1 315/4/1
f 428/5/1 314/5/1 427/5/1
f 428/4/1 315/4/1 314/4/1
f 429/4/1 316/4/1 428/4/1
f 430/6/1 317/6/1 316/6/1
f 430/4/1 316/4/1 429/4/1
f 431/5/1 318/5/1 317/5/1
f 431/6/1 317/6/1 430/6/1
f 432/6/1 319/6/1 318/6/1
f 432/5/1 318/5/1 431/5/1
f 433/5/1 320/5/1 319/5/1
f 433/6/1 319/6/1 432/6/1
f 434/4/1 321/4/1 320/4/1
f 434/5/1 320/5/1 433/5/1
f 435/6/1 322/6/1 321/6/1
f 435/4/1 321/4/1 434/4/1
f 436/4/1 323/4/1 322/4/1
f 436/6/1 322/6/1 435/6/1
f 437/5/1 324/5/1 323/5/1
f 437/4/1 323/4/1 436/4/1
f 438/4/1 325/4/1 324/4/1
f 438/5/1 324/5/1 437/5/1
f 439/6/1 326/6/1 325/6/1
f 439/4/1 325/4/1 438/4/1
f 439/6/1 327/6/1 326/6/1
f 440/6/1 327/6/1 439/6/1
f 441/3/1 328/3/1 327/3/1
f 441/6/1 327/6/1 440/6/1
f 442/3/1 328/3/1 441/3/1
f 443/2/1 329/2/1 328/2/1
f 443/3/1 328/3/1 442/3/1
f 444/4/1 330/4/1 329/4/1
f 444/2/1 329/2/1 443/2/1
f 445/3/1 331/3/1 330/3/1
f 445/4/1 330/4/1 444/4/1
f 446/4/1 332/4/1 331/4/1
f 446/2/1 334/2/1 333/2/1
f 446/2/1 333/2/1 332/2/1
f 447/2/1 334/2/1 446/2/1
f 448/4/1 335/4/1 334/4/1
f 448/2/1 334/2/1 447/2/1
f 449/3/1 336/3/1 335/3/1
f 449/4/1 335/4/1 448/4/1
f 450/3/1 338/3/1 337/3/1
f 450/2/1 337/2/1 336/2/1
f 451/6/1 339/6/1 338/6/1
f 451/3/1 338/3/1 450/3/1
f 452/4/1 341/4/1 340/4/1
f 452/6/1 339/6/1 451/6/1
f 452/4/1 342/4/1 341/4/1
f 452/4/1 343/4/1 342/4/1
f 452/4/1 340/4/1 339/4/1
f 453/4/1 343/4/1 452/4/1
f 454/4/1 343/4/1 453/4/1
f 455/6/1 344/6/1 343/6/1
f 455/4/1 343/4/1 454/4/1
f 456/5/1 345/5/1 344/5/1
f 456/6/1 344/6/1 455/6/1
f 457/4/1 346/4/1 345/4/1
f 457/5/1 345/5/1 456/5/1
f 458/5/1 347/5/1 346/5/1
f 458/4/1 346/4/1 457/4/1
f 459/6/1 348/6/1 347/6/1
f 459/5/1 347/5/1 458/5/1
f 460/3/1 349/3/1 348/3/1
f 460/6/1 348/6/1 459/6/1
f 461/1/1 350/1/1 349/1/1
f 461/3/1 349/3/1 460/3/1
f 462/1/1 350/1/1 461/1/1
f 463/2/1 351/2/1 350/2/1
f 463/1/1 350/1/1 462/1/1
f 464/1/1 352/1/1 351/1/1
f 464/2/1 351/2/1 463/2/1
f 465/1/1 352/1/1 464/1/1
f 466/3/1 353/3/1 352/3/1
f 466/1/1 352/1/1 465/1/1
f 467/1/1 354/1/1 353/1/1
f 467/3/1 353/3/1 466/3/1
f 468/2/1 355/2/1 354/2/1
f 468/1/1 354/1/1 467/1/1
f 469/3/1 356/3/1 355/3/1
f 469/2/1 355/2/1 468/2/1
f 470/7/1 357/7/1 356/7/1
f 470/3/1 356/3/1 469/3/1
f 471/6/1 358/6/1 357/6/1
f 471/7/1 357/7/1 470/7/1
f 472/7/1 359/7/1 358/7/1
f 472/6/1 358/6/1 471/6/1
f 473/5/1 360/5/1 359/5/1
f 473/7/1 359/7/1 472/7/1
f 474/6/1 362/6/1 361/6/1
f 474/5/1 360/5/1 473/5/1
f 474/6/1 361/6/1 360/6/1
f 475/6/1 362/6/1 474/6/1
f 476/7/1 363/7/1 362/7/1
f 476/6/1 362/6/1 475/6/1
f 477/5/1 364/5/1 363/5/1
f 477/7/1 363/7/1 476/7/1
f 478/6/1 365/6/1 364/6/1
f 478/5/1 364/5/1 477/5/1
f 478/6/1 366/6/1 365/6/1
f 479/6/1 366/6/1 478/6/1
f 480/7/1 367/7/1 366/7/1
f 480/6/1 366/6/1 479/6/1
f 481/5/1 368/5/1 367/5/1
f 481/7/1 367/7/1 480/7/1
f 482/6/1 369/6/1 368/6/1
f 482/5/1 368/5/1 481/5/1
f 483/7/1 370/7/1 369/7/1
f 483/6/1 369/6/1 482/6/1
f 483/7/1 371/7/1 370/7/1
f 484/5/1 372/5/1 371/5/1
f 484/7/1 371/7/1 483/7/1
f 485/6/1 373/6/1 372/6/1
f 485/5/1 372/5/1 484/5/1
f 486/4/1 376/4/1 375/4/1
f 486/7/1 375/7/1 374/7/1
f 487/5/1 377/5/1 376/5/1
f 487/4/1 376/4/1 486/4/1
f 487/5/1 378/5/1 377/5/1
f 488/5/1 378/5/1 487/5/1
f 489/5/1 378/5/1 488/5/1
f 490/4/1 379/4/1 378/4/1
f 490/5/1 378/5/1 489/5/1
f 491/6/1 380/6/1 379/6/1
f 491/4/1 379/4/1 490/4/1
f 492/4/1 381/4/1 380/4/1
f 492/6/1 380/6/1 491/6/1
f 493/6/1 382/6/1 381/6/1
f 493/4/1 381/4/1 492/4/1
f 493/6/1 383/6/1 382/6/1
f 494/6/1 383/6/1 493/6/1
f 495/2/1 384/2/1 383/2/1
f 495/6/1 383/6/1 494/6/1
f 496/3/1 385/3/1 384/3/1
f 496/2/1 384/2/1 495/2/1
f 497/3/1 272/3/1 385/3/1
f 497/3/1 385/3/1 496/3/1
f 498/3/1 272/3/1 497/3/1
f 499/2/1 386/2/1 272/2/1
f 499/3/1 272/3/1 498/3/1
f 500/3/1 388/3/1 387/3/1
f 500/2/1 386/2/1 499/2/1
f 500/3/1 387/3/1 386/3/1
f 501/3/1 388/3/1 500/3/1
f 502/2/1 389/2/1 388/2/1
f 502/3/1 388/3/1 501/3/1
f 503/4/1 390/4/1 389/4/1
f 503/2/1 389/2/1 502/2/1
f 504/7/1 391/7/1 390/7/1
f 504/4/1 390/4/1 503/4/1
f 505/6/1 392/6/1 391/6/1
f 505/7/1 391/7/1 504/7/1
f 506/5/1 394/5/1 393/5/1
f 506/6/1 392/6/1 505/6/1
f 506/5/1 393/5/1 392/5/1
f 507/7/1 395/7/1 394/7/1
f 507/5/1 394/5/1 506/5/1
f 508/5/1 396/5/1 395/5/1
f 508/7/1 395/7/1 507/7/1
f 508/5/1 397/5/1 396/5/1
f 509/6/1 398/6/1 397/6/1
f 509/5/1 397/5/1 508/5/1
f 510/7/1 401/7/1 400/7/1
f 510/6/1 398/6/1 509/6/1
f 510/7/1 399/7/1 398/7/1
f 510/7/1 400/7/1 399/7/1
f 511/7/1 401/7/1 510/7/1
f 512/7/1 401/7/1 511/7/1
f 513/8/1 402/8/1 401/8/1
f 513/7/1 401/7/1 512/7/1
f 513/8/1 403/8/1 402/8/1
f 514/8/1 403/8/1 513/8/1
f 515/6/1 404/6/1 403/6/1
f 515/8/1 403/8/1 514/8/1
f 516/7/1 405/7/1 404/7/1
f 516/6/1 404/6/1 515/6/1
f 517/8/1 406/8/1 405/8/1
f 517/7/1 405/7/1 516/7/1
f 518/7/1 407/7/1 406/7/1
f 518/8/1 409/8/1 408/8/1
f 518/7/1 408/7/1 407/7/1
f 519/8/1 409/8/1 518/8/1
f 520/3/1 411/3/1 410/3/1
f 520/3/1 412/3/1 411/3/1
f 521/3/1 412/3/1 520/3/1
f 522/5/1 413/5/1 412/5/1
f 522/3/1 412/3/1 521/3/1
f 523/3/1 414/3/1 413/3/1
f 523/5/1 413/5/1 522/5/1
f 524/2/1 416/2/1 415/2/1
f 524/3/1 414/3/1 523/3/1
f 524/2/1 415/2/1 414/2/1
f 524/2/1 417/2/1 416/2/1
f 525/2/1 417/2/1 524/2/1
f 526/4/1 418/4/1 417/4/1
f 526/2/1 417/2/1 525/2/1
f 527/3/1 419/3/1 418/3/1
f 527/4/1 418/4/1 526/4/1
f 528/2/1 420/2/1 419/2/1
f 528/3/1 419/3/1 527/3/1
f 529/3/1 421/3/1 420/3/1
f 529/2/1 420/2/1 528/2/1
f 530/3/1 421/3/1 529/3/1
f 531/2/1 422/2/1 421/2/1
f 531/3/1 421/3/1 530/3/1
f 532/2/1 424/2/1 423/2/1
f 532/4/1 425/4/1 424/4/1
f 533/3/1 427/3/1 426/3/1
f 533/4/1 425/4/1 532/4/1
f 533/3/1 426/3/1 425/3/1
f 534/2/1 428/2/1 427/2/1
f 534/3/1 427/3/1 533/3/1
f 535/3/1 429/3/1 428/3/1
f 535/2/1 428/2/1 534/2/1
f 536/1/1 430/1/1 429/1/1
f 536/3/1 429/3/1 535/3/1
f 537/2/1 431/2/1 430/2/1
f 537/1/1 430/1/1 536/1/1
f 538/1/1 432/1/1 431/1/1
f 538/2/1 431/2/1 537/2/1
f 539/3/1 434/3/1 433/3/1
f 539/1/1 432/1/1 538/1/1
f 539/3/1 433/3/1 432/3/1
f 540/3/1 434/3/1 539/3/1
f 541/2/1 435/2/1 434/2/1
f 541/3/1 434/3/1 540/3/1
f 542/3/1 436/3/1 435/3/1
f 542/2/1 435/2/1 541/2/1
f 543/1/1 437/1/1 436/1/1
f 543/3/1 436/3/1 542/3/1
f 544/2/1 438/2/1 437/2/1
f 544/1/1 437/1/1 543/1/1
f 545/1/1 440/1/1 439/1/1
f 545/2/1 438/2/1 544/2/1
f 545/1/1 439/1/1 438/1/1
f 546/1/1 440/1/1 545/1/1
f 547/3/1 441/3/1 440/3/1
f 547/1/1 440/1/1 546/1/1
f 548/1/1 442/1/1 441/1/1
f 548/3/1 441/3/1 547/3/1
f 549/2/1 443/2/1 442/2/1
f 549/1/1 442/1/1 548/1/1
f 550/3/1 444/3/1 443/3/1
f 550/2/1 443/2/1 549/2/1
f 551/3/1 444/3/1 550/3/1
f 552/1/1 445/1/1 444/1/1
f 552/3/1 444/3/1 551/3/1
f 553/3/1 331/3/1 445/3/1
f 553/1/1 445/1/1 552/1/1
f 554/4/1 446/4/1 331/4/1
f 554/3/1 331/3/1 553/3/1
f 555/1/1 447/1/1 446/1/1
f 555/4/1 446/4/1 554/4/1
f 556/3/1 448/3/1 447/3/1
f 556/1/1 447/1/1 555/1/1
f 557/2/1 449/2/1 448/2/1
f 557/3/1 448/3/1 556/3/1
f 558/3/1 336/3/1 449/3/1
f 558/2/1 449/2/1 557/2/1
f 559/2/1 451/2/1 450/2/1
f 559/3/1 336/3/1 558/3/1
f 559/2/1 450/2/1 336/2/1
f 560/3/1 453/3/1 452/3/1
f 560/2/1 451/2/1 559/2/1
f 560/3/1 452/3/1 451/3/1
f 561/3/1 453/3/1 560/3/1
f 562/3/1 453/3/1 561/3/1
f 563/1/1 454/1/1 453/1/1
f 563/3/1 453/3/1 562/3/1
f 564/3/1 455/3/1 454/3/1
f 564/1/1 454/1/1 563/1/1
f 565/1/1 456/1/1 455/1/1
f 565/3/1 455/3/1 564/3/1
f 565/1/1 457/1/1 456/1/1
f 566/1/1 457/1/1 565/1/1
f 567/2/1 458/2/1 457/2/1
f 567/1/1 457/1/1 566/1/1
f 568/1/1 460/1/1 459/1/1
f 568/2/1 458/2/1 567/2/1
f 568/1/1 459/1/1 458/1/1
f 569/1/1 460/1/1 568/1/1
f 570/3/1 461/3/1 460/3/1
f 570/1/1 460/1/1 569/1/1
f 571/2/1 462/2/1 461/2/1
f 571/3/1 461/3/1 570/3/1
f 572/3/1 463/3/1 462/3/1
f 572/2/1 462/2/1 571/2/1
f 572/3/1 464/3/1 463/3/1
f 573/3/1 464/3/1 572/3/1
f 574/4/1 465/4/1 464/4/1
f 574/3/1 464/3/1 573/3/1
f 575/3/1 466/3/1 465/3/1
f 575/4/1 465/4/1 574/4/1
f 575/3/1 467/3/1 466/3/1
f 576/4/1 469/4/1 468/4/1
f 576/3/1 467/3/1 575/3/1
f 576/4/1 468/4/1 467/4/1
f 577/2/1 471/2/1 470/2/1
f 577/4/1 469/4/1 576/4/1
f 577/2/1 470/2/1 469/2/1
f 578/2/1 471/2/1 577/2/1
f 579/3/1 472/3/1 471/3/1
f 579/2/1 471/2/1 578/2/1
f 580/7/1 473/7/1 472/7/1
f 580/3/1 472/3/1 579/3/1
f 580/7/1 474/7/1 473/7/1
f 581/7/1 474/7/1 580/7/1
f 582/6/1 475/6/1 474/6/1
f 582/7/1 474/7/1 581/7/1
f 583/3/1 476/3/1 475/3/1
f 583/6/1 475/6/1 582/6/1
f 583/3/1 477/3/1 476/3/1
f 584/3/1 477/3/1 583/3/1
f 585/2/1 478/2/1 477/2/1
f 585/3/1 477/3/1 584/3/1
f 586/1/1 479/1/1 478/1/1
f 586/2/1 478/2/1 585/2/1
f 587/3/1 480/3/1 479/3/1
f 587/1/1 479/1/1 586/1/1
f 588/1/1 481/1/1 480/1/1
f 588/3/1 480/3/1 587/3/1
f 589/2/1 482/2/1 481/2/1
f 589/1/1 481/1/1 588/1/1
f 590/1/1 483/1/1 482/1/1
f 590/2/1 482/2/1 589/2/1
f 591/2/1 484/2/1 483/2/1
f 591/1/1 483/1/1 590/1/1
f 592/2/1 484/2/1 591/2/1
f 593/6/1 485/6/1 484/6/1
f 593/2/1 484/2/1 592/2/1
f 594/6/1 373/6/1 485/6/1
f 594/6/1 485/6/1 593/6/1
f 595/5/1 374/5/1 373/5/1
f 595/6/1 373/6/1 594/6/1
f 596/7/1 486/7/1 374/7/1
f 596/5/1 374/5/1 595/5/1
f 596/7/1 487/7/1 486/7/1
f 596/7/1 488/7/1 487/7/1
f 597/7/1 488/7/1 596/7/1
f 598/7/1 488/7/1 597/7/1
f 599/6/1 489/6/1 488/6/1
f 599/7/1 488/7/1 598/7/1
f 600/7/1 490/7/1 489/7/1
f 600/6/1 489/6/1 599/6/1
f 600/7/1 491/7/1 490/7/1
f 600/7/1 492/7/1 491/7/1
f 601/7/1 492/7/1 600/7/1
f 602/7/1 492/7/1 601/7/1
f 603/1/1 493/1/1 492/1/1
f 603/7/1 492/7/1 602/7/1
f 603/1/1 494/1/1 493/1/1
f 604/1/1 494/1/1 603/1/1
f 605/2/1 495/2/1 494/2/1
f 605/1/1 494/1/1 604/1/1
f 606/3/1 496/3/1 495/3/1
f 606/2/1 495/2/1 605/2/1
f 607/2/1 497/2/1 496/2/1
f 607/3/1 496/3/1 606/3/1
f 608/3/1 498/3/1 497/3/1
f 608/2/1 497/2/1 607/2/1
f 609/1/1 499/1/1 498/1/1
f 609/3/1 498/3/1 608/3/1
f 610/3/1 500/3/1 499/3/1
f 610/1/1 499/1/1 609/1/1
f 611/1/1 501/1/1 500/1/1
f 611/3/1 500/3/1 610/3/1
f 612/4/1 503/4/1 502/4/1
f 612/1/1 501/1/1 611/1/1
f 612/4/1 502/4/1 501/4/1
f 613/4/1 503/4/1 612/4/1
f 614/6/1 504/6/1 503/6/1
f 614/4/1 503/4/1 613/4/1
f 614/6/1 505/6/1 504/6/1
f 615/6/1 505/6/1 614/6/1
f 616/4/1 506/4/1 505/4/1
f 616/4/1 507/4/1 506/4/1
f 616/4/1 508/4/1 507/4/1
f 617/4/1 508/4/1 616/4/1
f 618/6/1 509/6/1 508/6/1
f 618/4/1 508/4/1 617/4/1
f 619/6/1 509/6/1 618/6/1
f 620/4/1 511/4/1 510/4/1
f 620/6/1 509/6/1 619/6/1
f 620/4/1 510/4/1 509/4/1
f 621/4/1 511/4/1 620/4/1
f 622/6/1 512/6/1 511/6/1
f 622/4/1 511/4/1 621/4/1
f 623/5/1 513/5/1 512/5/1
f 623/6/1 512/6/1 622/6/1
f 624/5/1 513/5/1 623/5/1
f 625/4/1 514/4/1 513/4/1
f 625/5/1 513/5/1 624/5/1
f 626/6/1 516/6/1 515/6/1
f 626/4/1 514/4/1 625/4/1
f 626/6/1 517/6/1 516/6/1
f 626/6/1 515/6/1 514/6/1
f 627/6/1 517/6/1 626/6/1
f 628/6/1 517/6/1 627/6/1
f 629/8/1 406/8/1 517/8/1
f 629/6/1 517/6/1 628/6/1
f 630/7/1 518/7/1 406/7/1
f 630/8/1 406/8/1 629/8/1
f 631/7/1 518/7/1 630/7/1
f 632/6/1 519/6/1 518/6/1
f 632/7/1 518/7/1 631/7/1
f 633/6/1 519/6/1 632/6/1
f 634/6/1 521/6/1 520/6/1
f 635/5/1 522/5/1 521/5/1
f 635/6/1 521/6/1 634/6/1
f 636/7/1 523/7/1 522/7/1
f 636/5/1 522/5/1 635/5/1
f 637/6/1 524/6/1 523/6/1
f 637/7/1 523/7/1 636/7/1
f 638/7/1 525/7/1 524/7/1
f 638/6/1 524/6/1 637/6/1
f 639/6/1 526/6/1 525/6/1
f 639/7/1 525/7/1 638/7/1
f 640/3/1 527/3/1 526/3/1
f 640/6/1 526/6/1 639/6/1
f 641/1/1 528/1/1 527/1/1
f 641/3/1 527/3/1 640/3/1
f 642/2/1 529/2/1 528/2/1
f 642/1/1 528/1/1 641/1/1
f 643/1/1 530/1/1 529/1/1
f 643/2/1 529/2/1 642/2/1
f 644/4/1 531/4/1 530/4/1
f 644/1/1 530/1/1 643/1/1
f 645/2/1 422/2/1 531/2/1
f 645/4/1 531/4/1 644/4/1
f 646/3/1 423/3/1 422/3/1
f 646/2/1 422/2/1 645/2/1
f 647/2/1 532/2/1 423/2/1
f 647/3/1 423/3/1 646/3/1
f 648/3/1 534/3/1 533/3/1
f 648/2/1 532/2/1 647/2/1
f 648/3/1 536/3/1 535/3/1
f 648/3/1 535/3/1 534/3/1
f 648/3/1 533/3/1 532/3/1
f 649/4/1 537/4/1 536/4/1
f 649/3/1 536/3/1 648/3/1
f 650/5/1 538/5/1 537/5/1
f 650/4/1 537/4/1 649/4/1
f 651/4/1 539/4/1 538/4/1
f 651/5/1 538/5/1 650/5/1
f 652/5/1 540/5/1 539/5/1
f 652/4/1 539/4/1 651/4/1
f 653/6/1 541/6/1 540/6/1
f 653/5/1 540/5/1 652/5/1
f 654/4/1 542/4/1 541/4/1
f 654/6/1 541/6/1 653/6/1
f 655/6/1 543/6/1 542/6/1
f 655/4/1 542/4/1 654/4/1
f 656/5/1 544/5/1 543/5/1
f 656/6/1 543/6/1 655/6/1
f 657/6/1 545/6/1 544/6/1
f 657/5/1 544/5/1 656/5/1
f 658/5/1 546/5/1 545/5/1
f 658/6/1 545/6/1 657/6/1
f 659/4/1 547/4/1 546/4/1
f 659/5/1 546/5/1 658/5/1
f 660/3/1 548/3/1 547/3/1
f 660/4/1 547/4/1 659/4/1
f 661/4/1 549/4/1 548/4/1
f 661/3/1 548/3/1 660/3/1
f 662/3/1 550/3/1 549/3/1
f 662/4/1 549/4/1 661/4/1
f 663/5/1 551/5/1 550/5/1
f 663/3/1 550/3/1 662/3/1
f 664/4/1 552/4/1 551/4/1
f 664/5/1 551/5/1 663/5/1
f 664/4/1 553/4/1 552/4/1
f 665/3/1 554/3/1 553/3/1
f 665/4/1 553/4/1 664/4/1
f 665/3/1 555/3/1 554/3/1
f 666/5/1 556/5/1 555/5/1
f 666/3/1 555/3/1 665/3/1
f 667/4/1 557/4/1 556/4/1
f 667/5/1 556/5/1 666/5/1
f 668/5/1 558/5/1 557/5/1
f 668/4/1 557/4/1 667/4/1
f 669/3/1 559/3/1 558/3/1
f 669/5/1 558/5/1 668/5/1
f 670/5/1 560/5/1 559/5/1
f 670/3/1 559/3/1 669/3/1
f 671/4/1 561/4/1 560/4/1
f 671/5/1 560/5/1 670/5/1
f 672/3/1 562/3/1 561/3/1
f 672/4/1 561/4/1 671/4/1
f 673/4/1 563/4/1 562/4/1
f 673/3/1 562/3/1 672/3/1
f 674/5/1 564/5/1 563/5/1
f 674/4/1 563/4/1 673/4/1
f 675/3/1 565/3/1 564/3/1
f 675/5/1 564/5/1 674/5/1
f 676/4/1 566/4/1 565/4/1
f 676/3/1 565/3/1 675/3/1
f 677/3/1 567/3/1 566/3/1
f 677/4/1 566/4/1 676/4/1
f 678/5/1 568/5/1 567/5/1
f 678/3/1 567/3/1 677/3/1
f 678/5/1 569/5/1 568/5/1
f 679/3/1 570/3/1 569/3/1
f 679/5/1 569/5/1 678/5/1
f 680/5/1 571/5/1 570/5/1
f 680/3/1 570/3/1 679/3/1
f 680/5/1 572/5/1 571/5/1
f 681/4/1 573/4/1 572/4/1
f 681/5/1 572/5/1 680/5/1
f 682/5/1 574/5/1 573/5/1
f 682/4/1 573/4/1 681/4/1
f 683/3/1 575/3/1 574/3/1
f 683/5/1 574/5/1 682/5/1
f 684/5/1 576/5/1 575/5/1
f 684/3/1 575/3/1 683/3/1
f 685/4/1 577/4/1 576/4/1
f 685/5/1 576/5/1 684/5/1
f 686/5/1 578/5/1 577/5/1
f 686/4/1 577/4/1 685/4/1
f 687/4/1 579/4/1 578/4/1
f 687/5/1 578/5/1 686/5/1
f 688/7/1 581/7/1 580/7/1
f 688/4/1 579/4/1 687/4/1
f 688/7/1 580/7/1 579/7/1
f 689/6/1 582/6/1 581/6/1
f 689/7/1 581/7/1 688/7/1
f 690/5/1 583/5/1 582/5/1
f 690/6/1 582/6/1 689/6/1
f 691/7/1 584/7/1 583/7/1
f 691/5/1 583/5/1 690/5/1
f 692/5/1 585/5/1 584/5/1
f 692/7/1 584/7/1 691/7/1
f 693/7/1 586/7/1 585/7/1
f 693/5/1 585/5/1 692/5/1
f 694/6/1 587/6/1 586/6/1
f 694/7/1 586/7/1 693/7/1
f 695/5/1 588/5/1 587/5/1
f 695/6/1 587/6/1 694/6/1
f 696/3/1 589/3/1 588/3/1
f 696/5/1 588/5/1 695/5/1
f 697/4/1 590/4/1 589/4/1
f 697/3/1 589/3/1 696/3/1
f 698/2/1 592/2/1 591/2/1
f 698/4/1 590/4/1 697/4/1
f 698/2/1 591/2/1 590/2/1
f 699/4/1 593/4/1 592/4/1
f 699/2/1 592/2/1 698/2/1
f 699/4/1 594/4/1 593/4/1
f 700/2/1 595/2/1 594/2/1
f 700/4/1 594/4/1 699/4/1
f 701/3/1 596/3/1 595/3/1
f 701/2/1 595/2/1 700/2/1
f 702/1/1 597/1/1 596/1/1
f 702/3/1 596/3/1 701/3/1
f 703/3/1 598/3/1 597/3/1
f 703/1/1 597/1/1 702/1/1
f 704/2/1 600/2/1 599/2/1
f 704/3/1 598/3/1 703/3/1
f 704/2/1 599/2/1 598/2/1
f 705/3/1 601/3/1 600/3/1
f 705/2/1 600/2/1 704/2/1
f 706/1/1 602/1/1 601/1/1
f 706/3/1 601/3/1 705/3/1
f 707/2/1 603/2/1 602/2/1
f 707/1/1 602/1/1 706/1/1
f 708/3/1 604/3/1 603/3/1
f 708/2/1 603/2/1 707/2/1
f 709/6/1 605/6/1 604/6/1
f 709/3/1 604/3/1 708/3/1
f 710/7/1 606/7/1 605/7/1
f 710/6/1 605/6/1 709/6/1
f 711/5/1 609/5/1 608/5/1
f 711/7/1 606/7/1 710/7/1
f 711/5/1 607/5/1 606/5/1
f 711/5/1 608/5/1 607/5/1
f 712/7/1 610/7/1 609/7/1
f 712/5/1 609/5/1 711/5/1
f 713/5/1 611/5/1 610/5/1
f 713/7/1 610/7/1 712/7/1
f 713/5/1 613/5/1 612/5/1
f 713/5/1 612/5/1 611/5/1
f 714/6/1 614/6/1 613/6/1
f 714/5/1 613/5/1 713/5/1
f 715/5/1 615/5/1 614/5/1
f 715/6/1 614/6/1 714/6/1
f 716/6/1 505/6/1 615/6/1
f 716/5/1 615/5/1 715/5/1
f 717/4/1 616/4/1 505/4/1
f 717/6/1 505/6/1 716/6/1
f 718/6/1 617/6/1 616/6/1
f 718/4/1 616/4/1 717/4/1
f 719/5/1 618/5/1 617/5/1
f 719/6/1 617/6/1 718/6/1
f 720/4/1 619/4/1 618/4/1
f 720/5/1 618/5/1 719/5/1
f 721/5/1 620/5/1 619/5/1
f 721/4/1 619/4/1 720/4/1
f 722/4/1 621/4/1 620/4/1
f 722/5/1 620/5/1 721/5/1
f 723/6/1 623/6/1 622/6/1
f 723/4/1 621/4/1 722/4/1
f 723/6/1 622/6/1 621/6/1
f 724/4/1 624/4/1 623/4/1
f 724/6/1 623/6/1 723/6/1
f 725/6/1 625/6/1 624/6/1
f 725/4/1 624/4/1 724/4/1
f 725/6/1 626/6/1 625/6/1
f 726/5/1 627/5/1 626/5/1
f 726/6/1 626/6/1 725/6/1
f 727/4/1 628/4/1 627/4/1
f 727/5/1 627/5/1 726/5/1
f 728/5/1 631/5/1 630/5/1
f 728/4/1 628/4/1 727/4/1
f 728/5/1 629/5/1 628/5/1
f 728/5/1 630/5/1 629/5/1
f 729/3/1 633/3/1 632/3/1
f 729/5/1 631/5/1 728/5/1
f 729/3/1 632/3/1 631/3/1
f 730/3/1 633/3/1 729/3/1
f 825/4/1 732/4/1 731/4/1
f 826/3/1 733/3/1 732/3/1
f 826/4/1 732/4/1 825/4/1
f 827/5/1 734/5/1 733/5/1
f 827/3/1 733/3/1 826/3/1
f 828/5/1 734/5/1 827/5/1
f 829/4/1 735/4/1 734/4/1
f 829/5/1 734/5/1 828/5/1
f 830/4/1 735/4/1 829/4/1
f 831/3/1 736/3/1 735/3/1
f 831/4/1 735/4/1 830/4/1
f 832/4/1 737/4/1 736/4/1
f 832/3/1 736/3/1 831/3/1
f 833/6/1 738/6/1 737/6/1
f 833/4/1 737/4/1 832/4/1
f 834/4/1 739/4/1 738/4/1
f 834/6/1 738/6/1 833/6/1
f 835/5/1 740/5/1 739/5/1
f 835/4/1 739/4/1 834/4/1
f 836/4/1 741/4/1 740/4/1
f 836/5/1 740/5/1 835/5/1
f 837/6/1 742/6/1 741/6/1
f 837/4/1 741/4/1 836/4/1
f 838/5/1 743/5/1 742/5/1
f 838/6/1 742/6/1 837/6/1
f 839/5/1 743/5/1 838/5/1
f 840/5/1 743/5/1 839/5/1
f 841/6/1 744/6/1 743/6/1
f 841/5/1 743/5/1 840/5/1
f 842/6/1 744/6/1 841/6/1
f 843/5/1 745/5/1 744/5/1
f 843/6/1 744/6/1 842/6/1
f 844/5/1 745/5/1 843/5/1
f 845/6/1 746/6/1 745/6/1
f 845/5/1 745/5/1 844/5/1
f 846/6/1 746/6/1 845/6/1
f 847/5/1 747/5/1 746/5/1
f 847/6/1 746/6/1 846/6/1
f 848/6/1 748/6/1 747/6/1
f 848/5/1 747/5/1 847/5/1
f 849/8/1 749/8/1 748/8/1
f 849/6/1 748/6/1 848/6/1
f 850/7/1 750/7/1 749/7/1
f 850/8/1 749/8/1 849/8/1
f 851/8/1 751/8/1 750/8/1
f 851/7/1 750/7/1 850/7/1
f 852/7/1 752/7/1 751/7/1
f 852/8/1 751/8/1 851/8/1
f 853/6/1 753/6/1 752/6/1
f 853/7/1 752/7/1 852/7/1
f 854/8/1 754/8/1 753/8/1
f 854/6/1 753/6/1 853/6/1
f 855/7/1 755/7/1 754/7/1
f 855/8/1 754/8/1 854/8/1
f 856/6/1 756/6/1 755/6/1
f 856/7/1 755/7/1 855/7/1
f 857/8/1 757/8/1 756/8/1
f 857/6/1 756/6/1 856/6/1
f 858/6/1 758/6/1 757/6/1
f 858/8/1 757/8/1 857/8/1
f 859/8/1 759/8/1 758/8/1
f 859/6/1 758/6/1 858/6/1
f 860/7/1 760/7/1 759/7/1
f 860/8/1 759/8/1 859/8/1
f 861/6/1 761/6/1 760/6/1
f 861/7/1 760/7/1 860/7/1
f 862/7/1 762/7/1 761/7/1
f 862/6/1 761/6/1 861/6/1
f 863/6/1 763/6/1 762/6/1
f 863/7/1 762/7/1 862/7/1
f 864/8/1 764/8/1 763/8/1
f 864/6/1 763/6/1 863/6/1
f 865/7/1 765/7/1 764/7/1
f 865/8/1 764/8/1 864/8/1
f 866/8/1 766/8/1 765/8/1
f 866/7/1 765/7/1 865/7/1
f 867/6/1 767/6/1 766/6/1
f 867/8/1 766/8/1 866/8/1
f 868/7/1 768/7/1 767/7/1
f 868/6/1 767/6/1 867/6/1
f 869/8/1 769/8/1 768/8/1
f 869/7/1 768/7/1 868/7/1
f 870/6/1 770/6/1 769/6/1
f 870/8/1 769/8/1 869/8/1
f 871/7/1 771/7/1 770/7/1
f 871/6/1 770/6/1 870/6/1
f 872/6/1 772/6/1 771/6/1
f 872/7/1 771/7/1 871/7/1
f 873/7/1 773/7/1 772/7/1
f 873/6/1 772/6/1 872/6/1
f 874/7/1 773/7/1 873/7/1
f 875/6/1 774/6/1 773/6/1
f 875/7/1 773/7/1 874/7/1
f 876/7/1 775/7/1 774/7/1
f 876/6/1 774/6/1 875/6/1
f 877/8/1 776/8/1 775/8/1
f 877/7/1 775/7/1 876/7/1
f 878/7/1 777/7/1 776/7/1
f 878/8/1 776/8/1 877/8/1
f 879/8/1 778/8/1 777/8/1
f 879/7/1 777/7/1 878/7/1
f 880/4/1 779/4/1 778/4/1
f 880/8/1 778/8/1 879/8/1
f 881/5/1 780/5/1 779/5/1
f 881/4/1 779/4/1 880/4/1
f 882/5/1 780/5/1 881/5/1
f 883/4/1 781/4/1 780/4/1
f 883/5/1 780/5/1 882/5/1
f 884/3/1 782/3/1 781/3/1
f 884/4/1 781/4/1 883/4/1
f 885/3/1 782/3/1 884/3/1
f 886/3/1 782/3/1 885/3/1
f 887/5/1 783/5/1 782/5/1
f 887/3/1 782/3/1 886/3/1
f 888/3/1 784/3/1 783/3/1
f 888/5/1 783/5/1 887/5/1
f 889/5/1 785/5/1 784/5/1
f 889/3/1 784/3/1 888/3/1
f 890/5/1 785/5/1 889/5/1
f 891/3/1 786/3/1 785/3/1
f 891/5/1 785/5/1 890/5/1
f 892/5/1 787/5/1 786/5/1
f 892/3/1 786/3/1 891/3/1
f 893/3/1 788/3/1 787/3/1
f 893/5/1 787/5/1 892/5/1
f 894/4/1 789/4/1 788/4/1
f 894/3/1 788/3/1 893/3/1
f 895/5/1 790/5/1 789/5/1
f 895/4/1 789/4/1 894/4/1
f 896/4/1 791/4/1 790/4/1
f 896/5/1 790/5/1 895/5/1
f 897/5/1 792/5/1 791/5/1
f 897/4/1 791/4/1 896/4/1
f 898/5/1 792/5/1 897/5/1
f 899/4/1 793/4/1 792/4/1
f 899/5/1 792/5/1 898/5/1
f 900/5/1 794/5/1 793/5/1
f 900/4/1 793/4/1 899/4/1
f 901/4/1 795/4/1 794/4/1
f 901/5/1 794/5/1 900/5/1
f 902/6/1 796/6/1 795/6/1
f 902/4/1 795/4/1 901/4/1
f 903/5/1 797/5/1 796/5/1
f 903/6/1 796/6/1 902/6/1
f 904/6/1 798/6/1 797/6/1
f 904/5/1 797/5/1 903/5/1
f 905/4/1 799/4/1 798/4/1
f 905/6/1 798/6/1 904/6/1
f 906/6/1 800/6/1 799/6/1
f 906/4/1 799/4/1 905/4/1
f 907/5/1 801/5/1 800/5/1
f 907/6/1 800/6/1 906/6/1
f 908/4/1 802/4/1 801/4/1
f 908/5/1 801/5/1 907/5/1
f 909/4/1 802/4/1 908/4/1
f 910/7/1 803/7/1 802/7/1
f 910/4/1 802/4/1 909/4/1
f 911/5/1 804/5/1 803/5/1
f 911/7/1 803/7/1 910/7/1
f 912/2/1 805/2/1 804/2/1
f 912/5/1 804/5/1 911/5/1
f 913/3/1 806/3/1 805/3/1
f 913/2/1 805/2/1 912/2/1
f 914/1/1 807/1/1 806/1/1
f 914/3/1 806/3/1 913/3/1
f 915/1/1 807/1/1 914/1/1
f 916/1/1 807/1/1 915/1/1
f 917/3/1 808/3/1 807/3/1
f 917/1/1 807/1/1 916/1/1
f 918/3/1 808/3/1 917/3/1
f 919/2/1 809/2/1 808/2/1
f 919/3/1 808/3/1 918/3/1
f 920/1/1 810/1/1 809/1/1
f 920/2/1 809/2/1 919/2/1
f 921/3/1 811/3/1 810/3/1
f 921/1/1 810/1/1 920/1/1
f 922/3/1 811/3/1 921/3/1
f 923/1/1 812/1/1 811/1/1
f 923/3/1 811/3/1 922/3/1
f 924/3/1 813/3/1 812/3/1
f 924/1/1 812/1/1 923/1/1
f 925/2/1 814/2/1 813/2/1
f 925/3/1 813/3/1 924/3/1
f 926/1/1 815/1/1 814/1/1
f 926/2/1 814/2/1 925/2/1
f 927/3/1 816/3/1 815/3/1
f 927/1/1 815/1/1 926/1/1
f 928/5/1 817/5/1 816/5/1
f 928/3/1 816/3/1 927/3/1
f 929/3/1 818/3/1 817/3/1
f 929/5/1 817/5/1 928/5/1
f 930/3/1 818/3/1 929/3/1
f 931/3/1 818/3/1 930/3/1
f 932/5/1 819/5/1 818/5/1
f 932/3/1 818/3/1 931/3/1
f 933/4/1 820/4/1 819/4/1
f 933/5/1 819/5/1 932/5/1
f 934/3/1 821/3/1 820/3/1
f 934/4/1 820/4/1 933/4/1
f 935/4/1 822/4/1 821/4/1
f 935/3/1 821/3/1 934/3/1
f 936/5/1 823/5/1 822/5/1
f 936/4/1 822/4/1 935/4/1
f 937/3/1 824/3/1 823/3/1
f 937/5/1 823/5/1 936/5/1
f 938/3/1 824/3/1 937/3/1
f 1051/5/1 940/5/1 939/5/1
f 1051/5/1 941/5/1 940/5/1
f 1051/5/1 942/5/1 941/5/1
f 1052/4/1 943/4/1 942/4/1
f 1052/5/1 942/5/1 1051/5/1
f 1053/5/1 944/5/1 943/5/1
f 1053/4/1 943/4/1 1052/4/1
f 1053/5/1 945/5/1 944/5/1
f 1053/5/1 946/5/1 945/5/1
f 1054/6/1 947/6/1 946/6/1
f 1054/5/1 946/5/1 1053/5/1
f 1055/5/1 948/5/1 947/5/1
f 1055/6/1 947/6/1 1054/6/1
f 1056/7/1 949/7/1 948/7/1
f 1056/5/1 948/5/1 1055/5/1
f 1057/6/1 950/6/1 949/6/1
f 1057/7/1 949/7/1 1056/7/1
f 1057/6/1 951/6/1 950/6/1
f 1058/5/1 952/5/1 951/5/1
f 1058/6/1 951/6/1 1057/6/1
f 1058/5/1 953/5/1 952/5/1
f 1059/6/1 954/6/1 953/6/1
f 1059/5/1 953/5/1 1058/5/1
f 1060/5/1 955/5/1 954/5/1
f 1060/6/1 954/6/1 1059/6/1
f 1061/6/1 956/6/1 955/6/1
f 1061/5/1 955/5/1 1060/5/1
f 1061/6/1 957/6/1 956/6/1
f 1062/5/1 958/5/1 957/5/1
f 1062/6/1 957/6/1 1061/6/1
f 1062/5/1 959/5/1 958/5/1
f 1063/4/1 960/4/1 959/4/1
f 1063/5/1 959/5/1 1062/5/1
f 1064/5/1 961/5/1 960/5/1
f 1064/4/1 960/4/1 1063/4/1
f 1064/5/1 962/5/1 961/5/1
f 1065/4/1 963/4/1 962/4/1
f 1065/5/1 962/5/1 1064/5/1
f 1065/4/1 964/4/1 963/4/1
f 1066/3/1 965/3/1 964/3/1
f 1066/4/1 964/4/1 1065/4/1
f 1067/1/1 966/1/1 965/1/1
f 1067/3/1 965/3/1 1066/3/1
f 1068/2/1 967/2/1 966/2/1
f 1068/1/1 966/1/1 1067/1/1
f 1069/1/1 968/1/1 967/1/1
f 1069/2/1 967/2/1 1068/2/1
f 1070/3/1 969/3/1 968/3/1
f 1070/1/1 968/1/1 1069/1/1
f 1071/1/1 970/1/1 969/1/1
f 1071/3/1 969/3/1 1070/3/1
f 1072/2/1 971/2/1 970/2/1
f 1072/1/1 970/1/1 1071/1/1
f 1072/2/1 972/2/1 971/2/1
f 1073/3/1 973/3/1 972/3/1
f 1073/2/1 972/2/1 1072/2/1
f 1074/1/1 974/1/1 973/1/1
f 1074/3/1 973/3/1 1073/3/1
f 1075/5/1 975/5/1 974/5/1
f 1075/1/1 974/1/1 1074/1/1
f 1075/5/1 976/5/1 975/5/1
f 1076/7/1 977/7/1 976/7/1
f 1076/5/1 976/5/1 1075/5/1
f 1077/5/1 978/5/1 977/5/1
f 1077/7/1 977/7/1 1076/7/1
f 1078/6/1 979/6/1 978/6/1
f 1078/5/1 978/5/1 1077/5/1
f 1079/7/1 980/7/1 979/7/1
f 1079/6/1 979/6/1 1078/6/1
f 1080/6/1 981/6/1 980/6/1
f 1080/7/1 980/7/1 1079/7/1
f 1081/5/1 982/5/1 981/5/1
f 1081/6/1 981/6/1 1080/6/1
f 1081/5/1 983/5/1 982/5/1
f 1082/7/1 984/7/1 983/7/1
f 1082/5/1 983/5/1 1081/5/1
f 1083/8/1 985/8/1 984/8/1
f 1083/7/1 984/7/1 1082/7/1
f 1084/7/1 986/7/1 985/7/1
f 1084/8/1 985/8/1 1083/8/1
f 1085/6/1 987/6/1 986/6/1
f 1085/7/1 986/7/1 1084/7/1
f 1085/6/1 988/6/1 987/6/1
f 1086/8/1 989/8/1 988/8/1
f 1086/6/1 988/6/1 1085/6/1
f 1086/8/1 990/8/1 989/8/1
f 1087/7/1 991/7/1 990/7/1
f 1087/8/1 990/8/1 1086/8/1
f 1088/6/1 992/6/1 991/6/1
f 1088/7/1 991/7/1 1087/7/1
f 1089/3/1 993/3/1 992/3/1
f 1089/6/1 992/6/1 1088/6/1
f 1090/4/1 994/4/1 993/4/1
f 1090/3/1 993/3/1 1089/3/1
f 1091/3/1 995/3/1 994/3/1
f 1091/4/1 994/4/1 1090/4/1
f 1092/4/1 996/4/1 995/4/1
f 1092/3/1 995/3/1 1091/3/1
f 1093/5/1 997/5/1 996/5/1
f 1093/4/1 996/4/1 1092/4/1
f 1094/3/1 998/3/1 997/3/1
f 1094/5/1 997/5/1 1093/5/1
f 1094/3/1 999/3/1 998/3/1
f 1095/2/1 1000/2/1 999/2/1
f 1095/3/1 999/3/1 1094/3/1
f 1096/1/1 1001/1/1 1000/1/1
f 1096/2/1 1000/2/1 1095/2/1
f 1097/2/1 1002/2/1 1001/2/1
f 1097/1/1 1001/1/1 1096/1/1
f 1098/1/1 1003/1/1 1002/1/1
f 1098/2/1 1002/2/1 1097/2/1
f 1099/2/1 1004/2/1 1003/2/1
f 1099/1/1 1003/1/1 1098/1/1
f 1099/2/1 1005/2/1 1004/2/1
f 1100/1/1 1006/1/1 1005/1/1
f 1100/2/1 1005/2/1 1099/2/1
f 1101/2/1 1007/2/1 1006/2/1
f 1101/1/1 1006/1/1 1100/1/1
f 1102/3/1 1008/3/1 1007/3/1
f 1102/2/1 1007/2/1 1101/2/1
f 1103/2/1 1009/2/1 1008/2/1
f 1103/3/1 1008/3/1 1102/3/1
f 1104/3/1 1010/3/1 1009/3/1
f 1104/2/1 1009/2/1 1103/2/1
f 1105/2/1 1011/2/1 1010/2/1
f 1105/3/1 1010/3/1 1104/3/1
f 1106/4/1 1012/4/1 1011/4/1
f 1106/2/1 1011/2/1 1105/2/1
f 1106/4/1 1013/4/1 1012/4/1
f 1107/2/1 1014/2/1 1013/2/1
f 1107/4/1 1013/4/1 1106/4/1
f 1108/3/1 1015/3/1 1014/3/1
f 1108/2/1 1014/2/1 1107/2/1
f 1108/3/1 1016/3/1 1015/3/1
f 1109/2/1 1017/2/1 1016/2/1
f 1109/3/1 1016/3/1 1108/3/1
f 1110/3/1 1018/3/1 1017/3/1
f 1110/2/1 1017/2/1 1109/2/1
f 1111/1/1 1019/1/1 1018/1/1
f 1111/3/1 1018/3/1 1110/3/1
f 1111/1/1 1020/1/1 1019/1/1
f 1112/3/1 1021/3/1 1020/3/1
f 1112/1/1 1020/1/1 1111/1/1
f 1113/1/1 1022/1/1 1021/1/1
f 1113/3/1 1021/3/1 1112/3/1
f 1114/2/1 1023/2/1 1022/2/1
f 1114/1/1 1022/1/1 1113/1/1
f 1114/2/1 1024/2/1 1023/2/1
f 1115/1/1 1025/1/1 1024/1/1
f 1115/2/1 1024/2/1 1114/2/1
f 1116/2/1 1026/2/1 1025/2/1
f 1116/1/1 1025/1/1 1115/1/1
f 1117/1/1 1027/1/1 1026/1/1
f 1117/2/1 1026/2/1 1116/2/1
f 1118/4/1 1029/4/1 1028/4/1
f 1118/1/1 1027/1/1 1117/1/1
f 1118/4/1 1028/4/1 1027/4/1
f 1119/5/1 1030/5/1 1029/5/1
f 1119/4/1 1029/4/1 1118/4/1
f 1120/4/1 1036/4/1 1035/4/1
f 1120/5/1 1030/5/1 1119/5/1
f 1120/4/1 1035/4/1 1034/4/1
f 1120/4/1 1034/4/1 1033/4/1
f 1120/4/1 1033/4/1 1032/4/1
f 1120/4/1 1032/4/1 1031/4/1
f 1120/4/1 1031/4/1 1030/4/1
f 1121/3/1 1037/3/1 1036/3/1
f 1121/4/1 1036/4/1 1120/4/1
f 1122/4/1 1038/4/1 1037/4/1
f 1122/3/1 1037/3/1 1121/3/1
f 1123/3/1 1041/3/1 1040/3/1
f 1123/4/1 1038/4/1 1122/4/1
f 1123/3/1 1040/3/1 1039/3/1
f 1123/3/1 1039/3/1 1038/3/1
f 1124/2/1 1043/2/1 1042/2/1
f 1124/3/1 1041/3/1 1123/3/1
f 1124/2/1 1042/2/1 1041/2/1
f 1125/4/1 1044/4/1 1043/4/1
f 1125/2/1 1043/2/1 1124/2/1
f 1126/2/1 1045/2/1 1044/2/1
f 1126/4/1 1044/4/1 1125/4/1
f 1127/6/1 1046/6/1 1045/6/1
f 1127/2/1 1045/2/1 1126/2/1
f 1128/5/1 1047/5/1 1046/5/1
f 1128/6/1 1046/6/1 1127/6/1
f 1129/6/1 1048/6/1 1047/6/1
f 1129/5/1 1047/5/1 1128/5/1
f 1130/7/1 1049/7/1 1048/7/1
f 1130/6/1 1048/6/1 1129/6/1
f 1131/6/1 1050/6/1 1049/6/1
f 1131/7/1 1049/7/1 1130/7/1
f 1132/6/1 1050/6/1 1131/6/1
f 1133/3/2 1134/3/2 1217/3/2
f 1134/5/2 1135/5/2 1218/5/2
f 1217/3/2 1134/3/2 1218/3/2
f 1135/3/2 1136/3/2 1219/3/2
f 1218/5/2 1135/5/2 1219/5/2
f 1219/3/2 1136/3/2 1220/3/2
f 1136/5/2 1137/5/2 1221/5/2
f 1220/3/2 1136/3/2 1221/3/2
f 1137/4/2 1138/4/2 1222/4/2
f 1221/5/2 1137/5/2 1222/5/2
f 1138/3/2 1139/3/2 1223/3/2
f 1222/4/2 1138/4/2 1223/4/2
f 1139/4/2 1140/4/2 1224/4/2
f 1223/3/2 1139/3/2 1224/3/2
f 1140/3/2 1141/3/2 1225/3/2
f 1224/4/2 1140/4/2 1225/4/2
f 1141/4/2 1142/4/2 1226/4/2
f 1225/3/2 1141/3/2 1226/3/2
f 1226/4/2 1142/4/2 1227/4/2
f 1142/6/2 1143/6/2 1228/6/2
f 1227/4/2 1142/4/2 1228/4/2
f 1143/4/2 1144/4/2 1229/4/2
f 1228/6/2 1143/6/2 1229/6/2
f 1144/5/2 1145/5/2 1230/5/2
f 1229/4/2 1144/4/2 1230/4/2
f 1145/4/2 1146/4/2 1231/4/2
f 1230/5/2 1145/5/2 1231/5/2
f 1146/6/2 1147/6/2 1232/6/2
f 1231/4/2 1146/4/2 1232/4/2
f 1147/4/2 1148/4/2 1233/4/2
f 1232/6/2 1147/6/2 1233/6/2
f 1148/6/2 1149/6/2 1234/6/2
f 1233/4/2 1148/4/2 1234/4/2
f 1149/4/2 1150/4/2 1235/4/2
f 1234/6/2 1149/6/2 1235/6/2
f 1150/6/2 1151/6/2 1236/6/2
f 1235/4/2 1150/4/2 1236/4/2
f 1151/5/2 1152/5/2 1237/5/2
f 1236/6/2 1151/6/2 1237/6/2
f 1152/6/2 1153/6/2 1238/6/2
f 1237/5/2 1152/5/2 1238/5/2
f 1238/6/2 1153/6/2 1239/6/2
f 1239/6/2 1153/6/2 1240/6/2
f 1153/4/2 1154/4/2 1241/4/2
f 1240/6/2 1153/6/2 1241/6/2
f 1154/5/2 1155/5/2 1242/5/2
f 1241/4/2 1154/4/2 1242/4/2
f 1155/4/2 1156/4/2 1243/4/2
f 1242/5/2 1155/5/2 1243/5/2
f 1156/6/2 1157/6/2 1244/6/2
f 1243/4/2 1156/4/2 1244/4/2
f 1157/3/2 1158/3/2 1245/3/2
f 1244/6/2 1157/6/2 1245/6/2
f 1245/3/2 1158/3/2 1246/3/2
f 1246/3/2 1158/3/2 1247/3/2
f 1247/3/2 1158/3/2 1248/3/2
f 1248/3/2 1158/3/2 1249/3/2
f 1158/2/2 1159/2/2 1250/2/2
f 1249/3/2 1158/3/2 1250/3/2
f 1159/1/2 1160/1/2 1251/1/2
f 1250/2/2 1159/2/2 1251/2/2
f 1251/1/2 1160/1/2 1252/1/2
f 1160/2/2 1161/2/2 1253/2/2
f 1252/1/2 1160/1/2 1253/1/2
f 1161/5/2 1162/5/2 1254/5/2
f 1253/2/2 1161/2/2 1254/2/2
f 1254/5/2 1162/5/2 1255/5/2
f 1255/5/2 1162/5/2 1256/5/2
f 1162/6/2 1163/6/2 1257/6/2
f 1256/5/2 1162/5/2 1257/5/2
f 1163/4/2 1164/4/2 1258/4/2
f 1257/6/2 1163/6/2 1258/6/2
f 1164/6/2 1165/6/2 1259/6/2
f 1258/4/2 1164/4/2 1259/4/2
f 1165/5/2 1166/5/2 1260/5/2
f 1259/6/2 1165/6/2 1260/6/2
f 1166/6/2 1167/6/2 1261/6/2
f 1260/5/2 1166/5/2 1261/5/2
f 1167/2/2 1168/2/2 1262/2/2
f 1261/6/2 1167/6/2 1262/6/2
f 1262/2/2 1168/2/2 1263/2/2
f 1168/4/2 1169/4/2 1264/4/2
f 1263/2/2 1168/2/2 1264/2/2
f 1169/2/2 1170/2/2 1265/2/2
f 1264/4/2 1169/4/2 1265/4/2
f 1170/3/2 1171/3/2 1266/3/2
f 1265/2/2 1170/2/2 1266/2/2
f 1171/4/2 1172/4/2 1267/4/2
f 1266/3/2 1171/3/2 1267/3/2
f 1172/3/2 1173/3/2 1268/3/2
f 1267/4/2 1172/4/2 1268/4/2
f 1173/4/2 1174/4/2 1269/4/2
f 1268/3/2 1173/3/2 1269/3/2
f 1174/3/2 1175/3/2 1270/3/2
f 1269/4/2 1174/4/2 1270/4/2
f 1175/2/2 1176/2/2 1271/2/2
f 1270/3/2 1175/3/2 1271/3/2
f 1176/3/2 1177/3/2 1272/3/2
f 1271/2/2 1176/2/2 1272/2/2
f 1177/5/2 1178/5/2 1273/5/2
f 1272/3/2 1177/3/2 1273/3/2
f 1273/5/2 1178/5/2 1274/5/2
f 1178/4/2 1179/4/2 1275/4/2
f 1274/5/2 1178/5/2 1275/5/2
f 1275/4/2 1179/4/2 1276/4/2
f 1276/4/2 1179/4/2 1277/4/2
f 1277/4/2 1179/4/2 1278/4/2
f 1179/5/2 1180/5/2 1279/5/2
f 1278/4/2 1179/4/2 1279/4/2
f 1180/4/2 1181/4/2 1280/4/2
f 1279/5/2 1180/5/2 1280/5/2
f 1181/3/2 1182/3/2 1281/3/2
f 1280/4/2 1181/4/2 1281/4/2
f 1182/5/2 1183/5/2 1282/5/2
f 1281/3/2 1182/3/2 1282/3/2
f 1183/7/2 1184/7/2 1283/7/2
f 1282/5/2 1183/5/2 1283/5/2
f 1184/6/2 1185/6/2 1284/6/2
f 1283/7/2 1184/7/2 1284/7/2
f 1284/6/2 1185/6/2 1285/6/2
f 1285/6/2 1185/6/2 1286/6/2
f 1185/5/2 1186/5/2 1287/5/2
f 1286/6/2 1185/6/2 1287/6/2
f 1186/4/2 1187/4/2 1288/4/2
f 1287/5/2 1186/5/2 1288/5/2
f 1187/6/2 1188/6/2 1289/6/2
f 1288/4/2 1187/4/2 1289/4/2
f 1289/6/2 1188/6/2 1290/6/2
f 1188/5/2 1189/5/2 1291/5/2
f 1290/6/2 1188/6/2 1291/6/2
f 1189/4/2 1190/4/2 1292/4/2
f 1291/5/2 1189/5/2 1292/5/2
f 1292/4/2 1190/4/2 1293/4/2
f 1190/5/2 1191/5/2 1294/5/2
f 1293/4/2 1190/4/2 1294/4/2
f 1191/4/2 1192/4/2 1295/4/2
f 1294/5/2 1191/5/2 1295/5/2
f 1192/6/2 1193/6/2 1296/6/2
f 1295/4/2 1192/4/2 1296/4/2
f 1193/5/2 1194/5/2 1297/5/2
f 1296/6/2 1193/6/2 1297/6/2
f 1297/5/2 1194/5/2 1298/5/2
f 1194/6/2 1195/6/2 1299/6/2
f 1298/5/2 1194/5/2 1299/5/2
f 1195/7/2 1196/7/2 1300/7/2
f 1299/6/2 1195/6/2 1300/6/2
f 1196/6/2 1197/6/2 1301/6/2
f 1300/7/2 1196/7/2 1301/7/2
f 1301/6/2 1197/6/2 1302/6/2
f 1197/5/2 1198/5/2 1303/5/2
f 1302/6/2 1197/6/2 1303/6/2
f 1198/6/2 1199/6/2 1304/6/2
f 1303/5/2 1198/5/2 1304/5/2
f 1199/7/2 1200/7/2 1305/7/2
f 1304/6/2 1199/6/2 1305/6/2
f 1200/6/2 1201/6/2 1306/6/2
f 1305/7/2 1200/7/2 1306/7/2
f 1201/5/2 1202/5/2 1307/5/2
f 1306/6/2 1201/6/2 1307/6/2
f 1202/6/2 1203/6/2 1308/6/2
f 1307/5/2 1202/5/2 1308/5/2
f 1203/4/2 1204/4/2 1309/4/2
f 1308/6/2 1203/6/2 1309/6/2
f 1309/4/2 1204/4/2 1310/4/2
f 1204/5/2 1205/5/2 1311/5/2
f 1310/4/2 1204/4/2 1311/4/2
f 1205/4/2 1206/4/2 1312/4/2
f 1311/5/2 1205/5/2 1312/5/2
f 1312/4/2 1206/4/2 1313/4/2
f 1206/5/2 1207/5/2 1314/5/2
f 1313/4/2 1206/4/2 1314/4/2
f 1207/3/2 1208/3/2 1315/3/2
f 1314/5/2 1207/5/2 1315/5/2
f 1208/5/2 1209/5/2 1316/5/2
f 1315/3/2 1208/3/2 1316/3/2
f 1316/5/2 1209/5/2 1317/5/2
f 1209/3/2 1210/3/2 1318/3/2
f 1317/5/2 1209/5/2 1318/5/2
f 1318/3/2 1210/3/2 1319/3/2
f 1210/5/2 1211/5/2 1320/5/2
f 1319/3/2 1210/3/2 1320/3/2
f 1211/4/2 1212/4/2 1321/4/2
f 1320/5/2 1211/5/2 1321/5/2
f 1321/4/2 1212/4/2 1322/4/2
f 1212/5/2 1213/5/2 1323/5/2
f 1322/4/2 1212/4/2 1323/4/2
f 1213/4/2 1214/4/2 1324/4/2
f 1323/5/2 1213/5/2 1324/5/2
f 1214/6/2 1215/6/2 1325/6/2
f 1324/4/2 1214/4/2 1325/4/2
f 1215/5/2 1216/5/2 1326/5/2
f 1325/6/2 1215/6/2 1326/6/2
f 1326/5/2 1216/5/2 1327/5/2
f 1328/4/2 1329/4/2 1442/4/2
f 1329/6/2 1330/6/2 1443/6/2
f 1442/4/2 1329/4/2 1443/4/2
f 1330/5/2 1331/5/2 1444/5/2
f 1443/6/2 1330/6/2 1444/6/2
f 1331/4/2 1332/4/2 1445/4/2
f 1444/5/2 1331/5/2 1445/5/2
f 1332/5/2 1333/5/2 1446/5/2
f 1445/4/2 1332/4/2 1446/4/2
f 1333/1/2 1334/1/2 1447/1/2
f 1446/5/2 1333/5/2 1447/5/2
f 1334/3/2 1335/3/2 1448/3/2
f 1447/1/2 1334/1/2 1448/1/2
f 1335/1/2 1336/1/2 1449/1/2
f 1448/3/2 1335/3/2 1449/3/2
f 1336/2/2 1337/2/2 1450/2/2
f 1449/1/2 1336/1/2 1450/1/2
f 1337/1/2 1338/1/2 1451/1/2
f 1450/2/2 1337/2/2 1451/2/2
f 1338/3/2 1339/3/2 1452/3/2
f 1451/1/2 1338/1/2 1452/1/2
f 1339/1/2 1340/1/2 1453/1/2
f 1452/3/2 1339/3/2 1453/3/2
f 1340/3/2 1341/3/2 1454/3/2
f 1453/1/2 1340/1/2 1454/1/2
f 1341/2/2 1342/2/2 1455/2/2
f 1454/3/2 1341/3/2 1455/3/2
f 1342/3/2 1343/3/2 1456/3/2
f 1455/2/2 1342/2/2 1456/2/2
f 1343/2/2 1344/2/2 1457/2/2
f 1456/3/2 1343/3/2 1457/3/2
f 1344/3/2 1345/3/2 1458/3/2
f 1457/2/2 1344/2/2 1458/2/2
f 1345/1/2 1346/1/2 1459/1/2
f 1458/3/2 1345/3/2 1459/3/2
f 1346/1/2 1347/1/2 1459/1/2
f 1347/2/2 1348/2/2 1460/2/2
f 1459/1/2 1347/1/2 1460/1/2
f 1348/1/2 1349/1/2 1461/1/2
f 1460/2/2 1348/2/2 1461/2/2
f 1349/3/2 1350/3/2 1462/3/2
f 1461/1/2 1349/1/2 1462/1/2
f 1350/2/2 1351/2/2 1463/2/2
f 1462/3/2 1350/3/2 1463/3/2
f 1351/2/2 1352/2/2 1463/2/2
f 1352/4/2 1353/4/2 1464/4/2
f 1463/2/2 1352/2/2 1464/2/2
f 1353/2/2 1354/2/2 1465/2/2
f 1464/4/2 1353/4/2 1465/4/2
f 1354/3/2 1355/3/2 1466/3/2
f 1465/2/2 1354/2/2 1466/2/2
f 1355/4/2 1356/4/2 1467/4/2
f 1466/3/2 1355/3/2 1467/3/2
f 1356/4/2 1357/4/2 1467/4/2
f 1357/2/2 1358/2/2 1468/2/2
f 1467/4/2 1357/4/2 1468/4/2
f 1358/2/2 1359/2/2 1468/2/2
f 1359/3/2 1360/3/2 1469/3/2
f 1468/2/2 1359/2/2 1469/2/2
f 1360/7/2 1361/7/2 1470/7/2
f 1469/3/2 1360/3/2 1470/3/2
f 1361/6/2 1362/6/2 1471/6/2
f 1470/7/2 1361/7/2 1471/7/2
f 1362/5/2 1363/5/2 1472/5/2
f 1471/6/2 1362/6/2 1472/6/2
f 1363/5/2 1364/5/2 1472/5/2
f 1364/6/2 1365/6/2 1473/6/2
f 1472/5/2 1364/5/2 1473/5/2
f 1365/6/2 1366/6/2 1473/6/2
f 1366/7/2 1367/7/2 1474/7/2
f 1473/6/2 1366/6/2 1474/6/2
f 1367/5/2 1368/5/2 1475/5/2
f 1474/7/2 1367/7/2 1475/7/2
f 1368/7/2 1369/7/2 1476/7/2
f 1475/5/2 1368/5/2 1476/5/2
f 1369/2/2 1370/2/2 1477/2/2
f 1476/7/2 1369/7/2 1477/7/2
f 1370/3/2 1371/3/2 1478/3/2
f 1477/2/2 1370/2/2 1478/2/2
f 1371/1/2 1372/1/2 1479/1/2
f 1478/3/2 1371/3/2 1479/3/2
f 1372/2/2 1373/2/2 1480/2/2
f 1479/1/2 1372/1/2 1480/1/2
f 1373/2/2 1374/2/2 1480/2/2
f 1374/4/2 1375/4/2 1481/4/2
f 1480/2/2 1374/2/2 1481/2/2
f 1375/4/2 1376/4/2 1481/4/2
f 1376/4/2 1377/4/2 1481/4/2
f 1377/3/2 1378/3/2 1482/3/2
f 1481/4/2 1377/4/2 1482/4/2
f 1378/2/2 1379/2/2 1483/2/2
f 1482/3/2 1378/3/2 1483/3/2
f 1379/3/2 1380/3/2 1484/3/2
f 1483/2/2 1379/2/2 1484/2/2
f 1380/4/2 1381/4/2 1485/4/2
f 1484/3/2 1380/3/2 1485/3/2
f 1381/4/2 1382/4/2 1485/4/2
f 1382/4/2 1383/4/2 1485/4/2
f 1383/5/2 1384/5/2 1486/5/2
f 1485/4/2 1383/4/2 1486/4/2
f 1384/5/2 1385/5/2 1486/5/2
f 1385/4/2 1386/4/2 1487/4/2
f 1486/5/2 1385/5/2 1487/5/2
f 1386/6/2 1387/6/2 1488/6/2
f 1487/4/2 1386/4/2 1488/4/2
f 1387/5/2 1388/5/2 1489/5/2
f 1488/6/2 1387/6/2 1489/6/2
f 1388/6/2 1389/6/2 1490/6/2
f 1489/5/2 1388/5/2 1490/5/2
f 1389/6/2 1390/6/2 1490/6/2
f 1390/5/2 1391/5/2 1491/5/2
f 1490/6/2 1390/6/2 1491/6/2
f 1391/4/2 1392/4/2 1492/4/2
f 1491/5/2 1391/5/2 1492/5/2
f 1392/4/2 1393/4/2 1492/4/2
f 1393/4/2 1394/4/2 1492/4/2
f 1394/5/2 1395/5/2 1493/5/2
f 1492/4/2 1394/4/2 1493/4/2
f 1395/4/2 1396/4/2 1494/4/2
f 1493/5/2 1395/5/2 1494/5/2
f 1396/5/2 1397/5/2 1495/5/2
f 1494/4/2 1396/4/2 1495/4/2
f 1397/3/2 1398/3/2 1496/3/2
f 1495/5/2 1397/5/2 1496/5/2
f 1398/4/2 1399/4/2 1497/4/2
f 1496/3/2 1398/3/2 1497/3/2
f 1399/5/2 1400/5/2 1498/5/2
f 1497/4/2 1399/4/2 1498/4/2
f 1400/5/2 1401/5/2 1498/5/2
f 1401/5/2 1402/5/2 1498/5/2
f 1402/5/2 1403/5/2 1498/5/2
f 1403/4/2 1404/4/2 1499/4/2
f 1498/5/2 1403/5/2 1499/5/2
f 1404/5/2 1405/5/2 1500/5/2
f 1499/4/2 1404/4/2 1500/4/2
f 1405/5/2 1406/5/2 1500/5/2
f 1406/4/2 1407/4/2 1501/4/2
f 1500/5/2 1406/5/2 1501/5/2
f 1407/4/2 1408/4/2 1501/4/2
f 1408/4/2 1409/4/2 1501/4/2
f 1409/4/2 1410/4/2 1501/4/2
f 1410/4/2 1411/4/2 1501/4/2
f 1411/4/2 1412/4/2 1501/4/2
f 1412/3/2 1413/3/2 1502/3/2
f 1501/4/2 1412/4/2 1502/4/2
f 1413/4/2 1414/4/2 1503/4/2
f 1502/3/2 1413/3/2 1503/3/2
f 1414/3/2 1415/3/2 1504/3/2
f 1503/4/2 1414/4/2 1504/4/2
f 1416/4/2 1417/4/2 1505/4/2
f 1504/3/2 1415/3/2 1505/3/2
f 1415/4/2 1416/4/2 1505/4/2
f 1417/3/2 1418/3/2 1506/3/2
f 1505/4/2 1417/4/2 1506/4/2
f 1418/4/2 1419/4/2 1507/4/2
f 1506/3/2 1418/3/2 1507/3/2
f 1421/3/2 1422/3/2 1508/3/2
f 1507/4/2 1419/4/2 1508/4/2
f 1420/3/2 1421/3/2 1508/3/2
f 1419/3/2 1420/3/2 1508/3/2
f 1422/5/2 1423/5/2 1509/5/2
f 1508/3/2 1422/3/2 1509/3/2
f 1424/7/2 1425/7/2 1510/7/2
f 1509/5/2 1423/5/2 1510/5/2
f 1423/7/2 1424/7/2 1510/7/2
f 1427/5/2 1428/5/2 1511/5/2
f 1510/7/2 1425/7/2 1511/7/2
f 1426/5/2 1427/5/2 1511/5/2
f 1425/5/2 1426/5/2 1511/5/2
f 1428/6/2 1429/6/2 1512/6/2
f 1511/5/2 1428/5/2 1512/5/2
f 1429/5/2 1430/5/2 1513/5/2
f 1512/6/2 1429/6/2 1513/6/2
f 1431/7/2 1432/7/2 1514/7/2
f 1513/5/2 1430/5/2 1514/5/2
f 1430/7/2 1431/7/2 1514/7/2
f 1432/4/2 1433/4/2 1515/4/2
f 1514/7/2 1432/7/2 1515/7/2
f 1433/3/2 1434/3/2 1516/3/2
f 1515/4/2 1433/4/2 1516/4/2
f 1434/4/2 1435/4/2 1517/4/2
f 1516/3/2 1434/3/2 1517/3/2
f 1435/2/2 1436/2/2 1518/2/2
f 1517/4/2 1435/4/2 1518/4/2
f 1438/3/2 1439/3/2 1519/3/2
f 1518/2/2 1436/2/2 1519/2/2
f 1437/3/2 1438/3/2 1519/3/2
f 1436/3/2 1437/3/2 1519/3/2
f 1440/1/2 1441/1/2 1520/1/2
f 1519/3/2 1439/3/2 1520/3/2
f 1439/1/2 1440/1/2 1520/1/2
f 1520/1/2 1441/1/2 1521/1/2
f 1522/3/2 1523/3/2 1605/3/2
f 1523/5/2 1524/5/2 1606/5/2
f 1605/3/2 1523/3/2 1606/3/2
f 1524/3/2 1525/3/2 1607/3/2
f 1606/5/2 1524/5/2 1607/5/2
f 1525/4/2 1526/4/2 1608/4/2
f 1607/3/2 1525/3/2 1608/3/2
f 1526/3/2 1527/3/2 1609/3/2
f 1608/4/2 1526/4/2 1609/4/2
f 1609/3/2 1527/3/2 1610/3/2
f 1527/4/2 1528/4/2 1611/4/2
f 1610/3/2 1527/3/2 1611/3/2
f 1528/3/2 1529/3/2 1612/3/2
f 1611/4/2 1528/4/2 1612/4/2
f 1529/5/2 1530/5/2 1613/5/2
f 1612/3/2 1529/3/2 1613/3/2
f 1530/4/2 1531/4/2 1614/4/2
f 1613/5/2 1530/5/2 1614/5/2
f 1531/3/2 1532/3/2 1615/3/2
f 1614/4/2 1531/4/2 1615/4/2
f 1532/4/2 1533/4/2 1616/4/2
f 1615/3/2 1532/3/2 1616/3/2
f 1616/4/2 1533/4/2 1617/4/2
f 1617/4/2 1533/4/2 1618/4/2
f 1533/5/2 1534/5/2 1619/5/2
f 1618/4/2 1533/4/2 1619/4/2
f 1619/5/2 1534/5/2 1620/5/2
f 1534/3/2 1535/3/2 1621/3/2
f 1620/5/2 1534/5/2 1621/5/2
f 1621/3/2 1535/3/2 1622/3/2
f 1622/3/2 1535/3/2 1623/3/2
f 1535/5/2 1536/5/2 1624/5/2
f 1623/3/2 1535/3/2 1624/3/2
f 1536/4/2 1537/4/2 1625/4/2
f 1624/5/2 1536/5/2 1625/5/2
f 1537/3/2 1538/3/2 1626/3/2
f 1625/4/2 1537/4/2 1626/4/2
f 1538/5/2 1539/5/2 1627/5/2
f 1626/3/2 1538/3/2 1627/3/2
f 1627/5/2 1539/5/2 1628/5/2
f 1539/3/2 1540/3/2 1629/3/2
f 1628/5/2 1539/5/2 1629/5/2
f 1540/5/2 1541/5/2 1630/5/2
f 1629/3/2 1540/3/2 1630/3/2
f 1541/4/2 1542/4/2 1631/4/2
f 1630/5/2 1541/5/2 1631/5/2
f 1542/5/2 1543/5/2 1632/5/2
f 1631/4/2 1542/4/2 1632/4/2
f 1543/3/2 1544/3/2 1633/3/2
f 1632/5/2 1543/5/2 1633/5/2
f 1544/5/2 1545/5/2 1634/5/2
f 1633/3/2 1544/3/2 1634/3/2
f 1545/3/2 1546/3/2 1635/3/2
f 1634/5/2 1545/5/2 1635/5/2
f 1546/4/2 1547/4/2 1636/4/2
f 1635/3/2 1546/3/2 1636/3/2
f 1547/3/2 1548/3/2 1637/3/2
f 1636/4/2 1547/4/2 1637/4/2
f 1637/3/2 1548/3/2 1638/3/2
f 1548/4/2 1549/4/2 1639/4/2
f 1638/3/2 1548/3/2 1639/3/2
f 1549/5/2 1550/5/2 1640/5/2
f 1639/4/2 1549/4/2 1640/4/2
f 1550/3/2 1551/3/2 1641/3/2
f 1640/5/2 1550/5/2 1641/5/2
f 1551/5/2 1552/5/2 1642/5/2
f 1641/3/2 1551/3/2 1642/3/2
f 1552/4/2 1553/4/2 1643/4/2
f 1642/5/2 1552/5/2 1643/5/2
f 1553/5/2 1554/5/2 1644/5/2
f 1643/4/2 1553/4/2 1644/4/2
f 1644/5/2 1554/5/2 1645/5/2
f 1645/5/2 1554/5/2 1646/5/2
f 1554/3/2 1555/3/2 1647/3/2
f 1646/5/2 1554/5/2 1647/5/2
f 1555/4/2 1556/4/2 1648/4/2
f 1647/3/2 1555/3/2 1648/3/2
f 1648/4/2 1556/4/2 1649/4/2
f 1649/4/2 1556/4/2 1650/4/2
f 1556/5/2 1557/5/2 1651/5/2
f 1650/4/2 1556/4/2 1651/4/2
f 1557/6/2 1558/6/2 1652/6/2
f 1651/5/2 1557/5/2 1652/5/2
f 1558/4/2 1559/4/2 1653/4/2
f 1652/6/2 1558/6/2 1653/6/2
f 1653/4/2 1559/4/2 1654/4/2
f 1654/4/2 1559/4/2 1655/4/2
f 1655/4/2 1559/4/2 1656/4/2
f 1559/6/2 1560/6/2 1657/6/2
f 1656/4/2 1559/4/2 1657/4/2
f 1560/5/2 1561/5/2 1658/5/2
f 1657/6/2 1560/6/2 1658/6/2
f 1658/5/2 1561/5/2 1659/5/2
f 1561/6/2 1562/6/2 1660/6/2
f 1659/5/2 1561/5/2 1660/5/2
f 1562/5/2 1563/5/2 1661/5/2
f 1660/6/2 1562/6/2 1661/6/2
f 1563/6/2 1564/6/2 1662/6/2
f 1661/5/2 1563/5/2 1662/5/2
f 1564/5/2 1565/5/2 1663/5/2
f 1662/6/2 1564/6/2 1663/6/2
f 1565/8/2 1566/8/2 1664/8/2
f 1663/5/2 1565/5/2 1664/5/2
f 1566/7/2 1567/7/2 1665/7/2
f 1664/8/2 1566/8/2 1665/8/2
f 1567/8/2 1568/8/2 1666/8/2
f 1665/7/2 1567/7/2 1666/7/2
f 1568/7/2 1569/7/2 1667/7/2
f 1666/8/2 1568/8/2 1667/8/2
f 1569/6/2 1570/6/2 1668/6/2
f 1570/7/2 1571/7/2 1668/7/2
f 1668/7/2 1571/7/2 1669/7/2
f 1572/7/2 1573/7/2 1670/7/2
f 1573/6/2 1574/6/2 1670/6/2
f 1574/7/2 1575/7/2 1671/7/2
f 1670/6/2 1574/6/2 1671/6/2
f 1671/7/2 1575/7/2 1672/7/2
f 1575/8/2 1576/8/2 1673/8/2
f 1672/7/2 1575/7/2 1673/7/2
f 1673/8/2 1576/8/2 1674/8/2
f 1674/8/2 1576/8/2 1675/8/2
f 1576/7/2 1577/7/2 1676/7/2
f 1675/8/2 1576/8/2 1676/8/2
f 1577/8/2 1578/8/2 1677/8/2
f 1676/7/2 1577/7/2 1677/7/2
f 1578/6/2 1579/6/2 1678/6/2
f 1677/8/2 1578/8/2 1678/8/2
f 1579/7/2 1580/7/2 1679/7/2
f 1678/6/2 1579/6/2 1679/6/2
f 1679/7/2 1580/7/2 1680/7/2
f 1580/8/2 1581/8/2 1681/8/2
f 1680/7/2 1580/7/2 1681/7/2
f 1581/6/2 1582/6/2 1682/6/2
f 1681/8/2 1581/8/2 1682/8/2
f 1682/6/2 1582/6/2 1683/6/2
f 1582/8/2 1583/8/2 1684/8/2
f 1683/6/2 1582/6/2 1684/6/2
f 1583/7/2 1584/7/2 1685/7/2
f 1684/8/2 1583/8/2 1685/8/2
f 1584/8/2 1585/8/2 1686/8/2
f 1685/7/2 1584/7/2 1686/7/2
f 1585/7/2 1586/7/2 1687/7/2
f 1686/8/2 1585/8/2 1687/8/2
f 1586/8/2 1587/8/2 1688/8/2
f 1687/7/2 1586/7/2 1688/7/2
f 1688/8/2 1587/8/2 1689/8/2
f 1587/7/2 1588/7/2 1690/7/2
f 1689/8/2 1587/8/2 1690/8/2
f 1690/7/2 1588/7/2 1691/7/2
f 1588/5/2 1589/5/2 1692/5/2
f 1691/7/2 1588/7/2 1692/7/2
f 1692/5/2 1589/5/2 1693/5/2
f 1589/4/2 1590/4/2 1694/4/2
f 1693/5/2 1589/5/2 1694/5/2
f 1590/5/2 1591/5/2 1695/5/2
f 1694/4/2 1590/4/2 1695/4/2
f 1591/3/2 1592/3/2 1696/3/2
f 1695/5/2 1591/5/2 1696/5/2
f 1592/5/2 1593/5/2 1697/5/2
f 1696/3/2 1592/3/2 1697/3/2
f 1593/3/2 1594/3/2 1698/3/2
f 1697/5/2 1593/5/2 1698/5/2
f 1698/3/2 1594/3/2 1699/3/2
f 1594/4/2 1595/4/2 1700/4/2
f 1699/3/2 1594/3/2 1700/3/2
f 1700/4/2 1595/4/2 1701/4/2
f 1701/4/2 1595/4/2 1702/4/2
f 1595/3/2 1596/3/2 1703/3/2
f 1702/4/2 1595/4/2 1703/4/2
f 1596/4/2 1597/4/2 1704/4/2
f 1703/3/2 1596/3/2 1704/3/2
f 1597/3/2 1598/3/2 1705/3/2
f 1704/4/2 1597/4/2 1705/4/2
f 1705/3/2 1598/3/2 1706/3/2
f 1598/4/2 1599/4/2 1707/4/2
f 1706/3/2 1598/3/2 1707/3/2
f 1599/5/2 1600/5/2 1708/5/2
f 1707/4/2 1599/4/2 1708/4/2
f 1600/6/2 1601/6/2 1709/6/2
f 1708/5/2 1600/5/2 1709/5/2
f 1709/6/2 1601/6/2 1710/6/2
f 1601/5/2 1602/5/2 1711/5/2
f 1710/6/2 1601/6/2 1711/6/2
f 1602/6/2 1603/6/2 1712/6/2
f 1711/5/2 1602/5/2 1712/5/2
f 1603/4/2 1604/4/2 1713/4/2
f 1712/6/2 1603/6/2 1713/6/2
f 1713/4/2 1604/4/2 1714/4/2
f 1714/4/2 1604/4/2 1715/4/2
f 1715/4/2 1604/4/2 1716/4/2
f 1605/6/2 1606/6/2 1717/6/2
f 1606/6/2 1607/6/2 1717/6/2
f 1607/6/2 1608/6/2 1717/6/2
f 1609/6/2 1610/6/2 1717/6/2
f 1608/6/2 1609/6/2 1717/6/2
f 1717/6/2 1610/6/2 1718/6/2
f 1718/6/2 1610/6/2 1719/6/2
f 1610/3/2 1611/3/2 1720/3/2
f 1719/6/2 1610/6/2 1720/6/2
f 1611/3/2 1612/3/2 1720/3/2
f 1612/3/2 1613/3/2 1720/3/2
f 1720/3/2 1613/3/2 1721/3/2
f 1721/3/2 1613/3/2 1722/3/2
f 1613/4/2 1614/4/2 1723/4/2
f 1614/4/2 1615/4/2 1723/4/2
f 1615/2/2 1616/2/2 1723/2/2
f 1616/4/2 1617/4/2 1724/4/2
f 1723/2/2 1616/2/2 1724/2/2
f 1617/3/2 1618/3/2 1725/3/2
f 1618/2/2 1619/2/2 1725/2/2
f 1619/6/2 1620/6/2 1726/6/2
f 1725/2/2 1619/2/2 1726/2/2
f 1620/8/2 1621/8/2 1727/8/2
f 1726/6/2 1620/6/2 1727/6/2
f 1621/6/2 1622/6/2 1728/6/2
f 1727/8/2 1621/8/2 1728/8/2
f 1622/7/2 1623/7/2 1729/7/2
f 1728/6/2 1622/6/2 1729/6/2
f 1729/7/2 1623/7/2 1730/7/2
f 1623/8/2 1624/8/2 1731/8/2
f 1730/7/2 1623/7/2 1731/7/2
f 1624/8/2 1625/8/2 1731/8/2
f 1625/7/2 1626/7/2 1732/7/2
f 1731/8/2 1625/8/2 1732/8/2
f 1626/6/2 1627/6/2 1733/6/2
f 1732/7/2 1626/7/2 1733/7/2
f 1627/7/2 1628/7/2 1734/7/2
f 1733/6/2 1627/6/2 1734/6/2
f 1628/4/2 1629/4/2 1735/4/2
f 1734/7/2 1628/7/2 1735/7/2
f 1629/4/2 1630/4/2 1735/4/2
f 1630/3/2 1631/3/2 1736/3/2
f 1735/4/2 1630/4/2 1736/4/2
f 1736/3/2 1631/3/2 1737/3/2
f 1631/4/2 1632/4/2 1738/4/2
f 1737/3/2 1631/3/2 1738/3/2
f 1632/4/2 1633/4/2 1738/4/2
f 1633/4/2 1634/4/2 1738/4/2
f 1634/4/2 1635/4/2 1738/4/2
f 1635/4/2 1636/4/2 1738/4/2
f 1738/4/2 1636/4/2 1739/4/2
f 1739/4/2 1636/4/2 1740/4/2
f 1740/4/2 1636/4/2 1741/4/2
f 1636/7/2 1637/7/2 1742/7/2
f 1741/4/2 1636/4/2 1742/4/2
f 1637/8/2 1638/8/2 1743/8/2
f 1742/7/2 1637/7/2 1743/7/2
f 1638/6/2 1639/6/2 1744/6/2
f 1743/8/2 1638/8/2 1744/8/2
f 1639/6/2 1640/6/2 1744/6/2
f 1640/6/2 1641/6/2 1744/6/2
f 1744/6/2 1641/6/2 1745/6/2
f 1745/6/2 1641/6/2 1746/6/2
f 1746/6/2 1641/6/2 1747/6/2
f 1641/8/2 1642/8/2 1748/8/2
f 1747/6/2 1641/6/2 1748/6/2
f 1642/6/2 1643/6/2 1749/6/2
f 1748/8/2 1642/8/2 1749/8/2
f 1643/7/2 1644/7/2 1750/7/2
f 1749/6/2 1643/6/2 1750/6/2
f 1644/6/2 1645/6/2 1751/6/2
f 1750/7/2 1644/7/2 1751/7/2
f 1645/2/2 1646/2/2 1752/2/2
f 1751/6/2 1645/6/2 1752/6/2
f 1646/1/2 1647/1/2 1753/1/2
f 1752/2/2 1646/2/2 1753/2/2
f 1647/2/2 1648/2/2 1754/2/2
f 1753/1/2 1647/1/2 1754/1/2
f 1648/1/2 1649/1/2 1755/1/2
f 1754/2/2 1648/2/2 1755/2/2
f 1649/3/2 1650/3/2 1756/3/2
f 1755/1/2 1649/1/2 1756/1/2
f 1650/2/2 1651/2/2 1757/2/2
f 1756/3/2 1650/3/2 1757/3/2
f 1651/1/2 1652/1/2 1758/1/2
f 1757/2/2 1651/2/2 1758/2/2
f 1652/2/2 1653/2/2 1759/2/2
f 1758/1/2 1652/1/2 1759/1/2
f 1653/2/2 1654/2/2 1759/2/2
f 1759/2/2 1654/2/2 1760/2/2
f 1760/2/2 1654/2/2 1761/2/2
f 1654/3/2 1655/3/2 1762/3/2
f 1761/2/2 1654/2/2 1762/2/2
f 1655/2/2 1656/2/2 1763/2/2
f 1656/3/2 1657/3/2 1763/3/2
f 1657/2/2 1658/2/2 1764/2/2
f 1763/3/2 1657/3/2 1764/3/2
f 1658/3/2 1659/3/2 1765/3/2
f 1764/2/2 1658/2/2 1765/2/2
f 1659/4/2 1660/4/2 1766/4/2
f 1765/3/2 1659/3/2 1766/3/2
f 1660/4/2 1661/4/2 1766/4/2
f 1661/4/2 1662/4/2 1766/4/2
f 1766/4/2 1662/4/2 1767/4/2
f 1767/4/2 1662/4/2 1768/4/2
f 1662/3/2 1663/3/2 1769/3/2
f 1663/2/2 1664/2/2 1769/2/2
f 1664/6/2 1665/6/2 1770/6/2
f 1769/2/2 1664/2/2 1770/2/2
f 1665/6/2 1666/6/2 1770/6/2
f 1770/6/2 1666/6/2 1771/6/2
f 1666/7/2 1667/7/2 1772/7/2
f 1771/6/2 1666/6/2 1772/6/2
f 1667/7/2 1569/7/2 1773/7/2
f 1772/7/2 1667/7/2 1773/7/2
f 1668/6/2 1669/6/2 1773/6/2
f 1569/6/2 1668/6/2 1773/6/2
f 1773/6/2 1669/6/2 1774/6/2
f 1669/7/2 1571/7/2 1775/7/2
f 1774/6/2 1669/6/2 1775/6/2
f 1571/8/2 1572/8/2 1776/8/2
f 1775/7/2 1571/7/2 1776/7/2
f 1572/7/2 1670/7/2 1777/7/2
f 1776/8/2 1572/8/2 1777/8/2
f 1777/7/2 1670/7/2 1778/7/2
f 1671/1/2 1672/1/2 1779/1/2
f 1778/7/2 1670/7/2 1779/7/2
f 1670/1/2 1671/1/2 1779/1/2
f 1779/1/2 1672/1/2 1780/1/2
f 1672/2/2 1673/2/2 1781/2/2
f 1780/1/2 1672/1/2 1781/1/2
f 1673/2/2 1674/2/2 1781/2/2
f 1781/2/2 1674/2/2 1782/2/2
f 1674/1/2 1675/1/2 1783/1/2
f 1782/2/2 1674/2/2 1783/2/2
f 1675/3/2 1676/3/2 1784/3/2
f 1783/1/2 1675/1/2 1784/1/2
f 1676/1/2 1677/1/2 1785/1/2
f 1784/3/2 1676/3/2 1785/3/2
f 1677/1/2 1678/1/2 1785/1/2
f 1785/1/2 1678/1/2 1786/1/2
f 1678/2/2 1679/2/2 1787/2/2
f 1786/1/2 1678/1/2 1787/1/2
f 1679/4/2 1680/4/2 1788/4/2
f 1787/2/2 1679/2/2 1788/2/2
f 1680/5/2 1681/5/2 1789/5/2
f 1788/4/2 1680/4/2 1789/4/2
f 1681/4/2 1682/4/2 1790/4/2
f 1789/5/2 1681/5/2 1790/5/2
f 1682/5/2 1683/5/2 1791/5/2
f 1790/4/2 1682/4/2 1791/4/2
f 1683/4/2 1684/4/2 1792/4/2
f 1791/5/2 1683/5/2 1792/5/2
f 1684/5/2 1685/5/2 1793/5/2
f 1792/4/2 1684/4/2 1793/4/2
f 1685/4/2 1686/4/2 1794/4/2
f 1793/5/2 1685/5/2 1794/5/2
f 1686/6/2 1687/6/2 1795/6/2
f 1794/4/2 1686/4/2 1795/4/2
f 1687/5/2 1688/5/2 1796/5/2
f 1795/6/2 1687/6/2 1796/6/2
f 1688/6/2 1689/6/2 1797/6/2
f 1796/5/2 1688/5/2 1797/5/2
f 1797/6/2 1689/6/2 1798/6/2
f 1690/6/2 1691/6/2 1799/6/2
f 1691/7/2 1692/7/2 1799/7/2
f 1692/6/2 1693/6/2 1800/6/2
f 1799/7/2 1692/7/2 1800/7/2
f 1693/5/2 1694/5/2 1801/5/2
f 1800/6/2 1693/6/2 1801/6/2
f 1694/6/2 1695/6/2 1802/6/2
f 1695/7/2 1696/7/2 1802/7/2
f 1696/5/2 1697/5/2 1803/5/2
f 1802/7/2 1696/7/2 1803/7/2
f 1697/5/2 1698/5/2 1803/5/2
f 1698/4/2 1699/4/2 1804/4/2
f 1803/5/2 1698/5/2 1804/5/2
f 1699/6/2 1700/6/2 1805/6/2
f 1804/4/2 1699/4/2 1805/4/2
f 1700/5/2 1701/5/2 1806/5/2
f 1805/6/2 1700/6/2 1806/6/2
f 1701/6/2 1702/6/2 1807/6/2
f 1806/5/2 1701/5/2 1807/5/2
f 1702/4/2 1703/4/2 1808/4/2
f 1807/6/2 1702/6/2 1808/6/2
f 1703/6/2 1704/6/2 1809/6/2
f 1808/4/2 1703/4/2 1809/4/2
f 1704/5/2 1705/5/2 1810/5/2
f 1809/6/2 1704/6/2 1810/6/2
f 1705/5/2 1706/5/2 1810/5/2
f 1810/5/2 1706/5/2 1811/5/2
f 1706/4/2 1707/4/2 1812/4/2
f 1811/5/2 1706/5/2 1812/5/2
f 1707/3/2 1708/3/2 1813/3/2
f 1812/4/2 1707/4/2 1813/4/2
f 1708/2/2 1709/2/2 1814/2/2
f 1813/3/2 1708/3/2 1814/3/2
f 1709/4/2 1710/4/2 1815/4/2
f 1814/2/2 1709/2/2 1815/2/2
f 1710/2/2 1711/2/2 1816/2/2
f 1815/4/2 1710/4/2 1816/4/2
f 1816/2/2 1711/2/2 1817/2/2
f 1711/4/2 1712/4/2 1818/4/2
f 1817/2/2 1711/2/2 1818/2/2
f 1713/3/2 1714/3/2 1819/3/2
f 1818/4/2 1712/4/2 1819/4/2
f 1712/3/2 1713/3/2 1819/3/2
f 1714/2/2 1715/2/2 1820/2/2
f 1819/3/2 1714/3/2 1820/3/2
f 1715/3/2 1716/3/2 1821/3/2
f 1820/2/2 1715/2/2 1821/2/2
f 1716/4/2 1604/4/2 1822/4/2
f 1821/3/2 1716/3/2 1822/3/2
f 1822/4/2 1604/4/2 1823/4/2
f 1717/3/2 1718/3/2 1824/3/2
f 1824/3/2 1718/3/2 1825/3/2
f 1718/4/2 1719/4/2 1826/4/2
f 1825/3/2 1718/3/2 1826/3/2
f 1719/5/2 1720/5/2 1827/5/2
f 1826/4/2 1719/4/2 1827/4/2
f 1720/5/2 1721/5/2 1827/5/2
f 1827/5/2 1721/5/2 1828/5/2
f 1721/4/2 1722/4/2 1829/4/2
f 1828/5/2 1721/5/2 1829/5/2
f 1722/3/2 1613/3/2 1830/3/2
f 1829/4/2 1722/4/2 1830/4/2
f 1613/4/2 1723/4/2 1831/4/2
f 1830/3/2 1613/3/2 1831/3/2
f 1723/4/2 1724/4/2 1831/4/2
f 1831/4/2 1724/4/2 1832/4/2
f 1832/4/2 1724/4/2 1833/4/2
f 1724/4/2 1617/4/2 1834/4/2
f 1833/4/2 1724/4/2 1834/4/2
f 1617/3/2 1725/3/2 1835/3/2
f 1834/4/2 1617/4/2 1835/4/2
f 1725/3/2 1726/3/2 1835/3/2
f 1835/3/2 1726/3/2 1836/3/2
f 1726/5/2 1727/5/2 1837/5/2
f 1836/3/2 1726/3/2 1837/3/2
f 1727/3/2 1728/3/2 1838/3/2
f 1837/5/2 1727/5/2 1838/5/2
f 1728/4/2 1729/4/2 1839/4/2
f 1838/3/2 1728/3/2 1839/3/2
f 1729/3/2 1730/3/2 1840/3/2
f 1839/4/2 1729/4/2 1840/4/2
f 1730/4/2 1731/4/2 1841/4/2
f 1840/3/2 1730/3/2 1841/3/2
f 1731/3/2 1732/3/2 1842/3/2
f 1841/4/2 1731/4/2 1842/4/2
f 1732/4/2 1733/4/2 1843/4/2
f 1842/3/2 1732/3/2 1843/3/2
f 1733/3/2 1734/3/2 1844/3/2
f 1843/4/2 1733/4/2 1844/4/2
f 1734/5/2 1735/5/2 1845/5/2
f 1844/3/2 1734/3/2 1845/3/2
f 1735/3/2 1736/3/2 1846/3/2
f 1845/5/2 1735/5/2 1846/5/2
f 1736/2/2 1737/2/2 1847/2/2
f 1846/3/2 1736/3/2 1847/3/2
f 1847/2/2 1737/2/2 1848/2/2
f 1737/5/2 1738/5/2 1849/5/2
f 1848/2/2 1737/2/2 1849/2/2
f 1738/3/2 1739/3/2 1850/3/2
f 1849/5/2 1738/5/2 1850/5/2
f 1850/3/2 1739/3/2 1851/3/2
f 1739/4/2 1740/4/2 1852/4/2
f 1851/3/2 1739/3/2 1852/3/2
f 1740/3/2 1741/3/2 1853/3/2
f 1852/4/2 1740/4/2 1853/4/2
f 1741/5/2 1742/5/2 1854/5/2
f 1853/3/2 1741/3/2 1854/3/2
f 1742/4/2 1743/4/2 1855/4/2
f 1854/5/2 1742/5/2 1855/5/2
f 1743/4/2 1744/4/2 1855/4/2
f 1855/4/2 1744/4/2 1856/4/2
f 1744/3/2 1745/3/2 1857/3/2
f 1856/4/2 1744/4/2 1857/4/2
f 1745/4/2 1746/4/2 1858/4/2
f 1857/3/2 1745/3/2 1858/3/2
f 1746/5/2 1747/5/2 1859/5/2
f 1858/4/2 1746/4/2 1859/4/2
f 1747/4/2 1748/4/2 1860/4/2
f 1748/3/2 1749/3/2 1860/3/2
f 1750/5/2 1751/5/2 1861/5/2
f 1860/3/2 1749/3/2 1861/3/2
f 1749/5/2 1750/5/2 1861/5/2
f 1861/5/2 1751/5/2 1862/5/2
f 1751/4/2 1752/4/2 1863/4/2
f 1862/5/2 1751/5/2 1863/5/2
f 1752/4/2 1753/4/2 1863/4/2
f 1863/4/2 1753/4/2 1864/4/2
f 1753/2/2 1754/2/2 1865/2/2
f 1864/4/2 1753/4/2 1865/4/2
f 1754/4/2 1755/4/2 1866/4/2
f 1865/2/2 1754/2/2 1866/2/2
f 1755/3/2 1756/3/2 1867/3/2
f 1866/4/2 1755/4/2 1867/4/2
f 1756/3/2 1757/3/2 1867/3/2
f 1757/3/2 1758/3/2 1867/3/2
f 1867/3/2 1758/3/2 1868/3/2
f 1759/2/2 1760/2/2 1869/2/2
f 1868/3/2 1758/3/2 1869/3/2
f 1758/2/2 1759/2/2 1869/2/2
f 1760/3/2 1761/3/2 1870/3/2
f 1869/2/2 1760/2/2 1870/2/2
f 1761/4/2 1762/4/2 1871/4/2
f 1870/3/2 1761/3/2 1871/3/2
f 1762/3/2 1655/3/2 1872/3/2
f 1871/4/2 1762/4/2 1872/4/2
f 1763/2/2 1764/2/2 1873/2/2
f 1872/3/2 1655/3/2 1873/3/2
f 1655/2/2 1763/2/2 1873/2/2
f 1764/4/2 1765/4/2 1874/4/2
f 1873/2/2 1764/2/2 1874/2/2
f 1765/3/2 1766/3/2 1875/3/2
f 1874/4/2 1765/4/2 1875/4/2
f 1766/2/2 1767/2/2 1876/2/2
f 1875/3/2 1766/3/2 1876/3/2
f 1767/3/2 1768/3/2 1877/3/2
f 1876/2/2 1767/2/2 1877/2/2
f 1768/4/2 1662/4/2 1878/4/2
f 1877/3/2 1768/3/2 1878/3/2
f 1662/3/2 1769/3/2 1879/3/2
f 1878/4/2 1662/4/2 1879/4/2
f 1769/3/2 1770/3/2 1879/3/2
f 1879/3/2 1770/3/2 1880/3/2
f 1770/2/2 1771/2/2 1881/2/2
f 1880/3/2 1770/3/2 1881/3/2
f 1771/4/2 1772/4/2 1882/4/2
f 1881/2/2 1771/2/2 1882/2/2
f 1772/2/2 1773/2/2 1883/2/2
f 1882/4/2 1772/4/2 1883/4/2
f 1883/2/2 1773/2/2 1884/2/2
f 1773/3/2 1774/3/2 1885/3/2
f 1884/2/2 1773/2/2 1885/2/2
f 1774/4/2 1775/4/2 1886/4/2
f 1885/3/2 1774/3/2 1886/3/2
f 1775/3/2 1776/3/2 1887/3/2
f 1886/4/2 1775/4/2 1887/4/2
f 1777/2/2 1778/2/2 1888/2/2
f 1887/3/2 1776/3/2 1888/3/2
f 1776/2/2 1777/2/2 1888/2/2
f 1888/2/2 1778/2/2 1889/2/2
f 1779/7/2 1780/7/2 1890/7/2
f 1889/2/2 1778/2/2 1890/2/2
f 1778/7/2 1779/7/2 1890/7/2
f 1780/6/2 1781/6/2 1891/6/2
f 1890/7/2 1780/7/2 1891/7/2
f 1781/5/2 1782/5/2 1892/5/2
f 1891/6/2 1781/6/2 1892/6/2
f 1782/7/2 1783/7/2 1893/7/2
f 1892/5/2 1782/5/2 1893/5/2
f 1783/6/2 1784/6/2 1894/6/2
f 1893/7/2 1783/7/2 1894/7/2
f 1784/6/2 1785/6/2 1894/6/2
f 1894/6/2 1785/6/2 1895/6/2
f 1785/7/2 1786/7/2 1896/7/2
f 1895/6/2 1785/6/2 1896/6/2
f 1786/5/2 1787/5/2 1897/5/2
f 1896/7/2 1786/7/2 1897/7/2
f 1787/6/2 1788/6/2 1898/6/2
f 1897/5/2 1787/5/2 1898/5/2
f 1788/7/2 1789/7/2 1899/7/2
f 1898/6/2 1788/6/2 1899/6/2
f 1789/5/2 1790/5/2 1900/5/2
f 1899/7/2 1789/7/2 1900/7/2
f 1790/6/2 1791/6/2 1901/6/2
f 1791/7/2 1792/7/2 1901/7/2
f 1792/6/2 1793/6/2 1902/6/2
f 1901/7/2 1792/7/2 1902/7/2
f 1793/6/2 1794/6/2 1902/6/2
f 1794/6/2 1795/6/2 1902/6/2
f 1902/6/2 1795/6/2 1903/6/2
f 1795/4/2 1796/4/2 1904/4/2
f 1903/6/2 1795/6/2 1904/6/2
f 1796/5/2 1797/5/2 1905/5/2
f 1904/4/2 1796/4/2 1905/4/2
f 1797/4/2 1798/4/2 1906/4/2
f 1905/5/2 1797/5/2 1906/5/2
f 1798/6/2 1689/6/2 1907/6/2
f 1906/4/2 1798/4/2 1907/4/2
f 1689/5/2 1690/5/2 1908/5/2
f 1907/6/2 1689/6/2 1908/6/2
f 1690/6/2 1799/6/2 1909/6/2
f 1908/5/2 1690/5/2 1909/5/2
f 1799/5/2 1800/5/2 1910/5/2
f 1909/6/2 1799/6/2 1910/6/2
f 1800/4/2 1801/4/2 1911/4/2
f 1910/5/2 1800/5/2 1911/5/2
f 1804/6/2 1805/6/2 1912/6/2
f 1801/5/2 1694/5/2 1912/5/2
f 1694/6/2 1802/6/2 1912/6/2
f 1802/6/2 1803/6/2 1912/6/2
f 1803/6/2 1804/6/2 1912/6/2
f 1912/6/2 1805/6/2 1913/6/2
f 1913/6/2 1805/6/2 1914/6/2
f 1914/6/2 1805/6/2 1915/6/2
f 1915/6/2 1805/6/2 1916/6/2
f 1805/5/2 1806/5/2 1917/5/2
f 1916/6/2 1805/6/2 1917/6/2
f 1806/4/2 1807/4/2 1918/4/2
f 1917/5/2 1806/5/2 1918/5/2
f 1807/5/2 1808/5/2 1919/5/2
f 1918/4/2 1807/4/2 1919/4/2
f 1808/3/2 1809/3/2 1920/3/2
f 1919/5/2 1808/5/2 1920/5/2
f 1809/3/2 1810/3/2 1920/3/2
f 1920/3/2 1810/3/2 1921/3/2
f 1810/5/2 1811/5/2 1922/5/2
f 1921/3/2 1810/3/2 1922/3/2
f 1811/3/2 1812/3/2 1923/3/2
f 1922/5/2 1811/5/2 1923/5/2
f 1812/5/2 1813/5/2 1924/5/2
f 1923/3/2 1812/3/2 1924/3/2
f 1813/3/2 1814/3/2 1925/3/2
f 1924/5/2 1813/5/2 1925/5/2
f 1816/5/2 1817/5/2 1926/5/2
f 1814/4/2 1815/4/2 1926/4/2
f 1815/5/2 1816/5/2 1926/5/2
f 1926/5/2 1817/5/2 1927/5/2
f 1818/3/2 1819/3/2 1928/3/2
f 1817/4/2 1818/4/2 1928/4/2
f 1819/4/2 1820/4/2 1929/4/2
f 1928/3/2 1819/3/2 1929/3/2
f 1929/4/2 1820/4/2 1930/4/2
f 1820/5/2 1821/5/2 1931/5/2
f 1930/4/2 1820/4/2 1931/4/2
f 1821/5/2 1822/5/2 1931/5/2
f 1822/5/2 1823/5/2 1931/5/2
f 1931/5/2 1823/5/2 1932/5/2
f 1932/5/2 1823/5/2 1933/5/2
f 1933/5/2 1823/5/2 1934/5/2
f 1824/6/2 1825/6/2 1935/6/2
f 1825/7/2 1826/7/2 1936/7/2
f 1935/6/2 1825/6/2 1936/6/2
f 1826/5/2 1827/5/2 1937/5/2
f 1936/7/2 1826/7/2 1937/7/2
f 1827/6/2 1828/6/2 1938/6/2
f 1937/5/2 1827/5/2 1938/5/2
f 1828/5/2 1829/5/2 1939/5/2
f 1938/6/2 1828/6/2 1939/6/2
f 1939/5/2 1829/5/2 1940/5/2
f 1829/7/2 1830/7/2 1941/7/2
f 1940/5/2 1829/5/2 1941/5/2
f 1830/6/2 1831/6/2 1942/6/2
f 1941/7/2 1830/7/2 1942/7/2
f 1831/6/2 1832/6/2 1942/6/2
f 1942/6/2 1832/6/2 1943/6/2
f 1832/2/2 1833/2/2 1944/2/2
f 1943/6/2 1832/6/2 1944/6/2
f 1833/3/2 1834/3/2 1945/3/2
f 1944/2/2 1833/2/2 1945/2/2
f 1945/3/2 1834/3/2 1946/3/2
f 1834/2/2 1835/2/2 1947/2/2
f 1946/3/2 1834/3/2 1947/3/2
f 1835/1/2 1836/1/2 1948/1/2
f 1947/2/2 1835/2/2 1948/2/2
f 1836/2/2 1837/2/2 1949/2/2
f 1948/1/2 1836/1/2 1949/1/2
f 1838/3/2 1839/3/2 1950/3/2
f 1949/2/2 1837/2/2 1950/2/2
f 1837/3/2 1838/3/2 1950/3/2
f 1839/3/2 1840/3/2 1950/3/2
f 1950/3/2 1840/3/2 1951/3/2
f 1951/3/2 1840/3/2 1952/3/2
f 1840/1/2 1841/1/2 1953/1/2
f 1952/3/2 1840/3/2 1953/3/2
f 1841/3/2 1842/3/2 1954/3/2
f 1953/1/2 1841/1/2 1954/1/2
f 1842/3/2 1843/3/2 1954/3/2
f 1843/3/2 1844/3/2 1954/3/2
f 1845/3/2 1846/3/2 1954/3/2
f 1844/3/2 1845/3/2 1954/3/2
f 1954/3/2 1846/3/2 1955/3/2
f 1955/3/2 1846/3/2 1956/3/2
f 1956/3/2 1846/3/2 1957/3/2
f 1957/3/2 1846/3/2 1958/3/2
f 1846/4/2 1847/4/2 1959/4/2
f 1958/3/2 1846/3/2 1959/3/2
f 1847/4/2 1848/4/2 1959/4/2
f 1959/4/2 1848/4/2 1960/4/2
f 1960/4/2 1848/4/2 1961/4/2
f 1848/3/2 1849/3/2 1962/3/2
f 1961/4/2 1848/4/2 1962/4/2
f 1849/5/2 1850/5/2 1963/5/2
f 1962/3/2 1849/3/2 1963/3/2
f 1852/6/2 1853/6/2 1964/6/2
f 1851/5/2 1852/5/2 1964/5/2
f 1853/7/2 1854/7/2 1965/7/2
f 1964/6/2 1853/6/2 1965/6/2
f 1854/5/2 1855/5/2 1966/5/2
f 1965/7/2 1854/7/2 1966/7/2
f 1855/6/2 1856/6/2 1967/6/2
f 1966/5/2 1855/5/2 1967/5/2
f 1857/5/2 1858/5/2 1968/5/2
f 1967/6/2 1856/6/2 1968/6/2
f 1858/5/2 1859/5/2 1968/5/2
f 1856/5/2 1857/5/2 1968/5/2
f 1968/5/2 1859/5/2 1969/5/2
f 1859/5/2 1747/5/2 1970/5/2
f 1969/5/2 1859/5/2 1970/5/2
f 1747/4/2 1860/4/2 1971/4/2
f 1970/5/2 1747/5/2 1971/5/2
f 1860/5/2 1861/5/2 1972/5/2
f 1971/4/2 1860/4/2 1972/4/2
f 1861/4/2 1862/4/2 1973/4/2
f 1972/5/2 1861/5/2 1973/5/2
f 1862/3/2 1863/3/2 1974/3/2
f 1973/4/2 1862/4/2 1974/4/2
f 1863/3/2 1864/3/2 1974/3/2
f 1974/3/2 1864/3/2 1975/3/2
f 1864/5/2 1865/5/2 1976/5/2
f 1975/3/2 1864/3/2 1976/3/2
f 1865/5/2 1866/5/2 1976/5/2
f 1976/5/2 1866/5/2 1977/5/2
f 1867/4/2 1868/4/2 1978/4/2
f 1977/5/2 1866/5/2 1978/5/2
f 1866/4/2 1867/4/2 1978/4/2
f 1978/4/2 1868/4/2 1979/4/2
f 1868/7/2 1869/7/2 1980/7/2
f 1979/4/2 1868/4/2 1980/4/2
f 1980/7/2 1869/7/2 1981/7/2
f 1869/6/2 1870/6/2 1982/6/2
f 1981/7/2 1869/7/2 1982/7/2
f 1982/6/2 1870/6/2 1983/6/2
f 1870/5/2 1871/5/2 1984/5/2
f 1983/6/2 1870/6/2 1984/6/2
f 1871/5/2 1872/5/2 1984/5/2
f 1872/5/2 1873/5/2 1984/5/2
f 1984/5/2 1873/5/2 1985/5/2
f 1985/5/2 1873/5/2 1986/5/2
f 1873/6/2 1874/6/2 1987/6/2
f 1986/5/2 1873/5/2 1987/5/2
f 1987/6/2 1874/6/2 1988/6/2
f 1874/5/2 1875/5/2 1989/5/2
f 1988/6/2 1874/6/2 1989/6/2
f 1875/2/2 1876/2/2 1990/2/2
f 1989/5/2 1875/5/2 1990/5/2
f 1876/4/2 1877/4/2 1991/4/2
f 1990/2/2 1876/2/2 1991/2/2
f 1877/4/2 1878/4/2 1991/4/2
f 1878/2/2 1879/2/2 1992/2/2
f 1991/4/2 1878/4/2 1992/4/2
f 1879/3/2 1880/3/2 1993/3/2
f 1992/2/2 1879/2/2 1993/2/2
f 1880/4/2 1881/4/2 1994/4/2
f 1993/3/2 1880/3/2 1994/3/2
f 1882/3/2 1883/3/2 1995/3/2
f 1994/4/2 1881/4/2 1995/4/2
f 1881/3/2 1882/3/2 1995/3/2
f 1883/2/2 1884/2/2 1996/2/2
f 1995/3/2 1883/3/2 1996/3/2
f 1884/4/2 1885/4/2 1997/4/2
f 1996/2/2 1884/2/2 1997/2/2
f 1885/3/2 1886/3/2 1998/3/2
f 1997/4/2 1885/4/2 1998/4/2
f 1886/2/2 1887/2/2 1999/2/2
f 1998/3/2 1886/3/2 1999/3/2
f 1887/1/2 1888/1/2 2000/1/2
f 1999/2/2 1887/2/2 2000/2/2
f 1888/3/2 1889/3/2 2001/3/2
f 2000/1/2 1888/1/2 2001/1/2
f 1889/2/2 1890/2/2 2002/2/2
f 2001/3/2 1889/3/2 2002/3/2
f 1890/1/2 1891/1/2 2003/1/2
f 2002/2/2 1890/2/2 2003/2/2
f 1891/3/2 1892/3/2 2004/3/2
f 2003/1/2 1891/1/2 2004/1/2
f 1892/2/2 1893/2/2 2005/2/2
f 2004/3/2 1892/3/2 2005/3/2
f 1893/5/2 1894/5/2 2006/5/2
f 2005/2/2 1893/2/2 2006/2/2
f 1894/4/2 1895/4/2 2007/4/2
f 2006/5/2 1894/5/2 2007/5/2
f 1895/5/2 1896/5/2 2008/5/2
f 2007/4/2 1895/4/2 2008/4/2
f 1896/6/2 1897/6/2 2009/6/2
f 2008/5/2 1896/5/2 2009/5/2
f 1898/4/2 1899/4/2 2010/4/2
f 2009/6/2 1897/6/2 2010/6/2
f 1897/4/2 1898/4/2 2010/4/2
f 2010/4/2 1899/4/2 2011/4/2
f 1899/5/2 1900/5/2 2012/5/2
f 2011/4/2 1899/4/2 2012/4/2
f 1900/5/2 1790/5/2 2013/5/2
f 2012/5/2 1900/5/2 2013/5/2
f 1790/6/2 1901/6/2 2014/6/2
f 2013/5/2 1790/5/2 2014/5/2
f 1901/6/2 1902/6/2 2014/6/2
f 2014/6/2 1902/6/2 2015/6/2
f 1902/7/2 1903/7/2 2016/7/2
f 2015/6/2 1902/6/2 2016/6/2
f 2016/7/2 1903/7/2 2017/7/2
f 1903/8/2 1904/8/2 2018/8/2
f 2017/7/2 1903/7/2 2018/7/2
f 2018/8/2 1904/8/2 2019/8/2
f 1904/6/2 1905/6/2 2020/6/2
f 2019/8/2 1904/8/2 2020/8/2
f 1905/8/2 1906/8/2 2021/8/2
f 2020/6/2 1905/6/2 2021/6/2
f 1907/3/2 1908/3/2 2022/3/2
f 2021/8/2 1906/8/2 2022/8/2
f 1906/3/2 1907/3/2 2022/3/2
f 1908/4/2 1909/4/2 2023/4/2
f 2022/3/2 1908/3/2 2023/3/2
f 1909/5/2 1910/5/2 2024/5/2
f 2023/4/2 1909/4/2 2024/4/2
f 1910/4/2 1911/4/2 2025/4/2
f 2024/5/2 1910/5/2 2025/5/2
f 1911/4/2 1801/4/2 2026/4/2
f 2025/4/2 1911/4/2 2026/4/2
f 1801/5/2 1912/5/2 2027/5/2
f 2026/4/2 1801/4/2 2027/4/2
f 1912/4/2 1913/4/2 2028/4/2
f 2027/5/2 1912/5/2 2028/5/2
f 1913/5/2 1914/5/2 2029/5/2
f 2028/4/2 1913/4/2 2029/4/2
f 1914/4/2 1915/4/2 2030/4/2
f 2029/5/2 1914/5/2 2030/5/2
f 1915/3/2 1916/3/2 2031/3/2
f 2030/4/2 1915/4/2 2031/4/2
f 1916/2/2 1917/2/2 2032/2/2
f 2031/3/2 1916/3/2 2032/3/2
f 1917/4/2 1918/4/2 2033/4/2
f 2032/2/2 1917/2/2 2033/2/2
f 1918/3/2 1919/3/2 2034/3/2
f 2033/4/2 1918/4/2 2034/4/2
f 1919/4/2 1920/4/2 2035/4/2
f 2034/3/2 1919/3/2 2035/3/2
f 1920/2/2 1921/2/2 2036/2/2
f 2035/4/2 1920/4/2 2036/4/2
f 1921/3/2 1922/3/2 2037/3/2
f 2036/2/2 1921/2/2 2037/2/2
f 1922/4/2 1923/4/2 2038/4/2
f 2037/3/2 1922/3/2 2038/3/2
f 1923/2/2 1924/2/2 2039/2/2
f 2038/4/2 1923/4/2 2039/4/2
f 1924/3/2 1925/3/2 2040/3/2
f 2039/2/2 1924/2/2 2040/2/2
f 1925/3/2 1814/3/2 2041/3/2
f 2040/3/2 1925/3/2 2041/3/2
f 1814/4/2 1926/4/2 2042/4/2
f 2041/3/2 1814/3/2 2042/3/2
f 1926/3/2 1927/3/2 2043/3/2
f 2042/4/2 1926/4/2 2043/4/2
f 1927/5/2 1817/5/2 2044/5/2
f 2043/3/2 1927/3/2 2044/3/2
f 1929/4/2 1930/4/2 2045/4/2
f 2044/5/2 1817/5/2 2045/5/2
f 1817/4/2 1928/4/2 2045/4/2
f 1928/4/2 1929/4/2 2045/4/2
f 2045/4/2 1930/4/2 2046/4/2
f 1930/5/2 1931/5/2 2047/5/2
f 2046/4/2 1930/4/2 2047/4/2
f 1931/3/2 1932/3/2 2048/3/2
f 2047/5/2 1931/5/2 2048/5/2
f 1932/5/2 1933/5/2 2049/5/2
f 2048/3/2 1932/3/2 2049/3/2
f 1933/4/2 1934/4/2 2050/4/2
f 2049/5/2 1933/5/2 2050/5/2
f 2050/4/2 1934/4/2 2051/4/2
f 1936/4/2 1937/4/2 2052/4/2
f 1935/4/2 1936/4/2 2052/4/2
f 1937/3/2 1938/3/2 2053/3/2
f 2052/4/2 1937/4/2 2053/4/2
f 1938/3/2 1939/3/2 2053/3/2
f 1939/4/2 1940/4/2 2054/4/2
f 2053/3/2 1939/3/2 2054/3/2
f 1941/3/2 1942/3/2 2055/3/2
f 2054/4/2 1940/4/2 2055/4/2
f 1940/3/2 1941/3/2 2055/3/2
f 2055/3/2 1942/3/2 2056/3/2
f 1942/4/2 1943/4/2 2057/4/2
f 2056/3/2 1942/3/2 2057/3/2
f 1943/2/2 1944/2/2 2058/2/2
f 2057/4/2 1943/4/2 2058/4/2
f 1944/4/2 1945/4/2 2059/4/2
f 2058/2/2 1944/2/2 2059/2/2
f 1945/2/2 1946/2/2 2060/2/2
f 2059/4/2 1945/4/2 2060/4/2
f 1946/4/2 1947/4/2 2061/4/2
f 2060/2/2 1946/2/2 2061/2/2
f 1947/2/2 1948/2/2 2062/2/2
f 2061/4/2 1947/4/2 2062/4/2
f 1948/2/2 1949/2/2 2062/2/2
f 2062/2/2 1949/2/2 2063/2/2
f 1950/3/2 1951/3/2 2064/3/2
f 2063/2/2 1949/2/2 2064/2/2
f 1949/3/2 1950/3/2 2064/3/2
f 1951/4/2 1952/4/2 2065/4/2
f 2064/3/2 1951/3/2 2065/3/2
f 1952/3/2 1953/3/2 2066/3/2
f 2065/4/2 1952/4/2 2066/4/2
f 1953/5/2 1954/5/2 2067/5/2
f 2066/3/2 1953/3/2 2067/3/2
f 1954/3/2 1955/3/2 2068/3/2
f 2067/5/2 1954/5/2 2068/5/2
f 1955/4/2 1956/4/2 2069/4/2
f 2068/3/2 1955/3/2 2069/3/2
f 1956/5/2 1957/5/2 2070/5/2
f 2069/4/2 1956/4/2 2070/4/2
f 1957/4/2 1958/4/2 2071/4/2
f 2070/5/2 1957/5/2 2071/5/2
f 2071/4/2 1958/4/2 2072/4/2
f 1958/5/2 1959/5/2 2073/5/2
f 2072/4/2 1958/4/2 2073/4/2
f 1959/3/2 1960/3/2 2074/3/2
f 2073/5/2 1959/5/2 2074/5/2
f 1960/5/2 1961/5/2 2075/5/2
f 2074/3/2 1960/3/2 2075/3/2
f 1961/3/2 1962/3/2 2076/3/2
f 2075/5/2 1961/5/2 2076/5/2
f 1962/5/2 1963/5/2 2077/5/2
f 2076/3/2 1962/3/2 2077/3/2
f 1963/5/2 1850/5/2 2078/5/2
f 2077/5/2 1963/5/2 2078/5/2
f 1850/7/2 1851/7/2 2079/7/2
f 2078/5/2 1850/5/2 2079/5/2
f 1851/5/2 1964/5/2 2080/5/2
f 2079/7/2 1851/7/2 2080/7/2
f 1964/5/2 1965/5/2 2080/5/2
f 1965/5/2 1966/5/2 2080/5/2
f 1966/6/2 1967/6/2 2081/6/2
f 2080/5/2 1966/5/2 2081/5/2
f 1968/5/2 1969/5/2 2082/5/2
f 2081/6/2 1967/6/2 2082/6/2
f 1967/5/2 1968/5/2 2082/5/2
f 1969/3/2 1970/3/2 2083/3/2
f 2082/5/2 1969/5/2 2083/5/2
f 1970/1/2 1971/1/2 2084/1/2
f 2083/3/2 1970/3/2 2084/3/2
f 1971/3/2 1972/3/2 2085/3/2
f 2084/1/2 1971/1/2 2085/1/2
f 1972/1/2 1973/1/2 2086/1/2
f 2085/3/2 1972/3/2 2086/3/2
f 1974/3/2 1975/3/2 2087/3/2
f 2086/1/2 1973/1/2 2087/1/2
f 1973/3/2 1974/3/2 2087/3/2
f 1975/2/2 1976/2/2 2088/2/2
f 2087/3/2 1975/3/2 2088/3/2
f 1976/3/2 1977/3/2 2089/3/2
f 2088/2/2 1976/2/2 2089/2/2
f 1977/4/2 1978/4/2 2090/4/2
f 2089/3/2 1977/3/2 2090/3/2
f 1978/3/2 1979/3/2 2091/3/2
f 2090/4/2 1978/4/2 2091/4/2
f 1979/4/2 1980/4/2 2092/4/2
f 2091/3/2 1979/3/2 2092/3/2
f 1980/2/2 1981/2/2 2093/2/2
f 2092/4/2 1980/4/2 2093/4/2
f 1982/3/2 1983/3/2 2094/3/2
f 2093/2/2 1981/2/2 2094/2/2
f 1981/3/2 1982/3/2 2094/3/2
f 2094/3/2 1983/3/2 2095/3/2
f 1983/4/2 1984/4/2 2096/4/2
f 2095/3/2 1983/3/2 2096/3/2
f 1984/6/2 1985/6/2 2097/6/2
f 2096/4/2 1984/4/2 2097/4/2
f 1985/4/2 1986/4/2 2098/4/2
f 2097/6/2 1985/6/2 2098/6/2
f 1986/6/2 1987/6/2 2099/6/2
f 2098/4/2 1986/4/2 2099/4/2
f 1987/4/2 1988/4/2 2100/4/2
f 2099/6/2 1987/6/2 2100/6/2
f 1988/6/2 1989/6/2 2101/6/2
f 2100/4/2 1988/4/2 2101/4/2
f 1989/4/2 1990/4/2 2102/4/2
f 2101/6/2 1989/6/2 2102/6/2
f 1992/5/2 1993/5/2 2103/5/2
f 2102/4/2 1990/4/2 2103/4/2
f 1991/5/2 1992/5/2 2103/5/2
f 1990/5/2 1991/5/2 2103/5/2
f 1993/5/2 1994/5/2 2103/5/2
f 2103/5/2 1994/5/2 2104/5/2
f 2104/5/2 1994/5/2 2105/5/2
f 2105/5/2 1994/5/2 2106/5/2
f 1994/4/2 1995/4/2 2107/4/2
f 2106/5/2 1994/5/2 2107/5/2
f 1995/5/2 1996/5/2 2108/5/2
f 2107/4/2 1995/4/2 2108/4/2
f 2108/5/2 1996/5/2 2109/5/2
f 1996/4/2 1997/4/2 2110/4/2
f 2109/5/2 1996/5/2 2110/5/2
f 1997/8/2 1998/8/2 2111/8/2
f 2110/4/2 1997/4/2 2111/4/2
f 1999/7/2 2000/7/2 2112/7/2
f 2111/8/2 1998/8/2 2112/8/2
f 1998/7/2 1999/7/2 2112/7/2
f 2112/7/2 2000/7/2 2113/7/2
f 2000/8/2 2001/8/2 2114/8/2
f 2113/7/2 2000/7/2 2114/7/2
f 2001/5/2 2002/5/2 2115/5/2
f 2114/8/2 2001/8/2 2115/8/2
f 2002/4/2 2003/4/2 2116/4/2
f 2115/5/2 2002/5/2 2116/5/2
f 2003/5/2 2004/5/2 2117/5/2
f 2116/4/2 2003/4/2 2117/4/2
f 2117/5/2 2004/5/2 2118/5/2
f 2118/5/2 2004/5/2 2119/5/2
f 2004/4/2 2005/4/2 2120/4/2
f 2119/5/2 2004/5/2 2120/5/2
f 2006/5/2 2007/5/2 2121/5/2
f 2120/4/2 2005/4/2 2121/4/2
f 2007/5/2 2008/5/2 2121/5/2
f 2008/5/2 2009/5/2 2121/5/2
f 2010/5/2 2011/5/2 2121/5/2
f 2009/5/2 2010/5/2 2121/5/2
f 2005/5/2 2006/5/2 2121/5/2
f 2121/5/2 2011/5/2 2122/5/2
f 2122/5/2 2011/5/2 2123/5/2
f 2123/5/2 2011/5/2 2124/5/2
f 2011/6/2 2012/6/2 2125/6/2
f 2124/5/2 2011/5/2 2125/5/2
f 2012/5/2 2013/5/2 2126/5/2
f 2125/6/2 2012/6/2 2126/6/2
f 2013/6/2 2014/6/2 2127/6/2
f 2126/5/2 2013/5/2 2127/5/2
f 2014/5/2 2015/5/2 2128/5/2
f 2127/6/2 2014/6/2 2128/6/2
f 2015/7/2 2016/7/2 2129/7/2
f 2128/5/2 2015/5/2 2129/5/2
f 2016/5/2 2017/5/2 2130/5/2
f 2129/7/2 2016/7/2 2130/7/2
f 2017/7/2 2018/7/2 2131/7/2
f 2130/5/2 2017/5/2 2131/5/2
f 2019/5/2 2020/5/2 2132/5/2
f 2018/6/2 2019/6/2 2132/6/2
f 2020/7/2 2021/7/2 2133/7/2
f 2132/5/2 2020/5/2 2133/5/2
f 2021/6/2 2022/6/2 2134/6/2
f 2022/5/2 2023/5/2 2134/5/2
f 2134/5/2 2023/5/2 2135/5/2
f 2023/6/2 2024/6/2 2136/6/2
f 2135/5/2 2023/5/2 2136/5/2
f 2024/7/2 2025/7/2 2137/7/2
f 2136/6/2 2024/6/2 2137/6/2
f 2025/7/2 2026/7/2 2137/7/2
f 2137/7/2 2026/7/2 2138/7/2
f 2029/7/2 2030/7/2 2139/7/2
f 2028/8/2 2029/8/2 2139/8/2
f 2032/8/2 2033/8/2 2140/8/2
f 2139/7/2 2030/7/2 2140/7/2
f 2030/8/2 2031/8/2 2140/8/2
f 2031/8/2 2032/8/2 2140/8/2
f 2140/8/2 2033/8/2 2141/8/2
f 2141/8/2 2033/8/2 2142/8/2
f 2033/7/2 2034/7/2 2143/7/2
f 2142/8/2 2033/8/2 2143/8/2
f 2034/8/2 2035/8/2 2144/8/2
f 2143/7/2 2034/7/2 2144/7/2
f 2035/8/2 2036/8/2 2144/8/2
f 2144/8/2 2036/8/2 2145/8/2
f 2036/7/2 2037/7/2 2146/7/2
f 2145/8/2 2036/8/2 2146/8/2
f 2037/7/2 2038/7/2 2146/7/2
f 2038/7/2 2039/7/2 2146/7/2
f 2146/7/2 2039/7/2 2147/7/2
f 2147/7/2 2039/7/2 2148/7/2
f 2039/6/2 2040/6/2 2149/6/2
f 2148/7/2 2039/7/2 2149/7/2
f 2040/6/2 2041/6/2 2149/6/2
f 2149/6/2 2041/6/2 2150/6/2
f 2042/7/2 2043/7/2 2151/7/2
f 2150/6/2 2041/6/2 2151/6/2
f 2041/7/2 2042/7/2 2151/7/2
f 2151/7/2 2043/7/2 2152/7/2
f 2043/6/2 2044/6/2 2153/6/2
f 2152/7/2 2043/7/2 2153/7/2
f 2044/5/2 2045/5/2 2154/5/2
f 2153/6/2 2044/6/2 2154/6/2
f 2045/6/2 2046/6/2 2155/6/2
f 2154/5/2 2045/5/2 2155/5/2
f 2046/5/2 2047/5/2 2156/5/2
f 2155/6/2 2046/6/2 2156/6/2
f 2156/5/2 2047/5/2 2157/5/2
f 2047/6/2 2048/6/2 2158/6/2
f 2157/5/2 2047/5/2 2158/5/2
f 2048/5/2 2049/5/2 2159/5/2
f 2158/6/2 2048/6/2 2159/6/2
f 2049/5/2 2050/5/2 2159/5/2
f 2159/5/2 2050/5/2 2160/5/2
f 2050/7/2 2051/7/2 2161/7/2
f 2160/5/2 2050/5/2 2161/5/2
f 2161/7/2 2051/7/2 2162/7/2
f 2052/6/2 2053/6/2 2163/6/2
f 2053/7/2 2054/7/2 2164/7/2
f 2163/6/2 2053/6/2 2164/6/2
f 2055/8/2 2056/8/2 2165/8/2
f 2164/7/2 2054/7/2 2165/7/2
f 2054/8/2 2055/8/2 2165/8/2
f 2056/7/2 2057/7/2 2166/7/2
f 2165/8/2 2056/8/2 2166/8/2
f 2057/8/2 2058/8/2 2167/8/2
f 2166/7/2 2057/7/2 2167/7/2
f 2059/6/2 2060/6/2 2168/6/2
f 2167/8/2 2058/8/2 2168/8/2
f 2058/6/2 2059/6/2 2168/6/2
f 2060/1/2 2061/1/2 2169/1/2
f 2168/6/2 2060/6/2 2169/6/2
f 2062/2/2 2063/2/2 2170/2/2
f 2169/1/2 2061/1/2 2170/1/2
f 2061/2/2 2062/2/2 2170/2/2
f 2064/3/2 2065/3/2 2171/3/2
f 2170/2/2 2063/2/2 2171/2/2
f 2066/3/2 2067/3/2 2171/3/2
f 2065/3/2 2066/3/2 2171/3/2
f 2063/3/2 2064/3/2 2171/3/2
f 2067/1/2 2068/1/2 2172/1/2
f 2171/3/2 2067/3/2 2172/3/2
f 2068/2/2 2069/2/2 2173/2/2
f 2172/1/2 2068/1/2 2173/1/2
f 2069/5/2 2070/5/2 2174/5/2
f 2173/2/2 2069/2/2 2174/2/2
f 2070/6/2 2071/6/2 2175/6/2
f 2174/5/2 2070/5/2 2175/5/2
f 2071/6/2 2072/6/2 2175/6/2
f 2072/5/2 2073/5/2 2176/5/2
f 2175/6/2 2072/6/2 2176/6/2
f 2073/4/2 2074/4/2 2177/4/2
f 2176/5/2 2073/5/2 2177/5/2
f 2074/5/2 2075/5/2 2178/5/2
f 2177/4/2 2074/4/2 2178/4/2
f 2076/4/2 2077/4/2 2179/4/2
f 2178/5/2 2075/5/2 2179/5/2
f 2075/4/2 2076/4/2 2179/4/2
f 2077/5/2 2078/5/2 2180/5/2
f 2179/4/2 2077/4/2 2180/4/2
f 2078/6/2 2079/6/2 2181/6/2
f 2180/5/2 2078/5/2 2181/5/2
f 2079/6/2 2080/6/2 2181/6/2
f 2080/5/2 2081/5/2 2182/5/2
f 2181/6/2 2080/6/2 2182/6/2
f 2081/7/2 2082/7/2 2183/7/2
f 2182/5/2 2081/5/2 2183/5/2
f 2082/7/2 2083/7/2 2183/7/2
f 2083/6/2 2084/6/2 2184/6/2
f 2183/7/2 2083/7/2 2184/7/2
f 2084/6/2 2085/6/2 2184/6/2
f 2085/4/2 2086/4/2 2185/4/2
f 2184/6/2 2085/6/2 2185/6/2
f 2086/5/2 2087/5/2 2186/5/2
f 2185/4/2 2086/4/2 2186/4/2
f 2087/6/2 2088/6/2 2187/6/2
f 2186/5/2 2087/5/2 2187/5/2
f 2088/5/2 2089/5/2 2188/5/2
f 2187/6/2 2088/6/2 2188/6/2
f 2089/4/2 2090/4/2 2189/4/2
f 2188/5/2 2089/5/2 2189/5/2
f 2090/6/2 2091/6/2 2190/6/2
f 2189/4/2 2090/4/2 2190/4/2
f 2092/5/2 2093/5/2 2191/5/2
f 2190/6/2 2091/6/2 2191/6/2
f 2091/5/2 2092/5/2 2191/5/2
f 2093/5/2 2094/5/2 2191/5/2
f 2094/3/2 2095/3/2 2192/3/2
f 2191/5/2 2094/5/2 2192/5/2
f 2095/2/2 2096/2/2 2193/2/2
f 2192/3/2 2095/3/2 2193/3/2
f 2096/4/2 2097/4/2 2194/4/2
f 2193/2/2 2096/2/2 2194/2/2
f 2097/2/2 2098/2/2 2195/2/2
f 2194/4/2 2097/4/2 2195/4/2
f 2098/2/2 2099/2/2 2195/2/2
f 2100/4/2 2101/4/2 2196/4/2
f 2195/2/2 2099/2/2 2196/2/2
f 2099/4/2 2100/4/2 2196/4/2
f 2101/3/2 2102/3/2 2197/3/2
f 2196/4/2 2101/4/2 2197/4/2
f 2102/2/2 2103/2/2 2198/2/2
f 2197/3/2 2102/3/2 2198/3/2
f 2103/3/2 2104/3/2 2199/3/2
f 2198/2/2 2103/2/2 2199/2/2
f 2104/5/2 2105/5/2 2200/5/2
f 2199/3/2 2104/3/2 2200/3/2
f 2105/4/2 2106/4/2 2201/4/2
f 2200/5/2 2105/5/2 2201/5/2
f 2106/5/2 2107/5/2 2202/5/2
f 2201/4/2 2106/4/2 2202/4/2
f 2108/5/2 2109/5/2 2202/5/2
f 2107/5/2 2108/5/2 2202/5/2
f 2109/3/2 2110/3/2 2203/3/2
f 2202/5/2 2109/5/2 2203/5/2
f 2111/4/2 2112/4/2 2204/4/2
f 2203/3/2 2110/3/2 2204/3/2
f 2110/4/2 2111/4/2 2204/4/2
f 2112/5/2 2113/5/2 2205/5/2
f 2204/4/2 2112/4/2 2205/4/2
f 2113/1/2 2114/1/2 2206/1/2
f 2205/5/2 2113/5/2 2206/5/2
f 2114/3/2 2115/3/2 2207/3/2
f 2206/1/2 2114/1/2 2207/1/2
f 2115/3/2 2116/3/2 2207/3/2
f 2117/2/2 2118/2/2 2208/2/2
f 2207/3/2 2116/3/2 2208/3/2
f 2116/2/2 2117/2/2 2208/2/2
f 2118/1/2 2119/1/2 2209/1/2
f 2208/2/2 2118/2/2 2209/2/2
f 2119/3/2 2120/3/2 2210/3/2
f 2209/1/2 2119/1/2 2210/1/2
f 2121/3/2 2122/3/2 2210/3/2
f 2120/3/2 2121/3/2 2210/3/2
f 2122/4/2 2123/4/2 2211/4/2
f 2210/3/2 2122/3/2 2211/3/2
f 2123/3/2 2124/3/2 2212/3/2
f 2211/4/2 2123/4/2 2212/4/2
f 2124/4/2 2125/4/2 2213/4/2
f 2212/3/2 2124/3/2 2213/3/2
f 2126/3/2 2127/3/2 2214/3/2
f 2213/4/2 2125/4/2 2214/4/2
f 2125/3/2 2126/3/2 2214/3/2
f 2127/4/2 2128/4/2 2215/4/2
f 2214/3/2 2127/3/2 2215/3/2
f 2128/4/2 2129/4/2 2215/4/2
f 2129/5/2 2130/5/2 2216/5/2
f 2215/4/2 2129/4/2 2216/4/2
f 2130/3/2 2131/3/2 2217/3/2
f 2216/5/2 2130/5/2 2217/5/2
f 2131/7/2 2018/7/2 2218/7/2
f 2217/3/2 2131/3/2 2218/3/2
f 2018/6/2 2132/6/2 2219/6/2
f 2218/7/2 2018/7/2 2219/7/2
f 2132/8/2 2133/8/2 2220/8/2
f 2219/6/2 2132/6/2 2220/6/2
f 2133/7/2 2021/7/2 2221/7/2
f 2220/8/2 2133/8/2 2221/8/2
f 2021/6/2 2134/6/2 2222/6/2
f 2221/7/2 2021/7/2 2222/7/2
f 2134/8/2 2135/8/2 2223/8/2
f 2222/6/2 2134/6/2 2223/6/2
f 2135/7/2 2136/7/2 2224/7/2
f 2223/8/2 2135/8/2 2224/8/2
f 2137/8/2 2138/8/2 2225/8/2
f 2224/7/2 2136/7/2 2225/7/2
f 2136/8/2 2137/8/2 2225/8/2
f 2138/7/2 2026/7/2 2226/7/2
f 2225/8/2 2138/8/2 2226/8/2
f 2027/6/2 2028/6/2 2227/6/2
f 2226/7/2 2026/7/2 2227/7/2
f 2026/6/2 2027/6/2 2227/6/2
f 2028/8/2 2139/8/2 2228/8/2
f 2227/6/2 2028/6/2 2228/6/2
f 2139/8/2 2140/8/2 2228/8/2
f 2140/6/2 2141/6/2 2229/6/2
f 2228/8/2 2140/8/2 2229/8/2
f 2141/7/2 2142/7/2 2230/7/2
f 2229/6/2 2141/6/2 2230/6/2
f 2142/8/2 2143/8/2 2231/8/2
f 2230/7/2 2142/7/2 2231/7/2
f 2143/8/2 2144/8/2 2231/8/2
f 2144/6/2 2145/6/2 2232/6/2
f 2231/8/2 2144/8/2 2232/8/2
f 2145/7/2 2146/7/2 2233/7/2
f 2232/6/2 2145/6/2 2233/6/2
f 2146/5/2 2147/5/2 2234/5/2
f 2233/7/2 2146/7/2 2234/7/2
f 2147/6/2 2148/6/2 2235/6/2
f 2234/5/2 2147/5/2 2235/5/2
f 2148/5/2 2149/5/2 2236/5/2
f 2235/6/2 2148/6/2 2236/6/2
f 2149/7/2 2150/7/2 2237/7/2
f 2236/5/2 2149/5/2 2237/5/2
f 2150/6/2 2151/6/2 2238/6/2
f 2237/7/2 2150/7/2 2238/7/2
f 2151/5/2 2152/5/2 2239/5/2
f 2238/6/2 2151/6/2 2239/6/2
f 2152/6/2 2153/6/2 2240/6/2
f 2239/5/2 2152/5/2 2240/5/2
f 2153/6/2 2154/6/2 2240/6/2
f 2154/7/2 2155/7/2 2241/7/2
f 2240/6/2 2154/6/2 2241/6/2
f 2155/6/2 2156/6/2 2242/6/2
f 2241/7/2 2155/7/2 2242/7/2
f 2156/7/2 2157/7/2 2243/7/2
f 2242/6/2 2156/6/2 2243/6/2
f 2157/6/2 2158/6/2 2244/6/2
f 2243/7/2 2157/7/2 2244/7/2
f 2158/5/2 2159/5/2 2245/5/2
f 2244/6/2 2158/6/2 2245/6/2
f 2159/5/2 2160/5/2 2245/5/2
f 2160/6/2 2161/6/2 2246/6/2
f 2245/5/2 2160/5/2 2246/5/2
f 2161/5/2 2162/5/2 2247/5/2
f 2246/6/2 2161/6/2 2247/6/2
f 2247/5/2 2162/5/2 2248/5/2
f 2256/6/3 2250/6/3 2249/6/3
f 2257/3/3 2251/3/3 2250/3/3
f 2257/6/3 2250/6/3 2256/6/3
f 2258/7/3 2252/7/3 2251/7/3
f 2258/3/3 2251/3/3 2257/3/3
f 2259/3/3 2253/3/3 2252/3/3
f 2259/7/3 2252/7/3 2258/7/3
f 2260/6/3 2254/6/3 2253/6/3
f 2260/3/3 2253/3/3 2259/3/3
f 2261/6/3 2254/6/3 2260/6/3
f 2263/4/3 2256/4/3 2255/4/3
f 2263/1/3 2257/1/3 2256/1/3
f 2264/12/3 2259/12/3 2258/12/3
f 2264/1/3 2257/1/3 2263/1/3
f 2264/12/3 2258/12/3 2257/12/3
f 2265/12/3 2259/12/3 2264/12/3
f 2266/11/3 2260/11/3 2259/11/3
f 2266/12/3 2259/12/3 2265/12/3
f 2267/5/3 2262/5/3 2261/5/3
f 2267/11/3 2260/11/3 2266/11/3
f 2267/5/3 2261/5/3 2260/5/3
f 2268/5/3 2262/5/3 2267/5/3
f 2269/5/3 2262/5/3 2268/5/3
f 2270/4/3 2263/4/3 2255/4/3
f 2271/10/3 2264/10/3 2263/10/3
f 2271/4/3 2263/4/3 2270/4/3
f 2272/9/3 2265/9/3 2264/9/3
f 2272/10/3 2264/10/3 2271/10/3
f 2273/10/3 2266/10/3 2265/10/3
f 2274/11/3 2267/11/3 2266/11/3
f 2274/10/3 2266/10/3 2273/10/3
f 2275/12/3 2268/12/3 2267/12/3
f 2275/11/3 2267/11/3 2274/11/3
f 2276/3/3 2269/3/3 2268/3/3
f 2276/12/3 2268/12/3 2275/12/3
f 2277/3/3 2269/3/3 2276/3/3
f 2278/5/3 2271/5/3 2270/5/3
f 2279/12/3 2272/12/3 2271/12/3
f 2279/5/3 2271/5/3 2278/5/3
f 2280/9/3 2265/9/3 2272/9/3
f 2280/12/3 2272/12/3 2279/12/3
f 2281/10/3 2273/10/3 2265/10/3
f 2281/9/3 2265/9/3 2280/9/3
f 2282/11/3 2274/11/3 2273/11/3
f 2282/13/3 2275/13/3 2274/13/3
f 2283/11/3 2276/11/3 2275/11/3
f 2283/13/3 2275/13/3 2282/13/3
f 2284/6/3 2277/6/3 2276/6/3
f 2284/11/3 2276/11/3 2283/11/3
f 2285/6/3 2277/6/3 2284/6/3
f 2286/2/3 2279/2/3 2278/2/3
f 2287/11/3 2280/11/3 2279/11/3
f 2287/2/3 2279/2/3 2286/2/3
f 2288/10/3 2273/10/3 2281/10/3
f 2288/12/3 2281/12/3 2280/12/3
f 2289/11/3 2282/11/3 2273/11/3
f 2289/10/3 2273/10/3 2288/10/3
f 2290/10/3 2283/10/3 2282/10/3
f 2290/11/3 2282/11/3 2289/11/3
f 2290/10/3 2284/10/3 2283/10/3
f 2291/10/3 2284/10/3 2290/10/3
f 2292/4/3 2285/4/3 2284/4/3
f 2292/10/3 2284/10/3 2291/10/3
f 2293/4/3 2285/4/3 2292/4/3
f 2294/5/3 2287/5/3 2286/5/3
f 2295/11/3 2280/11/3 2287/11/3
f 2295/5/3 2287/5/3 2294/5/3
f 2296/12/3 2288/12/3 2280/12/3
f 2296/11/3 2280/11/3 2295/11/3
f 2296/12/3 2289/12/3 2288/12/3
f 2296/12/3 2290/12/3 2289/12/3
f 2297/12/3 2290/12/3 2296/12/3
f 2298/12/3 2290/12/3 2297/12/3
f 2299/11/3 2291/11/3 2290/11/3
f 2299/12/3 2290/12/3 2298/12/3
f 2300/12/3 2292/12/3 2291/12/3
f 2300/11/3 2291/11/3 2299/11/3
f 2301/6/3 2293/6/3 2292/6/3
f 2301/12/3 2292/12/3 2300/12/3
f 2302/6/3 2293/6/3 2301/6/3
f 2303/3/3 2295/3/3 2294/3/3
f 2304/4/3 2296/4/3 2295/4/3
f 2304/3/3 2295/3/3 2303/3/3
f 2305/11/3 2297/11/3 2296/11/3
f 2305/4/3 2296/4/3 2304/4/3
f 2306/12/3 2298/12/3 2297/12/3
f 2306/11/3 2297/11/3 2305/11/3
f 2307/10/3 2299/10/3 2298/10/3
f 2307/12/3 2298/12/3 2306/12/3
f 2308/12/3 2300/12/3 2299/12/3
f 2308/10/3 2299/10/3 2307/10/3
f 2309/5/3 2301/5/3 2300/5/3
f 2309/12/3 2300/12/3 2308/12/3
f 2310/4/3 2302/4/3 2301/4/3
f 2310/5/3 2301/5/3 2309/5/3
f 2311/4/3 2302/4/3 2310/4/3
f 2312/3/3 2305/3/3 2304/3/3
f 2313/6/3 2306/6/3 2305/6/3
f 2313/3/3 2305/3/3 2312/3/3
f 2314/3/3 2307/3/3 2306/3/3
f 2314/6/3 2306/6/3 2313/6/3
f 2315/6/3 2308/6/3 2307/6/3
f 2315/3/3 2307/3/3 2314/3/3
f 2316/4/3 2309/4/3 2308/4/3
f 2316/6/3 2308/6/3 2315/6/3
f 2317/6/3 2310/6/3 2309/6/3
f 2317/4/3 2309/4/3 2316/4/3
f 2318/6/3 2310/6/3 2317/6/3
f 2319/2/4 2320/2/4 2327/2/4
f 2320/3/4 2321/3/4 2328/3/4
f 2327/2/4 2320/2/4 2328/2/4
f 2321/7/4 2322/7/4 2329/7/4
f 2328/3/4 2321/3/4 2329/3/4
f 2322/8/4 2323/8/4 2330/8/4
f 2329/7/4 2322/7/4 2330/7/4
f 2323/6/4 2324/6/4 2331/6/4
f 2330/8/4 2323/8/4 2331/8/4
f 2324/3/4 2325/3/4 2332/3/4
f 2331/6/4 2324/6/4 2332/6/4
f 2332/3/4 2325/3/4 2333/3/4
f 2326/3/4 2327/3/4 2335/3/4
f 2327/4/4 2328/4/4 2336/4/4
f 2335/3/4 2327/3/4 2336/3/4
f 2328/10/4 2329/10/4 2337/10/4
f 2336/4/4 2328/4/4 2337/4/4
f 2329/11/4 2330/11/4 2338/11/4
f 2337/10/4 2329/10/4 2338/10/4
f 2330/10/4 2331/10/4 2339/10/4
f 2338/11/4 2330/11/4 2339/11/4
f 2331/10/4 2332/10/4 2339/10/4
f 2332/3/4 2333/3/4 2340/3/4
f 2339/10/4 2332/10/4 2340/10/4
f 2333/6/4 2334/6/4 2341/6/4
f 2340/3/4 2333/3/4 2341/3/4
f 2341/6/4 2334/6/4 2342/6/4
f 2335/6/4 2336/6/4 2343/6/4
f 2336/11/4 2337/11/4 2343/11/4
f 2337/10/4 2338/10/4 2344/10/4
f 2343/11/4 2337/11/4 2344/11/4
f 2338/9/4 2339/9/4 2345/9/4
f 2344/10/4 2338/10/4 2345/10/4
f 2339/12/4 2340/12/4 2346/12/4
f 2345/9/4 2339/9/4 2346/9/4
f 2340/10/4 2341/10/4 2347/10/4
f 2346/12/4 2340/12/4 2347/12/4
f 2341/7/4 2342/7/4 2348/7/4
f 2347/10/4 2341/10/4 2348/10/4
f 2348/7/4 2342/7/4 2349/7/4
f 2335/6/4 2343/6/4 2350/6/4
f 2344/10/4 2345/10/4 2351/10/4
f 2350/6/4 2343/6/4 2351/6/4
f 2343/10/4 2344/10/4 2351/10/4
f 2351/10/4 2345/10/4 2352/10/4
f 2345/12/4 2346/12/4 2353/12/4
f 2352/10/4 2345/10/4 2353/10/4
f 2346/13/4 2347/13/4 2354/13/4
f 2353/12/4 2346/12/4 2354/12/4
f 2354/13/4 2347/13/4 2355/13/4
f 2347/9/4 2348/9/4 2356/9/4
f 2355/13/4 2347/13/4 2356/13/4
f 2348/5/4 2349/5/4 2357/5/4
f 2356/9/4 2348/9/4 2357/9/4
f 2357/5/4 2349/5/4 2358/5/4
f 2350/8/4 2351/8/4 2359/8/4
f 2351/11/4 2352/11/4 2360/11/4
f 2359/8/4 2351/8/4 2360/8/4
f 2352/13/4 2353/13/4 2361/13/4
f 2360/11/4 2352/11/4 2361/11/4
f 2354/11/4 2355/11/4 2362/11/4
f 2361/13/4 2353/13/4 2362/13/4
f 2353/11/4 2354/11/4 2362/11/4
f 2362/11/4 2355/11/4 2363/11/4
f 2355/12/4 2356/12/4 2364/12/4
f 2363/11/4 2355/11/4 2364/11/4
f 2356/10/4 2357/10/4 2365/10/4
f 2364/12/4 2356/12/4 2365/12/4
f 2357/4/4 2358/4/4 2366/4/4
f 2365/10/4 2357/10/4 2366/10/4
f 2366/4/4 2358/4/4 2367/4/4
f 2359/2/4 2360/2/4 2368/2/4
f 2360/12/4 2361/12/4 2369/12/4
f 2368/2/4 2360/2/4 2369/2/4
f 2361/10/4 2362/10/4 2370/10/4
f 2369/12/4 2361/12/4 2370/12/4
f 2362/11/4 2363/11/4 2371/11/4
f 2370/10/4 2362/10/4 2371/10/4
f 2364/10/4 2365/10/4 2372/10/4
f 2363/10/4 2364/10/4 2372/10/4
f 2365/9/4 2366/9/4 2372/9/4
f 2366/5/4 2367/5/4 2373/5/4
f 2372/9/4 2366/9/4 2373/9/4
f 2373/5/4 2367/5/4 2374/5/4
f 2369/5/4 2370/5/4 2375/5/4
f 2368/5/4 2369/5/4 2375/5/4
f 2375/5/4 2370/5/4 2376/5/4
f 2370/11/4 2371/11/4 2377/11/4
f 2376/5/4 2370/5/4 2377/5/4
f 2371/11/4 2363/11/4 2378/11/4
f 2377/11/4 2371/11/4 2378/11/4
f 2363/10/4 2372/10/4 2379/10/4
f 2378/11/4 2363/11/4 2379/11/4
f 2379/10/4 2372/10/4 2380/10/4
f 2372/6/4 2373/6/4 2381/6/4
f 2380/10/4 2372/10/4 2381/10/4
f 2373/1/4 2374/1/4 2382/1/4
f 2381/6/4 2373/6/4 2382/6/4
f 2382/1/4 2374/1/4 2383/1/4
f 2376/4/4 2377/4/4 2384/4/4
f 2377/4/4 2378/4/4 2384/4/4
f 2378/5/4 2379/5/4 2385/5/4
f 2384/4/4 2378/4/4 2385/4/4
f 2379/4/4 2380/4/4 2386/4/4
f 2385/5/4 2379/5/4 2386/5/4
f 2380/7/4 2381/7/4 2387/7/4
f 2386/4/4 2380/4/4 2387/4/4
f 2381/5/4 2382/5/4 2388/5/4
f 2387/7/4 2381/7/4 2388/7/4
f 2388/5/4 2382/5/4 2389/5/4
f 2396/4/5 2391/4/5 2390/4/5
f 2397/4/5 2391/4/5 2396/4/5
f 2398/5/5 2392/5/5 2391/5/5
f 2398/4/5 2391/4/5 2397/4/5
f 2399/2/5 2393/2/5 2392/2/5
f 2399/5/5 2392/5/5 2398/5/5
f 2400/5/5 2394/5/5 2393/5/5
f 2400/2/5 2393/2/5 2399/2/5
f 2401/3/5 2395/3/5 2394/3/5
f 2401/5/5 2394/5/5 2400/5/5
f 2402/3/5 2395/3/5 2401/3/5
f 2403/3/5 2397/3/5 2396/3/5
f 2403/4/5 2398/4/5 2397/4/5
f 2403/4/5 2399/4/5 2398/4/5
f 2404/4/5 2399/4/5 2403/4/5
f 2405/3/5 2400/3/5 2399/3/5
f 2405/4/5 2399/4/5 2404/4/5
f 2406/4/5 2401/4/5 2400/4/5
f 2406/3/5 2400/3/5 2405/3/5
f 2407/5/5 2402/5/5 2401/5/5
f 2407/4/5 2401/4/5 2406/4/5
f 2408/5/5 2402/5/5 2407/5/5
f 2409/3/5 2404/3/5 2403/3/5
f 2409/3/5 2403/3/5 2396/3/5
f 2410/3/5 2404/3/5 2409/3/5
f 2411/4/5 2405/4/5 2404/4/5
f 2411/3/5 2404/3/5 2410/3/5
f 2412/1/5 2406/1/5 2405/1/5
f 2412/4/5 2405/4/5 2411/4/5
f 2413/3/5 2408/3/5 2407/3/5
f 2413/1/5 2406/1/5 2412/1/5
f 2413/3/5 2407/3/5 2406/3/5
f 2414/3/5 2408/3/5 2413/3/5
f 2415/3/5 2411/3/5 2410/3/5
f 2415/5/5 2410/5/5 2409/5/5
f 2416/6/5 2412/6/5 2411/6/5
f 2416/3/5 2411/3/5 2415/3/5
f 2417/3/5 2413/3/5 2412/3/5
f 2417/6/5 2412/6/5 2416/6/5
f 2418/5/5 2414/5/5 2413/5/5
f 2418/3/5 2413/3/5 2417/3/5
f 2419/3/5 2408/3/5 2414/3/5
f 2419/5/5 2414/5/5 2418/5/5
f 2420/3/5 2408/3/5 2419/3/5
f 2421/5/5 2415/5/5 2409/5/5
f 2422/4/5 2416/4/5 2415/4/5
f 2422/5/5 2415/5/5 2421/5/5
f 2423/6/5 2417/6/5 2416/6/5
f 2423/4/5 2416/4/5 2422/4/5
f 2424/4/5 2419/4/5 2418/4/5
f 2424/5/5 2420/5/5 2419/5/5
f 2425/5/5 2420/5/5 2424/5/5
f 2426/2/5 2418/2/5 2417/2/5
f 2426/6/5 2417/6/5 2423/6/5
f 2427/4/5 2425/4/5 2424/4/5
f 2427/2/5 2418/2/5 2426/2/5
f 2427/4/5 2424/4/5 2418/4/5
f 2428/4/5 2425/4/5 2427/4/5
f 2429/4/5 2422/4/5 2421/4/5
f 2430/3/5 2423/3/5 2422/3/5
f 2430/4/5 2422/4/5 2429/4/5
f 2431/6/5 2426/6/5 2423/6/5
f 2431/3/5 2423/3/5 2430/3/5
f 2432/3/5 2427/3/5 2426/3/5
f 2432/6/5 2426/6/5 2431/6/5
f 2432/3/5 2428/3/5 2427/3/5
f 2433/3/5 2428/3/5 2432/3/5
f 2434/3/5 2428/3/5 2433/3/5
f 2435/3/5 2428/3/5 2434/3/5
f 2436/3/5 2430/3/5 2429/3/5
f 2437/4/5 2431/4/5 2430/4/5
f 2437/3/5 2430/3/5 2436/3/5
f 2438/5/5 2432/5/5 2431/5/5
f 2438/4/5 2431/4/5 2437/4/5
f 2439/1/5 2433/1/5 2432/1/5
f 2439/5/5 2432/5/5 2438/5/5
f 2440/5/5 2434/5/5 2433/5/5
f 2440/1/5 2433/1/5 2439/1/5
f 2441/4/5 2435/4/5 2434/4/5
f 2441/5/5 2434/5/5 2440/5/5
f 2442/4/5 2435/4/5 2441/4/5
f 2443/4/5 2437/4/5 2436/4/5
f 2444/3/5 2438/3/5 2437/3/5
f 2444/4/5 2437/4/5 2443/4/5
f 2445/4/5 2439/4/5 2438/4/5
f 2445/2/5 2440/2/5 2439/2/5
f 2446/5/5 2441/5/5 2440/5/5
f 2446/2/5 2440/2/5 2445/2/5
f 2447/3/5 2442/3/5 2441/3/5
f 2447/5/5 2441/5/5 2446/5/5
f 2448/3/5 2442/3/5 2447/3/5
f 2449/6/5 2444/6/5 2443/6/5
f 2450/3/5 2438/3/5 2444/3/5
f 2450/6/5 2444/6/5 2449/6/5
f 2451/4/5 2445/4/5 2438/4/5
f 2451/3/5 2438/3/5 2450/3/5
f 2452/3/5 2446/3/5 2445/3/5
f 2452/4/5 2445/4/5 2451/4/5
f 2452/3/5 2447/3/5 2446/3/5
f 2453/3/5 2447/3/5 2452/3/5
f 2454/4/5 2448/4/5 2447/4/5
f 2454/3/5 2447/3/5 2453/3/5
f 2455/4/5 2450/4/5 2449/4/5
f 2456/7/5 2451/7/5 2450/7/5
f 2456/4/5 2450/4/5 2455/4/5
f 2457/3/5 2452/3/5 2451/3/5
f 2457/7/5 2451/7/5 2456/7/5
f 2458/6/5 2453/6/5 2452/6/5
f 2458/3/5 2452/3/5 2457/3/5
f 2459/5/5 2454/5/5 2453/5/5
f 2459/6/5 2453/6/5 2458/6/5
f 2460/4/5 2448/4/5 2454/4/5
f 2460/5/5 2454/5/5 2459/5/5
f 2461/5/5 2456/5/5 2455/5/5
f 2462/6/5 2457/6/5 2456/6/5
f 2462/5/5 2456/5/5 2461/5/5
f 2463/4/5 2458/4/5 2457/4/5
f 2463/6/5 2457/6/5 2462/6/5
f 2464/7/5 2459/7/5 2458/7/5
f 2464/3/5 2460/3/5 2459/3/5
f 2465/4/5 2448/4/5 2460/4/5
f 2465/3/5 2460/3/5 2464/3/5
f 2466/4/5 2448/4/5 2465/4/5
f 2467/4/5 2462/4/5 2461/4/5
f 2468/8/5 2463/8/5 2462/8/5
f 2468/4/5 2462/4/5 2467/4/5
f 2469/4/5 2458/4/5 2463/4/5
f 2469/8/5 2463/8/5 2468/8/5
f 2470/7/5 2464/7/5 2458/7/5
f 2470/4/5 2458/4/5 2469/4/5
f 2471/5/5 2465/5/5 2464/5/5
f 2471/7/5 2464/7/5 2470/7/5
f 2472/6/5 2466/6/5 2465/6/5
f 2472/5/5 2465/5/5 2471/5/5
f 2473/6/5 2466/6/5 2472/6/5
f 2474/6/5 2468/6/5 2467/6/5
f 2475/7/5 2469/7/5 2468/7/5
f 2475/6/5 2468/6/5 2474/6/5
f 2476/2/5 2470/2/5 2469/2/5
f 2476/7/5 2469/7/5 2475/7/5
f 2477/5/5 2471/5/5 2470/5/5
f 2477/3/5 2472/3/5 2471/3/5
f 2478/4/5 2473/4/5 2472/4/5
f 2478/3/5 2472/3/5 2477/3/5
f 2479/4/5 2473/4/5 2478/4/5
f 2480/5/5 2475/5/5 2474/5/5
f 2480/6/5 2476/6/5 2475/6/5
f 2481/2/5 2470/2/5 2476/2/5
f 2481/6/5 2476/6/5 2480/6/5
f 2482/5/5 2479/5/5 2478/5/5
f 2482/2/5 2470/2/5 2481/2/5
f 2482/5/5 2477/5/5 2470/5/5
f 2482/5/5 2478/5/5 2477/5/5
f 2483/5/5 2479/5/5 2482/5/5
f 2484/5/5 2479/5/5 2483/5/5
f 2485/5/5 2480/5/5 2474/5/5
f 2485/8/5 2481/8/5 2480/8/5
f 2486/4/5 2482/4/5 2481/4/5
f 2486/8/5 2481/8/5 2485/8/5
f 2487/5/5 2483/5/5 2482/5/5
f 2487/4/5 2482/4/5 2486/4/5
f 2488/5/5 2483/5/5 2487/5/5
f 2489/4/5 2484/4/5 2483/4/5
f 2489/5/5 2483/5/5 2488/5/5
f 2490/4/5 2484/4/5 2489/4/5
f 2491/5/5 2485/5/5 2474/5/5
f 2492/7/5 2486/7/5 2485/7/5
f 2492/5/5 2485/5/5 2491/5/5
f 2493/3/5 2487/3/5 2486/3/5
f 2493/7/5 2486/7/5 2492/7/5
f 2494/7/5 2488/7/5 2487/7/5
f 2494/3/5 2487/3/5 2493/3/5
f 2495/5/5 2489/5/5 2488/5/5
f 2495/7/5 2488/7/5 2494/7/5
f 2496/6/5 2490/6/5 2489/6/5
f 2496/5/5 2489/5/5 2495/5/5
f 2497/6/5 2490/6/5 2496/6/5
f 2498/8/5 2493/8/5 2492/8/5
f 2498/6/5 2492/6/5 2491/6/5
f 2499/3/5 2494/3/5 2493/3/5
f 2499/8/5 2493/8/5 2498/8/5
f 2500/4/5 2497/4/5 2496/4/5
f 2500/5/5 2495/5/5 2494/5/5
f 2500/5/5 2496/5/5 2495/5/5
f 2501/4/5 2497/4/5 2500/4/5
f 2502/6/5 2498/6/5 2491/6/5
f 2502/6/5 2499/6/5 2498/6/5
f 2503/3/5 2494/3/5 2499/3/5
f 2503/6/5 2499/6/5 2502/6/5
f 2504/5/5 2500/5/5 2494/5/5
f 2504/3/5 2494/3/5 2503/3/5
f 2505/6/5 2501/6/5 2500/6/5
f 2505/5/5 2500/5/5 2504/5/5
f 2506/6/5 2501/6/5 2505/6/5
f 2507/6/5 2502/6/5 2491/6/5
f 2508/7/5 2503/7/5 2502/7/5
f 2508/6/5 2502/6/5 2507/6/5
f 2509/2/5 2504/2/5 2503/2/5
f 2509/7/5 2503/7/5 2508/7/5
f 2510/5/5 2505/5/5 2504/5/5
f 2510/2/5 2504/2/5 2509/2/5
f 2511/5/5 2505/5/5 2510/5/5
f 2512/4/5 2506/4/5 2505/4/5
f 2512/5/5 2505/5/5 2511/5/5
f 2513/4/5 2506/4/5 2512/4/5
f 2514/3/5 2509/3/5 2508/3/5
f 2514/2/5 2510/2/5 2509/2/5
f 2515/6/5 2511/6/5 2510/6/5
f 2515/2/5 2510/2/5 2514/2/5
f 2516/5/5 2512/5/5 2511/5/5
f 2516/6/5 2511/6/5 2515/6/5
f 2517/6/5 2513/6/5 2512/6/5
f 2517/5/5 2512/5/5 2516/5/5
f 2518/6/5 2513/6/5 2517/6/5
f 2519/5/5 2508/5/5 2507/5/5
f 2520/3/5 2514/3/5 2508/3/5
f 2520/5/5 2508/5/5 2519/5/5
f 2521/4/5 2515/4/5 2514/4/5
f 2521/3/5 2514/3/5 2520/3/5
f 2522/6/5 2516/6/5 2515/6/5
f 2522/4/5 2515/4/5 2521/4/5
f 2523/4/5 2517/4/5 2516/4/5
f 2523/6/5 2516/6/5 2522/6/5
f 2524/5/5 2518/5/5 2517/5/5
f 2524/4/5 2517/4/5 2523/4/5
f 2525/5/5 2518/5/5 2524/5/5
f 2526/2/5 2521/2/5 2520/2/5
f 2526/6/5 2520/6/5 2519/6/5
f 2527/3/5 2522/3/5 2521/3/5
f 2527/2/5 2521/2/5 2526/2/5
f 2528/5/5 2523/5/5 2522/5/5
f 2528/3/5 2522/3/5 2527/3/5
f 2529/3/5 2524/3/5 2523/3/5
f 2529/5/5 2523/5/5 2528/5/5
f 2530/6/5 2525/6/5 2524/6/5
f 2530/3/5 2524/3/5 2529/3/5
f 2531/6/5 2526/6/5 2519/6/5
f 2532/3/5 2527/3/5 2526/3/5
f 2532/6/5 2526/6/5 2531/6/5
f 2533/4/5 2528/4/5 2527/4/5
f 2533/3/5 2527/3/5 2532/3/5
f 2534/6/5 2529/6/5 2528/6/5
f 2534/4/5 2528/4/5 2533/4/5
f 2535/4/5 2530/4/5 2529/4/5
f 2535/6/5 2529/6/5 2534/6/5
f 2536/6/5 2525/6/5 2530/6/5
f 2536/4/5 2530/4/5 2535/4/5
f 2537/5/5 2532/5/5 2531/5/5
f 2538/3/5 2533/3/5 2532/3/5
f 2538/5/5 2532/5/5 2537/5/5
f 2539/4/5 2535/4/5 2534/4/5
f 2539/2/5 2534/2/5 2533/2/5
f 2540/5/5 2536/5/5 2535/5/5
f 2540/4/5 2535/4/5 2539/4/5
f 2541/6/5 2525/6/5 2536/6/5
f 2541/5/5 2536/5/5 2540/5/5
f 2542/6/5 2538/6/5 2537/6/5
f 2543/3/5 2533/3/5 2538/3/5
f 2543/6/5 2538/6/5 2542/6/5
f 2544/2/5 2539/2/5 2533/2/5
f 2544/3/5 2533/3/5 2543/3/5
f 2545/6/5 2540/6/5 2539/6/5
f 2545/2/5 2539/2/5 2544/2/5
f 2546/6/5 2525/6/5 2541/6/5
f 2546/4/5 2541/4/5 2540/4/5
f 2547/6/5 2525/6/5 2546/6/5
f 2548/8/5 2543/8/5 2542/8/5
f 2549/1/5 2544/1/5 2543/1/5
f 2549/8/5 2543/8/5 2548/8/5
f 2550/6/5 2545/6/5 2544/6/5
f 2550/1/5 2544/1/5 2549/1/5
f 2551/6/5 2540/6/5 2545/6/5
f 2551/6/5 2545/6/5 2550/6/5
f 2552/4/5 2546/4/5 2540/4/5
f 2552/6/5 2540/6/5 2551/6/5
f 2552/4/5 2547/4/5 2546/4/5
f 2553/4/5 2547/4/5 2552/4/5
f 2554/4/5 2547/4/5 2553/4/5
f 2555/7/5 2549/7/5 2548/7/5
f 2556/2/5 2550/2/5 2549/2/5
f 2556/7/5 2549/7/5 2555/7/5
f 2557/4/5 2551/4/5 2550/4/5
f 2557/2/5 2550/2/5 2556/2/5
f 2558/5/5 2552/5/5 2551/5/5
f 2558/4/5 2551/4/5 2557/4/5
f 2559/3/5 2553/3/5 2552/3/5
f 2559/5/5 2552/5/5 2558/5/5
f 2560/5/5 2554/5/5 2553/5/5
f 2560/3/5 2553/3/5 2559/3/5
f 2561/5/5 2554/5/5 2560/5/5
f 2562/8/5 2556/8/5 2555/8/5
f 2563/2/5 2557/2/5 2556/2/5
f 2563/8/5 2556/8/5 2562/8/5
f 2564/5/5 2558/5/5 2557/5/5
f 2564/2/5 2557/2/5 2563/2/5
f 2565/4/5 2559/4/5 2558/4/5
f 2565/5/5 2558/5/5 2564/5/5
f 2565/4/5 2560/4/5 2559/4/5
f 2565/4/5 2561/4/5 2560/4/5
f 2566/4/5 2561/4/5 2565/4/5
f 2567/4/5 2561/4/5 2566/4/5
f 2568/4/5 2561/4/5 2567/4/5
f 2569/7/5 2563/7/5 2562/7/5
f 2570/3/5 2564/3/5 2563/3/5
f 2570/7/5 2563/7/5 2569/7/5
f 2571/4/5 2565/4/5 2564/4/5
f 2571/3/5 2564/3/5 2570/3/5
f 2572/5/5 2566/5/5 2565/5/5
f 2572/4/5 2565/4/5 2571/4/5
f 2573/3/5 2567/3/5 2566/3/5
f 2573/5/5 2566/5/5 2572/5/5
f 2574/6/5 2568/6/5 2567/6/5
f 2574/3/5 2567/3/5 2573/3/5
f 2575/6/5 2568/6/5 2574/6/5
f 2576/6/5 2570/6/5 2569/6/5
f 2577/1/5 2571/1/5 2570/1/5
f 2577/6/5 2570/6/5 2576/6/5
f 2578/6/5 2572/6/5 2571/6/5
f 2578/4/5 2573/4/5 2572/4/5
f 2578/4/5 2574/4/5 2573/4/5
f 2579/4/5 2574/4/5 2578/4/5
f 2580/3/5 2575/3/5 2574/3/5
f 2580/4/5 2574/4/5 2579/4/5
f 2581/8/5 2577/8/5 2576/8/5
f 2582/1/5 2571/1/5 2577/1/5
f 2582/8/5 2577/8/5 2581/8/5
f 2583/6/5 2579/6/5 2578/6/5
f 2583/1/5 2571/1/5 2582/1/5
f 2583/6/5 2578/6/5 2571/6/5
f 2584/6/5 2579/6/5 2583/6/5
f 2585/7/5 2582/7/5 2581/7/5
f 2586/2/5 2583/2/5 2582/2/5
f 2586/7/5 2582/7/5 2585/7/5
f 2586/2/5 2584/2/5 2583/2/5
f 2587/2/5 2584/2/5 2586/2/5
f 2588/6/5 2579/6/5 2584/6/5
f 2588/2/5 2584/2/5 2587/2/5
f 2589/3/5 2580/3/5 2579/3/5
f 2589/6/5 2579/6/5 2588/6/5
f 2590/3/5 2575/3/5 2580/3/5
f 2590/3/5 2580/3/5 2589/3/5
f 2591/6/5 2586/6/5 2585/6/5
f 2592/2/5 2587/2/5 2586/2/5
f 2592/6/5 2586/6/5 2591/6/5
f 2593/4/5 2589/4/5 2588/4/5
f 2593/2/5 2587/2/5 2592/2/5
f 2593/4/5 2588/4/5 2587/4/5
f 2594/4/5 2589/4/5 2593/4/5
f 2595/5/5 2590/5/5 2589/5/5
f 2595/4/5 2589/4/5 2594/4/5
f 2596/3/5 2575/3/5 2590/3/5
f 2596/5/5 2590/5/5 2595/5/5
f 2597/8/5 2592/8/5 2591/8/5
f 2598/1/5 2593/1/5 2592/1/5
f 2598/8/5 2592/8/5 2597/8/5
f 2599/6/5 2595/6/5 2594/6/5
f 2599/3/5 2596/3/5 2595/3/5
f 2600/3/5 2575/3/5 2596/3/5
f 2600/3/5 2596/3/5 2599/3/5
f 2601/3/5 2575/3/5 2600/3/5
f 2602/6/5 2598/6/5 2597/6/5
f 2603/1/5 2593/1/5 2598/1/5
f 2603/6/5 2598/6/5 2602/6/5
f 2604/6/5 2599/6/5 2594/6/5
f 2604/4/5 2594/4/5 2593/4/5
f 2605/5/5 2600/5/5 2599/5/5
f 2605/6/5 2599/6/5 2604/6/5
f 2606/2/5 2601/2/5 2600/2/5
f 2606/5/5 2600/5/5 2605/5/5
f 2607/2/5 2601/2/5 2606/2/5
f 2608/1/5 2593/1/5 2603/1/5
f 2608/8/5 2603/8/5 2602/8/5
f 2609/4/5 2604/4/5 2593/4/5
f 2609/1/5 2593/1/5 2608/1/5
f 2610/5/5 2605/5/5 2604/5/5
f 2610/4/5 2604/4/5 2609/4/5
f 2611/4/5 2606/4/5 2605/4/5
f 2611/5/5 2605/5/5 2610/5/5
f 2612/8/5 2608/8/5 2602/8/5
f 2613/2/5 2609/2/5 2608/2/5
f 2613/8/5 2608/8/5 2612/8/5
f 2614/3/5 2610/3/5 2609/3/5
f 2614/2/5 2609/2/5 2613/2/5
f 2615/4/5 2611/4/5 2610/4/5
f 2615/3/5 2610/3/5 2614/3/5
f 2616/1/5 2607/1/5 2606/1/5
f 2616/4/5 2611/4/5 2615/4/5
f 2616/4/5 2606/4/5 2611/4/5
f 2617/7/5 2613/7/5 2612/7/5
f 2618/1/5 2614/1/5 2613/1/5
f 2618/7/5 2613/7/5 2617/7/5
f 2619/2/5 2615/2/5 2614/2/5
f 2619/1/5 2614/1/5 2618/1/5
f 2620/5/5 2616/5/5 2615/5/5
f 2620/2/5 2615/2/5 2619/2/5
f 2621/5/5 2616/5/5 2620/5/5
f 2622/1/5 2607/1/5 2616/1/5
f 2622/5/5 2616/5/5 2621/5/5
f 2623/1/5 2607/1/5 2622/1/5
f 2624/6/5 2618/6/5 2617/6/5
f 2625/2/5 2619/2/5 2618/2/5
f 2625/6/5 2618/6/5 2624/6/5
f 2626/3/5 2620/3/5 2619/3/5
f 2626/2/5 2619/2/5 2625/2/5
f 2627/4/5 2622/4/5 2621/4/5
f 2627/2/5 2623/2/5 2622/2/5
f 2628/2/5 2623/2/5 2627/2/5
f 2629/5/5 2621/5/5 2620/5/5
f 2629/3/5 2620/3/5 2626/3/5
f 2630/4/5 2627/4/5 2621/4/5
f 2630/5/5 2621/5/5 2629/5/5
f 2631/7/5 2625/7/5 2624/7/5
f 2632/4/5 2626/4/5 2625/4/5
f 2632/7/5 2625/7/5 2631/7/5
f 2633/4/5 2627/4/5 2630/4/5
f 2633/3/5 2630/3/5 2629/3/5
f 2634/5/5 2628/5/5 2627/5/5
f 2634/4/5 2627/4/5 2633/4/5
f 2635/6/5 2632/6/5 2631/6/5
f 2636/4/5 2626/4/5 2632/4/5
f 2636/6/5 2632/6/5 2635/6/5
f 2637/3/5 2633/3/5 2629/3/5
f 2637/4/5 2626/4/5 2636/4/5
f 2637/3/5 2629/3/5 2626/3/5
f 2637/3/5 2634/3/5 2633/3/5
f 2638/3/5 2634/3/5 2637/3/5
f 2639/3/5 2634/3/5 2638/3/5
f 2640/5/5 2628/5/5 2634/5/5
f 2640/3/5 2634/3/5 2639/3/5
f 2641/5/5 2628/5/5 2640/5/5
f 2642/3/5 2637/3/5 2636/3/5
f 2642/4/5 2638/4/5 2637/4/5
f 2643/5/5 2639/5/5 2638/5/5
f 2643/4/5 2638/4/5 2642/4/5
f 2644/3/5 2640/3/5 2639/3/5
f 2644/5/5 2639/5/5 2643/5/5
f 2645/6/5 2641/6/5 2640/6/5
f 2645/3/5 2640/3/5 2644/3/5
f 2646/6/5 2641/6/5 2645/6/5
f 2647/8/5 2636/8/5 2635/8/5
f 2648/3/5 2642/3/5 2636/3/5
f 2648/8/5 2636/8/5 2647/8/5
f 2649/5/5 2643/5/5 2642/5/5
f 2649/3/5 2642/3/5 2648/3/5
f 2650/4/5 2644/4/5 2643/4/5
f 2650/5/5 2643/5/5 2649/5/5
f 2650/4/5 2645/4/5 2644/4/5
f 2650/4/5 2646/4/5 2645/4/5
f 2651/4/5 2646/4/5 2650/4/5
f 2652/4/5 2646/4/5 2651/4/5
f 2653/4/5 2646/4/5 2652/4/5
f 2654/4/5 2649/4/5 2648/4/5
f 2654/7/5 2648/7/5 2647/7/5
f 2654/4/5 2650/4/5 2649/4/5
f 2654/4/5 2651/4/5 2650/4/5
f 2655/4/5 2651/4/5 2654/4/5
f 2656/4/5 2651/4/5 2655/4/5
f 2657/3/5 2652/3/5 2651/3/5
f 2657/4/5 2651/4/5 2656/4/5
f 2658/6/5 2653/6/5 2652/6/5
f 2658/3/5 2652/3/5 2657/3/5
f 2659/7/5 2654/7/5 2647/7/5
f 2660/3/5 2655/3/5 2654/3/5
f 2660/7/5 2654/7/5 2659/7/5
f 2661/6/5 2656/6/5 2655/6/5
f 2661/3/5 2655/3/5 2660/3/5
f 2662/3/5 2657/3/5 2656/3/5
f 2662/5/5 2658/5/5 2657/5/5
f 2663/6/5 2653/6/5 2658/6/5
f 2663/5/5 2658/5/5 2662/5/5
f 2664/6/5 2653/6/5 2663/6/5
f 2665/8/5 2660/8/5 2659/8/5
f 2666/5/5 2661/5/5 2660/5/5
f 2666/8/5 2660/8/5 2665/8/5
f 2667/6/5 2656/6/5 2661/6/5
f 2667/5/5 2661/5/5 2666/5/5
f 2668/3/5 2662/3/5 2656/3/5
f 2668/6/5 2656/6/5 2667/6/5
f 2668/3/5 2663/3/5 2662/3/5
f 2669/5/5 2664/5/5 2663/5/5
f 2669/3/5 2663/3/5 2668/3/5
f 2670/5/5 2664/5/5 2669/5/5
f 2671/6/5 2666/6/5 2665/6/5
f 2672/3/5 2667/3/5 2666/3/5
f 2672/6/5 2666/6/5 2671/6/5
f 2673/5/5 2668/5/5 2667/5/5
f 2673/3/5 2667/3/5 2672/3/5
f 2673/5/5 2669/5/5 2668/5/5
f 2674/5/5 2669/5/5 2673/5/5
f 2675/6/5 2670/6/5 2669/6/5
f 2675/5/5 2669/5/5 2674/5/5
f 2676/7/5 2672/7/5 2671/7/5
f 2677/4/5 2673/4/5 2672/4/5
f 2677/7/5 2672/7/5 2676/7/5
f 2678/5/5 2674/5/5 2673/5/5
f 2678/4/5 2673/4/5 2677/4/5
f 2679/4/5 2675/4/5 2674/4/5
f 2679/5/5 2674/5/5 2678/5/5
f 2680/4/5 2675/4/5 2679/4/5
f 2681/6/5 2670/6/5 2675/6/5
f 2681/4/5 2675/4/5 2680/4/5
f 2682/6/5 2670/6/5 2681/6/5
f 2683/8/5 2677/8/5 2676/8/5
f 2684/3/5 2678/3/5 2677/3/5
f 2684/8/5 2677/8/5 2683/8/5
f 2685/6/5 2679/6/5 2678/6/5
f 2685/3/5 2678/3/5 2684/3/5
f 2686/8/5 2680/8/5 2679/8/5
f 2686/6/5 2679/6/5 2685/6/5
f 2687/3/5 2681/3/5 2680/3/5
f 2687/8/5 2680/8/5 2686/8/5
f 2688/2/5 2682/2/5 2681/2/5
f 2688/3/5 2681/3/5 2687/3/5
f 2689/6/5 2684/6/5 2683/6/5
f 2690/3/5 2685/3/5 2684/3/5
f 2690/6/5 2684/6/5 2689/6/5
f 2691/4/5 2686/4/5 2685/4/5
f 2691/3/5 2685/3/5 2690/3/5
f 2692/8/5 2687/8/5 2686/8/5
f 2692/4/5 2686/4/5 2691/4/5
f 2693/2/5 2682/2/5 2688/2/5
f 2693/5/5 2688/5/5 2687/5/5
f 2694/2/5 2682/2/5 2693/2/5
f 2695/7/5 2690/7/5 2689/7/5
f 2696/4/5 2691/4/5 2690/4/5
f 2696/7/5 2690/7/5 2695/7/5
f 2697/6/5 2692/6/5 2691/6/5
f 2697/4/5 2691/4/5 2696/4/5
f 2698/8/5 2687/8/5 2692/8/5
f 2698/6/5 2692/6/5 2697/6/5
f 2699/5/5 2693/5/5 2687/5/5
f 2699/8/5 2687/8/5 2698/8/5
f 2700/4/5 2694/4/5 2693/4/5
f 2700/5/5 2693/5/5 2699/5/5
f 2701/4/5 2694/4/5 2700/4/5
f 2702/6/5 2696/6/5 2695/6/5
f 2703/3/5 2697/3/5 2696/3/5
f 2703/6/5 2696/6/5 2702/6/5
f 2704/6/5 2698/6/5 2697/6/5
f 2704/3/5 2697/3/5 2703/3/5
f 2704/6/5 2699/6/5 2698/6/5
f 2705/6/5 2699/6/5 2704/6/5
f 2706/5/5 2700/5/5 2699/5/5
f 2706/6/5 2699/6/5 2705/6/5
f 2707/2/5 2701/2/5 2700/2/5
f 2707/5/5 2700/5/5 2706/5/5
f 2708/2/5 2701/2/5 2707/2/5
f 2709/7/5 2703/7/5 2702/7/5
f 2709/4/5 2705/4/5 2704/4/5
f 2709/4/5 2704/4/5 2703/4/5
f 2710/4/5 2705/4/5 2709/4/5
f 2711/8/5 2706/8/5 2705/8/5
f 2711/5/5 2707/5/5 2706/5/5
f 2712/3/5 2708/3/5 2707/3/5
f 2712/5/5 2707/5/5 2711/5/5
f 2713/3/5 2708/3/5 2712/3/5
f 2714/7/5 2709/7/5 2702/7/5
f 2715/3/5 2710/3/5 2709/3/5
f 2715/7/5 2709/7/5 2714/7/5
f 2716/4/5 2705/4/5 2710/4/5
f 2716/3/5 2710/3/5 2715/3/5
f 2717/8/5 2711/8/5 2705/8/5
f 2717/4/5 2705/4/5 2716/4/5
f 2718/6/5 2712/6/5 2711/6/5
f 2718/8/5 2711/8/5 2717/8/5
f 2719/4/5 2713/4/5 2712/4/5
f 2719/6/5 2712/6/5 2718/6/5
f 2720/4/5 2713/4/5 2719/4/5
f 2721/6/5 2715/6/5 2714/6/5
f 2722/2/5 2716/2/5 2715/2/5
f 2722/6/5 2715/6/5 2721/6/5
f 2723/5/5 2717/5/5 2716/5/5
f 2723/2/5 2716/2/5 2722/2/5
f 2724/7/5 2718/7/5 2717/7/5
f 2724/5/5 2717/5/5 2723/5/5
f 2724/7/5 2719/7/5 2718/7/5
f 2725/7/5 2719/7/5 2724/7/5
f 2726/3/5 2720/3/5 2719/3/5
f 2726/7/5 2719/7/5 2725/7/5
f 2727/3/5 2720/3/5 2726/3/5
f 2728/7/5 2722/7/5 2721/7/5
f 2729/3/5 2723/3/5 2722/3/5
f 2729/7/5 2722/7/5 2728/7/5
f 2730/7/5 2725/7/5 2724/7/5
f 2730/4/5 2724/4/5 2723/4/5
f 2731/5/5 2726/5/5 2725/5/5
f 2731/7/5 2725/7/5 2730/7/5
f 2732/4/5 2727/4/5 2726/4/5
f 2732/5/5 2726/5/5 2731/5/5
f 2733/4/5 2727/4/5 2732/4/5
f 2734/8/5 2729/8/5 2728/8/5
f 2735/3/5 2723/3/5 2729/3/5
f 2735/8/5 2729/8/5 2734/8/5
f 2736/4/5 2730/4/5 2723/4/5
f 2736/3/5 2723/3/5 2735/3/5
f 2737/6/5 2731/6/5 2730/6/5
f 2737/4/5 2730/4/5 2736/4/5
f 2737/6/5 2732/6/5 2731/6/5
f 2738/3/5 2733/3/5 2732/3/5
f 2738/6/5 2732/6/5 2737/6/5
f 2739/3/5 2733/3/5 2738/3/5
f 2740/7/5 2735/7/5 2734/7/5
f 2741/4/5 2736/4/5 2735/4/5
f 2741/7/5 2735/7/5 2740/7/5
f 2741/4/5 2737/4/5 2736/4/5
f 2742/4/5 2737/4/5 2741/4/5
f 2743/7/5 2738/7/5 2737/7/5
f 2743/4/5 2737/4/5 2742/4/5
f 2744/2/5 2739/2/5 2738/2/5
f 2744/7/5 2738/7/5 2743/7/5
f 2745/2/5 2739/2/5 2744/2/5
f 2746/8/5 2741/8/5 2740/8/5
f 2747/6/5 2742/6/5 2741/6/5
f 2747/8/5 2741/8/5 2746/8/5
f 2748/5/5 2743/5/5 2742/5/5
f 2748/6/5 2742/6/5 2747/6/5
f 2748/5/5 2744/5/5 2743/5/5
f 2749/5/5 2744/5/5 2748/5/5
f 2750/3/5 2745/3/5 2744/3/5
f 2750/5/5 2744/5/5 2749/5/5
f 2751/3/5 2745/3/5 2750/3/5
f 2752/4/5 2747/4/5 2746/4/5
f 2753/5/5 2748/5/5 2747/5/5
f 2753/4/5 2747/4/5 2752/4/5
f 2754/4/5 2749/4/5 2748/4/5
f 2754/5/5 2748/5/5 2753/5/5
f 2755/5/5 2750/5/5 2749/5/5
f 2755/4/5 2749/4/5 2754/4/5
f 2755/5/5 2751/5/5 2750/5/5
f 2756/5/5 2753/5/5 2752/5/5
f 2756/7/5 2754/7/5 2753/7/5
f 2757/2/5 2755/2/5 2754/2/5
f 2757/7/5 2754/7/5 2756/7/5
f 2758/5/5 2751/5/5 2755/5/5
f 2758/2/5 2755/2/5 2757/2/5
f 2759/5/5 2751/5/5 2758/5/5
f 2760/5/5 2751/5/5 2759/5/5
f 2761/6/5 2757/6/5 2756/6/5
f 2761/3/5 2758/3/5 2757/3/5
f 2762/5/5 2759/5/5 2758/5/5
f 2762/3/5 2758/3/5 2761/3/5
f 2763/4/5 2760/4/5 2759/4/5
f 2763/5/5 2759/5/5 2762/5/5
f 2764/4/5 2760/4/5 2763/4/5
f 2765/5/5 2756/5/5 2752/5/5
f 2766/6/5 2761/6/5 2756/6/5
f 2766/5/5 2756/5/5 2765/5/5
f 2767/4/5 2762/4/5 2761/4/5
f 2767/6/5 2761/6/5 2766/6/5
f 2768/6/5 2763/6/5 2762/6/5
f 2768/4/5 2762/4/5 2767/4/5
f 2769/4/5 2766/4/5 2765/4/5
f 2770/6/5 2767/6/5 2766/6/5
f 2770/4/5 2766/4/5 2769/4/5
f 2771/2/5 2768/2/5 2767/2/5
f 2771/6/5 2767/6/5 2770/6/5
f 2772/6/5 2763/6/5 2768/6/5
f 2772/2/5 2768/2/5 2771/2/5
f 2773/3/5 2764/3/5 2763/3/5
f 2773/6/5 2763/6/5 2772/6/5
f 2774/4/5 2760/4/5 2764/4/5
f 2774/3/5 2764/3/5 2773/3/5
f 2775/5/5 2771/5/5 2770/5/5
f 2775/3/5 2772/3/5 2771/3/5
f 2776/6/5 2773/6/5 2772/6/5
f 2776/3/5 2772/3/5 2775/3/5
f 2777/5/5 2774/5/5 2773/5/5
f 2777/6/5 2773/6/5 2776/6/5
f 2778/4/5 2760/4/5 2774/4/5
f 2778/5/5 2774/5/5 2777/5/5
f 2779/4/5 2760/4/5 2778/4/5
f 2780/5/5 2775/5/5 2770/5/5
f 2780/3/5 2770/3/5 2769/3/5
f 2781/2/5 2776/2/5 2775/2/5
f 2781/5/5 2775/5/5 2780/5/5
f 2782/4/5 2777/4/5 2776/4/5
f 2782/2/5 2776/2/5 2781/2/5
f 2783/3/5 2778/3/5 2777/3/5
f 2783/4/5 2777/4/5 2782/4/5
f 2784/5/5 2779/5/5 2778/5/5
f 2784/3/5 2778/3/5 2783/3/5
f 2785/5/5 2779/5/5 2784/5/5
f 2786/3/5 2780/3/5 2769/3/5
f 2787/7/5 2781/7/5 2780/7/5
f 2787/3/5 2780/3/5 2786/3/5
f 2788/4/5 2782/4/5 2781/4/5
f 2788/7/5 2781/7/5 2787/7/5
f 2789/6/5 2783/6/5 2782/6/5
f 2789/4/5 2782/4/5 2788/4/5
f 2790/3/5 2784/3/5 2783/3/5
f 2790/6/5 2783/6/5 2789/6/5
f 2791/4/5 2785/4/5 2784/4/5
f 2791/3/5 2784/3/5 2790/3/5
f 2792/4/5 2785/4/5 2791/4/5
f 2793/5/5 2787/5/5 2786/5/5
f 2794/6/5 2788/6/5 2787/6/5
f 2794/5/5 2787/5/5 2793/5/5
f 2795/2/5 2789/2/5 2788/2/5
f 2795/6/5 2788/6/5 2794/6/5
f 2796/6/5 2790/6/5 2789/6/5
f 2796/2/5 2789/2/5 2795/2/5
f 2797/5/5 2791/5/5 2790/5/5
f 2797/6/5 2790/6/5 2796/6/5
f 2798/3/5 2792/3/5 2791/3/5
f 2798/5/5 2791/5/5 2797/5/5
f 2799/3/5 2792/3/5 2798/3/5
f 2800/3/5 2794/3/5 2793/3/5
f 2801/5/5 2795/5/5 2794/5/5
f 2801/3/5 2794/3/5 2800/3/5
f 2802/3/5 2796/3/5 2795/3/5
f 2802/5/5 2795/5/5 2801/5/5
f 2803/6/5 2797/6/5 2796/6/5
f 2803/3/5 2796/3/5 2802/3/5
f 2804/3/5 2798/3/5 2797/3/5
f 2804/6/5 2797/6/5 2803/6/5
f 2805/5/5 2799/5/5 2798/5/5
f 2805/3/5 2798/3/5 2804/3/5
f 2806/5/5 2801/5/5 2800/5/5
f 2806/5/5 2802/5/5 2801/5/5
f 2806/2/5 2803/2/5 2802/2/5
f 2807/6/5 2804/6/5 2803/6/5
f 2807/2/5 2803/2/5 2806/2/5
f 2808/5/5 2805/5/5 2804/5/5
f 2808/6/5 2804/6/5 2807/6/5
f 2809/5/5 2799/5/5 2805/5/5
f 2809/5/5 2805/5/5 2808/5/5
f 2810/5/5 2799/5/5 2809/5/5
f 2811/5/5 2806/5/5 2800/5/5
f 2812/5/5 2806/5/5 2811/5/5
f 2813/4/5 2807/4/5 2806/4/5
f 2813/5/5 2806/5/5 2812/5/5
f 2814/6/5 2808/6/5 2807/6/5
f 2814/4/5 2807/4/5 2813/4/5
f 2815/3/5 2809/3/5 2808/3/5
f 2815/7/5 2810/7/5 2809/7/5
f 2816/7/5 2810/7/5 2815/7/5
f 2817/3/5 2812/3/5 2811/3/5
f 2818/7/5 2813/7/5 2812/7/5
f 2818/3/5 2812/3/5 2817/3/5
f 2819/6/5 2808/6/5 2814/6/5
f 2819/2/5 2814/2/5 2813/2/5
f 2820/3/5 2815/3/5 2808/3/5
f 2820/6/5 2808/6/5 2819/6/5
f 2821/6/5 2816/6/5 2815/6/5
f 2821/3/5 2815/3/5 2820/3/5
f 2822/7/5 2813/7/5 2818/7/5
f 2822/2/5 2819/2/5 2813/2/5
f 2823/7/5 2820/7/5 2819/7/5
f 2823/2/5 2819/2/5 2822/2/5
f 2824/4/5 2821/4/5 2820/4/5
f 2824/7/5 2820/7/5 2823/7/5
f 2825/6/5 2816/6/5 2821/6/5
f 2825/4/5 2821/4/5 2824/4/5
f 2826/5/5 2818/5/5 2817/5/5
f 2827/7/5 2822/7/5 2818/7/5
f 2827/5/5 2818/5/5 2826/5/5
f 2828/3/5 2823/3/5 2822/3/5
f 2828/7/5 2822/7/5 2827/7/5
f 2829/8/5 2824/8/5 2823/8/5
f 2829/3/5 2823/3/5 2828/3/5
f 2830/3/5 2825/3/5 2824/3/5
f 2830/8/5 2824/8/5 2829/8/5
f 2831/6/5 2816/6/5 2825/6/5
f 2831/3/5 2825/3/5 2830/3/5
f 2832/3/5 2827/3/5 2826/3/5
f 2833/6/5 2828/6/5 2827/6/5
f 2833/3/5 2827/3/5 2832/3/5
f 2834/3/5 2829/3/5 2828/3/5
f 2834/6/5 2828/6/5 2833/6/5
f 2835/7/5 2830/7/5 2829/7/5
f 2835/3/5 2829/3/5 2834/3/5
f 2836/5/5 2831/5/5 2830/5/5
f 2836/7/5 2830/7/5 2835/7/5
f 2837/6/5 2816/6/5 2831/6/5
f 2837/5/5 2831/5/5 2836/5/5
f 2838/4/5 2833/4/5 2832/4/5
f 2839/5/5 2834/5/5 2833/5/5
f 2839/4/5 2833/4/5 2838/4/5
f 2840/5/5 2839/5/5 2838/5/5
f 2841/5/5 2834/5/5 2839/5/5
f 2841/5/5 2839/5/5 2840/5/5
f 2842/2/5 2835/2/5 2834/2/5
f 2842/5/5 2834/5/5 2841/5/5
f 2843/6/5 2836/6/5 2835/6/5
f 2843/2/5 2835/2/5 2842/2/5
f 2844/4/5 2837/4/5 2836/4/5
f 2844/6/5 2836/6/5 2843/6/5
f 2845/6/5 2816/6/5 2837/6/5
f 2845/4/5 2837/4/5 2844/4/5
f 2846/6/5 2816/6/5 2845/6/5
f 2847/4/5 2841/4/5 2840/4/5
f 2848/6/5 2842/6/5 2841/6/5
f 2848/4/5 2841/4/5 2847/4/5
f 2849/4/5 2843/4/5 2842/4/5
f 2849/6/5 2842/6/5 2848/6/5
f 2850/7/5 2844/7/5 2843/7/5
f 2850/4/5 2843/4/5 2849/4/5
f 2851/5/5 2845/5/5 2844/5/5
f 2851/7/5 2844/7/5 2850/7/5
f 2851/5/5 2846/5/5 2845/5/5
f 2852/5/5 2846/5/5 2851/5/5
f 2853/6/5 2849/6/5 2848/6/5
f 2853/5/5 2848/5/5 2847/5/5
f 2854/3/5 2850/3/5 2849/3/5
f 2854/6/5 2849/6/5 2853/6/5
f 2855/2/5 2851/2/5 2850/2/5
f 2855/3/5 2850/3/5 2854/3/5
f 2856/4/5 2852/4/5 2851/4/5
f 2856/2/5 2851/2/5 2855/2/5
f 2857/4/5 2852/4/5 2856/4/5
f 2858/4/5 2852/4/5 2857/4/5
f 2859/5/5 2853/5/5 2847/5/5
f 2860/7/5 2854/7/5 2853/7/5
f 2860/5/5 2853/5/5 2859/5/5
f 2861/2/5 2855/2/5 2854/2/5
f 2861/7/5 2854/7/5 2860/7/5
f 2862/3/5 2856/3/5 2855/3/5
f 2862/2/5 2855/2/5 2861/2/5
f 2862/3/5 2857/3/5 2856/3/5
f 2863/3/5 2857/3/5 2862/3/5
f 2864/6/5 2858/6/5 2857/6/5
f 2864/3/5 2857/3/5 2863/3/5
f 2865/4/5 2860/4/5 2859/4/5
f 2866/6/5 2861/6/5 2860/6/5
f 2866/4/5 2860/4/5 2865/4/5
f 2867/2/5 2863/2/5 2862/2/5
f 2867/6/5 2861/6/5 2866/6/5
f 2867/2/5 2862/2/5 2861/2/5
f 2868/2/5 2863/2/5 2867/2/5
f 2869/4/5 2864/4/5 2863/4/5
f 2869/2/5 2863/2/5 2868/2/5
f 2870/6/5 2858/6/5 2864/6/5
f 2870/4/5 2864/4/5 2869/4/5
f 2871/6/5 2858/6/5 2870/6/5
f 2872/5/5 2866/5/5 2865/5/5
f 2873/8/5 2867/8/5 2866/8/5
f 2873/5/5 2866/5/5 2872/5/5
f 2874/4/5 2868/4/5 2867/4/5
f 2874/8/5 2867/8/5 2873/8/5
f 2875/3/5 2869/3/5 2868/3/5
f 2875/4/5 2868/4/5 2874/4/5
f 2876/5/5 2870/5/5 2869/5/5
f 2876/3/5 2869/3/5 2875/3/5
f 2876/5/5 2871/5/5 2870/5/5
f 2877/5/5 2871/5/5 2876/5/5
f 2878/4/5 2873/4/5 2872/4/5
f 2879/8/5 2874/8/5 2873/8/5
f 2879/4/5 2873/4/5 2878/4/5
f 2880/2/5 2875/2/5 2874/2/5
f 2880/8/5 2874/8/5 2879/8/5
f 2880/2/5 2876/2/5 2875/2/5
f 2881/4/5 2877/4/5 2876/4/5
f 2881/2/5 2876/2/5 2880/2/5
f 2882/6/5 2879/6/5 2878/6/5
f 2882/7/5 2880/7/5 2879/7/5
f 2883/3/5 2881/3/5 2880/3/5
f 2883/7/5 2880/7/5 2882/7/5
f 2884/4/5 2877/4/5 2881/4/5
f 2884/3/5 2881/3/5 2883/3/5
f 2885/4/5 2877/4/5 2884/4/5
f 2886/4/5 2877/4/5 2885/4/5
f 2887/6/5 2882/6/5 2878/6/5
f 2888/8/5 2883/8/5 2882/8/5
f 2888/6/5 2882/6/5 2887/6/5
f 2889/2/5 2884/2/5 2883/2/5
f 2889/8/5 2883/8/5 2888/8/5
f 2890/4/5 2885/4/5 2884/4/5
f 2890/2/5 2884/2/5 2889/2/5
f 2891/5/5 2886/5/5 2885/5/5
f 2891/4/5 2885/4/5 2890/4/5
f 2892/5/5 2886/5/5 2891/5/5
f 2893/5/5 2888/5/5 2887/5/5
f 2894/8/5 2889/8/5 2888/8/5
f 2894/5/5 2888/5/5 2893/5/5
f 2895/1/5 2890/1/5 2889/1/5
f 2895/8/5 2889/8/5 2894/8/5
f 2896/3/5 2891/3/5 2890/3/5
f 2896/1/5 2890/1/5 2895/1/5
f 2897/4/5 2892/4/5 2891/4/5
f 2897/3/5 2891/3/5 2896/3/5
f 2898/4/5 2892/4/5 2897/4/5
f 2899/6/5 2894/6/5 2893/6/5
f 2900/7/5 2895/7/5 2894/7/5
f 2900/6/5 2894/6/5 2899/6/5
f 2901/2/5 2896/2/5 2895/2/5
f 2901/7/5 2895/7/5 2900/7/5
f 2902/2/5 2896/2/5 2901/2/5
f 2903/3/5 2897/3/5 2896/3/5
f 2903/2/5 2896/2/5 2902/2/5
f 2904/6/5 2898/6/5 2897/6/5
f 2904/3/5 2897/3/5 2903/3/5
f 2905/4/5 2900/4/5 2899/4/5
f 2905/7/5 2901/7/5 2900/7/5
f 2906/1/5 2902/1/5 2901/1/5
f 2906/7/5 2901/7/5 2905/7/5
f 2907/2/5 2903/2/5 2902/2/5
f 2907/1/5 2902/1/5 2906/1/5
f 2908/4/5 2904/4/5 2903/4/5
f 2908/2/5 2903/2/5 2907/2/5
f 2909/6/5 2898/6/5 2904/6/5
f 2909/4/5 2904/4/5 2908/4/5
f 2910/6/5 2898/6/5 2909/6/5
f 2911/4/5 2905/4/5 2899/4/5
f 2911/4/5 2906/4/5 2905/4/5
f 2912/3/5 2907/3/5 2906/3/5
f 2912/4/5 2906/4/5 2911/4/5
f 2913/6/5 2908/6/5 2907/6/5
f 2913/3/5 2907/3/5 2912/3/5
f 2914/3/5 2909/3/5 2908/3/5
f 2914/6/5 2908/6/5 2913/6/5
f 2915/5/5 2910/5/5 2909/5/5
f 2915/3/5 2909/3/5 2914/3/5
f 2916/6/5 2912/6/5 2911/6/5
f 2917/6/5 2912/6/5 2916/6/5
f 2918/2/5 2913/2/5 2912/2/5
f 2918/6/5 2912/6/5 2917/6/5
f 2919/4/5 2914/4/5 2913/4/5
f 2919/2/5 2913/2/5 2918/2/5
f 2919/4/5 2915/4/5 2914/4/5
f 2920/4/5 2915/4/5 2919/4/5
f 2921/5/5 2910/5/5 2915/5/5
f 2921/4/5 2915/4/5 2920/4/5
f 2922/5/5 2910/5/5 2921/5/5
f 2923/5/5 2917/5/5 2916/5/5
f 2924/4/5 2918/4/5 2917/4/5
f 2924/5/5 2917/5/5 2923/5/5
f 2925/1/5 2919/1/5 2918/1/5
f 2925/4/5 2918/4/5 2924/4/5
f 2926/4/5 2920/4/5 2919/4/5
f 2926/1/5 2919/1/5 2925/1/5
f 2927/5/5 2921/5/5 2920/5/5
f 2927/4/5 2920/4/5 2926/4/5
f 2928/6/5 2922/6/5 2921/6/5
f 2928/5/5 2921/5/5 2927/5/5
f 2929/6/5 2922/6/5 2928/6/5
f 2930/6/5 2927/6/5 2926/6/5
f 2930/3/5 2928/3/5 2927/3/5
f 2931/7/5 2929/7/5 2928/7/5
f 2931/3/5 2928/3/5 2930/3/5
f 2932/7/5 2929/7/5 2931/7/5
f 2933/6/5 2925/6/5 2924/6/5
f 2933/4/5 2924/4/5 2923/4/5
f 2934/1/5 2926/1/5 2925/1/5
f 2934/6/5 2925/6/5 2933/6/5
f 2935/6/5 2930/6/5 2926/6/5
f 2935/1/5 2926/1/5 2934/1/5
f 2936/5/5 2931/5/5 2930/5/5
f 2936/6/5 2930/6/5 2935/6/5
f 2937/4/5 2933/4/5 2923/4/5
f 2937/4/5 2934/4/5 2933/4/5
f 2938/4/5 2934/4/5 2937/4/5
f 2939/2/5 2935/2/5 2934/2/5
f 2939/4/5 2934/4/5 2938/4/5
f 2940/5/5 2936/5/5 2935/5/5
f 2940/2/5 2935/2/5 2939/2/5
f 2941/5/5 2931/5/5 2936/5/5
f 2941/5/5 2936/5/5 2940/5/5
f 2942/6/5 2932/6/5 2931/6/5
f 2942/5/5 2931/5/5 2941/5/5
f 2943/7/5 2938/7/5 2937/7/5
f 2944/5/5 2939/5/5 2938/5/5
f 2944/7/5 2938/7/5 2943/7/5
f 2945/4/5 2940/4/5 2939/4/5
f 2945/5/5 2939/5/5 2944/5/5
f 2946/6/5 2941/6/5 2940/6/5
f 2946/4/5 2940/4/5 2945/4/5
f 2947/4/5 2942/4/5 2941/4/5
f 2947/6/5 2941/6/5 2946/6/5
f 2948/6/5 2932/6/5 2942/6/5
f 2948/4/5 2942/4/5 2947/4/5
f 2949/6/5 2932/6/5 2948/6/5
f 2950/5/5 2944/5/5 2943/5/5
f 2951/4/5 2945/4/5 2944/4/5
f 2951/5/5 2944/5/5 2950/5/5
f 2952/2/5 2946/2/5 2945/2/5
f 2952/4/5 2945/4/5 2951/4/5
f 2953/6/5 2947/6/5 2946/6/5
f 2953/2/5 2946/2/5 2952/2/5
f 2954/3/5 2948/3/5 2947/3/5
f 2954/6/5 2947/6/5 2953/6/5
f 2955/5/5 2949/5/5 2948/5/5
f 2955/3/5 2948/3/5 2954/3/5
f 2956/5/5 2949/5/5 2955/5/5
f 2957/2/5 2951/2/5 2950/2/5
f 2958/5/5 2952/5/5 2951/5/5
f 2958/2/5 2951/2/5 2957/2/5
f 2959/3/5 2953/3/5 2952/3/5
f 2959/5/5 2952/5/5 2958/5/5
f 2960/5/5 2954/5/5 2953/5/5
f 2960/3/5 2953/3/5 2959/3/5
f 2961/3/5 2955/3/5 2954/3/5
f 2961/5/5 2954/5/5 2960/5/5
f 2962/6/5 2956/6/5 2955/6/5
f 2962/3/5 2955/3/5 2961/3/5
f 2963/6/5 2956/6/5 2962/6/5
f 2964/3/5 2958/3/5 2957/3/5
f 2965/6/5 2959/6/5 2958/6/5
f 2965/3/5 2958/3/5 2964/3/5
f 2966/2/5 2960/2/5 2959/2/5
f 2966/6/5 2959/6/5 2965/6/5
f 2967/6/5 2961/6/5 2960/6/5
f 2967/2/5 2960/2/5 2966/2/5
f 2968/4/5 2962/4/5 2961/4/5
f 2968/6/5 2961/6/5 2967/6/5
f 2969/7/5 2963/7/5 2962/7/5
f 2969/4/5 2962/4/5 2968/4/5
f 2970/7/5 2963/7/5 2969/7/5
f 2971/3/5 2966/3/5 2965/3/5
f 2971/3/5 2967/3/5 2966/3/5
f 2972/4/5 2968/4/5 2967/4/5
f 2972/3/5 2967/3/5 2971/3/5
f 2972/4/5 2969/4/5 2968/4/5
f 2973/4/5 2969/4/5 2972/4/5
f 2974/6/5 2970/6/5 2969/6/5
f 2974/4/5 2969/4/5 2973/4/5
f 2975/6/5 2970/6/5 2974/6/5
f 2976/1/5 2965/1/5 2964/1/5
f 2976/3/5 2971/3/5 2965/3/5
f 2977/2/5 2972/2/5 2971/2/5
f 2977/3/5 2971/3/5 2976/3/5
f 2978/4/5 2973/4/5 2972/4/5
f 2978/2/5 2972/2/5 2977/2/5
f 2979/5/5 2975/5/5 2974/5/5
f 2979/4/5 2973/4/5 2978/4/5
f 2979/5/5 2974/5/5 2973/5/5
f 2980/5/5 2975/5/5 2979/5/5
f 2981/5/5 2975/5/5 2980/5/5
f 2982/1/5 2976/1/5 2964/1/5
f 2983/4/5 2977/4/5 2976/4/5
f 2983/1/5 2976/1/5 2982/1/5
f 2984/2/5 2979/2/5 2978/2/5
f 2984/5/5 2980/5/5 2979/5/5
f 2985/6/5 2981/6/5 2980/6/5
f 2985/5/5 2980/5/5 2984/5/5
f 2986/6/5 2981/6/5 2985/6/5
f 2987/7/5 2978/7/5 2977/7/5
f 2987/2/5 2984/2/5 2978/2/5
f 2988/3/5 2985/3/5 2984/3/5
f 2988/2/5 2984/2/5 2987/2/5
f 2989/3/5 2983/3/5 2982/3/5
f 2990/4/5 2977/4/5 2983/4/5
f 2990/3/5 2983/3/5 2989/3/5
f 2991/7/5 2987/7/5 2977/7/5
f 2991/4/5 2977/4/5 2990/4/5
f 2992/3/5 2988/3/5 2987/3/5
f 2992/7/5 2987/7/5 2991/7/5
f 2993/3/5 2985/3/5 2988/3/5
f 2993/3/5 2988/3/5 2992/3/5
f 2994/4/5 2986/4/5 2985/4/5
f 2994/3/5 2985/3/5 2993/3/5
f 2995/4/5 2986/4/5 2994/4/5
f 2996/2/5 2990/2/5 2989/2/5
f 2997/3/5 2991/3/5 2990/3/5
f 2997/2/5 2990/2/5 2996/2/5
f 2998/6/5 2992/6/5 2991/6/5
f 2998/3/5 2991/3/5 2997/3/5
f 2999/3/5 2993/3/5 2992/3/5
f 2999/6/5 2992/6/5 2998/6/5
f 3000/4/5 2994/4/5 2993/4/5
f 3000/3/5 2993/3/5 2999/3/5
f 3001/5/5 2995/5/5 2994/5/5
f 3001/4/5 2994/4/5 3000/4/5
f 3002/5/5 2995/5/5 3001/5/5
f 3003/1/5 2997/1/5 2996/1/5
f 3004/2/5 2998/2/5 2997/2/5
f 3004/1/5 2997/1/5 3003/1/5
f 3005/8/5 2999/8/5 2998/8/5
f 3005/2/5 2998/2/5 3004/2/5
f 3006/4/5 3000/4/5 2999/4/5
f 3006/8/5 2999/8/5 3005/8/5
f 3006/4/5 3001/4/5 3000/4/5
f 3006/4/5 3002/4/5 3001/4/5
f 3007/4/5 3002/4/5 3006/4/5
f 3008/3/5 3004/3/5 3003/3/5
f 3008/3/5 3005/3/5 3004/3/5
f 3009/6/5 3006/6/5 3005/6/5
f 3009/3/5 3005/3/5 3008/3/5
f 3010/2/5 3007/2/5 3006/2/5
f 3010/6/5 3006/6/5 3009/6/5
f 3011/4/5 3002/4/5 3007/4/5
f 3011/2/5 3007/2/5 3010/2/5
f 3012/4/5 3002/4/5 3011/4/5
f 3013/4/5 3009/4/5 3008/4/5
f 3013/3/5 3008/3/5 3003/3/5
f 3014/7/5 3010/7/5 3009/7/5
f 3014/4/5 3009/4/5 3013/4/5
f 3015/5/5 3012/5/5 3011/5/5
f 3015/3/5 3011/3/5 3010/3/5
f 3016/4/5 3002/4/5 3012/4/5
f 3016/5/5 3012/5/5 3015/5/5
f 3017/3/5 3013/3/5 3003/3/5
f 3017/3/5 3014/3/5 3013/3/5
f 3018/7/5 3010/7/5 3014/7/5
f 3018/3/5 3014/3/5 3017/3/5
f 3019/3/5 3015/3/5 3010/3/5
f 3019/7/5 3010/7/5 3018/7/5
f 3020/4/5 3016/4/5 3015/4/5
f 3020/3/5 3015/3/5 3019/3/5
f 3021/4/5 3002/4/5 3016/4/5
f 3021/4/5 3016/4/5 3020/4/5
f 3022/3/5 3017/3/5 3003/3/5
f 3023/1/5 3018/1/5 3017/1/5
f 3023/3/5 3017/3/5 3022/3/5
f 3024/6/5 3019/6/5 3018/6/5
f 3024/1/5 3018/1/5 3023/1/5
f 3025/8/5 3020/8/5 3019/8/5
f 3025/6/5 3019/6/5 3024/6/5
f 3026/3/5 3021/3/5 3020/3/5
f 3026/8/5 3020/8/5 3025/8/5
f 3027/4/5 3002/4/5 3021/4/5
f 3027/3/5 3021/3/5 3026/3/5
f 3028/4/5 3002/4/5 3027/4/5
f 3029/1/5 3023/1/5 3022/1/5
f 3030/3/5 3024/3/5 3023/3/5
f 3030/1/5 3023/1/5 3029/1/5
f 3031/7/5 3025/7/5 3024/7/5
f 3031/3/5 3024/3/5 3030/3/5
f 3032/8/5 3026/8/5 3025/8/5
f 3032/7/5 3025/7/5 3031/7/5
f 3033/4/5 3027/4/5 3026/4/5
f 3033/8/5 3026/8/5 3032/8/5
f 3034/5/5 3028/5/5 3027/5/5
f 3034/4/5 3027/4/5 3033/4/5
f 3035/5/5 3028/5/5 3034/5/5
f 3036/3/5 3030/3/5 3029/3/5
f 3037/2/5 3031/2/5 3030/2/5
f 3037/3/5 3030/3/5 3036/3/5
f 3038/6/5 3032/6/5 3031/6/5
f 3038/2/5 3031/2/5 3037/2/5
f 3038/6/5 3033/6/5 3032/6/5
f 3039/3/5 3035/3/5 3034/3/5
f 3039/6/5 3033/6/5 3038/6/5
f 3039/3/5 3034/3/5 3033/3/5
f 3040/3/5 3035/3/5 3039/3/5
f 3041/2/5 3037/2/5 3036/2/5
f 3041/2/5 3038/2/5 3037/2/5
f 3042/2/5 3038/2/5 3041/2/5
f 3043/8/5 3039/8/5 3038/8/5
f 3043/2/5 3038/2/5 3042/2/5
f 3044/5/5 3040/5/5 3039/5/5
f 3044/8/5 3039/8/5 3043/8/5
f 3045/5/5 3040/5/5 3044/5/5
f 3046/1/5 3042/1/5 3041/1/5
f 3047/2/5 3043/2/5 3042/2/5
f 3047/1/5 3042/1/5 3046/1/5
f 3048/7/5 3044/7/5 3043/7/5
f 3048/2/5 3043/2/5 3047/2/5
f 3049/4/5 3045/4/5 3044/4/5
f 3049/7/5 3044/7/5 3048/7/5
f 3050/3/5 3047/3/5 3046/3/5
f 3050/3/5 3048/3/5 3047/3/5
f 3051/3/5 3048/3/5 3050/3/5
f 3052/6/5 3049/6/5 3048/6/5
f 3052/3/5 3048/3/5 3051/3/5
f 3053/6/5 3049/6/5 3052/6/5
f 3054/4/5 3045/4/5 3049/4/5
f 3054/6/5 3049/6/5 3053/6/5
f 3055/5/5 3040/5/5 3045/5/5
f 3055/4/5 3045/4/5 3054/4/5
f 3056/5/5 3040/5/5 3055/5/5
f 3057/5/5 3051/5/5 3050/5/5
f 3058/3/5 3052/3/5 3051/3/5
f 3058/5/5 3051/5/5 3057/5/5
f 3059/8/5 3053/8/5 3052/8/5
f 3059/3/5 3052/3/5 3058/3/5
f 3060/7/5 3054/7/5 3053/7/5
f 3060/8/5 3053/8/5 3059/8/5
f 3061/3/5 3055/3/5 3054/3/5
f 3061/7/5 3054/7/5 3060/7/5
f 3061/3/5 3056/3/5 3055/3/5
f 3062/3/5 3056/3/5 3061/3/5
f 3063/8/5 3060/8/5 3059/8/5
f 3063/6/5 3061/6/5 3060/6/5
f 3064/4/5 3062/4/5 3061/4/5
f 3064/6/5 3061/6/5 3063/6/5
f 3065/3/5 3056/3/5 3062/3/5
f 3065/4/5 3062/4/5 3064/4/5
f 3066/3/5 3056/3/5 3065/3/5
f 3067/1/5 3059/1/5 3058/1/5
f 3067/3/5 3058/3/5 3057/3/5
f 3068/8/5 3064/8/5 3063/8/5
f 3068/1/5 3059/1/5 3067/1/5
f 3068/8/5 3063/8/5 3059/8/5
f 3069/8/5 3064/8/5 3068/8/5
f 3070/2/5 3065/2/5 3064/2/5
f 3070/8/5 3064/8/5 3069/8/5
f 3071/5/5 3066/5/5 3065/5/5
f 3071/2/5 3065/2/5 3070/2/5
f 3072/5/5 3066/5/5 3071/5/5
f 3073/3/5 3067/3/5 3057/3/5
f 3073/3/5 3068/3/5 3067/3/5
f 3074/3/5 3068/3/5 3073/3/5
f 3075/7/5 3069/7/5 3068/7/5
f 3075/3/5 3068/3/5 3074/3/5
f 3076/6/5 3070/6/5 3069/6/5
f 3076/7/5 3069/7/5 3075/7/5
f 3077/3/5 3071/3/5 3070/3/5
f 3077/6/5 3070/6/5 3076/6/5
f 3078/5/5 3074/5/5 3073/5/5
f 3079/6/5 3075/6/5 3074/6/5
f 3079/5/5 3074/5/5 3078/5/5
f 3080/7/5 3076/7/5 3075/7/5
f 3080/6/5 3075/6/5 3079/6/5
f 3081/8/5 3077/8/5 3076/8/5
f 3081/7/5 3076/7/5 3080/7/5
f 3082/3/5 3071/3/5 3077/3/5
f 3082/8/5 3077/8/5 3081/8/5
f 3083/4/5 3072/4/5 3071/4/5
f 3083/3/5 3071/3/5 3082/3/5
f 3084/4/5 3072/4/5 3083/4/5
f 3085/4/5 3079/4/5 3078/4/5
f 3085/4/5 3080/4/5 3079/4/5
f 3086/4/5 3080/4/5 3085/4/5
f 3087/7/5 3081/7/5 3080/7/5
f 3087/4/5 3080/4/5 3086/4/5
f 3087/7/5 3082/7/5 3081/7/5
f 3088/3/5 3083/3/5 3082/3/5
f 3088/7/5 3082/7/5 3087/7/5
f 3089/5/5 3084/5/5 3083/5/5
f 3089/3/5 3083/3/5 3088/3/5
f 3090/5/5 3084/5/5 3089/5/5
f 3091/3/5 3086/3/5 3085/3/5
f 3092/6/5 3087/6/5 3086/6/5
f 3092/3/5 3086/3/5 3091/3/5
f 3093/8/5 3088/8/5 3087/8/5
f 3093/6/5 3087/6/5 3092/6/5
f 3094/3/5 3089/3/5 3088/3/5
f 3094/8/5 3088/8/5 3093/8/5
f 3095/4/5 3090/4/5 3089/4/5
f 3095/3/5 3089/3/5 3094/3/5
f 3096/4/5 3090/4/5 3095/4/5
f 3097/4/5 3092/4/5 3091/4/5
f 3098/5/5 3093/5/5 3092/5/5
f 3098/4/5 3092/4/5 3097/4/5
f 3099/7/5 3094/7/5 3093/7/5
f 3099/5/5 3093/5/5 3098/5/5
f 3100/7/5 3094/7/5 3099/7/5
f 3101/4/5 3095/4/5 3094/4/5
f 3101/7/5 3094/7/5 3100/7/5
f 3102/6/5 3096/6/5 3095/6/5
f 3102/4/5 3095/4/5 3101/4/5
f 3103/6/5 3096/6/5 3102/6/5
f 3104/5/5 3098/5/5 3097/5/5
f 3105/4/5 3099/4/5 3098/4/5
f 3105/5/5 3098/5/5 3104/5/5
f 3106/8/5 3100/8/5 3099/8/5
f 3106/4/5 3099/4/5 3105/4/5
f 3107/7/5 3101/7/5 3100/7/5
f 3107/8/5 3100/8/5 3106/8/5
f 3108/2/5 3102/2/5 3101/2/5
f 3108/7/5 3101/7/5 3107/7/5
f 3109/3/5 3105/3/5 3104/3/5
f 3110/6/5 3106/6/5 3105/6/5
f 3110/3/5 3105/3/5 3109/3/5
f 3110/6/5 3107/6/5 3106/6/5
f 3111/8/5 3108/8/5 3107/8/5
f 3111/6/5 3107/6/5 3110/6/5
f 3112/2/5 3102/2/5 3108/2/5
f 3112/8/5 3108/8/5 3111/8/5
f 3113/5/5 3103/5/5 3102/5/5
f 3113/2/5 3102/2/5 3112/2/5
f 3114/5/5 3103/5/5 3113/5/5
f 3119/6/5 3116/6/5 3115/6/5
f 3120/6/5 3116/6/5 3119/6/5
f 3121/3/5 3118/3/5 3117/3/5
f 3122/3/5 3118/3/5 3121/3/5
f 3123/5/5 3122/5/5 3121/5/5
f 3124/5/5 3122/5/5 3123/5/5
f 3125/5/5 3120/5/5 3119/5/5
f 3126/3/5 3124/3/5 3123/3/5
f 3127/3/5 3124/3/5 3126/3/5
f 3128/5/5 3125/5/5 3119/5/5
f 3129/5/5 3125/5/5 3128/5/5
f 3130/4/5 3127/4/5 3126/4/5
f 3131/4/5 3127/4/5 3130/4/5
f 3132/4/5 3129/4/5 3128/4/5
f 3133/3/5 3131/3/5 3130/3/5
f 3134/4/5 3132/4/5 3128/4/5
f 3135/4/5 3132/4/5 3134/4/5
f 3136/3/5 3131/3/5 3133/3/5
f 3137/3/5 3131/3/5 3136/3/5
f 3138/6/5 3135/6/5 3134/6/5
f 3139/4/5 3137/4/5 3136/4/5
f 3140/4/5 3137/4/5 3139/4/5
f 3141/6/5 3138/6/5 3134/6/5
f 3142/6/5 3138/6/5 3141/6/5
f 3143/3/5 3140/3/5 3139/3/5
f 3144/3/5 3140/3/5 3143/3/5
f 3145/5/5 3142/5/5 3141/5/5
f 3146/5/5 3144/5/5 3143/5/5
f 3147/5/5 3144/5/5 3146/5/5
f 3148/5/5 3145/5/5 3141/5/5
f 3149/5/5 3148/5/5 3141/5/5
f 3150/5/5 3148/5/5 3149/5/5
f 3151/4/5 3147/4/5 3146/4/5
f 3152/4/5 3147/4/5 3151/4/5
f 3153/6/5 3150/6/5 3149/6/5
f 3154/3/5 3152/3/5 3151/3/5
f 3155/3/5 3152/3/5 3154/3/5
f 3156/6/5 3153/6/5 3149/6/5
f 3157/6/5 3153/6/5 3156/6/5
f 3158/4/5 3155/4/5 3154/4/5
f 3159/5/5 3157/5/5 3156/5/5
f 3160/4/5 3155/4/5 3158/4/5
f 3161/5/5 3159/5/5 3156/5/5
f 3162/5/5 3159/5/5 3161/5/5
f 3163/4/5 3155/4/5 3160/4/5
f 3164/4/5 3155/4/5 3163/4/5
f 3165/6/5 3162/6/5 3161/6/5
f 3166/6/5 3162/6/5 3165/6/5
f 3167/5/5 3164/5/5 3163/5/5
f 3168/4/5 3166/4/5 3165/4/5
f 3169/4/5 3166/4/5 3168/4/5
f 3170/5/5 3164/5/5 3167/5/5
f 3171/5/5 3164/5/5 3170/5/5
f 3172/3/5 3171/3/5 3170/3/5
f 3173/6/5 3169/6/5 3168/6/5
f 3174/6/5 3169/6/5 3173/6/5
f 3175/3/5 3171/3/5 3172/3/5
f 3176/4/5 3174/4/5 3173/4/5
f 3177/4/5 3174/4/5 3176/4/5
f 3178/3/5 3171/3/5 3175/3/5
f 3179/6/5 3177/6/5 3176/6/5
f 3180/6/5 3177/6/5 3179/6/5
f 3181/3/5 3171/3/5 3178/3/5
f 3182/3/5 3171/3/5 3181/3/5
f 3183/4/5 3180/4/5 3179/4/5
f 3184/4/5 3180/4/5 3183/4/5
f 3185/5/5 3182/5/5 3181/5/5
f 3186/5/5 3182/5/5 3185/5/5
f 3187/6/5 3184/6/5 3183/6/5
f 3188/6/5 3184/6/5 3187/6/5
f 3189/4/5 3186/4/5 3185/4/5
f 3190/4/5 3186/4/5 3189/4/5
f 3191/4/5 3188/4/5 3187/4/5
f 3192/4/5 3188/4/5 3191/4/5
f 3193/3/5 3190/3/5 3189/3/5
f 3194/3/5 3190/3/5 3193/3/5
f 3195/5/5 3192/5/5 3191/5/5
f 3196/5/5 3192/5/5 3195/5/5
f 3197/3/5 3196/3/5 3195/3/5
f 3198/5/5 3194/5/5 3193/5/5
f 3199/5/5 3194/5/5 3198/5/5
f 3200/3/5 3197/3/5 3195/3/5
f 3201/3/5 3197/3/5 3200/3/5
f 3202/3/5 3199/3/5 3198/3/5
f 3203/3/5 3199/3/5 3202/3/5
f 3204/4/5 3201/4/5 3200/4/5
f 3205/4/5 3201/4/5 3204/4/5
f 3206/5/5 3203/5/5 3202/5/5
f 3207/3/5 3205/3/5 3204/3/5
f 3208/3/5 3205/3/5 3207/3/5
f 3209/5/5 3203/5/5 3206/5/5
f 3210/4/5 3208/4/5 3207/4/5
f 3211/5/5 3203/5/5 3209/5/5
f 3212/5/5 3203/5/5 3211/5/5
f 3213/4/5 3210/4/5 3207/4/5
f 3214/4/5 3210/4/5 3213/4/5
f 3215/4/5 3212/4/5 3211/4/5
f 3216/4/5 3212/4/5 3215/4/5
f 3217/5/5 3214/5/5 3213/5/5
f 3218/5/5 3214/5/5 3217/5/5
f 3219/5/5 3216/5/5 3215/5/5
f 3220/5/5 3216/5/5 3219/5/5
f 3221/3/5 3218/3/5 3217/3/5
f 3222/3/5 3218/3/5 3221/3/5
f 3223/3/5 3220/3/5 3219/3/5
f 3224/3/5 3220/3/5 3223/3/5
f 3225/5/5 3222/5/5 3221/5/5
f 3226/5/5 3224/5/5 3223/5/5
f 3227/5/5 3224/5/5 3226/5/5
f 3228/5/5 3225/5/5 3221/5/5
f 3229/5/5 3225/5/5 3228/5/5
f 3230/3/5 3227/3/5 3226/3/5
f 3231/3/5 3227/3/5 3230/3/5
f 3232/4/5 3229/4/5 3228/4/5
f 3233/4/5 3229/4/5 3232/4/5
f 3234/4/5 3231/4/5 3230/4/5
f 3235/4/5 3231/4/5 3234/4/5
f 3236/5/5 3233/5/5 3232/5/5
f 3237/5/5 3233/5/5 3236/5/5
f 3238/3/5 3235/3/5 3234/3/5
f 3239/3/5 3235/3/5 3238/3/5
f 3240/6/5 3237/6/5 3236/6/5
f 3241/6/5 3237/6/5 3240/6/5
f 3242/4/5 3239/4/5 3238/4/5
f 3243/4/5 3239/4/5 3242/4/5
f 3244/5/5 3241/5/5 3240/5/5
f 3245/5/5 3243/5/5 3242/5/5
f 3246/5/5 3243/5/5 3245/5/5
f 3247/5/5 3243/5/5 3246/5/5
f 3248/5/5 3244/5/5 3240/5/5
f 3249/5/5 3244/5/5 3248/5/5
f 3250/3/5 3247/3/5 3246/3/5
f 3251/3/5 3247/3/5 3250/3/5
f 3252/7/5 3249/7/5 3248/7/5
f 3253/5/5 3251/5/5 3250/5/5
f 3254/5/5 3251/5/5 3253/5/5
f 3255/4/5 3254/4/5 3253/4/5
f 3256/4/5 3254/4/5 3255/4/5
f 3257/7/5 3252/7/5 3248/7/5
f 3258/7/5 3252/7/5 3257/7/5
f 3259/5/5 3256/5/5 3255/5/5
f 3260/6/5 3258/6/5 3257/6/5
f 3261/6/5 3258/6/5 3260/6/5
f 3262/5/5 3256/5/5 3259/5/5
f 3263/5/5 3256/5/5 3262/5/5
f 3264/5/5 3261/5/5 3260/5/5
f 3265/3/5 3263/3/5 3262/3/5
f 3266/3/5 3263/3/5 3265/3/5
f 3267/5/5 3264/5/5 3260/5/5
f 3268/5/5 3267/5/5 3260/5/5
f 3269/4/5 3266/4/5 3265/4/5
f 3270/5/5 3268/5/5 3260/5/5
f 3271/5/5 3268/5/5 3270/5/5
f 3272/4/5 3266/4/5 3269/4/5
f 3273/4/5 3266/4/5 3272/4/5
f 3274/4/5 3271/4/5 3270/4/5
f 3275/5/5 3273/5/5 3272/5/5
f 3276/5/5 3273/5/5 3275/5/5
f 3277/4/5 3274/4/5 3270/4/5
f 3278/6/5 3276/6/5 3275/6/5
f 3279/6/5 3276/6/5 3278/6/5
f 3280/4/5 3277/4/5 3270/4/5
f 3281/4/5 3277/4/5 3280/4/5
f 3282/4/5 3279/4/5 3278/4/5
f 3283/5/5 3281/5/5 3280/5/5
f 3284/5/5 3281/5/5 3283/5/5
f 3285/4/5 3279/4/5 3282/4/5
f 3286/4/5 3284/4/5 3283/4/5
f 3287/4/5 3284/4/5 3286/4/5
f 3288/4/5 3279/4/5 3285/4/5
f 3289/5/5 3287/5/5 3286/5/5
f 3290/5/5 3287/5/5 3289/5/5
f 3291/4/5 3279/4/5 3288/4/5
f 3292/3/5 3290/3/5 3289/3/5
f 3293/4/5 3279/4/5 3291/4/5
f 3294/4/5 3279/4/5 3293/4/5
f 3295/3/5 3292/3/5 3289/3/5
f 3296/3/5 3292/3/5 3295/3/5
f 3297/6/5 3294/6/5 3293/6/5
f 3298/6/5 3294/6/5 3297/6/5
f 3299/1/5 3296/1/5 3295/1/5
f 3300/5/5 3298/5/5 3297/5/5
f 3301/1/5 3299/1/5 3295/1/5
f 3302/1/5 3299/1/5 3301/1/5
f 3303/5/5 3298/5/5 3300/5/5
f 3304/5/5 3298/5/5 3303/5/5
f 3305/2/5 3302/2/5 3301/2/5
f 3306/2/5 3302/2/5 3305/2/5
f 3307/6/5 3304/6/5 3303/6/5
f 3308/6/5 3304/6/5 3307/6/5
f 3309/5/5 3308/5/5 3307/5/5
f 3310/5/5 3308/5/5 3309/5/5
f 3311/1/5 3306/1/5 3305/1/5
f 3312/1/5 3306/1/5 3311/1/5
f 3313/6/5 3310/6/5 3309/6/5
f 3314/6/5 3310/6/5 3313/6/5
f 3315/3/5 3312/3/5 3311/3/5
f 3316/3/5 3312/3/5 3315/3/5
f 3317/5/5 3314/5/5 3313/5/5
f 3318/5/5 3314/5/5 3317/5/5
f 3319/1/5 3316/1/5 3315/1/5
f 3320/8/5 3318/8/5 3317/8/5
f 3321/8/5 3318/8/5 3320/8/5
f 3322/1/5 3319/1/5 3315/1/5
f 3323/1/5 3319/1/5 3322/1/5
f 3324/7/5 3321/7/5 3320/7/5
f 3325/7/5 3321/7/5 3324/7/5
f 3326/3/5 3323/3/5 3322/3/5
f 3327/3/5 3323/3/5 3326/3/5
f 3328/8/5 3325/8/5 3324/8/5
f 3329/8/5 3325/8/5 3328/8/5
f 3330/2/5 3327/2/5 3326/2/5
f 3331/2/5 3327/2/5 3330/2/5
f 3332/7/5 3329/7/5 3328/7/5
f 3333/7/5 3329/7/5 3332/7/5
f 3334/4/5 3331/4/5 3330/4/5
f 3335/6/5 3333/6/5 3332/6/5
f 3336/6/5 3333/6/5 3335/6/5
f 3337/4/5 3334/4/5 3330/4/5
f 3338/4/5 3334/4/5 3337/4/5
f 3339/5/5 3338/5/5 3337/5/5
f 3340/5/5 3338/5/5 3339/5/5
f 3341/7/5 3336/7/5 3335/7/5
f 3342/7/5 3336/7/5 3341/7/5
f 3343/6/5 3340/6/5 3339/6/5
f 3344/8/5 3342/8/5 3341/8/5
f 3345/8/5 3342/8/5 3344/8/5
f 3346/6/5 3343/6/5 3339/6/5
f 3347/6/5 3343/6/5 3346/6/5
f 3348/7/5 3345/7/5 3344/7/5
f 3349/7/5 3345/7/5 3348/7/5
f 3350/4/5 3347/4/5 3346/4/5
f 3351/6/5 3349/6/5 3348/6/5
f 3352/6/5 3349/6/5 3351/6/5
f 3353/4/5 3350/4/5 3346/4/5
f 3354/4/5 3350/4/5 3353/4/5
f 3355/6/5 3354/6/5 3353/6/5
f 3356/6/5 3354/6/5 3355/6/5
f 3357/5/5 3356/5/5 3355/5/5
f 3358/5/5 3356/5/5 3357/5/5
f 3359/7/5 3352/7/5 3351/7/5
f 3360/7/5 3352/7/5 3359/7/5
f 3361/3/5 3358/3/5 3357/3/5
f 3362/3/5 3358/3/5 3361/3/5
f 3363/8/5 3360/8/5 3359/8/5
f 3364/5/5 3362/5/5 3361/5/5
f 3365/5/5 3362/5/5 3364/5/5
f 3366/8/5 3360/8/5 3363/8/5
f 3367/4/5 3365/4/5 3364/4/5
f 3368/8/5 3360/8/5 3366/8/5
f 3369/8/5 3360/8/5 3368/8/5
f 3370/4/5 3367/4/5 3364/4/5
f 3371/4/5 3367/4/5 3370/4/5
f 3372/7/5 3369/7/5 3368/7/5
f 3373/7/5 3369/7/5 3372/7/5
f 3374/5/5 3371/5/5 3370/5/5
f 3375/5/5 3371/5/5 3374/5/5
f 3376/8/5 3373/8/5 3372/8/5
f 3377/8/5 3373/8/5 3376/8/5
f 3378/4/5 3375/4/5 3374/4/5
f 3379/6/5 3377/6/5 3376/6/5
f 3380/6/5 3377/6/5 3379/6/5
f 3381/7/5 3380/7/5 3379/7/5
f 3382/4/5 3378/4/5 3374/4/5
f 3383/4/5 3378/4/5 3382/4/5
f 3384/7/5 3380/7/5 3381/7/5
f 3385/7/5 3380/7/5 3384/7/5
f 3386/3/5 3383/3/5 3382/3/5
f 3387/3/5 3383/3/5 3386/3/5
f 3388/8/5 3385/8/5 3384/8/5
f 3389/8/5 3385/8/5 3388/8/5
f 3390/5/5 3387/5/5 3386/5/5
f 3391/5/5 3387/5/5 3390/5/5
f 3392/6/5 3389/6/5 3388/6/5
f 3393/6/5 3391/6/5 3390/6/5
f 3394/6/5 3389/6/5 3392/6/5
f 3395/6/5 3389/6/5 3394/6/5
f 3396/6/5 3393/6/5 3390/6/5
f 3397/6/5 3393/6/5 3396/6/5
f 3398/8/5 3395/8/5 3394/8/5
f 3399/8/5 3395/8/5 3398/8/5
f 3400/5/5 3397/5/5 3396/5/5
f 3401/5/5 3397/5/5 3400/5/5
f 3402/7/5 3399/7/5 3398/7/5
f 3403/7/5 3399/7/5 3402/7/5
f 3404/6/5 3401/6/5 3400/6/5
f 3405/6/5 3401/6/5 3404/6/5
f 3406/8/5 3403/8/5 3402/8/5
f 3407/8/5 3403/8/5 3406/8/5
f 3408/7/5 3407/7/5 3406/7/5
f 3409/7/5 3407/7/5 3408/7/5
f 3410/4/5 3405/4/5 3404/4/5
f 3411/4/5 3405/4/5 3410/4/5
f 3412/6/5 3411/6/5 3410/6/5
f 3413/8/5 3409/8/5 3408/8/5
f 3414/6/5 3412/6/5 3410/6/5
f 3415/8/5 3409/8/5 3413/8/5
f 3416/8/5 3409/8/5 3415/8/5
f 3417/6/5 3414/6/5 3410/6/5
f 3418/6/5 3414/6/5 3417/6/5
f 3419/7/5 3416/7/5 3415/7/5
f 3420/7/5 3418/7/5 3417/7/5
f 3421/7/5 3418/7/5 3420/7/5
f 3422/7/5 3416/7/5 3419/7/5
f 3423/7/5 3416/7/5 3422/7/5
f 3424/5/5 3421/5/5 3420/5/5
f 3425/5/5 3421/5/5 3424/5/5
f 3426/5/5 3423/5/5 3422/5/5
f 3427/7/5 3425/7/5 3424/7/5
f 3428/7/5 3425/7/5 3427/7/5
f 3429/5/5 3423/5/5 3426/5/5
f 3430/5/5 3423/5/5 3429/5/5
f 3431/5/5 3428/5/5 3427/5/5
f 3432/5/5 3428/5/5 3431/5/5
f 3433/4/5 3430/4/5 3429/4/5
f 3434/4/5 3430/4/5 3433/4/5
f 3435/6/5 3432/6/5 3431/6/5
f 3436/6/5 3432/6/5 3435/6/5
f 3437/5/5 3434/5/5 3433/5/5
f 3438/5/5 3434/5/5 3437/5/5
f 3439/5/5 3436/5/5 3435/5/5
f 3440/3/5 3438/3/5 3437/3/5
f 3441/3/5 3438/3/5 3440/3/5
f 3442/5/5 3439/5/5 3435/5/5
f 3443/5/5 3441/5/5 3440/5/5
f 3444/5/5 3441/5/5 3443/5/5
f 3445/5/5 3442/5/5 3435/5/5
f 3446/3/5 3444/3/5 3443/3/5
f 3447/3/5 3444/3/5 3446/3/5
f 3448/5/5 3445/5/5 3435/5/5
f 3449/5/5 3445/5/5 3448/5/5
f 3450/6/5 3449/6/5 3448/6/5
f 3451/4/5 3447/4/5 3446/4/5
f 3452/4/5 3447/4/5 3451/4/5
f 3453/6/5 3450/6/5 3448/6/5
f 3454/3/5 3452/3/5 3451/3/5
f 3455/3/5 3452/3/5 3454/3/5
f 3456/6/5 3453/6/5 3448/6/5
f 3457/6/5 3453/6/5 3456/6/5
f 3458/4/5 3455/4/5 3454/4/5
f 3459/4/5 3455/4/5 3458/4/5
f 3460/7/5 3457/7/5 3456/7/5
f 3461/7/5 3457/7/5 3460/7/5
f 3462/6/5 3461/6/5 3460/6/5
f 3463/3/5 3459/3/5 3458/3/5
f 3464/3/5 3459/3/5 3463/3/5
f 3465/6/5 3462/6/5 3460/6/5
f 3466/6/5 3462/6/5 3465/6/5
f 3467/4/5 3464/4/5 3463/4/5
f 3468/4/5 3464/4/5 3467/4/5
f 3469/7/5 3466/7/5 3465/7/5
f 3470/7/5 3466/7/5 3469/7/5
f 3471/5/5 3468/5/5 3467/5/5
f 3472/5/5 3468/5/5 3471/5/5
f 3473/6/5 3470/6/5 3469/6/5
f 3474/6/5 3470/6/5 3473/6/5
f 3475/6/5 3472/6/5 3471/6/5
f 3476/5/5 3474/5/5 3473/5/5
f 3477/5/5 3474/5/5 3476/5/5
f 3478/6/5 3472/6/5 3475/6/5
f 3479/3/5 3477/3/5 3476/3/5
f 3480/6/5 3472/6/5 3478/6/5
f 3481/6/5 3472/6/5 3480/6/5
f 3482/3/5 3479/3/5 3476/3/5
f 3483/5/5 3481/5/5 3480/5/5
f 3484/5/5 3481/5/5 3483/5/5
f 3485/3/5 3482/3/5 3476/3/5
f 3486/6/5 3484/6/5 3483/6/5
f 3487/6/5 3484/6/5 3486/6/5
f 3488/3/5 3485/3/5 3476/3/5
f 3489/3/5 3485/3/5 3488/3/5
f 3490/4/5 3487/4/5 3486/4/5
f 3491/4/5 3489/4/5 3488/4/5
f 3492/4/5 3489/4/5 3491/4/5
f 3493/4/5 3487/4/5 3490/4/5
f 3494/2/5 3492/2/5 3491/2/5
f 3495/2/5 3494/2/5 3491/2/5
f 3496/2/5 3494/2/5 3495/2/5
f 3497/4/5 3487/4/5 3493/4/5
f 3498/4/5 3487/4/5 3497/4/5
f 3499/6/6 3500/6/6 3503/6/6
f 3503/6/6 3500/6/6 3504/6/6
f 3501/6/6 3502/6/6 3505/6/6
f 3503/5/6 3504/5/6 3506/5/6
f 3506/5/6 3504/5/6 3507/5/6
f 3505/6/6 3502/6/6 3508/6/6
f 3508/6/6 3502/6/6 3509/6/6
f 3506/7/6 3507/7/6 3510/7/6
f 3510/7/6 3507/7/6 3511/7/6
f 3510/6/6 3511/6/6 3512/6/6
f 3512/6/6 3511/6/6 3513/6/6
f 3508/7/6 3509/7/6 3514/7/6
f 3514/7/6 3509/7/6 3515/7/6
f 3512/7/6 3513/7/6 3516/7/6
f 3516/7/6 3513/7/6 3517/7/6
f 3514/8/6 3515/8/6 3518/8/6
f 3518/8/6 3515/8/6 3519/8/6
f 3519/8/6 3515/8/6 3520/8/6
f 3516/6/6 3517/6/6 3521/6/6
f 3521/6/6 3517/6/6 3522/6/6
f 3519/7/6 3520/7/6 3523/7/6
f 3523/7/6 3520/7/6 3524/7/6
f 3521/3/6 3522/3/6 3525/3/6
f 3525/3/6 3522/3/6 3526/3/6
f 3523/8/6 3524/8/6 3527/8/6
f 3527/8/6 3524/8/6 3528/8/6
f 3525/1/6 3526/1/6 3529/1/6
f 3529/1/6 3526/1/6 3530/1/6
f 3527/6/6 3528/6/6 3531/6/6
f 3529/2/6 3530/2/6 3532/2/6
f 3532/2/6 3530/2/6 3533/2/6
f 3531/6/6 3528/6/6 3534/6/6
f 3534/6/6 3528/6/6 3535/6/6
f 3532/1/6 3533/1/6 3536/1/6
f 3536/1/6 3533/1/6 3537/1/6
f 3534/1/6 3535/1/6 3538/1/6
f 3538/1/6 3535/1/6 3539/1/6
f 3536/4/6 3537/4/6 3540/4/6
f 3540/4/6 3537/4/6 3541/4/6
f 3538/2/6 3539/2/6 3542/2/6
f 3540/2/6 3541/2/6 3543/2/6
f 3543/2/6 3541/2/6 3544/2/6
f 3542/2/6 3539/2/6 3545/2/6
f 3545/2/6 3539/2/6 3546/2/6
f 3543/3/6 3544/3/6 3547/3/6
f 3547/3/6 3544/3/6 3548/3/6
f 3545/3/6 3546/3/6 3549/3/6
f 3547/2/6 3548/2/6 3550/2/6
f 3550/2/6 3548/2/6 3551/2/6
f 3549/3/6 3546/3/6 3552/3/6
f 3550/3/6 3551/3/6 3553/3/6
f 3552/3/6 3546/3/6 3554/3/6
f 3554/3/6 3546/3/6 3555/3/6
f 3555/3/6 3546/3/6 3556/3/6
f 3555/1/6 3556/1/6 3557/1/6
f 3557/1/6 3556/1/6 3558/1/6
f 3550/3/6 3553/3/6 3559/3/6
f 3559/3/6 3553/3/6 3560/3/6
f 3557/2/6 3558/2/6 3561/2/6
f 3561/2/6 3558/2/6 3562/2/6
f 3559/4/6 3560/4/6 3563/4/6
f 3563/4/6 3560/4/6 3564/4/6
f 3561/5/6 3562/5/6 3565/5/6
f 3565/5/6 3562/5/6 3566/5/6
f 3563/5/6 3564/5/6 3567/5/6
f 3567/5/6 3564/5/6 3568/5/6
f 3565/6/6 3566/6/6 3569/6/6
f 3567/4/6 3568/4/6 3570/4/6
f 3570/4/6 3568/4/6 3571/4/6
f 3569/6/6 3566/6/6 3572/6/6
f 3572/6/6 3566/6/6 3573/6/6
f 3570/5/6 3571/5/6 3574/5/6
f 3574/5/6 3571/5/6 3575/5/6
f 3572/5/6 3573/5/6 3576/5/6
f 3576/5/6 3573/5/6 3577/5/6
f 3574/6/6 3575/6/6 3578/6/6
f 3578/6/6 3575/6/6 3579/6/6
f 3576/4/6 3577/4/6 3580/4/6
f 3580/4/6 3577/4/6 3581/4/6
f 3578/4/6 3579/4/6 3582/4/6
f 3582/4/6 3579/4/6 3583/4/6
f 3580/5/6 3581/5/6 3584/5/6
f 3584/5/6 3581/5/6 3585/5/6
f 3582/6/6 3583/6/6 3586/6/6
f 3586/6/6 3583/6/6 3587/6/6
f 3586/5/6 3587/5/6 3588/5/6
f 3588/5/6 3587/5/6 3589/5/6
f 3584/4/6 3585/4/6 3590/4/6
f 3590/4/6 3585/4/6 3591/4/6
f 3588/6/6 3589/6/6 3592/6/6
f 3592/6/6 3589/6/6 3593/6/6
f 3590/5/6 3591/5/6 3594/5/6
f 3594/5/6 3591/5/6 3595/5/6
f 3592/5/6 3593/5/6 3596/5/6
f 3594/6/6 3595/6/6 3597/6/6
f 3592/5/6 3596/5/6 3598/5/6
f 3598/5/6 3596/5/6 3599/5/6
f 3597/6/6 3595/6/6 3600/6/6
f 3600/6/6 3595/6/6 3601/6/6
f 3598/4/6 3599/4/6 3602/4/6
f 3602/4/6 3599/4/6 3603/4/6
f 3602/3/6 3603/3/6 3604/3/6
f 3604/3/6 3603/3/6 3605/3/6
f 3600/5/6 3601/5/6 3606/5/6
f 3604/4/6 3605/4/6 3607/4/6
f 3607/4/6 3605/4/6 3608/4/6
f 3606/5/6 3601/5/6 3609/5/6
f 3609/5/6 3601/5/6 3610/5/6
f 3607/3/6 3608/3/6 3611/3/6
f 3611/3/6 3608/3/6 3612/3/6
f 3609/7/6 3610/7/6 3613/7/6
f 3611/5/6 3612/5/6 3614/5/6
f 3614/5/6 3612/5/6 3615/5/6
f 3613/7/6 3610/7/6 3616/7/6
f 3614/4/6 3615/4/6 3617/4/6
f 3616/7/6 3610/7/6 3618/7/6
f 3614/4/6 3617/4/6 3619/4/6
f 3619/4/6 3617/4/6 3620/4/6
f 3618/7/6 3610/7/6 3621/7/6
f 3621/7/6 3610/7/6 3622/7/6
f 3619/3/6 3620/3/6 3623/3/6
f 3619/3/6 3623/3/6 3624/3/6
f 3624/3/6 3623/3/6 3625/3/6
f 3621/6/6 3622/6/6 3626/6/6
f 3626/6/6 3622/6/6 3627/6/6
f 3624/5/6 3625/5/6 3628/5/6
f 3628/5/6 3625/5/6 3629/5/6
f 3626/4/6 3627/4/6 3630/4/6
f 3630/4/6 3627/4/6 3631/4/6
f 3628/4/6 3629/4/6 3632/4/6
f 3632/4/6 3629/4/6 3633/4/6
f 3630/5/6 3631/5/6 3634/5/6
f 3634/5/6 3631/5/6 3635/5/6
f 3632/5/6 3633/5/6 3636/5/6
f 3636/5/6 3633/5/6 3637/5/6
f 3634/6/6 3635/6/6 3638/6/6
f 3636/3/6 3637/3/6 3639/3/6
f 3639/3/6 3637/3/6 3640/3/6
f 3638/6/6 3635/6/6 3641/6/6
f 3641/6/6 3635/6/6 3642/6/6
f 3639/5/6 3640/5/6 3643/5/6
f 3641/5/6 3642/5/6 3644/5/6
f 3644/5/6 3642/5/6 3645/5/6
f 3639/5/6 3643/5/6 3646/5/6
f 3646/5/6 3643/5/6 3647/5/6
f 3644/4/6 3645/4/6 3648/4/6
f 3648/4/6 3645/4/6 3649/4/6
f 3646/4/6 3647/4/6 3650/4/6
f 3650/4/6 3647/4/6 3651/4/6
f 3648/6/6 3649/6/6 3652/6/6
f 3652/6/6 3649/6/6 3653/6/6
f 3650/3/6 3651/3/6 3654/3/6
f 3654/3/6 3651/3/6 3655/3/6
f 3652/5/6 3653/5/6 3656/5/6
f 3654/4/6 3655/4/6 3657/4/6
f 3657/4/6 3655/4/6 3658/4/6
f 3656/5/6 3653/5/6 3659/5/6
f 3657/5/6 3658/5/6 3660/5/6
f 3660/5/6 3658/5/6 3661/5/6
f 3659/5/6 3653/5/6 3662/5/6
f 3662/5/6 3653/5/6 3663/5/6
f 3660/3/6 3661/3/6 3664/3/6
f 3664/3/6 3661/3/6 3665/3/6
f 3662/3/6 3663/3/6 3666/3/6
f 3666/3/6 3663/3/6 3667/3/6
f 3664/4/6 3665/4/6 3668/4/6
f 3668/4/6 3665/4/6 3669/4/6
f 3666/2/6 3667/2/6 3670/2/6
f 3670/2/6 3667/2/6 3671/2/6
f 3668/3/6 3669/3/6 3672/3/6
f 3672/3/6 3669/3/6 3673/3/6
f 3670/4/6 3671/4/6 3674/4/6
f 3674/4/6 3671/4/6 3675/4/6
f 3672/5/6 3673/5/6 3676/5/6
f 3676/5/6 3673/5/6 3677/5/6
f 3674/2/6 3675/2/6 3678/2/6
f 3678/2/6 3675/2/6 3679/2/6
f 3676/3/6 3677/3/6 3680/3/6
f 3680/3/6 3677/3/6 3681/3/6
f 3678/4/6 3679/4/6 3682/4/6
f 3682/4/6 3679/4/6 3683/4/6
f 3683/4/6 3679/4/6 3684/4/6
f 3680/5/6 3681/5/6 3685/5/6
f 3685/5/6 3681/5/6 3686/5/6
f 3683/3/6 3684/3/6 3687/3/6
f 3687/3/6 3684/3/6 3688/3/6
f 3685/4/6 3686/4/6 3689/4/6
f 3689/4/6 3686/4/6 3690/4/6
f 3687/2/6 3688/2/6 3691/2/6
f 3691/2/6 3688/2/6 3692/2/6
f 3689/5/6 3690/5/6 3693/5/6
f 3693/5/6 3690/5/6 3694/5/6
f 3691/3/6 3692/3/6 3695/3/6
f 3695/3/6 3692/3/6 3696/3/6
f 3693/3/6 3694/3/6 3697/3/6
f 3697/3/6 3694/3/6 3698/3/6
f 3695/5/6 3696/5/6 3699/5/6
f 3699/5/6 3696/5/6 3700/5/6
f 3700/5/6 3696/5/6 3701/5/6
f 3697/5/6 3698/5/6 3702/5/6
f 3702/5/6 3698/5/6 3703/5/6
f 3700/4/6 3701/4/6 3704/4/6
f 3704/4/6 3701/4/6 3705/4/6
f 3704/5/6 3705/5/6 3706/5/6
f 3702/4/6 3703/4/6 3707/4/6
f 3707/4/6 3703/4/6 3708/4/6
f 3706/5/6 3705/5/6 3709/5/6
f 3707/5/6 3708/5/6 3710/5/6
f 3710/5/6 3708/5/6 3711/5/6
f 3709/5/6 3705/5/6 3712/5/6
f 3712/5/6 3705/5/6 3713/5/6
f 3710/4/6 3711/4/6 3714/4/6
f 3714/4/6 3711/4/6 3715/4/6
f 3712/3/6 3713/3/6 3716/3/6
f 3716/3/6 3713/3/6 3717/3/6
f 3714/7/6 3715/7/6 3718/7/6
f 3718/7/6 3715/7/6 3719/7/6
f 3716/4/6 3717/4/6 3720/4/6
f 3720/4/6 3717/4/6 3721/4/6
f 3720/5/6 3721/5/6 3722/5/6
f 3722/5/6 3721/5/6 3723/5/6
f 3718/6/6 3719/6/6 3724/6/6
f 3724/6/6 3719/6/6 3725/6/6
f 3722/1/6 3723/1/6 3726/1/6
f 3726/1/6 3723/1/6 3727/1/6
f 3724/5/6 3725/5/6 3728/5/6
f 3728/5/6 3725/5/6 3729/5/6
f 3728/7/6 3729/7/6 3730/7/6
f 3730/7/6 3729/7/6 3731/7/6
f 3726/3/6 3727/3/6 3732/3/6
f 3732/3/6 3727/3/6 3733/3/6
f 3730/5/6 3731/5/6 3734/5/6
f 3734/5/6 3731/5/6 3735/5/6
f 3732/2/6 3733/2/6 3736/2/6
f 3734/7/6 3735/7/6 3737/7/6
f 3737/7/6 3735/7/6 3738/7/6
f 3736/2/6 3733/2/6 3739/2/6
f 3739/2/6 3733/2/6 3740/2/6
f 3737/6/6 3738/6/6 3741/6/6
f 3741/6/6 3738/6/6 3742/6/6
f 3739/1/6 3740/1/6 3743/1/6
f 3743/1/6 3740/1/6 3744/1/6
f 3741/5/6 3742/5/6 3745/5/6
f 3745/5/6 3742/5/6 3746/5/6
f 3743/3/6 3744/3/6 3747/3/6
f 3745/3/6 3746/3/6 3748/3/6
f 3748/3/6 3746/3/6 3749/3/6
f 3748/4/6 3749/4/6 3750/4/6
f 3750/4/6 3749/4/6 3751/4/6
f 3747/3/6 3744/3/6 3752/3/6
f 3750/2/6 3751/2/6 3753/2/6
f 3752/3/6 3744/3/6 3754/3/6
f 3754/3/6 3744/3/6 3755/3/6
f 3750/2/6 3753/2/6 3756/2/6
f 3756/2/6 3753/2/6 3757/2/6
f 3756/4/6 3757/4/6 3758/4/6
f 3754/4/6 3755/4/6 3759/4/6
f 3759/4/6 3755/4/6 3760/4/6
f 3756/4/6 3758/4/6 3761/4/6
f 3761/4/6 3758/4/6 3762/4/6
f 3759/3/6 3760/3/6 3763/3/6
f 3763/3/6 3760/3/6 3764/3/6
f 3761/2/6 3762/2/6 3765/2/6
f 3765/2/6 3762/2/6 3766/2/6
f 3763/4/6 3764/4/6 3767/4/6
f 3767/4/6 3764/4/6 3768/4/6
f 3765/3/6 3766/3/6 3769/3/6
f 3769/3/6 3766/3/6 3770/3/6
f 3767/3/6 3768/3/6 3771/3/6
f 3769/1/6 3770/1/6 3772/1/6
f 3772/1/6 3770/1/6 3773/1/6
f 3771/3/6 3768/3/6 3774/3/6
f 3774/3/6 3768/3/6 3775/3/6
f 3772/3/6 3773/3/6 3776/3/6
f 3776/3/6 3773/3/6 3777/3/6
f 3776/2/6 3777/2/6 3778/2/6
f 3774/4/6 3775/4/6 3779/4/6
f 3779/4/6 3775/4/6 3780/4/6
f 3776/2/6 3778/2/6 3781/2/6
f 3781/2/6 3778/2/6 3782/2/6
f 3779/5/6 3780/5/6 3783/5/6
f 3783/5/6 3780/5/6 3784/5/6
f 3781/3/6 3782/3/6 3785/3/6
f 3785/3/6 3782/3/6 3786/3/6
f 3783/3/6 3784/3/6 3787/3/6
f 3787/3/6 3784/3/6 3788/3/6
f 3785/1/6 3786/1/6 3789/1/6
f 3789/1/6 3786/1/6 3790/1/6
f 3787/7/6 3788/7/6 3791/7/6
f 3791/7/6 3788/7/6 3792/7/6
f 3789/2/6 3790/2/6 3793/2/6
f 3793/2/6 3790/2/6 3794/2/6
f 3791/6/6 3792/6/6 3795/6/6
f 3795/6/6 3792/6/6 3796/6/6
f 3793/3/6 3794/3/6 3797/3/6
f 3797/3/6 3794/3/6 3798/3/6
f 3795/8/6 3796/8/6 3799/8/6
f 3799/8/6 3796/8/6 3800/8/6
f 3797/6/6 3798/6/6 3801/6/6
f 3801/6/6 3798/6/6 3802/6/6
f 3799/7/6 3800/7/6 3803/7/6
f 3803/7/6 3800/7/6 3804/7/6
f 3801/7/6 3802/7/6 3805/7/6
f 3803/6/6 3804/6/6 3806/6/6
f 3806/6/6 3804/6/6 3807/6/6
f 3801/7/6 3805/7/6 3808/7/6
f 3808/7/6 3805/7/6 3809/7/6
f 3806/8/6 3807/8/6 3810/8/6
f 3810/8/6 3807/8/6 3811/8/6
f 3810/7/6 3811/7/6 3812/7/6
f 3812/7/6 3811/7/6 3813/7/6
f 3808/5/6 3809/5/6 3814/5/6
f 3808/5/6 3814/5/6 3815/5/6
f 3815/5/6 3814/5/6 3816/5/6
f 3812/8/6 3813/8/6 3817/8/6
f 3817/8/6 3813/8/6 3818/8/6
f 3815/7/6 3816/7/6 3819/7/6
f 3819/7/6 3816/7/6 3820/7/6
f 3817/7/6 3818/7/6 3821/7/6
f 3821/7/6 3818/7/6 3822/7/6
f 3819/5/6 3820/5/6 3823/5/6
f 3821/6/6 3822/6/6 3824/6/6
f 3819/5/6 3823/5/6 3825/5/6
f 3824/6/6 3822/6/6 3826/6/6
f 3826/6/6 3822/6/6 3827/6/6
f 3819/5/6 3825/5/6 3828/5/6
f 3828/5/6 3825/5/6 3829/5/6
f 3826/8/6 3827/8/6 3830/8/6
f 3830/8/6 3827/8/6 3831/8/6
f 3831/8/6 3827/8/6 3832/8/6
f 3828/6/6 3829/6/6 3833/6/6
f 3833/6/6 3829/6/6 3834/6/6
f 3831/6/6 3832/6/6 3835/6/6
f 3835/6/6 3832/6/6 3836/6/6
f 3833/5/6 3834/5/6 3837/5/6
f 3837/5/6 3834/5/6 3838/5/6
f 3835/7/6 3836/7/6 3839/7/6
f 3839/7/6 3836/7/6 3840/7/6
f 3837/6/6 3838/6/6 3841/6/6
f 3841/6/6 3838/6/6 3842/6/6
f 3839/8/6 3840/8/6 3843/8/6
f 3841/4/6 3842/4/6 3844/4/6
f 3844/4/6 3842/4/6 3845/4/6
f 3843/8/6 3840/8/6 3846/8/6
f 3846/8/6 3840/8/6 3847/8/6
f 3846/6/6 3847/6/6 3848/6/6
f 3848/6/6 3847/6/6 3849/6/6
f 3844/6/6 3845/6/6 3850/6/6
f 3850/6/6 3845/6/6 3851/6/6
f 3848/7/6 3849/7/6 3852/7/6
f 3852/7/6 3849/7/6 3853/7/6
f 3850/5/6 3851/5/6 3854/5/6
f 3854/5/6 3851/5/6 3855/5/6
f 3852/5/6 3853/5/6 3856/5/6
f 3856/5/6 3853/5/6 3857/5/6
f 3854/4/6 3855/4/6 3858/4/6
f 3858/4/6 3855/4/6 3859/4/6
f 3856/6/6 3857/6/6 3860/6/6
f 3860/6/6 3857/6/6 3861/6/6
f 3858/5/6 3859/5/6 3862/5/6
f 3862/5/6 3859/5/6 3863/5/6
f 3860/5/6 3861/5/6 3864/5/6
f 3864/5/6 3861/5/6 3865/5/6
f 3862/4/6 3863/4/6 3866/4/6
f 3866/4/6 3863/4/6 3867/4/6
f 3864/7/6 3865/7/6 3868/7/6
f 3868/7/6 3865/7/6 3869/7/6
f 3866/6/6 3867/6/6 3870/6/6
f 3868/6/6 3869/6/6 3871/6/6
f 3871/6/6 3869/6/6 3872/6/6
f 3866/6/6 3870/6/6 3873/6/6
f 3873/6/6 3870/6/6 3874/6/6
f 3871/5/6 3872/5/6 3875/5/6
f 3875/5/6 3872/5/6 3876/5/6
f 3873/4/6 3874/4/6 3877/4/6
f 3877/4/6 3874/4/6 3878/4/6
f 3875/6/6 3876/6/6 3879/6/6
f 3877/6/6 3878/6/6 3880/6/6
f 3879/6/6 3876/6/6 3881/6/6
f 3881/6/6 3876/6/6 3882/6/6
f 3877/6/6 3880/6/6 3883/6/6
f 3883/6/6 3880/6/6 3884/6/6
f 3881/7/6 3882/7/6 3885/7/6
f 3885/7/6 3882/7/6 3886/7/6
f 3883/5/6 3884/5/6 3887/5/6
f 3887/5/6 3884/5/6 3888/5/6
f 3885/6/6 3886/6/6 3889/6/6
f 3889/6/6 3886/6/6 3890/6/6
f 3887/4/6 3888/4/6 3891/4/6
f 3891/4/6 3888/4/6 3892/4/6
f 3889/7/6 3890/7/6 3893/7/6
f 3893/7/6 3890/7/6 3894/7/6
f 3891/5/6 3892/5/6 3895/5/6
f 3893/6/6 3894/6/6 3896/6/6
f 3896/6/6 3894/6/6 3897/6/6
f 3891/5/6 3895/5/6 3898/5/6
f 3898/5/6 3895/5/6 3899/5/6
f 3896/5/6 3897/5/6 3900/5/6
f 3900/5/6 3897/5/6 3901/5/6
f 3900/6/6 3901/6/6 3902/6/6
f 3902/6/6 3901/6/6 3903/6/6
f 3898/3/6 3899/3/6 3904/3/6
f 3904/3/6 3899/3/6 3905/3/6
f 3902/5/6 3903/5/6 3906/5/6
f 3906/5/6 3903/5/6 3907/5/6
f 3908/5/6 3909/5/6 3915/5/6
f 3909/3/6 3910/3/6 3915/3/6
f 3910/6/6 3911/6/6 3916/6/6
f 3915/3/6 3910/3/6 3916/3/6
f 3911/4/6 3912/4/6 3917/4/6
f 3916/6/6 3911/6/6 3917/6/6
f 3912/6/6 3913/6/6 3918/6/6
f 3917/4/6 3912/4/6 3918/4/6
f 3913/4/6 3914/4/6 3919/4/6
f 3918/6/6 3913/6/6 3919/6/6
f 3919/4/6 3914/4/6 3920/4/6
f 3916/5/6 3917/5/6 3921/5/6
f 3915/1/6 3916/1/6 3921/1/6
f 3917/6/6 3918/6/6 3922/6/6
f 3921/5/6 3917/5/6 3922/5/6
f 3918/7/6 3919/7/6 3923/7/6
f 3922/6/6 3918/6/6 3923/6/6
f 3919/6/6 3920/6/6 3924/6/6
f 3923/7/6 3919/7/6 3924/7/6
f 3924/6/6 3920/6/6 3925/6/6
f 3908/5/6 3915/5/6 3926/5/6
f 3915/1/6 3921/1/6 3927/1/6
f 3926/5/6 3915/5/6 3927/5/6
f 3926/4/6 3927/4/6 3928/4/6
f 3927/1/6 3921/1/6 3929/1/6
f 3928/4/6 3927/4/6 3929/4/6
f 3921/7/6 3922/7/6 3930/7/6
f 3929/1/6 3921/1/6 3930/1/6
f 3922/5/6 3923/5/6 3931/5/6
f 3930/7/6 3922/7/6 3931/7/6
f 3923/8/6 3924/8/6 3932/8/6
f 3931/5/6 3923/5/6 3932/5/6
f 3924/5/6 3925/5/6 3933/5/6
f 3932/8/6 3924/8/6 3933/8/6
f 3933/5/6 3925/5/6 3934/5/6
f 3929/1/6 3930/1/6 3935/1/6
f 3928/5/6 3929/5/6 3935/5/6
f 3930/5/6 3931/5/6 3936/5/6
f 3935/1/6 3930/1/6 3936/1/6
f 3931/4/6 3932/4/6 3937/4/6
f 3936/5/6 3931/5/6 3937/5/6
f 3932/7/6 3933/7/6 3938/7/6
f 3937/4/6 3932/4/6 3938/4/6
f 3933/4/6 3934/4/6 3939/4/6
f 3938/7/6 3933/7/6 3939/7/6
f 3939/4/6 3934/4/6 3940/4/6
f 3937/5/6 3938/5/6 3941/5/6
f 3935/3/6 3936/3/6 3941/3/6
f 3936/5/6 3937/5/6 3941/5/6
f 3941/5/6 3938/5/6 3942/5/6
f 3938/7/6 3939/7/6 3943/7/6
f 3942/5/6 3938/5/6 3943/5/6
f 3939/5/6 3940/5/6 3944/5/6
f 3943/7/6 3939/7/6 3944/7/6
f 3944/5/6 3940/5/6 3945/5/6
f 3928/5/6 3935/5/6 3946/5/6
f 3935/3/6 3941/3/6 3946/3/6
f 3941/7/6 3942/7/6 3947/7/6
f 3946/3/6 3941/3/6 3947/3/6
f 3942/5/6 3943/5/6 3948/5/6
f 3947/7/6 3942/7/6 3948/7/6
f 3943/6/6 3944/6/6 3949/6/6
f 3948/5/6 3943/5/6 3949/5/6
f 3944/1/6 3945/1/6 3950/1/6
f 3949/6/6 3944/6/6 3950/6/6
f 3950/1/6 3945/1/6 3951/1/6
f 3928/5/6 3946/5/6 3952/5/6
f 3946/2/6 3947/2/6 3953/2/6
f 3952/5/6 3946/5/6 3953/5/6
f 3947/5/6 3948/5/6 3954/5/6
f 3953/2/6 3947/2/6 3954/2/6
f 3948/6/6 3949/6/6 3955/6/6
f 3954/5/6 3948/5/6 3955/5/6
f 3949/8/6 3950/8/6 3956/8/6
f 3955/6/6 3949/6/6 3956/6/6
f 3950/3/6 3951/3/6 3957/3/6
f 3956/8/6 3950/8/6 3957/8/6
f 3957/3/6 3951/3/6 3958/3/6
f 3952/6/6 3953/6/6 3959/6/6
f 3953/4/6 3954/4/6 3960/4/6
f 3959/6/6 3953/6/6 3960/6/6
f 3954/6/6 3955/6/6 3961/6/6
f 3960/4/6 3954/4/6 3961/4/6
f 3955/5/6 3956/5/6 3962/5/6
f 3961/6/6 3955/6/6 3962/6/6
f 3956/7/6 3957/7/6 3963/7/6
f 3962/5/6 3956/5/6 3963/5/6
f 3957/1/6 3958/1/6 3964/1/6
f 3963/7/6 3957/7/6 3964/7/6
f 3964/1/6 3958/1/6 3965/1/6
f 3959/5/6 3960/5/6 3966/5/6
f 3960/3/6 3961/3/6 3967/3/6
f 3966/5/6 3960/5/6 3967/5/6
f 3961/3/6 3962/3/6 3967/3/6
f 3967/3/6 3962/3/6 3968/3/6
f 3962/6/6 3963/6/6 3969/6/6
f 3968/3/6 3962/3/6 3969/3/6
f 3963/8/6 3964/8/6 3970/8/6
f 3969/6/6 3963/6/6 3970/6/6
f 3964/2/6 3965/2/6 3971/2/6
f 3970/8/6 3964/8/6 3971/8/6
f 3971/2/6 3965/2/6 3972/2/6
f 3966/7/6 3967/7/6 3973/7/6
f 3967/2/6 3968/2/6 3974/2/6
f 3973/7/6 3967/7/6 3974/7/6
f 3968/4/6 3969/4/6 3975/4/6
f 3974/2/6 3968/2/6 3975/2/6
f 3969/6/6 3970/6/6 3976/6/6
f 3975/4/6 3969/4/6 3976/4/6
f 3970/7/6 3971/7/6 3977/7/6
f 3976/6/6 3970/6/6 3977/6/6
f 3971/1/6 3972/1/6 3978/1/6
f 3977/7/6 3971/7/6 3978/7/6
f 3978/1/6 3972/1/6 3979/1/6
f 3974/4/6 3975/4/6 3980/4/6
f 3973/6/6 3974/6/6 3980/6/6
f 3975/4/6 3976/4/6 3980/4/6
f 3980/4/6 3976/4/6 3981/4/6
f 3976/5/6 3977/5/6 3982/5/6
f 3981/4/6 3976/4/6 3982/4/6
f 3978/3/6 3979/3/6 3983/3/6
f 3977/8/6 3978/8/6 3983/8/6
f 3983/3/6 3979/3/6 3984/3/6
f 3973/6/6 3980/6/6 3985/6/6
f 3980/3/6 3981/3/6 3986/3/6
f 3985/6/6 3980/6/6 3986/6/6
f 3981/2/6 3982/2/6 3987/2/6
f 3986/3/6 3981/3/6 3987/3/6
f 3982/5/6 3977/5/6 3988/5/6
f 3987/2/6 3982/2/6 3988/2/6
f 3977/8/6 3983/8/6 3989/8/6
f 3988/5/6 3977/5/6 3989/5/6
f 3983/1/6 3984/1/6 3990/1/6
f 3989/8/6 3983/8/6 3990/8/6
f 3990/1/6 3984/1/6 3991/1/6
f 3986/2/6 3987/2/6 3992/2/6
f 3985/5/6 3986/5/6 3992/5/6
f 3987/3/6 3988/3/6 3993/3/6
f 3992/2/6 3987/2/6 3993/2/6
f 3988/6/6 3989/6/6 3994/6/6
f 3993/3/6 3988/3/6 3994/3/6
f 3989/6/6 3990/6/6 3994/6/6
f 3994/6/6 3990/6/6 3995/6/6
f 3990/3/6 3991/3/6 3996/3/6
f 3995/6/6 3990/6/6 3996/6/6
f 3996/3/6 3991/3/6 3997/3/6
f 3985/5/6 3992/5/6 3998/5/6
f 3992/3/6 3993/3/6 3999/3/6
f 3998/5/6 3992/5/6 3999/5/6
f 3993/3/6 3994/3/6 3999/3/6
f 3996/2/6 3997/2/6 4000/2/6
f 3995/8/6 3996/8/6 4000/8/6
f 4000/2/6 3997/2/6 4001/2/6
f 3999/3/6 3994/3/6 4002/3/6
f 3998/6/6 3999/6/6 4002/6/6
f 4002/3/6 3994/3/6 4003/3/6
f 3994/5/6 3995/5/6 4004/5/6
f 4003/3/6 3994/3/6 4004/3/6
f 3995/8/6 4000/8/6 4005/8/6
f 4004/5/6 3995/5/6 4005/5/6
f 4000/3/6 4001/3/6 4006/3/6
f 4005/8/6 4000/8/6 4006/8/6
f 3998/6/6 4002/6/6 4007/6/6
f 4002/5/6 4003/5/6 4008/5/6
f 4007/6/6 4002/6/6 4008/6/6
f 4003/3/6 4004/3/6 4009/3/6
f 4008/5/6 4003/5/6 4009/5/6
f 4004/4/6 4005/4/6 4010/4/6
f 4009/3/6 4004/3/6 4010/3/6
f 4005/7/6 4006/7/6 4011/7/6
f 4010/4/6 4005/4/6 4011/4/6
f 4006/3/6 4001/3/6 4012/3/6
f 4011/7/6 4006/7/6 4012/7/6
f 4012/3/6 4001/3/6 4013/3/6
f 4008/5/6 4009/5/6 4014/5/6
f 4007/5/6 4008/5/6 4014/5/6
f 4009/4/6 4010/4/6 4014/4/6
f 4010/3/6 4011/3/6 4015/3/6
f 4014/4/6 4010/4/6 4015/4/6
f 4011/7/6 4012/7/6 4016/7/6
f 4015/3/6 4011/3/6 4016/3/6
f 4012/2/6 4013/2/6 4017/2/6
f 4016/7/6 4012/7/6 4017/7/6
f 4017/2/6 4013/2/6 4018/2/6
f 4007/5/6 4014/5/6 4019/5/6
f 4015/2/6 4016/2/6 4020/2/6
f 4019/5/6 4014/5/6 4020/5/6
f 4014/2/6 4015/2/6 4020/2/6
f 4020/2/6 4016/2/6 4021/2/6
f 4016/7/6 4017/7/6 4022/7/6
f 4021/2/6 4016/2/6 4022/2/6
f 4017/3/6 4018/3/6 4023/3/6
f 4022/7/6 4017/7/6 4023/7/6
f 4023/3/6 4018/3/6 4024/3/6
f 4007/5/6 4019/5/6 4025/5/6
f 4019/6/6 4020/6/6 4026/6/6
f 4025/5/6 4019/5/6 4026/5/6
f 4020/2/6 4021/2/6 4027/2/6
f 4026/6/6 4020/6/6 4027/6/6
f 4021/4/6 4022/4/6 4028/4/6
f 4027/2/6 4021/2/6 4028/2/6
f 4022/5/6 4023/5/6 4029/5/6
f 4028/4/6 4022/4/6 4029/4/6
f 4023/1/6 4024/1/6 4030/1/6
f 4029/5/6 4023/5/6 4030/5/6
f 4026/5/6 4027/5/6 4031/5/6
f 4025/6/6 4026/6/6 4031/6/6
f 4027/2/6 4028/2/6 4032/2/6
f 4031/5/6 4027/5/6 4032/5/6
f 4028/2/6 4029/2/6 4032/2/6
f 4029/6/6 4030/6/6 4033/6/6
f 4032/2/6 4029/2/6 4033/2/6
f 4030/1/6 4024/1/6 4034/1/6
f 4033/6/6 4030/6/6 4034/6/6
f 4034/1/6 4024/1/6 4035/1/6
f 4031/6/6 4032/6/6 4036/6/6
f 4025/6/6 4031/6/6 4036/6/6
f 4036/6/6 4032/6/6 4037/6/6
f 4032/3/6 4033/3/6 4038/3/6
f 4037/6/6 4032/6/6 4038/6/6
f 4033/7/6 4034/7/6 4039/7/6
f 4038/3/6 4033/3/6 4039/3/6
f 4034/2/6 4035/2/6 4040/2/6
f 4039/7/6 4034/7/6 4040/7/6
f 4040/2/6 4035/2/6 4041/2/6
f 4036/5/6 4037/5/6 4042/5/6
f 4038/4/6 4039/4/6 4042/4/6
f 4037/4/6 4038/4/6 4042/4/6
f 4042/4/6 4039/4/6 4043/4/6
f 4043/4/6 4039/4/6 4044/4/6
f 4040/1/6 4041/1/6 4045/1/6
f 4039/5/6 4040/5/6 4045/5/6
f 4045/1/6 4041/1/6 4046/1/6
f 4036/5/6 4042/5/6 4047/5/6
f 4042/5/6 4043/5/6 4047/5/6
f 4043/3/6 4044/3/6 4048/3/6
f 4047/5/6 4043/5/6 4048/5/6
f 4044/4/6 4039/4/6 4049/4/6
f 4048/3/6 4044/3/6 4049/3/6
f 4045/3/6 4046/3/6 4050/3/6
f 4039/5/6 4045/5/6 4050/5/6
f 4050/3/6 4046/3/6 4051/3/6
f 4047/4/6 4048/4/6 4052/4/6
f 4048/4/6 4049/4/6 4052/4/6
f 4052/4/6 4049/4/6 4053/4/6
f 4053/4/6 4049/4/6 4054/4/6
f 4049/4/6 4039/4/6 4055/4/6
f 4054/4/6 4049/4/6 4055/4/6
f 4039/5/6 4050/5/6 4056/5/6
f 4055/4/6 4039/4/6 4056/4/6
f 4050/2/6 4051/2/6 4057/2/6
f 4056/5/6 4050/5/6 4057/5/6
f 4053/6/6 4054/6/6 4058/6/6
f 4052/5/6 4053/5/6 4058/5/6
f 4054/2/6 4055/2/6 4059/2/6
f 4058/6/6 4054/6/6 4059/6/6
f 4055/3/6 4056/3/6 4060/3/6
f 4059/2/6 4055/2/6 4060/2/6
f 4056/7/6 4057/7/6 4061/7/6
f 4060/3/6 4056/3/6 4061/3/6
f 4057/2/6 4051/2/6 4062/2/6
f 4061/7/6 4057/7/6 4062/7/6
f 4062/2/6 4051/2/6 4063/2/6
f 4052/5/6 4058/5/6 4064/5/6
f 4058/3/6 4059/3/6 4065/3/6
f 4064/5/6 4058/5/6 4065/5/6
f 4059/8/6 4060/8/6 4066/8/6
f 4065/3/6 4059/3/6 4066/3/6
f 4060/7/6 4061/7/6 4067/7/6
f 4066/8/6 4060/8/6 4067/8/6
f 4065/2/6 4066/2/6 4068/2/6
f 4066/7/6 4067/7/6 4068/7/6
f 4067/7/6 4061/7/6 4069/7/6
f 4068/7/6 4067/7/6 4069/7/6
f 4061/6/6 4062/6/6 4069/6/6
f 4062/4/6 4063/4/6 4070/4/6
f 4069/6/6 4062/6/6 4070/6/6
f 4070/4/6 4063/4/6 4071/4/6
f 4064/4/6 4065/4/6 4072/4/6
f 4065/2/6 4068/2/6 4073/2/6
f 4072/4/6 4065/4/6 4073/4/6
f 4068/6/6 4069/6/6 4074/6/6
f 4073/2/6 4068/2/6 4074/2/6
f 4074/6/6 4069/6/6 4075/6/6
f 4069/5/6 4070/5/6 4076/5/6
f 4075/6/6 4069/6/6 4076/6/6
f 4070/2/6 4071/2/6 4077/2/6
f 4076/5/6 4070/5/6 4077/5/6
f 4077/2/6 4071/2/6 4078/2/6
f 4072/3/6 4073/3/6 4079/3/6
f 4073/4/6 4074/4/6 4080/4/6
f 4079/3/6 4073/3/6 4080/3/6
f 4074/6/6 4075/6/6 4081/6/6
f 4080/4/6 4074/4/6 4081/4/6
f 4075/5/6 4076/5/6 4082/5/6
f 4081/6/6 4075/6/6 4082/6/6
f 4076/5/6 4077/5/6 4082/5/6
f 4077/3/6 4078/3/6 4083/3/6
f 4082/5/6 4077/5/6 4083/5/6
f 4083/3/6 4078/3/6 4084/3/6
f 4079/1/6 4080/1/6 4085/1/6
f 4080/3/6 4081/3/6 4086/3/6
f 4085/1/6 4080/1/6 4086/1/6
f 4081/7/6 4082/7/6 4087/7/6
f 4086/3/6 4081/3/6 4087/3/6
f 4082/6/6 4083/6/6 4088/6/6
f 4087/7/6 4082/7/6 4088/7/6
f 4083/4/6 4084/4/6 4089/4/6
f 4088/6/6 4083/6/6 4089/6/6
f 4085/2/6 4086/2/6 4090/2/6
f 4086/2/6 4087/2/6 4090/2/6
f 4090/2/6 4087/2/6 4091/2/6
f 4087/6/6 4088/6/6 4092/6/6
f 4091/2/6 4087/2/6 4092/2/6
f 4088/7/6 4089/7/6 4093/7/6
f 4092/6/6 4088/6/6 4093/6/6
f 4093/7/6 4089/7/6 4094/7/6
f 4089/4/6 4084/4/6 4095/4/6
f 4094/7/6 4089/7/6 4095/7/6
f 4090/1/6 4091/1/6 4096/1/6
f 4091/4/6 4092/4/6 4097/4/6
f 4096/1/6 4091/1/6 4097/1/6
f 4093/6/6 4094/6/6 4098/6/6
f 4097/4/6 4092/4/6 4098/4/6
f 4092/6/6 4093/6/6 4098/6/6
f 4098/6/6 4094/6/6 4099/6/6
f 4094/5/6 4095/5/6 4100/5/6
f 4099/6/6 4094/6/6 4100/6/6
f 4095/4/6 4084/4/6 4101/4/6
f 4100/5/6 4095/5/6 4101/5/6
f 4101/4/6 4084/4/6 4102/4/6
f 4096/3/6 4097/3/6 4103/3/6
f 4097/3/6 4098/3/6 4103/3/6
f 4103/3/6 4098/3/6 4104/3/6
f 4098/8/6 4099/8/6 4105/8/6
f 4104/3/6 4098/3/6 4105/3/6
f 4099/5/6 4100/5/6 4106/5/6
f 4105/8/6 4099/8/6 4106/8/6
f 4100/7/6 4101/7/6 4107/7/6
f 4106/5/6 4100/5/6 4107/5/6
f 4101/2/6 4102/2/6 4108/2/6
f 4107/7/6 4101/7/6 4108/7/6
f 4103/1/6 4104/1/6 4109/1/6
f 4104/2/6 4105/2/6 4110/2/6
f 4109/1/6 4104/1/6 4110/1/6
f 4105/6/6 4106/6/6 4111/6/6
f 4110/2/6 4105/2/6 4111/2/6
f 4106/5/6 4107/5/6 4112/5/6
f 4111/6/6 4106/6/6 4112/6/6
f 4107/5/6 4108/5/6 4112/5/6
f 4112/5/6 4108/5/6 4113/5/6
f 4108/2/6 4102/2/6 4114/2/6
f 4113/5/6 4108/5/6 4114/5/6
f 4114/2/6 4102/2/6 4115/2/6
f 4110/3/6 4111/3/6 4116/3/6
f 4109/2/6 4110/2/6 4116/2/6
f 4112/7/6 4113/7/6 4117/7/6
f 4116/3/6 4111/3/6 4117/3/6
f 4111/7/6 4112/7/6 4117/7/6
f 4117/7/6 4113/7/6 4118/7/6
f 4113/6/6 4114/6/6 4119/6/6
f 4118/7/6 4113/7/6 4119/7/6
f 4114/3/6 4115/3/6 4120/3/6
f 4119/6/6 4114/6/6 4120/6/6
f 4120/3/6 4115/3/6 4121/3/6
f 4109/2/6 4116/2/6 4122/2/6
f 4117/7/6 4118/7/6 4123/7/6
f 4122/2/6 4116/2/6 4123/2/6
f 4116/7/6 4117/7/6 4123/7/6
f 4123/7/6 4118/7/6 4124/7/6
f 4118/3/6 4119/3/6 4125/3/6
f 4119/5/6 4120/5/6 4125/5/6
f 4120/7/6 4121/7/6 4126/7/6
f 4125/5/6 4120/5/6 4126/5/6
f 4126/7/6 4121/7/6 4127/7/6
f 4122/3/6 4123/3/6 4128/3/6
f 4123/6/6 4124/6/6 4129/6/6
f 4128/3/6 4123/3/6 4129/3/6
f 4124/7/6 4118/7/6 4130/7/6
f 4129/6/6 4124/6/6 4130/6/6
f 4118/3/6 4125/3/6 4131/3/6
f 4130/7/6 4118/7/6 4131/7/6
f 4125/7/6 4126/7/6 4132/7/6
f 4131/3/6 4125/3/6 4132/3/6
f 4126/6/6 4127/6/6 4133/6/6
f 4132/7/6 4126/7/6 4133/7/6
f 4133/6/6 4127/6/6 4134/6/6
f 4128/1/6 4129/1/6 4135/1/6
f 4129/6/6 4130/6/6 4136/6/6
f 4135/1/6 4129/1/6 4136/1/6
f 4130/8/6 4131/8/6 4137/8/6
f 4136/6/6 4130/6/6 4137/6/6
f 4131/4/6 4132/4/6 4138/4/6
f 4132/7/6 4133/7/6 4138/7/6
f 4133/5/6 4134/5/6 4139/5/6
f 4138/7/6 4133/7/6 4139/7/6
f 4137/8/6 4131/8/6 4140/8/6
f 4136/7/6 4137/7/6 4140/7/6
f 4131/4/6 4138/4/6 4141/4/6
f 4140/8/6 4131/8/6 4141/8/6
f 4138/6/6 4139/6/6 4142/6/6
f 4141/4/6 4138/4/6 4142/4/6
f 4135/5/6 4136/5/6 4143/5/6
f 4140/7/6 4141/7/6 4144/7/6
f 4143/5/6 4136/5/6 4144/5/6
f 4136/7/6 4140/7/6 4144/7/6
f 4144/7/6 4141/7/6 4145/7/6
f 4141/5/6 4142/5/6 4146/5/6
f 4145/7/6 4141/7/6 4146/7/6
f 4142/6/6 4139/6/6 4147/6/6
f 4146/5/6 4142/5/6 4147/5/6
f 4139/5/6 4134/5/6 4148/5/6
f 4147/6/6 4139/6/6 4148/6/6
f 4148/5/6 4134/5/6 4149/5/6
f 4143/7/6 4144/7/6 4150/7/6
f 4144/5/6 4145/5/6 4151/5/6
f 4150/7/6 4144/7/6 4151/7/6
f 4145/8/6 4146/8/6 4152/8/6
f 4151/5/6 4145/5/6 4152/5/6
f 4146/5/6 4147/5/6 4153/5/6
f 4152/8/6 4146/8/6 4153/8/6
f 4147/7/6 4148/7/6 4154/7/6
f 4153/5/6 4147/5/6 4154/5/6
f 4148/6/6 4149/6/6 4155/6/6
f 4154/7/6 4148/7/6 4155/7/6
f 4150/5/6 4151/5/6 4156/5/6
f 4151/6/6 4152/6/6 4157/6/6
f 4156/5/6 4151/5/6 4157/5/6
f 4152/8/6 4153/8/6 4158/8/6
f 4157/6/6 4152/6/6 4158/6/6
f 4153/3/6 4154/3/6 4159/3/6
f 4158/8/6 4153/8/6 4159/8/6
f 4154/6/6 4155/6/6 4160/6/6
f 4159/3/6 4154/3/6 4160/3/6
f 4155/6/6 4149/6/6 4161/6/6
f 4160/6/6 4155/6/6 4161/6/6
f 4161/6/6 4149/6/6 4162/6/6
f 4156/6/6 4157/6/6 4163/6/6
f 4157/5/6 4158/5/6 4164/5/6
f 4163/6/6 4157/6/6 4164/6/6
f 4158/7/6 4159/7/6 4165/7/6
f 4164/5/6 4158/5/6 4165/5/6
f 4159/3/6 4160/3/6 4166/3/6
f 4165/7/6 4159/7/6 4166/7/6
f 4160/5/6 4161/5/6 4167/5/6
f 4166/3/6 4160/3/6 4167/3/6
f 4161/7/6 4162/7/6 4168/7/6
f 4167/5/6 4161/5/6 4168/5/6
f 4168/7/6 4162/7/6 4169/7/6
f 4163/7/6 4164/7/6 4170/7/6
f 4164/5/6 4165/5/6 4171/5/6
f 4170/7/6 4164/7/6 4171/7/6
f 4165/5/6 4166/5/6 4171/5/6
f 4171/5/6 4166/5/6 4172/5/6
f 4166/3/6 4167/3/6 4173/3/6
f 4167/6/6 4168/6/6 4173/6/6
f 4168/5/6 4169/5/6 4174/5/6
f 4173/6/6 4168/6/6 4174/6/6
f 4174/5/6 4169/5/6 4175/5/6
f 4170/6/6 4171/6/6 4176/6/6
f 4171/7/6 4172/7/6 4177/7/6
f 4176/6/6 4171/6/6 4177/6/6
f 4172/5/6 4166/5/6 4178/5/6
f 4177/7/6 4172/7/6 4178/7/6
f 4166/3/6 4173/3/6 4179/3/6
f 4178/5/6 4166/5/6 4179/5/6
f 4173/5/6 4174/5/6 4180/5/6
f 4179/3/6 4173/3/6 4180/3/6
f 4174/7/6 4175/7/6 4181/7/6
f 4180/5/6 4174/5/6 4181/5/6
f 4181/7/6 4175/7/6 4182/7/6
f 4177/6/6 4178/6/6 4183/6/6
f 4178/6/6 4179/6/6 4183/6/6
f 4179/4/6 4180/4/6 4184/4/6
f 4183/6/6 4179/6/6 4184/6/6
f 4180/7/6 4181/7/6 4185/7/6
f 4184/4/6 4180/4/6 4185/4/6
f 4181/2/6 4182/2/6 4186/2/6
f 4185/7/6 4181/7/6 4186/7/6
f 4186/2/6 4182/2/6 4187/2/6
f 4176/5/6 4177/5/6 4188/5/6
f 4177/6/6 4183/6/6 4189/6/6
f 4188/5/6 4177/5/6 4189/5/6
f 4184/5/6 4185/5/6 4190/5/6
f 4189/6/6 4183/6/6 4190/6/6
f 4183/5/6 4184/5/6 4190/5/6
f 4185/5/6 4186/5/6 4190/5/6
f 4190/5/6 4186/5/6 4191/5/6
f 4191/5/6 4186/5/6 4192/5/6
f 4186/3/6 4187/3/6 4193/3/6
f 4192/5/6 4186/5/6 4193/5/6
f 4193/3/6 4187/3/6 4194/3/6
f 4188/7/6 4189/7/6 4195/7/6
f 4189/6/6 4190/6/6 4196/6/6
f 4195/7/6 4189/7/6 4196/7/6
f 4190/6/6 4191/6/6 4196/6/6
f 4191/4/6 4192/4/6 4197/4/6
f 4196/6/6 4191/6/6 4197/6/6
f 4192/5/6 4193/5/6 4198/5/6
f 4197/4/6 4192/4/6 4198/4/6
f 4193/1/6 4194/1/6 4199/1/6
f 4198/5/6 4193/5/6 4199/5/6
f 4199/1/6 4194/1/6 4200/1/6
f 4195/8/6 4196/8/6 4201/8/6
f 4196/6/6 4197/6/6 4202/6/6
f 4201/8/6 4196/8/6 4202/8/6
f 4197/5/6 4198/5/6 4203/5/6
f 4202/6/6 4197/6/6 4203/6/6
f 4198/5/6 4199/5/6 4203/5/6
f 4199/2/6 4200/2/6 4204/2/6
f 4203/5/6 4199/5/6 4204/5/6
f 4201/7/6 4202/7/6 4205/7/6
f 4202/6/6 4203/6/6 4206/6/6
f 4205/7/6 4202/7/6 4206/7/6
f 4203/6/6 4204/6/6 4206/6/6
f 4206/6/6 4204/6/6 4207/6/6
f 4207/6/6 4204/6/6 4208/6/6
f 4204/2/6 4200/2/6 4209/2/6
f 4208/6/6 4204/6/6 4209/6/6
f 4209/2/6 4200/2/6 4210/2/6
f 4205/6/6 4206/6/6 4211/6/6
f 4206/7/6 4207/7/6 4211/7/6
f 4207/4/6 4208/4/6 4212/4/6
f 4211/7/6 4207/7/6 4212/7/6
f 4208/6/6 4209/6/6 4213/6/6
f 4212/4/6 4208/4/6 4213/4/6
f 4209/4/6 4210/4/6 4214/4/6
f 4213/6/6 4209/6/6 4214/6/6
f 4205/6/6 4211/6/6 4215/6/6
f 4212/5/6 4213/5/6 4216/5/6
f 4215/6/6 4211/6/6 4216/6/6
f 4211/5/6 4212/5/6 4216/5/6
f 4216/5/6 4213/5/6 4217/5/6
f 4217/5/6 4213/5/6 4218/5/6
f 4213/1/6 4214/1/6 4219/1/6
f 4218/5/6 4213/5/6 4219/5/6
f 4214/4/6 4210/4/6 4220/4/6
f 4219/1/6 4214/1/6 4220/1/6
f 4217/7/6 4218/7/6 4221/7/6
f 4216/6/6 4217/6/6 4221/6/6
f 4218/6/6 4219/6/6 4222/6/6
f 4221/7/6 4218/7/6 4222/7/6
f 4219/2/6 4220/2/6 4223/2/6
f 4222/6/6 4219/6/6 4223/6/6
f 4220/4/6 4210/4/6 4224/4/6
f 4223/2/6 4220/2/6 4224/2/6
f 4216/6/6 4221/6/6 4225/6/6
f 4215/8/6 4216/8/6 4225/8/6
f 4221/5/6 4222/5/6 4226/5/6
f 4225/6/6 4221/6/6 4226/6/6
f 4222/6/6 4223/6/6 4227/6/6
f 4226/5/6 4222/5/6 4227/5/6
f 4223/1/6 4224/1/6 4228/1/6
f 4227/6/6 4223/6/6 4228/6/6
f 4224/4/6 4210/4/6 4229/4/6
f 4228/1/6 4224/1/6 4229/1/6
f 4229/4/6 4210/4/6 4230/4/6
f 4215/8/6 4225/8/6 4231/8/6
f 4225/5/6 4226/5/6 4232/5/6
f 4231/8/6 4225/8/6 4232/8/6
f 4226/5/6 4227/5/6 4232/5/6
f 4232/5/6 4227/5/6 4233/5/6
f 4227/4/6 4228/4/6 4234/4/6
f 4233/5/6 4227/5/6 4234/5/6
f 4228/1/6 4229/1/6 4235/1/6
f 4234/4/6 4228/4/6 4235/4/6
f 4229/3/6 4230/3/6 4236/3/6
f 4235/1/6 4229/1/6 4236/1/6
f 4236/3/6 4230/3/6 4237/3/6
f 4232/4/6 4233/4/6 4238/4/6
f 4231/7/6 4232/7/6 4238/7/6
f 4233/7/6 4234/7/6 4239/7/6
f 4238/4/6 4233/4/6 4239/4/6
f 4234/4/6 4235/4/6 4240/4/6
f 4239/7/6 4234/7/6 4240/7/6
f 4235/3/6 4236/3/6 4241/3/6
f 4240/4/6 4235/4/6 4241/4/6
f 4236/2/6 4237/2/6 4242/2/6
f 4241/3/6 4236/3/6 4242/3/6
f 4242/2/6 4237/2/6 4243/2/6
f 4231/7/6 4238/7/6 4244/7/6
f 4238/2/6 4239/2/6 4245/2/6
f 4244/7/6 4238/7/6 4245/7/6
f 4239/6/6 4240/6/6 4246/6/6
f 4245/2/6 4239/2/6 4246/2/6
f 4240/2/6 4241/2/6 4247/2/6
f 4246/6/6 4240/6/6 4247/6/6
f 4241/3/6 4242/3/6 4248/3/6
f 4242/3/6 4243/3/6 4248/3/6
f 4248/3/6 4243/3/6 4249/3/6
f 4244/6/6 4245/6/6 4250/6/6
f 4245/2/6 4246/2/6 4251/2/6
f 4250/6/6 4245/6/6 4251/6/6
f 4246/5/6 4247/5/6 4252/5/6
f 4251/2/6 4246/2/6 4252/2/6
f 4247/2/6 4241/2/6 4253/2/6
f 4252/5/6 4247/5/6 4253/5/6
f 4241/3/6 4248/3/6 4254/3/6
f 4253/2/6 4241/2/6 4254/2/6
f 4250/3/6 4251/3/6 4255/3/6
f 4251/2/6 4252/2/6 4256/2/6
f 4255/3/6 4251/3/6 4256/3/6
f 4252/7/6 4253/7/6 4257/7/6
f 4256/2/6 4252/2/6 4257/2/6
f 4253/3/6 4254/3/6 4258/3/6
f 4257/7/6 4253/7/6 4258/7/6
f 4254/3/6 4248/3/6 4259/3/6
f 4258/3/6 4254/3/6 4259/3/6
f 4255/4/6 4256/4/6 4260/4/6
f 4256/4/6 4257/4/6 4260/4/6
f 4257/6/6 4258/6/6 4261/6/6
f 4260/4/6 4257/4/6 4261/4/6
f 4258/2/6 4259/2/6 4262/2/6
f 4261/6/6 4258/6/6 4262/6/6
f 4259/3/6 4248/3/6 4263/3/6
f 4248/4/6 4249/4/6 4263/4/6
f 4263/4/6 4249/4/6 4264/4/6
f 4260/3/6 4261/3/6 4265/3/6
f 4261/5/6 4262/5/6 4266/5/6
f 4265/3/6 4261/3/6 4266/3/6
f 4262/2/6 4259/2/6 4267/2/6
f 4266/5/6 4262/5/6 4267/5/6
f 4259/3/6 4263/3/6 4268/3/6
f 4267/2/6 4259/2/6 4268/2/6
f 4263/5/6 4264/5/6 4269/5/6
f 4268/3/6 4263/3/6 4269/3/6
f 4260/3/6 4265/3/6 4270/3/6
f 4265/2/6 4266/2/6 4271/2/6
f 4270/3/6 4265/3/6 4271/3/6
f 4266/5/6 4267/5/6 4272/5/6
f 4271/2/6 4266/2/6 4272/2/6
f 4267/4/6 4268/4/6 4273/4/6
f 4272/5/6 4267/5/6 4273/5/6
f 4268/1/6 4269/1/6 4274/1/6
f 4273/4/6 4268/4/6 4274/4/6
f 4269/5/6 4264/5/6 4275/5/6
f 4274/1/6 4269/1/6 4275/1/6
f 4275/5/6 4264/5/6 4276/5/6
f 4271/2/6 4272/2/6 4277/2/6
f 4272/7/6 4273/7/6 4277/7/6
f 4273/2/6 4274/2/6 4278/2/6
f 4277/7/6 4273/7/6 4278/7/6
f 4274/1/6 4275/1/6 4279/1/6
f 4278/2/6 4274/2/6 4279/2/6
f 4275/4/6 4276/4/6 4280/4/6
f 4279/1/6 4275/1/6 4280/1/6
f 4280/4/6 4276/4/6 4281/4/6
f 4270/4/6 4271/4/6 4282/4/6
f 4271/2/6 4277/2/6 4283/2/6
f 4282/4/6 4271/4/6 4283/4/6
f 4277/5/6 4278/5/6 4284/5/6
f 4283/2/6 4277/2/6 4284/2/6
f 4278/3/6 4279/3/6 4285/3/6
f 4284/5/6 4278/5/6 4285/5/6
f 4279/1/6 4280/1/6 4286/1/6
f 4285/3/6 4279/3/6 4286/3/6
f 4280/6/6 4281/6/6 4287/6/6
f 4286/1/6 4280/1/6 4287/1/6
f 4287/6/6 4281/6/6 4288/6/6
f 4282/5/6 4283/5/6 4289/5/6
f 4283/3/6 4284/3/6 4290/3/6
f 4289/5/6 4283/5/6 4290/5/6
f 4284/7/6 4285/7/6 4291/7/6
f 4290/3/6 4284/3/6 4291/3/6
f 4285/2/6 4286/2/6 4292/2/6
f 4291/7/6 4285/7/6 4292/7/6
f 4286/1/6 4287/1/6 4293/1/6
f 4292/2/6 4286/2/6 4293/2/6
f 4287/5/6 4288/5/6 4294/5/6
f 4293/1/6 4287/1/6 4294/1/6
f 4294/5/6 4288/5/6 4295/5/6
f 4289/3/6 4290/3/6 4296/3/6
f 4290/3/6 4291/3/6 4296/3/6
f 4291/6/6 4292/6/6 4297/6/6
f 4296/3/6 4291/3/6 4297/3/6
f 4292/2/6 4293/2/6 4298/2/6
f 4297/6/6 4292/6/6 4298/6/6
f 4293/3/6 4294/3/6 4299/3/6
f 4298/2/6 4293/2/6 4299/2/6
f 4294/6/6 4295/6/6 4300/6/6
f 4299/3/6 4294/3/6 4300/3/6
f 4289/3/6 4296/3/6 4301/3/6
f 4296/2/6 4297/2/6 4301/2/6
f 4297/5/6 4298/5/6 4302/5/6
f 4301/2/6 4297/2/6 4302/2/6
f 4298/1/6 4299/1/6 4303/1/6
f 4302/5/6 4298/5/6 4303/5/6
f 4299/1/6 4300/1/6 4303/1/6
f 4301/3/6 4302/3/6 4304/3/6
f 4289/3/6 4301/3/6 4304/3/6
f 4304/3/6 4302/3/6 4305/3/6
f 4302/7/6 4303/7/6 4306/7/6
f 4305/3/6 4302/3/6 4306/3/6
f 4303/1/6 4300/1/6 4307/1/6
f 4306/7/6 4303/7/6 4307/7/6
f 4300/6/6 4295/6/6 4308/6/6
f 4307/1/6 4300/1/6 4308/1/6
f 4308/6/6 4295/6/6 4309/6/6
f 4305/3/6 4306/3/6 4310/3/6
f 4304/2/6 4305/2/6 4310/2/6
f 4306/5/6 4307/5/6 4311/5/6
f 4310/3/6 4306/3/6 4311/3/6
f 4307/1/6 4308/1/6 4312/1/6
f 4311/5/6 4307/5/6 4312/5/6
f 4312/1/6 4308/1/6 4313/1/6
f 4308/5/6 4309/5/6 4314/5/6
f 4313/1/6 4308/1/6 4314/1/6
f 4314/5/6 4309/5/6 4315/5/6
f 4304/2/6 4310/2/6 4316/2/6
f 4310/2/6 4311/2/6 4316/2/6
f 4316/2/6 4311/2/6 4317/2/6
f 4311/7/6 4312/7/6 4318/7/6
f 4317/2/6 4311/2/6 4318/2/6
f 4312/3/6 4313/3/6 4319/3/6
f 4318/7/6 4312/7/6 4319/7/6
f 4313/2/6 4314/2/6 4320/2/6
f 4319/3/6 4313/3/6 4320/3/6
f 4316/1/6 4317/1/6 4321/1/6
f 4317/2/6 4318/2/6 4322/2/6
f 4321/1/6 4317/1/6 4322/1/6
f 4318/6/6 4319/6/6 4323/6/6
f 4322/2/6 4318/2/6 4323/2/6
f 4319/1/6 4320/1/6 4324/1/6
f 4323/6/6 4319/6/6 4324/6/6
f 4320/2/6 4314/2/6 4325/2/6
f 4324/1/6 4320/1/6 4325/1/6
f 4321/2/6 4322/2/6 4326/2/6
f 4322/1/6 4323/1/6 4327/1/6
f 4326/2/6 4322/2/6 4327/2/6
f 4323/7/6 4324/7/6 4328/7/6
f 4327/1/6 4323/1/6 4328/1/6
f 4324/3/6 4325/3/6 4329/3/6
f 4328/7/6 4324/7/6 4329/7/6
f 4326/1/6 4327/1/6 4330/1/6
f 4327/3/6 4328/3/6 4331/3/6
f 4330/1/6 4327/1/6 4331/1/6
f 4328/5/6 4329/5/6 4332/5/6
f 4331/3/6 4328/3/6 4332/3/6
f 4329/3/6 4325/3/6 4333/3/6
f 4332/5/6 4329/5/6 4333/5/6
f 4325/2/6 4314/2/6 4334/2/6
f 4333/3/6 4325/3/6 4334/3/6
f 4314/4/6 4315/4/6 4335/4/6
f 4334/2/6 4314/2/6 4335/2/6
f 4335/4/6 4315/4/6 4336/4/6
f 4331/2/6 4332/2/6 4337/2/6
f 4330/2/6 4331/2/6 4337/2/6
f 4332/7/6 4333/7/6 4338/7/6
f 4337/2/6 4332/2/6 4338/2/6
f 4333/3/6 4334/3/6 4339/3/6
f 4338/7/6 4333/7/6 4339/7/6
f 4334/3/6 4335/3/6 4339/3/6
f 4339/3/6 4335/3/6 4340/3/6
f 4335/5/6 4336/5/6 4341/5/6
f 4340/3/6 4335/3/6 4341/3/6
f 4341/5/6 4336/5/6 4342/5/6
f 4330/2/6 4337/2/6 4343/2/6
f 4337/3/6 4338/3/6 4344/3/6
f 4343/2/6 4337/2/6 4344/2/6
f 4338/5/6 4339/5/6 4345/5/6
f 4344/3/6 4338/3/6 4345/3/6
f 4339/3/6 4340/3/6 4346/3/6
f 4345/5/6 4339/5/6 4346/5/6
f 4340/1/6 4341/1/6 4347/1/6
f 4346/3/6 4340/3/6 4347/3/6
f 4341/4/6 4342/4/6 4348/4/6
f 4347/1/6 4341/1/6 4348/1/6
f 4348/4/6 4342/4/6 4349/4/6
f 4343/1/6 4344/1/6 4350/1/6
f 4344/5/6 4345/5/6 4351/5/6
f 4350/1/6 4344/1/6 4351/1/6
f 4345/6/6 4346/6/6 4352/6/6
f 4346/3/6 4347/3/6 4352/3/6
f 4347/2/6 4348/2/6 4353/2/6
f 4352/3/6 4347/3/6 4353/3/6
f 4348/5/6 4349/5/6 4354/5/6
f 4353/2/6 4348/2/6 4354/2/6
f 4354/5/6 4349/5/6 4355/5/6
f 4350/2/6 4351/2/6 4356/2/6
f 4351/5/6 4345/5/6 4357/5/6
f 4356/2/6 4351/2/6 4357/2/6
f 4345/6/6 4352/6/6 4358/6/6
f 4357/5/6 4345/5/6 4358/5/6
f 4352/2/6 4353/2/6 4359/2/6
f 4358/6/6 4352/6/6 4359/6/6
f 4353/1/6 4354/1/6 4360/1/6
f 4359/2/6 4353/2/6 4360/2/6
f 4356/3/6 4357/3/6 4361/3/6
f 4357/3/6 4358/3/6 4361/3/6
f 4361/3/6 4358/3/6 4362/3/6
f 4358/6/6 4359/6/6 4363/6/6
f 4362/3/6 4358/3/6 4363/3/6
f 4359/4/6 4360/4/6 4364/4/6
f 4363/6/6 4359/6/6 4364/6/6
f 4360/1/6 4354/1/6 4365/1/6
f 4364/4/6 4360/4/6 4365/4/6
f 4354/3/6 4355/3/6 4366/3/6
f 4365/1/6 4354/1/6 4366/1/6
f 4366/3/6 4355/3/6 4367/3/6
f 4361/2/6 4362/2/6 4368/2/6
f 4362/3/6 4363/3/6 4369/3/6
f 4368/2/6 4362/2/6 4369/2/6
f 4363/4/6 4364/4/6 4370/4/6
f 4369/3/6 4363/3/6 4370/3/6
f 4364/4/6 4365/4/6 4370/4/6
f 4370/4/6 4365/4/6 4371/4/6
f 4365/3/6 4366/3/6 4372/3/6
f 4371/4/6 4365/4/6 4372/4/6
f 4366/4/6 4367/4/6 4373/4/6
f 4372/3/6 4366/3/6 4373/3/6
f 4373/4/6 4367/4/6 4374/4/6
f 4368/3/6 4369/3/6 4375/3/6
f 4369/5/6 4370/5/6 4376/5/6
f 4375/3/6 4369/3/6 4376/3/6
f 4370/3/6 4371/3/6 4377/3/6
f 4376/5/6 4370/5/6 4377/5/6
f 4371/4/6 4372/4/6 4378/4/6
f 4377/3/6 4371/3/6 4378/3/6
f 4372/2/6 4373/2/6 4379/2/6
f 4378/4/6 4372/4/6 4379/4/6
f 4373/5/6 4374/5/6 4380/5/6
f 4379/2/6 4373/2/6 4380/2/6
f 4375/2/6 4376/2/6 4381/2/6
f 4376/5/6 4377/5/6 4382/5/6
f 4381/2/6 4376/2/6 4382/2/6
f 4378/2/6 4379/2/6 4383/2/6
f 4379/1/6 4380/1/6 4383/1/6
f 4380/5/6 4374/5/6 4384/5/6
f 4383/1/6 4380/1/6 4384/1/6
f 4382/5/6 4377/5/6 4385/5/6
f 4381/4/6 4382/4/6 4385/4/6
f 4377/4/6 4378/4/6 4386/4/6
f 4385/5/6 4377/5/6 4386/5/6
f 4378/2/6 4383/2/6 4387/2/6
f 4386/4/6 4378/4/6 4387/4/6
f 4383/3/6 4384/3/6 4388/3/6
f 4387/2/6 4383/2/6 4388/2/6
f 4384/5/6 4374/5/6 4389/5/6
f 4388/3/6 4384/3/6 4389/3/6
f 4385/4/6 4386/4/6 4390/4/6
f 4381/4/6 4385/4/6 4390/4/6
f 4390/4/6 4386/4/6 4391/4/6
f 4386/3/6 4387/3/6 4392/3/6
f 4391/4/6 4386/4/6 4392/4/6
f 4387/2/6 4388/2/6 4393/2/6
f 4392/3/6 4387/3/6 4393/3/6
f 4388/1/6 4389/1/6 4394/1/6
f 4393/2/6 4388/2/6 4394/2/6
f 4389/5/6 4374/5/6 4395/5/6
f 4394/1/6 4389/1/6 4395/1/6
f 4390/2/6 4391/2/6 4396/2/6
f 4391/4/6 4392/4/6 4397/4/6
f 4396/2/6 4391/2/6 4397/2/6
f 4392/5/6 4393/5/6 4398/5/6
f 4397/4/6 4392/4/6 4398/4/6
f 4393/2/6 4394/2/6 4399/2/6
f 4398/5/6 4393/5/6 4399/5/6
f 4395/5/6 4374/5/6 4400/5/6
f 4394/3/6 4395/3/6 4400/3/6
f 4400/5/6 4374/5/6 4401/5/6
f 4397/3/6 4398/3/6 4402/3/6
f 4396/3/6 4397/3/6 4402/3/6
f 4398/3/6 4399/3/6 4402/3/6
f 4399/2/6 4394/2/6 4403/2/6
f 4402/3/6 4399/3/6 4403/3/6
f 4394/3/6 4400/3/6 4404/3/6
f 4403/2/6 4394/2/6 4404/2/6
f 4400/4/6 4401/4/6 4405/4/6
f 4404/3/6 4400/3/6 4405/3/6
f 4405/4/6 4401/4/6 4406/4/6
f 4396/3/6 4402/3/6 4407/3/6
f 4407/3/6 4402/3/6 4408/3/6
f 4402/4/6 4403/4/6 4409/4/6
f 4408/3/6 4402/3/6 4409/3/6
f 4403/3/6 4404/3/6 4410/3/6
f 4409/4/6 4403/4/6 4410/4/6
f 4404/2/6 4405/2/6 4411/2/6
f 4410/3/6 4404/3/6 4411/3/6
f 4407/2/6 4408/2/6 4412/2/6
f 4408/3/6 4409/3/6 4413/3/6
f 4412/2/6 4408/2/6 4413/2/6
f 4409/3/6 4410/3/6 4413/3/6
f 4410/5/6 4411/5/6 4414/5/6
f 4413/3/6 4410/3/6 4414/3/6
f 4411/2/6 4405/2/6 4415/2/6
f 4414/5/6 4411/5/6 4415/5/6
f 4405/5/6 4406/5/6 4416/5/6
f 4415/2/6 4405/2/6 4416/2/6
f 4413/3/6 4414/3/6 4417/3/6
f 4412/3/6 4413/3/6 4417/3/6
f 4417/3/6 4414/3/6 4418/3/6
f 4418/3/6 4414/3/6 4419/3/6
f 4414/4/6 4415/4/6 4420/4/6
f 4419/3/6 4414/3/6 4420/3/6
f 4415/1/6 4416/1/6 4421/1/6
f 4420/4/6 4415/4/6 4421/4/6
f 4416/5/6 4406/5/6 4422/5/6
f 4421/1/6 4416/1/6 4422/1/6
f 4422/5/6 4406/5/6 4423/5/6
f 4419/4/6 4420/4/6 4424/4/6
f 4418/3/6 4419/3/6 4424/3/6
f 4420/5/6 4421/5/6 4425/5/6
f 4424/4/6 4420/4/6 4425/4/6
f 4421/1/6 4422/1/6 4426/1/6
f 4425/5/6 4421/5/6 4426/5/6
f 4422/4/6 4423/4/6 4427/4/6
f 4426/1/6 4422/1/6 4427/1/6
f 4417/1/6 4418/1/6 4428/1/6
f 4418/3/6 4424/3/6 4429/3/6
f 4428/1/6 4418/1/6 4429/1/6
f 4424/3/6 4425/3/6 4429/3/6
f 4429/3/6 4425/3/6 4430/3/6
f 4425/5/6 4426/5/6 4431/5/6
f 4430/3/6 4425/3/6 4431/3/6
f 4426/2/6 4427/2/6 4432/2/6
f 4431/5/6 4426/5/6 4432/5/6
f 4427/4/6 4423/4/6 4433/4/6
f 4432/2/6 4427/2/6 4433/2/6
f 4428/3/6 4429/3/6 4434/3/6
f 4429/2/6 4430/2/6 4435/2/6
f 4434/3/6 4429/3/6 4435/3/6
f 4431/5/6 4432/5/6 4436/5/6
f 4435/2/6 4430/2/6 4436/2/6
f 4430/5/6 4431/5/6 4436/5/6
f 4436/5/6 4432/5/6 4437/5/6
f 4432/1/6 4433/1/6 4438/1/6
f 4437/5/6 4432/5/6 4438/5/6
f 4433/4/6 4423/4/6 4439/4/6
f 4438/1/6 4433/1/6 4439/1/6
f 4434/1/6 4435/1/6 4440/1/6
f 4435/3/6 4436/3/6 4441/3/6
f 4440/1/6 4435/1/6 4441/1/6
f 4436/4/6 4437/4/6 4442/4/6
f 4441/3/6 4436/3/6 4442/3/6
f 4437/3/6 4438/3/6 4443/3/6
f 4438/2/6 4439/2/6 4443/2/6
f 4439/4/6 4423/4/6 4444/4/6
f 4443/2/6 4439/2/6 4444/2/6
f 4440/2/6 4441/2/6 4445/2/6
f 4441/1/6 4442/1/6 4445/1/6
f 4442/4/6 4437/4/6 4446/4/6
f 4445/1/6 4442/1/6 4446/1/6
f 4437/3/6 4443/3/6 4447/3/6
f 4446/4/6 4437/4/6 4447/4/6
f 4443/1/6 4444/1/6 4448/1/6
f 4447/3/6 4443/3/6 4448/3/6
f 4444/4/6 4423/4/6 4449/4/6
f 4448/1/6 4444/1/6 4449/1/6
f 4440/2/6 4445/2/6 4450/2/6
f 4445/3/6 4446/3/6 4451/3/6
f 4450/2/6 4445/2/6 4451/2/6
f 4447/3/6 4448/3/6 4451/3/6
f 4446/3/6 4447/3/6 4451/3/6
f 4451/3/6 4448/3/6 4452/3/6
f 4448/2/6 4449/2/6 4453/2/6
f 4452/3/6 4448/3/6 4453/3/6
f 4449/4/6 4423/4/6 4454/4/6
f 4453/2/6 4449/2/6 4454/2/6
f 4454/4/6 4423/4/6 4455/4/6
f 4450/1/6 4451/1/6 4456/1/6
f 4451/3/6 4452/3/6 4457/3/6
f 4456/1/6 4451/1/6 4457/1/6
f 4452/4/6 4453/4/6 4458/4/6
f 4457/3/6 4452/3/6 4458/3/6
f 4453/2/6 4454/2/6 4459/2/6
f 4454/3/6 4455/3/6 4459/3/6
f 4459/3/6 4455/3/6 4460/3/6
f 4456/2/6 4457/2/6 4461/2/6
f 4457/4/6 4458/4/6 4461/4/6
f 4458/4/6 4453/4/6 4462/4/6
f 4461/4/6 4458/4/6 4462/4/6
f 4453/2/6 4459/2/6 4463/2/6
f 4462/4/6 4453/4/6 4463/4/6
f 4459/4/6 4460/4/6 4464/4/6
f 4463/2/6 4459/2/6 4464/2/6
f 4464/4/6 4460/4/6 4465/4/6
f 4456/2/6 4461/2/6 4466/2/6
f 4461/3/6 4462/3/6 4467/3/6
f 4466/2/6 4461/2/6 4467/2/6
f 4462/4/6 4463/4/6 4468/4/6
f 4467/3/6 4462/3/6 4468/3/6
f 4468/4/6 4463/4/6 4469/4/6
f 4463/1/6 4464/1/6 4470/1/6
f 4469/4/6 4463/4/6 4470/4/6
f 4464/3/6 4465/3/6 4471/3/6
f 4470/1/6 4464/1/6 4471/1/6
f 4466/1/6 4467/1/6 4472/1/6
f 4468/5/6 4469/5/6 4473/5/6
f 4472/1/6 4467/1/6 4473/1/6
f 4467/5/6 4468/5/6 4473/5/6
f 4469/3/6 4470/3/6 4474/3/6
f 4473/5/6 4469/5/6 4474/5/6
f 4470/3/6 4471/3/6 4474/3/6
f 4474/3/6 4471/3/6 4475/3/6
f 4471/3/6 4465/3/6 4476/3/6
f 4475/3/6 4471/3/6 4476/3/6
f 4476/3/6 4465/3/6 4477/3/6
f 4473/5/6 4474/5/6 4478/5/6
f 4474/4/6 4475/4/6 4479/4/6
f 4478/5/6 4474/5/6 4479/5/6
f 4475/2/6 4476/2/6 4480/2/6
f 4479/4/6 4475/4/6 4480/4/6
f 4476/4/6 4477/4/6 4481/4/6
f 4480/2/6 4476/2/6 4481/2/6
f 4472/4/6 4473/4/6 4482/4/6
f 4473/5/6 4478/5/6 4483/5/6
f 4482/4/6 4473/4/6 4483/4/6
f 4478/3/6 4479/3/6 4484/3/6
f 4483/5/6 4478/5/6 4484/5/6
f 4479/3/6 4480/3/6 4484/3/6
f 4480/3/6 4481/3/6 4484/3/6
f 4484/3/6 4481/3/6 4485/3/6
f 4481/4/6 4477/4/6 4486/4/6
f 4485/3/6 4481/3/6 4486/3/6
f 4486/4/6 4477/4/6 4487/4/6
f 4482/5/6 4483/5/6 4488/5/6
f 4483/4/6 4484/4/6 4489/4/6
f 4488/5/6 4483/5/6 4489/5/6
f 4484/3/6 4485/3/6 4490/3/6
f 4489/4/6 4484/4/6 4490/4/6
f 4490/3/6 4485/3/6 4491/3/6
f 4485/2/6 4486/2/6 4492/2/6
f 4491/3/6 4485/3/6 4492/3/6
f 4486/3/6 4487/3/6 4493/3/6
f 4492/2/6 4486/2/6 4493/2/6
f 4493/3/6 4487/3/6 4494/3/6
f 4488/4/6 4489/4/6 4495/4/6
f 4489/5/6 4490/5/6 4495/5/6
f 4490/3/6 4491/3/6 4496/3/6
f 4495/5/6 4490/5/6 4496/5/6
f 4491/2/6 4492/2/6 4497/2/6
f 4492/1/6 4493/1/6 4497/1/6
f 4493/4/6 4494/4/6 4498/4/6
f 4497/1/6 4493/1/6 4498/1/6
f 4498/4/6 4494/4/6 4499/4/6
f 4488/4/6 4495/4/6 4500/4/6
f 4495/3/6 4496/3/6 4500/3/6
f 4496/3/6 4491/3/6 4501/3/6
f 4500/3/6 4496/3/6 4501/3/6
f 4491/2/6 4497/2/6 4502/2/6
f 4501/3/6 4491/3/6 4502/3/6
f 4497/4/6 4498/4/6 4503/4/6
f 4502/2/6 4497/2/6 4503/2/6
f 4498/3/6 4499/3/6 4504/3/6
f 4503/4/6 4498/4/6 4504/4/6
f 4488/4/6 4500/4/6 4505/4/6
f 4500/4/6 4501/4/6 4505/4/6
f 4501/5/6 4502/5/6 4506/5/6
f 4505/4/6 4501/4/6 4506/4/6
f 4502/2/6 4503/2/6 4507/2/6
f 4506/5/6 4502/5/6 4507/5/6
f 4503/5/6 4504/5/6 4508/5/6
f 4507/2/6 4503/2/6 4508/2/6
f 4505/5/6 4506/5/6 4509/5/6
f 4488/4/6 4505/4/6 4509/4/6
f 4506/4/6 4507/4/6 4510/4/6
f 4509/5/6 4506/5/6 4510/5/6
f 4507/3/6 4508/3/6 4511/3/6
f 4510/4/6 4507/4/6 4511/4/6
f 4508/5/6 4504/5/6 4512/5/6
f 4511/3/6 4508/3/6 4512/3/6
f 4504/3/6 4499/3/6 4513/3/6
f 4512/5/6 4504/5/6 4513/5/6
f 4513/3/6 4499/3/6 4514/3/6
f 4488/4/6 4509/4/6 4515/4/6
f 4510/3/6 4511/3/6 4515/3/6
f 4509/3/6 4510/3/6 4515/3/6
f 4515/3/6 4511/3/6 4516/3/6
f 4511/8/6 4512/8/6 4517/8/6
f 4516/3/6 4511/3/6 4517/3/6
f 4512/6/6 4513/6/6 4518/6/6
f 4517/8/6 4512/8/6 4518/8/6
f 4513/5/6 4514/5/6 4519/5/6
f 4518/6/6 4513/6/6 4519/6/6
f 4519/5/6 4514/5/6 4520/5/6
f 4515/4/6 4516/4/6 4521/4/6
f 4488/4/6 4515/4/6 4521/4/6
f 4516/5/6 4517/5/6 4522/5/6
f 4521/4/6 4516/4/6 4522/4/6
f 4517/6/6 4518/6/6 4523/6/6
f 4522/5/6 4517/5/6 4523/5/6
f 4518/5/6 4519/5/6 4524/5/6
f 4523/6/6 4518/6/6 4524/6/6
f 4519/7/6 4520/7/6 4525/7/6
f 4524/5/6 4519/5/6 4525/5/6
f 4521/3/6 4522/3/6 4526/3/6
f 4522/5/6 4523/5/6 4526/5/6
f 4523/7/6 4524/7/6 4527/7/6
f 4526/5/6 4523/5/6 4527/5/6
f 4524/6/6 4525/6/6 4528/6/6
f 4527/7/6 4524/7/6 4528/7/6
f 4525/7/6 4520/7/6 4529/7/6
f 4528/6/6 4525/6/6 4529/6/6
f 4529/7/6 4520/7/6 4530/7/6
f 4488/4/6 4521/4/6 4531/4/6
f 4521/3/6 4526/3/6 4532/3/6
f 4531/4/6 4521/4/6 4532/4/6
f 4526/3/6 4527/3/6 4532/3/6
f 4532/3/6 4527/3/6 4533/3/6
f 4527/8/6 4528/8/6 4534/8/6
f 4533/3/6 4527/3/6 4534/3/6
f 4529/5/6 4530/5/6 4535/5/6
f 4534/8/6 4528/8/6 4535/8/6
f 4528/5/6 4529/5/6 4535/5/6
f 4535/5/6 4530/5/6 4536/5/6
f 4531/3/6 4532/3/6 4537/3/6
f 4532/4/6 4533/4/6 4538/4/6
f 4537/3/6 4532/3/6 4538/3/6
f 4533/5/6 4534/5/6 4539/5/6
f 4538/4/6 4533/4/6 4539/4/6
f 4534/6/6 4535/6/6 4540/6/6
f 4535/6/6 4536/6/6 4540/6/6
f 4536/5/6 4530/5/6 4541/5/6
f 4540/6/6 4536/6/6 4541/6/6
f 4537/4/6 4538/4/6 4542/4/6
f 4538/2/6 4539/2/6 4543/2/6
f 4542/4/6 4538/4/6 4543/4/6
f 4539/5/6 4534/5/6 4544/5/6
f 4543/2/6 4539/2/6 4544/2/6
f 4534/6/6 4540/6/6 4545/6/6
f 4540/5/6 4541/5/6 4545/5/6
f 4541/5/6 4530/5/6 4546/5/6
f 4545/5/6 4541/5/6 4546/5/6
f 4546/5/6 4530/5/6 4547/5/6
f 4542/3/6 4543/3/6 4548/3/6
f 4543/3/6 4544/3/6 4548/3/6
f 4544/5/6 4534/5/6 4549/5/6
f 4548/3/6 4544/3/6 4549/3/6
f 4534/6/6 4545/6/6 4550/6/6
f 4549/5/6 4534/5/6 4550/5/6
f 4545/4/6 4546/4/6 4551/4/6
f 4550/6/6 4545/6/6 4551/6/6
f 4546/6/6 4547/6/6 4552/6/6
f 4551/4/6 4546/4/6 4552/4/6
f 4552/6/6 4547/6/6 4553/6/6
f 4548/4/6 4549/4/6 4554/4/6
f 4542/3/6 4548/3/6 4554/3/6
f 4549/4/6 4550/4/6 4554/4/6
f 4554/4/6 4550/4/6 4555/4/6
f 4550/7/6 4551/7/6 4556/7/6
f 4555/4/6 4550/4/6 4556/4/6
f 4552/5/6 4553/5/6 4557/5/6
f 4551/6/6 4552/6/6 4557/6/6
f 4557/5/6 4553/5/6 4558/5/6
f 4542/3/6 4554/3/6 4559/3/6
f 4554/2/6 4555/2/6 4560/2/6
f 4559/3/6 4554/3/6 4560/3/6
f 4555/5/6 4556/5/6 4561/5/6
f 4560/2/6 4555/2/6 4561/2/6
f 4556/7/6 4551/7/6 4562/7/6
f 4561/5/6 4556/5/6 4562/5/6
f 4551/6/6 4557/6/6 4563/6/6
f 4562/7/6 4551/7/6 4563/7/6
f 4560/3/6 4561/3/6 4564/3/6
f 4559/2/6 4560/2/6 4564/2/6
f 4561/3/6 4562/3/6 4564/3/6
f 4562/6/6 4563/6/6 4565/6/6
f 4564/3/6 4562/3/6 4565/3/6
f 4563/6/6 4557/6/6 4566/6/6
f 4565/6/6 4563/6/6 4566/6/6
f 4557/7/6 4558/7/6 4566/7/6
f 4566/7/6 4558/7/6 4567/7/6
f 4559/2/6 4564/2/6 4568/2/6
f 4564/5/6 4565/5/6 4569/5/6
f 4568/2/6 4564/2/6 4569/2/6
f 4569/5/6 4565/5/6 4570/5/6
f 4565/4/6 4566/4/6 4571/4/6
f 4570/5/6 4565/5/6 4571/5/6
f 4566/4/6 4567/4/6 4571/4/6
f 4571/4/6 4567/4/6 4572/4/6
f 4572/4/6 4567/4/6 4573/4/6
f 4573/4/6 4567/4/6 4574/4/6
f 4568/4/6 4569/4/6 4575/4/6
f 4569/7/6 4570/7/6 4576/7/6
f 4575/4/6 4569/4/6 4576/4/6
f 4570/3/6 4571/3/6 4577/3/6
f 4576/7/6 4570/7/6 4577/7/6
f 4571/3/6 4572/3/6 4577/3/6
f 4572/4/6 4573/4/6 4578/4/6
f 4577/3/6 4572/3/6 4578/3/6
f 4573/3/6 4574/3/6 4579/3/6
f 4578/4/6 4573/4/6 4579/4/6
f 4579/3/6 4574/3/6 4580/3/6
f 4575/2/6 4576/2/6 4581/2/6
f 4576/7/6 4577/7/6 4582/7/6
f 4581/2/6 4576/2/6 4582/2/6
f 4577/4/6 4578/4/6 4583/4/6
f 4582/7/6 4577/7/6 4583/7/6
f 4583/4/6 4578/4/6 4584/4/6
f 4578/6/6 4579/6/6 4585/6/6
f 4584/4/6 4578/4/6 4585/4/6
f 4579/4/6 4580/4/6 4586/4/6
f 4585/6/6 4579/6/6 4586/6/6
f 4586/4/6 4580/4/6 4587/4/6
f 4581/6/6 4582/6/6 4588/6/6
f 4582/7/6 4583/7/6 4589/7/6
f 4588/6/6 4582/6/6 4589/6/6
f 4583/3/6 4584/3/6 4590/3/6
f 4589/7/6 4583/7/6 4590/7/6
f 4584/4/6 4585/4/6 4591/4/6
f 4590/3/6 4584/3/6 4591/3/6
f 4585/5/6 4586/5/6 4592/5/6
f 4591/4/6 4585/4/6 4592/4/6
f 4586/2/6 4587/2/6 4593/2/6
f 4592/5/6 4586/5/6 4593/5/6
f 4593/2/6 4587/2/6 4594/2/6
f 4588/5/6 4589/5/6 4595/5/6
f 4589/5/6 4590/5/6 4595/5/6
f 4595/5/6 4590/5/6 4596/5/6
f 4590/3/6 4591/3/6 4597/3/6
f 4596/5/6 4590/5/6 4597/5/6
f 4591/5/6 4592/5/6 4598/5/6
f 4597/3/6 4591/3/6 4598/3/6
f 4592/4/6 4593/4/6 4599/4/6
f 4598/5/6 4592/5/6 4599/5/6
f 4593/3/6 4594/3/6 4600/3/6
f 4599/4/6 4593/4/6 4600/4/6
f 4595/6/6 4596/6/6 4601/6/6
f 4596/7/6 4597/7/6 4602/7/6
f 4601/6/6 4596/6/6 4602/6/6
f 4597/4/6 4598/4/6 4603/4/6
f 4602/7/6 4597/7/6 4603/7/6
f 4598/3/6 4599/3/6 4604/3/6
f 4603/4/6 4598/4/6 4604/4/6
f 4599/6/6 4600/6/6 4605/6/6
f 4604/3/6 4599/3/6 4605/3/6
f 4600/3/6 4594/3/6 4606/3/6
f 4605/6/6 4600/6/6 4606/6/6
f 4602/7/6 4603/7/6 4607/7/6
f 4601/7/6 4602/7/6 4607/7/6
f 4603/5/6 4604/5/6 4608/5/6
f 4607/7/6 4603/7/6 4608/7/6
f 4604/2/6 4605/2/6 4609/2/6
f 4608/5/6 4604/5/6 4609/5/6
f 4605/5/6 4606/5/6 4610/5/6
f 4609/2/6 4605/2/6 4610/2/6
f 4606/3/6 4594/3/6 4611/3/6
f 4610/5/6 4606/5/6 4611/5/6
f 4601/7/6 4607/7/6 4612/7/6
f 4607/8/6 4608/8/6 4613/8/6
f 4612/7/6 4607/7/6 4613/7/6
f 4608/5/6 4609/5/6 4614/5/6
f 4613/8/6 4608/8/6 4614/8/6
f 4609/4/6 4610/4/6 4615/4/6
f 4614/5/6 4609/5/6 4615/5/6
f 4610/6/6 4611/6/6 4616/6/6
f 4615/4/6 4610/4/6 4616/4/6
f 4611/3/6 4594/3/6 4617/3/6
f 4616/6/6 4611/6/6 4617/6/6
f 4617/3/6 4594/3/6 4618/3/6
f 4613/7/6 4614/7/6 4619/7/6
f 4614/3/6 4615/3/6 4619/3/6
f 4615/4/6 4616/4/6 4620/4/6
f 4619/3/6 4615/3/6 4620/3/6
f 4616/4/6 4617/4/6 4620/4/6
f 4620/4/6 4617/4/6 4621/4/6
f 4617/1/6 4618/1/6 4622/1/6
f 4621/4/6 4617/4/6 4622/4/6
f 4612/6/6 4613/6/6 4623/6/6
f 4613/7/6 4619/7/6 4624/7/6
f 4623/6/6 4613/6/6 4624/6/6
f 4619/5/6 4620/5/6 4625/5/6
f 4624/7/6 4619/7/6 4625/7/6
f 4620/4/6 4621/4/6 4626/4/6
f 4625/5/6 4620/5/6 4626/5/6
f 4621/5/6 4622/5/6 4627/5/6
f 4626/4/6 4621/4/6 4627/4/6
f 4622/1/6 4618/1/6 4628/1/6
f 4627/5/6 4622/5/6 4628/5/6
f 4628/1/6 4618/1/6 4629/1/6
