# MagicaVoxel @ Ephtracy

# group
o wood-light-4x4

# material
mtllib beams-11-wood-light-4x4.mtl
usemtl palette

# normals
vn -1 0 0
vn 1 0 0
vn 0 0 1
vn 0 0 -1
vn 0 -1 0
vn 0 1 0

# texcoords
vt 0.251953 0.5
vt 0.255859 0.5
vt 0.259766 0.5
vt 0.263672 0.5
vt 0.267578 0.5
vt 0.271484 0.5
vt 0.275391 0.5
vt 0.279297 0.5

# verts
v 0.1 0 6.3
v 0.1 0 6.2
v 0.1 0 6.1
v 0.1 0 6
v 0.1 0 5.9
v 0.1 0 5.8
v 0.1 0 5.7
v 0.1 0 5.3
v 0.1 0 5.2
v 0.1 0 4.9
v 0.1 0 4.8
v 0.1 0 4.7
v 0.1 0 4.6
v 0.1 0 4.4
v 0.1 0 4.3
v 0.1 0 4.1
v 0.1 0 4
v 0.1 0 3.9
v 0.1 0 3.8
v 0.1 0 3.7
v 0.1 0 3.5
v 0.1 0 3.2
v 0.1 0 3
v 0.1 0 2.8
v 0.1 0 2.6
v 0.1 0 2.5
v 0.1 0 2.3
v 0.1 0 2.2
v 0.1 0 1.9
v 0.1 0 1.8
v 0.1 0 1.7
v 0.1 0 1.6
v 0.1 0 1.5
v 0.1 0 1.3
v 0.1 0 1.1
v 0.1 0 0.9
v 0.1 0 0.5
v 0.1 0 0.4
v 0.1 0 0.3
v 0.1 0 0.2
v 0.1 0 0.1
v 0.1 0 0
v 0.1 0 -0.2
v 0.1 0 -0.3
v 0.1 0 -0.6
v 0.1 0 -0.8
v 0.1 0 -1
v 0.1 0 -1.2
v 0.1 0 -1.3
v 0.1 0 -1.4
v 0.1 0 -1.5
v 0.1 0 -1.6
v 0.1 0 -1.7
v 0.1 0 -1.9
v 0.1 0 -2.2
v 0.1 0 -2.8
v 0.1 0 -2.9
v 0.1 0 -3.2
v 0.1 0 -3.3
v 0.1 0 -3.4
v 0.1 0 -3.6
v 0.1 0 -3.7
v 0.1 0 -3.8
v 0.1 0 -3.9
v 0.1 0 -4
v 0.1 0 -4.1
v 0.1 0 -4.2
v 0.1 0 -4.3
v 0.1 0 -4.4
v 0.1 0 -4.5
v 0.1 0 -4.6
v 0.1 0 -4.7
v 0.1 0 -4.8
v 0.1 0 -5
v 0.1 0 -5.1
v 0.1 0 -5.2
v 0.1 0 -5.3
v 0.1 0 -5.4
v 0.1 0 -5.5
v 0.1 0 -5.6
v 0.1 0 -5.7
v 0.1 0 -5.9
v 0.1 0 -6
v 0.1 0 -6.1
v 0.1 0 -6.3
v 0.1 0.1 6.2
v 0.1 0.1 6.1
v 0.1 0.1 6
v 0.1 0.1 5.9
v 0.1 0.1 5.8
v 0.1 0.1 5.7
v 0.1 0.1 5.6
v 0.1 0.1 5.5
v 0.1 0.1 5.3
v 0.1 0.1 5.2
v 0.1 0.1 5.1
v 0.1 0.1 5
v 0.1 0.1 4.9
v 0.1 0.1 4.8
v 0.1 0.1 4.7
v 0.1 0.1 4.6
v 0.1 0.1 4.4
v 0.1 0.1 4.3
v 0.1 0.1 4.2
v 0.1 0.1 4.1
v 0.1 0.1 4
v 0.1 0.1 3.9
v 0.1 0.1 3.8
v 0.1 0.1 3.7
v 0.1 0.1 3.5
v 0.1 0.1 3.2
v 0.1 0.1 3.1
v 0.1 0.1 3
v 0.1 0.1 2.9
v 0.1 0.1 2.8
v 0.1 0.1 2.7
v 0.1 0.1 2.6
v 0.1 0.1 2.5
v 0.1 0.1 2.4
v 0.1 0.1 2.2
v 0.1 0.1 2
v 0.1 0.1 1.9
v 0.1 0.1 1.8
v 0.1 0.1 1.7
v 0.1 0.1 1.6
v 0.1 0.1 1.5
v 0.1 0.1 1.4
v 0.1 0.1 1.3
v 0.1 0.1 1.1
v 0.1 0.1 1
v 0.1 0.1 0.9
v 0.1 0.1 0.8
v 0.1 0.1 0.5
v 0.1 0.1 0.4
v 0.1 0.1 0.3
v 0.1 0.1 0.2
v 0.1 0.1 0.1
v 0.1 0.1 0
v 0.1 0.1 -0.1
v 0.1 0.1 -0.2
v 0.1 0.1 -0.3
v 0.1 0.1 -0.4
v 0.1 0.1 -0.5
v 0.1 0.1 -0.6
v 0.1 0.1 -0.8
v 0.1 0.1 -1
v 0.1 0.1 -1.1
v 0.1 0.1 -1.2
v 0.1 0.1 -1.3
v 0.1 0.1 -1.4
v 0.1 0.1 -1.5
v 0.1 0.1 -1.6
v 0.1 0.1 -1.7
v 0.1 0.1 -1.8
v 0.1 0.1 -1.9
v 0.1 0.1 -2
v 0.1 0.1 -2.1
v 0.1 0.1 -2.2
v 0.1 0.1 -2.3
v 0.1 0.1 -2.4
v 0.1 0.1 -2.5
v 0.1 0.1 -2.6
v 0.1 0.1 -2.8
v 0.1 0.1 -2.9
v 0.1 0.1 -3
v 0.1 0.1 -3.1
v 0.1 0.1 -3.3
v 0.1 0.1 -3.4
v 0.1 0.1 -3.5
v 0.1 0.1 -3.6
v 0.1 0.1 -3.7
v 0.1 0.1 -3.8
v 0.1 0.1 -3.9
v 0.1 0.1 -4
v 0.1 0.1 -4.1
v 0.1 0.1 -4.2
v 0.1 0.1 -4.3
v 0.1 0.1 -4.4
v 0.1 0.1 -4.5
v 0.1 0.1 -4.6
v 0.1 0.1 -4.7
v 0.1 0.1 -4.8
v 0.1 0.1 -4.9
v 0.1 0.1 -5
v 0.1 0.1 -5.1
v 0.1 0.1 -5.2
v 0.1 0.1 -5.3
v 0.1 0.1 -5.5
v 0.1 0.1 -5.6
v 0.1 0.1 -5.7
v 0.1 0.1 -5.9
v 0.1 0.1 -6
v 0.1 0.1 -6.1
v 0.1 0.1 -6.3
v 0.1 0.2 6.3
v 0.1 0.2 6.2
v 0.1 0.2 6.1
v 0.1 0.2 5.9
v 0.1 0.2 5.5
v 0.1 0.2 5.3
v 0.1 0.2 5.2
v 0.1 0.2 5.1
v 0.1 0.2 5
v 0.1 0.2 4.9
v 0.1 0.2 4.8
v 0.1 0.2 4.6
v 0.1 0.2 4.5
v 0.1 0.2 4.3
v 0.1 0.2 4.2
v 0.1 0.2 4.1
v 0.1 0.2 4
v 0.1 0.2 3.9
v 0.1 0.2 3.8
v 0.1 0.2 3.7
v 0.1 0.2 3.6
v 0.1 0.2 3.5
v 0.1 0.2 3.4
v 0.1 0.2 3.3
v 0.1 0.2 3.2
v 0.1 0.2 3.1
v 0.1 0.2 3
v 0.1 0.2 2.9
v 0.1 0.2 2.8
v 0.1 0.2 2.7
v 0.1 0.2 2.6
v 0.1 0.2 2.5
v 0.1 0.2 2.4
v 0.1 0.2 2.3
v 0.1 0.2 2.2
v 0.1 0.2 2.1
v 0.1 0.2 2
v 0.1 0.2 1.8
v 0.1 0.2 1.7
v 0.1 0.2 1.5
v 0.1 0.2 1.4
v 0.1 0.2 1.3
v 0.1 0.2 1.2
v 0.1 0.2 1
v 0.1 0.2 0.9
v 0.1 0.2 0.6
v 0.1 0.2 0.5
v 0.1 0.2 0.4
v 0.1 0.2 0.3
v 0.1 0.2 0.1
v 0.1 0.2 0
v 0.1 0.2 -0.1
v 0.1 0.2 -0.2
v 0.1 0.2 -0.3
v 0.1 0.2 -0.4
v 0.1 0.2 -0.5
v 0.1 0.2 -0.6
v 0.1 0.2 -0.7
v 0.1 0.2 -0.8
v 0.1 0.2 -1.1
v 0.1 0.2 -1.2
v 0.1 0.2 -1.3
v 0.1 0.2 -1.4
v 0.1 0.2 -1.5
v 0.1 0.2 -1.6
v 0.1 0.2 -1.7
v 0.1 0.2 -1.8
v 0.1 0.2 -1.9
v 0.1 0.2 -2
v 0.1 0.2 -2.1
v 0.1 0.2 -2.3
v 0.1 0.2 -2.4
v 0.1 0.2 -2.5
v 0.1 0.2 -2.6
v 0.1 0.2 -2.7
v 0.1 0.2 -2.8
v 0.1 0.2 -2.9
v 0.1 0.2 -3
v 0.1 0.2 -3.1
v 0.1 0.2 -3.2
v 0.1 0.2 -3.3
v 0.1 0.2 -3.4
v 0.1 0.2 -3.5
v 0.1 0.2 -3.6
v 0.1 0.2 -3.7
v 0.1 0.2 -3.9
v 0.1 0.2 -4
v 0.1 0.2 -4.1
v 0.1 0.2 -4.2
v 0.1 0.2 -4.3
v 0.1 0.2 -4.4
v 0.1 0.2 -4.5
v 0.1 0.2 -4.6
v 0.1 0.2 -4.7
v 0.1 0.2 -4.8
v 0.1 0.2 -4.9
v 0.1 0.2 -5
v 0.1 0.2 -5.1
v 0.1 0.2 -5.2
v 0.1 0.2 -5.4
v 0.1 0.2 -5.5
v 0.1 0.2 -5.6
v 0.1 0.2 -5.8
v 0.1 0.2 -5.9
v 0.1 0.2 -6
v 0.1 0.2 -6.1
v 0.1 0.2 -6.2
v 0.1 0.2 -6.3
v 0.1 0.3 6.3
v 0.1 0.3 6.1
v 0.1 0.3 6
v 0.1 0.3 5.9
v 0.1 0.3 5.8
v 0.1 0.3 5.7
v 0.1 0.3 5.6
v 0.1 0.3 5.5
v 0.1 0.3 5.4
v 0.1 0.3 5.1
v 0.1 0.3 5
v 0.1 0.3 4.9
v 0.1 0.3 4.8
v 0.1 0.3 4.7
v 0.1 0.3 4.5
v 0.1 0.3 4.2
v 0.1 0.3 4.1
v 0.1 0.3 4
v 0.1 0.3 3.9
v 0.1 0.3 3.8
v 0.1 0.3 3.7
v 0.1 0.3 3.6
v 0.1 0.3 3.5
v 0.1 0.3 3.1
v 0.1 0.3 3
v 0.1 0.3 2.9
v 0.1 0.3 2.8
v 0.1 0.3 2.7
v 0.1 0.3 2.6
v 0.1 0.3 2.5
v 0.1 0.3 2.3
v 0.1 0.3 2.2
v 0.1 0.3 2.1
v 0.1 0.3 1.9
v 0.1 0.3 1.8
v 0.1 0.3 1.7
v 0.1 0.3 1.1
v 0.1 0.3 1
v 0.1 0.3 0.7
v 0.1 0.3 0.6
v 0.1 0.3 0.3
v 0.1 0.3 0
v 0.1 0.3 -0.1
v 0.1 0.3 -0.2
v 0.1 0.3 -0.3
v 0.1 0.3 -0.4
v 0.1 0.3 -0.6
v 0.1 0.3 -0.7
v 0.1 0.3 -0.8
v 0.1 0.3 -1.3
v 0.1 0.3 -1.4
v 0.1 0.3 -1.5
v 0.1 0.3 -1.6
v 0.1 0.3 -1.7
v 0.1 0.3 -1.8
v 0.1 0.3 -1.9
v 0.1 0.3 -2
v 0.1 0.3 -2.1
v 0.1 0.3 -2.2
v 0.1 0.3 -2.3
v 0.1 0.3 -2.4
v 0.1 0.3 -2.5
v 0.1 0.3 -2.7
v 0.1 0.3 -2.8
v 0.1 0.3 -3
v 0.1 0.3 -3.1
v 0.1 0.3 -3.2
v 0.1 0.3 -3.3
v 0.1 0.3 -3.4
v 0.1 0.3 -3.6
v 0.1 0.3 -3.7
v 0.1 0.3 -3.8
v 0.1 0.3 -3.9
v 0.1 0.3 -4
v 0.1 0.3 -4.1
v 0.1 0.3 -4.2
v 0.1 0.3 -4.3
v 0.1 0.3 -4.4
v 0.1 0.3 -4.5
v 0.1 0.3 -4.6
v 0.1 0.3 -4.8
v 0.1 0.3 -4.9
v 0.1 0.3 -5
v 0.1 0.3 -5.1
v 0.1 0.3 -5.2
v 0.1 0.3 -5.3
v 0.1 0.3 -5.4
v 0.1 0.3 -5.5
v 0.1 0.3 -5.6
v 0.1 0.3 -5.7
v 0.1 0.3 -5.8
v 0.1 0.3 -5.9
v 0.1 0.3 -6
v 0.1 0.3 -6.1
v 0.1 0.3 -6.2
v 0.1 0.3 -6.3
v 0.1 0.4 6.3
v 0.1 0.4 6
v 0.1 0.4 5.9
v 0.1 0.4 5.8
v 0.1 0.4 5.5
v 0.1 0.4 5.4
v 0.1 0.4 5.1
v 0.1 0.4 5
v 0.1 0.4 4.8
v 0.1 0.4 4.7
v 0.1 0.4 4.5
v 0.1 0.4 4.2
v 0.1 0.4 4.1
v 0.1 0.4 3.9
v 0.1 0.4 3.8
v 0.1 0.4 3.7
v 0.1 0.4 3.6
v 0.1 0.4 3.5
v 0.1 0.4 3.4
v 0.1 0.4 3.3
v 0.1 0.4 3.2
v 0.1 0.4 3.1
v 0.1 0.4 2.8
v 0.1 0.4 2.7
v 0.1 0.4 2.6
v 0.1 0.4 2.3
v 0.1 0.4 2.2
v 0.1 0.4 2
v 0.1 0.4 1.9
v 0.1 0.4 1.8
v 0.1 0.4 1.5
v 0.1 0.4 1.2
v 0.1 0.4 1.1
v 0.1 0.4 1
v 0.1 0.4 0.8
v 0.1 0.4 0.7
v 0.1 0.4 0.6
v 0.1 0.4 0.3
v 0.1 0.4 0
v 0.1 0.4 -0.2
v 0.1 0.4 -0.3
v 0.1 0.4 -0.4
v 0.1 0.4 -0.6
v 0.1 0.4 -0.7
v 0.1 0.4 -0.8
v 0.1 0.4 -1.2
v 0.1 0.4 -1.3
v 0.1 0.4 -1.4
v 0.1 0.4 -1.6
v 0.1 0.4 -1.7
v 0.1 0.4 -1.8
v 0.1 0.4 -1.9
v 0.1 0.4 -2
v 0.1 0.4 -2.2
v 0.1 0.4 -2.3
v 0.1 0.4 -2.4
v 0.1 0.4 -2.7
v 0.1 0.4 -2.8
v 0.1 0.4 -2.9
v 0.1 0.4 -3
v 0.1 0.4 -3.1
v 0.1 0.4 -3.2
v 0.1 0.4 -3.3
v 0.1 0.4 -3.4
v 0.1 0.4 -3.6
v 0.1 0.4 -3.7
v 0.1 0.4 -3.8
v 0.1 0.4 -3.9
v 0.1 0.4 -4
v 0.1 0.4 -4.2
v 0.1 0.4 -4.4
v 0.1 0.4 -4.5
v 0.1 0.4 -4.8
v 0.1 0.4 -4.9
v 0.1 0.4 -5
v 0.1 0.4 -5.2
v 0.1 0.4 -5.3
v 0.1 0.4 -5.4
v 0.1 0.4 -5.5
v 0.1 0.4 -5.6
v 0.1 0.4 -5.7
v 0.1 0.4 -5.8
v 0.1 0.4 -5.9
v 0.1 0.4 -6
v 0.1 0.4 -6.2
v 0.1 0.4 -6.3
v 0.5 0 6.3
v 0.5 0 6.2
v 0.5 0 5.5
v 0.5 0 5.4
v 0.5 0 5.3
v 0.5 0 5.1
v 0.5 0 4.8
v 0.5 0 4.7
v 0.5 0 4.4
v 0.5 0 4.2
v 0.5 0 3.8
v 0.5 0 3.6
v 0.5 0 3.5
v 0.5 0 3.4
v 0.5 0 3.1
v 0.5 0 2.9
v 0.5 0 2.8
v 0.5 0 2.5
v 0.5 0 2.4
v 0.5 0 2.2
v 0.5 0 1.8
v 0.5 0 1.7
v 0.5 0 1.5
v 0.5 0 1.4
v 0.5 0 1.3
v 0.5 0 1.2
v 0.5 0 1.1
v 0.5 0 1
v 0.5 0 0.9
v 0.5 0 0.8
v 0.5 0 0.7
v 0.5 0 0.6
v 0.5 0 0.5
v 0.5 0 0.4
v 0.5 0 0.3
v 0.5 0 0.1
v 0.5 0 0
v 0.5 0 -0.2
v 0.5 0 -0.3
v 0.5 0 -0.6
v 0.5 0 -0.7
v 0.5 0 -0.9
v 0.5 0 -1.1
v 0.5 0 -1.3
v 0.5 0 -1.4
v 0.5 0 -1.5
v 0.5 0 -1.8
v 0.5 0 -1.9
v 0.5 0 -2.3
v 0.5 0 -2.8
v 0.5 0 -3.1
v 0.5 0 -3.3
v 0.5 0 -3.4
v 0.5 0 -3.7
v 0.5 0 -3.8
v 0.5 0 -3.9
v 0.5 0 -4
v 0.5 0 -4.2
v 0.5 0 -4.3
v 0.5 0 -4.4
v 0.5 0 -4.5
v 0.5 0 -4.7
v 0.5 0 -4.8
v 0.5 0 -5.2
v 0.5 0 -5.5
v 0.5 0 -5.6
v 0.5 0 -5.9
v 0.5 0 -6
v 0.5 0 -6.1
v 0.5 0 -6.3
v 0.5 0.1 6.3
v 0.5 0.1 6.2
v 0.5 0.1 6.1
v 0.5 0.1 6
v 0.5 0.1 5.9
v 0.5 0.1 5.5
v 0.5 0.1 5.4
v 0.5 0.1 5.3
v 0.5 0.1 5.1
v 0.5 0.1 5
v 0.5 0.1 4.8
v 0.5 0.1 4.7
v 0.5 0.1 4.4
v 0.5 0.1 4.3
v 0.5 0.1 4.2
v 0.5 0.1 4
v 0.5 0.1 3.8
v 0.5 0.1 3.6
v 0.5 0.1 3.5
v 0.5 0.1 3.4
v 0.5 0.1 3.3
v 0.5 0.1 3.2
v 0.5 0.1 3.1
v 0.5 0.1 2.9
v 0.5 0.1 2.8
v 0.5 0.1 2.7
v 0.5 0.1 2.6
v 0.5 0.1 2.5
v 0.5 0.1 2.4
v 0.5 0.1 2.3
v 0.5 0.1 2.2
v 0.5 0.1 2
v 0.5 0.1 1.8
v 0.5 0.1 1.7
v 0.5 0.1 1.6
v 0.5 0.1 1.5
v 0.5 0.1 1.4
v 0.5 0.1 1.3
v 0.5 0.1 1.2
v 0.5 0.1 1.1
v 0.5 0.1 1
v 0.5 0.1 0.9
v 0.5 0.1 0.8
v 0.5 0.1 0.7
v 0.5 0.1 0.6
v 0.5 0.1 0.5
v 0.5 0.1 0.4
v 0.5 0.1 0.3
v 0.5 0.1 0.1
v 0.5 0.1 0
v 0.5 0.1 -0.1
v 0.5 0.1 -0.2
v 0.5 0.1 -0.3
v 0.5 0.1 -0.4
v 0.5 0.1 -0.5
v 0.5 0.1 -0.6
v 0.5 0.1 -0.7
v 0.5 0.1 -0.9
v 0.5 0.1 -1.1
v 0.5 0.1 -1.3
v 0.5 0.1 -1.4
v 0.5 0.1 -1.5
v 0.5 0.1 -1.6
v 0.5 0.1 -1.7
v 0.5 0.1 -1.8
v 0.5 0.1 -1.9
v 0.5 0.1 -2.1
v 0.5 0.1 -2.2
v 0.5 0.1 -2.3
v 0.5 0.1 -2.4
v 0.5 0.1 -2.6
v 0.5 0.1 -2.7
v 0.5 0.1 -2.8
v 0.5 0.1 -2.9
v 0.5 0.1 -3
v 0.5 0.1 -3.1
v 0.5 0.1 -3.3
v 0.5 0.1 -3.4
v 0.5 0.1 -3.5
v 0.5 0.1 -3.7
v 0.5 0.1 -3.8
v 0.5 0.1 -3.9
v 0.5 0.1 -4
v 0.5 0.1 -4.1
v 0.5 0.1 -4.2
v 0.5 0.1 -4.3
v 0.5 0.1 -4.4
v 0.5 0.1 -4.5
v 0.5 0.1 -4.6
v 0.5 0.1 -4.7
v 0.5 0.1 -4.8
v 0.5 0.1 -4.9
v 0.5 0.1 -5
v 0.5 0.1 -5.1
v 0.5 0.1 -5.2
v 0.5 0.1 -5.4
v 0.5 0.1 -5.5
v 0.5 0.1 -5.6
v 0.5 0.1 -5.7
v 0.5 0.1 -5.8
v 0.5 0.1 -5.9
v 0.5 0.1 -6
v 0.5 0.1 -6.1
v 0.5 0.1 -6.2
v 0.5 0.1 -6.3
v 0.5 0.2 6.2
v 0.5 0.2 6.1
v 0.5 0.2 6
v 0.5 0.2 5.9
v 0.5 0.2 5.8
v 0.5 0.2 5.5
v 0.5 0.2 5.4
v 0.5 0.2 5.3
v 0.5 0.2 5.1
v 0.5 0.2 5
v 0.5 0.2 4.8
v 0.5 0.2 4.7
v 0.5 0.2 4.6
v 0.5 0.2 4.5
v 0.5 0.2 4.4
v 0.5 0.2 4.3
v 0.5 0.2 4.2
v 0.5 0.2 4
v 0.5 0.2 3.8
v 0.5 0.2 3.7
v 0.5 0.2 3.6
v 0.5 0.2 3.5
v 0.5 0.2 3.4
v 0.5 0.2 3.3
v 0.5 0.2 3.2
v 0.5 0.2 3.1
v 0.5 0.2 3
v 0.5 0.2 2.9
v 0.5 0.2 2.8
v 0.5 0.2 2.7
v 0.5 0.2 2.6
v 0.5 0.2 2.4
v 0.5 0.2 2.3
v 0.5 0.2 2.1
v 0.5 0.2 1.9
v 0.5 0.2 1.8
v 0.5 0.2 1.6
v 0.5 0.2 1.5
v 0.5 0.2 1.4
v 0.5 0.2 1.3
v 0.5 0.2 1.2
v 0.5 0.2 1
v 0.5 0.2 0.8
v 0.5 0.2 0.7
v 0.5 0.2 0.6
v 0.5 0.2 0.5
v 0.5 0.2 0.4
v 0.5 0.2 0.2
v 0.5 0.2 0
v 0.5 0.2 -0.1
v 0.5 0.2 -0.2
v 0.5 0.2 -0.3
v 0.5 0.2 -0.4
v 0.5 0.2 -0.5
v 0.5 0.2 -0.6
v 0.5 0.2 -0.7
v 0.5 0.2 -0.9
v 0.5 0.2 -1
v 0.5 0.2 -1.1
v 0.5 0.2 -1.3
v 0.5 0.2 -1.5
v 0.5 0.2 -1.6
v 0.5 0.2 -1.7
v 0.5 0.2 -1.8
v 0.5 0.2 -2.1
v 0.5 0.2 -2.2
v 0.5 0.2 -2.3
v 0.5 0.2 -2.4
v 0.5 0.2 -2.5
v 0.5 0.2 -2.6
v 0.5 0.2 -2.8
v 0.5 0.2 -2.9
v 0.5 0.2 -3
v 0.5 0.2 -3.1
v 0.5 0.2 -3.3
v 0.5 0.2 -3.4
v 0.5 0.2 -3.5
v 0.5 0.2 -3.6
v 0.5 0.2 -3.7
v 0.5 0.2 -3.8
v 0.5 0.2 -3.9
v 0.5 0.2 -4
v 0.5 0.2 -4.1
v 0.5 0.2 -4.3
v 0.5 0.2 -4.5
v 0.5 0.2 -4.6
v 0.5 0.2 -4.8
v 0.5 0.2 -4.9
v 0.5 0.2 -5
v 0.5 0.2 -5.1
v 0.5 0.2 -5.2
v 0.5 0.2 -5.4
v 0.5 0.2 -5.5
v 0.5 0.2 -5.6
v 0.5 0.2 -5.7
v 0.5 0.2 -5.8
v 0.5 0.2 -5.9
v 0.5 0.2 -6.1
v 0.5 0.2 -6.2
v 0.5 0.2 -6.3
v 0.5 0.3 6.2
v 0.5 0.3 6.1
v 0.5 0.3 5.9
v 0.5 0.3 5.8
v 0.5 0.3 5.7
v 0.5 0.3 5.6
v 0.5 0.3 5.5
v 0.5 0.3 5.4
v 0.5 0.3 5.3
v 0.5 0.3 5.2
v 0.5 0.3 5.1
v 0.5 0.3 5
v 0.5 0.3 4.9
v 0.5 0.3 4.8
v 0.5 0.3 4.7
v 0.5 0.3 4.6
v 0.5 0.3 4.5
v 0.5 0.3 4.4
v 0.5 0.3 4.3
v 0.5 0.3 4.2
v 0.5 0.3 4
v 0.5 0.3 3.9
v 0.5 0.3 3.8
v 0.5 0.3 3.5
v 0.5 0.3 3.4
v 0.5 0.3 3.1
v 0.5 0.3 3
v 0.5 0.3 2.7
v 0.5 0.3 2.4
v 0.5 0.3 2.3
v 0.5 0.3 2.1
v 0.5 0.3 2
v 0.5 0.3 1.9
v 0.5 0.3 1.8
v 0.5 0.3 1.7
v 0.5 0.3 1.6
v 0.5 0.3 1.5
v 0.5 0.3 1.3
v 0.5 0.3 1.2
v 0.5 0.3 1.1
v 0.5 0.3 1
v 0.5 0.3 0.8
v 0.5 0.3 0.7
v 0.5 0.3 0.6
v 0.5 0.3 0.5
v 0.5 0.3 0.4
v 0.5 0.3 0.2
v 0.5 0.3 0.1
v 0.5 0.3 0
v 0.5 0.3 -0.1
v 0.5 0.3 -0.2
v 0.5 0.3 -0.3
v 0.5 0.3 -0.4
v 0.5 0.3 -0.6
v 0.5 0.3 -0.7
v 0.5 0.3 -0.9
v 0.5 0.3 -1
v 0.5 0.3 -1.1
v 0.5 0.3 -1.3
v 0.5 0.3 -1.6
v 0.5 0.3 -1.7
v 0.5 0.3 -1.8
v 0.5 0.3 -1.9
v 0.5 0.3 -2
v 0.5 0.3 -2.1
v 0.5 0.3 -2.2
v 0.5 0.3 -2.3
v 0.5 0.3 -2.4
v 0.5 0.3 -2.5
v 0.5 0.3 -2.6
v 0.5 0.3 -2.7
v 0.5 0.3 -2.8
v 0.5 0.3 -2.9
v 0.5 0.3 -3
v 0.5 0.3 -3.1
v 0.5 0.3 -3.2
v 0.5 0.3 -3.3
v 0.5 0.3 -3.4
v 0.5 0.3 -3.5
v 0.5 0.3 -3.6
v 0.5 0.3 -3.7
v 0.5 0.3 -3.8
v 0.5 0.3 -3.9
v 0.5 0.3 -4
v 0.5 0.3 -4.5
v 0.5 0.3 -4.6
v 0.5 0.3 -4.7
v 0.5 0.3 -4.8
v 0.5 0.3 -4.9
v 0.5 0.3 -5.1
v 0.5 0.3 -5.2
v 0.5 0.3 -5.4
v 0.5 0.3 -5.5
v 0.5 0.3 -5.6
v 0.5 0.3 -5.7
v 0.5 0.3 -5.8
v 0.5 0.3 -5.9
v 0.5 0.3 -6.1
v 0.5 0.3 -6.2
v 0.5 0.3 -6.3
v 0.5 0.4 6.3
v 0.5 0.4 6.1
v 0.5 0.4 5.9
v 0.5 0.4 5.7
v 0.5 0.4 5.6
v 0.5 0.4 5.4
v 0.5 0.4 5.2
v 0.5 0.4 5.1
v 0.5 0.4 5
v 0.5 0.4 4.9
v 0.5 0.4 4.8
v 0.5 0.4 4.6
v 0.5 0.4 4
v 0.5 0.4 3.9
v 0.5 0.4 3.7
v 0.5 0.4 3.5
v 0.5 0.4 3.4
v 0.5 0.4 3.3
v 0.5 0.4 3.2
v 0.5 0.4 3.1
v 0.5 0.4 3
v 0.5 0.4 2.7
v 0.5 0.4 2.4
v 0.5 0.4 2.3
v 0.5 0.4 2.1
v 0.5 0.4 2
v 0.5 0.4 1.9
v 0.5 0.4 1.8
v 0.5 0.4 1.7
v 0.5 0.4 1.5
v 0.5 0.4 1.4
v 0.5 0.4 1.3
v 0.5 0.4 1.2
v 0.5 0.4 1.1
v 0.5 0.4 1
v 0.5 0.4 0.7
v 0.5 0.4 0.6
v 0.5 0.4 0.5
v 0.5 0.4 0.1
v 0.5 0.4 0
v 0.5 0.4 -0.3
v 0.5 0.4 -0.4
v 0.5 0.4 -0.6
v 0.5 0.4 -0.7
v 0.5 0.4 -1.1
v 0.5 0.4 -1.3
v 0.5 0.4 -1.6
v 0.5 0.4 -1.7
v 0.5 0.4 -1.8
v 0.5 0.4 -1.9
v 0.5 0.4 -2
v 0.5 0.4 -2.1
v 0.5 0.4 -2.3
v 0.5 0.4 -2.4
v 0.5 0.4 -2.5
v 0.5 0.4 -2.6
v 0.5 0.4 -3.2
v 0.5 0.4 -3.4
v 0.5 0.4 -3.5
v 0.5 0.4 -3.8
v 0.5 0.4 -3.9
v 0.5 0.4 -4
v 0.5 0.4 -4.1
v 0.5 0.4 -4.3
v 0.5 0.4 -4.6
v 0.5 0.4 -4.7
v 0.5 0.4 -4.8
v 0.5 0.4 -4.9
v 0.5 0.4 -5.1
v 0.5 0.4 -5.4
v 0.5 0.4 -5.5
v 0.5 0.4 -5.6
v 0.5 0.4 -5.8
v 0.5 0.4 -5.9
v 0.5 0.4 -6.1
v 0.5 0.4 -6.2
v 0.5 0.4 -6.3
v 0.1 0 6.3
v 0.1 0.2 6.3
v 0.1 0.3 6.3
v 0.1 0.4 6.3
v 0.2 0 6.3
v 0.2 0.2 6.3
v 0.2 0.3 6.3
v 0.2 0.4 6.3
v 0.3 0 6.3
v 0.3 0.1 6.3
v 0.3 0.2 6.3
v 0.3 0.3 6.3
v 0.3 0.4 6.3
v 0.4 0 6.3
v 0.4 0.1 6.3
v 0.4 0.2 6.3
v 0.4 0.3 6.3
v 0.4 0.4 6.3
v 0.5 0 6.3
v 0.5 0.1 6.3
v 0.5 0.4 6.3
v 0.1 0 -6.3
v 0.1 0.1 -6.3
v 0.1 0.2 -6.3
v 0.1 0.3 -6.3
v 0.1 0.4 -6.3
v 0.2 0 -6.3
v 0.2 0.1 -6.3
v 0.2 0.2 -6.3
v 0.2 0.3 -6.3
v 0.2 0.4 -6.3
v 0.3 0 -6.3
v 0.3 0.1 -6.3
v 0.3 0.2 -6.3
v 0.4 0 -6.3
v 0.4 0.1 -6.3
v 0.4 0.2 -6.3
v 0.4 0.3 -6.3
v 0.4 0.4 -6.3
v 0.5 0 -6.3
v 0.5 0.1 -6.3
v 0.5 0.2 -6.3
v 0.5 0.3 -6.3
v 0.5 0.4 -6.3
v 0.1 0 6.3
v 0.2 0 6.3
v 0.3 0 6.3
v 0.4 0 6.3
v 0.5 0 6.3
v 0.1 0 6.2
v 0.2 0 6.2
v 0.3 0 6.2
v 0.4 0 6.2
v 0.5 0 6.2
v 0.1 0 6.1
v 0.2 0 6.1
v 0.3 0 6.1
v 0.4 0 6.1
v 0.1 0 6
v 0.2 0 6
v 0.3 0 6
v 0.4 0 6
v 0.1 0 5.9
v 0.2 0 5.9
v 0.3 0 5.9
v 0.4 0 5.9
v 0.1 0 5.8
v 0.2 0 5.8
v 0.3 0 5.8
v 0.1 0 5.7
v 0.2 0 5.7
v 0.2 0 5.5
v 0.3 0 5.5
v 0.4 0 5.5
v 0.5 0 5.5
v 0.3 0 5.4
v 0.4 0 5.4
v 0.5 0 5.4
v 0.1 0 5.3
v 0.2 0 5.3
v 0.3 0 5.3
v 0.4 0 5.3
v 0.5 0 5.3
v 0.1 0 5.2
v 0.3 0 5.2
v 0.4 0 5.2
v 0.4 0 5.1
v 0.5 0 5.1
v 0.2 0 5
v 0.3 0 5
v 0.1 0 4.9
v 0.2 0 4.9
v 0.3 0 4.9
v 0.4 0 4.9
v 0.1 0 4.8
v 0.2 0 4.8
v 0.3 0 4.8
v 0.5 0 4.8
v 0.1 0 4.7
v 0.2 0 4.7
v 0.3 0 4.7
v 0.4 0 4.7
v 0.5 0 4.7
v 0.1 0 4.6
v 0.2 0 4.6
v 0.3 0 4.6
v 0.2 0 4.5
v 0.3 0 4.5
v 0.1 0 4.4
v 0.2 0 4.4
v 0.3 0 4.4
v 0.4 0 4.4
v 0.5 0 4.4
v 0.1 0 4.3
v 0.3 0 4.3
v 0.2 0 4.2
v 0.3 0 4.2
v 0.4 0 4.2
v 0.5 0 4.2
v 0.1 0 4.1
v 0.2 0 4.1
v 0.3 0 4.1
v 0.4 0 4.1
v 0.1 0 4
v 0.2 0 4
v 0.3 0 4
v 0.4 0 4
v 0.1 0 3.9
v 0.2 0 3.9
v 0.3 0 3.9
v 0.4 0 3.9
v 0.1 0 3.8
v 0.2 0 3.8
v 0.3 0 3.8
v 0.4 0 3.8
v 0.5 0 3.8
v 0.1 0 3.7
v 0.2 0 3.7
v 0.3 0 3.7
v 0.4 0 3.7
v 0.2 0 3.6
v 0.3 0 3.6
v 0.4 0 3.6
v 0.5 0 3.6
v 0.1 0 3.5
v 0.2 0 3.5
v 0.3 0 3.5
v 0.4 0 3.5
v 0.5 0 3.5
v 0.2 0 3.4
v 0.3 0 3.4
v 0.4 0 3.4
v 0.5 0 3.4
v 0.2 0 3.3
v 0.3 0 3.3
v 0.4 0 3.3
v 0.1 0 3.2
v 0.2 0 3.2
v 0.3 0 3.2
v 0.4 0 3.2
v 0.3 0 3.1
v 0.4 0 3.1
v 0.5 0 3.1
v 0.1 0 3
v 0.2 0 3
v 0.3 0 3
v 0.4 0 3
v 0.3 0 2.9
v 0.4 0 2.9
v 0.5 0 2.9
v 0.1 0 2.8
v 0.2 0 2.8
v 0.3 0 2.8
v 0.4 0 2.8
v 0.5 0 2.8
v 0.3 0 2.7
v 0.4 0 2.7
v 0.1 0 2.6
v 0.2 0 2.6
v 0.3 0 2.6
v 0.1 0 2.5
v 0.2 0 2.5
v 0.4 0 2.5
v 0.5 0 2.5
v 0.2 0 2.4
v 0.3 0 2.4
v 0.4 0 2.4
v 0.5 0 2.4
v 0.1 0 2.3
v 0.2 0 2.3
v 0.3 0 2.3
v 0.4 0 2.3
v 0.1 0 2.2
v 0.2 0 2.2
v 0.3 0 2.2
v 0.4 0 2.2
v 0.5 0 2.2
v 0.2 0 2.1
v 0.3 0 2.1
v 0.4 0 2.1
v 0.1 0 1.9
v 0.2 0 1.9
v 0.3 0 1.9
v 0.4 0 1.9
v 0.1 0 1.8
v 0.2 0 1.8
v 0.3 0 1.8
v 0.4 0 1.8
v 0.5 0 1.8
v 0.1 0 1.7
v 0.2 0 1.7
v 0.4 0 1.7
v 0.5 0 1.7
v 0.1 0 1.6
v 0.2 0 1.6
v 0.3 0 1.6
v 0.4 0 1.6
v 0.1 0 1.5
v 0.2 0 1.5
v 0.3 0 1.5
v 0.4 0 1.5
v 0.5 0 1.5
v 0.4 0 1.4
v 0.5 0 1.4
v 0.1 0 1.3
v 0.2 0 1.3
v 0.4 0 1.3
v 0.5 0 1.3
v 0.4 0 1.2
v 0.5 0 1.2
v 0.1 0 1.1
v 0.2 0 1.1
v 0.5 0 1.1
v 0.2 0 1
v 0.3 0 1
v 0.4 0 1
v 0.5 0 1
v 0.1 0 0.9
v 0.2 0 0.9
v 0.3 0 0.9
v 0.4 0 0.9
v 0.5 0 0.9
v 0.2 0 0.8
v 0.3 0 0.8
v 0.4 0 0.8
v 0.5 0 0.8
v 0.2 0 0.7
v 0.3 0 0.7
v 0.4 0 0.7
v 0.5 0 0.7
v 0.2 0 0.6
v 0.3 0 0.6
v 0.4 0 0.6
v 0.5 0 0.6
v 0.1 0 0.5
v 0.2 0 0.5
v 0.3 0 0.5
v 0.4 0 0.5
v 0.5 0 0.5
v 0.1 0 0.4
v 0.2 0 0.4
v 0.3 0 0.4
v 0.4 0 0.4
v 0.5 0 0.4
v 0.1 0 0.3
v 0.2 0 0.3
v 0.3 0 0.3
v 0.4 0 0.3
v 0.5 0 0.3
v 0.1 0 0.2
v 0.2 0 0.2
v 0.3 0 0.2
v 0.4 0 0.2
v 0.1 0 0.1
v 0.2 0 0.1
v 0.4 0 0.1
v 0.5 0 0.1
v 0.1 0 0
v 0.2 0 0
v 0.3 0 0
v 0.4 0 0
v 0.5 0 0
v 0.2 0 -0.1
v 0.3 0 -0.1
v 0.1 0 -0.2
v 0.2 0 -0.2
v 0.3 0 -0.2
v 0.4 0 -0.2
v 0.5 0 -0.2
v 0.1 0 -0.3
v 0.2 0 -0.3
v 0.3 0 -0.3
v 0.4 0 -0.3
v 0.5 0 -0.3
v 0.3 0 -0.4
v 0.4 0 -0.4
v 0.2 0 -0.5
v 0.3 0 -0.5
v 0.4 0 -0.5
v 0.1 0 -0.6
v 0.2 0 -0.6
v 0.3 0 -0.6
v 0.4 0 -0.6
v 0.5 0 -0.6
v 0.3 0 -0.7
v 0.4 0 -0.7
v 0.5 0 -0.7
v 0.1 0 -0.8
v 0.2 0 -0.8
v 0.3 0 -0.8
v 0.4 0 -0.8
v 0.2 0 -0.9
v 0.3 0 -0.9
v 0.4 0 -0.9
v 0.5 0 -0.9
v 0.1 0 -1
v 0.2 0 -1
v 0.3 0 -1
v 0.2 0 -1.1
v 0.3 0 -1.1
v 0.4 0 -1.1
v 0.5 0 -1.1
v 0.1 0 -1.2
v 0.2 0 -1.2
v 0.3 0 -1.2
v 0.1 0 -1.3
v 0.2 0 -1.3
v 0.3 0 -1.3
v 0.4 0 -1.3
v 0.5 0 -1.3
v 0.1 0 -1.4
v 0.2 0 -1.4
v 0.3 0 -1.4
v 0.4 0 -1.4
v 0.5 0 -1.4
v 0.1 0 -1.5
v 0.2 0 -1.5
v 0.4 0 -1.5
v 0.5 0 -1.5
v 0.1 0 -1.6
v 0.2 0 -1.6
v 0.3 0 -1.6
v 0.4 0 -1.6
v 0.1 0 -1.7
v 0.2 0 -1.7
v 0.3 0 -1.7
v 0.4 0 -1.7
v 0.2 0 -1.8
v 0.3 0 -1.8
v 0.4 0 -1.8
v 0.5 0 -1.8
v 0.1 0 -1.9
v 0.2 0 -1.9
v 0.3 0 -1.9
v 0.4 0 -1.9
v 0.5 0 -1.9
v 0.2 0 -2
v 0.4 0 -2
v 0.1 0 -2.2
v 0.3 0 -2.2
v 0.4 0 -2.2
v 0.2 0 -2.3
v 0.3 0 -2.3
v 0.4 0 -2.3
v 0.5 0 -2.3
v 0.2 0 -2.4
v 0.3 0 -2.4
v 0.4 0 -2.4
v 0.2 0 -2.5
v 0.3 0 -2.5
v 0.4 0 -2.5
v 0.3 0 -2.6
v 0.4 0 -2.6
v 0.3 0 -2.7
v 0.4 0 -2.7
v 0.1 0 -2.8
v 0.2 0 -2.8
v 0.3 0 -2.8
v 0.4 0 -2.8
v 0.5 0 -2.8
v 0.1 0 -2.9
v 0.2 0 -2.9
v 0.3 0 -2.9
v 0.4 0 -2.9
v 0.2 0 -3
v 0.3 0 -3
v 0.2 0 -3.1
v 0.3 0 -3.1
v 0.4 0 -3.1
v 0.5 0 -3.1
v 0.1 0 -3.2
v 0.2 0 -3.2
v 0.3 0 -3.2
v 0.4 0 -3.2
v 0.1 0 -3.3
v 0.2 0 -3.3
v 0.3 0 -3.3
v 0.4 0 -3.3
v 0.5 0 -3.3
v 0.1 0 -3.4
v 0.2 0 -3.4
v 0.4 0 -3.4
v 0.5 0 -3.4
v 0.2 0 -3.5
v 0.3 0 -3.5
v 0.1 0 -3.6
v 0.2 0 -3.6
v 0.3 0 -3.6
v 0.1 0 -3.7
v 0.2 0 -3.7
v 0.4 0 -3.7
v 0.5 0 -3.7
v 0.1 0 -3.8
v 0.2 0 -3.8
v 0.4 0 -3.8
v 0.5 0 -3.8
v 0.1 0 -3.9
v 0.2 0 -3.9
v 0.3 0 -3.9
v 0.4 0 -3.9
v 0.5 0 -3.9
v 0.1 0 -4
v 0.2 0 -4
v 0.4 0 -4
v 0.5 0 -4
v 0.1 0 -4.1
v 0.2 0 -4.1
v 0.3 0 -4.1
v 0.1 0 -4.2
v 0.2 0 -4.2
v 0.3 0 -4.2
v 0.4 0 -4.2
v 0.5 0 -4.2
v 0.1 0 -4.3
v 0.2 0 -4.3
v 0.3 0 -4.3
v 0.5 0 -4.3
v 0.1 0 -4.4
v 0.2 0 -4.4
v 0.4 0 -4.4
v 0.5 0 -4.4
v 0.1 0 -4.5
v 0.2 0 -4.5
v 0.3 0 -4.5
v 0.4 0 -4.5
v 0.5 0 -4.5
v 0.1 0 -4.6
v 0.2 0 -4.6
v 0.3 0 -4.6
v 0.4 0 -4.6
v 0.1 0 -4.7
v 0.2 0 -4.7
v 0.4 0 -4.7
v 0.5 0 -4.7
v 0.1 0 -4.8
v 0.2 0 -4.8
v 0.3 0 -4.8
v 0.4 0 -4.8
v 0.5 0 -4.8
v 0.2 0 -4.9
v 0.3 0 -4.9
v 0.1 0 -5
v 0.2 0 -5
v 0.1 0 -5.1
v 0.2 0 -5.1
v 0.3 0 -5.1
v 0.4 0 -5.1
v 0.1 0 -5.2
v 0.2 0 -5.2
v 0.3 0 -5.2
v 0.4 0 -5.2
v 0.5 0 -5.2
v 0.1 0 -5.3
v 0.2 0 -5.3
v 0.3 0 -5.3
v 0.4 0 -5.3
v 0.1 0 -5.4
v 0.2 0 -5.4
v 0.4 0 -5.4
v 0.1 0 -5.5
v 0.2 0 -5.5
v 0.3 0 -5.5
v 0.4 0 -5.5
v 0.5 0 -5.5
v 0.1 0 -5.6
v 0.2 0 -5.6
v 0.3 0 -5.6
v 0.4 0 -5.6
v 0.5 0 -5.6
v 0.1 0 -5.7
v 0.2 0 -5.7
v 0.3 0 -5.7
v 0.4 0 -5.7
v 0.1 0 -5.9
v 0.2 0 -5.9
v 0.3 0 -5.9
v 0.4 0 -5.9
v 0.5 0 -5.9
v 0.1 0 -6
v 0.2 0 -6
v 0.3 0 -6
v 0.4 0 -6
v 0.5 0 -6
v 0.1 0 -6.1
v 0.2 0 -6.1
v 0.3 0 -6.1
v 0.4 0 -6.1
v 0.5 0 -6.1
v 0.2 0 -6.2
v 0.3 0 -6.2
v 0.4 0 -6.2
v 0.1 0 -6.3
v 0.2 0 -6.3
v 0.3 0 -6.3
v 0.4 0 -6.3
v 0.5 0 -6.3
v 0.1 0.4 6.3
v 0.2 0.4 6.3
v 0.3 0.4 6.3
v 0.4 0.4 6.3
v 0.5 0.4 6.3
v 0.2 0.4 6.2
v 0.3 0.4 6.2
v 0.2 0.4 6.1
v 0.3 0.4 6.1
v 0.4 0.4 6.1
v 0.5 0.4 6.1
v 0.1 0.4 6
v 0.2 0.4 6
v 0.3 0.4 6
v 0.4 0.4 6
v 0.1 0.4 5.9
v 0.2 0.4 5.9
v 0.3 0.4 5.9
v 0.4 0.4 5.9
v 0.5 0.4 5.9
v 0.1 0.4 5.8
v 0.2 0.4 5.8
v 0.3 0.4 5.8
v 0.3 0.4 5.7
v 0.4 0.4 5.7
v 0.5 0.4 5.7
v 0.2 0.4 5.6
v 0.3 0.4 5.6
v 0.4 0.4 5.6
v 0.5 0.4 5.6
v 0.1 0.4 5.5
v 0.3 0.4 5.5
v 0.1 0.4 5.4
v 0.2 0.4 5.4
v 0.3 0.4 5.4
v 0.4 0.4 5.4
v 0.5 0.4 5.4
v 0.2 0.4 5.3
v 0.3 0.4 5.3
v 0.2 0.4 5.2
v 0.3 0.4 5.2
v 0.4 0.4 5.2
v 0.5 0.4 5.2
v 0.1 0.4 5.1
v 0.3 0.4 5.1
v 0.4 0.4 5.1
v 0.5 0.4 5.1
v 0.1 0.4 5
v 0.2 0.4 5
v 0.4 0.4 5
v 0.5 0.4 5
v 0.2 0.4 4.9
v 0.3 0.4 4.9
v 0.4 0.4 4.9
v 0.5 0.4 4.9
v 0.1 0.4 4.8
v 0.2 0.4 4.8
v 0.3 0.4 4.8
v 0.4 0.4 4.8
v 0.5 0.4 4.8
v 0.1 0.4 4.7
v 0.2 0.4 4.7
v 0.3 0.4 4.7
v 0.4 0.4 4.7
v 0.4 0.4 4.6
v 0.5 0.4 4.6
v 0.1 0.4 4.5
v 0.2 0.4 4.5
v 0.3 0.4 4.5
v 0.4 0.4 4.5
v 0.3 0.4 4.4
v 0.4 0.4 4.4
v 0.2 0.4 4.3
v 0.3 0.4 4.3
v 0.4 0.4 4.3
v 0.1 0.4 4.2
v 0.3 0.4 4.2
v 0.1 0.4 4.1
v 0.3 0.4 4.1
v 0.4 0.4 4.1
v 0.3 0.4 4
v 0.4 0.4 4
v 0.5 0.4 4
v 0.1 0.4 3.9
v 0.2 0.4 3.9
v 0.3 0.4 3.9
v 0.4 0.4 3.9
v 0.5 0.4 3.9
v 0.1 0.4 3.8
v 0.2 0.4 3.8
v 0.1 0.4 3.7
v 0.2 0.4 3.7
v 0.3 0.4 3.7
v 0.4 0.4 3.7
v 0.5 0.4 3.7
v 0.1 0.4 3.6
v 0.2 0.4 3.6
v 0.3 0.4 3.6
v 0.4 0.4 3.6
v 0.1 0.4 3.5
v 0.2 0.4 3.5
v 0.4 0.4 3.5
v 0.5 0.4 3.5
v 0.1 0.4 3.4
v 0.2 0.4 3.4
v 0.3 0.4 3.4
v 0.4 0.4 3.4
v 0.5 0.4 3.4
v 0.1 0.4 3.3
v 0.2 0.4 3.3
v 0.3 0.4 3.3
v 0.4 0.4 3.3
v 0.5 0.4 3.3
v 0.1 0.4 3.2
v 0.2 0.4 3.2
v 0.4 0.4 3.2
v 0.5 0.4 3.2
v 0.1 0.4 3.1
v 0.2 0.4 3.1
v 0.3 0.4 3.1
v 0.4 0.4 3.1
v 0.5 0.4 3.1
v 0.3 0.4 3
v 0.4 0.4 3
v 0.5 0.4 3
v 0.2 0.4 2.9
v 0.3 0.4 2.9
v 0.4 0.4 2.9
v 0.1 0.4 2.8
v 0.2 0.4 2.8
v 0.3 0.4 2.8
v 0.4 0.4 2.8
v 0.1 0.4 2.7
v 0.2 0.4 2.7
v 0.3 0.4 2.7
v 0.4 0.4 2.7
v 0.5 0.4 2.7
v 0.1 0.4 2.6
v 0.2 0.4 2.6
v 0.3 0.4 2.6
v 0.4 0.4 2.6
v 0.2 0.4 2.5
v 0.3 0.4 2.5
v 0.4 0.4 2.5
v 0.3 0.4 2.4
v 0.4 0.4 2.4
v 0.5 0.4 2.4
v 0.1 0.4 2.3
v 0.2 0.4 2.3
v 0.3 0.4 2.3
v 0.5 0.4 2.3
v 0.1 0.4 2.2
v 0.2 0.4 2.2
v 0.3 0.4 2.2
v 0.4 0.4 2.2
v 0.2 0.4 2.1
v 0.3 0.4 2.1
v 0.4 0.4 2.1
v 0.5 0.4 2.1
v 0.1 0.4 2
v 0.2 0.4 2
v 0.3 0.4 2
v 0.4 0.4 2
v 0.5 0.4 2
v 0.1 0.4 1.9
v 0.2 0.4 1.9
v 0.4 0.4 1.9
v 0.5 0.4 1.9
v 0.1 0.4 1.8
v 0.3 0.4 1.8
v 0.4 0.4 1.8
v 0.5 0.4 1.8
v 0.2 0.4 1.7
v 0.3 0.4 1.7
v 0.4 0.4 1.7
v 0.5 0.4 1.7
v 0.2 0.4 1.6
v 0.3 0.4 1.6
v 0.1 0.4 1.5
v 0.2 0.4 1.5
v 0.3 0.4 1.5
v 0.4 0.4 1.5
v 0.5 0.4 1.5
v 0.2 0.4 1.4
v 0.3 0.4 1.4
v 0.4 0.4 1.4
v 0.5 0.4 1.4
v 0.2 0.4 1.3
v 0.3 0.4 1.3
v 0.4 0.4 1.3
v 0.5 0.4 1.3
v 0.1 0.4 1.2
v 0.2 0.4 1.2
v 0.3 0.4 1.2
v 0.4 0.4 1.2
v 0.5 0.4 1.2
v 0.1 0.4 1.1
v 0.2 0.4 1.1
v 0.3 0.4 1.1
v 0.5 0.4 1.1
v 0.1 0.4 1
v 0.2 0.4 1
v 0.3 0.4 1
v 0.4 0.4 1
v 0.5 0.4 1
v 0.2 0.4 0.9
v 0.3 0.4 0.9
v 0.1 0.4 0.8
v 0.2 0.4 0.8
v 0.1 0.4 0.7
v 0.2 0.4 0.7
v 0.3 0.4 0.7
v 0.4 0.4 0.7
v 0.5 0.4 0.7
v 0.1 0.4 0.6
v 0.2 0.4 0.6
v 0.3 0.4 0.6
v 0.4 0.4 0.6
v 0.5 0.4 0.6
v 0.4 0.4 0.5
v 0.5 0.4 0.5
v 0.2 0.4 0.4
v 0.3 0.4 0.4
v 0.4 0.4 0.4
v 0.1 0.4 0.3
v 0.2 0.4 0.3
v 0.3 0.4 0.3
v 0.4 0.4 0.3
v 0.2 0.4 0.1
v 0.3 0.4 0.1
v 0.4 0.4 0.1
v 0.5 0.4 0.1
v 0.1 0.4 0
v 0.2 0.4 0
v 0.3 0.4 0
v 0.4 0.4 0
v 0.5 0.4 0
v 0.2 0.4 -0.1
v 0.3 0.4 -0.1
v 0.1 0.4 -0.2
v 0.2 0.4 -0.2
v 0.3 0.4 -0.2
v 0.4 0.4 -0.2
v 0.1 0.4 -0.3
v 0.2 0.4 -0.3
v 0.3 0.4 -0.3
v 0.4 0.4 -0.3
v 0.5 0.4 -0.3
v 0.1 0.4 -0.4
v 0.2 0.4 -0.4
v 0.3 0.4 -0.4
v 0.4 0.4 -0.4
v 0.5 0.4 -0.4
v 0.3 0.4 -0.5
v 0.4 0.4 -0.5
v 0.1 0.4 -0.6
v 0.2 0.4 -0.6
v 0.3 0.4 -0.6
v 0.4 0.4 -0.6
v 0.5 0.4 -0.6
v 0.1 0.4 -0.7
v 0.2 0.4 -0.7
v 0.3 0.4 -0.7
v 0.4 0.4 -0.7
v 0.5 0.4 -0.7
v 0.1 0.4 -0.8
v 0.2 0.4 -0.8
v 0.3 0.4 -0.8
v 0.2 0.4 -0.9
v 0.3 0.4 -0.9
v 0.4 0.4 -0.9
v 0.2 0.4 -1
v 0.3 0.4 -1
v 0.2 0.4 -1.1
v 0.3 0.4 -1.1
v 0.4 0.4 -1.1
v 0.5 0.4 -1.1
v 0.1 0.4 -1.2
v 0.2 0.4 -1.2
v 0.3 0.4 -1.2
v 0.4 0.4 -1.2
v 0.1 0.4 -1.3
v 0.2 0.4 -1.3
v 0.3 0.4 -1.3
v 0.4 0.4 -1.3
v 0.5 0.4 -1.3
v 0.1 0.4 -1.4
v 0.2 0.4 -1.4
v 0.3 0.4 -1.4
v 0.4 0.4 -1.4
v 0.2 0.4 -1.5
v 0.3 0.4 -1.5
v 0.1 0.4 -1.6
v 0.2 0.4 -1.6
v 0.3 0.4 -1.6
v 0.4 0.4 -1.6
v 0.5 0.4 -1.6
v 0.1 0.4 -1.7
v 0.2 0.4 -1.7
v 0.3 0.4 -1.7
v 0.4 0.4 -1.7
v 0.5 0.4 -1.7
v 0.1 0.4 -1.8
v 0.2 0.4 -1.8
v 0.3 0.4 -1.8
v 0.4 0.4 -1.8
v 0.5 0.4 -1.8
v 0.1 0.4 -1.9
v 0.2 0.4 -1.9
v 0.4 0.4 -1.9
v 0.5 0.4 -1.9
v 0.1 0.4 -2
v 0.2 0.4 -2
v 0.3 0.4 -2
v 0.5 0.4 -2
v 0.2 0.4 -2.1
v 0.3 0.4 -2.1
v 0.5 0.4 -2.1
v 0.1 0.4 -2.2
v 0.2 0.4 -2.2
v 0.1 0.4 -2.3
v 0.2 0.4 -2.3
v 0.3 0.4 -2.3
v 0.5 0.4 -2.3
v 0.1 0.4 -2.4
v 0.2 0.4 -2.4
v 0.3 0.4 -2.4
v 0.4 0.4 -2.4
v 0.5 0.4 -2.4
v 0.2 0.4 -2.5
v 0.3 0.4 -2.5
v 0.4 0.4 -2.5
v 0.5 0.4 -2.5
v 0.2 0.4 -2.6
v 0.3 0.4 -2.6
v 0.4 0.4 -2.6
v 0.5 0.4 -2.6
v 0.1 0.4 -2.7
v 0.2 0.4 -2.7
v 0.3 0.4 -2.7
v 0.4 0.4 -2.7
v 0.1 0.4 -2.8
v 0.2 0.4 -2.8
v 0.3 0.4 -2.8
v 0.4 0.4 -2.8
v 0.1 0.4 -2.9
v 0.2 0.4 -2.9
v 0.3 0.4 -2.9
v 0.4 0.4 -2.9
v 0.1 0.4 -3
v 0.2 0.4 -3
v 0.3 0.4 -3
v 0.1 0.4 -3.1
v 0.2 0.4 -3.1
v 0.4 0.4 -3.1
v 0.1 0.4 -3.2
v 0.2 0.4 -3.2
v 0.3 0.4 -3.2
v 0.4 0.4 -3.2
v 0.5 0.4 -3.2
v 0.1 0.4 -3.3
v 0.2 0.4 -3.3
v 0.3 0.4 -3.3
v 0.4 0.4 -3.3
v 0.1 0.4 -3.4
v 0.2 0.4 -3.4
v 0.3 0.4 -3.4
v 0.4 0.4 -3.4
v 0.5 0.4 -3.4
v 0.3 0.4 -3.5
v 0.4 0.4 -3.5
v 0.5 0.4 -3.5
v 0.1 0.4 -3.6
v 0.3 0.4 -3.6
v 0.4 0.4 -3.6
v 0.1 0.4 -3.7
v 0.2 0.4 -3.7
v 0.3 0.4 -3.7
v 0.4 0.4 -3.7
v 0.1 0.4 -3.8
v 0.2 0.4 -3.8
v 0.3 0.4 -3.8
v 0.4 0.4 -3.8
v 0.5 0.4 -3.8
v 0.1 0.4 -3.9
v 0.3 0.4 -3.9
v 0.4 0.4 -3.9
v 0.5 0.4 -3.9
v 0.1 0.4 -4
v 0.2 0.4 -4
v 0.3 0.4 -4
v 0.4 0.4 -4
v 0.5 0.4 -4
v 0.3 0.4 -4.1
v 0.4 0.4 -4.1
v 0.5 0.4 -4.1
v 0.1 0.4 -4.2
v 0.2 0.4 -4.2
v 0.3 0.4 -4.2
v 0.2 0.4 -4.3
v 0.3 0.4 -4.3
v 0.4 0.4 -4.3
v 0.5 0.4 -4.3
v 0.1 0.4 -4.4
v 0.2 0.4 -4.4
v 0.1 0.4 -4.5
v 0.2 0.4 -4.5
v 0.3 0.4 -4.5
v 0.4 0.4 -4.5
v 0.2 0.4 -4.6
v 0.3 0.4 -4.6
v 0.4 0.4 -4.6
v 0.5 0.4 -4.6
v 0.2 0.4 -4.7
v 0.3 0.4 -4.7
v 0.4 0.4 -4.7
v 0.5 0.4 -4.7
v 0.1 0.4 -4.8
v 0.2 0.4 -4.8
v 0.3 0.4 -4.8
v 0.4 0.4 -4.8
v 0.5 0.4 -4.8
v 0.1 0.4 -4.9
v 0.2 0.4 -4.9
v 0.3 0.4 -4.9
v 0.4 0.4 -4.9
v 0.5 0.4 -4.9
v 0.1 0.4 -5
v 0.2 0.4 -5
v 0.3 0.4 -5
v 0.4 0.4 -5
v 0.3 0.4 -5.1
v 0.4 0.4 -5.1
v 0.5 0.4 -5.1
v 0.1 0.4 -5.2
v 0.2 0.4 -5.2
v 0.3 0.4 -5.2
v 0.4 0.4 -5.2
v 0.1 0.4 -5.3
v 0.2 0.4 -5.3
v 0.3 0.4 -5.3
v 0.4 0.4 -5.3
v 0.1 0.4 -5.4
v 0.2 0.4 -5.4
v 0.3 0.4 -5.4
v 0.4 0.4 -5.4
v 0.5 0.4 -5.4
v 0.1 0.4 -5.5
v 0.2 0.4 -5.5
v 0.3 0.4 -5.5
v 0.4 0.4 -5.5
v 0.5 0.4 -5.5
v 0.1 0.4 -5.6
v 0.2 0.4 -5.6
v 0.3 0.4 -5.6
v 0.4 0.4 -5.6
v 0.5 0.4 -5.6
v 0.1 0.4 -5.7
v 0.2 0.4 -5.7
v 0.3 0.4 -5.7
v 0.4 0.4 -5.7
v 0.1 0.4 -5.8
v 0.2 0.4 -5.8
v 0.3 0.4 -5.8
v 0.4 0.4 -5.8
v 0.5 0.4 -5.8
v 0.1 0.4 -5.9
v 0.2 0.4 -5.9
v 0.3 0.4 -5.9
v 0.4 0.4 -5.9
v 0.5 0.4 -5.9
v 0.1 0.4 -6
v 0.2 0.4 -6
v 0.3 0.4 -6
v 0.4 0.4 -6.1
v 0.5 0.4 -6.1
v 0.1 0.4 -6.2
v 0.2 0.4 -6.2
v 0.3 0.4 -6.2
v 0.4 0.4 -6.2
v 0.5 0.4 -6.2
v 0.1 0.4 -6.3
v 0.2 0.4 -6.3
v 0.4 0.4 -6.3
v 0.5 0.4 -6.3

# faces
f 86/7/1 2/7/1 1/7/1
f 86/6/1 3/6/1 2/6/1
f 87/7/1 4/7/1 3/7/1
f 87/6/1 3/6/1 86/6/1
f 88/5/1 5/5/1 4/5/1
f 88/7/1 4/7/1 87/7/1
f 89/7/1 6/7/1 5/7/1
f 89/5/1 5/5/1 88/5/1
f 90/6/1 7/6/1 6/6/1
f 90/7/1 6/7/1 89/7/1
f 91/7/1 8/7/1 7/7/1
f 91/6/1 7/6/1 90/6/1
f 92/7/1 8/7/1 91/7/1
f 93/7/1 8/7/1 92/7/1
f 94/6/1 9/6/1 8/6/1
f 94/7/1 8/7/1 93/7/1
f 95/7/1 10/7/1 9/7/1
f 95/6/1 9/6/1 94/6/1
f 96/7/1 10/7/1 95/7/1
f 97/7/1 10/7/1 96/7/1
f 98/8/1 11/8/1 10/8/1
f 98/7/1 10/7/1 97/7/1
f 99/7/1 12/7/1 11/7/1
f 99/8/1 11/8/1 98/8/1
f 100/8/1 13/8/1 12/8/1
f 100/7/1 12/7/1 99/7/1
f 101/7/1 14/7/1 13/7/1
f 101/8/1 13/8/1 100/8/1
f 102/8/1 15/8/1 14/8/1
f 102/7/1 14/7/1 101/7/1
f 103/6/1 16/6/1 15/6/1
f 103/8/1 15/8/1 102/8/1
f 104/6/1 16/6/1 103/6/1
f 105/7/1 17/7/1 16/7/1
f 105/6/1 16/6/1 104/6/1
f 106/8/1 18/8/1 17/8/1
f 106/7/1 17/7/1 105/7/1
f 107/6/1 19/6/1 18/6/1
f 107/8/1 18/8/1 106/8/1
f 108/5/1 20/5/1 19/5/1
f 108/6/1 19/6/1 107/6/1
f 109/7/1 21/7/1 20/7/1
f 109/5/1 20/5/1 108/5/1
f 110/6/1 22/6/1 21/6/1
f 110/7/1 21/7/1 109/7/1
f 111/7/1 23/7/1 22/7/1
f 111/6/1 22/6/1 110/6/1
f 112/7/1 23/7/1 111/7/1
f 113/6/1 24/6/1 23/6/1
f 113/7/1 23/7/1 112/7/1
f 114/6/1 24/6/1 113/6/1
f 115/7/1 25/7/1 24/7/1
f 115/6/1 24/6/1 114/6/1
f 116/7/1 25/7/1 115/7/1
f 117/6/1 26/6/1 25/6/1
f 117/7/1 25/7/1 116/7/1
f 118/7/1 27/7/1 26/7/1
f 118/6/1 26/6/1 117/6/1
f 119/7/1 27/7/1 118/7/1
f 120/6/1 28/6/1 27/6/1
f 120/7/1 29/7/1 28/7/1
f 121/7/1 29/7/1 120/7/1
f 122/8/1 30/8/1 29/8/1
f 122/7/1 29/7/1 121/7/1
f 123/4/1 31/4/1 30/4/1
f 123/8/1 30/8/1 122/8/1
f 124/6/1 32/6/1 31/6/1
f 124/4/1 31/4/1 123/4/1
f 125/5/1 33/5/1 32/5/1
f 125/6/1 32/6/1 124/6/1
f 126/6/1 34/6/1 33/6/1
f 126/5/1 33/5/1 125/5/1
f 127/6/1 34/6/1 126/6/1
f 128/5/1 35/5/1 34/5/1
f 128/6/1 34/6/1 127/6/1
f 129/6/1 36/6/1 35/6/1
f 129/5/1 35/5/1 128/5/1
f 130/6/1 36/6/1 129/6/1
f 131/4/1 37/4/1 36/4/1
f 131/6/1 36/6/1 130/6/1
f 132/4/1 37/4/1 131/4/1
f 133/5/1 38/5/1 37/5/1
f 133/4/1 37/4/1 132/4/1
f 134/4/1 39/4/1 38/4/1
f 134/5/1 38/5/1 133/5/1
f 135/6/1 40/6/1 39/6/1
f 135/4/1 39/4/1 134/4/1
f 136/5/1 41/5/1 40/5/1
f 136/6/1 40/6/1 135/6/1
f 137/4/1 42/4/1 41/4/1
f 137/5/1 41/5/1 136/5/1
f 138/5/1 43/5/1 42/5/1
f 138/4/1 42/4/1 137/4/1
f 139/5/1 43/5/1 138/5/1
f 140/7/1 44/7/1 43/7/1
f 140/5/1 43/5/1 139/5/1
f 141/8/1 45/8/1 44/8/1
f 141/7/1 44/7/1 140/7/1
f 142/8/1 45/8/1 141/8/1
f 143/8/1 45/8/1 142/8/1
f 144/7/1 46/7/1 45/7/1
f 144/8/1 45/8/1 143/8/1
f 145/8/1 47/8/1 46/8/1
f 145/7/1 46/7/1 144/7/1
f 146/6/1 48/6/1 47/6/1
f 146/8/1 47/8/1 145/8/1
f 147/6/1 48/6/1 146/6/1
f 148/5/1 49/5/1 48/5/1
f 148/6/1 48/6/1 147/6/1
f 149/6/1 50/6/1 49/6/1
f 149/5/1 49/5/1 148/5/1
f 150/5/1 51/5/1 50/5/1
f 150/6/1 50/6/1 149/6/1
f 151/6/1 52/6/1 51/6/1
f 151/5/1 51/5/1 150/5/1
f 152/5/1 53/5/1 52/5/1
f 152/6/1 52/6/1 151/6/1
f 153/7/1 54/7/1 53/7/1
f 153/5/1 53/5/1 152/5/1
f 154/7/1 54/7/1 153/7/1
f 155/6/1 55/6/1 54/6/1
f 155/7/1 54/7/1 154/7/1
f 156/6/1 55/6/1 155/6/1
f 157/6/1 55/6/1 156/6/1
f 158/7/1 56/7/1 55/7/1
f 158/6/1 55/6/1 157/6/1
f 159/7/1 56/7/1 158/7/1
f 160/7/1 56/7/1 159/7/1
f 161/7/1 56/7/1 160/7/1
f 162/7/1 56/7/1 161/7/1
f 163/8/1 57/8/1 56/8/1
f 163/7/1 56/7/1 162/7/1
f 164/7/1 58/7/1 57/7/1
f 164/8/1 57/8/1 163/8/1
f 165/7/1 58/7/1 164/7/1
f 166/7/1 58/7/1 165/7/1
f 167/8/1 59/8/1 58/8/1
f 167/6/1 60/6/1 59/6/1
f 168/7/1 61/7/1 60/7/1
f 168/6/1 60/6/1 167/6/1
f 169/7/1 61/7/1 168/7/1
f 170/6/1 62/6/1 61/6/1
f 170/7/1 61/7/1 169/7/1
f 171/7/1 63/7/1 62/7/1
f 171/6/1 62/6/1 170/6/1
f 172/6/1 64/6/1 63/6/1
f 172/7/1 63/7/1 171/7/1
f 173/8/1 65/8/1 64/8/1
f 173/6/1 64/6/1 172/6/1
f 174/6/1 66/6/1 65/6/1
f 174/8/1 65/8/1 173/8/1
f 175/7/1 67/7/1 66/7/1
f 175/6/1 66/6/1 174/6/1
f 176/5/1 68/5/1 67/5/1
f 176/7/1 67/7/1 175/7/1
f 177/6/1 69/6/1 68/6/1
f 177/5/1 68/5/1 176/5/1
f 178/4/1 70/4/1 69/4/1
f 178/6/1 69/6/1 177/6/1
f 179/6/1 71/6/1 70/6/1
f 179/4/1 70/4/1 178/4/1
f 180/5/1 72/5/1 71/5/1
f 180/6/1 71/6/1 179/6/1
f 181/6/1 73/6/1 72/6/1
f 181/5/1 72/5/1 180/5/1
f 182/5/1 74/5/1 73/5/1
f 182/6/1 73/6/1 181/6/1
f 183/5/1 74/5/1 182/5/1
f 184/6/1 75/6/1 74/6/1
f 184/5/1 74/5/1 183/5/1
f 185/5/1 76/5/1 75/5/1
f 185/6/1 75/6/1 184/6/1
f 186/6/1 77/6/1 76/6/1
f 186/5/1 76/5/1 185/5/1
f 187/7/1 78/7/1 77/7/1
f 187/6/1 77/6/1 186/6/1
f 188/6/1 79/6/1 78/6/1
f 188/8/1 80/8/1 79/8/1
f 189/6/1 81/6/1 80/6/1
f 189/8/1 80/8/1 188/8/1
f 190/8/1 82/8/1 81/8/1
f 190/6/1 81/6/1 189/6/1
f 191/7/1 83/7/1 82/7/1
f 191/8/1 82/8/1 190/8/1
f 192/8/1 84/8/1 83/8/1
f 192/7/1 83/7/1 191/7/1
f 193/7/1 85/7/1 84/7/1
f 193/8/1 84/8/1 192/8/1
f 194/7/1 85/7/1 193/7/1
f 195/7/1 86/7/1 1/7/1
f 196/8/1 87/8/1 86/8/1
f 196/7/1 86/7/1 195/7/1
f 197/5/1 88/5/1 87/5/1
f 197/8/1 87/8/1 196/8/1
f 197/5/1 89/5/1 88/5/1
f 198/6/1 90/6/1 89/6/1
f 198/5/1 89/5/1 197/5/1
f 198/6/1 91/6/1 90/6/1
f 199/6/1 93/6/1 92/6/1
f 199/5/1 94/5/1 93/5/1
f 200/6/1 95/6/1 94/6/1
f 200/5/1 94/5/1 199/5/1
f 201/5/1 96/5/1 95/5/1
f 201/6/1 95/6/1 200/6/1
f 202/6/1 97/6/1 96/6/1
f 202/5/1 96/5/1 201/5/1
f 203/5/1 98/5/1 97/5/1
f 203/6/1 97/6/1 202/6/1
f 203/5/1 99/5/1 98/5/1
f 204/5/1 99/5/1 203/5/1
f 205/7/1 100/7/1 99/7/1
f 205/5/1 99/5/1 204/5/1
f 206/6/1 101/6/1 100/6/1
f 206/5/1 102/5/1 101/5/1
f 206/5/1 103/5/1 102/5/1
f 207/5/1 103/5/1 206/5/1
f 208/8/1 104/8/1 103/8/1
f 208/5/1 103/5/1 207/5/1
f 209/7/1 105/7/1 104/7/1
f 209/8/1 104/8/1 208/8/1
f 210/6/1 106/6/1 105/6/1
f 210/7/1 105/7/1 209/7/1
f 210/6/1 107/6/1 106/6/1
f 210/6/1 108/6/1 107/6/1
f 211/6/1 108/6/1 210/6/1
f 212/6/1 108/6/1 211/6/1
f 213/8/1 109/8/1 108/8/1
f 213/6/1 108/6/1 212/6/1
f 214/6/1 110/6/1 109/6/1
f 214/8/1 109/8/1 213/8/1
f 215/6/1 110/6/1 214/6/1
f 216/7/1 111/7/1 110/7/1
f 216/6/1 110/6/1 215/6/1
f 217/7/1 111/7/1 216/7/1
f 218/7/1 111/7/1 217/7/1
f 219/6/1 112/6/1 111/6/1
f 219/7/1 111/7/1 218/7/1
f 220/8/1 113/8/1 112/8/1
f 220/6/1 112/6/1 219/6/1
f 221/6/1 114/6/1 113/6/1
f 221/8/1 113/8/1 220/8/1
f 222/7/1 116/7/1 115/7/1
f 222/6/1 114/6/1 221/6/1
f 222/7/1 115/7/1 114/7/1
f 223/7/1 116/7/1 222/7/1
f 224/6/1 117/6/1 116/6/1
f 224/7/1 116/7/1 223/7/1
f 225/7/1 118/7/1 117/7/1
f 225/6/1 117/6/1 224/6/1
f 226/8/1 119/8/1 118/8/1
f 226/7/1 118/7/1 225/7/1
f 227/7/1 27/7/1 119/7/1
f 227/8/1 119/8/1 226/8/1
f 228/6/1 121/6/1 120/6/1
f 228/7/1 27/7/1 227/7/1
f 228/6/1 120/6/1 27/6/1
f 229/6/1 121/6/1 228/6/1
f 230/6/1 121/6/1 229/6/1
f 231/7/1 122/7/1 121/7/1
f 231/6/1 121/6/1 230/6/1
f 231/7/1 123/7/1 122/7/1
f 232/6/1 124/6/1 123/6/1
f 232/7/1 123/7/1 231/7/1
f 232/6/1 125/6/1 124/6/1
f 232/6/1 126/6/1 125/6/1
f 233/6/1 126/6/1 232/6/1
f 234/7/1 127/7/1 126/7/1
f 234/6/1 126/6/1 233/6/1
f 235/5/1 128/5/1 127/5/1
f 235/7/1 127/7/1 234/7/1
f 236/6/1 130/6/1 129/6/1
f 236/5/1 128/5/1 235/5/1
f 236/6/1 129/6/1 128/6/1
f 237/6/1 130/6/1 236/6/1
f 238/5/1 131/5/1 130/5/1
f 238/6/1 130/6/1 237/6/1
f 239/6/1 132/6/1 131/6/1
f 239/5/1 131/5/1 238/5/1
f 240/5/1 133/5/1 132/5/1
f 241/7/1 134/7/1 133/7/1
f 241/5/1 133/5/1 240/5/1
f 242/6/1 135/6/1 134/6/1
f 242/7/1 134/7/1 241/7/1
f 242/6/1 136/6/1 135/6/1
f 242/6/1 137/6/1 136/6/1
f 243/6/1 137/6/1 242/6/1
f 244/5/1 138/5/1 137/5/1
f 244/6/1 137/6/1 243/6/1
f 245/6/1 139/6/1 138/6/1
f 245/5/1 138/5/1 244/5/1
f 246/7/1 140/7/1 139/7/1
f 246/6/1 139/6/1 245/6/1
f 246/7/1 141/7/1 140/7/1
f 246/7/1 142/7/1 141/7/1
f 247/7/1 142/7/1 246/7/1
f 248/7/1 142/7/1 247/7/1
f 249/6/1 143/6/1 142/6/1
f 249/7/1 142/7/1 248/7/1
f 250/7/1 144/7/1 143/7/1
f 250/6/1 143/6/1 249/6/1
f 251/6/1 145/6/1 144/6/1
f 251/7/1 144/7/1 250/7/1
f 252/6/1 145/6/1 251/6/1
f 253/7/1 147/7/1 146/7/1
f 253/6/1 145/6/1 252/6/1
f 253/7/1 146/7/1 145/7/1
f 254/4/1 148/4/1 147/4/1
f 254/7/1 147/7/1 253/7/1
f 254/4/1 149/4/1 148/4/1
f 255/4/1 149/4/1 254/4/1
f 256/5/1 150/5/1 149/5/1
f 256/4/1 149/4/1 255/4/1
f 256/5/1 151/5/1 150/5/1
f 257/5/1 151/5/1 256/5/1
f 258/4/1 152/4/1 151/4/1
f 258/5/1 151/5/1 257/5/1
f 258/4/1 153/4/1 152/4/1
f 259/4/1 153/4/1 258/4/1
f 260/6/1 154/6/1 153/6/1
f 260/4/1 153/4/1 259/4/1
f 261/5/1 155/5/1 154/5/1
f 261/6/1 154/6/1 260/6/1
f 261/5/1 156/5/1 155/5/1
f 262/5/1 156/5/1 261/5/1
f 263/4/1 157/4/1 156/4/1
f 263/5/1 156/5/1 262/5/1
f 264/5/1 158/5/1 157/5/1
f 264/4/1 157/4/1 263/4/1
f 264/5/1 159/5/1 158/5/1
f 265/6/1 160/6/1 159/6/1
f 265/5/1 159/5/1 264/5/1
f 266/7/1 161/7/1 160/7/1
f 266/6/1 160/6/1 265/6/1
f 267/6/1 162/6/1 161/6/1
f 267/7/1 161/7/1 266/7/1
f 268/7/1 163/7/1 162/7/1
f 268/6/1 162/6/1 267/6/1
f 269/7/1 163/7/1 268/7/1
f 270/6/1 164/6/1 163/6/1
f 270/7/1 163/7/1 269/7/1
f 271/7/1 165/7/1 164/7/1
f 271/6/1 164/6/1 270/6/1
f 272/5/1 166/5/1 165/5/1
f 272/7/1 165/7/1 271/7/1
f 273/7/1 58/7/1 166/7/1
f 273/5/1 166/5/1 272/5/1
f 274/8/1 167/8/1 58/8/1
f 274/7/1 58/7/1 273/7/1
f 275/7/1 168/7/1 167/7/1
f 275/8/1 167/8/1 274/8/1
f 276/8/1 169/8/1 168/8/1
f 276/7/1 168/7/1 275/7/1
f 277/7/1 170/7/1 169/7/1
f 277/8/1 169/8/1 276/8/1
f 278/8/1 171/8/1 170/8/1
f 278/7/1 170/7/1 277/7/1
f 279/7/1 172/7/1 171/7/1
f 279/8/1 171/8/1 278/8/1
f 279/7/1 173/7/1 172/7/1
f 280/6/1 174/6/1 173/6/1
f 280/7/1 173/7/1 279/7/1
f 281/8/1 175/8/1 174/8/1
f 281/6/1 174/6/1 280/6/1
f 282/7/1 176/7/1 175/7/1
f 282/8/1 175/8/1 281/8/1
f 283/6/1 177/6/1 176/6/1
f 283/7/1 176/7/1 282/7/1
f 283/6/1 178/6/1 177/6/1
f 284/6/1 178/6/1 283/6/1
f 285/5/1 179/5/1 178/5/1
f 285/6/1 178/6/1 284/6/1
f 286/7/1 180/7/1 179/7/1
f 286/5/1 179/5/1 285/5/1
f 286/7/1 181/7/1 180/7/1
f 287/7/1 181/7/1 286/7/1
f 288/6/1 182/6/1 181/6/1
f 288/7/1 181/7/1 287/7/1
f 288/6/1 183/6/1 182/6/1
f 289/6/1 183/6/1 288/6/1
f 290/5/1 184/5/1 183/5/1
f 290/6/1 183/6/1 289/6/1
f 291/7/1 185/7/1 184/7/1
f 291/5/1 184/5/1 290/5/1
f 291/7/1 186/7/1 185/7/1
f 291/7/1 187/7/1 186/7/1
f 292/7/1 187/7/1 291/7/1
f 293/7/1 187/7/1 292/7/1
f 294/7/1 78/7/1 187/7/1
f 294/7/1 187/7/1 293/7/1
f 294/6/1 188/6/1 78/6/1
f 295/7/1 192/7/1 191/7/1
f 295/6/1 188/6/1 294/6/1
f 295/7/1 191/7/1 190/7/1
f 295/7/1 189/7/1 188/7/1
f 295/7/1 190/7/1 189/7/1
f 295/7/1 193/7/1 192/7/1
f 296/7/1 193/7/1 295/7/1
f 297/7/1 193/7/1 296/7/1
f 298/7/1 193/7/1 297/7/1
f 299/7/1 193/7/1 298/7/1
f 300/6/1 194/6/1 193/6/1
f 300/7/1 193/7/1 299/7/1
f 301/6/1 194/6/1 300/6/1
f 302/6/1 194/6/1 301/6/1
f 303/5/1 196/5/1 195/5/1
f 303/5/1 197/5/1 196/5/1
f 304/7/1 198/7/1 197/7/1
f 304/5/1 197/5/1 303/5/1
f 305/7/1 198/7/1 304/7/1
f 306/6/1 91/6/1 198/6/1
f 306/7/1 198/7/1 305/7/1
f 307/6/1 91/6/1 306/6/1
f 308/5/1 92/5/1 91/5/1
f 308/6/1 91/6/1 307/6/1
f 309/6/1 199/6/1 92/6/1
f 309/5/1 92/5/1 308/5/1
f 310/7/1 201/7/1 200/7/1
f 310/6/1 199/6/1 309/6/1
f 310/7/1 202/7/1 201/7/1
f 310/7/1 204/7/1 203/7/1
f 310/7/1 200/7/1 199/7/1
f 310/7/1 203/7/1 202/7/1
f 311/7/1 204/7/1 310/7/1
f 312/7/1 204/7/1 311/7/1
f 313/7/1 204/7/1 312/7/1
f 314/6/1 205/6/1 204/6/1
f 314/7/1 204/7/1 313/7/1
f 315/7/1 100/7/1 205/7/1
f 315/6/1 205/6/1 314/6/1
f 316/6/1 207/6/1 206/6/1
f 316/7/1 100/7/1 315/7/1
f 316/6/1 206/6/1 100/6/1
f 317/7/1 208/7/1 207/7/1
f 317/6/1 207/6/1 316/6/1
f 317/7/1 209/7/1 208/7/1
f 318/6/1 210/6/1 209/6/1
f 318/7/1 209/7/1 317/7/1
f 319/7/1 211/7/1 210/7/1
f 319/6/1 210/6/1 318/6/1
f 320/8/1 212/8/1 211/8/1
f 320/7/1 211/7/1 319/7/1
f 321/7/1 213/7/1 212/7/1
f 321/8/1 212/8/1 320/8/1
f 322/6/1 214/6/1 213/6/1
f 322/7/1 213/7/1 321/7/1
f 323/7/1 215/7/1 214/7/1
f 323/6/1 214/6/1 322/6/1
f 324/6/1 216/6/1 215/6/1
f 324/7/1 215/7/1 323/7/1
f 325/5/1 217/5/1 216/5/1
f 325/6/1 216/6/1 324/6/1
f 326/6/1 220/6/1 219/6/1
f 326/6/1 221/6/1 220/6/1
f 327/5/1 222/5/1 221/5/1
f 327/6/1 221/6/1 326/6/1
f 328/6/1 223/6/1 222/6/1
f 328/5/1 222/5/1 327/5/1
f 329/4/1 225/4/1 224/4/1
f 329/6/1 223/6/1 328/6/1
f 329/4/1 224/4/1 223/4/1
f 330/4/1 225/4/1 329/4/1
f 331/7/1 226/7/1 225/7/1
f 331/4/1 225/4/1 330/4/1
f 332/6/1 227/6/1 226/6/1
f 332/7/1 226/7/1 331/7/1
f 332/6/1 228/6/1 227/6/1
f 333/5/1 229/5/1 228/5/1
f 333/6/1 228/6/1 332/6/1
f 334/6/1 230/6/1 229/6/1
f 334/5/1 229/5/1 333/5/1
f 335/5/1 231/5/1 230/5/1
f 335/6/1 230/6/1 334/6/1
f 336/6/1 232/6/1 231/6/1
f 337/5/1 233/5/1 232/5/1
f 337/6/1 232/6/1 336/6/1
f 338/6/1 234/6/1 233/6/1
f 338/5/1 233/5/1 337/5/1
f 339/6/1 238/6/1 237/6/1
f 339/6/1 239/6/1 238/6/1
f 340/6/1 239/6/1 339/6/1
f 341/5/1 240/5/1 132/5/1
f 342/6/1 241/6/1 240/6/1
f 342/5/1 240/5/1 341/5/1
f 342/6/1 243/6/1 242/6/1
f 342/6/1 242/6/1 241/6/1
f 343/5/1 244/5/1 243/5/1
f 343/6/1 243/6/1 342/6/1
f 343/5/1 245/5/1 244/5/1
f 344/4/1 246/4/1 245/4/1
f 344/5/1 245/5/1 343/5/1
f 345/6/1 247/6/1 246/6/1
f 345/4/1 246/4/1 344/4/1
f 346/5/1 248/5/1 247/5/1
f 346/6/1 247/6/1 345/6/1
f 347/6/1 249/6/1 248/6/1
f 347/5/1 248/5/1 346/5/1
f 348/5/1 250/5/1 249/5/1
f 348/6/1 249/6/1 347/6/1
f 348/5/1 252/5/1 251/5/1
f 348/5/1 251/5/1 250/5/1
f 349/5/1 252/5/1 348/5/1
f 350/6/1 253/6/1 252/6/1
f 350/5/1 252/5/1 349/5/1
f 350/6/1 255/6/1 254/6/1
f 350/6/1 254/6/1 253/6/1
f 351/6/1 255/6/1 350/6/1
f 352/7/1 257/7/1 256/7/1
f 352/5/1 256/5/1 255/5/1
f 353/6/1 258/6/1 257/6/1
f 353/7/1 257/7/1 352/7/1
f 354/5/1 259/5/1 258/5/1
f 354/6/1 258/6/1 353/6/1
f 355/7/1 260/7/1 259/7/1
f 355/5/1 259/5/1 354/5/1
f 356/5/1 262/5/1 261/5/1
f 356/7/1 260/7/1 355/7/1
f 356/5/1 261/5/1 260/5/1
f 357/5/1 262/5/1 356/5/1
f 358/6/1 263/6/1 262/6/1
f 358/5/1 262/5/1 357/5/1
f 359/7/1 264/7/1 263/7/1
f 359/6/1 263/6/1 358/6/1
f 360/6/1 266/6/1 265/6/1
f 360/7/1 264/7/1 359/7/1
f 360/6/1 265/6/1 264/6/1
f 361/6/1 266/6/1 360/6/1
f 362/6/1 266/6/1 361/6/1
f 363/5/1 267/5/1 266/5/1
f 363/6/1 266/6/1 362/6/1
f 364/6/1 268/6/1 267/6/1
f 364/5/1 267/5/1 363/5/1
f 364/6/1 269/6/1 268/6/1
f 365/5/1 270/5/1 269/5/1
f 365/6/1 269/6/1 364/6/1
f 366/6/1 271/6/1 270/6/1
f 366/5/1 270/5/1 365/5/1
f 367/5/1 272/5/1 271/5/1
f 367/6/1 273/6/1 272/6/1
f 368/5/1 274/5/1 273/5/1
f 368/6/1 273/6/1 367/6/1
f 369/4/1 275/4/1 274/4/1
f 369/5/1 274/5/1 368/5/1
f 370/5/1 276/5/1 275/5/1
f 370/4/1 275/4/1 369/4/1
f 371/4/1 277/4/1 276/4/1
f 371/5/1 276/5/1 370/5/1
f 371/4/1 278/4/1 277/4/1
f 372/6/1 279/6/1 278/6/1
f 372/4/1 278/4/1 371/4/1
f 373/5/1 280/5/1 279/5/1
f 373/6/1 279/6/1 372/6/1
f 373/5/1 281/5/1 280/5/1
f 374/5/1 281/5/1 373/5/1
f 375/5/1 281/5/1 374/5/1
f 376/6/1 282/6/1 281/6/1
f 376/5/1 281/5/1 375/5/1
f 377/4/1 283/4/1 282/4/1
f 377/6/1 282/6/1 376/6/1
f 378/5/1 284/5/1 283/5/1
f 378/4/1 283/4/1 377/4/1
f 379/4/1 287/4/1 286/4/1
f 379/5/1 284/5/1 378/5/1
f 379/4/1 285/4/1 284/4/1
f 379/4/1 286/4/1 285/4/1
f 380/4/1 287/4/1 379/4/1
f 381/4/1 287/4/1 380/4/1
f 382/5/1 289/5/1 288/5/1
f 382/4/1 287/4/1 381/4/1
f 382/5/1 288/5/1 287/5/1
f 383/4/1 290/4/1 289/4/1
f 383/5/1 289/5/1 382/5/1
f 384/6/1 291/6/1 290/6/1
f 384/4/1 290/4/1 383/4/1
f 384/6/1 292/6/1 291/6/1
f 385/6/1 292/6/1 384/6/1
f 386/4/1 293/4/1 292/4/1
f 386/6/1 292/6/1 385/6/1
f 387/5/1 294/5/1 293/5/1
f 387/4/1 293/4/1 386/4/1
f 388/5/1 294/5/1 387/5/1
f 389/4/1 295/4/1 294/4/1
f 389/5/1 294/5/1 388/5/1
f 390/6/1 296/6/1 295/6/1
f 390/4/1 295/4/1 389/4/1
f 391/4/1 297/4/1 296/4/1
f 391/6/1 296/6/1 390/6/1
f 392/4/1 297/4/1 391/4/1
f 393/5/1 298/5/1 297/5/1
f 393/4/1 297/4/1 392/4/1
f 394/4/1 299/4/1 298/4/1
f 394/5/1 298/5/1 393/5/1
f 395/5/1 300/5/1 299/5/1
f 395/4/1 299/4/1 394/4/1
f 396/4/1 301/4/1 300/4/1
f 396/5/1 300/5/1 395/5/1
f 397/5/1 302/5/1 301/5/1
f 397/4/1 301/4/1 396/4/1
f 398/5/1 302/5/1 397/5/1
f 399/6/1 305/6/1 304/6/1
f 399/6/1 304/6/1 303/6/1
f 400/5/1 306/5/1 305/5/1
f 400/6/1 305/6/1 399/6/1
f 401/6/1 307/6/1 306/6/1
f 401/5/1 306/5/1 400/5/1
f 402/5/1 309/5/1 308/5/1
f 402/6/1 307/6/1 401/6/1
f 402/5/1 308/5/1 307/5/1
f 402/5/1 310/5/1 309/5/1
f 403/7/1 311/7/1 310/7/1
f 403/5/1 310/5/1 402/5/1
f 404/6/1 312/6/1 311/6/1
f 404/7/1 311/7/1 403/7/1
f 405/7/1 313/7/1 312/7/1
f 405/6/1 312/6/1 404/6/1
f 406/5/1 314/5/1 313/5/1
f 406/7/1 313/7/1 405/7/1
f 406/5/1 315/5/1 314/5/1
f 407/6/1 316/6/1 315/6/1
f 407/5/1 315/5/1 406/5/1
f 408/7/1 317/7/1 316/7/1
f 408/6/1 316/6/1 407/6/1
f 409/6/1 318/6/1 317/6/1
f 409/7/1 317/7/1 408/7/1
f 410/7/1 319/7/1 318/7/1
f 410/6/1 318/6/1 409/6/1
f 411/6/1 320/6/1 319/6/1
f 411/7/1 319/7/1 410/7/1
f 411/6/1 321/6/1 320/6/1
f 412/5/1 322/5/1 321/5/1
f 412/6/1 321/6/1 411/6/1
f 413/7/1 323/7/1 322/7/1
f 413/5/1 322/5/1 412/5/1
f 414/5/1 324/5/1 323/5/1
f 414/7/1 323/7/1 413/7/1
f 415/4/1 325/4/1 324/4/1
f 415/5/1 324/5/1 414/5/1
f 416/5/1 217/5/1 325/5/1
f 416/4/1 325/4/1 415/4/1
f 417/6/1 218/6/1 217/6/1
f 417/5/1 217/5/1 416/5/1
f 418/5/1 219/5/1 218/5/1
f 418/6/1 218/6/1 417/6/1
f 419/6/1 326/6/1 219/6/1
f 419/5/1 219/5/1 418/5/1
f 420/5/1 327/5/1 326/5/1
f 420/6/1 326/6/1 419/6/1
f 420/5/1 328/5/1 327/5/1
f 420/5/1 329/5/1 328/5/1
f 421/6/1 330/6/1 329/6/1
f 421/5/1 329/5/1 420/5/1
f 422/5/1 331/5/1 330/5/1
f 422/6/1 330/6/1 421/6/1
f 423/6/1 333/6/1 332/6/1
f 423/5/1 331/5/1 422/5/1
f 423/6/1 332/6/1 331/6/1
f 424/4/1 334/4/1 333/4/1
f 424/6/1 333/6/1 423/6/1
f 425/5/1 335/5/1 334/5/1
f 425/4/1 334/4/1 424/4/1
f 426/6/1 336/6/1 231/6/1
f 426/5/1 335/5/1 425/5/1
f 426/5/1 231/5/1 335/5/1
f 427/5/1 337/5/1 336/5/1
f 427/6/1 336/6/1 426/6/1
f 428/6/1 338/6/1 337/6/1
f 428/5/1 337/5/1 427/5/1
f 429/5/1 235/5/1 234/5/1
f 429/6/1 338/6/1 428/6/1
f 429/6/1 234/6/1 338/6/1
f 429/5/1 236/5/1 235/5/1
f 429/5/1 237/5/1 236/5/1
f 430/6/1 339/6/1 237/6/1
f 430/5/1 237/5/1 429/5/1
f 431/4/1 340/4/1 339/4/1
f 431/6/1 339/6/1 430/6/1
f 432/6/1 239/6/1 340/6/1
f 432/4/1 340/4/1 431/4/1
f 433/6/1 132/6/1 239/6/1
f 433/6/1 239/6/1 432/6/1
f 433/5/1 341/5/1 132/5/1
f 434/6/1 342/6/1 341/6/1
f 434/5/1 341/5/1 433/5/1
f 435/5/1 343/5/1 342/5/1
f 435/6/1 342/6/1 434/6/1
f 436/6/1 344/6/1 343/6/1
f 436/5/1 343/5/1 435/5/1
f 437/5/1 345/5/1 344/5/1
f 437/6/1 344/6/1 436/6/1
f 437/5/1 346/5/1 345/5/1
f 438/6/1 347/6/1 346/6/1
f 438/5/1 346/5/1 437/5/1
f 439/5/1 348/5/1 347/5/1
f 439/6/1 347/6/1 438/6/1
f 440/6/1 349/6/1 348/6/1
f 440/5/1 348/5/1 439/5/1
f 441/7/1 350/7/1 349/7/1
f 441/6/1 349/6/1 440/6/1
f 442/5/1 351/5/1 350/5/1
f 442/7/1 350/7/1 441/7/1
f 443/6/1 255/6/1 351/6/1
f 443/5/1 351/5/1 442/5/1
f 444/5/1 352/5/1 255/5/1
f 444/6/1 255/6/1 443/6/1
f 445/6/1 353/6/1 352/6/1
f 445/5/1 352/5/1 444/5/1
f 446/5/1 354/5/1 353/5/1
f 446/6/1 353/6/1 445/6/1
f 446/5/1 355/5/1 354/5/1
f 447/6/1 356/6/1 355/6/1
f 447/5/1 355/5/1 446/5/1
f 448/5/1 357/5/1 356/5/1
f 448/6/1 356/6/1 447/6/1
f 449/6/1 358/6/1 357/6/1
f 449/5/1 357/5/1 448/5/1
f 450/5/1 359/5/1 358/5/1
f 450/6/1 358/6/1 449/6/1
f 451/6/1 360/6/1 359/6/1
f 451/5/1 359/5/1 450/5/1
f 451/6/1 361/6/1 360/6/1
f 452/7/1 362/7/1 361/7/1
f 452/6/1 361/6/1 451/6/1
f 453/5/1 363/5/1 362/5/1
f 453/7/1 362/7/1 452/7/1
f 454/6/1 365/6/1 364/6/1
f 454/5/1 363/5/1 453/5/1
f 454/6/1 364/6/1 363/6/1
f 455/7/1 366/7/1 365/7/1
f 455/6/1 365/6/1 454/6/1
f 456/6/1 271/6/1 366/6/1
f 456/7/1 366/7/1 455/7/1
f 457/5/1 367/5/1 271/5/1
f 457/6/1 271/6/1 456/6/1
f 458/7/1 368/7/1 367/7/1
f 458/5/1 367/5/1 457/5/1
f 459/6/1 369/6/1 368/6/1
f 459/7/1 368/7/1 458/7/1
f 460/5/1 370/5/1 369/5/1
f 460/6/1 369/6/1 459/6/1
f 461/6/1 371/6/1 370/6/1
f 461/5/1 370/5/1 460/5/1
f 462/5/1 372/5/1 371/5/1
f 462/6/1 371/6/1 461/6/1
f 463/6/1 373/6/1 372/6/1
f 463/5/1 372/5/1 462/5/1
f 464/7/1 374/7/1 373/7/1
f 464/6/1 373/6/1 463/6/1
f 465/6/1 375/6/1 374/6/1
f 465/7/1 374/7/1 464/7/1
f 466/5/1 376/5/1 375/5/1
f 466/6/1 375/6/1 465/6/1
f 467/7/1 378/7/1 377/7/1
f 467/5/1 376/5/1 466/5/1
f 467/7/1 377/7/1 376/7/1
f 468/6/1 380/6/1 379/6/1
f 468/7/1 378/7/1 467/7/1
f 468/6/1 379/6/1 378/6/1
f 469/5/1 381/5/1 380/5/1
f 469/6/1 380/6/1 468/6/1
f 470/6/1 383/6/1 382/6/1
f 470/5/1 381/5/1 469/5/1
f 470/6/1 382/6/1 381/6/1
f 471/7/1 384/7/1 383/7/1
f 471/6/1 383/6/1 470/6/1
f 472/5/1 385/5/1 384/5/1
f 472/7/1 384/7/1 471/7/1
f 473/7/1 386/7/1 385/7/1
f 473/5/1 385/5/1 472/5/1
f 473/7/1 387/7/1 386/7/1
f 474/6/1 388/6/1 387/6/1
f 474/7/1 387/7/1 473/7/1
f 475/5/1 389/5/1 388/5/1
f 475/6/1 388/6/1 474/6/1
f 476/7/1 390/7/1 389/7/1
f 476/5/1 389/5/1 475/5/1
f 477/6/1 391/6/1 390/6/1
f 477/7/1 390/7/1 476/7/1
f 478/7/1 392/7/1 391/7/1
f 478/6/1 391/6/1 477/6/1
f 479/6/1 393/6/1 392/6/1
f 479/7/1 392/7/1 478/7/1
f 480/5/1 394/5/1 393/5/1
f 480/6/1 393/6/1 479/6/1
f 481/6/1 395/6/1 394/6/1
f 481/5/1 394/5/1 480/5/1
f 482/5/1 396/5/1 395/5/1
f 482/6/1 395/6/1 481/6/1
f 482/5/1 397/5/1 396/5/1
f 483/6/1 398/6/1 397/6/1
f 483/5/1 397/5/1 482/5/1
f 484/6/1 398/6/1 483/6/1
f 485/6/2 486/6/2 555/6/2
f 486/7/2 487/7/2 556/7/2
f 555/6/2 486/6/2 556/6/2
f 556/7/2 487/7/2 557/7/2
f 557/7/2 487/7/2 558/7/2
f 558/7/2 487/7/2 559/7/2
f 487/8/2 488/8/2 560/8/2
f 559/7/2 487/7/2 560/7/2
f 488/7/2 489/7/2 561/7/2
f 560/8/2 488/8/2 561/8/2
f 489/6/2 490/6/2 562/6/2
f 561/7/2 489/7/2 562/7/2
f 490/5/2 491/5/2 563/5/2
f 562/6/2 490/6/2 563/6/2
f 563/5/2 491/5/2 564/5/2
f 491/4/2 492/4/2 565/4/2
f 564/5/2 491/5/2 565/5/2
f 492/5/2 493/5/2 566/5/2
f 565/4/2 492/4/2 566/4/2
f 493/4/2 494/4/2 567/4/2
f 566/5/2 493/5/2 567/5/2
f 567/4/2 494/4/2 568/4/2
f 494/5/2 495/5/2 569/5/2
f 568/4/2 494/4/2 569/4/2
f 569/5/2 495/5/2 570/5/2
f 495/6/2 496/6/2 571/6/2
f 570/5/2 495/5/2 571/5/2
f 496/5/2 497/5/2 572/5/2
f 571/6/2 496/6/2 572/6/2
f 497/4/2 498/4/2 573/4/2
f 572/5/2 497/5/2 573/5/2
f 498/5/2 499/5/2 574/5/2
f 573/4/2 498/4/2 574/4/2
f 574/5/2 499/5/2 575/5/2
f 575/5/2 499/5/2 576/5/2
f 499/4/2 500/4/2 577/4/2
f 576/5/2 499/5/2 577/5/2
f 500/5/2 501/5/2 578/5/2
f 577/4/2 500/4/2 578/4/2
f 501/4/2 502/4/2 579/4/2
f 578/5/2 501/5/2 579/5/2
f 579/4/2 502/4/2 580/4/2
f 580/4/2 502/4/2 581/4/2
f 502/5/2 503/5/2 582/5/2
f 581/4/2 502/4/2 582/4/2
f 503/4/2 504/4/2 583/4/2
f 582/5/2 503/5/2 583/5/2
f 583/4/2 504/4/2 584/4/2
f 504/6/2 505/6/2 585/6/2
f 584/4/2 504/4/2 585/4/2
f 585/6/2 505/6/2 586/6/2
f 505/5/2 506/5/2 587/5/2
f 586/6/2 505/6/2 587/6/2
f 506/6/2 507/6/2 588/6/2
f 587/5/2 506/5/2 588/5/2
f 588/6/2 507/6/2 589/6/2
f 507/5/2 508/5/2 590/5/2
f 589/6/2 507/6/2 590/6/2
f 508/7/2 509/7/2 591/7/2
f 590/5/2 508/5/2 591/5/2
f 509/5/2 510/5/2 592/5/2
f 591/7/2 509/7/2 592/7/2
f 510/7/2 511/7/2 593/7/2
f 592/5/2 510/5/2 593/5/2
f 511/6/2 512/6/2 594/6/2
f 593/7/2 511/7/2 594/7/2
f 512/7/2 513/7/2 595/7/2
f 594/6/2 512/6/2 595/6/2
f 513/6/2 514/6/2 596/6/2
f 595/7/2 513/7/2 596/7/2
f 514/7/2 515/7/2 597/7/2
f 596/6/2 514/6/2 597/6/2
f 515/6/2 516/6/2 598/6/2
f 597/7/2 515/7/2 598/7/2
f 516/7/2 517/7/2 599/7/2
f 598/6/2 516/6/2 599/6/2
f 517/5/2 518/5/2 600/5/2
f 599/7/2 517/7/2 600/7/2
f 518/7/2 519/7/2 601/7/2
f 600/5/2 518/5/2 601/5/2
f 519/6/2 520/6/2 602/6/2
f 601/7/2 519/7/2 602/7/2
f 520/5/2 521/5/2 603/5/2
f 602/6/2 520/6/2 603/6/2
f 521/6/2 522/6/2 604/6/2
f 603/5/2 521/5/2 604/5/2
f 604/6/2 522/6/2 605/6/2
f 522/8/2 523/8/2 606/8/2
f 605/6/2 522/6/2 606/6/2
f 523/7/2 524/7/2 607/7/2
f 606/8/2 523/8/2 607/8/2
f 607/7/2 524/7/2 608/7/2
f 608/7/2 524/7/2 609/7/2
f 524/8/2 525/8/2 610/8/2
f 609/7/2 524/7/2 610/7/2
f 525/6/2 526/6/2 611/6/2
f 610/8/2 525/8/2 611/8/2
f 526/7/2 527/7/2 612/7/2
f 611/6/2 526/6/2 612/6/2
f 527/6/2 528/6/2 613/6/2
f 612/7/2 527/7/2 613/7/2
f 528/8/2 529/8/2 614/8/2
f 613/6/2 528/6/2 614/6/2
f 529/7/2 530/7/2 615/7/2
f 614/8/2 529/8/2 615/8/2
f 530/6/2 531/6/2 616/6/2
f 615/7/2 530/7/2 616/7/2
f 616/6/2 531/6/2 617/6/2
f 617/6/2 531/6/2 618/6/2
f 531/7/2 532/7/2 619/7/2
f 618/6/2 531/6/2 619/6/2
f 532/6/2 533/6/2 620/6/2
f 619/7/2 532/7/2 620/7/2
f 620/6/2 533/6/2 621/6/2
f 621/6/2 533/6/2 622/6/2
f 533/7/2 534/7/2 623/7/2
f 622/6/2 533/6/2 623/6/2
f 623/7/2 534/7/2 624/7/2
f 624/7/2 534/7/2 625/7/2
f 625/7/2 534/7/2 626/7/2
f 534/8/2 535/8/2 627/8/2
f 626/7/2 534/7/2 627/7/2
f 627/8/2 535/8/2 628/8/2
f 628/8/2 535/8/2 629/8/2
f 535/7/2 536/7/2 630/7/2
f 629/8/2 535/8/2 630/8/2
f 536/6/2 537/6/2 631/6/2
f 630/7/2 536/7/2 631/7/2
f 537/7/2 538/7/2 632/7/2
f 631/6/2 537/6/2 632/6/2
f 632/7/2 538/7/2 633/7/2
f 538/6/2 539/6/2 634/6/2
f 633/7/2 538/7/2 634/7/2
f 539/7/2 540/7/2 635/7/2
f 634/6/2 539/6/2 635/6/2
f 540/6/2 541/6/2 636/6/2
f 635/7/2 540/7/2 636/7/2
f 541/7/2 542/7/2 637/7/2
f 636/6/2 541/6/2 637/6/2
f 637/7/2 542/7/2 638/7/2
f 542/6/2 543/6/2 639/6/2
f 638/7/2 542/7/2 639/7/2
f 543/5/2 544/5/2 640/5/2
f 639/6/2 543/6/2 640/6/2
f 544/4/2 545/4/2 641/4/2
f 640/5/2 544/5/2 641/5/2
f 545/6/2 546/6/2 642/6/2
f 641/4/2 545/4/2 642/4/2
f 642/6/2 546/6/2 643/6/2
f 546/5/2 547/5/2 644/5/2
f 643/6/2 546/6/2 644/6/2
f 547/6/2 548/6/2 645/6/2
f 644/5/2 547/5/2 645/5/2
f 645/6/2 548/6/2 646/6/2
f 646/6/2 548/6/2 647/6/2
f 647/6/2 548/6/2 648/6/2
f 548/5/2 549/5/2 649/5/2
f 648/6/2 548/6/2 649/6/2
f 649/5/2 549/5/2 650/5/2
f 549/7/2 550/7/2 651/7/2
f 650/5/2 549/5/2 651/5/2
f 550/5/2 551/5/2 652/5/2
f 651/7/2 550/7/2 652/7/2
f 652/5/2 551/5/2 653/5/2
f 653/5/2 551/5/2 654/5/2
f 551/6/2 552/6/2 655/6/2
f 654/5/2 551/5/2 655/5/2
f 552/5/2 553/5/2 656/5/2
f 655/6/2 552/6/2 656/6/2
f 553/6/2 554/6/2 657/6/2
f 656/5/2 553/5/2 657/5/2
f 657/6/2 554/6/2 658/6/2
f 658/6/2 554/6/2 659/6/2
f 555/5/2 556/5/2 660/5/2
f 556/6/2 557/6/2 660/6/2
f 557/7/2 558/7/2 661/7/2
f 660/6/2 557/6/2 661/6/2
f 558/5/2 559/5/2 662/5/2
f 661/7/2 558/7/2 662/7/2
f 559/6/2 560/6/2 663/6/2
f 662/5/2 559/5/2 663/5/2
f 560/6/2 561/6/2 663/6/2
f 561/6/2 562/6/2 663/6/2
f 663/6/2 562/6/2 664/6/2
f 664/6/2 562/6/2 665/6/2
f 665/6/2 562/6/2 666/6/2
f 562/5/2 563/5/2 667/5/2
f 666/6/2 562/6/2 667/6/2
f 563/7/2 564/7/2 668/7/2
f 667/5/2 563/5/2 668/5/2
f 564/5/2 565/5/2 669/5/2
f 668/7/2 564/7/2 669/7/2
f 565/5/2 566/5/2 669/5/2
f 669/5/2 566/5/2 670/5/2
f 566/6/2 567/6/2 671/6/2
f 670/5/2 566/5/2 671/5/2
f 671/6/2 567/6/2 672/6/2
f 672/6/2 567/6/2 673/6/2
f 567/8/2 568/8/2 674/8/2
f 673/6/2 567/6/2 674/6/2
f 569/7/2 570/7/2 675/7/2
f 674/8/2 568/8/2 675/8/2
f 568/7/2 569/7/2 675/7/2
f 675/7/2 570/7/2 676/7/2
f 570/6/2 571/6/2 677/6/2
f 676/7/2 570/7/2 677/7/2
f 571/7/2 572/7/2 678/7/2
f 677/6/2 571/6/2 678/6/2
f 678/7/2 572/7/2 679/7/2
f 572/8/2 573/8/2 680/8/2
f 679/7/2 572/7/2 680/7/2
f 573/7/2 574/7/2 681/7/2
f 680/8/2 573/8/2 681/8/2
f 574/6/2 575/6/2 682/6/2
f 681/7/2 574/7/2 682/7/2
f 575/7/2 576/7/2 683/7/2
f 682/6/2 575/6/2 683/6/2
f 576/6/2 577/6/2 684/6/2
f 683/7/2 576/7/2 684/7/2
f 577/7/2 578/7/2 685/7/2
f 684/6/2 577/6/2 685/6/2
f 685/7/2 578/7/2 686/7/2
f 578/6/2 579/6/2 687/6/2
f 686/7/2 578/7/2 687/7/2
f 579/8/2 580/8/2 688/8/2
f 687/6/2 579/6/2 688/6/2
f 580/7/2 581/7/2 689/7/2
f 688/8/2 580/8/2 689/8/2
f 581/6/2 582/6/2 690/6/2
f 689/7/2 581/7/2 690/7/2
f 582/6/2 583/6/2 690/6/2
f 583/8/2 584/8/2 691/8/2
f 690/6/2 583/6/2 691/6/2
f 585/6/2 586/6/2 692/6/2
f 691/8/2 584/8/2 692/8/2
f 584/6/2 585/6/2 692/6/2
f 692/6/2 586/6/2 693/6/2
f 586/7/2 587/7/2 694/7/2
f 587/7/2 588/7/2 694/7/2
f 694/7/2 588/7/2 695/7/2
f 588/8/2 589/8/2 696/8/2
f 589/7/2 590/7/2 696/7/2
f 590/6/2 591/6/2 697/6/2
f 696/7/2 590/7/2 697/7/2
f 591/6/2 592/6/2 697/6/2
f 697/6/2 592/6/2 698/6/2
f 592/7/2 593/7/2 699/7/2
f 698/6/2 592/6/2 699/6/2
f 593/8/2 594/8/2 700/8/2
f 699/7/2 593/7/2 700/7/2
f 594/8/2 595/8/2 700/8/2
f 595/7/2 596/7/2 701/7/2
f 700/8/2 595/8/2 701/8/2
f 596/7/2 597/7/2 701/7/2
f 597/7/2 598/7/2 701/7/2
f 598/7/2 599/7/2 701/7/2
f 599/7/2 600/7/2 701/7/2
f 600/7/2 601/7/2 701/7/2
f 601/7/2 602/7/2 701/7/2
f 602/7/2 603/7/2 701/7/2
f 603/7/2 604/7/2 701/7/2
f 701/7/2 604/7/2 702/7/2
f 702/7/2 604/7/2 703/7/2
f 703/7/2 604/7/2 704/7/2
f 704/7/2 604/7/2 705/7/2
f 705/7/2 604/7/2 706/7/2
f 706/7/2 604/7/2 707/7/2
f 604/6/2 605/6/2 708/6/2
f 707/7/2 604/7/2 708/7/2
f 605/7/2 606/7/2 709/7/2
f 708/6/2 605/6/2 709/6/2
f 606/7/2 607/7/2 709/7/2
f 607/7/2 608/7/2 709/7/2
f 709/7/2 608/7/2 710/7/2
f 710/7/2 608/7/2 711/7/2
f 608/6/2 609/6/2 712/6/2
f 711/7/2 608/7/2 712/7/2
f 609/8/2 610/8/2 713/8/2
f 712/6/2 609/6/2 713/6/2
f 610/7/2 611/7/2 714/7/2
f 713/8/2 610/8/2 714/8/2
f 611/5/2 612/5/2 715/5/2
f 714/7/2 611/7/2 715/7/2
f 612/4/2 613/4/2 716/4/2
f 715/5/2 612/5/2 716/5/2
f 716/4/2 613/4/2 717/4/2
f 613/5/2 614/5/2 718/5/2
f 717/4/2 613/4/2 718/4/2
f 614/5/2 615/5/2 718/5/2
f 615/5/2 616/5/2 718/5/2
f 718/5/2 616/5/2 719/5/2
f 616/6/2 617/6/2 720/6/2
f 719/5/2 616/5/2 720/5/2
f 617/5/2 618/5/2 721/5/2
f 720/6/2 617/6/2 721/6/2
f 618/6/2 619/6/2 722/6/2
f 721/5/2 618/5/2 722/5/2
f 619/6/2 620/6/2 722/6/2
f 722/6/2 620/6/2 723/6/2
f 621/6/2 622/6/2 724/6/2
f 620/5/2 621/5/2 724/5/2
f 622/5/2 623/5/2 725/5/2
f 724/6/2 622/6/2 725/6/2
f 623/5/2 624/5/2 725/5/2
f 725/5/2 624/5/2 726/5/2
f 624/6/2 625/6/2 727/6/2
f 726/5/2 624/5/2 727/5/2
f 727/6/2 625/6/2 728/6/2
f 625/5/2 626/5/2 729/5/2
f 728/6/2 625/6/2 729/6/2
f 626/4/2 627/4/2 730/4/2
f 627/4/2 628/4/2 730/4/2
f 628/6/2 629/6/2 731/6/2
f 730/4/2 628/4/2 731/4/2
f 629/5/2 630/5/2 732/5/2
f 731/6/2 629/6/2 732/6/2
f 630/6/2 631/6/2 733/6/2
f 732/5/2 630/5/2 733/5/2
f 632/4/2 633/4/2 734/4/2
f 733/6/2 631/6/2 734/6/2
f 631/4/2 632/4/2 734/4/2
f 734/4/2 633/4/2 735/4/2
f 633/5/2 634/5/2 736/5/2
f 735/4/2 633/4/2 736/4/2
f 736/5/2 634/5/2 737/5/2
f 634/4/2 635/4/2 738/4/2
f 737/5/2 634/5/2 738/5/2
f 635/5/2 636/5/2 739/5/2
f 738/4/2 635/4/2 739/4/2
f 636/6/2 637/6/2 740/6/2
f 739/5/2 636/5/2 740/5/2
f 637/5/2 638/5/2 741/5/2
f 740/6/2 637/6/2 741/6/2
f 638/8/2 639/8/2 742/8/2
f 741/5/2 638/5/2 742/5/2
f 639/8/2 640/8/2 742/8/2
f 640/8/2 641/8/2 742/8/2
f 642/8/2 643/8/2 742/8/2
f 641/8/2 642/8/2 742/8/2
f 742/8/2 643/8/2 743/8/2
f 743/8/2 643/8/2 744/8/2
f 643/7/2 644/7/2 745/7/2
f 744/8/2 643/8/2 745/8/2
f 644/7/2 645/7/2 745/7/2
f 645/8/2 646/8/2 746/8/2
f 745/7/2 645/7/2 746/7/2
f 646/6/2 647/6/2 747/6/2
f 746/8/2 646/8/2 747/8/2
f 647/8/2 648/8/2 748/8/2
f 747/6/2 647/6/2 748/6/2
f 649/6/2 650/6/2 749/6/2
f 748/8/2 648/8/2 749/8/2
f 648/6/2 649/6/2 749/6/2
f 749/6/2 650/6/2 750/6/2
f 650/7/2 651/7/2 751/7/2
f 750/6/2 650/6/2 751/6/2
f 651/8/2 652/8/2 752/8/2
f 751/7/2 651/7/2 752/7/2
f 652/7/2 653/7/2 753/7/2
f 752/8/2 652/8/2 753/8/2
f 653/6/2 654/6/2 754/6/2
f 753/7/2 653/7/2 754/7/2
f 654/7/2 655/7/2 755/7/2
f 754/6/2 654/6/2 755/6/2
f 655/6/2 656/6/2 756/6/2
f 755/7/2 655/7/2 756/7/2
f 656/6/2 657/6/2 756/6/2
f 657/5/2 658/5/2 757/5/2
f 756/6/2 657/6/2 757/6/2
f 658/4/2 659/4/2 758/4/2
f 757/5/2 658/5/2 758/5/2
f 758/4/2 659/4/2 759/4/2
f 660/4/2 661/4/2 760/4/2
f 555/5/2 660/5/2 760/5/2
f 661/5/2 662/5/2 761/5/2
f 760/4/2 661/4/2 761/4/2
f 662/5/2 663/5/2 761/5/2
f 663/4/2 664/4/2 762/4/2
f 761/5/2 663/5/2 762/5/2
f 664/5/2 665/5/2 763/5/2
f 762/4/2 664/4/2 763/4/2
f 763/5/2 665/5/2 764/5/2
f 764/5/2 665/5/2 765/5/2
f 665/4/2 666/4/2 766/4/2
f 765/5/2 665/5/2 766/5/2
f 666/5/2 667/5/2 767/5/2
f 766/4/2 666/4/2 767/4/2
f 667/4/2 668/4/2 768/4/2
f 767/5/2 667/5/2 768/5/2
f 768/4/2 668/4/2 769/4/2
f 668/6/2 669/6/2 770/6/2
f 769/4/2 668/4/2 770/4/2
f 669/4/2 670/4/2 771/4/2
f 770/6/2 669/6/2 771/6/2
f 771/4/2 670/4/2 772/4/2
f 670/5/2 671/5/2 773/5/2
f 772/4/2 670/4/2 773/4/2
f 671/4/2 672/4/2 774/4/2
f 773/5/2 671/5/2 774/5/2
f 672/6/2 673/6/2 775/6/2
f 774/4/2 672/4/2 775/4/2
f 673/4/2 674/4/2 776/4/2
f 775/6/2 673/6/2 776/6/2
f 674/6/2 675/6/2 777/6/2
f 776/4/2 674/4/2 777/4/2
f 675/4/2 676/4/2 778/4/2
f 777/6/2 675/6/2 778/6/2
f 676/5/2 677/5/2 779/5/2
f 778/4/2 676/4/2 779/4/2
f 677/5/2 678/5/2 779/5/2
f 779/5/2 678/5/2 780/5/2
f 780/5/2 678/5/2 781/5/2
f 678/6/2 679/6/2 782/6/2
f 781/5/2 678/5/2 782/5/2
f 681/5/2 682/5/2 783/5/2
f 682/5/2 683/5/2 783/5/2
f 679/5/2 680/5/2 783/5/2
f 680/5/2 681/5/2 783/5/2
f 783/5/2 683/5/2 784/5/2
f 685/6/2 686/6/2 785/6/2
f 684/5/2 685/5/2 785/5/2
f 687/7/2 688/7/2 786/7/2
f 785/6/2 686/6/2 786/6/2
f 688/7/2 689/7/2 786/7/2
f 686/7/2 687/7/2 786/7/2
f 689/6/2 690/6/2 787/6/2
f 786/7/2 689/7/2 787/7/2
f 690/6/2 691/6/2 787/6/2
f 691/7/2 692/7/2 788/7/2
f 787/6/2 691/6/2 788/6/2
f 692/7/2 693/7/2 788/7/2
f 788/7/2 693/7/2 789/7/2
f 693/6/2 586/6/2 790/6/2
f 789/7/2 693/7/2 790/7/2
f 586/7/2 694/7/2 791/7/2
f 790/6/2 586/6/2 791/6/2
f 694/6/2 695/6/2 792/6/2
f 791/7/2 694/7/2 792/7/2
f 695/7/2 588/7/2 793/7/2
f 792/6/2 695/6/2 793/6/2
f 588/8/2 696/8/2 794/8/2
f 793/7/2 588/7/2 794/7/2
f 697/6/2 698/6/2 795/6/2
f 794/8/2 696/8/2 795/8/2
f 696/6/2 697/6/2 795/6/2
f 795/6/2 698/6/2 796/6/2
f 698/7/2 699/7/2 797/7/2
f 699/4/2 700/4/2 797/4/2
f 700/5/2 701/5/2 798/5/2
f 797/4/2 700/4/2 798/4/2
f 701/5/2 702/5/2 798/5/2
f 798/5/2 702/5/2 799/5/2
f 799/5/2 702/5/2 800/5/2
f 702/4/2 703/4/2 801/4/2
f 800/5/2 702/5/2 801/5/2
f 703/5/2 704/5/2 802/5/2
f 801/4/2 703/4/2 802/4/2
f 704/6/2 705/6/2 803/6/2
f 802/5/2 704/5/2 803/5/2
f 705/5/2 706/5/2 804/5/2
f 803/6/2 705/6/2 804/6/2
f 706/4/2 707/4/2 805/4/2
f 804/5/2 706/5/2 805/5/2
f 707/5/2 708/5/2 806/5/2
f 805/4/2 707/4/2 806/4/2
f 708/5/2 709/5/2 806/5/2
f 806/5/2 709/5/2 807/5/2
f 807/5/2 709/5/2 808/5/2
f 709/6/2 710/6/2 809/6/2
f 808/5/2 709/5/2 809/5/2
f 710/5/2 711/5/2 810/5/2
f 809/6/2 710/6/2 810/6/2
f 711/4/2 712/4/2 811/4/2
f 810/5/2 711/5/2 811/5/2
f 712/5/2 713/5/2 812/5/2
f 811/4/2 712/4/2 812/4/2
f 713/5/2 714/5/2 812/5/2
f 714/6/2 715/6/2 813/6/2
f 812/5/2 714/5/2 813/5/2
f 715/5/2 716/5/2 814/5/2
f 813/6/2 715/6/2 814/6/2
f 716/6/2 717/6/2 815/6/2
f 814/5/2 716/5/2 815/5/2
f 717/5/2 718/5/2 816/5/2
f 815/6/2 717/6/2 816/6/2
f 718/6/2 719/6/2 817/6/2
f 816/5/2 718/5/2 817/5/2
f 719/5/2 720/5/2 818/5/2
f 817/6/2 719/6/2 818/6/2
f 720/5/2 721/5/2 818/5/2
f 721/6/2 722/6/2 819/6/2
f 818/5/2 721/5/2 819/5/2
f 722/5/2 723/5/2 820/5/2
f 819/6/2 722/6/2 820/6/2
f 723/6/2 620/6/2 821/6/2
f 820/5/2 723/5/2 821/5/2
f 620/5/2 724/5/2 822/5/2
f 821/6/2 620/6/2 822/6/2
f 822/5/2 724/5/2 823/5/2
f 724/4/2 725/4/2 824/4/2
f 823/5/2 724/5/2 824/5/2
f 725/5/2 726/5/2 825/5/2
f 824/4/2 725/4/2 825/4/2
f 726/6/2 727/6/2 826/6/2
f 825/5/2 726/5/2 826/5/2
f 727/4/2 728/4/2 827/4/2
f 826/6/2 727/6/2 827/6/2
f 728/5/2 729/5/2 828/5/2
f 827/4/2 728/4/2 828/4/2
f 729/5/2 626/5/2 829/5/2
f 828/5/2 729/5/2 829/5/2
f 626/4/2 730/4/2 830/4/2
f 829/5/2 626/5/2 830/5/2
f 730/5/2 731/5/2 831/5/2
f 830/4/2 730/4/2 831/4/2
f 731/4/2 732/4/2 832/4/2
f 831/5/2 731/5/2 832/5/2
f 732/6/2 733/6/2 833/6/2
f 832/4/2 732/4/2 833/4/2
f 733/5/2 734/5/2 834/5/2
f 833/6/2 733/6/2 834/6/2
f 834/5/2 734/5/2 835/5/2
f 734/4/2 735/4/2 836/4/2
f 835/5/2 734/5/2 836/5/2
f 735/5/2 736/5/2 837/5/2
f 836/4/2 735/4/2 837/4/2
f 736/6/2 737/6/2 838/6/2
f 837/5/2 736/5/2 838/5/2
f 737/4/2 738/4/2 839/4/2
f 838/6/2 737/6/2 839/6/2
f 738/5/2 739/5/2 840/5/2
f 839/4/2 738/4/2 840/4/2
f 739/4/2 740/4/2 841/4/2
f 840/5/2 739/5/2 841/5/2
f 740/6/2 741/6/2 842/6/2
f 841/4/2 740/4/2 842/4/2
f 741/6/2 742/6/2 842/6/2
f 842/6/2 742/6/2 843/6/2
f 743/6/2 744/6/2 844/6/2
f 744/5/2 745/5/2 844/5/2
f 745/6/2 746/6/2 845/6/2
f 844/5/2 745/5/2 845/5/2
f 845/6/2 746/6/2 846/6/2
f 746/5/2 747/5/2 847/5/2
f 846/6/2 746/6/2 847/6/2
f 748/6/2 749/6/2 848/6/2
f 847/5/2 747/5/2 848/5/2
f 747/6/2 748/6/2 848/6/2
f 749/7/2 750/7/2 849/7/2
f 848/6/2 749/6/2 849/6/2
f 750/6/2 751/6/2 850/6/2
f 849/7/2 750/7/2 850/7/2
f 751/5/2 752/5/2 851/5/2
f 850/6/2 751/6/2 851/6/2
f 752/6/2 753/6/2 852/6/2
f 851/5/2 752/5/2 852/5/2
f 753/5/2 754/5/2 853/5/2
f 852/6/2 753/6/2 853/6/2
f 754/6/2 755/6/2 854/6/2
f 853/5/2 754/5/2 854/5/2
f 755/6/2 756/6/2 854/6/2
f 854/6/2 756/6/2 855/6/2
f 756/7/2 757/7/2 856/7/2
f 855/6/2 756/6/2 856/6/2
f 757/6/2 758/6/2 857/6/2
f 856/7/2 757/7/2 857/7/2
f 758/5/2 759/5/2 858/5/2
f 857/6/2 758/6/2 858/6/2
f 858/5/2 759/5/2 859/5/2
f 555/5/2 760/5/2 860/5/2
f 760/5/2 761/5/2 860/5/2
f 761/4/2 762/4/2 861/4/2
f 860/5/2 761/5/2 861/5/2
f 763/5/2 764/5/2 862/5/2
f 861/4/2 762/4/2 862/4/2
f 762/5/2 763/5/2 862/5/2
f 764/7/2 765/7/2 863/7/2
f 862/5/2 764/5/2 863/5/2
f 765/6/2 766/6/2 864/6/2
f 863/7/2 765/7/2 864/7/2
f 766/6/2 767/6/2 864/6/2
f 768/7/2 769/7/2 865/7/2
f 864/6/2 767/6/2 865/6/2
f 767/7/2 768/7/2 865/7/2
f 769/6/2 770/6/2 866/6/2
f 865/7/2 769/7/2 866/7/2
f 770/5/2 771/5/2 867/5/2
f 866/6/2 770/6/2 867/6/2
f 771/6/2 772/6/2 868/6/2
f 867/5/2 771/5/2 868/5/2
f 772/5/2 773/5/2 869/5/2
f 868/6/2 772/6/2 869/6/2
f 773/7/2 774/7/2 870/7/2
f 869/5/2 773/5/2 870/5/2
f 774/7/2 775/7/2 870/7/2
f 776/6/2 777/6/2 871/6/2
f 870/7/2 775/7/2 871/7/2
f 777/6/2 778/6/2 871/6/2
f 775/6/2 776/6/2 871/6/2
f 779/6/2 780/6/2 871/6/2
f 778/6/2 779/6/2 871/6/2
f 780/5/2 781/5/2 872/5/2
f 871/6/2 780/6/2 872/6/2
f 781/6/2 782/6/2 873/6/2
f 872/5/2 781/5/2 873/5/2
f 782/6/2 679/6/2 874/6/2
f 873/6/2 782/6/2 874/6/2
f 679/5/2 783/5/2 874/5/2
f 783/4/2 784/4/2 875/4/2
f 874/5/2 783/5/2 875/5/2
f 784/5/2 683/5/2 876/5/2
f 875/4/2 784/4/2 876/4/2
f 683/6/2 684/6/2 877/6/2
f 876/5/2 683/5/2 877/5/2
f 684/5/2 785/5/2 878/5/2
f 877/6/2 684/6/2 878/6/2
f 785/4/2 786/4/2 879/4/2
f 878/5/2 785/5/2 879/5/2
f 786/5/2 787/5/2 880/5/2
f 879/4/2 786/4/2 880/4/2
f 787/4/2 788/4/2 881/4/2
f 880/5/2 787/5/2 881/5/2
f 788/5/2 789/5/2 882/5/2
f 881/4/2 788/4/2 882/4/2
f 789/6/2 790/6/2 883/6/2
f 882/5/2 789/5/2 883/5/2
f 790/5/2 791/5/2 884/5/2
f 883/6/2 790/6/2 884/6/2
f 791/6/2 792/6/2 885/6/2
f 884/5/2 791/5/2 885/5/2
f 792/5/2 793/5/2 886/5/2
f 885/6/2 792/6/2 886/6/2
f 793/4/2 794/4/2 887/4/2
f 886/5/2 793/5/2 887/5/2
f 795/7/2 796/7/2 888/7/2
f 887/4/2 794/4/2 888/4/2
f 794/7/2 795/7/2 888/7/2
f 796/6/2 698/6/2 889/6/2
f 888/7/2 796/7/2 889/7/2
f 698/7/2 797/7/2 890/7/2
f 889/6/2 698/6/2 890/6/2
f 797/5/2 798/5/2 891/5/2
f 890/7/2 797/7/2 891/7/2
f 798/6/2 799/6/2 892/6/2
f 891/5/2 798/5/2 892/5/2
f 799/7/2 800/7/2 893/7/2
f 892/6/2 799/6/2 893/6/2
f 800/5/2 801/5/2 894/5/2
f 893/7/2 800/7/2 894/7/2
f 801/5/2 802/5/2 894/5/2
f 802/7/2 803/7/2 895/7/2
f 894/5/2 802/5/2 895/5/2
f 803/6/2 804/6/2 896/6/2
f 895/7/2 803/7/2 896/7/2
f 804/7/2 805/7/2 897/7/2
f 896/6/2 804/6/2 897/6/2
f 806/7/2 807/7/2 897/7/2
f 805/7/2 806/7/2 897/7/2
f 807/8/2 808/8/2 898/8/2
f 897/7/2 807/7/2 898/7/2
f 808/7/2 809/7/2 899/7/2
f 898/8/2 808/8/2 899/8/2
f 809/7/2 810/7/2 899/7/2
f 810/7/2 811/7/2 899/7/2
f 811/6/2 812/6/2 900/6/2
f 899/7/2 811/7/2 900/7/2
f 812/7/2 813/7/2 901/7/2
f 900/6/2 812/6/2 901/6/2
f 813/6/2 814/6/2 902/6/2
f 901/7/2 813/7/2 902/7/2
f 816/4/2 817/4/2 903/4/2
f 902/6/2 814/6/2 903/6/2
f 815/4/2 816/4/2 903/4/2
f 814/4/2 815/4/2 903/4/2
f 817/5/2 818/5/2 904/5/2
f 903/4/2 817/4/2 904/4/2
f 818/4/2 819/4/2 905/4/2
f 904/5/2 818/5/2 905/5/2
f 819/7/2 820/7/2 906/7/2
f 905/4/2 819/4/2 906/4/2
f 820/8/2 821/8/2 907/8/2
f 906/7/2 820/7/2 907/7/2
f 821/6/2 822/6/2 908/6/2
f 907/8/2 821/8/2 908/8/2
f 822/7/2 823/7/2 909/7/2
f 908/6/2 822/6/2 909/6/2
f 823/6/2 824/6/2 910/6/2
f 909/7/2 823/7/2 910/7/2
f 824/7/2 825/7/2 911/7/2
f 910/6/2 824/6/2 911/6/2
f 825/7/2 826/7/2 911/7/2
f 826/6/2 827/6/2 912/6/2
f 911/7/2 826/7/2 912/7/2
f 827/7/2 828/7/2 913/7/2
f 912/6/2 827/6/2 913/6/2
f 828/6/2 829/6/2 914/6/2
f 913/7/2 828/7/2 914/7/2
f 833/7/2 834/7/2 915/7/2
f 914/6/2 829/6/2 915/6/2
f 829/7/2 830/7/2 915/7/2
f 830/7/2 831/7/2 915/7/2
f 831/7/2 832/7/2 915/7/2
f 834/7/2 835/7/2 915/7/2
f 832/7/2 833/7/2 915/7/2
f 836/6/2 837/6/2 916/6/2
f 915/7/2 835/7/2 916/7/2
f 835/6/2 836/6/2 916/6/2
f 837/7/2 838/7/2 917/7/2
f 916/6/2 837/6/2 917/6/2
f 838/6/2 839/6/2 918/6/2
f 917/7/2 838/7/2 918/7/2
f 839/6/2 840/6/2 918/6/2
f 840/6/2 841/6/2 918/6/2
f 841/5/2 842/5/2 919/5/2
f 918/6/2 841/6/2 919/6/2
f 842/4/2 843/4/2 920/4/2
f 919/5/2 842/5/2 920/5/2
f 843/6/2 742/6/2 921/6/2
f 920/4/2 843/4/2 921/4/2
f 742/5/2 743/5/2 922/5/2
f 921/6/2 742/6/2 922/6/2
f 844/6/2 845/6/2 923/6/2
f 922/5/2 743/5/2 923/5/2
f 743/6/2 844/6/2 923/6/2
f 845/7/2 846/7/2 924/7/2
f 923/6/2 845/6/2 924/6/2
f 846/5/2 847/5/2 925/5/2
f 924/7/2 846/7/2 925/7/2
f 847/6/2 848/6/2 926/6/2
f 925/5/2 847/5/2 926/5/2
f 848/5/2 849/5/2 927/5/2
f 926/6/2 848/6/2 927/6/2
f 849/6/2 850/6/2 928/6/2
f 927/5/2 849/5/2 928/5/2
f 850/6/2 851/6/2 928/6/2
f 851/7/2 852/7/2 929/7/2
f 928/6/2 851/6/2 929/6/2
f 852/5/2 853/5/2 930/5/2
f 929/7/2 852/7/2 930/7/2
f 853/6/2 854/6/2 931/6/2
f 930/5/2 853/5/2 931/5/2
f 854/6/2 855/6/2 931/6/2
f 855/5/2 856/5/2 932/5/2
f 931/6/2 855/6/2 932/6/2
f 856/6/2 857/6/2 933/6/2
f 932/5/2 856/5/2 933/5/2
f 857/5/2 858/5/2 934/5/2
f 933/6/2 857/6/2 934/6/2
f 858/6/2 859/6/2 935/6/2
f 934/5/2 858/5/2 935/5/2
f 935/6/2 859/6/2 936/6/2
f 941/7/3 938/7/3 937/7/3
f 942/5/3 939/5/3 938/5/3
f 942/7/3 938/7/3 941/7/3
f 943/6/3 940/6/3 939/6/3
f 943/5/3 939/5/3 942/5/3
f 944/6/3 940/6/3 943/6/3
f 945/4/3 942/4/3 941/4/3
f 946/4/3 942/4/3 945/4/3
f 947/3/3 943/3/3 942/3/3
f 947/4/3 942/4/3 946/4/3
f 948/5/3 944/5/3 943/5/3
f 948/3/3 943/3/3 947/3/3
f 949/5/3 944/5/3 948/5/3
f 950/5/3 946/5/3 945/5/3
f 951/3/3 947/3/3 946/3/3
f 951/5/3 946/5/3 950/5/3
f 952/2/3 948/2/3 947/2/3
f 952/3/3 947/3/3 951/3/3
f 953/7/3 949/7/3 948/7/3
f 953/2/3 948/2/3 952/2/3
f 954/7/3 949/7/3 953/7/3
f 955/6/3 951/6/3 950/6/3
f 956/5/3 952/5/3 951/5/3
f 956/6/3 951/6/3 955/6/3
f 956/5/3 953/5/3 952/5/3
f 956/5/3 954/5/3 953/5/3
f 957/5/3 954/5/3 956/5/3
f 958/7/4 959/7/4 963/7/4
f 959/6/4 960/6/4 964/6/4
f 963/7/4 959/7/4 964/7/4
f 960/5/4 961/5/4 965/5/4
f 964/6/4 960/6/4 965/6/4
f 961/6/4 962/6/4 966/6/4
f 965/5/4 961/5/4 966/5/4
f 966/6/4 962/6/4 967/6/4
f 963/5/4 964/5/4 968/5/4
f 964/3/4 965/3/4 969/3/4
f 968/5/4 964/5/4 969/5/4
f 965/3/4 966/3/4 969/3/4
f 969/3/4 966/3/4 970/3/4
f 968/7/4 969/7/4 971/7/4
f 969/1/4 970/1/4 972/1/4
f 971/7/4 969/7/4 972/7/4
f 970/3/4 966/3/4 973/3/4
f 972/1/4 970/1/4 973/1/4
f 966/5/4 967/5/4 974/5/4
f 973/3/4 966/3/4 974/3/4
f 974/5/4 967/5/4 975/5/4
f 971/6/4 972/6/4 976/6/4
f 972/4/4 973/4/4 977/4/4
f 976/6/4 972/6/4 977/6/4
f 973/5/4 974/5/4 978/5/4
f 977/4/4 973/4/4 978/4/4
f 974/6/4 975/6/4 979/6/4
f 978/5/4 974/5/4 979/5/4
f 979/6/4 975/6/4 980/6/4
f 986/7/5 982/7/5 981/7/5
f 987/4/5 983/4/5 982/4/5
f 987/7/5 982/7/5 986/7/5
f 988/5/5 984/5/5 983/5/5
f 988/4/5 983/4/5 987/4/5
f 989/6/5 985/6/5 984/6/5
f 989/5/5 984/5/5 988/5/5
f 990/6/5 985/6/5 989/6/5
f 991/6/5 987/6/5 986/6/5
f 992/4/5 988/4/5 987/4/5
f 992/6/5 987/6/5 991/6/5
f 992/4/5 989/4/5 988/4/5
f 993/4/5 989/4/5 992/4/5
f 994/7/5 990/7/5 989/7/5
f 994/4/5 989/4/5 993/4/5
f 995/7/5 992/7/5 991/7/5
f 996/6/5 993/6/5 992/6/5
f 996/7/5 992/7/5 995/7/5
f 997/5/5 994/5/5 993/5/5
f 997/6/5 993/6/5 996/6/5
f 998/7/5 990/7/5 994/7/5
f 998/5/5 994/5/5 997/5/5
f 999/5/5 997/5/5 996/5/5
f 999/5/5 996/5/5 995/5/5
f 1000/5/5 997/5/5 999/5/5
f 1001/6/5 998/6/5 997/6/5
f 1001/5/5 997/5/5 1000/5/5
f 1002/7/5 990/7/5 998/7/5
f 1002/6/5 998/6/5 1001/6/5
f 1003/7/5 1000/7/5 999/7/5
f 1004/5/5 1001/5/5 1000/5/5
f 1004/7/5 1000/7/5 1003/7/5
f 1004/5/5 1002/5/5 1001/5/5
f 1005/5/5 1002/5/5 1004/5/5
f 1006/6/5 1004/6/5 1003/6/5
f 1006/6/5 1005/6/5 1004/6/5
f 1007/6/5 1005/6/5 1006/6/5
f 1008/7/5 1007/7/5 1006/7/5
f 1008/6/5 1005/6/5 1007/6/5
f 1009/5/5 1002/5/5 1005/5/5
f 1009/6/5 1005/6/5 1008/6/5
f 1010/7/5 990/7/5 1002/7/5
f 1010/5/5 1002/5/5 1009/5/5
f 1011/7/5 990/7/5 1010/7/5
f 1012/5/5 1009/5/5 1008/5/5
f 1012/6/5 1010/6/5 1009/6/5
f 1013/8/5 1011/8/5 1010/8/5
f 1013/6/5 1010/6/5 1012/6/5
f 1014/8/5 1011/8/5 1013/8/5
f 1015/7/5 1008/7/5 1006/7/5
f 1016/5/5 1012/5/5 1008/5/5
f 1016/7/5 1008/7/5 1015/7/5
f 1017/4/5 1013/4/5 1012/4/5
f 1017/5/5 1012/5/5 1016/5/5
f 1018/7/5 1014/7/5 1013/7/5
f 1018/4/5 1013/4/5 1017/4/5
f 1019/7/5 1014/7/5 1018/7/5
f 1020/6/5 1016/6/5 1015/6/5
f 1020/6/5 1017/6/5 1016/6/5
f 1021/5/5 1018/5/5 1017/5/5
f 1021/6/5 1017/6/5 1020/6/5
f 1022/6/5 1019/6/5 1018/6/5
f 1022/5/5 1018/5/5 1021/5/5
f 1023/4/5 1022/4/5 1021/4/5
f 1023/6/5 1019/6/5 1022/6/5
f 1024/6/5 1019/6/5 1023/6/5
f 1025/7/5 1021/7/5 1020/7/5
f 1026/4/5 1023/4/5 1021/4/5
f 1026/7/5 1021/7/5 1025/7/5
f 1027/7/5 1025/7/5 1020/7/5
f 1028/6/5 1026/6/5 1025/6/5
f 1028/7/5 1025/7/5 1027/7/5
f 1029/4/5 1023/4/5 1026/4/5
f 1029/6/5 1026/6/5 1028/6/5
f 1030/5/5 1024/5/5 1023/5/5
f 1030/4/5 1023/4/5 1029/4/5
f 1031/8/5 1028/8/5 1027/8/5
f 1032/6/5 1029/6/5 1028/6/5
f 1032/8/5 1028/8/5 1031/8/5
f 1033/5/5 1030/5/5 1029/5/5
f 1033/6/5 1029/6/5 1032/6/5
f 1034/5/5 1024/5/5 1030/5/5
f 1034/5/5 1030/5/5 1033/5/5
f 1035/7/5 1033/7/5 1032/7/5
f 1035/7/5 1032/7/5 1031/7/5
f 1036/7/5 1033/7/5 1035/7/5
f 1037/4/5 1034/4/5 1033/4/5
f 1037/7/5 1033/7/5 1036/7/5
f 1038/4/5 1034/4/5 1037/4/5
f 1039/4/5 1034/4/5 1038/4/5
f 1040/8/5 1036/8/5 1035/8/5
f 1041/6/5 1037/6/5 1036/6/5
f 1041/8/5 1036/8/5 1040/8/5
f 1041/6/5 1038/6/5 1037/6/5
f 1042/6/5 1038/6/5 1041/6/5
f 1043/7/5 1041/7/5 1040/7/5
f 1043/7/5 1042/7/5 1041/7/5
f 1044/6/5 1038/6/5 1042/6/5
f 1044/7/5 1042/7/5 1043/7/5
f 1045/7/5 1043/7/5 1040/7/5
f 1046/6/5 1044/6/5 1043/6/5
f 1046/7/5 1043/7/5 1045/7/5
f 1047/6/5 1038/6/5 1044/6/5
f 1047/6/5 1044/6/5 1046/6/5
f 1048/5/5 1039/5/5 1038/5/5
f 1048/6/5 1038/6/5 1047/6/5
f 1049/5/5 1039/5/5 1048/5/5
f 1050/8/5 1047/8/5 1046/8/5
f 1050/8/5 1046/8/5 1045/8/5
f 1051/6/5 1048/6/5 1047/6/5
f 1051/8/5 1047/8/5 1050/8/5
f 1052/6/5 1051/6/5 1050/6/5
f 1053/6/5 1048/6/5 1051/6/5
f 1053/6/5 1051/6/5 1052/6/5
f 1054/4/5 1049/4/5 1048/4/5
f 1054/6/5 1048/6/5 1053/6/5
f 1055/4/5 1049/4/5 1054/4/5
f 1056/6/5 1052/6/5 1050/6/5
f 1057/7/5 1053/7/5 1052/7/5
f 1057/6/5 1052/6/5 1056/6/5
f 1058/5/5 1054/5/5 1053/5/5
f 1058/7/5 1053/7/5 1057/7/5
f 1058/5/5 1055/5/5 1054/5/5
f 1059/5/5 1055/5/5 1058/5/5
f 1060/7/5 1057/7/5 1056/7/5
f 1060/7/5 1058/7/5 1057/7/5
f 1061/7/5 1058/7/5 1060/7/5
f 1062/6/5 1059/6/5 1058/6/5
f 1062/7/5 1058/7/5 1061/7/5
f 1063/5/5 1055/5/5 1059/5/5
f 1063/6/5 1059/6/5 1062/6/5
f 1064/8/5 1061/8/5 1060/8/5
f 1065/7/5 1062/7/5 1061/7/5
f 1065/8/5 1061/8/5 1064/8/5
f 1065/7/5 1063/7/5 1062/7/5
f 1066/7/5 1063/7/5 1065/7/5
f 1067/5/5 1055/5/5 1063/5/5
f 1067/7/5 1063/7/5 1066/7/5
f 1068/6/5 1065/6/5 1064/6/5
f 1069/8/5 1066/8/5 1065/8/5
f 1069/6/5 1065/6/5 1068/6/5
f 1070/6/5 1067/6/5 1066/6/5
f 1070/8/5 1066/8/5 1069/8/5
f 1071/5/5 1055/5/5 1067/5/5
f 1071/6/5 1067/6/5 1070/6/5
f 1072/5/5 1055/5/5 1071/5/5
f 1073/5/5 1069/5/5 1068/5/5
f 1074/6/5 1070/6/5 1069/6/5
f 1074/5/5 1069/5/5 1073/5/5
f 1074/6/5 1071/6/5 1070/6/5
f 1074/6/5 1072/6/5 1071/6/5
f 1075/6/5 1072/6/5 1074/6/5
f 1076/6/5 1072/6/5 1075/6/5
f 1077/7/5 1074/7/5 1073/7/5
f 1077/6/5 1075/6/5 1074/6/5
f 1078/7/5 1076/7/5 1075/7/5
f 1078/6/5 1075/6/5 1077/6/5
f 1079/6/5 1072/6/5 1076/6/5
f 1079/7/5 1076/7/5 1078/7/5
f 1080/6/5 1072/6/5 1079/6/5
f 1081/7/5 1077/7/5 1073/7/5
f 1082/8/5 1078/8/5 1077/8/5
f 1082/7/5 1077/7/5 1081/7/5
f 1083/6/5 1079/6/5 1078/6/5
f 1083/8/5 1078/8/5 1082/8/5
f 1084/5/5 1080/5/5 1079/5/5
f 1084/6/5 1079/6/5 1083/6/5
f 1085/5/5 1080/5/5 1084/5/5
f 1086/6/5 1082/6/5 1081/6/5
f 1086/7/5 1083/7/5 1082/7/5
f 1087/5/5 1084/5/5 1083/5/5
f 1087/7/5 1083/7/5 1086/7/5
f 1088/4/5 1085/4/5 1084/4/5
f 1088/5/5 1084/5/5 1087/5/5
f 1089/4/5 1085/4/5 1088/4/5
f 1090/8/5 1087/8/5 1086/8/5
f 1090/6/5 1086/6/5 1081/6/5
f 1091/7/5 1088/7/5 1087/7/5
f 1091/8/5 1087/8/5 1090/8/5
f 1092/5/5 1089/5/5 1088/5/5
f 1092/7/5 1088/7/5 1091/7/5
f 1093/6/5 1090/6/5 1081/6/5
f 1094/7/5 1091/7/5 1090/7/5
f 1094/6/5 1090/6/5 1093/6/5
f 1095/6/5 1092/6/5 1091/6/5
f 1095/7/5 1091/7/5 1094/7/5
f 1096/5/5 1089/5/5 1092/5/5
f 1096/6/5 1092/6/5 1095/6/5
f 1097/7/5 1095/7/5 1094/7/5
f 1097/7/5 1094/7/5 1093/7/5
f 1097/5/5 1096/5/5 1095/5/5
f 1098/5/5 1089/5/5 1096/5/5
f 1098/5/5 1096/5/5 1097/5/5
f 1099/5/5 1089/5/5 1098/5/5
f 1100/7/5 1097/7/5 1093/7/5
f 1101/7/5 1097/7/5 1100/7/5
f 1102/6/5 1098/6/5 1097/6/5
f 1102/7/5 1097/7/5 1101/7/5
f 1103/4/5 1099/4/5 1098/4/5
f 1103/6/5 1098/6/5 1102/6/5
f 1104/7/5 1102/7/5 1101/7/5
f 1104/5/5 1103/5/5 1102/5/5
f 1105/4/5 1099/4/5 1103/4/5
f 1105/5/5 1103/5/5 1104/5/5
f 1106/4/5 1099/4/5 1105/4/5
f 1107/6/5 1101/6/5 1100/6/5
f 1108/7/5 1104/7/5 1101/7/5
f 1108/6/5 1101/6/5 1107/6/5
f 1109/6/5 1105/6/5 1104/6/5
f 1109/7/5 1104/7/5 1108/7/5
f 1110/5/5 1106/5/5 1105/5/5
f 1110/6/5 1105/6/5 1109/6/5
f 1111/5/5 1106/5/5 1110/5/5
f 1112/6/5 1109/6/5 1108/6/5
f 1112/6/5 1110/6/5 1109/6/5
f 1113/4/5 1111/4/5 1110/4/5
f 1113/6/5 1110/6/5 1112/6/5
f 1114/7/5 1108/7/5 1107/7/5
f 1115/6/5 1112/6/5 1108/6/5
f 1115/7/5 1108/7/5 1114/7/5
f 1116/8/5 1113/8/5 1112/8/5
f 1116/6/5 1112/6/5 1115/6/5
f 1117/6/5 1115/6/5 1114/6/5
f 1118/7/5 1116/7/5 1115/7/5
f 1118/6/5 1115/6/5 1117/6/5
f 1119/4/5 1111/4/5 1113/4/5
f 1119/8/5 1113/8/5 1116/8/5
f 1120/4/5 1111/4/5 1119/4/5
f 1121/7/5 1116/7/5 1118/7/5
f 1121/7/5 1118/7/5 1117/7/5
f 1122/8/5 1119/8/5 1116/8/5
f 1122/7/5 1116/7/5 1121/7/5
f 1123/5/5 1120/5/5 1119/5/5
f 1123/8/5 1119/8/5 1122/8/5
f 1124/5/5 1120/5/5 1123/5/5
f 1125/7/5 1121/7/5 1117/7/5
f 1126/6/5 1122/6/5 1121/6/5
f 1126/7/5 1121/7/5 1125/7/5
f 1127/8/5 1123/8/5 1122/8/5
f 1127/6/5 1122/6/5 1126/6/5
f 1128/4/5 1124/4/5 1123/4/5
f 1128/8/5 1123/8/5 1127/8/5
f 1129/6/5 1126/6/5 1125/6/5
f 1130/8/5 1127/8/5 1126/8/5
f 1130/6/5 1126/6/5 1129/6/5
f 1131/6/5 1128/6/5 1127/6/5
f 1131/8/5 1127/8/5 1130/8/5
f 1132/4/5 1124/4/5 1128/4/5
f 1132/6/5 1128/6/5 1131/6/5
f 1133/4/5 1124/4/5 1132/4/5
f 1134/7/5 1131/7/5 1130/7/5
f 1134/7/5 1130/7/5 1129/7/5
f 1135/8/5 1132/8/5 1131/8/5
f 1135/7/5 1131/7/5 1134/7/5
f 1136/6/5 1133/6/5 1132/6/5
f 1136/8/5 1132/8/5 1135/8/5
f 1137/7/5 1134/7/5 1129/7/5
f 1138/6/5 1135/6/5 1134/6/5
f 1138/7/5 1134/7/5 1137/7/5
f 1139/7/5 1136/7/5 1135/7/5
f 1139/6/5 1135/6/5 1138/6/5
f 1140/6/5 1133/6/5 1136/6/5
f 1140/7/5 1136/7/5 1139/7/5
f 1141/8/5 1138/8/5 1137/8/5
f 1142/7/5 1139/7/5 1138/7/5
f 1142/8/5 1138/8/5 1141/8/5
f 1143/8/5 1140/8/5 1139/8/5
f 1143/7/5 1139/7/5 1142/7/5
f 1144/6/5 1133/6/5 1140/6/5
f 1144/8/5 1140/8/5 1143/8/5
f 1145/6/5 1133/6/5 1144/6/5
f 1146/4/5 1142/4/5 1141/4/5
f 1147/7/5 1143/7/5 1142/7/5
f 1147/4/5 1142/4/5 1146/4/5
f 1147/7/5 1144/7/5 1143/7/5
f 1148/5/5 1145/5/5 1144/5/5
f 1148/7/5 1144/7/5 1147/7/5
f 1149/5/5 1145/5/5 1148/5/5
f 1150/6/5 1147/6/5 1146/6/5
f 1151/8/5 1148/8/5 1147/8/5
f 1151/6/5 1147/6/5 1150/6/5
f 1152/8/5 1148/8/5 1151/8/5
f 1153/6/5 1149/6/5 1148/6/5
f 1153/8/5 1148/8/5 1152/8/5
f 1154/5/5 1151/5/5 1150/5/5
f 1155/8/5 1152/8/5 1151/8/5
f 1155/5/5 1151/5/5 1154/5/5
f 1156/7/5 1153/7/5 1152/7/5
f 1156/8/5 1152/8/5 1155/8/5
f 1157/6/5 1149/6/5 1153/6/5
f 1157/7/5 1153/7/5 1156/7/5
f 1158/6/5 1149/6/5 1157/6/5
f 1159/7/5 1156/7/5 1155/7/5
f 1159/7/5 1157/7/5 1156/7/5
f 1159/5/5 1158/5/5 1157/5/5
f 1160/5/5 1158/5/5 1159/5/5
f 1161/6/5 1155/6/5 1154/6/5
f 1162/7/5 1159/7/5 1155/7/5
f 1162/6/5 1155/6/5 1161/6/5
f 1162/7/5 1160/7/5 1159/7/5
f 1163/7/5 1160/7/5 1162/7/5
f 1164/7/5 1160/7/5 1163/7/5
f 1165/7/5 1163/7/5 1162/7/5
f 1165/5/5 1164/5/5 1163/5/5
f 1166/5/5 1164/5/5 1165/5/5
f 1167/5/5 1162/5/5 1161/5/5
f 1168/7/5 1165/7/5 1162/7/5
f 1168/5/5 1162/5/5 1167/5/5
f 1168/7/5 1166/7/5 1165/7/5
f 1169/7/5 1166/7/5 1168/7/5
f 1170/6/5 1168/6/5 1167/6/5
f 1170/6/5 1169/6/5 1168/6/5
f 1171/6/5 1169/6/5 1170/6/5
f 1172/6/5 1169/6/5 1171/6/5
f 1173/6/5 1169/6/5 1172/6/5
f 1174/6/5 1170/6/5 1167/6/5
f 1175/7/5 1171/7/5 1170/7/5
f 1175/6/5 1170/6/5 1174/6/5
f 1176/6/5 1172/6/5 1171/6/5
f 1176/7/5 1171/7/5 1175/7/5
f 1177/7/5 1173/7/5 1172/7/5
f 1177/6/5 1172/6/5 1176/6/5
f 1178/7/5 1173/7/5 1177/7/5
f 1179/4/5 1175/4/5 1174/4/5
f 1179/7/5 1176/7/5 1175/7/5
f 1179/7/5 1177/7/5 1176/7/5
f 1180/7/5 1177/7/5 1179/7/5
f 1181/6/5 1178/6/5 1177/6/5
f 1181/7/5 1177/7/5 1180/7/5
f 1182/6/5 1178/6/5 1181/6/5
f 1183/6/5 1180/6/5 1179/6/5
f 1183/4/5 1179/4/5 1174/4/5
f 1184/7/5 1182/7/5 1181/7/5
f 1184/6/5 1180/6/5 1183/6/5
f 1184/7/5 1181/7/5 1180/7/5
f 1185/7/5 1182/7/5 1184/7/5
f 1186/7/5 1182/7/5 1185/7/5
f 1187/4/5 1183/4/5 1174/4/5
f 1187/7/5 1184/7/5 1183/7/5
f 1188/8/5 1185/8/5 1184/8/5
f 1188/7/5 1184/7/5 1187/7/5
f 1189/6/5 1186/6/5 1185/6/5
f 1189/8/5 1185/8/5 1188/8/5
f 1190/6/5 1186/6/5 1189/6/5
f 1191/4/5 1187/4/5 1174/4/5
f 1192/6/5 1188/6/5 1187/6/5
f 1192/4/5 1187/4/5 1191/4/5
f 1193/8/5 1189/8/5 1188/8/5
f 1193/6/5 1188/6/5 1192/6/5
f 1194/7/5 1190/7/5 1189/7/5
f 1194/8/5 1189/8/5 1193/8/5
f 1195/7/5 1190/7/5 1194/7/5
f 1196/5/5 1192/5/5 1191/5/5
f 1196/5/5 1193/5/5 1192/5/5
f 1197/5/5 1193/5/5 1196/5/5
f 1198/8/5 1194/8/5 1193/8/5
f 1198/5/5 1193/5/5 1197/5/5
f 1199/5/5 1195/5/5 1194/5/5
f 1199/8/5 1194/8/5 1198/8/5
f 1200/5/5 1195/5/5 1199/5/5
f 1201/4/5 1197/4/5 1196/4/5
f 1202/5/5 1198/5/5 1197/5/5
f 1202/4/5 1197/4/5 1201/4/5
f 1203/7/5 1199/7/5 1198/7/5
f 1203/5/5 1198/5/5 1202/5/5
f 1203/7/5 1200/7/5 1199/7/5
f 1204/7/5 1200/7/5 1203/7/5
f 1205/7/5 1200/7/5 1204/7/5
f 1206/6/5 1202/6/5 1201/6/5
f 1206/6/5 1203/6/5 1202/6/5
f 1207/6/5 1203/6/5 1206/6/5
f 1208/8/5 1204/8/5 1203/8/5
f 1208/6/5 1203/6/5 1207/6/5
f 1209/6/5 1205/6/5 1204/6/5
f 1209/8/5 1204/8/5 1208/8/5
f 1210/5/5 1207/5/5 1206/5/5
f 1211/6/5 1208/6/5 1207/6/5
f 1211/5/5 1207/5/5 1210/5/5
f 1212/6/5 1205/6/5 1209/6/5
f 1212/7/5 1209/7/5 1208/7/5
f 1213/6/5 1205/6/5 1212/6/5
f 1214/4/5 1211/4/5 1210/4/5
f 1215/6/5 1208/6/5 1211/6/5
f 1215/4/5 1211/4/5 1214/4/5
f 1216/7/5 1212/7/5 1208/7/5
f 1216/6/5 1208/6/5 1215/6/5
f 1217/5/5 1213/5/5 1212/5/5
f 1217/7/5 1212/7/5 1216/7/5
f 1218/5/5 1213/5/5 1217/5/5
f 1219/5/5 1215/5/5 1214/5/5
f 1219/5/5 1216/5/5 1215/5/5
f 1220/8/5 1217/8/5 1216/8/5
f 1220/5/5 1216/5/5 1219/5/5
f 1221/5/5 1219/5/5 1214/5/5
f 1222/6/5 1220/6/5 1219/6/5
f 1222/5/5 1219/5/5 1221/5/5
f 1223/8/5 1217/8/5 1220/8/5
f 1223/6/5 1220/6/5 1222/6/5
f 1224/6/5 1218/6/5 1217/6/5
f 1224/8/5 1217/8/5 1223/8/5
f 1225/6/5 1218/6/5 1224/6/5
f 1226/7/5 1222/7/5 1221/7/5
f 1227/4/5 1223/4/5 1222/4/5
f 1227/7/5 1222/7/5 1226/7/5
f 1228/5/5 1224/5/5 1223/5/5
f 1228/4/5 1223/4/5 1227/4/5
f 1229/8/5 1225/8/5 1224/8/5
f 1229/5/5 1224/5/5 1228/5/5
f 1230/8/5 1225/8/5 1229/8/5
f 1231/5/5 1228/5/5 1227/5/5
f 1231/5/5 1229/5/5 1228/5/5
f 1232/7/5 1230/7/5 1229/7/5
f 1232/5/5 1229/5/5 1231/5/5
f 1233/8/5 1227/8/5 1226/8/5
f 1233/5/5 1231/5/5 1227/5/5
f 1234/6/5 1232/6/5 1231/6/5
f 1234/5/5 1231/5/5 1233/5/5
f 1235/7/5 1230/7/5 1232/7/5
f 1235/6/5 1232/6/5 1234/6/5
f 1236/8/5 1233/8/5 1226/8/5
f 1237/4/5 1234/4/5 1233/4/5
f 1237/8/5 1233/8/5 1236/8/5
f 1238/5/5 1235/5/5 1234/5/5
f 1238/4/5 1234/4/5 1237/4/5
f 1239/7/5 1230/7/5 1235/7/5
f 1239/5/5 1235/5/5 1238/5/5
f 1240/7/5 1230/7/5 1239/7/5
f 1241/5/5 1238/5/5 1237/5/5
f 1241/5/5 1239/5/5 1238/5/5
f 1242/8/5 1240/8/5 1239/8/5
f 1242/5/5 1239/5/5 1241/5/5
f 1243/8/5 1240/8/5 1242/8/5
f 1244/7/5 1237/7/5 1236/7/5
f 1245/5/5 1241/5/5 1237/5/5
f 1245/7/5 1237/7/5 1244/7/5
f 1246/6/5 1242/6/5 1241/6/5
f 1246/5/5 1241/5/5 1245/5/5
f 1246/6/5 1243/6/5 1242/6/5
f 1247/6/5 1243/6/5 1246/6/5
f 1248/8/5 1245/8/5 1244/8/5
f 1248/4/5 1246/4/5 1245/4/5
f 1248/4/5 1247/4/5 1246/4/5
f 1249/4/5 1247/4/5 1248/4/5
f 1250/6/5 1243/6/5 1247/6/5
f 1250/4/5 1247/4/5 1249/4/5
f 1251/6/5 1243/6/5 1250/6/5
f 1252/8/5 1248/8/5 1244/8/5
f 1253/5/5 1249/5/5 1248/5/5
f 1253/8/5 1248/8/5 1252/8/5
f 1254/6/5 1250/6/5 1249/6/5
f 1254/5/5 1249/5/5 1253/5/5
f 1255/6/5 1253/6/5 1252/6/5
f 1255/4/5 1254/4/5 1253/4/5
f 1256/6/5 1250/6/5 1254/6/5
f 1256/4/5 1254/4/5 1255/4/5
f 1257/7/5 1251/7/5 1250/7/5
f 1257/6/5 1250/6/5 1256/6/5
f 1258/7/5 1251/7/5 1257/7/5
f 1259/6/5 1255/6/5 1252/6/5
f 1259/6/5 1256/6/5 1255/6/5
f 1259/6/5 1258/6/5 1257/6/5
f 1259/6/5 1257/6/5 1256/6/5
f 1260/6/5 1258/6/5 1259/6/5
f 1261/6/5 1258/6/5 1260/6/5
f 1262/5/5 1260/5/5 1259/5/5
f 1263/7/5 1261/7/5 1260/7/5
f 1263/5/5 1260/5/5 1262/5/5
f 1264/6/5 1258/6/5 1261/6/5
f 1264/7/5 1261/7/5 1263/7/5
f 1265/6/5 1258/6/5 1264/6/5
f 1266/6/5 1258/6/5 1265/6/5
f 1267/6/5 1263/6/5 1262/6/5
f 1267/6/5 1264/6/5 1263/6/5
f 1268/6/5 1264/6/5 1267/6/5
f 1269/5/5 1265/5/5 1264/5/5
f 1269/6/5 1264/6/5 1268/6/5
f 1270/8/5 1266/8/5 1265/8/5
f 1270/5/5 1265/5/5 1269/5/5
f 1271/8/5 1266/8/5 1270/8/5
f 1272/5/5 1268/5/5 1267/5/5
f 1273/7/5 1269/7/5 1268/7/5
f 1273/5/5 1268/5/5 1272/5/5
f 1274/5/5 1270/5/5 1269/5/5
f 1274/7/5 1271/7/5 1270/7/5
f 1275/7/5 1271/7/5 1274/7/5
f 1276/6/5 1273/6/5 1272/6/5
f 1277/7/5 1269/7/5 1273/7/5
f 1277/6/5 1273/6/5 1276/6/5
f 1278/5/5 1274/5/5 1269/5/5
f 1278/7/5 1269/7/5 1277/7/5
f 1279/6/5 1275/6/5 1274/6/5
f 1279/5/5 1274/5/5 1278/5/5
f 1280/5/5 1277/5/5 1276/5/5
f 1281/7/5 1278/7/5 1277/7/5
f 1281/5/5 1277/5/5 1280/5/5
f 1282/6/5 1279/6/5 1278/6/5
f 1282/7/5 1278/7/5 1281/7/5
f 1283/6/5 1275/6/5 1279/6/5
f 1283/6/5 1279/6/5 1282/6/5
f 1284/7/5 1282/7/5 1281/7/5
f 1284/7/5 1281/7/5 1280/7/5
f 1285/5/5 1283/5/5 1282/5/5
f 1285/7/5 1282/7/5 1284/7/5
f 1286/6/5 1275/6/5 1283/6/5
f 1286/5/5 1283/5/5 1285/5/5
f 1287/6/5 1275/6/5 1286/6/5
f 1288/7/5 1284/7/5 1280/7/5
f 1289/6/5 1285/6/5 1284/6/5
f 1289/7/5 1284/7/5 1288/7/5
f 1290/4/5 1286/4/5 1285/4/5
f 1290/6/5 1285/6/5 1289/6/5
f 1291/7/5 1287/7/5 1286/7/5
f 1291/4/5 1286/4/5 1290/4/5
f 1292/7/5 1287/7/5 1291/7/5
f 1293/6/5 1289/6/5 1288/6/5
f 1293/5/5 1290/5/5 1289/5/5
f 1293/5/5 1291/5/5 1290/5/5
f 1294/6/5 1292/6/5 1291/6/5
f 1294/5/5 1291/5/5 1293/5/5
f 1295/6/5 1293/6/5 1288/6/5
f 1295/6/5 1294/6/5 1293/6/5
f 1296/6/5 1294/6/5 1295/6/5
f 1297/6/5 1292/6/5 1294/6/5
f 1297/6/5 1294/6/5 1296/6/5
f 1298/7/5 1296/7/5 1295/7/5
f 1299/5/5 1297/5/5 1296/5/5
f 1299/7/5 1296/7/5 1298/7/5
f 1300/6/5 1292/6/5 1297/6/5
f 1300/5/5 1297/5/5 1299/5/5
f 1301/6/5 1292/6/5 1300/6/5
f 1302/6/5 1299/6/5 1298/6/5
f 1302/7/5 1298/7/5 1295/7/5
f 1303/5/5 1300/5/5 1299/5/5
f 1303/6/5 1299/6/5 1302/6/5
f 1304/7/5 1301/7/5 1300/7/5
f 1304/5/5 1300/5/5 1303/5/5
f 1305/7/5 1303/7/5 1302/7/5
f 1305/7/5 1302/7/5 1295/7/5
f 1306/6/5 1304/6/5 1303/6/5
f 1306/7/5 1303/7/5 1305/7/5
f 1307/7/5 1301/7/5 1304/7/5
f 1307/6/5 1304/6/5 1306/6/5
f 1308/6/5 1306/6/5 1305/6/5
f 1308/5/5 1307/5/5 1306/5/5
f 1309/7/5 1301/7/5 1307/7/5
f 1309/5/5 1307/5/5 1308/5/5
f 1310/6/5 1308/6/5 1305/6/5
f 1310/6/5 1309/6/5 1308/6/5
f 1311/7/5 1301/7/5 1309/7/5
f 1311/6/5 1309/6/5 1310/6/5
f 1312/7/5 1305/7/5 1295/7/5
f 1313/6/5 1310/6/5 1305/6/5
f 1313/7/5 1305/7/5 1312/7/5
f 1314/4/5 1311/4/5 1310/4/5
f 1314/6/5 1310/6/5 1313/6/5
f 1315/7/5 1301/7/5 1311/7/5
f 1315/4/5 1311/4/5 1314/4/5
f 1316/7/5 1301/7/5 1315/7/5
f 1317/8/5 1313/8/5 1312/8/5
f 1318/7/5 1314/7/5 1313/7/5
f 1318/8/5 1313/8/5 1317/8/5
f 1319/5/5 1315/5/5 1314/5/5
f 1319/7/5 1314/7/5 1318/7/5
f 1320/8/5 1316/8/5 1315/8/5
f 1320/5/5 1315/5/5 1319/5/5
f 1321/7/5 1318/7/5 1317/7/5
f 1321/5/5 1319/5/5 1318/5/5
f 1322/4/5 1320/4/5 1319/4/5
f 1322/5/5 1319/5/5 1321/5/5
f 1323/7/5 1321/7/5 1317/7/5
f 1323/6/5 1322/6/5 1321/6/5
f 1324/4/5 1320/4/5 1322/4/5
f 1324/6/5 1322/6/5 1323/6/5
f 1325/8/5 1316/8/5 1320/8/5
f 1325/4/5 1320/4/5 1324/4/5
f 1326/8/5 1316/8/5 1325/8/5
f 1327/7/5 1324/7/5 1323/7/5
f 1327/7/5 1323/7/5 1317/7/5
f 1328/7/5 1324/7/5 1327/7/5
f 1329/4/5 1325/4/5 1324/4/5
f 1329/7/5 1324/7/5 1328/7/5
f 1330/7/5 1326/7/5 1325/7/5
f 1330/4/5 1325/4/5 1329/4/5
f 1331/8/5 1328/8/5 1327/8/5
f 1332/4/5 1329/4/5 1328/4/5
f 1332/8/5 1328/8/5 1331/8/5
f 1333/5/5 1330/5/5 1329/5/5
f 1333/4/5 1329/4/5 1332/4/5
f 1334/7/5 1326/7/5 1330/7/5
f 1334/5/5 1330/5/5 1333/5/5
f 1335/7/5 1326/7/5 1334/7/5
f 1336/6/5 1332/6/5 1331/6/5
f 1337/5/5 1333/5/5 1332/5/5
f 1337/6/5 1332/6/5 1336/6/5
f 1338/6/5 1334/6/5 1333/6/5
f 1338/6/5 1335/6/5 1334/6/5
f 1339/6/5 1335/6/5 1338/6/5
f 1340/5/5 1333/5/5 1337/5/5
f 1340/7/5 1337/7/5 1336/7/5
f 1341/6/5 1338/6/5 1333/6/5
f 1341/5/5 1333/5/5 1340/5/5
f 1342/7/5 1340/7/5 1336/7/5
f 1343/6/5 1341/6/5 1340/6/5
f 1343/7/5 1340/7/5 1342/7/5
f 1344/6/5 1338/6/5 1341/6/5
f 1344/6/5 1341/6/5 1343/6/5
f 1345/6/5 1343/6/5 1342/6/5
f 1346/5/5 1344/5/5 1343/5/5
f 1346/6/5 1343/6/5 1345/6/5
f 1347/7/5 1339/7/5 1338/7/5
f 1347/6/5 1338/6/5 1344/6/5
f 1348/7/5 1339/7/5 1347/7/5
f 1349/7/5 1346/7/5 1345/7/5
f 1350/5/5 1344/5/5 1346/5/5
f 1350/7/5 1346/7/5 1349/7/5
f 1351/6/5 1347/6/5 1344/6/5
f 1351/6/5 1348/6/5 1347/6/5
f 1352/6/5 1348/6/5 1351/6/5
f 1353/6/5 1350/6/5 1349/6/5
f 1354/5/5 1344/5/5 1350/5/5
f 1354/6/5 1350/6/5 1353/6/5
f 1355/6/5 1351/6/5 1344/6/5
f 1355/5/5 1344/5/5 1354/5/5
f 1356/7/5 1352/7/5 1351/7/5
f 1356/6/5 1351/6/5 1355/6/5
f 1357/7/5 1352/7/5 1356/7/5
f 1358/8/5 1354/8/5 1353/8/5
f 1359/4/5 1355/4/5 1354/4/5
f 1359/8/5 1354/8/5 1358/8/5
f 1360/6/5 1356/6/5 1355/6/5
f 1360/6/5 1357/6/5 1356/6/5
f 1361/6/5 1357/6/5 1360/6/5
f 1362/6/5 1359/6/5 1358/6/5
f 1363/4/5 1355/4/5 1359/4/5
f 1363/6/5 1359/6/5 1362/6/5
f 1364/6/5 1360/6/5 1355/6/5
f 1364/4/5 1355/4/5 1363/4/5
f 1365/7/5 1363/7/5 1362/7/5
f 1366/5/5 1364/5/5 1363/5/5
f 1366/7/5 1363/7/5 1365/7/5
f 1367/6/5 1360/6/5 1364/6/5
f 1367/5/5 1364/5/5 1366/5/5
f 1368/7/5 1361/7/5 1360/7/5
f 1368/6/5 1360/6/5 1367/6/5
f 1369/7/5 1361/7/5 1368/7/5
f 1370/5/5 1366/5/5 1365/5/5
f 1371/4/5 1367/4/5 1366/4/5
f 1371/5/5 1366/5/5 1370/5/5
f 1372/6/5 1368/6/5 1367/6/5
f 1372/4/5 1367/4/5 1371/4/5
f 1372/6/5 1369/6/5 1368/6/5
f 1373/6/5 1369/6/5 1372/6/5
f 1374/6/5 1371/6/5 1370/6/5
f 1375/5/5 1372/5/5 1371/5/5
f 1375/6/5 1371/6/5 1374/6/5
f 1375/5/5 1373/5/5 1372/5/5
f 1376/5/5 1373/5/5 1375/5/5
f 1377/5/5 1373/5/5 1376/5/5
f 1378/4/5 1375/4/5 1374/4/5
f 1379/6/5 1376/6/5 1375/6/5
f 1379/4/5 1375/4/5 1378/4/5
f 1380/6/5 1376/6/5 1379/6/5
f 1381/4/5 1377/4/5 1376/4/5
f 1381/6/5 1376/6/5 1380/6/5
f 1382/4/5 1377/4/5 1381/4/5
f 1383/6/5 1379/6/5 1378/6/5
f 1384/4/5 1380/4/5 1379/4/5
f 1384/6/5 1379/6/5 1383/6/5
f 1385/5/5 1381/5/5 1380/5/5
f 1385/4/5 1380/4/5 1384/4/5
f 1386/6/5 1382/6/5 1381/6/5
f 1386/5/5 1381/5/5 1385/5/5
f 1387/5/5 1384/5/5 1383/5/5
f 1387/5/5 1385/5/5 1384/5/5
f 1388/5/5 1385/5/5 1387/5/5
f 1389/6/5 1382/6/5 1386/6/5
f 1389/7/5 1386/7/5 1385/7/5
f 1390/6/5 1382/6/5 1389/6/5
f 1391/6/5 1388/6/5 1387/6/5
f 1392/5/5 1385/5/5 1388/5/5
f 1392/6/5 1388/6/5 1391/6/5
f 1393/7/5 1389/7/5 1385/7/5
f 1393/5/5 1385/5/5 1392/5/5
f 1394/5/5 1390/5/5 1389/5/5
f 1394/7/5 1389/7/5 1393/7/5
f 1395/5/5 1390/5/5 1394/5/5
f 1396/5/5 1392/5/5 1391/5/5
f 1396/4/5 1393/4/5 1392/4/5
f 1397/6/5 1395/6/5 1394/6/5
f 1397/4/5 1393/4/5 1396/4/5
f 1397/6/5 1394/6/5 1393/6/5
f 1398/5/5 1396/5/5 1391/5/5
f 1398/5/5 1397/5/5 1396/5/5
f 1399/5/5 1397/5/5 1398/5/5
f 1400/6/5 1399/6/5 1398/6/5
f 1401/5/5 1397/5/5 1399/5/5
f 1401/6/5 1399/6/5 1400/6/5
f 1402/6/5 1395/6/5 1397/6/5
f 1402/5/5 1397/5/5 1401/5/5
f 1403/6/5 1395/6/5 1402/6/5
f 1404/5/5 1401/5/5 1400/5/5
f 1405/6/5 1402/6/5 1401/6/5
f 1405/5/5 1401/5/5 1404/5/5
f 1406/5/5 1403/5/5 1402/5/5
f 1406/6/5 1402/6/5 1405/6/5
f 1407/6/5 1395/6/5 1403/6/5
f 1407/5/5 1403/5/5 1406/5/5
f 1408/6/5 1395/6/5 1407/6/5
f 1409/6/5 1405/6/5 1404/6/5
f 1410/7/5 1406/7/5 1405/7/5
f 1410/6/5 1405/6/5 1409/6/5
f 1411/6/5 1407/6/5 1406/6/5
f 1411/7/5 1406/7/5 1410/7/5
f 1412/5/5 1408/5/5 1407/5/5
f 1412/6/5 1407/6/5 1411/6/5
f 1413/7/5 1410/7/5 1409/7/5
f 1413/7/5 1411/7/5 1410/7/5
f 1413/7/5 1412/7/5 1411/7/5
f 1414/7/5 1412/7/5 1413/7/5
f 1415/5/5 1408/5/5 1412/5/5
f 1415/7/5 1412/7/5 1414/7/5
f 1416/6/5 1414/6/5 1413/6/5
f 1417/5/5 1415/5/5 1414/5/5
f 1417/6/5 1414/6/5 1416/6/5
f 1418/5/5 1415/5/5 1417/5/5
f 1419/5/5 1408/5/5 1415/5/5
f 1419/5/5 1415/5/5 1418/5/5
f 1420/5/5 1408/5/5 1419/5/5
f 1421/8/5 1417/8/5 1416/8/5
f 1422/5/5 1418/5/5 1417/5/5
f 1422/8/5 1417/8/5 1421/8/5
f 1423/6/5 1419/6/5 1418/6/5
f 1423/5/5 1418/5/5 1422/5/5
f 1424/7/5 1420/7/5 1419/7/5
f 1424/6/5 1419/6/5 1423/6/5
f 1425/7/5 1420/7/5 1424/7/5
f 1426/6/5 1422/6/5 1421/6/5
f 1427/7/5 1423/7/5 1422/7/5
f 1427/6/5 1422/6/5 1426/6/5
f 1428/5/5 1424/5/5 1423/5/5
f 1428/7/5 1423/7/5 1427/7/5
f 1428/5/5 1425/5/5 1424/5/5
f 1429/5/5 1425/5/5 1428/5/5
f 1430/8/5 1427/8/5 1426/8/5
f 1431/5/5 1428/5/5 1427/5/5
f 1431/8/5 1427/8/5 1430/8/5
f 1432/6/5 1429/6/5 1428/6/5
f 1432/5/5 1428/5/5 1431/5/5
f 1433/5/5 1425/5/5 1429/5/5
f 1433/6/5 1429/6/5 1432/6/5
f 1434/5/5 1425/5/5 1433/5/5
f 1435/7/5 1432/7/5 1431/7/5
f 1435/7/5 1431/7/5 1430/7/5
f 1436/7/5 1432/7/5 1435/7/5
f 1437/5/5 1433/5/5 1432/5/5
f 1437/7/5 1432/7/5 1436/7/5
f 1438/6/5 1434/6/5 1433/6/5
f 1438/5/5 1433/5/5 1437/5/5
f 1439/6/5 1434/6/5 1438/6/5
f 1440/8/5 1436/8/5 1435/8/5
f 1441/5/5 1437/5/5 1436/5/5
f 1441/8/5 1436/8/5 1440/8/5
f 1442/7/5 1438/7/5 1437/7/5
f 1442/5/5 1437/5/5 1441/5/5
f 1443/5/5 1439/5/5 1438/5/5
f 1443/7/5 1438/7/5 1442/7/5
f 1444/5/5 1439/5/5 1443/5/5
f 1445/7/5 1441/7/5 1440/7/5
f 1445/6/5 1442/6/5 1441/6/5
f 1446/5/5 1443/5/5 1442/5/5
f 1446/6/5 1442/6/5 1445/6/5
f 1447/6/5 1444/6/5 1443/6/5
f 1447/5/5 1443/5/5 1446/5/5
f 1448/7/5 1445/7/5 1440/7/5
f 1449/5/5 1446/5/5 1445/5/5
f 1449/7/5 1445/7/5 1448/7/5
f 1450/7/5 1447/7/5 1446/7/5
f 1450/5/5 1446/5/5 1449/5/5
f 1451/6/5 1444/6/5 1447/6/5
f 1451/7/5 1447/7/5 1450/7/5
f 1452/6/5 1444/6/5 1451/6/5
f 1453/6/6 1454/6/6 1458/6/6
f 1454/5/6 1455/5/6 1458/5/6
f 1455/7/6 1456/7/6 1459/7/6
f 1458/5/6 1455/5/6 1459/5/6
f 1453/6/6 1458/6/6 1460/6/6
f 1458/4/6 1459/4/6 1460/4/6
f 1459/7/6 1456/7/6 1461/7/6
f 1460/4/6 1459/4/6 1461/4/6
f 1456/5/6 1457/5/6 1462/5/6
f 1461/7/6 1456/7/6 1462/7/6
f 1462/5/6 1457/5/6 1463/5/6
f 1453/6/6 1460/6/6 1464/6/6
f 1460/7/6 1461/7/6 1465/7/6
f 1464/6/6 1460/6/6 1465/6/6
f 1461/6/6 1462/6/6 1466/6/6
f 1465/7/6 1461/7/6 1466/7/6
f 1462/4/6 1463/4/6 1467/4/6
f 1466/6/6 1462/6/6 1467/6/6
f 1464/5/6 1465/5/6 1468/5/6
f 1465/8/6 1466/8/6 1469/8/6
f 1468/5/6 1465/5/6 1469/5/6
f 1466/7/6 1467/7/6 1470/7/6
f 1469/8/6 1466/8/6 1470/8/6
f 1467/4/6 1463/4/6 1471/4/6
f 1470/7/6 1467/7/6 1471/7/6
f 1471/4/6 1463/4/6 1472/4/6
f 1468/6/6 1469/6/6 1473/6/6
f 1469/7/6 1470/7/6 1474/7/6
f 1473/6/6 1469/6/6 1474/6/6
f 1470/7/6 1471/7/6 1474/7/6
f 1474/7/6 1471/7/6 1475/7/6
f 1474/6/6 1475/6/6 1476/6/6
f 1475/7/6 1471/7/6 1476/7/6
f 1471/5/6 1472/5/6 1477/5/6
f 1476/7/6 1471/7/6 1477/7/6
f 1477/5/6 1472/5/6 1478/5/6
f 1474/6/6 1476/6/6 1479/6/6
f 1473/5/6 1474/5/6 1479/5/6
f 1476/6/6 1477/6/6 1479/6/6
f 1479/6/6 1477/6/6 1480/6/6
f 1477/7/6 1478/7/6 1481/7/6
f 1480/6/6 1477/6/6 1481/6/6
f 1481/7/6 1478/7/6 1482/7/6
f 1479/5/6 1480/5/6 1483/5/6
f 1473/5/6 1479/5/6 1483/5/6
f 1480/7/6 1481/7/6 1484/7/6
f 1483/5/6 1480/5/6 1484/5/6
f 1483/7/6 1484/7/6 1485/7/6
f 1485/7/6 1484/7/6 1486/7/6
f 1484/7/6 1481/7/6 1487/7/6
f 1486/7/6 1484/7/6 1487/7/6
f 1481/6/6 1482/6/6 1488/6/6
f 1487/7/6 1481/7/6 1488/7/6
f 1488/6/6 1482/6/6 1489/6/6
f 1486/7/6 1487/7/6 1490/7/6
f 1485/6/6 1486/6/6 1490/6/6
f 1487/6/6 1488/6/6 1491/6/6
f 1490/7/6 1487/7/6 1491/7/6
f 1485/6/6 1490/6/6 1492/6/6
f 1490/5/6 1491/5/6 1492/5/6
f 1491/6/6 1488/6/6 1493/6/6
f 1492/5/6 1491/5/6 1493/5/6
f 1488/7/6 1489/7/6 1494/7/6
f 1493/6/6 1488/6/6 1494/6/6
f 1494/7/6 1489/7/6 1495/7/6
f 1492/6/6 1493/6/6 1496/6/6
f 1485/6/6 1492/6/6 1496/6/6
f 1494/6/6 1495/6/6 1496/6/6
f 1493/6/6 1494/6/6 1496/6/6
f 1496/6/6 1495/6/6 1497/6/6
f 1497/6/6 1495/6/6 1498/6/6
f 1498/6/6 1495/6/6 1499/6/6
f 1496/7/6 1497/7/6 1500/7/6
f 1500/7/6 1497/7/6 1501/7/6
f 1497/6/6 1498/6/6 1502/6/6
f 1498/5/6 1499/5/6 1502/5/6
f 1502/5/6 1499/5/6 1503/5/6
f 1501/7/6 1497/7/6 1504/7/6
f 1500/5/6 1501/5/6 1504/5/6
f 1502/6/6 1503/6/6 1505/6/6
f 1504/7/6 1497/7/6 1505/7/6
f 1497/6/6 1502/6/6 1505/6/6
f 1505/6/6 1503/6/6 1506/6/6
f 1506/6/6 1503/6/6 1507/6/6
f 1500/5/6 1504/5/6 1508/5/6
f 1504/6/6 1505/6/6 1509/6/6
f 1508/5/6 1504/5/6 1509/5/6
f 1505/6/6 1506/6/6 1509/6/6
f 1509/6/6 1506/6/6 1510/6/6
f 1506/5/6 1507/5/6 1511/5/6
f 1510/6/6 1506/6/6 1511/6/6
f 1511/5/6 1507/5/6 1512/5/6
f 1508/6/6 1509/6/6 1513/6/6
f 1509/7/6 1510/7/6 1514/7/6
f 1513/6/6 1509/6/6 1514/6/6
f 1510/6/6 1511/6/6 1515/6/6
f 1514/7/6 1510/7/6 1515/7/6
f 1511/7/6 1512/7/6 1516/7/6
f 1515/6/6 1511/6/6 1516/6/6
f 1515/8/6 1516/8/6 1517/8/6
f 1516/7/6 1512/7/6 1517/7/6
f 1517/7/6 1512/7/6 1518/7/6
f 1513/7/6 1514/7/6 1519/7/6
f 1514/7/6 1515/7/6 1519/7/6
f 1519/7/6 1515/7/6 1520/7/6
f 1515/8/6 1517/8/6 1521/8/6
f 1520/7/6 1515/7/6 1521/7/6
f 1517/6/6 1518/6/6 1522/6/6
f 1521/8/6 1517/8/6 1522/8/6
f 1520/7/6 1521/7/6 1523/7/6
f 1521/7/6 1522/7/6 1523/7/6
f 1522/6/6 1518/6/6 1524/6/6
f 1523/7/6 1522/7/6 1524/7/6
f 1520/7/6 1523/7/6 1525/7/6
f 1519/6/6 1520/6/6 1525/6/6
f 1523/8/6 1524/8/6 1526/8/6
f 1525/7/6 1523/7/6 1526/7/6
f 1524/6/6 1518/6/6 1527/6/6
f 1526/8/6 1524/8/6 1527/8/6
f 1525/6/6 1526/6/6 1528/6/6
f 1519/6/6 1525/6/6 1528/6/6
f 1526/7/6 1527/7/6 1529/7/6
f 1528/6/6 1526/6/6 1529/6/6
f 1528/7/6 1529/7/6 1530/7/6
f 1529/7/6 1527/7/6 1531/7/6
f 1530/7/6 1529/7/6 1531/7/6
f 1527/6/6 1518/6/6 1532/6/6
f 1531/7/6 1527/7/6 1532/7/6
f 1530/6/6 1531/6/6 1533/6/6
f 1531/8/6 1532/8/6 1533/8/6
f 1532/6/6 1518/6/6 1534/6/6
f 1533/8/6 1532/8/6 1534/8/6
f 1534/6/6 1518/6/6 1535/6/6
f 1530/6/6 1533/6/6 1536/6/6
f 1533/6/6 1534/6/6 1536/6/6
f 1536/6/6 1534/6/6 1537/6/6
f 1537/6/6 1534/6/6 1538/6/6
f 1534/5/6 1535/5/6 1539/5/6
f 1538/6/6 1534/6/6 1539/6/6
f 1539/5/6 1535/5/6 1540/5/6
f 1536/5/6 1537/5/6 1541/5/6
f 1537/6/6 1538/6/6 1542/6/6
f 1541/5/6 1537/5/6 1542/5/6
f 1541/7/6 1542/7/6 1543/7/6
f 1542/6/6 1538/6/6 1544/6/6
f 1543/7/6 1542/7/6 1544/7/6
f 1538/7/6 1539/7/6 1545/7/6
f 1544/6/6 1538/6/6 1545/6/6
f 1539/6/6 1540/6/6 1546/6/6
f 1545/7/6 1539/7/6 1546/7/6
f 1546/6/6 1540/6/6 1547/6/6
f 1543/5/6 1544/5/6 1548/5/6
f 1544/7/6 1545/7/6 1549/7/6
f 1548/5/6 1544/5/6 1549/5/6
f 1545/8/6 1546/8/6 1550/8/6
f 1549/7/6 1545/7/6 1550/7/6
f 1546/5/6 1547/5/6 1551/5/6
f 1550/8/6 1546/8/6 1551/8/6
f 1548/4/6 1549/4/6 1552/4/6
f 1549/7/6 1550/7/6 1553/7/6
f 1552/4/6 1549/4/6 1553/4/6
f 1550/7/6 1551/7/6 1553/7/6
f 1551/5/6 1547/5/6 1554/5/6
f 1553/7/6 1551/7/6 1554/7/6
f 1554/5/6 1547/5/6 1555/5/6
f 1552/5/6 1553/5/6 1556/5/6
f 1553/6/6 1554/6/6 1557/6/6
f 1556/5/6 1553/5/6 1557/5/6
f 1557/6/6 1554/6/6 1558/6/6
f 1554/4/6 1555/4/6 1559/4/6
f 1558/6/6 1554/6/6 1559/6/6
f 1559/4/6 1555/4/6 1560/4/6
f 1557/6/6 1558/6/6 1561/6/6
f 1556/6/6 1557/6/6 1561/6/6
f 1561/6/6 1558/6/6 1562/6/6
f 1558/8/6 1559/8/6 1563/8/6
f 1562/6/6 1558/6/6 1563/6/6
f 1559/5/6 1560/5/6 1564/5/6
f 1563/8/6 1559/8/6 1564/8/6
f 1564/5/6 1560/5/6 1565/5/6
f 1561/5/6 1562/5/6 1566/5/6
f 1562/8/6 1563/8/6 1567/8/6
f 1566/5/6 1562/5/6 1567/5/6
f 1563/7/6 1564/7/6 1568/7/6
f 1564/6/6 1565/6/6 1568/6/6
f 1568/6/6 1565/6/6 1569/6/6
f 1566/6/6 1567/6/6 1570/6/6
f 1567/8/6 1563/8/6 1571/8/6
f 1570/6/6 1567/6/6 1571/6/6
f 1563/7/6 1568/7/6 1572/7/6
f 1571/8/6 1563/8/6 1572/8/6
f 1568/5/6 1569/5/6 1573/5/6
f 1572/7/6 1568/7/6 1573/7/6
f 1573/5/6 1569/5/6 1574/5/6
f 1571/6/6 1572/6/6 1575/6/6
f 1572/8/6 1573/8/6 1575/8/6
f 1573/4/6 1574/4/6 1576/4/6
f 1575/8/6 1573/8/6 1576/8/6
f 1576/4/6 1574/4/6 1577/4/6
f 1570/5/6 1571/5/6 1578/5/6
f 1571/6/6 1575/6/6 1578/6/6
f 1575/7/6 1576/7/6 1579/7/6
f 1578/6/6 1575/6/6 1579/6/6
f 1576/5/6 1577/5/6 1580/5/6
f 1579/7/6 1576/7/6 1580/7/6
f 1570/5/6 1578/5/6 1581/5/6
f 1578/7/6 1579/7/6 1582/7/6
f 1581/5/6 1578/5/6 1582/5/6
f 1579/6/6 1580/6/6 1583/6/6
f 1582/7/6 1579/7/6 1583/7/6
f 1580/5/6 1577/5/6 1584/5/6
f 1583/6/6 1580/6/6 1584/6/6
f 1582/6/6 1583/6/6 1585/6/6
f 1581/6/6 1582/6/6 1585/6/6
f 1585/6/6 1583/6/6 1586/6/6
f 1583/8/6 1584/8/6 1587/8/6
f 1586/6/6 1583/6/6 1587/6/6
f 1584/5/6 1577/5/6 1588/5/6
f 1587/8/6 1584/8/6 1588/8/6
f 1588/5/6 1577/5/6 1589/5/6
f 1585/5/6 1586/5/6 1590/5/6
f 1586/6/6 1587/6/6 1591/6/6
f 1590/5/6 1586/5/6 1591/5/6
f 1587/6/6 1588/6/6 1591/6/6
f 1591/6/6 1588/6/6 1592/6/6
f 1588/4/6 1589/4/6 1593/4/6
f 1592/6/6 1588/6/6 1593/6/6
f 1591/4/6 1592/4/6 1594/4/6
f 1590/6/6 1591/6/6 1594/6/6
f 1592/5/6 1593/5/6 1595/5/6
f 1594/4/6 1592/4/6 1595/4/6
f 1593/4/6 1589/4/6 1596/4/6
f 1595/5/6 1593/5/6 1596/5/6
f 1594/5/6 1595/5/6 1597/5/6
f 1595/6/6 1596/6/6 1597/6/6
f 1596/4/6 1589/4/6 1598/4/6
f 1597/6/6 1596/6/6 1598/6/6
f 1598/4/6 1589/4/6 1599/4/6
f 1590/6/6 1594/6/6 1600/6/6
f 1594/5/6 1597/5/6 1601/5/6
f 1600/6/6 1594/6/6 1601/6/6
f 1597/5/6 1598/5/6 1601/5/6
f 1598/5/6 1599/5/6 1601/5/6
f 1601/5/6 1599/5/6 1602/5/6
f 1602/5/6 1599/5/6 1603/5/6
f 1600/4/6 1601/4/6 1604/4/6
f 1601/4/6 1602/4/6 1604/4/6
f 1604/4/6 1602/4/6 1605/4/6
f 1602/6/6 1603/6/6 1606/6/6
f 1605/4/6 1602/4/6 1606/4/6
f 1606/6/6 1603/6/6 1607/6/6
f 1604/5/6 1605/5/6 1608/5/6
f 1605/4/6 1606/4/6 1608/4/6
f 1606/5/6 1607/5/6 1609/5/6
f 1608/4/6 1606/4/6 1609/4/6
f 1607/6/6 1603/6/6 1610/6/6
f 1609/5/6 1607/5/6 1610/5/6
f 1610/6/6 1603/6/6 1611/6/6
f 1608/5/6 1609/5/6 1612/5/6
f 1604/5/6 1608/5/6 1612/5/6
f 1612/5/6 1609/5/6 1613/5/6
f 1609/6/6 1610/6/6 1614/6/6
f 1613/5/6 1609/5/6 1614/5/6
f 1610/5/6 1611/5/6 1615/5/6
f 1614/6/6 1610/6/6 1615/6/6
f 1615/5/6 1611/5/6 1616/5/6
f 1612/6/6 1613/6/6 1617/6/6
f 1613/5/6 1614/5/6 1618/5/6
f 1617/6/6 1613/6/6 1618/6/6
f 1614/5/6 1615/5/6 1618/5/6
f 1615/6/6 1616/6/6 1619/6/6
f 1618/5/6 1615/5/6 1619/5/6
f 1619/6/6 1616/6/6 1620/6/6
f 1617/5/6 1618/5/6 1621/5/6
f 1618/5/6 1619/5/6 1621/5/6
f 1619/5/6 1620/5/6 1621/5/6
f 1621/5/6 1620/5/6 1622/5/6
f 1622/5/6 1620/5/6 1623/5/6
f 1623/5/6 1620/5/6 1624/5/6
f 1621/6/6 1622/6/6 1625/6/6
f 1622/5/6 1623/5/6 1626/5/6
f 1625/6/6 1622/6/6 1626/6/6
f 1623/4/6 1624/4/6 1627/4/6
f 1626/5/6 1623/5/6 1627/5/6
f 1627/4/6 1624/4/6 1628/4/6
f 1621/6/6 1625/6/6 1629/6/6
f 1625/5/6 1626/5/6 1629/5/6
f 1627/7/6 1628/7/6 1630/7/6
f 1629/5/6 1626/5/6 1630/5/6
f 1626/7/6 1627/7/6 1630/7/6
f 1621/6/6 1629/6/6 1631/6/6
f 1629/6/6 1630/6/6 1631/6/6
f 1631/6/6 1630/6/6 1632/6/6
f 1630/7/6 1628/7/6 1633/7/6
f 1632/6/6 1630/6/6 1633/6/6
f 1633/7/6 1628/7/6 1634/7/6
f 1634/7/6 1628/7/6 1635/7/6
f 1631/5/6 1632/5/6 1636/5/6
f 1632/6/6 1633/6/6 1636/6/6
f 1633/8/6 1634/8/6 1637/8/6
f 1636/6/6 1633/6/6 1637/6/6
f 1634/6/6 1635/6/6 1638/6/6
f 1637/8/6 1634/8/6 1638/8/6
f 1638/6/6 1635/6/6 1639/6/6
f 1636/5/6 1637/5/6 1640/5/6
f 1631/5/6 1636/5/6 1640/5/6
f 1637/6/6 1638/6/6 1641/6/6
f 1640/5/6 1637/5/6 1641/5/6
f 1638/7/6 1639/7/6 1642/7/6
f 1641/6/6 1638/6/6 1642/6/6
f 1642/7/6 1639/7/6 1643/7/6
f 1631/5/6 1640/5/6 1644/5/6
f 1640/6/6 1641/6/6 1645/6/6
f 1644/5/6 1640/5/6 1645/5/6
f 1641/7/6 1642/7/6 1646/7/6
f 1645/6/6 1641/6/6 1646/6/6
f 1642/5/6 1643/5/6 1647/5/6
f 1646/7/6 1642/7/6 1647/7/6
f 1647/5/6 1643/5/6 1648/5/6
f 1644/6/6 1645/6/6 1649/6/6
f 1645/5/6 1646/5/6 1650/5/6
f 1649/6/6 1645/6/6 1650/6/6
f 1646/6/6 1647/6/6 1651/6/6
f 1650/5/6 1646/5/6 1651/5/6
f 1647/6/6 1648/6/6 1651/6/6
f 1651/6/6 1648/6/6 1652/6/6
f 1649/4/6 1650/4/6 1653/4/6
f 1650/6/6 1651/6/6 1654/6/6
f 1653/4/6 1650/4/6 1654/4/6
f 1651/7/6 1652/7/6 1655/7/6
f 1654/6/6 1651/6/6 1655/6/6
f 1655/7/6 1652/7/6 1656/7/6
f 1656/7/6 1652/7/6 1657/7/6
f 1653/6/6 1654/6/6 1658/6/6
f 1654/5/6 1655/5/6 1658/5/6
f 1655/7/6 1656/7/6 1659/7/6
f 1658/5/6 1655/5/6 1659/5/6
f 1653/6/6 1658/6/6 1660/6/6
f 1658/7/6 1659/7/6 1661/7/6
f 1660/6/6 1658/6/6 1661/6/6
f 1660/5/6 1661/5/6 1662/5/6
f 1661/7/6 1659/7/6 1663/7/6
f 1662/5/6 1661/5/6 1663/5/6
f 1659/7/6 1656/7/6 1664/7/6
f 1663/7/6 1659/7/6 1664/7/6
f 1656/5/6 1657/5/6 1665/5/6
f 1664/7/6 1656/7/6 1665/7/6
f 1665/5/6 1657/5/6 1666/5/6
f 1662/6/6 1663/6/6 1667/6/6
f 1663/8/6 1664/8/6 1668/8/6
f 1667/6/6 1663/6/6 1668/6/6
f 1664/6/6 1665/6/6 1669/6/6
f 1668/8/6 1664/8/6 1669/8/6
f 1665/7/6 1666/7/6 1670/7/6
f 1669/6/6 1665/6/6 1670/6/6
f 1670/7/6 1666/7/6 1671/7/6
f 1669/6/6 1670/6/6 1672/6/6
f 1670/6/6 1671/6/6 1672/6/6
f 1672/6/6 1671/6/6 1673/6/6
f 1667/5/6 1668/5/6 1674/5/6
f 1668/7/6 1669/7/6 1674/7/6
f 1669/6/6 1672/6/6 1675/6/6
f 1674/7/6 1669/7/6 1675/7/6
f 1672/7/6 1673/7/6 1676/7/6
f 1675/6/6 1672/6/6 1676/6/6
f 1667/5/6 1674/5/6 1677/5/6
f 1674/8/6 1675/8/6 1678/8/6
f 1677/5/6 1674/5/6 1678/5/6
f 1675/7/6 1676/7/6 1679/7/6
f 1678/8/6 1675/8/6 1679/8/6
f 1676/7/6 1673/7/6 1680/7/6
f 1679/7/6 1676/7/6 1680/7/6
f 1678/6/6 1679/6/6 1681/6/6
f 1677/6/6 1678/6/6 1681/6/6
f 1679/6/6 1680/6/6 1681/6/6
f 1681/6/6 1680/6/6 1682/6/6
f 1680/7/6 1673/7/6 1683/7/6
f 1682/6/6 1680/6/6 1683/6/6
f 1683/7/6 1673/7/6 1684/7/6
f 1677/6/6 1681/6/6 1685/6/6
f 1681/8/6 1682/8/6 1686/8/6
f 1685/6/6 1681/6/6 1686/6/6
f 1682/7/6 1683/7/6 1687/7/6
f 1686/8/6 1682/8/6 1687/8/6
f 1683/8/6 1684/8/6 1688/8/6
f 1687/7/6 1683/7/6 1688/7/6
f 1688/8/6 1684/8/6 1689/8/6
f 1685/5/6 1686/5/6 1690/5/6
f 1686/8/6 1687/8/6 1690/8/6
f 1687/6/6 1688/6/6 1691/6/6
f 1690/8/6 1687/8/6 1691/8/6
f 1685/5/6 1690/5/6 1692/5/6
f 1690/7/6 1691/7/6 1693/7/6
f 1692/5/6 1690/5/6 1693/5/6
f 1691/6/6 1688/6/6 1694/6/6
f 1693/7/6 1691/7/6 1694/7/6
f 1688/7/6 1689/7/6 1695/7/6
f 1694/6/6 1688/6/6 1695/6/6
f 1692/6/6 1693/6/6 1696/6/6
f 1693/7/6 1694/7/6 1697/7/6
f 1696/6/6 1693/6/6 1697/6/6
f 1694/7/6 1695/7/6 1697/7/6
f 1697/7/6 1695/7/6 1698/7/6
f 1695/7/6 1689/7/6 1699/7/6
f 1698/7/6 1695/7/6 1699/7/6
f 1699/7/6 1689/7/6 1700/7/6
f 1696/5/6 1697/5/6 1701/5/6
f 1697/8/6 1698/8/6 1702/8/6
f 1701/5/6 1697/5/6 1702/5/6
f 1698/5/6 1699/5/6 1703/5/6
f 1702/8/6 1698/8/6 1703/8/6
f 1699/6/6 1700/6/6 1704/6/6
f 1703/5/6 1699/5/6 1704/5/6
f 1704/6/6 1700/6/6 1705/6/6
f 1702/7/6 1703/7/6 1706/7/6
f 1703/6/6 1704/6/6 1706/6/6
f 1704/7/6 1705/7/6 1707/7/6
f 1706/6/6 1704/6/6 1707/6/6
f 1701/6/6 1702/6/6 1708/6/6
f 1702/7/6 1706/7/6 1709/7/6
f 1708/6/6 1702/6/6 1709/6/6
f 1706/5/6 1707/5/6 1710/5/6
f 1709/7/6 1706/7/6 1710/7/6
f 1707/7/6 1705/7/6 1711/7/6
f 1710/5/6 1707/5/6 1711/5/6
f 1711/7/6 1705/7/6 1712/7/6
f 1708/7/6 1709/7/6 1713/7/6
f 1709/6/6 1710/6/6 1714/6/6
f 1713/7/6 1709/7/6 1714/7/6
f 1710/5/6 1711/5/6 1715/5/6
f 1714/6/6 1710/6/6 1715/6/6
f 1711/6/6 1712/6/6 1716/6/6
f 1715/5/6 1711/5/6 1716/5/6
f 1716/6/6 1712/6/6 1717/6/6
f 1713/5/6 1714/5/6 1718/5/6
f 1714/7/6 1715/7/6 1719/7/6
f 1718/5/6 1714/5/6 1719/5/6
f 1715/6/6 1716/6/6 1720/6/6
f 1719/7/6 1715/7/6 1720/7/6
f 1718/6/6 1719/6/6 1721/6/6
f 1719/6/6 1720/6/6 1721/6/6
f 1720/6/6 1716/6/6 1722/6/6
f 1721/6/6 1720/6/6 1722/6/6
f 1716/4/6 1717/4/6 1723/4/6
f 1722/6/6 1716/6/6 1723/6/6
f 1718/6/6 1721/6/6 1724/6/6
f 1721/7/6 1722/7/6 1724/7/6
f 1722/5/6 1723/5/6 1725/5/6
f 1724/7/6 1722/7/6 1725/7/6
f 1718/6/6 1724/6/6 1726/6/6
f 1724/8/6 1725/8/6 1726/8/6
f 1725/5/6 1723/5/6 1727/5/6
f 1726/8/6 1725/8/6 1727/8/6
f 1723/4/6 1717/4/6 1728/4/6
f 1727/5/6 1723/5/6 1728/5/6
f 1728/4/6 1717/4/6 1729/4/6
f 1718/6/6 1726/6/6 1730/6/6
f 1726/7/6 1727/7/6 1731/7/6
f 1730/6/6 1726/6/6 1731/6/6
f 1727/5/6 1728/5/6 1732/5/6
f 1731/7/6 1727/7/6 1732/7/6
f 1728/5/6 1729/5/6 1732/5/6
f 1732/5/6 1729/5/6 1733/5/6
f 1730/5/6 1731/5/6 1734/5/6
f 1731/7/6 1732/7/6 1735/7/6
f 1734/5/6 1731/5/6 1735/5/6
f 1732/6/6 1733/6/6 1736/6/6
f 1735/7/6 1732/7/6 1736/7/6
f 1733/5/6 1729/5/6 1737/5/6
f 1736/6/6 1733/6/6 1737/6/6
f 1737/5/6 1729/5/6 1738/5/6
f 1734/6/6 1735/6/6 1739/6/6
f 1735/8/6 1736/8/6 1740/8/6
f 1739/6/6 1735/6/6 1740/6/6
f 1736/7/6 1737/7/6 1741/7/6
f 1740/8/6 1736/8/6 1741/8/6
f 1737/4/6 1738/4/6 1742/4/6
f 1741/7/6 1737/7/6 1742/7/6
f 1739/5/6 1740/5/6 1743/5/6
f 1740/7/6 1741/7/6 1743/7/6
f 1741/5/6 1742/5/6 1744/5/6
f 1743/7/6 1741/7/6 1744/7/6
f 1739/5/6 1743/5/6 1745/5/6
f 1743/6/6 1744/6/6 1746/6/6
f 1745/5/6 1743/5/6 1746/5/6
f 1744/5/6 1742/5/6 1747/5/6
f 1746/6/6 1744/6/6 1747/6/6
f 1742/4/6 1738/4/6 1748/4/6
f 1747/5/6 1742/5/6 1748/5/6
f 1748/4/6 1738/4/6 1749/4/6
f 1745/6/6 1746/6/6 1750/6/6
f 1746/7/6 1747/7/6 1751/7/6
f 1750/6/6 1746/6/6 1751/6/6
f 1747/5/6 1748/5/6 1752/5/6
f 1751/7/6 1747/7/6 1752/7/6
f 1748/7/6 1749/7/6 1753/7/6
f 1752/5/6 1748/5/6 1753/5/6
f 1753/7/6 1749/7/6 1754/7/6
f 1750/5/6 1751/5/6 1755/5/6
f 1751/7/6 1752/7/6 1756/7/6
f 1755/5/6 1751/5/6 1756/5/6
f 1752/6/6 1753/6/6 1757/6/6
f 1756/7/6 1752/7/6 1757/7/6
f 1753/8/6 1754/8/6 1758/8/6
f 1757/6/6 1753/6/6 1758/6/6
f 1758/8/6 1754/8/6 1759/8/6
f 1755/6/6 1756/6/6 1760/6/6
f 1756/6/6 1757/6/6 1760/6/6
f 1760/6/6 1757/6/6 1761/6/6
f 1758/6/6 1759/6/6 1762/6/6
f 1757/7/6 1758/7/6 1762/7/6
f 1762/6/6 1759/6/6 1763/6/6
f 1760/5/6 1761/5/6 1764/5/6
f 1761/6/6 1757/6/6 1765/6/6
f 1764/5/6 1761/5/6 1765/5/6
f 1757/7/6 1762/7/6 1766/7/6
f 1765/6/6 1757/6/6 1766/6/6
f 1762/7/6 1763/7/6 1766/7/6
f 1766/7/6 1763/7/6 1767/7/6
f 1764/6/6 1765/6/6 1768/6/6
f 1765/8/6 1766/8/6 1768/8/6
f 1766/6/6 1767/6/6 1769/6/6
f 1768/8/6 1766/8/6 1769/8/6
f 1769/6/6 1767/6/6 1770/6/6
f 1764/6/6 1768/6/6 1771/6/6
f 1768/6/6 1769/6/6 1771/6/6
f 1771/6/6 1769/6/6 1772/6/6
f 1771/7/6 1772/7/6 1773/7/6
f 1772/6/6 1769/6/6 1774/6/6
f 1773/7/6 1772/7/6 1774/7/6
f 1769/7/6 1770/7/6 1775/7/6
f 1774/6/6 1769/6/6 1775/6/6
f 1775/7/6 1770/7/6 1776/7/6
f 1773/5/6 1774/5/6 1777/5/6
f 1774/6/6 1775/6/6 1778/6/6
f 1777/5/6 1774/5/6 1778/5/6
f 1775/6/6 1776/6/6 1778/6/6
f 1778/6/6 1776/6/6 1779/6/6
f 1779/6/6 1776/6/6 1780/6/6
f 1780/6/6 1776/6/6 1781/6/6
f 1777/6/6 1778/6/6 1782/6/6
f 1778/8/6 1779/8/6 1782/8/6
f 1779/5/6 1780/5/6 1783/5/6
f 1782/8/6 1779/8/6 1783/8/6
f 1780/7/6 1781/7/6 1784/7/6
f 1783/5/6 1780/5/6 1784/5/6
f 1784/7/6 1781/7/6 1785/7/6
f 1782/7/6 1783/7/6 1786/7/6
f 1777/6/6 1782/6/6 1786/6/6
f 1784/6/6 1785/6/6 1787/6/6
f 1786/7/6 1783/7/6 1787/7/6
f 1783/6/6 1784/6/6 1787/6/6
f 1787/6/6 1785/6/6 1788/6/6
f 1788/6/6 1785/6/6 1789/6/6
f 1777/6/6 1786/6/6 1790/6/6
f 1786/4/6 1787/4/6 1791/4/6
f 1790/6/6 1786/6/6 1791/6/6
f 1787/5/6 1788/5/6 1792/5/6
f 1791/4/6 1787/4/6 1792/4/6
f 1788/7/6 1789/7/6 1793/7/6
f 1792/5/6 1788/5/6 1793/5/6
f 1790/7/6 1791/7/6 1794/7/6
f 1791/4/6 1792/4/6 1795/4/6
f 1794/7/6 1791/7/6 1795/7/6
f 1792/4/6 1793/4/6 1795/4/6
f 1795/4/6 1793/4/6 1796/4/6
f 1793/7/6 1789/7/6 1797/7/6
f 1796/4/6 1793/4/6 1797/4/6
f 1794/6/6 1795/6/6 1798/6/6
f 1795/4/6 1796/4/6 1799/4/6
f 1798/6/6 1795/6/6 1799/6/6
f 1796/5/6 1797/5/6 1800/5/6
f 1799/4/6 1796/4/6 1800/4/6
f 1797/7/6 1789/7/6 1801/7/6
f 1800/5/6 1797/5/6 1801/5/6
f 1799/5/6 1800/5/6 1802/5/6
f 1798/5/6 1799/5/6 1802/5/6
f 1802/5/6 1800/5/6 1803/5/6
f 1800/4/6 1801/4/6 1804/4/6
f 1803/5/6 1800/5/6 1804/5/6
f 1802/7/6 1803/7/6 1805/7/6
f 1803/4/6 1804/4/6 1806/4/6
f 1805/7/6 1803/7/6 1806/7/6
f 1801/7/6 1789/7/6 1807/7/6
f 1806/4/6 1804/4/6 1807/4/6
f 1804/4/6 1801/4/6 1807/4/6
f 1805/6/6 1806/6/6 1808/6/6
f 1806/5/6 1807/5/6 1809/5/6
f 1808/6/6 1806/6/6 1809/6/6
f 1809/5/6 1807/5/6 1810/5/6
f 1807/7/6 1789/7/6 1811/7/6
f 1810/5/6 1807/5/6 1811/5/6
f 1811/7/6 1789/7/6 1812/7/6
f 1809/5/6 1810/5/6 1813/5/6
f 1808/5/6 1809/5/6 1813/5/6
f 1813/5/6 1810/5/6 1814/5/6
f 1811/6/6 1812/6/6 1815/6/6
f 1814/5/6 1810/5/6 1815/5/6
f 1810/6/6 1811/6/6 1815/6/6
f 1815/6/6 1812/6/6 1816/6/6
f 1813/6/6 1814/6/6 1817/6/6
f 1814/4/6 1815/4/6 1818/4/6
f 1817/6/6 1814/6/6 1818/6/6
f 1815/7/6 1816/7/6 1819/7/6
f 1818/4/6 1815/4/6 1819/4/6
f 1816/6/6 1812/6/6 1820/6/6
f 1819/7/6 1816/7/6 1820/7/6
f 1820/6/6 1812/6/6 1821/6/6
f 1818/5/6 1819/5/6 1822/5/6
f 1817/5/6 1818/5/6 1822/5/6
f 1819/6/6 1820/6/6 1822/6/6
f 1820/7/6 1821/7/6 1823/7/6
f 1822/6/6 1820/6/6 1823/6/6
f 1823/7/6 1821/7/6 1824/7/6
f 1817/5/6 1822/5/6 1825/5/6
f 1822/7/6 1823/7/6 1826/7/6
f 1825/5/6 1822/5/6 1826/5/6
f 1823/6/6 1824/6/6 1827/6/6
f 1826/7/6 1823/7/6 1827/7/6
f 1825/6/6 1826/6/6 1828/6/6
f 1826/6/6 1827/6/6 1828/6/6
f 1828/6/6 1827/6/6 1829/6/6
f 1829/6/6 1827/6/6 1830/6/6
f 1827/6/6 1824/6/6 1831/6/6
f 1830/6/6 1827/6/6 1831/6/6
f 1828/7/6 1829/7/6 1832/7/6
f 1829/5/6 1830/5/6 1833/5/6
f 1832/7/6 1829/7/6 1833/7/6
f 1830/7/6 1831/7/6 1834/7/6
f 1833/5/6 1830/5/6 1834/5/6
f 1831/6/6 1824/6/6 1835/6/6
f 1834/7/6 1831/7/6 1835/7/6
f 1835/6/6 1824/6/6 1836/6/6
f 1833/6/6 1834/6/6 1837/6/6
f 1832/6/6 1833/6/6 1837/6/6
f 1834/6/6 1835/6/6 1837/6/6
f 1837/6/6 1835/6/6 1838/6/6
f 1835/5/6 1836/5/6 1839/5/6
f 1838/6/6 1835/6/6 1839/6/6
f 1839/5/6 1836/5/6 1840/5/6
f 1837/5/6 1838/5/6 1841/5/6
f 1841/5/6 1838/5/6 1842/5/6
f 1838/8/6 1839/8/6 1843/8/6
f 1842/5/6 1838/5/6 1843/5/6
f 1839/4/6 1840/4/6 1844/4/6
f 1843/8/6 1839/8/6 1844/8/6
f 1844/4/6 1840/4/6 1845/4/6
f 1842/5/6 1843/5/6 1846/5/6
f 1843/7/6 1844/7/6 1846/7/6
f 1844/6/6 1845/6/6 1847/6/6
f 1846/7/6 1844/7/6 1847/7/6
f 1847/6/6 1845/6/6 1848/6/6
f 1841/7/6 1842/7/6 1849/7/6
f 1842/5/6 1846/5/6 1850/5/6
f 1849/7/6 1842/7/6 1850/7/6
f 1846/6/6 1847/6/6 1851/6/6
f 1850/5/6 1846/5/6 1851/5/6
f 1849/6/6 1850/6/6 1852/6/6
f 1850/4/6 1851/4/6 1852/4/6
f 1851/6/6 1847/6/6 1853/6/6
f 1852/4/6 1851/4/6 1853/4/6
f 1847/5/6 1848/5/6 1854/5/6
f 1853/6/6 1847/6/6 1854/6/6
f 1854/5/6 1848/5/6 1855/5/6
f 1849/6/6 1852/6/6 1856/6/6
f 1852/8/6 1853/8/6 1857/8/6
f 1856/6/6 1852/6/6 1857/6/6
f 1856/5/6 1857/5/6 1858/5/6
f 1857/8/6 1853/8/6 1859/8/6
f 1858/5/6 1857/5/6 1859/5/6
f 1853/7/6 1854/7/6 1860/7/6
f 1859/8/6 1853/8/6 1860/8/6
f 1854/6/6 1855/6/6 1861/6/6
f 1860/7/6 1854/7/6 1861/7/6
f 1858/6/6 1859/6/6 1862/6/6
f 1859/8/6 1860/8/6 1862/8/6
f 1860/6/6 1861/6/6 1863/6/6
f 1862/8/6 1860/8/6 1863/8/6
f 1861/6/6 1855/6/6 1864/6/6
f 1863/6/6 1861/6/6 1864/6/6
f 1864/6/6 1855/6/6 1865/6/6
f 1862/6/6 1863/6/6 1866/6/6
f 1858/6/6 1862/6/6 1866/6/6
f 1863/6/6 1864/6/6 1866/6/6
f 1866/6/6 1864/6/6 1867/6/6
f 1864/7/6 1865/7/6 1868/7/6
f 1867/6/6 1864/6/6 1868/6/6
f 1868/7/6 1865/7/6 1869/7/6
f 1858/6/6 1866/6/6 1870/6/6
f 1866/8/6 1867/8/6 1871/8/6
f 1870/6/6 1866/6/6 1871/6/6
f 1867/7/6 1868/7/6 1872/7/6
f 1871/8/6 1867/8/6 1872/8/6
f 1868/5/6 1869/5/6 1873/5/6
f 1872/7/6 1868/7/6 1873/7/6
f 1873/5/6 1869/5/6 1874/5/6
f 1870/7/6 1871/7/6 1875/7/6
f 1871/6/6 1872/6/6 1876/6/6
f 1875/7/6 1871/7/6 1876/7/6
f 1872/8/6 1873/8/6 1877/8/6
f 1876/6/6 1872/6/6 1877/6/6
f 1873/6/6 1874/6/6 1878/6/6
f 1877/8/6 1873/8/6 1878/8/6
f 1878/6/6 1874/6/6 1879/6/6
f 1875/5/6 1876/5/6 1880/5/6
f 1876/7/6 1877/7/6 1881/7/6
f 1880/5/6 1876/5/6 1881/5/6
f 1877/8/6 1878/8/6 1882/8/6
f 1881/7/6 1877/7/6 1882/7/6
f 1878/5/6 1879/5/6 1883/5/6
f 1882/8/6 1878/8/6 1883/8/6
f 1880/7/6 1881/7/6 1884/7/6
f 1881/7/6 1882/7/6 1884/7/6
f 1882/6/6 1883/6/6 1884/6/6
f 1883/5/6 1879/5/6 1885/5/6
f 1884/6/6 1883/6/6 1885/6/6
f 1885/5/6 1879/5/6 1886/5/6
f 1880/7/6 1884/7/6 1887/7/6
f 1887/7/6 1884/7/6 1888/7/6
f 1884/8/6 1885/8/6 1889/8/6
f 1888/7/6 1884/7/6 1889/7/6
f 1885/6/6 1886/6/6 1890/6/6
f 1889/8/6 1885/8/6 1890/8/6
f 1887/6/6 1888/6/6 1891/6/6
f 1888/7/6 1889/7/6 1892/7/6
f 1891/6/6 1888/6/6 1892/6/6
f 1889/6/6 1890/6/6 1893/6/6
f 1892/7/6 1889/7/6 1893/7/6
f 1890/6/6 1886/6/6 1894/6/6
f 1893/6/6 1890/6/6 1894/6/6
f 1891/5/6 1892/5/6 1895/5/6
f 1892/8/6 1893/8/6 1896/8/6
f 1895/5/6 1892/5/6 1896/5/6
f 1893/5/6 1894/5/6 1897/5/6
f 1896/8/6 1893/8/6 1897/8/6
f 1894/6/6 1886/6/6 1898/6/6
f 1897/5/6 1894/5/6 1898/5/6
f 1898/6/6 1886/6/6 1899/6/6
f 1896/7/6 1897/7/6 1900/7/6
f 1895/7/6 1896/7/6 1900/7/6
f 1900/7/6 1897/7/6 1901/7/6
f 1897/5/6 1898/5/6 1902/5/6
f 1901/7/6 1897/7/6 1902/7/6
f 1898/7/6 1899/7/6 1903/7/6
f 1902/5/6 1898/5/6 1903/5/6
f 1903/7/6 1899/7/6 1904/7/6
f 1900/6/6 1901/6/6 1905/6/6
f 1901/8/6 1902/8/6 1906/8/6
f 1905/6/6 1901/6/6 1906/6/6
f 1902/6/6 1903/6/6 1907/6/6
f 1906/8/6 1902/8/6 1907/8/6
f 1903/5/6 1904/5/6 1908/5/6
f 1907/6/6 1903/6/6 1908/6/6
f 1908/5/6 1904/5/6 1909/5/6
f 1905/7/6 1906/7/6 1910/7/6
f 1906/7/6 1907/7/6 1910/7/6
f 1910/7/6 1907/7/6 1911/7/6
f 1907/5/6 1908/5/6 1912/5/6
f 1911/7/6 1907/7/6 1912/7/6
f 1908/6/6 1909/6/6 1913/6/6
f 1912/5/6 1908/5/6 1913/5/6
f 1910/6/6 1911/6/6 1914/6/6
f 1911/8/6 1912/8/6 1915/8/6
f 1914/6/6 1911/6/6 1915/6/6
f 1912/6/6 1913/6/6 1916/6/6
f 1915/8/6 1912/8/6 1916/8/6
f 1913/6/6 1909/6/6 1917/6/6
f 1916/6/6 1913/6/6 1917/6/6
f 1917/6/6 1909/6/6 1918/6/6
f 1914/5/6 1915/5/6 1919/5/6
f 1915/7/6 1916/7/6 1920/7/6
f 1919/5/6 1915/5/6 1920/5/6
f 1916/6/6 1917/6/6 1921/6/6
f 1920/7/6 1916/7/6 1921/7/6
f 1917/5/6 1918/5/6 1922/5/6
f 1921/6/6 1917/6/6 1922/6/6
f 1922/5/6 1918/5/6 1923/5/6
f 1919/6/6 1920/6/6 1924/6/6
f 1920/7/6 1921/7/6 1925/7/6
f 1924/6/6 1920/6/6 1925/6/6
f 1921/5/6 1922/5/6 1926/5/6
f 1925/7/6 1921/7/6 1926/7/6
f 1922/6/6 1923/6/6 1927/6/6
f 1926/5/6 1922/5/6 1927/5/6
f 1927/6/6 1923/6/6 1928/6/6
f 1924/5/6 1925/5/6 1929/5/6
f 1925/6/6 1926/6/6 1930/6/6
f 1929/5/6 1925/5/6 1930/5/6
f 1926/5/6 1927/5/6 1931/5/6
f 1930/6/6 1926/6/6 1931/6/6
f 1927/5/6 1928/5/6 1931/5/6
f 1931/5/6 1928/5/6 1932/5/6
f 1932/5/6 1928/5/6 1933/5/6
f 1929/6/6 1930/6/6 1934/6/6
f 1930/5/6 1931/5/6 1935/5/6
f 1934/6/6 1930/6/6 1935/6/6
f 1931/5/6 1932/5/6 1935/5/6
f 1932/6/6 1933/6/6 1936/6/6
f 1935/5/6 1932/5/6 1936/5/6
f 1936/6/6 1933/6/6 1937/6/6
