# MagicaVoxel @ Ephtracy

# group
o wood-light-6x6

# material
mtllib beams-12-wood-light-6x6.mtl
usemtl palette

# normals
vn -1 0 0
vn 1 0 0
vn 0 0 1
vn 0 0 -1
vn 0 -1 0
vn 0 1 0

# texcoords
vt 0.251953 0.5
vt 0.255859 0.5
vt 0.259766 0.5
vt 0.263672 0.5
vt 0.267578 0.5
vt 0.271484 0.5
vt 0.275391 0.5
vt 0.279297 0.5

# verts
v -0.7 0.1 6.3
v -0.7 0.1 6.2
v -0.7 0.1 6.1
v -0.7 0.1 6
v -0.7 0.1 5.9
v -0.7 0.1 5.8
v -0.7 0.1 5.7
v -0.7 0.1 5.6
v -0.7 0.1 5.4
v -0.7 0.1 5.2
v -0.7 0.1 4.9
v -0.7 0.1 4.7
v -0.7 0.1 4.6
v -0.7 0.1 4.5
v -0.7 0.1 4.3
v -0.7 0.1 4.2
v -0.7 0.1 4.1
v -0.7 0.1 3.9
v -0.7 0.1 3.8
v -0.7 0.1 3.7
v -0.7 0.1 3.6
v -0.7 0.1 3.5
v -0.7 0.1 3.4
v -0.7 0.1 3.3
v -0.7 0.1 3.2
v -0.7 0.1 3.1
v -0.7 0.1 2.5
v -0.7 0.1 2.4
v -0.7 0.1 2.3
v -0.7 0.1 2.1
v -0.7 0.1 2
v -0.7 0.1 1.9
v -0.7 0.1 1.8
v -0.7 0.1 1.7
v -0.7 0.1 1.1
v -0.7 0.1 1
v -0.7 0.1 0.2
v -0.7 0.1 0.1
v -0.7 0.1 -0.2
v -0.7 0.1 -0.4
v -0.7 0.1 -0.6
v -0.7 0.1 -0.7
v -0.7 0.1 -1.1
v -0.7 0.1 -1.2
v -0.7 0.1 -1.3
v -0.7 0.1 -1.4
v -0.7 0.1 -1.5
v -0.7 0.1 -1.6
v -0.7 0.1 -1.7
v -0.7 0.1 -1.9
v -0.7 0.1 -2
v -0.7 0.1 -2.3
v -0.7 0.1 -2.4
v -0.7 0.1 -2.5
v -0.7 0.1 -2.9
v -0.7 0.1 -3
v -0.7 0.1 -3.1
v -0.7 0.1 -3.2
v -0.7 0.1 -3.3
v -0.7 0.1 -3.4
v -0.7 0.1 -3.5
v -0.7 0.1 -3.6
v -0.7 0.1 -3.7
v -0.7 0.1 -3.8
v -0.7 0.1 -3.9
v -0.7 0.1 -4
v -0.7 0.1 -4.1
v -0.7 0.1 -4.5
v -0.7 0.1 -4.6
v -0.7 0.1 -4.7
v -0.7 0.1 -4.9
v -0.7 0.1 -5
v -0.7 0.1 -5.2
v -0.7 0.1 -5.3
v -0.7 0.1 -5.4
v -0.7 0.1 -5.6
v -0.7 0.1 -5.7
v -0.7 0.1 -6
v -0.7 0.1 -6.1
v -0.7 0.1 -6.3
v -0.7 0.2 6.2
v -0.7 0.2 6.1
v -0.7 0.2 6
v -0.7 0.2 5.8
v -0.7 0.2 5.7
v -0.7 0.2 5.6
v -0.7 0.2 5.5
v -0.7 0.2 5.4
v -0.7 0.2 5.3
v -0.7 0.2 5.2
v -0.7 0.2 5.1
v -0.7 0.2 5
v -0.7 0.2 4.9
v -0.7 0.2 4.7
v -0.7 0.2 4.6
v -0.7 0.2 4.5
v -0.7 0.2 4.4
v -0.7 0.2 4.3
v -0.7 0.2 4.2
v -0.7 0.2 4.1
v -0.7 0.2 4
v -0.7 0.2 3.8
v -0.7 0.2 3.7
v -0.7 0.2 3.6
v -0.7 0.2 3.5
v -0.7 0.2 3.4
v -0.7 0.2 3.3
v -0.7 0.2 3.2
v -0.7 0.2 3.1
v -0.7 0.2 3
v -0.7 0.2 2.8
v -0.7 0.2 2.7
v -0.7 0.2 2.6
v -0.7 0.2 2.5
v -0.7 0.2 2.4
v -0.7 0.2 2.3
v -0.7 0.2 2.2
v -0.7 0.2 2.1
v -0.7 0.2 2
v -0.7 0.2 1.9
v -0.7 0.2 1.8
v -0.7 0.2 1.7
v -0.7 0.2 1.6
v -0.7 0.2 1.5
v -0.7 0.2 1.4
v -0.7 0.2 1.2
v -0.7 0.2 1.1
v -0.7 0.2 1
v -0.7 0.2 0.8
v -0.7 0.2 0.7
v -0.7 0.2 0.5
v -0.7 0.2 0.4
v -0.7 0.2 0.2
v -0.7 0.2 0.1
v -0.7 0.2 -0.1
v -0.7 0.2 -0.2
v -0.7 0.2 -0.3
v -0.7 0.2 -0.4
v -0.7 0.2 -0.6
v -0.7 0.2 -0.7
v -0.7 0.2 -0.9
v -0.7 0.2 -1.1
v -0.7 0.2 -1.2
v -0.7 0.2 -1.3
v -0.7 0.2 -1.4
v -0.7 0.2 -1.5
v -0.7 0.2 -1.6
v -0.7 0.2 -1.7
v -0.7 0.2 -1.8
v -0.7 0.2 -1.9
v -0.7 0.2 -2
v -0.7 0.2 -2.1
v -0.7 0.2 -2.2
v -0.7 0.2 -2.3
v -0.7 0.2 -2.4
v -0.7 0.2 -2.5
v -0.7 0.2 -2.6
v -0.7 0.2 -2.7
v -0.7 0.2 -2.8
v -0.7 0.2 -2.9
v -0.7 0.2 -3
v -0.7 0.2 -3.1
v -0.7 0.2 -3.2
v -0.7 0.2 -3.3
v -0.7 0.2 -3.4
v -0.7 0.2 -3.5
v -0.7 0.2 -3.6
v -0.7 0.2 -3.7
v -0.7 0.2 -3.8
v -0.7 0.2 -3.9
v -0.7 0.2 -4
v -0.7 0.2 -4.1
v -0.7 0.2 -4.2
v -0.7 0.2 -4.4
v -0.7 0.2 -4.5
v -0.7 0.2 -4.6
v -0.7 0.2 -4.7
v -0.7 0.2 -4.8
v -0.7 0.2 -4.9
v -0.7 0.2 -5
v -0.7 0.2 -5.1
v -0.7 0.2 -5.2
v -0.7 0.2 -5.3
v -0.7 0.2 -5.4
v -0.7 0.2 -5.6
v -0.7 0.2 -5.7
v -0.7 0.2 -5.8
v -0.7 0.2 -5.9
v -0.7 0.2 -6
v -0.7 0.2 -6.1
v -0.7 0.2 -6.3
v -0.7 0.3 6.3
v -0.7 0.3 6.2
v -0.7 0.3 6.1
v -0.7 0.3 6
v -0.7 0.3 5.9
v -0.7 0.3 5.8
v -0.7 0.3 5.7
v -0.7 0.3 5.5
v -0.7 0.3 5.4
v -0.7 0.3 5.3
v -0.7 0.3 5.1
v -0.7 0.3 5
v -0.7 0.3 4.9
v -0.7 0.3 4.6
v -0.7 0.3 4.5
v -0.7 0.3 4.4
v -0.7 0.3 4.3
v -0.7 0.3 4.2
v -0.7 0.3 4.1
v -0.7 0.3 4
v -0.7 0.3 3.9
v -0.7 0.3 3.8
v -0.7 0.3 3.5
v -0.7 0.3 3.3
v -0.7 0.3 3.2
v -0.7 0.3 3.1
v -0.7 0.3 3
v -0.7 0.3 2.9
v -0.7 0.3 2.7
v -0.7 0.3 2.6
v -0.7 0.3 2.5
v -0.7 0.3 2.3
v -0.7 0.3 2.2
v -0.7 0.3 2.1
v -0.7 0.3 2
v -0.7 0.3 1.9
v -0.7 0.3 1.7
v -0.7 0.3 1.6
v -0.7 0.3 1.5
v -0.7 0.3 1.4
v -0.7 0.3 1.3
v -0.7 0.3 1.2
v -0.7 0.3 1.1
v -0.7 0.3 0.9
v -0.7 0.3 0.6
v -0.7 0.3 0.5
v -0.7 0.3 0.4
v -0.7 0.3 0.3
v -0.7 0.3 0.2
v -0.7 0.3 0.1
v -0.7 0.3 0
v -0.7 0.3 -0.1
v -0.7 0.3 -0.2
v -0.7 0.3 -0.3
v -0.7 0.3 -0.4
v -0.7 0.3 -0.6
v -0.7 0.3 -0.8
v -0.7 0.3 -0.9
v -0.7 0.3 -1
v -0.7 0.3 -1.1
v -0.7 0.3 -1.2
v -0.7 0.3 -1.3
v -0.7 0.3 -1.5
v -0.7 0.3 -1.6
v -0.7 0.3 -1.7
v -0.7 0.3 -1.8
v -0.7 0.3 -1.9
v -0.7 0.3 -2
v -0.7 0.3 -2.1
v -0.7 0.3 -2.2
v -0.7 0.3 -2.3
v -0.7 0.3 -2.4
v -0.7 0.3 -2.5
v -0.7 0.3 -2.6
v -0.7 0.3 -2.7
v -0.7 0.3 -2.8
v -0.7 0.3 -2.9
v -0.7 0.3 -3
v -0.7 0.3 -3.1
v -0.7 0.3 -3.2
v -0.7 0.3 -3.3
v -0.7 0.3 -3.4
v -0.7 0.3 -3.5
v -0.7 0.3 -3.8
v -0.7 0.3 -3.9
v -0.7 0.3 -4
v -0.7 0.3 -4.1
v -0.7 0.3 -4.2
v -0.7 0.3 -4.3
v -0.7 0.3 -4.4
v -0.7 0.3 -4.7
v -0.7 0.3 -4.8
v -0.7 0.3 -5
v -0.7 0.3 -5.1
v -0.7 0.3 -5.2
v -0.7 0.3 -5.3
v -0.7 0.3 -5.4
v -0.7 0.3 -5.5
v -0.7 0.3 -5.6
v -0.7 0.3 -5.7
v -0.7 0.3 -5.8
v -0.7 0.3 -5.9
v -0.7 0.3 -6
v -0.7 0.3 -6.1
v -0.7 0.3 -6.2
v -0.7 0.3 -6.3
v -0.7 0.4 6.3
v -0.7 0.4 6.2
v -0.7 0.4 6.1
v -0.7 0.4 6
v -0.7 0.4 5.9
v -0.7 0.4 5.8
v -0.7 0.4 5.7
v -0.7 0.4 5.6
v -0.7 0.4 5.3
v -0.7 0.4 5.2
v -0.7 0.4 5.1
v -0.7 0.4 5
v -0.7 0.4 4.9
v -0.7 0.4 4.7
v -0.7 0.4 4.6
v -0.7 0.4 4.3
v -0.7 0.4 4.2
v -0.7 0.4 4.1
v -0.7 0.4 4
v -0.7 0.4 3.9
v -0.7 0.4 3.8
v -0.7 0.4 3.7
v -0.7 0.4 3.6
v -0.7 0.4 3.5
v -0.7 0.4 3.4
v -0.7 0.4 3.3
v -0.7 0.4 3.2
v -0.7 0.4 3.1
v -0.7 0.4 2.9
v -0.7 0.4 2.8
v -0.7 0.4 2.7
v -0.7 0.4 2.6
v -0.7 0.4 2.5
v -0.7 0.4 2.4
v -0.7 0.4 2.2
v -0.7 0.4 2.1
v -0.7 0.4 2
v -0.7 0.4 1.9
v -0.7 0.4 1.7
v -0.7 0.4 1.6
v -0.7 0.4 1.5
v -0.7 0.4 1.4
v -0.7 0.4 1.3
v -0.7 0.4 1.2
v -0.7 0.4 1.1
v -0.7 0.4 1
v -0.7 0.4 0.6
v -0.7 0.4 0.5
v -0.7 0.4 0.4
v -0.7 0.4 0.2
v -0.7 0.4 0.1
v -0.7 0.4 0
v -0.7 0.4 -0.1
v -0.7 0.4 -0.2
v -0.7 0.4 -0.4
v -0.7 0.4 -0.5
v -0.7 0.4 -0.6
v -0.7 0.4 -0.7
v -0.7 0.4 -0.8
v -0.7 0.4 -0.9
v -0.7 0.4 -1
v -0.7 0.4 -1.1
v -0.7 0.4 -1.2
v -0.7 0.4 -1.3
v -0.7 0.4 -1.4
v -0.7 0.4 -1.5
v -0.7 0.4 -1.6
v -0.7 0.4 -1.7
v -0.7 0.4 -1.8
v -0.7 0.4 -1.9
v -0.7 0.4 -2
v -0.7 0.4 -2.1
v -0.7 0.4 -2.2
v -0.7 0.4 -2.3
v -0.7 0.4 -2.4
v -0.7 0.4 -2.5
v -0.7 0.4 -2.7
v -0.7 0.4 -2.8
v -0.7 0.4 -2.9
v -0.7 0.4 -3
v -0.7 0.4 -3.1
v -0.7 0.4 -3.2
v -0.7 0.4 -3.3
v -0.7 0.4 -3.5
v -0.7 0.4 -3.7
v -0.7 0.4 -3.8
v -0.7 0.4 -3.9
v -0.7 0.4 -4
v -0.7 0.4 -4.1
v -0.7 0.4 -4.2
v -0.7 0.4 -4.3
v -0.7 0.4 -4.4
v -0.7 0.4 -4.5
v -0.7 0.4 -4.7
v -0.7 0.4 -4.8
v -0.7 0.4 -4.9
v -0.7 0.4 -5
v -0.7 0.4 -5.2
v -0.7 0.4 -5.3
v -0.7 0.4 -5.4
v -0.7 0.4 -5.5
v -0.7 0.4 -5.6
v -0.7 0.4 -5.7
v -0.7 0.4 -5.8
v -0.7 0.4 -5.9
v -0.7 0.4 -6
v -0.7 0.4 -6.1
v -0.7 0.5 6.3
v -0.7 0.5 6.1
v -0.7 0.5 6
v -0.7 0.5 5.9
v -0.7 0.5 5.8
v -0.7 0.5 5.7
v -0.7 0.5 5.6
v -0.7 0.5 5.3
v -0.7 0.5 5.2
v -0.7 0.5 5.1
v -0.7 0.5 5
v -0.7 0.5 4.9
v -0.7 0.5 4.6
v -0.7 0.5 4.3
v -0.7 0.5 4.1
v -0.7 0.5 4
v -0.7 0.5 3.9
v -0.7 0.5 3.8
v -0.7 0.5 3.7
v -0.7 0.5 3.6
v -0.7 0.5 3.4
v -0.7 0.5 3.3
v -0.7 0.5 3.2
v -0.7 0.5 2.7
v -0.7 0.5 2.6
v -0.7 0.5 2.5
v -0.7 0.5 2.4
v -0.7 0.5 2.2
v -0.7 0.5 2.1
v -0.7 0.5 2
v -0.7 0.5 1.9
v -0.7 0.5 1.7
v -0.7 0.5 1.6
v -0.7 0.5 1.5
v -0.7 0.5 1.4
v -0.7 0.5 1.3
v -0.7 0.5 1.2
v -0.7 0.5 1.1
v -0.7 0.5 1
v -0.7 0.5 0.9
v -0.7 0.5 0.8
v -0.7 0.5 0.7
v -0.7 0.5 0.6
v -0.7 0.5 0.5
v -0.7 0.5 0.3
v -0.7 0.5 0.2
v -0.7 0.5 0.1
v -0.7 0.5 0
v -0.7 0.5 -0.2
v -0.7 0.5 -0.5
v -0.7 0.5 -0.6
v -0.7 0.5 -0.7
v -0.7 0.5 -0.8
v -0.7 0.5 -1
v -0.7 0.5 -1.2
v -0.7 0.5 -1.4
v -0.7 0.5 -1.6
v -0.7 0.5 -1.7
v -0.7 0.5 -1.9
v -0.7 0.5 -2
v -0.7 0.5 -2.1
v -0.7 0.5 -2.2
v -0.7 0.5 -2.4
v -0.7 0.5 -2.7
v -0.7 0.5 -2.8
v -0.7 0.5 -3.1
v -0.7 0.5 -3.2
v -0.7 0.5 -3.5
v -0.7 0.5 -3.7
v -0.7 0.5 -3.8
v -0.7 0.5 -3.9
v -0.7 0.5 -4.1
v -0.7 0.5 -4.2
v -0.7 0.5 -4.3
v -0.7 0.5 -4.5
v -0.7 0.5 -4.7
v -0.7 0.5 -4.8
v -0.7 0.5 -4.9
v -0.7 0.5 -5
v -0.7 0.5 -5.2
v -0.7 0.5 -5.3
v -0.7 0.5 -5.4
v -0.7 0.5 -5.6
v -0.7 0.5 -5.7
v -0.7 0.5 -5.8
v -0.7 0.5 -5.9
v -0.7 0.5 -6.2
v -0.7 0.5 -6.3
v -0.6 0 6.3
v -0.6 0 6.2
v -0.6 0 5.9
v -0.6 0 5.8
v -0.6 0 5.7
v -0.6 0 5.6
v -0.6 0 5.5
v -0.6 0 5.4
v -0.6 0 5.3
v -0.6 0 5.2
v -0.6 0 5.1
v -0.6 0 5
v -0.6 0 4.9
v -0.6 0 4.7
v -0.6 0 4.6
v -0.6 0 4.5
v -0.6 0 4.4
v -0.6 0 4.3
v -0.6 0 4.2
v -0.6 0 4.1
v -0.6 0 4
v -0.6 0 3.9
v -0.6 0 3.8
v -0.6 0 3.6
v -0.6 0 3.5
v -0.6 0 3.3
v -0.6 0 3.2
v -0.6 0 3
v -0.6 0 2.9
v -0.6 0 2.8
v -0.6 0 2.7
v -0.6 0 2.6
v -0.6 0 2.4
v -0.6 0 2.2
v -0.6 0 2.1
v -0.6 0 2
v -0.6 0 1.9
v -0.6 0 1.6
v -0.6 0 1.4
v -0.6 0 1.3
v -0.6 0 1.2
v -0.6 0 1
v -0.6 0 0.8
v -0.6 0 0.7
v -0.6 0 0.6
v -0.6 0 0.5
v -0.6 0 0.3
v -0.6 0 0.2
v -0.6 0 0.1
v -0.6 0 -0.1
v -0.6 0 -0.4
v -0.6 0 -0.6
v -0.6 0 -0.9
v -0.6 0 -1
v -0.6 0 -1.1
v -0.6 0 -1.2
v -0.6 0 -1.3
v -0.6 0 -1.4
v -0.6 0 -1.5
v -0.6 0 -1.9
v -0.6 0 -2
v -0.6 0 -2.1
v -0.6 0 -2.3
v -0.6 0 -2.4
v -0.6 0 -2.7
v -0.6 0 -2.8
v -0.6 0 -2.9
v -0.6 0 -3
v -0.6 0 -3.1
v -0.6 0 -3.3
v -0.6 0 -3.4
v -0.6 0 -3.6
v -0.6 0 -3.7
v -0.6 0 -4
v -0.6 0 -4.2
v -0.6 0 -4.4
v -0.6 0 -4.5
v -0.6 0 -4.6
v -0.6 0 -4.8
v -0.6 0 -4.9
v -0.6 0 -5
v -0.6 0 -5.1
v -0.6 0 -5.2
v -0.6 0 -5.5
v -0.6 0 -5.6
v -0.6 0 -5.7
v -0.6 0 -5.8
v -0.6 0 -5.9
v -0.6 0 -6
v -0.6 0 -6.1
v -0.6 0 -6.2
v -0.6 0 -6.3
v -0.6 0.1 6.3
v -0.6 0.1 6.2
v -0.6 0.1 6.1
v -0.6 0.1 6
v -0.6 0.1 5.9
v -0.6 0.1 5.8
v -0.6 0.1 5.7
v -0.6 0.1 5.6
v -0.6 0.1 5.5
v -0.6 0.1 5.4
v -0.6 0.1 5.3
v -0.6 0.1 5.2
v -0.6 0.1 5.1
v -0.6 0.1 5
v -0.6 0.1 4.9
v -0.6 0.1 4.7
v -0.6 0.1 4.6
v -0.6 0.1 4.5
v -0.6 0.1 4.4
v -0.6 0.1 4.3
v -0.6 0.1 4.2
v -0.6 0.1 4.1
v -0.6 0.1 4
v -0.6 0.1 3.9
v -0.6 0.1 3.8
v -0.6 0.1 3.7
v -0.6 0.1 3.6
v -0.6 0.1 3.5
v -0.6 0.1 3.4
v -0.6 0.1 3.3
v -0.6 0.1 3.2
v -0.6 0.1 3.1
v -0.6 0.1 3
v -0.6 0.1 2.9
v -0.6 0.1 2.8
v -0.6 0.1 2.7
v -0.6 0.1 2.6
v -0.6 0.1 2.5
v -0.6 0.1 2.4
v -0.6 0.1 2.3
v -0.6 0.1 2.2
v -0.6 0.1 2.1
v -0.6 0.1 2
v -0.6 0.1 1.9
v -0.6 0.1 1.8
v -0.6 0.1 1.7
v -0.6 0.1 1.6
v -0.6 0.1 1.4
v -0.6 0.1 1.3
v -0.6 0.1 1.2
v -0.6 0.1 1.1
v -0.6 0.1 1
v -0.6 0.1 0.8
v -0.6 0.1 0.7
v -0.6 0.1 0.6
v -0.6 0.1 0.5
v -0.6 0.1 0.3
v -0.6 0.1 0.2
v -0.6 0.1 0.1
v -0.6 0.1 -0.1
v -0.6 0.1 -0.2
v -0.6 0.1 -0.4
v -0.6 0.1 -0.6
v -0.6 0.1 -0.7
v -0.6 0.1 -0.9
v -0.6 0.1 -1
v -0.6 0.1 -1.1
v -0.6 0.1 -1.2
v -0.6 0.1 -1.3
v -0.6 0.1 -1.4
v -0.6 0.1 -1.5
v -0.6 0.1 -1.6
v -0.6 0.1 -1.7
v -0.6 0.1 -1.9
v -0.6 0.1 -2
v -0.6 0.1 -2.1
v -0.6 0.1 -2.3
v -0.6 0.1 -2.4
v -0.6 0.1 -2.5
v -0.6 0.1 -2.7
v -0.6 0.1 -2.8
v -0.6 0.1 -2.9
v -0.6 0.1 -3
v -0.6 0.1 -3.1
v -0.6 0.1 -3.2
v -0.6 0.1 -3.3
v -0.6 0.1 -3.4
v -0.6 0.1 -3.5
v -0.6 0.1 -3.6
v -0.6 0.1 -3.7
v -0.6 0.1 -3.8
v -0.6 0.1 -3.9
v -0.6 0.1 -4
v -0.6 0.1 -4.1
v -0.6 0.1 -4.2
v -0.6 0.1 -4.4
v -0.6 0.1 -4.5
v -0.6 0.1 -4.6
v -0.6 0.1 -4.7
v -0.6 0.1 -4.8
v -0.6 0.1 -4.9
v -0.6 0.1 -5
v -0.6 0.1 -5.1
v -0.6 0.1 -5.2
v -0.6 0.1 -5.3
v -0.6 0.1 -5.4
v -0.6 0.1 -5.5
v -0.6 0.1 -5.6
v -0.6 0.1 -5.7
v -0.6 0.1 -5.8
v -0.6 0.1 -5.9
v -0.6 0.1 -6
v -0.6 0.1 -6.1
v -0.6 0.1 -6.2
v -0.6 0.1 -6.3
v -0.6 0.5 6.3
v -0.6 0.5 6.1
v -0.6 0.5 6
v -0.6 0.5 5.9
v -0.6 0.5 5.8
v -0.6 0.5 5.7
v -0.6 0.5 5.6
v -0.6 0.5 5.5
v -0.6 0.5 5.4
v -0.6 0.5 5.3
v -0.6 0.5 5.2
v -0.6 0.5 5.1
v -0.6 0.5 5
v -0.6 0.5 4.9
v -0.6 0.5 4.7
v -0.6 0.5 4.6
v -0.6 0.5 4.3
v -0.6 0.5 4.2
v -0.6 0.5 4.1
v -0.6 0.5 4
v -0.6 0.5 3.9
v -0.6 0.5 3.8
v -0.6 0.5 3.7
v -0.6 0.5 3.6
v -0.6 0.5 3.4
v -0.6 0.5 3.3
v -0.6 0.5 3.2
v -0.6 0.5 3.1
v -0.6 0.5 3
v -0.6 0.5 2.8
v -0.6 0.5 2.7
v -0.6 0.5 2.6
v -0.6 0.5 2.5
v -0.6 0.5 2.4
v -0.6 0.5 2.3
v -0.6 0.5 2.2
v -0.6 0.5 2.1
v -0.6 0.5 2
v -0.6 0.5 1.9
v -0.6 0.5 1.8
v -0.6 0.5 1.7
v -0.6 0.5 1.6
v -0.6 0.5 1.5
v -0.6 0.5 1.4
v -0.6 0.5 1.3
v -0.6 0.5 1.2
v -0.6 0.5 1.1
v -0.6 0.5 1
v -0.6 0.5 0.9
v -0.6 0.5 0.8
v -0.6 0.5 0.7
v -0.6 0.5 0.6
v -0.6 0.5 0.5
v -0.6 0.5 0.4
v -0.6 0.5 0.3
v -0.6 0.5 0.2
v -0.6 0.5 0.1
v -0.6 0.5 0
v -0.6 0.5 -0.2
v -0.6 0.5 -0.3
v -0.6 0.5 -0.5
v -0.6 0.5 -0.6
v -0.6 0.5 -0.7
v -0.6 0.5 -0.8
v -0.6 0.5 -0.9
v -0.6 0.5 -1
v -0.6 0.5 -1.1
v -0.6 0.5 -1.2
v -0.6 0.5 -1.3
v -0.6 0.5 -1.4
v -0.6 0.5 -1.5
v -0.6 0.5 -1.6
v -0.6 0.5 -1.7
v -0.6 0.5 -1.8
v -0.6 0.5 -1.9
v -0.6 0.5 -2
v -0.6 0.5 -2.1
v -0.6 0.5 -2.2
v -0.6 0.5 -2.3
v -0.6 0.5 -2.4
v -0.6 0.5 -2.5
v -0.6 0.5 -2.6
v -0.6 0.5 -2.7
v -0.6 0.5 -2.8
v -0.6 0.5 -2.9
v -0.6 0.5 -3.1
v -0.6 0.5 -3.2
v -0.6 0.5 -3.3
v -0.6 0.5 -3.4
v -0.6 0.5 -3.5
v -0.6 0.5 -3.6
v -0.6 0.5 -3.7
v -0.6 0.5 -3.8
v -0.6 0.5 -3.9
v -0.6 0.5 -4
v -0.6 0.5 -4.1
v -0.6 0.5 -4.2
v -0.6 0.5 -4.3
v -0.6 0.5 -4.5
v -0.6 0.5 -4.6
v -0.6 0.5 -4.7
v -0.6 0.5 -4.8
v -0.6 0.5 -4.9
v -0.6 0.5 -5
v -0.6 0.5 -5.1
v -0.6 0.5 -5.2
v -0.6 0.5 -5.3
v -0.6 0.5 -5.4
v -0.6 0.5 -5.5
v -0.6 0.5 -5.6
v -0.6 0.5 -5.7
v -0.6 0.5 -5.8
v -0.6 0.5 -5.9
v -0.6 0.5 -6
v -0.6 0.5 -6.1
v -0.6 0.5 -6.2
v -0.6 0.5 -6.3
v -0.6 0.6 6.3
v -0.6 0.6 5.9
v -0.6 0.6 5.8
v -0.6 0.6 5.7
v -0.6 0.6 5.6
v -0.6 0.6 5.5
v -0.6 0.6 5.4
v -0.6 0.6 5.3
v -0.6 0.6 5
v -0.6 0.6 4.7
v -0.6 0.6 4.6
v -0.6 0.6 4.3
v -0.6 0.6 4.2
v -0.6 0.6 4.1
v -0.6 0.6 4
v -0.6 0.6 3.8
v -0.6 0.6 3.7
v -0.6 0.6 3.6
v -0.6 0.6 3.4
v -0.6 0.6 3.3
v -0.6 0.6 3.2
v -0.6 0.6 3.1
v -0.6 0.6 3
v -0.6 0.6 2.8
v -0.6 0.6 2.7
v -0.6 0.6 2.6
v -0.6 0.6 2.5
v -0.6 0.6 2.4
v -0.6 0.6 2.3
v -0.6 0.6 2
v -0.6 0.6 1.9
v -0.6 0.6 1.8
v -0.6 0.6 1.7
v -0.6 0.6 1.6
v -0.6 0.6 1.4
v -0.6 0.6 1.3
v -0.6 0.6 1
v -0.6 0.6 0.9
v -0.6 0.6 0.8
v -0.6 0.6 0.7
v -0.6 0.6 0.5
v -0.6 0.6 0.4
v -0.6 0.6 0.3
v -0.6 0.6 -0.3
v -0.6 0.6 -0.5
v -0.6 0.6 -0.6
v -0.6 0.6 -0.7
v -0.6 0.6 -0.8
v -0.6 0.6 -0.9
v -0.6 0.6 -1
v -0.6 0.6 -1.1
v -0.6 0.6 -1.2
v -0.6 0.6 -1.3
v -0.6 0.6 -1.5
v -0.6 0.6 -1.8
v -0.6 0.6 -2.1
v -0.6 0.6 -2.2
v -0.6 0.6 -2.3
v -0.6 0.6 -2.4
v -0.6 0.6 -2.5
v -0.6 0.6 -2.6
v -0.6 0.6 -2.9
v -0.6 0.6 -3.1
v -0.6 0.6 -3.3
v -0.6 0.6 -3.4
v -0.6 0.6 -3.6
v -0.6 0.6 -3.7
v -0.6 0.6 -4
v -0.6 0.6 -4.1
v -0.6 0.6 -4.2
v -0.6 0.6 -4.5
v -0.6 0.6 -4.6
v -0.6 0.6 -4.8
v -0.6 0.6 -5
v -0.6 0.6 -5.1
v -0.6 0.6 -5.2
v -0.6 0.6 -5.3
v -0.6 0.6 -5.4
v -0.6 0.6 -5.5
v -0.6 0.6 -5.6
v -0.6 0.6 -6
v -0.6 0.6 -6.1
v -0.6 0.6 -6.2
v -0.6 0.6 -6.3
v -0.2 0 6.3
v -0.2 0 6
v -0.2 0 5.9
v -0.2 0 5.7
v -0.2 0 5.6
v -0.2 0 5.5
v -0.2 0 5.4
v -0.2 0 5.3
v -0.2 0 5.2
v -0.2 0 5.1
v -0.2 0 5
v -0.2 0 4.5
v -0.2 0 4.4
v -0.2 0 4.3
v -0.2 0 4.2
v -0.2 0 4
v -0.2 0 3.9
v -0.2 0 3.8
v -0.2 0 3.7
v -0.2 0 3.6
v -0.2 0 3.4
v -0.2 0 3.3
v -0.2 0 3.1
v -0.2 0 3
v -0.2 0 2.9
v -0.2 0 2.8
v -0.2 0 2.7
v -0.2 0 2.6
v -0.2 0 2.5
v -0.2 0 2.4
v -0.2 0 2.3
v -0.2 0 2
v -0.2 0 1.9
v -0.2 0 1.7
v -0.2 0 1.5
v -0.2 0 1.4
v -0.2 0 1.3
v -0.2 0 1.2
v -0.2 0 0.9
v -0.2 0 0.8
v -0.2 0 0.7
v -0.2 0 0.6
v -0.2 0 0.5
v -0.2 0 0.4
v -0.2 0 0.3
v -0.2 0 0.2
v -0.2 0 0.1
v -0.2 0 0
v -0.2 0 -0.2
v -0.2 0 -0.4
v -0.2 0 -0.6
v -0.2 0 -0.7
v -0.2 0 -0.8
v -0.2 0 -0.9
v -0.2 0 -1
v -0.2 0 -1.1
v -0.2 0 -1.3
v -0.2 0 -1.4
v -0.2 0 -1.6
v -0.2 0 -1.7
v -0.2 0 -1.8
v -0.2 0 -2
v -0.2 0 -2.1
v -0.2 0 -2.2
v -0.2 0 -2.4
v -0.2 0 -2.5
v -0.2 0 -2.6
v -0.2 0 -2.7
v -0.2 0 -2.8
v -0.2 0 -2.9
v -0.2 0 -3.1
v -0.2 0 -3.2
v -0.2 0 -3.3
v -0.2 0 -3.4
v -0.2 0 -3.5
v -0.2 0 -3.6
v -0.2 0 -3.7
v -0.2 0 -3.8
v -0.2 0 -3.9
v -0.2 0 -4.1
v -0.2 0 -4.2
v -0.2 0 -4.3
v -0.2 0 -4.4
v -0.2 0 -4.5
v -0.2 0 -4.6
v -0.2 0 -4.7
v -0.2 0 -4.8
v -0.2 0 -4.9
v -0.2 0 -5
v -0.2 0 -5.1
v -0.2 0 -5.2
v -0.2 0 -5.3
v -0.2 0 -5.5
v -0.2 0 -5.7
v -0.2 0 -6
v -0.2 0 -6.2
v -0.2 0 -6.3
v -0.2 0.1 6.3
v -0.2 0.1 6.1
v -0.2 0.1 6
v -0.2 0.1 5.9
v -0.2 0.1 5.7
v -0.2 0.1 5.6
v -0.2 0.1 5.5
v -0.2 0.1 5.4
v -0.2 0.1 5.3
v -0.2 0.1 5.2
v -0.2 0.1 5.1
v -0.2 0.1 5
v -0.2 0.1 4.8
v -0.2 0.1 4.5
v -0.2 0.1 4.4
v -0.2 0.1 4.3
v -0.2 0.1 4.2
v -0.2 0.1 4.1
v -0.2 0.1 4
v -0.2 0.1 3.9
v -0.2 0.1 3.8
v -0.2 0.1 3.7
v -0.2 0.1 3.6
v -0.2 0.1 3.5
v -0.2 0.1 3.4
v -0.2 0.1 3.3
v -0.2 0.1 3.2
v -0.2 0.1 3.1
v -0.2 0.1 3
v -0.2 0.1 2.9
v -0.2 0.1 2.8
v -0.2 0.1 2.7
v -0.2 0.1 2.6
v -0.2 0.1 2.5
v -0.2 0.1 2.4
v -0.2 0.1 2.3
v -0.2 0.1 2.2
v -0.2 0.1 2
v -0.2 0.1 1.9
v -0.2 0.1 1.8
v -0.2 0.1 1.7
v -0.2 0.1 1.6
v -0.2 0.1 1.5
v -0.2 0.1 1.4
v -0.2 0.1 1.3
v -0.2 0.1 1.2
v -0.2 0.1 1.1
v -0.2 0.1 0.9
v -0.2 0.1 0.8
v -0.2 0.1 0.7
v -0.2 0.1 0.6
v -0.2 0.1 0.5
v -0.2 0.1 0.4
v -0.2 0.1 0.3
v -0.2 0.1 0.2
v -0.2 0.1 0.1
v -0.2 0.1 0
v -0.2 0.1 -0.1
v -0.2 0.1 -0.2
v -0.2 0.1 -0.4
v -0.2 0.1 -0.5
v -0.2 0.1 -0.6
v -0.2 0.1 -0.7
v -0.2 0.1 -0.8
v -0.2 0.1 -0.9
v -0.2 0.1 -1
v -0.2 0.1 -1.1
v -0.2 0.1 -1.2
v -0.2 0.1 -1.3
v -0.2 0.1 -1.4
v -0.2 0.1 -1.6
v -0.2 0.1 -1.7
v -0.2 0.1 -1.8
v -0.2 0.1 -1.9
v -0.2 0.1 -2
v -0.2 0.1 -2.1
v -0.2 0.1 -2.2
v -0.2 0.1 -2.3
v -0.2 0.1 -2.4
v -0.2 0.1 -2.5
v -0.2 0.1 -2.6
v -0.2 0.1 -2.7
v -0.2 0.1 -2.8
v -0.2 0.1 -2.9
v -0.2 0.1 -3
v -0.2 0.1 -3.1
v -0.2 0.1 -3.2
v -0.2 0.1 -3.3
v -0.2 0.1 -3.4
v -0.2 0.1 -3.5
v -0.2 0.1 -3.6
v -0.2 0.1 -3.7
v -0.2 0.1 -3.8
v -0.2 0.1 -3.9
v -0.2 0.1 -4.1
v -0.2 0.1 -4.2
v -0.2 0.1 -4.3
v -0.2 0.1 -4.4
v -0.2 0.1 -4.5
v -0.2 0.1 -4.6
v -0.2 0.1 -4.7
v -0.2 0.1 -4.8
v -0.2 0.1 -4.9
v -0.2 0.1 -5
v -0.2 0.1 -5.1
v -0.2 0.1 -5.2
v -0.2 0.1 -5.3
v -0.2 0.1 -5.4
v -0.2 0.1 -5.5
v -0.2 0.1 -5.6
v -0.2 0.1 -5.7
v -0.2 0.1 -5.8
v -0.2 0.1 -5.9
v -0.2 0.1 -6
v -0.2 0.1 -6.1
v -0.2 0.1 -6.2
v -0.2 0.1 -6.3
v -0.2 0.5 6.3
v -0.2 0.5 6.2
v -0.2 0.5 6.1
v -0.2 0.5 6
v -0.2 0.5 5.8
v -0.2 0.5 5.7
v -0.2 0.5 5.6
v -0.2 0.5 5.5
v -0.2 0.5 5.3
v -0.2 0.5 5.2
v -0.2 0.5 5.1
v -0.2 0.5 5
v -0.2 0.5 4.9
v -0.2 0.5 4.8
v -0.2 0.5 4.7
v -0.2 0.5 4.6
v -0.2 0.5 4.5
v -0.2 0.5 4.3
v -0.2 0.5 4.2
v -0.2 0.5 4.1
v -0.2 0.5 4
v -0.2 0.5 3.9
v -0.2 0.5 3.8
v -0.2 0.5 3.7
v -0.2 0.5 3.6
v -0.2 0.5 3.5
v -0.2 0.5 3.4
v -0.2 0.5 3.2
v -0.2 0.5 3
v -0.2 0.5 2.9
v -0.2 0.5 2.8
v -0.2 0.5 2.7
v -0.2 0.5 2.6
v -0.2 0.5 2.5
v -0.2 0.5 2.4
v -0.2 0.5 2.3
v -0.2 0.5 2.2
v -0.2 0.5 2.1
v -0.2 0.5 1.9
v -0.2 0.5 1.8
v -0.2 0.5 1.6
v -0.2 0.5 1.5
v -0.2 0.5 1.3
v -0.2 0.5 1.2
v -0.2 0.5 1.1
v -0.2 0.5 1
v -0.2 0.5 0.9
v -0.2 0.5 0.8
v -0.2 0.5 0.7
v -0.2 0.5 0.6
v -0.2 0.5 0.5
v -0.2 0.5 0.4
v -0.2 0.5 0.3
v -0.2 0.5 0.2
v -0.2 0.5 0.1
v -0.2 0.5 0
v -0.2 0.5 -0.1
v -0.2 0.5 -0.2
v -0.2 0.5 -0.4
v -0.2 0.5 -0.5
v -0.2 0.5 -0.6
v -0.2 0.5 -0.7
v -0.2 0.5 -0.8
v -0.2 0.5 -0.9
v -0.2 0.5 -1.1
v -0.2 0.5 -1.2
v -0.2 0.5 -1.3
v -0.2 0.5 -1.4
v -0.2 0.5 -1.5
v -0.2 0.5 -1.6
v -0.2 0.5 -1.8
v -0.2 0.5 -2
v -0.2 0.5 -2.2
v -0.2 0.5 -2.3
v -0.2 0.5 -2.4
v -0.2 0.5 -2.5
v -0.2 0.5 -2.6
v -0.2 0.5 -2.7
v -0.2 0.5 -2.8
v -0.2 0.5 -2.9
v -0.2 0.5 -3
v -0.2 0.5 -3.1
v -0.2 0.5 -3.2
v -0.2 0.5 -3.3
v -0.2 0.5 -3.4
v -0.2 0.5 -3.5
v -0.2 0.5 -3.7
v -0.2 0.5 -3.8
v -0.2 0.5 -3.9
v -0.2 0.5 -4.2
v -0.2 0.5 -4.3
v -0.2 0.5 -4.4
v -0.2 0.5 -4.5
v -0.2 0.5 -4.6
v -0.2 0.5 -4.7
v -0.2 0.5 -4.8
v -0.2 0.5 -5
v -0.2 0.5 -5.1
v -0.2 0.5 -5.2
v -0.2 0.5 -5.3
v -0.2 0.5 -5.4
v -0.2 0.5 -5.5
v -0.2 0.5 -5.6
v -0.2 0.5 -5.8
v -0.2 0.5 -5.9
v -0.2 0.5 -6.1
v -0.2 0.5 -6.2
v -0.2 0.5 -6.3
v -0.2 0.6 6.3
v -0.2 0.6 6.1
v -0.2 0.6 5.8
v -0.2 0.6 5.7
v -0.2 0.6 5.6
v -0.2 0.6 5.5
v -0.2 0.6 5.3
v -0.2 0.6 5.2
v -0.2 0.6 5
v -0.2 0.6 4.8
v -0.2 0.6 4.7
v -0.2 0.6 4.6
v -0.2 0.6 4.5
v -0.2 0.6 4.2
v -0.2 0.6 4.1
v -0.2 0.6 4
v -0.2 0.6 3.8
v -0.2 0.6 3.6
v -0.2 0.6 3.5
v -0.2 0.6 3.2
v -0.2 0.6 2.9
v -0.2 0.6 2.8
v -0.2 0.6 2.7
v -0.2 0.6 2.6
v -0.2 0.6 2.5
v -0.2 0.6 2.4
v -0.2 0.6 2.3
v -0.2 0.6 2.1
v -0.2 0.6 1.9
v -0.2 0.6 1.8
v -0.2 0.6 1.6
v -0.2 0.6 1.5
v -0.2 0.6 1.3
v -0.2 0.6 1.2
v -0.2 0.6 1.1
v -0.2 0.6 1
v -0.2 0.6 0.9
v -0.2 0.6 0.7
v -0.2 0.6 0.5
v -0.2 0.6 0.2
v -0.2 0.6 0.1
v -0.2 0.6 -0.1
v -0.2 0.6 -0.2
v -0.2 0.6 -0.6
v -0.2 0.6 -0.7
v -0.2 0.6 -0.8
v -0.2 0.6 -0.9
v -0.2 0.6 -1.1
v -0.2 0.6 -1.2
v -0.2 0.6 -1.3
v -0.2 0.6 -1.4
v -0.2 0.6 -1.5
v -0.2 0.6 -1.6
v -0.2 0.6 -1.8
v -0.2 0.6 -2
v -0.2 0.6 -2.2
v -0.2 0.6 -2.4
v -0.2 0.6 -2.6
v -0.2 0.6 -2.8
v -0.2 0.6 -2.9
v -0.2 0.6 -3
v -0.2 0.6 -3.1
v -0.2 0.6 -3.2
v -0.2 0.6 -3.4
v -0.2 0.6 -3.5
v -0.2 0.6 -3.7
v -0.2 0.6 -3.9
v -0.2 0.6 -4.2
v -0.2 0.6 -4.3
v -0.2 0.6 -4.5
v -0.2 0.6 -4.7
v -0.2 0.6 -4.8
v -0.2 0.6 -5
v -0.2 0.6 -5.1
v -0.2 0.6 -5.2
v -0.2 0.6 -5.3
v -0.2 0.6 -5.4
v -0.2 0.6 -5.5
v -0.2 0.6 -5.6
v -0.2 0.6 -5.8
v -0.2 0.6 -5.9
v -0.2 0.6 -6.1
v -0.2 0.6 -6.2
v -0.2 0.6 -6.3
v -0.1 0.1 6.3
v -0.1 0.1 6.1
v -0.1 0.1 6
v -0.1 0.1 5.9
v -0.1 0.1 5.7
v -0.1 0.1 5.6
v -0.1 0.1 5.5
v -0.1 0.1 5.4
v -0.1 0.1 5.3
v -0.1 0.1 5.1
v -0.1 0.1 5
v -0.1 0.1 4.8
v -0.1 0.1 4.5
v -0.1 0.1 4.4
v -0.1 0.1 4.3
v -0.1 0.1 4.2
v -0.1 0.1 4.1
v -0.1 0.1 3.9
v -0.1 0.1 3.8
v -0.1 0.1 3.6
v -0.1 0.1 3.5
v -0.1 0.1 3.3
v -0.1 0.1 3.2
v -0.1 0.1 2.9
v -0.1 0.1 2.7
v -0.1 0.1 2.6
v -0.1 0.1 2.5
v -0.1 0.1 2.3
v -0.1 0.1 2.2
v -0.1 0.1 1.8
v -0.1 0.1 1.7
v -0.1 0.1 1.6
v -0.1 0.1 1.5
v -0.1 0.1 1.3
v -0.1 0.1 1.2
v -0.1 0.1 1.1
v -0.1 0.1 0.7
v -0.1 0.1 0.5
v -0.1 0.1 0.3
v -0.1 0.1 0.1
v -0.1 0.1 0
v -0.1 0.1 -0.1
v -0.1 0.1 -0.4
v -0.1 0.1 -0.5
v -0.1 0.1 -0.6
v -0.1 0.1 -0.8
v -0.1 0.1 -1.1
v -0.1 0.1 -1.2
v -0.1 0.1 -1.3
v -0.1 0.1 -1.4
v -0.1 0.1 -1.7
v -0.1 0.1 -1.8
v -0.1 0.1 -1.9
v -0.1 0.1 -2
v -0.1 0.1 -2.1
v -0.1 0.1 -2.2
v -0.1 0.1 -2.3
v -0.1 0.1 -2.4
v -0.1 0.1 -2.7
v -0.1 0.1 -2.8
v -0.1 0.1 -2.9
v -0.1 0.1 -3
v -0.1 0.1 -3.1
v -0.1 0.1 -3.2
v -0.1 0.1 -3.3
v -0.1 0.1 -3.4
v -0.1 0.1 -3.6
v -0.1 0.1 -3.7
v -0.1 0.1 -3.8
v -0.1 0.1 -4.1
v -0.1 0.1 -4.2
v -0.1 0.1 -4.3
v -0.1 0.1 -4.4
v -0.1 0.1 -4.5
v -0.1 0.1 -4.6
v -0.1 0.1 -4.9
v -0.1 0.1 -5
v -0.1 0.1 -5.1
v -0.1 0.1 -5.3
v -0.1 0.1 -5.4
v -0.1 0.1 -5.5
v -0.1 0.1 -5.6
v -0.1 0.1 -5.8
v -0.1 0.1 -5.9
v -0.1 0.1 -6.1
v -0.1 0.1 -6.2
v -0.1 0.1 -6.3
v -0.1 0.2 6.3
v -0.1 0.2 6.1
v -0.1 0.2 6
v -0.1 0.2 5.9
v -0.1 0.2 5.8
v -0.1 0.2 5.7
v -0.1 0.2 5.6
v -0.1 0.2 5.5
v -0.1 0.2 5.4
v -0.1 0.2 5.3
v -0.1 0.2 5.2
v -0.1 0.2 5.1
v -0.1 0.2 5
v -0.1 0.2 4.8
v -0.1 0.2 4.7
v -0.1 0.2 4.4
v -0.1 0.2 4.3
v -0.1 0.2 4.2
v -0.1 0.2 4.1
v -0.1 0.2 4
v -0.1 0.2 3.9
v -0.1 0.2 3.8
v -0.1 0.2 3.6
v -0.1 0.2 3.5
v -0.1 0.2 3.4
v -0.1 0.2 3.3
v -0.1 0.2 3.2
v -0.1 0.2 3
v -0.1 0.2 2.9
v -0.1 0.2 2.8
v -0.1 0.2 2.7
v -0.1 0.2 2.6
v -0.1 0.2 2.5
v -0.1 0.2 2.3
v -0.1 0.2 2.2
v -0.1 0.2 1.9
v -0.1 0.2 1.8
v -0.1 0.2 1.7
v -0.1 0.2 1.6
v -0.1 0.2 1.5
v -0.1 0.2 1.3
v -0.1 0.2 1.2
v -0.1 0.2 1.1
v -0.1 0.2 1
v -0.1 0.2 0.7
v -0.1 0.2 0.6
v -0.1 0.2 0.5
v -0.1 0.2 0.4
v -0.1 0.2 0.3
v -0.1 0.2 0.2
v -0.1 0.2 0.1
v -0.1 0.2 0
v -0.1 0.2 -0.1
v -0.1 0.2 -0.2
v -0.1 0.2 -0.4
v -0.1 0.2 -0.5
v -0.1 0.2 -0.6
v -0.1 0.2 -0.8
v -0.1 0.2 -1.1
v -0.1 0.2 -1.2
v -0.1 0.2 -1.3
v -0.1 0.2 -1.4
v -0.1 0.2 -1.6
v -0.1 0.2 -1.7
v -0.1 0.2 -1.8
v -0.1 0.2 -1.9
v -0.1 0.2 -2
v -0.1 0.2 -2.1
v -0.1 0.2 -2.2
v -0.1 0.2 -2.3
v -0.1 0.2 -2.4
v -0.1 0.2 -2.7
v -0.1 0.2 -2.8
v -0.1 0.2 -2.9
v -0.1 0.2 -3
v -0.1 0.2 -3.1
v -0.1 0.2 -3.2
v -0.1 0.2 -3.3
v -0.1 0.2 -3.4
v -0.1 0.2 -3.5
v -0.1 0.2 -3.6
v -0.1 0.2 -3.7
v -0.1 0.2 -3.8
v -0.1 0.2 -4
v -0.1 0.2 -4.1
v -0.1 0.2 -4.2
v -0.1 0.2 -4.3
v -0.1 0.2 -4.4
v -0.1 0.2 -4.5
v -0.1 0.2 -4.6
v -0.1 0.2 -4.9
v -0.1 0.2 -5
v -0.1 0.2 -5.1
v -0.1 0.2 -5.3
v -0.1 0.2 -5.4
v -0.1 0.2 -5.5
v -0.1 0.2 -5.6
v -0.1 0.2 -5.7
v -0.1 0.2 -5.8
v -0.1 0.2 -5.9
v -0.1 0.2 -6
v -0.1 0.2 -6.1
v -0.1 0.2 -6.2
v -0.1 0.2 -6.3
v -0.1 0.3 6.3
v -0.1 0.3 6.1
v -0.1 0.3 6
v -0.1 0.3 5.9
v -0.1 0.3 5.8
v -0.1 0.3 5.7
v -0.1 0.3 5.6
v -0.1 0.3 5.5
v -0.1 0.3 5.4
v -0.1 0.3 5.3
v -0.1 0.3 5.2
v -0.1 0.3 5.1
v -0.1 0.3 5
v -0.1 0.3 4.9
v -0.1 0.3 4.8
v -0.1 0.3 4.7
v -0.1 0.3 4.5
v -0.1 0.3 4.4
v -0.1 0.3 4.3
v -0.1 0.3 4.2
v -0.1 0.3 4.1
v -0.1 0.3 4
v -0.1 0.3 3.9
v -0.1 0.3 3.8
v -0.1 0.3 3.7
v -0.1 0.3 3.6
v -0.1 0.3 3.4
v -0.1 0.3 3.3
v -0.1 0.3 3.2
v -0.1 0.3 3
v -0.1 0.3 2.9
v -0.1 0.3 2.8
v -0.1 0.3 2.7
v -0.1 0.3 2.6
v -0.1 0.3 2.5
v -0.1 0.3 2.4
v -0.1 0.3 2.3
v -0.1 0.3 2.2
v -0.1 0.3 2
v -0.1 0.3 1.9
v -0.1 0.3 1.8
v -0.1 0.3 1.6
v -0.1 0.3 1.5
v -0.1 0.3 1.3
v -0.1 0.3 1.2
v -0.1 0.3 1
v -0.1 0.3 0.9
v -0.1 0.3 0.7
v -0.1 0.3 0.6
v -0.1 0.3 0.5
v -0.1 0.3 0.4
v -0.1 0.3 0.3
v -0.1 0.3 0.2
v -0.1 0.3 0.1
v -0.1 0.3 0
v -0.1 0.3 -0.1
v -0.1 0.3 -0.2
v -0.1 0.3 -0.3
v -0.1 0.3 -0.5
v -0.1 0.3 -0.6
v -0.1 0.3 -0.7
v -0.1 0.3 -0.8
v -0.1 0.3 -0.9
v -0.1 0.3 -1
v -0.1 0.3 -1.2
v -0.1 0.3 -1.3
v -0.1 0.3 -1.4
v -0.1 0.3 -1.5
v -0.1 0.3 -1.6
v -0.1 0.3 -1.7
v -0.1 0.3 -1.8
v -0.1 0.3 -1.9
v -0.1 0.3 -2.1
v -0.1 0.3 -2.2
v -0.1 0.3 -2.3
v -0.1 0.3 -2.4
v -0.1 0.3 -2.5
v -0.1 0.3 -2.6
v -0.1 0.3 -2.7
v -0.1 0.3 -2.8
v -0.1 0.3 -2.9
v -0.1 0.3 -3
v -0.1 0.3 -3.1
v -0.1 0.3 -3.2
v -0.1 0.3 -3.4
v -0.1 0.3 -3.5
v -0.1 0.3 -3.6
v -0.1 0.3 -3.7
v -0.1 0.3 -3.8
v -0.1 0.3 -4
v -0.1 0.3 -4.1
v -0.1 0.3 -4.2
v -0.1 0.3 -4.3
v -0.1 0.3 -4.4
v -0.1 0.3 -4.5
v -0.1 0.3 -4.6
v -0.1 0.3 -4.8
v -0.1 0.3 -5
v -0.1 0.3 -5.1
v -0.1 0.3 -5.3
v -0.1 0.3 -5.4
v -0.1 0.3 -5.5
v -0.1 0.3 -5.6
v -0.1 0.3 -5.7
v -0.1 0.3 -5.8
v -0.1 0.3 -5.9
v -0.1 0.3 -6
v -0.1 0.3 -6.1
v -0.1 0.3 -6.2
v -0.1 0.3 -6.3
v -0.1 0.4 6.3
v -0.1 0.4 6.2
v -0.1 0.4 6.1
v -0.1 0.4 6
v -0.1 0.4 5.9
v -0.1 0.4 5.6
v -0.1 0.4 5.5
v -0.1 0.4 5.4
v -0.1 0.4 5.3
v -0.1 0.4 5.2
v -0.1 0.4 5.1
v -0.1 0.4 5
v -0.1 0.4 4.9
v -0.1 0.4 4.8
v -0.1 0.4 4.7
v -0.1 0.4 4.6
v -0.1 0.4 4.5
v -0.1 0.4 4.4
v -0.1 0.4 4.3
v -0.1 0.4 4.2
v -0.1 0.4 4.1
v -0.1 0.4 4
v -0.1 0.4 3.9
v -0.1 0.4 3.8
v -0.1 0.4 3.7
v -0.1 0.4 3.6
v -0.1 0.4 3.5
v -0.1 0.4 3.4
v -0.1 0.4 3.2
v -0.1 0.4 3
v -0.1 0.4 2.9
v -0.1 0.4 2.8
v -0.1 0.4 2.7
v -0.1 0.4 2.6
v -0.1 0.4 2.4
v -0.1 0.4 2.3
v -0.1 0.4 2.2
v -0.1 0.4 2.1
v -0.1 0.4 2
v -0.1 0.4 1.9
v -0.1 0.4 1.8
v -0.1 0.4 1.6
v -0.1 0.4 1.5
v -0.1 0.4 1.3
v -0.1 0.4 1.2
v -0.1 0.4 1.1
v -0.1 0.4 1
v -0.1 0.4 0.9
v -0.1 0.4 0.8
v -0.1 0.4 0.7
v -0.1 0.4 0.6
v -0.1 0.4 0.5
v -0.1 0.4 0.4
v -0.1 0.4 0.3
v -0.1 0.4 0.2
v -0.1 0.4 0.1
v -0.1 0.4 0
v -0.1 0.4 -0.1
v -0.1 0.4 -0.2
v -0.1 0.4 -0.3
v -0.1 0.4 -0.4
v -0.1 0.4 -0.5
v -0.1 0.4 -0.6
v -0.1 0.4 -0.7
v -0.1 0.4 -0.8
v -0.1 0.4 -0.9
v -0.1 0.4 -1
v -0.1 0.4 -1.1
v -0.1 0.4 -1.2
v -0.1 0.4 -1.3
v -0.1 0.4 -1.5
v -0.1 0.4 -1.8
v -0.1 0.4 -1.9
v -0.1 0.4 -2
v -0.1 0.4 -2.2
v -0.1 0.4 -2.3
v -0.1 0.4 -2.4
v -0.1 0.4 -2.5
v -0.1 0.4 -2.6
v -0.1 0.4 -2.7
v -0.1 0.4 -2.8
v -0.1 0.4 -2.9
v -0.1 0.4 -3
v -0.1 0.4 -3.1
v -0.1 0.4 -3.2
v -0.1 0.4 -3.3
v -0.1 0.4 -3.4
v -0.1 0.4 -3.5
v -0.1 0.4 -3.6
v -0.1 0.4 -3.9
v -0.1 0.4 -4
v -0.1 0.4 -4.1
v -0.1 0.4 -4.2
v -0.1 0.4 -4.3
v -0.1 0.4 -4.4
v -0.1 0.4 -4.5
v -0.1 0.4 -4.6
v -0.1 0.4 -4.8
v -0.1 0.4 -5
v -0.1 0.4 -5.1
v -0.1 0.4 -5.3
v -0.1 0.4 -5.4
v -0.1 0.4 -5.5
v -0.1 0.4 -5.6
v -0.1 0.4 -5.8
v -0.1 0.4 -6.1
v -0.1 0.4 -6.2
v -0.1 0.5 6.3
v -0.1 0.5 6.2
v -0.1 0.5 6.1
v -0.1 0.5 6
v -0.1 0.5 5.5
v -0.1 0.5 5.1
v -0.1 0.5 5
v -0.1 0.5 4.9
v -0.1 0.5 4.7
v -0.1 0.5 4.6
v -0.1 0.5 4.5
v -0.1 0.5 4.3
v -0.1 0.5 4
v -0.1 0.5 3.9
v -0.1 0.5 3.8
v -0.1 0.5 3.7
v -0.1 0.5 3.6
v -0.1 0.5 3.5
v -0.1 0.5 3.4
v -0.1 0.5 3.2
v -0.1 0.5 3
v -0.1 0.5 2.9
v -0.1 0.5 2.8
v -0.1 0.5 2.7
v -0.1 0.5 2.6
v -0.1 0.5 2.4
v -0.1 0.5 2.2
v -0.1 0.5 2.1
v -0.1 0.5 1.9
v -0.1 0.5 1.3
v -0.1 0.5 1.2
v -0.1 0.5 1.1
v -0.1 0.5 1
v -0.1 0.5 0.9
v -0.1 0.5 0.8
v -0.1 0.5 0.7
v -0.1 0.5 0.6
v -0.1 0.5 0.4
v -0.1 0.5 0.3
v -0.1 0.5 0.2
v -0.1 0.5 0.1
v -0.1 0.5 0
v -0.1 0.5 -0.1
v -0.1 0.5 -0.2
v -0.1 0.5 -0.4
v -0.1 0.5 -0.5
v -0.1 0.5 -0.7
v -0.1 0.5 -0.8
v -0.1 0.5 -1.1
v -0.1 0.5 -1.3
v -0.1 0.5 -1.8
v -0.1 0.5 -2
v -0.1 0.5 -2.2
v -0.1 0.5 -2.3
v -0.1 0.5 -2.4
v -0.1 0.5 -2.5
v -0.1 0.5 -2.6
v -0.1 0.5 -2.7
v -0.1 0.5 -2.9
v -0.1 0.5 -3
v -0.1 0.5 -3.2
v -0.1 0.5 -3.3
v -0.1 0.5 -3.5
v -0.1 0.5 -3.7
v -0.1 0.5 -3.8
v -0.1 0.5 -3.9
v -0.1 0.5 -4.3
v -0.1 0.5 -4.4
v -0.1 0.5 -4.5
v -0.1 0.5 -4.6
v -0.1 0.5 -4.8
v -0.1 0.5 -5.1
v -0.1 0.5 -5.5
v -0.1 0.5 -5.6
v -0.1 0.5 -5.8
v -0.1 0.5 -6.2
v -0.1 0.5 -6.3
v -0.7 0.1 6.3
v -0.7 0.3 6.3
v -0.7 0.4 6.3
v -0.7 0.5 6.3
v -0.6 0 6.3
v -0.6 0.1 6.3
v -0.6 0.2 6.3
v -0.6 0.3 6.3
v -0.6 0.4 6.3
v -0.6 0.5 6.3
v -0.6 0.6 6.3
v -0.5 0.1 6.3
v -0.5 0.2 6.3
v -0.5 0.3 6.3
v -0.5 0.4 6.3
v -0.5 0.5 6.3
v -0.4 0 6.3
v -0.4 0.1 6.3
v -0.4 0.2 6.3
v -0.4 0.3 6.3
v -0.4 0.4 6.3
v -0.4 0.5 6.3
v -0.4 0.6 6.3
v -0.3 0 6.3
v -0.3 0.1 6.3
v -0.3 0.2 6.3
v -0.3 0.3 6.3
v -0.3 0.4 6.3
v -0.3 0.5 6.3
v -0.2 0 6.3
v -0.2 0.1 6.3
v -0.2 0.2 6.3
v -0.2 0.3 6.3
v -0.2 0.4 6.3
v -0.2 0.5 6.3
v -0.2 0.6 6.3
v -0.1 0.1 6.3
v -0.1 0.2 6.3
v -0.1 0.3 6.3
v -0.1 0.4 6.3
v -0.1 0.5 6.3
v -0.7 0.1 -6.3
v -0.7 0.2 -6.3
v -0.7 0.3 -6.3
v -0.7 0.5 -6.3
v -0.6 0 -6.3
v -0.6 0.1 -6.3
v -0.6 0.2 -6.3
v -0.6 0.3 -6.3
v -0.6 0.4 -6.3
v -0.6 0.5 -6.3
v -0.6 0.6 -6.3
v -0.5 0.1 -6.3
v -0.5 0.2 -6.3
v -0.5 0.3 -6.3
v -0.5 0.4 -6.3
v -0.5 0.5 -6.3
v -0.5 0.6 -6.3
v -0.4 0 -6.3
v -0.4 0.1 -6.3
v -0.4 0.2 -6.3
v -0.4 0.3 -6.3
v -0.4 0.4 -6.3
v -0.4 0.5 -6.3
v -0.3 0 -6.3
v -0.3 0.1 -6.3
v -0.3 0.2 -6.3
v -0.3 0.4 -6.3
v -0.3 0.5 -6.3
v -0.3 0.6 -6.3
v -0.2 0 -6.3
v -0.2 0.1 -6.3
v -0.2 0.2 -6.3
v -0.2 0.3 -6.3
v -0.2 0.4 -6.3
v -0.2 0.5 -6.3
v -0.2 0.6 -6.3
v -0.1 0.1 -6.3
v -0.1 0.2 -6.3
v -0.1 0.3 -6.3
v -0.1 0.5 -6.3
v -0.6 0 6.3
v -0.4 0 6.3
v -0.3 0 6.3
v -0.2 0 6.3
v -0.6 0 6.2
v -0.4 0 6.2
v -0.5 0 6.1
v -0.4 0 6.1
v -0.3 0 6.1
v -0.5 0 6
v -0.4 0 6
v -0.3 0 6
v -0.2 0 6
v -0.6 0 5.9
v -0.5 0 5.9
v -0.4 0 5.9
v -0.3 0 5.9
v -0.2 0 5.9
v -0.6 0 5.8
v -0.5 0 5.8
v -0.4 0 5.8
v -0.6 0 5.7
v -0.5 0 5.7
v -0.4 0 5.7
v -0.3 0 5.7
v -0.2 0 5.7
v -0.6 0 5.6
v -0.5 0 5.6
v -0.4 0 5.6
v -0.3 0 5.6
v -0.2 0 5.6
v -0.6 0 5.5
v -0.5 0 5.5
v -0.4 0 5.5
v -0.3 0 5.5
v -0.2 0 5.5
v -0.6 0 5.4
v -0.5 0 5.4
v -0.3 0 5.4
v -0.2 0 5.4
v -0.6 0 5.3
v -0.5 0 5.3
v -0.4 0 5.3
v -0.3 0 5.3
v -0.2 0 5.3
v -0.6 0 5.2
v -0.5 0 5.2
v -0.4 0 5.2
v -0.3 0 5.2
v -0.2 0 5.2
v -0.6 0 5.1
v -0.5 0 5.1
v -0.4 0 5.1
v -0.3 0 5.1
v -0.2 0 5.1
v -0.6 0 5
v -0.5 0 5
v -0.4 0 5
v -0.3 0 5
v -0.2 0 5
v -0.6 0 4.9
v -0.5 0 4.9
v -0.4 0 4.9
v -0.3 0 4.9
v -0.5 0 4.8
v -0.4 0 4.8
v -0.6 0 4.7
v -0.5 0 4.7
v -0.4 0 4.7
v -0.6 0 4.6
v -0.5 0 4.6
v -0.6 0 4.5
v -0.5 0 4.5
v -0.4 0 4.5
v -0.3 0 4.5
v -0.2 0 4.5
v -0.6 0 4.4
v -0.5 0 4.4
v -0.4 0 4.4
v -0.3 0 4.4
v -0.2 0 4.4
v -0.6 0 4.3
v -0.5 0 4.3
v -0.4 0 4.3
v -0.3 0 4.3
v -0.2 0 4.3
v -0.6 0 4.2
v -0.5 0 4.2
v -0.4 0 4.2
v -0.3 0 4.2
v -0.2 0 4.2
v -0.6 0 4.1
v -0.5 0 4.1
v -0.4 0 4.1
v -0.3 0 4.1
v -0.6 0 4
v -0.5 0 4
v -0.4 0 4
v -0.3 0 4
v -0.2 0 4
v -0.6 0 3.9
v -0.5 0 3.9
v -0.4 0 3.9
v -0.3 0 3.9
v -0.2 0 3.9
v -0.6 0 3.8
v -0.3 0 3.8
v -0.2 0 3.8
v -0.5 0 3.7
v -0.4 0 3.7
v -0.3 0 3.7
v -0.2 0 3.7
v -0.6 0 3.6
v -0.5 0 3.6
v -0.4 0 3.6
v -0.3 0 3.6
v -0.2 0 3.6
v -0.6 0 3.5
v -0.5 0 3.5
v -0.4 0 3.5
v -0.5 0 3.4
v -0.4 0 3.4
v -0.3 0 3.4
v -0.2 0 3.4
v -0.6 0 3.3
v -0.5 0 3.3
v -0.3 0 3.3
v -0.2 0 3.3
v -0.6 0 3.2
v -0.5 0 3.2
v -0.4 0 3.2
v -0.3 0 3.2
v -0.5 0 3.1
v -0.4 0 3.1
v -0.3 0 3.1
v -0.2 0 3.1
v -0.6 0 3
v -0.5 0 3
v -0.4 0 3
v -0.3 0 3
v -0.2 0 3
v -0.6 0 2.9
v -0.5 0 2.9
v -0.4 0 2.9
v -0.3 0 2.9
v -0.2 0 2.9
v -0.6 0 2.8
v -0.5 0 2.8
v -0.4 0 2.8
v -0.3 0 2.8
v -0.2 0 2.8
v -0.6 0 2.7
v -0.5 0 2.7
v -0.4 0 2.7
v -0.3 0 2.7
v -0.2 0 2.7
v -0.6 0 2.6
v -0.5 0 2.6
v -0.4 0 2.6
v -0.3 0 2.6
v -0.2 0 2.6
v -0.5 0 2.5
v -0.4 0 2.5
v -0.2 0 2.5
v -0.6 0 2.4
v -0.5 0 2.4
v -0.3 0 2.4
v -0.2 0 2.4
v -0.4 0 2.3
v -0.3 0 2.3
v -0.2 0 2.3
v -0.6 0 2.2
v -0.5 0 2.2
v -0.4 0 2.2
v -0.3 0 2.2
v -0.6 0 2.1
v -0.5 0 2.1
v -0.4 0 2.1
v -0.3 0 2.1
v -0.6 0 2
v -0.5 0 2
v -0.4 0 2
v -0.3 0 2
v -0.2 0 2
v -0.6 0 1.9
v -0.5 0 1.9
v -0.4 0 1.9
v -0.3 0 1.9
v -0.2 0 1.9
v -0.5 0 1.7
v -0.4 0 1.7
v -0.3 0 1.7
v -0.2 0 1.7
v -0.6 0 1.6
v -0.4 0 1.6
v -0.4 0 1.5
v -0.3 0 1.5
v -0.2 0 1.5
v -0.6 0 1.4
v -0.4 0 1.4
v -0.3 0 1.4
v -0.2 0 1.4
v -0.6 0 1.3
v -0.5 0 1.3
v -0.4 0 1.3
v -0.2 0 1.3
v -0.6 0 1.2
v -0.5 0 1.2
v -0.4 0 1.2
v -0.2 0 1.2
v -0.4 0 1.1
v -0.3 0 1.1
v -0.6 0 1
v -0.5 0 1
v -0.4 0 1
v -0.3 0 1
v -0.5 0 0.9
v -0.4 0 0.9
v -0.3 0 0.9
v -0.2 0 0.9
v -0.6 0 0.8
v -0.4 0 0.8
v -0.3 0 0.8
v -0.2 0 0.8
v -0.6 0 0.7
v -0.5 0 0.7
v -0.4 0 0.7
v -0.3 0 0.7
v -0.2 0 0.7
v -0.6 0 0.6
v -0.5 0 0.6
v -0.4 0 0.6
v -0.3 0 0.6
v -0.2 0 0.6
v -0.6 0 0.5
v -0.5 0 0.5
v -0.4 0 0.5
v -0.3 0 0.5
v -0.2 0 0.5
v -0.5 0 0.4
v -0.4 0 0.4
v -0.3 0 0.4
v -0.2 0 0.4
v -0.6 0 0.3
v -0.5 0 0.3
v -0.4 0 0.3
v -0.3 0 0.3
v -0.2 0 0.3
v -0.6 0 0.2
v -0.5 0 0.2
v -0.4 0 0.2
v -0.3 0 0.2
v -0.2 0 0.2
v -0.6 0 0.1
v -0.5 0 0.1
v -0.4 0 0.1
v -0.3 0 0.1
v -0.2 0 0.1
v -0.3 0 0
v -0.2 0 0
v -0.6 0 -0.1
v -0.5 0 -0.1
v -0.4 0 -0.1
v -0.3 0 -0.1
v -0.5 0 -0.2
v -0.4 0 -0.2
v -0.3 0 -0.2
v -0.2 0 -0.2
v -0.4 0 -0.3
v -0.3 0 -0.3
v -0.6 0 -0.4
v -0.5 0 -0.4
v -0.4 0 -0.4
v -0.3 0 -0.4
v -0.2 0 -0.4
v -0.5 0 -0.5
v -0.4 0 -0.5
v -0.3 0 -0.5
v -0.6 0 -0.6
v -0.5 0 -0.6
v -0.4 0 -0.6
v -0.3 0 -0.6
v -0.2 0 -0.6
v -0.5 0 -0.7
v -0.4 0 -0.7
v -0.3 0 -0.7
v -0.2 0 -0.7
v -0.3 0 -0.8
v -0.2 0 -0.8
v -0.6 0 -0.9
v -0.5 0 -0.9
v -0.4 0 -0.9
v -0.3 0 -0.9
v -0.2 0 -0.9
v -0.6 0 -1
v -0.5 0 -1
v -0.3 0 -1
v -0.2 0 -1
v -0.6 0 -1.1
v -0.5 0 -1.1
v -0.4 0 -1.1
v -0.3 0 -1.1
v -0.2 0 -1.1
v -0.6 0 -1.2
v -0.5 0 -1.2
v -0.4 0 -1.2
v -0.3 0 -1.2
v -0.6 0 -1.3
v -0.5 0 -1.3
v -0.4 0 -1.3
v -0.3 0 -1.3
v -0.2 0 -1.3
v -0.6 0 -1.4
v -0.4 0 -1.4
v -0.3 0 -1.4
v -0.2 0 -1.4
v -0.6 0 -1.5
v -0.5 0 -1.5
v -0.4 0 -1.5
v -0.3 0 -1.5
v -0.5 0 -1.6
v -0.4 0 -1.6
v -0.3 0 -1.6
v -0.2 0 -1.6
v -0.4 0 -1.7
v -0.3 0 -1.7
v -0.2 0 -1.7
v -0.5 0 -1.8
v -0.4 0 -1.8
v -0.3 0 -1.8
v -0.2 0 -1.8
v -0.6 0 -1.9
v -0.4 0 -1.9
v -0.3 0 -1.9
v -0.6 0 -2
v -0.4 0 -2
v -0.3 0 -2
v -0.2 0 -2
v -0.6 0 -2.1
v -0.5 0 -2.1
v -0.4 0 -2.1
v -0.3 0 -2.1
v -0.2 0 -2.1
v -0.5 0 -2.2
v -0.4 0 -2.2
v -0.3 0 -2.2
v -0.2 0 -2.2
v -0.6 0 -2.3
v -0.5 0 -2.3
v -0.4 0 -2.3
v -0.3 0 -2.3
v -0.6 0 -2.4
v -0.5 0 -2.4
v -0.4 0 -2.4
v -0.3 0 -2.4
v -0.2 0 -2.4
v -0.5 0 -2.5
v -0.4 0 -2.5
v -0.3 0 -2.5
v -0.2 0 -2.5
v -0.4 0 -2.6
v -0.3 0 -2.6
v -0.2 0 -2.6
v -0.6 0 -2.7
v -0.5 0 -2.7
v -0.4 0 -2.7
v -0.3 0 -2.7
v -0.2 0 -2.7
v -0.6 0 -2.8
v -0.5 0 -2.8
v -0.4 0 -2.8
v -0.3 0 -2.8
v -0.2 0 -2.8
v -0.6 0 -2.9
v -0.5 0 -2.9
v -0.4 0 -2.9
v -0.3 0 -2.9
v -0.2 0 -2.9
v -0.6 0 -3
v -0.5 0 -3
v -0.4 0 -3
v -0.3 0 -3
v -0.6 0 -3.1
v -0.5 0 -3.1
v -0.4 0 -3.1
v -0.3 0 -3.1
v -0.2 0 -3.1
v -0.3 0 -3.2
v -0.2 0 -3.2
v -0.6 0 -3.3
v -0.5 0 -3.3
v -0.4 0 -3.3
v -0.3 0 -3.3
v -0.2 0 -3.3
v -0.6 0 -3.4
v -0.5 0 -3.4
v -0.4 0 -3.4
v -0.3 0 -3.4
v -0.2 0 -3.4
v -0.5 0 -3.5
v -0.4 0 -3.5
v -0.3 0 -3.5
v -0.2 0 -3.5
v -0.6 0 -3.6
v -0.5 0 -3.6
v -0.4 0 -3.6
v -0.3 0 -3.6
v -0.2 0 -3.6
v -0.6 0 -3.7
v -0.5 0 -3.7
v -0.4 0 -3.7
v -0.3 0 -3.7
v -0.2 0 -3.7
v -0.5 0 -3.8
v -0.4 0 -3.8
v -0.3 0 -3.8
v -0.2 0 -3.8
v -0.5 0 -3.9
v -0.4 0 -3.9
v -0.3 0 -3.9
v -0.2 0 -3.9
v -0.6 0 -4
v -0.5 0 -4
v -0.4 0 -4
v -0.5 0 -4.1
v -0.4 0 -4.1
v -0.3 0 -4.1
v -0.2 0 -4.1
v -0.6 0 -4.2
v -0.5 0 -4.2
v -0.4 0 -4.2
v -0.3 0 -4.2
v -0.2 0 -4.2
v -0.4 0 -4.3
v -0.3 0 -4.3
v -0.2 0 -4.3
v -0.6 0 -4.4
v -0.5 0 -4.4
v -0.4 0 -4.4
v -0.3 0 -4.4
v -0.2 0 -4.4
v -0.6 0 -4.5
v -0.5 0 -4.5
v -0.4 0 -4.5
v -0.3 0 -4.5
v -0.2 0 -4.5
v -0.6 0 -4.6
v -0.5 0 -4.6
v -0.3 0 -4.6
v -0.2 0 -4.6
v -0.4 0 -4.7
v -0.3 0 -4.7
v -0.2 0 -4.7
v -0.6 0 -4.8
v -0.5 0 -4.8
v -0.4 0 -4.8
v -0.3 0 -4.8
v -0.2 0 -4.8
v -0.6 0 -4.9
v -0.5 0 -4.9
v -0.4 0 -4.9
v -0.3 0 -4.9
v -0.2 0 -4.9
v -0.6 0 -5
v -0.5 0 -5
v -0.3 0 -5
v -0.2 0 -5
v -0.6 0 -5.1
v -0.5 0 -5.1
v -0.4 0 -5.1
v -0.3 0 -5.1
v -0.2 0 -5.1
v -0.6 0 -5.2
v -0.5 0 -5.2
v -0.4 0 -5.2
v -0.3 0 -5.2
v -0.2 0 -5.2
v -0.5 0 -5.3
v -0.3 0 -5.3
v -0.2 0 -5.3
v -0.5 0 -5.4
v -0.3 0 -5.4
v -0.6 0 -5.5
v -0.5 0 -5.5
v -0.3 0 -5.5
v -0.2 0 -5.5
v -0.6 0 -5.6
v -0.5 0 -5.6
v -0.4 0 -5.6
v -0.3 0 -5.6
v -0.6 0 -5.7
v -0.5 0 -5.7
v -0.4 0 -5.7
v -0.2 0 -5.7
v -0.6 0 -5.8
v -0.4 0 -5.8
v -0.6 0 -5.9
v -0.5 0 -5.9
v -0.6 0 -6
v -0.5 0 -6
v -0.4 0 -6
v -0.3 0 -6
v -0.2 0 -6
v -0.6 0 -6.1
v -0.5 0 -6.1
v -0.4 0 -6.1
v -0.3 0 -6.1
v -0.6 0 -6.2
v -0.5 0 -6.2
v -0.4 0 -6.2
v -0.3 0 -6.2
v -0.2 0 -6.2
v -0.6 0 -6.3
v -0.4 0 -6.3
v -0.3 0 -6.3
v -0.2 0 -6.3
v -0.7 0.1 6.3
v -0.6 0.1 6.3
v -0.2 0.1 6.3
v -0.1 0.1 6.3
v -0.7 0.1 6.2
v -0.6 0.1 6.2
v -0.7 0.1 6.1
v -0.6 0.1 6.1
v -0.2 0.1 6.1
v -0.1 0.1 6.1
v -0.7 0.1 6
v -0.6 0.1 6
v -0.2 0.1 6
v -0.1 0.1 6
v -0.7 0.1 5.9
v -0.6 0.1 5.9
v -0.2 0.1 5.9
v -0.1 0.1 5.9
v -0.7 0.1 5.8
v -0.6 0.1 5.8
v -0.7 0.1 5.7
v -0.6 0.1 5.7
v -0.2 0.1 5.7
v -0.1 0.1 5.7
v -0.7 0.1 5.6
v -0.6 0.1 5.6
v -0.2 0.1 5.6
v -0.1 0.1 5.6
v -0.6 0.1 5.5
v -0.2 0.1 5.5
v -0.1 0.1 5.5
v -0.7 0.1 5.4
v -0.6 0.1 5.4
v -0.2 0.1 5.4
v -0.1 0.1 5.4
v -0.6 0.1 5.3
v -0.2 0.1 5.3
v -0.1 0.1 5.3
v -0.7 0.1 5.2
v -0.6 0.1 5.2
v -0.2 0.1 5.2
v -0.6 0.1 5.1
v -0.2 0.1 5.1
v -0.1 0.1 5.1
v -0.6 0.1 5
v -0.2 0.1 5
v -0.1 0.1 5
v -0.7 0.1 4.9
v -0.6 0.1 4.9
v -0.2 0.1 4.8
v -0.1 0.1 4.8
v -0.7 0.1 4.7
v -0.6 0.1 4.7
v -0.7 0.1 4.6
v -0.6 0.1 4.6
v -0.7 0.1 4.5
v -0.6 0.1 4.5
v -0.2 0.1 4.5
v -0.1 0.1 4.5
v -0.6 0.1 4.4
v -0.2 0.1 4.4
v -0.1 0.1 4.4
v -0.7 0.1 4.3
v -0.6 0.1 4.3
v -0.2 0.1 4.3
v -0.1 0.1 4.3
v -0.7 0.1 4.2
v -0.6 0.1 4.2
v -0.2 0.1 4.2
v -0.1 0.1 4.2
v -0.7 0.1 4.1
v -0.6 0.1 4.1
v -0.2 0.1 4.1
v -0.1 0.1 4.1
v -0.6 0.1 4
v -0.2 0.1 4
v -0.7 0.1 3.9
v -0.6 0.1 3.9
v -0.2 0.1 3.9
v -0.1 0.1 3.9
v -0.7 0.1 3.8
v -0.6 0.1 3.8
v -0.2 0.1 3.8
v -0.1 0.1 3.8
v -0.7 0.1 3.7
v -0.6 0.1 3.7
v -0.2 0.1 3.7
v -0.7 0.1 3.6
v -0.6 0.1 3.6
v -0.2 0.1 3.6
v -0.1 0.1 3.6
v -0.7 0.1 3.5
v -0.6 0.1 3.5
v -0.2 0.1 3.5
v -0.1 0.1 3.5
v -0.7 0.1 3.4
v -0.6 0.1 3.4
v -0.2 0.1 3.4
v -0.7 0.1 3.3
v -0.6 0.1 3.3
v -0.2 0.1 3.3
v -0.1 0.1 3.3
v -0.7 0.1 3.2
v -0.6 0.1 3.2
v -0.2 0.1 3.2
v -0.1 0.1 3.2
v -0.7 0.1 3.1
v -0.6 0.1 3.1
v -0.2 0.1 3.1
v -0.6 0.1 3
v -0.2 0.1 3
v -0.6 0.1 2.9
v -0.2 0.1 2.9
v -0.1 0.1 2.9
v -0.6 0.1 2.8
v -0.2 0.1 2.8
v -0.6 0.1 2.7
v -0.2 0.1 2.7
v -0.1 0.1 2.7
v -0.6 0.1 2.6
v -0.2 0.1 2.6
v -0.1 0.1 2.6
v -0.7 0.1 2.5
v -0.6 0.1 2.5
v -0.2 0.1 2.5
v -0.1 0.1 2.5
v -0.7 0.1 2.4
v -0.6 0.1 2.4
v -0.2 0.1 2.4
v -0.7 0.1 2.3
v -0.6 0.1 2.3
v -0.2 0.1 2.3
v -0.1 0.1 2.3
v -0.6 0.1 2.2
v -0.2 0.1 2.2
v -0.1 0.1 2.2
v -0.7 0.1 2.1
v -0.6 0.1 2.1
v -0.7 0.1 2
v -0.6 0.1 2
v -0.2 0.1 2
v -0.7 0.1 1.9
v -0.6 0.1 1.9
v -0.2 0.1 1.9
v -0.7 0.1 1.8
v -0.6 0.1 1.8
v -0.2 0.1 1.8
v -0.1 0.1 1.8
v -0.7 0.1 1.7
v -0.6 0.1 1.7
v -0.2 0.1 1.7
v -0.1 0.1 1.7
v -0.6 0.1 1.6
v -0.2 0.1 1.6
v -0.1 0.1 1.6
v -0.2 0.1 1.5
v -0.1 0.1 1.5
v -0.6 0.1 1.4
v -0.2 0.1 1.4
v -0.6 0.1 1.3
v -0.2 0.1 1.3
v -0.1 0.1 1.3
v -0.6 0.1 1.2
v -0.2 0.1 1.2
v -0.1 0.1 1.2
v -0.7 0.1 1.1
v -0.6 0.1 1.1
v -0.2 0.1 1.1
v -0.1 0.1 1.1
v -0.7 0.1 1
v -0.6 0.1 1
v -0.2 0.1 0.9
v -0.6 0.1 0.8
v -0.2 0.1 0.8
v -0.6 0.1 0.7
v -0.2 0.1 0.7
v -0.1 0.1 0.7
v -0.6 0.1 0.6
v -0.2 0.1 0.6
v -0.6 0.1 0.5
v -0.2 0.1 0.5
v -0.1 0.1 0.5
v -0.2 0.1 0.4
v -0.6 0.1 0.3
v -0.2 0.1 0.3
v -0.1 0.1 0.3
v -0.7 0.1 0.2
v -0.6 0.1 0.2
v -0.2 0.1 0.2
v -0.7 0.1 0.1
v -0.6 0.1 0.1
v -0.2 0.1 0.1
v -0.1 0.1 0.1
v -0.2 0.1 0
v -0.1 0.1 0
v -0.6 0.1 -0.1
v -0.2 0.1 -0.1
v -0.1 0.1 -0.1
v -0.7 0.1 -0.2
v -0.6 0.1 -0.2
v -0.2 0.1 -0.2
v -0.7 0.1 -0.4
v -0.6 0.1 -0.4
v -0.2 0.1 -0.4
v -0.1 0.1 -0.4
v -0.2 0.1 -0.5
v -0.1 0.1 -0.5
v -0.7 0.1 -0.6
v -0.6 0.1 -0.6
v -0.2 0.1 -0.6
v -0.1 0.1 -0.6
v -0.7 0.1 -0.7
v -0.6 0.1 -0.7
v -0.2 0.1 -0.7
v -0.2 0.1 -0.8
v -0.1 0.1 -0.8
v -0.6 0.1 -0.9
v -0.2 0.1 -0.9
v -0.6 0.1 -1
v -0.2 0.1 -1
v -0.7 0.1 -1.1
v -0.6 0.1 -1.1
v -0.2 0.1 -1.1
v -0.1 0.1 -1.1
v -0.7 0.1 -1.2
v -0.6 0.1 -1.2
v -0.2 0.1 -1.2
v -0.1 0.1 -1.2
v -0.7 0.1 -1.3
v -0.6 0.1 -1.3
v -0.2 0.1 -1.3
v -0.1 0.1 -1.3
v -0.7 0.1 -1.4
v -0.6 0.1 -1.4
v -0.2 0.1 -1.4
v -0.1 0.1 -1.4
v -0.7 0.1 -1.5
v -0.6 0.1 -1.5
v -0.7 0.1 -1.6
v -0.6 0.1 -1.6
v -0.2 0.1 -1.6
v -0.7 0.1 -1.7
v -0.6 0.1 -1.7
v -0.2 0.1 -1.7
v -0.1 0.1 -1.7
v -0.2 0.1 -1.8
v -0.1 0.1 -1.8
v -0.7 0.1 -1.9
v -0.6 0.1 -1.9
v -0.2 0.1 -1.9
v -0.1 0.1 -1.9
v -0.7 0.1 -2
v -0.6 0.1 -2
v -0.2 0.1 -2
v -0.1 0.1 -2
v -0.6 0.1 -2.1
v -0.2 0.1 -2.1
v -0.1 0.1 -2.1
v -0.2 0.1 -2.2
v -0.1 0.1 -2.2
v -0.7 0.1 -2.3
v -0.6 0.1 -2.3
v -0.2 0.1 -2.3
v -0.1 0.1 -2.3
v -0.7 0.1 -2.4
v -0.6 0.1 -2.4
v -0.2 0.1 -2.4
v -0.1 0.1 -2.4
v -0.7 0.1 -2.5
v -0.6 0.1 -2.5
v -0.2 0.1 -2.5
v -0.2 0.1 -2.6
v -0.6 0.1 -2.7
v -0.2 0.1 -2.7
v -0.1 0.1 -2.7
v -0.6 0.1 -2.8
v -0.2 0.1 -2.8
v -0.1 0.1 -2.8
v -0.7 0.1 -2.9
v -0.6 0.1 -2.9
v -0.2 0.1 -2.9
v -0.1 0.1 -2.9
v -0.7 0.1 -3
v -0.6 0.1 -3
v -0.2 0.1 -3
v -0.1 0.1 -3
v -0.7 0.1 -3.1
v -0.6 0.1 -3.1
v -0.2 0.1 -3.1
v -0.1 0.1 -3.1
v -0.7 0.1 -3.2
v -0.6 0.1 -3.2
v -0.2 0.1 -3.2
v -0.1 0.1 -3.2
v -0.7 0.1 -3.3
v -0.6 0.1 -3.3
v -0.2 0.1 -3.3
v -0.1 0.1 -3.3
v -0.7 0.1 -3.4
v -0.6 0.1 -3.4
v -0.2 0.1 -3.4
v -0.1 0.1 -3.4
v -0.7 0.1 -3.5
v -0.6 0.1 -3.5
v -0.2 0.1 -3.5
v -0.7 0.1 -3.6
v -0.6 0.1 -3.6
v -0.2 0.1 -3.6
v -0.1 0.1 -3.6
v -0.7 0.1 -3.7
v -0.6 0.1 -3.7
v -0.2 0.1 -3.7
v -0.1 0.1 -3.7
v -0.7 0.1 -3.8
v -0.6 0.1 -3.8
v -0.2 0.1 -3.8
v -0.1 0.1 -3.8
v -0.7 0.1 -3.9
v -0.6 0.1 -3.9
v -0.2 0.1 -3.9
v -0.7 0.1 -4
v -0.6 0.1 -4
v -0.7 0.1 -4.1
v -0.6 0.1 -4.1
v -0.2 0.1 -4.1
v -0.1 0.1 -4.1
v -0.6 0.1 -4.2
v -0.2 0.1 -4.2
v -0.1 0.1 -4.2
v -0.2 0.1 -4.3
v -0.1 0.1 -4.3
v -0.6 0.1 -4.4
v -0.2 0.1 -4.4
v -0.1 0.1 -4.4
v -0.7 0.1 -4.5
v -0.6 0.1 -4.5
v -0.2 0.1 -4.5
v -0.1 0.1 -4.5
v -0.7 0.1 -4.6
v -0.6 0.1 -4.6
v -0.2 0.1 -4.6
v -0.1 0.1 -4.6
v -0.7 0.1 -4.7
v -0.6 0.1 -4.7
v -0.2 0.1 -4.7
v -0.6 0.1 -4.8
v -0.2 0.1 -4.8
v -0.7 0.1 -4.9
v -0.6 0.1 -4.9
v -0.2 0.1 -4.9
v -0.1 0.1 -4.9
v -0.7 0.1 -5
v -0.6 0.1 -5
v -0.2 0.1 -5
v -0.1 0.1 -5
v -0.6 0.1 -5.1
v -0.2 0.1 -5.1
v -0.1 0.1 -5.1
v -0.7 0.1 -5.2
v -0.6 0.1 -5.2
v -0.2 0.1 -5.2
v -0.7 0.1 -5.3
v -0.6 0.1 -5.3
v -0.2 0.1 -5.3
v -0.1 0.1 -5.3
v -0.7 0.1 -5.4
v -0.6 0.1 -5.4
v -0.2 0.1 -5.4
v -0.1 0.1 -5.4
v -0.6 0.1 -5.5
v -0.2 0.1 -5.5
v -0.1 0.1 -5.5
v -0.7 0.1 -5.6
v -0.6 0.1 -5.6
v -0.2 0.1 -5.6
v -0.1 0.1 -5.6
v -0.7 0.1 -5.7
v -0.6 0.1 -5.7
v -0.2 0.1 -5.7
v -0.6 0.1 -5.8
v -0.2 0.1 -5.8
v -0.1 0.1 -5.8
v -0.6 0.1 -5.9
v -0.2 0.1 -5.9
v -0.1 0.1 -5.9
v -0.7 0.1 -6
v -0.6 0.1 -6
v -0.2 0.1 -6
v -0.7 0.1 -6.1
v -0.6 0.1 -6.1
v -0.2 0.1 -6.1
v -0.1 0.1 -6.1
v -0.6 0.1 -6.2
v -0.2 0.1 -6.2
v -0.1 0.1 -6.2
v -0.7 0.1 -6.3
v -0.6 0.1 -6.3
v -0.2 0.1 -6.3
v -0.1 0.1 -6.3
v -0.7 0.5 6.3
v -0.6 0.5 6.3
v -0.2 0.5 6.3
v -0.1 0.5 6.3
v -0.2 0.5 6.2
v -0.1 0.5 6.2
v -0.7 0.5 6.1
v -0.6 0.5 6.1
v -0.2 0.5 6.1
v -0.1 0.5 6.1
v -0.7 0.5 6
v -0.6 0.5 6
v -0.2 0.5 6
v -0.1 0.5 6
v -0.7 0.5 5.9
v -0.6 0.5 5.9
v -0.7 0.5 5.8
v -0.6 0.5 5.8
v -0.2 0.5 5.8
v -0.7 0.5 5.7
v -0.6 0.5 5.7
v -0.2 0.5 5.7
v -0.7 0.5 5.6
v -0.6 0.5 5.6
v -0.2 0.5 5.6
v -0.6 0.5 5.5
v -0.2 0.5 5.5
v -0.1 0.5 5.5
v -0.6 0.5 5.4
v -0.7 0.5 5.3
v -0.6 0.5 5.3
v -0.2 0.5 5.3
v -0.7 0.5 5.2
v -0.6 0.5 5.2
v -0.2 0.5 5.2
v -0.7 0.5 5.1
v -0.6 0.5 5.1
v -0.2 0.5 5.1
v -0.1 0.5 5.1
v -0.7 0.5 5
v -0.6 0.5 5
v -0.2 0.5 5
v -0.1 0.5 5
v -0.7 0.5 4.9
v -0.6 0.5 4.9
v -0.2 0.5 4.9
v -0.1 0.5 4.9
v -0.2 0.5 4.8
v -0.6 0.5 4.7
v -0.2 0.5 4.7
v -0.1 0.5 4.7
v -0.7 0.5 4.6
v -0.6 0.5 4.6
v -0.2 0.5 4.6
v -0.1 0.5 4.6
v -0.2 0.5 4.5
v -0.1 0.5 4.5
v -0.7 0.5 4.3
v -0.6 0.5 4.3
v -0.2 0.5 4.3
v -0.1 0.5 4.3
v -0.6 0.5 4.2
v -0.2 0.5 4.2
v -0.7 0.5 4.1
v -0.6 0.5 4.1
v -0.2 0.5 4.1
v -0.7 0.5 4
v -0.6 0.5 4
v -0.2 0.5 4
v -0.1 0.5 4
v -0.7 0.5 3.9
v -0.6 0.5 3.9
v -0.2 0.5 3.9
v -0.1 0.5 3.9
v -0.7 0.5 3.8
v -0.6 0.5 3.8
v -0.2 0.5 3.8
v -0.1 0.5 3.8
v -0.7 0.5 3.7
v -0.6 0.5 3.7
v -0.2 0.5 3.7
v -0.1 0.5 3.7
v -0.7 0.5 3.6
v -0.6 0.5 3.6
v -0.2 0.5 3.6
v -0.1 0.5 3.6
v -0.2 0.5 3.5
v -0.1 0.5 3.5
v -0.7 0.5 3.4
v -0.6 0.5 3.4
v -0.2 0.5 3.4
v -0.1 0.5 3.4
v -0.7 0.5 3.3
v -0.6 0.5 3.3
v -0.7 0.5 3.2
v -0.6 0.5 3.2
v -0.2 0.5 3.2
v -0.1 0.5 3.2
v -0.6 0.5 3.1
v -0.6 0.5 3
v -0.2 0.5 3
v -0.1 0.5 3
v -0.2 0.5 2.9
v -0.1 0.5 2.9
v -0.6 0.5 2.8
v -0.2 0.5 2.8
v -0.1 0.5 2.8
v -0.7 0.5 2.7
v -0.6 0.5 2.7
v -0.2 0.5 2.7
v -0.1 0.5 2.7
v -0.7 0.5 2.6
v -0.6 0.5 2.6
v -0.2 0.5 2.6
v -0.1 0.5 2.6
v -0.7 0.5 2.5
v -0.6 0.5 2.5
v -0.2 0.5 2.5
v -0.7 0.5 2.4
v -0.6 0.5 2.4
v -0.2 0.5 2.4
v -0.1 0.5 2.4
v -0.6 0.5 2.3
v -0.2 0.5 2.3
v -0.7 0.5 2.2
v -0.6 0.5 2.2
v -0.2 0.5 2.2
v -0.1 0.5 2.2
v -0.7 0.5 2.1
v -0.6 0.5 2.1
v -0.2 0.5 2.1
v -0.1 0.5 2.1
v -0.7 0.5 2
v -0.6 0.5 2
v -0.7 0.5 1.9
v -0.6 0.5 1.9
v -0.2 0.5 1.9
v -0.1 0.5 1.9
v -0.6 0.5 1.8
v -0.2 0.5 1.8
v -0.7 0.5 1.7
v -0.6 0.5 1.7
v -0.7 0.5 1.6
v -0.6 0.5 1.6
v -0.2 0.5 1.6
v -0.7 0.5 1.5
v -0.6 0.5 1.5
v -0.2 0.5 1.5
v -0.7 0.5 1.4
v -0.6 0.5 1.4
v -0.7 0.5 1.3
v -0.6 0.5 1.3
v -0.2 0.5 1.3
v -0.1 0.5 1.3
v -0.7 0.5 1.2
v -0.6 0.5 1.2
v -0.2 0.5 1.2
v -0.1 0.5 1.2
v -0.7 0.5 1.1
v -0.6 0.5 1.1
v -0.2 0.5 1.1
v -0.1 0.5 1.1
v -0.7 0.5 1
v -0.6 0.5 1
v -0.2 0.5 1
v -0.1 0.5 1
v -0.7 0.5 0.9
v -0.6 0.5 0.9
v -0.2 0.5 0.9
v -0.1 0.5 0.9
v -0.7 0.5 0.8
v -0.6 0.5 0.8
v -0.2 0.5 0.8
v -0.1 0.5 0.8
v -0.7 0.5 0.7
v -0.6 0.5 0.7
v -0.2 0.5 0.7
v -0.1 0.5 0.7
v -0.7 0.5 0.6
v -0.6 0.5 0.6
v -0.2 0.5 0.6
v -0.1 0.5 0.6
v -0.7 0.5 0.5
v -0.6 0.5 0.5
v -0.2 0.5 0.5
v -0.6 0.5 0.4
v -0.2 0.5 0.4
v -0.1 0.5 0.4
v -0.7 0.5 0.3
v -0.6 0.5 0.3
v -0.2 0.5 0.3
v -0.1 0.5 0.3
v -0.7 0.5 0.2
v -0.6 0.5 0.2
v -0.2 0.5 0.2
v -0.1 0.5 0.2
v -0.7 0.5 0.1
v -0.6 0.5 0.1
v -0.2 0.5 0.1
v -0.1 0.5 0.1
v -0.7 0.5 0
v -0.6 0.5 0
v -0.2 0.5 0
v -0.1 0.5 0
v -0.2 0.5 -0.1
v -0.1 0.5 -0.1
v -0.7 0.5 -0.2
v -0.6 0.5 -0.2
v -0.2 0.5 -0.2
v -0.1 0.5 -0.2
v -0.6 0.5 -0.3
v -0.2 0.5 -0.4
v -0.1 0.5 -0.4
v -0.7 0.5 -0.5
v -0.6 0.5 -0.5
v -0.2 0.5 -0.5
v -0.1 0.5 -0.5
v -0.7 0.5 -0.6
v -0.6 0.5 -0.6
v -0.2 0.5 -0.6
v -0.7 0.5 -0.7
v -0.6 0.5 -0.7
v -0.2 0.5 -0.7
v -0.1 0.5 -0.7
v -0.7 0.5 -0.8
v -0.6 0.5 -0.8
v -0.2 0.5 -0.8
v -0.1 0.5 -0.8
v -0.6 0.5 -0.9
v -0.2 0.5 -0.9
v -0.7 0.5 -1
v -0.6 0.5 -1
v -0.6 0.5 -1.1
v -0.2 0.5 -1.1
v -0.1 0.5 -1.1
v -0.7 0.5 -1.2
v -0.6 0.5 -1.2
v -0.2 0.5 -1.2
v -0.6 0.5 -1.3
v -0.2 0.5 -1.3
v -0.1 0.5 -1.3
v -0.7 0.5 -1.4
v -0.6 0.5 -1.4
v -0.2 0.5 -1.4
v -0.6 0.5 -1.5
v -0.2 0.5 -1.5
v -0.7 0.5 -1.6
v -0.6 0.5 -1.6
v -0.2 0.5 -1.6
v -0.7 0.5 -1.7
v -0.6 0.5 -1.7
v -0.6 0.5 -1.8
v -0.2 0.5 -1.8
v -0.1 0.5 -1.8
v -0.7 0.5 -1.9
v -0.6 0.5 -1.9
v -0.7 0.5 -2
v -0.6 0.5 -2
v -0.2 0.5 -2
v -0.1 0.5 -2
v -0.7 0.5 -2.1
v -0.6 0.5 -2.1
v -0.7 0.5 -2.2
v -0.6 0.5 -2.2
v -0.2 0.5 -2.2
v -0.1 0.5 -2.2
v -0.6 0.5 -2.3
v -0.2 0.5 -2.3
v -0.1 0.5 -2.3
v -0.7 0.5 -2.4
v -0.6 0.5 -2.4
v -0.2 0.5 -2.4
v -0.1 0.5 -2.4
v -0.6 0.5 -2.5
v -0.2 0.5 -2.5
v -0.1 0.5 -2.5
v -0.6 0.5 -2.6
v -0.2 0.5 -2.6
v -0.1 0.5 -2.6
v -0.7 0.5 -2.7
v -0.6 0.5 -2.7
v -0.2 0.5 -2.7
v -0.1 0.5 -2.7
v -0.7 0.5 -2.8
v -0.6 0.5 -2.8
v -0.2 0.5 -2.8
v -0.6 0.5 -2.9
v -0.2 0.5 -2.9
v -0.1 0.5 -2.9
v -0.2 0.5 -3
v -0.1 0.5 -3
v -0.7 0.5 -3.1
v -0.6 0.5 -3.1
v -0.2 0.5 -3.1
v -0.7 0.5 -3.2
v -0.6 0.5 -3.2
v -0.2 0.5 -3.2
v -0.1 0.5 -3.2
v -0.6 0.5 -3.3
v -0.2 0.5 -3.3
v -0.1 0.5 -3.3
v -0.6 0.5 -3.4
v -0.2 0.5 -3.4
v -0.7 0.5 -3.5
v -0.6 0.5 -3.5
v -0.2 0.5 -3.5
v -0.1 0.5 -3.5
v -0.6 0.5 -3.6
v -0.7 0.5 -3.7
v -0.6 0.5 -3.7
v -0.2 0.5 -3.7
v -0.1 0.5 -3.7
v -0.7 0.5 -3.8
v -0.6 0.5 -3.8
v -0.2 0.5 -3.8
v -0.1 0.5 -3.8
v -0.7 0.5 -3.9
v -0.6 0.5 -3.9
v -0.2 0.5 -3.9
v -0.1 0.5 -3.9
v -0.6 0.5 -4
v -0.7 0.5 -4.1
v -0.6 0.5 -4.1
v -0.7 0.5 -4.2
v -0.6 0.5 -4.2
v -0.2 0.5 -4.2
v -0.7 0.5 -4.3
v -0.6 0.5 -4.3
v -0.2 0.5 -4.3
v -0.1 0.5 -4.3
v -0.2 0.5 -4.4
v -0.1 0.5 -4.4
v -0.7 0.5 -4.5
v -0.6 0.5 -4.5
v -0.2 0.5 -4.5
v -0.1 0.5 -4.5
v -0.6 0.5 -4.6
v -0.2 0.5 -4.6
v -0.1 0.5 -4.6
v -0.7 0.5 -4.7
v -0.6 0.5 -4.7
v -0.2 0.5 -4.7
v -0.7 0.5 -4.8
v -0.6 0.5 -4.8
v -0.2 0.5 -4.8
v -0.1 0.5 -4.8
v -0.7 0.5 -4.9
v -0.6 0.5 -4.9
v -0.7 0.5 -5
v -0.6 0.5 -5
v -0.2 0.5 -5
v -0.6 0.5 -5.1
v -0.2 0.5 -5.1
v -0.1 0.5 -5.1
v -0.7 0.5 -5.2
v -0.6 0.5 -5.2
v -0.2 0.5 -5.2
v -0.7 0.5 -5.3
v -0.6 0.5 -5.3
v -0.2 0.5 -5.3
v -0.7 0.5 -5.4
v -0.6 0.5 -5.4
v -0.2 0.5 -5.4
v -0.6 0.5 -5.5
v -0.2 0.5 -5.5
v -0.1 0.5 -5.5
v -0.7 0.5 -5.6
v -0.6 0.5 -5.6
v -0.2 0.5 -5.6
v -0.1 0.5 -5.6
v -0.7 0.5 -5.7
v -0.6 0.5 -5.7
v -0.7 0.5 -5.8
v -0.6 0.5 -5.8
v -0.2 0.5 -5.8
v -0.1 0.5 -5.8
v -0.7 0.5 -5.9
v -0.6 0.5 -5.9
v -0.2 0.5 -5.9
v -0.6 0.5 -6
v -0.6 0.5 -6.1
v -0.2 0.5 -6.1
v -0.7 0.5 -6.2
v -0.6 0.5 -6.2
v -0.2 0.5 -6.2
v -0.1 0.5 -6.2
v -0.7 0.5 -6.3
v -0.6 0.5 -6.3
v -0.2 0.5 -6.3
v -0.1 0.5 -6.3
v -0.6 0.6 6.3
v -0.4 0.6 6.3
v -0.2 0.6 6.3
v -0.5 0.6 6.1
v -0.4 0.6 6.1
v -0.2 0.6 6.1
v -0.5 0.6 6
v -0.4 0.6 6
v -0.3 0.6 6
v -0.6 0.6 5.9
v -0.5 0.6 5.9
v -0.4 0.6 5.9
v -0.3 0.6 5.9
v -0.6 0.6 5.8
v -0.5 0.6 5.8
v -0.4 0.6 5.8
v -0.3 0.6 5.8
v -0.2 0.6 5.8
v -0.6 0.6 5.7
v -0.5 0.6 5.7
v -0.3 0.6 5.7
v -0.2 0.6 5.7
v -0.6 0.6 5.6
v -0.5 0.6 5.6
v -0.4 0.6 5.6
v -0.3 0.6 5.6
v -0.2 0.6 5.6
v -0.6 0.6 5.5
v -0.5 0.6 5.5
v -0.4 0.6 5.5
v -0.3 0.6 5.5
v -0.2 0.6 5.5
v -0.6 0.6 5.4
v -0.5 0.6 5.4
v -0.4 0.6 5.4
v -0.6 0.6 5.3
v -0.5 0.6 5.3
v -0.4 0.6 5.3
v -0.3 0.6 5.3
v -0.2 0.6 5.3
v -0.5 0.6 5.2
v -0.4 0.6 5.2
v -0.2 0.6 5.2
v -0.4 0.6 5.1
v -0.3 0.6 5.1
v -0.6 0.6 5
v -0.5 0.6 5
v -0.4 0.6 5
v -0.3 0.6 5
v -0.2 0.6 5
v -0.5 0.6 4.9
v -0.4 0.6 4.9
v -0.3 0.6 4.9
v -0.5 0.6 4.8
v -0.4 0.6 4.8
v -0.3 0.6 4.8
v -0.2 0.6 4.8
v -0.6 0.6 4.7
v -0.5 0.6 4.7
v -0.3 0.6 4.7
v -0.2 0.6 4.7
v -0.6 0.6 4.6
v -0.5 0.6 4.6
v -0.3 0.6 4.6
v -0.2 0.6 4.6
v -0.5 0.6 4.5
v -0.3 0.6 4.5
v -0.2 0.6 4.5
v -0.5 0.6 4.4
v -0.4 0.6 4.4
v -0.3 0.6 4.4
v -0.6 0.6 4.3
v -0.5 0.6 4.3
v -0.4 0.6 4.3
v -0.6 0.6 4.2
v -0.5 0.6 4.2
v -0.4 0.6 4.2
v -0.3 0.6 4.2
v -0.2 0.6 4.2
v -0.6 0.6 4.1
v -0.5 0.6 4.1
v -0.4 0.6 4.1
v -0.3 0.6 4.1
v -0.2 0.6 4.1
v -0.6 0.6 4
v -0.5 0.6 4
v -0.4 0.6 4
v -0.3 0.6 4
v -0.2 0.6 4
v -0.6 0.6 3.8
v -0.5 0.6 3.8
v -0.4 0.6 3.8
v -0.3 0.6 3.8
v -0.2 0.6 3.8
v -0.6 0.6 3.7
v -0.5 0.6 3.7
v -0.4 0.6 3.7
v -0.3 0.6 3.7
v -0.6 0.6 3.6
v -0.5 0.6 3.6
v -0.4 0.6 3.6
v -0.2 0.6 3.6
v -0.4 0.6 3.5
v -0.2 0.6 3.5
v -0.6 0.6 3.4
v -0.5 0.6 3.4
v -0.4 0.6 3.4
v -0.6 0.6 3.3
v -0.5 0.6 3.3
v -0.4 0.6 3.3
v -0.6 0.6 3.2
v -0.5 0.6 3.2
v -0.4 0.6 3.2
v -0.2 0.6 3.2
v -0.6 0.6 3.1
v -0.5 0.6 3.1
v -0.4 0.6 3.1
v -0.3 0.6 3.1
v -0.6 0.6 3
v -0.5 0.6 3
v -0.4 0.6 3
v -0.3 0.6 3
v -0.5 0.6 2.9
v -0.4 0.6 2.9
v -0.3 0.6 2.9
v -0.2 0.6 2.9
v -0.6 0.6 2.8
v -0.5 0.6 2.8
v -0.4 0.6 2.8
v -0.3 0.6 2.8
v -0.2 0.6 2.8
v -0.6 0.6 2.7
v -0.5 0.6 2.7
v -0.4 0.6 2.7
v -0.3 0.6 2.7
v -0.2 0.6 2.7
v -0.6 0.6 2.6
v -0.5 0.6 2.6
v -0.3 0.6 2.6
v -0.2 0.6 2.6
v -0.6 0.6 2.5
v -0.5 0.6 2.5
v -0.4 0.6 2.5
v -0.3 0.6 2.5
v -0.2 0.6 2.5
v -0.6 0.6 2.4
v -0.5 0.6 2.4
v -0.4 0.6 2.4
v -0.3 0.6 2.4
v -0.2 0.6 2.4
v -0.6 0.6 2.3
v -0.5 0.6 2.3
v -0.4 0.6 2.3
v -0.3 0.6 2.3
v -0.2 0.6 2.3
v -0.5 0.6 2.2
v -0.4 0.6 2.2
v -0.3 0.6 2.1
v -0.2 0.6 2.1
v -0.6 0.6 2
v -0.5 0.6 2
v -0.3 0.6 2
v -0.6 0.6 1.9
v -0.5 0.6 1.9
v -0.3 0.6 1.9
v -0.2 0.6 1.9
v -0.6 0.6 1.8
v -0.5 0.6 1.8
v -0.3 0.6 1.8
v -0.2 0.6 1.8
v -0.6 0.6 1.7
v -0.5 0.6 1.7
v -0.6 0.6 1.6
v -0.5 0.6 1.6
v -0.4 0.6 1.6
v -0.3 0.6 1.6
v -0.2 0.6 1.6
v -0.5 0.6 1.5
v -0.4 0.6 1.5
v -0.3 0.6 1.5
v -0.2 0.6 1.5
v -0.6 0.6 1.4
v -0.5 0.6 1.4
v -0.4 0.6 1.4
v -0.3 0.6 1.4
v -0.6 0.6 1.3
v -0.5 0.6 1.3
v -0.4 0.6 1.3
v -0.3 0.6 1.3
v -0.2 0.6 1.3
v -0.5 0.6 1.2
v -0.4 0.6 1.2
v -0.3 0.6 1.2
v -0.2 0.6 1.2
v -0.5 0.6 1.1
v -0.4 0.6 1.1
v -0.3 0.6 1.1
v -0.2 0.6 1.1
v -0.6 0.6 1
v -0.5 0.6 1
v -0.4 0.6 1
v -0.3 0.6 1
v -0.2 0.6 1
v -0.6 0.6 0.9
v -0.5 0.6 0.9
v -0.4 0.6 0.9
v -0.3 0.6 0.9
v -0.2 0.6 0.9
v -0.6 0.6 0.8
v -0.5 0.6 0.8
v -0.4 0.6 0.8
v -0.3 0.6 0.8
v -0.6 0.6 0.7
v -0.5 0.6 0.7
v -0.4 0.6 0.7
v -0.3 0.6 0.7
v -0.2 0.6 0.7
v -0.6 0.6 0.5
v -0.5 0.6 0.5
v -0.4 0.6 0.5
v -0.3 0.6 0.5
v -0.2 0.6 0.5
v -0.6 0.6 0.4
v -0.5 0.6 0.4
v -0.6 0.6 0.3
v -0.5 0.6 0.3
v -0.4 0.6 0.3
v -0.3 0.6 0.2
v -0.2 0.6 0.2
v -0.5 0.6 0.1
v -0.3 0.6 0.1
v -0.2 0.6 0.1
v -0.4 0.6 0
v -0.3 0.6 0
v -0.5 0.6 -0.1
v -0.4 0.6 -0.1
v -0.3 0.6 -0.1
v -0.2 0.6 -0.1
v -0.4 0.6 -0.2
v -0.3 0.6 -0.2
v -0.2 0.6 -0.2
v -0.6 0.6 -0.3
v -0.5 0.6 -0.3
v -0.4 0.6 -0.3
v -0.3 0.6 -0.3
v -0.5 0.6 -0.4
v -0.4 0.6 -0.4
v -0.3 0.6 -0.4
v -0.6 0.6 -0.5
v -0.5 0.6 -0.5
v -0.4 0.6 -0.5
v -0.3 0.6 -0.5
v -0.6 0.6 -0.6
v -0.5 0.6 -0.6
v -0.4 0.6 -0.6
v -0.3 0.6 -0.6
v -0.2 0.6 -0.6
v -0.6 0.6 -0.7
v -0.5 0.6 -0.7
v -0.4 0.6 -0.7
v -0.3 0.6 -0.7
v -0.2 0.6 -0.7
v -0.6 0.6 -0.8
v -0.5 0.6 -0.8
v -0.3 0.6 -0.8
v -0.2 0.6 -0.8
v -0.6 0.6 -0.9
v -0.5 0.6 -0.9
v -0.4 0.6 -0.9
v -0.3 0.6 -0.9
v -0.2 0.6 -0.9
v -0.6 0.6 -1
v -0.5 0.6 -1
v -0.4 0.6 -1
v -0.6 0.6 -1.1
v -0.5 0.6 -1.1
v -0.4 0.6 -1.1
v -0.3 0.6 -1.1
v -0.2 0.6 -1.1
v -0.6 0.6 -1.2
v -0.5 0.6 -1.2
v -0.3 0.6 -1.2
v -0.2 0.6 -1.2
v -0.6 0.6 -1.3
v -0.5 0.6 -1.3
v -0.4 0.6 -1.3
v -0.3 0.6 -1.3
v -0.2 0.6 -1.3
v -0.5 0.6 -1.4
v -0.4 0.6 -1.4
v -0.3 0.6 -1.4
v -0.2 0.6 -1.4
v -0.6 0.6 -1.5
v -0.5 0.6 -1.5
v -0.4 0.6 -1.5
v -0.2 0.6 -1.5
v -0.4 0.6 -1.6
v -0.3 0.6 -1.6
v -0.2 0.6 -1.6
v -0.4 0.6 -1.7
v -0.3 0.6 -1.7
v -0.6 0.6 -1.8
v -0.5 0.6 -1.8
v -0.3 0.6 -1.8
v -0.2 0.6 -1.8
v -0.5 0.6 -1.9
v -0.4 0.6 -1.9
v -0.3 0.6 -2
v -0.2 0.6 -2
v -0.6 0.6 -2.1
v -0.5 0.6 -2.1
v -0.4 0.6 -2.1
v -0.3 0.6 -2.1
v -0.6 0.6 -2.2
v -0.5 0.6 -2.2
v -0.4 0.6 -2.2
v -0.3 0.6 -2.2
v -0.2 0.6 -2.2
v -0.6 0.6 -2.3
v -0.5 0.6 -2.3
v -0.4 0.6 -2.3
v -0.6 0.6 -2.4
v -0.5 0.6 -2.4
v -0.3 0.6 -2.4
v -0.2 0.6 -2.4
v -0.6 0.6 -2.5
v -0.5 0.6 -2.5
v -0.4 0.6 -2.5
v -0.3 0.6 -2.5
v -0.6 0.6 -2.6
v -0.5 0.6 -2.6
v -0.4 0.6 -2.6
v -0.3 0.6 -2.6
v -0.2 0.6 -2.6
v -0.5 0.6 -2.7
v -0.4 0.6 -2.7
v -0.5 0.6 -2.8
v -0.4 0.6 -2.8
v -0.3 0.6 -2.8
v -0.2 0.6 -2.8
v -0.6 0.6 -2.9
v -0.5 0.6 -2.9
v -0.4 0.6 -2.9
v -0.3 0.6 -2.9
v -0.2 0.6 -2.9
v -0.5 0.6 -3
v -0.4 0.6 -3
v -0.3 0.6 -3
v -0.2 0.6 -3
v -0.6 0.6 -3.1
v -0.5 0.6 -3.1
v -0.4 0.6 -3.1
v -0.3 0.6 -3.1
v -0.2 0.6 -3.1
v -0.5 0.6 -3.2
v -0.4 0.6 -3.2
v -0.3 0.6 -3.2
v -0.2 0.6 -3.2
v -0.6 0.6 -3.3
v -0.5 0.6 -3.3
v -0.4 0.6 -3.3
v -0.6 0.6 -3.4
v -0.5 0.6 -3.4
v -0.4 0.6 -3.4
v -0.3 0.6 -3.4
v -0.2 0.6 -3.4
v -0.5 0.6 -3.5
v -0.4 0.6 -3.5
v -0.3 0.6 -3.5
v -0.2 0.6 -3.5
v -0.6 0.6 -3.6
v -0.5 0.6 -3.6
v -0.4 0.6 -3.6
v -0.6 0.6 -3.7
v -0.5 0.6 -3.7
v -0.4 0.6 -3.7
v -0.3 0.6 -3.7
v -0.2 0.6 -3.7
v -0.5 0.6 -3.8
v -0.4 0.6 -3.8
v -0.3 0.6 -3.8
v -0.5 0.6 -3.9
v -0.4 0.6 -3.9
v -0.3 0.6 -3.9
v -0.2 0.6 -3.9
v -0.6 0.6 -4
v -0.5 0.6 -4
v -0.4 0.6 -4
v -0.3 0.6 -4
v -0.6 0.6 -4.1
v -0.5 0.6 -4.1
v -0.4 0.6 -4.1
v -0.3 0.6 -4.1
v -0.6 0.6 -4.2
v -0.5 0.6 -4.2
v -0.4 0.6 -4.2
v -0.3 0.6 -4.2
v -0.2 0.6 -4.2
v -0.3 0.6 -4.3
v -0.2 0.6 -4.3
v -0.5 0.6 -4.4
v -0.4 0.6 -4.4
v -0.6 0.6 -4.5
v -0.5 0.6 -4.5
v -0.4 0.6 -4.5
v -0.3 0.6 -4.5
v -0.2 0.6 -4.5
v -0.6 0.6 -4.6
v -0.5 0.6 -4.6
v -0.4 0.6 -4.6
v -0.3 0.6 -4.6
v -0.5 0.6 -4.7
v -0.4 0.6 -4.7
v -0.3 0.6 -4.7
v -0.2 0.6 -4.7
v -0.6 0.6 -4.8
v -0.5 0.6 -4.8
v -0.4 0.6 -4.8
v -0.3 0.6 -4.8
v -0.2 0.6 -4.8
v -0.5 0.6 -4.9
v -0.4 0.6 -4.9
v -0.3 0.6 -4.9
v -0.6 0.6 -5
v -0.5 0.6 -5
v -0.4 0.6 -5
v -0.3 0.6 -5
v -0.2 0.6 -5
v -0.6 0.6 -5.1
v -0.5 0.6 -5.1
v -0.4 0.6 -5.1
v -0.3 0.6 -5.1
v -0.2 0.6 -5.1
v -0.6 0.6 -5.2
v -0.5 0.6 -5.2
v -0.4 0.6 -5.2
v -0.2 0.6 -5.2
v -0.6 0.6 -5.3
v -0.4 0.6 -5.3
v -0.3 0.6 -5.3
v -0.2 0.6 -5.3
v -0.6 0.6 -5.4
v -0.4 0.6 -5.4
v -0.3 0.6 -5.4
v -0.2 0.6 -5.4
v -0.6 0.6 -5.5
v -0.4 0.6 -5.5
v -0.3 0.6 -5.5
v -0.2 0.6 -5.5
v -0.6 0.6 -5.6
v -0.4 0.6 -5.6
v -0.3 0.6 -5.6
v -0.2 0.6 -5.6
v -0.5 0.6 -5.7
v -0.4 0.6 -5.7
v -0.5 0.6 -5.8
v -0.4 0.6 -5.8
v -0.3 0.6 -5.8
v -0.2 0.6 -5.8
v -0.4 0.6 -5.9
v -0.3 0.6 -5.9
v -0.2 0.6 -5.9
v -0.6 0.6 -6
v -0.5 0.6 -6
v -0.4 0.6 -6
v -0.3 0.6 -6
v -0.6 0.6 -6.1
v -0.5 0.6 -6.1
v -0.4 0.6 -6.1
v -0.3 0.6 -6.1
v -0.2 0.6 -6.1
v -0.6 0.6 -6.2
v -0.5 0.6 -6.2
v -0.4 0.6 -6.2
v -0.3 0.6 -6.2
v -0.2 0.6 -6.2
v -0.6 0.6 -6.3
v -0.5 0.6 -6.3
v -0.3 0.6 -6.3
v -0.2 0.6 -6.3

# faces
f 81/4/1 2/4/1 1/4/1
f 81/5/1 3/5/1 2/5/1
f 82/4/1 4/4/1 3/4/1
f 82/5/1 3/5/1 81/5/1
f 83/5/1 5/5/1 4/5/1
f 83/4/1 4/4/1 82/4/1
f 84/4/1 6/4/1 5/4/1
f 84/6/1 7/6/1 6/6/1
f 85/4/1 8/4/1 7/4/1
f 85/6/1 7/6/1 84/6/1
f 86/5/1 9/5/1 8/5/1
f 86/4/1 8/4/1 85/4/1
f 87/5/1 9/5/1 86/5/1
f 88/6/1 10/6/1 9/6/1
f 88/5/1 9/5/1 87/5/1
f 89/6/1 10/6/1 88/6/1
f 90/5/1 11/5/1 10/5/1
f 90/6/1 10/6/1 89/6/1
f 91/5/1 11/5/1 90/5/1
f 92/5/1 11/5/1 91/5/1
f 93/6/1 12/6/1 11/6/1
f 93/5/1 11/5/1 92/5/1
f 94/7/1 13/7/1 12/7/1
f 94/6/1 12/6/1 93/6/1
f 95/5/1 14/5/1 13/5/1
f 95/7/1 13/7/1 94/7/1
f 96/6/1 15/6/1 14/6/1
f 96/5/1 14/5/1 95/5/1
f 97/6/1 15/6/1 96/6/1
f 98/5/1 16/5/1 15/5/1
f 98/6/1 15/6/1 97/6/1
f 99/7/1 17/7/1 16/7/1
f 99/5/1 16/5/1 98/5/1
f 100/6/1 18/6/1 17/6/1
f 100/7/1 17/7/1 99/7/1
f 101/6/1 18/6/1 100/6/1
f 102/5/1 19/5/1 18/5/1
f 102/7/1 20/7/1 19/7/1
f 103/6/1 21/6/1 20/6/1
f 103/7/1 20/7/1 102/7/1
f 104/7/1 22/7/1 21/7/1
f 104/6/1 21/6/1 103/6/1
f 105/6/1 23/6/1 22/6/1
f 105/7/1 22/7/1 104/7/1
f 106/5/1 24/5/1 23/5/1
f 106/6/1 23/6/1 105/6/1
f 107/6/1 25/6/1 24/6/1
f 107/5/1 24/5/1 106/5/1
f 108/7/1 26/7/1 25/7/1
f 108/6/1 25/6/1 107/6/1
f 109/6/1 27/6/1 26/6/1
f 109/7/1 26/7/1 108/7/1
f 110/6/1 27/6/1 109/6/1
f 111/6/1 27/6/1 110/6/1
f 112/6/1 27/6/1 111/6/1
f 113/6/1 27/6/1 112/6/1
f 114/5/1 28/5/1 27/5/1
f 114/6/1 27/6/1 113/6/1
f 115/7/1 29/7/1 28/7/1
f 115/5/1 28/5/1 114/5/1
f 116/5/1 30/5/1 29/5/1
f 116/7/1 29/7/1 115/7/1
f 117/5/1 30/5/1 116/5/1
f 118/6/1 31/6/1 30/6/1
f 118/5/1 30/5/1 117/5/1
f 119/7/1 32/7/1 31/7/1
f 119/6/1 31/6/1 118/6/1
f 120/5/1 33/5/1 32/5/1
f 120/7/1 32/7/1 119/7/1
f 121/4/1 34/4/1 33/4/1
f 121/5/1 33/5/1 120/5/1
f 122/5/1 35/5/1 34/5/1
f 122/4/1 34/4/1 121/4/1
f 123/5/1 35/5/1 122/5/1
f 124/5/1 35/5/1 123/5/1
f 125/5/1 35/5/1 124/5/1
f 126/5/1 35/5/1 125/5/1
f 127/4/1 36/4/1 35/4/1
f 127/5/1 35/5/1 126/5/1
f 128/5/1 37/5/1 36/5/1
f 128/4/1 36/4/1 127/4/1
f 129/5/1 37/5/1 128/5/1
f 130/5/1 37/5/1 129/5/1
f 131/5/1 37/5/1 130/5/1
f 132/5/1 37/5/1 131/5/1
f 133/4/1 38/4/1 37/4/1
f 133/5/1 37/5/1 132/5/1
f 134/5/1 39/5/1 38/5/1
f 134/4/1 38/4/1 133/4/1
f 135/5/1 39/5/1 134/5/1
f 136/6/1 40/6/1 39/6/1
f 136/5/1 39/5/1 135/5/1
f 137/6/1 40/6/1 136/6/1
f 138/5/1 41/5/1 40/5/1
f 138/6/1 40/6/1 137/6/1
f 139/6/1 42/6/1 41/6/1
f 139/5/1 41/5/1 138/5/1
f 140/5/1 43/5/1 42/5/1
f 140/6/1 42/6/1 139/6/1
f 141/5/1 43/5/1 140/5/1
f 142/7/1 44/7/1 43/7/1
f 142/5/1 43/5/1 141/5/1
f 143/8/1 45/8/1 44/8/1
f 143/7/1 44/7/1 142/7/1
f 144/7/1 46/7/1 45/7/1
f 144/8/1 45/8/1 143/8/1
f 145/8/1 47/8/1 46/8/1
f 145/7/1 46/7/1 144/7/1
f 146/7/1 48/7/1 47/7/1
f 146/8/1 47/8/1 145/8/1
f 147/8/1 49/8/1 48/8/1
f 147/7/1 48/7/1 146/7/1
f 148/7/1 50/7/1 49/7/1
f 148/8/1 49/8/1 147/8/1
f 149/7/1 50/7/1 148/7/1
f 150/8/1 51/8/1 50/8/1
f 150/7/1 50/7/1 149/7/1
f 151/7/1 52/7/1 51/7/1
f 151/8/1 51/8/1 150/8/1
f 152/7/1 52/7/1 151/7/1
f 153/7/1 52/7/1 152/7/1
f 154/8/1 53/8/1 52/8/1
f 154/7/1 52/7/1 153/7/1
f 155/6/1 54/6/1 53/6/1
f 155/8/1 53/8/1 154/8/1
f 156/7/1 55/7/1 54/7/1
f 156/6/1 54/6/1 155/6/1
f 157/7/1 55/7/1 156/7/1
f 158/7/1 55/7/1 157/7/1
f 159/7/1 55/7/1 158/7/1
f 160/8/1 56/8/1 55/8/1
f 160/7/1 55/7/1 159/7/1
f 161/7/1 57/7/1 56/7/1
f 161/8/1 56/8/1 160/8/1
f 162/6/1 58/6/1 57/6/1
f 162/7/1 57/7/1 161/7/1
f 163/8/1 59/8/1 58/8/1
f 163/6/1 58/6/1 162/6/1
f 164/7/1 60/7/1 59/7/1
f 164/8/1 59/8/1 163/8/1
f 165/6/1 61/6/1 60/6/1
f 165/7/1 60/7/1 164/7/1
f 166/8/1 62/8/1 61/8/1
f 166/6/1 61/6/1 165/6/1
f 167/7/1 63/7/1 62/7/1
f 167/8/1 62/8/1 166/8/1
f 168/8/1 64/8/1 63/8/1
f 168/7/1 63/7/1 167/7/1
f 169/7/1 65/7/1 64/7/1
f 169/8/1 64/8/1 168/8/1
f 170/8/1 66/8/1 65/8/1
f 170/7/1 65/7/1 169/7/1
f 171/7/1 67/7/1 66/7/1
f 171/8/1 66/8/1 170/8/1
f 172/5/1 68/5/1 67/5/1
f 172/7/1 67/7/1 171/7/1
f 173/5/1 68/5/1 172/5/1
f 174/5/1 68/5/1 173/5/1
f 175/6/1 69/6/1 68/6/1
f 175/5/1 68/5/1 174/5/1
f 176/5/1 70/5/1 69/5/1
f 176/6/1 69/6/1 175/6/1
f 177/6/1 71/6/1 70/6/1
f 177/5/1 70/5/1 176/5/1
f 178/6/1 71/6/1 177/6/1
f 179/5/1 72/5/1 71/5/1
f 179/6/1 71/6/1 178/6/1
f 180/4/1 73/4/1 72/4/1
f 180/5/1 72/5/1 179/5/1
f 181/4/1 73/4/1 180/4/1
f 182/5/1 74/5/1 73/5/1
f 182/4/1 73/4/1 181/4/1
f 183/6/1 75/6/1 74/6/1
f 183/5/1 74/5/1 182/5/1
f 184/5/1 76/5/1 75/5/1
f 184/6/1 75/6/1 183/6/1
f 185/6/1 77/6/1 76/6/1
f 185/5/1 76/5/1 184/5/1
f 186/5/1 78/5/1 77/5/1
f 186/6/1 77/6/1 185/6/1
f 187/5/1 78/5/1 186/5/1
f 188/5/1 78/5/1 187/5/1
f 189/4/1 79/4/1 78/4/1
f 189/5/1 78/5/1 188/5/1
f 190/5/1 80/5/1 79/5/1
f 190/4/1 79/4/1 189/4/1
f 191/5/1 80/5/1 190/5/1
f 192/4/1 81/4/1 1/4/1
f 193/6/1 82/6/1 81/6/1
f 193/4/1 81/4/1 192/4/1
f 194/5/1 83/5/1 82/5/1
f 194/6/1 82/6/1 193/6/1
f 195/5/1 5/5/1 83/5/1
f 195/5/1 83/5/1 194/5/1
f 196/4/1 84/4/1 5/4/1
f 196/5/1 5/5/1 195/5/1
f 197/5/1 85/5/1 84/5/1
f 197/4/1 84/4/1 196/4/1
f 198/6/1 87/6/1 86/6/1
f 198/5/1 85/5/1 197/5/1
f 198/6/1 86/6/1 85/6/1
f 199/7/1 88/7/1 87/7/1
f 199/6/1 87/6/1 198/6/1
f 200/5/1 89/5/1 88/5/1
f 200/7/1 88/7/1 199/7/1
f 201/6/1 90/6/1 89/6/1
f 201/5/1 89/5/1 200/5/1
f 201/6/1 91/6/1 90/6/1
f 202/5/1 92/5/1 91/5/1
f 202/6/1 91/6/1 201/6/1
f 203/6/1 93/6/1 92/6/1
f 203/5/1 92/5/1 202/5/1
f 204/5/1 94/5/1 93/5/1
f 204/6/1 93/6/1 203/6/1
f 205/6/1 95/6/1 94/6/1
f 205/4/1 96/4/1 95/4/1
f 206/5/1 97/5/1 96/5/1
f 206/4/1 96/4/1 205/4/1
f 207/6/1 98/6/1 97/6/1
f 207/5/1 97/5/1 206/5/1
f 208/4/1 99/4/1 98/4/1
f 208/6/1 98/6/1 207/6/1
f 209/5/1 101/5/1 100/5/1
f 209/4/1 99/4/1 208/4/1
f 209/5/1 100/5/1 99/5/1
f 210/5/1 101/5/1 209/5/1
f 211/6/1 18/6/1 101/6/1
f 211/5/1 101/5/1 210/5/1
f 212/5/1 102/5/1 18/5/1
f 212/6/1 18/6/1 211/6/1
f 212/5/1 103/5/1 102/5/1
f 212/5/1 104/5/1 103/5/1
f 213/5/1 104/5/1 212/5/1
f 214/4/1 105/4/1 104/4/1
f 214/4/1 106/4/1 105/4/1
f 214/4/1 107/4/1 106/4/1
f 215/5/1 108/5/1 107/5/1
f 215/4/1 107/4/1 214/4/1
f 216/4/1 109/4/1 108/4/1
f 216/5/1 108/5/1 215/5/1
f 217/6/1 110/6/1 109/6/1
f 217/4/1 109/4/1 216/4/1
f 218/5/1 111/5/1 110/5/1
f 218/6/1 110/6/1 217/6/1
f 219/5/1 111/5/1 218/5/1
f 220/4/1 113/4/1 112/4/1
f 220/6/1 112/6/1 111/6/1
f 221/5/1 114/5/1 113/5/1
f 221/4/1 113/4/1 220/4/1
f 222/6/1 115/6/1 114/6/1
f 222/5/1 114/5/1 221/5/1
f 222/6/1 116/6/1 115/6/1
f 223/5/1 117/5/1 116/5/1
f 223/6/1 116/6/1 222/6/1
f 224/6/1 118/6/1 117/6/1
f 224/5/1 117/5/1 223/5/1
f 225/5/1 119/5/1 118/5/1
f 225/6/1 118/6/1 224/6/1
f 226/4/1 120/4/1 119/4/1
f 226/5/1 119/5/1 225/5/1
f 227/5/1 121/5/1 120/5/1
f 227/4/1 120/4/1 226/4/1
f 227/5/1 122/5/1 121/5/1
f 228/6/1 123/6/1 122/6/1
f 228/5/1 122/5/1 227/5/1
f 229/5/1 124/5/1 123/5/1
f 229/6/1 123/6/1 228/6/1
f 230/6/1 125/6/1 124/6/1
f 230/5/1 124/5/1 229/5/1
f 231/5/1 126/5/1 125/5/1
f 231/6/1 125/6/1 230/6/1
f 232/5/1 126/5/1 231/5/1
f 233/4/1 127/4/1 126/4/1
f 233/5/1 126/5/1 232/5/1
f 234/5/1 128/5/1 127/5/1
f 234/4/1 127/4/1 233/4/1
f 234/5/1 129/5/1 128/5/1
f 235/5/1 129/5/1 234/5/1
f 236/5/1 131/5/1 130/5/1
f 237/6/1 132/6/1 131/6/1
f 237/5/1 131/5/1 236/5/1
f 238/7/1 133/7/1 132/7/1
f 238/6/1 132/6/1 237/6/1
f 238/7/1 134/7/1 133/7/1
f 239/7/1 134/7/1 238/7/1
f 240/7/1 134/7/1 239/7/1
f 241/5/1 135/5/1 134/5/1
f 241/7/1 134/7/1 240/7/1
f 242/5/1 135/5/1 241/5/1
f 243/6/1 136/6/1 135/6/1
f 243/5/1 135/5/1 242/5/1
f 244/7/1 137/7/1 136/7/1
f 244/6/1 136/6/1 243/6/1
f 245/6/1 138/6/1 137/6/1
f 245/7/1 137/7/1 244/7/1
f 245/6/1 139/6/1 138/6/1
f 245/6/1 141/6/1 140/6/1
f 245/6/1 140/6/1 139/6/1
f 246/6/1 141/6/1 245/6/1
f 247/6/1 141/6/1 246/6/1
f 248/6/1 141/6/1 247/6/1
f 249/5/1 142/5/1 141/5/1
f 249/6/1 141/6/1 248/6/1
f 250/5/1 142/5/1 249/5/1
f 251/6/1 143/6/1 142/6/1
f 251/5/1 142/5/1 250/5/1
f 252/5/1 144/5/1 143/5/1
f 252/6/1 143/6/1 251/6/1
f 253/7/1 145/7/1 144/7/1
f 253/5/1 144/5/1 252/5/1
f 253/7/1 146/7/1 145/7/1
f 254/6/1 147/6/1 146/6/1
f 254/7/1 146/7/1 253/7/1
f 255/7/1 149/7/1 148/7/1
f 255/6/1 147/6/1 254/6/1
f 255/7/1 148/7/1 147/7/1
f 256/7/1 149/7/1 255/7/1
f 257/6/1 150/6/1 149/6/1
f 257/7/1 149/7/1 256/7/1
f 258/5/1 151/5/1 150/5/1
f 258/6/1 150/6/1 257/6/1
f 259/6/1 152/6/1 151/6/1
f 259/5/1 151/5/1 258/5/1
f 260/5/1 153/5/1 152/5/1
f 260/6/1 152/6/1 259/6/1
f 261/6/1 154/6/1 153/6/1
f 261/5/1 153/5/1 260/5/1
f 262/7/1 155/7/1 154/7/1
f 262/6/1 154/6/1 261/6/1
f 263/5/1 156/5/1 155/5/1
f 263/7/1 155/7/1 262/7/1
f 263/5/1 157/5/1 156/5/1
f 264/5/1 157/5/1 263/5/1
f 265/6/1 158/6/1 157/6/1
f 265/5/1 157/5/1 264/5/1
f 266/7/1 159/7/1 158/7/1
f 266/6/1 158/6/1 265/6/1
f 267/6/1 160/6/1 159/6/1
f 267/7/1 159/7/1 266/7/1
f 267/6/1 161/6/1 160/6/1
f 267/6/1 162/6/1 161/6/1
f 268/6/1 162/6/1 267/6/1
f 269/6/1 162/6/1 268/6/1
f 270/4/1 163/4/1 162/4/1
f 270/6/1 162/6/1 269/6/1
f 271/6/1 164/6/1 163/6/1
f 271/4/1 163/4/1 270/4/1
f 272/4/1 165/4/1 164/4/1
f 272/6/1 164/6/1 271/6/1
f 273/5/1 166/5/1 165/5/1
f 273/4/1 165/4/1 272/4/1
f 273/5/1 167/5/1 166/5/1
f 273/5/1 168/5/1 167/5/1
f 273/5/1 169/5/1 168/5/1
f 274/5/1 169/5/1 273/5/1
f 275/6/1 170/6/1 169/6/1
f 275/5/1 169/5/1 274/5/1
f 276/5/1 171/5/1 170/5/1
f 276/6/1 170/6/1 275/6/1
f 276/5/1 172/5/1 171/5/1
f 277/5/1 172/5/1 276/5/1
f 278/7/1 173/7/1 172/7/1
f 278/5/1 172/5/1 277/5/1
f 279/6/1 174/6/1 173/6/1
f 279/7/1 173/7/1 278/7/1
f 280/6/1 174/6/1 279/6/1
f 281/7/1 175/7/1 174/7/1
f 281/6/1 174/6/1 280/6/1
f 281/7/1 176/7/1 175/7/1
f 281/7/1 177/7/1 176/7/1
f 282/5/1 178/5/1 177/5/1
f 282/7/1 177/7/1 281/7/1
f 283/6/1 179/6/1 178/6/1
f 283/5/1 178/5/1 282/5/1
f 283/6/1 180/6/1 179/6/1
f 284/8/1 181/8/1 180/8/1
f 284/6/1 180/6/1 283/6/1
f 285/7/1 182/7/1 181/7/1
f 285/8/1 181/8/1 284/8/1
f 286/8/1 183/8/1 182/8/1
f 286/7/1 182/7/1 285/7/1
f 287/7/1 184/7/1 183/7/1
f 287/8/1 183/8/1 286/8/1
f 287/7/1 185/7/1 184/7/1
f 288/7/1 185/7/1 287/7/1
f 289/7/1 185/7/1 288/7/1
f 290/8/1 186/8/1 185/8/1
f 290/7/1 185/7/1 289/7/1
f 291/7/1 187/7/1 186/7/1
f 291/8/1 186/8/1 290/8/1
f 292/8/1 188/8/1 187/8/1
f 292/7/1 187/7/1 291/7/1
f 293/7/1 189/7/1 188/7/1
f 293/8/1 188/8/1 292/8/1
f 294/6/1 190/6/1 189/6/1
f 294/7/1 189/7/1 293/7/1
f 295/7/1 191/7/1 190/7/1
f 295/6/1 190/6/1 294/6/1
f 296/7/1 191/7/1 295/7/1
f 297/7/1 191/7/1 296/7/1
f 298/8/1 193/8/1 192/8/1
f 299/7/1 194/7/1 193/7/1
f 299/8/1 193/8/1 298/8/1
f 300/8/1 195/8/1 194/8/1
f 300/7/1 194/7/1 299/7/1
f 301/7/1 196/7/1 195/7/1
f 301/8/1 195/8/1 300/8/1
f 302/6/1 197/6/1 196/6/1
f 302/7/1 196/7/1 301/7/1
f 303/7/1 198/7/1 197/7/1
f 303/6/1 197/6/1 302/6/1
f 304/6/1 199/6/1 198/6/1
f 304/7/1 198/7/1 303/7/1
f 304/6/1 201/6/1 200/6/1
f 304/6/1 200/6/1 199/6/1
f 305/6/1 201/6/1 304/6/1
f 306/5/1 202/5/1 201/5/1
f 306/6/1 201/6/1 305/6/1
f 306/5/1 203/5/1 202/5/1
f 307/5/1 203/5/1 306/5/1
f 308/5/1 203/5/1 307/5/1
f 309/4/1 204/4/1 203/4/1
f 309/5/1 203/5/1 308/5/1
f 310/5/1 94/5/1 204/5/1
f 310/4/1 204/4/1 309/4/1
f 311/6/1 205/6/1 94/6/1
f 311/5/1 94/5/1 310/5/1
f 312/5/1 206/5/1 205/5/1
f 312/6/1 205/6/1 311/6/1
f 312/5/1 207/5/1 206/5/1
f 312/5/1 208/5/1 207/5/1
f 313/6/1 209/6/1 208/6/1
f 313/5/1 208/5/1 312/5/1
f 314/5/1 210/5/1 209/5/1
f 314/6/1 209/6/1 313/6/1
f 315/4/1 211/4/1 210/4/1
f 315/5/1 210/5/1 314/5/1
f 316/6/1 212/6/1 211/6/1
f 316/4/1 211/4/1 315/4/1
f 317/4/1 213/4/1 212/4/1
f 317/6/1 212/6/1 316/6/1
f 318/5/1 104/5/1 213/5/1
f 318/4/1 213/4/1 317/4/1
f 319/5/1 104/5/1 318/5/1
f 320/4/1 214/4/1 104/4/1
f 320/5/1 104/5/1 319/5/1
f 321/5/1 215/5/1 214/5/1
f 321/4/1 214/4/1 320/4/1
f 321/5/1 216/5/1 215/5/1
f 321/5/1 217/5/1 216/5/1
f 322/5/1 217/5/1 321/5/1
f 323/5/1 217/5/1 322/5/1
f 324/5/1 217/5/1 323/5/1
f 325/4/1 219/4/1 218/4/1
f 325/5/1 217/5/1 324/5/1
f 325/4/1 218/4/1 217/4/1
f 326/5/1 111/5/1 219/5/1
f 326/4/1 219/4/1 325/4/1
f 327/6/1 220/6/1 111/6/1
f 327/5/1 111/5/1 326/5/1
f 328/7/1 221/7/1 220/7/1
f 328/6/1 220/6/1 327/6/1
f 328/7/1 222/7/1 221/7/1
f 328/7/1 223/7/1 222/7/1
f 328/7/1 224/7/1 223/7/1
f 328/7/1 225/7/1 224/7/1
f 328/7/1 226/7/1 225/7/1
f 329/7/1 226/7/1 328/7/1
f 330/7/1 226/7/1 329/7/1
f 331/7/1 226/7/1 330/7/1
f 332/7/1 226/7/1 331/7/1
f 333/7/1 226/7/1 332/7/1
f 334/8/1 227/8/1 226/8/1
f 334/7/1 226/7/1 333/7/1
f 335/7/1 228/7/1 227/7/1
f 335/8/1 227/8/1 334/8/1
f 336/6/1 229/6/1 228/6/1
f 336/7/1 228/7/1 335/7/1
f 337/7/1 230/7/1 229/7/1
f 337/6/1 229/6/1 336/6/1
f 337/7/1 231/7/1 230/7/1
f 338/7/1 231/7/1 337/7/1
f 339/6/1 232/6/1 231/6/1
f 339/7/1 231/7/1 338/7/1
f 340/7/1 234/7/1 233/7/1
f 340/6/1 232/6/1 339/6/1
f 340/7/1 233/7/1 232/7/1
f 341/7/1 234/7/1 340/7/1
f 342/6/1 235/6/1 234/6/1
f 342/7/1 234/7/1 341/7/1
f 343/6/1 235/6/1 342/6/1
f 344/5/1 236/5/1 130/5/1
f 344/7/1 237/7/1 236/7/1
f 345/6/1 238/6/1 237/6/1
f 345/7/1 237/7/1 344/7/1
f 346/5/1 239/5/1 238/5/1
f 346/6/1 238/6/1 345/6/1
f 347/6/1 240/6/1 239/6/1
f 347/7/1 241/7/1 240/7/1
f 348/6/1 242/6/1 241/6/1
f 348/7/1 241/7/1 347/7/1
f 349/7/1 243/7/1 242/7/1
f 349/6/1 242/6/1 348/6/1
f 350/6/1 244/6/1 243/6/1
f 350/7/1 243/7/1 349/7/1
f 350/6/1 246/6/1 245/6/1
f 350/6/1 245/6/1 244/6/1
f 351/6/1 246/6/1 350/6/1
f 352/8/1 247/8/1 246/8/1
f 352/6/1 246/6/1 351/6/1
f 353/8/1 247/8/1 352/8/1
f 354/7/1 248/7/1 247/7/1
f 354/8/1 247/8/1 353/8/1
f 355/7/1 248/7/1 354/7/1
f 356/8/1 249/8/1 248/8/1
f 356/7/1 248/7/1 355/7/1
f 357/6/1 250/6/1 249/6/1
f 357/8/1 249/8/1 356/8/1
f 358/7/1 251/7/1 250/7/1
f 358/6/1 250/6/1 357/6/1
f 359/6/1 252/6/1 251/6/1
f 359/7/1 251/7/1 358/7/1
f 359/6/1 253/6/1 252/6/1
f 360/6/1 253/6/1 359/6/1
f 361/5/1 254/5/1 253/5/1
f 361/6/1 253/6/1 360/6/1
f 362/5/1 254/5/1 361/5/1
f 363/4/1 255/4/1 254/4/1
f 363/5/1 254/5/1 362/5/1
f 364/5/1 256/5/1 255/5/1
f 364/4/1 255/4/1 363/4/1
f 365/4/1 257/4/1 256/4/1
f 365/5/1 256/5/1 364/5/1
f 366/5/1 258/5/1 257/5/1
f 366/4/1 257/4/1 365/4/1
f 367/4/1 259/4/1 258/4/1
f 367/5/1 258/5/1 366/5/1
f 368/5/1 260/5/1 259/5/1
f 368/4/1 259/4/1 367/4/1
f 369/6/1 261/6/1 260/6/1
f 369/5/1 260/5/1 368/5/1
f 370/5/1 262/5/1 261/5/1
f 370/6/1 261/6/1 369/6/1
f 371/6/1 263/6/1 262/6/1
f 371/5/1 262/5/1 370/5/1
f 371/6/1 264/6/1 263/6/1
f 372/6/1 264/6/1 371/6/1
f 373/5/1 265/5/1 264/5/1
f 373/6/1 264/6/1 372/6/1
f 373/5/1 266/5/1 265/5/1
f 373/5/1 268/5/1 267/5/1
f 373/5/1 267/5/1 266/5/1
f 374/5/1 268/5/1 373/5/1
f 375/5/1 268/5/1 374/5/1
f 376/6/1 269/6/1 268/6/1
f 376/5/1 268/5/1 375/5/1
f 377/5/1 270/5/1 269/5/1
f 377/6/1 269/6/1 376/6/1
f 377/5/1 271/5/1 270/5/1
f 378/5/1 271/5/1 377/5/1
f 379/6/1 272/6/1 271/6/1
f 379/5/1 271/5/1 378/5/1
f 380/8/1 274/8/1 273/8/1
f 380/6/1 272/6/1 379/6/1
f 380/8/1 273/8/1 272/8/1
f 381/7/1 275/7/1 274/7/1
f 381/8/1 274/8/1 380/8/1
f 382/7/1 275/7/1 381/7/1
f 383/8/1 277/8/1 276/8/1
f 383/7/1 275/7/1 382/7/1
f 383/8/1 276/8/1 275/8/1
f 384/8/1 277/8/1 383/8/1
f 385/7/1 278/7/1 277/7/1
f 385/8/1 277/8/1 384/8/1
f 386/6/1 279/6/1 278/6/1
f 386/7/1 278/7/1 385/7/1
f 387/8/1 280/8/1 279/8/1
f 387/6/1 279/6/1 386/6/1
f 388/5/1 281/5/1 280/5/1
f 388/8/1 280/8/1 387/8/1
f 389/6/1 282/6/1 281/6/1
f 389/5/1 281/5/1 388/5/1
f 390/6/1 282/6/1 389/6/1
f 391/5/1 283/5/1 282/5/1
f 391/6/1 282/6/1 390/6/1
f 391/5/1 284/5/1 283/5/1
f 392/5/1 284/5/1 391/5/1
f 393/5/1 284/5/1 392/5/1
f 394/6/1 285/6/1 284/6/1
f 394/5/1 284/5/1 393/5/1
f 394/6/1 286/6/1 285/6/1
f 395/5/1 288/5/1 287/5/1
f 395/6/1 286/6/1 394/6/1
f 395/5/1 287/5/1 286/5/1
f 396/5/1 288/5/1 395/5/1
f 397/6/1 289/6/1 288/6/1
f 397/5/1 288/5/1 396/5/1
f 398/7/1 291/7/1 290/7/1
f 398/6/1 289/6/1 397/6/1
f 398/7/1 290/7/1 289/7/1
f 399/7/1 291/7/1 398/7/1
f 400/5/1 292/5/1 291/5/1
f 400/7/1 291/7/1 399/7/1
f 400/5/1 293/5/1 292/5/1
f 401/5/1 293/5/1 400/5/1
f 402/6/1 294/6/1 293/6/1
f 402/5/1 293/5/1 401/5/1
f 403/5/1 295/5/1 294/5/1
f 403/6/1 294/6/1 402/6/1
f 404/7/1 296/7/1 295/7/1
f 404/5/1 295/5/1 403/5/1
f 405/5/1 299/5/1 298/5/1
f 405/5/1 300/5/1 299/5/1
f 406/6/1 301/6/1 300/6/1
f 406/5/1 300/5/1 405/5/1
f 407/5/1 302/5/1 301/5/1
f 407/6/1 301/6/1 406/6/1
f 408/6/1 303/6/1 302/6/1
f 408/5/1 302/5/1 407/5/1
f 409/5/1 304/5/1 303/5/1
f 409/6/1 303/6/1 408/6/1
f 410/6/1 305/6/1 304/6/1
f 410/5/1 304/5/1 409/5/1
f 411/4/1 306/4/1 305/4/1
f 411/6/1 305/6/1 410/6/1
f 412/6/1 307/6/1 306/6/1
f 412/4/1 306/4/1 411/4/1
f 413/8/1 308/8/1 307/8/1
f 413/6/1 307/6/1 412/6/1
f 414/6/1 309/6/1 308/6/1
f 414/8/1 308/8/1 413/8/1
f 415/8/1 310/8/1 309/8/1
f 415/6/1 309/6/1 414/6/1
f 416/7/1 311/7/1 310/7/1
f 416/8/1 310/8/1 415/8/1
f 416/7/1 312/7/1 311/7/1
f 417/8/1 313/8/1 312/8/1
f 417/7/1 312/7/1 416/7/1
f 418/7/1 314/7/1 313/7/1
f 418/8/1 313/8/1 417/8/1
f 418/7/1 315/7/1 314/7/1
f 419/8/1 316/8/1 315/8/1
f 419/7/1 315/7/1 418/7/1
f 420/7/1 317/7/1 316/7/1
f 420/8/1 316/8/1 419/8/1
f 421/6/1 318/6/1 317/6/1
f 421/7/1 317/7/1 420/7/1
f 422/7/1 319/7/1 318/7/1
f 422/6/1 318/6/1 421/6/1
f 423/8/1 320/8/1 319/8/1
f 423/7/1 319/7/1 422/7/1
f 424/6/1 322/6/1 321/6/1
f 424/8/1 320/8/1 423/8/1
f 424/6/1 321/6/1 320/6/1
f 425/7/1 323/7/1 322/7/1
f 425/6/1 322/6/1 424/6/1
f 426/6/1 324/6/1 323/6/1
f 426/7/1 323/7/1 425/7/1
f 427/7/1 325/7/1 324/7/1
f 427/6/1 324/6/1 426/6/1
f 427/7/1 326/7/1 325/7/1
f 427/7/1 327/7/1 326/7/1
f 427/7/1 328/7/1 327/7/1
f 428/6/1 329/6/1 328/6/1
f 428/7/1 328/7/1 427/7/1
f 429/7/1 330/7/1 329/7/1
f 429/6/1 329/6/1 428/6/1
f 430/6/1 331/6/1 330/6/1
f 430/7/1 330/7/1 429/7/1
f 431/7/1 332/7/1 331/7/1
f 431/6/1 331/6/1 430/6/1
f 432/6/1 333/6/1 332/6/1
f 432/7/1 332/7/1 431/7/1
f 433/7/1 334/7/1 333/7/1
f 433/6/1 333/6/1 432/6/1
f 434/6/1 335/6/1 334/6/1
f 434/7/1 334/7/1 433/7/1
f 435/5/1 336/5/1 335/5/1
f 435/6/1 335/6/1 434/6/1
f 436/6/1 337/6/1 336/6/1
f 436/5/1 336/5/1 435/5/1
f 437/5/1 338/5/1 337/5/1
f 437/6/1 337/6/1 436/6/1
f 438/7/1 339/7/1 338/7/1
f 438/5/1 338/5/1 437/5/1
f 439/5/1 340/5/1 339/5/1
f 439/7/1 339/7/1 438/7/1
f 440/7/1 341/7/1 340/7/1
f 440/5/1 340/5/1 439/5/1
f 441/4/1 342/4/1 341/4/1
f 441/7/1 341/7/1 440/7/1
f 442/5/1 343/5/1 342/5/1
f 442/4/1 342/4/1 441/4/1
f 443/6/1 235/6/1 343/6/1
f 443/5/1 343/5/1 442/5/1
f 444/5/1 129/5/1 235/5/1
f 444/6/1 235/6/1 443/6/1
f 445/6/1 130/6/1 129/6/1
f 445/5/1 129/5/1 444/5/1
f 446/5/1 344/5/1 130/5/1
f 446/6/1 130/6/1 445/6/1
f 447/4/1 345/4/1 344/4/1
f 447/5/1 344/5/1 446/5/1
f 448/5/1 346/5/1 345/5/1
f 448/4/1 345/4/1 447/4/1
f 449/5/1 239/5/1 346/5/1
f 449/5/1 346/5/1 448/5/1
f 449/6/1 347/6/1 239/6/1
f 450/4/1 348/4/1 347/4/1
f 450/6/1 347/6/1 449/6/1
f 451/6/1 349/6/1 348/6/1
f 451/4/1 348/4/1 450/4/1
f 452/5/1 350/5/1 349/5/1
f 452/6/1 349/6/1 451/6/1
f 452/5/1 351/5/1 350/5/1
f 453/6/1 353/6/1 352/6/1
f 453/5/1 351/5/1 452/5/1
f 453/6/1 352/6/1 351/6/1
f 454/5/1 354/5/1 353/5/1
f 454/6/1 353/6/1 453/6/1
f 455/6/1 355/6/1 354/6/1
f 455/5/1 354/5/1 454/5/1
f 456/4/1 356/4/1 355/4/1
f 456/6/1 355/6/1 455/6/1
f 457/7/1 357/7/1 356/7/1
f 457/4/1 356/4/1 456/4/1
f 457/7/1 358/7/1 357/7/1
f 458/5/1 360/5/1 359/5/1
f 458/7/1 358/7/1 457/7/1
f 458/5/1 359/5/1 358/5/1
f 459/6/1 361/6/1 360/6/1
f 459/5/1 360/5/1 458/5/1
f 459/6/1 362/6/1 361/6/1
f 460/7/1 363/7/1 362/7/1
f 460/6/1 362/6/1 459/6/1
f 460/7/1 364/7/1 363/7/1
f 461/5/1 365/5/1 364/5/1
f 461/7/1 364/7/1 460/7/1
f 462/6/1 366/6/1 365/6/1
f 462/5/1 365/5/1 461/5/1
f 462/6/1 367/6/1 366/6/1
f 463/5/1 368/5/1 367/5/1
f 463/6/1 367/6/1 462/6/1
f 464/4/1 369/4/1 368/4/1
f 464/5/1 368/5/1 463/5/1
f 465/5/1 370/5/1 369/5/1
f 465/4/1 369/4/1 464/4/1
f 466/6/1 372/6/1 371/6/1
f 466/5/1 370/5/1 465/5/1
f 466/6/1 371/6/1 370/6/1
f 467/5/1 373/5/1 372/5/1
f 467/6/1 372/6/1 466/6/1
f 467/5/1 374/5/1 373/5/1
f 468/4/1 375/4/1 374/4/1
f 468/5/1 374/5/1 467/5/1
f 469/6/1 376/6/1 375/6/1
f 469/4/1 375/4/1 468/4/1
f 469/6/1 378/6/1 377/6/1
f 469/6/1 377/6/1 376/6/1
f 470/7/1 379/7/1 378/7/1
f 470/6/1 378/6/1 469/6/1
f 471/6/1 380/6/1 379/6/1
f 471/7/1 379/7/1 470/7/1
f 471/6/1 381/6/1 380/6/1
f 472/7/1 382/7/1 381/7/1
f 472/6/1 381/6/1 471/6/1
f 473/6/1 383/6/1 382/6/1
f 473/7/1 382/7/1 472/7/1
f 474/7/1 384/7/1 383/7/1
f 474/6/1 383/6/1 473/6/1
f 475/8/1 386/8/1 385/8/1
f 475/7/1 384/7/1 474/7/1
f 475/8/1 385/8/1 384/8/1
f 476/6/1 387/6/1 386/6/1
f 476/8/1 386/8/1 475/8/1
f 477/7/1 388/7/1 387/7/1
f 477/6/1 387/6/1 476/6/1
f 478/8/1 390/8/1 389/8/1
f 478/7/1 388/7/1 477/7/1
f 478/8/1 389/8/1 388/8/1
f 479/6/1 391/6/1 390/6/1
f 479/8/1 390/8/1 478/8/1
f 480/8/1 392/8/1 391/8/1
f 480/6/1 391/6/1 479/6/1
f 481/6/1 393/6/1 392/6/1
f 481/8/1 392/8/1 480/8/1
f 482/7/1 394/7/1 393/7/1
f 482/6/1 393/6/1 481/6/1
f 483/6/1 395/6/1 394/6/1
f 483/7/1 394/7/1 482/7/1
f 484/7/1 396/7/1 395/7/1
f 484/6/1 395/6/1 483/6/1
f 485/6/1 397/6/1 396/6/1
f 485/7/1 396/7/1 484/7/1
f 486/7/1 399/7/1 398/7/1
f 486/6/1 397/6/1 485/6/1
f 486/7/1 398/7/1 397/7/1
f 487/6/1 400/6/1 399/6/1
f 487/7/1 399/7/1 486/7/1
f 488/7/1 401/7/1 400/7/1
f 488/6/1 400/6/1 487/6/1
f 489/6/1 402/6/1 401/6/1
f 489/7/1 401/7/1 488/7/1
f 490/7/1 404/7/1 403/7/1
f 490/6/1 402/6/1 489/6/1
f 490/7/1 403/7/1 402/7/1
f 491/7/1 296/7/1 404/7/1
f 491/7/1 404/7/1 490/7/1
f 491/6/1 297/6/1 296/6/1
f 492/6/1 297/6/1 491/6/1
f 585/6/1 494/6/1 493/6/1
f 586/5/1 495/5/1 494/5/1
f 586/6/1 494/6/1 585/6/1
f 587/5/1 495/5/1 586/5/1
f 588/5/1 495/5/1 587/5/1
f 589/7/1 496/7/1 495/7/1
f 589/5/1 495/5/1 588/5/1
f 590/5/1 497/5/1 496/5/1
f 590/7/1 496/7/1 589/7/1
f 591/6/1 498/6/1 497/6/1
f 591/5/1 497/5/1 590/5/1
f 592/5/1 499/5/1 498/5/1
f 592/6/1 498/6/1 591/6/1
f 593/7/1 500/7/1 499/7/1
f 593/5/1 499/5/1 592/5/1
f 594/5/1 501/5/1 500/5/1
f 594/7/1 500/7/1 593/7/1
f 595/6/1 502/6/1 501/6/1
f 595/5/1 501/5/1 594/5/1
f 596/7/1 503/7/1 502/7/1
f 596/6/1 502/6/1 595/6/1
f 597/6/1 504/6/1 503/6/1
f 597/7/1 503/7/1 596/7/1
f 598/5/1 505/5/1 504/5/1
f 598/6/1 504/6/1 597/6/1
f 599/6/1 506/6/1 505/6/1
f 599/5/1 505/5/1 598/5/1
f 600/7/1 507/7/1 506/7/1
f 600/6/1 506/6/1 599/6/1
f 601/8/1 508/8/1 507/8/1
f 601/7/1 507/7/1 600/7/1
f 602/7/1 509/7/1 508/7/1
f 602/8/1 508/8/1 601/8/1
f 603/8/1 510/8/1 509/8/1
f 603/7/1 509/7/1 602/7/1
f 604/7/1 511/7/1 510/7/1
f 604/8/1 510/8/1 603/8/1
f 605/6/1 512/6/1 511/6/1
f 605/7/1 511/7/1 604/7/1
f 606/7/1 513/7/1 512/7/1
f 606/6/1 512/6/1 605/6/1
f 607/8/1 514/8/1 513/8/1
f 607/7/1 513/7/1 606/7/1
f 608/7/1 515/7/1 514/7/1
f 608/8/1 514/8/1 607/8/1
f 609/6/1 516/6/1 515/6/1
f 609/7/1 515/7/1 608/7/1
f 610/6/1 516/6/1 609/6/1
f 611/8/1 517/8/1 516/8/1
f 611/6/1 516/6/1 610/6/1
f 612/7/1 518/7/1 517/7/1
f 612/8/1 517/8/1 611/8/1
f 613/7/1 518/7/1 612/7/1
f 614/8/1 519/8/1 518/8/1
f 614/7/1 518/7/1 613/7/1
f 615/7/1 520/7/1 519/7/1
f 615/8/1 519/8/1 614/8/1
f 616/7/1 520/7/1 615/7/1
f 617/6/1 521/6/1 520/6/1
f 617/7/1 520/7/1 616/7/1
f 618/7/1 522/7/1 521/7/1
f 618/6/1 521/6/1 617/6/1
f 619/8/1 523/8/1 522/8/1
f 619/7/1 522/7/1 618/7/1
f 620/6/1 524/6/1 523/6/1
f 620/8/1 523/8/1 619/8/1
f 621/7/1 525/7/1 524/7/1
f 621/6/1 524/6/1 620/6/1
f 622/7/1 525/7/1 621/7/1
f 623/8/1 526/8/1 525/8/1
f 623/7/1 525/7/1 622/7/1
f 624/8/1 526/8/1 623/8/1
f 625/6/1 527/6/1 526/6/1
f 625/8/1 526/8/1 624/8/1
f 626/5/1 528/5/1 527/5/1
f 626/6/1 527/6/1 625/6/1
f 627/4/1 529/4/1 528/4/1
f 627/5/1 528/5/1 626/5/1
f 628/6/1 530/6/1 529/6/1
f 628/4/1 529/4/1 627/4/1
f 629/6/1 530/6/1 628/6/1
f 630/6/1 530/6/1 629/6/1
f 631/7/1 531/7/1 530/7/1
f 631/6/1 530/6/1 630/6/1
f 632/6/1 532/6/1 531/6/1
f 632/7/1 531/7/1 631/7/1
f 633/8/1 533/8/1 532/8/1
f 633/6/1 532/6/1 632/6/1
f 634/7/1 534/7/1 533/7/1
f 634/8/1 533/8/1 633/8/1
f 635/7/1 534/7/1 634/7/1
f 636/8/1 535/8/1 534/8/1
f 636/7/1 534/7/1 635/7/1
f 637/7/1 536/7/1 535/7/1
f 637/8/1 535/8/1 636/8/1
f 638/6/1 537/6/1 536/6/1
f 638/7/1 536/7/1 637/7/1
f 639/7/1 538/7/1 537/7/1
f 639/6/1 537/6/1 638/6/1
f 640/6/1 539/6/1 538/6/1
f 640/7/1 538/7/1 639/7/1
f 641/7/1 540/7/1 539/7/1
f 641/6/1 539/6/1 640/6/1
f 642/6/1 541/6/1 540/6/1
f 642/7/1 540/7/1 641/7/1
f 643/7/1 542/7/1 541/7/1
f 643/6/1 541/6/1 642/6/1
f 644/8/1 543/8/1 542/8/1
f 644/7/1 542/7/1 643/7/1
f 645/8/1 543/8/1 644/8/1
f 646/7/1 544/7/1 543/7/1
f 646/8/1 543/8/1 645/8/1
f 647/6/1 545/6/1 544/6/1
f 647/7/1 544/7/1 646/7/1
f 648/6/1 545/6/1 647/6/1
f 649/8/1 546/8/1 545/8/1
f 649/6/1 545/6/1 648/6/1
f 650/7/1 547/7/1 546/7/1
f 650/8/1 546/8/1 649/8/1
f 651/6/1 548/6/1 547/6/1
f 651/7/1 547/7/1 650/7/1
f 652/5/1 549/5/1 548/5/1
f 652/6/1 548/6/1 651/6/1
f 653/6/1 550/6/1 549/6/1
f 653/5/1 549/5/1 652/5/1
f 654/7/1 551/7/1 550/7/1
f 654/6/1 550/6/1 653/6/1
f 655/6/1 552/6/1 551/6/1
f 655/7/1 551/7/1 654/7/1
f 656/6/1 552/6/1 655/6/1
f 657/6/1 552/6/1 656/6/1
f 658/7/1 553/7/1 552/7/1
f 658/6/1 552/6/1 657/6/1
f 659/6/1 554/6/1 553/6/1
f 659/7/1 553/7/1 658/7/1
f 660/7/1 555/7/1 554/7/1
f 660/6/1 554/6/1 659/6/1
f 661/5/1 556/5/1 555/5/1
f 661/7/1 555/7/1 660/7/1
f 662/6/1 557/6/1 556/6/1
f 662/5/1 556/5/1 661/5/1
f 663/6/1 557/6/1 662/6/1
f 664/7/1 558/7/1 557/7/1
f 664/6/1 557/6/1 663/6/1
f 665/5/1 559/5/1 558/5/1
f 665/7/1 558/7/1 664/7/1
f 666/7/1 560/7/1 559/7/1
f 666/5/1 559/5/1 665/5/1
f 667/6/1 561/6/1 560/6/1
f 667/7/1 560/7/1 666/7/1
f 668/7/1 562/7/1 561/7/1
f 668/6/1 561/6/1 667/6/1
f 669/7/1 562/7/1 668/7/1
f 670/6/1 563/6/1 562/6/1
f 670/7/1 562/7/1 669/7/1
f 671/7/1 564/7/1 563/7/1
f 671/6/1 563/6/1 670/6/1
f 672/7/1 564/7/1 671/7/1
f 673/6/1 565/6/1 564/6/1
f 673/7/1 564/7/1 672/7/1
f 674/7/1 566/7/1 565/7/1
f 674/6/1 565/6/1 673/6/1
f 675/7/1 566/7/1 674/7/1
f 676/7/1 566/7/1 675/7/1
f 677/6/1 567/6/1 566/6/1
f 677/7/1 566/7/1 676/7/1
f 678/6/1 567/6/1 677/6/1
f 679/7/1 568/7/1 567/7/1
f 679/6/1 567/6/1 678/6/1
f 680/6/1 569/6/1 568/6/1
f 680/7/1 568/7/1 679/7/1
f 681/7/1 570/7/1 569/7/1
f 681/6/1 569/6/1 680/6/1
f 682/8/1 571/8/1 570/8/1
f 682/7/1 570/7/1 681/7/1
f 683/8/1 571/8/1 682/8/1
f 684/7/1 572/7/1 571/7/1
f 684/8/1 571/8/1 683/8/1
f 685/8/1 573/8/1 572/8/1
f 685/7/1 572/7/1 684/7/1
f 686/7/1 574/7/1 573/7/1
f 686/8/1 573/8/1 685/8/1
f 687/8/1 575/8/1 574/8/1
f 687/7/1 574/7/1 686/7/1
f 688/6/1 576/6/1 575/6/1
f 688/8/1 575/8/1 687/8/1
f 689/6/1 576/6/1 688/6/1
f 690/6/1 576/6/1 689/6/1
f 691/7/1 577/7/1 576/7/1
f 691/6/1 576/6/1 690/6/1
f 692/8/1 578/8/1 577/8/1
f 692/7/1 577/7/1 691/7/1
f 693/7/1 579/7/1 578/7/1
f 693/8/1 578/8/1 692/8/1
f 694/6/1 580/6/1 579/6/1
f 694/7/1 579/7/1 693/7/1
f 695/5/1 581/5/1 580/5/1
f 695/6/1 580/6/1 694/6/1
f 696/6/1 582/6/1 581/6/1
f 696/5/1 581/5/1 695/5/1
f 697/5/1 583/5/1 582/5/1
f 697/6/1 582/6/1 696/6/1
f 698/6/1 584/6/1 583/6/1
f 698/5/1 583/5/1 697/5/1
f 699/6/1 584/6/1 698/6/1
f 817/5/1 701/5/1 700/5/1
f 817/5/1 702/5/1 701/5/1
f 817/5/1 703/5/1 702/5/1
f 818/4/1 704/4/1 703/4/1
f 818/5/1 703/5/1 817/5/1
f 819/5/1 705/5/1 704/5/1
f 819/4/1 704/4/1 818/4/1
f 820/4/1 706/4/1 705/4/1
f 820/5/1 705/5/1 819/5/1
f 821/6/1 707/6/1 706/6/1
f 821/4/1 706/4/1 820/4/1
f 822/5/1 708/5/1 707/5/1
f 822/6/1 707/6/1 821/6/1
f 823/4/1 709/4/1 708/4/1
f 823/5/1 708/5/1 822/5/1
f 824/5/1 710/5/1 709/5/1
f 824/4/1 709/4/1 823/4/1
f 824/5/1 711/5/1 710/5/1
f 824/5/1 712/5/1 711/5/1
f 825/4/1 713/4/1 712/4/1
f 825/5/1 712/5/1 824/5/1
f 825/4/1 714/4/1 713/4/1
f 826/6/1 715/6/1 714/6/1
f 826/4/1 714/4/1 825/4/1
f 827/5/1 716/5/1 715/5/1
f 827/6/1 715/6/1 826/6/1
f 828/4/1 717/4/1 716/4/1
f 828/5/1 716/5/1 827/5/1
f 829/5/1 718/5/1 717/5/1
f 829/4/1 717/4/1 828/4/1
f 830/4/1 719/4/1 718/4/1
f 830/5/1 718/5/1 829/5/1
f 831/7/1 720/7/1 719/7/1
f 831/4/1 719/4/1 830/4/1
f 831/7/1 721/7/1 720/7/1
f 832/8/1 722/8/1 721/8/1
f 832/7/1 721/7/1 831/7/1
f 833/6/1 723/6/1 722/6/1
f 833/8/1 722/8/1 832/8/1
f 834/7/1 724/7/1 723/7/1
f 834/6/1 723/6/1 833/6/1
f 835/6/1 725/6/1 724/6/1
f 835/7/1 724/7/1 834/7/1
f 836/7/1 726/7/1 725/7/1
f 836/6/1 725/6/1 835/6/1
f 837/6/1 727/6/1 726/6/1
f 837/7/1 726/7/1 836/7/1
f 838/7/1 728/7/1 727/7/1
f 838/6/1 727/6/1 837/6/1
f 839/5/1 729/5/1 728/5/1
f 839/7/1 728/7/1 838/7/1
f 840/6/1 730/6/1 729/6/1
f 840/5/1 729/5/1 839/5/1
f 841/5/1 731/5/1 730/5/1
f 841/6/1 730/6/1 840/6/1
f 842/4/1 732/4/1 731/4/1
f 842/5/1 731/5/1 841/5/1
f 843/6/1 733/6/1 732/6/1
f 843/4/1 732/4/1 842/4/1
f 844/4/1 734/4/1 733/4/1
f 844/6/1 733/6/1 843/6/1
f 845/5/1 735/5/1 734/5/1
f 845/4/1 734/4/1 844/4/1
f 845/5/1 736/5/1 735/5/1
f 845/5/1 737/5/1 736/5/1
f 846/6/1 738/6/1 737/6/1
f 846/5/1 737/5/1 845/5/1
f 847/4/1 739/4/1 738/4/1
f 847/6/1 738/6/1 846/6/1
f 848/5/1 740/5/1 739/5/1
f 848/4/1 739/4/1 847/4/1
f 849/6/1 741/6/1 740/6/1
f 849/5/1 740/5/1 848/5/1
f 850/5/1 742/5/1 741/5/1
f 850/6/1 741/6/1 849/6/1
f 850/5/1 743/5/1 742/5/1
f 851/6/1 744/6/1 743/6/1
f 851/5/1 743/5/1 850/5/1
f 852/5/1 745/5/1 744/5/1
f 852/6/1 744/6/1 851/6/1
f 852/5/1 746/5/1 745/5/1
f 852/5/1 747/5/1 746/5/1
f 853/6/1 748/6/1 747/6/1
f 853/5/1 747/5/1 852/5/1
f 854/5/1 749/5/1 748/5/1
f 854/6/1 748/6/1 853/6/1
f 855/7/1 750/7/1 749/7/1
f 855/5/1 749/5/1 854/5/1
f 856/5/1 751/5/1 750/5/1
f 856/7/1 750/7/1 855/7/1
f 856/5/1 752/5/1 751/5/1
f 857/7/1 753/7/1 752/7/1
f 857/5/1 752/5/1 856/5/1
f 858/6/1 754/6/1 753/6/1
f 858/7/1 753/7/1 857/7/1
f 859/5/1 755/5/1 754/5/1
f 859/6/1 754/6/1 858/6/1
f 859/5/1 756/5/1 755/5/1
f 859/5/1 757/5/1 756/5/1
f 859/5/1 758/5/1 757/5/1
f 859/5/1 759/5/1 758/5/1
f 860/6/1 760/6/1 759/6/1
f 860/5/1 759/5/1 859/5/1
f 861/4/1 761/4/1 760/4/1
f 861/6/1 760/6/1 860/6/1
f 862/5/1 762/5/1 761/5/1
f 862/4/1 761/4/1 861/4/1
f 863/4/1 763/4/1 762/4/1
f 863/5/1 762/5/1 862/5/1
f 864/5/1 764/5/1 763/5/1
f 864/4/1 763/4/1 863/4/1
f 865/4/1 765/4/1 764/4/1
f 865/5/1 764/5/1 864/5/1
f 866/5/1 766/5/1 765/5/1
f 866/4/1 765/4/1 865/4/1
f 867/6/1 767/6/1 766/6/1
f 867/5/1 766/5/1 866/5/1
f 868/5/1 768/5/1 767/5/1
f 868/6/1 767/6/1 867/6/1
f 869/6/1 769/6/1 768/6/1
f 869/5/1 768/5/1 868/5/1
f 869/6/1 770/6/1 769/6/1
f 870/4/1 771/4/1 770/4/1
f 870/6/1 770/6/1 869/6/1
f 870/4/1 772/4/1 771/4/1
f 870/4/1 773/4/1 772/4/1
f 871/6/1 774/6/1 773/6/1
f 871/4/1 773/4/1 870/4/1
f 871/6/1 775/6/1 774/6/1
f 871/6/1 776/6/1 775/6/1
f 872/4/1 777/4/1 776/4/1
f 872/6/1 776/6/1 871/6/1
f 873/6/1 778/6/1 777/6/1
f 873/4/1 777/4/1 872/4/1
f 874/5/1 779/5/1 778/5/1
f 874/6/1 778/6/1 873/6/1
f 875/6/1 780/6/1 779/6/1
f 875/5/1 779/5/1 874/5/1
f 876/5/1 781/5/1 780/5/1
f 876/6/1 780/6/1 875/6/1
f 877/7/1 782/7/1 781/7/1
f 877/5/1 781/5/1 876/5/1
f 877/7/1 783/7/1 782/7/1
f 877/7/1 784/7/1 783/7/1
f 878/8/1 785/8/1 784/8/1
f 878/7/1 784/7/1 877/7/1
f 879/7/1 786/7/1 785/7/1
f 879/8/1 785/8/1 878/8/1
f 879/7/1 787/7/1 786/7/1
f 880/8/1 788/8/1 787/8/1
f 880/7/1 787/7/1 879/7/1
f 881/7/1 789/7/1 788/7/1
f 881/8/1 788/8/1 880/8/1
f 881/7/1 790/7/1 789/7/1
f 882/4/1 791/4/1 790/4/1
f 882/7/1 790/7/1 881/7/1
f 883/6/1 794/6/1 793/6/1
f 883/4/1 791/4/1 882/4/1
f 883/6/1 793/6/1 792/6/1
f 883/6/1 792/6/1 791/6/1
f 884/5/1 795/5/1 794/5/1
f 884/6/1 794/6/1 883/6/1
f 885/6/1 796/6/1 795/6/1
f 885/5/1 795/5/1 884/5/1
f 886/5/1 798/5/1 797/5/1
f 886/6/1 796/6/1 885/6/1
f 886/5/1 797/5/1 796/5/1
f 887/4/1 799/4/1 798/4/1
f 887/5/1 798/5/1 886/5/1
f 888/5/1 801/5/1 800/5/1
f 888/4/1 799/4/1 887/4/1
f 888/5/1 800/5/1 799/5/1
f 889/6/1 803/6/1 802/6/1
f 889/5/1 801/5/1 888/5/1
f 889/6/1 802/6/1 801/6/1
f 890/5/1 804/5/1 803/5/1
f 890/6/1 803/6/1 889/6/1
f 891/6/1 805/6/1 804/6/1
f 891/5/1 804/5/1 890/5/1
f 892/5/1 806/5/1 805/5/1
f 892/6/1 805/6/1 891/6/1
f 893/6/1 807/6/1 806/6/1
f 893/5/1 806/5/1 892/5/1
f 894/5/1 808/5/1 807/5/1
f 894/6/1 807/6/1 893/6/1
f 895/6/1 809/6/1 808/6/1
f 895/5/1 808/5/1 894/5/1
f 896/7/1 813/7/1 812/7/1
f 896/6/1 809/6/1 895/6/1
f 896/7/1 812/7/1 811/7/1
f 896/7/1 811/7/1 810/7/1
f 896/7/1 810/7/1 809/7/1
f 897/8/1 814/8/1 813/8/1
f 897/7/1 813/7/1 896/7/1
f 898/7/1 815/7/1 814/7/1
f 898/8/1 814/8/1 897/8/1
f 899/6/1 816/6/1 815/6/1
f 899/7/1 815/7/1 898/7/1
f 900/6/1 816/6/1 899/6/1
f 901/6/2 902/6/2 998/6/2
f 998/6/2 902/6/2 999/6/2
f 902/5/2 903/5/2 1000/5/2
f 999/6/2 902/6/2 1000/6/2
f 903/6/2 904/6/2 1001/6/2
f 1000/5/2 903/5/2 1001/5/2
f 904/5/2 905/5/2 1002/5/2
f 1001/6/2 904/6/2 1002/6/2
f 905/4/2 906/4/2 1003/4/2
f 1002/5/2 905/5/2 1003/5/2
f 906/6/2 907/6/2 1004/6/2
f 1003/4/2 906/4/2 1004/4/2
f 907/5/2 908/5/2 1005/5/2
f 1004/6/2 907/6/2 1005/6/2
f 908/4/2 909/4/2 1006/4/2
f 1005/5/2 908/5/2 1006/5/2
f 909/5/2 910/5/2 1007/5/2
f 1006/4/2 909/4/2 1007/4/2
f 910/6/2 911/6/2 1008/6/2
f 1007/5/2 910/5/2 1008/5/2
f 911/5/2 912/5/2 1009/5/2
f 1008/6/2 911/6/2 1009/6/2
f 1009/5/2 912/5/2 1010/5/2
f 912/6/2 913/6/2 1011/6/2
f 1010/5/2 912/5/2 1011/5/2
f 913/4/2 914/4/2 1012/4/2
f 1011/6/2 913/6/2 1012/6/2
f 914/5/2 915/5/2 1013/5/2
f 1012/4/2 914/4/2 1013/4/2
f 915/6/2 916/6/2 1014/6/2
f 1013/5/2 915/5/2 1014/5/2
f 1014/6/2 916/6/2 1015/6/2
f 916/5/2 917/5/2 1016/5/2
f 1015/6/2 916/6/2 1016/6/2
f 917/6/2 918/6/2 1017/6/2
f 1016/5/2 917/5/2 1017/5/2
f 918/8/2 919/8/2 1018/8/2
f 1017/6/2 918/6/2 1018/6/2
f 919/6/2 920/6/2 1019/6/2
f 1018/8/2 919/8/2 1019/8/2
f 920/7/2 921/7/2 1020/7/2
f 1019/6/2 920/6/2 1020/6/2
f 1020/7/2 921/7/2 1021/7/2
f 921/8/2 922/8/2 1022/8/2
f 1021/7/2 921/7/2 1022/7/2
f 922/7/2 923/7/2 1023/7/2
f 1022/8/2 922/8/2 1023/8/2
f 1023/7/2 923/7/2 1024/7/2
f 923/8/2 924/8/2 1025/8/2
f 1024/7/2 923/7/2 1025/7/2
f 924/6/2 925/6/2 1026/6/2
f 1025/8/2 924/8/2 1026/8/2
f 925/7/2 926/7/2 1027/7/2
f 1026/6/2 925/6/2 1027/6/2
f 926/6/2 927/6/2 1028/6/2
f 1027/7/2 926/7/2 1028/7/2
f 927/5/2 928/5/2 1029/5/2
f 1028/6/2 927/6/2 1029/6/2
f 928/7/2 929/7/2 1030/7/2
f 1029/5/2 928/5/2 1030/5/2
f 929/6/2 930/6/2 1031/6/2
f 1030/7/2 929/7/2 1031/7/2
f 930/5/2 931/5/2 1032/5/2
f 1031/6/2 930/6/2 1032/6/2
f 931/6/2 932/6/2 1033/6/2
f 1032/5/2 931/5/2 1033/5/2
f 1033/6/2 932/6/2 1034/6/2
f 932/7/2 933/7/2 1035/7/2
f 1034/6/2 932/6/2 1035/6/2
f 933/6/2 934/6/2 1036/6/2
f 1035/7/2 933/7/2 1036/7/2
f 1036/6/2 934/6/2 1037/6/2
f 934/5/2 935/5/2 1038/5/2
f 1037/6/2 934/6/2 1038/6/2
f 1038/5/2 935/5/2 1039/5/2
f 935/4/2 936/4/2 1040/4/2
f 1039/5/2 935/5/2 1040/5/2
f 936/5/2 937/5/2 1041/5/2
f 1040/4/2 936/4/2 1041/4/2
f 937/6/2 938/6/2 1042/6/2
f 1041/5/2 937/5/2 1042/5/2
f 938/5/2 939/5/2 1043/5/2
f 1042/6/2 938/6/2 1043/6/2
f 1043/5/2 939/5/2 1044/5/2
f 939/4/2 940/4/2 1045/4/2
f 1044/5/2 939/5/2 1045/5/2
f 940/6/2 941/6/2 1046/6/2
f 1045/4/2 940/4/2 1046/4/2
f 941/7/2 942/7/2 1047/7/2
f 1046/6/2 941/6/2 1047/6/2
f 942/6/2 943/6/2 1048/6/2
f 1047/7/2 942/7/2 1048/7/2
f 943/7/2 944/7/2 1049/7/2
f 1048/6/2 943/6/2 1049/6/2
f 944/5/2 945/5/2 1050/5/2
f 1049/7/2 944/7/2 1050/7/2
f 945/7/2 946/7/2 1051/7/2
f 1050/5/2 945/5/2 1051/5/2
f 946/6/2 947/6/2 1052/6/2
f 1051/7/2 946/7/2 1052/7/2
f 947/5/2 948/5/2 1053/5/2
f 1052/6/2 947/6/2 1053/6/2
f 948/6/2 949/6/2 1054/6/2
f 1053/5/2 948/5/2 1054/5/2
f 1054/6/2 949/6/2 1055/6/2
f 949/7/2 950/7/2 1056/7/2
f 1055/6/2 949/6/2 1056/6/2
f 950/6/2 951/6/2 1057/6/2
f 1056/7/2 950/7/2 1057/7/2
f 1057/6/2 951/6/2 1058/6/2
f 951/7/2 952/7/2 1059/7/2
f 1058/6/2 951/6/2 1059/6/2
f 952/6/2 953/6/2 1060/6/2
f 1059/7/2 952/7/2 1060/7/2
f 953/8/2 954/8/2 1061/8/2
f 1060/6/2 953/6/2 1061/6/2
f 954/7/2 955/7/2 1062/7/2
f 1061/8/2 954/8/2 1062/8/2
f 955/8/2 956/8/2 1063/8/2
f 1062/7/2 955/7/2 1063/7/2
f 956/6/2 957/6/2 1064/6/2
f 1063/8/2 956/8/2 1064/8/2
f 1064/6/2 957/6/2 1065/6/2
f 957/5/2 958/5/2 1066/5/2
f 1065/6/2 957/6/2 1066/6/2
f 958/6/2 959/6/2 1067/6/2
f 1066/5/2 958/5/2 1067/5/2
f 959/4/2 960/4/2 1068/4/2
f 1067/6/2 959/6/2 1068/6/2
f 960/6/2 961/6/2 1069/6/2
f 1068/4/2 960/4/2 1069/4/2
f 961/5/2 962/5/2 1070/5/2
f 1069/6/2 961/6/2 1070/6/2
f 1070/5/2 962/5/2 1071/5/2
f 962/4/2 963/4/2 1072/4/2
f 1071/5/2 962/5/2 1072/5/2
f 963/6/2 964/6/2 1073/6/2
f 1072/4/2 963/4/2 1073/4/2
f 964/7/2 965/7/2 1074/7/2
f 1073/6/2 964/6/2 1074/6/2
f 1074/7/2 965/7/2 1075/7/2
f 965/6/2 966/6/2 1076/6/2
f 1075/7/2 965/7/2 1076/7/2
f 966/5/2 967/5/2 1077/5/2
f 1076/6/2 966/6/2 1077/6/2
f 967/6/2 968/6/2 1078/6/2
f 1077/5/2 967/5/2 1078/5/2
f 968/7/2 969/7/2 1079/7/2
f 1078/6/2 968/6/2 1079/6/2
f 969/5/2 970/5/2 1080/5/2
f 1079/7/2 969/7/2 1080/7/2
f 970/6/2 971/6/2 1081/6/2
f 1080/5/2 970/5/2 1081/5/2
f 1081/6/2 971/6/2 1082/6/2
f 971/5/2 972/5/2 1083/5/2
f 1082/6/2 971/6/2 1083/6/2
f 972/4/2 973/4/2 1084/4/2
f 1083/5/2 972/5/2 1084/5/2
f 973/6/2 974/6/2 1085/6/2
f 1084/4/2 973/4/2 1085/4/2
f 974/5/2 975/5/2 1086/5/2
f 1085/6/2 974/6/2 1086/6/2
f 975/6/2 976/6/2 1087/6/2
f 1086/5/2 975/5/2 1087/5/2
f 976/4/2 977/4/2 1088/4/2
f 1087/6/2 976/6/2 1088/6/2
f 977/5/2 978/5/2 1089/5/2
f 1088/4/2 977/4/2 1089/4/2
f 978/4/2 979/4/2 1090/4/2
f 1089/5/2 978/5/2 1090/5/2
f 979/5/2 980/5/2 1091/5/2
f 1090/4/2 979/4/2 1091/4/2
f 980/6/2 981/6/2 1092/6/2
f 1091/5/2 980/5/2 1092/5/2
f 981/5/2 982/5/2 1093/5/2
f 1092/6/2 981/6/2 1093/6/2
f 982/4/2 983/4/2 1094/4/2
f 1093/5/2 982/5/2 1094/5/2
f 983/5/2 984/5/2 1095/5/2
f 1094/4/2 983/4/2 1095/4/2
f 984/6/2 985/6/2 1096/6/2
f 1095/5/2 984/5/2 1096/5/2
f 985/4/2 986/4/2 1097/4/2
f 1096/6/2 985/6/2 1097/6/2
f 986/5/2 987/5/2 1098/5/2
f 1097/4/2 986/4/2 1098/4/2
f 987/4/2 988/4/2 1099/4/2
f 1098/5/2 987/5/2 1099/5/2
f 988/6/2 989/6/2 1100/6/2
f 1099/4/2 988/4/2 1100/4/2
f 989/4/2 990/4/2 1101/4/2
f 1100/6/2 989/6/2 1101/6/2
f 990/6/2 991/6/2 1102/6/2
f 1101/4/2 990/4/2 1102/4/2
f 991/5/2 992/5/2 1103/5/2
f 1102/6/2 991/6/2 1103/6/2
f 992/7/2 993/7/2 1104/7/2
f 1103/5/2 992/5/2 1104/5/2
f 1104/7/2 993/7/2 1105/7/2
f 993/6/2 994/6/2 1106/6/2
f 1105/7/2 993/7/2 1106/7/2
f 1106/6/2 994/6/2 1107/6/2
f 994/7/2 995/7/2 1108/7/2
f 1107/6/2 994/6/2 1108/6/2
f 1108/7/2 995/7/2 1109/7/2
f 1109/7/2 995/7/2 1110/7/2
f 995/5/2 996/5/2 1111/5/2
f 1110/7/2 995/7/2 1111/7/2
f 1111/5/2 996/5/2 1112/5/2
f 996/6/2 997/6/2 1113/6/2
f 1112/5/2 996/5/2 1113/5/2
f 1113/6/2 997/6/2 1114/6/2
f 1115/7/2 1116/7/2 1223/7/2
f 1116/7/2 1117/7/2 1223/7/2
f 1117/6/2 1118/6/2 1224/6/2
f 1223/7/2 1117/7/2 1224/7/2
f 1118/6/2 1119/6/2 1224/6/2
f 1119/7/2 1120/7/2 1225/7/2
f 1224/6/2 1119/6/2 1225/6/2
f 1120/6/2 1121/6/2 1226/6/2
f 1225/7/2 1120/7/2 1226/7/2
f 1121/8/2 1122/8/2 1227/8/2
f 1226/6/2 1121/6/2 1227/6/2
f 1122/7/2 1123/7/2 1228/7/2
f 1227/8/2 1122/8/2 1228/8/2
f 1123/6/2 1124/6/2 1229/6/2
f 1228/7/2 1123/7/2 1229/7/2
f 1124/7/2 1125/7/2 1230/7/2
f 1229/6/2 1124/6/2 1230/6/2
f 1125/7/2 1126/7/2 1230/7/2
f 1126/6/2 1127/6/2 1231/6/2
f 1230/7/2 1126/7/2 1231/7/2
f 1127/6/2 1128/6/2 1231/6/2
f 1128/8/2 1129/8/2 1232/8/2
f 1231/6/2 1128/6/2 1232/6/2
f 1129/5/2 1130/5/2 1233/5/2
f 1232/8/2 1129/8/2 1233/8/2
f 1130/4/2 1131/4/2 1234/4/2
f 1233/5/2 1130/5/2 1234/5/2
f 1131/5/2 1132/5/2 1235/5/2
f 1234/4/2 1131/4/2 1235/4/2
f 1132/5/2 1133/5/2 1235/5/2
f 1133/6/2 1134/6/2 1236/6/2
f 1235/5/2 1133/5/2 1236/5/2
f 1134/5/2 1135/5/2 1237/5/2
f 1236/6/2 1134/6/2 1237/6/2
f 1135/4/2 1136/4/2 1238/4/2
f 1237/5/2 1135/5/2 1238/5/2
f 1136/4/2 1137/4/2 1238/4/2
f 1137/5/2 1138/5/2 1239/5/2
f 1238/4/2 1137/4/2 1239/4/2
f 1138/5/2 1139/5/2 1239/5/2
f 1139/4/2 1140/4/2 1240/4/2
f 1239/5/2 1139/5/2 1240/5/2
f 1140/5/2 1141/5/2 1241/5/2
f 1240/4/2 1140/4/2 1241/4/2
f 1141/5/2 1142/5/2 1241/5/2
f 1142/4/2 1143/4/2 1242/4/2
f 1241/5/2 1142/5/2 1242/5/2
f 1143/4/2 1144/4/2 1242/4/2
f 1144/7/2 1145/7/2 1243/7/2
f 1242/4/2 1144/4/2 1243/4/2
f 1145/6/2 1146/6/2 1244/6/2
f 1243/7/2 1145/7/2 1244/7/2
f 1146/8/2 1147/8/2 1245/8/2
f 1244/6/2 1146/6/2 1245/6/2
f 1147/7/2 1148/7/2 1246/7/2
f 1245/8/2 1147/8/2 1246/8/2
f 1148/8/2 1149/8/2 1247/8/2
f 1246/7/2 1148/7/2 1247/7/2
f 1149/6/2 1150/6/2 1248/6/2
f 1247/8/2 1149/8/2 1248/8/2
f 1150/7/2 1151/7/2 1249/7/2
f 1248/6/2 1150/6/2 1249/6/2
f 1151/7/2 1152/7/2 1249/7/2
f 1152/6/2 1153/6/2 1250/6/2
f 1249/7/2 1152/7/2 1250/7/2
f 1153/7/2 1154/7/2 1251/7/2
f 1250/6/2 1153/6/2 1251/6/2
f 1154/8/2 1155/8/2 1252/8/2
f 1251/7/2 1154/7/2 1252/7/2
f 1155/7/2 1156/7/2 1253/7/2
f 1252/8/2 1155/8/2 1253/8/2
f 1156/6/2 1157/6/2 1254/6/2
f 1253/7/2 1156/7/2 1254/7/2
f 1157/8/2 1158/8/2 1255/8/2
f 1254/6/2 1157/6/2 1255/6/2
f 1158/6/2 1159/6/2 1256/6/2
f 1255/8/2 1158/8/2 1256/8/2
f 1159/8/2 1160/8/2 1257/8/2
f 1256/6/2 1159/6/2 1257/6/2
f 1160/6/2 1161/6/2 1258/6/2
f 1257/8/2 1160/8/2 1258/8/2
f 1161/7/2 1162/7/2 1259/7/2
f 1258/6/2 1161/6/2 1259/6/2
f 1162/7/2 1163/7/2 1259/7/2
f 1163/6/2 1164/6/2 1260/6/2
f 1259/7/2 1163/7/2 1260/7/2
f 1164/6/2 1165/6/2 1260/6/2
f 1165/8/2 1166/8/2 1261/8/2
f 1260/6/2 1165/6/2 1261/6/2
f 1166/8/2 1167/8/2 1261/8/2
f 1167/8/2 1168/8/2 1261/8/2
f 1168/7/2 1169/7/2 1262/7/2
f 1261/8/2 1168/8/2 1262/8/2
f 1169/8/2 1170/8/2 1263/8/2
f 1262/7/2 1169/7/2 1263/7/2
f 1170/8/2 1171/8/2 1263/8/2
f 1171/5/2 1172/5/2 1264/5/2
f 1263/8/2 1171/8/2 1264/8/2
f 1172/6/2 1173/6/2 1265/6/2
f 1264/5/2 1172/5/2 1265/5/2
f 1173/6/2 1174/6/2 1265/6/2
f 1174/6/2 1175/6/2 1265/6/2
f 1175/7/2 1176/7/2 1266/7/2
f 1265/6/2 1175/6/2 1266/6/2
f 1176/5/2 1177/5/2 1267/5/2
f 1266/7/2 1176/7/2 1267/7/2
f 1177/6/2 1178/6/2 1268/6/2
f 1267/5/2 1177/5/2 1268/5/2
f 1178/7/2 1179/7/2 1269/7/2
f 1268/6/2 1178/6/2 1269/6/2
f 1179/5/2 1180/5/2 1270/5/2
f 1269/7/2 1179/7/2 1270/7/2
f 1180/6/2 1181/6/2 1271/6/2
f 1270/5/2 1180/5/2 1271/5/2
f 1181/7/2 1182/7/2 1272/7/2
f 1271/6/2 1181/6/2 1272/6/2
f 1182/5/2 1183/5/2 1273/5/2
f 1272/7/2 1182/7/2 1273/7/2
f 1183/6/2 1184/6/2 1274/6/2
f 1273/5/2 1183/5/2 1274/5/2
f 1184/5/2 1185/5/2 1275/5/2
f 1274/6/2 1184/6/2 1275/6/2
f 1185/6/2 1186/6/2 1276/6/2
f 1275/5/2 1185/5/2 1276/5/2
f 1186/5/2 1187/5/2 1277/5/2
f 1276/6/2 1186/6/2 1277/6/2
f 1187/6/2 1188/6/2 1278/6/2
f 1277/5/2 1187/5/2 1278/5/2
f 1188/6/2 1189/6/2 1278/6/2
f 1189/5/2 1190/5/2 1279/5/2
f 1278/6/2 1189/6/2 1279/6/2
f 1190/5/2 1191/5/2 1279/5/2
f 1191/7/2 1192/7/2 1280/7/2
f 1279/5/2 1191/5/2 1280/5/2
f 1192/7/2 1193/7/2 1280/7/2
f 1193/5/2 1194/5/2 1281/5/2
f 1280/7/2 1193/7/2 1281/7/2
f 1194/6/2 1195/6/2 1282/6/2
f 1281/5/2 1194/5/2 1282/5/2
f 1195/7/2 1196/7/2 1283/7/2
f 1282/6/2 1195/6/2 1283/6/2
f 1196/6/2 1197/6/2 1284/6/2
f 1283/7/2 1196/7/2 1284/7/2
f 1197/7/2 1198/7/2 1285/7/2
f 1284/6/2 1197/6/2 1285/6/2
f 1198/7/2 1199/7/2 1285/7/2
f 1199/6/2 1200/6/2 1286/6/2
f 1285/7/2 1199/7/2 1286/7/2
f 1200/7/2 1201/7/2 1287/7/2
f 1286/6/2 1200/6/2 1287/6/2
f 1202/6/2 1203/6/2 1288/6/2
f 1287/7/2 1201/7/2 1288/7/2
f 1201/6/2 1202/6/2 1288/6/2
f 1203/7/2 1204/7/2 1289/7/2
f 1288/6/2 1203/6/2 1289/6/2
f 1204/6/2 1205/6/2 1290/6/2
f 1289/7/2 1204/7/2 1290/7/2
f 1206/7/2 1207/7/2 1291/7/2
f 1290/6/2 1205/6/2 1291/6/2
f 1205/7/2 1206/7/2 1291/7/2
f 1208/6/2 1209/6/2 1292/6/2
f 1291/7/2 1207/7/2 1292/7/2
f 1207/6/2 1208/6/2 1292/6/2
f 1209/8/2 1210/8/2 1293/8/2
f 1292/6/2 1209/6/2 1293/6/2
f 1210/7/2 1211/7/2 1294/7/2
f 1293/8/2 1210/8/2 1294/8/2
f 1211/8/2 1212/8/2 1295/8/2
f 1294/7/2 1211/7/2 1295/7/2
f 1212/6/2 1213/6/2 1296/6/2
f 1295/8/2 1212/8/2 1296/8/2
f 1213/7/2 1214/7/2 1297/7/2
f 1296/6/2 1213/6/2 1297/6/2
f 1214/6/2 1215/6/2 1298/6/2
f 1297/7/2 1214/7/2 1298/7/2
f 1215/7/2 1216/7/2 1299/7/2
f 1298/6/2 1215/6/2 1299/6/2
f 1216/6/2 1217/6/2 1300/6/2
f 1299/7/2 1216/7/2 1300/7/2
f 1217/7/2 1218/7/2 1301/7/2
f 1300/6/2 1217/6/2 1301/6/2
f 1218/6/2 1219/6/2 1302/6/2
f 1301/7/2 1218/7/2 1302/7/2
f 1219/7/2 1220/7/2 1303/7/2
f 1302/6/2 1219/6/2 1303/6/2
f 1220/5/2 1221/5/2 1304/5/2
f 1303/7/2 1220/7/2 1304/7/2
f 1221/6/2 1222/6/2 1305/6/2
f 1304/5/2 1221/5/2 1305/5/2
f 1305/6/2 1222/6/2 1306/6/2
f 1307/4/2 1308/4/2 1394/4/2
f 1308/6/2 1309/6/2 1395/6/2
f 1394/4/2 1308/4/2 1395/4/2
f 1309/5/2 1310/5/2 1396/5/2
f 1395/6/2 1309/6/2 1396/6/2
f 1310/4/2 1311/4/2 1397/4/2
f 1396/5/2 1310/5/2 1397/5/2
f 1397/4/2 1311/4/2 1398/4/2
f 1311/5/2 1312/5/2 1399/5/2
f 1398/4/2 1311/4/2 1399/4/2
f 1312/4/2 1313/4/2 1400/4/2
f 1399/5/2 1312/5/2 1400/5/2
f 1313/6/2 1314/6/2 1401/6/2
f 1400/4/2 1313/4/2 1401/4/2
f 1314/4/2 1315/4/2 1402/4/2
f 1401/6/2 1314/6/2 1402/6/2
f 1315/5/2 1316/5/2 1403/5/2
f 1402/4/2 1315/4/2 1403/4/2
f 1403/5/2 1316/5/2 1404/5/2
f 1316/4/2 1317/4/2 1405/4/2
f 1404/5/2 1316/5/2 1405/5/2
f 1317/6/2 1318/6/2 1406/6/2
f 1405/4/2 1317/4/2 1406/4/2
f 1318/5/2 1319/5/2 1407/5/2
f 1406/6/2 1318/6/2 1407/6/2
f 1407/5/2 1319/5/2 1408/5/2
f 1319/6/2 1320/6/2 1409/6/2
f 1320/4/2 1321/4/2 1409/4/2
f 1321/5/2 1322/5/2 1410/5/2
f 1409/4/2 1321/4/2 1410/4/2
f 1322/4/2 1323/4/2 1411/4/2
f 1410/5/2 1322/5/2 1411/5/2
f 1323/6/2 1324/6/2 1412/6/2
f 1411/4/2 1323/4/2 1412/4/2
f 1412/6/2 1324/6/2 1413/6/2
f 1324/5/2 1325/5/2 1414/5/2
f 1413/6/2 1324/6/2 1414/6/2
f 1325/4/2 1326/4/2 1415/4/2
f 1414/5/2 1325/5/2 1415/5/2
f 1326/5/2 1327/5/2 1416/5/2
f 1415/4/2 1326/4/2 1416/4/2
f 1327/6/2 1328/6/2 1417/6/2
f 1416/5/2 1327/5/2 1417/5/2
f 1417/6/2 1328/6/2 1418/6/2
f 1328/7/2 1329/7/2 1419/7/2
f 1418/6/2 1328/6/2 1419/6/2
f 1329/6/2 1330/6/2 1420/6/2
f 1419/7/2 1329/7/2 1420/7/2
f 1420/6/2 1330/6/2 1421/6/2
f 1330/7/2 1331/7/2 1422/7/2
f 1421/6/2 1330/6/2 1422/6/2
f 1422/7/2 1331/7/2 1423/7/2
f 1331/6/2 1332/6/2 1424/6/2
f 1423/7/2 1331/7/2 1424/7/2
f 1332/7/2 1333/7/2 1425/7/2
f 1424/6/2 1332/6/2 1425/6/2
f 1333/6/2 1334/6/2 1426/6/2
f 1425/7/2 1333/7/2 1426/7/2
f 1334/7/2 1335/7/2 1427/7/2
f 1426/6/2 1334/6/2 1427/6/2
f 1335/6/2 1336/6/2 1428/6/2
f 1427/7/2 1335/7/2 1428/7/2
f 1428/6/2 1336/6/2 1429/6/2
f 1336/8/2 1337/8/2 1430/8/2
f 1429/6/2 1336/6/2 1430/6/2
f 1337/7/2 1338/7/2 1431/7/2
f 1430/8/2 1337/8/2 1431/8/2
f 1338/8/2 1339/8/2 1432/8/2
f 1431/7/2 1338/7/2 1432/7/2
f 1339/7/2 1340/7/2 1433/7/2
f 1432/8/2 1339/8/2 1433/8/2
f 1340/6/2 1341/6/2 1434/6/2
f 1433/7/2 1340/7/2 1434/7/2
f 1341/7/2 1342/7/2 1435/7/2
f 1434/6/2 1341/6/2 1435/6/2
f 1342/6/2 1343/6/2 1436/6/2
f 1435/7/2 1342/7/2 1436/7/2
f 1436/6/2 1343/6/2 1437/6/2
f 1343/7/2 1344/7/2 1438/7/2
f 1437/6/2 1343/6/2 1438/6/2
f 1438/7/2 1344/7/2 1439/7/2
f 1344/6/2 1345/6/2 1440/6/2
f 1439/7/2 1344/7/2 1440/7/2
f 1440/6/2 1345/6/2 1441/6/2
f 1345/7/2 1346/7/2 1442/7/2
f 1441/6/2 1345/6/2 1442/6/2
f 1442/7/2 1346/7/2 1443/7/2
f 1346/5/2 1347/5/2 1444/5/2
f 1443/7/2 1346/7/2 1444/7/2
f 1347/6/2 1348/6/2 1445/6/2
f 1444/5/2 1347/5/2 1445/5/2
f 1348/5/2 1349/5/2 1446/5/2
f 1445/6/2 1348/6/2 1446/6/2
f 1446/5/2 1349/5/2 1447/5/2
f 1349/6/2 1350/6/2 1448/6/2
f 1447/5/2 1349/5/2 1448/5/2
f 1350/5/2 1351/5/2 1449/5/2
f 1448/6/2 1350/6/2 1449/6/2
f 1351/6/2 1352/6/2 1450/6/2
f 1449/5/2 1351/5/2 1450/5/2
f 1352/5/2 1353/5/2 1451/5/2
f 1450/6/2 1352/6/2 1451/6/2
f 1353/6/2 1354/6/2 1452/6/2
f 1451/5/2 1353/5/2 1452/5/2
f 1354/5/2 1355/5/2 1453/5/2
f 1452/6/2 1354/6/2 1453/6/2
f 1355/6/2 1356/6/2 1454/6/2
f 1453/5/2 1355/5/2 1454/5/2
f 1356/5/2 1357/5/2 1455/5/2
f 1454/6/2 1356/6/2 1455/6/2
f 1455/5/2 1357/5/2 1456/5/2
f 1357/6/2 1358/6/2 1457/6/2
f 1456/5/2 1357/5/2 1457/5/2
f 1358/8/2 1359/8/2 1458/8/2
f 1457/6/2 1358/6/2 1458/6/2
f 1359/5/2 1360/5/2 1459/5/2
f 1458/8/2 1359/8/2 1459/8/2
f 1360/6/2 1361/6/2 1460/6/2
f 1459/5/2 1360/5/2 1460/5/2
f 1361/7/2 1362/7/2 1461/7/2
f 1460/6/2 1361/6/2 1461/6/2
f 1362/5/2 1363/5/2 1462/5/2
f 1461/7/2 1362/7/2 1462/7/2
f 1363/6/2 1364/6/2 1463/6/2
f 1462/5/2 1363/5/2 1463/5/2
f 1364/5/2 1365/5/2 1464/5/2
f 1463/6/2 1364/6/2 1464/6/2
f 1365/6/2 1366/6/2 1465/6/2
f 1464/5/2 1365/5/2 1465/5/2
f 1366/5/2 1367/5/2 1466/5/2
f 1465/6/2 1366/6/2 1466/6/2
f 1367/7/2 1368/7/2 1467/7/2
f 1466/5/2 1367/5/2 1467/5/2
f 1368/6/2 1369/6/2 1468/6/2
f 1467/7/2 1368/7/2 1468/7/2
f 1369/5/2 1370/5/2 1469/5/2
f 1468/6/2 1369/6/2 1469/6/2
f 1370/6/2 1371/6/2 1470/6/2
f 1469/5/2 1370/5/2 1470/5/2
f 1371/5/2 1372/5/2 1471/5/2
f 1470/6/2 1371/6/2 1471/6/2
f 1372/7/2 1373/7/2 1472/7/2
f 1471/5/2 1372/5/2 1472/5/2
f 1472/7/2 1373/7/2 1473/7/2
f 1373/6/2 1374/6/2 1474/6/2
f 1473/7/2 1373/7/2 1474/7/2
f 1374/5/2 1375/5/2 1475/5/2
f 1474/6/2 1374/6/2 1475/6/2
f 1375/7/2 1376/7/2 1476/7/2
f 1475/5/2 1375/5/2 1476/5/2
f 1476/7/2 1376/7/2 1477/7/2
f 1376/5/2 1377/5/2 1478/5/2
f 1477/7/2 1376/7/2 1478/7/2
f 1377/6/2 1378/6/2 1479/6/2
f 1478/5/2 1377/5/2 1479/5/2
f 1378/5/2 1379/5/2 1480/5/2
f 1479/6/2 1378/6/2 1480/6/2
f 1379/6/2 1380/6/2 1481/6/2
f 1480/5/2 1379/5/2 1481/5/2
f 1380/7/2 1381/7/2 1482/7/2
f 1481/6/2 1380/6/2 1482/6/2
f 1381/6/2 1382/6/2 1483/6/2
f 1482/7/2 1381/7/2 1483/7/2
f 1382/5/2 1383/5/2 1484/5/2
f 1483/6/2 1382/6/2 1484/6/2
f 1383/7/2 1384/7/2 1485/7/2
f 1484/5/2 1383/5/2 1485/5/2
f 1384/6/2 1385/6/2 1486/6/2
f 1485/7/2 1384/7/2 1486/7/2
f 1385/5/2 1386/5/2 1487/5/2
f 1486/6/2 1385/6/2 1487/6/2
f 1386/6/2 1387/6/2 1488/6/2
f 1487/5/2 1386/5/2 1488/5/2
f 1387/5/2 1388/5/2 1489/5/2
f 1488/6/2 1387/6/2 1489/6/2
f 1388/6/2 1389/6/2 1490/6/2
f 1489/5/2 1388/5/2 1490/5/2
f 1490/6/2 1389/6/2 1491/6/2
f 1389/5/2 1390/5/2 1492/5/2
f 1491/6/2 1389/6/2 1492/6/2
f 1390/6/2 1391/6/2 1493/6/2
f 1492/5/2 1390/5/2 1493/5/2
f 1493/6/2 1391/6/2 1494/6/2
f 1391/5/2 1392/5/2 1495/5/2
f 1494/6/2 1391/6/2 1495/6/2
f 1392/7/2 1393/7/2 1496/7/2
f 1495/5/2 1392/5/2 1496/5/2
f 1496/7/2 1393/7/2 1497/7/2
f 1394/7/2 1395/7/2 1498/7/2
f 1395/6/2 1396/6/2 1499/6/2
f 1498/7/2 1395/7/2 1499/7/2
f 1397/7/2 1398/7/2 1500/7/2
f 1499/6/2 1396/6/2 1500/6/2
f 1396/7/2 1397/7/2 1500/7/2
f 1500/7/2 1398/7/2 1501/7/2
f 1398/8/2 1399/8/2 1502/8/2
f 1501/7/2 1398/7/2 1502/7/2
f 1399/7/2 1400/7/2 1503/7/2
f 1502/8/2 1399/8/2 1503/8/2
f 1400/7/2 1401/7/2 1503/7/2
f 1503/7/2 1401/7/2 1504/7/2
f 1401/8/2 1402/8/2 1505/8/2
f 1504/7/2 1401/7/2 1505/7/2
f 1402/7/2 1403/7/2 1506/7/2
f 1505/8/2 1402/8/2 1506/8/2
f 1403/5/2 1404/5/2 1507/5/2
f 1506/7/2 1403/7/2 1507/7/2
f 1404/4/2 1405/4/2 1508/4/2
f 1507/5/2 1404/5/2 1508/5/2
f 1405/6/2 1406/6/2 1509/6/2
f 1508/4/2 1405/4/2 1509/4/2
f 1406/5/2 1407/5/2 1510/5/2
f 1509/6/2 1406/6/2 1510/6/2
f 1510/5/2 1407/5/2 1511/5/2
f 1407/4/2 1408/4/2 1512/4/2
f 1511/5/2 1407/5/2 1512/5/2
f 1408/5/2 1319/5/2 1513/5/2
f 1512/4/2 1408/4/2 1513/4/2
f 1319/6/2 1409/6/2 1514/6/2
f 1513/5/2 1319/5/2 1514/5/2
f 1409/6/2 1410/6/2 1514/6/2
f 1514/6/2 1410/6/2 1515/6/2
f 1410/4/2 1411/4/2 1516/4/2
f 1515/6/2 1410/6/2 1516/6/2
f 1411/5/2 1412/5/2 1517/5/2
f 1516/4/2 1411/4/2 1517/4/2
f 1412/4/2 1413/4/2 1518/4/2
f 1517/5/2 1412/5/2 1518/5/2
f 1413/6/2 1414/6/2 1519/6/2
f 1518/4/2 1413/4/2 1519/4/2
f 1414/6/2 1415/6/2 1519/6/2
f 1519/6/2 1415/6/2 1520/6/2
f 1415/4/2 1416/4/2 1521/4/2
f 1520/6/2 1415/6/2 1521/6/2
f 1521/4/2 1416/4/2 1522/4/2
f 1417/6/2 1418/6/2 1523/6/2
f 1522/4/2 1416/4/2 1523/4/2
f 1416/6/2 1417/6/2 1523/6/2
f 1418/4/2 1419/4/2 1524/4/2
f 1523/6/2 1418/6/2 1524/6/2
f 1419/5/2 1420/5/2 1525/5/2
f 1524/4/2 1419/4/2 1525/4/2
f 1420/6/2 1421/6/2 1526/6/2
f 1525/5/2 1420/5/2 1526/5/2
f 1421/5/2 1422/5/2 1527/5/2
f 1526/6/2 1421/6/2 1527/6/2
f 1422/6/2 1423/6/2 1528/6/2
f 1527/5/2 1422/5/2 1528/5/2
f 1423/5/2 1424/5/2 1529/5/2
f 1528/6/2 1423/6/2 1529/6/2
f 1424/7/2 1425/7/2 1530/7/2
f 1529/5/2 1424/5/2 1530/5/2
f 1425/5/2 1426/5/2 1531/5/2
f 1530/7/2 1425/7/2 1531/7/2
f 1426/7/2 1427/7/2 1532/7/2
f 1531/5/2 1426/5/2 1532/5/2
f 1532/7/2 1427/7/2 1533/7/2
f 1427/8/2 1428/8/2 1534/8/2
f 1533/7/2 1427/7/2 1534/7/2
f 1428/7/2 1429/7/2 1535/7/2
f 1534/8/2 1428/8/2 1535/8/2
f 1535/7/2 1429/7/2 1536/7/2
f 1429/6/2 1430/6/2 1537/6/2
f 1536/7/2 1429/7/2 1537/7/2
f 1430/7/2 1431/7/2 1538/7/2
f 1537/6/2 1430/6/2 1538/6/2
f 1431/7/2 1432/7/2 1538/7/2
f 1432/6/2 1433/6/2 1539/6/2
f 1538/7/2 1432/7/2 1539/7/2
f 1433/7/2 1434/7/2 1540/7/2
f 1539/6/2 1433/6/2 1540/6/2
f 1434/8/2 1435/8/2 1541/8/2
f 1540/7/2 1434/7/2 1541/7/2
f 1436/6/2 1437/6/2 1542/6/2
f 1541/8/2 1435/8/2 1542/8/2
f 1435/6/2 1436/6/2 1542/6/2
f 1437/7/2 1438/7/2 1543/7/2
f 1542/6/2 1437/6/2 1543/6/2
f 1543/7/2 1438/7/2 1544/7/2
f 1438/6/2 1439/6/2 1545/6/2
f 1544/7/2 1438/7/2 1545/7/2
f 1440/7/2 1441/7/2 1546/7/2
f 1545/6/2 1439/6/2 1546/6/2
f 1439/7/2 1440/7/2 1546/7/2
f 1546/7/2 1441/7/2 1547/7/2
f 1441/6/2 1442/6/2 1548/6/2
f 1547/7/2 1441/7/2 1548/7/2
f 1442/8/2 1443/8/2 1549/8/2
f 1548/6/2 1442/6/2 1549/6/2
f 1443/7/2 1444/7/2 1550/7/2
f 1549/8/2 1443/8/2 1550/8/2
f 1444/6/2 1445/6/2 1551/6/2
f 1550/7/2 1444/7/2 1551/7/2
f 1445/7/2 1446/7/2 1552/7/2
f 1551/6/2 1445/6/2 1552/6/2
f 1446/8/2 1447/8/2 1553/8/2
f 1552/7/2 1446/7/2 1553/7/2
f 1447/7/2 1448/7/2 1554/7/2
f 1553/8/2 1447/8/2 1554/8/2
f 1448/7/2 1449/7/2 1554/7/2
f 1554/7/2 1449/7/2 1555/7/2
f 1449/8/2 1450/8/2 1556/8/2
f 1555/7/2 1449/7/2 1556/7/2
f 1450/7/2 1451/7/2 1557/7/2
f 1556/8/2 1450/8/2 1557/8/2
f 1557/7/2 1451/7/2 1558/7/2
f 1451/6/2 1452/6/2 1559/6/2
f 1558/7/2 1451/7/2 1559/7/2
f 1559/6/2 1452/6/2 1560/6/2
f 1560/6/2 1452/6/2 1561/6/2
f 1452/5/2 1453/5/2 1562/5/2
f 1453/5/2 1454/5/2 1562/5/2
f 1454/7/2 1455/7/2 1563/7/2
f 1562/5/2 1454/5/2 1563/5/2
f 1455/5/2 1456/5/2 1564/5/2
f 1563/7/2 1455/7/2 1564/7/2
f 1564/5/2 1456/5/2 1565/5/2
f 1456/7/2 1457/7/2 1566/7/2
f 1565/5/2 1456/5/2 1566/5/2
f 1457/6/2 1458/6/2 1567/6/2
f 1566/7/2 1457/7/2 1567/7/2
f 1458/6/2 1459/6/2 1567/6/2
f 1567/6/2 1459/6/2 1568/6/2
f 1459/7/2 1460/7/2 1569/7/2
f 1568/6/2 1459/6/2 1569/6/2
f 1460/7/2 1461/7/2 1569/7/2
f 1461/6/2 1462/6/2 1570/6/2
f 1569/7/2 1461/7/2 1570/7/2
f 1462/8/2 1463/8/2 1571/8/2
f 1570/6/2 1462/6/2 1571/6/2
f 1463/6/2 1464/6/2 1572/6/2
f 1571/8/2 1463/8/2 1572/8/2
f 1464/7/2 1465/7/2 1573/7/2
f 1572/6/2 1464/6/2 1573/6/2
f 1573/7/2 1465/7/2 1574/7/2
f 1574/7/2 1465/7/2 1575/7/2
f 1465/5/2 1466/5/2 1576/5/2
f 1575/7/2 1465/7/2 1576/7/2
f 1466/6/2 1467/6/2 1577/6/2
f 1576/5/2 1466/5/2 1577/5/2
f 1467/6/2 1468/6/2 1577/6/2
f 1577/6/2 1468/6/2 1578/6/2
f 1468/5/2 1469/5/2 1579/5/2
f 1578/6/2 1468/6/2 1579/6/2
f 1469/5/2 1470/5/2 1579/5/2
f 1470/5/2 1471/5/2 1579/5/2
f 1579/5/2 1471/5/2 1580/5/2
f 1580/5/2 1471/5/2 1581/5/2
f 1472/4/2 1473/4/2 1582/4/2
f 1471/6/2 1472/6/2 1582/6/2
f 1473/5/2 1474/5/2 1583/5/2
f 1582/4/2 1473/4/2 1583/4/2
f 1474/5/2 1475/5/2 1583/5/2
f 1475/5/2 1476/5/2 1583/5/2
f 1583/5/2 1476/5/2 1584/5/2
f 1584/5/2 1476/5/2 1585/5/2
f 1476/6/2 1477/6/2 1586/6/2
f 1585/5/2 1476/5/2 1586/5/2
f 1477/5/2 1478/5/2 1587/5/2
f 1586/6/2 1477/6/2 1587/6/2
f 1478/5/2 1479/5/2 1587/5/2
f 1479/5/2 1480/5/2 1587/5/2
f 1587/5/2 1480/5/2 1588/5/2
f 1588/5/2 1480/5/2 1589/5/2
f 1480/4/2 1481/4/2 1590/4/2
f 1589/5/2 1480/5/2 1590/5/2
f 1481/5/2 1482/5/2 1591/5/2
f 1590/4/2 1481/4/2 1591/4/2
f 1482/5/2 1483/5/2 1591/5/2
f 1591/5/2 1483/5/2 1592/5/2
f 1483/6/2 1484/6/2 1593/6/2
f 1592/5/2 1483/5/2 1593/5/2
f 1484/6/2 1485/6/2 1593/6/2
f 1485/6/2 1486/6/2 1593/6/2
f 1593/6/2 1486/6/2 1594/6/2
f 1594/6/2 1486/6/2 1595/6/2
f 1486/7/2 1487/7/2 1596/7/2
f 1595/6/2 1486/6/2 1596/6/2
f 1487/7/2 1488/7/2 1596/7/2
f 1596/7/2 1488/7/2 1597/7/2
f 1488/6/2 1489/6/2 1598/6/2
f 1597/7/2 1488/7/2 1598/7/2
f 1489/8/2 1490/8/2 1599/8/2
f 1598/6/2 1489/6/2 1599/6/2
f 1490/7/2 1491/7/2 1600/7/2
f 1599/8/2 1490/8/2 1600/8/2
f 1491/6/2 1492/6/2 1601/6/2
f 1600/7/2 1491/7/2 1601/7/2
f 1492/6/2 1493/6/2 1601/6/2
f 1601/6/2 1493/6/2 1602/6/2
f 1493/5/2 1494/5/2 1603/5/2
f 1602/6/2 1493/6/2 1603/6/2
f 1494/4/2 1495/4/2 1604/4/2
f 1603/5/2 1494/5/2 1604/5/2
f 1496/5/2 1497/5/2 1605/5/2
f 1604/4/2 1495/4/2 1605/4/2
f 1495/5/2 1496/5/2 1605/5/2
f 1605/5/2 1497/5/2 1606/5/2
f 1606/5/2 1497/5/2 1607/5/2
f 1498/4/2 1499/4/2 1608/4/2
f 1608/4/2 1499/4/2 1609/4/2
f 1499/6/2 1500/6/2 1610/6/2
f 1609/4/2 1499/4/2 1610/4/2
f 1500/5/2 1501/5/2 1611/5/2
f 1610/6/2 1500/6/2 1611/6/2
f 1501/6/2 1502/6/2 1612/6/2
f 1611/5/2 1501/5/2 1612/5/2
f 1503/6/2 1504/6/2 1612/6/2
f 1502/6/2 1503/6/2 1612/6/2
f 1504/5/2 1505/5/2 1613/5/2
f 1612/6/2 1504/6/2 1613/6/2
f 1505/6/2 1506/6/2 1614/6/2
f 1613/5/2 1505/5/2 1614/5/2
f 1506/5/2 1507/5/2 1615/5/2
f 1614/6/2 1506/6/2 1615/6/2
f 1507/7/2 1508/7/2 1616/7/2
f 1615/5/2 1507/5/2 1616/5/2
f 1510/6/2 1511/6/2 1617/6/2
f 1616/7/2 1508/7/2 1617/7/2
f 1509/6/2 1510/6/2 1617/6/2
f 1508/6/2 1509/6/2 1617/6/2
f 1617/6/2 1511/6/2 1618/6/2
f 1618/6/2 1511/6/2 1619/6/2
f 1511/7/2 1512/7/2 1620/7/2
f 1619/6/2 1511/6/2 1620/6/2
f 1512/6/2 1513/6/2 1621/6/2
f 1620/7/2 1512/7/2 1621/7/2
f 1513/6/2 1514/6/2 1621/6/2
f 1621/6/2 1514/6/2 1622/6/2
f 1622/6/2 1514/6/2 1623/6/2
f 1514/7/2 1515/7/2 1624/7/2
f 1623/6/2 1514/6/2 1624/6/2
f 1516/8/2 1517/8/2 1625/8/2
f 1624/7/2 1515/7/2 1625/7/2
f 1515/8/2 1516/8/2 1625/8/2
f 1625/8/2 1517/8/2 1626/8/2
f 1517/7/2 1518/7/2 1627/7/2
f 1626/8/2 1517/8/2 1627/8/2
f 1519/8/2 1520/8/2 1628/8/2
f 1627/7/2 1518/7/2 1628/7/2
f 1518/8/2 1519/8/2 1628/8/2
f 1628/8/2 1520/8/2 1629/8/2
f 1520/7/2 1521/7/2 1630/7/2
f 1629/8/2 1520/8/2 1630/8/2
f 1521/8/2 1522/8/2 1631/8/2
f 1630/7/2 1521/7/2 1631/7/2
f 1522/6/2 1523/6/2 1632/6/2
f 1631/8/2 1522/8/2 1632/8/2
f 1524/7/2 1525/7/2 1633/7/2
f 1632/6/2 1523/6/2 1633/6/2
f 1523/7/2 1524/7/2 1633/7/2
f 1525/7/2 1526/7/2 1633/7/2
f 1633/7/2 1526/7/2 1634/7/2
f 1634/7/2 1526/7/2 1635/7/2
f 1526/8/2 1527/8/2 1636/8/2
f 1635/7/2 1526/7/2 1636/7/2
f 1527/7/2 1528/7/2 1637/7/2
f 1636/8/2 1527/8/2 1637/8/2
f 1528/7/2 1529/7/2 1637/7/2
f 1529/7/2 1530/7/2 1637/7/2
f 1637/7/2 1530/7/2 1638/7/2
f 1638/7/2 1530/7/2 1639/7/2
f 1530/8/2 1531/8/2 1640/8/2
f 1639/7/2 1530/7/2 1640/7/2
f 1532/7/2 1533/7/2 1641/7/2
f 1640/8/2 1531/8/2 1641/8/2
f 1531/7/2 1532/7/2 1641/7/2
f 1533/8/2 1534/8/2 1642/8/2
f 1641/7/2 1533/7/2 1642/7/2
f 1534/6/2 1535/6/2 1643/6/2
f 1642/8/2 1534/8/2 1643/8/2
f 1535/7/2 1536/7/2 1644/7/2
f 1643/6/2 1535/6/2 1644/6/2
f 1644/7/2 1536/7/2 1645/7/2
f 1536/8/2 1537/8/2 1646/8/2
f 1645/7/2 1536/7/2 1646/7/2
f 1537/7/2 1538/7/2 1647/7/2
f 1646/8/2 1537/8/2 1647/8/2
f 1538/8/2 1539/8/2 1648/8/2
f 1647/7/2 1538/7/2 1648/7/2
f 1539/7/2 1540/7/2 1649/7/2
f 1648/8/2 1539/8/2 1649/8/2
f 1540/6/2 1541/6/2 1650/6/2
f 1649/7/2 1540/7/2 1650/7/2
f 1541/6/2 1542/6/2 1650/6/2
f 1542/6/2 1543/6/2 1650/6/2
f 1650/6/2 1543/6/2 1651/6/2
f 1651/6/2 1543/6/2 1652/6/2
f 1652/6/2 1543/6/2 1653/6/2
f 1543/8/2 1544/8/2 1654/8/2
f 1653/6/2 1543/6/2 1654/6/2
f 1544/5/2 1545/5/2 1655/5/2
f 1654/8/2 1544/8/2 1655/8/2
f 1545/5/2 1546/5/2 1655/5/2
f 1546/5/2 1547/5/2 1655/5/2
f 1655/5/2 1547/5/2 1656/5/2
f 1656/5/2 1547/5/2 1657/5/2
f 1657/5/2 1547/5/2 1658/5/2
f 1547/6/2 1548/6/2 1659/6/2
f 1658/5/2 1547/5/2 1659/5/2
f 1548/6/2 1549/6/2 1659/6/2
f 1659/6/2 1549/6/2 1660/6/2
f 1549/5/2 1550/5/2 1661/5/2
f 1660/6/2 1549/6/2 1661/6/2
f 1550/6/2 1551/6/2 1662/6/2
f 1661/5/2 1550/5/2 1662/5/2
f 1551/5/2 1552/5/2 1663/5/2
f 1662/6/2 1551/6/2 1663/6/2
f 1552/5/2 1553/5/2 1663/5/2
f 1663/5/2 1553/5/2 1664/5/2
f 1554/4/2 1555/4/2 1665/4/2
f 1664/5/2 1553/5/2 1665/5/2
f 1553/4/2 1554/4/2 1665/4/2
f 1665/4/2 1555/4/2 1666/4/2
f 1555/6/2 1556/6/2 1667/6/2
f 1666/4/2 1555/4/2 1667/4/2
f 1667/6/2 1556/6/2 1668/6/2
f 1556/4/2 1557/4/2 1669/4/2
f 1668/6/2 1556/6/2 1669/6/2
f 1557/6/2 1558/6/2 1670/6/2
f 1669/4/2 1557/4/2 1670/4/2
f 1558/5/2 1559/5/2 1671/5/2
f 1670/6/2 1558/6/2 1671/6/2
f 1559/6/2 1560/6/2 1672/6/2
f 1671/5/2 1559/5/2 1672/5/2
f 1560/7/2 1561/7/2 1673/7/2
f 1672/6/2 1560/6/2 1673/6/2
f 1561/6/2 1452/6/2 1674/6/2
f 1673/7/2 1561/7/2 1674/7/2
f 1452/5/2 1562/5/2 1675/5/2
f 1674/6/2 1452/6/2 1675/6/2
f 1562/6/2 1563/6/2 1676/6/2
f 1675/5/2 1562/5/2 1676/5/2
f 1564/6/2 1565/6/2 1676/6/2
f 1563/6/2 1564/6/2 1676/6/2
f 1676/6/2 1565/6/2 1677/6/2
f 1565/5/2 1566/5/2 1678/5/2
f 1677/6/2 1565/6/2 1678/6/2
f 1567/5/2 1568/5/2 1678/5/2
f 1566/5/2 1567/5/2 1678/5/2
f 1568/7/2 1569/7/2 1679/7/2
f 1678/5/2 1568/5/2 1679/5/2
f 1569/6/2 1570/6/2 1680/6/2
f 1679/7/2 1569/7/2 1680/7/2
f 1570/6/2 1571/6/2 1680/6/2
f 1571/6/2 1572/6/2 1680/6/2
f 1572/6/2 1573/6/2 1680/6/2
f 1680/6/2 1573/6/2 1681/6/2
f 1681/6/2 1573/6/2 1682/6/2
f 1682/6/2 1573/6/2 1683/6/2
f 1573/5/2 1574/5/2 1684/5/2
f 1683/6/2 1573/6/2 1684/6/2
f 1574/7/2 1575/7/2 1685/7/2
f 1684/5/2 1574/5/2 1685/5/2
f 1575/5/2 1576/5/2 1686/5/2
f 1685/7/2 1575/7/2 1686/7/2
f 1576/6/2 1577/6/2 1687/6/2
f 1686/5/2 1576/5/2 1687/5/2
f 1577/5/2 1578/5/2 1688/5/2
f 1687/6/2 1577/6/2 1688/6/2
f 1578/4/2 1579/4/2 1689/4/2
f 1688/5/2 1578/5/2 1689/5/2
f 1579/5/2 1580/5/2 1690/5/2
f 1689/4/2 1579/4/2 1690/4/2
f 1580/6/2 1581/6/2 1691/6/2
f 1690/5/2 1580/5/2 1691/5/2
f 1581/5/2 1471/5/2 1692/5/2
f 1691/6/2 1581/6/2 1692/6/2
f 1471/6/2 1582/6/2 1693/6/2
f 1692/5/2 1471/5/2 1693/5/2
f 1582/5/2 1583/5/2 1694/5/2
f 1693/6/2 1582/6/2 1694/6/2
f 1583/6/2 1584/6/2 1695/6/2
f 1694/5/2 1583/5/2 1695/5/2
f 1584/5/2 1585/5/2 1696/5/2
f 1695/6/2 1584/6/2 1696/6/2
f 1586/5/2 1587/5/2 1697/5/2
f 1587/6/2 1588/6/2 1698/6/2
f 1697/5/2 1587/5/2 1698/5/2
f 1588/5/2 1589/5/2 1699/5/2
f 1698/6/2 1588/6/2 1699/6/2
f 1589/4/2 1590/4/2 1700/4/2
f 1699/5/2 1589/5/2 1700/5/2
f 1590/5/2 1591/5/2 1701/5/2
f 1700/4/2 1590/4/2 1701/4/2
f 1591/4/2 1592/4/2 1702/4/2
f 1701/5/2 1591/5/2 1702/5/2
f 1593/5/2 1594/5/2 1703/5/2
f 1702/4/2 1592/4/2 1703/4/2
f 1592/5/2 1593/5/2 1703/5/2
f 1703/5/2 1594/5/2 1704/5/2
f 1594/6/2 1595/6/2 1705/6/2
f 1704/5/2 1594/5/2 1705/5/2
f 1595/4/2 1596/4/2 1706/4/2
f 1705/6/2 1595/6/2 1706/6/2
f 1596/6/2 1597/6/2 1707/6/2
f 1706/4/2 1596/4/2 1707/4/2
f 1597/5/2 1598/5/2 1708/5/2
f 1707/6/2 1597/6/2 1708/6/2
f 1598/4/2 1599/4/2 1709/4/2
f 1708/5/2 1598/5/2 1709/5/2
f 1599/5/2 1600/5/2 1710/5/2
f 1709/4/2 1599/4/2 1710/4/2
f 1601/5/2 1602/5/2 1710/5/2
f 1600/5/2 1601/5/2 1710/5/2
f 1710/5/2 1602/5/2 1711/5/2
f 1602/6/2 1603/6/2 1712/6/2
f 1711/5/2 1602/5/2 1712/5/2
f 1603/6/2 1604/6/2 1712/6/2
f 1604/6/2 1605/6/2 1712/6/2
f 1605/4/2 1606/4/2 1713/4/2
f 1712/6/2 1605/6/2 1713/6/2
f 1606/6/2 1607/6/2 1714/6/2
f 1713/4/2 1606/4/2 1714/4/2
f 1608/7/2 1609/7/2 1715/7/2
f 1609/6/2 1610/6/2 1716/6/2
f 1715/7/2 1609/7/2 1716/7/2
f 1610/7/2 1611/7/2 1717/7/2
f 1716/6/2 1610/6/2 1717/6/2
f 1612/6/2 1613/6/2 1718/6/2
f 1717/7/2 1611/7/2 1718/7/2
f 1613/6/2 1614/6/2 1718/6/2
f 1611/6/2 1612/6/2 1718/6/2
f 1614/7/2 1615/7/2 1719/7/2
f 1718/6/2 1614/6/2 1719/6/2
f 1615/7/2 1616/7/2 1719/7/2
f 1617/7/2 1618/7/2 1719/7/2
f 1616/7/2 1617/7/2 1719/7/2
f 1618/6/2 1619/6/2 1720/6/2
f 1719/7/2 1618/7/2 1720/7/2
f 1619/7/2 1620/7/2 1721/7/2
f 1720/6/2 1619/6/2 1721/6/2
f 1621/5/2 1622/5/2 1722/5/2
f 1721/7/2 1620/7/2 1722/7/2
f 1620/5/2 1621/5/2 1722/5/2
f 1622/4/2 1623/4/2 1723/4/2
f 1722/5/2 1622/5/2 1723/5/2
f 1623/5/2 1624/5/2 1724/5/2
f 1723/4/2 1623/4/2 1724/4/2
f 1625/6/2 1626/6/2 1725/6/2
f 1724/5/2 1624/5/2 1725/5/2
f 1624/6/2 1625/6/2 1725/6/2
f 1626/5/2 1627/5/2 1726/5/2
f 1725/6/2 1626/6/2 1726/6/2
f 1628/5/2 1629/5/2 1726/5/2
f 1627/5/2 1628/5/2 1726/5/2
f 1629/6/2 1630/6/2 1727/6/2
f 1726/5/2 1629/5/2 1727/5/2
f 1630/4/2 1631/4/2 1728/4/2
f 1727/6/2 1630/6/2 1728/6/2
f 1631/5/2 1632/5/2 1729/5/2
f 1728/4/2 1631/4/2 1729/4/2
f 1632/6/2 1633/6/2 1730/6/2
f 1729/5/2 1632/5/2 1730/5/2
f 1633/5/2 1634/5/2 1731/5/2
f 1730/6/2 1633/6/2 1731/6/2
f 1634/6/2 1635/6/2 1732/6/2
f 1731/5/2 1634/5/2 1732/5/2
f 1635/5/2 1636/5/2 1733/5/2
f 1732/6/2 1635/6/2 1733/6/2
f 1636/4/2 1637/4/2 1734/4/2
f 1733/5/2 1636/5/2 1734/5/2
f 1637/5/2 1638/5/2 1735/5/2
f 1734/4/2 1637/4/2 1735/4/2
f 1638/6/2 1639/6/2 1736/6/2
f 1735/5/2 1638/5/2 1736/5/2
f 1639/8/2 1640/8/2 1737/8/2
f 1736/6/2 1639/6/2 1737/6/2
f 1640/7/2 1641/7/2 1738/7/2
f 1737/8/2 1640/8/2 1738/8/2
f 1641/6/2 1642/6/2 1739/6/2
f 1738/7/2 1641/7/2 1739/7/2
f 1642/7/2 1643/7/2 1740/7/2
f 1739/6/2 1642/6/2 1740/6/2
f 1643/7/2 1644/7/2 1740/7/2
f 1644/6/2 1645/6/2 1741/6/2
f 1740/7/2 1644/7/2 1741/7/2
f 1645/7/2 1646/7/2 1742/7/2
f 1741/6/2 1645/6/2 1742/6/2
f 1646/7/2 1647/7/2 1742/7/2
f 1647/6/2 1648/6/2 1743/6/2
f 1742/7/2 1647/7/2 1743/7/2
f 1648/6/2 1649/6/2 1743/6/2
f 1649/6/2 1650/6/2 1743/6/2
f 1650/6/2 1651/6/2 1743/6/2
f 1651/5/2 1652/5/2 1744/5/2
f 1743/6/2 1651/6/2 1744/6/2
f 1652/7/2 1653/7/2 1745/7/2
f 1744/5/2 1652/5/2 1745/5/2
f 1653/6/2 1654/6/2 1746/6/2
f 1745/7/2 1653/7/2 1746/7/2
f 1654/5/2 1655/5/2 1747/5/2
f 1746/6/2 1654/6/2 1747/6/2
f 1655/7/2 1656/7/2 1748/7/2
f 1747/5/2 1655/5/2 1748/5/2
f 1656/5/2 1657/5/2 1749/5/2
f 1748/7/2 1656/7/2 1749/7/2
f 1657/6/2 1658/6/2 1750/6/2
f 1749/5/2 1657/5/2 1750/5/2
f 1659/5/2 1660/5/2 1751/5/2
f 1750/6/2 1658/6/2 1751/6/2
f 1658/5/2 1659/5/2 1751/5/2
f 1660/6/2 1661/6/2 1752/6/2
f 1751/5/2 1660/5/2 1752/5/2
f 1661/7/2 1662/7/2 1753/7/2
f 1752/6/2 1661/6/2 1753/6/2
f 1662/8/2 1663/8/2 1754/8/2
f 1753/7/2 1662/7/2 1754/7/2
f 1663/6/2 1664/6/2 1755/6/2
f 1754/8/2 1663/8/2 1755/8/2
f 1664/8/2 1665/8/2 1756/8/2
f 1755/6/2 1664/6/2 1756/6/2
f 1665/7/2 1666/7/2 1757/7/2
f 1756/8/2 1665/8/2 1757/8/2
f 1666/8/2 1667/8/2 1758/8/2
f 1757/7/2 1666/7/2 1758/7/2
f 1667/8/2 1668/8/2 1758/8/2
f 1668/7/2 1669/7/2 1759/7/2
f 1758/8/2 1668/8/2 1759/8/2
f 1670/6/2 1671/6/2 1760/6/2
f 1759/7/2 1669/7/2 1760/7/2
f 1669/6/2 1670/6/2 1760/6/2
f 1671/7/2 1672/7/2 1761/7/2
f 1760/6/2 1671/6/2 1761/6/2
f 1673/5/2 1674/5/2 1762/5/2
f 1761/7/2 1672/7/2 1762/7/2
f 1672/5/2 1673/5/2 1762/5/2
f 1674/5/2 1675/5/2 1762/5/2
f 1676/6/2 1677/6/2 1763/6/2
f 1762/5/2 1675/5/2 1763/5/2
f 1675/6/2 1676/6/2 1763/6/2
f 1677/5/2 1678/5/2 1764/5/2
f 1763/6/2 1677/6/2 1764/6/2
f 1678/5/2 1679/5/2 1764/5/2
f 1679/6/2 1680/6/2 1765/6/2
f 1764/5/2 1679/5/2 1765/5/2
f 1680/6/2 1681/6/2 1765/6/2
f 1681/5/2 1682/5/2 1766/5/2
f 1765/6/2 1681/6/2 1766/6/2
f 1682/6/2 1683/6/2 1767/6/2
f 1766/5/2 1682/5/2 1767/5/2
f 1683/5/2 1684/5/2 1768/5/2
f 1767/6/2 1683/6/2 1768/6/2
f 1684/4/2 1685/4/2 1769/4/2
f 1768/5/2 1684/5/2 1769/5/2
f 1685/5/2 1686/5/2 1770/5/2
f 1769/4/2 1685/4/2 1770/4/2
f 1686/4/2 1687/4/2 1771/4/2
f 1770/5/2 1686/5/2 1771/5/2
f 1687/5/2 1688/5/2 1772/5/2
f 1771/4/2 1687/4/2 1772/4/2
f 1688/5/2 1689/5/2 1772/5/2
f 1689/6/2 1690/6/2 1773/6/2
f 1772/5/2 1689/5/2 1773/5/2
f 1690/7/2 1691/7/2 1774/7/2
f 1773/6/2 1690/6/2 1774/6/2
f 1691/7/2 1692/7/2 1774/7/2
f 1692/5/2 1693/5/2 1775/5/2
f 1774/7/2 1692/7/2 1775/7/2
f 1694/7/2 1695/7/2 1776/7/2
f 1775/5/2 1693/5/2 1776/5/2
f 1693/7/2 1694/7/2 1776/7/2
f 1695/5/2 1696/5/2 1777/5/2
f 1776/7/2 1695/7/2 1777/7/2
f 1585/4/2 1586/4/2 1778/4/2
f 1777/5/2 1696/5/2 1778/5/2
f 1696/5/2 1585/5/2 1778/5/2
f 1586/5/2 1697/5/2 1779/5/2
f 1778/4/2 1586/4/2 1779/4/2
f 1697/6/2 1698/6/2 1780/6/2
f 1779/5/2 1697/5/2 1780/5/2
f 1698/6/2 1699/6/2 1780/6/2
f 1700/6/2 1701/6/2 1780/6/2
f 1699/6/2 1700/6/2 1780/6/2
f 1701/4/2 1702/4/2 1781/4/2
f 1780/6/2 1701/6/2 1781/6/2
f 1702/5/2 1703/5/2 1782/5/2
f 1781/4/2 1702/4/2 1782/4/2
f 1703/4/2 1704/4/2 1783/4/2
f 1782/5/2 1703/5/2 1783/5/2
f 1704/6/2 1705/6/2 1784/6/2
f 1783/4/2 1704/4/2 1784/4/2
f 1706/5/2 1707/5/2 1785/5/2
f 1784/6/2 1705/6/2 1785/6/2
f 1705/5/2 1706/5/2 1785/5/2
f 1709/6/2 1710/6/2 1786/6/2
f 1785/5/2 1707/5/2 1786/5/2
f 1708/6/2 1709/6/2 1786/6/2
f 1707/6/2 1708/6/2 1786/6/2
f 1710/5/2 1711/5/2 1787/5/2
f 1786/6/2 1710/6/2 1787/6/2
f 1711/6/2 1712/6/2 1788/6/2
f 1787/5/2 1711/5/2 1788/5/2
f 1713/7/2 1714/7/2 1789/7/2
f 1788/6/2 1712/6/2 1789/6/2
f 1712/7/2 1713/7/2 1789/7/2
f 1714/6/2 1607/6/2 1790/6/2
f 1789/7/2 1714/7/2 1790/7/2
f 1790/6/2 1607/6/2 1791/6/2
f 1797/4/3 1793/4/3 1792/4/3
f 1798/4/3 1793/4/3 1797/4/3
f 1799/8/3 1794/8/3 1793/8/3
f 1799/4/3 1793/4/3 1798/4/3
f 1800/5/3 1795/5/3 1794/5/3
f 1800/8/3 1794/8/3 1799/8/3
f 1801/5/3 1795/5/3 1800/5/3
f 1803/6/3 1798/6/3 1797/6/3
f 1803/6/3 1797/6/3 1796/6/3
f 1804/2/3 1799/2/3 1798/2/3
f 1804/6/3 1798/6/3 1803/6/3
f 1804/2/3 1800/2/3 1799/2/3
f 1805/2/3 1800/2/3 1804/2/3
f 1806/5/3 1802/5/3 1801/5/3
f 1806/2/3 1800/2/3 1805/2/3
f 1806/5/3 1801/5/3 1800/5/3
f 1807/5/3 1802/5/3 1806/5/3
f 1808/6/3 1803/6/3 1796/6/3
f 1809/2/3 1804/2/3 1803/2/3
f 1809/6/3 1803/6/3 1808/6/3
f 1810/4/3 1805/4/3 1804/4/3
f 1810/2/3 1804/2/3 1809/2/3
f 1811/1/3 1806/1/3 1805/1/3
f 1811/4/3 1805/4/3 1810/4/3
f 1812/3/3 1807/3/3 1806/3/3
f 1812/1/3 1806/1/3 1811/1/3
f 1813/5/3 1802/5/3 1807/5/3
f 1813/3/3 1807/3/3 1812/3/3
f 1814/5/3 1802/5/3 1813/5/3
f 1815/7/3 1809/7/3 1808/7/3
f 1816/2/3 1810/2/3 1809/2/3
f 1816/7/3 1809/7/3 1815/7/3
f 1817/3/3 1811/3/3 1810/3/3
f 1817/2/3 1810/2/3 1816/2/3
f 1818/4/3 1812/4/3 1811/4/3
f 1818/3/3 1811/3/3 1817/3/3
f 1819/2/3 1813/2/3 1812/2/3
f 1819/4/3 1812/4/3 1818/4/3
f 1820/7/3 1814/7/3 1813/7/3
f 1820/2/3 1813/2/3 1819/2/3
f 1821/6/3 1817/6/3 1816/6/3
f 1821/6/3 1816/6/3 1815/6/3
f 1822/6/3 1817/6/3 1821/6/3
f 1823/3/3 1818/3/3 1817/3/3
f 1823/6/3 1817/6/3 1822/6/3
f 1824/2/3 1819/2/3 1818/2/3
f 1824/3/3 1818/3/3 1823/3/3
f 1825/7/3 1820/7/3 1819/7/3
f 1825/2/3 1819/2/3 1824/2/3
f 1826/7/3 1814/7/3 1820/7/3
f 1826/7/3 1820/7/3 1825/7/3
f 1827/7/3 1814/7/3 1826/7/3
f 1828/4/3 1823/4/3 1822/4/3
f 1829/7/3 1824/7/3 1823/7/3
f 1829/4/3 1823/4/3 1828/4/3
f 1830/4/3 1825/4/3 1824/4/3
f 1830/7/3 1824/7/3 1829/7/3
f 1831/7/3 1826/7/3 1825/7/3
f 1831/4/3 1825/4/3 1830/4/3
f 1832/7/3 1826/7/3 1831/7/3
f 1833/5/4 1834/5/4 1838/5/4
f 1834/7/4 1835/7/4 1839/7/4
f 1838/5/4 1834/5/4 1839/5/4
f 1835/6/4 1836/6/4 1840/6/4
f 1839/7/4 1835/7/4 1840/7/4
f 1840/6/4 1836/6/4 1841/6/4
f 1841/6/4 1836/6/4 1842/6/4
f 1838/5/4 1839/5/4 1844/5/4
f 1837/6/4 1838/6/4 1844/6/4
f 1839/1/4 1840/1/4 1845/1/4
f 1844/5/4 1839/5/4 1845/5/4
f 1840/3/4 1841/3/4 1846/3/4
f 1845/1/4 1840/1/4 1846/1/4
f 1841/7/4 1842/7/4 1847/7/4
f 1846/3/4 1841/3/4 1847/3/4
f 1842/6/4 1843/6/4 1848/6/4
f 1847/7/4 1842/7/4 1848/7/4
f 1848/6/4 1843/6/4 1849/6/4
f 1837/6/4 1844/6/4 1850/6/4
f 1844/3/4 1845/3/4 1851/3/4
f 1850/6/4 1844/6/4 1851/6/4
f 1845/2/4 1846/2/4 1852/2/4
f 1851/3/4 1845/3/4 1852/3/4
f 1846/3/4 1847/3/4 1853/3/4
f 1852/2/4 1846/2/4 1853/2/4
f 1847/2/4 1848/2/4 1854/2/4
f 1853/3/4 1847/3/4 1854/3/4
f 1848/5/4 1849/5/4 1855/5/4
f 1854/2/4 1848/2/4 1855/2/4
f 1850/5/4 1851/5/4 1856/5/4
f 1851/4/4 1852/4/4 1857/4/4
f 1856/5/4 1851/5/4 1857/5/4
f 1852/2/4 1853/2/4 1858/2/4
f 1857/4/4 1852/4/4 1858/4/4
f 1853/2/4 1854/2/4 1858/2/4
f 1854/3/4 1855/3/4 1859/3/4
f 1858/2/4 1854/2/4 1859/2/4
f 1855/5/4 1849/5/4 1860/5/4
f 1859/3/4 1855/3/4 1860/3/4
f 1860/5/4 1849/5/4 1861/5/4
f 1856/6/4 1857/6/4 1862/6/4
f 1857/6/4 1858/6/4 1862/6/4
f 1862/6/4 1858/6/4 1863/6/4
f 1858/3/4 1859/3/4 1864/3/4
f 1863/6/4 1858/6/4 1864/6/4
f 1864/3/4 1859/3/4 1865/3/4
f 1859/5/4 1860/5/4 1866/5/4
f 1865/3/4 1859/3/4 1866/3/4
f 1860/6/4 1861/6/4 1867/6/4
f 1866/5/4 1860/5/4 1867/5/4
f 1867/6/4 1861/6/4 1868/6/4
f 1863/7/4 1864/7/4 1869/7/4
f 1864/5/4 1865/5/4 1870/5/4
f 1869/7/4 1864/7/4 1870/7/4
f 1865/6/4 1866/6/4 1871/6/4
f 1870/5/4 1865/5/4 1871/5/4
f 1866/6/4 1867/6/4 1871/6/4
f 1871/6/4 1867/6/4 1872/6/4
f 1877/6/5 1874/6/5 1873/6/5
f 1878/7/5 1875/7/5 1874/7/5
f 1878/6/5 1874/6/5 1877/6/5
f 1879/5/5 1878/5/5 1877/5/5
f 1880/7/5 1875/7/5 1878/7/5
f 1880/5/5 1878/5/5 1879/5/5
f 1881/6/5 1876/6/5 1875/6/5
f 1881/7/5 1875/7/5 1880/7/5
f 1882/6/5 1880/6/5 1879/6/5
f 1882/5/5 1879/5/5 1877/5/5
f 1882/6/5 1881/6/5 1880/6/5
f 1883/6/5 1881/6/5 1882/6/5
f 1884/6/5 1876/6/5 1881/6/5
f 1884/6/5 1881/6/5 1883/6/5
f 1885/6/5 1876/6/5 1884/6/5
f 1886/5/5 1883/5/5 1882/5/5
f 1886/5/5 1882/5/5 1877/5/5
f 1887/5/5 1883/5/5 1886/5/5
f 1888/6/5 1884/6/5 1883/6/5
f 1888/5/5 1883/5/5 1887/5/5
f 1889/5/5 1885/5/5 1884/5/5
f 1889/6/5 1884/6/5 1888/6/5
f 1890/5/5 1885/5/5 1889/5/5
f 1891/7/5 1887/7/5 1886/7/5
f 1892/6/5 1888/6/5 1887/6/5
f 1892/7/5 1887/7/5 1891/7/5
f 1892/6/5 1889/6/5 1888/6/5
f 1892/6/5 1890/6/5 1889/6/5
f 1893/6/5 1890/6/5 1892/6/5
f 1894/5/5 1892/5/5 1891/5/5
f 1895/7/5 1893/7/5 1892/7/5
f 1895/5/5 1892/5/5 1894/5/5
f 1896/6/5 1890/6/5 1893/6/5
f 1896/7/5 1893/7/5 1895/7/5
f 1897/6/5 1890/6/5 1896/6/5
f 1898/6/5 1890/6/5 1897/6/5
f 1899/6/5 1895/6/5 1894/6/5
f 1900/7/5 1896/7/5 1895/7/5
f 1900/6/5 1895/6/5 1899/6/5
f 1900/7/5 1897/7/5 1896/7/5
f 1901/7/5 1897/7/5 1900/7/5
f 1902/5/5 1898/5/5 1897/5/5
f 1902/7/5 1897/7/5 1901/7/5
f 1903/5/5 1898/5/5 1902/5/5
f 1904/5/5 1900/5/5 1899/5/5
f 1905/8/5 1901/8/5 1900/8/5
f 1905/5/5 1900/5/5 1904/5/5
f 1906/7/5 1902/7/5 1901/7/5
f 1906/8/5 1901/8/5 1905/8/5
f 1907/4/5 1903/4/5 1902/4/5
f 1907/7/5 1902/7/5 1906/7/5
f 1908/4/5 1903/4/5 1907/4/5
f 1909/7/5 1905/7/5 1904/7/5
f 1910/8/5 1906/8/5 1905/8/5
f 1910/7/5 1905/7/5 1909/7/5
f 1911/6/5 1907/6/5 1906/6/5
f 1911/6/5 1908/6/5 1907/6/5
f 1912/6/5 1908/6/5 1911/6/5
f 1913/5/5 1910/5/5 1909/5/5
f 1914/8/5 1906/8/5 1910/8/5
f 1914/5/5 1910/5/5 1913/5/5
f 1915/6/5 1911/6/5 1906/6/5
f 1915/8/5 1906/8/5 1914/8/5
f 1916/5/5 1912/5/5 1911/5/5
f 1916/6/5 1911/6/5 1915/6/5
f 1917/5/5 1912/5/5 1916/5/5
f 1918/6/5 1914/6/5 1913/6/5
f 1919/7/5 1915/7/5 1914/7/5
f 1919/6/5 1914/6/5 1918/6/5
f 1920/5/5 1916/5/5 1915/5/5
f 1920/7/5 1915/7/5 1919/7/5
f 1921/4/5 1917/4/5 1916/4/5
f 1921/5/5 1916/5/5 1920/5/5
f 1922/4/5 1917/4/5 1921/4/5
f 1923/7/5 1919/7/5 1918/7/5
f 1923/7/5 1920/7/5 1919/7/5
f 1923/7/5 1921/7/5 1920/7/5
f 1924/7/5 1921/7/5 1923/7/5
f 1925/7/5 1921/7/5 1924/7/5
f 1926/5/5 1922/5/5 1921/5/5
f 1926/7/5 1921/7/5 1925/7/5
f 1927/5/5 1922/5/5 1926/5/5
f 1928/6/5 1924/6/5 1923/6/5
f 1929/7/5 1925/7/5 1924/7/5
f 1929/6/5 1924/6/5 1928/6/5
f 1930/5/5 1926/5/5 1925/5/5
f 1930/7/5 1925/7/5 1929/7/5
f 1931/6/5 1927/6/5 1926/6/5
f 1931/5/5 1926/5/5 1930/5/5
f 1932/6/5 1927/6/5 1931/6/5
f 1933/5/5 1929/5/5 1928/5/5
f 1934/8/5 1930/8/5 1929/8/5
f 1934/5/5 1929/5/5 1933/5/5
f 1935/6/5 1931/6/5 1930/6/5
f 1935/8/5 1930/8/5 1934/8/5
f 1936/5/5 1932/5/5 1931/5/5
f 1936/6/5 1931/6/5 1935/6/5
f 1937/6/5 1934/6/5 1933/6/5
f 1937/6/5 1935/6/5 1934/6/5
f 1938/7/5 1936/7/5 1935/7/5
f 1938/6/5 1935/6/5 1937/6/5
f 1939/6/5 1937/6/5 1933/6/5
f 1940/8/5 1938/8/5 1937/8/5
f 1940/6/5 1937/6/5 1939/6/5
f 1941/7/5 1936/7/5 1938/7/5
f 1941/8/5 1938/8/5 1940/8/5
f 1942/7/5 1940/7/5 1939/7/5
f 1942/7/5 1941/7/5 1940/7/5
f 1943/7/5 1941/7/5 1942/7/5
f 1944/8/5 1943/8/5 1942/8/5
f 1945/7/5 1941/7/5 1943/7/5
f 1945/8/5 1943/8/5 1944/8/5
f 1946/7/5 1936/7/5 1941/7/5
f 1946/7/5 1941/7/5 1945/7/5
f 1947/5/5 1932/5/5 1936/5/5
f 1947/7/5 1936/7/5 1946/7/5
f 1948/5/5 1932/5/5 1947/5/5
f 1949/7/5 1946/7/5 1945/7/5
f 1949/7/5 1945/7/5 1944/7/5
f 1950/7/5 1946/7/5 1949/7/5
f 1951/6/5 1948/6/5 1947/6/5
f 1951/7/5 1946/7/5 1950/7/5
f 1951/6/5 1947/6/5 1946/6/5
f 1952/6/5 1948/6/5 1951/6/5
f 1953/6/5 1948/6/5 1952/6/5
f 1954/8/5 1950/8/5 1949/8/5
f 1955/7/5 1951/7/5 1950/7/5
f 1955/8/5 1950/8/5 1954/8/5
f 1955/7/5 1952/7/5 1951/7/5
f 1956/7/5 1952/7/5 1955/7/5
f 1957/4/5 1953/4/5 1952/4/5
f 1957/7/5 1952/7/5 1956/7/5
f 1958/4/5 1953/4/5 1957/4/5
f 1959/7/5 1955/7/5 1954/7/5
f 1960/8/5 1956/8/5 1955/8/5
f 1960/7/5 1955/7/5 1959/7/5
f 1961/7/5 1957/7/5 1956/7/5
f 1961/8/5 1956/8/5 1960/8/5
f 1962/5/5 1958/5/5 1957/5/5
f 1962/7/5 1957/7/5 1961/7/5
f 1963/5/5 1958/5/5 1962/5/5
f 1964/6/5 1960/6/5 1959/6/5
f 1965/7/5 1961/7/5 1960/7/5
f 1965/6/5 1960/6/5 1964/6/5
f 1965/7/5 1962/7/5 1961/7/5
f 1966/7/5 1962/7/5 1965/7/5
f 1967/6/5 1963/6/5 1962/6/5
f 1967/7/5 1962/7/5 1966/7/5
f 1968/7/5 1965/7/5 1964/7/5
f 1969/8/5 1966/8/5 1965/8/5
f 1969/7/5 1965/7/5 1968/7/5
f 1970/5/5 1967/5/5 1966/5/5
f 1970/8/5 1966/8/5 1969/8/5
f 1971/6/5 1963/6/5 1967/6/5
f 1971/5/5 1967/5/5 1970/5/5
f 1972/6/5 1963/6/5 1971/6/5
f 1973/8/5 1969/8/5 1968/8/5
f 1974/7/5 1970/7/5 1969/7/5
f 1974/8/5 1969/8/5 1973/8/5
f 1975/8/5 1971/8/5 1970/8/5
f 1975/7/5 1970/7/5 1974/7/5
f 1976/5/5 1972/5/5 1971/5/5
f 1976/8/5 1971/8/5 1975/8/5
f 1977/5/5 1972/5/5 1976/5/5
f 1978/7/5 1974/7/5 1973/7/5
f 1978/7/5 1975/7/5 1974/7/5
f 1978/7/5 1976/7/5 1975/7/5
f 1979/6/5 1977/6/5 1976/6/5
f 1979/7/5 1976/7/5 1978/7/5
f 1980/6/5 1977/6/5 1979/6/5
f 1981/6/5 1979/6/5 1978/6/5
f 1982/6/5 1979/6/5 1981/6/5
f 1983/8/5 1980/8/5 1979/8/5
f 1983/6/5 1979/6/5 1982/6/5
f 1984/8/5 1980/8/5 1983/8/5
f 1985/6/5 1981/6/5 1978/6/5
f 1986/5/5 1982/5/5 1981/5/5
f 1986/6/5 1981/6/5 1985/6/5
f 1987/8/5 1983/8/5 1982/8/5
f 1987/5/5 1982/5/5 1986/5/5
f 1988/6/5 1984/6/5 1983/6/5
f 1988/8/5 1983/8/5 1987/8/5
f 1989/6/5 1984/6/5 1988/6/5
f 1990/8/5 1986/8/5 1985/8/5
f 1991/5/5 1987/5/5 1986/5/5
f 1991/8/5 1986/8/5 1990/8/5
f 1992/7/5 1988/7/5 1987/7/5
f 1992/5/5 1987/5/5 1991/5/5
f 1992/7/5 1989/7/5 1988/7/5
f 1993/7/5 1991/7/5 1990/7/5
f 1993/6/5 1992/6/5 1991/6/5
f 1994/7/5 1989/7/5 1992/7/5
f 1994/6/5 1992/6/5 1993/6/5
f 1995/7/5 1989/7/5 1994/7/5
f 1996/7/5 1989/7/5 1995/7/5
f 1997/7/5 1993/7/5 1990/7/5
f 1997/7/5 1994/7/5 1993/7/5
f 1997/7/5 1995/7/5 1994/7/5
f 1998/7/5 1995/7/5 1997/7/5
f 1999/8/5 1996/8/5 1995/8/5
f 1999/7/5 1995/7/5 1998/7/5
f 2000/8/5 1996/8/5 1999/8/5
f 2001/8/5 1998/8/5 1997/8/5
f 2002/7/5 1999/7/5 1998/7/5
f 2002/8/5 1998/8/5 2001/8/5
f 2002/7/5 2000/7/5 1999/7/5
f 2003/7/5 2000/7/5 2002/7/5
f 2004/7/5 2000/7/5 2003/7/5
f 2005/7/5 2002/7/5 2001/7/5
f 2005/7/5 2003/7/5 2002/7/5
f 2006/6/5 2004/6/5 2003/6/5
f 2006/7/5 2003/7/5 2005/7/5
f 2007/7/5 2000/7/5 2004/7/5
f 2007/6/5 2004/6/5 2006/6/5
f 2008/7/5 2000/7/5 2007/7/5
f 2009/7/5 2005/7/5 2001/7/5
f 2010/6/5 2006/6/5 2005/6/5
f 2010/7/5 2005/7/5 2009/7/5
f 2010/6/5 2007/6/5 2006/6/5
f 2011/6/5 2007/6/5 2010/6/5
f 2012/8/5 2008/8/5 2007/8/5
f 2012/6/5 2007/6/5 2011/6/5
f 2013/8/5 2008/8/5 2012/8/5
f 2014/6/5 2011/6/5 2010/6/5
f 2014/6/5 2010/6/5 2009/6/5
f 2015/6/5 2011/6/5 2014/6/5
f 2016/7/5 2012/7/5 2011/7/5
f 2016/6/5 2011/6/5 2015/6/5
f 2017/6/5 2013/6/5 2012/6/5
f 2017/7/5 2012/7/5 2016/7/5
f 2018/6/5 2013/6/5 2017/6/5
f 2019/7/5 2015/7/5 2014/7/5
f 2020/5/5 2016/5/5 2015/5/5
f 2020/7/5 2015/7/5 2019/7/5
f 2021/7/5 2017/7/5 2016/7/5
f 2021/5/5 2016/5/5 2020/5/5
f 2021/7/5 2018/7/5 2017/7/5
f 2022/7/5 2018/7/5 2021/7/5
f 2023/7/5 2018/7/5 2022/7/5
f 2024/8/5 2020/8/5 2019/8/5
f 2025/7/5 2021/7/5 2020/7/5
f 2025/8/5 2020/8/5 2024/8/5
f 2025/7/5 2022/7/5 2021/7/5
f 2026/7/5 2022/7/5 2025/7/5
f 2027/6/5 2023/6/5 2022/6/5
f 2027/7/5 2022/7/5 2026/7/5
f 2028/6/5 2023/6/5 2027/6/5
f 2029/6/5 2025/6/5 2024/6/5
f 2030/7/5 2026/7/5 2025/7/5
f 2030/6/5 2025/6/5 2029/6/5
f 2031/6/5 2027/6/5 2026/6/5
f 2031/7/5 2026/7/5 2030/7/5
f 2032/5/5 2028/5/5 2027/5/5
f 2032/6/5 2027/6/5 2031/6/5
f 2033/5/5 2028/5/5 2032/5/5
f 2034/7/5 2030/7/5 2029/7/5
f 2034/7/5 2031/7/5 2030/7/5
f 2034/7/5 2033/7/5 2032/7/5
f 2034/7/5 2032/7/5 2031/7/5
f 2035/7/5 2033/7/5 2034/7/5
f 2036/7/5 2033/7/5 2035/7/5
f 2037/7/5 2034/7/5 2029/7/5
f 2038/8/5 2035/8/5 2034/8/5
f 2038/7/5 2034/7/5 2037/7/5
f 2039/6/5 2036/6/5 2035/6/5
f 2040/6/5 2036/6/5 2039/6/5
f 2041/8/5 2035/8/5 2038/8/5
f 2041/8/5 2038/8/5 2037/8/5
f 2041/6/5 2039/6/5 2035/6/5
f 2042/5/5 2040/5/5 2039/5/5
f 2042/6/5 2039/6/5 2041/6/5
f 2043/5/5 2040/5/5 2042/5/5
f 2044/8/5 2041/8/5 2037/8/5
f 2045/8/5 2041/8/5 2044/8/5
f 2046/7/5 2042/7/5 2041/7/5
f 2046/8/5 2041/8/5 2045/8/5
f 2047/6/5 2043/6/5 2042/6/5
f 2047/7/5 2042/7/5 2046/7/5
f 2048/6/5 2045/6/5 2044/6/5
f 2049/7/5 2046/7/5 2045/7/5
f 2049/6/5 2045/6/5 2048/6/5
f 2050/8/5 2047/8/5 2046/8/5
f 2050/7/5 2046/7/5 2049/7/5
f 2051/6/5 2043/6/5 2047/6/5
f 2051/8/5 2047/8/5 2050/8/5
f 2052/5/5 2049/5/5 2048/5/5
f 2053/6/5 2050/6/5 2049/6/5
f 2053/5/5 2049/5/5 2052/5/5
f 2054/7/5 2051/7/5 2050/7/5
f 2054/6/5 2050/6/5 2053/6/5
f 2055/6/5 2043/6/5 2051/6/5
f 2055/7/5 2051/7/5 2054/7/5
f 2056/6/5 2043/6/5 2055/6/5
f 2057/4/5 2053/4/5 2052/4/5
f 2058/6/5 2054/6/5 2053/6/5
f 2058/4/5 2053/4/5 2057/4/5
f 2059/5/5 2055/5/5 2054/5/5
f 2059/6/5 2054/6/5 2058/6/5
f 2060/7/5 2056/7/5 2055/7/5
f 2060/5/5 2055/5/5 2059/5/5
f 2061/7/5 2056/7/5 2060/7/5
f 2062/6/5 2058/6/5 2057/6/5
f 2062/7/5 2059/7/5 2058/7/5
f 2063/6/5 2061/6/5 2060/6/5
f 2063/7/5 2059/7/5 2062/7/5
f 2063/6/5 2060/6/5 2059/6/5
f 2064/6/5 2061/6/5 2063/6/5
f 2065/6/5 2061/6/5 2064/6/5
f 2066/6/5 2062/6/5 2057/6/5
f 2066/6/5 2063/6/5 2062/6/5
f 2067/7/5 2064/7/5 2063/7/5
f 2067/6/5 2063/6/5 2066/6/5
f 2068/7/5 2067/7/5 2066/7/5
f 2068/7/5 2064/7/5 2067/7/5
f 2069/5/5 2065/5/5 2064/5/5
f 2069/7/5 2064/7/5 2068/7/5
f 2070/5/5 2065/5/5 2069/5/5
f 2071/7/5 2068/7/5 2066/7/5
f 2072/6/5 2069/6/5 2068/6/5
f 2072/7/5 2068/7/5 2071/7/5
f 2073/4/5 2070/4/5 2069/4/5
f 2073/6/5 2069/6/5 2072/6/5
f 2074/4/5 2070/4/5 2073/4/5
f 2075/6/5 2072/6/5 2071/6/5
f 2076/6/5 2072/6/5 2075/6/5
f 2077/5/5 2073/5/5 2072/5/5
f 2077/6/5 2072/6/5 2076/6/5
f 2077/5/5 2074/5/5 2073/5/5
f 2078/5/5 2074/5/5 2077/5/5
f 2079/8/5 2076/8/5 2075/8/5
f 2080/7/5 2077/7/5 2076/7/5
f 2080/8/5 2076/8/5 2079/8/5
f 2081/6/5 2078/6/5 2077/6/5
f 2081/7/5 2077/7/5 2080/7/5
f 2082/6/5 2078/6/5 2081/6/5
f 2083/7/5 2080/7/5 2079/7/5
f 2083/7/5 2081/7/5 2080/7/5
f 2083/5/5 2082/5/5 2081/5/5
f 2084/5/5 2082/5/5 2083/5/5
f 2085/7/5 2083/7/5 2079/7/5
f 2086/7/5 2083/7/5 2085/7/5
f 2087/6/5 2084/6/5 2083/6/5
f 2087/7/5 2083/7/5 2086/7/5
f 2088/5/5 2082/5/5 2084/5/5
f 2088/6/5 2084/6/5 2087/6/5
f 2089/7/5 2087/7/5 2086/7/5
f 2089/8/5 2086/8/5 2085/8/5
f 2090/5/5 2088/5/5 2087/5/5
f 2090/7/5 2087/7/5 2089/7/5
f 2091/5/5 2082/5/5 2088/5/5
f 2091/5/5 2088/5/5 2090/5/5
f 2092/5/5 2082/5/5 2091/5/5
f 2093/8/5 2090/8/5 2089/8/5
f 2093/8/5 2089/8/5 2085/8/5
f 2094/6/5 2091/6/5 2090/6/5
f 2094/8/5 2090/8/5 2093/8/5
f 2095/4/5 2092/4/5 2091/4/5
f 2095/6/5 2091/6/5 2094/6/5
f 2096/4/5 2092/4/5 2095/4/5
f 2097/7/5 2094/7/5 2093/7/5
f 2098/7/5 2094/7/5 2097/7/5
f 2099/5/5 2095/5/5 2094/5/5
f 2099/7/5 2094/7/5 2098/7/5
f 2100/6/5 2096/6/5 2095/6/5
f 2100/5/5 2095/5/5 2099/5/5
f 2101/6/5 2096/6/5 2100/6/5
f 2102/6/5 2098/6/5 2097/6/5
f 2103/7/5 2099/7/5 2098/7/5
f 2103/6/5 2098/6/5 2102/6/5
f 2104/6/5 2100/6/5 2099/6/5
f 2104/7/5 2099/7/5 2103/7/5
f 2105/7/5 2101/7/5 2100/7/5
f 2105/6/5 2100/6/5 2104/6/5
f 2106/7/5 2101/7/5 2105/7/5
f 2107/7/5 2103/7/5 2102/7/5
f 2108/8/5 2104/8/5 2103/8/5
f 2108/7/5 2103/7/5 2107/7/5
f 2109/5/5 2105/5/5 2104/5/5
f 2109/8/5 2104/8/5 2108/8/5
f 2110/6/5 2106/6/5 2105/6/5
f 2110/5/5 2105/5/5 2109/5/5
f 2111/6/5 2106/6/5 2110/6/5
f 2112/6/5 2108/6/5 2107/6/5
f 2112/7/5 2109/7/5 2108/7/5
f 2113/6/5 2110/6/5 2109/6/5
f 2113/7/5 2109/7/5 2112/7/5
f 2114/7/5 2111/7/5 2110/7/5
f 2114/6/5 2110/6/5 2113/6/5
f 2115/7/5 2111/7/5 2114/7/5
f 2116/6/5 2113/6/5 2112/6/5
f 2116/6/5 2112/6/5 2107/6/5
f 2117/6/5 2113/6/5 2116/6/5
f 2118/5/5 2115/5/5 2114/5/5
f 2118/6/5 2113/6/5 2117/6/5
f 2118/5/5 2114/5/5 2113/5/5
f 2119/5/5 2115/5/5 2118/5/5
f 2120/5/5 2115/5/5 2119/5/5
f 2121/7/5 2117/7/5 2116/7/5
f 2122/6/5 2118/6/5 2117/6/5
f 2122/7/5 2117/7/5 2121/7/5
f 2123/4/5 2119/4/5 2118/4/5
f 2123/6/5 2118/6/5 2122/6/5
f 2124/7/5 2120/7/5 2119/7/5
f 2124/4/5 2119/4/5 2123/4/5
f 2125/7/5 2120/7/5 2124/7/5
f 2126/6/5 2122/6/5 2121/6/5
f 2127/8/5 2123/8/5 2122/8/5
f 2127/6/5 2122/6/5 2126/6/5
f 2128/5/5 2124/5/5 2123/5/5
f 2128/8/5 2123/8/5 2127/8/5
f 2129/6/5 2125/6/5 2124/6/5
f 2129/5/5 2124/5/5 2128/5/5
f 2130/6/5 2125/6/5 2129/6/5
f 2131/4/5 2129/4/5 2128/4/5
f 2131/5/5 2130/5/5 2129/5/5
f 2132/5/5 2130/5/5 2131/5/5
f 2133/7/5 2127/7/5 2126/7/5
f 2134/8/5 2128/8/5 2127/8/5
f 2134/7/5 2127/7/5 2133/7/5
f 2135/4/5 2131/4/5 2128/4/5
f 2135/8/5 2128/8/5 2134/8/5
f 2136/6/5 2132/6/5 2131/6/5
f 2136/4/5 2131/4/5 2135/4/5
f 2137/8/5 2134/8/5 2133/8/5
f 2137/7/5 2135/7/5 2134/7/5
f 2138/5/5 2136/5/5 2135/5/5
f 2138/7/5 2135/7/5 2137/7/5
f 2139/6/5 2132/6/5 2136/6/5
f 2139/5/5 2136/5/5 2138/5/5
f 2140/6/5 2132/6/5 2139/6/5
f 2141/6/5 2138/6/5 2137/6/5
f 2141/6/5 2139/6/5 2138/6/5
f 2142/7/5 2140/7/5 2139/7/5
f 2142/6/5 2139/6/5 2141/6/5
f 2143/8/5 2137/8/5 2133/8/5
f 2144/6/5 2141/6/5 2137/6/5
f 2144/8/5 2137/8/5 2143/8/5
f 2145/4/5 2142/4/5 2141/4/5
f 2145/6/5 2141/6/5 2144/6/5
f 2146/7/5 2140/7/5 2142/7/5
f 2146/4/5 2142/4/5 2145/4/5
f 2147/7/5 2140/7/5 2146/7/5
f 2148/7/5 2145/7/5 2144/7/5
f 2148/7/5 2144/7/5 2143/7/5
f 2149/5/5 2146/5/5 2145/5/5
f 2149/7/5 2145/7/5 2148/7/5
f 2150/6/5 2147/6/5 2146/6/5
f 2150/5/5 2146/5/5 2149/5/5
f 2151/7/5 2148/7/5 2143/7/5
f 2152/6/5 2149/6/5 2148/6/5
f 2152/7/5 2148/7/5 2151/7/5
f 2152/6/5 2150/6/5 2149/6/5
f 2153/6/5 2150/6/5 2152/6/5
f 2154/6/5 2147/6/5 2150/6/5
f 2154/6/5 2150/6/5 2153/6/5
f 2155/6/5 2147/6/5 2154/6/5
f 2156/7/5 2153/7/5 2152/7/5
f 2156/6/5 2152/6/5 2151/6/5
f 2157/6/5 2154/6/5 2153/6/5
f 2157/7/5 2153/7/5 2156/7/5
f 2158/7/5 2155/7/5 2154/7/5
f 2158/6/5 2154/6/5 2157/6/5
f 2159/7/5 2155/7/5 2158/7/5
f 2160/5/5 2158/5/5 2157/5/5
f 2160/6/5 2159/6/5 2158/6/5
f 2161/6/5 2159/6/5 2160/6/5
f 2162/6/5 2157/6/5 2156/6/5
f 2162/6/5 2156/6/5 2151/6/5
f 2163/6/5 2157/6/5 2162/6/5
f 2164/5/5 2160/5/5 2157/5/5
f 2164/6/5 2157/6/5 2163/6/5
f 2165/8/5 2161/8/5 2160/8/5
f 2165/5/5 2160/5/5 2164/5/5
f 2166/8/5 2161/8/5 2165/8/5
f 2167/8/5 2163/8/5 2162/8/5
f 2168/6/5 2164/6/5 2163/6/5
f 2168/8/5 2163/8/5 2167/8/5
f 2169/7/5 2165/7/5 2164/7/5
f 2169/7/5 2166/7/5 2165/7/5
f 2170/7/5 2166/7/5 2169/7/5
f 2171/7/5 2168/7/5 2167/7/5
f 2172/6/5 2164/6/5 2168/6/5
f 2172/7/5 2168/7/5 2171/7/5
f 2173/7/5 2169/7/5 2164/7/5
f 2173/6/5 2164/6/5 2172/6/5
f 2174/8/5 2170/8/5 2169/8/5
f 2174/7/5 2169/7/5 2173/7/5
f 2175/8/5 2170/8/5 2174/8/5
f 2176/6/5 2172/6/5 2171/6/5
f 2177/7/5 2173/7/5 2172/7/5
f 2177/6/5 2172/6/5 2176/6/5
f 2178/5/5 2174/5/5 2173/5/5
f 2178/7/5 2173/7/5 2177/7/5
f 2179/6/5 2175/6/5 2174/6/5
f 2179/5/5 2174/5/5 2178/5/5
f 2180/5/5 2177/5/5 2176/5/5
f 2181/7/5 2178/7/5 2177/7/5
f 2181/5/5 2177/5/5 2180/5/5
f 2182/6/5 2179/6/5 2178/6/5
f 2182/7/5 2178/7/5 2181/7/5
f 2183/6/5 2175/6/5 2179/6/5
f 2183/6/5 2179/6/5 2182/6/5
f 2184/6/5 2175/6/5 2183/6/5
f 2185/6/5 2182/6/5 2181/6/5
f 2185/6/5 2181/6/5 2180/6/5
f 2186/7/5 2183/7/5 2182/7/5
f 2186/6/5 2182/6/5 2185/6/5
f 2187/5/5 2184/5/5 2183/5/5
f 2187/7/5 2183/7/5 2186/7/5
f 2188/5/5 2184/5/5 2187/5/5
f 2189/7/5 2186/7/5 2185/7/5
f 2190/7/5 2186/7/5 2189/7/5
f 2191/6/5 2187/6/5 2186/6/5
f 2191/7/5 2186/7/5 2190/7/5
f 2191/6/5 2188/6/5 2187/6/5
f 2192/6/5 2188/6/5 2191/6/5
f 2193/6/5 2190/6/5 2189/6/5
f 2193/5/5 2191/5/5 2190/5/5
f 2194/7/5 2192/7/5 2191/7/5
f 2194/5/5 2191/5/5 2193/5/5
f 2195/6/5 2188/6/5 2192/6/5
f 2195/7/5 2192/7/5 2194/7/5
f 2196/6/5 2188/6/5 2195/6/5
f 2197/7/5 2194/7/5 2193/7/5
f 2197/7/5 2195/7/5 2194/7/5
f 2198/4/5 2196/4/5 2195/4/5
f 2198/7/5 2195/7/5 2197/7/5
f 2199/4/5 2196/4/5 2198/4/5
f 2200/6/5 2193/6/5 2189/6/5
f 2200/7/5 2197/7/5 2193/7/5
f 2201/6/5 2199/6/5 2198/6/5
f 2201/7/5 2197/7/5 2200/7/5
f 2201/6/5 2198/6/5 2197/6/5
f 2202/6/5 2199/6/5 2201/6/5
f 2203/6/5 2199/6/5 2202/6/5
f 2204/6/5 2200/6/5 2189/6/5
f 2204/6/5 2201/6/5 2200/6/5
f 2204/6/5 2202/6/5 2201/6/5
f 2205/6/5 2202/6/5 2204/6/5
f 2206/5/5 2203/5/5 2202/5/5
f 2206/6/5 2202/6/5 2205/6/5
f 2207/7/5 2205/7/5 2204/7/5
f 2208/5/5 2206/5/5 2205/5/5
f 2208/7/5 2205/7/5 2207/7/5
f 2209/5/5 2203/5/5 2206/5/5
f 2209/5/5 2206/5/5 2208/5/5
f 2210/5/5 2203/5/5 2209/5/5
f 2211/6/5 2208/6/5 2207/6/5
f 2211/6/5 2209/6/5 2208/6/5
f 2212/6/5 2209/6/5 2211/6/5
f 2213/6/5 2209/6/5 2212/6/5
f 2214/4/5 2210/4/5 2209/4/5
f 2214/6/5 2209/6/5 2213/6/5
f 2215/4/5 2210/4/5 2214/4/5
f 2216/6/5 2213/6/5 2212/6/5
f 2216/7/5 2212/7/5 2211/7/5
f 2217/5/5 2214/5/5 2213/5/5
f 2217/6/5 2213/6/5 2216/6/5
f 2218/6/5 2215/6/5 2214/6/5
f 2218/5/5 2214/5/5 2217/5/5
f 2219/6/5 2215/6/5 2218/6/5
f 2220/7/5 2216/7/5 2211/7/5
f 2221/5/5 2217/5/5 2216/5/5
f 2221/7/5 2216/7/5 2220/7/5
f 2222/6/5 2218/6/5 2217/6/5
f 2222/5/5 2217/5/5 2221/5/5
f 2223/7/5 2219/7/5 2218/7/5
f 2223/6/5 2218/6/5 2222/6/5
f 2224/5/5 2221/5/5 2220/5/5
f 2225/6/5 2222/6/5 2221/6/5
f 2225/5/5 2221/5/5 2224/5/5
f 2226/5/5 2223/5/5 2222/5/5
f 2226/6/5 2222/6/5 2225/6/5
f 2227/7/5 2219/7/5 2223/7/5
f 2227/5/5 2223/5/5 2226/5/5
f 2228/7/5 2219/7/5 2227/7/5
f 2229/6/5 2226/6/5 2225/6/5
f 2229/6/5 2225/6/5 2224/6/5
f 2230/7/5 2227/7/5 2226/7/5
f 2230/6/5 2226/6/5 2229/6/5
f 2231/6/5 2228/6/5 2227/6/5
f 2231/7/5 2227/7/5 2230/7/5
f 2232/6/5 2228/6/5 2231/6/5
f 2233/5/5 2230/5/5 2229/5/5
f 2233/8/5 2231/8/5 2230/8/5
f 2234/5/5 2232/5/5 2231/5/5
f 2234/8/5 2231/8/5 2233/8/5
f 2235/5/5 2232/5/5 2234/5/5
f 2236/6/5 2229/6/5 2224/6/5
f 2237/5/5 2233/5/5 2229/5/5
f 2237/6/5 2229/6/5 2236/6/5
f 2238/7/5 2234/7/5 2233/7/5
f 2238/5/5 2233/5/5 2237/5/5
f 2239/6/5 2235/6/5 2234/6/5
f 2239/7/5 2234/7/5 2238/7/5
f 2240/6/5 2235/6/5 2239/6/5
f 2241/7/5 2237/7/5 2236/7/5
f 2242/5/5 2238/5/5 2237/5/5
f 2242/7/5 2237/7/5 2241/7/5
f 2243/6/5 2239/6/5 2238/6/5
f 2243/5/5 2238/5/5 2242/5/5
f 2244/7/5 2240/7/5 2239/7/5
f 2244/6/5 2239/6/5 2243/6/5
f 2245/7/5 2240/7/5 2244/7/5
f 2246/5/5 2242/5/5 2241/5/5
f 2247/6/5 2243/6/5 2242/6/5
f 2247/5/5 2242/5/5 2246/5/5
f 2248/7/5 2244/7/5 2243/7/5
f 2248/6/5 2243/6/5 2247/6/5
f 2249/5/5 2245/5/5 2244/5/5
f 2249/7/5 2244/7/5 2248/7/5
f 2250/5/5 2245/5/5 2249/5/5
f 2251/7/5 2247/7/5 2246/7/5
f 2252/5/5 2248/5/5 2247/5/5
f 2252/7/5 2247/7/5 2251/7/5
f 2253/8/5 2249/8/5 2248/8/5
f 2253/5/5 2248/5/5 2252/5/5
f 2254/6/5 2250/6/5 2249/6/5
f 2254/8/5 2249/8/5 2253/8/5
f 2255/6/5 2252/6/5 2251/6/5
f 2255/6/5 2253/6/5 2252/6/5
f 2256/6/5 2253/6/5 2255/6/5
f 2257/7/5 2254/7/5 2253/7/5
f 2257/6/5 2253/6/5 2256/6/5
f 2258/6/5 2250/6/5 2254/6/5
f 2258/7/5 2254/7/5 2257/7/5
f 2259/6/5 2250/6/5 2258/6/5
f 2260/8/5 2258/8/5 2257/8/5
f 2260/5/5 2259/5/5 2258/5/5
f 2261/5/5 2259/5/5 2260/5/5
f 2262/7/5 2256/7/5 2255/7/5
f 2263/6/5 2257/6/5 2256/6/5
f 2263/7/5 2256/7/5 2262/7/5
f 2264/8/5 2260/8/5 2257/8/5
f 2264/6/5 2257/6/5 2263/6/5
f 2265/4/5 2261/4/5 2260/4/5
f 2265/8/5 2260/8/5 2264/8/5
f 2266/4/5 2261/4/5 2265/4/5
f 2267/6/5 2263/6/5 2262/6/5
f 2268/5/5 2264/5/5 2263/5/5
f 2268/6/5 2263/6/5 2267/6/5
f 2269/8/5 2265/8/5 2264/8/5
f 2269/5/5 2264/5/5 2268/5/5
f 2270/6/5 2266/6/5 2265/6/5
f 2270/8/5 2265/8/5 2269/8/5
f 2271/6/5 2266/6/5 2270/6/5
f 2272/7/5 2268/7/5 2267/7/5
f 2272/5/5 2269/5/5 2268/5/5
f 2273/7/5 2270/7/5 2269/7/5
f 2273/5/5 2269/5/5 2272/5/5
f 2274/5/5 2271/5/5 2270/5/5
f 2274/7/5 2270/7/5 2273/7/5
f 2275/5/5 2271/5/5 2274/5/5
f 2276/7/5 2272/7/5 2267/7/5
f 2277/6/5 2273/6/5 2272/6/5
f 2277/7/5 2272/7/5 2276/7/5
f 2278/7/5 2274/7/5 2273/7/5
f 2278/6/5 2273/6/5 2277/6/5
f 2279/6/5 2275/6/5 2274/6/5
f 2279/7/5 2274/7/5 2278/7/5
f 2280/6/5 2275/6/5 2279/6/5
f 2281/6/5 2277/6/5 2276/6/5
f 2282/5/5 2278/5/5 2277/5/5
f 2282/6/5 2277/6/5 2281/6/5
f 2283/7/5 2279/7/5 2278/7/5
f 2283/5/5 2278/5/5 2282/5/5
f 2284/4/5 2280/4/5 2279/4/5
f 2284/7/5 2279/7/5 2283/7/5
f 2285/4/5 2280/4/5 2284/4/5
f 2286/7/5 2282/7/5 2281/7/5
f 2286/5/5 2283/5/5 2282/5/5
f 2287/8/5 2284/8/5 2283/8/5
f 2287/5/5 2283/5/5 2286/5/5
f 2288/5/5 2285/5/5 2284/5/5
f 2288/8/5 2284/8/5 2287/8/5
f 2289/5/5 2285/5/5 2288/5/5
f 2290/6/5 2287/6/5 2286/6/5
f 2290/7/5 2286/7/5 2281/7/5
f 2291/7/5 2288/7/5 2287/7/5
f 2291/6/5 2287/6/5 2290/6/5
f 2292/4/5 2289/4/5 2288/4/5
f 2292/7/5 2288/7/5 2291/7/5
f 2293/4/5 2289/4/5 2292/4/5
f 2294/7/5 2290/7/5 2281/7/5
f 2295/4/5 2291/4/5 2290/4/5
f 2295/7/5 2290/7/5 2294/7/5
f 2296/7/5 2292/7/5 2291/7/5
f 2296/4/5 2291/4/5 2295/4/5
f 2297/6/5 2295/6/5 2294/6/5
f 2297/5/5 2296/5/5 2295/5/5
f 2298/7/5 2292/7/5 2296/7/5
f 2298/5/5 2296/5/5 2297/5/5
f 2299/5/5 2293/5/5 2292/5/5
f 2299/7/5 2292/7/5 2298/7/5
f 2300/5/5 2293/5/5 2299/5/5
f 2301/6/5 2297/6/5 2294/6/5
f 2302/4/5 2298/4/5 2297/4/5
f 2302/6/5 2297/6/5 2301/6/5
f 2303/7/5 2299/7/5 2298/7/5
f 2303/4/5 2298/4/5 2302/4/5
f 2304/6/5 2300/6/5 2299/6/5
f 2304/7/5 2299/7/5 2303/7/5
f 2305/6/5 2300/6/5 2304/6/5
f 2306/8/5 2303/8/5 2302/8/5
f 2306/6/5 2304/6/5 2303/6/5
f 2307/5/5 2305/5/5 2304/5/5
f 2307/6/5 2304/6/5 2306/6/5
f 2308/5/5 2305/5/5 2307/5/5
f 2309/7/5 2302/7/5 2301/7/5
f 2310/8/5 2306/8/5 2302/8/5
f 2310/7/5 2302/7/5 2309/7/5
f 2311/7/5 2307/7/5 2306/7/5
f 2311/8/5 2306/8/5 2310/8/5
f 2312/4/5 2308/4/5 2307/4/5
f 2312/7/5 2307/7/5 2311/7/5
f 2313/4/5 2308/4/5 2312/4/5
f 2314/6/5 2310/6/5 2309/6/5
f 2315/7/5 2311/7/5 2310/7/5
f 2315/6/5 2310/6/5 2314/6/5
f 2316/6/5 2312/6/5 2311/6/5
f 2316/7/5 2311/7/5 2315/7/5
f 2317/5/5 2313/5/5 2312/5/5
f 2317/6/5 2312/6/5 2316/6/5
f 2318/5/5 2313/5/5 2317/5/5
f 2319/7/5 2315/7/5 2314/7/5
f 2319/7/5 2316/7/5 2315/7/5
f 2319/7/5 2317/7/5 2316/7/5
f 2320/7/5 2317/7/5 2319/7/5
f 2321/6/5 2318/6/5 2317/6/5
f 2321/7/5 2317/7/5 2320/7/5
f 2322/6/5 2318/6/5 2321/6/5
f 2323/7/5 2321/7/5 2320/7/5
f 2324/4/5 2322/4/5 2321/4/5
f 2324/7/5 2321/7/5 2323/7/5
f 2325/4/5 2322/4/5 2324/4/5
f 2326/8/5 2320/8/5 2319/8/5
f 2327/7/5 2323/7/5 2320/7/5
f 2327/8/5 2320/8/5 2326/8/5
f 2328/6/5 2324/6/5 2323/6/5
f 2328/7/5 2323/7/5 2327/7/5
f 2329/5/5 2325/5/5 2324/5/5
f 2329/6/5 2324/6/5 2328/6/5
f 2330/5/5 2325/5/5 2329/5/5
f 2331/7/5 2327/7/5 2326/7/5
f 2332/6/5 2328/6/5 2327/6/5
f 2332/7/5 2327/7/5 2331/7/5
f 2333/7/5 2329/7/5 2328/7/5
f 2333/6/5 2328/6/5 2332/6/5
f 2334/4/5 2330/4/5 2329/4/5
f 2334/7/5 2329/7/5 2333/7/5
f 2335/4/5 2330/4/5 2334/4/5
f 2336/8/5 2332/8/5 2331/8/5
f 2337/6/5 2333/6/5 2332/6/5
f 2337/8/5 2332/8/5 2336/8/5
f 2337/6/5 2334/6/5 2333/6/5
f 2337/6/5 2335/6/5 2334/6/5
f 2338/6/5 2335/6/5 2337/6/5
f 2339/6/5 2335/6/5 2338/6/5
f 2340/7/5 2337/7/5 2336/7/5
f 2340/7/5 2338/7/5 2337/7/5
f 2341/7/5 2338/7/5 2340/7/5
f 2342/7/5 2338/7/5 2341/7/5
f 2343/4/5 2339/4/5 2338/4/5
f 2343/7/5 2338/7/5 2342/7/5
f 2344/4/5 2339/4/5 2343/4/5
f 2345/8/5 2341/8/5 2340/8/5
f 2346/6/5 2342/6/5 2341/6/5
f 2346/8/5 2341/8/5 2345/8/5
f 2347/7/5 2343/7/5 2342/7/5
f 2347/6/5 2342/6/5 2346/6/5
f 2348/6/5 2344/6/5 2343/6/5
f 2348/7/5 2343/7/5 2347/7/5
f 2349/6/5 2344/6/5 2348/6/5
f 2350/6/5 2346/6/5 2345/6/5
f 2350/7/5 2347/7/5 2346/7/5
f 2350/7/5 2348/7/5 2347/7/5
f 2351/5/5 2349/5/5 2348/5/5
f 2351/7/5 2348/7/5 2350/7/5
f 2352/5/5 2349/5/5 2351/5/5
f 2353/6/5 2350/6/5 2345/6/5
f 2353/6/5 2351/6/5 2350/6/5
f 2354/7/5 2352/7/5 2351/7/5
f 2354/6/5 2351/6/5 2353/6/5
f 2355/6/5 2353/6/5 2345/6/5
f 2356/7/5 2354/7/5 2353/7/5
f 2356/6/5 2353/6/5 2355/6/5
f 2357/7/5 2352/7/5 2354/7/5
f 2357/7/5 2354/7/5 2356/7/5
f 2358/7/5 2352/7/5 2357/7/5
f 2359/7/5 2356/7/5 2355/7/5
f 2359/7/5 2357/7/5 2356/7/5
f 2360/7/5 2357/7/5 2359/7/5
f 2361/7/5 2357/7/5 2360/7/5
f 2362/6/5 2358/6/5 2357/6/5
f 2362/7/5 2357/7/5 2361/7/5
f 2363/8/5 2360/8/5 2359/8/5
f 2364/7/5 2361/7/5 2360/7/5
f 2364/8/5 2360/8/5 2363/8/5
f 2365/6/5 2362/6/5 2361/6/5
f 2365/7/5 2361/7/5 2364/7/5
f 2366/6/5 2358/6/5 2362/6/5
f 2366/6/5 2362/6/5 2365/6/5
f 2367/7/5 2365/7/5 2364/7/5
f 2367/7/5 2364/7/5 2363/7/5
f 2367/7/5 2366/7/5 2365/7/5
f 2368/7/5 2366/7/5 2367/7/5
f 2369/6/5 2368/6/5 2367/6/5
f 2370/6/5 2368/6/5 2369/6/5
f 2371/5/5 2370/5/5 2369/5/5
f 2372/6/5 2368/6/5 2370/6/5
f 2372/5/5 2370/5/5 2371/5/5
f 2373/7/5 2366/7/5 2368/7/5
f 2373/6/5 2368/6/5 2372/6/5
f 2374/7/5 2366/7/5 2373/7/5
f 2375/7/5 2366/7/5 2374/7/5
f 2376/6/5 2372/6/5 2371/6/5
f 2377/8/5 2373/8/5 2372/8/5
f 2377/6/5 2372/6/5 2376/6/5
f 2378/6/5 2374/6/5 2373/6/5
f 2378/8/5 2373/8/5 2377/8/5
f 2379/5/5 2375/5/5 2374/5/5
f 2379/6/5 2374/6/5 2378/6/5
f 2380/5/5 2377/5/5 2376/5/5
f 2381/7/5 2378/7/5 2377/7/5
f 2381/5/5 2377/5/5 2380/5/5
f 2382/5/5 2379/5/5 2378/5/5
f 2382/7/5 2378/7/5 2381/7/5
f 2383/5/5 2375/5/5 2379/5/5
f 2383/5/5 2379/5/5 2382/5/5
f 2384/5/5 2375/5/5 2383/5/5
f 2385/6/5 2382/6/5 2381/6/5
f 2385/6/5 2381/6/5 2380/6/5
f 2386/5/5 2383/5/5 2382/5/5
f 2386/6/5 2382/6/5 2385/6/5
f 2387/6/5 2384/6/5 2383/6/5
f 2387/5/5 2383/5/5 2386/5/5
f 2388/6/5 2384/6/5 2387/6/5
f 2393/4/5 2390/4/5 2389/4/5
f 2394/4/5 2390/4/5 2393/4/5
f 2395/5/5 2394/5/5 2393/5/5
f 2396/5/5 2394/5/5 2395/5/5
f 2397/4/5 2392/4/5 2391/4/5
f 2398/4/5 2392/4/5 2397/4/5
f 2399/4/5 2396/4/5 2395/4/5
f 2400/4/5 2396/4/5 2399/4/5
f 2401/6/5 2398/6/5 2397/6/5
f 2402/6/5 2398/6/5 2401/6/5
f 2403/5/5 2400/5/5 2399/5/5
f 2404/5/5 2400/5/5 2403/5/5
f 2405/5/5 2402/5/5 2401/5/5
f 2406/5/5 2402/5/5 2405/5/5
f 2407/4/5 2404/4/5 2403/4/5
f 2408/4/5 2404/4/5 2407/4/5
f 2409/6/5 2408/6/5 2407/6/5
f 2410/6/5 2408/6/5 2409/6/5
f 2411/4/5 2406/4/5 2405/4/5
f 2412/4/5 2406/4/5 2411/4/5
f 2413/4/5 2410/4/5 2409/4/5
f 2414/4/5 2410/4/5 2413/4/5
f 2415/5/5 2412/5/5 2411/5/5
f 2416/5/5 2412/5/5 2415/5/5
f 2417/5/5 2414/5/5 2413/5/5
f 2418/4/5 2416/4/5 2415/4/5
f 2419/4/5 2416/4/5 2418/4/5
f 2420/5/5 2417/5/5 2413/5/5
f 2421/5/5 2417/5/5 2420/5/5
f 2422/6/5 2419/6/5 2418/6/5
f 2423/6/5 2419/6/5 2422/6/5
f 2424/6/5 2421/6/5 2420/6/5
f 2425/4/5 2423/4/5 2422/4/5
f 2426/4/5 2423/4/5 2425/4/5
f 2427/6/5 2424/6/5 2420/6/5
f 2428/6/5 2424/6/5 2427/6/5
f 2429/5/5 2426/5/5 2425/5/5
f 2430/5/5 2428/5/5 2427/5/5
f 2431/5/5 2426/5/5 2429/5/5
f 2432/5/5 2426/5/5 2431/5/5
f 2433/5/5 2430/5/5 2427/5/5
f 2434/4/5 2432/4/5 2431/4/5
f 2435/4/5 2432/4/5 2434/4/5
f 2436/5/5 2433/5/5 2427/5/5
f 2437/5/5 2433/5/5 2436/5/5
f 2438/6/5 2435/6/5 2434/6/5
f 2439/6/5 2435/6/5 2438/6/5
f 2440/6/5 2437/6/5 2436/6/5
f 2441/6/5 2437/6/5 2440/6/5
f 2442/7/5 2441/7/5 2440/7/5
f 2443/7/5 2441/7/5 2442/7/5
f 2444/5/5 2443/5/5 2442/5/5
f 2445/5/5 2443/5/5 2444/5/5
f 2446/5/5 2439/5/5 2438/5/5
f 2447/5/5 2439/5/5 2446/5/5
f 2448/6/5 2445/6/5 2444/6/5
f 2449/6/5 2447/6/5 2446/6/5
f 2450/6/5 2447/6/5 2449/6/5
f 2451/6/5 2448/6/5 2444/6/5
f 2452/6/5 2448/6/5 2451/6/5
f 2453/4/5 2450/4/5 2449/4/5
f 2454/4/5 2450/4/5 2453/4/5
f 2455/5/5 2452/5/5 2451/5/5
f 2456/5/5 2452/5/5 2455/5/5
f 2457/5/5 2454/5/5 2453/5/5
f 2458/5/5 2454/5/5 2457/5/5
f 2459/7/5 2456/7/5 2455/7/5
f 2460/7/5 2456/7/5 2459/7/5
f 2461/4/5 2458/4/5 2457/4/5
f 2462/4/5 2458/4/5 2461/4/5
f 2463/6/5 2460/6/5 2459/6/5
f 2464/6/5 2462/6/5 2461/6/5
f 2465/6/5 2463/6/5 2459/6/5
f 2466/6/5 2463/6/5 2465/6/5
f 2467/6/5 2462/6/5 2464/6/5
f 2468/6/5 2462/6/5 2467/6/5
f 2469/5/5 2466/5/5 2465/5/5
f 2470/5/5 2466/5/5 2469/5/5
f 2471/5/5 2468/5/5 2467/5/5
f 2472/5/5 2468/5/5 2471/5/5
f 2473/7/5 2470/7/5 2469/7/5
f 2474/7/5 2470/7/5 2473/7/5
f 2475/4/5 2472/4/5 2471/4/5
f 2476/6/5 2474/6/5 2473/6/5
f 2477/6/5 2474/6/5 2476/6/5
f 2478/4/5 2472/4/5 2475/4/5
f 2479/4/5 2472/4/5 2478/4/5
f 2480/7/5 2477/7/5 2476/7/5
f 2481/7/5 2477/7/5 2480/7/5
f 2482/5/5 2479/5/5 2478/5/5
f 2483/5/5 2479/5/5 2482/5/5
f 2484/6/5 2481/6/5 2480/6/5
f 2485/6/5 2481/6/5 2484/6/5
f 2486/6/5 2483/6/5 2482/6/5
f 2487/5/5 2485/5/5 2484/5/5
f 2488/5/5 2485/5/5 2487/5/5
f 2489/6/5 2483/6/5 2486/6/5
f 2490/6/5 2483/6/5 2489/6/5
f 2491/6/5 2488/6/5 2487/6/5
f 2492/6/5 2488/6/5 2491/6/5
f 2493/7/5 2490/7/5 2489/7/5
f 2494/7/5 2490/7/5 2493/7/5
f 2495/7/5 2492/7/5 2491/7/5
f 2496/7/5 2492/7/5 2495/7/5
f 2497/6/5 2494/6/5 2493/6/5
f 2498/6/5 2496/6/5 2495/6/5
f 2499/6/5 2494/6/5 2497/6/5
f 2500/6/5 2498/6/5 2495/6/5
f 2501/6/5 2494/6/5 2499/6/5
f 2502/6/5 2494/6/5 2501/6/5
f 2503/6/5 2500/6/5 2495/6/5
f 2504/7/5 2502/7/5 2501/7/5
f 2505/6/5 2503/6/5 2495/6/5
f 2506/7/5 2502/7/5 2504/7/5
f 2507/7/5 2502/7/5 2506/7/5
f 2508/6/5 2505/6/5 2495/6/5
f 2509/6/5 2507/6/5 2506/6/5
f 2510/6/5 2507/6/5 2509/6/5
f 2511/6/5 2508/6/5 2495/6/5
f 2512/6/5 2508/6/5 2511/6/5
f 2513/7/5 2510/7/5 2509/7/5
f 2514/7/5 2510/7/5 2513/7/5
f 2515/5/5 2512/5/5 2511/5/5
f 2516/5/5 2512/5/5 2515/5/5
f 2517/6/5 2514/6/5 2513/6/5
f 2518/7/5 2516/7/5 2515/7/5
f 2519/7/5 2516/7/5 2518/7/5
f 2520/6/5 2514/6/5 2517/6/5
f 2521/6/5 2514/6/5 2520/6/5
f 2522/5/5 2519/5/5 2518/5/5
f 2523/7/5 2521/7/5 2520/7/5
f 2524/7/5 2521/7/5 2523/7/5
f 2525/5/5 2522/5/5 2518/5/5
f 2526/5/5 2522/5/5 2525/5/5
f 2527/6/5 2526/6/5 2525/6/5
f 2528/6/5 2526/6/5 2527/6/5
f 2529/6/5 2524/6/5 2523/6/5
f 2530/7/5 2528/7/5 2527/7/5
f 2531/7/5 2528/7/5 2530/7/5
f 2532/6/5 2524/6/5 2529/6/5
f 2533/5/5 2531/5/5 2530/5/5
f 2534/5/5 2531/5/5 2533/5/5
f 2535/6/5 2524/6/5 2532/6/5
f 2536/6/5 2524/6/5 2535/6/5
f 2537/4/5 2534/4/5 2533/4/5
f 2538/4/5 2534/4/5 2537/4/5
f 2539/8/5 2536/8/5 2535/8/5
f 2540/8/5 2536/8/5 2539/8/5
f 2541/5/5 2538/5/5 2537/5/5
f 2542/7/5 2540/7/5 2539/7/5
f 2543/7/5 2540/7/5 2542/7/5
f 2544/8/5 2543/8/5 2542/8/5
f 2545/8/5 2543/8/5 2544/8/5
f 2546/5/5 2541/5/5 2537/5/5
f 2547/7/5 2545/7/5 2544/7/5
f 2548/5/5 2546/5/5 2537/5/5
f 2549/7/5 2545/7/5 2547/7/5
f 2550/7/5 2545/7/5 2549/7/5
f 2551/5/5 2548/5/5 2537/5/5
f 2552/6/5 2550/6/5 2549/6/5
f 2553/6/5 2550/6/5 2552/6/5
f 2554/5/5 2551/5/5 2537/5/5
f 2555/5/5 2551/5/5 2554/5/5
f 2556/7/5 2553/7/5 2552/7/5
f 2557/7/5 2553/7/5 2556/7/5
f 2558/4/5 2555/4/5 2554/4/5
f 2559/4/5 2555/4/5 2558/4/5
f 2560/6/5 2557/6/5 2556/6/5
f 2561/5/5 2559/5/5 2558/5/5
f 2562/6/5 2557/6/5 2560/6/5
f 2563/5/5 2561/5/5 2558/5/5
f 2564/6/5 2557/6/5 2562/6/5
f 2565/6/5 2557/6/5 2564/6/5
f 2566/5/5 2563/5/5 2558/5/5
f 2567/7/5 2565/7/5 2564/7/5
f 2568/5/5 2566/5/5 2558/5/5
f 2569/7/5 2565/7/5 2567/7/5
f 2570/7/5 2565/7/5 2569/7/5
f 2571/6/5 2570/6/5 2569/6/5
f 2572/5/5 2568/5/5 2558/5/5
f 2573/6/5 2570/6/5 2571/6/5
f 2574/6/5 2570/6/5 2573/6/5
f 2575/5/5 2572/5/5 2558/5/5
f 2576/5/5 2572/5/5 2575/5/5
f 2577/7/5 2574/7/5 2573/7/5
f 2578/4/5 2576/4/5 2575/4/5
f 2579/4/5 2576/4/5 2578/4/5
f 2580/7/5 2574/7/5 2577/7/5
f 2581/7/5 2574/7/5 2580/7/5
f 2582/5/5 2581/5/5 2580/5/5
f 2583/5/5 2581/5/5 2582/5/5
f 2584/5/5 2579/5/5 2578/5/5
f 2585/6/5 2583/6/5 2582/6/5
f 2586/6/5 2583/6/5 2585/6/5
f 2587/5/5 2584/5/5 2578/5/5
f 2588/5/5 2584/5/5 2587/5/5
f 2589/5/5 2586/5/5 2585/5/5
f 2590/6/5 2588/6/5 2587/6/5
f 2591/6/5 2588/6/5 2590/6/5
f 2592/5/5 2586/5/5 2589/5/5
f 2593/5/5 2586/5/5 2592/5/5
f 2594/6/5 2593/6/5 2592/6/5
f 2595/6/5 2593/6/5 2594/6/5
f 2596/5/5 2591/5/5 2590/5/5
f 2597/5/5 2591/5/5 2596/5/5
f 2598/5/5 2595/5/5 2594/5/5
f 2599/5/5 2595/5/5 2598/5/5
f 2600/6/5 2597/6/5 2596/6/5
f 2601/6/5 2597/6/5 2600/6/5
f 2602/6/5 2599/6/5 2598/6/5
f 2603/6/5 2599/6/5 2602/6/5
f 2604/6/5 2599/6/5 2603/6/5
f 2605/5/5 2601/5/5 2600/5/5
f 2606/5/5 2604/5/5 2603/5/5
f 2607/5/5 2605/5/5 2600/5/5
f 2608/5/5 2604/5/5 2606/5/5
f 2609/5/5 2607/5/5 2600/5/5
f 2610/5/5 2607/5/5 2609/5/5
f 2611/5/5 2604/5/5 2608/5/5
f 2612/5/5 2604/5/5 2611/5/5
f 2613/7/5 2610/7/5 2609/7/5
f 2614/7/5 2610/7/5 2613/7/5
f 2615/6/5 2612/6/5 2611/6/5
f 2616/6/5 2612/6/5 2615/6/5
f 2617/8/5 2614/8/5 2613/8/5
f 2618/8/5 2614/8/5 2617/8/5
f 2619/5/5 2616/5/5 2615/5/5
f 2620/5/5 2616/5/5 2619/5/5
f 2621/7/5 2618/7/5 2617/7/5
f 2622/7/5 2618/7/5 2621/7/5
f 2623/6/5 2620/6/5 2619/6/5
f 2624/6/5 2620/6/5 2623/6/5
f 2625/8/5 2622/8/5 2621/8/5
f 2626/8/5 2622/8/5 2625/8/5
f 2627/7/5 2626/7/5 2625/7/5
f 2628/7/5 2626/7/5 2627/7/5
f 2629/5/5 2624/5/5 2623/5/5
f 2630/8/5 2628/8/5 2627/8/5
f 2631/8/5 2628/8/5 2630/8/5
f 2632/5/5 2624/5/5 2629/5/5
f 2633/5/5 2624/5/5 2632/5/5
f 2634/6/5 2633/6/5 2632/6/5
f 2635/6/5 2633/6/5 2634/6/5
f 2636/7/5 2631/7/5 2630/7/5
f 2637/7/5 2631/7/5 2636/7/5
f 2638/8/5 2635/8/5 2634/8/5
f 2639/8/5 2635/8/5 2638/8/5
f 2640/8/5 2637/8/5 2636/8/5
f 2641/8/5 2637/8/5 2640/8/5
f 2642/5/5 2639/5/5 2638/5/5
f 2643/5/5 2639/5/5 2642/5/5
f 2644/7/5 2641/7/5 2640/7/5
f 2645/6/5 2643/6/5 2642/6/5
f 2646/6/5 2643/6/5 2645/6/5
f 2647/7/5 2646/7/5 2645/7/5
f 2648/7/5 2646/7/5 2647/7/5
f 2649/7/5 2644/7/5 2640/7/5
f 2650/7/5 2644/7/5 2649/7/5
f 2651/5/5 2648/5/5 2647/5/5
f 2652/5/5 2648/5/5 2651/5/5
f 2653/8/5 2650/8/5 2649/8/5
f 2654/8/5 2650/8/5 2653/8/5
f 2655/6/5 2652/6/5 2651/6/5
f 2656/6/5 2652/6/5 2655/6/5
f 2657/6/5 2654/6/5 2653/6/5
f 2658/6/5 2654/6/5 2657/6/5
f 2659/5/5 2656/5/5 2655/5/5
f 2660/5/5 2656/5/5 2659/5/5
f 2661/7/5 2658/7/5 2657/7/5
f 2662/5/5 2656/5/5 2660/5/5
f 2663/5/5 2656/5/5 2662/5/5
f 2664/7/5 2661/7/5 2657/7/5
f 2665/6/5 2663/6/5 2662/6/5
f 2666/6/5 2663/6/5 2665/6/5
f 2667/7/5 2664/7/5 2657/7/5
f 2668/7/5 2664/7/5 2667/7/5
f 2669/5/5 2666/5/5 2665/5/5
f 2670/5/5 2666/5/5 2669/5/5
f 2671/8/5 2668/8/5 2667/8/5
f 2672/8/5 2668/8/5 2671/8/5
f 2673/7/5 2670/7/5 2669/7/5
f 2674/7/5 2670/7/5 2673/7/5
f 2675/7/5 2672/7/5 2671/7/5
f 2676/7/5 2672/7/5 2675/7/5
f 2677/6/5 2674/6/5 2673/6/5
f 2678/6/5 2674/6/5 2677/6/5
f 2679/6/5 2676/6/5 2675/6/5
f 2680/6/5 2676/6/5 2679/6/5
f 2681/5/5 2678/5/5 2677/5/5
f 2682/5/5 2678/5/5 2681/5/5
f 2683/8/5 2680/8/5 2679/8/5
f 2684/8/5 2680/8/5 2683/8/5
f 2685/6/5 2682/6/5 2681/6/5
f 2686/6/5 2682/6/5 2685/6/5
f 2687/7/5 2684/7/5 2683/7/5
f 2688/7/5 2684/7/5 2687/7/5
f 2689/5/5 2686/5/5 2685/5/5
f 2690/5/5 2686/5/5 2689/5/5
f 2691/6/5 2688/6/5 2687/6/5
f 2692/6/5 2688/6/5 2691/6/5
f 2693/7/5 2690/7/5 2689/7/5
f 2694/8/5 2692/8/5 2691/8/5
f 2695/8/5 2692/8/5 2694/8/5
f 2696/7/5 2690/7/5 2693/7/5
f 2697/7/5 2690/7/5 2696/7/5
f 2698/7/5 2695/7/5 2694/7/5
f 2699/7/5 2695/7/5 2698/7/5
f 2700/6/5 2697/6/5 2696/6/5
f 2701/6/5 2697/6/5 2700/6/5
f 2702/8/5 2699/8/5 2698/8/5
f 2703/8/5 2699/8/5 2702/8/5
f 2704/5/5 2701/5/5 2700/5/5
f 2705/5/5 2701/5/5 2704/5/5
f 2706/7/5 2703/7/5 2702/7/5
f 2707/7/5 2703/7/5 2706/7/5
f 2708/7/5 2705/7/5 2704/7/5
f 2709/8/5 2707/8/5 2706/8/5
f 2710/8/5 2707/8/5 2709/8/5
f 2711/7/5 2710/7/5 2709/7/5
f 2712/7/5 2710/7/5 2711/7/5
f 2713/7/5 2705/7/5 2708/7/5
f 2714/7/5 2705/7/5 2713/7/5
f 2715/5/5 2712/5/5 2711/5/5
f 2716/5/5 2714/5/5 2713/5/5
f 2717/5/5 2714/5/5 2716/5/5
f 2718/6/5 2717/6/5 2716/6/5
f 2719/6/5 2717/6/5 2718/6/5
f 2720/5/5 2715/5/5 2711/5/5
f 2721/5/5 2719/5/5 2718/5/5
f 2722/5/5 2719/5/5 2721/5/5
f 2723/5/5 2720/5/5 2711/5/5
f 2724/5/5 2720/5/5 2723/5/5
f 2725/6/5 2722/6/5 2721/6/5
f 2726/6/5 2722/6/5 2725/6/5
f 2727/6/5 2724/6/5 2723/6/5
f 2728/6/5 2724/6/5 2727/6/5
f 2729/7/5 2726/7/5 2725/7/5
f 2730/7/5 2726/7/5 2729/7/5
f 2731/5/5 2728/5/5 2727/5/5
f 2732/5/5 2728/5/5 2731/5/5
f 2733/6/5 2730/6/5 2729/6/5
f 2734/6/5 2732/6/5 2731/6/5
f 2735/6/5 2730/6/5 2733/6/5
f 2736/6/5 2734/6/5 2731/6/5
f 2737/6/5 2734/6/5 2736/6/5
f 2738/6/5 2730/6/5 2735/6/5
f 2739/6/5 2730/6/5 2738/6/5
f 2740/5/5 2737/5/5 2736/5/5
f 2741/5/5 2737/5/5 2740/5/5
f 2742/5/5 2739/5/5 2738/5/5
f 2743/5/5 2739/5/5 2742/5/5
f 2744/4/5 2741/4/5 2740/4/5
f 2745/7/5 2743/7/5 2742/7/5
f 2746/7/5 2743/7/5 2745/7/5
f 2747/4/5 2744/4/5 2740/4/5
f 2748/4/5 2744/4/5 2747/4/5
f 2749/6/5 2746/6/5 2745/6/5
f 2750/5/5 2748/5/5 2747/5/5
f 2751/5/5 2748/5/5 2750/5/5
f 2752/6/5 2746/6/5 2749/6/5
f 2753/6/5 2746/6/5 2752/6/5
f 2754/6/5 2751/6/5 2750/6/5
f 2755/6/5 2751/6/5 2754/6/5
f 2756/5/5 2753/5/5 2752/5/5
f 2757/5/5 2753/5/5 2756/5/5
f 2758/5/5 2755/5/5 2754/5/5
f 2759/6/5 2757/6/5 2756/6/5
f 2760/6/5 2757/6/5 2759/6/5
f 2761/5/5 2758/5/5 2754/5/5
f 2762/5/5 2758/5/5 2761/5/5
f 2763/5/5 2760/5/5 2759/5/5
f 2764/5/5 2760/5/5 2763/5/5
f 2765/6/5 2762/6/5 2761/6/5
f 2766/6/5 2762/6/5 2765/6/5
f 2767/6/5 2764/6/5 2763/6/5
f 2768/5/5 2766/5/5 2765/5/5
f 2769/6/5 2764/6/5 2767/6/5
f 2770/6/5 2764/6/5 2769/6/5
f 2771/5/5 2768/5/5 2765/5/5
f 2772/5/5 2770/5/5 2769/5/5
f 2773/5/5 2770/5/5 2772/5/5
f 2774/5/5 2771/5/5 2765/5/5
f 2775/5/5 2771/5/5 2774/5/5
f 2776/6/5 2773/6/5 2772/6/5
f 2777/4/5 2775/4/5 2774/4/5
f 2778/4/5 2775/4/5 2777/4/5
f 2779/6/5 2773/6/5 2776/6/5
f 2780/6/5 2773/6/5 2779/6/5
f 2781/5/5 2778/5/5 2777/5/5
f 2782/5/5 2780/5/5 2779/5/5
f 2783/5/5 2780/5/5 2782/5/5
f 2784/5/5 2781/5/5 2777/5/5
f 2785/5/5 2781/5/5 2784/5/5
f 2786/7/5 2783/7/5 2782/7/5
f 2787/7/5 2783/7/5 2786/7/5
f 2790/7/6 2791/7/6 2792/7/6
f 2792/7/6 2791/7/6 2793/7/6
f 2788/5/6 2789/5/6 2794/5/6
f 2794/5/6 2789/5/6 2795/5/6
f 2792/6/6 2793/6/6 2796/6/6
f 2796/6/6 2793/6/6 2797/6/6
f 2794/6/6 2795/6/6 2798/6/6
f 2798/6/6 2795/6/6 2799/6/6
f 2796/7/6 2797/7/6 2800/7/6
f 2800/7/6 2797/7/6 2801/7/6
f 2798/5/6 2799/5/6 2802/5/6
f 2802/5/6 2799/5/6 2803/5/6
f 2802/6/6 2803/6/6 2804/6/6
f 2804/6/6 2803/6/6 2805/6/6
f 2800/6/6 2801/6/6 2806/6/6
f 2804/5/6 2805/5/6 2807/5/6
f 2807/5/6 2805/5/6 2808/5/6
f 2806/6/6 2801/6/6 2809/6/6
f 2807/6/6 2808/6/6 2810/6/6
f 2810/6/6 2808/6/6 2811/6/6
f 2809/6/6 2801/6/6 2812/6/6
f 2810/4/6 2811/4/6 2813/4/6
f 2812/6/6 2801/6/6 2814/6/6
f 2814/6/6 2801/6/6 2815/6/6
f 2810/4/6 2813/4/6 2816/4/6
f 2810/4/6 2816/4/6 2817/4/6
f 2817/4/6 2816/4/6 2818/4/6
f 2814/7/6 2815/7/6 2819/7/6
f 2817/6/6 2818/6/6 2820/6/6
f 2820/6/6 2818/6/6 2821/6/6
f 2819/7/6 2815/7/6 2822/7/6
f 2820/8/6 2821/8/6 2823/8/6
f 2823/8/6 2821/8/6 2824/8/6
f 2822/7/6 2815/7/6 2825/7/6
f 2825/7/6 2815/7/6 2826/7/6
f 2823/6/6 2824/6/6 2827/6/6
f 2827/6/6 2824/6/6 2828/6/6
f 2825/6/6 2826/6/6 2829/6/6
f 2829/6/6 2826/6/6 2830/6/6
f 2827/8/6 2828/8/6 2831/8/6
f 2831/8/6 2828/8/6 2832/8/6
f 2829/7/6 2830/7/6 2833/7/6
f 2833/7/6 2830/7/6 2834/7/6
f 2833/5/6 2834/5/6 2835/5/6
f 2831/7/6 2832/7/6 2836/7/6
f 2835/5/6 2834/5/6 2837/5/6
f 2837/5/6 2834/5/6 2838/5/6
f 2831/7/6 2836/7/6 2839/7/6
f 2839/7/6 2836/7/6 2840/7/6
f 2837/4/6 2838/4/6 2841/4/6
f 2841/4/6 2838/4/6 2842/4/6
f 2841/5/6 2842/5/6 2843/5/6
f 2843/5/6 2842/5/6 2844/5/6
f 2839/8/6 2840/8/6 2845/8/6
f 2845/8/6 2840/8/6 2846/8/6
f 2843/6/6 2844/6/6 2847/6/6
f 2847/6/6 2844/6/6 2848/6/6
f 2845/7/6 2846/7/6 2849/7/6
f 2847/5/6 2848/5/6 2850/5/6
f 2845/7/6 2849/7/6 2851/7/6
f 2851/7/6 2849/7/6 2852/7/6
f 2850/5/6 2848/5/6 2853/5/6
f 2851/8/6 2852/8/6 2854/8/6
f 2854/8/6 2852/8/6 2855/8/6
f 2853/5/6 2848/5/6 2856/5/6
f 2856/5/6 2848/5/6 2857/5/6
f 2854/7/6 2855/7/6 2858/7/6
f 2858/7/6 2855/7/6 2859/7/6
f 2856/6/6 2857/6/6 2860/6/6
f 2860/6/6 2857/6/6 2861/6/6
f 2858/6/6 2859/6/6 2862/6/6
f 2862/6/6 2859/6/6 2863/6/6
f 2860/4/6 2861/4/6 2864/4/6
f 2864/4/6 2861/4/6 2865/4/6
f 2862/7/6 2863/7/6 2866/7/6
f 2866/7/6 2863/7/6 2867/7/6
f 2864/5/6 2865/5/6 2868/5/6
f 2868/5/6 2865/5/6 2869/5/6
f 2866/8/6 2867/8/6 2870/8/6
f 2870/8/6 2867/8/6 2871/8/6
f 2868/6/6 2869/6/6 2872/6/6
f 2872/6/6 2869/6/6 2873/6/6
f 2872/5/6 2873/5/6 2874/5/6
f 2874/5/6 2873/5/6 2875/5/6
f 2870/6/6 2871/6/6 2876/6/6
f 2876/6/6 2871/6/6 2877/6/6
f 2874/6/6 2875/6/6 2878/6/6
f 2878/6/6 2875/6/6 2879/6/6
f 2876/7/6 2877/7/6 2880/7/6
f 2880/7/6 2877/7/6 2881/7/6
f 2880/6/6 2881/6/6 2882/6/6
f 2882/6/6 2881/6/6 2883/6/6
f 2878/5/6 2879/5/6 2884/5/6
f 2884/5/6 2879/5/6 2885/5/6
f 2882/7/6 2883/7/6 2886/7/6
f 2882/7/6 2886/7/6 2887/7/6
f 2884/4/6 2885/4/6 2888/4/6
f 2888/4/6 2885/4/6 2889/4/6
f 2888/5/6 2889/5/6 2890/5/6
f 2890/5/6 2889/5/6 2891/5/6
f 2882/7/6 2887/7/6 2892/7/6
f 2890/6/6 2891/6/6 2893/6/6
f 2893/6/6 2891/6/6 2894/6/6
f 2882/7/6 2892/7/6 2895/7/6
f 2895/7/6 2892/7/6 2896/7/6
f 2893/8/6 2894/8/6 2897/8/6
f 2897/8/6 2894/8/6 2898/8/6
f 2895/6/6 2896/6/6 2899/6/6
f 2899/6/6 2896/6/6 2900/6/6
f 2897/7/6 2898/7/6 2901/7/6
f 2901/7/6 2898/7/6 2902/7/6
f 2899/7/6 2900/7/6 2903/7/6
f 2903/7/6 2900/7/6 2904/7/6
f 2901/6/6 2902/6/6 2905/6/6
f 2903/6/6 2904/6/6 2906/6/6
f 2906/6/6 2904/6/6 2907/6/6
f 2905/6/6 2902/6/6 2908/6/6
f 2908/6/6 2902/6/6 2909/6/6
f 2906/7/6 2907/7/6 2910/7/6
f 2908/7/6 2909/7/6 2911/7/6
f 2906/7/6 2910/7/6 2912/7/6
f 2912/7/6 2910/7/6 2913/7/6
f 2911/7/6 2909/7/6 2914/7/6
f 2914/7/6 2909/7/6 2915/7/6
f 2912/6/6 2913/6/6 2916/6/6
f 2916/6/6 2913/6/6 2917/6/6
f 2914/6/6 2915/6/6 2918/6/6
f 2918/6/6 2915/6/6 2919/6/6
f 2916/7/6 2917/7/6 2920/7/6
f 2920/7/6 2917/7/6 2921/7/6
f 2920/6/6 2921/6/6 2922/6/6
f 2922/6/6 2921/6/6 2923/6/6
f 2918/7/6 2919/7/6 2924/7/6
f 2924/7/6 2919/7/6 2925/7/6
f 2922/5/6 2923/5/6 2926/5/6
f 2924/6/6 2925/6/6 2927/6/6
f 2922/5/6 2926/5/6 2928/5/6
f 2928/5/6 2926/5/6 2929/5/6
f 2928/6/6 2929/6/6 2930/6/6
f 2930/6/6 2929/6/6 2931/6/6
f 2927/6/6 2925/6/6 2932/6/6
f 2930/5/6 2931/5/6 2933/5/6
f 2933/5/6 2931/5/6 2934/5/6
f 2932/6/6 2925/6/6 2935/6/6
f 2933/7/6 2934/7/6 2936/7/6
f 2936/7/6 2934/7/6 2937/7/6
f 2936/5/6 2937/5/6 2938/5/6
f 2938/5/6 2937/5/6 2939/5/6
f 2935/6/6 2925/6/6 2940/6/6
f 2940/6/6 2925/6/6 2941/6/6
f 2938/7/6 2939/7/6 2942/7/6
f 2942/7/6 2939/7/6 2943/7/6
f 2940/5/6 2941/5/6 2944/5/6
f 2944/5/6 2941/5/6 2945/5/6
f 2942/4/6 2943/4/6 2946/4/6
f 2946/4/6 2943/4/6 2947/4/6
f 2944/7/6 2945/7/6 2948/7/6
f 2948/7/6 2945/7/6 2949/7/6
f 2946/5/6 2947/5/6 2950/5/6
f 2950/5/6 2947/5/6 2951/5/6
f 2948/6/6 2949/6/6 2952/6/6
f 2952/6/6 2949/6/6 2953/6/6
f 2950/6/6 2951/6/6 2954/6/6
f 2954/6/6 2951/6/6 2955/6/6
f 2952/5/6 2953/5/6 2956/5/6
f 2956/5/6 2953/5/6 2957/5/6
f 2954/5/6 2955/5/6 2958/5/6
f 2958/5/6 2955/5/6 2959/5/6
f 2956/7/6 2957/7/6 2960/7/6
f 2960/7/6 2957/7/6 2961/7/6
f 2958/6/6 2959/6/6 2962/6/6
f 2962/6/6 2959/6/6 2963/6/6
f 2960/5/6 2961/5/6 2964/5/6
f 2964/5/6 2961/5/6 2965/5/6
f 2962/5/6 2963/5/6 2966/5/6
f 2966/5/6 2963/5/6 2967/5/6
f 2964/6/6 2965/6/6 2968/6/6
f 2968/6/6 2965/6/6 2969/6/6
f 2966/4/6 2967/4/6 2970/4/6
f 2970/4/6 2967/4/6 2971/4/6
f 2968/5/6 2969/5/6 2972/5/6
f 2970/5/6 2971/5/6 2973/5/6
f 2972/5/6 2969/5/6 2974/5/6
f 2974/5/6 2969/5/6 2975/5/6
f 2970/5/6 2973/5/6 2976/5/6
f 2976/5/6 2973/5/6 2977/5/6
f 2974/6/6 2975/6/6 2978/6/6
f 2978/6/6 2975/6/6 2979/6/6
f 2976/6/6 2977/6/6 2980/6/6
f 2980/6/6 2977/6/6 2981/6/6
f 2978/7/6 2979/7/6 2982/7/6
f 2982/7/6 2979/7/6 2983/7/6
f 2980/4/6 2981/4/6 2984/4/6
f 2984/4/6 2981/4/6 2985/4/6
f 2982/8/6 2983/8/6 2986/8/6
f 2986/8/6 2983/8/6 2987/8/6
f 2984/6/6 2985/6/6 2988/6/6
f 2988/6/6 2985/6/6 2989/6/6
f 2986/6/6 2987/6/6 2990/6/6
f 2990/6/6 2987/6/6 2991/6/6
f 2990/8/6 2991/8/6 2992/8/6
f 2992/8/6 2991/8/6 2993/8/6
f 2988/5/6 2989/5/6 2994/5/6
f 2994/5/6 2989/5/6 2995/5/6
f 2992/7/6 2993/7/6 2996/7/6
f 2996/7/6 2993/7/6 2997/7/6
f 2994/6/6 2995/6/6 2998/6/6
f 2996/8/6 2997/8/6 2999/8/6
f 2999/8/6 2997/8/6 3000/8/6
f 2994/6/6 2998/6/6 3001/6/6
f 3001/6/6 2998/6/6 3002/6/6
f 2999/7/6 3000/7/6 3003/7/6
f 3003/7/6 3000/7/6 3004/7/6
f 3001/5/6 3002/5/6 3005/5/6
f 3005/5/6 3002/5/6 3006/5/6
f 3003/6/6 3004/6/6 3007/6/6
f 3005/6/6 3006/6/6 3008/6/6
f 3008/6/6 3006/6/6 3009/6/6
f 3007/6/6 3004/6/6 3010/6/6
f 3010/6/6 3004/6/6 3011/6/6
f 3008/4/6 3009/4/6 3012/4/6
f 3012/4/6 3009/4/6 3013/4/6
f 3010/7/6 3011/7/6 3014/7/6
f 3014/7/6 3011/7/6 3015/7/6
f 3012/7/6 3013/7/6 3016/7/6
f 3014/5/6 3015/5/6 3017/5/6
f 3012/7/6 3016/7/6 3018/7/6
f 3018/7/6 3016/7/6 3019/7/6
f 3018/5/6 3019/5/6 3020/5/6
f 3017/5/6 3015/5/6 3021/5/6
f 3021/5/6 3015/5/6 3022/5/6
f 3018/5/6 3020/5/6 3023/5/6
f 3023/5/6 3020/5/6 3024/5/6
f 3021/6/6 3022/6/6 3025/6/6
f 3023/6/6 3024/6/6 3026/6/6
f 3025/6/6 3022/6/6 3027/6/6
f 3027/6/6 3022/6/6 3028/6/6
f 3023/6/6 3026/6/6 3029/6/6
f 3029/6/6 3026/6/6 3030/6/6
f 3027/5/6 3028/5/6 3031/5/6
f 3029/7/6 3030/7/6 3032/7/6
f 3031/5/6 3028/5/6 3033/5/6
f 3029/7/6 3032/7/6 3034/7/6
f 3034/7/6 3032/7/6 3035/7/6
f 3033/5/6 3028/5/6 3036/5/6
f 3034/5/6 3035/5/6 3037/5/6
f 3037/5/6 3035/5/6 3038/5/6
f 3037/6/6 3038/6/6 3039/6/6
f 3036/5/6 3028/5/6 3040/5/6
f 3040/5/6 3028/5/6 3041/5/6
f 3037/6/6 3039/6/6 3042/6/6
f 3042/6/6 3039/6/6 3043/6/6
f 3042/5/6 3043/5/6 3044/5/6
f 3044/5/6 3043/5/6 3045/5/6
f 3040/6/6 3041/6/6 3046/6/6
f 3046/6/6 3041/6/6 3047/6/6
f 3044/4/6 3045/4/6 3048/4/6
f 3048/4/6 3045/4/6 3049/4/6
f 3048/5/6 3049/5/6 3050/5/6
f 3050/5/6 3049/5/6 3051/5/6
f 3046/5/6 3047/5/6 3052/5/6
f 3052/5/6 3047/5/6 3053/5/6
f 3050/6/6 3051/6/6 3054/6/6
f 3052/6/6 3053/6/6 3055/6/6
f 3055/6/6 3053/6/6 3056/6/6
f 3050/6/6 3054/6/6 3057/6/6
f 3057/6/6 3054/6/6 3058/6/6
f 3055/5/6 3056/5/6 3059/5/6
f 3059/5/6 3056/5/6 3060/5/6
f 3057/5/6 3058/5/6 3061/5/6
f 3059/4/6 3060/4/6 3062/4/6
f 3062/4/6 3060/4/6 3063/4/6
f 3057/5/6 3061/5/6 3064/5/6
f 3062/5/6 3063/5/6 3065/5/6
f 3065/5/6 3063/5/6 3066/5/6
f 3057/5/6 3064/5/6 3067/5/6
f 3067/5/6 3064/5/6 3068/5/6
f 3065/4/6 3066/4/6 3069/4/6
f 3069/4/6 3066/4/6 3070/4/6
f 3067/4/6 3068/4/6 3071/4/6
f 3071/4/6 3068/4/6 3072/4/6
f 3069/5/6 3070/5/6 3073/5/6
f 3071/6/6 3072/6/6 3074/6/6
f 3073/5/6 3070/5/6 3075/5/6
f 3075/5/6 3070/5/6 3076/5/6
f 3075/6/6 3076/6/6 3077/6/6
f 3077/6/6 3076/6/6 3078/6/6
f 3071/6/6 3074/6/6 3079/6/6
f 3079/6/6 3074/6/6 3080/6/6
f 3077/7/6 3078/7/6 3081/7/6
f 3079/7/6 3080/7/6 3082/7/6
f 3082/7/6 3080/7/6 3083/7/6
f 3081/7/6 3078/7/6 3084/7/6
f 3084/7/6 3078/7/6 3085/7/6
f 3082/6/6 3083/6/6 3086/6/6
f 3084/5/6 3085/5/6 3087/5/6
f 3087/5/6 3085/5/6 3088/5/6
f 3082/6/6 3086/6/6 3089/6/6
f 3087/7/6 3088/7/6 3090/7/6
f 3082/6/6 3089/6/6 3091/6/6
f 3091/6/6 3089/6/6 3092/6/6
f 3090/7/6 3088/7/6 3093/7/6
f 3093/7/6 3088/7/6 3094/7/6
f 3091/7/6 3092/7/6 3095/7/6
f 3091/7/6 3095/7/6 3096/7/6
f 3096/7/6 3095/7/6 3097/7/6
f 3093/5/6 3094/5/6 3098/5/6
f 3098/5/6 3094/5/6 3099/5/6
f 3096/6/6 3097/6/6 3100/6/6
f 3100/6/6 3097/6/6 3101/6/6
f 3098/4/6 3099/4/6 3102/4/6
f 3102/4/6 3099/4/6 3103/4/6
f 3100/7/6 3101/7/6 3104/7/6
f 3104/7/6 3101/7/6 3105/7/6
f 3102/5/6 3103/5/6 3106/5/6
f 3106/5/6 3103/5/6 3107/5/6
f 3104/8/6 3105/8/6 3108/8/6
f 3104/8/6 3108/8/6 3109/8/6
f 3109/8/6 3108/8/6 3110/8/6
f 3109/6/6 3110/6/6 3111/6/6
f 3111/6/6 3110/6/6 3112/6/6
f 3106/6/6 3107/6/6 3113/6/6
f 3111/7/6 3112/7/6 3114/7/6
f 3114/7/6 3112/7/6 3115/7/6
f 3113/6/6 3107/6/6 3116/6/6
f 3116/6/6 3107/6/6 3117/6/6
f 3116/4/6 3117/4/6 3118/4/6
f 3118/4/6 3117/4/6 3119/4/6
f 3114/8/6 3115/8/6 3120/8/6
f 3120/8/6 3115/8/6 3121/8/6
f 3118/5/6 3119/5/6 3122/5/6
f 3122/5/6 3119/5/6 3123/5/6
f 3120/6/6 3121/6/6 3124/6/6
f 3122/4/6 3123/4/6 3125/4/6
f 3125/4/6 3123/4/6 3126/4/6
f 3120/6/6 3124/6/6 3127/6/6
f 3127/6/6 3124/6/6 3128/6/6
f 3125/6/6 3126/6/6 3129/6/6
f 3127/8/6 3128/8/6 3130/8/6
f 3130/8/6 3128/8/6 3131/8/6
f 3129/6/6 3126/6/6 3132/6/6
f 3132/6/6 3126/6/6 3133/6/6
f 3130/6/6 3131/6/6 3134/6/6
f 3134/6/6 3131/6/6 3135/6/6
f 3134/7/6 3135/7/6 3136/7/6
f 3136/7/6 3135/7/6 3137/7/6
f 3132/5/6 3133/5/6 3138/5/6
f 3136/6/6 3137/6/6 3139/6/6
f 3138/5/6 3133/5/6 3140/5/6
f 3140/5/6 3133/5/6 3141/5/6
f 3136/6/6 3139/6/6 3142/6/6
f 3142/6/6 3139/6/6 3143/6/6
f 3140/6/6 3141/6/6 3144/6/6
f 3142/7/6 3143/7/6 3145/7/6
f 3145/7/6 3143/7/6 3146/7/6
f 3144/6/6 3141/6/6 3147/6/6
f 3145/6/6 3146/6/6 3148/6/6
f 3148/6/6 3146/6/6 3149/6/6
f 3147/6/6 3141/6/6 3150/6/6
f 3148/7/6 3149/7/6 3151/7/6
f 3150/6/6 3141/6/6 3152/6/6
f 3152/6/6 3141/6/6 3153/6/6
f 3148/7/6 3151/7/6 3154/7/6
f 3154/7/6 3151/7/6 3155/7/6
f 3152/5/6 3153/5/6 3156/5/6
f 3156/5/6 3153/5/6 3157/5/6
f 3154/6/6 3155/6/6 3158/6/6
f 3158/6/6 3155/6/6 3159/6/6
f 3158/7/6 3159/7/6 3160/7/6
f 3160/7/6 3159/7/6 3161/7/6
f 3156/6/6 3157/6/6 3162/6/6
f 3162/6/6 3157/6/6 3163/6/6
f 3160/6/6 3161/6/6 3164/6/6
f 3164/6/6 3161/6/6 3165/6/6
f 3162/7/6 3163/7/6 3166/7/6
f 3164/7/6 3165/7/6 3167/7/6
f 3164/7/6 3167/7/6 3168/7/6
f 3166/7/6 3163/7/6 3169/7/6
f 3164/7/6 3168/7/6 3170/7/6
f 3170/7/6 3168/7/6 3171/7/6
f 3169/7/6 3163/7/6 3172/7/6
f 3172/7/6 3163/7/6 3173/7/6
f 3170/6/6 3171/6/6 3174/6/6
f 3174/6/6 3171/6/6 3175/6/6
f 3172/6/6 3173/6/6 3176/6/6
f 3176/6/6 3173/6/6 3177/6/6
f 3178/5/6 3179/5/6 3181/5/6
f 3179/7/6 3180/7/6 3182/7/6
f 3181/5/6 3179/5/6 3182/5/6
f 3182/7/6 3180/7/6 3183/7/6
f 3178/5/6 3181/5/6 3184/5/6
f 3181/7/6 3182/7/6 3184/7/6
f 3182/6/6 3183/6/6 3185/6/6
f 3184/7/6 3182/7/6 3185/7/6
f 3185/6/6 3183/6/6 3186/6/6
f 3178/5/6 3184/5/6 3187/5/6
f 3184/6/6 3185/6/6 3188/6/6
f 3187/5/6 3184/5/6 3188/5/6
f 3185/5/6 3186/5/6 3189/5/6
f 3188/6/6 3185/6/6 3189/6/6
f 3186/6/6 3183/6/6 3190/6/6
f 3189/5/6 3186/5/6 3190/5/6
f 3187/4/6 3188/4/6 3191/4/6
f 3188/7/6 3189/7/6 3192/7/6
f 3191/4/6 3188/4/6 3192/4/6
f 3189/4/6 3190/4/6 3193/4/6
f 3192/7/6 3189/7/6 3193/7/6
f 3190/6/6 3183/6/6 3194/6/6
f 3193/4/6 3190/4/6 3194/4/6
f 3194/6/6 3183/6/6 3195/6/6
f 3191/5/6 3192/5/6 3196/5/6
f 3192/8/6 3193/8/6 3197/8/6
f 3196/5/6 3192/5/6 3197/5/6
f 3193/5/6 3194/5/6 3198/5/6
f 3194/7/6 3195/7/6 3198/7/6
f 3198/7/6 3195/7/6 3199/7/6
f 3196/4/6 3197/4/6 3200/4/6
f 3197/8/6 3193/8/6 3201/8/6
f 3200/4/6 3197/4/6 3201/4/6
f 3193/5/6 3198/5/6 3202/5/6
f 3201/8/6 3193/8/6 3202/8/6
f 3198/6/6 3199/6/6 3203/6/6
f 3202/5/6 3198/5/6 3203/5/6
f 3203/6/6 3199/6/6 3204/6/6
f 3200/6/6 3201/6/6 3205/6/6
f 3201/7/6 3202/7/6 3206/7/6
f 3205/6/6 3201/6/6 3206/6/6
f 3202/6/6 3203/6/6 3207/6/6
f 3206/7/6 3202/7/6 3207/7/6
f 3203/8/6 3204/8/6 3208/8/6
f 3207/6/6 3203/6/6 3208/6/6
f 3208/8/6 3204/8/6 3209/8/6
f 3205/5/6 3206/5/6 3210/5/6
f 3206/8/6 3207/8/6 3211/8/6
f 3210/5/6 3206/5/6 3211/5/6
f 3207/6/6 3208/6/6 3212/6/6
f 3211/8/6 3207/8/6 3212/8/6
f 3210/4/6 3211/4/6 3213/4/6
f 3211/6/6 3212/6/6 3214/6/6
f 3213/4/6 3211/4/6 3214/4/6
f 3212/6/6 3208/6/6 3215/6/6
f 3214/6/6 3212/6/6 3215/6/6
f 3208/7/6 3209/7/6 3216/7/6
f 3215/6/6 3208/6/6 3216/6/6
f 3216/7/6 3209/7/6 3217/7/6
f 3213/5/6 3214/5/6 3218/5/6
f 3214/8/6 3215/8/6 3218/8/6
f 3216/6/6 3217/6/6 3219/6/6
f 3218/8/6 3215/8/6 3219/8/6
f 3215/6/6 3216/6/6 3219/6/6
f 3219/6/6 3217/6/6 3220/6/6
f 3218/7/6 3219/7/6 3221/7/6
f 3219/7/6 3220/7/6 3221/7/6
f 3221/7/6 3220/7/6 3222/7/6
f 3213/5/6 3218/5/6 3223/5/6
f 3218/7/6 3221/7/6 3224/7/6
f 3223/5/6 3218/5/6 3224/5/6
f 3221/5/6 3222/5/6 3225/5/6
f 3224/7/6 3221/7/6 3225/7/6
f 3222/7/6 3220/7/6 3226/7/6
f 3225/5/6 3222/5/6 3226/5/6
f 3226/7/6 3220/7/6 3227/7/6
f 3224/5/6 3225/5/6 3228/5/6
f 3223/4/6 3224/4/6 3228/4/6
f 3225/5/6 3226/5/6 3228/5/6
f 3228/5/6 3226/5/6 3229/5/6
f 3226/6/6 3227/6/6 3230/6/6
f 3229/5/6 3226/5/6 3230/5/6
f 3228/4/6 3229/4/6 3231/4/6
f 3223/4/6 3228/4/6 3231/4/6
f 3229/6/6 3230/6/6 3232/6/6
f 3231/4/6 3229/4/6 3232/4/6
f 3230/6/6 3227/6/6 3233/6/6
f 3232/6/6 3230/6/6 3233/6/6
f 3233/6/6 3227/6/6 3234/6/6
f 3223/4/6 3231/4/6 3235/4/6
f 3231/5/6 3232/5/6 3236/5/6
f 3235/4/6 3231/4/6 3236/4/6
f 3232/5/6 3233/5/6 3236/5/6
f 3233/8/6 3234/8/6 3237/8/6
f 3236/5/6 3233/5/6 3237/5/6
f 3237/8/6 3234/8/6 3238/8/6
f 3235/6/6 3236/6/6 3239/6/6
f 3236/5/6 3237/5/6 3240/5/6
f 3239/6/6 3236/6/6 3240/6/6
f 3237/5/6 3238/5/6 3240/5/6
f 3240/5/6 3238/5/6 3241/5/6
f 3241/5/6 3238/5/6 3242/5/6
f 3239/5/6 3240/5/6 3243/5/6
f 3240/6/6 3241/6/6 3243/6/6
f 3241/4/6 3242/4/6 3244/4/6
f 3243/6/6 3241/6/6 3244/6/6
f 3244/4/6 3242/4/6 3245/4/6
f 3239/5/6 3243/5/6 3246/5/6
f 3243/5/6 3244/5/6 3246/5/6
f 3244/5/6 3245/5/6 3246/5/6
f 3246/5/6 3245/5/6 3247/5/6
f 3247/5/6 3245/5/6 3248/5/6
f 3239/5/6 3246/5/6 3249/5/6
f 3246/6/6 3247/6/6 3250/6/6
f 3249/5/6 3246/5/6 3250/5/6
f 3247/4/6 3248/4/6 3251/4/6
f 3250/6/6 3247/6/6 3251/6/6
f 3249/4/6 3250/4/6 3252/4/6
f 3250/5/6 3251/5/6 3253/5/6
f 3252/4/6 3250/4/6 3253/4/6
f 3251/4/6 3248/4/6 3254/4/6
f 3253/5/6 3251/5/6 3254/5/6
f 3248/5/6 3245/5/6 3255/5/6
f 3254/4/6 3248/4/6 3255/4/6
f 3255/5/6 3245/5/6 3256/5/6
f 3252/5/6 3253/5/6 3257/5/6
f 3253/4/6 3254/4/6 3258/4/6
f 3257/5/6 3253/5/6 3258/5/6
f 3254/6/6 3255/6/6 3259/6/6
f 3258/4/6 3254/4/6 3259/4/6
f 3255/6/6 3256/6/6 3259/6/6
f 3259/6/6 3256/6/6 3260/6/6
f 3260/6/6 3256/6/6 3261/6/6
f 3257/4/6 3258/4/6 3262/4/6
f 3258/5/6 3259/5/6 3263/5/6
f 3262/4/6 3258/4/6 3263/4/6
f 3259/6/6 3260/6/6 3264/6/6
f 3263/5/6 3259/5/6 3264/5/6
f 3260/5/6 3261/5/6 3265/5/6
f 3264/6/6 3260/6/6 3265/6/6
f 3265/5/6 3261/5/6 3266/5/6
f 3262/7/6 3263/7/6 3267/7/6
f 3263/4/6 3264/4/6 3268/4/6
f 3267/7/6 3263/7/6 3268/7/6
f 3264/5/6 3265/5/6 3269/5/6
f 3268/4/6 3264/4/6 3269/4/6
f 3265/4/6 3266/4/6 3270/4/6
f 3269/5/6 3265/5/6 3270/5/6
f 3270/4/6 3266/4/6 3271/4/6
f 3267/8/6 3268/8/6 3272/8/6
f 3268/5/6 3269/5/6 3273/5/6
f 3272/8/6 3268/8/6 3273/8/6
f 3269/6/6 3270/6/6 3274/6/6
f 3273/5/6 3269/5/6 3274/5/6
f 3270/5/6 3271/5/6 3275/5/6
f 3274/6/6 3270/6/6 3275/6/6
f 3272/6/6 3273/6/6 3276/6/6
f 3273/4/6 3274/4/6 3277/4/6
f 3276/6/6 3273/6/6 3277/6/6
f 3274/5/6 3275/5/6 3278/5/6
f 3277/4/6 3274/4/6 3278/4/6
f 3275/5/6 3271/5/6 3279/5/6
f 3278/5/6 3275/5/6 3279/5/6
f 3277/4/6 3278/4/6 3280/4/6
f 3278/4/6 3279/4/6 3280/4/6
f 3280/4/6 3279/4/6 3281/4/6
f 3276/7/6 3277/7/6 3282/7/6
f 3277/4/6 3280/4/6 3283/4/6
f 3282/7/6 3277/7/6 3283/7/6
f 3280/5/6 3281/5/6 3284/5/6
f 3283/4/6 3280/4/6 3284/4/6
f 3282/6/6 3283/6/6 3285/6/6
f 3283/5/6 3284/5/6 3286/5/6
f 3285/6/6 3283/6/6 3286/6/6
f 3284/5/6 3281/5/6 3287/5/6
f 3286/5/6 3284/5/6 3287/5/6
f 3285/7/6 3286/7/6 3288/7/6
f 3286/7/6 3287/7/6 3288/7/6
f 3288/7/6 3287/7/6 3289/7/6
f 3287/5/6 3281/5/6 3290/5/6
f 3289/7/6 3287/7/6 3290/7/6
f 3290/5/6 3281/5/6 3291/5/6
f 3288/6/6 3289/6/6 3292/6/6
f 3289/7/6 3290/7/6 3293/7/6
f 3292/6/6 3289/6/6 3293/6/6
f 3290/4/6 3291/4/6 3294/4/6
f 3293/7/6 3290/7/6 3294/7/6
f 3294/4/6 3291/4/6 3295/4/6
f 3292/7/6 3293/7/6 3296/7/6
f 3293/7/6 3294/7/6 3296/7/6
f 3296/7/6 3294/7/6 3297/7/6
f 3294/5/6 3295/5/6 3298/5/6
f 3297/7/6 3294/7/6 3298/7/6
f 3295/4/6 3291/4/6 3299/4/6
f 3298/5/6 3295/5/6 3299/5/6
f 3297/6/6 3298/6/6 3300/6/6
f 3296/5/6 3297/5/6 3300/5/6
f 3298/6/6 3299/6/6 3300/6/6
f 3300/6/6 3299/6/6 3301/6/6
f 3299/4/6 3291/4/6 3302/4/6
f 3301/6/6 3299/6/6 3302/6/6
f 3302/4/6 3291/4/6 3303/4/6
f 3296/5/6 3300/5/6 3304/5/6
f 3300/7/6 3301/7/6 3305/7/6
f 3304/5/6 3300/5/6 3305/5/6
f 3301/5/6 3302/5/6 3306/5/6
f 3305/7/6 3301/7/6 3306/7/6
f 3302/7/6 3303/7/6 3307/7/6
f 3306/5/6 3302/5/6 3307/5/6
f 3307/7/6 3303/7/6 3308/7/6
f 3304/6/6 3305/6/6 3309/6/6
f 3305/7/6 3306/7/6 3310/7/6
f 3309/6/6 3305/6/6 3310/6/6
f 3306/6/6 3307/6/6 3311/6/6
f 3310/7/6 3306/7/6 3311/7/6
f 3307/6/6 3308/6/6 3311/6/6
f 3311/6/6 3308/6/6 3312/6/6
f 3312/6/6 3308/6/6 3313/6/6
f 3309/5/6 3310/5/6 3314/5/6
f 3310/6/6 3311/6/6 3315/6/6
f 3314/5/6 3310/5/6 3315/5/6
f 3311/6/6 3312/6/6 3315/6/6
f 3312/8/6 3313/8/6 3316/8/6
f 3315/6/6 3312/6/6 3316/6/6
f 3316/8/6 3313/8/6 3317/8/6
f 3314/4/6 3315/4/6 3318/4/6
f 3315/7/6 3316/7/6 3319/7/6
f 3318/4/6 3315/4/6 3319/4/6
f 3316/7/6 3317/7/6 3319/7/6
f 3319/7/6 3317/7/6 3320/7/6
f 3320/7/6 3317/7/6 3321/7/6
f 3321/7/6 3317/7/6 3322/7/6
f 3318/6/6 3319/6/6 3323/6/6
f 3319/8/6 3320/8/6 3324/8/6
f 3323/6/6 3319/6/6 3324/6/6
f 3320/7/6 3321/7/6 3325/7/6
f 3324/8/6 3320/8/6 3325/8/6
f 3321/8/6 3322/8/6 3326/8/6
f 3325/7/6 3321/7/6 3326/7/6
f 3326/8/6 3322/8/6 3327/8/6
f 3323/4/6 3324/4/6 3328/4/6
f 3324/7/6 3325/7/6 3329/7/6
f 3328/4/6 3324/4/6 3329/4/6
f 3325/5/6 3326/5/6 3330/5/6
f 3329/7/6 3325/7/6 3330/7/6
f 3326/6/6 3327/6/6 3331/6/6
f 3330/5/6 3326/5/6 3331/5/6
f 3331/6/6 3327/6/6 3332/6/6
f 3328/5/6 3329/5/6 3333/5/6
f 3329/7/6 3330/7/6 3333/7/6
f 3330/6/6 3331/6/6 3334/6/6
f 3333/7/6 3330/7/6 3334/7/6
f 3331/7/6 3332/7/6 3335/7/6
f 3334/6/6 3331/6/6 3335/6/6
f 3333/6/6 3334/6/6 3335/6/6
f 3335/7/6 3332/7/6 3336/7/6
f 3328/5/6 3333/5/6 3337/5/6
f 3333/6/6 3335/6/6 3338/6/6
f 3337/5/6 3333/5/6 3338/5/6
f 3335/6/6 3336/6/6 3338/6/6
f 3338/6/6 3336/6/6 3339/6/6
f 3337/6/6 3338/6/6 3340/6/6
f 3338/7/6 3339/7/6 3341/7/6
f 3340/6/6 3338/6/6 3341/6/6
f 3339/6/6 3336/6/6 3342/6/6
f 3341/7/6 3339/7/6 3342/7/6
f 3342/6/6 3336/6/6 3343/6/6
f 3340/4/6 3341/4/6 3344/4/6
f 3341/7/6 3342/7/6 3345/7/6
f 3344/4/6 3341/4/6 3345/4/6
f 3342/7/6 3343/7/6 3345/7/6
f 3345/7/6 3343/7/6 3346/7/6
f 3346/7/6 3343/7/6 3347/7/6
f 3344/5/6 3345/5/6 3348/5/6
f 3345/6/6 3346/6/6 3349/6/6
f 3348/5/6 3345/5/6 3349/5/6
f 3348/6/6 3349/6/6 3350/6/6
f 3349/6/6 3346/6/6 3351/6/6
f 3350/6/6 3349/6/6 3351/6/6
f 3351/6/6 3346/6/6 3352/6/6
f 3346/8/6 3347/8/6 3353/8/6
f 3352/6/6 3346/6/6 3353/6/6
f 3353/8/6 3347/8/6 3354/8/6
f 3351/6/6 3352/6/6 3355/6/6
f 3350/5/6 3351/5/6 3355/5/6
f 3352/8/6 3353/8/6 3356/8/6
f 3355/6/6 3352/6/6 3356/6/6
f 3353/7/6 3354/7/6 3357/7/6
f 3356/8/6 3353/8/6 3357/8/6
f 3357/7/6 3354/7/6 3358/7/6
f 3355/5/6 3356/5/6 3359/5/6
f 3350/5/6 3355/5/6 3359/5/6
f 3359/5/6 3356/5/6 3360/5/6
f 3357/6/6 3358/6/6 3361/6/6
f 3360/5/6 3356/5/6 3361/5/6
f 3356/6/6 3357/6/6 3361/6/6
f 3361/6/6 3358/6/6 3362/6/6
f 3359/6/6 3360/6/6 3363/6/6
f 3360/7/6 3361/7/6 3364/7/6
f 3363/6/6 3360/6/6 3364/6/6
f 3361/7/6 3362/7/6 3364/7/6
f 3364/7/6 3362/7/6 3365/7/6
f 3362/6/6 3358/6/6 3366/6/6
f 3365/7/6 3362/7/6 3366/7/6
f 3366/6/6 3358/6/6 3367/6/6
f 3364/6/6 3365/6/6 3368/6/6
f 3363/5/6 3364/5/6 3368/5/6
f 3365/7/6 3366/7/6 3369/7/6
f 3368/6/6 3365/6/6 3369/6/6
f 3366/8/6 3367/8/6 3370/8/6
f 3369/7/6 3366/7/6 3370/7/6
f 3370/8/6 3367/8/6 3371/8/6
f 3368/5/6 3369/5/6 3372/5/6
f 3363/5/6 3368/5/6 3372/5/6
f 3370/6/6 3371/6/6 3373/6/6
f 3372/5/6 3369/5/6 3373/5/6
f 3369/6/6 3370/6/6 3373/6/6
f 3373/6/6 3371/6/6 3374/6/6
f 3374/6/6 3371/6/6 3375/6/6
f 3363/5/6 3372/5/6 3376/5/6
f 3372/7/6 3373/7/6 3377/7/6
f 3376/5/6 3372/5/6 3377/5/6
f 3373/7/6 3374/7/6 3377/7/6
f 3377/7/6 3374/7/6 3378/7/6
f 3374/8/6 3375/8/6 3379/8/6
f 3378/7/6 3374/7/6 3379/7/6
f 3379/8/6 3375/8/6 3380/8/6
f 3376/6/6 3377/6/6 3381/6/6
f 3377/7/6 3378/7/6 3382/7/6
f 3381/6/6 3377/6/6 3382/6/6
f 3378/6/6 3379/6/6 3383/6/6
f 3382/7/6 3378/7/6 3383/7/6
f 3379/6/6 3380/6/6 3383/6/6
f 3383/6/6 3380/6/6 3384/6/6
f 3384/6/6 3380/6/6 3385/6/6
f 3381/5/6 3382/5/6 3386/5/6
f 3382/7/6 3383/7/6 3387/7/6
f 3386/5/6 3382/5/6 3387/5/6
f 3383/5/6 3384/5/6 3388/5/6
f 3387/7/6 3383/7/6 3388/7/6
f 3384/7/6 3385/7/6 3389/7/6
f 3388/5/6 3384/5/6 3389/5/6
f 3386/7/6 3387/7/6 3390/7/6
f 3387/5/6 3388/5/6 3391/5/6
f 3390/7/6 3387/7/6 3391/7/6
f 3388/6/6 3389/6/6 3392/6/6
f 3391/5/6 3388/5/6 3392/5/6
f 3389/7/6 3385/7/6 3393/7/6
f 3392/6/6 3389/6/6 3393/6/6
f 3393/7/6 3385/7/6 3394/7/6
f 3390/5/6 3391/5/6 3395/5/6
f 3391/6/6 3392/6/6 3396/6/6
f 3395/5/6 3391/5/6 3396/5/6
f 3392/5/6 3393/5/6 3397/5/6
f 3396/6/6 3392/6/6 3397/6/6
f 3393/6/6 3394/6/6 3398/6/6
f 3397/5/6 3393/5/6 3398/5/6
f 3398/6/6 3394/6/6 3399/6/6
f 3395/7/6 3396/7/6 3400/7/6
f 3396/5/6 3397/5/6 3401/5/6
f 3400/7/6 3396/7/6 3401/7/6
f 3400/6/6 3401/6/6 3402/6/6
f 3401/5/6 3397/5/6 3403/5/6
f 3402/6/6 3401/6/6 3403/6/6
f 3397/6/6 3398/6/6 3404/6/6
f 3403/5/6 3397/5/6 3404/5/6
f 3398/8/6 3399/8/6 3405/8/6
f 3404/6/6 3398/6/6 3405/6/6
f 3403/6/6 3404/6/6 3405/6/6
f 3405/8/6 3399/8/6 3406/8/6
f 3402/5/6 3403/5/6 3407/5/6
f 3403/6/6 3405/6/6 3407/6/6
f 3405/7/6 3406/7/6 3408/7/6
f 3407/6/6 3405/6/6 3408/6/6
f 3408/7/6 3406/7/6 3409/7/6
f 3407/5/6 3408/5/6 3410/5/6
f 3408/8/6 3409/8/6 3411/8/6
f 3410/5/6 3408/5/6 3411/5/6
f 3402/5/6 3407/5/6 3412/5/6
f 3407/5/6 3410/5/6 3412/5/6
f 3410/4/6 3411/4/6 3413/4/6
f 3412/5/6 3410/5/6 3413/5/6
f 3411/8/6 3409/8/6 3414/8/6
f 3413/4/6 3411/4/6 3414/4/6
f 3414/8/6 3409/8/6 3415/8/6
f 3412/6/6 3413/6/6 3416/6/6
f 3413/4/6 3414/4/6 3416/4/6
f 3414/5/6 3415/5/6 3417/5/6
f 3416/4/6 3414/4/6 3417/4/6
f 3417/5/6 3415/5/6 3418/5/6
f 3402/5/6 3412/5/6 3419/5/6
f 3412/6/6 3416/6/6 3420/6/6
f 3419/5/6 3412/5/6 3420/5/6
f 3416/5/6 3417/5/6 3421/5/6
f 3420/6/6 3416/6/6 3421/6/6
f 3417/6/6 3418/6/6 3422/6/6
f 3421/5/6 3417/5/6 3422/5/6
f 3419/6/6 3420/6/6 3423/6/6
f 3420/6/6 3421/6/6 3423/6/6
f 3421/4/6 3422/4/6 3424/4/6
f 3423/6/6 3421/6/6 3424/6/6
f 3422/6/6 3418/6/6 3425/6/6
f 3424/4/6 3422/4/6 3425/4/6
f 3419/6/6 3423/6/6 3426/6/6
f 3423/7/6 3424/7/6 3427/7/6
f 3426/6/6 3423/6/6 3427/6/6
f 3424/6/6 3425/6/6 3428/6/6
f 3427/7/6 3424/7/6 3428/7/6
f 3425/6/6 3418/6/6 3429/6/6
f 3428/6/6 3425/6/6 3429/6/6
f 3426/4/6 3427/4/6 3430/4/6
f 3427/8/6 3428/8/6 3431/8/6
f 3430/4/6 3427/4/6 3431/4/6
f 3428/5/6 3429/5/6 3432/5/6
f 3431/8/6 3428/8/6 3432/8/6
f 3429/6/6 3418/6/6 3433/6/6
f 3432/5/6 3429/5/6 3433/5/6
f 3433/6/6 3418/6/6 3434/6/6
f 3430/5/6 3431/5/6 3435/5/6
f 3431/7/6 3432/7/6 3436/7/6
f 3435/5/6 3431/5/6 3436/5/6
f 3432/5/6 3433/5/6 3437/5/6
f 3436/7/6 3432/7/6 3437/7/6
f 3433/7/6 3434/7/6 3438/7/6
f 3437/5/6 3433/5/6 3438/5/6
f 3438/7/6 3434/7/6 3439/7/6
f 3435/4/6 3436/4/6 3440/4/6
f 3436/6/6 3437/6/6 3441/6/6
f 3440/4/6 3436/4/6 3441/4/6
f 3437/6/6 3438/6/6 3441/6/6
f 3438/5/6 3439/5/6 3442/5/6
f 3441/6/6 3438/6/6 3442/6/6
f 3442/5/6 3439/5/6 3443/5/6
f 3440/5/6 3441/5/6 3444/5/6
f 3441/6/6 3442/6/6 3445/6/6
f 3444/5/6 3441/5/6 3445/5/6
f 3442/6/6 3443/6/6 3445/6/6
f 3445/6/6 3443/6/6 3446/6/6
f 3446/6/6 3443/6/6 3447/6/6
f 3447/6/6 3443/6/6 3448/6/6
f 3444/4/6 3445/4/6 3449/4/6
f 3445/8/6 3446/8/6 3450/8/6
f 3449/4/6 3445/4/6 3450/4/6
f 3446/5/6 3447/5/6 3451/5/6
f 3450/8/6 3446/8/6 3451/8/6
f 3449/5/6 3450/5/6 3452/5/6
f 3450/6/6 3451/6/6 3453/6/6
f 3452/5/6 3450/5/6 3453/5/6
f 3451/5/6 3447/5/6 3454/5/6
f 3453/6/6 3451/6/6 3454/6/6
f 3447/7/6 3448/7/6 3455/7/6
f 3454/5/6 3447/5/6 3455/5/6
f 3455/7/6 3448/7/6 3456/7/6
f 3452/6/6 3453/6/6 3457/6/6
f 3453/7/6 3454/7/6 3458/7/6
f 3457/6/6 3453/6/6 3458/6/6
f 3454/5/6 3455/5/6 3459/5/6
f 3455/5/6 3456/5/6 3459/5/6
f 3459/5/6 3456/5/6 3460/5/6
f 3457/5/6 3458/5/6 3461/5/6
f 3458/7/6 3454/7/6 3462/7/6
f 3461/5/6 3458/5/6 3462/5/6
f 3454/5/6 3459/5/6 3463/5/6
f 3462/7/6 3454/7/6 3463/7/6
f 3459/6/6 3460/6/6 3464/6/6
f 3463/5/6 3459/5/6 3464/5/6
f 3464/6/6 3460/6/6 3465/6/6
f 3461/6/6 3462/6/6 3466/6/6
f 3462/7/6 3463/7/6 3466/7/6
f 3463/6/6 3464/6/6 3467/6/6
f 3466/7/6 3463/7/6 3467/7/6
f 3464/7/6 3465/7/6 3468/7/6
f 3467/6/6 3464/6/6 3468/6/6
f 3468/7/6 3465/7/6 3469/7/6
f 3466/6/6 3467/6/6 3470/6/6
f 3461/6/6 3466/6/6 3470/6/6
f 3470/6/6 3467/6/6 3471/6/6
f 3468/5/6 3469/5/6 3472/5/6
f 3471/6/6 3467/6/6 3472/6/6
f 3467/5/6 3468/5/6 3472/5/6
f 3472/5/6 3469/5/6 3473/5/6
f 3471/7/6 3472/7/6 3474/7/6
f 3472/6/6 3473/6/6 3474/6/6
f 3474/6/6 3473/6/6 3475/6/6
f 3475/6/6 3473/6/6 3476/6/6
f 3471/7/6 3474/7/6 3477/7/6
f 3474/4/6 3475/4/6 3477/4/6
f 3475/5/6 3476/5/6 3478/5/6
f 3477/4/6 3475/4/6 3478/4/6
f 3470/4/6 3471/4/6 3479/4/6
f 3471/7/6 3477/7/6 3480/7/6
f 3479/4/6 3471/4/6 3480/4/6
f 3478/5/6 3476/5/6 3481/5/6
f 3477/5/6 3478/5/6 3481/5/6
f 3481/5/6 3476/5/6 3482/5/6
f 3480/7/6 3477/7/6 3483/7/6
f 3479/6/6 3480/6/6 3483/6/6
f 3477/5/6 3481/5/6 3484/5/6
f 3483/7/6 3477/7/6 3484/7/6
f 3481/6/6 3482/6/6 3485/6/6
f 3484/5/6 3481/5/6 3485/5/6
f 3485/6/6 3482/6/6 3486/6/6
f 3479/6/6 3483/6/6 3487/6/6
f 3483/8/6 3484/8/6 3488/8/6
f 3487/6/6 3483/6/6 3488/6/6
f 3484/5/6 3485/5/6 3489/5/6
f 3488/8/6 3484/8/6 3489/8/6
f 3485/5/6 3486/5/6 3489/5/6
f 3489/5/6 3486/5/6 3490/5/6
f 3487/4/6 3488/4/6 3491/4/6
f 3488/7/6 3489/7/6 3492/7/6
f 3491/4/6 3488/4/6 3492/4/6
f 3489/4/6 3490/4/6 3493/4/6
f 3492/7/6 3489/7/6 3493/7/6
f 3490/5/6 3486/5/6 3494/5/6
f 3493/4/6 3490/4/6 3494/4/6
f 3494/5/6 3486/5/6 3495/5/6
f 3492/6/6 3493/6/6 3496/6/6
f 3491/6/6 3492/6/6 3496/6/6
f 3496/6/6 3493/6/6 3497/6/6
f 3493/4/6 3494/4/6 3498/4/6
f 3497/6/6 3493/6/6 3498/6/6
f 3496/5/6 3497/5/6 3499/5/6
f 3497/8/6 3498/8/6 3500/8/6
f 3499/5/6 3497/5/6 3500/5/6
f 3494/6/6 3495/6/6 3501/6/6
f 3498/4/6 3494/4/6 3501/4/6
f 3501/6/6 3495/6/6 3502/6/6
f 3499/6/6 3500/6/6 3503/6/6
f 3500/8/6 3498/8/6 3504/8/6
f 3503/6/6 3500/6/6 3504/6/6
f 3498/4/6 3501/4/6 3505/4/6
f 3504/8/6 3498/8/6 3505/8/6
f 3501/5/6 3502/5/6 3506/5/6
f 3505/4/6 3501/4/6 3506/4/6
f 3503/5/6 3504/5/6 3507/5/6
f 3504/6/6 3505/6/6 3508/6/6
f 3507/5/6 3504/5/6 3508/5/6
f 3505/5/6 3506/5/6 3509/5/6
f 3508/6/6 3505/6/6 3509/6/6
f 3506/5/6 3502/5/6 3510/5/6
f 3509/5/6 3506/5/6 3510/5/6
f 3510/5/6 3502/5/6 3511/5/6
f 3508/7/6 3509/7/6 3512/7/6
f 3507/7/6 3508/7/6 3512/7/6
f 3509/5/6 3510/5/6 3513/5/6
f 3512/7/6 3509/7/6 3513/7/6
f 3507/7/6 3512/7/6 3514/7/6
f 3512/8/6 3513/8/6 3514/8/6
f 3513/5/6 3510/5/6 3515/5/6
f 3514/8/6 3513/8/6 3515/8/6
f 3510/7/6 3511/7/6 3516/7/6
f 3515/5/6 3510/5/6 3516/5/6
f 3516/7/6 3511/7/6 3517/7/6
f 3514/7/6 3515/7/6 3518/7/6
f 3507/7/6 3514/7/6 3518/7/6
f 3518/7/6 3515/7/6 3519/7/6
f 3516/5/6 3517/5/6 3520/5/6
f 3519/7/6 3515/7/6 3520/7/6
f 3515/5/6 3516/5/6 3520/5/6
f 3520/5/6 3517/5/6 3521/5/6
f 3521/5/6 3517/5/6 3522/5/6
f 3518/8/6 3519/8/6 3523/8/6
f 3519/6/6 3520/6/6 3523/6/6
f 3520/5/6 3521/5/6 3524/5/6
f 3523/6/6 3520/6/6 3524/6/6
f 3521/6/6 3522/6/6 3525/6/6
f 3524/5/6 3521/5/6 3525/5/6
f 3525/6/6 3522/6/6 3526/6/6
f 3518/8/6 3523/8/6 3527/8/6
f 3523/7/6 3524/7/6 3528/7/6
f 3527/8/6 3523/8/6 3528/8/6
f 3524/6/6 3525/6/6 3529/6/6
f 3528/7/6 3524/7/6 3529/7/6
f 3525/7/6 3526/7/6 3530/7/6
f 3529/6/6 3525/6/6 3530/6/6
f 3530/7/6 3526/7/6 3531/7/6
f 3527/7/6 3528/7/6 3532/7/6
f 3528/6/6 3529/6/6 3532/6/6
f 3529/5/6 3530/5/6 3533/5/6
f 3532/6/6 3529/6/6 3533/6/6
f 3530/6/6 3531/6/6 3534/6/6
f 3533/5/6 3530/5/6 3534/5/6
f 3534/6/6 3531/6/6 3535/6/6
f 3532/7/6 3533/7/6 3536/7/6
f 3527/7/6 3532/7/6 3536/7/6
f 3536/7/6 3533/7/6 3537/7/6
f 3533/4/6 3534/4/6 3538/4/6
f 3537/7/6 3533/7/6 3538/7/6
f 3536/8/6 3537/8/6 3539/8/6
f 3537/6/6 3538/6/6 3540/6/6
f 3539/8/6 3537/8/6 3540/8/6
f 3538/4/6 3534/4/6 3541/4/6
f 3540/6/6 3538/6/6 3541/6/6
f 3534/7/6 3535/7/6 3542/7/6
f 3541/4/6 3534/4/6 3542/4/6
f 3542/7/6 3535/7/6 3543/7/6
f 3540/8/6 3541/8/6 3544/8/6
f 3539/7/6 3540/7/6 3544/7/6
f 3541/5/6 3542/5/6 3545/5/6
f 3544/8/6 3541/8/6 3545/8/6
f 3542/6/6 3543/6/6 3546/6/6
f 3545/5/6 3542/5/6 3546/5/6
f 3546/6/6 3543/6/6 3547/6/6
f 3544/7/6 3545/7/6 3548/7/6
f 3539/7/6 3544/7/6 3548/7/6
f 3548/7/6 3545/7/6 3549/7/6
f 3545/6/6 3546/6/6 3550/6/6
f 3549/7/6 3545/7/6 3550/7/6
f 3548/4/6 3549/4/6 3551/4/6
f 3549/8/6 3550/8/6 3552/8/6
f 3551/4/6 3549/4/6 3552/4/6
f 3550/6/6 3546/6/6 3553/6/6
f 3552/8/6 3550/8/6 3553/8/6
f 3546/7/6 3547/7/6 3554/7/6
f 3553/6/6 3546/6/6 3554/6/6
f 3554/7/6 3547/7/6 3555/7/6
f 3552/5/6 3553/5/6 3556/5/6
f 3551/6/6 3552/6/6 3556/6/6
f 3553/8/6 3554/8/6 3557/8/6
f 3556/5/6 3553/5/6 3557/5/6
f 3554/6/6 3555/6/6 3558/6/6
f 3557/8/6 3554/8/6 3558/8/6
f 3556/6/6 3557/6/6 3559/6/6
f 3551/6/6 3556/6/6 3559/6/6
f 3557/7/6 3558/7/6 3560/7/6
f 3559/6/6 3557/6/6 3560/6/6
f 3558/6/6 3555/6/6 3561/6/6
f 3560/7/6 3558/7/6 3561/7/6
f 3561/6/6 3555/6/6 3562/6/6
f 3551/6/6 3559/6/6 3563/6/6
f 3559/5/6 3560/5/6 3564/5/6
f 3563/6/6 3559/6/6 3564/6/6
f 3560/6/6 3561/6/6 3565/6/6
f 3564/5/6 3560/5/6 3565/5/6
f 3561/7/6 3562/7/6 3566/7/6
f 3565/6/6 3561/6/6 3566/6/6
f 3563/5/6 3564/5/6 3567/5/6
f 3564/5/6 3565/5/6 3567/5/6
f 3567/5/6 3565/5/6 3568/5/6
f 3565/7/6 3566/7/6 3569/7/6
f 3568/5/6 3565/5/6 3569/5/6
f 3566/7/6 3562/7/6 3570/7/6
f 3569/7/6 3566/7/6 3570/7/6
f 3567/6/6 3568/6/6 3571/6/6
f 3568/4/6 3569/4/6 3572/4/6
f 3571/6/6 3568/6/6 3572/6/6
f 3569/6/6 3570/6/6 3573/6/6
f 3572/4/6 3569/4/6 3573/4/6
f 3570/7/6 3562/7/6 3574/7/6
f 3573/6/6 3570/6/6 3574/6/6
f 3574/7/6 3562/7/6 3575/7/6
f 3573/7/6 3574/7/6 3576/7/6
f 3574/6/6 3575/6/6 3576/6/6
f 3576/6/6 3575/6/6 3577/6/6
f 3572/6/6 3573/6/6 3578/6/6
f 3571/5/6 3572/5/6 3578/5/6
f 3576/7/6 3577/7/6 3579/7/6
f 3578/6/6 3573/6/6 3579/6/6
f 3573/7/6 3576/7/6 3579/7/6
f 3571/5/6 3578/5/6 3580/5/6
f 3578/4/6 3579/4/6 3581/4/6
f 3580/5/6 3578/5/6 3581/5/6
f 3579/7/6 3577/7/6 3582/7/6
f 3581/4/6 3579/4/6 3582/4/6
f 3582/7/6 3577/7/6 3583/7/6
f 3583/7/6 3577/7/6 3584/7/6
f 3580/4/6 3581/4/6 3585/4/6
f 3581/6/6 3582/6/6 3586/6/6
f 3585/4/6 3581/4/6 3586/4/6
f 3582/7/6 3583/7/6 3587/7/6
f 3586/6/6 3582/6/6 3587/6/6
f 3583/6/6 3584/6/6 3588/6/6
f 3587/7/6 3583/7/6 3588/7/6
f 3585/5/6 3586/5/6 3589/5/6
f 3586/5/6 3587/5/6 3589/5/6
f 3587/8/6 3588/8/6 3590/8/6
f 3589/5/6 3587/5/6 3590/5/6
f 3588/6/6 3584/6/6 3591/6/6
f 3590/8/6 3588/8/6 3591/8/6
f 3591/6/6 3584/6/6 3592/6/6
f 3585/5/6 3589/5/6 3593/5/6
f 3589/6/6 3590/6/6 3594/6/6
f 3593/5/6 3589/5/6 3594/5/6
f 3590/6/6 3591/6/6 3594/6/6
f 3594/6/6 3591/6/6 3595/6/6
f 3591/8/6 3592/8/6 3596/8/6
f 3595/6/6 3591/6/6 3596/6/6
f 3596/8/6 3592/8/6 3597/8/6
f 3594/5/6 3595/5/6 3598/5/6
f 3593/6/6 3594/6/6 3598/6/6
f 3596/7/6 3597/7/6 3599/7/6
f 3598/5/6 3595/5/6 3599/5/6
f 3595/7/6 3596/7/6 3599/7/6
f 3599/7/6 3597/7/6 3600/7/6
f 3593/6/6 3598/6/6 3601/6/6
f 3598/6/6 3599/6/6 3601/6/6
f 3599/6/6 3600/6/6 3601/6/6
f 3601/6/6 3600/6/6 3602/6/6
f 3602/6/6 3600/6/6 3603/6/6
f 3600/7/6 3597/7/6 3604/7/6
f 3603/6/6 3600/6/6 3604/6/6
f 3604/7/6 3597/7/6 3605/7/6
f 3601/5/6 3602/5/6 3606/5/6
f 3602/6/6 3603/6/6 3607/6/6
f 3606/5/6 3602/5/6 3607/5/6
f 3603/7/6 3604/7/6 3608/7/6
f 3607/6/6 3603/6/6 3608/6/6
f 3604/8/6 3605/8/6 3609/8/6
f 3608/7/6 3604/7/6 3609/7/6
f 3609/8/6 3605/8/6 3610/8/6
f 3606/6/6 3607/6/6 3611/6/6
f 3607/4/6 3608/4/6 3612/4/6
f 3611/6/6 3607/6/6 3612/6/6
f 3608/6/6 3609/6/6 3613/6/6
f 3612/4/6 3608/4/6 3613/4/6
f 3609/6/6 3610/6/6 3613/6/6
f 3613/6/6 3610/6/6 3614/6/6
f 3611/5/6 3612/5/6 3615/5/6
f 3612/5/6 3613/5/6 3615/5/6
f 3613/7/6 3614/7/6 3616/7/6
f 3615/5/6 3613/5/6 3616/5/6
f 3616/7/6 3614/7/6 3617/7/6
f 3617/7/6 3614/7/6 3618/7/6
f 3615/6/6 3616/6/6 3619/6/6
f 3616/7/6 3617/7/6 3620/7/6
f 3619/6/6 3616/6/6 3620/6/6
f 3617/6/6 3618/6/6 3621/6/6
f 3620/7/6 3617/7/6 3621/7/6
f 3621/6/6 3618/6/6 3622/6/6
f 3619/5/6 3620/5/6 3623/5/6
f 3620/6/6 3621/6/6 3624/6/6
f 3623/5/6 3620/5/6 3624/5/6
f 3621/7/6 3622/7/6 3625/7/6
f 3624/6/6 3621/6/6 3625/6/6
f 3625/7/6 3622/7/6 3626/7/6
f 3623/6/6 3624/6/6 3627/6/6
f 3624/6/6 3625/6/6 3627/6/6
f 3625/6/6 3626/6/6 3627/6/6
f 3627/6/6 3626/6/6 3628/6/6
f 3628/6/6 3626/6/6 3629/6/6
f 3629/6/6 3626/6/6 3630/6/6
f 3627/7/6 3628/7/6 3631/7/6
f 3628/6/6 3629/6/6 3632/6/6
f 3631/7/6 3628/7/6 3632/7/6
f 3627/7/6 3631/7/6 3633/7/6
f 3631/5/6 3632/5/6 3633/5/6
f 3632/6/6 3629/6/6 3634/6/6
f 3633/5/6 3632/5/6 3634/5/6
f 3629/7/6 3630/7/6 3635/7/6
f 3634/6/6 3629/6/6 3635/6/6
f 3635/7/6 3630/7/6 3636/7/6
f 3633/7/6 3634/7/6 3637/7/6
f 3634/7/6 3635/7/6 3637/7/6
f 3635/6/6 3636/6/6 3638/6/6
f 3637/7/6 3635/7/6 3638/7/6
f 3638/6/6 3636/6/6 3639/6/6
f 3627/7/6 3633/7/6 3640/7/6
f 3633/7/6 3637/7/6 3640/7/6
f 3640/7/6 3637/7/6 3641/7/6
f 3637/5/6 3638/5/6 3642/5/6
f 3641/7/6 3637/7/6 3642/7/6
f 3638/7/6 3639/7/6 3643/7/6
f 3642/5/6 3638/5/6 3643/5/6
f 3640/8/6 3641/8/6 3644/8/6
f 3641/7/6 3642/7/6 3645/7/6
f 3644/8/6 3641/8/6 3645/8/6
f 3642/6/6 3643/6/6 3646/6/6
f 3645/7/6 3642/7/6 3646/7/6
f 3643/7/6 3639/7/6 3647/7/6
f 3646/6/6 3643/6/6 3647/6/6
f 3647/7/6 3639/7/6 3648/7/6
f 3644/7/6 3645/7/6 3649/7/6
f 3645/6/6 3646/6/6 3650/6/6
f 3649/7/6 3645/7/6 3650/7/6
f 3646/7/6 3647/7/6 3651/7/6
f 3650/6/6 3646/6/6 3651/6/6
f 3647/5/6 3648/5/6 3652/5/6
f 3651/7/6 3647/7/6 3652/7/6
f 3652/5/6 3648/5/6 3653/5/6
f 3649/6/6 3650/6/6 3654/6/6
f 3650/5/6 3651/5/6 3655/5/6
f 3654/6/6 3650/6/6 3655/6/6
f 3651/5/6 3652/5/6 3655/5/6
f 3652/6/6 3653/6/6 3656/6/6
f 3655/5/6 3652/5/6 3656/5/6
f 3656/6/6 3653/6/6 3657/6/6
