# MagicaVoxel @ Ephtracy

# group
o wall-brick-plain

# material
mtllib components-12-wall-brick-plain.mtl
usemtl palette

# normals
vn -1 0 0
vn 1 0 0
vn 0 0 1
vn 0 0 -1
vn 0 -1 0
vn 0 1 0

# texcoords
vt 0.345703 0.5
vt 0.376953 0.5
vt 0.380859 0.5
vt 0.384766 0.5

# verts
v -5.1 0 0.4
v -5.1 0 0.1
v -5.1 0.3 0.5
v -5.1 0.3 0.4
v -5.1 0.3 0.1
v -5.1 0.3 1.49012e-008
v -5.1 0.5 0.5
v -5.1 0.5 0.4
v -5.1 0.5 0.1
v -5.1 0.5 1.49012e-008
v -5.1 0.9 0.5
v -5.1 0.9 0.4
v -5.1 0.9 0.1
v -5.1 0.9 1.49012e-008
v -5.1 1.1 0.5
v -5.1 1.1 0.4
v -5.1 1.1 0.1
v -5.1 1.1 1.49012e-008
v -5.1 1.5 0.5
v -5.1 1.5 0.4
v -5.1 1.5 0.1
v -5.1 1.5 1.49012e-008
v -5.1 1.7 0.5
v -5.1 1.7 0.4
v -5.1 1.7 0.1
v -5.1 1.7 1.49012e-008
v -5.1 2.1 0.5
v -5.1 2.1 0.4
v -5.1 2.1 0.1
v -5.1 2.1 1.49012e-008
v -5.1 2.3 0.5
v -5.1 2.3 0.4
v -5.1 2.3 0.1
v -5.1 2.3 1.49012e-008
v -5.1 2.7 0.5
v -5.1 2.7 0.4
v -5.1 2.7 0.1
v -5.1 2.7 1.49012e-008
v -5.1 2.9 0.5
v -5.1 2.9 0.4
v -5.1 2.9 0.1
v -5.1 2.9 1.49012e-008
v -5.1 3.3 0.5
v -5.1 3.3 0.4
v -5.1 3.3 0.1
v -5.1 3.3 1.49012e-008
v -5.1 3.5 0.5
v -5.1 3.5 0.4
v -5.1 3.5 0.1
v -5.1 3.5 1.49012e-008
v -5.1 3.9 0.5
v -5.1 3.9 0.4
v -5.1 3.9 0.1
v -5.1 3.9 1.49012e-008
v -5.1 4.1 0.5
v -5.1 4.1 0.4
v -5.1 4.1 0.1
v -5.1 4.1 1.49012e-008
v -5.1 4.5 0.5
v -5.1 4.5 0.4
v -5.1 4.5 0.1
v -5.1 4.5 1.49012e-008
v -5.1 4.7 0.5
v -5.1 4.7 0.4
v -5.1 4.7 0.1
v -5.1 4.7 1.49012e-008
v -5.1 5.1 0.5
v -5.1 5.1 0.4
v -5.1 5.1 0.1
v -5.1 5.1 1.49012e-008
v -5.1 5.3 0.5
v -5.1 5.3 0.4
v -5.1 5.3 0.1
v -5.1 5.3 1.49012e-008
v -5.1 5.7 0.5
v -5.1 5.7 0.4
v -5.1 5.7 0.1
v -5.1 5.7 1.49012e-008
v -5.1 5.9 0.5
v -5.1 5.9 0.4
v -5.1 5.9 0.1
v -5.1 5.9 1.49012e-008
v -5.1 6.3 0.5
v -5.1 6.3 0.4
v -5.1 6.3 0.1
v -5.1 6.3 1.49012e-008
v -5.1 6.5 0.5
v -5.1 6.5 0.4
v -5.1 6.5 0.1
v -5.1 6.5 1.49012e-008
v -5.1 6.9 0.5
v -5.1 6.9 0.4
v -5.1 6.9 0.1
v -5.1 6.9 1.49012e-008
v -5.1 7.1 0.5
v -5.1 7.1 0.4
v -5.1 7.1 0.1
v -5.1 7.1 1.49012e-008
v -5.1 7.5 0.5
v -5.1 7.5 0.4
v -5.1 7.5 0.1
v -5.1 7.5 1.49012e-008
v -5.1 7.7 0.5
v -5.1 7.7 0.4
v -5.1 7.7 0.1
v -5.1 7.7 1.49012e-008
v -5.1 8.1 0.5
v -5.1 8.1 0.4
v -5.1 8.1 0.1
v -5.1 8.1 1.49012e-008
v -5.1 8.3 0.5
v -5.1 8.3 0.4
v -5.1 8.3 0.1
v -5.1 8.3 1.49012e-008
v -5.1 8.7 0.5
v -5.1 8.7 0.4
v -5.1 8.7 0.1
v -5.1 8.7 1.49012e-008
v -5.1 8.9 0.5
v -5.1 8.9 0.4
v -5.1 8.9 0.1
v -5.1 8.9 1.49012e-008
v -5.1 9.3 0.5
v -5.1 9.3 0.4
v -5.1 9.3 0.1
v -5.1 9.3 1.49012e-008
v -5.1 9.5 0.5
v -5.1 9.5 0.4
v -5.1 9.5 0.1
v -5.1 9.5 1.49012e-008
v -5.1 9.6 0.4
v -5.1 9.6 0.1
v -5 0 0.5
v -5 0 0.4
v -5 0 0.1
v -5 0 1.49012e-008
v -5 0.2 0.5
v -5 0.2 0.4
v -5 0.2 0.1
v -5 0.2 1.49012e-008
v -5 0.6 0.5
v -5 0.6 0.4
v -5 0.6 0.1
v -5 0.6 1.49012e-008
v -5 0.8 0.5
v -5 0.8 0.4
v -5 0.8 0.1
v -5 0.8 1.49012e-008
v -5 1.2 0.5
v -5 1.2 0.4
v -5 1.2 0.1
v -5 1.2 1.49012e-008
v -5 1.4 0.5
v -5 1.4 0.4
v -5 1.4 0.1
v -5 1.4 1.49012e-008
v -5 1.8 0.5
v -5 1.8 0.4
v -5 1.8 0.1
v -5 1.8 1.49012e-008
v -5 2 0.5
v -5 2 0.4
v -5 2 0.1
v -5 2 1.49012e-008
v -5 2.4 0.5
v -5 2.4 0.4
v -5 2.4 0.1
v -5 2.4 1.49012e-008
v -5 2.6 0.5
v -5 2.6 0.4
v -5 2.6 0.1
v -5 2.6 1.49012e-008
v -5 3 0.5
v -5 3 0.4
v -5 3 0.1
v -5 3 1.49012e-008
v -5 3.2 0.5
v -5 3.2 0.4
v -5 3.2 0.1
v -5 3.2 1.49012e-008
v -5 3.6 0.5
v -5 3.6 0.4
v -5 3.6 0.1
v -5 3.6 1.49012e-008
v -5 3.8 0.5
v -5 3.8 0.4
v -5 3.8 0.1
v -5 3.8 1.49012e-008
v -5 4.2 0.5
v -5 4.2 0.4
v -5 4.2 0.1
v -5 4.2 1.49012e-008
v -5 4.4 0.5
v -5 4.4 0.4
v -5 4.4 0.1
v -5 4.4 1.49012e-008
v -5 4.8 0.5
v -5 4.8 0.4
v -5 4.8 0.1
v -5 4.8 1.49012e-008
v -5 5 0.5
v -5 5 0.4
v -5 5 0.1
v -5 5 1.49012e-008
v -5 5.4 0.5
v -5 5.4 0.4
v -5 5.4 0.1
v -5 5.4 1.49012e-008
v -5 5.6 0.5
v -5 5.6 0.4
v -5 5.6 0.1
v -5 5.6 1.49012e-008
v -5 6 0.5
v -5 6 0.4
v -5 6 0.1
v -5 6 1.49012e-008
v -5 6.2 0.5
v -5 6.2 0.4
v -5 6.2 0.1
v -5 6.2 1.49012e-008
v -5 6.6 0.5
v -5 6.6 0.4
v -5 6.6 0.1
v -5 6.6 1.49012e-008
v -5 6.8 0.5
v -5 6.8 0.4
v -5 6.8 0.1
v -5 6.8 1.49012e-008
v -5 7.2 0.5
v -5 7.2 0.4
v -5 7.2 0.1
v -5 7.2 1.49012e-008
v -5 7.4 0.5
v -5 7.4 0.4
v -5 7.4 0.1
v -5 7.4 1.49012e-008
v -5 8.4 0.5
v -5 8.4 0.4
v -5 8.4 0.1
v -5 8.4 1.49012e-008
v -5 8.6 0.5
v -5 8.6 0.4
v -5 8.6 0.1
v -5 8.6 1.49012e-008
v -5 9 0.5
v -5 9 0.4
v -5 9 0.1
v -5 9 1.49012e-008
v -5 9.2 0.5
v -5 9.2 0.4
v -5 9.2 0.1
v -5 9.2 1.49012e-008
v -4.7 0.3 0.5
v -4.7 0.3 0.4
v -4.7 0.3 0.1
v -4.7 0.3 1.49012e-008
v -4.7 0.5 0.5
v -4.7 0.5 0.4
v -4.7 0.5 0.1
v -4.7 0.5 1.49012e-008
v -4.7 0.9 0.5
v -4.7 0.9 0.4
v -4.7 0.9 0.1
v -4.7 0.9 1.49012e-008
v -4.7 1.1 0.5
v -4.7 1.1 0.4
v -4.7 1.1 0.1
v -4.7 1.1 1.49012e-008
v -4.7 1.5 0.5
v -4.7 1.5 0.4
v -4.7 1.5 0.1
v -4.7 1.5 1.49012e-008
v -4.7 1.7 0.5
v -4.7 1.7 0.4
v -4.7 1.7 0.1
v -4.7 1.7 1.49012e-008
v -4.7 2.1 0.5
v -4.7 2.1 0.4
v -4.7 2.1 0.1
v -4.7 2.1 1.49012e-008
v -4.7 2.3 0.5
v -4.7 2.3 0.4
v -4.7 2.3 0.1
v -4.7 2.3 1.49012e-008
v -4.7 2.7 0.5
v -4.7 2.7 0.4
v -4.7 2.7 0.1
v -4.7 2.7 1.49012e-008
v -4.7 2.9 0.5
v -4.7 2.9 0.4
v -4.7 2.9 0.1
v -4.7 2.9 1.49012e-008
v -4.7 3.3 0.5
v -4.7 3.3 0.4
v -4.7 3.3 0.1
v -4.7 3.3 1.49012e-008
v -4.7 3.5 0.5
v -4.7 3.5 0.4
v -4.7 3.5 0.1
v -4.7 3.5 1.49012e-008
v -4.7 3.9 0.5
v -4.7 3.9 0.4
v -4.7 3.9 0.1
v -4.7 3.9 1.49012e-008
v -4.7 4.1 0.5
v -4.7 4.1 0.4
v -4.7 4.1 0.1
v -4.7 4.1 1.49012e-008
v -4.7 4.5 0.5
v -4.7 4.5 0.4
v -4.7 4.5 0.1
v -4.7 4.5 1.49012e-008
v -4.7 4.7 0.5
v -4.7 4.7 0.4
v -4.7 4.7 0.1
v -4.7 4.7 1.49012e-008
v -4.7 5.1 0.5
v -4.7 5.1 0.4
v -4.7 5.1 0.1
v -4.7 5.1 1.49012e-008
v -4.7 5.3 0.5
v -4.7 5.3 0.4
v -4.7 5.3 0.1
v -4.7 5.3 1.49012e-008
v -4.7 5.7 0.5
v -4.7 5.7 0.4
v -4.7 5.7 0.1
v -4.7 5.7 1.49012e-008
v -4.7 5.9 0.5
v -4.7 5.9 0.4
v -4.7 5.9 0.1
v -4.7 5.9 1.49012e-008
v -4.7 6.9 0.5
v -4.7 6.9 0.4
v -4.7 6.9 0.1
v -4.7 6.9 1.49012e-008
v -4.7 7.1 0.5
v -4.7 7.1 0.4
v -4.7 7.1 0.1
v -4.7 7.1 1.49012e-008
v -4.7 8.7 0.5
v -4.7 8.7 0.4
v -4.7 8.7 0.1
v -4.7 8.7 1.49012e-008
v -4.7 8.9 0.5
v -4.7 8.9 0.4
v -4.7 8.9 0.1
v -4.7 8.9 1.49012e-008
v -4.7 9.3 0.5
v -4.7 9.3 0.4
v -4.7 9.3 0.1
v -4.7 9.3 1.49012e-008
v -4.7 9.5 0.5
v -4.7 9.5 0.4
v -4.7 9.5 0.1
v -4.7 9.5 1.49012e-008
v -4.4 0 0.5
v -4.4 0 0.4
v -4.4 0 0.1
v -4.4 0 1.49012e-008
v -4.4 0.2 0.5
v -4.4 0.2 0.4
v -4.4 0.2 0.1
v -4.4 0.2 1.49012e-008
v -4.4 1.2 0.5
v -4.4 1.2 0.4
v -4.4 1.2 0.1
v -4.4 1.2 1.49012e-008
v -4.4 1.4 0.5
v -4.4 1.4 0.4
v -4.4 1.4 0.1
v -4.4 1.4 1.49012e-008
v -4.4 1.8 0.5
v -4.4 1.8 0.4
v -4.4 1.8 0.1
v -4.4 1.8 1.49012e-008
v -4.4 2 0.5
v -4.4 2 0.4
v -4.4 2 0.1
v -4.4 2 1.49012e-008
v -4.4 3.6 0.5
v -4.4 3.6 0.4
v -4.4 3.6 0.1
v -4.4 3.6 1.49012e-008
v -4.4 3.8 0.5
v -4.4 3.8 0.4
v -4.4 3.8 0.1
v -4.4 3.8 1.49012e-008
v -4.4 4.2 0.5
v -4.4 4.2 0.4
v -4.4 4.2 0.1
v -4.4 4.2 1.49012e-008
v -4.4 4.4 0.5
v -4.4 4.4 0.4
v -4.4 4.4 0.1
v -4.4 4.4 1.49012e-008
v -4.4 5.4 0.5
v -4.4 5.4 0.4
v -4.4 5.4 0.1
v -4.4 5.4 1.49012e-008
v -4.4 5.6 0.5
v -4.4 5.6 0.4
v -4.4 5.6 0.1
v -4.4 5.6 1.49012e-008
v -4.4 6 0.5
v -4.4 6 0.4
v -4.4 6 0.1
v -4.4 6 1.49012e-008
v -4.4 6.2 0.5
v -4.4 6.2 0.4
v -4.4 6.2 0.1
v -4.4 6.2 1.49012e-008
v -4.4 6.6 0.5
v -4.4 6.6 0.4
v -4.4 6.6 0.1
v -4.4 6.6 1.49012e-008
v -4.4 6.8 0.5
v -4.4 6.8 0.4
v -4.4 6.8 0.1
v -4.4 6.8 1.49012e-008
v -4.4 7.2 0.5
v -4.4 7.2 0.4
v -4.4 7.2 0.1
v -4.4 7.2 1.49012e-008
v -4.4 7.3 0.5
v -4.4 7.3 0.4
v -4.4 7.3 0.1
v -4.4 7.3 1.49012e-008
v -4.4 8.4 0.5
v -4.4 8.4 0.4
v -4.4 8.4 0.1
v -4.4 8.4 1.49012e-008
v -4.4 8.6 0.5
v -4.4 8.6 0.4
v -4.4 8.6 0.1
v -4.4 8.6 1.49012e-008
v -4.3 7.9 0.5
v -4.3 7.9 0.4
v -4.3 7.9 0.1
v -4.3 7.9 1.49012e-008
v -4.3 8 0.5
v -4.3 8 0.4
v -4.3 8 0.1
v -4.3 8 1.49012e-008
v -4.2 7.3 0.5
v -4.2 7.3 0.4
v -4.2 7.3 0.1
v -4.2 7.3 1.49012e-008
v -4.2 7.4 0.5
v -4.2 7.4 0.4
v -4.2 7.4 0.1
v -4.2 7.4 1.49012e-008
v -4.2 7.8 0.5
v -4.2 7.8 0.4
v -4.2 7.8 0.1
v -4.2 7.8 1.49012e-008
v -4.2 7.9 0.5
v -4.2 7.9 0.4
v -4.2 7.9 0.1
v -4.2 7.9 1.49012e-008
v -4.1 0.3 0.5
v -4.1 0.3 0.4
v -4.1 0.3 0.1
v -4.1 0.3 1.49012e-008
v -4.1 0.5 0.5
v -4.1 0.5 0.4
v -4.1 0.5 0.1
v -4.1 0.5 1.49012e-008
v -4.1 1.5 0.5
v -4.1 1.5 0.4
v -4.1 1.5 0.1
v -4.1 1.5 1.49012e-008
v -4.1 1.7 0.5
v -4.1 1.7 0.4
v -4.1 1.7 0.1
v -4.1 1.7 1.49012e-008
v -4.1 2.1 0.5
v -4.1 2.1 0.4
v -4.1 2.1 0.1
v -4.1 2.1 1.49012e-008
v -4.1 2.3 0.5
v -4.1 2.3 0.4
v -4.1 2.3 0.1
v -4.1 2.3 1.49012e-008
v -4.1 2.7 0.5
v -4.1 2.7 0.4
v -4.1 2.7 0.1
v -4.1 2.7 1.49012e-008
v -4.1 2.9 0.5
v -4.1 2.9 0.4
v -4.1 2.9 0.1
v -4.1 2.9 1.49012e-008
v -4.1 3.3 0.5
v -4.1 3.3 0.4
v -4.1 3.3 0.1
v -4.1 3.3 1.49012e-008
v -4.1 3.5 0.5
v -4.1 3.5 0.4
v -4.1 3.5 0.1
v -4.1 3.5 1.49012e-008
v -4.1 3.9 0.5
v -4.1 3.9 0.4
v -4.1 3.9 0.1
v -4.1 3.9 1.49012e-008
v -4.1 4.1 0.5
v -4.1 4.1 0.4
v -4.1 4.1 0.1
v -4.1 4.1 1.49012e-008
v -4.1 4.5 0.5
v -4.1 4.5 0.4
v -4.1 4.5 0.1
v -4.1 4.5 1.49012e-008
v -4.1 4.7 0.5
v -4.1 4.7 0.4
v -4.1 4.7 0.1
v -4.1 4.7 1.49012e-008
v -4.1 5.1 0.5
v -4.1 5.1 0.4
v -4.1 5.1 0.1
v -4.1 5.1 1.49012e-008
v -4.1 5.3 0.5
v -4.1 5.3 0.4
v -4.1 5.3 0.1
v -4.1 5.3 1.49012e-008
v -4.1 6.3 0.5
v -4.1 6.3 0.4
v -4.1 6.3 0.1
v -4.1 6.3 1.49012e-008
v -4.1 6.5 0.5
v -4.1 6.5 0.4
v -4.1 6.5 0.1
v -4.1 6.5 1.49012e-008
v -4.1 7.5 0.5
v -4.1 7.5 0.4
v -4.1 7.5 0.1
v -4.1 7.5 1.49012e-008
v -4.1 7.6 0.5
v -4.1 7.6 0.4
v -4.1 7.6 0.1
v -4.1 7.6 1.49012e-008
v -4.1 8.1 0.5
v -4.1 8.1 0.4
v -4.1 8.1 0.1
v -4.1 8.1 1.49012e-008
v -4.1 8.3 0.5
v -4.1 8.3 0.4
v -4.1 8.3 0.1
v -4.1 8.3 1.49012e-008
v -4.1 8.7 0.5
v -4.1 8.7 0.4
v -4.1 8.7 0.1
v -4.1 8.7 1.49012e-008
v -4.1 8.9 0.5
v -4.1 8.9 0.4
v -4.1 8.9 0.1
v -4.1 8.9 1.49012e-008
v -4.1 9.4 0.5
v -4.1 9.4 0.4
v -4.1 9.4 0.1
v -4.1 9.4 1.49012e-008
v -4.1 9.5 0.5
v -4.1 9.5 0.4
v -4.1 9.5 0.1
v -4.1 9.5 1.49012e-008
v -4 7.6 0.5
v -4 7.6 0.4
v -4 7.6 0.1
v -4 7.6 1.49012e-008
v -4 7.7 0.5
v -4 7.7 0.4
v -4 7.7 0.1
v -4 7.7 1.49012e-008
v -3.9 9.3 0.5
v -3.9 9.3 0.4
v -3.9 9.3 0.1
v -3.9 9.3 1.49012e-008
v -3.9 9.4 0.5
v -3.9 9.4 0.4
v -3.9 9.4 0.1
v -3.9 9.4 1.49012e-008
v -3.8 1.3 0.5
v -3.8 1.3 0.4
v -3.8 1.3 0.1
v -3.8 1.3 1.49012e-008
v -3.8 1.4 0.5
v -3.8 1.4 0.4
v -3.8 1.4 0.1
v -3.8 1.4 1.49012e-008
v -3.8 1.8 0.5
v -3.8 1.8 0.4
v -3.8 1.8 0.1
v -3.8 1.8 1.49012e-008
v -3.8 2 0.5
v -3.8 2 0.4
v -3.8 2 0.1
v -3.8 2 1.49012e-008
v -3.8 2.4 0.5
v -3.8 2.4 0.4
v -3.8 2.4 0.1
v -3.8 2.4 1.49012e-008
v -3.8 2.6 0.5
v -3.8 2.6 0.4
v -3.8 2.6 0.1
v -3.8 2.6 1.49012e-008
v -3.8 3 0.5
v -3.8 3 0.4
v -3.8 3 0.1
v -3.8 3 1.49012e-008
v -3.8 3.2 0.5
v -3.8 3.2 0.4
v -3.8 3.2 0.1
v -3.8 3.2 1.49012e-008
v -3.8 3.6 0.5
v -3.8 3.6 0.4
v -3.8 3.6 0.1
v -3.8 3.6 1.49012e-008
v -3.8 3.8 0.5
v -3.8 3.8 0.4
v -3.8 3.8 0.1
v -3.8 3.8 1.49012e-008
v -3.8 4.2 0.5
v -3.8 4.2 0.4
v -3.8 4.2 0.1
v -3.8 4.2 1.49012e-008
v -3.8 4.4 0.5
v -3.8 4.4 0.4
v -3.8 4.4 0.1
v -3.8 4.4 1.49012e-008
v -3.8 4.8 0.5
v -3.8 4.8 0.4
v -3.8 4.8 0.1
v -3.8 4.8 1.49012e-008
v -3.8 5 0.5
v -3.8 5 0.4
v -3.8 5 0.1
v -3.8 5 1.49012e-008
v -3.8 5.4 0.5
v -3.8 5.4 0.4
v -3.8 5.4 0.1
v -3.8 5.4 1.49012e-008
v -3.8 5.6 0.5
v -3.8 5.6 0.4
v -3.8 5.6 0.1
v -3.8 5.6 1.49012e-008
v -3.8 6 0.5
v -3.8 6 0.4
v -3.8 6 0.1
v -3.8 6 1.49012e-008
v -3.8 6.2 0.5
v -3.8 6.2 0.4
v -3.8 6.2 0.1
v -3.8 6.2 1.49012e-008
v -3.8 6.6 0.5
v -3.8 6.6 0.4
v -3.8 6.6 0.1
v -3.8 6.6 1.49012e-008
v -3.8 6.8 0.5
v -3.8 6.8 0.4
v -3.8 6.8 0.1
v -3.8 6.8 1.49012e-008
v -3.8 7.2 0.5
v -3.8 7.2 0.4
v -3.8 7.2 0.1
v -3.8 7.2 1.49012e-008
v -3.8 7.4 0.5
v -3.8 7.4 0.4
v -3.8 7.4 0.1
v -3.8 7.4 1.49012e-008
v -3.8 7.8 0.5
v -3.8 7.8 0.4
v -3.8 7.8 0.1
v -3.8 7.8 1.49012e-008
v -3.8 8 0.5
v -3.8 8 0.4
v -3.8 8 0.1
v -3.8 8 1.49012e-008
v -3.8 8.4 0.5
v -3.8 8.4 0.4
v -3.8 8.4 0.1
v -3.8 8.4 1.49012e-008
v -3.8 8.6 0.5
v -3.8 8.6 0.4
v -3.8 8.6 0.1
v -3.8 8.6 1.49012e-008
v -3.8 9 0.5
v -3.8 9 0.4
v -3.8 9 0.1
v -3.8 9 1.49012e-008
v -3.8 9.2 0.5
v -3.8 9.2 0.4
v -3.8 9.2 0.1
v -3.8 9.2 1.49012e-008
v -3.7 0.6 0.5
v -3.7 0.6 0.4
v -3.7 0.6 0.1
v -3.7 0.6 1.49012e-008
v -3.7 0.8 0.5
v -3.7 0.8 0.4
v -3.7 0.8 0.1
v -3.7 0.8 1.49012e-008
v -3.5 0.3 0.5
v -3.5 0.3 0.4
v -3.5 0.3 0.1
v -3.5 0.3 1.49012e-008
v -3.5 0.5 0.5
v -3.5 0.5 0.4
v -3.5 0.5 0.1
v -3.5 0.5 1.49012e-008
v -3.5 0.9 0.5
v -3.5 0.9 0.4
v -3.5 0.9 0.1
v -3.5 0.9 1.49012e-008
v -3.5 1 0.5
v -3.5 1 0.4
v -3.5 1 0.1
v -3.5 1 1.49012e-008
v -3.5 1.2 0.5
v -3.5 1.2 0.4
v -3.5 1.2 0.1
v -3.5 1.2 1.49012e-008
v -3.5 1.3 0.5
v -3.5 1.3 0.4
v -3.5 1.3 0.1
v -3.5 1.3 1.49012e-008
v -3.5 3.3 0.5
v -3.5 3.3 0.4
v -3.5 3.3 0.1
v -3.5 3.3 1.49012e-008
v -3.5 3.5 0.5
v -3.5 3.5 0.4
v -3.5 3.5 0.1
v -3.5 3.5 1.49012e-008
v -3.5 3.9 0.5
v -3.5 3.9 0.4
v -3.5 3.9 0.1
v -3.5 3.9 1.49012e-008
v -3.5 4.1 0.5
v -3.5 4.1 0.4
v -3.5 4.1 0.1
v -3.5 4.1 1.49012e-008
v -3.5 5.1 0.5
v -3.5 5.1 0.4
v -3.5 5.1 0.1
v -3.5 5.1 1.49012e-008
v -3.5 5.3 0.5
v -3.5 5.3 0.4
v -3.5 5.3 0.1
v -3.5 5.3 1.49012e-008
v -3.5 5.7 0.5
v -3.5 5.7 0.4
v -3.5 5.7 0.1
v -3.5 5.7 1.49012e-008
v -3.5 5.9 0.5
v -3.5 5.9 0.4
v -3.5 5.9 0.1
v -3.5 5.9 1.49012e-008
v -3.5 6.9 0.5
v -3.5 6.9 0.4
v -3.5 6.9 0.1
v -3.5 6.9 1.49012e-008
v -3.5 7.1 0.5
v -3.5 7.1 0.4
v -3.5 7.1 0.1
v -3.5 7.1 1.49012e-008
v -3.5 8.1 0.5
v -3.5 8.1 0.4
v -3.5 8.1 0.1
v -3.5 8.1 1.49012e-008
v -3.5 8.3 0.5
v -3.5 8.3 0.4
v -3.5 8.3 0.1
v -3.5 8.3 1.49012e-008
v -3.5 9.3 0.5
v -3.5 9.3 0.4
v -3.5 9.3 0.1
v -3.5 9.3 1.49012e-008
v -3.5 9.5 0.5
v -3.5 9.5 0.4
v -3.5 9.5 0.1
v -3.5 9.5 1.49012e-008
v -3.4 1 0.5
v -3.4 1 0.4
v -3.4 1 0.1
v -3.4 1 1.49012e-008
v -3.4 1.1 0.5
v -3.4 1.1 0.4
v -3.4 1.1 0.1
v -3.4 1.1 1.49012e-008
v -3.2 0 0.5
v -3.2 0 0.4
v -3.2 0 0.1
v -3.2 0 1.49012e-008
v -3.2 0.2 0.5
v -3.2 0.2 0.4
v -3.2 0.2 0.1
v -3.2 0.2 1.49012e-008
v -3.2 0.6 0.5
v -3.2 0.6 0.4
v -3.2 0.6 0.1
v -3.2 0.6 1.49012e-008
v -3.2 0.8 0.5
v -3.2 0.8 0.4
v -3.2 0.8 0.1
v -3.2 0.8 1.49012e-008
v -3.2 1.8 0.5
v -3.2 1.8 0.4
v -3.2 1.8 0.1
v -3.2 1.8 1.49012e-008
v -3.2 2 0.5
v -3.2 2 0.4
v -3.2 2 0.1
v -3.2 2 1.49012e-008
v -3.2 2.4 0.5
v -3.2 2.4 0.4
v -3.2 2.4 0.1
v -3.2 2.4 1.49012e-008
v -3.2 2.6 0.5
v -3.2 2.6 0.4
v -3.2 2.6 0.1
v -3.2 2.6 1.49012e-008
v -3.2 3 0.5
v -3.2 3 0.4
v -3.2 3 0.1
v -3.2 3 1.49012e-008
v -3.2 3.2 0.5
v -3.2 3.2 0.4
v -3.2 3.2 0.1
v -3.2 3.2 1.49012e-008
v -3.2 4.2 0.5
v -3.2 4.2 0.4
v -3.2 4.2 0.1
v -3.2 4.2 1.49012e-008
v -3.2 4.4 0.5
v -3.2 4.4 0.4
v -3.2 4.4 0.1
v -3.2 4.4 1.49012e-008
v -3.2 4.8 0.5
v -3.2 4.8 0.4
v -3.2 4.8 0.1
v -3.2 4.8 1.49012e-008
v -3.2 5 0.5
v -3.2 5 0.4
v -3.2 5 0.1
v -3.2 5 1.49012e-008
v -3.2 6 0.5
v -3.2 6 0.4
v -3.2 6 0.1
v -3.2 6 1.49012e-008
v -3.2 6.2 0.5
v -3.2 6.2 0.4
v -3.2 6.2 0.1
v -3.2 6.2 1.49012e-008
v -3.2 6.6 0.5
v -3.2 6.6 0.4
v -3.2 6.6 0.1
v -3.2 6.6 1.49012e-008
v -3.2 6.8 0.5
v -3.2 6.8 0.4
v -3.2 6.8 0.1
v -3.2 6.8 1.49012e-008
v -3.2 7.8 0.5
v -3.2 7.8 0.4
v -3.2 7.8 0.1
v -3.2 7.8 1.49012e-008
v -3.2 8 0.5
v -3.2 8 0.4
v -3.2 8 0.1
v -3.2 8 1.49012e-008
v -3.2 9 0.5
v -3.2 9 0.4
v -3.2 9 0.1
v -3.2 9 1.49012e-008
v -3.2 9.2 0.5
v -3.2 9.2 0.4
v -3.2 9.2 0.1
v -3.2 9.2 1.49012e-008
v -2.9 0.3 0.5
v -2.9 0.3 0.4
v -2.9 0.3 0.1
v -2.9 0.3 1.49012e-008
v -2.9 0.5 0.5
v -2.9 0.5 0.4
v -2.9 0.5 0.1
v -2.9 0.5 1.49012e-008
v -2.9 0.9 0.5
v -2.9 0.9 0.4
v -2.9 0.9 0.1
v -2.9 0.9 1.49012e-008
v -2.9 1.1 0.5
v -2.9 1.1 0.4
v -2.9 1.1 0.1
v -2.9 1.1 1.49012e-008
v -2.9 1.5 0.5
v -2.9 1.5 0.4
v -2.9 1.5 0.1
v -2.9 1.5 1.49012e-008
v -2.9 1.7 0.5
v -2.9 1.7 0.4
v -2.9 1.7 0.1
v -2.9 1.7 1.49012e-008
v -2.9 2.1 0.5
v -2.9 2.1 0.4
v -2.9 2.1 0.1
v -2.9 2.1 1.49012e-008
v -2.9 2.3 0.5
v -2.9 2.3 0.4
v -2.9 2.3 0.1
v -2.9 2.3 1.49012e-008
v -2.9 2.7 0.5
v -2.9 2.7 0.4
v -2.9 2.7 0.1
v -2.9 2.7 1.49012e-008
v -2.9 2.9 0.5
v -2.9 2.9 0.4
v -2.9 2.9 0.1
v -2.9 2.9 1.49012e-008
v -2.9 3.3 0.5
v -2.9 3.3 0.4
v -2.9 3.3 0.1
v -2.9 3.3 1.49012e-008
v -2.9 3.5 0.5
v -2.9 3.5 0.4
v -2.9 3.5 0.1
v -2.9 3.5 1.49012e-008
v -2.9 4.5 0.5
v -2.9 4.5 0.4
v -2.9 4.5 0.1
v -2.9 4.5 1.49012e-008
v -2.9 4.7 0.5
v -2.9 4.7 0.4
v -2.9 4.7 0.1
v -2.9 4.7 1.49012e-008
v -2.9 5.1 0.5
v -2.9 5.1 0.4
v -2.9 5.1 0.1
v -2.9 5.1 1.49012e-008
v -2.9 5.3 0.5
v -2.9 5.3 0.4
v -2.9 5.3 0.1
v -2.9 5.3 1.49012e-008
v -2.9 5.8 0.5
v -2.9 5.8 0.4
v -2.9 5.8 0.1
v -2.9 5.8 1.49012e-008
v -2.9 5.9 0.5
v -2.9 5.9 0.4
v -2.9 5.9 0.1
v -2.9 5.9 1.49012e-008
v -2.9 6.3 0.5
v -2.9 6.3 0.4
v -2.9 6.3 0.1
v -2.9 6.3 1.49012e-008
v -2.9 6.5 0.5
v -2.9 6.5 0.4
v -2.9 6.5 0.1
v -2.9 6.5 1.49012e-008
v -2.9 6.9 0.5
v -2.9 6.9 0.4
v -2.9 6.9 0.1
v -2.9 6.9 1.49012e-008
v -2.9 7.1 0.5
v -2.9 7.1 0.4
v -2.9 7.1 0.1
v -2.9 7.1 1.49012e-008
v -2.9 7.5 0.5
v -2.9 7.5 0.4
v -2.9 7.5 0.1
v -2.9 7.5 1.49012e-008
v -2.9 7.7 0.5
v -2.9 7.7 0.4
v -2.9 7.7 0.1
v -2.9 7.7 1.49012e-008
v -2.9 8.8 0.5
v -2.9 8.8 0.4
v -2.9 8.8 0.1
v -2.9 8.8 1.49012e-008
v -2.9 8.9 0.5
v -2.9 8.9 0.4
v -2.9 8.9 0.1
v -2.9 8.9 1.49012e-008
v -2.8 8.7 0.5
v -2.8 8.7 0.4
v -2.8 8.7 0.1
v -2.8 8.7 1.49012e-008
v -2.8 8.8 0.5
v -2.8 8.8 0.4
v -2.8 8.8 0.1
v -2.8 8.8 1.49012e-008
v -2.7 5.7 0.5
v -2.7 5.7 0.4
v -2.7 5.7 0.1
v -2.7 5.7 1.49012e-008
v -2.7 5.8 0.5
v -2.7 5.8 0.4
v -2.7 5.8 0.1
v -2.7 5.8 1.49012e-008
v -2.7 8.4 0.4
v -2.7 8.4 0.3
v -2.7 8.6 0.4
v -2.7 8.6 0.3
v -2.6 0 0.5
v -2.6 0 0.4
v -2.6 0 0.1
v -2.6 0 1.49012e-008
v -2.6 0.2 0.5
v -2.6 0.2 0.4
v -2.6 0.2 0.1
v -2.6 0.2 1.49012e-008
v -2.6 1.2 0.5
v -2.6 1.2 0.4
v -2.6 1.2 0.1
v -2.6 1.2 1.49012e-008
v -2.6 1.4 0.5
v -2.6 1.4 0.4
v -2.6 1.4 0.1
v -2.6 1.4 1.49012e-008
v -2.6 1.8 0.5
v -2.6 1.8 0.4
v -2.6 1.8 0.1
v -2.6 1.8 1.49012e-008
v -2.6 2 0.5
v -2.6 2 0.4
v -2.6 2 0.1
v -2.6 2 1.49012e-008
v -2.6 3 0.5
v -2.6 3 0.4
v -2.6 3 0.1
v -2.6 3 1.49012e-008
v -2.6 3.2 0.5
v -2.6 3.2 0.4
v -2.6 3.2 0.1
v -2.6 3.2 1.49012e-008
v -2.6 3.6 0.5
v -2.6 3.6 0.4
v -2.6 3.6 0.1
v -2.6 3.6 1.49012e-008
v -2.6 3.8 0.5
v -2.6 3.8 0.4
v -2.6 3.8 0.1
v -2.6 3.8 1.49012e-008
v -2.6 4.2 0.5
v -2.6 4.2 0.4
v -2.6 4.2 0.1
v -2.6 4.2 1.49012e-008
v -2.6 4.4 0.5
v -2.6 4.4 0.4
v -2.6 4.4 0.1
v -2.6 4.4 1.49012e-008
v -2.6 5.4 0.5
v -2.6 5.4 0.4
v -2.6 5.4 0.1
v -2.6 5.4 1.49012e-008
v -2.6 5.5 0.5
v -2.6 5.5 0.4
v -2.6 5.5 0.1
v -2.6 5.5 1.49012e-008
v -2.6 6 0.5
v -2.6 6 0.4
v -2.6 6 0.1
v -2.6 6 1.49012e-008
v -2.6 6.2 0.5
v -2.6 6.2 0.4
v -2.6 6.2 0.1
v -2.6 6.2 1.49012e-008
v -2.6 6.6 0.5
v -2.6 6.6 0.4
v -2.6 6.6 0.1
v -2.6 6.6 1.49012e-008
v -2.6 6.8 0.5
v -2.6 6.8 0.4
v -2.6 6.8 0.1
v -2.6 6.8 1.49012e-008
v -2.6 7.2 0.5
v -2.6 7.2 0.4
v -2.6 7.2 0.1
v -2.6 7.2 1.49012e-008
v -2.6 7.4 0.5
v -2.6 7.4 0.4
v -2.6 7.4 0.1
v -2.6 7.4 1.49012e-008
v -2.6 8.4 0.5
v -2.6 8.4 0.4
v -2.6 8.4 0.1
v -2.6 8.4 1.49012e-008
v -2.6 8.6 0.5
v -2.6 8.6 0.4
v -2.6 8.6 0.1
v -2.6 8.6 1.49012e-008
v -2.6 9 0.5
v -2.6 9 0.4
v -2.6 9 0.1
v -2.6 9 1.49012e-008
v -2.6 9.2 0.5
v -2.6 9.2 0.4
v -2.6 9.2 0.1
v -2.6 9.2 1.49012e-008
v -2.5 5.5 0.5
v -2.5 5.5 0.4
v -2.5 5.5 0.1
v -2.5 5.5 1.49012e-008
v -2.5 5.6 0.5
v -2.5 5.6 0.4
v -2.5 5.6 0.1
v -2.5 5.6 1.49012e-008
v -2.3 0.3 0.5
v -2.3 0.3 0.4
v -2.3 0.3 0.1
v -2.3 0.3 1.49012e-008
v -2.3 0.5 0.5
v -2.3 0.5 0.4
v -2.3 0.5 0.1
v -2.3 0.5 1.49012e-008
v -2.3 0.9 0.5
v -2.3 0.9 0.4
v -2.3 0.9 0.1
v -2.3 0.9 1.49012e-008
v -2.3 1.1 0.5
v -2.3 1.1 0.4
v -2.3 1.1 0.1
v -2.3 1.1 1.49012e-008
v -2.3 1.5 0.5
v -2.3 1.5 0.4
v -2.3 1.5 0.1
v -2.3 1.5 1.49012e-008
v -2.3 1.7 0.5
v -2.3 1.7 0.4
v -2.3 1.7 0.1
v -2.3 1.7 1.49012e-008
v -2.3 2.1 0.5
v -2.3 2.1 0.4
v -2.3 2.1 0.1
v -2.3 2.1 1.49012e-008
v -2.3 2.3 0.5
v -2.3 2.3 0.4
v -2.3 2.3 0.1
v -2.3 2.3 1.49012e-008
v -2.3 2.7 0.5
v -2.3 2.7 0.4
v -2.3 2.7 0.1
v -2.3 2.7 1.49012e-008
v -2.3 2.9 0.5
v -2.3 2.9 0.4
v -2.3 2.9 0.1
v -2.3 2.9 1.49012e-008
v -2.3 3.9 0.5
v -2.3 3.9 0.4
v -2.3 3.9 0.1
v -2.3 3.9 1.49012e-008
v -2.3 4.1 0.5
v -2.3 4.1 0.4
v -2.3 4.1 0.1
v -2.3 4.1 1.49012e-008
v -2.3 4.5 0.5
v -2.3 4.5 0.4
v -2.3 4.5 0.1
v -2.3 4.5 1.49012e-008
v -2.3 4.7 0.5
v -2.3 4.7 0.4
v -2.3 4.7 0.1
v -2.3 4.7 1.49012e-008
v -2.3 5.1 0.5
v -2.3 5.1 0.4
v -2.3 5.1 0.1
v -2.3 5.1 1.49012e-008
v -2.3 5.3 0.5
v -2.3 5.3 0.4
v -2.3 5.3 0.1
v -2.3 5.3 1.49012e-008
v -2.3 5.7 0.5
v -2.3 5.7 0.4
v -2.3 5.7 0.1
v -2.3 5.7 1.49012e-008
v -2.3 5.9 0.5
v -2.3 5.9 0.4
v -2.3 5.9 0.1
v -2.3 5.9 1.49012e-008
v -2.3 6.3 0.5
v -2.3 6.3 0.4
v -2.3 6.3 0.1
v -2.3 6.3 1.49012e-008
v -2.3 6.5 0.5
v -2.3 6.5 0.4
v -2.3 6.5 0.1
v -2.3 6.5 1.49012e-008
v -2.3 6.9 0.5
v -2.3 6.9 0.4
v -2.3 6.9 0.1
v -2.3 6.9 1.49012e-008
v -2.3 7.1 0.5
v -2.3 7.1 0.4
v -2.3 7.1 0.1
v -2.3 7.1 1.49012e-008
v -2.3 8.1 0.5
v -2.3 8.1 0.4
v -2.3 8.1 0.1
v -2.3 8.1 1.49012e-008
v -2.3 8.3 0.5
v -2.3 8.3 0.4
v -2.3 8.3 0.1
v -2.3 8.3 1.49012e-008
v -2.3 8.7 0.5
v -2.3 8.7 0.4
v -2.3 8.7 0.1
v -2.3 8.7 1.49012e-008
v -2.3 8.9 0.5
v -2.3 8.9 0.4
v -2.3 8.9 0.1
v -2.3 8.9 1.49012e-008
v -2 0 0.5
v -2 0 0.4
v -2 0 0.1
v -2 0 1.49012e-008
v -2 0.2 0.5
v -2 0.2 0.4
v -2 0.2 0.1
v -2 0.2 1.49012e-008
v -2 0.6 0.5
v -2 0.6 0.4
v -2 0.6 0.1
v -2 0.6 1.49012e-008
v -2 0.8 0.5
v -2 0.8 0.4
v -2 0.8 0.1
v -2 0.8 1.49012e-008
v -2 1.2 0.5
v -2 1.2 0.4
v -2 1.2 0.1
v -2 1.2 1.49012e-008
v -2 1.4 0.5
v -2 1.4 0.4
v -2 1.4 0.1
v -2 1.4 1.49012e-008
v -2 1.8 0.5
v -2 1.8 0.4
v -2 1.8 0.1
v -2 1.8 1.49012e-008
v -2 2 0.5
v -2 2 0.4
v -2 2 0.1
v -2 2 1.49012e-008
v -2 2.4 0.5
v -2 2.4 0.4
v -2 2.4 0.1
v -2 2.4 1.49012e-008
v -2 2.6 0.5
v -2 2.6 0.4
v -2 2.6 0.1
v -2 2.6 1.49012e-008
v -2 3.6 0.5
v -2 3.6 0.4
v -2 3.6 0.1
v -2 3.6 1.49012e-008
v -2 3.8 0.5
v -2 3.8 0.4
v -2 3.8 0.1
v -2 3.8 1.49012e-008
v -2 4.2 0.5
v -2 4.2 0.4
v -2 4.2 0.1
v -2 4.2 1.49012e-008
v -2 4.4 0.5
v -2 4.4 0.4
v -2 4.4 0.1
v -2 4.4 1.49012e-008
v -2 4.8 0.5
v -2 4.8 0.4
v -2 4.8 0.1
v -2 4.8 1.49012e-008
v -2 5 0.5
v -2 5 0.4
v -2 5 0.1
v -2 5 1.49012e-008
v -2 5.4 0.5
v -2 5.4 0.4
v -2 5.4 0.1
v -2 5.4 1.49012e-008
v -2 5.6 0.5
v -2 5.6 0.4
v -2 5.6 0.1
v -2 5.6 1.49012e-008
v -2 6.6 0.5
v -2 6.6 0.4
v -2 6.6 0.1
v -2 6.6 1.49012e-008
v -2 6.8 0.5
v -2 6.8 0.4
v -2 6.8 0.1
v -2 6.8 1.49012e-008
v -2 7.2 0.5
v -2 7.2 0.4
v -2 7.2 0.1
v -2 7.2 1.49012e-008
v -2 7.4 0.5
v -2 7.4 0.4
v -2 7.4 0.1
v -2 7.4 1.49012e-008
v -2 7.8 0.5
v -2 7.8 0.4
v -2 7.8 0.1
v -2 7.8 1.49012e-008
v -2 8 0.5
v -2 8 0.4
v -2 8 0.1
v -2 8 1.49012e-008
v -2 9 0.5
v -2 9 0.4
v -2 9 0.1
v -2 9 1.49012e-008
v -2 9.2 0.5
v -2 9.2 0.4
v -2 9.2 0.1
v -2 9.2 1.49012e-008
v -1.8 7.5 0.4
v -1.8 7.5 0.3
v -1.8 7.7 0.4
v -1.8 7.7 0.3
v -1.7 0.3 0.5
v -1.7 0.3 0.4
v -1.7 0.3 0.1
v -1.7 0.3 1.49012e-008
v -1.7 0.5 0.5
v -1.7 0.5 0.4
v -1.7 0.5 0.1
v -1.7 0.5 1.49012e-008
v -1.7 0.9 0.5
v -1.7 0.9 0.4
v -1.7 0.9 0.1
v -1.7 0.9 1.49012e-008
v -1.7 1.1 0.5
v -1.7 1.1 0.4
v -1.7 1.1 0.1
v -1.7 1.1 1.49012e-008
v -1.7 2.1 0.5
v -1.7 2.1 0.4
v -1.7 2.1 0.1
v -1.7 2.1 1.49012e-008
v -1.7 2.3 0.5
v -1.7 2.3 0.4
v -1.7 2.3 0.1
v -1.7 2.3 1.49012e-008
v -1.7 2.7 0.5
v -1.7 2.7 0.4
v -1.7 2.7 0.1
v -1.7 2.7 1.49012e-008
v -1.7 2.9 0.5
v -1.7 2.9 0.4
v -1.7 2.9 0.1
v -1.7 2.9 1.49012e-008
v -1.7 3.3 0.5
v -1.7 3.3 0.4
v -1.7 3.3 0.1
v -1.7 3.3 1.49012e-008
v -1.7 3.5 0.5
v -1.7 3.5 0.4
v -1.7 3.5 0.1
v -1.7 3.5 1.49012e-008
v -1.7 3.9 0.5
v -1.7 3.9 0.4
v -1.7 3.9 0.1
v -1.7 3.9 1.49012e-008
v -1.7 4.1 0.5
v -1.7 4.1 0.4
v -1.7 4.1 0.1
v -1.7 4.1 1.49012e-008
v -1.7 4.5 0.5
v -1.7 4.5 0.4
v -1.7 4.5 0.1
v -1.7 4.5 1.49012e-008
v -1.7 4.7 0.5
v -1.7 4.7 0.4
v -1.7 4.7 0.1
v -1.7 4.7 1.49012e-008
v -1.7 5.7 0.5
v -1.7 5.7 0.4
v -1.7 5.7 0.1
v -1.7 5.7 1.49012e-008
v -1.7 5.9 0.5
v -1.7 5.9 0.4
v -1.7 5.9 0.1
v -1.7 5.9 1.49012e-008
v -1.7 6.3 0.5
v -1.7 6.3 0.4
v -1.7 6.3 0.1
v -1.7 6.3 1.49012e-008
v -1.7 6.5 0.5
v -1.7 6.5 0.4
v -1.7 6.5 0.1
v -1.7 6.5 1.49012e-008
v -1.7 6.9 0.5
v -1.7 6.9 0.4
v -1.7 6.9 0.1
v -1.7 6.9 1.49012e-008
v -1.7 7.1 0.5
v -1.7 7.1 0.4
v -1.7 7.1 0.1
v -1.7 7.1 1.49012e-008
v -1.7 7.5 0.5
v -1.7 7.5 0.4
v -1.7 7.5 0.1
v -1.7 7.5 1.49012e-008
v -1.7 7.7 0.5
v -1.7 7.7 0.4
v -1.7 7.7 0.1
v -1.7 7.7 1.49012e-008
v -1.7 9.3 0.5
v -1.7 9.3 0.4
v -1.7 9.3 0.1
v -1.7 9.3 1.49012e-008
v -1.7 9.5 0.5
v -1.7 9.5 0.4
v -1.7 9.5 0.1
v -1.7 9.5 1.49012e-008
v -1.4 0.6 0.5
v -1.4 0.6 0.4
v -1.4 0.6 0.1
v -1.4 0.6 1.49012e-008
v -1.4 0.8 0.5
v -1.4 0.8 0.4
v -1.4 0.8 0.1
v -1.4 0.8 1.49012e-008
v -1.4 2.4 0.5
v -1.4 2.4 0.4
v -1.4 2.4 0.1
v -1.4 2.4 1.49012e-008
v -1.4 2.6 0.5
v -1.4 2.6 0.4
v -1.4 2.6 0.1
v -1.4 2.6 1.49012e-008
v -1.4 3 0.5
v -1.4 3 0.4
v -1.4 3 0.1
v -1.4 3 1.49012e-008
v -1.4 3.2 0.5
v -1.4 3.2 0.4
v -1.4 3.2 0.1
v -1.4 3.2 1.49012e-008
v -1.4 3.6 0.5
v -1.4 3.6 0.4
v -1.4 3.6 0.1
v -1.4 3.6 1.49012e-008
v -1.4 3.8 0.5
v -1.4 3.8 0.4
v -1.4 3.8 0.1
v -1.4 3.8 1.49012e-008
v -1.4 4.8 0.5
v -1.4 4.8 0.4
v -1.4 4.8 0.1
v -1.4 4.8 1.49012e-008
v -1.4 5 0.5
v -1.4 5 0.4
v -1.4 5 0.1
v -1.4 5 1.49012e-008
v -1.4 6 0.5
v -1.4 6 0.4
v -1.4 6 0.1
v -1.4 6 1.49012e-008
v -1.4 6.2 0.5
v -1.4 6.2 0.4
v -1.4 6.2 0.1
v -1.4 6.2 1.49012e-008
v -1.4 7.2 0.5
v -1.4 7.2 0.4
v -1.4 7.2 0.1
v -1.4 7.2 1.49012e-008
v -1.4 7.4 0.5
v -1.4 7.4 0.4
v -1.4 7.4 0.1
v -1.4 7.4 1.49012e-008
v -1.4 7.8 0.5
v -1.4 7.8 0.4
v -1.4 7.8 0.1
v -1.4 7.8 1.49012e-008
v -1.4 8 0.5
v -1.4 8 0.4
v -1.4 8 0.1
v -1.4 8 1.49012e-008
v -1.4 8.4 0.5
v -1.4 8.4 0.4
v -1.4 8.4 0.1
v -1.4 8.4 1.49012e-008
v -1.4 8.6 0.5
v -1.4 8.6 0.4
v -1.4 8.6 0.1
v -1.4 8.6 1.49012e-008
v -1.4 9 0.5
v -1.4 9 0.4
v -1.4 9 0.1
v -1.4 9 1.49012e-008
v -1.4 9.2 0.5
v -1.4 9.2 0.4
v -1.4 9.2 0.1
v -1.4 9.2 1.49012e-008
v -1.1 0.3 0.5
v -1.1 0.3 0.4
v -1.1 0.3 0.1
v -1.1 0.3 1.49012e-008
v -1.1 0.5 0.5
v -1.1 0.5 0.4
v -1.1 0.5 0.1
v -1.1 0.5 1.49012e-008
v -1.1 0.9 0.5
v -1.1 0.9 0.4
v -1.1 0.9 0.1
v -1.1 0.9 1.49012e-008
v -1.1 1.1 0.5
v -1.1 1.1 0.4
v -1.1 1.1 0.1
v -1.1 1.1 1.49012e-008
v -1.1 1.5 0.5
v -1.1 1.5 0.4
v -1.1 1.5 0.1
v -1.1 1.5 1.49012e-008
v -1.1 1.6 0.5
v -1.1 1.6 0.4
v -1.1 1.6 0.1
v -1.1 1.6 1.49012e-008
v -1.1 2.1 0.5
v -1.1 2.1 0.4
v -1.1 2.1 0.1
v -1.1 2.1 1.49012e-008
v -1.1 2.3 0.5
v -1.1 2.3 0.4
v -1.1 2.3 0.1
v -1.1 2.3 1.49012e-008
v -1.1 2.7 0.5
v -1.1 2.7 0.4
v -1.1 2.7 0.1
v -1.1 2.7 1.49012e-008
v -1.1 2.9 0.5
v -1.1 2.9 0.4
v -1.1 2.9 0.1
v -1.1 2.9 1.49012e-008
v -1.1 3.9 0.5
v -1.1 3.9 0.4
v -1.1 3.9 0.1
v -1.1 3.9 1.49012e-008
v -1.1 4.1 0.5
v -1.1 4.1 0.4
v -1.1 4.1 0.1
v -1.1 4.1 1.49012e-008
v -1.1 4.5 0.5
v -1.1 4.5 0.4
v -1.1 4.5 0.1
v -1.1 4.5 1.49012e-008
v -1.1 4.7 0.5
v -1.1 4.7 0.4
v -1.1 4.7 0.1
v -1.1 4.7 1.49012e-008
v -1.1 5.1 0.5
v -1.1 5.1 0.4
v -1.1 5.1 0.1
v -1.1 5.1 1.49012e-008
v -1.1 5.3 0.5
v -1.1 5.3 0.4
v -1.1 5.3 0.1
v -1.1 5.3 1.49012e-008
v -1.1 6.3 0.5
v -1.1 6.3 0.4
v -1.1 6.3 0.1
v -1.1 6.3 1.49012e-008
v -1.1 6.5 0.5
v -1.1 6.5 0.4
v -1.1 6.5 0.1
v -1.1 6.5 1.49012e-008
v -1.1 8.7 0.5
v -1.1 8.7 0.4
v -1.1 8.7 0.1
v -1.1 8.7 1.49012e-008
v -1.1 8.9 0.5
v -1.1 8.9 0.4
v -1.1 8.9 0.1
v -1.1 8.9 1.49012e-008
v -1.1 9.3 0.5
v -1.1 9.3 0.4
v -1.1 9.3 0.1
v -1.1 9.3 1.49012e-008
v -1.1 9.5 0.5
v -1.1 9.5 0.4
v -1.1 9.5 0.1
v -1.1 9.5 1.49012e-008
v -1 1.6 0.5
v -1 1.6 0.4
v -1 1.6 0.1
v -1 1.6 1.49012e-008
v -1 1.7 0.5
v -1 1.7 0.4
v -1 1.7 0.1
v -1 1.7 1.49012e-008
v -0.8 0 0.5
v -0.8 0 0.4
v -0.8 0 0.1
v -0.8 0 1.49012e-008
v -0.8 0.2 0.5
v -0.8 0.2 0.4
v -0.8 0.2 0.1
v -0.8 0.2 1.49012e-008
v -0.8 1.2 0.5
v -0.8 1.2 0.4
v -0.8 1.2 0.1
v -0.8 1.2 1.49012e-008
v -0.8 1.4 0.5
v -0.8 1.4 0.4
v -0.8 1.4 0.1
v -0.8 1.4 1.49012e-008
v -0.8 2.4 0.5
v -0.8 2.4 0.4
v -0.8 2.4 0.1
v -0.8 2.4 1.49012e-008
v -0.8 2.6 0.5
v -0.8 2.6 0.4
v -0.8 2.6 0.1
v -0.8 2.6 1.49012e-008
v -0.8 3 0.5
v -0.8 3 0.4
v -0.8 3 0.1
v -0.8 3 1.49012e-008
v -0.8 3.2 0.5
v -0.8 3.2 0.4
v -0.8 3.2 0.1
v -0.8 3.2 1.49012e-008
v -0.8 4.8 0.5
v -0.8 4.8 0.4
v -0.8 4.8 0.1
v -0.8 4.8 1.49012e-008
v -0.8 5 0.5
v -0.8 5 0.4
v -0.8 5 0.1
v -0.8 5 1.49012e-008
v -0.8 5.4 0.5
v -0.8 5.4 0.4
v -0.8 5.4 0.1
v -0.8 5.4 1.49012e-008
v -0.8 5.6 0.5
v -0.8 5.6 0.4
v -0.8 5.6 0.1
v -0.8 5.6 1.49012e-008
v -0.8 6 0.5
v -0.8 6 0.4
v -0.8 6 0.1
v -0.8 6 1.49012e-008
v -0.8 6.2 0.5
v -0.8 6.2 0.4
v -0.8 6.2 0.1
v -0.8 6.2 1.49012e-008
v -0.8 6.6 0.5
v -0.8 6.6 0.4
v -0.8 6.6 0.1
v -0.8 6.6 1.49012e-008
v -0.8 6.8 0.5
v -0.8 6.8 0.4
v -0.8 6.8 0.1
v -0.8 6.8 1.49012e-008
v -0.8 7.2 0.5
v -0.8 7.2 0.4
v -0.8 7.2 0.1
v -0.8 7.2 1.49012e-008
v -0.8 7.4 0.5
v -0.8 7.4 0.4
v -0.8 7.4 0.1
v -0.8 7.4 1.49012e-008
v -0.8 7.8 0.5
v -0.8 7.8 0.4
v -0.8 7.8 0.1
v -0.8 7.8 1.49012e-008
v -0.8 8 0.5
v -0.8 8 0.4
v -0.8 8 0.1
v -0.8 8 1.49012e-008
v -0.8 8.4 0.5
v -0.8 8.4 0.4
v -0.8 8.4 0.1
v -0.8 8.4 1.49012e-008
v -0.8 8.6 0.5
v -0.8 8.6 0.4
v -0.8 8.6 0.1
v -0.8 8.6 1.49012e-008
v -0.8 9 0.5
v -0.8 9 0.4
v -0.8 9 0.1
v -0.8 9 1.49012e-008
v -0.8 9.2 0.5
v -0.8 9.2 0.4
v -0.8 9.2 0.1
v -0.8 9.2 1.49012e-008
v -0.7 1.8 0.5
v -0.7 1.8 0.4
v -0.7 1.8 0.1
v -0.7 1.8 1.49012e-008
v -0.7 2 0.5
v -0.7 2 0.4
v -0.7 2 0.1
v -0.7 2 1.49012e-008
v -0.5 0.9 0.5
v -0.5 0.9 0.4
v -0.5 0.9 0.1
v -0.5 0.9 1.49012e-008
v -0.5 1.1 0.5
v -0.5 1.1 0.4
v -0.5 1.1 0.1
v -0.5 1.1 1.49012e-008
v -0.5 1.5 0.5
v -0.5 1.5 0.4
v -0.5 1.5 0.1
v -0.5 1.5 1.49012e-008
v -0.5 1.7 0.5
v -0.5 1.7 0.4
v -0.5 1.7 0.1
v -0.5 1.7 1.49012e-008
v -0.5 2.1 0.5
v -0.5 2.1 0.4
v -0.5 2.1 0.1
v -0.5 2.1 1.49012e-008
v -0.5 2.3 0.5
v -0.5 2.3 0.4
v -0.5 2.3 0.1
v -0.5 2.3 1.49012e-008
v -0.5 3.9 0.5
v -0.5 3.9 0.4
v -0.5 3.9 0.1
v -0.5 3.9 1.49012e-008
v -0.5 4.1 0.5
v -0.5 4.1 0.4
v -0.5 4.1 0.1
v -0.5 4.1 1.49012e-008
v -0.5 4.5 0.5
v -0.5 4.5 0.4
v -0.5 4.5 0.1
v -0.5 4.5 1.49012e-008
v -0.5 4.7 0.5
v -0.5 4.7 0.4
v -0.5 4.7 0.1
v -0.5 4.7 1.49012e-008
v -0.5 5.7 0.5
v -0.5 5.7 0.4
v -0.5 5.7 0.1
v -0.5 5.7 1.49012e-008
v -0.5 5.9 0.5
v -0.5 5.9 0.4
v -0.5 5.9 0.1
v -0.5 5.9 1.49012e-008
v -0.5 6.3 0.5
v -0.5 6.3 0.4
v -0.5 6.3 0.1
v -0.5 6.3 1.49012e-008
v -0.5 6.5 0.5
v -0.5 6.5 0.4
v -0.5 6.5 0.1
v -0.5 6.5 1.49012e-008
v -0.5 6.9 0.5
v -0.5 6.9 0.4
v -0.5 6.9 0.1
v -0.5 6.9 1.49012e-008
v -0.5 7.1 0.5
v -0.5 7.1 0.4
v -0.5 7.1 0.1
v -0.5 7.1 1.49012e-008
v -0.5 8.7 0.5
v -0.5 8.7 0.4
v -0.5 8.7 0.1
v -0.5 8.7 1.49012e-008
v -0.5 8.9 0.5
v -0.5 8.9 0.4
v -0.5 8.9 0.1
v -0.5 8.9 1.49012e-008
v -0.2 0 0.5
v -0.2 0 0.4
v -0.2 0 0.1
v -0.2 0 1.49012e-008
v -0.2 0.2 0.5
v -0.2 0.2 0.4
v -0.2 0.2 0.1
v -0.2 0.2 1.49012e-008
v -0.2 0.7 0.5
v -0.2 0.7 0.4
v -0.2 0.7 0.1
v -0.2 0.7 1.49012e-008
v -0.2 0.8 0.5
v -0.2 0.8 0.4
v -0.2 0.8 0.1
v -0.2 0.8 1.49012e-008
v -0.2 1.2 0.5
v -0.2 1.2 0.4
v -0.2 1.2 0.1
v -0.2 1.2 1.49012e-008
v -0.2 1.4 0.5
v -0.2 1.4 0.4
v -0.2 1.4 0.1
v -0.2 1.4 1.49012e-008
v -0.2 3 0.5
v -0.2 3 0.4
v -0.2 3 0.1
v -0.2 3 1.49012e-008
v -0.2 3.2 0.5
v -0.2 3.2 0.4
v -0.2 3.2 0.1
v -0.2 3.2 1.49012e-008
v -0.2 3.6 0.5
v -0.2 3.6 0.4
v -0.2 3.6 0.1
v -0.2 3.6 1.49012e-008
v -0.2 3.8 0.5
v -0.2 3.8 0.4
v -0.2 3.8 0.1
v -0.2 3.8 1.49012e-008
v -0.2 4.2 0.5
v -0.2 4.2 0.4
v -0.2 4.2 0.1
v -0.2 4.2 1.49012e-008
v -0.2 4.4 0.5
v -0.2 4.4 0.4
v -0.2 4.4 0.1
v -0.2 4.4 1.49012e-008
v -0.2 4.8 0.5
v -0.2 4.8 0.4
v -0.2 4.8 0.1
v -0.2 4.8 1.49012e-008
v -0.2 4.9 0.5
v -0.2 4.9 0.4
v -0.2 4.9 0.1
v -0.2 4.9 1.49012e-008
v -0.2 5.4 0.5
v -0.2 5.4 0.4
v -0.2 5.4 0.1
v -0.2 5.4 1.49012e-008
v -0.2 5.6 0.5
v -0.2 5.6 0.4
v -0.2 5.6 0.1
v -0.2 5.6 1.49012e-008
v -0.2 6 0.5
v -0.2 6 0.4
v -0.2 6 0.1
v -0.2 6 1.49012e-008
v -0.2 6.2 0.5
v -0.2 6.2 0.4
v -0.2 6.2 0.1
v -0.2 6.2 1.49012e-008
v -0.2 7.2 0.5
v -0.2 7.2 0.4
v -0.2 7.2 0.1
v -0.2 7.2 1.49012e-008
v -0.2 7.4 0.5
v -0.2 7.4 0.4
v -0.2 7.4 0.1
v -0.2 7.4 1.49012e-008
v -0.2 8.4 0.5
v -0.2 8.4 0.4
v -0.2 8.4 0.1
v -0.2 8.4 1.49012e-008
v -0.2 8.6 0.5
v -0.2 8.6 0.4
v -0.2 8.6 0.1
v -0.2 8.6 1.49012e-008
v -0.0999997 0.6 0.5
v -0.0999997 0.6 0.4
v -0.0999997 0.6 0.1
v -0.0999997 0.6 1.49012e-008
v -0.0999997 0.7 0.5
v -0.0999997 0.7 0.4
v -0.0999997 0.7 0.1
v -0.0999997 0.7 1.49012e-008
v 2.68221e-007 4.9 0.5
v 2.68221e-007 4.9 0.4
v 2.68221e-007 4.9 0.1
v 2.68221e-007 4.9 1.49012e-008
v 2.68221e-007 5 0.5
v 2.68221e-007 5 0.4
v 2.68221e-007 5 0.1
v 2.68221e-007 5 1.49012e-008
v 0.1 0.3 0.5
v 0.1 0.3 0.4
v 0.1 0.3 0.1
v 0.1 0.3 1.49012e-008
v 0.1 0.5 0.5
v 0.1 0.5 0.4
v 0.1 0.5 0.1
v 0.1 0.5 1.49012e-008
v 0.1 0.9 0.5
v 0.1 0.9 0.4
v 0.1 0.9 0.1
v 0.1 0.9 1.49012e-008
v 0.1 1.1 0.5
v 0.1 1.1 0.4
v 0.1 1.1 0.1
v 0.1 1.1 1.49012e-008
v 0.1 1.5 0.5
v 0.1 1.5 0.4
v 0.1 1.5 0.1
v 0.1 1.5 1.49012e-008
v 0.1 1.7 0.5
v 0.1 1.7 0.4
v 0.1 1.7 0.1
v 0.1 1.7 1.49012e-008
v 0.1 2.7 0.5
v 0.1 2.7 0.4
v 0.1 2.7 0.1
v 0.1 2.7 1.49012e-008
v 0.1 2.9 0.5
v 0.1 2.9 0.4
v 0.1 2.9 0.1
v 0.1 2.9 1.49012e-008
v 0.1 3.9 0.5
v 0.1 3.9 0.4
v 0.1 3.9 0.1
v 0.1 3.9 1.49012e-008
v 0.1 4.1 0.5
v 0.1 4.1 0.4
v 0.1 4.1 0.1
v 0.1 4.1 1.49012e-008
v 0.1 5.2 0.5
v 0.1 5.2 0.4
v 0.1 5.2 0.1
v 0.1 5.2 1.49012e-008
v 0.1 5.3 0.5
v 0.1 5.3 0.4
v 0.1 5.3 0.1
v 0.1 5.3 1.49012e-008
v 0.1 5.7 0.5
v 0.1 5.7 0.4
v 0.1 5.7 0.1
v 0.1 5.7 1.49012e-008
v 0.1 5.9 0.5
v 0.1 5.9 0.4
v 0.1 5.9 0.1
v 0.1 5.9 1.49012e-008
v 0.1 6.3 0.5
v 0.1 6.3 0.4
v 0.1 6.3 0.1
v 0.1 6.3 1.49012e-008
v 0.1 6.5 0.5
v 0.1 6.5 0.4
v 0.1 6.5 0.1
v 0.1 6.5 1.49012e-008
v 0.1 7.5 0.5
v 0.1 7.5 0.4
v 0.1 7.5 0.1
v 0.1 7.5 1.49012e-008
v 0.1 7.7 0.5
v 0.1 7.7 0.4
v 0.1 7.7 0.1
v 0.1 7.7 1.49012e-008
v 0.2 5.1 0.5
v 0.2 5.1 0.4
v 0.2 5.1 0.1
v 0.2 5.1 1.49012e-008
v 0.2 5.2 0.5
v 0.2 5.2 0.4
v 0.2 5.2 0.1
v 0.2 5.2 1.49012e-008
v 0.4 0 0.5
v 0.4 0 0.4
v 0.4 0 0.1
v 0.4 0 1.49012e-008
v 0.4 0.2 0.5
v 0.4 0.2 0.4
v 0.4 0.2 0.1
v 0.4 0.2 1.49012e-008
v 0.4 0.6 0.5
v 0.4 0.6 0.4
v 0.4 0.6 0.1
v 0.4 0.6 1.49012e-008
v 0.4 0.8 0.5
v 0.4 0.8 0.4
v 0.4 0.8 0.1
v 0.4 0.8 1.49012e-008
v 0.4 1.8 0.5
v 0.4 1.8 0.4
v 0.4 1.8 0.1
v 0.4 1.8 1.49012e-008
v 0.4 2 0.5
v 0.4 2 0.4
v 0.4 2 0.1
v 0.4 2 1.49012e-008
v 0.4 2.4 0.5
v 0.4 2.4 0.4
v 0.4 2.4 0.1
v 0.4 2.4 1.49012e-008
v 0.4 2.6 0.5
v 0.4 2.6 0.4
v 0.4 2.6 0.1
v 0.4 2.6 1.49012e-008
v 0.4 3 0.5
v 0.4 3 0.4
v 0.4 3 0.1
v 0.4 3 1.49012e-008
v 0.4 3.2 0.5
v 0.4 3.2 0.4
v 0.4 3.2 0.1
v 0.4 3.2 1.49012e-008
v 0.4 4.2 0.5
v 0.4 4.2 0.4
v 0.4 4.2 0.1
v 0.4 4.2 1.49012e-008
v 0.4 4.4 0.5
v 0.4 4.4 0.4
v 0.4 4.4 0.1
v 0.4 4.4 1.49012e-008
v 0.4 4.8 0.5
v 0.4 4.8 0.4
v 0.4 4.8 0.1
v 0.4 4.8 1.49012e-008
v 0.4 5 0.5
v 0.4 5 0.4
v 0.4 5 0.1
v 0.4 5 1.49012e-008
v 0.4 5.4 0.5
v 0.4 5.4 0.4
v 0.4 5.4 0.1
v 0.4 5.4 1.49012e-008
v 0.4 5.6 0.5
v 0.4 5.6 0.4
v 0.4 5.6 0.1
v 0.4 5.6 1.49012e-008
v 0.4 6.6 0.5
v 0.4 6.6 0.4
v 0.4 6.6 0.1
v 0.4 6.6 1.49012e-008
v 0.4 6.8 0.5
v 0.4 6.8 0.4
v 0.4 6.8 0.1
v 0.4 6.8 1.49012e-008
v 0.4 7.2 0.5
v 0.4 7.2 0.4
v 0.4 7.2 0.1
v 0.4 7.2 1.49012e-008
v 0.4 7.4 0.5
v 0.4 7.4 0.4
v 0.4 7.4 0.1
v 0.4 7.4 1.49012e-008
v 0.4 7.8 0.5
v 0.4 7.8 0.4
v 0.4 7.8 0.1
v 0.4 7.8 1.49012e-008
v 0.4 8 0.5
v 0.4 8 0.4
v 0.4 8 0.1
v 0.4 8 1.49012e-008
v 0.5 9 0.5
v 0.5 9 0.4
v 0.5 9 0.1
v 0.5 9 1.49012e-008
v 0.5 9.2 0.5
v 0.5 9.2 0.4
v 0.5 9.2 0.1
v 0.5 9.2 1.49012e-008
v 0.7 0.3 0.5
v 0.7 0.3 0.4
v 0.7 0.3 0.1
v 0.7 0.3 1.49012e-008
v 0.7 0.5 0.5
v 0.7 0.5 0.4
v 0.7 0.5 0.1
v 0.7 0.5 1.49012e-008
v 0.7 0.9 0.5
v 0.7 0.9 0.4
v 0.7 0.9 0.1
v 0.7 0.9 1.49012e-008
v 0.7 1.1 0.5
v 0.7 1.1 0.4
v 0.7 1.1 0.1
v 0.7 1.1 1.49012e-008
v 0.7 2.1 0.5
v 0.7 2.1 0.4
v 0.7 2.1 0.1
v 0.7 2.1 1.49012e-008
v 0.7 2.3 0.5
v 0.7 2.3 0.4
v 0.7 2.3 0.1
v 0.7 2.3 1.49012e-008
v 0.7 2.7 0.5
v 0.7 2.7 0.4
v 0.7 2.7 0.1
v 0.7 2.7 1.49012e-008
v 0.7 2.9 0.5
v 0.7 2.9 0.4
v 0.7 2.9 0.1
v 0.7 2.9 1.49012e-008
v 0.7 3.3 0.5
v 0.7 3.3 0.4
v 0.7 3.3 0.1
v 0.7 3.3 1.49012e-008
v 0.7 3.5 0.5
v 0.7 3.5 0.4
v 0.7 3.5 0.1
v 0.7 3.5 1.49012e-008
v 0.7 3.9 0.5
v 0.7 3.9 0.4
v 0.7 3.9 0.1
v 0.7 3.9 1.49012e-008
v 0.7 4.1 0.5
v 0.7 4.1 0.4
v 0.7 4.1 0.1
v 0.7 4.1 1.49012e-008
v 0.7 4.5 0.5
v 0.7 4.5 0.4
v 0.7 4.5 0.1
v 0.7 4.5 1.49012e-008
v 0.7 4.7 0.5
v 0.7 4.7 0.4
v 0.7 4.7 0.1
v 0.7 4.7 1.49012e-008
v 0.7 5.7 0.5
v 0.7 5.7 0.4
v 0.7 5.7 0.1
v 0.7 5.7 1.49012e-008
v 0.7 5.9 0.5
v 0.7 5.9 0.4
v 0.7 5.9 0.1
v 0.7 5.9 1.49012e-008
v 0.7 6.9 0.5
v 0.7 6.9 0.4
v 0.7 6.9 0.1
v 0.7 6.9 1.49012e-008
v 0.7 7.1 0.5
v 0.7 7.1 0.4
v 0.7 7.1 0.1
v 0.7 7.1 1.49012e-008
v 0.7 7.5 0.5
v 0.7 7.5 0.4
v 0.7 7.5 0.1
v 0.7 7.5 1.49012e-008
v 0.7 7.7 0.5
v 0.7 7.7 0.4
v 0.7 7.7 0.1
v 0.7 7.7 1.49012e-008
v 0.7 8.1 0.5
v 0.7 8.1 0.4
v 0.7 8.1 0.1
v 0.7 8.1 1.49012e-008
v 0.7 8.3 0.5
v 0.7 8.3 0.4
v 0.7 8.3 0.1
v 0.7 8.3 1.49012e-008
v 0.7 9.3 0.5
v 0.7 9.3 0.4
v 0.7 9.3 0.1
v 0.7 9.3 1.49012e-008
v 0.7 9.5 0.5
v 0.7 9.5 0.4
v 0.7 9.5 0.1
v 0.7 9.5 1.49012e-008
v 0.8 8.7 0.5
v 0.8 8.7 0.4
v 0.8 8.7 0.1
v 0.8 8.7 1.49012e-008
v 0.8 8.9 0.5
v 0.8 8.9 0.4
v 0.8 8.9 0.1
v 0.8 8.9 1.49012e-008
v 1 1.2 0.5
v 1 1.2 0.4
v 1 1.2 0.1
v 1 1.2 1.49012e-008
v 1 1.4 0.5
v 1 1.4 0.4
v 1 1.4 0.1
v 1 1.4 1.49012e-008
v 1 1.9 0.5
v 1 1.9 0.4
v 1 1.9 0.1
v 1 1.9 1.49012e-008
v 1 2 0.5
v 1 2 0.4
v 1 2 0.1
v 1 2 1.49012e-008
v 1 2.4 0.5
v 1 2.4 0.4
v 1 2.4 0.1
v 1 2.4 1.49012e-008
v 1 2.6 0.5
v 1 2.6 0.4
v 1 2.6 0.1
v 1 2.6 1.49012e-008
v 1 3 0.5
v 1 3 0.4
v 1 3 0.1
v 1 3 1.49012e-008
v 1 3.2 0.5
v 1 3.2 0.4
v 1 3.2 0.1
v 1 3.2 1.49012e-008
v 1 3.6 0.5
v 1 3.6 0.4
v 1 3.6 0.1
v 1 3.6 1.49012e-008
v 1 3.8 0.5
v 1 3.8 0.4
v 1 3.8 0.1
v 1 3.8 1.49012e-008
v 1 6 0.5
v 1 6 0.4
v 1 6 0.1
v 1 6 1.49012e-008
v 1 6.2 0.5
v 1 6.2 0.4
v 1 6.2 0.1
v 1 6.2 1.49012e-008
v 1 6.6 0.5
v 1 6.6 0.4
v 1 6.6 0.1
v 1 6.6 1.49012e-008
v 1 6.8 0.5
v 1 6.8 0.4
v 1 6.8 0.1
v 1 6.8 1.49012e-008
v 1 7.2 0.5
v 1 7.2 0.4
v 1 7.2 0.1
v 1 7.2 1.49012e-008
v 1 7.4 0.5
v 1 7.4 0.4
v 1 7.4 0.1
v 1 7.4 1.49012e-008
v 1 7.8 0.5
v 1 7.8 0.4
v 1 7.8 0.1
v 1 7.8 1.49012e-008
v 1 8 0.5
v 1 8 0.4
v 1 8 0.1
v 1 8 1.49012e-008
v 1 8.4 0.5
v 1 8.4 0.4
v 1 8.4 0.1
v 1 8.4 1.49012e-008
v 1 8.6 0.5
v 1 8.6 0.4
v 1 8.6 0.1
v 1 8.6 1.49012e-008
v 1 9 0.5
v 1 9 0.4
v 1 9 0.1
v 1 9 1.49012e-008
v 1 9.2 0.5
v 1 9.2 0.4
v 1 9.2 0.1
v 1 9.2 1.49012e-008
v 1.2 1.8 0.5
v 1.2 1.8 0.4
v 1.2 1.8 0.1
v 1.2 1.8 1.49012e-008
v 1.2 1.9 0.5
v 1.2 1.9 0.4
v 1.2 1.9 0.1
v 1.2 1.9 1.49012e-008
v 1.3 0.3 0.5
v 1.3 0.3 0.4
v 1.3 0.3 0.1
v 1.3 0.3 1.49012e-008
v 1.3 0.5 0.5
v 1.3 0.5 0.4
v 1.3 0.5 0.1
v 1.3 0.5 1.49012e-008
v 1.3 0.9 0.5
v 1.3 0.9 0.4
v 1.3 0.9 0.1
v 1.3 0.9 1.49012e-008
v 1.3 1.1 0.5
v 1.3 1.1 0.4
v 1.3 1.1 0.1
v 1.3 1.1 1.49012e-008
v 1.3 1.5 0.5
v 1.3 1.5 0.4
v 1.3 1.5 0.1
v 1.3 1.5 1.49012e-008
v 1.3 1.6 0.5
v 1.3 1.6 0.4
v 1.3 1.6 0.1
v 1.3 1.6 1.49012e-008
v 1.3 2.1 0.5
v 1.3 2.1 0.4
v 1.3 2.1 0.1
v 1.3 2.1 1.49012e-008
v 1.3 2.3 0.5
v 1.3 2.3 0.4
v 1.3 2.3 0.1
v 1.3 2.3 1.49012e-008
v 1.3 2.7 0.5
v 1.3 2.7 0.4
v 1.3 2.7 0.1
v 1.3 2.7 1.49012e-008
v 1.3 2.9 0.5
v 1.3 2.9 0.4
v 1.3 2.9 0.1
v 1.3 2.9 1.49012e-008
v 1.3 3.3 0.5
v 1.3 3.3 0.4
v 1.3 3.3 0.1
v 1.3 3.3 1.49012e-008
v 1.3 3.5 0.5
v 1.3 3.5 0.4
v 1.3 3.5 0.1
v 1.3 3.5 1.49012e-008
v 1.3 3.9 0.5
v 1.3 3.9 0.4
v 1.3 3.9 0.1
v 1.3 3.9 1.49012e-008
v 1.3 4.1 0.5
v 1.3 4.1 0.4
v 1.3 4.1 0.1
v 1.3 4.1 1.49012e-008
v 1.3 5.1 0.5
v 1.3 5.1 0.4
v 1.3 5.1 0.1
v 1.3 5.1 1.49012e-008
v 1.3 5.2 0.5
v 1.3 5.2 0.4
v 1.3 5.2 0.1
v 1.3 5.2 1.49012e-008
v 1.3 6.3 0.5
v 1.3 6.3 0.4
v 1.3 6.3 0.1
v 1.3 6.3 1.49012e-008
v 1.3 6.5 0.5
v 1.3 6.5 0.4
v 1.3 6.5 0.1
v 1.3 6.5 1.49012e-008
v 1.3 8.1 0.5
v 1.3 8.1 0.4
v 1.3 8.1 0.1
v 1.3 8.1 1.49012e-008
v 1.3 8.3 0.5
v 1.3 8.3 0.4
v 1.3 8.3 0.1
v 1.3 8.3 1.49012e-008
v 1.3 8.7 0.5
v 1.3 8.7 0.4
v 1.3 8.7 0.1
v 1.3 8.7 1.49012e-008
v 1.3 8.9 0.5
v 1.3 8.9 0.4
v 1.3 8.9 0.1
v 1.3 8.9 1.49012e-008
v 1.4 1.6 0.5
v 1.4 1.6 0.4
v 1.4 1.6 0.1
v 1.4 1.6 1.49012e-008
v 1.4 1.7 0.5
v 1.4 1.7 0.4
v 1.4 1.7 0.1
v 1.4 1.7 1.49012e-008
v 1.4 5.2 0.5
v 1.4 5.2 0.4
v 1.4 5.2 0.1
v 1.4 5.2 1.49012e-008
v 1.4 5.3 0.5
v 1.4 5.3 0.4
v 1.4 5.3 0.1
v 1.4 5.3 1.49012e-008
v 1.6 0 0.5
v 1.6 0 0.4
v 1.6 0 0.1
v 1.6 0 1.49012e-008
v 1.6 0.2 0.5
v 1.6 0.2 0.4
v 1.6 0.2 0.1
v 1.6 0.2 1.49012e-008
v 1.6 0.6 0.5
v 1.6 0.6 0.4
v 1.6 0.6 0.1
v 1.6 0.6 1.49012e-008
v 1.6 0.8 0.5
v 1.6 0.8 0.4
v 1.6 0.8 0.1
v 1.6 0.8 1.49012e-008
v 1.6 1.2 0.5
v 1.6 1.2 0.4
v 1.6 1.2 0.1
v 1.6 1.2 1.49012e-008
v 1.6 1.4 0.5
v 1.6 1.4 0.4
v 1.6 1.4 0.1
v 1.6 1.4 1.49012e-008
v 1.6 1.8 0.5
v 1.6 1.8 0.4
v 1.6 1.8 0.1
v 1.6 1.8 1.49012e-008
v 1.6 2 0.5
v 1.6 2 0.4
v 1.6 2 0.1
v 1.6 2 1.49012e-008
v 1.6 3 0.5
v 1.6 3 0.4
v 1.6 3 0.1
v 1.6 3 1.49012e-008
v 1.6 3.2 0.5
v 1.6 3.2 0.4
v 1.6 3.2 0.1
v 1.6 3.2 1.49012e-008
v 1.6 4.2 0.5
v 1.6 4.2 0.4
v 1.6 4.2 0.1
v 1.6 4.2 1.49012e-008
v 1.6 4.3 0.5
v 1.6 4.3 0.4
v 1.6 4.3 0.1
v 1.6 4.3 1.49012e-008
v 1.6 4.9 0.5
v 1.6 4.9 0.4
v 1.6 4.9 0.1
v 1.6 4.9 1.49012e-008
v 1.6 5 0.5
v 1.6 5 0.4
v 1.6 5 0.1
v 1.6 5 1.49012e-008
v 1.6 5.4 0.5
v 1.6 5.4 0.4
v 1.6 5.4 0.1
v 1.6 5.4 1.49012e-008
v 1.6 5.6 0.5
v 1.6 5.6 0.4
v 1.6 5.6 0.1
v 1.6 5.6 1.49012e-008
v 1.6 6 0.5
v 1.6 6 0.4
v 1.6 6 0.1
v 1.6 6 1.49012e-008
v 1.6 6.2 0.5
v 1.6 6.2 0.4
v 1.6 6.2 0.1
v 1.6 6.2 1.49012e-008
v 1.6 6.6 0.5
v 1.6 6.6 0.4
v 1.6 6.6 0.1
v 1.6 6.6 1.49012e-008
v 1.6 6.8 0.5
v 1.6 6.8 0.4
v 1.6 6.8 0.1
v 1.6 6.8 1.49012e-008
v 1.7 4.3 0.5
v 1.7 4.3 0.4
v 1.7 4.3 0.1
v 1.7 4.3 1.49012e-008
v 1.7 4.4 0.5
v 1.7 4.4 0.4
v 1.7 4.4 0.1
v 1.7 4.4 1.49012e-008
v 1.7 4.8 0.5
v 1.7 4.8 0.4
v 1.7 4.8 0.1
v 1.7 4.8 1.49012e-008
v 1.7 4.9 0.5
v 1.7 4.9 0.4
v 1.7 4.9 0.1
v 1.7 4.9 1.49012e-008
v 1.9 0.3 0.5
v 1.9 0.3 0.4
v 1.9 0.3 0.1
v 1.9 0.3 1.49012e-008
v 1.9 0.5 0.5
v 1.9 0.5 0.4
v 1.9 0.5 0.1
v 1.9 0.5 1.49012e-008
v 1.9 0.9 0.5
v 1.9 0.9 0.4
v 1.9 0.9 0.1
v 1.9 0.9 1.49012e-008
v 1.9 1.1 0.5
v 1.9 1.1 0.4
v 1.9 1.1 0.1
v 1.9 1.1 1.49012e-008
v 1.9 1.5 0.5
v 1.9 1.5 0.4
v 1.9 1.5 0.1
v 1.9 1.5 1.49012e-008
v 1.9 1.7 0.5
v 1.9 1.7 0.4
v 1.9 1.7 0.1
v 1.9 1.7 1.49012e-008
v 1.9 2.1 0.5
v 1.9 2.1 0.4
v 1.9 2.1 0.1
v 1.9 2.1 1.49012e-008
v 1.9 2.2 0.5
v 1.9 2.2 0.4
v 1.9 2.2 0.1
v 1.9 2.2 1.49012e-008
v 1.9 3.3 0.5
v 1.9 3.3 0.4
v 1.9 3.3 0.1
v 1.9 3.3 1.49012e-008
v 1.9 3.5 0.5
v 1.9 3.5 0.4
v 1.9 3.5 0.1
v 1.9 3.5 1.49012e-008
v 1.9 5.1 0.5
v 1.9 5.1 0.4
v 1.9 5.1 0.1
v 1.9 5.1 1.49012e-008
v 1.9 5.3 0.5
v 1.9 5.3 0.4
v 1.9 5.3 0.1
v 1.9 5.3 1.49012e-008
v 1.9 5.7 0.5
v 1.9 5.7 0.4
v 1.9 5.7 0.1
v 1.9 5.7 1.49012e-008
v 1.9 5.9 0.5
v 1.9 5.9 0.4
v 1.9 5.9 0.1
v 1.9 5.9 1.49012e-008
v 1.9 6.3 0.5
v 1.9 6.3 0.4
v 1.9 6.3 0.1
v 1.9 6.3 1.49012e-008
v 1.9 6.5 0.5
v 1.9 6.5 0.4
v 1.9 6.5 0.1
v 1.9 6.5 1.49012e-008
v 1.9 7.5 0.5
v 1.9 7.5 0.4
v 1.9 7.5 0.1
v 1.9 7.5 1.49012e-008
v 1.9 7.7 0.5
v 1.9 7.7 0.4
v 1.9 7.7 0.1
v 1.9 7.7 1.49012e-008
v 1.9 8.1 0.5
v 1.9 8.1 0.4
v 1.9 8.1 0.1
v 1.9 8.1 1.49012e-008
v 1.9 8.3 0.5
v 1.9 8.3 0.4
v 1.9 8.3 0.1
v 1.9 8.3 1.49012e-008
v 1.9 9.3 0.5
v 1.9 9.3 0.4
v 1.9 9.3 0.1
v 1.9 9.3 1.49012e-008
v 1.9 9.5 0.5
v 1.9 9.5 0.4
v 1.9 9.5 0.1
v 1.9 9.5 1.49012e-008
v 2 2.2 0.4
v 2 2.2 0.3
v 2 2.3 0.4
v 2 2.3 0.3
v 2 4.5 0.5
v 2 4.5 0.4
v 2 4.5 0.1
v 2 4.5 1.49012e-008
v 2 4.7 0.5
v 2 4.7 0.4
v 2 4.7 0.1
v 2 4.7 1.49012e-008
v 2.1 2.2 0.5
v 2.1 2.2 0.4
v 2.1 2.2 0.1
v 2.1 2.2 1.49012e-008
v 2.1 2.3 0.5
v 2.1 2.3 0.4
v 2.1 2.3 0.1
v 2.1 2.3 1.49012e-008
v 2.2 0 0.5
v 2.2 0 0.4
v 2.2 0 0.1
v 2.2 0 1.49012e-008
v 2.2 0.2 0.5
v 2.2 0.2 0.4
v 2.2 0.2 0.1
v 2.2 0.2 1.49012e-008
v 2.2 1.2 0.5
v 2.2 1.2 0.4
v 2.2 1.2 0.1
v 2.2 1.2 1.49012e-008
v 2.2 1.4 0.5
v 2.2 1.4 0.4
v 2.2 1.4 0.1
v 2.2 1.4 1.49012e-008
v 2.2 2.4 0.5
v 2.2 2.4 0.4
v 2.2 2.4 0.1
v 2.2 2.4 1.49012e-008
v 2.2 2.5 0.5
v 2.2 2.5 0.4
v 2.2 2.5 0.1
v 2.2 2.5 1.49012e-008
v 2.2 3.1 0.5
v 2.2 3.1 0.4
v 2.2 3.1 0.1
v 2.2 3.1 1.49012e-008
v 2.2 3.2 0.5
v 2.2 3.2 0.4
v 2.2 3.2 0.1
v 2.2 3.2 1.49012e-008
v 2.2 3.6 0.5
v 2.2 3.6 0.4
v 2.2 3.6 0.1
v 2.2 3.6 1.49012e-008
v 2.2 3.8 0.5
v 2.2 3.8 0.4
v 2.2 3.8 0.1
v 2.2 3.8 1.49012e-008
v 2.2 4.8 0.5
v 2.2 4.8 0.4
v 2.2 4.8 0.1
v 2.2 4.8 1.49012e-008
v 2.2 5 0.5
v 2.2 5 0.4
v 2.2 5 0.1
v 2.2 5 1.49012e-008
v 2.2 5.4 0.5
v 2.2 5.4 0.4
v 2.2 5.4 0.1
v 2.2 5.4 1.49012e-008
v 2.2 5.6 0.5
v 2.2 5.6 0.4
v 2.2 5.6 0.1
v 2.2 5.6 1.49012e-008
v 2.2 6 0.5
v 2.2 6 0.4
v 2.2 6 0.1
v 2.2 6 1.49012e-008
v 2.2 6.2 0.5
v 2.2 6.2 0.4
v 2.2 6.2 0.1
v 2.2 6.2 1.49012e-008
v 2.2 6.6 0.5
v 2.2 6.6 0.4
v 2.2 6.6 0.1
v 2.2 6.6 1.49012e-008
v 2.2 6.8 0.5
v 2.2 6.8 0.4
v 2.2 6.8 0.1
v 2.2 6.8 1.49012e-008
v 2.2 7.8 0.5
v 2.2 7.8 0.4
v 2.2 7.8 0.1
v 2.2 7.8 1.49012e-008
v 2.2 7.9 0.5
v 2.2 7.9 0.4
v 2.2 7.9 0.1
v 2.2 7.9 1.49012e-008
v 2.2 8.4 0.5
v 2.2 8.4 0.4
v 2.2 8.4 0.1
v 2.2 8.4 1.49012e-008
v 2.2 8.6 0.5
v 2.2 8.6 0.4
v 2.2 8.6 0.1
v 2.2 8.6 1.49012e-008
v 2.2 9 0.5
v 2.2 9 0.4
v 2.2 9 0.1
v 2.2 9 1.49012e-008
v 2.2 9.2 0.5
v 2.2 9.2 0.4
v 2.2 9.2 0.1
v 2.2 9.2 1.49012e-008
v 2.3 7.9 0.5
v 2.3 7.9 0.4
v 2.3 7.9 0.1
v 2.3 7.9 1.49012e-008
v 2.3 8 0.5
v 2.3 8 0.4
v 2.3 8 0.1
v 2.3 8 1.49012e-008
v 2.4 3 0.5
v 2.4 3 0.4
v 2.4 3 0.1
v 2.4 3 1.49012e-008
v 2.4 3.1 0.5
v 2.4 3.1 0.4
v 2.4 3.1 0.1
v 2.4 3.1 1.49012e-008
v 2.5 0.9 0.5
v 2.5 0.9 0.4
v 2.5 0.9 0.1
v 2.5 0.9 1.49012e-008
v 2.5 1.1 0.5
v 2.5 1.1 0.4
v 2.5 1.1 0.1
v 2.5 1.1 1.49012e-008
v 2.5 1.5 0.5
v 2.5 1.5 0.4
v 2.5 1.5 0.1
v 2.5 1.5 1.49012e-008
v 2.5 1.7 0.5
v 2.5 1.7 0.4
v 2.5 1.7 0.1
v 2.5 1.7 1.49012e-008
v 2.5 2.1 0.5
v 2.5 2.1 0.4
v 2.5 2.1 0.1
v 2.5 2.1 1.49012e-008
v 2.5 2.3 0.5
v 2.5 2.3 0.4
v 2.5 2.3 0.1
v 2.5 2.3 1.49012e-008
v 2.5 2.5 0.5
v 2.5 2.5 0.4
v 2.5 2.5 0.1
v 2.5 2.5 1.49012e-008
v 2.5 2.6 0.5
v 2.5 2.6 0.4
v 2.5 2.6 0.1
v 2.5 2.6 1.49012e-008
v 2.5 3.3 0.5
v 2.5 3.3 0.4
v 2.5 3.3 0.1
v 2.5 3.3 1.49012e-008
v 2.5 3.5 0.5
v 2.5 3.5 0.4
v 2.5 3.5 0.1
v 2.5 3.5 1.49012e-008
v 2.5 3.9 0.5
v 2.5 3.9 0.4
v 2.5 3.9 0.1
v 2.5 3.9 1.49012e-008
v 2.5 4.1 0.5
v 2.5 4.1 0.4
v 2.5 4.1 0.1
v 2.5 4.1 1.49012e-008
v 2.5 4.5 0.5
v 2.5 4.5 0.4
v 2.5 4.5 0.1
v 2.5 4.5 1.49012e-008
v 2.5 4.7 0.5
v 2.5 4.7 0.4
v 2.5 4.7 0.1
v 2.5 4.7 1.49012e-008
v 2.5 6.3 0.5
v 2.5 6.3 0.4
v 2.5 6.3 0.1
v 2.5 6.3 1.49012e-008
v 2.5 6.5 0.5
v 2.5 6.5 0.4
v 2.5 6.5 0.1
v 2.5 6.5 1.49012e-008
v 2.5 6.9 0.5
v 2.5 6.9 0.4
v 2.5 6.9 0.1
v 2.5 6.9 1.49012e-008
v 2.5 7.1 0.5
v 2.5 7.1 0.4
v 2.5 7.1 0.1
v 2.5 7.1 1.49012e-008
v 2.5 7.5 0.5
v 2.5 7.5 0.4
v 2.5 7.5 0.1
v 2.5 7.5 1.49012e-008
v 2.5 7.7 0.5
v 2.5 7.7 0.4
v 2.5 7.7 0.1
v 2.5 7.7 1.49012e-008
v 2.5 8.1 0.5
v 2.5 8.1 0.4
v 2.5 8.1 0.1
v 2.5 8.1 1.49012e-008
v 2.5 8.3 0.5
v 2.5 8.3 0.4
v 2.5 8.3 0.1
v 2.5 8.3 1.49012e-008
v 2.5 8.7 0.5
v 2.5 8.7 0.4
v 2.5 8.7 0.1
v 2.5 8.7 1.49012e-008
v 2.5 8.9 0.5
v 2.5 8.9 0.4
v 2.5 8.9 0.1
v 2.5 8.9 1.49012e-008
v 2.5 9.3 0.5
v 2.5 9.3 0.4
v 2.5 9.3 0.1
v 2.5 9.3 1.49012e-008
v 2.5 9.5 0.5
v 2.5 9.5 0.4
v 2.5 9.5 0.1
v 2.5 9.5 1.49012e-008
v 2.6 2.7 0.5
v 2.6 2.7 0.4
v 2.6 2.7 0.1
v 2.6 2.7 1.49012e-008
v 2.6 2.9 0.5
v 2.6 2.9 0.4
v 2.6 2.9 0.1
v 2.6 2.9 1.49012e-008
v 2.8 0 0.5
v 2.8 0 0.4
v 2.8 0 0.1
v 2.8 0 1.49012e-008
v 2.8 0.2 0.5
v 2.8 0.2 0.4
v 2.8 0.2 0.1
v 2.8 0.2 1.49012e-008
v 2.8 0.6 0.5
v 2.8 0.6 0.4
v 2.8 0.6 0.1
v 2.8 0.6 1.49012e-008
v 2.8 0.8 0.5
v 2.8 0.8 0.4
v 2.8 0.8 0.1
v 2.8 0.8 1.49012e-008
v 2.8 1.8 0.5
v 2.8 1.8 0.4
v 2.8 1.8 0.1
v 2.8 1.8 1.49012e-008
v 2.8 2 0.5
v 2.8 2 0.4
v 2.8 2 0.1
v 2.8 2 1.49012e-008
v 2.8 2.4 0.5
v 2.8 2.4 0.4
v 2.8 2.4 0.1
v 2.8 2.4 1.49012e-008
v 2.8 2.6 0.5
v 2.8 2.6 0.4
v 2.8 2.6 0.1
v 2.8 2.6 1.49012e-008
v 2.8 3.6 0.5
v 2.8 3.6 0.4
v 2.8 3.6 0.1
v 2.8 3.6 1.49012e-008
v 2.8 3.8 0.5
v 2.8 3.8 0.4
v 2.8 3.8 0.1
v 2.8 3.8 1.49012e-008
v 2.8 4.2 0.5
v 2.8 4.2 0.4
v 2.8 4.2 0.1
v 2.8 4.2 1.49012e-008
v 2.8 4.4 0.5
v 2.8 4.4 0.4
v 2.8 4.4 0.1
v 2.8 4.4 1.49012e-008
v 2.8 4.8 0.5
v 2.8 4.8 0.4
v 2.8 4.8 0.1
v 2.8 4.8 1.49012e-008
v 2.8 5 0.5
v 2.8 5 0.4
v 2.8 5 0.1
v 2.8 5 1.49012e-008
v 2.8 6 0.5
v 2.8 6 0.4
v 2.8 6 0.1
v 2.8 6 1.49012e-008
v 2.8 6.2 0.5
v 2.8 6.2 0.4
v 2.8 6.2 0.1
v 2.8 6.2 1.49012e-008
v 2.8 7.2 0.5
v 2.8 7.2 0.4
v 2.8 7.2 0.1
v 2.8 7.2 1.49012e-008
v 2.8 7.4 0.5
v 2.8 7.4 0.4
v 2.8 7.4 0.1
v 2.8 7.4 1.49012e-008
v 2.8 7.8 0.5
v 2.8 7.8 0.4
v 2.8 7.8 0.1
v 2.8 7.8 1.49012e-008
v 2.8 8 0.5
v 2.8 8 0.4
v 2.8 8 0.1
v 2.8 8 1.49012e-008
v 2.8 8.4 0.5
v 2.8 8.4 0.4
v 2.8 8.4 0.1
v 2.8 8.4 1.49012e-008
v 2.8 8.6 0.5
v 2.8 8.6 0.4
v 2.8 8.6 0.1
v 2.8 8.6 1.49012e-008
v 2.8 9 0.5
v 2.8 9 0.4
v 2.8 9 0.1
v 2.8 9 1.49012e-008
v 2.8 9.2 0.5
v 2.8 9.2 0.4
v 2.8 9.2 0.1
v 2.8 9.2 1.49012e-008
v 3 5.7 0.4
v 3 5.7 0.3
v 3 5.9 0.4
v 3 5.9 0.3
v 3.1 0.9 0.5
v 3.1 0.9 0.4
v 3.1 0.9 0.1
v 3.1 0.9 1.49012e-008
v 3.1 1.1 0.5
v 3.1 1.1 0.4
v 3.1 1.1 0.1
v 3.1 1.1 1.49012e-008
v 3.1 2.1 0.5
v 3.1 2.1 0.4
v 3.1 2.1 0.1
v 3.1 2.1 1.49012e-008
v 3.1 2.3 0.5
v 3.1 2.3 0.4
v 3.1 2.3 0.1
v 3.1 2.3 1.49012e-008
v 3.1 2.7 0.5
v 3.1 2.7 0.4
v 3.1 2.7 0.1
v 3.1 2.7 1.49012e-008
v 3.1 2.9 0.5
v 3.1 2.9 0.4
v 3.1 2.9 0.1
v 3.1 2.9 1.49012e-008
v 3.1 3.9 0.5
v 3.1 3.9 0.4
v 3.1 3.9 0.1
v 3.1 3.9 1.49012e-008
v 3.1 4.1 0.5
v 3.1 4.1 0.4
v 3.1 4.1 0.1
v 3.1 4.1 1.49012e-008
v 3.1 5.1 0.5
v 3.1 5.1 0.4
v 3.1 5.1 0.1
v 3.1 5.1 1.49012e-008
v 3.1 5.3 0.5
v 3.1 5.3 0.4
v 3.1 5.3 0.1
v 3.1 5.3 1.49012e-008
v 3.1 5.7 0.5
v 3.1 5.7 0.4
v 3.1 5.7 0.1
v 3.1 5.7 1.49012e-008
v 3.1 5.9 0.5
v 3.1 5.9 0.4
v 3.1 5.9 0.1
v 3.1 5.9 1.49012e-008
v 3.1 6.9 0.5
v 3.1 6.9 0.4
v 3.1 6.9 0.1
v 3.1 6.9 1.49012e-008
v 3.1 7.1 0.5
v 3.1 7.1 0.4
v 3.1 7.1 0.1
v 3.1 7.1 1.49012e-008
v 3.1 8.1 0.5
v 3.1 8.1 0.4
v 3.1 8.1 0.1
v 3.1 8.1 1.49012e-008
v 3.1 8.3 0.5
v 3.1 8.3 0.4
v 3.1 8.3 0.1
v 3.1 8.3 1.49012e-008
v 3.1 8.7 0.5
v 3.1 8.7 0.4
v 3.1 8.7 0.1
v 3.1 8.7 1.49012e-008
v 3.1 8.9 0.5
v 3.1 8.9 0.4
v 3.1 8.9 0.1
v 3.1 8.9 1.49012e-008
v 3.1 9.3 0.5
v 3.1 9.3 0.4
v 3.1 9.3 0.1
v 3.1 9.3 1.49012e-008
v 3.1 9.5 0.5
v 3.1 9.5 0.4
v 3.1 9.5 0.1
v 3.1 9.5 1.49012e-008
v 3.4 0 0.5
v 3.4 0 0.4
v 3.4 0 0.1
v 3.4 0 1.49012e-008
v 3.4 0.2 0.5
v 3.4 0.2 0.4
v 3.4 0.2 0.1
v 3.4 0.2 1.49012e-008
v 3.4 0.6 0.5
v 3.4 0.6 0.4
v 3.4 0.6 0.1
v 3.4 0.6 1.49012e-008
v 3.4 0.8 0.5
v 3.4 0.8 0.4
v 3.4 0.8 0.1
v 3.4 0.8 1.49012e-008
v 3.4 1.2 0.5
v 3.4 1.2 0.4
v 3.4 1.2 0.1
v 3.4 1.2 1.49012e-008
v 3.4 1.3 0.5
v 3.4 1.3 0.4
v 3.4 1.3 0.1
v 3.4 1.3 1.49012e-008
v 3.4 1.9 0.5
v 3.4 1.9 0.4
v 3.4 1.9 0.1
v 3.4 1.9 1.49012e-008
v 3.4 2 0.5
v 3.4 2 0.4
v 3.4 2 0.1
v 3.4 2 1.49012e-008
v 3.4 2.4 0.5
v 3.4 2.4 0.4
v 3.4 2.4 0.1
v 3.4 2.4 1.49012e-008
v 3.4 2.6 0.5
v 3.4 2.6 0.4
v 3.4 2.6 0.1
v 3.4 2.6 1.49012e-008
v 3.4 3 0.5
v 3.4 3 0.4
v 3.4 3 0.1
v 3.4 3 1.49012e-008
v 3.4 3.2 0.5
v 3.4 3.2 0.4
v 3.4 3.2 0.1
v 3.4 3.2 1.49012e-008
v 3.4 3.6 0.5
v 3.4 3.6 0.4
v 3.4 3.6 0.1
v 3.4 3.6 1.49012e-008
v 3.4 3.8 0.5
v 3.4 3.8 0.4
v 3.4 3.8 0.1
v 3.4 3.8 1.49012e-008
v 3.4 4.2 0.5
v 3.4 4.2 0.4
v 3.4 4.2 0.1
v 3.4 4.2 1.49012e-008
v 3.4 4.4 0.5
v 3.4 4.4 0.4
v 3.4 4.4 0.1
v 3.4 4.4 1.49012e-008
v 3.4 4.8 0.5
v 3.4 4.8 0.4
v 3.4 4.8 0.1
v 3.4 4.8 1.49012e-008
v 3.4 5 0.5
v 3.4 5 0.4
v 3.4 5 0.1
v 3.4 5 1.49012e-008
v 3.4 5.4 0.5
v 3.4 5.4 0.4
v 3.4 5.4 0.1
v 3.4 5.4 1.49012e-008
v 3.4 5.6 0.5
v 3.4 5.6 0.4
v 3.4 5.6 0.1
v 3.4 5.6 1.49012e-008
v 3.4 6 0.5
v 3.4 6 0.4
v 3.4 6 0.1
v 3.4 6 1.49012e-008
v 3.4 6.2 0.5
v 3.4 6.2 0.4
v 3.4 6.2 0.1
v 3.4 6.2 1.49012e-008
v 3.4 6.6 0.5
v 3.4 6.6 0.4
v 3.4 6.6 0.1
v 3.4 6.6 1.49012e-008
v 3.4 6.8 0.5
v 3.4 6.8 0.4
v 3.4 6.8 0.1
v 3.4 6.8 1.49012e-008
v 3.4 7.2 0.5
v 3.4 7.2 0.4
v 3.4 7.2 0.1
v 3.4 7.2 1.49012e-008
v 3.4 7.4 0.5
v 3.4 7.4 0.4
v 3.4 7.4 0.1
v 3.4 7.4 1.49012e-008
v 3.4 7.8 0.5
v 3.4 7.8 0.4
v 3.4 7.8 0.1
v 3.4 7.8 1.49012e-008
v 3.4 8 0.5
v 3.4 8 0.4
v 3.4 8 0.1
v 3.4 8 1.49012e-008
v 3.4 8.4 0.5
v 3.4 8.4 0.4
v 3.4 8.4 0.1
v 3.4 8.4 1.49012e-008
v 3.4 8.6 0.5
v 3.4 8.6 0.4
v 3.4 8.6 0.1
v 3.4 8.6 1.49012e-008
v 3.4 9 0.5
v 3.4 9 0.4
v 3.4 9 0.1
v 3.4 9 1.49012e-008
v 3.4 9.2 0.5
v 3.4 9.2 0.4
v 3.4 9.2 0.1
v 3.4 9.2 1.49012e-008
v 3.5 1.3 0.5
v 3.5 1.3 0.4
v 3.5 1.3 0.1
v 3.5 1.3 1.49012e-008
v 3.5 1.4 0.5
v 3.5 1.4 0.4
v 3.5 1.4 0.1
v 3.5 1.4 1.49012e-008
v 3.6 1.8 0.5
v 3.6 1.8 0.4
v 3.6 1.8 0.1
v 3.6 1.8 1.49012e-008
v 3.6 1.9 0.5
v 3.6 1.9 0.4
v 3.6 1.9 0.1
v 3.6 1.9 1.49012e-008
v 3.7 0.3 0.5
v 3.7 0.3 0.4
v 3.7 0.3 0.1
v 3.7 0.3 1.49012e-008
v 3.7 0.5 0.5
v 3.7 0.5 0.4
v 3.7 0.5 0.1
v 3.7 0.5 1.49012e-008
v 3.7 0.9 0.5
v 3.7 0.9 0.4
v 3.7 0.9 0.1
v 3.7 0.9 1.49012e-008
v 3.7 1.1 0.5
v 3.7 1.1 0.4
v 3.7 1.1 0.1
v 3.7 1.1 1.49012e-008
v 3.7 1.5 0.5
v 3.7 1.5 0.4
v 3.7 1.5 0.1
v 3.7 1.5 1.49012e-008
v 3.7 1.6 0.5
v 3.7 1.6 0.4
v 3.7 1.6 0.1
v 3.7 1.6 1.49012e-008
v 3.7 3.3 0.5
v 3.7 3.3 0.4
v 3.7 3.3 0.1
v 3.7 3.3 1.49012e-008
v 3.7 3.5 0.5
v 3.7 3.5 0.4
v 3.7 3.5 0.1
v 3.7 3.5 1.49012e-008
v 3.7 3.7 0.5
v 3.7 3.7 0.4
v 3.7 3.8 0.5
v 3.7 3.8 0.4
v 3.7 4.5 0.5
v 3.7 4.5 0.4
v 3.7 4.5 0.1
v 3.7 4.5 1.49012e-008
v 3.7 4.7 0.5
v 3.7 4.7 0.4
v 3.7 4.7 0.1
v 3.7 4.7 1.49012e-008
v 3.7 5.7 0.5
v 3.7 5.7 0.4
v 3.7 5.7 0.1
v 3.7 5.7 1.49012e-008
v 3.7 5.9 0.5
v 3.7 5.9 0.4
v 3.7 5.9 0.1
v 3.7 5.9 1.49012e-008
v 3.7 6.3 0.5
v 3.7 6.3 0.4
v 3.7 6.3 0.1
v 3.7 6.3 1.49012e-008
v 3.7 6.5 0.5
v 3.7 6.5 0.4
v 3.7 6.5 0.1
v 3.7 6.5 1.49012e-008
v 3.7 6.9 0.5
v 3.7 6.9 0.4
v 3.7 6.9 0.1
v 3.7 6.9 1.49012e-008
v 3.7 7.1 0.5
v 3.7 7.1 0.4
v 3.7 7.1 0.1
v 3.7 7.1 1.49012e-008
v 3.7 8.1 0.5
v 3.7 8.1 0.4
v 3.7 8.1 0.1
v 3.7 8.1 1.49012e-008
v 3.7 8.3 0.5
v 3.7 8.3 0.4
v 3.7 8.3 0.1
v 3.7 8.3 1.49012e-008
v 3.7 8.7 0.5
v 3.7 8.7 0.4
v 3.7 8.7 0.1
v 3.7 8.7 1.49012e-008
v 3.7 8.9 0.5
v 3.7 8.9 0.4
v 3.7 8.9 0.1
v 3.7 8.9 1.49012e-008
v 3.7 9.3 0.5
v 3.7 9.3 0.4
v 3.7 9.3 0.1
v 3.7 9.3 1.49012e-008
v 3.7 9.5 0.5
v 3.7 9.5 0.4
v 3.7 9.5 0.1
v 3.7 9.5 1.49012e-008
v 3.8 1.6 0.5
v 3.8 1.6 0.4
v 3.8 1.6 0.1
v 3.8 1.6 1.49012e-008
v 3.8 1.7 0.5
v 3.8 1.7 0.4
v 3.8 1.7 0.1
v 3.8 1.7 1.49012e-008
v 4 0 0.5
v 4 0 0.4
v 4 0 0.1
v 4 0 1.49012e-008
v 4 0.2 0.5
v 4 0.2 0.4
v 4 0.2 0.1
v 4 0.2 1.49012e-008
v 4 1.8 0.5
v 4 1.8 0.4
v 4 1.8 0.1
v 4 1.8 1.49012e-008
v 4 2 0.5
v 4 2 0.4
v 4 2 0.1
v 4 2 1.49012e-008
v 4 2.4 0.5
v 4 2.4 0.4
v 4 2.4 0.1
v 4 2.4 1.49012e-008
v 4 2.6 0.5
v 4 2.6 0.4
v 4 2.6 0.1
v 4 2.6 1.49012e-008
v 4 3 0.5
v 4 3 0.4
v 4 3 0.1
v 4 3 1.49012e-008
v 4 3.2 0.5
v 4 3.2 0.4
v 4 3.2 0.1
v 4 3.2 1.49012e-008
v 4 3.6 0.5
v 4 3.6 0.4
v 4 3.6 0.1
v 4 3.6 1.49012e-008
v 4 3.8 0.5
v 4 3.8 0.4
v 4 3.8 0.1
v 4 3.8 1.49012e-008
v 4 4.2 0.5
v 4 4.2 0.4
v 4 4.2 0.1
v 4 4.2 1.49012e-008
v 4 4.4 0.5
v 4 4.4 0.4
v 4 4.4 0.1
v 4 4.4 1.49012e-008
v 4 4.8 0.5
v 4 4.8 0.4
v 4 4.8 0.1
v 4 4.8 1.49012e-008
v 4 5 0.5
v 4 5 0.4
v 4 5 0.1
v 4 5 1.49012e-008
v 4 5.4 0.5
v 4 5.4 0.4
v 4 5.4 0.1
v 4 5.4 1.49012e-008
v 4 5.6 0.5
v 4 5.6 0.4
v 4 5.6 0.1
v 4 5.6 1.49012e-008
v 4 6.6 0.5
v 4 6.6 0.4
v 4 6.6 0.1
v 4 6.6 1.49012e-008
v 4 6.8 0.5
v 4 6.8 0.4
v 4 6.8 0.1
v 4 6.8 1.49012e-008
v 4 7.2 0.5
v 4 7.2 0.4
v 4 7.2 0.1
v 4 7.2 1.49012e-008
v 4 7.4 0.5
v 4 7.4 0.4
v 4 7.4 0.1
v 4 7.4 1.49012e-008
v 4 7.8 0.5
v 4 7.8 0.4
v 4 7.8 0.1
v 4 7.8 1.49012e-008
v 4 8 0.5
v 4 8 0.4
v 4 8 0.1
v 4 8 1.49012e-008
v 4.3 0.3 0.5
v 4.3 0.3 0.4
v 4.3 0.3 0.1
v 4.3 0.3 1.49012e-008
v 4.3 0.5 0.5
v 4.3 0.5 0.4
v 4.3 0.5 0.1
v 4.3 0.5 1.49012e-008
v 4.3 0.9 0.5
v 4.3 0.9 0.4
v 4.3 0.9 0.1
v 4.3 0.9 1.49012e-008
v 4.3 1.1 0.5
v 4.3 1.1 0.4
v 4.3 1.1 0.1
v 4.3 1.1 1.49012e-008
v 4.3 1.5 0.5
v 4.3 1.5 0.4
v 4.3 1.5 0.1
v 4.3 1.5 1.49012e-008
v 4.3 1.7 0.5
v 4.3 1.7 0.4
v 4.3 1.7 0.1
v 4.3 1.7 1.49012e-008
v 4.3 2.7 0.5
v 4.3 2.7 0.4
v 4.3 2.7 0.1
v 4.3 2.7 1.49012e-008
v 4.3 2.9 0.5
v 4.3 2.9 0.4
v 4.3 2.9 0.1
v 4.3 2.9 1.49012e-008
v 4.3 3.3 0.5
v 4.3 3.3 0.4
v 4.3 3.3 0.1
v 4.3 3.3 1.49012e-008
v 4.3 3.5 0.5
v 4.3 3.5 0.4
v 4.3 3.5 0.1
v 4.3 3.5 1.49012e-008
v 4.3 3.9 0.5
v 4.3 3.9 0.4
v 4.3 3.9 0.1
v 4.3 3.9 1.49012e-008
v 4.3 4.1 0.5
v 4.3 4.1 0.4
v 4.3 4.1 0.1
v 4.3 4.1 1.49012e-008
v 4.3 4.5 0.5
v 4.3 4.5 0.4
v 4.3 4.5 0.1
v 4.3 4.5 1.49012e-008
v 4.3 4.7 0.5
v 4.3 4.7 0.4
v 4.3 4.7 0.1
v 4.3 4.7 1.49012e-008
v 4.3 5.1 0.5
v 4.3 5.1 0.4
v 4.3 5.1 0.1
v 4.3 5.1 1.49012e-008
v 4.3 5.3 0.5
v 4.3 5.3 0.4
v 4.3 5.3 0.1
v 4.3 5.3 1.49012e-008
v 4.3 5.7 0.5
v 4.3 5.7 0.4
v 4.3 5.7 0.1
v 4.3 5.7 1.49012e-008
v 4.3 5.9 0.5
v 4.3 5.9 0.4
v 4.3 5.9 0.1
v 4.3 5.9 1.49012e-008
v 4.3 6.3 0.5
v 4.3 6.3 0.4
v 4.3 6.3 0.1
v 4.3 6.3 1.49012e-008
v 4.3 6.5 0.5
v 4.3 6.5 0.4
v 4.3 6.5 0.1
v 4.3 6.5 1.49012e-008
v 4.3 7.5 0.5
v 4.3 7.5 0.4
v 4.3 7.5 0.1
v 4.3 7.5 1.49012e-008
v 4.3 7.7 0.5
v 4.3 7.7 0.4
v 4.3 7.7 0.1
v 4.3 7.7 1.49012e-008
v 4.3 8.1 0.5
v 4.3 8.1 0.4
v 4.3 8.1 0.1
v 4.3 8.1 1.49012e-008
v 4.3 8.3 0.5
v 4.3 8.3 0.4
v 4.3 8.3 0.1
v 4.3 8.3 1.49012e-008
v 4.3 8.7 0.5
v 4.3 8.7 0.4
v 4.3 8.7 0.1
v 4.3 8.7 1.49012e-008
v 4.3 8.9 0.5
v 4.3 8.9 0.4
v 4.3 8.9 0.1
v 4.3 8.9 1.49012e-008
v 4.3 9.3 0.5
v 4.3 9.3 0.4
v 4.3 9.3 0.1
v 4.3 9.3 1.49012e-008
v 4.3 9.5 0.5
v 4.3 9.5 0.4
v 4.3 9.5 0.1
v 4.3 9.5 1.49012e-008
v 4.6 0 0.5
v 4.6 0 0.4
v 4.6 0 0.1
v 4.6 0 1.49012e-008
v 4.6 0.2 0.5
v 4.6 0.2 0.4
v 4.6 0.2 0.1
v 4.6 0.2 1.49012e-008
v 4.6 0.6 0.5
v 4.6 0.6 0.4
v 4.6 0.6 0.1
v 4.6 0.6 1.49012e-008
v 4.6 0.8 0.5
v 4.6 0.8 0.4
v 4.6 0.8 0.1
v 4.6 0.8 1.49012e-008
v 4.6 1.2 0.5
v 4.6 1.2 0.4
v 4.6 1.2 0.1
v 4.6 1.2 1.49012e-008
v 4.6 1.4 0.5
v 4.6 1.4 0.4
v 4.6 1.4 0.1
v 4.6 1.4 1.49012e-008
v 4.6 1.8 0.5
v 4.6 1.8 0.4
v 4.6 1.8 0.1
v 4.6 1.8 1.49012e-008
v 4.6 2 0.5
v 4.6 2 0.4
v 4.6 2 0.1
v 4.6 2 1.49012e-008
v 4.6 2.4 0.5
v 4.6 2.4 0.4
v 4.6 2.4 0.1
v 4.6 2.4 1.49012e-008
v 4.6 2.6 0.5
v 4.6 2.6 0.4
v 4.6 2.6 0.1
v 4.6 2.6 1.49012e-008
v 4.6 3 0.5
v 4.6 3 0.4
v 4.6 3 0.1
v 4.6 3 1.49012e-008
v 4.6 3.2 0.5
v 4.6 3.2 0.4
v 4.6 3.2 0.1
v 4.6 3.2 1.49012e-008
v 4.6 3.6 0.5
v 4.6 3.6 0.4
v 4.6 3.6 0.1
v 4.6 3.6 1.49012e-008
v 4.6 3.8 0.5
v 4.6 3.8 0.4
v 4.6 3.8 0.1
v 4.6 3.8 1.49012e-008
v 4.6 4.2 0.5
v 4.6 4.2 0.4
v 4.6 4.2 0.1
v 4.6 4.2 1.49012e-008
v 4.6 4.4 0.5
v 4.6 4.4 0.4
v 4.6 4.4 0.1
v 4.6 4.4 1.49012e-008
v 4.6 5.4 0.5
v 4.6 5.4 0.4
v 4.6 5.4 0.1
v 4.6 5.4 1.49012e-008
v 4.6 5.6 0.5
v 4.6 5.6 0.4
v 4.6 5.6 0.1
v 4.6 5.6 1.49012e-008
v 4.6 6 0.5
v 4.6 6 0.4
v 4.6 6 0.1
v 4.6 6 1.49012e-008
v 4.6 6.2 0.5
v 4.6 6.2 0.4
v 4.6 6.2 0.1
v 4.6 6.2 1.49012e-008
v 4.6 6.6 0.5
v 4.6 6.6 0.4
v 4.6 6.6 0.1
v 4.6 6.6 1.49012e-008
v 4.6 6.8 0.5
v 4.6 6.8 0.4
v 4.6 6.8 0.1
v 4.6 6.8 1.49012e-008
v 4.6 7.2 0.5
v 4.6 7.2 0.4
v 4.6 7.2 0.1
v 4.6 7.2 1.49012e-008
v 4.6 7.4 0.5
v 4.6 7.4 0.4
v 4.6 7.4 0.1
v 4.6 7.4 1.49012e-008
v 4.6 8.4 0.5
v 4.6 8.4 0.4
v 4.6 8.4 0.1
v 4.6 8.4 1.49012e-008
v 4.6 8.6 0.5
v 4.6 8.6 0.4
v 4.6 8.6 0.1
v 4.6 8.6 1.49012e-008
v 4.9 0.3 0.5
v 4.9 0.3 0.4
v 4.9 0.3 0.1
v 4.9 0.3 1.49012e-008
v 4.9 0.5 0.5
v 4.9 0.5 0.4
v 4.9 0.5 0.1
v 4.9 0.5 1.49012e-008
v 4.9 0.9 0.5
v 4.9 0.9 0.4
v 4.9 0.9 0.1
v 4.9 0.9 1.49012e-008
v 4.9 1.1 0.5
v 4.9 1.1 0.4
v 4.9 1.1 0.1
v 4.9 1.1 1.49012e-008
v 4.9 1.5 0.5
v 4.9 1.5 0.4
v 4.9 1.5 0.1
v 4.9 1.5 1.49012e-008
v 4.9 1.7 0.5
v 4.9 1.7 0.4
v 4.9 1.7 0.1
v 4.9 1.7 1.49012e-008
v 4.9 2.1 0.5
v 4.9 2.1 0.4
v 4.9 2.1 0.1
v 4.9 2.1 1.49012e-008
v 4.9 2.3 0.5
v 4.9 2.3 0.4
v 4.9 2.3 0.1
v 4.9 2.3 1.49012e-008
v 4.9 2.7 0.5
v 4.9 2.7 0.4
v 4.9 2.7 0.1
v 4.9 2.7 1.49012e-008
v 4.9 2.9 0.5
v 4.9 2.9 0.4
v 4.9 2.9 0.1
v 4.9 2.9 1.49012e-008
v 4.9 3.3 0.5
v 4.9 3.3 0.4
v 4.9 3.3 0.1
v 4.9 3.3 1.49012e-008
v 4.9 3.5 0.5
v 4.9 3.5 0.4
v 4.9 3.5 0.1
v 4.9 3.5 1.49012e-008
v 4.9 3.9 0.5
v 4.9 3.9 0.4
v 4.9 3.9 0.1
v 4.9 3.9 1.49012e-008
v 4.9 4.1 0.5
v 4.9 4.1 0.4
v 4.9 4.1 0.1
v 4.9 4.1 1.49012e-008
v 4.9 4.5 0.5
v 4.9 4.5 0.4
v 4.9 4.5 0.1
v 4.9 4.5 1.49012e-008
v 4.9 4.7 0.5
v 4.9 4.7 0.4
v 4.9 4.7 0.1
v 4.9 4.7 1.49012e-008
v 4.9 5.1 0.5
v 4.9 5.1 0.4
v 4.9 5.1 0.1
v 4.9 5.1 1.49012e-008
v 4.9 5.3 0.5
v 4.9 5.3 0.4
v 4.9 5.3 0.1
v 4.9 5.3 1.49012e-008
v 4.9 5.7 0.5
v 4.9 5.7 0.4
v 4.9 5.7 0.1
v 4.9 5.7 1.49012e-008
v 4.9 5.9 0.5
v 4.9 5.9 0.4
v 4.9 5.9 0.1
v 4.9 5.9 1.49012e-008
v 4.9 6.3 0.5
v 4.9 6.3 0.4
v 4.9 6.3 0.1
v 4.9 6.3 1.49012e-008
v 4.9 6.5 0.5
v 4.9 6.5 0.4
v 4.9 6.5 0.1
v 4.9 6.5 1.49012e-008
v 4.9 6.9 0.5
v 4.9 6.9 0.4
v 4.9 6.9 0.1
v 4.9 6.9 1.49012e-008
v 4.9 7.1 0.5
v 4.9 7.1 0.4
v 4.9 7.1 0.1
v 4.9 7.1 1.49012e-008
v 4.9 7.5 0.5
v 4.9 7.5 0.4
v 4.9 7.5 0.1
v 4.9 7.5 1.49012e-008
v 4.9 7.7 0.5
v 4.9 7.7 0.4
v 4.9 7.7 0.1
v 4.9 7.7 1.49012e-008
v 4.9 8.1 0.5
v 4.9 8.1 0.4
v 4.9 8.1 0.1
v 4.9 8.1 1.49012e-008
v 4.9 8.3 0.5
v 4.9 8.3 0.4
v 4.9 8.3 0.1
v 4.9 8.3 1.49012e-008
v 4.9 8.7 0.5
v 4.9 8.7 0.4
v 4.9 8.7 0.1
v 4.9 8.7 1.49012e-008
v 4.9 8.9 0.5
v 4.9 8.9 0.4
v 4.9 8.9 0.1
v 4.9 8.9 1.49012e-008
v 4.9 9.3 0.5
v 4.9 9.3 0.4
v 4.9 9.3 0.1
v 4.9 9.3 1.49012e-008
v 4.9 9.5 0.5
v 4.9 9.5 0.4
v 4.9 9.5 0.1
v 4.9 9.5 1.49012e-008
v -4.8 0.3 0.5
v -4.8 0.3 0.4
v -4.8 0.3 0.1
v -4.8 0.3 1.49012e-008
v -4.8 0.5 0.5
v -4.8 0.5 0.4
v -4.8 0.5 0.1
v -4.8 0.5 1.49012e-008
v -4.8 0.9 0.5
v -4.8 0.9 0.4
v -4.8 0.9 0.1
v -4.8 0.9 1.49012e-008
v -4.8 1.1 0.5
v -4.8 1.1 0.4
v -4.8 1.1 0.1
v -4.8 1.1 1.49012e-008
v -4.8 1.5 0.5
v -4.8 1.5 0.4
v -4.8 1.5 0.1
v -4.8 1.5 1.49012e-008
v -4.8 1.7 0.5
v -4.8 1.7 0.4
v -4.8 1.7 0.1
v -4.8 1.7 1.49012e-008
v -4.8 2.1 0.5
v -4.8 2.1 0.4
v -4.8 2.1 0.1
v -4.8 2.1 1.49012e-008
v -4.8 2.3 0.5
v -4.8 2.3 0.4
v -4.8 2.3 0.1
v -4.8 2.3 1.49012e-008
v -4.8 2.7 0.5
v -4.8 2.7 0.4
v -4.8 2.7 0.1
v -4.8 2.7 1.49012e-008
v -4.8 2.9 0.5
v -4.8 2.9 0.4
v -4.8 2.9 0.1
v -4.8 2.9 1.49012e-008
v -4.8 3.3 0.5
v -4.8 3.3 0.4
v -4.8 3.3 0.1
v -4.8 3.3 1.49012e-008
v -4.8 3.5 0.5
v -4.8 3.5 0.4
v -4.8 3.5 0.1
v -4.8 3.5 1.49012e-008
v -4.8 3.9 0.5
v -4.8 3.9 0.4
v -4.8 3.9 0.1
v -4.8 3.9 1.49012e-008
v -4.8 4.1 0.5
v -4.8 4.1 0.4
v -4.8 4.1 0.1
v -4.8 4.1 1.49012e-008
v -4.8 4.5 0.5
v -4.8 4.5 0.4
v -4.8 4.5 0.1
v -4.8 4.5 1.49012e-008
v -4.8 4.7 0.5
v -4.8 4.7 0.4
v -4.8 4.7 0.1
v -4.8 4.7 1.49012e-008
v -4.8 5.1 0.5
v -4.8 5.1 0.4
v -4.8 5.1 0.1
v -4.8 5.1 1.49012e-008
v -4.8 5.3 0.5
v -4.8 5.3 0.4
v -4.8 5.3 0.1
v -4.8 5.3 1.49012e-008
v -4.8 5.7 0.5
v -4.8 5.7 0.4
v -4.8 5.7 0.1
v -4.8 5.7 1.49012e-008
v -4.8 5.9 0.5
v -4.8 5.9 0.4
v -4.8 5.9 0.1
v -4.8 5.9 1.49012e-008
v -4.8 6.3 0.5
v -4.8 6.3 0.4
v -4.8 6.3 0.1
v -4.8 6.3 1.49012e-008
v -4.8 6.5 0.5
v -4.8 6.5 0.4
v -4.8 6.5 0.1
v -4.8 6.5 1.49012e-008
v -4.8 6.9 0.5
v -4.8 6.9 0.4
v -4.8 6.9 0.1
v -4.8 6.9 1.49012e-008
v -4.8 7.1 0.5
v -4.8 7.1 0.4
v -4.8 7.1 0.1
v -4.8 7.1 1.49012e-008
v -4.8 7.5 0.5
v -4.8 7.5 0.4
v -4.8 7.5 0.1
v -4.8 7.5 1.49012e-008
v -4.8 7.7 0.5
v -4.8 7.7 0.4
v -4.8 7.7 0.1
v -4.8 7.7 1.49012e-008
v -4.8 8.1 0.5
v -4.8 8.1 0.4
v -4.8 8.1 0.1
v -4.8 8.1 1.49012e-008
v -4.8 8.3 0.5
v -4.8 8.3 0.4
v -4.8 8.3 0.1
v -4.8 8.3 1.49012e-008
v -4.8 8.7 0.5
v -4.8 8.7 0.4
v -4.8 8.7 0.1
v -4.8 8.7 1.49012e-008
v -4.8 8.9 0.5
v -4.8 8.9 0.4
v -4.8 8.9 0.1
v -4.8 8.9 1.49012e-008
v -4.8 9.3 0.5
v -4.8 9.3 0.4
v -4.8 9.3 0.1
v -4.8 9.3 1.49012e-008
v -4.8 9.5 0.5
v -4.8 9.5 0.4
v -4.8 9.5 0.1
v -4.8 9.5 1.49012e-008
v -4.6 0.7 0.5
v -4.6 0.7 0.4
v -4.6 0.7 0.1
v -4.6 0.7 1.49012e-008
v -4.6 0.8 0.5
v -4.6 0.8 0.4
v -4.6 0.8 0.1
v -4.6 0.8 1.49012e-008
v -4.5 0 0.5
v -4.5 0 0.4
v -4.5 0 0.1
v -4.5 0 1.49012e-008
v -4.5 0.2 0.5
v -4.5 0.2 0.4
v -4.5 0.2 0.1
v -4.5 0.2 1.49012e-008
v -4.5 0.6 0.5
v -4.5 0.6 0.4
v -4.5 0.6 0.1
v -4.5 0.6 1.49012e-008
v -4.5 0.7 0.5
v -4.5 0.7 0.4
v -4.5 0.7 0.1
v -4.5 0.7 1.49012e-008
v -4.5 1.2 0.5
v -4.5 1.2 0.4
v -4.5 1.2 0.1
v -4.5 1.2 1.49012e-008
v -4.5 1.4 0.5
v -4.5 1.4 0.4
v -4.5 1.4 0.1
v -4.5 1.4 1.49012e-008
v -4.5 1.8 0.5
v -4.5 1.8 0.4
v -4.5 1.8 0.1
v -4.5 1.8 1.49012e-008
v -4.5 2 0.5
v -4.5 2 0.4
v -4.5 2 0.1
v -4.5 2 1.49012e-008
v -4.5 2.4 0.5
v -4.5 2.4 0.4
v -4.5 2.4 0.1
v -4.5 2.4 1.49012e-008
v -4.5 2.6 0.5
v -4.5 2.6 0.4
v -4.5 2.6 0.1
v -4.5 2.6 1.49012e-008
v -4.5 3 0.5
v -4.5 3 0.4
v -4.5 3 0.1
v -4.5 3 1.49012e-008
v -4.5 3.2 0.5
v -4.5 3.2 0.4
v -4.5 3.2 0.1
v -4.5 3.2 1.49012e-008
v -4.5 3.6 0.5
v -4.5 3.6 0.4
v -4.5 3.6 0.1
v -4.5 3.6 1.49012e-008
v -4.5 3.8 0.5
v -4.5 3.8 0.4
v -4.5 3.8 0.1
v -4.5 3.8 1.49012e-008
v -4.5 4.2 0.5
v -4.5 4.2 0.4
v -4.5 4.2 0.1
v -4.5 4.2 1.49012e-008
v -4.5 4.4 0.5
v -4.5 4.4 0.4
v -4.5 4.4 0.1
v -4.5 4.4 1.49012e-008
v -4.5 4.8 0.5
v -4.5 4.8 0.4
v -4.5 4.8 0.1
v -4.5 4.8 1.49012e-008
v -4.5 5 0.5
v -4.5 5 0.4
v -4.5 5 0.1
v -4.5 5 1.49012e-008
v -4.5 5.4 0.5
v -4.5 5.4 0.4
v -4.5 5.4 0.1
v -4.5 5.4 1.49012e-008
v -4.5 5.6 0.5
v -4.5 5.6 0.4
v -4.5 5.6 0.1
v -4.5 5.6 1.49012e-008
v -4.5 6 0.5
v -4.5 6 0.4
v -4.5 6 0.1
v -4.5 6 1.49012e-008
v -4.5 6.2 0.5
v -4.5 6.2 0.4
v -4.5 6.2 0.1
v -4.5 6.2 1.49012e-008
v -4.5 6.6 0.5
v -4.5 6.6 0.4
v -4.5 6.6 0.1
v -4.5 6.6 1.49012e-008
v -4.5 6.8 0.5
v -4.5 6.8 0.4
v -4.5 6.8 0.1
v -4.5 6.8 1.49012e-008
v -4.5 7.2 0.5
v -4.5 7.2 0.4
v -4.5 7.2 0.1
v -4.5 7.2 1.49012e-008
v -4.5 7.4 0.5
v -4.5 7.4 0.4
v -4.5 7.4 0.1
v -4.5 7.4 1.49012e-008
v -4.5 8.4 0.5
v -4.5 8.4 0.4
v -4.5 8.4 0.1
v -4.5 8.4 1.49012e-008
v -4.5 8.6 0.5
v -4.5 8.6 0.4
v -4.5 8.6 0.1
v -4.5 8.6 1.49012e-008
v -4.5 9 0.5
v -4.5 9 0.4
v -4.5 9 0.1
v -4.5 9 1.49012e-008
v -4.5 9.2 0.5
v -4.5 9.2 0.4
v -4.5 9.2 0.1
v -4.5 9.2 1.49012e-008
v -4.3 0.9 0.5
v -4.3 0.9 0.4
v -4.3 0.9 0.1
v -4.3 0.9 1.49012e-008
v -4.3 1.1 0.5
v -4.3 1.1 0.4
v -4.3 1.1 0.1
v -4.3 1.1 1.49012e-008
v -4.2 0.3 0.5
v -4.2 0.3 0.4
v -4.2 0.3 0.1
v -4.2 0.3 1.49012e-008
v -4.2 0.5 0.5
v -4.2 0.5 0.4
v -4.2 0.5 0.1
v -4.2 0.5 1.49012e-008
v -4.2 1.5 0.5
v -4.2 1.5 0.4
v -4.2 1.5 0.1
v -4.2 1.5 1.49012e-008
v -4.2 1.7 0.5
v -4.2 1.7 0.4
v -4.2 1.7 0.1
v -4.2 1.7 1.49012e-008
v -4.2 2.1 0.5
v -4.2 2.1 0.4
v -4.2 2.1 0.1
v -4.2 2.1 1.49012e-008
v -4.2 2.3 0.5
v -4.2 2.3 0.4
v -4.2 2.3 0.1
v -4.2 2.3 1.49012e-008
v -4.2 2.7 0.5
v -4.2 2.7 0.4
v -4.2 2.7 0.1
v -4.2 2.7 1.49012e-008
v -4.2 2.9 0.5
v -4.2 2.9 0.4
v -4.2 2.9 0.1
v -4.2 2.9 1.49012e-008
v -4.2 3.3 0.5
v -4.2 3.3 0.4
v -4.2 3.3 0.1
v -4.2 3.3 1.49012e-008
v -4.2 3.5 0.5
v -4.2 3.5 0.4
v -4.2 3.5 0.1
v -4.2 3.5 1.49012e-008
v -4.2 3.9 0.5
v -4.2 3.9 0.4
v -4.2 3.9 0.1
v -4.2 3.9 1.49012e-008
v -4.2 4.1 0.5
v -4.2 4.1 0.4
v -4.2 4.1 0.1
v -4.2 4.1 1.49012e-008
v -4.2 4.5 0.5
v -4.2 4.5 0.4
v -4.2 4.5 0.1
v -4.2 4.5 1.49012e-008
v -4.2 4.7 0.5
v -4.2 4.7 0.4
v -4.2 4.7 0.1
v -4.2 4.7 1.49012e-008
v -4.2 5.1 0.5
v -4.2 5.1 0.4
v -4.2 5.1 0.1
v -4.2 5.1 1.49012e-008
v -4.2 5.3 0.5
v -4.2 5.3 0.4
v -4.2 5.3 0.1
v -4.2 5.3 1.49012e-008
v -4.2 5.7 0.5
v -4.2 5.7 0.4
v -4.2 5.7 0.1
v -4.2 5.7 1.49012e-008
v -4.2 5.9 0.5
v -4.2 5.9 0.4
v -4.2 5.9 0.1
v -4.2 5.9 1.49012e-008
v -4.2 6.9 0.5
v -4.2 6.9 0.4
v -4.2 6.9 0.1
v -4.2 6.9 1.49012e-008
v -4.2 7.1 0.5
v -4.2 7.1 0.4
v -4.2 7.1 0.1
v -4.2 7.1 1.49012e-008
v -4.2 8.7 0.5
v -4.2 8.7 0.4
v -4.2 8.7 0.1
v -4.2 8.7 1.49012e-008
v -4.2 8.9 0.5
v -4.2 8.9 0.4
v -4.2 8.9 0.1
v -4.2 8.9 1.49012e-008
v -4.2 9.3 0.5
v -4.2 9.3 0.4
v -4.2 9.3 0.1
v -4.2 9.3 1.49012e-008
v -4.2 9.5 0.5
v -4.2 9.5 0.4
v -4.2 9.5 0.1
v -4.2 9.5 1.49012e-008
v -4 1.2 0.5
v -4 1.2 0.4
v -4 1.2 0.1
v -4 1.2 1.49012e-008
v -4 1.3 0.5
v -4 1.3 0.4
v -4 1.3 0.1
v -4 1.3 1.49012e-008
v -3.9 0 0.5
v -3.9 0 0.4
v -3.9 0 0.1
v -3.9 0 1.49012e-008
v -3.9 0.2 0.5
v -3.9 0.2 0.4
v -3.9 0.2 0.1
v -3.9 0.2 1.49012e-008
v -3.9 1.3 0.5
v -3.9 1.3 0.4
v -3.9 1.3 0.1
v -3.9 1.3 1.49012e-008
v -3.9 1.4 0.5
v -3.9 1.4 0.4
v -3.9 1.4 0.1
v -3.9 1.4 1.49012e-008
v -3.9 1.8 0.5
v -3.9 1.8 0.4
v -3.9 1.8 0.1
v -3.9 1.8 1.49012e-008
v -3.9 2 0.5
v -3.9 2 0.4
v -3.9 2 0.1
v -3.9 2 1.49012e-008
v -3.9 3.6 0.5
v -3.9 3.6 0.4
v -3.9 3.6 0.1
v -3.9 3.6 1.49012e-008
v -3.9 3.8 0.5
v -3.9 3.8 0.4
v -3.9 3.8 0.1
v -3.9 3.8 1.49012e-008
v -3.9 4.2 0.5
v -3.9 4.2 0.4
v -3.9 4.2 0.1
v -3.9 4.2 1.49012e-008
v -3.9 4.4 0.5
v -3.9 4.4 0.4
v -3.9 4.4 0.1
v -3.9 4.4 1.49012e-008
v -3.9 5.4 0.5
v -3.9 5.4 0.4
v -3.9 5.4 0.1
v -3.9 5.4 1.49012e-008
v -3.9 5.6 0.5
v -3.9 5.6 0.4
v -3.9 5.6 0.1
v -3.9 5.6 1.49012e-008
v -3.9 6 0.5
v -3.9 6 0.4
v -3.9 6 0.1
v -3.9 6 1.49012e-008
v -3.9 6.2 0.5
v -3.9 6.2 0.4
v -3.9 6.2 0.1
v -3.9 6.2 1.49012e-008
v -3.9 6.6 0.5
v -3.9 6.6 0.4
v -3.9 6.6 0.1
v -3.9 6.6 1.49012e-008
v -3.9 6.8 0.5
v -3.9 6.8 0.4
v -3.9 6.8 0.1
v -3.9 6.8 1.49012e-008
v -3.9 7.2 0.5
v -3.9 7.2 0.4
v -3.9 7.2 0.1
v -3.9 7.2 1.49012e-008
v -3.9 7.4 0.5
v -3.9 7.4 0.4
v -3.9 7.4 0.1
v -3.9 7.4 1.49012e-008
v -3.9 7.8 0.5
v -3.9 7.8 0.4
v -3.9 7.8 0.1
v -3.9 7.8 1.49012e-008
v -3.9 8 0.5
v -3.9 8 0.4
v -3.9 8 0.1
v -3.9 8 1.49012e-008
v -3.9 8.4 0.5
v -3.9 8.4 0.4
v -3.9 8.4 0.1
v -3.9 8.4 1.49012e-008
v -3.9 8.6 0.5
v -3.9 8.6 0.4
v -3.9 8.6 0.1
v -3.9 8.6 1.49012e-008
v -3.6 0.3 0.5
v -3.6 0.3 0.4
v -3.6 0.3 0.1
v -3.6 0.3 1.49012e-008
v -3.6 0.5 0.5
v -3.6 0.5 0.4
v -3.6 0.5 0.1
v -3.6 0.5 1.49012e-008
v -3.6 1.5 0.5
v -3.6 1.5 0.4
v -3.6 1.5 0.1
v -3.6 1.5 1.49012e-008
v -3.6 1.7 0.5
v -3.6 1.7 0.4
v -3.6 1.7 0.1
v -3.6 1.7 1.49012e-008
v -3.6 2.1 0.5
v -3.6 2.1 0.4
v -3.6 2.1 0.1
v -3.6 2.1 1.49012e-008
v -3.6 2.3 0.5
v -3.6 2.3 0.4
v -3.6 2.3 0.1
v -3.6 2.3 1.49012e-008
v -3.6 2.7 0.5
v -3.6 2.7 0.4
v -3.6 2.7 0.1
v -3.6 2.7 1.49012e-008
v -3.6 2.9 0.5
v -3.6 2.9 0.4
v -3.6 2.9 0.1
v -3.6 2.9 1.49012e-008
v -3.6 3.3 0.5
v -3.6 3.3 0.4
v -3.6 3.3 0.1
v -3.6 3.3 1.49012e-008
v -3.6 3.5 0.5
v -3.6 3.5 0.4
v -3.6 3.5 0.1
v -3.6 3.5 1.49012e-008
v -3.6 3.9 0.5
v -3.6 3.9 0.4
v -3.6 3.9 0.1
v -3.6 3.9 1.49012e-008
v -3.6 4.1 0.5
v -3.6 4.1 0.4
v -3.6 4.1 0.1
v -3.6 4.1 1.49012e-008
v -3.6 4.5 0.5
v -3.6 4.5 0.4
v -3.6 4.5 0.1
v -3.6 4.5 1.49012e-008
v -3.6 4.7 0.5
v -3.6 4.7 0.4
v -3.6 4.7 0.1
v -3.6 4.7 1.49012e-008
v -3.6 5.1 0.5
v -3.6 5.1 0.4
v -3.6 5.1 0.1
v -3.6 5.1 1.49012e-008
v -3.6 5.3 0.5
v -3.6 5.3 0.4
v -3.6 5.3 0.1
v -3.6 5.3 1.49012e-008
v -3.6 6.3 0.5
v -3.6 6.3 0.4
v -3.6 6.3 0.1
v -3.6 6.3 1.49012e-008
v -3.6 6.5 0.5
v -3.6 6.5 0.4
v -3.6 6.5 0.1
v -3.6 6.5 1.49012e-008
v -3.6 7.5 0.5
v -3.6 7.5 0.4
v -3.6 7.5 0.1
v -3.6 7.5 1.49012e-008
v -3.6 7.7 0.5
v -3.6 7.7 0.4
v -3.6 7.7 0.1
v -3.6 7.7 1.49012e-008
v -3.6 8.1 0.5
v -3.6 8.1 0.4
v -3.6 8.1 0.1
v -3.6 8.1 1.49012e-008
v -3.6 8.3 0.5
v -3.6 8.3 0.4
v -3.6 8.3 0.1
v -3.6 8.3 1.49012e-008
v -3.6 8.7 0.5
v -3.6 8.7 0.4
v -3.6 8.7 0.1
v -3.6 8.7 1.49012e-008
v -3.6 8.9 0.5
v -3.6 8.9 0.4
v -3.6 8.9 0.1
v -3.6 8.9 1.49012e-008
v -3.6 9.3 0.5
v -3.6 9.3 0.4
v -3.6 9.3 0.1
v -3.6 9.3 1.49012e-008
v -3.6 9.5 0.5
v -3.6 9.5 0.4
v -3.6 9.5 0.1
v -3.6 9.5 1.49012e-008
v -3.4 5.4 0.5
v -3.4 5.4 0.4
v -3.4 5.4 0.1
v -3.4 5.4 1.49012e-008
v -3.4 5.6 0.5
v -3.4 5.6 0.4
v -3.4 5.6 0.1
v -3.4 5.6 1.49012e-008
v -3.4 8.4 0.5
v -3.4 8.4 0.4
v -3.4 8.4 0.1
v -3.4 8.4 1.49012e-008
v -3.4 8.5 0.5
v -3.4 8.5 0.4
v -3.4 8.5 0.1
v -3.4 8.5 1.49012e-008
v -3.3 0.6 0.5
v -3.3 0.6 0.4
v -3.3 0.6 0.1
v -3.3 0.6 1.49012e-008
v -3.3 0.8 0.5
v -3.3 0.8 0.4
v -3.3 0.8 0.1
v -3.3 0.8 1.49012e-008
v -3.3 1.2 0.5
v -3.3 1.2 0.4
v -3.3 1.2 0.1
v -3.3 1.2 1.49012e-008
v -3.3 1.4 0.5
v -3.3 1.4 0.4
v -3.3 1.4 0.1
v -3.3 1.4 1.49012e-008
v -3.3 1.8 0.5
v -3.3 1.8 0.4
v -3.3 1.8 0.1
v -3.3 1.8 1.49012e-008
v -3.3 2 0.5
v -3.3 2 0.4
v -3.3 2 0.1
v -3.3 2 1.49012e-008
v -3.3 2.4 0.5
v -3.3 2.4 0.4
v -3.3 2.4 0.1
v -3.3 2.4 1.49012e-008
v -3.3 2.6 0.5
v -3.3 2.6 0.4
v -3.3 2.6 0.1
v -3.3 2.6 1.49012e-008
v -3.3 3 0.5
v -3.3 3 0.4
v -3.3 3 0.1
v -3.3 3 1.49012e-008
v -3.3 3.2 0.5
v -3.3 3.2 0.4
v -3.3 3.2 0.1
v -3.3 3.2 1.49012e-008
v -3.3 3.6 0.5
v -3.3 3.6 0.4
v -3.3 3.6 0.1
v -3.3 3.6 1.49012e-008
v -3.3 3.8 0.5
v -3.3 3.8 0.4
v -3.3 3.8 0.1
v -3.3 3.8 1.49012e-008
v -3.3 4.2 0.5
v -3.3 4.2 0.4
v -3.3 4.2 0.1
v -3.3 4.2 1.49012e-008
v -3.3 4.4 0.5
v -3.3 4.4 0.4
v -3.3 4.4 0.1
v -3.3 4.4 1.49012e-008
v -3.3 4.8 0.5
v -3.3 4.8 0.4
v -3.3 4.8 0.1
v -3.3 4.8 1.49012e-008
v -3.3 5 0.5
v -3.3 5 0.4
v -3.3 5 0.1
v -3.3 5 1.49012e-008
v -3.3 6 0.5
v -3.3 6 0.4
v -3.3 6 0.1
v -3.3 6 1.49012e-008
v -3.3 6.2 0.5
v -3.3 6.2 0.4
v -3.3 6.2 0.1
v -3.3 6.2 1.49012e-008
v -3.3 6.6 0.5
v -3.3 6.6 0.4
v -3.3 6.6 0.1
v -3.3 6.6 1.49012e-008
v -3.3 6.8 0.5
v -3.3 6.8 0.4
v -3.3 6.8 0.1
v -3.3 6.8 1.49012e-008
v -3.3 7.2 0.5
v -3.3 7.2 0.4
v -3.3 7.2 0.1
v -3.3 7.2 1.49012e-008
v -3.3 7.4 0.5
v -3.3 7.4 0.4
v -3.3 7.4 0.1
v -3.3 7.4 1.49012e-008
v -3.3 7.8 0.5
v -3.3 7.8 0.4
v -3.3 7.8 0.1
v -3.3 7.8 1.49012e-008
v -3.3 8 0.5
v -3.3 8 0.4
v -3.3 8 0.1
v -3.3 8 1.49012e-008
v -3.3 8.5 0.5
v -3.3 8.5 0.4
v -3.3 8.5 0.1
v -3.3 8.5 1.49012e-008
v -3.3 8.6 0.5
v -3.3 8.6 0.4
v -3.3 8.6 0.1
v -3.3 8.6 1.49012e-008
v -3.3 9 0.5
v -3.3 9 0.4
v -3.3 9 0.1
v -3.3 9 1.49012e-008
v -3.3 9.2 0.5
v -3.3 9.2 0.4
v -3.3 9.2 0.1
v -3.3 9.2 1.49012e-008
v -3.2 5.7 0.5
v -3.2 5.7 0.4
v -3.2 5.7 0.1
v -3.2 5.7 1.49012e-008
v -3.2 5.8 0.5
v -3.2 5.8 0.4
v -3.2 5.8 0.1
v -3.2 5.8 1.49012e-008
v -3.2 8.4 0.4
v -3.2 8.4 0.3
v -3.2 8.6 0.4
v -3.2 8.6 0.3
v -3.1 5.2 0.5
v -3.1 5.2 0.4
v -3.1 5.2 0.1
v -3.1 5.2 1.49012e-008
v -3.1 5.3 0.5
v -3.1 5.3 0.4
v -3.1 5.3 0.1
v -3.1 5.3 1.49012e-008
v -3 0.3 0.5
v -3 0.3 0.4
v -3 0.3 0.1
v -3 0.3 1.49012e-008
v -3 0.5 0.5
v -3 0.5 0.4
v -3 0.5 0.1
v -3 0.5 1.49012e-008
v -3 0.9 0.5
v -3 0.9 0.4
v -3 0.9 0.1
v -3 0.9 1.49012e-008
v -3 1.1 0.5
v -3 1.1 0.4
v -3 1.1 0.1
v -3 1.1 1.49012e-008
v -3 3.3 0.5
v -3 3.3 0.4
v -3 3.3 0.1
v -3 3.3 1.49012e-008
v -3 3.5 0.5
v -3 3.5 0.4
v -3 3.5 0.1
v -3 3.5 1.49012e-008
v -3 3.9 0.5
v -3 3.9 0.4
v -3 3.9 0.1
v -3 3.9 1.49012e-008
v -3 4.1 0.5
v -3 4.1 0.4
v -3 4.1 0.1
v -3 4.1 1.49012e-008
v -3 5.1 0.5
v -3 5.1 0.4
v -3 5.1 0.1
v -3 5.1 1.49012e-008
v -3 5.2 0.5
v -3 5.2 0.4
v -3 5.2 0.1
v -3 5.2 1.49012e-008
v -3 5.8 0.5
v -3 5.8 0.4
v -3 5.8 0.1
v -3 5.8 1.49012e-008
v -3 5.9 0.5
v -3 5.9 0.4
v -3 5.9 0.1
v -3 5.9 1.49012e-008
v -3 6.9 0.5
v -3 6.9 0.4
v -3 6.9 0.1
v -3 6.9 1.49012e-008
v -3 7.1 0.5
v -3 7.1 0.4
v -3 7.1 0.1
v -3 7.1 1.49012e-008
v -3 8.1 0.5
v -3 8.1 0.4
v -3 8.1 0.1
v -3 8.1 1.49012e-008
v -3 8.3 0.5
v -3 8.3 0.4
v -3 8.3 0.1
v -3 8.3 1.49012e-008
v -3 9.3 0.5
v -3 9.3 0.4
v -3 9.3 0.1
v -3 9.3 1.49012e-008
v -3 9.5 0.5
v -3 9.5 0.4
v -3 9.5 0.1
v -3 9.5 1.49012e-008
v -2.7 0 0.5
v -2.7 0 0.4
v -2.7 0 0.1
v -2.7 0 1.49012e-008
v -2.7 0.2 0.5
v -2.7 0.2 0.4
v -2.7 0.2 0.1
v -2.7 0.2 1.49012e-008
v -2.7 0.6 0.5
v -2.7 0.6 0.4
v -2.7 0.6 0.1
v -2.7 0.6 1.49012e-008
v -2.7 0.8 0.5
v -2.7 0.8 0.4
v -2.7 0.8 0.1
v -2.7 0.8 1.49012e-008
v -2.7 1.8 0.5
v -2.7 1.8 0.4
v -2.7 1.8 0.1
v -2.7 1.8 1.49012e-008
v -2.7 2 0.5
v -2.7 2 0.4
v -2.7 2 0.1
v -2.7 2 1.49012e-008
v -2.7 2.4 0.5
v -2.7 2.4 0.4
v -2.7 2.4 0.1
v -2.7 2.4 1.49012e-008
v -2.7 2.6 0.5
v -2.7 2.6 0.4
v -2.7 2.6 0.1
v -2.7 2.6 1.49012e-008
v -2.7 3 0.5
v -2.7 3 0.4
v -2.7 3 0.1
v -2.7 3 1.49012e-008
v -2.7 3.2 0.5
v -2.7 3.2 0.4
v -2.7 3.2 0.1
v -2.7 3.2 1.49012e-008
v -2.7 4.2 0.5
v -2.7 4.2 0.4
v -2.7 4.2 0.1
v -2.7 4.2 1.49012e-008
v -2.7 4.4 0.5
v -2.7 4.4 0.4
v -2.7 4.4 0.1
v -2.7 4.4 1.49012e-008
v -2.7 4.8 0.5
v -2.7 4.8 0.4
v -2.7 4.8 0.1
v -2.7 4.8 1.49012e-008
v -2.7 5 0.5
v -2.7 5 0.4
v -2.7 5 0.1
v -2.7 5 1.49012e-008
v -2.7 6 0.5
v -2.7 6 0.4
v -2.7 6 0.1
v -2.7 6 1.49012e-008
v -2.7 6.2 0.5
v -2.7 6.2 0.4
v -2.7 6.2 0.1
v -2.7 6.2 1.49012e-008
v -2.7 6.6 0.5
v -2.7 6.6 0.4
v -2.7 6.6 0.1
v -2.7 6.6 1.49012e-008
v -2.7 6.8 0.5
v -2.7 6.8 0.4
v -2.7 6.8 0.1
v -2.7 6.8 1.49012e-008
v -2.7 7.8 0.5
v -2.7 7.8 0.4
v -2.7 7.8 0.1
v -2.7 7.8 1.49012e-008
v -2.7 8 0.5
v -2.7 8 0.4
v -2.7 8 0.1
v -2.7 8 1.49012e-008
v -2.7 9 0.5
v -2.7 9 0.4
v -2.7 9 0.1
v -2.7 9 1.49012e-008
v -2.7 9.2 0.5
v -2.7 9.2 0.4
v -2.7 9.2 0.1
v -2.7 9.2 1.49012e-008
v -2.4 0.3 0.5
v -2.4 0.3 0.4
v -2.4 0.3 0.1
v -2.4 0.3 1.49012e-008
v -2.4 0.5 0.5
v -2.4 0.5 0.4
v -2.4 0.5 0.1
v -2.4 0.5 1.49012e-008
v -2.4 0.9 0.5
v -2.4 0.9 0.4
v -2.4 0.9 0.1
v -2.4 0.9 1.49012e-008
v -2.4 1.1 0.5
v -2.4 1.1 0.4
v -2.4 1.1 0.1
v -2.4 1.1 1.49012e-008
v -2.4 1.5 0.5
v -2.4 1.5 0.4
v -2.4 1.5 0.1
v -2.4 1.5 1.49012e-008
v -2.4 1.7 0.5
v -2.4 1.7 0.4
v -2.4 1.7 0.1
v -2.4 1.7 1.49012e-008
v -2.4 2.1 0.5
v -2.4 2.1 0.4
v -2.4 2.1 0.1
v -2.4 2.1 1.49012e-008
v -2.4 2.3 0.5
v -2.4 2.3 0.4
v -2.4 2.3 0.1
v -2.4 2.3 1.49012e-008
v -2.4 2.7 0.5
v -2.4 2.7 0.4
v -2.4 2.7 0.1
v -2.4 2.7 1.49012e-008
v -2.4 2.9 0.5
v -2.4 2.9 0.4
v -2.4 2.9 0.1
v -2.4 2.9 1.49012e-008
v -2.4 3.3 0.5
v -2.4 3.3 0.4
v -2.4 3.3 0.1
v -2.4 3.3 1.49012e-008
v -2.4 3.5 0.5
v -2.4 3.5 0.4
v -2.4 3.5 0.1
v -2.4 3.5 1.49012e-008
v -2.4 4.5 0.5
v -2.4 4.5 0.4
v -2.4 4.5 0.1
v -2.4 4.5 1.49012e-008
v -2.4 4.7 0.5
v -2.4 4.7 0.4
v -2.4 4.7 0.1
v -2.4 4.7 1.49012e-008
v -2.4 5.1 0.5
v -2.4 5.1 0.4
v -2.4 5.1 0.1
v -2.4 5.1 1.49012e-008
v -2.4 5.3 0.5
v -2.4 5.3 0.4
v -2.4 5.3 0.1
v -2.4 5.3 1.49012e-008
v -2.4 5.7 0.5
v -2.4 5.7 0.4
v -2.4 5.7 0.1
v -2.4 5.7 1.49012e-008
v -2.4 5.9 0.5
v -2.4 5.9 0.4
v -2.4 5.9 0.1
v -2.4 5.9 1.49012e-008
v -2.4 6.3 0.5
v -2.4 6.3 0.4
v -2.4 6.3 0.1
v -2.4 6.3 1.49012e-008
v -2.4 6.5 0.5
v -2.4 6.5 0.4
v -2.4 6.5 0.1
v -2.4 6.5 1.49012e-008
v -2.4 6.9 0.5
v -2.4 6.9 0.4
v -2.4 6.9 0.1
v -2.4 6.9 1.49012e-008
v -2.4 7.1 0.5
v -2.4 7.1 0.4
v -2.4 7.1 0.1
v -2.4 7.1 1.49012e-008
v -2.4 7.5 0.5
v -2.4 7.5 0.4
v -2.4 7.5 0.1
v -2.4 7.5 1.49012e-008
v -2.4 7.7 0.5
v -2.4 7.7 0.4
v -2.4 7.7 0.1
v -2.4 7.7 1.49012e-008
v -2.4 8.7 0.5
v -2.4 8.7 0.4
v -2.4 8.7 0.1
v -2.4 8.7 1.49012e-008
v -2.4 8.9 0.5
v -2.4 8.9 0.4
v -2.4 8.9 0.1
v -2.4 8.9 1.49012e-008
v -2.3 7.5 0.4
v -2.3 7.5 0.3
v -2.3 7.7 0.4
v -2.3 7.7 0.3
v -2.1 0 0.5
v -2.1 0 0.4
v -2.1 0 0.1
v -2.1 0 1.49012e-008
v -2.1 0.2 0.5
v -2.1 0.2 0.4
v -2.1 0.2 0.1
v -2.1 0.2 1.49012e-008
v -2.1 1.2 0.5
v -2.1 1.2 0.4
v -2.1 1.2 0.1
v -2.1 1.2 1.49012e-008
v -2.1 1.4 0.5
v -2.1 1.4 0.4
v -2.1 1.4 0.1
v -2.1 1.4 1.49012e-008
v -2.1 1.8 0.5
v -2.1 1.8 0.4
v -2.1 1.8 0.1
v -2.1 1.8 1.49012e-008
v -2.1 2 0.5
v -2.1 2 0.4
v -2.1 2 0.1
v -2.1 2 1.49012e-008
v -2.1 3 0.5
v -2.1 3 0.4
v -2.1 3 0.1
v -2.1 3 1.49012e-008
v -2.1 3.2 0.5
v -2.1 3.2 0.4
v -2.1 3.2 0.1
v -2.1 3.2 1.49012e-008
v -2.1 3.6 0.5
v -2.1 3.6 0.4
v -2.1 3.6 0.1
v -2.1 3.6 1.49012e-008
v -2.1 3.8 0.5
v -2.1 3.8 0.4
v -2.1 3.8 0.1
v -2.1 3.8 1.49012e-008
v -2.1 4.2 0.5
v -2.1 4.2 0.4
v -2.1 4.2 0.1
v -2.1 4.2 1.49012e-008
v -2.1 4.4 0.5
v -2.1 4.4 0.4
v -2.1 4.4 0.1
v -2.1 4.4 1.49012e-008
v -2.1 5.4 0.5
v -2.1 5.4 0.4
v -2.1 5.4 0.1
v -2.1 5.4 1.49012e-008
v -2.1 5.6 0.5
v -2.1 5.6 0.4
v -2.1 5.6 0.1
v -2.1 5.6 1.49012e-008
v -2.1 6 0.5
v -2.1 6 0.4
v -2.1 6 0.1
v -2.1 6 1.49012e-008
v -2.1 6.2 0.5
v -2.1 6.2 0.4
v -2.1 6.2 0.1
v -2.1 6.2 1.49012e-008
v -2.1 6.6 0.5
v -2.1 6.6 0.4
v -2.1 6.6 0.1
v -2.1 6.6 1.49012e-008
v -2.1 6.8 0.5
v -2.1 6.8 0.4
v -2.1 6.8 0.1
v -2.1 6.8 1.49012e-008
v -2.1 7.2 0.5
v -2.1 7.2 0.4
v -2.1 7.2 0.1
v -2.1 7.2 1.49012e-008
v -2.1 7.4 0.5
v -2.1 7.4 0.4
v -2.1 7.4 0.1
v -2.1 7.4 1.49012e-008
v -2.1 8.4 0.5
v -2.1 8.4 0.4
v -2.1 8.4 0.1
v -2.1 8.4 1.49012e-008
v -2.1 8.6 0.5
v -2.1 8.6 0.4
v -2.1 8.6 0.1
v -2.1 8.6 1.49012e-008
v -2.1 9 0.5
v -2.1 9 0.4
v -2.1 9 0.1
v -2.1 9 1.49012e-008
v -2.1 9.2 0.5
v -2.1 9.2 0.4
v -2.1 9.2 0.1
v -2.1 9.2 1.49012e-008
v -1.8 0.3 0.5
v -1.8 0.3 0.4
v -1.8 0.3 0.1
v -1.8 0.3 1.49012e-008
v -1.8 0.5 0.5
v -1.8 0.5 0.4
v -1.8 0.5 0.1
v -1.8 0.5 1.49012e-008
v -1.8 0.9 0.5
v -1.8 0.9 0.4
v -1.8 0.9 0.1
v -1.8 0.9 1.49012e-008
v -1.8 1.1 0.5
v -1.8 1.1 0.4
v -1.8 1.1 0.1
v -1.8 1.1 1.49012e-008
v -1.8 1.5 0.5
v -1.8 1.5 0.4
v -1.8 1.5 0.1
v -1.8 1.5 1.49012e-008
v -1.8 1.7 0.5
v -1.8 1.7 0.4
v -1.8 1.7 0.1
v -1.8 1.7 1.49012e-008
v -1.8 2.1 0.5
v -1.8 2.1 0.4
v -1.8 2.1 0.1
v -1.8 2.1 1.49012e-008
v -1.8 2.3 0.5
v -1.8 2.3 0.4
v -1.8 2.3 0.1
v -1.8 2.3 1.49012e-008
v -1.8 2.7 0.5
v -1.8 2.7 0.4
v -1.8 2.7 0.1
v -1.8 2.7 1.49012e-008
v -1.8 2.9 0.5
v -1.8 2.9 0.4
v -1.8 2.9 0.1
v -1.8 2.9 1.49012e-008
v -1.8 3.9 0.5
v -1.8 3.9 0.4
v -1.8 3.9 0.1
v -1.8 3.9 1.49012e-008
v -1.8 4.1 0.5
v -1.8 4.1 0.4
v -1.8 4.1 0.1
v -1.8 4.1 1.49012e-008
v -1.8 4.5 0.5
v -1.8 4.5 0.4
v -1.8 4.5 0.1
v -1.8 4.5 1.49012e-008
v -1.8 4.7 0.5
v -1.8 4.7 0.4
v -1.8 4.7 0.1
v -1.8 4.7 1.49012e-008
v -1.8 5.1 0.5
v -1.8 5.1 0.4
v -1.8 5.1 0.1
v -1.8 5.1 1.49012e-008
v -1.8 5.3 0.5
v -1.8 5.3 0.4
v -1.8 5.3 0.1
v -1.8 5.3 1.49012e-008
v -1.8 5.7 0.5
v -1.8 5.7 0.4
v -1.8 5.7 0.1
v -1.8 5.7 1.49012e-008
v -1.8 5.9 0.5
v -1.8 5.9 0.4
v -1.8 5.9 0.1
v -1.8 5.9 1.49012e-008
v -1.8 6.3 0.5
v -1.8 6.3 0.4
v -1.8 6.3 0.1
v -1.8 6.3 1.49012e-008
v -1.8 6.5 0.5
v -1.8 6.5 0.4
v -1.8 6.5 0.1
v -1.8 6.5 1.49012e-008
v -1.8 6.9 0.5
v -1.8 6.9 0.4
v -1.8 6.9 0.1
v -1.8 6.9 1.49012e-008
v -1.8 7.1 0.5
v -1.8 7.1 0.4
v -1.8 7.1 0.1
v -1.8 7.1 1.49012e-008
v -1.8 8.1 0.5
v -1.8 8.1 0.4
v -1.8 8.1 0.1
v -1.8 8.1 1.49012e-008
v -1.8 8.3 0.5
v -1.8 8.3 0.4
v -1.8 8.3 0.1
v -1.8 8.3 1.49012e-008
v -1.8 8.7 0.5
v -1.8 8.7 0.4
v -1.8 8.7 0.1
v -1.8 8.7 1.49012e-008
v -1.8 8.9 0.5
v -1.8 8.9 0.4
v -1.8 8.9 0.1
v -1.8 8.9 1.49012e-008
v -1.7 1.8 0.5
v -1.7 1.8 0.4
v -1.7 1.8 0.1
v -1.7 1.8 1.49012e-008
v -1.7 1.9 0.5
v -1.7 1.9 0.4
v -1.7 1.9 0.1
v -1.7 1.9 1.49012e-008
v -1.6 1.3 0.5
v -1.6 1.3 0.4
v -1.6 1.3 0.1
v -1.6 1.3 1.49012e-008
v -1.6 1.4 0.5
v -1.6 1.4 0.4
v -1.6 1.4 0.1
v -1.6 1.4 1.49012e-008
v -1.6 1.9 0.5
v -1.6 1.9 0.4
v -1.6 1.9 0.1
v -1.6 1.9 1.49012e-008
v -1.6 2 0.5
v -1.6 2 0.4
v -1.6 2 0.1
v -1.6 2 1.49012e-008
v -1.5 0 0.5
v -1.5 0 0.4
v -1.5 0 0.1
v -1.5 0 1.49012e-008
v -1.5 0.2 0.5
v -1.5 0.2 0.4
v -1.5 0.2 0.1
v -1.5 0.2 1.49012e-008
v -1.5 0.6 0.5
v -1.5 0.6 0.4
v -1.5 0.6 0.1
v -1.5 0.6 1.49012e-008
v -1.5 0.8 0.5
v -1.5 0.8 0.4
v -1.5 0.8 0.1
v -1.5 0.8 1.49012e-008
v -1.5 1.2 0.5
v -1.5 1.2 0.4
v -1.5 1.2 0.1
v -1.5 1.2 1.49012e-008
v -1.5 1.3 0.5
v -1.5 1.3 0.4
v -1.5 1.3 0.1
v -1.5 1.3 1.49012e-008
v -1.5 2.4 0.5
v -1.5 2.4 0.4
v -1.5 2.4 0.1
v -1.5 2.4 1.49012e-008
v -1.5 2.6 0.5
v -1.5 2.6 0.4
v -1.5 2.6 0.1
v -1.5 2.6 1.49012e-008
v -1.5 3.6 0.5
v -1.5 3.6 0.4
v -1.5 3.6 0.1
v -1.5 3.6 1.49012e-008
v -1.5 3.8 0.5
v -1.5 3.8 0.4
v -1.5 3.8 0.1
v -1.5 3.8 1.49012e-008
v -1.5 4.2 0.5
v -1.5 4.2 0.4
v -1.5 4.2 0.1
v -1.5 4.2 1.49012e-008
v -1.5 4.4 0.5
v -1.5 4.4 0.4
v -1.5 4.4 0.1
v -1.5 4.4 1.49012e-008
v -1.5 4.8 0.5
v -1.5 4.8 0.4
v -1.5 4.8 0.1
v -1.5 4.8 1.49012e-008
v -1.5 5 0.5
v -1.5 5 0.4
v -1.5 5 0.1
v -1.5 5 1.49012e-008
v -1.5 5.4 0.5
v -1.5 5.4 0.4
v -1.5 5.4 0.1
v -1.5 5.4 1.49012e-008
v -1.5 5.6 0.5
v -1.5 5.6 0.4
v -1.5 5.6 0.1
v -1.5 5.6 1.49012e-008
v -1.5 6.6 0.5
v -1.5 6.6 0.4
v -1.5 6.6 0.1
v -1.5 6.6 1.49012e-008
v -1.5 6.8 0.5
v -1.5 6.8 0.4
v -1.5 6.8 0.1
v -1.5 6.8 1.49012e-008
v -1.5 7.2 0.5
v -1.5 7.2 0.4
v -1.5 7.2 0.1
v -1.5 7.2 1.49012e-008
v -1.5 7.4 0.5
v -1.5 7.4 0.4
v -1.5 7.4 0.1
v -1.5 7.4 1.49012e-008
v -1.5 7.8 0.5
v -1.5 7.8 0.4
v -1.5 7.8 0.1
v -1.5 7.8 1.49012e-008
v -1.5 8 0.5
v -1.5 8 0.4
v -1.5 8 0.1
v -1.5 8 1.49012e-008
v -1.5 9 0.5
v -1.5 9 0.4
v -1.5 9 0.1
v -1.5 9 1.49012e-008
v -1.5 9.2 0.5
v -1.5 9.2 0.4
v -1.5 9.2 0.1
v -1.5 9.2 1.49012e-008
v -1.4 2.1 0.5
v -1.4 2.1 0.4
v -1.4 2.1 0.1
v -1.4 2.1 1.49012e-008
v -1.4 2.2 0.5
v -1.4 2.2 0.4
v -1.4 2.2 0.1
v -1.4 2.2 1.49012e-008
v -1.2 0.3 0.5
v -1.2 0.3 0.4
v -1.2 0.3 0.1
v -1.2 0.3 1.49012e-008
v -1.2 0.5 0.5
v -1.2 0.5 0.4
v -1.2 0.5 0.1
v -1.2 0.5 1.49012e-008
v -1.2 0.9 0.5
v -1.2 0.9 0.4
v -1.2 0.9 0.1
v -1.2 0.9 1.49012e-008
v -1.2 1.1 0.5
v -1.2 1.1 0.4
v -1.2 1.1 0.1
v -1.2 1.1 1.49012e-008
v -1.2 2.2 0.5
v -1.2 2.2 0.4
v -1.2 2.2 0.1
v -1.2 2.2 1.49012e-008
v -1.2 2.3 0.5
v -1.2 2.3 0.4
v -1.2 2.3 0.1
v -1.2 2.3 1.49012e-008
v -1.2 2.7 0.5
v -1.2 2.7 0.4
v -1.2 2.7 0.1
v -1.2 2.7 1.49012e-008
v -1.2 2.9 0.5
v -1.2 2.9 0.4
v -1.2 2.9 0.1
v -1.2 2.9 1.49012e-008
v -1.2 3.3 0.5
v -1.2 3.3 0.4
v -1.2 3.3 0.1
v -1.2 3.3 1.49012e-008
v -1.2 3.5 0.5
v -1.2 3.5 0.4
v -1.2 3.5 0.1
v -1.2 3.5 1.49012e-008
v -1.2 3.9 0.5
v -1.2 3.9 0.4
v -1.2 3.9 0.1
v -1.2 3.9 1.49012e-008
v -1.2 4.1 0.5
v -1.2 4.1 0.4
v -1.2 4.1 0.1
v -1.2 4.1 1.49012e-008
v -1.2 4.5 0.5
v -1.2 4.5 0.4
v -1.2 4.5 0.1
v -1.2 4.5 1.49012e-008
v -1.2 4.7 0.5
v -1.2 4.7 0.4
v -1.2 4.7 0.1
v -1.2 4.7 1.49012e-008
v -1.2 5.7 0.5
v -1.2 5.7 0.4
v -1.2 5.7 0.1
v -1.2 5.7 1.49012e-008
v -1.2 5.9 0.5
v -1.2 5.9 0.4
v -1.2 5.9 0.1
v -1.2 5.9 1.49012e-008
v -1.2 6.3 0.5
v -1.2 6.3 0.4
v -1.2 6.3 0.1
v -1.2 6.3 1.49012e-008
v -1.2 6.5 0.5
v -1.2 6.5 0.4
v -1.2 6.5 0.1
v -1.2 6.5 1.49012e-008
v -1.2 6.9 0.5
v -1.2 6.9 0.4
v -1.2 6.9 0.1
v -1.2 6.9 1.49012e-008
v -1.2 7.1 0.5
v -1.2 7.1 0.4
v -1.2 7.1 0.1
v -1.2 7.1 1.49012e-008
v -1.2 7.5 0.5
v -1.2 7.5 0.4
v -1.2 7.5 0.1
v -1.2 7.5 1.49012e-008
v -1.2 7.7 0.5
v -1.2 7.7 0.4
v -1.2 7.7 0.1
v -1.2 7.7 1.49012e-008
v -1.2 9.3 0.5
v -1.2 9.3 0.4
v -1.2 9.3 0.1
v -1.2 9.3 1.49012e-008
v -1.2 9.5 0.5
v -1.2 9.5 0.4
v -1.2 9.5 0.1
v -1.2 9.5 1.49012e-008
v -1 0.7 0.5
v -1 0.7 0.4
v -1 0.7 0.1
v -1 0.7 1.49012e-008
v -1 0.8 0.5
v -1 0.8 0.4
v -1 0.8 0.1
v -1 0.8 1.49012e-008
v -0.9 0.6 0.5
v -0.9 0.6 0.4
v -0.9 0.6 0.1
v -0.9 0.6 1.49012e-008
v -0.9 0.7 0.5
v -0.9 0.7 0.4
v -0.9 0.7 0.1
v -0.9 0.7 1.49012e-008
v -0.9 2.4 0.5
v -0.9 2.4 0.4
v -0.9 2.4 0.1
v -0.9 2.4 1.49012e-008
v -0.9 2.6 0.5
v -0.9 2.6 0.4
v -0.9 2.6 0.1
v -0.9 2.6 1.49012e-008
v -0.9 3 0.5
v -0.9 3 0.4
v -0.9 3 0.1
v -0.9 3 1.49012e-008
v -0.9 3.2 0.5
v -0.9 3.2 0.4
v -0.9 3.2 0.1
v -0.9 3.2 1.49012e-008
v -0.9 3.6 0.5
v -0.9 3.6 0.4
v -0.9 3.6 0.1
v -0.9 3.6 1.49012e-008
v -0.9 3.8 0.5
v -0.9 3.8 0.4
v -0.9 3.8 0.1
v -0.9 3.8 1.49012e-008
v -0.9 4.8 0.5
v -0.9 4.8 0.4
v -0.9 4.8 0.1
v -0.9 4.8 1.49012e-008
v -0.9 5 0.5
v -0.9 5 0.4
v -0.9 5 0.1
v -0.9 5 1.49012e-008
v -0.9 6 0.5
v -0.9 6 0.4
v -0.9 6 0.1
v -0.9 6 1.49012e-008
v -0.9 6.2 0.5
v -0.9 6.2 0.4
v -0.9 6.2 0.1
v -0.9 6.2 1.49012e-008
v -0.9 7.2 0.5
v -0.9 7.2 0.4
v -0.9 7.2 0.1
v -0.9 7.2 1.49012e-008
v -0.9 7.4 0.5
v -0.9 7.4 0.4
v -0.9 7.4 0.1
v -0.9 7.4 1.49012e-008
v -0.9 7.8 0.5
v -0.9 7.8 0.4
v -0.9 7.8 0.1
v -0.9 7.8 1.49012e-008
v -0.9 8 0.5
v -0.9 8 0.4
v -0.9 8 0.1
v -0.9 8 1.49012e-008
v -0.9 8.4 0.5
v -0.9 8.4 0.4
v -0.9 8.4 0.1
v -0.9 8.4 1.49012e-008
v -0.9 8.6 0.5
v -0.9 8.6 0.4
v -0.9 8.6 0.1
v -0.9 8.6 1.49012e-008
v -0.9 9 0.5
v -0.9 9 0.4
v -0.9 9 0.1
v -0.9 9 1.49012e-008
v -0.9 9.2 0.5
v -0.9 9.2 0.4
v -0.9 9.2 0.1
v -0.9 9.2 1.49012e-008
v -0.7 0.4 0.5
v -0.7 0.4 0.4
v -0.7 0.4 0.1
v -0.7 0.4 1.49012e-008
v -0.7 0.5 0.5
v -0.7 0.5 0.4
v -0.7 0.5 0.1
v -0.7 0.5 1.49012e-008
v -0.7 5.1 0.5
v -0.7 5.1 0.4
v -0.7 5.1 0.1
v -0.7 5.1 1.49012e-008
v -0.7 5.2 0.5
v -0.7 5.2 0.4
v -0.7 5.2 0.1
v -0.7 5.2 1.49012e-008
v -0.6 0.3 0.5
v -0.6 0.3 0.4
v -0.6 0.3 0.1
v -0.6 0.3 1.49012e-008
v -0.6 0.4 0.5
v -0.6 0.4 0.4
v -0.6 0.4 0.1
v -0.6 0.4 1.49012e-008
v -0.6 0.9 0.5
v -0.6 0.9 0.4
v -0.6 0.9 0.1
v -0.6 0.9 1.49012e-008
v -0.6 1.1 0.5
v -0.6 1.1 0.4
v -0.6 1.1 0.1
v -0.6 1.1 1.49012e-008
v -0.6 1.5 0.5
v -0.6 1.5 0.4
v -0.6 1.5 0.1
v -0.6 1.5 1.49012e-008
v -0.6 1.7 0.5
v -0.6 1.7 0.4
v -0.6 1.7 0.1
v -0.6 1.7 1.49012e-008
v -0.6 2.1 0.5
v -0.6 2.1 0.4
v -0.6 2.1 0.1
v -0.6 2.1 1.49012e-008
v -0.6 2.3 0.5
v -0.6 2.3 0.4
v -0.6 2.3 0.1
v -0.6 2.3 1.49012e-008
v -0.6 2.7 0.5
v -0.6 2.7 0.4
v -0.6 2.7 0.1
v -0.6 2.7 1.49012e-008
v -0.6 2.9 0.5
v -0.6 2.9 0.4
v -0.6 2.9 0.1
v -0.6 2.9 1.49012e-008
v -0.6 3.9 0.5
v -0.6 3.9 0.4
v -0.6 3.9 0.1
v -0.6 3.9 1.49012e-008
v -0.6 4.1 0.5
v -0.6 4.1 0.4
v -0.6 4.1 0.1
v -0.6 4.1 1.49012e-008
v -0.6 4.5 0.5
v -0.6 4.5 0.4
v -0.6 4.5 0.1
v -0.6 4.5 1.49012e-008
v -0.6 4.7 0.5
v -0.6 4.7 0.4
v -0.6 4.7 0.1
v -0.6 4.7 1.49012e-008
v -0.6 5.2 0.5
v -0.6 5.2 0.4
v -0.6 5.2 0.1
v -0.6 5.2 1.49012e-008
v -0.6 5.3 0.5
v -0.6 5.3 0.4
v -0.6 5.3 0.1
v -0.6 5.3 1.49012e-008
v -0.6 6.3 0.5
v -0.6 6.3 0.4
v -0.6 6.3 0.1
v -0.6 6.3 1.49012e-008
v -0.6 6.5 0.5
v -0.6 6.5 0.4
v -0.6 6.5 0.1
v -0.6 6.5 1.49012e-008
v -0.6 8.7 0.5
v -0.6 8.7 0.4
v -0.6 8.7 0.1
v -0.6 8.7 1.49012e-008
v -0.6 8.9 0.5
v -0.6 8.9 0.4
v -0.6 8.9 0.1
v -0.6 8.9 1.49012e-008
v -0.6 9.3 0.5
v -0.6 9.3 0.4
v -0.6 9.3 0.1
v -0.6 9.3 1.49012e-008
v -0.6 9.5 0.5
v -0.6 9.5 0.4
v -0.6 9.5 0.1
v -0.6 9.5 1.49012e-008
v -0.4 4.9 0.5
v -0.4 4.9 0.4
v -0.4 4.9 0.1
v -0.4 4.9 1.49012e-008
v -0.4 5 0.5
v -0.4 5 0.4
v -0.4 5 0.1
v -0.4 5 1.49012e-008
v -0.3 0 0.5
v -0.3 0 0.4
v -0.3 0 0.1
v -0.3 0 1.49012e-008
v -0.3 0.2 0.5
v -0.3 0.2 0.4
v -0.3 0.2 0.1
v -0.3 0.2 1.49012e-008
v -0.3 1.2 0.5
v -0.3 1.2 0.4
v -0.3 1.2 0.1
v -0.3 1.2 1.49012e-008
v -0.3 1.4 0.5
v -0.3 1.4 0.4
v -0.3 1.4 0.1
v -0.3 1.4 1.49012e-008
v -0.3 1.8 0.5
v -0.3 1.8 0.4
v -0.3 1.8 0.1
v -0.3 1.8 1.49012e-008
v -0.3 2 0.5
v -0.3 2 0.4
v -0.3 2 0.1
v -0.3 2 1.49012e-008
v -0.3 2.4 0.5
v -0.3 2.4 0.4
v -0.3 2.4 0.1
v -0.3 2.4 1.49012e-008
v -0.3 2.6 0.5
v -0.3 2.6 0.4
v -0.3 2.6 0.1
v -0.3 2.6 1.49012e-008
v -0.3 3 0.5
v -0.3 3 0.4
v -0.3 3 0.1
v -0.3 3 1.49012e-008
v -0.3 3.2 0.5
v -0.3 3.2 0.4
v -0.3 3.2 0.1
v -0.3 3.2 1.49012e-008
v -0.3 4.8 0.5
v -0.3 4.8 0.4
v -0.3 4.8 0.1
v -0.3 4.8 1.49012e-008
v -0.3 4.9 0.5
v -0.3 4.9 0.4
v -0.3 4.9 0.1
v -0.3 4.9 1.49012e-008
v -0.3 5.4 0.5
v -0.3 5.4 0.4
v -0.3 5.4 0.1
v -0.3 5.4 1.49012e-008
v -0.3 5.6 0.5
v -0.3 5.6 0.4
v -0.3 5.6 0.1
v -0.3 5.6 1.49012e-008
v -0.3 6 0.5
v -0.3 6 0.4
v -0.3 6 0.1
v -0.3 6 1.49012e-008
v -0.3 6.2 0.5
v -0.3 6.2 0.4
v -0.3 6.2 0.1
v -0.3 6.2 1.49012e-008
v -0.3 6.6 0.5
v -0.3 6.6 0.4
v -0.3 6.6 0.1
v -0.3 6.6 1.49012e-008
v -0.3 6.8 0.5
v -0.3 6.8 0.4
v -0.3 6.8 0.1
v -0.3 6.8 1.49012e-008
v -0.3 7.2 0.5
v -0.3 7.2 0.4
v -0.3 7.2 0.1
v -0.3 7.2 1.49012e-008
v -0.3 7.4 0.5
v -0.3 7.4 0.4
v -0.3 7.4 0.1
v -0.3 7.4 1.49012e-008
v -0.3 7.8 0.5
v -0.3 7.8 0.4
v -0.3 7.8 0.1
v -0.3 7.8 1.49012e-008
v -0.3 8 0.5
v -0.3 8 0.4
v -0.3 8 0.1
v -0.3 8 1.49012e-008
v -0.3 8.4 0.5
v -0.3 8.4 0.4
v -0.3 8.4 0.1
v -0.3 8.4 1.49012e-008
v -0.3 8.6 0.5
v -0.3 8.6 0.4
v -0.3 8.6 0.1
v -0.3 8.6 1.49012e-008
v -0.3 9 0.5
v -0.3 9 0.4
v -0.3 9 0.1
v -0.3 9 1.49012e-008
v -0.3 9.2 0.5
v -0.3 9.2 0.4
v -0.3 9.2 0.1
v -0.3 9.2 1.49012e-008
v 2.68221e-007 0.9 0.5
v 2.68221e-007 0.9 0.4
v 2.68221e-007 0.9 0.1
v 2.68221e-007 0.9 1.49012e-008
v 2.68221e-007 1.1 0.5
v 2.68221e-007 1.1 0.4
v 2.68221e-007 1.1 0.1
v 2.68221e-007 1.1 1.49012e-008
v 2.68221e-007 1.5 0.5
v 2.68221e-007 1.5 0.4
v 2.68221e-007 1.5 0.1
v 2.68221e-007 1.5 1.49012e-008
v 2.68221e-007 1.7 0.5
v 2.68221e-007 1.7 0.4
v 2.68221e-007 1.7 0.1
v 2.68221e-007 1.7 1.49012e-008
v 2.68221e-007 2.1 0.5
v 2.68221e-007 2.1 0.4
v 2.68221e-007 2.1 0.1
v 2.68221e-007 2.1 1.49012e-008
v 2.68221e-007 2.3 0.5
v 2.68221e-007 2.3 0.4
v 2.68221e-007 2.3 0.1
v 2.68221e-007 2.3 1.49012e-008
v 2.68221e-007 3.9 0.5
v 2.68221e-007 3.9 0.4
v 2.68221e-007 3.9 0.1
v 2.68221e-007 3.9 1.49012e-008
v 2.68221e-007 4.1 0.5
v 2.68221e-007 4.1 0.4
v 2.68221e-007 4.1 0.1
v 2.68221e-007 4.1 1.49012e-008
v 2.68221e-007 4.5 0.5
v 2.68221e-007 4.5 0.4
v 2.68221e-007 4.5 0.1
v 2.68221e-007 4.5 1.49012e-008
v 2.68221e-007 4.7 0.5
v 2.68221e-007 4.7 0.4
v 2.68221e-007 4.7 0.1
v 2.68221e-007 4.7 1.49012e-008
v 2.68221e-007 5.7 0.5
v 2.68221e-007 5.7 0.4
v 2.68221e-007 5.7 0.1
v 2.68221e-007 5.7 1.49012e-008
v 2.68221e-007 5.9 0.5
v 2.68221e-007 5.9 0.4
v 2.68221e-007 5.9 0.1
v 2.68221e-007 5.9 1.49012e-008
v 2.68221e-007 6.3 0.5
v 2.68221e-007 6.3 0.4
v 2.68221e-007 6.3 0.1
v 2.68221e-007 6.3 1.49012e-008
v 2.68221e-007 6.5 0.5
v 2.68221e-007 6.5 0.4
v 2.68221e-007 6.5 0.1
v 2.68221e-007 6.5 1.49012e-008
v 2.68221e-007 6.9 0.5
v 2.68221e-007 6.9 0.4
v 2.68221e-007 6.9 0.1
v 2.68221e-007 6.9 1.49012e-008
v 2.68221e-007 7.1 0.5
v 2.68221e-007 7.1 0.4
v 2.68221e-007 7.1 0.1
v 2.68221e-007 7.1 1.49012e-008
v 2.68221e-007 8.7 0.5
v 2.68221e-007 8.7 0.4
v 2.68221e-007 8.7 0.1
v 2.68221e-007 8.7 1.49012e-008
v 2.68221e-007 8.9 0.5
v 2.68221e-007 8.9 0.4
v 2.68221e-007 8.9 0.1
v 2.68221e-007 8.9 1.49012e-008
v 0.3 0 0.5
v 0.3 0 0.4
v 0.3 0 0.1
v 0.3 0 1.49012e-008
v 0.3 0.2 0.5
v 0.3 0.2 0.4
v 0.3 0.2 0.1
v 0.3 0.2 1.49012e-008
v 0.3 0.6 0.5
v 0.3 0.6 0.4
v 0.3 0.6 0.1
v 0.3 0.6 1.49012e-008
v 0.3 0.8 0.5
v 0.3 0.8 0.4
v 0.3 0.8 0.1
v 0.3 0.8 1.49012e-008
v 0.3 1.2 0.5
v 0.3 1.2 0.4
v 0.3 1.2 0.1
v 0.3 1.2 1.49012e-008
v 0.3 1.4 0.5
v 0.3 1.4 0.4
v 0.3 1.4 0.1
v 0.3 1.4 1.49012e-008
v 0.3 3 0.5
v 0.3 3 0.4
v 0.3 3 0.1
v 0.3 3 1.49012e-008
v 0.3 3.2 0.5
v 0.3 3.2 0.4
v 0.3 3.2 0.1
v 0.3 3.2 1.49012e-008
v 0.3 3.6 0.5
v 0.3 3.6 0.4
v 0.3 3.6 0.1
v 0.3 3.6 1.49012e-008
v 0.3 3.8 0.5
v 0.3 3.8 0.4
v 0.3 3.8 0.1
v 0.3 3.8 1.49012e-008
v 0.3 4.2 0.5
v 0.3 4.2 0.4
v 0.3 4.2 0.1
v 0.3 4.2 1.49012e-008
v 0.3 4.4 0.5
v 0.3 4.4 0.4
v 0.3 4.4 0.1
v 0.3 4.4 1.49012e-008
v 0.3 4.8 0.5
v 0.3 4.8 0.4
v 0.3 4.8 0.1
v 0.3 4.8 1.49012e-008
v 0.3 5 0.5
v 0.3 5 0.4
v 0.3 5 0.1
v 0.3 5 1.49012e-008
v 0.3 5.4 0.5
v 0.3 5.4 0.4
v 0.3 5.4 0.1
v 0.3 5.4 1.49012e-008
v 0.3 5.6 0.5
v 0.3 5.6 0.4
v 0.3 5.6 0.1
v 0.3 5.6 1.49012e-008
v 0.3 6 0.5
v 0.3 6 0.4
v 0.3 6 0.1
v 0.3 6 1.49012e-008
v 0.3 6.2 0.5
v 0.3 6.2 0.4
v 0.3 6.2 0.1
v 0.3 6.2 1.49012e-008
v 0.3 7.2 0.5
v 0.3 7.2 0.4
v 0.3 7.2 0.1
v 0.3 7.2 1.49012e-008
v 0.3 7.4 0.5
v 0.3 7.4 0.4
v 0.3 7.4 0.1
v 0.3 7.4 1.49012e-008
v 0.3 8.4 0.5
v 0.3 8.4 0.4
v 0.3 8.4 0.1
v 0.3 8.4 1.49012e-008
v 0.3 8.6 0.5
v 0.3 8.6 0.4
v 0.3 8.6 0.1
v 0.3 8.6 1.49012e-008
v 0.6 0.3 0.5
v 0.6 0.3 0.4
v 0.6 0.3 0.1
v 0.6 0.3 1.49012e-008
v 0.6 0.5 0.5
v 0.6 0.5 0.4
v 0.6 0.5 0.1
v 0.6 0.5 1.49012e-008
v 0.6 0.9 0.5
v 0.6 0.9 0.4
v 0.6 0.9 0.1
v 0.6 0.9 1.49012e-008
v 0.6 1.1 0.5
v 0.6 1.1 0.4
v 0.6 1.1 0.1
v 0.6 1.1 1.49012e-008
v 0.6 1.5 0.5
v 0.6 1.5 0.4
v 0.6 1.5 0.1
v 0.6 1.5 1.49012e-008
v 0.6 1.7 0.5
v 0.6 1.7 0.4
v 0.6 1.7 0.1
v 0.6 1.7 1.49012e-008
v 0.6 2.7 0.5
v 0.6 2.7 0.4
v 0.6 2.7 0.1
v 0.6 2.7 1.49012e-008
v 0.6 2.9 0.5
v 0.6 2.9 0.4
v 0.6 2.9 0.1
v 0.6 2.9 1.49012e-008
v 0.6 3.9 0.5
v 0.6 3.9 0.4
v 0.6 3.9 0.1
v 0.6 3.9 1.49012e-008
v 0.6 4.1 0.5
v 0.6 4.1 0.4
v 0.6 4.1 0.1
v 0.6 4.1 1.49012e-008
v 0.6 5.1 0.5
v 0.6 5.1 0.4
v 0.6 5.1 0.1
v 0.6 5.1 1.49012e-008
v 0.6 5.3 0.5
v 0.6 5.3 0.4
v 0.6 5.3 0.1
v 0.6 5.3 1.49012e-008
v 0.6 5.7 0.5
v 0.6 5.7 0.4
v 0.6 5.7 0.1
v 0.6 5.7 1.49012e-008
v 0.6 5.9 0.5
v 0.6 5.9 0.4
v 0.6 5.9 0.1
v 0.6 5.9 1.49012e-008
v 0.6 6.3 0.5
v 0.6 6.3 0.4
v 0.6 6.3 0.1
v 0.6 6.3 1.49012e-008
v 0.6 6.5 0.5
v 0.6 6.5 0.4
v 0.6 6.5 0.1
v 0.6 6.5 1.49012e-008
v 0.6 7.5 0.5
v 0.6 7.5 0.4
v 0.6 7.5 0.1
v 0.6 7.5 1.49012e-008
v 0.6 7.7 0.5
v 0.6 7.7 0.4
v 0.6 7.7 0.1
v 0.6 7.7 1.49012e-008
v 0.7 1.8 0.5
v 0.7 1.8 0.4
v 0.7 1.8 0.1
v 0.7 1.8 1.49012e-008
v 0.7 1.9 0.5
v 0.7 1.9 0.4
v 0.7 1.9 0.1
v 0.7 1.9 1.49012e-008
v 0.8 5.4 0.5
v 0.8 5.4 0.4
v 0.8 5.4 0.1
v 0.8 5.4 1.49012e-008
v 0.8 5.6 0.5
v 0.8 5.6 0.4
v 0.8 5.6 0.1
v 0.8 5.6 1.49012e-008
v 0.9 0 0.5
v 0.9 0 0.4
v 0.9 0 0.1
v 0.9 0 1.49012e-008
v 0.9 0.2 0.5
v 0.9 0.2 0.4
v 0.9 0.2 0.1
v 0.9 0.2 1.49012e-008
v 0.9 0.6 0.5
v 0.9 0.6 0.4
v 0.9 0.6 0.1
v 0.9 0.6 1.49012e-008
v 0.9 0.8 0.5
v 0.9 0.8 0.4
v 0.9 0.8 0.1
v 0.9 0.8 1.49012e-008
v 0.9 1.9 0.5
v 0.9 1.9 0.4
v 0.9 1.9 0.1
v 0.9 1.9 1.49012e-008
v 0.9 2 0.5
v 0.9 2 0.4
v 0.9 2 0.1
v 0.9 2 1.49012e-008
v 0.9 2.4 0.5
v 0.9 2.4 0.4
v 0.9 2.4 0.1
v 0.9 2.4 1.49012e-008
v 0.9 2.6 0.5
v 0.9 2.6 0.4
v 0.9 2.6 0.1
v 0.9 2.6 1.49012e-008
v 0.9 3 0.5
v 0.9 3 0.4
v 0.9 3 0.1
v 0.9 3 1.49012e-008
v 0.9 3.2 0.5
v 0.9 3.2 0.4
v 0.9 3.2 0.1
v 0.9 3.2 1.49012e-008
v 0.9 4.2 0.5
v 0.9 4.2 0.4
v 0.9 4.2 0.1
v 0.9 4.2 1.49012e-008
v 0.9 4.4 0.5
v 0.9 4.4 0.4
v 0.9 4.4 0.1
v 0.9 4.4 1.49012e-008
v 0.9 4.8 0.5
v 0.9 4.8 0.4
v 0.9 4.8 0.1
v 0.9 4.8 1.49012e-008
v 0.9 5 0.5
v 0.9 5 0.4
v 0.9 5 0.1
v 0.9 5 1.49012e-008
v 0.9 6.6 0.5
v 0.9 6.6 0.4
v 0.9 6.6 0.1
v 0.9 6.6 1.49012e-008
v 0.9 6.8 0.5
v 0.9 6.8 0.4
v 0.9 6.8 0.1
v 0.9 6.8 1.49012e-008
v 0.9 7.2 0.5
v 0.9 7.2 0.4
v 0.9 7.2 0.1
v 0.9 7.2 1.49012e-008
v 0.9 7.4 0.5
v 0.9 7.4 0.4
v 0.9 7.4 0.1
v 0.9 7.4 1.49012e-008
v 0.9 7.8 0.5
v 0.9 7.8 0.4
v 0.9 7.8 0.1
v 0.9 7.8 1.49012e-008
v 0.9 8 0.5
v 0.9 8 0.4
v 0.9 8 0.1
v 0.9 8 1.49012e-008
v 0.9 9 0.5
v 0.9 9 0.4
v 0.9 9 0.1
v 0.9 9 1.49012e-008
v 0.9 9.2 0.5
v 0.9 9.2 0.4
v 0.9 9.2 0.1
v 0.9 9.2 1.49012e-008
v 1.1 4.6 0.5
v 1.1 4.6 0.4
v 1.1 4.6 0.1
v 1.1 4.6 1.49012e-008
v 1.1 4.7 0.5
v 1.1 4.7 0.4
v 1.1 4.7 0.1
v 1.1 4.7 1.49012e-008
v 1.2 0.3 0.5
v 1.2 0.3 0.4
v 1.2 0.3 0.1
v 1.2 0.3 1.49012e-008
v 1.2 0.5 0.5
v 1.2 0.5 0.4
v 1.2 0.5 0.1
v 1.2 0.5 1.49012e-008
v 1.2 0.9 0.5
v 1.2 0.9 0.4
v 1.2 0.9 0.1
v 1.2 0.9 1.49012e-008
v 1.2 1.1 0.5
v 1.2 1.1 0.4
v 1.2 1.1 0.1
v 1.2 1.1 1.49012e-008
v 1.2 2.1 0.5
v 1.2 2.1 0.4
v 1.2 2.1 0.1
v 1.2 2.1 1.49012e-008
v 1.2 2.3 0.5
v 1.2 2.3 0.4
v 1.2 2.3 0.1
v 1.2 2.3 1.49012e-008
v 1.2 2.7 0.5
v 1.2 2.7 0.4
v 1.2 2.7 0.1
v 1.2 2.7 1.49012e-008
v 1.2 2.9 0.5
v 1.2 2.9 0.4
v 1.2 2.9 0.1
v 1.2 2.9 1.49012e-008
v 1.2 3.3 0.5
v 1.2 3.3 0.4
v 1.2 3.3 0.1
v 1.2 3.3 1.49012e-008
v 1.2 3.5 0.5
v 1.2 3.5 0.4
v 1.2 3.5 0.1
v 1.2 3.5 1.49012e-008
v 1.2 3.9 0.5
v 1.2 3.9 0.4
v 1.2 3.9 0.1
v 1.2 3.9 1.49012e-008
v 1.2 4.1 0.5
v 1.2 4.1 0.4
v 1.2 4.1 0.1
v 1.2 4.1 1.49012e-008
v 1.2 4.5 0.5
v 1.2 4.5 0.4
v 1.2 4.5 0.1
v 1.2 4.5 1.49012e-008
v 1.2 4.6 0.5
v 1.2 4.6 0.4
v 1.2 4.6 0.1
v 1.2 4.6 1.49012e-008
v 1.2 5.7 0.5
v 1.2 5.7 0.4
v 1.2 5.7 0.1
v 1.2 5.7 1.49012e-008
v 1.2 5.9 0.5
v 1.2 5.9 0.4
v 1.2 5.9 0.1
v 1.2 5.9 1.49012e-008
v 1.2 6.9 0.5
v 1.2 6.9 0.4
v 1.2 6.9 0.1
v 1.2 6.9 1.49012e-008
v 1.2 7.1 0.5
v 1.2 7.1 0.4
v 1.2 7.1 0.1
v 1.2 7.1 1.49012e-008
v 1.2 7.5 0.5
v 1.2 7.5 0.4
v 1.2 7.5 0.1
v 1.2 7.5 1.49012e-008
v 1.2 7.7 0.5
v 1.2 7.7 0.4
v 1.2 7.7 0.1
v 1.2 7.7 1.49012e-008
v 1.2 8.1 0.5
v 1.2 8.1 0.4
v 1.2 8.1 0.1
v 1.2 8.1 1.49012e-008
v 1.2 8.3 0.5
v 1.2 8.3 0.4
v 1.2 8.3 0.1
v 1.2 8.3 1.49012e-008
v 1.2 8.7 0.5
v 1.2 8.7 0.4
v 1.2 8.7 0.1
v 1.2 8.7 1.49012e-008
v 1.2 8.9 0.5
v 1.2 8.9 0.4
v 1.2 8.9 0.1
v 1.2 8.9 1.49012e-008
v 1.2 9.3 0.5
v 1.2 9.3 0.4
v 1.2 9.3 0.1
v 1.2 9.3 1.49012e-008
v 1.2 9.5 0.5
v 1.2 9.5 0.4
v 1.2 9.5 0.1
v 1.2 9.5 1.49012e-008
v 1.4 2.4 0.5
v 1.4 2.4 0.4
v 1.4 2.4 0.1
v 1.4 2.4 1.49012e-008
v 1.4 2.6 0.5
v 1.4 2.6 0.4
v 1.4 2.6 0.1
v 1.4 2.6 1.49012e-008
v 1.5 1.2 0.5
v 1.5 1.2 0.4
v 1.5 1.2 0.1
v 1.5 1.2 1.49012e-008
v 1.5 1.4 0.5
v 1.5 1.4 0.4
v 1.5 1.4 0.1
v 1.5 1.4 1.49012e-008
v 1.5 1.8 0.5
v 1.5 1.8 0.4
v 1.5 1.8 0.1
v 1.5 1.8 1.49012e-008
v 1.5 2 0.5
v 1.5 2 0.4
v 1.5 2 0.1
v 1.5 2 1.49012e-008
v 1.5 3 0.5
v 1.5 3 0.4
v 1.5 3 0.1
v 1.5 3 1.49012e-008
v 1.5 3.2 0.5
v 1.5 3.2 0.4
v 1.5 3.2 0.1
v 1.5 3.2 1.49012e-008
v 1.5 3.6 0.5
v 1.5 3.6 0.4
v 1.5 3.6 0.1
v 1.5 3.6 1.49012e-008
v 1.5 3.8 0.5
v 1.5 3.8 0.4
v 1.5 3.8 0.1
v 1.5 3.8 1.49012e-008
v 1.5 6 0.5
v 1.5 6 0.4
v 1.5 6 0.1
v 1.5 6 1.49012e-008
v 1.5 6.2 0.5
v 1.5 6.2 0.4
v 1.5 6.2 0.1
v 1.5 6.2 1.49012e-008
v 1.5 6.6 0.5
v 1.5 6.6 0.4
v 1.5 6.6 0.1
v 1.5 6.6 1.49012e-008
v 1.5 6.8 0.5
v 1.5 6.8 0.4
v 1.5 6.8 0.1
v 1.5 6.8 1.49012e-008
v 1.5 7.2 0.5
v 1.5 7.2 0.4
v 1.5 7.2 0.1
v 1.5 7.2 1.49012e-008
v 1.5 7.4 0.5
v 1.5 7.4 0.4
v 1.5 7.4 0.1
v 1.5 7.4 1.49012e-008
v 1.5 7.8 0.5
v 1.5 7.8 0.4
v 1.5 7.8 0.1
v 1.5 7.8 1.49012e-008
v 1.5 8 0.5
v 1.5 8 0.4
v 1.5 8 0.1
v 1.5 8 1.49012e-008
v 1.5 8.4 0.5
v 1.5 8.4 0.4
v 1.5 8.4 0.1
v 1.5 8.4 1.49012e-008
v 1.5 8.6 0.5
v 1.5 8.6 0.4
v 1.5 8.6 0.1
v 1.5 8.6 1.49012e-008
v 1.5 9 0.5
v 1.5 9 0.4
v 1.5 9 0.1
v 1.5 9 1.49012e-008
v 1.5 9.2 0.5
v 1.5 9.2 0.4
v 1.5 9.2 0.1
v 1.5 9.2 1.49012e-008
v 1.6 8.1 0.5
v 1.6 8.1 0.4
v 1.6 8.1 0.1
v 1.6 8.1 1.49012e-008
v 1.6 8.2 0.5
v 1.6 8.2 0.4
v 1.6 8.2 0.1
v 1.6 8.2 1.49012e-008
v 1.7 2.8 0.5
v 1.7 2.8 0.4
v 1.7 2.8 0.1
v 1.7 2.8 1.49012e-008
v 1.7 2.9 0.5
v 1.7 2.9 0.4
v 1.7 2.9 0.1
v 1.7 2.9 1.49012e-008
v 1.8 0.3 0.5
v 1.8 0.3 0.4
v 1.8 0.3 0.1
v 1.8 0.3 1.49012e-008
v 1.8 0.5 0.5
v 1.8 0.5 0.4
v 1.8 0.5 0.1
v 1.8 0.5 1.49012e-008
v 1.8 0.9 0.5
v 1.8 0.9 0.4
v 1.8 0.9 0.1
v 1.8 0.9 1.49012e-008
v 1.8 1.1 0.5
v 1.8 1.1 0.4
v 1.8 1.1 0.1
v 1.8 1.1 1.49012e-008
v 1.8 1.5 0.5
v 1.8 1.5 0.4
v 1.8 1.5 0.1
v 1.8 1.5 1.49012e-008
v 1.8 1.7 0.5
v 1.8 1.7 0.4
v 1.8 1.7 0.1
v 1.8 1.7 1.49012e-008
v 1.8 2.1 0.5
v 1.8 2.1 0.4
v 1.8 2.1 0.1
v 1.8 2.1 1.49012e-008
v 1.8 2.3 0.5
v 1.8 2.3 0.4
v 1.8 2.3 0.1
v 1.8 2.3 1.49012e-008
v 1.8 2.7 0.5
v 1.8 2.7 0.4
v 1.8 2.7 0.1
v 1.8 2.7 1.49012e-008
v 1.8 2.8 0.5
v 1.8 2.8 0.4
v 1.8 2.8 0.1
v 1.8 2.8 1.49012e-008
v 1.8 3.3 0.5
v 1.8 3.3 0.4
v 1.8 3.3 0.1
v 1.8 3.3 1.49012e-008
v 1.8 3.5 0.5
v 1.8 3.5 0.4
v 1.8 3.5 0.1
v 1.8 3.5 1.49012e-008
v 1.8 3.9 0.5
v 1.8 3.9 0.4
v 1.8 3.9 0.1
v 1.8 3.9 1.49012e-008
v 1.8 4.1 0.5
v 1.8 4.1 0.4
v 1.8 4.1 0.1
v 1.8 4.1 1.49012e-008
v 1.8 5.1 0.5
v 1.8 5.1 0.4
v 1.8 5.1 0.1
v 1.8 5.1 1.49012e-008
v 1.8 5.3 0.5
v 1.8 5.3 0.4
v 1.8 5.3 0.1
v 1.8 5.3 1.49012e-008
v 1.8 6.3 0.5
v 1.8 6.3 0.4
v 1.8 6.3 0.1
v 1.8 6.3 1.49012e-008
v 1.8 6.5 0.5
v 1.8 6.5 0.4
v 1.8 6.5 0.1
v 1.8 6.5 1.49012e-008
v 1.8 8.2 0.5
v 1.8 8.2 0.4
v 1.8 8.2 0.1
v 1.8 8.2 1.49012e-008
v 1.8 8.3 0.5
v 1.8 8.3 0.4
v 1.8 8.3 0.1
v 1.8 8.3 1.49012e-008
v 1.8 8.7 0.5
v 1.8 8.7 0.4
v 1.8 8.7 0.1
v 1.8 8.7 1.49012e-008
v 1.8 8.9 0.5
v 1.8 8.9 0.4
v 1.8 8.9 0.1
v 1.8 8.9 1.49012e-008
v 1.9 2.2 0.4
v 1.9 2.2 0.3
v 1.9 2.3 0.4
v 1.9 2.3 0.3
v 2 3 0.5
v 2 3 0.4
v 2 3 0.1
v 2 3 1.49012e-008
v 2 3.1 0.5
v 2 3.1 0.4
v 2 3.1 0.1
v 2 3.1 1.49012e-008
v 2.1 0 0.5
v 2.1 0 0.4
v 2.1 0 0.1
v 2.1 0 1.49012e-008
v 2.1 0.2 0.5
v 2.1 0.2 0.4
v 2.1 0.2 0.1
v 2.1 0.2 1.49012e-008
v 2.1 0.6 0.5
v 2.1 0.6 0.4
v 2.1 0.6 0.1
v 2.1 0.6 1.49012e-008
v 2.1 0.8 0.5
v 2.1 0.8 0.4
v 2.1 0.8 0.1
v 2.1 0.8 1.49012e-008
v 2.1 1.2 0.5
v 2.1 1.2 0.4
v 2.1 1.2 0.1
v 2.1 1.2 1.49012e-008
v 2.1 1.4 0.5
v 2.1 1.4 0.4
v 2.1 1.4 0.1
v 2.1 1.4 1.49012e-008
v 2.1 1.8 0.5
v 2.1 1.8 0.4
v 2.1 1.8 0.1
v 2.1 1.8 1.49012e-008
v 2.1 2 0.5
v 2.1 2 0.4
v 2.1 2 0.1
v 2.1 2 1.49012e-008
v 2.1 3.1 0.5
v 2.1 3.1 0.4
v 2.1 3.1 0.1
v 2.1 3.1 1.49012e-008
v 2.1 3.2 0.5
v 2.1 3.2 0.4
v 2.1 3.2 0.1
v 2.1 3.2 1.49012e-008
v 2.1 4.2 0.5
v 2.1 4.2 0.4
v 2.1 4.2 0.1
v 2.1 4.2 1.49012e-008
v 2.1 4.4 0.5
v 2.1 4.4 0.4
v 2.1 4.4 0.1
v 2.1 4.4 1.49012e-008
v 2.1 4.8 0.5
v 2.1 4.8 0.4
v 2.1 4.8 0.1
v 2.1 4.8 1.49012e-008
v 2.1 5 0.5
v 2.1 5 0.4
v 2.1 5 0.1
v 2.1 5 1.49012e-008
v 2.1 5.4 0.5
v 2.1 5.4 0.4
v 2.1 5.4 0.1
v 2.1 5.4 1.49012e-008
v 2.1 5.6 0.5
v 2.1 5.6 0.4
v 2.1 5.6 0.1
v 2.1 5.6 1.49012e-008
v 2.1 6 0.5
v 2.1 6 0.4
v 2.1 6 0.1
v 2.1 6 1.49012e-008
v 2.1 6.2 0.5
v 2.1 6.2 0.4
v 2.1 6.2 0.1
v 2.1 6.2 1.49012e-008
v 2.1 6.6 0.5
v 2.1 6.6 0.4
v 2.1 6.6 0.1
v 2.1 6.6 1.49012e-008
v 2.1 6.8 0.5
v 2.1 6.8 0.4
v 2.1 6.8 0.1
v 2.1 6.8 1.49012e-008
v 2.4 0.3 0.5
v 2.4 0.3 0.4
v 2.4 0.3 0.1
v 2.4 0.3 1.49012e-008
v 2.4 0.5 0.5
v 2.4 0.5 0.4
v 2.4 0.5 0.1
v 2.4 0.5 1.49012e-008
v 2.4 0.9 0.5
v 2.4 0.9 0.4
v 2.4 0.9 0.1
v 2.4 0.9 1.49012e-008
v 2.4 1.1 0.5
v 2.4 1.1 0.4
v 2.4 1.1 0.1
v 2.4 1.1 1.49012e-008
v 2.4 1.5 0.5
v 2.4 1.5 0.4
v 2.4 1.5 0.1
v 2.4 1.5 1.49012e-008
v 2.4 1.7 0.5
v 2.4 1.7 0.4
v 2.4 1.7 0.1
v 2.4 1.7 1.49012e-008
v 2.4 2.1 0.5
v 2.4 2.1 0.4
v 2.4 2.1 0.1
v 2.4 2.1 1.49012e-008
v 2.4 2.3 0.5
v 2.4 2.3 0.4
v 2.4 2.3 0.1
v 2.4 2.3 1.49012e-008
v 2.4 3.3 0.5
v 2.4 3.3 0.4
v 2.4 3.3 0.1
v 2.4 3.3 1.49012e-008
v 2.4 3.5 0.5
v 2.4 3.5 0.4
v 2.4 3.5 0.1
v 2.4 3.5 1.49012e-008
v 2.4 4.5 0.5
v 2.4 4.5 0.4
v 2.4 4.5 0.1
v 2.4 4.5 1.49012e-008
v 2.4 4.7 0.5
v 2.4 4.7 0.4
v 2.4 4.7 0.1
v 2.4 4.7 1.49012e-008
v 2.4 5.1 0.5
v 2.4 5.1 0.4
v 2.4 5.1 0.1
v 2.4 5.1 1.49012e-008
v 2.4 5.3 0.5
v 2.4 5.3 0.4
v 2.4 5.3 0.1
v 2.4 5.3 1.49012e-008
v 2.4 5.7 0.5
v 2.4 5.7 0.4
v 2.4 5.7 0.1
v 2.4 5.7 1.49012e-008
v 2.4 5.9 0.5
v 2.4 5.9 0.4
v 2.4 5.9 0.1
v 2.4 5.9 1.49012e-008
v 2.4 6.3 0.5
v 2.4 6.3 0.4
v 2.4 6.3 0.1
v 2.4 6.3 1.49012e-008
v 2.4 6.5 0.5
v 2.4 6.5 0.4
v 2.4 6.5 0.1
v 2.4 6.5 1.49012e-008
v 2.4 7.5 0.5
v 2.4 7.5 0.4
v 2.4 7.5 0.1
v 2.4 7.5 1.49012e-008
v 2.4 7.7 0.5
v 2.4 7.7 0.4
v 2.4 7.7 0.1
v 2.4 7.7 1.49012e-008
v 2.4 8.1 0.5
v 2.4 8.1 0.4
v 2.4 8.1 0.1
v 2.4 8.1 1.49012e-008
v 2.4 8.3 0.5
v 2.4 8.3 0.4
v 2.4 8.3 0.1
v 2.4 8.3 1.49012e-008
v 2.4 9.3 0.5
v 2.4 9.3 0.4
v 2.4 9.3 0.1
v 2.4 9.3 1.49012e-008
v 2.4 9.5 0.5
v 2.4 9.5 0.4
v 2.4 9.5 0.1
v 2.4 9.5 1.49012e-008
v 2.5 5.7 0.4
v 2.5 5.7 0.3
v 2.5 5.9 0.4
v 2.5 5.9 0.3
v 2.7 0 0.5
v 2.7 0 0.4
v 2.7 0 0.1
v 2.7 0 1.49012e-008
v 2.7 0.2 0.5
v 2.7 0.2 0.4
v 2.7 0.2 0.1
v 2.7 0.2 1.49012e-008
v 2.7 1.2 0.5
v 2.7 1.2 0.4
v 2.7 1.2 0.1
v 2.7 1.2 1.49012e-008
v 2.7 1.4 0.5
v 2.7 1.4 0.4
v 2.7 1.4 0.1
v 2.7 1.4 1.49012e-008
v 2.7 2.4 0.5
v 2.7 2.4 0.4
v 2.7 2.4 0.1
v 2.7 2.4 1.49012e-008
v 2.7 2.6 0.5
v 2.7 2.6 0.4
v 2.7 2.6 0.1
v 2.7 2.6 1.49012e-008
v 2.7 3 0.5
v 2.7 3 0.4
v 2.7 3 0.1
v 2.7 3 1.49012e-008
v 2.7 3.2 0.5
v 2.7 3.2 0.4
v 2.7 3.2 0.1
v 2.7 3.2 1.49012e-008
v 2.7 3.6 0.5
v 2.7 3.6 0.4
v 2.7 3.6 0.1
v 2.7 3.6 1.49012e-008
v 2.7 3.8 0.5
v 2.7 3.8 0.4
v 2.7 3.8 0.1
v 2.7 3.8 1.49012e-008
v 2.7 4.8 0.5
v 2.7 4.8 0.4
v 2.7 4.8 0.1
v 2.7 4.8 1.49012e-008
v 2.7 5 0.5
v 2.7 5 0.4
v 2.7 5 0.1
v 2.7 5 1.49012e-008
v 2.7 5.4 0.5
v 2.7 5.4 0.4
v 2.7 5.4 0.1
v 2.7 5.4 1.49012e-008
v 2.7 5.6 0.5
v 2.7 5.6 0.4
v 2.7 5.6 0.1
v 2.7 5.6 1.49012e-008
v 2.7 6 0.5
v 2.7 6 0.4
v 2.7 6 0.1
v 2.7 6 1.49012e-008
v 2.7 6.2 0.5
v 2.7 6.2 0.4
v 2.7 6.2 0.1
v 2.7 6.2 1.49012e-008
v 2.7 6.6 0.5
v 2.7 6.6 0.4
v 2.7 6.6 0.1
v 2.7 6.6 1.49012e-008
v 2.7 6.8 0.5
v 2.7 6.8 0.4
v 2.7 6.8 0.1
v 2.7 6.8 1.49012e-008
v 2.7 7.8 0.5
v 2.7 7.8 0.4
v 2.7 7.8 0.1
v 2.7 7.8 1.49012e-008
v 2.7 8 0.5
v 2.7 8 0.4
v 2.7 8 0.1
v 2.7 8 1.49012e-008
v 2.7 8.4 0.5
v 2.7 8.4 0.4
v 2.7 8.4 0.1
v 2.7 8.4 1.49012e-008
v 2.7 8.6 0.5
v 2.7 8.6 0.4
v 2.7 8.6 0.1
v 2.7 8.6 1.49012e-008
v 2.7 9 0.5
v 2.7 9 0.4
v 2.7 9 0.1
v 2.7 9 1.49012e-008
v 2.7 9.2 0.5
v 2.7 9.2 0.4
v 2.7 9.2 0.1
v 2.7 9.2 1.49012e-008
v 3 0.9 0.5
v 3 0.9 0.4
v 3 0.9 0.1
v 3 0.9 1.49012e-008
v 3 1.1 0.5
v 3 1.1 0.4
v 3 1.1 0.1
v 3 1.1 1.49012e-008
v 3 1.5 0.5
v 3 1.5 0.4
v 3 1.5 0.1
v 3 1.5 1.49012e-008
v 3 1.7 0.5
v 3 1.7 0.4
v 3 1.7 0.1
v 3 1.7 1.49012e-008
v 3 2.1 0.5
v 3 2.1 0.4
v 3 2.1 0.1
v 3 2.1 1.49012e-008
v 3 2.3 0.5
v 3 2.3 0.4
v 3 2.3 0.1
v 3 2.3 1.49012e-008
v 3 2.7 0.5
v 3 2.7 0.4
v 3 2.7 0.1
v 3 2.7 1.49012e-008
v 3 2.9 0.5
v 3 2.9 0.4
v 3 2.9 0.1
v 3 2.9 1.49012e-008
v 3 3.3 0.5
v 3 3.3 0.4
v 3 3.3 0.1
v 3 3.3 1.49012e-008
v 3 3.5 0.5
v 3 3.5 0.4
v 3 3.5 0.1
v 3 3.5 1.49012e-008
v 3 3.9 0.5
v 3 3.9 0.4
v 3 3.9 0.1
v 3 3.9 1.49012e-008
v 3 4.1 0.5
v 3 4.1 0.4
v 3 4.1 0.1
v 3 4.1 1.49012e-008
v 3 4.5 0.5
v 3 4.5 0.4
v 3 4.5 0.1
v 3 4.5 1.49012e-008
v 3 4.7 0.5
v 3 4.7 0.4
v 3 4.7 0.1
v 3 4.7 1.49012e-008
v 3 6.3 0.5
v 3 6.3 0.4
v 3 6.3 0.1
v 3 6.3 1.49012e-008
v 3 6.5 0.5
v 3 6.5 0.4
v 3 6.5 0.1
v 3 6.5 1.49012e-008
v 3 6.9 0.5
v 3 6.9 0.4
v 3 6.9 0.1
v 3 6.9 1.49012e-008
v 3 7.1 0.5
v 3 7.1 0.4
v 3 7.1 0.1
v 3 7.1 1.49012e-008
v 3 7.5 0.5
v 3 7.5 0.4
v 3 7.5 0.1
v 3 7.5 1.49012e-008
v 3 7.7 0.5
v 3 7.7 0.4
v 3 7.7 0.1
v 3 7.7 1.49012e-008
v 3 8.1 0.5
v 3 8.1 0.4
v 3 8.1 0.1
v 3 8.1 1.49012e-008
v 3 8.3 0.5
v 3 8.3 0.4
v 3 8.3 0.1
v 3 8.3 1.49012e-008
v 3 8.7 0.5
v 3 8.7 0.4
v 3 8.7 0.1
v 3 8.7 1.49012e-008
v 3 8.9 0.5
v 3 8.9 0.4
v 3 8.9 0.1
v 3 8.9 1.49012e-008
v 3 9.3 0.5
v 3 9.3 0.4
v 3 9.3 0.1
v 3 9.3 1.49012e-008
v 3 9.5 0.5
v 3 9.5 0.4
v 3 9.5 0.1
v 3 9.5 1.49012e-008
v 3.1 1.8 0.5
v 3.1 1.8 0.4
v 3.1 1.8 0.1
v 3.1 1.8 1.49012e-008
v 3.1 1.9 0.5
v 3.1 1.9 0.4
v 3.1 1.9 0.1
v 3.1 1.9 1.49012e-008
v 3.3 0 0.5
v 3.3 0 0.4
v 3.3 0 0.1
v 3.3 0 1.49012e-008
v 3.3 0.2 0.5
v 3.3 0.2 0.4
v 3.3 0.2 0.1
v 3.3 0.2 1.49012e-008
v 3.3 0.6 0.5
v 3.3 0.6 0.4
v 3.3 0.6 0.1
v 3.3 0.6 1.49012e-008
v 3.3 0.8 0.5
v 3.3 0.8 0.4
v 3.3 0.8 0.1
v 3.3 0.8 1.49012e-008
v 3.3 1.9 0.5
v 3.3 1.9 0.4
v 3.3 1.9 0.1
v 3.3 1.9 1.49012e-008
v 3.3 2 0.5
v 3.3 2 0.4
v 3.3 2 0.1
v 3.3 2 1.49012e-008
v 3.3 2.4 0.5
v 3.3 2.4 0.4
v 3.3 2.4 0.1
v 3.3 2.4 1.49012e-008
v 3.3 2.6 0.5
v 3.3 2.6 0.4
v 3.3 2.6 0.1
v 3.3 2.6 1.49012e-008
v 3.3 3.6 0.5
v 3.3 3.6 0.4
v 3.3 3.6 0.1
v 3.3 3.6 1.49012e-008
v 3.3 3.8 0.5
v 3.3 3.8 0.4
v 3.3 3.8 0.1
v 3.3 3.8 1.49012e-008
v 3.3 4.2 0.5
v 3.3 4.2 0.4
v 3.3 4.2 0.1
v 3.3 4.2 1.49012e-008
v 3.3 4.4 0.5
v 3.3 4.4 0.4
v 3.3 4.4 0.1
v 3.3 4.4 1.49012e-008
v 3.3 4.8 0.5
v 3.3 4.8 0.4
v 3.3 4.8 0.1
v 3.3 4.8 1.49012e-008
v 3.3 5 0.5
v 3.3 5 0.4
v 3.3 5 0.1
v 3.3 5 1.49012e-008
v 3.3 6 0.5
v 3.3 6 0.4
v 3.3 6 0.1
v 3.3 6 1.49012e-008
v 3.3 6.2 0.5
v 3.3 6.2 0.4
v 3.3 6.2 0.1
v 3.3 6.2 1.49012e-008
v 3.3 7.2 0.5
v 3.3 7.2 0.4
v 3.3 7.2 0.1
v 3.3 7.2 1.49012e-008
v 3.3 7.4 0.5
v 3.3 7.4 0.4
v 3.3 7.4 0.1
v 3.3 7.4 1.49012e-008
v 3.3 7.8 0.5
v 3.3 7.8 0.4
v 3.3 7.8 0.1
v 3.3 7.8 1.49012e-008
v 3.3 8 0.5
v 3.3 8 0.4
v 3.3 8 0.1
v 3.3 8 1.49012e-008
v 3.3 8.4 0.5
v 3.3 8.4 0.4
v 3.3 8.4 0.1
v 3.3 8.4 1.49012e-008
v 3.3 8.6 0.5
v 3.3 8.6 0.4
v 3.3 8.6 0.1
v 3.3 8.6 1.49012e-008
v 3.3 9 0.5
v 3.3 9 0.4
v 3.3 9 0.1
v 3.3 9 1.49012e-008
v 3.3 9.2 0.5
v 3.3 9.2 0.4
v 3.3 9.2 0.1
v 3.3 9.2 1.49012e-008
v 3.6 0.9 0.5
v 3.6 0.9 0.4
v 3.6 0.9 0.1
v 3.6 0.9 1.49012e-008
v 3.6 1.1 0.5
v 3.6 1.1 0.4
v 3.6 1.1 0.1
v 3.6 1.1 1.49012e-008
v 3.6 2.1 0.5
v 3.6 2.1 0.4
v 3.6 2.1 0.1
v 3.6 2.1 1.49012e-008
v 3.6 2.3 0.5
v 3.6 2.3 0.4
v 3.6 2.3 0.1
v 3.6 2.3 1.49012e-008
v 3.6 2.7 0.5
v 3.6 2.7 0.4
v 3.6 2.7 0.1
v 3.6 2.7 1.49012e-008
v 3.6 2.9 0.5
v 3.6 2.9 0.4
v 3.6 2.9 0.1
v 3.6 2.9 1.49012e-008
v 3.6 3.7 0.5
v 3.6 3.7 0.4
v 3.6 3.8 0.5
v 3.6 3.8 0.4
v 3.6 3.9 0.5
v 3.6 3.9 0.4
v 3.6 3.9 0.1
v 3.6 3.9 1.49012e-008
v 3.6 4.1 0.5
v 3.6 4.1 0.4
v 3.6 4.1 0.1
v 3.6 4.1 1.49012e-008
v 3.6 5.1 0.5
v 3.6 5.1 0.4
v 3.6 5.1 0.1
v 3.6 5.1 1.49012e-008
v 3.6 5.3 0.5
v 3.6 5.3 0.4
v 3.6 5.3 0.1
v 3.6 5.3 1.49012e-008
v 3.6 5.7 0.5
v 3.6 5.7 0.4
v 3.6 5.7 0.1
v 3.6 5.7 1.49012e-008
v 3.6 5.9 0.5
v 3.6 5.9 0.4
v 3.6 5.9 0.1
v 3.6 5.9 1.49012e-008
v 3.6 6.9 0.5
v 3.6 6.9 0.4
v 3.6 6.9 0.1
v 3.6 6.9 1.49012e-008
v 3.6 7.1 0.5
v 3.6 7.1 0.4
v 3.6 7.1 0.1
v 3.6 7.1 1.49012e-008
v 3.6 8.1 0.5
v 3.6 8.1 0.4
v 3.6 8.1 0.1
v 3.6 8.1 1.49012e-008
v 3.6 8.3 0.5
v 3.6 8.3 0.4
v 3.6 8.3 0.1
v 3.6 8.3 1.49012e-008
v 3.6 8.7 0.5
v 3.6 8.7 0.4
v 3.6 8.7 0.1
v 3.6 8.7 1.49012e-008
v 3.6 8.9 0.5
v 3.6 8.9 0.4
v 3.6 8.9 0.1
v 3.6 8.9 1.49012e-008
v 3.6 9.3 0.5
v 3.6 9.3 0.4
v 3.6 9.3 0.1
v 3.6 9.3 1.49012e-008
v 3.6 9.5 0.5
v 3.6 9.5 0.4
v 3.6 9.5 0.1
v 3.6 9.5 1.49012e-008
v 3.9 0 0.5
v 3.9 0 0.4
v 3.9 0 0.1
v 3.9 0 1.49012e-008
v 3.9 0.2 0.5
v 3.9 0.2 0.4
v 3.9 0.2 0.1
v 3.9 0.2 1.49012e-008
v 3.9 0.6 0.5
v 3.9 0.6 0.4
v 3.9 0.6 0.1
v 3.9 0.6 1.49012e-008
v 3.9 0.8 0.5
v 3.9 0.8 0.4
v 3.9 0.8 0.1
v 3.9 0.8 1.49012e-008
v 3.9 1.2 0.5
v 3.9 1.2 0.4
v 3.9 1.2 0.1
v 3.9 1.2 1.49012e-008
v 3.9 1.4 0.5
v 3.9 1.4 0.4
v 3.9 1.4 0.1
v 3.9 1.4 1.49012e-008
v 3.9 1.8 0.5
v 3.9 1.8 0.4
v 3.9 1.8 0.1
v 3.9 1.8 1.49012e-008
v 3.9 2 0.5
v 3.9 2 0.4
v 3.9 2 0.1
v 3.9 2 1.49012e-008
v 3.9 2.4 0.5
v 3.9 2.4 0.4
v 3.9 2.4 0.1
v 3.9 2.4 1.49012e-008
v 3.9 2.6 0.5
v 3.9 2.6 0.4
v 3.9 2.6 0.1
v 3.9 2.6 1.49012e-008
v 3.9 3 0.5
v 3.9 3 0.4
v 3.9 3 0.1
v 3.9 3 1.49012e-008
v 3.9 3.2 0.5
v 3.9 3.2 0.4
v 3.9 3.2 0.1
v 3.9 3.2 1.49012e-008
v 3.9 3.6 0.5
v 3.9 3.6 0.4
v 3.9 3.6 0.1
v 3.9 3.6 1.49012e-008
v 3.9 3.8 0.5
v 3.9 3.8 0.4
v 3.9 3.8 0.1
v 3.9 3.8 1.49012e-008
v 3.9 4.2 0.5
v 3.9 4.2 0.4
v 3.9 4.2 0.1
v 3.9 4.2 1.49012e-008
v 3.9 4.4 0.5
v 3.9 4.4 0.4
v 3.9 4.4 0.1
v 3.9 4.4 1.49012e-008
v 3.9 4.8 0.5
v 3.9 4.8 0.4
v 3.9 4.8 0.1
v 3.9 4.8 1.49012e-008
v 3.9 5 0.5
v 3.9 5 0.4
v 3.9 5 0.1
v 3.9 5 1.49012e-008
v 3.9 5.4 0.5
v 3.9 5.4 0.4
v 3.9 5.4 0.1
v 3.9 5.4 1.49012e-008
v 3.9 5.6 0.5
v 3.9 5.6 0.4
v 3.9 5.6 0.1
v 3.9 5.6 1.49012e-008
v 3.9 6 0.5
v 3.9 6 0.4
v 3.9 6 0.1
v 3.9 6 1.49012e-008
v 3.9 6.2 0.5
v 3.9 6.2 0.4
v 3.9 6.2 0.1
v 3.9 6.2 1.49012e-008
v 3.9 6.6 0.5
v 3.9 6.6 0.4
v 3.9 6.6 0.1
v 3.9 6.6 1.49012e-008
v 3.9 6.8 0.5
v 3.9 6.8 0.4
v 3.9 6.8 0.1
v 3.9 6.8 1.49012e-008
v 3.9 7.2 0.5
v 3.9 7.2 0.4
v 3.9 7.2 0.1
v 3.9 7.2 1.49012e-008
v 3.9 7.4 0.5
v 3.9 7.4 0.4
v 3.9 7.4 0.1
v 3.9 7.4 1.49012e-008
v 3.9 7.8 0.5
v 3.9 7.8 0.4
v 3.9 7.8 0.1
v 3.9 7.8 1.49012e-008
v 3.9 8 0.5
v 3.9 8 0.4
v 3.9 8 0.1
v 3.9 8 1.49012e-008
v 3.9 8.4 0.5
v 3.9 8.4 0.4
v 3.9 8.4 0.1
v 3.9 8.4 1.49012e-008
v 3.9 8.6 0.5
v 3.9 8.6 0.4
v 3.9 8.6 0.1
v 3.9 8.6 1.49012e-008
v 3.9 9 0.5
v 3.9 9 0.4
v 3.9 9 0.1
v 3.9 9 1.49012e-008
v 3.9 9.2 0.5
v 3.9 9.2 0.4
v 3.9 9.2 0.1
v 3.9 9.2 1.49012e-008
v 4.2 0.3 0.5
v 4.2 0.3 0.4
v 4.2 0.3 0.1
v 4.2 0.3 1.49012e-008
v 4.2 0.5 0.5
v 4.2 0.5 0.4
v 4.2 0.5 0.1
v 4.2 0.5 1.49012e-008
v 4.2 0.9 0.5
v 4.2 0.9 0.4
v 4.2 0.9 0.1
v 4.2 0.9 1.49012e-008
v 4.2 1.1 0.5
v 4.2 1.1 0.4
v 4.2 1.1 0.1
v 4.2 1.1 1.49012e-008
v 4.2 1.5 0.5
v 4.2 1.5 0.4
v 4.2 1.5 0.1
v 4.2 1.5 1.49012e-008
v 4.2 1.7 0.5
v 4.2 1.7 0.4
v 4.2 1.7 0.1
v 4.2 1.7 1.49012e-008
v 4.2 3.3 0.5
v 4.2 3.3 0.4
v 4.2 3.3 0.1
v 4.2 3.3 1.49012e-008
v 4.2 3.5 0.5
v 4.2 3.5 0.4
v 4.2 3.5 0.1
v 4.2 3.5 1.49012e-008
v 4.2 4.5 0.5
v 4.2 4.5 0.4
v 4.2 4.5 0.1
v 4.2 4.5 1.49012e-008
v 4.2 4.7 0.5
v 4.2 4.7 0.4
v 4.2 4.7 0.1
v 4.2 4.7 1.49012e-008
v 4.2 5.7 0.5
v 4.2 5.7 0.4
v 4.2 5.7 0.1
v 4.2 5.7 1.49012e-008
v 4.2 5.9 0.5
v 4.2 5.9 0.4
v 4.2 5.9 0.1
v 4.2 5.9 1.49012e-008
v 4.2 6.3 0.5
v 4.2 6.3 0.4
v 4.2 6.3 0.1
v 4.2 6.3 1.49012e-008
v 4.2 6.5 0.5
v 4.2 6.5 0.4
v 4.2 6.5 0.1
v 4.2 6.5 1.49012e-008
v 4.2 6.9 0.5
v 4.2 6.9 0.4
v 4.2 6.9 0.1
v 4.2 6.9 1.49012e-008
v 4.2 7.1 0.5
v 4.2 7.1 0.4
v 4.2 7.1 0.1
v 4.2 7.1 1.49012e-008
v 4.2 8.1 0.5
v 4.2 8.1 0.4
v 4.2 8.1 0.1
v 4.2 8.1 1.49012e-008
v 4.2 8.3 0.5
v 4.2 8.3 0.4
v 4.2 8.3 0.1
v 4.2 8.3 1.49012e-008
v 4.2 8.7 0.5
v 4.2 8.7 0.4
v 4.2 8.7 0.1
v 4.2 8.7 1.49012e-008
v 4.2 8.9 0.5
v 4.2 8.9 0.4
v 4.2 8.9 0.1
v 4.2 8.9 1.49012e-008
v 4.2 9.3 0.5
v 4.2 9.3 0.4
v 4.2 9.3 0.1
v 4.2 9.3 1.49012e-008
v 4.2 9.5 0.5
v 4.2 9.5 0.4
v 4.2 9.5 0.1
v 4.2 9.5 1.49012e-008
v 4.5 0 0.5
v 4.5 0 0.4
v 4.5 0 0.1
v 4.5 0 1.49012e-008
v 4.5 0.2 0.5
v 4.5 0.2 0.4
v 4.5 0.2 0.1
v 4.5 0.2 1.49012e-008
v 4.5 1.8 0.5
v 4.5 1.8 0.4
v 4.5 1.8 0.1
v 4.5 1.8 1.49012e-008
v 4.5 2 0.5
v 4.5 2 0.4
v 4.5 2 0.1
v 4.5 2 1.49012e-008
v 4.5 2.4 0.5
v 4.5 2.4 0.4
v 4.5 2.4 0.1
v 4.5 2.4 1.49012e-008
v 4.5 2.6 0.5
v 4.5 2.6 0.4
v 4.5 2.6 0.1
v 4.5 2.6 1.49012e-008
v 4.5 3 0.5
v 4.5 3 0.4
v 4.5 3 0.1
v 4.5 3 1.49012e-008
v 4.5 3.2 0.5
v 4.5 3.2 0.4
v 4.5 3.2 0.1
v 4.5 3.2 1.49012e-008
v 4.5 3.6 0.5
v 4.5 3.6 0.4
v 4.5 3.6 0.1
v 4.5 3.6 1.49012e-008
v 4.5 3.8 0.5
v 4.5 3.8 0.4
v 4.5 3.8 0.1
v 4.5 3.8 1.49012e-008
v 4.5 4.2 0.5
v 4.5 4.2 0.4
v 4.5 4.2 0.1
v 4.5 4.2 1.49012e-008
v 4.5 4.4 0.5
v 4.5 4.4 0.4
v 4.5 4.4 0.1
v 4.5 4.4 1.49012e-008
v 4.5 4.8 0.5
v 4.5 4.8 0.4
v 4.5 4.8 0.1
v 4.5 4.8 1.49012e-008
v 4.5 5 0.5
v 4.5 5 0.4
v 4.5 5 0.1
v 4.5 5 1.49012e-008
v 4.5 5.4 0.5
v 4.5 5.4 0.4
v 4.5 5.4 0.1
v 4.5 5.4 1.49012e-008
v 4.5 5.6 0.5
v 4.5 5.6 0.4
v 4.5 5.6 0.1
v 4.5 5.6 1.49012e-008
v 4.5 6.6 0.5
v 4.5 6.6 0.4
v 4.5 6.6 0.1
v 4.5 6.6 1.49012e-008
v 4.5 6.8 0.5
v 4.5 6.8 0.4
v 4.5 6.8 0.1
v 4.5 6.8 1.49012e-008
v 4.5 7.2 0.5
v 4.5 7.2 0.4
v 4.5 7.2 0.1
v 4.5 7.2 1.49012e-008
v 4.5 7.4 0.5
v 4.5 7.4 0.4
v 4.5 7.4 0.1
v 4.5 7.4 1.49012e-008
v 4.5 7.8 0.5
v 4.5 7.8 0.4
v 4.5 7.8 0.1
v 4.5 7.8 1.49012e-008
v 4.5 8 0.5
v 4.5 8 0.4
v 4.5 8 0.1
v 4.5 8 1.49012e-008
v 4.8 0.3 0.5
v 4.8 0.3 0.4
v 4.8 0.3 0.1
v 4.8 0.3 1.49012e-008
v 4.8 0.5 0.5
v 4.8 0.5 0.4
v 4.8 0.5 0.1
v 4.8 0.5 1.49012e-008
v 4.8 0.9 0.5
v 4.8 0.9 0.4
v 4.8 0.9 0.1
v 4.8 0.9 1.49012e-008
v 4.8 1.1 0.5
v 4.8 1.1 0.4
v 4.8 1.1 0.1
v 4.8 1.1 1.49012e-008
v 4.8 1.5 0.5
v 4.8 1.5 0.4
v 4.8 1.5 0.1
v 4.8 1.5 1.49012e-008
v 4.8 1.7 0.5
v 4.8 1.7 0.4
v 4.8 1.7 0.1
v 4.8 1.7 1.49012e-008
v 4.8 2.7 0.5
v 4.8 2.7 0.4
v 4.8 2.7 0.1
v 4.8 2.7 1.49012e-008
v 4.8 2.9 0.5
v 4.8 2.9 0.4
v 4.8 2.9 0.1
v 4.8 2.9 1.49012e-008
v 4.8 3.3 0.5
v 4.8 3.3 0.4
v 4.8 3.3 0.1
v 4.8 3.3 1.49012e-008
v 4.8 3.5 0.5
v 4.8 3.5 0.4
v 4.8 3.5 0.1
v 4.8 3.5 1.49012e-008
v 4.8 3.9 0.5
v 4.8 3.9 0.4
v 4.8 3.9 0.1
v 4.8 3.9 1.49012e-008
v 4.8 4.1 0.5
v 4.8 4.1 0.4
v 4.8 4.1 0.1
v 4.8 4.1 1.49012e-008
v 4.8 4.5 0.5
v 4.8 4.5 0.4
v 4.8 4.5 0.1
v 4.8 4.5 1.49012e-008
v 4.8 4.7 0.5
v 4.8 4.7 0.4
v 4.8 4.7 0.1
v 4.8 4.7 1.49012e-008
v 4.8 5.1 0.5
v 4.8 5.1 0.4
v 4.8 5.1 0.1
v 4.8 5.1 1.49012e-008
v 4.8 5.3 0.5
v 4.8 5.3 0.4
v 4.8 5.3 0.1
v 4.8 5.3 1.49012e-008
v 4.8 5.7 0.5
v 4.8 5.7 0.4
v 4.8 5.7 0.1
v 4.8 5.7 1.49012e-008
v 4.8 5.9 0.5
v 4.8 5.9 0.4
v 4.8 5.9 0.1
v 4.8 5.9 1.49012e-008
v 4.8 6.3 0.5
v 4.8 6.3 0.4
v 4.8 6.3 0.1
v 4.8 6.3 1.49012e-008
v 4.8 6.5 0.5
v 4.8 6.5 0.4
v 4.8 6.5 0.1
v 4.8 6.5 1.49012e-008
v 4.8 7.5 0.5
v 4.8 7.5 0.4
v 4.8 7.5 0.1
v 4.8 7.5 1.49012e-008
v 4.8 7.7 0.5
v 4.8 7.7 0.4
v 4.8 7.7 0.1
v 4.8 7.7 1.49012e-008
v 4.8 8.1 0.5
v 4.8 8.1 0.4
v 4.8 8.1 0.1
v 4.8 8.1 1.49012e-008
v 4.8 8.3 0.5
v 4.8 8.3 0.4
v 4.8 8.3 0.1
v 4.8 8.3 1.49012e-008
v 4.8 8.7 0.5
v 4.8 8.7 0.4
v 4.8 8.7 0.1
v 4.8 8.7 1.49012e-008
v 4.8 8.9 0.5
v 4.8 8.9 0.4
v 4.8 8.9 0.1
v 4.8 8.9 1.49012e-008
v 4.8 9.3 0.5
v 4.8 9.3 0.4
v 4.8 9.3 0.1
v 4.8 9.3 1.49012e-008
v 4.8 9.5 0.5
v 4.8 9.5 0.4
v 4.8 9.5 0.1
v 4.8 9.5 1.49012e-008
v 5.1 0 0.5
v 5.1 0 1.49012e-008
v 5.1 0.2 0.5
v 5.1 0.2 0.4
v 5.1 0.2 0.1
v 5.1 0.2 1.49012e-008
v 5.1 0.3 0.5
v 5.1 0.3 0.4
v 5.1 0.3 0.1
v 5.1 0.3 1.49012e-008
v 5.1 0.5 0.5
v 5.1 0.5 0.4
v 5.1 0.5 0.1
v 5.1 0.5 1.49012e-008
v 5.1 0.6 0.5
v 5.1 0.6 0.4
v 5.1 0.6 0.1
v 5.1 0.6 1.49012e-008
v 5.1 0.8 0.5
v 5.1 0.8 0.4
v 5.1 0.8 0.1
v 5.1 0.8 1.49012e-008
v 5.1 0.9 0.5
v 5.1 0.9 0.4
v 5.1 0.9 0.1
v 5.1 0.9 1.49012e-008
v 5.1 1.1 0.5
v 5.1 1.1 0.4
v 5.1 1.1 0.1
v 5.1 1.1 1.49012e-008
v 5.1 1.2 0.5
v 5.1 1.2 0.4
v 5.1 1.2 0.1
v 5.1 1.2 1.49012e-008
v 5.1 1.4 0.5
v 5.1 1.4 0.4
v 5.1 1.4 0.1
v 5.1 1.4 1.49012e-008
v 5.1 1.5 0.5
v 5.1 1.5 0.4
v 5.1 1.5 0.1
v 5.1 1.5 1.49012e-008
v 5.1 1.7 0.5
v 5.1 1.7 0.4
v 5.1 1.7 0.1
v 5.1 1.7 1.49012e-008
v 5.1 1.8 0.5
v 5.1 1.8 0.4
v 5.1 1.8 0.1
v 5.1 1.8 1.49012e-008
v 5.1 2 0.5
v 5.1 2 0.4
v 5.1 2 0.1
v 5.1 2 1.49012e-008
v 5.1 2.1 0.5
v 5.1 2.1 0.4
v 5.1 2.1 0.1
v 5.1 2.1 1.49012e-008
v 5.1 2.3 0.5
v 5.1 2.3 0.4
v 5.1 2.3 0.1
v 5.1 2.3 1.49012e-008
v 5.1 2.4 0.5
v 5.1 2.4 0.4
v 5.1 2.4 0.1
v 5.1 2.4 1.49012e-008
v 5.1 2.6 0.5
v 5.1 2.6 0.4
v 5.1 2.6 0.1
v 5.1 2.6 1.49012e-008
v 5.1 2.7 0.5
v 5.1 2.7 0.4
v 5.1 2.7 0.1
v 5.1 2.7 1.49012e-008
v 5.1 2.9 0.5
v 5.1 2.9 0.4
v 5.1 2.9 0.1
v 5.1 2.9 1.49012e-008
v 5.1 3 0.5
v 5.1 3 0.4
v 5.1 3 0.1
v 5.1 3 1.49012e-008
v 5.1 3.2 0.5
v 5.1 3.2 0.4
v 5.1 3.2 0.1
v 5.1 3.2 1.49012e-008
v 5.1 3.3 0.5
v 5.1 3.3 0.4
v 5.1 3.3 0.1
v 5.1 3.3 1.49012e-008
v 5.1 3.5 0.5
v 5.1 3.5 0.4
v 5.1 3.5 0.1
v 5.1 3.5 1.49012e-008
v 5.1 3.6 0.5
v 5.1 3.6 0.4
v 5.1 3.6 0.1
v 5.1 3.6 1.49012e-008
v 5.1 3.8 0.5
v 5.1 3.8 0.4
v 5.1 3.8 0.1
v 5.1 3.8 1.49012e-008
v 5.1 3.9 0.5
v 5.1 3.9 0.4
v 5.1 3.9 0.1
v 5.1 3.9 1.49012e-008
v 5.1 4.1 0.5
v 5.1 4.1 0.4
v 5.1 4.1 0.1
v 5.1 4.1 1.49012e-008
v 5.1 4.2 0.5
v 5.1 4.2 0.4
v 5.1 4.2 0.1
v 5.1 4.2 1.49012e-008
v 5.1 4.4 0.5
v 5.1 4.4 0.4
v 5.1 4.4 0.1
v 5.1 4.4 1.49012e-008
v 5.1 4.5 0.5
v 5.1 4.5 0.4
v 5.1 4.5 0.1
v 5.1 4.5 1.49012e-008
v 5.1 4.7 0.5
v 5.1 4.7 0.4
v 5.1 4.7 0.1
v 5.1 4.7 1.49012e-008
v 5.1 4.8 0.4
v 5.1 4.8 0.1
v 5.1 5 0.4
v 5.1 5 0.1
v 5.1 5.1 0.5
v 5.1 5.1 0.4
v 5.1 5.1 0.1
v 5.1 5.1 1.49012e-008
v 5.1 5.3 0.5
v 5.1 5.3 0.4
v 5.1 5.3 0.1
v 5.1 5.3 1.49012e-008
v 5.1 5.4 0.5
v 5.1 5.4 0.4
v 5.1 5.4 0.1
v 5.1 5.4 1.49012e-008
v 5.1 5.6 0.5
v 5.1 5.6 0.4
v 5.1 5.6 0.1
v 5.1 5.6 1.49012e-008
v 5.1 5.7 0.5
v 5.1 5.7 0.4
v 5.1 5.7 0.1
v 5.1 5.7 1.49012e-008
v 5.1 5.9 0.5
v 5.1 5.9 0.4
v 5.1 5.9 0.1
v 5.1 5.9 1.49012e-008
v 5.1 6 0.5
v 5.1 6 0.4
v 5.1 6 0.1
v 5.1 6 1.49012e-008
v 5.1 6.2 0.5
v 5.1 6.2 0.4
v 5.1 6.2 0.1
v 5.1 6.2 1.49012e-008
v 5.1 6.3 0.5
v 5.1 6.3 0.4
v 5.1 6.3 0.1
v 5.1 6.3 1.49012e-008
v 5.1 6.5 0.5
v 5.1 6.5 0.4
v 5.1 6.5 0.1
v 5.1 6.5 1.49012e-008
v 5.1 6.6 0.5
v 5.1 6.6 0.4
v 5.1 6.6 0.1
v 5.1 6.6 1.49012e-008
v 5.1 6.8 0.5
v 5.1 6.8 0.4
v 5.1 6.8 0.1
v 5.1 6.8 1.49012e-008
v 5.1 6.9 0.5
v 5.1 6.9 0.4
v 5.1 6.9 0.1
v 5.1 6.9 1.49012e-008
v 5.1 7.1 0.5
v 5.1 7.1 0.4
v 5.1 7.1 0.1
v 5.1 7.1 1.49012e-008
v 5.1 7.2 0.5
v 5.1 7.2 0.4
v 5.1 7.2 0.1
v 5.1 7.2 1.49012e-008
v 5.1 7.4 0.5
v 5.1 7.4 0.4
v 5.1 7.4 0.1
v 5.1 7.4 1.49012e-008
v 5.1 7.5 0.5
v 5.1 7.5 0.4
v 5.1 7.5 0.1
v 5.1 7.5 1.49012e-008
v 5.1 7.7 0.5
v 5.1 7.7 0.4
v 5.1 7.7 0.1
v 5.1 7.7 1.49012e-008
v 5.1 7.8 0.4
v 5.1 7.8 0.1
v 5.1 8 0.4
v 5.1 8 0.1
v 5.1 8.1 0.5
v 5.1 8.1 0.4
v 5.1 8.1 0.1
v 5.1 8.1 1.49012e-008
v 5.1 8.3 0.5
v 5.1 8.3 0.4
v 5.1 8.3 0.1
v 5.1 8.3 1.49012e-008
v 5.1 8.4 0.5
v 5.1 8.4 0.4
v 5.1 8.4 0.1
v 5.1 8.4 1.49012e-008
v 5.1 8.6 0.5
v 5.1 8.6 0.4
v 5.1 8.6 0.1
v 5.1 8.6 1.49012e-008
v 5.1 8.7 0.5
v 5.1 8.7 0.4
v 5.1 8.7 0.1
v 5.1 8.7 1.49012e-008
v 5.1 8.9 0.5
v 5.1 8.9 0.4
v 5.1 8.9 0.1
v 5.1 8.9 1.49012e-008
v 5.1 9 0.4
v 5.1 9 0.1
v 5.1 9.2 0.4
v 5.1 9.2 0.1
v 5.1 9.3 0.5
v 5.1 9.3 0.4
v 5.1 9.3 0.1
v 5.1 9.3 1.49012e-008
v 5.1 9.5 0.5
v 5.1 9.5 0.4
v 5.1 9.5 0.1
v 5.1 9.5 1.49012e-008
v 5.1 9.6 0.4
v 5.1 9.6 0.1
v -5.1 0.3 0.5
v -5.1 0.5 0.5
v -5.1 0.9 0.5
v -5.1 1.1 0.5
v -5.1 1.5 0.5
v -5.1 1.7 0.5
v -5.1 2.1 0.5
v -5.1 2.3 0.5
v -5.1 2.7 0.5
v -5.1 2.9 0.5
v -5.1 3.3 0.5
v -5.1 3.5 0.5
v -5.1 3.9 0.5
v -5.1 4.1 0.5
v -5.1 4.5 0.5
v -5.1 4.7 0.5
v -5.1 5.1 0.5
v -5.1 5.3 0.5
v -5.1 5.7 0.5
v -5.1 5.9 0.5
v -5.1 6.3 0.5
v -5.1 6.5 0.5
v -5.1 6.9 0.5
v -5.1 7.1 0.5
v -5.1 7.5 0.5
v -5.1 7.7 0.5
v -5.1 8.1 0.5
v -5.1 8.3 0.5
v -5.1 8.7 0.5
v -5.1 8.9 0.5
v -5.1 9.3 0.5
v -5.1 9.5 0.5
v -5 0 0.5
v -5 0.2 0.5
v -5 0.6 0.5
v -5 0.8 0.5
v -5 1.2 0.5
v -5 1.4 0.5
v -5 1.8 0.5
v -5 2 0.5
v -5 2.4 0.5
v -5 2.6 0.5
v -5 3 0.5
v -5 3.2 0.5
v -5 3.6 0.5
v -5 3.8 0.5
v -5 4.2 0.5
v -5 4.4 0.5
v -5 4.8 0.5
v -5 5 0.5
v -5 5.4 0.5
v -5 5.6 0.5
v -5 6 0.5
v -5 6.2 0.5
v -5 6.6 0.5
v -5 6.8 0.5
v -5 7.2 0.5
v -5 7.4 0.5
v -5 8.4 0.5
v -5 8.6 0.5
v -5 9 0.5
v -5 9.2 0.5
v -4.8 0.3 0.5
v -4.8 0.5 0.5
v -4.8 0.9 0.5
v -4.8 1.1 0.5
v -4.8 1.5 0.5
v -4.8 1.7 0.5
v -4.8 2.1 0.5
v -4.8 2.3 0.5
v -4.8 2.7 0.5
v -4.8 2.9 0.5
v -4.8 3.3 0.5
v -4.8 3.5 0.5
v -4.8 3.9 0.5
v -4.8 4.1 0.5
v -4.8 4.5 0.5
v -4.8 4.7 0.5
v -4.8 5.1 0.5
v -4.8 5.3 0.5
v -4.8 5.7 0.5
v -4.8 5.9 0.5
v -4.8 6.3 0.5
v -4.8 6.5 0.5
v -4.8 6.9 0.5
v -4.8 7.1 0.5
v -4.8 7.5 0.5
v -4.8 7.7 0.5
v -4.8 8.1 0.5
v -4.8 8.3 0.5
v -4.8 8.7 0.5
v -4.8 8.9 0.5
v -4.8 9.3 0.5
v -4.8 9.5 0.5
v -4.7 0.3 0.5
v -4.7 0.5 0.5
v -4.7 0.9 0.5
v -4.7 1.1 0.5
v -4.7 1.5 0.5
v -4.7 1.7 0.5
v -4.7 2.1 0.5
v -4.7 2.3 0.5
v -4.7 2.7 0.5
v -4.7 2.9 0.5
v -4.7 3.3 0.5
v -4.7 3.5 0.5
v -4.7 3.9 0.5
v -4.7 4.1 0.5
v -4.7 4.5 0.5
v -4.7 4.7 0.5
v -4.7 5.1 0.5
v -4.7 5.3 0.5
v -4.7 5.7 0.5
v -4.7 5.9 0.5
v -4.7 6.9 0.5
v -4.7 7.1 0.5
v -4.7 8.7 0.5
v -4.7 8.9 0.5
v -4.7 9.3 0.5
v -4.7 9.5 0.5
v -4.6 0.7 0.5
v -4.6 0.8 0.5
v -4.5 0 0.5
v -4.5 0.2 0.5
v -4.5 0.6 0.5
v -4.5 0.7 0.5
v -4.5 1.2 0.5
v -4.5 1.4 0.5
v -4.5 1.8 0.5
v -4.5 2 0.5
v -4.5 2.4 0.5
v -4.5 2.6 0.5
v -4.5 3 0.5
v -4.5 3.2 0.5
v -4.5 3.6 0.5
v -4.5 3.8 0.5
v -4.5 4.2 0.5
v -4.5 4.4 0.5
v -4.5 4.8 0.5
v -4.5 5 0.5
v -4.5 5.4 0.5
v -4.5 5.6 0.5
v -4.5 6 0.5
v -4.5 6.2 0.5
v -4.5 6.6 0.5
v -4.5 6.8 0.5
v -4.5 7.2 0.5
v -4.5 7.4 0.5
v -4.5 8.4 0.5
v -4.5 8.6 0.5
v -4.5 9 0.5
v -4.5 9.2 0.5
v -4.4 0 0.5
v -4.4 0.2 0.5
v -4.4 1.2 0.5
v -4.4 1.4 0.5
v -4.4 1.8 0.5
v -4.4 2 0.5
v -4.4 3.6 0.5
v -4.4 3.8 0.5
v -4.4 4.2 0.5
v -4.4 4.4 0.5
v -4.4 5.4 0.5
v -4.4 5.6 0.5
v -4.4 6 0.5
v -4.4 6.2 0.5
v -4.4 6.6 0.5
v -4.4 6.8 0.5
v -4.4 7.2 0.5
v -4.4 7.3 0.5
v -4.4 8.4 0.5
v -4.4 8.6 0.5
v -4.3 0.9 0.5
v -4.3 1.1 0.5
v -4.3 7.9 0.5
v -4.3 8 0.5
v -4.2 0.3 0.5
v -4.2 0.5 0.5
v -4.2 1.5 0.5
v -4.2 1.7 0.5
v -4.2 2.1 0.5
v -4.2 2.3 0.5
v -4.2 2.7 0.5
v -4.2 2.9 0.5
v -4.2 3.3 0.5
v -4.2 3.5 0.5
v -4.2 3.9 0.5
v -4.2 4.1 0.5
v -4.2 4.5 0.5
v -4.2 4.7 0.5
v -4.2 5.1 0.5
v -4.2 5.3 0.5
v -4.2 5.7 0.5
v -4.2 5.9 0.5
v -4.2 6.9 0.5
v -4.2 7.1 0.5
v -4.2 7.3 0.5
v -4.2 7.4 0.5
v -4.2 7.8 0.5
v -4.2 7.9 0.5
v -4.2 8.7 0.5
v -4.2 8.9 0.5
v -4.2 9.3 0.5
v -4.2 9.5 0.5
v -4.1 0.3 0.5
v -4.1 0.5 0.5
v -4.1 1.5 0.5
v -4.1 1.7 0.5
v -4.1 2.1 0.5
v -4.1 2.3 0.5
v -4.1 2.7 0.5
v -4.1 2.9 0.5
v -4.1 3.3 0.5
v -4.1 3.5 0.5
v -4.1 3.9 0.5
v -4.1 4.1 0.5
v -4.1 4.5 0.5
v -4.1 4.7 0.5
v -4.1 5.1 0.5
v -4.1 5.3 0.5
v -4.1 6.3 0.5
v -4.1 6.5 0.5
v -4.1 7.5 0.5
v -4.1 7.6 0.5
v -4.1 8.1 0.5
v -4.1 8.3 0.5
v -4.1 8.7 0.5
v -4.1 8.9 0.5
v -4.1 9.4 0.5
v -4.1 9.5 0.5
v -4 1.2 0.5
v -4 1.3 0.5
v -4 7.6 0.5
v -4 7.7 0.5
v -3.9 0 0.5
v -3.9 0.2 0.5
v -3.9 1.3 0.5
v -3.9 1.4 0.5
v -3.9 1.8 0.5
v -3.9 2 0.5
v -3.9 3.6 0.5
v -3.9 3.8 0.5
v -3.9 4.2 0.5
v -3.9 4.4 0.5
v -3.9 5.4 0.5
v -3.9 5.6 0.5
v -3.9 6 0.5
v -3.9 6.2 0.5
v -3.9 6.6 0.5
v -3.9 6.8 0.5
v -3.9 7.2 0.5
v -3.9 7.4 0.5
v -3.9 7.8 0.5
v -3.9 8 0.5
v -3.9 8.4 0.5
v -3.9 8.6 0.5
v -3.9 9.3 0.5
v -3.9 9.4 0.5
v -3.8 1.3 0.5
v -3.8 1.4 0.5
v -3.8 1.8 0.5
v -3.8 2 0.5
v -3.8 2.4 0.5
v -3.8 2.6 0.5
v -3.8 3 0.5
v -3.8 3.2 0.5
v -3.8 3.6 0.5
v -3.8 3.8 0.5
v -3.8 4.2 0.5
v -3.8 4.4 0.5
v -3.8 4.8 0.5
v -3.8 5 0.5
v -3.8 5.4 0.5
v -3.8 5.6 0.5
v -3.8 6 0.5
v -3.8 6.2 0.5
v -3.8 6.6 0.5
v -3.8 6.8 0.5
v -3.8 7.2 0.5
v -3.8 7.4 0.5
v -3.8 7.8 0.5
v -3.8 8 0.5
v -3.8 8.4 0.5
v -3.8 8.6 0.5
v -3.8 9 0.5
v -3.8 9.2 0.5
v -3.7 0.6 0.5
v -3.7 0.8 0.5
v -3.6 0.3 0.5
v -3.6 0.5 0.5
v -3.6 1.5 0.5
v -3.6 1.7 0.5
v -3.6 2.1 0.5
v -3.6 2.3 0.5
v -3.6 2.7 0.5
v -3.6 2.9 0.5
v -3.6 3.3 0.5
v -3.6 3.5 0.5
v -3.6 3.9 0.5
v -3.6 4.1 0.5
v -3.6 4.5 0.5
v -3.6 4.7 0.5
v -3.6 5.1 0.5
v -3.6 5.3 0.5
v -3.6 6.3 0.5
v -3.6 6.5 0.5
v -3.6 7.5 0.5
v -3.6 7.7 0.5
v -3.6 8.1 0.5
v -3.6 8.3 0.5
v -3.6 8.7 0.5
v -3.6 8.9 0.5
v -3.6 9.3 0.5
v -3.6 9.5 0.5
v -3.5 0.3 0.5
v -3.5 0.5 0.5
v -3.5 0.9 0.5
v -3.5 1 0.5
v -3.5 1.2 0.5
v -3.5 1.3 0.5
v -3.5 3.3 0.5
v -3.5 3.5 0.5
v -3.5 3.9 0.5
v -3.5 4.1 0.5
v -3.5 5.1 0.5
v -3.5 5.3 0.5
v -3.5 5.7 0.5
v -3.5 5.9 0.5
v -3.5 6.9 0.5
v -3.5 7.1 0.5
v -3.5 8.1 0.5
v -3.5 8.3 0.5
v -3.5 9.3 0.5
v -3.5 9.5 0.5
v -3.4 1 0.5
v -3.4 1.1 0.5
v -3.4 5.4 0.5
v -3.4 5.6 0.5
v -3.4 8.4 0.5
v -3.4 8.5 0.5
v -3.3 0.6 0.5
v -3.3 0.8 0.5
v -3.3 1.2 0.5
v -3.3 1.4 0.5
v -3.3 1.8 0.5
v -3.3 2 0.5
v -3.3 2.4 0.5
v -3.3 2.6 0.5
v -3.3 3 0.5
v -3.3 3.2 0.5
v -3.3 3.6 0.5
v -3.3 3.8 0.5
v -3.3 4.2 0.5
v -3.3 4.4 0.5
v -3.3 4.8 0.5
v -3.3 5 0.5
v -3.3 6 0.5
v -3.3 6.2 0.5
v -3.3 6.6 0.5
v -3.3 6.8 0.5
v -3.3 7.2 0.5
v -3.3 7.4 0.5
v -3.3 7.8 0.5
v -3.3 8 0.5
v -3.3 8.5 0.5
v -3.3 8.6 0.5
v -3.3 9 0.5
v -3.3 9.2 0.5
v -3.2 0 0.5
v -3.2 0.2 0.5
v -3.2 0.6 0.5
v -3.2 0.8 0.5
v -3.2 1.8 0.5
v -3.2 2 0.5
v -3.2 2.4 0.5
v -3.2 2.6 0.5
v -3.2 3 0.5
v -3.2 3.2 0.5
v -3.2 4.2 0.5
v -3.2 4.4 0.5
v -3.2 4.8 0.5
v -3.2 5 0.5
v -3.2 5.7 0.5
v -3.2 5.8 0.5
v -3.2 6 0.5
v -3.2 6.2 0.5
v -3.2 6.6 0.5
v -3.2 6.8 0.5
v -3.2 7.8 0.5
v -3.2 8 0.5
v -3.2 9 0.5
v -3.2 9.2 0.5
v -3.1 5.2 0.5
v -3.1 5.3 0.5
v -3 0.3 0.5
v -3 0.5 0.5
v -3 0.9 0.5
v -3 1.1 0.5
v -3 3.3 0.5
v -3 3.5 0.5
v -3 3.9 0.5
v -3 4.1 0.5
v -3 5.1 0.5
v -3 5.2 0.5
v -3 5.8 0.5
v -3 5.9 0.5
v -3 6.9 0.5
v -3 7.1 0.5
v -3 8.1 0.5
v -3 8.3 0.5
v -3 9.3 0.5
v -3 9.5 0.5
v -2.9 0.3 0.5
v -2.9 0.5 0.5
v -2.9 0.9 0.5
v -2.9 1.1 0.5
v -2.9 1.5 0.5
v -2.9 1.7 0.5
v -2.9 2.1 0.5
v -2.9 2.3 0.5
v -2.9 2.7 0.5
v -2.9 2.9 0.5
v -2.9 3.3 0.5
v -2.9 3.5 0.5
v -2.9 4.5 0.5
v -2.9 4.7 0.5
v -2.9 5.1 0.5
v -2.9 5.3 0.5
v -2.9 5.8 0.5
v -2.9 5.9 0.5
v -2.9 6.3 0.5
v -2.9 6.5 0.5
v -2.9 6.9 0.5
v -2.9 7.1 0.5
v -2.9 7.5 0.5
v -2.9 7.7 0.5
v -2.9 8.8 0.5
v -2.9 8.9 0.5
v -2.8 8.7 0.5
v -2.8 8.8 0.5
v -2.7 0 0.5
v -2.7 0.2 0.5
v -2.7 0.6 0.5
v -2.7 0.8 0.5
v -2.7 1.8 0.5
v -2.7 2 0.5
v -2.7 2.4 0.5
v -2.7 2.6 0.5
v -2.7 3 0.5
v -2.7 3.2 0.5
v -2.7 4.2 0.5
v -2.7 4.4 0.5
v -2.7 4.8 0.5
v -2.7 5 0.5
v -2.7 5.7 0.5
v -2.7 5.8 0.5
v -2.7 6 0.5
v -2.7 6.2 0.5
v -2.7 6.6 0.5
v -2.7 6.8 0.5
v -2.7 7.8 0.5
v -2.7 8 0.5
v -2.7 9 0.5
v -2.7 9.2 0.5
v -2.6 0 0.5
v -2.6 0.2 0.5
v -2.6 1.2 0.5
v -2.6 1.4 0.5
v -2.6 1.8 0.5
v -2.6 2 0.5
v -2.6 3 0.5
v -2.6 3.2 0.5
v -2.6 3.6 0.5
v -2.6 3.8 0.5
v -2.6 4.2 0.5
v -2.6 4.4 0.5
v -2.6 5.4 0.5
v -2.6 5.5 0.5
v -2.6 6 0.5
v -2.6 6.2 0.5
v -2.6 6.6 0.5
v -2.6 6.8 0.5
v -2.6 7.2 0.5
v -2.6 7.4 0.5
v -2.6 8.4 0.5
v -2.6 8.6 0.5
v -2.6 9 0.5
v -2.6 9.2 0.5
v -2.5 5.5 0.5
v -2.5 5.6 0.5
v -2.4 0.3 0.5
v -2.4 0.5 0.5
v -2.4 0.9 0.5
v -2.4 1.1 0.5
v -2.4 1.5 0.5
v -2.4 1.7 0.5
v -2.4 2.1 0.5
v -2.4 2.3 0.5
v -2.4 2.7 0.5
v -2.4 2.9 0.5
v -2.4 3.3 0.5
v -2.4 3.5 0.5
v -2.4 4.5 0.5
v -2.4 4.7 0.5
v -2.4 5.1 0.5
v -2.4 5.3 0.5
v -2.4 5.7 0.5
v -2.4 5.9 0.5
v -2.4 6.3 0.5
v -2.4 6.5 0.5
v -2.4 6.9 0.5
v -2.4 7.1 0.5
v -2.4 7.5 0.5
v -2.4 7.7 0.5
v -2.4 8.7 0.5
v -2.4 8.9 0.5
v -2.3 0.3 0.5
v -2.3 0.5 0.5
v -2.3 0.9 0.5
v -2.3 1.1 0.5
v -2.3 1.5 0.5
v -2.3 1.7 0.5
v -2.3 2.1 0.5
v -2.3 2.3 0.5
v -2.3 2.7 0.5
v -2.3 2.9 0.5
v -2.3 3.9 0.5
v -2.3 4.1 0.5
v -2.3 4.5 0.5
v -2.3 4.7 0.5
v -2.3 5.1 0.5
v -2.3 5.3 0.5
v -2.3 5.7 0.5
v -2.3 5.9 0.5
v -2.3 6.3 0.5
v -2.3 6.5 0.5
v -2.3 6.9 0.5
v -2.3 7.1 0.5
v -2.3 8.1 0.5
v -2.3 8.3 0.5
v -2.3 8.7 0.5
v -2.3 8.9 0.5
v -2.1 0 0.5
v -2.1 0.2 0.5
v -2.1 1.2 0.5
v -2.1 1.4 0.5
v -2.1 1.8 0.5
v -2.1 2 0.5
v -2.1 3 0.5
v -2.1 3.2 0.5
v -2.1 3.6 0.5
v -2.1 3.8 0.5
v -2.1 4.2 0.5
v -2.1 4.4 0.5
v -2.1 5.4 0.5
v -2.1 5.6 0.5
v -2.1 6 0.5
v -2.1 6.2 0.5
v -2.1 6.6 0.5
v -2.1 6.8 0.5
v -2.1 7.2 0.5
v -2.1 7.4 0.5
v -2.1 8.4 0.5
v -2.1 8.6 0.5
v -2.1 9 0.5
v -2.1 9.2 0.5
v -2 0 0.5
v -2 0.2 0.5
v -2 0.6 0.5
v -2 0.8 0.5
v -2 1.2 0.5
v -2 1.4 0.5
v -2 1.8 0.5
v -2 2 0.5
v -2 2.4 0.5
v -2 2.6 0.5
v -2 3.6 0.5
v -2 3.8 0.5
v -2 4.2 0.5
v -2 4.4 0.5
v -2 4.8 0.5
v -2 5 0.5
v -2 5.4 0.5
v -2 5.6 0.5
v -2 6.6 0.5
v -2 6.8 0.5
v -2 7.2 0.5
v -2 7.4 0.5
v -2 7.8 0.5
v -2 8 0.5
v -2 9 0.5
v -2 9.2 0.5
v -1.8 0.3 0.5
v -1.8 0.5 0.5
v -1.8 0.9 0.5
v -1.8 1.1 0.5
v -1.8 1.5 0.5
v -1.8 1.7 0.5
v -1.8 2.1 0.5
v -1.8 2.3 0.5
v -1.8 2.7 0.5
v -1.8 2.9 0.5
v -1.8 3.9 0.5
v -1.8 4.1 0.5
v -1.8 4.5 0.5
v -1.8 4.7 0.5
v -1.8 5.1 0.5
v -1.8 5.3 0.5
v -1.8 5.7 0.5
v -1.8 5.9 0.5
v -1.8 6.3 0.5
v -1.8 6.5 0.5
v -1.8 6.9 0.5
v -1.8 7.1 0.5
v -1.8 8.1 0.5
v -1.8 8.3 0.5
v -1.8 8.7 0.5
v -1.8 8.9 0.5
v -1.7 0.3 0.5
v -1.7 0.5 0.5
v -1.7 0.9 0.5
v -1.7 1.1 0.5
v -1.7 1.8 0.5
v -1.7 1.9 0.5
v -1.7 2.1 0.5
v -1.7 2.3 0.5
v -1.7 2.7 0.5
v -1.7 2.9 0.5
v -1.7 3.3 0.5
v -1.7 3.5 0.5
v -1.7 3.9 0.5
v -1.7 4.1 0.5
v -1.7 4.5 0.5
v -1.7 4.7 0.5
v -1.7 5.7 0.5
v -1.7 5.9 0.5
v -1.7 6.3 0.5
v -1.7 6.5 0.5
v -1.7 6.9 0.5
v -1.7 7.1 0.5
v -1.7 7.5 0.5
v -1.7 7.7 0.5
v -1.7 9.3 0.5
v -1.7 9.5 0.5
v -1.6 1.3 0.5
v -1.6 1.4 0.5
v -1.6 1.9 0.5
v -1.6 2 0.5
v -1.5 0 0.5
v -1.5 0.2 0.5
v -1.5 0.6 0.5
v -1.5 0.8 0.5
v -1.5 1.2 0.5
v -1.5 1.3 0.5
v -1.5 2.4 0.5
v -1.5 2.6 0.5
v -1.5 3.6 0.5
v -1.5 3.8 0.5
v -1.5 4.2 0.5
v -1.5 4.4 0.5
v -1.5 4.8 0.5
v -1.5 5 0.5
v -1.5 5.4 0.5
v -1.5 5.6 0.5
v -1.5 6.6 0.5
v -1.5 6.8 0.5
v -1.5 7.2 0.5
v -1.5 7.4 0.5
v -1.5 7.8 0.5
v -1.5 8 0.5
v -1.5 9 0.5
v -1.5 9.2 0.5
v -1.4 0.6 0.5
v -1.4 0.8 0.5
v -1.4 2.1 0.5
v -1.4 2.2 0.5
v -1.4 2.4 0.5
v -1.4 2.6 0.5
v -1.4 3 0.5
v -1.4 3.2 0.5
v -1.4 3.6 0.5
v -1.4 3.8 0.5
v -1.4 4.8 0.5
v -1.4 5 0.5
v -1.4 6 0.5
v -1.4 6.2 0.5
v -1.4 7.2 0.5
v -1.4 7.4 0.5
v -1.4 7.8 0.5
v -1.4 8 0.5
v -1.4 8.4 0.5
v -1.4 8.6 0.5
v -1.4 9 0.5
v -1.4 9.2 0.5
v -1.2 0.3 0.5
v -1.2 0.5 0.5
v -1.2 0.9 0.5
v -1.2 1.1 0.5
v -1.2 2.2 0.5
v -1.2 2.3 0.5
v -1.2 2.7 0.5
v -1.2 2.9 0.5
v -1.2 3.3 0.5
v -1.2 3.5 0.5
v -1.2 3.9 0.5
v -1.2 4.1 0.5
v -1.2 4.5 0.5
v -1.2 4.7 0.5
v -1.2 5.7 0.5
v -1.2 5.9 0.5
v -1.2 6.3 0.5
v -1.2 6.5 0.5
v -1.2 6.9 0.5
v -1.2 7.1 0.5
v -1.2 7.5 0.5
v -1.2 7.7 0.5
v -1.2 9.3 0.5
v -1.2 9.5 0.5
v -1.1 0.3 0.5
v -1.1 0.5 0.5
v -1.1 0.9 0.5
v -1.1 1.1 0.5
v -1.1 1.5 0.5
v -1.1 1.6 0.5
v -1.1 2.1 0.5
v -1.1 2.3 0.5
v -1.1 2.7 0.5
v -1.1 2.9 0.5
v -1.1 3.9 0.5
v -1.1 4.1 0.5
v -1.1 4.5 0.5
v -1.1 4.7 0.5
v -1.1 5.1 0.5
v -1.1 5.3 0.5
v -1.1 6.3 0.5
v -1.1 6.5 0.5
v -1.1 8.7 0.5
v -1.1 8.9 0.5
v -1.1 9.3 0.5
v -1.1 9.5 0.5
v -1 0.7 0.5
v -1 0.8 0.5
v -1 1.6 0.5
v -1 1.7 0.5
v -0.9 0.6 0.5
v -0.9 0.7 0.5
v -0.9 2.4 0.5
v -0.9 2.6 0.5
v -0.9 3 0.5
v -0.9 3.2 0.5
v -0.9 3.6 0.5
v -0.9 3.8 0.5
v -0.9 4.8 0.5
v -0.9 5 0.5
v -0.9 6 0.5
v -0.9 6.2 0.5
v -0.9 7.2 0.5
v -0.9 7.4 0.5
v -0.9 7.8 0.5
v -0.9 8 0.5
v -0.9 8.4 0.5
v -0.9 8.6 0.5
v -0.9 9 0.5
v -0.9 9.2 0.5
v -0.8 0 0.5
v -0.8 0.2 0.5
v -0.8 1.2 0.5
v -0.8 1.4 0.5
v -0.8 2.4 0.5
v -0.8 2.6 0.5
v -0.8 3 0.5
v -0.8 3.2 0.5
v -0.8 4.8 0.5
v -0.8 5 0.5
v -0.8 5.4 0.5
v -0.8 5.6 0.5
v -0.8 6 0.5
v -0.8 6.2 0.5
v -0.8 6.6 0.5
v -0.8 6.8 0.5
v -0.8 7.2 0.5
v -0.8 7.4 0.5
v -0.8 7.8 0.5
v -0.8 8 0.5
v -0.8 8.4 0.5
v -0.8 8.6 0.5
v -0.8 9 0.5
v -0.8 9.2 0.5
v -0.7 0.4 0.5
v -0.7 0.5 0.5
v -0.7 1.8 0.5
v -0.7 2 0.5
v -0.7 5.1 0.5
v -0.7 5.2 0.5
v -0.6 0.3 0.5
v -0.6 0.4 0.5
v -0.6 0.9 0.5
v -0.6 1.1 0.5
v -0.6 1.5 0.5
v -0.6 1.7 0.5
v -0.6 2.1 0.5
v -0.6 2.3 0.5
v -0.6 2.7 0.5
v -0.6 2.9 0.5
v -0.6 3.9 0.5
v -0.6 4.1 0.5
v -0.6 4.5 0.5
v -0.6 4.7 0.5
v -0.6 5.2 0.5
v -0.6 5.3 0.5
v -0.6 6.3 0.5
v -0.6 6.5 0.5
v -0.6 8.7 0.5
v -0.6 8.9 0.5
v -0.6 9.3 0.5
v -0.6 9.5 0.5
v -0.5 0.9 0.5
v -0.5 1.1 0.5
v -0.5 1.5 0.5
v -0.5 1.7 0.5
v -0.5 2.1 0.5
v -0.5 2.3 0.5
v -0.5 3.9 0.5
v -0.5 4.1 0.5
v -0.5 4.5 0.5
v -0.5 4.7 0.5
v -0.5 5.7 0.5
v -0.5 5.9 0.5
v -0.5 6.3 0.5
v -0.5 6.5 0.5
v -0.5 6.9 0.5
v -0.5 7.1 0.5
v -0.5 8.7 0.5
v -0.5 8.9 0.5
v -0.4 4.9 0.5
v -0.4 5 0.5
v -0.3 0 0.5
v -0.3 0.2 0.5
v -0.3 1.2 0.5
v -0.3 1.4 0.5
v -0.3 1.8 0.5
v -0.3 2 0.5
v -0.3 2.4 0.5
v -0.3 2.6 0.5
v -0.3 3 0.5
v -0.3 3.2 0.5
v -0.3 4.8 0.5
v -0.3 4.9 0.5
v -0.3 5.4 0.5
v -0.3 5.6 0.5
v -0.3 6 0.5
v -0.3 6.2 0.5
v -0.3 6.6 0.5
v -0.3 6.8 0.5
v -0.3 7.2 0.5
v -0.3 7.4 0.5
v -0.3 7.8 0.5
v -0.3 8 0.5
v -0.3 8.4 0.5
v -0.3 8.6 0.5
v -0.3 9 0.5
v -0.3 9.2 0.5
v -0.2 0 0.5
v -0.2 0.2 0.5
v -0.2 0.7 0.5
v -0.2 0.8 0.5
v -0.2 1.2 0.5
v -0.2 1.4 0.5
v -0.2 3 0.5
v -0.2 3.2 0.5
v -0.2 3.6 0.5
v -0.2 3.8 0.5
v -0.2 4.2 0.5
v -0.2 4.4 0.5
v -0.2 4.8 0.5
v -0.2 4.9 0.5
v -0.2 5.4 0.5
v -0.2 5.6 0.5
v -0.2 6 0.5
v -0.2 6.2 0.5
v -0.2 7.2 0.5
v -0.2 7.4 0.5
v -0.2 8.4 0.5
v -0.2 8.6 0.5
v -0.0999997 0.6 0.5
v -0.0999997 0.7 0.5
v 2.68221e-007 0.9 0.5
v 2.68221e-007 1.1 0.5
v 2.68221e-007 1.5 0.5
v 2.68221e-007 1.7 0.5
v 2.68221e-007 2.1 0.5
v 2.68221e-007 2.3 0.5
v 2.68221e-007 3.9 0.5
v 2.68221e-007 4.1 0.5
v 2.68221e-007 4.5 0.5
v 2.68221e-007 4.7 0.5
v 2.68221e-007 4.9 0.5
v 2.68221e-007 5 0.5
v 2.68221e-007 5.7 0.5
v 2.68221e-007 5.9 0.5
v 2.68221e-007 6.3 0.5
v 2.68221e-007 6.5 0.5
v 2.68221e-007 6.9 0.5
v 2.68221e-007 7.1 0.5
v 2.68221e-007 8.7 0.5
v 2.68221e-007 8.9 0.5
v 0.1 0.3 0.5
v 0.1 0.5 0.5
v 0.1 0.9 0.5
v 0.1 1.1 0.5
v 0.1 1.5 0.5
v 0.1 1.7 0.5
v 0.1 2.7 0.5
v 0.1 2.9 0.5
v 0.1 3.9 0.5
v 0.1 4.1 0.5
v 0.1 5.2 0.5
v 0.1 5.3 0.5
v 0.1 5.7 0.5
v 0.1 5.9 0.5
v 0.1 6.3 0.5
v 0.1 6.5 0.5
v 0.1 7.5 0.5
v 0.1 7.7 0.5
v 0.2 5.1 0.5
v 0.2 5.2 0.5
v 0.3 0 0.5
v 0.3 0.2 0.5
v 0.3 0.6 0.5
v 0.3 0.8 0.5
v 0.3 1.2 0.5
v 0.3 1.4 0.5
v 0.3 3 0.5
v 0.3 3.2 0.5
v 0.3 3.6 0.5
v 0.3 3.8 0.5
v 0.3 4.2 0.5
v 0.3 4.4 0.5
v 0.3 4.8 0.5
v 0.3 5 0.5
v 0.3 5.4 0.5
v 0.3 5.6 0.5
v 0.3 6 0.5
v 0.3 6.2 0.5
v 0.3 7.2 0.5
v 0.3 7.4 0.5
v 0.3 8.4 0.5
v 0.3 8.6 0.5
v 0.4 0 0.5
v 0.4 0.2 0.5
v 0.4 0.6 0.5
v 0.4 0.8 0.5
v 0.4 1.8 0.5
v 0.4 2 0.5
v 0.4 2.4 0.5
v 0.4 2.6 0.5
v 0.4 3 0.5
v 0.4 3.2 0.5
v 0.4 4.2 0.5
v 0.4 4.4 0.5
v 0.4 4.8 0.5
v 0.4 5 0.5
v 0.4 5.4 0.5
v 0.4 5.6 0.5
v 0.4 6.6 0.5
v 0.4 6.8 0.5
v 0.4 7.2 0.5
v 0.4 7.4 0.5
v 0.4 7.8 0.5
v 0.4 8 0.5
v 0.5 9 0.5
v 0.5 9.2 0.5
v 0.6 0.3 0.5
v 0.6 0.5 0.5
v 0.6 0.9 0.5
v 0.6 1.1 0.5
v 0.6 1.5 0.5
v 0.6 1.7 0.5
v 0.6 2.7 0.5
v 0.6 2.9 0.5
v 0.6 3.9 0.5
v 0.6 4.1 0.5
v 0.6 5.1 0.5
v 0.6 5.3 0.5
v 0.6 5.7 0.5
v 0.6 5.9 0.5
v 0.6 6.3 0.5
v 0.6 6.5 0.5
v 0.6 7.5 0.5
v 0.6 7.7 0.5
v 0.7 0.3 0.5
v 0.7 0.5 0.5
v 0.7 0.9 0.5
v 0.7 1.1 0.5
v 0.7 1.8 0.5
v 0.7 1.9 0.5
v 0.7 2.1 0.5
v 0.7 2.3 0.5
v 0.7 2.7 0.5
v 0.7 2.9 0.5
v 0.7 3.3 0.5
v 0.7 3.5 0.5
v 0.7 3.9 0.5
v 0.7 4.1 0.5
v 0.7 4.5 0.5
v 0.7 4.7 0.5
v 0.7 5.7 0.5
v 0.7 5.9 0.5
v 0.7 6.9 0.5
v 0.7 7.1 0.5
v 0.7 7.5 0.5
v 0.7 7.7 0.5
v 0.7 8.1 0.5
v 0.7 8.3 0.5
v 0.7 9.3 0.5
v 0.7 9.5 0.5
v 0.8 5.4 0.5
v 0.8 5.6 0.5
v 0.8 8.7 0.5
v 0.8 8.9 0.5
v 0.9 0 0.5
v 0.9 0.2 0.5
v 0.9 0.6 0.5
v 0.9 0.8 0.5
v 0.9 1.9 0.5
v 0.9 2 0.5
v 0.9 2.4 0.5
v 0.9 2.6 0.5
v 0.9 3 0.5
v 0.9 3.2 0.5
v 0.9 4.2 0.5
v 0.9 4.4 0.5
v 0.9 4.8 0.5
v 0.9 5 0.5
v 0.9 6.6 0.5
v 0.9 6.8 0.5
v 0.9 7.2 0.5
v 0.9 7.4 0.5
v 0.9 7.8 0.5
v 0.9 8 0.5
v 0.9 9 0.5
v 0.9 9.2 0.5
v 1 1.2 0.5
v 1 1.4 0.5
v 1 1.9 0.5
v 1 2 0.5
v 1 2.4 0.5
v 1 2.6 0.5
v 1 3 0.5
v 1 3.2 0.5
v 1 3.6 0.5
v 1 3.8 0.5
v 1 6 0.5
v 1 6.2 0.5
v 1 6.6 0.5
v 1 6.8 0.5
v 1 7.2 0.5
v 1 7.4 0.5
v 1 7.8 0.5
v 1 8 0.5
v 1 8.4 0.5
v 1 8.6 0.5
v 1 9 0.5
v 1 9.2 0.5
v 1.1 4.6 0.5
v 1.1 4.7 0.5
v 1.2 0.3 0.5
v 1.2 0.5 0.5
v 1.2 0.9 0.5
v 1.2 1.1 0.5
v 1.2 1.8 0.5
v 1.2 1.9 0.5
v 1.2 2.1 0.5
v 1.2 2.3 0.5
v 1.2 2.7 0.5
v 1.2 2.9 0.5
v 1.2 3.3 0.5
v 1.2 3.5 0.5
v 1.2 3.9 0.5
v 1.2 4.1 0.5
v 1.2 4.5 0.5
v 1.2 4.6 0.5
v 1.2 5.7 0.5
v 1.2 5.9 0.5
v 1.2 6.9 0.5
v 1.2 7.1 0.5
v 1.2 7.5 0.5
v 1.2 7.7 0.5
v 1.2 8.1 0.5
v 1.2 8.3 0.5
v 1.2 8.7 0.5
v 1.2 8.9 0.5
v 1.2 9.3 0.5
v 1.2 9.5 0.5
v 1.3 0.3 0.5
v 1.3 0.5 0.5
v 1.3 0.9 0.5
v 1.3 1.1 0.5
v 1.3 1.5 0.5
v 1.3 1.6 0.5
v 1.3 2.1 0.5
v 1.3 2.3 0.5
v 1.3 2.7 0.5
v 1.3 2.9 0.5
v 1.3 3.3 0.5
v 1.3 3.5 0.5
v 1.3 3.9 0.5
v 1.3 4.1 0.5
v 1.3 5.1 0.5
v 1.3 5.2 0.5
v 1.3 6.3 0.5
v 1.3 6.5 0.5
v 1.3 8.1 0.5
v 1.3 8.3 0.5
v 1.3 8.7 0.5
v 1.3 8.9 0.5
v 1.4 1.6 0.5
v 1.4 1.7 0.5
v 1.4 2.4 0.5
v 1.4 2.6 0.5
v 1.4 5.2 0.5
v 1.4 5.3 0.5
v 1.5 1.2 0.5
v 1.5 1.4 0.5
v 1.5 1.8 0.5
v 1.5 2 0.5
v 1.5 3 0.5
v 1.5 3.2 0.5
v 1.5 3.6 0.5
v 1.5 3.8 0.5
v 1.5 6 0.5
v 1.5 6.2 0.5
v 1.5 6.6 0.5
v 1.5 6.8 0.5
v 1.5 7.2 0.5
v 1.5 7.4 0.5
v 1.5 7.8 0.5
v 1.5 8 0.5
v 1.5 8.4 0.5
v 1.5 8.6 0.5
v 1.5 9 0.5
v 1.5 9.2 0.5
v 1.6 0 0.5
v 1.6 0.2 0.5
v 1.6 0.6 0.5
v 1.6 0.8 0.5
v 1.6 1.2 0.5
v 1.6 1.4 0.5
v 1.6 1.8 0.5
v 1.6 2 0.5
v 1.6 3 0.5
v 1.6 3.2 0.5
v 1.6 4.2 0.5
v 1.6 4.3 0.5
v 1.6 4.9 0.5
v 1.6 5 0.5
v 1.6 5.4 0.5
v 1.6 5.6 0.5
v 1.6 6 0.5
v 1.6 6.2 0.5
v 1.6 6.6 0.5
v 1.6 6.8 0.5
v 1.6 8.1 0.5
v 1.6 8.2 0.5
v 1.7 2.8 0.5
v 1.7 2.9 0.5
v 1.7 4.3 0.5
v 1.7 4.4 0.5
v 1.7 4.8 0.5
v 1.7 4.9 0.5
v 1.8 0.3 0.5
v 1.8 0.5 0.5
v 1.8 0.9 0.5
v 1.8 1.1 0.5
v 1.8 1.5 0.5
v 1.8 1.7 0.5
v 1.8 2.1 0.5
v 1.8 2.3 0.5
v 1.8 2.7 0.5
v 1.8 2.8 0.5
v 1.8 3.3 0.5
v 1.8 3.5 0.5
v 1.8 3.9 0.5
v 1.8 4.1 0.5
v 1.8 5.1 0.5
v 1.8 5.3 0.5
v 1.8 6.3 0.5
v 1.8 6.5 0.5
v 1.8 8.2 0.5
v 1.8 8.3 0.5
v 1.8 8.7 0.5
v 1.8 8.9 0.5
v 1.9 0.3 0.5
v 1.9 0.5 0.5
v 1.9 0.9 0.5
v 1.9 1.1 0.5
v 1.9 1.5 0.5
v 1.9 1.7 0.5
v 1.9 2.1 0.5
v 1.9 2.2 0.5
v 1.9 3.3 0.5
v 1.9 3.5 0.5
v 1.9 5.1 0.5
v 1.9 5.3 0.5
v 1.9 5.7 0.5
v 1.9 5.9 0.5
v 1.9 6.3 0.5
v 1.9 6.5 0.5
v 1.9 7.5 0.5
v 1.9 7.7 0.5
v 1.9 8.1 0.5
v 1.9 8.3 0.5
v 1.9 9.3 0.5
v 1.9 9.5 0.5
v 2 3 0.5
v 2 3.1 0.5
v 2 4.5 0.5
v 2 4.7 0.5
v 2.1 0 0.5
v 2.1 0.2 0.5
v 2.1 0.6 0.5
v 2.1 0.8 0.5
v 2.1 1.2 0.5
v 2.1 1.4 0.5
v 2.1 1.8 0.5
v 2.1 2 0.5
v 2.1 2.2 0.5
v 2.1 2.3 0.5
v 2.1 3.1 0.5
v 2.1 3.2 0.5
v 2.1 4.2 0.5
v 2.1 4.4 0.5
v 2.1 4.8 0.5
v 2.1 5 0.5
v 2.1 5.4 0.5
v 2.1 5.6 0.5
v 2.1 6 0.5
v 2.1 6.2 0.5
v 2.1 6.6 0.5
v 2.1 6.8 0.5
v 2.2 0 0.5
v 2.2 0.2 0.5
v 2.2 1.2 0.5
v 2.2 1.4 0.5
v 2.2 2.4 0.5
v 2.2 2.5 0.5
v 2.2 3.1 0.5
v 2.2 3.2 0.5
v 2.2 3.6 0.5
v 2.2 3.8 0.5
v 2.2 4.8 0.5
v 2.2 5 0.5
v 2.2 5.4 0.5
v 2.2 5.6 0.5
v 2.2 6 0.5
v 2.2 6.2 0.5
v 2.2 6.6 0.5
v 2.2 6.8 0.5
v 2.2 7.8 0.5
v 2.2 7.9 0.5
v 2.2 8.4 0.5
v 2.2 8.6 0.5
v 2.2 9 0.5
v 2.2 9.2 0.5
v 2.3 7.9 0.5
v 2.3 8 0.5
v 2.4 0.3 0.5
v 2.4 0.5 0.5
v 2.4 0.9 0.5
v 2.4 1.1 0.5
v 2.4 1.5 0.5
v 2.4 1.7 0.5
v 2.4 2.1 0.5
v 2.4 2.3 0.5
v 2.4 3 0.5
v 2.4 3.1 0.5
v 2.4 3.3 0.5
v 2.4 3.5 0.5
v 2.4 4.5 0.5
v 2.4 4.7 0.5
v 2.4 5.1 0.5
v 2.4 5.3 0.5
v 2.4 5.7 0.5
v 2.4 5.9 0.5
v 2.4 6.3 0.5
v 2.4 6.5 0.5
v 2.4 7.5 0.5
v 2.4 7.7 0.5
v 2.4 8.1 0.5
v 2.4 8.3 0.5
v 2.4 9.3 0.5
v 2.4 9.5 0.5
v 2.5 0.9 0.5
v 2.5 1.1 0.5
v 2.5 1.5 0.5
v 2.5 1.7 0.5
v 2.5 2.1 0.5
v 2.5 2.3 0.5
v 2.5 2.5 0.5
v 2.5 2.6 0.5
v 2.5 3.3 0.5
v 2.5 3.5 0.5
v 2.5 3.9 0.5
v 2.5 4.1 0.5
v 2.5 4.5 0.5
v 2.5 4.7 0.5
v 2.5 6.3 0.5
v 2.5 6.5 0.5
v 2.5 6.9 0.5
v 2.5 7.1 0.5
v 2.5 7.5 0.5
v 2.5 7.7 0.5
v 2.5 8.1 0.5
v 2.5 8.3 0.5
v 2.5 8.7 0.5
v 2.5 8.9 0.5
v 2.5 9.3 0.5
v 2.5 9.5 0.5
v 2.6 2.7 0.5
v 2.6 2.9 0.5
v 2.7 0 0.5
v 2.7 0.2 0.5
v 2.7 1.2 0.5
v 2.7 1.4 0.5
v 2.7 2.4 0.5
v 2.7 2.6 0.5
v 2.7 3 0.5
v 2.7 3.2 0.5
v 2.7 3.6 0.5
v 2.7 3.8 0.5
v 2.7 4.8 0.5
v 2.7 5 0.5
v 2.7 5.4 0.5
v 2.7 5.6 0.5
v 2.7 6 0.5
v 2.7 6.2 0.5
v 2.7 6.6 0.5
v 2.7 6.8 0.5
v 2.7 7.8 0.5
v 2.7 8 0.5
v 2.7 8.4 0.5
v 2.7 8.6 0.5
v 2.7 9 0.5
v 2.7 9.2 0.5
v 2.8 0 0.5
v 2.8 0.2 0.5
v 2.8 0.6 0.5
v 2.8 0.8 0.5
v 2.8 1.8 0.5
v 2.8 2 0.5
v 2.8 2.4 0.5
v 2.8 2.6 0.5
v 2.8 3.6 0.5
v 2.8 3.8 0.5
v 2.8 4.2 0.5
v 2.8 4.4 0.5
v 2.8 4.8 0.5
v 2.8 5 0.5
v 2.8 6 0.5
v 2.8 6.2 0.5
v 2.8 7.2 0.5
v 2.8 7.4 0.5
v 2.8 7.8 0.5
v 2.8 8 0.5
v 2.8 8.4 0.5
v 2.8 8.6 0.5
v 2.8 9 0.5
v 2.8 9.2 0.5
v 3 0.9 0.5
v 3 1.1 0.5
v 3 1.5 0.5
v 3 1.7 0.5
v 3 2.1 0.5
v 3 2.3 0.5
v 3 2.7 0.5
v 3 2.9 0.5
v 3 3.3 0.5
v 3 3.5 0.5
v 3 3.9 0.5
v 3 4.1 0.5
v 3 4.5 0.5
v 3 4.7 0.5
v 3 6.3 0.5
v 3 6.5 0.5
v 3 6.9 0.5
v 3 7.1 0.5
v 3 7.5 0.5
v 3 7.7 0.5
v 3 8.1 0.5
v 3 8.3 0.5
v 3 8.7 0.5
v 3 8.9 0.5
v 3 9.3 0.5
v 3 9.5 0.5
v 3.1 0.9 0.5
v 3.1 1.1 0.5
v 3.1 1.8 0.5
v 3.1 1.9 0.5
v 3.1 2.1 0.5
v 3.1 2.3 0.5
v 3.1 2.7 0.5
v 3.1 2.9 0.5
v 3.1 3.9 0.5
v 3.1 4.1 0.5
v 3.1 5.1 0.5
v 3.1 5.3 0.5
v 3.1 5.7 0.5
v 3.1 5.9 0.5
v 3.1 6.9 0.5
v 3.1 7.1 0.5
v 3.1 8.1 0.5
v 3.1 8.3 0.5
v 3.1 8.7 0.5
v 3.1 8.9 0.5
v 3.1 9.3 0.5
v 3.1 9.5 0.5
v 3.3 0 0.5
v 3.3 0.2 0.5
v 3.3 0.6 0.5
v 3.3 0.8 0.5
v 3.3 1.9 0.5
v 3.3 2 0.5
v 3.3 2.4 0.5
v 3.3 2.6 0.5
v 3.3 3.6 0.5
v 3.3 3.8 0.5
v 3.3 4.2 0.5
v 3.3 4.4 0.5
v 3.3 4.8 0.5
v 3.3 5 0.5
v 3.3 6 0.5
v 3.3 6.2 0.5
v 3.3 7.2 0.5
v 3.3 7.4 0.5
v 3.3 7.8 0.5
v 3.3 8 0.5
v 3.3 8.4 0.5
v 3.3 8.6 0.5
v 3.3 9 0.5
v 3.3 9.2 0.5
v 3.4 0 0.5
v 3.4 0.2 0.5
v 3.4 0.6 0.5
v 3.4 0.8 0.5
v 3.4 1.2 0.5
v 3.4 1.3 0.5
v 3.4 1.9 0.5
v 3.4 2 0.5
v 3.4 2.4 0.5
v 3.4 2.6 0.5
v 3.4 3 0.5
v 3.4 3.2 0.5
v 3.4 3.6 0.5
v 3.4 3.8 0.5
v 3.4 4.2 0.5
v 3.4 4.4 0.5
v 3.4 4.8 0.5
v 3.4 5 0.5
v 3.4 5.4 0.5
v 3.4 5.6 0.5
v 3.4 6 0.5
v 3.4 6.2 0.5
v 3.4 6.6 0.5
v 3.4 6.8 0.5
v 3.4 7.2 0.5
v 3.4 7.4 0.5
v 3.4 7.8 0.5
v 3.4 8 0.5
v 3.4 8.4 0.5
v 3.4 8.6 0.5
v 3.4 9 0.5
v 3.4 9.2 0.5
v 3.5 1.3 0.5
v 3.5 1.4 0.5
v 3.6 0.9 0.5
v 3.6 1.1 0.5
v 3.6 1.8 0.5
v 3.6 1.9 0.5
v 3.6 2.1 0.5
v 3.6 2.3 0.5
v 3.6 2.7 0.5
v 3.6 2.9 0.5
v 3.6 3.7 0.5
v 3.6 3.8 0.5
v 3.6 3.9 0.5
v 3.6 4.1 0.5
v 3.6 5.1 0.5
v 3.6 5.3 0.5
v 3.6 5.7 0.5
v 3.6 5.9 0.5
v 3.6 6.9 0.5
v 3.6 7.1 0.5
v 3.6 8.1 0.5
v 3.6 8.3 0.5
v 3.6 8.7 0.5
v 3.6 8.9 0.5
v 3.6 9.3 0.5
v 3.6 9.5 0.5
v 3.7 0.3 0.5
v 3.7 0.5 0.5
v 3.7 0.9 0.5
v 3.7 1.1 0.5
v 3.7 1.5 0.5
v 3.7 1.6 0.5
v 3.7 3.3 0.5
v 3.7 3.5 0.5
v 3.7 3.7 0.5
v 3.7 3.8 0.5
v 3.7 4.5 0.5
v 3.7 4.7 0.5
v 3.7 5.7 0.5
v 3.7 5.9 0.5
v 3.7 6.3 0.5
v 3.7 6.5 0.5
v 3.7 6.9 0.5
v 3.7 7.1 0.5
v 3.7 8.1 0.5
v 3.7 8.3 0.5
v 3.7 8.7 0.5
v 3.7 8.9 0.5
v 3.7 9.3 0.5
v 3.7 9.5 0.5
v 3.8 1.6 0.5
v 3.8 1.7 0.5
v 3.9 0 0.5
v 3.9 0.2 0.5
v 3.9 0.6 0.5
v 3.9 0.8 0.5
v 3.9 1.2 0.5
v 3.9 1.4 0.5
v 3.9 1.8 0.5
v 3.9 2 0.5
v 3.9 2.4 0.5
v 3.9 2.6 0.5
v 3.9 3 0.5
v 3.9 3.2 0.5
v 3.9 3.6 0.5
v 3.9 3.8 0.5
v 3.9 4.2 0.5
v 3.9 4.4 0.5
v 3.9 4.8 0.5
v 3.9 5 0.5
v 3.9 5.4 0.5
v 3.9 5.6 0.5
v 3.9 6 0.5
v 3.9 6.2 0.5
v 3.9 6.6 0.5
v 3.9 6.8 0.5
v 3.9 7.2 0.5
v 3.9 7.4 0.5
v 3.9 7.8 0.5
v 3.9 8 0.5
v 3.9 8.4 0.5
v 3.9 8.6 0.5
v 3.9 9 0.5
v 3.9 9.2 0.5
v 4 0 0.5
v 4 0.2 0.5
v 4 1.8 0.5
v 4 2 0.5
v 4 2.4 0.5
v 4 2.6 0.5
v 4 3 0.5
v 4 3.2 0.5
v 4 3.6 0.5
v 4 3.8 0.5
v 4 4.2 0.5
v 4 4.4 0.5
v 4 4.8 0.5
v 4 5 0.5
v 4 5.4 0.5
v 4 5.6 0.5
v 4 6.6 0.5
v 4 6.8 0.5
v 4 7.2 0.5
v 4 7.4 0.5
v 4 7.8 0.5
v 4 8 0.5
v 4.2 0.3 0.5
v 4.2 0.5 0.5
v 4.2 0.9 0.5
v 4.2 1.1 0.5
v 4.2 1.5 0.5
v 4.2 1.7 0.5
v 4.2 3.3 0.5
v 4.2 3.5 0.5
v 4.2 4.5 0.5
v 4.2 4.7 0.5
v 4.2 5.7 0.5
v 4.2 5.9 0.5
v 4.2 6.3 0.5
v 4.2 6.5 0.5
v 4.2 6.9 0.5
v 4.2 7.1 0.5
v 4.2 8.1 0.5
v 4.2 8.3 0.5
v 4.2 8.7 0.5
v 4.2 8.9 0.5
v 4.2 9.3 0.5
v 4.2 9.5 0.5
v 4.3 0.3 0.5
v 4.3 0.5 0.5
v 4.3 0.9 0.5
v 4.3 1.1 0.5
v 4.3 1.5 0.5
v 4.3 1.7 0.5
v 4.3 2.7 0.5
v 4.3 2.9 0.5
v 4.3 3.3 0.5
v 4.3 3.5 0.5
v 4.3 3.9 0.5
v 4.3 4.1 0.5
v 4.3 4.5 0.5
v 4.3 4.7 0.5
v 4.3 5.1 0.5
v 4.3 5.3 0.5
v 4.3 5.7 0.5
v 4.3 5.9 0.5
v 4.3 6.3 0.5
v 4.3 6.5 0.5
v 4.3 7.5 0.5
v 4.3 7.7 0.5
v 4.3 8.1 0.5
v 4.3 8.3 0.5
v 4.3 8.7 0.5
v 4.3 8.9 0.5
v 4.3 9.3 0.5
v 4.3 9.5 0.5
v 4.5 0 0.5
v 4.5 0.2 0.5
v 4.5 1.8 0.5
v 4.5 2 0.5
v 4.5 2.4 0.5
v 4.5 2.6 0.5
v 4.5 3 0.5
v 4.5 3.2 0.5
v 4.5 3.6 0.5
v 4.5 3.8 0.5
v 4.5 4.2 0.5
v 4.5 4.4 0.5
v 4.5 4.8 0.5
v 4.5 5 0.5
v 4.5 5.4 0.5
v 4.5 5.6 0.5
v 4.5 6.6 0.5
v 4.5 6.8 0.5
v 4.5 7.2 0.5
v 4.5 7.4 0.5
v 4.5 7.8 0.5
v 4.5 8 0.5
v 4.6 0 0.5
v 4.6 0.2 0.5
v 4.6 0.6 0.5
v 4.6 0.8 0.5
v 4.6 1.2 0.5
v 4.6 1.4 0.5
v 4.6 1.8 0.5
v 4.6 2 0.5
v 4.6 2.4 0.5
v 4.6 2.6 0.5
v 4.6 3 0.5
v 4.6 3.2 0.5
v 4.6 3.6 0.5
v 4.6 3.8 0.5
v 4.6 4.2 0.5
v 4.6 4.4 0.5
v 4.6 5.4 0.5
v 4.6 5.6 0.5
v 4.6 6 0.5
v 4.6 6.2 0.5
v 4.6 6.6 0.5
v 4.6 6.8 0.5
v 4.6 7.2 0.5
v 4.6 7.4 0.5
v 4.6 8.4 0.5
v 4.6 8.6 0.5
v 4.8 0.3 0.5
v 4.8 0.5 0.5
v 4.8 0.9 0.5
v 4.8 1.1 0.5
v 4.8 1.5 0.5
v 4.8 1.7 0.5
v 4.8 2.7 0.5
v 4.8 2.9 0.5
v 4.8 3.3 0.5
v 4.8 3.5 0.5
v 4.8 3.9 0.5
v 4.8 4.1 0.5
v 4.8 4.5 0.5
v 4.8 4.7 0.5
v 4.8 5.1 0.5
v 4.8 5.3 0.5
v 4.8 5.7 0.5
v 4.8 5.9 0.5
v 4.8 6.3 0.5
v 4.8 6.5 0.5
v 4.8 7.5 0.5
v 4.8 7.7 0.5
v 4.8 8.1 0.5
v 4.8 8.3 0.5
v 4.8 8.7 0.5
v 4.8 8.9 0.5
v 4.8 9.3 0.5
v 4.8 9.5 0.5
v 4.9 0.3 0.5
v 4.9 0.5 0.5
v 4.9 0.9 0.5
v 4.9 1.1 0.5
v 4.9 1.5 0.5
v 4.9 1.7 0.5
v 4.9 2.1 0.5
v 4.9 2.3 0.5
v 4.9 2.7 0.5
v 4.9 2.9 0.5
v 4.9 3.3 0.5
v 4.9 3.5 0.5
v 4.9 3.9 0.5
v 4.9 4.1 0.5
v 4.9 4.5 0.5
v 4.9 4.7 0.5
v 4.9 5.1 0.5
v 4.9 5.3 0.5
v 4.9 5.7 0.5
v 4.9 5.9 0.5
v 4.9 6.3 0.5
v 4.9 6.5 0.5
v 4.9 6.9 0.5
v 4.9 7.1 0.5
v 4.9 7.5 0.5
v 4.9 7.7 0.5
v 4.9 8.1 0.5
v 4.9 8.3 0.5
v 4.9 8.7 0.5
v 4.9 8.9 0.5
v 4.9 9.3 0.5
v 4.9 9.5 0.5
v 5.1 0 0.5
v 5.1 0.2 0.5
v 5.1 0.3 0.5
v 5.1 0.5 0.5
v 5.1 0.6 0.5
v 5.1 0.8 0.5
v 5.1 0.9 0.5
v 5.1 1.1 0.5
v 5.1 1.2 0.5
v 5.1 1.4 0.5
v 5.1 1.5 0.5
v 5.1 1.7 0.5
v 5.1 1.8 0.5
v 5.1 2 0.5
v 5.1 2.1 0.5
v 5.1 2.3 0.5
v 5.1 2.4 0.5
v 5.1 2.6 0.5
v 5.1 2.7 0.5
v 5.1 2.9 0.5
v 5.1 3 0.5
v 5.1 3.2 0.5
v 5.1 3.3 0.5
v 5.1 3.5 0.5
v 5.1 3.6 0.5
v 5.1 3.8 0.5
v 5.1 3.9 0.5
v 5.1 4.1 0.5
v 5.1 4.2 0.5
v 5.1 4.4 0.5
v 5.1 4.5 0.5
v 5.1 4.7 0.5
v 5.1 5.1 0.5
v 5.1 5.3 0.5
v 5.1 5.4 0.5
v 5.1 5.6 0.5
v 5.1 5.7 0.5
v 5.1 5.9 0.5
v 5.1 6 0.5
v 5.1 6.2 0.5
v 5.1 6.3 0.5
v 5.1 6.5 0.5
v 5.1 6.6 0.5
v 5.1 6.8 0.5
v 5.1 6.9 0.5
v 5.1 7.1 0.5
v 5.1 7.2 0.5
v 5.1 7.4 0.5
v 5.1 7.5 0.5
v 5.1 7.7 0.5
v 5.1 8.1 0.5
v 5.1 8.3 0.5
v 5.1 8.4 0.5
v 5.1 8.6 0.5
v 5.1 8.7 0.5
v 5.1 8.9 0.5
v 5.1 9.3 0.5
v 5.1 9.5 0.5
v -5.1 0 0.4
v -5.1 0.3 0.4
v -5.1 0.5 0.4
v -5.1 0.9 0.4
v -5.1 1.1 0.4
v -5.1 1.5 0.4
v -5.1 1.7 0.4
v -5.1 2.1 0.4
v -5.1 2.3 0.4
v -5.1 2.7 0.4
v -5.1 2.9 0.4
v -5.1 3.3 0.4
v -5.1 3.5 0.4
v -5.1 3.9 0.4
v -5.1 4.1 0.4
v -5.1 4.5 0.4
v -5.1 4.7 0.4
v -5.1 5.1 0.4
v -5.1 5.3 0.4
v -5.1 5.7 0.4
v -5.1 5.9 0.4
v -5.1 6.3 0.4
v -5.1 6.5 0.4
v -5.1 6.9 0.4
v -5.1 7.1 0.4
v -5.1 7.5 0.4
v -5.1 7.7 0.4
v -5.1 8.1 0.4
v -5.1 8.3 0.4
v -5.1 8.7 0.4
v -5.1 8.9 0.4
v -5.1 9.3 0.4
v -5.1 9.5 0.4
v -5.1 9.6 0.4
v -5 0 0.4
v -5 0.2 0.4
v -5 0.6 0.4
v -5 0.8 0.4
v -5 1.2 0.4
v -5 1.4 0.4
v -5 1.8 0.4
v -5 2 0.4
v -5 2.4 0.4
v -5 2.6 0.4
v -5 3 0.4
v -5 3.2 0.4
v -5 3.6 0.4
v -5 3.8 0.4
v -5 4.2 0.4
v -5 4.4 0.4
v -5 4.8 0.4
v -5 5 0.4
v -5 5.4 0.4
v -5 5.6 0.4
v -5 6 0.4
v -5 6.2 0.4
v -5 6.6 0.4
v -5 6.8 0.4
v -5 7.2 0.4
v -5 7.4 0.4
v -5 7.8 0.4
v -5 8 0.4
v -5 8.4 0.4
v -5 8.6 0.4
v -5 9 0.4
v -5 9.2 0.4
v -4.8 0.3 0.4
v -4.8 0.5 0.4
v -4.8 0.9 0.4
v -4.8 1.1 0.4
v -4.8 1.5 0.4
v -4.8 1.7 0.4
v -4.8 2.1 0.4
v -4.8 2.3 0.4
v -4.8 2.7 0.4
v -4.8 2.9 0.4
v -4.8 3.3 0.4
v -4.8 3.5 0.4
v -4.8 3.9 0.4
v -4.8 4.1 0.4
v -4.8 4.5 0.4
v -4.8 4.7 0.4
v -4.8 5.1 0.4
v -4.8 5.3 0.4
v -4.8 5.7 0.4
v -4.8 5.9 0.4
v -4.8 6.3 0.4
v -4.8 6.5 0.4
v -4.8 6.9 0.4
v -4.8 7.1 0.4
v -4.8 7.5 0.4
v -4.8 7.7 0.4
v -4.8 8.1 0.4
v -4.8 8.3 0.4
v -4.8 8.7 0.4
v -4.8 8.9 0.4
v -4.8 9.3 0.4
v -4.8 9.5 0.4
v -4.7 0.3 0.4
v -4.7 0.5 0.4
v -4.7 0.9 0.4
v -4.7 1.1 0.4
v -4.7 1.5 0.4
v -4.7 1.7 0.4
v -4.7 2.1 0.4
v -4.7 2.3 0.4
v -4.7 2.7 0.4
v -4.7 2.9 0.4
v -4.7 3.3 0.4
v -4.7 3.5 0.4
v -4.7 3.9 0.4
v -4.7 4.1 0.4
v -4.7 4.5 0.4
v -4.7 4.7 0.4
v -4.7 5.1 0.4
v -4.7 5.3 0.4
v -4.7 5.7 0.4
v -4.7 5.9 0.4
v -4.7 6.3 0.4
v -4.7 6.5 0.4
v -4.7 6.9 0.4
v -4.7 7.1 0.4
v -4.7 7.5 0.4
v -4.7 7.7 0.4
v -4.7 8.1 0.4
v -4.7 8.3 0.4
v -4.7 8.7 0.4
v -4.7 8.9 0.4
v -4.7 9.3 0.4
v -4.7 9.5 0.4
v -4.6 0.7 0.4
v -4.6 0.8 0.4
v -4.5 0 0.4
v -4.5 0.2 0.4
v -4.5 0.6 0.4
v -4.5 0.7 0.4
v -4.5 0.8 0.4
v -4.5 1.2 0.4
v -4.5 1.4 0.4
v -4.5 1.8 0.4
v -4.5 2 0.4
v -4.5 2.4 0.4
v -4.5 2.6 0.4
v -4.5 3 0.4
v -4.5 3.2 0.4
v -4.5 3.6 0.4
v -4.5 3.8 0.4
v -4.5 4.2 0.4
v -4.5 4.4 0.4
v -4.5 4.8 0.4
v -4.5 5 0.4
v -4.5 5.4 0.4
v -4.5 5.6 0.4
v -4.5 6 0.4
v -4.5 6.2 0.4
v -4.5 6.6 0.4
v -4.5 6.8 0.4
v -4.5 7.2 0.4
v -4.5 7.4 0.4
v -4.5 7.8 0.4
v -4.5 8 0.4
v -4.5 8.4 0.4
v -4.5 8.6 0.4
v -4.5 9 0.4
v -4.5 9.2 0.4
v -4.4 0 0.4
v -4.4 0.2 0.4
v -4.4 0.6 0.4
v -4.4 0.8 0.4
v -4.4 1.2 0.4
v -4.4 1.4 0.4
v -4.4 1.8 0.4
v -4.4 2 0.4
v -4.4 2.4 0.4
v -4.4 2.6 0.4
v -4.4 3 0.4
v -4.4 3.2 0.4
v -4.4 3.6 0.4
v -4.4 3.8 0.4
v -4.4 4.2 0.4
v -4.4 4.4 0.4
v -4.4 4.8 0.4
v -4.4 5 0.4
v -4.4 5.4 0.4
v -4.4 5.6 0.4
v -4.4 6 0.4
v -4.4 6.2 0.4
v -4.4 6.6 0.4
v -4.4 6.8 0.4
v -4.4 7.2 0.4
v -4.4 7.3 0.4
v -4.4 7.4 0.4
v -4.4 7.8 0.4
v -4.4 8 0.4
v -4.4 8.4 0.4
v -4.4 8.6 0.4
v -4.4 9 0.4
v -4.4 9.2 0.4
v -4.3 0.9 0.4
v -4.3 1.1 0.4
v -4.3 7.9 0.4
v -4.3 8 0.4
v -4.2 0.3 0.4
v -4.2 0.5 0.4
v -4.2 0.9 0.4
v -4.2 1.1 0.4
v -4.2 1.5 0.4
v -4.2 1.7 0.4
v -4.2 2.1 0.4
v -4.2 2.3 0.4
v -4.2 2.7 0.4
v -4.2 2.9 0.4
v -4.2 3.3 0.4
v -4.2 3.5 0.4
v -4.2 3.9 0.4
v -4.2 4.1 0.4
v -4.2 4.5 0.4
v -4.2 4.7 0.4
v -4.2 5.1 0.4
v -4.2 5.3 0.4
v -4.2 5.7 0.4
v -4.2 5.9 0.4
v -4.2 6.3 0.4
v -4.2 6.5 0.4
v -4.2 6.9 0.4
v -4.2 7.1 0.4
v -4.2 7.3 0.4
v -4.2 7.4 0.4
v -4.2 7.5 0.4
v -4.2 7.7 0.4
v -4.2 7.8 0.4
v -4.2 7.9 0.4
v -4.2 8.1 0.4
v -4.2 8.3 0.4
v -4.2 8.7 0.4
v -4.2 8.9 0.4
v -4.2 9.3 0.4
v -4.2 9.5 0.4
v -4.1 0.3 0.4
v -4.1 0.5 0.4
v -4.1 0.9 0.4
v -4.1 1.1 0.4
v -4.1 1.5 0.4
v -4.1 1.7 0.4
v -4.1 2.1 0.4
v -4.1 2.3 0.4
v -4.1 2.7 0.4
v -4.1 2.9 0.4
v -4.1 3.3 0.4
v -4.1 3.5 0.4
v -4.1 3.9 0.4
v -4.1 4.1 0.4
v -4.1 4.5 0.4
v -4.1 4.7 0.4
v -4.1 5.1 0.4
v -4.1 5.3 0.4
v -4.1 5.7 0.4
v -4.1 5.9 0.4
v -4.1 6.3 0.4
v -4.1 6.5 0.4
v -4.1 6.9 0.4
v -4.1 7.1 0.4
v -4.1 7.5 0.4
v -4.1 7.6 0.4
v -4.1 7.7 0.4
v -4.1 8.1 0.4
v -4.1 8.3 0.4
v -4.1 8.7 0.4
v -4.1 8.9 0.4
v -4.1 9.3 0.4
v -4.1 9.4 0.4
v -4.1 9.5 0.4
v -4 1.2 0.4
v -4 1.3 0.4
v -4 7.6 0.4
v -4 7.7 0.4
v -3.9 0 0.4
v -3.9 0.2 0.4
v -3.9 0.6 0.4
v -3.9 0.8 0.4
v -3.9 1.2 0.4
v -3.9 1.3 0.4
v -3.9 1.4 0.4
v -3.9 1.8 0.4
v -3.9 2 0.4
v -3.9 2.4 0.4
v -3.9 2.6 0.4
v -3.9 3 0.4
v -3.9 3.2 0.4
v -3.9 3.6 0.4
v -3.9 3.8 0.4
v -3.9 4.2 0.4
v -3.9 4.4 0.4
v -3.9 4.8 0.4
v -3.9 5 0.4
v -3.9 5.4 0.4
v -3.9 5.6 0.4
v -3.9 6 0.4
v -3.9 6.2 0.4
v -3.9 6.6 0.4
v -3.9 6.8 0.4
v -3.9 7.2 0.4
v -3.9 7.4 0.4
v -3.9 7.8 0.4
v -3.9 8 0.4
v -3.9 8.4 0.4
v -3.9 8.6 0.4
v -3.9 9 0.4
v -3.9 9.2 0.4
v -3.9 9.3 0.4
v -3.9 9.4 0.4
v -3.8 0 0.4
v -3.8 0.2 0.4
v -3.8 0.6 0.4
v -3.8 0.8 0.4
v -3.8 1.2 0.4
v -3.8 1.3 0.4
v -3.8 1.4 0.4
v -3.8 1.8 0.4
v -3.8 2 0.4
v -3.8 2.4 0.4
v -3.8 2.6 0.4
v -3.8 3 0.4
v -3.8 3.2 0.4
v -3.8 3.6 0.4
v -3.8 3.8 0.4
v -3.8 4.2 0.4
v -3.8 4.4 0.4
v -3.8 4.8 0.4
v -3.8 5 0.4
v -3.8 5.4 0.4
v -3.8 5.6 0.4
v -3.8 6 0.4
v -3.8 6.2 0.4
v -3.8 6.6 0.4
v -3.8 6.8 0.4
v -3.8 7.2 0.4
v -3.8 7.4 0.4
v -3.8 7.8 0.4
v -3.8 8 0.4
v -3.8 8.4 0.4
v -3.8 8.6 0.4
v -3.8 9 0.4
v -3.8 9.2 0.4
v -3.7 0.6 0.4
v -3.7 0.8 0.4
v -3.6 0.3 0.4
v -3.6 0.5 0.4
v -3.6 0.9 0.4
v -3.6 1.1 0.4
v -3.6 1.5 0.4
v -3.6 1.7 0.4
v -3.6 2.1 0.4
v -3.6 2.3 0.4
v -3.6 2.7 0.4
v -3.6 2.9 0.4
v -3.6 3.3 0.4
v -3.6 3.5 0.4
v -3.6 3.9 0.4
v -3.6 4.1 0.4
v -3.6 4.5 0.4
v -3.6 4.7 0.4
v -3.6 5.1 0.4
v -3.6 5.3 0.4
v -3.6 5.7 0.4
v -3.6 5.9 0.4
v -3.6 6.3 0.4
v -3.6 6.5 0.4
v -3.6 6.9 0.4
v -3.6 7.1 0.4
v -3.6 7.5 0.4
v -3.6 7.7 0.4
v -3.6 8.1 0.4
v -3.6 8.3 0.4
v -3.6 8.7 0.4
v -3.6 8.9 0.4
v -3.6 9.3 0.4
v -3.6 9.5 0.4
v -3.5 0.3 0.4
v -3.5 0.5 0.4
v -3.5 0.9 0.4
v -3.5 1 0.4
v -3.5 1.1 0.4
v -3.5 1.2 0.4
v -3.5 1.3 0.4
v -3.5 1.5 0.4
v -3.5 1.7 0.4
v -3.5 2.1 0.4
v -3.5 2.3 0.4
v -3.5 2.7 0.4
v -3.5 2.9 0.4
v -3.5 3.3 0.4
v -3.5 3.5 0.4
v -3.5 3.9 0.4
v -3.5 4.1 0.4
v -3.5 4.5 0.4
v -3.5 4.7 0.4
v -3.5 5.1 0.4
v -3.5 5.3 0.4
v -3.5 5.7 0.4
v -3.5 5.9 0.4
v -3.5 6.3 0.4
v -3.5 6.5 0.4
v -3.5 6.9 0.4
v -3.5 7.1 0.4
v -3.5 7.5 0.4
v -3.5 7.7 0.4
v -3.5 8.1 0.4
v -3.5 8.3 0.4
v -3.5 8.7 0.4
v -3.5 8.9 0.4
v -3.5 9.3 0.4
v -3.5 9.5 0.4
v -3.4 1 0.4
v -3.4 1.1 0.4
v -3.4 5.4 0.4
v -3.4 5.6 0.4
v -3.4 8.4 0.4
v -3.4 8.5 0.4
v -3.3 0 0.4
v -3.3 0.2 0.4
v -3.3 0.6 0.4
v -3.3 0.8 0.4
v -3.3 1.2 0.4
v -3.3 1.4 0.4
v -3.3 1.8 0.4
v -3.3 2 0.4
v -3.3 2.4 0.4
v -3.3 2.6 0.4
v -3.3 3 0.4
v -3.3 3.2 0.4
v -3.3 3.6 0.4
v -3.3 3.8 0.4
v -3.3 4.2 0.4
v -3.3 4.4 0.4
v -3.3 4.8 0.4
v -3.3 5 0.4
v -3.3 5.4 0.4
v -3.3 5.6 0.4
v -3.3 6 0.4
v -3.3 6.2 0.4
v -3.3 6.6 0.4
v -3.3 6.8 0.4
v -3.3 7.2 0.4
v -3.3 7.4 0.4
v -3.3 7.8 0.4
v -3.3 8 0.4
v -3.3 8.4 0.4
v -3.3 8.5 0.4
v -3.3 8.6 0.4
v -3.3 9 0.4
v -3.3 9.2 0.4
v -3.2 0 0.4
v -3.2 0.2 0.4
v -3.2 0.6 0.4
v -3.2 0.8 0.4
v -3.2 1.2 0.4
v -3.2 1.4 0.4
v -3.2 1.8 0.4
v -3.2 2 0.4
v -3.2 2.4 0.4
v -3.2 2.6 0.4
v -3.2 3 0.4
v -3.2 3.2 0.4
v -3.2 3.6 0.4
v -3.2 3.8 0.4
v -3.2 4.2 0.4
v -3.2 4.4 0.4
v -3.2 4.8 0.4
v -3.2 5 0.4
v -3.2 5.4 0.4
v -3.2 5.6 0.4
v -3.2 5.7 0.4
v -3.2 5.8 0.4
v -3.2 6 0.4
v -3.2 6.2 0.4
v -3.2 6.6 0.4
v -3.2 6.8 0.4
v -3.2 7.2 0.4
v -3.2 7.4 0.4
v -3.2 7.8 0.4
v -3.2 8 0.4
v -3.2 8.4 0.4
v -3.2 8.6 0.4
v -3.2 9 0.4
v -3.2 9.2 0.4
v -3.1 5.2 0.4
v -3.1 5.3 0.4
v -3 0.3 0.4
v -3 0.5 0.4
v -3 0.9 0.4
v -3 1.1 0.4
v -3 1.5 0.4
v -3 1.7 0.4
v -3 2.1 0.4
v -3 2.3 0.4
v -3 2.7 0.4
v -3 2.9 0.4
v -3 3.3 0.4
v -3 3.5 0.4
v -3 3.9 0.4
v -3 4.1 0.4
v -3 4.5 0.4
v -3 4.7 0.4
v -3 5.1 0.4
v -3 5.2 0.4
v -3 5.3 0.4
v -3 5.7 0.4
v -3 5.8 0.4
v -3 5.9 0.4
v -3 6.3 0.4
v -3 6.5 0.4
v -3 6.9 0.4
v -3 7.1 0.4
v -3 7.5 0.4
v -3 7.7 0.4
v -3 8.1 0.4
v -3 8.3 0.4
v -3 8.7 0.4
v -3 8.9 0.4
v -3 9.3 0.4
v -3 9.5 0.4
v -2.9 0.3 0.4
v -2.9 0.5 0.4
v -2.9 0.9 0.4
v -2.9 1.1 0.4
v -2.9 1.5 0.4
v -2.9 1.7 0.4
v -2.9 2.1 0.4
v -2.9 2.3 0.4
v -2.9 2.7 0.4
v -2.9 2.9 0.4
v -2.9 3.3 0.4
v -2.9 3.5 0.4
v -2.9 3.9 0.4
v -2.9 4.1 0.4
v -2.9 4.5 0.4
v -2.9 4.7 0.4
v -2.9 5.1 0.4
v -2.9 5.3 0.4
v -2.9 5.7 0.4
v -2.9 5.8 0.4
v -2.9 5.9 0.4
v -2.9 6.3 0.4
v -2.9 6.5 0.4
v -2.9 6.9 0.4
v -2.9 7.1 0.4
v -2.9 7.5 0.4
v -2.9 7.7 0.4
v -2.9 8.1 0.4
v -2.9 8.3 0.4
v -2.9 8.7 0.4
v -2.9 8.8 0.4
v -2.9 8.9 0.4
v -2.9 9.3 0.4
v -2.9 9.5 0.4
v -2.8 8.7 0.4
v -2.8 8.8 0.4
v -2.7 0 0.4
v -2.7 0.2 0.4
v -2.7 0.6 0.4
v -2.7 0.8 0.4
v -2.7 1.2 0.4
v -2.7 1.4 0.4
v -2.7 1.8 0.4
v -2.7 2 0.4
v -2.7 2.4 0.4
v -2.7 2.6 0.4
v -2.7 3 0.4
v -2.7 3.2 0.4
v -2.7 3.6 0.4
v -2.7 3.8 0.4
v -2.7 4.2 0.4
v -2.7 4.4 0.4
v -2.7 4.8 0.4
v -2.7 5 0.4
v -2.7 5.4 0.4
v -2.7 5.6 0.4
v -2.7 5.7 0.4
v -2.7 5.8 0.4
v -2.7 6 0.4
v -2.7 6.2 0.4
v -2.7 6.6 0.4
v -2.7 6.8 0.4
v -2.7 7.2 0.4
v -2.7 7.4 0.4
v -2.7 7.8 0.4
v -2.7 8 0.4
v -2.7 8.4 0.4
v -2.7 8.6 0.4
v -2.7 9 0.4
v -2.7 9.2 0.4
v -2.6 0 0.4
v -2.6 0.2 0.4
v -2.6 0.6 0.4
v -2.6 0.8 0.4
v -2.6 1.2 0.4
v -2.6 1.4 0.4
v -2.6 1.8 0.4
v -2.6 2 0.4
v -2.6 2.4 0.4
v -2.6 2.6 0.4
v -2.6 3 0.4
v -2.6 3.2 0.4
v -2.6 3.6 0.4
v -2.6 3.8 0.4
v -2.6 4.2 0.4
v -2.6 4.4 0.4
v -2.6 4.8 0.4
v -2.6 5 0.4
v -2.6 5.4 0.4
v -2.6 5.5 0.4
v -2.6 5.6 0.4
v -2.6 6 0.4
v -2.6 6.2 0.4
v -2.6 6.6 0.4
v -2.6 6.8 0.4
v -2.6 7.2 0.4
v -2.6 7.4 0.4
v -2.6 7.8 0.4
v -2.6 8 0.4
v -2.6 8.4 0.4
v -2.6 8.6 0.4
v -2.6 9 0.4
v -2.6 9.2 0.4
v -2.5 5.5 0.4
v -2.5 5.6 0.4
v -2.4 0.3 0.4
v -2.4 0.5 0.4
v -2.4 0.9 0.4
v -2.4 1.1 0.4
v -2.4 1.5 0.4
v -2.4 1.7 0.4
v -2.4 2.1 0.4
v -2.4 2.3 0.4
v -2.4 2.7 0.4
v -2.4 2.9 0.4
v -2.4 3.3 0.4
v -2.4 3.5 0.4
v -2.4 3.9 0.4
v -2.4 4.1 0.4
v -2.4 4.5 0.4
v -2.4 4.7 0.4
v -2.4 5.1 0.4
v -2.4 5.3 0.4
v -2.4 5.7 0.4
v -2.4 5.9 0.4
v -2.4 6.3 0.4
v -2.4 6.5 0.4
v -2.4 6.9 0.4
v -2.4 7.1 0.4
v -2.4 7.5 0.4
v -2.4 7.7 0.4
v -2.4 8.1 0.4
v -2.4 8.3 0.4
v -2.4 8.7 0.4
v -2.4 8.9 0.4
v -2.4 9.3 0.4
v -2.4 9.5 0.4
v -2.3 0.3 0.4
v -2.3 0.5 0.4
v -2.3 0.9 0.4
v -2.3 1.1 0.4
v -2.3 1.5 0.4
v -2.3 1.7 0.4
v -2.3 2.1 0.4
v -2.3 2.3 0.4
v -2.3 2.7 0.4
v -2.3 2.9 0.4
v -2.3 3.3 0.4
v -2.3 3.5 0.4
v -2.3 3.9 0.4
v -2.3 4.1 0.4
v -2.3 4.5 0.4
v -2.3 4.7 0.4
v -2.3 5.1 0.4
v -2.3 5.3 0.4
v -2.3 5.7 0.4
v -2.3 5.9 0.4
v -2.3 6.3 0.4
v -2.3 6.5 0.4
v -2.3 6.9 0.4
v -2.3 7.1 0.4
v -2.3 7.5 0.4
v -2.3 7.7 0.4
v -2.3 8.1 0.4
v -2.3 8.3 0.4
v -2.3 8.7 0.4
v -2.3 8.9 0.4
v -2.3 9.3 0.4
v -2.3 9.5 0.4
v -2.1 0 0.4
v -2.1 0.2 0.4
v -2.1 0.6 0.4
v -2.1 0.8 0.4
v -2.1 1.2 0.4
v -2.1 1.4 0.4
v -2.1 1.8 0.4
v -2.1 2 0.4
v -2.1 2.4 0.4
v -2.1 2.6 0.4
v -2.1 3 0.4
v -2.1 3.2 0.4
v -2.1 3.6 0.4
v -2.1 3.8 0.4
v -2.1 4.2 0.4
v -2.1 4.4 0.4
v -2.1 4.8 0.4
v -2.1 5 0.4
v -2.1 5.4 0.4
v -2.1 5.6 0.4
v -2.1 6 0.4
v -2.1 6.2 0.4
v -2.1 6.6 0.4
v -2.1 6.8 0.4
v -2.1 7.2 0.4
v -2.1 7.4 0.4
v -2.1 7.8 0.4
v -2.1 8 0.4
v -2.1 8.4 0.4
v -2.1 8.6 0.4
v -2.1 9 0.4
v -2.1 9.2 0.4
v -2 0 0.4
v -2 0.2 0.4
v -2 0.6 0.4
v -2 0.8 0.4
v -2 1.2 0.4
v -2 1.4 0.4
v -2 1.8 0.4
v -2 2 0.4
v -2 2.4 0.4
v -2 2.6 0.4
v -2 3 0.4
v -2 3.2 0.4
v -2 3.6 0.4
v -2 3.8 0.4
v -2 4.2 0.4
v -2 4.4 0.4
v -2 4.8 0.4
v -2 5 0.4
v -2 5.4 0.4
v -2 5.6 0.4
v -2 6 0.4
v -2 6.2 0.4
v -2 6.6 0.4
v -2 6.8 0.4
v -2 7.2 0.4
v -2 7.4 0.4
v -2 7.8 0.4
v -2 8 0.4
v -2 8.4 0.4
v -2 8.6 0.4
v -2 9 0.4
v -2 9.2 0.4
v -1.8 0.3 0.4
v -1.8 0.5 0.4
v -1.8 0.9 0.4
v -1.8 1.1 0.4
v -1.8 1.5 0.4
v -1.8 1.7 0.4
v -1.8 2.1 0.4
v -1.8 2.3 0.4
v -1.8 2.7 0.4
v -1.8 2.9 0.4
v -1.8 3.3 0.4
v -1.8 3.5 0.4
v -1.8 3.9 0.4
v -1.8 4.1 0.4
v -1.8 4.5 0.4
v -1.8 4.7 0.4
v -1.8 5.1 0.4
v -1.8 5.3 0.4
v -1.8 5.7 0.4
v -1.8 5.9 0.4
v -1.8 6.3 0.4
v -1.8 6.5 0.4
v -1.8 6.9 0.4
v -1.8 7.1 0.4
v -1.8 7.5 0.4
v -1.8 7.7 0.4
v -1.8 8.1 0.4
v -1.8 8.3 0.4
v -1.8 8.7 0.4
v -1.8 8.9 0.4
v -1.8 9.3 0.4
v -1.8 9.5 0.4
v -1.7 0.3 0.4
v -1.7 0.5 0.4
v -1.7 0.9 0.4
v -1.7 1.1 0.4
v -1.7 1.5 0.4
v -1.7 1.7 0.4
v -1.7 1.8 0.4
v -1.7 1.9 0.4
v -1.7 2.1 0.4
v -1.7 2.3 0.4
v -1.7 2.7 0.4
v -1.7 2.9 0.4
v -1.7 3.3 0.4
v -1.7 3.5 0.4
v -1.7 3.9 0.4
v -1.7 4.1 0.4
v -1.7 4.5 0.4
v -1.7 4.7 0.4
v -1.7 5.1 0.4
v -1.7 5.3 0.4
v -1.7 5.7 0.4
v -1.7 5.9 0.4
v -1.7 6.3 0.4
v -1.7 6.5 0.4
v -1.7 6.9 0.4
v -1.7 7.1 0.4
v -1.7 7.5 0.4
v -1.7 7.7 0.4
v -1.7 8.1 0.4
v -1.7 8.3 0.4
v -1.7 8.7 0.4
v -1.7 8.9 0.4
v -1.7 9.3 0.4
v -1.7 9.5 0.4
v -1.6 1.3 0.4
v -1.6 1.4 0.4
v -1.6 1.9 0.4
v -1.6 2 0.4
v -1.5 0 0.4
v -1.5 0.2 0.4
v -1.5 0.6 0.4
v -1.5 0.8 0.4
v -1.5 1.2 0.4
v -1.5 1.3 0.4
v -1.5 1.4 0.4
v -1.5 1.8 0.4
v -1.5 2 0.4
v -1.5 2.4 0.4
v -1.5 2.6 0.4
v -1.5 3 0.4
v -1.5 3.2 0.4
v -1.5 3.6 0.4
v -1.5 3.8 0.4
v -1.5 4.2 0.4
v -1.5 4.4 0.4
v -1.5 4.8 0.4
v -1.5 5 0.4
v -1.5 5.4 0.4
v -1.5 5.6 0.4
v -1.5 6 0.4
v -1.5 6.2 0.4
v -1.5 6.6 0.4
v -1.5 6.8 0.4
v -1.5 7.2 0.4
v -1.5 7.4 0.4
v -1.5 7.8 0.4
v -1.5 8 0.4
v -1.5 8.4 0.4
v -1.5 8.6 0.4
v -1.5 9 0.4
v -1.5 9.2 0.4
v -1.4 0 0.4
v -1.4 0.2 0.4
v -1.4 0.6 0.4
v -1.4 0.8 0.4
v -1.4 1.2 0.4
v -1.4 1.4 0.4
v -1.4 1.8 0.4
v -1.4 2 0.4
v -1.4 2.1 0.4
v -1.4 2.2 0.4
v -1.4 2.4 0.4
v -1.4 2.6 0.4
v -1.4 3 0.4
v -1.4 3.2 0.4
v -1.4 3.6 0.4
v -1.4 3.8 0.4
v -1.4 4.2 0.4
v -1.4 4.4 0.4
v -1.4 4.8 0.4
v -1.4 5 0.4
v -1.4 5.4 0.4
v -1.4 5.6 0.4
v -1.4 6 0.4
v -1.4 6.2 0.4
v -1.4 6.6 0.4
v -1.4 6.8 0.4
v -1.4 7.2 0.4
v -1.4 7.4 0.4
v -1.4 7.8 0.4
v -1.4 8 0.4
v -1.4 8.4 0.4
v -1.4 8.6 0.4
v -1.4 9 0.4
v -1.4 9.2 0.4
v -1.2 0.3 0.4
v -1.2 0.5 0.4
v -1.2 0.9 0.4
v -1.2 1.1 0.4
v -1.2 1.5 0.4
v -1.2 1.7 0.4
v -1.2 2.1 0.4
v -1.2 2.2 0.4
v -1.2 2.3 0.4
v -1.2 2.7 0.4
v -1.2 2.9 0.4
v -1.2 3.3 0.4
v -1.2 3.5 0.4
v -1.2 3.9 0.4
v -1.2 4.1 0.4
v -1.2 4.5 0.4
v -1.2 4.7 0.4
v -1.2 5.1 0.4
v -1.2 5.3 0.4
v -1.2 5.7 0.4
v -1.2 5.9 0.4
v -1.2 6.3 0.4
v -1.2 6.5 0.4
v -1.2 6.9 0.4
v -1.2 7.1 0.4
v -1.2 7.5 0.4
v -1.2 7.7 0.4
v -1.2 8.1 0.4
v -1.2 8.3 0.4
v -1.2 8.7 0.4
v -1.2 8.9 0.4
v -1.2 9.3 0.4
v -1.2 9.5 0.4
v -1.1 0.3 0.4
v -1.1 0.5 0.4
v -1.1 0.9 0.4
v -1.1 1.1 0.4
v -1.1 1.5 0.4
v -1.1 1.6 0.4
v -1.1 1.7 0.4
v -1.1 2.1 0.4
v -1.1 2.3 0.4
v -1.1 2.7 0.4
v -1.1 2.9 0.4
v -1.1 3.3 0.4
v -1.1 3.5 0.4
v -1.1 3.9 0.4
v -1.1 4.1 0.4
v -1.1 4.5 0.4
v -1.1 4.7 0.4
v -1.1 5.1 0.4
v -1.1 5.3 0.4
v -1.1 5.7 0.4
v -1.1 5.9 0.4
v -1.1 6.3 0.4
v -1.1 6.5 0.4
v -1.1 6.9 0.4
v -1.1 7.1 0.4
v -1.1 7.5 0.4
v -1.1 7.7 0.4
v -1.1 8.1 0.4
v -1.1 8.3 0.4
v -1.1 8.7 0.4
v -1.1 8.9 0.4
v -1.1 9.3 0.4
v -1.1 9.5 0.4
v -1 0.7 0.4
v -1 0.8 0.4
v -1 1.6 0.4
v -1 1.7 0.4
v -0.9 0 0.4
v -0.9 0.2 0.4
v -0.9 0.6 0.4
v -0.9 0.7 0.4
v -0.9 0.8 0.4
v -0.9 1.2 0.4
v -0.9 1.4 0.4
v -0.9 1.8 0.4
v -0.9 2 0.4
v -0.9 2.4 0.4
v -0.9 2.6 0.4
v -0.9 3 0.4
v -0.9 3.2 0.4
v -0.9 3.6 0.4
v -0.9 3.8 0.4
v -0.9 4.2 0.4
v -0.9 4.4 0.4
v -0.9 4.8 0.4
v -0.9 5 0.4
v -0.9 5.4 0.4
v -0.9 5.6 0.4
v -0.9 6 0.4
v -0.9 6.2 0.4
v -0.9 6.6 0.4
v -0.9 6.8 0.4
v -0.9 7.2 0.4
v -0.9 7.4 0.4
v -0.9 7.8 0.4
v -0.9 8 0.4
v -0.9 8.4 0.4
v -0.9 8.6 0.4
v -0.9 9 0.4
v -0.9 9.2 0.4
v -0.8 0 0.4
v -0.8 0.2 0.4
v -0.8 0.6 0.4
v -0.8 0.8 0.4
v -0.8 1.2 0.4
v -0.8 1.4 0.4
v -0.8 1.8 0.4
v -0.8 2 0.4
v -0.8 2.4 0.4
v -0.8 2.6 0.4
v -0.8 3 0.4
v -0.8 3.2 0.4
v -0.8 3.6 0.4
v -0.8 3.8 0.4
v -0.8 4.2 0.4
v -0.8 4.4 0.4
v -0.8 4.8 0.4
v -0.8 5 0.4
v -0.8 5.4 0.4
v -0.8 5.6 0.4
v -0.8 6 0.4
v -0.8 6.2 0.4
v -0.8 6.6 0.4
v -0.8 6.8 0.4
v -0.8 7.2 0.4
v -0.8 7.4 0.4
v -0.8 7.8 0.4
v -0.8 8 0.4
v -0.8 8.4 0.4
v -0.8 8.6 0.4
v -0.8 9 0.4
v -0.8 9.2 0.4
v -0.7 0.4 0.4
v -0.7 0.5 0.4
v -0.7 1.8 0.4
v -0.7 2 0.4
v -0.7 5.1 0.4
v -0.7 5.2 0.4
v -0.6 0.3 0.4
v -0.6 0.4 0.4
v -0.6 0.5 0.4
v -0.6 0.9 0.4
v -0.6 1.1 0.4
v -0.6 1.5 0.4
v -0.6 1.7 0.4
v -0.6 2.1 0.4
v -0.6 2.3 0.4
v -0.6 2.7 0.4
v -0.6 2.9 0.4
v -0.6 3.3 0.4
v -0.6 3.5 0.4
v -0.6 3.9 0.4
v -0.6 4.1 0.4
v -0.6 4.5 0.4
v -0.6 4.7 0.4
v -0.6 5.1 0.4
v -0.6 5.2 0.4
v -0.6 5.3 0.4
v -0.6 5.7 0.4
v -0.6 5.9 0.4
v -0.6 6.3 0.4
v -0.6 6.5 0.4
v -0.6 6.9 0.4
v -0.6 7.1 0.4
v -0.6 7.5 0.4
v -0.6 7.7 0.4
v -0.6 8.1 0.4
v -0.6 8.3 0.4
v -0.6 8.7 0.4
v -0.6 8.9 0.4
v -0.6 9.3 0.4
v -0.6 9.5 0.4
v -0.5 0.3 0.4
v -0.5 0.5 0.4
v -0.5 0.9 0.4
v -0.5 1.1 0.4
v -0.5 1.5 0.4
v -0.5 1.7 0.4
v -0.5 2.1 0.4
v -0.5 2.3 0.4
v -0.5 2.7 0.4
v -0.5 2.9 0.4
v -0.5 3.3 0.4
v -0.5 3.5 0.4
v -0.5 3.9 0.4
v -0.5 4.1 0.4
v -0.5 4.5 0.4
v -0.5 4.7 0.4
v -0.5 5.1 0.4
v -0.5 5.3 0.4
v -0.5 5.7 0.4
v -0.5 5.9 0.4
v -0.5 6.3 0.4
v -0.5 6.5 0.4
v -0.5 6.9 0.4
v -0.5 7.1 0.4
v -0.5 7.5 0.4
v -0.5 7.7 0.4
v -0.5 8.1 0.4
v -0.5 8.3 0.4
v -0.5 8.7 0.4
v -0.5 8.9 0.4
v -0.5 9.3 0.4
v -0.5 9.5 0.4
v -0.4 4.9 0.4
v -0.4 5 0.4
v -0.3 0 0.4
v -0.3 0.2 0.4
v -0.3 0.6 0.4
v -0.3 0.8 0.4
v -0.3 1.2 0.4
v -0.3 1.4 0.4
v -0.3 1.8 0.4
v -0.3 2 0.4
v -0.3 2.4 0.4
v -0.3 2.6 0.4
v -0.3 3 0.4
v -0.3 3.2 0.4
v -0.3 3.6 0.4
v -0.3 3.8 0.4
v -0.3 4.2 0.4
v -0.3 4.4 0.4
v -0.3 4.8 0.4
v -0.3 4.9 0.4
v -0.3 5 0.4
v -0.3 5.4 0.4
v -0.3 5.6 0.4
v -0.3 6 0.4
v -0.3 6.2 0.4
v -0.3 6.6 0.4
v -0.3 6.8 0.4
v -0.3 7.2 0.4
v -0.3 7.4 0.4
v -0.3 7.8 0.4
v -0.3 8 0.4
v -0.3 8.4 0.4
v -0.3 8.6 0.4
v -0.3 9 0.4
v -0.3 9.2 0.4
v -0.2 0 0.4
v -0.2 0.2 0.4
v -0.2 0.6 0.4
v -0.2 0.7 0.4
v -0.2 0.8 0.4
v -0.2 1.2 0.4
v -0.2 1.4 0.4
v -0.2 1.8 0.4
v -0.2 2 0.4
v -0.2 2.4 0.4
v -0.2 2.6 0.4
v -0.2 3 0.4
v -0.2 3.2 0.4
v -0.2 3.6 0.4
v -0.2 3.8 0.4
v -0.2 4.2 0.4
v -0.2 4.4 0.4
v -0.2 4.8 0.4
v -0.2 4.9 0.4
v -0.2 5 0.4
v -0.2 5.4 0.4
v -0.2 5.6 0.4
v -0.2 6 0.4
v -0.2 6.2 0.4
v -0.2 6.6 0.4
v -0.2 6.8 0.4
v -0.2 7.2 0.4
v -0.2 7.4 0.4
v -0.2 7.8 0.4
v -0.2 8 0.4
v -0.2 8.4 0.4
v -0.2 8.6 0.4
v -0.2 9 0.4
v -0.2 9.2 0.4
v -0.0999997 0.6 0.4
v -0.0999997 0.7 0.4
v 2.68221e-007 0.3 0.4
v 2.68221e-007 0.5 0.4
v 2.68221e-007 0.9 0.4
v 2.68221e-007 1.1 0.4
v 2.68221e-007 1.5 0.4
v 2.68221e-007 1.7 0.4
v 2.68221e-007 2.1 0.4
v 2.68221e-007 2.3 0.4
v 2.68221e-007 2.7 0.4
v 2.68221e-007 2.9 0.4
v 2.68221e-007 3.3 0.4
v 2.68221e-007 3.5 0.4
v 2.68221e-007 3.9 0.4
v 2.68221e-007 4.1 0.4
v 2.68221e-007 4.5 0.4
v 2.68221e-007 4.7 0.4
v 2.68221e-007 4.9 0.4
v 2.68221e-007 5 0.4
v 2.68221e-007 5.1 0.4
v 2.68221e-007 5.3 0.4
v 2.68221e-007 5.7 0.4
v 2.68221e-007 5.9 0.4
v 2.68221e-007 6.3 0.4
v 2.68221e-007 6.5 0.4
v 2.68221e-007 6.9 0.4
v 2.68221e-007 7.1 0.4
v 2.68221e-007 7.5 0.4
v 2.68221e-007 7.7 0.4
v 2.68221e-007 8.1 0.4
v 2.68221e-007 8.3 0.4
v 2.68221e-007 8.7 0.4
v 2.68221e-007 8.9 0.4
v 2.68221e-007 9.3 0.4
v 2.68221e-007 9.5 0.4
v 0.1 0.3 0.4
v 0.1 0.5 0.4
v 0.1 0.9 0.4
v 0.1 1.1 0.4
v 0.1 1.5 0.4
v 0.1 1.7 0.4
v 0.1 2.1 0.4
v 0.1 2.3 0.4
v 0.1 2.7 0.4
v 0.1 2.9 0.4
v 0.1 3.3 0.4
v 0.1 3.5 0.4
v 0.1 3.9 0.4
v 0.1 4.1 0.4
v 0.1 4.5 0.4
v 0.1 4.7 0.4
v 0.1 5.1 0.4
v 0.1 5.2 0.4
v 0.1 5.3 0.4
v 0.1 5.7 0.4
v 0.1 5.9 0.4
v 0.1 6.3 0.4
v 0.1 6.5 0.4
v 0.1 6.9 0.4
v 0.1 7.1 0.4
v 0.1 7.5 0.4
v 0.1 7.7 0.4
v 0.1 8.1 0.4
v 0.1 8.3 0.4
v 0.1 8.7 0.4
v 0.1 8.9 0.4
v 0.1 9.3 0.4
v 0.1 9.5 0.4
v 0.2 5.1 0.4
v 0.2 5.2 0.4
v 0.3 0 0.4
v 0.3 0.2 0.4
v 0.3 0.6 0.4
v 0.3 0.8 0.4
v 0.3 1.2 0.4
v 0.3 1.4 0.4
v 0.3 1.8 0.4
v 0.3 2 0.4
v 0.3 2.4 0.4
v 0.3 2.6 0.4
v 0.3 3 0.4
v 0.3 3.2 0.4
v 0.3 3.6 0.4
v 0.3 3.8 0.4
v 0.3 4.2 0.4
v 0.3 4.4 0.4
v 0.3 4.8 0.4
v 0.3 5 0.4
v 0.3 5.4 0.4
v 0.3 5.6 0.4
v 0.3 6 0.4
v 0.3 6.2 0.4
v 0.3 6.6 0.4
v 0.3 6.8 0.4
v 0.3 7.2 0.4
v 0.3 7.4 0.4
v 0.3 7.8 0.4
v 0.3 8 0.4
v 0.3 8.4 0.4
v 0.3 8.6 0.4
v 0.3 9 0.4
v 0.3 9.2 0.4
v 0.4 0 0.4
v 0.4 0.2 0.4
v 0.4 0.6 0.4
v 0.4 0.8 0.4
v 0.4 1.2 0.4
v 0.4 1.4 0.4
v 0.4 1.8 0.4
v 0.4 2 0.4
v 0.4 2.4 0.4
v 0.4 2.6 0.4
v 0.4 3 0.4
v 0.4 3.2 0.4
v 0.4 3.6 0.4
v 0.4 3.8 0.4
v 0.4 4.2 0.4
v 0.4 4.4 0.4
v 0.4 4.8 0.4
v 0.4 5 0.4
v 0.4 5.4 0.4
v 0.4 5.6 0.4
v 0.4 6 0.4
v 0.4 6.2 0.4
v 0.4 6.6 0.4
v 0.4 6.8 0.4
v 0.4 7.2 0.4
v 0.4 7.4 0.4
v 0.4 7.8 0.4
v 0.4 8 0.4
v 0.4 8.4 0.4
v 0.4 8.6 0.4
v 0.4 9 0.4
v 0.4 9.2 0.4
v 0.5 9 0.4
v 0.5 9.2 0.4
v 0.6 0.3 0.4
v 0.6 0.5 0.4
v 0.6 0.9 0.4
v 0.6 1.1 0.4
v 0.6 1.5 0.4
v 0.6 1.7 0.4
v 0.6 2.1 0.4
v 0.6 2.3 0.4
v 0.6 2.7 0.4
v 0.6 2.9 0.4
v 0.6 3.3 0.4
v 0.6 3.5 0.4
v 0.6 3.9 0.4
v 0.6 4.1 0.4
v 0.6 4.5 0.4
v 0.6 4.7 0.4
v 0.6 5.1 0.4
v 0.6 5.3 0.4
v 0.6 5.7 0.4
v 0.6 5.9 0.4
v 0.6 6.3 0.4
v 0.6 6.5 0.4
v 0.6 6.9 0.4
v 0.6 7.1 0.4
v 0.6 7.5 0.4
v 0.6 7.7 0.4
v 0.6 8.1 0.4
v 0.6 8.3 0.4
v 0.6 8.7 0.4
v 0.6 8.9 0.4
v 0.6 9.3 0.4
v 0.6 9.5 0.4
v 0.7 0.3 0.4
v 0.7 0.5 0.4
v 0.7 0.9 0.4
v 0.7 1.1 0.4
v 0.7 1.5 0.4
v 0.7 1.7 0.4
v 0.7 1.8 0.4
v 0.7 1.9 0.4
v 0.7 2.1 0.4
v 0.7 2.3 0.4
v 0.7 2.7 0.4
v 0.7 2.9 0.4
v 0.7 3.3 0.4
v 0.7 3.5 0.4
v 0.7 3.9 0.4
v 0.7 4.1 0.4
v 0.7 4.5 0.4
v 0.7 4.7 0.4
v 0.7 5.1 0.4
v 0.7 5.3 0.4
v 0.7 5.7 0.4
v 0.7 5.9 0.4
v 0.7 6.3 0.4
v 0.7 6.5 0.4
v 0.7 6.9 0.4
v 0.7 7.1 0.4
v 0.7 7.5 0.4
v 0.7 7.7 0.4
v 0.7 8.1 0.4
v 0.7 8.3 0.4
v 0.7 8.7 0.4
v 0.7 8.9 0.4
v 0.7 9.3 0.4
v 0.7 9.5 0.4
v 0.8 5.4 0.4
v 0.8 5.6 0.4
v 0.8 8.7 0.4
v 0.8 8.9 0.4
v 0.9 0 0.4
v 0.9 0.2 0.4
v 0.9 0.6 0.4
v 0.9 0.8 0.4
v 0.9 1.2 0.4
v 0.9 1.4 0.4
v 0.9 1.8 0.4
v 0.9 1.9 0.4
v 0.9 2 0.4
v 0.9 2.4 0.4
v 0.9 2.6 0.4
v 0.9 3 0.4
v 0.9 3.2 0.4
v 0.9 3.6 0.4
v 0.9 3.8 0.4
v 0.9 4.2 0.4
v 0.9 4.4 0.4
v 0.9 4.8 0.4
v 0.9 5 0.4
v 0.9 5.4 0.4
v 0.9 5.6 0.4
v 0.9 6 0.4
v 0.9 6.2 0.4
v 0.9 6.6 0.4
v 0.9 6.8 0.4
v 0.9 7.2 0.4
v 0.9 7.4 0.4
v 0.9 7.8 0.4
v 0.9 8 0.4
v 0.9 8.4 0.4
v 0.9 8.6 0.4
v 0.9 9 0.4
v 0.9 9.2 0.4
v 1 0 0.4
v 1 0.2 0.4
v 1 0.6 0.4
v 1 0.8 0.4
v 1 1.2 0.4
v 1 1.4 0.4
v 1 1.8 0.4
v 1 1.9 0.4
v 1 2 0.4
v 1 2.4 0.4
v 1 2.6 0.4
v 1 3 0.4
v 1 3.2 0.4
v 1 3.6 0.4
v 1 3.8 0.4
v 1 4.2 0.4
v 1 4.4 0.4
v 1 4.8 0.4
v 1 5 0.4
v 1 5.4 0.4
v 1 5.6 0.4
v 1 6 0.4
v 1 6.2 0.4
v 1 6.6 0.4
v 1 6.8 0.4
v 1 7.2 0.4
v 1 7.4 0.4
v 1 7.8 0.4
v 1 8 0.4
v 1 8.4 0.4
v 1 8.6 0.4
v 1 9 0.4
v 1 9.2 0.4
v 1.1 4.6 0.4
v 1.1 4.7 0.4
v 1.2 0.3 0.4
v 1.2 0.5 0.4
v 1.2 0.9 0.4
v 1.2 1.1 0.4
v 1.2 1.5 0.4
v 1.2 1.7 0.4
v 1.2 1.8 0.4
v 1.2 1.9 0.4
v 1.2 2.1 0.4
v 1.2 2.3 0.4
v 1.2 2.7 0.4
v 1.2 2.9 0.4
v 1.2 3.3 0.4
v 1.2 3.5 0.4
v 1.2 3.9 0.4
v 1.2 4.1 0.4
v 1.2 4.5 0.4
v 1.2 4.6 0.4
v 1.2 4.7 0.4
v 1.2 5.1 0.4
v 1.2 5.3 0.4
v 1.2 5.7 0.4
v 1.2 5.9 0.4
v 1.2 6.3 0.4
v 1.2 6.5 0.4
v 1.2 6.9 0.4
v 1.2 7.1 0.4
v 1.2 7.5 0.4
v 1.2 7.7 0.4
v 1.2 8.1 0.4
v 1.2 8.3 0.4
v 1.2 8.7 0.4
v 1.2 8.9 0.4
v 1.2 9.3 0.4
v 1.2 9.5 0.4
v 1.3 0.3 0.4
v 1.3 0.5 0.4
v 1.3 0.9 0.4
v 1.3 1.1 0.4
v 1.3 1.5 0.4
v 1.3 1.6 0.4
v 1.3 1.7 0.4
v 1.3 2.1 0.4
v 1.3 2.3 0.4
v 1.3 2.7 0.4
v 1.3 2.9 0.4
v 1.3 3.3 0.4
v 1.3 3.5 0.4
v 1.3 3.9 0.4
v 1.3 4.1 0.4
v 1.3 4.5 0.4
v 1.3 4.7 0.4
v 1.3 5.1 0.4
v 1.3 5.2 0.4
v 1.3 5.3 0.4
v 1.3 5.7 0.4
v 1.3 5.9 0.4
v 1.3 6.3 0.4
v 1.3 6.5 0.4
v 1.3 6.9 0.4
v 1.3 7.1 0.4
v 1.3 7.5 0.4
v 1.3 7.7 0.4
v 1.3 8.1 0.4
v 1.3 8.3 0.4
v 1.3 8.7 0.4
v 1.3 8.9 0.4
v 1.3 9.3 0.4
v 1.3 9.5 0.4
v 1.4 1.6 0.4
v 1.4 1.7 0.4
v 1.4 2.4 0.4
v 1.4 2.6 0.4
v 1.4 5.2 0.4
v 1.4 5.3 0.4
v 1.5 0 0.4
v 1.5 0.2 0.4
v 1.5 0.6 0.4
v 1.5 0.8 0.4
v 1.5 1.2 0.4
v 1.5 1.4 0.4
v 1.5 1.8 0.4
v 1.5 2 0.4
v 1.5 2.4 0.4
v 1.5 2.6 0.4
v 1.5 3 0.4
v 1.5 3.2 0.4
v 1.5 3.6 0.4
v 1.5 3.8 0.4
v 1.5 4.2 0.4
v 1.5 4.4 0.4
v 1.5 4.8 0.4
v 1.5 5 0.4
v 1.5 5.4 0.4
v 1.5 5.6 0.4
v 1.5 6 0.4
v 1.5 6.2 0.4
v 1.5 6.6 0.4
v 1.5 6.8 0.4
v 1.5 7.2 0.4
v 1.5 7.4 0.4
v 1.5 7.8 0.4
v 1.5 8 0.4
v 1.5 8.4 0.4
v 1.5 8.6 0.4
v 1.5 9 0.4
v 1.5 9.2 0.4
v 1.6 0 0.4
v 1.6 0.2 0.4
v 1.6 0.6 0.4
v 1.6 0.8 0.4
v 1.6 1.2 0.4
v 1.6 1.4 0.4
v 1.6 1.8 0.4
v 1.6 2 0.4
v 1.6 2.4 0.4
v 1.6 2.6 0.4
v 1.6 3 0.4
v 1.6 3.2 0.4
v 1.6 3.6 0.4
v 1.6 3.8 0.4
v 1.6 4.2 0.4
v 1.6 4.3 0.4
v 1.6 4.4 0.4
v 1.6 4.8 0.4
v 1.6 4.9 0.4
v 1.6 5 0.4
v 1.6 5.4 0.4
v 1.6 5.6 0.4
v 1.6 6 0.4
v 1.6 6.2 0.4
v 1.6 6.6 0.4
v 1.6 6.8 0.4
v 1.6 7.2 0.4
v 1.6 7.4 0.4
v 1.6 7.8 0.4
v 1.6 8 0.4
v 1.6 8.1 0.4
v 1.6 8.2 0.4
v 1.6 8.4 0.4
v 1.6 8.6 0.4
v 1.6 9 0.4
v 1.6 9.2 0.4
v 1.7 2.8 0.4
v 1.7 2.9 0.4
v 1.7 4.3 0.4
v 1.7 4.4 0.4
v 1.7 4.8 0.4
v 1.7 4.9 0.4
v 1.8 0.3 0.4
v 1.8 0.5 0.4
v 1.8 0.9 0.4
v 1.8 1.1 0.4
v 1.8 1.5 0.4
v 1.8 1.7 0.4
v 1.8 2.1 0.4
v 1.8 2.3 0.4
v 1.8 2.7 0.4
v 1.8 2.8 0.4
v 1.8 2.9 0.4
v 1.8 3.3 0.4
v 1.8 3.5 0.4
v 1.8 3.9 0.4
v 1.8 4.1 0.4
v 1.8 4.5 0.4
v 1.8 4.7 0.4
v 1.8 5.1 0.4
v 1.8 5.3 0.4
v 1.8 5.7 0.4
v 1.8 5.9 0.4
v 1.8 6.3 0.4
v 1.8 6.5 0.4
v 1.8 6.9 0.4
v 1.8 7.1 0.4
v 1.8 7.5 0.4
v 1.8 7.7 0.4
v 1.8 8.1 0.4
v 1.8 8.2 0.4
v 1.8 8.3 0.4
v 1.8 8.7 0.4
v 1.8 8.9 0.4
v 1.8 9.3 0.4
v 1.8 9.5 0.4
v 1.9 0.3 0.4
v 1.9 0.5 0.4
v 1.9 0.9 0.4
v 1.9 1.1 0.4
v 1.9 1.5 0.4
v 1.9 1.7 0.4
v 1.9 2.1 0.4
v 1.9 2.2 0.4
v 1.9 2.3 0.4
v 1.9 2.7 0.4
v 1.9 2.9 0.4
v 1.9 3.3 0.4
v 1.9 3.5 0.4
v 1.9 3.9 0.4
v 1.9 4.1 0.4
v 1.9 4.5 0.4
v 1.9 4.7 0.4
v 1.9 5.1 0.4
v 1.9 5.3 0.4
v 1.9 5.7 0.4
v 1.9 5.9 0.4
v 1.9 6.3 0.4
v 1.9 6.5 0.4
v 1.9 6.9 0.4
v 1.9 7.1 0.4
v 1.9 7.5 0.4
v 1.9 7.7 0.4
v 1.9 8.1 0.4
v 1.9 8.3 0.4
v 1.9 8.7 0.4
v 1.9 8.9 0.4
v 1.9 9.3 0.4
v 1.9 9.5 0.4
v 2 2.2 0.4
v 2 2.3 0.4
v 2 3 0.4
v 2 3.1 0.4
v 2 4.5 0.4
v 2 4.7 0.4
v 2.1 0 0.4
v 2.1 0.2 0.4
v 2.1 0.6 0.4
v 2.1 0.8 0.4
v 2.1 1.2 0.4
v 2.1 1.4 0.4
v 2.1 1.8 0.4
v 2.1 2 0.4
v 2.1 2.2 0.4
v 2.1 2.3 0.4
v 2.1 2.4 0.4
v 2.1 2.6 0.4
v 2.1 3 0.4
v 2.1 3.1 0.4
v 2.1 3.2 0.4
v 2.1 3.6 0.4
v 2.1 3.8 0.4
v 2.1 4.2 0.4
v 2.1 4.4 0.4
v 2.1 4.8 0.4
v 2.1 5 0.4
v 2.1 5.4 0.4
v 2.1 5.6 0.4
v 2.1 6 0.4
v 2.1 6.2 0.4
v 2.1 6.6 0.4
v 2.1 6.8 0.4
v 2.1 7.2 0.4
v 2.1 7.4 0.4
v 2.1 7.8 0.4
v 2.1 8 0.4
v 2.1 8.4 0.4
v 2.1 8.6 0.4
v 2.1 9 0.4
v 2.1 9.2 0.4
v 2.2 0 0.4
v 2.2 0.2 0.4
v 2.2 0.6 0.4
v 2.2 0.8 0.4
v 2.2 1.2 0.4
v 2.2 1.4 0.4
v 2.2 1.8 0.4
v 2.2 2 0.4
v 2.2 2.4 0.4
v 2.2 2.5 0.4
v 2.2 2.6 0.4
v 2.2 3 0.4
v 2.2 3.1 0.4
v 2.2 3.2 0.4
v 2.2 3.6 0.4
v 2.2 3.8 0.4
v 2.2 4.2 0.4
v 2.2 4.4 0.4
v 2.2 4.8 0.4
v 2.2 5 0.4
v 2.2 5.4 0.4
v 2.2 5.6 0.4
v 2.2 6 0.4
v 2.2 6.2 0.4
v 2.2 6.6 0.4
v 2.2 6.8 0.4
v 2.2 7.2 0.4
v 2.2 7.4 0.4
v 2.2 7.8 0.4
v 2.2 7.9 0.4
v 2.2 8 0.4
v 2.2 8.4 0.4
v 2.2 8.6 0.4
v 2.2 9 0.4
v 2.2 9.2 0.4
v 2.3 7.9 0.4
v 2.3 8 0.4
v 2.4 0.3 0.4
v 2.4 0.5 0.4
v 2.4 0.9 0.4
v 2.4 1.1 0.4
v 2.4 1.5 0.4
v 2.4 1.7 0.4
v 2.4 2.1 0.4
v 2.4 2.3 0.4
v 2.4 2.7 0.4
v 2.4 2.9 0.4
v 2.4 3 0.4
v 2.4 3.1 0.4
v 2.4 3.3 0.4
v 2.4 3.5 0.4
v 2.4 3.9 0.4
v 2.4 4.1 0.4
v 2.4 4.5 0.4
v 2.4 4.7 0.4
v 2.4 5.1 0.4
v 2.4 5.3 0.4
v 2.4 5.7 0.4
v 2.4 5.9 0.4
v 2.4 6.3 0.4
v 2.4 6.5 0.4
v 2.4 6.9 0.4
v 2.4 7.1 0.4
v 2.4 7.5 0.4
v 2.4 7.7 0.4
v 2.4 8.1 0.4
v 2.4 8.3 0.4
v 2.4 8.7 0.4
v 2.4 8.9 0.4
v 2.4 9.3 0.4
v 2.4 9.5 0.4
v 2.5 0.3 0.4
v 2.5 0.5 0.4
v 2.5 0.9 0.4
v 2.5 1.1 0.4
v 2.5 1.5 0.4
v 2.5 1.7 0.4
v 2.5 2.1 0.4
v 2.5 2.3 0.4
v 2.5 2.5 0.4
v 2.5 2.6 0.4
v 2.5 2.7 0.4
v 2.5 2.9 0.4
v 2.5 3.3 0.4
v 2.5 3.5 0.4
v 2.5 3.9 0.4
v 2.5 4.1 0.4
v 2.5 4.5 0.4
v 2.5 4.7 0.4
v 2.5 5.1 0.4
v 2.5 5.3 0.4
v 2.5 5.7 0.4
v 2.5 5.9 0.4
v 2.5 6.3 0.4
v 2.5 6.5 0.4
v 2.5 6.9 0.4
v 2.5 7.1 0.4
v 2.5 7.5 0.4
v 2.5 7.7 0.4
v 2.5 8.1 0.4
v 2.5 8.3 0.4
v 2.5 8.7 0.4
v 2.5 8.9 0.4
v 2.5 9.3 0.4
v 2.5 9.5 0.4
v 2.6 2.7 0.4
v 2.6 2.9 0.4
v 2.7 0 0.4
v 2.7 0.2 0.4
v 2.7 0.6 0.4
v 2.7 0.8 0.4
v 2.7 1.2 0.4
v 2.7 1.4 0.4
v 2.7 1.8 0.4
v 2.7 2 0.4
v 2.7 2.4 0.4
v 2.7 2.6 0.4
v 2.7 3 0.4
v 2.7 3.2 0.4
v 2.7 3.6 0.4
v 2.7 3.8 0.4
v 2.7 4.2 0.4
v 2.7 4.4 0.4
v 2.7 4.8 0.4
v 2.7 5 0.4
v 2.7 5.4 0.4
v 2.7 5.6 0.4
v 2.7 6 0.4
v 2.7 6.2 0.4
v 2.7 6.6 0.4
v 2.7 6.8 0.4
v 2.7 7.2 0.4
v 2.7 7.4 0.4
v 2.7 7.8 0.4
v 2.7 8 0.4
v 2.7 8.4 0.4
v 2.7 8.6 0.4
v 2.7 9 0.4
v 2.7 9.2 0.4
v 2.8 0 0.4
v 2.8 0.2 0.4
v 2.8 0.6 0.4
v 2.8 0.8 0.4
v 2.8 1.2 0.4
v 2.8 1.4 0.4
v 2.8 1.8 0.4
v 2.8 2 0.4
v 2.8 2.4 0.4
v 2.8 2.6 0.4
v 2.8 3 0.4
v 2.8 3.2 0.4
v 2.8 3.6 0.4
v 2.8 3.8 0.4
v 2.8 4.2 0.4
v 2.8 4.4 0.4
v 2.8 4.8 0.4
v 2.8 5 0.4
v 2.8 5.4 0.4
v 2.8 5.6 0.4
v 2.8 6 0.4
v 2.8 6.2 0.4
v 2.8 6.6 0.4
v 2.8 6.8 0.4
v 2.8 7.2 0.4
v 2.8 7.4 0.4
v 2.8 7.8 0.4
v 2.8 8 0.4
v 2.8 8.4 0.4
v 2.8 8.6 0.4
v 2.8 9 0.4
v 2.8 9.2 0.4
v 3 0.3 0.4
v 3 0.5 0.4
v 3 0.9 0.4
v 3 1.1 0.4
v 3 1.5 0.4
v 3 1.7 0.4
v 3 2.1 0.4
v 3 2.3 0.4
v 3 2.7 0.4
v 3 2.9 0.4
v 3 3.3 0.4
v 3 3.5 0.4
v 3 3.9 0.4
v 3 4.1 0.4
v 3 4.5 0.4
v 3 4.7 0.4
v 3 5.1 0.4
v 3 5.3 0.4
v 3 5.7 0.4
v 3 5.9 0.4
v 3 6.3 0.4
v 3 6.5 0.4
v 3 6.9 0.4
v 3 7.1 0.4
v 3 7.5 0.4
v 3 7.7 0.4
v 3 8.1 0.4
v 3 8.3 0.4
v 3 8.7 0.4
v 3 8.9 0.4
v 3 9.3 0.4
v 3 9.5 0.4
v 3.1 0.3 0.4
v 3.1 0.5 0.4
v 3.1 0.9 0.4
v 3.1 1.1 0.4
v 3.1 1.5 0.4
v 3.1 1.7 0.4
v 3.1 1.8 0.4
v 3.1 1.9 0.4
v 3.1 2.1 0.4
v 3.1 2.3 0.4
v 3.1 2.7 0.4
v 3.1 2.9 0.4
v 3.1 3.3 0.4
v 3.1 3.5 0.4
v 3.1 3.9 0.4
v 3.1 4.1 0.4
v 3.1 4.5 0.4
v 3.1 4.7 0.4
v 3.1 5.1 0.4
v 3.1 5.3 0.4
v 3.1 5.7 0.4
v 3.1 5.9 0.4
v 3.1 6.3 0.4
v 3.1 6.5 0.4
v 3.1 6.9 0.4
v 3.1 7.1 0.4
v 3.1 7.5 0.4
v 3.1 7.7 0.4
v 3.1 8.1 0.4
v 3.1 8.3 0.4
v 3.1 8.7 0.4
v 3.1 8.9 0.4
v 3.1 9.3 0.4
v 3.1 9.5 0.4
v 3.3 0 0.4
v 3.3 0.2 0.4
v 3.3 0.6 0.4
v 3.3 0.8 0.4
v 3.3 1.2 0.4
v 3.3 1.4 0.4
v 3.3 1.8 0.4
v 3.3 1.9 0.4
v 3.3 2 0.4
v 3.3 2.4 0.4
v 3.3 2.6 0.4
v 3.3 3 0.4
v 3.3 3.2 0.4
v 3.3 3.6 0.4
v 3.3 3.8 0.4
v 3.3 4.2 0.4
v 3.3 4.4 0.4
v 3.3 4.8 0.4
v 3.3 5 0.4
v 3.3 5.4 0.4
v 3.3 5.6 0.4
v 3.3 6 0.4
v 3.3 6.2 0.4
v 3.3 6.6 0.4
v 3.3 6.8 0.4
v 3.3 7.2 0.4
v 3.3 7.4 0.4
v 3.3 7.8 0.4
v 3.3 8 0.4
v 3.3 8.4 0.4
v 3.3 8.6 0.4
v 3.3 9 0.4
v 3.3 9.2 0.4
v 3.4 0 0.4
v 3.4 0.2 0.4
v 3.4 0.6 0.4
v 3.4 0.8 0.4
v 3.4 1.2 0.4
v 3.4 1.3 0.4
v 3.4 1.4 0.4
v 3.4 1.8 0.4
v 3.4 1.9 0.4
v 3.4 2 0.4
v 3.4 2.4 0.4
v 3.4 2.6 0.4
v 3.4 3 0.4
v 3.4 3.2 0.4
v 3.4 3.6 0.4
v 3.4 3.8 0.4
v 3.4 4.2 0.4
v 3.4 4.4 0.4
v 3.4 4.8 0.4
v 3.4 5 0.4
v 3.4 5.4 0.4
v 3.4 5.6 0.4
v 3.4 6 0.4
v 3.4 6.2 0.4
v 3.4 6.6 0.4
v 3.4 6.8 0.4
v 3.4 7.2 0.4
v 3.4 7.4 0.4
v 3.4 7.8 0.4
v 3.4 8 0.4
v 3.4 8.4 0.4
v 3.4 8.6 0.4
v 3.4 9 0.4
v 3.4 9.2 0.4
v 3.5 1.3 0.4
v 3.5 1.4 0.4
v 3.6 0.3 0.4
v 3.6 0.5 0.4
v 3.6 0.9 0.4
v 3.6 1.1 0.4
v 3.6 1.5 0.4
v 3.6 1.7 0.4
v 3.6 1.8 0.4
v 3.6 1.9 0.4
v 3.6 2.1 0.4
v 3.6 2.3 0.4
v 3.6 2.7 0.4
v 3.6 2.9 0.4
v 3.6 3.3 0.4
v 3.6 3.5 0.4
v 3.6 3.7 0.4
v 3.6 3.8 0.4
v 3.6 3.9 0.4
v 3.6 4.1 0.4
v 3.6 4.5 0.4
v 3.6 4.7 0.4
v 3.6 5.1 0.4
v 3.6 5.3 0.4
v 3.6 5.7 0.4
v 3.6 5.9 0.4
v 3.6 6.3 0.4
v 3.6 6.5 0.4
v 3.6 6.9 0.4
v 3.6 7.1 0.4
v 3.6 7.5 0.4
v 3.6 7.7 0.4
v 3.6 8.1 0.4
v 3.6 8.3 0.4
v 3.6 8.7 0.4
v 3.6 8.9 0.4
v 3.6 9.3 0.4
v 3.6 9.5 0.4
v 3.7 0.3 0.4
v 3.7 0.5 0.4
v 3.7 0.9 0.4
v 3.7 1.1 0.4
v 3.7 1.5 0.4
v 3.7 1.6 0.4
v 3.7 1.7 0.4
v 3.7 2.1 0.4
v 3.7 2.3 0.4
v 3.7 2.7 0.4
v 3.7 2.9 0.4
v 3.7 3.3 0.4
v 3.7 3.5 0.4
v 3.7 3.7 0.4
v 3.7 3.8 0.4
v 3.7 3.9 0.4
v 3.7 4.1 0.4
v 3.7 4.5 0.4
v 3.7 4.7 0.4
v 3.7 5.1 0.4
v 3.7 5.3 0.4
v 3.7 5.7 0.4
v 3.7 5.9 0.4
v 3.7 6.3 0.4
v 3.7 6.5 0.4
v 3.7 6.9 0.4
v 3.7 7.1 0.4
v 3.7 7.5 0.4
v 3.7 7.7 0.4
v 3.7 8.1 0.4
v 3.7 8.3 0.4
v 3.7 8.7 0.4
v 3.7 8.9 0.4
v 3.7 9.3 0.4
v 3.7 9.5 0.4
v 3.8 1.6 0.4
v 3.8 1.7 0.4
v 3.9 0 0.4
v 3.9 0.2 0.4
v 3.9 0.6 0.4
v 3.9 0.8 0.4
v 3.9 1.2 0.4
v 3.9 1.4 0.4
v 3.9 1.8 0.4
v 3.9 2 0.4
v 3.9 2.4 0.4
v 3.9 2.6 0.4
v 3.9 3 0.4
v 3.9 3.2 0.4
v 3.9 3.6 0.4
v 3.9 3.8 0.4
v 3.9 4.2 0.4
v 3.9 4.4 0.4
v 3.9 4.8 0.4
v 3.9 5 0.4
v 3.9 5.4 0.4
v 3.9 5.6 0.4
v 3.9 6 0.4
v 3.9 6.2 0.4
v 3.9 6.6 0.4
v 3.9 6.8 0.4
v 3.9 7.2 0.4
v 3.9 7.4 0.4
v 3.9 7.8 0.4
v 3.9 8 0.4
v 3.9 8.4 0.4
v 3.9 8.6 0.4
v 3.9 9 0.4
v 3.9 9.2 0.4
v 4 0 0.4
v 4 0.2 0.4
v 4 0.6 0.4
v 4 0.8 0.4
v 4 1.2 0.4
v 4 1.4 0.4
v 4 1.8 0.4
v 4 2 0.4
v 4 2.4 0.4
v 4 2.6 0.4
v 4 3 0.4
v 4 3.2 0.4
v 4 3.6 0.4
v 4 3.8 0.4
v 4 4.2 0.4
v 4 4.4 0.4
v 4 4.8 0.4
v 4 5 0.4
v 4 5.4 0.4
v 4 5.6 0.4
v 4 6 0.4
v 4 6.2 0.4
v 4 6.6 0.4
v 4 6.8 0.4
v 4 7.2 0.4
v 4 7.4 0.4
v 4 7.8 0.4
v 4 8 0.4
v 4 8.4 0.4
v 4 8.6 0.4
v 4 9 0.4
v 4 9.2 0.4
v 4.2 0.3 0.4
v 4.2 0.5 0.4
v 4.2 0.9 0.4
v 4.2 1.1 0.4
v 4.2 1.5 0.4
v 4.2 1.7 0.4
v 4.2 2.1 0.4
v 4.2 2.3 0.4
v 4.2 2.7 0.4
v 4.2 2.9 0.4
v 4.2 3.3 0.4
v 4.2 3.5 0.4
v 4.2 3.9 0.4
v 4.2 4.1 0.4
v 4.2 4.5 0.4
v 4.2 4.7 0.4
v 4.2 5.1 0.4
v 4.2 5.3 0.4
v 4.2 5.7 0.4
v 4.2 5.9 0.4
v 4.2 6.3 0.4
v 4.2 6.5 0.4
v 4.2 6.9 0.4
v 4.2 7.1 0.4
v 4.2 7.5 0.4
v 4.2 7.7 0.4
v 4.2 8.1 0.4
v 4.2 8.3 0.4
v 4.2 8.7 0.4
v 4.2 8.9 0.4
v 4.2 9.3 0.4
v 4.2 9.5 0.4
v 4.3 0.3 0.4
v 4.3 0.5 0.4
v 4.3 0.9 0.4
v 4.3 1.1 0.4
v 4.3 1.5 0.4
v 4.3 1.7 0.4
v 4.3 2.1 0.4
v 4.3 2.3 0.4
v 4.3 2.7 0.4
v 4.3 2.9 0.4
v 4.3 3.3 0.4
v 4.3 3.5 0.4
v 4.3 3.9 0.4
v 4.3 4.1 0.4
v 4.3 4.5 0.4
v 4.3 4.7 0.4
v 4.3 5.1 0.4
v 4.3 5.3 0.4
v 4.3 5.7 0.4
v 4.3 5.9 0.4
v 4.3 6.3 0.4
v 4.3 6.5 0.4
v 4.3 6.9 0.4
v 4.3 7.1 0.4
v 4.3 7.5 0.4
v 4.3 7.7 0.4
v 4.3 8.1 0.4
v 4.3 8.3 0.4
v 4.3 8.7 0.4
v 4.3 8.9 0.4
v 4.3 9.3 0.4
v 4.3 9.5 0.4
v 4.5 0 0.4
v 4.5 0.2 0.4
v 4.5 0.6 0.4
v 4.5 0.8 0.4
v 4.5 1.2 0.4
v 4.5 1.4 0.4
v 4.5 1.8 0.4
v 4.5 2 0.4
v 4.5 2.4 0.4
v 4.5 2.6 0.4
v 4.5 3 0.4
v 4.5 3.2 0.4
v 4.5 3.6 0.4
v 4.5 3.8 0.4
v 4.5 4.2 0.4
v 4.5 4.4 0.4
v 4.5 4.8 0.4
v 4.5 5 0.4
v 4.5 5.4 0.4
v 4.5 5.6 0.4
v 4.5 6 0.4
v 4.5 6.2 0.4
v 4.5 6.6 0.4
v 4.5 6.8 0.4
v 4.5 7.2 0.4
v 4.5 7.4 0.4
v 4.5 7.8 0.4
v 4.5 8 0.4
v 4.5 8.4 0.4
v 4.5 8.6 0.4
v 4.5 9 0.4
v 4.5 9.2 0.4
v 4.6 0 0.4
v 4.6 0.2 0.4
v 4.6 0.6 0.4
v 4.6 0.8 0.4
v 4.6 1.2 0.4
v 4.6 1.4 0.4
v 4.6 1.8 0.4
v 4.6 2 0.4
v 4.6 2.4 0.4
v 4.6 2.6 0.4
v 4.6 3 0.4
v 4.6 3.2 0.4
v 4.6 3.6 0.4
v 4.6 3.8 0.4
v 4.6 4.2 0.4
v 4.6 4.4 0.4
v 4.6 4.8 0.4
v 4.6 5 0.4
v 4.6 5.4 0.4
v 4.6 5.6 0.4
v 4.6 6 0.4
v 4.6 6.2 0.4
v 4.6 6.6 0.4
v 4.6 6.8 0.4
v 4.6 7.2 0.4
v 4.6 7.4 0.4
v 4.6 7.8 0.4
v 4.6 8 0.4
v 4.6 8.4 0.4
v 4.6 8.6 0.4
v 4.6 9 0.4
v 4.6 9.2 0.4
v 4.8 0.3 0.4
v 4.8 0.5 0.4
v 4.8 0.9 0.4
v 4.8 1.1 0.4
v 4.8 1.5 0.4
v 4.8 1.7 0.4
v 4.8 2.1 0.4
v 4.8 2.3 0.4
v 4.8 2.7 0.4
v 4.8 2.9 0.4
v 4.8 3.3 0.4
v 4.8 3.5 0.4
v 4.8 3.9 0.4
v 4.8 4.1 0.4
v 4.8 4.5 0.4
v 4.8 4.7 0.4
v 4.8 5.1 0.4
v 4.8 5.3 0.4
v 4.8 5.7 0.4
v 4.8 5.9 0.4
v 4.8 6.3 0.4
v 4.8 6.5 0.4
v 4.8 6.9 0.4
v 4.8 7.1 0.4
v 4.8 7.5 0.4
v 4.8 7.7 0.4
v 4.8 8.1 0.4
v 4.8 8.3 0.4
v 4.8 8.7 0.4
v 4.8 8.9 0.4
v 4.8 9.3 0.4
v 4.8 9.5 0.4
v 4.9 0.3 0.4
v 4.9 0.5 0.4
v 4.9 0.9 0.4
v 4.9 1.1 0.4
v 4.9 1.5 0.4
v 4.9 1.7 0.4
v 4.9 2.1 0.4
v 4.9 2.3 0.4
v 4.9 2.7 0.4
v 4.9 2.9 0.4
v 4.9 3.3 0.4
v 4.9 3.5 0.4
v 4.9 3.9 0.4
v 4.9 4.1 0.4
v 4.9 4.5 0.4
v 4.9 4.7 0.4
v 4.9 5.1 0.4
v 4.9 5.3 0.4
v 4.9 5.7 0.4
v 4.9 5.9 0.4
v 4.9 6.3 0.4
v 4.9 6.5 0.4
v 4.9 6.9 0.4
v 4.9 7.1 0.4
v 4.9 7.5 0.4
v 4.9 7.7 0.4
v 4.9 8.1 0.4
v 4.9 8.3 0.4
v 4.9 8.7 0.4
v 4.9 8.9 0.4
v 4.9 9.3 0.4
v 4.9 9.5 0.4
v 5.1 0.2 0.4
v 5.1 0.3 0.4
v 5.1 0.5 0.4
v 5.1 0.6 0.4
v 5.1 0.8 0.4
v 5.1 0.9 0.4
v 5.1 1.1 0.4
v 5.1 1.2 0.4
v 5.1 1.4 0.4
v 5.1 1.5 0.4
v 5.1 1.7 0.4
v 5.1 1.8 0.4
v 5.1 2 0.4
v 5.1 2.1 0.4
v 5.1 2.3 0.4
v 5.1 2.4 0.4
v 5.1 2.6 0.4
v 5.1 2.7 0.4
v 5.1 2.9 0.4
v 5.1 3 0.4
v 5.1 3.2 0.4
v 5.1 3.3 0.4
v 5.1 3.5 0.4
v 5.1 3.6 0.4
v 5.1 3.8 0.4
v 5.1 3.9 0.4
v 5.1 4.1 0.4
v 5.1 4.2 0.4
v 5.1 4.4 0.4
v 5.1 4.5 0.4
v 5.1 4.7 0.4
v 5.1 4.8 0.4
v 5.1 5 0.4
v 5.1 5.1 0.4
v 5.1 5.3 0.4
v 5.1 5.4 0.4
v 5.1 5.6 0.4
v 5.1 5.7 0.4
v 5.1 5.9 0.4
v 5.1 6 0.4
v 5.1 6.2 0.4
v 5.1 6.3 0.4
v 5.1 6.5 0.4
v 5.1 6.6 0.4
v 5.1 6.8 0.4
v 5.1 6.9 0.4
v 5.1 7.1 0.4
v 5.1 7.2 0.4
v 5.1 7.4 0.4
v 5.1 7.5 0.4
v 5.1 7.7 0.4
v 5.1 7.8 0.4
v 5.1 8 0.4
v 5.1 8.1 0.4
v 5.1 8.3 0.4
v 5.1 8.4 0.4
v 5.1 8.6 0.4
v 5.1 8.7 0.4
v 5.1 8.9 0.4
v 5.1 9 0.4
v 5.1 9.2 0.4
v 5.1 9.3 0.4
v 5.1 9.5 0.4
v 5.1 9.6 0.4
v -3.2 8.4 0.3
v -3.2 8.6 0.3
v -2.7 8.4 0.3
v -2.7 8.6 0.3
v -2.3 7.5 0.3
v -2.3 7.7 0.3
v -1.8 7.5 0.3
v -1.8 7.7 0.3
v 1.9 2.2 0.3
v 1.9 2.3 0.3
v 2 2.2 0.3
v 2 2.3 0.3
v 2.5 5.7 0.3
v 2.5 5.9 0.3
v 3 5.7 0.3
v 3 5.9 0.3
v -5.1 0 0.1
v -5.1 0.3 0.1
v -5.1 0.5 0.1
v -5.1 0.9 0.1
v -5.1 1.1 0.1
v -5.1 1.5 0.1
v -5.1 1.7 0.1
v -5.1 2.1 0.1
v -5.1 2.3 0.1
v -5.1 2.7 0.1
v -5.1 2.9 0.1
v -5.1 3.3 0.1
v -5.1 3.5 0.1
v -5.1 3.9 0.1
v -5.1 4.1 0.1
v -5.1 4.5 0.1
v -5.1 4.7 0.1
v -5.1 5.1 0.1
v -5.1 5.3 0.1
v -5.1 5.7 0.1
v -5.1 5.9 0.1
v -5.1 6.3 0.1
v -5.1 6.5 0.1
v -5.1 6.9 0.1
v -5.1 7.1 0.1
v -5.1 7.5 0.1
v -5.1 7.7 0.1
v -5.1 8.1 0.1
v -5.1 8.3 0.1
v -5.1 8.7 0.1
v -5.1 8.9 0.1
v -5.1 9.3 0.1
v -5.1 9.5 0.1
v -5.1 9.6 0.1
v -5 0 0.1
v -5 0.2 0.1
v -5 0.6 0.1
v -5 0.8 0.1
v -5 1.2 0.1
v -5 1.4 0.1
v -5 1.8 0.1
v -5 2 0.1
v -5 2.4 0.1
v -5 2.6 0.1
v -5 3 0.1
v -5 3.2 0.1
v -5 3.6 0.1
v -5 3.8 0.1
v -5 4.2 0.1
v -5 4.4 0.1
v -5 4.8 0.1
v -5 5 0.1
v -5 5.4 0.1
v -5 5.6 0.1
v -5 6 0.1
v -5 6.2 0.1
v -5 6.6 0.1
v -5 6.8 0.1
v -5 7.2 0.1
v -5 7.4 0.1
v -5 7.8 0.1
v -5 8 0.1
v -5 8.4 0.1
v -5 8.6 0.1
v -5 9 0.1
v -5 9.2 0.1
v -4.8 0.3 0.1
v -4.8 0.5 0.1
v -4.8 0.9 0.1
v -4.8 1.1 0.1
v -4.8 1.5 0.1
v -4.8 1.7 0.1
v -4.8 2.1 0.1
v -4.8 2.3 0.1
v -4.8 2.7 0.1
v -4.8 2.9 0.1
v -4.8 3.3 0.1
v -4.8 3.5 0.1
v -4.8 3.9 0.1
v -4.8 4.1 0.1
v -4.8 4.5 0.1
v -4.8 4.7 0.1
v -4.8 5.1 0.1
v -4.8 5.3 0.1
v -4.8 5.7 0.1
v -4.8 5.9 0.1
v -4.8 6.3 0.1
v -4.8 6.5 0.1
v -4.8 6.9 0.1
v -4.8 7.1 0.1
v -4.8 7.5 0.1
v -4.8 7.7 0.1
v -4.8 8.1 0.1
v -4.8 8.3 0.1
v -4.8 8.7 0.1
v -4.8 8.9 0.1
v -4.8 9.3 0.1
v -4.8 9.5 0.1
v -4.7 0.3 0.1
v -4.7 0.5 0.1
v -4.7 0.9 0.1
v -4.7 1.1 0.1
v -4.7 1.5 0.1
v -4.7 1.7 0.1
v -4.7 2.1 0.1
v -4.7 2.3 0.1
v -4.7 2.7 0.1
v -4.7 2.9 0.1
v -4.7 3.3 0.1
v -4.7 3.5 0.1
v -4.7 3.9 0.1
v -4.7 4.1 0.1
v -4.7 4.5 0.1
v -4.7 4.7 0.1
v -4.7 5.1 0.1
v -4.7 5.3 0.1
v -4.7 5.7 0.1
v -4.7 5.9 0.1
v -4.7 6.3 0.1
v -4.7 6.5 0.1
v -4.7 6.9 0.1
v -4.7 7.1 0.1
v -4.7 7.5 0.1
v -4.7 7.7 0.1
v -4.7 8.1 0.1
v -4.7 8.3 0.1
v -4.7 8.7 0.1
v -4.7 8.9 0.1
v -4.7 9.3 0.1
v -4.7 9.5 0.1
v -4.6 0.7 0.1
v -4.6 0.8 0.1
v -4.5 0 0.1
v -4.5 0.2 0.1
v -4.5 0.6 0.1
v -4.5 0.7 0.1
v -4.5 0.8 0.1
v -4.5 1.2 0.1
v -4.5 1.4 0.1
v -4.5 1.8 0.1
v -4.5 2 0.1
v -4.5 2.4 0.1
v -4.5 2.6 0.1
v -4.5 3 0.1
v -4.5 3.2 0.1
v -4.5 3.6 0.1
v -4.5 3.8 0.1
v -4.5 4.2 0.1
v -4.5 4.4 0.1
v -4.5 4.8 0.1
v -4.5 5 0.1
v -4.5 5.4 0.1
v -4.5 5.6 0.1
v -4.5 6 0.1
v -4.5 6.2 0.1
v -4.5 6.6 0.1
v -4.5 6.8 0.1
v -4.5 7.2 0.1
v -4.5 7.4 0.1
v -4.5 7.8 0.1
v -4.5 8 0.1
v -4.5 8.4 0.1
v -4.5 8.6 0.1
v -4.5 9 0.1
v -4.5 9.2 0.1
v -4.4 0 0.1
v -4.4 0.2 0.1
v -4.4 0.6 0.1
v -4.4 0.8 0.1
v -4.4 1.2 0.1
v -4.4 1.4 0.1
v -4.4 1.8 0.1
v -4.4 2 0.1
v -4.4 2.4 0.1
v -4.4 2.6 0.1
v -4.4 3 0.1
v -4.4 3.2 0.1
v -4.4 3.6 0.1
v -4.4 3.8 0.1
v -4.4 4.2 0.1
v -4.4 4.4 0.1
v -4.4 4.8 0.1
v -4.4 5 0.1
v -4.4 5.4 0.1
v -4.4 5.6 0.1
v -4.4 6 0.1
v -4.4 6.2 0.1
v -4.4 6.6 0.1
v -4.4 6.8 0.1
v -4.4 7.2 0.1
v -4.4 7.3 0.1
v -4.4 7.4 0.1
v -4.4 7.8 0.1
v -4.4 8 0.1
v -4.4 8.4 0.1
v -4.4 8.6 0.1
v -4.4 9 0.1
v -4.4 9.2 0.1
v -4.3 0.9 0.1
v -4.3 1.1 0.1
v -4.3 7.9 0.1
v -4.3 8 0.1
v -4.2 0.3 0.1
v -4.2 0.5 0.1
v -4.2 0.9 0.1
v -4.2 1.1 0.1
v -4.2 1.5 0.1
v -4.2 1.7 0.1
v -4.2 2.1 0.1
v -4.2 2.3 0.1
v -4.2 2.7 0.1
v -4.2 2.9 0.1
v -4.2 3.3 0.1
v -4.2 3.5 0.1
v -4.2 3.9 0.1
v -4.2 4.1 0.1
v -4.2 4.5 0.1
v -4.2 4.7 0.1
v -4.2 5.1 0.1
v -4.2 5.3 0.1
v -4.2 5.7 0.1
v -4.2 5.9 0.1
v -4.2 6.3 0.1
v -4.2 6.5 0.1
v -4.2 6.9 0.1
v -4.2 7.1 0.1
v -4.2 7.3 0.1
v -4.2 7.4 0.1
v -4.2 7.5 0.1
v -4.2 7.7 0.1
v -4.2 7.8 0.1
v -4.2 7.9 0.1
v -4.2 8.1 0.1
v -4.2 8.3 0.1
v -4.2 8.7 0.1
v -4.2 8.9 0.1
v -4.2 9.3 0.1
v -4.2 9.5 0.1
v -4.1 0.3 0.1
v -4.1 0.5 0.1
v -4.1 0.9 0.1
v -4.1 1.1 0.1
v -4.1 1.5 0.1
v -4.1 1.7 0.1
v -4.1 2.1 0.1
v -4.1 2.3 0.1
v -4.1 2.7 0.1
v -4.1 2.9 0.1
v -4.1 3.3 0.1
v -4.1 3.5 0.1
v -4.1 3.9 0.1
v -4.1 4.1 0.1
v -4.1 4.5 0.1
v -4.1 4.7 0.1
v -4.1 5.1 0.1
v -4.1 5.3 0.1
v -4.1 5.7 0.1
v -4.1 5.9 0.1
v -4.1 6.3 0.1
v -4.1 6.5 0.1
v -4.1 6.9 0.1
v -4.1 7.1 0.1
v -4.1 7.5 0.1
v -4.1 7.6 0.1
v -4.1 7.7 0.1
v -4.1 8.1 0.1
v -4.1 8.3 0.1
v -4.1 8.7 0.1
v -4.1 8.9 0.1
v -4.1 9.3 0.1
v -4.1 9.4 0.1
v -4.1 9.5 0.1
v -4 1.2 0.1
v -4 1.3 0.1
v -4 7.6 0.1
v -4 7.7 0.1
v -3.9 0 0.1
v -3.9 0.2 0.1
v -3.9 0.6 0.1
v -3.9 0.8 0.1
v -3.9 1.2 0.1
v -3.9 1.3 0.1
v -3.9 1.4 0.1
v -3.9 1.8 0.1
v -3.9 2 0.1
v -3.9 2.4 0.1
v -3.9 2.6 0.1
v -3.9 3 0.1
v -3.9 3.2 0.1
v -3.9 3.6 0.1
v -3.9 3.8 0.1
v -3.9 4.2 0.1
v -3.9 4.4 0.1
v -3.9 4.8 0.1
v -3.9 5 0.1
v -3.9 5.4 0.1
v -3.9 5.6 0.1
v -3.9 6 0.1
v -3.9 6.2 0.1
v -3.9 6.6 0.1
v -3.9 6.8 0.1
v -3.9 7.2 0.1
v -3.9 7.4 0.1
v -3.9 7.8 0.1
v -3.9 8 0.1
v -3.9 8.4 0.1
v -3.9 8.6 0.1
v -3.9 9 0.1
v -3.9 9.2 0.1
v -3.9 9.3 0.1
v -3.9 9.4 0.1
v -3.8 0 0.1
v -3.8 0.2 0.1
v -3.8 0.6 0.1
v -3.8 0.8 0.1
v -3.8 1.2 0.1
v -3.8 1.3 0.1
v -3.8 1.4 0.1
v -3.8 1.8 0.1
v -3.8 2 0.1
v -3.8 2.4 0.1
v -3.8 2.6 0.1
v -3.8 3 0.1
v -3.8 3.2 0.1
v -3.8 3.6 0.1
v -3.8 3.8 0.1
v -3.8 4.2 0.1
v -3.8 4.4 0.1
v -3.8 4.8 0.1
v -3.8 5 0.1
v -3.8 5.4 0.1
v -3.8 5.6 0.1
v -3.8 6 0.1
v -3.8 6.2 0.1
v -3.8 6.6 0.1
v -3.8 6.8 0.1
v -3.8 7.2 0.1
v -3.8 7.4 0.1
v -3.8 7.8 0.1
v -3.8 8 0.1
v -3.8 8.4 0.1
v -3.8 8.6 0.1
v -3.8 9 0.1
v -3.8 9.2 0.1
v -3.7 0.6 0.1
v -3.7 0.8 0.1
v -3.6 0.3 0.1
v -3.6 0.5 0.1
v -3.6 0.9 0.1
v -3.6 1.1 0.1
v -3.6 1.5 0.1
v -3.6 1.7 0.1
v -3.6 2.1 0.1
v -3.6 2.3 0.1
v -3.6 2.7 0.1
v -3.6 2.9 0.1
v -3.6 3.3 0.1
v -3.6 3.5 0.1
v -3.6 3.9 0.1
v -3.6 4.1 0.1
v -3.6 4.5 0.1
v -3.6 4.7 0.1
v -3.6 5.1 0.1
v -3.6 5.3 0.1
v -3.6 5.7 0.1
v -3.6 5.9 0.1
v -3.6 6.3 0.1
v -3.6 6.5 0.1
v -3.6 6.9 0.1
v -3.6 7.1 0.1
v -3.6 7.5 0.1
v -3.6 7.7 0.1
v -3.6 8.1 0.1
v -3.6 8.3 0.1
v -3.6 8.7 0.1
v -3.6 8.9 0.1
v -3.6 9.3 0.1
v -3.6 9.5 0.1
v -3.5 0.3 0.1
v -3.5 0.5 0.1
v -3.5 0.9 0.1
v -3.5 1 0.1
v -3.5 1.1 0.1
v -3.5 1.2 0.1
v -3.5 1.3 0.1
v -3.5 1.5 0.1
v -3.5 1.7 0.1
v -3.5 2.1 0.1
v -3.5 2.3 0.1
v -3.5 2.7 0.1
v -3.5 2.9 0.1
v -3.5 3.3 0.1
v -3.5 3.5 0.1
v -3.5 3.9 0.1
v -3.5 4.1 0.1
v -3.5 4.5 0.1
v -3.5 4.7 0.1
v -3.5 5.1 0.1
v -3.5 5.3 0.1
v -3.5 5.7 0.1
v -3.5 5.9 0.1
v -3.5 6.3 0.1
v -3.5 6.5 0.1
v -3.5 6.9 0.1
v -3.5 7.1 0.1
v -3.5 7.5 0.1
v -3.5 7.7 0.1
v -3.5 8.1 0.1
v -3.5 8.3 0.1
v -3.5 8.7 0.1
v -3.5 8.9 0.1
v -3.5 9.3 0.1
v -3.5 9.5 0.1
v -3.4 1 0.1
v -3.4 1.1 0.1
v -3.4 5.4 0.1
v -3.4 5.6 0.1
v -3.4 8.4 0.1
v -3.4 8.5 0.1
v -3.3 0 0.1
v -3.3 0.2 0.1
v -3.3 0.6 0.1
v -3.3 0.8 0.1
v -3.3 1.2 0.1
v -3.3 1.4 0.1
v -3.3 1.8 0.1
v -3.3 2 0.1
v -3.3 2.4 0.1
v -3.3 2.6 0.1
v -3.3 3 0.1
v -3.3 3.2 0.1
v -3.3 3.6 0.1
v -3.3 3.8 0.1
v -3.3 4.2 0.1
v -3.3 4.4 0.1
v -3.3 4.8 0.1
v -3.3 5 0.1
v -3.3 5.4 0.1
v -3.3 5.6 0.1
v -3.3 6 0.1
v -3.3 6.2 0.1
v -3.3 6.6 0.1
v -3.3 6.8 0.1
v -3.3 7.2 0.1
v -3.3 7.4 0.1
v -3.3 7.8 0.1
v -3.3 8 0.1
v -3.3 8.4 0.1
v -3.3 8.5 0.1
v -3.3 8.6 0.1
v -3.3 9 0.1
v -3.3 9.2 0.1
v -3.2 0 0.1
v -3.2 0.2 0.1
v -3.2 0.6 0.1
v -3.2 0.8 0.1
v -3.2 1.2 0.1
v -3.2 1.4 0.1
v -3.2 1.8 0.1
v -3.2 2 0.1
v -3.2 2.4 0.1
v -3.2 2.6 0.1
v -3.2 3 0.1
v -3.2 3.2 0.1
v -3.2 3.6 0.1
v -3.2 3.8 0.1
v -3.2 4.2 0.1
v -3.2 4.4 0.1
v -3.2 4.8 0.1
v -3.2 5 0.1
v -3.2 5.4 0.1
v -3.2 5.6 0.1
v -3.2 5.7 0.1
v -3.2 5.8 0.1
v -3.2 6 0.1
v -3.2 6.2 0.1
v -3.2 6.6 0.1
v -3.2 6.8 0.1
v -3.2 7.2 0.1
v -3.2 7.4 0.1
v -3.2 7.8 0.1
v -3.2 8 0.1
v -3.2 8.4 0.1
v -3.2 8.6 0.1
v -3.2 9 0.1
v -3.2 9.2 0.1
v -3.1 5.2 0.1
v -3.1 5.3 0.1
v -3 0.3 0.1
v -3 0.5 0.1
v -3 0.9 0.1
v -3 1.1 0.1
v -3 1.5 0.1
v -3 1.7 0.1
v -3 2.1 0.1
v -3 2.3 0.1
v -3 2.7 0.1
v -3 2.9 0.1
v -3 3.3 0.1
v -3 3.5 0.1
v -3 3.9 0.1
v -3 4.1 0.1
v -3 4.5 0.1
v -3 4.7 0.1
v -3 5.1 0.1
v -3 5.2 0.1
v -3 5.3 0.1
v -3 5.7 0.1
v -3 5.8 0.1
v -3 5.9 0.1
v -3 6.3 0.1
v -3 6.5 0.1
v -3 6.9 0.1
v -3 7.1 0.1
v -3 7.5 0.1
v -3 7.7 0.1
v -3 8.1 0.1
v -3 8.3 0.1
v -3 8.7 0.1
v -3 8.9 0.1
v -3 9.3 0.1
v -3 9.5 0.1
v -2.9 0.3 0.1
v -2.9 0.5 0.1
v -2.9 0.9 0.1
v -2.9 1.1 0.1
v -2.9 1.5 0.1
v -2.9 1.7 0.1
v -2.9 2.1 0.1
v -2.9 2.3 0.1
v -2.9 2.7 0.1
v -2.9 2.9 0.1
v -2.9 3.3 0.1
v -2.9 3.5 0.1
v -2.9 3.9 0.1
v -2.9 4.1 0.1
v -2.9 4.5 0.1
v -2.9 4.7 0.1
v -2.9 5.1 0.1
v -2.9 5.3 0.1
v -2.9 5.7 0.1
v -2.9 5.8 0.1
v -2.9 5.9 0.1
v -2.9 6.3 0.1
v -2.9 6.5 0.1
v -2.9 6.9 0.1
v -2.9 7.1 0.1
v -2.9 7.5 0.1
v -2.9 7.7 0.1
v -2.9 8.1 0.1
v -2.9 8.3 0.1
v -2.9 8.7 0.1
v -2.9 8.8 0.1
v -2.9 8.9 0.1
v -2.9 9.3 0.1
v -2.9 9.5 0.1
v -2.8 8.7 0.1
v -2.8 8.8 0.1
v -2.7 0 0.1
v -2.7 0.2 0.1
v -2.7 0.6 0.1
v -2.7 0.8 0.1
v -2.7 1.2 0.1
v -2.7 1.4 0.1
v -2.7 1.8 0.1
v -2.7 2 0.1
v -2.7 2.4 0.1
v -2.7 2.6 0.1
v -2.7 3 0.1
v -2.7 3.2 0.1
v -2.7 3.6 0.1
v -2.7 3.8 0.1
v -2.7 4.2 0.1
v -2.7 4.4 0.1
v -2.7 4.8 0.1
v -2.7 5 0.1
v -2.7 5.4 0.1
v -2.7 5.6 0.1
v -2.7 5.7 0.1
v -2.7 5.8 0.1
v -2.7 6 0.1
v -2.7 6.2 0.1
v -2.7 6.6 0.1
v -2.7 6.8 0.1
v -2.7 7.2 0.1
v -2.7 7.4 0.1
v -2.7 7.8 0.1
v -2.7 8 0.1
v -2.7 8.4 0.1
v -2.7 8.6 0.1
v -2.7 9 0.1
v -2.7 9.2 0.1
v -2.6 0 0.1
v -2.6 0.2 0.1
v -2.6 0.6 0.1
v -2.6 0.8 0.1
v -2.6 1.2 0.1
v -2.6 1.4 0.1
v -2.6 1.8 0.1
v -2.6 2 0.1
v -2.6 2.4 0.1
v -2.6 2.6 0.1
v -2.6 3 0.1
v -2.6 3.2 0.1
v -2.6 3.6 0.1
v -2.6 3.8 0.1
v -2.6 4.2 0.1
v -2.6 4.4 0.1
v -2.6 4.8 0.1
v -2.6 5 0.1
v -2.6 5.4 0.1
v -2.6 5.5 0.1
v -2.6 5.6 0.1
v -2.6 6 0.1
v -2.6 6.2 0.1
v -2.6 6.6 0.1
v -2.6 6.8 0.1
v -2.6 7.2 0.1
v -2.6 7.4 0.1
v -2.6 7.8 0.1
v -2.6 8 0.1
v -2.6 8.4 0.1
v -2.6 8.6 0.1
v -2.6 9 0.1
v -2.6 9.2 0.1
v -2.5 5.5 0.1
v -2.5 5.6 0.1
v -2.4 0.3 0.1
v -2.4 0.5 0.1
v -2.4 0.9 0.1
v -2.4 1.1 0.1
v -2.4 1.5 0.1
v -2.4 1.7 0.1
v -2.4 2.1 0.1
v -2.4 2.3 0.1
v -2.4 2.7 0.1
v -2.4 2.9 0.1
v -2.4 3.3 0.1
v -2.4 3.5 0.1
v -2.4 3.9 0.1
v -2.4 4.1 0.1
v -2.4 4.5 0.1
v -2.4 4.7 0.1
v -2.4 5.1 0.1
v -2.4 5.3 0.1
v -2.4 5.7 0.1
v -2.4 5.9 0.1
v -2.4 6.3 0.1
v -2.4 6.5 0.1
v -2.4 6.9 0.1
v -2.4 7.1 0.1
v -2.4 7.5 0.1
v -2.4 7.7 0.1
v -2.4 8.1 0.1
v -2.4 8.3 0.1
v -2.4 8.7 0.1
v -2.4 8.9 0.1
v -2.4 9.3 0.1
v -2.4 9.5 0.1
v -2.3 0.3 0.1
v -2.3 0.5 0.1
v -2.3 0.9 0.1
v -2.3 1.1 0.1
v -2.3 1.5 0.1
v -2.3 1.7 0.1
v -2.3 2.1 0.1
v -2.3 2.3 0.1
v -2.3 2.7 0.1
v -2.3 2.9 0.1
v -2.3 3.3 0.1
v -2.3 3.5 0.1
v -2.3 3.9 0.1
v -2.3 4.1 0.1
v -2.3 4.5 0.1
v -2.3 4.7 0.1
v -2.3 5.1 0.1
v -2.3 5.3 0.1
v -2.3 5.7 0.1
v -2.3 5.9 0.1
v -2.3 6.3 0.1
v -2.3 6.5 0.1
v -2.3 6.9 0.1
v -2.3 7.1 0.1
v -2.3 7.5 0.1
v -2.3 7.7 0.1
v -2.3 8.1 0.1
v -2.3 8.3 0.1
v -2.3 8.7 0.1
v -2.3 8.9 0.1
v -2.3 9.3 0.1
v -2.3 9.5 0.1
v -2.1 0 0.1
v -2.1 0.2 0.1
v -2.1 0.6 0.1
v -2.1 0.8 0.1
v -2.1 1.2 0.1
v -2.1 1.4 0.1
v -2.1 1.8 0.1
v -2.1 2 0.1
v -2.1 2.4 0.1
v -2.1 2.6 0.1
v -2.1 3 0.1
v -2.1 3.2 0.1
v -2.1 3.6 0.1
v -2.1 3.8 0.1
v -2.1 4.2 0.1
v -2.1 4.4 0.1
v -2.1 4.8 0.1
v -2.1 5 0.1
v -2.1 5.4 0.1
v -2.1 5.6 0.1
v -2.1 6 0.1
v -2.1 6.2 0.1
v -2.1 6.6 0.1
v -2.1 6.8 0.1
v -2.1 7.2 0.1
v -2.1 7.4 0.1
v -2.1 7.8 0.1
v -2.1 8 0.1
v -2.1 8.4 0.1
v -2.1 8.6 0.1
v -2.1 9 0.1
v -2.1 9.2 0.1
v -2 0 0.1
v -2 0.2 0.1
v -2 0.6 0.1
v -2 0.8 0.1
v -2 1.2 0.1
v -2 1.4 0.1
v -2 1.8 0.1
v -2 2 0.1
v -2 2.4 0.1
v -2 2.6 0.1
v -2 3 0.1
v -2 3.2 0.1
v -2 3.6 0.1
v -2 3.8 0.1
v -2 4.2 0.1
v -2 4.4 0.1
v -2 4.8 0.1
v -2 5 0.1
v -2 5.4 0.1
v -2 5.6 0.1
v -2 6 0.1
v -2 6.2 0.1
v -2 6.6 0.1
v -2 6.8 0.1
v -2 7.2 0.1
v -2 7.4 0.1
v -2 7.8 0.1
v -2 8 0.1
v -2 8.4 0.1
v -2 8.6 0.1
v -2 9 0.1
v -2 9.2 0.1
v -1.8 0.3 0.1
v -1.8 0.5 0.1
v -1.8 0.9 0.1
v -1.8 1.1 0.1
v -1.8 1.5 0.1
v -1.8 1.7 0.1
v -1.8 2.1 0.1
v -1.8 2.3 0.1
v -1.8 2.7 0.1
v -1.8 2.9 0.1
v -1.8 3.3 0.1
v -1.8 3.5 0.1
v -1.8 3.9 0.1
v -1.8 4.1 0.1
v -1.8 4.5 0.1
v -1.8 4.7 0.1
v -1.8 5.1 0.1
v -1.8 5.3 0.1
v -1.8 5.7 0.1
v -1.8 5.9 0.1
v -1.8 6.3 0.1
v -1.8 6.5 0.1
v -1.8 6.9 0.1
v -1.8 7.1 0.1
v -1.8 7.5 0.1
v -1.8 7.7 0.1
v -1.8 8.1 0.1
v -1.8 8.3 0.1
v -1.8 8.7 0.1
v -1.8 8.9 0.1
v -1.8 9.3 0.1
v -1.8 9.5 0.1
v -1.7 0.3 0.1
v -1.7 0.5 0.1
v -1.7 0.9 0.1
v -1.7 1.1 0.1
v -1.7 1.5 0.1
v -1.7 1.7 0.1
v -1.7 1.8 0.1
v -1.7 1.9 0.1
v -1.7 2.1 0.1
v -1.7 2.3 0.1
v -1.7 2.7 0.1
v -1.7 2.9 0.1
v -1.7 3.3 0.1
v -1.7 3.5 0.1
v -1.7 3.9 0.1
v -1.7 4.1 0.1
v -1.7 4.5 0.1
v -1.7 4.7 0.1
v -1.7 5.1 0.1
v -1.7 5.3 0.1
v -1.7 5.7 0.1
v -1.7 5.9 0.1
v -1.7 6.3 0.1
v -1.7 6.5 0.1
v -1.7 6.9 0.1
v -1.7 7.1 0.1
v -1.7 7.5 0.1
v -1.7 7.7 0.1
v -1.7 8.1 0.1
v -1.7 8.3 0.1
v -1.7 8.7 0.1
v -1.7 8.9 0.1
v -1.7 9.3 0.1
v -1.7 9.5 0.1
v -1.6 1.3 0.1
v -1.6 1.4 0.1
v -1.6 1.9 0.1
v -1.6 2 0.1
v -1.5 0 0.1
v -1.5 0.2 0.1
v -1.5 0.6 0.1
v -1.5 0.8 0.1
v -1.5 1.2 0.1
v -1.5 1.3 0.1
v -1.5 1.4 0.1
v -1.5 1.8 0.1
v -1.5 2 0.1
v -1.5 2.4 0.1
v -1.5 2.6 0.1
v -1.5 3 0.1
v -1.5 3.2 0.1
v -1.5 3.6 0.1
v -1.5 3.8 0.1
v -1.5 4.2 0.1
v -1.5 4.4 0.1
v -1.5 4.8 0.1
v -1.5 5 0.1
v -1.5 5.4 0.1
v -1.5 5.6 0.1
v -1.5 6 0.1
v -1.5 6.2 0.1
v -1.5 6.6 0.1
v -1.5 6.8 0.1
v -1.5 7.2 0.1
v -1.5 7.4 0.1
v -1.5 7.8 0.1
v -1.5 8 0.1
v -1.5 8.4 0.1
v -1.5 8.6 0.1
v -1.5 9 0.1
v -1.5 9.2 0.1
v -1.4 0 0.1
v -1.4 0.2 0.1
v -1.4 0.6 0.1
v -1.4 0.8 0.1
v -1.4 1.2 0.1
v -1.4 1.4 0.1
v -1.4 1.8 0.1
v -1.4 2 0.1
v -1.4 2.1 0.1
v -1.4 2.2 0.1
v -1.4 2.4 0.1
v -1.4 2.6 0.1
v -1.4 3 0.1
v -1.4 3.2 0.1
v -1.4 3.6 0.1
v -1.4 3.8 0.1
v -1.4 4.2 0.1
v -1.4 4.4 0.1
v -1.4 4.8 0.1
v -1.4 5 0.1
v -1.4 5.4 0.1
v -1.4 5.6 0.1
v -1.4 6 0.1
v -1.4 6.2 0.1
v -1.4 6.6 0.1
v -1.4 6.8 0.1
v -1.4 7.2 0.1
v -1.4 7.4 0.1
v -1.4 7.8 0.1
v -1.4 8 0.1
v -1.4 8.4 0.1
v -1.4 8.6 0.1
v -1.4 9 0.1
v -1.4 9.2 0.1
v -1.2 0.3 0.1
v -1.2 0.5 0.1
v -1.2 0.9 0.1
v -1.2 1.1 0.1
v -1.2 1.5 0.1
v -1.2 1.7 0.1
v -1.2 2.1 0.1
v -1.2 2.2 0.1
v -1.2 2.3 0.1
v -1.2 2.7 0.1
v -1.2 2.9 0.1
v -1.2 3.3 0.1
v -1.2 3.5 0.1
v -1.2 3.9 0.1
v -1.2 4.1 0.1
v -1.2 4.5 0.1
v -1.2 4.7 0.1
v -1.2 5.1 0.1
v -1.2 5.3 0.1
v -1.2 5.7 0.1
v -1.2 5.9 0.1
v -1.2 6.3 0.1
v -1.2 6.5 0.1
v -1.2 6.9 0.1
v -1.2 7.1 0.1
v -1.2 7.5 0.1
v -1.2 7.7 0.1
v -1.2 8.1 0.1
v -1.2 8.3 0.1
v -1.2 8.7 0.1
v -1.2 8.9 0.1
v -1.2 9.3 0.1
v -1.2 9.5 0.1
v -1.1 0.3 0.1
v -1.1 0.5 0.1
v -1.1 0.9 0.1
v -1.1 1.1 0.1
v -1.1 1.5 0.1
v -1.1 1.6 0.1
v -1.1 1.7 0.1
v -1.1 2.1 0.1
v -1.1 2.3 0.1
v -1.1 2.7 0.1
v -1.1 2.9 0.1
v -1.1 3.3 0.1
v -1.1 3.5 0.1
v -1.1 3.9 0.1
v -1.1 4.1 0.1
v -1.1 4.5 0.1
v -1.1 4.7 0.1
v -1.1 5.1 0.1
v -1.1 5.3 0.1
v -1.1 5.7 0.1
v -1.1 5.9 0.1
v -1.1 6.3 0.1
v -1.1 6.5 0.1
v -1.1 6.9 0.1
v -1.1 7.1 0.1
v -1.1 7.5 0.1
v -1.1 7.7 0.1
v -1.1 8.1 0.1
v -1.1 8.3 0.1
v -1.1 8.7 0.1
v -1.1 8.9 0.1
v -1.1 9.3 0.1
v -1.1 9.5 0.1
v -1 0.7 0.1
v -1 0.8 0.1
v -1 1.6 0.1
v -1 1.7 0.1
v -0.9 0 0.1
v -0.9 0.2 0.1
v -0.9 0.6 0.1
v -0.9 0.7 0.1
v -0.9 0.8 0.1
v -0.9 1.2 0.1
v -0.9 1.4 0.1
v -0.9 1.8 0.1
v -0.9 2 0.1
v -0.9 2.4 0.1
v -0.9 2.6 0.1
v -0.9 3 0.1
v -0.9 3.2 0.1
v -0.9 3.6 0.1
v -0.9 3.8 0.1
v -0.9 4.2 0.1
v -0.9 4.4 0.1
v -0.9 4.8 0.1
v -0.9 5 0.1
v -0.9 5.4 0.1
v -0.9 5.6 0.1
v -0.9 6 0.1
v -0.9 6.2 0.1
v -0.9 6.6 0.1
v -0.9 6.8 0.1
v -0.9 7.2 0.1
v -0.9 7.4 0.1
v -0.9 7.8 0.1
v -0.9 8 0.1
v -0.9 8.4 0.1
v -0.9 8.6 0.1
v -0.9 9 0.1
v -0.9 9.2 0.1
v -0.8 0 0.1
v -0.8 0.2 0.1
v -0.8 0.6 0.1
v -0.8 0.8 0.1
v -0.8 1.2 0.1
v -0.8 1.4 0.1
v -0.8 1.8 0.1
v -0.8 2 0.1
v -0.8 2.4 0.1
v -0.8 2.6 0.1
v -0.8 3 0.1
v -0.8 3.2 0.1
v -0.8 3.6 0.1
v -0.8 3.8 0.1
v -0.8 4.2 0.1
v -0.8 4.4 0.1
v -0.8 4.8 0.1
v -0.8 5 0.1
v -0.8 5.4 0.1
v -0.8 5.6 0.1
v -0.8 6 0.1
v -0.8 6.2 0.1
v -0.8 6.6 0.1
v -0.8 6.8 0.1
v -0.8 7.2 0.1
v -0.8 7.4 0.1
v -0.8 7.8 0.1
v -0.8 8 0.1
v -0.8 8.4 0.1
v -0.8 8.6 0.1
v -0.8 9 0.1
v -0.8 9.2 0.1
v -0.7 0.4 0.1
v -0.7 0.5 0.1
v -0.7 1.8 0.1
v -0.7 2 0.1
v -0.7 5.1 0.1
v -0.7 5.2 0.1
v -0.6 0.3 0.1
v -0.6 0.4 0.1
v -0.6 0.5 0.1
v -0.6 0.9 0.1
v -0.6 1.1 0.1
v -0.6 1.5 0.1
v -0.6 1.7 0.1
v -0.6 2.1 0.1
v -0.6 2.3 0.1
v -0.6 2.7 0.1
v -0.6 2.9 0.1
v -0.6 3.3 0.1
v -0.6 3.5 0.1
v -0.6 3.9 0.1
v -0.6 4.1 0.1
v -0.6 4.5 0.1
v -0.6 4.7 0.1
v -0.6 5.1 0.1
v -0.6 5.2 0.1
v -0.6 5.3 0.1
v -0.6 5.7 0.1
v -0.6 5.9 0.1
v -0.6 6.3 0.1
v -0.6 6.5 0.1
v -0.6 6.9 0.1
v -0.6 7.1 0.1
v -0.6 7.5 0.1
v -0.6 7.7 0.1
v -0.6 8.1 0.1
v -0.6 8.3 0.1
v -0.6 8.7 0.1
v -0.6 8.9 0.1
v -0.6 9.3 0.1
v -0.6 9.5 0.1
v -0.5 0.3 0.1
v -0.5 0.5 0.1
v -0.5 0.9 0.1
v -0.5 1.1 0.1
v -0.5 1.5 0.1
v -0.5 1.7 0.1
v -0.5 2.1 0.1
v -0.5 2.3 0.1
v -0.5 2.7 0.1
v -0.5 2.9 0.1
v -0.5 3.3 0.1
v -0.5 3.5 0.1
v -0.5 3.9 0.1
v -0.5 4.1 0.1
v -0.5 4.5 0.1
v -0.5 4.7 0.1
v -0.5 5.1 0.1
v -0.5 5.3 0.1
v -0.5 5.7 0.1
v -0.5 5.9 0.1
v -0.5 6.3 0.1
v -0.5 6.5 0.1
v -0.5 6.9 0.1
v -0.5 7.1 0.1
v -0.5 7.5 0.1
v -0.5 7.7 0.1
v -0.5 8.1 0.1
v -0.5 8.3 0.1
v -0.5 8.7 0.1
v -0.5 8.9 0.1
v -0.5 9.3 0.1
v -0.5 9.5 0.1
v -0.4 4.9 0.1
v -0.4 5 0.1
v -0.3 0 0.1
v -0.3 0.2 0.1
v -0.3 0.6 0.1
v -0.3 0.8 0.1
v -0.3 1.2 0.1
v -0.3 1.4 0.1
v -0.3 1.8 0.1
v -0.3 2 0.1
v -0.3 2.4 0.1
v -0.3 2.6 0.1
v -0.3 3 0.1
v -0.3 3.2 0.1
v -0.3 3.6 0.1
v -0.3 3.8 0.1
v -0.3 4.2 0.1
v -0.3 4.4 0.1
v -0.3 4.8 0.1
v -0.3 4.9 0.1
v -0.3 5 0.1
v -0.3 5.4 0.1
v -0.3 5.6 0.1
v -0.3 6 0.1
v -0.3 6.2 0.1
v -0.3 6.6 0.1
v -0.3 6.8 0.1
v -0.3 7.2 0.1
v -0.3 7.4 0.1
v -0.3 7.8 0.1
v -0.3 8 0.1
v -0.3 8.4 0.1
v -0.3 8.6 0.1
v -0.3 9 0.1
v -0.3 9.2 0.1
v -0.2 0 0.1
v -0.2 0.2 0.1
v -0.2 0.6 0.1
v -0.2 0.7 0.1
v -0.2 0.8 0.1
v -0.2 1.2 0.1
v -0.2 1.4 0.1
v -0.2 1.8 0.1
v -0.2 2 0.1
v -0.2 2.4 0.1
v -0.2 2.6 0.1
v -0.2 3 0.1
v -0.2 3.2 0.1
v -0.2 3.6 0.1
v -0.2 3.8 0.1
v -0.2 4.2 0.1
v -0.2 4.4 0.1
v -0.2 4.8 0.1
v -0.2 4.9 0.1
v -0.2 5 0.1
v -0.2 5.4 0.1
v -0.2 5.6 0.1
v -0.2 6 0.1
v -0.2 6.2 0.1
v -0.2 6.6 0.1
v -0.2 6.8 0.1
v -0.2 7.2 0.1
v -0.2 7.4 0.1
v -0.2 7.8 0.1
v -0.2 8 0.1
v -0.2 8.4 0.1
v -0.2 8.6 0.1
v -0.2 9 0.1
v -0.2 9.2 0.1
v -0.0999997 0.6 0.1
v -0.0999997 0.7 0.1
v 2.68221e-007 0.3 0.1
v 2.68221e-007 0.5 0.1
v 2.68221e-007 0.9 0.1
v 2.68221e-007 1.1 0.1
v 2.68221e-007 1.5 0.1
v 2.68221e-007 1.7 0.1
v 2.68221e-007 2.1 0.1
v 2.68221e-007 2.3 0.1
v 2.68221e-007 2.7 0.1
v 2.68221e-007 2.9 0.1
v 2.68221e-007 3.3 0.1
v 2.68221e-007 3.5 0.1
v 2.68221e-007 3.9 0.1
v 2.68221e-007 4.1 0.1
v 2.68221e-007 4.5 0.1
v 2.68221e-007 4.7 0.1
v 2.68221e-007 4.9 0.1
v 2.68221e-007 5 0.1
v 2.68221e-007 5.1 0.1
v 2.68221e-007 5.3 0.1
v 2.68221e-007 5.7 0.1
v 2.68221e-007 5.9 0.1
v 2.68221e-007 6.3 0.1
v 2.68221e-007 6.5 0.1
v 2.68221e-007 6.9 0.1
v 2.68221e-007 7.1 0.1
v 2.68221e-007 7.5 0.1
v 2.68221e-007 7.7 0.1
v 2.68221e-007 8.1 0.1
v 2.68221e-007 8.3 0.1
v 2.68221e-007 8.7 0.1
v 2.68221e-007 8.9 0.1
v 2.68221e-007 9.3 0.1
v 2.68221e-007 9.5 0.1
v 0.1 0.3 0.1
v 0.1 0.5 0.1
v 0.1 0.9 0.1
v 0.1 1.1 0.1
v 0.1 1.5 0.1
v 0.1 1.7 0.1
v 0.1 2.1 0.1
v 0.1 2.3 0.1
v 0.1 2.7 0.1
v 0.1 2.9 0.1
v 0.1 3.3 0.1
v 0.1 3.5 0.1
v 0.1 3.9 0.1
v 0.1 4.1 0.1
v 0.1 4.5 0.1
v 0.1 4.7 0.1
v 0.1 5.1 0.1
v 0.1 5.2 0.1
v 0.1 5.3 0.1
v 0.1 5.7 0.1
v 0.1 5.9 0.1
v 0.1 6.3 0.1
v 0.1 6.5 0.1
v 0.1 6.9 0.1
v 0.1 7.1 0.1
v 0.1 7.5 0.1
v 0.1 7.7 0.1
v 0.1 8.1 0.1
v 0.1 8.3 0.1
v 0.1 8.7 0.1
v 0.1 8.9 0.1
v 0.1 9.3 0.1
v 0.1 9.5 0.1
v 0.2 5.1 0.1
v 0.2 5.2 0.1
v 0.3 0 0.1
v 0.3 0.2 0.1
v 0.3 0.6 0.1
v 0.3 0.8 0.1
v 0.3 1.2 0.1
v 0.3 1.4 0.1
v 0.3 1.8 0.1
v 0.3 2 0.1
v 0.3 2.4 0.1
v 0.3 2.6 0.1
v 0.3 3 0.1
v 0.3 3.2 0.1
v 0.3 3.6 0.1
v 0.3 3.8 0.1
v 0.3 4.2 0.1
v 0.3 4.4 0.1
v 0.3 4.8 0.1
v 0.3 5 0.1
v 0.3 5.4 0.1
v 0.3 5.6 0.1
v 0.3 6 0.1
v 0.3 6.2 0.1
v 0.3 6.6 0.1
v 0.3 6.8 0.1
v 0.3 7.2 0.1
v 0.3 7.4 0.1
v 0.3 7.8 0.1
v 0.3 8 0.1
v 0.3 8.4 0.1
v 0.3 8.6 0.1
v 0.3 9 0.1
v 0.3 9.2 0.1
v 0.4 0 0.1
v 0.4 0.2 0.1
v 0.4 0.6 0.1
v 0.4 0.8 0.1
v 0.4 1.2 0.1
v 0.4 1.4 0.1
v 0.4 1.8 0.1
v 0.4 2 0.1
v 0.4 2.4 0.1
v 0.4 2.6 0.1
v 0.4 3 0.1
v 0.4 3.2 0.1
v 0.4 3.6 0.1
v 0.4 3.8 0.1
v 0.4 4.2 0.1
v 0.4 4.4 0.1
v 0.4 4.8 0.1
v 0.4 5 0.1
v 0.4 5.4 0.1
v 0.4 5.6 0.1
v 0.4 6 0.1
v 0.4 6.2 0.1
v 0.4 6.6 0.1
v 0.4 6.8 0.1
v 0.4 7.2 0.1
v 0.4 7.4 0.1
v 0.4 7.8 0.1
v 0.4 8 0.1
v 0.4 8.4 0.1
v 0.4 8.6 0.1
v 0.4 9 0.1
v 0.4 9.2 0.1
v 0.5 9 0.1
v 0.5 9.2 0.1
v 0.6 0.3 0.1
v 0.6 0.5 0.1
v 0.6 0.9 0.1
v 0.6 1.1 0.1
v 0.6 1.5 0.1
v 0.6 1.7 0.1
v 0.6 2.1 0.1
v 0.6 2.3 0.1
v 0.6 2.7 0.1
v 0.6 2.9 0.1
v 0.6 3.3 0.1
v 0.6 3.5 0.1
v 0.6 3.9 0.1
v 0.6 4.1 0.1
v 0.6 4.5 0.1
v 0.6 4.7 0.1
v 0.6 5.1 0.1
v 0.6 5.3 0.1
v 0.6 5.7 0.1
v 0.6 5.9 0.1
v 0.6 6.3 0.1
v 0.6 6.5 0.1
v 0.6 6.9 0.1
v 0.6 7.1 0.1
v 0.6 7.5 0.1
v 0.6 7.7 0.1
v 0.6 8.1 0.1
v 0.6 8.3 0.1
v 0.6 8.7 0.1
v 0.6 8.9 0.1
v 0.6 9.3 0.1
v 0.6 9.5 0.1
v 0.7 0.3 0.1
v 0.7 0.5 0.1
v 0.7 0.9 0.1
v 0.7 1.1 0.1
v 0.7 1.5 0.1
v 0.7 1.7 0.1
v 0.7 1.8 0.1
v 0.7 1.9 0.1
v 0.7 2.1 0.1
v 0.7 2.3 0.1
v 0.7 2.7 0.1
v 0.7 2.9 0.1
v 0.7 3.3 0.1
v 0.7 3.5 0.1
v 0.7 3.9 0.1
v 0.7 4.1 0.1
v 0.7 4.5 0.1
v 0.7 4.7 0.1
v 0.7 5.1 0.1
v 0.7 5.3 0.1
v 0.7 5.7 0.1
v 0.7 5.9 0.1
v 0.7 6.3 0.1
v 0.7 6.5 0.1
v 0.7 6.9 0.1
v 0.7 7.1 0.1
v 0.7 7.5 0.1
v 0.7 7.7 0.1
v 0.7 8.1 0.1
v 0.7 8.3 0.1
v 0.7 8.7 0.1
v 0.7 8.9 0.1
v 0.7 9.3 0.1
v 0.7 9.5 0.1
v 0.8 5.4 0.1
v 0.8 5.6 0.1
v 0.8 8.7 0.1
v 0.8 8.9 0.1
v 0.9 0 0.1
v 0.9 0.2 0.1
v 0.9 0.6 0.1
v 0.9 0.8 0.1
v 0.9 1.2 0.1
v 0.9 1.4 0.1
v 0.9 1.8 0.1
v 0.9 1.9 0.1
v 0.9 2 0.1
v 0.9 2.4 0.1
v 0.9 2.6 0.1
v 0.9 3 0.1
v 0.9 3.2 0.1
v 0.9 3.6 0.1
v 0.9 3.8 0.1
v 0.9 4.2 0.1
v 0.9 4.4 0.1
v 0.9 4.8 0.1
v 0.9 5 0.1
v 0.9 5.4 0.1
v 0.9 5.6 0.1
v 0.9 6 0.1
v 0.9 6.2 0.1
v 0.9 6.6 0.1
v 0.9 6.8 0.1
v 0.9 7.2 0.1
v 0.9 7.4 0.1
v 0.9 7.8 0.1
v 0.9 8 0.1
v 0.9 8.4 0.1
v 0.9 8.6 0.1
v 0.9 9 0.1
v 0.9 9.2 0.1
v 1 0 0.1
v 1 0.2 0.1
v 1 0.6 0.1
v 1 0.8 0.1
v 1 1.2 0.1
v 1 1.4 0.1
v 1 1.8 0.1
v 1 1.9 0.1
v 1 2 0.1
v 1 2.4 0.1
v 1 2.6 0.1
v 1 3 0.1
v 1 3.2 0.1
v 1 3.6 0.1
v 1 3.8 0.1
v 1 4.2 0.1
v 1 4.4 0.1
v 1 4.8 0.1
v 1 5 0.1
v 1 5.4 0.1
v 1 5.6 0.1
v 1 6 0.1
v 1 6.2 0.1
v 1 6.6 0.1
v 1 6.8 0.1
v 1 7.2 0.1
v 1 7.4 0.1
v 1 7.8 0.1
v 1 8 0.1
v 1 8.4 0.1
v 1 8.6 0.1
v 1 9 0.1
v 1 9.2 0.1
v 1.1 4.6 0.1
v 1.1 4.7 0.1
v 1.2 0.3 0.1
v 1.2 0.5 0.1
v 1.2 0.9 0.1
v 1.2 1.1 0.1
v 1.2 1.5 0.1
v 1.2 1.7 0.1
v 1.2 1.8 0.1
v 1.2 1.9 0.1
v 1.2 2.1 0.1
v 1.2 2.3 0.1
v 1.2 2.7 0.1
v 1.2 2.9 0.1
v 1.2 3.3 0.1
v 1.2 3.5 0.1
v 1.2 3.9 0.1
v 1.2 4.1 0.1
v 1.2 4.5 0.1
v 1.2 4.6 0.1
v 1.2 4.7 0.1
v 1.2 5.1 0.1
v 1.2 5.3 0.1
v 1.2 5.7 0.1
v 1.2 5.9 0.1
v 1.2 6.3 0.1
v 1.2 6.5 0.1
v 1.2 6.9 0.1
v 1.2 7.1 0.1
v 1.2 7.5 0.1
v 1.2 7.7 0.1
v 1.2 8.1 0.1
v 1.2 8.3 0.1
v 1.2 8.7 0.1
v 1.2 8.9 0.1
v 1.2 9.3 0.1
v 1.2 9.5 0.1
v 1.3 0.3 0.1
v 1.3 0.5 0.1
v 1.3 0.9 0.1
v 1.3 1.1 0.1
v 1.3 1.5 0.1
v 1.3 1.6 0.1
v 1.3 1.7 0.1
v 1.3 2.1 0.1
v 1.3 2.3 0.1
v 1.3 2.7 0.1
v 1.3 2.9 0.1
v 1.3 3.3 0.1
v 1.3 3.5 0.1
v 1.3 3.9 0.1
v 1.3 4.1 0.1
v 1.3 4.5 0.1
v 1.3 4.7 0.1
v 1.3 5.1 0.1
v 1.3 5.2 0.1
v 1.3 5.3 0.1
v 1.3 5.7 0.1
v 1.3 5.9 0.1
v 1.3 6.3 0.1
v 1.3 6.5 0.1
v 1.3 6.9 0.1
v 1.3 7.1 0.1
v 1.3 7.5 0.1
v 1.3 7.7 0.1
v 1.3 8.1 0.1
v 1.3 8.3 0.1
v 1.3 8.7 0.1
v 1.3 8.9 0.1
v 1.3 9.3 0.1
v 1.3 9.5 0.1
v 1.4 1.6 0.1
v 1.4 1.7 0.1
v 1.4 2.4 0.1
v 1.4 2.6 0.1
v 1.4 5.2 0.1
v 1.4 5.3 0.1
v 1.5 0 0.1
v 1.5 0.2 0.1
v 1.5 0.6 0.1
v 1.5 0.8 0.1
v 1.5 1.2 0.1
v 1.5 1.4 0.1
v 1.5 1.8 0.1
v 1.5 2 0.1
v 1.5 2.4 0.1
v 1.5 2.6 0.1
v 1.5 3 0.1
v 1.5 3.2 0.1
v 1.5 3.6 0.1
v 1.5 3.8 0.1
v 1.5 4.2 0.1
v 1.5 4.4 0.1
v 1.5 4.8 0.1
v 1.5 5 0.1
v 1.5 5.4 0.1
v 1.5 5.6 0.1
v 1.5 6 0.1
v 1.5 6.2 0.1
v 1.5 6.6 0.1
v 1.5 6.8 0.1
v 1.5 7.2 0.1
v 1.5 7.4 0.1
v 1.5 7.8 0.1
v 1.5 8 0.1
v 1.5 8.4 0.1
v 1.5 8.6 0.1
v 1.5 9 0.1
v 1.5 9.2 0.1
v 1.6 0 0.1
v 1.6 0.2 0.1
v 1.6 0.6 0.1
v 1.6 0.8 0.1
v 1.6 1.2 0.1
v 1.6 1.4 0.1
v 1.6 1.8 0.1
v 1.6 2 0.1
v 1.6 2.4 0.1
v 1.6 2.6 0.1
v 1.6 3 0.1
v 1.6 3.2 0.1
v 1.6 3.6 0.1
v 1.6 3.8 0.1
v 1.6 4.2 0.1
v 1.6 4.3 0.1
v 1.6 4.4 0.1
v 1.6 4.8 0.1
v 1.6 4.9 0.1
v 1.6 5 0.1
v 1.6 5.4 0.1
v 1.6 5.6 0.1
v 1.6 6 0.1
v 1.6 6.2 0.1
v 1.6 6.6 0.1
v 1.6 6.8 0.1
v 1.6 7.2 0.1
v 1.6 7.4 0.1
v 1.6 7.8 0.1
v 1.6 8 0.1
v 1.6 8.1 0.1
v 1.6 8.2 0.1
v 1.6 8.4 0.1
v 1.6 8.6 0.1
v 1.6 9 0.1
v 1.6 9.2 0.1
v 1.7 2.8 0.1
v 1.7 2.9 0.1
v 1.7 4.3 0.1
v 1.7 4.4 0.1
v 1.7 4.8 0.1
v 1.7 4.9 0.1
v 1.8 0.3 0.1
v 1.8 0.5 0.1
v 1.8 0.9 0.1
v 1.8 1.1 0.1
v 1.8 1.5 0.1
v 1.8 1.7 0.1
v 1.8 2.1 0.1
v 1.8 2.3 0.1
v 1.8 2.7 0.1
v 1.8 2.8 0.1
v 1.8 2.9 0.1
v 1.8 3.3 0.1
v 1.8 3.5 0.1
v 1.8 3.9 0.1
v 1.8 4.1 0.1
v 1.8 4.5 0.1
v 1.8 4.7 0.1
v 1.8 5.1 0.1
v 1.8 5.3 0.1
v 1.8 5.7 0.1
v 1.8 5.9 0.1
v 1.8 6.3 0.1
v 1.8 6.5 0.1
v 1.8 6.9 0.1
v 1.8 7.1 0.1
v 1.8 7.5 0.1
v 1.8 7.7 0.1
v 1.8 8.1 0.1
v 1.8 8.2 0.1
v 1.8 8.3 0.1
v 1.8 8.7 0.1
v 1.8 8.9 0.1
v 1.8 9.3 0.1
v 1.8 9.5 0.1
v 1.9 0.3 0.1
v 1.9 0.5 0.1
v 1.9 0.9 0.1
v 1.9 1.1 0.1
v 1.9 1.5 0.1
v 1.9 1.7 0.1
v 1.9 2.1 0.1
v 1.9 2.2 0.1
v 1.9 2.3 0.1
v 1.9 2.7 0.1
v 1.9 2.9 0.1
v 1.9 3.3 0.1
v 1.9 3.5 0.1
v 1.9 3.9 0.1
v 1.9 4.1 0.1
v 1.9 4.5 0.1
v 1.9 4.7 0.1
v 1.9 5.1 0.1
v 1.9 5.3 0.1
v 1.9 5.7 0.1
v 1.9 5.9 0.1
v 1.9 6.3 0.1
v 1.9 6.5 0.1
v 1.9 6.9 0.1
v 1.9 7.1 0.1
v 1.9 7.5 0.1
v 1.9 7.7 0.1
v 1.9 8.1 0.1
v 1.9 8.3 0.1
v 1.9 8.7 0.1
v 1.9 8.9 0.1
v 1.9 9.3 0.1
v 1.9 9.5 0.1
v 2 3 0.1
v 2 3.1 0.1
v 2 4.5 0.1
v 2 4.7 0.1
v 2.1 0 0.1
v 2.1 0.2 0.1
v 2.1 0.6 0.1
v 2.1 0.8 0.1
v 2.1 1.2 0.1
v 2.1 1.4 0.1
v 2.1 1.8 0.1
v 2.1 2 0.1
v 2.1 2.2 0.1
v 2.1 2.3 0.1
v 2.1 2.4 0.1
v 2.1 2.6 0.1
v 2.1 3 0.1
v 2.1 3.1 0.1
v 2.1 3.2 0.1
v 2.1 3.6 0.1
v 2.1 3.8 0.1
v 2.1 4.2 0.1
v 2.1 4.4 0.1
v 2.1 4.8 0.1
v 2.1 5 0.1
v 2.1 5.4 0.1
v 2.1 5.6 0.1
v 2.1 6 0.1
v 2.1 6.2 0.1
v 2.1 6.6 0.1
v 2.1 6.8 0.1
v 2.1 7.2 0.1
v 2.1 7.4 0.1
v 2.1 7.8 0.1
v 2.1 8 0.1
v 2.1 8.4 0.1
v 2.1 8.6 0.1
v 2.1 9 0.1
v 2.1 9.2 0.1
v 2.2 0 0.1
v 2.2 0.2 0.1
v 2.2 0.6 0.1
v 2.2 0.8 0.1
v 2.2 1.2 0.1
v 2.2 1.4 0.1
v 2.2 1.8 0.1
v 2.2 2 0.1
v 2.2 2.4 0.1
v 2.2 2.5 0.1
v 2.2 2.6 0.1
v 2.2 3 0.1
v 2.2 3.1 0.1
v 2.2 3.2 0.1
v 2.2 3.6 0.1
v 2.2 3.8 0.1
v 2.2 4.2 0.1
v 2.2 4.4 0.1
v 2.2 4.8 0.1
v 2.2 5 0.1
v 2.2 5.4 0.1
v 2.2 5.6 0.1
v 2.2 6 0.1
v 2.2 6.2 0.1
v 2.2 6.6 0.1
v 2.2 6.8 0.1
v 2.2 7.2 0.1
v 2.2 7.4 0.1
v 2.2 7.8 0.1
v 2.2 7.9 0.1
v 2.2 8 0.1
v 2.2 8.4 0.1
v 2.2 8.6 0.1
v 2.2 9 0.1
v 2.2 9.2 0.1
v 2.3 7.9 0.1
v 2.3 8 0.1
v 2.4 0.3 0.1
v 2.4 0.5 0.1
v 2.4 0.9 0.1
v 2.4 1.1 0.1
v 2.4 1.5 0.1
v 2.4 1.7 0.1
v 2.4 2.1 0.1
v 2.4 2.3 0.1
v 2.4 2.7 0.1
v 2.4 2.9 0.1
v 2.4 3 0.1
v 2.4 3.1 0.1
v 2.4 3.3 0.1
v 2.4 3.5 0.1
v 2.4 3.9 0.1
v 2.4 4.1 0.1
v 2.4 4.5 0.1
v 2.4 4.7 0.1
v 2.4 5.1 0.1
v 2.4 5.3 0.1
v 2.4 5.7 0.1
v 2.4 5.9 0.1
v 2.4 6.3 0.1
v 2.4 6.5 0.1
v 2.4 6.9 0.1
v 2.4 7.1 0.1
v 2.4 7.5 0.1
v 2.4 7.7 0.1
v 2.4 8.1 0.1
v 2.4 8.3 0.1
v 2.4 8.7 0.1
v 2.4 8.9 0.1
v 2.4 9.3 0.1
v 2.4 9.5 0.1
v 2.5 0.3 0.1
v 2.5 0.5 0.1
v 2.5 0.9 0.1
v 2.5 1.1 0.1
v 2.5 1.5 0.1
v 2.5 1.7 0.1
v 2.5 2.1 0.1
v 2.5 2.3 0.1
v 2.5 2.5 0.1
v 2.5 2.6 0.1
v 2.5 2.7 0.1
v 2.5 2.9 0.1
v 2.5 3.3 0.1
v 2.5 3.5 0.1
v 2.5 3.9 0.1
v 2.5 4.1 0.1
v 2.5 4.5 0.1
v 2.5 4.7 0.1
v 2.5 5.1 0.1
v 2.5 5.3 0.1
v 2.5 5.7 0.1
v 2.5 5.9 0.1
v 2.5 6.3 0.1
v 2.5 6.5 0.1
v 2.5 6.9 0.1
v 2.5 7.1 0.1
v 2.5 7.5 0.1
v 2.5 7.7 0.1
v 2.5 8.1 0.1
v 2.5 8.3 0.1
v 2.5 8.7 0.1
v 2.5 8.9 0.1
v 2.5 9.3 0.1
v 2.5 9.5 0.1
v 2.6 2.7 0.1
v 2.6 2.9 0.1
v 2.7 0 0.1
v 2.7 0.2 0.1
v 2.7 0.6 0.1
v 2.7 0.8 0.1
v 2.7 1.2 0.1
v 2.7 1.4 0.1
v 2.7 1.8 0.1
v 2.7 2 0.1
v 2.7 2.4 0.1
v 2.7 2.6 0.1
v 2.7 3 0.1
v 2.7 3.2 0.1
v 2.7 3.6 0.1
v 2.7 3.8 0.1
v 2.7 4.2 0.1
v 2.7 4.4 0.1
v 2.7 4.8 0.1
v 2.7 5 0.1
v 2.7 5.4 0.1
v 2.7 5.6 0.1
v 2.7 6 0.1
v 2.7 6.2 0.1
v 2.7 6.6 0.1
v 2.7 6.8 0.1
v 2.7 7.2 0.1
v 2.7 7.4 0.1
v 2.7 7.8 0.1
v 2.7 8 0.1
v 2.7 8.4 0.1
v 2.7 8.6 0.1
v 2.7 9 0.1
v 2.7 9.2 0.1
v 2.8 0 0.1
v 2.8 0.2 0.1
v 2.8 0.6 0.1
v 2.8 0.8 0.1
v 2.8 1.2 0.1
v 2.8 1.4 0.1
v 2.8 1.8 0.1
v 2.8 2 0.1
v 2.8 2.4 0.1
v 2.8 2.6 0.1
v 2.8 3 0.1
v 2.8 3.2 0.1
v 2.8 3.6 0.1
v 2.8 3.8 0.1
v 2.8 4.2 0.1
v 2.8 4.4 0.1
v 2.8 4.8 0.1
v 2.8 5 0.1
v 2.8 5.4 0.1
v 2.8 5.6 0.1
v 2.8 6 0.1
v 2.8 6.2 0.1
v 2.8 6.6 0.1
v 2.8 6.8 0.1
v 2.8 7.2 0.1
v 2.8 7.4 0.1
v 2.8 7.8 0.1
v 2.8 8 0.1
v 2.8 8.4 0.1
v 2.8 8.6 0.1
v 2.8 9 0.1
v 2.8 9.2 0.1
v 3 0.3 0.1
v 3 0.5 0.1
v 3 0.9 0.1
v 3 1.1 0.1
v 3 1.5 0.1
v 3 1.7 0.1
v 3 2.1 0.1
v 3 2.3 0.1
v 3 2.7 0.1
v 3 2.9 0.1
v 3 3.3 0.1
v 3 3.5 0.1
v 3 3.9 0.1
v 3 4.1 0.1
v 3 4.5 0.1
v 3 4.7 0.1
v 3 5.1 0.1
v 3 5.3 0.1
v 3 5.7 0.1
v 3 5.9 0.1
v 3 6.3 0.1
v 3 6.5 0.1
v 3 6.9 0.1
v 3 7.1 0.1
v 3 7.5 0.1
v 3 7.7 0.1
v 3 8.1 0.1
v 3 8.3 0.1
v 3 8.7 0.1
v 3 8.9 0.1
v 3 9.3 0.1
v 3 9.5 0.1
v 3.1 0.3 0.1
v 3.1 0.5 0.1
v 3.1 0.9 0.1
v 3.1 1.1 0.1
v 3.1 1.5 0.1
v 3.1 1.7 0.1
v 3.1 1.8 0.1
v 3.1 1.9 0.1
v 3.1 2.1 0.1
v 3.1 2.3 0.1
v 3.1 2.7 0.1
v 3.1 2.9 0.1
v 3.1 3.3 0.1
v 3.1 3.5 0.1
v 3.1 3.9 0.1
v 3.1 4.1 0.1
v 3.1 4.5 0.1
v 3.1 4.7 0.1
v 3.1 5.1 0.1
v 3.1 5.3 0.1
v 3.1 5.7 0.1
v 3.1 5.9 0.1
v 3.1 6.3 0.1
v 3.1 6.5 0.1
v 3.1 6.9 0.1
v 3.1 7.1 0.1
v 3.1 7.5 0.1
v 3.1 7.7 0.1
v 3.1 8.1 0.1
v 3.1 8.3 0.1
v 3.1 8.7 0.1
v 3.1 8.9 0.1
v 3.1 9.3 0.1
v 3.1 9.5 0.1
v 3.3 0 0.1
v 3.3 0.2 0.1
v 3.3 0.6 0.1
v 3.3 0.8 0.1
v 3.3 1.2 0.1
v 3.3 1.4 0.1
v 3.3 1.8 0.1
v 3.3 1.9 0.1
v 3.3 2 0.1
v 3.3 2.4 0.1
v 3.3 2.6 0.1
v 3.3 3 0.1
v 3.3 3.2 0.1
v 3.3 3.6 0.1
v 3.3 3.8 0.1
v 3.3 4.2 0.1
v 3.3 4.4 0.1
v 3.3 4.8 0.1
v 3.3 5 0.1
v 3.3 5.4 0.1
v 3.3 5.6 0.1
v 3.3 6 0.1
v 3.3 6.2 0.1
v 3.3 6.6 0.1
v 3.3 6.8 0.1
v 3.3 7.2 0.1
v 3.3 7.4 0.1
v 3.3 7.8 0.1
v 3.3 8 0.1
v 3.3 8.4 0.1
v 3.3 8.6 0.1
v 3.3 9 0.1
v 3.3 9.2 0.1
v 3.4 0 0.1
v 3.4 0.2 0.1
v 3.4 0.6 0.1
v 3.4 0.8 0.1
v 3.4 1.2 0.1
v 3.4 1.3 0.1
v 3.4 1.4 0.1
v 3.4 1.8 0.1
v 3.4 1.9 0.1
v 3.4 2 0.1
v 3.4 2.4 0.1
v 3.4 2.6 0.1
v 3.4 3 0.1
v 3.4 3.2 0.1
v 3.4 3.6 0.1
v 3.4 3.8 0.1
v 3.4 4.2 0.1
v 3.4 4.4 0.1
v 3.4 4.8 0.1
v 3.4 5 0.1
v 3.4 5.4 0.1
v 3.4 5.6 0.1
v 3.4 6 0.1
v 3.4 6.2 0.1
v 3.4 6.6 0.1
v 3.4 6.8 0.1
v 3.4 7.2 0.1
v 3.4 7.4 0.1
v 3.4 7.8 0.1
v 3.4 8 0.1
v 3.4 8.4 0.1
v 3.4 8.6 0.1
v 3.4 9 0.1
v 3.4 9.2 0.1
v 3.5 1.3 0.1
v 3.5 1.4 0.1
v 3.6 0.3 0.1
v 3.6 0.5 0.1
v 3.6 0.9 0.1
v 3.6 1.1 0.1
v 3.6 1.5 0.1
v 3.6 1.7 0.1
v 3.6 1.8 0.1
v 3.6 1.9 0.1
v 3.6 2.1 0.1
v 3.6 2.3 0.1
v 3.6 2.7 0.1
v 3.6 2.9 0.1
v 3.6 3.3 0.1
v 3.6 3.5 0.1
v 3.6 3.9 0.1
v 3.6 4.1 0.1
v 3.6 4.5 0.1
v 3.6 4.7 0.1
v 3.6 5.1 0.1
v 3.6 5.3 0.1
v 3.6 5.7 0.1
v 3.6 5.9 0.1
v 3.6 6.3 0.1
v 3.6 6.5 0.1
v 3.6 6.9 0.1
v 3.6 7.1 0.1
v 3.6 7.5 0.1
v 3.6 7.7 0.1
v 3.6 8.1 0.1
v 3.6 8.3 0.1
v 3.6 8.7 0.1
v 3.6 8.9 0.1
v 3.6 9.3 0.1
v 3.6 9.5 0.1
v 3.7 0.3 0.1
v 3.7 0.5 0.1
v 3.7 0.9 0.1
v 3.7 1.1 0.1
v 3.7 1.5 0.1
v 3.7 1.6 0.1
v 3.7 1.7 0.1
v 3.7 2.1 0.1
v 3.7 2.3 0.1
v 3.7 2.7 0.1
v 3.7 2.9 0.1
v 3.7 3.3 0.1
v 3.7 3.5 0.1
v 3.7 3.9 0.1
v 3.7 4.1 0.1
v 3.7 4.5 0.1
v 3.7 4.7 0.1
v 3.7 5.1 0.1
v 3.7 5.3 0.1
v 3.7 5.7 0.1
v 3.7 5.9 0.1
v 3.7 6.3 0.1
v 3.7 6.5 0.1
v 3.7 6.9 0.1
v 3.7 7.1 0.1
v 3.7 7.5 0.1
v 3.7 7.7 0.1
v 3.7 8.1 0.1
v 3.7 8.3 0.1
v 3.7 8.7 0.1
v 3.7 8.9 0.1
v 3.7 9.3 0.1
v 3.7 9.5 0.1
v 3.8 1.6 0.1
v 3.8 1.7 0.1
v 3.9 0 0.1
v 3.9 0.2 0.1
v 3.9 0.6 0.1
v 3.9 0.8 0.1
v 3.9 1.2 0.1
v 3.9 1.4 0.1
v 3.9 1.8 0.1
v 3.9 2 0.1
v 3.9 2.4 0.1
v 3.9 2.6 0.1
v 3.9 3 0.1
v 3.9 3.2 0.1
v 3.9 3.6 0.1
v 3.9 3.8 0.1
v 3.9 4.2 0.1
v 3.9 4.4 0.1
v 3.9 4.8 0.1
v 3.9 5 0.1
v 3.9 5.4 0.1
v 3.9 5.6 0.1
v 3.9 6 0.1
v 3.9 6.2 0.1
v 3.9 6.6 0.1
v 3.9 6.8 0.1
v 3.9 7.2 0.1
v 3.9 7.4 0.1
v 3.9 7.8 0.1
v 3.9 8 0.1
v 3.9 8.4 0.1
v 3.9 8.6 0.1
v 3.9 9 0.1
v 3.9 9.2 0.1
v 4 0 0.1
v 4 0.2 0.1
v 4 0.6 0.1
v 4 0.8 0.1
v 4 1.2 0.1
v 4 1.4 0.1
v 4 1.8 0.1
v 4 2 0.1
v 4 2.4 0.1
v 4 2.6 0.1
v 4 3 0.1
v 4 3.2 0.1
v 4 3.6 0.1
v 4 3.8 0.1
v 4 4.2 0.1
v 4 4.4 0.1
v 4 4.8 0.1
v 4 5 0.1
v 4 5.4 0.1
v 4 5.6 0.1
v 4 6 0.1
v 4 6.2 0.1
v 4 6.6 0.1
v 4 6.8 0.1
v 4 7.2 0.1
v 4 7.4 0.1
v 4 7.8 0.1
v 4 8 0.1
v 4 8.4 0.1
v 4 8.6 0.1
v 4 9 0.1
v 4 9.2 0.1
v 4.2 0.3 0.1
v 4.2 0.5 0.1
v 4.2 0.9 0.1
v 4.2 1.1 0.1
v 4.2 1.5 0.1
v 4.2 1.7 0.1
v 4.2 2.1 0.1
v 4.2 2.3 0.1
v 4.2 2.7 0.1
v 4.2 2.9 0.1
v 4.2 3.3 0.1
v 4.2 3.5 0.1
v 4.2 3.9 0.1
v 4.2 4.1 0.1
v 4.2 4.5 0.1
v 4.2 4.7 0.1
v 4.2 5.1 0.1
v 4.2 5.3 0.1
v 4.2 5.7 0.1
v 4.2 5.9 0.1
v 4.2 6.3 0.1
v 4.2 6.5 0.1
v 4.2 6.9 0.1
v 4.2 7.1 0.1
v 4.2 7.5 0.1
v 4.2 7.7 0.1
v 4.2 8.1 0.1
v 4.2 8.3 0.1
v 4.2 8.7 0.1
v 4.2 8.9 0.1
v 4.2 9.3 0.1
v 4.2 9.5 0.1
v 4.3 0.3 0.1
v 4.3 0.5 0.1
v 4.3 0.9 0.1
v 4.3 1.1 0.1
v 4.3 1.5 0.1
v 4.3 1.7 0.1
v 4.3 2.1 0.1
v 4.3 2.3 0.1
v 4.3 2.7 0.1
v 4.3 2.9 0.1
v 4.3 3.3 0.1
v 4.3 3.5 0.1
v 4.3 3.9 0.1
v 4.3 4.1 0.1
v 4.3 4.5 0.1
v 4.3 4.7 0.1
v 4.3 5.1 0.1
v 4.3 5.3 0.1
v 4.3 5.7 0.1
v 4.3 5.9 0.1
v 4.3 6.3 0.1
v 4.3 6.5 0.1
v 4.3 6.9 0.1
v 4.3 7.1 0.1
v 4.3 7.5 0.1
v 4.3 7.7 0.1
v 4.3 8.1 0.1
v 4.3 8.3 0.1
v 4.3 8.7 0.1
v 4.3 8.9 0.1
v 4.3 9.3 0.1
v 4.3 9.5 0.1
v 4.5 0 0.1
v 4.5 0.2 0.1
v 4.5 0.6 0.1
v 4.5 0.8 0.1
v 4.5 1.2 0.1
v 4.5 1.4 0.1
v 4.5 1.8 0.1
v 4.5 2 0.1
v 4.5 2.4 0.1
v 4.5 2.6 0.1
v 4.5 3 0.1
v 4.5 3.2 0.1
v 4.5 3.6 0.1
v 4.5 3.8 0.1
v 4.5 4.2 0.1
v 4.5 4.4 0.1
v 4.5 4.8 0.1
v 4.5 5 0.1
v 4.5 5.4 0.1
v 4.5 5.6 0.1
v 4.5 6 0.1
v 4.5 6.2 0.1
v 4.5 6.6 0.1
v 4.5 6.8 0.1
v 4.5 7.2 0.1
v 4.5 7.4 0.1
v 4.5 7.8 0.1
v 4.5 8 0.1
v 4.5 8.4 0.1
v 4.5 8.6 0.1
v 4.5 9 0.1
v 4.5 9.2 0.1
v 4.6 0 0.1
v 4.6 0.2 0.1
v 4.6 0.6 0.1
v 4.6 0.8 0.1
v 4.6 1.2 0.1
v 4.6 1.4 0.1
v 4.6 1.8 0.1
v 4.6 2 0.1
v 4.6 2.4 0.1
v 4.6 2.6 0.1
v 4.6 3 0.1
v 4.6 3.2 0.1
v 4.6 3.6 0.1
v 4.6 3.8 0.1
v 4.6 4.2 0.1
v 4.6 4.4 0.1
v 4.6 4.8 0.1
v 4.6 5 0.1
v 4.6 5.4 0.1
v 4.6 5.6 0.1
v 4.6 6 0.1
v 4.6 6.2 0.1
v 4.6 6.6 0.1
v 4.6 6.8 0.1
v 4.6 7.2 0.1
v 4.6 7.4 0.1
v 4.6 7.8 0.1
v 4.6 8 0.1
v 4.6 8.4 0.1
v 4.6 8.6 0.1
v 4.6 9 0.1
v 4.6 9.2 0.1
v 4.8 0.3 0.1
v 4.8 0.5 0.1
v 4.8 0.9 0.1
v 4.8 1.1 0.1
v 4.8 1.5 0.1
v 4.8 1.7 0.1
v 4.8 2.1 0.1
v 4.8 2.3 0.1
v 4.8 2.7 0.1
v 4.8 2.9 0.1
v 4.8 3.3 0.1
v 4.8 3.5 0.1
v 4.8 3.9 0.1
v 4.8 4.1 0.1
v 4.8 4.5 0.1
v 4.8 4.7 0.1
v 4.8 5.1 0.1
v 4.8 5.3 0.1
v 4.8 5.7 0.1
v 4.8 5.9 0.1
v 4.8 6.3 0.1
v 4.8 6.5 0.1
v 4.8 6.9 0.1
v 4.8 7.1 0.1
v 4.8 7.5 0.1
v 4.8 7.7 0.1
v 4.8 8.1 0.1
v 4.8 8.3 0.1
v 4.8 8.7 0.1
v 4.8 8.9 0.1
v 4.8 9.3 0.1
v 4.8 9.5 0.1
v 4.9 0.3 0.1
v 4.9 0.5 0.1
v 4.9 0.9 0.1
v 4.9 1.1 0.1
v 4.9 1.5 0.1
v 4.9 1.7 0.1
v 4.9 2.1 0.1
v 4.9 2.3 0.1
v 4.9 2.7 0.1
v 4.9 2.9 0.1
v 4.9 3.3 0.1
v 4.9 3.5 0.1
v 4.9 3.9 0.1
v 4.9 4.1 0.1
v 4.9 4.5 0.1
v 4.9 4.7 0.1
v 4.9 5.1 0.1
v 4.9 5.3 0.1
v 4.9 5.7 0.1
v 4.9 5.9 0.1
v 4.9 6.3 0.1
v 4.9 6.5 0.1
v 4.9 6.9 0.1
v 4.9 7.1 0.1
v 4.9 7.5 0.1
v 4.9 7.7 0.1
v 4.9 8.1 0.1
v 4.9 8.3 0.1
v 4.9 8.7 0.1
v 4.9 8.9 0.1
v 4.9 9.3 0.1
v 4.9 9.5 0.1
v 5.1 0.2 0.1
v 5.1 0.3 0.1
v 5.1 0.5 0.1
v 5.1 0.6 0.1
v 5.1 0.8 0.1
v 5.1 0.9 0.1
v 5.1 1.1 0.1
v 5.1 1.2 0.1
v 5.1 1.4 0.1
v 5.1 1.5 0.1
v 5.1 1.7 0.1
v 5.1 1.8 0.1
v 5.1 2 0.1
v 5.1 2.1 0.1
v 5.1 2.3 0.1
v 5.1 2.4 0.1
v 5.1 2.6 0.1
v 5.1 2.7 0.1
v 5.1 2.9 0.1
v 5.1 3 0.1
v 5.1 3.2 0.1
v 5.1 3.3 0.1
v 5.1 3.5 0.1
v 5.1 3.6 0.1
v 5.1 3.8 0.1
v 5.1 3.9 0.1
v 5.1 4.1 0.1
v 5.1 4.2 0.1
v 5.1 4.4 0.1
v 5.1 4.5 0.1
v 5.1 4.7 0.1
v 5.1 4.8 0.1
v 5.1 5 0.1
v 5.1 5.1 0.1
v 5.1 5.3 0.1
v 5.1 5.4 0.1
v 5.1 5.6 0.1
v 5.1 5.7 0.1
v 5.1 5.9 0.1
v 5.1 6 0.1
v 5.1 6.2 0.1
v 5.1 6.3 0.1
v 5.1 6.5 0.1
v 5.1 6.6 0.1
v 5.1 6.8 0.1
v 5.1 6.9 0.1
v 5.1 7.1 0.1
v 5.1 7.2 0.1
v 5.1 7.4 0.1
v 5.1 7.5 0.1
v 5.1 7.7 0.1
v 5.1 7.8 0.1
v 5.1 8 0.1
v 5.1 8.1 0.1
v 5.1 8.3 0.1
v 5.1 8.4 0.1
v 5.1 8.6 0.1
v 5.1 8.7 0.1
v 5.1 8.9 0.1
v 5.1 9 0.1
v 5.1 9.2 0.1
v 5.1 9.3 0.1
v 5.1 9.5 0.1
v 5.1 9.6 0.1
v -5.1 0.3 1.49012e-008
v -5.1 0.5 1.49012e-008
v -5.1 0.9 1.49012e-008
v -5.1 1.1 1.49012e-008
v -5.1 1.5 1.49012e-008
v -5.1 1.7 1.49012e-008
v -5.1 2.1 1.49012e-008
v -5.1 2.3 1.49012e-008
v -5.1 2.7 1.49012e-008
v -5.1 2.9 1.49012e-008
v -5.1 3.3 1.49012e-008
v -5.1 3.5 1.49012e-008
v -5.1 3.9 1.49012e-008
v -5.1 4.1 1.49012e-008
v -5.1 4.5 1.49012e-008
v -5.1 4.7 1.49012e-008
v -5.1 5.1 1.49012e-008
v -5.1 5.3 1.49012e-008
v -5.1 5.7 1.49012e-008
v -5.1 5.9 1.49012e-008
v -5.1 6.3 1.49012e-008
v -5.1 6.5 1.49012e-008
v -5.1 6.9 1.49012e-008
v -5.1 7.1 1.49012e-008
v -5.1 7.5 1.49012e-008
v -5.1 7.7 1.49012e-008
v -5.1 8.1 1.49012e-008
v -5.1 8.3 1.49012e-008
v -5.1 8.7 1.49012e-008
v -5.1 8.9 1.49012e-008
v -5.1 9.3 1.49012e-008
v -5.1 9.5 1.49012e-008
v -5 0 1.49012e-008
v -5 0.2 1.49012e-008
v -5 0.6 1.49012e-008
v -5 0.8 1.49012e-008
v -5 1.2 1.49012e-008
v -5 1.4 1.49012e-008
v -5 1.8 1.49012e-008
v -5 2 1.49012e-008
v -5 2.4 1.49012e-008
v -5 2.6 1.49012e-008
v -5 3 1.49012e-008
v -5 3.2 1.49012e-008
v -5 3.6 1.49012e-008
v -5 3.8 1.49012e-008
v -5 4.2 1.49012e-008
v -5 4.4 1.49012e-008
v -5 4.8 1.49012e-008
v -5 5 1.49012e-008
v -5 5.4 1.49012e-008
v -5 5.6 1.49012e-008
v -5 6 1.49012e-008
v -5 6.2 1.49012e-008
v -5 6.6 1.49012e-008
v -5 6.8 1.49012e-008
v -5 7.2 1.49012e-008
v -5 7.4 1.49012e-008
v -5 8.4 1.49012e-008
v -5 8.6 1.49012e-008
v -5 9 1.49012e-008
v -5 9.2 1.49012e-008
v -4.8 0.3 1.49012e-008
v -4.8 0.5 1.49012e-008
v -4.8 0.9 1.49012e-008
v -4.8 1.1 1.49012e-008
v -4.8 1.5 1.49012e-008
v -4.8 1.7 1.49012e-008
v -4.8 2.1 1.49012e-008
v -4.8 2.3 1.49012e-008
v -4.8 2.7 1.49012e-008
v -4.8 2.9 1.49012e-008
v -4.8 3.3 1.49012e-008
v -4.8 3.5 1.49012e-008
v -4.8 3.9 1.49012e-008
v -4.8 4.1 1.49012e-008
v -4.8 4.5 1.49012e-008
v -4.8 4.7 1.49012e-008
v -4.8 5.1 1.49012e-008
v -4.8 5.3 1.49012e-008
v -4.8 5.7 1.49012e-008
v -4.8 5.9 1.49012e-008
v -4.8 6.3 1.49012e-008
v -4.8 6.5 1.49012e-008
v -4.8 6.9 1.49012e-008
v -4.8 7.1 1.49012e-008
v -4.8 7.5 1.49012e-008
v -4.8 7.7 1.49012e-008
v -4.8 8.1 1.49012e-008
v -4.8 8.3 1.49012e-008
v -4.8 8.7 1.49012e-008
v -4.8 8.9 1.49012e-008
v -4.8 9.3 1.49012e-008
v -4.8 9.5 1.49012e-008
v -4.7 0.3 1.49012e-008
v -4.7 0.5 1.49012e-008
v -4.7 0.9 1.49012e-008
v -4.7 1.1 1.49012e-008
v -4.7 1.5 1.49012e-008
v -4.7 1.7 1.49012e-008
v -4.7 2.1 1.49012e-008
v -4.7 2.3 1.49012e-008
v -4.7 2.7 1.49012e-008
v -4.7 2.9 1.49012e-008
v -4.7 3.3 1.49012e-008
v -4.7 3.5 1.49012e-008
v -4.7 3.9 1.49012e-008
v -4.7 4.1 1.49012e-008
v -4.7 4.5 1.49012e-008
v -4.7 4.7 1.49012e-008
v -4.7 5.1 1.49012e-008
v -4.7 5.3 1.49012e-008
v -4.7 5.7 1.49012e-008
v -4.7 5.9 1.49012e-008
v -4.7 6.9 1.49012e-008
v -4.7 7.1 1.49012e-008
v -4.7 8.7 1.49012e-008
v -4.7 8.9 1.49012e-008
v -4.7 9.3 1.49012e-008
v -4.7 9.5 1.49012e-008
v -4.6 0.7 1.49012e-008
v -4.6 0.8 1.49012e-008
v -4.5 0 1.49012e-008
v -4.5 0.2 1.49012e-008
v -4.5 0.6 1.49012e-008
v -4.5 0.7 1.49012e-008
v -4.5 1.2 1.49012e-008
v -4.5 1.4 1.49012e-008
v -4.5 1.8 1.49012e-008
v -4.5 2 1.49012e-008
v -4.5 2.4 1.49012e-008
v -4.5 2.6 1.49012e-008
v -4.5 3 1.49012e-008
v -4.5 3.2 1.49012e-008
v -4.5 3.6 1.49012e-008
v -4.5 3.8 1.49012e-008
v -4.5 4.2 1.49012e-008
v -4.5 4.4 1.49012e-008
v -4.5 4.8 1.49012e-008
v -4.5 5 1.49012e-008
v -4.5 5.4 1.49012e-008
v -4.5 5.6 1.49012e-008
v -4.5 6 1.49012e-008
v -4.5 6.2 1.49012e-008
v -4.5 6.6 1.49012e-008
v -4.5 6.8 1.49012e-008
v -4.5 7.2 1.49012e-008
v -4.5 7.4 1.49012e-008
v -4.5 8.4 1.49012e-008
v -4.5 8.6 1.49012e-008
v -4.5 9 1.49012e-008
v -4.5 9.2 1.49012e-008
v -4.4 0 1.49012e-008
v -4.4 0.2 1.49012e-008
v -4.4 1.2 1.49012e-008
v -4.4 1.4 1.49012e-008
v -4.4 1.8 1.49012e-008
v -4.4 2 1.49012e-008
v -4.4 3.6 1.49012e-008
v -4.4 3.8 1.49012e-008
v -4.4 4.2 1.49012e-008
v -4.4 4.4 1.49012e-008
v -4.4 5.4 1.49012e-008
v -4.4 5.6 1.49012e-008
v -4.4 6 1.49012e-008
v -4.4 6.2 1.49012e-008
v -4.4 6.6 1.49012e-008
v -4.4 6.8 1.49012e-008
v -4.4 7.2 1.49012e-008
v -4.4 7.3 1.49012e-008
v -4.4 8.4 1.49012e-008
v -4.4 8.6 1.49012e-008
v -4.3 0.9 1.49012e-008
v -4.3 1.1 1.49012e-008
v -4.3 7.9 1.49012e-008
v -4.3 8 1.49012e-008
v -4.2 0.3 1.49012e-008
v -4.2 0.5 1.49012e-008
v -4.2 1.5 1.49012e-008
v -4.2 1.7 1.49012e-008
v -4.2 2.1 1.49012e-008
v -4.2 2.3 1.49012e-008
v -4.2 2.7 1.49012e-008
v -4.2 2.9 1.49012e-008
v -4.2 3.3 1.49012e-008
v -4.2 3.5 1.49012e-008
v -4.2 3.9 1.49012e-008
v -4.2 4.1 1.49012e-008
v -4.2 4.5 1.49012e-008
v -4.2 4.7 1.49012e-008
v -4.2 5.1 1.49012e-008
v -4.2 5.3 1.49012e-008
v -4.2 5.7 1.49012e-008
v -4.2 5.9 1.49012e-008
v -4.2 6.9 1.49012e-008
v -4.2 7.1 1.49012e-008
v -4.2 7.3 1.49012e-008
v -4.2 7.4 1.49012e-008
v -4.2 7.8 1.49012e-008
v -4.2 7.9 1.49012e-008
v -4.2 8.7 1.49012e-008
v -4.2 8.9 1.49012e-008
v -4.2 9.3 1.49012e-008
v -4.2 9.5 1.49012e-008
v -4.1 0.3 1.49012e-008
v -4.1 0.5 1.49012e-008
v -4.1 1.5 1.49012e-008
v -4.1 1.7 1.49012e-008
v -4.1 2.1 1.49012e-008
v -4.1 2.3 1.49012e-008
v -4.1 2.7 1.49012e-008
v -4.1 2.9 1.49012e-008
v -4.1 3.3 1.49012e-008
v -4.1 3.5 1.49012e-008
v -4.1 3.9 1.49012e-008
v -4.1 4.1 1.49012e-008
v -4.1 4.5 1.49012e-008
v -4.1 4.7 1.49012e-008
v -4.1 5.1 1.49012e-008
v -4.1 5.3 1.49012e-008
v -4.1 6.3 1.49012e-008
v -4.1 6.5 1.49012e-008
v -4.1 7.5 1.49012e-008
v -4.1 7.6 1.49012e-008
v -4.1 8.1 1.49012e-008
v -4.1 8.3 1.49012e-008
v -4.1 8.7 1.49012e-008
v -4.1 8.9 1.49012e-008
v -4.1 9.4 1.49012e-008
v -4.1 9.5 1.49012e-008
v -4 1.2 1.49012e-008
v -4 1.3 1.49012e-008
v -4 7.6 1.49012e-008
v -4 7.7 1.49012e-008
v -3.9 0 1.49012e-008
v -3.9 0.2 1.49012e-008
v -3.9 1.3 1.49012e-008
v -3.9 1.4 1.49012e-008
v -3.9 1.8 1.49012e-008
v -3.9 2 1.49012e-008
v -3.9 3.6 1.49012e-008
v -3.9 3.8 1.49012e-008
v -3.9 4.2 1.49012e-008
v -3.9 4.4 1.49012e-008
v -3.9 5.4 1.49012e-008
v -3.9 5.6 1.49012e-008
v -3.9 6 1.49012e-008
v -3.9 6.2 1.49012e-008
v -3.9 6.6 1.49012e-008
v -3.9 6.8 1.49012e-008
v -3.9 7.2 1.49012e-008
v -3.9 7.4 1.49012e-008
v -3.9 7.8 1.49012e-008
v -3.9 8 1.49012e-008
v -3.9 8.4 1.49012e-008
v -3.9 8.6 1.49012e-008
v -3.9 9.3 1.49012e-008
v -3.9 9.4 1.49012e-008
v -3.8 1.3 1.49012e-008
v -3.8 1.4 1.49012e-008
v -3.8 1.8 1.49012e-008
v -3.8 2 1.49012e-008
v -3.8 2.4 1.49012e-008
v -3.8 2.6 1.49012e-008
v -3.8 3 1.49012e-008
v -3.8 3.2 1.49012e-008
v -3.8 3.6 1.49012e-008
v -3.8 3.8 1.49012e-008
v -3.8 4.2 1.49012e-008
v -3.8 4.4 1.49012e-008
v -3.8 4.8 1.49012e-008
v -3.8 5 1.49012e-008
v -3.8 5.4 1.49012e-008
v -3.8 5.6 1.49012e-008
v -3.8 6 1.49012e-008
v -3.8 6.2 1.49012e-008
v -3.8 6.6 1.49012e-008
v -3.8 6.8 1.49012e-008
v -3.8 7.2 1.49012e-008
v -3.8 7.4 1.49012e-008
v -3.8 7.8 1.49012e-008
v -3.8 8 1.49012e-008
v -3.8 8.4 1.49012e-008
v -3.8 8.6 1.49012e-008
v -3.8 9 1.49012e-008
v -3.8 9.2 1.49012e-008
v -3.7 0.6 1.49012e-008
v -3.7 0.8 1.49012e-008
v -3.6 0.3 1.49012e-008
v -3.6 0.5 1.49012e-008
v -3.6 1.5 1.49012e-008
v -3.6 1.7 1.49012e-008
v -3.6 2.1 1.49012e-008
v -3.6 2.3 1.49012e-008
v -3.6 2.7 1.49012e-008
v -3.6 2.9 1.49012e-008
v -3.6 3.3 1.49012e-008
v -3.6 3.5 1.49012e-008
v -3.6 3.9 1.49012e-008
v -3.6 4.1 1.49012e-008
v -3.6 4.5 1.49012e-008
v -3.6 4.7 1.49012e-008
v -3.6 5.1 1.49012e-008
v -3.6 5.3 1.49012e-008
v -3.6 6.3 1.49012e-008
v -3.6 6.5 1.49012e-008
v -3.6 7.5 1.49012e-008
v -3.6 7.7 1.49012e-008
v -3.6 8.1 1.49012e-008
v -3.6 8.3 1.49012e-008
v -3.6 8.7 1.49012e-008
v -3.6 8.9 1.49012e-008
v -3.6 9.3 1.49012e-008
v -3.6 9.5 1.49012e-008
v -3.5 0.3 1.49012e-008
v -3.5 0.5 1.49012e-008
v -3.5 0.9 1.49012e-008
v -3.5 1 1.49012e-008
v -3.5 1.2 1.49012e-008
v -3.5 1.3 1.49012e-008
v -3.5 3.3 1.49012e-008
v -3.5 3.5 1.49012e-008
v -3.5 3.9 1.49012e-008
v -3.5 4.1 1.49012e-008
v -3.5 5.1 1.49012e-008
v -3.5 5.3 1.49012e-008
v -3.5 5.7 1.49012e-008
v -3.5 5.9 1.49012e-008
v -3.5 6.9 1.49012e-008
v -3.5 7.1 1.49012e-008
v -3.5 8.1 1.49012e-008
v -3.5 8.3 1.49012e-008
v -3.5 9.3 1.49012e-008
v -3.5 9.5 1.49012e-008
v -3.4 1 1.49012e-008
v -3.4 1.1 1.49012e-008
v -3.4 5.4 1.49012e-008
v -3.4 5.6 1.49012e-008
v -3.4 8.4 1.49012e-008
v -3.4 8.5 1.49012e-008
v -3.3 0.6 1.49012e-008
v -3.3 0.8 1.49012e-008
v -3.3 1.2 1.49012e-008
v -3.3 1.4 1.49012e-008
v -3.3 1.8 1.49012e-008
v -3.3 2 1.49012e-008
v -3.3 2.4 1.49012e-008
v -3.3 2.6 1.49012e-008
v -3.3 3 1.49012e-008
v -3.3 3.2 1.49012e-008
v -3.3 3.6 1.49012e-008
v -3.3 3.8 1.49012e-008
v -3.3 4.2 1.49012e-008
v -3.3 4.4 1.49012e-008
v -3.3 4.8 1.49012e-008
v -3.3 5 1.49012e-008
v -3.3 6 1.49012e-008
v -3.3 6.2 1.49012e-008
v -3.3 6.6 1.49012e-008
v -3.3 6.8 1.49012e-008
v -3.3 7.2 1.49012e-008
v -3.3 7.4 1.49012e-008
v -3.3 7.8 1.49012e-008
v -3.3 8 1.49012e-008
v -3.3 8.5 1.49012e-008
v -3.3 8.6 1.49012e-008
v -3.3 9 1.49012e-008
v -3.3 9.2 1.49012e-008
v -3.2 0 1.49012e-008
v -3.2 0.2 1.49012e-008
v -3.2 0.6 1.49012e-008
v -3.2 0.8 1.49012e-008
v -3.2 1.8 1.49012e-008
v -3.2 2 1.49012e-008
v -3.2 2.4 1.49012e-008
v -3.2 2.6 1.49012e-008
v -3.2 3 1.49012e-008
v -3.2 3.2 1.49012e-008
v -3.2 4.2 1.49012e-008
v -3.2 4.4 1.49012e-008
v -3.2 4.8 1.49012e-008
v -3.2 5 1.49012e-008
v -3.2 5.7 1.49012e-008
v -3.2 5.8 1.49012e-008
v -3.2 6 1.49012e-008
v -3.2 6.2 1.49012e-008
v -3.2 6.6 1.49012e-008
v -3.2 6.8 1.49012e-008
v -3.2 7.8 1.49012e-008
v -3.2 8 1.49012e-008
v -3.2 9 1.49012e-008
v -3.2 9.2 1.49012e-008
v -3.1 5.2 1.49012e-008
v -3.1 5.3 1.49012e-008
v -3 0.3 1.49012e-008
v -3 0.5 1.49012e-008
v -3 0.9 1.49012e-008
v -3 1.1 1.49012e-008
v -3 3.3 1.49012e-008
v -3 3.5 1.49012e-008
v -3 3.9 1.49012e-008
v -3 4.1 1.49012e-008
v -3 5.1 1.49012e-008
v -3 5.2 1.49012e-008
v -3 5.8 1.49012e-008
v -3 5.9 1.49012e-008
v -3 6.9 1.49012e-008
v -3 7.1 1.49012e-008
v -3 8.1 1.49012e-008
v -3 8.3 1.49012e-008
v -3 9.3 1.49012e-008
v -3 9.5 1.49012e-008
v -2.9 0.3 1.49012e-008
v -2.9 0.5 1.49012e-008
v -2.9 0.9 1.49012e-008
v -2.9 1.1 1.49012e-008
v -2.9 1.5 1.49012e-008
v -2.9 1.7 1.49012e-008
v -2.9 2.1 1.49012e-008
v -2.9 2.3 1.49012e-008
v -2.9 2.7 1.49012e-008
v -2.9 2.9 1.49012e-008
v -2.9 3.3 1.49012e-008
v -2.9 3.5 1.49012e-008
v -2.9 4.5 1.49012e-008
v -2.9 4.7 1.49012e-008
v -2.9 5.1 1.49012e-008
v -2.9 5.3 1.49012e-008
v -2.9 5.8 1.49012e-008
v -2.9 5.9 1.49012e-008
v -2.9 6.3 1.49012e-008
v -2.9 6.5 1.49012e-008
v -2.9 6.9 1.49012e-008
v -2.9 7.1 1.49012e-008
v -2.9 7.5 1.49012e-008
v -2.9 7.7 1.49012e-008
v -2.9 8.8 1.49012e-008
v -2.9 8.9 1.49012e-008
v -2.8 8.7 1.49012e-008
v -2.8 8.8 1.49012e-008
v -2.7 0 1.49012e-008
v -2.7 0.2 1.49012e-008
v -2.7 0.6 1.49012e-008
v -2.7 0.8 1.49012e-008
v -2.7 1.8 1.49012e-008
v -2.7 2 1.49012e-008
v -2.7 2.4 1.49012e-008
v -2.7 2.6 1.49012e-008
v -2.7 3 1.49012e-008
v -2.7 3.2 1.49012e-008
v -2.7 4.2 1.49012e-008
v -2.7 4.4 1.49012e-008
v -2.7 4.8 1.49012e-008
v -2.7 5 1.49012e-008
v -2.7 5.7 1.49012e-008
v -2.7 5.8 1.49012e-008
v -2.7 6 1.49012e-008
v -2.7 6.2 1.49012e-008
v -2.7 6.6 1.49012e-008
v -2.7 6.8 1.49012e-008
v -2.7 7.8 1.49012e-008
v -2.7 8 1.49012e-008
v -2.7 9 1.49012e-008
v -2.7 9.2 1.49012e-008
v -2.6 0 1.49012e-008
v -2.6 0.2 1.49012e-008
v -2.6 1.2 1.49012e-008
v -2.6 1.4 1.49012e-008
v -2.6 1.8 1.49012e-008
v -2.6 2 1.49012e-008
v -2.6 3 1.49012e-008
v -2.6 3.2 1.49012e-008
v -2.6 3.6 1.49012e-008
v -2.6 3.8 1.49012e-008
v -2.6 4.2 1.49012e-008
v -2.6 4.4 1.49012e-008
v -2.6 5.4 1.49012e-008
v -2.6 5.5 1.49012e-008
v -2.6 6 1.49012e-008
v -2.6 6.2 1.49012e-008
v -2.6 6.6 1.49012e-008
v -2.6 6.8 1.49012e-008
v -2.6 7.2 1.49012e-008
v -2.6 7.4 1.49012e-008
v -2.6 8.4 1.49012e-008
v -2.6 8.6 1.49012e-008
v -2.6 9 1.49012e-008
v -2.6 9.2 1.49012e-008
v -2.5 5.5 1.49012e-008
v -2.5 5.6 1.49012e-008
v -2.4 0.3 1.49012e-008
v -2.4 0.5 1.49012e-008
v -2.4 0.9 1.49012e-008
v -2.4 1.1 1.49012e-008
v -2.4 1.5 1.49012e-008
v -2.4 1.7 1.49012e-008
v -2.4 2.1 1.49012e-008
v -2.4 2.3 1.49012e-008
v -2.4 2.7 1.49012e-008
v -2.4 2.9 1.49012e-008
v -2.4 3.3 1.49012e-008
v -2.4 3.5 1.49012e-008
v -2.4 4.5 1.49012e-008
v -2.4 4.7 1.49012e-008
v -2.4 5.1 1.49012e-008
v -2.4 5.3 1.49012e-008
v -2.4 5.7 1.49012e-008
v -2.4 5.9 1.49012e-008
v -2.4 6.3 1.49012e-008
v -2.4 6.5 1.49012e-008
v -2.4 6.9 1.49012e-008
v -2.4 7.1 1.49012e-008
v -2.4 7.5 1.49012e-008
v -2.4 7.7 1.49012e-008
v -2.4 8.7 1.49012e-008
v -2.4 8.9 1.49012e-008
v -2.3 0.3 1.49012e-008
v -2.3 0.5 1.49012e-008
v -2.3 0.9 1.49012e-008
v -2.3 1.1 1.49012e-008
v -2.3 1.5 1.49012e-008
v -2.3 1.7 1.49012e-008
v -2.3 2.1 1.49012e-008
v -2.3 2.3 1.49012e-008
v -2.3 2.7 1.49012e-008
v -2.3 2.9 1.49012e-008
v -2.3 3.9 1.49012e-008
v -2.3 4.1 1.49012e-008
v -2.3 4.5 1.49012e-008
v -2.3 4.7 1.49012e-008
v -2.3 5.1 1.49012e-008
v -2.3 5.3 1.49012e-008
v -2.3 5.7 1.49012e-008
v -2.3 5.9 1.49012e-008
v -2.3 6.3 1.49012e-008
v -2.3 6.5 1.49012e-008
v -2.3 6.9 1.49012e-008
v -2.3 7.1 1.49012e-008
v -2.3 8.1 1.49012e-008
v -2.3 8.3 1.49012e-008
v -2.3 8.7 1.49012e-008
v -2.3 8.9 1.49012e-008
v -2.1 0 1.49012e-008
v -2.1 0.2 1.49012e-008
v -2.1 1.2 1.49012e-008
v -2.1 1.4 1.49012e-008
v -2.1 1.8 1.49012e-008
v -2.1 2 1.49012e-008
v -2.1 3 1.49012e-008
v -2.1 3.2 1.49012e-008
v -2.1 3.6 1.49012e-008
v -2.1 3.8 1.49012e-008
v -2.1 4.2 1.49012e-008
v -2.1 4.4 1.49012e-008
v -2.1 5.4 1.49012e-008
v -2.1 5.6 1.49012e-008
v -2.1 6 1.49012e-008
v -2.1 6.2 1.49012e-008
v -2.1 6.6 1.49012e-008
v -2.1 6.8 1.49012e-008
v -2.1 7.2 1.49012e-008
v -2.1 7.4 1.49012e-008
v -2.1 8.4 1.49012e-008
v -2.1 8.6 1.49012e-008
v -2.1 9 1.49012e-008
v -2.1 9.2 1.49012e-008
v -2 0 1.49012e-008
v -2 0.2 1.49012e-008
v -2 0.6 1.49012e-008
v -2 0.8 1.49012e-008
v -2 1.2 1.49012e-008
v -2 1.4 1.49012e-008
v -2 1.8 1.49012e-008
v -2 2 1.49012e-008
v -2 2.4 1.49012e-008
v -2 2.6 1.49012e-008
v -2 3.6 1.49012e-008
v -2 3.8 1.49012e-008
v -2 4.2 1.49012e-008
v -2 4.4 1.49012e-008
v -2 4.8 1.49012e-008
v -2 5 1.49012e-008
v -2 5.4 1.49012e-008
v -2 5.6 1.49012e-008
v -2 6.6 1.49012e-008
v -2 6.8 1.49012e-008
v -2 7.2 1.49012e-008
v -2 7.4 1.49012e-008
v -2 7.8 1.49012e-008
v -2 8 1.49012e-008
v -2 9 1.49012e-008
v -2 9.2 1.49012e-008
v -1.8 0.3 1.49012e-008
v -1.8 0.5 1.49012e-008
v -1.8 0.9 1.49012e-008
v -1.8 1.1 1.49012e-008
v -1.8 1.5 1.49012e-008
v -1.8 1.7 1.49012e-008
v -1.8 2.1 1.49012e-008
v -1.8 2.3 1.49012e-008
v -1.8 2.7 1.49012e-008
v -1.8 2.9 1.49012e-008
v -1.8 3.9 1.49012e-008
v -1.8 4.1 1.49012e-008
v -1.8 4.5 1.49012e-008
v -1.8 4.7 1.49012e-008
v -1.8 5.1 1.49012e-008
v -1.8 5.3 1.49012e-008
v -1.8 5.7 1.49012e-008
v -1.8 5.9 1.49012e-008
v -1.8 6.3 1.49012e-008
v -1.8 6.5 1.49012e-008
v -1.8 6.9 1.49012e-008
v -1.8 7.1 1.49012e-008
v -1.8 8.1 1.49012e-008
v -1.8 8.3 1.49012e-008
v -1.8 8.7 1.49012e-008
v -1.8 8.9 1.49012e-008
v -1.7 0.3 1.49012e-008
v -1.7 0.5 1.49012e-008
v -1.7 0.9 1.49012e-008
v -1.7 1.1 1.49012e-008
v -1.7 1.8 1.49012e-008
v -1.7 1.9 1.49012e-008
v -1.7 2.1 1.49012e-008
v -1.7 2.3 1.49012e-008
v -1.7 2.7 1.49012e-008
v -1.7 2.9 1.49012e-008
v -1.7 3.3 1.49012e-008
v -1.7 3.5 1.49012e-008
v -1.7 3.9 1.49012e-008
v -1.7 4.1 1.49012e-008
v -1.7 4.5 1.49012e-008
v -1.7 4.7 1.49012e-008
v -1.7 5.7 1.49012e-008
v -1.7 5.9 1.49012e-008
v -1.7 6.3 1.49012e-008
v -1.7 6.5 1.49012e-008
v -1.7 6.9 1.49012e-008
v -1.7 7.1 1.49012e-008
v -1.7 7.5 1.49012e-008
v -1.7 7.7 1.49012e-008
v -1.7 9.3 1.49012e-008
v -1.7 9.5 1.49012e-008
v -1.6 1.3 1.49012e-008
v -1.6 1.4 1.49012e-008
v -1.6 1.9 1.49012e-008
v -1.6 2 1.49012e-008
v -1.5 0 1.49012e-008
v -1.5 0.2 1.49012e-008
v -1.5 0.6 1.49012e-008
v -1.5 0.8 1.49012e-008
v -1.5 1.2 1.49012e-008
v -1.5 1.3 1.49012e-008
v -1.5 2.4 1.49012e-008
v -1.5 2.6 1.49012e-008
v -1.5 3.6 1.49012e-008
v -1.5 3.8 1.49012e-008
v -1.5 4.2 1.49012e-008
v -1.5 4.4 1.49012e-008
v -1.5 4.8 1.49012e-008
v -1.5 5 1.49012e-008
v -1.5 5.4 1.49012e-008
v -1.5 5.6 1.49012e-008
v -1.5 6.6 1.49012e-008
v -1.5 6.8 1.49012e-008
v -1.5 7.2 1.49012e-008
v -1.5 7.4 1.49012e-008
v -1.5 7.8 1.49012e-008
v -1.5 8 1.49012e-008
v -1.5 9 1.49012e-008
v -1.5 9.2 1.49012e-008
v -1.4 0.6 1.49012e-008
v -1.4 0.8 1.49012e-008
v -1.4 2.1 1.49012e-008
v -1.4 2.2 1.49012e-008
v -1.4 2.4 1.49012e-008
v -1.4 2.6 1.49012e-008
v -1.4 3 1.49012e-008
v -1.4 3.2 1.49012e-008
v -1.4 3.6 1.49012e-008
v -1.4 3.8 1.49012e-008
v -1.4 4.8 1.49012e-008
v -1.4 5 1.49012e-008
v -1.4 6 1.49012e-008
v -1.4 6.2 1.49012e-008
v -1.4 7.2 1.49012e-008
v -1.4 7.4 1.49012e-008
v -1.4 7.8 1.49012e-008
v -1.4 8 1.49012e-008
v -1.4 8.4 1.49012e-008
v -1.4 8.6 1.49012e-008
v -1.4 9 1.49012e-008
v -1.4 9.2 1.49012e-008
v -1.2 0.3 1.49012e-008
v -1.2 0.5 1.49012e-008
v -1.2 0.9 1.49012e-008
v -1.2 1.1 1.49012e-008
v -1.2 2.2 1.49012e-008
v -1.2 2.3 1.49012e-008
v -1.2 2.7 1.49012e-008
v -1.2 2.9 1.49012e-008
v -1.2 3.3 1.49012e-008
v -1.2 3.5 1.49012e-008
v -1.2 3.9 1.49012e-008
v -1.2 4.1 1.49012e-008
v -1.2 4.5 1.49012e-008
v -1.2 4.7 1.49012e-008
v -1.2 5.7 1.49012e-008
v -1.2 5.9 1.49012e-008
v -1.2 6.3 1.49012e-008
v -1.2 6.5 1.49012e-008
v -1.2 6.9 1.49012e-008
v -1.2 7.1 1.49012e-008
v -1.2 7.5 1.49012e-008
v -1.2 7.7 1.49012e-008
v -1.2 9.3 1.49012e-008
v -1.2 9.5 1.49012e-008
v -1.1 0.3 1.49012e-008
v -1.1 0.5 1.49012e-008
v -1.1 0.9 1.49012e-008
v -1.1 1.1 1.49012e-008
v -1.1 1.5 1.49012e-008
v -1.1 1.6 1.49012e-008
v -1.1 2.1 1.49012e-008
v -1.1 2.3 1.49012e-008
v -1.1 2.7 1.49012e-008
v -1.1 2.9 1.49012e-008
v -1.1 3.9 1.49012e-008
v -1.1 4.1 1.49012e-008
v -1.1 4.5 1.49012e-008
v -1.1 4.7 1.49012e-008
v -1.1 5.1 1.49012e-008
v -1.1 5.3 1.49012e-008
v -1.1 6.3 1.49012e-008
v -1.1 6.5 1.49012e-008
v -1.1 8.7 1.49012e-008
v -1.1 8.9 1.49012e-008
v -1.1 9.3 1.49012e-008
v -1.1 9.5 1.49012e-008
v -1 0.7 1.49012e-008
v -1 0.8 1.49012e-008
v -1 1.6 1.49012e-008
v -1 1.7 1.49012e-008
v -0.9 0.6 1.49012e-008
v -0.9 0.7 1.49012e-008
v -0.9 2.4 1.49012e-008
v -0.9 2.6 1.49012e-008
v -0.9 3 1.49012e-008
v -0.9 3.2 1.49012e-008
v -0.9 3.6 1.49012e-008
v -0.9 3.8 1.49012e-008
v -0.9 4.8 1.49012e-008
v -0.9 5 1.49012e-008
v -0.9 6 1.49012e-008
v -0.9 6.2 1.49012e-008
v -0.9 7.2 1.49012e-008
v -0.9 7.4 1.49012e-008
v -0.9 7.8 1.49012e-008
v -0.9 8 1.49012e-008
v -0.9 8.4 1.49012e-008
v -0.9 8.6 1.49012e-008
v -0.9 9 1.49012e-008
v -0.9 9.2 1.49012e-008
v -0.8 0 1.49012e-008
v -0.8 0.2 1.49012e-008
v -0.8 1.2 1.49012e-008
v -0.8 1.4 1.49012e-008
v -0.8 2.4 1.49012e-008
v -0.8 2.6 1.49012e-008
v -0.8 3 1.49012e-008
v -0.8 3.2 1.49012e-008
v -0.8 4.8 1.49012e-008
v -0.8 5 1.49012e-008
v -0.8 5.4 1.49012e-008
v -0.8 5.6 1.49012e-008
v -0.8 6 1.49012e-008
v -0.8 6.2 1.49012e-008
v -0.8 6.6 1.49012e-008
v -0.8 6.8 1.49012e-008
v -0.8 7.2 1.49012e-008
v -0.8 7.4 1.49012e-008
v -0.8 7.8 1.49012e-008
v -0.8 8 1.49012e-008
v -0.8 8.4 1.49012e-008
v -0.8 8.6 1.49012e-008
v -0.8 9 1.49012e-008
v -0.8 9.2 1.49012e-008
v -0.7 0.4 1.49012e-008
v -0.7 0.5 1.49012e-008
v -0.7 1.8 1.49012e-008
v -0.7 2 1.49012e-008
v -0.7 5.1 1.49012e-008
v -0.7 5.2 1.49012e-008
v -0.6 0.3 1.49012e-008
v -0.6 0.4 1.49012e-008
v -0.6 0.9 1.49012e-008
v -0.6 1.1 1.49012e-008
v -0.6 1.5 1.49012e-008
v -0.6 1.7 1.49012e-008
v -0.6 2.1 1.49012e-008
v -0.6 2.3 1.49012e-008
v -0.6 2.7 1.49012e-008
v -0.6 2.9 1.49012e-008
v -0.6 3.9 1.49012e-008
v -0.6 4.1 1.49012e-008
v -0.6 4.5 1.49012e-008
v -0.6 4.7 1.49012e-008
v -0.6 5.2 1.49012e-008
v -0.6 5.3 1.49012e-008
v -0.6 6.3 1.49012e-008
v -0.6 6.5 1.49012e-008
v -0.6 8.7 1.49012e-008
v -0.6 8.9 1.49012e-008
v -0.6 9.3 1.49012e-008
v -0.6 9.5 1.49012e-008
v -0.5 0.9 1.49012e-008
v -0.5 1.1 1.49012e-008
v -0.5 1.5 1.49012e-008
v -0.5 1.7 1.49012e-008
v -0.5 2.1 1.49012e-008
v -0.5 2.3 1.49012e-008
v -0.5 3.9 1.49012e-008
v -0.5 4.1 1.49012e-008
v -0.5 4.5 1.49012e-008
v -0.5 4.7 1.49012e-008
v -0.5 5.7 1.49012e-008
v -0.5 5.9 1.49012e-008
v -0.5 6.3 1.49012e-008
v -0.5 6.5 1.49012e-008
v -0.5 6.9 1.49012e-008
v -0.5 7.1 1.49012e-008
v -0.5 8.7 1.49012e-008
v -0.5 8.9 1.49012e-008
v -0.4 4.9 1.49012e-008
v -0.4 5 1.49012e-008
v -0.3 0 1.49012e-008
v -0.3 0.2 1.49012e-008
v -0.3 1.2 1.49012e-008
v -0.3 1.4 1.49012e-008
v -0.3 1.8 1.49012e-008
v -0.3 2 1.49012e-008
v -0.3 2.4 1.49012e-008
v -0.3 2.6 1.49012e-008
v -0.3 3 1.49012e-008
v -0.3 3.2 1.49012e-008
v -0.3 4.8 1.49012e-008
v -0.3 4.9 1.49012e-008
v -0.3 5.4 1.49012e-008
v -0.3 5.6 1.49012e-008
v -0.3 6 1.49012e-008
v -0.3 6.2 1.49012e-008
v -0.3 6.6 1.49012e-008
v -0.3 6.8 1.49012e-008
v -0.3 7.2 1.49012e-008
v -0.3 7.4 1.49012e-008
v -0.3 7.8 1.49012e-008
v -0.3 8 1.49012e-008
v -0.3 8.4 1.49012e-008
v -0.3 8.6 1.49012e-008
v -0.3 9 1.49012e-008
v -0.3 9.2 1.49012e-008
v -0.2 0 1.49012e-008
v -0.2 0.2 1.49012e-008
v -0.2 0.7 1.49012e-008
v -0.2 0.8 1.49012e-008
v -0.2 1.2 1.49012e-008
v -0.2 1.4 1.49012e-008
v -0.2 3 1.49012e-008
v -0.2 3.2 1.49012e-008
v -0.2 3.6 1.49012e-008
v -0.2 3.8 1.49012e-008
v -0.2 4.2 1.49012e-008
v -0.2 4.4 1.49012e-008
v -0.2 4.8 1.49012e-008
v -0.2 4.9 1.49012e-008
v -0.2 5.4 1.49012e-008
v -0.2 5.6 1.49012e-008
v -0.2 6 1.49012e-008
v -0.2 6.2 1.49012e-008
v -0.2 7.2 1.49012e-008
v -0.2 7.4 1.49012e-008
v -0.2 8.4 1.49012e-008
v -0.2 8.6 1.49012e-008
v -0.0999997 0.6 1.49012e-008
v -0.0999997 0.7 1.49012e-008
v 2.68221e-007 0.9 1.49012e-008
v 2.68221e-007 1.1 1.49012e-008
v 2.68221e-007 1.5 1.49012e-008
v 2.68221e-007 1.7 1.49012e-008
v 2.68221e-007 2.1 1.49012e-008
v 2.68221e-007 2.3 1.49012e-008
v 2.68221e-007 3.9 1.49012e-008
v 2.68221e-007 4.1 1.49012e-008
v 2.68221e-007 4.5 1.49012e-008
v 2.68221e-007 4.7 1.49012e-008
v 2.68221e-007 4.9 1.49012e-008
v 2.68221e-007 5 1.49012e-008
v 2.68221e-007 5.7 1.49012e-008
v 2.68221e-007 5.9 1.49012e-008
v 2.68221e-007 6.3 1.49012e-008
v 2.68221e-007 6.5 1.49012e-008
v 2.68221e-007 6.9 1.49012e-008
v 2.68221e-007 7.1 1.49012e-008
v 2.68221e-007 8.7 1.49012e-008
v 2.68221e-007 8.9 1.49012e-008
v 0.1 0.3 1.49012e-008
v 0.1 0.5 1.49012e-008
v 0.1 0.9 1.49012e-008
v 0.1 1.1 1.49012e-008
v 0.1 1.5 1.49012e-008
v 0.1 1.7 1.49012e-008
v 0.1 2.7 1.49012e-008
v 0.1 2.9 1.49012e-008
v 0.1 3.9 1.49012e-008
v 0.1 4.1 1.49012e-008
v 0.1 5.2 1.49012e-008
v 0.1 5.3 1.49012e-008
v 0.1 5.7 1.49012e-008
v 0.1 5.9 1.49012e-008
v 0.1 6.3 1.49012e-008
v 0.1 6.5 1.49012e-008
v 0.1 7.5 1.49012e-008
v 0.1 7.7 1.49012e-008
v 0.2 5.1 1.49012e-008
v 0.2 5.2 1.49012e-008
v 0.3 0 1.49012e-008
v 0.3 0.2 1.49012e-008
v 0.3 0.6 1.49012e-008
v 0.3 0.8 1.49012e-008
v 0.3 1.2 1.49012e-008
v 0.3 1.4 1.49012e-008
v 0.3 3 1.49012e-008
v 0.3 3.2 1.49012e-008
v 0.3 3.6 1.49012e-008
v 0.3 3.8 1.49012e-008
v 0.3 4.2 1.49012e-008
v 0.3 4.4 1.49012e-008
v 0.3 4.8 1.49012e-008
v 0.3 5 1.49012e-008
v 0.3 5.4 1.49012e-008
v 0.3 5.6 1.49012e-008
v 0.3 6 1.49012e-008
v 0.3 6.2 1.49012e-008
v 0.3 7.2 1.49012e-008
v 0.3 7.4 1.49012e-008
v 0.3 8.4 1.49012e-008
v 0.3 8.6 1.49012e-008
v 0.4 0 1.49012e-008
v 0.4 0.2 1.49012e-008
v 0.4 0.6 1.49012e-008
v 0.4 0.8 1.49012e-008
v 0.4 1.8 1.49012e-008
v 0.4 2 1.49012e-008
v 0.4 2.4 1.49012e-008
v 0.4 2.6 1.49012e-008
v 0.4 3 1.49012e-008
v 0.4 3.2 1.49012e-008
v 0.4 4.2 1.49012e-008
v 0.4 4.4 1.49012e-008
v 0.4 4.8 1.49012e-008
v 0.4 5 1.49012e-008
v 0.4 5.4 1.49012e-008
v 0.4 5.6 1.49012e-008
v 0.4 6.6 1.49012e-008
v 0.4 6.8 1.49012e-008
v 0.4 7.2 1.49012e-008
v 0.4 7.4 1.49012e-008
v 0.4 7.8 1.49012e-008
v 0.4 8 1.49012e-008
v 0.5 9 1.49012e-008
v 0.5 9.2 1.49012e-008
v 0.6 0.3 1.49012e-008
v 0.6 0.5 1.49012e-008
v 0.6 0.9 1.49012e-008
v 0.6 1.1 1.49012e-008
v 0.6 1.5 1.49012e-008
v 0.6 1.7 1.49012e-008
v 0.6 2.7 1.49012e-008
v 0.6 2.9 1.49012e-008
v 0.6 3.9 1.49012e-008
v 0.6 4.1 1.49012e-008
v 0.6 5.1 1.49012e-008
v 0.6 5.3 1.49012e-008
v 0.6 5.7 1.49012e-008
v 0.6 5.9 1.49012e-008
v 0.6 6.3 1.49012e-008
v 0.6 6.5 1.49012e-008
v 0.6 7.5 1.49012e-008
v 0.6 7.7 1.49012e-008
v 0.7 0.3 1.49012e-008
v 0.7 0.5 1.49012e-008
v 0.7 0.9 1.49012e-008
v 0.7 1.1 1.49012e-008
v 0.7 1.8 1.49012e-008
v 0.7 1.9 1.49012e-008
v 0.7 2.1 1.49012e-008
v 0.7 2.3 1.49012e-008
v 0.7 2.7 1.49012e-008
v 0.7 2.9 1.49012e-008
v 0.7 3.3 1.49012e-008
v 0.7 3.5 1.49012e-008
v 0.7 3.9 1.49012e-008
v 0.7 4.1 1.49012e-008
v 0.7 4.5 1.49012e-008
v 0.7 4.7 1.49012e-008
v 0.7 5.7 1.49012e-008
v 0.7 5.9 1.49012e-008
v 0.7 6.9 1.49012e-008
v 0.7 7.1 1.49012e-008
v 0.7 7.5 1.49012e-008
v 0.7 7.7 1.49012e-008
v 0.7 8.1 1.49012e-008
v 0.7 8.3 1.49012e-008
v 0.7 9.3 1.49012e-008
v 0.7 9.5 1.49012e-008
v 0.8 5.4 1.49012e-008
v 0.8 5.6 1.49012e-008
v 0.8 8.7 1.49012e-008
v 0.8 8.9 1.49012e-008
v 0.9 0 1.49012e-008
v 0.9 0.2 1.49012e-008
v 0.9 0.6 1.49012e-008
v 0.9 0.8 1.49012e-008
v 0.9 1.9 1.49012e-008
v 0.9 2 1.49012e-008
v 0.9 2.4 1.49012e-008
v 0.9 2.6 1.49012e-008
v 0.9 3 1.49012e-008
v 0.9 3.2 1.49012e-008
v 0.9 4.2 1.49012e-008
v 0.9 4.4 1.49012e-008
v 0.9 4.8 1.49012e-008
v 0.9 5 1.49012e-008
v 0.9 6.6 1.49012e-008
v 0.9 6.8 1.49012e-008
v 0.9 7.2 1.49012e-008
v 0.9 7.4 1.49012e-008
v 0.9 7.8 1.49012e-008
v 0.9 8 1.49012e-008
v 0.9 9 1.49012e-008
v 0.9 9.2 1.49012e-008
v 1 1.2 1.49012e-008
v 1 1.4 1.49012e-008
v 1 1.9 1.49012e-008
v 1 2 1.49012e-008
v 1 2.4 1.49012e-008
v 1 2.6 1.49012e-008
v 1 3 1.49012e-008
v 1 3.2 1.49012e-008
v 1 3.6 1.49012e-008
v 1 3.8 1.49012e-008
v 1 6 1.49012e-008
v 1 6.2 1.49012e-008
v 1 6.6 1.49012e-008
v 1 6.8 1.49012e-008
v 1 7.2 1.49012e-008
v 1 7.4 1.49012e-008
v 1 7.8 1.49012e-008
v 1 8 1.49012e-008
v 1 8.4 1.49012e-008
v 1 8.6 1.49012e-008
v 1 9 1.49012e-008
v 1 9.2 1.49012e-008
v 1.1 4.6 1.49012e-008
v 1.1 4.7 1.49012e-008
v 1.2 0.3 1.49012e-008
v 1.2 0.5 1.49012e-008
v 1.2 0.9 1.49012e-008
v 1.2 1.1 1.49012e-008
v 1.2 1.8 1.49012e-008
v 1.2 1.9 1.49012e-008
v 1.2 2.1 1.49012e-008
v 1.2 2.3 1.49012e-008
v 1.2 2.7 1.49012e-008
v 1.2 2.9 1.49012e-008
v 1.2 3.3 1.49012e-008
v 1.2 3.5 1.49012e-008
v 1.2 3.9 1.49012e-008
v 1.2 4.1 1.49012e-008
v 1.2 4.5 1.49012e-008
v 1.2 4.6 1.49012e-008
v 1.2 5.7 1.49012e-008
v 1.2 5.9 1.49012e-008
v 1.2 6.9 1.49012e-008
v 1.2 7.1 1.49012e-008
v 1.2 7.5 1.49012e-008
v 1.2 7.7 1.49012e-008
v 1.2 8.1 1.49012e-008
v 1.2 8.3 1.49012e-008
v 1.2 8.7 1.49012e-008
v 1.2 8.9 1.49012e-008
v 1.2 9.3 1.49012e-008
v 1.2 9.5 1.49012e-008
v 1.3 0.3 1.49012e-008
v 1.3 0.5 1.49012e-008
v 1.3 0.9 1.49012e-008
v 1.3 1.1 1.49012e-008
v 1.3 1.5 1.49012e-008
v 1.3 1.6 1.49012e-008
v 1.3 2.1 1.49012e-008
v 1.3 2.3 1.49012e-008
v 1.3 2.7 1.49012e-008
v 1.3 2.9 1.49012e-008
v 1.3 3.3 1.49012e-008
v 1.3 3.5 1.49012e-008
v 1.3 3.9 1.49012e-008
v 1.3 4.1 1.49012e-008
v 1.3 5.1 1.49012e-008
v 1.3 5.2 1.49012e-008
v 1.3 6.3 1.49012e-008
v 1.3 6.5 1.49012e-008
v 1.3 8.1 1.49012e-008
v 1.3 8.3 1.49012e-008
v 1.3 8.7 1.49012e-008
v 1.3 8.9 1.49012e-008
v 1.4 1.6 1.49012e-008
v 1.4 1.7 1.49012e-008
v 1.4 2.4 1.49012e-008
v 1.4 2.6 1.49012e-008
v 1.4 5.2 1.49012e-008
v 1.4 5.3 1.49012e-008
v 1.5 1.2 1.49012e-008
v 1.5 1.4 1.49012e-008
v 1.5 1.8 1.49012e-008
v 1.5 2 1.49012e-008
v 1.5 3 1.49012e-008
v 1.5 3.2 1.49012e-008
v 1.5 3.6 1.49012e-008
v 1.5 3.8 1.49012e-008
v 1.5 6 1.49012e-008
v 1.5 6.2 1.49012e-008
v 1.5 6.6 1.49012e-008
v 1.5 6.8 1.49012e-008
v 1.5 7.2 1.49012e-008
v 1.5 7.4 1.49012e-008
v 1.5 7.8 1.49012e-008
v 1.5 8 1.49012e-008
v 1.5 8.4 1.49012e-008
v 1.5 8.6 1.49012e-008
v 1.5 9 1.49012e-008
v 1.5 9.2 1.49012e-008
v 1.6 0 1.49012e-008
v 1.6 0.2 1.49012e-008
v 1.6 0.6 1.49012e-008
v 1.6 0.8 1.49012e-008
v 1.6 1.2 1.49012e-008
v 1.6 1.4 1.49012e-008
v 1.6 1.8 1.49012e-008
v 1.6 2 1.49012e-008
v 1.6 3 1.49012e-008
v 1.6 3.2 1.49012e-008
v 1.6 4.2 1.49012e-008
v 1.6 4.3 1.49012e-008
v 1.6 4.9 1.49012e-008
v 1.6 5 1.49012e-008
v 1.6 5.4 1.49012e-008
v 1.6 5.6 1.49012e-008
v 1.6 6 1.49012e-008
v 1.6 6.2 1.49012e-008
v 1.6 6.6 1.49012e-008
v 1.6 6.8 1.49012e-008
v 1.6 8.1 1.49012e-008
v 1.6 8.2 1.49012e-008
v 1.7 2.8 1.49012e-008
v 1.7 2.9 1.49012e-008
v 1.7 4.3 1.49012e-008
v 1.7 4.4 1.49012e-008
v 1.7 4.8 1.49012e-008
v 1.7 4.9 1.49012e-008
v 1.8 0.3 1.49012e-008
v 1.8 0.5 1.49012e-008
v 1.8 0.9 1.49012e-008
v 1.8 1.1 1.49012e-008
v 1.8 1.5 1.49012e-008
v 1.8 1.7 1.49012e-008
v 1.8 2.1 1.49012e-008
v 1.8 2.3 1.49012e-008
v 1.8 2.7 1.49012e-008
v 1.8 2.8 1.49012e-008
v 1.8 3.3 1.49012e-008
v 1.8 3.5 1.49012e-008
v 1.8 3.9 1.49012e-008
v 1.8 4.1 1.49012e-008
v 1.8 5.1 1.49012e-008
v 1.8 5.3 1.49012e-008
v 1.8 6.3 1.49012e-008
v 1.8 6.5 1.49012e-008
v 1.8 8.2 1.49012e-008
v 1.8 8.3 1.49012e-008
v 1.8 8.7 1.49012e-008
v 1.8 8.9 1.49012e-008
v 1.9 0.3 1.49012e-008
v 1.9 0.5 1.49012e-008
v 1.9 0.9 1.49012e-008
v 1.9 1.1 1.49012e-008
v 1.9 1.5 1.49012e-008
v 1.9 1.7 1.49012e-008
v 1.9 2.1 1.49012e-008
v 1.9 2.2 1.49012e-008
v 1.9 3.3 1.49012e-008
v 1.9 3.5 1.49012e-008
v 1.9 5.1 1.49012e-008
v 1.9 5.3 1.49012e-008
v 1.9 5.7 1.49012e-008
v 1.9 5.9 1.49012e-008
v 1.9 6.3 1.49012e-008
v 1.9 6.5 1.49012e-008
v 1.9 7.5 1.49012e-008
v 1.9 7.7 1.49012e-008
v 1.9 8.1 1.49012e-008
v 1.9 8.3 1.49012e-008
v 1.9 9.3 1.49012e-008
v 1.9 9.5 1.49012e-008
v 2 3 1.49012e-008
v 2 3.1 1.49012e-008
v 2 4.5 1.49012e-008
v 2 4.7 1.49012e-008
v 2.1 0 1.49012e-008
v 2.1 0.2 1.49012e-008
v 2.1 0.6 1.49012e-008
v 2.1 0.8 1.49012e-008
v 2.1 1.2 1.49012e-008
v 2.1 1.4 1.49012e-008
v 2.1 1.8 1.49012e-008
v 2.1 2 1.49012e-008
v 2.1 2.2 1.49012e-008
v 2.1 2.3 1.49012e-008
v 2.1 3.1 1.49012e-008
v 2.1 3.2 1.49012e-008
v 2.1 4.2 1.49012e-008
v 2.1 4.4 1.49012e-008
v 2.1 4.8 1.49012e-008
v 2.1 5 1.49012e-008
v 2.1 5.4 1.49012e-008
v 2.1 5.6 1.49012e-008
v 2.1 6 1.49012e-008
v 2.1 6.2 1.49012e-008
v 2.1 6.6 1.49012e-008
v 2.1 6.8 1.49012e-008
v 2.2 0 1.49012e-008
v 2.2 0.2 1.49012e-008
v 2.2 1.2 1.49012e-008
v 2.2 1.4 1.49012e-008
v 2.2 2.4 1.49012e-008
v 2.2 2.5 1.49012e-008
v 2.2 3.1 1.49012e-008
v 2.2 3.2 1.49012e-008
v 2.2 3.6 1.49012e-008
v 2.2 3.8 1.49012e-008
v 2.2 4.8 1.49012e-008
v 2.2 5 1.49012e-008
v 2.2 5.4 1.49012e-008
v 2.2 5.6 1.49012e-008
v 2.2 6 1.49012e-008
v 2.2 6.2 1.49012e-008
v 2.2 6.6 1.49012e-008
v 2.2 6.8 1.49012e-008
v 2.2 7.8 1.49012e-008
v 2.2 7.9 1.49012e-008
v 2.2 8.4 1.49012e-008
v 2.2 8.6 1.49012e-008
v 2.2 9 1.49012e-008
v 2.2 9.2 1.49012e-008
v 2.3 7.9 1.49012e-008
v 2.3 8 1.49012e-008
v 2.4 0.3 1.49012e-008
v 2.4 0.5 1.49012e-008
v 2.4 0.9 1.49012e-008
v 2.4 1.1 1.49012e-008
v 2.4 1.5 1.49012e-008
v 2.4 1.7 1.49012e-008
v 2.4 2.1 1.49012e-008
v 2.4 2.3 1.49012e-008
v 2.4 3 1.49012e-008
v 2.4 3.1 1.49012e-008
v 2.4 3.3 1.49012e-008
v 2.4 3.5 1.49012e-008
v 2.4 4.5 1.49012e-008
v 2.4 4.7 1.49012e-008
v 2.4 5.1 1.49012e-008
v 2.4 5.3 1.49012e-008
v 2.4 5.7 1.49012e-008
v 2.4 5.9 1.49012e-008
v 2.4 6.3 1.49012e-008
v 2.4 6.5 1.49012e-008
v 2.4 7.5 1.49012e-008
v 2.4 7.7 1.49012e-008
v 2.4 8.1 1.49012e-008
v 2.4 8.3 1.49012e-008
v 2.4 9.3 1.49012e-008
v 2.4 9.5 1.49012e-008
v 2.5 0.9 1.49012e-008
v 2.5 1.1 1.49012e-008
v 2.5 1.5 1.49012e-008
v 2.5 1.7 1.49012e-008
v 2.5 2.1 1.49012e-008
v 2.5 2.3 1.49012e-008
v 2.5 2.5 1.49012e-008
v 2.5 2.6 1.49012e-008
v 2.5 3.3 1.49012e-008
v 2.5 3.5 1.49012e-008
v 2.5 3.9 1.49012e-008
v 2.5 4.1 1.49012e-008
v 2.5 4.5 1.49012e-008
v 2.5 4.7 1.49012e-008
v 2.5 6.3 1.49012e-008
v 2.5 6.5 1.49012e-008
v 2.5 6.9 1.49012e-008
v 2.5 7.1 1.49012e-008
v 2.5 7.5 1.49012e-008
v 2.5 7.7 1.49012e-008
v 2.5 8.1 1.49012e-008
v 2.5 8.3 1.49012e-008
v 2.5 8.7 1.49012e-008
v 2.5 8.9 1.49012e-008
v 2.5 9.3 1.49012e-008
v 2.5 9.5 1.49012e-008
v 2.6 2.7 1.49012e-008
v 2.6 2.9 1.49012e-008
v 2.7 0 1.49012e-008
v 2.7 0.2 1.49012e-008
v 2.7 1.2 1.49012e-008
v 2.7 1.4 1.49012e-008
v 2.7 2.4 1.49012e-008
v 2.7 2.6 1.49012e-008
v 2.7 3 1.49012e-008
v 2.7 3.2 1.49012e-008
v 2.7 3.6 1.49012e-008
v 2.7 3.8 1.49012e-008
v 2.7 4.8 1.49012e-008
v 2.7 5 1.49012e-008
v 2.7 5.4 1.49012e-008
v 2.7 5.6 1.49012e-008
v 2.7 6 1.49012e-008
v 2.7 6.2 1.49012e-008
v 2.7 6.6 1.49012e-008
v 2.7 6.8 1.49012e-008
v 2.7 7.8 1.49012e-008
v 2.7 8 1.49012e-008
v 2.7 8.4 1.49012e-008
v 2.7 8.6 1.49012e-008
v 2.7 9 1.49012e-008
v 2.7 9.2 1.49012e-008
v 2.8 0 1.49012e-008
v 2.8 0.2 1.49012e-008
v 2.8 0.6 1.49012e-008
v 2.8 0.8 1.49012e-008
v 2.8 1.8 1.49012e-008
v 2.8 2 1.49012e-008
v 2.8 2.4 1.49012e-008
v 2.8 2.6 1.49012e-008
v 2.8 3.6 1.49012e-008
v 2.8 3.8 1.49012e-008
v 2.8 4.2 1.49012e-008
v 2.8 4.4 1.49012e-008
v 2.8 4.8 1.49012e-008
v 2.8 5 1.49012e-008
v 2.8 6 1.49012e-008
v 2.8 6.2 1.49012e-008
v 2.8 7.2 1.49012e-008
v 2.8 7.4 1.49012e-008
v 2.8 7.8 1.49012e-008
v 2.8 8 1.49012e-008
v 2.8 8.4 1.49012e-008
v 2.8 8.6 1.49012e-008
v 2.8 9 1.49012e-008
v 2.8 9.2 1.49012e-008
v 3 0.9 1.49012e-008
v 3 1.1 1.49012e-008
v 3 1.5 1.49012e-008
v 3 1.7 1.49012e-008
v 3 2.1 1.49012e-008
v 3 2.3 1.49012e-008
v 3 2.7 1.49012e-008
v 3 2.9 1.49012e-008
v 3 3.3 1.49012e-008
v 3 3.5 1.49012e-008
v 3 3.9 1.49012e-008
v 3 4.1 1.49012e-008
v 3 4.5 1.49012e-008
v 3 4.7 1.49012e-008
v 3 6.3 1.49012e-008
v 3 6.5 1.49012e-008
v 3 6.9 1.49012e-008
v 3 7.1 1.49012e-008
v 3 7.5 1.49012e-008
v 3 7.7 1.49012e-008
v 3 8.1 1.49012e-008
v 3 8.3 1.49012e-008
v 3 8.7 1.49012e-008
v 3 8.9 1.49012e-008
v 3 9.3 1.49012e-008
v 3 9.5 1.49012e-008
v 3.1 0.9 1.49012e-008
v 3.1 1.1 1.49012e-008
v 3.1 1.8 1.49012e-008
v 3.1 1.9 1.49012e-008
v 3.1 2.1 1.49012e-008
v 3.1 2.3 1.49012e-008
v 3.1 2.7 1.49012e-008
v 3.1 2.9 1.49012e-008
v 3.1 3.9 1.49012e-008
v 3.1 4.1 1.49012e-008
v 3.1 5.1 1.49012e-008
v 3.1 5.3 1.49012e-008
v 3.1 5.7 1.49012e-008
v 3.1 5.9 1.49012e-008
v 3.1 6.9 1.49012e-008
v 3.1 7.1 1.49012e-008
v 3.1 8.1 1.49012e-008
v 3.1 8.3 1.49012e-008
v 3.1 8.7 1.49012e-008
v 3.1 8.9 1.49012e-008
v 3.1 9.3 1.49012e-008
v 3.1 9.5 1.49012e-008
v 3.3 0 1.49012e-008
v 3.3 0.2 1.49012e-008
v 3.3 0.6 1.49012e-008
v 3.3 0.8 1.49012e-008
v 3.3 1.9 1.49012e-008
v 3.3 2 1.49012e-008
v 3.3 2.4 1.49012e-008
v 3.3 2.6 1.49012e-008
v 3.3 3.6 1.49012e-008
v 3.3 3.8 1.49012e-008
v 3.3 4.2 1.49012e-008
v 3.3 4.4 1.49012e-008
v 3.3 4.8 1.49012e-008
v 3.3 5 1.49012e-008
v 3.3 6 1.49012e-008
v 3.3 6.2 1.49012e-008
v 3.3 7.2 1.49012e-008
v 3.3 7.4 1.49012e-008
v 3.3 7.8 1.49012e-008
v 3.3 8 1.49012e-008
v 3.3 8.4 1.49012e-008
v 3.3 8.6 1.49012e-008
v 3.3 9 1.49012e-008
v 3.3 9.2 1.49012e-008
v 3.4 0 1.49012e-008
v 3.4 0.2 1.49012e-008
v 3.4 0.6 1.49012e-008
v 3.4 0.8 1.49012e-008
v 3.4 1.2 1.49012e-008
v 3.4 1.3 1.49012e-008
v 3.4 1.9 1.49012e-008
v 3.4 2 1.49012e-008
v 3.4 2.4 1.49012e-008
v 3.4 2.6 1.49012e-008
v 3.4 3 1.49012e-008
v 3.4 3.2 1.49012e-008
v 3.4 3.6 1.49012e-008
v 3.4 3.8 1.49012e-008
v 3.4 4.2 1.49012e-008
v 3.4 4.4 1.49012e-008
v 3.4 4.8 1.49012e-008
v 3.4 5 1.49012e-008
v 3.4 5.4 1.49012e-008
v 3.4 5.6 1.49012e-008
v 3.4 6 1.49012e-008
v 3.4 6.2 1.49012e-008
v 3.4 6.6 1.49012e-008
v 3.4 6.8 1.49012e-008
v 3.4 7.2 1.49012e-008
v 3.4 7.4 1.49012e-008
v 3.4 7.8 1.49012e-008
v 3.4 8 1.49012e-008
v 3.4 8.4 1.49012e-008
v 3.4 8.6 1.49012e-008
v 3.4 9 1.49012e-008
v 3.4 9.2 1.49012e-008
v 3.5 1.3 1.49012e-008
v 3.5 1.4 1.49012e-008
v 3.6 0.9 1.49012e-008
v 3.6 1.1 1.49012e-008
v 3.6 1.8 1.49012e-008
v 3.6 1.9 1.49012e-008
v 3.6 2.1 1.49012e-008
v 3.6 2.3 1.49012e-008
v 3.6 2.7 1.49012e-008
v 3.6 2.9 1.49012e-008
v 3.6 3.9 1.49012e-008
v 3.6 4.1 1.49012e-008
v 3.6 5.1 1.49012e-008
v 3.6 5.3 1.49012e-008
v 3.6 5.7 1.49012e-008
v 3.6 5.9 1.49012e-008
v 3.6 6.9 1.49012e-008
v 3.6 7.1 1.49012e-008
v 3.6 8.1 1.49012e-008
v 3.6 8.3 1.49012e-008
v 3.6 8.7 1.49012e-008
v 3.6 8.9 1.49012e-008
v 3.6 9.3 1.49012e-008
v 3.6 9.5 1.49012e-008
v 3.7 0.3 1.49012e-008
v 3.7 0.5 1.49012e-008
v 3.7 0.9 1.49012e-008
v 3.7 1.1 1.49012e-008
v 3.7 1.5 1.49012e-008
v 3.7 1.6 1.49012e-008
v 3.7 3.3 1.49012e-008
v 3.7 3.5 1.49012e-008
v 3.7 4.5 1.49012e-008
v 3.7 4.7 1.49012e-008
v 3.7 5.7 1.49012e-008
v 3.7 5.9 1.49012e-008
v 3.7 6.3 1.49012e-008
v 3.7 6.5 1.49012e-008
v 3.7 6.9 1.49012e-008
v 3.7 7.1 1.49012e-008
v 3.7 8.1 1.49012e-008
v 3.7 8.3 1.49012e-008
v 3.7 8.7 1.49012e-008
v 3.7 8.9 1.49012e-008
v 3.7 9.3 1.49012e-008
v 3.7 9.5 1.49012e-008
v 3.8 1.6 1.49012e-008
v 3.8 1.7 1.49012e-008
v 3.9 0 1.49012e-008
v 3.9 0.2 1.49012e-008
v 3.9 0.6 1.49012e-008
v 3.9 0.8 1.49012e-008
v 3.9 1.2 1.49012e-008
v 3.9 1.4 1.49012e-008
v 3.9 1.8 1.49012e-008
v 3.9 2 1.49012e-008
v 3.9 2.4 1.49012e-008
v 3.9 2.6 1.49012e-008
v 3.9 3 1.49012e-008
v 3.9 3.2 1.49012e-008
v 3.9 3.6 1.49012e-008
v 3.9 3.8 1.49012e-008
v 3.9 4.2 1.49012e-008
v 3.9 4.4 1.49012e-008
v 3.9 4.8 1.49012e-008
v 3.9 5 1.49012e-008
v 3.9 5.4 1.49012e-008
v 3.9 5.6 1.49012e-008
v 3.9 6 1.49012e-008
v 3.9 6.2 1.49012e-008
v 3.9 6.6 1.49012e-008
v 3.9 6.8 1.49012e-008
v 3.9 7.2 1.49012e-008
v 3.9 7.4 1.49012e-008
v 3.9 7.8 1.49012e-008
v 3.9 8 1.49012e-008
v 3.9 8.4 1.49012e-008
v 3.9 8.6 1.49012e-008
v 3.9 9 1.49012e-008
v 3.9 9.2 1.49012e-008
v 4 0 1.49012e-008
v 4 0.2 1.49012e-008
v 4 1.8 1.49012e-008
v 4 2 1.49012e-008
v 4 2.4 1.49012e-008
v 4 2.6 1.49012e-008
v 4 3 1.49012e-008
v 4 3.2 1.49012e-008
v 4 3.6 1.49012e-008
v 4 3.8 1.49012e-008
v 4 4.2 1.49012e-008
v 4 4.4 1.49012e-008
v 4 4.8 1.49012e-008
v 4 5 1.49012e-008
v 4 5.4 1.49012e-008
v 4 5.6 1.49012e-008
v 4 6.6 1.49012e-008
v 4 6.8 1.49012e-008
v 4 7.2 1.49012e-008
v 4 7.4 1.49012e-008
v 4 7.8 1.49012e-008
v 4 8 1.49012e-008
v 4.2 0.3 1.49012e-008
v 4.2 0.5 1.49012e-008
v 4.2 0.9 1.49012e-008
v 4.2 1.1 1.49012e-008
v 4.2 1.5 1.49012e-008
v 4.2 1.7 1.49012e-008
v 4.2 3.3 1.49012e-008
v 4.2 3.5 1.49012e-008
v 4.2 4.5 1.49012e-008
v 4.2 4.7 1.49012e-008
v 4.2 5.7 1.49012e-008
v 4.2 5.9 1.49012e-008
v 4.2 6.3 1.49012e-008
v 4.2 6.5 1.49012e-008
v 4.2 6.9 1.49012e-008
v 4.2 7.1 1.49012e-008
v 4.2 8.1 1.49012e-008
v 4.2 8.3 1.49012e-008
v 4.2 8.7 1.49012e-008
v 4.2 8.9 1.49012e-008
v 4.2 9.3 1.49012e-008
v 4.2 9.5 1.49012e-008
v 4.3 0.3 1.49012e-008
v 4.3 0.5 1.49012e-008
v 4.3 0.9 1.49012e-008
v 4.3 1.1 1.49012e-008
v 4.3 1.5 1.49012e-008
v 4.3 1.7 1.49012e-008
v 4.3 2.7 1.49012e-008
v 4.3 2.9 1.49012e-008
v 4.3 3.3 1.49012e-008
v 4.3 3.5 1.49012e-008
v 4.3 3.9 1.49012e-008
v 4.3 4.1 1.49012e-008
v 4.3 4.5 1.49012e-008
v 4.3 4.7 1.49012e-008
v 4.3 5.1 1.49012e-008
v 4.3 5.3 1.49012e-008
v 4.3 5.7 1.49012e-008
v 4.3 5.9 1.49012e-008
v 4.3 6.3 1.49012e-008
v 4.3 6.5 1.49012e-008
v 4.3 7.5 1.49012e-008
v 4.3 7.7 1.49012e-008
v 4.3 8.1 1.49012e-008
v 4.3 8.3 1.49012e-008
v 4.3 8.7 1.49012e-008
v 4.3 8.9 1.49012e-008
v 4.3 9.3 1.49012e-008
v 4.3 9.5 1.49012e-008
v 4.5 0 1.49012e-008
v 4.5 0.2 1.49012e-008
v 4.5 1.8 1.49012e-008
v 4.5 2 1.49012e-008
v 4.5 2.4 1.49012e-008
v 4.5 2.6 1.49012e-008
v 4.5 3 1.49012e-008
v 4.5 3.2 1.49012e-008
v 4.5 3.6 1.49012e-008
v 4.5 3.8 1.49012e-008
v 4.5 4.2 1.49012e-008
v 4.5 4.4 1.49012e-008
v 4.5 4.8 1.49012e-008
v 4.5 5 1.49012e-008
v 4.5 5.4 1.49012e-008
v 4.5 5.6 1.49012e-008
v 4.5 6.6 1.49012e-008
v 4.5 6.8 1.49012e-008
v 4.5 7.2 1.49012e-008
v 4.5 7.4 1.49012e-008
v 4.5 7.8 1.49012e-008
v 4.5 8 1.49012e-008
v 4.6 0 1.49012e-008
v 4.6 0.2 1.49012e-008
v 4.6 0.6 1.49012e-008
v 4.6 0.8 1.49012e-008
v 4.6 1.2 1.49012e-008
v 4.6 1.4 1.49012e-008
v 4.6 1.8 1.49012e-008
v 4.6 2 1.49012e-008
v 4.6 2.4 1.49012e-008
v 4.6 2.6 1.49012e-008
v 4.6 3 1.49012e-008
v 4.6 3.2 1.49012e-008
v 4.6 3.6 1.49012e-008
v 4.6 3.8 1.49012e-008
v 4.6 4.2 1.49012e-008
v 4.6 4.4 1.49012e-008
v 4.6 5.4 1.49012e-008
v 4.6 5.6 1.49012e-008
v 4.6 6 1.49012e-008
v 4.6 6.2 1.49012e-008
v 4.6 6.6 1.49012e-008
v 4.6 6.8 1.49012e-008
v 4.6 7.2 1.49012e-008
v 4.6 7.4 1.49012e-008
v 4.6 8.4 1.49012e-008
v 4.6 8.6 1.49012e-008
v 4.8 0.3 1.49012e-008
v 4.8 0.5 1.49012e-008
v 4.8 0.9 1.49012e-008
v 4.8 1.1 1.49012e-008
v 4.8 1.5 1.49012e-008
v 4.8 1.7 1.49012e-008
v 4.8 2.7 1.49012e-008
v 4.8 2.9 1.49012e-008
v 4.8 3.3 1.49012e-008
v 4.8 3.5 1.49012e-008
v 4.8 3.9 1.49012e-008
v 4.8 4.1 1.49012e-008
v 4.8 4.5 1.49012e-008
v 4.8 4.7 1.49012e-008
v 4.8 5.1 1.49012e-008
v 4.8 5.3 1.49012e-008
v 4.8 5.7 1.49012e-008
v 4.8 5.9 1.49012e-008
v 4.8 6.3 1.49012e-008
v 4.8 6.5 1.49012e-008
v 4.8 7.5 1.49012e-008
v 4.8 7.7 1.49012e-008
v 4.8 8.1 1.49012e-008
v 4.8 8.3 1.49012e-008
v 4.8 8.7 1.49012e-008
v 4.8 8.9 1.49012e-008
v 4.8 9.3 1.49012e-008
v 4.8 9.5 1.49012e-008
v 4.9 0.3 1.49012e-008
v 4.9 0.5 1.49012e-008
v 4.9 0.9 1.49012e-008
v 4.9 1.1 1.49012e-008
v 4.9 1.5 1.49012e-008
v 4.9 1.7 1.49012e-008
v 4.9 2.1 1.49012e-008
v 4.9 2.3 1.49012e-008
v 4.9 2.7 1.49012e-008
v 4.9 2.9 1.49012e-008
v 4.9 3.3 1.49012e-008
v 4.9 3.5 1.49012e-008
v 4.9 3.9 1.49012e-008
v 4.9 4.1 1.49012e-008
v 4.9 4.5 1.49012e-008
v 4.9 4.7 1.49012e-008
v 4.9 5.1 1.49012e-008
v 4.9 5.3 1.49012e-008
v 4.9 5.7 1.49012e-008
v 4.9 5.9 1.49012e-008
v 4.9 6.3 1.49012e-008
v 4.9 6.5 1.49012e-008
v 4.9 6.9 1.49012e-008
v 4.9 7.1 1.49012e-008
v 4.9 7.5 1.49012e-008
v 4.9 7.7 1.49012e-008
v 4.9 8.1 1.49012e-008
v 4.9 8.3 1.49012e-008
v 4.9 8.7 1.49012e-008
v 4.9 8.9 1.49012e-008
v 4.9 9.3 1.49012e-008
v 4.9 9.5 1.49012e-008
v 5.1 0 1.49012e-008
v 5.1 0.2 1.49012e-008
v 5.1 0.3 1.49012e-008
v 5.1 0.5 1.49012e-008
v 5.1 0.6 1.49012e-008
v 5.1 0.8 1.49012e-008
v 5.1 0.9 1.49012e-008
v 5.1 1.1 1.49012e-008
v 5.1 1.2 1.49012e-008
v 5.1 1.4 1.49012e-008
v 5.1 1.5 1.49012e-008
v 5.1 1.7 1.49012e-008
v 5.1 1.8 1.49012e-008
v 5.1 2 1.49012e-008
v 5.1 2.1 1.49012e-008
v 5.1 2.3 1.49012e-008
v 5.1 2.4 1.49012e-008
v 5.1 2.6 1.49012e-008
v 5.1 2.7 1.49012e-008
v 5.1 2.9 1.49012e-008
v 5.1 3 1.49012e-008
v 5.1 3.2 1.49012e-008
v 5.1 3.3 1.49012e-008
v 5.1 3.5 1.49012e-008
v 5.1 3.6 1.49012e-008
v 5.1 3.8 1.49012e-008
v 5.1 3.9 1.49012e-008
v 5.1 4.1 1.49012e-008
v 5.1 4.2 1.49012e-008
v 5.1 4.4 1.49012e-008
v 5.1 4.5 1.49012e-008
v 5.1 4.7 1.49012e-008
v 5.1 5.1 1.49012e-008
v 5.1 5.3 1.49012e-008
v 5.1 5.4 1.49012e-008
v 5.1 5.6 1.49012e-008
v 5.1 5.7 1.49012e-008
v 5.1 5.9 1.49012e-008
v 5.1 6 1.49012e-008
v 5.1 6.2 1.49012e-008
v 5.1 6.3 1.49012e-008
v 5.1 6.5 1.49012e-008
v 5.1 6.6 1.49012e-008
v 5.1 6.8 1.49012e-008
v 5.1 6.9 1.49012e-008
v 5.1 7.1 1.49012e-008
v 5.1 7.2 1.49012e-008
v 5.1 7.4 1.49012e-008
v 5.1 7.5 1.49012e-008
v 5.1 7.7 1.49012e-008
v 5.1 8.1 1.49012e-008
v 5.1 8.3 1.49012e-008
v 5.1 8.4 1.49012e-008
v 5.1 8.6 1.49012e-008
v 5.1 8.7 1.49012e-008
v 5.1 8.9 1.49012e-008
v 5.1 9.3 1.49012e-008
v 5.1 9.5 1.49012e-008
v -5 0 0.5
v -4.5 0 0.5
v -4.4 0 0.5
v -3.9 0 0.5
v -3.2 0 0.5
v -2.7 0 0.5
v -2.6 0 0.5
v -2.1 0 0.5
v -2 0 0.5
v -1.5 0 0.5
v -0.8 0 0.5
v -0.3 0 0.5
v -0.2 0 0.5
v 0.3 0 0.5
v 0.4 0 0.5
v 0.9 0 0.5
v 1.6 0 0.5
v 2.1 0 0.5
v 2.2 0 0.5
v 2.7 0 0.5
v 2.8 0 0.5
v 3.3 0 0.5
v 3.4 0 0.5
v 3.9 0 0.5
v 4 0 0.5
v 4.5 0 0.5
v 4.6 0 0.5
v 5.1 0 0.5
v -5.1 0 0.4
v -5 0 0.4
v -4.5 0 0.4
v -4.4 0 0.4
v -3.9 0 0.4
v -3.8 0 0.4
v -3.3 0 0.4
v -3.2 0 0.4
v -2.7 0 0.4
v -2.6 0 0.4
v -2.1 0 0.4
v -2 0 0.4
v -1.5 0 0.4
v -1.4 0 0.4
v -0.9 0 0.4
v -0.8 0 0.4
v -0.3 0 0.4
v -0.2 0 0.4
v 0.3 0 0.4
v 0.4 0 0.4
v 0.9 0 0.4
v 1 0 0.4
v 1.5 0 0.4
v 1.6 0 0.4
v 2.1 0 0.4
v 2.2 0 0.4
v 2.7 0 0.4
v 2.8 0 0.4
v 3.3 0 0.4
v 3.4 0 0.4
v 3.9 0 0.4
v 4 0 0.4
v 4.5 0 0.4
v 4.6 0 0.4
v -5.1 0 0.1
v -5 0 0.1
v -4.5 0 0.1
v -4.4 0 0.1
v -3.9 0 0.1
v -3.8 0 0.1
v -3.3 0 0.1
v -3.2 0 0.1
v -2.7 0 0.1
v -2.6 0 0.1
v -2.1 0 0.1
v -2 0 0.1
v -1.5 0 0.1
v -1.4 0 0.1
v -0.9 0 0.1
v -0.8 0 0.1
v -0.3 0 0.1
v -0.2 0 0.1
v 0.3 0 0.1
v 0.4 0 0.1
v 0.9 0 0.1
v 1 0 0.1
v 1.5 0 0.1
v 1.6 0 0.1
v 2.1 0 0.1
v 2.2 0 0.1
v 2.7 0 0.1
v 2.8 0 0.1
v 3.3 0 0.1
v 3.4 0 0.1
v 3.9 0 0.1
v 4 0 0.1
v 4.5 0 0.1
v 4.6 0 0.1
v -5 0 1.49012e-008
v -4.5 0 1.49012e-008
v -4.4 0 1.49012e-008
v -3.9 0 1.49012e-008
v -3.2 0 1.49012e-008
v -2.7 0 1.49012e-008
v -2.6 0 1.49012e-008
v -2.1 0 1.49012e-008
v -2 0 1.49012e-008
v -1.5 0 1.49012e-008
v -0.8 0 1.49012e-008
v -0.3 0 1.49012e-008
v -0.2 0 1.49012e-008
v 0.3 0 1.49012e-008
v 0.4 0 1.49012e-008
v 0.9 0 1.49012e-008
v 1.6 0 1.49012e-008
v 2.1 0 1.49012e-008
v 2.2 0 1.49012e-008
v 2.7 0 1.49012e-008
v 2.8 0 1.49012e-008
v 3.3 0 1.49012e-008
v 3.4 0 1.49012e-008
v 3.9 0 1.49012e-008
v 4 0 1.49012e-008
v 4.5 0 1.49012e-008
v 4.6 0 1.49012e-008
v 5.1 0 1.49012e-008
v -5.1 0.3 0.5
v -4.8 0.3 0.5
v -4.7 0.3 0.5
v -4.2 0.3 0.5
v -4.1 0.3 0.5
v -3.6 0.3 0.5
v -3.5 0.3 0.5
v -3 0.3 0.5
v -2.9 0.3 0.5
v -2.4 0.3 0.5
v -2.3 0.3 0.5
v -1.8 0.3 0.5
v -1.7 0.3 0.5
v -1.2 0.3 0.5
v -1.1 0.3 0.5
v -0.6 0.3 0.5
v 0.1 0.3 0.5
v 0.6 0.3 0.5
v 0.7 0.3 0.5
v 1.2 0.3 0.5
v 1.3 0.3 0.5
v 1.8 0.3 0.5
v 1.9 0.3 0.5
v 2.4 0.3 0.5
v 3.7 0.3 0.5
v 4.2 0.3 0.5
v 4.3 0.3 0.5
v 4.8 0.3 0.5
v 4.9 0.3 0.5
v 5.1 0.3 0.5
v -5.1 0.3 0.4
v -4.8 0.3 0.4
v -4.7 0.3 0.4
v -4.2 0.3 0.4
v -4.1 0.3 0.4
v -3.6 0.3 0.4
v -3.5 0.3 0.4
v -3 0.3 0.4
v -2.9 0.3 0.4
v -2.4 0.3 0.4
v -2.3 0.3 0.4
v -1.8 0.3 0.4
v -1.7 0.3 0.4
v -1.2 0.3 0.4
v -1.1 0.3 0.4
v -0.6 0.3 0.4
v 0.1 0.3 0.4
v 0.6 0.3 0.4
v 0.7 0.3 0.4
v 1.2 0.3 0.4
v 1.3 0.3 0.4
v 1.8 0.3 0.4
v 1.9 0.3 0.4
v 2.4 0.3 0.4
v 3.7 0.3 0.4
v 4.2 0.3 0.4
v 4.3 0.3 0.4
v 4.8 0.3 0.4
v 4.9 0.3 0.4
v 5.1 0.3 0.4
v -5.1 0.3 0.1
v -4.8 0.3 0.1
v -4.7 0.3 0.1
v -4.2 0.3 0.1
v -4.1 0.3 0.1
v -3.6 0.3 0.1
v -3.5 0.3 0.1
v -3 0.3 0.1
v -2.9 0.3 0.1
v -2.4 0.3 0.1
v -2.3 0.3 0.1
v -1.8 0.3 0.1
v -1.7 0.3 0.1
v -1.2 0.3 0.1
v -1.1 0.3 0.1
v -0.6 0.3 0.1
v 0.1 0.3 0.1
v 0.6 0.3 0.1
v 0.7 0.3 0.1
v 1.2 0.3 0.1
v 1.3 0.3 0.1
v 1.8 0.3 0.1
v 1.9 0.3 0.1
v 2.4 0.3 0.1
v 3.7 0.3 0.1
v 4.2 0.3 0.1
v 4.3 0.3 0.1
v 4.8 0.3 0.1
v 4.9 0.3 0.1
v 5.1 0.3 0.1
v -5.1 0.3 1.49012e-008
v -4.8 0.3 1.49012e-008
v -4.7 0.3 1.49012e-008
v -4.2 0.3 1.49012e-008
v -4.1 0.3 1.49012e-008
v -3.6 0.3 1.49012e-008
v -3.5 0.3 1.49012e-008
v -3 0.3 1.49012e-008
v -2.9 0.3 1.49012e-008
v -2.4 0.3 1.49012e-008
v -2.3 0.3 1.49012e-008
v -1.8 0.3 1.49012e-008
v -1.7 0.3 1.49012e-008
v -1.2 0.3 1.49012e-008
v -1.1 0.3 1.49012e-008
v -0.6 0.3 1.49012e-008
v 0.1 0.3 1.49012e-008
v 0.6 0.3 1.49012e-008
v 0.7 0.3 1.49012e-008
v 1.2 0.3 1.49012e-008
v 1.3 0.3 1.49012e-008
v 1.8 0.3 1.49012e-008
v 1.9 0.3 1.49012e-008
v 2.4 0.3 1.49012e-008
v 3.7 0.3 1.49012e-008
v 4.2 0.3 1.49012e-008
v 4.3 0.3 1.49012e-008
v 4.8 0.3 1.49012e-008
v 4.9 0.3 1.49012e-008
v 5.1 0.3 1.49012e-008
v -5 0.6 0.5
v -4.5 0.6 0.5
v -3.7 0.6 0.5
v -3.3 0.6 0.5
v -3.2 0.6 0.5
v -2.7 0.6 0.5
v -2 0.6 0.5
v -1.5 0.6 0.5
v -1.4 0.6 0.5
v -0.9 0.6 0.5
v -0.0999997 0.6 0.5
v 0.3 0.6 0.5
v 0.4 0.6 0.5
v 0.9 0.6 0.5
v 1.6 0.6 0.5
v 2.1 0.6 0.5
v 2.8 0.6 0.5
v 3.3 0.6 0.5
v 3.4 0.6 0.5
v 3.9 0.6 0.5
v 4.6 0.6 0.5
v 5.1 0.6 0.5
v -5 0.6 0.4
v -4.5 0.6 0.4
v -3.7 0.6 0.4
v -3.3 0.6 0.4
v -3.2 0.6 0.4
v -2.7 0.6 0.4
v -2 0.6 0.4
v -1.5 0.6 0.4
v -1.4 0.6 0.4
v -0.9 0.6 0.4
v -0.0999997 0.6 0.4
v 0.3 0.6 0.4
v 0.4 0.6 0.4
v 0.9 0.6 0.4
v 1.6 0.6 0.4
v 2.1 0.6 0.4
v 2.8 0.6 0.4
v 3.3 0.6 0.4
v 3.4 0.6 0.4
v 3.9 0.6 0.4
v 4.6 0.6 0.4
v 5.1 0.6 0.4
v -5 0.6 0.1
v -4.5 0.6 0.1
v -3.7 0.6 0.1
v -3.3 0.6 0.1
v -3.2 0.6 0.1
v -2.7 0.6 0.1
v -2 0.6 0.1
v -1.5 0.6 0.1
v -1.4 0.6 0.1
v -0.9 0.6 0.1
v -0.0999997 0.6 0.1
v 0.3 0.6 0.1
v 0.4 0.6 0.1
v 0.9 0.6 0.1
v 1.6 0.6 0.1
v 2.1 0.6 0.1
v 2.8 0.6 0.1
v 3.3 0.6 0.1
v 3.4 0.6 0.1
v 3.9 0.6 0.1
v 4.6 0.6 0.1
v 5.1 0.6 0.1
v -5 0.6 1.49012e-008
v -4.5 0.6 1.49012e-008
v -3.7 0.6 1.49012e-008
v -3.3 0.6 1.49012e-008
v -3.2 0.6 1.49012e-008
v -2.7 0.6 1.49012e-008
v -2 0.6 1.49012e-008
v -1.5 0.6 1.49012e-008
v -1.4 0.6 1.49012e-008
v -0.9 0.6 1.49012e-008
v -0.0999997 0.6 1.49012e-008
v 0.3 0.6 1.49012e-008
v 0.4 0.6 1.49012e-008
v 0.9 0.6 1.49012e-008
v 1.6 0.6 1.49012e-008
v 2.1 0.6 1.49012e-008
v 2.8 0.6 1.49012e-008
v 3.3 0.6 1.49012e-008
v 3.4 0.6 1.49012e-008
v 3.9 0.6 1.49012e-008
v 4.6 0.6 1.49012e-008
v 5.1 0.6 1.49012e-008
v -0.2 0.7 0.5
v -0.0999997 0.7 0.5
v -0.2 0.7 0.4
v -0.0999997 0.7 0.4
v -0.2 0.7 0.1
v -0.0999997 0.7 0.1
v -0.2 0.7 1.49012e-008
v -0.0999997 0.7 1.49012e-008
v -5.1 0.9 0.5
v -4.8 0.9 0.5
v -4.7 0.9 0.5
v -4.3 0.9 0.5
v -3.5 0.9 0.5
v -3 0.9 0.5
v -2.9 0.9 0.5
v -2.4 0.9 0.5
v -2.3 0.9 0.5
v -1.8 0.9 0.5
v -1.7 0.9 0.5
v -1.2 0.9 0.5
v -1.1 0.9 0.5
v -0.6 0.9 0.5
v -0.5 0.9 0.5
v 2.68221e-007 0.9 0.5
v 0.1 0.9 0.5
v 0.6 0.9 0.5
v 0.7 0.9 0.5
v 1.2 0.9 0.5
v 1.3 0.9 0.5
v 1.8 0.9 0.5
v 1.9 0.9 0.5
v 2.4 0.9 0.5
v 2.5 0.9 0.5
v 3 0.9 0.5
v 3.1 0.9 0.5
v 3.6 0.9 0.5
v 3.7 0.9 0.5
v 4.2 0.9 0.5
v 4.3 0.9 0.5
v 4.8 0.9 0.5
v 4.9 0.9 0.5
v 5.1 0.9 0.5
v -5.1 0.9 0.4
v -4.8 0.9 0.4
v -4.7 0.9 0.4
v -4.3 0.9 0.4
v -3.5 0.9 0.4
v -3 0.9 0.4
v -2.9 0.9 0.4
v -2.4 0.9 0.4
v -2.3 0.9 0.4
v -1.8 0.9 0.4
v -1.7 0.9 0.4
v -1.2 0.9 0.4
v -1.1 0.9 0.4
v -0.6 0.9 0.4
v -0.5 0.9 0.4
v 2.68221e-007 0.9 0.4
v 0.1 0.9 0.4
v 0.6 0.9 0.4
v 0.7 0.9 0.4
v 1.2 0.9 0.4
v 1.3 0.9 0.4
v 1.8 0.9 0.4
v 1.9 0.9 0.4
v 2.4 0.9 0.4
v 2.5 0.9 0.4
v 3 0.9 0.4
v 3.1 0.9 0.4
v 3.6 0.9 0.4
v 3.7 0.9 0.4
v 4.2 0.9 0.4
v 4.3 0.9 0.4
v 4.8 0.9 0.4
v 4.9 0.9 0.4
v 5.1 0.9 0.4
v -5.1 0.9 0.1
v -4.8 0.9 0.1
v -4.7 0.9 0.1
v -4.3 0.9 0.1
v -3.5 0.9 0.1
v -3 0.9 0.1
v -2.9 0.9 0.1
v -2.4 0.9 0.1
v -2.3 0.9 0.1
v -1.8 0.9 0.1
v -1.7 0.9 0.1
v -1.2 0.9 0.1
v -1.1 0.9 0.1
v -0.6 0.9 0.1
v -0.5 0.9 0.1
v 2.68221e-007 0.9 0.1
v 0.1 0.9 0.1
v 0.6 0.9 0.1
v 0.7 0.9 0.1
v 1.2 0.9 0.1
v 1.3 0.9 0.1
v 1.8 0.9 0.1
v 1.9 0.9 0.1
v 2.4 0.9 0.1
v 2.5 0.9 0.1
v 3 0.9 0.1
v 3.1 0.9 0.1
v 3.6 0.9 0.1
v 3.7 0.9 0.1
v 4.2 0.9 0.1
v 4.3 0.9 0.1
v 4.8 0.9 0.1
v 4.9 0.9 0.1
v 5.1 0.9 0.1
v -5.1 0.9 1.49012e-008
v -4.8 0.9 1.49012e-008
v -4.7 0.9 1.49012e-008
v -4.3 0.9 1.49012e-008
v -3.5 0.9 1.49012e-008
v -3 0.9 1.49012e-008
v -2.9 0.9 1.49012e-008
v -2.4 0.9 1.49012e-008
v -2.3 0.9 1.49012e-008
v -1.8 0.9 1.49012e-008
v -1.7 0.9 1.49012e-008
v -1.2 0.9 1.49012e-008
v -1.1 0.9 1.49012e-008
v -0.6 0.9 1.49012e-008
v -0.5 0.9 1.49012e-008
v 2.68221e-007 0.9 1.49012e-008
v 0.1 0.9 1.49012e-008
v 0.6 0.9 1.49012e-008
v 0.7 0.9 1.49012e-008
v 1.2 0.9 1.49012e-008
v 1.3 0.9 1.49012e-008
v 1.8 0.9 1.49012e-008
v 1.9 0.9 1.49012e-008
v 2.4 0.9 1.49012e-008
v 2.5 0.9 1.49012e-008
v 3 0.9 1.49012e-008
v 3.1 0.9 1.49012e-008
v 3.6 0.9 1.49012e-008
v 3.7 0.9 1.49012e-008
v 4.2 0.9 1.49012e-008
v 4.3 0.9 1.49012e-008
v 4.8 0.9 1.49012e-008
v 4.9 0.9 1.49012e-008
v 5.1 0.9 1.49012e-008
v -5 1.2 0.5
v -4.5 1.2 0.5
v -4.4 1.2 0.5
v -4 1.2 0.5
v -3.5 1.2 0.5
v -3.3 1.2 0.5
v -2.6 1.2 0.5
v -2.1 1.2 0.5
v -2 1.2 0.5
v -1.5 1.2 0.5
v -0.8 1.2 0.5
v -0.3 1.2 0.5
v -0.2 1.2 0.5
v 0.3 1.2 0.5
v 1 1.2 0.5
v 1.5 1.2 0.5
v 1.6 1.2 0.5
v 2.1 1.2 0.5
v 2.2 1.2 0.5
v 2.7 1.2 0.5
v 3.4 1.2 0.5
v 3.9 1.2 0.5
v 4.6 1.2 0.5
v 5.1 1.2 0.5
v -5 1.2 0.4
v -4.5 1.2 0.4
v -4.4 1.2 0.4
v -4 1.2 0.4
v -3.5 1.2 0.4
v -3.3 1.2 0.4
v -2.6 1.2 0.4
v -2.1 1.2 0.4
v -2 1.2 0.4
v -1.5 1.2 0.4
v -0.8 1.2 0.4
v -0.3 1.2 0.4
v -0.2 1.2 0.4
v 0.3 1.2 0.4
v 1 1.2 0.4
v 1.5 1.2 0.4
v 1.6 1.2 0.4
v 2.1 1.2 0.4
v 2.2 1.2 0.4
v 2.7 1.2 0.4
v 3.4 1.2 0.4
v 3.9 1.2 0.4
v 4.6 1.2 0.4
v 5.1 1.2 0.4
v -5 1.2 0.1
v -4.5 1.2 0.1
v -4.4 1.2 0.1
v -4 1.2 0.1
v -3.5 1.2 0.1
v -3.3 1.2 0.1
v -2.6 1.2 0.1
v -2.1 1.2 0.1
v -2 1.2 0.1
v -1.5 1.2 0.1
v -0.8 1.2 0.1
v -0.3 1.2 0.1
v -0.2 1.2 0.1
v 0.3 1.2 0.1
v 1 1.2 0.1
v 1.5 1.2 0.1
v 1.6 1.2 0.1
v 2.1 1.2 0.1
v 2.2 1.2 0.1
v 2.7 1.2 0.1
v 3.4 1.2 0.1
v 3.9 1.2 0.1
v 4.6 1.2 0.1
v 5.1 1.2 0.1
v -5 1.2 1.49012e-008
v -4.5 1.2 1.49012e-008
v -4.4 1.2 1.49012e-008
v -4 1.2 1.49012e-008
v -3.5 1.2 1.49012e-008
v -3.3 1.2 1.49012e-008
v -2.6 1.2 1.49012e-008
v -2.1 1.2 1.49012e-008
v -2 1.2 1.49012e-008
v -1.5 1.2 1.49012e-008
v -0.8 1.2 1.49012e-008
v -0.3 1.2 1.49012e-008
v -0.2 1.2 1.49012e-008
v 0.3 1.2 1.49012e-008
v 1 1.2 1.49012e-008
v 1.5 1.2 1.49012e-008
v 1.6 1.2 1.49012e-008
v 2.1 1.2 1.49012e-008
v 2.2 1.2 1.49012e-008
v 2.7 1.2 1.49012e-008
v 3.4 1.2 1.49012e-008
v 3.9 1.2 1.49012e-008
v 4.6 1.2 1.49012e-008
v 5.1 1.2 1.49012e-008
v -4 1.3 0.5
v -3.9 1.3 0.5
v -3.8 1.3 0.5
v -3.5 1.3 0.5
v -4 1.3 0.4
v -3.9 1.3 0.4
v -3.8 1.3 0.4
v -3.5 1.3 0.4
v -4 1.3 0.1
v -3.9 1.3 0.1
v -3.8 1.3 0.1
v -3.5 1.3 0.1
v -4 1.3 1.49012e-008
v -3.9 1.3 1.49012e-008
v -3.8 1.3 1.49012e-008
v -3.5 1.3 1.49012e-008
v -5.1 1.5 0.5
v -4.8 1.5 0.5
v -4.7 1.5 0.5
v -4.2 1.5 0.5
v -4.1 1.5 0.5
v -3.6 1.5 0.5
v -2.9 1.5 0.5
v -2.4 1.5 0.5
v -2.3 1.5 0.5
v -1.8 1.5 0.5
v -1.1 1.5 0.5
v -0.6 1.5 0.5
v -0.5 1.5 0.5
v 2.68221e-007 1.5 0.5
v 0.1 1.5 0.5
v 0.6 1.5 0.5
v 1.3 1.5 0.5
v 1.8 1.5 0.5
v 1.9 1.5 0.5
v 2.4 1.5 0.5
v 2.5 1.5 0.5
v 3 1.5 0.5
v 3.7 1.5 0.5
v 4.2 1.5 0.5
v 4.3 1.5 0.5
v 4.8 1.5 0.5
v 4.9 1.5 0.5
v 5.1 1.5 0.5
v -5.1 1.5 0.4
v -4.8 1.5 0.4
v -4.7 1.5 0.4
v -4.2 1.5 0.4
v -4.1 1.5 0.4
v -3.6 1.5 0.4
v -2.9 1.5 0.4
v -2.4 1.5 0.4
v -2.3 1.5 0.4
v -1.8 1.5 0.4
v -1.1 1.5 0.4
v -0.6 1.5 0.4
v -0.5 1.5 0.4
v 2.68221e-007 1.5 0.4
v 0.1 1.5 0.4
v 0.6 1.5 0.4
v 1.3 1.5 0.4
v 1.8 1.5 0.4
v 1.9 1.5 0.4
v 2.4 1.5 0.4
v 2.5 1.5 0.4
v 3 1.5 0.4
v 3.7 1.5 0.4
v 4.2 1.5 0.4
v 4.3 1.5 0.4
v 4.8 1.5 0.4
v 4.9 1.5 0.4
v 5.1 1.5 0.4
v -5.1 1.5 0.1
v -4.8 1.5 0.1
v -4.7 1.5 0.1
v -4.2 1.5 0.1
v -4.1 1.5 0.1
v -3.6 1.5 0.1
v -2.9 1.5 0.1
v -2.4 1.5 0.1
v -2.3 1.5 0.1
v -1.8 1.5 0.1
v -1.1 1.5 0.1
v -0.6 1.5 0.1
v -0.5 1.5 0.1
v 2.68221e-007 1.5 0.1
v 0.1 1.5 0.1
v 0.6 1.5 0.1
v 1.3 1.5 0.1
v 1.8 1.5 0.1
v 1.9 1.5 0.1
v 2.4 1.5 0.1
v 2.5 1.5 0.1
v 3 1.5 0.1
v 3.7 1.5 0.1
v 4.2 1.5 0.1
v 4.3 1.5 0.1
v 4.8 1.5 0.1
v 4.9 1.5 0.1
v 5.1 1.5 0.1
v -5.1 1.5 1.49012e-008
v -4.8 1.5 1.49012e-008
v -4.7 1.5 1.49012e-008
v -4.2 1.5 1.49012e-008
v -4.1 1.5 1.49012e-008
v -3.6 1.5 1.49012e-008
v -2.9 1.5 1.49012e-008
v -2.4 1.5 1.49012e-008
v -2.3 1.5 1.49012e-008
v -1.8 1.5 1.49012e-008
v -1.1 1.5 1.49012e-008
v -0.6 1.5 1.49012e-008
v -0.5 1.5 1.49012e-008
v 2.68221e-007 1.5 1.49012e-008
v 0.1 1.5 1.49012e-008
v 0.6 1.5 1.49012e-008
v 1.3 1.5 1.49012e-008
v 1.8 1.5 1.49012e-008
v 1.9 1.5 1.49012e-008
v 2.4 1.5 1.49012e-008
v 2.5 1.5 1.49012e-008
v 3 1.5 1.49012e-008
v 3.7 1.5 1.49012e-008
v 4.2 1.5 1.49012e-008
v 4.3 1.5 1.49012e-008
v 4.8 1.5 1.49012e-008
v 4.9 1.5 1.49012e-008
v 5.1 1.5 1.49012e-008
v -5 1.8 0.5
v -4.5 1.8 0.5
v -4.4 1.8 0.5
v -3.9 1.8 0.5
v -3.8 1.8 0.5
v -3.3 1.8 0.5
v -3.2 1.8 0.5
v -2.7 1.8 0.5
v -2.6 1.8 0.5
v -2.1 1.8 0.5
v -2 1.8 0.5
v -1.7 1.8 0.5
v -0.7 1.8 0.5
v -0.3 1.8 0.5
v 0.4 1.8 0.5
v 0.7 1.8 0.5
v 1.2 1.8 0.5
v 1.5 1.8 0.5
v 1.6 1.8 0.5
v 2.1 1.8 0.5
v 2.8 1.8 0.5
v 3.1 1.8 0.5
v 3.6 1.8 0.5
v 3.9 1.8 0.5
v 4 1.8 0.5
v 4.5 1.8 0.5
v 4.6 1.8 0.5
v 5.1 1.8 0.5
v -5 1.8 0.4
v -4.5 1.8 0.4
v -4.4 1.8 0.4
v -3.9 1.8 0.4
v -3.8 1.8 0.4
v -3.3 1.8 0.4
v -3.2 1.8 0.4
v -2.7 1.8 0.4
v -2.6 1.8 0.4
v -2.1 1.8 0.4
v -2 1.8 0.4
v -1.7 1.8 0.4
v -0.7 1.8 0.4
v -0.3 1.8 0.4
v 0.4 1.8 0.4
v 0.7 1.8 0.4
v 1.2 1.8 0.4
v 1.5 1.8 0.4
v 1.6 1.8 0.4
v 2.1 1.8 0.4
v 2.8 1.8 0.4
v 3.1 1.8 0.4
v 3.6 1.8 0.4
v 3.9 1.8 0.4
v 4 1.8 0.4
v 4.5 1.8 0.4
v 4.6 1.8 0.4
v 5.1 1.8 0.4
v -5 1.8 0.1
v -4.5 1.8 0.1
v -4.4 1.8 0.1
v -3.9 1.8 0.1
v -3.8 1.8 0.1
v -3.3 1.8 0.1
v -3.2 1.8 0.1
v -2.7 1.8 0.1
v -2.6 1.8 0.1
v -2.1 1.8 0.1
v -2 1.8 0.1
v -1.7 1.8 0.1
v -0.7 1.8 0.1
v -0.3 1.8 0.1
v 0.4 1.8 0.1
v 0.7 1.8 0.1
v 1.2 1.8 0.1
v 1.5 1.8 0.1
v 1.6 1.8 0.1
v 2.1 1.8 0.1
v 2.8 1.8 0.1
v 3.1 1.8 0.1
v 3.6 1.8 0.1
v 3.9 1.8 0.1
v 4 1.8 0.1
v 4.5 1.8 0.1
v 4.6 1.8 0.1
v 5.1 1.8 0.1
v -5 1.8 1.49012e-008
v -4.5 1.8 1.49012e-008
v -4.4 1.8 1.49012e-008
v -3.9 1.8 1.49012e-008
v -3.8 1.8 1.49012e-008
v -3.3 1.8 1.49012e-008
v -3.2 1.8 1.49012e-008
v -2.7 1.8 1.49012e-008
v -2.6 1.8 1.49012e-008
v -2.1 1.8 1.49012e-008
v -2 1.8 1.49012e-008
v -1.7 1.8 1.49012e-008
v -0.7 1.8 1.49012e-008
v -0.3 1.8 1.49012e-008
v 0.4 1.8 1.49012e-008
v 0.7 1.8 1.49012e-008
v 1.2 1.8 1.49012e-008
v 1.5 1.8 1.49012e-008
v 1.6 1.8 1.49012e-008
v 2.1 1.8 1.49012e-008
v 2.8 1.8 1.49012e-008
v 3.1 1.8 1.49012e-008
v 3.6 1.8 1.49012e-008
v 3.9 1.8 1.49012e-008
v 4 1.8 1.49012e-008
v 4.5 1.8 1.49012e-008
v 4.6 1.8 1.49012e-008
v 5.1 1.8 1.49012e-008
v -1.7 1.9 0.5
v -1.6 1.9 0.5
v 0.7 1.9 0.5
v 0.9 1.9 0.5
v 1 1.9 0.5
v 1.2 1.9 0.5
v 3.1 1.9 0.5
v 3.3 1.9 0.5
v 3.4 1.9 0.5
v 3.6 1.9 0.5
v -1.7 1.9 0.4
v -1.6 1.9 0.4
v 0.7 1.9 0.4
v 0.9 1.9 0.4
v 1 1.9 0.4
v 1.2 1.9 0.4
v 3.1 1.9 0.4
v 3.3 1.9 0.4
v 3.4 1.9 0.4
v 3.6 1.9 0.4
v -1.7 1.9 0.1
v -1.6 1.9 0.1
v 0.7 1.9 0.1
v 0.9 1.9 0.1
v 1 1.9 0.1
v 1.2 1.9 0.1
v 3.1 1.9 0.1
v 3.3 1.9 0.1
v 3.4 1.9 0.1
v 3.6 1.9 0.1
v -1.7 1.9 1.49012e-008
v -1.6 1.9 1.49012e-008
v 0.7 1.9 1.49012e-008
v 0.9 1.9 1.49012e-008
v 1 1.9 1.49012e-008
v 1.2 1.9 1.49012e-008
v 3.1 1.9 1.49012e-008
v 3.3 1.9 1.49012e-008
v 3.4 1.9 1.49012e-008
v 3.6 1.9 1.49012e-008
v -5.1 2.1 0.5
v -4.8 2.1 0.5
v -4.7 2.1 0.5
v -4.2 2.1 0.5
v -4.1 2.1 0.5
v -3.6 2.1 0.5
v -2.9 2.1 0.5
v -2.4 2.1 0.5
v -2.3 2.1 0.5
v -1.8 2.1 0.5
v -1.7 2.1 0.5
v -1.4 2.1 0.5
v -1.1 2.1 0.5
v -0.6 2.1 0.5
v -0.5 2.1 0.5
v 2.68221e-007 2.1 0.5
v 0.7 2.1 0.5
v 1.2 2.1 0.5
v 1.3 2.1 0.5
v 1.8 2.1 0.5
v 1.9 2.1 0.5
v 2.4 2.1 0.5
v 2.5 2.1 0.5
v 3 2.1 0.5
v 3.1 2.1 0.5
v 3.6 2.1 0.5
v 4.9 2.1 0.5
v 5.1 2.1 0.5
v -5.1 2.1 0.4
v -4.8 2.1 0.4
v -4.7 2.1 0.4
v -4.2 2.1 0.4
v -4.1 2.1 0.4
v -3.6 2.1 0.4
v -2.9 2.1 0.4
v -2.4 2.1 0.4
v -2.3 2.1 0.4
v -1.8 2.1 0.4
v -1.7 2.1 0.4
v -1.4 2.1 0.4
v -1.1 2.1 0.4
v -0.6 2.1 0.4
v -0.5 2.1 0.4
v 2.68221e-007 2.1 0.4
v 0.7 2.1 0.4
v 1.2 2.1 0.4
v 1.3 2.1 0.4
v 1.8 2.1 0.4
v 1.9 2.1 0.4
v 2.4 2.1 0.4
v 2.5 2.1 0.4
v 3 2.1 0.4
v 3.1 2.1 0.4
v 3.6 2.1 0.4
v 4.9 2.1 0.4
v 5.1 2.1 0.4
v -5.1 2.1 0.1
v -4.8 2.1 0.1
v -4.7 2.1 0.1
v -4.2 2.1 0.1
v -4.1 2.1 0.1
v -3.6 2.1 0.1
v -2.9 2.1 0.1
v -2.4 2.1 0.1
v -2.3 2.1 0.1
v -1.8 2.1 0.1
v -1.7 2.1 0.1
v -1.4 2.1 0.1
v -1.1 2.1 0.1
v -0.6 2.1 0.1
v -0.5 2.1 0.1
v 2.68221e-007 2.1 0.1
v 0.7 2.1 0.1
v 1.2 2.1 0.1
v 1.3 2.1 0.1
v 1.8 2.1 0.1
v 1.9 2.1 0.1
v 2.4 2.1 0.1
v 2.5 2.1 0.1
v 3 2.1 0.1
v 3.1 2.1 0.1
v 3.6 2.1 0.1
v 4.9 2.1 0.1
v 5.1 2.1 0.1
v -5.1 2.1 1.49012e-008
v -4.8 2.1 1.49012e-008
v -4.7 2.1 1.49012e-008
v -4.2 2.1 1.49012e-008
v -4.1 2.1 1.49012e-008
v -3.6 2.1 1.49012e-008
v -2.9 2.1 1.49012e-008
v -2.4 2.1 1.49012e-008
v -2.3 2.1 1.49012e-008
v -1.8 2.1 1.49012e-008
v -1.7 2.1 1.49012e-008
v -1.4 2.1 1.49012e-008
v -1.1 2.1 1.49012e-008
v -0.6 2.1 1.49012e-008
v -0.5 2.1 1.49012e-008
v 2.68221e-007 2.1 1.49012e-008
v 0.7 2.1 1.49012e-008
v 1.2 2.1 1.49012e-008
v 1.3 2.1 1.49012e-008
v 1.8 2.1 1.49012e-008
v 1.9 2.1 1.49012e-008
v 2.4 2.1 1.49012e-008
v 2.5 2.1 1.49012e-008
v 3 2.1 1.49012e-008
v 3.1 2.1 1.49012e-008
v 3.6 2.1 1.49012e-008
v 4.9 2.1 1.49012e-008
v 5.1 2.1 1.49012e-008
v -1.4 2.2 0.5
v -1.2 2.2 0.5
v -1.4 2.2 0.4
v -1.2 2.2 0.4
v -1.4 2.2 0.1
v -1.2 2.2 0.1
v -1.4 2.2 1.49012e-008
v -1.2 2.2 1.49012e-008
v 1.9 2.3 0.4
v 2 2.3 0.4
v 1.9 2.3 0.3
v 2 2.3 0.3
v -5 2.4 0.5
v -4.5 2.4 0.5
v -3.8 2.4 0.5
v -3.3 2.4 0.5
v -3.2 2.4 0.5
v -2.7 2.4 0.5
v -2 2.4 0.5
v -1.5 2.4 0.5
v -1.4 2.4 0.5
v -0.9 2.4 0.5
v -0.8 2.4 0.5
v -0.3 2.4 0.5
v 0.4 2.4 0.5
v 0.9 2.4 0.5
v 1 2.4 0.5
v 1.4 2.4 0.5
v 2.2 2.4 0.5
v 2.7 2.4 0.5
v 2.8 2.4 0.5
v 3.3 2.4 0.5
v 3.4 2.4 0.5
v 3.9 2.4 0.5
v 4 2.4 0.5
v 4.5 2.4 0.5
v 4.6 2.4 0.5
v 5.1 2.4 0.5
v -5 2.4 0.4
v -4.5 2.4 0.4
v -3.8 2.4 0.4
v -3.3 2.4 0.4
v -3.2 2.4 0.4
v -2.7 2.4 0.4
v -2 2.4 0.4
v -1.5 2.4 0.4
v -1.4 2.4 0.4
v -0.9 2.4 0.4
v -0.8 2.4 0.4
v -0.3 2.4 0.4
v 0.4 2.4 0.4
v 0.9 2.4 0.4
v 1 2.4 0.4
v 1.4 2.4 0.4
v 2.2 2.4 0.4
v 2.7 2.4 0.4
v 2.8 2.4 0.4
v 3.3 2.4 0.4
v 3.4 2.4 0.4
v 3.9 2.4 0.4
v 4 2.4 0.4
v 4.5 2.4 0.4
v 4.6 2.4 0.4
v 5.1 2.4 0.4
v -5 2.4 0.1
v -4.5 2.4 0.1
v -3.8 2.4 0.1
v -3.3 2.4 0.1
v -3.2 2.4 0.1
v -2.7 2.4 0.1
v -2 2.4 0.1
v -1.5 2.4 0.1
v -1.4 2.4 0.1
v -0.9 2.4 0.1
v -0.8 2.4 0.1
v -0.3 2.4 0.1
v 0.4 2.4 0.1
v 0.9 2.4 0.1
v 1 2.4 0.1
v 1.4 2.4 0.1
v 2.2 2.4 0.1
v 2.7 2.4 0.1
v 2.8 2.4 0.1
v 3.3 2.4 0.1
v 3.4 2.4 0.1
v 3.9 2.4 0.1
v 4 2.4 0.1
v 4.5 2.4 0.1
v 4.6 2.4 0.1
v 5.1 2.4 0.1
v -5 2.4 1.49012e-008
v -4.5 2.4 1.49012e-008
v -3.8 2.4 1.49012e-008
v -3.3 2.4 1.49012e-008
v -3.2 2.4 1.49012e-008
v -2.7 2.4 1.49012e-008
v -2 2.4 1.49012e-008
v -1.5 2.4 1.49012e-008
v -1.4 2.4 1.49012e-008
v -0.9 2.4 1.49012e-008
v -0.8 2.4 1.49012e-008
v -0.3 2.4 1.49012e-008
v 0.4 2.4 1.49012e-008
v 0.9 2.4 1.49012e-008
v 1 2.4 1.49012e-008
v 1.4 2.4 1.49012e-008
v 2.2 2.4 1.49012e-008
v 2.7 2.4 1.49012e-008
v 2.8 2.4 1.49012e-008
v 3.3 2.4 1.49012e-008
v 3.4 2.4 1.49012e-008
v 3.9 2.4 1.49012e-008
v 4 2.4 1.49012e-008
v 4.5 2.4 1.49012e-008
v 4.6 2.4 1.49012e-008
v 5.1 2.4 1.49012e-008
v -5.1 2.7 0.5
v -4.8 2.7 0.5
v -4.7 2.7 0.5
v -4.2 2.7 0.5
v -4.1 2.7 0.5
v -3.6 2.7 0.5
v -2.9 2.7 0.5
v -2.4 2.7 0.5
v -2.3 2.7 0.5
v -1.8 2.7 0.5
v -1.7 2.7 0.5
v -1.2 2.7 0.5
v -1.1 2.7 0.5
v -0.6 2.7 0.5
v 0.1 2.7 0.5
v 0.6 2.7 0.5
v 0.7 2.7 0.5
v 1.2 2.7 0.5
v 1.3 2.7 0.5
v 1.8 2.7 0.5
v 2.6 2.7 0.5
v 3 2.7 0.5
v 3.1 2.7 0.5
v 3.6 2.7 0.5
v 4.3 2.7 0.5
v 4.8 2.7 0.5
v 4.9 2.7 0.5
v 5.1 2.7 0.5
v -5.1 2.7 0.4
v -4.8 2.7 0.4
v -4.7 2.7 0.4
v -4.2 2.7 0.4
v -4.1 2.7 0.4
v -3.6 2.7 0.4
v -2.9 2.7 0.4
v -2.4 2.7 0.4
v -2.3 2.7 0.4
v -1.8 2.7 0.4
v -1.7 2.7 0.4
v -1.2 2.7 0.4
v -1.1 2.7 0.4
v -0.6 2.7 0.4
v 0.1 2.7 0.4
v 0.6 2.7 0.4
v 0.7 2.7 0.4
v 1.2 2.7 0.4
v 1.3 2.7 0.4
v 1.8 2.7 0.4
v 2.6 2.7 0.4
v 3 2.7 0.4
v 3.1 2.7 0.4
v 3.6 2.7 0.4
v 4.3 2.7 0.4
v 4.8 2.7 0.4
v 4.9 2.7 0.4
v 5.1 2.7 0.4
v -5.1 2.7 0.1
v -4.8 2.7 0.1
v -4.7 2.7 0.1
v -4.2 2.7 0.1
v -4.1 2.7 0.1
v -3.6 2.7 0.1
v -2.9 2.7 0.1
v -2.4 2.7 0.1
v -2.3 2.7 0.1
v -1.8 2.7 0.1
v -1.7 2.7 0.1
v -1.2 2.7 0.1
v -1.1 2.7 0.1
v -0.6 2.7 0.1
v 0.1 2.7 0.1
v 0.6 2.7 0.1
v 0.7 2.7 0.1
v 1.2 2.7 0.1
v 1.3 2.7 0.1
v 1.8 2.7 0.1
v 2.6 2.7 0.1
v 3 2.7 0.1
v 3.1 2.7 0.1
v 3.6 2.7 0.1
v 4.3 2.7 0.1
v 4.8 2.7 0.1
v 4.9 2.7 0.1
v 5.1 2.7 0.1
v -5.1 2.7 1.49012e-008
v -4.8 2.7 1.49012e-008
v -4.7 2.7 1.49012e-008
v -4.2 2.7 1.49012e-008
v -4.1 2.7 1.49012e-008
v -3.6 2.7 1.49012e-008
v -2.9 2.7 1.49012e-008
v -2.4 2.7 1.49012e-008
v -2.3 2.7 1.49012e-008
v -1.8 2.7 1.49012e-008
v -1.7 2.7 1.49012e-008
v -1.2 2.7 1.49012e-008
v -1.1 2.7 1.49012e-008
v -0.6 2.7 1.49012e-008
v 0.1 2.7 1.49012e-008
v 0.6 2.7 1.49012e-008
v 0.7 2.7 1.49012e-008
v 1.2 2.7 1.49012e-008
v 1.3 2.7 1.49012e-008
v 1.8 2.7 1.49012e-008
v 2.6 2.7 1.49012e-008
v 3 2.7 1.49012e-008
v 3.1 2.7 1.49012e-008
v 3.6 2.7 1.49012e-008
v 4.3 2.7 1.49012e-008
v 4.8 2.7 1.49012e-008
v 4.9 2.7 1.49012e-008
v 5.1 2.7 1.49012e-008
v -5 3 0.5
v -4.5 3 0.5
v -3.8 3 0.5
v -3.3 3 0.5
v -3.2 3 0.5
v -2.7 3 0.5
v -2.6 3 0.5
v -2.1 3 0.5
v -1.4 3 0.5
v -0.9 3 0.5
v -0.8 3 0.5
v -0.3 3 0.5
v -0.2 3 0.5
v 0.3 3 0.5
v 0.4 3 0.5
v 0.9 3 0.5
v 1 3 0.5
v 1.5 3 0.5
v 1.6 3 0.5
v 2 3 0.5
v 2.4 3 0.5
v 2.7 3 0.5
v 3.4 3 0.5
v 3.9 3 0.5
v 4 3 0.5
v 4.5 3 0.5
v 4.6 3 0.5
v 5.1 3 0.5
v -5 3 0.4
v -4.5 3 0.4
v -3.8 3 0.4
v -3.3 3 0.4
v -3.2 3 0.4
v -2.7 3 0.4
v -2.6 3 0.4
v -2.1 3 0.4
v -1.4 3 0.4
v -0.9 3 0.4
v -0.8 3 0.4
v -0.3 3 0.4
v -0.2 3 0.4
v 0.3 3 0.4
v 0.4 3 0.4
v 0.9 3 0.4
v 1 3 0.4
v 1.5 3 0.4
v 1.6 3 0.4
v 2 3 0.4
v 2.4 3 0.4
v 2.7 3 0.4
v 3.4 3 0.4
v 3.9 3 0.4
v 4 3 0.4
v 4.5 3 0.4
v 4.6 3 0.4
v 5.1 3 0.4
v -5 3 0.1
v -4.5 3 0.1
v -3.8 3 0.1
v -3.3 3 0.1
v -3.2 3 0.1
v -2.7 3 0.1
v -2.6 3 0.1
v -2.1 3 0.1
v -1.4 3 0.1
v -0.9 3 0.1
v -0.8 3 0.1
v -0.3 3 0.1
v -0.2 3 0.1
v 0.3 3 0.1
v 0.4 3 0.1
v 0.9 3 0.1
v 1 3 0.1
v 1.5 3 0.1
v 1.6 3 0.1
v 2 3 0.1
v 2.4 3 0.1
v 2.7 3 0.1
v 3.4 3 0.1
v 3.9 3 0.1
v 4 3 0.1
v 4.5 3 0.1
v 4.6 3 0.1
v 5.1 3 0.1
v -5 3 1.49012e-008
v -4.5 3 1.49012e-008
v -3.8 3 1.49012e-008
v -3.3 3 1.49012e-008
v -3.2 3 1.49012e-008
v -2.7 3 1.49012e-008
v -2.6 3 1.49012e-008
v -2.1 3 1.49012e-008
v -1.4 3 1.49012e-008
v -0.9 3 1.49012e-008
v -0.8 3 1.49012e-008
v -0.3 3 1.49012e-008
v -0.2 3 1.49012e-008
v 0.3 3 1.49012e-008
v 0.4 3 1.49012e-008
v 0.9 3 1.49012e-008
v 1 3 1.49012e-008
v 1.5 3 1.49012e-008
v 1.6 3 1.49012e-008
v 2 3 1.49012e-008
v 2.4 3 1.49012e-008
v 2.7 3 1.49012e-008
v 3.4 3 1.49012e-008
v 3.9 3 1.49012e-008
v 4 3 1.49012e-008
v 4.5 3 1.49012e-008
v 4.6 3 1.49012e-008
v 5.1 3 1.49012e-008
v 2 3.1 0.5
v 2.1 3.1 0.5
v 2.2 3.1 0.5
v 2.4 3.1 0.5
v 2 3.1 0.4
v 2.1 3.1 0.4
v 2.2 3.1 0.4
v 2.4 3.1 0.4
v 2 3.1 0.1
v 2.1 3.1 0.1
v 2.2 3.1 0.1
v 2.4 3.1 0.1
v 2 3.1 1.49012e-008
v 2.1 3.1 1.49012e-008
v 2.2 3.1 1.49012e-008
v 2.4 3.1 1.49012e-008
v -5.1 3.3 0.5
v -4.8 3.3 0.5
v -4.7 3.3 0.5
v -4.2 3.3 0.5
v -4.1 3.3 0.5
v -3.6 3.3 0.5
v -3.5 3.3 0.5
v -3 3.3 0.5
v -2.9 3.3 0.5
v -2.4 3.3 0.5
v -1.7 3.3 0.5
v -1.2 3.3 0.5
v 0.7 3.3 0.5
v 1.2 3.3 0.5
v 1.3 3.3 0.5
v 1.8 3.3 0.5
v 1.9 3.3 0.5
v 2.4 3.3 0.5
v 2.5 3.3 0.5
v 3 3.3 0.5
v 3.7 3.3 0.5
v 4.2 3.3 0.5
v 4.3 3.3 0.5
v 4.8 3.3 0.5
v 4.9 3.3 0.5
v 5.1 3.3 0.5
v -5.1 3.3 0.4
v -4.8 3.3 0.4
v -4.7 3.3 0.4
v -4.2 3.3 0.4
v -4.1 3.3 0.4
v -3.6 3.3 0.4
v -3.5 3.3 0.4
v -3 3.3 0.4
v -2.9 3.3 0.4
v -2.4 3.3 0.4
v -1.7 3.3 0.4
v -1.2 3.3 0.4
v 0.7 3.3 0.4
v 1.2 3.3 0.4
v 1.3 3.3 0.4
v 1.8 3.3 0.4
v 1.9 3.3 0.4
v 2.4 3.3 0.4
v 2.5 3.3 0.4
v 3 3.3 0.4
v 3.7 3.3 0.4
v 4.2 3.3 0.4
v 4.3 3.3 0.4
v 4.8 3.3 0.4
v 4.9 3.3 0.4
v 5.1 3.3 0.4
v -5.1 3.3 0.1
v -4.8 3.3 0.1
v -4.7 3.3 0.1
v -4.2 3.3 0.1
v -4.1 3.3 0.1
v -3.6 3.3 0.1
v -3.5 3.3 0.1
v -3 3.3 0.1
v -2.9 3.3 0.1
v -2.4 3.3 0.1
v -1.7 3.3 0.1
v -1.2 3.3 0.1
v 0.7 3.3 0.1
v 1.2 3.3 0.1
v 1.3 3.3 0.1
v 1.8 3.3 0.1
v 1.9 3.3 0.1
v 2.4 3.3 0.1
v 2.5 3.3 0.1
v 3 3.3 0.1
v 3.7 3.3 0.1
v 4.2 3.3 0.1
v 4.3 3.3 0.1
v 4.8 3.3 0.1
v 4.9 3.3 0.1
v 5.1 3.3 0.1
v -5.1 3.3 1.49012e-008
v -4.8 3.3 1.49012e-008
v -4.7 3.3 1.49012e-008
v -4.2 3.3 1.49012e-008
v -4.1 3.3 1.49012e-008
v -3.6 3.3 1.49012e-008
v -3.5 3.3 1.49012e-008
v -3 3.3 1.49012e-008
v -2.9 3.3 1.49012e-008
v -2.4 3.3 1.49012e-008
v -1.7 3.3 1.49012e-008
v -1.2 3.3 1.49012e-008
v 0.7 3.3 1.49012e-008
v 1.2 3.3 1.49012e-008
v 1.3 3.3 1.49012e-008
v 1.8 3.3 1.49012e-008
v 1.9 3.3 1.49012e-008
v 2.4 3.3 1.49012e-008
v 2.5 3.3 1.49012e-008
v 3 3.3 1.49012e-008
v 3.7 3.3 1.49012e-008
v 4.2 3.3 1.49012e-008
v 4.3 3.3 1.49012e-008
v 4.8 3.3 1.49012e-008
v 4.9 3.3 1.49012e-008
v 5.1 3.3 1.49012e-008
v -5 3.6 0.5
v -4.5 3.6 0.5
v -4.4 3.6 0.5
v -3.9 3.6 0.5
v -3.8 3.6 0.5
v -3.3 3.6 0.5
v -2.6 3.6 0.5
v -2.1 3.6 0.5
v -2 3.6 0.5
v -1.5 3.6 0.5
v -1.4 3.6 0.5
v -0.9 3.6 0.5
v -0.2 3.6 0.5
v 0.3 3.6 0.5
v 1 3.6 0.5
v 1.5 3.6 0.5
v 2.2 3.6 0.5
v 2.7 3.6 0.5
v 2.8 3.6 0.5
v 3.3 3.6 0.5
v 3.4 3.6 0.5
v 3.9 3.6 0.5
v 4 3.6 0.5
v 4.5 3.6 0.5
v 4.6 3.6 0.5
v 5.1 3.6 0.5
v -5 3.6 0.4
v -4.5 3.6 0.4
v -4.4 3.6 0.4
v -3.9 3.6 0.4
v -3.8 3.6 0.4
v -3.3 3.6 0.4
v -2.6 3.6 0.4
v -2.1 3.6 0.4
v -2 3.6 0.4
v -1.5 3.6 0.4
v -1.4 3.6 0.4
v -0.9 3.6 0.4
v -0.2 3.6 0.4
v 0.3 3.6 0.4
v 1 3.6 0.4
v 1.5 3.6 0.4
v 2.2 3.6 0.4
v 2.7 3.6 0.4
v 2.8 3.6 0.4
v 3.3 3.6 0.4
v 3.4 3.6 0.4
v 3.9 3.6 0.4
v 4 3.6 0.4
v 4.5 3.6 0.4
v 4.6 3.6 0.4
v 5.1 3.6 0.4
v -5 3.6 0.1
v -4.5 3.6 0.1
v -4.4 3.6 0.1
v -3.9 3.6 0.1
v -3.8 3.6 0.1
v -3.3 3.6 0.1
v -2.6 3.6 0.1
v -2.1 3.6 0.1
v -2 3.6 0.1
v -1.5 3.6 0.1
v -1.4 3.6 0.1
v -0.9 3.6 0.1
v -0.2 3.6 0.1
v 0.3 3.6 0.1
v 1 3.6 0.1
v 1.5 3.6 0.1
v 2.2 3.6 0.1
v 2.7 3.6 0.1
v 2.8 3.6 0.1
v 3.3 3.6 0.1
v 3.4 3.6 0.1
v 3.9 3.6 0.1
v 4 3.6 0.1
v 4.5 3.6 0.1
v 4.6 3.6 0.1
v 5.1 3.6 0.1
v -5 3.6 1.49012e-008
v -4.5 3.6 1.49012e-008
v -4.4 3.6 1.49012e-008
v -3.9 3.6 1.49012e-008
v -3.8 3.6 1.49012e-008
v -3.3 3.6 1.49012e-008
v -2.6 3.6 1.49012e-008
v -2.1 3.6 1.49012e-008
v -2 3.6 1.49012e-008
v -1.5 3.6 1.49012e-008
v -1.4 3.6 1.49012e-008
v -0.9 3.6 1.49012e-008
v -0.2 3.6 1.49012e-008
v 0.3 3.6 1.49012e-008
v 1 3.6 1.49012e-008
v 1.5 3.6 1.49012e-008
v 2.2 3.6 1.49012e-008
v 2.7 3.6 1.49012e-008
v 2.8 3.6 1.49012e-008
v 3.3 3.6 1.49012e-008
v 3.4 3.6 1.49012e-008
v 3.9 3.6 1.49012e-008
v 4 3.6 1.49012e-008
v 4.5 3.6 1.49012e-008
v 4.6 3.6 1.49012e-008
v 5.1 3.6 1.49012e-008
v -5.1 3.9 0.5
v -4.8 3.9 0.5
v -4.7 3.9 0.5
v -4.2 3.9 0.5
v -4.1 3.9 0.5
v -3.6 3.9 0.5
v -3.5 3.9 0.5
v -3 3.9 0.5
v -2.3 3.9 0.5
v -1.8 3.9 0.5
v -1.7 3.9 0.5
v -1.2 3.9 0.5
v -1.1 3.9 0.5
v -0.6 3.9 0.5
v -0.5 3.9 0.5
v 2.68221e-007 3.9 0.5
v 0.1 3.9 0.5
v 0.6 3.9 0.5
v 0.7 3.9 0.5
v 1.2 3.9 0.5
v 1.3 3.9 0.5
v 1.8 3.9 0.5
v 2.5 3.9 0.5
v 3 3.9 0.5
v 3.1 3.9 0.5
v 3.6 3.9 0.5
v 4.3 3.9 0.5
v 4.8 3.9 0.5
v 4.9 3.9 0.5
v 5.1 3.9 0.5
v -5.1 3.9 0.4
v -4.8 3.9 0.4
v -4.7 3.9 0.4
v -4.2 3.9 0.4
v -4.1 3.9 0.4
v -3.6 3.9 0.4
v -3.5 3.9 0.4
v -3 3.9 0.4
v -2.3 3.9 0.4
v -1.8 3.9 0.4
v -1.7 3.9 0.4
v -1.2 3.9 0.4
v -1.1 3.9 0.4
v -0.6 3.9 0.4
v -0.5 3.9 0.4
v 2.68221e-007 3.9 0.4
v 0.1 3.9 0.4
v 0.6 3.9 0.4
v 0.7 3.9 0.4
v 1.2 3.9 0.4
v 1.3 3.9 0.4
v 1.8 3.9 0.4
v 2.5 3.9 0.4
v 3 3.9 0.4
v 3.1 3.9 0.4
v 3.6 3.9 0.4
v 4.3 3.9 0.4
v 4.8 3.9 0.4
v 4.9 3.9 0.4
v 5.1 3.9 0.4
v -5.1 3.9 0.1
v -4.8 3.9 0.1
v -4.7 3.9 0.1
v -4.2 3.9 0.1
v -4.1 3.9 0.1
v -3.6 3.9 0.1
v -3.5 3.9 0.1
v -3 3.9 0.1
v -2.3 3.9 0.1
v -1.8 3.9 0.1
v -1.7 3.9 0.1
v -1.2 3.9 0.1
v -1.1 3.9 0.1
v -0.6 3.9 0.1
v -0.5 3.9 0.1
v 2.68221e-007 3.9 0.1
v 0.1 3.9 0.1
v 0.6 3.9 0.1
v 0.7 3.9 0.1
v 1.2 3.9 0.1
v 1.3 3.9 0.1
v 1.8 3.9 0.1
v 2.5 3.9 0.1
v 3 3.9 0.1
v 3.1 3.9 0.1
v 3.6 3.9 0.1
v 4.3 3.9 0.1
v 4.8 3.9 0.1
v 4.9 3.9 0.1
v 5.1 3.9 0.1
v -5.1 3.9 1.49012e-008
v -4.8 3.9 1.49012e-008
v -4.7 3.9 1.49012e-008
v -4.2 3.9 1.49012e-008
v -4.1 3.9 1.49012e-008
v -3.6 3.9 1.49012e-008
v -3.5 3.9 1.49012e-008
v -3 3.9 1.49012e-008
v -2.3 3.9 1.49012e-008
v -1.8 3.9 1.49012e-008
v -1.7 3.9 1.49012e-008
v -1.2 3.9 1.49012e-008
v -1.1 3.9 1.49012e-008
v -0.6 3.9 1.49012e-008
v -0.5 3.9 1.49012e-008
v 2.68221e-007 3.9 1.49012e-008
v 0.1 3.9 1.49012e-008
v 0.6 3.9 1.49012e-008
v 0.7 3.9 1.49012e-008
v 1.2 3.9 1.49012e-008
v 1.3 3.9 1.49012e-008
v 1.8 3.9 1.49012e-008
v 2.5 3.9 1.49012e-008
v 3 3.9 1.49012e-008
v 3.1 3.9 1.49012e-008
v 3.6 3.9 1.49012e-008
v 4.3 3.9 1.49012e-008
v 4.8 3.9 1.49012e-008
v 4.9 3.9 1.49012e-008
v 5.1 3.9 1.49012e-008
v -5 4.2 0.5
v -4.5 4.2 0.5
v -4.4 4.2 0.5
v -3.9 4.2 0.5
v -3.8 4.2 0.5
v -3.3 4.2 0.5
v -3.2 4.2 0.5
v -2.7 4.2 0.5
v -2.6 4.2 0.5
v -2.1 4.2 0.5
v -2 4.2 0.5
v -1.5 4.2 0.5
v -0.2 4.2 0.5
v 0.3 4.2 0.5
v 0.4 4.2 0.5
v 0.9 4.2 0.5
v 1.6 4.2 0.5
v 2.1 4.2 0.5
v 2.8 4.2 0.5
v 3.3 4.2 0.5
v 3.4 4.2 0.5
v 3.9 4.2 0.5
v 4 4.2 0.5
v 4.5 4.2 0.5
v 4.6 4.2 0.5
v 5.1 4.2 0.5
v -5 4.2 0.4
v -4.5 4.2 0.4
v -4.4 4.2 0.4
v -3.9 4.2 0.4
v -3.8 4.2 0.4
v -3.3 4.2 0.4
v -3.2 4.2 0.4
v -2.7 4.2 0.4
v -2.6 4.2 0.4
v -2.1 4.2 0.4
v -2 4.2 0.4
v -1.5 4.2 0.4
v -0.2 4.2 0.4
v 0.3 4.2 0.4
v 0.4 4.2 0.4
v 0.9 4.2 0.4
v 1.6 4.2 0.4
v 2.1 4.2 0.4
v 2.8 4.2 0.4
v 3.3 4.2 0.4
v 3.4 4.2 0.4
v 3.9 4.2 0.4
v 4 4.2 0.4
v 4.5 4.2 0.4
v 4.6 4.2 0.4
v 5.1 4.2 0.4
v -5 4.2 0.1
v -4.5 4.2 0.1
v -4.4 4.2 0.1
v -3.9 4.2 0.1
v -3.8 4.2 0.1
v -3.3 4.2 0.1
v -3.2 4.2 0.1
v -2.7 4.2 0.1
v -2.6 4.2 0.1
v -2.1 4.2 0.1
v -2 4.2 0.1
v -1.5 4.2 0.1
v -0.2 4.2 0.1
v 0.3 4.2 0.1
v 0.4 4.2 0.1
v 0.9 4.2 0.1
v 1.6 4.2 0.1
v 2.1 4.2 0.1
v 2.8 4.2 0.1
v 3.3 4.2 0.1
v 3.4 4.2 0.1
v 3.9 4.2 0.1
v 4 4.2 0.1
v 4.5 4.2 0.1
v 4.6 4.2 0.1
v 5.1 4.2 0.1
v -5 4.2 1.49012e-008
v -4.5 4.2 1.49012e-008
v -4.4 4.2 1.49012e-008
v -3.9 4.2 1.49012e-008
v -3.8 4.2 1.49012e-008
v -3.3 4.2 1.49012e-008
v -3.2 4.2 1.49012e-008
v -2.7 4.2 1.49012e-008
v -2.6 4.2 1.49012e-008
v -2.1 4.2 1.49012e-008
v -2 4.2 1.49012e-008
v -1.5 4.2 1.49012e-008
v -0.2 4.2 1.49012e-008
v 0.3 4.2 1.49012e-008
v 0.4 4.2 1.49012e-008
v 0.9 4.2 1.49012e-008
v 1.6 4.2 1.49012e-008
v 2.1 4.2 1.49012e-008
v 2.8 4.2 1.49012e-008
v 3.3 4.2 1.49012e-008
v 3.4 4.2 1.49012e-008
v 3.9 4.2 1.49012e-008
v 4 4.2 1.49012e-008
v 4.5 4.2 1.49012e-008
v 4.6 4.2 1.49012e-008
v 5.1 4.2 1.49012e-008
v -5.1 4.5 0.5
v -4.8 4.5 0.5
v -4.7 4.5 0.5
v -4.2 4.5 0.5
v -4.1 4.5 0.5
v -3.6 4.5 0.5
v -2.9 4.5 0.5
v -2.4 4.5 0.5
v -2.3 4.5 0.5
v -1.8 4.5 0.5
v -1.7 4.5 0.5
v -1.2 4.5 0.5
v -1.1 4.5 0.5
v -0.6 4.5 0.5
v -0.5 4.5 0.5
v 2.68221e-007 4.5 0.5
v 0.7 4.5 0.5
v 1.2 4.5 0.5
v 2 4.5 0.5
v 2.4 4.5 0.5
v 2.5 4.5 0.5
v 3 4.5 0.5
v 3.7 4.5 0.5
v 4.2 4.5 0.5
v 4.3 4.5 0.5
v 4.8 4.5 0.5
v 4.9 4.5 0.5
v 5.1 4.5 0.5
v -5.1 4.5 0.4
v -4.8 4.5 0.4
v -4.7 4.5 0.4
v -4.2 4.5 0.4
v -4.1 4.5 0.4
v -3.6 4.5 0.4
v -2.9 4.5 0.4
v -2.4 4.5 0.4
v -2.3 4.5 0.4
v -1.8 4.5 0.4
v -1.7 4.5 0.4
v -1.2 4.5 0.4
v -1.1 4.5 0.4
v -0.6 4.5 0.4
v -0.5 4.5 0.4
v 2.68221e-007 4.5 0.4
v 0.7 4.5 0.4
v 1.2 4.5 0.4
v 2 4.5 0.4
v 2.4 4.5 0.4
v 2.5 4.5 0.4
v 3 4.5 0.4
v 3.7 4.5 0.4
v 4.2 4.5 0.4
v 4.3 4.5 0.4
v 4.8 4.5 0.4
v 4.9 4.5 0.4
v 5.1 4.5 0.4
v -5.1 4.5 0.1
v -4.8 4.5 0.1
v -4.7 4.5 0.1
v -4.2 4.5 0.1
v -4.1 4.5 0.1
v -3.6 4.5 0.1
v -2.9 4.5 0.1
v -2.4 4.5 0.1
v -2.3 4.5 0.1
v -1.8 4.5 0.1
v -1.7 4.5 0.1
v -1.2 4.5 0.1
v -1.1 4.5 0.1
v -0.6 4.5 0.1
v -0.5 4.5 0.1
v 2.68221e-007 4.5 0.1
v 0.7 4.5 0.1
v 1.2 4.5 0.1
v 2 4.5 0.1
v 2.4 4.5 0.1
v 2.5 4.5 0.1
v 3 4.5 0.1
v 3.7 4.5 0.1
v 4.2 4.5 0.1
v 4.3 4.5 0.1
v 4.8 4.5 0.1
v 4.9 4.5 0.1
v 5.1 4.5 0.1
v -5.1 4.5 1.49012e-008
v -4.8 4.5 1.49012e-008
v -4.7 4.5 1.49012e-008
v -4.2 4.5 1.49012e-008
v -4.1 4.5 1.49012e-008
v -3.6 4.5 1.49012e-008
v -2.9 4.5 1.49012e-008
v -2.4 4.5 1.49012e-008
v -2.3 4.5 1.49012e-008
v -1.8 4.5 1.49012e-008
v -1.7 4.5 1.49012e-008
v -1.2 4.5 1.49012e-008
v -1.1 4.5 1.49012e-008
v -0.6 4.5 1.49012e-008
v -0.5 4.5 1.49012e-008
v 2.68221e-007 4.5 1.49012e-008
v 0.7 4.5 1.49012e-008
v 1.2 4.5 1.49012e-008
v 2 4.5 1.49012e-008
v 2.4 4.5 1.49012e-008
v 2.5 4.5 1.49012e-008
v 3 4.5 1.49012e-008
v 3.7 4.5 1.49012e-008
v 4.2 4.5 1.49012e-008
v 4.3 4.5 1.49012e-008
v 4.8 4.5 1.49012e-008
v 4.9 4.5 1.49012e-008
v 5.1 4.5 1.49012e-008
v -5 4.8 0.5
v -4.5 4.8 0.5
v -3.8 4.8 0.5
v -3.3 4.8 0.5
v -3.2 4.8 0.5
v -2.7 4.8 0.5
v -2 4.8 0.5
v -1.5 4.8 0.5
v -1.4 4.8 0.5
v -0.9 4.8 0.5
v -0.8 4.8 0.5
v -0.3 4.8 0.5
v -0.2 4.8 0.5
v 0.3 4.8 0.5
v 0.4 4.8 0.5
v 0.9 4.8 0.5
v 1.7 4.8 0.5
v 2.1 4.8 0.5
v 2.2 4.8 0.5
v 2.7 4.8 0.5
v 2.8 4.8 0.5
v 3.3 4.8 0.5
v 3.4 4.8 0.5
v 3.9 4.8 0.5
v 4 4.8 0.5
v 4.5 4.8 0.5
v -5 4.8 0.4
v -4.5 4.8 0.4
v -3.8 4.8 0.4
v -3.3 4.8 0.4
v -3.2 4.8 0.4
v -2.7 4.8 0.4
v -2 4.8 0.4
v -1.5 4.8 0.4
v -1.4 4.8 0.4
v -0.9 4.8 0.4
v -0.8 4.8 0.4
v -0.3 4.8 0.4
v -0.2 4.8 0.4
v 0.3 4.8 0.4
v 0.4 4.8 0.4
v 0.9 4.8 0.4
v 1.7 4.8 0.4
v 2.1 4.8 0.4
v 2.2 4.8 0.4
v 2.7 4.8 0.4
v 2.8 4.8 0.4
v 3.3 4.8 0.4
v 3.4 4.8 0.4
v 3.9 4.8 0.4
v 4 4.8 0.4
v 4.5 4.8 0.4
v -5 4.8 0.1
v -4.5 4.8 0.1
v -3.8 4.8 0.1
v -3.3 4.8 0.1
v -3.2 4.8 0.1
v -2.7 4.8 0.1
v -2 4.8 0.1
v -1.5 4.8 0.1
v -1.4 4.8 0.1
v -0.9 4.8 0.1
v -0.8 4.8 0.1
v -0.3 4.8 0.1
v -0.2 4.8 0.1
v 0.3 4.8 0.1
v 0.4 4.8 0.1
v 0.9 4.8 0.1
v 1.7 4.8 0.1
v 2.1 4.8 0.1
v 2.2 4.8 0.1
v 2.7 4.8 0.1
v 2.8 4.8 0.1
v 3.3 4.8 0.1
v 3.4 4.8 0.1
v 3.9 4.8 0.1
v 4 4.8 0.1
v 4.5 4.8 0.1
v -5 4.8 1.49012e-008
v -4.5 4.8 1.49012e-008
v -3.8 4.8 1.49012e-008
v -3.3 4.8 1.49012e-008
v -3.2 4.8 1.49012e-008
v -2.7 4.8 1.49012e-008
v -2 4.8 1.49012e-008
v -1.5 4.8 1.49012e-008
v -1.4 4.8 1.49012e-008
v -0.9 4.8 1.49012e-008
v -0.8 4.8 1.49012e-008
v -0.3 4.8 1.49012e-008
v -0.2 4.8 1.49012e-008
v 0.3 4.8 1.49012e-008
v 0.4 4.8 1.49012e-008
v 0.9 4.8 1.49012e-008
v 1.7 4.8 1.49012e-008
v 2.1 4.8 1.49012e-008
v 2.2 4.8 1.49012e-008
v 2.7 4.8 1.49012e-008
v 2.8 4.8 1.49012e-008
v 3.3 4.8 1.49012e-008
v 3.4 4.8 1.49012e-008
v 3.9 4.8 1.49012e-008
v 4 4.8 1.49012e-008
v 4.5 4.8 1.49012e-008
v 1.6 4.9 0.5
v 1.7 4.9 0.5
v 1.6 4.9 0.4
v 1.7 4.9 0.4
v 1.6 4.9 0.1
v 1.7 4.9 0.1
v 1.6 4.9 1.49012e-008
v 1.7 4.9 1.49012e-008
v -5.1 5.1 0.5
v -4.8 5.1 0.5
v -4.7 5.1 0.5
v -4.2 5.1 0.5
v -4.1 5.1 0.5
v -3.6 5.1 0.5
v -3.5 5.1 0.5
v -3 5.1 0.5
v -2.9 5.1 0.5
v -2.4 5.1 0.5
v -2.3 5.1 0.5
v -1.8 5.1 0.5
v -1.1 5.1 0.5
v -0.7 5.1 0.5
v 0.2 5.1 0.5
v 0.6 5.1 0.5
v 1.3 5.1 0.5
v 1.8 5.1 0.5
v 1.9 5.1 0.5
v 2.4 5.1 0.5
v 3.1 5.1 0.5
v 3.6 5.1 0.5
v 4.3 5.1 0.5
v 4.8 5.1 0.5
v 4.9 5.1 0.5
v 5.1 5.1 0.5
v -5.1 5.1 0.4
v -4.8 5.1 0.4
v -4.7 5.1 0.4
v -4.2 5.1 0.4
v -4.1 5.1 0.4
v -3.6 5.1 0.4
v -3.5 5.1 0.4
v -3 5.1 0.4
v -2.9 5.1 0.4
v -2.4 5.1 0.4
v -2.3 5.1 0.4
v -1.8 5.1 0.4
v -1.1 5.1 0.4
v -0.7 5.1 0.4
v 0.2 5.1 0.4
v 0.6 5.1 0.4
v 1.3 5.1 0.4
v 1.8 5.1 0.4
v 1.9 5.1 0.4
v 2.4 5.1 0.4
v 3.1 5.1 0.4
v 3.6 5.1 0.4
v 4.3 5.1 0.4
v 4.8 5.1 0.4
v 4.9 5.1 0.4
v 5.1 5.1 0.4
v -5.1 5.1 0.1
v -4.8 5.1 0.1
v -4.7 5.1 0.1
v -4.2 5.1 0.1
v -4.1 5.1 0.1
v -3.6 5.1 0.1
v -3.5 5.1 0.1
v -3 5.1 0.1
v -2.9 5.1 0.1
v -2.4 5.1 0.1
v -2.3 5.1 0.1
v -1.8 5.1 0.1
v -1.1 5.1 0.1
v -0.7 5.1 0.1
v 0.2 5.1 0.1
v 0.6 5.1 0.1
v 1.3 5.1 0.1
v 1.8 5.1 0.1
v 1.9 5.1 0.1
v 2.4 5.1 0.1
v 3.1 5.1 0.1
v 3.6 5.1 0.1
v 4.3 5.1 0.1
v 4.8 5.1 0.1
v 4.9 5.1 0.1
v 5.1 5.1 0.1
v -5.1 5.1 1.49012e-008
v -4.8 5.1 1.49012e-008
v -4.7 5.1 1.49012e-008
v -4.2 5.1 1.49012e-008
v -4.1 5.1 1.49012e-008
v -3.6 5.1 1.49012e-008
v -3.5 5.1 1.49012e-008
v -3 5.1 1.49012e-008
v -2.9 5.1 1.49012e-008
v -2.4 5.1 1.49012e-008
v -2.3 5.1 1.49012e-008
v -1.8 5.1 1.49012e-008
v -1.1 5.1 1.49012e-008
v -0.7 5.1 1.49012e-008
v 0.2 5.1 1.49012e-008
v 0.6 5.1 1.49012e-008
v 1.3 5.1 1.49012e-008
v 1.8 5.1 1.49012e-008
v 1.9 5.1 1.49012e-008
v 2.4 5.1 1.49012e-008
v 3.1 5.1 1.49012e-008
v 3.6 5.1 1.49012e-008
v 4.3 5.1 1.49012e-008
v 4.8 5.1 1.49012e-008
v 4.9 5.1 1.49012e-008
v 5.1 5.1 1.49012e-008
v -0.7 5.2 0.5
v -0.6 5.2 0.5
v 0.1 5.2 0.5
v 0.2 5.2 0.5
v -0.7 5.2 0.4
v -0.6 5.2 0.4
v 0.1 5.2 0.4
v 0.2 5.2 0.4
v -0.7 5.2 0.1
v -0.6 5.2 0.1
v 0.1 5.2 0.1
v 0.2 5.2 0.1
v -0.7 5.2 1.49012e-008
v -0.6 5.2 1.49012e-008
v 0.1 5.2 1.49012e-008
v 0.2 5.2 1.49012e-008
v -5 5.4 0.5
v -4.5 5.4 0.5
v -4.4 5.4 0.5
v -3.9 5.4 0.5
v -3.8 5.4 0.5
v -3.4 5.4 0.5
v -2.6 5.4 0.5
v -2.1 5.4 0.5
v -2 5.4 0.5
v -1.5 5.4 0.5
v -0.8 5.4 0.5
v -0.3 5.4 0.5
v -0.2 5.4 0.5
v 0.3 5.4 0.5
v 0.4 5.4 0.5
v 0.8 5.4 0.5
v 1.6 5.4 0.5
v 2.1 5.4 0.5
v 2.2 5.4 0.5
v 2.7 5.4 0.5
v 3.4 5.4 0.5
v 3.9 5.4 0.5
v 4 5.4 0.5
v 4.5 5.4 0.5
v 4.6 5.4 0.5
v 5.1 5.4 0.5
v -5 5.4 0.4
v -4.5 5.4 0.4
v -4.4 5.4 0.4
v -3.9 5.4 0.4
v -3.8 5.4 0.4
v -3.4 5.4 0.4
v -2.6 5.4 0.4
v -2.1 5.4 0.4
v -2 5.4 0.4
v -1.5 5.4 0.4
v -0.8 5.4 0.4
v -0.3 5.4 0.4
v -0.2 5.4 0.4
v 0.3 5.4 0.4
v 0.4 5.4 0.4
v 0.8 5.4 0.4
v 1.6 5.4 0.4
v 2.1 5.4 0.4
v 2.2 5.4 0.4
v 2.7 5.4 0.4
v 3.4 5.4 0.4
v 3.9 5.4 0.4
v 4 5.4 0.4
v 4.5 5.4 0.4
v 4.6 5.4 0.4
v 5.1 5.4 0.4
v -5 5.4 0.1
v -4.5 5.4 0.1
v -4.4 5.4 0.1
v -3.9 5.4 0.1
v -3.8 5.4 0.1
v -3.4 5.4 0.1
v -2.6 5.4 0.1
v -2.1 5.4 0.1
v -2 5.4 0.1
v -1.5 5.4 0.1
v -0.8 5.4 0.1
v -0.3 5.4 0.1
v -0.2 5.4 0.1
v 0.3 5.4 0.1
v 0.4 5.4 0.1
v 0.8 5.4 0.1
v 1.6 5.4 0.1
v 2.1 5.4 0.1
v 2.2 5.4 0.1
v 2.7 5.4 0.1
v 3.4 5.4 0.1
v 3.9 5.4 0.1
v 4 5.4 0.1
v 4.5 5.4 0.1
v 4.6 5.4 0.1
v 5.1 5.4 0.1
v -5 5.4 1.49012e-008
v -4.5 5.4 1.49012e-008
v -4.4 5.4 1.49012e-008
v -3.9 5.4 1.49012e-008
v -3.8 5.4 1.49012e-008
v -3.4 5.4 1.49012e-008
v -2.6 5.4 1.49012e-008
v -2.1 5.4 1.49012e-008
v -2 5.4 1.49012e-008
v -1.5 5.4 1.49012e-008
v -0.8 5.4 1.49012e-008
v -0.3 5.4 1.49012e-008
v -0.2 5.4 1.49012e-008
v 0.3 5.4 1.49012e-008
v 0.4 5.4 1.49012e-008
v 0.8 5.4 1.49012e-008
v 1.6 5.4 1.49012e-008
v 2.1 5.4 1.49012e-008
v 2.2 5.4 1.49012e-008
v 2.7 5.4 1.49012e-008
v 3.4 5.4 1.49012e-008
v 3.9 5.4 1.49012e-008
v 4 5.4 1.49012e-008
v 4.5 5.4 1.49012e-008
v 4.6 5.4 1.49012e-008
v 5.1 5.4 1.49012e-008
v -5.1 5.7 0.5
v -4.8 5.7 0.5
v -4.7 5.7 0.5
v -4.2 5.7 0.5
v -3.5 5.7 0.5
v -3.2 5.7 0.5
v -2.7 5.7 0.5
v -2.4 5.7 0.5
v -2.3 5.7 0.5
v -1.8 5.7 0.5
v -1.7 5.7 0.5
v -1.2 5.7 0.5
v -0.5 5.7 0.5
v 2.68221e-007 5.7 0.5
v 0.1 5.7 0.5
v 0.6 5.7 0.5
v 0.7 5.7 0.5
v 1.2 5.7 0.5
v 1.9 5.7 0.5
v 2.4 5.7 0.5
v 3.1 5.7 0.5
v 3.6 5.7 0.5
v 3.7 5.7 0.5
v 4.2 5.7 0.5
v 4.3 5.7 0.5
v 4.8 5.7 0.5
v 4.9 5.7 0.5
v 5.1 5.7 0.5
v -5.1 5.7 0.4
v -4.8 5.7 0.4
v -4.7 5.7 0.4
v -4.2 5.7 0.4
v -3.5 5.7 0.4
v -3.2 5.7 0.4
v -2.7 5.7 0.4
v -2.4 5.7 0.4
v -2.3 5.7 0.4
v -1.8 5.7 0.4
v -1.7 5.7 0.4
v -1.2 5.7 0.4
v -0.5 5.7 0.4
v 2.68221e-007 5.7 0.4
v 0.1 5.7 0.4
v 0.6 5.7 0.4
v 0.7 5.7 0.4
v 1.2 5.7 0.4
v 1.9 5.7 0.4
v 2.4 5.7 0.4
v 3.1 5.7 0.4
v 3.6 5.7 0.4
v 3.7 5.7 0.4
v 4.2 5.7 0.4
v 4.3 5.7 0.4
v 4.8 5.7 0.4
v 4.9 5.7 0.4
v 5.1 5.7 0.4
v -5.1 5.7 0.1
v -4.8 5.7 0.1
v -4.7 5.7 0.1
v -4.2 5.7 0.1
v -3.5 5.7 0.1
v -3.2 5.7 0.1
v -2.7 5.7 0.1
v -2.4 5.7 0.1
v -2.3 5.7 0.1
v -1.8 5.7 0.1
v -1.7 5.7 0.1
v -1.2 5.7 0.1
v -0.5 5.7 0.1
v 2.68221e-007 5.7 0.1
v 0.1 5.7 0.1
v 0.6 5.7 0.1
v 0.7 5.7 0.1
v 1.2 5.7 0.1
v 1.9 5.7 0.1
v 2.4 5.7 0.1
v 3.1 5.7 0.1
v 3.6 5.7 0.1
v 3.7 5.7 0.1
v 4.2 5.7 0.1
v 4.3 5.7 0.1
v 4.8 5.7 0.1
v 4.9 5.7 0.1
v 5.1 5.7 0.1
v -5.1 5.7 1.49012e-008
v -4.8 5.7 1.49012e-008
v -4.7 5.7 1.49012e-008
v -4.2 5.7 1.49012e-008
v -3.5 5.7 1.49012e-008
v -3.2 5.7 1.49012e-008
v -2.7 5.7 1.49012e-008
v -2.4 5.7 1.49012e-008
v -2.3 5.7 1.49012e-008
v -1.8 5.7 1.49012e-008
v -1.7 5.7 1.49012e-008
v -1.2 5.7 1.49012e-008
v -0.5 5.7 1.49012e-008
v 2.68221e-007 5.7 1.49012e-008
v 0.1 5.7 1.49012e-008
v 0.6 5.7 1.49012e-008
v 0.7 5.7 1.49012e-008
v 1.2 5.7 1.49012e-008
v 1.9 5.7 1.49012e-008
v 2.4 5.7 1.49012e-008
v 3.1 5.7 1.49012e-008
v 3.6 5.7 1.49012e-008
v 3.7 5.7 1.49012e-008
v 4.2 5.7 1.49012e-008
v 4.3 5.7 1.49012e-008
v 4.8 5.7 1.49012e-008
v 4.9 5.7 1.49012e-008
v 5.1 5.7 1.49012e-008
v -3.2 5.8 0.5
v -3 5.8 0.5
v -2.9 5.8 0.5
v -2.7 5.8 0.5
v -3.2 5.8 0.4
v -3 5.8 0.4
v -2.9 5.8 0.4
v -2.7 5.8 0.4
v -3.2 5.8 0.1
v -3 5.8 0.1
v -2.9 5.8 0.1
v -2.7 5.8 0.1
v -3.2 5.8 1.49012e-008
v -3 5.8 1.49012e-008
v -2.9 5.8 1.49012e-008
v -2.7 5.8 1.49012e-008
v 2.5 5.9 0.4
v 3 5.9 0.4
v 2.5 5.9 0.3
v 3 5.9 0.3
v -5 6 0.5
v -4.5 6 0.5
v -4.4 6 0.5
v -3.9 6 0.5
v -3.8 6 0.5
v -3.3 6 0.5
v -3.2 6 0.5
v -2.7 6 0.5
v -2.6 6 0.5
v -2.1 6 0.5
v -1.4 6 0.5
v -0.9 6 0.5
v -0.8 6 0.5
v -0.3 6 0.5
v -0.2 6 0.5
v 0.3 6 0.5
v 1 6 0.5
v 1.5 6 0.5
v 1.6 6 0.5
v 2.1 6 0.5
v 2.2 6 0.5
v 2.7 6 0.5
v 2.8 6 0.5
v 3.3 6 0.5
v 3.4 6 0.5
v 3.9 6 0.5
v 4.6 6 0.5
v 5.1 6 0.5
v -5 6 0.4
v -4.5 6 0.4
v -4.4 6 0.4
v -3.9 6 0.4
v -3.8 6 0.4
v -3.3 6 0.4
v -3.2 6 0.4
v -2.7 6 0.4
v -2.6 6 0.4
v -2.1 6 0.4
v -1.4 6 0.4
v -0.9 6 0.4
v -0.8 6 0.4
v -0.3 6 0.4
v -0.2 6 0.4
v 0.3 6 0.4
v 1 6 0.4
v 1.5 6 0.4
v 1.6 6 0.4
v 2.1 6 0.4
v 2.2 6 0.4
v 2.7 6 0.4
v 2.8 6 0.4
v 3.3 6 0.4
v 3.4 6 0.4
v 3.9 6 0.4
v 4.6 6 0.4
v 5.1 6 0.4
v -5 6 0.1
v -4.5 6 0.1
v -4.4 6 0.1
v -3.9 6 0.1
v -3.8 6 0.1
v -3.3 6 0.1
v -3.2 6 0.1
v -2.7 6 0.1
v -2.6 6 0.1
v -2.1 6 0.1
v -1.4 6 0.1
v -0.9 6 0.1
v -0.8 6 0.1
v -0.3 6 0.1
v -0.2 6 0.1
v 0.3 6 0.1
v 1 6 0.1
v 1.5 6 0.1
v 1.6 6 0.1
v 2.1 6 0.1
v 2.2 6 0.1
v 2.7 6 0.1
v 2.8 6 0.1
v 3.3 6 0.1
v 3.4 6 0.1
v 3.9 6 0.1
v 4.6 6 0.1
v 5.1 6 0.1
v -5 6 1.49012e-008
v -4.5 6 1.49012e-008
v -4.4 6 1.49012e-008
v -3.9 6 1.49012e-008
v -3.8 6 1.49012e-008
v -3.3 6 1.49012e-008
v -3.2 6 1.49012e-008
v -2.7 6 1.49012e-008
v -2.6 6 1.49012e-008
v -2.1 6 1.49012e-008
v -1.4 6 1.49012e-008
v -0.9 6 1.49012e-008
v -0.8 6 1.49012e-008
v -0.3 6 1.49012e-008
v -0.2 6 1.49012e-008
v 0.3 6 1.49012e-008
v 1 6 1.49012e-008
v 1.5 6 1.49012e-008
v 1.6 6 1.49012e-008
v 2.1 6 1.49012e-008
v 2.2 6 1.49012e-008
v 2.7 6 1.49012e-008
v 2.8 6 1.49012e-008
v 3.3 6 1.49012e-008
v 3.4 6 1.49012e-008
v 3.9 6 1.49012e-008
v 4.6 6 1.49012e-008
v 5.1 6 1.49012e-008
v -5.1 6.3 0.5
v -4.8 6.3 0.5
v -4.1 6.3 0.5
v -3.6 6.3 0.5
v -2.9 6.3 0.5
v -2.4 6.3 0.5
v -2.3 6.3 0.5
v -1.8 6.3 0.5
v -1.7 6.3 0.5
v -1.2 6.3 0.5
v -1.1 6.3 0.5
v -0.6 6.3 0.5
v -0.5 6.3 0.5
v 2.68221e-007 6.3 0.5
v 0.1 6.3 0.5
v 0.6 6.3 0.5
v 1.3 6.3 0.5
v 1.8 6.3 0.5
v 1.9 6.3 0.5
v 2.4 6.3 0.5
v 2.5 6.3 0.5
v 3 6.3 0.5
v 3.7 6.3 0.5
v 4.2 6.3 0.5
v 4.3 6.3 0.5
v 4.8 6.3 0.5
v 4.9 6.3 0.5
v 5.1 6.3 0.5
v -5.1 6.3 0.4
v -4.8 6.3 0.4
v -4.1 6.3 0.4
v -3.6 6.3 0.4
v -2.9 6.3 0.4
v -2.4 6.3 0.4
v -2.3 6.3 0.4
v -1.8 6.3 0.4
v -1.7 6.3 0.4
v -1.2 6.3 0.4
v -1.1 6.3 0.4
v -0.6 6.3 0.4
v -0.5 6.3 0.4
v 2.68221e-007 6.3 0.4
v 0.1 6.3 0.4
v 0.6 6.3 0.4
v 1.3 6.3 0.4
v 1.8 6.3 0.4
v 1.9 6.3 0.4
v 2.4 6.3 0.4
v 2.5 6.3 0.4
v 3 6.3 0.4
v 3.7 6.3 0.4
v 4.2 6.3 0.4
v 4.3 6.3 0.4
v 4.8 6.3 0.4
v 4.9 6.3 0.4
v 5.1 6.3 0.4
v -5.1 6.3 0.1
v -4.8 6.3 0.1
v -4.1 6.3 0.1
v -3.6 6.3 0.1
v -2.9 6.3 0.1
v -2.4 6.3 0.1
v -2.3 6.3 0.1
v -1.8 6.3 0.1
v -1.7 6.3 0.1
v -1.2 6.3 0.1
v -1.1 6.3 0.1
v -0.6 6.3 0.1
v -0.5 6.3 0.1
v 2.68221e-007 6.3 0.1
v 0.1 6.3 0.1
v 0.6 6.3 0.1
v 1.3 6.3 0.1
v 1.8 6.3 0.1
v 1.9 6.3 0.1
v 2.4 6.3 0.1
v 2.5 6.3 0.1
v 3 6.3 0.1
v 3.7 6.3 0.1
v 4.2 6.3 0.1
v 4.3 6.3 0.1
v 4.8 6.3 0.1
v 4.9 6.3 0.1
v 5.1 6.3 0.1
v -5.1 6.3 1.49012e-008
v -4.8 6.3 1.49012e-008
v -4.1 6.3 1.49012e-008
v -3.6 6.3 1.49012e-008
v -2.9 6.3 1.49012e-008
v -2.4 6.3 1.49012e-008
v -2.3 6.3 1.49012e-008
v -1.8 6.3 1.49012e-008
v -1.7 6.3 1.49012e-008
v -1.2 6.3 1.49012e-008
v -1.1 6.3 1.49012e-008
v -0.6 6.3 1.49012e-008
v -0.5 6.3 1.49012e-008
v 2.68221e-007 6.3 1.49012e-008
v 0.1 6.3 1.49012e-008
v 0.6 6.3 1.49012e-008
v 1.3 6.3 1.49012e-008
v 1.8 6.3 1.49012e-008
v 1.9 6.3 1.49012e-008
v 2.4 6.3 1.49012e-008
v 2.5 6.3 1.49012e-008
v 3 6.3 1.49012e-008
v 3.7 6.3 1.49012e-008
v 4.2 6.3 1.49012e-008
v 4.3 6.3 1.49012e-008
v 4.8 6.3 1.49012e-008
v 4.9 6.3 1.49012e-008
v 5.1 6.3 1.49012e-008
v -5 6.6 0.5
v -4.5 6.6 0.5
v -4.4 6.6 0.5
v -3.9 6.6 0.5
v -3.8 6.6 0.5
v -3.3 6.6 0.5
v -3.2 6.6 0.5
v -2.7 6.6 0.5
v -2.6 6.6 0.5
v -2.1 6.6 0.5
v -2 6.6 0.5
v -1.5 6.6 0.5
v -0.8 6.6 0.5
v -0.3 6.6 0.5
v 0.4 6.6 0.5
v 0.9 6.6 0.5
v 1 6.6 0.5
v 1.5 6.6 0.5
v 1.6 6.6 0.5
v 2.1 6.6 0.5
v 2.2 6.6 0.5
v 2.7 6.6 0.5
v 3.4 6.6 0.5
v 3.9 6.6 0.5
v 4 6.6 0.5
v 4.5 6.6 0.5
v 4.6 6.6 0.5
v 5.1 6.6 0.5
v -5 6.6 0.4
v -4.5 6.6 0.4
v -4.4 6.6 0.4
v -3.9 6.6 0.4
v -3.8 6.6 0.4
v -3.3 6.6 0.4
v -3.2 6.6 0.4
v -2.7 6.6 0.4
v -2.6 6.6 0.4
v -2.1 6.6 0.4
v -2 6.6 0.4
v -1.5 6.6 0.4
v -0.8 6.6 0.4
v -0.3 6.6 0.4
v 0.4 6.6 0.4
v 0.9 6.6 0.4
v 1 6.6 0.4
v 1.5 6.6 0.4
v 1.6 6.6 0.4
v 2.1 6.6 0.4
v 2.2 6.6 0.4
v 2.7 6.6 0.4
v 3.4 6.6 0.4
v 3.9 6.6 0.4
v 4 6.6 0.4
v 4.5 6.6 0.4
v 4.6 6.6 0.4
v 5.1 6.6 0.4
v -5 6.6 0.1
v -4.5 6.6 0.1
v -4.4 6.6 0.1
v -3.9 6.6 0.1
v -3.8 6.6 0.1
v -3.3 6.6 0.1
v -3.2 6.6 0.1
v -2.7 6.6 0.1
v -2.6 6.6 0.1
v -2.1 6.6 0.1
v -2 6.6 0.1
v -1.5 6.6 0.1
v -0.8 6.6 0.1
v -0.3 6.6 0.1
v 0.4 6.6 0.1
v 0.9 6.6 0.1
v 1 6.6 0.1
v 1.5 6.6 0.1
v 1.6 6.6 0.1
v 2.1 6.6 0.1
v 2.2 6.6 0.1
v 2.7 6.6 0.1
v 3.4 6.6 0.1
v 3.9 6.6 0.1
v 4 6.6 0.1
v 4.5 6.6 0.1
v 4.6 6.6 0.1
v 5.1 6.6 0.1
v -5 6.6 1.49012e-008
v -4.5 6.6 1.49012e-008
v -4.4 6.6 1.49012e-008
v -3.9 6.6 1.49012e-008
v -3.8 6.6 1.49012e-008
v -3.3 6.6 1.49012e-008
v -3.2 6.6 1.49012e-008
v -2.7 6.6 1.49012e-008
v -2.6 6.6 1.49012e-008
v -2.1 6.6 1.49012e-008
v -2 6.6 1.49012e-008
v -1.5 6.6 1.49012e-008
v -0.8 6.6 1.49012e-008
v -0.3 6.6 1.49012e-008
v 0.4 6.6 1.49012e-008
v 0.9 6.6 1.49012e-008
v 1 6.6 1.49012e-008
v 1.5 6.6 1.49012e-008
v 1.6 6.6 1.49012e-008
v 2.1 6.6 1.49012e-008
v 2.2 6.6 1.49012e-008
v 2.7 6.6 1.49012e-008
v 3.4 6.6 1.49012e-008
v 3.9 6.6 1.49012e-008
v 4 6.6 1.49012e-008
v 4.5 6.6 1.49012e-008
v 4.6 6.6 1.49012e-008
v 5.1 6.6 1.49012e-008
v -5.1 6.9 0.5
v -4.8 6.9 0.5
v -4.7 6.9 0.5
v -4.2 6.9 0.5
v -3.5 6.9 0.5
v -3 6.9 0.5
v -2.9 6.9 0.5
v -2.4 6.9 0.5
v -2.3 6.9 0.5
v -1.8 6.9 0.5
v -1.7 6.9 0.5
v -1.2 6.9 0.5
v -0.5 6.9 0.5
v 2.68221e-007 6.9 0.5
v 0.7 6.9 0.5
v 1.2 6.9 0.5
v 2.5 6.9 0.5
v 3 6.9 0.5
v 3.1 6.9 0.5
v 3.6 6.9 0.5
v 3.7 6.9 0.5
v 4.2 6.9 0.5
v 4.9 6.9 0.5
v 5.1 6.9 0.5
v -5.1 6.9 0.4
v -4.8 6.9 0.4
v -4.7 6.9 0.4
v -4.2 6.9 0.4
v -3.5 6.9 0.4
v -3 6.9 0.4
v -2.9 6.9 0.4
v -2.4 6.9 0.4
v -2.3 6.9 0.4
v -1.8 6.9 0.4
v -1.7 6.9 0.4
v -1.2 6.9 0.4
v -0.5 6.9 0.4
v 2.68221e-007 6.9 0.4
v 0.7 6.9 0.4
v 1.2 6.9 0.4
v 2.5 6.9 0.4
v 3 6.9 0.4
v 3.1 6.9 0.4
v 3.6 6.9 0.4
v 3.7 6.9 0.4
v 4.2 6.9 0.4
v 4.9 6.9 0.4
v 5.1 6.9 0.4
v -5.1 6.9 0.1
v -4.8 6.9 0.1
v -4.7 6.9 0.1
v -4.2 6.9 0.1
v -3.5 6.9 0.1
v -3 6.9 0.1
v -2.9 6.9 0.1
v -2.4 6.9 0.1
v -2.3 6.9 0.1
v -1.8 6.9 0.1
v -1.7 6.9 0.1
v -1.2 6.9 0.1
v -0.5 6.9 0.1
v 2.68221e-007 6.9 0.1
v 0.7 6.9 0.1
v 1.2 6.9 0.1
v 2.5 6.9 0.1
v 3 6.9 0.1
v 3.1 6.9 0.1
v 3.6 6.9 0.1
v 3.7 6.9 0.1
v 4.2 6.9 0.1
v 4.9 6.9 0.1
v 5.1 6.9 0.1
v -5.1 6.9 1.49012e-008
v -4.8 6.9 1.49012e-008
v -4.7 6.9 1.49012e-008
v -4.2 6.9 1.49012e-008
v -3.5 6.9 1.49012e-008
v -3 6.9 1.49012e-008
v -2.9 6.9 1.49012e-008
v -2.4 6.9 1.49012e-008
v -2.3 6.9 1.49012e-008
v -1.8 6.9 1.49012e-008
v -1.7 6.9 1.49012e-008
v -1.2 6.9 1.49012e-008
v -0.5 6.9 1.49012e-008
v 2.68221e-007 6.9 1.49012e-008
v 0.7 6.9 1.49012e-008
v 1.2 6.9 1.49012e-008
v 2.5 6.9 1.49012e-008
v 3 6.9 1.49012e-008
v 3.1 6.9 1.49012e-008
v 3.6 6.9 1.49012e-008
v 3.7 6.9 1.49012e-008
v 4.2 6.9 1.49012e-008
v 4.9 6.9 1.49012e-008
v 5.1 6.9 1.49012e-008
v -5 7.2 0.5
v -4.5 7.2 0.5
v -4.4 7.2 0.5
v -3.9 7.2 0.5
v -3.8 7.2 0.5
v -3.3 7.2 0.5
v -2.6 7.2 0.5
v -2.1 7.2 0.5
v -2 7.2 0.5
v -1.5 7.2 0.5
v -1.4 7.2 0.5
v -0.9 7.2 0.5
v -0.8 7.2 0.5
v -0.3 7.2 0.5
v -0.2 7.2 0.5
v 0.3 7.2 0.5
v 0.4 7.2 0.5
v 0.9 7.2 0.5
v 1 7.2 0.5
v 1.5 7.2 0.5
v 2.8 7.2 0.5
v 3.3 7.2 0.5
v 3.4 7.2 0.5
v 3.9 7.2 0.5
v 4 7.2 0.5
v 4.5 7.2 0.5
v 4.6 7.2 0.5
v 5.1 7.2 0.5
v -5 7.2 0.4
v -4.5 7.2 0.4
v -4.4 7.2 0.4
v -3.9 7.2 0.4
v -3.8 7.2 0.4
v -3.3 7.2 0.4
v -2.6 7.2 0.4
v -2.1 7.2 0.4
v -2 7.2 0.4
v -1.5 7.2 0.4
v -1.4 7.2 0.4
v -0.9 7.2 0.4
v -0.8 7.2 0.4
v -0.3 7.2 0.4
v -0.2 7.2 0.4
v 0.3 7.2 0.4
v 0.4 7.2 0.4
v 0.9 7.2 0.4
v 1 7.2 0.4
v 1.5 7.2 0.4
v 2.8 7.2 0.4
v 3.3 7.2 0.4
v 3.4 7.2 0.4
v 3.9 7.2 0.4
v 4 7.2 0.4
v 4.5 7.2 0.4
v 4.6 7.2 0.4
v 5.1 7.2 0.4
v -5 7.2 0.1
v -4.5 7.2 0.1
v -4.4 7.2 0.1
v -3.9 7.2 0.1
v -3.8 7.2 0.1
v -3.3 7.2 0.1
v -2.6 7.2 0.1
v -2.1 7.2 0.1
v -2 7.2 0.1
v -1.5 7.2 0.1
v -1.4 7.2 0.1
v -0.9 7.2 0.1
v -0.8 7.2 0.1
v -0.3 7.2 0.1
v -0.2 7.2 0.1
v 0.3 7.2 0.1
v 0.4 7.2 0.1
v 0.9 7.2 0.1
v 1 7.2 0.1
v 1.5 7.2 0.1
v 2.8 7.2 0.1
v 3.3 7.2 0.1
v 3.4 7.2 0.1
v 3.9 7.2 0.1
v 4 7.2 0.1
v 4.5 7.2 0.1
v 4.6 7.2 0.1
v 5.1 7.2 0.1
v -5 7.2 1.49012e-008
v -4.5 7.2 1.49012e-008
v -4.4 7.2 1.49012e-008
v -3.9 7.2 1.49012e-008
v -3.8 7.2 1.49012e-008
v -3.3 7.2 1.49012e-008
v -2.6 7.2 1.49012e-008
v -2.1 7.2 1.49012e-008
v -2 7.2 1.49012e-008
v -1.5 7.2 1.49012e-008
v -1.4 7.2 1.49012e-008
v -0.9 7.2 1.49012e-008
v -0.8 7.2 1.49012e-008
v -0.3 7.2 1.49012e-008
v -0.2 7.2 1.49012e-008
v 0.3 7.2 1.49012e-008
v 0.4 7.2 1.49012e-008
v 0.9 7.2 1.49012e-008
v 1 7.2 1.49012e-008
v 1.5 7.2 1.49012e-008
v 2.8 7.2 1.49012e-008
v 3.3 7.2 1.49012e-008
v 3.4 7.2 1.49012e-008
v 3.9 7.2 1.49012e-008
v 4 7.2 1.49012e-008
v 4.5 7.2 1.49012e-008
v 4.6 7.2 1.49012e-008
v 5.1 7.2 1.49012e-008
v -5.1 7.5 0.5
v -4.8 7.5 0.5
v -4.1 7.5 0.5
v -3.6 7.5 0.5
v -2.9 7.5 0.5
v -2.4 7.5 0.5
v -1.7 7.5 0.5
v -1.2 7.5 0.5
v 0.1 7.5 0.5
v 0.6 7.5 0.5
v 0.7 7.5 0.5
v 1.2 7.5 0.5
v 1.9 7.5 0.5
v 2.4 7.5 0.5
v 2.5 7.5 0.5
v 3 7.5 0.5
v 4.3 7.5 0.5
v 4.8 7.5 0.5
v 4.9 7.5 0.5
v 5.1 7.5 0.5
v -5.1 7.5 0.4
v -4.8 7.5 0.4
v -4.1 7.5 0.4
v -3.6 7.5 0.4
v -2.9 7.5 0.4
v -2.4 7.5 0.4
v -1.7 7.5 0.4
v -1.2 7.5 0.4
v 0.1 7.5 0.4
v 0.6 7.5 0.4
v 0.7 7.5 0.4
v 1.2 7.5 0.4
v 1.9 7.5 0.4
v 2.4 7.5 0.4
v 2.5 7.5 0.4
v 3 7.5 0.4
v 4.3 7.5 0.4
v 4.8 7.5 0.4
v 4.9 7.5 0.4
v 5.1 7.5 0.4
v -5.1 7.5 0.1
v -4.8 7.5 0.1
v -4.1 7.5 0.1
v -3.6 7.5 0.1
v -2.9 7.5 0.1
v -2.4 7.5 0.1
v -1.7 7.5 0.1
v -1.2 7.5 0.1
v 0.1 7.5 0.1
v 0.6 7.5 0.1
v 0.7 7.5 0.1
v 1.2 7.5 0.1
v 1.9 7.5 0.1
v 2.4 7.5 0.1
v 2.5 7.5 0.1
v 3 7.5 0.1
v 4.3 7.5 0.1
v 4.8 7.5 0.1
v 4.9 7.5 0.1
v 5.1 7.5 0.1
v -5.1 7.5 1.49012e-008
v -4.8 7.5 1.49012e-008
v -4.1 7.5 1.49012e-008
v -3.6 7.5 1.49012e-008
v -2.9 7.5 1.49012e-008
v -2.4 7.5 1.49012e-008
v -1.7 7.5 1.49012e-008
v -1.2 7.5 1.49012e-008
v 0.1 7.5 1.49012e-008
v 0.6 7.5 1.49012e-008
v 0.7 7.5 1.49012e-008
v 1.2 7.5 1.49012e-008
v 1.9 7.5 1.49012e-008
v 2.4 7.5 1.49012e-008
v 2.5 7.5 1.49012e-008
v 3 7.5 1.49012e-008
v 4.3 7.5 1.49012e-008
v 4.8 7.5 1.49012e-008
v 4.9 7.5 1.49012e-008
v 5.1 7.5 1.49012e-008
v -2.3 7.7 0.4
v -1.8 7.7 0.4
v -2.3 7.7 0.3
v -1.8 7.7 0.3
v -4.2 7.8 0.5
v -3.9 7.8 0.5
v -3.8 7.8 0.5
v -3.3 7.8 0.5
v -3.2 7.8 0.5
v -2.7 7.8 0.5
v -2 7.8 0.5
v -1.5 7.8 0.5
v -1.4 7.8 0.5
v -0.9 7.8 0.5
v -0.8 7.8 0.5
v -0.3 7.8 0.5
v 0.4 7.8 0.5
v 0.9 7.8 0.5
v 1 7.8 0.5
v 1.5 7.8 0.5
v 2.2 7.8 0.5
v 2.7 7.8 0.5
v 2.8 7.8 0.5
v 3.3 7.8 0.5
v 3.4 7.8 0.5
v 3.9 7.8 0.5
v 4 7.8 0.5
v 4.5 7.8 0.5
v -4.2 7.8 0.4
v -3.9 7.8 0.4
v -3.8 7.8 0.4
v -3.3 7.8 0.4
v -3.2 7.8 0.4
v -2.7 7.8 0.4
v -2 7.8 0.4
v -1.5 7.8 0.4
v -1.4 7.8 0.4
v -0.9 7.8 0.4
v -0.8 7.8 0.4
v -0.3 7.8 0.4
v 0.4 7.8 0.4
v 0.9 7.8 0.4
v 1 7.8 0.4
v 1.5 7.8 0.4
v 2.2 7.8 0.4
v 2.7 7.8 0.4
v 2.8 7.8 0.4
v 3.3 7.8 0.4
v 3.4 7.8 0.4
v 3.9 7.8 0.4
v 4 7.8 0.4
v 4.5 7.8 0.4
v -4.2 7.8 0.1
v -3.9 7.8 0.1
v -3.8 7.8 0.1
v -3.3 7.8 0.1
v -3.2 7.8 0.1
v -2.7 7.8 0.1
v -2 7.8 0.1
v -1.5 7.8 0.1
v -1.4 7.8 0.1
v -0.9 7.8 0.1
v -0.8 7.8 0.1
v -0.3 7.8 0.1
v 0.4 7.8 0.1
v 0.9 7.8 0.1
v 1 7.8 0.1
v 1.5 7.8 0.1
v 2.2 7.8 0.1
v 2.7 7.8 0.1
v 2.8 7.8 0.1
v 3.3 7.8 0.1
v 3.4 7.8 0.1
v 3.9 7.8 0.1
v 4 7.8 0.1
v 4.5 7.8 0.1
v -4.2 7.8 1.49012e-008
v -3.9 7.8 1.49012e-008
v -3.8 7.8 1.49012e-008
v -3.3 7.8 1.49012e-008
v -3.2 7.8 1.49012e-008
v -2.7 7.8 1.49012e-008
v -2 7.8 1.49012e-008
v -1.5 7.8 1.49012e-008
v -1.4 7.8 1.49012e-008
v -0.9 7.8 1.49012e-008
v -0.8 7.8 1.49012e-008
v -0.3 7.8 1.49012e-008
v 0.4 7.8 1.49012e-008
v 0.9 7.8 1.49012e-008
v 1 7.8 1.49012e-008
v 1.5 7.8 1.49012e-008
v 2.2 7.8 1.49012e-008
v 2.7 7.8 1.49012e-008
v 2.8 7.8 1.49012e-008
v 3.3 7.8 1.49012e-008
v 3.4 7.8 1.49012e-008
v 3.9 7.8 1.49012e-008
v 4 7.8 1.49012e-008
v 4.5 7.8 1.49012e-008
v -4.3 7.9 0.5
v -4.2 7.9 0.5
v -4.3 7.9 0.4
v -4.2 7.9 0.4
v -4.3 7.9 0.1
v -4.2 7.9 0.1
v -4.3 7.9 1.49012e-008
v -4.2 7.9 1.49012e-008
v -5.1 8.1 0.5
v -4.8 8.1 0.5
v -4.1 8.1 0.5
v -3.6 8.1 0.5
v -3.5 8.1 0.5
v -3 8.1 0.5
v -2.3 8.1 0.5
v -1.8 8.1 0.5
v 0.7 8.1 0.5
v 1.2 8.1 0.5
v 1.3 8.1 0.5
v 1.6 8.1 0.5
v 1.9 8.1 0.5
v 2.4 8.1 0.5
v 2.5 8.1 0.5
v 3 8.1 0.5
v 3.1 8.1 0.5
v 3.6 8.1 0.5
v 3.7 8.1 0.5
v 4.2 8.1 0.5
v 4.3 8.1 0.5
v 4.8 8.1 0.5
v 4.9 8.1 0.5
v 5.1 8.1 0.5
v -5.1 8.1 0.4
v -4.8 8.1 0.4
v -4.1 8.1 0.4
v -3.6 8.1 0.4
v -3.5 8.1 0.4
v -3 8.1 0.4
v -2.3 8.1 0.4
v -1.8 8.1 0.4
v 0.7 8.1 0.4
v 1.2 8.1 0.4
v 1.3 8.1 0.4
v 1.6 8.1 0.4
v 1.9 8.1 0.4
v 2.4 8.1 0.4
v 2.5 8.1 0.4
v 3 8.1 0.4
v 3.1 8.1 0.4
v 3.6 8.1 0.4
v 3.7 8.1 0.4
v 4.2 8.1 0.4
v 4.3 8.1 0.4
v 4.8 8.1 0.4
v 4.9 8.1 0.4
v 5.1 8.1 0.4
v -5.1 8.1 0.1
v -4.8 8.1 0.1
v -4.1 8.1 0.1
v -3.6 8.1 0.1
v -3.5 8.1 0.1
v -3 8.1 0.1
v -2.3 8.1 0.1
v -1.8 8.1 0.1
v 0.7 8.1 0.1
v 1.2 8.1 0.1
v 1.3 8.1 0.1
v 1.6 8.1 0.1
v 1.9 8.1 0.1
v 2.4 8.1 0.1
v 2.5 8.1 0.1
v 3 8.1 0.1
v 3.1 8.1 0.1
v 3.6 8.1 0.1
v 3.7 8.1 0.1
v 4.2 8.1 0.1
v 4.3 8.1 0.1
v 4.8 8.1 0.1
v 4.9 8.1 0.1
v 5.1 8.1 0.1
v -5.1 8.1 1.49012e-008
v -4.8 8.1 1.49012e-008
v -4.1 8.1 1.49012e-008
v -3.6 8.1 1.49012e-008
v -3.5 8.1 1.49012e-008
v -3 8.1 1.49012e-008
v -2.3 8.1 1.49012e-008
v -1.8 8.1 1.49012e-008
v 0.7 8.1 1.49012e-008
v 1.2 8.1 1.49012e-008
v 1.3 8.1 1.49012e-008
v 1.6 8.1 1.49012e-008
v 1.9 8.1 1.49012e-008
v 2.4 8.1 1.49012e-008
v 2.5 8.1 1.49012e-008
v 3 8.1 1.49012e-008
v 3.1 8.1 1.49012e-008
v 3.6 8.1 1.49012e-008
v 3.7 8.1 1.49012e-008
v 4.2 8.1 1.49012e-008
v 4.3 8.1 1.49012e-008
v 4.8 8.1 1.49012e-008
v 4.9 8.1 1.49012e-008
v 5.1 8.1 1.49012e-008
v 1.6 8.2 0.5
v 1.8 8.2 0.5
v 1.6 8.2 0.4
v 1.8 8.2 0.4
v 1.6 8.2 0.1
v 1.8 8.2 0.1
v 1.6 8.2 1.49012e-008
v 1.8 8.2 1.49012e-008
v -5 8.4 0.5
v -4.5 8.4 0.5
v -4.4 8.4 0.5
v -3.9 8.4 0.5
v -3.8 8.4 0.5
v -3.4 8.4 0.5
v -2.6 8.4 0.5
v -2.1 8.4 0.5
v -1.4 8.4 0.5
v -0.9 8.4 0.5
v -0.8 8.4 0.5
v -0.3 8.4 0.5
v -0.2 8.4 0.5
v 0.3 8.4 0.5
v 1 8.4 0.5
v 1.5 8.4 0.5
v 2.2 8.4 0.5
v 2.7 8.4 0.5
v 2.8 8.4 0.5
v 3.3 8.4 0.5
v 3.4 8.4 0.5
v 3.9 8.4 0.5
v 4.6 8.4 0.5
v 5.1 8.4 0.5
v -5 8.4 0.4
v -4.5 8.4 0.4
v -4.4 8.4 0.4
v -3.9 8.4 0.4
v -3.8 8.4 0.4
v -3.4 8.4 0.4
v -2.6 8.4 0.4
v -2.1 8.4 0.4
v -1.4 8.4 0.4
v -0.9 8.4 0.4
v -0.8 8.4 0.4
v -0.3 8.4 0.4
v -0.2 8.4 0.4
v 0.3 8.4 0.4
v 1 8.4 0.4
v 1.5 8.4 0.4
v 2.2 8.4 0.4
v 2.7 8.4 0.4
v 2.8 8.4 0.4
v 3.3 8.4 0.4
v 3.4 8.4 0.4
v 3.9 8.4 0.4
v 4.6 8.4 0.4
v 5.1 8.4 0.4
v -5 8.4 0.1
v -4.5 8.4 0.1
v -4.4 8.4 0.1
v -3.9 8.4 0.1
v -3.8 8.4 0.1
v -3.4 8.4 0.1
v -2.6 8.4 0.1
v -2.1 8.4 0.1
v -1.4 8.4 0.1
v -0.9 8.4 0.1
v -0.8 8.4 0.1
v -0.3 8.4 0.1
v -0.2 8.4 0.1
v 0.3 8.4 0.1
v 1 8.4 0.1
v 1.5 8.4 0.1
v 2.2 8.4 0.1
v 2.7 8.4 0.1
v 2.8 8.4 0.1
v 3.3 8.4 0.1
v 3.4 8.4 0.1
v 3.9 8.4 0.1
v 4.6 8.4 0.1
v 5.1 8.4 0.1
v -5 8.4 1.49012e-008
v -4.5 8.4 1.49012e-008
v -4.4 8.4 1.49012e-008
v -3.9 8.4 1.49012e-008
v -3.8 8.4 1.49012e-008
v -3.4 8.4 1.49012e-008
v -2.6 8.4 1.49012e-008
v -2.1 8.4 1.49012e-008
v -1.4 8.4 1.49012e-008
v -0.9 8.4 1.49012e-008
v -0.8 8.4 1.49012e-008
v -0.3 8.4 1.49012e-008
v -0.2 8.4 1.49012e-008
v 0.3 8.4 1.49012e-008
v 1 8.4 1.49012e-008
v 1.5 8.4 1.49012e-008
v 2.2 8.4 1.49012e-008
v 2.7 8.4 1.49012e-008
v 2.8 8.4 1.49012e-008
v 3.3 8.4 1.49012e-008
v 3.4 8.4 1.49012e-008
v 3.9 8.4 1.49012e-008
v 4.6 8.4 1.49012e-008
v 5.1 8.4 1.49012e-008
v -3.4 8.5 0.5
v -3.3 8.5 0.5
v -3.4 8.5 0.4
v -3.3 8.5 0.4
v -3.4 8.5 0.1
v -3.3 8.5 0.1
v -3.4 8.5 1.49012e-008
v -3.3 8.5 1.49012e-008
v -3.2 8.6 0.4
v -2.7 8.6 0.4
v -3.2 8.6 0.3
v -2.7 8.6 0.3
v -5.1 8.7 0.5
v -4.8 8.7 0.5
v -4.7 8.7 0.5
v -4.2 8.7 0.5
v -4.1 8.7 0.5
v -3.6 8.7 0.5
v -2.8 8.7 0.5
v -2.4 8.7 0.5
v -2.3 8.7 0.5
v -1.8 8.7 0.5
v -1.1 8.7 0.5
v -0.6 8.7 0.5
v -0.5 8.7 0.5
v 2.68221e-007 8.7 0.5
v 0.8 8.7 0.5
v 1.2 8.7 0.5
v 1.3 8.7 0.5
v 1.8 8.7 0.5
v 2.5 8.7 0.5
v 3 8.7 0.5
v 3.1 8.7 0.5
v 3.6 8.7 0.5
v 3.7 8.7 0.5
v 4.2 8.7 0.5
v 4.3 8.7 0.5
v 4.8 8.7 0.5
v 4.9 8.7 0.5
v 5.1 8.7 0.5
v -5.1 8.7 0.4
v -4.8 8.7 0.4
v -4.7 8.7 0.4
v -4.2 8.7 0.4
v -4.1 8.7 0.4
v -3.6 8.7 0.4
v -2.8 8.7 0.4
v -2.4 8.7 0.4
v -2.3 8.7 0.4
v -1.8 8.7 0.4
v -1.1 8.7 0.4
v -0.6 8.7 0.4
v -0.5 8.7 0.4
v 2.68221e-007 8.7 0.4
v 0.8 8.7 0.4
v 1.2 8.7 0.4
v 1.3 8.7 0.4
v 1.8 8.7 0.4
v 2.5 8.7 0.4
v 3 8.7 0.4
v 3.1 8.7 0.4
v 3.6 8.7 0.4
v 3.7 8.7 0.4
v 4.2 8.7 0.4
v 4.3 8.7 0.4
v 4.8 8.7 0.4
v 4.9 8.7 0.4
v 5.1 8.7 0.4
v -5.1 8.7 0.1
v -4.8 8.7 0.1
v -4.7 8.7 0.1
v -4.2 8.7 0.1
v -4.1 8.7 0.1
v -3.6 8.7 0.1
v -2.8 8.7 0.1
v -2.4 8.7 0.1
v -2.3 8.7 0.1
v -1.8 8.7 0.1
v -1.1 8.7 0.1
v -0.6 8.7 0.1
v -0.5 8.7 0.1
v 2.68221e-007 8.7 0.1
v 0.8 8.7 0.1
v 1.2 8.7 0.1
v 1.3 8.7 0.1
v 1.8 8.7 0.1
v 2.5 8.7 0.1
v 3 8.7 0.1
v 3.1 8.7 0.1
v 3.6 8.7 0.1
v 3.7 8.7 0.1
v 4.2 8.7 0.1
v 4.3 8.7 0.1
v 4.8 8.7 0.1
v 4.9 8.7 0.1
v 5.1 8.7 0.1
v -5.1 8.7 1.49012e-008
v -4.8 8.7 1.49012e-008
v -4.7 8.7 1.49012e-008
v -4.2 8.7 1.49012e-008
v -4.1 8.7 1.49012e-008
v -3.6 8.7 1.49012e-008
v -2.8 8.7 1.49012e-008
v -2.4 8.7 1.49012e-008
v -2.3 8.7 1.49012e-008
v -1.8 8.7 1.49012e-008
v -1.1 8.7 1.49012e-008
v -0.6 8.7 1.49012e-008
v -0.5 8.7 1.49012e-008
v 2.68221e-007 8.7 1.49012e-008
v 0.8 8.7 1.49012e-008
v 1.2 8.7 1.49012e-008
v 1.3 8.7 1.49012e-008
v 1.8 8.7 1.49012e-008
v 2.5 8.7 1.49012e-008
v 3 8.7 1.49012e-008
v 3.1 8.7 1.49012e-008
v 3.6 8.7 1.49012e-008
v 3.7 8.7 1.49012e-008
v 4.2 8.7 1.49012e-008
v 4.3 8.7 1.49012e-008
v 4.8 8.7 1.49012e-008
v 4.9 8.7 1.49012e-008
v 5.1 8.7 1.49012e-008
v -2.9 8.8 0.5
v -2.8 8.8 0.5
v -2.9 8.8 0.4
v -2.8 8.8 0.4
v -2.9 8.8 0.1
v -2.8 8.8 0.1
v -2.9 8.8 1.49012e-008
v -2.8 8.8 1.49012e-008
v -5 9 0.5
v -4.5 9 0.5
v -3.8 9 0.5
v -3.3 9 0.5
v -3.2 9 0.5
v -2.7 9 0.5
v -2.6 9 0.5
v -2.1 9 0.5
v -2 9 0.5
v -1.5 9 0.5
v -1.4 9 0.5
v -0.9 9 0.5
v -0.8 9 0.5
v -0.3 9 0.5
v 0.5 9 0.5
v 0.9 9 0.5
v 1 9 0.5
v 1.5 9 0.5
v 2.2 9 0.5
v 2.7 9 0.5
v 2.8 9 0.5
v 3.3 9 0.5
v 3.4 9 0.5
v 3.9 9 0.5
v -5 9 0.4
v -4.5 9 0.4
v -3.8 9 0.4
v -3.3 9 0.4
v -3.2 9 0.4
v -2.7 9 0.4
v -2.6 9 0.4
v -2.1 9 0.4
v -2 9 0.4
v -1.5 9 0.4
v -1.4 9 0.4
v -0.9 9 0.4
v -0.8 9 0.4
v -0.3 9 0.4
v 0.5 9 0.4
v 0.9 9 0.4
v 1 9 0.4
v 1.5 9 0.4
v 2.2 9 0.4
v 2.7 9 0.4
v 2.8 9 0.4
v 3.3 9 0.4
v 3.4 9 0.4
v 3.9 9 0.4
v -5 9 0.1
v -4.5 9 0.1
v -3.8 9 0.1
v -3.3 9 0.1
v -3.2 9 0.1
v -2.7 9 0.1
v -2.6 9 0.1
v -2.1 9 0.1
v -2 9 0.1
v -1.5 9 0.1
v -1.4 9 0.1
v -0.9 9 0.1
v -0.8 9 0.1
v -0.3 9 0.1
v 0.5 9 0.1
v 0.9 9 0.1
v 1 9 0.1
v 1.5 9 0.1
v 2.2 9 0.1
v 2.7 9 0.1
v 2.8 9 0.1
v 3.3 9 0.1
v 3.4 9 0.1
v 3.9 9 0.1
v -5 9 1.49012e-008
v -4.5 9 1.49012e-008
v -3.8 9 1.49012e-008
v -3.3 9 1.49012e-008
v -3.2 9 1.49012e-008
v -2.7 9 1.49012e-008
v -2.6 9 1.49012e-008
v -2.1 9 1.49012e-008
v -2 9 1.49012e-008
v -1.5 9 1.49012e-008
v -1.4 9 1.49012e-008
v -0.9 9 1.49012e-008
v -0.8 9 1.49012e-008
v -0.3 9 1.49012e-008
v 0.5 9 1.49012e-008
v 0.9 9 1.49012e-008
v 1 9 1.49012e-008
v 1.5 9 1.49012e-008
v 2.2 9 1.49012e-008
v 2.7 9 1.49012e-008
v 2.8 9 1.49012e-008
v 3.3 9 1.49012e-008
v 3.4 9 1.49012e-008
v 3.9 9 1.49012e-008
v -5.1 9.3 0.5
v -4.8 9.3 0.5
v -4.7 9.3 0.5
v -4.2 9.3 0.5
v -3.9 9.3 0.5
v -3.6 9.3 0.5
v -3.5 9.3 0.5
v -3 9.3 0.5
v -1.7 9.3 0.5
v -1.2 9.3 0.5
v -1.1 9.3 0.5
v -0.6 9.3 0.5
v 0.7 9.3 0.5
v 1.2 9.3 0.5
v 1.9 9.3 0.5
v 2.4 9.3 0.5
v 2.5 9.3 0.5
v 3 9.3 0.5
v 3.1 9.3 0.5
v 3.6 9.3 0.5
v 3.7 9.3 0.5
v 4.2 9.3 0.5
v 4.3 9.3 0.5
v 4.8 9.3 0.5
v 4.9 9.3 0.5
v 5.1 9.3 0.5
v -5.1 9.3 0.4
v -4.8 9.3 0.4
v -4.7 9.3 0.4
v -4.2 9.3 0.4
v -3.9 9.3 0.4
v -3.6 9.3 0.4
v -3.5 9.3 0.4
v -3 9.3 0.4
v -1.7 9.3 0.4
v -1.2 9.3 0.4
v -1.1 9.3 0.4
v -0.6 9.3 0.4
v 0.7 9.3 0.4
v 1.2 9.3 0.4
v 1.9 9.3 0.4
v 2.4 9.3 0.4
v 2.5 9.3 0.4
v 3 9.3 0.4
v 3.1 9.3 0.4
v 3.6 9.3 0.4
v 3.7 9.3 0.4
v 4.2 9.3 0.4
v 4.3 9.3 0.4
v 4.8 9.3 0.4
v 4.9 9.3 0.4
v 5.1 9.3 0.4
v -5.1 9.3 0.1
v -4.8 9.3 0.1
v -4.7 9.3 0.1
v -4.2 9.3 0.1
v -3.9 9.3 0.1
v -3.6 9.3 0.1
v -3.5 9.3 0.1
v -3 9.3 0.1
v -1.7 9.3 0.1
v -1.2 9.3 0.1
v -1.1 9.3 0.1
v -0.6 9.3 0.1
v 0.7 9.3 0.1
v 1.2 9.3 0.1
v 1.9 9.3 0.1
v 2.4 9.3 0.1
v 2.5 9.3 0.1
v 3 9.3 0.1
v 3.1 9.3 0.1
v 3.6 9.3 0.1
v 3.7 9.3 0.1
v 4.2 9.3 0.1
v 4.3 9.3 0.1
v 4.8 9.3 0.1
v 4.9 9.3 0.1
v 5.1 9.3 0.1
v -5.1 9.3 1.49012e-008
v -4.8 9.3 1.49012e-008
v -4.7 9.3 1.49012e-008
v -4.2 9.3 1.49012e-008
v -3.9 9.3 1.49012e-008
v -3.6 9.3 1.49012e-008
v -3.5 9.3 1.49012e-008
v -3 9.3 1.49012e-008
v -1.7 9.3 1.49012e-008
v -1.2 9.3 1.49012e-008
v -1.1 9.3 1.49012e-008
v -0.6 9.3 1.49012e-008
v 0.7 9.3 1.49012e-008
v 1.2 9.3 1.49012e-008
v 1.9 9.3 1.49012e-008
v 2.4 9.3 1.49012e-008
v 2.5 9.3 1.49012e-008
v 3 9.3 1.49012e-008
v 3.1 9.3 1.49012e-008
v 3.6 9.3 1.49012e-008
v 3.7 9.3 1.49012e-008
v 4.2 9.3 1.49012e-008
v 4.3 9.3 1.49012e-008
v 4.8 9.3 1.49012e-008
v 4.9 9.3 1.49012e-008
v 5.1 9.3 1.49012e-008
v -4.1 9.4 0.5
v -3.9 9.4 0.5
v -4.1 9.4 0.4
v -3.9 9.4 0.4
v -4.1 9.4 0.1
v -3.9 9.4 0.1
v -4.1 9.4 1.49012e-008
v -3.9 9.4 1.49012e-008
v -5 0.2 0.5
v -4.5 0.2 0.5
v -4.4 0.2 0.5
v -3.9 0.2 0.5
v -3.2 0.2 0.5
v -2.7 0.2 0.5
v -2.6 0.2 0.5
v -2.1 0.2 0.5
v -2 0.2 0.5
v -1.5 0.2 0.5
v -0.8 0.2 0.5
v -0.3 0.2 0.5
v -0.2 0.2 0.5
v 0.3 0.2 0.5
v 0.4 0.2 0.5
v 0.9 0.2 0.5
v 1.6 0.2 0.5
v 2.1 0.2 0.5
v 2.2 0.2 0.5
v 2.7 0.2 0.5
v 2.8 0.2 0.5
v 3.3 0.2 0.5
v 3.4 0.2 0.5
v 3.9 0.2 0.5
v 4 0.2 0.5
v 4.5 0.2 0.5
v 4.6 0.2 0.5
v 5.1 0.2 0.5
v -5 0.2 0.4
v -4.5 0.2 0.4
v -4.4 0.2 0.4
v -3.9 0.2 0.4
v -3.2 0.2 0.4
v -2.7 0.2 0.4
v -2.6 0.2 0.4
v -2.1 0.2 0.4
v -2 0.2 0.4
v -1.5 0.2 0.4
v -0.8 0.2 0.4
v -0.3 0.2 0.4
v -0.2 0.2 0.4
v 0.3 0.2 0.4
v 0.4 0.2 0.4
v 0.9 0.2 0.4
v 1.6 0.2 0.4
v 2.1 0.2 0.4
v 2.2 0.2 0.4
v 2.7 0.2 0.4
v 2.8 0.2 0.4
v 3.3 0.2 0.4
v 3.4 0.2 0.4
v 3.9 0.2 0.4
v 4 0.2 0.4
v 4.5 0.2 0.4
v 4.6 0.2 0.4
v 5.1 0.2 0.4
v -5 0.2 0.1
v -4.5 0.2 0.1
v -4.4 0.2 0.1
v -3.9 0.2 0.1
v -3.2 0.2 0.1
v -2.7 0.2 0.1
v -2.6 0.2 0.1
v -2.1 0.2 0.1
v -2 0.2 0.1
v -1.5 0.2 0.1
v -0.8 0.2 0.1
v -0.3 0.2 0.1
v -0.2 0.2 0.1
v 0.3 0.2 0.1
v 0.4 0.2 0.1
v 0.9 0.2 0.1
v 1.6 0.2 0.1
v 2.1 0.2 0.1
v 2.2 0.2 0.1
v 2.7 0.2 0.1
v 2.8 0.2 0.1
v 3.3 0.2 0.1
v 3.4 0.2 0.1
v 3.9 0.2 0.1
v 4 0.2 0.1
v 4.5 0.2 0.1
v 4.6 0.2 0.1
v 5.1 0.2 0.1
v -5 0.2 1.49012e-008
v -4.5 0.2 1.49012e-008
v -4.4 0.2 1.49012e-008
v -3.9 0.2 1.49012e-008
v -3.2 0.2 1.49012e-008
v -2.7 0.2 1.49012e-008
v -2.6 0.2 1.49012e-008
v -2.1 0.2 1.49012e-008
v -2 0.2 1.49012e-008
v -1.5 0.2 1.49012e-008
v -0.8 0.2 1.49012e-008
v -0.3 0.2 1.49012e-008
v -0.2 0.2 1.49012e-008
v 0.3 0.2 1.49012e-008
v 0.4 0.2 1.49012e-008
v 0.9 0.2 1.49012e-008
v 1.6 0.2 1.49012e-008
v 2.1 0.2 1.49012e-008
v 2.2 0.2 1.49012e-008
v 2.7 0.2 1.49012e-008
v 2.8 0.2 1.49012e-008
v 3.3 0.2 1.49012e-008
v 3.4 0.2 1.49012e-008
v 3.9 0.2 1.49012e-008
v 4 0.2 1.49012e-008
v 4.5 0.2 1.49012e-008
v 4.6 0.2 1.49012e-008
v 5.1 0.2 1.49012e-008
v -0.7 0.4 0.5
v -0.6 0.4 0.5
v -0.7 0.4 0.4
v -0.6 0.4 0.4
v -0.7 0.4 0.1
v -0.6 0.4 0.1
v -0.7 0.4 1.49012e-008
v -0.6 0.4 1.49012e-008
v -5.1 0.5 0.5
v -4.8 0.5 0.5
v -4.7 0.5 0.5
v -4.2 0.5 0.5
v -4.1 0.5 0.5
v -3.6 0.5 0.5
v -3.5 0.5 0.5
v -3 0.5 0.5
v -2.9 0.5 0.5
v -2.4 0.5 0.5
v -2.3 0.5 0.5
v -1.8 0.5 0.5
v -1.7 0.5 0.5
v -1.2 0.5 0.5
v -1.1 0.5 0.5
v -0.7 0.5 0.5
v 0.1 0.5 0.5
v 0.6 0.5 0.5
v 0.7 0.5 0.5
v 1.2 0.5 0.5
v 1.3 0.5 0.5
v 1.8 0.5 0.5
v 1.9 0.5 0.5
v 2.4 0.5 0.5
v 3.7 0.5 0.5
v 4.2 0.5 0.5
v 4.3 0.5 0.5
v 4.8 0.5 0.5
v 4.9 0.5 0.5
v 5.1 0.5 0.5
v -5.1 0.5 0.4
v -4.8 0.5 0.4
v -4.7 0.5 0.4
v -4.2 0.5 0.4
v -4.1 0.5 0.4
v -3.6 0.5 0.4
v -3.5 0.5 0.4
v -3 0.5 0.4
v -2.9 0.5 0.4
v -2.4 0.5 0.4
v -2.3 0.5 0.4
v -1.8 0.5 0.4
v -1.7 0.5 0.4
v -1.2 0.5 0.4
v -1.1 0.5 0.4
v -0.7 0.5 0.4
v 0.1 0.5 0.4
v 0.6 0.5 0.4
v 0.7 0.5 0.4
v 1.2 0.5 0.4
v 1.3 0.5 0.4
v 1.8 0.5 0.4
v 1.9 0.5 0.4
v 2.4 0.5 0.4
v 3.7 0.5 0.4
v 4.2 0.5 0.4
v 4.3 0.5 0.4
v 4.8 0.5 0.4
v 4.9 0.5 0.4
v 5.1 0.5 0.4
v -5.1 0.5 0.1
v -4.8 0.5 0.1
v -4.7 0.5 0.1
v -4.2 0.5 0.1
v -4.1 0.5 0.1
v -3.6 0.5 0.1
v -3.5 0.5 0.1
v -3 0.5 0.1
v -2.9 0.5 0.1
v -2.4 0.5 0.1
v -2.3 0.5 0.1
v -1.8 0.5 0.1
v -1.7 0.5 0.1
v -1.2 0.5 0.1
v -1.1 0.5 0.1
v -0.7 0.5 0.1
v 0.1 0.5 0.1
v 0.6 0.5 0.1
v 0.7 0.5 0.1
v 1.2 0.5 0.1
v 1.3 0.5 0.1
v 1.8 0.5 0.1
v 1.9 0.5 0.1
v 2.4 0.5 0.1
v 3.7 0.5 0.1
v 4.2 0.5 0.1
v 4.3 0.5 0.1
v 4.8 0.5 0.1
v 4.9 0.5 0.1
v 5.1 0.5 0.1
v -5.1 0.5 1.49012e-008
v -4.8 0.5 1.49012e-008
v -4.7 0.5 1.49012e-008
v -4.2 0.5 1.49012e-008
v -4.1 0.5 1.49012e-008
v -3.6 0.5 1.49012e-008
v -3.5 0.5 1.49012e-008
v -3 0.5 1.49012e-008
v -2.9 0.5 1.49012e-008
v -2.4 0.5 1.49012e-008
v -2.3 0.5 1.49012e-008
v -1.8 0.5 1.49012e-008
v -1.7 0.5 1.49012e-008
v -1.2 0.5 1.49012e-008
v -1.1 0.5 1.49012e-008
v -0.7 0.5 1.49012e-008
v 0.1 0.5 1.49012e-008
v 0.6 0.5 1.49012e-008
v 0.7 0.5 1.49012e-008
v 1.2 0.5 1.49012e-008
v 1.3 0.5 1.49012e-008
v 1.8 0.5 1.49012e-008
v 1.9 0.5 1.49012e-008
v 2.4 0.5 1.49012e-008
v 3.7 0.5 1.49012e-008
v 4.2 0.5 1.49012e-008
v 4.3 0.5 1.49012e-008
v 4.8 0.5 1.49012e-008
v 4.9 0.5 1.49012e-008
v 5.1 0.5 1.49012e-008
v -4.6 0.7 0.5
v -4.5 0.7 0.5
v -1 0.7 0.5
v -0.9 0.7 0.5
v -4.6 0.7 0.4
v -4.5 0.7 0.4
v -1 0.7 0.4
v -0.9 0.7 0.4
v -4.6 0.7 0.1
v -4.5 0.7 0.1
v -1 0.7 0.1
v -0.9 0.7 0.1
v -4.6 0.7 1.49012e-008
v -4.5 0.7 1.49012e-008
v -1 0.7 1.49012e-008
v -0.9 0.7 1.49012e-008
v -5 0.8 0.5
v -4.6 0.8 0.5
v -3.7 0.8 0.5
v -3.3 0.8 0.5
v -3.2 0.8 0.5
v -2.7 0.8 0.5
v -2 0.8 0.5
v -1.5 0.8 0.5
v -1.4 0.8 0.5
v -1 0.8 0.5
v -0.2 0.8 0.5
v 0.3 0.8 0.5
v 0.4 0.8 0.5
v 0.9 0.8 0.5
v 1.6 0.8 0.5
v 2.1 0.8 0.5
v 2.8 0.8 0.5
v 3.3 0.8 0.5
v 3.4 0.8 0.5
v 3.9 0.8 0.5
v 4.6 0.8 0.5
v 5.1 0.8 0.5
v -5 0.8 0.4
v -4.6 0.8 0.4
v -3.7 0.8 0.4
v -3.3 0.8 0.4
v -3.2 0.8 0.4
v -2.7 0.8 0.4
v -2 0.8 0.4
v -1.5 0.8 0.4
v -1.4 0.8 0.4
v -1 0.8 0.4
v -0.2 0.8 0.4
v 0.3 0.8 0.4
v 0.4 0.8 0.4
v 0.9 0.8 0.4
v 1.6 0.8 0.4
v 2.1 0.8 0.4
v 2.8 0.8 0.4
v 3.3 0.8 0.4
v 3.4 0.8 0.4
v 3.9 0.8 0.4
v 4.6 0.8 0.4
v 5.1 0.8 0.4
v -5 0.8 0.1
v -4.6 0.8 0.1
v -3.7 0.8 0.1
v -3.3 0.8 0.1
v -3.2 0.8 0.1
v -2.7 0.8 0.1
v -2 0.8 0.1
v -1.5 0.8 0.1
v -1.4 0.8 0.1
v -1 0.8 0.1
v -0.2 0.8 0.1
v 0.3 0.8 0.1
v 0.4 0.8 0.1
v 0.9 0.8 0.1
v 1.6 0.8 0.1
v 2.1 0.8 0.1
v 2.8 0.8 0.1
v 3.3 0.8 0.1
v 3.4 0.8 0.1
v 3.9 0.8 0.1
v 4.6 0.8 0.1
v 5.1 0.8 0.1
v -5 0.8 1.49012e-008
v -4.6 0.8 1.49012e-008
v -3.7 0.8 1.49012e-008
v -3.3 0.8 1.49012e-008
v -3.2 0.8 1.49012e-008
v -2.7 0.8 1.49012e-008
v -2 0.8 1.49012e-008
v -1.5 0.8 1.49012e-008
v -1.4 0.8 1.49012e-008
v -1 0.8 1.49012e-008
v -0.2 0.8 1.49012e-008
v 0.3 0.8 1.49012e-008
v 0.4 0.8 1.49012e-008
v 0.9 0.8 1.49012e-008
v 1.6 0.8 1.49012e-008
v 2.1 0.8 1.49012e-008
v 2.8 0.8 1.49012e-008
v 3.3 0.8 1.49012e-008
v 3.4 0.8 1.49012e-008
v 3.9 0.8 1.49012e-008
v 4.6 0.8 1.49012e-008
v 5.1 0.8 1.49012e-008
v -3.5 1 0.5
v -3.4 1 0.5
v -3.5 1 0.4
v -3.4 1 0.4
v -3.5 1 0.1
v -3.4 1 0.1
v -3.5 1 1.49012e-008
v -3.4 1 1.49012e-008
v -5.1 1.1 0.5
v -4.8 1.1 0.5
v -4.7 1.1 0.5
v -4.3 1.1 0.5
v -3.4 1.1 0.5
v -3 1.1 0.5
v -2.9 1.1 0.5
v -2.4 1.1 0.5
v -2.3 1.1 0.5
v -1.8 1.1 0.5
v -1.7 1.1 0.5
v -1.2 1.1 0.5
v -1.1 1.1 0.5
v -0.6 1.1 0.5
v -0.5 1.1 0.5
v 2.68221e-007 1.1 0.5
v 0.1 1.1 0.5
v 0.6 1.1 0.5
v 0.7 1.1 0.5
v 1.2 1.1 0.5
v 1.3 1.1 0.5
v 1.8 1.1 0.5
v 1.9 1.1 0.5
v 2.4 1.1 0.5
v 2.5 1.1 0.5
v 3 1.1 0.5
v 3.1 1.1 0.5
v 3.6 1.1 0.5
v 3.7 1.1 0.5
v 4.2 1.1 0.5
v 4.3 1.1 0.5
v 4.8 1.1 0.5
v 4.9 1.1 0.5
v 5.1 1.1 0.5
v -5.1 1.1 0.4
v -4.8 1.1 0.4
v -4.7 1.1 0.4
v -4.3 1.1 0.4
v -3.4 1.1 0.4
v -3 1.1 0.4
v -2.9 1.1 0.4
v -2.4 1.1 0.4
v -2.3 1.1 0.4
v -1.8 1.1 0.4
v -1.7 1.1 0.4
v -1.2 1.1 0.4
v -1.1 1.1 0.4
v -0.6 1.1 0.4
v -0.5 1.1 0.4
v 2.68221e-007 1.1 0.4
v 0.1 1.1 0.4
v 0.6 1.1 0.4
v 0.7 1.1 0.4
v 1.2 1.1 0.4
v 1.3 1.1 0.4
v 1.8 1.1 0.4
v 1.9 1.1 0.4
v 2.4 1.1 0.4
v 2.5 1.1 0.4
v 3 1.1 0.4
v 3.1 1.1 0.4
v 3.6 1.1 0.4
v 3.7 1.1 0.4
v 4.2 1.1 0.4
v 4.3 1.1 0.4
v 4.8 1.1 0.4
v 4.9 1.1 0.4
v 5.1 1.1 0.4
v -5.1 1.1 0.1
v -4.8 1.1 0.1
v -4.7 1.1 0.1
v -4.3 1.1 0.1
v -3.4 1.1 0.1
v -3 1.1 0.1
v -2.9 1.1 0.1
v -2.4 1.1 0.1
v -2.3 1.1 0.1
v -1.8 1.1 0.1
v -1.7 1.1 0.1
v -1.2 1.1 0.1
v -1.1 1.1 0.1
v -0.6 1.1 0.1
v -0.5 1.1 0.1
v 2.68221e-007 1.1 0.1
v 0.1 1.1 0.1
v 0.6 1.1 0.1
v 0.7 1.1 0.1
v 1.2 1.1 0.1
v 1.3 1.1 0.1
v 1.8 1.1 0.1
v 1.9 1.1 0.1
v 2.4 1.1 0.1
v 2.5 1.1 0.1
v 3 1.1 0.1
v 3.1 1.1 0.1
v 3.6 1.1 0.1
v 3.7 1.1 0.1
v 4.2 1.1 0.1
v 4.3 1.1 0.1
v 4.8 1.1 0.1
v 4.9 1.1 0.1
v 5.1 1.1 0.1
v -5.1 1.1 1.49012e-008
v -4.8 1.1 1.49012e-008
v -4.7 1.1 1.49012e-008
v -4.3 1.1 1.49012e-008
v -3.4 1.1 1.49012e-008
v -3 1.1 1.49012e-008
v -2.9 1.1 1.49012e-008
v -2.4 1.1 1.49012e-008
v -2.3 1.1 1.49012e-008
v -1.8 1.1 1.49012e-008
v -1.7 1.1 1.49012e-008
v -1.2 1.1 1.49012e-008
v -1.1 1.1 1.49012e-008
v -0.6 1.1 1.49012e-008
v -0.5 1.1 1.49012e-008
v 2.68221e-007 1.1 1.49012e-008
v 0.1 1.1 1.49012e-008
v 0.6 1.1 1.49012e-008
v 0.7 1.1 1.49012e-008
v 1.2 1.1 1.49012e-008
v 1.3 1.1 1.49012e-008
v 1.8 1.1 1.49012e-008
v 1.9 1.1 1.49012e-008
v 2.4 1.1 1.49012e-008
v 2.5 1.1 1.49012e-008
v 3 1.1 1.49012e-008
v 3.1 1.1 1.49012e-008
v 3.6 1.1 1.49012e-008
v 3.7 1.1 1.49012e-008
v 4.2 1.1 1.49012e-008
v 4.3 1.1 1.49012e-008
v 4.8 1.1 1.49012e-008
v 4.9 1.1 1.49012e-008
v 5.1 1.1 1.49012e-008
v -1.6 1.3 0.5
v -1.5 1.3 0.5
v 3.4 1.3 0.5
v 3.5 1.3 0.5
v -1.6 1.3 0.4
v -1.5 1.3 0.4
v 3.4 1.3 0.4
v 3.5 1.3 0.4
v -1.6 1.3 0.1
v -1.5 1.3 0.1
v 3.4 1.3 0.1
v 3.5 1.3 0.1
v -1.6 1.3 1.49012e-008
v -1.5 1.3 1.49012e-008
v 3.4 1.3 1.49012e-008
v 3.5 1.3 1.49012e-008
v -5 1.4 0.5
v -4.5 1.4 0.5
v -4.4 1.4 0.5
v -3.9 1.4 0.5
v -3.8 1.4 0.5
v -3.3 1.4 0.5
v -2.6 1.4 0.5
v -2.1 1.4 0.5
v -2 1.4 0.5
v -1.6 1.4 0.5
v -0.8 1.4 0.5
v -0.3 1.4 0.5
v -0.2 1.4 0.5
v 0.3 1.4 0.5
v 1 1.4 0.5
v 1.5 1.4 0.5
v 1.6 1.4 0.5
v 2.1 1.4 0.5
v 2.2 1.4 0.5
v 2.7 1.4 0.5
v 3.5 1.4 0.5
v 3.9 1.4 0.5
v 4.6 1.4 0.5
v 5.1 1.4 0.5
v -5 1.4 0.4
v -4.5 1.4 0.4
v -4.4 1.4 0.4
v -3.9 1.4 0.4
v -3.8 1.4 0.4
v -3.3 1.4 0.4
v -2.6 1.4 0.4
v -2.1 1.4 0.4
v -2 1.4 0.4
v -1.6 1.4 0.4
v -0.8 1.4 0.4
v -0.3 1.4 0.4
v -0.2 1.4 0.4
v 0.3 1.4 0.4
v 1 1.4 0.4
v 1.5 1.4 0.4
v 1.6 1.4 0.4
v 2.1 1.4 0.4
v 2.2 1.4 0.4
v 2.7 1.4 0.4
v 3.5 1.4 0.4
v 3.9 1.4 0.4
v 4.6 1.4 0.4
v 5.1 1.4 0.4
v -5 1.4 0.1
v -4.5 1.4 0.1
v -4.4 1.4 0.1
v -3.9 1.4 0.1
v -3.8 1.4 0.1
v -3.3 1.4 0.1
v -2.6 1.4 0.1
v -2.1 1.4 0.1
v -2 1.4 0.1
v -1.6 1.4 0.1
v -0.8 1.4 0.1
v -0.3 1.4 0.1
v -0.2 1.4 0.1
v 0.3 1.4 0.1
v 1 1.4 0.1
v 1.5 1.4 0.1
v 1.6 1.4 0.1
v 2.1 1.4 0.1
v 2.2 1.4 0.1
v 2.7 1.4 0.1
v 3.5 1.4 0.1
v 3.9 1.4 0.1
v 4.6 1.4 0.1
v 5.1 1.4 0.1
v -5 1.4 1.49012e-008
v -4.5 1.4 1.49012e-008
v -4.4 1.4 1.49012e-008
v -3.9 1.4 1.49012e-008
v -3.8 1.4 1.49012e-008
v -3.3 1.4 1.49012e-008
v -2.6 1.4 1.49012e-008
v -2.1 1.4 1.49012e-008
v -2 1.4 1.49012e-008
v -1.6 1.4 1.49012e-008
v -0.8 1.4 1.49012e-008
v -0.3 1.4 1.49012e-008
v -0.2 1.4 1.49012e-008
v 0.3 1.4 1.49012e-008
v 1 1.4 1.49012e-008
v 1.5 1.4 1.49012e-008
v 1.6 1.4 1.49012e-008
v 2.1 1.4 1.49012e-008
v 2.2 1.4 1.49012e-008
v 2.7 1.4 1.49012e-008
v 3.5 1.4 1.49012e-008
v 3.9 1.4 1.49012e-008
v 4.6 1.4 1.49012e-008
v 5.1 1.4 1.49012e-008
v -1.1 1.6 0.5
v -1 1.6 0.5
v 1.3 1.6 0.5
v 1.4 1.6 0.5
v 3.7 1.6 0.5
v 3.8 1.6 0.5
v -1.1 1.6 0.4
v -1 1.6 0.4
v 1.3 1.6 0.4
v 1.4 1.6 0.4
v 3.7 1.6 0.4
v 3.8 1.6 0.4
v -1.1 1.6 0.1
v -1 1.6 0.1
v 1.3 1.6 0.1
v 1.4 1.6 0.1
v 3.7 1.6 0.1
v 3.8 1.6 0.1
v -1.1 1.6 1.49012e-008
v -1 1.6 1.49012e-008
v 1.3 1.6 1.49012e-008
v 1.4 1.6 1.49012e-008
v 3.7 1.6 1.49012e-008
v 3.8 1.6 1.49012e-008
v -5.1 1.7 0.5
v -4.8 1.7 0.5
v -4.7 1.7 0.5
v -4.2 1.7 0.5
v -4.1 1.7 0.5
v -3.6 1.7 0.5
v -2.9 1.7 0.5
v -2.4 1.7 0.5
v -2.3 1.7 0.5
v -1.8 1.7 0.5
v -1 1.7 0.5
v -0.6 1.7 0.5
v -0.5 1.7 0.5
v 2.68221e-007 1.7 0.5
v 0.1 1.7 0.5
v 0.6 1.7 0.5
v 1.4 1.7 0.5
v 1.8 1.7 0.5
v 1.9 1.7 0.5
v 2.4 1.7 0.5
v 2.5 1.7 0.5
v 3 1.7 0.5
v 3.8 1.7 0.5
v 4.2 1.7 0.5
v 4.3 1.7 0.5
v 4.8 1.7 0.5
v 4.9 1.7 0.5
v 5.1 1.7 0.5
v -5.1 1.7 0.4
v -4.8 1.7 0.4
v -4.7 1.7 0.4
v -4.2 1.7 0.4
v -4.1 1.7 0.4
v -3.6 1.7 0.4
v -2.9 1.7 0.4
v -2.4 1.7 0.4
v -2.3 1.7 0.4
v -1.8 1.7 0.4
v -1 1.7 0.4
v -0.6 1.7 0.4
v -0.5 1.7 0.4
v 2.68221e-007 1.7 0.4
v 0.1 1.7 0.4
v 0.6 1.7 0.4
v 1.4 1.7 0.4
v 1.8 1.7 0.4
v 1.9 1.7 0.4
v 2.4 1.7 0.4
v 2.5 1.7 0.4
v 3 1.7 0.4
v 3.8 1.7 0.4
v 4.2 1.7 0.4
v 4.3 1.7 0.4
v 4.8 1.7 0.4
v 4.9 1.7 0.4
v 5.1 1.7 0.4
v -5.1 1.7 0.1
v -4.8 1.7 0.1
v -4.7 1.7 0.1
v -4.2 1.7 0.1
v -4.1 1.7 0.1
v -3.6 1.7 0.1
v -2.9 1.7 0.1
v -2.4 1.7 0.1
v -2.3 1.7 0.1
v -1.8 1.7 0.1
v -1 1.7 0.1
v -0.6 1.7 0.1
v -0.5 1.7 0.1
v 2.68221e-007 1.7 0.1
v 0.1 1.7 0.1
v 0.6 1.7 0.1
v 1.4 1.7 0.1
v 1.8 1.7 0.1
v 1.9 1.7 0.1
v 2.4 1.7 0.1
v 2.5 1.7 0.1
v 3 1.7 0.1
v 3.8 1.7 0.1
v 4.2 1.7 0.1
v 4.3 1.7 0.1
v 4.8 1.7 0.1
v 4.9 1.7 0.1
v 5.1 1.7 0.1
v -5.1 1.7 1.49012e-008
v -4.8 1.7 1.49012e-008
v -4.7 1.7 1.49012e-008
v -4.2 1.7 1.49012e-008
v -4.1 1.7 1.49012e-008
v -3.6 1.7 1.49012e-008
v -2.9 1.7 1.49012e-008
v -2.4 1.7 1.49012e-008
v -2.3 1.7 1.49012e-008
v -1.8 1.7 1.49012e-008
v -1 1.7 1.49012e-008
v -0.6 1.7 1.49012e-008
v -0.5 1.7 1.49012e-008
v 2.68221e-007 1.7 1.49012e-008
v 0.1 1.7 1.49012e-008
v 0.6 1.7 1.49012e-008
v 1.4 1.7 1.49012e-008
v 1.8 1.7 1.49012e-008
v 1.9 1.7 1.49012e-008
v 2.4 1.7 1.49012e-008
v 2.5 1.7 1.49012e-008
v 3 1.7 1.49012e-008
v 3.8 1.7 1.49012e-008
v 4.2 1.7 1.49012e-008
v 4.3 1.7 1.49012e-008
v 4.8 1.7 1.49012e-008
v 4.9 1.7 1.49012e-008
v 5.1 1.7 1.49012e-008
v -5 2 0.5
v -4.5 2 0.5
v -4.4 2 0.5
v -3.9 2 0.5
v -3.8 2 0.5
v -3.3 2 0.5
v -3.2 2 0.5
v -2.7 2 0.5
v -2.6 2 0.5
v -2.1 2 0.5
v -2 2 0.5
v -1.6 2 0.5
v -0.7 2 0.5
v -0.3 2 0.5
v 0.4 2 0.5
v 0.9 2 0.5
v 1 2 0.5
v 1.5 2 0.5
v 1.6 2 0.5
v 2.1 2 0.5
v 2.8 2 0.5
v 3.3 2 0.5
v 3.4 2 0.5
v 3.9 2 0.5
v 4 2 0.5
v 4.5 2 0.5
v 4.6 2 0.5
v 5.1 2 0.5
v -5 2 0.4
v -4.5 2 0.4
v -4.4 2 0.4
v -3.9 2 0.4
v -3.8 2 0.4
v -3.3 2 0.4
v -3.2 2 0.4
v -2.7 2 0.4
v -2.6 2 0.4
v -2.1 2 0.4
v -2 2 0.4
v -1.6 2 0.4
v -0.7 2 0.4
v -0.3 2 0.4
v 0.4 2 0.4
v 0.9 2 0.4
v 1 2 0.4
v 1.5 2 0.4
v 1.6 2 0.4
v 2.1 2 0.4
v 2.8 2 0.4
v 3.3 2 0.4
v 3.4 2 0.4
v 3.9 2 0.4
v 4 2 0.4
v 4.5 2 0.4
v 4.6 2 0.4
v 5.1 2 0.4
v -5 2 0.1
v -4.5 2 0.1
v -4.4 2 0.1
v -3.9 2 0.1
v -3.8 2 0.1
v -3.3 2 0.1
v -3.2 2 0.1
v -2.7 2 0.1
v -2.6 2 0.1
v -2.1 2 0.1
v -2 2 0.1
v -1.6 2 0.1
v -0.7 2 0.1
v -0.3 2 0.1
v 0.4 2 0.1
v 0.9 2 0.1
v 1 2 0.1
v 1.5 2 0.1
v 1.6 2 0.1
v 2.1 2 0.1
v 2.8 2 0.1
v 3.3 2 0.1
v 3.4 2 0.1
v 3.9 2 0.1
v 4 2 0.1
v 4.5 2 0.1
v 4.6 2 0.1
v 5.1 2 0.1
v -5 2 1.49012e-008
v -4.5 2 1.49012e-008
v -4.4 2 1.49012e-008
v -3.9 2 1.49012e-008
v -3.8 2 1.49012e-008
v -3.3 2 1.49012e-008
v -3.2 2 1.49012e-008
v -2.7 2 1.49012e-008
v -2.6 2 1.49012e-008
v -2.1 2 1.49012e-008
v -2 2 1.49012e-008
v -1.6 2 1.49012e-008
v -0.7 2 1.49012e-008
v -0.3 2 1.49012e-008
v 0.4 2 1.49012e-008
v 0.9 2 1.49012e-008
v 1 2 1.49012e-008
v 1.5 2 1.49012e-008
v 1.6 2 1.49012e-008
v 2.1 2 1.49012e-008
v 2.8 2 1.49012e-008
v 3.3 2 1.49012e-008
v 3.4 2 1.49012e-008
v 3.9 2 1.49012e-008
v 4 2 1.49012e-008
v 4.5 2 1.49012e-008
v 4.6 2 1.49012e-008
v 5.1 2 1.49012e-008
v 1.9 2.2 0.5
v 2.1 2.2 0.5
v 1.9 2.2 0.4
v 2 2.2 0.4
v 2.1 2.2 0.4
v 1.9 2.2 0.3
v 2 2.2 0.3
v 1.9 2.2 0.1
v 2.1 2.2 0.1
v 1.9 2.2 1.49012e-008
v 2.1 2.2 1.49012e-008
v -5.1 2.3 0.5
v -4.8 2.3 0.5
v -4.7 2.3 0.5
v -4.2 2.3 0.5
v -4.1 2.3 0.5
v -3.6 2.3 0.5
v -2.9 2.3 0.5
v -2.4 2.3 0.5
v -2.3 2.3 0.5
v -1.8 2.3 0.5
v -1.7 2.3 0.5
v -1.2 2.3 0.5
v -1.1 2.3 0.5
v -0.6 2.3 0.5
v -0.5 2.3 0.5
v 2.68221e-007 2.3 0.5
v 0.7 2.3 0.5
v 1.2 2.3 0.5
v 1.3 2.3 0.5
v 1.8 2.3 0.5
v 2.1 2.3 0.5
v 2.4 2.3 0.5
v 2.5 2.3 0.5
v 3 2.3 0.5
v 3.1 2.3 0.5
v 3.6 2.3 0.5
v 4.9 2.3 0.5
v 5.1 2.3 0.5
v -5.1 2.3 0.4
v -4.8 2.3 0.4
v -4.7 2.3 0.4
v -4.2 2.3 0.4
v -4.1 2.3 0.4
v -3.6 2.3 0.4
v -2.9 2.3 0.4
v -2.4 2.3 0.4
v -2.3 2.3 0.4
v -1.8 2.3 0.4
v -1.7 2.3 0.4
v -1.2 2.3 0.4
v -1.1 2.3 0.4
v -0.6 2.3 0.4
v -0.5 2.3 0.4
v 2.68221e-007 2.3 0.4
v 0.7 2.3 0.4
v 1.2 2.3 0.4
v 1.3 2.3 0.4
v 1.8 2.3 0.4
v 2.1 2.3 0.4
v 2.4 2.3 0.4
v 2.5 2.3 0.4
v 3 2.3 0.4
v 3.1 2.3 0.4
v 3.6 2.3 0.4
v 4.9 2.3 0.4
v 5.1 2.3 0.4
v -5.1 2.3 0.1
v -4.8 2.3 0.1
v -4.7 2.3 0.1
v -4.2 2.3 0.1
v -4.1 2.3 0.1
v -3.6 2.3 0.1
v -2.9 2.3 0.1
v -2.4 2.3 0.1
v -2.3 2.3 0.1
v -1.8 2.3 0.1
v -1.7 2.3 0.1
v -1.2 2.3 0.1
v -1.1 2.3 0.1
v -0.6 2.3 0.1
v -0.5 2.3 0.1
v 2.68221e-007 2.3 0.1
v 0.7 2.3 0.1
v 1.2 2.3 0.1
v 1.3 2.3 0.1
v 1.8 2.3 0.1
v 2.1 2.3 0.1
v 2.4 2.3 0.1
v 2.5 2.3 0.1
v 3 2.3 0.1
v 3.1 2.3 0.1
v 3.6 2.3 0.1
v 4.9 2.3 0.1
v 5.1 2.3 0.1
v -5.1 2.3 1.49012e-008
v -4.8 2.3 1.49012e-008
v -4.7 2.3 1.49012e-008
v -4.2 2.3 1.49012e-008
v -4.1 2.3 1.49012e-008
v -3.6 2.3 1.49012e-008
v -2.9 2.3 1.49012e-008
v -2.4 2.3 1.49012e-008
v -2.3 2.3 1.49012e-008
v -1.8 2.3 1.49012e-008
v -1.7 2.3 1.49012e-008
v -1.2 2.3 1.49012e-008
v -1.1 2.3 1.49012e-008
v -0.6 2.3 1.49012e-008
v -0.5 2.3 1.49012e-008
v 2.68221e-007 2.3 1.49012e-008
v 0.7 2.3 1.49012e-008
v 1.2 2.3 1.49012e-008
v 1.3 2.3 1.49012e-008
v 1.8 2.3 1.49012e-008
v 2.1 2.3 1.49012e-008
v 2.4 2.3 1.49012e-008
v 2.5 2.3 1.49012e-008
v 3 2.3 1.49012e-008
v 3.1 2.3 1.49012e-008
v 3.6 2.3 1.49012e-008
v 4.9 2.3 1.49012e-008
v 5.1 2.3 1.49012e-008
v 2.2 2.5 0.5
v 2.5 2.5 0.5
v 2.2 2.5 0.4
v 2.5 2.5 0.4
v 2.2 2.5 0.1
v 2.5 2.5 0.1
v 2.2 2.5 1.49012e-008
v 2.5 2.5 1.49012e-008
v -5 2.6 0.5
v -4.5 2.6 0.5
v -3.8 2.6 0.5
v -3.3 2.6 0.5
v -3.2 2.6 0.5
v -2.7 2.6 0.5
v -2 2.6 0.5
v -1.5 2.6 0.5
v -1.4 2.6 0.5
v -0.9 2.6 0.5
v -0.8 2.6 0.5
v -0.3 2.6 0.5
v 0.4 2.6 0.5
v 0.9 2.6 0.5
v 1 2.6 0.5
v 1.4 2.6 0.5
v 2.5 2.6 0.5
v 2.7 2.6 0.5
v 2.8 2.6 0.5
v 3.3 2.6 0.5
v 3.4 2.6 0.5
v 3.9 2.6 0.5
v 4 2.6 0.5
v 4.5 2.6 0.5
v 4.6 2.6 0.5
v 5.1 2.6 0.5
v -5 2.6 0.4
v -4.5 2.6 0.4
v -3.8 2.6 0.4
v -3.3 2.6 0.4
v -3.2 2.6 0.4
v -2.7 2.6 0.4
v -2 2.6 0.4
v -1.5 2.6 0.4
v -1.4 2.6 0.4
v -0.9 2.6 0.4
v -0.8 2.6 0.4
v -0.3 2.6 0.4
v 0.4 2.6 0.4
v 0.9 2.6 0.4
v 1 2.6 0.4
v 1.4 2.6 0.4
v 2.5 2.6 0.4
v 2.7 2.6 0.4
v 2.8 2.6 0.4
v 3.3 2.6 0.4
v 3.4 2.6 0.4
v 3.9 2.6 0.4
v 4 2.6 0.4
v 4.5 2.6 0.4
v 4.6 2.6 0.4
v 5.1 2.6 0.4
v -5 2.6 0.1
v -4.5 2.6 0.1
v -3.8 2.6 0.1
v -3.3 2.6 0.1
v -3.2 2.6 0.1
v -2.7 2.6 0.1
v -2 2.6 0.1
v -1.5 2.6 0.1
v -1.4 2.6 0.1
v -0.9 2.6 0.1
v -0.8 2.6 0.1
v -0.3 2.6 0.1
v 0.4 2.6 0.1
v 0.9 2.6 0.1
v 1 2.6 0.1
v 1.4 2.6 0.1
v 2.5 2.6 0.1
v 2.7 2.6 0.1
v 2.8 2.6 0.1
v 3.3 2.6 0.1
v 3.4 2.6 0.1
v 3.9 2.6 0.1
v 4 2.6 0.1
v 4.5 2.6 0.1
v 4.6 2.6 0.1
v 5.1 2.6 0.1
v -5 2.6 1.49012e-008
v -4.5 2.6 1.49012e-008
v -3.8 2.6 1.49012e-008
v -3.3 2.6 1.49012e-008
v -3.2 2.6 1.49012e-008
v -2.7 2.6 1.49012e-008
v -2 2.6 1.49012e-008
v -1.5 2.6 1.49012e-008
v -1.4 2.6 1.49012e-008
v -0.9 2.6 1.49012e-008
v -0.8 2.6 1.49012e-008
v -0.3 2.6 1.49012e-008
v 0.4 2.6 1.49012e-008
v 0.9 2.6 1.49012e-008
v 1 2.6 1.49012e-008
v 1.4 2.6 1.49012e-008
v 2.5 2.6 1.49012e-008
v 2.7 2.6 1.49012e-008
v 2.8 2.6 1.49012e-008
v 3.3 2.6 1.49012e-008
v 3.4 2.6 1.49012e-008
v 3.9 2.6 1.49012e-008
v 4 2.6 1.49012e-008
v 4.5 2.6 1.49012e-008
v 4.6 2.6 1.49012e-008
v 5.1 2.6 1.49012e-008
v 1.7 2.8 0.5
v 1.8 2.8 0.5
v 1.7 2.8 0.4
v 1.8 2.8 0.4
v 1.7 2.8 0.1
v 1.8 2.8 0.1
v 1.7 2.8 1.49012e-008
v 1.8 2.8 1.49012e-008
v -5.1 2.9 0.5
v -4.8 2.9 0.5
v -4.7 2.9 0.5
v -4.2 2.9 0.5
v -4.1 2.9 0.5
v -3.6 2.9 0.5
v -2.9 2.9 0.5
v -2.4 2.9 0.5
v -2.3 2.9 0.5
v -1.8 2.9 0.5
v -1.7 2.9 0.5
v -1.2 2.9 0.5
v -1.1 2.9 0.5
v -0.6 2.9 0.5
v 0.1 2.9 0.5
v 0.6 2.9 0.5
v 0.7 2.9 0.5
v 1.2 2.9 0.5
v 1.3 2.9 0.5
v 1.7 2.9 0.5
v 2.6 2.9 0.5
v 3 2.9 0.5
v 3.1 2.9 0.5
v 3.6 2.9 0.5
v 4.3 2.9 0.5
v 4.8 2.9 0.5
v 4.9 2.9 0.5
v 5.1 2.9 0.5
v -5.1 2.9 0.4
v -4.8 2.9 0.4
v -4.7 2.9 0.4
v -4.2 2.9 0.4
v -4.1 2.9 0.4
v -3.6 2.9 0.4
v -2.9 2.9 0.4
v -2.4 2.9 0.4
v -2.3 2.9 0.4
v -1.8 2.9 0.4
v -1.7 2.9 0.4
v -1.2 2.9 0.4
v -1.1 2.9 0.4
v -0.6 2.9 0.4
v 0.1 2.9 0.4
v 0.6 2.9 0.4
v 0.7 2.9 0.4
v 1.2 2.9 0.4
v 1.3 2.9 0.4
v 1.7 2.9 0.4
v 2.6 2.9 0.4
v 3 2.9 0.4
v 3.1 2.9 0.4
v 3.6 2.9 0.4
v 4.3 2.9 0.4
v 4.8 2.9 0.4
v 4.9 2.9 0.4
v 5.1 2.9 0.4
v -5.1 2.9 0.1
v -4.8 2.9 0.1
v -4.7 2.9 0.1
v -4.2 2.9 0.1
v -4.1 2.9 0.1
v -3.6 2.9 0.1
v -2.9 2.9 0.1
v -2.4 2.9 0.1
v -2.3 2.9 0.1
v -1.8 2.9 0.1
v -1.7 2.9 0.1
v -1.2 2.9 0.1
v -1.1 2.9 0.1
v -0.6 2.9 0.1
v 0.1 2.9 0.1
v 0.6 2.9 0.1
v 0.7 2.9 0.1
v 1.2 2.9 0.1
v 1.3 2.9 0.1
v 1.7 2.9 0.1
v 2.6 2.9 0.1
v 3 2.9 0.1
v 3.1 2.9 0.1
v 3.6 2.9 0.1
v 4.3 2.9 0.1
v 4.8 2.9 0.1
v 4.9 2.9 0.1
v 5.1 2.9 0.1
v -5.1 2.9 1.49012e-008
v -4.8 2.9 1.49012e-008
v -4.7 2.9 1.49012e-008
v -4.2 2.9 1.49012e-008
v -4.1 2.9 1.49012e-008
v -3.6 2.9 1.49012e-008
v -2.9 2.9 1.49012e-008
v -2.4 2.9 1.49012e-008
v -2.3 2.9 1.49012e-008
v -1.8 2.9 1.49012e-008
v -1.7 2.9 1.49012e-008
v -1.2 2.9 1.49012e-008
v -1.1 2.9 1.49012e-008
v -0.6 2.9 1.49012e-008
v 0.1 2.9 1.49012e-008
v 0.6 2.9 1.49012e-008
v 0.7 2.9 1.49012e-008
v 1.2 2.9 1.49012e-008
v 1.3 2.9 1.49012e-008
v 1.7 2.9 1.49012e-008
v 2.6 2.9 1.49012e-008
v 3 2.9 1.49012e-008
v 3.1 2.9 1.49012e-008
v 3.6 2.9 1.49012e-008
v 4.3 2.9 1.49012e-008
v 4.8 2.9 1.49012e-008
v 4.9 2.9 1.49012e-008
v 5.1 2.9 1.49012e-008
v -5 3.2 0.5
v -4.5 3.2 0.5
v -3.8 3.2 0.5
v -3.3 3.2 0.5
v -3.2 3.2 0.5
v -2.7 3.2 0.5
v -2.6 3.2 0.5
v -2.1 3.2 0.5
v -1.4 3.2 0.5
v -0.9 3.2 0.5
v -0.8 3.2 0.5
v -0.3 3.2 0.5
v -0.2 3.2 0.5
v 0.3 3.2 0.5
v 0.4 3.2 0.5
v 0.9 3.2 0.5
v 1 3.2 0.5
v 1.5 3.2 0.5
v 1.6 3.2 0.5
v 2.1 3.2 0.5
v 2.2 3.2 0.5
v 2.7 3.2 0.5
v 3.4 3.2 0.5
v 3.9 3.2 0.5
v 4 3.2 0.5
v 4.5 3.2 0.5
v 4.6 3.2 0.5
v 5.1 3.2 0.5
v -5 3.2 0.4
v -4.5 3.2 0.4
v -3.8 3.2 0.4
v -3.3 3.2 0.4
v -3.2 3.2 0.4
v -2.7 3.2 0.4
v -2.6 3.2 0.4
v -2.1 3.2 0.4
v -1.4 3.2 0.4
v -0.9 3.2 0.4
v -0.8 3.2 0.4
v -0.3 3.2 0.4
v -0.2 3.2 0.4
v 0.3 3.2 0.4
v 0.4 3.2 0.4
v 0.9 3.2 0.4
v 1 3.2 0.4
v 1.5 3.2 0.4
v 1.6 3.2 0.4
v 2.1 3.2 0.4
v 2.2 3.2 0.4
v 2.7 3.2 0.4
v 3.4 3.2 0.4
v 3.9 3.2 0.4
v 4 3.2 0.4
v 4.5 3.2 0.4
v 4.6 3.2 0.4
v 5.1 3.2 0.4
v -5 3.2 0.1
v -4.5 3.2 0.1
v -3.8 3.2 0.1
v -3.3 3.2 0.1
v -3.2 3.2 0.1
v -2.7 3.2 0.1
v -2.6 3.2 0.1
v -2.1 3.2 0.1
v -1.4 3.2 0.1
v -0.9 3.2 0.1
v -0.8 3.2 0.1
v -0.3 3.2 0.1
v -0.2 3.2 0.1
v 0.3 3.2 0.1
v 0.4 3.2 0.1
v 0.9 3.2 0.1
v 1 3.2 0.1
v 1.5 3.2 0.1
v 1.6 3.2 0.1
v 2.1 3.2 0.1
v 2.2 3.2 0.1
v 2.7 3.2 0.1
v 3.4 3.2 0.1
v 3.9 3.2 0.1
v 4 3.2 0.1
v 4.5 3.2 0.1
v 4.6 3.2 0.1
v 5.1 3.2 0.1
v -5 3.2 1.49012e-008
v -4.5 3.2 1.49012e-008
v -3.8 3.2 1.49012e-008
v -3.3 3.2 1.49012e-008
v -3.2 3.2 1.49012e-008
v -2.7 3.2 1.49012e-008
v -2.6 3.2 1.49012e-008
v -2.1 3.2 1.49012e-008
v -1.4 3.2 1.49012e-008
v -0.9 3.2 1.49012e-008
v -0.8 3.2 1.49012e-008
v -0.3 3.2 1.49012e-008
v -0.2 3.2 1.49012e-008
v 0.3 3.2 1.49012e-008
v 0.4 3.2 1.49012e-008
v 0.9 3.2 1.49012e-008
v 1 3.2 1.49012e-008
v 1.5 3.2 1.49012e-008
v 1.6 3.2 1.49012e-008
v 2.1 3.2 1.49012e-008
v 2.2 3.2 1.49012e-008
v 2.7 3.2 1.49012e-008
v 3.4 3.2 1.49012e-008
v 3.9 3.2 1.49012e-008
v 4 3.2 1.49012e-008
v 4.5 3.2 1.49012e-008
v 4.6 3.2 1.49012e-008
v 5.1 3.2 1.49012e-008
v -5.1 3.5 0.5
v -4.8 3.5 0.5
v -4.7 3.5 0.5
v -4.2 3.5 0.5
v -4.1 3.5 0.5
v -3.6 3.5 0.5
v -3.5 3.5 0.5
v -3 3.5 0.5
v -2.9 3.5 0.5
v -2.4 3.5 0.5
v -1.7 3.5 0.5
v -1.2 3.5 0.5
v 0.7 3.5 0.5
v 1.2 3.5 0.5
v 1.3 3.5 0.5
v 1.8 3.5 0.5
v 1.9 3.5 0.5
v 2.4 3.5 0.5
v 2.5 3.5 0.5
v 3 3.5 0.5
v 3.7 3.5 0.5
v 4.2 3.5 0.5
v 4.3 3.5 0.5
v 4.8 3.5 0.5
v 4.9 3.5 0.5
v 5.1 3.5 0.5
v -5.1 3.5 0.4
v -4.8 3.5 0.4
v -4.7 3.5 0.4
v -4.2 3.5 0.4
v -4.1 3.5 0.4
v -3.6 3.5 0.4
v -3.5 3.5 0.4
v -3 3.5 0.4
v -2.9 3.5 0.4
v -2.4 3.5 0.4
v -1.7 3.5 0.4
v -1.2 3.5 0.4
v 0.7 3.5 0.4
v 1.2 3.5 0.4
v 1.3 3.5 0.4
v 1.8 3.5 0.4
v 1.9 3.5 0.4
v 2.4 3.5 0.4
v 2.5 3.5 0.4
v 3 3.5 0.4
v 3.7 3.5 0.4
v 4.2 3.5 0.4
v 4.3 3.5 0.4
v 4.8 3.5 0.4
v 4.9 3.5 0.4
v 5.1 3.5 0.4
v -5.1 3.5 0.1
v -4.8 3.5 0.1
v -4.7 3.5 0.1
v -4.2 3.5 0.1
v -4.1 3.5 0.1
v -3.6 3.5 0.1
v -3.5 3.5 0.1
v -3 3.5 0.1
v -2.9 3.5 0.1
v -2.4 3.5 0.1
v -1.7 3.5 0.1
v -1.2 3.5 0.1
v 0.7 3.5 0.1
v 1.2 3.5 0.1
v 1.3 3.5 0.1
v 1.8 3.5 0.1
v 1.9 3.5 0.1
v 2.4 3.5 0.1
v 2.5 3.5 0.1
v 3 3.5 0.1
v 3.7 3.5 0.1
v 4.2 3.5 0.1
v 4.3 3.5 0.1
v 4.8 3.5 0.1
v 4.9 3.5 0.1
v 5.1 3.5 0.1
v -5.1 3.5 1.49012e-008
v -4.8 3.5 1.49012e-008
v -4.7 3.5 1.49012e-008
v -4.2 3.5 1.49012e-008
v -4.1 3.5 1.49012e-008
v -3.6 3.5 1.49012e-008
v -3.5 3.5 1.49012e-008
v -3 3.5 1.49012e-008
v -2.9 3.5 1.49012e-008
v -2.4 3.5 1.49012e-008
v -1.7 3.5 1.49012e-008
v -1.2 3.5 1.49012e-008
v 0.7 3.5 1.49012e-008
v 1.2 3.5 1.49012e-008
v 1.3 3.5 1.49012e-008
v 1.8 3.5 1.49012e-008
v 1.9 3.5 1.49012e-008
v 2.4 3.5 1.49012e-008
v 2.5 3.5 1.49012e-008
v 3 3.5 1.49012e-008
v 3.7 3.5 1.49012e-008
v 4.2 3.5 1.49012e-008
v 4.3 3.5 1.49012e-008
v 4.8 3.5 1.49012e-008
v 4.9 3.5 1.49012e-008
v 5.1 3.5 1.49012e-008
v 3.6 3.7 0.5
v 3.7 3.7 0.5
v 3.6 3.7 0.4
v 3.7 3.7 0.4
v -5 3.8 0.5
v -4.5 3.8 0.5
v -4.4 3.8 0.5
v -3.9 3.8 0.5
v -3.8 3.8 0.5
v -3.3 3.8 0.5
v -2.6 3.8 0.5
v -2.1 3.8 0.5
v -2 3.8 0.5
v -1.5 3.8 0.5
v -1.4 3.8 0.5
v -0.9 3.8 0.5
v -0.2 3.8 0.5
v 0.3 3.8 0.5
v 1 3.8 0.5
v 1.5 3.8 0.5
v 2.2 3.8 0.5
v 2.7 3.8 0.5
v 2.8 3.8 0.5
v 3.3 3.8 0.5
v 3.4 3.8 0.5
v 3.6 3.8 0.5
v 3.7 3.8 0.5
v 3.9 3.8 0.5
v 4 3.8 0.5
v 4.5 3.8 0.5
v 4.6 3.8 0.5
v 5.1 3.8 0.5
v -5 3.8 0.4
v -4.5 3.8 0.4
v -4.4 3.8 0.4
v -3.9 3.8 0.4
v -3.8 3.8 0.4
v -3.3 3.8 0.4
v -2.6 3.8 0.4
v -2.1 3.8 0.4
v -2 3.8 0.4
v -1.5 3.8 0.4
v -1.4 3.8 0.4
v -0.9 3.8 0.4
v -0.2 3.8 0.4
v 0.3 3.8 0.4
v 1 3.8 0.4
v 1.5 3.8 0.4
v 2.2 3.8 0.4
v 2.7 3.8 0.4
v 2.8 3.8 0.4
v 3.3 3.8 0.4
v 3.4 3.8 0.4
v 3.6 3.8 0.4
v 3.7 3.8 0.4
v 3.9 3.8 0.4
v 4 3.8 0.4
v 4.5 3.8 0.4
v 4.6 3.8 0.4
v 5.1 3.8 0.4
v -5 3.8 0.1
v -4.5 3.8 0.1
v -4.4 3.8 0.1
v -3.9 3.8 0.1
v -3.8 3.8 0.1
v -3.3 3.8 0.1
v -2.6 3.8 0.1
v -2.1 3.8 0.1
v -2 3.8 0.1
v -1.5 3.8 0.1
v -1.4 3.8 0.1
v -0.9 3.8 0.1
v -0.2 3.8 0.1
v 0.3 3.8 0.1
v 1 3.8 0.1
v 1.5 3.8 0.1
v 2.2 3.8 0.1
v 2.7 3.8 0.1
v 2.8 3.8 0.1
v 3.3 3.8 0.1
v 3.4 3.8 0.1
v 3.9 3.8 0.1
v 4 3.8 0.1
v 4.5 3.8 0.1
v 4.6 3.8 0.1
v 5.1 3.8 0.1
v -5 3.8 1.49012e-008
v -4.5 3.8 1.49012e-008
v -4.4 3.8 1.49012e-008
v -3.9 3.8 1.49012e-008
v -3.8 3.8 1.49012e-008
v -3.3 3.8 1.49012e-008
v -2.6 3.8 1.49012e-008
v -2.1 3.8 1.49012e-008
v -2 3.8 1.49012e-008
v -1.5 3.8 1.49012e-008
v -1.4 3.8 1.49012e-008
v -0.9 3.8 1.49012e-008
v -0.2 3.8 1.49012e-008
v 0.3 3.8 1.49012e-008
v 1 3.8 1.49012e-008
v 1.5 3.8 1.49012e-008
v 2.2 3.8 1.49012e-008
v 2.7 3.8 1.49012e-008
v 2.8 3.8 1.49012e-008
v 3.3 3.8 1.49012e-008
v 3.4 3.8 1.49012e-008
v 3.9 3.8 1.49012e-008
v 4 3.8 1.49012e-008
v 4.5 3.8 1.49012e-008
v 4.6 3.8 1.49012e-008
v 5.1 3.8 1.49012e-008
v -5.1 4.1 0.5
v -4.8 4.1 0.5
v -4.7 4.1 0.5
v -4.2 4.1 0.5
v -4.1 4.1 0.5
v -3.6 4.1 0.5
v -3.5 4.1 0.5
v -3 4.1 0.5
v -2.3 4.1 0.5
v -1.8 4.1 0.5
v -1.7 4.1 0.5
v -1.2 4.1 0.5
v -1.1 4.1 0.5
v -0.6 4.1 0.5
v -0.5 4.1 0.5
v 2.68221e-007 4.1 0.5
v 0.1 4.1 0.5
v 0.6 4.1 0.5
v 0.7 4.1 0.5
v 1.2 4.1 0.5
v 1.3 4.1 0.5
v 1.8 4.1 0.5
v 2.5 4.1 0.5
v 3 4.1 0.5
v 3.1 4.1 0.5
v 3.6 4.1 0.5
v 4.3 4.1 0.5
v 4.8 4.1 0.5
v 4.9 4.1 0.5
v 5.1 4.1 0.5
v -5.1 4.1 0.4
v -4.8 4.1 0.4
v -4.7 4.1 0.4
v -4.2 4.1 0.4
v -4.1 4.1 0.4
v -3.6 4.1 0.4
v -3.5 4.1 0.4
v -3 4.1 0.4
v -2.3 4.1 0.4
v -1.8 4.1 0.4
v -1.7 4.1 0.4
v -1.2 4.1 0.4
v -1.1 4.1 0.4
v -0.6 4.1 0.4
v -0.5 4.1 0.4
v 2.68221e-007 4.1 0.4
v 0.1 4.1 0.4
v 0.6 4.1 0.4
v 0.7 4.1 0.4
v 1.2 4.1 0.4
v 1.3 4.1 0.4
v 1.8 4.1 0.4
v 2.5 4.1 0.4
v 3 4.1 0.4
v 3.1 4.1 0.4
v 3.6 4.1 0.4
v 4.3 4.1 0.4
v 4.8 4.1 0.4
v 4.9 4.1 0.4
v 5.1 4.1 0.4
v -5.1 4.1 0.1
v -4.8 4.1 0.1
v -4.7 4.1 0.1
v -4.2 4.1 0.1
v -4.1 4.1 0.1
v -3.6 4.1 0.1
v -3.5 4.1 0.1
v -3 4.1 0.1
v -2.3 4.1 0.1
v -1.8 4.1 0.1
v -1.7 4.1 0.1
v -1.2 4.1 0.1
v -1.1 4.1 0.1
v -0.6 4.1 0.1
v -0.5 4.1 0.1
v 2.68221e-007 4.1 0.1
v 0.1 4.1 0.1
v 0.6 4.1 0.1
v 0.7 4.1 0.1
v 1.2 4.1 0.1
v 1.3 4.1 0.1
v 1.8 4.1 0.1
v 2.5 4.1 0.1
v 3 4.1 0.1
v 3.1 4.1 0.1
v 3.6 4.1 0.1
v 4.3 4.1 0.1
v 4.8 4.1 0.1
v 4.9 4.1 0.1
v 5.1 4.1 0.1
v -5.1 4.1 1.49012e-008
v -4.8 4.1 1.49012e-008
v -4.7 4.1 1.49012e-008
v -4.2 4.1 1.49012e-008
v -4.1 4.1 1.49012e-008
v -3.6 4.1 1.49012e-008
v -3.5 4.1 1.49012e-008
v -3 4.1 1.49012e-008
v -2.3 4.1 1.49012e-008
v -1.8 4.1 1.49012e-008
v -1.7 4.1 1.49012e-008
v -1.2 4.1 1.49012e-008
v -1.1 4.1 1.49012e-008
v -0.6 4.1 1.49012e-008
v -0.5 4.1 1.49012e-008
v 2.68221e-007 4.1 1.49012e-008
v 0.1 4.1 1.49012e-008
v 0.6 4.1 1.49012e-008
v 0.7 4.1 1.49012e-008
v 1.2 4.1 1.49012e-008
v 1.3 4.1 1.49012e-008
v 1.8 4.1 1.49012e-008
v 2.5 4.1 1.49012e-008
v 3 4.1 1.49012e-008
v 3.1 4.1 1.49012e-008
v 3.6 4.1 1.49012e-008
v 4.3 4.1 1.49012e-008
v 4.8 4.1 1.49012e-008
v 4.9 4.1 1.49012e-008
v 5.1 4.1 1.49012e-008
v 1.6 4.3 0.5
v 1.7 4.3 0.5
v 1.6 4.3 0.4
v 1.7 4.3 0.4
v 1.6 4.3 0.1
v 1.7 4.3 0.1
v 1.6 4.3 1.49012e-008
v 1.7 4.3 1.49012e-008
v -5 4.4 0.5
v -4.5 4.4 0.5
v -4.4 4.4 0.5
v -3.9 4.4 0.5
v -3.8 4.4 0.5
v -3.3 4.4 0.5
v -3.2 4.4 0.5
v -2.7 4.4 0.5
v -2.6 4.4 0.5
v -2.1 4.4 0.5
v -2 4.4 0.5
v -1.5 4.4 0.5
v -0.2 4.4 0.5
v 0.3 4.4 0.5
v 0.4 4.4 0.5
v 0.9 4.4 0.5
v 1.7 4.4 0.5
v 2.1 4.4 0.5
v 2.8 4.4 0.5
v 3.3 4.4 0.5
v 3.4 4.4 0.5
v 3.9 4.4 0.5
v 4 4.4 0.5
v 4.5 4.4 0.5
v 4.6 4.4 0.5
v 5.1 4.4 0.5
v -5 4.4 0.4
v -4.5 4.4 0.4
v -4.4 4.4 0.4
v -3.9 4.4 0.4
v -3.8 4.4 0.4
v -3.3 4.4 0.4
v -3.2 4.4 0.4
v -2.7 4.4 0.4
v -2.6 4.4 0.4
v -2.1 4.4 0.4
v -2 4.4 0.4
v -1.5 4.4 0.4
v -0.2 4.4 0.4
v 0.3 4.4 0.4
v 0.4 4.4 0.4
v 0.9 4.4 0.4
v 1.7 4.4 0.4
v 2.1 4.4 0.4
v 2.8 4.4 0.4
v 3.3 4.4 0.4
v 3.4 4.4 0.4
v 3.9 4.4 0.4
v 4 4.4 0.4
v 4.5 4.4 0.4
v 4.6 4.4 0.4
v 5.1 4.4 0.4
v -5 4.4 0.1
v -4.5 4.4 0.1
v -4.4 4.4 0.1
v -3.9 4.4 0.1
v -3.8 4.4 0.1
v -3.3 4.4 0.1
v -3.2 4.4 0.1
v -2.7 4.4 0.1
v -2.6 4.4 0.1
v -2.1 4.4 0.1
v -2 4.4 0.1
v -1.5 4.4 0.1
v -0.2 4.4 0.1
v 0.3 4.4 0.1
v 0.4 4.4 0.1
v 0.9 4.4 0.1
v 1.7 4.4 0.1
v 2.1 4.4 0.1
v 2.8 4.4 0.1
v 3.3 4.4 0.1
v 3.4 4.4 0.1
v 3.9 4.4 0.1
v 4 4.4 0.1
v 4.5 4.4 0.1
v 4.6 4.4 0.1
v 5.1 4.4 0.1
v -5 4.4 1.49012e-008
v -4.5 4.4 1.49012e-008
v -4.4 4.4 1.49012e-008
v -3.9 4.4 1.49012e-008
v -3.8 4.4 1.49012e-008
v -3.3 4.4 1.49012e-008
v -3.2 4.4 1.49012e-008
v -2.7 4.4 1.49012e-008
v -2.6 4.4 1.49012e-008
v -2.1 4.4 1.49012e-008
v -2 4.4 1.49012e-008
v -1.5 4.4 1.49012e-008
v -0.2 4.4 1.49012e-008
v 0.3 4.4 1.49012e-008
v 0.4 4.4 1.49012e-008
v 0.9 4.4 1.49012e-008
v 1.7 4.4 1.49012e-008
v 2.1 4.4 1.49012e-008
v 2.8 4.4 1.49012e-008
v 3.3 4.4 1.49012e-008
v 3.4 4.4 1.49012e-008
v 3.9 4.4 1.49012e-008
v 4 4.4 1.49012e-008
v 4.5 4.4 1.49012e-008
v 4.6 4.4 1.49012e-008
v 5.1 4.4 1.49012e-008
v 1.1 4.6 0.5
v 1.2 4.6 0.5
v 1.1 4.6 0.4
v 1.2 4.6 0.4
v 1.1 4.6 0.1
v 1.2 4.6 0.1
v 1.1 4.6 1.49012e-008
v 1.2 4.6 1.49012e-008
v -5.1 4.7 0.5
v -4.8 4.7 0.5
v -4.7 4.7 0.5
v -4.2 4.7 0.5
v -4.1 4.7 0.5
v -3.6 4.7 0.5
v -2.9 4.7 0.5
v -2.4 4.7 0.5
v -2.3 4.7 0.5
v -1.8 4.7 0.5
v -1.7 4.7 0.5
v -1.2 4.7 0.5
v -1.1 4.7 0.5
v -0.6 4.7 0.5
v -0.5 4.7 0.5
v 2.68221e-007 4.7 0.5
v 0.7 4.7 0.5
v 1.1 4.7 0.5
v 2 4.7 0.5
v 2.4 4.7 0.5
v 2.5 4.7 0.5
v 3 4.7 0.5
v 3.7 4.7 0.5
v 4.2 4.7 0.5
v 4.3 4.7 0.5
v 4.8 4.7 0.5
v 4.9 4.7 0.5
v 5.1 4.7 0.5
v -5.1 4.7 0.4
v -4.8 4.7 0.4
v -4.7 4.7 0.4
v -4.2 4.7 0.4
v -4.1 4.7 0.4
v -3.6 4.7 0.4
v -2.9 4.7 0.4
v -2.4 4.7 0.4
v -2.3 4.7 0.4
v -1.8 4.7 0.4
v -1.7 4.7 0.4
v -1.2 4.7 0.4
v -1.1 4.7 0.4
v -0.6 4.7 0.4
v -0.5 4.7 0.4
v 2.68221e-007 4.7 0.4
v 0.7 4.7 0.4
v 1.1 4.7 0.4
v 2 4.7 0.4
v 2.4 4.7 0.4
v 2.5 4.7 0.4
v 3 4.7 0.4
v 3.7 4.7 0.4
v 4.2 4.7 0.4
v 4.3 4.7 0.4
v 4.8 4.7 0.4
v 4.9 4.7 0.4
v 5.1 4.7 0.4
v -5.1 4.7 0.1
v -4.8 4.7 0.1
v -4.7 4.7 0.1
v -4.2 4.7 0.1
v -4.1 4.7 0.1
v -3.6 4.7 0.1
v -2.9 4.7 0.1
v -2.4 4.7 0.1
v -2.3 4.7 0.1
v -1.8 4.7 0.1
v -1.7 4.7 0.1
v -1.2 4.7 0.1
v -1.1 4.7 0.1
v -0.6 4.7 0.1
v -0.5 4.7 0.1
v 2.68221e-007 4.7 0.1
v 0.7 4.7 0.1
v 1.1 4.7 0.1
v 2 4.7 0.1
v 2.4 4.7 0.1
v 2.5 4.7 0.1
v 3 4.7 0.1
v 3.7 4.7 0.1
v 4.2 4.7 0.1
v 4.3 4.7 0.1
v 4.8 4.7 0.1
v 4.9 4.7 0.1
v 5.1 4.7 0.1
v -5.1 4.7 1.49012e-008
v -4.8 4.7 1.49012e-008
v -4.7 4.7 1.49012e-008
v -4.2 4.7 1.49012e-008
v -4.1 4.7 1.49012e-008
v -3.6 4.7 1.49012e-008
v -2.9 4.7 1.49012e-008
v -2.4 4.7 1.49012e-008
v -2.3 4.7 1.49012e-008
v -1.8 4.7 1.49012e-008
v -1.7 4.7 1.49012e-008
v -1.2 4.7 1.49012e-008
v -1.1 4.7 1.49012e-008
v -0.6 4.7 1.49012e-008
v -0.5 4.7 1.49012e-008
v 2.68221e-007 4.7 1.49012e-008
v 0.7 4.7 1.49012e-008
v 1.1 4.7 1.49012e-008
v 2 4.7 1.49012e-008
v 2.4 4.7 1.49012e-008
v 2.5 4.7 1.49012e-008
v 3 4.7 1.49012e-008
v 3.7 4.7 1.49012e-008
v 4.2 4.7 1.49012e-008
v 4.3 4.7 1.49012e-008
v 4.8 4.7 1.49012e-008
v 4.9 4.7 1.49012e-008
v 5.1 4.7 1.49012e-008
v -0.4 4.9 0.5
v -0.3 4.9 0.5
v -0.2 4.9 0.5
v 2.68221e-007 4.9 0.5
v -0.4 4.9 0.4
v -0.3 4.9 0.4
v -0.2 4.9 0.4
v 2.68221e-007 4.9 0.4
v -0.4 4.9 0.1
v -0.3 4.9 0.1
v -0.2 4.9 0.1
v 2.68221e-007 4.9 0.1
v -0.4 4.9 1.49012e-008
v -0.3 4.9 1.49012e-008
v -0.2 4.9 1.49012e-008
v 2.68221e-007 4.9 1.49012e-008
v -5 5 0.5
v -4.5 5 0.5
v -3.8 5 0.5
v -3.3 5 0.5
v -3.2 5 0.5
v -2.7 5 0.5
v -2 5 0.5
v -1.5 5 0.5
v -1.4 5 0.5
v -0.9 5 0.5
v -0.8 5 0.5
v -0.4 5 0.5
v 2.68221e-007 5 0.5
v 0.3 5 0.5
v 0.4 5 0.5
v 0.9 5 0.5
v 1.6 5 0.5
v 2.1 5 0.5
v 2.2 5 0.5
v 2.7 5 0.5
v 2.8 5 0.5
v 3.3 5 0.5
v 3.4 5 0.5
v 3.9 5 0.5
v 4 5 0.5
v 4.5 5 0.5
v -5 5 0.4
v -4.5 5 0.4
v -3.8 5 0.4
v -3.3 5 0.4
v -3.2 5 0.4
v -2.7 5 0.4
v -2 5 0.4
v -1.5 5 0.4
v -1.4 5 0.4
v -0.9 5 0.4
v -0.8 5 0.4
v -0.4 5 0.4
v 2.68221e-007 5 0.4
v 0.3 5 0.4
v 0.4 5 0.4
v 0.9 5 0.4
v 1.6 5 0.4
v 2.1 5 0.4
v 2.2 5 0.4
v 2.7 5 0.4
v 2.8 5 0.4
v 3.3 5 0.4
v 3.4 5 0.4
v 3.9 5 0.4
v 4 5 0.4
v 4.5 5 0.4
v -5 5 0.1
v -4.5 5 0.1
v -3.8 5 0.1
v -3.3 5 0.1
v -3.2 5 0.1
v -2.7 5 0.1
v -2 5 0.1
v -1.5 5 0.1
v -1.4 5 0.1
v -0.9 5 0.1
v -0.8 5 0.1
v -0.4 5 0.1
v 2.68221e-007 5 0.1
v 0.3 5 0.1
v 0.4 5 0.1
v 0.9 5 0.1
v 1.6 5 0.1
v 2.1 5 0.1
v 2.2 5 0.1
v 2.7 5 0.1
v 2.8 5 0.1
v 3.3 5 0.1
v 3.4 5 0.1
v 3.9 5 0.1
v 4 5 0.1
v 4.5 5 0.1
v -5 5 1.49012e-008
v -4.5 5 1.49012e-008
v -3.8 5 1.49012e-008
v -3.3 5 1.49012e-008
v -3.2 5 1.49012e-008
v -2.7 5 1.49012e-008
v -2 5 1.49012e-008
v -1.5 5 1.49012e-008
v -1.4 5 1.49012e-008
v -0.9 5 1.49012e-008
v -0.8 5 1.49012e-008
v -0.4 5 1.49012e-008
v 2.68221e-007 5 1.49012e-008
v 0.3 5 1.49012e-008
v 0.4 5 1.49012e-008
v 0.9 5 1.49012e-008
v 1.6 5 1.49012e-008
v 2.1 5 1.49012e-008
v 2.2 5 1.49012e-008
v 2.7 5 1.49012e-008
v 2.8 5 1.49012e-008
v 3.3 5 1.49012e-008
v 3.4 5 1.49012e-008
v 3.9 5 1.49012e-008
v 4 5 1.49012e-008
v 4.5 5 1.49012e-008
v -3.1 5.2 0.5
v -3 5.2 0.5
v 1.3 5.2 0.5
v 1.4 5.2 0.5
v -3.1 5.2 0.4
v -3 5.2 0.4
v 1.3 5.2 0.4
v 1.4 5.2 0.4
v -3.1 5.2 0.1
v -3 5.2 0.1
v 1.3 5.2 0.1
v 1.4 5.2 0.1
v -3.1 5.2 1.49012e-008
v -3 5.2 1.49012e-008
v 1.3 5.2 1.49012e-008
v 1.4 5.2 1.49012e-008
v -5.1 5.3 0.5
v -4.8 5.3 0.5
v -4.7 5.3 0.5
v -4.2 5.3 0.5
v -4.1 5.3 0.5
v -3.6 5.3 0.5
v -3.5 5.3 0.5
v -3.1 5.3 0.5
v -2.9 5.3 0.5
v -2.4 5.3 0.5
v -2.3 5.3 0.5
v -1.8 5.3 0.5
v -1.1 5.3 0.5
v -0.6 5.3 0.5
v 0.1 5.3 0.5
v 0.6 5.3 0.5
v 1.4 5.3 0.5
v 1.8 5.3 0.5
v 1.9 5.3 0.5
v 2.4 5.3 0.5
v 3.1 5.3 0.5
v 3.6 5.3 0.5
v 4.3 5.3 0.5
v 4.8 5.3 0.5
v 4.9 5.3 0.5
v 5.1 5.3 0.5
v -5.1 5.3 0.4
v -4.8 5.3 0.4
v -4.7 5.3 0.4
v -4.2 5.3 0.4
v -4.1 5.3 0.4
v -3.6 5.3 0.4
v -3.5 5.3 0.4
v -3.1 5.3 0.4
v -2.9 5.3 0.4
v -2.4 5.3 0.4
v -2.3 5.3 0.4
v -1.8 5.3 0.4
v -1.1 5.3 0.4
v -0.6 5.3 0.4
v 0.1 5.3 0.4
v 0.6 5.3 0.4
v 1.4 5.3 0.4
v 1.8 5.3 0.4
v 1.9 5.3 0.4
v 2.4 5.3 0.4
v 3.1 5.3 0.4
v 3.6 5.3 0.4
v 4.3 5.3 0.4
v 4.8 5.3 0.4
v 4.9 5.3 0.4
v 5.1 5.3 0.4
v -5.1 5.3 0.1
v -4.8 5.3 0.1
v -4.7 5.3 0.1
v -4.2 5.3 0.1
v -4.1 5.3 0.1
v -3.6 5.3 0.1
v -3.5 5.3 0.1
v -3.1 5.3 0.1
v -2.9 5.3 0.1
v -2.4 5.3 0.1
v -2.3 5.3 0.1
v -1.8 5.3 0.1
v -1.1 5.3 0.1
v -0.6 5.3 0.1
v 0.1 5.3 0.1
v 0.6 5.3 0.1
v 1.4 5.3 0.1
v 1.8 5.3 0.1
v 1.9 5.3 0.1
v 2.4 5.3 0.1
v 3.1 5.3 0.1
v 3.6 5.3 0.1
v 4.3 5.3 0.1
v 4.8 5.3 0.1
v 4.9 5.3 0.1
v 5.1 5.3 0.1
v -5.1 5.3 1.49012e-008
v -4.8 5.3 1.49012e-008
v -4.7 5.3 1.49012e-008
v -4.2 5.3 1.49012e-008
v -4.1 5.3 1.49012e-008
v -3.6 5.3 1.49012e-008
v -3.5 5.3 1.49012e-008
v -3.1 5.3 1.49012e-008
v -2.9 5.3 1.49012e-008
v -2.4 5.3 1.49012e-008
v -2.3 5.3 1.49012e-008
v -1.8 5.3 1.49012e-008
v -1.1 5.3 1.49012e-008
v -0.6 5.3 1.49012e-008
v 0.1 5.3 1.49012e-008
v 0.6 5.3 1.49012e-008
v 1.4 5.3 1.49012e-008
v 1.8 5.3 1.49012e-008
v 1.9 5.3 1.49012e-008
v 2.4 5.3 1.49012e-008
v 3.1 5.3 1.49012e-008
v 3.6 5.3 1.49012e-008
v 4.3 5.3 1.49012e-008
v 4.8 5.3 1.49012e-008
v 4.9 5.3 1.49012e-008
v 5.1 5.3 1.49012e-008
v -2.6 5.5 0.5
v -2.5 5.5 0.5
v -2.6 5.5 0.4
v -2.5 5.5 0.4
v -2.6 5.5 0.1
v -2.5 5.5 0.1
v -2.6 5.5 1.49012e-008
v -2.5 5.5 1.49012e-008
v -5 5.6 0.5
v -4.5 5.6 0.5
v -4.4 5.6 0.5
v -3.9 5.6 0.5
v -3.8 5.6 0.5
v -3.4 5.6 0.5
v -2.5 5.6 0.5
v -2.1 5.6 0.5
v -2 5.6 0.5
v -1.5 5.6 0.5
v -0.8 5.6 0.5
v -0.3 5.6 0.5
v -0.2 5.6 0.5
v 0.3 5.6 0.5
v 0.4 5.6 0.5
v 0.8 5.6 0.5
v 1.6 5.6 0.5
v 2.1 5.6 0.5
v 2.2 5.6 0.5
v 2.7 5.6 0.5
v 3.4 5.6 0.5
v 3.9 5.6 0.5
v 4 5.6 0.5
v 4.5 5.6 0.5
v 4.6 5.6 0.5
v 5.1 5.6 0.5
v -5 5.6 0.4
v -4.5 5.6 0.4
v -4.4 5.6 0.4
v -3.9 5.6 0.4
v -3.8 5.6 0.4
v -3.4 5.6 0.4
v -2.5 5.6 0.4
v -2.1 5.6 0.4
v -2 5.6 0.4
v -1.5 5.6 0.4
v -0.8 5.6 0.4
v -0.3 5.6 0.4
v -0.2 5.6 0.4
v 0.3 5.6 0.4
v 0.4 5.6 0.4
v 0.8 5.6 0.4
v 1.6 5.6 0.4
v 2.1 5.6 0.4
v 2.2 5.6 0.4
v 2.7 5.6 0.4
v 3.4 5.6 0.4
v 3.9 5.6 0.4
v 4 5.6 0.4
v 4.5 5.6 0.4
v 4.6 5.6 0.4
v 5.1 5.6 0.4
v -5 5.6 0.1
v -4.5 5.6 0.1
v -4.4 5.6 0.1
v -3.9 5.6 0.1
v -3.8 5.6 0.1
v -3.4 5.6 0.1
v -2.5 5.6 0.1
v -2.1 5.6 0.1
v -2 5.6 0.1
v -1.5 5.6 0.1
v -0.8 5.6 0.1
v -0.3 5.6 0.1
v -0.2 5.6 0.1
v 0.3 5.6 0.1
v 0.4 5.6 0.1
v 0.8 5.6 0.1
v 1.6 5.6 0.1
v 2.1 5.6 0.1
v 2.2 5.6 0.1
v 2.7 5.6 0.1
v 3.4 5.6 0.1
v 3.9 5.6 0.1
v 4 5.6 0.1
v 4.5 5.6 0.1
v 4.6 5.6 0.1
v 5.1 5.6 0.1
v -5 5.6 1.49012e-008
v -4.5 5.6 1.49012e-008
v -4.4 5.6 1.49012e-008
v -3.9 5.6 1.49012e-008
v -3.8 5.6 1.49012e-008
v -3.4 5.6 1.49012e-008
v -2.5 5.6 1.49012e-008
v -2.1 5.6 1.49012e-008
v -2 5.6 1.49012e-008
v -1.5 5.6 1.49012e-008
v -0.8 5.6 1.49012e-008
v -0.3 5.6 1.49012e-008
v -0.2 5.6 1.49012e-008
v 0.3 5.6 1.49012e-008
v 0.4 5.6 1.49012e-008
v 0.8 5.6 1.49012e-008
v 1.6 5.6 1.49012e-008
v 2.1 5.6 1.49012e-008
v 2.2 5.6 1.49012e-008
v 2.7 5.6 1.49012e-008
v 3.4 5.6 1.49012e-008
v 3.9 5.6 1.49012e-008
v 4 5.6 1.49012e-008
v 4.5 5.6 1.49012e-008
v 4.6 5.6 1.49012e-008
v 5.1 5.6 1.49012e-008
v 2.5 5.7 0.4
v 3 5.7 0.4
v 2.5 5.7 0.3
v 3 5.7 0.3
v -5.1 5.9 0.5
v -4.8 5.9 0.5
v -4.7 5.9 0.5
v -4.2 5.9 0.5
v -3.5 5.9 0.5
v -3 5.9 0.5
v -2.9 5.9 0.5
v -2.4 5.9 0.5
v -2.3 5.9 0.5
v -1.8 5.9 0.5
v -1.7 5.9 0.5
v -1.2 5.9 0.5
v -0.5 5.9 0.5
v 2.68221e-007 5.9 0.5
v 0.1 5.9 0.5
v 0.6 5.9 0.5
v 0.7 5.9 0.5
v 1.2 5.9 0.5
v 1.9 5.9 0.5
v 2.4 5.9 0.5
v 3.1 5.9 0.5
v 3.6 5.9 0.5
v 3.7 5.9 0.5
v 4.2 5.9 0.5
v 4.3 5.9 0.5
v 4.8 5.9 0.5
v 4.9 5.9 0.5
v 5.1 5.9 0.5
v -5.1 5.9 0.4
v -4.8 5.9 0.4
v -4.7 5.9 0.4
v -4.2 5.9 0.4
v -3.5 5.9 0.4
v -3 5.9 0.4
v -2.9 5.9 0.4
v -2.4 5.9 0.4
v -2.3 5.9 0.4
v -1.8 5.9 0.4
v -1.7 5.9 0.4
v -1.2 5.9 0.4
v -0.5 5.9 0.4
v 2.68221e-007 5.9 0.4
v 0.1 5.9 0.4
v 0.6 5.9 0.4
v 0.7 5.9 0.4
v 1.2 5.9 0.4
v 1.9 5.9 0.4
v 2.4 5.9 0.4
v 3.1 5.9 0.4
v 3.6 5.9 0.4
v 3.7 5.9 0.4
v 4.2 5.9 0.4
v 4.3 5.9 0.4
v 4.8 5.9 0.4
v 4.9 5.9 0.4
v 5.1 5.9 0.4
v -5.1 5.9 0.1
v -4.8 5.9 0.1
v -4.7 5.9 0.1
v -4.2 5.9 0.1
v -3.5 5.9 0.1
v -3 5.9 0.1
v -2.9 5.9 0.1
v -2.4 5.9 0.1
v -2.3 5.9 0.1
v -1.8 5.9 0.1
v -1.7 5.9 0.1
v -1.2 5.9 0.1
v -0.5 5.9 0.1
v 2.68221e-007 5.9 0.1
v 0.1 5.9 0.1
v 0.6 5.9 0.1
v 0.7 5.9 0.1
v 1.2 5.9 0.1
v 1.9 5.9 0.1
v 2.4 5.9 0.1
v 3.1 5.9 0.1
v 3.6 5.9 0.1
v 3.7 5.9 0.1
v 4.2 5.9 0.1
v 4.3 5.9 0.1
v 4.8 5.9 0.1
v 4.9 5.9 0.1
v 5.1 5.9 0.1
v -5.1 5.9 1.49012e-008
v -4.8 5.9 1.49012e-008
v -4.7 5.9 1.49012e-008
v -4.2 5.9 1.49012e-008
v -3.5 5.9 1.49012e-008
v -3 5.9 1.49012e-008
v -2.9 5.9 1.49012e-008
v -2.4 5.9 1.49012e-008
v -2.3 5.9 1.49012e-008
v -1.8 5.9 1.49012e-008
v -1.7 5.9 1.49012e-008
v -1.2 5.9 1.49012e-008
v -0.5 5.9 1.49012e-008
v 2.68221e-007 5.9 1.49012e-008
v 0.1 5.9 1.49012e-008
v 0.6 5.9 1.49012e-008
v 0.7 5.9 1.49012e-008
v 1.2 5.9 1.49012e-008
v 1.9 5.9 1.49012e-008
v 2.4 5.9 1.49012e-008
v 3.1 5.9 1.49012e-008
v 3.6 5.9 1.49012e-008
v 3.7 5.9 1.49012e-008
v 4.2 5.9 1.49012e-008
v 4.3 5.9 1.49012e-008
v 4.8 5.9 1.49012e-008
v 4.9 5.9 1.49012e-008
v 5.1 5.9 1.49012e-008
v -5 6.2 0.5
v -4.5 6.2 0.5
v -4.4 6.2 0.5
v -3.9 6.2 0.5
v -3.8 6.2 0.5
v -3.3 6.2 0.5
v -3.2 6.2 0.5
v -2.7 6.2 0.5
v -2.6 6.2 0.5
v -2.1 6.2 0.5
v -1.4 6.2 0.5
v -0.9 6.2 0.5
v -0.8 6.2 0.5
v -0.3 6.2 0.5
v -0.2 6.2 0.5
v 0.3 6.2 0.5
v 1 6.2 0.5
v 1.5 6.2 0.5
v 1.6 6.2 0.5
v 2.1 6.2 0.5
v 2.2 6.2 0.5
v 2.7 6.2 0.5
v 2.8 6.2 0.5
v 3.3 6.2 0.5
v 3.4 6.2 0.5
v 3.9 6.2 0.5
v 4.6 6.2 0.5
v 5.1 6.2 0.5
v -5 6.2 0.4
v -4.5 6.2 0.4
v -4.4 6.2 0.4
v -3.9 6.2 0.4
v -3.8 6.2 0.4
v -3.3 6.2 0.4
v -3.2 6.2 0.4
v -2.7 6.2 0.4
v -2.6 6.2 0.4
v -2.1 6.2 0.4
v -1.4 6.2 0.4
v -0.9 6.2 0.4
v -0.8 6.2 0.4
v -0.3 6.2 0.4
v -0.2 6.2 0.4
v 0.3 6.2 0.4
v 1 6.2 0.4
v 1.5 6.2 0.4
v 1.6 6.2 0.4
v 2.1 6.2 0.4
v 2.2 6.2 0.4
v 2.7 6.2 0.4
v 2.8 6.2 0.4
v 3.3 6.2 0.4
v 3.4 6.2 0.4
v 3.9 6.2 0.4
v 4.6 6.2 0.4
v 5.1 6.2 0.4
v -5 6.2 0.1
v -4.5 6.2 0.1
v -4.4 6.2 0.1
v -3.9 6.2 0.1
v -3.8 6.2 0.1
v -3.3 6.2 0.1
v -3.2 6.2 0.1
v -2.7 6.2 0.1
v -2.6 6.2 0.1
v -2.1 6.2 0.1
v -1.4 6.2 0.1
v -0.9 6.2 0.1
v -0.8 6.2 0.1
v -0.3 6.2 0.1
v -0.2 6.2 0.1
v 0.3 6.2 0.1
v 1 6.2 0.1
v 1.5 6.2 0.1
v 1.6 6.2 0.1
v 2.1 6.2 0.1
v 2.2 6.2 0.1
v 2.7 6.2 0.1
v 2.8 6.2 0.1
v 3.3 6.2 0.1
v 3.4 6.2 0.1
v 3.9 6.2 0.1
v 4.6 6.2 0.1
v 5.1 6.2 0.1
v -5 6.2 1.49012e-008
v -4.5 6.2 1.49012e-008
v -4.4 6.2 1.49012e-008
v -3.9 6.2 1.49012e-008
v -3.8 6.2 1.49012e-008
v -3.3 6.2 1.49012e-008
v -3.2 6.2 1.49012e-008
v -2.7 6.2 1.49012e-008
v -2.6 6.2 1.49012e-008
v -2.1 6.2 1.49012e-008
v -1.4 6.2 1.49012e-008
v -0.9 6.2 1.49012e-008
v -0.8 6.2 1.49012e-008
v -0.3 6.2 1.49012e-008
v -0.2 6.2 1.49012e-008
v 0.3 6.2 1.49012e-008
v 1 6.2 1.49012e-008
v 1.5 6.2 1.49012e-008
v 1.6 6.2 1.49012e-008
v 2.1 6.2 1.49012e-008
v 2.2 6.2 1.49012e-008
v 2.7 6.2 1.49012e-008
v 2.8 6.2 1.49012e-008
v 3.3 6.2 1.49012e-008
v 3.4 6.2 1.49012e-008
v 3.9 6.2 1.49012e-008
v 4.6 6.2 1.49012e-008
v 5.1 6.2 1.49012e-008
v -5.1 6.5 0.5
v -4.8 6.5 0.5
v -4.1 6.5 0.5
v -3.6 6.5 0.5
v -2.9 6.5 0.5
v -2.4 6.5 0.5
v -2.3 6.5 0.5
v -1.8 6.5 0.5
v -1.7 6.5 0.5
v -1.2 6.5 0.5
v -1.1 6.5 0.5
v -0.6 6.5 0.5
v -0.5 6.5 0.5
v 2.68221e-007 6.5 0.5
v 0.1 6.5 0.5
v 0.6 6.5 0.5
v 1.3 6.5 0.5
v 1.8 6.5 0.5
v 1.9 6.5 0.5
v 2.4 6.5 0.5
v 2.5 6.5 0.5
v 3 6.5 0.5
v 3.7 6.5 0.5
v 4.2 6.5 0.5
v 4.3 6.5 0.5
v 4.8 6.5 0.5
v 4.9 6.5 0.5
v 5.1 6.5 0.5
v -5.1 6.5 0.4
v -4.8 6.5 0.4
v -4.1 6.5 0.4
v -3.6 6.5 0.4
v -2.9 6.5 0.4
v -2.4 6.5 0.4
v -2.3 6.5 0.4
v -1.8 6.5 0.4
v -1.7 6.5 0.4
v -1.2 6.5 0.4
v -1.1 6.5 0.4
v -0.6 6.5 0.4
v -0.5 6.5 0.4
v 2.68221e-007 6.5 0.4
v 0.1 6.5 0.4
v 0.6 6.5 0.4
v 1.3 6.5 0.4
v 1.8 6.5 0.4
v 1.9 6.5 0.4
v 2.4 6.5 0.4
v 2.5 6.5 0.4
v 3 6.5 0.4
v 3.7 6.5 0.4
v 4.2 6.5 0.4
v 4.3 6.5 0.4
v 4.8 6.5 0.4
v 4.9 6.5 0.4
v 5.1 6.5 0.4
v -5.1 6.5 0.1
v -4.8 6.5 0.1
v -4.1 6.5 0.1
v -3.6 6.5 0.1
v -2.9 6.5 0.1
v -2.4 6.5 0.1
v -2.3 6.5 0.1
v -1.8 6.5 0.1
v -1.7 6.5 0.1
v -1.2 6.5 0.1
v -1.1 6.5 0.1
v -0.6 6.5 0.1
v -0.5 6.5 0.1
v 2.68221e-007 6.5 0.1
v 0.1 6.5 0.1
v 0.6 6.5 0.1
v 1.3 6.5 0.1
v 1.8 6.5 0.1
v 1.9 6.5 0.1
v 2.4 6.5 0.1
v 2.5 6.5 0.1
v 3 6.5 0.1
v 3.7 6.5 0.1
v 4.2 6.5 0.1
v 4.3 6.5 0.1
v 4.8 6.5 0.1
v 4.9 6.5 0.1
v 5.1 6.5 0.1
v -5.1 6.5 1.49012e-008
v -4.8 6.5 1.49012e-008
v -4.1 6.5 1.49012e-008
v -3.6 6.5 1.49012e-008
v -2.9 6.5 1.49012e-008
v -2.4 6.5 1.49012e-008
v -2.3 6.5 1.49012e-008
v -1.8 6.5 1.49012e-008
v -1.7 6.5 1.49012e-008
v -1.2 6.5 1.49012e-008
v -1.1 6.5 1.49012e-008
v -0.6 6.5 1.49012e-008
v -0.5 6.5 1.49012e-008
v 2.68221e-007 6.5 1.49012e-008
v 0.1 6.5 1.49012e-008
v 0.6 6.5 1.49012e-008
v 1.3 6.5 1.49012e-008
v 1.8 6.5 1.49012e-008
v 1.9 6.5 1.49012e-008
v 2.4 6.5 1.49012e-008
v 2.5 6.5 1.49012e-008
v 3 6.5 1.49012e-008
v 3.7 6.5 1.49012e-008
v 4.2 6.5 1.49012e-008
v 4.3 6.5 1.49012e-008
v 4.8 6.5 1.49012e-008
v 4.9 6.5 1.49012e-008
v 5.1 6.5 1.49012e-008
v -5 6.8 0.5
v -4.5 6.8 0.5
v -4.4 6.8 0.5
v -3.9 6.8 0.5
v -3.8 6.8 0.5
v -3.3 6.8 0.5
v -3.2 6.8 0.5
v -2.7 6.8 0.5
v -2.6 6.8 0.5
v -2.1 6.8 0.5
v -2 6.8 0.5
v -1.5 6.8 0.5
v -0.8 6.8 0.5
v -0.3 6.8 0.5
v 0.4 6.8 0.5
v 0.9 6.8 0.5
v 1 6.8 0.5
v 1.5 6.8 0.5
v 1.6 6.8 0.5
v 2.1 6.8 0.5
v 2.2 6.8 0.5
v 2.7 6.8 0.5
v 3.4 6.8 0.5
v 3.9 6.8 0.5
v 4 6.8 0.5
v 4.5 6.8 0.5
v 4.6 6.8 0.5
v 5.1 6.8 0.5
v -5 6.8 0.4
v -4.5 6.8 0.4
v -4.4 6.8 0.4
v -3.9 6.8 0.4
v -3.8 6.8 0.4
v -3.3 6.8 0.4
v -3.2 6.8 0.4
v -2.7 6.8 0.4
v -2.6 6.8 0.4
v -2.1 6.8 0.4
v -2 6.8 0.4
v -1.5 6.8 0.4
v -0.8 6.8 0.4
v -0.3 6.8 0.4
v 0.4 6.8 0.4
v 0.9 6.8 0.4
v 1 6.8 0.4
v 1.5 6.8 0.4
v 1.6 6.8 0.4
v 2.1 6.8 0.4
v 2.2 6.8 0.4
v 2.7 6.8 0.4
v 3.4 6.8 0.4
v 3.9 6.8 0.4
v 4 6.8 0.4
v 4.5 6.8 0.4
v 4.6 6.8 0.4
v 5.1 6.8 0.4
v -5 6.8 0.1
v -4.5 6.8 0.1
v -4.4 6.8 0.1
v -3.9 6.8 0.1
v -3.8 6.8 0.1
v -3.3 6.8 0.1
v -3.2 6.8 0.1
v -2.7 6.8 0.1
v -2.6 6.8 0.1
v -2.1 6.8 0.1
v -2 6.8 0.1
v -1.5 6.8 0.1
v -0.8 6.8 0.1
v -0.3 6.8 0.1
v 0.4 6.8 0.1
v 0.9 6.8 0.1
v 1 6.8 0.1
v 1.5 6.8 0.1
v 1.6 6.8 0.1
v 2.1 6.8 0.1
v 2.2 6.8 0.1
v 2.7 6.8 0.1
v 3.4 6.8 0.1
v 3.9 6.8 0.1
v 4 6.8 0.1
v 4.5 6.8 0.1
v 4.6 6.8 0.1
v 5.1 6.8 0.1
v -5 6.8 1.49012e-008
v -4.5 6.8 1.49012e-008
v -4.4 6.8 1.49012e-008
v -3.9 6.8 1.49012e-008
v -3.8 6.8 1.49012e-008
v -3.3 6.8 1.49012e-008
v -3.2 6.8 1.49012e-008
v -2.7 6.8 1.49012e-008
v -2.6 6.8 1.49012e-008
v -2.1 6.8 1.49012e-008
v -2 6.8 1.49012e-008
v -1.5 6.8 1.49012e-008
v -0.8 6.8 1.49012e-008
v -0.3 6.8 1.49012e-008
v 0.4 6.8 1.49012e-008
v 0.9 6.8 1.49012e-008
v 1 6.8 1.49012e-008
v 1.5 6.8 1.49012e-008
v 1.6 6.8 1.49012e-008
v 2.1 6.8 1.49012e-008
v 2.2 6.8 1.49012e-008
v 2.7 6.8 1.49012e-008
v 3.4 6.8 1.49012e-008
v 3.9 6.8 1.49012e-008
v 4 6.8 1.49012e-008
v 4.5 6.8 1.49012e-008
v 4.6 6.8 1.49012e-008
v 5.1 6.8 1.49012e-008
v -5.1 7.1 0.5
v -4.8 7.1 0.5
v -4.7 7.1 0.5
v -4.2 7.1 0.5
v -3.5 7.1 0.5
v -3 7.1 0.5
v -2.9 7.1 0.5
v -2.4 7.1 0.5
v -2.3 7.1 0.5
v -1.8 7.1 0.5
v -1.7 7.1 0.5
v -1.2 7.1 0.5
v -0.5 7.1 0.5
v 2.68221e-007 7.1 0.5
v 0.7 7.1 0.5
v 1.2 7.1 0.5
v 2.5 7.1 0.5
v 3 7.1 0.5
v 3.1 7.1 0.5
v 3.6 7.1 0.5
v 3.7 7.1 0.5
v 4.2 7.1 0.5
v 4.9 7.1 0.5
v 5.1 7.1 0.5
v -5.1 7.1 0.4
v -4.8 7.1 0.4
v -4.7 7.1 0.4
v -4.2 7.1 0.4
v -3.5 7.1 0.4
v -3 7.1 0.4
v -2.9 7.1 0.4
v -2.4 7.1 0.4
v -2.3 7.1 0.4
v -1.8 7.1 0.4
v -1.7 7.1 0.4
v -1.2 7.1 0.4
v -0.5 7.1 0.4
v 2.68221e-007 7.1 0.4
v 0.7 7.1 0.4
v 1.2 7.1 0.4
v 2.5 7.1 0.4
v 3 7.1 0.4
v 3.1 7.1 0.4
v 3.6 7.1 0.4
v 3.7 7.1 0.4
v 4.2 7.1 0.4
v 4.9 7.1 0.4
v 5.1 7.1 0.4
v -5.1 7.1 0.1
v -4.8 7.1 0.1
v -4.7 7.1 0.1
v -4.2 7.1 0.1
v -3.5 7.1 0.1
v -3 7.1 0.1
v -2.9 7.1 0.1
v -2.4 7.1 0.1
v -2.3 7.1 0.1
v -1.8 7.1 0.1
v -1.7 7.1 0.1
v -1.2 7.1 0.1
v -0.5 7.1 0.1
v 2.68221e-007 7.1 0.1
v 0.7 7.1 0.1
v 1.2 7.1 0.1
v 2.5 7.1 0.1
v 3 7.1 0.1
v 3.1 7.1 0.1
v 3.6 7.1 0.1
v 3.7 7.1 0.1
v 4.2 7.1 0.1
v 4.9 7.1 0.1
v 5.1 7.1 0.1
v -5.1 7.1 1.49012e-008
v -4.8 7.1 1.49012e-008
v -4.7 7.1 1.49012e-008
v -4.2 7.1 1.49012e-008
v -3.5 7.1 1.49012e-008
v -3 7.1 1.49012e-008
v -2.9 7.1 1.49012e-008
v -2.4 7.1 1.49012e-008
v -2.3 7.1 1.49012e-008
v -1.8 7.1 1.49012e-008
v -1.7 7.1 1.49012e-008
v -1.2 7.1 1.49012e-008
v -0.5 7.1 1.49012e-008
v 2.68221e-007 7.1 1.49012e-008
v 0.7 7.1 1.49012e-008
v 1.2 7.1 1.49012e-008
v 2.5 7.1 1.49012e-008
v 3 7.1 1.49012e-008
v 3.1 7.1 1.49012e-008
v 3.6 7.1 1.49012e-008
v 3.7 7.1 1.49012e-008
v 4.2 7.1 1.49012e-008
v 4.9 7.1 1.49012e-008
v 5.1 7.1 1.49012e-008
v -4.4 7.3 0.5
v -4.2 7.3 0.5
v -4.4 7.3 0.4
v -4.2 7.3 0.4
v -4.4 7.3 0.1
v -4.2 7.3 0.1
v -4.4 7.3 1.49012e-008
v -4.2 7.3 1.49012e-008
v -5 7.4 0.5
v -4.5 7.4 0.5
v -4.2 7.4 0.5
v -3.9 7.4 0.5
v -3.8 7.4 0.5
v -3.3 7.4 0.5
v -2.6 7.4 0.5
v -2.1 7.4 0.5
v -2 7.4 0.5
v -1.5 7.4 0.5
v -1.4 7.4 0.5
v -0.9 7.4 0.5
v -0.8 7.4 0.5
v -0.3 7.4 0.5
v -0.2 7.4 0.5
v 0.3 7.4 0.5
v 0.4 7.4 0.5
v 0.9 7.4 0.5
v 1 7.4 0.5
v 1.5 7.4 0.5
v 2.8 7.4 0.5
v 3.3 7.4 0.5
v 3.4 7.4 0.5
v 3.9 7.4 0.5
v 4 7.4 0.5
v 4.5 7.4 0.5
v 4.6 7.4 0.5
v 5.1 7.4 0.5
v -5 7.4 0.4
v -4.5 7.4 0.4
v -4.2 7.4 0.4
v -3.9 7.4 0.4
v -3.8 7.4 0.4
v -3.3 7.4 0.4
v -2.6 7.4 0.4
v -2.1 7.4 0.4
v -2 7.4 0.4
v -1.5 7.4 0.4
v -1.4 7.4 0.4
v -0.9 7.4 0.4
v -0.8 7.4 0.4
v -0.3 7.4 0.4
v -0.2 7.4 0.4
v 0.3 7.4 0.4
v 0.4 7.4 0.4
v 0.9 7.4 0.4
v 1 7.4 0.4
v 1.5 7.4 0.4
v 2.8 7.4 0.4
v 3.3 7.4 0.4
v 3.4 7.4 0.4
v 3.9 7.4 0.4
v 4 7.4 0.4
v 4.5 7.4 0.4
v 4.6 7.4 0.4
v 5.1 7.4 0.4
v -5 7.4 0.1
v -4.5 7.4 0.1
v -4.2 7.4 0.1
v -3.9 7.4 0.1
v -3.8 7.4 0.1
v -3.3 7.4 0.1
v -2.6 7.4 0.1
v -2.1 7.4 0.1
v -2 7.4 0.1
v -1.5 7.4 0.1
v -1.4 7.4 0.1
v -0.9 7.4 0.1
v -0.8 7.4 0.1
v -0.3 7.4 0.1
v -0.2 7.4 0.1
v 0.3 7.4 0.1
v 0.4 7.4 0.1
v 0.9 7.4 0.1
v 1 7.4 0.1
v 1.5 7.4 0.1
v 2.8 7.4 0.1
v 3.3 7.4 0.1
v 3.4 7.4 0.1
v 3.9 7.4 0.1
v 4 7.4 0.1
v 4.5 7.4 0.1
v 4.6 7.4 0.1
v 5.1 7.4 0.1
v -5 7.4 1.49012e-008
v -4.5 7.4 1.49012e-008
v -4.2 7.4 1.49012e-008
v -3.9 7.4 1.49012e-008
v -3.8 7.4 1.49012e-008
v -3.3 7.4 1.49012e-008
v -2.6 7.4 1.49012e-008
v -2.1 7.4 1.49012e-008
v -2 7.4 1.49012e-008
v -1.5 7.4 1.49012e-008
v -1.4 7.4 1.49012e-008
v -0.9 7.4 1.49012e-008
v -0.8 7.4 1.49012e-008
v -0.3 7.4 1.49012e-008
v -0.2 7.4 1.49012e-008
v 0.3 7.4 1.49012e-008
v 0.4 7.4 1.49012e-008
v 0.9 7.4 1.49012e-008
v 1 7.4 1.49012e-008
v 1.5 7.4 1.49012e-008
v 2.8 7.4 1.49012e-008
v 3.3 7.4 1.49012e-008
v 3.4 7.4 1.49012e-008
v 3.9 7.4 1.49012e-008
v 4 7.4 1.49012e-008
v 4.5 7.4 1.49012e-008
v 4.6 7.4 1.49012e-008
v 5.1 7.4 1.49012e-008
v -2.3 7.5 0.4
v -1.8 7.5 0.4
v -2.3 7.5 0.3
v -1.8 7.5 0.3
v -4.1 7.6 0.5
v -4 7.6 0.5
v -4.1 7.6 0.4
v -4 7.6 0.4
v -4.1 7.6 0.1
v -4 7.6 0.1
v -4.1 7.6 1.49012e-008
v -4 7.6 1.49012e-008
v -5.1 7.7 0.5
v -4.8 7.7 0.5
v -4 7.7 0.5
v -3.6 7.7 0.5
v -2.9 7.7 0.5
v -2.4 7.7 0.5
v -1.7 7.7 0.5
v -1.2 7.7 0.5
v 0.1 7.7 0.5
v 0.6 7.7 0.5
v 0.7 7.7 0.5
v 1.2 7.7 0.5
v 1.9 7.7 0.5
v 2.4 7.7 0.5
v 2.5 7.7 0.5
v 3 7.7 0.5
v 4.3 7.7 0.5
v 4.8 7.7 0.5
v 4.9 7.7 0.5
v 5.1 7.7 0.5
v -5.1 7.7 0.4
v -4.8 7.7 0.4
v -4 7.7 0.4
v -3.6 7.7 0.4
v -2.9 7.7 0.4
v -2.4 7.7 0.4
v -1.7 7.7 0.4
v -1.2 7.7 0.4
v 0.1 7.7 0.4
v 0.6 7.7 0.4
v 0.7 7.7 0.4
v 1.2 7.7 0.4
v 1.9 7.7 0.4
v 2.4 7.7 0.4
v 2.5 7.7 0.4
v 3 7.7 0.4
v 4.3 7.7 0.4
v 4.8 7.7 0.4
v 4.9 7.7 0.4
v 5.1 7.7 0.4
v -5.1 7.7 0.1
v -4.8 7.7 0.1
v -4 7.7 0.1
v -3.6 7.7 0.1
v -2.9 7.7 0.1
v -2.4 7.7 0.1
v -1.7 7.7 0.1
v -1.2 7.7 0.1
v 0.1 7.7 0.1
v 0.6 7.7 0.1
v 0.7 7.7 0.1
v 1.2 7.7 0.1
v 1.9 7.7 0.1
v 2.4 7.7 0.1
v 2.5 7.7 0.1
v 3 7.7 0.1
v 4.3 7.7 0.1
v 4.8 7.7 0.1
v 4.9 7.7 0.1
v 5.1 7.7 0.1
v -5.1 7.7 1.49012e-008
v -4.8 7.7 1.49012e-008
v -4 7.7 1.49012e-008
v -3.6 7.7 1.49012e-008
v -2.9 7.7 1.49012e-008
v -2.4 7.7 1.49012e-008
v -1.7 7.7 1.49012e-008
v -1.2 7.7 1.49012e-008
v 0.1 7.7 1.49012e-008
v 0.6 7.7 1.49012e-008
v 0.7 7.7 1.49012e-008
v 1.2 7.7 1.49012e-008
v 1.9 7.7 1.49012e-008
v 2.4 7.7 1.49012e-008
v 2.5 7.7 1.49012e-008
v 3 7.7 1.49012e-008
v 4.3 7.7 1.49012e-008
v 4.8 7.7 1.49012e-008
v 4.9 7.7 1.49012e-008
v 5.1 7.7 1.49012e-008
v 2.2 7.9 0.5
v 2.3 7.9 0.5
v 2.2 7.9 0.4
v 2.3 7.9 0.4
v 2.2 7.9 0.1
v 2.3 7.9 0.1
v 2.2 7.9 1.49012e-008
v 2.3 7.9 1.49012e-008
v -4.3 8 0.5
v -3.9 8 0.5
v -3.8 8 0.5
v -3.3 8 0.5
v -3.2 8 0.5
v -2.7 8 0.5
v -2 8 0.5
v -1.5 8 0.5
v -1.4 8 0.5
v -0.9 8 0.5
v -0.8 8 0.5
v -0.3 8 0.5
v 0.4 8 0.5
v 0.9 8 0.5
v 1 8 0.5
v 1.5 8 0.5
v 2.3 8 0.5
v 2.7 8 0.5
v 2.8 8 0.5
v 3.3 8 0.5
v 3.4 8 0.5
v 3.9 8 0.5
v 4 8 0.5
v 4.5 8 0.5
v -4.3 8 0.4
v -3.9 8 0.4
v -3.8 8 0.4
v -3.3 8 0.4
v -3.2 8 0.4
v -2.7 8 0.4
v -2 8 0.4
v -1.5 8 0.4
v -1.4 8 0.4
v -0.9 8 0.4
v -0.8 8 0.4
v -0.3 8 0.4
v 0.4 8 0.4
v 0.9 8 0.4
v 1 8 0.4
v 1.5 8 0.4
v 2.3 8 0.4
v 2.7 8 0.4
v 2.8 8 0.4
v 3.3 8 0.4
v 3.4 8 0.4
v 3.9 8 0.4
v 4 8 0.4
v 4.5 8 0.4
v -4.3 8 0.1
v -3.9 8 0.1
v -3.8 8 0.1
v -3.3 8 0.1
v -3.2 8 0.1
v -2.7 8 0.1
v -2 8 0.1
v -1.5 8 0.1
v -1.4 8 0.1
v -0.9 8 0.1
v -0.8 8 0.1
v -0.3 8 0.1
v 0.4 8 0.1
v 0.9 8 0.1
v 1 8 0.1
v 1.5 8 0.1
v 2.3 8 0.1
v 2.7 8 0.1
v 2.8 8 0.1
v 3.3 8 0.1
v 3.4 8 0.1
v 3.9 8 0.1
v 4 8 0.1
v 4.5 8 0.1
v -4.3 8 1.49012e-008
v -3.9 8 1.49012e-008
v -3.8 8 1.49012e-008
v -3.3 8 1.49012e-008
v -3.2 8 1.49012e-008
v -2.7 8 1.49012e-008
v -2 8 1.49012e-008
v -1.5 8 1.49012e-008
v -1.4 8 1.49012e-008
v -0.9 8 1.49012e-008
v -0.8 8 1.49012e-008
v -0.3 8 1.49012e-008
v 0.4 8 1.49012e-008
v 0.9 8 1.49012e-008
v 1 8 1.49012e-008
v 1.5 8 1.49012e-008
v 2.3 8 1.49012e-008
v 2.7 8 1.49012e-008
v 2.8 8 1.49012e-008
v 3.3 8 1.49012e-008
v 3.4 8 1.49012e-008
v 3.9 8 1.49012e-008
v 4 8 1.49012e-008
v 4.5 8 1.49012e-008
v -5.1 8.3 0.5
v -4.8 8.3 0.5
v -4.1 8.3 0.5
v -3.6 8.3 0.5
v -3.5 8.3 0.5
v -3 8.3 0.5
v -2.3 8.3 0.5
v -1.8 8.3 0.5
v 0.7 8.3 0.5
v 1.2 8.3 0.5
v 1.3 8.3 0.5
v 1.8 8.3 0.5
v 1.9 8.3 0.5
v 2.4 8.3 0.5
v 2.5 8.3 0.5
v 3 8.3 0.5
v 3.1 8.3 0.5
v 3.6 8.3 0.5
v 3.7 8.3 0.5
v 4.2 8.3 0.5
v 4.3 8.3 0.5
v 4.8 8.3 0.5
v 4.9 8.3 0.5
v 5.1 8.3 0.5
v -5.1 8.3 0.4
v -4.8 8.3 0.4
v -4.1 8.3 0.4
v -3.6 8.3 0.4
v -3.5 8.3 0.4
v -3 8.3 0.4
v -2.3 8.3 0.4
v -1.8 8.3 0.4
v 0.7 8.3 0.4
v 1.2 8.3 0.4
v 1.3 8.3 0.4
v 1.8 8.3 0.4
v 1.9 8.3 0.4
v 2.4 8.3 0.4
v 2.5 8.3 0.4
v 3 8.3 0.4
v 3.1 8.3 0.4
v 3.6 8.3 0.4
v 3.7 8.3 0.4
v 4.2 8.3 0.4
v 4.3 8.3 0.4
v 4.8 8.3 0.4
v 4.9 8.3 0.4
v 5.1 8.3 0.4
v -5.1 8.3 0.1
v -4.8 8.3 0.1
v -4.1 8.3 0.1
v -3.6 8.3 0.1
v -3.5 8.3 0.1
v -3 8.3 0.1
v -2.3 8.3 0.1
v -1.8 8.3 0.1
v 0.7 8.3 0.1
v 1.2 8.3 0.1
v 1.3 8.3 0.1
v 1.8 8.3 0.1
v 1.9 8.3 0.1
v 2.4 8.3 0.1
v 2.5 8.3 0.1
v 3 8.3 0.1
v 3.1 8.3 0.1
v 3.6 8.3 0.1
v 3.7 8.3 0.1
v 4.2 8.3 0.1
v 4.3 8.3 0.1
v 4.8 8.3 0.1
v 4.9 8.3 0.1
v 5.1 8.3 0.1
v -5.1 8.3 1.49012e-008
v -4.8 8.3 1.49012e-008
v -4.1 8.3 1.49012e-008
v -3.6 8.3 1.49012e-008
v -3.5 8.3 1.49012e-008
v -3 8.3 1.49012e-008
v -2.3 8.3 1.49012e-008
v -1.8 8.3 1.49012e-008
v 0.7 8.3 1.49012e-008
v 1.2 8.3 1.49012e-008
v 1.3 8.3 1.49012e-008
v 1.8 8.3 1.49012e-008
v 1.9 8.3 1.49012e-008
v 2.4 8.3 1.49012e-008
v 2.5 8.3 1.49012e-008
v 3 8.3 1.49012e-008
v 3.1 8.3 1.49012e-008
v 3.6 8.3 1.49012e-008
v 3.7 8.3 1.49012e-008
v 4.2 8.3 1.49012e-008
v 4.3 8.3 1.49012e-008
v 4.8 8.3 1.49012e-008
v 4.9 8.3 1.49012e-008
v 5.1 8.3 1.49012e-008
v -3.2 8.4 0.4
v -2.7 8.4 0.4
v -3.2 8.4 0.3
v -2.7 8.4 0.3
v -5 8.6 0.5
v -4.5 8.6 0.5
v -4.4 8.6 0.5
v -3.9 8.6 0.5
v -3.8 8.6 0.5
v -3.3 8.6 0.5
v -2.6 8.6 0.5
v -2.1 8.6 0.5
v -1.4 8.6 0.5
v -0.9 8.6 0.5
v -0.8 8.6 0.5
v -0.3 8.6 0.5
v -0.2 8.6 0.5
v 0.3 8.6 0.5
v 1 8.6 0.5
v 1.5 8.6 0.5
v 2.2 8.6 0.5
v 2.7 8.6 0.5
v 2.8 8.6 0.5
v 3.3 8.6 0.5
v 3.4 8.6 0.5
v 3.9 8.6 0.5
v 4.6 8.6 0.5
v 5.1 8.6 0.5
v -5 8.6 0.4
v -4.5 8.6 0.4
v -4.4 8.6 0.4
v -3.9 8.6 0.4
v -3.8 8.6 0.4
v -3.3 8.6 0.4
v -2.6 8.6 0.4
v -2.1 8.6 0.4
v -1.4 8.6 0.4
v -0.9 8.6 0.4
v -0.8 8.6 0.4
v -0.3 8.6 0.4
v -0.2 8.6 0.4
v 0.3 8.6 0.4
v 1 8.6 0.4
v 1.5 8.6 0.4
v 2.2 8.6 0.4
v 2.7 8.6 0.4
v 2.8 8.6 0.4
v 3.3 8.6 0.4
v 3.4 8.6 0.4
v 3.9 8.6 0.4
v 4.6 8.6 0.4
v 5.1 8.6 0.4
v -5 8.6 0.1
v -4.5 8.6 0.1
v -4.4 8.6 0.1
v -3.9 8.6 0.1
v -3.8 8.6 0.1
v -3.3 8.6 0.1
v -2.6 8.6 0.1
v -2.1 8.6 0.1
v -1.4 8.6 0.1
v -0.9 8.6 0.1
v -0.8 8.6 0.1
v -0.3 8.6 0.1
v -0.2 8.6 0.1
v 0.3 8.6 0.1
v 1 8.6 0.1
v 1.5 8.6 0.1
v 2.2 8.6 0.1
v 2.7 8.6 0.1
v 2.8 8.6 0.1
v 3.3 8.6 0.1
v 3.4 8.6 0.1
v 3.9 8.6 0.1
v 4.6 8.6 0.1
v 5.1 8.6 0.1
v -5 8.6 1.49012e-008
v -4.5 8.6 1.49012e-008
v -4.4 8.6 1.49012e-008
v -3.9 8.6 1.49012e-008
v -3.8 8.6 1.49012e-008
v -3.3 8.6 1.49012e-008
v -2.6 8.6 1.49012e-008
v -2.1 8.6 1.49012e-008
v -1.4 8.6 1.49012e-008
v -0.9 8.6 1.49012e-008
v -0.8 8.6 1.49012e-008
v -0.3 8.6 1.49012e-008
v -0.2 8.6 1.49012e-008
v 0.3 8.6 1.49012e-008
v 1 8.6 1.49012e-008
v 1.5 8.6 1.49012e-008
v 2.2 8.6 1.49012e-008
v 2.7 8.6 1.49012e-008
v 2.8 8.6 1.49012e-008
v 3.3 8.6 1.49012e-008
v 3.4 8.6 1.49012e-008
v 3.9 8.6 1.49012e-008
v 4.6 8.6 1.49012e-008
v 5.1 8.6 1.49012e-008
v -5.1 8.9 0.5
v -4.8 8.9 0.5
v -4.7 8.9 0.5
v -4.2 8.9 0.5
v -4.1 8.9 0.5
v -3.6 8.9 0.5
v -2.9 8.9 0.5
v -2.4 8.9 0.5
v -2.3 8.9 0.5
v -1.8 8.9 0.5
v -1.1 8.9 0.5
v -0.6 8.9 0.5
v -0.5 8.9 0.5
v 2.68221e-007 8.9 0.5
v 0.8 8.9 0.5
v 1.2 8.9 0.5
v 1.3 8.9 0.5
v 1.8 8.9 0.5
v 2.5 8.9 0.5
v 3 8.9 0.5
v 3.1 8.9 0.5
v 3.6 8.9 0.5
v 3.7 8.9 0.5
v 4.2 8.9 0.5
v 4.3 8.9 0.5
v 4.8 8.9 0.5
v 4.9 8.9 0.5
v 5.1 8.9 0.5
v -5.1 8.9 0.4
v -4.8 8.9 0.4
v -4.7 8.9 0.4
v -4.2 8.9 0.4
v -4.1 8.9 0.4
v -3.6 8.9 0.4
v -2.9 8.9 0.4
v -2.4 8.9 0.4
v -2.3 8.9 0.4
v -1.8 8.9 0.4
v -1.1 8.9 0.4
v -0.6 8.9 0.4
v -0.5 8.9 0.4
v 2.68221e-007 8.9 0.4
v 0.8 8.9 0.4
v 1.2 8.9 0.4
v 1.3 8.9 0.4
v 1.8 8.9 0.4
v 2.5 8.9 0.4
v 3 8.9 0.4
v 3.1 8.9 0.4
v 3.6 8.9 0.4
v 3.7 8.9 0.4
v 4.2 8.9 0.4
v 4.3 8.9 0.4
v 4.8 8.9 0.4
v 4.9 8.9 0.4
v 5.1 8.9 0.4
v -5.1 8.9 0.1
v -4.8 8.9 0.1
v -4.7 8.9 0.1
v -4.2 8.9 0.1
v -4.1 8.9 0.1
v -3.6 8.9 0.1
v -2.9 8.9 0.1
v -2.4 8.9 0.1
v -2.3 8.9 0.1
v -1.8 8.9 0.1
v -1.1 8.9 0.1
v -0.6 8.9 0.1
v -0.5 8.9 0.1
v 2.68221e-007 8.9 0.1
v 0.8 8.9 0.1
v 1.2 8.9 0.1
v 1.3 8.9 0.1
v 1.8 8.9 0.1
v 2.5 8.9 0.1
v 3 8.9 0.1
v 3.1 8.9 0.1
v 3.6 8.9 0.1
v 3.7 8.9 0.1
v 4.2 8.9 0.1
v 4.3 8.9 0.1
v 4.8 8.9 0.1
v 4.9 8.9 0.1
v 5.1 8.9 0.1
v -5.1 8.9 1.49012e-008
v -4.8 8.9 1.49012e-008
v -4.7 8.9 1.49012e-008
v -4.2 8.9 1.49012e-008
v -4.1 8.9 1.49012e-008
v -3.6 8.9 1.49012e-008
v -2.9 8.9 1.49012e-008
v -2.4 8.9 1.49012e-008
v -2.3 8.9 1.49012e-008
v -1.8 8.9 1.49012e-008
v -1.1 8.9 1.49012e-008
v -0.6 8.9 1.49012e-008
v -0.5 8.9 1.49012e-008
v 2.68221e-007 8.9 1.49012e-008
v 0.8 8.9 1.49012e-008
v 1.2 8.9 1.49012e-008
v 1.3 8.9 1.49012e-008
v 1.8 8.9 1.49012e-008
v 2.5 8.9 1.49012e-008
v 3 8.9 1.49012e-008
v 3.1 8.9 1.49012e-008
v 3.6 8.9 1.49012e-008
v 3.7 8.9 1.49012e-008
v 4.2 8.9 1.49012e-008
v 4.3 8.9 1.49012e-008
v 4.8 8.9 1.49012e-008
v 4.9 8.9 1.49012e-008
v 5.1 8.9 1.49012e-008
v -5 9.2 0.5
v -4.5 9.2 0.5
v -3.8 9.2 0.5
v -3.3 9.2 0.5
v -3.2 9.2 0.5
v -2.7 9.2 0.5
v -2.6 9.2 0.5
v -2.1 9.2 0.5
v -2 9.2 0.5
v -1.5 9.2 0.5
v -1.4 9.2 0.5
v -0.9 9.2 0.5
v -0.8 9.2 0.5
v -0.3 9.2 0.5
v 0.5 9.2 0.5
v 0.9 9.2 0.5
v 1 9.2 0.5
v 1.5 9.2 0.5
v 2.2 9.2 0.5
v 2.7 9.2 0.5
v 2.8 9.2 0.5
v 3.3 9.2 0.5
v 3.4 9.2 0.5
v 3.9 9.2 0.5
v -5 9.2 0.4
v -4.5 9.2 0.4
v -3.8 9.2 0.4
v -3.3 9.2 0.4
v -3.2 9.2 0.4
v -2.7 9.2 0.4
v -2.6 9.2 0.4
v -2.1 9.2 0.4
v -2 9.2 0.4
v -1.5 9.2 0.4
v -1.4 9.2 0.4
v -0.9 9.2 0.4
v -0.8 9.2 0.4
v -0.3 9.2 0.4
v 0.5 9.2 0.4
v 0.9 9.2 0.4
v 1 9.2 0.4
v 1.5 9.2 0.4
v 2.2 9.2 0.4
v 2.7 9.2 0.4
v 2.8 9.2 0.4
v 3.3 9.2 0.4
v 3.4 9.2 0.4
v 3.9 9.2 0.4
v -5 9.2 0.1
v -4.5 9.2 0.1
v -3.8 9.2 0.1
v -3.3 9.2 0.1
v -3.2 9.2 0.1
v -2.7 9.2 0.1
v -2.6 9.2 0.1
v -2.1 9.2 0.1
v -2 9.2 0.1
v -1.5 9.2 0.1
v -1.4 9.2 0.1
v -0.9 9.2 0.1
v -0.8 9.2 0.1
v -0.3 9.2 0.1
v 0.5 9.2 0.1
v 0.9 9.2 0.1
v 1 9.2 0.1
v 1.5 9.2 0.1
v 2.2 9.2 0.1
v 2.7 9.2 0.1
v 2.8 9.2 0.1
v 3.3 9.2 0.1
v 3.4 9.2 0.1
v 3.9 9.2 0.1
v -5 9.2 1.49012e-008
v -4.5 9.2 1.49012e-008
v -3.8 9.2 1.49012e-008
v -3.3 9.2 1.49012e-008
v -3.2 9.2 1.49012e-008
v -2.7 9.2 1.49012e-008
v -2.6 9.2 1.49012e-008
v -2.1 9.2 1.49012e-008
v -2 9.2 1.49012e-008
v -1.5 9.2 1.49012e-008
v -1.4 9.2 1.49012e-008
v -0.9 9.2 1.49012e-008
v -0.8 9.2 1.49012e-008
v -0.3 9.2 1.49012e-008
v 0.5 9.2 1.49012e-008
v 0.9 9.2 1.49012e-008
v 1 9.2 1.49012e-008
v 1.5 9.2 1.49012e-008
v 2.2 9.2 1.49012e-008
v 2.7 9.2 1.49012e-008
v 2.8 9.2 1.49012e-008
v 3.3 9.2 1.49012e-008
v 3.4 9.2 1.49012e-008
v 3.9 9.2 1.49012e-008
v -5.1 9.5 0.5
v -4.8 9.5 0.5
v -4.7 9.5 0.5
v -4.2 9.5 0.5
v -4.1 9.5 0.5
v -3.6 9.5 0.5
v -3.5 9.5 0.5
v -3 9.5 0.5
v -1.7 9.5 0.5
v -1.2 9.5 0.5
v -1.1 9.5 0.5
v -0.6 9.5 0.5
v 0.7 9.5 0.5
v 1.2 9.5 0.5
v 1.9 9.5 0.5
v 2.4 9.5 0.5
v 2.5 9.5 0.5
v 3 9.5 0.5
v 3.1 9.5 0.5
v 3.6 9.5 0.5
v 3.7 9.5 0.5
v 4.2 9.5 0.5
v 4.3 9.5 0.5
v 4.8 9.5 0.5
v 4.9 9.5 0.5
v 5.1 9.5 0.5
v -5.1 9.5 0.4
v -4.8 9.5 0.4
v -4.7 9.5 0.4
v -4.2 9.5 0.4
v -4.1 9.5 0.4
v -3.6 9.5 0.4
v -3.5 9.5 0.4
v -3 9.5 0.4
v -1.7 9.5 0.4
v -1.2 9.5 0.4
v -1.1 9.5 0.4
v -0.6 9.5 0.4
v 0.7 9.5 0.4
v 1.2 9.5 0.4
v 1.9 9.5 0.4
v 2.4 9.5 0.4
v 2.5 9.5 0.4
v 3 9.5 0.4
v 3.1 9.5 0.4
v 3.6 9.5 0.4
v 3.7 9.5 0.4
v 4.2 9.5 0.4
v 4.3 9.5 0.4
v 4.8 9.5 0.4
v 4.9 9.5 0.4
v 5.1 9.5 0.4
v -5.1 9.5 0.1
v -4.8 9.5 0.1
v -4.7 9.5 0.1
v -4.2 9.5 0.1
v -4.1 9.5 0.1
v -3.6 9.5 0.1
v -3.5 9.5 0.1
v -3 9.5 0.1
v -1.7 9.5 0.1
v -1.2 9.5 0.1
v -1.1 9.5 0.1
v -0.6 9.5 0.1
v 0.7 9.5 0.1
v 1.2 9.5 0.1
v 1.9 9.5 0.1
v 2.4 9.5 0.1
v 2.5 9.5 0.1
v 3 9.5 0.1
v 3.1 9.5 0.1
v 3.6 9.5 0.1
v 3.7 9.5 0.1
v 4.2 9.5 0.1
v 4.3 9.5 0.1
v 4.8 9.5 0.1
v 4.9 9.5 0.1
v 5.1 9.5 0.1
v -5.1 9.5 1.49012e-008
v -4.8 9.5 1.49012e-008
v -4.7 9.5 1.49012e-008
v -4.2 9.5 1.49012e-008
v -4.1 9.5 1.49012e-008
v -3.6 9.5 1.49012e-008
v -3.5 9.5 1.49012e-008
v -3 9.5 1.49012e-008
v -1.7 9.5 1.49012e-008
v -1.2 9.5 1.49012e-008
v -1.1 9.5 1.49012e-008
v -0.6 9.5 1.49012e-008
v 0.7 9.5 1.49012e-008
v 1.2 9.5 1.49012e-008
v 1.9 9.5 1.49012e-008
v 2.4 9.5 1.49012e-008
v 2.5 9.5 1.49012e-008
v 3 9.5 1.49012e-008
v 3.1 9.5 1.49012e-008
v 3.6 9.5 1.49012e-008
v 3.7 9.5 1.49012e-008
v 4.2 9.5 1.49012e-008
v 4.3 9.5 1.49012e-008
v 4.8 9.5 1.49012e-008
v 4.9 9.5 1.49012e-008
v 5.1 9.5 1.49012e-008
v -5.1 9.6 0.4
v 5.1 9.6 0.4
v -5.1 9.6 0.1
v 5.1 9.6 0.1

# faces
f 4/1/1 2/1/1 1/1/1
f 5/1/1 2/1/1 4/1/1
f 7/3/1 4/3/1 3/3/1
f 7/3/1 6/3/1 5/3/1
f 7/3/1 5/3/1 4/3/1
f 8/3/1 6/3/1 7/3/1
f 9/3/1 6/3/1 8/3/1
f 10/3/1 6/3/1 9/3/1
f 12/1/1 9/1/1 8/1/1
f 13/1/1 9/1/1 12/1/1
f 15/2/1 12/2/1 11/2/1
f 15/2/1 14/2/1 13/2/1
f 15/2/1 13/2/1 12/2/1
f 16/2/1 14/2/1 15/2/1
f 17/2/1 14/2/1 16/2/1
f 18/2/1 14/2/1 17/2/1
f 20/1/1 17/1/1 16/1/1
f 21/1/1 17/1/1 20/1/1
f 23/2/1 20/2/1 19/2/1
f 23/2/1 22/2/1 21/2/1
f 23/2/1 21/2/1 20/2/1
f 24/2/1 22/2/1 23/2/1
f 25/2/1 22/2/1 24/2/1
f 26/2/1 22/2/1 25/2/1
f 28/1/1 25/1/1 24/1/1
f 29/1/1 25/1/1 28/1/1
f 31/2/1 28/2/1 27/2/1
f 31/2/1 30/2/1 29/2/1
f 31/2/1 29/2/1 28/2/1
f 32/2/1 30/2/1 31/2/1
f 33/2/1 30/2/1 32/2/1
f 34/2/1 30/2/1 33/2/1
f 36/1/1 33/1/1 32/1/1
f 37/1/1 33/1/1 36/1/1
f 39/2/1 36/2/1 35/2/1
f 39/2/1 38/2/1 37/2/1
f 39/2/1 37/2/1 36/2/1
f 40/2/1 38/2/1 39/2/1
f 41/2/1 38/2/1 40/2/1
f 42/2/1 38/2/1 41/2/1
f 44/1/1 41/1/1 40/1/1
f 45/1/1 41/1/1 44/1/1
f 47/2/1 44/2/1 43/2/1
f 47/2/1 46/2/1 45/2/1
f 47/2/1 45/2/1 44/2/1
f 48/2/1 46/2/1 47/2/1
f 49/2/1 46/2/1 48/2/1
f 50/2/1 46/2/1 49/2/1
f 52/1/1 49/1/1 48/1/1
f 53/1/1 49/1/1 52/1/1
f 55/2/1 52/2/1 51/2/1
f 55/2/1 54/2/1 53/2/1
f 55/2/1 53/2/1 52/2/1
f 56/2/1 54/2/1 55/2/1
f 57/2/1 54/2/1 56/2/1
f 58/2/1 54/2/1 57/2/1
f 60/1/1 57/1/1 56/1/1
f 61/1/1 57/1/1 60/1/1
f 63/2/1 60/2/1 59/2/1
f 63/2/1 62/2/1 61/2/1
f 63/2/1 61/2/1 60/2/1
f 64/2/1 62/2/1 63/2/1
f 65/2/1 62/2/1 64/2/1
f 66/2/1 62/2/1 65/2/1
f 68/1/1 65/1/1 64/1/1
f 69/1/1 65/1/1 68/1/1
f 71/2/1 68/2/1 67/2/1
f 71/2/1 70/2/1 69/2/1
f 71/2/1 69/2/1 68/2/1
f 72/2/1 70/2/1 71/2/1
f 73/2/1 70/2/1 72/2/1
f 74/2/1 70/2/1 73/2/1
f 76/1/1 73/1/1 72/1/1
f 77/1/1 73/1/1 76/1/1
f 79/2/1 76/2/1 75/2/1
f 79/2/1 78/2/1 77/2/1
f 79/2/1 77/2/1 76/2/1
f 80/2/1 78/2/1 79/2/1
f 81/2/1 78/2/1 80/2/1
f 82/2/1 78/2/1 81/2/1
f 84/1/1 81/1/1 80/1/1
f 85/1/1 81/1/1 84/1/1
f 87/2/1 84/2/1 83/2/1
f 87/2/1 86/2/1 85/2/1
f 87/2/1 85/2/1 84/2/1
f 88/2/1 86/2/1 87/2/1
f 89/2/1 86/2/1 88/2/1
f 90/2/1 86/2/1 89/2/1
f 92/1/1 89/1/1 88/1/1
f 93/1/1 89/1/1 92/1/1
f 95/2/1 92/2/1 91/2/1
f 95/2/1 94/2/1 93/2/1
f 95/2/1 93/2/1 92/2/1
f 96/2/1 94/2/1 95/2/1
f 97/2/1 94/2/1 96/2/1
f 98/2/1 94/2/1 97/2/1
f 100/1/1 97/1/1 96/1/1
f 101/1/1 97/1/1 100/1/1
f 103/3/1 100/3/1 99/3/1
f 103/3/1 102/3/1 101/3/1
f 103/3/1 101/3/1 100/3/1
f 104/3/1 102/3/1 103/3/1
f 105/3/1 102/3/1 104/3/1
f 106/3/1 102/3/1 105/3/1
f 108/1/1 105/1/1 104/1/1
f 109/1/1 105/1/1 108/1/1
f 111/2/1 108/2/1 107/2/1
f 111/2/1 110/2/1 109/2/1
f 111/2/1 109/2/1 108/2/1
f 112/2/1 110/2/1 111/2/1
f 113/2/1 110/2/1 112/2/1
f 114/2/1 110/2/1 113/2/1
f 116/1/1 113/1/1 112/1/1
f 117/1/1 113/1/1 116/1/1
f 119/2/1 116/2/1 115/2/1
f 119/2/1 118/2/1 117/2/1
f 119/2/1 117/2/1 116/2/1
f 120/2/1 118/2/1 119/2/1
f 121/2/1 118/2/1 120/2/1
f 122/2/1 118/2/1 121/2/1
f 124/1/1 121/1/1 120/1/1
f 125/1/1 121/1/1 124/1/1
f 127/2/1 124/2/1 123/2/1
f 127/2/1 126/2/1 125/2/1
f 127/2/1 125/2/1 124/2/1
f 128/2/1 126/2/1 127/2/1
f 129/2/1 126/2/1 128/2/1
f 130/2/1 126/2/1 129/2/1
f 131/1/1 129/1/1 128/1/1
f 132/1/1 129/1/1 131/1/1
f 137/2/1 134/2/1 133/2/1
f 138/2/1 134/2/1 137/2/1
f 139/2/1 136/2/1 135/2/1
f 140/2/1 136/2/1 139/2/1
f 145/2/1 142/2/1 141/2/1
f 146/2/1 142/2/1 145/2/1
f 147/2/1 144/2/1 143/2/1
f 148/2/1 144/2/1 147/2/1
f 153/2/1 150/2/1 149/2/1
f 154/2/1 150/2/1 153/2/1
f 155/2/1 152/2/1 151/2/1
f 156/2/1 152/2/1 155/2/1
f 161/2/1 158/2/1 157/2/1
f 162/2/1 158/2/1 161/2/1
f 163/2/1 160/2/1 159/2/1
f 164/2/1 160/2/1 163/2/1
f 169/2/1 166/2/1 165/2/1
f 170/2/1 166/2/1 169/2/1
f 171/2/1 168/2/1 167/2/1
f 172/2/1 168/2/1 171/2/1
f 177/2/1 174/2/1 173/2/1
f 178/2/1 174/2/1 177/2/1
f 179/2/1 176/2/1 175/2/1
f 180/2/1 176/2/1 179/2/1
f 185/2/1 182/2/1 181/2/1
f 186/2/1 182/2/1 185/2/1
f 187/2/1 184/2/1 183/2/1
f 188/2/1 184/2/1 187/2/1
f 193/3/1 190/3/1 189/3/1
f 194/3/1 190/3/1 193/3/1
f 195/3/1 192/3/1 191/3/1
f 196/3/1 192/3/1 195/3/1
f 201/2/1 198/2/1 197/2/1
f 202/2/1 198/2/1 201/2/1
f 203/2/1 200/2/1 199/2/1
f 204/2/1 200/2/1 203/2/1
f 209/2/1 206/2/1 205/2/1
f 210/2/1 206/2/1 209/2/1
f 211/2/1 208/2/1 207/2/1
f 212/2/1 208/2/1 211/2/1
f 217/2/1 214/2/1 213/2/1
f 218/2/1 214/2/1 217/2/1
f 219/2/1 216/2/1 215/2/1
f 220/2/1 216/2/1 219/2/1
f 225/2/1 222/2/1 221/2/1
f 226/2/1 222/2/1 225/2/1
f 227/2/1 224/2/1 223/2/1
f 228/2/1 224/2/1 227/2/1
f 233/2/1 230/2/1 229/2/1
f 234/2/1 230/2/1 233/2/1
f 235/2/1 232/2/1 231/2/1
f 236/2/1 232/2/1 235/2/1
f 241/4/1 238/4/1 237/4/1
f 242/4/1 238/4/1 241/4/1
f 243/4/1 240/4/1 239/4/1
f 244/4/1 240/4/1 243/4/1
f 249/2/1 246/2/1 245/2/1
f 250/2/1 246/2/1 249/2/1
f 251/2/1 248/2/1 247/2/1
f 252/2/1 248/2/1 251/2/1
f 257/2/1 254/2/1 253/2/1
f 258/2/1 254/2/1 257/2/1
f 259/2/1 256/2/1 255/2/1
f 260/2/1 256/2/1 259/2/1
f 265/2/1 262/2/1 261/2/1
f 266/2/1 262/2/1 265/2/1
f 267/2/1 264/2/1 263/2/1
f 268/2/1 264/2/1 267/2/1
f 273/2/1 270/2/1 269/2/1
f 274/2/1 270/2/1 273/2/1
f 275/2/1 272/2/1 271/2/1
f 276/2/1 272/2/1 275/2/1
f 281/2/1 278/2/1 277/2/1
f 282/2/1 278/2/1 281/2/1
f 283/2/1 280/2/1 279/2/1
f 284/2/1 280/2/1 283/2/1
f 289/2/1 286/2/1 285/2/1
f 290/2/1 286/2/1 289/2/1
f 291/2/1 288/2/1 287/2/1
f 292/2/1 288/2/1 291/2/1
f 297/3/1 294/3/1 293/3/1
f 298/3/1 294/3/1 297/3/1
f 299/3/1 296/3/1 295/3/1
f 300/3/1 296/3/1 299/3/1
f 305/4/1 302/4/1 301/4/1
f 306/4/1 302/4/1 305/4/1
f 307/4/1 304/4/1 303/4/1
f 308/4/1 304/4/1 307/4/1
f 313/2/1 310/2/1 309/2/1
f 314/2/1 310/2/1 313/2/1
f 315/2/1 312/2/1 311/2/1
f 316/2/1 312/2/1 315/2/1
f 321/2/1 318/2/1 317/2/1
f 322/2/1 318/2/1 321/2/1
f 323/2/1 320/2/1 319/2/1
f 324/2/1 320/2/1 323/2/1
f 329/2/1 326/2/1 325/2/1
f 330/2/1 326/2/1 329/2/1
f 331/2/1 328/2/1 327/2/1
f 332/2/1 328/2/1 331/2/1
f 337/2/1 334/2/1 333/2/1
f 338/2/1 334/2/1 337/2/1
f 339/2/1 336/2/1 335/2/1
f 340/2/1 336/2/1 339/2/1
f 345/2/1 342/2/1 341/2/1
f 346/2/1 342/2/1 345/2/1
f 347/2/1 344/2/1 343/2/1
f 348/2/1 344/2/1 347/2/1
f 353/3/1 350/3/1 349/3/1
f 354/3/1 350/3/1 353/3/1
f 355/3/1 352/3/1 351/3/1
f 356/3/1 352/3/1 355/3/1
f 361/2/1 358/2/1 357/2/1
f 362/2/1 358/2/1 361/2/1
f 363/2/1 360/2/1 359/2/1
f 364/2/1 360/2/1 363/2/1
f 369/2/1 366/2/1 365/2/1
f 370/2/1 366/2/1 369/2/1
f 371/2/1 368/2/1 367/2/1
f 372/2/1 368/2/1 371/2/1
f 377/3/1 374/3/1 373/3/1
f 378/3/1 374/3/1 377/3/1
f 379/3/1 376/3/1 375/3/1
f 380/3/1 376/3/1 379/3/1
f 385/2/1 382/2/1 381/2/1
f 386/2/1 382/2/1 385/2/1
f 387/2/1 384/2/1 383/2/1
f 388/2/1 384/2/1 387/2/1
f 393/2/1 390/2/1 389/2/1
f 394/2/1 390/2/1 393/2/1
f 395/2/1 392/2/1 391/2/1
f 396/2/1 392/2/1 395/2/1
f 401/4/1 398/4/1 397/4/1
f 402/4/1 398/4/1 401/4/1
f 403/4/1 400/4/1 399/4/1
f 404/4/1 400/4/1 403/4/1
f 409/2/1 406/2/1 405/2/1
f 410/2/1 406/2/1 409/2/1
f 411/2/1 408/2/1 407/2/1
f 412/2/1 408/2/1 411/2/1
f 417/3/1 414/3/1 413/3/1
f 418/3/1 414/3/1 417/3/1
f 419/3/1 416/3/1 415/3/1
f 420/3/1 416/3/1 419/3/1
f 425/2/1 422/2/1 421/2/1
f 426/2/1 422/2/1 425/2/1
f 427/2/1 424/2/1 423/2/1
f 428/2/1 424/2/1 427/2/1
f 433/2/1 430/2/1 429/2/1
f 434/2/1 430/2/1 433/2/1
f 435/2/1 432/2/1 431/2/1
f 436/2/1 432/2/1 435/2/1
f 441/2/1 438/2/1 437/2/1
f 442/2/1 438/2/1 441/2/1
f 443/2/1 440/2/1 439/2/1
f 444/2/1 440/2/1 443/2/1
f 449/2/1 446/2/1 445/2/1
f 450/2/1 446/2/1 449/2/1
f 451/2/1 448/2/1 447/2/1
f 452/2/1 448/2/1 451/2/1
f 457/2/1 454/2/1 453/2/1
f 458/2/1 454/2/1 457/2/1
f 459/2/1 456/2/1 455/2/1
f 460/2/1 456/2/1 459/2/1
f 465/2/1 462/2/1 461/2/1
f 466/2/1 462/2/1 465/2/1
f 467/2/1 464/2/1 463/2/1
f 468/2/1 464/2/1 467/2/1
f 473/2/1 470/2/1 469/2/1
f 474/2/1 470/2/1 473/2/1
f 475/2/1 472/2/1 471/2/1
f 476/2/1 472/2/1 475/2/1
f 481/2/1 478/2/1 477/2/1
f 482/2/1 478/2/1 481/2/1
f 483/2/1 480/2/1 479/2/1
f 484/2/1 480/2/1 483/2/1
f 489/3/1 486/3/1 485/3/1
f 490/3/1 486/3/1 489/3/1
f 491/3/1 488/3/1 487/3/1
f 492/3/1 488/3/1 491/3/1
f 497/2/1 494/2/1 493/2/1
f 498/2/1 494/2/1 497/2/1
f 499/2/1 496/2/1 495/2/1
f 500/2/1 496/2/1 499/2/1
f 505/2/1 502/2/1 501/2/1
f 506/2/1 502/2/1 505/2/1
f 507/2/1 504/2/1 503/2/1
f 508/2/1 504/2/1 507/2/1
f 513/2/1 510/2/1 509/2/1
f 514/2/1 510/2/1 513/2/1
f 515/2/1 512/2/1 511/2/1
f 516/2/1 512/2/1 515/2/1
f 521/3/1 518/3/1 517/3/1
f 522/3/1 518/3/1 521/3/1
f 523/3/1 520/3/1 519/3/1
f 524/3/1 520/3/1 523/3/1
f 529/2/1 526/2/1 525/2/1
f 530/2/1 526/2/1 529/2/1
f 531/2/1 528/2/1 527/2/1
f 532/2/1 528/2/1 531/2/1
f 537/2/1 534/2/1 533/2/1
f 538/2/1 534/2/1 537/2/1
f 539/2/1 536/2/1 535/2/1
f 540/2/1 536/2/1 539/2/1
f 545/2/1 542/2/1 541/2/1
f 546/2/1 542/2/1 545/2/1
f 547/2/1 544/2/1 543/2/1
f 548/2/1 544/2/1 547/2/1
f 553/3/1 550/3/1 549/3/1
f 554/3/1 550/3/1 553/3/1
f 555/3/1 552/3/1 551/3/1
f 556/3/1 552/3/1 555/3/1
f 561/2/1 558/2/1 557/2/1
f 562/2/1 558/2/1 561/2/1
f 563/2/1 560/2/1 559/2/1
f 564/2/1 560/2/1 563/2/1
f 569/2/1 566/2/1 565/2/1
f 570/2/1 566/2/1 569/2/1
f 571/2/1 568/2/1 567/2/1
f 572/2/1 568/2/1 571/2/1
f 577/2/1 574/2/1 573/2/1
f 578/2/1 574/2/1 577/2/1
f 579/2/1 576/2/1 575/2/1
f 580/2/1 576/2/1 579/2/1
f 585/4/1 582/4/1 581/4/1
f 586/4/1 582/4/1 585/4/1
f 587/4/1 584/4/1 583/4/1
f 588/4/1 584/4/1 587/4/1
f 593/2/1 590/2/1 589/2/1
f 594/2/1 590/2/1 593/2/1
f 595/2/1 592/2/1 591/2/1
f 596/2/1 592/2/1 595/2/1
f 601/2/1 598/2/1 597/2/1
f 602/2/1 598/2/1 601/2/1
f 603/2/1 600/2/1 599/2/1
f 604/2/1 600/2/1 603/2/1
f 609/2/1 606/2/1 605/2/1
f 610/2/1 606/2/1 609/2/1
f 611/2/1 608/2/1 607/2/1
f 612/2/1 608/2/1 611/2/1
f 617/2/1 614/2/1 613/2/1
f 618/2/1 614/2/1 617/2/1
f 619/2/1 616/2/1 615/2/1
f 620/2/1 616/2/1 619/2/1
f 625/2/1 622/2/1 621/2/1
f 626/2/1 622/2/1 625/2/1
f 627/2/1 624/2/1 623/2/1
f 628/2/1 624/2/1 627/2/1
f 633/2/1 630/2/1 629/2/1
f 634/2/1 630/2/1 633/2/1
f 635/2/1 632/2/1 631/2/1
f 636/2/1 632/2/1 635/2/1
f 641/2/1 638/2/1 637/2/1
f 642/2/1 638/2/1 641/2/1
f 643/2/1 640/2/1 639/2/1
f 644/2/1 640/2/1 643/2/1
f 649/2/1 646/2/1 645/2/1
f 650/2/1 646/2/1 649/2/1
f 651/2/1 648/2/1 647/2/1
f 652/2/1 648/2/1 651/2/1
f 657/2/1 654/2/1 653/2/1
f 658/2/1 654/2/1 657/2/1
f 659/2/1 656/2/1 655/2/1
f 660/2/1 656/2/1 659/2/1
f 665/2/1 662/2/1 661/2/1
f 666/2/1 662/2/1 665/2/1
f 667/2/1 664/2/1 663/2/1
f 668/2/1 664/2/1 667/2/1
f 673/2/1 670/2/1 669/2/1
f 674/2/1 670/2/1 673/2/1
f 675/2/1 672/2/1 671/2/1
f 676/2/1 672/2/1 675/2/1
f 681/2/1 678/2/1 677/2/1
f 682/2/1 678/2/1 681/2/1
f 683/2/1 680/2/1 679/2/1
f 684/2/1 680/2/1 683/2/1
f 689/2/1 686/2/1 685/2/1
f 690/2/1 686/2/1 689/2/1
f 691/2/1 688/2/1 687/2/1
f 692/2/1 688/2/1 691/2/1
f 697/3/1 694/3/1 693/3/1
f 698/3/1 694/3/1 697/3/1
f 699/3/1 696/3/1 695/3/1
f 700/3/1 696/3/1 699/3/1
f 705/2/1 702/2/1 701/2/1
f 706/2/1 702/2/1 705/2/1
f 707/2/1 704/2/1 703/2/1
f 708/2/1 704/2/1 707/2/1
f 713/2/1 710/2/1 709/2/1
f 714/2/1 710/2/1 713/2/1
f 715/2/1 712/2/1 711/2/1
f 716/2/1 712/2/1 715/2/1
f 721/4/1 718/4/1 717/4/1
f 722/4/1 718/4/1 721/4/1
f 723/4/1 720/4/1 719/4/1
f 724/4/1 720/4/1 723/4/1
f 729/3/1 726/3/1 725/3/1
f 730/3/1 726/3/1 729/3/1
f 731/3/1 728/3/1 727/3/1
f 732/3/1 728/3/1 731/3/1
f 737/2/1 734/2/1 733/2/1
f 738/2/1 734/2/1 737/2/1
f 739/2/1 736/2/1 735/2/1
f 740/2/1 736/2/1 739/2/1
f 745/2/1 742/2/1 741/2/1
f 746/2/1 742/2/1 745/2/1
f 747/2/1 744/2/1 743/2/1
f 748/2/1 744/2/1 747/2/1
f 753/2/1 750/2/1 749/2/1
f 754/2/1 750/2/1 753/2/1
f 755/2/1 752/2/1 751/2/1
f 756/2/1 752/2/1 755/2/1
f 761/2/1 758/2/1 757/2/1
f 762/2/1 758/2/1 761/2/1
f 763/2/1 760/2/1 759/2/1
f 764/2/1 760/2/1 763/2/1
f 769/4/1 766/4/1 765/4/1
f 770/4/1 766/4/1 769/4/1
f 771/4/1 768/4/1 767/4/1
f 772/4/1 768/4/1 771/4/1
f 777/2/1 774/2/1 773/2/1
f 778/2/1 774/2/1 777/2/1
f 779/2/1 776/2/1 775/2/1
f 780/2/1 776/2/1 779/2/1
f 785/2/1 782/2/1 781/2/1
f 786/2/1 782/2/1 785/2/1
f 787/2/1 784/2/1 783/2/1
f 788/2/1 784/2/1 787/2/1
f 793/2/1 790/2/1 789/2/1
f 794/2/1 790/2/1 793/2/1
f 795/2/1 792/2/1 791/2/1
f 796/2/1 792/2/1 795/2/1
f 801/2/1 798/2/1 797/2/1
f 802/2/1 798/2/1 801/2/1
f 803/2/1 800/2/1 799/2/1
f 804/2/1 800/2/1 803/2/1
f 809/3/1 806/3/1 805/3/1
f 810/3/1 806/3/1 809/3/1
f 811/3/1 808/3/1 807/3/1
f 812/3/1 808/3/1 811/3/1
f 817/2/1 814/2/1 813/2/1
f 818/2/1 814/2/1 817/2/1
f 819/2/1 816/2/1 815/2/1
f 820/2/1 816/2/1 819/2/1
f 825/2/1 822/2/1 821/2/1
f 826/2/1 822/2/1 825/2/1
f 827/2/1 824/2/1 823/2/1
f 828/2/1 824/2/1 827/2/1
f 833/2/1 830/2/1 829/2/1
f 834/2/1 830/2/1 833/2/1
f 835/2/1 832/2/1 831/2/1
f 836/2/1 832/2/1 835/2/1
f 841/2/1 838/2/1 837/2/1
f 842/2/1 838/2/1 841/2/1
f 843/2/1 840/2/1 839/2/1
f 844/2/1 840/2/1 843/2/1
f 849/2/1 846/2/1 845/2/1
f 850/2/1 846/2/1 849/2/1
f 851/2/1 848/2/1 847/2/1
f 852/2/1 848/2/1 851/2/1
f 857/2/1 854/2/1 853/2/1
f 858/2/1 854/2/1 857/2/1
f 859/2/1 856/2/1 855/2/1
f 860/2/1 856/2/1 859/2/1
f 865/2/1 862/2/1 861/2/1
f 866/2/1 862/2/1 865/2/1
f 867/2/1 864/2/1 863/2/1
f 868/2/1 864/2/1 867/2/1
f 873/3/1 870/3/1 869/3/1
f 874/3/1 870/3/1 873/3/1
f 875/3/1 872/3/1 871/3/1
f 876/3/1 872/3/1 875/3/1
f 881/2/1 878/2/1 877/2/1
f 882/2/1 878/2/1 881/2/1
f 883/2/1 880/2/1 879/2/1
f 884/2/1 880/2/1 883/2/1
f 889/2/1 886/2/1 885/2/1
f 890/2/1 886/2/1 889/2/1
f 891/2/1 888/2/1 887/2/1
f 892/2/1 888/2/1 891/2/1
f 897/2/1 894/2/1 893/2/1
f 898/2/1 894/2/1 897/2/1
f 899/2/1 896/2/1 895/2/1
f 900/2/1 896/2/1 899/2/1
f 905/2/1 902/2/1 901/2/1
f 906/2/1 902/2/1 905/2/1
f 907/2/1 904/2/1 903/2/1
f 908/2/1 904/2/1 907/2/1
f 913/2/1 910/2/1 909/2/1
f 914/2/1 910/2/1 913/2/1
f 915/2/1 912/2/1 911/2/1
f 916/2/1 912/2/1 915/2/1
f 921/2/1 918/2/1 917/2/1
f 922/2/1 918/2/1 921/2/1
f 923/2/1 920/2/1 919/2/1
f 924/2/1 920/2/1 923/2/1
f 929/2/1 926/2/1 925/2/1
f 930/2/1 926/2/1 929/2/1
f 931/2/1 928/2/1 927/2/1
f 932/2/1 928/2/1 931/2/1
f 937/2/1 934/2/1 933/2/1
f 938/2/1 934/2/1 937/2/1
f 939/2/1 936/2/1 935/2/1
f 940/2/1 936/2/1 939/2/1
f 945/3/1 942/3/1 941/3/1
f 946/3/1 942/3/1 945/3/1
f 947/3/1 944/3/1 943/3/1
f 948/3/1 944/3/1 947/3/1
f 953/3/1 950/3/1 949/3/1
f 954/3/1 950/3/1 953/3/1
f 955/3/1 952/3/1 951/3/1
f 956/3/1 952/3/1 955/3/1
f 961/2/1 958/2/1 957/2/1
f 962/2/1 958/2/1 961/2/1
f 963/2/1 960/2/1 959/2/1
f 964/2/1 960/2/1 963/2/1
f 969/2/1 966/2/1 965/2/1
f 970/2/1 966/2/1 969/2/1
f 971/2/1 968/2/1 967/2/1
f 972/2/1 968/2/1 971/2/1
f 977/2/1 974/2/1 973/2/1
f 978/2/1 974/2/1 977/2/1
f 979/2/1 976/2/1 975/2/1
f 980/2/1 976/2/1 979/2/1
f 985/2/1 982/2/1 981/2/1
f 986/2/1 982/2/1 985/2/1
f 987/2/1 984/2/1 983/2/1
f 988/2/1 984/2/1 987/2/1
f 993/3/1 990/3/1 989/3/1
f 994/3/1 990/3/1 993/3/1
f 995/3/1 992/3/1 991/3/1
f 996/3/1 992/3/1 995/3/1
f 999/1/1 998/1/1 997/1/1
f 1000/1/1 998/1/1 999/1/1
f 1005/2/1 1002/2/1 1001/2/1
f 1006/2/1 1002/2/1 1005/2/1
f 1007/2/1 1004/2/1 1003/2/1
f 1008/2/1 1004/2/1 1007/2/1
f 1013/3/1 1010/3/1 1009/3/1
f 1014/3/1 1010/3/1 1013/3/1
f 1015/3/1 1012/3/1 1011/3/1
f 1016/3/1 1012/3/1 1015/3/1
f 1021/2/1 1018/2/1 1017/2/1
f 1022/2/1 1018/2/1 1021/2/1
f 1023/2/1 1020/2/1 1019/2/1
f 1024/2/1 1020/2/1 1023/2/1
f 1029/2/1 1026/2/1 1025/2/1
f 1030/2/1 1026/2/1 1029/2/1
f 1031/2/1 1028/2/1 1027/2/1
f 1032/2/1 1028/2/1 1031/2/1
f 1037/2/1 1034/2/1 1033/2/1
f 1038/2/1 1034/2/1 1037/2/1
f 1039/2/1 1036/2/1 1035/2/1
f 1040/2/1 1036/2/1 1039/2/1
f 1045/2/1 1042/2/1 1041/2/1
f 1046/2/1 1042/2/1 1045/2/1
f 1047/2/1 1044/2/1 1043/2/1
f 1048/2/1 1044/2/1 1047/2/1
f 1053/2/1 1050/2/1 1049/2/1
f 1054/2/1 1050/2/1 1053/2/1
f 1055/2/1 1052/2/1 1051/2/1
f 1056/2/1 1052/2/1 1055/2/1
f 1061/2/1 1058/2/1 1057/2/1
f 1062/2/1 1058/2/1 1061/2/1
f 1063/2/1 1060/2/1 1059/2/1
f 1064/2/1 1060/2/1 1063/2/1
f 1069/2/1 1066/2/1 1065/2/1
f 1070/2/1 1066/2/1 1069/2/1
f 1071/2/1 1068/2/1 1067/2/1
f 1072/2/1 1068/2/1 1071/2/1
f 1077/4/1 1074/4/1 1073/4/1
f 1078/4/1 1074/4/1 1077/4/1
f 1079/4/1 1076/4/1 1075/4/1
f 1080/4/1 1076/4/1 1079/4/1
f 1085/3/1 1082/3/1 1081/3/1
f 1086/3/1 1082/3/1 1085/3/1
f 1087/3/1 1084/3/1 1083/3/1
f 1088/3/1 1084/3/1 1087/3/1
f 1093/2/1 1090/2/1 1089/2/1
f 1094/2/1 1090/2/1 1093/2/1
f 1095/2/1 1092/2/1 1091/2/1
f 1096/2/1 1092/2/1 1095/2/1
f 1101/2/1 1098/2/1 1097/2/1
f 1102/2/1 1098/2/1 1101/2/1
f 1103/2/1 1100/2/1 1099/2/1
f 1104/2/1 1100/2/1 1103/2/1
f 1109/2/1 1106/2/1 1105/2/1
f 1110/2/1 1106/2/1 1109/2/1
f 1111/2/1 1108/2/1 1107/2/1
f 1112/2/1 1108/2/1 1111/2/1
f 1117/2/1 1114/2/1 1113/2/1
f 1118/2/1 1114/2/1 1117/2/1
f 1119/2/1 1116/2/1 1115/2/1
f 1120/2/1 1116/2/1 1119/2/1
f 1125/2/1 1122/2/1 1121/2/1
f 1126/2/1 1122/2/1 1125/2/1
f 1127/2/1 1124/2/1 1123/2/1
f 1128/2/1 1124/2/1 1127/2/1
f 1133/2/1 1130/2/1 1129/2/1
f 1134/2/1 1130/2/1 1133/2/1
f 1135/2/1 1132/2/1 1131/2/1
f 1136/2/1 1132/2/1 1135/2/1
f 1141/3/1 1138/3/1 1137/3/1
f 1142/3/1 1138/3/1 1141/3/1
f 1143/3/1 1140/3/1 1139/3/1
f 1144/3/1 1140/3/1 1143/3/1
f 1149/2/1 1146/2/1 1145/2/1
f 1150/2/1 1146/2/1 1149/2/1
f 1151/2/1 1148/2/1 1147/2/1
f 1152/2/1 1148/2/1 1151/2/1
f 1157/2/1 1154/2/1 1153/2/1
f 1158/2/1 1154/2/1 1157/2/1
f 1159/2/1 1156/2/1 1155/2/1
f 1160/2/1 1156/2/1 1159/2/1
f 1165/2/1 1162/2/1 1161/2/1
f 1166/2/1 1162/2/1 1165/2/1
f 1167/2/1 1164/2/1 1163/2/1
f 1168/2/1 1164/2/1 1167/2/1
f 1173/2/1 1170/2/1 1169/2/1
f 1174/2/1 1170/2/1 1173/2/1
f 1175/2/1 1172/2/1 1171/2/1
f 1176/2/1 1172/2/1 1175/2/1
f 1181/2/1 1178/2/1 1177/2/1
f 1182/2/1 1178/2/1 1181/2/1
f 1183/2/1 1180/2/1 1179/2/1
f 1184/2/1 1180/2/1 1183/2/1
f 1189/2/1 1186/2/1 1185/2/1
f 1190/2/1 1186/2/1 1189/2/1
f 1191/2/1 1188/2/1 1187/2/1
f 1192/2/1 1188/2/1 1191/2/1
f 1197/2/1 1194/2/1 1193/2/1
f 1198/2/1 1194/2/1 1197/2/1
f 1199/2/1 1196/2/1 1195/2/1
f 1200/2/1 1196/2/1 1199/2/1
f 1205/2/1 1202/2/1 1201/2/1
f 1206/2/1 1202/2/1 1205/2/1
f 1207/2/1 1204/2/1 1203/2/1
f 1208/2/1 1204/2/1 1207/2/1
f 1213/4/1 1210/4/1 1209/4/1
f 1214/4/1 1210/4/1 1213/4/1
f 1215/4/1 1212/4/1 1211/4/1
f 1216/4/1 1212/4/1 1215/4/1
f 1221/2/1 1218/2/1 1217/2/1
f 1222/2/1 1218/2/1 1221/2/1
f 1223/2/1 1220/2/1 1219/2/1
f 1224/2/1 1220/2/1 1223/2/1
f 1229/2/1 1226/2/1 1225/2/1
f 1230/2/1 1226/2/1 1229/2/1
f 1231/2/1 1228/2/1 1227/2/1
f 1232/2/1 1228/2/1 1231/2/1
f 1237/2/1 1234/2/1 1233/2/1
f 1238/2/1 1234/2/1 1237/2/1
f 1239/2/1 1236/2/1 1235/2/1
f 1240/2/1 1236/2/1 1239/2/1
f 1245/2/1 1242/2/1 1241/2/1
f 1246/2/1 1242/2/1 1245/2/1
f 1247/2/1 1244/2/1 1243/2/1
f 1248/2/1 1244/2/1 1247/2/1
f 1253/2/1 1250/2/1 1249/2/1
f 1254/2/1 1250/2/1 1253/2/1
f 1255/2/1 1252/2/1 1251/2/1
f 1256/2/1 1252/2/1 1255/2/1
f 1261/2/1 1258/2/1 1257/2/1
f 1262/2/1 1258/2/1 1261/2/1
f 1263/2/1 1260/2/1 1259/2/1
f 1264/2/1 1260/2/1 1263/2/1
f 1269/3/1 1266/3/1 1265/3/1
f 1270/3/1 1266/3/1 1269/3/1
f 1271/3/1 1268/3/1 1267/3/1
f 1272/3/1 1268/3/1 1271/3/1
f 1277/2/1 1274/2/1 1273/2/1
f 1278/2/1 1274/2/1 1277/2/1
f 1279/2/1 1276/2/1 1275/2/1
f 1280/2/1 1276/2/1 1279/2/1
f 1285/2/1 1282/2/1 1281/2/1
f 1286/2/1 1282/2/1 1285/2/1
f 1287/2/1 1284/2/1 1283/2/1
f 1288/2/1 1284/2/1 1287/2/1
f 1293/2/1 1290/2/1 1289/2/1
f 1294/2/1 1290/2/1 1293/2/1
f 1295/2/1 1292/2/1 1291/2/1
f 1296/2/1 1292/2/1 1295/2/1
f 1301/3/1 1298/3/1 1297/3/1
f 1302/3/1 1298/3/1 1301/3/1
f 1303/3/1 1300/3/1 1299/3/1
f 1304/3/1 1300/3/1 1303/3/1
f 1309/2/1 1306/2/1 1305/2/1
f 1310/2/1 1306/2/1 1309/2/1
f 1311/2/1 1308/2/1 1307/2/1
f 1312/2/1 1308/2/1 1311/2/1
f 1315/1/1 1314/1/1 1313/1/1
f 1316/1/1 1314/1/1 1315/1/1
f 1321/2/1 1318/2/1 1317/2/1
f 1322/2/1 1318/2/1 1321/2/1
f 1323/2/1 1320/2/1 1319/2/1
f 1324/2/1 1320/2/1 1323/2/1
f 1329/2/1 1326/2/1 1325/2/1
f 1330/2/1 1326/2/1 1329/2/1
f 1331/2/1 1328/2/1 1327/2/1
f 1332/2/1 1328/2/1 1331/2/1
f 1337/2/1 1334/2/1 1333/2/1
f 1338/2/1 1334/2/1 1337/2/1
f 1339/2/1 1336/2/1 1335/2/1
f 1340/2/1 1336/2/1 1339/2/1
f 1345/4/1 1342/4/1 1341/4/1
f 1346/4/1 1342/4/1 1345/4/1
f 1347/4/1 1344/4/1 1343/4/1
f 1348/4/1 1344/4/1 1347/4/1
f 1353/2/1 1350/2/1 1349/2/1
f 1354/2/1 1350/2/1 1353/2/1
f 1355/2/1 1352/2/1 1351/2/1
f 1356/2/1 1352/2/1 1355/2/1
f 1361/3/1 1358/3/1 1357/3/1
f 1362/3/1 1358/3/1 1361/3/1
f 1363/3/1 1360/3/1 1359/3/1
f 1364/3/1 1360/3/1 1363/3/1
f 1369/2/1 1366/2/1 1365/2/1
f 1370/2/1 1366/2/1 1369/2/1
f 1371/2/1 1368/2/1 1367/2/1
f 1372/2/1 1368/2/1 1371/2/1
f 1377/2/1 1374/2/1 1373/2/1
f 1378/2/1 1374/2/1 1377/2/1
f 1379/2/1 1376/2/1 1375/2/1
f 1380/2/1 1376/2/1 1379/2/1
f 1385/2/1 1382/2/1 1381/2/1
f 1386/2/1 1382/2/1 1385/2/1
f 1387/2/1 1384/2/1 1383/2/1
f 1388/2/1 1384/2/1 1387/2/1
f 1393/2/1 1390/2/1 1389/2/1
f 1394/2/1 1390/2/1 1393/2/1
f 1395/2/1 1392/2/1 1391/2/1
f 1396/2/1 1392/2/1 1395/2/1
f 1401/2/1 1398/2/1 1397/2/1
f 1402/2/1 1398/2/1 1401/2/1
f 1403/2/1 1400/2/1 1399/2/1
f 1404/2/1 1400/2/1 1403/2/1
f 1409/2/1 1406/2/1 1405/2/1
f 1410/2/1 1406/2/1 1409/2/1
f 1411/2/1 1408/2/1 1407/2/1
f 1412/2/1 1408/2/1 1411/2/1
f 1417/2/1 1414/2/1 1413/2/1
f 1418/2/1 1414/2/1 1417/2/1
f 1419/2/1 1416/2/1 1415/2/1
f 1420/2/1 1416/2/1 1419/2/1
f 1425/2/1 1422/2/1 1421/2/1
f 1426/2/1 1422/2/1 1425/2/1
f 1427/2/1 1424/2/1 1423/2/1
f 1428/2/1 1424/2/1 1427/2/1
f 1433/2/1 1430/2/1 1429/2/1
f 1434/2/1 1430/2/1 1433/2/1
f 1435/2/1 1432/2/1 1431/2/1
f 1436/2/1 1432/2/1 1435/2/1
f 1441/2/1 1438/2/1 1437/2/1
f 1442/2/1 1438/2/1 1441/2/1
f 1443/2/1 1440/2/1 1439/2/1
f 1444/2/1 1440/2/1 1443/2/1
f 1449/2/1 1446/2/1 1445/2/1
f 1450/2/1 1446/2/1 1449/2/1
f 1451/2/1 1448/2/1 1447/2/1
f 1452/2/1 1448/2/1 1451/2/1
f 1457/2/1 1454/2/1 1453/2/1
f 1458/2/1 1454/2/1 1457/2/1
f 1459/2/1 1456/2/1 1455/2/1
f 1460/2/1 1456/2/1 1459/2/1
f 1465/2/1 1462/2/1 1461/2/1
f 1466/2/1 1462/2/1 1465/2/1
f 1467/2/1 1464/2/1 1463/2/1
f 1468/2/1 1464/2/1 1467/2/1
f 1473/2/1 1470/2/1 1469/2/1
f 1474/2/1 1470/2/1 1473/2/1
f 1475/2/1 1472/2/1 1471/2/1
f 1476/2/1 1472/2/1 1475/2/1
f 1481/3/1 1478/3/1 1477/3/1
f 1482/3/1 1478/3/1 1481/3/1
f 1483/3/1 1480/3/1 1479/3/1
f 1484/3/1 1480/3/1 1483/3/1
f 1489/2/1 1486/2/1 1485/2/1
f 1490/2/1 1486/2/1 1489/2/1
f 1491/2/1 1488/2/1 1487/2/1
f 1492/2/1 1488/2/1 1491/2/1
f 1497/2/1 1494/2/1 1493/2/1
f 1498/2/1 1494/2/1 1497/2/1
f 1499/2/1 1496/2/1 1495/2/1
f 1500/2/1 1496/2/1 1499/2/1
f 1505/4/1 1502/4/1 1501/4/1
f 1506/4/1 1502/4/1 1505/4/1
f 1507/4/1 1504/4/1 1503/4/1
f 1508/4/1 1504/4/1 1507/4/1
f 1513/2/1 1510/2/1 1509/2/1
f 1514/2/1 1510/2/1 1513/2/1
f 1515/2/1 1512/2/1 1511/2/1
f 1516/2/1 1512/2/1 1515/2/1
f 1521/3/1 1518/3/1 1517/3/1
f 1522/3/1 1518/3/1 1521/3/1
f 1523/3/1 1520/3/1 1519/3/1
f 1524/3/1 1520/3/1 1523/3/1
f 1529/2/1 1526/2/1 1525/2/1
f 1530/2/1 1526/2/1 1529/2/1
f 1531/2/1 1528/2/1 1527/2/1
f 1532/2/1 1528/2/1 1531/2/1
f 1537/2/1 1534/2/1 1533/2/1
f 1538/2/1 1534/2/1 1537/2/1
f 1539/2/1 1536/2/1 1535/2/1
f 1540/2/1 1536/2/1 1539/2/1
f 1545/3/1 1542/3/1 1541/3/1
f 1546/3/1 1542/3/1 1545/3/1
f 1547/3/1 1544/3/1 1543/3/1
f 1548/3/1 1544/3/1 1547/3/1
f 1553/2/1 1550/2/1 1549/2/1
f 1554/2/1 1550/2/1 1553/2/1
f 1555/2/1 1552/2/1 1551/2/1
f 1556/2/1 1552/2/1 1555/2/1
f 1561/2/1 1558/2/1 1557/2/1
f 1562/2/1 1558/2/1 1561/2/1
f 1563/2/1 1560/2/1 1559/2/1
f 1564/2/1 1560/2/1 1563/2/1
f 1569/4/1 1566/4/1 1565/4/1
f 1570/4/1 1566/4/1 1569/4/1
f 1571/4/1 1568/4/1 1567/4/1
f 1572/4/1 1568/4/1 1571/4/1
f 1577/2/1 1574/2/1 1573/2/1
f 1578/2/1 1574/2/1 1577/2/1
f 1579/2/1 1576/2/1 1575/2/1
f 1580/2/1 1576/2/1 1579/2/1
f 1585/2/1 1582/2/1 1581/2/1
f 1586/2/1 1582/2/1 1585/2/1
f 1587/2/1 1584/2/1 1583/2/1
f 1588/2/1 1584/2/1 1587/2/1
f 1593/3/1 1590/3/1 1589/3/1
f 1594/3/1 1590/3/1 1593/3/1
f 1595/3/1 1592/3/1 1591/3/1
f 1596/3/1 1592/3/1 1595/3/1
f 1601/2/1 1598/2/1 1597/2/1
f 1602/2/1 1598/2/1 1601/2/1
f 1603/2/1 1600/2/1 1599/2/1
f 1604/2/1 1600/2/1 1603/2/1
f 1609/3/1 1606/3/1 1605/3/1
f 1610/3/1 1606/3/1 1609/3/1
f 1611/3/1 1608/3/1 1607/3/1
f 1612/3/1 1608/3/1 1611/3/1
f 1617/4/1 1614/4/1 1613/4/1
f 1618/4/1 1614/4/1 1617/4/1
f 1619/4/1 1616/4/1 1615/4/1
f 1620/4/1 1616/4/1 1619/4/1
f 1625/2/1 1622/2/1 1621/2/1
f 1626/2/1 1622/2/1 1625/2/1
f 1627/2/1 1624/2/1 1623/2/1
f 1628/2/1 1624/2/1 1627/2/1
f 1633/2/1 1630/2/1 1629/2/1
f 1634/2/1 1630/2/1 1633/2/1
f 1635/2/1 1632/2/1 1631/2/1
f 1636/2/1 1632/2/1 1635/2/1
f 1641/2/1 1638/2/1 1637/2/1
f 1642/2/1 1638/2/1 1641/2/1
f 1643/2/1 1640/2/1 1639/2/1
f 1644/2/1 1640/2/1 1643/2/1
f 1649/2/1 1646/2/1 1645/2/1
f 1650/2/1 1646/2/1 1649/2/1
f 1651/2/1 1648/2/1 1647/2/1
f 1652/2/1 1648/2/1 1651/2/1
f 1657/2/1 1654/2/1 1653/2/1
f 1658/2/1 1654/2/1 1657/2/1
f 1659/2/1 1656/2/1 1655/2/1
f 1660/2/1 1656/2/1 1659/2/1
f 1665/2/1 1662/2/1 1661/2/1
f 1666/2/1 1662/2/1 1665/2/1
f 1667/2/1 1664/2/1 1663/2/1
f 1668/2/1 1664/2/1 1667/2/1
f 1673/2/1 1670/2/1 1669/2/1
f 1674/2/1 1670/2/1 1673/2/1
f 1675/2/1 1672/2/1 1671/2/1
f 1676/2/1 1672/2/1 1675/2/1
f 1681/2/1 1678/2/1 1677/2/1
f 1682/2/1 1678/2/1 1681/2/1
f 1683/2/1 1680/2/1 1679/2/1
f 1684/2/1 1680/2/1 1683/2/1
f 1689/2/1 1686/2/1 1685/2/1
f 1690/2/1 1686/2/1 1689/2/1
f 1691/2/1 1688/2/1 1687/2/1
f 1692/2/1 1688/2/1 1691/2/1
f 1697/2/1 1694/2/1 1693/2/1
f 1698/2/1 1694/2/1 1697/2/1
f 1699/2/1 1696/2/1 1695/2/1
f 1700/2/1 1696/2/1 1699/2/1
f 1705/2/1 1702/2/1 1701/2/1
f 1706/2/1 1702/2/1 1705/2/1
f 1707/2/1 1704/2/1 1703/2/1
f 1708/2/1 1704/2/1 1707/2/1
f 1713/2/1 1710/2/1 1709/2/1
f 1714/2/1 1710/2/1 1713/2/1
f 1715/2/1 1712/2/1 1711/2/1
f 1716/2/1 1712/2/1 1715/2/1
f 1721/2/1 1718/2/1 1717/2/1
f 1722/2/1 1718/2/1 1721/2/1
f 1723/2/1 1720/2/1 1719/2/1
f 1724/2/1 1720/2/1 1723/2/1
f 1729/4/1 1726/4/1 1725/4/1
f 1730/4/1 1726/4/1 1729/4/1
f 1731/4/1 1728/4/1 1727/4/1
f 1732/4/1 1728/4/1 1731/4/1
f 1737/3/1 1734/3/1 1733/3/1
f 1738/3/1 1734/3/1 1737/3/1
f 1739/3/1 1736/3/1 1735/3/1
f 1740/3/1 1736/3/1 1739/3/1
f 1745/2/1 1742/2/1 1741/2/1
f 1746/2/1 1742/2/1 1745/2/1
f 1747/2/1 1744/2/1 1743/2/1
f 1748/2/1 1744/2/1 1747/2/1
f 1753/2/1 1750/2/1 1749/2/1
f 1754/2/1 1750/2/1 1753/2/1
f 1755/2/1 1752/2/1 1751/2/1
f 1756/2/1 1752/2/1 1755/2/1
f 1761/2/1 1758/2/1 1757/2/1
f 1762/2/1 1758/2/1 1761/2/1
f 1763/2/1 1760/2/1 1759/2/1
f 1764/2/1 1760/2/1 1763/2/1
f 1769/2/1 1766/2/1 1765/2/1
f 1770/2/1 1766/2/1 1769/2/1
f 1771/2/1 1768/2/1 1767/2/1
f 1772/2/1 1768/2/1 1771/2/1
f 1777/2/1 1774/2/1 1773/2/1
f 1778/2/1 1774/2/1 1777/2/1
f 1779/2/1 1776/2/1 1775/2/1
f 1780/2/1 1776/2/1 1779/2/1
f 1785/2/1 1782/2/1 1781/2/1
f 1786/2/1 1782/2/1 1785/2/1
f 1787/2/1 1784/2/1 1783/2/1
f 1788/2/1 1784/2/1 1787/2/1
f 1793/2/1 1790/2/1 1789/2/1
f 1794/2/1 1790/2/1 1793/2/1
f 1795/2/1 1792/2/1 1791/2/1
f 1796/2/1 1792/2/1 1795/2/1
f 1801/2/1 1798/2/1 1797/2/1
f 1802/2/1 1798/2/1 1801/2/1
f 1803/2/1 1800/2/1 1799/2/1
f 1804/2/1 1800/2/1 1803/2/1
f 1809/2/1 1806/2/1 1805/2/1
f 1810/2/1 1806/2/1 1809/2/1
f 1811/2/1 1808/2/1 1807/2/1
f 1812/2/1 1808/2/1 1811/2/1
f 1817/2/1 1814/2/1 1813/2/1
f 1818/2/1 1814/2/1 1817/2/1
f 1819/2/1 1816/2/1 1815/2/1
f 1820/2/1 1816/2/1 1819/2/1
f 1825/2/1 1822/2/1 1821/2/1
f 1826/2/1 1822/2/1 1825/2/1
f 1827/2/1 1824/2/1 1823/2/1
f 1828/2/1 1824/2/1 1827/2/1
f 1833/3/1 1830/3/1 1829/3/1
f 1834/3/1 1830/3/1 1833/3/1
f 1835/3/1 1832/3/1 1831/3/1
f 1836/3/1 1832/3/1 1835/3/1
f 1841/2/1 1838/2/1 1837/2/1
f 1842/2/1 1838/2/1 1841/2/1
f 1843/2/1 1840/2/1 1839/2/1
f 1844/2/1 1840/2/1 1843/2/1
f 1849/2/1 1846/2/1 1845/2/1
f 1850/2/1 1846/2/1 1849/2/1
f 1851/2/1 1848/2/1 1847/2/1
f 1852/2/1 1848/2/1 1851/2/1
f 1857/2/1 1854/2/1 1853/2/1
f 1858/2/1 1854/2/1 1857/2/1
f 1859/2/1 1856/2/1 1855/2/1
f 1860/2/1 1856/2/1 1859/2/1
f 1865/2/1 1862/2/1 1861/2/1
f 1866/2/1 1862/2/1 1865/2/1
f 1867/2/1 1864/2/1 1863/2/1
f 1868/2/1 1864/2/1 1867/2/1
f 1873/2/1 1870/2/1 1869/2/1
f 1874/2/1 1870/2/1 1873/2/1
f 1875/2/1 1872/2/1 1871/2/1
f 1876/2/1 1872/2/1 1875/2/1
f 1881/2/1 1878/2/1 1877/2/1
f 1882/2/1 1878/2/1 1881/2/1
f 1883/2/1 1880/2/1 1879/2/1
f 1884/2/1 1880/2/1 1883/2/1
f 1889/2/1 1886/2/1 1885/2/1
f 1890/2/1 1886/2/1 1889/2/1
f 1891/2/1 1888/2/1 1887/2/1
f 1892/2/1 1888/2/1 1891/2/1
f 1897/2/1 1894/2/1 1893/2/1
f 1898/2/1 1894/2/1 1897/2/1
f 1899/2/1 1896/2/1 1895/2/1
f 1900/2/1 1896/2/1 1899/2/1
f 1905/2/1 1902/2/1 1901/2/1
f 1906/2/1 1902/2/1 1905/2/1
f 1907/2/1 1904/2/1 1903/2/1
f 1908/2/1 1904/2/1 1907/2/1
f 1913/2/1 1910/2/1 1909/2/1
f 1914/2/1 1910/2/1 1913/2/1
f 1915/2/1 1912/2/1 1911/2/1
f 1916/2/1 1912/2/1 1915/2/1
f 1921/2/1 1918/2/1 1917/2/1
f 1922/2/1 1918/2/1 1921/2/1
f 1923/2/1 1920/2/1 1919/2/1
f 1924/2/1 1920/2/1 1923/2/1
f 1929/2/1 1926/2/1 1925/2/1
f 1930/2/1 1926/2/1 1929/2/1
f 1931/2/1 1928/2/1 1927/2/1
f 1932/2/1 1928/2/1 1931/2/1
f 1937/2/1 1934/2/1 1933/2/1
f 1938/2/1 1934/2/1 1937/2/1
f 1939/2/1 1936/2/1 1935/2/1
f 1940/2/1 1936/2/1 1939/2/1
f 1945/2/1 1942/2/1 1941/2/1
f 1946/2/1 1942/2/1 1945/2/1
f 1947/2/1 1944/2/1 1943/2/1
f 1948/2/1 1944/2/1 1947/2/1
f 1953/3/1 1950/3/1 1949/3/1
f 1954/3/1 1950/3/1 1953/3/1
f 1955/3/1 1952/3/1 1951/3/1
f 1956/3/1 1952/3/1 1955/3/1
f 1961/2/1 1958/2/1 1957/2/1
f 1962/2/1 1958/2/1 1961/2/1
f 1963/2/1 1960/2/1 1959/2/1
f 1964/2/1 1960/2/1 1963/2/1
f 1969/2/1 1966/2/1 1965/2/1
f 1970/2/1 1966/2/1 1969/2/1
f 1971/2/1 1968/2/1 1967/2/1
f 1972/2/1 1968/2/1 1971/2/1
f 1977/4/1 1974/4/1 1973/4/1
f 1978/4/1 1974/4/1 1977/4/1
f 1979/4/1 1976/4/1 1975/4/1
f 1980/4/1 1976/4/1 1979/4/1
f 1985/2/1 1982/2/1 1981/2/1
f 1986/2/1 1982/2/1 1985/2/1
f 1987/2/1 1984/2/1 1983/2/1
f 1988/2/1 1984/2/1 1987/2/1
f 1993/2/1 1990/2/1 1989/2/1
f 1994/2/1 1990/2/1 1993/2/1
f 1995/2/1 1992/2/1 1991/2/1
f 1996/2/1 1992/2/1 1995/2/1
f 2001/2/1 1998/2/1 1997/2/1
f 2002/2/1 1998/2/1 2001/2/1
f 2003/2/1 2000/2/1 1999/2/1
f 2004/2/1 2000/2/1 2003/2/1
f 2009/2/1 2006/2/1 2005/2/1
f 2010/2/1 2006/2/1 2009/2/1
f 2011/2/1 2008/2/1 2007/2/1
f 2012/2/1 2008/2/1 2011/2/1
f 2017/3/1 2014/3/1 2013/3/1
f 2018/3/1 2014/3/1 2017/3/1
f 2019/3/1 2016/3/1 2015/3/1
f 2020/3/1 2016/3/1 2019/3/1
f 2025/3/1 2022/3/1 2021/3/1
f 2026/3/1 2022/3/1 2025/3/1
f 2027/3/1 2024/3/1 2023/3/1
f 2028/3/1 2024/3/1 2027/3/1
f 2033/3/1 2030/3/1 2029/3/1
f 2034/3/1 2030/3/1 2033/3/1
f 2035/3/1 2032/3/1 2031/3/1
f 2036/3/1 2032/3/1 2035/3/1
f 2041/2/1 2038/2/1 2037/2/1
f 2042/2/1 2038/2/1 2041/2/1
f 2043/2/1 2040/2/1 2039/2/1
f 2044/2/1 2040/2/1 2043/2/1
f 2049/2/1 2046/2/1 2045/2/1
f 2050/2/1 2046/2/1 2049/2/1
f 2051/2/1 2048/2/1 2047/2/1
f 2052/2/1 2048/2/1 2051/2/1
f 2057/2/1 2054/2/1 2053/2/1
f 2058/2/1 2054/2/1 2057/2/1
f 2059/2/1 2056/2/1 2055/2/1
f 2060/2/1 2056/2/1 2059/2/1
f 2065/2/1 2062/2/1 2061/2/1
f 2066/2/1 2062/2/1 2065/2/1
f 2067/2/1 2064/2/1 2063/2/1
f 2068/2/1 2064/2/1 2067/2/1
f 2073/3/1 2070/3/1 2069/3/1
f 2074/3/1 2070/3/1 2073/3/1
f 2075/3/1 2072/3/1 2071/3/1
f 2076/3/1 2072/3/1 2075/3/1
f 2081/2/1 2078/2/1 2077/2/1
f 2082/2/1 2078/2/1 2081/2/1
f 2083/2/1 2080/2/1 2079/2/1
f 2084/2/1 2080/2/1 2083/2/1
f 2089/2/1 2086/2/1 2085/2/1
f 2090/2/1 2086/2/1 2089/2/1
f 2091/2/1 2088/2/1 2087/2/1
f 2092/2/1 2088/2/1 2091/2/1
f 2097/2/1 2094/2/1 2093/2/1
f 2098/2/1 2094/2/1 2097/2/1
f 2099/2/1 2096/2/1 2095/2/1
f 2100/2/1 2096/2/1 2099/2/1
f 2105/2/1 2102/2/1 2101/2/1
f 2106/2/1 2102/2/1 2105/2/1
f 2107/2/1 2104/2/1 2103/2/1
f 2108/2/1 2104/2/1 2107/2/1
f 2113/2/1 2110/2/1 2109/2/1
f 2114/2/1 2110/2/1 2113/2/1
f 2115/2/1 2112/2/1 2111/2/1
f 2116/2/1 2112/2/1 2115/2/1
f 2121/2/1 2118/2/1 2117/2/1
f 2122/2/1 2118/2/1 2121/2/1
f 2123/2/1 2120/2/1 2119/2/1
f 2124/2/1 2120/2/1 2123/2/1
f 2129/2/1 2126/2/1 2125/2/1
f 2130/2/1 2126/2/1 2129/2/1
f 2131/2/1 2128/2/1 2127/2/1
f 2132/2/1 2128/2/1 2131/2/1
f 2137/2/1 2134/2/1 2133/2/1
f 2138/2/1 2134/2/1 2137/2/1
f 2139/2/1 2136/2/1 2135/2/1
f 2140/2/1 2136/2/1 2139/2/1
f 2145/2/1 2142/2/1 2141/2/1
f 2146/2/1 2142/2/1 2145/2/1
f 2147/2/1 2144/2/1 2143/2/1
f 2148/2/1 2144/2/1 2147/2/1
f 2153/2/1 2150/2/1 2149/2/1
f 2154/2/1 2150/2/1 2153/2/1
f 2155/2/1 2152/2/1 2151/2/1
f 2156/2/1 2152/2/1 2155/2/1
f 2161/3/1 2158/3/1 2157/3/1
f 2162/3/1 2158/3/1 2161/3/1
f 2163/3/1 2160/3/1 2159/3/1
f 2164/3/1 2160/3/1 2163/3/1
f 2169/2/1 2166/2/1 2165/2/1
f 2170/2/1 2166/2/1 2169/2/1
f 2171/2/1 2168/2/1 2167/2/1
f 2172/2/1 2168/2/1 2171/2/1
f 2177/2/1 2174/2/1 2173/2/1
f 2178/2/1 2174/2/1 2177/2/1
f 2179/2/1 2176/2/1 2175/2/1
f 2180/2/1 2176/2/1 2179/2/1
f 2185/2/1 2182/2/1 2181/2/1
f 2186/2/1 2182/2/1 2185/2/1
f 2187/2/1 2184/2/1 2183/2/1
f 2188/2/1 2184/2/1 2187/2/1
f 2193/4/1 2190/4/1 2189/4/1
f 2194/4/1 2190/4/1 2193/4/1
f 2195/4/1 2192/4/1 2191/4/1
f 2196/4/1 2192/4/1 2195/4/1
f 2201/2/1 2198/2/1 2197/2/1
f 2202/2/1 2198/2/1 2201/2/1
f 2203/2/1 2200/2/1 2199/2/1
f 2204/2/1 2200/2/1 2203/2/1
f 2209/2/1 2206/2/1 2205/2/1
f 2210/2/1 2206/2/1 2209/2/1
f 2211/2/1 2208/2/1 2207/2/1
f 2212/2/1 2208/2/1 2211/2/1
f 2217/2/1 2214/2/1 2213/2/1
f 2218/2/1 2214/2/1 2217/2/1
f 2219/2/1 2216/2/1 2215/2/1
f 2220/2/1 2216/2/1 2219/2/1
f 2225/2/1 2222/2/1 2221/2/1
f 2226/2/1 2222/2/1 2225/2/1
f 2227/2/1 2224/2/1 2223/2/1
f 2228/2/1 2224/2/1 2227/2/1
f 2233/2/1 2230/2/1 2229/2/1
f 2234/2/1 2230/2/1 2233/2/1
f 2235/2/1 2232/2/1 2231/2/1
f 2236/2/1 2232/2/1 2235/2/1
f 2241/3/1 2238/3/1 2237/3/1
f 2242/3/1 2238/3/1 2241/3/1
f 2243/3/1 2240/3/1 2239/3/1
f 2244/3/1 2240/3/1 2243/3/1
f 2249/2/1 2246/2/1 2245/2/1
f 2250/2/1 2246/2/1 2249/2/1
f 2251/2/1 2248/2/1 2247/2/1
f 2252/2/1 2248/2/1 2251/2/1
f 2257/2/1 2254/2/1 2253/2/1
f 2258/2/1 2254/2/1 2257/2/1
f 2259/2/1 2256/2/1 2255/2/1
f 2260/2/1 2256/2/1 2259/2/1
f 2265/2/1 2262/2/1 2261/2/1
f 2266/2/1 2262/2/1 2265/2/1
f 2267/2/1 2264/2/1 2263/2/1
f 2268/2/1 2264/2/1 2267/2/1
f 2273/3/1 2270/3/1 2269/3/1
f 2274/3/1 2270/3/1 2273/3/1
f 2275/3/1 2272/3/1 2271/3/1
f 2276/3/1 2272/3/1 2275/3/1
f 2281/2/1 2278/2/1 2277/2/1
f 2282/2/1 2278/2/1 2281/2/1
f 2283/2/1 2280/2/1 2279/2/1
f 2284/2/1 2280/2/1 2283/2/1
f 2289/2/1 2286/2/1 2285/2/1
f 2290/2/1 2286/2/1 2289/2/1
f 2291/2/1 2288/2/1 2287/2/1
f 2292/2/1 2288/2/1 2291/2/1
f 2297/2/1 2294/2/1 2293/2/1
f 2298/2/1 2294/2/1 2297/2/1
f 2299/2/1 2296/2/1 2295/2/1
f 2300/2/1 2296/2/1 2299/2/1
f 2305/2/1 2302/2/1 2301/2/1
f 2306/2/1 2302/2/1 2305/2/1
f 2307/2/1 2304/2/1 2303/2/1
f 2308/2/1 2304/2/1 2307/2/1
f 2313/2/1 2310/2/1 2309/2/1
f 2314/2/1 2310/2/1 2313/2/1
f 2315/2/1 2312/2/1 2311/2/1
f 2316/2/1 2312/2/1 2315/2/1
f 2321/2/1 2318/2/1 2317/2/1
f 2322/2/1 2318/2/1 2321/2/1
f 2323/2/1 2320/2/1 2319/2/1
f 2324/2/1 2320/2/1 2323/2/1
f 2329/3/1 2326/3/1 2325/3/1
f 2330/3/1 2326/3/1 2329/3/1
f 2331/3/1 2328/3/1 2327/3/1
f 2332/3/1 2328/3/1 2331/3/1
f 2337/2/1 2334/2/1 2333/2/1
f 2338/2/1 2334/2/1 2337/2/1
f 2339/2/1 2336/2/1 2335/2/1
f 2340/2/1 2336/2/1 2339/2/1
f 2345/2/1 2342/2/1 2341/2/1
f 2346/2/1 2342/2/1 2345/2/1
f 2347/2/1 2344/2/1 2343/2/1
f 2348/2/1 2344/2/1 2347/2/1
f 2353/2/1 2350/2/1 2349/2/1
f 2354/2/1 2350/2/1 2353/2/1
f 2355/2/1 2352/2/1 2351/2/1
f 2356/2/1 2352/2/1 2355/2/1
f 2361/2/1 2358/2/1 2357/2/1
f 2362/2/1 2358/2/1 2361/2/1
f 2363/2/1 2360/2/1 2359/2/1
f 2364/2/1 2360/2/1 2363/2/1
f 2369/2/1 2366/2/1 2365/2/1
f 2370/2/1 2366/2/1 2369/2/1
f 2371/2/1 2368/2/1 2367/2/1
f 2372/2/1 2368/2/1 2371/2/1
f 2377/2/1 2374/2/1 2373/2/1
f 2378/2/1 2374/2/1 2377/2/1
f 2379/2/1 2376/2/1 2375/2/1
f 2380/2/1 2376/2/1 2379/2/1
f 2385/2/1 2382/2/1 2381/2/1
f 2386/2/1 2382/2/1 2385/2/1
f 2387/2/1 2384/2/1 2383/2/1
f 2388/2/1 2384/2/1 2387/2/1
f 2393/2/1 2390/2/1 2389/2/1
f 2394/2/1 2390/2/1 2393/2/1
f 2395/2/1 2392/2/1 2391/2/1
f 2396/2/1 2392/2/1 2395/2/1
f 2401/2/1 2398/2/1 2397/2/1
f 2402/2/1 2398/2/1 2401/2/1
f 2403/2/1 2400/2/1 2399/2/1
f 2404/2/1 2400/2/1 2403/2/1
f 2409/2/1 2406/2/1 2405/2/1
f 2410/2/1 2406/2/1 2409/2/1
f 2411/2/1 2408/2/1 2407/2/1
f 2412/2/1 2408/2/1 2411/2/1
f 2417/2/1 2414/2/1 2413/2/1
f 2418/2/1 2414/2/1 2417/2/1
f 2419/2/1 2416/2/1 2415/2/1
f 2420/2/1 2416/2/1 2419/2/1
f 2425/2/1 2422/2/1 2421/2/1
f 2426/2/1 2422/2/1 2425/2/1
f 2427/2/1 2424/2/1 2423/2/1
f 2428/2/1 2424/2/1 2427/2/1
f 2433/2/1 2430/2/1 2429/2/1
f 2434/2/1 2430/2/1 2433/2/1
f 2435/2/1 2432/2/1 2431/2/1
f 2436/2/1 2432/2/1 2435/2/1
f 2441/2/1 2438/2/1 2437/2/1
f 2442/2/1 2438/2/1 2441/2/1
f 2443/2/1 2440/2/1 2439/2/1
f 2444/2/1 2440/2/1 2443/2/1
f 2449/2/1 2446/2/1 2445/2/1
f 2450/2/1 2446/2/1 2449/2/1
f 2451/2/1 2448/2/1 2447/2/1
f 2452/2/1 2448/2/1 2451/2/1
f 2457/2/1 2454/2/1 2453/2/1
f 2458/2/1 2454/2/1 2457/2/1
f 2459/2/1 2456/2/1 2455/2/1
f 2460/2/1 2456/2/1 2459/2/1
f 2465/2/1 2462/2/1 2461/2/1
f 2466/2/1 2462/2/1 2465/2/1
f 2467/2/1 2464/2/1 2463/2/1
f 2468/2/1 2464/2/1 2467/2/1
f 2473/2/1 2470/2/1 2469/2/1
f 2474/2/1 2470/2/1 2473/2/1
f 2475/2/1 2472/2/1 2471/2/1
f 2476/2/1 2472/2/1 2475/2/1
f 2481/2/1 2478/2/1 2477/2/1
f 2482/2/1 2478/2/1 2481/2/1
f 2483/2/1 2480/2/1 2479/2/1
f 2484/2/1 2480/2/1 2483/2/1
f 2489/2/1 2486/2/1 2485/2/1
f 2490/2/1 2486/2/1 2489/2/1
f 2491/2/1 2488/2/1 2487/2/1
f 2492/2/1 2488/2/1 2491/2/1
f 2497/2/1 2494/2/1 2493/2/1
f 2498/2/1 2494/2/1 2497/2/1
f 2499/2/1 2496/2/1 2495/2/1
f 2500/2/1 2496/2/1 2499/2/1
f 2505/2/1 2502/2/1 2501/2/1
f 2506/2/1 2502/2/1 2505/2/1
f 2507/2/1 2504/2/1 2503/2/1
f 2508/2/1 2504/2/1 2507/2/1
f 2513/2/1 2510/2/1 2509/2/1
f 2514/2/1 2510/2/1 2513/2/1
f 2515/2/1 2512/2/1 2511/2/1
f 2516/2/1 2512/2/1 2515/2/1
f 2521/2/1 2518/2/1 2517/2/1
f 2522/2/1 2518/2/1 2521/2/1
f 2523/2/1 2520/2/1 2519/2/1
f 2524/2/1 2520/2/1 2523/2/1
f 2529/4/1 2526/4/1 2525/4/1
f 2530/4/1 2526/4/1 2529/4/1
f 2531/4/1 2528/4/1 2527/4/1
f 2532/4/1 2528/4/1 2531/4/1
f 2535/2/1 2534/2/1 2533/2/1
f 2536/2/1 2534/2/1 2535/2/1
f 2541/3/1 2538/3/1 2537/3/1
f 2542/3/1 2538/3/1 2541/3/1
f 2543/3/1 2540/3/1 2539/3/1
f 2544/3/1 2540/3/1 2543/3/1
f 2549/2/1 2546/2/1 2545/2/1
f 2550/2/1 2546/2/1 2549/2/1
f 2551/2/1 2548/2/1 2547/2/1
f 2552/2/1 2548/2/1 2551/2/1
f 2557/2/1 2554/2/1 2553/2/1
f 2558/2/1 2554/2/1 2557/2/1
f 2559/2/1 2556/2/1 2555/2/1
f 2560/2/1 2556/2/1 2559/2/1
f 2565/2/1 2562/2/1 2561/2/1
f 2566/2/1 2562/2/1 2565/2/1
f 2567/2/1 2564/2/1 2563/2/1
f 2568/2/1 2564/2/1 2567/2/1
f 2573/2/1 2570/2/1 2569/2/1
f 2574/2/1 2570/2/1 2573/2/1
f 2575/2/1 2572/2/1 2571/2/1
f 2576/2/1 2572/2/1 2575/2/1
f 2581/2/1 2578/2/1 2577/2/1
f 2582/2/1 2578/2/1 2581/2/1
f 2583/2/1 2580/2/1 2579/2/1
f 2584/2/1 2580/2/1 2583/2/1
f 2589/2/1 2586/2/1 2585/2/1
f 2590/2/1 2586/2/1 2589/2/1
f 2591/2/1 2588/2/1 2587/2/1
f 2592/2/1 2588/2/1 2591/2/1
f 2597/2/1 2594/2/1 2593/2/1
f 2598/2/1 2594/2/1 2597/2/1
f 2599/2/1 2596/2/1 2595/2/1
f 2600/2/1 2596/2/1 2599/2/1
f 2605/2/1 2602/2/1 2601/2/1
f 2606/2/1 2602/2/1 2605/2/1
f 2607/2/1 2604/2/1 2603/2/1
f 2608/2/1 2604/2/1 2607/2/1
f 2613/2/1 2610/2/1 2609/2/1
f 2614/2/1 2610/2/1 2613/2/1
f 2615/2/1 2612/2/1 2611/2/1
f 2616/2/1 2612/2/1 2615/2/1
f 2621/3/1 2618/3/1 2617/3/1
f 2622/3/1 2618/3/1 2621/3/1
f 2623/3/1 2620/3/1 2619/3/1
f 2624/3/1 2620/3/1 2623/3/1
f 2629/2/1 2626/2/1 2625/2/1
f 2630/2/1 2626/2/1 2629/2/1
f 2631/2/1 2628/2/1 2627/2/1
f 2632/2/1 2628/2/1 2631/2/1
f 2637/2/1 2634/2/1 2633/2/1
f 2638/2/1 2634/2/1 2637/2/1
f 2639/2/1 2636/2/1 2635/2/1
f 2640/2/1 2636/2/1 2639/2/1
f 2645/2/1 2642/2/1 2641/2/1
f 2646/2/1 2642/2/1 2645/2/1
f 2647/2/1 2644/2/1 2643/2/1
f 2648/2/1 2644/2/1 2647/2/1
f 2653/2/1 2650/2/1 2649/2/1
f 2654/2/1 2650/2/1 2653/2/1
f 2655/2/1 2652/2/1 2651/2/1
f 2656/2/1 2652/2/1 2655/2/1
f 2661/2/1 2658/2/1 2657/2/1
f 2662/2/1 2658/2/1 2661/2/1
f 2663/2/1 2660/2/1 2659/2/1
f 2664/2/1 2660/2/1 2663/2/1
f 2669/4/1 2666/4/1 2665/4/1
f 2670/4/1 2666/4/1 2669/4/1
f 2671/4/1 2668/4/1 2667/4/1
f 2672/4/1 2668/4/1 2671/4/1
f 2677/2/1 2674/2/1 2673/2/1
f 2678/2/1 2674/2/1 2677/2/1
f 2679/2/1 2676/2/1 2675/2/1
f 2680/2/1 2676/2/1 2679/2/1
f 2685/2/1 2682/2/1 2681/2/1
f 2686/2/1 2682/2/1 2685/2/1
f 2687/2/1 2684/2/1 2683/2/1
f 2688/2/1 2684/2/1 2687/2/1
f 2693/2/1 2690/2/1 2689/2/1
f 2694/2/1 2690/2/1 2693/2/1
f 2695/2/1 2692/2/1 2691/2/1
f 2696/2/1 2692/2/1 2695/2/1
f 2701/2/1 2698/2/1 2697/2/1
f 2702/2/1 2698/2/1 2701/2/1
f 2703/2/1 2700/2/1 2699/2/1
f 2704/2/1 2700/2/1 2703/2/1
f 2709/2/1 2706/2/1 2705/2/1
f 2710/2/1 2706/2/1 2709/2/1
f 2711/2/1 2708/2/1 2707/2/1
f 2712/2/1 2708/2/1 2711/2/1
f 2717/2/1 2714/2/1 2713/2/1
f 2718/2/1 2714/2/1 2717/2/1
f 2719/2/1 2716/2/1 2715/2/1
f 2720/2/1 2716/2/1 2719/2/1
f 2725/2/1 2722/2/1 2721/2/1
f 2726/2/1 2722/2/1 2725/2/1
f 2727/2/1 2724/2/1 2723/2/1
f 2728/2/1 2724/2/1 2727/2/1
f 2733/2/1 2730/2/1 2729/2/1
f 2734/2/1 2730/2/1 2733/2/1
f 2735/2/1 2732/2/1 2731/2/1
f 2736/2/1 2732/2/1 2735/2/1
f 2741/2/1 2738/2/1 2737/2/1
f 2742/2/1 2738/2/1 2741/2/1
f 2743/2/1 2740/2/1 2739/2/1
f 2744/2/1 2740/2/1 2743/2/1
f 2749/3/1 2746/3/1 2745/3/1
f 2750/3/1 2746/3/1 2749/3/1
f 2751/3/1 2748/3/1 2747/3/1
f 2752/3/1 2748/3/1 2751/3/1
f 2757/3/1 2754/3/1 2753/3/1
f 2758/3/1 2754/3/1 2757/3/1
f 2759/3/1 2756/3/1 2755/3/1
f 2760/3/1 2756/3/1 2759/3/1
f 2765/2/1 2762/2/1 2761/2/1
f 2766/2/1 2762/2/1 2765/2/1
f 2767/2/1 2764/2/1 2763/2/1
f 2768/2/1 2764/2/1 2767/2/1
f 2773/3/1 2770/3/1 2769/3/1
f 2774/3/1 2770/3/1 2773/3/1
f 2775/3/1 2772/3/1 2771/3/1
f 2776/3/1 2772/3/1 2775/3/1
f 2781/2/1 2778/2/1 2777/2/1
f 2782/2/1 2778/2/1 2781/2/1
f 2783/2/1 2780/2/1 2779/2/1
f 2784/2/1 2780/2/1 2783/2/1
f 2789/2/1 2786/2/1 2785/2/1
f 2790/2/1 2786/2/1 2789/2/1
f 2791/2/1 2788/2/1 2787/2/1
f 2792/2/1 2788/2/1 2791/2/1
f 2797/2/1 2794/2/1 2793/2/1
f 2798/2/1 2794/2/1 2797/2/1
f 2799/2/1 2796/2/1 2795/2/1
f 2800/2/1 2796/2/1 2799/2/1
f 2805/2/1 2802/2/1 2801/2/1
f 2806/2/1 2802/2/1 2805/2/1
f 2807/2/1 2804/2/1 2803/2/1
f 2808/2/1 2804/2/1 2807/2/1
f 2813/3/1 2810/3/1 2809/3/1
f 2814/3/1 2810/3/1 2813/3/1
f 2815/3/1 2812/3/1 2811/3/1
f 2816/3/1 2812/3/1 2815/3/1
f 2821/2/1 2818/2/1 2817/2/1
f 2822/2/1 2818/2/1 2821/2/1
f 2823/2/1 2820/2/1 2819/2/1
f 2824/2/1 2820/2/1 2823/2/1
f 2829/2/1 2826/2/1 2825/2/1
f 2830/2/1 2826/2/1 2829/2/1
f 2831/2/1 2828/2/1 2827/2/1
f 2832/2/1 2828/2/1 2831/2/1
f 2837/2/1 2834/2/1 2833/2/1
f 2838/2/1 2834/2/1 2837/2/1
f 2839/2/1 2836/2/1 2835/2/1
f 2840/2/1 2836/2/1 2839/2/1
f 2845/2/1 2842/2/1 2841/2/1
f 2846/2/1 2842/2/1 2845/2/1
f 2847/2/1 2844/2/1 2843/2/1
f 2848/2/1 2844/2/1 2847/2/1
f 2853/2/1 2850/2/1 2849/2/1
f 2854/2/1 2850/2/1 2853/2/1
f 2855/2/1 2852/2/1 2851/2/1
f 2856/2/1 2852/2/1 2855/2/1
f 2861/2/1 2858/2/1 2857/2/1
f 2862/2/1 2858/2/1 2861/2/1
f 2863/2/1 2860/2/1 2859/2/1
f 2864/2/1 2860/2/1 2863/2/1
f 2869/2/1 2866/2/1 2865/2/1
f 2870/2/1 2866/2/1 2869/2/1
f 2871/2/1 2868/2/1 2867/2/1
f 2872/2/1 2868/2/1 2871/2/1
f 2875/1/1 2874/1/1 2873/1/1
f 2876/1/1 2874/1/1 2875/1/1
f 2881/2/1 2878/2/1 2877/2/1
f 2882/2/1 2878/2/1 2881/2/1
f 2883/2/1 2880/2/1 2879/2/1
f 2884/2/1 2880/2/1 2883/2/1
f 2889/2/1 2886/2/1 2885/2/1
f 2890/2/1 2886/2/1 2889/2/1
f 2891/2/1 2888/2/1 2887/2/1
f 2892/2/1 2888/2/1 2891/2/1
f 2897/2/1 2894/2/1 2893/2/1
f 2898/2/1 2894/2/1 2897/2/1
f 2899/2/1 2896/2/1 2895/2/1
f 2900/2/1 2896/2/1 2899/2/1
f 2905/2/1 2902/2/1 2901/2/1
f 2906/2/1 2902/2/1 2905/2/1
f 2907/2/1 2904/2/1 2903/2/1
f 2908/2/1 2904/2/1 2907/2/1
f 2913/2/1 2910/2/1 2909/2/1
f 2914/2/1 2910/2/1 2913/2/1
f 2915/2/1 2912/2/1 2911/2/1
f 2916/2/1 2912/2/1 2915/2/1
f 2921/2/1 2918/2/1 2917/2/1
f 2922/2/1 2918/2/1 2921/2/1
f 2923/2/1 2920/2/1 2919/2/1
f 2924/2/1 2920/2/1 2923/2/1
f 2929/2/1 2926/2/1 2925/2/1
f 2930/2/1 2926/2/1 2929/2/1
f 2931/2/1 2928/2/1 2927/2/1
f 2932/2/1 2928/2/1 2931/2/1
f 2937/2/1 2934/2/1 2933/2/1
f 2938/2/1 2934/2/1 2937/2/1
f 2939/2/1 2936/2/1 2935/2/1
f 2940/2/1 2936/2/1 2939/2/1
f 2945/2/1 2942/2/1 2941/2/1
f 2946/2/1 2942/2/1 2945/2/1
f 2947/2/1 2944/2/1 2943/2/1
f 2948/2/1 2944/2/1 2947/2/1
f 2953/2/1 2950/2/1 2949/2/1
f 2954/2/1 2950/2/1 2953/2/1
f 2955/2/1 2952/2/1 2951/2/1
f 2956/2/1 2952/2/1 2955/2/1
f 2961/2/1 2958/2/1 2957/2/1
f 2962/2/1 2958/2/1 2961/2/1
f 2963/2/1 2960/2/1 2959/2/1
f 2964/2/1 2960/2/1 2963/2/1
f 2969/2/1 2966/2/1 2965/2/1
f 2970/2/1 2966/2/1 2969/2/1
f 2971/2/1 2968/2/1 2967/2/1
f 2972/2/1 2968/2/1 2971/2/1
f 2977/2/1 2974/2/1 2973/2/1
f 2978/2/1 2974/2/1 2977/2/1
f 2979/2/1 2976/2/1 2975/2/1
f 2980/2/1 2976/2/1 2979/2/1
f 2985/2/1 2982/2/1 2981/2/1
f 2986/2/1 2982/2/1 2985/2/1
f 2987/2/1 2984/2/1 2983/2/1
f 2988/2/1 2984/2/1 2987/2/1
f 2993/2/1 2990/2/1 2989/2/1
f 2994/2/1 2990/2/1 2993/2/1
f 2995/2/1 2992/2/1 2991/2/1
f 2996/2/1 2992/2/1 2995/2/1
f 3001/2/1 2998/2/1 2997/2/1
f 3002/2/1 2998/2/1 3001/2/1
f 3003/2/1 3000/2/1 2999/2/1
f 3004/2/1 3000/2/1 3003/2/1
f 3009/2/1 3006/2/1 3005/2/1
f 3010/2/1 3006/2/1 3009/2/1
f 3011/2/1 3008/2/1 3007/2/1
f 3012/2/1 3008/2/1 3011/2/1
f 3017/2/1 3014/2/1 3013/2/1
f 3018/2/1 3014/2/1 3017/2/1
f 3019/2/1 3016/2/1 3015/2/1
f 3020/2/1 3016/2/1 3019/2/1
f 3025/2/1 3022/2/1 3021/2/1
f 3026/2/1 3022/2/1 3025/2/1
f 3027/2/1 3024/2/1 3023/2/1
f 3028/2/1 3024/2/1 3027/2/1
f 3033/2/1 3030/2/1 3029/2/1
f 3034/2/1 3030/2/1 3033/2/1
f 3035/2/1 3032/2/1 3031/2/1
f 3036/2/1 3032/2/1 3035/2/1
f 3041/3/1 3038/3/1 3037/3/1
f 3042/3/1 3038/3/1 3041/3/1
f 3043/3/1 3040/3/1 3039/3/1
f 3044/3/1 3040/3/1 3043/3/1
f 3049/2/1 3046/2/1 3045/2/1
f 3050/2/1 3046/2/1 3049/2/1
f 3051/2/1 3048/2/1 3047/2/1
f 3052/2/1 3048/2/1 3051/2/1
f 3057/3/1 3054/3/1 3053/3/1
f 3058/3/1 3054/3/1 3057/3/1
f 3059/3/1 3056/3/1 3055/3/1
f 3060/3/1 3056/3/1 3059/3/1
f 3065/2/1 3062/2/1 3061/2/1
f 3066/2/1 3062/2/1 3065/2/1
f 3067/2/1 3064/2/1 3063/2/1
f 3068/2/1 3064/2/1 3067/2/1
f 3073/2/1 3070/2/1 3069/2/1
f 3074/2/1 3070/2/1 3073/2/1
f 3075/2/1 3072/2/1 3071/2/1
f 3076/2/1 3072/2/1 3075/2/1
f 3081/2/1 3078/2/1 3077/2/1
f 3082/2/1 3078/2/1 3081/2/1
f 3083/2/1 3080/2/1 3079/2/1
f 3084/2/1 3080/2/1 3083/2/1
f 3089/2/1 3086/2/1 3085/2/1
f 3090/2/1 3086/2/1 3089/2/1
f 3091/2/1 3088/2/1 3087/2/1
f 3092/2/1 3088/2/1 3091/2/1
f 3097/2/1 3094/2/1 3093/2/1
f 3098/2/1 3094/2/1 3097/2/1
f 3099/2/1 3096/2/1 3095/2/1
f 3100/2/1 3096/2/1 3099/2/1
f 3105/2/1 3102/2/1 3101/2/1
f 3106/2/1 3102/2/1 3105/2/1
f 3107/2/1 3104/2/1 3103/2/1
f 3108/2/1 3104/2/1 3107/2/1
f 3113/2/1 3110/2/1 3109/2/1
f 3114/2/1 3110/2/1 3113/2/1
f 3115/2/1 3112/2/1 3111/2/1
f 3116/2/1 3112/2/1 3115/2/1
f 3121/2/1 3118/2/1 3117/2/1
f 3122/2/1 3118/2/1 3121/2/1
f 3123/2/1 3120/2/1 3119/2/1
f 3124/2/1 3120/2/1 3123/2/1
f 3129/2/1 3126/2/1 3125/2/1
f 3130/2/1 3126/2/1 3129/2/1
f 3131/2/1 3128/2/1 3127/2/1
f 3132/2/1 3128/2/1 3131/2/1
f 3135/2/1 3134/2/1 3133/2/1
f 3136/2/1 3134/2/1 3135/2/1
f 3141/2/1 3138/2/1 3137/2/1
f 3142/2/1 3138/2/1 3141/2/1
f 3143/2/1 3140/2/1 3139/2/1
f 3144/2/1 3140/2/1 3143/2/1
f 3149/2/1 3146/2/1 3145/2/1
f 3150/2/1 3146/2/1 3149/2/1
f 3151/2/1 3148/2/1 3147/2/1
f 3152/2/1 3148/2/1 3151/2/1
f 3157/2/1 3154/2/1 3153/2/1
f 3158/2/1 3154/2/1 3157/2/1
f 3159/2/1 3156/2/1 3155/2/1
f 3160/2/1 3156/2/1 3159/2/1
f 3165/3/1 3162/3/1 3161/3/1
f 3166/3/1 3162/3/1 3165/3/1
f 3167/3/1 3164/3/1 3163/3/1
f 3168/3/1 3164/3/1 3167/3/1
f 3173/2/1 3170/2/1 3169/2/1
f 3174/2/1 3170/2/1 3173/2/1
f 3175/2/1 3172/2/1 3171/2/1
f 3176/2/1 3172/2/1 3175/2/1
f 3181/3/1 3178/3/1 3177/3/1
f 3182/3/1 3178/3/1 3181/3/1
f 3183/3/1 3180/3/1 3179/3/1
f 3184/3/1 3180/3/1 3183/3/1
f 3189/2/1 3186/2/1 3185/2/1
f 3190/2/1 3186/2/1 3189/2/1
f 3191/2/1 3188/2/1 3187/2/1
f 3192/2/1 3188/2/1 3191/2/1
f 3197/2/1 3194/2/1 3193/2/1
f 3198/2/1 3194/2/1 3197/2/1
f 3199/2/1 3196/2/1 3195/2/1
f 3200/2/1 3196/2/1 3199/2/1
f 3205/3/1 3202/3/1 3201/3/1
f 3206/3/1 3202/3/1 3205/3/1
f 3207/3/1 3204/3/1 3203/3/1
f 3208/3/1 3204/3/1 3207/3/1
f 3213/2/1 3210/2/1 3209/2/1
f 3214/2/1 3210/2/1 3213/2/1
f 3215/2/1 3212/2/1 3211/2/1
f 3216/2/1 3212/2/1 3215/2/1
f 3221/2/1 3218/2/1 3217/2/1
f 3222/2/1 3218/2/1 3221/2/1
f 3223/2/1 3220/2/1 3219/2/1
f 3224/2/1 3220/2/1 3223/2/1
f 3229/4/1 3226/4/1 3225/4/1
f 3230/4/1 3226/4/1 3229/4/1
f 3231/4/1 3228/4/1 3227/4/1
f 3232/4/1 3228/4/1 3231/4/1
f 3237/2/1 3234/2/1 3233/2/1
f 3238/2/1 3234/2/1 3237/2/1
f 3239/2/1 3236/2/1 3235/2/1
f 3240/2/1 3236/2/1 3239/2/1
f 3245/2/1 3242/2/1 3241/2/1
f 3246/2/1 3242/2/1 3245/2/1
f 3247/2/1 3244/2/1 3243/2/1
f 3248/2/1 3244/2/1 3247/2/1
f 3253/2/1 3250/2/1 3249/2/1
f 3254/2/1 3250/2/1 3253/2/1
f 3255/2/1 3252/2/1 3251/2/1
f 3256/2/1 3252/2/1 3255/2/1
f 3261/2/1 3258/2/1 3257/2/1
f 3262/2/1 3258/2/1 3261/2/1
f 3263/2/1 3260/2/1 3259/2/1
f 3264/2/1 3260/2/1 3263/2/1
f 3269/4/1 3266/4/1 3265/4/1
f 3270/4/1 3266/4/1 3269/4/1
f 3271/4/1 3268/4/1 3267/4/1
f 3272/4/1 3268/4/1 3271/4/1
f 3277/2/1 3274/2/1 3273/2/1
f 3278/2/1 3274/2/1 3277/2/1
f 3279/2/1 3276/2/1 3275/2/1
f 3280/2/1 3276/2/1 3279/2/1
f 3285/2/1 3282/2/1 3281/2/1
f 3286/2/1 3282/2/1 3285/2/1
f 3287/2/1 3284/2/1 3283/2/1
f 3288/2/1 3284/2/1 3287/2/1
f 3293/2/1 3290/2/1 3289/2/1
f 3294/2/1 3290/2/1 3293/2/1
f 3295/2/1 3292/2/1 3291/2/1
f 3296/2/1 3292/2/1 3295/2/1
f 3301/2/1 3298/2/1 3297/2/1
f 3302/2/1 3298/2/1 3301/2/1
f 3303/2/1 3300/2/1 3299/2/1
f 3304/2/1 3300/2/1 3303/2/1
f 3309/2/1 3306/2/1 3305/2/1
f 3310/2/1 3306/2/1 3309/2/1
f 3311/2/1 3308/2/1 3307/2/1
f 3312/2/1 3308/2/1 3311/2/1
f 3317/2/1 3314/2/1 3313/2/1
f 3318/2/1 3314/2/1 3317/2/1
f 3319/2/1 3316/2/1 3315/2/1
f 3320/2/1 3316/2/1 3319/2/1
f 3325/2/1 3322/2/1 3321/2/1
f 3326/2/1 3322/2/1 3325/2/1
f 3327/2/1 3324/2/1 3323/2/1
f 3328/2/1 3324/2/1 3327/2/1
f 3333/2/1 3330/2/1 3329/2/1
f 3334/2/1 3330/2/1 3333/2/1
f 3335/2/1 3332/2/1 3331/2/1
f 3336/2/1 3332/2/1 3335/2/1
f 3341/2/1 3338/2/1 3337/2/1
f 3342/2/1 3338/2/1 3341/2/1
f 3343/2/1 3340/2/1 3339/2/1
f 3344/2/1 3340/2/1 3343/2/1
f 3349/2/1 3346/2/1 3345/2/1
f 3350/2/1 3346/2/1 3349/2/1
f 3351/2/1 3348/2/1 3347/2/1
f 3352/2/1 3348/2/1 3351/2/1
f 3357/2/1 3354/2/1 3353/2/1
f 3358/2/1 3354/2/1 3357/2/1
f 3359/2/1 3356/2/1 3355/2/1
f 3360/2/1 3356/2/1 3359/2/1
f 3365/2/1 3362/2/1 3361/2/1
f 3366/2/1 3362/2/1 3365/2/1
f 3367/2/1 3364/2/1 3363/2/1
f 3368/2/1 3364/2/1 3367/2/1
f 3373/2/1 3370/2/1 3369/2/1
f 3374/2/1 3370/2/1 3373/2/1
f 3375/2/1 3372/2/1 3371/2/1
f 3376/2/1 3372/2/1 3375/2/1
f 3381/2/1 3378/2/1 3377/2/1
f 3382/2/1 3378/2/1 3381/2/1
f 3383/2/1 3380/2/1 3379/2/1
f 3384/2/1 3380/2/1 3383/2/1
f 3389/2/1 3386/2/1 3385/2/1
f 3390/2/1 3386/2/1 3389/2/1
f 3391/2/1 3388/2/1 3387/2/1
f 3392/2/1 3388/2/1 3391/2/1
f 3397/2/1 3394/2/1 3393/2/1
f 3398/2/1 3394/2/1 3397/2/1
f 3399/2/1 3396/2/1 3395/2/1
f 3400/2/1 3396/2/1 3399/2/1
f 3405/2/1 3402/2/1 3401/2/1
f 3406/2/1 3402/2/1 3405/2/1
f 3407/2/1 3404/2/1 3403/2/1
f 3408/2/1 3404/2/1 3407/2/1
f 3413/2/1 3410/2/1 3409/2/1
f 3414/2/1 3410/2/1 3413/2/1
f 3415/2/1 3412/2/1 3411/2/1
f 3416/2/1 3412/2/1 3415/2/1
f 3421/2/1 3418/2/1 3417/2/1
f 3422/2/1 3418/2/1 3421/2/1
f 3423/2/1 3420/2/1 3419/2/1
f 3424/2/1 3420/2/1 3423/2/1
f 3429/2/1 3426/2/1 3425/2/1
f 3430/2/1 3426/2/1 3429/2/1
f 3431/2/1 3428/2/1 3427/2/1
f 3432/2/1 3428/2/1 3431/2/1
f 3437/2/1 3434/2/1 3433/2/1
f 3438/2/1 3434/2/1 3437/2/1
f 3439/2/1 3436/2/1 3435/2/1
f 3440/2/1 3436/2/1 3439/2/1
f 3445/2/1 3442/2/1 3441/2/1
f 3446/2/1 3442/2/1 3445/2/1
f 3447/2/1 3444/2/1 3443/2/1
f 3448/2/1 3444/2/1 3447/2/1
f 3453/2/1 3450/2/1 3449/2/1
f 3454/2/1 3450/2/1 3453/2/1
f 3455/2/1 3452/2/1 3451/2/1
f 3456/2/1 3452/2/1 3455/2/1
f 3461/2/1 3458/2/1 3457/2/1
f 3462/2/1 3458/2/1 3461/2/1
f 3463/2/1 3460/2/1 3459/2/1
f 3464/2/1 3460/2/1 3463/2/1
f 3469/2/1 3466/2/1 3465/2/1
f 3470/2/1 3466/2/1 3469/2/1
f 3471/2/1 3468/2/1 3467/2/1
f 3472/2/1 3468/2/1 3471/2/1
f 3477/2/1 3474/2/1 3473/2/1
f 3478/2/1 3474/2/1 3477/2/1
f 3479/2/1 3476/2/1 3475/2/1
f 3480/2/1 3476/2/1 3479/2/1
f 3485/2/1 3482/2/1 3481/2/1
f 3486/2/1 3482/2/1 3485/2/1
f 3487/2/1 3484/2/1 3483/2/1
f 3488/2/1 3484/2/1 3487/2/1
f 3493/2/1 3490/2/1 3489/2/1
f 3494/2/1 3490/2/1 3493/2/1
f 3495/2/1 3492/2/1 3491/2/1
f 3496/2/1 3492/2/1 3495/2/1
f 3501/2/1 3498/2/1 3497/2/1
f 3502/2/1 3498/2/1 3501/2/1
f 3503/2/1 3500/2/1 3499/2/1
f 3504/2/1 3500/2/1 3503/2/1
f 3509/2/1 3506/2/1 3505/2/1
f 3510/2/1 3506/2/1 3509/2/1
f 3511/2/1 3508/2/1 3507/2/1
f 3512/2/1 3508/2/1 3511/2/1
f 3517/2/1 3514/2/1 3513/2/1
f 3518/2/1 3514/2/1 3517/2/1
f 3519/2/1 3516/2/1 3515/2/1
f 3520/2/1 3516/2/1 3519/2/1
f 3525/2/1 3522/2/1 3521/2/1
f 3526/2/1 3522/2/1 3525/2/1
f 3527/2/1 3524/2/1 3523/2/1
f 3528/2/1 3524/2/1 3527/2/1
f 3533/2/1 3530/2/1 3529/2/1
f 3534/2/1 3530/2/1 3533/2/1
f 3535/2/1 3532/2/1 3531/2/1
f 3536/2/1 3532/2/1 3535/2/1
f 3541/2/1 3538/2/1 3537/2/1
f 3542/2/1 3538/2/1 3541/2/1
f 3543/2/1 3540/2/1 3539/2/1
f 3544/2/1 3540/2/1 3543/2/1
f 3549/2/1 3546/2/1 3545/2/1
f 3550/2/1 3546/2/1 3549/2/1
f 3551/2/1 3548/2/1 3547/2/1
f 3552/2/1 3548/2/1 3551/2/1
f 3557/2/1 3554/2/1 3553/2/1
f 3558/2/1 3554/2/1 3557/2/1
f 3559/2/1 3556/2/1 3555/2/1
f 3560/2/1 3556/2/1 3559/2/1
f 3565/2/1 3562/2/1 3561/2/1
f 3566/2/1 3562/2/1 3565/2/1
f 3567/2/1 3564/2/1 3563/2/1
f 3568/2/1 3564/2/1 3567/2/1
f 3573/2/1 3570/2/1 3569/2/1
f 3574/2/1 3570/2/1 3573/2/1
f 3575/2/1 3572/2/1 3571/2/1
f 3576/2/1 3572/2/1 3575/2/1
f 3581/2/1 3578/2/1 3577/2/1
f 3582/2/1 3578/2/1 3581/2/1
f 3583/2/1 3580/2/1 3579/2/1
f 3584/2/1 3580/2/1 3583/2/1
f 3589/2/1 3586/2/1 3585/2/1
f 3590/2/1 3586/2/1 3589/2/1
f 3591/2/1 3588/2/1 3587/2/1
f 3592/2/1 3588/2/1 3591/2/1
f 3597/2/1 3594/2/1 3593/2/1
f 3598/2/1 3594/2/1 3597/2/1
f 3599/2/1 3596/2/1 3595/2/1
f 3600/2/1 3596/2/1 3599/2/1
f 3605/2/1 3602/2/1 3601/2/1
f 3606/2/1 3602/2/1 3605/2/1
f 3607/2/1 3604/2/1 3603/2/1
f 3608/2/1 3604/2/1 3607/2/1
f 3613/2/1 3610/2/1 3609/2/1
f 3614/2/1 3610/2/1 3613/2/1
f 3615/2/1 3612/2/1 3611/2/1
f 3616/2/1 3612/2/1 3615/2/1
f 3621/2/1 3618/2/1 3617/2/1
f 3622/2/1 3618/2/1 3621/2/1
f 3623/2/1 3620/2/1 3619/2/1
f 3624/2/1 3620/2/1 3623/2/1
f 3629/2/1 3626/2/1 3625/2/1
f 3630/2/1 3626/2/1 3629/2/1
f 3631/2/1 3628/2/1 3627/2/1
f 3632/2/1 3628/2/1 3631/2/1
f 3633/3/2 3634/3/2 3637/3/2
f 3637/3/2 3634/3/2 3638/3/2
f 3635/3/2 3636/3/2 3639/3/2
f 3639/3/2 3636/3/2 3640/3/2
f 3641/2/2 3642/2/2 3645/2/2
f 3645/2/2 3642/2/2 3646/2/2
f 3643/2/2 3644/2/2 3647/2/2
f 3647/2/2 3644/2/2 3648/2/2
f 3649/2/2 3650/2/2 3653/2/2
f 3653/2/2 3650/2/2 3654/2/2
f 3651/2/2 3652/2/2 3655/2/2
f 3655/2/2 3652/2/2 3656/2/2
f 3657/2/2 3658/2/2 3661/2/2
f 3661/2/2 3658/2/2 3662/2/2
f 3659/2/2 3660/2/2 3663/2/2
f 3663/2/2 3660/2/2 3664/2/2
f 3665/2/2 3666/2/2 3669/2/2
f 3669/2/2 3666/2/2 3670/2/2
f 3667/2/2 3668/2/2 3671/2/2
f 3671/2/2 3668/2/2 3672/2/2
f 3673/2/2 3674/2/2 3677/2/2
f 3677/2/2 3674/2/2 3678/2/2
f 3675/2/2 3676/2/2 3679/2/2
f 3679/2/2 3676/2/2 3680/2/2
f 3681/2/2 3682/2/2 3685/2/2
f 3685/2/2 3682/2/2 3686/2/2
f 3683/2/2 3684/2/2 3687/2/2
f 3687/2/2 3684/2/2 3688/2/2
f 3689/2/2 3690/2/2 3693/2/2
f 3693/2/2 3690/2/2 3694/2/2
f 3691/2/2 3692/2/2 3695/2/2
f 3695/2/2 3692/2/2 3696/2/2
f 3697/2/2 3698/2/2 3701/2/2
f 3701/2/2 3698/2/2 3702/2/2
f 3699/2/2 3700/2/2 3703/2/2
f 3703/2/2 3700/2/2 3704/2/2
f 3705/2/2 3706/2/2 3709/2/2
f 3709/2/2 3706/2/2 3710/2/2
f 3707/2/2 3708/2/2 3711/2/2
f 3711/2/2 3708/2/2 3712/2/2
f 3713/2/2 3714/2/2 3717/2/2
f 3717/2/2 3714/2/2 3718/2/2
f 3715/2/2 3716/2/2 3719/2/2
f 3719/2/2 3716/2/2 3720/2/2
f 3721/2/2 3722/2/2 3725/2/2
f 3725/2/2 3722/2/2 3726/2/2
f 3723/2/2 3724/2/2 3727/2/2
f 3727/2/2 3724/2/2 3728/2/2
f 3729/3/2 3730/3/2 3733/3/2
f 3733/3/2 3730/3/2 3734/3/2
f 3731/3/2 3732/3/2 3735/3/2
f 3735/3/2 3732/3/2 3736/3/2
f 3737/2/2 3738/2/2 3741/2/2
f 3741/2/2 3738/2/2 3742/2/2
f 3739/2/2 3740/2/2 3743/2/2
f 3743/2/2 3740/2/2 3744/2/2
f 3745/2/2 3746/2/2 3749/2/2
f 3749/2/2 3746/2/2 3750/2/2
f 3747/2/2 3748/2/2 3751/2/2
f 3751/2/2 3748/2/2 3752/2/2
f 3753/2/2 3754/2/2 3757/2/2
f 3757/2/2 3754/2/2 3758/2/2
f 3755/2/2 3756/2/2 3759/2/2
f 3759/2/2 3756/2/2 3760/2/2
f 3761/2/2 3762/2/2 3765/2/2
f 3765/2/2 3762/2/2 3766/2/2
f 3763/2/2 3764/2/2 3767/2/2
f 3767/2/2 3764/2/2 3768/2/2
f 3769/2/2 3770/2/2 3773/2/2
f 3773/2/2 3770/2/2 3774/2/2
f 3771/2/2 3772/2/2 3775/2/2
f 3775/2/2 3772/2/2 3776/2/2
f 3777/2/2 3778/2/2 3781/2/2
f 3781/2/2 3778/2/2 3782/2/2
f 3779/2/2 3780/2/2 3783/2/2
f 3783/2/2 3780/2/2 3784/2/2
f 3785/2/2 3786/2/2 3789/2/2
f 3789/2/2 3786/2/2 3790/2/2
f 3787/2/2 3788/2/2 3791/2/2
f 3791/2/2 3788/2/2 3792/2/2
f 3793/2/2 3794/2/2 3797/2/2
f 3797/2/2 3794/2/2 3798/2/2
f 3795/2/2 3796/2/2 3799/2/2
f 3799/2/2 3796/2/2 3800/2/2
f 3801/2/2 3802/2/2 3805/2/2
f 3805/2/2 3802/2/2 3806/2/2
f 3803/2/2 3804/2/2 3807/2/2
f 3807/2/2 3804/2/2 3808/2/2
f 3809/2/2 3810/2/2 3813/2/2
f 3813/2/2 3810/2/2 3814/2/2
f 3811/2/2 3812/2/2 3815/2/2
f 3815/2/2 3812/2/2 3816/2/2
f 3817/2/2 3818/2/2 3821/2/2
f 3821/2/2 3818/2/2 3822/2/2
f 3819/2/2 3820/2/2 3823/2/2
f 3823/2/2 3820/2/2 3824/2/2
f 3825/3/2 3826/3/2 3829/3/2
f 3829/3/2 3826/3/2 3830/3/2
f 3827/3/2 3828/3/2 3831/3/2
f 3831/3/2 3828/3/2 3832/3/2
f 3833/2/2 3834/2/2 3837/2/2
f 3837/2/2 3834/2/2 3838/2/2
f 3835/2/2 3836/2/2 3839/2/2
f 3839/2/2 3836/2/2 3840/2/2
f 3841/2/2 3842/2/2 3845/2/2
f 3845/2/2 3842/2/2 3846/2/2
f 3843/2/2 3844/2/2 3847/2/2
f 3847/2/2 3844/2/2 3848/2/2
f 3849/2/2 3850/2/2 3853/2/2
f 3853/2/2 3850/2/2 3854/2/2
f 3851/2/2 3852/2/2 3855/2/2
f 3855/2/2 3852/2/2 3856/2/2
f 3857/2/2 3858/2/2 3861/2/2
f 3861/2/2 3858/2/2 3862/2/2
f 3859/2/2 3860/2/2 3863/2/2
f 3863/2/2 3860/2/2 3864/2/2
f 3865/2/2 3866/2/2 3869/2/2
f 3869/2/2 3866/2/2 3870/2/2
f 3867/2/2 3868/2/2 3871/2/2
f 3871/2/2 3868/2/2 3872/2/2
f 3873/4/2 3874/4/2 3877/4/2
f 3877/4/2 3874/4/2 3878/4/2
f 3875/4/2 3876/4/2 3879/4/2
f 3879/4/2 3876/4/2 3880/4/2
f 3881/2/2 3882/2/2 3885/2/2
f 3885/2/2 3882/2/2 3886/2/2
f 3883/2/2 3884/2/2 3887/2/2
f 3887/2/2 3884/2/2 3888/2/2
f 3889/2/2 3890/2/2 3893/2/2
f 3893/2/2 3890/2/2 3894/2/2
f 3891/2/2 3892/2/2 3895/2/2
f 3895/2/2 3892/2/2 3896/2/2
f 3897/2/2 3898/2/2 3901/2/2
f 3901/2/2 3898/2/2 3902/2/2
f 3899/2/2 3900/2/2 3903/2/2
f 3903/2/2 3900/2/2 3904/2/2
f 3905/2/2 3906/2/2 3909/2/2
f 3909/2/2 3906/2/2 3910/2/2
f 3907/2/2 3908/2/2 3911/2/2
f 3911/2/2 3908/2/2 3912/2/2
f 3913/2/2 3914/2/2 3917/2/2
f 3917/2/2 3914/2/2 3918/2/2
f 3915/2/2 3916/2/2 3919/2/2
f 3919/2/2 3916/2/2 3920/2/2
f 3921/2/2 3922/2/2 3925/2/2
f 3925/2/2 3922/2/2 3926/2/2
f 3923/2/2 3924/2/2 3927/2/2
f 3927/2/2 3924/2/2 3928/2/2
f 3929/3/2 3930/3/2 3933/3/2
f 3933/3/2 3930/3/2 3934/3/2
f 3931/3/2 3932/3/2 3935/3/2
f 3935/3/2 3932/3/2 3936/3/2
f 3937/4/2 3938/4/2 3941/4/2
f 3941/4/2 3938/4/2 3942/4/2
f 3939/4/2 3940/4/2 3943/4/2
f 3943/4/2 3940/4/2 3944/4/2
f 3945/2/2 3946/2/2 3949/2/2
f 3949/2/2 3946/2/2 3950/2/2
f 3947/2/2 3948/2/2 3951/2/2
f 3951/2/2 3948/2/2 3952/2/2
f 3953/2/2 3954/2/2 3957/2/2
f 3957/2/2 3954/2/2 3958/2/2
f 3955/2/2 3956/2/2 3959/2/2
f 3959/2/2 3956/2/2 3960/2/2
f 3961/2/2 3962/2/2 3965/2/2
f 3965/2/2 3962/2/2 3966/2/2
f 3963/2/2 3964/2/2 3967/2/2
f 3967/2/2 3964/2/2 3968/2/2
f 3969/2/2 3970/2/2 3973/2/2
f 3973/2/2 3970/2/2 3974/2/2
f 3971/2/2 3972/2/2 3975/2/2
f 3975/2/2 3972/2/2 3976/2/2
f 3977/2/2 3978/2/2 3981/2/2
f 3981/2/2 3978/2/2 3982/2/2
f 3979/2/2 3980/2/2 3983/2/2
f 3983/2/2 3980/2/2 3984/2/2
f 3985/3/2 3986/3/2 3989/3/2
f 3989/3/2 3986/3/2 3990/3/2
f 3987/3/2 3988/3/2 3991/3/2
f 3991/3/2 3988/3/2 3992/3/2
f 3993/2/2 3994/2/2 3997/2/2
f 3997/2/2 3994/2/2 3998/2/2
f 3995/2/2 3996/2/2 3999/2/2
f 3999/2/2 3996/2/2 4000/2/2
f 4001/2/2 4002/2/2 4005/2/2
f 4005/2/2 4002/2/2 4006/2/2
f 4003/2/2 4004/2/2 4007/2/2
f 4007/2/2 4004/2/2 4008/2/2
f 4009/2/2 4010/2/2 4013/2/2
f 4013/2/2 4010/2/2 4014/2/2
f 4011/2/2 4012/2/2 4015/2/2
f 4015/2/2 4012/2/2 4016/2/2
f 4017/3/2 4018/3/2 4021/3/2
f 4021/3/2 4018/3/2 4022/3/2
f 4019/3/2 4020/3/2 4023/3/2
f 4023/3/2 4020/3/2 4024/3/2
f 4025/2/2 4026/2/2 4029/2/2
f 4029/2/2 4026/2/2 4030/2/2
f 4027/2/2 4028/2/2 4031/2/2
f 4031/2/2 4028/2/2 4032/2/2
f 4033/2/2 4034/2/2 4037/2/2
f 4037/2/2 4034/2/2 4038/2/2
f 4035/2/2 4036/2/2 4039/2/2
f 4039/2/2 4036/2/2 4040/2/2
f 4041/4/2 4042/4/2 4045/4/2
f 4045/4/2 4042/4/2 4046/4/2
f 4043/4/2 4044/4/2 4047/4/2
f 4047/4/2 4044/4/2 4048/4/2
f 4049/2/2 4050/2/2 4053/2/2
f 4053/2/2 4050/2/2 4054/2/2
f 4051/2/2 4052/2/2 4055/2/2
f 4055/2/2 4052/2/2 4056/2/2
f 4057/3/2 4058/3/2 4061/3/2
f 4061/3/2 4058/3/2 4062/3/2
f 4059/3/2 4060/3/2 4063/3/2
f 4063/3/2 4060/3/2 4064/3/2
f 4065/2/2 4066/2/2 4069/2/2
f 4069/2/2 4066/2/2 4070/2/2
f 4067/2/2 4068/2/2 4071/2/2
f 4071/2/2 4068/2/2 4072/2/2
f 4073/2/2 4074/2/2 4077/2/2
f 4077/2/2 4074/2/2 4078/2/2
f 4075/2/2 4076/2/2 4079/2/2
f 4079/2/2 4076/2/2 4080/2/2
f 4081/2/2 4082/2/2 4085/2/2
f 4085/2/2 4082/2/2 4086/2/2
f 4083/2/2 4084/2/2 4087/2/2
f 4087/2/2 4084/2/2 4088/2/2
f 4089/2/2 4090/2/2 4093/2/2
f 4093/2/2 4090/2/2 4094/2/2
f 4091/2/2 4092/2/2 4095/2/2
f 4095/2/2 4092/2/2 4096/2/2
f 4097/2/2 4098/2/2 4101/2/2
f 4101/2/2 4098/2/2 4102/2/2
f 4099/2/2 4100/2/2 4103/2/2
f 4103/2/2 4100/2/2 4104/2/2
f 4105/2/2 4106/2/2 4109/2/2
f 4109/2/2 4106/2/2 4110/2/2
f 4107/2/2 4108/2/2 4111/2/2
f 4111/2/2 4108/2/2 4112/2/2
f 4113/3/2 4114/3/2 4117/3/2
f 4117/3/2 4114/3/2 4118/3/2
f 4115/3/2 4116/3/2 4119/3/2
f 4119/3/2 4116/3/2 4120/3/2
f 4121/2/2 4122/2/2 4125/2/2
f 4125/2/2 4122/2/2 4126/2/2
f 4123/2/2 4124/2/2 4127/2/2
f 4127/2/2 4124/2/2 4128/2/2
f 4129/2/2 4130/2/2 4133/2/2
f 4133/2/2 4130/2/2 4134/2/2
f 4131/2/2 4132/2/2 4135/2/2
f 4135/2/2 4132/2/2 4136/2/2
f 4137/2/2 4138/2/2 4141/2/2
f 4141/2/2 4138/2/2 4142/2/2
f 4139/2/2 4140/2/2 4143/2/2
f 4143/2/2 4140/2/2 4144/2/2
f 4145/3/2 4146/3/2 4149/3/2
f 4149/3/2 4146/3/2 4150/3/2
f 4147/3/2 4148/3/2 4151/3/2
f 4151/3/2 4148/3/2 4152/3/2
f 4153/2/2 4154/2/2 4157/2/2
f 4157/2/2 4154/2/2 4158/2/2
f 4155/2/2 4156/2/2 4159/2/2
f 4159/2/2 4156/2/2 4160/2/2
f 4161/2/2 4162/2/2 4165/2/2
f 4165/2/2 4162/2/2 4166/2/2
f 4163/2/2 4164/2/2 4167/2/2
f 4167/2/2 4164/2/2 4168/2/2
f 4169/2/2 4170/2/2 4173/2/2
f 4173/2/2 4170/2/2 4174/2/2
f 4171/2/2 4172/2/2 4175/2/2
f 4175/2/2 4172/2/2 4176/2/2
f 4177/3/2 4178/3/2 4181/3/2
f 4181/3/2 4178/3/2 4182/3/2
f 4179/3/2 4180/3/2 4183/3/2
f 4183/3/2 4180/3/2 4184/3/2
f 4185/2/2 4186/2/2 4189/2/2
f 4189/2/2 4186/2/2 4190/2/2
f 4187/2/2 4188/2/2 4191/2/2
f 4191/2/2 4188/2/2 4192/2/2
f 4193/2/2 4194/2/2 4197/2/2
f 4197/2/2 4194/2/2 4198/2/2
f 4195/2/2 4196/2/2 4199/2/2
f 4199/2/2 4196/2/2 4200/2/2
f 4201/2/2 4202/2/2 4205/2/2
f 4205/2/2 4202/2/2 4206/2/2
f 4203/2/2 4204/2/2 4207/2/2
f 4207/2/2 4204/2/2 4208/2/2
f 4209/3/2 4210/3/2 4213/3/2
f 4213/3/2 4210/3/2 4214/3/2
f 4211/3/2 4212/3/2 4215/3/2
f 4215/3/2 4212/3/2 4216/3/2
f 4217/4/2 4218/4/2 4221/4/2
f 4221/4/2 4218/4/2 4222/4/2
f 4219/4/2 4220/4/2 4223/4/2
f 4223/4/2 4220/4/2 4224/4/2
f 4225/2/2 4226/2/2 4229/2/2
f 4229/2/2 4226/2/2 4230/2/2
f 4227/2/2 4228/2/2 4231/2/2
f 4231/2/2 4228/2/2 4232/2/2
f 4233/2/2 4234/2/2 4237/2/2
f 4237/2/2 4234/2/2 4238/2/2
f 4235/2/2 4236/2/2 4239/2/2
f 4239/2/2 4236/2/2 4240/2/2
f 4241/2/2 4242/2/2 4245/2/2
f 4245/2/2 4242/2/2 4246/2/2
f 4243/2/2 4244/2/2 4247/2/2
f 4247/2/2 4244/2/2 4248/2/2
f 4249/2/2 4250/2/2 4253/2/2
f 4253/2/2 4250/2/2 4254/2/2
f 4251/2/2 4252/2/2 4255/2/2
f 4255/2/2 4252/2/2 4256/2/2
f 4257/2/2 4258/2/2 4261/2/2
f 4261/2/2 4258/2/2 4262/2/2
f 4259/2/2 4260/2/2 4263/2/2
f 4263/2/2 4260/2/2 4264/2/2
f 4265/2/2 4266/2/2 4269/2/2
f 4269/2/2 4266/2/2 4270/2/2
f 4267/2/2 4268/2/2 4271/2/2
f 4271/2/2 4268/2/2 4272/2/2
f 4273/2/2 4274/2/2 4277/2/2
f 4277/2/2 4274/2/2 4278/2/2
f 4275/2/2 4276/2/2 4279/2/2
f 4279/2/2 4276/2/2 4280/2/2
f 4281/2/2 4282/2/2 4285/2/2
f 4285/2/2 4282/2/2 4286/2/2
f 4283/2/2 4284/2/2 4287/2/2
f 4287/2/2 4284/2/2 4288/2/2
f 4289/2/2 4290/2/2 4293/2/2
f 4293/2/2 4290/2/2 4294/2/2
f 4291/2/2 4292/2/2 4295/2/2
f 4295/2/2 4292/2/2 4296/2/2
f 4297/2/2 4298/2/2 4301/2/2
f 4301/2/2 4298/2/2 4302/2/2
f 4299/2/2 4300/2/2 4303/2/2
f 4303/2/2 4300/2/2 4304/2/2
f 4305/2/2 4306/2/2 4309/2/2
f 4309/2/2 4306/2/2 4310/2/2
f 4307/2/2 4308/2/2 4311/2/2
f 4311/2/2 4308/2/2 4312/2/2
f 4313/2/2 4314/2/2 4317/2/2
f 4317/2/2 4314/2/2 4318/2/2
f 4315/2/2 4316/2/2 4319/2/2
f 4319/2/2 4316/2/2 4320/2/2
f 4321/2/2 4322/2/2 4325/2/2
f 4325/2/2 4322/2/2 4326/2/2
f 4323/2/2 4324/2/2 4327/2/2
f 4327/2/2 4324/2/2 4328/2/2
f 4329/1/2 4330/1/2 4331/1/2
f 4331/1/2 4330/1/2 4332/1/2
f 4333/2/2 4334/2/2 4337/2/2
f 4337/2/2 4334/2/2 4338/2/2
f 4335/2/2 4336/2/2 4339/2/2
f 4339/2/2 4336/2/2 4340/2/2
f 4341/2/2 4342/2/2 4345/2/2
f 4345/2/2 4342/2/2 4346/2/2
f 4343/2/2 4344/2/2 4347/2/2
f 4347/2/2 4344/2/2 4348/2/2
f 4349/2/2 4350/2/2 4353/2/2
f 4353/2/2 4350/2/2 4354/2/2
f 4351/2/2 4352/2/2 4355/2/2
f 4355/2/2 4352/2/2 4356/2/2
f 4357/3/2 4358/3/2 4361/3/2
f 4361/3/2 4358/3/2 4362/3/2
f 4359/3/2 4360/3/2 4363/3/2
f 4363/3/2 4360/3/2 4364/3/2
f 4365/2/2 4366/2/2 4369/2/2
f 4369/2/2 4366/2/2 4370/2/2
f 4367/2/2 4368/2/2 4371/2/2
f 4371/2/2 4368/2/2 4372/2/2
f 4373/2/2 4374/2/2 4377/2/2
f 4377/2/2 4374/2/2 4378/2/2
f 4375/2/2 4376/2/2 4379/2/2
f 4379/2/2 4376/2/2 4380/2/2
f 4381/2/2 4382/2/2 4385/2/2
f 4385/2/2 4382/2/2 4386/2/2
f 4383/2/2 4384/2/2 4387/2/2
f 4387/2/2 4384/2/2 4388/2/2
f 4389/2/2 4390/2/2 4393/2/2
f 4393/2/2 4390/2/2 4394/2/2
f 4391/2/2 4392/2/2 4395/2/2
f 4395/2/2 4392/2/2 4396/2/2
f 4397/4/2 4398/4/2 4401/4/2
f 4401/4/2 4398/4/2 4402/4/2
f 4399/4/2 4400/4/2 4403/4/2
f 4403/4/2 4400/4/2 4404/4/2
f 4405/2/2 4406/2/2 4409/2/2
f 4409/2/2 4406/2/2 4410/2/2
f 4407/2/2 4408/2/2 4411/2/2
f 4411/2/2 4408/2/2 4412/2/2
f 4413/2/2 4414/2/2 4417/2/2
f 4417/2/2 4414/2/2 4418/2/2
f 4415/2/2 4416/2/2 4419/2/2
f 4419/2/2 4416/2/2 4420/2/2
f 4421/2/2 4422/2/2 4425/2/2
f 4425/2/2 4422/2/2 4426/2/2
f 4423/2/2 4424/2/2 4427/2/2
f 4427/2/2 4424/2/2 4428/2/2
f 4429/3/2 4430/3/2 4433/3/2
f 4433/3/2 4430/3/2 4434/3/2
f 4431/3/2 4432/3/2 4435/3/2
f 4435/3/2 4432/3/2 4436/3/2
f 4437/2/2 4438/2/2 4441/2/2
f 4441/2/2 4438/2/2 4442/2/2
f 4439/2/2 4440/2/2 4443/2/2
f 4443/2/2 4440/2/2 4444/2/2
f 4445/2/2 4446/2/2 4449/2/2
f 4449/2/2 4446/2/2 4450/2/2
f 4447/2/2 4448/2/2 4451/2/2
f 4451/2/2 4448/2/2 4452/2/2
f 4453/2/2 4454/2/2 4457/2/2
f 4457/2/2 4454/2/2 4458/2/2
f 4455/2/2 4456/2/2 4459/2/2
f 4459/2/2 4456/2/2 4460/2/2
f 4461/2/2 4462/2/2 4465/2/2
f 4465/2/2 4462/2/2 4466/2/2
f 4463/2/2 4464/2/2 4467/2/2
f 4467/2/2 4464/2/2 4468/2/2
f 4469/2/2 4470/2/2 4473/2/2
f 4473/2/2 4470/2/2 4474/2/2
f 4471/2/2 4472/2/2 4475/2/2
f 4475/2/2 4472/2/2 4476/2/2
f 4477/2/2 4478/2/2 4481/2/2
f 4481/2/2 4478/2/2 4482/2/2
f 4479/2/2 4480/2/2 4483/2/2
f 4483/2/2 4480/2/2 4484/2/2
f 4485/2/2 4486/2/2 4489/2/2
f 4489/2/2 4486/2/2 4490/2/2
f 4487/2/2 4488/2/2 4491/2/2
f 4491/2/2 4488/2/2 4492/2/2
f 4493/3/2 4494/3/2 4497/3/2
f 4497/3/2 4494/3/2 4498/3/2
f 4495/3/2 4496/3/2 4499/3/2
f 4499/3/2 4496/3/2 4500/3/2
f 4501/2/2 4502/2/2 4505/2/2
f 4505/2/2 4502/2/2 4506/2/2
f 4503/2/2 4504/2/2 4507/2/2
f 4507/2/2 4504/2/2 4508/2/2
f 4509/2/2 4510/2/2 4513/2/2
f 4513/2/2 4510/2/2 4514/2/2
f 4511/2/2 4512/2/2 4515/2/2
f 4515/2/2 4512/2/2 4516/2/2
f 4517/2/2 4518/2/2 4521/2/2
f 4521/2/2 4518/2/2 4522/2/2
f 4519/2/2 4520/2/2 4523/2/2
f 4523/2/2 4520/2/2 4524/2/2
f 4525/2/2 4526/2/2 4529/2/2
f 4529/2/2 4526/2/2 4530/2/2
f 4527/2/2 4528/2/2 4531/2/2
f 4531/2/2 4528/2/2 4532/2/2
f 4533/2/2 4534/2/2 4537/2/2
f 4537/2/2 4534/2/2 4538/2/2
f 4535/2/2 4536/2/2 4539/2/2
f 4539/2/2 4536/2/2 4540/2/2
f 4541/2/2 4542/2/2 4545/2/2
f 4545/2/2 4542/2/2 4546/2/2
f 4543/2/2 4544/2/2 4547/2/2
f 4547/2/2 4544/2/2 4548/2/2
f 4549/2/2 4550/2/2 4553/2/2
f 4553/2/2 4550/2/2 4554/2/2
f 4551/2/2 4552/2/2 4555/2/2
f 4555/2/2 4552/2/2 4556/2/2
f 4557/2/2 4558/2/2 4561/2/2
f 4561/2/2 4558/2/2 4562/2/2
f 4559/2/2 4560/2/2 4563/2/2
f 4563/2/2 4560/2/2 4564/2/2
f 4565/3/2 4566/3/2 4569/3/2
f 4569/3/2 4566/3/2 4570/3/2
f 4567/3/2 4568/3/2 4571/3/2
f 4571/3/2 4568/3/2 4572/3/2
f 4573/3/2 4574/3/2 4577/3/2
f 4577/3/2 4574/3/2 4578/3/2
f 4575/3/2 4576/3/2 4579/3/2
f 4579/3/2 4576/3/2 4580/3/2
f 4581/2/2 4582/2/2 4585/2/2
f 4585/2/2 4582/2/2 4586/2/2
f 4583/2/2 4584/2/2 4587/2/2
f 4587/2/2 4584/2/2 4588/2/2
f 4589/2/2 4590/2/2 4593/2/2
f 4593/2/2 4590/2/2 4594/2/2
f 4591/2/2 4592/2/2 4595/2/2
f 4595/2/2 4592/2/2 4596/2/2
f 4597/2/2 4598/2/2 4601/2/2
f 4601/2/2 4598/2/2 4602/2/2
f 4599/2/2 4600/2/2 4603/2/2
f 4603/2/2 4600/2/2 4604/2/2
f 4605/1/2 4606/1/2 4607/1/2
f 4607/1/2 4606/1/2 4608/1/2
f 4609/2/2 4610/2/2 4613/2/2
f 4613/2/2 4610/2/2 4614/2/2
f 4611/2/2 4612/2/2 4615/2/2
f 4615/2/2 4612/2/2 4616/2/2
f 4617/3/2 4618/3/2 4621/3/2
f 4621/3/2 4618/3/2 4622/3/2
f 4619/3/2 4620/3/2 4623/3/2
f 4623/3/2 4620/3/2 4624/3/2
f 4625/2/2 4626/2/2 4629/2/2
f 4629/2/2 4626/2/2 4630/2/2
f 4627/2/2 4628/2/2 4631/2/2
f 4631/2/2 4628/2/2 4632/2/2
f 4633/2/2 4634/2/2 4637/2/2
f 4637/2/2 4634/2/2 4638/2/2
f 4635/2/2 4636/2/2 4639/2/2
f 4639/2/2 4636/2/2 4640/2/2
f 4641/2/2 4642/2/2 4645/2/2
f 4645/2/2 4642/2/2 4646/2/2
f 4643/2/2 4644/2/2 4647/2/2
f 4647/2/2 4644/2/2 4648/2/2
f 4649/2/2 4650/2/2 4653/2/2
f 4653/2/2 4650/2/2 4654/2/2
f 4651/2/2 4652/2/2 4655/2/2
f 4655/2/2 4652/2/2 4656/2/2
f 4657/2/2 4658/2/2 4661/2/2
f 4661/2/2 4658/2/2 4662/2/2
f 4659/2/2 4660/2/2 4663/2/2
f 4663/2/2 4660/2/2 4664/2/2
f 4665/2/2 4666/2/2 4669/2/2
f 4669/2/2 4666/2/2 4670/2/2
f 4667/2/2 4668/2/2 4671/2/2
f 4671/2/2 4668/2/2 4672/2/2
f 4673/2/2 4674/2/2 4677/2/2
f 4677/2/2 4674/2/2 4678/2/2
f 4675/2/2 4676/2/2 4679/2/2
f 4679/2/2 4676/2/2 4680/2/2
f 4681/4/2 4682/4/2 4685/4/2
f 4685/4/2 4682/4/2 4686/4/2
f 4683/4/2 4684/4/2 4687/4/2
f 4687/4/2 4684/4/2 4688/4/2
f 4689/3/2 4690/3/2 4693/3/2
f 4693/3/2 4690/3/2 4694/3/2
f 4691/3/2 4692/3/2 4695/3/2
f 4695/3/2 4692/3/2 4696/3/2
f 4697/2/2 4698/2/2 4701/2/2
f 4701/2/2 4698/2/2 4702/2/2
f 4699/2/2 4700/2/2 4703/2/2
f 4703/2/2 4700/2/2 4704/2/2
f 4705/2/2 4706/2/2 4709/2/2
f 4709/2/2 4706/2/2 4710/2/2
f 4707/2/2 4708/2/2 4711/2/2
f 4711/2/2 4708/2/2 4712/2/2
f 4713/2/2 4714/2/2 4717/2/2
f 4717/2/2 4714/2/2 4718/2/2
f 4715/2/2 4716/2/2 4719/2/2
f 4719/2/2 4716/2/2 4720/2/2
f 4721/2/2 4722/2/2 4725/2/2
f 4725/2/2 4722/2/2 4726/2/2
f 4723/2/2 4724/2/2 4727/2/2
f 4727/2/2 4724/2/2 4728/2/2
f 4729/2/2 4730/2/2 4733/2/2
f 4733/2/2 4730/2/2 4734/2/2
f 4731/2/2 4732/2/2 4735/2/2
f 4735/2/2 4732/2/2 4736/2/2
f 4737/3/2 4738/3/2 4741/3/2
f 4741/3/2 4738/3/2 4742/3/2
f 4739/3/2 4740/3/2 4743/3/2
f 4743/3/2 4740/3/2 4744/3/2
f 4745/2/2 4746/2/2 4749/2/2
f 4749/2/2 4746/2/2 4750/2/2
f 4747/2/2 4748/2/2 4751/2/2
f 4751/2/2 4748/2/2 4752/2/2
f 4753/2/2 4754/2/2 4757/2/2
f 4757/2/2 4754/2/2 4758/2/2
f 4755/2/2 4756/2/2 4759/2/2
f 4759/2/2 4756/2/2 4760/2/2
f 4761/2/2 4762/2/2 4765/2/2
f 4765/2/2 4762/2/2 4766/2/2
f 4763/2/2 4764/2/2 4767/2/2
f 4767/2/2 4764/2/2 4768/2/2
f 4769/2/2 4770/2/2 4773/2/2
f 4773/2/2 4770/2/2 4774/2/2
f 4771/2/2 4772/2/2 4775/2/2
f 4775/2/2 4772/2/2 4776/2/2
f 4777/2/2 4778/2/2 4781/2/2
f 4781/2/2 4778/2/2 4782/2/2
f 4779/2/2 4780/2/2 4783/2/2
f 4783/2/2 4780/2/2 4784/2/2
f 4785/2/2 4786/2/2 4789/2/2
f 4789/2/2 4786/2/2 4790/2/2
f 4787/2/2 4788/2/2 4791/2/2
f 4791/2/2 4788/2/2 4792/2/2
f 4793/2/2 4794/2/2 4797/2/2
f 4797/2/2 4794/2/2 4798/2/2
f 4795/2/2 4796/2/2 4799/2/2
f 4799/2/2 4796/2/2 4800/2/2
f 4801/2/2 4802/2/2 4805/2/2
f 4805/2/2 4802/2/2 4806/2/2
f 4803/2/2 4804/2/2 4807/2/2
f 4807/2/2 4804/2/2 4808/2/2
f 4809/2/2 4810/2/2 4813/2/2
f 4813/2/2 4810/2/2 4814/2/2
f 4811/2/2 4812/2/2 4815/2/2
f 4815/2/2 4812/2/2 4816/2/2
f 4817/2/2 4818/2/2 4821/2/2
f 4821/2/2 4818/2/2 4822/2/2
f 4819/2/2 4820/2/2 4823/2/2
f 4823/2/2 4820/2/2 4824/2/2
f 4825/2/2 4826/2/2 4829/2/2
f 4829/2/2 4826/2/2 4830/2/2
f 4827/2/2 4828/2/2 4831/2/2
f 4831/2/2 4828/2/2 4832/2/2
f 4833/4/2 4834/4/2 4837/4/2
f 4837/4/2 4834/4/2 4838/4/2
f 4835/4/2 4836/4/2 4839/4/2
f 4839/4/2 4836/4/2 4840/4/2
f 4841/2/2 4842/2/2 4845/2/2
f 4845/2/2 4842/2/2 4846/2/2
f 4843/2/2 4844/2/2 4847/2/2
f 4847/2/2 4844/2/2 4848/2/2
f 4849/2/2 4850/2/2 4853/2/2
f 4853/2/2 4850/2/2 4854/2/2
f 4851/2/2 4852/2/2 4855/2/2
f 4855/2/2 4852/2/2 4856/2/2
f 4857/2/2 4858/2/2 4861/2/2
f 4861/2/2 4858/2/2 4862/2/2
f 4859/2/2 4860/2/2 4863/2/2
f 4863/2/2 4860/2/2 4864/2/2
f 4865/2/2 4866/2/2 4869/2/2
f 4869/2/2 4866/2/2 4870/2/2
f 4867/2/2 4868/2/2 4871/2/2
f 4871/2/2 4868/2/2 4872/2/2
f 4873/2/2 4874/2/2 4877/2/2
f 4877/2/2 4874/2/2 4878/2/2
f 4875/2/2 4876/2/2 4879/2/2
f 4879/2/2 4876/2/2 4880/2/2
f 4881/3/2 4882/3/2 4885/3/2
f 4885/3/2 4882/3/2 4886/3/2
f 4883/3/2 4884/3/2 4887/3/2
f 4887/3/2 4884/3/2 4888/3/2
f 4889/2/2 4890/2/2 4893/2/2
f 4893/2/2 4890/2/2 4894/2/2
f 4891/2/2 4892/2/2 4895/2/2
f 4895/2/2 4892/2/2 4896/2/2
f 4897/2/2 4898/2/2 4901/2/2
f 4901/2/2 4898/2/2 4902/2/2
f 4899/2/2 4900/2/2 4903/2/2
f 4903/2/2 4900/2/2 4904/2/2
f 4905/2/2 4906/2/2 4909/2/2
f 4909/2/2 4906/2/2 4910/2/2
f 4907/2/2 4908/2/2 4911/2/2
f 4911/2/2 4908/2/2 4912/2/2
f 4913/3/2 4914/3/2 4917/3/2
f 4917/3/2 4914/3/2 4918/3/2
f 4915/3/2 4916/3/2 4919/3/2
f 4919/3/2 4916/3/2 4920/3/2
f 4921/2/2 4922/2/2 4925/2/2
f 4925/2/2 4922/2/2 4926/2/2
f 4923/2/2 4924/2/2 4927/2/2
f 4927/2/2 4924/2/2 4928/2/2
f 4929/2/2 4930/2/2 4933/2/2
f 4933/2/2 4930/2/2 4934/2/2
f 4931/2/2 4932/2/2 4935/2/2
f 4935/2/2 4932/2/2 4936/2/2
f 4937/2/2 4938/2/2 4941/2/2
f 4941/2/2 4938/2/2 4942/2/2
f 4939/2/2 4940/2/2 4943/2/2
f 4943/2/2 4940/2/2 4944/2/2
f 4945/2/2 4946/2/2 4949/2/2
f 4949/2/2 4946/2/2 4950/2/2
f 4947/2/2 4948/2/2 4951/2/2
f 4951/2/2 4948/2/2 4952/2/2
f 4953/2/2 4954/2/2 4957/2/2
f 4957/2/2 4954/2/2 4958/2/2
f 4955/2/2 4956/2/2 4959/2/2
f 4959/2/2 4956/2/2 4960/2/2
f 4961/4/2 4962/4/2 4965/4/2
f 4965/4/2 4962/4/2 4966/4/2
f 4963/4/2 4964/4/2 4967/4/2
f 4967/4/2 4964/4/2 4968/4/2
f 4969/2/2 4970/2/2 4973/2/2
f 4973/2/2 4970/2/2 4974/2/2
f 4971/2/2 4972/2/2 4975/2/2
f 4975/2/2 4972/2/2 4976/2/2
f 4977/3/2 4978/3/2 4981/3/2
f 4981/3/2 4978/3/2 4982/3/2
f 4979/3/2 4980/3/2 4983/3/2
f 4983/3/2 4980/3/2 4984/3/2
f 4985/2/2 4986/2/2 4989/2/2
f 4989/2/2 4986/2/2 4990/2/2
f 4987/2/2 4988/2/2 4991/2/2
f 4991/2/2 4988/2/2 4992/2/2
f 4993/2/2 4994/2/2 4997/2/2
f 4997/2/2 4994/2/2 4998/2/2
f 4995/2/2 4996/2/2 4999/2/2
f 4999/2/2 4996/2/2 5000/2/2
f 5001/2/2 5002/2/2 5005/2/2
f 5005/2/2 5002/2/2 5006/2/2
f 5003/2/2 5004/2/2 5007/2/2
f 5007/2/2 5004/2/2 5008/2/2
f 5009/2/2 5010/2/2 5013/2/2
f 5013/2/2 5010/2/2 5014/2/2
f 5011/2/2 5012/2/2 5015/2/2
f 5015/2/2 5012/2/2 5016/2/2
f 5017/2/2 5018/2/2 5021/2/2
f 5021/2/2 5018/2/2 5022/2/2
f 5019/2/2 5020/2/2 5023/2/2
f 5023/2/2 5020/2/2 5024/2/2
f 5025/2/2 5026/2/2 5029/2/2
f 5029/2/2 5026/2/2 5030/2/2
f 5027/2/2 5028/2/2 5031/2/2
f 5031/2/2 5028/2/2 5032/2/2
f 5033/2/2 5034/2/2 5037/2/2
f 5037/2/2 5034/2/2 5038/2/2
f 5035/2/2 5036/2/2 5039/2/2
f 5039/2/2 5036/2/2 5040/2/2
f 5041/2/2 5042/2/2 5045/2/2
f 5045/2/2 5042/2/2 5046/2/2
f 5043/2/2 5044/2/2 5047/2/2
f 5047/2/2 5044/2/2 5048/2/2
f 5049/2/2 5050/2/2 5053/2/2
f 5053/2/2 5050/2/2 5054/2/2
f 5051/2/2 5052/2/2 5055/2/2
f 5055/2/2 5052/2/2 5056/2/2
f 5057/2/2 5058/2/2 5061/2/2
f 5061/2/2 5058/2/2 5062/2/2
f 5059/2/2 5060/2/2 5063/2/2
f 5063/2/2 5060/2/2 5064/2/2
f 5065/2/2 5066/2/2 5069/2/2
f 5069/2/2 5066/2/2 5070/2/2
f 5067/2/2 5068/2/2 5071/2/2
f 5071/2/2 5068/2/2 5072/2/2
f 5073/2/2 5074/2/2 5077/2/2
f 5077/2/2 5074/2/2 5078/2/2
f 5075/2/2 5076/2/2 5079/2/2
f 5079/2/2 5076/2/2 5080/2/2
f 5081/2/2 5082/2/2 5085/2/2
f 5085/2/2 5082/2/2 5086/2/2
f 5083/2/2 5084/2/2 5087/2/2
f 5087/2/2 5084/2/2 5088/2/2
f 5089/2/2 5090/2/2 5093/2/2
f 5093/2/2 5090/2/2 5094/2/2
f 5091/2/2 5092/2/2 5095/2/2
f 5095/2/2 5092/2/2 5096/2/2
f 5097/2/2 5098/2/2 5101/2/2
f 5101/2/2 5098/2/2 5102/2/2
f 5099/2/2 5100/2/2 5103/2/2
f 5103/2/2 5100/2/2 5104/2/2
f 5105/3/2 5106/3/2 5109/3/2
f 5109/3/2 5106/3/2 5110/3/2
f 5107/3/2 5108/3/2 5111/3/2
f 5111/3/2 5108/3/2 5112/3/2
f 5113/2/2 5114/2/2 5117/2/2
f 5117/2/2 5114/2/2 5118/2/2
f 5115/2/2 5116/2/2 5119/2/2
f 5119/2/2 5116/2/2 5120/2/2
f 5121/2/2 5122/2/2 5125/2/2
f 5125/2/2 5122/2/2 5126/2/2
f 5123/2/2 5124/2/2 5127/2/2
f 5127/2/2 5124/2/2 5128/2/2
f 5129/2/2 5130/2/2 5133/2/2
f 5133/2/2 5130/2/2 5134/2/2
f 5131/2/2 5132/2/2 5135/2/2
f 5135/2/2 5132/2/2 5136/2/2
f 5137/2/2 5138/2/2 5141/2/2
f 5141/2/2 5138/2/2 5142/2/2
f 5139/2/2 5140/2/2 5143/2/2
f 5143/2/2 5140/2/2 5144/2/2
f 5145/4/2 5146/4/2 5149/4/2
f 5149/4/2 5146/4/2 5150/4/2
f 5147/4/2 5148/4/2 5151/4/2
f 5151/4/2 5148/4/2 5152/4/2
f 5153/2/2 5154/2/2 5157/2/2
f 5157/2/2 5154/2/2 5158/2/2
f 5155/2/2 5156/2/2 5159/2/2
f 5159/2/2 5156/2/2 5160/2/2
f 5161/3/2 5162/3/2 5165/3/2
f 5165/3/2 5162/3/2 5166/3/2
f 5163/3/2 5164/3/2 5167/3/2
f 5167/3/2 5164/3/2 5168/3/2
f 5169/2/2 5170/2/2 5173/2/2
f 5173/2/2 5170/2/2 5174/2/2
f 5171/2/2 5172/2/2 5175/2/2
f 5175/2/2 5172/2/2 5176/2/2
f 5177/2/2 5178/2/2 5181/2/2
f 5181/2/2 5178/2/2 5182/2/2
f 5179/2/2 5180/2/2 5183/2/2
f 5183/2/2 5180/2/2 5184/2/2
f 5185/3/2 5186/3/2 5189/3/2
f 5189/3/2 5186/3/2 5190/3/2
f 5187/3/2 5188/3/2 5191/3/2
f 5191/3/2 5188/3/2 5192/3/2
f 5193/2/2 5194/2/2 5197/2/2
f 5197/2/2 5194/2/2 5198/2/2
f 5195/2/2 5196/2/2 5199/2/2
f 5199/2/2 5196/2/2 5200/2/2
f 5201/2/2 5202/2/2 5205/2/2
f 5205/2/2 5202/2/2 5206/2/2
f 5203/2/2 5204/2/2 5207/2/2
f 5207/2/2 5204/2/2 5208/2/2
f 5209/4/2 5210/4/2 5213/4/2
f 5213/4/2 5210/4/2 5214/4/2
f 5211/4/2 5212/4/2 5215/4/2
f 5215/4/2 5212/4/2 5216/4/2
f 5217/2/2 5218/2/2 5221/2/2
f 5221/2/2 5218/2/2 5222/2/2
f 5219/2/2 5220/2/2 5223/2/2
f 5223/2/2 5220/2/2 5224/2/2
f 5225/2/2 5226/2/2 5229/2/2
f 5229/2/2 5226/2/2 5230/2/2
f 5227/2/2 5228/2/2 5231/2/2
f 5231/2/2 5228/2/2 5232/2/2
f 5233/3/2 5234/3/2 5237/3/2
f 5237/3/2 5234/3/2 5238/3/2
f 5235/3/2 5236/3/2 5239/3/2
f 5239/3/2 5236/3/2 5240/3/2
f 5241/2/2 5242/2/2 5245/2/2
f 5245/2/2 5242/2/2 5246/2/2
f 5243/2/2 5244/2/2 5247/2/2
f 5247/2/2 5244/2/2 5248/2/2
f 5249/2/2 5250/2/2 5253/2/2
f 5253/2/2 5250/2/2 5254/2/2
f 5251/2/2 5252/2/2 5255/2/2
f 5255/2/2 5252/2/2 5256/2/2
f 5257/3/2 5258/3/2 5261/3/2
f 5261/3/2 5258/3/2 5262/3/2
f 5259/3/2 5260/3/2 5263/3/2
f 5263/3/2 5260/3/2 5264/3/2
f 5265/4/2 5266/4/2 5269/4/2
f 5269/4/2 5266/4/2 5270/4/2
f 5267/4/2 5268/4/2 5271/4/2
f 5271/4/2 5268/4/2 5272/4/2
f 5273/2/2 5274/2/2 5277/2/2
f 5277/2/2 5274/2/2 5278/2/2
f 5275/2/2 5276/2/2 5279/2/2
f 5279/2/2 5276/2/2 5280/2/2
f 5281/2/2 5282/2/2 5285/2/2
f 5285/2/2 5282/2/2 5286/2/2
f 5283/2/2 5284/2/2 5287/2/2
f 5287/2/2 5284/2/2 5288/2/2
f 5289/2/2 5290/2/2 5293/2/2
f 5293/2/2 5290/2/2 5294/2/2
f 5291/2/2 5292/2/2 5295/2/2
f 5295/2/2 5292/2/2 5296/2/2
f 5297/2/2 5298/2/2 5301/2/2
f 5301/2/2 5298/2/2 5302/2/2
f 5299/2/2 5300/2/2 5303/2/2
f 5303/2/2 5300/2/2 5304/2/2
f 5305/2/2 5306/2/2 5309/2/2
f 5309/2/2 5306/2/2 5310/2/2
f 5307/2/2 5308/2/2 5311/2/2
f 5311/2/2 5308/2/2 5312/2/2
f 5313/2/2 5314/2/2 5317/2/2
f 5317/2/2 5314/2/2 5318/2/2
f 5315/2/2 5316/2/2 5319/2/2
f 5319/2/2 5316/2/2 5320/2/2
f 5321/2/2 5322/2/2 5325/2/2
f 5325/2/2 5322/2/2 5326/2/2
f 5323/2/2 5324/2/2 5327/2/2
f 5327/2/2 5324/2/2 5328/2/2
f 5329/2/2 5330/2/2 5333/2/2
f 5333/2/2 5330/2/2 5334/2/2
f 5331/2/2 5332/2/2 5335/2/2
f 5335/2/2 5332/2/2 5336/2/2
f 5337/2/2 5338/2/2 5341/2/2
f 5341/2/2 5338/2/2 5342/2/2
f 5339/2/2 5340/2/2 5343/2/2
f 5343/2/2 5340/2/2 5344/2/2
f 5345/2/2 5346/2/2 5349/2/2
f 5349/2/2 5346/2/2 5350/2/2
f 5347/2/2 5348/2/2 5351/2/2
f 5351/2/2 5348/2/2 5352/2/2
f 5353/2/2 5354/2/2 5357/2/2
f 5357/2/2 5354/2/2 5358/2/2
f 5355/2/2 5356/2/2 5359/2/2
f 5359/2/2 5356/2/2 5360/2/2
f 5361/2/2 5362/2/2 5365/2/2
f 5365/2/2 5362/2/2 5366/2/2
f 5363/2/2 5364/2/2 5367/2/2
f 5367/2/2 5364/2/2 5368/2/2
f 5369/4/2 5370/4/2 5373/4/2
f 5373/4/2 5370/4/2 5374/4/2
f 5371/4/2 5372/4/2 5375/4/2
f 5375/4/2 5372/4/2 5376/4/2
f 5377/3/2 5378/3/2 5381/3/2
f 5381/3/2 5378/3/2 5382/3/2
f 5379/3/2 5380/3/2 5383/3/2
f 5383/3/2 5380/3/2 5384/3/2
f 5385/2/2 5386/2/2 5389/2/2
f 5389/2/2 5386/2/2 5390/2/2
f 5387/2/2 5388/2/2 5391/2/2
f 5391/2/2 5388/2/2 5392/2/2
f 5393/2/2 5394/2/2 5397/2/2
f 5397/2/2 5394/2/2 5398/2/2
f 5395/2/2 5396/2/2 5399/2/2
f 5399/2/2 5396/2/2 5400/2/2
f 5401/2/2 5402/2/2 5405/2/2
f 5405/2/2 5402/2/2 5406/2/2
f 5403/2/2 5404/2/2 5407/2/2
f 5407/2/2 5404/2/2 5408/2/2
f 5409/2/2 5410/2/2 5413/2/2
f 5413/2/2 5410/2/2 5414/2/2
f 5411/2/2 5412/2/2 5415/2/2
f 5415/2/2 5412/2/2 5416/2/2
f 5417/2/2 5418/2/2 5421/2/2
f 5421/2/2 5418/2/2 5422/2/2
f 5419/2/2 5420/2/2 5423/2/2
f 5423/2/2 5420/2/2 5424/2/2
f 5425/2/2 5426/2/2 5429/2/2
f 5429/2/2 5426/2/2 5430/2/2
f 5427/2/2 5428/2/2 5431/2/2
f 5431/2/2 5428/2/2 5432/2/2
f 5433/2/2 5434/2/2 5437/2/2
f 5437/2/2 5434/2/2 5438/2/2
f 5435/2/2 5436/2/2 5439/2/2
f 5439/2/2 5436/2/2 5440/2/2
f 5441/2/2 5442/2/2 5445/2/2
f 5445/2/2 5442/2/2 5446/2/2
f 5443/2/2 5444/2/2 5447/2/2
f 5447/2/2 5444/2/2 5448/2/2
f 5449/2/2 5450/2/2 5453/2/2
f 5453/2/2 5450/2/2 5454/2/2
f 5451/2/2 5452/2/2 5455/2/2
f 5455/2/2 5452/2/2 5456/2/2
f 5457/2/2 5458/2/2 5461/2/2
f 5461/2/2 5458/2/2 5462/2/2
f 5459/2/2 5460/2/2 5463/2/2
f 5463/2/2 5460/2/2 5464/2/2
f 5465/2/2 5466/2/2 5469/2/2
f 5469/2/2 5466/2/2 5470/2/2
f 5467/2/2 5468/2/2 5471/2/2
f 5471/2/2 5468/2/2 5472/2/2
f 5473/3/2 5474/3/2 5477/3/2
f 5477/3/2 5474/3/2 5478/3/2
f 5475/3/2 5476/3/2 5479/3/2
f 5479/3/2 5476/3/2 5480/3/2
f 5481/2/2 5482/2/2 5485/2/2
f 5485/2/2 5482/2/2 5486/2/2
f 5483/2/2 5484/2/2 5487/2/2
f 5487/2/2 5484/2/2 5488/2/2
f 5489/2/2 5490/2/2 5493/2/2
f 5493/2/2 5490/2/2 5494/2/2
f 5491/2/2 5492/2/2 5495/2/2
f 5495/2/2 5492/2/2 5496/2/2
f 5497/2/2 5498/2/2 5501/2/2
f 5501/2/2 5498/2/2 5502/2/2
f 5499/2/2 5500/2/2 5503/2/2
f 5503/2/2 5500/2/2 5504/2/2
f 5505/2/2 5506/2/2 5509/2/2
f 5509/2/2 5506/2/2 5510/2/2
f 5507/2/2 5508/2/2 5511/2/2
f 5511/2/2 5508/2/2 5512/2/2
f 5513/2/2 5514/2/2 5517/2/2
f 5517/2/2 5514/2/2 5518/2/2
f 5515/2/2 5516/2/2 5519/2/2
f 5519/2/2 5516/2/2 5520/2/2
f 5521/2/2 5522/2/2 5525/2/2
f 5525/2/2 5522/2/2 5526/2/2
f 5523/2/2 5524/2/2 5527/2/2
f 5527/2/2 5524/2/2 5528/2/2
f 5529/2/2 5530/2/2 5533/2/2
f 5533/2/2 5530/2/2 5534/2/2
f 5531/2/2 5532/2/2 5535/2/2
f 5535/2/2 5532/2/2 5536/2/2
f 5537/2/2 5538/2/2 5541/2/2
f 5541/2/2 5538/2/2 5542/2/2
f 5539/2/2 5540/2/2 5543/2/2
f 5543/2/2 5540/2/2 5544/2/2
f 5545/2/2 5546/2/2 5549/2/2
f 5549/2/2 5546/2/2 5550/2/2
f 5547/2/2 5548/2/2 5551/2/2
f 5551/2/2 5548/2/2 5552/2/2
f 5553/2/2 5554/2/2 5557/2/2
f 5557/2/2 5554/2/2 5558/2/2
f 5555/2/2 5556/2/2 5559/2/2
f 5559/2/2 5556/2/2 5560/2/2
f 5561/2/2 5562/2/2 5565/2/2
f 5565/2/2 5562/2/2 5566/2/2
f 5563/2/2 5564/2/2 5567/2/2
f 5567/2/2 5564/2/2 5568/2/2
f 5569/2/2 5570/2/2 5573/2/2
f 5573/2/2 5570/2/2 5574/2/2
f 5571/2/2 5572/2/2 5575/2/2
f 5575/2/2 5572/2/2 5576/2/2
f 5577/2/2 5578/2/2 5581/2/2
f 5581/2/2 5578/2/2 5582/2/2
f 5579/2/2 5580/2/2 5583/2/2
f 5583/2/2 5580/2/2 5584/2/2
f 5585/3/2 5586/3/2 5589/3/2
f 5589/3/2 5586/3/2 5590/3/2
f 5587/3/2 5588/3/2 5591/3/2
f 5591/3/2 5588/3/2 5592/3/2
f 5593/2/2 5594/2/2 5597/2/2
f 5597/2/2 5594/2/2 5598/2/2
f 5595/2/2 5596/2/2 5599/2/2
f 5599/2/2 5596/2/2 5600/2/2
f 5601/2/2 5602/2/2 5605/2/2
f 5605/2/2 5602/2/2 5606/2/2
f 5603/2/2 5604/2/2 5607/2/2
f 5607/2/2 5604/2/2 5608/2/2
f 5609/4/2 5610/4/2 5613/4/2
f 5613/4/2 5610/4/2 5614/4/2
f 5611/4/2 5612/4/2 5615/4/2
f 5615/4/2 5612/4/2 5616/4/2
f 5617/2/2 5618/2/2 5621/2/2
f 5621/2/2 5618/2/2 5622/2/2
f 5619/2/2 5620/2/2 5623/2/2
f 5623/2/2 5620/2/2 5624/2/2
f 5625/2/2 5626/2/2 5629/2/2
f 5629/2/2 5626/2/2 5630/2/2
f 5627/2/2 5628/2/2 5631/2/2
f 5631/2/2 5628/2/2 5632/2/2
f 5633/2/2 5634/2/2 5637/2/2
f 5637/2/2 5634/2/2 5638/2/2
f 5635/2/2 5636/2/2 5639/2/2
f 5639/2/2 5636/2/2 5640/2/2
f 5641/3/2 5642/3/2 5645/3/2
f 5645/3/2 5642/3/2 5646/3/2
f 5643/3/2 5644/3/2 5647/3/2
f 5647/3/2 5644/3/2 5648/3/2
f 5649/3/2 5650/3/2 5653/3/2
f 5653/3/2 5650/3/2 5654/3/2
f 5651/3/2 5652/3/2 5655/3/2
f 5655/3/2 5652/3/2 5656/3/2
f 5657/3/2 5658/3/2 5661/3/2
f 5661/3/2 5658/3/2 5662/3/2
f 5659/3/2 5660/3/2 5663/3/2
f 5663/3/2 5660/3/2 5664/3/2
f 5665/2/2 5666/2/2 5669/2/2
f 5669/2/2 5666/2/2 5670/2/2
f 5667/2/2 5668/2/2 5671/2/2
f 5671/2/2 5668/2/2 5672/2/2
f 5673/2/2 5674/2/2 5677/2/2
f 5677/2/2 5674/2/2 5678/2/2
f 5675/2/2 5676/2/2 5679/2/2
f 5679/2/2 5676/2/2 5680/2/2
f 5681/2/2 5682/2/2 5685/2/2
f 5685/2/2 5682/2/2 5686/2/2
f 5683/2/2 5684/2/2 5687/2/2
f 5687/2/2 5684/2/2 5688/2/2
f 5689/2/2 5690/2/2 5693/2/2
f 5693/2/2 5690/2/2 5694/2/2
f 5691/2/2 5692/2/2 5695/2/2
f 5695/2/2 5692/2/2 5696/2/2
f 5697/2/2 5698/2/2 5701/2/2
f 5701/2/2 5698/2/2 5702/2/2
f 5699/2/2 5700/2/2 5703/2/2
f 5703/2/2 5700/2/2 5704/2/2
f 5705/3/2 5706/3/2 5709/3/2
f 5709/3/2 5706/3/2 5710/3/2
f 5707/3/2 5708/3/2 5711/3/2
f 5711/3/2 5708/3/2 5712/3/2
f 5713/2/2 5714/2/2 5717/2/2
f 5717/2/2 5714/2/2 5718/2/2
f 5715/2/2 5716/2/2 5719/2/2
f 5719/2/2 5716/2/2 5720/2/2
f 5721/2/2 5722/2/2 5725/2/2
f 5725/2/2 5722/2/2 5726/2/2
f 5723/2/2 5724/2/2 5727/2/2
f 5727/2/2 5724/2/2 5728/2/2
f 5729/2/2 5730/2/2 5733/2/2
f 5733/2/2 5730/2/2 5734/2/2
f 5731/2/2 5732/2/2 5735/2/2
f 5735/2/2 5732/2/2 5736/2/2
f 5737/2/2 5738/2/2 5741/2/2
f 5741/2/2 5738/2/2 5742/2/2
f 5739/2/2 5740/2/2 5743/2/2
f 5743/2/2 5740/2/2 5744/2/2
f 5745/2/2 5746/2/2 5749/2/2
f 5749/2/2 5746/2/2 5750/2/2
f 5747/2/2 5748/2/2 5751/2/2
f 5751/2/2 5748/2/2 5752/2/2
f 5753/2/2 5754/2/2 5757/2/2
f 5757/2/2 5754/2/2 5758/2/2
f 5755/2/2 5756/2/2 5759/2/2
f 5759/2/2 5756/2/2 5760/2/2
f 5761/2/2 5762/2/2 5765/2/2
f 5765/2/2 5762/2/2 5766/2/2
f 5763/2/2 5764/2/2 5767/2/2
f 5767/2/2 5764/2/2 5768/2/2
f 5769/2/2 5770/2/2 5773/2/2
f 5773/2/2 5770/2/2 5774/2/2
f 5771/2/2 5772/2/2 5775/2/2
f 5775/2/2 5772/2/2 5776/2/2
f 5777/2/2 5778/2/2 5781/2/2
f 5781/2/2 5778/2/2 5782/2/2
f 5779/2/2 5780/2/2 5783/2/2
f 5783/2/2 5780/2/2 5784/2/2
f 5785/2/2 5786/2/2 5789/2/2
f 5789/2/2 5786/2/2 5790/2/2
f 5787/2/2 5788/2/2 5791/2/2
f 5791/2/2 5788/2/2 5792/2/2
f 5793/2/2 5794/2/2 5797/2/2
f 5797/2/2 5794/2/2 5798/2/2
f 5795/2/2 5796/2/2 5799/2/2
f 5799/2/2 5796/2/2 5800/2/2
f 5801/3/2 5802/3/2 5805/3/2
f 5805/3/2 5802/3/2 5806/3/2
f 5803/3/2 5804/3/2 5807/3/2
f 5807/3/2 5804/3/2 5808/3/2
f 5809/2/2 5810/2/2 5813/2/2
f 5813/2/2 5810/2/2 5814/2/2
f 5811/2/2 5812/2/2 5815/2/2
f 5815/2/2 5812/2/2 5816/2/2
f 5817/2/2 5818/2/2 5821/2/2
f 5821/2/2 5818/2/2 5822/2/2
f 5819/2/2 5820/2/2 5823/2/2
f 5823/2/2 5820/2/2 5824/2/2
f 5825/4/2 5826/4/2 5829/4/2
f 5829/4/2 5826/4/2 5830/4/2
f 5827/4/2 5828/4/2 5831/4/2
f 5831/4/2 5828/4/2 5832/4/2
f 5833/2/2 5834/2/2 5837/2/2
f 5837/2/2 5834/2/2 5838/2/2
f 5835/2/2 5836/2/2 5839/2/2
f 5839/2/2 5836/2/2 5840/2/2
f 5841/2/2 5842/2/2 5845/2/2
f 5845/2/2 5842/2/2 5846/2/2
f 5843/2/2 5844/2/2 5847/2/2
f 5847/2/2 5844/2/2 5848/2/2
f 5849/2/2 5850/2/2 5853/2/2
f 5853/2/2 5850/2/2 5854/2/2
f 5851/2/2 5852/2/2 5855/2/2
f 5855/2/2 5852/2/2 5856/2/2
f 5857/2/2 5858/2/2 5861/2/2
f 5861/2/2 5858/2/2 5862/2/2
f 5859/2/2 5860/2/2 5863/2/2
f 5863/2/2 5860/2/2 5864/2/2
f 5865/2/2 5866/2/2 5869/2/2
f 5869/2/2 5866/2/2 5870/2/2
f 5867/2/2 5868/2/2 5871/2/2
f 5871/2/2 5868/2/2 5872/2/2
f 5873/2/2 5874/2/2 5877/2/2
f 5877/2/2 5874/2/2 5878/2/2
f 5875/2/2 5876/2/2 5879/2/2
f 5879/2/2 5876/2/2 5880/2/2
f 5881/2/2 5882/2/2 5885/2/2
f 5885/2/2 5882/2/2 5886/2/2
f 5883/2/2 5884/2/2 5887/2/2
f 5887/2/2 5884/2/2 5888/2/2
f 5889/2/2 5890/2/2 5893/2/2
f 5893/2/2 5890/2/2 5894/2/2
f 5891/2/2 5892/2/2 5895/2/2
f 5895/2/2 5892/2/2 5896/2/2
f 5897/2/2 5898/2/2 5901/2/2
f 5901/2/2 5898/2/2 5902/2/2
f 5899/2/2 5900/2/2 5903/2/2
f 5903/2/2 5900/2/2 5904/2/2
f 5905/2/2 5906/2/2 5909/2/2
f 5909/2/2 5906/2/2 5910/2/2
f 5907/2/2 5908/2/2 5911/2/2
f 5911/2/2 5908/2/2 5912/2/2
f 5913/3/2 5914/3/2 5917/3/2
f 5917/3/2 5914/3/2 5918/3/2
f 5915/3/2 5916/3/2 5919/3/2
f 5919/3/2 5916/3/2 5920/3/2
f 5921/2/2 5922/2/2 5925/2/2
f 5925/2/2 5922/2/2 5926/2/2
f 5923/2/2 5924/2/2 5927/2/2
f 5927/2/2 5924/2/2 5928/2/2
f 5929/2/2 5930/2/2 5933/2/2
f 5933/2/2 5930/2/2 5934/2/2
f 5931/2/2 5932/2/2 5935/2/2
f 5935/2/2 5932/2/2 5936/2/2
f 5937/2/2 5938/2/2 5941/2/2
f 5941/2/2 5938/2/2 5942/2/2
f 5939/2/2 5940/2/2 5943/2/2
f 5943/2/2 5940/2/2 5944/2/2
f 5945/2/2 5946/2/2 5949/2/2
f 5949/2/2 5946/2/2 5950/2/2
f 5947/2/2 5948/2/2 5951/2/2
f 5951/2/2 5948/2/2 5952/2/2
f 5953/2/2 5954/2/2 5957/2/2
f 5957/2/2 5954/2/2 5958/2/2
f 5955/2/2 5956/2/2 5959/2/2
f 5959/2/2 5956/2/2 5960/2/2
f 5961/2/2 5962/2/2 5965/2/2
f 5965/2/2 5962/2/2 5966/2/2
f 5963/2/2 5964/2/2 5967/2/2
f 5967/2/2 5964/2/2 5968/2/2
f 5969/3/2 5970/3/2 5973/3/2
f 5973/3/2 5970/3/2 5974/3/2
f 5971/3/2 5972/3/2 5975/3/2
f 5975/3/2 5972/3/2 5976/3/2
f 5977/1/2 5978/1/2 5979/1/2
f 5979/1/2 5978/1/2 5980/1/2
f 5981/2/2 5982/2/2 5985/2/2
f 5985/2/2 5982/2/2 5986/2/2
f 5983/2/2 5984/2/2 5987/2/2
f 5987/2/2 5984/2/2 5988/2/2
f 5989/2/2 5990/2/2 5993/2/2
f 5993/2/2 5990/2/2 5994/2/2
f 5991/2/2 5992/2/2 5995/2/2
f 5995/2/2 5992/2/2 5996/2/2
f 5997/2/2 5998/2/2 6001/2/2
f 6001/2/2 5998/2/2 6002/2/2
f 5999/2/2 6000/2/2 6003/2/2
f 6003/2/2 6000/2/2 6004/2/2
f 6005/2/2 6006/2/2 6009/2/2
f 6009/2/2 6006/2/2 6010/2/2
f 6007/2/2 6008/2/2 6011/2/2
f 6011/2/2 6008/2/2 6012/2/2
f 6013/2/2 6014/2/2 6017/2/2
f 6017/2/2 6014/2/2 6018/2/2
f 6015/2/2 6016/2/2 6019/2/2
f 6019/2/2 6016/2/2 6020/2/2
f 6021/2/2 6022/2/2 6025/2/2
f 6025/2/2 6022/2/2 6026/2/2
f 6023/2/2 6024/2/2 6027/2/2
f 6027/2/2 6024/2/2 6028/2/2
f 6029/2/2 6030/2/2 6033/2/2
f 6033/2/2 6030/2/2 6034/2/2
f 6031/2/2 6032/2/2 6035/2/2
f 6035/2/2 6032/2/2 6036/2/2
f 6037/2/2 6038/2/2 6041/2/2
f 6041/2/2 6038/2/2 6042/2/2
f 6039/2/2 6040/2/2 6043/2/2
f 6043/2/2 6040/2/2 6044/2/2
f 6045/2/2 6046/2/2 6049/2/2
f 6049/2/2 6046/2/2 6050/2/2
f 6047/2/2 6048/2/2 6051/2/2
f 6051/2/2 6048/2/2 6052/2/2
f 6053/2/2 6054/2/2 6057/2/2
f 6057/2/2 6054/2/2 6058/2/2
f 6055/2/2 6056/2/2 6059/2/2
f 6059/2/2 6056/2/2 6060/2/2
f 6061/2/2 6062/2/2 6065/2/2
f 6065/2/2 6062/2/2 6066/2/2
f 6063/2/2 6064/2/2 6067/2/2
f 6067/2/2 6064/2/2 6068/2/2
f 6069/2/2 6070/2/2 6073/2/2
f 6073/2/2 6070/2/2 6074/2/2
f 6071/2/2 6072/2/2 6075/2/2
f 6075/2/2 6072/2/2 6076/2/2
f 6077/2/2 6078/2/2 6081/2/2
f 6081/2/2 6078/2/2 6082/2/2
f 6079/2/2 6080/2/2 6083/2/2
f 6083/2/2 6080/2/2 6084/2/2
f 6085/2/2 6086/2/2 6089/2/2
f 6089/2/2 6086/2/2 6090/2/2
f 6087/2/2 6088/2/2 6091/2/2
f 6091/2/2 6088/2/2 6092/2/2
f 6093/2/2 6094/2/2 6097/2/2
f 6097/2/2 6094/2/2 6098/2/2
f 6095/2/2 6096/2/2 6099/2/2
f 6099/2/2 6096/2/2 6100/2/2
f 6101/2/2 6102/2/2 6105/2/2
f 6105/2/2 6102/2/2 6106/2/2
f 6103/2/2 6104/2/2 6107/2/2
f 6107/2/2 6104/2/2 6108/2/2
f 6109/3/2 6110/3/2 6113/3/2
f 6113/3/2 6110/3/2 6114/3/2
f 6111/3/2 6112/3/2 6115/3/2
f 6115/3/2 6112/3/2 6116/3/2
f 6117/2/2 6118/2/2 6121/2/2
f 6121/2/2 6118/2/2 6122/2/2
f 6119/2/2 6120/2/2 6123/2/2
f 6123/2/2 6120/2/2 6124/2/2
f 6125/2/2 6126/2/2 6129/2/2
f 6129/2/2 6126/2/2 6130/2/2
f 6127/2/2 6128/2/2 6131/2/2
f 6131/2/2 6128/2/2 6132/2/2
f 6133/2/2 6134/2/2 6137/2/2
f 6137/2/2 6134/2/2 6138/2/2
f 6135/2/2 6136/2/2 6139/2/2
f 6139/2/2 6136/2/2 6140/2/2
f 6141/2/2 6142/2/2 6145/2/2
f 6145/2/2 6142/2/2 6146/2/2
f 6143/2/2 6144/2/2 6147/2/2
f 6147/2/2 6144/2/2 6148/2/2
f 6149/2/2 6150/2/2 6153/2/2
f 6153/2/2 6150/2/2 6154/2/2
f 6151/2/2 6152/2/2 6155/2/2
f 6155/2/2 6152/2/2 6156/2/2
f 6157/4/2 6158/4/2 6161/4/2
f 6161/4/2 6158/4/2 6162/4/2
f 6159/4/2 6160/4/2 6163/4/2
f 6163/4/2 6160/4/2 6164/4/2
f 6165/1/2 6166/1/2 6167/1/2
f 6167/1/2 6166/1/2 6168/1/2
f 6169/2/2 6170/2/2 6173/2/2
f 6173/2/2 6170/2/2 6174/2/2
f 6171/2/2 6172/2/2 6175/2/2
f 6175/2/2 6172/2/2 6176/2/2
f 6177/2/2 6178/2/2 6181/2/2
f 6181/2/2 6178/2/2 6182/2/2
f 6179/2/2 6180/2/2 6183/2/2
f 6183/2/2 6180/2/2 6184/2/2
f 6185/2/2 6186/2/2 6189/2/2
f 6189/2/2 6186/2/2 6190/2/2
f 6187/2/2 6188/2/2 6191/2/2
f 6191/2/2 6188/2/2 6192/2/2
f 6193/2/2 6194/2/2 6197/2/2
f 6197/2/2 6194/2/2 6198/2/2
f 6195/2/2 6196/2/2 6199/2/2
f 6199/2/2 6196/2/2 6200/2/2
f 6201/2/2 6202/2/2 6205/2/2
f 6205/2/2 6202/2/2 6206/2/2
f 6203/2/2 6204/2/2 6207/2/2
f 6207/2/2 6204/2/2 6208/2/2
f 6209/2/2 6210/2/2 6213/2/2
f 6213/2/2 6210/2/2 6214/2/2
f 6211/2/2 6212/2/2 6215/2/2
f 6215/2/2 6212/2/2 6216/2/2
f 6217/2/2 6218/2/2 6221/2/2
f 6221/2/2 6218/2/2 6222/2/2
f 6219/2/2 6220/2/2 6223/2/2
f 6223/2/2 6220/2/2 6224/2/2
f 6225/2/2 6226/2/2 6229/2/2
f 6229/2/2 6226/2/2 6230/2/2
f 6227/2/2 6228/2/2 6231/2/2
f 6231/2/2 6228/2/2 6232/2/2
f 6233/3/2 6234/3/2 6237/3/2
f 6237/3/2 6234/3/2 6238/3/2
f 6235/3/2 6236/3/2 6239/3/2
f 6239/3/2 6236/3/2 6240/3/2
f 6241/2/2 6242/2/2 6245/2/2
f 6245/2/2 6242/2/2 6246/2/2
f 6243/2/2 6244/2/2 6247/2/2
f 6247/2/2 6244/2/2 6248/2/2
f 6249/2/2 6250/2/2 6253/2/2
f 6253/2/2 6250/2/2 6254/2/2
f 6251/2/2 6252/2/2 6255/2/2
f 6255/2/2 6252/2/2 6256/2/2
f 6257/2/2 6258/2/2 6261/2/2
f 6261/2/2 6258/2/2 6262/2/2
f 6259/2/2 6260/2/2 6263/2/2
f 6263/2/2 6260/2/2 6264/2/2
f 6265/4/2 6266/4/2 6269/4/2
f 6269/4/2 6266/4/2 6270/4/2
f 6267/4/2 6268/4/2 6271/4/2
f 6271/4/2 6268/4/2 6272/4/2
f 6273/2/2 6274/2/2 6277/2/2
f 6277/2/2 6274/2/2 6278/2/2
f 6275/2/2 6276/2/2 6279/2/2
f 6279/2/2 6276/2/2 6280/2/2
f 6281/2/2 6282/2/2 6285/2/2
f 6285/2/2 6282/2/2 6286/2/2
f 6283/2/2 6284/2/2 6287/2/2
f 6287/2/2 6284/2/2 6288/2/2
f 6289/3/2 6290/3/2 6293/3/2
f 6293/3/2 6290/3/2 6294/3/2
f 6291/3/2 6292/3/2 6295/3/2
f 6295/3/2 6292/3/2 6296/3/2
f 6297/2/2 6298/2/2 6301/2/2
f 6301/2/2 6298/2/2 6302/2/2
f 6299/2/2 6300/2/2 6303/2/2
f 6303/2/2 6300/2/2 6304/2/2
f 6305/2/2 6306/2/2 6309/2/2
f 6309/2/2 6306/2/2 6310/2/2
f 6307/2/2 6308/2/2 6311/2/2
f 6311/2/2 6308/2/2 6312/2/2
f 6313/2/2 6314/2/2 6317/2/2
f 6317/2/2 6314/2/2 6318/2/2
f 6315/2/2 6316/2/2 6319/2/2
f 6319/2/2 6316/2/2 6320/2/2
f 6321/2/2 6322/2/2 6325/2/2
f 6325/2/2 6322/2/2 6326/2/2
f 6323/2/2 6324/2/2 6327/2/2
f 6327/2/2 6324/2/2 6328/2/2
f 6329/2/2 6330/2/2 6333/2/2
f 6333/2/2 6330/2/2 6334/2/2
f 6331/2/2 6332/2/2 6335/2/2
f 6335/2/2 6332/2/2 6336/2/2
f 6337/2/2 6338/2/2 6341/2/2
f 6341/2/2 6338/2/2 6342/2/2
f 6339/2/2 6340/2/2 6343/2/2
f 6343/2/2 6340/2/2 6344/2/2
f 6345/3/2 6346/3/2 6349/3/2
f 6349/3/2 6346/3/2 6350/3/2
f 6347/3/2 6348/3/2 6351/3/2
f 6351/3/2 6348/3/2 6352/3/2
f 6353/3/2 6354/3/2 6357/3/2
f 6357/3/2 6354/3/2 6358/3/2
f 6355/3/2 6356/3/2 6359/3/2
f 6359/3/2 6356/3/2 6360/3/2
f 6361/2/2 6362/2/2 6365/2/2
f 6365/2/2 6362/2/2 6366/2/2
f 6363/2/2 6364/2/2 6367/2/2
f 6367/2/2 6364/2/2 6368/2/2
f 6369/2/2 6370/2/2 6373/2/2
f 6373/2/2 6370/2/2 6374/2/2
f 6371/2/2 6372/2/2 6375/2/2
f 6375/2/2 6372/2/2 6376/2/2
f 6377/2/2 6378/2/2 6381/2/2
f 6381/2/2 6378/2/2 6382/2/2
f 6379/2/2 6380/2/2 6383/2/2
f 6383/2/2 6380/2/2 6384/2/2
f 6385/2/2 6386/2/2 6389/2/2
f 6389/2/2 6386/2/2 6390/2/2
f 6387/2/2 6388/2/2 6391/2/2
f 6391/2/2 6388/2/2 6392/2/2
f 6393/2/2 6394/2/2 6397/2/2
f 6397/2/2 6394/2/2 6398/2/2
f 6395/2/2 6396/2/2 6399/2/2
f 6399/2/2 6396/2/2 6400/2/2
f 6401/2/2 6402/2/2 6405/2/2
f 6405/2/2 6402/2/2 6406/2/2
f 6403/2/2 6404/2/2 6407/2/2
f 6407/2/2 6404/2/2 6408/2/2
f 6409/3/2 6410/3/2 6413/3/2
f 6413/3/2 6410/3/2 6414/3/2
f 6411/3/2 6412/3/2 6415/3/2
f 6415/3/2 6412/3/2 6416/3/2
f 6417/2/2 6418/2/2 6421/2/2
f 6421/2/2 6418/2/2 6422/2/2
f 6419/2/2 6420/2/2 6423/2/2
f 6423/2/2 6420/2/2 6424/2/2
f 6425/2/2 6426/2/2 6429/2/2
f 6429/2/2 6426/2/2 6430/2/2
f 6427/2/2 6428/2/2 6431/2/2
f 6431/2/2 6428/2/2 6432/2/2
f 6433/2/2 6434/2/2 6437/2/2
f 6437/2/2 6434/2/2 6438/2/2
f 6435/2/2 6436/2/2 6439/2/2
f 6439/2/2 6436/2/2 6440/2/2
f 6441/2/2 6442/2/2 6445/2/2
f 6445/2/2 6442/2/2 6446/2/2
f 6443/2/2 6444/2/2 6447/2/2
f 6447/2/2 6444/2/2 6448/2/2
f 6449/2/2 6450/2/2 6453/2/2
f 6453/2/2 6450/2/2 6454/2/2
f 6451/2/2 6452/2/2 6455/2/2
f 6455/2/2 6452/2/2 6456/2/2
f 6457/2/2 6458/2/2 6461/2/2
f 6461/2/2 6458/2/2 6462/2/2
f 6459/2/2 6460/2/2 6463/2/2
f 6463/2/2 6460/2/2 6464/2/2
f 6465/2/2 6466/2/2 6469/2/2
f 6469/2/2 6466/2/2 6470/2/2
f 6467/2/2 6468/2/2 6471/2/2
f 6471/2/2 6468/2/2 6472/2/2
f 6473/2/2 6474/2/2 6477/2/2
f 6477/2/2 6474/2/2 6478/2/2
f 6475/2/2 6476/2/2 6479/2/2
f 6479/2/2 6476/2/2 6480/2/2
f 6481/2/2 6482/2/2 6485/2/2
f 6485/2/2 6482/2/2 6486/2/2
f 6483/2/2 6484/2/2 6487/2/2
f 6487/2/2 6484/2/2 6488/2/2
f 6489/2/2 6490/2/2 6493/2/2
f 6493/2/2 6490/2/2 6494/2/2
f 6491/2/2 6492/2/2 6495/2/2
f 6495/2/2 6492/2/2 6496/2/2
f 6497/2/2 6498/2/2 6499/2/2
f 6499/2/2 6498/2/2 6500/2/2
f 6501/2/2 6502/2/2 6505/2/2
f 6505/2/2 6502/2/2 6506/2/2
f 6503/2/2 6504/2/2 6507/2/2
f 6507/2/2 6504/2/2 6508/2/2
f 6509/2/2 6510/2/2 6513/2/2
f 6513/2/2 6510/2/2 6514/2/2
f 6511/2/2 6512/2/2 6515/2/2
f 6515/2/2 6512/2/2 6516/2/2
f 6517/2/2 6518/2/2 6521/2/2
f 6521/2/2 6518/2/2 6522/2/2
f 6519/2/2 6520/2/2 6523/2/2
f 6523/2/2 6520/2/2 6524/2/2
f 6525/2/2 6526/2/2 6529/2/2
f 6529/2/2 6526/2/2 6530/2/2
f 6527/2/2 6528/2/2 6531/2/2
f 6531/2/2 6528/2/2 6532/2/2
f 6533/2/2 6534/2/2 6537/2/2
f 6537/2/2 6534/2/2 6538/2/2
f 6535/2/2 6536/2/2 6539/2/2
f 6539/2/2 6536/2/2 6540/2/2
f 6541/2/2 6542/2/2 6545/2/2
f 6545/2/2 6542/2/2 6546/2/2
f 6543/2/2 6544/2/2 6547/2/2
f 6547/2/2 6544/2/2 6548/2/2
f 6549/2/2 6550/2/2 6553/2/2
f 6553/2/2 6550/2/2 6554/2/2
f 6551/2/2 6552/2/2 6555/2/2
f 6555/2/2 6552/2/2 6556/2/2
f 6557/2/2 6558/2/2 6561/2/2
f 6561/2/2 6558/2/2 6562/2/2
f 6559/2/2 6560/2/2 6563/2/2
f 6563/2/2 6560/2/2 6564/2/2
f 6565/2/2 6566/2/2 6569/2/2
f 6569/2/2 6566/2/2 6570/2/2
f 6567/2/2 6568/2/2 6571/2/2
f 6571/2/2 6568/2/2 6572/2/2
f 6573/2/2 6574/2/2 6577/2/2
f 6577/2/2 6574/2/2 6578/2/2
f 6575/2/2 6576/2/2 6579/2/2
f 6579/2/2 6576/2/2 6580/2/2
f 6581/2/2 6582/2/2 6585/2/2
f 6585/2/2 6582/2/2 6586/2/2
f 6583/2/2 6584/2/2 6587/2/2
f 6587/2/2 6584/2/2 6588/2/2
f 6589/2/2 6590/2/2 6593/2/2
f 6593/2/2 6590/2/2 6594/2/2
f 6591/2/2 6592/2/2 6595/2/2
f 6595/2/2 6592/2/2 6596/2/2
f 6597/2/2 6598/2/2 6601/2/2
f 6601/2/2 6598/2/2 6602/2/2
f 6599/2/2 6600/2/2 6603/2/2
f 6603/2/2 6600/2/2 6604/2/2
f 6605/2/2 6606/2/2 6609/2/2
f 6609/2/2 6606/2/2 6610/2/2
f 6607/2/2 6608/2/2 6611/2/2
f 6611/2/2 6608/2/2 6612/2/2
f 6613/2/2 6614/2/2 6617/2/2
f 6617/2/2 6614/2/2 6618/2/2
f 6615/2/2 6616/2/2 6619/2/2
f 6619/2/2 6616/2/2 6620/2/2
f 6621/2/2 6622/2/2 6625/2/2
f 6625/2/2 6622/2/2 6626/2/2
f 6623/2/2 6624/2/2 6627/2/2
f 6627/2/2 6624/2/2 6628/2/2
f 6629/2/2 6630/2/2 6633/2/2
f 6633/2/2 6630/2/2 6634/2/2
f 6631/2/2 6632/2/2 6635/2/2
f 6635/2/2 6632/2/2 6636/2/2
f 6637/3/2 6638/3/2 6641/3/2
f 6641/3/2 6638/3/2 6642/3/2
f 6639/3/2 6640/3/2 6643/3/2
f 6643/3/2 6640/3/2 6644/3/2
f 6645/2/2 6646/2/2 6649/2/2
f 6649/2/2 6646/2/2 6650/2/2
f 6647/2/2 6648/2/2 6651/2/2
f 6651/2/2 6648/2/2 6652/2/2
f 6653/3/2 6654/3/2 6657/3/2
f 6657/3/2 6654/3/2 6658/3/2
f 6655/3/2 6656/3/2 6659/3/2
f 6659/3/2 6656/3/2 6660/3/2
f 6661/2/2 6662/2/2 6665/2/2
f 6665/2/2 6662/2/2 6666/2/2
f 6663/2/2 6664/2/2 6667/2/2
f 6667/2/2 6664/2/2 6668/2/2
f 6669/2/2 6670/2/2 6673/2/2
f 6673/2/2 6670/2/2 6674/2/2
f 6671/2/2 6672/2/2 6675/2/2
f 6675/2/2 6672/2/2 6676/2/2
f 6677/2/2 6678/2/2 6681/2/2
f 6681/2/2 6678/2/2 6682/2/2
f 6679/2/2 6680/2/2 6683/2/2
f 6683/2/2 6680/2/2 6684/2/2
f 6685/2/2 6686/2/2 6689/2/2
f 6689/2/2 6686/2/2 6690/2/2
f 6687/2/2 6688/2/2 6691/2/2
f 6691/2/2 6688/2/2 6692/2/2
f 6693/2/2 6694/2/2 6697/2/2
f 6697/2/2 6694/2/2 6698/2/2
f 6695/2/2 6696/2/2 6699/2/2
f 6699/2/2 6696/2/2 6700/2/2
f 6701/2/2 6702/2/2 6705/2/2
f 6705/2/2 6702/2/2 6706/2/2
f 6703/2/2 6704/2/2 6707/2/2
f 6707/2/2 6704/2/2 6708/2/2
f 6709/2/2 6710/2/2 6713/2/2
f 6713/2/2 6710/2/2 6714/2/2
f 6711/2/2 6712/2/2 6715/2/2
f 6715/2/2 6712/2/2 6716/2/2
f 6717/2/2 6718/2/2 6721/2/2
f 6721/2/2 6718/2/2 6722/2/2
f 6719/2/2 6720/2/2 6723/2/2
f 6723/2/2 6720/2/2 6724/2/2
f 6725/2/2 6726/2/2 6729/2/2
f 6729/2/2 6726/2/2 6730/2/2
f 6727/2/2 6728/2/2 6731/2/2
f 6731/2/2 6728/2/2 6732/2/2
f 6733/2/2 6734/2/2 6737/2/2
f 6737/2/2 6734/2/2 6738/2/2
f 6735/2/2 6736/2/2 6739/2/2
f 6739/2/2 6736/2/2 6740/2/2
f 6741/3/2 6742/3/2 6745/3/2
f 6745/3/2 6742/3/2 6746/3/2
f 6743/3/2 6744/3/2 6747/3/2
f 6747/3/2 6744/3/2 6748/3/2
f 6749/2/2 6750/2/2 6753/2/2
f 6753/2/2 6750/2/2 6754/2/2
f 6751/2/2 6752/2/2 6755/2/2
f 6755/2/2 6752/2/2 6756/2/2
f 6757/3/2 6758/3/2 6761/3/2
f 6761/3/2 6758/3/2 6762/3/2
f 6759/3/2 6760/3/2 6763/3/2
f 6763/3/2 6760/3/2 6764/3/2
f 6765/2/2 6766/2/2 6769/2/2
f 6769/2/2 6766/2/2 6770/2/2
f 6767/2/2 6768/2/2 6771/2/2
f 6771/2/2 6768/2/2 6772/2/2
f 6773/3/2 6774/3/2 6777/3/2
f 6777/3/2 6774/3/2 6778/3/2
f 6775/3/2 6776/3/2 6779/3/2
f 6779/3/2 6776/3/2 6780/3/2
f 6781/2/2 6782/2/2 6785/2/2
f 6785/2/2 6782/2/2 6786/2/2
f 6783/2/2 6784/2/2 6787/2/2
f 6787/2/2 6784/2/2 6788/2/2
f 6789/2/2 6790/2/2 6793/2/2
f 6793/2/2 6790/2/2 6794/2/2
f 6791/2/2 6792/2/2 6795/2/2
f 6795/2/2 6792/2/2 6796/2/2
f 6797/4/2 6798/4/2 6801/4/2
f 6801/4/2 6798/4/2 6802/4/2
f 6799/4/2 6800/4/2 6803/4/2
f 6803/4/2 6800/4/2 6804/4/2
f 6805/2/2 6806/2/2 6809/2/2
f 6809/2/2 6806/2/2 6810/2/2
f 6807/2/2 6808/2/2 6811/2/2
f 6811/2/2 6808/2/2 6812/2/2
f 6813/2/2 6814/2/2 6817/2/2
f 6817/2/2 6814/2/2 6818/2/2
f 6815/2/2 6816/2/2 6819/2/2
f 6819/2/2 6816/2/2 6820/2/2
f 6821/2/2 6822/2/2 6825/2/2
f 6825/2/2 6822/2/2 6826/2/2
f 6823/2/2 6824/2/2 6827/2/2
f 6827/2/2 6824/2/2 6828/2/2
f 6829/2/2 6830/2/2 6833/2/2
f 6833/2/2 6830/2/2 6834/2/2
f 6831/2/2 6832/2/2 6835/2/2
f 6835/2/2 6832/2/2 6836/2/2
f 6837/4/2 6838/4/2 6841/4/2
f 6841/4/2 6838/4/2 6842/4/2
f 6839/4/2 6840/4/2 6843/4/2
f 6843/4/2 6840/4/2 6844/4/2
f 6845/2/2 6846/2/2 6849/2/2
f 6849/2/2 6846/2/2 6850/2/2
f 6847/2/2 6848/2/2 6851/2/2
f 6851/2/2 6848/2/2 6852/2/2
f 6853/2/2 6854/2/2 6857/2/2
f 6857/2/2 6854/2/2 6858/2/2
f 6855/2/2 6856/2/2 6859/2/2
f 6859/2/2 6856/2/2 6860/2/2
f 6861/2/2 6862/2/2 6865/2/2
f 6865/2/2 6862/2/2 6866/2/2
f 6863/2/2 6864/2/2 6867/2/2
f 6867/2/2 6864/2/2 6868/2/2
f 6869/2/2 6870/2/2 6873/2/2
f 6873/2/2 6870/2/2 6874/2/2
f 6871/2/2 6872/2/2 6875/2/2
f 6875/2/2 6872/2/2 6876/2/2
f 6877/2/2 6878/2/2 6881/2/2
f 6881/2/2 6878/2/2 6882/2/2
f 6879/2/2 6880/2/2 6883/2/2
f 6883/2/2 6880/2/2 6884/2/2
f 6885/2/2 6886/2/2 6889/2/2
f 6889/2/2 6886/2/2 6890/2/2
f 6887/2/2 6888/2/2 6891/2/2
f 6891/2/2 6888/2/2 6892/2/2
f 6893/2/2 6894/2/2 6897/2/2
f 6897/2/2 6894/2/2 6898/2/2
f 6895/2/2 6896/2/2 6899/2/2
f 6899/2/2 6896/2/2 6900/2/2
f 6901/2/2 6902/2/2 6905/2/2
f 6905/2/2 6902/2/2 6906/2/2
f 6903/2/2 6904/2/2 6907/2/2
f 6907/2/2 6904/2/2 6908/2/2
f 6909/2/2 6910/2/2 6913/2/2
f 6913/2/2 6910/2/2 6914/2/2
f 6911/2/2 6912/2/2 6915/2/2
f 6915/2/2 6912/2/2 6916/2/2
f 6917/2/2 6918/2/2 6921/2/2
f 6921/2/2 6918/2/2 6922/2/2
f 6919/2/2 6920/2/2 6923/2/2
f 6923/2/2 6920/2/2 6924/2/2
f 6925/2/2 6926/2/2 6929/2/2
f 6929/2/2 6926/2/2 6930/2/2
f 6927/2/2 6928/2/2 6931/2/2
f 6931/2/2 6928/2/2 6932/2/2
f 6933/2/2 6934/2/2 6937/2/2
f 6937/2/2 6934/2/2 6938/2/2
f 6935/2/2 6936/2/2 6939/2/2
f 6939/2/2 6936/2/2 6940/2/2
f 6941/2/2 6942/2/2 6945/2/2
f 6945/2/2 6942/2/2 6946/2/2
f 6943/2/2 6944/2/2 6947/2/2
f 6947/2/2 6944/2/2 6948/2/2
f 6949/2/2 6950/2/2 6953/2/2
f 6953/2/2 6950/2/2 6954/2/2
f 6951/2/2 6952/2/2 6955/2/2
f 6955/2/2 6952/2/2 6956/2/2
f 6957/2/2 6958/2/2 6961/2/2
f 6961/2/2 6958/2/2 6962/2/2
f 6959/2/2 6960/2/2 6963/2/2
f 6963/2/2 6960/2/2 6964/2/2
f 6965/2/2 6966/2/2 6969/2/2
f 6969/2/2 6966/2/2 6970/2/2
f 6967/2/2 6968/2/2 6971/2/2
f 6971/2/2 6968/2/2 6972/2/2
f 6973/2/2 6974/2/2 6975/2/2
f 6975/2/2 6974/2/2 6976/2/2
f 6976/2/2 6974/2/2 6977/2/2
f 6977/2/2 6974/2/2 6978/2/2
f 6976/1/2 6977/1/2 6980/1/2
f 6980/1/2 6977/1/2 6981/1/2
f 6979/2/2 6980/2/2 6983/2/2
f 6981/2/2 6982/2/2 6983/2/2
f 6980/2/2 6981/2/2 6983/2/2
f 6983/2/2 6982/2/2 6984/2/2
f 6984/2/2 6982/2/2 6985/2/2
f 6985/2/2 6982/2/2 6986/2/2
f 6984/1/2 6985/1/2 6988/1/2
f 6988/1/2 6985/1/2 6989/1/2
f 6987/2/2 6988/2/2 6991/2/2
f 6989/2/2 6990/2/2 6991/2/2
f 6988/2/2 6989/2/2 6991/2/2
f 6991/2/2 6990/2/2 6992/2/2
f 6992/2/2 6990/2/2 6993/2/2
f 6993/2/2 6990/2/2 6994/2/2
f 6992/1/2 6993/1/2 6996/1/2
f 6996/1/2 6993/1/2 6997/1/2
f 6995/2/2 6996/2/2 6999/2/2
f 6997/2/2 6998/2/2 6999/2/2
f 6996/2/2 6997/2/2 6999/2/2
f 6999/2/2 6998/2/2 7000/2/2
f 7000/2/2 6998/2/2 7001/2/2
f 7001/2/2 6998/2/2 7002/2/2
f 7000/1/2 7001/1/2 7004/1/2
f 7004/1/2 7001/1/2 7005/1/2
f 7003/2/2 7004/2/2 7007/2/2
f 7005/2/2 7006/2/2 7007/2/2
f 7004/2/2 7005/2/2 7007/2/2
f 7007/2/2 7006/2/2 7008/2/2
f 7008/2/2 7006/2/2 7009/2/2
f 7009/2/2 7006/2/2 7010/2/2
f 7008/1/2 7009/1/2 7012/1/2
f 7012/1/2 7009/1/2 7013/1/2
f 7011/2/2 7012/2/2 7015/2/2
f 7013/2/2 7014/2/2 7015/2/2
f 7012/2/2 7013/2/2 7015/2/2
f 7015/2/2 7014/2/2 7016/2/2
f 7016/2/2 7014/2/2 7017/2/2
f 7017/2/2 7014/2/2 7018/2/2
f 7016/1/2 7017/1/2 7020/1/2
f 7020/1/2 7017/1/2 7021/1/2
f 7019/2/2 7020/2/2 7023/2/2
f 7021/2/2 7022/2/2 7023/2/2
f 7020/2/2 7021/2/2 7023/2/2
f 7023/2/2 7022/2/2 7024/2/2
f 7024/2/2 7022/2/2 7025/2/2
f 7025/2/2 7022/2/2 7026/2/2
f 7024/1/2 7025/1/2 7028/1/2
f 7028/1/2 7025/1/2 7029/1/2
f 7027/2/2 7028/2/2 7031/2/2
f 7029/2/2 7030/2/2 7031/2/2
f 7028/2/2 7029/2/2 7031/2/2
f 7031/2/2 7030/2/2 7032/2/2
f 7032/2/2 7030/2/2 7033/2/2
f 7033/2/2 7030/2/2 7034/2/2
f 7032/1/2 7033/1/2 7036/1/2
f 7036/1/2 7033/1/2 7037/1/2
f 7035/2/2 7036/2/2 7039/2/2
f 7037/2/2 7038/2/2 7039/2/2
f 7036/2/2 7037/2/2 7039/2/2
f 7039/2/2 7038/2/2 7040/2/2
f 7040/2/2 7038/2/2 7041/2/2
f 7041/2/2 7038/2/2 7042/2/2
f 7040/1/2 7041/1/2 7044/1/2
f 7044/1/2 7041/1/2 7045/1/2
f 7043/2/2 7044/2/2 7047/2/2
f 7045/2/2 7046/2/2 7047/2/2
f 7044/2/2 7045/2/2 7047/2/2
f 7047/2/2 7046/2/2 7048/2/2
f 7048/2/2 7046/2/2 7049/2/2
f 7049/2/2 7046/2/2 7050/2/2
f 7048/1/2 7049/1/2 7052/1/2
f 7052/1/2 7049/1/2 7053/1/2
f 7051/2/2 7052/2/2 7055/2/2
f 7053/2/2 7054/2/2 7055/2/2
f 7052/2/2 7053/2/2 7055/2/2
f 7055/2/2 7054/2/2 7056/2/2
f 7056/2/2 7054/2/2 7057/2/2
f 7057/2/2 7054/2/2 7058/2/2
f 7056/1/2 7057/1/2 7060/1/2
f 7060/1/2 7057/1/2 7061/1/2
f 7059/2/2 7060/2/2 7063/2/2
f 7061/2/2 7062/2/2 7063/2/2
f 7060/2/2 7061/2/2 7063/2/2
f 7063/2/2 7062/2/2 7064/2/2
f 7064/2/2 7062/2/2 7065/2/2
f 7065/2/2 7062/2/2 7066/2/2
f 7064/1/2 7065/1/2 7068/1/2
f 7068/1/2 7065/1/2 7069/1/2
f 7067/2/2 7068/2/2 7071/2/2
f 7069/2/2 7070/2/2 7071/2/2
f 7068/2/2 7069/2/2 7071/2/2
f 7071/2/2 7070/2/2 7072/2/2
f 7072/2/2 7070/2/2 7073/2/2
f 7073/2/2 7070/2/2 7074/2/2
f 7072/1/2 7073/1/2 7076/1/2
f 7076/1/2 7073/1/2 7077/1/2
f 7075/2/2 7076/2/2 7079/2/2
f 7077/2/2 7078/2/2 7079/2/2
f 7076/2/2 7077/2/2 7079/2/2
f 7079/2/2 7078/2/2 7080/2/2
f 7080/2/2 7078/2/2 7081/2/2
f 7081/2/2 7078/2/2 7082/2/2
f 7080/1/2 7081/1/2 7084/1/2
f 7084/1/2 7081/1/2 7085/1/2
f 7083/2/2 7084/2/2 7087/2/2
f 7085/2/2 7086/2/2 7087/2/2
f 7084/2/2 7085/2/2 7087/2/2
f 7087/2/2 7086/2/2 7088/2/2
f 7088/2/2 7086/2/2 7089/2/2
f 7089/2/2 7086/2/2 7090/2/2
f 7088/1/2 7089/1/2 7092/1/2
f 7092/1/2 7089/1/2 7093/1/2
f 7091/2/2 7092/2/2 7095/2/2
f 7093/2/2 7094/2/2 7095/2/2
f 7092/2/2 7093/2/2 7095/2/2
f 7095/2/2 7094/2/2 7096/2/2
f 7096/2/2 7094/2/2 7097/2/2
f 7097/2/2 7094/2/2 7098/2/2
f 7096/1/2 7097/1/2 7099/1/2
f 7099/1/2 7097/1/2 7100/1/2
f 7099/2/2 7100/2/2 7101/2/2
f 7101/2/2 7100/2/2 7102/2/2
f 7101/1/2 7102/1/2 7104/1/2
f 7104/1/2 7102/1/2 7105/1/2
f 7104/2/2 7105/2/2 7107/2/2
f 7105/2/2 7106/2/2 7107/2/2
f 7103/2/2 7104/2/2 7107/2/2
f 7107/2/2 7106/2/2 7108/2/2
f 7108/2/2 7106/2/2 7109/2/2
f 7109/2/2 7106/2/2 7110/2/2
f 7108/1/2 7109/1/2 7112/1/2
f 7112/1/2 7109/1/2 7113/1/2
f 7111/2/2 7112/2/2 7115/2/2
f 7113/2/2 7114/2/2 7115/2/2
f 7112/2/2 7113/2/2 7115/2/2
f 7115/2/2 7114/2/2 7116/2/2
f 7116/2/2 7114/2/2 7117/2/2
f 7117/2/2 7114/2/2 7118/2/2
f 7116/1/2 7117/1/2 7120/1/2
f 7120/1/2 7117/1/2 7121/1/2
f 7119/2/2 7120/2/2 7123/2/2
f 7121/2/2 7122/2/2 7123/2/2
f 7120/2/2 7121/2/2 7123/2/2
f 7123/2/2 7122/2/2 7124/2/2
f 7124/2/2 7122/2/2 7125/2/2
f 7125/2/2 7122/2/2 7126/2/2
f 7124/1/2 7125/1/2 7128/1/2
f 7128/1/2 7125/1/2 7129/1/2
f 7127/2/2 7128/2/2 7131/2/2
f 7129/2/2 7130/2/2 7131/2/2
f 7128/2/2 7129/2/2 7131/2/2
f 7131/2/2 7130/2/2 7132/2/2
f 7132/2/2 7130/2/2 7133/2/2
f 7133/2/2 7130/2/2 7134/2/2
f 7132/1/2 7133/1/2 7136/1/2
f 7136/1/2 7133/1/2 7137/1/2
f 7135/2/2 7136/2/2 7139/2/2
f 7137/2/2 7138/2/2 7139/2/2
f 7136/2/2 7137/2/2 7139/2/2
f 7139/2/2 7138/2/2 7140/2/2
f 7140/2/2 7138/2/2 7141/2/2
f 7141/2/2 7138/2/2 7142/2/2
f 7140/1/2 7141/1/2 7144/1/2
f 7144/1/2 7141/1/2 7145/1/2
f 7143/2/2 7144/2/2 7147/2/2
f 7145/2/2 7146/2/2 7147/2/2
f 7144/2/2 7145/2/2 7147/2/2
f 7147/2/2 7146/2/2 7148/2/2
f 7148/2/2 7146/2/2 7149/2/2
f 7149/2/2 7146/2/2 7150/2/2
f 7148/1/2 7149/1/2 7152/1/2
f 7152/1/2 7149/1/2 7153/1/2
f 7151/2/2 7152/2/2 7155/2/2
f 7153/2/2 7154/2/2 7155/2/2
f 7152/2/2 7153/2/2 7155/2/2
f 7155/2/2 7154/2/2 7156/2/2
f 7156/2/2 7154/2/2 7157/2/2
f 7157/2/2 7154/2/2 7158/2/2
f 7156/1/2 7157/1/2 7160/1/2
f 7160/1/2 7157/1/2 7161/1/2
f 7159/2/2 7160/2/2 7163/2/2
f 7161/2/2 7162/2/2 7163/2/2
f 7160/2/2 7161/2/2 7163/2/2
f 7163/2/2 7162/2/2 7164/2/2
f 7164/2/2 7162/2/2 7165/2/2
f 7165/2/2 7162/2/2 7166/2/2
f 7164/1/2 7165/1/2 7168/1/2
f 7168/1/2 7165/1/2 7169/1/2
f 7167/2/2 7168/2/2 7171/2/2
f 7169/2/2 7170/2/2 7171/2/2
f 7168/2/2 7169/2/2 7171/2/2
f 7171/2/2 7170/2/2 7172/2/2
f 7172/2/2 7170/2/2 7173/2/2
f 7173/2/2 7170/2/2 7174/2/2
f 7172/1/2 7173/1/2 7175/1/2
f 7175/1/2 7173/1/2 7176/1/2
f 7175/2/2 7176/2/2 7177/2/2
f 7177/2/2 7176/2/2 7178/2/2
f 7177/1/2 7178/1/2 7180/1/2
f 7180/1/2 7178/1/2 7181/1/2
f 7180/2/2 7181/2/2 7183/2/2
f 7181/2/2 7182/2/2 7183/2/2
f 7179/2/2 7180/2/2 7183/2/2
f 7183/2/2 7182/2/2 7184/2/2
f 7184/2/2 7182/2/2 7185/2/2
f 7185/2/2 7182/2/2 7186/2/2
f 7184/1/2 7185/1/2 7188/1/2
f 7188/1/2 7185/1/2 7189/1/2
f 7187/2/2 7188/2/2 7191/2/2
f 7189/2/2 7190/2/2 7191/2/2
f 7188/2/2 7189/2/2 7191/2/2
f 7191/2/2 7190/2/2 7192/2/2
f 7192/2/2 7190/2/2 7193/2/2
f 7193/2/2 7190/2/2 7194/2/2
f 7192/1/2 7193/1/2 7196/1/2
f 7196/1/2 7193/1/2 7197/1/2
f 7195/2/2 7196/2/2 7199/2/2
f 7197/2/2 7198/2/2 7199/2/2
f 7196/2/2 7197/2/2 7199/2/2
f 7199/2/2 7198/2/2 7200/2/2
f 7200/2/2 7198/2/2 7201/2/2
f 7201/2/2 7198/2/2 7202/2/2
f 7200/1/2 7201/1/2 7203/1/2
f 7203/1/2 7201/1/2 7204/1/2
f 7203/2/2 7204/2/2 7205/2/2
f 7205/2/2 7204/2/2 7206/2/2
f 7205/1/2 7206/1/2 7208/1/2
f 7208/1/2 7206/1/2 7209/1/2
f 7208/2/2 7209/2/2 7211/2/2
f 7209/2/2 7210/2/2 7211/2/2
f 7207/2/2 7208/2/2 7211/2/2
f 7211/2/2 7210/2/2 7212/2/2
f 7212/2/2 7210/2/2 7213/2/2
f 7213/2/2 7210/2/2 7214/2/2
f 7212/1/2 7213/1/2 7215/1/2
f 7215/1/2 7213/1/2 7216/1/2
f 7279/3/3 7218/3/3 7217/3/3
f 7280/3/3 7218/3/3 7279/3/3
f 7281/2/3 7220/2/3 7219/2/3
f 7282/2/3 7220/2/3 7281/2/3
f 7283/2/3 7222/2/3 7221/2/3
f 7284/2/3 7222/2/3 7283/2/3
f 7285/2/3 7224/2/3 7223/2/3
f 7286/2/3 7224/2/3 7285/2/3
f 7287/2/3 7226/2/3 7225/2/3
f 7288/2/3 7226/2/3 7287/2/3
f 7289/2/3 7228/2/3 7227/2/3
f 7290/2/3 7228/2/3 7289/2/3
f 7291/2/3 7230/2/3 7229/2/3
f 7292/2/3 7230/2/3 7291/2/3
f 7293/2/3 7232/2/3 7231/2/3
f 7294/2/3 7232/2/3 7293/2/3
f 7295/2/3 7234/2/3 7233/2/3
f 7296/2/3 7234/2/3 7295/2/3
f 7297/2/3 7236/2/3 7235/2/3
f 7298/2/3 7236/2/3 7297/2/3
f 7299/2/3 7238/2/3 7237/2/3
f 7300/2/3 7238/2/3 7299/2/3
f 7301/2/3 7240/2/3 7239/2/3
f 7302/2/3 7240/2/3 7301/2/3
f 7303/3/3 7242/3/3 7241/3/3
f 7304/3/3 7242/3/3 7303/3/3
f 7305/2/3 7244/2/3 7243/2/3
f 7306/2/3 7244/2/3 7305/2/3
f 7307/2/3 7246/2/3 7245/2/3
f 7308/2/3 7246/2/3 7307/2/3
f 7309/2/3 7248/2/3 7247/2/3
f 7310/2/3 7248/2/3 7309/2/3
f 7337/2/3 7252/2/3 7251/2/3
f 7338/2/3 7252/2/3 7337/2/3
f 7339/2/3 7250/2/3 7249/2/3
f 7340/2/3 7250/2/3 7339/2/3
f 7341/2/3 7337/2/3 7251/2/3
f 7342/2/3 7337/2/3 7341/2/3
f 7343/2/3 7254/2/3 7253/2/3
f 7344/2/3 7254/2/3 7343/2/3
f 7345/2/3 7256/2/3 7255/2/3
f 7346/2/3 7256/2/3 7345/2/3
f 7347/2/3 7258/2/3 7257/2/3
f 7348/2/3 7258/2/3 7347/2/3
f 7349/2/3 7260/2/3 7259/2/3
f 7350/2/3 7260/2/3 7349/2/3
f 7351/2/3 7262/2/3 7261/2/3
f 7352/2/3 7262/2/3 7351/2/3
f 7353/3/3 7264/3/3 7263/3/3
f 7354/3/3 7264/3/3 7353/3/3
f 7355/2/3 7266/2/3 7265/2/3
f 7356/2/3 7266/2/3 7355/2/3
f 7357/2/3 7268/2/3 7267/2/3
f 7358/2/3 7268/2/3 7357/2/3
f 7359/2/3 7270/2/3 7269/2/3
f 7360/2/3 7270/2/3 7359/2/3
f 7361/2/3 7272/2/3 7271/2/3
f 7362/2/3 7272/2/3 7361/2/3
f 7363/2/3 7274/2/3 7273/2/3
f 7364/2/3 7274/2/3 7363/2/3
f 7365/4/3 7276/4/3 7275/4/3
f 7366/4/3 7276/4/3 7365/4/3
f 7367/2/3 7278/2/3 7277/2/3
f 7368/2/3 7278/2/3 7367/2/3
f 7389/2/3 7314/2/3 7313/2/3
f 7390/2/3 7314/2/3 7389/2/3
f 7393/2/3 7312/2/3 7311/2/3
f 7394/2/3 7312/2/3 7393/2/3
f 7395/2/3 7316/2/3 7315/2/3
f 7396/2/3 7316/2/3 7395/2/3
f 7397/2/3 7318/2/3 7317/2/3
f 7398/2/3 7318/2/3 7397/2/3
f 7399/2/3 7320/2/3 7319/2/3
f 7400/2/3 7320/2/3 7399/2/3
f 7401/3/3 7322/3/3 7321/3/3
f 7402/3/3 7322/3/3 7401/3/3
f 7403/4/3 7324/4/3 7323/4/3
f 7404/4/3 7324/4/3 7403/4/3
f 7405/2/3 7326/2/3 7325/2/3
f 7406/2/3 7326/2/3 7405/2/3
f 7407/2/3 7328/2/3 7327/2/3
f 7408/2/3 7328/2/3 7407/2/3
f 7409/2/3 7330/2/3 7329/2/3
f 7410/2/3 7330/2/3 7409/2/3
f 7411/2/3 7332/2/3 7331/2/3
f 7412/2/3 7332/2/3 7411/2/3
f 7413/2/3 7386/2/3 7385/2/3
f 7416/2/3 7392/2/3 7391/2/3
f 7417/2/3 7334/2/3 7333/2/3
f 7418/2/3 7334/2/3 7417/2/3
f 7419/3/3 7336/3/3 7335/3/3
f 7420/3/3 7336/3/3 7419/3/3
f 7447/2/3 7372/2/3 7371/2/3
f 7448/2/3 7372/2/3 7447/2/3
f 7449/2/3 7440/2/3 7439/2/3
f 7451/2/3 7370/2/3 7369/2/3
f 7452/2/3 7370/2/3 7451/2/3
f 7453/2/3 7372/2/3 7448/2/3
f 7454/2/3 7372/2/3 7453/2/3
f 7455/3/3 7374/3/3 7373/3/3
f 7456/3/3 7374/3/3 7455/3/3
f 7457/2/3 7376/2/3 7375/2/3
f 7458/2/3 7376/2/3 7457/2/3
f 7459/2/3 7378/2/3 7377/2/3
f 7460/2/3 7378/2/3 7459/2/3
f 7461/4/3 7380/4/3 7379/4/3
f 7462/4/3 7380/4/3 7461/4/3
f 7463/2/3 7382/2/3 7381/2/3
f 7464/2/3 7382/2/3 7463/2/3
f 7465/3/3 7384/3/3 7383/3/3
f 7466/3/3 7384/3/3 7465/3/3
f 7467/2/3 7414/2/3 7413/2/3
f 7467/2/3 7413/2/3 7385/2/3
f 7468/2/3 7414/2/3 7467/2/3
f 7469/2/3 7416/2/3 7415/2/3
f 7470/2/3 7392/2/3 7416/2/3
f 7470/2/3 7416/2/3 7469/2/3
f 7471/2/3 7388/2/3 7387/2/3
f 7472/2/3 7388/2/3 7471/2/3
f 7474/2/3 7446/2/3 7445/2/3
f 7505/2/3 7422/2/3 7421/2/3
f 7506/2/3 7422/2/3 7505/2/3
f 7507/2/3 7424/2/3 7423/2/3
f 7508/2/3 7424/2/3 7507/2/3
f 7509/2/3 7426/2/3 7425/2/3
f 7510/2/3 7426/2/3 7509/2/3
f 7511/3/3 7428/3/3 7427/3/3
f 7512/3/3 7428/3/3 7511/3/3
f 7513/2/3 7430/2/3 7429/2/3
f 7514/2/3 7430/2/3 7513/2/3
f 7515/2/3 7432/2/3 7431/2/3
f 7516/2/3 7432/2/3 7515/2/3
f 7517/2/3 7434/2/3 7433/2/3
f 7518/2/3 7434/2/3 7517/2/3
f 7519/3/3 7436/3/3 7435/3/3
f 7520/3/3 7436/3/3 7519/3/3
f 7521/2/3 7438/2/3 7437/2/3
f 7522/2/3 7438/2/3 7521/2/3
f 7523/2/3 7450/2/3 7449/2/3
f 7523/2/3 7449/2/3 7439/2/3
f 7524/2/3 7450/2/3 7523/2/3
f 7525/2/3 7442/2/3 7441/2/3
f 7526/2/3 7442/2/3 7525/2/3
f 7527/3/3 7444/3/3 7443/3/3
f 7528/3/3 7444/3/3 7527/3/3
f 7529/2/3 7474/2/3 7473/2/3
f 7530/2/3 7446/2/3 7474/2/3
f 7530/2/3 7474/2/3 7529/2/3
f 7536/4/3 7476/4/3 7475/4/3
f 7551/2/3 7534/2/3 7533/2/3
f 7553/2/3 7490/2/3 7489/2/3
f 7554/2/3 7490/2/3 7553/2/3
f 7555/2/3 7500/2/3 7499/2/3
f 7556/2/3 7500/2/3 7555/2/3
f 7557/3/3 7504/3/3 7503/3/3
f 7558/3/3 7504/3/3 7557/3/3
f 7559/4/3 7536/4/3 7535/4/3
f 7560/4/3 7476/4/3 7536/4/3
f 7560/4/3 7536/4/3 7559/4/3
f 7561/2/3 7478/2/3 7477/2/3
f 7562/2/3 7478/2/3 7561/2/3
f 7563/2/3 7480/2/3 7479/2/3
f 7564/2/3 7480/2/3 7563/2/3
f 7565/2/3 7482/2/3 7481/2/3
f 7566/2/3 7482/2/3 7565/2/3
f 7567/2/3 7484/2/3 7483/2/3
f 7568/2/3 7484/2/3 7567/2/3
f 7569/2/3 7486/2/3 7485/2/3
f 7570/2/3 7486/2/3 7569/2/3
f 7571/2/3 7488/2/3 7487/2/3
f 7572/2/3 7488/2/3 7571/2/3
f 7573/2/3 7492/2/3 7491/2/3
f 7574/2/3 7492/2/3 7573/2/3
f 7575/2/3 7494/2/3 7493/2/3
f 7576/2/3 7494/2/3 7575/2/3
f 7577/2/3 7496/2/3 7495/2/3
f 7578/2/3 7496/2/3 7577/2/3
f 7579/2/3 7498/2/3 7497/2/3
f 7580/2/3 7498/2/3 7579/2/3
f 7581/2/3 7500/2/3 7556/2/3
f 7582/2/3 7500/2/3 7581/2/3
f 7583/2/3 7502/2/3 7501/2/3
f 7584/2/3 7502/2/3 7583/2/3
f 7599/2/3 7544/2/3 7543/2/3
f 7600/2/3 7544/2/3 7599/2/3
f 7609/2/3 7542/2/3 7541/2/3
f 7610/2/3 7542/2/3 7609/2/3
f 7611/2/3 7532/2/3 7531/2/3
f 7612/2/3 7532/2/3 7611/2/3
f 7613/2/3 7552/2/3 7551/2/3
f 7613/2/3 7551/2/3 7533/2/3
f 7614/2/3 7552/2/3 7613/2/3
f 7615/3/3 7538/3/3 7537/3/3
f 7616/3/3 7538/3/3 7615/3/3
f 7617/2/3 7540/2/3 7539/2/3
f 7618/2/3 7540/2/3 7617/2/3
f 7619/2/3 7609/2/3 7541/2/3
f 7620/2/3 7609/2/3 7619/2/3
f 7621/2/3 7544/2/3 7600/2/3
f 7622/2/3 7544/2/3 7621/2/3
f 7623/2/3 7546/2/3 7545/2/3
f 7624/2/3 7546/2/3 7623/2/3
f 7625/4/3 7548/4/3 7547/4/3
f 7626/4/3 7548/4/3 7625/4/3
f 7627/2/3 7550/2/3 7549/2/3
f 7628/2/3 7550/2/3 7627/2/3
f 7656/2/3 7654/2/3 7653/2/3
f 7657/2/3 7586/2/3 7585/2/3
f 7658/2/3 7586/2/3 7657/2/3
f 7659/2/3 7588/2/3 7587/2/3
f 7660/2/3 7588/2/3 7659/2/3
f 7661/3/3 7590/3/3 7589/3/3
f 7662/3/3 7590/3/3 7661/3/3
f 7663/2/3 7592/2/3 7591/2/3
f 7664/2/3 7592/2/3 7663/2/3
f 7665/2/3 7594/2/3 7593/2/3
f 7666/2/3 7594/2/3 7665/2/3
f 7667/2/3 7596/2/3 7595/2/3
f 7668/2/3 7596/2/3 7667/2/3
f 7669/2/3 7598/2/3 7597/2/3
f 7670/2/3 7598/2/3 7669/2/3
f 7672/3/3 7646/3/3 7645/3/3
f 7673/2/3 7602/2/3 7601/2/3
f 7674/2/3 7602/2/3 7673/2/3
f 7675/2/3 7604/2/3 7603/2/3
f 7676/2/3 7604/2/3 7675/2/3
f 7677/2/3 7606/2/3 7605/2/3
f 7678/2/3 7606/2/3 7677/2/3
f 7679/3/3 7608/3/3 7607/3/3
f 7680/3/3 7608/3/3 7679/3/3
f 7705/2/3 7694/2/3 7693/2/3
f 7707/2/3 7630/2/3 7629/2/3
f 7708/2/3 7630/2/3 7707/2/3
f 7709/2/3 7632/2/3 7631/2/3
f 7710/2/3 7632/2/3 7709/2/3
f 7711/2/3 7634/2/3 7633/2/3
f 7712/2/3 7634/2/3 7711/2/3
f 7713/2/3 7636/2/3 7635/2/3
f 7714/2/3 7636/2/3 7713/2/3
f 7715/2/3 7638/2/3 7637/2/3
f 7716/2/3 7638/2/3 7715/2/3
f 7717/2/3 7640/2/3 7639/2/3
f 7718/2/3 7640/2/3 7717/2/3
f 7719/2/3 7642/2/3 7641/2/3
f 7720/2/3 7642/2/3 7719/2/3
f 7721/2/3 7644/2/3 7643/2/3
f 7722/2/3 7644/2/3 7721/2/3
f 7723/3/3 7672/3/3 7671/3/3
f 7724/3/3 7646/3/3 7672/3/3
f 7724/3/3 7672/3/3 7723/3/3
f 7725/3/3 7648/3/3 7647/3/3
f 7726/3/3 7648/3/3 7725/3/3
f 7727/2/3 7650/2/3 7649/2/3
f 7728/2/3 7650/2/3 7727/2/3
f 7729/2/3 7652/2/3 7651/2/3
f 7730/2/3 7652/2/3 7729/2/3
f 7731/2/3 7656/2/3 7655/2/3
f 7732/2/3 7654/2/3 7656/2/3
f 7732/2/3 7656/2/3 7731/2/3
f 7759/2/3 7682/2/3 7681/2/3
f 7760/2/3 7682/2/3 7759/2/3
f 7761/3/3 7684/3/3 7683/3/3
f 7762/3/3 7684/3/3 7761/3/3
f 7763/2/3 7686/2/3 7685/2/3
f 7764/2/3 7686/2/3 7763/2/3
f 7765/2/3 7688/2/3 7687/2/3
f 7766/2/3 7688/2/3 7765/2/3
f 7767/2/3 7690/2/3 7689/2/3
f 7768/2/3 7690/2/3 7767/2/3
f 7769/2/3 7692/2/3 7691/2/3
f 7770/2/3 7692/2/3 7769/2/3
f 7771/2/3 7706/2/3 7705/2/3
f 7771/2/3 7705/2/3 7693/2/3
f 7772/2/3 7706/2/3 7771/2/3
f 7773/2/3 7696/2/3 7695/2/3
f 7774/2/3 7696/2/3 7773/2/3
f 7775/2/3 7698/2/3 7697/2/3
f 7776/2/3 7698/2/3 7775/2/3
f 7777/4/3 7700/4/3 7699/4/3
f 7778/4/3 7700/4/3 7777/4/3
f 7779/3/3 7702/3/3 7701/3/3
f 7780/3/3 7702/3/3 7779/3/3
f 7781/2/3 7704/2/3 7703/2/3
f 7782/2/3 7704/2/3 7781/2/3
f 7809/2/3 7734/2/3 7733/2/3
f 7810/2/3 7734/2/3 7809/2/3
f 7811/2/3 7736/2/3 7735/2/3
f 7812/2/3 7736/2/3 7811/2/3
f 7813/2/3 7738/2/3 7737/2/3
f 7814/2/3 7738/2/3 7813/2/3
f 7815/2/3 7740/2/3 7739/2/3
f 7816/2/3 7740/2/3 7815/2/3
f 7817/3/3 7742/3/3 7741/3/3
f 7818/3/3 7742/3/3 7817/3/3
f 7819/2/3 7744/2/3 7743/2/3
f 7820/2/3 7744/2/3 7819/2/3
f 7821/2/3 7746/2/3 7745/2/3
f 7822/2/3 7746/2/3 7821/2/3
f 7823/2/3 7748/2/3 7747/2/3
f 7824/2/3 7748/2/3 7823/2/3
f 7825/2/3 7750/2/3 7749/2/3
f 7826/2/3 7750/2/3 7825/2/3
f 7827/2/3 7752/2/3 7751/2/3
f 7828/2/3 7752/2/3 7827/2/3
f 7829/2/3 7754/2/3 7753/2/3
f 7830/2/3 7754/2/3 7829/2/3
f 7831/2/3 7756/2/3 7755/2/3
f 7832/2/3 7756/2/3 7831/2/3
f 7833/2/3 7758/2/3 7757/2/3
f 7834/2/3 7758/2/3 7833/2/3
f 7839/2/3 7790/2/3 7789/2/3
f 7840/2/3 7790/2/3 7839/2/3
f 7861/2/3 7788/2/3 7787/2/3
f 7862/2/3 7788/2/3 7861/2/3
f 7863/2/3 7790/2/3 7840/2/3
f 7864/2/3 7790/2/3 7863/2/3
f 7865/4/3 7784/4/3 7783/4/3
f 7866/4/3 7784/4/3 7865/4/3
f 7867/2/3 7786/2/3 7785/2/3
f 7868/2/3 7786/2/3 7867/2/3
f 7869/2/3 7861/2/3 7787/2/3
f 7870/2/3 7861/2/3 7869/2/3
f 7871/2/3 7792/2/3 7791/2/3
f 7872/2/3 7792/2/3 7871/2/3
f 7873/2/3 7794/2/3 7793/2/3
f 7874/2/3 7794/2/3 7873/2/3
f 7875/2/3 7796/2/3 7795/2/3
f 7876/2/3 7796/2/3 7875/2/3
f 7877/3/3 7798/3/3 7797/3/3
f 7878/3/3 7798/3/3 7877/3/3
f 7879/2/3 7800/2/3 7799/2/3
f 7880/2/3 7800/2/3 7879/2/3
f 7881/2/3 7802/2/3 7801/2/3
f 7882/2/3 7802/2/3 7881/2/3
f 7883/2/3 7804/2/3 7803/2/3
f 7884/2/3 7804/2/3 7883/2/3
f 7885/3/3 7806/3/3 7805/3/3
f 7886/3/3 7806/3/3 7885/3/3
f 7887/2/3 7808/2/3 7807/2/3
f 7888/2/3 7808/2/3 7887/2/3
f 7891/2/3 7842/2/3 7841/2/3
f 7892/2/3 7842/2/3 7891/2/3
f 7911/2/3 7836/2/3 7835/2/3
f 7912/2/3 7836/2/3 7911/2/3
f 7913/2/3 7838/2/3 7837/2/3
f 7914/2/3 7838/2/3 7913/2/3
f 7915/2/3 7842/2/3 7892/2/3
f 7916/2/3 7842/2/3 7915/2/3
f 7917/4/3 7844/4/3 7843/4/3
f 7918/4/3 7844/4/3 7917/4/3
f 7919/2/3 7846/2/3 7845/2/3
f 7920/2/3 7846/2/3 7919/2/3
f 7921/3/3 7848/3/3 7847/3/3
f 7922/3/3 7848/3/3 7921/3/3
f 7923/2/3 7850/2/3 7849/2/3
f 7924/2/3 7850/2/3 7923/2/3
f 7925/2/3 7852/2/3 7851/2/3
f 7926/2/3 7852/2/3 7925/2/3
f 7927/2/3 7854/2/3 7853/2/3
f 7928/2/3 7854/2/3 7927/2/3
f 7929/2/3 7856/2/3 7855/2/3
f 7930/2/3 7856/2/3 7929/2/3
f 7931/2/3 7858/2/3 7857/2/3
f 7932/2/3 7858/2/3 7931/2/3
f 7933/2/3 7860/2/3 7859/2/3
f 7934/2/3 7860/2/3 7933/2/3
f 7957/2/3 7890/2/3 7889/2/3
f 7958/2/3 7890/2/3 7957/2/3
f 7959/2/3 7940/2/3 7939/2/3
f 7961/2/3 7957/2/3 7889/2/3
f 7962/2/3 7957/2/3 7961/2/3
f 7963/2/3 7894/2/3 7893/2/3
f 7964/2/3 7894/2/3 7963/2/3
f 7965/2/3 7896/2/3 7895/2/3
f 7966/2/3 7896/2/3 7965/2/3
f 7967/2/3 7898/2/3 7897/2/3
f 7968/2/3 7898/2/3 7967/2/3
f 7969/2/3 7900/2/3 7899/2/3
f 7970/2/3 7900/2/3 7969/2/3
f 7971/2/3 7902/2/3 7901/2/3
f 7972/2/3 7902/2/3 7971/2/3
f 7973/2/3 7904/2/3 7903/2/3
f 7974/2/3 7904/2/3 7973/2/3
f 7975/2/3 7906/2/3 7905/2/3
f 7976/2/3 7906/2/3 7975/2/3
f 7977/3/3 7908/3/3 7907/3/3
f 7978/3/3 7908/3/3 7977/3/3
f 7979/2/3 7910/2/3 7909/2/3
f 7980/2/3 7910/2/3 7979/2/3
f 8005/2/3 7936/2/3 7935/2/3
f 8006/2/3 7936/2/3 8005/2/3
f 8009/2/3 7950/2/3 7949/2/3
f 8010/2/3 7950/2/3 8009/2/3
f 8011/2/3 8005/2/3 7935/2/3
f 8012/2/3 8005/2/3 8011/2/3
f 8013/4/3 7938/4/3 7937/4/3
f 8014/4/3 7938/4/3 8013/4/3
f 8015/2/3 7960/2/3 7959/2/3
f 8015/2/3 7959/2/3 7939/2/3
f 8016/2/3 7960/2/3 8015/2/3
f 8017/3/3 7942/3/3 7941/3/3
f 8018/3/3 7942/3/3 8017/3/3
f 8019/2/3 7944/2/3 7943/2/3
f 8020/2/3 7944/2/3 8019/2/3
f 8021/2/3 7946/2/3 7945/2/3
f 8022/2/3 7946/2/3 8021/2/3
f 8023/3/3 7948/3/3 7947/3/3
f 8024/3/3 7948/3/3 8023/3/3
f 8025/2/3 7950/2/3 8010/2/3
f 8026/2/3 7950/2/3 8025/2/3
f 8027/2/3 7952/2/3 7951/2/3
f 8028/2/3 7952/2/3 8027/2/3
f 8029/4/3 7954/4/3 7953/4/3
f 8030/4/3 7954/4/3 8029/4/3
f 8031/2/3 7956/2/3 7955/2/3
f 8032/2/3 7956/2/3 8031/2/3
f 8051/2/3 7990/2/3 7989/2/3
f 8052/2/3 7990/2/3 8051/2/3
f 8053/3/3 7982/3/3 7981/3/3
f 8054/3/3 7982/3/3 8053/3/3
f 8055/2/3 7984/2/3 7983/2/3
f 8056/2/3 7984/2/3 8055/2/3
f 8057/2/3 8008/2/3 8007/2/3
f 8058/2/3 8008/2/3 8057/2/3
f 8059/3/3 7986/3/3 7985/3/3
f 8060/3/3 7986/3/3 8059/3/3
f 8061/4/3 7988/4/3 7987/4/3
f 8062/4/3 7988/4/3 8061/4/3
f 8063/2/3 8051/2/3 7989/2/3
f 8064/2/3 8051/2/3 8063/2/3
f 8065/2/3 7992/2/3 7991/2/3
f 8066/2/3 7992/2/3 8065/2/3
f 8067/2/3 7994/2/3 7993/2/3
f 8068/2/3 7994/2/3 8067/2/3
f 8069/2/3 7996/2/3 7995/2/3
f 8070/2/3 7996/2/3 8069/2/3
f 8071/2/3 7998/2/3 7997/2/3
f 8072/2/3 7998/2/3 8071/2/3
f 8073/2/3 8000/2/3 7999/2/3
f 8074/2/3 8000/2/3 8073/2/3
f 8075/2/3 8002/2/3 8001/2/3
f 8076/2/3 8002/2/3 8075/2/3
f 8077/2/3 8004/2/3 8003/2/3
f 8078/2/3 8004/2/3 8077/2/3
f 8102/2/3 8082/2/3 8081/2/3
f 8103/2/3 8034/2/3 8033/2/3
f 8104/2/3 8034/2/3 8103/2/3
f 8105/2/3 8036/2/3 8035/2/3
f 8106/2/3 8036/2/3 8105/2/3
f 8107/2/3 8038/2/3 8037/2/3
f 8108/2/3 8038/2/3 8107/2/3
f 8109/2/3 8040/2/3 8039/2/3
f 8110/2/3 8040/2/3 8109/2/3
f 8111/4/3 8042/4/3 8041/4/3
f 8112/4/3 8042/4/3 8111/4/3
f 8113/2/3 8092/2/3 8091/2/3
f 8115/3/3 8044/3/3 8043/3/3
f 8116/3/3 8044/3/3 8115/3/3
f 8117/2/3 8046/2/3 8045/2/3
f 8118/2/3 8046/2/3 8117/2/3
f 8119/2/3 8048/2/3 8047/2/3
f 8120/2/3 8048/2/3 8119/2/3
f 8121/2/3 8050/2/3 8049/2/3
f 8122/2/3 8050/2/3 8121/2/3
f 8142/2/3 8134/2/3 8133/2/3
f 8143/2/3 8080/2/3 8079/2/3
f 8144/2/3 8080/2/3 8143/2/3
f 8145/2/3 8102/2/3 8101/2/3
f 8146/2/3 8082/2/3 8102/2/3
f 8146/2/3 8102/2/3 8145/2/3
f 8147/2/3 8084/2/3 8083/2/3
f 8148/2/3 8084/2/3 8147/2/3
f 8149/2/3 8086/2/3 8085/2/3
f 8150/2/3 8086/2/3 8149/2/3
f 8151/2/3 8088/2/3 8087/2/3
f 8152/2/3 8088/2/3 8151/2/3
f 8153/2/3 8090/2/3 8089/2/3
f 8154/2/3 8090/2/3 8153/2/3
f 8155/2/3 8114/2/3 8113/2/3
f 8155/2/3 8113/2/3 8091/2/3
f 8156/2/3 8114/2/3 8155/2/3
f 8157/2/3 8094/2/3 8093/2/3
f 8158/2/3 8094/2/3 8157/2/3
f 8159/3/3 8096/3/3 8095/3/3
f 8160/3/3 8096/3/3 8159/3/3
f 8161/2/3 8098/2/3 8097/2/3
f 8162/2/3 8098/2/3 8161/2/3
f 8163/2/3 8100/2/3 8099/2/3
f 8164/2/3 8100/2/3 8163/2/3
f 8189/2/3 8124/2/3 8123/2/3
f 8190/2/3 8124/2/3 8189/2/3
f 8191/2/3 8126/2/3 8125/2/3
f 8192/2/3 8126/2/3 8191/2/3
f 8193/2/3 8128/2/3 8127/2/3
f 8194/2/3 8128/2/3 8193/2/3
f 8195/2/3 8130/2/3 8129/2/3
f 8196/2/3 8130/2/3 8195/2/3
f 8197/2/3 8132/2/3 8131/2/3
f 8198/2/3 8132/2/3 8197/2/3
f 8199/2/3 8142/2/3 8141/2/3
f 8200/2/3 8134/2/3 8142/2/3
f 8200/2/3 8142/2/3 8199/2/3
f 8201/2/3 8136/2/3 8135/2/3
f 8202/2/3 8136/2/3 8201/2/3
f 8203/2/3 8138/2/3 8137/2/3
f 8204/2/3 8138/2/3 8203/2/3
f 8205/2/3 8140/2/3 8139/2/3
f 8206/2/3 8140/2/3 8205/2/3
f 8211/2/3 8170/2/3 8169/2/3
f 8212/2/3 8170/2/3 8211/2/3
f 8233/2/3 8180/2/3 8179/2/3
f 8234/2/3 8180/2/3 8233/2/3
f 8237/3/3 8166/3/3 8165/3/3
f 8238/3/3 8166/3/3 8237/3/3
f 8239/2/3 8168/2/3 8167/2/3
f 8240/2/3 8168/2/3 8239/2/3
f 8241/2/3 8170/2/3 8212/2/3
f 8242/2/3 8170/2/3 8241/2/3
f 8243/4/3 8172/4/3 8171/4/3
f 8244/4/3 8172/4/3 8243/4/3
f 8245/2/3 8174/2/3 8173/2/3
f 8246/2/3 8174/2/3 8245/2/3
f 8247/2/3 8176/2/3 8175/2/3
f 8248/2/3 8176/2/3 8247/2/3
f 8249/2/3 8178/2/3 8177/2/3
f 8250/2/3 8178/2/3 8249/2/3
f 8251/3/3 8182/3/3 8181/3/3
f 8252/3/3 8182/3/3 8251/3/3
f 8253/3/3 8184/3/3 8183/3/3
f 8254/3/3 8184/3/3 8253/3/3
f 8255/3/3 8186/3/3 8185/3/3
f 8256/3/3 8186/3/3 8255/3/3
f 8257/2/3 8188/2/3 8187/2/3
f 8258/2/3 8188/2/3 8257/2/3
f 8281/2/3 8222/2/3 8221/2/3
f 8282/2/3 8222/2/3 8281/2/3
f 8283/2/3 8208/2/3 8207/2/3
f 8284/2/3 8208/2/3 8283/2/3
f 8285/2/3 8210/2/3 8209/2/3
f 8286/2/3 8210/2/3 8285/2/3
f 8288/3/3 8262/3/3 8261/3/3
f 8289/2/3 8214/2/3 8213/2/3
f 8290/2/3 8214/2/3 8289/2/3
f 8291/3/3 8216/3/3 8215/3/3
f 8292/3/3 8216/3/3 8291/3/3
f 8293/2/3 8218/2/3 8217/2/3
f 8294/2/3 8218/2/3 8293/2/3
f 8295/2/3 8220/2/3 8219/2/3
f 8296/2/3 8220/2/3 8295/2/3
f 8297/2/3 8281/2/3 8221/2/3
f 8298/2/3 8281/2/3 8297/2/3
f 8299/2/3 8224/2/3 8223/2/3
f 8300/2/3 8224/2/3 8299/2/3
f 8301/2/3 8226/2/3 8225/2/3
f 8302/2/3 8226/2/3 8301/2/3
f 8303/2/3 8228/2/3 8227/2/3
f 8304/2/3 8228/2/3 8303/2/3
f 8305/2/3 8230/2/3 8229/2/3
f 8306/2/3 8230/2/3 8305/2/3
f 8307/2/3 8236/2/3 8235/2/3
f 8308/2/3 8236/2/3 8307/2/3
f 8309/2/3 8232/2/3 8231/2/3
f 8310/2/3 8232/2/3 8309/2/3
f 8333/2/3 8316/2/3 8315/2/3
f 8335/2/3 8264/2/3 8263/2/3
f 8336/2/3 8264/2/3 8335/2/3
f 8337/2/3 8326/2/3 8325/2/3
f 8339/2/3 8260/2/3 8259/2/3
f 8340/2/3 8260/2/3 8339/2/3
f 8341/3/3 8288/3/3 8287/3/3
f 8342/3/3 8262/3/3 8288/3/3
f 8342/3/3 8288/3/3 8341/3/3
f 8343/2/3 8266/2/3 8265/2/3
f 8344/2/3 8266/2/3 8343/2/3
f 8345/2/3 8268/2/3 8267/2/3
f 8346/2/3 8268/2/3 8345/2/3
f 8347/4/3 8270/4/3 8269/4/3
f 8348/4/3 8270/4/3 8347/4/3
f 8349/2/3 8272/2/3 8271/2/3
f 8350/2/3 8272/2/3 8349/2/3
f 8351/2/3 8274/2/3 8273/2/3
f 8352/2/3 8274/2/3 8351/2/3
f 8353/2/3 8276/2/3 8275/2/3
f 8354/2/3 8276/2/3 8353/2/3
f 8355/2/3 8278/2/3 8277/2/3
f 8356/2/3 8278/2/3 8355/2/3
f 8357/2/3 8280/2/3 8279/2/3
f 8358/2/3 8280/2/3 8357/2/3
f 8379/2/3 8330/2/3 8329/2/3
f 8380/2/3 8330/2/3 8379/2/3
f 8381/2/3 8320/2/3 8319/2/3
f 8382/2/3 8320/2/3 8381/2/3
f 8383/2/3 8370/2/3 8369/2/3
f 8386/2/3 8372/2/3 8371/2/3
f 8387/2/3 8312/2/3 8311/2/3
f 8388/2/3 8312/2/3 8387/2/3
f 8389/2/3 8314/2/3 8313/2/3
f 8390/2/3 8314/2/3 8389/2/3
f 8391/2/3 8334/2/3 8333/2/3
f 8391/2/3 8333/2/3 8315/2/3
f 8392/2/3 8334/2/3 8391/2/3
f 8393/3/3 8318/3/3 8317/3/3
f 8394/3/3 8318/3/3 8393/3/3
f 8395/2/3 8381/2/3 8319/2/3
f 8396/2/3 8381/2/3 8395/2/3
f 8397/2/3 8322/2/3 8321/2/3
f 8398/2/3 8322/2/3 8397/2/3
f 8399/2/3 8324/2/3 8323/2/3
f 8400/2/3 8324/2/3 8399/2/3
f 8401/2/3 8338/2/3 8337/2/3
f 8401/2/3 8337/2/3 8325/2/3
f 8402/2/3 8338/2/3 8401/2/3
f 8403/2/3 8328/2/3 8327/2/3
f 8404/2/3 8328/2/3 8403/2/3
f 8405/2/3 8330/2/3 8380/2/3
f 8406/2/3 8330/2/3 8405/2/3
f 8407/3/3 8332/3/3 8331/3/3
f 8408/3/3 8332/3/3 8407/3/3
f 8431/2/3 8368/2/3 8367/2/3
f 8432/2/3 8368/2/3 8431/2/3
f 8435/2/3 8360/2/3 8359/2/3
f 8436/2/3 8360/2/3 8435/2/3
f 8437/2/3 8362/2/3 8361/2/3
f 8438/2/3 8362/2/3 8437/2/3
f 8439/2/3 8364/2/3 8363/2/3
f 8440/2/3 8364/2/3 8439/2/3
f 8441/2/3 8366/2/3 8365/2/3
f 8442/2/3 8366/2/3 8441/2/3
f 8443/2/3 8416/2/3 8415/2/3
f 8445/2/3 8368/2/3 8432/2/3
f 8446/2/3 8368/2/3 8445/2/3
f 8447/2/3 8384/2/3 8383/2/3
f 8447/2/3 8383/2/3 8369/2/3
f 8448/2/3 8384/2/3 8447/2/3
f 8449/2/3 8386/2/3 8385/2/3
f 8450/2/3 8372/2/3 8386/2/3
f 8450/2/3 8386/2/3 8449/2/3
f 8451/2/3 8374/2/3 8373/2/3
f 8452/2/3 8374/2/3 8451/2/3
f 8453/2/3 8376/2/3 8375/2/3
f 8454/2/3 8376/2/3 8453/2/3
f 8455/2/3 8378/2/3 8377/2/3
f 8456/2/3 8378/2/3 8455/2/3
f 8481/2/3 8476/2/3 8475/2/3
f 8483/2/3 8410/2/3 8409/2/3
f 8484/2/3 8410/2/3 8483/2/3
f 8485/2/3 8412/2/3 8411/2/3
f 8486/2/3 8412/2/3 8485/2/3
f 8487/2/3 8414/2/3 8413/2/3
f 8488/2/3 8414/2/3 8487/2/3
f 8489/2/3 8443/2/3 8415/2/3
f 8489/2/3 8444/2/3 8443/2/3
f 8490/2/3 8444/2/3 8489/2/3
f 8492/2/3 8464/2/3 8463/2/3
f 8493/2/3 8418/2/3 8417/2/3
f 8494/2/3 8418/2/3 8493/2/3
f 8495/3/3 8434/3/3 8433/3/3
f 8496/3/3 8434/3/3 8495/3/3
f 8497/2/3 8420/2/3 8419/2/3
f 8498/2/3 8420/2/3 8497/2/3
f 8499/2/3 8422/2/3 8421/2/3
f 8500/2/3 8422/2/3 8499/2/3
f 8501/2/3 8424/2/3 8423/2/3
f 8502/2/3 8424/2/3 8501/2/3
f 8503/2/3 8426/2/3 8425/2/3
f 8504/2/3 8426/2/3 8503/2/3
f 8505/2/3 8428/2/3 8427/2/3
f 8506/2/3 8428/2/3 8505/2/3
f 8507/4/3 8430/4/3 8429/4/3
f 8508/4/3 8430/4/3 8507/4/3
f 8515/2/3 8462/2/3 8461/2/3
f 8537/2/3 8458/2/3 8457/2/3
f 8538/2/3 8458/2/3 8537/2/3
f 8539/2/3 8460/2/3 8459/2/3
f 8540/2/3 8460/2/3 8539/2/3
f 8541/2/3 8515/2/3 8461/2/3
f 8541/2/3 8516/2/3 8515/2/3
f 8542/2/3 8516/2/3 8541/2/3
f 8543/2/3 8492/2/3 8491/2/3
f 8544/2/3 8464/2/3 8492/2/3
f 8544/2/3 8492/2/3 8543/2/3
f 8545/2/3 8466/2/3 8465/2/3
f 8546/2/3 8466/2/3 8545/2/3
f 8547/2/3 8468/2/3 8467/2/3
f 8548/2/3 8468/2/3 8547/2/3
f 8549/2/3 8470/2/3 8469/2/3
f 8550/2/3 8470/2/3 8549/2/3
f 8551/2/3 8472/2/3 8471/2/3
f 8552/2/3 8472/2/3 8551/2/3
f 8553/3/3 8474/3/3 8473/3/3
f 8554/3/3 8474/3/3 8553/3/3
f 8555/2/3 8482/2/3 8481/2/3
f 8555/2/3 8481/2/3 8475/2/3
f 8556/2/3 8482/2/3 8555/2/3
f 8557/2/3 8478/2/3 8477/2/3
f 8558/2/3 8478/2/3 8557/2/3
f 8559/2/3 8480/2/3 8479/2/3
f 8560/2/3 8480/2/3 8559/2/3
f 8585/4/3 8510/4/3 8509/4/3
f 8586/4/3 8510/4/3 8585/4/3
f 8587/2/3 8512/2/3 8511/2/3
f 8588/2/3 8512/2/3 8587/2/3
f 8589/2/3 8514/2/3 8513/2/3
f 8590/2/3 8514/2/3 8589/2/3
f 8591/3/3 8536/3/3 8535/3/3
f 8592/3/3 8536/3/3 8591/3/3
f 8593/2/3 8518/2/3 8517/2/3
f 8594/2/3 8518/2/3 8593/2/3
f 8595/2/3 8520/2/3 8519/2/3
f 8596/2/3 8520/2/3 8595/2/3
f 8597/2/3 8522/2/3 8521/2/3
f 8598/2/3 8522/2/3 8597/2/3
f 8599/2/3 8524/2/3 8523/2/3
f 8600/2/3 8524/2/3 8599/2/3
f 8601/2/3 8526/2/3 8525/2/3
f 8602/2/3 8526/2/3 8601/2/3
f 8603/2/3 8528/2/3 8527/2/3
f 8604/2/3 8528/2/3 8603/2/3
f 8605/3/3 8530/3/3 8529/3/3
f 8606/3/3 8530/3/3 8605/3/3
f 8607/3/3 8532/3/3 8531/3/3
f 8608/3/3 8532/3/3 8607/3/3
f 8609/2/3 8534/2/3 8533/2/3
f 8610/2/3 8534/2/3 8609/2/3
f 8613/2/3 8566/2/3 8565/2/3
f 8614/2/3 8566/2/3 8613/2/3
f 8633/2/3 8562/2/3 8561/2/3
f 8634/2/3 8562/2/3 8633/2/3
f 8635/2/3 8564/2/3 8563/2/3
f 8636/2/3 8564/2/3 8635/2/3
f 8637/2/3 8566/2/3 8614/2/3
f 8638/2/3 8566/2/3 8637/2/3
f 8639/2/3 8568/2/3 8567/2/3
f 8640/2/3 8568/2/3 8639/2/3
f 8641/3/3 8570/3/3 8569/3/3
f 8642/3/3 8570/3/3 8641/3/3
f 8643/2/3 8572/2/3 8571/2/3
f 8644/2/3 8572/2/3 8643/2/3
f 8645/2/3 8574/2/3 8573/2/3
f 8646/2/3 8574/2/3 8645/2/3
f 8647/2/3 8576/2/3 8575/2/3
f 8648/2/3 8576/2/3 8647/2/3
f 8649/2/3 8578/2/3 8577/2/3
f 8650/2/3 8578/2/3 8649/2/3
f 8651/2/3 8580/2/3 8579/2/3
f 8652/2/3 8580/2/3 8651/2/3
f 8653/2/3 8582/2/3 8581/2/3
f 8654/2/3 8582/2/3 8653/2/3
f 8655/2/3 8584/2/3 8583/2/3
f 8656/2/3 8584/2/3 8655/2/3
f 8689/2/3 8662/2/3 8661/2/3
f 8691/2/3 8612/2/3 8611/2/3
f 8692/2/3 8612/2/3 8691/2/3
f 8694/2/3 8664/2/3 8663/2/3
f 8695/2/3 8616/2/3 8615/2/3
f 8696/2/3 8616/2/3 8695/2/3
f 8697/2/3 8618/2/3 8617/2/3
f 8698/2/3 8618/2/3 8697/2/3
f 8699/2/3 8670/2/3 8669/2/3
f 8700/2/3 8670/2/3 8699/2/3
f 8701/2/3 8620/2/3 8619/2/3
f 8702/2/3 8620/2/3 8701/2/3
f 8703/2/3 8622/2/3 8621/2/3
f 8704/2/3 8622/2/3 8703/2/3
f 8705/2/3 8624/2/3 8623/2/3
f 8706/2/3 8624/2/3 8705/2/3
f 8707/2/3 8626/2/3 8625/2/3
f 8708/2/3 8626/2/3 8707/2/3
f 8709/2/3 8628/2/3 8627/2/3
f 8710/2/3 8628/2/3 8709/2/3
f 8711/2/3 8630/2/3 8629/2/3
f 8712/2/3 8630/2/3 8711/2/3
f 8713/2/3 8632/2/3 8631/2/3
f 8714/2/3 8632/2/3 8713/2/3
f 8723/2/3 8699/2/3 8669/2/3
f 8739/2/3 8720/2/3 8719/2/3
f 8741/2/3 8658/2/3 8657/2/3
f 8742/2/3 8658/2/3 8741/2/3
f 8743/2/3 8660/2/3 8659/2/3
f 8744/2/3 8660/2/3 8743/2/3
f 8745/2/3 8690/2/3 8689/2/3
f 8745/2/3 8689/2/3 8661/2/3
f 8746/2/3 8690/2/3 8745/2/3
f 8747/2/3 8694/2/3 8693/2/3
f 8748/2/3 8664/2/3 8694/2/3
f 8748/2/3 8694/2/3 8747/2/3
f 8749/2/3 8666/2/3 8665/2/3
f 8750/2/3 8666/2/3 8749/2/3
f 8751/2/3 8668/2/3 8667/2/3
f 8752/2/3 8668/2/3 8751/2/3
f 8753/2/3 8723/2/3 8669/2/3
f 8753/2/3 8724/2/3 8723/2/3
f 8754/2/3 8724/2/3 8753/2/3
f 8755/2/3 8672/2/3 8671/2/3
f 8756/2/3 8672/2/3 8755/2/3
f 8757/2/3 8674/2/3 8673/2/3
f 8758/2/3 8674/2/3 8757/2/3
f 8759/2/3 8676/2/3 8675/2/3
f 8760/2/3 8676/2/3 8759/2/3
f 8761/3/3 8678/3/3 8677/3/3
f 8762/3/3 8678/3/3 8761/3/3
f 8763/2/3 8680/2/3 8679/2/3
f 8764/2/3 8680/2/3 8763/2/3
f 8765/3/3 8682/3/3 8681/3/3
f 8766/3/3 8682/3/3 8765/3/3
f 8767/2/3 8684/2/3 8683/2/3
f 8768/2/3 8684/2/3 8767/2/3
f 8769/2/3 8686/2/3 8685/2/3
f 8770/2/3 8686/2/3 8769/2/3
f 8771/2/3 8688/2/3 8687/2/3
f 8772/2/3 8688/2/3 8771/2/3
f 8795/2/3 8716/2/3 8715/2/3
f 8796/2/3 8716/2/3 8795/2/3
f 8797/2/3 8718/2/3 8717/2/3
f 8798/2/3 8718/2/3 8797/2/3
f 8799/2/3 8740/2/3 8739/2/3
f 8799/2/3 8739/2/3 8719/2/3
f 8800/2/3 8740/2/3 8799/2/3
f 8801/2/3 8722/2/3 8721/2/3
f 8802/2/3 8722/2/3 8801/2/3
f 8803/2/3 8726/2/3 8725/2/3
f 8804/2/3 8726/2/3 8803/2/3
f 8805/2/3 8728/2/3 8727/2/3
f 8806/2/3 8728/2/3 8805/2/3
f 8807/2/3 8730/2/3 8729/2/3
f 8808/2/3 8730/2/3 8807/2/3
f 8809/3/3 8732/3/3 8731/3/3
f 8810/3/3 8732/3/3 8809/3/3
f 8811/2/3 8734/2/3 8733/2/3
f 8812/2/3 8734/2/3 8811/2/3
f 8813/3/3 8736/3/3 8735/3/3
f 8814/3/3 8736/3/3 8813/3/3
f 8815/2/3 8738/2/3 8737/2/3
f 8816/2/3 8738/2/3 8815/2/3
f 8845/3/3 8774/3/3 8773/3/3
f 8846/3/3 8774/3/3 8845/3/3
f 8847/2/3 8776/2/3 8775/2/3
f 8848/2/3 8776/2/3 8847/2/3
f 8849/2/3 8778/2/3 8777/2/3
f 8850/2/3 8778/2/3 8849/2/3
f 8851/4/3 8780/4/3 8779/4/3
f 8852/4/3 8780/4/3 8851/4/3
f 8853/2/3 8782/2/3 8781/2/3
f 8854/2/3 8782/2/3 8853/2/3
f 8855/2/3 8784/2/3 8783/2/3
f 8856/2/3 8784/2/3 8855/2/3
f 8857/2/3 8786/2/3 8785/2/3
f 8858/2/3 8786/2/3 8857/2/3
f 8859/2/3 8788/2/3 8787/2/3
f 8860/2/3 8788/2/3 8859/2/3
f 8861/4/3 8790/4/3 8789/4/3
f 8862/4/3 8790/4/3 8861/4/3
f 8863/2/3 8792/2/3 8791/2/3
f 8864/2/3 8792/2/3 8863/2/3
f 8865/2/3 8794/2/3 8793/2/3
f 8866/2/3 8794/2/3 8865/2/3
f 8893/2/3 8818/2/3 8817/2/3
f 8894/2/3 8818/2/3 8893/2/3
f 8895/2/3 8820/2/3 8819/2/3
f 8896/2/3 8820/2/3 8895/2/3
f 8897/2/3 8822/2/3 8821/2/3
f 8898/2/3 8822/2/3 8897/2/3
f 8899/2/3 8824/2/3 8823/2/3
f 8900/2/3 8824/2/3 8899/2/3
f 8901/2/3 8826/2/3 8825/2/3
f 8902/2/3 8826/2/3 8901/2/3
f 8903/2/3 8828/2/3 8827/2/3
f 8904/2/3 8828/2/3 8903/2/3
f 8905/2/3 8830/2/3 8829/2/3
f 8906/2/3 8830/2/3 8905/2/3
f 8907/2/3 8832/2/3 8831/2/3
f 8908/2/3 8832/2/3 8907/2/3
f 8909/2/3 8834/2/3 8833/2/3
f 8910/2/3 8834/2/3 8909/2/3
f 8911/2/3 8836/2/3 8835/2/3
f 8912/2/3 8836/2/3 8911/2/3
f 8913/2/3 8838/2/3 8837/2/3
f 8914/2/3 8838/2/3 8913/2/3
f 8915/2/3 8840/2/3 8839/2/3
f 8916/2/3 8840/2/3 8915/2/3
f 8917/2/3 8842/2/3 8841/2/3
f 8918/2/3 8842/2/3 8917/2/3
f 8919/2/3 8844/2/3 8843/2/3
f 8920/2/3 8844/2/3 8919/2/3
f 8953/2/3 8868/2/3 8867/2/3
f 8954/2/3 8868/2/3 8953/2/3
f 8955/2/3 8922/2/3 8921/2/3
f 8956/2/3 8922/2/3 8955/2/3
f 8957/2/3 8870/2/3 8869/2/3
f 8958/2/3 8870/2/3 8957/2/3
f 8959/2/3 8924/2/3 8923/2/3
f 8960/2/3 8924/2/3 8959/2/3
f 8961/2/3 8872/2/3 8871/2/3
f 8962/2/3 8872/2/3 8961/2/3
f 8963/2/3 8926/2/3 8925/2/3
f 8964/2/3 8926/2/3 8963/2/3
f 8965/2/3 8874/2/3 8873/2/3
f 8966/2/3 8874/2/3 8965/2/3
f 8967/2/3 8928/2/3 8927/2/3
f 8968/2/3 8928/2/3 8967/2/3
f 8969/2/3 8876/2/3 8875/2/3
f 8970/2/3 8876/2/3 8969/2/3
f 8971/2/3 8930/2/3 8929/2/3
f 8972/2/3 8930/2/3 8971/2/3
f 8973/2/3 8878/2/3 8877/2/3
f 8974/2/3 8878/2/3 8973/2/3
f 8975/2/3 8932/2/3 8931/2/3
f 8976/2/3 8932/2/3 8975/2/3
f 8977/2/3 8880/2/3 8879/2/3
f 8978/2/3 8880/2/3 8977/2/3
f 8979/2/3 8934/2/3 8933/2/3
f 8980/2/3 8934/2/3 8979/2/3
f 8981/2/3 8882/2/3 8881/2/3
f 8982/2/3 8882/2/3 8981/2/3
f 8983/2/3 8936/2/3 8935/2/3
f 8984/2/3 8936/2/3 8983/2/3
f 8985/2/3 8938/2/3 8937/2/3
f 8986/2/3 8938/2/3 8985/2/3
f 8987/2/3 8884/2/3 8883/2/3
f 8988/2/3 8884/2/3 8987/2/3
f 8989/2/3 8940/2/3 8939/2/3
f 8990/2/3 8940/2/3 8989/2/3
f 8991/2/3 8886/2/3 8885/2/3
f 8992/2/3 8886/2/3 8991/2/3
f 8993/2/3 8942/2/3 8941/2/3
f 8994/2/3 8942/2/3 8993/2/3
f 8995/2/3 8888/2/3 8887/2/3
f 8996/2/3 8888/2/3 8995/2/3
f 8997/2/3 8944/2/3 8943/2/3
f 8998/2/3 8944/2/3 8997/2/3
f 8999/2/3 8890/2/3 8889/2/3
f 9000/2/3 8890/2/3 8999/2/3
f 9001/2/3 8946/2/3 8945/2/3
f 9002/2/3 8946/2/3 9001/2/3
f 9003/2/3 8948/2/3 8947/2/3
f 9004/2/3 8948/2/3 9003/2/3
f 9005/2/3 8892/2/3 8891/2/3
f 9006/2/3 8892/2/3 9005/2/3
f 9007/2/3 8950/2/3 8949/2/3
f 9008/2/3 8950/2/3 9007/2/3
f 9009/2/3 8952/2/3 8951/2/3
f 9010/2/3 8952/2/3 9009/2/3
f 9045/1/3 9012/1/3 9011/1/3
f 9046/1/3 9012/1/3 9045/1/3
f 9047/1/3 9014/1/3 9013/1/3
f 9048/1/3 9014/1/3 9047/1/3
f 9049/1/3 9016/1/3 9015/1/3
f 9050/1/3 9016/1/3 9049/1/3
f 9051/1/3 9018/1/3 9017/1/3
f 9052/1/3 9018/1/3 9051/1/3
f 9053/1/3 9020/1/3 9019/1/3
f 9054/1/3 9020/1/3 9053/1/3
f 9055/1/3 9022/1/3 9021/1/3
f 9056/1/3 9022/1/3 9055/1/3
f 9057/1/3 9024/1/3 9023/1/3
f 9058/1/3 9024/1/3 9057/1/3
f 9059/1/3 9026/1/3 9025/1/3
f 9060/1/3 9026/1/3 9059/1/3
f 9061/1/3 9028/1/3 9027/1/3
f 9062/1/3 9028/1/3 9061/1/3
f 9063/1/3 9030/1/3 9029/1/3
f 9064/1/3 9030/1/3 9063/1/3
f 9065/1/3 9032/1/3 9031/1/3
f 9066/1/3 9032/1/3 9065/1/3
f 9067/1/3 9034/1/3 9033/1/3
f 9068/1/3 9034/1/3 9067/1/3
f 9069/1/3 9036/1/3 9035/1/3
f 9070/1/3 9036/1/3 9069/1/3
f 9071/1/3 9038/1/3 9037/1/3
f 9072/1/3 9038/1/3 9071/1/3
f 9073/1/3 9040/1/3 9039/1/3
f 9074/1/3 9040/1/3 9073/1/3
f 9075/1/3 9042/1/3 9041/1/3
f 9076/1/3 9042/1/3 9075/1/3
f 9077/1/3 9012/1/3 9046/1/3
f 9078/1/3 9047/1/3 9013/1/3
f 9079/1/3 9014/1/3 9048/1/3
f 9080/1/3 9049/1/3 9015/1/3
f 9081/1/3 9016/1/3 9050/1/3
f 9082/1/3 9051/1/3 9017/1/3
f 9083/1/3 9018/1/3 9052/1/3
f 9084/1/3 9053/1/3 9019/1/3
f 9085/1/3 9020/1/3 9054/1/3
f 9086/1/3 9055/1/3 9021/1/3
f 9087/1/3 9022/1/3 9056/1/3
f 9088/1/3 9057/1/3 9023/1/3
f 9089/1/3 9024/1/3 9058/1/3
f 9090/1/3 9059/1/3 9025/1/3
f 9091/1/3 9026/1/3 9060/1/3
f 9092/1/3 9061/1/3 9027/1/3
f 9093/1/3 9028/1/3 9062/1/3
f 9094/1/3 9063/1/3 9029/1/3
f 9095/1/3 9030/1/3 9064/1/3
f 9096/1/3 9065/1/3 9031/1/3
f 9097/1/3 9032/1/3 9066/1/3
f 9098/1/3 9067/1/3 9033/1/3
f 9099/1/3 9034/1/3 9068/1/3
f 9100/1/3 9069/1/3 9035/1/3
f 9101/1/3 9036/1/3 9070/1/3
f 9102/1/3 9071/1/3 9037/1/3
f 9103/1/3 9038/1/3 9072/1/3
f 9104/1/3 9073/1/3 9039/1/3
f 9105/1/3 9040/1/3 9074/1/3
f 9106/1/3 9075/1/3 9041/1/3
f 9107/1/3 9042/1/3 9076/1/3
f 9108/1/3 9044/1/3 9043/1/3
f 9109/1/3 9078/1/3 9077/1/3
f 9109/1/3 9077/1/3 9046/1/3
f 9110/1/3 9047/1/3 9078/1/3
f 9110/1/3 9078/1/3 9109/1/3
f 9111/1/3 9080/1/3 9079/1/3
f 9111/1/3 9079/1/3 9048/1/3
f 9112/1/3 9049/1/3 9080/1/3
f 9112/1/3 9080/1/3 9111/1/3
f 9113/1/3 9082/1/3 9081/1/3
f 9113/1/3 9081/1/3 9050/1/3
f 9114/1/3 9051/1/3 9082/1/3
f 9114/1/3 9082/1/3 9113/1/3
f 9115/1/3 9084/1/3 9083/1/3
f 9115/1/3 9083/1/3 9052/1/3
f 9116/1/3 9053/1/3 9084/1/3
f 9116/1/3 9084/1/3 9115/1/3
f 9117/1/3 9086/1/3 9085/1/3
f 9117/1/3 9085/1/3 9054/1/3
f 9118/1/3 9055/1/3 9086/1/3
f 9118/1/3 9086/1/3 9117/1/3
f 9119/1/3 9088/1/3 9087/1/3
f 9119/1/3 9087/1/3 9056/1/3
f 9120/1/3 9057/1/3 9088/1/3
f 9120/1/3 9088/1/3 9119/1/3
f 9121/1/3 9090/1/3 9089/1/3
f 9121/1/3 9089/1/3 9058/1/3
f 9122/1/3 9059/1/3 9090/1/3
f 9122/1/3 9090/1/3 9121/1/3
f 9123/1/3 9092/1/3 9091/1/3
f 9123/1/3 9091/1/3 9060/1/3
f 9124/1/3 9061/1/3 9092/1/3
f 9124/1/3 9092/1/3 9123/1/3
f 9125/1/3 9094/1/3 9093/1/3
f 9125/1/3 9093/1/3 9062/1/3
f 9126/1/3 9063/1/3 9094/1/3
f 9126/1/3 9094/1/3 9125/1/3
f 9127/1/3 9096/1/3 9095/1/3
f 9127/1/3 9095/1/3 9064/1/3
f 9128/1/3 9065/1/3 9096/1/3
f 9128/1/3 9096/1/3 9127/1/3
f 9129/1/3 9098/1/3 9097/1/3
f 9129/1/3 9097/1/3 9066/1/3
f 9130/1/3 9067/1/3 9098/1/3
f 9130/1/3 9098/1/3 9129/1/3
f 9131/1/3 9100/1/3 9099/1/3
f 9131/1/3 9099/1/3 9068/1/3
f 9132/1/3 9069/1/3 9100/1/3
f 9132/1/3 9100/1/3 9131/1/3
f 9133/1/3 9102/1/3 9101/1/3
f 9133/1/3 9101/1/3 9070/1/3
f 9134/1/3 9071/1/3 9102/1/3
f 9134/1/3 9102/1/3 9133/1/3
f 9135/1/3 9104/1/3 9103/1/3
f 9135/1/3 9103/1/3 9072/1/3
f 9136/1/3 9073/1/3 9104/1/3
f 9136/1/3 9104/1/3 9135/1/3
f 9137/1/3 9106/1/3 9105/1/3
f 9137/1/3 9105/1/3 9074/1/3
f 9138/1/3 9075/1/3 9106/1/3
f 9138/1/3 9106/1/3 9137/1/3
f 9139/1/3 9107/1/3 9076/1/3
f 9139/1/3 9108/1/3 9107/1/3
f 9140/1/3 9044/1/3 9108/1/3
f 9140/1/3 9108/1/3 9139/1/3
f 9142/1/3 9111/1/3 9048/1/3
f 9144/1/3 9109/1/3 9046/1/3
f 9145/1/3 9047/1/3 9110/1/3
f 9146/2/3 9142/2/3 9141/2/3
f 9147/1/3 9111/1/3 9142/1/3
f 9147/2/3 9142/2/3 9146/2/3
f 9148/1/3 9049/1/3 9112/1/3
f 9149/1/3 9113/1/3 9050/1/3
f 9150/1/3 9051/1/3 9114/1/3
f 9151/1/3 9115/1/3 9052/1/3
f 9152/1/3 9053/1/3 9116/1/3
f 9153/1/3 9117/1/3 9054/1/3
f 9154/1/3 9055/1/3 9118/1/3
f 9155/1/3 9119/1/3 9056/1/3
f 9156/1/3 9057/1/3 9120/1/3
f 9157/1/3 9121/1/3 9058/1/3
f 9158/1/3 9059/1/3 9122/1/3
f 9159/1/3 9123/1/3 9060/1/3
f 9160/1/3 9061/1/3 9124/1/3
f 9161/1/3 9125/1/3 9062/1/3
f 9162/1/3 9063/1/3 9126/1/3
f 9163/1/3 9127/1/3 9064/1/3
f 9164/1/3 9065/1/3 9128/1/3
f 9165/1/3 9129/1/3 9066/1/3
f 9166/1/3 9067/1/3 9130/1/3
f 9167/1/3 9131/1/3 9068/1/3
f 9168/1/3 9069/1/3 9132/1/3
f 9169/1/3 9133/1/3 9070/1/3
f 9170/1/3 9071/1/3 9134/1/3
f 9170/3/3 9072/3/3 9071/3/3
f 9171/1/3 9135/1/3 9072/1/3
f 9171/3/3 9072/3/3 9170/3/3
f 9172/1/3 9073/1/3 9136/1/3
f 9173/1/3 9137/1/3 9074/1/3
f 9174/1/3 9075/1/3 9138/1/3
f 9175/1/3 9139/1/3 9076/1/3
f 9176/1/3 9144/1/3 9143/1/3
f 9177/1/3 9109/1/3 9144/1/3
f 9177/1/3 9144/1/3 9176/1/3
f 9178/1/3 9145/1/3 9110/1/3
f 9178/1/3 9146/1/3 9145/1/3
f 9178/1/3 9147/1/3 9146/1/3
f 9179/1/3 9111/1/3 9147/1/3
f 9179/1/3 9147/1/3 9178/1/3
f 9180/1/3 9149/1/3 9148/1/3
f 9180/1/3 9148/1/3 9112/1/3
f 9181/1/3 9113/1/3 9149/1/3
f 9181/1/3 9149/1/3 9180/1/3
f 9182/1/3 9151/1/3 9150/1/3
f 9182/1/3 9150/1/3 9114/1/3
f 9183/1/3 9115/1/3 9151/1/3
f 9183/1/3 9151/1/3 9182/1/3
f 9184/1/3 9153/1/3 9152/1/3
f 9184/1/3 9152/1/3 9116/1/3
f 9185/1/3 9117/1/3 9153/1/3
f 9185/1/3 9153/1/3 9184/1/3
f 9186/1/3 9155/1/3 9154/1/3
f 9186/1/3 9154/1/3 9118/1/3
f 9187/1/3 9119/1/3 9155/1/3
f 9187/1/3 9155/1/3 9186/1/3
f 9188/1/3 9157/1/3 9156/1/3
f 9188/1/3 9156/1/3 9120/1/3
f 9189/1/3 9121/1/3 9157/1/3
f 9189/1/3 9157/1/3 9188/1/3
f 9190/1/3 9159/1/3 9158/1/3
f 9190/1/3 9158/1/3 9122/1/3
f 9191/1/3 9123/1/3 9159/1/3
f 9191/1/3 9159/1/3 9190/1/3
f 9192/1/3 9161/1/3 9160/1/3
f 9192/1/3 9160/1/3 9124/1/3
f 9193/1/3 9125/1/3 9161/1/3
f 9193/1/3 9161/1/3 9192/1/3
f 9194/1/3 9163/1/3 9162/1/3
f 9194/1/3 9162/1/3 9126/1/3
f 9195/1/3 9127/1/3 9163/1/3
f 9195/1/3 9163/1/3 9194/1/3
f 9196/1/3 9165/1/3 9164/1/3
f 9196/1/3 9164/1/3 9128/1/3
f 9197/1/3 9129/1/3 9165/1/3
f 9197/1/3 9165/1/3 9196/1/3
f 9198/1/3 9167/1/3 9166/1/3
f 9198/1/3 9166/1/3 9130/1/3
f 9199/1/3 9131/1/3 9167/1/3
f 9199/1/3 9167/1/3 9198/1/3
f 9200/1/3 9169/1/3 9168/1/3
f 9200/1/3 9168/1/3 9132/1/3
f 9201/1/3 9169/1/3 9200/1/3
f 9202/1/3 9133/1/3 9169/1/3
f 9202/1/3 9169/1/3 9201/1/3
f 9203/1/3 9170/1/3 9134/1/3
f 9203/1/3 9171/1/3 9170/1/3
f 9204/1/3 9135/1/3 9171/1/3
f 9204/1/3 9171/1/3 9203/1/3
f 9205/1/3 9173/1/3 9172/1/3
f 9205/1/3 9172/1/3 9136/1/3
f 9206/1/3 9137/1/3 9173/1/3
f 9206/1/3 9173/1/3 9205/1/3
f 9207/1/3 9175/1/3 9174/1/3
f 9207/1/3 9174/1/3 9138/1/3
f 9208/1/3 9139/1/3 9175/1/3
f 9208/1/3 9175/1/3 9207/1/3
f 9209/1/3 9111/1/3 9179/1/3
f 9210/1/3 9180/1/3 9112/1/3
f 9211/2/3 9204/2/3 9203/2/3
f 9212/1/3 9135/1/3 9204/1/3
f 9212/2/3 9204/2/3 9211/2/3
f 9213/1/3 9109/1/3 9177/1/3
f 9214/1/3 9178/1/3 9110/1/3
f 9215/2/3 9210/2/3 9209/2/3
f 9215/1/3 9209/1/3 9179/1/3
f 9216/1/3 9180/1/3 9210/1/3
f 9216/2/3 9210/2/3 9215/2/3
f 9217/1/3 9113/1/3 9181/1/3
f 9218/1/3 9182/1/3 9114/1/3
f 9219/1/3 9115/1/3 9183/1/3
f 9220/1/3 9184/1/3 9116/1/3
f 9221/1/3 9117/1/3 9185/1/3
f 9222/1/3 9186/1/3 9118/1/3
f 9223/1/3 9119/1/3 9187/1/3
f 9224/1/3 9188/1/3 9120/1/3
f 9225/1/3 9121/1/3 9189/1/3
f 9226/1/3 9190/1/3 9122/1/3
f 9227/1/3 9123/1/3 9191/1/3
f 9228/1/3 9192/1/3 9124/1/3
f 9229/1/3 9125/1/3 9193/1/3
f 9230/1/3 9194/1/3 9126/1/3
f 9231/1/3 9127/1/3 9195/1/3
f 9232/1/3 9196/1/3 9128/1/3
f 9233/1/3 9129/1/3 9197/1/3
f 9233/2/3 9130/2/3 9129/2/3
f 9234/1/3 9198/1/3 9130/1/3
f 9234/2/3 9130/2/3 9233/2/3
f 9235/1/3 9131/1/3 9199/1/3
f 9236/1/3 9200/1/3 9132/1/3
f 9237/2/3 9202/2/3 9201/2/3
f 9238/1/3 9133/1/3 9202/1/3
f 9238/2/3 9202/2/3 9237/2/3
f 9239/2/3 9134/2/3 9133/2/3
f 9239/1/3 9133/1/3 9238/1/3
f 9240/1/3 9203/1/3 9134/1/3
f 9240/2/3 9134/2/3 9239/2/3
f 9241/2/3 9211/2/3 9203/2/3
f 9241/1/3 9203/1/3 9240/1/3
f 9242/2/3 9211/2/3 9241/2/3
f 9243/2/3 9136/2/3 9135/2/3
f 9243/1/3 9135/1/3 9212/1/3
f 9244/1/3 9205/1/3 9136/1/3
f 9244/2/3 9136/2/3 9243/2/3
f 9245/1/3 9137/1/3 9206/1/3
f 9246/1/3 9207/1/3 9138/1/3
f 9247/1/3 9139/1/3 9208/1/3
f 9248/1/3 9044/1/3 9140/1/3
f 9249/1/3 9213/1/3 9177/1/3
f 9249/1/3 9214/1/3 9213/1/3
f 9250/1/3 9178/1/3 9214/1/3
f 9250/1/3 9214/1/3 9249/1/3
f 9251/1/3 9215/1/3 9179/1/3
f 9251/1/3 9216/1/3 9215/1/3
f 9252/1/3 9180/1/3 9216/1/3
f 9252/1/3 9216/1/3 9251/1/3
f 9253/1/3 9218/1/3 9217/1/3
f 9253/1/3 9217/1/3 9181/1/3
f 9254/1/3 9182/1/3 9218/1/3
f 9254/1/3 9218/1/3 9253/1/3
f 9255/1/3 9220/1/3 9219/1/3
f 9255/1/3 9219/1/3 9183/1/3
f 9256/1/3 9184/1/3 9220/1/3
f 9256/1/3 9220/1/3 9255/1/3
f 9257/1/3 9222/1/3 9221/1/3
f 9257/1/3 9221/1/3 9185/1/3
f 9258/1/3 9186/1/3 9222/1/3
f 9258/1/3 9222/1/3 9257/1/3
f 9259/1/3 9224/1/3 9223/1/3
f 9259/1/3 9223/1/3 9187/1/3
f 9260/1/3 9188/1/3 9224/1/3
f 9260/1/3 9224/1/3 9259/1/3
f 9261/1/3 9226/1/3 9225/1/3
f 9261/1/3 9225/1/3 9189/1/3
f 9262/1/3 9190/1/3 9226/1/3
f 9262/1/3 9226/1/3 9261/1/3
f 9263/1/3 9228/1/3 9227/1/3
f 9263/1/3 9227/1/3 9191/1/3
f 9264/1/3 9192/1/3 9228/1/3
f 9264/1/3 9228/1/3 9263/1/3
f 9265/1/3 9230/1/3 9229/1/3
f 9265/1/3 9229/1/3 9193/1/3
f 9266/1/3 9194/1/3 9230/1/3
f 9266/1/3 9230/1/3 9265/1/3
f 9267/1/3 9232/1/3 9231/1/3
f 9267/1/3 9231/1/3 9195/1/3
f 9268/1/3 9196/1/3 9232/1/3
f 9268/1/3 9232/1/3 9267/1/3
f 9269/1/3 9233/1/3 9197/1/3
f 9269/1/3 9234/1/3 9233/1/3
f 9270/1/3 9198/1/3 9234/1/3
f 9270/1/3 9234/1/3 9269/1/3
f 9271/1/3 9235/1/3 9199/1/3
f 9271/1/3 9236/1/3 9235/1/3
f 9272/1/3 9200/1/3 9236/1/3
f 9272/1/3 9236/1/3 9271/1/3
f 9273/1/3 9240/1/3 9239/1/3
f 9273/1/3 9239/1/3 9238/1/3
f 9273/1/3 9241/1/3 9240/1/3
f 9274/1/3 9241/1/3 9273/1/3
f 9275/1/3 9241/1/3 9274/1/3
f 9276/1/3 9243/1/3 9212/1/3
f 9276/1/3 9244/1/3 9243/1/3
f 9277/1/3 9205/1/3 9244/1/3
f 9277/1/3 9244/1/3 9276/1/3
f 9278/1/3 9246/1/3 9245/1/3
f 9278/1/3 9245/1/3 9206/1/3
f 9279/1/3 9207/1/3 9246/1/3
f 9279/1/3 9246/1/3 9278/1/3
f 9280/1/3 9247/1/3 9208/1/3
f 9280/1/3 9248/1/3 9247/1/3
f 9281/1/3 9248/1/3 9280/1/3
f 9282/1/3 9044/1/3 9248/1/3
f 9282/1/3 9248/1/3 9281/1/3
f 9283/1/3 9180/1/3 9252/1/3
f 9285/2/3 9275/2/3 9274/2/3
f 9286/1/3 9241/1/3 9275/1/3
f 9286/2/3 9275/2/3 9285/2/3
f 9288/1/3 9249/1/3 9177/1/3
f 9289/2/3 9179/2/3 9178/2/3
f 9289/1/3 9178/1/3 9250/1/3
f 9290/1/3 9251/1/3 9179/1/3
f 9290/2/3 9179/2/3 9289/2/3
f 9291/2/3 9284/2/3 9283/2/3
f 9291/1/3 9283/1/3 9252/1/3
f 9292/2/3 9284/2/3 9291/2/3
f 9293/1/3 9253/1/3 9181/1/3
f 9294/1/3 9182/1/3 9254/1/3
f 9295/1/3 9255/1/3 9183/1/3
f 9296/1/3 9184/1/3 9256/1/3
f 9296/4/3 9185/4/3 9184/4/3
f 9297/1/3 9257/1/3 9185/1/3
f 9297/4/3 9185/4/3 9296/4/3
f 9298/1/3 9186/1/3 9258/1/3
f 9298/2/3 9187/2/3 9186/2/3
f 9299/1/3 9259/1/3 9187/1/3
f 9299/2/3 9187/2/3 9298/2/3
f 9300/1/3 9188/1/3 9260/1/3
f 9301/1/3 9261/1/3 9189/1/3
f 9302/1/3 9190/1/3 9262/1/3
f 9303/1/3 9263/1/3 9191/1/3
f 9304/1/3 9192/1/3 9264/1/3
f 9304/2/3 9193/2/3 9192/2/3
f 9305/1/3 9265/1/3 9193/1/3
f 9305/2/3 9193/2/3 9304/2/3
f 9306/1/3 9194/1/3 9266/1/3
f 9307/1/3 9267/1/3 9195/1/3
f 9308/1/3 9196/1/3 9268/1/3
f 9309/1/3 9269/1/3 9197/1/3
f 9310/1/3 9198/1/3 9270/1/3
f 9311/1/3 9271/1/3 9199/1/3
f 9312/1/3 9200/1/3 9272/1/3
f 9313/1/3 9273/1/3 9238/1/3
f 9314/1/3 9241/1/3 9286/1/3
f 9315/1/3 9276/1/3 9212/1/3
f 9316/1/3 9205/1/3 9277/1/3
f 9317/1/3 9278/1/3 9206/1/3
f 9318/1/3 9207/1/3 9279/1/3
f 9318/2/3 9208/2/3 9207/2/3
f 9319/1/3 9280/1/3 9208/1/3
f 9319/2/3 9208/2/3 9318/2/3
f 9320/2/3 9281/2/3 9280/2/3
f 9320/1/3 9280/1/3 9319/1/3
f 9321/2/3 9281/2/3 9320/2/3
f 9322/1/3 9288/1/3 9287/1/3
f 9323/1/3 9249/1/3 9288/1/3
f 9323/1/3 9288/1/3 9322/1/3
f 9324/1/3 9289/1/3 9250/1/3
f 9324/1/3 9290/1/3 9289/1/3
f 9325/1/3 9251/1/3 9290/1/3
f 9325/1/3 9290/1/3 9324/1/3
f 9326/1/3 9293/1/3 9292/1/3
f 9326/1/3 9292/1/3 9291/1/3
f 9326/1/3 9291/1/3 9252/1/3
f 9327/1/3 9293/1/3 9326/1/3
f 9328/1/3 9253/1/3 9293/1/3
f 9328/1/3 9293/1/3 9327/1/3
f 9329/1/3 9295/1/3 9294/1/3
f 9329/1/3 9294/1/3 9254/1/3
f 9330/1/3 9255/1/3 9295/1/3
f 9330/1/3 9295/1/3 9329/1/3
f 9331/1/3 9297/1/3 9296/1/3
f 9331/1/3 9296/1/3 9256/1/3
f 9332/1/3 9257/1/3 9297/1/3
f 9332/1/3 9297/1/3 9331/1/3
f 9333/1/3 9298/1/3 9258/1/3
f 9333/1/3 9299/1/3 9298/1/3
f 9334/1/3 9259/1/3 9299/1/3
f 9334/1/3 9299/1/3 9333/1/3
f 9335/1/3 9301/1/3 9300/1/3
f 9335/1/3 9300/1/3 9260/1/3
f 9336/1/3 9261/1/3 9301/1/3
f 9336/1/3 9301/1/3 9335/1/3
f 9337/1/3 9303/1/3 9302/1/3
f 9337/1/3 9302/1/3 9262/1/3
f 9338/1/3 9263/1/3 9303/1/3
f 9338/1/3 9303/1/3 9337/1/3
f 9339/1/3 9304/1/3 9264/1/3
f 9339/1/3 9305/1/3 9304/1/3
f 9340/1/3 9265/1/3 9305/1/3
f 9340/1/3 9305/1/3 9339/1/3
f 9341/1/3 9306/1/3 9266/1/3
f 9341/1/3 9307/1/3 9306/1/3
f 9342/1/3 9267/1/3 9307/1/3
f 9342/1/3 9307/1/3 9341/1/3
f 9343/1/3 9308/1/3 9268/1/3
f 9343/1/3 9309/1/3 9308/1/3
f 9344/1/3 9269/1/3 9309/1/3
f 9344/1/3 9309/1/3 9343/1/3
f 9345/1/3 9311/1/3 9310/1/3
f 9345/1/3 9310/1/3 9270/1/3
f 9346/1/3 9271/1/3 9311/1/3
f 9346/1/3 9311/1/3 9345/1/3
f 9347/1/3 9312/1/3 9272/1/3
f 9347/1/3 9313/1/3 9312/1/3
f 9348/1/3 9273/1/3 9313/1/3
f 9348/1/3 9313/1/3 9347/1/3
f 9349/1/3 9314/1/3 9286/1/3
f 9349/1/3 9315/1/3 9314/1/3
f 9350/1/3 9276/1/3 9315/1/3
f 9350/1/3 9315/1/3 9349/1/3
f 9351/1/3 9317/1/3 9316/1/3
f 9351/1/3 9316/1/3 9277/1/3
f 9352/1/3 9278/1/3 9317/1/3
f 9352/1/3 9317/1/3 9351/1/3
f 9353/1/3 9318/1/3 9279/1/3
f 9353/1/3 9319/1/3 9318/1/3
f 9353/1/3 9320/1/3 9319/1/3
f 9354/1/3 9320/1/3 9353/1/3
f 9355/1/3 9324/1/3 9250/1/3
f 9355/3/3 9325/3/3 9324/3/3
f 9356/1/3 9251/1/3 9325/1/3
f 9356/3/3 9325/3/3 9355/3/3
f 9357/1/3 9249/1/3 9323/1/3
f 9358/1/3 9355/1/3 9250/1/3
f 9359/1/3 9251/1/3 9356/1/3
f 9359/2/3 9252/2/3 9251/2/3
f 9360/1/3 9326/1/3 9252/1/3
f 9360/2/3 9252/2/3 9359/2/3
f 9361/1/3 9253/1/3 9328/1/3
f 9362/1/3 9329/1/3 9254/1/3
f 9363/1/3 9255/1/3 9330/1/3
f 9364/1/3 9331/1/3 9256/1/3
f 9365/1/3 9257/1/3 9332/1/3
f 9366/1/3 9333/1/3 9258/1/3
f 9367/1/3 9259/1/3 9334/1/3
f 9368/1/3 9335/1/3 9260/1/3
f 9369/1/3 9261/1/3 9336/1/3
f 9370/1/3 9337/1/3 9262/1/3
f 9371/1/3 9263/1/3 9338/1/3
f 9372/1/3 9339/1/3 9264/1/3
f 9373/1/3 9265/1/3 9340/1/3
f 9374/1/3 9341/1/3 9266/1/3
f 9375/1/3 9267/1/3 9342/1/3
f 9375/3/3 9268/3/3 9267/3/3
f 9376/1/3 9343/1/3 9268/1/3
f 9376/3/3 9268/3/3 9375/3/3
f 9377/1/3 9269/1/3 9344/1/3
f 9378/1/3 9345/1/3 9270/1/3
f 9379/2/3 9272/2/3 9271/2/3
f 9379/1/3 9271/1/3 9346/1/3
f 9380/1/3 9347/1/3 9272/1/3
f 9380/2/3 9272/2/3 9379/2/3
f 9381/1/3 9273/1/3 9348/1/3
f 9382/1/3 9349/1/3 9286/1/3
f 9383/1/3 9276/1/3 9350/1/3
f 9384/1/3 9351/1/3 9277/1/3
f 9385/1/3 9278/1/3 9352/1/3
f 9386/1/3 9353/1/3 9279/1/3
f 9387/1/3 9320/1/3 9354/1/3
f 9388/1/3 9044/1/3 9282/1/3
f 9389/1/3 9358/1/3 9357/1/3
f 9389/1/3 9357/1/3 9323/1/3
f 9390/1/3 9355/1/3 9358/1/3
f 9390/1/3 9358/1/3 9389/1/3
f 9391/1/3 9359/1/3 9356/1/3
f 9391/1/3 9360/1/3 9359/1/3
f 9392/1/3 9360/1/3 9391/1/3
f 9393/1/3 9326/1/3 9360/1/3
f 9393/1/3 9360/1/3 9392/1/3
f 9394/4/3 9327/4/3 9326/4/3
f 9394/1/3 9326/1/3 9393/1/3
f 9395/4/3 9327/4/3 9394/4/3
f 9396/1/3 9361/1/3 9328/1/3
f 9396/1/3 9362/1/3 9361/1/3
f 9397/1/3 9329/1/3 9362/1/3
f 9397/1/3 9362/1/3 9396/1/3
f 9398/1/3 9363/1/3 9330/1/3
f 9398/1/3 9364/1/3 9363/1/3
f 9399/1/3 9331/1/3 9364/1/3
f 9399/1/3 9364/1/3 9398/1/3
f 9400/1/3 9365/1/3 9332/1/3
f 9400/1/3 9366/1/3 9365/1/3
f 9401/1/3 9333/1/3 9366/1/3
f 9401/1/3 9366/1/3 9400/1/3
f 9402/1/3 9368/1/3 9367/1/3
f 9402/1/3 9367/1/3 9334/1/3
f 9403/1/3 9335/1/3 9368/1/3
f 9403/1/3 9368/1/3 9402/1/3
f 9404/1/3 9369/1/3 9336/1/3
f 9404/1/3 9370/1/3 9369/1/3
f 9405/1/3 9337/1/3 9370/1/3
f 9405/1/3 9370/1/3 9404/1/3
f 9406/1/3 9371/1/3 9338/1/3
f 9406/1/3 9372/1/3 9371/1/3
f 9407/1/3 9339/1/3 9372/1/3
f 9407/1/3 9372/1/3 9406/1/3
f 9408/1/3 9374/1/3 9373/1/3
f 9408/1/3 9373/1/3 9340/1/3
f 9409/1/3 9341/1/3 9374/1/3
f 9409/1/3 9374/1/3 9408/1/3
f 9410/1/3 9375/1/3 9342/1/3
f 9410/1/3 9376/1/3 9375/1/3
f 9411/1/3 9343/1/3 9376/1/3
f 9411/1/3 9376/1/3 9410/1/3
f 9412/1/3 9378/1/3 9377/1/3
f 9412/1/3 9377/1/3 9344/1/3
f 9413/1/3 9345/1/3 9378/1/3
f 9413/1/3 9378/1/3 9412/1/3
f 9414/1/3 9379/1/3 9346/1/3
f 9414/1/3 9380/1/3 9379/1/3
f 9415/1/3 9347/1/3 9380/1/3
f 9415/1/3 9380/1/3 9414/1/3
f 9416/1/3 9382/1/3 9381/1/3
f 9416/1/3 9381/1/3 9348/1/3
f 9417/1/3 9349/1/3 9382/1/3
f 9417/1/3 9382/1/3 9416/1/3
f 9418/1/3 9384/1/3 9383/1/3
f 9418/1/3 9383/1/3 9350/1/3
f 9419/1/3 9351/1/3 9384/1/3
f 9419/1/3 9384/1/3 9418/1/3
f 9420/1/3 9386/1/3 9385/1/3
f 9420/1/3 9385/1/3 9352/1/3
f 9421/1/3 9353/1/3 9386/1/3
f 9421/1/3 9386/1/3 9420/1/3
f 9422/1/3 9387/1/3 9354/1/3
f 9422/1/3 9388/1/3 9387/1/3
f 9423/1/3 9044/1/3 9388/1/3
f 9423/1/3 9388/1/3 9422/1/3
f 9424/2/3 9393/2/3 9392/2/3
f 9425/1/3 9394/1/3 9393/1/3
f 9425/2/3 9393/2/3 9424/2/3
f 9426/1/3 9341/1/3 9409/1/3
f 9427/1/3 9410/1/3 9342/1/3
f 9428/1/3 9351/1/3 9419/1/3
f 9430/2/3 9323/2/3 9322/2/3
f 9431/1/3 9389/1/3 9323/1/3
f 9431/2/3 9323/2/3 9430/2/3
f 9432/1/3 9355/1/3 9390/1/3
f 9433/1/3 9391/1/3 9356/1/3
f 9434/1/3 9394/1/3 9425/1/3
f 9435/1/3 9396/1/3 9328/1/3
f 9436/1/3 9329/1/3 9397/1/3
f 9437/1/3 9398/1/3 9330/1/3
f 9438/1/3 9331/1/3 9399/1/3
f 9439/1/3 9400/1/3 9332/1/3
f 9440/1/3 9333/1/3 9401/1/3
f 9441/1/3 9402/1/3 9334/1/3
f 9442/1/3 9335/1/3 9403/1/3
f 9443/1/3 9404/1/3 9336/1/3
f 9444/1/3 9337/1/3 9405/1/3
f 9445/1/3 9406/1/3 9338/1/3
f 9446/1/3 9339/1/3 9407/1/3
f 9447/1/3 9408/1/3 9340/1/3
f 9448/1/3 9426/1/3 9409/1/3
f 9448/2/3 9427/2/3 9426/2/3
f 9449/1/3 9410/1/3 9427/1/3
f 9449/2/3 9427/2/3 9448/2/3
f 9450/1/3 9343/1/3 9411/1/3
f 9451/1/3 9412/1/3 9344/1/3
f 9452/1/3 9345/1/3 9413/1/3
f 9453/1/3 9414/1/3 9346/1/3
f 9454/1/3 9347/1/3 9415/1/3
f 9455/1/3 9416/1/3 9348/1/3
f 9456/1/3 9349/1/3 9417/1/3
f 9457/1/3 9418/1/3 9350/1/3
f 9458/2/3 9429/2/3 9428/2/3
f 9458/1/3 9428/1/3 9419/1/3
f 9459/2/3 9429/2/3 9458/2/3
f 9460/1/3 9420/1/3 9352/1/3
f 9461/1/3 9353/1/3 9421/1/3
f 9462/1/3 9422/1/3 9354/1/3
f 9463/1/3 9431/1/3 9430/1/3
f 9464/1/3 9389/1/3 9431/1/3
f 9464/1/3 9431/1/3 9463/1/3
f 9465/1/3 9432/1/3 9390/1/3
f 9465/1/3 9433/1/3 9432/1/3
f 9466/1/3 9391/1/3 9433/1/3
f 9466/1/3 9433/1/3 9465/1/3
f 9467/1/3 9435/1/3 9434/1/3
f 9467/1/3 9434/1/3 9425/1/3
f 9468/1/3 9396/1/3 9435/1/3
f 9468/1/3 9435/1/3 9467/1/3
f 9469/1/3 9437/1/3 9436/1/3
f 9469/1/3 9436/1/3 9397/1/3
f 9470/1/3 9398/1/3 9437/1/3
f 9470/1/3 9437/1/3 9469/1/3
f 9471/1/3 9439/1/3 9438/1/3
f 9471/1/3 9438/1/3 9399/1/3
f 9472/1/3 9400/1/3 9439/1/3
f 9472/1/3 9439/1/3 9471/1/3
f 9473/1/3 9441/1/3 9440/1/3
f 9473/1/3 9440/1/3 9401/1/3
f 9474/1/3 9402/1/3 9441/1/3
f 9474/1/3 9441/1/3 9473/1/3
f 9475/1/3 9443/1/3 9442/1/3
f 9475/1/3 9442/1/3 9403/1/3
f 9476/1/3 9404/1/3 9443/1/3
f 9476/1/3 9443/1/3 9475/1/3
f 9477/1/3 9445/1/3 9444/1/3
f 9477/1/3 9444/1/3 9405/1/3
f 9478/1/3 9406/1/3 9445/1/3
f 9478/1/3 9445/1/3 9477/1/3
f 9479/1/3 9447/1/3 9446/1/3
f 9479/1/3 9446/1/3 9407/1/3
f 9480/1/3 9408/1/3 9447/1/3
f 9480/1/3 9447/1/3 9479/1/3
f 9481/1/3 9448/1/3 9409/1/3
f 9481/1/3 9449/1/3 9448/1/3
f 9482/1/3 9410/1/3 9449/1/3
f 9482/1/3 9449/1/3 9481/1/3
f 9483/1/3 9410/1/3 9482/1/3
f 9485/1/3 9450/1/3 9411/1/3
f 9485/1/3 9451/1/3 9450/1/3
f 9486/1/3 9412/1/3 9451/1/3
f 9486/1/3 9451/1/3 9485/1/3
f 9487/1/3 9453/1/3 9452/1/3
f 9487/1/3 9452/1/3 9413/1/3
f 9488/1/3 9414/1/3 9453/1/3
f 9488/1/3 9453/1/3 9487/1/3
f 9489/1/3 9455/1/3 9454/1/3
f 9489/1/3 9454/1/3 9415/1/3
f 9490/1/3 9416/1/3 9455/1/3
f 9490/1/3 9455/1/3 9489/1/3
f 9491/1/3 9456/1/3 9417/1/3
f 9491/1/3 9457/1/3 9456/1/3
f 9492/1/3 9418/1/3 9457/1/3
f 9492/1/3 9457/1/3 9491/1/3
f 9493/1/3 9460/1/3 9459/1/3
f 9493/1/3 9459/1/3 9458/1/3
f 9493/1/3 9458/1/3 9419/1/3
f 9494/1/3 9420/1/3 9460/1/3
f 9494/1/3 9460/1/3 9493/1/3
f 9495/1/3 9461/1/3 9421/1/3
f 9495/1/3 9462/1/3 9461/1/3
f 9496/1/3 9422/1/3 9462/1/3
f 9496/1/3 9462/1/3 9495/1/3
f 9498/1/3 9481/1/3 9409/1/3
f 9499/1/3 9389/1/3 9464/1/3
f 9500/1/3 9465/1/3 9390/1/3
f 9501/1/3 9391/1/3 9466/1/3
f 9502/1/3 9467/1/3 9425/1/3
f 9503/1/3 9396/1/3 9468/1/3
f 9503/2/3 9397/2/3 9396/2/3
f 9504/1/3 9469/1/3 9397/1/3
f 9504/2/3 9397/2/3 9503/2/3
f 9505/2/3 9399/2/3 9398/2/3
f 9505/1/3 9398/1/3 9470/1/3
f 9506/1/3 9471/1/3 9399/1/3
f 9506/2/3 9399/2/3 9505/2/3
f 9507/1/3 9400/1/3 9472/1/3
f 9507/2/3 9401/2/3 9400/2/3
f 9508/1/3 9473/1/3 9401/1/3
f 9508/2/3 9401/2/3 9507/2/3
f 9509/1/3 9402/1/3 9474/1/3
f 9510/1/3 9475/1/3 9403/1/3
f 9511/1/3 9404/1/3 9476/1/3
f 9512/1/3 9477/1/3 9405/1/3
f 9513/1/3 9406/1/3 9478/1/3
f 9513/3/3 9407/3/3 9406/3/3
f 9514/1/3 9479/1/3 9407/1/3
f 9514/3/3 9407/3/3 9513/3/3
f 9515/1/3 9408/1/3 9480/1/3
f 9516/2/3 9498/2/3 9497/2/3
f 9517/1/3 9481/1/3 9498/1/3
f 9517/2/3 9498/2/3 9516/2/3
f 9518/2/3 9484/2/3 9483/2/3
f 9518/1/3 9483/1/3 9482/1/3
f 9519/2/3 9484/2/3 9518/2/3
f 9520/1/3 9485/1/3 9411/1/3
f 9521/1/3 9412/1/3 9486/1/3
f 9521/4/3 9413/4/3 9412/4/3
f 9522/1/3 9487/1/3 9413/1/3
f 9522/4/3 9413/4/3 9521/4/3
f 9523/1/3 9414/1/3 9488/1/3
f 9524/1/3 9489/1/3 9415/1/3
f 9525/2/3 9417/2/3 9416/2/3
f 9525/1/3 9416/1/3 9490/1/3
f 9526/1/3 9491/1/3 9417/1/3
f 9526/2/3 9417/2/3 9525/2/3
f 9527/1/3 9418/1/3 9492/1/3
f 9528/1/3 9493/1/3 9419/1/3
f 9529/2/3 9421/2/3 9420/2/3
f 9529/1/3 9420/1/3 9494/1/3
f 9530/1/3 9495/1/3 9421/1/3
f 9530/2/3 9421/2/3 9529/2/3
f 9531/1/3 9422/1/3 9496/1/3
f 9532/1/3 9044/1/3 9423/1/3
f 9533/1/3 9500/1/3 9499/1/3
f 9533/1/3 9499/1/3 9464/1/3
f 9534/1/3 9465/1/3 9500/1/3
f 9534/1/3 9500/1/3 9533/1/3
f 9535/1/3 9502/1/3 9501/1/3
f 9535/1/3 9501/1/3 9466/1/3
f 9536/1/3 9467/1/3 9502/1/3
f 9536/1/3 9502/1/3 9535/1/3
f 9537/1/3 9504/1/3 9503/1/3
f 9537/1/3 9503/1/3 9468/1/3
f 9538/1/3 9469/1/3 9504/1/3
f 9538/1/3 9504/1/3 9537/1/3
f 9539/1/3 9506/1/3 9505/1/3
f 9539/1/3 9505/1/3 9470/1/3
f 9540/1/3 9471/1/3 9506/1/3
f 9540/1/3 9506/1/3 9539/1/3
f 9541/1/3 9507/1/3 9472/1/3
f 9541/1/3 9508/1/3 9507/1/3
f 9542/1/3 9473/1/3 9508/1/3
f 9542/1/3 9508/1/3 9541/1/3
f 9543/1/3 9510/1/3 9509/1/3
f 9543/1/3 9509/1/3 9474/1/3
f 9544/1/3 9475/1/3 9510/1/3
f 9544/1/3 9510/1/3 9543/1/3
f 9545/1/3 9512/1/3 9511/1/3
f 9545/1/3 9511/1/3 9476/1/3
f 9546/1/3 9477/1/3 9512/1/3
f 9546/1/3 9512/1/3 9545/1/3
f 9547/1/3 9513/1/3 9478/1/3
f 9547/1/3 9514/1/3 9513/1/3
f 9548/1/3 9479/1/3 9514/1/3
f 9548/1/3 9514/1/3 9547/1/3
f 9549/1/3 9515/1/3 9480/1/3
f 9549/1/3 9517/1/3 9516/1/3
f 9549/1/3 9516/1/3 9515/1/3
f 9550/1/3 9481/1/3 9517/1/3
f 9550/1/3 9517/1/3 9549/1/3
f 9551/1/3 9519/1/3 9518/1/3
f 9551/1/3 9520/1/3 9519/1/3
f 9551/1/3 9518/1/3 9482/1/3
f 9552/1/3 9520/1/3 9551/1/3
f 9553/1/3 9485/1/3 9520/1/3
f 9553/1/3 9520/1/3 9552/1/3
f 9554/1/3 9521/1/3 9486/1/3
f 9554/1/3 9522/1/3 9521/1/3
f 9555/1/3 9487/1/3 9522/1/3
f 9555/1/3 9522/1/3 9554/1/3
f 9556/1/3 9524/1/3 9523/1/3
f 9556/1/3 9523/1/3 9488/1/3
f 9557/1/3 9489/1/3 9524/1/3
f 9557/1/3 9524/1/3 9556/1/3
f 9558/1/3 9525/1/3 9490/1/3
f 9558/1/3 9526/1/3 9525/1/3
f 9559/1/3 9491/1/3 9526/1/3
f 9559/1/3 9526/1/3 9558/1/3
f 9560/1/3 9528/1/3 9527/1/3
f 9560/1/3 9527/1/3 9492/1/3
f 9561/1/3 9493/1/3 9528/1/3
f 9561/1/3 9528/1/3 9560/1/3
f 9562/1/3 9529/1/3 9494/1/3
f 9562/1/3 9530/1/3 9529/1/3
f 9563/1/3 9530/1/3 9562/1/3
f 9564/1/3 9495/1/3 9530/1/3
f 9564/1/3 9530/1/3 9563/1/3
f 9565/1/3 9531/1/3 9496/1/3
f 9565/1/3 9532/1/3 9531/1/3
f 9566/1/3 9044/1/3 9532/1/3
f 9566/1/3 9532/1/3 9565/1/3
f 9567/2/3 9563/2/3 9562/2/3
f 9567/1/3 9562/1/3 9494/1/3
f 9568/2/3 9563/2/3 9567/2/3
f 9570/1/3 9533/1/3 9464/1/3
f 9571/1/3 9465/1/3 9534/1/3
f 9572/1/3 9535/1/3 9466/1/3
f 9573/1/3 9467/1/3 9536/1/3
f 9573/2/3 9468/2/3 9467/2/3
f 9574/1/3 9537/1/3 9468/1/3
f 9574/2/3 9468/2/3 9573/2/3
f 9575/1/3 9469/1/3 9538/1/3
f 9576/1/3 9539/1/3 9470/1/3
f 9577/1/3 9471/1/3 9540/1/3
f 9578/1/3 9541/1/3 9472/1/3
f 9579/1/3 9473/1/3 9542/1/3
f 9580/1/3 9543/1/3 9474/1/3
f 9581/1/3 9475/1/3 9544/1/3
f 9581/2/3 9476/2/3 9475/2/3
f 9582/1/3 9545/1/3 9476/1/3
f 9582/2/3 9476/2/3 9581/2/3
f 9583/1/3 9477/1/3 9546/1/3
f 9584/1/3 9547/1/3 9478/1/3
f 9585/1/3 9479/1/3 9548/1/3
f 9586/1/3 9549/1/3 9480/1/3
f 9587/1/3 9481/1/3 9550/1/3
f 9587/2/3 9482/2/3 9481/2/3
f 9588/1/3 9551/1/3 9482/1/3
f 9588/2/3 9482/2/3 9587/2/3
f 9589/3/3 9552/3/3 9551/3/3
f 9589/1/3 9551/1/3 9588/1/3
f 9590/3/3 9552/3/3 9589/3/3
f 9591/1/3 9485/1/3 9553/1/3
f 9592/1/3 9554/1/3 9486/1/3
f 9593/1/3 9487/1/3 9555/1/3
f 9594/1/3 9556/1/3 9488/1/3
f 9595/2/3 9490/2/3 9489/2/3
f 9595/1/3 9489/1/3 9557/1/3
f 9596/1/3 9558/1/3 9490/1/3
f 9596/2/3 9490/2/3 9595/2/3
f 9597/1/3 9491/1/3 9559/1/3
f 9598/1/3 9560/1/3 9492/1/3
f 9599/1/3 9493/1/3 9561/1/3
f 9600/1/3 9567/1/3 9494/1/3
f 9601/1/3 9495/1/3 9564/1/3
f 9602/1/3 9565/1/3 9496/1/3
f 9603/1/3 9570/1/3 9569/1/3
f 9604/1/3 9533/1/3 9570/1/3
f 9604/1/3 9570/1/3 9603/1/3
f 9605/1/3 9572/1/3 9571/1/3
f 9605/1/3 9571/1/3 9534/1/3
f 9606/1/3 9535/1/3 9572/1/3
f 9606/1/3 9572/1/3 9605/1/3
f 9607/1/3 9573/1/3 9536/1/3
f 9607/1/3 9574/1/3 9573/1/3
f 9608/1/3 9537/1/3 9574/1/3
f 9608/1/3 9574/1/3 9607/1/3
f 9609/1/3 9575/1/3 9538/1/3
f 9609/1/3 9576/1/3 9575/1/3
f 9610/1/3 9539/1/3 9576/1/3
f 9610/1/3 9576/1/3 9609/1/3
f 9611/1/3 9577/1/3 9540/1/3
f 9611/1/3 9578/1/3 9577/1/3
f 9612/1/3 9541/1/3 9578/1/3
f 9612/1/3 9578/1/3 9611/1/3
f 9613/1/3 9580/1/3 9579/1/3
f 9613/1/3 9579/1/3 9542/1/3
f 9614/1/3 9543/1/3 9580/1/3
f 9614/1/3 9580/1/3 9613/1/3
f 9615/1/3 9581/1/3 9544/1/3
f 9615/1/3 9582/1/3 9581/1/3
f 9616/1/3 9545/1/3 9582/1/3
f 9616/1/3 9582/1/3 9615/1/3
f 9617/1/3 9584/1/3 9583/1/3
f 9617/1/3 9583/1/3 9546/1/3
f 9618/1/3 9547/1/3 9584/1/3
f 9618/1/3 9584/1/3 9617/1/3
f 9619/1/3 9586/1/3 9585/1/3
f 9619/1/3 9585/1/3 9548/1/3
f 9620/1/3 9549/1/3 9586/1/3
f 9620/1/3 9586/1/3 9619/1/3
f 9621/1/3 9587/1/3 9550/1/3
f 9621/1/3 9588/1/3 9587/1/3
f 9621/1/3 9589/1/3 9588/1/3
f 9622/1/3 9589/1/3 9621/1/3
f 9623/1/3 9589/1/3 9622/1/3
f 9624/1/3 9591/1/3 9553/1/3
f 9624/1/3 9592/1/3 9591/1/3
f 9625/1/3 9554/1/3 9592/1/3
f 9625/1/3 9592/1/3 9624/1/3
f 9626/1/3 9593/1/3 9555/1/3
f 9626/1/3 9594/1/3 9593/1/3
f 9627/1/3 9556/1/3 9594/1/3
f 9627/1/3 9594/1/3 9626/1/3
f 9628/1/3 9595/1/3 9557/1/3
f 9628/1/3 9596/1/3 9595/1/3
f 9629/1/3 9558/1/3 9596/1/3
f 9629/1/3 9596/1/3 9628/1/3
f 9630/1/3 9597/1/3 9559/1/3
f 9630/1/3 9598/1/3 9597/1/3
f 9631/1/3 9560/1/3 9598/1/3
f 9631/1/3 9598/1/3 9630/1/3
f 9632/1/3 9600/1/3 9599/1/3
f 9632/1/3 9599/1/3 9561/1/3
f 9633/1/3 9567/1/3 9600/1/3
f 9633/1/3 9600/1/3 9632/1/3
f 9634/1/3 9602/1/3 9601/1/3
f 9634/1/3 9601/1/3 9564/1/3
f 9635/1/3 9565/1/3 9602/1/3
f 9635/1/3 9602/1/3 9634/1/3
f 9636/2/3 9623/2/3 9622/2/3
f 9637/1/3 9589/1/3 9623/1/3
f 9637/2/3 9623/2/3 9636/2/3
f 9638/1/3 9533/1/3 9604/1/3
f 9639/1/3 9605/1/3 9534/1/3
f 9640/1/3 9535/1/3 9606/1/3
f 9641/1/3 9607/1/3 9536/1/3
f 9642/1/3 9537/1/3 9608/1/3
f 9643/1/3 9609/1/3 9538/1/3
f 9644/1/3 9539/1/3 9610/1/3
f 9645/1/3 9611/1/3 9540/1/3
f 9646/1/3 9541/1/3 9612/1/3
f 9647/1/3 9613/1/3 9542/1/3
f 9648/1/3 9543/1/3 9614/1/3
f 9649/1/3 9615/1/3 9544/1/3
f 9650/1/3 9545/1/3 9616/1/3
f 9650/2/3 9546/2/3 9545/2/3
f 9651/1/3 9617/1/3 9546/1/3
f 9651/2/3 9546/2/3 9650/2/3
f 9652/1/3 9547/1/3 9618/1/3
f 9653/1/3 9619/1/3 9548/1/3
f 9654/1/3 9549/1/3 9620/1/3
f 9655/1/3 9621/1/3 9550/1/3
f 9656/1/3 9589/1/3 9637/1/3
f 9657/1/3 9624/1/3 9553/1/3
f 9658/1/3 9554/1/3 9625/1/3
f 9659/1/3 9626/1/3 9555/1/3
f 9660/1/3 9556/1/3 9627/1/3
f 9661/1/3 9628/1/3 9557/1/3
f 9662/1/3 9558/1/3 9629/1/3
f 9663/1/3 9630/1/3 9559/1/3
f 9664/1/3 9560/1/3 9631/1/3
f 9664/2/3 9561/2/3 9560/2/3
f 9665/1/3 9632/1/3 9561/1/3
f 9665/2/3 9561/2/3 9664/2/3
f 9666/1/3 9567/1/3 9633/1/3
f 9667/1/3 9634/1/3 9564/1/3
f 9668/2/3 9566/2/3 9565/2/3
f 9668/1/3 9565/1/3 9635/1/3
f 9669/1/3 9044/1/3 9566/1/3
f 9669/2/3 9566/2/3 9668/2/3
f 9670/1/3 9639/1/3 9638/1/3
f 9670/1/3 9638/1/3 9604/1/3
f 9671/1/3 9605/1/3 9639/1/3
f 9671/1/3 9639/1/3 9670/1/3
f 9672/1/3 9641/1/3 9640/1/3
f 9672/1/3 9640/1/3 9606/1/3
f 9673/1/3 9607/1/3 9641/1/3
f 9673/1/3 9641/1/3 9672/1/3
f 9674/1/3 9643/1/3 9642/1/3
f 9674/1/3 9642/1/3 9608/1/3
f 9675/1/3 9609/1/3 9643/1/3
f 9675/1/3 9643/1/3 9674/1/3
f 9676/1/3 9645/1/3 9644/1/3
f 9676/1/3 9644/1/3 9610/1/3
f 9677/1/3 9611/1/3 9645/1/3
f 9677/1/3 9645/1/3 9676/1/3
f 9678/1/3 9647/1/3 9646/1/3
f 9678/1/3 9646/1/3 9612/1/3
f 9679/1/3 9613/1/3 9647/1/3
f 9679/1/3 9647/1/3 9678/1/3
f 9680/1/3 9648/1/3 9614/1/3
f 9680/1/3 9649/1/3 9648/1/3
f 9681/1/3 9615/1/3 9649/1/3
f 9681/1/3 9649/1/3 9680/1/3
f 9682/1/3 9650/1/3 9616/1/3
f 9682/1/3 9651/1/3 9650/1/3
f 9683/1/3 9617/1/3 9651/1/3
f 9683/1/3 9651/1/3 9682/1/3
f 9684/1/3 9653/1/3 9652/1/3
f 9684/1/3 9652/1/3 9618/1/3
f 9685/1/3 9619/1/3 9653/1/3
f 9685/1/3 9653/1/3 9684/1/3
f 9686/1/3 9655/1/3 9654/1/3
f 9686/1/3 9654/1/3 9620/1/3
f 9687/1/3 9621/1/3 9655/1/3
f 9687/1/3 9655/1/3 9686/1/3
f 9688/1/3 9657/1/3 9656/1/3
f 9688/1/3 9656/1/3 9637/1/3
f 9689/1/3 9624/1/3 9657/1/3
f 9689/1/3 9657/1/3 9688/1/3
f 9690/1/3 9659/1/3 9658/1/3
f 9690/1/3 9658/1/3 9625/1/3
f 9691/1/3 9626/1/3 9659/1/3
f 9691/1/3 9659/1/3 9690/1/3
f 9692/1/3 9660/1/3 9627/1/3
f 9692/1/3 9661/1/3 9660/1/3
f 9693/1/3 9628/1/3 9661/1/3
f 9693/1/3 9661/1/3 9692/1/3
f 9694/1/3 9663/1/3 9662/1/3
f 9694/1/3 9662/1/3 9629/1/3
f 9695/1/3 9630/1/3 9663/1/3
f 9695/1/3 9663/1/3 9694/1/3
f 9696/1/3 9664/1/3 9631/1/3
f 9696/1/3 9665/1/3 9664/1/3
f 9697/1/3 9632/1/3 9665/1/3
f 9697/1/3 9665/1/3 9696/1/3
f 9698/1/3 9667/1/3 9666/1/3
f 9698/1/3 9666/1/3 9633/1/3
f 9699/1/3 9634/1/3 9667/1/3
f 9699/1/3 9667/1/3 9698/1/3
f 9700/1/3 9668/1/3 9635/1/3
f 9700/1/3 9669/1/3 9668/1/3
f 9701/1/3 9044/1/3 9669/1/3
f 9701/1/3 9669/1/3 9700/1/3
f 9703/1/3 9670/1/3 9604/1/3
f 9704/1/3 9605/1/3 9671/1/3
f 9704/2/3 9606/2/3 9605/2/3
f 9705/1/3 9672/1/3 9606/1/3
f 9705/2/3 9606/2/3 9704/2/3
f 9706/1/3 9607/1/3 9673/1/3
f 9707/1/3 9674/1/3 9608/1/3
f 9708/1/3 9609/1/3 9675/1/3
f 9709/1/3 9676/1/3 9610/1/3
f 9710/1/3 9611/1/3 9677/1/3
f 9710/2/3 9612/2/3 9611/2/3
f 9711/1/3 9678/1/3 9612/1/3
f 9711/2/3 9612/2/3 9710/2/3
f 9712/1/3 9613/1/3 9679/1/3
f 9713/1/3 9680/1/3 9614/1/3
f 9714/1/3 9615/1/3 9681/1/3
f 9715/1/3 9682/1/3 9616/1/3
f 9716/1/3 9617/1/3 9683/1/3
f 9717/1/3 9684/1/3 9618/1/3
f 9718/1/3 9619/1/3 9685/1/3
f 9718/2/3 9620/2/3 9619/2/3
f 9719/1/3 9686/1/3 9620/1/3
f 9719/2/3 9620/2/3 9718/2/3
f 9720/1/3 9621/1/3 9687/1/3
f 9721/1/3 9688/1/3 9637/1/3
f 9722/1/3 9624/1/3 9689/1/3
f 9723/1/3 9690/1/3 9625/1/3
f 9724/1/3 9626/1/3 9691/1/3
f 9725/1/3 9692/1/3 9627/1/3
f 9726/1/3 9628/1/3 9693/1/3
f 9727/1/3 9694/1/3 9629/1/3
f 9728/1/3 9630/1/3 9695/1/3
f 9728/2/3 9631/2/3 9630/2/3
f 9729/1/3 9696/1/3 9631/1/3
f 9729/2/3 9631/2/3 9728/2/3
f 9730/1/3 9632/1/3 9697/1/3
f 9731/1/3 9698/1/3 9633/1/3
f 9732/1/3 9634/1/3 9699/1/3
f 9733/1/3 9700/1/3 9635/1/3
f 9734/1/3 9703/1/3 9702/1/3
f 9735/1/3 9670/1/3 9703/1/3
f 9735/1/3 9703/1/3 9734/1/3
f 9736/1/3 9704/1/3 9671/1/3
f 9736/1/3 9705/1/3 9704/1/3
f 9737/1/3 9672/1/3 9705/1/3
f 9737/1/3 9705/1/3 9736/1/3
f 9738/1/3 9707/1/3 9706/1/3
f 9738/1/3 9706/1/3 9673/1/3
f 9739/1/3 9674/1/3 9707/1/3
f 9739/1/3 9707/1/3 9738/1/3
f 9740/1/3 9709/1/3 9708/1/3
f 9740/1/3 9708/1/3 9675/1/3
f 9741/1/3 9676/1/3 9709/1/3
f 9741/1/3 9709/1/3 9740/1/3
f 9742/1/3 9710/1/3 9677/1/3
f 9742/1/3 9711/1/3 9710/1/3
f 9743/1/3 9678/1/3 9711/1/3
f 9743/1/3 9711/1/3 9742/1/3
f 9744/1/3 9712/1/3 9679/1/3
f 9744/1/3 9713/1/3 9712/1/3
f 9745/1/3 9680/1/3 9713/1/3
f 9745/1/3 9713/1/3 9744/1/3
f 9746/1/3 9714/1/3 9681/1/3
f 9746/1/3 9715/1/3 9714/1/3
f 9747/1/3 9682/1/3 9715/1/3
f 9747/1/3 9715/1/3 9746/1/3
f 9748/1/3 9717/1/3 9716/1/3
f 9748/1/3 9716/1/3 9683/1/3
f 9749/1/3 9684/1/3 9717/1/3
f 9749/1/3 9717/1/3 9748/1/3
f 9750/1/3 9718/1/3 9685/1/3
f 9750/1/3 9719/1/3 9718/1/3
f 9751/1/3 9686/1/3 9719/1/3
f 9751/1/3 9719/1/3 9750/1/3
f 9752/1/3 9721/1/3 9720/1/3
f 9752/1/3 9720/1/3 9687/1/3
f 9753/1/3 9688/1/3 9721/1/3
f 9753/1/3 9721/1/3 9752/1/3
f 9754/1/3 9723/1/3 9722/1/3
f 9754/1/3 9722/1/3 9689/1/3
f 9755/1/3 9690/1/3 9723/1/3
f 9755/1/3 9723/1/3 9754/1/3
f 9756/1/3 9725/1/3 9724/1/3
f 9756/1/3 9724/1/3 9691/1/3
f 9757/1/3 9692/1/3 9725/1/3
f 9757/1/3 9725/1/3 9756/1/3
f 9758/1/3 9726/1/3 9693/1/3
f 9758/1/3 9727/1/3 9726/1/3
f 9759/1/3 9694/1/3 9727/1/3
f 9759/1/3 9727/1/3 9758/1/3
f 9760/1/3 9728/1/3 9695/1/3
f 9760/1/3 9729/1/3 9728/1/3
f 9761/1/3 9696/1/3 9729/1/3
f 9761/1/3 9729/1/3 9760/1/3
f 9762/1/3 9731/1/3 9730/1/3
f 9762/1/3 9730/1/3 9697/1/3
f 9763/1/3 9698/1/3 9731/1/3
f 9763/1/3 9731/1/3 9762/1/3
f 9764/1/3 9732/1/3 9699/1/3
f 9764/1/3 9733/1/3 9732/1/3
f 9765/1/3 9700/1/3 9733/1/3
f 9765/1/3 9733/1/3 9764/1/3
f 9766/1/3 9670/1/3 9735/1/3
f 9767/1/3 9736/1/3 9671/1/3
f 9768/1/3 9672/1/3 9737/1/3
f 9769/1/3 9738/1/3 9673/1/3
f 9770/1/3 9674/1/3 9739/1/3
f 9771/1/3 9740/1/3 9675/1/3
f 9772/1/3 9676/1/3 9741/1/3
f 9773/1/3 9742/1/3 9677/1/3
f 9774/1/3 9678/1/3 9743/1/3
f 9775/1/3 9744/1/3 9679/1/3
f 9776/1/3 9680/1/3 9745/1/3
f 9776/2/3 9681/2/3 9680/2/3
f 9777/1/3 9746/1/3 9681/1/3
f 9777/2/3 9681/2/3 9776/2/3
f 9778/1/3 9682/1/3 9747/1/3
f 9779/1/3 9748/1/3 9683/1/3
f 9780/1/3 9684/1/3 9749/1/3
f 9781/1/3 9750/1/3 9685/1/3
f 9782/1/3 9686/1/3 9751/1/3
f 9783/1/3 9752/1/3 9687/1/3
f 9784/1/3 9688/1/3 9753/1/3
f 9785/1/3 9754/1/3 9689/1/3
f 9786/1/3 9690/1/3 9755/1/3
f 9787/1/3 9756/1/3 9691/1/3
f 9788/1/3 9692/1/3 9757/1/3
f 9789/1/3 9758/1/3 9693/1/3
f 9790/1/3 9694/1/3 9759/1/3
f 9791/1/3 9760/1/3 9695/1/3
f 9792/1/3 9696/1/3 9761/1/3
f 9793/1/3 9762/1/3 9697/1/3
f 9794/1/3 9698/1/3 9763/1/3
f 9795/1/3 9764/1/3 9699/1/3
f 9796/1/3 9700/1/3 9765/1/3
f 9796/2/3 9701/2/3 9700/2/3
f 9797/1/3 9044/1/3 9701/1/3
f 9797/2/3 9701/2/3 9796/2/3
f 9798/1/3 9767/1/3 9766/1/3
f 9798/1/3 9766/1/3 9735/1/3
f 9799/1/3 9736/1/3 9767/1/3
f 9799/1/3 9767/1/3 9798/1/3
f 9800/1/3 9769/1/3 9768/1/3
f 9800/1/3 9768/1/3 9737/1/3
f 9801/1/3 9738/1/3 9769/1/3
f 9801/1/3 9769/1/3 9800/1/3
f 9802/1/3 9770/1/3 9739/1/3
f 9802/1/3 9771/1/3 9770/1/3
f 9803/1/3 9740/1/3 9771/1/3
f 9803/1/3 9771/1/3 9802/1/3
f 9804/1/3 9740/1/3 9803/1/3
f 9806/1/3 9772/1/3 9741/1/3
f 9806/1/3 9773/1/3 9772/1/3
f 9807/1/3 9742/1/3 9773/1/3
f 9807/1/3 9773/1/3 9806/1/3
f 9808/1/3 9775/1/3 9774/1/3
f 9808/1/3 9774/1/3 9743/1/3
f 9809/1/3 9744/1/3 9775/1/3
f 9809/1/3 9775/1/3 9808/1/3
f 9810/1/3 9776/1/3 9745/1/3
f 9810/1/3 9777/1/3 9776/1/3
f 9811/1/3 9746/1/3 9777/1/3
f 9811/1/3 9777/1/3 9810/1/3
f 9812/1/3 9778/1/3 9747/1/3
f 9812/1/3 9779/1/3 9778/1/3
f 9813/1/3 9748/1/3 9779/1/3
f 9813/1/3 9779/1/3 9812/1/3
f 9814/1/3 9781/1/3 9780/1/3
f 9814/1/3 9780/1/3 9749/1/3
f 9815/1/3 9750/1/3 9781/1/3
f 9815/1/3 9781/1/3 9814/1/3
f 9816/1/3 9783/1/3 9782/1/3
f 9816/1/3 9782/1/3 9751/1/3
f 9817/1/3 9752/1/3 9783/1/3
f 9817/1/3 9783/1/3 9816/1/3
f 9818/1/3 9785/1/3 9784/1/3
f 9818/1/3 9784/1/3 9753/1/3
f 9819/1/3 9754/1/3 9785/1/3
f 9819/1/3 9785/1/3 9818/1/3
f 9820/1/3 9787/1/3 9786/1/3
f 9820/1/3 9786/1/3 9755/1/3
f 9821/1/3 9756/1/3 9787/1/3
f 9821/1/3 9787/1/3 9820/1/3
f 9822/1/3 9789/1/3 9788/1/3
f 9822/1/3 9788/1/3 9757/1/3
f 9823/1/3 9758/1/3 9789/1/3
f 9823/1/3 9789/1/3 9822/1/3
f 9824/1/3 9791/1/3 9790/1/3
f 9824/1/3 9790/1/3 9759/1/3
f 9825/1/3 9760/1/3 9791/1/3
f 9825/1/3 9791/1/3 9824/1/3
f 9826/1/3 9793/1/3 9792/1/3
f 9826/1/3 9792/1/3 9761/1/3
f 9827/1/3 9762/1/3 9793/1/3
f 9827/1/3 9793/1/3 9826/1/3
f 9828/1/3 9795/1/3 9794/1/3
f 9828/1/3 9794/1/3 9763/1/3
f 9829/1/3 9764/1/3 9795/1/3
f 9829/1/3 9795/1/3 9828/1/3
f 9830/1/3 9796/1/3 9765/1/3
f 9830/1/3 9797/1/3 9796/1/3
f 9831/1/3 9044/1/3 9797/1/3
f 9831/1/3 9797/1/3 9830/1/3
f 9833/1/3 9802/1/3 9739/1/3
f 9834/2/3 9805/2/3 9804/2/3
f 9835/1/3 9806/1/3 9741/1/3
f 9837/1/3 9798/1/3 9735/1/3
f 9838/1/3 9736/1/3 9799/1/3
f 9839/1/3 9800/1/3 9737/1/3
f 9840/1/3 9738/1/3 9801/1/3
f 9841/2/3 9833/2/3 9832/2/3
f 9842/1/3 9802/1/3 9833/1/3
f 9842/2/3 9833/2/3 9841/2/3
f 9843/1/3 9804/1/3 9803/1/3
f 9843/2/3 9835/2/3 9834/2/3
f 9843/2/3 9834/2/3 9804/2/3
f 9844/1/3 9806/1/3 9835/1/3
f 9844/2/3 9835/2/3 9843/2/3
f 9845/1/3 9742/1/3 9807/1/3
f 9846/1/3 9808/1/3 9743/1/3
f 9847/2/3 9745/2/3 9744/2/3
f 9847/1/3 9744/1/3 9809/1/3
f 9848/1/3 9810/1/3 9745/1/3
f 9848/2/3 9745/2/3 9847/2/3
f 9849/1/3 9746/1/3 9811/1/3
f 9850/1/3 9812/1/3 9747/1/3
f 9851/1/3 9748/1/3 9813/1/3
f 9852/1/3 9814/1/3 9749/1/3
f 9853/1/3 9750/1/3 9815/1/3
f 9854/1/3 9816/1/3 9751/1/3
f 9855/1/3 9752/1/3 9817/1/3
f 9856/1/3 9818/1/3 9753/1/3
f 9857/2/3 9755/2/3 9754/2/3
f 9857/1/3 9754/1/3 9819/1/3
f 9858/1/3 9820/1/3 9755/1/3
f 9858/2/3 9755/2/3 9857/2/3
f 9859/1/3 9756/1/3 9821/1/3
f 9860/1/3 9822/1/3 9757/1/3
f 9861/1/3 9758/1/3 9823/1/3
f 9862/1/3 9824/1/3 9759/1/3
f 9863/1/3 9760/1/3 9825/1/3
f 9864/1/3 9826/1/3 9761/1/3
f 9865/1/3 9762/1/3 9827/1/3
f 9865/2/3 9763/2/3 9762/2/3
f 9866/1/3 9828/1/3 9763/1/3
f 9866/2/3 9763/2/3 9865/2/3
f 9867/1/3 9764/1/3 9829/1/3
f 9868/1/3 9830/1/3 9765/1/3
f 9869/1/3 9837/1/3 9836/1/3
f 9870/1/3 9798/1/3 9837/1/3
f 9870/1/3 9837/1/3 9869/1/3
f 9871/1/3 9839/1/3 9838/1/3
f 9871/1/3 9838/1/3 9799/1/3
f 9872/1/3 9800/1/3 9839/1/3
f 9872/1/3 9839/1/3 9871/1/3
f 9873/1/3 9840/1/3 9801/1/3
f 9873/1/3 9842/1/3 9841/1/3
f 9873/1/3 9841/1/3 9840/1/3
f 9874/1/3 9802/1/3 9842/1/3
f 9874/1/3 9842/1/3 9873/1/3
f 9875/1/3 9843/1/3 9803/1/3
f 9875/1/3 9844/1/3 9843/1/3
f 9876/1/3 9806/1/3 9844/1/3
f 9876/1/3 9844/1/3 9875/1/3
f 9877/1/3 9806/1/3 9876/1/3
f 9879/1/3 9846/1/3 9845/1/3
f 9879/1/3 9845/1/3 9807/1/3
f 9880/1/3 9808/1/3 9846/1/3
f 9880/1/3 9846/1/3 9879/1/3
f 9881/1/3 9847/1/3 9809/1/3
f 9881/1/3 9848/1/3 9847/1/3
f 9882/1/3 9810/1/3 9848/1/3
f 9882/1/3 9848/1/3 9881/1/3
f 9883/1/3 9850/1/3 9849/1/3
f 9883/1/3 9849/1/3 9811/1/3
f 9884/1/3 9812/1/3 9850/1/3
f 9884/1/3 9850/1/3 9883/1/3
f 9885/1/3 9852/1/3 9851/1/3
f 9885/1/3 9851/1/3 9813/1/3
f 9886/1/3 9814/1/3 9852/1/3
f 9886/1/3 9852/1/3 9885/1/3
f 9887/1/3 9854/1/3 9853/1/3
f 9887/1/3 9853/1/3 9815/1/3
f 9888/1/3 9816/1/3 9854/1/3
f 9888/1/3 9854/1/3 9887/1/3
f 9889/1/3 9856/1/3 9855/1/3
f 9889/1/3 9855/1/3 9817/1/3
f 9890/1/3 9818/1/3 9856/1/3
f 9890/1/3 9856/1/3 9889/1/3
f 9891/1/3 9857/1/3 9819/1/3
f 9891/1/3 9858/1/3 9857/1/3
f 9892/1/3 9820/1/3 9858/1/3
f 9892/1/3 9858/1/3 9891/1/3
f 9893/1/3 9860/1/3 9859/1/3
f 9893/1/3 9859/1/3 9821/1/3
f 9894/1/3 9822/1/3 9860/1/3
f 9894/1/3 9860/1/3 9893/1/3
f 9895/1/3 9862/1/3 9861/1/3
f 9895/1/3 9861/1/3 9823/1/3
f 9896/1/3 9824/1/3 9862/1/3
f 9896/1/3 9862/1/3 9895/1/3
f 9897/1/3 9864/1/3 9863/1/3
f 9897/1/3 9863/1/3 9825/1/3
f 9898/1/3 9826/1/3 9864/1/3
f 9898/1/3 9864/1/3 9897/1/3
f 9899/1/3 9865/1/3 9827/1/3
f 9899/1/3 9866/1/3 9865/1/3
f 9900/1/3 9828/1/3 9866/1/3
f 9900/1/3 9866/1/3 9899/1/3
f 9901/1/3 9867/1/3 9829/1/3
f 9901/1/3 9868/1/3 9867/1/3
f 9902/1/3 9830/1/3 9868/1/3
f 9902/1/3 9868/1/3 9901/1/3
f 9903/1/3 9798/1/3 9870/1/3
f 9904/1/3 9871/1/3 9799/1/3
f 9905/1/3 9800/1/3 9872/1/3
f 9906/1/3 9873/1/3 9801/1/3
f 9907/2/3 9803/2/3 9802/2/3
f 9907/1/3 9802/1/3 9874/1/3
f 9908/1/3 9875/1/3 9803/1/3
f 9908/2/3 9803/2/3 9907/2/3
f 9909/2/3 9878/2/3 9877/2/3
f 9909/1/3 9877/1/3 9876/1/3
f 9910/2/3 9878/2/3 9909/2/3
f 9911/1/3 9879/1/3 9807/1/3
f 9912/1/3 9808/1/3 9880/1/3
f 9913/1/3 9881/1/3 9809/1/3
f 9914/1/3 9810/1/3 9882/1/3
f 9915/1/3 9883/1/3 9811/1/3
f 9916/1/3 9812/1/3 9884/1/3
f 9917/1/3 9885/1/3 9813/1/3
f 9918/1/3 9814/1/3 9886/1/3
f 9919/1/3 9887/1/3 9815/1/3
f 9920/1/3 9816/1/3 9888/1/3
f 9920/2/3 9817/2/3 9816/2/3
f 9921/1/3 9889/1/3 9817/1/3
f 9921/2/3 9817/2/3 9920/2/3
f 9922/1/3 9818/1/3 9890/1/3
f 9923/1/3 9891/1/3 9819/1/3
f 9924/1/3 9820/1/3 9892/1/3
f 9925/1/3 9893/1/3 9821/1/3
f 9926/1/3 9822/1/3 9894/1/3
f 9927/1/3 9895/1/3 9823/1/3
f 9928/1/3 9824/1/3 9896/1/3
f 9929/1/3 9897/1/3 9825/1/3
f 9930/1/3 9826/1/3 9898/1/3
f 9930/2/3 9827/2/3 9826/2/3
f 9931/1/3 9899/1/3 9827/1/3
f 9931/2/3 9827/2/3 9930/2/3
f 9932/1/3 9828/1/3 9900/1/3
f 9932/2/3 9829/2/3 9828/2/3
f 9933/1/3 9901/1/3 9829/1/3
f 9933/2/3 9829/2/3 9932/2/3
f 9934/1/3 9830/1/3 9902/1/3
f 9935/1/3 9044/1/3 9831/1/3
f 9936/1/3 9904/1/3 9903/1/3
f 9936/1/3 9903/1/3 9870/1/3
f 9937/1/3 9871/1/3 9904/1/3
f 9937/1/3 9904/1/3 9936/1/3
f 9938/1/3 9906/1/3 9905/1/3
f 9938/1/3 9905/1/3 9872/1/3
f 9939/1/3 9873/1/3 9906/1/3
f 9939/1/3 9906/1/3 9938/1/3
f 9940/1/3 9907/1/3 9874/1/3
f 9940/1/3 9908/1/3 9907/1/3
f 9941/1/3 9908/1/3 9940/1/3
f 9942/1/3 9875/1/3 9908/1/3
f 9942/1/3 9908/1/3 9941/1/3
f 9943/1/3 9911/1/3 9910/1/3
f 9943/1/3 9910/1/3 9909/1/3
f 9943/1/3 9909/1/3 9876/1/3
f 9944/1/3 9879/1/3 9911/1/3
f 9944/1/3 9911/1/3 9943/1/3
f 9945/1/3 9913/1/3 9912/1/3
f 9945/1/3 9912/1/3 9880/1/3
f 9946/1/3 9881/1/3 9913/1/3
f 9946/1/3 9913/1/3 9945/1/3
f 9947/1/3 9915/1/3 9914/1/3
f 9947/1/3 9914/1/3 9882/1/3
f 9948/1/3 9883/1/3 9915/1/3
f 9948/1/3 9915/1/3 9947/1/3
f 9949/1/3 9917/1/3 9916/1/3
f 9949/1/3 9916/1/3 9884/1/3
f 9950/1/3 9885/1/3 9917/1/3
f 9950/1/3 9917/1/3 9949/1/3
f 9951/1/3 9919/1/3 9918/1/3
f 9951/1/3 9918/1/3 9886/1/3
f 9952/1/3 9887/1/3 9919/1/3
f 9952/1/3 9919/1/3 9951/1/3
f 9953/1/3 9920/1/3 9888/1/3
f 9953/1/3 9921/1/3 9920/1/3
f 9954/1/3 9889/1/3 9921/1/3
f 9954/1/3 9921/1/3 9953/1/3
f 9955/1/3 9923/1/3 9922/1/3
f 9955/1/3 9922/1/3 9890/1/3
f 9956/1/3 9891/1/3 9923/1/3
f 9956/1/3 9923/1/3 9955/1/3
f 9957/1/3 9925/1/3 9924/1/3
f 9957/1/3 9924/1/3 9892/1/3
f 9958/1/3 9893/1/3 9925/1/3
f 9958/1/3 9925/1/3 9957/1/3
f 9959/1/3 9927/1/3 9926/1/3
f 9959/1/3 9926/1/3 9894/1/3
f 9960/1/3 9895/1/3 9927/1/3
f 9960/1/3 9927/1/3 9959/1/3
f 9961/1/3 9929/1/3 9928/1/3
f 9961/1/3 9928/1/3 9896/1/3
f 9962/1/3 9897/1/3 9929/1/3
f 9962/1/3 9929/1/3 9961/1/3
f 9963/1/3 9930/1/3 9898/1/3
f 9963/1/3 9931/1/3 9930/1/3
f 9964/1/3 9899/1/3 9931/1/3
f 9964/1/3 9931/1/3 9963/1/3
f 9965/1/3 9932/1/3 9900/1/3
f 9965/1/3 9933/1/3 9932/1/3
f 9966/1/3 9901/1/3 9933/1/3
f 9966/1/3 9933/1/3 9965/1/3
f 9967/1/3 9934/1/3 9902/1/3
f 9967/1/3 9935/1/3 9934/1/3
f 9968/1/3 9044/1/3 9935/1/3
f 9968/1/3 9935/1/3 9967/1/3
f 9970/1/3 9938/1/3 9872/1/3
f 9971/2/3 9942/2/3 9941/2/3
f 9972/1/3 9875/1/3 9942/1/3
f 9972/2/3 9942/2/3 9971/2/3
f 9973/2/3 9870/2/3 9869/2/3
f 9974/1/3 9936/1/3 9870/1/3
f 9974/2/3 9870/2/3 9973/2/3
f 9975/1/3 9871/1/3 9937/1/3
f 9976/2/3 9970/2/3 9969/2/3
f 9977/1/3 9938/1/3 9970/1/3
f 9977/2/3 9970/2/3 9976/2/3
f 9978/1/3 9873/1/3 9939/1/3
f 9978/2/3 9874/2/3 9873/2/3
f 9979/1/3 9940/1/3 9874/1/3
f 9979/2/3 9874/2/3 9978/2/3
f 9980/2/3 9876/2/3 9875/2/3
f 9980/1/3 9875/1/3 9972/1/3
f 9981/1/3 9943/1/3 9876/1/3
f 9981/2/3 9876/2/3 9980/2/3
f 9982/1/3 9879/1/3 9944/1/3
f 9983/1/3 9945/1/3 9880/1/3
f 9984/1/3 9881/1/3 9946/1/3
f 9985/1/3 9947/1/3 9882/1/3
f 9986/1/3 9883/1/3 9948/1/3
f 9987/1/3 9949/1/3 9884/1/3
f 9988/1/3 9885/1/3 9950/1/3
f 9988/2/3 9886/2/3 9885/2/3
f 9989/1/3 9951/1/3 9886/1/3
f 9989/2/3 9886/2/3 9988/2/3
f 9990/1/3 9887/1/3 9952/1/3
f 9991/1/3 9953/1/3 9888/1/3
f 9992/1/3 9889/1/3 9954/1/3
f 9992/2/3 9890/2/3 9889/2/3
f 9993/1/3 9955/1/3 9890/1/3
f 9993/2/3 9890/2/3 9992/2/3
f 9994/1/3 9891/1/3 9956/1/3
f 9995/1/3 9957/1/3 9892/1/3
f 9996/1/3 9893/1/3 9958/1/3
f 9996/2/3 9894/2/3 9893/2/3
f 9997/1/3 9959/1/3 9894/1/3
f 9997/2/3 9894/2/3 9996/2/3
f 9998/1/3 9895/1/3 9960/1/3
f 9999/1/3 9961/1/3 9896/1/3
f 10000/1/3 9897/1/3 9962/1/3
f 10001/1/3 9963/1/3 9898/1/3
f 10002/1/3 9899/1/3 9964/1/3
f 10003/1/3 9965/1/3 9900/1/3
f 10004/1/3 9901/1/3 9966/1/3
f 10005/1/3 9967/1/3 9902/1/3
f 10006/1/3 9974/1/3 9973/1/3
f 10007/1/3 9936/1/3 9974/1/3
f 10007/1/3 9974/1/3 10006/1/3
f 10008/1/3 9975/1/3 9937/1/3
f 10008/1/3 9977/1/3 9976/1/3
f 10008/1/3 9976/1/3 9975/1/3
f 10009/1/3 9938/1/3 9977/1/3
f 10009/1/3 9977/1/3 10008/1/3
f 10010/1/3 9979/1/3 9978/1/3
f 10010/1/3 9978/1/3 9939/1/3
f 10011/1/3 9940/1/3 9979/1/3
f 10011/1/3 9979/1/3 10010/1/3
f 10012/1/3 9980/1/3 9972/1/3
f 10012/1/3 9981/1/3 9980/1/3
f 10013/1/3 9943/1/3 9981/1/3
f 10013/1/3 9981/1/3 10012/1/3
f 10014/1/3 9983/1/3 9982/1/3
f 10014/1/3 9982/1/3 9944/1/3
f 10015/1/3 9945/1/3 9983/1/3
f 10015/1/3 9983/1/3 10014/1/3
f 10016/1/3 9985/1/3 9984/1/3
f 10016/1/3 9984/1/3 9946/1/3
f 10017/1/3 9947/1/3 9985/1/3
f 10017/1/3 9985/1/3 10016/1/3
f 10018/1/3 9987/1/3 9986/1/3
f 10018/1/3 9986/1/3 9948/1/3
f 10019/1/3 9949/1/3 9987/1/3
f 10019/1/3 9987/1/3 10018/1/3
f 10020/1/3 9988/1/3 9950/1/3
f 10020/1/3 9989/1/3 9988/1/3
f 10021/1/3 9951/1/3 9989/1/3
f 10021/1/3 9989/1/3 10020/1/3
f 10022/1/3 9991/1/3 9990/1/3
f 10022/1/3 9990/1/3 9952/1/3
f 10023/1/3 9953/1/3 9991/1/3
f 10023/1/3 9991/1/3 10022/1/3
f 10024/1/3 9992/1/3 9954/1/3
f 10024/1/3 9993/1/3 9992/1/3
f 10025/1/3 9955/1/3 9993/1/3
f 10025/1/3 9993/1/3 10024/1/3
f 10026/1/3 9995/1/3 9994/1/3
f 10026/1/3 9994/1/3 9956/1/3
f 10027/1/3 9957/1/3 9995/1/3
f 10027/1/3 9995/1/3 10026/1/3
f 10028/1/3 9996/1/3 9958/1/3
f 10028/1/3 9997/1/3 9996/1/3
f 10029/1/3 9959/1/3 9997/1/3
f 10029/1/3 9997/1/3 10028/1/3
f 10030/1/3 9999/1/3 9998/1/3
f 10030/1/3 9998/1/3 9960/1/3
f 10031/1/3 9961/1/3 9999/1/3
f 10031/1/3 9999/1/3 10030/1/3
f 10032/1/3 10000/1/3 9962/1/3
f 10032/1/3 10001/1/3 10000/1/3
f 10033/1/3 9963/1/3 10001/1/3
f 10033/1/3 10001/1/3 10032/1/3
f 10034/1/3 10003/1/3 10002/1/3
f 10034/1/3 10002/1/3 9964/1/3
f 10035/1/3 9965/1/3 10003/1/3
f 10035/1/3 10003/1/3 10034/1/3
f 10036/1/3 10004/1/3 9966/1/3
f 10036/1/3 10005/1/3 10004/1/3
f 10037/1/3 9967/1/3 10005/1/3
f 10037/1/3 10005/1/3 10036/1/3
f 10039/1/3 10008/1/3 9937/1/3
f 10040/1/3 10012/1/3 9972/1/3
f 10040/2/3 10013/2/3 10012/2/3
f 10041/1/3 9943/1/3 10013/1/3
f 10041/2/3 10013/2/3 10040/2/3
f 10042/1/3 9953/1/3 10023/1/3
f 10044/1/3 9936/1/3 10007/1/3
f 10045/2/3 10039/2/3 10038/2/3
f 10046/1/3 10008/1/3 10039/1/3
f 10046/2/3 10039/2/3 10045/2/3
f 10047/1/3 9938/1/3 10009/1/3
f 10048/1/3 10010/1/3 9939/1/3
f 10049/1/3 9940/1/3 10011/1/3
f 10050/1/3 10040/1/3 9972/1/3
f 10051/1/3 9943/1/3 10041/1/3
f 10052/1/3 10014/1/3 9944/1/3
f 10053/1/3 9945/1/3 10015/1/3
f 10054/1/3 10016/1/3 9946/1/3
f 10055/1/3 9947/1/3 10017/1/3
f 10055/2/3 9948/2/3 9947/2/3
f 10056/1/3 10018/1/3 9948/1/3
f 10056/2/3 9948/2/3 10055/2/3
f 10057/1/3 9949/1/3 10019/1/3
f 10058/1/3 10020/1/3 9950/1/3
f 10059/1/3 9951/1/3 10021/1/3
f 10060/1/3 10022/1/3 9952/1/3
f 10061/2/3 10043/2/3 10042/2/3
f 10061/1/3 10042/1/3 10023/1/3
f 10062/2/3 10043/2/3 10061/2/3
f 10063/1/3 10024/1/3 9954/1/3
f 10064/1/3 9955/1/3 10025/1/3
f 10064/4/3 9956/4/3 9955/4/3
f 10065/1/3 10026/1/3 9956/1/3
f 10065/4/3 9956/4/3 10064/4/3
f 10066/1/3 9957/1/3 10027/1/3
f 10067/1/3 10028/1/3 9958/1/3
f 10068/1/3 9959/1/3 10029/1/3
f 10068/3/3 9960/3/3 9959/3/3
f 10069/1/3 10030/1/3 9960/1/3
f 10069/3/3 9960/3/3 10068/3/3
f 10070/1/3 9961/1/3 10031/1/3
f 10070/2/3 9962/2/3 9961/2/3
f 10071/1/3 10032/1/3 9962/1/3
f 10071/2/3 9962/2/3 10070/2/3
f 10072/1/3 9963/1/3 10033/1/3
f 10072/2/3 9964/2/3 9963/2/3
f 10073/1/3 10034/1/3 9964/1/3
f 10073/2/3 9964/2/3 10072/2/3
f 10074/1/3 9965/1/3 10035/1/3
f 10075/1/3 10036/1/3 9966/1/3
f 10076/1/3 9967/1/3 10037/1/3
f 10077/1/3 9044/1/3 9968/1/3
f 10078/1/3 10044/1/3 10007/1/3
f 10078/1/3 10045/1/3 10044/1/3
f 10078/1/3 10046/1/3 10045/1/3
f 10079/1/3 10008/1/3 10046/1/3
f 10079/1/3 10046/1/3 10078/1/3
f 10080/1/3 10047/1/3 10009/1/3
f 10080/1/3 10048/1/3 10047/1/3
f 10081/1/3 10010/1/3 10048/1/3
f 10081/1/3 10048/1/3 10080/1/3
f 10082/1/3 10049/1/3 10011/1/3
f 10082/1/3 10050/1/3 10049/1/3
f 10083/1/3 10040/1/3 10050/1/3
f 10083/1/3 10050/1/3 10082/1/3
f 10084/1/3 10052/1/3 10051/1/3
f 10084/1/3 10051/1/3 10041/1/3
f 10085/1/3 10014/1/3 10052/1/3
f 10085/1/3 10052/1/3 10084/1/3
f 10086/1/3 10054/1/3 10053/1/3
f 10086/1/3 10053/1/3 10015/1/3
f 10087/1/3 10016/1/3 10054/1/3
f 10087/1/3 10054/1/3 10086/1/3
f 10088/1/3 10055/1/3 10017/1/3
f 10088/1/3 10056/1/3 10055/1/3
f 10089/1/3 10018/1/3 10056/1/3
f 10089/1/3 10056/1/3 10088/1/3
f 10090/1/3 10058/1/3 10057/1/3
f 10090/1/3 10057/1/3 10019/1/3
f 10091/1/3 10020/1/3 10058/1/3
f 10091/1/3 10058/1/3 10090/1/3
f 10092/1/3 10060/1/3 10059/1/3
f 10092/1/3 10059/1/3 10021/1/3
f 10093/1/3 10022/1/3 10060/1/3
f 10093/1/3 10060/1/3 10092/1/3
f 10094/1/3 10062/1/3 10061/1/3
f 10094/1/3 10063/1/3 10062/1/3
f 10094/1/3 10061/1/3 10023/1/3
f 10095/1/3 10024/1/3 10063/1/3
f 10095/1/3 10063/1/3 10094/1/3
f 10096/1/3 10064/1/3 10025/1/3
f 10096/1/3 10065/1/3 10064/1/3
f 10097/1/3 10026/1/3 10065/1/3
f 10097/1/3 10065/1/3 10096/1/3
f 10098/1/3 10067/1/3 10066/1/3
f 10098/1/3 10066/1/3 10027/1/3
f 10099/1/3 10028/1/3 10067/1/3
f 10099/1/3 10067/1/3 10098/1/3
f 10100/1/3 10069/1/3 10068/1/3
f 10100/1/3 10068/1/3 10029/1/3
f 10101/1/3 10030/1/3 10069/1/3
f 10101/1/3 10069/1/3 10100/1/3
f 10102/1/3 10071/1/3 10070/1/3
f 10102/1/3 10070/1/3 10031/1/3
f 10103/1/3 10032/1/3 10071/1/3
f 10103/1/3 10071/1/3 10102/1/3
f 10104/1/3 10072/1/3 10033/1/3
f 10104/1/3 10073/1/3 10072/1/3
f 10105/1/3 10034/1/3 10073/1/3
f 10105/1/3 10073/1/3 10104/1/3
f 10106/1/3 10075/1/3 10074/1/3
f 10106/1/3 10074/1/3 10035/1/3
f 10107/1/3 10036/1/3 10075/1/3
f 10107/1/3 10075/1/3 10106/1/3
f 10108/1/3 10077/1/3 10076/1/3
f 10108/1/3 10076/1/3 10037/1/3
f 10109/1/3 9044/1/3 10077/1/3
f 10109/1/3 10077/1/3 10108/1/3
f 10111/1/3 10094/1/3 10023/1/3
f 10113/1/3 10078/1/3 10007/1/3
f 10114/1/3 10008/1/3 10079/1/3
f 10114/2/3 10009/2/3 10008/2/3
f 10115/1/3 10080/1/3 10009/1/3
f 10115/2/3 10009/2/3 10114/2/3
f 10116/1/3 10010/1/3 10081/1/3
f 10117/1/3 10082/1/3 10011/1/3
f 10118/1/3 10040/1/3 10083/1/3
f 10119/1/3 10084/1/3 10041/1/3
f 10120/1/3 10014/1/3 10085/1/3
f 10121/1/3 10086/1/3 10015/1/3
f 10122/1/3 10016/1/3 10087/1/3
f 10123/1/3 10088/1/3 10017/1/3
f 10124/1/3 10018/1/3 10089/1/3
f 10124/2/3 10019/2/3 10018/2/3
f 10125/1/3 10090/1/3 10019/1/3
f 10125/2/3 10019/2/3 10124/2/3
f 10126/2/3 10021/2/3 10020/2/3
f 10126/1/3 10020/1/3 10091/1/3
f 10127/1/3 10092/1/3 10021/1/3
f 10127/2/3 10021/2/3 10126/2/3
f 10128/1/3 10022/1/3 10093/1/3
f 10129/2/3 10111/2/3 10110/2/3
f 10130/1/3 10094/1/3 10111/1/3
f 10130/2/3 10111/2/3 10129/2/3
f 10131/1/3 10024/1/3 10095/1/3
f 10132/1/3 10096/1/3 10025/1/3
f 10133/1/3 10026/1/3 10097/1/3
f 10134/1/3 10098/1/3 10027/1/3
f 10135/1/3 10028/1/3 10099/1/3
f 10136/1/3 10100/1/3 10029/1/3
f 10137/1/3 10030/1/3 10101/1/3
f 10138/1/3 10102/1/3 10031/1/3
f 10139/1/3 10032/1/3 10103/1/3
f 10140/1/3 10104/1/3 10033/1/3
f 10141/1/3 10034/1/3 10105/1/3
f 10142/1/3 10106/1/3 10035/1/3
f 10143/1/3 10036/1/3 10107/1/3
f 10144/1/3 10108/1/3 10037/1/3
f 10145/1/3 10113/1/3 10112/1/3
f 10146/1/3 10078/1/3 10113/1/3
f 10146/1/3 10113/1/3 10145/1/3
f 10147/1/3 10114/1/3 10079/1/3
f 10147/1/3 10115/1/3 10114/1/3
f 10148/1/3 10115/1/3 10147/1/3
f 10149/1/3 10080/1/3 10115/1/3
f 10149/1/3 10115/1/3 10148/1/3
f 10150/1/3 10117/1/3 10116/1/3
f 10150/1/3 10116/1/3 10081/1/3
f 10151/1/3 10082/1/3 10117/1/3
f 10151/1/3 10117/1/3 10150/1/3
f 10152/1/3 10119/1/3 10118/1/3
f 10152/1/3 10118/1/3 10083/1/3
f 10153/1/3 10084/1/3 10119/1/3
f 10153/1/3 10119/1/3 10152/1/3
f 10154/1/3 10121/1/3 10120/1/3
f 10154/1/3 10120/1/3 10085/1/3
f 10155/1/3 10086/1/3 10121/1/3
f 10155/1/3 10121/1/3 10154/1/3
f 10156/1/3 10123/1/3 10122/1/3
f 10156/1/3 10122/1/3 10087/1/3
f 10157/1/3 10088/1/3 10123/1/3
f 10157/1/3 10123/1/3 10156/1/3
f 10158/1/3 10125/1/3 10124/1/3
f 10158/1/3 10124/1/3 10089/1/3
f 10159/1/3 10090/1/3 10125/1/3
f 10159/1/3 10125/1/3 10158/1/3
f 10160/1/3 10126/1/3 10091/1/3
f 10160/1/3 10127/1/3 10126/1/3
f 10161/1/3 10092/1/3 10127/1/3
f 10161/1/3 10127/1/3 10160/1/3
f 10162/1/3 10128/1/3 10093/1/3
f 10162/1/3 10129/1/3 10128/1/3
f 10162/1/3 10130/1/3 10129/1/3
f 10163/1/3 10130/1/3 10162/1/3
f 10164/1/3 10094/1/3 10130/1/3
f 10164/1/3 10130/1/3 10163/1/3
f 10165/1/3 10132/1/3 10131/1/3
f 10165/1/3 10131/1/3 10095/1/3
f 10166/1/3 10096/1/3 10132/1/3
f 10166/1/3 10132/1/3 10165/1/3
f 10167/1/3 10134/1/3 10133/1/3
f 10167/1/3 10133/1/3 10097/1/3
f 10168/1/3 10098/1/3 10134/1/3
f 10168/1/3 10134/1/3 10167/1/3
f 10169/1/3 10135/1/3 10099/1/3
f 10169/1/3 10136/1/3 10135/1/3
f 10170/1/3 10100/1/3 10136/1/3
f 10170/1/3 10136/1/3 10169/1/3
f 10171/1/3 10137/1/3 10101/1/3
f 10171/1/3 10138/1/3 10137/1/3
f 10172/1/3 10102/1/3 10138/1/3
f 10172/1/3 10138/1/3 10171/1/3
f 10173/1/3 10140/1/3 10139/1/3
f 10173/1/3 10139/1/3 10103/1/3
f 10174/1/3 10104/1/3 10140/1/3
f 10174/1/3 10140/1/3 10173/1/3
f 10175/1/3 10142/1/3 10141/1/3
f 10175/1/3 10141/1/3 10105/1/3
f 10176/1/3 10106/1/3 10142/1/3
f 10176/1/3 10142/1/3 10175/1/3
f 10177/1/3 10144/1/3 10143/1/3
f 10177/1/3 10143/1/3 10107/1/3
f 10178/1/3 10108/1/3 10144/1/3
f 10178/1/3 10144/1/3 10177/1/3
f 10179/2/3 10148/2/3 10147/2/3
f 10179/1/3 10147/1/3 10079/1/3
f 10180/2/3 10148/2/3 10179/2/3
f 10181/2/3 10079/2/3 10078/2/3
f 10181/1/3 10078/1/3 10146/1/3
f 10182/1/3 10179/1/3 10079/1/3
f 10182/2/3 10079/2/3 10181/2/3
f 10183/1/3 10080/1/3 10149/1/3
f 10184/1/3 10150/1/3 10081/1/3
f 10185/1/3 10082/1/3 10151/1/3
f 10186/1/3 10152/1/3 10083/1/3
f 10187/1/3 10084/1/3 10153/1/3
f 10188/1/3 10154/1/3 10085/1/3
f 10189/1/3 10086/1/3 10155/1/3
f 10189/2/3 10087/2/3 10086/2/3
f 10190/1/3 10156/1/3 10087/1/3
f 10190/2/3 10087/2/3 10189/2/3
f 10191/2/3 10089/2/3 10088/2/3
f 10191/1/3 10088/1/3 10157/1/3
f 10192/1/3 10158/1/3 10089/1/3
f 10192/2/3 10089/2/3 10191/2/3
f 10193/1/3 10090/1/3 10159/1/3
f 10194/1/3 10160/1/3 10091/1/3
f 10195/1/3 10092/1/3 10161/1/3
f 10196/1/3 10162/1/3 10093/1/3
f 10197/2/3 10164/2/3 10163/2/3
f 10198/1/3 10094/1/3 10164/1/3
f 10198/2/3 10164/2/3 10197/2/3
f 10199/2/3 10095/2/3 10094/2/3
f 10199/1/3 10094/1/3 10198/1/3
f 10200/1/3 10165/1/3 10095/1/3
f 10200/2/3 10095/2/3 10199/2/3
f 10201/1/3 10096/1/3 10166/1/3
f 10202/1/3 10167/1/3 10097/1/3
f 10203/1/3 10098/1/3 10168/1/3
f 10204/1/3 10169/1/3 10099/1/3
f 10205/1/3 10100/1/3 10170/1/3
f 10206/1/3 10171/1/3 10101/1/3
f 10207/1/3 10102/1/3 10172/1/3
f 10207/2/3 10103/2/3 10102/2/3
f 10208/1/3 10173/1/3 10103/1/3
f 10208/2/3 10103/2/3 10207/2/3
f 10209/1/3 10104/1/3 10174/1/3
f 10209/2/3 10105/2/3 10104/2/3
f 10210/1/3 10175/1/3 10105/1/3
f 10210/2/3 10105/2/3 10209/2/3
f 10211/1/3 10106/1/3 10176/1/3
f 10212/1/3 10177/1/3 10107/1/3
f 10213/1/3 10108/1/3 10178/1/3
f 10213/3/3 10109/3/3 10108/3/3
f 10214/1/3 9044/1/3 10109/1/3
f 10214/3/3 10109/3/3 10213/3/3
f 10215/1/3 10182/1/3 10181/1/3
f 10215/1/3 10181/1/3 10146/1/3
f 10216/1/3 10179/1/3 10182/1/3
f 10216/1/3 10182/1/3 10215/1/3
f 10217/1/3 10184/1/3 10183/1/3
f 10217/1/3 10183/1/3 10149/1/3
f 10218/1/3 10150/1/3 10184/1/3
f 10218/1/3 10184/1/3 10217/1/3
f 10219/1/3 10186/1/3 10185/1/3
f 10219/1/3 10185/1/3 10151/1/3
f 10220/1/3 10152/1/3 10186/1/3
f 10220/1/3 10186/1/3 10219/1/3
f 10221/1/3 10188/1/3 10187/1/3
f 10221/1/3 10187/1/3 10153/1/3
f 10222/1/3 10154/1/3 10188/1/3
f 10222/1/3 10188/1/3 10221/1/3
f 10223/1/3 10190/1/3 10189/1/3
f 10223/1/3 10189/1/3 10155/1/3
f 10224/1/3 10156/1/3 10190/1/3
f 10224/1/3 10190/1/3 10223/1/3
f 10225/1/3 10191/1/3 10157/1/3
f 10225/1/3 10192/1/3 10191/1/3
f 10226/1/3 10158/1/3 10192/1/3
f 10226/1/3 10192/1/3 10225/1/3
f 10227/1/3 10193/1/3 10159/1/3
f 10227/1/3 10194/1/3 10193/1/3
f 10228/1/3 10160/1/3 10194/1/3
f 10228/1/3 10194/1/3 10227/1/3
f 10229/1/3 10195/1/3 10161/1/3
f 10229/1/3 10196/1/3 10195/1/3
f 10230/1/3 10162/1/3 10196/1/3
f 10230/1/3 10196/1/3 10229/1/3
f 10231/1/3 10199/1/3 10198/1/3
f 10231/1/3 10200/1/3 10199/1/3
f 10232/1/3 10200/1/3 10231/1/3
f 10233/1/3 10165/1/3 10200/1/3
f 10233/1/3 10200/1/3 10232/1/3
f 10234/1/3 10202/1/3 10201/1/3
f 10234/1/3 10201/1/3 10166/1/3
f 10235/1/3 10167/1/3 10202/1/3
f 10235/1/3 10202/1/3 10234/1/3
f 10236/1/3 10204/1/3 10203/1/3
f 10236/1/3 10203/1/3 10168/1/3
f 10237/1/3 10169/1/3 10204/1/3
f 10237/1/3 10204/1/3 10236/1/3
f 10238/1/3 10206/1/3 10205/1/3
f 10238/1/3 10205/1/3 10170/1/3
f 10239/1/3 10171/1/3 10206/1/3
f 10239/1/3 10206/1/3 10238/1/3
f 10240/1/3 10208/1/3 10207/1/3
f 10240/1/3 10207/1/3 10172/1/3
f 10241/1/3 10173/1/3 10208/1/3
f 10241/1/3 10208/1/3 10240/1/3
f 10242/1/3 10209/1/3 10174/1/3
f 10242/1/3 10210/1/3 10209/1/3
f 10243/1/3 10175/1/3 10210/1/3
f 10243/1/3 10210/1/3 10242/1/3
f 10244/1/3 10212/1/3 10211/1/3
f 10244/1/3 10211/1/3 10176/1/3
f 10245/1/3 10177/1/3 10212/1/3
f 10245/1/3 10212/1/3 10244/1/3
f 10246/1/3 10213/1/3 10178/1/3
f 10246/1/3 10214/1/3 10213/1/3
f 10247/1/3 9044/1/3 10214/1/3
f 10247/1/3 10214/1/3 10246/1/3
f 10248/2/3 10232/2/3 10231/2/3
f 10248/1/3 10231/1/3 10198/1/3
f 10249/2/3 10232/2/3 10248/2/3
f 10251/1/3 10215/1/3 10146/1/3
f 10252/1/3 10179/1/3 10216/1/3
f 10253/1/3 10217/1/3 10149/1/3
f 10254/1/3 10150/1/3 10218/1/3
f 10255/1/3 10219/1/3 10151/1/3
f 10256/1/3 10152/1/3 10220/1/3
f 10256/2/3 10153/2/3 10152/2/3
f 10257/1/3 10221/1/3 10153/1/3
f 10257/2/3 10153/2/3 10256/2/3
f 10258/2/3 10155/2/3 10154/2/3
f 10258/1/3 10154/1/3 10222/1/3
f 10259/1/3 10223/1/3 10155/1/3
f 10259/2/3 10155/2/3 10258/2/3
f 10260/1/3 10156/1/3 10224/1/3
f 10261/1/3 10225/1/3 10157/1/3
f 10262/1/3 10158/1/3 10226/1/3
f 10263/1/3 10227/1/3 10159/1/3
f 10264/1/3 10160/1/3 10228/1/3
f 10265/1/3 10229/1/3 10161/1/3
f 10266/1/3 10162/1/3 10230/1/3
f 10267/1/3 10248/1/3 10198/1/3
f 10268/1/3 10165/1/3 10233/1/3
f 10269/1/3 10234/1/3 10166/1/3
f 10270/1/3 10167/1/3 10235/1/3
f 10271/1/3 10236/1/3 10168/1/3
f 10272/1/3 10169/1/3 10237/1/3
f 10272/2/3 10170/2/3 10169/2/3
f 10273/1/3 10238/1/3 10170/1/3
f 10273/2/3 10170/2/3 10272/2/3
f 10274/1/3 10171/1/3 10239/1/3
f 10275/1/3 10240/1/3 10172/1/3
f 10276/1/3 10173/1/3 10241/1/3
f 10276/2/3 10174/2/3 10173/2/3
f 10277/1/3 10242/1/3 10174/1/3
f 10277/2/3 10174/2/3 10276/2/3
f 10278/1/3 10175/1/3 10243/1/3
f 10279/1/3 10244/1/3 10176/1/3
f 10280/1/3 10177/1/3 10245/1/3
f 10280/2/3 10178/2/3 10177/2/3
f 10281/1/3 10246/1/3 10178/1/3
f 10281/2/3 10178/2/3 10280/2/3
f 10282/1/3 10251/1/3 10250/1/3
f 10283/1/3 10215/1/3 10251/1/3
f 10283/1/3 10251/1/3 10282/1/3
f 10284/1/3 10253/1/3 10252/1/3
f 10284/1/3 10252/1/3 10216/1/3
f 10285/1/3 10217/1/3 10253/1/3
f 10285/1/3 10253/1/3 10284/1/3
f 10286/1/3 10255/1/3 10254/1/3
f 10286/1/3 10254/1/3 10218/1/3
f 10287/1/3 10219/1/3 10255/1/3
f 10287/1/3 10255/1/3 10286/1/3
f 10288/1/3 10257/1/3 10256/1/3
f 10288/1/3 10256/1/3 10220/1/3
f 10289/1/3 10221/1/3 10257/1/3
f 10289/1/3 10257/1/3 10288/1/3
f 10290/1/3 10258/1/3 10222/1/3
f 10290/1/3 10259/1/3 10258/1/3
f 10291/1/3 10223/1/3 10259/1/3
f 10291/1/3 10259/1/3 10290/1/3
f 10292/1/3 10261/1/3 10260/1/3
f 10292/1/3 10260/1/3 10224/1/3
f 10293/1/3 10225/1/3 10261/1/3
f 10293/1/3 10261/1/3 10292/1/3
f 10294/1/3 10263/1/3 10262/1/3
f 10294/1/3 10262/1/3 10226/1/3
f 10295/1/3 10227/1/3 10263/1/3
f 10295/1/3 10263/1/3 10294/1/3
f 10296/1/3 10265/1/3 10264/1/3
f 10296/1/3 10264/1/3 10228/1/3
f 10297/1/3 10229/1/3 10265/1/3
f 10297/1/3 10265/1/3 10296/1/3
f 10298/1/3 10267/1/3 10266/1/3
f 10298/1/3 10266/1/3 10230/1/3
f 10299/1/3 10248/1/3 10267/1/3
f 10299/1/3 10267/1/3 10298/1/3
f 10300/1/3 10269/1/3 10268/1/3
f 10300/1/3 10268/1/3 10233/1/3
f 10301/1/3 10234/1/3 10269/1/3
f 10301/1/3 10269/1/3 10300/1/3
f 10302/1/3 10271/1/3 10270/1/3
f 10302/1/3 10270/1/3 10235/1/3
f 10303/1/3 10236/1/3 10271/1/3
f 10303/1/3 10271/1/3 10302/1/3
f 10304/1/3 10272/1/3 10237/1/3
f 10304/1/3 10273/1/3 10272/1/3
f 10305/1/3 10238/1/3 10273/1/3
f 10305/1/3 10273/1/3 10304/1/3
f 10306/1/3 10274/1/3 10239/1/3
f 10306/1/3 10275/1/3 10274/1/3
f 10307/1/3 10240/1/3 10275/1/3
f 10307/1/3 10275/1/3 10306/1/3
f 10308/1/3 10276/1/3 10241/1/3
f 10308/1/3 10277/1/3 10276/1/3
f 10309/1/3 10242/1/3 10277/1/3
f 10309/1/3 10277/1/3 10308/1/3
f 10310/1/3 10279/1/3 10278/1/3
f 10310/1/3 10278/1/3 10243/1/3
f 10311/1/3 10244/1/3 10279/1/3
f 10311/1/3 10279/1/3 10310/1/3
f 10312/1/3 10280/1/3 10245/1/3
f 10312/1/3 10281/1/3 10280/1/3
f 10313/1/3 10246/1/3 10281/1/3
f 10313/1/3 10281/1/3 10312/1/3
f 10314/1/3 10312/1/3 10245/1/3
f 10314/2/3 10313/2/3 10312/2/3
f 10315/1/3 10246/1/3 10313/1/3
f 10315/2/3 10313/2/3 10314/2/3
f 10316/1/3 10215/1/3 10283/1/3
f 10317/1/3 10284/1/3 10216/1/3
f 10318/1/3 10217/1/3 10285/1/3
f 10319/1/3 10286/1/3 10218/1/3
f 10320/1/3 10219/1/3 10287/1/3
f 10321/1/3 10288/1/3 10220/1/3
f 10322/1/3 10221/1/3 10289/1/3
f 10322/2/3 10222/2/3 10221/2/3
f 10323/1/3 10290/1/3 10222/1/3
f 10323/2/3 10222/2/3 10322/2/3
f 10324/1/3 10223/1/3 10291/1/3
f 10325/1/3 10292/1/3 10224/1/3
f 10326/1/3 10225/1/3 10293/1/3
f 10326/2/3 10226/2/3 10225/2/3
f 10327/1/3 10294/1/3 10226/1/3
f 10327/2/3 10226/2/3 10326/2/3
f 10328/1/3 10227/1/3 10295/1/3
f 10329/1/3 10296/1/3 10228/1/3
f 10330/1/3 10229/1/3 10297/1/3
f 10330/2/3 10230/2/3 10229/2/3
f 10331/1/3 10298/1/3 10230/1/3
f 10331/2/3 10230/2/3 10330/2/3
f 10332/1/3 10248/1/3 10299/1/3
f 10333/1/3 10300/1/3 10233/1/3
f 10334/1/3 10234/1/3 10301/1/3
f 10335/1/3 10302/1/3 10235/1/3
f 10336/1/3 10236/1/3 10303/1/3
f 10337/1/3 10304/1/3 10237/1/3
f 10338/1/3 10238/1/3 10305/1/3
f 10338/2/3 10239/2/3 10238/2/3
f 10339/1/3 10306/1/3 10239/1/3
f 10339/2/3 10239/2/3 10338/2/3
f 10340/1/3 10240/1/3 10307/1/3
f 10341/1/3 10308/1/3 10241/1/3
f 10342/1/3 10242/1/3 10309/1/3
f 10342/2/3 10243/2/3 10242/2/3
f 10343/1/3 10310/1/3 10243/1/3
f 10343/2/3 10243/2/3 10342/2/3
f 10344/1/3 10244/1/3 10311/1/3
f 10344/2/3 10245/2/3 10244/2/3
f 10345/1/3 10314/1/3 10245/1/3
f 10345/2/3 10245/2/3 10344/2/3
f 10346/2/3 10247/2/3 10246/2/3
f 10346/1/3 10246/1/3 10315/1/3
f 10347/1/3 9044/1/3 10247/1/3
f 10347/2/3 10247/2/3 10346/2/3
f 10348/1/3 10317/1/3 10316/1/3
f 10348/1/3 10316/1/3 10283/1/3
f 10349/1/3 10284/1/3 10317/1/3
f 10349/1/3 10317/1/3 10348/1/3
f 10350/1/3 10319/1/3 10318/1/3
f 10350/1/3 10318/1/3 10285/1/3
f 10351/1/3 10286/1/3 10319/1/3
f 10351/1/3 10319/1/3 10350/1/3
f 10352/1/3 10321/1/3 10320/1/3
f 10352/1/3 10320/1/3 10287/1/3
f 10353/1/3 10288/1/3 10321/1/3
f 10353/1/3 10321/1/3 10352/1/3
f 10354/1/3 10288/1/3 10353/1/3
f 10356/1/3 10322/1/3 10289/1/3
f 10356/1/3 10323/1/3 10322/1/3
f 10357/1/3 10290/1/3 10323/1/3
f 10357/1/3 10323/1/3 10356/1/3
f 10358/1/3 10325/1/3 10324/1/3
f 10358/1/3 10324/1/3 10291/1/3
f 10359/1/3 10292/1/3 10325/1/3
f 10359/1/3 10325/1/3 10358/1/3
f 10360/1/3 10326/1/3 10293/1/3
f 10360/1/3 10327/1/3 10326/1/3
f 10361/1/3 10294/1/3 10327/1/3
f 10361/1/3 10327/1/3 10360/1/3
f 10362/1/3 10329/1/3 10328/1/3
f 10362/1/3 10328/1/3 10295/1/3
f 10363/1/3 10296/1/3 10329/1/3
f 10363/1/3 10329/1/3 10362/1/3
f 10364/1/3 10330/1/3 10297/1/3
f 10364/1/3 10331/1/3 10330/1/3
f 10365/1/3 10298/1/3 10331/1/3
f 10365/1/3 10331/1/3 10364/1/3
f 10366/1/3 10333/1/3 10332/1/3
f 10366/1/3 10332/1/3 10299/1/3
f 10367/1/3 10300/1/3 10333/1/3
f 10367/1/3 10333/1/3 10366/1/3
f 10368/1/3 10334/1/3 10301/1/3
f 10368/1/3 10335/1/3 10334/1/3
f 10369/1/3 10302/1/3 10335/1/3
f 10369/1/3 10335/1/3 10368/1/3
f 10370/1/3 10337/1/3 10336/1/3
f 10370/1/3 10336/1/3 10303/1/3
f 10371/1/3 10304/1/3 10337/1/3
f 10371/1/3 10337/1/3 10370/1/3
f 10372/1/3 10338/1/3 10305/1/3
f 10372/1/3 10339/1/3 10338/1/3
f 10373/1/3 10306/1/3 10339/1/3
f 10373/1/3 10339/1/3 10372/1/3
f 10374/1/3 10341/1/3 10340/1/3
f 10374/1/3 10340/1/3 10307/1/3
f 10375/1/3 10308/1/3 10341/1/3
f 10375/1/3 10341/1/3 10374/1/3
f 10376/1/3 10342/1/3 10309/1/3
f 10376/1/3 10343/1/3 10342/1/3
f 10377/1/3 10310/1/3 10343/1/3
f 10377/1/3 10343/1/3 10376/1/3
f 10378/1/3 10344/1/3 10311/1/3
f 10378/1/3 10345/1/3 10344/1/3
f 10379/1/3 10314/1/3 10345/1/3
f 10379/1/3 10345/1/3 10378/1/3
f 10380/1/3 10346/1/3 10315/1/3
f 10380/1/3 10347/1/3 10346/1/3
f 10381/1/3 9044/1/3 10347/1/3
f 10381/1/3 10347/1/3 10380/1/3
f 10382/1/3 10300/1/3 10367/1/3
f 10383/1/3 10368/1/3 10301/1/3
f 10384/1/3 10378/1/3 10311/1/3
f 10384/2/3 10379/2/3 10378/2/3
f 10385/1/3 10314/1/3 10379/1/3
f 10385/2/3 10379/2/3 10384/2/3
f 10387/1/3 10348/1/3 10283/1/3
f 10388/1/3 10284/1/3 10349/1/3
f 10389/1/3 10350/1/3 10285/1/3
f 10390/1/3 10286/1/3 10351/1/3
f 10390/2/3 10287/2/3 10286/2/3
f 10391/1/3 10352/1/3 10287/1/3
f 10391/2/3 10287/2/3 10390/2/3
f 10392/2/3 10355/2/3 10354/2/3
f 10392/1/3 10354/1/3 10353/1/3
f 10393/2/3 10355/2/3 10392/2/3
f 10394/1/3 10356/1/3 10289/1/3
f 10395/1/3 10290/1/3 10357/1/3
f 10396/1/3 10358/1/3 10291/1/3
f 10397/1/3 10292/1/3 10359/1/3
f 10398/1/3 10360/1/3 10293/1/3
f 10399/1/3 10294/1/3 10361/1/3
f 10399/2/3 10295/2/3 10294/2/3
f 10400/1/3 10362/1/3 10295/1/3
f 10400/2/3 10295/2/3 10399/2/3
f 10401/1/3 10296/1/3 10363/1/3
f 10402/1/3 10364/1/3 10297/1/3
f 10403/1/3 10298/1/3 10365/1/3
f 10404/1/3 10366/1/3 10299/1/3
f 10405/2/3 10383/2/3 10382/2/3
f 10405/1/3 10382/1/3 10367/1/3
f 10406/1/3 10368/1/3 10383/1/3
f 10406/2/3 10383/2/3 10405/2/3
f 10407/1/3 10302/1/3 10369/1/3
f 10407/2/3 10303/2/3 10302/2/3
f 10408/1/3 10370/1/3 10303/1/3
f 10408/2/3 10303/2/3 10407/2/3
f 10409/1/3 10304/1/3 10371/1/3
f 10410/1/3 10372/1/3 10305/1/3
f 10411/1/3 10306/1/3 10373/1/3
f 10412/1/3 10374/1/3 10307/1/3
f 10413/1/3 10308/1/3 10375/1/3
f 10414/1/3 10376/1/3 10309/1/3
f 10415/1/3 10310/1/3 10377/1/3
f 10415/2/3 10311/2/3 10310/2/3
f 10416/1/3 10384/1/3 10311/1/3
f 10416/2/3 10311/2/3 10415/2/3
f 10417/1/3 10314/1/3 10385/1/3
f 10418/1/3 10380/1/3 10315/1/3
f 10419/1/3 10387/1/3 10386/1/3
f 10420/1/3 10348/1/3 10387/1/3
f 10420/1/3 10387/1/3 10419/1/3
f 10421/1/3 10389/1/3 10388/1/3
f 10421/1/3 10388/1/3 10349/1/3
f 10422/1/3 10350/1/3 10389/1/3
f 10422/1/3 10389/1/3 10421/1/3
f 10423/1/3 10390/1/3 10351/1/3
f 10423/1/3 10391/1/3 10390/1/3
f 10424/1/3 10352/1/3 10391/1/3
f 10424/1/3 10391/1/3 10423/1/3
f 10425/1/3 10393/1/3 10392/1/3
f 10425/1/3 10394/1/3 10393/1/3
f 10425/1/3 10392/1/3 10353/1/3
f 10426/1/3 10394/1/3 10425/1/3
f 10427/1/3 10356/1/3 10394/1/3
f 10427/1/3 10394/1/3 10426/1/3
f 10428/1/3 10395/1/3 10357/1/3
f 10428/1/3 10396/1/3 10395/1/3
f 10429/1/3 10358/1/3 10396/1/3
f 10429/1/3 10396/1/3 10428/1/3
f 10430/1/3 10398/1/3 10397/1/3
f 10430/1/3 10397/1/3 10359/1/3
f 10431/1/3 10360/1/3 10398/1/3
f 10431/1/3 10398/1/3 10430/1/3
f 10432/1/3 10399/1/3 10361/1/3
f 10432/1/3 10400/1/3 10399/1/3
f 10433/1/3 10362/1/3 10400/1/3
f 10433/1/3 10400/1/3 10432/1/3
f 10434/1/3 10401/1/3 10363/1/3
f 10434/1/3 10402/1/3 10401/1/3
f 10435/1/3 10364/1/3 10402/1/3
f 10435/1/3 10402/1/3 10434/1/3
f 10436/1/3 10404/1/3 10403/1/3
f 10436/1/3 10403/1/3 10365/1/3
f 10437/1/3 10366/1/3 10404/1/3
f 10437/1/3 10404/1/3 10436/1/3
f 10438/1/3 10406/1/3 10405/1/3
f 10438/1/3 10405/1/3 10367/1/3
f 10439/1/3 10368/1/3 10406/1/3
f 10439/1/3 10406/1/3 10438/1/3
f 10440/1/3 10407/1/3 10369/1/3
f 10440/1/3 10408/1/3 10407/1/3
f 10441/1/3 10370/1/3 10408/1/3
f 10441/1/3 10408/1/3 10440/1/3
f 10442/1/3 10410/1/3 10409/1/3
f 10442/1/3 10409/1/3 10371/1/3
f 10443/1/3 10372/1/3 10410/1/3
f 10443/1/3 10410/1/3 10442/1/3
f 10444/1/3 10412/1/3 10411/1/3
f 10444/1/3 10411/1/3 10373/1/3
f 10445/1/3 10374/1/3 10412/1/3
f 10445/1/3 10412/1/3 10444/1/3
f 10446/1/3 10414/1/3 10413/1/3
f 10446/1/3 10413/1/3 10375/1/3
f 10447/1/3 10376/1/3 10414/1/3
f 10447/1/3 10414/1/3 10446/1/3
f 10448/1/3 10415/1/3 10377/1/3
f 10448/1/3 10416/1/3 10415/1/3
f 10449/1/3 10384/1/3 10416/1/3
f 10449/1/3 10416/1/3 10448/1/3
f 10450/1/3 10417/1/3 10385/1/3
f 10450/1/3 10418/1/3 10417/1/3
f 10451/1/3 10380/1/3 10418/1/3
f 10451/1/3 10418/1/3 10450/1/3
f 10453/1/3 10436/1/3 10365/1/3
f 10454/1/3 10348/1/3 10420/1/3
f 10455/1/3 10421/1/3 10349/1/3
f 10456/1/3 10350/1/3 10422/1/3
f 10457/1/3 10423/1/3 10351/1/3
f 10458/1/3 10352/1/3 10424/1/3
f 10458/2/3 10353/2/3 10352/2/3
f 10459/1/3 10425/1/3 10353/1/3
f 10459/2/3 10353/2/3 10458/2/3
f 10460/3/3 10426/3/3 10425/3/3
f 10460/1/3 10425/1/3 10459/1/3
f 10461/3/3 10426/3/3 10460/3/3
f 10462/1/3 10356/1/3 10427/1/3
f 10463/1/3 10428/1/3 10357/1/3
f 10464/1/3 10358/1/3 10429/1/3
f 10465/1/3 10430/1/3 10359/1/3
f 10466/1/3 10360/1/3 10431/1/3
f 10467/1/3 10432/1/3 10361/1/3
f 10468/1/3 10362/1/3 10433/1/3
f 10469/1/3 10434/1/3 10363/1/3
f 10470/1/3 10364/1/3 10435/1/3
f 10471/2/3 10453/2/3 10452/2/3
f 10472/1/3 10436/1/3 10453/1/3
f 10472/2/3 10453/2/3 10471/2/3
f 10473/3/3 10367/3/3 10366/3/3
f 10473/1/3 10366/1/3 10437/1/3
f 10474/1/3 10438/1/3 10367/1/3
f 10474/3/3 10367/3/3 10473/3/3
f 10475/1/3 10368/1/3 10439/1/3
f 10476/1/3 10440/1/3 10369/1/3
f 10477/1/3 10370/1/3 10441/1/3
f 10477/2/3 10371/2/3 10370/2/3
f 10478/1/3 10442/1/3 10371/1/3
f 10478/2/3 10371/2/3 10477/2/3
f 10479/1/3 10372/1/3 10443/1/3
f 10480/1/3 10444/1/3 10373/1/3
f 10481/1/3 10374/1/3 10445/1/3
f 10482/1/3 10446/1/3 10375/1/3
f 10483/1/3 10376/1/3 10447/1/3
f 10484/1/3 10448/1/3 10377/1/3
f 10485/1/3 10384/1/3 10449/1/3
f 10486/1/3 10450/1/3 10385/1/3
f 10487/1/3 10380/1/3 10451/1/3
f 10488/1/3 9044/1/3 10381/1/3
f 10489/1/3 10455/1/3 10454/1/3
f 10489/1/3 10454/1/3 10420/1/3
f 10490/1/3 10421/1/3 10455/1/3
f 10490/1/3 10455/1/3 10489/1/3
f 10491/1/3 10457/1/3 10456/1/3
f 10491/1/3 10456/1/3 10422/1/3
f 10492/1/3 10423/1/3 10457/1/3
f 10492/1/3 10457/1/3 10491/1/3
f 10493/1/3 10458/1/3 10424/1/3
f 10493/1/3 10459/1/3 10458/1/3
f 10493/1/3 10460/1/3 10459/1/3
f 10494/1/3 10460/1/3 10493/1/3
f 10495/1/3 10460/1/3 10494/1/3
f 10496/1/3 10463/1/3 10462/1/3
f 10496/1/3 10462/1/3 10427/1/3
f 10497/1/3 10428/1/3 10463/1/3
f 10497/1/3 10463/1/3 10496/1/3
f 10498/1/3 10465/1/3 10464/1/3
f 10498/1/3 10464/1/3 10429/1/3
f 10499/1/3 10430/1/3 10465/1/3
f 10499/1/3 10465/1/3 10498/1/3
f 10500/1/3 10467/1/3 10466/1/3
f 10500/1/3 10466/1/3 10431/1/3
f 10501/1/3 10432/1/3 10467/1/3
f 10501/1/3 10467/1/3 10500/1/3
f 10502/1/3 10469/1/3 10468/1/3
f 10502/1/3 10468/1/3 10433/1/3
f 10503/1/3 10434/1/3 10469/1/3
f 10503/1/3 10469/1/3 10502/1/3
f 10504/1/3 10470/1/3 10435/1/3
f 10504/1/3 10472/1/3 10471/1/3
f 10504/1/3 10471/1/3 10470/1/3
f 10505/1/3 10436/1/3 10472/1/3
f 10505/1/3 10472/1/3 10504/1/3
f 10506/1/3 10473/1/3 10437/1/3
f 10506/1/3 10474/1/3 10473/1/3
f 10507/1/3 10474/1/3 10506/1/3
f 10508/1/3 10438/1/3 10474/1/3
f 10508/1/3 10474/1/3 10507/1/3
f 10509/1/3 10476/1/3 10475/1/3
f 10509/1/3 10475/1/3 10439/1/3
f 10510/1/3 10440/1/3 10476/1/3
f 10510/1/3 10476/1/3 10509/1/3
f 10511/1/3 10477/1/3 10441/1/3
f 10511/1/3 10478/1/3 10477/1/3
f 10512/1/3 10442/1/3 10478/1/3
f 10512/1/3 10478/1/3 10511/1/3
f 10513/1/3 10480/1/3 10479/1/3
f 10513/1/3 10479/1/3 10443/1/3
f 10514/1/3 10444/1/3 10480/1/3
f 10514/1/3 10480/1/3 10513/1/3
f 10515/1/3 10482/1/3 10481/1/3
f 10515/1/3 10481/1/3 10445/1/3
f 10516/1/3 10446/1/3 10482/1/3
f 10516/1/3 10482/1/3 10515/1/3
f 10517/1/3 10484/1/3 10483/1/3
f 10517/1/3 10483/1/3 10447/1/3
f 10518/1/3 10448/1/3 10484/1/3
f 10518/1/3 10484/1/3 10517/1/3
f 10519/1/3 10486/1/3 10485/1/3
f 10519/1/3 10485/1/3 10449/1/3
f 10520/1/3 10450/1/3 10486/1/3
f 10520/1/3 10486/1/3 10519/1/3
f 10521/1/3 10487/1/3 10451/1/3
f 10521/1/3 10488/1/3 10487/1/3
f 10522/1/3 9044/1/3 10488/1/3
f 10522/1/3 10488/1/3 10521/1/3
f 10523/2/3 10495/2/3 10494/2/3
f 10524/1/3 10460/1/3 10495/1/3
f 10524/2/3 10495/2/3 10523/2/3
f 10525/1/3 10428/1/3 10497/1/3
f 10526/1/3 10498/1/3 10429/1/3
f 10527/2/3 10508/2/3 10507/2/3
f 10528/1/3 10438/1/3 10508/1/3
f 10528/2/3 10508/2/3 10527/2/3
f 10529/2/3 10420/2/3 10419/2/3
f 10530/1/3 10489/1/3 10420/1/3
f 10530/2/3 10420/2/3 10529/2/3
f 10531/1/3 10421/1/3 10490/1/3
f 10531/3/3 10422/3/3 10421/3/3
f 10532/1/3 10491/1/3 10422/1/3
f 10532/3/3 10422/3/3 10531/3/3
f 10533/1/3 10423/1/3 10492/1/3
f 10534/1/3 10493/1/3 10424/1/3
f 10535/1/3 10460/1/3 10524/1/3
f 10536/1/3 10496/1/3 10427/1/3
f 10537/2/3 10526/2/3 10525/2/3
f 10537/1/3 10525/1/3 10497/1/3
f 10538/1/3 10498/1/3 10526/1/3
f 10538/2/3 10526/2/3 10537/2/3
f 10539/1/3 10430/1/3 10499/1/3
f 10540/1/3 10500/1/3 10431/1/3
f 10541/1/3 10432/1/3 10501/1/3
f 10542/1/3 10502/1/3 10433/1/3
f 10543/1/3 10434/1/3 10503/1/3
f 10543/2/3 10435/2/3 10434/2/3
f 10544/1/3 10504/1/3 10435/1/3
f 10544/2/3 10435/2/3 10543/2/3
f 10545/1/3 10436/1/3 10505/1/3
f 10545/2/3 10437/2/3 10436/2/3
f 10546/1/3 10506/1/3 10437/1/3
f 10546/2/3 10437/2/3 10545/2/3
f 10547/1/3 10438/1/3 10528/1/3
f 10547/2/3 10439/2/3 10438/2/3
f 10548/1/3 10509/1/3 10439/1/3
f 10548/2/3 10439/2/3 10547/2/3
f 10549/1/3 10440/1/3 10510/1/3
f 10550/1/3 10511/1/3 10441/1/3
f 10551/1/3 10442/1/3 10512/1/3
f 10552/1/3 10513/1/3 10443/1/3
f 10553/1/3 10444/1/3 10514/1/3
f 10554/1/3 10515/1/3 10445/1/3
f 10555/1/3 10446/1/3 10516/1/3
f 10556/1/3 10517/1/3 10447/1/3
f 10557/1/3 10448/1/3 10518/1/3
f 10558/1/3 10519/1/3 10449/1/3
f 10559/1/3 10450/1/3 10520/1/3
f 10560/1/3 10521/1/3 10451/1/3
f 10561/1/3 10530/1/3 10529/1/3
f 10562/1/3 10489/1/3 10530/1/3
f 10562/1/3 10530/1/3 10561/1/3
f 10563/1/3 10531/1/3 10490/1/3
f 10563/1/3 10532/1/3 10531/1/3
f 10564/1/3 10491/1/3 10532/1/3
f 10564/1/3 10532/1/3 10563/1/3
f 10565/1/3 10533/1/3 10492/1/3
f 10565/1/3 10534/1/3 10533/1/3
f 10566/1/3 10493/1/3 10534/1/3
f 10566/1/3 10534/1/3 10565/1/3
f 10567/1/3 10536/1/3 10535/1/3
f 10567/1/3 10535/1/3 10524/1/3
f 10568/1/3 10496/1/3 10536/1/3
f 10568/1/3 10536/1/3 10567/1/3
f 10569/1/3 10537/1/3 10497/1/3
f 10569/1/3 10538/1/3 10537/1/3
f 10570/1/3 10498/1/3 10538/1/3
f 10570/1/3 10538/1/3 10569/1/3
f 10571/1/3 10540/1/3 10539/1/3
f 10571/1/3 10539/1/3 10499/1/3
f 10572/1/3 10500/1/3 10540/1/3
f 10572/1/3 10540/1/3 10571/1/3
f 10573/1/3 10542/1/3 10541/1/3
f 10573/1/3 10541/1/3 10501/1/3
f 10574/1/3 10502/1/3 10542/1/3
f 10574/1/3 10542/1/3 10573/1/3
f 10575/1/3 10543/1/3 10503/1/3
f 10575/1/3 10544/1/3 10543/1/3
f 10576/1/3 10544/1/3 10575/1/3
f 10577/1/3 10504/1/3 10544/1/3
f 10577/1/3 10544/1/3 10576/1/3
f 10578/1/3 10545/1/3 10505/1/3
f 10578/1/3 10546/1/3 10545/1/3
f 10579/1/3 10546/1/3 10578/1/3
f 10580/1/3 10506/1/3 10546/1/3
f 10580/1/3 10546/1/3 10579/1/3
f 10581/1/3 10547/1/3 10528/1/3
f 10581/1/3 10548/1/3 10547/1/3
f 10582/1/3 10509/1/3 10548/1/3
f 10582/1/3 10548/1/3 10581/1/3
f 10583/1/3 10549/1/3 10510/1/3
f 10583/1/3 10550/1/3 10549/1/3
f 10584/1/3 10511/1/3 10550/1/3
f 10584/1/3 10550/1/3 10583/1/3
f 10585/1/3 10552/1/3 10551/1/3
f 10585/1/3 10551/1/3 10512/1/3
f 10586/1/3 10513/1/3 10552/1/3
f 10586/1/3 10552/1/3 10585/1/3
f 10587/1/3 10554/1/3 10553/1/3
f 10587/1/3 10553/1/3 10514/1/3
f 10588/1/3 10515/1/3 10554/1/3
f 10588/1/3 10554/1/3 10587/1/3
f 10589/1/3 10556/1/3 10555/1/3
f 10589/1/3 10555/1/3 10516/1/3
f 10590/1/3 10517/1/3 10556/1/3
f 10590/1/3 10556/1/3 10589/1/3
f 10591/1/3 10517/1/3 10590/1/3
f 10593/1/3 10558/1/3 10557/1/3
f 10593/1/3 10557/1/3 10518/1/3
f 10594/1/3 10519/1/3 10558/1/3
f 10594/1/3 10558/1/3 10593/1/3
f 10595/1/3 10559/1/3 10520/1/3
f 10595/1/3 10560/1/3 10559/1/3
f 10596/1/3 10521/1/3 10560/1/3
f 10596/1/3 10560/1/3 10595/1/3
f 10598/1/3 10571/1/3 10499/1/3
f 10599/2/3 10577/2/3 10576/2/3
f 10600/1/3 10504/1/3 10577/1/3
f 10600/2/3 10577/2/3 10599/2/3
f 10601/2/3 10579/2/3 10578/2/3
f 10601/1/3 10578/1/3 10505/1/3
f 10602/2/3 10579/2/3 10601/2/3
f 10603/1/3 10489/1/3 10562/1/3
f 10604/1/3 10563/1/3 10490/1/3
f 10605/1/3 10491/1/3 10564/1/3
f 10606/1/3 10565/1/3 10492/1/3
f 10607/1/3 10493/1/3 10566/1/3
f 10608/1/3 10567/1/3 10524/1/3
f 10609/1/3 10496/1/3 10568/1/3
f 10610/1/3 10569/1/3 10497/1/3
f 10611/1/3 10498/1/3 10570/1/3
f 10612/2/3 10598/2/3 10597/2/3
f 10613/1/3 10571/1/3 10598/1/3
f 10613/2/3 10598/2/3 10612/2/3
f 10614/1/3 10500/1/3 10572/1/3
f 10615/1/3 10573/1/3 10501/1/3
f 10616/1/3 10502/1/3 10574/1/3
f 10617/1/3 10575/1/3 10503/1/3
f 10618/1/3 10504/1/3 10600/1/3
f 10618/2/3 10505/2/3 10504/2/3
f 10619/1/3 10601/1/3 10505/1/3
f 10619/2/3 10505/2/3 10618/2/3
f 10620/1/3 10506/1/3 10580/1/3
f 10621/1/3 10581/1/3 10528/1/3
f 10622/1/3 10509/1/3 10582/1/3
f 10622/2/3 10510/2/3 10509/2/3
f 10623/1/3 10583/1/3 10510/1/3
f 10623/2/3 10510/2/3 10622/2/3
f 10624/1/3 10511/1/3 10584/1/3
f 10625/1/3 10585/1/3 10512/1/3
f 10626/1/3 10513/1/3 10586/1/3
f 10626/2/3 10514/2/3 10513/2/3
f 10627/1/3 10587/1/3 10514/1/3
f 10627/2/3 10514/2/3 10626/2/3
f 10628/1/3 10515/1/3 10588/1/3
f 10628/2/3 10516/2/3 10515/2/3
f 10629/1/3 10589/1/3 10516/1/3
f 10629/2/3 10516/2/3 10628/2/3
f 10630/2/3 10592/2/3 10591/2/3
f 10630/1/3 10591/1/3 10590/1/3
f 10631/2/3 10592/2/3 10630/2/3
f 10632/1/3 10593/1/3 10518/1/3
f 10633/1/3 10519/1/3 10594/1/3
f 10634/1/3 10595/1/3 10520/1/3
f 10635/1/3 10521/1/3 10596/1/3
f 10635/2/3 10522/2/3 10521/2/3
f 10636/1/3 9044/1/3 10522/1/3
f 10636/2/3 10522/2/3 10635/2/3
f 10637/1/3 10603/1/3 10562/1/3
f 10637/1/3 10604/1/3 10603/1/3
f 10638/1/3 10563/1/3 10604/1/3
f 10638/1/3 10604/1/3 10637/1/3
f 10639/1/3 10606/1/3 10605/1/3
f 10639/1/3 10605/1/3 10564/1/3
f 10640/1/3 10565/1/3 10606/1/3
f 10640/1/3 10606/1/3 10639/1/3
f 10641/1/3 10607/1/3 10566/1/3
f 10641/1/3 10608/1/3 10607/1/3
f 10642/1/3 10567/1/3 10608/1/3
f 10642/1/3 10608/1/3 10641/1/3
f 10643/1/3 10609/1/3 10568/1/3
f 10643/1/3 10610/1/3 10609/1/3
f 10644/1/3 10610/1/3 10643/1/3
f 10645/1/3 10569/1/3 10610/1/3
f 10645/1/3 10610/1/3 10644/1/3
f 10646/1/3 10611/1/3 10570/1/3
f 10646/1/3 10612/1/3 10611/1/3
f 10646/1/3 10613/1/3 10612/1/3
f 10647/1/3 10571/1/3 10613/1/3
f 10647/1/3 10613/1/3 10646/1/3
f 10648/1/3 10615/1/3 10614/1/3
f 10648/1/3 10614/1/3 10572/1/3
f 10649/1/3 10573/1/3 10615/1/3
f 10649/1/3 10615/1/3 10648/1/3
f 10650/1/3 10617/1/3 10616/1/3
f 10650/1/3 10616/1/3 10574/1/3
f 10651/1/3 10575/1/3 10617/1/3
f 10651/1/3 10617/1/3 10650/1/3
f 10652/1/3 10619/1/3 10618/1/3
f 10652/1/3 10618/1/3 10600/1/3
f 10653/1/3 10601/1/3 10619/1/3
f 10653/1/3 10619/1/3 10652/1/3
f 10654/1/3 10621/1/3 10620/1/3
f 10654/1/3 10620/1/3 10580/1/3
f 10655/1/3 10581/1/3 10621/1/3
f 10655/1/3 10621/1/3 10654/1/3
f 10656/1/3 10622/1/3 10582/1/3
f 10656/1/3 10623/1/3 10622/1/3
f 10657/1/3 10583/1/3 10623/1/3
f 10657/1/3 10623/1/3 10656/1/3
f 10658/1/3 10625/1/3 10624/1/3
f 10658/1/3 10624/1/3 10584/1/3
f 10659/1/3 10585/1/3 10625/1/3
f 10659/1/3 10625/1/3 10658/1/3
f 10660/1/3 10627/1/3 10626/1/3
f 10660/1/3 10626/1/3 10586/1/3
f 10661/1/3 10587/1/3 10627/1/3
f 10661/1/3 10627/1/3 10660/1/3
f 10662/1/3 10629/1/3 10628/1/3
f 10662/1/3 10628/1/3 10588/1/3
f 10663/1/3 10589/1/3 10629/1/3
f 10663/1/3 10629/1/3 10662/1/3
f 10664/1/3 10632/1/3 10631/1/3
f 10664/1/3 10631/1/3 10630/1/3
f 10664/1/3 10630/1/3 10590/1/3
f 10665/1/3 10593/1/3 10632/1/3
f 10665/1/3 10632/1/3 10664/1/3
f 10666/1/3 10634/1/3 10633/1/3
f 10666/1/3 10633/1/3 10594/1/3
f 10667/1/3 10595/1/3 10634/1/3
f 10667/1/3 10634/1/3 10666/1/3
f 10668/1/3 10635/1/3 10596/1/3
f 10668/1/3 10636/1/3 10635/1/3
f 10669/1/3 9044/1/3 10636/1/3
f 10669/1/3 10636/1/3 10668/1/3
f 10671/1/3 10569/1/3 10645/1/3
f 10672/1/3 10571/1/3 10647/1/3
f 10674/1/3 10652/1/3 10600/1/3
f 10674/3/3 10653/3/3 10652/3/3
f 10675/1/3 10601/1/3 10653/1/3
f 10675/3/3 10653/3/3 10674/3/3
f 10677/1/3 10637/1/3 10562/1/3
f 10678/1/3 10563/1/3 10638/1/3
f 10679/1/3 10639/1/3 10564/1/3
f 10680/1/3 10565/1/3 10640/1/3
f 10681/1/3 10641/1/3 10566/1/3
f 10682/1/3 10567/1/3 10642/1/3
f 10683/1/3 10643/1/3 10568/1/3
f 10684/2/3 10671/2/3 10670/2/3
f 10685/1/3 10569/1/3 10671/1/3
f 10685/2/3 10671/2/3 10684/2/3
f 10686/2/3 10570/2/3 10569/2/3
f 10686/1/3 10569/1/3 10685/1/3
f 10687/1/3 10646/1/3 10570/1/3
f 10687/2/3 10570/2/3 10686/2/3
f 10688/2/3 10673/2/3 10672/2/3
f 10688/1/3 10672/1/3 10647/1/3
f 10689/2/3 10673/2/3 10688/2/3
f 10690/1/3 10648/1/3 10572/1/3
f 10691/2/3 10574/2/3 10573/2/3
f 10691/1/3 10573/1/3 10649/1/3
f 10692/1/3 10650/1/3 10574/1/3
f 10692/2/3 10574/2/3 10691/2/3
f 10693/1/3 10575/1/3 10651/1/3
f 10694/1/3 10674/1/3 10600/1/3
f 10695/1/3 10601/1/3 10675/1/3
f 10696/1/3 10654/1/3 10580/1/3
f 10697/1/3 10581/1/3 10655/1/3
f 10698/1/3 10656/1/3 10582/1/3
f 10699/1/3 10583/1/3 10657/1/3
f 10700/1/3 10658/1/3 10584/1/3
f 10701/1/3 10585/1/3 10659/1/3
f 10702/1/3 10660/1/3 10586/1/3
f 10703/2/3 10588/2/3 10587/2/3
f 10703/1/3 10587/1/3 10661/1/3
f 10704/1/3 10662/1/3 10588/1/3
f 10704/2/3 10588/2/3 10703/2/3
f 10705/1/3 10589/1/3 10663/1/3
f 10705/4/3 10590/4/3 10589/4/3
f 10706/1/3 10664/1/3 10590/1/3
f 10706/4/3 10590/4/3 10705/4/3
f 10707/1/3 10593/1/3 10665/1/3
f 10707/2/3 10594/2/3 10593/2/3
f 10708/1/3 10666/1/3 10594/1/3
f 10708/2/3 10594/2/3 10707/2/3
f 10709/1/3 10595/1/3 10667/1/3
f 10709/2/3 10596/2/3 10595/2/3
f 10710/1/3 10668/1/3 10596/1/3
f 10710/2/3 10596/2/3 10709/2/3
f 10711/1/3 10677/1/3 10676/1/3
f 10712/1/3 10637/1/3 10677/1/3
f 10712/1/3 10677/1/3 10711/1/3
f 10713/1/3 10679/1/3 10678/1/3
f 10713/1/3 10678/1/3 10638/1/3
f 10714/1/3 10639/1/3 10679/1/3
f 10714/1/3 10679/1/3 10713/1/3
f 10715/1/3 10681/1/3 10680/1/3
f 10715/1/3 10680/1/3 10640/1/3
f 10716/1/3 10641/1/3 10681/1/3
f 10716/1/3 10681/1/3 10715/1/3
f 10717/1/3 10683/1/3 10682/1/3
f 10717/1/3 10682/1/3 10642/1/3
f 10718/1/3 10643/1/3 10683/1/3
f 10718/1/3 10683/1/3 10717/1/3
f 10719/1/3 10686/1/3 10685/1/3
f 10719/1/3 10687/1/3 10686/1/3
f 10720/1/3 10687/1/3 10719/1/3
f 10721/1/3 10646/1/3 10687/1/3
f 10721/1/3 10687/1/3 10720/1/3
f 10722/1/3 10690/1/3 10689/1/3
f 10722/1/3 10689/1/3 10688/1/3
f 10722/1/3 10688/1/3 10647/1/3
f 10723/1/3 10690/1/3 10722/1/3
f 10724/1/3 10648/1/3 10690/1/3
f 10724/1/3 10690/1/3 10723/1/3
f 10725/1/3 10691/1/3 10649/1/3
f 10725/1/3 10692/1/3 10691/1/3
f 10726/1/3 10650/1/3 10692/1/3
f 10726/1/3 10692/1/3 10725/1/3
f 10727/1/3 10693/1/3 10651/1/3
f 10727/1/3 10694/1/3 10693/1/3
f 10728/1/3 10674/1/3 10694/1/3
f 10728/1/3 10694/1/3 10727/1/3
f 10729/1/3 10695/1/3 10675/1/3
f 10729/1/3 10696/1/3 10695/1/3
f 10730/1/3 10654/1/3 10696/1/3
f 10730/1/3 10696/1/3 10729/1/3
f 10731/1/3 10698/1/3 10697/1/3
f 10731/1/3 10697/1/3 10655/1/3
f 10732/1/3 10656/1/3 10698/1/3
f 10732/1/3 10698/1/3 10731/1/3
f 10733/1/3 10699/1/3 10657/1/3
f 10733/1/3 10700/1/3 10699/1/3
f 10734/1/3 10658/1/3 10700/1/3
f 10734/1/3 10700/1/3 10733/1/3
f 10735/1/3 10701/1/3 10659/1/3
f 10735/1/3 10702/1/3 10701/1/3
f 10736/1/3 10660/1/3 10702/1/3
f 10736/1/3 10702/1/3 10735/1/3
f 10737/1/3 10703/1/3 10661/1/3
f 10737/1/3 10704/1/3 10703/1/3
f 10738/1/3 10662/1/3 10704/1/3
f 10738/1/3 10704/1/3 10737/1/3
f 10739/1/3 10706/1/3 10705/1/3
f 10739/1/3 10705/1/3 10663/1/3
f 10740/1/3 10706/1/3 10739/1/3
f 10741/1/3 10664/1/3 10706/1/3
f 10741/1/3 10706/1/3 10740/1/3
f 10742/1/3 10708/1/3 10707/1/3
f 10742/1/3 10707/1/3 10665/1/3
f 10743/1/3 10666/1/3 10708/1/3
f 10743/1/3 10708/1/3 10742/1/3
f 10744/1/3 10709/1/3 10667/1/3
f 10744/1/3 10710/1/3 10709/1/3
f 10745/1/3 10668/1/3 10710/1/3
f 10745/1/3 10710/1/3 10744/1/3
f 10746/2/3 10741/2/3 10740/2/3
f 10747/1/3 10664/1/3 10741/1/3
f 10747/2/3 10741/2/3 10746/2/3
f 10748/1/3 10637/1/3 10712/1/3
f 10749/1/3 10713/1/3 10638/1/3
f 10750/1/3 10639/1/3 10714/1/3
f 10751/1/3 10715/1/3 10640/1/3
f 10752/1/3 10641/1/3 10716/1/3
f 10753/1/3 10717/1/3 10642/1/3
f 10754/1/3 10643/1/3 10718/1/3
f 10755/1/3 10719/1/3 10685/1/3
f 10756/2/3 10647/2/3 10646/2/3
f 10756/1/3 10646/1/3 10721/1/3
f 10757/1/3 10722/1/3 10647/1/3
f 10757/2/3 10647/2/3 10756/2/3
f 10758/2/3 10723/2/3 10722/2/3
f 10758/1/3 10722/1/3 10757/1/3
f 10759/2/3 10723/2/3 10758/2/3
f 10760/1/3 10648/1/3 10724/1/3
f 10761/1/3 10725/1/3 10649/1/3
f 10762/1/3 10650/1/3 10726/1/3
f 10762/4/3 10651/4/3 10650/4/3
f 10763/1/3 10727/1/3 10651/1/3
f 10763/4/3 10651/4/3 10762/4/3
f 10764/1/3 10674/1/3 10728/1/3
f 10765/1/3 10729/1/3 10675/1/3
f 10766/1/3 10654/1/3 10730/1/3
f 10767/1/3 10731/1/3 10655/1/3
f 10768/1/3 10656/1/3 10732/1/3
f 10769/1/3 10733/1/3 10657/1/3
f 10770/1/3 10658/1/3 10734/1/3
f 10771/1/3 10735/1/3 10659/1/3
f 10772/1/3 10660/1/3 10736/1/3
f 10772/2/3 10661/2/3 10660/2/3
f 10773/1/3 10737/1/3 10661/1/3
f 10773/2/3 10661/2/3 10772/2/3
f 10774/1/3 10662/1/3 10738/1/3
f 10775/1/3 10739/1/3 10663/1/3
f 10776/1/3 10664/1/3 10747/1/3
f 10777/1/3 10742/1/3 10665/1/3
f 10778/1/3 10666/1/3 10743/1/3
f 10778/2/3 10667/2/3 10666/2/3
f 10779/1/3 10744/1/3 10667/1/3
f 10779/2/3 10667/2/3 10778/2/3
f 10780/1/3 10668/1/3 10745/1/3
f 10781/1/3 9044/1/3 10669/1/3
f 10782/1/3 10749/1/3 10748/1/3
f 10782/1/3 10748/1/3 10712/1/3
f 10783/1/3 10713/1/3 10749/1/3
f 10783/1/3 10749/1/3 10782/1/3
f 10784/1/3 10751/1/3 10750/1/3
f 10784/1/3 10750/1/3 10714/1/3
f 10785/1/3 10715/1/3 10751/1/3
f 10785/1/3 10751/1/3 10784/1/3
f 10786/1/3 10753/1/3 10752/1/3
f 10786/1/3 10752/1/3 10716/1/3
f 10787/1/3 10717/1/3 10753/1/3
f 10787/1/3 10753/1/3 10786/1/3
f 10788/1/3 10755/1/3 10754/1/3
f 10788/1/3 10754/1/3 10718/1/3
f 10789/1/3 10719/1/3 10755/1/3
f 10789/1/3 10755/1/3 10788/1/3
f 10790/2/3 10721/2/3 10720/2/3
f 10791/1/3 10756/1/3 10721/1/3
f 10791/2/3 10721/2/3 10790/2/3
f 10791/1/3 10757/1/3 10756/1/3
f 10791/1/3 10758/1/3 10757/1/3
f 10792/1/3 10758/1/3 10791/1/3
f 10793/1/3 10758/1/3 10792/1/3
f 10794/1/3 10761/1/3 10760/1/3
f 10794/1/3 10760/1/3 10724/1/3
f 10795/1/3 10725/1/3 10761/1/3
f 10795/1/3 10761/1/3 10794/1/3
f 10796/1/3 10762/1/3 10726/1/3
f 10796/1/3 10763/1/3 10762/1/3
f 10797/1/3 10727/1/3 10763/1/3
f 10797/1/3 10763/1/3 10796/1/3
f 10798/1/3 10765/1/3 10764/1/3
f 10798/1/3 10764/1/3 10728/1/3
f 10799/1/3 10729/1/3 10765/1/3
f 10799/1/3 10765/1/3 10798/1/3
f 10800/1/3 10767/1/3 10766/1/3
f 10800/1/3 10766/1/3 10730/1/3
f 10801/1/3 10731/1/3 10767/1/3
f 10801/1/3 10767/1/3 10800/1/3
f 10802/1/3 10769/1/3 10768/1/3
f 10802/1/3 10768/1/3 10732/1/3
f 10803/1/3 10733/1/3 10769/1/3
f 10803/1/3 10769/1/3 10802/1/3
f 10804/1/3 10771/1/3 10770/1/3
f 10804/1/3 10770/1/3 10734/1/3
f 10805/1/3 10735/1/3 10771/1/3
f 10805/1/3 10771/1/3 10804/1/3
f 10806/1/3 10772/1/3 10736/1/3
f 10806/1/3 10773/1/3 10772/1/3
f 10807/1/3 10737/1/3 10773/1/3
f 10807/1/3 10773/1/3 10806/1/3
f 10808/1/3 10774/1/3 10738/1/3
f 10808/1/3 10775/1/3 10774/1/3
f 10809/1/3 10739/1/3 10775/1/3
f 10809/1/3 10775/1/3 10808/1/3
f 10810/1/3 10776/1/3 10747/1/3
f 10810/1/3 10777/1/3 10776/1/3
f 10811/1/3 10742/1/3 10777/1/3
f 10811/1/3 10777/1/3 10810/1/3
f 10812/1/3 10778/1/3 10743/1/3
f 10812/1/3 10779/1/3 10778/1/3
f 10813/1/3 10744/1/3 10779/1/3
f 10813/1/3 10779/1/3 10812/1/3
f 10814/1/3 10781/1/3 10780/1/3
f 10814/1/3 10780/1/3 10745/1/3
f 10815/1/3 9044/1/3 10781/1/3
f 10815/1/3 10781/1/3 10814/1/3
f 10816/1/3 10792/1/3 10791/1/3
f 10816/3/3 10793/3/3 10792/3/3
f 10817/1/3 10758/1/3 10793/1/3
f 10817/3/3 10793/3/3 10816/3/3
f 10819/1/3 10782/1/3 10712/1/3
f 10820/1/3 10713/1/3 10783/1/3
f 10820/2/3 10714/2/3 10713/2/3
f 10821/1/3 10784/1/3 10714/1/3
f 10821/2/3 10714/2/3 10820/2/3
f 10822/1/3 10715/1/3 10785/1/3
f 10823/1/3 10786/1/3 10716/1/3
f 10824/2/3 10718/2/3 10717/2/3
f 10824/1/3 10717/1/3 10787/1/3
f 10825/1/3 10788/1/3 10718/1/3
f 10825/2/3 10718/2/3 10824/2/3
f 10826/1/3 10719/1/3 10789/1/3
f 10827/1/3 10816/1/3 10791/1/3
f 10828/1/3 10758/1/3 10817/1/3
f 10829/1/3 10794/1/3 10724/1/3
f 10830/1/3 10725/1/3 10795/1/3
f 10831/1/3 10796/1/3 10726/1/3
f 10832/1/3 10727/1/3 10797/1/3
f 10832/2/3 10728/2/3 10727/2/3
f 10833/1/3 10798/1/3 10728/1/3
f 10833/2/3 10728/2/3 10832/2/3
f 10834/1/3 10729/1/3 10799/1/3
f 10835/1/3 10800/1/3 10730/1/3
f 10836/1/3 10731/1/3 10801/1/3
f 10837/1/3 10802/1/3 10732/1/3
f 10838/1/3 10733/1/3 10803/1/3
f 10839/1/3 10804/1/3 10734/1/3
f 10840/1/3 10735/1/3 10805/1/3
f 10841/1/3 10806/1/3 10736/1/3
f 10842/1/3 10737/1/3 10807/1/3
f 10842/2/3 10738/2/3 10737/2/3
f 10843/1/3 10808/1/3 10738/1/3
f 10843/2/3 10738/2/3 10842/2/3
f 10844/1/3 10739/1/3 10809/1/3
f 10845/1/3 10810/1/3 10747/1/3
f 10846/1/3 10742/1/3 10811/1/3
f 10847/1/3 10812/1/3 10743/1/3
f 10848/1/3 10744/1/3 10813/1/3
f 10849/1/3 10814/1/3 10745/1/3
f 10850/1/3 10819/1/3 10818/1/3
f 10851/1/3 10782/1/3 10819/1/3
f 10851/1/3 10819/1/3 10850/1/3
f 10852/1/3 10820/1/3 10783/1/3
f 10852/1/3 10821/1/3 10820/1/3
f 10853/1/3 10784/1/3 10821/1/3
f 10853/1/3 10821/1/3 10852/1/3
f 10854/1/3 10823/1/3 10822/1/3
f 10854/1/3 10822/1/3 10785/1/3
f 10855/1/3 10786/1/3 10823/1/3
f 10855/1/3 10823/1/3 10854/1/3
f 10856/1/3 10824/1/3 10787/1/3
f 10856/1/3 10825/1/3 10824/1/3
f 10857/1/3 10788/1/3 10825/1/3
f 10857/1/3 10825/1/3 10856/1/3
f 10858/1/3 10826/1/3 10789/1/3
f 10858/1/3 10827/1/3 10826/1/3
f 10859/1/3 10816/1/3 10827/1/3
f 10859/1/3 10827/1/3 10858/1/3
f 10860/1/3 10828/1/3 10817/1/3
f 10860/1/3 10829/1/3 10828/1/3
f 10861/1/3 10794/1/3 10829/1/3
f 10861/1/3 10829/1/3 10860/1/3
f 10862/1/3 10831/1/3 10830/1/3
f 10862/1/3 10830/1/3 10795/1/3
f 10863/1/3 10796/1/3 10831/1/3
f 10863/1/3 10831/1/3 10862/1/3
f 10864/1/3 10832/1/3 10797/1/3
f 10864/1/3 10833/1/3 10832/1/3
f 10865/1/3 10798/1/3 10833/1/3
f 10865/1/3 10833/1/3 10864/1/3
f 10866/1/3 10835/1/3 10834/1/3
f 10866/1/3 10834/1/3 10799/1/3
f 10867/1/3 10800/1/3 10835/1/3
f 10867/1/3 10835/1/3 10866/1/3
f 10868/1/3 10837/1/3 10836/1/3
f 10868/1/3 10836/1/3 10801/1/3
f 10869/1/3 10802/1/3 10837/1/3
f 10869/1/3 10837/1/3 10868/1/3
f 10870/1/3 10839/1/3 10838/1/3
f 10870/1/3 10838/1/3 10803/1/3
f 10871/1/3 10804/1/3 10839/1/3
f 10871/1/3 10839/1/3 10870/1/3
f 10872/1/3 10841/1/3 10840/1/3
f 10872/1/3 10840/1/3 10805/1/3
f 10873/1/3 10806/1/3 10841/1/3
f 10873/1/3 10841/1/3 10872/1/3
f 10874/1/3 10842/1/3 10807/1/3
f 10874/1/3 10843/1/3 10842/1/3
f 10875/1/3 10808/1/3 10843/1/3
f 10875/1/3 10843/1/3 10874/1/3
f 10876/1/3 10844/1/3 10809/1/3
f 10876/1/3 10845/1/3 10844/1/3
f 10877/1/3 10810/1/3 10845/1/3
f 10877/1/3 10845/1/3 10876/1/3
f 10878/1/3 10847/1/3 10846/1/3
f 10878/1/3 10846/1/3 10811/1/3
f 10879/1/3 10812/1/3 10847/1/3
f 10879/1/3 10847/1/3 10878/1/3
f 10880/1/3 10849/1/3 10848/1/3
f 10880/1/3 10848/1/3 10813/1/3
f 10881/1/3 10814/1/3 10849/1/3
f 10881/1/3 10849/1/3 10880/1/3
f 10882/2/3 10783/2/3 10782/2/3
f 10882/1/3 10782/1/3 10851/1/3
f 10883/1/3 10852/1/3 10783/1/3
f 10883/2/3 10783/2/3 10882/2/3
f 10884/1/3 10784/1/3 10853/1/3
f 10885/1/3 10854/1/3 10785/1/3
f 10886/1/3 10786/1/3 10855/1/3
f 10887/1/3 10856/1/3 10787/1/3
f 10888/1/3 10788/1/3 10857/1/3
f 10889/1/3 10858/1/3 10789/1/3
f 10890/1/3 10816/1/3 10859/1/3
f 10891/1/3 10860/1/3 10817/1/3
f 10892/1/3 10794/1/3 10861/1/3
f 10893/1/3 10862/1/3 10795/1/3
f 10894/1/3 10796/1/3 10863/1/3
f 10895/1/3 10864/1/3 10797/1/3
f 10896/1/3 10798/1/3 10865/1/3
f 10897/1/3 10866/1/3 10799/1/3
f 10898/1/3 10800/1/3 10867/1/3
f 10898/2/3 10801/2/3 10800/2/3
f 10899/1/3 10868/1/3 10801/1/3
f 10899/2/3 10801/2/3 10898/2/3
f 10900/1/3 10802/1/3 10869/1/3
f 10901/1/3 10870/1/3 10803/1/3
f 10902/1/3 10804/1/3 10871/1/3
f 10903/1/3 10872/1/3 10805/1/3
f 10904/1/3 10806/1/3 10873/1/3
f 10905/1/3 10874/1/3 10807/1/3
f 10906/1/3 10808/1/3 10875/1/3
f 10907/1/3 10876/1/3 10809/1/3
f 10908/1/3 10810/1/3 10877/1/3
f 10909/1/3 10878/1/3 10811/1/3
f 10910/1/3 10812/1/3 10879/1/3
f 10911/1/3 10880/1/3 10813/1/3
f 10912/1/3 10814/1/3 10881/1/3
f 10913/1/3 9044/1/3 10815/1/3
f 10914/1/3 10882/1/3 10851/1/3
f 10914/1/3 10883/1/3 10882/1/3
f 10915/1/3 10852/1/3 10883/1/3
f 10915/1/3 10883/1/3 10914/1/3
f 10916/1/3 10884/1/3 10853/1/3
f 10916/1/3 10885/1/3 10884/1/3
f 10917/1/3 10854/1/3 10885/1/3
f 10917/1/3 10885/1/3 10916/1/3
f 10918/1/3 10887/1/3 10886/1/3
f 10918/1/3 10886/1/3 10855/1/3
f 10919/1/3 10856/1/3 10887/1/3
f 10919/1/3 10887/1/3 10918/1/3
f 10920/1/3 10856/1/3 10919/1/3
f 10922/1/3 10889/1/3 10888/1/3
f 10922/1/3 10888/1/3 10857/1/3
f 10923/1/3 10858/1/3 10889/1/3
f 10923/1/3 10889/1/3 10922/1/3
f 10924/1/3 10891/1/3 10890/1/3
f 10924/1/3 10890/1/3 10859/1/3
f 10925/1/3 10860/1/3 10891/1/3
f 10925/1/3 10891/1/3 10924/1/3
f 10926/1/3 10892/1/3 10861/1/3
f 10926/1/3 10893/1/3 10892/1/3
f 10927/1/3 10862/1/3 10893/1/3
f 10927/1/3 10893/1/3 10926/1/3
f 10928/1/3 10895/1/3 10894/1/3
f 10928/1/3 10894/1/3 10863/1/3
f 10929/1/3 10864/1/3 10895/1/3
f 10929/1/3 10895/1/3 10928/1/3
f 10930/1/3 10897/1/3 10896/1/3
f 10930/1/3 10896/1/3 10865/1/3
f 10931/1/3 10866/1/3 10897/1/3
f 10931/1/3 10897/1/3 10930/1/3
f 10932/1/3 10898/1/3 10867/1/3
f 10932/1/3 10899/1/3 10898/1/3
f 10933/1/3 10868/1/3 10899/1/3
f 10933/1/3 10899/1/3 10932/1/3
f 10934/1/3 10901/1/3 10900/1/3
f 10934/1/3 10900/1/3 10869/1/3
f 10935/1/3 10870/1/3 10901/1/3
f 10935/1/3 10901/1/3 10934/1/3
f 10936/1/3 10903/1/3 10902/1/3
f 10936/1/3 10902/1/3 10871/1/3
f 10937/1/3 10872/1/3 10903/1/3
f 10937/1/3 10903/1/3 10936/1/3
f 10938/1/3 10904/1/3 10873/1/3
f 10938/1/3 10905/1/3 10904/1/3
f 10939/1/3 10874/1/3 10905/1/3
f 10939/1/3 10905/1/3 10938/1/3
f 10940/1/3 10907/1/3 10906/1/3
f 10940/1/3 10906/1/3 10875/1/3
f 10941/1/3 10876/1/3 10907/1/3
f 10941/1/3 10907/1/3 10940/1/3
f 10942/1/3 10909/1/3 10908/1/3
f 10942/1/3 10908/1/3 10877/1/3
f 10943/1/3 10878/1/3 10909/1/3
f 10943/1/3 10909/1/3 10942/1/3
f 10944/1/3 10911/1/3 10910/1/3
f 10944/1/3 10910/1/3 10879/1/3
f 10945/1/3 10880/1/3 10911/1/3
f 10945/1/3 10911/1/3 10944/1/3
f 10946/1/3 10912/1/3 10881/1/3
f 10946/1/3 10913/1/3 10912/1/3
f 10947/1/3 9044/1/3 10913/1/3
f 10947/1/3 10913/1/3 10946/1/3
f 10949/1/3 10914/1/3 10851/1/3
f 10950/1/3 10852/1/3 10915/1/3
f 10951/1/3 10916/1/3 10853/1/3
f 10952/1/3 10854/1/3 10917/1/3
f 10952/2/3 10855/2/3 10854/2/3
f 10953/1/3 10918/1/3 10855/1/3
f 10953/2/3 10855/2/3 10952/2/3
f 10954/2/3 10921/2/3 10920/2/3
f 10954/1/3 10920/1/3 10919/1/3
f 10955/2/3 10921/2/3 10954/2/3
f 10956/1/3 10922/1/3 10857/1/3
f 10957/1/3 10858/1/3 10923/1/3
f 10958/1/3 10924/1/3 10859/1/3
f 10959/2/3 10861/2/3 10860/2/3
f 10959/1/3 10860/1/3 10925/1/3
f 10960/1/3 10926/1/3 10861/1/3
f 10960/2/3 10861/2/3 10959/2/3
f 10961/1/3 10862/1/3 10927/1/3
f 10962/1/3 10928/1/3 10863/1/3
f 10963/1/3 10864/1/3 10929/1/3
f 10964/1/3 10930/1/3 10865/1/3
f 10965/1/3 10866/1/3 10931/1/3
f 10966/1/3 10932/1/3 10867/1/3
f 10967/1/3 10868/1/3 10933/1/3
f 10967/2/3 10869/2/3 10868/2/3
f 10968/1/3 10934/1/3 10869/1/3
f 10968/2/3 10869/2/3 10967/2/3
f 10969/1/3 10870/1/3 10935/1/3
f 10970/1/3 10936/1/3 10871/1/3
f 10971/1/3 10872/1/3 10937/1/3
f 10971/2/3 10873/2/3 10872/2/3
f 10972/1/3 10938/1/3 10873/1/3
f 10972/2/3 10873/2/3 10971/2/3
f 10973/1/3 10874/1/3 10939/1/3
f 10974/1/3 10940/1/3 10875/1/3
f 10975/1/3 10876/1/3 10941/1/3
f 10976/1/3 10942/1/3 10877/1/3
f 10977/1/3 10878/1/3 10943/1/3
f 10978/1/3 10944/1/3 10879/1/3
f 10979/1/3 10880/1/3 10945/1/3
f 10980/1/3 10946/1/3 10881/1/3
f 10981/1/3 10949/1/3 10948/1/3
f 10982/1/3 10914/1/3 10949/1/3
f 10982/1/3 10949/1/3 10981/1/3
f 10983/1/3 10951/1/3 10950/1/3
f 10983/1/3 10950/1/3 10915/1/3
f 10984/1/3 10916/1/3 10951/1/3
f 10984/1/3 10951/1/3 10983/1/3
f 10985/1/3 10953/1/3 10952/1/3
f 10985/1/3 10952/1/3 10917/1/3
f 10986/1/3 10953/1/3 10985/1/3
f 10987/1/3 10918/1/3 10953/1/3
f 10987/1/3 10953/1/3 10986/1/3
f 10988/1/3 10956/1/3 10955/1/3
f 10988/1/3 10955/1/3 10954/1/3
f 10988/1/3 10954/1/3 10919/1/3
f 10989/1/3 10956/1/3 10988/1/3
f 10990/1/3 10922/1/3 10956/1/3
f 10990/1/3 10956/1/3 10989/1/3
f 10991/1/3 10958/1/3 10957/1/3
f 10991/1/3 10957/1/3 10923/1/3
f 10992/1/3 10924/1/3 10958/1/3
f 10992/1/3 10958/1/3 10991/1/3
f 10993/1/3 10959/1/3 10925/1/3
f 10993/1/3 10960/1/3 10959/1/3
f 10994/1/3 10926/1/3 10960/1/3
f 10994/1/3 10960/1/3 10993/1/3
f 10995/1/3 10962/1/3 10961/1/3
f 10995/1/3 10961/1/3 10927/1/3
f 10996/1/3 10928/1/3 10962/1/3
f 10996/1/3 10962/1/3 10995/1/3
f 10997/1/3 10963/1/3 10929/1/3
f 10997/1/3 10964/1/3 10963/1/3
f 10998/1/3 10930/1/3 10964/1/3
f 10998/1/3 10964/1/3 10997/1/3
f 10999/1/3 10966/1/3 10965/1/3
f 10999/1/3 10965/1/3 10931/1/3
f 11000/1/3 10932/1/3 10966/1/3
f 11000/1/3 10966/1/3 10999/1/3
f 11001/1/3 10967/1/3 10933/1/3
f 11001/1/3 10968/1/3 10967/1/3
f 11002/1/3 10934/1/3 10968/1/3
f 11002/1/3 10968/1/3 11001/1/3
f 11003/1/3 10970/1/3 10969/1/3
f 11003/1/3 10969/1/3 10935/1/3
f 11004/1/3 10936/1/3 10970/1/3
f 11004/1/3 10970/1/3 11003/1/3
f 11005/1/3 10971/1/3 10937/1/3
f 11005/1/3 10972/1/3 10971/1/3
f 11006/1/3 10938/1/3 10972/1/3
f 11006/1/3 10972/1/3 11005/1/3
f 11007/1/3 10974/1/3 10973/1/3
f 11007/1/3 10973/1/3 10939/1/3
f 11008/1/3 10940/1/3 10974/1/3
f 11008/1/3 10974/1/3 11007/1/3
f 11009/1/3 10976/1/3 10975/1/3
f 11009/1/3 10975/1/3 10941/1/3
f 11010/1/3 10942/1/3 10976/1/3
f 11010/1/3 10976/1/3 11009/1/3
f 11011/1/3 10978/1/3 10977/1/3
f 11011/1/3 10977/1/3 10943/1/3
f 11012/1/3 10944/1/3 10978/1/3
f 11012/1/3 10978/1/3 11011/1/3
f 11013/1/3 10980/1/3 10979/1/3
f 11013/1/3 10979/1/3 10945/1/3
f 11014/1/3 10946/1/3 10980/1/3
f 11014/1/3 10980/1/3 11013/1/3
f 11015/2/3 10987/2/3 10986/2/3
f 11016/1/3 10918/1/3 10987/1/3
f 11016/2/3 10987/2/3 11015/2/3
f 11017/1/3 10914/1/3 10982/1/3
f 11017/2/3 10915/2/3 10914/2/3
f 11018/1/3 10983/1/3 10915/1/3
f 11018/2/3 10915/2/3 11017/2/3
f 11019/1/3 10916/1/3 10984/1/3
f 11020/1/3 10985/1/3 10917/1/3
f 11021/1/3 10918/1/3 11016/1/3
f 11021/3/3 10919/3/3 10918/3/3
f 11022/1/3 10988/1/3 10919/1/3
f 11022/3/3 10919/3/3 11021/3/3
f 11023/2/3 10989/2/3 10988/2/3
f 11023/1/3 10988/1/3 11022/1/3
f 11024/2/3 10989/2/3 11023/2/3
f 11025/1/3 10922/1/3 10990/1/3
f 11026/1/3 10991/1/3 10923/1/3
f 11027/1/3 10924/1/3 10992/1/3
f 11028/1/3 10993/1/3 10925/1/3
f 11029/1/3 10926/1/3 10994/1/3
f 11029/2/3 10927/2/3 10926/2/3
f 11030/1/3 10995/1/3 10927/1/3
f 11030/2/3 10927/2/3 11029/2/3
f 11032/1/3 10928/1/3 10996/1/3
f 11033/1/3 10928/1/3 11032/1/3
f 11034/1/3 10997/1/3 10929/1/3
f 11035/1/3 10930/1/3 10998/1/3
f 11035/2/3 10931/2/3 10930/2/3
f 11036/1/3 10999/1/3 10931/1/3
f 11036/2/3 10931/2/3 11035/2/3
f 11037/1/3 10932/1/3 11000/1/3
f 11038/1/3 11001/1/3 10933/1/3
f 11039/1/3 10934/1/3 11002/1/3
f 11040/1/3 11003/1/3 10935/1/3
f 11041/2/3 10937/2/3 10936/2/3
f 11041/1/3 10936/1/3 11004/1/3
f 11042/1/3 11005/1/3 10937/1/3
f 11042/2/3 10937/2/3 11041/2/3
f 11043/1/3 10938/1/3 11006/1/3
f 11044/1/3 11007/1/3 10939/1/3
f 11045/1/3 10940/1/3 11008/1/3
f 11045/2/3 10941/2/3 10940/2/3
f 11046/1/3 11009/1/3 10941/1/3
f 11046/2/3 10941/2/3 11045/2/3
f 11047/1/3 10942/1/3 11010/1/3
f 11048/1/3 11011/1/3 10943/1/3
f 11049/1/3 10944/1/3 11012/1/3
f 11050/1/3 11013/1/3 10945/1/3
f 11051/1/3 10946/1/3 11014/1/3
f 11052/1/3 9044/1/3 10947/1/3
f 11053/1/3 11017/1/3 10982/1/3
f 11053/1/3 11018/1/3 11017/1/3
f 11054/1/3 10983/1/3 11018/1/3
f 11054/1/3 11018/1/3 11053/1/3
f 11055/1/3 11020/1/3 11019/1/3
f 11055/1/3 11019/1/3 10984/1/3
f 11056/1/3 10985/1/3 11020/1/3
f 11056/1/3 11020/1/3 11055/1/3
f 11057/1/3 11021/1/3 11016/1/3
f 11057/1/3 11022/1/3 11021/1/3
f 11057/1/3 11023/1/3 11022/1/3
f 11058/1/3 11023/1/3 11057/1/3
f 11059/1/3 11023/1/3 11058/1/3
f 11060/1/3 11025/1/3 10990/1/3
f 11060/1/3 11026/1/3 11025/1/3
f 11061/1/3 10991/1/3 11026/1/3
f 11061/1/3 11026/1/3 11060/1/3
f 11062/1/3 11028/1/3 11027/1/3
f 11062/1/3 11027/1/3 10992/1/3
f 11063/1/3 10993/1/3 11028/1/3
f 11063/1/3 11028/1/3 11062/1/3
f 11064/1/3 11029/1/3 10994/1/3
f 11064/1/3 11030/1/3 11029/1/3
f 11065/1/3 10995/1/3 11030/1/3
f 11065/1/3 11030/1/3 11064/1/3
f 11066/2/3 11032/2/3 11031/2/3
f 11067/1/3 11034/1/3 11033/1/3
f 11067/2/3 11032/2/3 11066/2/3
f 11067/1/3 11033/1/3 11032/1/3
f 11068/1/3 11034/1/3 11067/1/3
f 11069/1/3 10997/1/3 11034/1/3
f 11069/1/3 11034/1/3 11068/1/3
f 11070/1/3 11035/1/3 10998/1/3
f 11070/1/3 11036/1/3 11035/1/3
f 11071/1/3 10999/1/3 11036/1/3
f 11071/1/3 11036/1/3 11070/1/3
f 11072/1/3 11038/1/3 11037/1/3
f 11072/1/3 11037/1/3 11000/1/3
f 11073/1/3 11001/1/3 11038/1/3
f 11073/1/3 11038/1/3 11072/1/3
f 11074/1/3 11040/1/3 11039/1/3
f 11074/1/3 11039/1/3 11002/1/3
f 11075/1/3 11003/1/3 11040/1/3
f 11075/1/3 11040/1/3 11074/1/3
f 11076/1/3 11041/1/3 11004/1/3
f 11076/1/3 11042/1/3 11041/1/3
f 11077/1/3 11005/1/3 11042/1/3
f 11077/1/3 11042/1/3 11076/1/3
f 11078/1/3 11044/1/3 11043/1/3
f 11078/1/3 11043/1/3 11006/1/3
f 11079/1/3 11007/1/3 11044/1/3
f 11079/1/3 11044/1/3 11078/1/3
f 11080/1/3 11045/1/3 11008/1/3
f 11080/1/3 11046/1/3 11045/1/3
f 11081/1/3 11009/1/3 11046/1/3
f 11081/1/3 11046/1/3 11080/1/3
f 11082/1/3 11048/1/3 11047/1/3
f 11082/1/3 11047/1/3 11010/1/3
f 11083/1/3 11011/1/3 11048/1/3
f 11083/1/3 11048/1/3 11082/1/3
f 11084/1/3 11050/1/3 11049/1/3
f 11084/1/3 11049/1/3 11012/1/3
f 11085/1/3 11013/1/3 11050/1/3
f 11085/1/3 11050/1/3 11084/1/3
f 11086/1/3 11051/1/3 11014/1/3
f 11086/1/3 11052/1/3 11051/1/3
f 11087/1/3 9044/1/3 11052/1/3
f 11087/1/3 11052/1/3 11086/1/3
f 11088/2/3 11059/2/3 11058/2/3
f 11089/1/3 11023/1/3 11059/1/3
f 11089/2/3 11059/2/3 11088/2/3
f 11091/1/3 11053/1/3 10982/1/3
f 11092/1/3 10983/1/3 11054/1/3
f 11093/1/3 11055/1/3 10984/1/3
f 11094/1/3 10985/1/3 11056/1/3
f 11095/1/3 11057/1/3 11016/1/3
f 11096/1/3 11023/1/3 11089/1/3
f 11097/1/3 11060/1/3 10990/1/3
f 11098/1/3 10991/1/3 11061/1/3
f 11099/1/3 11062/1/3 10992/1/3
f 11100/1/3 10993/1/3 11063/1/3
f 11101/1/3 11064/1/3 10994/1/3
f 11102/1/3 10995/1/3 11065/1/3
f 11103/1/3 11068/1/3 11067/1/3
f 11104/1/3 10997/1/3 11069/1/3
f 11105/1/3 11070/1/3 10998/1/3
f 11106/1/3 10999/1/3 11071/1/3
f 11107/1/3 11072/1/3 11000/1/3
f 11108/1/3 11001/1/3 11073/1/3
f 11109/1/3 11074/1/3 11002/1/3
f 11110/1/3 11003/1/3 11075/1/3
f 11111/1/3 11076/1/3 11004/1/3
f 11112/1/3 11005/1/3 11077/1/3
f 11113/1/3 11078/1/3 11006/1/3
f 11114/1/3 11007/1/3 11079/1/3
f 11115/1/3 11080/1/3 11008/1/3
f 11116/1/3 11009/1/3 11081/1/3
f 11117/1/3 11082/1/3 11010/1/3
f 11118/1/3 11011/1/3 11083/1/3
f 11119/1/3 11084/1/3 11012/1/3
f 11120/1/3 11013/1/3 11085/1/3
f 11121/1/3 11086/1/3 11014/1/3
f 11122/1/3 11091/1/3 11090/1/3
f 11123/1/3 11053/1/3 11091/1/3
f 11123/1/3 11091/1/3 11122/1/3
f 11124/1/3 11092/1/3 11054/1/3
f 11124/1/3 11093/1/3 11092/1/3
f 11125/1/3 11055/1/3 11093/1/3
f 11125/1/3 11093/1/3 11124/1/3
f 11126/1/3 11094/1/3 11056/1/3
f 11126/1/3 11095/1/3 11094/1/3
f 11127/1/3 11057/1/3 11095/1/3
f 11127/1/3 11095/1/3 11126/1/3
f 11128/1/3 11097/1/3 11096/1/3
f 11128/1/3 11096/1/3 11089/1/3
f 11129/1/3 11060/1/3 11097/1/3
f 11129/1/3 11097/1/3 11128/1/3
f 11130/1/3 11098/1/3 11061/1/3
f 11130/1/3 11099/1/3 11098/1/3
f 11131/1/3 11062/1/3 11099/1/3
f 11131/1/3 11099/1/3 11130/1/3
f 11132/1/3 11100/1/3 11063/1/3
f 11132/1/3 11101/1/3 11100/1/3
f 11133/1/3 11064/1/3 11101/1/3
f 11133/1/3 11101/1/3 11132/1/3
f 11134/1/3 11103/1/3 11102/1/3
f 11134/1/3 11102/1/3 11065/1/3
f 11135/1/3 11068/1/3 11103/1/3
f 11135/1/3 11103/1/3 11134/1/3
f 11136/1/3 11105/1/3 11104/1/3
f 11136/1/3 11104/1/3 11069/1/3
f 11137/1/3 11070/1/3 11105/1/3
f 11137/1/3 11105/1/3 11136/1/3
f 11138/1/3 11107/1/3 11106/1/3
f 11138/1/3 11106/1/3 11071/1/3
f 11139/1/3 11072/1/3 11107/1/3
f 11139/1/3 11107/1/3 11138/1/3
f 11140/1/3 11109/1/3 11108/1/3
f 11140/1/3 11108/1/3 11073/1/3
f 11141/1/3 11074/1/3 11109/1/3
f 11141/1/3 11109/1/3 11140/1/3
f 11142/1/3 11111/1/3 11110/1/3
f 11142/1/3 11110/1/3 11075/1/3
f 11143/1/3 11076/1/3 11111/1/3
f 11143/1/3 11111/1/3 11142/1/3
f 11144/1/3 11112/1/3 11077/1/3
f 11144/1/3 11113/1/3 11112/1/3
f 11145/1/3 11078/1/3 11113/1/3
f 11145/1/3 11113/1/3 11144/1/3
f 11146/1/3 11114/1/3 11079/1/3
f 11146/1/3 11115/1/3 11114/1/3
f 11147/1/3 11080/1/3 11115/1/3
f 11147/1/3 11115/1/3 11146/1/3
f 11148/1/3 11117/1/3 11116/1/3
f 11148/1/3 11116/1/3 11081/1/3
f 11149/1/3 11082/1/3 11117/1/3
f 11149/1/3 11117/1/3 11148/1/3
f 11150/1/3 11119/1/3 11118/1/3
f 11150/1/3 11118/1/3 11083/1/3
f 11151/1/3 11084/1/3 11119/1/3
f 11151/1/3 11119/1/3 11150/1/3
f 11152/1/3 11121/1/3 11120/1/3
f 11152/1/3 11120/1/3 11085/1/3
f 11153/1/3 11086/1/3 11121/1/3
f 11153/1/3 11121/1/3 11152/1/3
f 11154/1/3 11053/1/3 11123/1/3
f 11155/1/3 11124/1/3 11054/1/3
f 11156/1/3 11055/1/3 11125/1/3
f 11157/1/3 11126/1/3 11056/1/3
f 11158/1/3 11057/1/3 11127/1/3
f 11159/1/3 11128/1/3 11089/1/3
f 11160/2/3 11061/2/3 11060/2/3
f 11160/1/3 11060/1/3 11129/1/3
f 11161/1/3 11130/1/3 11061/1/3
f 11161/2/3 11061/2/3 11160/2/3
f 11162/1/3 11062/1/3 11131/1/3
f 11162/2/3 11063/2/3 11062/2/3
f 11163/1/3 11132/1/3 11063/1/3
f 11163/2/3 11063/2/3 11162/2/3
f 11164/1/3 11064/1/3 11133/1/3
f 11165/1/3 11134/1/3 11065/1/3
f 11166/1/3 11068/1/3 11135/1/3
f 11166/2/3 11069/2/3 11068/2/3
f 11167/1/3 11136/1/3 11069/1/3
f 11167/2/3 11069/2/3 11166/2/3
f 11168/1/3 11070/1/3 11137/1/3
f 11169/1/3 11138/1/3 11071/1/3
f 11170/1/3 11072/1/3 11139/1/3
f 11170/3/3 11073/3/3 11072/3/3
f 11171/1/3 11140/1/3 11073/1/3
f 11171/3/3 11073/3/3 11170/3/3
f 11172/1/3 11074/1/3 11141/1/3
f 11173/1/3 11142/1/3 11075/1/3
f 11174/1/3 11076/1/3 11143/1/3
f 11175/1/3 11144/1/3 11077/1/3
f 11176/1/3 11078/1/3 11145/1/3
f 11177/1/3 11146/1/3 11079/1/3
f 11178/1/3 11080/1/3 11147/1/3
f 11178/2/3 11081/2/3 11080/2/3
f 11179/1/3 11148/1/3 11081/1/3
f 11179/2/3 11081/2/3 11178/2/3
f 11180/1/3 11082/1/3 11149/1/3
f 11181/1/3 11150/1/3 11083/1/3
f 11182/1/3 11084/1/3 11151/1/3
f 11183/1/3 11152/1/3 11085/1/3
f 11184/1/3 11086/1/3 11153/1/3
f 11185/1/3 9044/1/3 11087/1/3
f 11186/1/3 11155/1/3 11154/1/3
f 11186/1/3 11154/1/3 11123/1/3
f 11187/1/3 11124/1/3 11155/1/3
f 11187/1/3 11155/1/3 11186/1/3
f 11188/1/3 11157/1/3 11156/1/3
f 11188/1/3 11156/1/3 11125/1/3
f 11189/1/3 11126/1/3 11157/1/3
f 11189/1/3 11157/1/3 11188/1/3
f 11190/1/3 11159/1/3 11158/1/3
f 11190/1/3 11158/1/3 11127/1/3
f 11191/1/3 11128/1/3 11159/1/3
f 11191/1/3 11159/1/3 11190/1/3
f 11192/1/3 11161/1/3 11160/1/3
f 11192/1/3 11160/1/3 11129/1/3
f 11193/1/3 11130/1/3 11161/1/3
f 11193/1/3 11161/1/3 11192/1/3
f 11194/1/3 11162/1/3 11131/1/3
f 11194/1/3 11163/1/3 11162/1/3
f 11195/1/3 11132/1/3 11163/1/3
f 11195/1/3 11163/1/3 11194/1/3
f 11196/1/3 11165/1/3 11164/1/3
f 11196/1/3 11164/1/3 11133/1/3
f 11197/1/3 11134/1/3 11165/1/3
f 11197/1/3 11165/1/3 11196/1/3
f 11198/1/3 11166/1/3 11135/1/3
f 11198/1/3 11167/1/3 11166/1/3
f 11199/1/3 11136/1/3 11167/1/3
f 11199/1/3 11167/1/3 11198/1/3
f 11200/1/3 11169/1/3 11168/1/3
f 11200/1/3 11168/1/3 11137/1/3
f 11201/1/3 11138/1/3 11169/1/3
f 11201/1/3 11169/1/3 11200/1/3
f 11202/1/3 11170/1/3 11139/1/3
f 11202/1/3 11171/1/3 11170/1/3
f 11203/1/3 11140/1/3 11171/1/3
f 11203/1/3 11171/1/3 11202/1/3
f 11204/1/3 11173/1/3 11172/1/3
f 11204/1/3 11172/1/3 11141/1/3
f 11205/1/3 11142/1/3 11173/1/3
f 11205/1/3 11173/1/3 11204/1/3
f 11206/1/3 11175/1/3 11174/1/3
f 11206/1/3 11174/1/3 11143/1/3
f 11207/1/3 11144/1/3 11175/1/3
f 11207/1/3 11175/1/3 11206/1/3
f 11208/1/3 11177/1/3 11176/1/3
f 11208/1/3 11176/1/3 11145/1/3
f 11209/1/3 11146/1/3 11177/1/3
f 11209/1/3 11177/1/3 11208/1/3
f 11210/1/3 11178/1/3 11147/1/3
f 11210/1/3 11179/1/3 11178/1/3
f 11211/1/3 11148/1/3 11179/1/3
f 11211/1/3 11179/1/3 11210/1/3
f 11212/1/3 11181/1/3 11180/1/3
f 11212/1/3 11180/1/3 11149/1/3
f 11213/1/3 11150/1/3 11181/1/3
f 11213/1/3 11181/1/3 11212/1/3
f 11214/1/3 11183/1/3 11182/1/3
f 11214/1/3 11182/1/3 11151/1/3
f 11215/1/3 11152/1/3 11183/1/3
f 11215/1/3 11183/1/3 11214/1/3
f 11216/1/3 11184/1/3 11153/1/3
f 11216/1/3 11185/1/3 11184/1/3
f 11217/1/3 9044/1/3 11185/1/3
f 11217/1/3 11185/1/3 11216/1/3
f 11219/1/3 11186/1/3 11123/1/3
f 11220/1/3 11124/1/3 11187/1/3
f 11220/2/3 11125/2/3 11124/2/3
f 11221/1/3 11188/1/3 11125/1/3
f 11221/2/3 11125/2/3 11220/2/3
f 11222/1/3 11126/1/3 11189/1/3
f 11222/2/3 11127/2/3 11126/2/3
f 11223/1/3 11190/1/3 11127/1/3
f 11223/2/3 11127/2/3 11222/2/3
f 11224/1/3 11128/1/3 11191/1/3
f 11225/1/3 11192/1/3 11129/1/3
f 11226/1/3 11130/1/3 11193/1/3
f 11227/1/3 11194/1/3 11131/1/3
f 11228/1/3 11132/1/3 11195/1/3
f 11229/1/3 11196/1/3 11133/1/3
f 11230/1/3 11134/1/3 11197/1/3
f 11231/1/3 11198/1/3 11135/1/3
f 11232/1/3 11136/1/3 11199/1/3
f 11233/1/3 11200/1/3 11137/1/3
f 11234/1/3 11138/1/3 11201/1/3
f 11235/1/3 11202/1/3 11139/1/3
f 11236/1/3 11140/1/3 11203/1/3
f 11237/1/3 11204/1/3 11141/1/3
f 11238/1/3 11142/1/3 11205/1/3
f 11238/2/3 11143/2/3 11142/2/3
f 11239/1/3 11206/1/3 11143/1/3
f 11239/2/3 11143/2/3 11238/2/3
f 11240/1/3 11144/1/3 11207/1/3
f 11241/1/3 11208/1/3 11145/1/3
f 11242/1/3 11146/1/3 11209/1/3
f 11243/1/3 11210/1/3 11147/1/3
f 11244/1/3 11148/1/3 11211/1/3
f 11245/1/3 11212/1/3 11149/1/3
f 11246/1/3 11150/1/3 11213/1/3
f 11246/4/3 11151/4/3 11150/4/3
f 11247/1/3 11214/1/3 11151/1/3
f 11247/4/3 11151/4/3 11246/4/3
f 11248/1/3 11152/1/3 11215/1/3
f 11248/2/3 11153/2/3 11152/2/3
f 11249/1/3 11216/1/3 11153/1/3
f 11249/2/3 11153/2/3 11248/2/3
f 11250/1/3 11219/1/3 11218/1/3
f 11251/1/3 11186/1/3 11219/1/3
f 11251/1/3 11219/1/3 11250/1/3
f 11252/1/3 11221/1/3 11220/1/3
f 11252/1/3 11220/1/3 11187/1/3
f 11253/1/3 11188/1/3 11221/1/3
f 11253/1/3 11221/1/3 11252/1/3
f 11254/1/3 11222/1/3 11189/1/3
f 11254/1/3 11223/1/3 11222/1/3
f 11255/1/3 11190/1/3 11223/1/3
f 11255/1/3 11223/1/3 11254/1/3
f 11256/1/3 11224/1/3 11191/1/3
f 11256/1/3 11225/1/3 11224/1/3
f 11257/1/3 11192/1/3 11225/1/3
f 11257/1/3 11225/1/3 11256/1/3
f 11258/1/3 11227/1/3 11226/1/3
f 11258/1/3 11226/1/3 11193/1/3
f 11259/1/3 11194/1/3 11227/1/3
f 11259/1/3 11227/1/3 11258/1/3
f 11260/1/3 11228/1/3 11195/1/3
f 11260/1/3 11229/1/3 11228/1/3
f 11261/1/3 11196/1/3 11229/1/3
f 11261/1/3 11229/1/3 11260/1/3
f 11262/1/3 11231/1/3 11230/1/3
f 11262/1/3 11230/1/3 11197/1/3
f 11263/1/3 11198/1/3 11231/1/3
f 11263/1/3 11231/1/3 11262/1/3
f 11264/1/3 11232/1/3 11199/1/3
f 11264/1/3 11233/1/3 11232/1/3
f 11265/1/3 11200/1/3 11233/1/3
f 11265/1/3 11233/1/3 11264/1/3
f 11266/1/3 11234/1/3 11201/1/3
f 11266/1/3 11235/1/3 11234/1/3
f 11267/1/3 11202/1/3 11235/1/3
f 11267/1/3 11235/1/3 11266/1/3
f 11268/1/3 11237/1/3 11236/1/3
f 11268/1/3 11236/1/3 11203/1/3
f 11269/1/3 11204/1/3 11237/1/3
f 11269/1/3 11237/1/3 11268/1/3
f 11270/1/3 11238/1/3 11205/1/3
f 11270/1/3 11239/1/3 11238/1/3
f 11271/1/3 11206/1/3 11239/1/3
f 11271/1/3 11239/1/3 11270/1/3
f 11272/1/3 11240/1/3 11207/1/3
f 11272/1/3 11241/1/3 11240/1/3
f 11273/1/3 11208/1/3 11241/1/3
f 11273/1/3 11241/1/3 11272/1/3
f 11274/1/3 11243/1/3 11242/1/3
f 11274/1/3 11242/1/3 11209/1/3
f 11275/1/3 11210/1/3 11243/1/3
f 11275/1/3 11243/1/3 11274/1/3
f 11276/1/3 11245/1/3 11244/1/3
f 11276/1/3 11244/1/3 11211/1/3
f 11277/1/3 11212/1/3 11245/1/3
f 11277/1/3 11245/1/3 11276/1/3
f 11278/1/3 11247/1/3 11246/1/3
f 11278/1/3 11246/1/3 11213/1/3
f 11279/1/3 11214/1/3 11247/1/3
f 11279/1/3 11247/1/3 11278/1/3
f 11280/1/3 11248/1/3 11215/1/3
f 11280/1/3 11249/1/3 11248/1/3
f 11281/1/3 11216/1/3 11249/1/3
f 11281/1/3 11249/1/3 11280/1/3
f 11282/1/3 11186/1/3 11251/1/3
f 11283/1/3 11252/1/3 11187/1/3
f 11284/1/3 11188/1/3 11253/1/3
f 11285/1/3 11254/1/3 11189/1/3
f 11286/1/3 11190/1/3 11255/1/3
f 11287/1/3 11256/1/3 11191/1/3
f 11288/1/3 11192/1/3 11257/1/3
f 11288/2/3 11193/2/3 11192/2/3
f 11289/1/3 11258/1/3 11193/1/3
f 11289/2/3 11193/2/3 11288/2/3
f 11290/1/3 11194/1/3 11259/1/3
f 11291/1/3 11260/1/3 11195/1/3
f 11292/1/3 11196/1/3 11261/1/3
f 11293/1/3 11262/1/3 11197/1/3
f 11294/1/3 11198/1/3 11263/1/3
f 11295/1/3 11264/1/3 11199/1/3
f 11296/1/3 11200/1/3 11265/1/3
f 11297/1/3 11266/1/3 11201/1/3
f 11298/1/3 11202/1/3 11267/1/3
f 11299/1/3 11268/1/3 11203/1/3
f 11300/1/3 11204/1/3 11269/1/3
f 11301/1/3 11270/1/3 11205/1/3
f 11302/1/3 11206/1/3 11271/1/3
f 11303/1/3 11272/1/3 11207/1/3
f 11304/1/3 11208/1/3 11273/1/3
f 11304/2/3 11209/2/3 11208/2/3
f 11305/1/3 11274/1/3 11209/1/3
f 11305/2/3 11209/2/3 11304/2/3
f 11306/1/3 11210/1/3 11275/1/3
f 11307/1/3 11276/1/3 11211/1/3
f 11308/1/3 11212/1/3 11277/1/3
f 11309/1/3 11278/1/3 11213/1/3
f 11310/1/3 11214/1/3 11279/1/3
f 11311/1/3 11280/1/3 11215/1/3
f 11312/1/3 11216/1/3 11281/1/3
f 11313/1/3 9044/1/3 11217/1/3
f 11314/1/3 11282/1/3 11251/1/3
f 11314/1/3 11283/1/3 11282/1/3
f 11315/1/3 11252/1/3 11283/1/3
f 11315/1/3 11283/1/3 11314/1/3
f 11316/1/3 11285/1/3 11284/1/3
f 11316/1/3 11284/1/3 11253/1/3
f 11317/1/3 11254/1/3 11285/1/3
f 11317/1/3 11285/1/3 11316/1/3
f 11318/1/3 11287/1/3 11286/1/3
f 11318/1/3 11286/1/3 11255/1/3
f 11319/1/3 11256/1/3 11287/1/3
f 11319/1/3 11287/1/3 11318/1/3
f 11320/1/3 11288/1/3 11257/1/3
f 11320/1/3 11289/1/3 11288/1/3
f 11321/1/3 11258/1/3 11289/1/3
f 11321/1/3 11289/1/3 11320/1/3
f 11322/1/3 11291/1/3 11290/1/3
f 11322/1/3 11290/1/3 11259/1/3
f 11323/1/3 11260/1/3 11291/1/3
f 11323/1/3 11291/1/3 11322/1/3
f 11324/1/3 11293/1/3 11292/1/3
f 11324/1/3 11292/1/3 11261/1/3
f 11325/1/3 11262/1/3 11293/1/3
f 11325/1/3 11293/1/3 11324/1/3
f 11326/1/3 11295/1/3 11294/1/3
f 11326/1/3 11294/1/3 11263/1/3
f 11327/1/3 11264/1/3 11295/1/3
f 11327/1/3 11295/1/3 11326/1/3
f 11328/1/3 11297/1/3 11296/1/3
f 11328/1/3 11296/1/3 11265/1/3
f 11329/1/3 11266/1/3 11297/1/3
f 11329/1/3 11297/1/3 11328/1/3
f 11330/1/3 11298/1/3 11267/1/3
f 11330/1/3 11299/1/3 11298/1/3
f 11331/1/3 11268/1/3 11299/1/3
f 11331/1/3 11299/1/3 11330/1/3
f 11332/1/3 11300/1/3 11269/1/3
f 11332/1/3 11301/1/3 11300/1/3
f 11333/1/3 11270/1/3 11301/1/3
f 11333/1/3 11301/1/3 11332/1/3
f 11334/1/3 11303/1/3 11302/1/3
f 11334/1/3 11302/1/3 11271/1/3
f 11335/1/3 11272/1/3 11303/1/3
f 11335/1/3 11303/1/3 11334/1/3
f 11336/1/3 11304/1/3 11273/1/3
f 11336/1/3 11305/1/3 11304/1/3
f 11337/1/3 11274/1/3 11305/1/3
f 11337/1/3 11305/1/3 11336/1/3
f 11338/1/3 11307/1/3 11306/1/3
f 11338/1/3 11306/1/3 11275/1/3
f 11339/1/3 11276/1/3 11307/1/3
f 11339/1/3 11307/1/3 11338/1/3
f 11340/1/3 11308/1/3 11277/1/3
f 11340/1/3 11309/1/3 11308/1/3
f 11341/1/3 11278/1/3 11309/1/3
f 11341/1/3 11309/1/3 11340/1/3
f 11342/1/3 11310/1/3 11279/1/3
f 11342/1/3 11311/1/3 11310/1/3
f 11343/1/3 11280/1/3 11311/1/3
f 11343/1/3 11311/1/3 11342/1/3
f 11344/1/3 11313/1/3 11312/1/3
f 11344/1/3 11312/1/3 11281/1/3
f 11345/1/3 9044/1/3 11313/1/3
f 11345/1/3 11313/1/3 11344/1/3
f 11346/1/3 11314/1/3 11251/1/3
f 11347/1/3 11314/1/3 11346/1/3
f 11348/1/3 11252/1/3 11315/1/3
f 11349/1/3 11252/1/3 11348/1/3
f 11350/1/3 11316/1/3 11253/1/3
f 11351/1/3 11316/1/3 11350/1/3
f 11352/1/3 11254/1/3 11317/1/3
f 11353/1/3 11254/1/3 11352/1/3
f 11354/1/3 11318/1/3 11255/1/3
f 11355/1/3 11318/1/3 11354/1/3
f 11356/1/3 11256/1/3 11319/1/3
f 11357/1/3 11256/1/3 11356/1/3
f 11358/1/3 11320/1/3 11257/1/3
f 11359/1/3 11320/1/3 11358/1/3
f 11360/1/3 11258/1/3 11321/1/3
f 11361/1/3 11258/1/3 11360/1/3
f 11362/1/3 11322/1/3 11259/1/3
f 11363/1/3 11322/1/3 11362/1/3
f 11364/1/3 11260/1/3 11323/1/3
f 11365/1/3 11260/1/3 11364/1/3
f 11366/1/3 11324/1/3 11261/1/3
f 11367/1/3 11324/1/3 11366/1/3
f 11368/1/3 11262/1/3 11325/1/3
f 11369/1/3 11262/1/3 11368/1/3
f 11370/1/3 11326/1/3 11263/1/3
f 11371/1/3 11326/1/3 11370/1/3
f 11372/1/3 11264/1/3 11327/1/3
f 11373/1/3 11264/1/3 11372/1/3
f 11374/1/3 11328/1/3 11265/1/3
f 11375/1/3 11328/1/3 11374/1/3
f 11376/1/3 11266/1/3 11329/1/3
f 11377/2/3 11267/2/3 11266/2/3
f 11377/1/3 11266/1/3 11376/1/3
f 11378/1/3 11330/1/3 11267/1/3
f 11378/2/3 11267/2/3 11377/2/3
f 11379/1/3 11330/1/3 11378/1/3
f 11380/1/3 11268/1/3 11331/1/3
f 11381/1/3 11268/1/3 11380/1/3
f 11382/1/3 11332/1/3 11269/1/3
f 11383/1/3 11332/1/3 11382/1/3
f 11384/1/3 11270/1/3 11333/1/3
f 11385/1/3 11270/1/3 11384/1/3
f 11386/1/3 11334/1/3 11271/1/3
f 11387/1/3 11334/1/3 11386/1/3
f 11388/1/3 11272/1/3 11335/1/3
f 11389/1/3 11272/1/3 11388/1/3
f 11390/1/3 11336/1/3 11273/1/3
f 11391/1/3 11336/1/3 11390/1/3
f 11392/1/3 11274/1/3 11337/1/3
f 11393/1/3 11274/1/3 11392/1/3
f 11394/1/3 11338/1/3 11275/1/3
f 11395/1/3 11338/1/3 11394/1/3
f 11396/1/3 11276/1/3 11339/1/3
f 11397/2/3 11277/2/3 11276/2/3
f 11397/1/3 11276/1/3 11396/1/3
f 11398/1/3 11340/1/3 11277/1/3
f 11398/2/3 11277/2/3 11397/2/3
f 11399/1/3 11340/1/3 11398/1/3
f 11400/1/3 11278/1/3 11341/1/3
f 11401/1/3 11278/1/3 11400/1/3
f 11402/1/3 11342/1/3 11279/1/3
f 11403/1/3 11342/1/3 11402/1/3
f 11404/1/3 11280/1/3 11343/1/3
f 11405/2/3 11281/2/3 11280/2/3
f 11405/1/3 11280/1/3 11404/1/3
f 11406/1/3 11344/1/3 11281/1/3
f 11406/2/3 11281/2/3 11405/2/3
f 11407/1/3 11344/1/3 11406/1/3
f 11408/1/3 9044/1/3 11345/1/3
f 11409/1/3 9044/1/3 11408/1/3
f 11412/2/3 11411/2/3 11410/2/3
f 11413/2/3 11411/2/3 11412/2/3
f 11416/2/3 11415/2/3 11414/2/3
f 11417/2/3 11415/2/3 11416/2/3
f 11420/2/3 11419/2/3 11418/2/3
f 11421/2/3 11419/2/3 11420/2/3
f 11424/3/3 11423/3/3 11422/3/3
f 11425/3/3 11423/3/3 11424/3/3
f 11426/1/4 11427/1/4 11460/1/4
f 11460/1/4 11427/1/4 11461/1/4
f 11428/1/4 11429/1/4 11462/1/4
f 11462/1/4 11429/1/4 11463/1/4
f 11430/1/4 11431/1/4 11464/1/4
f 11464/1/4 11431/1/4 11465/1/4
f 11432/1/4 11433/1/4 11466/1/4
f 11466/1/4 11433/1/4 11467/1/4
f 11434/1/4 11435/1/4 11468/1/4
f 11468/1/4 11435/1/4 11469/1/4
f 11436/1/4 11437/1/4 11470/1/4
f 11470/1/4 11437/1/4 11471/1/4
f 11438/1/4 11439/1/4 11472/1/4
f 11472/1/4 11439/1/4 11473/1/4
f 11440/1/4 11441/1/4 11474/1/4
f 11474/1/4 11441/1/4 11475/1/4
f 11442/1/4 11443/1/4 11476/1/4
f 11476/1/4 11443/1/4 11477/1/4
f 11444/1/4 11445/1/4 11478/1/4
f 11478/1/4 11445/1/4 11479/1/4
f 11446/1/4 11447/1/4 11480/1/4
f 11480/1/4 11447/1/4 11481/1/4
f 11448/1/4 11449/1/4 11482/1/4
f 11482/1/4 11449/1/4 11483/1/4
f 11450/1/4 11451/1/4 11484/1/4
f 11484/1/4 11451/1/4 11485/1/4
f 11452/1/4 11453/1/4 11486/1/4
f 11486/1/4 11453/1/4 11487/1/4
f 11454/1/4 11455/1/4 11488/1/4
f 11488/1/4 11455/1/4 11489/1/4
f 11456/1/4 11457/1/4 11490/1/4
f 11490/1/4 11457/1/4 11491/1/4
f 11461/1/4 11427/1/4 11492/1/4
f 11428/1/4 11462/1/4 11493/1/4
f 11463/1/4 11429/1/4 11494/1/4
f 11430/1/4 11464/1/4 11495/1/4
f 11465/1/4 11431/1/4 11496/1/4
f 11432/1/4 11466/1/4 11497/1/4
f 11467/1/4 11433/1/4 11498/1/4
f 11434/1/4 11468/1/4 11499/1/4
f 11469/1/4 11435/1/4 11500/1/4
f 11436/1/4 11470/1/4 11501/1/4
f 11471/1/4 11437/1/4 11502/1/4
f 11438/1/4 11472/1/4 11503/1/4
f 11473/1/4 11439/1/4 11504/1/4
f 11440/1/4 11474/1/4 11505/1/4
f 11475/1/4 11441/1/4 11506/1/4
f 11442/1/4 11476/1/4 11507/1/4
f 11477/1/4 11443/1/4 11508/1/4
f 11444/1/4 11478/1/4 11509/1/4
f 11479/1/4 11445/1/4 11510/1/4
f 11446/1/4 11480/1/4 11511/1/4
f 11481/1/4 11447/1/4 11512/1/4
f 11448/1/4 11482/1/4 11513/1/4
f 11483/1/4 11449/1/4 11514/1/4
f 11450/1/4 11484/1/4 11515/1/4
f 11485/1/4 11451/1/4 11516/1/4
f 11452/1/4 11486/1/4 11517/1/4
f 11487/1/4 11453/1/4 11518/1/4
f 11454/1/4 11488/1/4 11519/1/4
f 11489/1/4 11455/1/4 11520/1/4
f 11456/1/4 11490/1/4 11521/1/4
f 11491/1/4 11457/1/4 11522/1/4
f 11458/1/4 11459/1/4 11523/1/4
f 11492/1/4 11493/1/4 11524/1/4
f 11461/1/4 11492/1/4 11524/1/4
f 11493/1/4 11462/1/4 11525/1/4
f 11524/1/4 11493/1/4 11525/1/4
f 11494/1/4 11495/1/4 11526/1/4
f 11463/1/4 11494/1/4 11526/1/4
f 11495/1/4 11464/1/4 11527/1/4
f 11526/1/4 11495/1/4 11527/1/4
f 11496/1/4 11497/1/4 11528/1/4
f 11465/1/4 11496/1/4 11528/1/4
f 11497/1/4 11466/1/4 11529/1/4
f 11528/1/4 11497/1/4 11529/1/4
f 11498/1/4 11499/1/4 11530/1/4
f 11467/1/4 11498/1/4 11530/1/4
f 11499/1/4 11468/1/4 11531/1/4
f 11530/1/4 11499/1/4 11531/1/4
f 11500/1/4 11501/1/4 11532/1/4
f 11469/1/4 11500/1/4 11532/1/4
f 11501/1/4 11470/1/4 11533/1/4
f 11532/1/4 11501/1/4 11533/1/4
f 11502/1/4 11503/1/4 11534/1/4
f 11471/1/4 11502/1/4 11534/1/4
f 11503/1/4 11472/1/4 11535/1/4
f 11534/1/4 11503/1/4 11535/1/4
f 11504/1/4 11505/1/4 11536/1/4
f 11473/1/4 11504/1/4 11536/1/4
f 11505/1/4 11474/1/4 11537/1/4
f 11536/1/4 11505/1/4 11537/1/4
f 11506/1/4 11507/1/4 11538/1/4
f 11475/1/4 11506/1/4 11538/1/4
f 11507/1/4 11476/1/4 11539/1/4
f 11538/1/4 11507/1/4 11539/1/4
f 11508/1/4 11509/1/4 11540/1/4
f 11477/1/4 11508/1/4 11540/1/4
f 11509/1/4 11478/1/4 11541/1/4
f 11540/1/4 11509/1/4 11541/1/4
f 11510/1/4 11511/1/4 11542/1/4
f 11479/1/4 11510/1/4 11542/1/4
f 11511/1/4 11480/1/4 11543/1/4
f 11542/1/4 11511/1/4 11543/1/4
f 11512/1/4 11513/1/4 11544/1/4
f 11481/1/4 11512/1/4 11544/1/4
f 11513/1/4 11482/1/4 11545/1/4
f 11544/1/4 11513/1/4 11545/1/4
f 11514/1/4 11515/1/4 11546/1/4
f 11483/1/4 11514/1/4 11546/1/4
f 11515/1/4 11484/1/4 11547/1/4
f 11546/1/4 11515/1/4 11547/1/4
f 11516/1/4 11517/1/4 11548/1/4
f 11485/1/4 11516/1/4 11548/1/4
f 11517/1/4 11486/1/4 11549/1/4
f 11548/1/4 11517/1/4 11549/1/4
f 11518/1/4 11519/1/4 11550/1/4
f 11487/1/4 11518/1/4 11550/1/4
f 11519/1/4 11488/1/4 11551/1/4
f 11550/1/4 11519/1/4 11551/1/4
f 11520/1/4 11521/1/4 11552/1/4
f 11489/1/4 11520/1/4 11552/1/4
f 11521/1/4 11490/1/4 11553/1/4
f 11552/1/4 11521/1/4 11553/1/4
f 11491/1/4 11522/1/4 11554/1/4
f 11522/1/4 11523/1/4 11554/1/4
f 11523/1/4 11459/1/4 11555/1/4
f 11554/1/4 11523/1/4 11555/1/4
f 11463/1/4 11526/1/4 11557/1/4
f 11461/1/4 11524/1/4 11559/1/4
f 11525/1/4 11462/1/4 11560/1/4
f 11556/2/4 11557/2/4 11561/2/4
f 11557/1/4 11526/1/4 11562/1/4
f 11561/2/4 11557/2/4 11562/2/4
f 11527/1/4 11464/1/4 11563/1/4
f 11465/1/4 11528/1/4 11564/1/4
f 11529/1/4 11466/1/4 11565/1/4
f 11467/1/4 11530/1/4 11566/1/4
f 11531/1/4 11468/1/4 11567/1/4
f 11469/1/4 11532/1/4 11568/1/4
f 11533/1/4 11470/1/4 11569/1/4
f 11471/1/4 11534/1/4 11570/1/4
f 11535/1/4 11472/1/4 11571/1/4
f 11473/1/4 11536/1/4 11572/1/4
f 11537/1/4 11474/1/4 11573/1/4
f 11475/1/4 11538/1/4 11574/1/4
f 11539/1/4 11476/1/4 11575/1/4
f 11477/1/4 11540/1/4 11576/1/4
f 11541/1/4 11478/1/4 11577/1/4
f 11479/1/4 11542/1/4 11578/1/4
f 11543/1/4 11480/1/4 11579/1/4
f 11481/1/4 11544/1/4 11580/1/4
f 11545/1/4 11482/1/4 11581/1/4
f 11483/1/4 11546/1/4 11582/1/4
f 11547/1/4 11484/1/4 11583/1/4
f 11485/1/4 11548/1/4 11584/1/4
f 11549/1/4 11486/1/4 11585/1/4
f 11486/3/4 11487/3/4 11585/3/4
f 11487/1/4 11550/1/4 11586/1/4
f 11585/3/4 11487/3/4 11586/3/4
f 11551/1/4 11488/1/4 11587/1/4
f 11489/1/4 11552/1/4 11588/1/4
f 11553/1/4 11490/1/4 11589/1/4
f 11491/1/4 11554/1/4 11590/1/4
f 11558/1/4 11559/1/4 11591/1/4
f 11559/1/4 11524/1/4 11592/1/4
f 11591/1/4 11559/1/4 11592/1/4
f 11525/1/4 11560/1/4 11593/1/4
f 11560/1/4 11561/1/4 11593/1/4
f 11561/1/4 11562/1/4 11593/1/4
f 11562/1/4 11526/1/4 11594/1/4
f 11593/1/4 11562/1/4 11594/1/4
f 11563/1/4 11564/1/4 11595/1/4
f 11527/1/4 11563/1/4 11595/1/4
f 11564/1/4 11528/1/4 11596/1/4
f 11595/1/4 11564/1/4 11596/1/4
f 11565/1/4 11566/1/4 11597/1/4
f 11529/1/4 11565/1/4 11597/1/4
f 11566/1/4 11530/1/4 11598/1/4
f 11597/1/4 11566/1/4 11598/1/4
f 11567/1/4 11568/1/4 11599/1/4
f 11531/1/4 11567/1/4 11599/1/4
f 11568/1/4 11532/1/4 11600/1/4
f 11599/1/4 11568/1/4 11600/1/4
f 11569/1/4 11570/1/4 11601/1/4
f 11533/1/4 11569/1/4 11601/1/4
f 11570/1/4 11534/1/4 11602/1/4
f 11601/1/4 11570/1/4 11602/1/4
f 11571/1/4 11572/1/4 11603/1/4
f 11535/1/4 11571/1/4 11603/1/4
f 11572/1/4 11536/1/4 11604/1/4
f 11603/1/4 11572/1/4 11604/1/4
f 11573/1/4 11574/1/4 11605/1/4
f 11537/1/4 11573/1/4 11605/1/4
f 11574/1/4 11538/1/4 11606/1/4
f 11605/1/4 11574/1/4 11606/1/4
f 11575/1/4 11576/1/4 11607/1/4
f 11539/1/4 11575/1/4 11607/1/4
f 11576/1/4 11540/1/4 11608/1/4
f 11607/1/4 11576/1/4 11608/1/4
f 11577/1/4 11578/1/4 11609/1/4
f 11541/1/4 11577/1/4 11609/1/4
f 11578/1/4 11542/1/4 11610/1/4
f 11609/1/4 11578/1/4 11610/1/4
f 11579/1/4 11580/1/4 11611/1/4
f 11543/1/4 11579/1/4 11611/1/4
f 11580/1/4 11544/1/4 11612/1/4
f 11611/1/4 11580/1/4 11612/1/4
f 11581/1/4 11582/1/4 11613/1/4
f 11545/1/4 11581/1/4 11613/1/4
f 11582/1/4 11546/1/4 11614/1/4
f 11613/1/4 11582/1/4 11614/1/4
f 11583/1/4 11584/1/4 11615/1/4
f 11547/1/4 11583/1/4 11615/1/4
f 11615/1/4 11584/1/4 11616/1/4
f 11584/1/4 11548/1/4 11617/1/4
f 11616/1/4 11584/1/4 11617/1/4
f 11549/1/4 11585/1/4 11618/1/4
f 11585/1/4 11586/1/4 11618/1/4
f 11586/1/4 11550/1/4 11619/1/4
f 11618/1/4 11586/1/4 11619/1/4
f 11587/1/4 11588/1/4 11620/1/4
f 11551/1/4 11587/1/4 11620/1/4
f 11588/1/4 11552/1/4 11621/1/4
f 11620/1/4 11588/1/4 11621/1/4
f 11589/1/4 11590/1/4 11622/1/4
f 11553/1/4 11589/1/4 11622/1/4
f 11590/1/4 11554/1/4 11623/1/4
f 11622/1/4 11590/1/4 11623/1/4
f 11594/1/4 11526/1/4 11624/1/4
f 11527/1/4 11595/1/4 11625/1/4
f 11618/2/4 11619/2/4 11626/2/4
f 11619/1/4 11550/1/4 11627/1/4
f 11626/2/4 11619/2/4 11627/2/4
f 11592/1/4 11524/1/4 11628/1/4
f 11525/1/4 11593/1/4 11629/1/4
f 11624/2/4 11625/2/4 11630/2/4
f 11594/1/4 11624/1/4 11630/1/4
f 11625/1/4 11595/1/4 11631/1/4
f 11630/2/4 11625/2/4 11631/2/4
f 11596/1/4 11528/1/4 11632/1/4
f 11529/1/4 11597/1/4 11633/1/4
f 11598/1/4 11530/1/4 11634/1/4
f 11531/1/4 11599/1/4 11635/1/4
f 11600/1/4 11532/1/4 11636/1/4
f 11533/1/4 11601/1/4 11637/1/4
f 11602/1/4 11534/1/4 11638/1/4
f 11535/1/4 11603/1/4 11639/1/4
f 11604/1/4 11536/1/4 11640/1/4
f 11537/1/4 11605/1/4 11641/1/4
f 11606/1/4 11538/1/4 11642/1/4
f 11539/1/4 11607/1/4 11643/1/4
f 11608/1/4 11540/1/4 11644/1/4
f 11541/1/4 11609/1/4 11645/1/4
f 11610/1/4 11542/1/4 11646/1/4
f 11543/1/4 11611/1/4 11647/1/4
f 11612/1/4 11544/1/4 11648/1/4
f 11544/2/4 11545/2/4 11648/2/4
f 11545/1/4 11613/1/4 11649/1/4
f 11648/2/4 11545/2/4 11649/2/4
f 11614/1/4 11546/1/4 11650/1/4
f 11547/1/4 11615/1/4 11651/1/4
f 11616/2/4 11617/2/4 11652/2/4
f 11617/1/4 11548/1/4 11653/1/4
f 11652/2/4 11617/2/4 11653/2/4
f 11548/2/4 11549/2/4 11654/2/4
f 11653/1/4 11548/1/4 11654/1/4
f 11549/1/4 11618/1/4 11655/1/4
f 11654/2/4 11549/2/4 11655/2/4
f 11618/2/4 11626/2/4 11656/2/4
f 11655/1/4 11618/1/4 11656/1/4
f 11656/2/4 11626/2/4 11657/2/4
f 11550/2/4 11551/2/4 11658/2/4
f 11627/1/4 11550/1/4 11658/1/4
f 11551/1/4 11620/1/4 11659/1/4
f 11658/2/4 11551/2/4 11659/2/4
f 11621/1/4 11552/1/4 11660/1/4
f 11553/1/4 11622/1/4 11661/1/4
f 11623/1/4 11554/1/4 11662/1/4
f 11555/1/4 11459/1/4 11663/1/4
f 11592/1/4 11628/1/4 11664/1/4
f 11628/1/4 11629/1/4 11664/1/4
f 11629/1/4 11593/1/4 11665/1/4
f 11664/1/4 11629/1/4 11665/1/4
f 11594/1/4 11630/1/4 11666/1/4
f 11630/1/4 11631/1/4 11666/1/4
f 11631/1/4 11595/1/4 11667/1/4
f 11666/1/4 11631/1/4 11667/1/4
f 11632/1/4 11633/1/4 11668/1/4
f 11596/1/4 11632/1/4 11668/1/4
f 11633/1/4 11597/1/4 11669/1/4
f 11668/1/4 11633/1/4 11669/1/4
f 11634/1/4 11635/1/4 11670/1/4
f 11598/1/4 11634/1/4 11670/1/4
f 11635/1/4 11599/1/4 11671/1/4
f 11670/1/4 11635/1/4 11671/1/4
f 11636/1/4 11637/1/4 11672/1/4
f 11600/1/4 11636/1/4 11672/1/4
f 11637/1/4 11601/1/4 11673/1/4
f 11672/1/4 11637/1/4 11673/1/4
f 11638/1/4 11639/1/4 11674/1/4
f 11602/1/4 11638/1/4 11674/1/4
f 11639/1/4 11603/1/4 11675/1/4
f 11674/1/4 11639/1/4 11675/1/4
f 11640/1/4 11641/1/4 11676/1/4
f 11604/1/4 11640/1/4 11676/1/4
f 11641/1/4 11605/1/4 11677/1/4
f 11676/1/4 11641/1/4 11677/1/4
f 11642/1/4 11643/1/4 11678/1/4
f 11606/1/4 11642/1/4 11678/1/4
f 11643/1/4 11607/1/4 11679/1/4
f 11678/1/4 11643/1/4 11679/1/4
f 11644/1/4 11645/1/4 11680/1/4
f 11608/1/4 11644/1/4 11680/1/4
f 11645/1/4 11609/1/4 11681/1/4
f 11680/1/4 11645/1/4 11681/1/4
f 11646/1/4 11647/1/4 11682/1/4
f 11610/1/4 11646/1/4 11682/1/4
f 11647/1/4 11611/1/4 11683/1/4
f 11682/1/4 11647/1/4 11683/1/4
f 11612/1/4 11648/1/4 11684/1/4
f 11648/1/4 11649/1/4 11684/1/4
f 11649/1/4 11613/1/4 11685/1/4
f 11684/1/4 11649/1/4 11685/1/4
f 11614/1/4 11650/1/4 11686/1/4
f 11650/1/4 11651/1/4 11686/1/4
f 11651/1/4 11615/1/4 11687/1/4
f 11686/1/4 11651/1/4 11687/1/4
f 11654/1/4 11655/1/4 11688/1/4
f 11653/1/4 11654/1/4 11688/1/4
f 11655/1/4 11656/1/4 11688/1/4
f 11688/1/4 11656/1/4 11689/1/4
f 11689/1/4 11656/1/4 11690/1/4
f 11627/1/4 11658/1/4 11691/1/4
f 11658/1/4 11659/1/4 11691/1/4
f 11659/1/4 11620/1/4 11692/1/4
f 11691/1/4 11659/1/4 11692/1/4
f 11660/1/4 11661/1/4 11693/1/4
f 11621/1/4 11660/1/4 11693/1/4
f 11661/1/4 11622/1/4 11694/1/4
f 11693/1/4 11661/1/4 11694/1/4
f 11623/1/4 11662/1/4 11695/1/4
f 11662/1/4 11663/1/4 11695/1/4
f 11695/1/4 11663/1/4 11696/1/4
f 11663/1/4 11459/1/4 11697/1/4
f 11696/1/4 11663/1/4 11697/1/4
f 11667/1/4 11595/1/4 11698/1/4
f 11689/2/4 11690/2/4 11700/2/4
f 11690/1/4 11656/1/4 11701/1/4
f 11700/2/4 11690/2/4 11701/2/4
f 11592/1/4 11664/1/4 11703/1/4
f 11593/2/4 11594/2/4 11704/2/4
f 11665/1/4 11593/1/4 11704/1/4
f 11594/1/4 11666/1/4 11705/1/4
f 11704/2/4 11594/2/4 11705/2/4
f 11698/2/4 11699/2/4 11706/2/4
f 11667/1/4 11698/1/4 11706/1/4
f 11706/2/4 11699/2/4 11707/2/4
f 11596/1/4 11668/1/4 11708/1/4
f 11669/1/4 11597/1/4 11709/1/4
f 11598/1/4 11670/1/4 11710/1/4
f 11671/1/4 11599/1/4 11711/1/4
f 11599/4/4 11600/4/4 11711/4/4
f 11600/1/4 11672/1/4 11712/1/4
f 11711/4/4 11600/4/4 11712/4/4
f 11673/1/4 11601/1/4 11713/1/4
f 11601/2/4 11602/2/4 11713/2/4
f 11602/1/4 11674/1/4 11714/1/4
f 11713/2/4 11602/2/4 11714/2/4
f 11675/1/4 11603/1/4 11715/1/4
f 11604/1/4 11676/1/4 11716/1/4
f 11677/1/4 11605/1/4 11717/1/4
f 11606/1/4 11678/1/4 11718/1/4
f 11679/1/4 11607/1/4 11719/1/4
f 11607/2/4 11608/2/4 11719/2/4
f 11608/1/4 11680/1/4 11720/1/4
f 11719/2/4 11608/2/4 11720/2/4
f 11681/1/4 11609/1/4 11721/1/4
f 11610/1/4 11682/1/4 11722/1/4
f 11683/1/4 11611/1/4 11723/1/4
f 11612/1/4 11684/1/4 11724/1/4
f 11685/1/4 11613/1/4 11725/1/4
f 11614/1/4 11686/1/4 11726/1/4
f 11687/1/4 11615/1/4 11727/1/4
f 11653/1/4 11688/1/4 11728/1/4
f 11701/1/4 11656/1/4 11729/1/4
f 11627/1/4 11691/1/4 11730/1/4
f 11692/1/4 11620/1/4 11731/1/4
f 11621/1/4 11693/1/4 11732/1/4
f 11694/1/4 11622/1/4 11733/1/4
f 11622/2/4 11623/2/4 11733/2/4
f 11623/1/4 11695/1/4 11734/1/4
f 11733/2/4 11623/2/4 11734/2/4
f 11695/2/4 11696/2/4 11735/2/4
f 11734/1/4 11695/1/4 11735/1/4
f 11735/2/4 11696/2/4 11736/2/4
f 11702/1/4 11703/1/4 11737/1/4
f 11703/1/4 11664/1/4 11738/1/4
f 11737/1/4 11703/1/4 11738/1/4
f 11665/1/4 11704/1/4 11739/1/4
f 11704/1/4 11705/1/4 11739/1/4
f 11705/1/4 11666/1/4 11740/1/4
f 11739/1/4 11705/1/4 11740/1/4
f 11707/1/4 11708/1/4 11741/1/4
f 11706/1/4 11707/1/4 11741/1/4
f 11667/1/4 11706/1/4 11741/1/4
f 11741/1/4 11708/1/4 11742/1/4
f 11708/1/4 11668/1/4 11743/1/4
f 11742/1/4 11708/1/4 11743/1/4
f 11709/1/4 11710/1/4 11744/1/4
f 11669/1/4 11709/1/4 11744/1/4
f 11710/1/4 11670/1/4 11745/1/4
f 11744/1/4 11710/1/4 11745/1/4
f 11711/1/4 11712/1/4 11746/1/4
f 11671/1/4 11711/1/4 11746/1/4
f 11712/1/4 11672/1/4 11747/1/4
f 11746/1/4 11712/1/4 11747/1/4
f 11673/1/4 11713/1/4 11748/1/4
f 11713/1/4 11714/1/4 11748/1/4
f 11714/1/4 11674/1/4 11749/1/4
f 11748/1/4 11714/1/4 11749/1/4
f 11715/1/4 11716/1/4 11750/1/4
f 11675/1/4 11715/1/4 11750/1/4
f 11716/1/4 11676/1/4 11751/1/4
f 11750/1/4 11716/1/4 11751/1/4
f 11717/1/4 11718/1/4 11752/1/4
f 11677/1/4 11717/1/4 11752/1/4
f 11718/1/4 11678/1/4 11753/1/4
f 11752/1/4 11718/1/4 11753/1/4
f 11679/1/4 11719/1/4 11754/1/4
f 11719/1/4 11720/1/4 11754/1/4
f 11720/1/4 11680/1/4 11755/1/4
f 11754/1/4 11720/1/4 11755/1/4
f 11681/1/4 11721/1/4 11756/1/4
f 11721/1/4 11722/1/4 11756/1/4
f 11722/1/4 11682/1/4 11757/1/4
f 11756/1/4 11722/1/4 11757/1/4
f 11683/1/4 11723/1/4 11758/1/4
f 11723/1/4 11724/1/4 11758/1/4
f 11724/1/4 11684/1/4 11759/1/4
f 11758/1/4 11724/1/4 11759/1/4
f 11725/1/4 11726/1/4 11760/1/4
f 11685/1/4 11725/1/4 11760/1/4
f 11726/1/4 11686/1/4 11761/1/4
f 11760/1/4 11726/1/4 11761/1/4
f 11687/1/4 11727/1/4 11762/1/4
f 11727/1/4 11728/1/4 11762/1/4
f 11728/1/4 11688/1/4 11763/1/4
f 11762/1/4 11728/1/4 11763/1/4
f 11701/1/4 11729/1/4 11764/1/4
f 11729/1/4 11730/1/4 11764/1/4
f 11730/1/4 11691/1/4 11765/1/4
f 11764/1/4 11730/1/4 11765/1/4
f 11731/1/4 11732/1/4 11766/1/4
f 11692/1/4 11731/1/4 11766/1/4
f 11732/1/4 11693/1/4 11767/1/4
f 11766/1/4 11732/1/4 11767/1/4
f 11694/1/4 11733/1/4 11768/1/4
f 11733/1/4 11734/1/4 11768/1/4
f 11734/1/4 11735/1/4 11768/1/4
f 11768/1/4 11735/1/4 11769/1/4
f 11665/1/4 11739/1/4 11770/1/4
f 11739/3/4 11740/3/4 11770/3/4
f 11740/1/4 11666/1/4 11771/1/4
f 11770/3/4 11740/3/4 11771/3/4
f 11738/1/4 11664/1/4 11772/1/4
f 11665/1/4 11770/1/4 11773/1/4
f 11771/1/4 11666/1/4 11774/1/4
f 11666/2/4 11667/2/4 11774/2/4
f 11667/1/4 11741/1/4 11775/1/4
f 11774/2/4 11667/2/4 11775/2/4
f 11743/1/4 11668/1/4 11776/1/4
f 11669/1/4 11744/1/4 11777/1/4
f 11745/1/4 11670/1/4 11778/1/4
f 11671/1/4 11746/1/4 11779/1/4
f 11747/1/4 11672/1/4 11780/1/4
f 11673/1/4 11748/1/4 11781/1/4
f 11749/1/4 11674/1/4 11782/1/4
f 11675/1/4 11750/1/4 11783/1/4
f 11751/1/4 11676/1/4 11784/1/4
f 11677/1/4 11752/1/4 11785/1/4
f 11753/1/4 11678/1/4 11786/1/4
f 11679/1/4 11754/1/4 11787/1/4
f 11755/1/4 11680/1/4 11788/1/4
f 11681/1/4 11756/1/4 11789/1/4
f 11757/1/4 11682/1/4 11790/1/4
f 11682/3/4 11683/3/4 11790/3/4
f 11683/1/4 11758/1/4 11791/1/4
f 11790/3/4 11683/3/4 11791/3/4
f 11759/1/4 11684/1/4 11792/1/4
f 11685/1/4 11760/1/4 11793/1/4
f 11686/2/4 11687/2/4 11794/2/4
f 11761/1/4 11686/1/4 11794/1/4
f 11687/1/4 11762/1/4 11795/1/4
f 11794/2/4 11687/2/4 11795/2/4
f 11763/1/4 11688/1/4 11796/1/4
f 11701/1/4 11764/1/4 11797/1/4
f 11765/1/4 11691/1/4 11798/1/4
f 11692/1/4 11766/1/4 11799/1/4
f 11767/1/4 11693/1/4 11800/1/4
f 11694/1/4 11768/1/4 11801/1/4
f 11769/1/4 11735/1/4 11802/1/4
f 11697/1/4 11459/1/4 11803/1/4
f 11772/1/4 11773/1/4 11804/1/4
f 11738/1/4 11772/1/4 11804/1/4
f 11773/1/4 11770/1/4 11805/1/4
f 11804/1/4 11773/1/4 11805/1/4
f 11771/1/4 11774/1/4 11806/1/4
f 11774/1/4 11775/1/4 11806/1/4
f 11806/1/4 11775/1/4 11807/1/4
f 11775/1/4 11741/1/4 11808/1/4
f 11807/1/4 11775/1/4 11808/1/4
f 11741/4/4 11742/4/4 11809/4/4
f 11808/1/4 11741/1/4 11809/1/4
f 11809/4/4 11742/4/4 11810/4/4
f 11743/1/4 11776/1/4 11811/1/4
f 11776/1/4 11777/1/4 11811/1/4
f 11777/1/4 11744/1/4 11812/1/4
f 11811/1/4 11777/1/4 11812/1/4
f 11745/1/4 11778/1/4 11813/1/4
f 11778/1/4 11779/1/4 11813/1/4
f 11779/1/4 11746/1/4 11814/1/4
f 11813/1/4 11779/1/4 11814/1/4
f 11747/1/4 11780/1/4 11815/1/4
f 11780/1/4 11781/1/4 11815/1/4
f 11781/1/4 11748/1/4 11816/1/4
f 11815/1/4 11781/1/4 11816/1/4
f 11782/1/4 11783/1/4 11817/1/4
f 11749/1/4 11782/1/4 11817/1/4
f 11783/1/4 11750/1/4 11818/1/4
f 11817/1/4 11783/1/4 11818/1/4
f 11751/1/4 11784/1/4 11819/1/4
f 11784/1/4 11785/1/4 11819/1/4
f 11785/1/4 11752/1/4 11820/1/4
f 11819/1/4 11785/1/4 11820/1/4
f 11753/1/4 11786/1/4 11821/1/4
f 11786/1/4 11787/1/4 11821/1/4
f 11787/1/4 11754/1/4 11822/1/4
f 11821/1/4 11787/1/4 11822/1/4
f 11788/1/4 11789/1/4 11823/1/4
f 11755/1/4 11788/1/4 11823/1/4
f 11789/1/4 11756/1/4 11824/1/4
f 11823/1/4 11789/1/4 11824/1/4
f 11757/1/4 11790/1/4 11825/1/4
f 11790/1/4 11791/1/4 11825/1/4
f 11791/1/4 11758/1/4 11826/1/4
f 11825/1/4 11791/1/4 11826/1/4
f 11792/1/4 11793/1/4 11827/1/4
f 11759/1/4 11792/1/4 11827/1/4
f 11793/1/4 11760/1/4 11828/1/4
f 11827/1/4 11793/1/4 11828/1/4
f 11761/1/4 11794/1/4 11829/1/4
f 11794/1/4 11795/1/4 11829/1/4
f 11795/1/4 11762/1/4 11830/1/4
f 11829/1/4 11795/1/4 11830/1/4
f 11796/1/4 11797/1/4 11831/1/4
f 11763/1/4 11796/1/4 11831/1/4
f 11797/1/4 11764/1/4 11832/1/4
f 11831/1/4 11797/1/4 11832/1/4
f 11798/1/4 11799/1/4 11833/1/4
f 11765/1/4 11798/1/4 11833/1/4
f 11799/1/4 11766/1/4 11834/1/4
f 11833/1/4 11799/1/4 11834/1/4
f 11800/1/4 11801/1/4 11835/1/4
f 11767/1/4 11800/1/4 11835/1/4
f 11801/1/4 11768/1/4 11836/1/4
f 11835/1/4 11801/1/4 11836/1/4
f 11769/1/4 11802/1/4 11837/1/4
f 11802/1/4 11803/1/4 11837/1/4
f 11803/1/4 11459/1/4 11838/1/4
f 11837/1/4 11803/1/4 11838/1/4
f 11807/2/4 11808/2/4 11839/2/4
f 11808/1/4 11809/1/4 11840/1/4
f 11839/2/4 11808/2/4 11840/2/4
f 11824/1/4 11756/1/4 11841/1/4
f 11757/1/4 11825/1/4 11842/1/4
f 11834/1/4 11766/1/4 11843/1/4
f 11737/2/4 11738/2/4 11845/2/4
f 11738/1/4 11804/1/4 11846/1/4
f 11845/2/4 11738/2/4 11846/2/4
f 11805/1/4 11770/1/4 11847/1/4
f 11771/1/4 11806/1/4 11848/1/4
f 11840/1/4 11809/1/4 11849/1/4
f 11743/1/4 11811/1/4 11850/1/4
f 11812/1/4 11744/1/4 11851/1/4
f 11745/1/4 11813/1/4 11852/1/4
f 11814/1/4 11746/1/4 11853/1/4
f 11747/1/4 11815/1/4 11854/1/4
f 11816/1/4 11748/1/4 11855/1/4
f 11749/1/4 11817/1/4 11856/1/4
f 11818/1/4 11750/1/4 11857/1/4
f 11751/1/4 11819/1/4 11858/1/4
f 11820/1/4 11752/1/4 11859/1/4
f 11753/1/4 11821/1/4 11860/1/4
f 11822/1/4 11754/1/4 11861/1/4
f 11755/1/4 11823/1/4 11862/1/4
f 11824/1/4 11841/1/4 11863/1/4
f 11841/2/4 11842/2/4 11863/2/4
f 11842/1/4 11825/1/4 11864/1/4
f 11863/2/4 11842/2/4 11864/2/4
f 11826/1/4 11758/1/4 11865/1/4
f 11759/1/4 11827/1/4 11866/1/4
f 11828/1/4 11760/1/4 11867/1/4
f 11761/1/4 11829/1/4 11868/1/4
f 11830/1/4 11762/1/4 11869/1/4
f 11763/1/4 11831/1/4 11870/1/4
f 11832/1/4 11764/1/4 11871/1/4
f 11765/1/4 11833/1/4 11872/1/4
f 11843/2/4 11844/2/4 11873/2/4
f 11834/1/4 11843/1/4 11873/1/4
f 11873/2/4 11844/2/4 11874/2/4
f 11767/1/4 11835/1/4 11875/1/4
f 11836/1/4 11768/1/4 11876/1/4
f 11769/1/4 11837/1/4 11877/1/4
f 11845/1/4 11846/1/4 11878/1/4
f 11846/1/4 11804/1/4 11879/1/4
f 11878/1/4 11846/1/4 11879/1/4
f 11805/1/4 11847/1/4 11880/1/4
f 11847/1/4 11848/1/4 11880/1/4
f 11848/1/4 11806/1/4 11881/1/4
f 11880/1/4 11848/1/4 11881/1/4
f 11849/1/4 11850/1/4 11882/1/4
f 11840/1/4 11849/1/4 11882/1/4
f 11850/1/4 11811/1/4 11883/1/4
f 11882/1/4 11850/1/4 11883/1/4
f 11851/1/4 11852/1/4 11884/1/4
f 11812/1/4 11851/1/4 11884/1/4
f 11852/1/4 11813/1/4 11885/1/4
f 11884/1/4 11852/1/4 11885/1/4
f 11853/1/4 11854/1/4 11886/1/4
f 11814/1/4 11853/1/4 11886/1/4
f 11854/1/4 11815/1/4 11887/1/4
f 11886/1/4 11854/1/4 11887/1/4
f 11855/1/4 11856/1/4 11888/1/4
f 11816/1/4 11855/1/4 11888/1/4
f 11856/1/4 11817/1/4 11889/1/4
f 11888/1/4 11856/1/4 11889/1/4
f 11857/1/4 11858/1/4 11890/1/4
f 11818/1/4 11857/1/4 11890/1/4
f 11858/1/4 11819/1/4 11891/1/4
f 11890/1/4 11858/1/4 11891/1/4
f 11859/1/4 11860/1/4 11892/1/4
f 11820/1/4 11859/1/4 11892/1/4
f 11860/1/4 11821/1/4 11893/1/4
f 11892/1/4 11860/1/4 11893/1/4
f 11861/1/4 11862/1/4 11894/1/4
f 11822/1/4 11861/1/4 11894/1/4
f 11862/1/4 11823/1/4 11895/1/4
f 11894/1/4 11862/1/4 11895/1/4
f 11824/1/4 11863/1/4 11896/1/4
f 11863/1/4 11864/1/4 11896/1/4
f 11864/1/4 11825/1/4 11897/1/4
f 11896/1/4 11864/1/4 11897/1/4
f 11897/1/4 11825/1/4 11898/1/4
f 11826/1/4 11865/1/4 11900/1/4
f 11865/1/4 11866/1/4 11900/1/4
f 11866/1/4 11827/1/4 11901/1/4
f 11900/1/4 11866/1/4 11901/1/4
f 11867/1/4 11868/1/4 11902/1/4
f 11828/1/4 11867/1/4 11902/1/4
f 11868/1/4 11829/1/4 11903/1/4
f 11902/1/4 11868/1/4 11903/1/4
f 11869/1/4 11870/1/4 11904/1/4
f 11830/1/4 11869/1/4 11904/1/4
f 11870/1/4 11831/1/4 11905/1/4
f 11904/1/4 11870/1/4 11905/1/4
f 11832/1/4 11871/1/4 11906/1/4
f 11871/1/4 11872/1/4 11906/1/4
f 11872/1/4 11833/1/4 11907/1/4
f 11906/1/4 11872/1/4 11907/1/4
f 11874/1/4 11875/1/4 11908/1/4
f 11873/1/4 11874/1/4 11908/1/4
f 11834/1/4 11873/1/4 11908/1/4
f 11875/1/4 11835/1/4 11909/1/4
f 11908/1/4 11875/1/4 11909/1/4
f 11836/1/4 11876/1/4 11910/1/4
f 11876/1/4 11877/1/4 11910/1/4
f 11877/1/4 11837/1/4 11911/1/4
f 11910/1/4 11877/1/4 11911/1/4
f 11824/1/4 11896/1/4 11913/1/4
f 11879/1/4 11804/1/4 11914/1/4
f 11805/1/4 11880/1/4 11915/1/4
f 11881/1/4 11806/1/4 11916/1/4
f 11840/1/4 11882/1/4 11917/1/4
f 11883/1/4 11811/1/4 11918/1/4
f 11811/2/4 11812/2/4 11918/2/4
f 11812/1/4 11884/1/4 11919/1/4
f 11918/2/4 11812/2/4 11919/2/4
f 11813/2/4 11814/2/4 11920/2/4
f 11885/1/4 11813/1/4 11920/1/4
f 11814/1/4 11886/1/4 11921/1/4
f 11920/2/4 11814/2/4 11921/2/4
f 11887/1/4 11815/1/4 11922/1/4
f 11815/2/4 11816/2/4 11922/2/4
f 11816/1/4 11888/1/4 11923/1/4
f 11922/2/4 11816/2/4 11923/2/4
f 11889/1/4 11817/1/4 11924/1/4
f 11818/1/4 11890/1/4 11925/1/4
f 11891/1/4 11819/1/4 11926/1/4
f 11820/1/4 11892/1/4 11927/1/4
f 11893/1/4 11821/1/4 11928/1/4
f 11821/3/4 11822/3/4 11928/3/4
f 11822/1/4 11894/1/4 11929/1/4
f 11928/3/4 11822/3/4 11929/3/4
f 11895/1/4 11823/1/4 11930/1/4
f 11912/2/4 11913/2/4 11931/2/4
f 11913/1/4 11896/1/4 11932/1/4
f 11931/2/4 11913/2/4 11932/2/4
f 11898/2/4 11899/2/4 11933/2/4
f 11897/1/4 11898/1/4 11933/1/4
f 11933/2/4 11899/2/4 11934/2/4
f 11826/1/4 11900/1/4 11935/1/4
f 11901/1/4 11827/1/4 11936/1/4
f 11827/4/4 11828/4/4 11936/4/4
f 11828/1/4 11902/1/4 11937/1/4
f 11936/4/4 11828/4/4 11937/4/4
f 11903/1/4 11829/1/4 11938/1/4
f 11830/1/4 11904/1/4 11939/1/4
f 11831/2/4 11832/2/4 11940/2/4
f 11905/1/4 11831/1/4 11940/1/4
f 11832/1/4 11906/1/4 11941/1/4
f 11940/2/4 11832/2/4 11941/2/4
f 11907/1/4 11833/1/4 11942/1/4
f 11834/1/4 11908/1/4 11943/1/4
f 11835/2/4 11836/2/4 11944/2/4
f 11909/1/4 11835/1/4 11944/1/4
f 11836/1/4 11910/1/4 11945/1/4
f 11944/2/4 11836/2/4 11945/2/4
f 11911/1/4 11837/1/4 11946/1/4
f 11838/1/4 11459/1/4 11947/1/4
f 11914/1/4 11915/1/4 11948/1/4
f 11879/1/4 11914/1/4 11948/1/4
f 11915/1/4 11880/1/4 11949/1/4
f 11948/1/4 11915/1/4 11949/1/4
f 11916/1/4 11917/1/4 11950/1/4
f 11881/1/4 11916/1/4 11950/1/4
f 11917/1/4 11882/1/4 11951/1/4
f 11950/1/4 11917/1/4 11951/1/4
f 11918/1/4 11919/1/4 11952/1/4
f 11883/1/4 11918/1/4 11952/1/4
f 11919/1/4 11884/1/4 11953/1/4
f 11952/1/4 11919/1/4 11953/1/4
f 11920/1/4 11921/1/4 11954/1/4
f 11885/1/4 11920/1/4 11954/1/4
f 11921/1/4 11886/1/4 11955/1/4
f 11954/1/4 11921/1/4 11955/1/4
f 11887/1/4 11922/1/4 11956/1/4
f 11922/1/4 11923/1/4 11956/1/4
f 11923/1/4 11888/1/4 11957/1/4
f 11956/1/4 11923/1/4 11957/1/4
f 11924/1/4 11925/1/4 11958/1/4
f 11889/1/4 11924/1/4 11958/1/4
f 11925/1/4 11890/1/4 11959/1/4
f 11958/1/4 11925/1/4 11959/1/4
f 11926/1/4 11927/1/4 11960/1/4
f 11891/1/4 11926/1/4 11960/1/4
f 11927/1/4 11892/1/4 11961/1/4
f 11960/1/4 11927/1/4 11961/1/4
f 11893/1/4 11928/1/4 11962/1/4
f 11928/1/4 11929/1/4 11962/1/4
f 11929/1/4 11894/1/4 11963/1/4
f 11962/1/4 11929/1/4 11963/1/4
f 11895/1/4 11930/1/4 11964/1/4
f 11931/1/4 11932/1/4 11964/1/4
f 11930/1/4 11931/1/4 11964/1/4
f 11932/1/4 11896/1/4 11965/1/4
f 11964/1/4 11932/1/4 11965/1/4
f 11934/1/4 11935/1/4 11966/1/4
f 11933/1/4 11934/1/4 11966/1/4
f 11897/1/4 11933/1/4 11966/1/4
f 11966/1/4 11935/1/4 11967/1/4
f 11935/1/4 11900/1/4 11968/1/4
f 11967/1/4 11935/1/4 11968/1/4
f 11901/1/4 11936/1/4 11969/1/4
f 11936/1/4 11937/1/4 11969/1/4
f 11937/1/4 11902/1/4 11970/1/4
f 11969/1/4 11937/1/4 11970/1/4
f 11938/1/4 11939/1/4 11971/1/4
f 11903/1/4 11938/1/4 11971/1/4
f 11939/1/4 11904/1/4 11972/1/4
f 11971/1/4 11939/1/4 11972/1/4
f 11905/1/4 11940/1/4 11973/1/4
f 11940/1/4 11941/1/4 11973/1/4
f 11941/1/4 11906/1/4 11974/1/4
f 11973/1/4 11941/1/4 11974/1/4
f 11942/1/4 11943/1/4 11975/1/4
f 11907/1/4 11942/1/4 11975/1/4
f 11943/1/4 11908/1/4 11976/1/4
f 11975/1/4 11943/1/4 11976/1/4
f 11909/1/4 11944/1/4 11977/1/4
f 11944/1/4 11945/1/4 11977/1/4
f 11977/1/4 11945/1/4 11978/1/4
f 11945/1/4 11910/1/4 11979/1/4
f 11978/1/4 11945/1/4 11979/1/4
f 11911/1/4 11946/1/4 11980/1/4
f 11946/1/4 11947/1/4 11980/1/4
f 11947/1/4 11459/1/4 11981/1/4
f 11980/1/4 11947/1/4 11981/1/4
f 11977/2/4 11978/2/4 11982/2/4
f 11909/1/4 11977/1/4 11982/1/4
f 11982/2/4 11978/2/4 11983/2/4
f 11879/1/4 11948/1/4 11985/1/4
f 11949/1/4 11880/1/4 11986/1/4
f 11881/1/4 11950/1/4 11987/1/4
f 11951/1/4 11882/1/4 11988/1/4
f 11882/2/4 11883/2/4 11988/2/4
f 11883/1/4 11952/1/4 11989/1/4
f 11988/2/4 11883/2/4 11989/2/4
f 11953/1/4 11884/1/4 11990/1/4
f 11885/1/4 11954/1/4 11991/1/4
f 11955/1/4 11886/1/4 11992/1/4
f 11887/1/4 11956/1/4 11993/1/4
f 11957/1/4 11888/1/4 11994/1/4
f 11889/1/4 11958/1/4 11995/1/4
f 11959/1/4 11890/1/4 11996/1/4
f 11890/2/4 11891/2/4 11996/2/4
f 11891/1/4 11960/1/4 11997/1/4
f 11996/2/4 11891/2/4 11997/2/4
f 11961/1/4 11892/1/4 11998/1/4
f 11893/1/4 11962/1/4 11999/1/4
f 11963/1/4 11894/1/4 12000/1/4
f 11895/1/4 11964/1/4 12001/1/4
f 11965/1/4 11896/1/4 12002/1/4
f 11896/2/4 11897/2/4 12002/2/4
f 11897/1/4 11966/1/4 12003/1/4
f 12002/2/4 11897/2/4 12003/2/4
f 11966/3/4 11967/3/4 12004/3/4
f 12003/1/4 11966/1/4 12004/1/4
f 12004/3/4 11967/3/4 12005/3/4
f 11968/1/4 11900/1/4 12006/1/4
f 11901/1/4 11969/1/4 12007/1/4
f 11970/1/4 11902/1/4 12008/1/4
f 11903/1/4 11971/1/4 12009/1/4
f 11904/2/4 11905/2/4 12010/2/4
f 11972/1/4 11904/1/4 12010/1/4
f 11905/1/4 11973/1/4 12011/1/4
f 12010/2/4 11905/2/4 12011/2/4
f 11974/1/4 11906/1/4 12012/1/4
f 11907/1/4 11975/1/4 12013/1/4
f 11976/1/4 11908/1/4 12014/1/4
f 11908/2/4 11909/2/4 12014/2/4
f 11909/1/4 11982/1/4 12015/1/4
f 12014/2/4 11909/2/4 12015/2/4
f 11979/1/4 11910/1/4 12016/1/4
f 11911/1/4 11980/1/4 12017/1/4
f 11984/1/4 11985/1/4 12018/1/4
f 11985/1/4 11948/1/4 12019/1/4
f 12018/1/4 11985/1/4 12019/1/4
f 11986/1/4 11987/1/4 12020/1/4
f 11949/1/4 11986/1/4 12020/1/4
f 11987/1/4 11950/1/4 12021/1/4
f 12020/1/4 11987/1/4 12021/1/4
f 11951/1/4 11988/1/4 12022/1/4
f 11988/1/4 11989/1/4 12022/1/4
f 11989/1/4 11952/1/4 12023/1/4
f 12022/1/4 11989/1/4 12023/1/4
f 11953/1/4 11990/1/4 12024/1/4
f 11990/1/4 11991/1/4 12024/1/4
f 11991/1/4 11954/1/4 12025/1/4
f 12024/1/4 11991/1/4 12025/1/4
f 11955/1/4 11992/1/4 12026/1/4
f 11992/1/4 11993/1/4 12026/1/4
f 11993/1/4 11956/1/4 12027/1/4
f 12026/1/4 11993/1/4 12027/1/4
f 11994/1/4 11995/1/4 12028/1/4
f 11957/1/4 11994/1/4 12028/1/4
f 11995/1/4 11958/1/4 12029/1/4
f 12028/1/4 11995/1/4 12029/1/4
f 11959/1/4 11996/1/4 12030/1/4
f 11996/1/4 11997/1/4 12030/1/4
f 11997/1/4 11960/1/4 12031/1/4
f 12030/1/4 11997/1/4 12031/1/4
f 11998/1/4 11999/1/4 12032/1/4
f 11961/1/4 11998/1/4 12032/1/4
f 11999/1/4 11962/1/4 12033/1/4
f 12032/1/4 11999/1/4 12033/1/4
f 12000/1/4 12001/1/4 12034/1/4
f 11963/1/4 12000/1/4 12034/1/4
f 12001/1/4 11964/1/4 12035/1/4
f 12034/1/4 12001/1/4 12035/1/4
f 11965/1/4 12002/1/4 12036/1/4
f 12002/1/4 12003/1/4 12036/1/4
f 12003/1/4 12004/1/4 12036/1/4
f 12036/1/4 12004/1/4 12037/1/4
f 12037/1/4 12004/1/4 12038/1/4
f 11968/1/4 12006/1/4 12039/1/4
f 12006/1/4 12007/1/4 12039/1/4
f 12007/1/4 11969/1/4 12040/1/4
f 12039/1/4 12007/1/4 12040/1/4
f 11970/1/4 12008/1/4 12041/1/4
f 12008/1/4 12009/1/4 12041/1/4
f 12009/1/4 11971/1/4 12042/1/4
f 12041/1/4 12009/1/4 12042/1/4
f 11972/1/4 12010/1/4 12043/1/4
f 12010/1/4 12011/1/4 12043/1/4
f 12011/1/4 11973/1/4 12044/1/4
f 12043/1/4 12011/1/4 12044/1/4
f 11974/1/4 12012/1/4 12045/1/4
f 12012/1/4 12013/1/4 12045/1/4
f 12013/1/4 11975/1/4 12046/1/4
f 12045/1/4 12013/1/4 12046/1/4
f 12014/1/4 12015/1/4 12047/1/4
f 11976/1/4 12014/1/4 12047/1/4
f 12015/1/4 11982/1/4 12048/1/4
f 12047/1/4 12015/1/4 12048/1/4
f 12016/1/4 12017/1/4 12049/1/4
f 11979/1/4 12016/1/4 12049/1/4
f 12017/1/4 11980/1/4 12050/1/4
f 12049/1/4 12017/1/4 12050/1/4
f 12037/2/4 12038/2/4 12051/2/4
f 12038/1/4 12004/1/4 12052/1/4
f 12051/2/4 12038/2/4 12052/2/4
f 12019/1/4 11948/1/4 12053/1/4
f 11949/1/4 12020/1/4 12054/1/4
f 12021/1/4 11950/1/4 12055/1/4
f 11951/1/4 12022/1/4 12056/1/4
f 12023/1/4 11952/1/4 12057/1/4
f 11953/1/4 12024/1/4 12058/1/4
f 12025/1/4 11954/1/4 12059/1/4
f 11955/1/4 12026/1/4 12060/1/4
f 12027/1/4 11956/1/4 12061/1/4
f 11957/1/4 12028/1/4 12062/1/4
f 12029/1/4 11958/1/4 12063/1/4
f 11959/1/4 12030/1/4 12064/1/4
f 12031/1/4 11960/1/4 12065/1/4
f 11960/2/4 11961/2/4 12065/2/4
f 11961/1/4 12032/1/4 12066/1/4
f 12065/2/4 11961/2/4 12066/2/4
f 12033/1/4 11962/1/4 12067/1/4
f 11963/1/4 12034/1/4 12068/1/4
f 12035/1/4 11964/1/4 12069/1/4
f 11965/1/4 12036/1/4 12070/1/4
f 12052/1/4 12004/1/4 12071/1/4
f 11968/1/4 12039/1/4 12072/1/4
f 12040/1/4 11969/1/4 12073/1/4
f 11970/1/4 12041/1/4 12074/1/4
f 12042/1/4 11971/1/4 12075/1/4
f 11972/1/4 12043/1/4 12076/1/4
f 12044/1/4 11973/1/4 12077/1/4
f 11974/1/4 12045/1/4 12078/1/4
f 11975/2/4 11976/2/4 12079/2/4
f 12046/1/4 11975/1/4 12079/1/4
f 11976/1/4 12047/1/4 12080/1/4
f 12079/2/4 11976/2/4 12080/2/4
f 12048/1/4 11982/1/4 12081/1/4
f 11979/1/4 12049/1/4 12082/1/4
f 11980/2/4 11981/2/4 12083/2/4
f 12050/1/4 11980/1/4 12083/1/4
f 11981/1/4 11459/1/4 12084/1/4
f 12083/2/4 11981/2/4 12084/2/4
f 12053/1/4 12054/1/4 12085/1/4
f 12019/1/4 12053/1/4 12085/1/4
f 12054/1/4 12020/1/4 12086/1/4
f 12085/1/4 12054/1/4 12086/1/4
f 12055/1/4 12056/1/4 12087/1/4
f 12021/1/4 12055/1/4 12087/1/4
f 12056/1/4 12022/1/4 12088/1/4
f 12087/1/4 12056/1/4 12088/1/4
f 12057/1/4 12058/1/4 12089/1/4
f 12023/1/4 12057/1/4 12089/1/4
f 12058/1/4 12024/1/4 12090/1/4
f 12089/1/4 12058/1/4 12090/1/4
f 12059/1/4 12060/1/4 12091/1/4
f 12025/1/4 12059/1/4 12091/1/4
f 12060/1/4 12026/1/4 12092/1/4
f 12091/1/4 12060/1/4 12092/1/4
f 12061/1/4 12062/1/4 12093/1/4
f 12027/1/4 12061/1/4 12093/1/4
f 12062/1/4 12028/1/4 12094/1/4
f 12093/1/4 12062/1/4 12094/1/4
f 12029/1/4 12063/1/4 12095/1/4
f 12063/1/4 12064/1/4 12095/1/4
f 12064/1/4 12030/1/4 12096/1/4
f 12095/1/4 12064/1/4 12096/1/4
f 12031/1/4 12065/1/4 12097/1/4
f 12065/1/4 12066/1/4 12097/1/4
f 12066/1/4 12032/1/4 12098/1/4
f 12097/1/4 12066/1/4 12098/1/4
f 12067/1/4 12068/1/4 12099/1/4
f 12033/1/4 12067/1/4 12099/1/4
f 12068/1/4 12034/1/4 12100/1/4
f 12099/1/4 12068/1/4 12100/1/4
f 12069/1/4 12070/1/4 12101/1/4
f 12035/1/4 12069/1/4 12101/1/4
f 12070/1/4 12036/1/4 12102/1/4
f 12101/1/4 12070/1/4 12102/1/4
f 12071/1/4 12072/1/4 12103/1/4
f 12052/1/4 12071/1/4 12103/1/4
f 12072/1/4 12039/1/4 12104/1/4
f 12103/1/4 12072/1/4 12104/1/4
f 12073/1/4 12074/1/4 12105/1/4
f 12040/1/4 12073/1/4 12105/1/4
f 12074/1/4 12041/1/4 12106/1/4
f 12105/1/4 12074/1/4 12106/1/4
f 12042/1/4 12075/1/4 12107/1/4
f 12075/1/4 12076/1/4 12107/1/4
f 12076/1/4 12043/1/4 12108/1/4
f 12107/1/4 12076/1/4 12108/1/4
f 12044/1/4 12077/1/4 12109/1/4
f 12077/1/4 12078/1/4 12109/1/4
f 12078/1/4 12045/1/4 12110/1/4
f 12109/1/4 12078/1/4 12110/1/4
f 12046/1/4 12079/1/4 12111/1/4
f 12079/1/4 12080/1/4 12111/1/4
f 12080/1/4 12047/1/4 12112/1/4
f 12111/1/4 12080/1/4 12112/1/4
f 12081/1/4 12082/1/4 12113/1/4
f 12048/1/4 12081/1/4 12113/1/4
f 12082/1/4 12049/1/4 12114/1/4
f 12113/1/4 12082/1/4 12114/1/4
f 12050/1/4 12083/1/4 12115/1/4
f 12083/1/4 12084/1/4 12115/1/4
f 12084/1/4 11459/1/4 12116/1/4
f 12115/1/4 12084/1/4 12116/1/4
f 12019/1/4 12085/1/4 12118/1/4
f 12086/1/4 12020/1/4 12119/1/4
f 12020/2/4 12021/2/4 12119/2/4
f 12021/1/4 12087/1/4 12120/1/4
f 12119/2/4 12021/2/4 12120/2/4
f 12088/1/4 12022/1/4 12121/1/4
f 12023/1/4 12089/1/4 12122/1/4
f 12090/1/4 12024/1/4 12123/1/4
f 12025/1/4 12091/1/4 12124/1/4
f 12092/1/4 12026/1/4 12125/1/4
f 12026/2/4 12027/2/4 12125/2/4
f 12027/1/4 12093/1/4 12126/1/4
f 12125/2/4 12027/2/4 12126/2/4
f 12094/1/4 12028/1/4 12127/1/4
f 12029/1/4 12095/1/4 12128/1/4
f 12096/1/4 12030/1/4 12129/1/4
f 12031/1/4 12097/1/4 12130/1/4
f 12098/1/4 12032/1/4 12131/1/4
f 12033/1/4 12099/1/4 12132/1/4
f 12100/1/4 12034/1/4 12133/1/4
f 12034/2/4 12035/2/4 12133/2/4
f 12035/1/4 12101/1/4 12134/1/4
f 12133/2/4 12035/2/4 12134/2/4
f 12102/1/4 12036/1/4 12135/1/4
f 12052/1/4 12103/1/4 12136/1/4
f 12104/1/4 12039/1/4 12137/1/4
f 12040/1/4 12105/1/4 12138/1/4
f 12106/1/4 12041/1/4 12139/1/4
f 12042/1/4 12107/1/4 12140/1/4
f 12108/1/4 12043/1/4 12141/1/4
f 12044/1/4 12109/1/4 12142/1/4
f 12110/1/4 12045/1/4 12143/1/4
f 12045/2/4 12046/2/4 12143/2/4
f 12046/1/4 12111/1/4 12144/1/4
f 12143/2/4 12046/2/4 12144/2/4
f 12112/1/4 12047/1/4 12145/1/4
f 12048/1/4 12113/1/4 12146/1/4
f 12114/1/4 12049/1/4 12147/1/4
f 12050/1/4 12115/1/4 12148/1/4
f 12117/1/4 12118/1/4 12149/1/4
f 12118/1/4 12085/1/4 12150/1/4
f 12149/1/4 12118/1/4 12150/1/4
f 12086/1/4 12119/1/4 12151/1/4
f 12119/1/4 12120/1/4 12151/1/4
f 12120/1/4 12087/1/4 12152/1/4
f 12151/1/4 12120/1/4 12152/1/4
f 12121/1/4 12122/1/4 12153/1/4
f 12088/1/4 12121/1/4 12153/1/4
f 12122/1/4 12089/1/4 12154/1/4
f 12153/1/4 12122/1/4 12154/1/4
f 12123/1/4 12124/1/4 12155/1/4
f 12090/1/4 12123/1/4 12155/1/4
f 12124/1/4 12091/1/4 12156/1/4
f 12155/1/4 12124/1/4 12156/1/4
f 12092/1/4 12125/1/4 12157/1/4
f 12125/1/4 12126/1/4 12157/1/4
f 12126/1/4 12093/1/4 12158/1/4
f 12157/1/4 12126/1/4 12158/1/4
f 12127/1/4 12128/1/4 12159/1/4
f 12094/1/4 12127/1/4 12159/1/4
f 12128/1/4 12095/1/4 12160/1/4
f 12159/1/4 12128/1/4 12160/1/4
f 12096/1/4 12129/1/4 12161/1/4
f 12129/1/4 12130/1/4 12161/1/4
f 12130/1/4 12097/1/4 12162/1/4
f 12161/1/4 12130/1/4 12162/1/4
f 12131/1/4 12132/1/4 12163/1/4
f 12098/1/4 12131/1/4 12163/1/4
f 12132/1/4 12099/1/4 12164/1/4
f 12163/1/4 12132/1/4 12164/1/4
f 12100/1/4 12133/1/4 12165/1/4
f 12133/1/4 12134/1/4 12165/1/4
f 12134/1/4 12101/1/4 12166/1/4
f 12165/1/4 12134/1/4 12166/1/4
f 12135/1/4 12136/1/4 12167/1/4
f 12102/1/4 12135/1/4 12167/1/4
f 12136/1/4 12103/1/4 12168/1/4
f 12167/1/4 12136/1/4 12168/1/4
f 12137/1/4 12138/1/4 12169/1/4
f 12104/1/4 12137/1/4 12169/1/4
f 12138/1/4 12105/1/4 12170/1/4
f 12169/1/4 12138/1/4 12170/1/4
f 12106/1/4 12139/1/4 12171/1/4
f 12139/1/4 12140/1/4 12171/1/4
f 12140/1/4 12107/1/4 12172/1/4
f 12171/1/4 12140/1/4 12172/1/4
f 12141/1/4 12142/1/4 12173/1/4
f 12108/1/4 12141/1/4 12173/1/4
f 12142/1/4 12109/1/4 12174/1/4
f 12173/1/4 12142/1/4 12174/1/4
f 12110/1/4 12143/1/4 12175/1/4
f 12143/1/4 12144/1/4 12175/1/4
f 12144/1/4 12111/1/4 12176/1/4
f 12175/1/4 12144/1/4 12176/1/4
f 12145/1/4 12146/1/4 12177/1/4
f 12112/1/4 12145/1/4 12177/1/4
f 12146/1/4 12113/1/4 12178/1/4
f 12177/1/4 12146/1/4 12178/1/4
f 12114/1/4 12147/1/4 12179/1/4
f 12147/1/4 12148/1/4 12179/1/4
f 12148/1/4 12115/1/4 12180/1/4
f 12179/1/4 12148/1/4 12180/1/4
f 12150/1/4 12085/1/4 12181/1/4
f 12086/1/4 12151/1/4 12182/1/4
f 12152/1/4 12087/1/4 12183/1/4
f 12088/1/4 12153/1/4 12184/1/4
f 12154/1/4 12089/1/4 12185/1/4
f 12090/1/4 12155/1/4 12186/1/4
f 12156/1/4 12091/1/4 12187/1/4
f 12092/1/4 12157/1/4 12188/1/4
f 12158/1/4 12093/1/4 12189/1/4
f 12094/1/4 12159/1/4 12190/1/4
f 12160/1/4 12095/1/4 12191/1/4
f 12095/2/4 12096/2/4 12191/2/4
f 12096/1/4 12161/1/4 12192/1/4
f 12191/2/4 12096/2/4 12192/2/4
f 12162/1/4 12097/1/4 12193/1/4
f 12098/1/4 12163/1/4 12194/1/4
f 12164/1/4 12099/1/4 12195/1/4
f 12100/1/4 12165/1/4 12196/1/4
f 12166/1/4 12101/1/4 12197/1/4
f 12102/1/4 12167/1/4 12198/1/4
f 12168/1/4 12103/1/4 12199/1/4
f 12104/1/4 12169/1/4 12200/1/4
f 12170/1/4 12105/1/4 12201/1/4
f 12106/1/4 12171/1/4 12202/1/4
f 12172/1/4 12107/1/4 12203/1/4
f 12108/1/4 12173/1/4 12204/1/4
f 12174/1/4 12109/1/4 12205/1/4
f 12109/2/4 12110/2/4 12205/2/4
f 12110/1/4 12175/1/4 12206/1/4
f 12205/2/4 12110/2/4 12206/2/4
f 12176/1/4 12111/1/4 12207/1/4
f 12112/1/4 12177/1/4 12208/1/4
f 12178/1/4 12113/1/4 12209/1/4
f 12114/1/4 12179/1/4 12210/1/4
f 12180/1/4 12115/1/4 12211/1/4
f 12115/2/4 12116/2/4 12211/2/4
f 12116/1/4 11459/1/4 12212/1/4
f 12211/2/4 12116/2/4 12212/2/4
f 12181/1/4 12182/1/4 12213/1/4
f 12150/1/4 12181/1/4 12213/1/4
f 12182/1/4 12151/1/4 12214/1/4
f 12213/1/4 12182/1/4 12214/1/4
f 12183/1/4 12184/1/4 12215/1/4
f 12152/1/4 12183/1/4 12215/1/4
f 12184/1/4 12153/1/4 12216/1/4
f 12215/1/4 12184/1/4 12216/1/4
f 12154/1/4 12185/1/4 12217/1/4
f 12185/1/4 12186/1/4 12217/1/4
f 12186/1/4 12155/1/4 12218/1/4
f 12217/1/4 12186/1/4 12218/1/4
f 12218/1/4 12155/1/4 12219/1/4
f 12156/1/4 12187/1/4 12221/1/4
f 12187/1/4 12188/1/4 12221/1/4
f 12188/1/4 12157/1/4 12222/1/4
f 12221/1/4 12188/1/4 12222/1/4
f 12189/1/4 12190/1/4 12223/1/4
f 12158/1/4 12189/1/4 12223/1/4
f 12190/1/4 12159/1/4 12224/1/4
f 12223/1/4 12190/1/4 12224/1/4
f 12160/1/4 12191/1/4 12225/1/4
f 12191/1/4 12192/1/4 12225/1/4
f 12192/1/4 12161/1/4 12226/1/4
f 12225/1/4 12192/1/4 12226/1/4
f 12162/1/4 12193/1/4 12227/1/4
f 12193/1/4 12194/1/4 12227/1/4
f 12194/1/4 12163/1/4 12228/1/4
f 12227/1/4 12194/1/4 12228/1/4
f 12195/1/4 12196/1/4 12229/1/4
f 12164/1/4 12195/1/4 12229/1/4
f 12196/1/4 12165/1/4 12230/1/4
f 12229/1/4 12196/1/4 12230/1/4
f 12197/1/4 12198/1/4 12231/1/4
f 12166/1/4 12197/1/4 12231/1/4
f 12198/1/4 12167/1/4 12232/1/4
f 12231/1/4 12198/1/4 12232/1/4
f 12199/1/4 12200/1/4 12233/1/4
f 12168/1/4 12199/1/4 12233/1/4
f 12200/1/4 12169/1/4 12234/1/4
f 12233/1/4 12200/1/4 12234/1/4
f 12201/1/4 12202/1/4 12235/1/4
f 12170/1/4 12201/1/4 12235/1/4
f 12202/1/4 12171/1/4 12236/1/4
f 12235/1/4 12202/1/4 12236/1/4
f 12203/1/4 12204/1/4 12237/1/4
f 12172/1/4 12203/1/4 12237/1/4
f 12204/1/4 12173/1/4 12238/1/4
f 12237/1/4 12204/1/4 12238/1/4
f 12174/1/4 12205/1/4 12239/1/4
f 12205/1/4 12206/1/4 12239/1/4
f 12206/1/4 12175/1/4 12240/1/4
f 12239/1/4 12206/1/4 12240/1/4
f 12207/1/4 12208/1/4 12241/1/4
f 12176/1/4 12207/1/4 12241/1/4
f 12208/1/4 12177/1/4 12242/1/4
f 12241/1/4 12208/1/4 12242/1/4
f 12209/1/4 12210/1/4 12243/1/4
f 12178/1/4 12209/1/4 12243/1/4
f 12210/1/4 12179/1/4 12244/1/4
f 12243/1/4 12210/1/4 12244/1/4
f 12180/1/4 12211/1/4 12245/1/4
f 12211/1/4 12212/1/4 12245/1/4
f 12212/1/4 11459/1/4 12246/1/4
f 12245/1/4 12212/1/4 12246/1/4
f 12154/1/4 12217/1/4 12248/1/4
f 12219/2/4 12220/2/4 12249/2/4
f 12156/1/4 12221/1/4 12250/1/4
f 12150/1/4 12213/1/4 12252/1/4
f 12214/1/4 12151/1/4 12253/1/4
f 12152/1/4 12215/1/4 12254/1/4
f 12216/1/4 12153/1/4 12255/1/4
f 12247/2/4 12248/2/4 12256/2/4
f 12248/1/4 12217/1/4 12257/1/4
f 12256/2/4 12248/2/4 12257/2/4
f 12218/1/4 12219/1/4 12258/1/4
f 12249/2/4 12250/2/4 12258/2/4
f 12219/2/4 12249/2/4 12258/2/4
f 12250/1/4 12221/1/4 12259/1/4
f 12258/2/4 12250/2/4 12259/2/4
f 12222/1/4 12157/1/4 12260/1/4
f 12158/1/4 12223/1/4 12261/1/4
f 12159/2/4 12160/2/4 12262/2/4
f 12224/1/4 12159/1/4 12262/1/4
f 12160/1/4 12225/1/4 12263/1/4
f 12262/2/4 12160/2/4 12263/2/4
f 12226/1/4 12161/1/4 12264/1/4
f 12162/1/4 12227/1/4 12265/1/4
f 12228/1/4 12163/1/4 12266/1/4
f 12164/1/4 12229/1/4 12267/1/4
f 12230/1/4 12165/1/4 12268/1/4
f 12166/1/4 12231/1/4 12269/1/4
f 12232/1/4 12167/1/4 12270/1/4
f 12168/1/4 12233/1/4 12271/1/4
f 12234/1/4 12169/1/4 12272/1/4
f 12169/2/4 12170/2/4 12272/2/4
f 12170/1/4 12235/1/4 12273/1/4
f 12272/2/4 12170/2/4 12273/2/4
f 12236/1/4 12171/1/4 12274/1/4
f 12172/1/4 12237/1/4 12275/1/4
f 12238/1/4 12173/1/4 12276/1/4
f 12174/1/4 12239/1/4 12277/1/4
f 12240/1/4 12175/1/4 12278/1/4
f 12176/1/4 12241/1/4 12279/1/4
f 12242/1/4 12177/1/4 12280/1/4
f 12177/2/4 12178/2/4 12280/2/4
f 12178/1/4 12243/1/4 12281/1/4
f 12280/2/4 12178/2/4 12281/2/4
f 12244/1/4 12179/1/4 12282/1/4
f 12180/1/4 12245/1/4 12283/1/4
f 12251/1/4 12252/1/4 12284/1/4
f 12252/1/4 12213/1/4 12285/1/4
f 12284/1/4 12252/1/4 12285/1/4
f 12253/1/4 12254/1/4 12286/1/4
f 12214/1/4 12253/1/4 12286/1/4
f 12254/1/4 12215/1/4 12287/1/4
f 12286/1/4 12254/1/4 12287/1/4
f 12216/1/4 12255/1/4 12288/1/4
f 12256/1/4 12257/1/4 12288/1/4
f 12255/1/4 12256/1/4 12288/1/4
f 12257/1/4 12217/1/4 12289/1/4
f 12288/1/4 12257/1/4 12289/1/4
f 12218/1/4 12258/1/4 12290/1/4
f 12258/1/4 12259/1/4 12290/1/4
f 12259/1/4 12221/1/4 12291/1/4
f 12290/1/4 12259/1/4 12291/1/4
f 12291/1/4 12221/1/4 12292/1/4
f 12260/1/4 12261/1/4 12294/1/4
f 12222/1/4 12260/1/4 12294/1/4
f 12261/1/4 12223/1/4 12295/1/4
f 12294/1/4 12261/1/4 12295/1/4
f 12224/1/4 12262/1/4 12296/1/4
f 12262/1/4 12263/1/4 12296/1/4
f 12263/1/4 12225/1/4 12297/1/4
f 12296/1/4 12263/1/4 12297/1/4
f 12264/1/4 12265/1/4 12298/1/4
f 12226/1/4 12264/1/4 12298/1/4
f 12265/1/4 12227/1/4 12299/1/4
f 12298/1/4 12265/1/4 12299/1/4
f 12266/1/4 12267/1/4 12300/1/4
f 12228/1/4 12266/1/4 12300/1/4
f 12267/1/4 12229/1/4 12301/1/4
f 12300/1/4 12267/1/4 12301/1/4
f 12268/1/4 12269/1/4 12302/1/4
f 12230/1/4 12268/1/4 12302/1/4
f 12269/1/4 12231/1/4 12303/1/4
f 12302/1/4 12269/1/4 12303/1/4
f 12270/1/4 12271/1/4 12304/1/4
f 12232/1/4 12270/1/4 12304/1/4
f 12271/1/4 12233/1/4 12305/1/4
f 12304/1/4 12271/1/4 12305/1/4
f 12234/1/4 12272/1/4 12306/1/4
f 12272/1/4 12273/1/4 12306/1/4
f 12273/1/4 12235/1/4 12307/1/4
f 12306/1/4 12273/1/4 12307/1/4
f 12274/1/4 12275/1/4 12308/1/4
f 12236/1/4 12274/1/4 12308/1/4
f 12275/1/4 12237/1/4 12309/1/4
f 12308/1/4 12275/1/4 12309/1/4
f 12238/1/4 12276/1/4 12310/1/4
f 12276/1/4 12277/1/4 12310/1/4
f 12277/1/4 12239/1/4 12311/1/4
f 12310/1/4 12277/1/4 12311/1/4
f 12278/1/4 12279/1/4 12312/1/4
f 12240/1/4 12278/1/4 12312/1/4
f 12279/1/4 12241/1/4 12313/1/4
f 12312/1/4 12279/1/4 12313/1/4
f 12242/1/4 12280/1/4 12314/1/4
f 12280/1/4 12281/1/4 12314/1/4
f 12281/1/4 12243/1/4 12315/1/4
f 12314/1/4 12281/1/4 12315/1/4
f 12244/1/4 12282/1/4 12316/1/4
f 12282/1/4 12283/1/4 12316/1/4
f 12283/1/4 12245/1/4 12317/1/4
f 12316/1/4 12283/1/4 12317/1/4
f 12285/1/4 12213/1/4 12318/1/4
f 12214/1/4 12286/1/4 12319/1/4
f 12287/1/4 12215/1/4 12320/1/4
f 12216/1/4 12288/1/4 12321/1/4
f 12217/2/4 12218/2/4 12322/2/4
f 12289/1/4 12217/1/4 12322/1/4
f 12218/1/4 12290/1/4 12323/1/4
f 12322/2/4 12218/2/4 12323/2/4
f 12292/2/4 12293/2/4 12324/2/4
f 12291/1/4 12292/1/4 12324/1/4
f 12324/2/4 12293/2/4 12325/2/4
f 12222/1/4 12294/1/4 12326/1/4
f 12295/1/4 12223/1/4 12327/1/4
f 12224/1/4 12296/1/4 12328/1/4
f 12297/1/4 12225/1/4 12329/1/4
f 12226/1/4 12298/1/4 12330/1/4
f 12299/1/4 12227/1/4 12331/1/4
f 12228/1/4 12300/1/4 12332/1/4
f 12301/1/4 12229/1/4 12333/1/4
f 12230/1/4 12302/1/4 12334/1/4
f 12303/1/4 12231/1/4 12335/1/4
f 12231/2/4 12232/2/4 12335/2/4
f 12232/1/4 12304/1/4 12336/1/4
f 12335/2/4 12232/2/4 12336/2/4
f 12305/1/4 12233/1/4 12337/1/4
f 12234/1/4 12306/1/4 12338/1/4
f 12307/1/4 12235/1/4 12339/1/4
f 12236/1/4 12308/1/4 12340/1/4
f 12309/1/4 12237/1/4 12341/1/4
f 12238/1/4 12310/1/4 12342/1/4
f 12311/1/4 12239/1/4 12343/1/4
f 12240/1/4 12312/1/4 12344/1/4
f 12313/1/4 12241/1/4 12345/1/4
f 12241/2/4 12242/2/4 12345/2/4
f 12242/1/4 12314/1/4 12346/1/4
f 12345/2/4 12242/2/4 12346/2/4
f 12315/1/4 12243/1/4 12347/1/4
f 12243/2/4 12244/2/4 12347/2/4
f 12244/1/4 12316/1/4 12348/1/4
f 12347/2/4 12244/2/4 12348/2/4
f 12317/1/4 12245/1/4 12349/1/4
f 12246/1/4 11459/1/4 12350/1/4
f 12318/1/4 12319/1/4 12351/1/4
f 12285/1/4 12318/1/4 12351/1/4
f 12319/1/4 12286/1/4 12352/1/4
f 12351/1/4 12319/1/4 12352/1/4
f 12287/1/4 12320/1/4 12353/1/4
f 12320/1/4 12321/1/4 12353/1/4
f 12321/1/4 12288/1/4 12354/1/4
f 12353/1/4 12321/1/4 12354/1/4
f 12289/1/4 12322/1/4 12355/1/4
f 12322/1/4 12323/1/4 12355/1/4
f 12355/1/4 12323/1/4 12356/1/4
f 12323/1/4 12290/1/4 12357/1/4
f 12356/1/4 12323/1/4 12357/1/4
f 12325/1/4 12326/1/4 12358/1/4
f 12324/1/4 12325/1/4 12358/1/4
f 12291/1/4 12324/1/4 12358/1/4
f 12326/1/4 12294/1/4 12359/1/4
f 12358/1/4 12326/1/4 12359/1/4
f 12327/1/4 12328/1/4 12360/1/4
f 12295/1/4 12327/1/4 12360/1/4
f 12328/1/4 12296/1/4 12361/1/4
f 12360/1/4 12328/1/4 12361/1/4
f 12329/1/4 12330/1/4 12362/1/4
f 12297/1/4 12329/1/4 12362/1/4
f 12330/1/4 12298/1/4 12363/1/4
f 12362/1/4 12330/1/4 12363/1/4
f 12331/1/4 12332/1/4 12364/1/4
f 12299/1/4 12331/1/4 12364/1/4
f 12332/1/4 12300/1/4 12365/1/4
f 12364/1/4 12332/1/4 12365/1/4
f 12333/1/4 12334/1/4 12366/1/4
f 12301/1/4 12333/1/4 12366/1/4
f 12334/1/4 12302/1/4 12367/1/4
f 12366/1/4 12334/1/4 12367/1/4
f 12303/1/4 12335/1/4 12368/1/4
f 12335/1/4 12336/1/4 12368/1/4
f 12336/1/4 12304/1/4 12369/1/4
f 12368/1/4 12336/1/4 12369/1/4
f 12337/1/4 12338/1/4 12370/1/4
f 12305/1/4 12337/1/4 12370/1/4
f 12338/1/4 12306/1/4 12371/1/4
f 12370/1/4 12338/1/4 12371/1/4
f 12339/1/4 12340/1/4 12372/1/4
f 12307/1/4 12339/1/4 12372/1/4
f 12340/1/4 12308/1/4 12373/1/4
f 12372/1/4 12340/1/4 12373/1/4
f 12341/1/4 12342/1/4 12374/1/4
f 12309/1/4 12341/1/4 12374/1/4
f 12342/1/4 12310/1/4 12375/1/4
f 12374/1/4 12342/1/4 12375/1/4
f 12343/1/4 12344/1/4 12376/1/4
f 12311/1/4 12343/1/4 12376/1/4
f 12344/1/4 12312/1/4 12377/1/4
f 12376/1/4 12344/1/4 12377/1/4
f 12313/1/4 12345/1/4 12378/1/4
f 12345/1/4 12346/1/4 12378/1/4
f 12346/1/4 12314/1/4 12379/1/4
f 12378/1/4 12346/1/4 12379/1/4
f 12315/1/4 12347/1/4 12380/1/4
f 12347/1/4 12348/1/4 12380/1/4
f 12348/1/4 12316/1/4 12381/1/4
f 12380/1/4 12348/1/4 12381/1/4
f 12349/1/4 12350/1/4 12382/1/4
f 12317/1/4 12349/1/4 12382/1/4
f 12350/1/4 11459/1/4 12383/1/4
f 12382/1/4 12350/1/4 12383/1/4
f 12287/1/4 12353/1/4 12385/1/4
f 12356/2/4 12357/2/4 12386/2/4
f 12357/1/4 12290/1/4 12387/1/4
f 12386/2/4 12357/2/4 12387/2/4
f 12284/2/4 12285/2/4 12388/2/4
f 12285/1/4 12351/1/4 12389/1/4
f 12388/2/4 12285/2/4 12389/2/4
f 12352/1/4 12286/1/4 12390/1/4
f 12384/2/4 12385/2/4 12391/2/4
f 12385/1/4 12353/1/4 12392/1/4
f 12391/2/4 12385/2/4 12392/2/4
f 12354/1/4 12288/1/4 12393/1/4
f 12288/2/4 12289/2/4 12393/2/4
f 12289/1/4 12355/1/4 12394/1/4
f 12393/2/4 12289/2/4 12394/2/4
f 12290/2/4 12291/2/4 12395/2/4
f 12387/1/4 12290/1/4 12395/1/4
f 12291/1/4 12358/1/4 12396/1/4
f 12395/2/4 12291/2/4 12396/2/4
f 12359/1/4 12294/1/4 12397/1/4
f 12295/1/4 12360/1/4 12398/1/4
f 12361/1/4 12296/1/4 12399/1/4
f 12297/1/4 12362/1/4 12400/1/4
f 12363/1/4 12298/1/4 12401/1/4
f 12299/1/4 12364/1/4 12402/1/4
f 12365/1/4 12300/1/4 12403/1/4
f 12300/2/4 12301/2/4 12403/2/4
f 12301/1/4 12366/1/4 12404/1/4
f 12403/2/4 12301/2/4 12404/2/4
f 12367/1/4 12302/1/4 12405/1/4
f 12303/1/4 12368/1/4 12406/1/4
f 12369/1/4 12304/1/4 12407/1/4
f 12304/2/4 12305/2/4 12407/2/4
f 12305/1/4 12370/1/4 12408/1/4
f 12407/2/4 12305/2/4 12408/2/4
f 12371/1/4 12306/1/4 12409/1/4
f 12307/1/4 12372/1/4 12410/1/4
f 12308/2/4 12309/2/4 12411/2/4
f 12373/1/4 12308/1/4 12411/1/4
f 12309/1/4 12374/1/4 12412/1/4
f 12411/2/4 12309/2/4 12412/2/4
f 12375/1/4 12310/1/4 12413/1/4
f 12311/1/4 12376/1/4 12414/1/4
f 12377/1/4 12312/1/4 12415/1/4
f 12313/1/4 12378/1/4 12416/1/4
f 12379/1/4 12314/1/4 12417/1/4
f 12315/1/4 12380/1/4 12418/1/4
f 12381/1/4 12316/1/4 12419/1/4
f 12317/1/4 12382/1/4 12420/1/4
f 12388/1/4 12389/1/4 12421/1/4
f 12389/1/4 12351/1/4 12422/1/4
f 12421/1/4 12389/1/4 12422/1/4
f 12352/1/4 12390/1/4 12423/1/4
f 12391/1/4 12392/1/4 12423/1/4
f 12390/1/4 12391/1/4 12423/1/4
f 12392/1/4 12353/1/4 12424/1/4
f 12423/1/4 12392/1/4 12424/1/4
f 12393/1/4 12394/1/4 12425/1/4
f 12354/1/4 12393/1/4 12425/1/4
f 12394/1/4 12355/1/4 12426/1/4
f 12425/1/4 12394/1/4 12426/1/4
f 12387/1/4 12395/1/4 12427/1/4
f 12395/1/4 12396/1/4 12427/1/4
f 12396/1/4 12358/1/4 12428/1/4
f 12427/1/4 12396/1/4 12428/1/4
f 12397/1/4 12398/1/4 12429/1/4
f 12359/1/4 12397/1/4 12429/1/4
f 12398/1/4 12360/1/4 12430/1/4
f 12429/1/4 12398/1/4 12430/1/4
f 12399/1/4 12400/1/4 12431/1/4
f 12361/1/4 12399/1/4 12431/1/4
f 12400/1/4 12362/1/4 12432/1/4
f 12431/1/4 12400/1/4 12432/1/4
f 12401/1/4 12402/1/4 12433/1/4
f 12363/1/4 12401/1/4 12433/1/4
f 12402/1/4 12364/1/4 12434/1/4
f 12433/1/4 12402/1/4 12434/1/4
f 12365/1/4 12403/1/4 12435/1/4
f 12403/1/4 12404/1/4 12435/1/4
f 12404/1/4 12366/1/4 12436/1/4
f 12435/1/4 12404/1/4 12436/1/4
f 12405/1/4 12406/1/4 12437/1/4
f 12367/1/4 12405/1/4 12437/1/4
f 12406/1/4 12368/1/4 12438/1/4
f 12437/1/4 12406/1/4 12438/1/4
f 12369/1/4 12407/1/4 12439/1/4
f 12407/1/4 12408/1/4 12439/1/4
f 12408/1/4 12370/1/4 12440/1/4
f 12439/1/4 12408/1/4 12440/1/4
f 12409/1/4 12410/1/4 12441/1/4
f 12371/1/4 12409/1/4 12441/1/4
f 12410/1/4 12372/1/4 12442/1/4
f 12441/1/4 12410/1/4 12442/1/4
f 12373/1/4 12411/1/4 12443/1/4
f 12411/1/4 12412/1/4 12443/1/4
f 12412/1/4 12374/1/4 12444/1/4
f 12443/1/4 12412/1/4 12444/1/4
f 12413/1/4 12414/1/4 12445/1/4
f 12375/1/4 12413/1/4 12445/1/4
f 12414/1/4 12376/1/4 12446/1/4
f 12445/1/4 12414/1/4 12446/1/4
f 12377/1/4 12415/1/4 12447/1/4
f 12415/1/4 12416/1/4 12447/1/4
f 12416/1/4 12378/1/4 12448/1/4
f 12447/1/4 12416/1/4 12448/1/4
f 12417/1/4 12418/1/4 12449/1/4
f 12379/1/4 12417/1/4 12449/1/4
f 12418/1/4 12380/1/4 12450/1/4
f 12449/1/4 12418/1/4 12450/1/4
f 12381/1/4 12419/1/4 12451/1/4
f 12419/1/4 12420/1/4 12451/1/4
f 12420/1/4 12382/1/4 12452/1/4
f 12451/1/4 12420/1/4 12452/1/4
f 12352/1/4 12423/1/4 12454/1/4
f 12387/1/4 12427/1/4 12455/1/4
f 12427/2/4 12428/2/4 12455/2/4
f 12428/1/4 12358/1/4 12456/1/4
f 12455/2/4 12428/2/4 12456/2/4
f 12438/1/4 12368/1/4 12457/1/4
f 12422/1/4 12351/1/4 12459/1/4
f 12453/2/4 12454/2/4 12460/2/4
f 12454/1/4 12423/1/4 12461/1/4
f 12460/2/4 12454/2/4 12461/2/4
f 12424/1/4 12353/1/4 12462/1/4
f 12354/1/4 12425/1/4 12463/1/4
f 12426/1/4 12355/1/4 12464/1/4
f 12387/1/4 12455/1/4 12465/1/4
f 12456/1/4 12358/1/4 12466/1/4
f 12359/1/4 12429/1/4 12467/1/4
f 12430/1/4 12360/1/4 12468/1/4
f 12361/1/4 12431/1/4 12469/1/4
f 12432/1/4 12362/1/4 12470/1/4
f 12362/2/4 12363/2/4 12470/2/4
f 12363/1/4 12433/1/4 12471/1/4
f 12470/2/4 12363/2/4 12471/2/4
f 12434/1/4 12364/1/4 12472/1/4
f 12365/1/4 12435/1/4 12473/1/4
f 12436/1/4 12366/1/4 12474/1/4
f 12367/1/4 12437/1/4 12475/1/4
f 12457/2/4 12458/2/4 12476/2/4
f 12438/1/4 12457/1/4 12476/1/4
f 12476/2/4 12458/2/4 12477/2/4
f 12369/1/4 12439/1/4 12478/1/4
f 12440/1/4 12370/1/4 12479/1/4
f 12370/4/4 12371/4/4 12479/4/4
f 12371/1/4 12441/1/4 12480/1/4
f 12479/4/4 12371/4/4 12480/4/4
f 12442/1/4 12372/1/4 12481/1/4
f 12373/1/4 12443/1/4 12482/1/4
f 12444/1/4 12374/1/4 12483/1/4
f 12374/3/4 12375/3/4 12483/3/4
f 12375/1/4 12445/1/4 12484/1/4
f 12483/3/4 12375/3/4 12484/3/4
f 12446/1/4 12376/1/4 12485/1/4
f 12376/2/4 12377/2/4 12485/2/4
f 12377/1/4 12447/1/4 12486/1/4
f 12485/2/4 12377/2/4 12486/2/4
f 12448/1/4 12378/1/4 12487/1/4
f 12378/2/4 12379/2/4 12487/2/4
f 12379/1/4 12449/1/4 12488/1/4
f 12487/2/4 12379/2/4 12488/2/4
f 12450/1/4 12380/1/4 12489/1/4
f 12381/1/4 12451/1/4 12490/1/4
f 12452/1/4 12382/1/4 12491/1/4
f 12383/1/4 11459/1/4 12492/1/4
f 12422/1/4 12459/1/4 12493/1/4
f 12459/1/4 12460/1/4 12493/1/4
f 12460/1/4 12461/1/4 12493/1/4
f 12461/1/4 12423/1/4 12494/1/4
f 12493/1/4 12461/1/4 12494/1/4
f 12424/1/4 12462/1/4 12495/1/4
f 12462/1/4 12463/1/4 12495/1/4
f 12463/1/4 12425/1/4 12496/1/4
f 12495/1/4 12463/1/4 12496/1/4
f 12426/1/4 12464/1/4 12497/1/4
f 12464/1/4 12465/1/4 12497/1/4
f 12465/1/4 12455/1/4 12498/1/4
f 12497/1/4 12465/1/4 12498/1/4
f 12466/1/4 12467/1/4 12499/1/4
f 12456/1/4 12466/1/4 12499/1/4
f 12467/1/4 12429/1/4 12500/1/4
f 12499/1/4 12467/1/4 12500/1/4
f 12468/1/4 12469/1/4 12501/1/4
f 12430/1/4 12468/1/4 12501/1/4
f 12469/1/4 12431/1/4 12502/1/4
f 12501/1/4 12469/1/4 12502/1/4
f 12432/1/4 12470/1/4 12503/1/4
f 12470/1/4 12471/1/4 12503/1/4
f 12471/1/4 12433/1/4 12504/1/4
f 12503/1/4 12471/1/4 12504/1/4
f 12472/1/4 12473/1/4 12505/1/4
f 12434/1/4 12472/1/4 12505/1/4
f 12473/1/4 12435/1/4 12506/1/4
f 12505/1/4 12473/1/4 12506/1/4
f 12474/1/4 12475/1/4 12507/1/4
f 12436/1/4 12474/1/4 12507/1/4
f 12475/1/4 12437/1/4 12508/1/4
f 12507/1/4 12475/1/4 12508/1/4
f 12476/1/4 12477/1/4 12509/1/4
f 12477/1/4 12478/1/4 12509/1/4
f 12438/1/4 12476/1/4 12509/1/4
f 12478/1/4 12439/1/4 12510/1/4
f 12509/1/4 12478/1/4 12510/1/4
f 12440/1/4 12479/1/4 12511/1/4
f 12479/1/4 12480/1/4 12511/1/4
f 12480/1/4 12441/1/4 12512/1/4
f 12511/1/4 12480/1/4 12512/1/4
f 12481/1/4 12482/1/4 12513/1/4
f 12442/1/4 12481/1/4 12513/1/4
f 12482/1/4 12443/1/4 12514/1/4
f 12513/1/4 12482/1/4 12514/1/4
f 12483/1/4 12484/1/4 12515/1/4
f 12444/1/4 12483/1/4 12515/1/4
f 12484/1/4 12445/1/4 12516/1/4
f 12515/1/4 12484/1/4 12516/1/4
f 12485/1/4 12486/1/4 12517/1/4
f 12446/1/4 12485/1/4 12517/1/4
f 12486/1/4 12447/1/4 12518/1/4
f 12517/1/4 12486/1/4 12518/1/4
f 12448/1/4 12487/1/4 12519/1/4
f 12487/1/4 12488/1/4 12519/1/4
f 12488/1/4 12449/1/4 12520/1/4
f 12519/1/4 12488/1/4 12520/1/4
f 12489/1/4 12490/1/4 12521/1/4
f 12450/1/4 12489/1/4 12521/1/4
f 12490/1/4 12451/1/4 12522/1/4
f 12521/1/4 12490/1/4 12522/1/4
f 12491/1/4 12492/1/4 12523/1/4
f 12452/1/4 12491/1/4 12523/1/4
f 12492/1/4 11459/1/4 12524/1/4
f 12523/1/4 12492/1/4 12524/1/4
f 12438/1/4 12509/1/4 12526/1/4
f 12422/1/4 12493/1/4 12528/1/4
f 12494/1/4 12423/1/4 12529/1/4
f 12423/2/4 12424/2/4 12529/2/4
f 12424/1/4 12495/1/4 12530/1/4
f 12529/2/4 12424/2/4 12530/2/4
f 12496/1/4 12425/1/4 12531/1/4
f 12426/1/4 12497/1/4 12532/1/4
f 12498/1/4 12455/1/4 12533/1/4
f 12456/1/4 12499/1/4 12534/1/4
f 12500/1/4 12429/1/4 12535/1/4
f 12430/1/4 12501/1/4 12536/1/4
f 12502/1/4 12431/1/4 12537/1/4
f 12432/1/4 12503/1/4 12538/1/4
f 12504/1/4 12433/1/4 12539/1/4
f 12433/2/4 12434/2/4 12539/2/4
f 12434/1/4 12505/1/4 12540/1/4
f 12539/2/4 12434/2/4 12540/2/4
f 12435/2/4 12436/2/4 12541/2/4
f 12506/1/4 12435/1/4 12541/1/4
f 12436/1/4 12507/1/4 12542/1/4
f 12541/2/4 12436/2/4 12542/2/4
f 12508/1/4 12437/1/4 12543/1/4
f 12525/2/4 12526/2/4 12544/2/4
f 12526/1/4 12509/1/4 12545/1/4
f 12544/2/4 12526/2/4 12545/2/4
f 12510/1/4 12439/1/4 12546/1/4
f 12440/1/4 12511/1/4 12547/1/4
f 12512/1/4 12441/1/4 12548/1/4
f 12442/1/4 12513/1/4 12549/1/4
f 12514/1/4 12443/1/4 12550/1/4
f 12444/1/4 12515/1/4 12551/1/4
f 12516/1/4 12445/1/4 12552/1/4
f 12446/1/4 12517/1/4 12553/1/4
f 12518/1/4 12447/1/4 12554/1/4
f 12448/1/4 12519/1/4 12555/1/4
f 12520/1/4 12449/1/4 12556/1/4
f 12450/1/4 12521/1/4 12557/1/4
f 12522/1/4 12451/1/4 12558/1/4
f 12452/1/4 12523/1/4 12559/1/4
f 12527/1/4 12528/1/4 12560/1/4
f 12528/1/4 12493/1/4 12561/1/4
f 12560/1/4 12528/1/4 12561/1/4
f 12494/1/4 12529/1/4 12562/1/4
f 12529/1/4 12530/1/4 12562/1/4
f 12562/1/4 12530/1/4 12563/1/4
f 12530/1/4 12495/1/4 12564/1/4
f 12563/1/4 12530/1/4 12564/1/4
f 12531/1/4 12532/1/4 12565/1/4
f 12496/1/4 12531/1/4 12565/1/4
f 12532/1/4 12497/1/4 12566/1/4
f 12565/1/4 12532/1/4 12566/1/4
f 12533/1/4 12534/1/4 12567/1/4
f 12498/1/4 12533/1/4 12567/1/4
f 12534/1/4 12499/1/4 12568/1/4
f 12567/1/4 12534/1/4 12568/1/4
f 12535/1/4 12536/1/4 12569/1/4
f 12500/1/4 12535/1/4 12569/1/4
f 12536/1/4 12501/1/4 12570/1/4
f 12569/1/4 12536/1/4 12570/1/4
f 12537/1/4 12538/1/4 12571/1/4
f 12502/1/4 12537/1/4 12571/1/4
f 12538/1/4 12503/1/4 12572/1/4
f 12571/1/4 12538/1/4 12572/1/4
f 12539/1/4 12540/1/4 12573/1/4
f 12504/1/4 12539/1/4 12573/1/4
f 12540/1/4 12505/1/4 12574/1/4
f 12573/1/4 12540/1/4 12574/1/4
f 12506/1/4 12541/1/4 12575/1/4
f 12541/1/4 12542/1/4 12575/1/4
f 12542/1/4 12507/1/4 12576/1/4
f 12575/1/4 12542/1/4 12576/1/4
f 12508/1/4 12543/1/4 12577/1/4
f 12543/1/4 12544/1/4 12577/1/4
f 12544/1/4 12545/1/4 12577/1/4
f 12577/1/4 12545/1/4 12578/1/4
f 12545/1/4 12509/1/4 12579/1/4
f 12578/1/4 12545/1/4 12579/1/4
f 12546/1/4 12547/1/4 12580/1/4
f 12510/1/4 12546/1/4 12580/1/4
f 12547/1/4 12511/1/4 12581/1/4
f 12580/1/4 12547/1/4 12581/1/4
f 12548/1/4 12549/1/4 12582/1/4
f 12512/1/4 12548/1/4 12582/1/4
f 12549/1/4 12513/1/4 12583/1/4
f 12582/1/4 12549/1/4 12583/1/4
f 12514/1/4 12550/1/4 12584/1/4
f 12550/1/4 12551/1/4 12584/1/4
f 12551/1/4 12515/1/4 12585/1/4
f 12584/1/4 12551/1/4 12585/1/4
f 12516/1/4 12552/1/4 12586/1/4
f 12552/1/4 12553/1/4 12586/1/4
f 12553/1/4 12517/1/4 12587/1/4
f 12586/1/4 12553/1/4 12587/1/4
f 12554/1/4 12555/1/4 12588/1/4
f 12518/1/4 12554/1/4 12588/1/4
f 12555/1/4 12519/1/4 12589/1/4
f 12588/1/4 12555/1/4 12589/1/4
f 12556/1/4 12557/1/4 12590/1/4
f 12520/1/4 12556/1/4 12590/1/4
f 12557/1/4 12521/1/4 12591/1/4
f 12590/1/4 12557/1/4 12591/1/4
f 12558/1/4 12559/1/4 12592/1/4
f 12522/1/4 12558/1/4 12592/1/4
f 12559/1/4 12523/1/4 12593/1/4
f 12592/1/4 12559/1/4 12593/1/4
f 12562/2/4 12563/2/4 12594/2/4
f 12494/1/4 12562/1/4 12594/1/4
f 12594/2/4 12563/2/4 12595/2/4
f 12493/2/4 12494/2/4 12596/2/4
f 12561/1/4 12493/1/4 12596/1/4
f 12494/1/4 12594/1/4 12597/1/4
f 12596/2/4 12494/2/4 12597/2/4
f 12564/1/4 12495/1/4 12598/1/4
f 12496/1/4 12565/1/4 12599/1/4
f 12566/1/4 12497/1/4 12600/1/4
f 12498/1/4 12567/1/4 12601/1/4
f 12568/1/4 12499/1/4 12602/1/4
f 12500/1/4 12569/1/4 12603/1/4
f 12570/1/4 12501/1/4 12604/1/4
f 12501/2/4 12502/2/4 12604/2/4
f 12502/1/4 12571/1/4 12605/1/4
f 12604/2/4 12502/2/4 12605/2/4
f 12503/2/4 12504/2/4 12606/2/4
f 12572/1/4 12503/1/4 12606/1/4
f 12504/1/4 12573/1/4 12607/1/4
f 12606/2/4 12504/2/4 12607/2/4
f 12574/1/4 12505/1/4 12608/1/4
f 12506/1/4 12575/1/4 12609/1/4
f 12576/1/4 12507/1/4 12610/1/4
f 12508/1/4 12577/1/4 12611/1/4
f 12578/2/4 12579/2/4 12612/2/4
f 12579/1/4 12509/1/4 12613/1/4
f 12612/2/4 12579/2/4 12613/2/4
f 12509/2/4 12510/2/4 12614/2/4
f 12613/1/4 12509/1/4 12614/1/4
f 12510/1/4 12580/1/4 12615/1/4
f 12614/2/4 12510/2/4 12615/2/4
f 12581/1/4 12511/1/4 12616/1/4
f 12512/1/4 12582/1/4 12617/1/4
f 12583/1/4 12513/1/4 12618/1/4
f 12514/1/4 12584/1/4 12619/1/4
f 12585/1/4 12515/1/4 12620/1/4
f 12516/1/4 12586/1/4 12621/1/4
f 12587/1/4 12517/1/4 12622/1/4
f 12517/2/4 12518/2/4 12622/2/4
f 12518/1/4 12588/1/4 12623/1/4
f 12622/2/4 12518/2/4 12623/2/4
f 12589/1/4 12519/1/4 12624/1/4
f 12519/2/4 12520/2/4 12624/2/4
f 12520/1/4 12590/1/4 12625/1/4
f 12624/2/4 12520/2/4 12625/2/4
f 12591/1/4 12521/1/4 12626/1/4
f 12522/1/4 12592/1/4 12627/1/4
f 12593/1/4 12523/1/4 12628/1/4
f 12523/3/4 12524/3/4 12628/3/4
f 12524/1/4 11459/1/4 12629/1/4
f 12628/3/4 12524/3/4 12629/3/4
f 12596/1/4 12597/1/4 12630/1/4
f 12561/1/4 12596/1/4 12630/1/4
f 12597/1/4 12594/1/4 12631/1/4
f 12630/1/4 12597/1/4 12631/1/4
f 12598/1/4 12599/1/4 12632/1/4
f 12564/1/4 12598/1/4 12632/1/4
f 12599/1/4 12565/1/4 12633/1/4
f 12632/1/4 12599/1/4 12633/1/4
f 12600/1/4 12601/1/4 12634/1/4
f 12566/1/4 12600/1/4 12634/1/4
f 12601/1/4 12567/1/4 12635/1/4
f 12634/1/4 12601/1/4 12635/1/4
f 12602/1/4 12603/1/4 12636/1/4
f 12568/1/4 12602/1/4 12636/1/4
f 12603/1/4 12569/1/4 12637/1/4
f 12636/1/4 12603/1/4 12637/1/4
f 12604/1/4 12605/1/4 12638/1/4
f 12570/1/4 12604/1/4 12638/1/4
f 12605/1/4 12571/1/4 12639/1/4
f 12638/1/4 12605/1/4 12639/1/4
f 12572/1/4 12606/1/4 12640/1/4
f 12606/1/4 12607/1/4 12640/1/4
f 12607/1/4 12573/1/4 12641/1/4
f 12640/1/4 12607/1/4 12641/1/4
f 12574/1/4 12608/1/4 12642/1/4
f 12608/1/4 12609/1/4 12642/1/4
f 12609/1/4 12575/1/4 12643/1/4
f 12642/1/4 12609/1/4 12643/1/4
f 12576/1/4 12610/1/4 12644/1/4
f 12610/1/4 12611/1/4 12644/1/4
f 12611/1/4 12577/1/4 12645/1/4
f 12644/1/4 12611/1/4 12645/1/4
f 12613/1/4 12614/1/4 12646/1/4
f 12614/1/4 12615/1/4 12646/1/4
f 12646/1/4 12615/1/4 12647/1/4
f 12615/1/4 12580/1/4 12648/1/4
f 12647/1/4 12615/1/4 12648/1/4
f 12616/1/4 12617/1/4 12649/1/4
f 12581/1/4 12616/1/4 12649/1/4
f 12617/1/4 12582/1/4 12650/1/4
f 12649/1/4 12617/1/4 12650/1/4
f 12618/1/4 12619/1/4 12651/1/4
f 12583/1/4 12618/1/4 12651/1/4
f 12619/1/4 12584/1/4 12652/1/4
f 12651/1/4 12619/1/4 12652/1/4
f 12620/1/4 12621/1/4 12653/1/4
f 12585/1/4 12620/1/4 12653/1/4
f 12621/1/4 12586/1/4 12654/1/4
f 12653/1/4 12621/1/4 12654/1/4
f 12622/1/4 12623/1/4 12655/1/4
f 12587/1/4 12622/1/4 12655/1/4
f 12623/1/4 12588/1/4 12656/1/4
f 12655/1/4 12623/1/4 12656/1/4
f 12589/1/4 12624/1/4 12657/1/4
f 12624/1/4 12625/1/4 12657/1/4
f 12625/1/4 12590/1/4 12658/1/4
f 12657/1/4 12625/1/4 12658/1/4
f 12626/1/4 12627/1/4 12659/1/4
f 12591/1/4 12626/1/4 12659/1/4
f 12627/1/4 12592/1/4 12660/1/4
f 12659/1/4 12627/1/4 12660/1/4
f 12593/1/4 12628/1/4 12661/1/4
f 12628/1/4 12629/1/4 12661/1/4
f 12629/1/4 11459/1/4 12662/1/4
f 12661/1/4 12629/1/4 12662/1/4
f 12646/2/4 12647/2/4 12663/2/4
f 12613/1/4 12646/1/4 12663/1/4
f 12663/2/4 12647/2/4 12664/2/4
f 12561/1/4 12630/1/4 12666/1/4
f 12631/1/4 12594/1/4 12667/1/4
f 12564/1/4 12632/1/4 12668/1/4
f 12633/1/4 12565/1/4 12669/1/4
f 12566/1/4 12634/1/4 12670/1/4
f 12635/1/4 12567/1/4 12671/1/4
f 12567/2/4 12568/2/4 12671/2/4
f 12568/1/4 12636/1/4 12672/1/4
f 12671/2/4 12568/2/4 12672/2/4
f 12569/2/4 12570/2/4 12673/2/4
f 12637/1/4 12569/1/4 12673/1/4
f 12570/1/4 12638/1/4 12674/1/4
f 12673/2/4 12570/2/4 12674/2/4
f 12639/1/4 12571/1/4 12675/1/4
f 12572/1/4 12640/1/4 12676/1/4
f 12641/1/4 12573/1/4 12677/1/4
f 12574/1/4 12642/1/4 12678/1/4
f 12643/1/4 12575/1/4 12679/1/4
f 12576/1/4 12644/1/4 12680/1/4
f 12645/1/4 12577/1/4 12681/1/4
f 12613/1/4 12663/1/4 12682/1/4
f 12648/1/4 12580/1/4 12683/1/4
f 12581/1/4 12649/1/4 12684/1/4
f 12650/1/4 12582/1/4 12685/1/4
f 12583/1/4 12651/1/4 12686/1/4
f 12652/1/4 12584/1/4 12687/1/4
f 12584/2/4 12585/2/4 12687/2/4
f 12585/1/4 12653/1/4 12688/1/4
f 12687/2/4 12585/2/4 12688/2/4
f 12654/1/4 12586/1/4 12689/1/4
f 12587/1/4 12655/1/4 12690/1/4
f 12656/1/4 12588/1/4 12691/1/4
f 12588/2/4 12589/2/4 12691/2/4
f 12589/1/4 12657/1/4 12692/1/4
f 12691/2/4 12589/2/4 12692/2/4
f 12658/1/4 12590/1/4 12693/1/4
f 12591/1/4 12659/1/4 12694/1/4
f 12660/1/4 12592/1/4 12695/1/4
f 12592/2/4 12593/2/4 12695/2/4
f 12593/1/4 12661/1/4 12696/1/4
f 12695/2/4 12593/2/4 12696/2/4
f 12665/1/4 12666/1/4 12697/1/4
f 12666/1/4 12630/1/4 12698/1/4
f 12697/1/4 12666/1/4 12698/1/4
f 12667/1/4 12668/1/4 12699/1/4
f 12631/1/4 12667/1/4 12699/1/4
f 12668/1/4 12632/1/4 12700/1/4
f 12699/1/4 12668/1/4 12700/1/4
f 12669/1/4 12670/1/4 12701/1/4
f 12633/1/4 12669/1/4 12701/1/4
f 12670/1/4 12634/1/4 12702/1/4
f 12701/1/4 12670/1/4 12702/1/4
f 12671/1/4 12672/1/4 12703/1/4
f 12635/1/4 12671/1/4 12703/1/4
f 12672/1/4 12636/1/4 12704/1/4
f 12703/1/4 12672/1/4 12704/1/4
f 12637/1/4 12673/1/4 12705/1/4
f 12673/1/4 12674/1/4 12705/1/4
f 12674/1/4 12638/1/4 12706/1/4
f 12705/1/4 12674/1/4 12706/1/4
f 12675/1/4 12676/1/4 12707/1/4
f 12639/1/4 12675/1/4 12707/1/4
f 12676/1/4 12640/1/4 12708/1/4
f 12707/1/4 12676/1/4 12708/1/4
f 12677/1/4 12678/1/4 12709/1/4
f 12641/1/4 12677/1/4 12709/1/4
f 12678/1/4 12642/1/4 12710/1/4
f 12709/1/4 12678/1/4 12710/1/4
f 12679/1/4 12680/1/4 12711/1/4
f 12643/1/4 12679/1/4 12711/1/4
f 12680/1/4 12644/1/4 12712/1/4
f 12711/1/4 12680/1/4 12712/1/4
f 12681/1/4 12682/1/4 12713/1/4
f 12645/1/4 12681/1/4 12713/1/4
f 12682/1/4 12663/1/4 12714/1/4
f 12713/1/4 12682/1/4 12714/1/4
f 12683/1/4 12684/1/4 12715/1/4
f 12648/1/4 12683/1/4 12715/1/4
f 12684/1/4 12649/1/4 12716/1/4
f 12715/1/4 12684/1/4 12716/1/4
f 12685/1/4 12686/1/4 12717/1/4
f 12650/1/4 12685/1/4 12717/1/4
f 12686/1/4 12651/1/4 12718/1/4
f 12717/1/4 12686/1/4 12718/1/4
f 12652/1/4 12687/1/4 12719/1/4
f 12687/1/4 12688/1/4 12719/1/4
f 12688/1/4 12653/1/4 12720/1/4
f 12719/1/4 12688/1/4 12720/1/4
f 12654/1/4 12689/1/4 12721/1/4
f 12689/1/4 12690/1/4 12721/1/4
f 12690/1/4 12655/1/4 12722/1/4
f 12721/1/4 12690/1/4 12722/1/4
f 12656/1/4 12691/1/4 12723/1/4
f 12691/1/4 12692/1/4 12723/1/4
f 12692/1/4 12657/1/4 12724/1/4
f 12723/1/4 12692/1/4 12724/1/4
f 12693/1/4 12694/1/4 12725/1/4
f 12658/1/4 12693/1/4 12725/1/4
f 12694/1/4 12659/1/4 12726/1/4
f 12725/1/4 12694/1/4 12726/1/4
f 12660/1/4 12695/1/4 12727/1/4
f 12695/1/4 12696/1/4 12727/1/4
f 12696/1/4 12661/1/4 12728/1/4
f 12727/1/4 12696/1/4 12728/1/4
f 12660/1/4 12727/1/4 12729/1/4
f 12727/2/4 12728/2/4 12729/2/4
f 12728/1/4 12661/1/4 12730/1/4
f 12729/2/4 12728/2/4 12730/2/4
f 12698/1/4 12630/1/4 12731/1/4
f 12631/1/4 12699/1/4 12732/1/4
f 12700/1/4 12632/1/4 12733/1/4
f 12633/1/4 12701/1/4 12734/1/4
f 12702/1/4 12634/1/4 12735/1/4
f 12635/1/4 12703/1/4 12736/1/4
f 12704/1/4 12636/1/4 12737/1/4
f 12636/2/4 12637/2/4 12737/2/4
f 12637/1/4 12705/1/4 12738/1/4
f 12737/2/4 12637/2/4 12738/2/4
f 12706/1/4 12638/1/4 12739/1/4
f 12639/1/4 12707/1/4 12740/1/4
f 12708/1/4 12640/1/4 12741/1/4
f 12640/2/4 12641/2/4 12741/2/4
f 12641/1/4 12709/1/4 12742/1/4
f 12741/2/4 12641/2/4 12742/2/4
f 12710/1/4 12642/1/4 12743/1/4
f 12643/1/4 12711/1/4 12744/1/4
f 12712/1/4 12644/1/4 12745/1/4
f 12644/2/4 12645/2/4 12745/2/4
f 12645/1/4 12713/1/4 12746/1/4
f 12745/2/4 12645/2/4 12746/2/4
f 12714/1/4 12663/1/4 12747/1/4
f 12648/1/4 12715/1/4 12748/1/4
f 12716/1/4 12649/1/4 12749/1/4
f 12650/1/4 12717/1/4 12750/1/4
f 12718/1/4 12651/1/4 12751/1/4
f 12652/1/4 12719/1/4 12752/1/4
f 12720/1/4 12653/1/4 12753/1/4
f 12653/2/4 12654/2/4 12753/2/4
f 12654/1/4 12721/1/4 12754/1/4
f 12753/2/4 12654/2/4 12754/2/4
f 12722/1/4 12655/1/4 12755/1/4
f 12656/1/4 12723/1/4 12756/1/4
f 12724/1/4 12657/1/4 12757/1/4
f 12657/2/4 12658/2/4 12757/2/4
f 12658/1/4 12725/1/4 12758/1/4
f 12757/2/4 12658/2/4 12758/2/4
f 12726/1/4 12659/1/4 12759/1/4
f 12659/2/4 12660/2/4 12759/2/4
f 12660/1/4 12729/1/4 12760/1/4
f 12759/2/4 12660/2/4 12760/2/4
f 12661/2/4 12662/2/4 12761/2/4
f 12730/1/4 12661/1/4 12761/1/4
f 12662/1/4 11459/1/4 12762/1/4
f 12761/2/4 12662/2/4 12762/2/4
f 12731/1/4 12732/1/4 12763/1/4
f 12698/1/4 12731/1/4 12763/1/4
f 12732/1/4 12699/1/4 12764/1/4
f 12763/1/4 12732/1/4 12764/1/4
f 12733/1/4 12734/1/4 12765/1/4
f 12700/1/4 12733/1/4 12765/1/4
f 12734/1/4 12701/1/4 12766/1/4
f 12765/1/4 12734/1/4 12766/1/4
f 12735/1/4 12736/1/4 12767/1/4
f 12702/1/4 12735/1/4 12767/1/4
f 12736/1/4 12703/1/4 12768/1/4
f 12767/1/4 12736/1/4 12768/1/4
f 12768/1/4 12703/1/4 12769/1/4
f 12704/1/4 12737/1/4 12771/1/4
f 12737/1/4 12738/1/4 12771/1/4
f 12738/1/4 12705/1/4 12772/1/4
f 12771/1/4 12738/1/4 12772/1/4
f 12739/1/4 12740/1/4 12773/1/4
f 12706/1/4 12739/1/4 12773/1/4
f 12740/1/4 12707/1/4 12774/1/4
f 12773/1/4 12740/1/4 12774/1/4
f 12708/1/4 12741/1/4 12775/1/4
f 12741/1/4 12742/1/4 12775/1/4
f 12742/1/4 12709/1/4 12776/1/4
f 12775/1/4 12742/1/4 12776/1/4
f 12743/1/4 12744/1/4 12777/1/4
f 12710/1/4 12743/1/4 12777/1/4
f 12744/1/4 12711/1/4 12778/1/4
f 12777/1/4 12744/1/4 12778/1/4
f 12712/1/4 12745/1/4 12779/1/4
f 12745/1/4 12746/1/4 12779/1/4
f 12746/1/4 12713/1/4 12780/1/4
f 12779/1/4 12746/1/4 12780/1/4
f 12747/1/4 12748/1/4 12781/1/4
f 12714/1/4 12747/1/4 12781/1/4
f 12748/1/4 12715/1/4 12782/1/4
f 12781/1/4 12748/1/4 12782/1/4
f 12716/1/4 12749/1/4 12783/1/4
f 12749/1/4 12750/1/4 12783/1/4
f 12750/1/4 12717/1/4 12784/1/4
f 12783/1/4 12750/1/4 12784/1/4
f 12751/1/4 12752/1/4 12785/1/4
f 12718/1/4 12751/1/4 12785/1/4
f 12752/1/4 12719/1/4 12786/1/4
f 12785/1/4 12752/1/4 12786/1/4
f 12720/1/4 12753/1/4 12787/1/4
f 12753/1/4 12754/1/4 12787/1/4
f 12754/1/4 12721/1/4 12788/1/4
f 12787/1/4 12754/1/4 12788/1/4
f 12722/1/4 12755/1/4 12789/1/4
f 12755/1/4 12756/1/4 12789/1/4
f 12756/1/4 12723/1/4 12790/1/4
f 12789/1/4 12756/1/4 12790/1/4
f 12724/1/4 12757/1/4 12791/1/4
f 12757/1/4 12758/1/4 12791/1/4
f 12758/1/4 12725/1/4 12792/1/4
f 12791/1/4 12758/1/4 12792/1/4
f 12726/1/4 12759/1/4 12793/1/4
f 12759/1/4 12760/1/4 12793/1/4
f 12760/1/4 12729/1/4 12794/1/4
f 12793/1/4 12760/1/4 12794/1/4
f 12730/1/4 12761/1/4 12795/1/4
f 12761/1/4 12762/1/4 12795/1/4
f 12762/1/4 11459/1/4 12796/1/4
f 12795/1/4 12762/1/4 12796/1/4
f 12782/1/4 12715/1/4 12797/1/4
f 12716/1/4 12783/1/4 12798/1/4
f 12726/1/4 12793/1/4 12799/1/4
f 12793/2/4 12794/2/4 12799/2/4
f 12794/1/4 12729/1/4 12800/1/4
f 12799/2/4 12794/2/4 12800/2/4
f 12698/1/4 12763/1/4 12802/1/4
f 12764/1/4 12699/1/4 12803/1/4
f 12700/1/4 12765/1/4 12804/1/4
f 12766/1/4 12701/1/4 12805/1/4
f 12701/2/4 12702/2/4 12805/2/4
f 12702/1/4 12767/1/4 12806/1/4
f 12805/2/4 12702/2/4 12806/2/4
f 12769/2/4 12770/2/4 12807/2/4
f 12768/1/4 12769/1/4 12807/1/4
f 12807/2/4 12770/2/4 12808/2/4
f 12704/1/4 12771/1/4 12809/1/4
f 12772/1/4 12705/1/4 12810/1/4
f 12706/1/4 12773/1/4 12811/1/4
f 12774/1/4 12707/1/4 12812/1/4
f 12708/1/4 12775/1/4 12813/1/4
f 12776/1/4 12709/1/4 12814/1/4
f 12709/2/4 12710/2/4 12814/2/4
f 12710/1/4 12777/1/4 12815/1/4
f 12814/2/4 12710/2/4 12815/2/4
f 12778/1/4 12711/1/4 12816/1/4
f 12712/1/4 12779/1/4 12817/1/4
f 12780/1/4 12713/1/4 12818/1/4
f 12714/1/4 12781/1/4 12819/1/4
f 12797/2/4 12798/2/4 12820/2/4
f 12782/1/4 12797/1/4 12820/1/4
f 12798/1/4 12783/1/4 12821/1/4
f 12820/2/4 12798/2/4 12821/2/4
f 12784/1/4 12717/1/4 12822/1/4
f 12717/2/4 12718/2/4 12822/2/4
f 12718/1/4 12785/1/4 12823/1/4
f 12822/2/4 12718/2/4 12823/2/4
f 12786/1/4 12719/1/4 12824/1/4
f 12720/1/4 12787/1/4 12825/1/4
f 12788/1/4 12721/1/4 12826/1/4
f 12722/1/4 12789/1/4 12827/1/4
f 12790/1/4 12723/1/4 12828/1/4
f 12724/1/4 12791/1/4 12829/1/4
f 12792/1/4 12725/1/4 12830/1/4
f 12725/2/4 12726/2/4 12830/2/4
f 12726/1/4 12799/1/4 12831/1/4
f 12830/2/4 12726/2/4 12831/2/4
f 12800/1/4 12729/1/4 12832/1/4
f 12730/1/4 12795/1/4 12833/1/4
f 12801/1/4 12802/1/4 12834/1/4
f 12802/1/4 12763/1/4 12835/1/4
f 12834/1/4 12802/1/4 12835/1/4
f 12803/1/4 12804/1/4 12836/1/4
f 12764/1/4 12803/1/4 12836/1/4
f 12804/1/4 12765/1/4 12837/1/4
f 12836/1/4 12804/1/4 12837/1/4
f 12766/1/4 12805/1/4 12838/1/4
f 12805/1/4 12806/1/4 12838/1/4
f 12806/1/4 12767/1/4 12839/1/4
f 12838/1/4 12806/1/4 12839/1/4
f 12807/1/4 12808/1/4 12840/1/4
f 12808/1/4 12809/1/4 12840/1/4
f 12768/1/4 12807/1/4 12840/1/4
f 12840/1/4 12809/1/4 12841/1/4
f 12809/1/4 12771/1/4 12842/1/4
f 12841/1/4 12809/1/4 12842/1/4
f 12772/1/4 12810/1/4 12843/1/4
f 12810/1/4 12811/1/4 12843/1/4
f 12811/1/4 12773/1/4 12844/1/4
f 12843/1/4 12811/1/4 12844/1/4
f 12812/1/4 12813/1/4 12845/1/4
f 12774/1/4 12812/1/4 12845/1/4
f 12813/1/4 12775/1/4 12846/1/4
f 12845/1/4 12813/1/4 12846/1/4
f 12776/1/4 12814/1/4 12847/1/4
f 12814/1/4 12815/1/4 12847/1/4
f 12815/1/4 12777/1/4 12848/1/4
f 12847/1/4 12815/1/4 12848/1/4
f 12778/1/4 12816/1/4 12849/1/4
f 12816/1/4 12817/1/4 12849/1/4
f 12817/1/4 12779/1/4 12850/1/4
f 12849/1/4 12817/1/4 12850/1/4
f 12818/1/4 12819/1/4 12851/1/4
f 12780/1/4 12818/1/4 12851/1/4
f 12819/1/4 12781/1/4 12852/1/4
f 12851/1/4 12819/1/4 12852/1/4
f 12820/1/4 12821/1/4 12853/1/4
f 12782/1/4 12820/1/4 12853/1/4
f 12821/1/4 12783/1/4 12854/1/4
f 12853/1/4 12821/1/4 12854/1/4
f 12784/1/4 12822/1/4 12855/1/4
f 12822/1/4 12823/1/4 12855/1/4
f 12823/1/4 12785/1/4 12856/1/4
f 12855/1/4 12823/1/4 12856/1/4
f 12824/1/4 12825/1/4 12857/1/4
f 12786/1/4 12824/1/4 12857/1/4
f 12825/1/4 12787/1/4 12858/1/4
f 12857/1/4 12825/1/4 12858/1/4
f 12826/1/4 12827/1/4 12859/1/4
f 12788/1/4 12826/1/4 12859/1/4
f 12827/1/4 12789/1/4 12860/1/4
f 12859/1/4 12827/1/4 12860/1/4
f 12828/1/4 12829/1/4 12861/1/4
f 12790/1/4 12828/1/4 12861/1/4
f 12829/1/4 12791/1/4 12862/1/4
f 12861/1/4 12829/1/4 12862/1/4
f 12792/1/4 12830/1/4 12863/1/4
f 12830/1/4 12831/1/4 12863/1/4
f 12831/1/4 12799/1/4 12864/1/4
f 12863/1/4 12831/1/4 12864/1/4
f 12800/1/4 12832/1/4 12865/1/4
f 12832/1/4 12833/1/4 12865/1/4
f 12833/1/4 12795/1/4 12866/1/4
f 12865/1/4 12833/1/4 12866/1/4
f 12780/1/4 12851/1/4 12868/1/4
f 12835/1/4 12763/1/4 12869/1/4
f 12764/1/4 12836/1/4 12870/1/4
f 12837/1/4 12765/1/4 12871/1/4
f 12766/1/4 12838/1/4 12872/1/4
f 12839/1/4 12767/1/4 12873/1/4
f 12767/2/4 12768/2/4 12873/2/4
f 12768/1/4 12840/1/4 12874/1/4
f 12873/2/4 12768/2/4 12874/2/4
f 12840/3/4 12841/3/4 12875/3/4
f 12874/1/4 12840/1/4 12875/1/4
f 12875/3/4 12841/3/4 12876/3/4
f 12842/1/4 12771/1/4 12877/1/4
f 12772/1/4 12843/1/4 12878/1/4
f 12844/1/4 12773/1/4 12879/1/4
f 12774/1/4 12845/1/4 12880/1/4
f 12846/1/4 12775/1/4 12881/1/4
f 12776/1/4 12847/1/4 12882/1/4
f 12848/1/4 12777/1/4 12883/1/4
f 12778/1/4 12849/1/4 12884/1/4
f 12850/1/4 12779/1/4 12885/1/4
f 12867/2/4 12868/2/4 12886/2/4
f 12868/1/4 12851/1/4 12887/1/4
f 12886/2/4 12868/2/4 12887/2/4
f 12781/3/4 12782/3/4 12888/3/4
f 12852/1/4 12781/1/4 12888/1/4
f 12782/1/4 12853/1/4 12889/1/4
f 12888/3/4 12782/3/4 12889/3/4
f 12854/1/4 12783/1/4 12890/1/4
f 12784/1/4 12855/1/4 12891/1/4
f 12856/1/4 12785/1/4 12892/1/4
f 12785/2/4 12786/2/4 12892/2/4
f 12786/1/4 12857/1/4 12893/1/4
f 12892/2/4 12786/2/4 12893/2/4
f 12858/1/4 12787/1/4 12894/1/4
f 12788/1/4 12859/1/4 12895/1/4
f 12860/1/4 12789/1/4 12896/1/4
f 12790/1/4 12861/1/4 12897/1/4
f 12862/1/4 12791/1/4 12898/1/4
f 12792/1/4 12863/1/4 12899/1/4
f 12864/1/4 12799/1/4 12900/1/4
f 12800/1/4 12865/1/4 12901/1/4
f 12866/1/4 12795/1/4 12902/1/4
f 12796/1/4 11459/1/4 12903/1/4
f 12869/1/4 12870/1/4 12904/1/4
f 12835/1/4 12869/1/4 12904/1/4
f 12870/1/4 12836/1/4 12905/1/4
f 12904/1/4 12870/1/4 12905/1/4
f 12871/1/4 12872/1/4 12906/1/4
f 12837/1/4 12871/1/4 12906/1/4
f 12872/1/4 12838/1/4 12907/1/4
f 12906/1/4 12872/1/4 12907/1/4
f 12839/1/4 12873/1/4 12908/1/4
f 12873/1/4 12874/1/4 12908/1/4
f 12874/1/4 12875/1/4 12908/1/4
f 12908/1/4 12875/1/4 12909/1/4
f 12909/1/4 12875/1/4 12910/1/4
f 12877/1/4 12878/1/4 12911/1/4
f 12842/1/4 12877/1/4 12911/1/4
f 12878/1/4 12843/1/4 12912/1/4
f 12911/1/4 12878/1/4 12912/1/4
f 12879/1/4 12880/1/4 12913/1/4
f 12844/1/4 12879/1/4 12913/1/4
f 12880/1/4 12845/1/4 12914/1/4
f 12913/1/4 12880/1/4 12914/1/4
f 12881/1/4 12882/1/4 12915/1/4
f 12846/1/4 12881/1/4 12915/1/4
f 12882/1/4 12847/1/4 12916/1/4
f 12915/1/4 12882/1/4 12916/1/4
f 12883/1/4 12884/1/4 12917/1/4
f 12848/1/4 12883/1/4 12917/1/4
f 12884/1/4 12849/1/4 12918/1/4
f 12917/1/4 12884/1/4 12918/1/4
f 12850/1/4 12885/1/4 12919/1/4
f 12886/1/4 12887/1/4 12919/1/4
f 12885/1/4 12886/1/4 12919/1/4
f 12887/1/4 12851/1/4 12920/1/4
f 12919/1/4 12887/1/4 12920/1/4
f 12852/1/4 12888/1/4 12921/1/4
f 12888/1/4 12889/1/4 12921/1/4
f 12921/1/4 12889/1/4 12922/1/4
f 12889/1/4 12853/1/4 12923/1/4
f 12922/1/4 12889/1/4 12923/1/4
f 12890/1/4 12891/1/4 12924/1/4
f 12854/1/4 12890/1/4 12924/1/4
f 12891/1/4 12855/1/4 12925/1/4
f 12924/1/4 12891/1/4 12925/1/4
f 12856/1/4 12892/1/4 12926/1/4
f 12892/1/4 12893/1/4 12926/1/4
f 12893/1/4 12857/1/4 12927/1/4
f 12926/1/4 12893/1/4 12927/1/4
f 12894/1/4 12895/1/4 12928/1/4
f 12858/1/4 12894/1/4 12928/1/4
f 12895/1/4 12859/1/4 12929/1/4
f 12928/1/4 12895/1/4 12929/1/4
f 12860/1/4 12896/1/4 12930/1/4
f 12896/1/4 12897/1/4 12930/1/4
f 12897/1/4 12861/1/4 12931/1/4
f 12930/1/4 12897/1/4 12931/1/4
f 12898/1/4 12899/1/4 12932/1/4
f 12862/1/4 12898/1/4 12932/1/4
f 12899/1/4 12863/1/4 12933/1/4
f 12932/1/4 12899/1/4 12933/1/4
f 12900/1/4 12901/1/4 12934/1/4
f 12864/1/4 12900/1/4 12934/1/4
f 12901/1/4 12865/1/4 12935/1/4
f 12934/1/4 12901/1/4 12935/1/4
f 12866/1/4 12902/1/4 12936/1/4
f 12902/1/4 12903/1/4 12936/1/4
f 12903/1/4 11459/1/4 12937/1/4
f 12936/1/4 12903/1/4 12937/1/4
f 12909/2/4 12910/2/4 12938/2/4
f 12910/1/4 12875/1/4 12939/1/4
f 12938/2/4 12910/2/4 12939/2/4
f 12912/1/4 12843/1/4 12940/1/4
f 12844/1/4 12913/1/4 12941/1/4
f 12922/2/4 12923/2/4 12942/2/4
f 12923/1/4 12853/1/4 12943/1/4
f 12942/2/4 12923/2/4 12943/2/4
f 12834/2/4 12835/2/4 12944/2/4
f 12835/1/4 12904/1/4 12945/1/4
f 12944/2/4 12835/2/4 12945/2/4
f 12905/1/4 12836/1/4 12946/1/4
f 12836/3/4 12837/3/4 12946/3/4
f 12837/1/4 12906/1/4 12947/1/4
f 12946/3/4 12837/3/4 12947/3/4
f 12907/1/4 12838/1/4 12948/1/4
f 12839/1/4 12908/1/4 12949/1/4
f 12939/1/4 12875/1/4 12950/1/4
f 12842/1/4 12911/1/4 12951/1/4
f 12940/2/4 12941/2/4 12952/2/4
f 12912/1/4 12940/1/4 12952/1/4
f 12941/1/4 12913/1/4 12953/1/4
f 12952/2/4 12941/2/4 12953/2/4
f 12914/1/4 12845/1/4 12954/1/4
f 12846/1/4 12915/1/4 12955/1/4
f 12916/1/4 12847/1/4 12956/1/4
f 12848/1/4 12917/1/4 12957/1/4
f 12918/1/4 12849/1/4 12958/1/4
f 12849/2/4 12850/2/4 12958/2/4
f 12850/1/4 12919/1/4 12959/1/4
f 12958/2/4 12850/2/4 12959/2/4
f 12920/1/4 12851/1/4 12960/1/4
f 12851/2/4 12852/2/4 12960/2/4
f 12852/1/4 12921/1/4 12961/1/4
f 12960/2/4 12852/2/4 12961/2/4
f 12943/1/4 12853/1/4 12962/1/4
f 12853/2/4 12854/2/4 12962/2/4
f 12854/1/4 12924/1/4 12963/1/4
f 12962/2/4 12854/2/4 12963/2/4
f 12925/1/4 12855/1/4 12964/1/4
f 12856/1/4 12926/1/4 12965/1/4
f 12927/1/4 12857/1/4 12966/1/4
f 12858/1/4 12928/1/4 12967/1/4
f 12929/1/4 12859/1/4 12968/1/4
f 12860/1/4 12930/1/4 12969/1/4
f 12931/1/4 12861/1/4 12970/1/4
f 12862/1/4 12932/1/4 12971/1/4
f 12933/1/4 12863/1/4 12972/1/4
f 12864/1/4 12934/1/4 12973/1/4
f 12935/1/4 12865/1/4 12974/1/4
f 12866/1/4 12936/1/4 12975/1/4
f 12944/1/4 12945/1/4 12976/1/4
f 12945/1/4 12904/1/4 12977/1/4
f 12976/1/4 12945/1/4 12977/1/4
f 12905/1/4 12946/1/4 12978/1/4
f 12946/1/4 12947/1/4 12978/1/4
f 12947/1/4 12906/1/4 12979/1/4
f 12978/1/4 12947/1/4 12979/1/4
f 12907/1/4 12948/1/4 12980/1/4
f 12948/1/4 12949/1/4 12980/1/4
f 12949/1/4 12908/1/4 12981/1/4
f 12980/1/4 12949/1/4 12981/1/4
f 12950/1/4 12951/1/4 12982/1/4
f 12939/1/4 12950/1/4 12982/1/4
f 12951/1/4 12911/1/4 12983/1/4
f 12982/1/4 12951/1/4 12983/1/4
f 12912/1/4 12952/1/4 12984/1/4
f 12952/1/4 12953/1/4 12984/1/4
f 12953/1/4 12913/1/4 12985/1/4
f 12984/1/4 12953/1/4 12985/1/4
f 12954/1/4 12955/1/4 12986/1/4
f 12914/1/4 12954/1/4 12986/1/4
f 12955/1/4 12915/1/4 12987/1/4
f 12986/1/4 12955/1/4 12987/1/4
f 12956/1/4 12957/1/4 12988/1/4
f 12916/1/4 12956/1/4 12988/1/4
f 12957/1/4 12917/1/4 12989/1/4
f 12988/1/4 12957/1/4 12989/1/4
f 12918/1/4 12958/1/4 12990/1/4
f 12958/1/4 12959/1/4 12990/1/4
f 12990/1/4 12959/1/4 12991/1/4
f 12959/1/4 12919/1/4 12992/1/4
f 12991/1/4 12959/1/4 12992/1/4
f 12920/1/4 12960/1/4 12993/1/4
f 12960/1/4 12961/1/4 12993/1/4
f 12993/1/4 12961/1/4 12994/1/4
f 12961/1/4 12921/1/4 12995/1/4
f 12994/1/4 12961/1/4 12995/1/4
f 12943/1/4 12962/1/4 12996/1/4
f 12962/1/4 12963/1/4 12996/1/4
f 12963/1/4 12924/1/4 12997/1/4
f 12996/1/4 12963/1/4 12997/1/4
f 12964/1/4 12965/1/4 12998/1/4
f 12925/1/4 12964/1/4 12998/1/4
f 12965/1/4 12926/1/4 12999/1/4
f 12998/1/4 12965/1/4 12999/1/4
f 12966/1/4 12967/1/4 13000/1/4
f 12927/1/4 12966/1/4 13000/1/4
f 12967/1/4 12928/1/4 13001/1/4
f 13000/1/4 12967/1/4 13001/1/4
f 12968/1/4 12969/1/4 13002/1/4
f 12929/1/4 12968/1/4 13002/1/4
f 12969/1/4 12930/1/4 13003/1/4
f 13002/1/4 12969/1/4 13003/1/4
f 12970/1/4 12971/1/4 13004/1/4
f 12931/1/4 12970/1/4 13004/1/4
f 12971/1/4 12932/1/4 13005/1/4
f 13004/1/4 12971/1/4 13005/1/4
f 13005/1/4 12932/1/4 13006/1/4
f 12972/1/4 12973/1/4 13008/1/4
f 12933/1/4 12972/1/4 13008/1/4
f 12973/1/4 12934/1/4 13009/1/4
f 13008/1/4 12973/1/4 13009/1/4
f 12935/1/4 12974/1/4 13010/1/4
f 12974/1/4 12975/1/4 13010/1/4
f 12975/1/4 12936/1/4 13011/1/4
f 13010/1/4 12975/1/4 13011/1/4
f 12914/1/4 12986/1/4 13013/1/4
f 12991/2/4 12992/2/4 13014/2/4
f 12992/1/4 12919/1/4 13015/1/4
f 13014/2/4 12992/2/4 13015/2/4
f 12993/2/4 12994/2/4 13016/2/4
f 12920/1/4 12993/1/4 13016/1/4
f 13016/2/4 12994/2/4 13017/2/4
f 12977/1/4 12904/1/4 13018/1/4
f 12905/1/4 12978/1/4 13019/1/4
f 12979/1/4 12906/1/4 13020/1/4
f 12907/1/4 12980/1/4 13021/1/4
f 12981/1/4 12908/1/4 13022/1/4
f 12939/1/4 12982/1/4 13023/1/4
f 12983/1/4 12911/1/4 13024/1/4
f 12912/1/4 12984/1/4 13025/1/4
f 12985/1/4 12913/1/4 13026/1/4
f 13012/2/4 13013/2/4 13027/2/4
f 13013/1/4 12986/1/4 13028/1/4
f 13027/2/4 13013/2/4 13028/2/4
f 12987/1/4 12915/1/4 13029/1/4
f 12916/1/4 12988/1/4 13030/1/4
f 12989/1/4 12917/1/4 13031/1/4
f 12918/1/4 12990/1/4 13032/1/4
f 13015/1/4 12919/1/4 13033/1/4
f 12919/2/4 12920/2/4 13033/2/4
f 12920/1/4 13016/1/4 13034/1/4
f 13033/2/4 12920/2/4 13034/2/4
f 12995/1/4 12921/1/4 13035/1/4
f 12943/1/4 12996/1/4 13036/1/4
f 12997/1/4 12924/1/4 13037/1/4
f 12924/2/4 12925/2/4 13037/2/4
f 12925/1/4 12998/1/4 13038/1/4
f 13037/2/4 12925/2/4 13038/2/4
f 12999/1/4 12926/1/4 13039/1/4
f 12927/1/4 13000/1/4 13040/1/4
f 13001/1/4 12928/1/4 13041/1/4
f 12928/2/4 12929/2/4 13041/2/4
f 12929/1/4 13002/1/4 13042/1/4
f 13041/2/4 12929/2/4 13042/2/4
f 13003/1/4 12930/1/4 13043/1/4
f 12930/2/4 12931/2/4 13043/2/4
f 12931/1/4 13004/1/4 13044/1/4
f 13043/2/4 12931/2/4 13044/2/4
f 13006/2/4 13007/2/4 13045/2/4
f 13005/1/4 13006/1/4 13045/1/4
f 13045/2/4 13007/2/4 13046/2/4
f 12933/1/4 13008/1/4 13047/1/4
f 13009/1/4 12934/1/4 13048/1/4
f 12935/1/4 13010/1/4 13049/1/4
f 13011/1/4 12936/1/4 13050/1/4
f 12936/2/4 12937/2/4 13050/2/4
f 12937/1/4 11459/1/4 13051/1/4
f 13050/2/4 12937/2/4 13051/2/4
f 12977/1/4 13018/1/4 13052/1/4
f 13018/1/4 13019/1/4 13052/1/4
f 13019/1/4 12978/1/4 13053/1/4
f 13052/1/4 13019/1/4 13053/1/4
f 13020/1/4 13021/1/4 13054/1/4
f 12979/1/4 13020/1/4 13054/1/4
f 13021/1/4 12980/1/4 13055/1/4
f 13054/1/4 13021/1/4 13055/1/4
f 12981/1/4 13022/1/4 13056/1/4
f 13022/1/4 13023/1/4 13056/1/4
f 13023/1/4 12982/1/4 13057/1/4
f 13056/1/4 13023/1/4 13057/1/4
f 12983/1/4 13024/1/4 13058/1/4
f 13024/1/4 13025/1/4 13058/1/4
f 13058/1/4 13025/1/4 13059/1/4
f 13025/1/4 12984/1/4 13060/1/4
f 13059/1/4 13025/1/4 13060/1/4
f 12985/1/4 13026/1/4 13061/1/4
f 13026/1/4 13027/1/4 13061/1/4
f 13027/1/4 13028/1/4 13061/1/4
f 13028/1/4 12986/1/4 13062/1/4
f 13061/1/4 13028/1/4 13062/1/4
f 13029/1/4 13030/1/4 13063/1/4
f 12987/1/4 13029/1/4 13063/1/4
f 13030/1/4 12988/1/4 13064/1/4
f 13063/1/4 13030/1/4 13064/1/4
f 13031/1/4 13032/1/4 13065/1/4
f 12989/1/4 13031/1/4 13065/1/4
f 13032/1/4 12990/1/4 13066/1/4
f 13065/1/4 13032/1/4 13066/1/4
f 13033/1/4 13034/1/4 13067/1/4
f 13015/1/4 13033/1/4 13067/1/4
f 13034/1/4 13016/1/4 13068/1/4
f 13067/1/4 13034/1/4 13068/1/4
f 13035/1/4 13036/1/4 13069/1/4
f 12995/1/4 13035/1/4 13069/1/4
f 13036/1/4 12996/1/4 13070/1/4
f 13069/1/4 13036/1/4 13070/1/4
f 12997/1/4 13037/1/4 13071/1/4
f 13037/1/4 13038/1/4 13071/1/4
f 13038/1/4 12998/1/4 13072/1/4
f 13071/1/4 13038/1/4 13072/1/4
f 13039/1/4 13040/1/4 13073/1/4
f 12999/1/4 13039/1/4 13073/1/4
f 13040/1/4 13000/1/4 13074/1/4
f 13073/1/4 13040/1/4 13074/1/4
f 13041/1/4 13042/1/4 13075/1/4
f 13001/1/4 13041/1/4 13075/1/4
f 13042/1/4 13002/1/4 13076/1/4
f 13075/1/4 13042/1/4 13076/1/4
f 13043/1/4 13044/1/4 13077/1/4
f 13003/1/4 13043/1/4 13077/1/4
f 13044/1/4 13004/1/4 13078/1/4
f 13077/1/4 13044/1/4 13078/1/4
f 13046/1/4 13047/1/4 13079/1/4
f 13045/1/4 13046/1/4 13079/1/4
f 13005/1/4 13045/1/4 13079/1/4
f 13047/1/4 13008/1/4 13080/1/4
f 13079/1/4 13047/1/4 13080/1/4
f 13048/1/4 13049/1/4 13081/1/4
f 13009/1/4 13048/1/4 13081/1/4
f 13049/1/4 13010/1/4 13082/1/4
f 13081/1/4 13049/1/4 13082/1/4
f 13011/1/4 13050/1/4 13083/1/4
f 13050/1/4 13051/1/4 13083/1/4
f 13051/1/4 11459/1/4 13084/1/4
f 13083/1/4 13051/1/4 13084/1/4
f 13062/1/4 12986/1/4 13085/1/4
f 13015/1/4 13067/1/4 13087/1/4
f 13067/3/4 13068/3/4 13087/3/4
f 13068/1/4 13016/1/4 13088/1/4
f 13087/3/4 13068/3/4 13088/3/4
f 12977/1/4 13052/1/4 13090/1/4
f 13053/1/4 12978/1/4 13091/1/4
f 12979/1/4 13054/1/4 13092/1/4
f 13055/1/4 12980/1/4 13093/1/4
f 12981/1/4 13056/1/4 13094/1/4
f 13057/1/4 12982/1/4 13095/1/4
f 12983/1/4 13058/1/4 13096/1/4
f 13059/2/4 13060/2/4 13097/2/4
f 13060/1/4 12984/1/4 13098/1/4
f 13097/2/4 13060/2/4 13098/2/4
f 12984/2/4 12985/2/4 13099/2/4
f 13098/1/4 12984/1/4 13099/1/4
f 12985/1/4 13061/1/4 13100/1/4
f 13099/2/4 12985/2/4 13100/2/4
f 13085/2/4 13086/2/4 13101/2/4
f 13062/1/4 13085/1/4 13101/1/4
f 13101/2/4 13086/2/4 13102/2/4
f 12987/1/4 13063/1/4 13103/1/4
f 12988/2/4 12989/2/4 13104/2/4
f 13064/1/4 12988/1/4 13104/1/4
f 12989/1/4 13065/1/4 13105/1/4
f 13104/2/4 12989/2/4 13105/2/4
f 13066/1/4 12990/1/4 13106/1/4
f 13015/1/4 13087/1/4 13107/1/4
f 13088/1/4 13016/1/4 13108/1/4
f 12995/1/4 13069/1/4 13109/1/4
f 13070/1/4 12996/1/4 13110/1/4
f 12997/1/4 13071/1/4 13111/1/4
f 13072/1/4 12998/1/4 13112/1/4
f 12999/1/4 13073/1/4 13113/1/4
f 13074/1/4 13000/1/4 13114/1/4
f 13001/1/4 13075/1/4 13115/1/4
f 13002/2/4 13003/2/4 13116/2/4
f 13076/1/4 13002/1/4 13116/1/4
f 13003/1/4 13077/1/4 13117/1/4
f 13116/2/4 13003/2/4 13117/2/4
f 13078/1/4 13004/1/4 13118/1/4
f 13004/4/4 13005/4/4 13118/4/4
f 13005/1/4 13079/1/4 13119/1/4
f 13118/4/4 13005/4/4 13119/4/4
f 13080/1/4 13008/1/4 13120/1/4
f 13008/2/4 13009/2/4 13120/2/4
f 13009/1/4 13081/1/4 13121/1/4
f 13120/2/4 13009/2/4 13121/2/4
f 13010/2/4 13011/2/4 13122/2/4
f 13082/1/4 13010/1/4 13122/1/4
f 13011/1/4 13083/1/4 13123/1/4
f 13122/2/4 13011/2/4 13123/2/4
f 13089/1/4 13090/1/4 13124/1/4
f 13090/1/4 13052/1/4 13125/1/4
f 13124/1/4 13090/1/4 13125/1/4
f 13091/1/4 13092/1/4 13126/1/4
f 13053/1/4 13091/1/4 13126/1/4
f 13092/1/4 13054/1/4 13127/1/4
f 13126/1/4 13092/1/4 13127/1/4
f 13093/1/4 13094/1/4 13128/1/4
f 13055/1/4 13093/1/4 13128/1/4
f 13094/1/4 13056/1/4 13129/1/4
f 13128/1/4 13094/1/4 13129/1/4
f 13095/1/4 13096/1/4 13130/1/4
f 13057/1/4 13095/1/4 13130/1/4
f 13096/1/4 13058/1/4 13131/1/4
f 13130/1/4 13096/1/4 13131/1/4
f 13098/1/4 13099/1/4 13132/1/4
f 13099/1/4 13100/1/4 13132/1/4
f 13132/1/4 13100/1/4 13133/1/4
f 13100/1/4 13061/1/4 13134/1/4
f 13133/1/4 13100/1/4 13134/1/4
f 13102/1/4 13103/1/4 13135/1/4
f 13101/1/4 13102/1/4 13135/1/4
f 13062/1/4 13101/1/4 13135/1/4
f 13135/1/4 13103/1/4 13136/1/4
f 13103/1/4 13063/1/4 13137/1/4
f 13136/1/4 13103/1/4 13137/1/4
f 13064/1/4 13104/1/4 13138/1/4
f 13104/1/4 13105/1/4 13138/1/4
f 13105/1/4 13065/1/4 13139/1/4
f 13138/1/4 13105/1/4 13139/1/4
f 13066/1/4 13106/1/4 13140/1/4
f 13106/1/4 13107/1/4 13140/1/4
f 13107/1/4 13087/1/4 13141/1/4
f 13140/1/4 13107/1/4 13141/1/4
f 13088/1/4 13108/1/4 13142/1/4
f 13108/1/4 13109/1/4 13142/1/4
f 13109/1/4 13069/1/4 13143/1/4
f 13142/1/4 13109/1/4 13143/1/4
f 13110/1/4 13111/1/4 13144/1/4
f 13070/1/4 13110/1/4 13144/1/4
f 13111/1/4 13071/1/4 13145/1/4
f 13144/1/4 13111/1/4 13145/1/4
f 13072/1/4 13112/1/4 13146/1/4
f 13112/1/4 13113/1/4 13146/1/4
f 13113/1/4 13073/1/4 13147/1/4
f 13146/1/4 13113/1/4 13147/1/4
f 13074/1/4 13114/1/4 13148/1/4
f 13114/1/4 13115/1/4 13148/1/4
f 13115/1/4 13075/1/4 13149/1/4
f 13148/1/4 13115/1/4 13149/1/4
f 13076/1/4 13116/1/4 13150/1/4
f 13116/1/4 13117/1/4 13150/1/4
f 13117/1/4 13077/1/4 13151/1/4
f 13150/1/4 13117/1/4 13151/1/4
f 13078/1/4 13118/1/4 13152/1/4
f 13118/1/4 13119/1/4 13152/1/4
f 13152/1/4 13119/1/4 13153/1/4
f 13119/1/4 13079/1/4 13154/1/4
f 13153/1/4 13119/1/4 13154/1/4
f 13120/1/4 13121/1/4 13155/1/4
f 13080/1/4 13120/1/4 13155/1/4
f 13121/1/4 13081/1/4 13156/1/4
f 13155/1/4 13121/1/4 13156/1/4
f 13082/1/4 13122/1/4 13157/1/4
f 13122/1/4 13123/1/4 13157/1/4
f 13123/1/4 13083/1/4 13158/1/4
f 13157/1/4 13123/1/4 13158/1/4
f 13153/2/4 13154/2/4 13159/2/4
f 13154/1/4 13079/1/4 13160/1/4
f 13159/2/4 13154/2/4 13160/2/4
f 13125/1/4 13052/1/4 13161/1/4
f 13053/1/4 13126/1/4 13162/1/4
f 13127/1/4 13054/1/4 13163/1/4
f 13055/1/4 13128/1/4 13164/1/4
f 13129/1/4 13056/1/4 13165/1/4
f 13057/1/4 13130/1/4 13166/1/4
f 13131/1/4 13058/1/4 13167/1/4
f 13098/1/4 13132/1/4 13168/1/4
f 13061/2/4 13062/2/4 13169/2/4
f 13134/1/4 13061/1/4 13169/1/4
f 13062/1/4 13135/1/4 13170/1/4
f 13169/2/4 13062/2/4 13170/2/4
f 13135/2/4 13136/2/4 13171/2/4
f 13170/1/4 13135/1/4 13171/1/4
f 13171/2/4 13136/2/4 13172/2/4
f 13137/1/4 13063/1/4 13173/1/4
f 13064/1/4 13138/1/4 13174/1/4
f 13139/1/4 13065/1/4 13175/1/4
f 13065/4/4 13066/4/4 13175/4/4
f 13066/1/4 13140/1/4 13176/1/4
f 13175/4/4 13066/4/4 13176/4/4
f 13141/1/4 13087/1/4 13177/1/4
f 13088/1/4 13142/1/4 13178/1/4
f 13143/1/4 13069/1/4 13179/1/4
f 13070/1/4 13144/1/4 13180/1/4
f 13145/1/4 13071/1/4 13181/1/4
f 13072/1/4 13146/1/4 13182/1/4
f 13147/1/4 13073/1/4 13183/1/4
f 13074/1/4 13148/1/4 13184/1/4
f 13149/1/4 13075/1/4 13185/1/4
f 13075/2/4 13076/2/4 13185/2/4
f 13076/1/4 13150/1/4 13186/1/4
f 13185/2/4 13076/2/4 13186/2/4
f 13151/1/4 13077/1/4 13187/1/4
f 13078/1/4 13152/1/4 13188/1/4
f 13160/1/4 13079/1/4 13189/1/4
f 13080/1/4 13155/1/4 13190/1/4
f 13156/1/4 13081/1/4 13191/1/4
f 13081/2/4 13082/2/4 13191/2/4
f 13082/1/4 13157/1/4 13192/1/4
f 13191/2/4 13082/2/4 13192/2/4
f 13158/1/4 13083/1/4 13193/1/4
f 13084/1/4 11459/1/4 13194/1/4
f 13161/1/4 13162/1/4 13195/1/4
f 13125/1/4 13161/1/4 13195/1/4
f 13162/1/4 13126/1/4 13196/1/4
f 13195/1/4 13162/1/4 13196/1/4
f 13163/1/4 13164/1/4 13197/1/4
f 13127/1/4 13163/1/4 13197/1/4
f 13164/1/4 13128/1/4 13198/1/4
f 13197/1/4 13164/1/4 13198/1/4
f 13165/1/4 13166/1/4 13199/1/4
f 13129/1/4 13165/1/4 13199/1/4
f 13166/1/4 13130/1/4 13200/1/4
f 13199/1/4 13166/1/4 13200/1/4
f 13167/1/4 13168/1/4 13201/1/4
f 13131/1/4 13167/1/4 13201/1/4
f 13168/1/4 13132/1/4 13202/1/4
f 13201/1/4 13168/1/4 13202/1/4
f 13133/2/4 13134/2/4 13203/2/4
f 13134/1/4 13169/1/4 13204/1/4
f 13203/2/4 13134/2/4 13204/2/4
f 13169/1/4 13170/1/4 13204/1/4
f 13170/1/4 13171/1/4 13204/1/4
f 13204/1/4 13171/1/4 13205/1/4
f 13205/1/4 13171/1/4 13206/1/4
f 13173/1/4 13174/1/4 13207/1/4
f 13137/1/4 13173/1/4 13207/1/4
f 13174/1/4 13138/1/4 13208/1/4
f 13207/1/4 13174/1/4 13208/1/4
f 13139/1/4 13175/1/4 13209/1/4
f 13175/1/4 13176/1/4 13209/1/4
f 13176/1/4 13140/1/4 13210/1/4
f 13209/1/4 13176/1/4 13210/1/4
f 13177/1/4 13178/1/4 13211/1/4
f 13141/1/4 13177/1/4 13211/1/4
f 13178/1/4 13142/1/4 13212/1/4
f 13211/1/4 13178/1/4 13212/1/4
f 13179/1/4 13180/1/4 13213/1/4
f 13143/1/4 13179/1/4 13213/1/4
f 13180/1/4 13144/1/4 13214/1/4
f 13213/1/4 13180/1/4 13214/1/4
f 13181/1/4 13182/1/4 13215/1/4
f 13145/1/4 13181/1/4 13215/1/4
f 13182/1/4 13146/1/4 13216/1/4
f 13215/1/4 13182/1/4 13216/1/4
f 13183/1/4 13184/1/4 13217/1/4
f 13147/1/4 13183/1/4 13217/1/4
f 13184/1/4 13148/1/4 13218/1/4
f 13217/1/4 13184/1/4 13218/1/4
f 13149/1/4 13185/1/4 13219/1/4
f 13185/1/4 13186/1/4 13219/1/4
f 13186/1/4 13150/1/4 13220/1/4
f 13219/1/4 13186/1/4 13220/1/4
f 13151/1/4 13187/1/4 13221/1/4
f 13187/1/4 13188/1/4 13221/1/4
f 13188/1/4 13152/1/4 13222/1/4
f 13221/1/4 13188/1/4 13222/1/4
f 13160/1/4 13189/1/4 13223/1/4
f 13189/1/4 13190/1/4 13223/1/4
f 13190/1/4 13155/1/4 13224/1/4
f 13223/1/4 13190/1/4 13224/1/4
f 13156/1/4 13191/1/4 13225/1/4
f 13191/1/4 13192/1/4 13225/1/4
f 13192/1/4 13157/1/4 13226/1/4
f 13225/1/4 13192/1/4 13226/1/4
f 13193/1/4 13194/1/4 13227/1/4
f 13158/1/4 13193/1/4 13227/1/4
f 13194/1/4 11459/1/4 13228/1/4
f 13227/1/4 13194/1/4 13228/1/4
f 13204/1/4 13205/1/4 13229/1/4
f 13205/3/4 13206/3/4 13229/3/4
f 13206/1/4 13171/1/4 13230/1/4
f 13229/3/4 13206/3/4 13230/3/4
f 13125/1/4 13195/1/4 13232/1/4
f 13196/1/4 13126/1/4 13233/1/4
f 13126/2/4 13127/2/4 13233/2/4
f 13127/1/4 13197/1/4 13234/1/4
f 13233/2/4 13127/2/4 13234/2/4
f 13198/1/4 13128/1/4 13235/1/4
f 13129/1/4 13199/1/4 13236/1/4
f 13130/2/4 13131/2/4 13237/2/4
f 13200/1/4 13130/1/4 13237/1/4
f 13131/1/4 13201/1/4 13238/1/4
f 13237/2/4 13131/2/4 13238/2/4
f 13202/1/4 13132/1/4 13239/1/4
f 13204/1/4 13229/1/4 13240/1/4
f 13230/1/4 13171/1/4 13241/1/4
f 13137/1/4 13207/1/4 13242/1/4
f 13208/1/4 13138/1/4 13243/1/4
f 13139/1/4 13209/1/4 13244/1/4
f 13210/1/4 13140/1/4 13245/1/4
f 13140/2/4 13141/2/4 13245/2/4
f 13141/1/4 13211/1/4 13246/1/4
f 13245/2/4 13141/2/4 13246/2/4
f 13212/1/4 13142/1/4 13247/1/4
f 13143/1/4 13213/1/4 13248/1/4
f 13214/1/4 13144/1/4 13249/1/4
f 13145/1/4 13215/1/4 13250/1/4
f 13216/1/4 13146/1/4 13251/1/4
f 13147/1/4 13217/1/4 13252/1/4
f 13218/1/4 13148/1/4 13253/1/4
f 13149/1/4 13219/1/4 13254/1/4
f 13220/1/4 13150/1/4 13255/1/4
f 13150/2/4 13151/2/4 13255/2/4
f 13151/1/4 13221/1/4 13256/1/4
f 13255/2/4 13151/2/4 13256/2/4
f 13222/1/4 13152/1/4 13257/1/4
f 13160/1/4 13223/1/4 13258/1/4
f 13224/1/4 13155/1/4 13259/1/4
f 13156/1/4 13225/1/4 13260/1/4
f 13226/1/4 13157/1/4 13261/1/4
f 13158/1/4 13227/1/4 13262/1/4
f 13231/1/4 13232/1/4 13263/1/4
f 13232/1/4 13195/1/4 13264/1/4
f 13263/1/4 13232/1/4 13264/1/4
f 13196/1/4 13233/1/4 13265/1/4
f 13233/1/4 13234/1/4 13265/1/4
f 13234/1/4 13197/1/4 13266/1/4
f 13265/1/4 13234/1/4 13266/1/4
f 13235/1/4 13236/1/4 13267/1/4
f 13198/1/4 13235/1/4 13267/1/4
f 13236/1/4 13199/1/4 13268/1/4
f 13267/1/4 13236/1/4 13268/1/4
f 13200/1/4 13237/1/4 13269/1/4
f 13237/1/4 13238/1/4 13269/1/4
f 13238/1/4 13201/1/4 13270/1/4
f 13269/1/4 13238/1/4 13270/1/4
f 13202/1/4 13239/1/4 13271/1/4
f 13239/1/4 13240/1/4 13271/1/4
f 13240/1/4 13229/1/4 13272/1/4
f 13271/1/4 13240/1/4 13272/1/4
f 13230/1/4 13241/1/4 13273/1/4
f 13241/1/4 13242/1/4 13273/1/4
f 13242/1/4 13207/1/4 13274/1/4
f 13273/1/4 13242/1/4 13274/1/4
f 13243/1/4 13244/1/4 13275/1/4
f 13208/1/4 13243/1/4 13275/1/4
f 13244/1/4 13209/1/4 13276/1/4
f 13275/1/4 13244/1/4 13276/1/4
f 13210/1/4 13245/1/4 13277/1/4
f 13245/1/4 13246/1/4 13277/1/4
f 13246/1/4 13211/1/4 13278/1/4
f 13277/1/4 13246/1/4 13278/1/4
f 13247/1/4 13248/1/4 13279/1/4
f 13212/1/4 13247/1/4 13279/1/4
f 13248/1/4 13213/1/4 13280/1/4
f 13279/1/4 13248/1/4 13280/1/4
f 13249/1/4 13250/1/4 13281/1/4
f 13214/1/4 13249/1/4 13281/1/4
f 13250/1/4 13215/1/4 13282/1/4
f 13281/1/4 13250/1/4 13282/1/4
f 13251/1/4 13252/1/4 13283/1/4
f 13216/1/4 13251/1/4 13283/1/4
f 13252/1/4 13217/1/4 13284/1/4
f 13283/1/4 13252/1/4 13284/1/4
f 13253/1/4 13254/1/4 13285/1/4
f 13218/1/4 13253/1/4 13285/1/4
f 13254/1/4 13219/1/4 13286/1/4
f 13285/1/4 13254/1/4 13286/1/4
f 13220/1/4 13255/1/4 13287/1/4
f 13255/1/4 13256/1/4 13287/1/4
f 13256/1/4 13221/1/4 13288/1/4
f 13287/1/4 13256/1/4 13288/1/4
f 13222/1/4 13257/1/4 13289/1/4
f 13257/1/4 13258/1/4 13289/1/4
f 13258/1/4 13223/1/4 13290/1/4
f 13289/1/4 13258/1/4 13290/1/4
f 13224/1/4 13259/1/4 13291/1/4
f 13259/1/4 13260/1/4 13291/1/4
f 13260/1/4 13225/1/4 13292/1/4
f 13291/1/4 13260/1/4 13292/1/4
f 13226/1/4 13261/1/4 13293/1/4
f 13261/1/4 13262/1/4 13293/1/4
f 13262/1/4 13227/1/4 13294/1/4
f 13293/1/4 13262/1/4 13294/1/4
f 13195/2/4 13196/2/4 13295/2/4
f 13264/1/4 13195/1/4 13295/1/4
f 13196/1/4 13265/1/4 13296/1/4
f 13295/2/4 13196/2/4 13296/2/4
f 13266/1/4 13197/1/4 13297/1/4
f 13198/1/4 13267/1/4 13298/1/4
f 13268/1/4 13199/1/4 13299/1/4
f 13200/1/4 13269/1/4 13300/1/4
f 13270/1/4 13201/1/4 13301/1/4
f 13202/1/4 13271/1/4 13302/1/4
f 13272/1/4 13229/1/4 13303/1/4
f 13230/1/4 13273/1/4 13304/1/4
f 13274/1/4 13207/1/4 13305/1/4
f 13208/1/4 13275/1/4 13306/1/4
f 13276/1/4 13209/1/4 13307/1/4
f 13210/1/4 13277/1/4 13308/1/4
f 13278/1/4 13211/1/4 13309/1/4
f 13212/1/4 13279/1/4 13310/1/4
f 13280/1/4 13213/1/4 13311/1/4
f 13213/2/4 13214/2/4 13311/2/4
f 13214/1/4 13281/1/4 13312/1/4
f 13311/2/4 13214/2/4 13312/2/4
f 13282/1/4 13215/1/4 13313/1/4
f 13215/3/4 13216/3/4 13313/3/4
f 13216/1/4 13283/1/4 13314/1/4
f 13313/3/4 13216/3/4 13314/3/4
f 13284/1/4 13217/1/4 13315/1/4
f 13218/1/4 13285/1/4 13316/1/4
f 13286/1/4 13219/1/4 13317/1/4
f 13220/1/4 13287/1/4 13318/1/4
f 13288/1/4 13221/1/4 13319/1/4
f 13222/1/4 13289/1/4 13320/1/4
f 13290/1/4 13223/1/4 13321/1/4
f 13224/1/4 13291/1/4 13322/1/4
f 13292/1/4 13225/1/4 13323/1/4
f 13226/1/4 13293/1/4 13324/1/4
f 13294/1/4 13227/1/4 13325/1/4
f 13228/1/4 11459/1/4 13326/1/4
f 13264/1/4 13295/1/4 13327/1/4
f 13295/1/4 13296/1/4 13327/1/4
f 13296/1/4 13265/1/4 13328/1/4
f 13327/1/4 13296/1/4 13328/1/4
f 13266/1/4 13297/1/4 13329/1/4
f 13297/1/4 13298/1/4 13329/1/4
f 13298/1/4 13267/1/4 13330/1/4
f 13329/1/4 13298/1/4 13330/1/4
f 13299/1/4 13300/1/4 13331/1/4
f 13268/1/4 13299/1/4 13331/1/4
f 13300/1/4 13269/1/4 13332/1/4
f 13331/1/4 13300/1/4 13332/1/4
f 13332/1/4 13269/1/4 13333/1/4
f 13301/1/4 13302/1/4 13335/1/4
f 13270/1/4 13301/1/4 13335/1/4
f 13302/1/4 13271/1/4 13336/1/4
f 13335/1/4 13302/1/4 13336/1/4
f 13303/1/4 13304/1/4 13337/1/4
f 13272/1/4 13303/1/4 13337/1/4
f 13304/1/4 13273/1/4 13338/1/4
f 13337/1/4 13304/1/4 13338/1/4
f 13274/1/4 13305/1/4 13339/1/4
f 13305/1/4 13306/1/4 13339/1/4
f 13306/1/4 13275/1/4 13340/1/4
f 13339/1/4 13306/1/4 13340/1/4
f 13276/1/4 13307/1/4 13341/1/4
f 13307/1/4 13308/1/4 13341/1/4
f 13308/1/4 13277/1/4 13342/1/4
f 13341/1/4 13308/1/4 13342/1/4
f 13309/1/4 13310/1/4 13343/1/4
f 13278/1/4 13309/1/4 13343/1/4
f 13310/1/4 13279/1/4 13344/1/4
f 13343/1/4 13310/1/4 13344/1/4
f 13311/1/4 13312/1/4 13345/1/4
f 13280/1/4 13311/1/4 13345/1/4
f 13312/1/4 13281/1/4 13346/1/4
f 13345/1/4 13312/1/4 13346/1/4
f 13282/1/4 13313/1/4 13347/1/4
f 13313/1/4 13314/1/4 13347/1/4
f 13314/1/4 13283/1/4 13348/1/4
f 13347/1/4 13314/1/4 13348/1/4
f 13315/1/4 13316/1/4 13349/1/4
f 13284/1/4 13315/1/4 13349/1/4
f 13316/1/4 13285/1/4 13350/1/4
f 13349/1/4 13316/1/4 13350/1/4
f 13286/1/4 13317/1/4 13351/1/4
f 13317/1/4 13318/1/4 13351/1/4
f 13318/1/4 13287/1/4 13352/1/4
f 13351/1/4 13318/1/4 13352/1/4
f 13319/1/4 13320/1/4 13353/1/4
f 13288/1/4 13319/1/4 13353/1/4
f 13320/1/4 13289/1/4 13354/1/4
f 13353/1/4 13320/1/4 13354/1/4
f 13290/1/4 13321/1/4 13355/1/4
f 13321/1/4 13322/1/4 13355/1/4
f 13322/1/4 13291/1/4 13356/1/4
f 13355/1/4 13322/1/4 13356/1/4
f 13323/1/4 13324/1/4 13357/1/4
f 13292/1/4 13323/1/4 13357/1/4
f 13324/1/4 13293/1/4 13358/1/4
f 13357/1/4 13324/1/4 13358/1/4
f 13294/1/4 13325/1/4 13359/1/4
f 13325/1/4 13326/1/4 13359/1/4
f 13326/1/4 11459/1/4 13360/1/4
f 13359/1/4 13326/1/4 13360/1/4
f 13264/1/4 13327/1/4 13362/1/4
f 13328/1/4 13265/1/4 13363/1/4
f 13266/1/4 13329/1/4 13364/1/4
f 13330/1/4 13267/1/4 13365/1/4
f 13267/2/4 13268/2/4 13365/2/4
f 13268/1/4 13331/1/4 13366/1/4
f 13365/2/4 13268/2/4 13366/2/4
f 13333/2/4 13334/2/4 13367/2/4
f 13332/1/4 13333/1/4 13367/1/4
f 13367/2/4 13334/2/4 13368/2/4
f 13270/1/4 13335/1/4 13369/1/4
f 13336/1/4 13271/1/4 13370/1/4
f 13272/1/4 13337/1/4 13371/1/4
f 13273/2/4 13274/2/4 13372/2/4
f 13338/1/4 13273/1/4 13372/1/4
f 13274/1/4 13339/1/4 13373/1/4
f 13372/2/4 13274/2/4 13373/2/4
f 13340/1/4 13275/1/4 13374/1/4
f 13276/1/4 13341/1/4 13375/1/4
f 13342/1/4 13277/1/4 13376/1/4
f 13278/1/4 13343/1/4 13377/1/4
f 13344/1/4 13279/1/4 13378/1/4
f 13280/1/4 13345/1/4 13379/1/4
f 13281/2/4 13282/2/4 13380/2/4
f 13346/1/4 13281/1/4 13380/1/4
f 13282/1/4 13347/1/4 13381/1/4
f 13380/2/4 13282/2/4 13381/2/4
f 13348/1/4 13283/1/4 13382/1/4
f 13284/1/4 13349/1/4 13383/1/4
f 13350/1/4 13285/1/4 13384/1/4
f 13285/2/4 13286/2/4 13384/2/4
f 13286/1/4 13351/1/4 13385/1/4
f 13384/2/4 13286/2/4 13385/2/4
f 13352/1/4 13287/1/4 13386/1/4
f 13288/1/4 13353/1/4 13387/1/4
f 13354/1/4 13289/1/4 13388/1/4
f 13290/1/4 13355/1/4 13389/1/4
f 13356/1/4 13291/1/4 13390/1/4
f 13292/1/4 13357/1/4 13391/1/4
f 13358/1/4 13293/1/4 13392/1/4
f 13294/1/4 13359/1/4 13393/1/4
f 13361/1/4 13362/1/4 13394/1/4
f 13362/1/4 13327/1/4 13395/1/4
f 13394/1/4 13362/1/4 13395/1/4
f 13363/1/4 13364/1/4 13396/1/4
f 13328/1/4 13363/1/4 13396/1/4
f 13364/1/4 13329/1/4 13397/1/4
f 13396/1/4 13364/1/4 13397/1/4
f 13365/1/4 13366/1/4 13398/1/4
f 13330/1/4 13365/1/4 13398/1/4
f 13398/1/4 13366/1/4 13399/1/4
f 13366/1/4 13331/1/4 13400/1/4
f 13399/1/4 13366/1/4 13400/1/4
f 13368/1/4 13369/1/4 13401/1/4
f 13367/1/4 13368/1/4 13401/1/4
f 13332/1/4 13367/1/4 13401/1/4
f 13401/1/4 13369/1/4 13402/1/4
f 13369/1/4 13335/1/4 13403/1/4
f 13402/1/4 13369/1/4 13403/1/4
f 13370/1/4 13371/1/4 13404/1/4
f 13336/1/4 13370/1/4 13404/1/4
f 13371/1/4 13337/1/4 13405/1/4
f 13404/1/4 13371/1/4 13405/1/4
f 13338/1/4 13372/1/4 13406/1/4
f 13372/1/4 13373/1/4 13406/1/4
f 13373/1/4 13339/1/4 13407/1/4
f 13406/1/4 13373/1/4 13407/1/4
f 13374/1/4 13375/1/4 13408/1/4
f 13340/1/4 13374/1/4 13408/1/4
f 13375/1/4 13341/1/4 13409/1/4
f 13408/1/4 13375/1/4 13409/1/4
f 13342/1/4 13376/1/4 13410/1/4
f 13376/1/4 13377/1/4 13410/1/4
f 13377/1/4 13343/1/4 13411/1/4
f 13410/1/4 13377/1/4 13411/1/4
f 13344/1/4 13378/1/4 13412/1/4
f 13378/1/4 13379/1/4 13412/1/4
f 13379/1/4 13345/1/4 13413/1/4
f 13412/1/4 13379/1/4 13413/1/4
f 13346/1/4 13380/1/4 13414/1/4
f 13380/1/4 13381/1/4 13414/1/4
f 13381/1/4 13347/1/4 13415/1/4
f 13414/1/4 13381/1/4 13415/1/4
f 13382/1/4 13383/1/4 13416/1/4
f 13348/1/4 13382/1/4 13416/1/4
f 13383/1/4 13349/1/4 13417/1/4
f 13416/1/4 13383/1/4 13417/1/4
f 13350/1/4 13384/1/4 13418/1/4
f 13384/1/4 13385/1/4 13418/1/4
f 13385/1/4 13351/1/4 13419/1/4
f 13418/1/4 13385/1/4 13419/1/4
f 13386/1/4 13387/1/4 13420/1/4
f 13352/1/4 13386/1/4 13420/1/4
f 13387/1/4 13353/1/4 13421/1/4
f 13420/1/4 13387/1/4 13421/1/4
f 13388/1/4 13389/1/4 13422/1/4
f 13354/1/4 13388/1/4 13422/1/4
f 13389/1/4 13355/1/4 13423/1/4
f 13422/1/4 13389/1/4 13423/1/4
f 13390/1/4 13391/1/4 13424/1/4
f 13356/1/4 13390/1/4 13424/1/4
f 13391/1/4 13357/1/4 13425/1/4
f 13424/1/4 13391/1/4 13425/1/4
f 13392/1/4 13393/1/4 13426/1/4
f 13358/1/4 13392/1/4 13426/1/4
f 13393/1/4 13359/1/4 13427/1/4
f 13426/1/4 13393/1/4 13427/1/4
f 13399/2/4 13400/2/4 13428/2/4
f 13400/1/4 13331/1/4 13429/1/4
f 13428/2/4 13400/2/4 13429/2/4
f 13395/1/4 13327/1/4 13430/1/4
f 13327/2/4 13328/2/4 13430/2/4
f 13328/1/4 13396/1/4 13431/1/4
f 13430/2/4 13328/2/4 13431/2/4
f 13397/1/4 13329/1/4 13432/1/4
f 13330/1/4 13398/1/4 13433/1/4
f 13429/1/4 13331/1/4 13434/1/4
f 13331/3/4 13332/3/4 13434/3/4
f 13332/1/4 13401/1/4 13435/1/4
f 13434/3/4 13332/3/4 13435/3/4
f 13401/2/4 13402/2/4 13436/2/4
f 13435/1/4 13401/1/4 13436/1/4
f 13436/2/4 13402/2/4 13437/2/4
f 13403/1/4 13335/1/4 13438/1/4
f 13336/1/4 13404/1/4 13439/1/4
f 13405/1/4 13337/1/4 13440/1/4
f 13338/1/4 13406/1/4 13441/1/4
f 13407/1/4 13339/1/4 13442/1/4
f 13339/2/4 13340/2/4 13442/2/4
f 13340/1/4 13408/1/4 13443/1/4
f 13442/2/4 13340/2/4 13443/2/4
f 13409/1/4 13341/1/4 13444/1/4
f 13342/1/4 13410/1/4 13445/1/4
f 13411/1/4 13343/1/4 13446/1/4
f 13343/2/4 13344/2/4 13446/2/4
f 13344/1/4 13412/1/4 13447/1/4
f 13446/2/4 13344/2/4 13447/2/4
f 13413/1/4 13345/1/4 13448/1/4
f 13346/1/4 13414/1/4 13449/1/4
f 13415/1/4 13347/1/4 13450/1/4
f 13348/1/4 13416/1/4 13451/1/4
f 13349/2/4 13350/2/4 13452/2/4
f 13417/1/4 13349/1/4 13452/1/4
f 13350/1/4 13418/1/4 13453/1/4
f 13452/2/4 13350/2/4 13453/2/4
f 13419/1/4 13351/1/4 13454/1/4
f 13352/1/4 13420/1/4 13455/1/4
f 13421/1/4 13353/1/4 13456/1/4
f 13353/2/4 13354/2/4 13456/2/4
f 13354/1/4 13422/1/4 13457/1/4
f 13456/2/4 13354/2/4 13457/2/4
f 13423/1/4 13355/1/4 13458/1/4
f 13356/1/4 13424/1/4 13459/1/4
f 13425/1/4 13357/1/4 13460/1/4
f 13358/1/4 13426/1/4 13461/1/4
f 13427/1/4 13359/1/4 13462/1/4
f 13360/1/4 11459/1/4 13463/1/4
f 13395/1/4 13430/1/4 13464/1/4
f 13430/1/4 13431/1/4 13464/1/4
f 13431/1/4 13396/1/4 13465/1/4
f 13464/1/4 13431/1/4 13465/1/4
f 13432/1/4 13433/1/4 13466/1/4
f 13397/1/4 13432/1/4 13466/1/4
f 13433/1/4 13398/1/4 13467/1/4
f 13466/1/4 13433/1/4 13467/1/4
f 13429/1/4 13434/1/4 13468/1/4
f 13434/1/4 13435/1/4 13468/1/4
f 13435/1/4 13436/1/4 13468/1/4
f 13468/1/4 13436/1/4 13469/1/4
f 13469/1/4 13436/1/4 13470/1/4
f 13403/1/4 13438/1/4 13471/1/4
f 13438/1/4 13439/1/4 13471/1/4
f 13439/1/4 13404/1/4 13472/1/4
f 13471/1/4 13439/1/4 13472/1/4
f 13440/1/4 13441/1/4 13473/1/4
f 13405/1/4 13440/1/4 13473/1/4
f 13441/1/4 13406/1/4 13474/1/4
f 13473/1/4 13441/1/4 13474/1/4
f 13407/1/4 13442/1/4 13475/1/4
f 13442/1/4 13443/1/4 13475/1/4
f 13443/1/4 13408/1/4 13476/1/4
f 13475/1/4 13443/1/4 13476/1/4
f 13444/1/4 13445/1/4 13477/1/4
f 13409/1/4 13444/1/4 13477/1/4
f 13445/1/4 13410/1/4 13478/1/4
f 13477/1/4 13445/1/4 13478/1/4
f 13411/1/4 13446/1/4 13479/1/4
f 13446/1/4 13447/1/4 13479/1/4
f 13447/1/4 13412/1/4 13480/1/4
f 13479/1/4 13447/1/4 13480/1/4
f 13448/1/4 13449/1/4 13481/1/4
f 13413/1/4 13448/1/4 13481/1/4
f 13449/1/4 13414/1/4 13482/1/4
f 13481/1/4 13449/1/4 13482/1/4
f 13450/1/4 13451/1/4 13483/1/4
f 13415/1/4 13450/1/4 13483/1/4
f 13451/1/4 13416/1/4 13484/1/4
f 13483/1/4 13451/1/4 13484/1/4
f 13417/1/4 13452/1/4 13485/1/4
f 13452/1/4 13453/1/4 13485/1/4
f 13453/1/4 13418/1/4 13486/1/4
f 13485/1/4 13453/1/4 13486/1/4
f 13454/1/4 13455/1/4 13487/1/4
f 13419/1/4 13454/1/4 13487/1/4
f 13455/1/4 13420/1/4 13488/1/4
f 13487/1/4 13455/1/4 13488/1/4
f 13421/1/4 13456/1/4 13489/1/4
f 13456/1/4 13457/1/4 13489/1/4
f 13457/1/4 13422/1/4 13490/1/4
f 13489/1/4 13457/1/4 13490/1/4
f 13458/1/4 13459/1/4 13491/1/4
f 13423/1/4 13458/1/4 13491/1/4
f 13459/1/4 13424/1/4 13492/1/4
f 13491/1/4 13459/1/4 13492/1/4
f 13460/1/4 13461/1/4 13493/1/4
f 13425/1/4 13460/1/4 13493/1/4
f 13461/1/4 13426/1/4 13494/1/4
f 13493/1/4 13461/1/4 13494/1/4
f 13427/1/4 13462/1/4 13495/1/4
f 13462/1/4 13463/1/4 13495/1/4
f 13463/1/4 11459/1/4 13496/1/4
f 13495/1/4 13463/1/4 13496/1/4
f 13469/2/4 13470/2/4 13497/2/4
f 13470/1/4 13436/1/4 13498/1/4
f 13497/2/4 13470/2/4 13498/2/4
f 13395/1/4 13464/1/4 13500/1/4
f 13465/1/4 13396/1/4 13501/1/4
f 13397/1/4 13466/1/4 13502/1/4
f 13467/1/4 13398/1/4 13503/1/4
f 13429/1/4 13468/1/4 13504/1/4
f 13498/1/4 13436/1/4 13505/1/4
f 13403/1/4 13471/1/4 13506/1/4
f 13472/1/4 13404/1/4 13507/1/4
f 13405/1/4 13473/1/4 13508/1/4
f 13474/1/4 13406/1/4 13509/1/4
f 13407/1/4 13475/1/4 13510/1/4
f 13476/1/4 13408/1/4 13511/1/4
f 13409/1/4 13477/1/4 13512/1/4
f 13478/1/4 13410/1/4 13513/1/4
f 13411/1/4 13479/1/4 13514/1/4
f 13480/1/4 13412/1/4 13515/1/4
f 13413/1/4 13481/1/4 13516/1/4
f 13482/1/4 13414/1/4 13517/1/4
f 13415/1/4 13483/1/4 13518/1/4
f 13484/1/4 13416/1/4 13519/1/4
f 13417/1/4 13485/1/4 13520/1/4
f 13486/1/4 13418/1/4 13521/1/4
f 13419/1/4 13487/1/4 13522/1/4
f 13488/1/4 13420/1/4 13523/1/4
f 13421/1/4 13489/1/4 13524/1/4
f 13490/1/4 13422/1/4 13525/1/4
f 13423/1/4 13491/1/4 13526/1/4
f 13492/1/4 13424/1/4 13527/1/4
f 13425/1/4 13493/1/4 13528/1/4
f 13494/1/4 13426/1/4 13529/1/4
f 13427/1/4 13495/1/4 13530/1/4
f 13499/1/4 13500/1/4 13531/1/4
f 13500/1/4 13464/1/4 13532/1/4
f 13531/1/4 13500/1/4 13532/1/4
f 13465/1/4 13501/1/4 13533/1/4
f 13501/1/4 13502/1/4 13533/1/4
f 13502/1/4 13466/1/4 13534/1/4
f 13533/1/4 13502/1/4 13534/1/4
f 13467/1/4 13503/1/4 13535/1/4
f 13503/1/4 13504/1/4 13535/1/4
f 13504/1/4 13468/1/4 13536/1/4
f 13535/1/4 13504/1/4 13536/1/4
f 13505/1/4 13506/1/4 13537/1/4
f 13498/1/4 13505/1/4 13537/1/4
f 13506/1/4 13471/1/4 13538/1/4
f 13537/1/4 13506/1/4 13538/1/4
f 13472/1/4 13507/1/4 13539/1/4
f 13507/1/4 13508/1/4 13539/1/4
f 13508/1/4 13473/1/4 13540/1/4
f 13539/1/4 13508/1/4 13540/1/4
f 13509/1/4 13510/1/4 13541/1/4
f 13474/1/4 13509/1/4 13541/1/4
f 13510/1/4 13475/1/4 13542/1/4
f 13541/1/4 13510/1/4 13542/1/4
f 13511/1/4 13512/1/4 13543/1/4
f 13476/1/4 13511/1/4 13543/1/4
f 13512/1/4 13477/1/4 13544/1/4
f 13543/1/4 13512/1/4 13544/1/4
f 13478/1/4 13513/1/4 13545/1/4
f 13513/1/4 13514/1/4 13545/1/4
f 13514/1/4 13479/1/4 13546/1/4
f 13545/1/4 13514/1/4 13546/1/4
f 13515/1/4 13516/1/4 13547/1/4
f 13480/1/4 13515/1/4 13547/1/4
f 13516/1/4 13481/1/4 13548/1/4
f 13547/1/4 13516/1/4 13548/1/4
f 13517/1/4 13518/1/4 13549/1/4
f 13482/1/4 13517/1/4 13549/1/4
f 13518/1/4 13483/1/4 13550/1/4
f 13549/1/4 13518/1/4 13550/1/4
f 13519/1/4 13520/1/4 13551/1/4
f 13484/1/4 13519/1/4 13551/1/4
f 13520/1/4 13485/1/4 13552/1/4
f 13551/1/4 13520/1/4 13552/1/4
f 13486/1/4 13521/1/4 13553/1/4
f 13521/1/4 13522/1/4 13553/1/4
f 13522/1/4 13487/1/4 13554/1/4
f 13553/1/4 13522/1/4 13554/1/4
f 13488/1/4 13523/1/4 13555/1/4
f 13523/1/4 13524/1/4 13555/1/4
f 13524/1/4 13489/1/4 13556/1/4
f 13555/1/4 13524/1/4 13556/1/4
f 13525/1/4 13526/1/4 13557/1/4
f 13490/1/4 13525/1/4 13557/1/4
f 13526/1/4 13491/1/4 13558/1/4
f 13557/1/4 13526/1/4 13558/1/4
f 13527/1/4 13528/1/4 13559/1/4
f 13492/1/4 13527/1/4 13559/1/4
f 13528/1/4 13493/1/4 13560/1/4
f 13559/1/4 13528/1/4 13560/1/4
f 13529/1/4 13530/1/4 13561/1/4
f 13494/1/4 13529/1/4 13561/1/4
f 13530/1/4 13495/1/4 13562/1/4
f 13561/1/4 13530/1/4 13562/1/4
f 13532/1/4 13464/1/4 13563/1/4
f 13465/1/4 13533/1/4 13564/1/4
f 13534/1/4 13466/1/4 13565/1/4
f 13467/1/4 13535/1/4 13566/1/4
f 13536/1/4 13468/1/4 13567/1/4
f 13498/1/4 13537/1/4 13568/1/4
f 13471/2/4 13472/2/4 13569/2/4
f 13538/1/4 13471/1/4 13569/1/4
f 13472/1/4 13539/1/4 13570/1/4
f 13569/2/4 13472/2/4 13570/2/4
f 13540/1/4 13473/1/4 13571/1/4
f 13473/2/4 13474/2/4 13571/2/4
f 13474/1/4 13541/1/4 13572/1/4
f 13571/2/4 13474/2/4 13572/2/4
f 13542/1/4 13475/1/4 13573/1/4
f 13476/1/4 13543/1/4 13574/1/4
f 13544/1/4 13477/1/4 13575/1/4
f 13477/2/4 13478/2/4 13575/2/4
f 13478/1/4 13545/1/4 13576/1/4
f 13575/2/4 13478/2/4 13576/2/4
f 13546/1/4 13479/1/4 13577/1/4
f 13480/1/4 13547/1/4 13578/1/4
f 13548/1/4 13481/1/4 13579/1/4
f 13481/3/4 13482/3/4 13579/3/4
f 13482/1/4 13549/1/4 13580/1/4
f 13579/3/4 13482/3/4 13580/3/4
f 13550/1/4 13483/1/4 13581/1/4
f 13484/1/4 13551/1/4 13582/1/4
f 13552/1/4 13485/1/4 13583/1/4
f 13486/1/4 13553/1/4 13584/1/4
f 13554/1/4 13487/1/4 13585/1/4
f 13488/1/4 13555/1/4 13586/1/4
f 13556/1/4 13489/1/4 13587/1/4
f 13489/2/4 13490/2/4 13587/2/4
f 13490/1/4 13557/1/4 13588/1/4
f 13587/2/4 13490/2/4 13588/2/4
f 13558/1/4 13491/1/4 13589/1/4
f 13492/1/4 13559/1/4 13590/1/4
f 13560/1/4 13493/1/4 13591/1/4
f 13494/1/4 13561/1/4 13592/1/4
f 13562/1/4 13495/1/4 13593/1/4
f 13496/1/4 11459/1/4 13594/1/4
f 13563/1/4 13564/1/4 13595/1/4
f 13532/1/4 13563/1/4 13595/1/4
f 13564/1/4 13533/1/4 13596/1/4
f 13595/1/4 13564/1/4 13596/1/4
f 13565/1/4 13566/1/4 13597/1/4
f 13534/1/4 13565/1/4 13597/1/4
f 13566/1/4 13535/1/4 13598/1/4
f 13597/1/4 13566/1/4 13598/1/4
f 13567/1/4 13568/1/4 13599/1/4
f 13536/1/4 13567/1/4 13599/1/4
f 13568/1/4 13537/1/4 13600/1/4
f 13599/1/4 13568/1/4 13600/1/4
f 13569/1/4 13570/1/4 13601/1/4
f 13538/1/4 13569/1/4 13601/1/4
f 13570/1/4 13539/1/4 13602/1/4
f 13601/1/4 13570/1/4 13602/1/4
f 13540/1/4 13571/1/4 13603/1/4
f 13571/1/4 13572/1/4 13603/1/4
f 13572/1/4 13541/1/4 13604/1/4
f 13603/1/4 13572/1/4 13604/1/4
f 13573/1/4 13574/1/4 13605/1/4
f 13542/1/4 13573/1/4 13605/1/4
f 13574/1/4 13543/1/4 13606/1/4
f 13605/1/4 13574/1/4 13606/1/4
f 13544/1/4 13575/1/4 13607/1/4
f 13575/1/4 13576/1/4 13607/1/4
f 13576/1/4 13545/1/4 13608/1/4
f 13607/1/4 13576/1/4 13608/1/4
f 13577/1/4 13578/1/4 13609/1/4
f 13546/1/4 13577/1/4 13609/1/4
f 13578/1/4 13547/1/4 13610/1/4
f 13609/1/4 13578/1/4 13610/1/4
f 13548/1/4 13579/1/4 13611/1/4
f 13579/1/4 13580/1/4 13611/1/4
f 13580/1/4 13549/1/4 13612/1/4
f 13611/1/4 13580/1/4 13612/1/4
f 13581/1/4 13582/1/4 13613/1/4
f 13550/1/4 13581/1/4 13613/1/4
f 13582/1/4 13551/1/4 13614/1/4
f 13613/1/4 13582/1/4 13614/1/4
f 13583/1/4 13584/1/4 13615/1/4
f 13552/1/4 13583/1/4 13615/1/4
f 13584/1/4 13553/1/4 13616/1/4
f 13615/1/4 13584/1/4 13616/1/4
f 13585/1/4 13586/1/4 13617/1/4
f 13554/1/4 13585/1/4 13617/1/4
f 13586/1/4 13555/1/4 13618/1/4
f 13617/1/4 13586/1/4 13618/1/4
f 13556/1/4 13587/1/4 13619/1/4
f 13587/1/4 13588/1/4 13619/1/4
f 13588/1/4 13557/1/4 13620/1/4
f 13619/1/4 13588/1/4 13620/1/4
f 13589/1/4 13590/1/4 13621/1/4
f 13558/1/4 13589/1/4 13621/1/4
f 13590/1/4 13559/1/4 13622/1/4
f 13621/1/4 13590/1/4 13622/1/4
f 13591/1/4 13592/1/4 13623/1/4
f 13560/1/4 13591/1/4 13623/1/4
f 13592/1/4 13561/1/4 13624/1/4
f 13623/1/4 13592/1/4 13624/1/4
f 13562/1/4 13593/1/4 13625/1/4
f 13593/1/4 13594/1/4 13625/1/4
f 13594/1/4 11459/1/4 13626/1/4
f 13625/1/4 13594/1/4 13626/1/4
f 13532/1/4 13595/1/4 13628/1/4
f 13596/1/4 13533/1/4 13629/1/4
f 13533/2/4 13534/2/4 13629/2/4
f 13534/1/4 13597/1/4 13630/1/4
f 13629/2/4 13534/2/4 13630/2/4
f 13598/1/4 13535/1/4 13631/1/4
f 13535/2/4 13536/2/4 13631/2/4
f 13536/1/4 13599/1/4 13632/1/4
f 13631/2/4 13536/2/4 13632/2/4
f 13600/1/4 13537/1/4 13633/1/4
f 13538/1/4 13601/1/4 13634/1/4
f 13602/1/4 13539/1/4 13635/1/4
f 13540/1/4 13603/1/4 13636/1/4
f 13604/1/4 13541/1/4 13637/1/4
f 13542/1/4 13605/1/4 13638/1/4
f 13606/1/4 13543/1/4 13639/1/4
f 13544/1/4 13607/1/4 13640/1/4
f 13608/1/4 13545/1/4 13641/1/4
f 13546/1/4 13609/1/4 13642/1/4
f 13610/1/4 13547/1/4 13643/1/4
f 13548/1/4 13611/1/4 13644/1/4
f 13612/1/4 13549/1/4 13645/1/4
f 13550/1/4 13613/1/4 13646/1/4
f 13614/1/4 13551/1/4 13647/1/4
f 13551/2/4 13552/2/4 13647/2/4
f 13552/1/4 13615/1/4 13648/1/4
f 13647/2/4 13552/2/4 13648/2/4
f 13616/1/4 13553/1/4 13649/1/4
f 13554/1/4 13617/1/4 13650/1/4
f 13618/1/4 13555/1/4 13651/1/4
f 13556/1/4 13619/1/4 13652/1/4
f 13620/1/4 13557/1/4 13653/1/4
f 13558/1/4 13621/1/4 13654/1/4
f 13622/1/4 13559/1/4 13655/1/4
f 13559/4/4 13560/4/4 13655/4/4
f 13560/1/4 13623/1/4 13656/1/4
f 13655/4/4 13560/4/4 13656/4/4
f 13624/1/4 13561/1/4 13657/1/4
f 13561/2/4 13562/2/4 13657/2/4
f 13562/1/4 13625/1/4 13658/1/4
f 13657/2/4 13562/2/4 13658/2/4
f 13627/1/4 13628/1/4 13659/1/4
f 13628/1/4 13595/1/4 13660/1/4
f 13659/1/4 13628/1/4 13660/1/4
f 13629/1/4 13630/1/4 13661/1/4
f 13596/1/4 13629/1/4 13661/1/4
f 13630/1/4 13597/1/4 13662/1/4
f 13661/1/4 13630/1/4 13662/1/4
f 13598/1/4 13631/1/4 13663/1/4
f 13631/1/4 13632/1/4 13663/1/4
f 13632/1/4 13599/1/4 13664/1/4
f 13663/1/4 13632/1/4 13664/1/4
f 13600/1/4 13633/1/4 13665/1/4
f 13633/1/4 13634/1/4 13665/1/4
f 13634/1/4 13601/1/4 13666/1/4
f 13665/1/4 13634/1/4 13666/1/4
f 13635/1/4 13636/1/4 13667/1/4
f 13602/1/4 13635/1/4 13667/1/4
f 13636/1/4 13603/1/4 13668/1/4
f 13667/1/4 13636/1/4 13668/1/4
f 13604/1/4 13637/1/4 13669/1/4
f 13637/1/4 13638/1/4 13669/1/4
f 13638/1/4 13605/1/4 13670/1/4
f 13669/1/4 13638/1/4 13670/1/4
f 13639/1/4 13640/1/4 13671/1/4
f 13606/1/4 13639/1/4 13671/1/4
f 13640/1/4 13607/1/4 13672/1/4
f 13671/1/4 13640/1/4 13672/1/4
f 13608/1/4 13641/1/4 13673/1/4
f 13641/1/4 13642/1/4 13673/1/4
f 13642/1/4 13609/1/4 13674/1/4
f 13673/1/4 13642/1/4 13674/1/4
f 13610/1/4 13643/1/4 13675/1/4
f 13643/1/4 13644/1/4 13675/1/4
f 13644/1/4 13611/1/4 13676/1/4
f 13675/1/4 13644/1/4 13676/1/4
f 13645/1/4 13646/1/4 13677/1/4
f 13612/1/4 13645/1/4 13677/1/4
f 13646/1/4 13613/1/4 13678/1/4
f 13677/1/4 13646/1/4 13678/1/4
f 13614/1/4 13647/1/4 13679/1/4
f 13647/1/4 13648/1/4 13679/1/4
f 13648/1/4 13615/1/4 13680/1/4
f 13679/1/4 13648/1/4 13680/1/4
f 13649/1/4 13650/1/4 13681/1/4
f 13616/1/4 13649/1/4 13681/1/4
f 13650/1/4 13617/1/4 13682/1/4
f 13681/1/4 13650/1/4 13682/1/4
f 13651/1/4 13652/1/4 13683/1/4
f 13618/1/4 13651/1/4 13683/1/4
f 13652/1/4 13619/1/4 13684/1/4
f 13683/1/4 13652/1/4 13684/1/4
f 13653/1/4 13654/1/4 13685/1/4
f 13620/1/4 13653/1/4 13685/1/4
f 13654/1/4 13621/1/4 13686/1/4
f 13685/1/4 13654/1/4 13686/1/4
f 13655/1/4 13656/1/4 13687/1/4
f 13622/1/4 13655/1/4 13687/1/4
f 13656/1/4 13623/1/4 13688/1/4
f 13687/1/4 13656/1/4 13688/1/4
f 13624/1/4 13657/1/4 13689/1/4
f 13657/1/4 13658/1/4 13689/1/4
f 13658/1/4 13625/1/4 13690/1/4
f 13689/1/4 13658/1/4 13690/1/4
f 13660/1/4 13595/1/4 13691/1/4
f 13596/1/4 13661/1/4 13692/1/4
f 13662/1/4 13597/1/4 13693/1/4
f 13598/1/4 13663/1/4 13694/1/4
f 13664/1/4 13599/1/4 13695/1/4
f 13600/1/4 13665/1/4 13696/1/4
f 13666/1/4 13601/1/4 13697/1/4
f 13601/2/4 13602/2/4 13697/2/4
f 13602/1/4 13667/1/4 13698/1/4
f 13697/2/4 13602/2/4 13698/2/4
f 13668/1/4 13603/1/4 13699/1/4
f 13604/1/4 13669/1/4 13700/1/4
f 13670/1/4 13605/1/4 13701/1/4
f 13606/1/4 13671/1/4 13702/1/4
f 13672/1/4 13607/1/4 13703/1/4
f 13608/1/4 13673/1/4 13704/1/4
f 13674/1/4 13609/1/4 13705/1/4
f 13610/1/4 13675/1/4 13706/1/4
f 13676/1/4 13611/1/4 13707/1/4
f 13612/1/4 13677/1/4 13708/1/4
f 13678/1/4 13613/1/4 13709/1/4
f 13614/1/4 13679/1/4 13710/1/4
f 13680/1/4 13615/1/4 13711/1/4
f 13616/1/4 13681/1/4 13712/1/4
f 13682/1/4 13617/1/4 13713/1/4
f 13617/2/4 13618/2/4 13713/2/4
f 13618/1/4 13683/1/4 13714/1/4
f 13713/2/4 13618/2/4 13714/2/4
f 13684/1/4 13619/1/4 13715/1/4
f 13620/1/4 13685/1/4 13716/1/4
f 13686/1/4 13621/1/4 13717/1/4
f 13622/1/4 13687/1/4 13718/1/4
f 13688/1/4 13623/1/4 13719/1/4
f 13624/1/4 13689/1/4 13720/1/4
f 13690/1/4 13625/1/4 13721/1/4
f 13626/1/4 11459/1/4 13722/1/4
f 13660/1/4 13691/1/4 13723/1/4
f 13691/1/4 13692/1/4 13723/1/4
f 13692/1/4 13661/1/4 13724/1/4
f 13723/1/4 13692/1/4 13724/1/4
f 13693/1/4 13694/1/4 13725/1/4
f 13662/1/4 13693/1/4 13725/1/4
f 13694/1/4 13663/1/4 13726/1/4
f 13725/1/4 13694/1/4 13726/1/4
f 13695/1/4 13696/1/4 13727/1/4
f 13664/1/4 13695/1/4 13727/1/4
f 13696/1/4 13665/1/4 13728/1/4
f 13727/1/4 13696/1/4 13728/1/4
f 13666/1/4 13697/1/4 13729/1/4
f 13697/1/4 13698/1/4 13729/1/4
f 13698/1/4 13667/1/4 13730/1/4
f 13729/1/4 13698/1/4 13730/1/4
f 13699/1/4 13700/1/4 13731/1/4
f 13668/1/4 13699/1/4 13731/1/4
f 13700/1/4 13669/1/4 13732/1/4
f 13731/1/4 13700/1/4 13732/1/4
f 13701/1/4 13702/1/4 13733/1/4
f 13670/1/4 13701/1/4 13733/1/4
f 13702/1/4 13671/1/4 13734/1/4
f 13733/1/4 13702/1/4 13734/1/4
f 13703/1/4 13704/1/4 13735/1/4
f 13672/1/4 13703/1/4 13735/1/4
f 13704/1/4 13673/1/4 13736/1/4
f 13735/1/4 13704/1/4 13736/1/4
f 13705/1/4 13706/1/4 13737/1/4
f 13674/1/4 13705/1/4 13737/1/4
f 13706/1/4 13675/1/4 13738/1/4
f 13737/1/4 13706/1/4 13738/1/4
f 13676/1/4 13707/1/4 13739/1/4
f 13707/1/4 13708/1/4 13739/1/4
f 13708/1/4 13677/1/4 13740/1/4
f 13739/1/4 13708/1/4 13740/1/4
f 13678/1/4 13709/1/4 13741/1/4
f 13709/1/4 13710/1/4 13741/1/4
f 13710/1/4 13679/1/4 13742/1/4
f 13741/1/4 13710/1/4 13742/1/4
f 13711/1/4 13712/1/4 13743/1/4
f 13680/1/4 13711/1/4 13743/1/4
f 13712/1/4 13681/1/4 13744/1/4
f 13743/1/4 13712/1/4 13744/1/4
f 13682/1/4 13713/1/4 13745/1/4
f 13713/1/4 13714/1/4 13745/1/4
f 13714/1/4 13683/1/4 13746/1/4
f 13745/1/4 13714/1/4 13746/1/4
f 13715/1/4 13716/1/4 13747/1/4
f 13684/1/4 13715/1/4 13747/1/4
f 13716/1/4 13685/1/4 13748/1/4
f 13747/1/4 13716/1/4 13748/1/4
f 13686/1/4 13717/1/4 13749/1/4
f 13717/1/4 13718/1/4 13749/1/4
f 13718/1/4 13687/1/4 13750/1/4
f 13749/1/4 13718/1/4 13750/1/4
f 13688/1/4 13719/1/4 13751/1/4
f 13719/1/4 13720/1/4 13751/1/4
f 13720/1/4 13689/1/4 13752/1/4
f 13751/1/4 13720/1/4 13752/1/4
f 13721/1/4 13722/1/4 13753/1/4
f 13690/1/4 13721/1/4 13753/1/4
f 13722/1/4 11459/1/4 13754/1/4
f 13753/1/4 13722/1/4 13754/1/4
f 13660/1/4 13723/1/4 13755/1/4
f 13755/1/4 13723/1/4 13756/1/4
f 13724/1/4 13661/1/4 13757/1/4
f 13757/1/4 13661/1/4 13758/1/4
f 13662/1/4 13725/1/4 13759/1/4
f 13759/1/4 13725/1/4 13760/1/4
f 13726/1/4 13663/1/4 13761/1/4
f 13761/1/4 13663/1/4 13762/1/4
f 13664/1/4 13727/1/4 13763/1/4
f 13763/1/4 13727/1/4 13764/1/4
f 13728/1/4 13665/1/4 13765/1/4
f 13765/1/4 13665/1/4 13766/1/4
f 13666/1/4 13729/1/4 13767/1/4
f 13767/1/4 13729/1/4 13768/1/4
f 13730/1/4 13667/1/4 13769/1/4
f 13769/1/4 13667/1/4 13770/1/4
f 13668/1/4 13731/1/4 13771/1/4
f 13771/1/4 13731/1/4 13772/1/4
f 13732/1/4 13669/1/4 13773/1/4
f 13773/1/4 13669/1/4 13774/1/4
f 13670/1/4 13733/1/4 13775/1/4
f 13775/1/4 13733/1/4 13776/1/4
f 13734/1/4 13671/1/4 13777/1/4
f 13777/1/4 13671/1/4 13778/1/4
f 13672/1/4 13735/1/4 13779/1/4
f 13779/1/4 13735/1/4 13780/1/4
f 13736/1/4 13673/1/4 13781/1/4
f 13781/1/4 13673/1/4 13782/1/4
f 13674/1/4 13737/1/4 13783/1/4
f 13783/1/4 13737/1/4 13784/1/4
f 13738/1/4 13675/1/4 13785/1/4
f 13675/2/4 13676/2/4 13786/2/4
f 13785/1/4 13675/1/4 13786/1/4
f 13676/1/4 13739/1/4 13787/1/4
f 13786/2/4 13676/2/4 13787/2/4
f 13787/1/4 13739/1/4 13788/1/4
f 13740/1/4 13677/1/4 13789/1/4
f 13789/1/4 13677/1/4 13790/1/4
f 13678/1/4 13741/1/4 13791/1/4
f 13791/1/4 13741/1/4 13792/1/4
f 13742/1/4 13679/1/4 13793/1/4
f 13793/1/4 13679/1/4 13794/1/4
f 13680/1/4 13743/1/4 13795/1/4
f 13795/1/4 13743/1/4 13796/1/4
f 13744/1/4 13681/1/4 13797/1/4
f 13797/1/4 13681/1/4 13798/1/4
f 13682/1/4 13745/1/4 13799/1/4
f 13799/1/4 13745/1/4 13800/1/4
f 13746/1/4 13683/1/4 13801/1/4
f 13801/1/4 13683/1/4 13802/1/4
f 13684/1/4 13747/1/4 13803/1/4
f 13803/1/4 13747/1/4 13804/1/4
f 13748/1/4 13685/1/4 13805/1/4
f 13685/2/4 13686/2/4 13806/2/4
f 13805/1/4 13685/1/4 13806/1/4
f 13686/1/4 13749/1/4 13807/1/4
f 13806/2/4 13686/2/4 13807/2/4
f 13807/1/4 13749/1/4 13808/1/4
f 13750/1/4 13687/1/4 13809/1/4
f 13809/1/4 13687/1/4 13810/1/4
f 13688/1/4 13751/1/4 13811/1/4
f 13811/1/4 13751/1/4 13812/1/4
f 13752/1/4 13689/1/4 13813/1/4
f 13689/2/4 13690/2/4 13814/2/4
f 13813/1/4 13689/1/4 13814/1/4
f 13690/1/4 13753/1/4 13815/1/4
f 13814/2/4 13690/2/4 13815/2/4
f 13815/1/4 13753/1/4 13816/1/4
f 13754/1/4 11459/1/4 13817/1/4
f 13817/1/4 11459/1/4 13818/1/4
f 13819/3/4 13820/3/4 13881/3/4
f 13881/3/4 13820/3/4 13882/3/4
f 13821/2/4 13822/2/4 13883/2/4
f 13883/2/4 13822/2/4 13884/2/4
f 13823/2/4 13824/2/4 13885/2/4
f 13885/2/4 13824/2/4 13886/2/4
f 13825/2/4 13826/2/4 13887/2/4
f 13887/2/4 13826/2/4 13888/2/4
f 13827/2/4 13828/2/4 13889/2/4
f 13889/2/4 13828/2/4 13890/2/4
f 13829/2/4 13830/2/4 13891/2/4
f 13891/2/4 13830/2/4 13892/2/4
f 13831/2/4 13832/2/4 13893/2/4
f 13893/2/4 13832/2/4 13894/2/4
f 13833/2/4 13834/2/4 13895/2/4
f 13895/2/4 13834/2/4 13896/2/4
f 13835/2/4 13836/2/4 13897/2/4
f 13897/2/4 13836/2/4 13898/2/4
f 13837/2/4 13838/2/4 13899/2/4
f 13899/2/4 13838/2/4 13900/2/4
f 13839/2/4 13840/2/4 13901/2/4
f 13901/2/4 13840/2/4 13902/2/4
f 13841/2/4 13842/2/4 13903/2/4
f 13903/2/4 13842/2/4 13904/2/4
f 13843/3/4 13844/3/4 13905/3/4
f 13905/3/4 13844/3/4 13906/3/4
f 13845/2/4 13846/2/4 13907/2/4
f 13907/2/4 13846/2/4 13908/2/4
f 13847/2/4 13848/2/4 13909/2/4
f 13909/2/4 13848/2/4 13910/2/4
f 13849/2/4 13850/2/4 13911/2/4
f 13911/2/4 13850/2/4 13912/2/4
f 13853/2/4 13854/2/4 13939/2/4
f 13939/2/4 13854/2/4 13940/2/4
f 13851/2/4 13852/2/4 13941/2/4
f 13941/2/4 13852/2/4 13942/2/4
f 13853/2/4 13939/2/4 13943/2/4
f 13943/2/4 13939/2/4 13944/2/4
f 13855/2/4 13856/2/4 13945/2/4
f 13945/2/4 13856/2/4 13946/2/4
f 13857/2/4 13858/2/4 13947/2/4
f 13947/2/4 13858/2/4 13948/2/4
f 13859/2/4 13860/2/4 13949/2/4
f 13949/2/4 13860/2/4 13950/2/4
f 13861/2/4 13862/2/4 13951/2/4
f 13951/2/4 13862/2/4 13952/2/4
f 13863/2/4 13864/2/4 13953/2/4
f 13953/2/4 13864/2/4 13954/2/4
f 13865/3/4 13866/3/4 13955/3/4
f 13955/3/4 13866/3/4 13956/3/4
f 13867/2/4 13868/2/4 13957/2/4
f 13957/2/4 13868/2/4 13958/2/4
f 13869/2/4 13870/2/4 13959/2/4
f 13959/2/4 13870/2/4 13960/2/4
f 13871/2/4 13872/2/4 13961/2/4
f 13961/2/4 13872/2/4 13962/2/4
f 13873/2/4 13874/2/4 13963/2/4
f 13963/2/4 13874/2/4 13964/2/4
f 13875/2/4 13876/2/4 13965/2/4
f 13965/2/4 13876/2/4 13966/2/4
f 13877/4/4 13878/4/4 13967/4/4
f 13967/4/4 13878/4/4 13968/4/4
f 13879/2/4 13880/2/4 13969/2/4
f 13969/2/4 13880/2/4 13970/2/4
f 13915/2/4 13916/2/4 13991/2/4
f 13991/2/4 13916/2/4 13992/2/4
f 13913/2/4 13914/2/4 13995/2/4
f 13995/2/4 13914/2/4 13996/2/4
f 13917/2/4 13918/2/4 13997/2/4
f 13997/2/4 13918/2/4 13998/2/4
f 13919/2/4 13920/2/4 13999/2/4
f 13999/2/4 13920/2/4 14000/2/4
f 13921/2/4 13922/2/4 14001/2/4
f 14001/2/4 13922/2/4 14002/2/4
f 13923/3/4 13924/3/4 14003/3/4
f 14003/3/4 13924/3/4 14004/3/4
f 13925/4/4 13926/4/4 14005/4/4
f 14005/4/4 13926/4/4 14006/4/4
f 13927/2/4 13928/2/4 14007/2/4
f 14007/2/4 13928/2/4 14008/2/4
f 13929/2/4 13930/2/4 14009/2/4
f 14009/2/4 13930/2/4 14010/2/4
f 13931/2/4 13932/2/4 14011/2/4
f 14011/2/4 13932/2/4 14012/2/4
f 13933/2/4 13934/2/4 14013/2/4
f 14013/2/4 13934/2/4 14014/2/4
f 13987/2/4 13988/2/4 14015/2/4
f 13993/2/4 13994/2/4 14018/2/4
f 13935/2/4 13936/2/4 14019/2/4
f 14019/2/4 13936/2/4 14020/2/4
f 13937/3/4 13938/3/4 14021/3/4
f 14021/3/4 13938/3/4 14022/3/4
f 13973/2/4 13974/2/4 14049/2/4
f 14049/2/4 13974/2/4 14050/2/4
f 14041/2/4 14042/2/4 14051/2/4
f 13971/2/4 13972/2/4 14053/2/4
f 14053/2/4 13972/2/4 14054/2/4
f 14050/2/4 13974/2/4 14055/2/4
f 14055/2/4 13974/2/4 14056/2/4
f 13975/3/4 13976/3/4 14057/3/4
f 14057/3/4 13976/3/4 14058/3/4
f 13977/2/4 13978/2/4 14059/2/4
f 14059/2/4 13978/2/4 14060/2/4
f 13979/2/4 13980/2/4 14061/2/4
f 14061/2/4 13980/2/4 14062/2/4
f 13981/4/4 13982/4/4 14063/4/4
f 14063/4/4 13982/4/4 14064/4/4
f 13983/2/4 13984/2/4 14065/2/4
f 14065/2/4 13984/2/4 14066/2/4
f 13985/3/4 13986/3/4 14067/3/4
f 14067/3/4 13986/3/4 14068/3/4
f 14015/2/4 14016/2/4 14069/2/4
f 13987/2/4 14015/2/4 14069/2/4
f 14069/2/4 14016/2/4 14070/2/4
f 14017/2/4 14018/2/4 14071/2/4
f 14018/2/4 13994/2/4 14072/2/4
f 14071/2/4 14018/2/4 14072/2/4
f 13989/2/4 13990/2/4 14073/2/4
f 14073/2/4 13990/2/4 14074/2/4
f 14047/2/4 14048/2/4 14076/2/4
f 14023/2/4 14024/2/4 14107/2/4
f 14107/2/4 14024/2/4 14108/2/4
f 14025/2/4 14026/2/4 14109/2/4
f 14109/2/4 14026/2/4 14110/2/4
f 14027/2/4 14028/2/4 14111/2/4
f 14111/2/4 14028/2/4 14112/2/4
f 14029/3/4 14030/3/4 14113/3/4
f 14113/3/4 14030/3/4 14114/3/4
f 14031/2/4 14032/2/4 14115/2/4
f 14115/2/4 14032/2/4 14116/2/4
f 14033/2/4 14034/2/4 14117/2/4
f 14117/2/4 14034/2/4 14118/2/4
f 14035/2/4 14036/2/4 14119/2/4
f 14119/2/4 14036/2/4 14120/2/4
f 14037/3/4 14038/3/4 14121/3/4
f 14121/3/4 14038/3/4 14122/3/4
f 14039/2/4 14040/2/4 14123/2/4
f 14123/2/4 14040/2/4 14124/2/4
f 14051/2/4 14052/2/4 14125/2/4
f 14041/2/4 14051/2/4 14125/2/4
f 14125/2/4 14052/2/4 14126/2/4
f 14043/2/4 14044/2/4 14127/2/4
f 14127/2/4 14044/2/4 14128/2/4
f 14045/3/4 14046/3/4 14129/3/4
f 14129/3/4 14046/3/4 14130/3/4
f 14075/2/4 14076/2/4 14131/2/4
f 14076/2/4 14048/2/4 14132/2/4
f 14131/2/4 14076/2/4 14132/2/4
f 14077/4/4 14078/4/4 14138/4/4
f 14135/2/4 14136/2/4 14153/2/4
f 14091/2/4 14092/2/4 14155/2/4
f 14155/2/4 14092/2/4 14156/2/4
f 14101/2/4 14102/2/4 14157/2/4
f 14157/2/4 14102/2/4 14158/2/4
f 14105/3/4 14106/3/4 14159/3/4
f 14159/3/4 14106/3/4 14160/3/4
f 14137/4/4 14138/4/4 14161/4/4
f 14138/4/4 14078/4/4 14162/4/4
f 14161/4/4 14138/4/4 14162/4/4
f 14079/2/4 14080/2/4 14163/2/4
f 14163/2/4 14080/2/4 14164/2/4
f 14081/2/4 14082/2/4 14165/2/4
f 14165/2/4 14082/2/4 14166/2/4
f 14083/2/4 14084/2/4 14167/2/4
f 14167/2/4 14084/2/4 14168/2/4
f 14085/2/4 14086/2/4 14169/2/4
f 14169/2/4 14086/2/4 14170/2/4
f 14087/2/4 14088/2/4 14171/2/4
f 14171/2/4 14088/2/4 14172/2/4
f 14089/2/4 14090/2/4 14173/2/4
f 14173/2/4 14090/2/4 14174/2/4
f 14093/2/4 14094/2/4 14175/2/4
f 14175/2/4 14094/2/4 14176/2/4
f 14095/2/4 14096/2/4 14177/2/4
f 14177/2/4 14096/2/4 14178/2/4
f 14097/2/4 14098/2/4 14179/2/4
f 14179/2/4 14098/2/4 14180/2/4
f 14099/2/4 14100/2/4 14181/2/4
f 14181/2/4 14100/2/4 14182/2/4
f 14158/2/4 14102/2/4 14183/2/4
f 14183/2/4 14102/2/4 14184/2/4
f 14103/2/4 14104/2/4 14185/2/4
f 14185/2/4 14104/2/4 14186/2/4
f 14145/2/4 14146/2/4 14201/2/4
f 14201/2/4 14146/2/4 14202/2/4
f 14143/2/4 14144/2/4 14211/2/4
f 14211/2/4 14144/2/4 14212/2/4
f 14133/2/4 14134/2/4 14213/2/4
f 14213/2/4 14134/2/4 14214/2/4
f 14153/2/4 14154/2/4 14215/2/4
f 14135/2/4 14153/2/4 14215/2/4
f 14215/2/4 14154/2/4 14216/2/4
f 14139/3/4 14140/3/4 14217/3/4
f 14217/3/4 14140/3/4 14218/3/4
f 14141/2/4 14142/2/4 14219/2/4
f 14219/2/4 14142/2/4 14220/2/4
f 14143/2/4 14211/2/4 14221/2/4
f 14221/2/4 14211/2/4 14222/2/4
f 14202/2/4 14146/2/4 14223/2/4
f 14223/2/4 14146/2/4 14224/2/4
f 14147/2/4 14148/2/4 14225/2/4
f 14225/2/4 14148/2/4 14226/2/4
f 14149/4/4 14150/4/4 14227/4/4
f 14227/4/4 14150/4/4 14228/4/4
f 14151/2/4 14152/2/4 14229/2/4
f 14229/2/4 14152/2/4 14230/2/4
f 14255/2/4 14256/2/4 14258/2/4
f 14187/2/4 14188/2/4 14259/2/4
f 14259/2/4 14188/2/4 14260/2/4
f 14189/2/4 14190/2/4 14261/2/4
f 14261/2/4 14190/2/4 14262/2/4
f 14191/3/4 14192/3/4 14263/3/4
f 14263/3/4 14192/3/4 14264/3/4
f 14193/2/4 14194/2/4 14265/2/4
f 14265/2/4 14194/2/4 14266/2/4
f 14195/2/4 14196/2/4 14267/2/4
f 14267/2/4 14196/2/4 14268/2/4
f 14197/2/4 14198/2/4 14269/2/4
f 14269/2/4 14198/2/4 14270/2/4
f 14199/2/4 14200/2/4 14271/2/4
f 14271/2/4 14200/2/4 14272/2/4
f 14247/3/4 14248/3/4 14274/3/4
f 14203/2/4 14204/2/4 14275/2/4
f 14275/2/4 14204/2/4 14276/2/4
f 14205/2/4 14206/2/4 14277/2/4
f 14277/2/4 14206/2/4 14278/2/4
f 14207/2/4 14208/2/4 14279/2/4
f 14279/2/4 14208/2/4 14280/2/4
f 14209/3/4 14210/3/4 14281/3/4
f 14281/3/4 14210/3/4 14282/3/4
f 14295/2/4 14296/2/4 14307/2/4
f 14231/2/4 14232/2/4 14309/2/4
f 14309/2/4 14232/2/4 14310/2/4
f 14233/2/4 14234/2/4 14311/2/4
f 14311/2/4 14234/2/4 14312/2/4
f 14235/2/4 14236/2/4 14313/2/4
f 14313/2/4 14236/2/4 14314/2/4
f 14237/2/4 14238/2/4 14315/2/4
f 14315/2/4 14238/2/4 14316/2/4
f 14239/2/4 14240/2/4 14317/2/4
f 14317/2/4 14240/2/4 14318/2/4
f 14241/2/4 14242/2/4 14319/2/4
f 14319/2/4 14242/2/4 14320/2/4
f 14243/2/4 14244/2/4 14321/2/4
f 14321/2/4 14244/2/4 14322/2/4
f 14245/2/4 14246/2/4 14323/2/4
f 14323/2/4 14246/2/4 14324/2/4
f 14273/3/4 14274/3/4 14325/3/4
f 14274/3/4 14248/3/4 14326/3/4
f 14325/3/4 14274/3/4 14326/3/4
f 14249/3/4 14250/3/4 14327/3/4
f 14327/3/4 14250/3/4 14328/3/4
f 14251/2/4 14252/2/4 14329/2/4
f 14329/2/4 14252/2/4 14330/2/4
f 14253/2/4 14254/2/4 14331/2/4
f 14331/2/4 14254/2/4 14332/2/4
f 14257/2/4 14258/2/4 14333/2/4
f 14258/2/4 14256/2/4 14334/2/4
f 14333/2/4 14258/2/4 14334/2/4
f 14283/2/4 14284/2/4 14361/2/4
f 14361/2/4 14284/2/4 14362/2/4
f 14285/3/4 14286/3/4 14363/3/4
f 14363/3/4 14286/3/4 14364/3/4
f 14287/2/4 14288/2/4 14365/2/4
f 14365/2/4 14288/2/4 14366/2/4
f 14289/2/4 14290/2/4 14367/2/4
f 14367/2/4 14290/2/4 14368/2/4
f 14291/2/4 14292/2/4 14369/2/4
f 14369/2/4 14292/2/4 14370/2/4
f 14293/2/4 14294/2/4 14371/2/4
f 14371/2/4 14294/2/4 14372/2/4
f 14307/2/4 14308/2/4 14373/2/4
f 14295/2/4 14307/2/4 14373/2/4
f 14373/2/4 14308/2/4 14374/2/4
f 14297/2/4 14298/2/4 14375/2/4
f 14375/2/4 14298/2/4 14376/2/4
f 14299/2/4 14300/2/4 14377/2/4
f 14377/2/4 14300/2/4 14378/2/4
f 14301/4/4 14302/4/4 14379/4/4
f 14379/4/4 14302/4/4 14380/4/4
f 14303/3/4 14304/3/4 14381/3/4
f 14381/3/4 14304/3/4 14382/3/4
f 14305/2/4 14306/2/4 14383/2/4
f 14383/2/4 14306/2/4 14384/2/4
f 14335/2/4 14336/2/4 14411/2/4
f 14411/2/4 14336/2/4 14412/2/4
f 14337/2/4 14338/2/4 14413/2/4
f 14413/2/4 14338/2/4 14414/2/4
f 14339/2/4 14340/2/4 14415/2/4
f 14415/2/4 14340/2/4 14416/2/4
f 14341/2/4 14342/2/4 14417/2/4
f 14417/2/4 14342/2/4 14418/2/4
f 14343/3/4 14344/3/4 14419/3/4
f 14419/3/4 14344/3/4 14420/3/4
f 14345/2/4 14346/2/4 14421/2/4
f 14421/2/4 14346/2/4 14422/2/4
f 14347/2/4 14348/2/4 14423/2/4
f 14423/2/4 14348/2/4 14424/2/4
f 14349/2/4 14350/2/4 14425/2/4
f 14425/2/4 14350/2/4 14426/2/4
f 14351/2/4 14352/2/4 14427/2/4
f 14427/2/4 14352/2/4 14428/2/4
f 14353/2/4 14354/2/4 14429/2/4
f 14429/2/4 14354/2/4 14430/2/4
f 14355/2/4 14356/2/4 14431/2/4
f 14431/2/4 14356/2/4 14432/2/4
f 14357/2/4 14358/2/4 14433/2/4
f 14433/2/4 14358/2/4 14434/2/4
f 14359/2/4 14360/2/4 14435/2/4
f 14435/2/4 14360/2/4 14436/2/4
f 14391/2/4 14392/2/4 14441/2/4
f 14441/2/4 14392/2/4 14442/2/4
f 14389/2/4 14390/2/4 14463/2/4
f 14463/2/4 14390/2/4 14464/2/4
f 14442/2/4 14392/2/4 14465/2/4
f 14465/2/4 14392/2/4 14466/2/4
f 14385/4/4 14386/4/4 14467/4/4
f 14467/4/4 14386/4/4 14468/4/4
f 14387/2/4 14388/2/4 14469/2/4
f 14469/2/4 14388/2/4 14470/2/4
f 14389/2/4 14463/2/4 14471/2/4
f 14471/2/4 14463/2/4 14472/2/4
f 14393/2/4 14394/2/4 14473/2/4
f 14473/2/4 14394/2/4 14474/2/4
f 14395/2/4 14396/2/4 14475/2/4
f 14475/2/4 14396/2/4 14476/2/4
f 14397/2/4 14398/2/4 14477/2/4
f 14477/2/4 14398/2/4 14478/2/4
f 14399/3/4 14400/3/4 14479/3/4
f 14479/3/4 14400/3/4 14480/3/4
f 14401/2/4 14402/2/4 14481/2/4
f 14481/2/4 14402/2/4 14482/2/4
f 14403/2/4 14404/2/4 14483/2/4
f 14483/2/4 14404/2/4 14484/2/4
f 14405/2/4 14406/2/4 14485/2/4
f 14485/2/4 14406/2/4 14486/2/4
f 14407/3/4 14408/3/4 14487/3/4
f 14487/3/4 14408/3/4 14488/3/4
f 14409/2/4 14410/2/4 14489/2/4
f 14489/2/4 14410/2/4 14490/2/4
f 14443/2/4 14444/2/4 14493/2/4
f 14493/2/4 14444/2/4 14494/2/4
f 14437/2/4 14438/2/4 14513/2/4
f 14513/2/4 14438/2/4 14514/2/4
f 14439/2/4 14440/2/4 14515/2/4
f 14515/2/4 14440/2/4 14516/2/4
f 14494/2/4 14444/2/4 14517/2/4
f 14517/2/4 14444/2/4 14518/2/4
f 14445/4/4 14446/4/4 14519/4/4
f 14519/4/4 14446/4/4 14520/4/4
f 14447/2/4 14448/2/4 14521/2/4
f 14521/2/4 14448/2/4 14522/2/4
f 14449/3/4 14450/3/4 14523/3/4
f 14523/3/4 14450/3/4 14524/3/4
f 14451/2/4 14452/2/4 14525/2/4
f 14525/2/4 14452/2/4 14526/2/4
f 14453/2/4 14454/2/4 14527/2/4
f 14527/2/4 14454/2/4 14528/2/4
f 14455/2/4 14456/2/4 14529/2/4
f 14529/2/4 14456/2/4 14530/2/4
f 14457/2/4 14458/2/4 14531/2/4
f 14531/2/4 14458/2/4 14532/2/4
f 14459/2/4 14460/2/4 14533/2/4
f 14533/2/4 14460/2/4 14534/2/4
f 14461/2/4 14462/2/4 14535/2/4
f 14535/2/4 14462/2/4 14536/2/4
f 14491/2/4 14492/2/4 14559/2/4
f 14559/2/4 14492/2/4 14560/2/4
f 14541/2/4 14542/2/4 14561/2/4
f 14491/2/4 14559/2/4 14563/2/4
f 14563/2/4 14559/2/4 14564/2/4
f 14495/2/4 14496/2/4 14565/2/4
f 14565/2/4 14496/2/4 14566/2/4
f 14497/2/4 14498/2/4 14567/2/4
f 14567/2/4 14498/2/4 14568/2/4
f 14499/2/4 14500/2/4 14569/2/4
f 14569/2/4 14500/2/4 14570/2/4
f 14501/2/4 14502/2/4 14571/2/4
f 14571/2/4 14502/2/4 14572/2/4
f 14503/2/4 14504/2/4 14573/2/4
f 14573/2/4 14504/2/4 14574/2/4
f 14505/2/4 14506/2/4 14575/2/4
f 14575/2/4 14506/2/4 14576/2/4
f 14507/2/4 14508/2/4 14577/2/4
f 14577/2/4 14508/2/4 14578/2/4
f 14509/3/4 14510/3/4 14579/3/4
f 14579/3/4 14510/3/4 14580/3/4
f 14511/2/4 14512/2/4 14581/2/4
f 14581/2/4 14512/2/4 14582/2/4
f 14537/2/4 14538/2/4 14607/2/4
f 14607/2/4 14538/2/4 14608/2/4
f 14551/2/4 14552/2/4 14611/2/4
f 14611/2/4 14552/2/4 14612/2/4
f 14537/2/4 14607/2/4 14613/2/4
f 14613/2/4 14607/2/4 14614/2/4
f 14539/4/4 14540/4/4 14615/4/4
f 14615/4/4 14540/4/4 14616/4/4
f 14561/2/4 14562/2/4 14617/2/4
f 14541/2/4 14561/2/4 14617/2/4
f 14617/2/4 14562/2/4 14618/2/4
f 14543/3/4 14544/3/4 14619/3/4
f 14619/3/4 14544/3/4 14620/3/4
f 14545/2/4 14546/2/4 14621/2/4
f 14621/2/4 14546/2/4 14622/2/4
f 14547/2/4 14548/2/4 14623/2/4
f 14623/2/4 14548/2/4 14624/2/4
f 14549/3/4 14550/3/4 14625/3/4
f 14625/3/4 14550/3/4 14626/3/4
f 14612/2/4 14552/2/4 14627/2/4
f 14627/2/4 14552/2/4 14628/2/4
f 14553/2/4 14554/2/4 14629/2/4
f 14629/2/4 14554/2/4 14630/2/4
f 14555/4/4 14556/4/4 14631/4/4
f 14631/4/4 14556/4/4 14632/4/4
f 14557/2/4 14558/2/4 14633/2/4
f 14633/2/4 14558/2/4 14634/2/4
f 14591/2/4 14592/2/4 14653/2/4
f 14653/2/4 14592/2/4 14654/2/4
f 14583/3/4 14584/3/4 14655/3/4
f 14655/3/4 14584/3/4 14656/3/4
f 14585/2/4 14586/2/4 14657/2/4
f 14657/2/4 14586/2/4 14658/2/4
f 14609/2/4 14610/2/4 14659/2/4
f 14659/2/4 14610/2/4 14660/2/4
f 14587/3/4 14588/3/4 14661/3/4
f 14661/3/4 14588/3/4 14662/3/4
f 14589/4/4 14590/4/4 14663/4/4
f 14663/4/4 14590/4/4 14664/4/4
f 14591/2/4 14653/2/4 14665/2/4
f 14665/2/4 14653/2/4 14666/2/4
f 14593/2/4 14594/2/4 14667/2/4
f 14667/2/4 14594/2/4 14668/2/4
f 14595/2/4 14596/2/4 14669/2/4
f 14669/2/4 14596/2/4 14670/2/4
f 14597/2/4 14598/2/4 14671/2/4
f 14671/2/4 14598/2/4 14672/2/4
f 14599/2/4 14600/2/4 14673/2/4
f 14673/2/4 14600/2/4 14674/2/4
f 14601/2/4 14602/2/4 14675/2/4
f 14675/2/4 14602/2/4 14676/2/4
f 14603/2/4 14604/2/4 14677/2/4
f 14677/2/4 14604/2/4 14678/2/4
f 14605/2/4 14606/2/4 14679/2/4
f 14679/2/4 14606/2/4 14680/2/4
f 14683/2/4 14684/2/4 14704/2/4
f 14635/2/4 14636/2/4 14705/2/4
f 14705/2/4 14636/2/4 14706/2/4
f 14637/2/4 14638/2/4 14707/2/4
f 14707/2/4 14638/2/4 14708/2/4
f 14639/2/4 14640/2/4 14709/2/4
f 14709/2/4 14640/2/4 14710/2/4
f 14641/2/4 14642/2/4 14711/2/4
f 14711/2/4 14642/2/4 14712/2/4
f 14643/4/4 14644/4/4 14713/4/4
f 14713/4/4 14644/4/4 14714/4/4
f 14693/2/4 14694/2/4 14715/2/4
f 14645/3/4 14646/3/4 14717/3/4
f 14717/3/4 14646/3/4 14718/3/4
f 14647/2/4 14648/2/4 14719/2/4
f 14719/2/4 14648/2/4 14720/2/4
f 14649/2/4 14650/2/4 14721/2/4
f 14721/2/4 14650/2/4 14722/2/4
f 14651/2/4 14652/2/4 14723/2/4
f 14723/2/4 14652/2/4 14724/2/4
f 14735/2/4 14736/2/4 14744/2/4
f 14681/2/4 14682/2/4 14745/2/4
f 14745/2/4 14682/2/4 14746/2/4
f 14703/2/4 14704/2/4 14747/2/4
f 14704/2/4 14684/2/4 14748/2/4
f 14747/2/4 14704/2/4 14748/2/4
f 14685/2/4 14686/2/4 14749/2/4
f 14749/2/4 14686/2/4 14750/2/4
f 14687/2/4 14688/2/4 14751/2/4
f 14751/2/4 14688/2/4 14752/2/4
f 14689/2/4 14690/2/4 14753/2/4
f 14753/2/4 14690/2/4 14754/2/4
f 14691/2/4 14692/2/4 14755/2/4
f 14755/2/4 14692/2/4 14756/2/4
f 14715/2/4 14716/2/4 14757/2/4
f 14693/2/4 14715/2/4 14757/2/4
f 14757/2/4 14716/2/4 14758/2/4
f 14695/2/4 14696/2/4 14759/2/4
f 14759/2/4 14696/2/4 14760/2/4
f 14697/3/4 14698/3/4 14761/3/4
f 14761/3/4 14698/3/4 14762/3/4
f 14699/2/4 14700/2/4 14763/2/4
f 14763/2/4 14700/2/4 14764/2/4
f 14701/2/4 14702/2/4 14765/2/4
f 14765/2/4 14702/2/4 14766/2/4
f 14725/2/4 14726/2/4 14791/2/4
f 14791/2/4 14726/2/4 14792/2/4
f 14727/2/4 14728/2/4 14793/2/4
f 14793/2/4 14728/2/4 14794/2/4
f 14729/2/4 14730/2/4 14795/2/4
f 14795/2/4 14730/2/4 14796/2/4
f 14731/2/4 14732/2/4 14797/2/4
f 14797/2/4 14732/2/4 14798/2/4
f 14733/2/4 14734/2/4 14799/2/4
f 14799/2/4 14734/2/4 14800/2/4
f 14743/2/4 14744/2/4 14801/2/4
f 14744/2/4 14736/2/4 14802/2/4
f 14801/2/4 14744/2/4 14802/2/4
f 14737/2/4 14738/2/4 14803/2/4
f 14803/2/4 14738/2/4 14804/2/4
f 14739/2/4 14740/2/4 14805/2/4
f 14805/2/4 14740/2/4 14806/2/4
f 14741/2/4 14742/2/4 14807/2/4
f 14807/2/4 14742/2/4 14808/2/4
f 14771/2/4 14772/2/4 14813/2/4
f 14813/2/4 14772/2/4 14814/2/4
f 14781/2/4 14782/2/4 14835/2/4
f 14835/2/4 14782/2/4 14836/2/4
f 14767/3/4 14768/3/4 14839/3/4
f 14839/3/4 14768/3/4 14840/3/4
f 14769/2/4 14770/2/4 14841/2/4
f 14841/2/4 14770/2/4 14842/2/4
f 14814/2/4 14772/2/4 14843/2/4
f 14843/2/4 14772/2/4 14844/2/4
f 14773/4/4 14774/4/4 14845/4/4
f 14845/4/4 14774/4/4 14846/4/4
f 14775/2/4 14776/2/4 14847/2/4
f 14847/2/4 14776/2/4 14848/2/4
f 14777/2/4 14778/2/4 14849/2/4
f 14849/2/4 14778/2/4 14850/2/4
f 14779/2/4 14780/2/4 14851/2/4
f 14851/2/4 14780/2/4 14852/2/4
f 14783/3/4 14784/3/4 14853/3/4
f 14853/3/4 14784/3/4 14854/3/4
f 14785/3/4 14786/3/4 14855/3/4
f 14855/3/4 14786/3/4 14856/3/4
f 14787/3/4 14788/3/4 14857/3/4
f 14857/3/4 14788/3/4 14858/3/4
f 14789/2/4 14790/2/4 14859/2/4
f 14859/2/4 14790/2/4 14860/2/4
f 14823/2/4 14824/2/4 14883/2/4
f 14883/2/4 14824/2/4 14884/2/4
f 14809/2/4 14810/2/4 14885/2/4
f 14885/2/4 14810/2/4 14886/2/4
f 14811/2/4 14812/2/4 14887/2/4
f 14887/2/4 14812/2/4 14888/2/4
f 14863/3/4 14864/3/4 14890/3/4
f 14815/2/4 14816/2/4 14891/2/4
f 14891/2/4 14816/2/4 14892/2/4
f 14817/3/4 14818/3/4 14893/3/4
f 14893/3/4 14818/3/4 14894/3/4
f 14819/2/4 14820/2/4 14895/2/4
f 14895/2/4 14820/2/4 14896/2/4
f 14821/2/4 14822/2/4 14897/2/4
f 14897/2/4 14822/2/4 14898/2/4
f 14823/2/4 14883/2/4 14899/2/4
f 14899/2/4 14883/2/4 14900/2/4
f 14825/2/4 14826/2/4 14901/2/4
f 14901/2/4 14826/2/4 14902/2/4
f 14827/2/4 14828/2/4 14903/2/4
f 14903/2/4 14828/2/4 14904/2/4
f 14829/2/4 14830/2/4 14905/2/4
f 14905/2/4 14830/2/4 14906/2/4
f 14831/2/4 14832/2/4 14907/2/4
f 14907/2/4 14832/2/4 14908/2/4
f 14837/2/4 14838/2/4 14909/2/4
f 14909/2/4 14838/2/4 14910/2/4
f 14833/2/4 14834/2/4 14911/2/4
f 14911/2/4 14834/2/4 14912/2/4
f 14917/2/4 14918/2/4 14935/2/4
f 14865/2/4 14866/2/4 14937/2/4
f 14937/2/4 14866/2/4 14938/2/4
f 14927/2/4 14928/2/4 14939/2/4
f 14861/2/4 14862/2/4 14941/2/4
f 14941/2/4 14862/2/4 14942/2/4
f 14889/3/4 14890/3/4 14943/3/4
f 14890/3/4 14864/3/4 14944/3/4
f 14943/3/4 14890/3/4 14944/3/4
f 14867/2/4 14868/2/4 14945/2/4
f 14945/2/4 14868/2/4 14946/2/4
f 14869/2/4 14870/2/4 14947/2/4
f 14947/2/4 14870/2/4 14948/2/4
f 14871/4/4 14872/4/4 14949/4/4
f 14949/4/4 14872/4/4 14950/4/4
f 14873/2/4 14874/2/4 14951/2/4
f 14951/2/4 14874/2/4 14952/2/4
f 14875/2/4 14876/2/4 14953/2/4
f 14953/2/4 14876/2/4 14954/2/4
f 14877/2/4 14878/2/4 14955/2/4
f 14955/2/4 14878/2/4 14956/2/4
f 14879/2/4 14880/2/4 14957/2/4
f 14957/2/4 14880/2/4 14958/2/4
f 14881/2/4 14882/2/4 14959/2/4
f 14959/2/4 14882/2/4 14960/2/4
f 14931/2/4 14932/2/4 14981/2/4
f 14981/2/4 14932/2/4 14982/2/4
f 14921/2/4 14922/2/4 14983/2/4
f 14983/2/4 14922/2/4 14984/2/4
f 14971/2/4 14972/2/4 14985/2/4
f 14973/2/4 14974/2/4 14988/2/4
f 14913/2/4 14914/2/4 14989/2/4
f 14989/2/4 14914/2/4 14990/2/4
f 14915/2/4 14916/2/4 14991/2/4
f 14991/2/4 14916/2/4 14992/2/4
f 14935/2/4 14936/2/4 14993/2/4
f 14917/2/4 14935/2/4 14993/2/4
f 14993/2/4 14936/2/4 14994/2/4
f 14919/3/4 14920/3/4 14995/3/4
f 14995/3/4 14920/3/4 14996/3/4
f 14921/2/4 14983/2/4 14997/2/4
f 14997/2/4 14983/2/4 14998/2/4
f 14923/2/4 14924/2/4 14999/2/4
f 14999/2/4 14924/2/4 15000/2/4
f 14925/2/4 14926/2/4 15001/2/4
f 15001/2/4 14926/2/4 15002/2/4
f 14939/2/4 14940/2/4 15003/2/4
f 14927/2/4 14939/2/4 15003/2/4
f 15003/2/4 14940/2/4 15004/2/4
f 14929/2/4 14930/2/4 15005/2/4
f 15005/2/4 14930/2/4 15006/2/4
f 14982/2/4 14932/2/4 15007/2/4
f 15007/2/4 14932/2/4 15008/2/4
f 14933/3/4 14934/3/4 15009/3/4
f 15009/3/4 14934/3/4 15010/3/4
f 14969/2/4 14970/2/4 15033/2/4
f 15033/2/4 14970/2/4 15034/2/4
f 14961/2/4 14962/2/4 15037/2/4
f 15037/2/4 14962/2/4 15038/2/4
f 14963/2/4 14964/2/4 15039/2/4
f 15039/2/4 14964/2/4 15040/2/4
f 14965/2/4 14966/2/4 15041/2/4
f 15041/2/4 14966/2/4 15042/2/4
f 14967/2/4 14968/2/4 15043/2/4
f 15043/2/4 14968/2/4 15044/2/4
f 15017/2/4 15018/2/4 15045/2/4
f 15034/2/4 14970/2/4 15047/2/4
f 15047/2/4 14970/2/4 15048/2/4
f 14985/2/4 14986/2/4 15049/2/4
f 14971/2/4 14985/2/4 15049/2/4
f 15049/2/4 14986/2/4 15050/2/4
f 14987/2/4 14988/2/4 15051/2/4
f 14988/2/4 14974/2/4 15052/2/4
f 15051/2/4 14988/2/4 15052/2/4
f 14975/2/4 14976/2/4 15053/2/4
f 15053/2/4 14976/2/4 15054/2/4
f 14977/2/4 14978/2/4 15055/2/4
f 15055/2/4 14978/2/4 15056/2/4
f 14979/2/4 14980/2/4 15057/2/4
f 15057/2/4 14980/2/4 15058/2/4
f 15077/2/4 15078/2/4 15083/2/4
f 15011/2/4 15012/2/4 15085/2/4
f 15085/2/4 15012/2/4 15086/2/4
f 15013/2/4 15014/2/4 15087/2/4
f 15087/2/4 15014/2/4 15088/2/4
f 15015/2/4 15016/2/4 15089/2/4
f 15089/2/4 15016/2/4 15090/2/4
f 15017/2/4 15045/2/4 15091/2/4
f 15045/2/4 15046/2/4 15091/2/4
f 15091/2/4 15046/2/4 15092/2/4
f 15065/2/4 15066/2/4 15094/2/4
f 15019/2/4 15020/2/4 15095/2/4
f 15095/2/4 15020/2/4 15096/2/4
f 15035/3/4 15036/3/4 15097/3/4
f 15097/3/4 15036/3/4 15098/3/4
f 15021/2/4 15022/2/4 15099/2/4
f 15099/2/4 15022/2/4 15100/2/4
f 15023/2/4 15024/2/4 15101/2/4
f 15101/2/4 15024/2/4 15102/2/4
f 15025/2/4 15026/2/4 15103/2/4
f 15103/2/4 15026/2/4 15104/2/4
f 15027/2/4 15028/2/4 15105/2/4
f 15105/2/4 15028/2/4 15106/2/4
f 15029/2/4 15030/2/4 15107/2/4
f 15107/2/4 15030/2/4 15108/2/4
f 15031/4/4 15032/4/4 15109/4/4
f 15109/4/4 15032/4/4 15110/4/4
f 15063/2/4 15064/2/4 15117/2/4
f 15059/2/4 15060/2/4 15139/2/4
f 15139/2/4 15060/2/4 15140/2/4
f 15061/2/4 15062/2/4 15141/2/4
f 15141/2/4 15062/2/4 15142/2/4
f 15063/2/4 15117/2/4 15143/2/4
f 15117/2/4 15118/2/4 15143/2/4
f 15143/2/4 15118/2/4 15144/2/4
f 15093/2/4 15094/2/4 15145/2/4
f 15094/2/4 15066/2/4 15146/2/4
f 15145/2/4 15094/2/4 15146/2/4
f 15067/2/4 15068/2/4 15147/2/4
f 15147/2/4 15068/2/4 15148/2/4
f 15069/2/4 15070/2/4 15149/2/4
f 15149/2/4 15070/2/4 15150/2/4
f 15071/2/4 15072/2/4 15151/2/4
f 15151/2/4 15072/2/4 15152/2/4
f 15073/2/4 15074/2/4 15153/2/4
f 15153/2/4 15074/2/4 15154/2/4
f 15075/3/4 15076/3/4 15155/3/4
f 15155/3/4 15076/3/4 15156/3/4
f 15083/2/4 15084/2/4 15157/2/4
f 15077/2/4 15083/2/4 15157/2/4
f 15157/2/4 15084/2/4 15158/2/4
f 15079/2/4 15080/2/4 15159/2/4
f 15159/2/4 15080/2/4 15160/2/4
f 15081/2/4 15082/2/4 15161/2/4
f 15161/2/4 15082/2/4 15162/2/4
f 15111/4/4 15112/4/4 15187/4/4
f 15187/4/4 15112/4/4 15188/4/4
f 15113/2/4 15114/2/4 15189/2/4
f 15189/2/4 15114/2/4 15190/2/4
f 15115/2/4 15116/2/4 15191/2/4
f 15191/2/4 15116/2/4 15192/2/4
f 15137/3/4 15138/3/4 15193/3/4
f 15193/3/4 15138/3/4 15194/3/4
f 15119/2/4 15120/2/4 15195/2/4
f 15195/2/4 15120/2/4 15196/2/4
f 15121/2/4 15122/2/4 15197/2/4
f 15197/2/4 15122/2/4 15198/2/4
f 15123/2/4 15124/2/4 15199/2/4
f 15199/2/4 15124/2/4 15200/2/4
f 15125/2/4 15126/2/4 15201/2/4
f 15201/2/4 15126/2/4 15202/2/4
f 15127/2/4 15128/2/4 15203/2/4
f 15203/2/4 15128/2/4 15204/2/4
f 15129/2/4 15130/2/4 15205/2/4
f 15205/2/4 15130/2/4 15206/2/4
f 15131/3/4 15132/3/4 15207/3/4
f 15207/3/4 15132/3/4 15208/3/4
f 15133/3/4 15134/3/4 15209/3/4
f 15209/3/4 15134/3/4 15210/3/4
f 15135/2/4 15136/2/4 15211/2/4
f 15211/2/4 15136/2/4 15212/2/4
f 15167/2/4 15168/2/4 15215/2/4
f 15215/2/4 15168/2/4 15216/2/4
f 15163/2/4 15164/2/4 15235/2/4
f 15235/2/4 15164/2/4 15236/2/4
f 15165/2/4 15166/2/4 15237/2/4
f 15237/2/4 15166/2/4 15238/2/4
f 15216/2/4 15168/2/4 15239/2/4
f 15239/2/4 15168/2/4 15240/2/4
f 15169/2/4 15170/2/4 15241/2/4
f 15241/2/4 15170/2/4 15242/2/4
f 15171/3/4 15172/3/4 15243/3/4
f 15243/3/4 15172/3/4 15244/3/4
f 15173/2/4 15174/2/4 15245/2/4
f 15245/2/4 15174/2/4 15246/2/4
f 15175/2/4 15176/2/4 15247/2/4
f 15247/2/4 15176/2/4 15248/2/4
f 15177/2/4 15178/2/4 15249/2/4
f 15249/2/4 15178/2/4 15250/2/4
f 15179/2/4 15180/2/4 15251/2/4
f 15251/2/4 15180/2/4 15252/2/4
f 15181/2/4 15182/2/4 15253/2/4
f 15253/2/4 15182/2/4 15254/2/4
f 15183/2/4 15184/2/4 15255/2/4
f 15255/2/4 15184/2/4 15256/2/4
f 15185/2/4 15186/2/4 15257/2/4
f 15257/2/4 15186/2/4 15258/2/4
f 15263/2/4 15264/2/4 15291/2/4
f 15213/2/4 15214/2/4 15293/2/4
f 15293/2/4 15214/2/4 15294/2/4
f 15265/2/4 15266/2/4 15296/2/4
f 15217/2/4 15218/2/4 15297/2/4
f 15297/2/4 15218/2/4 15298/2/4
f 15219/2/4 15220/2/4 15299/2/4
f 15299/2/4 15220/2/4 15300/2/4
f 15221/2/4 15222/2/4 15301/2/4
f 15301/2/4 15222/2/4 15302/2/4
f 15223/2/4 15224/2/4 15303/2/4
f 15303/2/4 15224/2/4 15304/2/4
f 15225/2/4 15226/2/4 15305/2/4
f 15305/2/4 15226/2/4 15306/2/4
f 15227/2/4 15228/2/4 15307/2/4
f 15307/2/4 15228/2/4 15308/2/4
f 15229/2/4 15230/2/4 15309/2/4
f 15309/2/4 15230/2/4 15310/2/4
f 15231/2/4 15232/2/4 15311/2/4
f 15311/2/4 15232/2/4 15312/2/4
f 15233/2/4 15234/2/4 15313/2/4
f 15313/2/4 15234/2/4 15314/2/4
f 15319/2/4 15320/2/4 15337/2/4
f 15259/2/4 15260/2/4 15339/2/4
f 15339/2/4 15260/2/4 15340/2/4
f 15261/2/4 15262/2/4 15341/2/4
f 15341/2/4 15262/2/4 15342/2/4
f 15291/2/4 15292/2/4 15343/2/4
f 15263/2/4 15291/2/4 15343/2/4
f 15343/2/4 15292/2/4 15344/2/4
f 15295/2/4 15296/2/4 15345/2/4
f 15296/2/4 15266/2/4 15346/2/4
f 15345/2/4 15296/2/4 15346/2/4
f 15267/2/4 15268/2/4 15347/2/4
f 15347/2/4 15268/2/4 15348/2/4
f 15269/2/4 15270/2/4 15349/2/4
f 15349/2/4 15270/2/4 15350/2/4
f 15271/2/4 15272/2/4 15351/2/4
f 15351/2/4 15272/2/4 15352/2/4
f 15273/2/4 15274/2/4 15353/2/4
f 15353/2/4 15274/2/4 15354/2/4
f 15275/2/4 15276/2/4 15355/2/4
f 15355/2/4 15276/2/4 15356/2/4
f 15277/2/4 15278/2/4 15357/2/4
f 15357/2/4 15278/2/4 15358/2/4
f 15279/3/4 15280/3/4 15359/3/4
f 15359/3/4 15280/3/4 15360/3/4
f 15281/2/4 15282/2/4 15361/2/4
f 15361/2/4 15282/2/4 15362/2/4
f 15283/3/4 15284/3/4 15363/3/4
f 15363/3/4 15284/3/4 15364/3/4
f 15285/2/4 15286/2/4 15365/2/4
f 15365/2/4 15286/2/4 15366/2/4
f 15287/2/4 15288/2/4 15367/2/4
f 15367/2/4 15288/2/4 15368/2/4
f 15289/2/4 15290/2/4 15369/2/4
f 15369/2/4 15290/2/4 15370/2/4
f 15315/2/4 15316/2/4 15393/2/4
f 15393/2/4 15316/2/4 15394/2/4
f 15317/2/4 15318/2/4 15395/2/4
f 15395/2/4 15318/2/4 15396/2/4
f 15337/2/4 15338/2/4 15397/2/4
f 15319/2/4 15337/2/4 15397/2/4
f 15397/2/4 15338/2/4 15398/2/4
f 15321/2/4 15322/2/4 15399/2/4
f 15399/2/4 15322/2/4 15400/2/4
f 15323/2/4 15324/2/4 15401/2/4
f 15401/2/4 15324/2/4 15402/2/4
f 15325/2/4 15326/2/4 15403/2/4
f 15403/2/4 15326/2/4 15404/2/4
f 15327/2/4 15328/2/4 15405/2/4
f 15405/2/4 15328/2/4 15406/2/4
f 15329/3/4 15330/3/4 15407/3/4
f 15407/3/4 15330/3/4 15408/3/4
f 15331/2/4 15332/2/4 15409/2/4
f 15409/2/4 15332/2/4 15410/2/4
f 15333/3/4 15334/3/4 15411/3/4
f 15411/3/4 15334/3/4 15412/3/4
f 15335/2/4 15336/2/4 15413/2/4
f 15413/2/4 15336/2/4 15414/2/4
f 15371/3/4 15372/3/4 15443/3/4
f 15443/3/4 15372/3/4 15444/3/4
f 15373/2/4 15374/2/4 15445/2/4
f 15445/2/4 15374/2/4 15446/2/4
f 15375/2/4 15376/2/4 15447/2/4
f 15447/2/4 15376/2/4 15448/2/4
f 15377/4/4 15378/4/4 15449/4/4
f 15449/4/4 15378/4/4 15450/4/4
f 15379/2/4 15380/2/4 15451/2/4
f 15451/2/4 15380/2/4 15452/2/4
f 15381/2/4 15382/2/4 15453/2/4
f 15453/2/4 15382/2/4 15454/2/4
f 15383/2/4 15384/2/4 15455/2/4
f 15455/2/4 15384/2/4 15456/2/4
f 15385/2/4 15386/2/4 15457/2/4
f 15457/2/4 15386/2/4 15458/2/4
f 15387/4/4 15388/4/4 15459/4/4
f 15459/4/4 15388/4/4 15460/4/4
f 15389/2/4 15390/2/4 15461/2/4
f 15461/2/4 15390/2/4 15462/2/4
f 15391/2/4 15392/2/4 15463/2/4
f 15463/2/4 15392/2/4 15464/2/4
f 15415/2/4 15416/2/4 15491/2/4
f 15491/2/4 15416/2/4 15492/2/4
f 15417/2/4 15418/2/4 15493/2/4
f 15493/2/4 15418/2/4 15494/2/4
f 15419/2/4 15420/2/4 15495/2/4
f 15495/2/4 15420/2/4 15496/2/4
f 15421/2/4 15422/2/4 15497/2/4
f 15497/2/4 15422/2/4 15498/2/4
f 15423/2/4 15424/2/4 15499/2/4
f 15499/2/4 15424/2/4 15500/2/4
f 15425/2/4 15426/2/4 15501/2/4
f 15501/2/4 15426/2/4 15502/2/4
f 15427/2/4 15428/2/4 15503/2/4
f 15503/2/4 15428/2/4 15504/2/4
f 15429/2/4 15430/2/4 15505/2/4
f 15505/2/4 15430/2/4 15506/2/4
f 15431/2/4 15432/2/4 15507/2/4
f 15507/2/4 15432/2/4 15508/2/4
f 15433/2/4 15434/2/4 15509/2/4
f 15509/2/4 15434/2/4 15510/2/4
f 15435/2/4 15436/2/4 15511/2/4
f 15511/2/4 15436/2/4 15512/2/4
f 15437/2/4 15438/2/4 15513/2/4
f 15513/2/4 15438/2/4 15514/2/4
f 15439/2/4 15440/2/4 15515/2/4
f 15515/2/4 15440/2/4 15516/2/4
f 15441/2/4 15442/2/4 15517/2/4
f 15517/2/4 15442/2/4 15518/2/4
f 15465/2/4 15466/2/4 15551/2/4
f 15551/2/4 15466/2/4 15552/2/4
f 15519/2/4 15520/2/4 15553/2/4
f 15553/2/4 15520/2/4 15554/2/4
f 15467/2/4 15468/2/4 15555/2/4
f 15555/2/4 15468/2/4 15556/2/4
f 15521/2/4 15522/2/4 15557/2/4
f 15557/2/4 15522/2/4 15558/2/4
f 15469/2/4 15470/2/4 15559/2/4
f 15559/2/4 15470/2/4 15560/2/4
f 15523/2/4 15524/2/4 15561/2/4
f 15561/2/4 15524/2/4 15562/2/4
f 15471/2/4 15472/2/4 15563/2/4
f 15563/2/4 15472/2/4 15564/2/4
f 15525/2/4 15526/2/4 15565/2/4
f 15565/2/4 15526/2/4 15566/2/4
f 15473/2/4 15474/2/4 15567/2/4
f 15567/2/4 15474/2/4 15568/2/4
f 15527/2/4 15528/2/4 15569/2/4
f 15569/2/4 15528/2/4 15570/2/4
f 15475/2/4 15476/2/4 15571/2/4
f 15571/2/4 15476/2/4 15572/2/4
f 15529/2/4 15530/2/4 15573/2/4
f 15573/2/4 15530/2/4 15574/2/4
f 15477/2/4 15478/2/4 15575/2/4
f 15575/2/4 15478/2/4 15576/2/4
f 15531/2/4 15532/2/4 15577/2/4
f 15577/2/4 15532/2/4 15578/2/4
f 15479/2/4 15480/2/4 15579/2/4
f 15579/2/4 15480/2/4 15580/2/4
f 15533/2/4 15534/2/4 15581/2/4
f 15581/2/4 15534/2/4 15582/2/4
f 15535/2/4 15536/2/4 15583/2/4
f 15583/2/4 15536/2/4 15584/2/4
f 15481/2/4 15482/2/4 15585/2/4
f 15585/2/4 15482/2/4 15586/2/4
f 15537/2/4 15538/2/4 15587/2/4
f 15587/2/4 15538/2/4 15588/2/4
f 15483/2/4 15484/2/4 15589/2/4
f 15589/2/4 15484/2/4 15590/2/4
f 15539/2/4 15540/2/4 15591/2/4
f 15591/2/4 15540/2/4 15592/2/4
f 15485/2/4 15486/2/4 15593/2/4
f 15593/2/4 15486/2/4 15594/2/4
f 15541/2/4 15542/2/4 15595/2/4
f 15595/2/4 15542/2/4 15596/2/4
f 15487/2/4 15488/2/4 15597/2/4
f 15597/2/4 15488/2/4 15598/2/4
f 15543/2/4 15544/2/4 15599/2/4
f 15599/2/4 15544/2/4 15600/2/4
f 15545/2/4 15546/2/4 15601/2/4
f 15601/2/4 15546/2/4 15602/2/4
f 15489/2/4 15490/2/4 15603/2/4
f 15603/2/4 15490/2/4 15604/2/4
f 15547/2/4 15548/2/4 15605/2/4
f 15605/2/4 15548/2/4 15606/2/4
f 15549/2/4 15550/2/4 15607/2/4
f 15607/2/4 15550/2/4 15608/2/4
f 15638/2/5 15610/2/5 15609/2/5
f 15639/2/5 15610/2/5 15638/2/5
f 15640/2/5 15612/2/5 15611/2/5
f 15641/2/5 15612/2/5 15640/2/5
f 15644/2/5 15614/2/5 15613/2/5
f 15645/2/5 15614/2/5 15644/2/5
f 15646/2/5 15616/2/5 15615/2/5
f 15647/2/5 15616/2/5 15646/2/5
f 15648/4/5 15618/4/5 15617/4/5
f 15649/4/5 15618/4/5 15648/4/5
f 15652/3/5 15620/3/5 15619/3/5
f 15653/3/5 15620/3/5 15652/3/5
f 15654/2/5 15622/2/5 15621/2/5
f 15655/2/5 15622/2/5 15654/2/5
f 15656/3/5 15624/3/5 15623/3/5
f 15657/3/5 15624/3/5 15656/3/5
f 15660/2/5 15626/2/5 15625/2/5
f 15661/2/5 15626/2/5 15660/2/5
f 15662/2/5 15628/2/5 15627/2/5
f 15663/2/5 15628/2/5 15662/2/5
f 15664/2/5 15630/2/5 15629/2/5
f 15665/2/5 15630/2/5 15664/2/5
f 15666/2/5 15632/2/5 15631/2/5
f 15667/2/5 15632/2/5 15666/2/5
f 15668/3/5 15634/3/5 15633/3/5
f 15669/3/5 15634/3/5 15668/3/5
f 15670/2/5 15636/2/5 15635/2/5
f 15671/1/5 15638/1/5 15637/1/5
f 15672/2/5 15639/2/5 15638/2/5
f 15672/1/5 15638/1/5 15671/1/5
f 15673/1/5 15640/1/5 15639/1/5
f 15673/2/5 15639/2/5 15672/2/5
f 15674/2/5 15641/2/5 15640/2/5
f 15674/1/5 15640/1/5 15673/1/5
f 15675/1/5 15642/1/5 15641/1/5
f 15675/2/5 15641/2/5 15674/2/5
f 15676/2/5 15643/2/5 15642/2/5
f 15676/1/5 15642/1/5 15675/1/5
f 15677/1/5 15644/1/5 15643/1/5
f 15677/2/5 15643/2/5 15676/2/5
f 15678/2/5 15645/2/5 15644/2/5
f 15678/1/5 15644/1/5 15677/1/5
f 15679/1/5 15646/1/5 15645/1/5
f 15679/2/5 15645/2/5 15678/2/5
f 15680/2/5 15647/2/5 15646/2/5
f 15680/1/5 15646/1/5 15679/1/5
f 15681/1/5 15648/1/5 15647/1/5
f 15681/2/5 15647/2/5 15680/2/5
f 15682/4/5 15649/4/5 15648/4/5
f 15682/1/5 15648/1/5 15681/1/5
f 15683/1/5 15650/1/5 15649/1/5
f 15683/4/5 15649/4/5 15682/4/5
f 15684/2/5 15651/2/5 15650/2/5
f 15684/1/5 15650/1/5 15683/1/5
f 15685/1/5 15652/1/5 15651/1/5
f 15685/2/5 15651/2/5 15684/2/5
f 15686/3/5 15653/3/5 15652/3/5
f 15686/1/5 15652/1/5 15685/1/5
f 15687/1/5 15654/1/5 15653/1/5
f 15687/3/5 15653/3/5 15686/3/5
f 15688/2/5 15655/2/5 15654/2/5
f 15688/1/5 15654/1/5 15687/1/5
f 15689/1/5 15656/1/5 15655/1/5
f 15689/2/5 15655/2/5 15688/2/5
f 15690/3/5 15657/3/5 15656/3/5
f 15690/1/5 15656/1/5 15689/1/5
f 15691/1/5 15658/1/5 15657/1/5
f 15691/3/5 15657/3/5 15690/3/5
f 15692/2/5 15659/2/5 15658/2/5
f 15692/1/5 15658/1/5 15691/1/5
f 15693/1/5 15660/1/5 15659/1/5
f 15693/2/5 15659/2/5 15692/2/5
f 15694/2/5 15661/2/5 15660/2/5
f 15694/1/5 15660/1/5 15693/1/5
f 15695/1/5 15662/1/5 15661/1/5
f 15695/2/5 15661/2/5 15694/2/5
f 15696/2/5 15663/2/5 15662/2/5
f 15696/1/5 15662/1/5 15695/1/5
f 15697/1/5 15664/1/5 15663/1/5
f 15697/2/5 15663/2/5 15696/2/5
f 15698/2/5 15665/2/5 15664/2/5
f 15698/1/5 15664/1/5 15697/1/5
f 15699/1/5 15666/1/5 15665/1/5
f 15699/2/5 15665/2/5 15698/2/5
f 15700/2/5 15667/2/5 15666/2/5
f 15700/1/5 15666/1/5 15699/1/5
f 15701/1/5 15668/1/5 15667/1/5
f 15701/2/5 15667/2/5 15700/2/5
f 15702/3/5 15669/3/5 15668/3/5
f 15702/1/5 15668/1/5 15701/1/5
f 15703/1/5 15670/1/5 15669/1/5
f 15703/3/5 15669/3/5 15702/3/5
f 15704/2/5 15636/2/5 15670/2/5
f 15704/1/5 15670/1/5 15703/1/5
f 15705/2/5 15673/2/5 15672/2/5
f 15706/2/5 15673/2/5 15705/2/5
f 15707/2/5 15675/2/5 15674/2/5
f 15708/2/5 15675/2/5 15707/2/5
f 15709/2/5 15679/2/5 15678/2/5
f 15710/2/5 15679/2/5 15709/2/5
f 15711/2/5 15681/2/5 15680/2/5
f 15712/2/5 15681/2/5 15711/2/5
f 15713/4/5 15683/4/5 15682/4/5
f 15714/4/5 15683/4/5 15713/4/5
f 15715/3/5 15687/3/5 15686/3/5
f 15716/3/5 15687/3/5 15715/3/5
f 15717/2/5 15689/2/5 15688/2/5
f 15718/2/5 15689/2/5 15717/2/5
f 15719/3/5 15691/3/5 15690/3/5
f 15720/3/5 15691/3/5 15719/3/5
f 15721/2/5 15695/2/5 15694/2/5
f 15722/2/5 15695/2/5 15721/2/5
f 15723/2/5 15697/2/5 15696/2/5
f 15724/2/5 15697/2/5 15723/2/5
f 15725/2/5 15699/2/5 15698/2/5
f 15726/2/5 15699/2/5 15725/2/5
f 15727/2/5 15701/2/5 15700/2/5
f 15728/2/5 15701/2/5 15727/2/5
f 15729/3/5 15703/3/5 15702/3/5
f 15730/3/5 15703/3/5 15729/3/5
f 15731/2/5 15636/2/5 15704/2/5
f 15732/2/5 15636/2/5 15731/2/5
f 15763/3/5 15734/3/5 15733/3/5
f 15764/3/5 15734/3/5 15763/3/5
f 15765/2/5 15736/2/5 15735/2/5
f 15766/2/5 15736/2/5 15765/2/5
f 15767/2/5 15738/2/5 15737/2/5
f 15768/2/5 15738/2/5 15767/2/5
f 15769/2/5 15740/2/5 15739/2/5
f 15770/2/5 15740/2/5 15769/2/5
f 15771/2/5 15742/2/5 15741/2/5
f 15772/2/5 15742/2/5 15771/2/5
f 15773/2/5 15744/2/5 15743/2/5
f 15774/2/5 15744/2/5 15773/2/5
f 15775/2/5 15746/2/5 15745/2/5
f 15776/2/5 15746/2/5 15775/2/5
f 15777/2/5 15748/2/5 15747/2/5
f 15778/2/5 15748/2/5 15777/2/5
f 15779/2/5 15750/2/5 15749/2/5
f 15780/2/5 15750/2/5 15779/2/5
f 15781/2/5 15752/2/5 15751/2/5
f 15782/2/5 15752/2/5 15781/2/5
f 15783/2/5 15754/2/5 15753/2/5
f 15784/2/5 15754/2/5 15783/2/5
f 15785/2/5 15756/2/5 15755/2/5
f 15786/2/5 15756/2/5 15785/2/5
f 15787/2/5 15758/2/5 15757/2/5
f 15788/2/5 15758/2/5 15787/2/5
f 15789/2/5 15760/2/5 15759/2/5
f 15790/2/5 15760/2/5 15789/2/5
f 15791/2/5 15762/2/5 15761/2/5
f 15792/2/5 15762/2/5 15791/2/5
f 15823/3/5 15794/3/5 15793/3/5
f 15824/3/5 15794/3/5 15823/3/5
f 15825/2/5 15796/2/5 15795/2/5
f 15826/2/5 15796/2/5 15825/2/5
f 15827/2/5 15798/2/5 15797/2/5
f 15828/2/5 15798/2/5 15827/2/5
f 15829/2/5 15800/2/5 15799/2/5
f 15830/2/5 15800/2/5 15829/2/5
f 15831/2/5 15802/2/5 15801/2/5
f 15832/2/5 15802/2/5 15831/2/5
f 15833/2/5 15804/2/5 15803/2/5
f 15834/2/5 15804/2/5 15833/2/5
f 15835/2/5 15806/2/5 15805/2/5
f 15836/2/5 15806/2/5 15835/2/5
f 15837/2/5 15808/2/5 15807/2/5
f 15838/2/5 15808/2/5 15837/2/5
f 15839/2/5 15810/2/5 15809/2/5
f 15840/2/5 15810/2/5 15839/2/5
f 15841/2/5 15812/2/5 15811/2/5
f 15842/2/5 15812/2/5 15841/2/5
f 15843/2/5 15814/2/5 15813/2/5
f 15844/2/5 15814/2/5 15843/2/5
f 15845/2/5 15816/2/5 15815/2/5
f 15846/2/5 15816/2/5 15845/2/5
f 15847/2/5 15818/2/5 15817/2/5
f 15848/2/5 15818/2/5 15847/2/5
f 15849/2/5 15820/2/5 15819/2/5
f 15850/2/5 15820/2/5 15849/2/5
f 15851/2/5 15822/2/5 15821/2/5
f 15852/2/5 15822/2/5 15851/2/5
f 15875/2/5 15854/2/5 15853/2/5
f 15876/2/5 15854/2/5 15875/2/5
f 15877/3/5 15856/3/5 15855/3/5
f 15878/3/5 15856/3/5 15877/3/5
f 15879/2/5 15858/2/5 15857/2/5
f 15880/2/5 15858/2/5 15879/2/5
f 15881/2/5 15860/2/5 15859/2/5
f 15882/2/5 15860/2/5 15881/2/5
f 15883/2/5 15862/2/5 15861/2/5
f 15884/2/5 15862/2/5 15883/2/5
f 15885/2/5 15864/2/5 15863/2/5
f 15886/2/5 15864/2/5 15885/2/5
f 15887/2/5 15866/2/5 15865/2/5
f 15888/2/5 15866/2/5 15887/2/5
f 15889/2/5 15868/2/5 15867/2/5
f 15890/2/5 15868/2/5 15889/2/5
f 15891/2/5 15870/2/5 15869/2/5
f 15892/2/5 15870/2/5 15891/2/5
f 15893/2/5 15872/2/5 15871/2/5
f 15894/2/5 15872/2/5 15893/2/5
f 15895/2/5 15874/2/5 15873/2/5
f 15896/2/5 15874/2/5 15895/2/5
f 15919/2/5 15898/2/5 15897/2/5
f 15920/2/5 15898/2/5 15919/2/5
f 15921/3/5 15900/3/5 15899/3/5
f 15922/3/5 15900/3/5 15921/3/5
f 15923/2/5 15902/2/5 15901/2/5
f 15924/2/5 15902/2/5 15923/2/5
f 15925/2/5 15904/2/5 15903/2/5
f 15926/2/5 15904/2/5 15925/2/5
f 15927/2/5 15906/2/5 15905/2/5
f 15928/2/5 15906/2/5 15927/2/5
f 15929/2/5 15908/2/5 15907/2/5
f 15930/2/5 15908/2/5 15929/2/5
f 15931/2/5 15910/2/5 15909/2/5
f 15932/2/5 15910/2/5 15931/2/5
f 15933/2/5 15912/2/5 15911/2/5
f 15934/2/5 15912/2/5 15933/2/5
f 15935/2/5 15914/2/5 15913/2/5
f 15936/2/5 15914/2/5 15935/2/5
f 15937/2/5 15916/2/5 15915/2/5
f 15938/2/5 15916/2/5 15937/2/5
f 15939/2/5 15918/2/5 15917/2/5
f 15940/2/5 15918/2/5 15939/2/5
f 15943/2/5 15942/2/5 15941/2/5
f 15944/2/5 15942/2/5 15943/2/5
f 15947/2/5 15946/2/5 15945/2/5
f 15948/2/5 15946/2/5 15947/2/5
f 15983/2/5 15950/2/5 15949/2/5
f 15984/2/5 15950/2/5 15983/2/5
f 15985/2/5 15952/2/5 15951/2/5
f 15986/2/5 15952/2/5 15985/2/5
f 15987/2/5 15954/2/5 15953/2/5
f 15988/2/5 15954/2/5 15987/2/5
f 15989/2/5 15956/2/5 15955/2/5
f 15990/2/5 15956/2/5 15989/2/5
f 15991/2/5 15958/2/5 15957/2/5
f 15992/2/5 15958/2/5 15991/2/5
f 15993/2/5 15960/2/5 15959/2/5
f 15994/2/5 15960/2/5 15993/2/5
f 15995/4/5 15962/4/5 15961/4/5
f 15996/4/5 15962/4/5 15995/4/5
f 15997/2/5 15964/2/5 15963/2/5
f 15998/2/5 15964/2/5 15997/2/5
f 15999/2/5 15966/2/5 15965/2/5
f 16000/2/5 15966/2/5 15999/2/5
f 16001/2/5 15968/2/5 15967/2/5
f 16002/2/5 15968/2/5 16001/2/5
f 16003/2/5 15970/2/5 15969/2/5
f 16004/2/5 15970/2/5 16003/2/5
f 16005/2/5 15972/2/5 15971/2/5
f 16006/2/5 15972/2/5 16005/2/5
f 16007/4/5 15974/4/5 15973/4/5
f 16008/4/5 15974/4/5 16007/4/5
f 16009/2/5 15976/2/5 15975/2/5
f 16010/2/5 15976/2/5 16009/2/5
f 16011/2/5 15978/2/5 15977/2/5
f 16012/2/5 15978/2/5 16011/2/5
f 16013/2/5 15980/2/5 15979/2/5
f 16014/2/5 15980/2/5 16013/2/5
f 16015/2/5 15982/2/5 15981/2/5
f 16016/2/5 15982/2/5 16015/2/5
f 16051/2/5 16018/2/5 16017/2/5
f 16052/2/5 16018/2/5 16051/2/5
f 16053/2/5 16020/2/5 16019/2/5
f 16054/2/5 16020/2/5 16053/2/5
f 16055/2/5 16022/2/5 16021/2/5
f 16056/2/5 16022/2/5 16055/2/5
f 16057/2/5 16024/2/5 16023/2/5
f 16058/2/5 16024/2/5 16057/2/5
f 16059/2/5 16026/2/5 16025/2/5
f 16060/2/5 16026/2/5 16059/2/5
f 16061/2/5 16028/2/5 16027/2/5
f 16062/2/5 16028/2/5 16061/2/5
f 16063/4/5 16030/4/5 16029/4/5
f 16064/4/5 16030/4/5 16063/4/5
f 16065/2/5 16032/2/5 16031/2/5
f 16066/2/5 16032/2/5 16065/2/5
f 16067/2/5 16034/2/5 16033/2/5
f 16068/2/5 16034/2/5 16067/2/5
f 16069/2/5 16036/2/5 16035/2/5
f 16070/2/5 16036/2/5 16069/2/5
f 16071/2/5 16038/2/5 16037/2/5
f 16072/2/5 16038/2/5 16071/2/5
f 16073/2/5 16040/2/5 16039/2/5
f 16074/2/5 16040/2/5 16073/2/5
f 16075/4/5 16042/4/5 16041/4/5
f 16076/4/5 16042/4/5 16075/4/5
f 16077/2/5 16044/2/5 16043/2/5
f 16078/2/5 16044/2/5 16077/2/5
f 16079/2/5 16046/2/5 16045/2/5
f 16080/2/5 16046/2/5 16079/2/5
f 16081/2/5 16048/2/5 16047/2/5
f 16082/2/5 16048/2/5 16081/2/5
f 16083/2/5 16050/2/5 16049/2/5
f 16084/2/5 16050/2/5 16083/2/5
f 16109/2/5 16086/2/5 16085/2/5
f 16110/2/5 16086/2/5 16109/2/5
f 16111/2/5 16088/2/5 16087/2/5
f 16112/2/5 16088/2/5 16111/2/5
f 16113/4/5 16090/4/5 16089/4/5
f 16114/4/5 16090/4/5 16113/4/5
f 16115/3/5 16092/3/5 16091/3/5
f 16116/3/5 16092/3/5 16115/3/5
f 16117/2/5 16094/2/5 16093/2/5
f 16118/2/5 16094/2/5 16117/2/5
f 16119/2/5 16096/2/5 16095/2/5
f 16120/2/5 16096/2/5 16119/2/5
f 16121/2/5 16098/2/5 16097/2/5
f 16122/2/5 16098/2/5 16121/2/5
f 16123/2/5 16100/2/5 16099/2/5
f 16124/2/5 16100/2/5 16123/2/5
f 16125/2/5 16102/2/5 16101/2/5
f 16126/2/5 16102/2/5 16125/2/5
f 16127/2/5 16104/2/5 16103/2/5
f 16128/2/5 16104/2/5 16127/2/5
f 16129/2/5 16106/2/5 16105/2/5
f 16130/2/5 16106/2/5 16129/2/5
f 16131/2/5 16108/2/5 16107/2/5
f 16132/2/5 16108/2/5 16131/2/5
f 16157/2/5 16134/2/5 16133/2/5
f 16158/2/5 16134/2/5 16157/2/5
f 16159/2/5 16136/2/5 16135/2/5
f 16160/2/5 16136/2/5 16159/2/5
f 16161/4/5 16138/4/5 16137/4/5
f 16162/4/5 16138/4/5 16161/4/5
f 16163/3/5 16140/3/5 16139/3/5
f 16164/3/5 16140/3/5 16163/3/5
f 16165/2/5 16142/2/5 16141/2/5
f 16166/2/5 16142/2/5 16165/2/5
f 16167/2/5 16144/2/5 16143/2/5
f 16168/2/5 16144/2/5 16167/2/5
f 16169/2/5 16146/2/5 16145/2/5
f 16170/2/5 16146/2/5 16169/2/5
f 16171/2/5 16148/2/5 16147/2/5
f 16172/2/5 16148/2/5 16171/2/5
f 16173/2/5 16150/2/5 16149/2/5
f 16174/2/5 16150/2/5 16173/2/5
f 16175/2/5 16152/2/5 16151/2/5
f 16176/2/5 16152/2/5 16175/2/5
f 16177/2/5 16154/2/5 16153/2/5
f 16178/2/5 16154/2/5 16177/2/5
f 16179/2/5 16156/2/5 16155/2/5
f 16180/2/5 16156/2/5 16179/2/5
f 16185/2/5 16182/2/5 16181/2/5
f 16186/2/5 16182/2/5 16185/2/5
f 16187/4/5 16184/4/5 16183/4/5
f 16188/4/5 16184/4/5 16187/4/5
f 16193/2/5 16190/2/5 16189/2/5
f 16194/2/5 16190/2/5 16193/2/5
f 16195/4/5 16192/4/5 16191/4/5
f 16196/4/5 16192/4/5 16195/4/5
f 16225/2/5 16198/2/5 16197/2/5
f 16226/2/5 16198/2/5 16225/2/5
f 16227/2/5 16200/2/5 16199/2/5
f 16228/2/5 16200/2/5 16227/2/5
f 16229/2/5 16202/2/5 16201/2/5
f 16230/2/5 16202/2/5 16229/2/5
f 16231/2/5 16204/2/5 16203/2/5
f 16232/2/5 16204/2/5 16231/2/5
f 16233/2/5 16206/2/5 16205/2/5
f 16234/2/5 16206/2/5 16233/2/5
f 16235/2/5 16208/2/5 16207/2/5
f 16236/2/5 16208/2/5 16235/2/5
f 16237/2/5 16210/2/5 16209/2/5
f 16238/2/5 16210/2/5 16237/2/5
f 16239/2/5 16212/2/5 16211/2/5
f 16240/2/5 16212/2/5 16239/2/5
f 16241/2/5 16214/2/5 16213/2/5
f 16242/2/5 16214/2/5 16241/2/5
f 16243/2/5 16216/2/5 16215/2/5
f 16244/2/5 16216/2/5 16243/2/5
f 16245/2/5 16218/2/5 16217/2/5
f 16246/2/5 16218/2/5 16245/2/5
f 16247/2/5 16220/2/5 16219/2/5
f 16248/2/5 16220/2/5 16247/2/5
f 16249/2/5 16222/2/5 16221/2/5
f 16250/2/5 16222/2/5 16249/2/5
f 16251/2/5 16224/2/5 16223/2/5
f 16252/2/5 16224/2/5 16251/2/5
f 16281/2/5 16254/2/5 16253/2/5
f 16282/2/5 16254/2/5 16281/2/5
f 16283/2/5 16256/2/5 16255/2/5
f 16284/2/5 16256/2/5 16283/2/5
f 16285/2/5 16258/2/5 16257/2/5
f 16286/2/5 16258/2/5 16285/2/5
f 16287/2/5 16260/2/5 16259/2/5
f 16288/2/5 16260/2/5 16287/2/5
f 16289/2/5 16262/2/5 16261/2/5
f 16290/2/5 16262/2/5 16289/2/5
f 16291/2/5 16264/2/5 16263/2/5
f 16292/2/5 16264/2/5 16291/2/5
f 16293/2/5 16266/2/5 16265/2/5
f 16294/2/5 16266/2/5 16293/2/5
f 16295/2/5 16268/2/5 16267/2/5
f 16296/2/5 16268/2/5 16295/2/5
f 16297/2/5 16270/2/5 16269/2/5
f 16298/2/5 16270/2/5 16297/2/5
f 16299/2/5 16272/2/5 16271/2/5
f 16300/2/5 16272/2/5 16299/2/5
f 16301/2/5 16274/2/5 16273/2/5
f 16302/2/5 16274/2/5 16301/2/5
f 16303/2/5 16276/2/5 16275/2/5
f 16304/2/5 16276/2/5 16303/2/5
f 16305/2/5 16278/2/5 16277/2/5
f 16306/2/5 16278/2/5 16305/2/5
f 16307/2/5 16280/2/5 16279/2/5
f 16308/2/5 16280/2/5 16307/2/5
f 16337/2/5 16310/2/5 16309/2/5
f 16338/2/5 16310/2/5 16337/2/5
f 16339/3/5 16312/3/5 16311/3/5
f 16340/3/5 16312/3/5 16339/3/5
f 16341/2/5 16314/2/5 16313/2/5
f 16342/2/5 16314/2/5 16341/2/5
f 16343/3/5 16316/3/5 16315/3/5
f 16344/3/5 16316/3/5 16343/3/5
f 16345/2/5 16318/2/5 16317/2/5
f 16346/2/5 16318/2/5 16345/2/5
f 16347/2/5 16320/2/5 16319/2/5
f 16348/2/5 16320/2/5 16347/2/5
f 16349/2/5 16322/2/5 16321/2/5
f 16350/2/5 16322/2/5 16349/2/5
f 16351/2/5 16324/2/5 16323/2/5
f 16352/2/5 16324/2/5 16351/2/5
f 16353/3/5 16326/3/5 16325/3/5
f 16354/3/5 16326/3/5 16353/3/5
f 16355/2/5 16328/2/5 16327/2/5
f 16356/2/5 16328/2/5 16355/2/5
f 16357/2/5 16330/2/5 16329/2/5
f 16358/2/5 16330/2/5 16357/2/5
f 16359/2/5 16332/2/5 16331/2/5
f 16360/2/5 16332/2/5 16359/2/5
f 16361/2/5 16334/2/5 16333/2/5
f 16362/2/5 16334/2/5 16361/2/5
f 16363/2/5 16336/2/5 16335/2/5
f 16364/2/5 16336/2/5 16363/2/5
f 16393/2/5 16366/2/5 16365/2/5
f 16394/2/5 16366/2/5 16393/2/5
f 16395/3/5 16368/3/5 16367/3/5
f 16396/3/5 16368/3/5 16395/3/5
f 16397/2/5 16370/2/5 16369/2/5
f 16398/2/5 16370/2/5 16397/2/5
f 16399/3/5 16372/3/5 16371/3/5
f 16400/3/5 16372/3/5 16399/3/5
f 16401/2/5 16374/2/5 16373/2/5
f 16402/2/5 16374/2/5 16401/2/5
f 16403/2/5 16376/2/5 16375/2/5
f 16404/2/5 16376/2/5 16403/2/5
f 16405/2/5 16378/2/5 16377/2/5
f 16406/2/5 16378/2/5 16405/2/5
f 16407/2/5 16380/2/5 16379/2/5
f 16408/2/5 16380/2/5 16407/2/5
f 16409/3/5 16382/3/5 16381/3/5
f 16410/3/5 16382/3/5 16409/3/5
f 16411/2/5 16384/2/5 16383/2/5
f 16412/2/5 16384/2/5 16411/2/5
f 16413/2/5 16386/2/5 16385/2/5
f 16414/2/5 16386/2/5 16413/2/5
f 16415/2/5 16388/2/5 16387/2/5
f 16416/2/5 16388/2/5 16415/2/5
f 16417/2/5 16390/2/5 16389/2/5
f 16418/2/5 16390/2/5 16417/2/5
f 16419/2/5 16392/2/5 16391/2/5
f 16420/2/5 16392/2/5 16419/2/5
f 16431/2/5 16422/2/5 16421/2/5
f 16432/2/5 16422/2/5 16431/2/5
f 16433/2/5 16424/2/5 16423/2/5
f 16434/2/5 16424/2/5 16433/2/5
f 16435/3/5 16426/3/5 16425/3/5
f 16436/3/5 16426/3/5 16435/3/5
f 16437/2/5 16428/2/5 16427/2/5
f 16438/2/5 16428/2/5 16437/2/5
f 16439/2/5 16430/2/5 16429/2/5
f 16440/2/5 16430/2/5 16439/2/5
f 16451/2/5 16442/2/5 16441/2/5
f 16452/2/5 16442/2/5 16451/2/5
f 16453/2/5 16444/2/5 16443/2/5
f 16454/2/5 16444/2/5 16453/2/5
f 16455/3/5 16446/3/5 16445/3/5
f 16456/3/5 16446/3/5 16455/3/5
f 16457/2/5 16448/2/5 16447/2/5
f 16458/2/5 16448/2/5 16457/2/5
f 16459/2/5 16450/2/5 16449/2/5
f 16460/2/5 16450/2/5 16459/2/5
f 16489/2/5 16462/2/5 16461/2/5
f 16490/2/5 16462/2/5 16489/2/5
f 16491/2/5 16464/2/5 16463/2/5
f 16492/2/5 16464/2/5 16491/2/5
f 16493/2/5 16466/2/5 16465/2/5
f 16494/2/5 16466/2/5 16493/2/5
f 16495/2/5 16468/2/5 16467/2/5
f 16496/2/5 16468/2/5 16495/2/5
f 16497/2/5 16470/2/5 16469/2/5
f 16498/2/5 16470/2/5 16497/2/5
f 16499/2/5 16472/2/5 16471/2/5
f 16500/2/5 16472/2/5 16499/2/5
f 16501/3/5 16474/3/5 16473/3/5
f 16502/3/5 16474/3/5 16501/3/5
f 16503/2/5 16476/2/5 16475/2/5
f 16504/2/5 16476/2/5 16503/2/5
f 16505/2/5 16478/2/5 16477/2/5
f 16506/2/5 16478/2/5 16505/2/5
f 16507/3/5 16480/3/5 16479/3/5
f 16508/3/5 16480/3/5 16507/3/5
f 16509/2/5 16482/2/5 16481/2/5
f 16510/2/5 16482/2/5 16509/2/5
f 16511/2/5 16484/2/5 16483/2/5
f 16512/2/5 16484/2/5 16511/2/5
f 16513/2/5 16486/2/5 16485/2/5
f 16514/2/5 16486/2/5 16513/2/5
f 16515/2/5 16488/2/5 16487/2/5
f 16516/2/5 16488/2/5 16515/2/5
f 16545/2/5 16518/2/5 16517/2/5
f 16546/2/5 16518/2/5 16545/2/5
f 16547/2/5 16520/2/5 16519/2/5
f 16548/2/5 16520/2/5 16547/2/5
f 16549/2/5 16522/2/5 16521/2/5
f 16550/2/5 16522/2/5 16549/2/5
f 16551/2/5 16524/2/5 16523/2/5
f 16552/2/5 16524/2/5 16551/2/5
f 16553/2/5 16526/2/5 16525/2/5
f 16554/2/5 16526/2/5 16553/2/5
f 16555/2/5 16528/2/5 16527/2/5
f 16556/2/5 16528/2/5 16555/2/5
f 16557/3/5 16530/3/5 16529/3/5
f 16558/3/5 16530/3/5 16557/3/5
f 16559/2/5 16532/2/5 16531/2/5
f 16560/2/5 16532/2/5 16559/2/5
f 16561/2/5 16534/2/5 16533/2/5
f 16562/2/5 16534/2/5 16561/2/5
f 16563/3/5 16536/3/5 16535/3/5
f 16564/3/5 16536/3/5 16563/3/5
f 16565/2/5 16538/2/5 16537/2/5
f 16566/2/5 16538/2/5 16565/2/5
f 16567/2/5 16540/2/5 16539/2/5
f 16568/2/5 16540/2/5 16567/2/5
f 16569/2/5 16542/2/5 16541/2/5
f 16570/2/5 16542/2/5 16569/2/5
f 16571/2/5 16544/2/5 16543/2/5
f 16572/2/5 16544/2/5 16571/2/5
f 16575/2/5 16574/2/5 16573/2/5
f 16576/2/5 16574/2/5 16575/2/5
f 16579/2/5 16578/2/5 16577/2/5
f 16580/2/5 16578/2/5 16579/2/5
f 16583/1/5 16582/1/5 16581/1/5
f 16584/1/5 16582/1/5 16583/1/5
f 16611/2/5 16586/2/5 16585/2/5
f 16612/2/5 16586/2/5 16611/2/5
f 16613/2/5 16588/2/5 16587/2/5
f 16614/2/5 16588/2/5 16613/2/5
f 16615/2/5 16590/2/5 16589/2/5
f 16616/2/5 16590/2/5 16615/2/5
f 16617/2/5 16592/2/5 16591/2/5
f 16618/2/5 16592/2/5 16617/2/5
f 16619/2/5 16594/2/5 16593/2/5
f 16620/2/5 16594/2/5 16619/2/5
f 16621/3/5 16596/3/5 16595/3/5
f 16622/3/5 16596/3/5 16621/3/5
f 16623/4/5 16598/4/5 16597/4/5
f 16624/4/5 16598/4/5 16623/4/5
f 16625/2/5 16600/2/5 16599/2/5
f 16626/2/5 16600/2/5 16625/2/5
f 16627/2/5 16602/2/5 16601/2/5
f 16628/2/5 16602/2/5 16627/2/5
f 16629/2/5 16604/2/5 16603/2/5
f 16630/2/5 16604/2/5 16629/2/5
f 16631/2/5 16606/2/5 16605/2/5
f 16632/2/5 16606/2/5 16631/2/5
f 16633/2/5 16608/2/5 16607/2/5
f 16634/2/5 16608/2/5 16633/2/5
f 16635/2/5 16610/2/5 16609/2/5
f 16636/2/5 16610/2/5 16635/2/5
f 16663/2/5 16638/2/5 16637/2/5
f 16664/2/5 16638/2/5 16663/2/5
f 16665/2/5 16640/2/5 16639/2/5
f 16666/2/5 16640/2/5 16665/2/5
f 16667/2/5 16642/2/5 16641/2/5
f 16668/2/5 16642/2/5 16667/2/5
f 16669/2/5 16644/2/5 16643/2/5
f 16670/2/5 16644/2/5 16669/2/5
f 16671/2/5 16646/2/5 16645/2/5
f 16672/2/5 16646/2/5 16671/2/5
f 16673/3/5 16648/3/5 16647/3/5
f 16674/3/5 16648/3/5 16673/3/5
f 16675/4/5 16650/4/5 16649/4/5
f 16676/4/5 16650/4/5 16675/4/5
f 16677/2/5 16652/2/5 16651/2/5
f 16678/2/5 16652/2/5 16677/2/5
f 16679/2/5 16654/2/5 16653/2/5
f 16680/2/5 16654/2/5 16679/2/5
f 16681/2/5 16656/2/5 16655/2/5
f 16682/2/5 16656/2/5 16681/2/5
f 16683/2/5 16658/2/5 16657/2/5
f 16684/2/5 16658/2/5 16683/2/5
f 16685/2/5 16660/2/5 16659/2/5
f 16686/2/5 16660/2/5 16685/2/5
f 16687/2/5 16662/2/5 16661/2/5
f 16688/2/5 16662/2/5 16687/2/5
f 16717/2/5 16690/2/5 16689/2/5
f 16718/2/5 16690/2/5 16717/2/5
f 16719/2/5 16692/2/5 16691/2/5
f 16720/2/5 16692/2/5 16719/2/5
f 16721/3/5 16694/3/5 16693/3/5
f 16722/3/5 16694/3/5 16721/3/5
f 16723/2/5 16696/2/5 16695/2/5
f 16724/2/5 16696/2/5 16723/2/5
f 16725/3/5 16698/3/5 16697/3/5
f 16726/3/5 16698/3/5 16725/3/5
f 16727/4/5 16700/4/5 16699/4/5
f 16728/4/5 16700/4/5 16727/4/5
f 16729/2/5 16702/2/5 16701/2/5
f 16730/2/5 16702/2/5 16729/2/5
f 16731/2/5 16704/2/5 16703/2/5
f 16732/2/5 16704/2/5 16731/2/5
f 16733/3/5 16706/3/5 16705/3/5
f 16734/3/5 16706/3/5 16733/3/5
f 16735/2/5 16708/2/5 16707/2/5
f 16736/2/5 16708/2/5 16735/2/5
f 16737/3/5 16710/3/5 16709/3/5
f 16738/3/5 16710/3/5 16737/3/5
f 16739/2/5 16712/2/5 16711/2/5
f 16740/2/5 16712/2/5 16739/2/5
f 16741/2/5 16714/2/5 16713/2/5
f 16742/2/5 16714/2/5 16741/2/5
f 16743/2/5 16716/2/5 16715/2/5
f 16744/2/5 16716/2/5 16743/2/5
f 16773/2/5 16746/2/5 16745/2/5
f 16774/2/5 16746/2/5 16773/2/5
f 16775/2/5 16748/2/5 16747/2/5
f 16776/2/5 16748/2/5 16775/2/5
f 16777/3/5 16750/3/5 16749/3/5
f 16778/3/5 16750/3/5 16777/3/5
f 16779/2/5 16752/2/5 16751/2/5
f 16780/2/5 16752/2/5 16779/2/5
f 16781/3/5 16754/3/5 16753/3/5
f 16782/3/5 16754/3/5 16781/3/5
f 16783/4/5 16756/4/5 16755/4/5
f 16784/4/5 16756/4/5 16783/4/5
f 16785/2/5 16758/2/5 16757/2/5
f 16786/2/5 16758/2/5 16785/2/5
f 16787/2/5 16760/2/5 16759/2/5
f 16788/2/5 16760/2/5 16787/2/5
f 16789/3/5 16762/3/5 16761/3/5
f 16790/3/5 16762/3/5 16789/3/5
f 16791/2/5 16764/2/5 16763/2/5
f 16792/2/5 16764/2/5 16791/2/5
f 16793/3/5 16766/3/5 16765/3/5
f 16794/3/5 16766/3/5 16793/3/5
f 16795/2/5 16768/2/5 16767/2/5
f 16796/2/5 16768/2/5 16795/2/5
f 16797/2/5 16770/2/5 16769/2/5
f 16798/2/5 16770/2/5 16797/2/5
f 16799/2/5 16772/2/5 16771/2/5
f 16800/2/5 16772/2/5 16799/2/5
f 16829/2/5 16802/2/5 16801/2/5
f 16830/2/5 16802/2/5 16829/2/5
f 16831/2/5 16804/2/5 16803/2/5
f 16832/2/5 16804/2/5 16831/2/5
f 16833/2/5 16806/2/5 16805/2/5
f 16834/2/5 16806/2/5 16833/2/5
f 16835/2/5 16808/2/5 16807/2/5
f 16836/2/5 16808/2/5 16835/2/5
f 16837/2/5 16810/2/5 16809/2/5
f 16838/2/5 16810/2/5 16837/2/5
f 16839/4/5 16812/4/5 16811/4/5
f 16840/4/5 16812/4/5 16839/4/5
f 16841/2/5 16814/2/5 16813/2/5
f 16842/2/5 16814/2/5 16841/2/5
f 16843/2/5 16816/2/5 16815/2/5
f 16844/2/5 16816/2/5 16843/2/5
f 16845/2/5 16818/2/5 16817/2/5
f 16846/2/5 16818/2/5 16845/2/5
f 16847/2/5 16820/2/5 16819/2/5
f 16848/2/5 16820/2/5 16847/2/5
f 16849/2/5 16822/2/5 16821/2/5
f 16850/2/5 16822/2/5 16849/2/5
f 16851/2/5 16824/2/5 16823/2/5
f 16852/2/5 16824/2/5 16851/2/5
f 16853/4/5 16826/4/5 16825/4/5
f 16854/4/5 16826/4/5 16853/4/5
f 16855/2/5 16828/2/5 16827/2/5
f 16856/2/5 16828/2/5 16855/2/5
f 16885/2/5 16858/2/5 16857/2/5
f 16886/2/5 16858/2/5 16885/2/5
f 16887/2/5 16860/2/5 16859/2/5
f 16888/2/5 16860/2/5 16887/2/5
f 16889/2/5 16862/2/5 16861/2/5
f 16890/2/5 16862/2/5 16889/2/5
f 16891/2/5 16864/2/5 16863/2/5
f 16892/2/5 16864/2/5 16891/2/5
f 16893/2/5 16866/2/5 16865/2/5
f 16894/2/5 16866/2/5 16893/2/5
f 16895/4/5 16868/4/5 16867/4/5
f 16896/4/5 16868/4/5 16895/4/5
f 16897/2/5 16870/2/5 16869/2/5
f 16898/2/5 16870/2/5 16897/2/5
f 16899/2/5 16872/2/5 16871/2/5
f 16900/2/5 16872/2/5 16899/2/5
f 16901/2/5 16874/2/5 16873/2/5
f 16902/2/5 16874/2/5 16901/2/5
f 16903/2/5 16876/2/5 16875/2/5
f 16904/2/5 16876/2/5 16903/2/5
f 16905/2/5 16878/2/5 16877/2/5
f 16906/2/5 16878/2/5 16905/2/5
f 16907/2/5 16880/2/5 16879/2/5
f 16908/2/5 16880/2/5 16907/2/5
f 16909/4/5 16882/4/5 16881/4/5
f 16910/4/5 16882/4/5 16909/4/5
f 16911/2/5 16884/2/5 16883/2/5
f 16912/2/5 16884/2/5 16911/2/5
f 16917/2/5 16914/2/5 16913/2/5
f 16918/2/5 16914/2/5 16917/2/5
f 16919/2/5 16916/2/5 16915/2/5
f 16920/2/5 16916/2/5 16919/2/5
f 16925/2/5 16922/2/5 16921/2/5
f 16926/2/5 16922/2/5 16925/2/5
f 16927/2/5 16924/2/5 16923/2/5
f 16928/2/5 16924/2/5 16927/2/5
f 16955/2/5 16930/2/5 16929/2/5
f 16956/2/5 16930/2/5 16955/2/5
f 16957/3/5 16932/3/5 16931/3/5
f 16958/3/5 16932/3/5 16957/3/5
f 16959/2/5 16934/2/5 16933/2/5
f 16960/2/5 16934/2/5 16959/2/5
f 16961/3/5 16936/3/5 16935/3/5
f 16962/3/5 16936/3/5 16961/3/5
f 16963/2/5 16938/2/5 16937/2/5
f 16964/2/5 16938/2/5 16963/2/5
f 16965/2/5 16940/2/5 16939/2/5
f 16966/2/5 16940/2/5 16965/2/5
f 16967/2/5 16942/2/5 16941/2/5
f 16968/2/5 16942/2/5 16967/2/5
f 16969/2/5 16944/2/5 16943/2/5
f 16970/2/5 16944/2/5 16969/2/5
f 16971/2/5 16946/2/5 16945/2/5
f 16972/2/5 16946/2/5 16971/2/5
f 16973/2/5 16948/2/5 16947/2/5
f 16974/2/5 16948/2/5 16973/2/5
f 16975/2/5 16950/2/5 16949/2/5
f 16976/2/5 16950/2/5 16975/2/5
f 16977/2/5 16952/2/5 16951/2/5
f 16978/2/5 16952/2/5 16977/2/5
f 16979/2/5 16954/2/5 16953/2/5
f 16980/2/5 16954/2/5 16979/2/5
f 17007/2/5 16982/2/5 16981/2/5
f 17008/2/5 16982/2/5 17007/2/5
f 17009/3/5 16984/3/5 16983/3/5
f 17010/3/5 16984/3/5 17009/3/5
f 17011/2/5 16986/2/5 16985/2/5
f 17012/2/5 16986/2/5 17011/2/5
f 17013/3/5 16988/3/5 16987/3/5
f 17014/3/5 16988/3/5 17013/3/5
f 17015/2/5 16990/2/5 16989/2/5
f 17016/2/5 16990/2/5 17015/2/5
f 17017/2/5 16992/2/5 16991/2/5
f 17018/2/5 16992/2/5 17017/2/5
f 17019/2/5 16994/2/5 16993/2/5
f 17020/2/5 16994/2/5 17019/2/5
f 17021/2/5 16996/2/5 16995/2/5
f 17022/2/5 16996/2/5 17021/2/5
f 17023/2/5 16998/2/5 16997/2/5
f 17024/2/5 16998/2/5 17023/2/5
f 17025/2/5 17000/2/5 16999/2/5
f 17026/2/5 17000/2/5 17025/2/5
f 17027/2/5 17002/2/5 17001/2/5
f 17028/2/5 17002/2/5 17027/2/5
f 17029/2/5 17004/2/5 17003/2/5
f 17030/2/5 17004/2/5 17029/2/5
f 17031/2/5 17006/2/5 17005/2/5
f 17032/2/5 17006/2/5 17031/2/5
f 17059/2/5 17034/2/5 17033/2/5
f 17060/2/5 17034/2/5 17059/2/5
f 17061/2/5 17036/2/5 17035/2/5
f 17062/2/5 17036/2/5 17061/2/5
f 17063/2/5 17038/2/5 17037/2/5
f 17064/2/5 17038/2/5 17063/2/5
f 17065/2/5 17040/2/5 17039/2/5
f 17066/2/5 17040/2/5 17065/2/5
f 17067/2/5 17042/2/5 17041/2/5
f 17068/2/5 17042/2/5 17067/2/5
f 17069/2/5 17044/2/5 17043/2/5
f 17070/2/5 17044/2/5 17069/2/5
f 17071/2/5 17046/2/5 17045/2/5
f 17072/2/5 17046/2/5 17071/2/5
f 17073/2/5 17048/2/5 17047/2/5
f 17074/2/5 17048/2/5 17073/2/5
f 17075/2/5 17050/2/5 17049/2/5
f 17076/2/5 17050/2/5 17075/2/5
f 17077/3/5 17052/3/5 17051/3/5
f 17078/3/5 17052/3/5 17077/3/5
f 17079/2/5 17054/2/5 17053/2/5
f 17080/2/5 17054/2/5 17079/2/5
f 17081/2/5 17056/2/5 17055/2/5
f 17082/2/5 17056/2/5 17081/2/5
f 17083/2/5 17058/2/5 17057/2/5
f 17084/2/5 17058/2/5 17083/2/5
f 17111/2/5 17086/2/5 17085/2/5
f 17112/2/5 17086/2/5 17111/2/5
f 17113/2/5 17088/2/5 17087/2/5
f 17114/2/5 17088/2/5 17113/2/5
f 17115/2/5 17090/2/5 17089/2/5
f 17116/2/5 17090/2/5 17115/2/5
f 17117/2/5 17092/2/5 17091/2/5
f 17118/2/5 17092/2/5 17117/2/5
f 17119/2/5 17094/2/5 17093/2/5
f 17120/2/5 17094/2/5 17119/2/5
f 17121/2/5 17096/2/5 17095/2/5
f 17122/2/5 17096/2/5 17121/2/5
f 17123/2/5 17098/2/5 17097/2/5
f 17124/2/5 17098/2/5 17123/2/5
f 17125/2/5 17100/2/5 17099/2/5
f 17126/2/5 17100/2/5 17125/2/5
f 17127/2/5 17102/2/5 17101/2/5
f 17128/2/5 17102/2/5 17127/2/5
f 17129/3/5 17104/3/5 17103/3/5
f 17130/3/5 17104/3/5 17129/3/5
f 17131/2/5 17106/2/5 17105/2/5
f 17132/2/5 17106/2/5 17131/2/5
f 17133/2/5 17108/2/5 17107/2/5
f 17134/2/5 17108/2/5 17133/2/5
f 17135/2/5 17110/2/5 17109/2/5
f 17136/2/5 17110/2/5 17135/2/5
f 17167/2/5 17138/2/5 17137/2/5
f 17168/2/5 17138/2/5 17167/2/5
f 17169/4/5 17140/4/5 17139/4/5
f 17170/4/5 17140/4/5 17169/4/5
f 17171/2/5 17142/2/5 17141/2/5
f 17172/2/5 17142/2/5 17171/2/5
f 17173/2/5 17144/2/5 17143/2/5
f 17174/2/5 17144/2/5 17173/2/5
f 17175/2/5 17146/2/5 17145/2/5
f 17176/2/5 17146/2/5 17175/2/5
f 17177/3/5 17148/3/5 17147/3/5
f 17178/3/5 17148/3/5 17177/3/5
f 17179/2/5 17150/2/5 17149/2/5
f 17180/2/5 17150/2/5 17179/2/5
f 17181/2/5 17152/2/5 17151/2/5
f 17182/2/5 17152/2/5 17181/2/5
f 17183/2/5 17154/2/5 17153/2/5
f 17184/2/5 17154/2/5 17183/2/5
f 17185/2/5 17156/2/5 17155/2/5
f 17186/2/5 17156/2/5 17185/2/5
f 17187/2/5 17158/2/5 17157/2/5
f 17188/2/5 17158/2/5 17187/2/5
f 17189/2/5 17160/2/5 17159/2/5
f 17190/2/5 17160/2/5 17189/2/5
f 17191/2/5 17162/2/5 17161/2/5
f 17192/2/5 17162/2/5 17191/2/5
f 17193/2/5 17164/2/5 17163/2/5
f 17194/2/5 17164/2/5 17193/2/5
f 17195/2/5 17166/2/5 17165/2/5
f 17196/2/5 17166/2/5 17195/2/5
f 17227/2/5 17198/2/5 17197/2/5
f 17228/2/5 17198/2/5 17227/2/5
f 17229/4/5 17200/4/5 17199/4/5
f 17230/4/5 17200/4/5 17229/4/5
f 17231/2/5 17202/2/5 17201/2/5
f 17232/2/5 17202/2/5 17231/2/5
f 17233/2/5 17204/2/5 17203/2/5
f 17234/2/5 17204/2/5 17233/2/5
f 17235/2/5 17206/2/5 17205/2/5
f 17236/2/5 17206/2/5 17235/2/5
f 17237/3/5 17208/3/5 17207/3/5
f 17238/3/5 17208/3/5 17237/3/5
f 17239/2/5 17210/2/5 17209/2/5
f 17240/2/5 17210/2/5 17239/2/5
f 17241/2/5 17212/2/5 17211/2/5
f 17242/2/5 17212/2/5 17241/2/5
f 17243/2/5 17214/2/5 17213/2/5
f 17244/2/5 17214/2/5 17243/2/5
f 17245/2/5 17216/2/5 17215/2/5
f 17246/2/5 17216/2/5 17245/2/5
f 17247/2/5 17218/2/5 17217/2/5
f 17248/2/5 17218/2/5 17247/2/5
f 17249/2/5 17220/2/5 17219/2/5
f 17250/2/5 17220/2/5 17249/2/5
f 17251/2/5 17222/2/5 17221/2/5
f 17252/2/5 17222/2/5 17251/2/5
f 17253/2/5 17224/2/5 17223/2/5
f 17254/2/5 17224/2/5 17253/2/5
f 17255/2/5 17226/2/5 17225/2/5
f 17256/2/5 17226/2/5 17255/2/5
f 17283/3/5 17258/3/5 17257/3/5
f 17284/3/5 17258/3/5 17283/3/5
f 17285/2/5 17260/2/5 17259/2/5
f 17286/2/5 17260/2/5 17285/2/5
f 17287/2/5 17262/2/5 17261/2/5
f 17288/2/5 17262/2/5 17287/2/5
f 17289/2/5 17264/2/5 17263/2/5
f 17290/2/5 17264/2/5 17289/2/5
f 17291/2/5 17266/2/5 17265/2/5
f 17292/2/5 17266/2/5 17291/2/5
f 17293/2/5 17268/2/5 17267/2/5
f 17294/2/5 17268/2/5 17293/2/5
f 17295/2/5 17270/2/5 17269/2/5
f 17296/2/5 17270/2/5 17295/2/5
f 17297/2/5 17272/2/5 17271/2/5
f 17298/2/5 17272/2/5 17297/2/5
f 17299/2/5 17274/2/5 17273/2/5
f 17300/2/5 17274/2/5 17299/2/5
f 17301/2/5 17276/2/5 17275/2/5
f 17302/2/5 17276/2/5 17301/2/5
f 17303/2/5 17278/2/5 17277/2/5
f 17304/2/5 17278/2/5 17303/2/5
f 17305/2/5 17280/2/5 17279/2/5
f 17306/2/5 17280/2/5 17305/2/5
f 17307/2/5 17282/2/5 17281/2/5
f 17308/2/5 17282/2/5 17307/2/5
f 17335/3/5 17310/3/5 17309/3/5
f 17336/3/5 17310/3/5 17335/3/5
f 17337/2/5 17312/2/5 17311/2/5
f 17338/2/5 17312/2/5 17337/2/5
f 17339/2/5 17314/2/5 17313/2/5
f 17340/2/5 17314/2/5 17339/2/5
f 17341/2/5 17316/2/5 17315/2/5
f 17342/2/5 17316/2/5 17341/2/5
f 17343/2/5 17318/2/5 17317/2/5
f 17344/2/5 17318/2/5 17343/2/5
f 17345/2/5 17320/2/5 17319/2/5
f 17346/2/5 17320/2/5 17345/2/5
f 17347/2/5 17322/2/5 17321/2/5
f 17348/2/5 17322/2/5 17347/2/5
f 17349/2/5 17324/2/5 17323/2/5
f 17350/2/5 17324/2/5 17349/2/5
f 17351/2/5 17326/2/5 17325/2/5
f 17352/2/5 17326/2/5 17351/2/5
f 17353/2/5 17328/2/5 17327/2/5
f 17354/2/5 17328/2/5 17353/2/5
f 17355/2/5 17330/2/5 17329/2/5
f 17356/2/5 17330/2/5 17355/2/5
f 17357/2/5 17332/2/5 17331/2/5
f 17358/2/5 17332/2/5 17357/2/5
f 17359/2/5 17334/2/5 17333/2/5
f 17360/2/5 17334/2/5 17359/2/5
f 17389/2/5 17362/2/5 17361/2/5
f 17390/2/5 17362/2/5 17389/2/5
f 17391/2/5 17364/2/5 17363/2/5
f 17392/2/5 17364/2/5 17391/2/5
f 17393/2/5 17366/2/5 17365/2/5
f 17394/2/5 17366/2/5 17393/2/5
f 17395/2/5 17368/2/5 17367/2/5
f 17396/2/5 17368/2/5 17395/2/5
f 17397/2/5 17370/2/5 17369/2/5
f 17398/2/5 17370/2/5 17397/2/5
f 17399/2/5 17372/2/5 17371/2/5
f 17400/2/5 17372/2/5 17399/2/5
f 17401/3/5 17374/3/5 17373/3/5
f 17402/3/5 17374/3/5 17401/3/5
f 17403/4/5 17376/4/5 17375/4/5
f 17404/4/5 17376/4/5 17403/4/5
f 17405/2/5 17378/2/5 17377/2/5
f 17406/2/5 17378/2/5 17405/2/5
f 17407/3/5 17380/3/5 17379/3/5
f 17408/3/5 17380/3/5 17407/3/5
f 17409/2/5 17382/2/5 17381/2/5
f 17410/2/5 17382/2/5 17409/2/5
f 17411/2/5 17384/2/5 17383/2/5
f 17412/2/5 17384/2/5 17411/2/5
f 17413/2/5 17386/2/5 17385/2/5
f 17414/2/5 17386/2/5 17413/2/5
f 17415/2/5 17388/2/5 17387/2/5
f 17416/2/5 17388/2/5 17415/2/5
f 17445/2/5 17418/2/5 17417/2/5
f 17446/2/5 17418/2/5 17445/2/5
f 17447/2/5 17420/2/5 17419/2/5
f 17448/2/5 17420/2/5 17447/2/5
f 17449/2/5 17422/2/5 17421/2/5
f 17450/2/5 17422/2/5 17449/2/5
f 17451/2/5 17424/2/5 17423/2/5
f 17452/2/5 17424/2/5 17451/2/5
f 17453/2/5 17426/2/5 17425/2/5
f 17454/2/5 17426/2/5 17453/2/5
f 17455/2/5 17428/2/5 17427/2/5
f 17456/2/5 17428/2/5 17455/2/5
f 17457/3/5 17430/3/5 17429/3/5
f 17458/3/5 17430/3/5 17457/3/5
f 17459/4/5 17432/4/5 17431/4/5
f 17460/4/5 17432/4/5 17459/4/5
f 17461/2/5 17434/2/5 17433/2/5
f 17462/2/5 17434/2/5 17461/2/5
f 17463/3/5 17436/3/5 17435/3/5
f 17464/3/5 17436/3/5 17463/3/5
f 17465/2/5 17438/2/5 17437/2/5
f 17466/2/5 17438/2/5 17465/2/5
f 17467/2/5 17440/2/5 17439/2/5
f 17468/2/5 17440/2/5 17467/2/5
f 17469/2/5 17442/2/5 17441/2/5
f 17470/2/5 17442/2/5 17469/2/5
f 17471/2/5 17444/2/5 17443/2/5
f 17472/2/5 17444/2/5 17471/2/5
f 17499/2/5 17474/2/5 17473/2/5
f 17500/2/5 17474/2/5 17499/2/5
f 17501/2/5 17476/2/5 17475/2/5
f 17502/2/5 17476/2/5 17501/2/5
f 17503/2/5 17478/2/5 17477/2/5
f 17504/2/5 17478/2/5 17503/2/5
f 17505/3/5 17480/3/5 17479/3/5
f 17506/3/5 17480/3/5 17505/3/5
f 17507/2/5 17482/2/5 17481/2/5
f 17508/2/5 17482/2/5 17507/2/5
f 17509/2/5 17484/2/5 17483/2/5
f 17510/2/5 17484/2/5 17509/2/5
f 17511/2/5 17486/2/5 17485/2/5
f 17512/2/5 17486/2/5 17511/2/5
f 17513/2/5 17488/2/5 17487/2/5
f 17514/2/5 17488/2/5 17513/2/5
f 17515/2/5 17490/2/5 17489/2/5
f 17516/2/5 17490/2/5 17515/2/5
f 17517/2/5 17492/2/5 17491/2/5
f 17518/2/5 17492/2/5 17517/2/5
f 17519/2/5 17494/2/5 17493/2/5
f 17520/2/5 17494/2/5 17519/2/5
f 17521/2/5 17496/2/5 17495/2/5
f 17522/2/5 17496/2/5 17521/2/5
f 17523/2/5 17498/2/5 17497/2/5
f 17524/2/5 17498/2/5 17523/2/5
f 17551/2/5 17526/2/5 17525/2/5
f 17552/2/5 17526/2/5 17551/2/5
f 17553/2/5 17528/2/5 17527/2/5
f 17554/2/5 17528/2/5 17553/2/5
f 17555/2/5 17530/2/5 17529/2/5
f 17556/2/5 17530/2/5 17555/2/5
f 17557/3/5 17532/3/5 17531/3/5
f 17558/3/5 17532/3/5 17557/3/5
f 17559/2/5 17534/2/5 17533/2/5
f 17560/2/5 17534/2/5 17559/2/5
f 17561/2/5 17536/2/5 17535/2/5
f 17562/2/5 17536/2/5 17561/2/5
f 17563/2/5 17538/2/5 17537/2/5
f 17564/2/5 17538/2/5 17563/2/5
f 17565/2/5 17540/2/5 17539/2/5
f 17566/2/5 17540/2/5 17565/2/5
f 17567/2/5 17542/2/5 17541/2/5
f 17568/2/5 17542/2/5 17567/2/5
f 17569/2/5 17544/2/5 17543/2/5
f 17570/2/5 17544/2/5 17569/2/5
f 17571/2/5 17546/2/5 17545/2/5
f 17572/2/5 17546/2/5 17571/2/5
f 17573/2/5 17548/2/5 17547/2/5
f 17574/2/5 17548/2/5 17573/2/5
f 17575/2/5 17550/2/5 17549/2/5
f 17576/2/5 17550/2/5 17575/2/5
f 17579/2/5 17578/2/5 17577/2/5
f 17580/2/5 17578/2/5 17579/2/5
f 17583/2/5 17582/2/5 17581/2/5
f 17584/2/5 17582/2/5 17583/2/5
f 17611/2/5 17586/2/5 17585/2/5
f 17612/2/5 17586/2/5 17611/2/5
f 17613/2/5 17588/2/5 17587/2/5
f 17614/2/5 17588/2/5 17613/2/5
f 17615/3/5 17590/3/5 17589/3/5
f 17616/3/5 17590/3/5 17615/3/5
f 17617/2/5 17592/2/5 17591/2/5
f 17618/2/5 17592/2/5 17617/2/5
f 17619/2/5 17594/2/5 17593/2/5
f 17620/2/5 17594/2/5 17619/2/5
f 17621/2/5 17596/2/5 17595/2/5
f 17622/2/5 17596/2/5 17621/2/5
f 17623/2/5 17598/2/5 17597/2/5
f 17624/2/5 17598/2/5 17623/2/5
f 17625/2/5 17600/2/5 17599/2/5
f 17626/2/5 17600/2/5 17625/2/5
f 17627/2/5 17602/2/5 17601/2/5
f 17628/2/5 17602/2/5 17627/2/5
f 17629/2/5 17604/2/5 17603/2/5
f 17630/2/5 17604/2/5 17629/2/5
f 17631/2/5 17606/2/5 17605/2/5
f 17632/2/5 17606/2/5 17631/2/5
f 17633/2/5 17608/2/5 17607/2/5
f 17634/2/5 17608/2/5 17633/2/5
f 17635/2/5 17610/2/5 17609/2/5
f 17636/2/5 17610/2/5 17635/2/5
f 17663/2/5 17638/2/5 17637/2/5
f 17664/2/5 17638/2/5 17663/2/5
f 17665/2/5 17640/2/5 17639/2/5
f 17666/2/5 17640/2/5 17665/2/5
f 17667/3/5 17642/3/5 17641/3/5
f 17668/3/5 17642/3/5 17667/3/5
f 17669/2/5 17644/2/5 17643/2/5
f 17670/2/5 17644/2/5 17669/2/5
f 17671/2/5 17646/2/5 17645/2/5
f 17672/2/5 17646/2/5 17671/2/5
f 17673/2/5 17648/2/5 17647/2/5
f 17674/2/5 17648/2/5 17673/2/5
f 17675/2/5 17650/2/5 17649/2/5
f 17676/2/5 17650/2/5 17675/2/5
f 17677/2/5 17652/2/5 17651/2/5
f 17678/2/5 17652/2/5 17677/2/5
f 17679/2/5 17654/2/5 17653/2/5
f 17680/2/5 17654/2/5 17679/2/5
f 17681/2/5 17656/2/5 17655/2/5
f 17682/2/5 17656/2/5 17681/2/5
f 17683/2/5 17658/2/5 17657/2/5
f 17684/2/5 17658/2/5 17683/2/5
f 17685/2/5 17660/2/5 17659/2/5
f 17686/2/5 17660/2/5 17685/2/5
f 17687/2/5 17662/2/5 17661/2/5
f 17688/2/5 17662/2/5 17687/2/5
f 17693/2/5 17690/2/5 17689/2/5
f 17694/2/5 17690/2/5 17693/2/5
f 17695/2/5 17692/2/5 17691/2/5
f 17696/2/5 17692/2/5 17695/2/5
f 17701/2/5 17698/2/5 17697/2/5
f 17702/2/5 17698/2/5 17701/2/5
f 17703/2/5 17700/2/5 17699/2/5
f 17704/2/5 17700/2/5 17703/2/5
f 17731/2/5 17706/2/5 17705/2/5
f 17732/2/5 17706/2/5 17731/2/5
f 17733/4/5 17708/4/5 17707/4/5
f 17734/4/5 17708/4/5 17733/4/5
f 17735/2/5 17710/2/5 17709/2/5
f 17736/2/5 17710/2/5 17735/2/5
f 17737/2/5 17712/2/5 17711/2/5
f 17738/2/5 17712/2/5 17737/2/5
f 17739/2/5 17714/2/5 17713/2/5
f 17740/2/5 17714/2/5 17739/2/5
f 17741/2/5 17716/2/5 17715/2/5
f 17742/2/5 17716/2/5 17741/2/5
f 17743/2/5 17718/2/5 17717/2/5
f 17744/2/5 17718/2/5 17743/2/5
f 17745/2/5 17720/2/5 17719/2/5
f 17746/2/5 17720/2/5 17745/2/5
f 17747/2/5 17722/2/5 17721/2/5
f 17748/2/5 17722/2/5 17747/2/5
f 17749/2/5 17724/2/5 17723/2/5
f 17750/2/5 17724/2/5 17749/2/5
f 17751/2/5 17726/2/5 17725/2/5
f 17752/2/5 17726/2/5 17751/2/5
f 17753/2/5 17728/2/5 17727/2/5
f 17754/2/5 17728/2/5 17753/2/5
f 17755/2/5 17730/2/5 17729/2/5
f 17756/2/5 17730/2/5 17755/2/5
f 17783/2/5 17758/2/5 17757/2/5
f 17784/2/5 17758/2/5 17783/2/5
f 17785/4/5 17760/4/5 17759/4/5
f 17786/4/5 17760/4/5 17785/4/5
f 17787/2/5 17762/2/5 17761/2/5
f 17788/2/5 17762/2/5 17787/2/5
f 17789/2/5 17764/2/5 17763/2/5
f 17790/2/5 17764/2/5 17789/2/5
f 17791/2/5 17766/2/5 17765/2/5
f 17792/2/5 17766/2/5 17791/2/5
f 17793/2/5 17768/2/5 17767/2/5
f 17794/2/5 17768/2/5 17793/2/5
f 17795/2/5 17770/2/5 17769/2/5
f 17796/2/5 17770/2/5 17795/2/5
f 17797/2/5 17772/2/5 17771/2/5
f 17798/2/5 17772/2/5 17797/2/5
f 17799/2/5 17774/2/5 17773/2/5
f 17800/2/5 17774/2/5 17799/2/5
f 17801/2/5 17776/2/5 17775/2/5
f 17802/2/5 17776/2/5 17801/2/5
f 17803/2/5 17778/2/5 17777/2/5
f 17804/2/5 17778/2/5 17803/2/5
f 17805/2/5 17780/2/5 17779/2/5
f 17806/2/5 17780/2/5 17805/2/5
f 17807/2/5 17782/2/5 17781/2/5
f 17808/2/5 17782/2/5 17807/2/5
f 17837/2/5 17810/2/5 17809/2/5
f 17838/2/5 17810/2/5 17837/2/5
f 17839/2/5 17812/2/5 17811/2/5
f 17840/2/5 17812/2/5 17839/2/5
f 17841/2/5 17814/2/5 17813/2/5
f 17842/2/5 17814/2/5 17841/2/5
f 17843/3/5 17816/3/5 17815/3/5
f 17844/3/5 17816/3/5 17843/3/5
f 17845/2/5 17818/2/5 17817/2/5
f 17846/2/5 17818/2/5 17845/2/5
f 17847/2/5 17820/2/5 17819/2/5
f 17848/2/5 17820/2/5 17847/2/5
f 17849/3/5 17822/3/5 17821/3/5
f 17850/3/5 17822/3/5 17849/3/5
f 17851/2/5 17824/2/5 17823/2/5
f 17852/2/5 17824/2/5 17851/2/5
f 17853/2/5 17826/2/5 17825/2/5
f 17854/2/5 17826/2/5 17853/2/5
f 17855/2/5 17828/2/5 17827/2/5
f 17856/2/5 17828/2/5 17855/2/5
f 17857/2/5 17830/2/5 17829/2/5
f 17858/2/5 17830/2/5 17857/2/5
f 17859/2/5 17832/2/5 17831/2/5
f 17860/2/5 17832/2/5 17859/2/5
f 17861/2/5 17834/2/5 17833/2/5
f 17862/2/5 17834/2/5 17861/2/5
f 17863/2/5 17836/2/5 17835/2/5
f 17864/2/5 17836/2/5 17863/2/5
f 17893/2/5 17866/2/5 17865/2/5
f 17894/2/5 17866/2/5 17893/2/5
f 17895/2/5 17868/2/5 17867/2/5
f 17896/2/5 17868/2/5 17895/2/5
f 17897/2/5 17870/2/5 17869/2/5
f 17898/2/5 17870/2/5 17897/2/5
f 17899/3/5 17872/3/5 17871/3/5
f 17900/3/5 17872/3/5 17899/3/5
f 17901/2/5 17874/2/5 17873/2/5
f 17902/2/5 17874/2/5 17901/2/5
f 17903/2/5 17876/2/5 17875/2/5
f 17904/2/5 17876/2/5 17903/2/5
f 17905/3/5 17878/3/5 17877/3/5
f 17906/3/5 17878/3/5 17905/3/5
f 17907/2/5 17880/2/5 17879/2/5
f 17908/2/5 17880/2/5 17907/2/5
f 17909/2/5 17882/2/5 17881/2/5
f 17910/2/5 17882/2/5 17909/2/5
f 17911/2/5 17884/2/5 17883/2/5
f 17912/2/5 17884/2/5 17911/2/5
f 17913/2/5 17886/2/5 17885/2/5
f 17914/2/5 17886/2/5 17913/2/5
f 17915/2/5 17888/2/5 17887/2/5
f 17916/2/5 17888/2/5 17915/2/5
f 17917/2/5 17890/2/5 17889/2/5
f 17918/2/5 17890/2/5 17917/2/5
f 17919/2/5 17892/2/5 17891/2/5
f 17920/2/5 17892/2/5 17919/2/5
f 17925/2/5 17922/2/5 17921/2/5
f 17926/2/5 17922/2/5 17925/2/5
f 17927/3/5 17924/3/5 17923/3/5
f 17928/3/5 17924/3/5 17927/3/5
f 17933/2/5 17930/2/5 17929/2/5
f 17934/2/5 17930/2/5 17933/2/5
f 17935/3/5 17932/3/5 17931/3/5
f 17936/3/5 17932/3/5 17935/3/5
f 17939/1/5 17938/1/5 17937/1/5
f 17940/1/5 17938/1/5 17939/1/5
f 17969/2/5 17942/2/5 17941/2/5
f 17970/2/5 17942/2/5 17969/2/5
f 17971/2/5 17944/2/5 17943/2/5
f 17972/2/5 17944/2/5 17971/2/5
f 17973/2/5 17946/2/5 17945/2/5
f 17974/2/5 17946/2/5 17973/2/5
f 17975/2/5 17948/2/5 17947/2/5
f 17976/2/5 17948/2/5 17975/2/5
f 17977/2/5 17950/2/5 17949/2/5
f 17978/2/5 17950/2/5 17977/2/5
f 17979/2/5 17952/2/5 17951/2/5
f 17980/2/5 17952/2/5 17979/2/5
f 17981/2/5 17954/2/5 17953/2/5
f 17982/2/5 17954/2/5 17981/2/5
f 17983/3/5 17956/3/5 17955/3/5
f 17984/3/5 17956/3/5 17983/3/5
f 17985/4/5 17958/4/5 17957/4/5
f 17986/4/5 17958/4/5 17985/4/5
f 17987/2/5 17960/2/5 17959/2/5
f 17988/2/5 17960/2/5 17987/2/5
f 17989/2/5 17962/2/5 17961/2/5
f 17990/2/5 17962/2/5 17989/2/5
f 17991/2/5 17964/2/5 17963/2/5
f 17992/2/5 17964/2/5 17991/2/5
f 17993/3/5 17966/3/5 17965/3/5
f 17994/3/5 17966/3/5 17993/3/5
f 17995/2/5 17968/2/5 17967/2/5
f 17996/2/5 17968/2/5 17995/2/5
f 18025/2/5 17998/2/5 17997/2/5
f 18026/2/5 17998/2/5 18025/2/5
f 18027/2/5 18000/2/5 17999/2/5
f 18028/2/5 18000/2/5 18027/2/5
f 18029/2/5 18002/2/5 18001/2/5
f 18030/2/5 18002/2/5 18029/2/5
f 18031/2/5 18004/2/5 18003/2/5
f 18032/2/5 18004/2/5 18031/2/5
f 18033/2/5 18006/2/5 18005/2/5
f 18034/2/5 18006/2/5 18033/2/5
f 18035/2/5 18008/2/5 18007/2/5
f 18036/2/5 18008/2/5 18035/2/5
f 18037/2/5 18010/2/5 18009/2/5
f 18038/2/5 18010/2/5 18037/2/5
f 18039/3/5 18012/3/5 18011/3/5
f 18040/3/5 18012/3/5 18039/3/5
f 18041/4/5 18014/4/5 18013/4/5
f 18042/4/5 18014/4/5 18041/4/5
f 18043/2/5 18016/2/5 18015/2/5
f 18044/2/5 18016/2/5 18043/2/5
f 18045/2/5 18018/2/5 18017/2/5
f 18046/2/5 18018/2/5 18045/2/5
f 18047/2/5 18020/2/5 18019/2/5
f 18048/2/5 18020/2/5 18047/2/5
f 18049/3/5 18022/3/5 18021/3/5
f 18050/3/5 18022/3/5 18049/3/5
f 18051/2/5 18024/2/5 18023/2/5
f 18052/2/5 18024/2/5 18051/2/5
f 18081/2/5 18054/2/5 18053/2/5
f 18082/2/5 18054/2/5 18081/2/5
f 18083/2/5 18056/2/5 18055/2/5
f 18084/2/5 18056/2/5 18083/2/5
f 18085/3/5 18058/3/5 18057/3/5
f 18086/3/5 18058/3/5 18085/3/5
f 18087/2/5 18060/2/5 18059/2/5
f 18088/2/5 18060/2/5 18087/2/5
f 18089/2/5 18062/2/5 18061/2/5
f 18090/2/5 18062/2/5 18089/2/5
f 18091/2/5 18064/2/5 18063/2/5
f 18092/2/5 18064/2/5 18091/2/5
f 18093/2/5 18066/2/5 18065/2/5
f 18094/2/5 18066/2/5 18093/2/5
f 18095/2/5 18068/2/5 18067/2/5
f 18096/2/5 18068/2/5 18095/2/5
f 18097/2/5 18070/2/5 18069/2/5
f 18098/2/5 18070/2/5 18097/2/5
f 18099/2/5 18072/2/5 18071/2/5
f 18100/2/5 18072/2/5 18099/2/5
f 18101/2/5 18074/2/5 18073/2/5
f 18102/2/5 18074/2/5 18101/2/5
f 18103/2/5 18076/2/5 18075/2/5
f 18104/2/5 18076/2/5 18103/2/5
f 18105/2/5 18078/2/5 18077/2/5
f 18106/2/5 18078/2/5 18105/2/5
f 18107/2/5 18080/2/5 18079/2/5
f 18108/2/5 18080/2/5 18107/2/5
f 18137/2/5 18110/2/5 18109/2/5
f 18138/2/5 18110/2/5 18137/2/5
f 18139/2/5 18112/2/5 18111/2/5
f 18140/2/5 18112/2/5 18139/2/5
f 18141/3/5 18114/3/5 18113/3/5
f 18142/3/5 18114/3/5 18141/3/5
f 18143/2/5 18116/2/5 18115/2/5
f 18144/2/5 18116/2/5 18143/2/5
f 18145/2/5 18118/2/5 18117/2/5
f 18146/2/5 18118/2/5 18145/2/5
f 18147/2/5 18120/2/5 18119/2/5
f 18148/2/5 18120/2/5 18147/2/5
f 18149/2/5 18122/2/5 18121/2/5
f 18150/2/5 18122/2/5 18149/2/5
f 18151/2/5 18124/2/5 18123/2/5
f 18152/2/5 18124/2/5 18151/2/5
f 18153/2/5 18126/2/5 18125/2/5
f 18154/2/5 18126/2/5 18153/2/5
f 18155/2/5 18128/2/5 18127/2/5
f 18156/2/5 18128/2/5 18155/2/5
f 18157/2/5 18130/2/5 18129/2/5
f 18158/2/5 18130/2/5 18157/2/5
f 18159/2/5 18132/2/5 18131/2/5
f 18160/2/5 18132/2/5 18159/2/5
f 18161/2/5 18134/2/5 18133/2/5
f 18162/2/5 18134/2/5 18161/2/5
f 18163/2/5 18136/2/5 18135/2/5
f 18164/2/5 18136/2/5 18163/2/5
f 18193/2/5 18166/2/5 18165/2/5
f 18194/2/5 18166/2/5 18193/2/5
f 18195/3/5 18168/3/5 18167/3/5
f 18196/3/5 18168/3/5 18195/3/5
f 18197/2/5 18170/2/5 18169/2/5
f 18198/2/5 18170/2/5 18197/2/5
f 18199/2/5 18172/2/5 18171/2/5
f 18200/2/5 18172/2/5 18199/2/5
f 18201/2/5 18174/2/5 18173/2/5
f 18202/2/5 18174/2/5 18201/2/5
f 18203/2/5 18176/2/5 18175/2/5
f 18204/2/5 18176/2/5 18203/2/5
f 18205/2/5 18178/2/5 18177/2/5
f 18206/2/5 18178/2/5 18205/2/5
f 18207/3/5 18180/3/5 18179/3/5
f 18208/3/5 18180/3/5 18207/3/5
f 18209/2/5 18182/2/5 18181/2/5
f 18210/2/5 18182/2/5 18209/2/5
f 18211/2/5 18184/2/5 18183/2/5
f 18212/2/5 18184/2/5 18211/2/5
f 18213/3/5 18186/3/5 18185/3/5
f 18214/3/5 18186/3/5 18213/3/5
f 18215/2/5 18188/2/5 18187/2/5
f 18216/2/5 18188/2/5 18215/2/5
f 18217/4/5 18190/4/5 18189/4/5
f 18218/4/5 18190/4/5 18217/4/5
f 18219/2/5 18192/2/5 18191/2/5
f 18220/2/5 18192/2/5 18219/2/5
f 18249/2/5 18222/2/5 18221/2/5
f 18250/2/5 18222/2/5 18249/2/5
f 18251/3/5 18224/3/5 18223/3/5
f 18252/3/5 18224/3/5 18251/3/5
f 18253/2/5 18226/2/5 18225/2/5
f 18254/2/5 18226/2/5 18253/2/5
f 18255/2/5 18228/2/5 18227/2/5
f 18256/2/5 18228/2/5 18255/2/5
f 18257/2/5 18230/2/5 18229/2/5
f 18258/2/5 18230/2/5 18257/2/5
f 18259/2/5 18232/2/5 18231/2/5
f 18260/2/5 18232/2/5 18259/2/5
f 18261/2/5 18234/2/5 18233/2/5
f 18262/2/5 18234/2/5 18261/2/5
f 18263/3/5 18236/3/5 18235/3/5
f 18264/3/5 18236/3/5 18263/3/5
f 18265/2/5 18238/2/5 18237/2/5
f 18266/2/5 18238/2/5 18265/2/5
f 18267/2/5 18240/2/5 18239/2/5
f 18268/2/5 18240/2/5 18267/2/5
f 18269/3/5 18242/3/5 18241/3/5
f 18270/3/5 18242/3/5 18269/3/5
f 18271/2/5 18244/2/5 18243/2/5
f 18272/2/5 18244/2/5 18271/2/5
f 18273/4/5 18246/4/5 18245/4/5
f 18274/4/5 18246/4/5 18273/4/5
f 18275/2/5 18248/2/5 18247/2/5
f 18276/2/5 18248/2/5 18275/2/5
f 18301/2/5 18278/2/5 18277/2/5
f 18302/2/5 18278/2/5 18301/2/5
f 18303/2/5 18280/2/5 18279/2/5
f 18304/2/5 18280/2/5 18303/2/5
f 18305/2/5 18282/2/5 18281/2/5
f 18306/2/5 18282/2/5 18305/2/5
f 18307/2/5 18284/2/5 18283/2/5
f 18308/2/5 18284/2/5 18307/2/5
f 18309/2/5 18286/2/5 18285/2/5
f 18310/2/5 18286/2/5 18309/2/5
f 18311/2/5 18288/2/5 18287/2/5
f 18312/2/5 18288/2/5 18311/2/5
f 18313/2/5 18290/2/5 18289/2/5
f 18314/2/5 18290/2/5 18313/2/5
f 18315/2/5 18292/2/5 18291/2/5
f 18316/2/5 18292/2/5 18315/2/5
f 18317/2/5 18294/2/5 18293/2/5
f 18318/2/5 18294/2/5 18317/2/5
f 18319/2/5 18296/2/5 18295/2/5
f 18320/2/5 18296/2/5 18319/2/5
f 18321/3/5 18298/3/5 18297/3/5
f 18322/3/5 18298/3/5 18321/3/5
f 18323/2/5 18300/2/5 18299/2/5
f 18324/2/5 18300/2/5 18323/2/5
f 18349/2/5 18326/2/5 18325/2/5
f 18350/2/5 18326/2/5 18349/2/5
f 18351/2/5 18328/2/5 18327/2/5
f 18352/2/5 18328/2/5 18351/2/5
f 18353/2/5 18330/2/5 18329/2/5
f 18354/2/5 18330/2/5 18353/2/5
f 18355/2/5 18332/2/5 18331/2/5
f 18356/2/5 18332/2/5 18355/2/5
f 18357/2/5 18334/2/5 18333/2/5
f 18358/2/5 18334/2/5 18357/2/5
f 18359/2/5 18336/2/5 18335/2/5
f 18360/2/5 18336/2/5 18359/2/5
f 18361/2/5 18338/2/5 18337/2/5
f 18362/2/5 18338/2/5 18361/2/5
f 18363/2/5 18340/2/5 18339/2/5
f 18364/2/5 18340/2/5 18363/2/5
f 18365/2/5 18342/2/5 18341/2/5
f 18366/2/5 18342/2/5 18365/2/5
f 18367/2/5 18344/2/5 18343/2/5
f 18368/2/5 18344/2/5 18367/2/5
f 18369/3/5 18346/3/5 18345/3/5
f 18370/3/5 18346/3/5 18369/3/5
f 18371/2/5 18348/2/5 18347/2/5
f 18372/2/5 18348/2/5 18371/2/5
f 18401/2/5 18374/2/5 18373/2/5
f 18402/2/5 18374/2/5 18401/2/5
f 18403/2/5 18376/2/5 18375/2/5
f 18404/2/5 18376/2/5 18403/2/5
f 18405/2/5 18378/2/5 18377/2/5
f 18406/2/5 18378/2/5 18405/2/5
f 18407/4/5 18380/4/5 18379/4/5
f 18408/4/5 18380/4/5 18407/4/5
f 18409/2/5 18382/2/5 18381/2/5
f 18410/2/5 18382/2/5 18409/2/5
f 18411/2/5 18384/2/5 18383/2/5
f 18412/2/5 18384/2/5 18411/2/5
f 18413/2/5 18386/2/5 18385/2/5
f 18414/2/5 18386/2/5 18413/2/5
f 18415/2/5 18388/2/5 18387/2/5
f 18416/2/5 18388/2/5 18415/2/5
f 18417/3/5 18390/3/5 18389/3/5
f 18418/3/5 18390/3/5 18417/3/5
f 18419/2/5 18392/2/5 18391/2/5
f 18420/2/5 18392/2/5 18419/2/5
f 18421/2/5 18394/2/5 18393/2/5
f 18422/2/5 18394/2/5 18421/2/5
f 18423/3/5 18396/3/5 18395/3/5
f 18424/3/5 18396/3/5 18423/3/5
f 18425/2/5 18398/2/5 18397/2/5
f 18426/2/5 18398/2/5 18425/2/5
f 18427/2/5 18400/2/5 18399/2/5
f 18428/2/5 18400/2/5 18427/2/5
f 18457/2/5 18430/2/5 18429/2/5
f 18458/2/5 18430/2/5 18457/2/5
f 18459/2/5 18432/2/5 18431/2/5
f 18460/2/5 18432/2/5 18459/2/5
f 18461/2/5 18434/2/5 18433/2/5
f 18462/2/5 18434/2/5 18461/2/5
f 18463/4/5 18436/4/5 18435/4/5
f 18464/4/5 18436/4/5 18463/4/5
f 18465/2/5 18438/2/5 18437/2/5
f 18466/2/5 18438/2/5 18465/2/5
f 18467/2/5 18440/2/5 18439/2/5
f 18468/2/5 18440/2/5 18467/2/5
f 18469/2/5 18442/2/5 18441/2/5
f 18470/2/5 18442/2/5 18469/2/5
f 18471/2/5 18444/2/5 18443/2/5
f 18472/2/5 18444/2/5 18471/2/5
f 18473/3/5 18446/3/5 18445/3/5
f 18474/3/5 18446/3/5 18473/3/5
f 18475/2/5 18448/2/5 18447/2/5
f 18476/2/5 18448/2/5 18475/2/5
f 18477/2/5 18450/2/5 18449/2/5
f 18478/2/5 18450/2/5 18477/2/5
f 18479/3/5 18452/3/5 18451/3/5
f 18480/3/5 18452/3/5 18479/3/5
f 18481/2/5 18454/2/5 18453/2/5
f 18482/2/5 18454/2/5 18481/2/5
f 18483/2/5 18456/2/5 18455/2/5
f 18484/2/5 18456/2/5 18483/2/5
f 18505/3/5 18486/3/5 18485/3/5
f 18506/3/5 18486/3/5 18505/3/5
f 18507/2/5 18488/2/5 18487/2/5
f 18508/2/5 18488/2/5 18507/2/5
f 18509/2/5 18490/2/5 18489/2/5
f 18510/2/5 18490/2/5 18509/2/5
f 18511/2/5 18492/2/5 18491/2/5
f 18512/2/5 18492/2/5 18511/2/5
f 18513/2/5 18494/2/5 18493/2/5
f 18514/2/5 18494/2/5 18513/2/5
f 18515/2/5 18496/2/5 18495/2/5
f 18516/2/5 18496/2/5 18515/2/5
f 18517/2/5 18498/2/5 18497/2/5
f 18518/2/5 18498/2/5 18517/2/5
f 18519/2/5 18500/2/5 18499/2/5
f 18520/2/5 18500/2/5 18519/2/5
f 18521/2/5 18502/2/5 18501/2/5
f 18522/2/5 18502/2/5 18521/2/5
f 18523/2/5 18504/2/5 18503/2/5
f 18524/2/5 18504/2/5 18523/2/5
f 18545/3/5 18526/3/5 18525/3/5
f 18546/3/5 18526/3/5 18545/3/5
f 18547/2/5 18528/2/5 18527/2/5
f 18548/2/5 18528/2/5 18547/2/5
f 18549/2/5 18530/2/5 18529/2/5
f 18550/2/5 18530/2/5 18549/2/5
f 18551/2/5 18532/2/5 18531/2/5
f 18552/2/5 18532/2/5 18551/2/5
f 18553/2/5 18534/2/5 18533/2/5
f 18554/2/5 18534/2/5 18553/2/5
f 18555/2/5 18536/2/5 18535/2/5
f 18556/2/5 18536/2/5 18555/2/5
f 18557/2/5 18538/2/5 18537/2/5
f 18558/2/5 18538/2/5 18557/2/5
f 18559/2/5 18540/2/5 18539/2/5
f 18560/2/5 18540/2/5 18559/2/5
f 18561/2/5 18542/2/5 18541/2/5
f 18562/2/5 18542/2/5 18561/2/5
f 18563/2/5 18544/2/5 18543/2/5
f 18564/2/5 18544/2/5 18563/2/5
f 18567/1/5 18566/1/5 18565/1/5
f 18568/1/5 18566/1/5 18567/1/5
f 18593/2/5 18570/2/5 18569/2/5
f 18594/2/5 18570/2/5 18593/2/5
f 18595/2/5 18572/2/5 18571/2/5
f 18596/2/5 18572/2/5 18595/2/5
f 18597/2/5 18574/2/5 18573/2/5
f 18598/2/5 18574/2/5 18597/2/5
f 18599/3/5 18576/3/5 18575/3/5
f 18600/3/5 18576/3/5 18599/3/5
f 18601/2/5 18578/2/5 18577/2/5
f 18602/2/5 18578/2/5 18601/2/5
f 18603/2/5 18580/2/5 18579/2/5
f 18604/2/5 18580/2/5 18603/2/5
f 18605/3/5 18582/3/5 18581/3/5
f 18606/3/5 18582/3/5 18605/3/5
f 18607/2/5 18584/2/5 18583/2/5
f 18608/2/5 18584/2/5 18607/2/5
f 18609/2/5 18586/2/5 18585/2/5
f 18610/2/5 18586/2/5 18609/2/5
f 18611/2/5 18588/2/5 18587/2/5
f 18612/2/5 18588/2/5 18611/2/5
f 18613/2/5 18590/2/5 18589/2/5
f 18614/2/5 18590/2/5 18613/2/5
f 18615/2/5 18592/2/5 18591/2/5
f 18616/2/5 18592/2/5 18615/2/5
f 18641/2/5 18618/2/5 18617/2/5
f 18642/2/5 18618/2/5 18641/2/5
f 18643/2/5 18620/2/5 18619/2/5
f 18644/2/5 18620/2/5 18643/2/5
f 18645/2/5 18622/2/5 18621/2/5
f 18646/2/5 18622/2/5 18645/2/5
f 18647/3/5 18624/3/5 18623/3/5
f 18648/3/5 18624/3/5 18647/3/5
f 18649/2/5 18626/2/5 18625/2/5
f 18650/2/5 18626/2/5 18649/2/5
f 18651/2/5 18628/2/5 18627/2/5
f 18652/2/5 18628/2/5 18651/2/5
f 18653/3/5 18630/3/5 18629/3/5
f 18654/3/5 18630/3/5 18653/3/5
f 18655/2/5 18632/2/5 18631/2/5
f 18656/2/5 18632/2/5 18655/2/5
f 18657/2/5 18634/2/5 18633/2/5
f 18658/2/5 18634/2/5 18657/2/5
f 18659/2/5 18636/2/5 18635/2/5
f 18660/2/5 18636/2/5 18659/2/5
f 18661/2/5 18638/2/5 18637/2/5
f 18662/2/5 18638/2/5 18661/2/5
f 18663/2/5 18640/2/5 18639/2/5
f 18664/2/5 18640/2/5 18663/2/5
f 18667/2/5 18666/2/5 18665/2/5
f 18668/2/5 18666/2/5 18667/2/5
f 18671/2/5 18670/2/5 18669/2/5
f 18672/2/5 18670/2/5 18671/2/5
f 18697/2/5 18674/2/5 18673/2/5
f 18698/2/5 18674/2/5 18697/2/5
f 18699/2/5 18676/2/5 18675/2/5
f 18700/2/5 18676/2/5 18699/2/5
f 18701/4/5 18678/4/5 18677/4/5
f 18702/4/5 18678/4/5 18701/4/5
f 18703/2/5 18680/2/5 18679/2/5
f 18704/2/5 18680/2/5 18703/2/5
f 18705/2/5 18682/2/5 18681/2/5
f 18706/2/5 18682/2/5 18705/2/5
f 18707/2/5 18684/2/5 18683/2/5
f 18708/2/5 18684/2/5 18707/2/5
f 18709/2/5 18686/2/5 18685/2/5
f 18710/2/5 18686/2/5 18709/2/5
f 18711/3/5 18688/3/5 18687/3/5
f 18712/3/5 18688/3/5 18711/3/5
f 18713/2/5 18690/2/5 18689/2/5
f 18714/2/5 18690/2/5 18713/2/5
f 18715/2/5 18692/2/5 18691/2/5
f 18716/2/5 18692/2/5 18715/2/5
f 18717/2/5 18694/2/5 18693/2/5
f 18718/2/5 18694/2/5 18717/2/5
f 18719/2/5 18696/2/5 18695/2/5
f 18720/2/5 18696/2/5 18719/2/5
f 18745/2/5 18722/2/5 18721/2/5
f 18746/2/5 18722/2/5 18745/2/5
f 18747/2/5 18724/2/5 18723/2/5
f 18748/2/5 18724/2/5 18747/2/5
f 18749/4/5 18726/4/5 18725/4/5
f 18750/4/5 18726/4/5 18749/4/5
f 18751/2/5 18728/2/5 18727/2/5
f 18752/2/5 18728/2/5 18751/2/5
f 18753/2/5 18730/2/5 18729/2/5
f 18754/2/5 18730/2/5 18753/2/5
f 18755/2/5 18732/2/5 18731/2/5
f 18756/2/5 18732/2/5 18755/2/5
f 18757/2/5 18734/2/5 18733/2/5
f 18758/2/5 18734/2/5 18757/2/5
f 18759/3/5 18736/3/5 18735/3/5
f 18760/3/5 18736/3/5 18759/3/5
f 18761/2/5 18738/2/5 18737/2/5
f 18762/2/5 18738/2/5 18761/2/5
f 18763/2/5 18740/2/5 18739/2/5
f 18764/2/5 18740/2/5 18763/2/5
f 18765/2/5 18742/2/5 18741/2/5
f 18766/2/5 18742/2/5 18765/2/5
f 18767/2/5 18744/2/5 18743/2/5
f 18768/2/5 18744/2/5 18767/2/5
f 18771/2/5 18770/2/5 18769/2/5
f 18772/2/5 18770/2/5 18771/2/5
f 18775/2/5 18774/2/5 18773/2/5
f 18776/2/5 18774/2/5 18775/2/5
f 18801/4/5 18778/4/5 18777/4/5
f 18802/4/5 18778/4/5 18801/4/5
f 18803/2/5 18780/2/5 18779/2/5
f 18804/2/5 18780/2/5 18803/2/5
f 18805/2/5 18782/2/5 18781/2/5
f 18806/2/5 18782/2/5 18805/2/5
f 18807/3/5 18784/3/5 18783/3/5
f 18808/3/5 18784/3/5 18807/3/5
f 18809/3/5 18786/3/5 18785/3/5
f 18810/3/5 18786/3/5 18809/3/5
f 18811/2/5 18788/2/5 18787/2/5
f 18812/2/5 18788/2/5 18811/2/5
f 18813/2/5 18790/2/5 18789/2/5
f 18814/2/5 18790/2/5 18813/2/5
f 18815/2/5 18792/2/5 18791/2/5
f 18816/2/5 18792/2/5 18815/2/5
f 18817/2/5 18794/2/5 18793/2/5
f 18818/2/5 18794/2/5 18817/2/5
f 18819/2/5 18796/2/5 18795/2/5
f 18820/2/5 18796/2/5 18819/2/5
f 18821/2/5 18798/2/5 18797/2/5
f 18822/2/5 18798/2/5 18821/2/5
f 18823/2/5 18800/2/5 18799/2/5
f 18824/2/5 18800/2/5 18823/2/5
f 18849/4/5 18826/4/5 18825/4/5
f 18850/4/5 18826/4/5 18849/4/5
f 18851/2/5 18828/2/5 18827/2/5
f 18852/2/5 18828/2/5 18851/2/5
f 18853/2/5 18830/2/5 18829/2/5
f 18854/2/5 18830/2/5 18853/2/5
f 18855/3/5 18832/3/5 18831/3/5
f 18856/3/5 18832/3/5 18855/3/5
f 18857/3/5 18834/3/5 18833/3/5
f 18858/3/5 18834/3/5 18857/3/5
f 18859/2/5 18836/2/5 18835/2/5
f 18860/2/5 18836/2/5 18859/2/5
f 18861/2/5 18838/2/5 18837/2/5
f 18862/2/5 18838/2/5 18861/2/5
f 18863/2/5 18840/2/5 18839/2/5
f 18864/2/5 18840/2/5 18863/2/5
f 18865/2/5 18842/2/5 18841/2/5
f 18866/2/5 18842/2/5 18865/2/5
f 18867/2/5 18844/2/5 18843/2/5
f 18868/2/5 18844/2/5 18867/2/5
f 18869/2/5 18846/2/5 18845/2/5
f 18870/2/5 18846/2/5 18869/2/5
f 18871/2/5 18848/2/5 18847/2/5
f 18872/2/5 18848/2/5 18871/2/5
f 18875/2/5 18874/2/5 18873/2/5
f 18876/2/5 18874/2/5 18875/2/5
f 18879/2/5 18878/2/5 18877/2/5
f 18880/2/5 18878/2/5 18879/2/5
f 18883/1/5 18882/1/5 18881/1/5
f 18884/1/5 18882/1/5 18883/1/5
f 18913/2/5 18886/2/5 18885/2/5
f 18914/2/5 18886/2/5 18913/2/5
f 18915/2/5 18888/2/5 18887/2/5
f 18916/2/5 18888/2/5 18915/2/5
f 18917/3/5 18890/3/5 18889/3/5
f 18918/3/5 18890/3/5 18917/3/5
f 18919/2/5 18892/2/5 18891/2/5
f 18920/2/5 18892/2/5 18919/2/5
f 18921/2/5 18894/2/5 18893/2/5
f 18922/2/5 18894/2/5 18921/2/5
f 18923/4/5 18896/4/5 18895/4/5
f 18924/4/5 18896/4/5 18923/4/5
f 18925/2/5 18898/2/5 18897/2/5
f 18926/2/5 18898/2/5 18925/2/5
f 18927/2/5 18900/2/5 18899/2/5
f 18928/2/5 18900/2/5 18927/2/5
f 18929/3/5 18902/3/5 18901/3/5
f 18930/3/5 18902/3/5 18929/3/5
f 18931/3/5 18904/3/5 18903/3/5
f 18932/3/5 18904/3/5 18931/3/5
f 18933/2/5 18906/2/5 18905/2/5
f 18934/2/5 18906/2/5 18933/2/5
f 18935/3/5 18908/3/5 18907/3/5
f 18936/3/5 18908/3/5 18935/3/5
f 18937/2/5 18910/2/5 18909/2/5
f 18938/2/5 18910/2/5 18937/2/5
f 18939/2/5 18912/2/5 18911/2/5
f 18940/2/5 18912/2/5 18939/2/5
f 18969/2/5 18942/2/5 18941/2/5
f 18970/2/5 18942/2/5 18969/2/5
f 18971/2/5 18944/2/5 18943/2/5
f 18972/2/5 18944/2/5 18971/2/5
f 18973/3/5 18946/3/5 18945/3/5
f 18974/3/5 18946/3/5 18973/3/5
f 18975/2/5 18948/2/5 18947/2/5
f 18976/2/5 18948/2/5 18975/2/5
f 18977/2/5 18950/2/5 18949/2/5
f 18978/2/5 18950/2/5 18977/2/5
f 18979/4/5 18952/4/5 18951/4/5
f 18980/4/5 18952/4/5 18979/4/5
f 18981/2/5 18954/2/5 18953/2/5
f 18982/2/5 18954/2/5 18981/2/5
f 18983/2/5 18956/2/5 18955/2/5
f 18984/2/5 18956/2/5 18983/2/5
f 18985/3/5 18958/3/5 18957/3/5
f 18986/3/5 18958/3/5 18985/3/5
f 18987/3/5 18960/3/5 18959/3/5
f 18988/3/5 18960/3/5 18987/3/5
f 18989/2/5 18962/2/5 18961/2/5
f 18990/2/5 18962/2/5 18989/2/5
f 18991/3/5 18964/3/5 18963/3/5
f 18992/3/5 18964/3/5 18991/3/5
f 18993/2/5 18966/2/5 18965/2/5
f 18994/2/5 18966/2/5 18993/2/5
f 18995/2/5 18968/2/5 18967/2/5
f 18996/2/5 18968/2/5 18995/2/5
f 18999/2/5 18998/2/5 18997/2/5
f 19000/2/5 18998/2/5 18999/2/5
f 19003/2/5 19002/2/5 19001/2/5
f 19004/2/5 19002/2/5 19003/2/5
f 19029/2/5 19006/2/5 19005/2/5
f 19030/2/5 19006/2/5 19029/2/5
f 19031/2/5 19008/2/5 19007/2/5
f 19032/2/5 19008/2/5 19031/2/5
f 19033/3/5 19010/3/5 19009/3/5
f 19034/3/5 19010/3/5 19033/3/5
f 19035/2/5 19012/2/5 19011/2/5
f 19036/2/5 19012/2/5 19035/2/5
f 19037/2/5 19014/2/5 19013/2/5
f 19038/2/5 19014/2/5 19037/2/5
f 19039/2/5 19016/2/5 19015/2/5
f 19040/2/5 19016/2/5 19039/2/5
f 19041/2/5 19018/2/5 19017/2/5
f 19042/2/5 19018/2/5 19041/2/5
f 19043/2/5 19020/2/5 19019/2/5
f 19044/2/5 19020/2/5 19043/2/5
f 19045/2/5 19022/2/5 19021/2/5
f 19046/2/5 19022/2/5 19045/2/5
f 19047/2/5 19024/2/5 19023/2/5
f 19048/2/5 19024/2/5 19047/2/5
f 19049/2/5 19026/2/5 19025/2/5
f 19050/2/5 19026/2/5 19049/2/5
f 19051/2/5 19028/2/5 19027/2/5
f 19052/2/5 19028/2/5 19051/2/5
f 19077/2/5 19054/2/5 19053/2/5
f 19078/2/5 19054/2/5 19077/2/5
f 19079/2/5 19056/2/5 19055/2/5
f 19080/2/5 19056/2/5 19079/2/5
f 19081/3/5 19058/3/5 19057/3/5
f 19082/3/5 19058/3/5 19081/3/5
f 19083/2/5 19060/2/5 19059/2/5
f 19084/2/5 19060/2/5 19083/2/5
f 19085/2/5 19062/2/5 19061/2/5
f 19086/2/5 19062/2/5 19085/2/5
f 19087/2/5 19064/2/5 19063/2/5
f 19088/2/5 19064/2/5 19087/2/5
f 19089/2/5 19066/2/5 19065/2/5
f 19090/2/5 19066/2/5 19089/2/5
f 19091/2/5 19068/2/5 19067/2/5
f 19092/2/5 19068/2/5 19091/2/5
f 19093/2/5 19070/2/5 19069/2/5
f 19094/2/5 19070/2/5 19093/2/5
f 19095/2/5 19072/2/5 19071/2/5
f 19096/2/5 19072/2/5 19095/2/5
f 19097/2/5 19074/2/5 19073/2/5
f 19098/2/5 19074/2/5 19097/2/5
f 19099/2/5 19076/2/5 19075/2/5
f 19100/2/5 19076/2/5 19099/2/5
f 19127/2/5 19102/2/5 19101/2/5
f 19128/2/5 19102/2/5 19127/2/5
f 19129/3/5 19104/3/5 19103/3/5
f 19130/3/5 19104/3/5 19129/3/5
f 19131/2/5 19106/2/5 19105/2/5
f 19132/2/5 19106/2/5 19131/2/5
f 19133/2/5 19108/2/5 19107/2/5
f 19134/2/5 19108/2/5 19133/2/5
f 19135/2/5 19110/2/5 19109/2/5
f 19136/2/5 19110/2/5 19135/2/5
f 19137/2/5 19112/2/5 19111/2/5
f 19138/2/5 19112/2/5 19137/2/5
f 19139/2/5 19114/2/5 19113/2/5
f 19140/2/5 19114/2/5 19139/2/5
f 19141/4/5 19116/4/5 19115/4/5
f 19142/4/5 19116/4/5 19141/4/5
f 19143/2/5 19118/2/5 19117/2/5
f 19144/2/5 19118/2/5 19143/2/5
f 19145/2/5 19120/2/5 19119/2/5
f 19146/2/5 19120/2/5 19145/2/5
f 19147/2/5 19122/2/5 19121/2/5
f 19148/2/5 19122/2/5 19147/2/5
f 19149/2/5 19124/2/5 19123/2/5
f 19150/2/5 19124/2/5 19149/2/5
f 19151/2/5 19126/2/5 19125/2/5
f 19152/2/5 19126/2/5 19151/2/5
f 19179/2/5 19154/2/5 19153/2/5
f 19180/2/5 19154/2/5 19179/2/5
f 19181/3/5 19156/3/5 19155/3/5
f 19182/3/5 19156/3/5 19181/3/5
f 19183/2/5 19158/2/5 19157/2/5
f 19184/2/5 19158/2/5 19183/2/5
f 19185/2/5 19160/2/5 19159/2/5
f 19186/2/5 19160/2/5 19185/2/5
f 19187/2/5 19162/2/5 19161/2/5
f 19188/2/5 19162/2/5 19187/2/5
f 19189/2/5 19164/2/5 19163/2/5
f 19190/2/5 19164/2/5 19189/2/5
f 19191/2/5 19166/2/5 19165/2/5
f 19192/2/5 19166/2/5 19191/2/5
f 19193/4/5 19168/4/5 19167/4/5
f 19194/4/5 19168/4/5 19193/4/5
f 19195/2/5 19170/2/5 19169/2/5
f 19196/2/5 19170/2/5 19195/2/5
f 19197/2/5 19172/2/5 19171/2/5
f 19198/2/5 19172/2/5 19197/2/5
f 19199/2/5 19174/2/5 19173/2/5
f 19200/2/5 19174/2/5 19199/2/5
f 19201/2/5 19176/2/5 19175/2/5
f 19202/2/5 19176/2/5 19201/2/5
f 19203/2/5 19178/2/5 19177/2/5
f 19204/2/5 19178/2/5 19203/2/5
f 19207/2/5 19206/2/5 19205/2/5
f 19208/2/5 19206/2/5 19207/2/5
f 19211/2/5 19210/2/5 19209/2/5
f 19212/2/5 19210/2/5 19211/2/5
f 19213/2/6 19214/2/6 19241/2/6
f 19241/2/6 19214/2/6 19242/2/6
f 19215/2/6 19216/2/6 19243/2/6
f 19243/2/6 19216/2/6 19244/2/6
f 19217/2/6 19218/2/6 19245/2/6
f 19245/2/6 19218/2/6 19246/2/6
f 19219/2/6 19220/2/6 19247/2/6
f 19247/2/6 19220/2/6 19248/2/6
f 19221/4/6 19222/4/6 19249/4/6
f 19249/4/6 19222/4/6 19250/4/6
f 19223/3/6 19224/3/6 19251/3/6
f 19251/3/6 19224/3/6 19252/3/6
f 19225/2/6 19226/2/6 19253/2/6
f 19253/2/6 19226/2/6 19254/2/6
f 19227/3/6 19228/3/6 19255/3/6
f 19255/3/6 19228/3/6 19256/3/6
f 19229/2/6 19230/2/6 19257/2/6
f 19257/2/6 19230/2/6 19258/2/6
f 19231/2/6 19232/2/6 19259/2/6
f 19259/2/6 19232/2/6 19260/2/6
f 19233/2/6 19234/2/6 19261/2/6
f 19261/2/6 19234/2/6 19262/2/6
f 19235/2/6 19236/2/6 19263/2/6
f 19263/2/6 19236/2/6 19264/2/6
f 19237/3/6 19238/3/6 19265/3/6
f 19265/3/6 19238/3/6 19266/3/6
f 19239/2/6 19240/2/6 19267/2/6
f 19267/2/6 19240/2/6 19268/2/6
f 19269/2/6 19270/2/6 19297/2/6
f 19297/2/6 19270/2/6 19298/2/6
f 19271/2/6 19272/2/6 19299/2/6
f 19299/2/6 19272/2/6 19300/2/6
f 19273/2/6 19274/2/6 19301/2/6
f 19301/2/6 19274/2/6 19302/2/6
f 19275/2/6 19276/2/6 19303/2/6
f 19303/2/6 19276/2/6 19304/2/6
f 19277/4/6 19278/4/6 19305/4/6
f 19305/4/6 19278/4/6 19306/4/6
f 19279/3/6 19280/3/6 19307/3/6
f 19307/3/6 19280/3/6 19308/3/6
f 19281/2/6 19282/2/6 19309/2/6
f 19309/2/6 19282/2/6 19310/2/6
f 19283/3/6 19284/3/6 19311/3/6
f 19311/3/6 19284/3/6 19312/3/6
f 19285/2/6 19286/2/6 19313/2/6
f 19313/2/6 19286/2/6 19314/2/6
f 19287/2/6 19288/2/6 19315/2/6
f 19315/2/6 19288/2/6 19316/2/6
f 19289/2/6 19290/2/6 19317/2/6
f 19317/2/6 19290/2/6 19318/2/6
f 19291/2/6 19292/2/6 19319/2/6
f 19319/2/6 19292/2/6 19320/2/6
f 19293/3/6 19294/3/6 19321/3/6
f 19321/3/6 19294/3/6 19322/3/6
f 19295/2/6 19296/2/6 19323/2/6
f 19323/2/6 19296/2/6 19324/2/6
f 19325/2/6 19326/2/6 19327/2/6
f 19327/2/6 19326/2/6 19328/2/6
f 19329/2/6 19330/2/6 19331/2/6
f 19331/2/6 19330/2/6 19332/2/6
f 19333/3/6 19334/3/6 19363/3/6
f 19363/3/6 19334/3/6 19364/3/6
f 19335/2/6 19336/2/6 19365/2/6
f 19365/2/6 19336/2/6 19366/2/6
f 19337/2/6 19338/2/6 19367/2/6
f 19367/2/6 19338/2/6 19368/2/6
f 19339/2/6 19340/2/6 19369/2/6
f 19369/2/6 19340/2/6 19370/2/6
f 19341/2/6 19342/2/6 19371/2/6
f 19371/2/6 19342/2/6 19372/2/6
f 19343/2/6 19344/2/6 19373/2/6
f 19373/2/6 19344/2/6 19374/2/6
f 19345/2/6 19346/2/6 19375/2/6
f 19375/2/6 19346/2/6 19376/2/6
f 19347/2/6 19348/2/6 19377/2/6
f 19377/2/6 19348/2/6 19378/2/6
f 19349/2/6 19350/2/6 19379/2/6
f 19379/2/6 19350/2/6 19380/2/6
f 19351/2/6 19352/2/6 19381/2/6
f 19381/2/6 19352/2/6 19382/2/6
f 19353/2/6 19354/2/6 19383/2/6
f 19383/2/6 19354/2/6 19384/2/6
f 19355/2/6 19356/2/6 19385/2/6
f 19385/2/6 19356/2/6 19386/2/6
f 19357/2/6 19358/2/6 19387/2/6
f 19387/2/6 19358/2/6 19388/2/6
f 19359/2/6 19360/2/6 19389/2/6
f 19389/2/6 19360/2/6 19390/2/6
f 19361/2/6 19362/2/6 19391/2/6
f 19391/2/6 19362/2/6 19392/2/6
f 19393/3/6 19394/3/6 19423/3/6
f 19423/3/6 19394/3/6 19424/3/6
f 19395/2/6 19396/2/6 19425/2/6
f 19425/2/6 19396/2/6 19426/2/6
f 19397/2/6 19398/2/6 19427/2/6
f 19427/2/6 19398/2/6 19428/2/6
f 19399/2/6 19400/2/6 19429/2/6
f 19429/2/6 19400/2/6 19430/2/6
f 19401/2/6 19402/2/6 19431/2/6
f 19431/2/6 19402/2/6 19432/2/6
f 19403/2/6 19404/2/6 19433/2/6
f 19433/2/6 19404/2/6 19434/2/6
f 19405/2/6 19406/2/6 19435/2/6
f 19435/2/6 19406/2/6 19436/2/6
f 19407/2/6 19408/2/6 19437/2/6
f 19437/2/6 19408/2/6 19438/2/6
f 19409/2/6 19410/2/6 19439/2/6
f 19439/2/6 19410/2/6 19440/2/6
f 19411/2/6 19412/2/6 19441/2/6
f 19441/2/6 19412/2/6 19442/2/6
f 19413/2/6 19414/2/6 19443/2/6
f 19443/2/6 19414/2/6 19444/2/6
f 19415/2/6 19416/2/6 19445/2/6
f 19445/2/6 19416/2/6 19446/2/6
f 19417/2/6 19418/2/6 19447/2/6
f 19447/2/6 19418/2/6 19448/2/6
f 19419/2/6 19420/2/6 19449/2/6
f 19449/2/6 19420/2/6 19450/2/6
f 19421/2/6 19422/2/6 19451/2/6
f 19451/2/6 19422/2/6 19452/2/6
f 19453/2/6 19454/2/6 19457/2/6
f 19457/2/6 19454/2/6 19458/2/6
f 19455/2/6 19456/2/6 19459/2/6
f 19459/2/6 19456/2/6 19460/2/6
f 19461/2/6 19462/2/6 19465/2/6
f 19465/2/6 19462/2/6 19466/2/6
f 19463/2/6 19464/2/6 19467/2/6
f 19467/2/6 19464/2/6 19468/2/6
f 19469/2/6 19470/2/6 19491/2/6
f 19491/2/6 19470/2/6 19492/2/6
f 19471/3/6 19472/3/6 19493/3/6
f 19493/3/6 19472/3/6 19494/3/6
f 19473/2/6 19474/2/6 19495/2/6
f 19495/2/6 19474/2/6 19496/2/6
f 19475/2/6 19476/2/6 19497/2/6
f 19497/2/6 19476/2/6 19498/2/6
f 19477/2/6 19478/2/6 19499/2/6
f 19499/2/6 19478/2/6 19500/2/6
f 19479/2/6 19480/2/6 19501/2/6
f 19501/2/6 19480/2/6 19502/2/6
f 19481/2/6 19482/2/6 19503/2/6
f 19503/2/6 19482/2/6 19504/2/6
f 19483/2/6 19484/2/6 19505/2/6
f 19505/2/6 19484/2/6 19506/2/6
f 19485/2/6 19486/2/6 19507/2/6
f 19507/2/6 19486/2/6 19508/2/6
f 19487/2/6 19488/2/6 19509/2/6
f 19509/2/6 19488/2/6 19510/2/6
f 19489/2/6 19490/2/6 19511/2/6
f 19511/2/6 19490/2/6 19512/2/6
f 19513/2/6 19514/2/6 19535/2/6
f 19535/2/6 19514/2/6 19536/2/6
f 19515/3/6 19516/3/6 19537/3/6
f 19537/3/6 19516/3/6 19538/3/6
f 19517/2/6 19518/2/6 19539/2/6
f 19539/2/6 19518/2/6 19540/2/6
f 19519/2/6 19520/2/6 19541/2/6
f 19541/2/6 19520/2/6 19542/2/6
f 19521/2/6 19522/2/6 19543/2/6
f 19543/2/6 19522/2/6 19544/2/6
f 19523/2/6 19524/2/6 19545/2/6
f 19545/2/6 19524/2/6 19546/2/6
f 19525/2/6 19526/2/6 19547/2/6
f 19547/2/6 19526/2/6 19548/2/6
f 19527/2/6 19528/2/6 19549/2/6
f 19549/2/6 19528/2/6 19550/2/6
f 19529/2/6 19530/2/6 19551/2/6
f 19551/2/6 19530/2/6 19552/2/6
f 19531/2/6 19532/2/6 19553/2/6
f 19553/2/6 19532/2/6 19554/2/6
f 19533/2/6 19534/2/6 19555/2/6
f 19555/2/6 19534/2/6 19556/2/6
f 19557/2/6 19558/2/6 19559/2/6
f 19559/2/6 19558/2/6 19560/2/6
f 19561/2/6 19562/2/6 19563/2/6
f 19563/2/6 19562/2/6 19564/2/6
f 19565/2/6 19566/2/6 19599/2/6
f 19599/2/6 19566/2/6 19600/2/6
f 19567/2/6 19568/2/6 19601/2/6
f 19601/2/6 19568/2/6 19602/2/6
f 19569/2/6 19570/2/6 19603/2/6
f 19603/2/6 19570/2/6 19604/2/6
f 19571/2/6 19572/2/6 19605/2/6
f 19605/2/6 19572/2/6 19606/2/6
f 19573/2/6 19574/2/6 19607/2/6
f 19607/2/6 19574/2/6 19608/2/6
f 19575/2/6 19576/2/6 19609/2/6
f 19609/2/6 19576/2/6 19610/2/6
f 19577/4/6 19578/4/6 19611/4/6
f 19611/4/6 19578/4/6 19612/4/6
f 19579/2/6 19580/2/6 19613/2/6
f 19613/2/6 19580/2/6 19614/2/6
f 19581/2/6 19582/2/6 19615/2/6
f 19615/2/6 19582/2/6 19616/2/6
f 19583/2/6 19584/2/6 19617/2/6
f 19617/2/6 19584/2/6 19618/2/6
f 19585/2/6 19586/2/6 19619/2/6
f 19619/2/6 19586/2/6 19620/2/6
f 19587/2/6 19588/2/6 19621/2/6
f 19621/2/6 19588/2/6 19622/2/6
f 19589/4/6 19590/4/6 19623/4/6
f 19623/4/6 19590/4/6 19624/4/6
f 19591/2/6 19592/2/6 19625/2/6
f 19625/2/6 19592/2/6 19626/2/6
f 19593/2/6 19594/2/6 19627/2/6
f 19627/2/6 19594/2/6 19628/2/6
f 19595/2/6 19596/2/6 19629/2/6
f 19629/2/6 19596/2/6 19630/2/6
f 19597/2/6 19598/2/6 19631/2/6
f 19631/2/6 19598/2/6 19632/2/6
f 19633/2/6 19634/2/6 19667/2/6
f 19667/2/6 19634/2/6 19668/2/6
f 19635/2/6 19636/2/6 19669/2/6
f 19669/2/6 19636/2/6 19670/2/6
f 19637/2/6 19638/2/6 19671/2/6
f 19671/2/6 19638/2/6 19672/2/6
f 19639/2/6 19640/2/6 19673/2/6
f 19673/2/6 19640/2/6 19674/2/6
f 19641/2/6 19642/2/6 19675/2/6
f 19675/2/6 19642/2/6 19676/2/6
f 19643/2/6 19644/2/6 19677/2/6
f 19677/2/6 19644/2/6 19678/2/6
f 19645/4/6 19646/4/6 19679/4/6
f 19679/4/6 19646/4/6 19680/4/6
f 19647/2/6 19648/2/6 19681/2/6
f 19681/2/6 19648/2/6 19682/2/6
f 19649/2/6 19650/2/6 19683/2/6
f 19683/2/6 19650/2/6 19684/2/6
f 19651/2/6 19652/2/6 19685/2/6
f 19685/2/6 19652/2/6 19686/2/6
f 19653/2/6 19654/2/6 19687/2/6
f 19687/2/6 19654/2/6 19688/2/6
f 19655/2/6 19656/2/6 19689/2/6
f 19689/2/6 19656/2/6 19690/2/6
f 19657/4/6 19658/4/6 19691/4/6
f 19691/4/6 19658/4/6 19692/4/6
f 19659/2/6 19660/2/6 19693/2/6
f 19693/2/6 19660/2/6 19694/2/6
f 19661/2/6 19662/2/6 19695/2/6
f 19695/2/6 19662/2/6 19696/2/6
f 19663/2/6 19664/2/6 19697/2/6
f 19697/2/6 19664/2/6 19698/2/6
f 19665/2/6 19666/2/6 19699/2/6
f 19699/2/6 19666/2/6 19700/2/6
f 19701/2/6 19702/2/6 19705/2/6
f 19705/2/6 19702/2/6 19706/2/6
f 19703/2/6 19704/2/6 19707/2/6
f 19707/2/6 19704/2/6 19708/2/6
f 19709/2/6 19710/2/6 19713/2/6
f 19713/2/6 19710/2/6 19714/2/6
f 19711/2/6 19712/2/6 19715/2/6
f 19715/2/6 19712/2/6 19716/2/6
f 19717/2/6 19718/2/6 19741/2/6
f 19741/2/6 19718/2/6 19742/2/6
f 19719/2/6 19720/2/6 19743/2/6
f 19743/2/6 19720/2/6 19744/2/6
f 19721/4/6 19722/4/6 19745/4/6
f 19745/4/6 19722/4/6 19746/4/6
f 19723/3/6 19724/3/6 19747/3/6
f 19747/3/6 19724/3/6 19748/3/6
f 19725/2/6 19726/2/6 19749/2/6
f 19749/2/6 19726/2/6 19750/2/6
f 19727/2/6 19728/2/6 19751/2/6
f 19751/2/6 19728/2/6 19752/2/6
f 19729/2/6 19730/2/6 19753/2/6
f 19753/2/6 19730/2/6 19754/2/6
f 19731/2/6 19732/2/6 19755/2/6
f 19755/2/6 19732/2/6 19756/2/6
f 19733/2/6 19734/2/6 19757/2/6
f 19757/2/6 19734/2/6 19758/2/6
f 19735/2/6 19736/2/6 19759/2/6
f 19759/2/6 19736/2/6 19760/2/6
f 19737/2/6 19738/2/6 19761/2/6
f 19761/2/6 19738/2/6 19762/2/6
f 19739/2/6 19740/2/6 19763/2/6
f 19763/2/6 19740/2/6 19764/2/6
f 19765/2/6 19766/2/6 19789/2/6
f 19789/2/6 19766/2/6 19790/2/6
f 19767/2/6 19768/2/6 19791/2/6
f 19791/2/6 19768/2/6 19792/2/6
f 19769/4/6 19770/4/6 19793/4/6
f 19793/4/6 19770/4/6 19794/4/6
f 19771/3/6 19772/3/6 19795/3/6
f 19795/3/6 19772/3/6 19796/3/6
f 19773/2/6 19774/2/6 19797/2/6
f 19797/2/6 19774/2/6 19798/2/6
f 19775/2/6 19776/2/6 19799/2/6
f 19799/2/6 19776/2/6 19800/2/6
f 19777/2/6 19778/2/6 19801/2/6
f 19801/2/6 19778/2/6 19802/2/6
f 19779/2/6 19780/2/6 19803/2/6
f 19803/2/6 19780/2/6 19804/2/6
f 19781/2/6 19782/2/6 19805/2/6
f 19805/2/6 19782/2/6 19806/2/6
f 19783/2/6 19784/2/6 19807/2/6
f 19807/2/6 19784/2/6 19808/2/6
f 19785/2/6 19786/2/6 19809/2/6
f 19809/2/6 19786/2/6 19810/2/6
f 19787/2/6 19788/2/6 19811/2/6
f 19811/2/6 19788/2/6 19812/2/6
f 19813/2/6 19814/2/6 19819/2/6
f 19819/2/6 19814/2/6 19820/2/6
f 19815/2/6 19816/2/6 19821/2/6
f 19821/2/6 19816/2/6 19822/2/6
f 19817/2/6 19818/2/6 19823/2/6
f 19823/2/6 19818/2/6 19824/2/6
f 19825/2/6 19826/2/6 19831/2/6
f 19831/2/6 19826/2/6 19832/2/6
f 19827/2/6 19828/2/6 19833/2/6
f 19833/2/6 19828/2/6 19834/2/6
f 19829/2/6 19830/2/6 19835/2/6
f 19835/2/6 19830/2/6 19836/2/6
f 19837/2/6 19838/2/6 19865/2/6
f 19865/2/6 19838/2/6 19866/2/6
f 19839/2/6 19840/2/6 19867/2/6
f 19867/2/6 19840/2/6 19868/2/6
f 19841/2/6 19842/2/6 19869/2/6
f 19869/2/6 19842/2/6 19870/2/6
f 19843/2/6 19844/2/6 19871/2/6
f 19871/2/6 19844/2/6 19872/2/6
f 19845/2/6 19846/2/6 19873/2/6
f 19873/2/6 19846/2/6 19874/2/6
f 19847/2/6 19848/2/6 19875/2/6
f 19875/2/6 19848/2/6 19876/2/6
f 19849/2/6 19850/2/6 19877/2/6
f 19877/2/6 19850/2/6 19878/2/6
f 19851/2/6 19852/2/6 19879/2/6
f 19879/2/6 19852/2/6 19880/2/6
f 19853/2/6 19854/2/6 19881/2/6
f 19881/2/6 19854/2/6 19882/2/6
f 19855/2/6 19856/2/6 19883/2/6
f 19883/2/6 19856/2/6 19884/2/6
f 19857/2/6 19858/2/6 19885/2/6
f 19885/2/6 19858/2/6 19886/2/6
f 19859/2/6 19860/2/6 19887/2/6
f 19887/2/6 19860/2/6 19888/2/6
f 19861/2/6 19862/2/6 19889/2/6
f 19889/2/6 19862/2/6 19890/2/6
f 19863/2/6 19864/2/6 19891/2/6
f 19891/2/6 19864/2/6 19892/2/6
f 19893/2/6 19894/2/6 19921/2/6
f 19921/2/6 19894/2/6 19922/2/6
f 19895/2/6 19896/2/6 19923/2/6
f 19923/2/6 19896/2/6 19924/2/6
f 19897/2/6 19898/2/6 19925/2/6
f 19925/2/6 19898/2/6 19926/2/6
f 19899/2/6 19900/2/6 19927/2/6
f 19927/2/6 19900/2/6 19928/2/6
f 19901/2/6 19902/2/6 19929/2/6
f 19929/2/6 19902/2/6 19930/2/6
f 19903/2/6 19904/2/6 19931/2/6
f 19931/2/6 19904/2/6 19932/2/6
f 19905/2/6 19906/2/6 19933/2/6
f 19933/2/6 19906/2/6 19934/2/6
f 19907/2/6 19908/2/6 19935/2/6
f 19935/2/6 19908/2/6 19936/2/6
f 19909/2/6 19910/2/6 19937/2/6
f 19937/2/6 19910/2/6 19938/2/6
f 19911/2/6 19912/2/6 19939/2/6
f 19939/2/6 19912/2/6 19940/2/6
f 19913/2/6 19914/2/6 19941/2/6
f 19941/2/6 19914/2/6 19942/2/6
f 19915/2/6 19916/2/6 19943/2/6
f 19943/2/6 19916/2/6 19944/2/6
f 19917/2/6 19918/2/6 19945/2/6
f 19945/2/6 19918/2/6 19946/2/6
f 19919/2/6 19920/2/6 19947/2/6
f 19947/2/6 19920/2/6 19948/2/6
f 19949/2/6 19950/2/6 19977/2/6
f 19977/2/6 19950/2/6 19978/2/6
f 19951/3/6 19952/3/6 19979/3/6
f 19979/3/6 19952/3/6 19980/3/6
f 19953/2/6 19954/2/6 19981/2/6
f 19981/2/6 19954/2/6 19982/2/6
f 19955/3/6 19956/3/6 19983/3/6
f 19983/3/6 19956/3/6 19984/3/6
f 19957/2/6 19958/2/6 19985/2/6
f 19985/2/6 19958/2/6 19986/2/6
f 19959/2/6 19960/2/6 19987/2/6
f 19987/2/6 19960/2/6 19988/2/6
f 19961/2/6 19962/2/6 19989/2/6
f 19989/2/6 19962/2/6 19990/2/6
f 19963/2/6 19964/2/6 19991/2/6
f 19991/2/6 19964/2/6 19992/2/6
f 19965/3/6 19966/3/6 19993/3/6
f 19993/3/6 19966/3/6 19994/3/6
f 19967/2/6 19968/2/6 19995/2/6
f 19995/2/6 19968/2/6 19996/2/6
f 19969/2/6 19970/2/6 19997/2/6
f 19997/2/6 19970/2/6 19998/2/6
f 19971/2/6 19972/2/6 19999/2/6
f 19999/2/6 19972/2/6 20000/2/6
f 19973/2/6 19974/2/6 20001/2/6
f 20001/2/6 19974/2/6 20002/2/6
f 19975/2/6 19976/2/6 20003/2/6
f 20003/2/6 19976/2/6 20004/2/6
f 20005/2/6 20006/2/6 20033/2/6
f 20033/2/6 20006/2/6 20034/2/6
f 20007/3/6 20008/3/6 20035/3/6
f 20035/3/6 20008/3/6 20036/3/6
f 20009/2/6 20010/2/6 20037/2/6
f 20037/2/6 20010/2/6 20038/2/6
f 20011/3/6 20012/3/6 20039/3/6
f 20039/3/6 20012/3/6 20040/3/6
f 20013/2/6 20014/2/6 20041/2/6
f 20041/2/6 20014/2/6 20042/2/6
f 20015/2/6 20016/2/6 20043/2/6
f 20043/2/6 20016/2/6 20044/2/6
f 20017/2/6 20018/2/6 20045/2/6
f 20045/2/6 20018/2/6 20046/2/6
f 20019/2/6 20020/2/6 20047/2/6
f 20047/2/6 20020/2/6 20048/2/6
f 20021/3/6 20022/3/6 20049/3/6
f 20049/3/6 20022/3/6 20050/3/6
f 20023/2/6 20024/2/6 20051/2/6
f 20051/2/6 20024/2/6 20052/2/6
f 20025/2/6 20026/2/6 20053/2/6
f 20053/2/6 20026/2/6 20054/2/6
f 20027/2/6 20028/2/6 20055/2/6
f 20055/2/6 20028/2/6 20056/2/6
f 20029/2/6 20030/2/6 20057/2/6
f 20057/2/6 20030/2/6 20058/2/6
f 20031/2/6 20032/2/6 20059/2/6
f 20059/2/6 20032/2/6 20060/2/6
f 20061/2/6 20062/2/6 20063/2/6
f 20063/2/6 20062/2/6 20064/2/6
f 20064/2/6 20062/2/6 20065/2/6
f 20063/2/6 20064/2/6 20066/2/6
f 20066/2/6 20064/2/6 20067/2/6
f 20068/2/6 20069/2/6 20070/2/6
f 20070/2/6 20069/2/6 20071/2/6
f 20072/2/6 20073/2/6 20100/2/6
f 20100/2/6 20073/2/6 20101/2/6
f 20074/2/6 20075/2/6 20102/2/6
f 20102/2/6 20075/2/6 20103/2/6
f 20076/2/6 20077/2/6 20104/2/6
f 20104/2/6 20077/2/6 20105/2/6
f 20078/2/6 20079/2/6 20106/2/6
f 20106/2/6 20079/2/6 20107/2/6
f 20080/2/6 20081/2/6 20108/2/6
f 20108/2/6 20081/2/6 20109/2/6
f 20082/2/6 20083/2/6 20110/2/6
f 20110/2/6 20083/2/6 20111/2/6
f 20084/3/6 20085/3/6 20112/3/6
f 20112/3/6 20085/3/6 20113/3/6
f 20086/2/6 20087/2/6 20114/2/6
f 20114/2/6 20087/2/6 20115/2/6
f 20088/2/6 20089/2/6 20116/2/6
f 20116/2/6 20089/2/6 20117/2/6
f 20090/3/6 20091/3/6 20118/3/6
f 20118/3/6 20091/3/6 20119/3/6
f 20092/2/6 20093/2/6 20120/2/6
f 20120/2/6 20093/2/6 20121/2/6
f 20094/2/6 20095/2/6 20122/2/6
f 20122/2/6 20095/2/6 20123/2/6
f 20096/2/6 20097/2/6 20124/2/6
f 20124/2/6 20097/2/6 20125/2/6
f 20098/2/6 20099/2/6 20126/2/6
f 20126/2/6 20099/2/6 20127/2/6
f 20128/2/6 20129/2/6 20156/2/6
f 20156/2/6 20129/2/6 20157/2/6
f 20130/2/6 20131/2/6 20158/2/6
f 20158/2/6 20131/2/6 20159/2/6
f 20132/2/6 20133/2/6 20160/2/6
f 20160/2/6 20133/2/6 20161/2/6
f 20134/2/6 20135/2/6 20162/2/6
f 20162/2/6 20135/2/6 20163/2/6
f 20136/2/6 20137/2/6 20164/2/6
f 20164/2/6 20137/2/6 20165/2/6
f 20138/2/6 20139/2/6 20166/2/6
f 20166/2/6 20139/2/6 20167/2/6
f 20140/3/6 20141/3/6 20168/3/6
f 20168/3/6 20141/3/6 20169/3/6
f 20142/2/6 20143/2/6 20170/2/6
f 20170/2/6 20143/2/6 20171/2/6
f 20144/2/6 20145/2/6 20172/2/6
f 20172/2/6 20145/2/6 20173/2/6
f 20146/3/6 20147/3/6 20174/3/6
f 20174/3/6 20147/3/6 20175/3/6
f 20148/2/6 20149/2/6 20176/2/6
f 20176/2/6 20149/2/6 20177/2/6
f 20150/2/6 20151/2/6 20178/2/6
f 20178/2/6 20151/2/6 20179/2/6
f 20152/2/6 20153/2/6 20180/2/6
f 20180/2/6 20153/2/6 20181/2/6
f 20154/2/6 20155/2/6 20182/2/6
f 20182/2/6 20155/2/6 20183/2/6
f 20184/2/6 20185/2/6 20186/2/6
f 20186/2/6 20185/2/6 20187/2/6
f 20188/2/6 20189/2/6 20190/2/6
f 20190/2/6 20189/2/6 20191/2/6
f 20192/2/6 20193/2/6 20218/2/6
f 20218/2/6 20193/2/6 20219/2/6
f 20194/2/6 20195/2/6 20220/2/6
f 20220/2/6 20195/2/6 20221/2/6
f 20196/2/6 20197/2/6 20222/2/6
f 20222/2/6 20197/2/6 20223/2/6
f 20198/2/6 20199/2/6 20224/2/6
f 20224/2/6 20199/2/6 20225/2/6
f 20200/2/6 20201/2/6 20226/2/6
f 20226/2/6 20201/2/6 20227/2/6
f 20202/3/6 20203/3/6 20228/3/6
f 20228/3/6 20203/3/6 20229/3/6
f 20204/4/6 20205/4/6 20230/4/6
f 20230/4/6 20205/4/6 20231/4/6
f 20206/2/6 20207/2/6 20232/2/6
f 20232/2/6 20207/2/6 20233/2/6
f 20208/2/6 20209/2/6 20234/2/6
f 20234/2/6 20209/2/6 20235/2/6
f 20210/2/6 20211/2/6 20236/2/6
f 20236/2/6 20211/2/6 20237/2/6
f 20212/2/6 20213/2/6 20238/2/6
f 20238/2/6 20213/2/6 20239/2/6
f 20214/2/6 20215/2/6 20240/2/6
f 20240/2/6 20215/2/6 20241/2/6
f 20216/2/6 20217/2/6 20242/2/6
f 20242/2/6 20217/2/6 20243/2/6
f 20244/2/6 20245/2/6 20270/2/6
f 20270/2/6 20245/2/6 20271/2/6
f 20246/2/6 20247/2/6 20272/2/6
f 20272/2/6 20247/2/6 20273/2/6
f 20248/2/6 20249/2/6 20274/2/6
f 20274/2/6 20249/2/6 20275/2/6
f 20250/2/6 20251/2/6 20276/2/6
f 20276/2/6 20251/2/6 20277/2/6
f 20252/2/6 20253/2/6 20278/2/6
f 20278/2/6 20253/2/6 20279/2/6
f 20254/3/6 20255/3/6 20280/3/6
f 20280/3/6 20255/3/6 20281/3/6
f 20256/4/6 20257/4/6 20282/4/6
f 20282/4/6 20257/4/6 20283/4/6
f 20258/2/6 20259/2/6 20284/2/6
f 20284/2/6 20259/2/6 20285/2/6
f 20260/2/6 20261/2/6 20286/2/6
f 20286/2/6 20261/2/6 20287/2/6
f 20262/2/6 20263/2/6 20288/2/6
f 20288/2/6 20263/2/6 20289/2/6
f 20264/2/6 20265/2/6 20290/2/6
f 20290/2/6 20265/2/6 20291/2/6
f 20266/2/6 20267/2/6 20292/2/6
f 20292/2/6 20267/2/6 20293/2/6
f 20268/2/6 20269/2/6 20294/2/6
f 20294/2/6 20269/2/6 20295/2/6
f 20296/2/6 20297/2/6 20298/2/6
f 20298/2/6 20297/2/6 20299/2/6
f 20300/2/6 20301/2/6 20302/2/6
f 20302/2/6 20301/2/6 20303/2/6
f 20304/2/6 20305/2/6 20332/2/6
f 20332/2/6 20305/2/6 20333/2/6
f 20306/2/6 20307/2/6 20334/2/6
f 20334/2/6 20307/2/6 20335/2/6
f 20308/3/6 20309/3/6 20336/3/6
f 20336/3/6 20309/3/6 20337/3/6
f 20310/2/6 20311/2/6 20338/2/6
f 20338/2/6 20311/2/6 20339/2/6
f 20312/3/6 20313/3/6 20340/3/6
f 20340/3/6 20313/3/6 20341/3/6
f 20314/4/6 20315/4/6 20342/4/6
f 20342/4/6 20315/4/6 20343/4/6
f 20316/2/6 20317/2/6 20344/2/6
f 20344/2/6 20317/2/6 20345/2/6
f 20318/2/6 20319/2/6 20346/2/6
f 20346/2/6 20319/2/6 20347/2/6
f 20320/3/6 20321/3/6 20348/3/6
f 20348/3/6 20321/3/6 20349/3/6
f 20322/2/6 20323/2/6 20350/2/6
f 20350/2/6 20323/2/6 20351/2/6
f 20324/3/6 20325/3/6 20352/3/6
f 20352/3/6 20325/3/6 20353/3/6
f 20326/2/6 20327/2/6 20354/2/6
f 20354/2/6 20327/2/6 20355/2/6
f 20328/2/6 20329/2/6 20356/2/6
f 20356/2/6 20329/2/6 20357/2/6
f 20330/2/6 20331/2/6 20358/2/6
f 20358/2/6 20331/2/6 20359/2/6
f 20360/2/6 20361/2/6 20388/2/6
f 20388/2/6 20361/2/6 20389/2/6
f 20362/2/6 20363/2/6 20390/2/6
f 20390/2/6 20363/2/6 20391/2/6
f 20364/3/6 20365/3/6 20392/3/6
f 20392/3/6 20365/3/6 20393/3/6
f 20366/2/6 20367/2/6 20394/2/6
f 20394/2/6 20367/2/6 20395/2/6
f 20368/3/6 20369/3/6 20396/3/6
f 20396/3/6 20369/3/6 20397/3/6
f 20370/4/6 20371/4/6 20398/4/6
f 20398/4/6 20371/4/6 20399/4/6
f 20372/2/6 20373/2/6 20400/2/6
f 20400/2/6 20373/2/6 20401/2/6
f 20374/2/6 20375/2/6 20402/2/6
f 20402/2/6 20375/2/6 20403/2/6
f 20376/3/6 20377/3/6 20404/3/6
f 20404/3/6 20377/3/6 20405/3/6
f 20378/2/6 20379/2/6 20406/2/6
f 20406/2/6 20379/2/6 20407/2/6
f 20380/3/6 20381/3/6 20408/3/6
f 20408/3/6 20381/3/6 20409/3/6
f 20382/2/6 20383/2/6 20410/2/6
f 20410/2/6 20383/2/6 20411/2/6
f 20384/2/6 20385/2/6 20412/2/6
f 20412/2/6 20385/2/6 20413/2/6
f 20386/2/6 20387/2/6 20414/2/6
f 20414/2/6 20387/2/6 20415/2/6
f 20416/2/6 20417/2/6 20444/2/6
f 20444/2/6 20417/2/6 20445/2/6
f 20418/2/6 20419/2/6 20446/2/6
f 20446/2/6 20419/2/6 20447/2/6
f 20420/2/6 20421/2/6 20448/2/6
f 20448/2/6 20421/2/6 20449/2/6
f 20422/2/6 20423/2/6 20450/2/6
f 20450/2/6 20423/2/6 20451/2/6
f 20424/2/6 20425/2/6 20452/2/6
f 20452/2/6 20425/2/6 20453/2/6
f 20426/4/6 20427/4/6 20454/4/6
f 20454/4/6 20427/4/6 20455/4/6
f 20428/2/6 20429/2/6 20456/2/6
f 20456/2/6 20429/2/6 20457/2/6
f 20430/2/6 20431/2/6 20458/2/6
f 20458/2/6 20431/2/6 20459/2/6
f 20432/2/6 20433/2/6 20460/2/6
f 20460/2/6 20433/2/6 20461/2/6
f 20434/2/6 20435/2/6 20462/2/6
f 20462/2/6 20435/2/6 20463/2/6
f 20436/2/6 20437/2/6 20464/2/6
f 20464/2/6 20437/2/6 20465/2/6
f 20438/2/6 20439/2/6 20466/2/6
f 20466/2/6 20439/2/6 20467/2/6
f 20440/4/6 20441/4/6 20468/4/6
f 20468/4/6 20441/4/6 20469/4/6
f 20442/2/6 20443/2/6 20470/2/6
f 20470/2/6 20443/2/6 20471/2/6
f 20472/2/6 20473/2/6 20500/2/6
f 20500/2/6 20473/2/6 20501/2/6
f 20474/2/6 20475/2/6 20502/2/6
f 20502/2/6 20475/2/6 20503/2/6
f 20476/2/6 20477/2/6 20504/2/6
f 20504/2/6 20477/2/6 20505/2/6
f 20478/2/6 20479/2/6 20506/2/6
f 20506/2/6 20479/2/6 20507/2/6
f 20480/2/6 20481/2/6 20508/2/6
f 20508/2/6 20481/2/6 20509/2/6
f 20482/4/6 20483/4/6 20510/4/6
f 20510/4/6 20483/4/6 20511/4/6
f 20484/2/6 20485/2/6 20512/2/6
f 20512/2/6 20485/2/6 20513/2/6
f 20486/2/6 20487/2/6 20514/2/6
f 20514/2/6 20487/2/6 20515/2/6
f 20488/2/6 20489/2/6 20516/2/6
f 20516/2/6 20489/2/6 20517/2/6
f 20490/2/6 20491/2/6 20518/2/6
f 20518/2/6 20491/2/6 20519/2/6
f 20492/2/6 20493/2/6 20520/2/6
f 20520/2/6 20493/2/6 20521/2/6
f 20494/2/6 20495/2/6 20522/2/6
f 20522/2/6 20495/2/6 20523/2/6
f 20496/4/6 20497/4/6 20524/4/6
f 20524/4/6 20497/4/6 20525/4/6
f 20498/2/6 20499/2/6 20526/2/6
f 20526/2/6 20499/2/6 20527/2/6
f 20528/2/6 20529/2/6 20554/2/6
f 20554/2/6 20529/2/6 20555/2/6
f 20530/3/6 20531/3/6 20556/3/6
f 20556/3/6 20531/3/6 20557/3/6
f 20532/2/6 20533/2/6 20558/2/6
f 20558/2/6 20533/2/6 20559/2/6
f 20534/3/6 20535/3/6 20560/3/6
f 20560/3/6 20535/3/6 20561/3/6
f 20536/2/6 20537/2/6 20562/2/6
f 20562/2/6 20537/2/6 20563/2/6
f 20538/2/6 20539/2/6 20564/2/6
f 20564/2/6 20539/2/6 20565/2/6
f 20540/2/6 20541/2/6 20566/2/6
f 20566/2/6 20541/2/6 20567/2/6
f 20542/2/6 20543/2/6 20568/2/6
f 20568/2/6 20543/2/6 20569/2/6
f 20544/2/6 20545/2/6 20570/2/6
f 20570/2/6 20545/2/6 20571/2/6
f 20546/2/6 20547/2/6 20572/2/6
f 20572/2/6 20547/2/6 20573/2/6
f 20548/2/6 20549/2/6 20574/2/6
f 20574/2/6 20549/2/6 20575/2/6
f 20550/2/6 20551/2/6 20576/2/6
f 20576/2/6 20551/2/6 20577/2/6
f 20552/2/6 20553/2/6 20578/2/6
f 20578/2/6 20553/2/6 20579/2/6
f 20580/2/6 20581/2/6 20606/2/6
f 20606/2/6 20581/2/6 20607/2/6
f 20582/3/6 20583/3/6 20608/3/6
f 20608/3/6 20583/3/6 20609/3/6
f 20584/2/6 20585/2/6 20610/2/6
f 20610/2/6 20585/2/6 20611/2/6
f 20586/3/6 20587/3/6 20612/3/6
f 20612/3/6 20587/3/6 20613/3/6
f 20588/2/6 20589/2/6 20614/2/6
f 20614/2/6 20589/2/6 20615/2/6
f 20590/2/6 20591/2/6 20616/2/6
f 20616/2/6 20591/2/6 20617/2/6
f 20592/2/6 20593/2/6 20618/2/6
f 20618/2/6 20593/2/6 20619/2/6
f 20594/2/6 20595/2/6 20620/2/6
f 20620/2/6 20595/2/6 20621/2/6
f 20596/2/6 20597/2/6 20622/2/6
f 20622/2/6 20597/2/6 20623/2/6
f 20598/2/6 20599/2/6 20624/2/6
f 20624/2/6 20599/2/6 20625/2/6
f 20600/2/6 20601/2/6 20626/2/6
f 20626/2/6 20601/2/6 20627/2/6
f 20602/2/6 20603/2/6 20628/2/6
f 20628/2/6 20603/2/6 20629/2/6
f 20604/2/6 20605/2/6 20630/2/6
f 20630/2/6 20605/2/6 20631/2/6
f 20632/2/6 20633/2/6 20634/2/6
f 20634/2/6 20633/2/6 20635/2/6
f 20636/2/6 20637/2/6 20664/2/6
f 20664/2/6 20637/2/6 20665/2/6
f 20638/2/6 20639/2/6 20666/2/6
f 20666/2/6 20639/2/6 20667/2/6
f 20640/2/6 20641/2/6 20668/2/6
f 20668/2/6 20641/2/6 20669/2/6
f 20642/2/6 20643/2/6 20670/2/6
f 20670/2/6 20643/2/6 20671/2/6
f 20644/2/6 20645/2/6 20672/2/6
f 20672/2/6 20645/2/6 20673/2/6
f 20646/2/6 20647/2/6 20674/2/6
f 20674/2/6 20647/2/6 20675/2/6
f 20648/2/6 20649/2/6 20676/2/6
f 20676/2/6 20649/2/6 20677/2/6
f 20650/2/6 20651/2/6 20678/2/6
f 20678/2/6 20651/2/6 20679/2/6
f 20652/2/6 20653/2/6 20680/2/6
f 20680/2/6 20653/2/6 20681/2/6
f 20654/3/6 20655/3/6 20682/3/6
f 20682/3/6 20655/3/6 20683/3/6
f 20656/2/6 20657/2/6 20684/2/6
f 20684/2/6 20657/2/6 20685/2/6
f 20658/2/6 20659/2/6 20686/2/6
f 20686/2/6 20659/2/6 20687/2/6
f 20660/2/6 20661/2/6 20688/2/6
f 20688/2/6 20661/2/6 20689/2/6
f 20662/2/6 20663/2/6 20690/2/6
f 20690/2/6 20663/2/6 20691/2/6
f 20692/2/6 20693/2/6 20718/2/6
f 20718/2/6 20693/2/6 20719/2/6
f 20694/2/6 20695/2/6 20720/2/6
f 20720/2/6 20695/2/6 20721/2/6
f 20696/2/6 20697/2/6 20722/2/6
f 20722/2/6 20697/2/6 20723/2/6
f 20698/2/6 20699/2/6 20724/2/6
f 20724/2/6 20699/2/6 20725/2/6
f 20700/2/6 20701/2/6 20726/2/6
f 20726/2/6 20701/2/6 20727/2/6
f 20702/2/6 20703/2/6 20728/2/6
f 20728/2/6 20703/2/6 20729/2/6
f 20704/2/6 20705/2/6 20730/2/6
f 20730/2/6 20705/2/6 20731/2/6
f 20706/2/6 20707/2/6 20732/2/6
f 20732/2/6 20707/2/6 20733/2/6
f 20708/2/6 20709/2/6 20734/2/6
f 20734/2/6 20709/2/6 20735/2/6
f 20710/3/6 20711/3/6 20736/3/6
f 20736/3/6 20711/3/6 20737/3/6
f 20712/2/6 20713/2/6 20738/2/6
f 20738/2/6 20713/2/6 20739/2/6
f 20714/2/6 20715/2/6 20740/2/6
f 20740/2/6 20715/2/6 20741/2/6
f 20716/2/6 20717/2/6 20742/2/6
f 20742/2/6 20717/2/6 20743/2/6
f 20744/2/6 20745/2/6 20774/2/6
f 20774/2/6 20745/2/6 20775/2/6
f 20746/4/6 20747/4/6 20776/4/6
f 20776/4/6 20747/4/6 20777/4/6
f 20748/2/6 20749/2/6 20778/2/6
f 20778/2/6 20749/2/6 20779/2/6
f 20750/2/6 20751/2/6 20780/2/6
f 20780/2/6 20751/2/6 20781/2/6
f 20752/2/6 20753/2/6 20782/2/6
f 20782/2/6 20753/2/6 20783/2/6
f 20754/3/6 20755/3/6 20784/3/6
f 20784/3/6 20755/3/6 20785/3/6
f 20756/2/6 20757/2/6 20786/2/6
f 20786/2/6 20757/2/6 20787/2/6
f 20758/2/6 20759/2/6 20788/2/6
f 20788/2/6 20759/2/6 20789/2/6
f 20760/2/6 20761/2/6 20790/2/6
f 20790/2/6 20761/2/6 20791/2/6
f 20762/2/6 20763/2/6 20792/2/6
f 20792/2/6 20763/2/6 20793/2/6
f 20764/2/6 20765/2/6 20794/2/6
f 20794/2/6 20765/2/6 20795/2/6
f 20766/2/6 20767/2/6 20796/2/6
f 20796/2/6 20767/2/6 20797/2/6
f 20768/2/6 20769/2/6 20798/2/6
f 20798/2/6 20769/2/6 20799/2/6
f 20770/2/6 20771/2/6 20800/2/6
f 20800/2/6 20771/2/6 20801/2/6
f 20772/2/6 20773/2/6 20802/2/6
f 20802/2/6 20773/2/6 20803/2/6
f 20804/2/6 20805/2/6 20834/2/6
f 20834/2/6 20805/2/6 20835/2/6
f 20806/4/6 20807/4/6 20836/4/6
f 20836/4/6 20807/4/6 20837/4/6
f 20808/2/6 20809/2/6 20838/2/6
f 20838/2/6 20809/2/6 20839/2/6
f 20810/2/6 20811/2/6 20840/2/6
f 20840/2/6 20811/2/6 20841/2/6
f 20812/2/6 20813/2/6 20842/2/6
f 20842/2/6 20813/2/6 20843/2/6
f 20814/3/6 20815/3/6 20844/3/6
f 20844/3/6 20815/3/6 20845/3/6
f 20816/2/6 20817/2/6 20846/2/6
f 20846/2/6 20817/2/6 20847/2/6
f 20818/2/6 20819/2/6 20848/2/6
f 20848/2/6 20819/2/6 20849/2/6
f 20820/2/6 20821/2/6 20850/2/6
f 20850/2/6 20821/2/6 20851/2/6
f 20822/2/6 20823/2/6 20852/2/6
f 20852/2/6 20823/2/6 20853/2/6
f 20824/2/6 20825/2/6 20854/2/6
f 20854/2/6 20825/2/6 20855/2/6
f 20826/2/6 20827/2/6 20856/2/6
f 20856/2/6 20827/2/6 20857/2/6
f 20828/2/6 20829/2/6 20858/2/6
f 20858/2/6 20829/2/6 20859/2/6
f 20830/2/6 20831/2/6 20860/2/6
f 20860/2/6 20831/2/6 20861/2/6
f 20832/2/6 20833/2/6 20862/2/6
f 20862/2/6 20833/2/6 20863/2/6
f 20864/2/6 20865/2/6 20866/2/6
f 20866/2/6 20865/2/6 20867/2/6
f 20868/2/6 20869/2/6 20870/2/6
f 20870/2/6 20869/2/6 20871/2/6
f 20872/3/6 20873/3/6 20898/3/6
f 20898/3/6 20873/3/6 20899/3/6
f 20874/2/6 20875/2/6 20900/2/6
f 20900/2/6 20875/2/6 20901/2/6
f 20876/2/6 20877/2/6 20902/2/6
f 20902/2/6 20877/2/6 20903/2/6
f 20878/2/6 20879/2/6 20904/2/6
f 20904/2/6 20879/2/6 20905/2/6
f 20880/2/6 20881/2/6 20906/2/6
f 20906/2/6 20881/2/6 20907/2/6
f 20882/2/6 20883/2/6 20908/2/6
f 20908/2/6 20883/2/6 20909/2/6
f 20884/2/6 20885/2/6 20910/2/6
f 20910/2/6 20885/2/6 20911/2/6
f 20886/2/6 20887/2/6 20912/2/6
f 20912/2/6 20887/2/6 20913/2/6
f 20888/2/6 20889/2/6 20914/2/6
f 20914/2/6 20889/2/6 20915/2/6
f 20890/2/6 20891/2/6 20916/2/6
f 20916/2/6 20891/2/6 20917/2/6
f 20892/2/6 20893/2/6 20918/2/6
f 20918/2/6 20893/2/6 20919/2/6
f 20894/2/6 20895/2/6 20920/2/6
f 20920/2/6 20895/2/6 20921/2/6
f 20896/2/6 20897/2/6 20922/2/6
f 20922/2/6 20897/2/6 20923/2/6
f 20924/3/6 20925/3/6 20950/3/6
f 20950/3/6 20925/3/6 20951/3/6
f 20926/2/6 20927/2/6 20952/2/6
f 20952/2/6 20927/2/6 20953/2/6
f 20928/2/6 20929/2/6 20954/2/6
f 20954/2/6 20929/2/6 20955/2/6
f 20930/2/6 20931/2/6 20956/2/6
f 20956/2/6 20931/2/6 20957/2/6
f 20932/2/6 20933/2/6 20958/2/6
f 20958/2/6 20933/2/6 20959/2/6
f 20934/2/6 20935/2/6 20960/2/6
f 20960/2/6 20935/2/6 20961/2/6
f 20936/2/6 20937/2/6 20962/2/6
f 20962/2/6 20937/2/6 20963/2/6
f 20938/2/6 20939/2/6 20964/2/6
f 20964/2/6 20939/2/6 20965/2/6
f 20940/2/6 20941/2/6 20966/2/6
f 20966/2/6 20941/2/6 20967/2/6
f 20942/2/6 20943/2/6 20968/2/6
f 20968/2/6 20943/2/6 20969/2/6
f 20944/2/6 20945/2/6 20970/2/6
f 20970/2/6 20945/2/6 20971/2/6
f 20946/2/6 20947/2/6 20972/2/6
f 20972/2/6 20947/2/6 20973/2/6
f 20948/2/6 20949/2/6 20974/2/6
f 20974/2/6 20949/2/6 20975/2/6
f 20976/2/6 20977/2/6 20978/2/6
f 20978/2/6 20977/2/6 20979/2/6
f 20980/2/6 20981/2/6 20982/2/6
f 20982/2/6 20981/2/6 20983/2/6
f 20984/2/6 20985/2/6 21012/2/6
f 21012/2/6 20985/2/6 21013/2/6
f 20986/2/6 20987/2/6 21014/2/6
f 21014/2/6 20987/2/6 21015/2/6
f 20988/2/6 20989/2/6 21016/2/6
f 21016/2/6 20989/2/6 21017/2/6
f 20990/2/6 20991/2/6 21018/2/6
f 21018/2/6 20991/2/6 21019/2/6
f 20992/2/6 20993/2/6 21020/2/6
f 21020/2/6 20993/2/6 21021/2/6
f 20994/2/6 20995/2/6 21022/2/6
f 21022/2/6 20995/2/6 21023/2/6
f 20996/3/6 20997/3/6 21024/3/6
f 21024/3/6 20997/3/6 21025/3/6
f 20998/4/6 20999/4/6 21026/4/6
f 21026/4/6 20999/4/6 21027/4/6
f 21000/2/6 21001/2/6 21028/2/6
f 21028/2/6 21001/2/6 21029/2/6
f 21002/3/6 21003/3/6 21030/3/6
f 21030/3/6 21003/3/6 21031/3/6
f 21004/2/6 21005/2/6 21032/2/6
f 21032/2/6 21005/2/6 21033/2/6
f 21006/2/6 21007/2/6 21034/2/6
f 21034/2/6 21007/2/6 21035/2/6
f 21008/2/6 21009/2/6 21036/2/6
f 21036/2/6 21009/2/6 21037/2/6
f 21010/2/6 21011/2/6 21038/2/6
f 21038/2/6 21011/2/6 21039/2/6
f 21040/2/6 21041/2/6 21068/2/6
f 21068/2/6 21041/2/6 21069/2/6
f 21042/2/6 21043/2/6 21070/2/6
f 21070/2/6 21043/2/6 21071/2/6
f 21044/2/6 21045/2/6 21072/2/6
f 21072/2/6 21045/2/6 21073/2/6
f 21046/2/6 21047/2/6 21074/2/6
f 21074/2/6 21047/2/6 21075/2/6
f 21048/2/6 21049/2/6 21076/2/6
f 21076/2/6 21049/2/6 21077/2/6
f 21050/2/6 21051/2/6 21078/2/6
f 21078/2/6 21051/2/6 21079/2/6
f 21052/3/6 21053/3/6 21080/3/6
f 21080/3/6 21053/3/6 21081/3/6
f 21054/4/6 21055/4/6 21082/4/6
f 21082/4/6 21055/4/6 21083/4/6
f 21056/2/6 21057/2/6 21084/2/6
f 21084/2/6 21057/2/6 21085/2/6
f 21058/3/6 21059/3/6 21086/3/6
f 21086/3/6 21059/3/6 21087/3/6
f 21060/2/6 21061/2/6 21088/2/6
f 21088/2/6 21061/2/6 21089/2/6
f 21062/2/6 21063/2/6 21090/2/6
f 21090/2/6 21063/2/6 21091/2/6
f 21064/2/6 21065/2/6 21092/2/6
f 21092/2/6 21065/2/6 21093/2/6
f 21066/2/6 21067/2/6 21094/2/6
f 21094/2/6 21067/2/6 21095/2/6
f 21096/2/6 21097/2/6 21100/2/6
f 21100/2/6 21097/2/6 21101/2/6
f 21098/2/6 21099/2/6 21102/2/6
f 21102/2/6 21099/2/6 21103/2/6
f 21104/2/6 21105/2/6 21108/2/6
f 21108/2/6 21105/2/6 21109/2/6
f 21106/2/6 21107/2/6 21110/2/6
f 21110/2/6 21107/2/6 21111/2/6
f 21112/2/6 21113/2/6 21138/2/6
f 21138/2/6 21113/2/6 21139/2/6
f 21114/2/6 21115/2/6 21140/2/6
f 21140/2/6 21115/2/6 21141/2/6
f 21116/2/6 21117/2/6 21142/2/6
f 21142/2/6 21117/2/6 21143/2/6
f 21118/3/6 21119/3/6 21144/3/6
f 21144/3/6 21119/3/6 21145/3/6
f 21120/2/6 21121/2/6 21146/2/6
f 21146/2/6 21121/2/6 21147/2/6
f 21122/2/6 21123/2/6 21148/2/6
f 21148/2/6 21123/2/6 21149/2/6
f 21124/2/6 21125/2/6 21150/2/6
f 21150/2/6 21125/2/6 21151/2/6
f 21126/2/6 21127/2/6 21152/2/6
f 21152/2/6 21127/2/6 21153/2/6
f 21128/2/6 21129/2/6 21154/2/6
f 21154/2/6 21129/2/6 21155/2/6
f 21130/2/6 21131/2/6 21156/2/6
f 21156/2/6 21131/2/6 21157/2/6
f 21132/2/6 21133/2/6 21158/2/6
f 21158/2/6 21133/2/6 21159/2/6
f 21134/2/6 21135/2/6 21160/2/6
f 21160/2/6 21135/2/6 21161/2/6
f 21136/2/6 21137/2/6 21162/2/6
f 21162/2/6 21137/2/6 21163/2/6
f 21164/2/6 21165/2/6 21190/2/6
f 21190/2/6 21165/2/6 21191/2/6
f 21166/2/6 21167/2/6 21192/2/6
f 21192/2/6 21167/2/6 21193/2/6
f 21168/2/6 21169/2/6 21194/2/6
f 21194/2/6 21169/2/6 21195/2/6
f 21170/3/6 21171/3/6 21196/3/6
f 21196/3/6 21171/3/6 21197/3/6
f 21172/2/6 21173/2/6 21198/2/6
f 21198/2/6 21173/2/6 21199/2/6
f 21174/2/6 21175/2/6 21200/2/6
f 21200/2/6 21175/2/6 21201/2/6
f 21176/2/6 21177/2/6 21202/2/6
f 21202/2/6 21177/2/6 21203/2/6
f 21178/2/6 21179/2/6 21204/2/6
f 21204/2/6 21179/2/6 21205/2/6
f 21180/2/6 21181/2/6 21206/2/6
f 21206/2/6 21181/2/6 21207/2/6
f 21182/2/6 21183/2/6 21208/2/6
f 21208/2/6 21183/2/6 21209/2/6
f 21184/2/6 21185/2/6 21210/2/6
f 21210/2/6 21185/2/6 21211/2/6
f 21186/2/6 21187/2/6 21212/2/6
f 21212/2/6 21187/2/6 21213/2/6
f 21188/2/6 21189/2/6 21214/2/6
f 21214/2/6 21189/2/6 21215/2/6
f 21216/2/6 21217/2/6 21220/2/6
f 21220/2/6 21217/2/6 21221/2/6
f 21218/2/6 21219/2/6 21222/2/6
f 21222/2/6 21219/2/6 21223/2/6
f 21224/2/6 21225/2/6 21228/2/6
f 21228/2/6 21225/2/6 21229/2/6
f 21226/2/6 21227/2/6 21230/2/6
f 21230/2/6 21227/2/6 21231/2/6
f 21232/2/6 21233/2/6 21258/2/6
f 21258/2/6 21233/2/6 21259/2/6
f 21234/2/6 21235/2/6 21260/2/6
f 21260/2/6 21235/2/6 21261/2/6
f 21236/3/6 21237/3/6 21262/3/6
f 21262/3/6 21237/3/6 21263/3/6
f 21238/2/6 21239/2/6 21264/2/6
f 21264/2/6 21239/2/6 21265/2/6
f 21240/2/6 21241/2/6 21266/2/6
f 21266/2/6 21241/2/6 21267/2/6
f 21242/2/6 21243/2/6 21268/2/6
f 21268/2/6 21243/2/6 21269/2/6
f 21244/2/6 21245/2/6 21270/2/6
f 21270/2/6 21245/2/6 21271/2/6
f 21246/2/6 21247/2/6 21272/2/6
f 21272/2/6 21247/2/6 21273/2/6
f 21248/2/6 21249/2/6 21274/2/6
f 21274/2/6 21249/2/6 21275/2/6
f 21250/2/6 21251/2/6 21276/2/6
f 21276/2/6 21251/2/6 21277/2/6
f 21252/2/6 21253/2/6 21278/2/6
f 21278/2/6 21253/2/6 21279/2/6
f 21254/2/6 21255/2/6 21280/2/6
f 21280/2/6 21255/2/6 21281/2/6
f 21256/2/6 21257/2/6 21282/2/6
f 21282/2/6 21257/2/6 21283/2/6
f 21284/2/6 21285/2/6 21310/2/6
f 21310/2/6 21285/2/6 21311/2/6
f 21286/2/6 21287/2/6 21312/2/6
f 21312/2/6 21287/2/6 21313/2/6
f 21288/3/6 21289/3/6 21314/3/6
f 21314/3/6 21289/3/6 21315/3/6
f 21290/2/6 21291/2/6 21316/2/6
f 21316/2/6 21291/2/6 21317/2/6
f 21292/2/6 21293/2/6 21318/2/6
f 21318/2/6 21293/2/6 21319/2/6
f 21294/2/6 21295/2/6 21320/2/6
f 21320/2/6 21295/2/6 21321/2/6
f 21296/2/6 21297/2/6 21322/2/6
f 21322/2/6 21297/2/6 21323/2/6
f 21298/2/6 21299/2/6 21324/2/6
f 21324/2/6 21299/2/6 21325/2/6
f 21300/2/6 21301/2/6 21326/2/6
f 21326/2/6 21301/2/6 21327/2/6
f 21302/2/6 21303/2/6 21328/2/6
f 21328/2/6 21303/2/6 21329/2/6
f 21304/2/6 21305/2/6 21330/2/6
f 21330/2/6 21305/2/6 21331/2/6
f 21306/2/6 21307/2/6 21332/2/6
f 21332/2/6 21307/2/6 21333/2/6
f 21308/2/6 21309/2/6 21334/2/6
f 21334/2/6 21309/2/6 21335/2/6
f 21336/2/6 21337/2/6 21338/2/6
f 21338/2/6 21337/2/6 21339/2/6
f 21340/2/6 21341/2/6 21342/2/6
f 21342/2/6 21341/2/6 21343/2/6
f 21344/2/6 21345/2/6 21370/2/6
f 21370/2/6 21345/2/6 21371/2/6
f 21346/4/6 21347/4/6 21372/4/6
f 21372/4/6 21347/4/6 21373/4/6
f 21348/2/6 21349/2/6 21374/2/6
f 21374/2/6 21349/2/6 21375/2/6
f 21350/2/6 21351/2/6 21376/2/6
f 21376/2/6 21351/2/6 21377/2/6
f 21352/2/6 21353/2/6 21378/2/6
f 21378/2/6 21353/2/6 21379/2/6
f 21354/2/6 21355/2/6 21380/2/6
f 21380/2/6 21355/2/6 21381/2/6
f 21356/2/6 21357/2/6 21382/2/6
f 21382/2/6 21357/2/6 21383/2/6
f 21358/2/6 21359/2/6 21384/2/6
f 21384/2/6 21359/2/6 21385/2/6
f 21360/2/6 21361/2/6 21386/2/6
f 21386/2/6 21361/2/6 21387/2/6
f 21362/2/6 21363/2/6 21388/2/6
f 21388/2/6 21363/2/6 21389/2/6
f 21364/2/6 21365/2/6 21390/2/6
f 21390/2/6 21365/2/6 21391/2/6
f 21366/2/6 21367/2/6 21392/2/6
f 21392/2/6 21367/2/6 21393/2/6
f 21368/2/6 21369/2/6 21394/2/6
f 21394/2/6 21369/2/6 21395/2/6
f 21396/2/6 21397/2/6 21422/2/6
f 21422/2/6 21397/2/6 21423/2/6
f 21398/4/6 21399/4/6 21424/4/6
f 21424/4/6 21399/4/6 21425/4/6
f 21400/2/6 21401/2/6 21426/2/6
f 21426/2/6 21401/2/6 21427/2/6
f 21402/2/6 21403/2/6 21428/2/6
f 21428/2/6 21403/2/6 21429/2/6
f 21404/2/6 21405/2/6 21430/2/6
f 21430/2/6 21405/2/6 21431/2/6
f 21406/2/6 21407/2/6 21432/2/6
f 21432/2/6 21407/2/6 21433/2/6
f 21408/2/6 21409/2/6 21434/2/6
f 21434/2/6 21409/2/6 21435/2/6
f 21410/2/6 21411/2/6 21436/2/6
f 21436/2/6 21411/2/6 21437/2/6
f 21412/2/6 21413/2/6 21438/2/6
f 21438/2/6 21413/2/6 21439/2/6
f 21414/2/6 21415/2/6 21440/2/6
f 21440/2/6 21415/2/6 21441/2/6
f 21416/2/6 21417/2/6 21442/2/6
f 21442/2/6 21417/2/6 21443/2/6
f 21418/2/6 21419/2/6 21444/2/6
f 21444/2/6 21419/2/6 21445/2/6
f 21420/2/6 21421/2/6 21446/2/6
f 21446/2/6 21421/2/6 21447/2/6
f 21448/1/6 21449/1/6 21450/1/6
f 21450/1/6 21449/1/6 21451/1/6
f 21452/2/6 21453/2/6 21480/2/6
f 21480/2/6 21453/2/6 21481/2/6
f 21454/2/6 21455/2/6 21482/2/6
f 21482/2/6 21455/2/6 21483/2/6
f 21456/2/6 21457/2/6 21484/2/6
f 21484/2/6 21457/2/6 21485/2/6
f 21458/3/6 21459/3/6 21486/3/6
f 21486/3/6 21459/3/6 21487/3/6
f 21460/2/6 21461/2/6 21488/2/6
f 21488/2/6 21461/2/6 21489/2/6
f 21462/2/6 21463/2/6 21490/2/6
f 21490/2/6 21463/2/6 21491/2/6
f 21464/3/6 21465/3/6 21492/3/6
f 21492/3/6 21465/3/6 21493/3/6
f 21466/2/6 21467/2/6 21494/2/6
f 21494/2/6 21467/2/6 21495/2/6
f 21468/2/6 21469/2/6 21496/2/6
f 21496/2/6 21469/2/6 21497/2/6
f 21470/2/6 21471/2/6 21498/2/6
f 21498/2/6 21471/2/6 21499/2/6
f 21472/2/6 21473/2/6 21500/2/6
f 21500/2/6 21473/2/6 21501/2/6
f 21474/2/6 21475/2/6 21502/2/6
f 21502/2/6 21475/2/6 21503/2/6
f 21476/2/6 21477/2/6 21504/2/6
f 21504/2/6 21477/2/6 21505/2/6
f 21478/2/6 21479/2/6 21506/2/6
f 21506/2/6 21479/2/6 21507/2/6
f 21508/2/6 21509/2/6 21536/2/6
f 21536/2/6 21509/2/6 21537/2/6
f 21510/2/6 21511/2/6 21538/2/6
f 21538/2/6 21511/2/6 21539/2/6
f 21512/2/6 21513/2/6 21540/2/6
f 21540/2/6 21513/2/6 21541/2/6
f 21514/3/6 21515/3/6 21542/3/6
f 21542/3/6 21515/3/6 21543/3/6
f 21516/2/6 21517/2/6 21544/2/6
f 21544/2/6 21517/2/6 21545/2/6
f 21518/2/6 21519/2/6 21546/2/6
f 21546/2/6 21519/2/6 21547/2/6
f 21520/3/6 21521/3/6 21548/3/6
f 21548/3/6 21521/3/6 21549/3/6
f 21522/2/6 21523/2/6 21550/2/6
f 21550/2/6 21523/2/6 21551/2/6
f 21524/2/6 21525/2/6 21552/2/6
f 21552/2/6 21525/2/6 21553/2/6
f 21526/2/6 21527/2/6 21554/2/6
f 21554/2/6 21527/2/6 21555/2/6
f 21528/2/6 21529/2/6 21556/2/6
f 21556/2/6 21529/2/6 21557/2/6
f 21530/2/6 21531/2/6 21558/2/6
f 21558/2/6 21531/2/6 21559/2/6
f 21532/2/6 21533/2/6 21560/2/6
f 21560/2/6 21533/2/6 21561/2/6
f 21534/2/6 21535/2/6 21562/2/6
f 21562/2/6 21535/2/6 21563/2/6
f 21564/2/6 21565/2/6 21592/2/6
f 21592/2/6 21565/2/6 21593/2/6
f 21566/2/6 21567/2/6 21594/2/6
f 21594/2/6 21567/2/6 21595/2/6
f 21568/2/6 21569/2/6 21596/2/6
f 21596/2/6 21569/2/6 21597/2/6
f 21570/2/6 21571/2/6 21598/2/6
f 21598/2/6 21571/2/6 21599/2/6
f 21572/2/6 21573/2/6 21600/2/6
f 21600/2/6 21573/2/6 21601/2/6
f 21574/2/6 21575/2/6 21602/2/6
f 21602/2/6 21575/2/6 21603/2/6
f 21576/2/6 21577/2/6 21604/2/6
f 21604/2/6 21577/2/6 21605/2/6
f 21578/3/6 21579/3/6 21606/3/6
f 21606/3/6 21579/3/6 21607/3/6
f 21580/4/6 21581/4/6 21608/4/6
f 21608/4/6 21581/4/6 21609/4/6
f 21582/2/6 21583/2/6 21610/2/6
f 21610/2/6 21583/2/6 21611/2/6
f 21584/2/6 21585/2/6 21612/2/6
f 21612/2/6 21585/2/6 21613/2/6
f 21586/2/6 21587/2/6 21614/2/6
f 21614/2/6 21587/2/6 21615/2/6
f 21588/3/6 21589/3/6 21616/3/6
f 21616/3/6 21589/3/6 21617/3/6
f 21590/2/6 21591/2/6 21618/2/6
f 21618/2/6 21591/2/6 21619/2/6
f 21620/2/6 21621/2/6 21648/2/6
f 21648/2/6 21621/2/6 21649/2/6
f 21622/2/6 21623/2/6 21650/2/6
f 21650/2/6 21623/2/6 21651/2/6
f 21624/2/6 21625/2/6 21652/2/6
f 21652/2/6 21625/2/6 21653/2/6
f 21626/2/6 21627/2/6 21654/2/6
f 21654/2/6 21627/2/6 21655/2/6
f 21628/2/6 21629/2/6 21656/2/6
f 21656/2/6 21629/2/6 21657/2/6
f 21630/2/6 21631/2/6 21658/2/6
f 21658/2/6 21631/2/6 21659/2/6
f 21632/2/6 21633/2/6 21660/2/6
f 21660/2/6 21633/2/6 21661/2/6
f 21634/3/6 21635/3/6 21662/3/6
f 21662/3/6 21635/3/6 21663/3/6
f 21636/4/6 21637/4/6 21664/4/6
f 21664/4/6 21637/4/6 21665/4/6
f 21638/2/6 21639/2/6 21666/2/6
f 21666/2/6 21639/2/6 21667/2/6
f 21640/2/6 21641/2/6 21668/2/6
f 21668/2/6 21641/2/6 21669/2/6
f 21642/2/6 21643/2/6 21670/2/6
f 21670/2/6 21643/2/6 21671/2/6
f 21644/3/6 21645/3/6 21672/3/6
f 21672/3/6 21645/3/6 21673/3/6
f 21646/2/6 21647/2/6 21674/2/6
f 21674/2/6 21647/2/6 21675/2/6
f 21676/2/6 21677/2/6 21704/2/6
f 21704/2/6 21677/2/6 21705/2/6
f 21678/2/6 21679/2/6 21706/2/6
f 21706/2/6 21679/2/6 21707/2/6
f 21680/3/6 21681/3/6 21708/3/6
f 21708/3/6 21681/3/6 21709/3/6
f 21682/2/6 21683/2/6 21710/2/6
f 21710/2/6 21683/2/6 21711/2/6
f 21684/2/6 21685/2/6 21712/2/6
f 21712/2/6 21685/2/6 21713/2/6
f 21686/2/6 21687/2/6 21714/2/6
f 21714/2/6 21687/2/6 21715/2/6
f 21688/2/6 21689/2/6 21716/2/6
f 21716/2/6 21689/2/6 21717/2/6
f 21690/2/6 21691/2/6 21718/2/6
f 21718/2/6 21691/2/6 21719/2/6
f 21692/2/6 21693/2/6 21720/2/6
f 21720/2/6 21693/2/6 21721/2/6
f 21694/2/6 21695/2/6 21722/2/6
f 21722/2/6 21695/2/6 21723/2/6
f 21696/2/6 21697/2/6 21724/2/6
f 21724/2/6 21697/2/6 21725/2/6
f 21698/2/6 21699/2/6 21726/2/6
f 21726/2/6 21699/2/6 21727/2/6
f 21700/2/6 21701/2/6 21728/2/6
f 21728/2/6 21701/2/6 21729/2/6
f 21702/2/6 21703/2/6 21730/2/6
f 21730/2/6 21703/2/6 21731/2/6
f 21732/2/6 21733/2/6 21760/2/6
f 21760/2/6 21733/2/6 21761/2/6
f 21734/2/6 21735/2/6 21762/2/6
f 21762/2/6 21735/2/6 21763/2/6
f 21736/3/6 21737/3/6 21764/3/6
f 21764/3/6 21737/3/6 21765/3/6
f 21738/2/6 21739/2/6 21766/2/6
f 21766/2/6 21739/2/6 21767/2/6
f 21740/2/6 21741/2/6 21768/2/6
f 21768/2/6 21741/2/6 21769/2/6
f 21742/2/6 21743/2/6 21770/2/6
f 21770/2/6 21743/2/6 21771/2/6
f 21744/2/6 21745/2/6 21772/2/6
f 21772/2/6 21745/2/6 21773/2/6
f 21746/2/6 21747/2/6 21774/2/6
f 21774/2/6 21747/2/6 21775/2/6
f 21748/2/6 21749/2/6 21776/2/6
f 21776/2/6 21749/2/6 21777/2/6
f 21750/2/6 21751/2/6 21778/2/6
f 21778/2/6 21751/2/6 21779/2/6
f 21752/2/6 21753/2/6 21780/2/6
f 21780/2/6 21753/2/6 21781/2/6
f 21754/2/6 21755/2/6 21782/2/6
f 21782/2/6 21755/2/6 21783/2/6
f 21756/2/6 21757/2/6 21784/2/6
f 21784/2/6 21757/2/6 21785/2/6
f 21758/2/6 21759/2/6 21786/2/6
f 21786/2/6 21759/2/6 21787/2/6
f 21788/2/6 21789/2/6 21816/2/6
f 21816/2/6 21789/2/6 21817/2/6
f 21790/3/6 21791/3/6 21818/3/6
f 21818/3/6 21791/3/6 21819/3/6
f 21792/2/6 21793/2/6 21820/2/6
f 21820/2/6 21793/2/6 21821/2/6
f 21794/2/6 21795/2/6 21822/2/6
f 21822/2/6 21795/2/6 21823/2/6
f 21796/2/6 21797/2/6 21824/2/6
f 21824/2/6 21797/2/6 21825/2/6
f 21798/2/6 21799/2/6 21826/2/6
f 21826/2/6 21799/2/6 21827/2/6
f 21800/2/6 21801/2/6 21828/2/6
f 21828/2/6 21801/2/6 21829/2/6
f 21802/3/6 21803/3/6 21830/3/6
f 21830/3/6 21803/3/6 21831/3/6
f 21804/2/6 21805/2/6 21832/2/6
f 21832/2/6 21805/2/6 21833/2/6
f 21806/2/6 21807/2/6 21834/2/6
f 21834/2/6 21807/2/6 21835/2/6
f 21808/3/6 21809/3/6 21836/3/6
f 21836/3/6 21809/3/6 21837/3/6
f 21810/2/6 21811/2/6 21838/2/6
f 21838/2/6 21811/2/6 21839/2/6
f 21812/4/6 21813/4/6 21840/4/6
f 21840/4/6 21813/4/6 21841/4/6
f 21814/2/6 21815/2/6 21842/2/6
f 21842/2/6 21815/2/6 21843/2/6
f 21844/2/6 21845/2/6 21872/2/6
f 21872/2/6 21845/2/6 21873/2/6
f 21846/3/6 21847/3/6 21874/3/6
f 21874/3/6 21847/3/6 21875/3/6
f 21848/2/6 21849/2/6 21876/2/6
f 21876/2/6 21849/2/6 21877/2/6
f 21850/2/6 21851/2/6 21878/2/6
f 21878/2/6 21851/2/6 21879/2/6
f 21852/2/6 21853/2/6 21880/2/6
f 21880/2/6 21853/2/6 21881/2/6
f 21854/2/6 21855/2/6 21882/2/6
f 21882/2/6 21855/2/6 21883/2/6
f 21856/2/6 21857/2/6 21884/2/6
f 21884/2/6 21857/2/6 21885/2/6
f 21858/3/6 21859/3/6 21886/3/6
f 21886/3/6 21859/3/6 21887/3/6
f 21860/2/6 21861/2/6 21888/2/6
f 21888/2/6 21861/2/6 21889/2/6
f 21862/2/6 21863/2/6 21890/2/6
f 21890/2/6 21863/2/6 21891/2/6
f 21864/3/6 21865/3/6 21892/3/6
f 21892/3/6 21865/3/6 21893/3/6
f 21866/2/6 21867/2/6 21894/2/6
f 21894/2/6 21867/2/6 21895/2/6
f 21868/4/6 21869/4/6 21896/4/6
f 21896/4/6 21869/4/6 21897/4/6
f 21870/2/6 21871/2/6 21898/2/6
f 21898/2/6 21871/2/6 21899/2/6
f 21900/2/6 21901/2/6 21924/2/6
f 21924/2/6 21901/2/6 21925/2/6
f 21902/2/6 21903/2/6 21926/2/6
f 21926/2/6 21903/2/6 21927/2/6
f 21904/2/6 21905/2/6 21928/2/6
f 21928/2/6 21905/2/6 21929/2/6
f 21906/2/6 21907/2/6 21930/2/6
f 21930/2/6 21907/2/6 21931/2/6
f 21908/2/6 21909/2/6 21932/2/6
f 21932/2/6 21909/2/6 21933/2/6
f 21910/2/6 21911/2/6 21934/2/6
f 21934/2/6 21911/2/6 21935/2/6
f 21912/2/6 21913/2/6 21936/2/6
f 21936/2/6 21913/2/6 21937/2/6
f 21914/2/6 21915/2/6 21938/2/6
f 21938/2/6 21915/2/6 21939/2/6
f 21916/2/6 21917/2/6 21940/2/6
f 21940/2/6 21917/2/6 21941/2/6
f 21918/2/6 21919/2/6 21942/2/6
f 21942/2/6 21919/2/6 21943/2/6
f 21920/3/6 21921/3/6 21944/3/6
f 21944/3/6 21921/3/6 21945/3/6
f 21922/2/6 21923/2/6 21946/2/6
f 21946/2/6 21923/2/6 21947/2/6
f 21948/2/6 21949/2/6 21972/2/6
f 21972/2/6 21949/2/6 21973/2/6
f 21950/2/6 21951/2/6 21974/2/6
f 21974/2/6 21951/2/6 21975/2/6
f 21952/2/6 21953/2/6 21976/2/6
f 21976/2/6 21953/2/6 21977/2/6
f 21954/2/6 21955/2/6 21978/2/6
f 21978/2/6 21955/2/6 21979/2/6
f 21956/2/6 21957/2/6 21980/2/6
f 21980/2/6 21957/2/6 21981/2/6
f 21958/2/6 21959/2/6 21982/2/6
f 21982/2/6 21959/2/6 21983/2/6
f 21960/2/6 21961/2/6 21984/2/6
f 21984/2/6 21961/2/6 21985/2/6
f 21962/2/6 21963/2/6 21986/2/6
f 21986/2/6 21963/2/6 21987/2/6
f 21964/2/6 21965/2/6 21988/2/6
f 21988/2/6 21965/2/6 21989/2/6
f 21966/2/6 21967/2/6 21990/2/6
f 21990/2/6 21967/2/6 21991/2/6
f 21968/3/6 21969/3/6 21992/3/6
f 21992/3/6 21969/3/6 21993/3/6
f 21970/2/6 21971/2/6 21994/2/6
f 21994/2/6 21971/2/6 21995/2/6
f 21996/2/6 21997/2/6 21998/2/6
f 21998/2/6 21997/2/6 21999/2/6
f 22000/2/6 22001/2/6 22002/2/6
f 22002/2/6 22001/2/6 22003/2/6
f 22004/2/6 22005/2/6 22032/2/6
f 22032/2/6 22005/2/6 22033/2/6
f 22006/2/6 22007/2/6 22034/2/6
f 22034/2/6 22007/2/6 22035/2/6
f 22008/2/6 22009/2/6 22036/2/6
f 22036/2/6 22009/2/6 22037/2/6
f 22010/4/6 22011/4/6 22038/4/6
f 22038/4/6 22011/4/6 22039/4/6
f 22012/2/6 22013/2/6 22040/2/6
f 22040/2/6 22013/2/6 22041/2/6
f 22014/2/6 22015/2/6 22042/2/6
f 22042/2/6 22015/2/6 22043/2/6
f 22016/2/6 22017/2/6 22044/2/6
f 22044/2/6 22017/2/6 22045/2/6
f 22018/2/6 22019/2/6 22046/2/6
f 22046/2/6 22019/2/6 22047/2/6
f 22020/3/6 22021/3/6 22048/3/6
f 22048/3/6 22021/3/6 22049/3/6
f 22022/2/6 22023/2/6 22050/2/6
f 22050/2/6 22023/2/6 22051/2/6
f 22024/2/6 22025/2/6 22052/2/6
f 22052/2/6 22025/2/6 22053/2/6
f 22026/3/6 22027/3/6 22054/3/6
f 22054/3/6 22027/3/6 22055/3/6
f 22028/2/6 22029/2/6 22056/2/6
f 22056/2/6 22029/2/6 22057/2/6
f 22030/2/6 22031/2/6 22058/2/6
f 22058/2/6 22031/2/6 22059/2/6
f 22060/2/6 22061/2/6 22088/2/6
f 22088/2/6 22061/2/6 22089/2/6
f 22062/2/6 22063/2/6 22090/2/6
f 22090/2/6 22063/2/6 22091/2/6
f 22064/2/6 22065/2/6 22092/2/6
f 22092/2/6 22065/2/6 22093/2/6
f 22066/4/6 22067/4/6 22094/4/6
f 22094/4/6 22067/4/6 22095/4/6
f 22068/2/6 22069/2/6 22096/2/6
f 22096/2/6 22069/2/6 22097/2/6
f 22070/2/6 22071/2/6 22098/2/6
f 22098/2/6 22071/2/6 22099/2/6
f 22072/2/6 22073/2/6 22100/2/6
f 22100/2/6 22073/2/6 22101/2/6
f 22074/2/6 22075/2/6 22102/2/6
f 22102/2/6 22075/2/6 22103/2/6
f 22076/3/6 22077/3/6 22104/3/6
f 22104/3/6 22077/3/6 22105/3/6
f 22078/2/6 22079/2/6 22106/2/6
f 22106/2/6 22079/2/6 22107/2/6
f 22080/2/6 22081/2/6 22108/2/6
f 22108/2/6 22081/2/6 22109/2/6
f 22082/3/6 22083/3/6 22110/3/6
f 22110/3/6 22083/3/6 22111/3/6
f 22084/2/6 22085/2/6 22112/2/6
f 22112/2/6 22085/2/6 22113/2/6
f 22086/2/6 22087/2/6 22114/2/6
f 22114/2/6 22087/2/6 22115/2/6
f 22116/1/6 22117/1/6 22118/1/6
f 22118/1/6 22117/1/6 22119/1/6
f 22120/2/6 22121/2/6 22122/2/6
f 22122/2/6 22121/2/6 22123/2/6
f 22124/2/6 22125/2/6 22126/2/6
f 22126/2/6 22125/2/6 22127/2/6
f 22128/3/6 22129/3/6 22148/3/6
f 22148/3/6 22129/3/6 22149/3/6
f 22130/2/6 22131/2/6 22150/2/6
f 22150/2/6 22131/2/6 22151/2/6
f 22132/2/6 22133/2/6 22152/2/6
f 22152/2/6 22133/2/6 22153/2/6
f 22134/2/6 22135/2/6 22154/2/6
f 22154/2/6 22135/2/6 22155/2/6
f 22136/2/6 22137/2/6 22156/2/6
f 22156/2/6 22137/2/6 22157/2/6
f 22138/2/6 22139/2/6 22158/2/6
f 22158/2/6 22139/2/6 22159/2/6
f 22140/2/6 22141/2/6 22160/2/6
f 22160/2/6 22141/2/6 22161/2/6
f 22142/2/6 22143/2/6 22162/2/6
f 22162/2/6 22143/2/6 22163/2/6
f 22144/2/6 22145/2/6 22164/2/6
f 22164/2/6 22145/2/6 22165/2/6
f 22146/2/6 22147/2/6 22166/2/6
f 22166/2/6 22147/2/6 22167/2/6
f 22168/3/6 22169/3/6 22188/3/6
f 22188/3/6 22169/3/6 22189/3/6
f 22170/2/6 22171/2/6 22190/2/6
f 22190/2/6 22171/2/6 22191/2/6
f 22172/2/6 22173/2/6 22192/2/6
f 22192/2/6 22173/2/6 22193/2/6
f 22174/2/6 22175/2/6 22194/2/6
f 22194/2/6 22175/2/6 22195/2/6
f 22176/2/6 22177/2/6 22196/2/6
f 22196/2/6 22177/2/6 22197/2/6
f 22178/2/6 22179/2/6 22198/2/6
f 22198/2/6 22179/2/6 22199/2/6
f 22180/2/6 22181/2/6 22200/2/6
f 22200/2/6 22181/2/6 22201/2/6
f 22182/2/6 22183/2/6 22202/2/6
f 22202/2/6 22183/2/6 22203/2/6
f 22184/2/6 22185/2/6 22204/2/6
f 22204/2/6 22185/2/6 22205/2/6
f 22186/2/6 22187/2/6 22206/2/6
f 22206/2/6 22187/2/6 22207/2/6
f 22208/2/6 22209/2/6 22210/2/6
f 22210/2/6 22209/2/6 22211/2/6
f 22212/2/6 22213/2/6 22214/2/6
f 22214/2/6 22213/2/6 22215/2/6
f 22216/2/6 22217/2/6 22240/2/6
f 22240/2/6 22217/2/6 22241/2/6
f 22218/2/6 22219/2/6 22242/2/6
f 22242/2/6 22219/2/6 22243/2/6
f 22220/2/6 22221/2/6 22244/2/6
f 22244/2/6 22221/2/6 22245/2/6
f 22222/3/6 22223/3/6 22246/3/6
f 22246/3/6 22223/3/6 22247/3/6
f 22224/2/6 22225/2/6 22248/2/6
f 22248/2/6 22225/2/6 22249/2/6
f 22226/2/6 22227/2/6 22250/2/6
f 22250/2/6 22227/2/6 22251/2/6
f 22228/3/6 22229/3/6 22252/3/6
f 22252/3/6 22229/3/6 22253/3/6
f 22230/2/6 22231/2/6 22254/2/6
f 22254/2/6 22231/2/6 22255/2/6
f 22232/2/6 22233/2/6 22256/2/6
f 22256/2/6 22233/2/6 22257/2/6
f 22234/2/6 22235/2/6 22258/2/6
f 22258/2/6 22235/2/6 22259/2/6
f 22236/2/6 22237/2/6 22260/2/6
f 22260/2/6 22237/2/6 22261/2/6
f 22238/2/6 22239/2/6 22262/2/6
f 22262/2/6 22239/2/6 22263/2/6
f 22264/2/6 22265/2/6 22288/2/6
f 22288/2/6 22265/2/6 22289/2/6
f 22266/2/6 22267/2/6 22290/2/6
f 22290/2/6 22267/2/6 22291/2/6
f 22268/2/6 22269/2/6 22292/2/6
f 22292/2/6 22269/2/6 22293/2/6
f 22270/3/6 22271/3/6 22294/3/6
f 22294/3/6 22271/3/6 22295/3/6
f 22272/2/6 22273/2/6 22296/2/6
f 22296/2/6 22273/2/6 22297/2/6
f 22274/2/6 22275/2/6 22298/2/6
f 22298/2/6 22275/2/6 22299/2/6
f 22276/3/6 22277/3/6 22300/3/6
f 22300/3/6 22277/3/6 22301/3/6
f 22278/2/6 22279/2/6 22302/2/6
f 22302/2/6 22279/2/6 22303/2/6
f 22280/2/6 22281/2/6 22304/2/6
f 22304/2/6 22281/2/6 22305/2/6
f 22282/2/6 22283/2/6 22306/2/6
f 22306/2/6 22283/2/6 22307/2/6
f 22284/2/6 22285/2/6 22308/2/6
f 22308/2/6 22285/2/6 22309/2/6
f 22286/2/6 22287/2/6 22310/2/6
f 22310/2/6 22287/2/6 22311/2/6
f 22312/2/6 22313/2/6 22336/2/6
f 22336/2/6 22313/2/6 22337/2/6
f 22314/2/6 22315/2/6 22338/2/6
f 22338/2/6 22315/2/6 22339/2/6
f 22316/4/6 22317/4/6 22340/4/6
f 22340/4/6 22317/4/6 22341/4/6
f 22318/2/6 22319/2/6 22342/2/6
f 22342/2/6 22319/2/6 22343/2/6
f 22320/2/6 22321/2/6 22344/2/6
f 22344/2/6 22321/2/6 22345/2/6
f 22322/2/6 22323/2/6 22346/2/6
f 22346/2/6 22323/2/6 22347/2/6
f 22324/2/6 22325/2/6 22348/2/6
f 22348/2/6 22325/2/6 22349/2/6
f 22326/3/6 22327/3/6 22350/3/6
f 22350/3/6 22327/3/6 22351/3/6
f 22328/2/6 22329/2/6 22352/2/6
f 22352/2/6 22329/2/6 22353/2/6
f 22330/2/6 22331/2/6 22354/2/6
f 22354/2/6 22331/2/6 22355/2/6
f 22332/2/6 22333/2/6 22356/2/6
f 22356/2/6 22333/2/6 22357/2/6
f 22334/2/6 22335/2/6 22358/2/6
f 22358/2/6 22335/2/6 22359/2/6
f 22360/2/6 22361/2/6 22384/2/6
f 22384/2/6 22361/2/6 22385/2/6
f 22362/2/6 22363/2/6 22386/2/6
f 22386/2/6 22363/2/6 22387/2/6
f 22364/4/6 22365/4/6 22388/4/6
f 22388/4/6 22365/4/6 22389/4/6
f 22366/2/6 22367/2/6 22390/2/6
f 22390/2/6 22367/2/6 22391/2/6
f 22368/2/6 22369/2/6 22392/2/6
f 22392/2/6 22369/2/6 22393/2/6
f 22370/2/6 22371/2/6 22394/2/6
f 22394/2/6 22371/2/6 22395/2/6
f 22372/2/6 22373/2/6 22396/2/6
f 22396/2/6 22373/2/6 22397/2/6
f 22374/3/6 22375/3/6 22398/3/6
f 22398/3/6 22375/3/6 22399/3/6
f 22376/2/6 22377/2/6 22400/2/6
f 22400/2/6 22377/2/6 22401/2/6
f 22378/2/6 22379/2/6 22402/2/6
f 22402/2/6 22379/2/6 22403/2/6
f 22380/2/6 22381/2/6 22404/2/6
f 22404/2/6 22381/2/6 22405/2/6
f 22382/2/6 22383/2/6 22406/2/6
f 22406/2/6 22383/2/6 22407/2/6
f 22408/1/6 22409/1/6 22410/1/6
f 22410/1/6 22409/1/6 22411/1/6
f 22412/4/6 22413/4/6 22436/4/6
f 22436/4/6 22413/4/6 22437/4/6
f 22414/2/6 22415/2/6 22438/2/6
f 22438/2/6 22415/2/6 22439/2/6
f 22416/2/6 22417/2/6 22440/2/6
f 22440/2/6 22417/2/6 22441/2/6
f 22418/3/6 22419/3/6 22442/3/6
f 22442/3/6 22419/3/6 22443/3/6
f 22420/3/6 22421/3/6 22444/3/6
f 22444/3/6 22421/3/6 22445/3/6
f 22422/2/6 22423/2/6 22446/2/6
f 22446/2/6 22423/2/6 22447/2/6
f 22424/2/6 22425/2/6 22448/2/6
f 22448/2/6 22425/2/6 22449/2/6
f 22426/2/6 22427/2/6 22450/2/6
f 22450/2/6 22427/2/6 22451/2/6
f 22428/2/6 22429/2/6 22452/2/6
f 22452/2/6 22429/2/6 22453/2/6
f 22430/2/6 22431/2/6 22454/2/6
f 22454/2/6 22431/2/6 22455/2/6
f 22432/2/6 22433/2/6 22456/2/6
f 22456/2/6 22433/2/6 22457/2/6
f 22434/2/6 22435/2/6 22458/2/6
f 22458/2/6 22435/2/6 22459/2/6
f 22460/4/6 22461/4/6 22484/4/6
f 22484/4/6 22461/4/6 22485/4/6
f 22462/2/6 22463/2/6 22486/2/6
f 22486/2/6 22463/2/6 22487/2/6
f 22464/2/6 22465/2/6 22488/2/6
f 22488/2/6 22465/2/6 22489/2/6
f 22466/3/6 22467/3/6 22490/3/6
f 22490/3/6 22467/3/6 22491/3/6
f 22468/3/6 22469/3/6 22492/3/6
f 22492/3/6 22469/3/6 22493/3/6
f 22470/2/6 22471/2/6 22494/2/6
f 22494/2/6 22471/2/6 22495/2/6
f 22472/2/6 22473/2/6 22496/2/6
f 22496/2/6 22473/2/6 22497/2/6
f 22474/2/6 22475/2/6 22498/2/6
f 22498/2/6 22475/2/6 22499/2/6
f 22476/2/6 22477/2/6 22500/2/6
f 22500/2/6 22477/2/6 22501/2/6
f 22478/2/6 22479/2/6 22502/2/6
f 22502/2/6 22479/2/6 22503/2/6
f 22480/2/6 22481/2/6 22504/2/6
f 22504/2/6 22481/2/6 22505/2/6
f 22482/2/6 22483/2/6 22506/2/6
f 22506/2/6 22483/2/6 22507/2/6
f 22508/2/6 22509/2/6 22536/2/6
f 22536/2/6 22509/2/6 22537/2/6
f 22510/2/6 22511/2/6 22538/2/6
f 22538/2/6 22511/2/6 22539/2/6
f 22512/3/6 22513/3/6 22540/3/6
f 22540/3/6 22513/3/6 22541/3/6
f 22514/2/6 22515/2/6 22542/2/6
f 22542/2/6 22515/2/6 22543/2/6
f 22516/2/6 22517/2/6 22544/2/6
f 22544/2/6 22517/2/6 22545/2/6
f 22518/4/6 22519/4/6 22546/4/6
f 22546/4/6 22519/4/6 22547/4/6
f 22520/2/6 22521/2/6 22548/2/6
f 22548/2/6 22521/2/6 22549/2/6
f 22522/2/6 22523/2/6 22550/2/6
f 22550/2/6 22523/2/6 22551/2/6
f 22524/3/6 22525/3/6 22552/3/6
f 22552/3/6 22525/3/6 22553/3/6
f 22526/3/6 22527/3/6 22554/3/6
f 22554/3/6 22527/3/6 22555/3/6
f 22528/2/6 22529/2/6 22556/2/6
f 22556/2/6 22529/2/6 22557/2/6
f 22530/3/6 22531/3/6 22558/3/6
f 22558/3/6 22531/3/6 22559/3/6
f 22532/2/6 22533/2/6 22560/2/6
f 22560/2/6 22533/2/6 22561/2/6
f 22534/2/6 22535/2/6 22562/2/6
f 22562/2/6 22535/2/6 22563/2/6
f 22564/2/6 22565/2/6 22592/2/6
f 22592/2/6 22565/2/6 22593/2/6
f 22566/2/6 22567/2/6 22594/2/6
f 22594/2/6 22567/2/6 22595/2/6
f 22568/3/6 22569/3/6 22596/3/6
f 22596/3/6 22569/3/6 22597/3/6
f 22570/2/6 22571/2/6 22598/2/6
f 22598/2/6 22571/2/6 22599/2/6
f 22572/2/6 22573/2/6 22600/2/6
f 22600/2/6 22573/2/6 22601/2/6
f 22574/4/6 22575/4/6 22602/4/6
f 22602/4/6 22575/4/6 22603/4/6
f 22576/2/6 22577/2/6 22604/2/6
f 22604/2/6 22577/2/6 22605/2/6
f 22578/2/6 22579/2/6 22606/2/6
f 22606/2/6 22579/2/6 22607/2/6
f 22580/3/6 22581/3/6 22608/3/6
f 22608/3/6 22581/3/6 22609/3/6
f 22582/3/6 22583/3/6 22610/3/6
f 22610/3/6 22583/3/6 22611/3/6
f 22584/2/6 22585/2/6 22612/2/6
f 22612/2/6 22585/2/6 22613/2/6
f 22586/3/6 22587/3/6 22614/3/6
f 22614/3/6 22587/3/6 22615/3/6
f 22588/2/6 22589/2/6 22616/2/6
f 22616/2/6 22589/2/6 22617/2/6
f 22590/2/6 22591/2/6 22618/2/6
f 22618/2/6 22591/2/6 22619/2/6
f 22620/2/6 22621/2/6 22644/2/6
f 22644/2/6 22621/2/6 22645/2/6
f 22622/2/6 22623/2/6 22646/2/6
f 22646/2/6 22623/2/6 22647/2/6
f 22624/3/6 22625/3/6 22648/3/6
f 22648/3/6 22625/3/6 22649/3/6
f 22626/2/6 22627/2/6 22650/2/6
f 22650/2/6 22627/2/6 22651/2/6
f 22628/2/6 22629/2/6 22652/2/6
f 22652/2/6 22629/2/6 22653/2/6
f 22630/2/6 22631/2/6 22654/2/6
f 22654/2/6 22631/2/6 22655/2/6
f 22632/2/6 22633/2/6 22656/2/6
f 22656/2/6 22633/2/6 22657/2/6
f 22634/2/6 22635/2/6 22658/2/6
f 22658/2/6 22635/2/6 22659/2/6
f 22636/2/6 22637/2/6 22660/2/6
f 22660/2/6 22637/2/6 22661/2/6
f 22638/2/6 22639/2/6 22662/2/6
f 22662/2/6 22639/2/6 22663/2/6
f 22640/2/6 22641/2/6 22664/2/6
f 22664/2/6 22641/2/6 22665/2/6
f 22642/2/6 22643/2/6 22666/2/6
f 22666/2/6 22643/2/6 22667/2/6
f 22668/2/6 22669/2/6 22692/2/6
f 22692/2/6 22669/2/6 22693/2/6
f 22670/2/6 22671/2/6 22694/2/6
f 22694/2/6 22671/2/6 22695/2/6
f 22672/3/6 22673/3/6 22696/3/6
f 22696/3/6 22673/3/6 22697/3/6
f 22674/2/6 22675/2/6 22698/2/6
f 22698/2/6 22675/2/6 22699/2/6
f 22676/2/6 22677/2/6 22700/2/6
f 22700/2/6 22677/2/6 22701/2/6
f 22678/2/6 22679/2/6 22702/2/6
f 22702/2/6 22679/2/6 22703/2/6
f 22680/2/6 22681/2/6 22704/2/6
f 22704/2/6 22681/2/6 22705/2/6
f 22682/2/6 22683/2/6 22706/2/6
f 22706/2/6 22683/2/6 22707/2/6
f 22684/2/6 22685/2/6 22708/2/6
f 22708/2/6 22685/2/6 22709/2/6
f 22686/2/6 22687/2/6 22710/2/6
f 22710/2/6 22687/2/6 22711/2/6
f 22688/2/6 22689/2/6 22712/2/6
f 22712/2/6 22689/2/6 22713/2/6
f 22690/2/6 22691/2/6 22714/2/6
f 22714/2/6 22691/2/6 22715/2/6
f 22716/2/6 22717/2/6 22742/2/6
f 22742/2/6 22717/2/6 22743/2/6
f 22718/3/6 22719/3/6 22744/3/6
f 22744/3/6 22719/3/6 22745/3/6
f 22720/2/6 22721/2/6 22746/2/6
f 22746/2/6 22721/2/6 22747/2/6
f 22722/2/6 22723/2/6 22748/2/6
f 22748/2/6 22723/2/6 22749/2/6
f 22724/2/6 22725/2/6 22750/2/6
f 22750/2/6 22725/2/6 22751/2/6
f 22726/2/6 22727/2/6 22752/2/6
f 22752/2/6 22727/2/6 22753/2/6
f 22728/2/6 22729/2/6 22754/2/6
f 22754/2/6 22729/2/6 22755/2/6
f 22730/4/6 22731/4/6 22756/4/6
f 22756/4/6 22731/4/6 22757/4/6
f 22732/2/6 22733/2/6 22758/2/6
f 22758/2/6 22733/2/6 22759/2/6
f 22734/2/6 22735/2/6 22760/2/6
f 22760/2/6 22735/2/6 22761/2/6
f 22736/2/6 22737/2/6 22762/2/6
f 22762/2/6 22737/2/6 22763/2/6
f 22738/2/6 22739/2/6 22764/2/6
f 22764/2/6 22739/2/6 22765/2/6
f 22740/2/6 22741/2/6 22766/2/6
f 22766/2/6 22741/2/6 22767/2/6
f 22768/2/6 22769/2/6 22794/2/6
f 22794/2/6 22769/2/6 22795/2/6
f 22770/3/6 22771/3/6 22796/3/6
f 22796/3/6 22771/3/6 22797/3/6
f 22772/2/6 22773/2/6 22798/2/6
f 22798/2/6 22773/2/6 22799/2/6
f 22774/2/6 22775/2/6 22800/2/6
f 22800/2/6 22775/2/6 22801/2/6
f 22776/2/6 22777/2/6 22802/2/6
f 22802/2/6 22777/2/6 22803/2/6
f 22778/2/6 22779/2/6 22804/2/6
f 22804/2/6 22779/2/6 22805/2/6
f 22780/2/6 22781/2/6 22806/2/6
f 22806/2/6 22781/2/6 22807/2/6
f 22782/4/6 22783/4/6 22808/4/6
f 22808/4/6 22783/4/6 22809/4/6
f 22784/2/6 22785/2/6 22810/2/6
f 22810/2/6 22785/2/6 22811/2/6
f 22786/2/6 22787/2/6 22812/2/6
f 22812/2/6 22787/2/6 22813/2/6
f 22788/2/6 22789/2/6 22814/2/6
f 22814/2/6 22789/2/6 22815/2/6
f 22790/2/6 22791/2/6 22816/2/6
f 22816/2/6 22791/2/6 22817/2/6
f 22792/2/6 22793/2/6 22818/2/6
f 22818/2/6 22793/2/6 22819/2/6
f 22820/1/6 22821/1/6 22822/1/6
f 22822/1/6 22821/1/6 22823/1/6
