# MagicaVoxel @ Ephtracy

# group
o stairs-industrial-metal

# material
mtllib components-3-stairs-industrial-metal.mtl
usemtl palette

# normals
vn -1 0 0
vn 1 0 0
vn 0 0 1
vn 0 0 -1
vn 0 -1 0
vn 0 1 0

# texcoords
vt 0.501953 0.5
vt 0.513672 0.5

# verts
v -4.1 0 23.6
v -4.1 0 23.5
v -4.1 0 22.2
v -4.1 0 22.1
v -4.1 0.2 23.6
v -4.1 0.2 23.5
v -4.1 0.2 22.2
v -4.1 0.2 22.1
v -4 0.2 23.6
v -4 0.2 23.5
v -4 0.2 22.2
v -4 0.2 22.1
v -4 0.3 23.6
v -4 0.3 23.5
v -4 0.3 22.2
v -4 0.3 22.1
v -3.9 0.3 23.6
v -3.9 0.3 23.5
v -3.9 0.3 22.2
v -3.9 0.3 22.1
v -3.9 0.4 23.6
v -3.9 0.4 23.5
v -3.9 0.4 22.2
v -3.9 0.4 22.1
v -3.8 0.4 23.6
v -3.8 0.4 23.5
v -3.8 0.4 22.2
v -3.8 0.4 22.1
v -3.8 0.5 23.6
v -3.8 0.5 23.5
v -3.8 0.5 22.2
v -3.8 0.5 22.1
v -3.7 0.2 23.4
v -3.7 0.2 23.3
v -3.7 0.2 23.2
v -3.7 0.2 23.1
v -3.7 0.2 23
v -3.7 0.2 22.9
v -3.7 0.2 22.8
v -3.7 0.2 22.7
v -3.7 0.2 22.6
v -3.7 0.2 22.5
v -3.7 0.2 22.4
v -3.7 0.2 22.3
v -3.7 0.3 23.4
v -3.7 0.3 23.3
v -3.7 0.3 23.2
v -3.7 0.3 23.1
v -3.7 0.3 23
v -3.7 0.3 22.9
v -3.7 0.3 22.8
v -3.7 0.3 22.7
v -3.7 0.3 22.6
v -3.7 0.3 22.5
v -3.7 0.3 22.4
v -3.7 0.3 22.3
v -3.7 0.5 23.6
v -3.7 0.5 23.5
v -3.7 0.5 22.2
v -3.7 0.5 22.1
v -3.7 0.6 23.6
v -3.7 0.6 23.5
v -3.7 0.6 22.2
v -3.7 0.6 22.1
v -3.6 0.6 23.6
v -3.6 0.6 23.5
v -3.6 0.6 22.2
v -3.6 0.6 22.1
v -3.6 0.7 23.6
v -3.6 0.7 23.5
v -3.6 0.7 22.2
v -3.6 0.7 22.1
v -3.5 0.7 23.6
v -3.5 0.7 23.5
v -3.5 0.7 22.2
v -3.5 0.7 22.1
v -3.5 0.8 23.6
v -3.5 0.8 23.5
v -3.5 0.8 22.2
v -3.5 0.8 22.1
v -3.4 0.5 23.4
v -3.4 0.5 23.3
v -3.4 0.5 23.2
v -3.4 0.5 23.1
v -3.4 0.5 23
v -3.4 0.5 22.9
v -3.4 0.5 22.8
v -3.4 0.5 22.7
v -3.4 0.5 22.6
v -3.4 0.5 22.5
v -3.4 0.5 22.4
v -3.4 0.5 22.3
v -3.4 0.6 23.4
v -3.4 0.6 23.3
v -3.4 0.6 23.2
v -3.4 0.6 23.1
v -3.4 0.6 23
v -3.4 0.6 22.9
v -3.4 0.6 22.8
v -3.4 0.6 22.7
v -3.4 0.6 22.6
v -3.4 0.6 22.5
v -3.4 0.6 22.4
v -3.4 0.6 22.3
v -3.4 0.8 23.6
v -3.4 0.8 23.5
v -3.4 0.8 22.2
v -3.4 0.8 22.1
v -3.4 0.9 23.6
v -3.4 0.9 23.5
v -3.4 0.9 22.2
v -3.4 0.9 22.1
v -3.3 0.9 23.6
v -3.3 0.9 23.5
v -3.3 0.9 22.2
v -3.3 0.9 22.1
v -3.3 1 23.6
v -3.3 1 23.5
v -3.3 1 22.2
v -3.3 1 22.1
v -3.2 1 23.6
v -3.2 1 23.5
v -3.2 1 22.2
v -3.2 1 22.1
v -3.2 1.1 23.6
v -3.2 1.1 23.5
v -3.2 1.1 22.2
v -3.2 1.1 22.1
v -3.1 0.8 23.4
v -3.1 0.8 23.3
v -3.1 0.8 23.2
v -3.1 0.8 23.1
v -3.1 0.8 23
v -3.1 0.8 22.9
v -3.1 0.8 22.8
v -3.1 0.8 22.7
v -3.1 0.8 22.6
v -3.1 0.8 22.5
v -3.1 0.8 22.4
v -3.1 0.8 22.3
v -3.1 0.9 23.4
v -3.1 0.9 23.3
v -3.1 0.9 23.2
v -3.1 0.9 23.1
v -3.1 0.9 23
v -3.1 0.9 22.9
v -3.1 0.9 22.8
v -3.1 0.9 22.7
v -3.1 0.9 22.6
v -3.1 0.9 22.5
v -3.1 0.9 22.4
v -3.1 0.9 22.3
v -3.1 1.1 23.6
v -3.1 1.1 23.5
v -3.1 1.1 22.2
v -3.1 1.1 22.1
v -3.1 1.2 23.6
v -3.1 1.2 23.5
v -3.1 1.2 22.2
v -3.1 1.2 22.1
v -3 1.2 23.6
v -3 1.2 23.5
v -3 1.2 22.2
v -3 1.2 22.1
v -3 1.3 23.6
v -3 1.3 23.5
v -3 1.3 22.2
v -3 1.3 22.1
v -2.9 1.3 23.6
v -2.9 1.3 23.5
v -2.9 1.3 22.2
v -2.9 1.3 22.1
v -2.9 1.4 23.6
v -2.9 1.4 23.5
v -2.9 1.4 22.2
v -2.9 1.4 22.1
v -2.8 1.1 23.4
v -2.8 1.1 23.3
v -2.8 1.1 23.2
v -2.8 1.1 23.1
v -2.8 1.1 23
v -2.8 1.1 22.9
v -2.8 1.1 22.8
v -2.8 1.1 22.7
v -2.8 1.1 22.6
v -2.8 1.1 22.5
v -2.8 1.1 22.4
v -2.8 1.1 22.3
v -2.8 1.2 23.4
v -2.8 1.2 23.3
v -2.8 1.2 23.2
v -2.8 1.2 23.1
v -2.8 1.2 23
v -2.8 1.2 22.9
v -2.8 1.2 22.8
v -2.8 1.2 22.7
v -2.8 1.2 22.6
v -2.8 1.2 22.5
v -2.8 1.2 22.4
v -2.8 1.2 22.3
v -2.8 1.4 23.6
v -2.8 1.4 23.5
v -2.8 1.4 22.2
v -2.8 1.4 22.1
v -2.8 1.5 23.6
v -2.8 1.5 23.5
v -2.8 1.5 22.2
v -2.8 1.5 22.1
v -2.7 1.5 23.6
v -2.7 1.5 23.5
v -2.7 1.5 22.2
v -2.7 1.5 22.1
v -2.7 1.6 23.6
v -2.7 1.6 23.5
v -2.7 1.6 22.2
v -2.7 1.6 22.1
v -2.6 1.6 23.6
v -2.6 1.6 23.5
v -2.6 1.6 22.2
v -2.6 1.6 22.1
v -2.6 1.7 23.6
v -2.6 1.7 23.5
v -2.6 1.7 22.2
v -2.6 1.7 22.1
v -2.5 1.4 23.4
v -2.5 1.4 23.3
v -2.5 1.4 23.2
v -2.5 1.4 23.1
v -2.5 1.4 23
v -2.5 1.4 22.9
v -2.5 1.4 22.8
v -2.5 1.4 22.7
v -2.5 1.4 22.6
v -2.5 1.4 22.5
v -2.5 1.4 22.4
v -2.5 1.4 22.3
v -2.5 1.5 23.4
v -2.5 1.5 23.3
v -2.5 1.5 23.2
v -2.5 1.5 23.1
v -2.5 1.5 23
v -2.5 1.5 22.9
v -2.5 1.5 22.8
v -2.5 1.5 22.7
v -2.5 1.5 22.6
v -2.5 1.5 22.5
v -2.5 1.5 22.4
v -2.5 1.5 22.3
v -2.5 1.7 23.6
v -2.5 1.7 23.5
v -2.5 1.7 22.2
v -2.5 1.7 22.1
v -2.5 1.8 23.6
v -2.5 1.8 23.5
v -2.5 1.8 22.2
v -2.5 1.8 22.1
v -2.4 1.8 23.6
v -2.4 1.8 23.5
v -2.4 1.8 22.2
v -2.4 1.8 22.1
v -2.4 1.9 23.6
v -2.4 1.9 23.5
v -2.4 1.9 22.2
v -2.4 1.9 22.1
v -2.3 1.9 23.6
v -2.3 1.9 23.5
v -2.3 1.9 22.2
v -2.3 1.9 22.1
v -2.3 2 23.6
v -2.3 2 23.5
v -2.3 2 22.2
v -2.3 2 22.1
v -2.2 1.7 23.4
v -2.2 1.7 23.3
v -2.2 1.7 23.2
v -2.2 1.7 23.1
v -2.2 1.7 23
v -2.2 1.7 22.9
v -2.2 1.7 22.8
v -2.2 1.7 22.7
v -2.2 1.7 22.6
v -2.2 1.7 22.5
v -2.2 1.7 22.4
v -2.2 1.7 22.3
v -2.2 1.8 23.4
v -2.2 1.8 23.3
v -2.2 1.8 23.2
v -2.2 1.8 23.1
v -2.2 1.8 23
v -2.2 1.8 22.9
v -2.2 1.8 22.8
v -2.2 1.8 22.7
v -2.2 1.8 22.6
v -2.2 1.8 22.5
v -2.2 1.8 22.4
v -2.2 1.8 22.3
v -2.2 2 23.6
v -2.2 2 23.5
v -2.2 2 22.2
v -2.2 2 22.1
v -2.2 2.1 23.6
v -2.2 2.1 23.5
v -2.2 2.1 22.2
v -2.2 2.1 22.1
v -2.1 2.1 23.6
v -2.1 2.1 23.5
v -2.1 2.1 22.2
v -2.1 2.1 22.1
v -2.1 2.2 23.6
v -2.1 2.2 23.5
v -2.1 2.2 22.2
v -2.1 2.2 22.1
v -2 2.2 23.6
v -2 2.2 23.5
v -2 2.2 22.2
v -2 2.2 22.1
v -2 2.3 23.6
v -2 2.3 23.5
v -2 2.3 22.2
v -2 2.3 22.1
v -1.9 2 23.4
v -1.9 2 23.3
v -1.9 2 23.2
v -1.9 2 23.1
v -1.9 2 23
v -1.9 2 22.9
v -1.9 2 22.8
v -1.9 2 22.7
v -1.9 2 22.6
v -1.9 2 22.5
v -1.9 2 22.4
v -1.9 2 22.3
v -1.9 2.1 23.4
v -1.9 2.1 23.3
v -1.9 2.1 23.2
v -1.9 2.1 23.1
v -1.9 2.1 23
v -1.9 2.1 22.9
v -1.9 2.1 22.8
v -1.9 2.1 22.7
v -1.9 2.1 22.6
v -1.9 2.1 22.5
v -1.9 2.1 22.4
v -1.9 2.1 22.3
v -1.9 2.3 23.6
v -1.9 2.3 23.5
v -1.9 2.3 22.2
v -1.9 2.3 22.1
v -1.9 2.4 23.6
v -1.9 2.4 23.5
v -1.9 2.4 22.2
v -1.9 2.4 22.1
v -1.8 2.4 23.6
v -1.8 2.4 23.5
v -1.8 2.4 22.2
v -1.8 2.4 22.1
v -1.8 2.5 23.6
v -1.8 2.5 23.5
v -1.8 2.5 22.2
v -1.8 2.5 22.1
v -1.7 2.5 23.6
v -1.7 2.5 23.5
v -1.7 2.5 22.2
v -1.7 2.5 22.1
v -1.7 2.6 23.6
v -1.7 2.6 23.5
v -1.7 2.6 22.2
v -1.7 2.6 22.1
v -1.6 2.3 23.4
v -1.6 2.3 23.3
v -1.6 2.3 23.2
v -1.6 2.3 23.1
v -1.6 2.3 23
v -1.6 2.3 22.9
v -1.6 2.3 22.8
v -1.6 2.3 22.7
v -1.6 2.3 22.6
v -1.6 2.3 22.5
v -1.6 2.3 22.4
v -1.6 2.3 22.3
v -1.6 2.4 23.4
v -1.6 2.4 23.3
v -1.6 2.4 23.2
v -1.6 2.4 23.1
v -1.6 2.4 23
v -1.6 2.4 22.9
v -1.6 2.4 22.8
v -1.6 2.4 22.7
v -1.6 2.4 22.6
v -1.6 2.4 22.5
v -1.6 2.4 22.4
v -1.6 2.4 22.3
v -1.6 2.6 23.6
v -1.6 2.6 23.5
v -1.6 2.6 22.2
v -1.6 2.6 22.1
v -1.6 2.7 23.6
v -1.6 2.7 23.5
v -1.6 2.7 22.2
v -1.6 2.7 22.1
v -1.5 2.7 23.6
v -1.5 2.7 23.5
v -1.5 2.7 22.2
v -1.5 2.7 22.1
v -1.5 2.8 23.6
v -1.5 2.8 23.5
v -1.5 2.8 22.2
v -1.5 2.8 22.1
v -1.4 2.8 23.6
v -1.4 2.8 23.5
v -1.4 2.8 22.2
v -1.4 2.8 22.1
v -1.4 2.9 23.6
v -1.4 2.9 23.5
v -1.4 2.9 22.2
v -1.4 2.9 22.1
v -1.3 2.6 23.4
v -1.3 2.6 23.3
v -1.3 2.6 23.2
v -1.3 2.6 23.1
v -1.3 2.6 23
v -1.3 2.6 22.9
v -1.3 2.6 22.8
v -1.3 2.6 22.7
v -1.3 2.6 22.6
v -1.3 2.6 22.5
v -1.3 2.6 22.4
v -1.3 2.6 22.3
v -1.3 2.7 23.4
v -1.3 2.7 23.3
v -1.3 2.7 23.2
v -1.3 2.7 23.1
v -1.3 2.7 23
v -1.3 2.7 22.9
v -1.3 2.7 22.8
v -1.3 2.7 22.7
v -1.3 2.7 22.6
v -1.3 2.7 22.5
v -1.3 2.7 22.4
v -1.3 2.7 22.3
v -1.3 2.9 23.6
v -1.3 2.9 23.5
v -1.3 2.9 22.2
v -1.3 2.9 22.1
v -1.3 3 23.6
v -1.3 3 23.5
v -1.3 3 22.2
v -1.3 3 22.1
v -1.2 3 23.6
v -1.2 3 23.5
v -1.2 3 22.2
v -1.2 3 22.1
v -1.2 3.1 23.6
v -1.2 3.1 23.5
v -1.2 3.1 22.2
v -1.2 3.1 22.1
v -1.1 3.1 23.6
v -1.1 3.1 23.5
v -1.1 3.1 22.2
v -1.1 3.1 22.1
v -1.1 3.2 23.6
v -1.1 3.2 23.5
v -1.1 3.2 22.2
v -1.1 3.2 22.1
v -1 2.9 23.4
v -1 2.9 23.3
v -1 2.9 23.2
v -1 2.9 23.1
v -1 2.9 23
v -1 2.9 22.9
v -1 2.9 22.8
v -1 2.9 22.7
v -1 2.9 22.6
v -1 2.9 22.5
v -1 2.9 22.4
v -1 2.9 22.3
v -1 3 23.4
v -1 3 23.3
v -1 3 23.2
v -1 3 23.1
v -1 3 23
v -1 3 22.9
v -1 3 22.8
v -1 3 22.7
v -1 3 22.6
v -1 3 22.5
v -1 3 22.4
v -1 3 22.3
v -1 3.2 23.6
v -1 3.2 23.5
v -1 3.2 22.2
v -1 3.2 22.1
v -1 3.3 23.6
v -1 3.3 23.5
v -1 3.3 22.2
v -1 3.3 22.1
v -0.9 3.3 23.6
v -0.9 3.3 23.5
v -0.9 3.3 22.2
v -0.9 3.3 22.1
v -0.9 3.4 23.6
v -0.9 3.4 23.5
v -0.9 3.4 22.2
v -0.9 3.4 22.1
v -0.8 3.4 23.6
v -0.8 3.4 23.5
v -0.8 3.4 22.2
v -0.8 3.4 22.1
v -0.8 3.5 23.6
v -0.8 3.5 23.5
v -0.8 3.5 22.2
v -0.8 3.5 22.1
v -0.7 3.2 23.4
v -0.7 3.2 23.3
v -0.7 3.2 23.2
v -0.7 3.2 23.1
v -0.7 3.2 23
v -0.7 3.2 22.9
v -0.7 3.2 22.8
v -0.7 3.2 22.7
v -0.7 3.2 22.6
v -0.7 3.2 22.5
v -0.7 3.2 22.4
v -0.7 3.2 22.3
v -0.7 3.3 23.4
v -0.7 3.3 23.3
v -0.7 3.3 23.2
v -0.7 3.3 23.1
v -0.7 3.3 23
v -0.7 3.3 22.9
v -0.7 3.3 22.8
v -0.7 3.3 22.7
v -0.7 3.3 22.6
v -0.7 3.3 22.5
v -0.7 3.3 22.4
v -0.7 3.3 22.3
v -0.7 3.5 23.6
v -0.7 3.5 23.5
v -0.7 3.5 22.2
v -0.7 3.5 22.1
v -0.7 3.6 23.6
v -0.7 3.6 23.5
v -0.7 3.6 22.2
v -0.7 3.6 22.1
v -0.6 3.6 23.6
v -0.6 3.6 23.5
v -0.6 3.6 22.2
v -0.6 3.6 22.1
v -0.6 3.7 23.6
v -0.6 3.7 23.5
v -0.6 3.7 22.2
v -0.6 3.7 22.1
v -0.5 3.7 23.6
v -0.5 3.7 23.5
v -0.5 3.7 22.2
v -0.5 3.7 22.1
v -0.5 3.8 23.6
v -0.5 3.8 23.5
v -0.5 3.8 22.2
v -0.5 3.8 22.1
v -0.4 3.5 23.4
v -0.4 3.5 23.3
v -0.4 3.5 23.2
v -0.4 3.5 23.1
v -0.4 3.5 23
v -0.4 3.5 22.9
v -0.4 3.5 22.8
v -0.4 3.5 22.7
v -0.4 3.5 22.6
v -0.4 3.5 22.5
v -0.4 3.5 22.4
v -0.4 3.5 22.3
v -0.4 3.6 23.4
v -0.4 3.6 23.3
v -0.4 3.6 23.2
v -0.4 3.6 23.1
v -0.4 3.6 23
v -0.4 3.6 22.9
v -0.4 3.6 22.8
v -0.4 3.6 22.7
v -0.4 3.6 22.6
v -0.4 3.6 22.5
v -0.4 3.6 22.4
v -0.4 3.6 22.3
v -0.4 3.8 23.6
v -0.4 3.8 23.5
v -0.4 3.8 22.2
v -0.4 3.8 22.1
v -0.4 3.9 23.6
v -0.4 3.9 23.5
v -0.4 3.9 22.2
v -0.4 3.9 22.1
v -0.3 3.9 23.6
v -0.3 3.9 23.5
v -0.3 3.9 22.2
v -0.3 3.9 22.1
v -0.3 4 23.6
v -0.3 4 23.5
v -0.3 4 22.2
v -0.3 4 22.1
v -0.2 4 23.6
v -0.2 4 23.5
v -0.2 4 22.2
v -0.2 4 22.1
v -0.2 4.1 23.6
v -0.2 4.1 23.5
v -0.2 4.1 22.2
v -0.2 4.1 22.1
v -0.0999997 3.8 23.4
v -0.0999997 3.8 23.3
v -0.0999997 3.8 23.2
v -0.0999997 3.8 23.1
v -0.0999997 3.8 23
v -0.0999997 3.8 22.9
v -0.0999997 3.8 22.8
v -0.0999997 3.8 22.7
v -0.0999997 3.8 22.6
v -0.0999997 3.8 22.5
v -0.0999997 3.8 22.4
v -0.0999997 3.8 22.3
v -0.0999997 3.9 23.4
v -0.0999997 3.9 23.3
v -0.0999997 3.9 23.2
v -0.0999997 3.9 23.1
v -0.0999997 3.9 23
v -0.0999997 3.9 22.9
v -0.0999997 3.9 22.8
v -0.0999997 3.9 22.7
v -0.0999997 3.9 22.6
v -0.0999997 3.9 22.5
v -0.0999997 3.9 22.4
v -0.0999997 3.9 22.3
v -0.0999997 4.1 23.6
v -0.0999997 4.1 23.5
v -0.0999997 4.1 22.2
v -0.0999997 4.1 22.1
v -0.0999997 4.2 23.6
v -0.0999997 4.2 23.5
v -0.0999997 4.2 22.2
v -0.0999997 4.2 22.1
v 2.5332e-007 4.2 23.6
v 2.5332e-007 4.2 23.5
v 2.5332e-007 4.2 22.2
v 2.5332e-007 4.2 22.1
v 2.5332e-007 4.3 23.6
v 2.5332e-007 4.3 23.5
v 2.5332e-007 4.3 22.2
v 2.5332e-007 4.3 22.1
v 0.1 4.3 23.6
v 0.1 4.3 23.5
v 0.1 4.3 22.2
v 0.1 4.3 22.1
v 0.1 4.4 23.6
v 0.1 4.4 23.5
v 0.1 4.4 22.2
v 0.1 4.4 22.1
v 0.2 4.1 23.4
v 0.2 4.1 23.3
v 0.2 4.1 23.2
v 0.2 4.1 23.1
v 0.2 4.1 23
v 0.2 4.1 22.9
v 0.2 4.1 22.8
v 0.2 4.1 22.7
v 0.2 4.1 22.6
v 0.2 4.1 22.5
v 0.2 4.1 22.4
v 0.2 4.1 22.3
v 0.2 4.2 23.4
v 0.2 4.2 23.3
v 0.2 4.2 23.2
v 0.2 4.2 23.1
v 0.2 4.2 23
v 0.2 4.2 22.9
v 0.2 4.2 22.8
v 0.2 4.2 22.7
v 0.2 4.2 22.6
v 0.2 4.2 22.5
v 0.2 4.2 22.4
v 0.2 4.2 22.3
v 0.2 4.4 23.6
v 0.2 4.4 23.5
v 0.2 4.4 22.2
v 0.2 4.4 22.1
v 0.2 4.5 23.6
v 0.2 4.5 23.5
v 0.2 4.5 22.2
v 0.2 4.5 22.1
v 0.3 4.5 23.6
v 0.3 4.5 23.5
v 0.3 4.5 22.2
v 0.3 4.5 22.1
v 0.3 4.6 23.6
v 0.3 4.6 23.5
v 0.3 4.6 22.2
v 0.3 4.6 22.1
v 0.4 4.6 23.6
v 0.4 4.6 23.5
v 0.4 4.6 22.2
v 0.4 4.6 22.1
v 0.4 4.7 23.6
v 0.4 4.7 23.5
v 0.4 4.7 22.2
v 0.4 4.7 22.1
v 0.5 4.4 23.4
v 0.5 4.4 23.3
v 0.5 4.4 23.2
v 0.5 4.4 23.1
v 0.5 4.4 23
v 0.5 4.4 22.9
v 0.5 4.4 22.8
v 0.5 4.4 22.7
v 0.5 4.4 22.6
v 0.5 4.4 22.5
v 0.5 4.4 22.4
v 0.5 4.4 22.3
v 0.5 4.5 23.4
v 0.5 4.5 23.3
v 0.5 4.5 23.2
v 0.5 4.5 23.1
v 0.5 4.5 23
v 0.5 4.5 22.9
v 0.5 4.5 22.8
v 0.5 4.5 22.7
v 0.5 4.5 22.6
v 0.5 4.5 22.5
v 0.5 4.5 22.4
v 0.5 4.5 22.3
v 0.5 4.7 23.6
v 0.5 4.7 23.5
v 0.5 4.7 22.2
v 0.5 4.7 22.1
v 0.5 4.8 23.6
v 0.5 4.8 23.5
v 0.5 4.8 22.2
v 0.5 4.8 22.1
v 0.6 4.8 23.6
v 0.6 4.8 23.5
v 0.6 4.8 22.2
v 0.6 4.8 22.1
v 0.6 4.9 23.6
v 0.6 4.9 23.5
v 0.6 4.9 22.2
v 0.6 4.9 22.1
v 0.7 4.9 23.6
v 0.7 4.9 23.5
v 0.7 4.9 22.2
v 0.7 4.9 22.1
v 0.7 5 23.6
v 0.7 5 23.5
v 0.7 5 22.2
v 0.7 5 22.1
v 0.8 4.7 23.4
v 0.8 4.7 23.3
v 0.8 4.7 23.2
v 0.8 4.7 23.1
v 0.8 4.7 23
v 0.8 4.7 22.9
v 0.8 4.7 22.8
v 0.8 4.7 22.7
v 0.8 4.7 22.6
v 0.8 4.7 22.5
v 0.8 4.7 22.4
v 0.8 4.7 22.3
v 0.8 4.8 23.4
v 0.8 4.8 23.3
v 0.8 4.8 23.2
v 0.8 4.8 23.1
v 0.8 4.8 23
v 0.8 4.8 22.9
v 0.8 4.8 22.8
v 0.8 4.8 22.7
v 0.8 4.8 22.6
v 0.8 4.8 22.5
v 0.8 4.8 22.4
v 0.8 4.8 22.3
v 0.8 5 23.6
v 0.8 5 23.5
v 0.8 5 22.2
v 0.8 5 22.1
v 0.8 5.1 23.6
v 0.8 5.1 23.5
v 0.8 5.1 22.2
v 0.8 5.1 22.1
v 0.9 5.1 23.6
v 0.9 5.1 23.5
v 0.9 5.1 22.2
v 0.9 5.1 22.1
v 0.9 5.2 23.6
v 0.9 5.2 23.5
v 0.9 5.2 22.2
v 0.9 5.2 22.1
v 1 5.2 23.6
v 1 5.2 23.5
v 1 5.2 22.2
v 1 5.2 22.1
v 1 5.3 23.6
v 1 5.3 23.5
v 1 5.3 22.2
v 1 5.3 22.1
v 1.1 5 23.4
v 1.1 5 23.3
v 1.1 5 23.2
v 1.1 5 23.1
v 1.1 5 23
v 1.1 5 22.9
v 1.1 5 22.8
v 1.1 5 22.7
v 1.1 5 22.6
v 1.1 5 22.5
v 1.1 5 22.4
v 1.1 5 22.3
v 1.1 5.1 23.4
v 1.1 5.1 23.3
v 1.1 5.1 23.2
v 1.1 5.1 23.1
v 1.1 5.1 23
v 1.1 5.1 22.9
v 1.1 5.1 22.8
v 1.1 5.1 22.7
v 1.1 5.1 22.6
v 1.1 5.1 22.5
v 1.1 5.1 22.4
v 1.1 5.1 22.3
v 1.1 5.3 23.6
v 1.1 5.3 23.5
v 1.1 5.3 22.2
v 1.1 5.3 22.1
v 1.1 5.4 23.6
v 1.1 5.4 23.5
v 1.1 5.4 22.2
v 1.1 5.4 22.1
v 1.2 5.4 23.6
v 1.2 5.4 23.5
v 1.2 5.4 22.2
v 1.2 5.4 22.1
v 1.2 5.5 23.6
v 1.2 5.5 23.5
v 1.2 5.5 22.2
v 1.2 5.5 22.1
v 1.3 5.5 23.6
v 1.3 5.5 23.5
v 1.3 5.5 22.2
v 1.3 5.5 22.1
v 1.3 5.6 23.6
v 1.3 5.6 23.5
v 1.3 5.6 22.2
v 1.3 5.6 22.1
v 1.4 5.3 23.4
v 1.4 5.3 23.3
v 1.4 5.3 23.2
v 1.4 5.3 23.1
v 1.4 5.3 23
v 1.4 5.3 22.9
v 1.4 5.3 22.8
v 1.4 5.3 22.7
v 1.4 5.3 22.6
v 1.4 5.3 22.5
v 1.4 5.3 22.4
v 1.4 5.3 22.3
v 1.4 5.4 23.4
v 1.4 5.4 23.3
v 1.4 5.4 23.2
v 1.4 5.4 23.1
v 1.4 5.4 23
v 1.4 5.4 22.9
v 1.4 5.4 22.8
v 1.4 5.4 22.7
v 1.4 5.4 22.6
v 1.4 5.4 22.5
v 1.4 5.4 22.4
v 1.4 5.4 22.3
v 1.4 5.6 23.6
v 1.4 5.6 23.5
v 1.4 5.6 22.2
v 1.4 5.6 22.1
v 1.4 5.7 23.6
v 1.4 5.7 23.5
v 1.4 5.7 22.2
v 1.4 5.7 22.1
v 1.5 5.7 23.6
v 1.5 5.7 23.5
v 1.5 5.7 22.2
v 1.5 5.7 22.1
v 1.5 5.8 23.6
v 1.5 5.8 23.5
v 1.5 5.8 22.2
v 1.5 5.8 22.1
v 1.6 5.8 23.6
v 1.6 5.8 23.5
v 1.6 5.8 22.2
v 1.6 5.8 22.1
v 1.6 5.9 23.6
v 1.6 5.9 23.5
v 1.6 5.9 22.2
v 1.6 5.9 22.1
v 1.7 5.6 23.4
v 1.7 5.6 23.3
v 1.7 5.6 23.2
v 1.7 5.6 23.1
v 1.7 5.6 23
v 1.7 5.6 22.9
v 1.7 5.6 22.8
v 1.7 5.6 22.7
v 1.7 5.6 22.6
v 1.7 5.6 22.5
v 1.7 5.6 22.4
v 1.7 5.6 22.3
v 1.7 5.7 23.4
v 1.7 5.7 23.3
v 1.7 5.7 23.2
v 1.7 5.7 23.1
v 1.7 5.7 23
v 1.7 5.7 22.9
v 1.7 5.7 22.8
v 1.7 5.7 22.7
v 1.7 5.7 22.6
v 1.7 5.7 22.5
v 1.7 5.7 22.4
v 1.7 5.7 22.3
v 1.7 5.9 23.6
v 1.7 5.9 23.5
v 1.7 5.9 22.2
v 1.7 5.9 22.1
v 1.7 6 23.6
v 1.7 6 23.5
v 1.7 6 22.2
v 1.7 6 22.1
v 1.8 6 23.6
v 1.8 6 23.5
v 1.8 6 22.2
v 1.8 6 22.1
v 1.8 6.1 23.6
v 1.8 6.1 23.5
v 1.8 6.1 22.2
v 1.8 6.1 22.1
v 1.9 6.1 23.6
v 1.9 6.1 23.5
v 1.9 6.1 22.2
v 1.9 6.1 22.1
v 1.9 6.2 23.6
v 1.9 6.2 23.5
v 1.9 6.2 22.2
v 1.9 6.2 22.1
v 2 5.9 23.4
v 2 5.9 23.3
v 2 5.9 23.2
v 2 5.9 23.1
v 2 5.9 23
v 2 5.9 22.9
v 2 5.9 22.8
v 2 5.9 22.7
v 2 5.9 22.6
v 2 5.9 22.5
v 2 5.9 22.4
v 2 5.9 22.3
v 2 6 23.4
v 2 6 23.3
v 2 6 23.2
v 2 6 23.1
v 2 6 23
v 2 6 22.9
v 2 6 22.8
v 2 6 22.7
v 2 6 22.6
v 2 6 22.5
v 2 6 22.4
v 2 6 22.3
v 2 6.2 23.6
v 2 6.2 23.5
v 2 6.2 22.2
v 2 6.2 22.1
v 2 6.3 23.6
v 2 6.3 23.5
v 2 6.3 22.2
v 2 6.3 22.1
v 2.1 6.3 23.6
v 2.1 6.3 23.5
v 2.1 6.3 22.2
v 2.1 6.3 22.1
v 2.1 6.4 23.6
v 2.1 6.4 23.5
v 2.1 6.4 22.2
v 2.1 6.4 22.1
v 2.2 6.4 23.6
v 2.2 6.4 23.5
v 2.2 6.4 22.2
v 2.2 6.4 22.1
v 2.2 6.5 23.6
v 2.2 6.5 23.5
v 2.2 6.5 22.2
v 2.2 6.5 22.1
v 2.3 6.2 23.4
v 2.3 6.2 23.3
v 2.3 6.2 23.2
v 2.3 6.2 23.1
v 2.3 6.2 23
v 2.3 6.2 22.9
v 2.3 6.2 22.8
v 2.3 6.2 22.7
v 2.3 6.2 22.6
v 2.3 6.2 22.5
v 2.3 6.2 22.4
v 2.3 6.2 22.3
v 2.3 6.3 23.4
v 2.3 6.3 23.3
v 2.3 6.3 23.2
v 2.3 6.3 23.1
v 2.3 6.3 23
v 2.3 6.3 22.9
v 2.3 6.3 22.8
v 2.3 6.3 22.7
v 2.3 6.3 22.6
v 2.3 6.3 22.5
v 2.3 6.3 22.4
v 2.3 6.3 22.3
v 2.3 6.5 23.6
v 2.3 6.5 23.5
v 2.3 6.5 22.2
v 2.3 6.5 22.1
v 2.3 6.6 23.6
v 2.3 6.6 23.5
v 2.3 6.6 22.2
v 2.3 6.6 22.1
v 2.4 6.6 23.6
v 2.4 6.6 23.5
v 2.4 6.6 22.2
v 2.4 6.6 22.1
v 2.4 6.7 23.6
v 2.4 6.7 23.5
v 2.4 6.7 22.2
v 2.4 6.7 22.1
v 2.5 6.7 23.6
v 2.5 6.7 23.5
v 2.5 6.7 22.2
v 2.5 6.7 22.1
v 2.5 6.8 23.6
v 2.5 6.8 23.5
v 2.5 6.8 22.2
v 2.5 6.8 22.1
v 2.6 6.5 23.4
v 2.6 6.5 23.3
v 2.6 6.5 23.2
v 2.6 6.5 23.1
v 2.6 6.5 23
v 2.6 6.5 22.9
v 2.6 6.5 22.8
v 2.6 6.5 22.7
v 2.6 6.5 22.6
v 2.6 6.5 22.5
v 2.6 6.5 22.4
v 2.6 6.5 22.3
v 2.6 6.6 23.4
v 2.6 6.6 23.3
v 2.6 6.6 23.2
v 2.6 6.6 23.1
v 2.6 6.6 23
v 2.6 6.6 22.9
v 2.6 6.6 22.8
v 2.6 6.6 22.7
v 2.6 6.6 22.6
v 2.6 6.6 22.5
v 2.6 6.6 22.4
v 2.6 6.6 22.3
v 2.6 6.8 23.6
v 2.6 6.8 23.5
v 2.6 6.8 22.2
v 2.6 6.8 22.1
v 2.6 6.9 23.6
v 2.6 6.9 23.5
v 2.6 6.9 22.2
v 2.6 6.9 22.1
v 2.7 6.9 23.6
v 2.7 6.9 23.5
v 2.7 6.9 22.2
v 2.7 6.9 22.1
v 2.7 7 23.6
v 2.7 7 23.5
v 2.7 7 22.2
v 2.7 7 22.1
v 2.8 7 23.6
v 2.8 7 23.5
v 2.8 7 22.2
v 2.8 7 22.1
v 2.8 7.1 23.6
v 2.8 7.1 23.5
v 2.8 7.1 22.2
v 2.8 7.1 22.1
v 2.9 6.8 23.4
v 2.9 6.8 23.3
v 2.9 6.8 23.2
v 2.9 6.8 23.1
v 2.9 6.8 23
v 2.9 6.8 22.9
v 2.9 6.8 22.8
v 2.9 6.8 22.7
v 2.9 6.8 22.6
v 2.9 6.8 22.5
v 2.9 6.8 22.4
v 2.9 6.8 22.3
v 2.9 6.9 23.4
v 2.9 6.9 23.3
v 2.9 6.9 23.2
v 2.9 6.9 23.1
v 2.9 6.9 23
v 2.9 6.9 22.9
v 2.9 6.9 22.8
v 2.9 6.9 22.7
v 2.9 6.9 22.6
v 2.9 6.9 22.5
v 2.9 6.9 22.4
v 2.9 6.9 22.3
v 2.9 7.1 23.6
v 2.9 7.1 23.5
v 2.9 7.1 22.2
v 2.9 7.1 22.1
v 2.9 7.2 23.6
v 2.9 7.2 23.5
v 2.9 7.2 22.2
v 2.9 7.2 22.1
v 3 7.2 23.6
v 3 7.2 23.5
v 3 7.2 22.2
v 3 7.2 22.1
v 3 7.3 23.6
v 3 7.3 23.5
v 3 7.3 22.2
v 3 7.3 22.1
v 3.1 7.3 23.6
v 3.1 7.3 23.5
v 3.1 7.3 22.2
v 3.1 7.3 22.1
v 3.1 7.4 23.6
v 3.1 7.4 23.5
v 3.1 7.4 22.2
v 3.1 7.4 22.1
v 3.2 7.1 23.4
v 3.2 7.1 23.3
v 3.2 7.1 23.2
v 3.2 7.1 23.1
v 3.2 7.1 23
v 3.2 7.1 22.9
v 3.2 7.1 22.8
v 3.2 7.1 22.7
v 3.2 7.1 22.6
v 3.2 7.1 22.5
v 3.2 7.1 22.4
v 3.2 7.1 22.3
v 3.2 7.2 23.4
v 3.2 7.2 23.3
v 3.2 7.2 23.2
v 3.2 7.2 23.1
v 3.2 7.2 23
v 3.2 7.2 22.9
v 3.2 7.2 22.8
v 3.2 7.2 22.7
v 3.2 7.2 22.6
v 3.2 7.2 22.5
v 3.2 7.2 22.4
v 3.2 7.2 22.3
v 3.2 7.4 23.6
v 3.2 7.4 23.5
v 3.2 7.4 22.2
v 3.2 7.4 22.1
v 3.2 7.5 23.6
v 3.2 7.5 23.5
v 3.2 7.5 22.2
v 3.2 7.5 22.1
v 3.3 7.5 23.6
v 3.3 7.5 23.5
v 3.3 7.5 22.2
v 3.3 7.5 22.1
v 3.3 7.6 23.6
v 3.3 7.6 23.5
v 3.3 7.6 22.2
v 3.3 7.6 22.1
v 3.4 7.6 23.6
v 3.4 7.6 23.5
v 3.4 7.6 22.2
v 3.4 7.6 22.1
v 3.4 7.7 23.6
v 3.4 7.7 23.5
v 3.4 7.7 22.2
v 3.4 7.7 22.1
v 3.5 7.4 23.4
v 3.5 7.4 23.3
v 3.5 7.4 23.2
v 3.5 7.4 23.1
v 3.5 7.4 23
v 3.5 7.4 22.9
v 3.5 7.4 22.8
v 3.5 7.4 22.7
v 3.5 7.4 22.6
v 3.5 7.4 22.5
v 3.5 7.4 22.4
v 3.5 7.4 22.3
v 3.5 7.5 23.4
v 3.5 7.5 23.3
v 3.5 7.5 23.2
v 3.5 7.5 23.1
v 3.5 7.5 23
v 3.5 7.5 22.9
v 3.5 7.5 22.8
v 3.5 7.5 22.7
v 3.5 7.5 22.6
v 3.5 7.5 22.5
v 3.5 7.5 22.4
v 3.5 7.5 22.3
v 3.5 7.7 23.6
v 3.5 7.7 23.5
v 3.5 7.7 22.2
v 3.5 7.7 22.1
v 3.5 7.8 23.6
v 3.5 7.8 23.5
v 3.5 7.8 22.2
v 3.5 7.8 22.1
v 3.8 7.7 23.4
v 3.8 7.7 23.3
v 3.8 7.7 23.2
v 3.8 7.7 23.1
v 3.8 7.7 23
v 3.8 7.7 22.9
v 3.8 7.7 22.8
v 3.8 7.7 22.7
v 3.8 7.7 22.6
v 3.8 7.7 22.5
v 3.8 7.7 22.4
v 3.8 7.7 22.3
v 3.8 7.8 23.4
v 3.8 7.8 23.3
v 3.8 7.8 23.2
v 3.8 7.8 23.1
v 3.8 7.8 23
v 3.8 7.8 22.9
v 3.8 7.8 22.8
v 3.8 7.8 22.7
v 3.8 7.8 22.6
v 3.8 7.8 22.5
v 3.8 7.8 22.4
v 3.8 7.8 22.3
v -3.9 0.2 23.4
v -3.9 0.2 23.3
v -3.9 0.2 23.2
v -3.9 0.2 23.1
v -3.9 0.2 23
v -3.9 0.2 22.9
v -3.9 0.2 22.8
v -3.9 0.2 22.7
v -3.9 0.2 22.6
v -3.9 0.2 22.5
v -3.9 0.2 22.4
v -3.9 0.2 22.3
v -3.9 0.3 23.4
v -3.9 0.3 23.3
v -3.9 0.3 23.2
v -3.9 0.3 23.1
v -3.9 0.3 23
v -3.9 0.3 22.9
v -3.9 0.3 22.8
v -3.9 0.3 22.7
v -3.9 0.3 22.6
v -3.9 0.3 22.5
v -3.9 0.3 22.4
v -3.9 0.3 22.3
v -3.8 0 23.6
v -3.8 0 23.5
v -3.8 0 22.2
v -3.8 0 22.1
v -3.8 0.1 23.6
v -3.8 0.1 23.5
v -3.8 0.1 22.2
v -3.8 0.1 22.1
v -3.7 0.1 23.6
v -3.7 0.1 23.5
v -3.7 0.1 22.2
v -3.7 0.1 22.1
v -3.7 0.2 23.6
v -3.7 0.2 23.5
v -3.7 0.2 22.2
v -3.7 0.2 22.1
v -3.6 0.2 23.6
v -3.6 0.2 23.5
v -3.6 0.2 22.2
v -3.6 0.2 22.1
v -3.6 0.3 23.6
v -3.6 0.3 23.5
v -3.6 0.3 22.2
v -3.6 0.3 22.1
v -3.6 0.5 23.4
v -3.6 0.5 23.3
v -3.6 0.5 23.2
v -3.6 0.5 23.1
v -3.6 0.5 23
v -3.6 0.5 22.9
v -3.6 0.5 22.8
v -3.6 0.5 22.7
v -3.6 0.5 22.6
v -3.6 0.5 22.5
v -3.6 0.5 22.4
v -3.6 0.5 22.3
v -3.6 0.6 23.4
v -3.6 0.6 23.3
v -3.6 0.6 23.2
v -3.6 0.6 23.1
v -3.6 0.6 23
v -3.6 0.6 22.9
v -3.6 0.6 22.8
v -3.6 0.6 22.7
v -3.6 0.6 22.6
v -3.6 0.6 22.5
v -3.6 0.6 22.4
v -3.6 0.6 22.3
v -3.5 0.3 23.6
v -3.5 0.3 23.5
v -3.5 0.3 22.2
v -3.5 0.3 22.1
v -3.5 0.4 23.6
v -3.5 0.4 23.5
v -3.5 0.4 22.2
v -3.5 0.4 22.1
v -3.4 0.4 23.6
v -3.4 0.4 23.5
v -3.4 0.4 22.2
v -3.4 0.4 22.1
v -3.4 0.5 23.6
v -3.4 0.5 23.5
v -3.4 0.5 22.2
v -3.4 0.5 22.1
v -3.3 0.5 23.6
v -3.3 0.5 23.5
v -3.3 0.5 22.2
v -3.3 0.5 22.1
v -3.3 0.6 23.6
v -3.3 0.6 23.5
v -3.3 0.6 22.2
v -3.3 0.6 22.1
v -3.3 0.8 23.4
v -3.3 0.8 23.3
v -3.3 0.8 23.2
v -3.3 0.8 23.1
v -3.3 0.8 23
v -3.3 0.8 22.9
v -3.3 0.8 22.8
v -3.3 0.8 22.7
v -3.3 0.8 22.6
v -3.3 0.8 22.5
v -3.3 0.8 22.4
v -3.3 0.8 22.3
v -3.3 0.9 23.4
v -3.3 0.9 23.3
v -3.3 0.9 23.2
v -3.3 0.9 23.1
v -3.3 0.9 23
v -3.3 0.9 22.9
v -3.3 0.9 22.8
v -3.3 0.9 22.7
v -3.3 0.9 22.6
v -3.3 0.9 22.5
v -3.3 0.9 22.4
v -3.3 0.9 22.3
v -3.2 0.6 23.6
v -3.2 0.6 23.5
v -3.2 0.6 22.2
v -3.2 0.6 22.1
v -3.2 0.7 23.6
v -3.2 0.7 23.5
v -3.2 0.7 22.2
v -3.2 0.7 22.1
v -3.1 0.7 23.6
v -3.1 0.7 23.5
v -3.1 0.7 22.2
v -3.1 0.7 22.1
v -3.1 0.8 23.6
v -3.1 0.8 23.5
v -3.1 0.8 22.2
v -3.1 0.8 22.1
v -3 0.8 23.6
v -3 0.8 23.5
v -3 0.8 22.2
v -3 0.8 22.1
v -3 0.9 23.6
v -3 0.9 23.5
v -3 0.9 22.2
v -3 0.9 22.1
v -3 1.1 23.4
v -3 1.1 23.3
v -3 1.1 23.2
v -3 1.1 23.1
v -3 1.1 23
v -3 1.1 22.9
v -3 1.1 22.8
v -3 1.1 22.7
v -3 1.1 22.6
v -3 1.1 22.5
v -3 1.1 22.4
v -3 1.1 22.3
v -3 1.2 23.4
v -3 1.2 23.3
v -3 1.2 23.2
v -3 1.2 23.1
v -3 1.2 23
v -3 1.2 22.9
v -3 1.2 22.8
v -3 1.2 22.7
v -3 1.2 22.6
v -3 1.2 22.5
v -3 1.2 22.4
v -3 1.2 22.3
v -2.9 0.9 23.6
v -2.9 0.9 23.5
v -2.9 0.9 22.2
v -2.9 0.9 22.1
v -2.9 1 23.6
v -2.9 1 23.5
v -2.9 1 22.2
v -2.9 1 22.1
v -2.8 1 23.6
v -2.8 1 23.5
v -2.8 1 22.2
v -2.8 1 22.1
v -2.8 1.1 23.6
v -2.8 1.1 23.5
v -2.8 1.1 22.2
v -2.8 1.1 22.1
v -2.7 1.1 23.6
v -2.7 1.1 23.5
v -2.7 1.1 22.2
v -2.7 1.1 22.1
v -2.7 1.2 23.6
v -2.7 1.2 23.5
v -2.7 1.2 22.2
v -2.7 1.2 22.1
v -2.7 1.4 23.4
v -2.7 1.4 23.3
v -2.7 1.4 23.2
v -2.7 1.4 23.1
v -2.7 1.4 23
v -2.7 1.4 22.9
v -2.7 1.4 22.8
v -2.7 1.4 22.7
v -2.7 1.4 22.6
v -2.7 1.4 22.5
v -2.7 1.4 22.4
v -2.7 1.4 22.3
v -2.7 1.5 23.4
v -2.7 1.5 23.3
v -2.7 1.5 23.2
v -2.7 1.5 23.1
v -2.7 1.5 23
v -2.7 1.5 22.9
v -2.7 1.5 22.8
v -2.7 1.5 22.7
v -2.7 1.5 22.6
v -2.7 1.5 22.5
v -2.7 1.5 22.4
v -2.7 1.5 22.3
v -2.6 1.2 23.6
v -2.6 1.2 23.5
v -2.6 1.2 22.2
v -2.6 1.2 22.1
v -2.6 1.3 23.6
v -2.6 1.3 23.5
v -2.6 1.3 22.2
v -2.6 1.3 22.1
v -2.5 1.3 23.6
v -2.5 1.3 23.5
v -2.5 1.3 22.2
v -2.5 1.3 22.1
v -2.5 1.4 23.6
v -2.5 1.4 23.5
v -2.5 1.4 22.2
v -2.5 1.4 22.1
v -2.4 1.4 23.6
v -2.4 1.4 23.5
v -2.4 1.4 22.2
v -2.4 1.4 22.1
v -2.4 1.5 23.6
v -2.4 1.5 23.5
v -2.4 1.5 22.2
v -2.4 1.5 22.1
v -2.4 1.7 23.4
v -2.4 1.7 23.3
v -2.4 1.7 23.2
v -2.4 1.7 23.1
v -2.4 1.7 23
v -2.4 1.7 22.9
v -2.4 1.7 22.8
v -2.4 1.7 22.7
v -2.4 1.7 22.6
v -2.4 1.7 22.5
v -2.4 1.7 22.4
v -2.4 1.7 22.3
v -2.4 1.8 23.4
v -2.4 1.8 23.3
v -2.4 1.8 23.2
v -2.4 1.8 23.1
v -2.4 1.8 23
v -2.4 1.8 22.9
v -2.4 1.8 22.8
v -2.4 1.8 22.7
v -2.4 1.8 22.6
v -2.4 1.8 22.5
v -2.4 1.8 22.4
v -2.4 1.8 22.3
v -2.3 1.5 23.6
v -2.3 1.5 23.5
v -2.3 1.5 22.2
v -2.3 1.5 22.1
v -2.3 1.6 23.6
v -2.3 1.6 23.5
v -2.3 1.6 22.2
v -2.3 1.6 22.1
v -2.2 1.6 23.6
v -2.2 1.6 23.5
v -2.2 1.6 22.2
v -2.2 1.6 22.1
v -2.2 1.7 23.6
v -2.2 1.7 23.5
v -2.2 1.7 22.2
v -2.2 1.7 22.1
v -2.1 1.7 23.6
v -2.1 1.7 23.5
v -2.1 1.7 22.2
v -2.1 1.7 22.1
v -2.1 1.8 23.6
v -2.1 1.8 23.5
v -2.1 1.8 22.2
v -2.1 1.8 22.1
v -2.1 2 23.4
v -2.1 2 23.3
v -2.1 2 23.2
v -2.1 2 23.1
v -2.1 2 23
v -2.1 2 22.9
v -2.1 2 22.8
v -2.1 2 22.7
v -2.1 2 22.6
v -2.1 2 22.5
v -2.1 2 22.4
v -2.1 2 22.3
v -2.1 2.1 23.4
v -2.1 2.1 23.3
v -2.1 2.1 23.2
v -2.1 2.1 23.1
v -2.1 2.1 23
v -2.1 2.1 22.9
v -2.1 2.1 22.8
v -2.1 2.1 22.7
v -2.1 2.1 22.6
v -2.1 2.1 22.5
v -2.1 2.1 22.4
v -2.1 2.1 22.3
v -2 1.8 23.6
v -2 1.8 23.5
v -2 1.8 22.2
v -2 1.8 22.1
v -2 1.9 23.6
v -2 1.9 23.5
v -2 1.9 22.2
v -2 1.9 22.1
v -1.9 1.9 23.6
v -1.9 1.9 23.5
v -1.9 1.9 22.2
v -1.9 1.9 22.1
v -1.9 2 23.6
v -1.9 2 23.5
v -1.9 2 22.2
v -1.9 2 22.1
v -1.8 2 23.6
v -1.8 2 23.5
v -1.8 2 22.2
v -1.8 2 22.1
v -1.8 2.1 23.6
v -1.8 2.1 23.5
v -1.8 2.1 22.2
v -1.8 2.1 22.1
v -1.8 2.3 23.4
v -1.8 2.3 23.3
v -1.8 2.3 23.2
v -1.8 2.3 23.1
v -1.8 2.3 23
v -1.8 2.3 22.9
v -1.8 2.3 22.8
v -1.8 2.3 22.7
v -1.8 2.3 22.6
v -1.8 2.3 22.5
v -1.8 2.3 22.4
v -1.8 2.3 22.3
v -1.8 2.4 23.4
v -1.8 2.4 23.3
v -1.8 2.4 23.2
v -1.8 2.4 23.1
v -1.8 2.4 23
v -1.8 2.4 22.9
v -1.8 2.4 22.8
v -1.8 2.4 22.7
v -1.8 2.4 22.6
v -1.8 2.4 22.5
v -1.8 2.4 22.4
v -1.8 2.4 22.3
v -1.7 2.1 23.6
v -1.7 2.1 23.5
v -1.7 2.1 22.2
v -1.7 2.1 22.1
v -1.7 2.2 23.6
v -1.7 2.2 23.5
v -1.7 2.2 22.2
v -1.7 2.2 22.1
v -1.6 2.2 23.6
v -1.6 2.2 23.5
v -1.6 2.2 22.2
v -1.6 2.2 22.1
v -1.6 2.3 23.6
v -1.6 2.3 23.5
v -1.6 2.3 22.2
v -1.6 2.3 22.1
v -1.5 2.3 23.6
v -1.5 2.3 23.5
v -1.5 2.3 22.2
v -1.5 2.3 22.1
v -1.5 2.4 23.6
v -1.5 2.4 23.5
v -1.5 2.4 22.2
v -1.5 2.4 22.1
v -1.5 2.6 23.4
v -1.5 2.6 23.3
v -1.5 2.6 23.2
v -1.5 2.6 23.1
v -1.5 2.6 23
v -1.5 2.6 22.9
v -1.5 2.6 22.8
v -1.5 2.6 22.7
v -1.5 2.6 22.6
v -1.5 2.6 22.5
v -1.5 2.6 22.4
v -1.5 2.6 22.3
v -1.5 2.7 23.4
v -1.5 2.7 23.3
v -1.5 2.7 23.2
v -1.5 2.7 23.1
v -1.5 2.7 23
v -1.5 2.7 22.9
v -1.5 2.7 22.8
v -1.5 2.7 22.7
v -1.5 2.7 22.6
v -1.5 2.7 22.5
v -1.5 2.7 22.4
v -1.5 2.7 22.3
v -1.4 2.4 23.6
v -1.4 2.4 23.5
v -1.4 2.4 22.2
v -1.4 2.4 22.1
v -1.4 2.5 23.6
v -1.4 2.5 23.5
v -1.4 2.5 22.2
v -1.4 2.5 22.1
v -1.3 2.5 23.6
v -1.3 2.5 23.5
v -1.3 2.5 22.2
v -1.3 2.5 22.1
v -1.3 2.6 23.6
v -1.3 2.6 23.5
v -1.3 2.6 22.2
v -1.3 2.6 22.1
v -1.2 2.6 23.6
v -1.2 2.6 23.5
v -1.2 2.6 22.2
v -1.2 2.6 22.1
v -1.2 2.7 23.6
v -1.2 2.7 23.5
v -1.2 2.7 22.2
v -1.2 2.7 22.1
v -1.2 2.9 23.4
v -1.2 2.9 23.3
v -1.2 2.9 23.2
v -1.2 2.9 23.1
v -1.2 2.9 23
v -1.2 2.9 22.9
v -1.2 2.9 22.8
v -1.2 2.9 22.7
v -1.2 2.9 22.6
v -1.2 2.9 22.5
v -1.2 2.9 22.4
v -1.2 2.9 22.3
v -1.2 3 23.4
v -1.2 3 23.3
v -1.2 3 23.2
v -1.2 3 23.1
v -1.2 3 23
v -1.2 3 22.9
v -1.2 3 22.8
v -1.2 3 22.7
v -1.2 3 22.6
v -1.2 3 22.5
v -1.2 3 22.4
v -1.2 3 22.3
v -1.1 2.7 23.6
v -1.1 2.7 23.5
v -1.1 2.7 22.2
v -1.1 2.7 22.1
v -1.1 2.8 23.6
v -1.1 2.8 23.5
v -1.1 2.8 22.2
v -1.1 2.8 22.1
v -1 2.8 23.6
v -1 2.8 23.5
v -1 2.8 22.2
v -1 2.8 22.1
v -1 2.9 23.6
v -1 2.9 23.5
v -1 2.9 22.2
v -1 2.9 22.1
v -0.9 2.9 23.6
v -0.9 2.9 23.5
v -0.9 2.9 22.2
v -0.9 2.9 22.1
v -0.9 3 23.6
v -0.9 3 23.5
v -0.9 3 22.2
v -0.9 3 22.1
v -0.9 3.2 23.4
v -0.9 3.2 23.3
v -0.9 3.2 23.2
v -0.9 3.2 23.1
v -0.9 3.2 23
v -0.9 3.2 22.9
v -0.9 3.2 22.8
v -0.9 3.2 22.7
v -0.9 3.2 22.6
v -0.9 3.2 22.5
v -0.9 3.2 22.4
v -0.9 3.2 22.3
v -0.9 3.3 23.4
v -0.9 3.3 23.3
v -0.9 3.3 23.2
v -0.9 3.3 23.1
v -0.9 3.3 23
v -0.9 3.3 22.9
v -0.9 3.3 22.8
v -0.9 3.3 22.7
v -0.9 3.3 22.6
v -0.9 3.3 22.5
v -0.9 3.3 22.4
v -0.9 3.3 22.3
v -0.8 3 23.6
v -0.8 3 23.5
v -0.8 3 22.2
v -0.8 3 22.1
v -0.8 3.1 23.6
v -0.8 3.1 23.5
v -0.8 3.1 22.2
v -0.8 3.1 22.1
v -0.7 3.1 23.6
v -0.7 3.1 23.5
v -0.7 3.1 22.2
v -0.7 3.1 22.1
v -0.7 3.2 23.6
v -0.7 3.2 23.5
v -0.7 3.2 22.2
v -0.7 3.2 22.1
v -0.6 3.2 23.6
v -0.6 3.2 23.5
v -0.6 3.2 22.2
v -0.6 3.2 22.1
v -0.6 3.3 23.6
v -0.6 3.3 23.5
v -0.6 3.3 22.2
v -0.6 3.3 22.1
v -0.6 3.5 23.4
v -0.6 3.5 23.3
v -0.6 3.5 23.2
v -0.6 3.5 23.1
v -0.6 3.5 23
v -0.6 3.5 22.9
v -0.6 3.5 22.8
v -0.6 3.5 22.7
v -0.6 3.5 22.6
v -0.6 3.5 22.5
v -0.6 3.5 22.4
v -0.6 3.5 22.3
v -0.6 3.6 23.4
v -0.6 3.6 23.3
v -0.6 3.6 23.2
v -0.6 3.6 23.1
v -0.6 3.6 23
v -0.6 3.6 22.9
v -0.6 3.6 22.8
v -0.6 3.6 22.7
v -0.6 3.6 22.6
v -0.6 3.6 22.5
v -0.6 3.6 22.4
v -0.6 3.6 22.3
v -0.5 3.3 23.6
v -0.5 3.3 23.5
v -0.5 3.3 22.2
v -0.5 3.3 22.1
v -0.5 3.4 23.6
v -0.5 3.4 23.5
v -0.5 3.4 22.2
v -0.5 3.4 22.1
v -0.4 3.4 23.6
v -0.4 3.4 23.5
v -0.4 3.4 22.2
v -0.4 3.4 22.1
v -0.4 3.5 23.6
v -0.4 3.5 23.5
v -0.4 3.5 22.2
v -0.4 3.5 22.1
v -0.3 3.5 23.6
v -0.3 3.5 23.5
v -0.3 3.5 22.2
v -0.3 3.5 22.1
v -0.3 3.6 23.6
v -0.3 3.6 23.5
v -0.3 3.6 22.2
v -0.3 3.6 22.1
v -0.3 3.8 23.4
v -0.3 3.8 23.3
v -0.3 3.8 23.2
v -0.3 3.8 23.1
v -0.3 3.8 23
v -0.3 3.8 22.9
v -0.3 3.8 22.8
v -0.3 3.8 22.7
v -0.3 3.8 22.6
v -0.3 3.8 22.5
v -0.3 3.8 22.4
v -0.3 3.8 22.3
v -0.3 3.9 23.4
v -0.3 3.9 23.3
v -0.3 3.9 23.2
v -0.3 3.9 23.1
v -0.3 3.9 23
v -0.3 3.9 22.9
v -0.3 3.9 22.8
v -0.3 3.9 22.7
v -0.3 3.9 22.6
v -0.3 3.9 22.5
v -0.3 3.9 22.4
v -0.3 3.9 22.3
v -0.2 3.6 23.6
v -0.2 3.6 23.5
v -0.2 3.6 22.2
v -0.2 3.6 22.1
v -0.2 3.7 23.6
v -0.2 3.7 23.5
v -0.2 3.7 22.2
v -0.2 3.7 22.1
v -0.0999997 3.7 23.6
v -0.0999997 3.7 23.5
v -0.0999997 3.7 22.2
v -0.0999997 3.7 22.1
v -0.0999997 3.8 23.6
v -0.0999997 3.8 23.5
v -0.0999997 3.8 22.2
v -0.0999997 3.8 22.1
v 2.5332e-007 3.8 23.6
v 2.5332e-007 3.8 23.5
v 2.5332e-007 3.8 22.2
v 2.5332e-007 3.8 22.1
v 2.5332e-007 3.9 23.6
v 2.5332e-007 3.9 23.5
v 2.5332e-007 3.9 22.2
v 2.5332e-007 3.9 22.1
v 2.5332e-007 4.1 23.4
v 2.5332e-007 4.1 23.3
v 2.5332e-007 4.1 23.2
v 2.5332e-007 4.1 23.1
v 2.5332e-007 4.1 23
v 2.5332e-007 4.1 22.9
v 2.5332e-007 4.1 22.8
v 2.5332e-007 4.1 22.7
v 2.5332e-007 4.1 22.6
v 2.5332e-007 4.1 22.5
v 2.5332e-007 4.1 22.4
v 2.5332e-007 4.1 22.3
v 2.5332e-007 4.2 23.4
v 2.5332e-007 4.2 23.3
v 2.5332e-007 4.2 23.2
v 2.5332e-007 4.2 23.1
v 2.5332e-007 4.2 23
v 2.5332e-007 4.2 22.9
v 2.5332e-007 4.2 22.8
v 2.5332e-007 4.2 22.7
v 2.5332e-007 4.2 22.6
v 2.5332e-007 4.2 22.5
v 2.5332e-007 4.2 22.4
v 2.5332e-007 4.2 22.3
v 0.1 3.9 23.6
v 0.1 3.9 23.5
v 0.1 3.9 22.2
v 0.1 3.9 22.1
v 0.1 4 23.6
v 0.1 4 23.5
v 0.1 4 22.2
v 0.1 4 22.1
v 0.2 4 23.6
v 0.2 4 23.5
v 0.2 4 22.2
v 0.2 4 22.1
v 0.2 4.1 23.6
v 0.2 4.1 23.5
v 0.2 4.1 22.2
v 0.2 4.1 22.1
v 0.3 4.1 23.6
v 0.3 4.1 23.5
v 0.3 4.1 22.2
v 0.3 4.1 22.1
v 0.3 4.2 23.6
v 0.3 4.2 23.5
v 0.3 4.2 22.2
v 0.3 4.2 22.1
v 0.3 4.4 23.4
v 0.3 4.4 23.3
v 0.3 4.4 23.2
v 0.3 4.4 23.1
v 0.3 4.4 23
v 0.3 4.4 22.9
v 0.3 4.4 22.8
v 0.3 4.4 22.7
v 0.3 4.4 22.6
v 0.3 4.4 22.5
v 0.3 4.4 22.4
v 0.3 4.4 22.3
v 0.3 4.5 23.4
v 0.3 4.5 23.3
v 0.3 4.5 23.2
v 0.3 4.5 23.1
v 0.3 4.5 23
v 0.3 4.5 22.9
v 0.3 4.5 22.8
v 0.3 4.5 22.7
v 0.3 4.5 22.6
v 0.3 4.5 22.5
v 0.3 4.5 22.4
v 0.3 4.5 22.3
v 0.4 4.2 23.6
v 0.4 4.2 23.5
v 0.4 4.2 22.2
v 0.4 4.2 22.1
v 0.4 4.3 23.6
v 0.4 4.3 23.5
v 0.4 4.3 22.2
v 0.4 4.3 22.1
v 0.5 4.3 23.6
v 0.5 4.3 23.5
v 0.5 4.3 22.2
v 0.5 4.3 22.1
v 0.5 4.4 23.6
v 0.5 4.4 23.5
v 0.5 4.4 22.2
v 0.5 4.4 22.1
v 0.6 4.4 23.6
v 0.6 4.4 23.5
v 0.6 4.4 22.2
v 0.6 4.4 22.1
v 0.6 4.5 23.6
v 0.6 4.5 23.5
v 0.6 4.5 22.2
v 0.6 4.5 22.1
v 0.6 4.7 23.4
v 0.6 4.7 23.3
v 0.6 4.7 23.2
v 0.6 4.7 23.1
v 0.6 4.7 23
v 0.6 4.7 22.9
v 0.6 4.7 22.8
v 0.6 4.7 22.7
v 0.6 4.7 22.6
v 0.6 4.7 22.5
v 0.6 4.7 22.4
v 0.6 4.7 22.3
v 0.6 4.8 23.4
v 0.6 4.8 23.3
v 0.6 4.8 23.2
v 0.6 4.8 23.1
v 0.6 4.8 23
v 0.6 4.8 22.9
v 0.6 4.8 22.8
v 0.6 4.8 22.7
v 0.6 4.8 22.6
v 0.6 4.8 22.5
v 0.6 4.8 22.4
v 0.6 4.8 22.3
v 0.7 4.5 23.6
v 0.7 4.5 23.5
v 0.7 4.5 22.2
v 0.7 4.5 22.1
v 0.7 4.6 23.6
v 0.7 4.6 23.5
v 0.7 4.6 22.2
v 0.7 4.6 22.1
v 0.8 4.6 23.6
v 0.8 4.6 23.5
v 0.8 4.6 22.2
v 0.8 4.6 22.1
v 0.8 4.7 23.6
v 0.8 4.7 23.5
v 0.8 4.7 22.2
v 0.8 4.7 22.1
v 0.9 4.7 23.6
v 0.9 4.7 23.5
v 0.9 4.7 22.2
v 0.9 4.7 22.1
v 0.9 4.8 23.6
v 0.9 4.8 23.5
v 0.9 4.8 22.2
v 0.9 4.8 22.1
v 0.9 5 23.4
v 0.9 5 23.3
v 0.9 5 23.2
v 0.9 5 23.1
v 0.9 5 23
v 0.9 5 22.9
v 0.9 5 22.8
v 0.9 5 22.7
v 0.9 5 22.6
v 0.9 5 22.5
v 0.9 5 22.4
v 0.9 5 22.3
v 0.9 5.1 23.4
v 0.9 5.1 23.3
v 0.9 5.1 23.2
v 0.9 5.1 23.1
v 0.9 5.1 23
v 0.9 5.1 22.9
v 0.9 5.1 22.8
v 0.9 5.1 22.7
v 0.9 5.1 22.6
v 0.9 5.1 22.5
v 0.9 5.1 22.4
v 0.9 5.1 22.3
v 1 4.8 23.6
v 1 4.8 23.5
v 1 4.8 22.2
v 1 4.8 22.1
v 1 4.9 23.6
v 1 4.9 23.5
v 1 4.9 22.2
v 1 4.9 22.1
v 1.1 4.9 23.6
v 1.1 4.9 23.5
v 1.1 4.9 22.2
v 1.1 4.9 22.1
v 1.1 5 23.6
v 1.1 5 23.5
v 1.1 5 22.2
v 1.1 5 22.1
v 1.2 5 23.6
v 1.2 5 23.5
v 1.2 5 22.2
v 1.2 5 22.1
v 1.2 5.1 23.6
v 1.2 5.1 23.5
v 1.2 5.1 22.2
v 1.2 5.1 22.1
v 1.2 5.3 23.4
v 1.2 5.3 23.3
v 1.2 5.3 23.2
v 1.2 5.3 23.1
v 1.2 5.3 23
v 1.2 5.3 22.9
v 1.2 5.3 22.8
v 1.2 5.3 22.7
v 1.2 5.3 22.6
v 1.2 5.3 22.5
v 1.2 5.3 22.4
v 1.2 5.3 22.3
v 1.2 5.4 23.4
v 1.2 5.4 23.3
v 1.2 5.4 23.2
v 1.2 5.4 23.1
v 1.2 5.4 23
v 1.2 5.4 22.9
v 1.2 5.4 22.8
v 1.2 5.4 22.7
v 1.2 5.4 22.6
v 1.2 5.4 22.5
v 1.2 5.4 22.4
v 1.2 5.4 22.3
v 1.3 5.1 23.6
v 1.3 5.1 23.5
v 1.3 5.1 22.2
v 1.3 5.1 22.1
v 1.3 5.2 23.6
v 1.3 5.2 23.5
v 1.3 5.2 22.2
v 1.3 5.2 22.1
v 1.4 5.2 23.6
v 1.4 5.2 23.5
v 1.4 5.2 22.2
v 1.4 5.2 22.1
v 1.4 5.3 23.6
v 1.4 5.3 23.5
v 1.4 5.3 22.2
v 1.4 5.3 22.1
v 1.5 5.3 23.6
v 1.5 5.3 23.5
v 1.5 5.3 22.2
v 1.5 5.3 22.1
v 1.5 5.4 23.6
v 1.5 5.4 23.5
v 1.5 5.4 22.2
v 1.5 5.4 22.1
v 1.5 5.6 23.4
v 1.5 5.6 23.3
v 1.5 5.6 23.2
v 1.5 5.6 23.1
v 1.5 5.6 23
v 1.5 5.6 22.9
v 1.5 5.6 22.8
v 1.5 5.6 22.7
v 1.5 5.6 22.6
v 1.5 5.6 22.5
v 1.5 5.6 22.4
v 1.5 5.6 22.3
v 1.5 5.7 23.4
v 1.5 5.7 23.3
v 1.5 5.7 23.2
v 1.5 5.7 23.1
v 1.5 5.7 23
v 1.5 5.7 22.9
v 1.5 5.7 22.8
v 1.5 5.7 22.7
v 1.5 5.7 22.6
v 1.5 5.7 22.5
v 1.5 5.7 22.4
v 1.5 5.7 22.3
v 1.6 5.4 23.6
v 1.6 5.4 23.5
v 1.6 5.4 22.2
v 1.6 5.4 22.1
v 1.6 5.5 23.6
v 1.6 5.5 23.5
v 1.6 5.5 22.2
v 1.6 5.5 22.1
v 1.7 5.5 23.6
v 1.7 5.5 23.5
v 1.7 5.5 22.2
v 1.7 5.5 22.1
v 1.7 5.6 23.6
v 1.7 5.6 23.5
v 1.7 5.6 22.2
v 1.7 5.6 22.1
v 1.8 5.6 23.6
v 1.8 5.6 23.5
v 1.8 5.6 22.2
v 1.8 5.6 22.1
v 1.8 5.7 23.6
v 1.8 5.7 23.5
v 1.8 5.7 22.2
v 1.8 5.7 22.1
v 1.8 5.9 23.4
v 1.8 5.9 23.3
v 1.8 5.9 23.2
v 1.8 5.9 23.1
v 1.8 5.9 23
v 1.8 5.9 22.9
v 1.8 5.9 22.8
v 1.8 5.9 22.7
v 1.8 5.9 22.6
v 1.8 5.9 22.5
v 1.8 5.9 22.4
v 1.8 5.9 22.3
v 1.8 6 23.4
v 1.8 6 23.3
v 1.8 6 23.2
v 1.8 6 23.1
v 1.8 6 23
v 1.8 6 22.9
v 1.8 6 22.8
v 1.8 6 22.7
v 1.8 6 22.6
v 1.8 6 22.5
v 1.8 6 22.4
v 1.8 6 22.3
v 1.9 5.7 23.6
v 1.9 5.7 23.5
v 1.9 5.7 22.2
v 1.9 5.7 22.1
v 1.9 5.8 23.6
v 1.9 5.8 23.5
v 1.9 5.8 22.2
v 1.9 5.8 22.1
v 2 5.8 23.6
v 2 5.8 23.5
v 2 5.8 22.2
v 2 5.8 22.1
v 2 5.9 23.6
v 2 5.9 23.5
v 2 5.9 22.2
v 2 5.9 22.1
v 2.1 5.9 23.6
v 2.1 5.9 23.5
v 2.1 5.9 22.2
v 2.1 5.9 22.1
v 2.1 6 23.6
v 2.1 6 23.5
v 2.1 6 22.2
v 2.1 6 22.1
v 2.1 6.2 23.4
v 2.1 6.2 23.3
v 2.1 6.2 23.2
v 2.1 6.2 23.1
v 2.1 6.2 23
v 2.1 6.2 22.9
v 2.1 6.2 22.8
v 2.1 6.2 22.7
v 2.1 6.2 22.6
v 2.1 6.2 22.5
v 2.1 6.2 22.4
v 2.1 6.2 22.3
v 2.1 6.3 23.4
v 2.1 6.3 23.3
v 2.1 6.3 23.2
v 2.1 6.3 23.1
v 2.1 6.3 23
v 2.1 6.3 22.9
v 2.1 6.3 22.8
v 2.1 6.3 22.7
v 2.1 6.3 22.6
v 2.1 6.3 22.5
v 2.1 6.3 22.4
v 2.1 6.3 22.3
v 2.2 6 23.6
v 2.2 6 23.5
v 2.2 6 22.2
v 2.2 6 22.1
v 2.2 6.1 23.6
v 2.2 6.1 23.5
v 2.2 6.1 22.2
v 2.2 6.1 22.1
v 2.3 6.1 23.6
v 2.3 6.1 23.5
v 2.3 6.1 22.2
v 2.3 6.1 22.1
v 2.3 6.2 23.6
v 2.3 6.2 23.5
v 2.3 6.2 22.2
v 2.3 6.2 22.1
v 2.4 6.2 23.6
v 2.4 6.2 23.5
v 2.4 6.2 22.2
v 2.4 6.2 22.1
v 2.4 6.3 23.6
v 2.4 6.3 23.5
v 2.4 6.3 22.2
v 2.4 6.3 22.1
v 2.4 6.5 23.4
v 2.4 6.5 23.3
v 2.4 6.5 23.2
v 2.4 6.5 23.1
v 2.4 6.5 23
v 2.4 6.5 22.9
v 2.4 6.5 22.8
v 2.4 6.5 22.7
v 2.4 6.5 22.6
v 2.4 6.5 22.5
v 2.4 6.5 22.4
v 2.4 6.5 22.3
v 2.4 6.6 23.4
v 2.4 6.6 23.3
v 2.4 6.6 23.2
v 2.4 6.6 23.1
v 2.4 6.6 23
v 2.4 6.6 22.9
v 2.4 6.6 22.8
v 2.4 6.6 22.7
v 2.4 6.6 22.6
v 2.4 6.6 22.5
v 2.4 6.6 22.4
v 2.4 6.6 22.3
v 2.5 6.3 23.6
v 2.5 6.3 23.5
v 2.5 6.3 22.2
v 2.5 6.3 22.1
v 2.5 6.4 23.6
v 2.5 6.4 23.5
v 2.5 6.4 22.2
v 2.5 6.4 22.1
v 2.6 6.4 23.6
v 2.6 6.4 23.5
v 2.6 6.4 22.2
v 2.6 6.4 22.1
v 2.6 6.5 23.6
v 2.6 6.5 23.5
v 2.6 6.5 22.2
v 2.6 6.5 22.1
v 2.7 6.5 23.6
v 2.7 6.5 23.5
v 2.7 6.5 22.2
v 2.7 6.5 22.1
v 2.7 6.6 23.6
v 2.7 6.6 23.5
v 2.7 6.6 22.2
v 2.7 6.6 22.1
v 2.7 6.8 23.4
v 2.7 6.8 23.3
v 2.7 6.8 23.2
v 2.7 6.8 23.1
v 2.7 6.8 23
v 2.7 6.8 22.9
v 2.7 6.8 22.8
v 2.7 6.8 22.7
v 2.7 6.8 22.6
v 2.7 6.8 22.5
v 2.7 6.8 22.4
v 2.7 6.8 22.3
v 2.7 6.9 23.4
v 2.7 6.9 23.3
v 2.7 6.9 23.2
v 2.7 6.9 23.1
v 2.7 6.9 23
v 2.7 6.9 22.9
v 2.7 6.9 22.8
v 2.7 6.9 22.7
v 2.7 6.9 22.6
v 2.7 6.9 22.5
v 2.7 6.9 22.4
v 2.7 6.9 22.3
v 2.8 6.6 23.6
v 2.8 6.6 23.5
v 2.8 6.6 22.2
v 2.8 6.6 22.1
v 2.8 6.7 23.6
v 2.8 6.7 23.5
v 2.8 6.7 22.2
v 2.8 6.7 22.1
v 2.9 6.7 23.6
v 2.9 6.7 23.5
v 2.9 6.7 22.2
v 2.9 6.7 22.1
v 2.9 6.8 23.6
v 2.9 6.8 23.5
v 2.9 6.8 22.2
v 2.9 6.8 22.1
v 3 6.8 23.6
v 3 6.8 23.5
v 3 6.8 22.2
v 3 6.8 22.1
v 3 6.9 23.6
v 3 6.9 23.5
v 3 6.9 22.2
v 3 6.9 22.1
v 3 7.1 23.4
v 3 7.1 23.3
v 3 7.1 23.2
v 3 7.1 23.1
v 3 7.1 23
v 3 7.1 22.9
v 3 7.1 22.8
v 3 7.1 22.7
v 3 7.1 22.6
v 3 7.1 22.5
v 3 7.1 22.4
v 3 7.1 22.3
v 3 7.2 23.4
v 3 7.2 23.3
v 3 7.2 23.2
v 3 7.2 23.1
v 3 7.2 23
v 3 7.2 22.9
v 3 7.2 22.8
v 3 7.2 22.7
v 3 7.2 22.6
v 3 7.2 22.5
v 3 7.2 22.4
v 3 7.2 22.3
v 3.1 6.9 23.6
v 3.1 6.9 23.5
v 3.1 6.9 22.2
v 3.1 6.9 22.1
v 3.1 7 23.6
v 3.1 7 23.5
v 3.1 7 22.2
v 3.1 7 22.1
v 3.2 7 23.6
v 3.2 7 23.5
v 3.2 7 22.2
v 3.2 7 22.1
v 3.2 7.1 23.6
v 3.2 7.1 23.5
v 3.2 7.1 22.2
v 3.2 7.1 22.1
v 3.3 7.1 23.6
v 3.3 7.1 23.5
v 3.3 7.1 22.2
v 3.3 7.1 22.1
v 3.3 7.2 23.6
v 3.3 7.2 23.5
v 3.3 7.2 22.2
v 3.3 7.2 22.1
v 3.3 7.4 23.4
v 3.3 7.4 23.3
v 3.3 7.4 23.2
v 3.3 7.4 23.1
v 3.3 7.4 23
v 3.3 7.4 22.9
v 3.3 7.4 22.8
v 3.3 7.4 22.7
v 3.3 7.4 22.6
v 3.3 7.4 22.5
v 3.3 7.4 22.4
v 3.3 7.4 22.3
v 3.3 7.5 23.4
v 3.3 7.5 23.3
v 3.3 7.5 23.2
v 3.3 7.5 23.1
v 3.3 7.5 23
v 3.3 7.5 22.9
v 3.3 7.5 22.8
v 3.3 7.5 22.7
v 3.3 7.5 22.6
v 3.3 7.5 22.5
v 3.3 7.5 22.4
v 3.3 7.5 22.3
v 3.4 7.2 23.6
v 3.4 7.2 23.5
v 3.4 7.2 22.2
v 3.4 7.2 22.1
v 3.4 7.3 23.6
v 3.4 7.3 23.5
v 3.4 7.3 22.2
v 3.4 7.3 22.1
v 3.5 7.3 23.6
v 3.5 7.3 23.5
v 3.5 7.3 22.2
v 3.5 7.3 22.1
v 3.5 7.4 23.6
v 3.5 7.4 23.5
v 3.5 7.4 22.2
v 3.5 7.4 22.1
v 3.6 7.4 23.6
v 3.6 7.4 23.5
v 3.6 7.4 22.2
v 3.6 7.4 22.1
v 3.6 7.5 23.6
v 3.6 7.5 23.5
v 3.6 7.5 22.2
v 3.6 7.5 22.1
v 3.6 7.7 23.4
v 3.6 7.7 23.3
v 3.6 7.7 23.2
v 3.6 7.7 23.1
v 3.6 7.7 23
v 3.6 7.7 22.9
v 3.6 7.7 22.8
v 3.6 7.7 22.7
v 3.6 7.7 22.6
v 3.6 7.7 22.5
v 3.6 7.7 22.4
v 3.6 7.7 22.3
v 3.6 7.8 23.4
v 3.6 7.8 23.3
v 3.6 7.8 23.2
v 3.6 7.8 23.1
v 3.6 7.8 23
v 3.6 7.8 22.9
v 3.6 7.8 22.8
v 3.6 7.8 22.7
v 3.6 7.8 22.6
v 3.6 7.8 22.5
v 3.6 7.8 22.4
v 3.6 7.8 22.3
v 3.7 7.5 23.6
v 3.7 7.5 23.5
v 3.7 7.5 22.2
v 3.7 7.5 22.1
v 3.7 7.6 23.6
v 3.7 7.6 23.5
v 3.7 7.6 22.2
v 3.7 7.6 22.1
v 3.8 7.6 23.6
v 3.8 7.6 23.5
v 3.8 7.6 22.2
v 3.8 7.6 22.1
v 3.8 7.7 23.6
v 3.8 7.7 23.5
v 3.8 7.7 22.2
v 3.8 7.7 22.1
v 3.9 7.7 23.6
v 3.9 7.7 23.5
v 3.9 7.7 22.2
v 3.9 7.7 22.1
v 3.9 7.8 23.6
v 3.9 7.8 23.5
v 3.9 7.8 22.2
v 3.9 7.8 22.1
v -4.1 0 23.6
v -4.1 0.2 23.6
v -4 0.2 23.6
v -4 0.3 23.6
v -3.9 0.3 23.6
v -3.9 0.4 23.6
v -3.8 0 23.6
v -3.8 0.1 23.6
v -3.8 0.4 23.6
v -3.8 0.5 23.6
v -3.7 0.1 23.6
v -3.7 0.2 23.6
v -3.7 0.5 23.6
v -3.7 0.6 23.6
v -3.6 0.2 23.6
v -3.6 0.3 23.6
v -3.6 0.6 23.6
v -3.6 0.7 23.6
v -3.5 0.3 23.6
v -3.5 0.4 23.6
v -3.5 0.7 23.6
v -3.5 0.8 23.6
v -3.4 0.4 23.6
v -3.4 0.5 23.6
v -3.4 0.8 23.6
v -3.4 0.9 23.6
v -3.3 0.5 23.6
v -3.3 0.6 23.6
v -3.3 0.9 23.6
v -3.3 1 23.6
v -3.2 0.6 23.6
v -3.2 0.7 23.6
v -3.2 1 23.6
v -3.2 1.1 23.6
v -3.1 0.7 23.6
v -3.1 0.8 23.6
v -3.1 1.1 23.6
v -3.1 1.2 23.6
v -3 0.8 23.6
v -3 0.9 23.6
v -3 1.2 23.6
v -3 1.3 23.6
v -2.9 0.9 23.6
v -2.9 1 23.6
v -2.9 1.3 23.6
v -2.9 1.4 23.6
v -2.8 1 23.6
v -2.8 1.1 23.6
v -2.8 1.4 23.6
v -2.8 1.5 23.6
v -2.7 1.1 23.6
v -2.7 1.2 23.6
v -2.7 1.5 23.6
v -2.7 1.6 23.6
v -2.6 1.2 23.6
v -2.6 1.3 23.6
v -2.6 1.6 23.6
v -2.6 1.7 23.6
v -2.5 1.3 23.6
v -2.5 1.4 23.6
v -2.5 1.7 23.6
v -2.5 1.8 23.6
v -2.4 1.4 23.6
v -2.4 1.5 23.6
v -2.4 1.8 23.6
v -2.4 1.9 23.6
v -2.3 1.5 23.6
v -2.3 1.6 23.6
v -2.3 1.9 23.6
v -2.3 2 23.6
v -2.2 1.6 23.6
v -2.2 1.7 23.6
v -2.2 2 23.6
v -2.2 2.1 23.6
v -2.1 1.7 23.6
v -2.1 1.8 23.6
v -2.1 2.1 23.6
v -2.1 2.2 23.6
v -2 1.8 23.6
v -2 1.9 23.6
v -2 2.2 23.6
v -2 2.3 23.6
v -1.9 1.9 23.6
v -1.9 2 23.6
v -1.9 2.3 23.6
v -1.9 2.4 23.6
v -1.8 2 23.6
v -1.8 2.1 23.6
v -1.8 2.4 23.6
v -1.8 2.5 23.6
v -1.7 2.1 23.6
v -1.7 2.2 23.6
v -1.7 2.5 23.6
v -1.7 2.6 23.6
v -1.6 2.2 23.6
v -1.6 2.3 23.6
v -1.6 2.6 23.6
v -1.6 2.7 23.6
v -1.5 2.3 23.6
v -1.5 2.4 23.6
v -1.5 2.7 23.6
v -1.5 2.8 23.6
v -1.4 2.4 23.6
v -1.4 2.5 23.6
v -1.4 2.8 23.6
v -1.4 2.9 23.6
v -1.3 2.5 23.6
v -1.3 2.6 23.6
v -1.3 2.9 23.6
v -1.3 3 23.6
v -1.2 2.6 23.6
v -1.2 2.7 23.6
v -1.2 3 23.6
v -1.2 3.1 23.6
v -1.1 2.7 23.6
v -1.1 2.8 23.6
v -1.1 3.1 23.6
v -1.1 3.2 23.6
v -1 2.8 23.6
v -1 2.9 23.6
v -1 3.2 23.6
v -1 3.3 23.6
v -0.9 2.9 23.6
v -0.9 3 23.6
v -0.9 3.3 23.6
v -0.9 3.4 23.6
v -0.8 3 23.6
v -0.8 3.1 23.6
v -0.8 3.4 23.6
v -0.8 3.5 23.6
v -0.7 3.1 23.6
v -0.7 3.2 23.6
v -0.7 3.5 23.6
v -0.7 3.6 23.6
v -0.6 3.2 23.6
v -0.6 3.3 23.6
v -0.6 3.6 23.6
v -0.6 3.7 23.6
v -0.5 3.3 23.6
v -0.5 3.4 23.6
v -0.5 3.7 23.6
v -0.5 3.8 23.6
v -0.4 3.4 23.6
v -0.4 3.5 23.6
v -0.4 3.8 23.6
v -0.4 3.9 23.6
v -0.3 3.5 23.6
v -0.3 3.6 23.6
v -0.3 3.9 23.6
v -0.3 4 23.6
v -0.2 3.6 23.6
v -0.2 3.7 23.6
v -0.2 4 23.6
v -0.2 4.1 23.6
v -0.0999997 3.7 23.6
v -0.0999997 3.8 23.6
v -0.0999997 4.1 23.6
v -0.0999997 4.2 23.6
v 2.5332e-007 3.8 23.6
v 2.5332e-007 3.9 23.6
v 2.5332e-007 4.2 23.6
v 2.5332e-007 4.3 23.6
v 0.1 3.9 23.6
v 0.1 4 23.6
v 0.1 4.3 23.6
v 0.1 4.4 23.6
v 0.2 4 23.6
v 0.2 4.1 23.6
v 0.2 4.4 23.6
v 0.2 4.5 23.6
v 0.3 4.1 23.6
v 0.3 4.2 23.6
v 0.3 4.5 23.6
v 0.3 4.6 23.6
v 0.4 4.2 23.6
v 0.4 4.3 23.6
v 0.4 4.6 23.6
v 0.4 4.7 23.6
v 0.5 4.3 23.6
v 0.5 4.4 23.6
v 0.5 4.7 23.6
v 0.5 4.8 23.6
v 0.6 4.4 23.6
v 0.6 4.5 23.6
v 0.6 4.8 23.6
v 0.6 4.9 23.6
v 0.7 4.5 23.6
v 0.7 4.6 23.6
v 0.7 4.9 23.6
v 0.7 5 23.6
v 0.8 4.6 23.6
v 0.8 4.7 23.6
v 0.8 5 23.6
v 0.8 5.1 23.6
v 0.9 4.7 23.6
v 0.9 4.8 23.6
v 0.9 5.1 23.6
v 0.9 5.2 23.6
v 1 4.8 23.6
v 1 4.9 23.6
v 1 5.2 23.6
v 1 5.3 23.6
v 1.1 4.9 23.6
v 1.1 5 23.6
v 1.1 5.3 23.6
v 1.1 5.4 23.6
v 1.2 5 23.6
v 1.2 5.1 23.6
v 1.2 5.4 23.6
v 1.2 5.5 23.6
v 1.3 5.1 23.6
v 1.3 5.2 23.6
v 1.3 5.5 23.6
v 1.3 5.6 23.6
v 1.4 5.2 23.6
v 1.4 5.3 23.6
v 1.4 5.6 23.6
v 1.4 5.7 23.6
v 1.5 5.3 23.6
v 1.5 5.4 23.6
v 1.5 5.7 23.6
v 1.5 5.8 23.6
v 1.6 5.4 23.6
v 1.6 5.5 23.6
v 1.6 5.8 23.6
v 1.6 5.9 23.6
v 1.7 5.5 23.6
v 1.7 5.6 23.6
v 1.7 5.9 23.6
v 1.7 6 23.6
v 1.8 5.6 23.6
v 1.8 5.7 23.6
v 1.8 6 23.6
v 1.8 6.1 23.6
v 1.9 5.7 23.6
v 1.9 5.8 23.6
v 1.9 6.1 23.6
v 1.9 6.2 23.6
v 2 5.8 23.6
v 2 5.9 23.6
v 2 6.2 23.6
v 2 6.3 23.6
v 2.1 5.9 23.6
v 2.1 6 23.6
v 2.1 6.3 23.6
v 2.1 6.4 23.6
v 2.2 6 23.6
v 2.2 6.1 23.6
v 2.2 6.4 23.6
v 2.2 6.5 23.6
v 2.3 6.1 23.6
v 2.3 6.2 23.6
v 2.3 6.5 23.6
v 2.3 6.6 23.6
v 2.4 6.2 23.6
v 2.4 6.3 23.6
v 2.4 6.6 23.6
v 2.4 6.7 23.6
v 2.5 6.3 23.6
v 2.5 6.4 23.6
v 2.5 6.7 23.6
v 2.5 6.8 23.6
v 2.6 6.4 23.6
v 2.6 6.5 23.6
v 2.6 6.8 23.6
v 2.6 6.9 23.6
v 2.7 6.5 23.6
v 2.7 6.6 23.6
v 2.7 6.9 23.6
v 2.7 7 23.6
v 2.8 6.6 23.6
v 2.8 6.7 23.6
v 2.8 7 23.6
v 2.8 7.1 23.6
v 2.9 6.7 23.6
v 2.9 6.8 23.6
v 2.9 7.1 23.6
v 2.9 7.2 23.6
v 3 6.8 23.6
v 3 6.9 23.6
v 3 7.2 23.6
v 3 7.3 23.6
v 3.1 6.9 23.6
v 3.1 7 23.6
v 3.1 7.3 23.6
v 3.1 7.4 23.6
v 3.2 7 23.6
v 3.2 7.1 23.6
v 3.2 7.4 23.6
v 3.2 7.5 23.6
v 3.3 7.1 23.6
v 3.3 7.2 23.6
v 3.3 7.5 23.6
v 3.3 7.6 23.6
v 3.4 7.2 23.6
v 3.4 7.3 23.6
v 3.4 7.6 23.6
v 3.4 7.7 23.6
v 3.5 7.3 23.6
v 3.5 7.4 23.6
v 3.5 7.7 23.6
v 3.5 7.8 23.6
v 3.6 7.4 23.6
v 3.6 7.5 23.6
v 3.7 7.5 23.6
v 3.7 7.6 23.6
v 3.8 7.6 23.6
v 3.8 7.7 23.6
v 3.9 7.7 23.6
v 3.9 7.8 23.6
v -3.9 0.2 23.3
v -3.9 0.3 23.3
v -3.7 0.2 23.3
v -3.7 0.3 23.3
v -3.6 0.5 23.3
v -3.6 0.6 23.3
v -3.4 0.5 23.3
v -3.4 0.6 23.3
v -3.3 0.8 23.3
v -3.3 0.9 23.3
v -3.1 0.8 23.3
v -3.1 0.9 23.3
v -3 1.1 23.3
v -3 1.2 23.3
v -2.8 1.1 23.3
v -2.8 1.2 23.3
v -2.7 1.4 23.3
v -2.7 1.5 23.3
v -2.5 1.4 23.3
v -2.5 1.5 23.3
v -2.4 1.7 23.3
v -2.4 1.8 23.3
v -2.2 1.7 23.3
v -2.2 1.8 23.3
v -2.1 2 23.3
v -2.1 2.1 23.3
v -1.9 2 23.3
v -1.9 2.1 23.3
v -1.8 2.3 23.3
v -1.8 2.4 23.3
v -1.6 2.3 23.3
v -1.6 2.4 23.3
v -1.5 2.6 23.3
v -1.5 2.7 23.3
v -1.3 2.6 23.3
v -1.3 2.7 23.3
v -1.2 2.9 23.3
v -1.2 3 23.3
v -1 2.9 23.3
v -1 3 23.3
v -0.9 3.2 23.3
v -0.9 3.3 23.3
v -0.7 3.2 23.3
v -0.7 3.3 23.3
v -0.6 3.5 23.3
v -0.6 3.6 23.3
v -0.4 3.5 23.3
v -0.4 3.6 23.3
v -0.3 3.8 23.3
v -0.3 3.9 23.3
v -0.0999997 3.8 23.3
v -0.0999997 3.9 23.3
v 2.5332e-007 4.1 23.3
v 2.5332e-007 4.2 23.3
v 0.2 4.1 23.3
v 0.2 4.2 23.3
v 0.3 4.4 23.3
v 0.3 4.5 23.3
v 0.5 4.4 23.3
v 0.5 4.5 23.3
v 0.6 4.7 23.3
v 0.6 4.8 23.3
v 0.8 4.7 23.3
v 0.8 4.8 23.3
v 0.9 5 23.3
v 0.9 5.1 23.3
v 1.1 5 23.3
v 1.1 5.1 23.3
v 1.2 5.3 23.3
v 1.2 5.4 23.3
v 1.4 5.3 23.3
v 1.4 5.4 23.3
v 1.5 5.6 23.3
v 1.5 5.7 23.3
v 1.7 5.6 23.3
v 1.7 5.7 23.3
v 1.8 5.9 23.3
v 1.8 6 23.3
v 2 5.9 23.3
v 2 6 23.3
v 2.1 6.2 23.3
v 2.1 6.3 23.3
v 2.3 6.2 23.3
v 2.3 6.3 23.3
v 2.4 6.5 23.3
v 2.4 6.6 23.3
v 2.6 6.5 23.3
v 2.6 6.6 23.3
v 2.7 6.8 23.3
v 2.7 6.9 23.3
v 2.9 6.8 23.3
v 2.9 6.9 23.3
v 3 7.1 23.3
v 3 7.2 23.3
v 3.2 7.1 23.3
v 3.2 7.2 23.3
v 3.3 7.4 23.3
v 3.3 7.5 23.3
v 3.5 7.4 23.3
v 3.5 7.5 23.3
v 3.6 7.7 23.3
v 3.6 7.8 23.3
v 3.8 7.7 23.3
v 3.8 7.8 23.3
v -3.9 0.2 23.1
v -3.9 0.3 23.1
v -3.7 0.2 23.1
v -3.7 0.3 23.1
v -3.6 0.5 23.1
v -3.6 0.6 23.1
v -3.4 0.5 23.1
v -3.4 0.6 23.1
v -3.3 0.8 23.1
v -3.3 0.9 23.1
v -3.1 0.8 23.1
v -3.1 0.9 23.1
v -3 1.1 23.1
v -3 1.2 23.1
v -2.8 1.1 23.1
v -2.8 1.2 23.1
v -2.7 1.4 23.1
v -2.7 1.5 23.1
v -2.5 1.4 23.1
v -2.5 1.5 23.1
v -2.4 1.7 23.1
v -2.4 1.8 23.1
v -2.2 1.7 23.1
v -2.2 1.8 23.1
v -2.1 2 23.1
v -2.1 2.1 23.1
v -1.9 2 23.1
v -1.9 2.1 23.1
v -1.8 2.3 23.1
v -1.8 2.4 23.1
v -1.6 2.3 23.1
v -1.6 2.4 23.1
v -1.5 2.6 23.1
v -1.5 2.7 23.1
v -1.3 2.6 23.1
v -1.3 2.7 23.1
v -1.2 2.9 23.1
v -1.2 3 23.1
v -1 2.9 23.1
v -1 3 23.1
v -0.9 3.2 23.1
v -0.9 3.3 23.1
v -0.7 3.2 23.1
v -0.7 3.3 23.1
v -0.6 3.5 23.1
v -0.6 3.6 23.1
v -0.4 3.5 23.1
v -0.4 3.6 23.1
v -0.3 3.8 23.1
v -0.3 3.9 23.1
v -0.0999997 3.8 23.1
v -0.0999997 3.9 23.1
v 2.5332e-007 4.1 23.1
v 2.5332e-007 4.2 23.1
v 0.2 4.1 23.1
v 0.2 4.2 23.1
v 0.3 4.4 23.1
v 0.3 4.5 23.1
v 0.5 4.4 23.1
v 0.5 4.5 23.1
v 0.6 4.7 23.1
v 0.6 4.8 23.1
v 0.8 4.7 23.1
v 0.8 4.8 23.1
v 0.9 5 23.1
v 0.9 5.1 23.1
v 1.1 5 23.1
v 1.1 5.1 23.1
v 1.2 5.3 23.1
v 1.2 5.4 23.1
v 1.4 5.3 23.1
v 1.4 5.4 23.1
v 1.5 5.6 23.1
v 1.5 5.7 23.1
v 1.7 5.6 23.1
v 1.7 5.7 23.1
v 1.8 5.9 23.1
v 1.8 6 23.1
v 2 5.9 23.1
v 2 6 23.1
v 2.1 6.2 23.1
v 2.1 6.3 23.1
v 2.3 6.2 23.1
v 2.3 6.3 23.1
v 2.4 6.5 23.1
v 2.4 6.6 23.1
v 2.6 6.5 23.1
v 2.6 6.6 23.1
v 2.7 6.8 23.1
v 2.7 6.9 23.1
v 2.9 6.8 23.1
v 2.9 6.9 23.1
v 3 7.1 23.1
v 3 7.2 23.1
v 3.2 7.1 23.1
v 3.2 7.2 23.1
v 3.3 7.4 23.1
v 3.3 7.5 23.1
v 3.5 7.4 23.1
v 3.5 7.5 23.1
v 3.6 7.7 23.1
v 3.6 7.8 23.1
v 3.8 7.7 23.1
v 3.8 7.8 23.1
v -3.9 0.2 22.9
v -3.9 0.3 22.9
v -3.7 0.2 22.9
v -3.7 0.3 22.9
v -3.6 0.5 22.9
v -3.6 0.6 22.9
v -3.4 0.5 22.9
v -3.4 0.6 22.9
v -3.3 0.8 22.9
v -3.3 0.9 22.9
v -3.1 0.8 22.9
v -3.1 0.9 22.9
v -3 1.1 22.9
v -3 1.2 22.9
v -2.8 1.1 22.9
v -2.8 1.2 22.9
v -2.7 1.4 22.9
v -2.7 1.5 22.9
v -2.5 1.4 22.9
v -2.5 1.5 22.9
v -2.4 1.7 22.9
v -2.4 1.8 22.9
v -2.2 1.7 22.9
v -2.2 1.8 22.9
v -2.1 2 22.9
v -2.1 2.1 22.9
v -1.9 2 22.9
v -1.9 2.1 22.9
v -1.8 2.3 22.9
v -1.8 2.4 22.9
v -1.6 2.3 22.9
v -1.6 2.4 22.9
v -1.5 2.6 22.9
v -1.5 2.7 22.9
v -1.3 2.6 22.9
v -1.3 2.7 22.9
v -1.2 2.9 22.9
v -1.2 3 22.9
v -1 2.9 22.9
v -1 3 22.9
v -0.9 3.2 22.9
v -0.9 3.3 22.9
v -0.7 3.2 22.9
v -0.7 3.3 22.9
v -0.6 3.5 22.9
v -0.6 3.6 22.9
v -0.4 3.5 22.9
v -0.4 3.6 22.9
v -0.3 3.8 22.9
v -0.3 3.9 22.9
v -0.0999997 3.8 22.9
v -0.0999997 3.9 22.9
v 2.5332e-007 4.1 22.9
v 2.5332e-007 4.2 22.9
v 0.2 4.1 22.9
v 0.2 4.2 22.9
v 0.3 4.4 22.9
v 0.3 4.5 22.9
v 0.5 4.4 22.9
v 0.5 4.5 22.9
v 0.6 4.7 22.9
v 0.6 4.8 22.9
v 0.8 4.7 22.9
v 0.8 4.8 22.9
v 0.9 5 22.9
v 0.9 5.1 22.9
v 1.1 5 22.9
v 1.1 5.1 22.9
v 1.2 5.3 22.9
v 1.2 5.4 22.9
v 1.4 5.3 22.9
v 1.4 5.4 22.9
v 1.5 5.6 22.9
v 1.5 5.7 22.9
v 1.7 5.6 22.9
v 1.7 5.7 22.9
v 1.8 5.9 22.9
v 1.8 6 22.9
v 2 5.9 22.9
v 2 6 22.9
v 2.1 6.2 22.9
v 2.1 6.3 22.9
v 2.3 6.2 22.9
v 2.3 6.3 22.9
v 2.4 6.5 22.9
v 2.4 6.6 22.9
v 2.6 6.5 22.9
v 2.6 6.6 22.9
v 2.7 6.8 22.9
v 2.7 6.9 22.9
v 2.9 6.8 22.9
v 2.9 6.9 22.9
v 3 7.1 22.9
v 3 7.2 22.9
v 3.2 7.1 22.9
v 3.2 7.2 22.9
v 3.3 7.4 22.9
v 3.3 7.5 22.9
v 3.5 7.4 22.9
v 3.5 7.5 22.9
v 3.6 7.7 22.9
v 3.6 7.8 22.9
v 3.8 7.7 22.9
v 3.8 7.8 22.9
v -3.9 0.2 22.7
v -3.9 0.3 22.7
v -3.7 0.2 22.7
v -3.7 0.3 22.7
v -3.6 0.5 22.7
v -3.6 0.6 22.7
v -3.4 0.5 22.7
v -3.4 0.6 22.7
v -3.3 0.8 22.7
v -3.3 0.9 22.7
v -3.1 0.8 22.7
v -3.1 0.9 22.7
v -3 1.1 22.7
v -3 1.2 22.7
v -2.8 1.1 22.7
v -2.8 1.2 22.7
v -2.7 1.4 22.7
v -2.7 1.5 22.7
v -2.5 1.4 22.7
v -2.5 1.5 22.7
v -2.4 1.7 22.7
v -2.4 1.8 22.7
v -2.2 1.7 22.7
v -2.2 1.8 22.7
v -2.1 2 22.7
v -2.1 2.1 22.7
v -1.9 2 22.7
v -1.9 2.1 22.7
v -1.8 2.3 22.7
v -1.8 2.4 22.7
v -1.6 2.3 22.7
v -1.6 2.4 22.7
v -1.5 2.6 22.7
v -1.5 2.7 22.7
v -1.3 2.6 22.7
v -1.3 2.7 22.7
v -1.2 2.9 22.7
v -1.2 3 22.7
v -1 2.9 22.7
v -1 3 22.7
v -0.9 3.2 22.7
v -0.9 3.3 22.7
v -0.7 3.2 22.7
v -0.7 3.3 22.7
v -0.6 3.5 22.7
v -0.6 3.6 22.7
v -0.4 3.5 22.7
v -0.4 3.6 22.7
v -0.3 3.8 22.7
v -0.3 3.9 22.7
v -0.0999997 3.8 22.7
v -0.0999997 3.9 22.7
v 2.5332e-007 4.1 22.7
v 2.5332e-007 4.2 22.7
v 0.2 4.1 22.7
v 0.2 4.2 22.7
v 0.3 4.4 22.7
v 0.3 4.5 22.7
v 0.5 4.4 22.7
v 0.5 4.5 22.7
v 0.6 4.7 22.7
v 0.6 4.8 22.7
v 0.8 4.7 22.7
v 0.8 4.8 22.7
v 0.9 5 22.7
v 0.9 5.1 22.7
v 1.1 5 22.7
v 1.1 5.1 22.7
v 1.2 5.3 22.7
v 1.2 5.4 22.7
v 1.4 5.3 22.7
v 1.4 5.4 22.7
v 1.5 5.6 22.7
v 1.5 5.7 22.7
v 1.7 5.6 22.7
v 1.7 5.7 22.7
v 1.8 5.9 22.7
v 1.8 6 22.7
v 2 5.9 22.7
v 2 6 22.7
v 2.1 6.2 22.7
v 2.1 6.3 22.7
v 2.3 6.2 22.7
v 2.3 6.3 22.7
v 2.4 6.5 22.7
v 2.4 6.6 22.7
v 2.6 6.5 22.7
v 2.6 6.6 22.7
v 2.7 6.8 22.7
v 2.7 6.9 22.7
v 2.9 6.8 22.7
v 2.9 6.9 22.7
v 3 7.1 22.7
v 3 7.2 22.7
v 3.2 7.1 22.7
v 3.2 7.2 22.7
v 3.3 7.4 22.7
v 3.3 7.5 22.7
v 3.5 7.4 22.7
v 3.5 7.5 22.7
v 3.6 7.7 22.7
v 3.6 7.8 22.7
v 3.8 7.7 22.7
v 3.8 7.8 22.7
v -3.9 0.2 22.5
v -3.9 0.3 22.5
v -3.7 0.2 22.5
v -3.7 0.3 22.5
v -3.6 0.5 22.5
v -3.6 0.6 22.5
v -3.4 0.5 22.5
v -3.4 0.6 22.5
v -3.3 0.8 22.5
v -3.3 0.9 22.5
v -3.1 0.8 22.5
v -3.1 0.9 22.5
v -3 1.1 22.5
v -3 1.2 22.5
v -2.8 1.1 22.5
v -2.8 1.2 22.5
v -2.7 1.4 22.5
v -2.7 1.5 22.5
v -2.5 1.4 22.5
v -2.5 1.5 22.5
v -2.4 1.7 22.5
v -2.4 1.8 22.5
v -2.2 1.7 22.5
v -2.2 1.8 22.5
v -2.1 2 22.5
v -2.1 2.1 22.5
v -1.9 2 22.5
v -1.9 2.1 22.5
v -1.8 2.3 22.5
v -1.8 2.4 22.5
v -1.6 2.3 22.5
v -1.6 2.4 22.5
v -1.5 2.6 22.5
v -1.5 2.7 22.5
v -1.3 2.6 22.5
v -1.3 2.7 22.5
v -1.2 2.9 22.5
v -1.2 3 22.5
v -1 2.9 22.5
v -1 3 22.5
v -0.9 3.2 22.5
v -0.9 3.3 22.5
v -0.7 3.2 22.5
v -0.7 3.3 22.5
v -0.6 3.5 22.5
v -0.6 3.6 22.5
v -0.4 3.5 22.5
v -0.4 3.6 22.5
v -0.3 3.8 22.5
v -0.3 3.9 22.5
v -0.0999997 3.8 22.5
v -0.0999997 3.9 22.5
v 2.5332e-007 4.1 22.5
v 2.5332e-007 4.2 22.5
v 0.2 4.1 22.5
v 0.2 4.2 22.5
v 0.3 4.4 22.5
v 0.3 4.5 22.5
v 0.5 4.4 22.5
v 0.5 4.5 22.5
v 0.6 4.7 22.5
v 0.6 4.8 22.5
v 0.8 4.7 22.5
v 0.8 4.8 22.5
v 0.9 5 22.5
v 0.9 5.1 22.5
v 1.1 5 22.5
v 1.1 5.1 22.5
v 1.2 5.3 22.5
v 1.2 5.4 22.5
v 1.4 5.3 22.5
v 1.4 5.4 22.5
v 1.5 5.6 22.5
v 1.5 5.7 22.5
v 1.7 5.6 22.5
v 1.7 5.7 22.5
v 1.8 5.9 22.5
v 1.8 6 22.5
v 2 5.9 22.5
v 2 6 22.5
v 2.1 6.2 22.5
v 2.1 6.3 22.5
v 2.3 6.2 22.5
v 2.3 6.3 22.5
v 2.4 6.5 22.5
v 2.4 6.6 22.5
v 2.6 6.5 22.5
v 2.6 6.6 22.5
v 2.7 6.8 22.5
v 2.7 6.9 22.5
v 2.9 6.8 22.5
v 2.9 6.9 22.5
v 3 7.1 22.5
v 3 7.2 22.5
v 3.2 7.1 22.5
v 3.2 7.2 22.5
v 3.3 7.4 22.5
v 3.3 7.5 22.5
v 3.5 7.4 22.5
v 3.5 7.5 22.5
v 3.6 7.7 22.5
v 3.6 7.8 22.5
v 3.8 7.7 22.5
v 3.8 7.8 22.5
v -3.9 0.2 22.3
v -3.9 0.3 22.3
v -3.7 0.2 22.3
v -3.7 0.3 22.3
v -3.6 0.5 22.3
v -3.6 0.6 22.3
v -3.4 0.5 22.3
v -3.4 0.6 22.3
v -3.3 0.8 22.3
v -3.3 0.9 22.3
v -3.1 0.8 22.3
v -3.1 0.9 22.3
v -3 1.1 22.3
v -3 1.2 22.3
v -2.8 1.1 22.3
v -2.8 1.2 22.3
v -2.7 1.4 22.3
v -2.7 1.5 22.3
v -2.5 1.4 22.3
v -2.5 1.5 22.3
v -2.4 1.7 22.3
v -2.4 1.8 22.3
v -2.2 1.7 22.3
v -2.2 1.8 22.3
v -2.1 2 22.3
v -2.1 2.1 22.3
v -1.9 2 22.3
v -1.9 2.1 22.3
v -1.8 2.3 22.3
v -1.8 2.4 22.3
v -1.6 2.3 22.3
v -1.6 2.4 22.3
v -1.5 2.6 22.3
v -1.5 2.7 22.3
v -1.3 2.6 22.3
v -1.3 2.7 22.3
v -1.2 2.9 22.3
v -1.2 3 22.3
v -1 2.9 22.3
v -1 3 22.3
v -0.9 3.2 22.3
v -0.9 3.3 22.3
v -0.7 3.2 22.3
v -0.7 3.3 22.3
v -0.6 3.5 22.3
v -0.6 3.6 22.3
v -0.4 3.5 22.3
v -0.4 3.6 22.3
v -0.3 3.8 22.3
v -0.3 3.9 22.3
v -0.0999997 3.8 22.3
v -0.0999997 3.9 22.3
v 2.5332e-007 4.1 22.3
v 2.5332e-007 4.2 22.3
v 0.2 4.1 22.3
v 0.2 4.2 22.3
v 0.3 4.4 22.3
v 0.3 4.5 22.3
v 0.5 4.4 22.3
v 0.5 4.5 22.3
v 0.6 4.7 22.3
v 0.6 4.8 22.3
v 0.8 4.7 22.3
v 0.8 4.8 22.3
v 0.9 5 22.3
v 0.9 5.1 22.3
v 1.1 5 22.3
v 1.1 5.1 22.3
v 1.2 5.3 22.3
v 1.2 5.4 22.3
v 1.4 5.3 22.3
v 1.4 5.4 22.3
v 1.5 5.6 22.3
v 1.5 5.7 22.3
v 1.7 5.6 22.3
v 1.7 5.7 22.3
v 1.8 5.9 22.3
v 1.8 6 22.3
v 2 5.9 22.3
v 2 6 22.3
v 2.1 6.2 22.3
v 2.1 6.3 22.3
v 2.3 6.2 22.3
v 2.3 6.3 22.3
v 2.4 6.5 22.3
v 2.4 6.6 22.3
v 2.6 6.5 22.3
v 2.6 6.6 22.3
v 2.7 6.8 22.3
v 2.7 6.9 22.3
v 2.9 6.8 22.3
v 2.9 6.9 22.3
v 3 7.1 22.3
v 3 7.2 22.3
v 3.2 7.1 22.3
v 3.2 7.2 22.3
v 3.3 7.4 22.3
v 3.3 7.5 22.3
v 3.5 7.4 22.3
v 3.5 7.5 22.3
v 3.6 7.7 22.3
v 3.6 7.8 22.3
v 3.8 7.7 22.3
v 3.8 7.8 22.3
v -4.1 0 22.2
v -4.1 0.2 22.2
v -4 0.2 22.2
v -3.9 0.3 22.2
v -3.9 0.4 22.2
v -3.8 0 22.2
v -3.8 0.1 22.2
v -3.8 0.4 22.2
v -3.8 0.5 22.2
v -3.7 0.1 22.2
v -3.7 0.2 22.2
v -3.7 0.5 22.2
v -3.6 0.3 22.2
v -3.6 0.6 22.2
v -3.6 0.7 22.2
v -3.5 0.3 22.2
v -3.5 0.4 22.2
v -3.5 0.7 22.2
v -3.5 0.8 22.2
v -3.4 0.4 22.2
v -3.4 0.5 22.2
v -3.4 0.8 22.2
v -3.3 0.6 22.2
v -3.3 0.9 22.2
v -3.3 1 22.2
v -3.2 0.6 22.2
v -3.2 0.7 22.2
v -3.2 1 22.2
v -3.2 1.1 22.2
v -3.1 0.7 22.2
v -3.1 0.8 22.2
v -3.1 1.1 22.2
v -3 0.9 22.2
v -3 1.2 22.2
v -3 1.3 22.2
v -2.9 0.9 22.2
v -2.9 1 22.2
v -2.9 1.3 22.2
v -2.9 1.4 22.2
v -2.8 1 22.2
v -2.8 1.1 22.2
v -2.8 1.4 22.2
v -2.7 1.2 22.2
v -2.7 1.5 22.2
v -2.7 1.6 22.2
v -2.6 1.2 22.2
v -2.6 1.3 22.2
v -2.6 1.6 22.2
v -2.6 1.7 22.2
v -2.5 1.3 22.2
v -2.5 1.4 22.2
v -2.5 1.7 22.2
v -2.4 1.5 22.2
v -2.4 1.8 22.2
v -2.4 1.9 22.2
v -2.3 1.5 22.2
v -2.3 1.6 22.2
v -2.3 1.9 22.2
v -2.3 2 22.2
v -2.2 1.6 22.2
v -2.2 1.7 22.2
v -2.2 2 22.2
v -2.1 1.8 22.2
v -2.1 2.1 22.2
v -2.1 2.2 22.2
v -2 1.8 22.2
v -2 1.9 22.2
v -2 2.2 22.2
v -2 2.3 22.2
v -1.9 1.9 22.2
v -1.9 2 22.2
v -1.9 2.3 22.2
v -1.8 2.1 22.2
v -1.8 2.4 22.2
v -1.8 2.5 22.2
v -1.7 2.1 22.2
v -1.7 2.2 22.2
v -1.7 2.5 22.2
v -1.7 2.6 22.2
v -1.6 2.2 22.2
v -1.6 2.3 22.2
v -1.6 2.6 22.2
v -1.5 2.4 22.2
v -1.5 2.7 22.2
v -1.5 2.8 22.2
v -1.4 2.4 22.2
v -1.4 2.5 22.2
v -1.4 2.8 22.2
v -1.4 2.9 22.2
v -1.3 2.5 22.2
v -1.3 2.6 22.2
v -1.3 2.9 22.2
v -1.2 2.7 22.2
v -1.2 3 22.2
v -1.2 3.1 22.2
v -1.1 2.7 22.2
v -1.1 2.8 22.2
v -1.1 3.1 22.2
v -1.1 3.2 22.2
v -1 2.8 22.2
v -1 2.9 22.2
v -1 3.2 22.2
v -0.9 3 22.2
v -0.9 3.3 22.2
v -0.9 3.4 22.2
v -0.8 3 22.2
v -0.8 3.1 22.2
v -0.8 3.4 22.2
v -0.8 3.5 22.2
v -0.7 3.1 22.2
v -0.7 3.2 22.2
v -0.7 3.5 22.2
v -0.6 3.3 22.2
v -0.6 3.6 22.2
v -0.6 3.7 22.2
v -0.5 3.3 22.2
v -0.5 3.4 22.2
v -0.5 3.7 22.2
v -0.5 3.8 22.2
v -0.4 3.4 22.2
v -0.4 3.5 22.2
v -0.4 3.8 22.2
v -0.3 3.6 22.2
v -0.3 3.9 22.2
v -0.3 4 22.2
v -0.2 3.6 22.2
v -0.2 3.7 22.2
v -0.2 4 22.2
v -0.2 4.1 22.2
v -0.0999997 3.7 22.2
v -0.0999997 3.8 22.2
v -0.0999997 4.1 22.2
v 2.5332e-007 3.9 22.2
v 2.5332e-007 4.2 22.2
v 2.5332e-007 4.3 22.2
v 0.1 3.9 22.2
v 0.1 4 22.2
v 0.1 4.3 22.2
v 0.1 4.4 22.2
v 0.2 4 22.2
v 0.2 4.1 22.2
v 0.2 4.4 22.2
v 0.3 4.2 22.2
v 0.3 4.5 22.2
v 0.3 4.6 22.2
v 0.4 4.2 22.2
v 0.4 4.3 22.2
v 0.4 4.6 22.2
v 0.4 4.7 22.2
v 0.5 4.3 22.2
v 0.5 4.4 22.2
v 0.5 4.7 22.2
v 0.6 4.5 22.2
v 0.6 4.8 22.2
v 0.6 4.9 22.2
v 0.7 4.5 22.2
v 0.7 4.6 22.2
v 0.7 4.9 22.2
v 0.7 5 22.2
v 0.8 4.6 22.2
v 0.8 4.7 22.2
v 0.8 5 22.2
v 0.9 4.8 22.2
v 0.9 5.1 22.2
v 0.9 5.2 22.2
v 1 4.8 22.2
v 1 4.9 22.2
v 1 5.2 22.2
v 1 5.3 22.2
v 1.1 4.9 22.2
v 1.1 5 22.2
v 1.1 5.3 22.2
v 1.2 5.1 22.2
v 1.2 5.4 22.2
v 1.2 5.5 22.2
v 1.3 5.1 22.2
v 1.3 5.2 22.2
v 1.3 5.5 22.2
v 1.3 5.6 22.2
v 1.4 5.2 22.2
v 1.4 5.3 22.2
v 1.4 5.6 22.2
v 1.5 5.4 22.2
v 1.5 5.7 22.2
v 1.5 5.8 22.2
v 1.6 5.4 22.2
v 1.6 5.5 22.2
v 1.6 5.8 22.2
v 1.6 5.9 22.2
v 1.7 5.5 22.2
v 1.7 5.6 22.2
v 1.7 5.9 22.2
v 1.8 5.7 22.2
v 1.8 6 22.2
v 1.8 6.1 22.2
v 1.9 5.7 22.2
v 1.9 5.8 22.2
v 1.9 6.1 22.2
v 1.9 6.2 22.2
v 2 5.8 22.2
v 2 5.9 22.2
v 2 6.2 22.2
v 2.1 6 22.2
v 2.1 6.3 22.2
v 2.1 6.4 22.2
v 2.2 6 22.2
v 2.2 6.1 22.2
v 2.2 6.4 22.2
v 2.2 6.5 22.2
v 2.3 6.1 22.2
v 2.3 6.2 22.2
v 2.3 6.5 22.2
v 2.4 6.3 22.2
v 2.4 6.6 22.2
v 2.4 6.7 22.2
v 2.5 6.3 22.2
v 2.5 6.4 22.2
v 2.5 6.7 22.2
v 2.5 6.8 22.2
v 2.6 6.4 22.2
v 2.6 6.5 22.2
v 2.6 6.8 22.2
v 2.7 6.6 22.2
v 2.7 6.9 22.2
v 2.7 7 22.2
v 2.8 6.6 22.2
v 2.8 6.7 22.2
v 2.8 7 22.2
v 2.8 7.1 22.2
v 2.9 6.7 22.2
v 2.9 6.8 22.2
v 2.9 7.1 22.2
v 3 6.9 22.2
v 3 7.2 22.2
v 3 7.3 22.2
v 3.1 6.9 22.2
v 3.1 7 22.2
v 3.1 7.3 22.2
v 3.1 7.4 22.2
v 3.2 7 22.2
v 3.2 7.1 22.2
v 3.2 7.4 22.2
v 3.3 7.2 22.2
v 3.3 7.5 22.2
v 3.3 7.6 22.2
v 3.4 7.2 22.2
v 3.4 7.3 22.2
v 3.4 7.6 22.2
v 3.4 7.7 22.2
v 3.5 7.3 22.2
v 3.5 7.4 22.2
v 3.5 7.7 22.2
v 3.6 7.5 22.2
v 3.7 7.5 22.2
v 3.7 7.6 22.2
v 3.8 7.6 22.2
v 3.8 7.7 22.2
v -4.1 0 23.5
v -4.1 0.2 23.5
v -4 0.2 23.5
v -3.9 0.3 23.5
v -3.9 0.4 23.5
v -3.8 0 23.5
v -3.8 0.1 23.5
v -3.8 0.4 23.5
v -3.8 0.5 23.5
v -3.7 0.1 23.5
v -3.7 0.2 23.5
v -3.7 0.5 23.5
v -3.6 0.3 23.5
v -3.6 0.6 23.5
v -3.6 0.7 23.5
v -3.5 0.3 23.5
v -3.5 0.4 23.5
v -3.5 0.7 23.5
v -3.5 0.8 23.5
v -3.4 0.4 23.5
v -3.4 0.5 23.5
v -3.4 0.8 23.5
v -3.3 0.6 23.5
v -3.3 0.9 23.5
v -3.3 1 23.5
v -3.2 0.6 23.5
v -3.2 0.7 23.5
v -3.2 1 23.5
v -3.2 1.1 23.5
v -3.1 0.7 23.5
v -3.1 0.8 23.5
v -3.1 1.1 23.5
v -3 0.9 23.5
v -3 1.2 23.5
v -3 1.3 23.5
v -2.9 0.9 23.5
v -2.9 1 23.5
v -2.9 1.3 23.5
v -2.9 1.4 23.5
v -2.8 1 23.5
v -2.8 1.1 23.5
v -2.8 1.4 23.5
v -2.7 1.2 23.5
v -2.7 1.5 23.5
v -2.7 1.6 23.5
v -2.6 1.2 23.5
v -2.6 1.3 23.5
v -2.6 1.6 23.5
v -2.6 1.7 23.5
v -2.5 1.3 23.5
v -2.5 1.4 23.5
v -2.5 1.7 23.5
v -2.4 1.5 23.5
v -2.4 1.8 23.5
v -2.4 1.9 23.5
v -2.3 1.5 23.5
v -2.3 1.6 23.5
v -2.3 1.9 23.5
v -2.3 2 23.5
v -2.2 1.6 23.5
v -2.2 1.7 23.5
v -2.2 2 23.5
v -2.1 1.8 23.5
v -2.1 2.1 23.5
v -2.1 2.2 23.5
v -2 1.8 23.5
v -2 1.9 23.5
v -2 2.2 23.5
v -2 2.3 23.5
v -1.9 1.9 23.5
v -1.9 2 23.5
v -1.9 2.3 23.5
v -1.8 2.1 23.5
v -1.8 2.4 23.5
v -1.8 2.5 23.5
v -1.7 2.1 23.5
v -1.7 2.2 23.5
v -1.7 2.5 23.5
v -1.7 2.6 23.5
v -1.6 2.2 23.5
v -1.6 2.3 23.5
v -1.6 2.6 23.5
v -1.5 2.4 23.5
v -1.5 2.7 23.5
v -1.5 2.8 23.5
v -1.4 2.4 23.5
v -1.4 2.5 23.5
v -1.4 2.8 23.5
v -1.4 2.9 23.5
v -1.3 2.5 23.5
v -1.3 2.6 23.5
v -1.3 2.9 23.5
v -1.2 2.7 23.5
v -1.2 3 23.5
v -1.2 3.1 23.5
v -1.1 2.7 23.5
v -1.1 2.8 23.5
v -1.1 3.1 23.5
v -1.1 3.2 23.5
v -1 2.8 23.5
v -1 2.9 23.5
v -1 3.2 23.5
v -0.9 3 23.5
v -0.9 3.3 23.5
v -0.9 3.4 23.5
v -0.8 3 23.5
v -0.8 3.1 23.5
v -0.8 3.4 23.5
v -0.8 3.5 23.5
v -0.7 3.1 23.5
v -0.7 3.2 23.5
v -0.7 3.5 23.5
v -0.6 3.3 23.5
v -0.6 3.6 23.5
v -0.6 3.7 23.5
v -0.5 3.3 23.5
v -0.5 3.4 23.5
v -0.5 3.7 23.5
v -0.5 3.8 23.5
v -0.4 3.4 23.5
v -0.4 3.5 23.5
v -0.4 3.8 23.5
v -0.3 3.6 23.5
v -0.3 3.9 23.5
v -0.3 4 23.5
v -0.2 3.6 23.5
v -0.2 3.7 23.5
v -0.2 4 23.5
v -0.2 4.1 23.5
v -0.0999997 3.7 23.5
v -0.0999997 3.8 23.5
v -0.0999997 4.1 23.5
v 2.5332e-007 3.9 23.5
v 2.5332e-007 4.2 23.5
v 2.5332e-007 4.3 23.5
v 0.1 3.9 23.5
v 0.1 4 23.5
v 0.1 4.3 23.5
v 0.1 4.4 23.5
v 0.2 4 23.5
v 0.2 4.1 23.5
v 0.2 4.4 23.5
v 0.3 4.2 23.5
v 0.3 4.5 23.5
v 0.3 4.6 23.5
v 0.4 4.2 23.5
v 0.4 4.3 23.5
v 0.4 4.6 23.5
v 0.4 4.7 23.5
v 0.5 4.3 23.5
v 0.5 4.4 23.5
v 0.5 4.7 23.5
v 0.6 4.5 23.5
v 0.6 4.8 23.5
v 0.6 4.9 23.5
v 0.7 4.5 23.5
v 0.7 4.6 23.5
v 0.7 4.9 23.5
v 0.7 5 23.5
v 0.8 4.6 23.5
v 0.8 4.7 23.5
v 0.8 5 23.5
v 0.9 4.8 23.5
v 0.9 5.1 23.5
v 0.9 5.2 23.5
v 1 4.8 23.5
v 1 4.9 23.5
v 1 5.2 23.5
v 1 5.3 23.5
v 1.1 4.9 23.5
v 1.1 5 23.5
v 1.1 5.3 23.5
v 1.2 5.1 23.5
v 1.2 5.4 23.5
v 1.2 5.5 23.5
v 1.3 5.1 23.5
v 1.3 5.2 23.5
v 1.3 5.5 23.5
v 1.3 5.6 23.5
v 1.4 5.2 23.5
v 1.4 5.3 23.5
v 1.4 5.6 23.5
v 1.5 5.4 23.5
v 1.5 5.7 23.5
v 1.5 5.8 23.5
v 1.6 5.4 23.5
v 1.6 5.5 23.5
v 1.6 5.8 23.5
v 1.6 5.9 23.5
v 1.7 5.5 23.5
v 1.7 5.6 23.5
v 1.7 5.9 23.5
v 1.8 5.7 23.5
v 1.8 6 23.5
v 1.8 6.1 23.5
v 1.9 5.7 23.5
v 1.9 5.8 23.5
v 1.9 6.1 23.5
v 1.9 6.2 23.5
v 2 5.8 23.5
v 2 5.9 23.5
v 2 6.2 23.5
v 2.1 6 23.5
v 2.1 6.3 23.5
v 2.1 6.4 23.5
v 2.2 6 23.5
v 2.2 6.1 23.5
v 2.2 6.4 23.5
v 2.2 6.5 23.5
v 2.3 6.1 23.5
v 2.3 6.2 23.5
v 2.3 6.5 23.5
v 2.4 6.3 23.5
v 2.4 6.6 23.5
v 2.4 6.7 23.5
v 2.5 6.3 23.5
v 2.5 6.4 23.5
v 2.5 6.7 23.5
v 2.5 6.8 23.5
v 2.6 6.4 23.5
v 2.6 6.5 23.5
v 2.6 6.8 23.5
v 2.7 6.6 23.5
v 2.7 6.9 23.5
v 2.7 7 23.5
v 2.8 6.6 23.5
v 2.8 6.7 23.5
v 2.8 7 23.5
v 2.8 7.1 23.5
v 2.9 6.7 23.5
v 2.9 6.8 23.5
v 2.9 7.1 23.5
v 3 6.9 23.5
v 3 7.2 23.5
v 3 7.3 23.5
v 3.1 6.9 23.5
v 3.1 7 23.5
v 3.1 7.3 23.5
v 3.1 7.4 23.5
v 3.2 7 23.5
v 3.2 7.1 23.5
v 3.2 7.4 23.5
v 3.3 7.2 23.5
v 3.3 7.5 23.5
v 3.3 7.6 23.5
v 3.4 7.2 23.5
v 3.4 7.3 23.5
v 3.4 7.6 23.5
v 3.4 7.7 23.5
v 3.5 7.3 23.5
v 3.5 7.4 23.5
v 3.5 7.7 23.5
v 3.6 7.5 23.5
v 3.7 7.5 23.5
v 3.7 7.6 23.5
v 3.8 7.6 23.5
v 3.8 7.7 23.5
v -3.9 0.2 23.4
v -3.9 0.3 23.4
v -3.7 0.2 23.4
v -3.7 0.3 23.4
v -3.6 0.5 23.4
v -3.6 0.6 23.4
v -3.4 0.5 23.4
v -3.4 0.6 23.4
v -3.3 0.8 23.4
v -3.3 0.9 23.4
v -3.1 0.8 23.4
v -3.1 0.9 23.4
v -3 1.1 23.4
v -3 1.2 23.4
v -2.8 1.1 23.4
v -2.8 1.2 23.4
v -2.7 1.4 23.4
v -2.7 1.5 23.4
v -2.5 1.4 23.4
v -2.5 1.5 23.4
v -2.4 1.7 23.4
v -2.4 1.8 23.4
v -2.2 1.7 23.4
v -2.2 1.8 23.4
v -2.1 2 23.4
v -2.1 2.1 23.4
v -1.9 2 23.4
v -1.9 2.1 23.4
v -1.8 2.3 23.4
v -1.8 2.4 23.4
v -1.6 2.3 23.4
v -1.6 2.4 23.4
v -1.5 2.6 23.4
v -1.5 2.7 23.4
v -1.3 2.6 23.4
v -1.3 2.7 23.4
v -1.2 2.9 23.4
v -1.2 3 23.4
v -1 2.9 23.4
v -1 3 23.4
v -0.9 3.2 23.4
v -0.9 3.3 23.4
v -0.7 3.2 23.4
v -0.7 3.3 23.4
v -0.6 3.5 23.4
v -0.6 3.6 23.4
v -0.4 3.5 23.4
v -0.4 3.6 23.4
v -0.3 3.8 23.4
v -0.3 3.9 23.4
v -0.0999997 3.8 23.4
v -0.0999997 3.9 23.4
v 2.5332e-007 4.1 23.4
v 2.5332e-007 4.2 23.4
v 0.2 4.1 23.4
v 0.2 4.2 23.4
v 0.3 4.4 23.4
v 0.3 4.5 23.4
v 0.5 4.4 23.4
v 0.5 4.5 23.4
v 0.6 4.7 23.4
v 0.6 4.8 23.4
v 0.8 4.7 23.4
v 0.8 4.8 23.4
v 0.9 5 23.4
v 0.9 5.1 23.4
v 1.1 5 23.4
v 1.1 5.1 23.4
v 1.2 5.3 23.4
v 1.2 5.4 23.4
v 1.4 5.3 23.4
v 1.4 5.4 23.4
v 1.5 5.6 23.4
v 1.5 5.7 23.4
v 1.7 5.6 23.4
v 1.7 5.7 23.4
v 1.8 5.9 23.4
v 1.8 6 23.4
v 2 5.9 23.4
v 2 6 23.4
v 2.1 6.2 23.4
v 2.1 6.3 23.4
v 2.3 6.2 23.4
v 2.3 6.3 23.4
v 2.4 6.5 23.4
v 2.4 6.6 23.4
v 2.6 6.5 23.4
v 2.6 6.6 23.4
v 2.7 6.8 23.4
v 2.7 6.9 23.4
v 2.9 6.8 23.4
v 2.9 6.9 23.4
v 3 7.1 23.4
v 3 7.2 23.4
v 3.2 7.1 23.4
v 3.2 7.2 23.4
v 3.3 7.4 23.4
v 3.3 7.5 23.4
v 3.5 7.4 23.4
v 3.5 7.5 23.4
v 3.6 7.7 23.4
v 3.6 7.8 23.4
v 3.8 7.7 23.4
v 3.8 7.8 23.4
v -3.9 0.2 23.2
v -3.9 0.3 23.2
v -3.7 0.2 23.2
v -3.7 0.3 23.2
v -3.6 0.5 23.2
v -3.6 0.6 23.2
v -3.4 0.5 23.2
v -3.4 0.6 23.2
v -3.3 0.8 23.2
v -3.3 0.9 23.2
v -3.1 0.8 23.2
v -3.1 0.9 23.2
v -3 1.1 23.2
v -3 1.2 23.2
v -2.8 1.1 23.2
v -2.8 1.2 23.2
v -2.7 1.4 23.2
v -2.7 1.5 23.2
v -2.5 1.4 23.2
v -2.5 1.5 23.2
v -2.4 1.7 23.2
v -2.4 1.8 23.2
v -2.2 1.7 23.2
v -2.2 1.8 23.2
v -2.1 2 23.2
v -2.1 2.1 23.2
v -1.9 2 23.2
v -1.9 2.1 23.2
v -1.8 2.3 23.2
v -1.8 2.4 23.2
v -1.6 2.3 23.2
v -1.6 2.4 23.2
v -1.5 2.6 23.2
v -1.5 2.7 23.2
v -1.3 2.6 23.2
v -1.3 2.7 23.2
v -1.2 2.9 23.2
v -1.2 3 23.2
v -1 2.9 23.2
v -1 3 23.2
v -0.9 3.2 23.2
v -0.9 3.3 23.2
v -0.7 3.2 23.2
v -0.7 3.3 23.2
v -0.6 3.5 23.2
v -0.6 3.6 23.2
v -0.4 3.5 23.2
v -0.4 3.6 23.2
v -0.3 3.8 23.2
v -0.3 3.9 23.2
v -0.0999997 3.8 23.2
v -0.0999997 3.9 23.2
v 2.5332e-007 4.1 23.2
v 2.5332e-007 4.2 23.2
v 0.2 4.1 23.2
v 0.2 4.2 23.2
v 0.3 4.4 23.2
v 0.3 4.5 23.2
v 0.5 4.4 23.2
v 0.5 4.5 23.2
v 0.6 4.7 23.2
v 0.6 4.8 23.2
v 0.8 4.7 23.2
v 0.8 4.8 23.2
v 0.9 5 23.2
v 0.9 5.1 23.2
v 1.1 5 23.2
v 1.1 5.1 23.2
v 1.2 5.3 23.2
v 1.2 5.4 23.2
v 1.4 5.3 23.2
v 1.4 5.4 23.2
v 1.5 5.6 23.2
v 1.5 5.7 23.2
v 1.7 5.6 23.2
v 1.7 5.7 23.2
v 1.8 5.9 23.2
v 1.8 6 23.2
v 2 5.9 23.2
v 2 6 23.2
v 2.1 6.2 23.2
v 2.1 6.3 23.2
v 2.3 6.2 23.2
v 2.3 6.3 23.2
v 2.4 6.5 23.2
v 2.4 6.6 23.2
v 2.6 6.5 23.2
v 2.6 6.6 23.2
v 2.7 6.8 23.2
v 2.7 6.9 23.2
v 2.9 6.8 23.2
v 2.9 6.9 23.2
v 3 7.1 23.2
v 3 7.2 23.2
v 3.2 7.1 23.2
v 3.2 7.2 23.2
v 3.3 7.4 23.2
v 3.3 7.5 23.2
v 3.5 7.4 23.2
v 3.5 7.5 23.2
v 3.6 7.7 23.2
v 3.6 7.8 23.2
v 3.8 7.7 23.2
v 3.8 7.8 23.2
v -3.9 0.2 23
v -3.9 0.3 23
v -3.7 0.2 23
v -3.7 0.3 23
v -3.6 0.5 23
v -3.6 0.6 23
v -3.4 0.5 23
v -3.4 0.6 23
v -3.3 0.8 23
v -3.3 0.9 23
v -3.1 0.8 23
v -3.1 0.9 23
v -3 1.1 23
v -3 1.2 23
v -2.8 1.1 23
v -2.8 1.2 23
v -2.7 1.4 23
v -2.7 1.5 23
v -2.5 1.4 23
v -2.5 1.5 23
v -2.4 1.7 23
v -2.4 1.8 23
v -2.2 1.7 23
v -2.2 1.8 23
v -2.1 2 23
v -2.1 2.1 23
v -1.9 2 23
v -1.9 2.1 23
v -1.8 2.3 23
v -1.8 2.4 23
v -1.6 2.3 23
v -1.6 2.4 23
v -1.5 2.6 23
v -1.5 2.7 23
v -1.3 2.6 23
v -1.3 2.7 23
v -1.2 2.9 23
v -1.2 3 23
v -1 2.9 23
v -1 3 23
v -0.9 3.2 23
v -0.9 3.3 23
v -0.7 3.2 23
v -0.7 3.3 23
v -0.6 3.5 23
v -0.6 3.6 23
v -0.4 3.5 23
v -0.4 3.6 23
v -0.3 3.8 23
v -0.3 3.9 23
v -0.0999997 3.8 23
v -0.0999997 3.9 23
v 2.5332e-007 4.1 23
v 2.5332e-007 4.2 23
v 0.2 4.1 23
v 0.2 4.2 23
v 0.3 4.4 23
v 0.3 4.5 23
v 0.5 4.4 23
v 0.5 4.5 23
v 0.6 4.7 23
v 0.6 4.8 23
v 0.8 4.7 23
v 0.8 4.8 23
v 0.9 5 23
v 0.9 5.1 23
v 1.1 5 23
v 1.1 5.1 23
v 1.2 5.3 23
v 1.2 5.4 23
v 1.4 5.3 23
v 1.4 5.4 23
v 1.5 5.6 23
v 1.5 5.7 23
v 1.7 5.6 23
v 1.7 5.7 23
v 1.8 5.9 23
v 1.8 6 23
v 2 5.9 23
v 2 6 23
v 2.1 6.2 23
v 2.1 6.3 23
v 2.3 6.2 23
v 2.3 6.3 23
v 2.4 6.5 23
v 2.4 6.6 23
v 2.6 6.5 23
v 2.6 6.6 23
v 2.7 6.8 23
v 2.7 6.9 23
v 2.9 6.8 23
v 2.9 6.9 23
v 3 7.1 23
v 3 7.2 23
v 3.2 7.1 23
v 3.2 7.2 23
v 3.3 7.4 23
v 3.3 7.5 23
v 3.5 7.4 23
v 3.5 7.5 23
v 3.6 7.7 23
v 3.6 7.8 23
v 3.8 7.7 23
v 3.8 7.8 23
v -3.9 0.2 22.8
v -3.9 0.3 22.8
v -3.7 0.2 22.8
v -3.7 0.3 22.8
v -3.6 0.5 22.8
v -3.6 0.6 22.8
v -3.4 0.5 22.8
v -3.4 0.6 22.8
v -3.3 0.8 22.8
v -3.3 0.9 22.8
v -3.1 0.8 22.8
v -3.1 0.9 22.8
v -3 1.1 22.8
v -3 1.2 22.8
v -2.8 1.1 22.8
v -2.8 1.2 22.8
v -2.7 1.4 22.8
v -2.7 1.5 22.8
v -2.5 1.4 22.8
v -2.5 1.5 22.8
v -2.4 1.7 22.8
v -2.4 1.8 22.8
v -2.2 1.7 22.8
v -2.2 1.8 22.8
v -2.1 2 22.8
v -2.1 2.1 22.8
v -1.9 2 22.8
v -1.9 2.1 22.8
v -1.8 2.3 22.8
v -1.8 2.4 22.8
v -1.6 2.3 22.8
v -1.6 2.4 22.8
v -1.5 2.6 22.8
v -1.5 2.7 22.8
v -1.3 2.6 22.8
v -1.3 2.7 22.8
v -1.2 2.9 22.8
v -1.2 3 22.8
v -1 2.9 22.8
v -1 3 22.8
v -0.9 3.2 22.8
v -0.9 3.3 22.8
v -0.7 3.2 22.8
v -0.7 3.3 22.8
v -0.6 3.5 22.8
v -0.6 3.6 22.8
v -0.4 3.5 22.8
v -0.4 3.6 22.8
v -0.3 3.8 22.8
v -0.3 3.9 22.8
v -0.0999997 3.8 22.8
v -0.0999997 3.9 22.8
v 2.5332e-007 4.1 22.8
v 2.5332e-007 4.2 22.8
v 0.2 4.1 22.8
v 0.2 4.2 22.8
v 0.3 4.4 22.8
v 0.3 4.5 22.8
v 0.5 4.4 22.8
v 0.5 4.5 22.8
v 0.6 4.7 22.8
v 0.6 4.8 22.8
v 0.8 4.7 22.8
v 0.8 4.8 22.8
v 0.9 5 22.8
v 0.9 5.1 22.8
v 1.1 5 22.8
v 1.1 5.1 22.8
v 1.2 5.3 22.8
v 1.2 5.4 22.8
v 1.4 5.3 22.8
v 1.4 5.4 22.8
v 1.5 5.6 22.8
v 1.5 5.7 22.8
v 1.7 5.6 22.8
v 1.7 5.7 22.8
v 1.8 5.9 22.8
v 1.8 6 22.8
v 2 5.9 22.8
v 2 6 22.8
v 2.1 6.2 22.8
v 2.1 6.3 22.8
v 2.3 6.2 22.8
v 2.3 6.3 22.8
v 2.4 6.5 22.8
v 2.4 6.6 22.8
v 2.6 6.5 22.8
v 2.6 6.6 22.8
v 2.7 6.8 22.8
v 2.7 6.9 22.8
v 2.9 6.8 22.8
v 2.9 6.9 22.8
v 3 7.1 22.8
v 3 7.2 22.8
v 3.2 7.1 22.8
v 3.2 7.2 22.8
v 3.3 7.4 22.8
v 3.3 7.5 22.8
v 3.5 7.4 22.8
v 3.5 7.5 22.8
v 3.6 7.7 22.8
v 3.6 7.8 22.8
v 3.8 7.7 22.8
v 3.8 7.8 22.8
v -3.9 0.2 22.6
v -3.9 0.3 22.6
v -3.7 0.2 22.6
v -3.7 0.3 22.6
v -3.6 0.5 22.6
v -3.6 0.6 22.6
v -3.4 0.5 22.6
v -3.4 0.6 22.6
v -3.3 0.8 22.6
v -3.3 0.9 22.6
v -3.1 0.8 22.6
v -3.1 0.9 22.6
v -3 1.1 22.6
v -3 1.2 22.6
v -2.8 1.1 22.6
v -2.8 1.2 22.6
v -2.7 1.4 22.6
v -2.7 1.5 22.6
v -2.5 1.4 22.6
v -2.5 1.5 22.6
v -2.4 1.7 22.6
v -2.4 1.8 22.6
v -2.2 1.7 22.6
v -2.2 1.8 22.6
v -2.1 2 22.6
v -2.1 2.1 22.6
v -1.9 2 22.6
v -1.9 2.1 22.6
v -1.8 2.3 22.6
v -1.8 2.4 22.6
v -1.6 2.3 22.6
v -1.6 2.4 22.6
v -1.5 2.6 22.6
v -1.5 2.7 22.6
v -1.3 2.6 22.6
v -1.3 2.7 22.6
v -1.2 2.9 22.6
v -1.2 3 22.6
v -1 2.9 22.6
v -1 3 22.6
v -0.9 3.2 22.6
v -0.9 3.3 22.6
v -0.7 3.2 22.6
v -0.7 3.3 22.6
v -0.6 3.5 22.6
v -0.6 3.6 22.6
v -0.4 3.5 22.6
v -0.4 3.6 22.6
v -0.3 3.8 22.6
v -0.3 3.9 22.6
v -0.0999997 3.8 22.6
v -0.0999997 3.9 22.6
v 2.5332e-007 4.1 22.6
v 2.5332e-007 4.2 22.6
v 0.2 4.1 22.6
v 0.2 4.2 22.6
v 0.3 4.4 22.6
v 0.3 4.5 22.6
v 0.5 4.4 22.6
v 0.5 4.5 22.6
v 0.6 4.7 22.6
v 0.6 4.8 22.6
v 0.8 4.7 22.6
v 0.8 4.8 22.6
v 0.9 5 22.6
v 0.9 5.1 22.6
v 1.1 5 22.6
v 1.1 5.1 22.6
v 1.2 5.3 22.6
v 1.2 5.4 22.6
v 1.4 5.3 22.6
v 1.4 5.4 22.6
v 1.5 5.6 22.6
v 1.5 5.7 22.6
v 1.7 5.6 22.6
v 1.7 5.7 22.6
v 1.8 5.9 22.6
v 1.8 6 22.6
v 2 5.9 22.6
v 2 6 22.6
v 2.1 6.2 22.6
v 2.1 6.3 22.6
v 2.3 6.2 22.6
v 2.3 6.3 22.6
v 2.4 6.5 22.6
v 2.4 6.6 22.6
v 2.6 6.5 22.6
v 2.6 6.6 22.6
v 2.7 6.8 22.6
v 2.7 6.9 22.6
v 2.9 6.8 22.6
v 2.9 6.9 22.6
v 3 7.1 22.6
v 3 7.2 22.6
v 3.2 7.1 22.6
v 3.2 7.2 22.6
v 3.3 7.4 22.6
v 3.3 7.5 22.6
v 3.5 7.4 22.6
v 3.5 7.5 22.6
v 3.6 7.7 22.6
v 3.6 7.8 22.6
v 3.8 7.7 22.6
v 3.8 7.8 22.6
v -3.9 0.2 22.4
v -3.9 0.3 22.4
v -3.7 0.2 22.4
v -3.7 0.3 22.4
v -3.6 0.5 22.4
v -3.6 0.6 22.4
v -3.4 0.5 22.4
v -3.4 0.6 22.4
v -3.3 0.8 22.4
v -3.3 0.9 22.4
v -3.1 0.8 22.4
v -3.1 0.9 22.4
v -3 1.1 22.4
v -3 1.2 22.4
v -2.8 1.1 22.4
v -2.8 1.2 22.4
v -2.7 1.4 22.4
v -2.7 1.5 22.4
v -2.5 1.4 22.4
v -2.5 1.5 22.4
v -2.4 1.7 22.4
v -2.4 1.8 22.4
v -2.2 1.7 22.4
v -2.2 1.8 22.4
v -2.1 2 22.4
v -2.1 2.1 22.4
v -1.9 2 22.4
v -1.9 2.1 22.4
v -1.8 2.3 22.4
v -1.8 2.4 22.4
v -1.6 2.3 22.4
v -1.6 2.4 22.4
v -1.5 2.6 22.4
v -1.5 2.7 22.4
v -1.3 2.6 22.4
v -1.3 2.7 22.4
v -1.2 2.9 22.4
v -1.2 3 22.4
v -1 2.9 22.4
v -1 3 22.4
v -0.9 3.2 22.4
v -0.9 3.3 22.4
v -0.7 3.2 22.4
v -0.7 3.3 22.4
v -0.6 3.5 22.4
v -0.6 3.6 22.4
v -0.4 3.5 22.4
v -0.4 3.6 22.4
v -0.3 3.8 22.4
v -0.3 3.9 22.4
v -0.0999997 3.8 22.4
v -0.0999997 3.9 22.4
v 2.5332e-007 4.1 22.4
v 2.5332e-007 4.2 22.4
v 0.2 4.1 22.4
v 0.2 4.2 22.4
v 0.3 4.4 22.4
v 0.3 4.5 22.4
v 0.5 4.4 22.4
v 0.5 4.5 22.4
v 0.6 4.7 22.4
v 0.6 4.8 22.4
v 0.8 4.7 22.4
v 0.8 4.8 22.4
v 0.9 5 22.4
v 0.9 5.1 22.4
v 1.1 5 22.4
v 1.1 5.1 22.4
v 1.2 5.3 22.4
v 1.2 5.4 22.4
v 1.4 5.3 22.4
v 1.4 5.4 22.4
v 1.5 5.6 22.4
v 1.5 5.7 22.4
v 1.7 5.6 22.4
v 1.7 5.7 22.4
v 1.8 5.9 22.4
v 1.8 6 22.4
v 2 5.9 22.4
v 2 6 22.4
v 2.1 6.2 22.4
v 2.1 6.3 22.4
v 2.3 6.2 22.4
v 2.3 6.3 22.4
v 2.4 6.5 22.4
v 2.4 6.6 22.4
v 2.6 6.5 22.4
v 2.6 6.6 22.4
v 2.7 6.8 22.4
v 2.7 6.9 22.4
v 2.9 6.8 22.4
v 2.9 6.9 22.4
v 3 7.1 22.4
v 3 7.2 22.4
v 3.2 7.1 22.4
v 3.2 7.2 22.4
v 3.3 7.4 22.4
v 3.3 7.5 22.4
v 3.5 7.4 22.4
v 3.5 7.5 22.4
v 3.6 7.7 22.4
v 3.6 7.8 22.4
v 3.8 7.7 22.4
v 3.8 7.8 22.4
v -4.1 0 22.1
v -4.1 0.2 22.1
v -4 0.2 22.1
v -4 0.3 22.1
v -3.9 0.3 22.1
v -3.9 0.4 22.1
v -3.8 0 22.1
v -3.8 0.1 22.1
v -3.8 0.4 22.1
v -3.8 0.5 22.1
v -3.7 0.1 22.1
v -3.7 0.2 22.1
v -3.7 0.5 22.1
v -3.7 0.6 22.1
v -3.6 0.2 22.1
v -3.6 0.3 22.1
v -3.6 0.6 22.1
v -3.6 0.7 22.1
v -3.5 0.3 22.1
v -3.5 0.4 22.1
v -3.5 0.7 22.1
v -3.5 0.8 22.1
v -3.4 0.4 22.1
v -3.4 0.5 22.1
v -3.4 0.8 22.1
v -3.4 0.9 22.1
v -3.3 0.5 22.1
v -3.3 0.6 22.1
v -3.3 0.9 22.1
v -3.3 1 22.1
v -3.2 0.6 22.1
v -3.2 0.7 22.1
v -3.2 1 22.1
v -3.2 1.1 22.1
v -3.1 0.7 22.1
v -3.1 0.8 22.1
v -3.1 1.1 22.1
v -3.1 1.2 22.1
v -3 0.8 22.1
v -3 0.9 22.1
v -3 1.2 22.1
v -3 1.3 22.1
v -2.9 0.9 22.1
v -2.9 1 22.1
v -2.9 1.3 22.1
v -2.9 1.4 22.1
v -2.8 1 22.1
v -2.8 1.1 22.1
v -2.8 1.4 22.1
v -2.8 1.5 22.1
v -2.7 1.1 22.1
v -2.7 1.2 22.1
v -2.7 1.5 22.1
v -2.7 1.6 22.1
v -2.6 1.2 22.1
v -2.6 1.3 22.1
v -2.6 1.6 22.1
v -2.6 1.7 22.1
v -2.5 1.3 22.1
v -2.5 1.4 22.1
v -2.5 1.7 22.1
v -2.5 1.8 22.1
v -2.4 1.4 22.1
v -2.4 1.5 22.1
v -2.4 1.8 22.1
v -2.4 1.9 22.1
v -2.3 1.5 22.1
v -2.3 1.6 22.1
v -2.3 1.9 22.1
v -2.3 2 22.1
v -2.2 1.6 22.1
v -2.2 1.7 22.1
v -2.2 2 22.1
v -2.2 2.1 22.1
v -2.1 1.7 22.1
v -2.1 1.8 22.1
v -2.1 2.1 22.1
v -2.1 2.2 22.1
v -2 1.8 22.1
v -2 1.9 22.1
v -2 2.2 22.1
v -2 2.3 22.1
v -1.9 1.9 22.1
v -1.9 2 22.1
v -1.9 2.3 22.1
v -1.9 2.4 22.1
v -1.8 2 22.1
v -1.8 2.1 22.1
v -1.8 2.4 22.1
v -1.8 2.5 22.1
v -1.7 2.1 22.1
v -1.7 2.2 22.1
v -1.7 2.5 22.1
v -1.7 2.6 22.1
v -1.6 2.2 22.1
v -1.6 2.3 22.1
v -1.6 2.6 22.1
v -1.6 2.7 22.1
v -1.5 2.3 22.1
v -1.5 2.4 22.1
v -1.5 2.7 22.1
v -1.5 2.8 22.1
v -1.4 2.4 22.1
v -1.4 2.5 22.1
v -1.4 2.8 22.1
v -1.4 2.9 22.1
v -1.3 2.5 22.1
v -1.3 2.6 22.1
v -1.3 2.9 22.1
v -1.3 3 22.1
v -1.2 2.6 22.1
v -1.2 2.7 22.1
v -1.2 3 22.1
v -1.2 3.1 22.1
v -1.1 2.7 22.1
v -1.1 2.8 22.1
v -1.1 3.1 22.1
v -1.1 3.2 22.1
v -1 2.8 22.1
v -1 2.9 22.1
v -1 3.2 22.1
v -1 3.3 22.1
v -0.9 2.9 22.1
v -0.9 3 22.1
v -0.9 3.3 22.1
v -0.9 3.4 22.1
v -0.8 3 22.1
v -0.8 3.1 22.1
v -0.8 3.4 22.1
v -0.8 3.5 22.1
v -0.7 3.1 22.1
v -0.7 3.2 22.1
v -0.7 3.5 22.1
v -0.7 3.6 22.1
v -0.6 3.2 22.1
v -0.6 3.3 22.1
v -0.6 3.6 22.1
v -0.6 3.7 22.1
v -0.5 3.3 22.1
v -0.5 3.4 22.1
v -0.5 3.7 22.1
v -0.5 3.8 22.1
v -0.4 3.4 22.1
v -0.4 3.5 22.1
v -0.4 3.8 22.1
v -0.4 3.9 22.1
v -0.3 3.5 22.1
v -0.3 3.6 22.1
v -0.3 3.9 22.1
v -0.3 4 22.1
v -0.2 3.6 22.1
v -0.2 3.7 22.1
v -0.2 4 22.1
v -0.2 4.1 22.1
v -0.0999997 3.7 22.1
v -0.0999997 3.8 22.1
v -0.0999997 4.1 22.1
v -0.0999997 4.2 22.1
v 2.5332e-007 3.8 22.1
v 2.5332e-007 3.9 22.1
v 2.5332e-007 4.2 22.1
v 2.5332e-007 4.3 22.1
v 0.1 3.9 22.1
v 0.1 4 22.1
v 0.1 4.3 22.1
v 0.1 4.4 22.1
v 0.2 4 22.1
v 0.2 4.1 22.1
v 0.2 4.4 22.1
v 0.2 4.5 22.1
v 0.3 4.1 22.1
v 0.3 4.2 22.1
v 0.3 4.5 22.1
v 0.3 4.6 22.1
v 0.4 4.2 22.1
v 0.4 4.3 22.1
v 0.4 4.6 22.1
v 0.4 4.7 22.1
v 0.5 4.3 22.1
v 0.5 4.4 22.1
v 0.5 4.7 22.1
v 0.5 4.8 22.1
v 0.6 4.4 22.1
v 0.6 4.5 22.1
v 0.6 4.8 22.1
v 0.6 4.9 22.1
v 0.7 4.5 22.1
v 0.7 4.6 22.1
v 0.7 4.9 22.1
v 0.7 5 22.1
v 0.8 4.6 22.1
v 0.8 4.7 22.1
v 0.8 5 22.1
v 0.8 5.1 22.1
v 0.9 4.7 22.1
v 0.9 4.8 22.1
v 0.9 5.1 22.1
v 0.9 5.2 22.1
v 1 4.8 22.1
v 1 4.9 22.1
v 1 5.2 22.1
v 1 5.3 22.1
v 1.1 4.9 22.1
v 1.1 5 22.1
v 1.1 5.3 22.1
v 1.1 5.4 22.1
v 1.2 5 22.1
v 1.2 5.1 22.1
v 1.2 5.4 22.1
v 1.2 5.5 22.1
v 1.3 5.1 22.1
v 1.3 5.2 22.1
v 1.3 5.5 22.1
v 1.3 5.6 22.1
v 1.4 5.2 22.1
v 1.4 5.3 22.1
v 1.4 5.6 22.1
v 1.4 5.7 22.1
v 1.5 5.3 22.1
v 1.5 5.4 22.1
v 1.5 5.7 22.1
v 1.5 5.8 22.1
v 1.6 5.4 22.1
v 1.6 5.5 22.1
v 1.6 5.8 22.1
v 1.6 5.9 22.1
v 1.7 5.5 22.1
v 1.7 5.6 22.1
v 1.7 5.9 22.1
v 1.7 6 22.1
v 1.8 5.6 22.1
v 1.8 5.7 22.1
v 1.8 6 22.1
v 1.8 6.1 22.1
v 1.9 5.7 22.1
v 1.9 5.8 22.1
v 1.9 6.1 22.1
v 1.9 6.2 22.1
v 2 5.8 22.1
v 2 5.9 22.1
v 2 6.2 22.1
v 2 6.3 22.1
v 2.1 5.9 22.1
v 2.1 6 22.1
v 2.1 6.3 22.1
v 2.1 6.4 22.1
v 2.2 6 22.1
v 2.2 6.1 22.1
v 2.2 6.4 22.1
v 2.2 6.5 22.1
v 2.3 6.1 22.1
v 2.3 6.2 22.1
v 2.3 6.5 22.1
v 2.3 6.6 22.1
v 2.4 6.2 22.1
v 2.4 6.3 22.1
v 2.4 6.6 22.1
v 2.4 6.7 22.1
v 2.5 6.3 22.1
v 2.5 6.4 22.1
v 2.5 6.7 22.1
v 2.5 6.8 22.1
v 2.6 6.4 22.1
v 2.6 6.5 22.1
v 2.6 6.8 22.1
v 2.6 6.9 22.1
v 2.7 6.5 22.1
v 2.7 6.6 22.1
v 2.7 6.9 22.1
v 2.7 7 22.1
v 2.8 6.6 22.1
v 2.8 6.7 22.1
v 2.8 7 22.1
v 2.8 7.1 22.1
v 2.9 6.7 22.1
v 2.9 6.8 22.1
v 2.9 7.1 22.1
v 2.9 7.2 22.1
v 3 6.8 22.1
v 3 6.9 22.1
v 3 7.2 22.1
v 3 7.3 22.1
v 3.1 6.9 22.1
v 3.1 7 22.1
v 3.1 7.3 22.1
v 3.1 7.4 22.1
v 3.2 7 22.1
v 3.2 7.1 22.1
v 3.2 7.4 22.1
v 3.2 7.5 22.1
v 3.3 7.1 22.1
v 3.3 7.2 22.1
v 3.3 7.5 22.1
v 3.3 7.6 22.1
v 3.4 7.2 22.1
v 3.4 7.3 22.1
v 3.4 7.6 22.1
v 3.4 7.7 22.1
v 3.5 7.3 22.1
v 3.5 7.4 22.1
v 3.5 7.7 22.1
v 3.5 7.8 22.1
v 3.6 7.4 22.1
v 3.6 7.5 22.1
v 3.7 7.5 22.1
v 3.7 7.6 22.1
v 3.8 7.6 22.1
v 3.8 7.7 22.1
v 3.9 7.7 22.1
v 3.9 7.8 22.1
v -4.1 0 23.6
v -3.8 0 23.6
v -4.1 0 23.5
v -3.8 0 23.5
v -4.1 0 22.2
v -3.8 0 22.2
v -4.1 0 22.1
v -3.8 0 22.1
v -3.8 0.1 23.6
v -3.7 0.1 23.6
v -3.8 0.1 23.5
v -3.7 0.1 23.5
v -3.8 0.1 22.2
v -3.7 0.1 22.2
v -3.8 0.1 22.1
v -3.7 0.1 22.1
v -3.7 0.2 23.6
v -3.6 0.2 23.6
v -4 0.2 23.5
v -3.7 0.2 23.5
v -3.6 0.2 23.5
v -3.9 0.2 23.4
v -3.7 0.2 23.4
v -3.9 0.2 23.3
v -3.7 0.2 23.3
v -3.9 0.2 23.2
v -3.7 0.2 23.2
v -3.9 0.2 23.1
v -3.7 0.2 23.1
v -3.9 0.2 23
v -3.7 0.2 23
v -3.9 0.2 22.9
v -3.7 0.2 22.9
v -3.9 0.2 22.8
v -3.7 0.2 22.8
v -3.9 0.2 22.7
v -3.7 0.2 22.7
v -3.9 0.2 22.6
v -3.7 0.2 22.6
v -3.9 0.2 22.5
v -3.7 0.2 22.5
v -3.9 0.2 22.4
v -3.7 0.2 22.4
v -3.9 0.2 22.3
v -3.7 0.2 22.3
v -4 0.2 22.2
v -3.7 0.2 22.2
v -3.6 0.2 22.2
v -3.7 0.2 22.1
v -3.6 0.2 22.1
v -3.6 0.3 23.6
v -3.5 0.3 23.6
v -3.6 0.3 23.5
v -3.5 0.3 23.5
v -3.6 0.3 22.2
v -3.5 0.3 22.2
v -3.6 0.3 22.1
v -3.5 0.3 22.1
v -3.5 0.4 23.6
v -3.4 0.4 23.6
v -3.5 0.4 23.5
v -3.4 0.4 23.5
v -3.5 0.4 22.2
v -3.4 0.4 22.2
v -3.5 0.4 22.1
v -3.4 0.4 22.1
v -3.4 0.5 23.6
v -3.3 0.5 23.6
v -3.7 0.5 23.5
v -3.4 0.5 23.5
v -3.3 0.5 23.5
v -3.6 0.5 23.4
v -3.4 0.5 23.4
v -3.6 0.5 23.3
v -3.4 0.5 23.3
v -3.6 0.5 23.2
v -3.4 0.5 23.2
v -3.6 0.5 23.1
v -3.4 0.5 23.1
v -3.6 0.5 23
v -3.4 0.5 23
v -3.6 0.5 22.9
v -3.4 0.5 22.9
v -3.6 0.5 22.8
v -3.4 0.5 22.8
v -3.6 0.5 22.7
v -3.4 0.5 22.7
v -3.6 0.5 22.6
v -3.4 0.5 22.6
v -3.6 0.5 22.5
v -3.4 0.5 22.5
v -3.6 0.5 22.4
v -3.4 0.5 22.4
v -3.6 0.5 22.3
v -3.4 0.5 22.3
v -3.7 0.5 22.2
v -3.4 0.5 22.2
v -3.3 0.5 22.2
v -3.4 0.5 22.1
v -3.3 0.5 22.1
v -3.3 0.6 23.6
v -3.2 0.6 23.6
v -3.3 0.6 23.5
v -3.2 0.6 23.5
v -3.3 0.6 22.2
v -3.2 0.6 22.2
v -3.3 0.6 22.1
v -3.2 0.6 22.1
v -3.2 0.7 23.6
v -3.1 0.7 23.6
v -3.2 0.7 23.5
v -3.1 0.7 23.5
v -3.2 0.7 22.2
v -3.1 0.7 22.2
v -3.2 0.7 22.1
v -3.1 0.7 22.1
v -3.1 0.8 23.6
v -3 0.8 23.6
v -3.4 0.8 23.5
v -3.1 0.8 23.5
v -3 0.8 23.5
v -3.3 0.8 23.4
v -3.1 0.8 23.4
v -3.3 0.8 23.3
v -3.1 0.8 23.3
v -3.3 0.8 23.2
v -3.1 0.8 23.2
v -3.3 0.8 23.1
v -3.1 0.8 23.1
v -3.3 0.8 23
v -3.1 0.8 23
v -3.3 0.8 22.9
v -3.1 0.8 22.9
v -3.3 0.8 22.8
v -3.1 0.8 22.8
v -3.3 0.8 22.7
v -3.1 0.8 22.7
v -3.3 0.8 22.6
v -3.1 0.8 22.6
v -3.3 0.8 22.5
v -3.1 0.8 22.5
v -3.3 0.8 22.4
v -3.1 0.8 22.4
v -3.3 0.8 22.3
v -3.1 0.8 22.3
v -3.4 0.8 22.2
v -3.1 0.8 22.2
v -3 0.8 22.2
v -3.1 0.8 22.1
v -3 0.8 22.1
v -3 0.9 23.6
v -2.9 0.9 23.6
v -3 0.9 23.5
v -2.9 0.9 23.5
v -3 0.9 22.2
v -2.9 0.9 22.2
v -3 0.9 22.1
v -2.9 0.9 22.1
v -2.9 1 23.6
v -2.8 1 23.6
v -2.9 1 23.5
v -2.8 1 23.5
v -2.9 1 22.2
v -2.8 1 22.2
v -2.9 1 22.1
v -2.8 1 22.1
v -2.8 1.1 23.6
v -2.7 1.1 23.6
v -3.1 1.1 23.5
v -2.8 1.1 23.5
v -2.7 1.1 23.5
v -3 1.1 23.4
v -2.8 1.1 23.4
v -3 1.1 23.3
v -2.8 1.1 23.3
v -3 1.1 23.2
v -2.8 1.1 23.2
v -3 1.1 23.1
v -2.8 1.1 23.1
v -3 1.1 23
v -2.8 1.1 23
v -3 1.1 22.9
v -2.8 1.1 22.9
v -3 1.1 22.8
v -2.8 1.1 22.8
v -3 1.1 22.7
v -2.8 1.1 22.7
v -3 1.1 22.6
v -2.8 1.1 22.6
v -3 1.1 22.5
v -2.8 1.1 22.5
v -3 1.1 22.4
v -2.8 1.1 22.4
v -3 1.1 22.3
v -2.8 1.1 22.3
v -3.1 1.1 22.2
v -2.8 1.1 22.2
v -2.7 1.1 22.2
v -2.8 1.1 22.1
v -2.7 1.1 22.1
v -2.7 1.2 23.6
v -2.6 1.2 23.6
v -2.7 1.2 23.5
v -2.6 1.2 23.5
v -2.7 1.2 22.2
v -2.6 1.2 22.2
v -2.7 1.2 22.1
v -2.6 1.2 22.1
v -2.6 1.3 23.6
v -2.5 1.3 23.6
v -2.6 1.3 23.5
v -2.5 1.3 23.5
v -2.6 1.3 22.2
v -2.5 1.3 22.2
v -2.6 1.3 22.1
v -2.5 1.3 22.1
v -2.5 1.4 23.6
v -2.4 1.4 23.6
v -2.8 1.4 23.5
v -2.5 1.4 23.5
v -2.4 1.4 23.5
v -2.7 1.4 23.4
v -2.5 1.4 23.4
v -2.7 1.4 23.3
v -2.5 1.4 23.3
v -2.7 1.4 23.2
v -2.5 1.4 23.2
v -2.7 1.4 23.1
v -2.5 1.4 23.1
v -2.7 1.4 23
v -2.5 1.4 23
v -2.7 1.4 22.9
v -2.5 1.4 22.9
v -2.7 1.4 22.8
v -2.5 1.4 22.8
v -2.7 1.4 22.7
v -2.5 1.4 22.7
v -2.7 1.4 22.6
v -2.5 1.4 22.6
v -2.7 1.4 22.5
v -2.5 1.4 22.5
v -2.7 1.4 22.4
v -2.5 1.4 22.4
v -2.7 1.4 22.3
v -2.5 1.4 22.3
v -2.8 1.4 22.2
v -2.5 1.4 22.2
v -2.4 1.4 22.2
v -2.5 1.4 22.1
v -2.4 1.4 22.1
v -2.4 1.5 23.6
v -2.3 1.5 23.6
v -2.4 1.5 23.5
v -2.3 1.5 23.5
v -2.4 1.5 22.2
v -2.3 1.5 22.2
v -2.4 1.5 22.1
v -2.3 1.5 22.1
v -2.3 1.6 23.6
v -2.2 1.6 23.6
v -2.3 1.6 23.5
v -2.2 1.6 23.5
v -2.3 1.6 22.2
v -2.2 1.6 22.2
v -2.3 1.6 22.1
v -2.2 1.6 22.1
v -2.2 1.7 23.6
v -2.1 1.7 23.6
v -2.5 1.7 23.5
v -2.2 1.7 23.5
v -2.1 1.7 23.5
v -2.4 1.7 23.4
v -2.2 1.7 23.4
v -2.4 1.7 23.3
v -2.2 1.7 23.3
v -2.4 1.7 23.2
v -2.2 1.7 23.2
v -2.4 1.7 23.1
v -2.2 1.7 23.1
v -2.4 1.7 23
v -2.2 1.7 23
v -2.4 1.7 22.9
v -2.2 1.7 22.9
v -2.4 1.7 22.8
v -2.2 1.7 22.8
v -2.4 1.7 22.7
v -2.2 1.7 22.7
v -2.4 1.7 22.6
v -2.2 1.7 22.6
v -2.4 1.7 22.5
v -2.2 1.7 22.5
v -2.4 1.7 22.4
v -2.2 1.7 22.4
v -2.4 1.7 22.3
v -2.2 1.7 22.3
v -2.5 1.7 22.2
v -2.2 1.7 22.2
v -2.1 1.7 22.2
v -2.2 1.7 22.1
v -2.1 1.7 22.1
v -2.1 1.8 23.6
v -2 1.8 23.6
v -2.1 1.8 23.5
v -2 1.8 23.5
v -2.1 1.8 22.2
v -2 1.8 22.2
v -2.1 1.8 22.1
v -2 1.8 22.1
v -2 1.9 23.6
v -1.9 1.9 23.6
v -2 1.9 23.5
v -1.9 1.9 23.5
v -2 1.9 22.2
v -1.9 1.9 22.2
v -2 1.9 22.1
v -1.9 1.9 22.1
v -1.9 2 23.6
v -1.8 2 23.6
v -2.2 2 23.5
v -1.9 2 23.5
v -1.8 2 23.5
v -2.1 2 23.4
v -1.9 2 23.4
v -2.1 2 23.3
v -1.9 2 23.3
v -2.1 2 23.2
v -1.9 2 23.2
v -2.1 2 23.1
v -1.9 2 23.1
v -2.1 2 23
v -1.9 2 23
v -2.1 2 22.9
v -1.9 2 22.9
v -2.1 2 22.8
v -1.9 2 22.8
v -2.1 2 22.7
v -1.9 2 22.7
v -2.1 2 22.6
v -1.9 2 22.6
v -2.1 2 22.5
v -1.9 2 22.5
v -2.1 2 22.4
v -1.9 2 22.4
v -2.1 2 22.3
v -1.9 2 22.3
v -2.2 2 22.2
v -1.9 2 22.2
v -1.8 2 22.2
v -1.9 2 22.1
v -1.8 2 22.1
v -1.8 2.1 23.6
v -1.7 2.1 23.6
v -1.8 2.1 23.5
v -1.7 2.1 23.5
v -1.8 2.1 22.2
v -1.7 2.1 22.2
v -1.8 2.1 22.1
v -1.7 2.1 22.1
v -1.7 2.2 23.6
v -1.6 2.2 23.6
v -1.7 2.2 23.5
v -1.6 2.2 23.5
v -1.7 2.2 22.2
v -1.6 2.2 22.2
v -1.7 2.2 22.1
v -1.6 2.2 22.1
v -1.6 2.3 23.6
v -1.5 2.3 23.6
v -1.9 2.3 23.5
v -1.6 2.3 23.5
v -1.5 2.3 23.5
v -1.8 2.3 23.4
v -1.6 2.3 23.4
v -1.8 2.3 23.3
v -1.6 2.3 23.3
v -1.8 2.3 23.2
v -1.6 2.3 23.2
v -1.8 2.3 23.1
v -1.6 2.3 23.1
v -1.8 2.3 23
v -1.6 2.3 23
v -1.8 2.3 22.9
v -1.6 2.3 22.9
v -1.8 2.3 22.8
v -1.6 2.3 22.8
v -1.8 2.3 22.7
v -1.6 2.3 22.7
v -1.8 2.3 22.6
v -1.6 2.3 22.6
v -1.8 2.3 22.5
v -1.6 2.3 22.5
v -1.8 2.3 22.4
v -1.6 2.3 22.4
v -1.8 2.3 22.3
v -1.6 2.3 22.3
v -1.9 2.3 22.2
v -1.6 2.3 22.2
v -1.5 2.3 22.2
v -1.6 2.3 22.1
v -1.5 2.3 22.1
v -1.5 2.4 23.6
v -1.4 2.4 23.6
v -1.5 2.4 23.5
v -1.4 2.4 23.5
v -1.5 2.4 22.2
v -1.4 2.4 22.2
v -1.5 2.4 22.1
v -1.4 2.4 22.1
v -1.4 2.5 23.6
v -1.3 2.5 23.6
v -1.4 2.5 23.5
v -1.3 2.5 23.5
v -1.4 2.5 22.2
v -1.3 2.5 22.2
v -1.4 2.5 22.1
v -1.3 2.5 22.1
v -1.3 2.6 23.6
v -1.2 2.6 23.6
v -1.6 2.6 23.5
v -1.3 2.6 23.5
v -1.2 2.6 23.5
v -1.5 2.6 23.4
v -1.3 2.6 23.4
v -1.5 2.6 23.3
v -1.3 2.6 23.3
v -1.5 2.6 23.2
v -1.3 2.6 23.2
v -1.5 2.6 23.1
v -1.3 2.6 23.1
v -1.5 2.6 23
v -1.3 2.6 23
v -1.5 2.6 22.9
v -1.3 2.6 22.9
v -1.5 2.6 22.8
v -1.3 2.6 22.8
v -1.5 2.6 22.7
v -1.3 2.6 22.7
v -1.5 2.6 22.6
v -1.3 2.6 22.6
v -1.5 2.6 22.5
v -1.3 2.6 22.5
v -1.5 2.6 22.4
v -1.3 2.6 22.4
v -1.5 2.6 22.3
v -1.3 2.6 22.3
v -1.6 2.6 22.2
v -1.3 2.6 22.2
v -1.2 2.6 22.2
v -1.3 2.6 22.1
v -1.2 2.6 22.1
v -1.2 2.7 23.6
v -1.1 2.7 23.6
v -1.2 2.7 23.5
v -1.1 2.7 23.5
v -1.2 2.7 22.2
v -1.1 2.7 22.2
v -1.2 2.7 22.1
v -1.1 2.7 22.1
v -1.1 2.8 23.6
v -1 2.8 23.6
v -1.1 2.8 23.5
v -1 2.8 23.5
v -1.1 2.8 22.2
v -1 2.8 22.2
v -1.1 2.8 22.1
v -1 2.8 22.1
v -1 2.9 23.6
v -0.9 2.9 23.6
v -1.3 2.9 23.5
v -1 2.9 23.5
v -0.9 2.9 23.5
v -1.2 2.9 23.4
v -1 2.9 23.4
v -1.2 2.9 23.3
v -1 2.9 23.3
v -1.2 2.9 23.2
v -1 2.9 23.2
v -1.2 2.9 23.1
v -1 2.9 23.1
v -1.2 2.9 23
v -1 2.9 23
v -1.2 2.9 22.9
v -1 2.9 22.9
v -1.2 2.9 22.8
v -1 2.9 22.8
v -1.2 2.9 22.7
v -1 2.9 22.7
v -1.2 2.9 22.6
v -1 2.9 22.6
v -1.2 2.9 22.5
v -1 2.9 22.5
v -1.2 2.9 22.4
v -1 2.9 22.4
v -1.2 2.9 22.3
v -1 2.9 22.3
v -1.3 2.9 22.2
v -1 2.9 22.2
v -0.9 2.9 22.2
v -1 2.9 22.1
v -0.9 2.9 22.1
v -0.9 3 23.6
v -0.8 3 23.6
v -0.9 3 23.5
v -0.8 3 23.5
v -0.9 3 22.2
v -0.8 3 22.2
v -0.9 3 22.1
v -0.8 3 22.1
v -0.8 3.1 23.6
v -0.7 3.1 23.6
v -0.8 3.1 23.5
v -0.7 3.1 23.5
v -0.8 3.1 22.2
v -0.7 3.1 22.2
v -0.8 3.1 22.1
v -0.7 3.1 22.1
v -0.7 3.2 23.6
v -0.6 3.2 23.6
v -1 3.2 23.5
v -0.7 3.2 23.5
v -0.6 3.2 23.5
v -0.9 3.2 23.4
v -0.7 3.2 23.4
v -0.9 3.2 23.3
v -0.7 3.2 23.3
v -0.9 3.2 23.2
v -0.7 3.2 23.2
v -0.9 3.2 23.1
v -0.7 3.2 23.1
v -0.9 3.2 23
v -0.7 3.2 23
v -0.9 3.2 22.9
v -0.7 3.2 22.9
v -0.9 3.2 22.8
v -0.7 3.2 22.8
v -0.9 3.2 22.7
v -0.7 3.2 22.7
v -0.9 3.2 22.6
v -0.7 3.2 22.6
v -0.9 3.2 22.5
v -0.7 3.2 22.5
v -0.9 3.2 22.4
v -0.7 3.2 22.4
v -0.9 3.2 22.3
v -0.7 3.2 22.3
v -1 3.2 22.2
v -0.7 3.2 22.2
v -0.6 3.2 22.2
v -0.7 3.2 22.1
v -0.6 3.2 22.1
v -0.6 3.3 23.6
v -0.5 3.3 23.6
v -0.6 3.3 23.5
v -0.5 3.3 23.5
v -0.6 3.3 22.2
v -0.5 3.3 22.2
v -0.6 3.3 22.1
v -0.5 3.3 22.1
v -0.5 3.4 23.6
v -0.4 3.4 23.6
v -0.5 3.4 23.5
v -0.4 3.4 23.5
v -0.5 3.4 22.2
v -0.4 3.4 22.2
v -0.5 3.4 22.1
v -0.4 3.4 22.1
v -0.4 3.5 23.6
v -0.3 3.5 23.6
v -0.7 3.5 23.5
v -0.4 3.5 23.5
v -0.3 3.5 23.5
v -0.6 3.5 23.4
v -0.4 3.5 23.4
v -0.6 3.5 23.3
v -0.4 3.5 23.3
v -0.6 3.5 23.2
v -0.4 3.5 23.2
v -0.6 3.5 23.1
v -0.4 3.5 23.1
v -0.6 3.5 23
v -0.4 3.5 23
v -0.6 3.5 22.9
v -0.4 3.5 22.9
v -0.6 3.5 22.8
v -0.4 3.5 22.8
v -0.6 3.5 22.7
v -0.4 3.5 22.7
v -0.6 3.5 22.6
v -0.4 3.5 22.6
v -0.6 3.5 22.5
v -0.4 3.5 22.5
v -0.6 3.5 22.4
v -0.4 3.5 22.4
v -0.6 3.5 22.3
v -0.4 3.5 22.3
v -0.7 3.5 22.2
v -0.4 3.5 22.2
v -0.3 3.5 22.2
v -0.4 3.5 22.1
v -0.3 3.5 22.1
v -0.3 3.6 23.6
v -0.2 3.6 23.6
v -0.3 3.6 23.5
v -0.2 3.6 23.5
v -0.3 3.6 22.2
v -0.2 3.6 22.2
v -0.3 3.6 22.1
v -0.2 3.6 22.1
v -0.2 3.7 23.6
v -0.0999997 3.7 23.6
v -0.2 3.7 23.5
v -0.0999997 3.7 23.5
v -0.2 3.7 22.2
v -0.0999997 3.7 22.2
v -0.2 3.7 22.1
v -0.0999997 3.7 22.1
v -0.0999997 3.8 23.6
v 2.5332e-007 3.8 23.6
v -0.4 3.8 23.5
v -0.0999997 3.8 23.5
v 2.5332e-007 3.8 23.5
v -0.3 3.8 23.4
v -0.0999997 3.8 23.4
v -0.3 3.8 23.3
v -0.0999997 3.8 23.3
v -0.3 3.8 23.2
v -0.0999997 3.8 23.2
v -0.3 3.8 23.1
v -0.0999997 3.8 23.1
v -0.3 3.8 23
v -0.0999997 3.8 23
v -0.3 3.8 22.9
v -0.0999997 3.8 22.9
v -0.3 3.8 22.8
v -0.0999997 3.8 22.8
v -0.3 3.8 22.7
v -0.0999997 3.8 22.7
v -0.3 3.8 22.6
v -0.0999997 3.8 22.6
v -0.3 3.8 22.5
v -0.0999997 3.8 22.5
v -0.3 3.8 22.4
v -0.0999997 3.8 22.4
v -0.3 3.8 22.3
v -0.0999997 3.8 22.3
v -0.4 3.8 22.2
v -0.0999997 3.8 22.2
v 2.5332e-007 3.8 22.2
v -0.0999997 3.8 22.1
v 2.5332e-007 3.8 22.1
v 2.5332e-007 3.9 23.6
v 0.1 3.9 23.6
v 2.5332e-007 3.9 23.5
v 0.1 3.9 23.5
v 2.5332e-007 3.9 22.2
v 0.1 3.9 22.2
v 2.5332e-007 3.9 22.1
v 0.1 3.9 22.1
v 0.1 4 23.6
v 0.2 4 23.6
v 0.1 4 23.5
v 0.2 4 23.5
v 0.1 4 22.2
v 0.2 4 22.2
v 0.1 4 22.1
v 0.2 4 22.1
v 0.2 4.1 23.6
v 0.3 4.1 23.6
v -0.0999997 4.1 23.5
v 0.2 4.1 23.5
v 0.3 4.1 23.5
v 2.5332e-007 4.1 23.4
v 0.2 4.1 23.4
v 2.5332e-007 4.1 23.3
v 0.2 4.1 23.3
v 2.5332e-007 4.1 23.2
v 0.2 4.1 23.2
v 2.5332e-007 4.1 23.1
v 0.2 4.1 23.1
v 2.5332e-007 4.1 23
v 0.2 4.1 23
v 2.5332e-007 4.1 22.9
v 0.2 4.1 22.9
v 2.5332e-007 4.1 22.8
v 0.2 4.1 22.8
v 2.5332e-007 4.1 22.7
v 0.2 4.1 22.7
v 2.5332e-007 4.1 22.6
v 0.2 4.1 22.6
v 2.5332e-007 4.1 22.5
v 0.2 4.1 22.5
v 2.5332e-007 4.1 22.4
v 0.2 4.1 22.4
v 2.5332e-007 4.1 22.3
v 0.2 4.1 22.3
v -0.0999997 4.1 22.2
v 0.2 4.1 22.2
v 0.3 4.1 22.2
v 0.2 4.1 22.1
v 0.3 4.1 22.1
v 0.3 4.2 23.6
v 0.4 4.2 23.6
v 0.3 4.2 23.5
v 0.4 4.2 23.5
v 0.3 4.2 22.2
v 0.4 4.2 22.2
v 0.3 4.2 22.1
v 0.4 4.2 22.1
v 0.4 4.3 23.6
v 0.5 4.3 23.6
v 0.4 4.3 23.5
v 0.5 4.3 23.5
v 0.4 4.3 22.2
v 0.5 4.3 22.2
v 0.4 4.3 22.1
v 0.5 4.3 22.1
v 0.5 4.4 23.6
v 0.6 4.4 23.6
v 0.2 4.4 23.5
v 0.5 4.4 23.5
v 0.6 4.4 23.5
v 0.3 4.4 23.4
v 0.5 4.4 23.4
v 0.3 4.4 23.3
v 0.5 4.4 23.3
v 0.3 4.4 23.2
v 0.5 4.4 23.2
v 0.3 4.4 23.1
v 0.5 4.4 23.1
v 0.3 4.4 23
v 0.5 4.4 23
v 0.3 4.4 22.9
v 0.5 4.4 22.9
v 0.3 4.4 22.8
v 0.5 4.4 22.8
v 0.3 4.4 22.7
v 0.5 4.4 22.7
v 0.3 4.4 22.6
v 0.5 4.4 22.6
v 0.3 4.4 22.5
v 0.5 4.4 22.5
v 0.3 4.4 22.4
v 0.5 4.4 22.4
v 0.3 4.4 22.3
v 0.5 4.4 22.3
v 0.2 4.4 22.2
v 0.5 4.4 22.2
v 0.6 4.4 22.2
v 0.5 4.4 22.1
v 0.6 4.4 22.1
v 0.6 4.5 23.6
v 0.7 4.5 23.6
v 0.6 4.5 23.5
v 0.7 4.5 23.5
v 0.6 4.5 22.2
v 0.7 4.5 22.2
v 0.6 4.5 22.1
v 0.7 4.5 22.1
v 0.7 4.6 23.6
v 0.8 4.6 23.6
v 0.7 4.6 23.5
v 0.8 4.6 23.5
v 0.7 4.6 22.2
v 0.8 4.6 22.2
v 0.7 4.6 22.1
v 0.8 4.6 22.1
v 0.8 4.7 23.6
v 0.9 4.7 23.6
v 0.5 4.7 23.5
v 0.8 4.7 23.5
v 0.9 4.7 23.5
v 0.6 4.7 23.4
v 0.8 4.7 23.4
v 0.6 4.7 23.3
v 0.8 4.7 23.3
v 0.6 4.7 23.2
v 0.8 4.7 23.2
v 0.6 4.7 23.1
v 0.8 4.7 23.1
v 0.6 4.7 23
v 0.8 4.7 23
v 0.6 4.7 22.9
v 0.8 4.7 22.9
v 0.6 4.7 22.8
v 0.8 4.7 22.8
v 0.6 4.7 22.7
v 0.8 4.7 22.7
v 0.6 4.7 22.6
v 0.8 4.7 22.6
v 0.6 4.7 22.5
v 0.8 4.7 22.5
v 0.6 4.7 22.4
v 0.8 4.7 22.4
v 0.6 4.7 22.3
v 0.8 4.7 22.3
v 0.5 4.7 22.2
v 0.8 4.7 22.2
v 0.9 4.7 22.2
v 0.8 4.7 22.1
v 0.9 4.7 22.1
v 0.9 4.8 23.6
v 1 4.8 23.6
v 0.9 4.8 23.5
v 1 4.8 23.5
v 0.9 4.8 22.2
v 1 4.8 22.2
v 0.9 4.8 22.1
v 1 4.8 22.1
v 1 4.9 23.6
v 1.1 4.9 23.6
v 1 4.9 23.5
v 1.1 4.9 23.5
v 1 4.9 22.2
v 1.1 4.9 22.2
v 1 4.9 22.1
v 1.1 4.9 22.1
v 1.1 5 23.6
v 1.2 5 23.6
v 0.8 5 23.5
v 1.1 5 23.5
v 1.2 5 23.5
v 0.9 5 23.4
v 1.1 5 23.4
v 0.9 5 23.3
v 1.1 5 23.3
v 0.9 5 23.2
v 1.1 5 23.2
v 0.9 5 23.1
v 1.1 5 23.1
v 0.9 5 23
v 1.1 5 23
v 0.9 5 22.9
v 1.1 5 22.9
v 0.9 5 22.8
v 1.1 5 22.8
v 0.9 5 22.7
v 1.1 5 22.7
v 0.9 5 22.6
v 1.1 5 22.6
v 0.9 5 22.5
v 1.1 5 22.5
v 0.9 5 22.4
v 1.1 5 22.4
v 0.9 5 22.3
v 1.1 5 22.3
v 0.8 5 22.2
v 1.1 5 22.2
v 1.2 5 22.2
v 1.1 5 22.1
v 1.2 5 22.1
v 1.2 5.1 23.6
v 1.3 5.1 23.6
v 1.2 5.1 23.5
v 1.3 5.1 23.5
v 1.2 5.1 22.2
v 1.3 5.1 22.2
v 1.2 5.1 22.1
v 1.3 5.1 22.1
v 1.3 5.2 23.6
v 1.4 5.2 23.6
v 1.3 5.2 23.5
v 1.4 5.2 23.5
v 1.3 5.2 22.2
v 1.4 5.2 22.2
v 1.3 5.2 22.1
v 1.4 5.2 22.1
v 1.4 5.3 23.6
v 1.5 5.3 23.6
v 1.1 5.3 23.5
v 1.4 5.3 23.5
v 1.5 5.3 23.5
v 1.2 5.3 23.4
v 1.4 5.3 23.4
v 1.2 5.3 23.3
v 1.4 5.3 23.3
v 1.2 5.3 23.2
v 1.4 5.3 23.2
v 1.2 5.3 23.1
v 1.4 5.3 23.1
v 1.2 5.3 23
v 1.4 5.3 23
v 1.2 5.3 22.9
v 1.4 5.3 22.9
v 1.2 5.3 22.8
v 1.4 5.3 22.8
v 1.2 5.3 22.7
v 1.4 5.3 22.7
v 1.2 5.3 22.6
v 1.4 5.3 22.6
v 1.2 5.3 22.5
v 1.4 5.3 22.5
v 1.2 5.3 22.4
v 1.4 5.3 22.4
v 1.2 5.3 22.3
v 1.4 5.3 22.3
v 1.1 5.3 22.2
v 1.4 5.3 22.2
v 1.5 5.3 22.2
v 1.4 5.3 22.1
v 1.5 5.3 22.1
v 1.5 5.4 23.6
v 1.6 5.4 23.6
v 1.5 5.4 23.5
v 1.6 5.4 23.5
v 1.5 5.4 22.2
v 1.6 5.4 22.2
v 1.5 5.4 22.1
v 1.6 5.4 22.1
v 1.6 5.5 23.6
v 1.7 5.5 23.6
v 1.6 5.5 23.5
v 1.7 5.5 23.5
v 1.6 5.5 22.2
v 1.7 5.5 22.2
v 1.6 5.5 22.1
v 1.7 5.5 22.1
v 1.7 5.6 23.6
v 1.8 5.6 23.6
v 1.4 5.6 23.5
v 1.7 5.6 23.5
v 1.8 5.6 23.5
v 1.5 5.6 23.4
v 1.7 5.6 23.4
v 1.5 5.6 23.3
v 1.7 5.6 23.3
v 1.5 5.6 23.2
v 1.7 5.6 23.2
v 1.5 5.6 23.1
v 1.7 5.6 23.1
v 1.5 5.6 23
v 1.7 5.6 23
v 1.5 5.6 22.9
v 1.7 5.6 22.9
v 1.5 5.6 22.8
v 1.7 5.6 22.8
v 1.5 5.6 22.7
v 1.7 5.6 22.7
v 1.5 5.6 22.6
v 1.7 5.6 22.6
v 1.5 5.6 22.5
v 1.7 5.6 22.5
v 1.5 5.6 22.4
v 1.7 5.6 22.4
v 1.5 5.6 22.3
v 1.7 5.6 22.3
v 1.4 5.6 22.2
v 1.7 5.6 22.2
v 1.8 5.6 22.2
v 1.7 5.6 22.1
v 1.8 5.6 22.1
v 1.8 5.7 23.6
v 1.9 5.7 23.6
v 1.8 5.7 23.5
v 1.9 5.7 23.5
v 1.8 5.7 22.2
v 1.9 5.7 22.2
v 1.8 5.7 22.1
v 1.9 5.7 22.1
v 1.9 5.8 23.6
v 2 5.8 23.6
v 1.9 5.8 23.5
v 2 5.8 23.5
v 1.9 5.8 22.2
v 2 5.8 22.2
v 1.9 5.8 22.1
v 2 5.8 22.1
v 2 5.9 23.6
v 2.1 5.9 23.6
v 1.7 5.9 23.5
v 2 5.9 23.5
v 2.1 5.9 23.5
v 1.8 5.9 23.4
v 2 5.9 23.4
v 1.8 5.9 23.3
v 2 5.9 23.3
v 1.8 5.9 23.2
v 2 5.9 23.2
v 1.8 5.9 23.1
v 2 5.9 23.1
v 1.8 5.9 23
v 2 5.9 23
v 1.8 5.9 22.9
v 2 5.9 22.9
v 1.8 5.9 22.8
v 2 5.9 22.8
v 1.8 5.9 22.7
v 2 5.9 22.7
v 1.8 5.9 22.6
v 2 5.9 22.6
v 1.8 5.9 22.5
v 2 5.9 22.5
v 1.8 5.9 22.4
v 2 5.9 22.4
v 1.8 5.9 22.3
v 2 5.9 22.3
v 1.7 5.9 22.2
v 2 5.9 22.2
v 2.1 5.9 22.2
v 2 5.9 22.1
v 2.1 5.9 22.1
v 2.1 6 23.6
v 2.2 6 23.6
v 2.1 6 23.5
v 2.2 6 23.5
v 2.1 6 22.2
v 2.2 6 22.2
v 2.1 6 22.1
v 2.2 6 22.1
v 2.2 6.1 23.6
v 2.3 6.1 23.6
v 2.2 6.1 23.5
v 2.3 6.1 23.5
v 2.2 6.1 22.2
v 2.3 6.1 22.2
v 2.2 6.1 22.1
v 2.3 6.1 22.1
v 2.3 6.2 23.6
v 2.4 6.2 23.6
v 2 6.2 23.5
v 2.3 6.2 23.5
v 2.4 6.2 23.5
v 2.1 6.2 23.4
v 2.3 6.2 23.4
v 2.1 6.2 23.3
v 2.3 6.2 23.3
v 2.1 6.2 23.2
v 2.3 6.2 23.2
v 2.1 6.2 23.1
v 2.3 6.2 23.1
v 2.1 6.2 23
v 2.3 6.2 23
v 2.1 6.2 22.9
v 2.3 6.2 22.9
v 2.1 6.2 22.8
v 2.3 6.2 22.8
v 2.1 6.2 22.7
v 2.3 6.2 22.7
v 2.1 6.2 22.6
v 2.3 6.2 22.6
v 2.1 6.2 22.5
v 2.3 6.2 22.5
v 2.1 6.2 22.4
v 2.3 6.2 22.4
v 2.1 6.2 22.3
v 2.3 6.2 22.3
v 2 6.2 22.2
v 2.3 6.2 22.2
v 2.4 6.2 22.2
v 2.3 6.2 22.1
v 2.4 6.2 22.1
v 2.4 6.3 23.6
v 2.5 6.3 23.6
v 2.4 6.3 23.5
v 2.5 6.3 23.5
v 2.4 6.3 22.2
v 2.5 6.3 22.2
v 2.4 6.3 22.1
v 2.5 6.3 22.1
v 2.5 6.4 23.6
v 2.6 6.4 23.6
v 2.5 6.4 23.5
v 2.6 6.4 23.5
v 2.5 6.4 22.2
v 2.6 6.4 22.2
v 2.5 6.4 22.1
v 2.6 6.4 22.1
v 2.6 6.5 23.6
v 2.7 6.5 23.6
v 2.3 6.5 23.5
v 2.6 6.5 23.5
v 2.7 6.5 23.5
v 2.4 6.5 23.4
v 2.6 6.5 23.4
v 2.4 6.5 23.3
v 2.6 6.5 23.3
v 2.4 6.5 23.2
v 2.6 6.5 23.2
v 2.4 6.5 23.1
v 2.6 6.5 23.1
v 2.4 6.5 23
v 2.6 6.5 23
v 2.4 6.5 22.9
v 2.6 6.5 22.9
v 2.4 6.5 22.8
v 2.6 6.5 22.8
v 2.4 6.5 22.7
v 2.6 6.5 22.7
v 2.4 6.5 22.6
v 2.6 6.5 22.6
v 2.4 6.5 22.5
v 2.6 6.5 22.5
v 2.4 6.5 22.4
v 2.6 6.5 22.4
v 2.4 6.5 22.3
v 2.6 6.5 22.3
v 2.3 6.5 22.2
v 2.6 6.5 22.2
v 2.7 6.5 22.2
v 2.6 6.5 22.1
v 2.7 6.5 22.1
v 2.7 6.6 23.6
v 2.8 6.6 23.6
v 2.7 6.6 23.5
v 2.8 6.6 23.5
v 2.7 6.6 22.2
v 2.8 6.6 22.2
v 2.7 6.6 22.1
v 2.8 6.6 22.1
v 2.8 6.7 23.6
v 2.9 6.7 23.6
v 2.8 6.7 23.5
v 2.9 6.7 23.5
v 2.8 6.7 22.2
v 2.9 6.7 22.2
v 2.8 6.7 22.1
v 2.9 6.7 22.1
v 2.9 6.8 23.6
v 3 6.8 23.6
v 2.6 6.8 23.5
v 2.9 6.8 23.5
v 3 6.8 23.5
v 2.7 6.8 23.4
v 2.9 6.8 23.4
v 2.7 6.8 23.3
v 2.9 6.8 23.3
v 2.7 6.8 23.2
v 2.9 6.8 23.2
v 2.7 6.8 23.1
v 2.9 6.8 23.1
v 2.7 6.8 23
v 2.9 6.8 23
v 2.7 6.8 22.9
v 2.9 6.8 22.9
v 2.7 6.8 22.8
v 2.9 6.8 22.8
v 2.7 6.8 22.7
v 2.9 6.8 22.7
v 2.7 6.8 22.6
v 2.9 6.8 22.6
v 2.7 6.8 22.5
v 2.9 6.8 22.5
v 2.7 6.8 22.4
v 2.9 6.8 22.4
v 2.7 6.8 22.3
v 2.9 6.8 22.3
v 2.6 6.8 22.2
v 2.9 6.8 22.2
v 3 6.8 22.2
v 2.9 6.8 22.1
v 3 6.8 22.1
v 3 6.9 23.6
v 3.1 6.9 23.6
v 3 6.9 23.5
v 3.1 6.9 23.5
v 3 6.9 22.2
v 3.1 6.9 22.2
v 3 6.9 22.1
v 3.1 6.9 22.1
v 3.1 7 23.6
v 3.2 7 23.6
v 3.1 7 23.5
v 3.2 7 23.5
v 3.1 7 22.2
v 3.2 7 22.2
v 3.1 7 22.1
v 3.2 7 22.1
v 3.2 7.1 23.6
v 3.3 7.1 23.6
v 2.9 7.1 23.5
v 3.2 7.1 23.5
v 3.3 7.1 23.5
v 3 7.1 23.4
v 3.2 7.1 23.4
v 3 7.1 23.3
v 3.2 7.1 23.3
v 3 7.1 23.2
v 3.2 7.1 23.2
v 3 7.1 23.1
v 3.2 7.1 23.1
v 3 7.1 23
v 3.2 7.1 23
v 3 7.1 22.9
v 3.2 7.1 22.9
v 3 7.1 22.8
v 3.2 7.1 22.8
v 3 7.1 22.7
v 3.2 7.1 22.7
v 3 7.1 22.6
v 3.2 7.1 22.6
v 3 7.1 22.5
v 3.2 7.1 22.5
v 3 7.1 22.4
v 3.2 7.1 22.4
v 3 7.1 22.3
v 3.2 7.1 22.3
v 2.9 7.1 22.2
v 3.2 7.1 22.2
v 3.3 7.1 22.2
v 3.2 7.1 22.1
v 3.3 7.1 22.1
v 3.3 7.2 23.6
v 3.4 7.2 23.6
v 3.3 7.2 23.5
v 3.4 7.2 23.5
v 3.3 7.2 22.2
v 3.4 7.2 22.2
v 3.3 7.2 22.1
v 3.4 7.2 22.1
v 3.4 7.3 23.6
v 3.5 7.3 23.6
v 3.4 7.3 23.5
v 3.5 7.3 23.5
v 3.4 7.3 22.2
v 3.5 7.3 22.2
v 3.4 7.3 22.1
v 3.5 7.3 22.1
v 3.5 7.4 23.6
v 3.6 7.4 23.6
v 3.2 7.4 23.5
v 3.5 7.4 23.5
v 3.6 7.4 23.5
v 3.3 7.4 23.4
v 3.5 7.4 23.4
v 3.3 7.4 23.3
v 3.5 7.4 23.3
v 3.3 7.4 23.2
v 3.5 7.4 23.2
v 3.3 7.4 23.1
v 3.5 7.4 23.1
v 3.3 7.4 23
v 3.5 7.4 23
v 3.3 7.4 22.9
v 3.5 7.4 22.9
v 3.3 7.4 22.8
v 3.5 7.4 22.8
v 3.3 7.4 22.7
v 3.5 7.4 22.7
v 3.3 7.4 22.6
v 3.5 7.4 22.6
v 3.3 7.4 22.5
v 3.5 7.4 22.5
v 3.3 7.4 22.4
v 3.5 7.4 22.4
v 3.3 7.4 22.3
v 3.5 7.4 22.3
v 3.2 7.4 22.2
v 3.5 7.4 22.2
v 3.6 7.4 22.2
v 3.5 7.4 22.1
v 3.6 7.4 22.1
v 3.6 7.5 23.6
v 3.7 7.5 23.6
v 3.6 7.5 23.5
v 3.7 7.5 23.5
v 3.6 7.5 22.2
v 3.7 7.5 22.2
v 3.6 7.5 22.1
v 3.7 7.5 22.1
v 3.7 7.6 23.6
v 3.8 7.6 23.6
v 3.7 7.6 23.5
v 3.8 7.6 23.5
v 3.7 7.6 22.2
v 3.8 7.6 22.2
v 3.7 7.6 22.1
v 3.8 7.6 22.1
v 3.8 7.7 23.6
v 3.9 7.7 23.6
v 3.5 7.7 23.5
v 3.8 7.7 23.5
v 3.9 7.7 23.5
v 3.6 7.7 23.4
v 3.8 7.7 23.4
v 3.6 7.7 23.3
v 3.8 7.7 23.3
v 3.6 7.7 23.2
v 3.8 7.7 23.2
v 3.6 7.7 23.1
v 3.8 7.7 23.1
v 3.6 7.7 23
v 3.8 7.7 23
v 3.6 7.7 22.9
v 3.8 7.7 22.9
v 3.6 7.7 22.8
v 3.8 7.7 22.8
v 3.6 7.7 22.7
v 3.8 7.7 22.7
v 3.6 7.7 22.6
v 3.8 7.7 22.6
v 3.6 7.7 22.5
v 3.8 7.7 22.5
v 3.6 7.7 22.4
v 3.8 7.7 22.4
v 3.6 7.7 22.3
v 3.8 7.7 22.3
v 3.5 7.7 22.2
v 3.8 7.7 22.2
v 3.9 7.7 22.2
v 3.8 7.7 22.1
v 3.9 7.7 22.1
v -4.1 0.2 23.6
v -4 0.2 23.6
v -4.1 0.2 23.5
v -4 0.2 23.5
v -4.1 0.2 22.2
v -4 0.2 22.2
v -4.1 0.2 22.1
v -4 0.2 22.1
v -4 0.3 23.6
v -3.9 0.3 23.6
v -4 0.3 23.5
v -3.9 0.3 23.5
v -3.6 0.3 23.5
v -3.9 0.3 23.4
v -3.7 0.3 23.4
v -3.9 0.3 23.3
v -3.7 0.3 23.3
v -3.9 0.3 23.2
v -3.7 0.3 23.2
v -3.9 0.3 23.1
v -3.7 0.3 23.1
v -3.9 0.3 23
v -3.7 0.3 23
v -3.9 0.3 22.9
v -3.7 0.3 22.9
v -3.9 0.3 22.8
v -3.7 0.3 22.8
v -3.9 0.3 22.7
v -3.7 0.3 22.7
v -3.9 0.3 22.6
v -3.7 0.3 22.6
v -3.9 0.3 22.5
v -3.7 0.3 22.5
v -3.9 0.3 22.4
v -3.7 0.3 22.4
v -3.9 0.3 22.3
v -3.7 0.3 22.3
v -4 0.3 22.2
v -3.9 0.3 22.2
v -3.6 0.3 22.2
v -4 0.3 22.1
v -3.9 0.3 22.1
v -3.9 0.4 23.6
v -3.8 0.4 23.6
v -3.9 0.4 23.5
v -3.8 0.4 23.5
v -3.9 0.4 22.2
v -3.8 0.4 22.2
v -3.9 0.4 22.1
v -3.8 0.4 22.1
v -3.8 0.5 23.6
v -3.7 0.5 23.6
v -3.8 0.5 23.5
v -3.7 0.5 23.5
v -3.8 0.5 22.2
v -3.7 0.5 22.2
v -3.8 0.5 22.1
v -3.7 0.5 22.1
v -3.7 0.6 23.6
v -3.6 0.6 23.6
v -3.7 0.6 23.5
v -3.6 0.6 23.5
v -3.3 0.6 23.5
v -3.6 0.6 23.4
v -3.4 0.6 23.4
v -3.6 0.6 23.3
v -3.4 0.6 23.3
v -3.6 0.6 23.2
v -3.4 0.6 23.2
v -3.6 0.6 23.1
v -3.4 0.6 23.1
v -3.6 0.6 23
v -3.4 0.6 23
v -3.6 0.6 22.9
v -3.4 0.6 22.9
v -3.6 0.6 22.8
v -3.4 0.6 22.8
v -3.6 0.6 22.7
v -3.4 0.6 22.7
v -3.6 0.6 22.6
v -3.4 0.6 22.6
v -3.6 0.6 22.5
v -3.4 0.6 22.5
v -3.6 0.6 22.4
v -3.4 0.6 22.4
v -3.6 0.6 22.3
v -3.4 0.6 22.3
v -3.7 0.6 22.2
v -3.6 0.6 22.2
v -3.3 0.6 22.2
v -3.7 0.6 22.1
v -3.6 0.6 22.1
v -3.6 0.7 23.6
v -3.5 0.7 23.6
v -3.6 0.7 23.5
v -3.5 0.7 23.5
v -3.6 0.7 22.2
v -3.5 0.7 22.2
v -3.6 0.7 22.1
v -3.5 0.7 22.1
v -3.5 0.8 23.6
v -3.4 0.8 23.6
v -3.5 0.8 23.5
v -3.4 0.8 23.5
v -3.5 0.8 22.2
v -3.4 0.8 22.2
v -3.5 0.8 22.1
v -3.4 0.8 22.1
v -3.4 0.9 23.6
v -3.3 0.9 23.6
v -3.4 0.9 23.5
v -3.3 0.9 23.5
v -3 0.9 23.5
v -3.3 0.9 23.4
v -3.1 0.9 23.4
v -3.3 0.9 23.3
v -3.1 0.9 23.3
v -3.3 0.9 23.2
v -3.1 0.9 23.2
v -3.3 0.9 23.1
v -3.1 0.9 23.1
v -3.3 0.9 23
v -3.1 0.9 23
v -3.3 0.9 22.9
v -3.1 0.9 22.9
v -3.3 0.9 22.8
v -3.1 0.9 22.8
v -3.3 0.9 22.7
v -3.1 0.9 22.7
v -3.3 0.9 22.6
v -3.1 0.9 22.6
v -3.3 0.9 22.5
v -3.1 0.9 22.5
v -3.3 0.9 22.4
v -3.1 0.9 22.4
v -3.3 0.9 22.3
v -3.1 0.9 22.3
v -3.4 0.9 22.2
v -3.3 0.9 22.2
v -3 0.9 22.2
v -3.4 0.9 22.1
v -3.3 0.9 22.1
v -3.3 1 23.6
v -3.2 1 23.6
v -3.3 1 23.5
v -3.2 1 23.5
v -3.3 1 22.2
v -3.2 1 22.2
v -3.3 1 22.1
v -3.2 1 22.1
v -3.2 1.1 23.6
v -3.1 1.1 23.6
v -3.2 1.1 23.5
v -3.1 1.1 23.5
v -3.2 1.1 22.2
v -3.1 1.1 22.2
v -3.2 1.1 22.1
v -3.1 1.1 22.1
v -3.1 1.2 23.6
v -3 1.2 23.6
v -3.1 1.2 23.5
v -3 1.2 23.5
v -2.7 1.2 23.5
v -3 1.2 23.4
v -2.8 1.2 23.4
v -3 1.2 23.3
v -2.8 1.2 23.3
v -3 1.2 23.2
v -2.8 1.2 23.2
v -3 1.2 23.1
v -2.8 1.2 23.1
v -3 1.2 23
v -2.8 1.2 23
v -3 1.2 22.9
v -2.8 1.2 22.9
v -3 1.2 22.8
v -2.8 1.2 22.8
v -3 1.2 22.7
v -2.8 1.2 22.7
v -3 1.2 22.6
v -2.8 1.2 22.6
v -3 1.2 22.5
v -2.8 1.2 22.5
v -3 1.2 22.4
v -2.8 1.2 22.4
v -3 1.2 22.3
v -2.8 1.2 22.3
v -3.1 1.2 22.2
v -3 1.2 22.2
v -2.7 1.2 22.2
v -3.1 1.2 22.1
v -3 1.2 22.1
v -3 1.3 23.6
v -2.9 1.3 23.6
v -3 1.3 23.5
v -2.9 1.3 23.5
v -3 1.3 22.2
v -2.9 1.3 22.2
v -3 1.3 22.1
v -2.9 1.3 22.1
v -2.9 1.4 23.6
v -2.8 1.4 23.6
v -2.9 1.4 23.5
v -2.8 1.4 23.5
v -2.9 1.4 22.2
v -2.8 1.4 22.2
v -2.9 1.4 22.1
v -2.8 1.4 22.1
v -2.8 1.5 23.6
v -2.7 1.5 23.6
v -2.8 1.5 23.5
v -2.7 1.5 23.5
v -2.4 1.5 23.5
v -2.7 1.5 23.4
v -2.5 1.5 23.4
v -2.7 1.5 23.3
v -2.5 1.5 23.3
v -2.7 1.5 23.2
v -2.5 1.5 23.2
v -2.7 1.5 23.1
v -2.5 1.5 23.1
v -2.7 1.5 23
v -2.5 1.5 23
v -2.7 1.5 22.9
v -2.5 1.5 22.9
v -2.7 1.5 22.8
v -2.5 1.5 22.8
v -2.7 1.5 22.7
v -2.5 1.5 22.7
v -2.7 1.5 22.6
v -2.5 1.5 22.6
v -2.7 1.5 22.5
v -2.5 1.5 22.5
v -2.7 1.5 22.4
v -2.5 1.5 22.4
v -2.7 1.5 22.3
v -2.5 1.5 22.3
v -2.8 1.5 22.2
v -2.7 1.5 22.2
v -2.4 1.5 22.2
v -2.8 1.5 22.1
v -2.7 1.5 22.1
v -2.7 1.6 23.6
v -2.6 1.6 23.6
v -2.7 1.6 23.5
v -2.6 1.6 23.5
v -2.7 1.6 22.2
v -2.6 1.6 22.2
v -2.7 1.6 22.1
v -2.6 1.6 22.1
v -2.6 1.7 23.6
v -2.5 1.7 23.6
v -2.6 1.7 23.5
v -2.5 1.7 23.5
v -2.6 1.7 22.2
v -2.5 1.7 22.2
v -2.6 1.7 22.1
v -2.5 1.7 22.1
v -2.5 1.8 23.6
v -2.4 1.8 23.6
v -2.5 1.8 23.5
v -2.4 1.8 23.5
v -2.1 1.8 23.5
v -2.4 1.8 23.4
v -2.2 1.8 23.4
v -2.4 1.8 23.3
v -2.2 1.8 23.3
v -2.4 1.8 23.2
v -2.2 1.8 23.2
v -2.4 1.8 23.1
v -2.2 1.8 23.1
v -2.4 1.8 23
v -2.2 1.8 23
v -2.4 1.8 22.9
v -2.2 1.8 22.9
v -2.4 1.8 22.8
v -2.2 1.8 22.8
v -2.4 1.8 22.7
v -2.2 1.8 22.7
v -2.4 1.8 22.6
v -2.2 1.8 22.6
v -2.4 1.8 22.5
v -2.2 1.8 22.5
v -2.4 1.8 22.4
v -2.2 1.8 22.4
v -2.4 1.8 22.3
v -2.2 1.8 22.3
v -2.5 1.8 22.2
v -2.4 1.8 22.2
v -2.1 1.8 22.2
v -2.5 1.8 22.1
v -2.4 1.8 22.1
v -2.4 1.9 23.6
v -2.3 1.9 23.6
v -2.4 1.9 23.5
v -2.3 1.9 23.5
v -2.4 1.9 22.2
v -2.3 1.9 22.2
v -2.4 1.9 22.1
v -2.3 1.9 22.1
v -2.3 2 23.6
v -2.2 2 23.6
v -2.3 2 23.5
v -2.2 2 23.5
v -2.3 2 22.2
v -2.2 2 22.2
v -2.3 2 22.1
v -2.2 2 22.1
v -2.2 2.1 23.6
v -2.1 2.1 23.6
v -2.2 2.1 23.5
v -2.1 2.1 23.5
v -1.8 2.1 23.5
v -2.1 2.1 23.4
v -1.9 2.1 23.4
v -2.1 2.1 23.3
v -1.9 2.1 23.3
v -2.1 2.1 23.2
v -1.9 2.1 23.2
v -2.1 2.1 23.1
v -1.9 2.1 23.1
v -2.1 2.1 23
v -1.9 2.1 23
v -2.1 2.1 22.9
v -1.9 2.1 22.9
v -2.1 2.1 22.8
v -1.9 2.1 22.8
v -2.1 2.1 22.7
v -1.9 2.1 22.7
v -2.1 2.1 22.6
v -1.9 2.1 22.6
v -2.1 2.1 22.5
v -1.9 2.1 22.5
v -2.1 2.1 22.4
v -1.9 2.1 22.4
v -2.1 2.1 22.3
v -1.9 2.1 22.3
v -2.2 2.1 22.2
v -2.1 2.1 22.2
v -1.8 2.1 22.2
v -2.2 2.1 22.1
v -2.1 2.1 22.1
v -2.1 2.2 23.6
v -2 2.2 23.6
v -2.1 2.2 23.5
v -2 2.2 23.5
v -2.1 2.2 22.2
v -2 2.2 22.2
v -2.1 2.2 22.1
v -2 2.2 22.1
v -2 2.3 23.6
v -1.9 2.3 23.6
v -2 2.3 23.5
v -1.9 2.3 23.5
v -2 2.3 22.2
v -1.9 2.3 22.2
v -2 2.3 22.1
v -1.9 2.3 22.1
v -1.9 2.4 23.6
v -1.8 2.4 23.6
v -1.9 2.4 23.5
v -1.8 2.4 23.5
v -1.5 2.4 23.5
v -1.8 2.4 23.4
v -1.6 2.4 23.4
v -1.8 2.4 23.3
v -1.6 2.4 23.3
v -1.8 2.4 23.2
v -1.6 2.4 23.2
v -1.8 2.4 23.1
v -1.6 2.4 23.1
v -1.8 2.4 23
v -1.6 2.4 23
v -1.8 2.4 22.9
v -1.6 2.4 22.9
v -1.8 2.4 22.8
v -1.6 2.4 22.8
v -1.8 2.4 22.7
v -1.6 2.4 22.7
v -1.8 2.4 22.6
v -1.6 2.4 22.6
v -1.8 2.4 22.5
v -1.6 2.4 22.5
v -1.8 2.4 22.4
v -1.6 2.4 22.4
v -1.8 2.4 22.3
v -1.6 2.4 22.3
v -1.9 2.4 22.2
v -1.8 2.4 22.2
v -1.5 2.4 22.2
v -1.9 2.4 22.1
v -1.8 2.4 22.1
v -1.8 2.5 23.6
v -1.7 2.5 23.6
v -1.8 2.5 23.5
v -1.7 2.5 23.5
v -1.8 2.5 22.2
v -1.7 2.5 22.2
v -1.8 2.5 22.1
v -1.7 2.5 22.1
v -1.7 2.6 23.6
v -1.6 2.6 23.6
v -1.7 2.6 23.5
v -1.6 2.6 23.5
v -1.7 2.6 22.2
v -1.6 2.6 22.2
v -1.7 2.6 22.1
v -1.6 2.6 22.1
v -1.6 2.7 23.6
v -1.5 2.7 23.6
v -1.6 2.7 23.5
v -1.5 2.7 23.5
v -1.2 2.7 23.5
v -1.5 2.7 23.4
v -1.3 2.7 23.4
v -1.5 2.7 23.3
v -1.3 2.7 23.3
v -1.5 2.7 23.2
v -1.3 2.7 23.2
v -1.5 2.7 23.1
v -1.3 2.7 23.1
v -1.5 2.7 23
v -1.3 2.7 23
v -1.5 2.7 22.9
v -1.3 2.7 22.9
v -1.5 2.7 22.8
v -1.3 2.7 22.8
v -1.5 2.7 22.7
v -1.3 2.7 22.7
v -1.5 2.7 22.6
v -1.3 2.7 22.6
v -1.5 2.7 22.5
v -1.3 2.7 22.5
v -1.5 2.7 22.4
v -1.3 2.7 22.4
v -1.5 2.7 22.3
v -1.3 2.7 22.3
v -1.6 2.7 22.2
v -1.5 2.7 22.2
v -1.2 2.7 22.2
v -1.6 2.7 22.1
v -1.5 2.7 22.1
v -1.5 2.8 23.6
v -1.4 2.8 23.6
v -1.5 2.8 23.5
v -1.4 2.8 23.5
v -1.5 2.8 22.2
v -1.4 2.8 22.2
v -1.5 2.8 22.1
v -1.4 2.8 22.1
v -1.4 2.9 23.6
v -1.3 2.9 23.6
v -1.4 2.9 23.5
v -1.3 2.9 23.5
v -1.4 2.9 22.2
v -1.3 2.9 22.2
v -1.4 2.9 22.1
v -1.3 2.9 22.1
v -1.3 3 23.6
v -1.2 3 23.6
v -1.3 3 23.5
v -1.2 3 23.5
v -0.9 3 23.5
v -1.2 3 23.4
v -1 3 23.4
v -1.2 3 23.3
v -1 3 23.3
v -1.2 3 23.2
v -1 3 23.2
v -1.2 3 23.1
v -1 3 23.1
v -1.2 3 23
v -1 3 23
v -1.2 3 22.9
v -1 3 22.9
v -1.2 3 22.8
v -1 3 22.8
v -1.2 3 22.7
v -1 3 22.7
v -1.2 3 22.6
v -1 3 22.6
v -1.2 3 22.5
v -1 3 22.5
v -1.2 3 22.4
v -1 3 22.4
v -1.2 3 22.3
v -1 3 22.3
v -1.3 3 22.2
v -1.2 3 22.2
v -0.9 3 22.2
v -1.3 3 22.1
v -1.2 3 22.1
v -1.2 3.1 23.6
v -1.1 3.1 23.6
v -1.2 3.1 23.5
v -1.1 3.1 23.5
v -1.2 3.1 22.2
v -1.1 3.1 22.2
v -1.2 3.1 22.1
v -1.1 3.1 22.1
v -1.1 3.2 23.6
v -1 3.2 23.6
v -1.1 3.2 23.5
v -1 3.2 23.5
v -1.1 3.2 22.2
v -1 3.2 22.2
v -1.1 3.2 22.1
v -1 3.2 22.1
v -1 3.3 23.6
v -0.9 3.3 23.6
v -1 3.3 23.5
v -0.9 3.3 23.5
v -0.6 3.3 23.5
v -0.9 3.3 23.4
v -0.7 3.3 23.4
v -0.9 3.3 23.3
v -0.7 3.3 23.3
v -0.9 3.3 23.2
v -0.7 3.3 23.2
v -0.9 3.3 23.1
v -0.7 3.3 23.1
v -0.9 3.3 23
v -0.7 3.3 23
v -0.9 3.3 22.9
v -0.7 3.3 22.9
v -0.9 3.3 22.8
v -0.7 3.3 22.8
v -0.9 3.3 22.7
v -0.7 3.3 22.7
v -0.9 3.3 22.6
v -0.7 3.3 22.6
v -0.9 3.3 22.5
v -0.7 3.3 22.5
v -0.9 3.3 22.4
v -0.7 3.3 22.4
v -0.9 3.3 22.3
v -0.7 3.3 22.3
v -1 3.3 22.2
v -0.9 3.3 22.2
v -0.6 3.3 22.2
v -1 3.3 22.1
v -0.9 3.3 22.1
v -0.9 3.4 23.6
v -0.8 3.4 23.6
v -0.9 3.4 23.5
v -0.8 3.4 23.5
v -0.9 3.4 22.2
v -0.8 3.4 22.2
v -0.9 3.4 22.1
v -0.8 3.4 22.1
v -0.8 3.5 23.6
v -0.7 3.5 23.6
v -0.8 3.5 23.5
v -0.7 3.5 23.5
v -0.8 3.5 22.2
v -0.7 3.5 22.2
v -0.8 3.5 22.1
v -0.7 3.5 22.1
v -0.7 3.6 23.6
v -0.6 3.6 23.6
v -0.7 3.6 23.5
v -0.6 3.6 23.5
v -0.3 3.6 23.5
v -0.6 3.6 23.4
v -0.4 3.6 23.4
v -0.6 3.6 23.3
v -0.4 3.6 23.3
v -0.6 3.6 23.2
v -0.4 3.6 23.2
v -0.6 3.6 23.1
v -0.4 3.6 23.1
v -0.6 3.6 23
v -0.4 3.6 23
v -0.6 3.6 22.9
v -0.4 3.6 22.9
v -0.6 3.6 22.8
v -0.4 3.6 22.8
v -0.6 3.6 22.7
v -0.4 3.6 22.7
v -0.6 3.6 22.6
v -0.4 3.6 22.6
v -0.6 3.6 22.5
v -0.4 3.6 22.5
v -0.6 3.6 22.4
v -0.4 3.6 22.4
v -0.6 3.6 22.3
v -0.4 3.6 22.3
v -0.7 3.6 22.2
v -0.6 3.6 22.2
v -0.3 3.6 22.2
v -0.7 3.6 22.1
v -0.6 3.6 22.1
v -0.6 3.7 23.6
v -0.5 3.7 23.6
v -0.6 3.7 23.5
v -0.5 3.7 23.5
v -0.6 3.7 22.2
v -0.5 3.7 22.2
v -0.6 3.7 22.1
v -0.5 3.7 22.1
v -0.5 3.8 23.6
v -0.4 3.8 23.6
v -0.5 3.8 23.5
v -0.4 3.8 23.5
v -0.5 3.8 22.2
v -0.4 3.8 22.2
v -0.5 3.8 22.1
v -0.4 3.8 22.1
v -0.4 3.9 23.6
v -0.3 3.9 23.6
v -0.4 3.9 23.5
v -0.3 3.9 23.5
v 2.5332e-007 3.9 23.5
v -0.3 3.9 23.4
v -0.0999997 3.9 23.4
v -0.3 3.9 23.3
v -0.0999997 3.9 23.3
v -0.3 3.9 23.2
v -0.0999997 3.9 23.2
v -0.3 3.9 23.1
v -0.0999997 3.9 23.1
v -0.3 3.9 23
v -0.0999997 3.9 23
v -0.3 3.9 22.9
v -0.0999997 3.9 22.9
v -0.3 3.9 22.8
v -0.0999997 3.9 22.8
v -0.3 3.9 22.7
v -0.0999997 3.9 22.7
v -0.3 3.9 22.6
v -0.0999997 3.9 22.6
v -0.3 3.9 22.5
v -0.0999997 3.9 22.5
v -0.3 3.9 22.4
v -0.0999997 3.9 22.4
v -0.3 3.9 22.3
v -0.0999997 3.9 22.3
v -0.4 3.9 22.2
v -0.3 3.9 22.2
v 2.5332e-007 3.9 22.2
v -0.4 3.9 22.1
v -0.3 3.9 22.1
v -0.3 4 23.6
v -0.2 4 23.6
v -0.3 4 23.5
v -0.2 4 23.5
v -0.3 4 22.2
v -0.2 4 22.2
v -0.3 4 22.1
v -0.2 4 22.1
v -0.2 4.1 23.6
v -0.0999997 4.1 23.6
v -0.2 4.1 23.5
v -0.0999997 4.1 23.5
v -0.2 4.1 22.2
v -0.0999997 4.1 22.2
v -0.2 4.1 22.1
v -0.0999997 4.1 22.1
v -0.0999997 4.2 23.6
v 2.5332e-007 4.2 23.6
v -0.0999997 4.2 23.5
v 2.5332e-007 4.2 23.5
v 0.3 4.2 23.5
v 2.5332e-007 4.2 23.4
v 0.2 4.2 23.4
v 2.5332e-007 4.2 23.3
v 0.2 4.2 23.3
v 2.5332e-007 4.2 23.2
v 0.2 4.2 23.2
v 2.5332e-007 4.2 23.1
v 0.2 4.2 23.1
v 2.5332e-007 4.2 23
v 0.2 4.2 23
v 2.5332e-007 4.2 22.9
v 0.2 4.2 22.9
v 2.5332e-007 4.2 22.8
v 0.2 4.2 22.8
v 2.5332e-007 4.2 22.7
v 0.2 4.2 22.7
v 2.5332e-007 4.2 22.6
v 0.2 4.2 22.6
v 2.5332e-007 4.2 22.5
v 0.2 4.2 22.5
v 2.5332e-007 4.2 22.4
v 0.2 4.2 22.4
v 2.5332e-007 4.2 22.3
v 0.2 4.2 22.3
v -0.0999997 4.2 22.2
v 2.5332e-007 4.2 22.2
v 0.3 4.2 22.2
v -0.0999997 4.2 22.1
v 2.5332e-007 4.2 22.1
v 2.5332e-007 4.3 23.6
v 0.1 4.3 23.6
v 2.5332e-007 4.3 23.5
v 0.1 4.3 23.5
v 2.5332e-007 4.3 22.2
v 0.1 4.3 22.2
v 2.5332e-007 4.3 22.1
v 0.1 4.3 22.1
v 0.1 4.4 23.6
v 0.2 4.4 23.6
v 0.1 4.4 23.5
v 0.2 4.4 23.5
v 0.1 4.4 22.2
v 0.2 4.4 22.2
v 0.1 4.4 22.1
v 0.2 4.4 22.1
v 0.2 4.5 23.6
v 0.3 4.5 23.6
v 0.2 4.5 23.5
v 0.3 4.5 23.5
v 0.6 4.5 23.5
v 0.3 4.5 23.4
v 0.5 4.5 23.4
v 0.3 4.5 23.3
v 0.5 4.5 23.3
v 0.3 4.5 23.2
v 0.5 4.5 23.2
v 0.3 4.5 23.1
v 0.5 4.5 23.1
v 0.3 4.5 23
v 0.5 4.5 23
v 0.3 4.5 22.9
v 0.5 4.5 22.9
v 0.3 4.5 22.8
v 0.5 4.5 22.8
v 0.3 4.5 22.7
v 0.5 4.5 22.7
v 0.3 4.5 22.6
v 0.5 4.5 22.6
v 0.3 4.5 22.5
v 0.5 4.5 22.5
v 0.3 4.5 22.4
v 0.5 4.5 22.4
v 0.3 4.5 22.3
v 0.5 4.5 22.3
v 0.2 4.5 22.2
v 0.3 4.5 22.2
v 0.6 4.5 22.2
v 0.2 4.5 22.1
v 0.3 4.5 22.1
v 0.3 4.6 23.6
v 0.4 4.6 23.6
v 0.3 4.6 23.5
v 0.4 4.6 23.5
v 0.3 4.6 22.2
v 0.4 4.6 22.2
v 0.3 4.6 22.1
v 0.4 4.6 22.1
v 0.4 4.7 23.6
v 0.5 4.7 23.6
v 0.4 4.7 23.5
v 0.5 4.7 23.5
v 0.4 4.7 22.2
v 0.5 4.7 22.2
v 0.4 4.7 22.1
v 0.5 4.7 22.1
v 0.5 4.8 23.6
v 0.6 4.8 23.6
v 0.5 4.8 23.5
v 0.6 4.8 23.5
v 0.9 4.8 23.5
v 0.6 4.8 23.4
v 0.8 4.8 23.4
v 0.6 4.8 23.3
v 0.8 4.8 23.3
v 0.6 4.8 23.2
v 0.8 4.8 23.2
v 0.6 4.8 23.1
v 0.8 4.8 23.1
v 0.6 4.8 23
v 0.8 4.8 23
v 0.6 4.8 22.9
v 0.8 4.8 22.9
v 0.6 4.8 22.8
v 0.8 4.8 22.8
v 0.6 4.8 22.7
v 0.8 4.8 22.7
v 0.6 4.8 22.6
v 0.8 4.8 22.6
v 0.6 4.8 22.5
v 0.8 4.8 22.5
v 0.6 4.8 22.4
v 0.8 4.8 22.4
v 0.6 4.8 22.3
v 0.8 4.8 22.3
v 0.5 4.8 22.2
v 0.6 4.8 22.2
v 0.9 4.8 22.2
v 0.5 4.8 22.1
v 0.6 4.8 22.1
v 0.6 4.9 23.6
v 0.7 4.9 23.6
v 0.6 4.9 23.5
v 0.7 4.9 23.5
v 0.6 4.9 22.2
v 0.7 4.9 22.2
v 0.6 4.9 22.1
v 0.7 4.9 22.1
v 0.7 5 23.6
v 0.8 5 23.6
v 0.7 5 23.5
v 0.8 5 23.5
v 0.7 5 22.2
v 0.8 5 22.2
v 0.7 5 22.1
v 0.8 5 22.1
v 0.8 5.1 23.6
v 0.9 5.1 23.6
v 0.8 5.1 23.5
v 0.9 5.1 23.5
v 1.2 5.1 23.5
v 0.9 5.1 23.4
v 1.1 5.1 23.4
v 0.9 5.1 23.3
v 1.1 5.1 23.3
v 0.9 5.1 23.2
v 1.1 5.1 23.2
v 0.9 5.1 23.1
v 1.1 5.1 23.1
v 0.9 5.1 23
v 1.1 5.1 23
v 0.9 5.1 22.9
v 1.1 5.1 22.9
v 0.9 5.1 22.8
v 1.1 5.1 22.8
v 0.9 5.1 22.7
v 1.1 5.1 22.7
v 0.9 5.1 22.6
v 1.1 5.1 22.6
v 0.9 5.1 22.5
v 1.1 5.1 22.5
v 0.9 5.1 22.4
v 1.1 5.1 22.4
v 0.9 5.1 22.3
v 1.1 5.1 22.3
v 0.8 5.1 22.2
v 0.9 5.1 22.2
v 1.2 5.1 22.2
v 0.8 5.1 22.1
v 0.9 5.1 22.1
v 0.9 5.2 23.6
v 1 5.2 23.6
v 0.9 5.2 23.5
v 1 5.2 23.5
v 0.9 5.2 22.2
v 1 5.2 22.2
v 0.9 5.2 22.1
v 1 5.2 22.1
v 1 5.3 23.6
v 1.1 5.3 23.6
v 1 5.3 23.5
v 1.1 5.3 23.5
v 1 5.3 22.2
v 1.1 5.3 22.2
v 1 5.3 22.1
v 1.1 5.3 22.1
v 1.1 5.4 23.6
v 1.2 5.4 23.6
v 1.1 5.4 23.5
v 1.2 5.4 23.5
v 1.5 5.4 23.5
v 1.2 5.4 23.4
v 1.4 5.4 23.4
v 1.2 5.4 23.3
v 1.4 5.4 23.3
v 1.2 5.4 23.2
v 1.4 5.4 23.2
v 1.2 5.4 23.1
v 1.4 5.4 23.1
v 1.2 5.4 23
v 1.4 5.4 23
v 1.2 5.4 22.9
v 1.4 5.4 22.9
v 1.2 5.4 22.8
v 1.4 5.4 22.8
v 1.2 5.4 22.7
v 1.4 5.4 22.7
v 1.2 5.4 22.6
v 1.4 5.4 22.6
v 1.2 5.4 22.5
v 1.4 5.4 22.5
v 1.2 5.4 22.4
v 1.4 5.4 22.4
v 1.2 5.4 22.3
v 1.4 5.4 22.3
v 1.1 5.4 22.2
v 1.2 5.4 22.2
v 1.5 5.4 22.2
v 1.1 5.4 22.1
v 1.2 5.4 22.1
v 1.2 5.5 23.6
v 1.3 5.5 23.6
v 1.2 5.5 23.5
v 1.3 5.5 23.5
v 1.2 5.5 22.2
v 1.3 5.5 22.2
v 1.2 5.5 22.1
v 1.3 5.5 22.1
v 1.3 5.6 23.6
v 1.4 5.6 23.6
v 1.3 5.6 23.5
v 1.4 5.6 23.5
v 1.3 5.6 22.2
v 1.4 5.6 22.2
v 1.3 5.6 22.1
v 1.4 5.6 22.1
v 1.4 5.7 23.6
v 1.5 5.7 23.6
v 1.4 5.7 23.5
v 1.5 5.7 23.5
v 1.8 5.7 23.5
v 1.5 5.7 23.4
v 1.7 5.7 23.4
v 1.5 5.7 23.3
v 1.7 5.7 23.3
v 1.5 5.7 23.2
v 1.7 5.7 23.2
v 1.5 5.7 23.1
v 1.7 5.7 23.1
v 1.5 5.7 23
v 1.7 5.7 23
v 1.5 5.7 22.9
v 1.7 5.7 22.9
v 1.5 5.7 22.8
v 1.7 5.7 22.8
v 1.5 5.7 22.7
v 1.7 5.7 22.7
v 1.5 5.7 22.6
v 1.7 5.7 22.6
v 1.5 5.7 22.5
v 1.7 5.7 22.5
v 1.5 5.7 22.4
v 1.7 5.7 22.4
v 1.5 5.7 22.3
v 1.7 5.7 22.3
v 1.4 5.7 22.2
v 1.5 5.7 22.2
v 1.8 5.7 22.2
v 1.4 5.7 22.1
v 1.5 5.7 22.1
v 1.5 5.8 23.6
v 1.6 5.8 23.6
v 1.5 5.8 23.5
v 1.6 5.8 23.5
v 1.5 5.8 22.2
v 1.6 5.8 22.2
v 1.5 5.8 22.1
v 1.6 5.8 22.1
v 1.6 5.9 23.6
v 1.7 5.9 23.6
v 1.6 5.9 23.5
v 1.7 5.9 23.5
v 1.6 5.9 22.2
v 1.7 5.9 22.2
v 1.6 5.9 22.1
v 1.7 5.9 22.1
v 1.7 6 23.6
v 1.8 6 23.6
v 1.7 6 23.5
v 1.8 6 23.5
v 2.1 6 23.5
v 1.8 6 23.4
v 2 6 23.4
v 1.8 6 23.3
v 2 6 23.3
v 1.8 6 23.2
v 2 6 23.2
v 1.8 6 23.1
v 2 6 23.1
v 1.8 6 23
v 2 6 23
v 1.8 6 22.9
v 2 6 22.9
v 1.8 6 22.8
v 2 6 22.8
v 1.8 6 22.7
v 2 6 22.7
v 1.8 6 22.6
v 2 6 22.6
v 1.8 6 22.5
v 2 6 22.5
v 1.8 6 22.4
v 2 6 22.4
v 1.8 6 22.3
v 2 6 22.3
v 1.7 6 22.2
v 1.8 6 22.2
v 2.1 6 22.2
v 1.7 6 22.1
v 1.8 6 22.1
v 1.8 6.1 23.6
v 1.9 6.1 23.6
v 1.8 6.1 23.5
v 1.9 6.1 23.5
v 1.8 6.1 22.2
v 1.9 6.1 22.2
v 1.8 6.1 22.1
v 1.9 6.1 22.1
v 1.9 6.2 23.6
v 2 6.2 23.6
v 1.9 6.2 23.5
v 2 6.2 23.5
v 1.9 6.2 22.2
v 2 6.2 22.2
v 1.9 6.2 22.1
v 2 6.2 22.1
v 2 6.3 23.6
v 2.1 6.3 23.6
v 2 6.3 23.5
v 2.1 6.3 23.5
v 2.4 6.3 23.5
v 2.1 6.3 23.4
v 2.3 6.3 23.4
v 2.1 6.3 23.3
v 2.3 6.3 23.3
v 2.1 6.3 23.2
v 2.3 6.3 23.2
v 2.1 6.3 23.1
v 2.3 6.3 23.1
v 2.1 6.3 23
v 2.3 6.3 23
v 2.1 6.3 22.9
v 2.3 6.3 22.9
v 2.1 6.3 22.8
v 2.3 6.3 22.8
v 2.1 6.3 22.7
v 2.3 6.3 22.7
v 2.1 6.3 22.6
v 2.3 6.3 22.6
v 2.1 6.3 22.5
v 2.3 6.3 22.5
v 2.1 6.3 22.4
v 2.3 6.3 22.4
v 2.1 6.3 22.3
v 2.3 6.3 22.3
v 2 6.3 22.2
v 2.1 6.3 22.2
v 2.4 6.3 22.2
v 2 6.3 22.1
v 2.1 6.3 22.1
v 2.1 6.4 23.6
v 2.2 6.4 23.6
v 2.1 6.4 23.5
v 2.2 6.4 23.5
v 2.1 6.4 22.2
v 2.2 6.4 22.2
v 2.1 6.4 22.1
v 2.2 6.4 22.1
v 2.2 6.5 23.6
v 2.3 6.5 23.6
v 2.2 6.5 23.5
v 2.3 6.5 23.5
v 2.2 6.5 22.2
v 2.3 6.5 22.2
v 2.2 6.5 22.1
v 2.3 6.5 22.1
v 2.3 6.6 23.6
v 2.4 6.6 23.6
v 2.3 6.6 23.5
v 2.4 6.6 23.5
v 2.7 6.6 23.5
v 2.4 6.6 23.4
v 2.6 6.6 23.4
v 2.4 6.6 23.3
v 2.6 6.6 23.3
v 2.4 6.6 23.2
v 2.6 6.6 23.2
v 2.4 6.6 23.1
v 2.6 6.6 23.1
v 2.4 6.6 23
v 2.6 6.6 23
v 2.4 6.6 22.9
v 2.6 6.6 22.9
v 2.4 6.6 22.8
v 2.6 6.6 22.8
v 2.4 6.6 22.7
v 2.6 6.6 22.7
v 2.4 6.6 22.6
v 2.6 6.6 22.6
v 2.4 6.6 22.5
v 2.6 6.6 22.5
v 2.4 6.6 22.4
v 2.6 6.6 22.4
v 2.4 6.6 22.3
v 2.6 6.6 22.3
v 2.3 6.6 22.2
v 2.4 6.6 22.2
v 2.7 6.6 22.2
v 2.3 6.6 22.1
v 2.4 6.6 22.1
v 2.4 6.7 23.6
v 2.5 6.7 23.6
v 2.4 6.7 23.5
v 2.5 6.7 23.5
v 2.4 6.7 22.2
v 2.5 6.7 22.2
v 2.4 6.7 22.1
v 2.5 6.7 22.1
v 2.5 6.8 23.6
v 2.6 6.8 23.6
v 2.5 6.8 23.5
v 2.6 6.8 23.5
v 2.5 6.8 22.2
v 2.6 6.8 22.2
v 2.5 6.8 22.1
v 2.6 6.8 22.1
v 2.6 6.9 23.6
v 2.7 6.9 23.6
v 2.6 6.9 23.5
v 2.7 6.9 23.5
v 3 6.9 23.5
v 2.7 6.9 23.4
v 2.9 6.9 23.4
v 2.7 6.9 23.3
v 2.9 6.9 23.3
v 2.7 6.9 23.2
v 2.9 6.9 23.2
v 2.7 6.9 23.1
v 2.9 6.9 23.1
v 2.7 6.9 23
v 2.9 6.9 23
v 2.7 6.9 22.9
v 2.9 6.9 22.9
v 2.7 6.9 22.8
v 2.9 6.9 22.8
v 2.7 6.9 22.7
v 2.9 6.9 22.7
v 2.7 6.9 22.6
v 2.9 6.9 22.6
v 2.7 6.9 22.5
v 2.9 6.9 22.5
v 2.7 6.9 22.4
v 2.9 6.9 22.4
v 2.7 6.9 22.3
v 2.9 6.9 22.3
v 2.6 6.9 22.2
v 2.7 6.9 22.2
v 3 6.9 22.2
v 2.6 6.9 22.1
v 2.7 6.9 22.1
v 2.7 7 23.6
v 2.8 7 23.6
v 2.7 7 23.5
v 2.8 7 23.5
v 2.7 7 22.2
v 2.8 7 22.2
v 2.7 7 22.1
v 2.8 7 22.1
v 2.8 7.1 23.6
v 2.9 7.1 23.6
v 2.8 7.1 23.5
v 2.9 7.1 23.5
v 2.8 7.1 22.2
v 2.9 7.1 22.2
v 2.8 7.1 22.1
v 2.9 7.1 22.1
v 2.9 7.2 23.6
v 3 7.2 23.6
v 2.9 7.2 23.5
v 3 7.2 23.5
v 3.3 7.2 23.5
v 3 7.2 23.4
v 3.2 7.2 23.4
v 3 7.2 23.3
v 3.2 7.2 23.3
v 3 7.2 23.2
v 3.2 7.2 23.2
v 3 7.2 23.1
v 3.2 7.2 23.1
v 3 7.2 23
v 3.2 7.2 23
v 3 7.2 22.9
v 3.2 7.2 22.9
v 3 7.2 22.8
v 3.2 7.2 22.8
v 3 7.2 22.7
v 3.2 7.2 22.7
v 3 7.2 22.6
v 3.2 7.2 22.6
v 3 7.2 22.5
v 3.2 7.2 22.5
v 3 7.2 22.4
v 3.2 7.2 22.4
v 3 7.2 22.3
v 3.2 7.2 22.3
v 2.9 7.2 22.2
v 3 7.2 22.2
v 3.3 7.2 22.2
v 2.9 7.2 22.1
v 3 7.2 22.1
v 3 7.3 23.6
v 3.1 7.3 23.6
v 3 7.3 23.5
v 3.1 7.3 23.5
v 3 7.3 22.2
v 3.1 7.3 22.2
v 3 7.3 22.1
v 3.1 7.3 22.1
v 3.1 7.4 23.6
v 3.2 7.4 23.6
v 3.1 7.4 23.5
v 3.2 7.4 23.5
v 3.1 7.4 22.2
v 3.2 7.4 22.2
v 3.1 7.4 22.1
v 3.2 7.4 22.1
v 3.2 7.5 23.6
v 3.3 7.5 23.6
v 3.2 7.5 23.5
v 3.3 7.5 23.5
v 3.6 7.5 23.5
v 3.3 7.5 23.4
v 3.5 7.5 23.4
v 3.3 7.5 23.3
v 3.5 7.5 23.3
v 3.3 7.5 23.2
v 3.5 7.5 23.2
v 3.3 7.5 23.1
v 3.5 7.5 23.1
v 3.3 7.5 23
v 3.5 7.5 23
v 3.3 7.5 22.9
v 3.5 7.5 22.9
v 3.3 7.5 22.8
v 3.5 7.5 22.8
v 3.3 7.5 22.7
v 3.5 7.5 22.7
v 3.3 7.5 22.6
v 3.5 7.5 22.6
v 3.3 7.5 22.5
v 3.5 7.5 22.5
v 3.3 7.5 22.4
v 3.5 7.5 22.4
v 3.3 7.5 22.3
v 3.5 7.5 22.3
v 3.2 7.5 22.2
v 3.3 7.5 22.2
v 3.6 7.5 22.2
v 3.2 7.5 22.1
v 3.3 7.5 22.1
v 3.3 7.6 23.6
v 3.4 7.6 23.6
v 3.3 7.6 23.5
v 3.4 7.6 23.5
v 3.3 7.6 22.2
v 3.4 7.6 22.2
v 3.3 7.6 22.1
v 3.4 7.6 22.1
v 3.4 7.7 23.6
v 3.5 7.7 23.6
v 3.4 7.7 23.5
v 3.5 7.7 23.5
v 3.4 7.7 22.2
v 3.5 7.7 22.2
v 3.4 7.7 22.1
v 3.5 7.7 22.1
v 3.5 7.8 23.6
v 3.9 7.8 23.6
v 3.5 7.8 23.5
v 3.9 7.8 23.5
v 3.6 7.8 23.4
v 3.8 7.8 23.4
v 3.6 7.8 23.3
v 3.8 7.8 23.3
v 3.6 7.8 23.2
v 3.8 7.8 23.2
v 3.6 7.8 23.1
v 3.8 7.8 23.1
v 3.6 7.8 23
v 3.8 7.8 23
v 3.6 7.8 22.9
v 3.8 7.8 22.9
v 3.6 7.8 22.8
v 3.8 7.8 22.8
v 3.6 7.8 22.7
v 3.8 7.8 22.7
v 3.6 7.8 22.6
v 3.8 7.8 22.6
v 3.6 7.8 22.5
v 3.8 7.8 22.5
v 3.6 7.8 22.4
v 3.8 7.8 22.4
v 3.6 7.8 22.3
v 3.8 7.8 22.3
v 3.5 7.8 22.2
v 3.9 7.8 22.2
v 3.5 7.8 22.1
v 3.9 7.8 22.1

# faces
f 5/2/1 2/2/1 1/2/1
f 6/2/1 2/2/1 5/2/1
f 7/2/1 4/2/1 3/2/1
f 8/2/1 4/2/1 7/2/1
f 13/2/1 10/2/1 9/2/1
f 14/1/1 11/1/1 10/1/1
f 14/2/1 10/2/1 13/2/1
f 15/2/1 12/2/1 11/2/1
f 15/1/1 11/1/1 14/1/1
f 16/2/1 12/2/1 15/2/1
f 21/2/1 18/2/1 17/2/1
f 22/2/1 18/2/1 21/2/1
f 23/2/1 20/2/1 19/2/1
f 24/2/1 20/2/1 23/2/1
f 29/2/1 26/2/1 25/2/1
f 30/2/1 26/2/1 29/2/1
f 31/2/1 28/2/1 27/2/1
f 32/2/1 28/2/1 31/2/1
f 45/1/1 34/1/1 33/1/1
f 46/1/1 34/1/1 45/1/1
f 47/1/1 36/1/1 35/1/1
f 48/1/1 36/1/1 47/1/1
f 49/1/1 38/1/1 37/1/1
f 50/1/1 38/1/1 49/1/1
f 51/1/1 40/1/1 39/1/1
f 52/1/1 40/1/1 51/1/1
f 53/1/1 42/1/1 41/1/1
f 54/1/1 42/1/1 53/1/1
f 55/1/1 44/1/1 43/1/1
f 56/1/1 44/1/1 55/1/1
f 61/2/1 58/2/1 57/2/1
f 62/1/1 59/1/1 58/1/1
f 62/2/1 58/2/1 61/2/1
f 63/2/1 60/2/1 59/2/1
f 63/1/1 59/1/1 62/1/1
f 64/2/1 60/2/1 63/2/1
f 69/2/1 66/2/1 65/2/1
f 70/2/1 66/2/1 69/2/1
f 71/2/1 68/2/1 67/2/1
f 72/2/1 68/2/1 71/2/1
f 77/2/1 74/2/1 73/2/1
f 78/2/1 74/2/1 77/2/1
f 79/2/1 76/2/1 75/2/1
f 80/2/1 76/2/1 79/2/1
f 93/1/1 82/1/1 81/1/1
f 94/1/1 82/1/1 93/1/1
f 95/1/1 84/1/1 83/1/1
f 96/1/1 84/1/1 95/1/1
f 97/1/1 86/1/1 85/1/1
f 98/1/1 86/1/1 97/1/1
f 99/1/1 88/1/1 87/1/1
f 100/1/1 88/1/1 99/1/1
f 101/1/1 90/1/1 89/1/1
f 102/1/1 90/1/1 101/1/1
f 103/1/1 92/1/1 91/1/1
f 104/1/1 92/1/1 103/1/1
f 109/2/1 106/2/1 105/2/1
f 110/1/1 107/1/1 106/1/1
f 110/2/1 106/2/1 109/2/1
f 111/2/1 108/2/1 107/2/1
f 111/1/1 107/1/1 110/1/1
f 112/2/1 108/2/1 111/2/1
f 117/2/1 114/2/1 113/2/1
f 118/2/1 114/2/1 117/2/1
f 119/2/1 116/2/1 115/2/1
f 120/2/1 116/2/1 119/2/1
f 125/2/1 122/2/1 121/2/1
f 126/2/1 122/2/1 125/2/1
f 127/2/1 124/2/1 123/2/1
f 128/2/1 124/2/1 127/2/1
f 141/1/1 130/1/1 129/1/1
f 142/1/1 130/1/1 141/1/1
f 143/1/1 132/1/1 131/1/1
f 144/1/1 132/1/1 143/1/1
f 145/1/1 134/1/1 133/1/1
f 146/1/1 134/1/1 145/1/1
f 147/1/1 136/1/1 135/1/1
f 148/1/1 136/1/1 147/1/1
f 149/1/1 138/1/1 137/1/1
f 150/1/1 138/1/1 149/1/1
f 151/1/1 140/1/1 139/1/1
f 152/1/1 140/1/1 151/1/1
f 157/2/1 154/2/1 153/2/1
f 158/1/1 155/1/1 154/1/1
f 158/2/1 154/2/1 157/2/1
f 159/2/1 156/2/1 155/2/1
f 159/1/1 155/1/1 158/1/1
f 160/2/1 156/2/1 159/2/1
f 165/2/1 162/2/1 161/2/1
f 166/2/1 162/2/1 165/2/1
f 167/2/1 164/2/1 163/2/1
f 168/2/1 164/2/1 167/2/1
f 173/2/1 170/2/1 169/2/1
f 174/2/1 170/2/1 173/2/1
f 175/2/1 172/2/1 171/2/1
f 176/2/1 172/2/1 175/2/1
f 189/1/1 178/1/1 177/1/1
f 190/1/1 178/1/1 189/1/1
f 191/1/1 180/1/1 179/1/1
f 192/1/1 180/1/1 191/1/1
f 193/1/1 182/1/1 181/1/1
f 194/1/1 182/1/1 193/1/1
f 195/1/1 184/1/1 183/1/1
f 196/1/1 184/1/1 195/1/1
f 197/1/1 186/1/1 185/1/1
f 198/1/1 186/1/1 197/1/1
f 199/1/1 188/1/1 187/1/1
f 200/1/1 188/1/1 199/1/1
f 205/2/1 202/2/1 201/2/1
f 206/1/1 203/1/1 202/1/1
f 206/2/1 202/2/1 205/2/1
f 207/2/1 204/2/1 203/2/1
f 207/1/1 203/1/1 206/1/1
f 208/2/1 204/2/1 207/2/1
f 213/2/1 210/2/1 209/2/1
f 214/2/1 210/2/1 213/2/1
f 215/2/1 212/2/1 211/2/1
f 216/2/1 212/2/1 215/2/1
f 221/2/1 218/2/1 217/2/1
f 222/2/1 218/2/1 221/2/1
f 223/2/1 220/2/1 219/2/1
f 224/2/1 220/2/1 223/2/1
f 237/1/1 226/1/1 225/1/1
f 238/1/1 226/1/1 237/1/1
f 239/1/1 228/1/1 227/1/1
f 240/1/1 228/1/1 239/1/1
f 241/1/1 230/1/1 229/1/1
f 242/1/1 230/1/1 241/1/1
f 243/1/1 232/1/1 231/1/1
f 244/1/1 232/1/1 243/1/1
f 245/1/1 234/1/1 233/1/1
f 246/1/1 234/1/1 245/1/1
f 247/1/1 236/1/1 235/1/1
f 248/1/1 236/1/1 247/1/1
f 253/2/1 250/2/1 249/2/1
f 254/1/1 251/1/1 250/1/1
f 254/2/1 250/2/1 253/2/1
f 255/2/1 252/2/1 251/2/1
f 255/1/1 251/1/1 254/1/1
f 256/2/1 252/2/1 255/2/1
f 261/2/1 258/2/1 257/2/1
f 262/2/1 258/2/1 261/2/1
f 263/2/1 260/2/1 259/2/1
f 264/2/1 260/2/1 263/2/1
f 269/2/1 266/2/1 265/2/1
f 270/2/1 266/2/1 269/2/1
f 271/2/1 268/2/1 267/2/1
f 272/2/1 268/2/1 271/2/1
f 285/1/1 274/1/1 273/1/1
f 286/1/1 274/1/1 285/1/1
f 287/1/1 276/1/1 275/1/1
f 288/1/1 276/1/1 287/1/1
f 289/1/1 278/1/1 277/1/1
f 290/1/1 278/1/1 289/1/1
f 291/1/1 280/1/1 279/1/1
f 292/1/1 280/1/1 291/1/1
f 293/1/1 282/1/1 281/1/1
f 294/1/1 282/1/1 293/1/1
f 295/1/1 284/1/1 283/1/1
f 296/1/1 284/1/1 295/1/1
f 301/2/1 298/2/1 297/2/1
f 302/1/1 299/1/1 298/1/1
f 302/2/1 298/2/1 301/2/1
f 303/2/1 300/2/1 299/2/1
f 303/1/1 299/1/1 302/1/1
f 304/2/1 300/2/1 303/2/1
f 309/2/1 306/2/1 305/2/1
f 310/2/1 306/2/1 309/2/1
f 311/2/1 308/2/1 307/2/1
f 312/2/1 308/2/1 311/2/1
f 317/2/1 314/2/1 313/2/1
f 318/2/1 314/2/1 317/2/1
f 319/2/1 316/2/1 315/2/1
f 320/2/1 316/2/1 319/2/1
f 333/1/1 322/1/1 321/1/1
f 334/1/1 322/1/1 333/1/1
f 335/1/1 324/1/1 323/1/1
f 336/1/1 324/1/1 335/1/1
f 337/1/1 326/1/1 325/1/1
f 338/1/1 326/1/1 337/1/1
f 339/1/1 328/1/1 327/1/1
f 340/1/1 328/1/1 339/1/1
f 341/1/1 330/1/1 329/1/1
f 342/1/1 330/1/1 341/1/1
f 343/1/1 332/1/1 331/1/1
f 344/1/1 332/1/1 343/1/1
f 349/2/1 346/2/1 345/2/1
f 350/1/1 347/1/1 346/1/1
f 350/2/1 346/2/1 349/2/1
f 351/2/1 348/2/1 347/2/1
f 351/1/1 347/1/1 350/1/1
f 352/2/1 348/2/1 351/2/1
f 357/2/1 354/2/1 353/2/1
f 358/2/1 354/2/1 357/2/1
f 359/2/1 356/2/1 355/2/1
f 360/2/1 356/2/1 359/2/1
f 365/2/1 362/2/1 361/2/1
f 366/2/1 362/2/1 365/2/1
f 367/2/1 364/2/1 363/2/1
f 368/2/1 364/2/1 367/2/1
f 381/1/1 370/1/1 369/1/1
f 382/1/1 370/1/1 381/1/1
f 383/1/1 372/1/1 371/1/1
f 384/1/1 372/1/1 383/1/1
f 385/1/1 374/1/1 373/1/1
f 386/1/1 374/1/1 385/1/1
f 387/1/1 376/1/1 375/1/1
f 388/1/1 376/1/1 387/1/1
f 389/1/1 378/1/1 377/1/1
f 390/1/1 378/1/1 389/1/1
f 391/1/1 380/1/1 379/1/1
f 392/1/1 380/1/1 391/1/1
f 397/2/1 394/2/1 393/2/1
f 398/1/1 395/1/1 394/1/1
f 398/2/1 394/2/1 397/2/1
f 399/2/1 396/2/1 395/2/1
f 399/1/1 395/1/1 398/1/1
f 400/2/1 396/2/1 399/2/1
f 405/2/1 402/2/1 401/2/1
f 406/2/1 402/2/1 405/2/1
f 407/2/1 404/2/1 403/2/1
f 408/2/1 404/2/1 407/2/1
f 413/2/1 410/2/1 409/2/1
f 414/2/1 410/2/1 413/2/1
f 415/2/1 412/2/1 411/2/1
f 416/2/1 412/2/1 415/2/1
f 429/1/1 418/1/1 417/1/1
f 430/1/1 418/1/1 429/1/1
f 431/1/1 420/1/1 419/1/1
f 432/1/1 420/1/1 431/1/1
f 433/1/1 422/1/1 421/1/1
f 434/1/1 422/1/1 433/1/1
f 435/1/1 424/1/1 423/1/1
f 436/1/1 424/1/1 435/1/1
f 437/1/1 426/1/1 425/1/1
f 438/1/1 426/1/1 437/1/1
f 439/1/1 428/1/1 427/1/1
f 440/1/1 428/1/1 439/1/1
f 445/2/1 442/2/1 441/2/1
f 446/1/1 443/1/1 442/1/1
f 446/2/1 442/2/1 445/2/1
f 447/2/1 444/2/1 443/2/1
f 447/1/1 443/1/1 446/1/1
f 448/2/1 444/2/1 447/2/1
f 453/2/1 450/2/1 449/2/1
f 454/2/1 450/2/1 453/2/1
f 455/2/1 452/2/1 451/2/1
f 456/2/1 452/2/1 455/2/1
f 461/2/1 458/2/1 457/2/1
f 462/2/1 458/2/1 461/2/1
f 463/2/1 460/2/1 459/2/1
f 464/2/1 460/2/1 463/2/1
f 477/1/1 466/1/1 465/1/1
f 478/1/1 466/1/1 477/1/1
f 479/1/1 468/1/1 467/1/1
f 480/1/1 468/1/1 479/1/1
f 481/1/1 470/1/1 469/1/1
f 482/1/1 470/1/1 481/1/1
f 483/1/1 472/1/1 471/1/1
f 484/1/1 472/1/1 483/1/1
f 485/1/1 474/1/1 473/1/1
f 486/1/1 474/1/1 485/1/1
f 487/1/1 476/1/1 475/1/1
f 488/1/1 476/1/1 487/1/1
f 493/2/1 490/2/1 489/2/1
f 494/1/1 491/1/1 490/1/1
f 494/2/1 490/2/1 493/2/1
f 495/2/1 492/2/1 491/2/1
f 495/1/1 491/1/1 494/1/1
f 496/2/1 492/2/1 495/2/1
f 501/2/1 498/2/1 497/2/1
f 502/2/1 498/2/1 501/2/1
f 503/2/1 500/2/1 499/2/1
f 504/2/1 500/2/1 503/2/1
f 509/2/1 506/2/1 505/2/1
f 510/2/1 506/2/1 509/2/1
f 511/2/1 508/2/1 507/2/1
f 512/2/1 508/2/1 511/2/1
f 525/1/1 514/1/1 513/1/1
f 526/1/1 514/1/1 525/1/1
f 527/1/1 516/1/1 515/1/1
f 528/1/1 516/1/1 527/1/1
f 529/1/1 518/1/1 517/1/1
f 530/1/1 518/1/1 529/1/1
f 531/1/1 520/1/1 519/1/1
f 532/1/1 520/1/1 531/1/1
f 533/1/1 522/1/1 521/1/1
f 534/1/1 522/1/1 533/1/1
f 535/1/1 524/1/1 523/1/1
f 536/1/1 524/1/1 535/1/1
f 541/2/1 538/2/1 537/2/1
f 542/1/1 539/1/1 538/1/1
f 542/2/1 538/2/1 541/2/1
f 543/2/1 540/2/1 539/2/1
f 543/1/1 539/1/1 542/1/1
f 544/2/1 540/2/1 543/2/1
f 549/2/1 546/2/1 545/2/1
f 550/2/1 546/2/1 549/2/1
f 551/2/1 548/2/1 547/2/1
f 552/2/1 548/2/1 551/2/1
f 557/2/1 554/2/1 553/2/1
f 558/2/1 554/2/1 557/2/1
f 559/2/1 556/2/1 555/2/1
f 560/2/1 556/2/1 559/2/1
f 573/1/1 562/1/1 561/1/1
f 574/1/1 562/1/1 573/1/1
f 575/1/1 564/1/1 563/1/1
f 576/1/1 564/1/1 575/1/1
f 577/1/1 566/1/1 565/1/1
f 578/1/1 566/1/1 577/1/1
f 579/1/1 568/1/1 567/1/1
f 580/1/1 568/1/1 579/1/1
f 581/1/1 570/1/1 569/1/1
f 582/1/1 570/1/1 581/1/1
f 583/1/1 572/1/1 571/1/1
f 584/1/1 572/1/1 583/1/1
f 589/2/1 586/2/1 585/2/1
f 590/1/1 587/1/1 586/1/1
f 590/2/1 586/2/1 589/2/1
f 591/2/1 588/2/1 587/2/1
f 591/1/1 587/1/1 590/1/1
f 592/2/1 588/2/1 591/2/1
f 597/2/1 594/2/1 593/2/1
f 598/2/1 594/2/1 597/2/1
f 599/2/1 596/2/1 595/2/1
f 600/2/1 596/2/1 599/2/1
f 605/2/1 602/2/1 601/2/1
f 606/2/1 602/2/1 605/2/1
f 607/2/1 604/2/1 603/2/1
f 608/2/1 604/2/1 607/2/1
f 621/1/1 610/1/1 609/1/1
f 622/1/1 610/1/1 621/1/1
f 623/1/1 612/1/1 611/1/1
f 624/1/1 612/1/1 623/1/1
f 625/1/1 614/1/1 613/1/1
f 626/1/1 614/1/1 625/1/1
f 627/1/1 616/1/1 615/1/1
f 628/1/1 616/1/1 627/1/1
f 629/1/1 618/1/1 617/1/1
f 630/1/1 618/1/1 629/1/1
f 631/1/1 620/1/1 619/1/1
f 632/1/1 620/1/1 631/1/1
f 637/2/1 634/2/1 633/2/1
f 638/1/1 635/1/1 634/1/1
f 638/2/1 634/2/1 637/2/1
f 639/2/1 636/2/1 635/2/1
f 639/1/1 635/1/1 638/1/1
f 640/2/1 636/2/1 639/2/1
f 645/2/1 642/2/1 641/2/1
f 646/2/1 642/2/1 645/2/1
f 647/2/1 644/2/1 643/2/1
f 648/2/1 644/2/1 647/2/1
f 653/2/1 650/2/1 649/2/1
f 654/2/1 650/2/1 653/2/1
f 655/2/1 652/2/1 651/2/1
f 656/2/1 652/2/1 655/2/1
f 669/1/1 658/1/1 657/1/1
f 670/1/1 658/1/1 669/1/1
f 671/1/1 660/1/1 659/1/1
f 672/1/1 660/1/1 671/1/1
f 673/1/1 662/1/1 661/1/1
f 674/1/1 662/1/1 673/1/1
f 675/1/1 664/1/1 663/1/1
f 676/1/1 664/1/1 675/1/1
f 677/1/1 666/1/1 665/1/1
f 678/1/1 666/1/1 677/1/1
f 679/1/1 668/1/1 667/1/1
f 680/1/1 668/1/1 679/1/1
f 685/2/1 682/2/1 681/2/1
f 686/1/1 683/1/1 682/1/1
f 686/2/1 682/2/1 685/2/1
f 687/2/1 684/2/1 683/2/1
f 687/1/1 683/1/1 686/1/1
f 688/2/1 684/2/1 687/2/1
f 693/2/1 690/2/1 689/2/1
f 694/2/1 690/2/1 693/2/1
f 695/2/1 692/2/1 691/2/1
f 696/2/1 692/2/1 695/2/1
f 701/2/1 698/2/1 697/2/1
f 702/2/1 698/2/1 701/2/1
f 703/2/1 700/2/1 699/2/1
f 704/2/1 700/2/1 703/2/1
f 717/1/1 706/1/1 705/1/1
f 718/1/1 706/1/1 717/1/1
f 719/1/1 708/1/1 707/1/1
f 720/1/1 708/1/1 719/1/1
f 721/1/1 710/1/1 709/1/1
f 722/1/1 710/1/1 721/1/1
f 723/1/1 712/1/1 711/1/1
f 724/1/1 712/1/1 723/1/1
f 725/1/1 714/1/1 713/1/1
f 726/1/1 714/1/1 725/1/1
f 727/1/1 716/1/1 715/1/1
f 728/1/1 716/1/1 727/1/1
f 733/2/1 730/2/1 729/2/1
f 734/1/1 731/1/1 730/1/1
f 734/2/1 730/2/1 733/2/1
f 735/2/1 732/2/1 731/2/1
f 735/1/1 731/1/1 734/1/1
f 736/2/1 732/2/1 735/2/1
f 741/2/1 738/2/1 737/2/1
f 742/2/1 738/2/1 741/2/1
f 743/2/1 740/2/1 739/2/1
f 744/2/1 740/2/1 743/2/1
f 749/2/1 746/2/1 745/2/1
f 750/2/1 746/2/1 749/2/1
f 751/2/1 748/2/1 747/2/1
f 752/2/1 748/2/1 751/2/1
f 765/1/1 754/1/1 753/1/1
f 766/1/1 754/1/1 765/1/1
f 767/1/1 756/1/1 755/1/1
f 768/1/1 756/1/1 767/1/1
f 769/1/1 758/1/1 757/1/1
f 770/1/1 758/1/1 769/1/1
f 771/1/1 760/1/1 759/1/1
f 772/1/1 760/1/1 771/1/1
f 773/1/1 762/1/1 761/1/1
f 774/1/1 762/1/1 773/1/1
f 775/1/1 764/1/1 763/1/1
f 776/1/1 764/1/1 775/1/1
f 781/2/1 778/2/1 777/2/1
f 782/1/1 779/1/1 778/1/1
f 782/2/1 778/2/1 781/2/1
f 783/2/1 780/2/1 779/2/1
f 783/1/1 779/1/1 782/1/1
f 784/2/1 780/2/1 783/2/1
f 789/2/1 786/2/1 785/2/1
f 790/2/1 786/2/1 789/2/1
f 791/2/1 788/2/1 787/2/1
f 792/2/1 788/2/1 791/2/1
f 797/2/1 794/2/1 793/2/1
f 798/2/1 794/2/1 797/2/1
f 799/2/1 796/2/1 795/2/1
f 800/2/1 796/2/1 799/2/1
f 813/1/1 802/1/1 801/1/1
f 814/1/1 802/1/1 813/1/1
f 815/1/1 804/1/1 803/1/1
f 816/1/1 804/1/1 815/1/1
f 817/1/1 806/1/1 805/1/1
f 818/1/1 806/1/1 817/1/1
f 819/1/1 808/1/1 807/1/1
f 820/1/1 808/1/1 819/1/1
f 821/1/1 810/1/1 809/1/1
f 822/1/1 810/1/1 821/1/1
f 823/1/1 812/1/1 811/1/1
f 824/1/1 812/1/1 823/1/1
f 829/2/1 826/2/1 825/2/1
f 830/1/1 827/1/1 826/1/1
f 830/2/1 826/2/1 829/2/1
f 831/2/1 828/2/1 827/2/1
f 831/1/1 827/1/1 830/1/1
f 832/2/1 828/2/1 831/2/1
f 837/2/1 834/2/1 833/2/1
f 838/2/1 834/2/1 837/2/1
f 839/2/1 836/2/1 835/2/1
f 840/2/1 836/2/1 839/2/1
f 845/2/1 842/2/1 841/2/1
f 846/2/1 842/2/1 845/2/1
f 847/2/1 844/2/1 843/2/1
f 848/2/1 844/2/1 847/2/1
f 861/1/1 850/1/1 849/1/1
f 862/1/1 850/1/1 861/1/1
f 863/1/1 852/1/1 851/1/1
f 864/1/1 852/1/1 863/1/1
f 865/1/1 854/1/1 853/1/1
f 866/1/1 854/1/1 865/1/1
f 867/1/1 856/1/1 855/1/1
f 868/1/1 856/1/1 867/1/1
f 869/1/1 858/1/1 857/1/1
f 870/1/1 858/1/1 869/1/1
f 871/1/1 860/1/1 859/1/1
f 872/1/1 860/1/1 871/1/1
f 877/2/1 874/2/1 873/2/1
f 878/1/1 875/1/1 874/1/1
f 878/2/1 874/2/1 877/2/1
f 879/2/1 876/2/1 875/2/1
f 879/1/1 875/1/1 878/1/1
f 880/2/1 876/2/1 879/2/1
f 885/2/1 882/2/1 881/2/1
f 886/2/1 882/2/1 885/2/1
f 887/2/1 884/2/1 883/2/1
f 888/2/1 884/2/1 887/2/1
f 893/2/1 890/2/1 889/2/1
f 894/2/1 890/2/1 893/2/1
f 895/2/1 892/2/1 891/2/1
f 896/2/1 892/2/1 895/2/1
f 909/1/1 898/1/1 897/1/1
f 910/1/1 898/1/1 909/1/1
f 911/1/1 900/1/1 899/1/1
f 912/1/1 900/1/1 911/1/1
f 913/1/1 902/1/1 901/1/1
f 914/1/1 902/1/1 913/1/1
f 915/1/1 904/1/1 903/1/1
f 916/1/1 904/1/1 915/1/1
f 917/1/1 906/1/1 905/1/1
f 918/1/1 906/1/1 917/1/1
f 919/1/1 908/1/1 907/1/1
f 920/1/1 908/1/1 919/1/1
f 925/2/1 922/2/1 921/2/1
f 926/1/1 923/1/1 922/1/1
f 926/2/1 922/2/1 925/2/1
f 927/2/1 924/2/1 923/2/1
f 927/1/1 923/1/1 926/1/1
f 928/2/1 924/2/1 927/2/1
f 933/2/1 930/2/1 929/2/1
f 934/2/1 930/2/1 933/2/1
f 935/2/1 932/2/1 931/2/1
f 936/2/1 932/2/1 935/2/1
f 941/2/1 938/2/1 937/2/1
f 942/2/1 938/2/1 941/2/1
f 943/2/1 940/2/1 939/2/1
f 944/2/1 940/2/1 943/2/1
f 957/1/1 946/1/1 945/1/1
f 958/1/1 946/1/1 957/1/1
f 959/1/1 948/1/1 947/1/1
f 960/1/1 948/1/1 959/1/1
f 961/1/1 950/1/1 949/1/1
f 962/1/1 950/1/1 961/1/1
f 963/1/1 952/1/1 951/1/1
f 964/1/1 952/1/1 963/1/1
f 965/1/1 954/1/1 953/1/1
f 966/1/1 954/1/1 965/1/1
f 967/1/1 956/1/1 955/1/1
f 968/1/1 956/1/1 967/1/1
f 973/2/1 970/2/1 969/2/1
f 974/1/1 971/1/1 970/1/1
f 974/2/1 970/2/1 973/2/1
f 975/2/1 972/2/1 971/2/1
f 975/1/1 971/1/1 974/1/1
f 976/2/1 972/2/1 975/2/1
f 981/2/1 978/2/1 977/2/1
f 982/2/1 978/2/1 981/2/1
f 983/2/1 980/2/1 979/2/1
f 984/2/1 980/2/1 983/2/1
f 989/2/1 986/2/1 985/2/1
f 990/2/1 986/2/1 989/2/1
f 991/2/1 988/2/1 987/2/1
f 992/2/1 988/2/1 991/2/1
f 1005/1/1 994/1/1 993/1/1
f 1006/1/1 994/1/1 1005/1/1
f 1007/1/1 996/1/1 995/1/1
f 1008/1/1 996/1/1 1007/1/1
f 1009/1/1 998/1/1 997/1/1
f 1010/1/1 998/1/1 1009/1/1
f 1011/1/1 1000/1/1 999/1/1
f 1012/1/1 1000/1/1 1011/1/1
f 1013/1/1 1002/1/1 1001/1/1
f 1014/1/1 1002/1/1 1013/1/1
f 1015/1/1 1004/1/1 1003/1/1
f 1016/1/1 1004/1/1 1015/1/1
f 1021/2/1 1018/2/1 1017/2/1
f 1022/1/1 1019/1/1 1018/1/1
f 1022/2/1 1018/2/1 1021/2/1
f 1023/2/1 1020/2/1 1019/2/1
f 1023/1/1 1019/1/1 1022/1/1
f 1024/2/1 1020/2/1 1023/2/1
f 1029/2/1 1026/2/1 1025/2/1
f 1030/2/1 1026/2/1 1029/2/1
f 1031/2/1 1028/2/1 1027/2/1
f 1032/2/1 1028/2/1 1031/2/1
f 1037/2/1 1034/2/1 1033/2/1
f 1038/2/1 1034/2/1 1037/2/1
f 1039/2/1 1036/2/1 1035/2/1
f 1040/2/1 1036/2/1 1039/2/1
f 1053/1/1 1042/1/1 1041/1/1
f 1054/1/1 1042/1/1 1053/1/1
f 1055/1/1 1044/1/1 1043/1/1
f 1056/1/1 1044/1/1 1055/1/1
f 1057/1/1 1046/1/1 1045/1/1
f 1058/1/1 1046/1/1 1057/1/1
f 1059/1/1 1048/1/1 1047/1/1
f 1060/1/1 1048/1/1 1059/1/1
f 1061/1/1 1050/1/1 1049/1/1
f 1062/1/1 1050/1/1 1061/1/1
f 1063/1/1 1052/1/1 1051/1/1
f 1064/1/1 1052/1/1 1063/1/1
f 1069/2/1 1066/2/1 1065/2/1
f 1070/1/1 1067/1/1 1066/1/1
f 1070/2/1 1066/2/1 1069/2/1
f 1071/2/1 1068/2/1 1067/2/1
f 1071/1/1 1067/1/1 1070/1/1
f 1072/2/1 1068/2/1 1071/2/1
f 1077/2/1 1074/2/1 1073/2/1
f 1078/2/1 1074/2/1 1077/2/1
f 1079/2/1 1076/2/1 1075/2/1
f 1080/2/1 1076/2/1 1079/2/1
f 1085/2/1 1082/2/1 1081/2/1
f 1086/2/1 1082/2/1 1085/2/1
f 1087/2/1 1084/2/1 1083/2/1
f 1088/2/1 1084/2/1 1087/2/1
f 1101/1/1 1090/1/1 1089/1/1
f 1102/1/1 1090/1/1 1101/1/1
f 1103/1/1 1092/1/1 1091/1/1
f 1104/1/1 1092/1/1 1103/1/1
f 1105/1/1 1094/1/1 1093/1/1
f 1106/1/1 1094/1/1 1105/1/1
f 1107/1/1 1096/1/1 1095/1/1
f 1108/1/1 1096/1/1 1107/1/1
f 1109/1/1 1098/1/1 1097/1/1
f 1110/1/1 1098/1/1 1109/1/1
f 1111/1/1 1100/1/1 1099/1/1
f 1112/1/1 1100/1/1 1111/1/1
f 1117/2/1 1114/2/1 1113/2/1
f 1118/1/1 1115/1/1 1114/1/1
f 1118/2/1 1114/2/1 1117/2/1
f 1119/2/1 1116/2/1 1115/2/1
f 1119/1/1 1115/1/1 1118/1/1
f 1120/2/1 1116/2/1 1119/2/1
f 1125/2/1 1122/2/1 1121/2/1
f 1126/2/1 1122/2/1 1125/2/1
f 1127/2/1 1124/2/1 1123/2/1
f 1128/2/1 1124/2/1 1127/2/1
f 1133/2/1 1130/2/1 1129/2/1
f 1134/2/1 1130/2/1 1133/2/1
f 1135/2/1 1132/2/1 1131/2/1
f 1136/2/1 1132/2/1 1135/2/1
f 1149/1/1 1138/1/1 1137/1/1
f 1150/1/1 1138/1/1 1149/1/1
f 1151/1/1 1140/1/1 1139/1/1
f 1152/1/1 1140/1/1 1151/1/1
f 1153/1/1 1142/1/1 1141/1/1
f 1154/1/1 1142/1/1 1153/1/1
f 1155/1/1 1144/1/1 1143/1/1
f 1156/1/1 1144/1/1 1155/1/1
f 1157/1/1 1146/1/1 1145/1/1
f 1158/1/1 1146/1/1 1157/1/1
f 1159/1/1 1148/1/1 1147/1/1
f 1160/1/1 1148/1/1 1159/1/1
f 1165/2/1 1162/2/1 1161/2/1
f 1166/1/1 1163/1/1 1162/1/1
f 1166/2/1 1162/2/1 1165/2/1
f 1167/2/1 1164/2/1 1163/2/1
f 1167/1/1 1163/1/1 1166/1/1
f 1168/2/1 1164/2/1 1167/2/1
f 1173/2/1 1170/2/1 1169/2/1
f 1174/2/1 1170/2/1 1173/2/1
f 1175/2/1 1172/2/1 1171/2/1
f 1176/2/1 1172/2/1 1175/2/1
f 1181/2/1 1178/2/1 1177/2/1
f 1182/2/1 1178/2/1 1181/2/1
f 1183/2/1 1180/2/1 1179/2/1
f 1184/2/1 1180/2/1 1183/2/1
f 1197/1/1 1186/1/1 1185/1/1
f 1198/1/1 1186/1/1 1197/1/1
f 1199/1/1 1188/1/1 1187/1/1
f 1200/1/1 1188/1/1 1199/1/1
f 1201/1/1 1190/1/1 1189/1/1
f 1202/1/1 1190/1/1 1201/1/1
f 1203/1/1 1192/1/1 1191/1/1
f 1204/1/1 1192/1/1 1203/1/1
f 1205/1/1 1194/1/1 1193/1/1
f 1206/1/1 1194/1/1 1205/1/1
f 1207/1/1 1196/1/1 1195/1/1
f 1208/1/1 1196/1/1 1207/1/1
f 1213/2/1 1210/2/1 1209/2/1
f 1214/1/1 1211/1/1 1210/1/1
f 1214/2/1 1210/2/1 1213/2/1
f 1215/2/1 1212/2/1 1211/2/1
f 1215/1/1 1211/1/1 1214/1/1
f 1216/2/1 1212/2/1 1215/2/1
f 1229/1/1 1218/1/1 1217/1/1
f 1230/1/1 1218/1/1 1229/1/1
f 1231/1/1 1220/1/1 1219/1/1
f 1232/1/1 1220/1/1 1231/1/1
f 1233/1/1 1222/1/1 1221/1/1
f 1234/1/1 1222/1/1 1233/1/1
f 1235/1/1 1224/1/1 1223/1/1
f 1236/1/1 1224/1/1 1235/1/1
f 1237/1/1 1226/1/1 1225/1/1
f 1238/1/1 1226/1/1 1237/1/1
f 1239/1/1 1228/1/1 1227/1/1
f 1240/1/1 1228/1/1 1239/1/1
f 1241/1/2 1242/1/2 1253/1/2
f 1253/1/2 1242/1/2 1254/1/2
f 1243/1/2 1244/1/2 1255/1/2
f 1255/1/2 1244/1/2 1256/1/2
f 1245/1/2 1246/1/2 1257/1/2
f 1257/1/2 1246/1/2 1258/1/2
f 1247/1/2 1248/1/2 1259/1/2
f 1259/1/2 1248/1/2 1260/1/2
f 1249/1/2 1250/1/2 1261/1/2
f 1261/1/2 1250/1/2 1262/1/2
f 1251/1/2 1252/1/2 1263/1/2
f 1263/1/2 1252/1/2 1264/1/2
f 1265/2/2 1266/2/2 1269/2/2
f 1269/2/2 1266/2/2 1270/2/2
f 1267/2/2 1268/2/2 1271/2/2
f 1271/2/2 1268/2/2 1272/2/2
f 1273/2/2 1274/2/2 1277/2/2
f 1277/2/2 1274/2/2 1278/2/2
f 1275/2/2 1276/2/2 1279/2/2
f 1279/2/2 1276/2/2 1280/2/2
f 1281/2/2 1282/2/2 1285/2/2
f 1282/1/2 1283/1/2 1286/1/2
f 1285/2/2 1282/2/2 1286/2/2
f 1283/2/2 1284/2/2 1287/2/2
f 1286/1/2 1283/1/2 1287/1/2
f 1287/2/2 1284/2/2 1288/2/2
f 1289/1/2 1290/1/2 1301/1/2
f 1301/1/2 1290/1/2 1302/1/2
f 1291/1/2 1292/1/2 1303/1/2
f 1303/1/2 1292/1/2 1304/1/2
f 1293/1/2 1294/1/2 1305/1/2
f 1305/1/2 1294/1/2 1306/1/2
f 1295/1/2 1296/1/2 1307/1/2
f 1307/1/2 1296/1/2 1308/1/2
f 1297/1/2 1298/1/2 1309/1/2
f 1309/1/2 1298/1/2 1310/1/2
f 1299/1/2 1300/1/2 1311/1/2
f 1311/1/2 1300/1/2 1312/1/2
f 1313/2/2 1314/2/2 1317/2/2
f 1317/2/2 1314/2/2 1318/2/2
f 1315/2/2 1316/2/2 1319/2/2
f 1319/2/2 1316/2/2 1320/2/2
f 1321/2/2 1322/2/2 1325/2/2
f 1325/2/2 1322/2/2 1326/2/2
f 1323/2/2 1324/2/2 1327/2/2
f 1327/2/2 1324/2/2 1328/2/2
f 1329/2/2 1330/2/2 1333/2/2
f 1330/1/2 1331/1/2 1334/1/2
f 1333/2/2 1330/2/2 1334/2/2
f 1331/2/2 1332/2/2 1335/2/2
f 1334/1/2 1331/1/2 1335/1/2
f 1335/2/2 1332/2/2 1336/2/2
f 1337/1/2 1338/1/2 1349/1/2
f 1349/1/2 1338/1/2 1350/1/2
f 1339/1/2 1340/1/2 1351/1/2
f 1351/1/2 1340/1/2 1352/1/2
f 1341/1/2 1342/1/2 1353/1/2
f 1353/1/2 1342/1/2 1354/1/2
f 1343/1/2 1344/1/2 1355/1/2
f 1355/1/2 1344/1/2 1356/1/2
f 1345/1/2 1346/1/2 1357/1/2
f 1357/1/2 1346/1/2 1358/1/2
f 1347/1/2 1348/1/2 1359/1/2
f 1359/1/2 1348/1/2 1360/1/2
f 1361/2/2 1362/2/2 1365/2/2
f 1365/2/2 1362/2/2 1366/2/2
f 1363/2/2 1364/2/2 1367/2/2
f 1367/2/2 1364/2/2 1368/2/2
f 1369/2/2 1370/2/2 1373/2/2
f 1373/2/2 1370/2/2 1374/2/2
f 1371/2/2 1372/2/2 1375/2/2
f 1375/2/2 1372/2/2 1376/2/2
f 1377/2/2 1378/2/2 1381/2/2
f 1378/1/2 1379/1/2 1382/1/2
f 1381/2/2 1378/2/2 1382/2/2
f 1379/2/2 1380/2/2 1383/2/2
f 1382/1/2 1379/1/2 1383/1/2
f 1383/2/2 1380/2/2 1384/2/2
f 1385/1/2 1386/1/2 1397/1/2
f 1397/1/2 1386/1/2 1398/1/2
f 1387/1/2 1388/1/2 1399/1/2
f 1399/1/2 1388/1/2 1400/1/2
f 1389/1/2 1390/1/2 1401/1/2
f 1401/1/2 1390/1/2 1402/1/2
f 1391/1/2 1392/1/2 1403/1/2
f 1403/1/2 1392/1/2 1404/1/2
f 1393/1/2 1394/1/2 1405/1/2
f 1405/1/2 1394/1/2 1406/1/2
f 1395/1/2 1396/1/2 1407/1/2
f 1407/1/2 1396/1/2 1408/1/2
f 1409/2/2 1410/2/2 1413/2/2
f 1413/2/2 1410/2/2 1414/2/2
f 1411/2/2 1412/2/2 1415/2/2
f 1415/2/2 1412/2/2 1416/2/2
f 1417/2/2 1418/2/2 1421/2/2
f 1421/2/2 1418/2/2 1422/2/2
f 1419/2/2 1420/2/2 1423/2/2
f 1423/2/2 1420/2/2 1424/2/2
f 1425/2/2 1426/2/2 1429/2/2
f 1426/1/2 1427/1/2 1430/1/2
f 1429/2/2 1426/2/2 1430/2/2
f 1427/2/2 1428/2/2 1431/2/2
f 1430/1/2 1427/1/2 1431/1/2
f 1431/2/2 1428/2/2 1432/2/2
f 1433/1/2 1434/1/2 1445/1/2
f 1445/1/2 1434/1/2 1446/1/2
f 1435/1/2 1436/1/2 1447/1/2
f 1447/1/2 1436/1/2 1448/1/2
f 1437/1/2 1438/1/2 1449/1/2
f 1449/1/2 1438/1/2 1450/1/2
f 1439/1/2 1440/1/2 1451/1/2
f 1451/1/2 1440/1/2 1452/1/2
f 1441/1/2 1442/1/2 1453/1/2
f 1453/1/2 1442/1/2 1454/1/2
f 1443/1/2 1444/1/2 1455/1/2
f 1455/1/2 1444/1/2 1456/1/2
f 1457/2/2 1458/2/2 1461/2/2
f 1461/2/2 1458/2/2 1462/2/2
f 1459/2/2 1460/2/2 1463/2/2
f 1463/2/2 1460/2/2 1464/2/2
f 1465/2/2 1466/2/2 1469/2/2
f 1469/2/2 1466/2/2 1470/2/2
f 1467/2/2 1468/2/2 1471/2/2
f 1471/2/2 1468/2/2 1472/2/2
f 1473/2/2 1474/2/2 1477/2/2
f 1474/1/2 1475/1/2 1478/1/2
f 1477/2/2 1474/2/2 1478/2/2
f 1475/2/2 1476/2/2 1479/2/2
f 1478/1/2 1475/1/2 1479/1/2
f 1479/2/2 1476/2/2 1480/2/2
f 1481/1/2 1482/1/2 1493/1/2
f 1493/1/2 1482/1/2 1494/1/2
f 1483/1/2 1484/1/2 1495/1/2
f 1495/1/2 1484/1/2 1496/1/2
f 1485/1/2 1486/1/2 1497/1/2
f 1497/1/2 1486/1/2 1498/1/2
f 1487/1/2 1488/1/2 1499/1/2
f 1499/1/2 1488/1/2 1500/1/2
f 1489/1/2 1490/1/2 1501/1/2
f 1501/1/2 1490/1/2 1502/1/2
f 1491/1/2 1492/1/2 1503/1/2
f 1503/1/2 1492/1/2 1504/1/2
f 1505/2/2 1506/2/2 1509/2/2
f 1509/2/2 1506/2/2 1510/2/2
f 1507/2/2 1508/2/2 1511/2/2
f 1511/2/2 1508/2/2 1512/2/2
f 1513/2/2 1514/2/2 1517/2/2
f 1517/2/2 1514/2/2 1518/2/2
f 1515/2/2 1516/2/2 1519/2/2
f 1519/2/2 1516/2/2 1520/2/2
f 1521/2/2 1522/2/2 1525/2/2
f 1522/1/2 1523/1/2 1526/1/2
f 1525/2/2 1522/2/2 1526/2/2
f 1523/2/2 1524/2/2 1527/2/2
f 1526/1/2 1523/1/2 1527/1/2
f 1527/2/2 1524/2/2 1528/2/2
f 1529/1/2 1530/1/2 1541/1/2
f 1541/1/2 1530/1/2 1542/1/2
f 1531/1/2 1532/1/2 1543/1/2
f 1543/1/2 1532/1/2 1544/1/2
f 1533/1/2 1534/1/2 1545/1/2
f 1545/1/2 1534/1/2 1546/1/2
f 1535/1/2 1536/1/2 1547/1/2
f 1547/1/2 1536/1/2 1548/1/2
f 1537/1/2 1538/1/2 1549/1/2
f 1549/1/2 1538/1/2 1550/1/2
f 1539/1/2 1540/1/2 1551/1/2
f 1551/1/2 1540/1/2 1552/1/2
f 1553/2/2 1554/2/2 1557/2/2
f 1557/2/2 1554/2/2 1558/2/2
f 1555/2/2 1556/2/2 1559/2/2
f 1559/2/2 1556/2/2 1560/2/2
f 1561/2/2 1562/2/2 1565/2/2
f 1565/2/2 1562/2/2 1566/2/2
f 1563/2/2 1564/2/2 1567/2/2
f 1567/2/2 1564/2/2 1568/2/2
f 1569/2/2 1570/2/2 1573/2/2
f 1570/1/2 1571/1/2 1574/1/2
f 1573/2/2 1570/2/2 1574/2/2
f 1571/2/2 1572/2/2 1575/2/2
f 1574/1/2 1571/1/2 1575/1/2
f 1575/2/2 1572/2/2 1576/2/2
f 1577/1/2 1578/1/2 1589/1/2
f 1589/1/2 1578/1/2 1590/1/2
f 1579/1/2 1580/1/2 1591/1/2
f 1591/1/2 1580/1/2 1592/1/2
f 1581/1/2 1582/1/2 1593/1/2
f 1593/1/2 1582/1/2 1594/1/2
f 1583/1/2 1584/1/2 1595/1/2
f 1595/1/2 1584/1/2 1596/1/2
f 1585/1/2 1586/1/2 1597/1/2
f 1597/1/2 1586/1/2 1598/1/2
f 1587/1/2 1588/1/2 1599/1/2
f 1599/1/2 1588/1/2 1600/1/2
f 1601/2/2 1602/2/2 1605/2/2
f 1605/2/2 1602/2/2 1606/2/2
f 1603/2/2 1604/2/2 1607/2/2
f 1607/2/2 1604/2/2 1608/2/2
f 1609/2/2 1610/2/2 1613/2/2
f 1613/2/2 1610/2/2 1614/2/2
f 1611/2/2 1612/2/2 1615/2/2
f 1615/2/2 1612/2/2 1616/2/2
f 1617/2/2 1618/2/2 1621/2/2
f 1618/1/2 1619/1/2 1622/1/2
f 1621/2/2 1618/2/2 1622/2/2
f 1619/2/2 1620/2/2 1623/2/2
f 1622/1/2 1619/1/2 1623/1/2
f 1623/2/2 1620/2/2 1624/2/2
f 1625/1/2 1626/1/2 1637/1/2
f 1637/1/2 1626/1/2 1638/1/2
f 1627/1/2 1628/1/2 1639/1/2
f 1639/1/2 1628/1/2 1640/1/2
f 1629/1/2 1630/1/2 1641/1/2
f 1641/1/2 1630/1/2 1642/1/2
f 1631/1/2 1632/1/2 1643/1/2
f 1643/1/2 1632/1/2 1644/1/2
f 1633/1/2 1634/1/2 1645/1/2
f 1645/1/2 1634/1/2 1646/1/2
f 1635/1/2 1636/1/2 1647/1/2
f 1647/1/2 1636/1/2 1648/1/2
f 1649/2/2 1650/2/2 1653/2/2
f 1653/2/2 1650/2/2 1654/2/2
f 1651/2/2 1652/2/2 1655/2/2
f 1655/2/2 1652/2/2 1656/2/2
f 1657/2/2 1658/2/2 1661/2/2
f 1661/2/2 1658/2/2 1662/2/2
f 1659/2/2 1660/2/2 1663/2/2
f 1663/2/2 1660/2/2 1664/2/2
f 1665/2/2 1666/2/2 1669/2/2
f 1666/1/2 1667/1/2 1670/1/2
f 1669/2/2 1666/2/2 1670/2/2
f 1667/2/2 1668/2/2 1671/2/2
f 1670/1/2 1667/1/2 1671/1/2
f 1671/2/2 1668/2/2 1672/2/2
f 1673/1/2 1674/1/2 1685/1/2
f 1685/1/2 1674/1/2 1686/1/2
f 1675/1/2 1676/1/2 1687/1/2
f 1687/1/2 1676/1/2 1688/1/2
f 1677/1/2 1678/1/2 1689/1/2
f 1689/1/2 1678/1/2 1690/1/2
f 1679/1/2 1680/1/2 1691/1/2
f 1691/1/2 1680/1/2 1692/1/2
f 1681/1/2 1682/1/2 1693/1/2
f 1693/1/2 1682/1/2 1694/1/2
f 1683/1/2 1684/1/2 1695/1/2
f 1695/1/2 1684/1/2 1696/1/2
f 1697/2/2 1698/2/2 1701/2/2
f 1701/2/2 1698/2/2 1702/2/2
f 1699/2/2 1700/2/2 1703/2/2
f 1703/2/2 1700/2/2 1704/2/2
f 1705/2/2 1706/2/2 1709/2/2
f 1709/2/2 1706/2/2 1710/2/2
f 1707/2/2 1708/2/2 1711/2/2
f 1711/2/2 1708/2/2 1712/2/2
f 1713/2/2 1714/2/2 1717/2/2
f 1714/1/2 1715/1/2 1718/1/2
f 1717/2/2 1714/2/2 1718/2/2
f 1715/2/2 1716/2/2 1719/2/2
f 1718/1/2 1715/1/2 1719/1/2
f 1719/2/2 1716/2/2 1720/2/2
f 1721/1/2 1722/1/2 1733/1/2
f 1733/1/2 1722/1/2 1734/1/2
f 1723/1/2 1724/1/2 1735/1/2
f 1735/1/2 1724/1/2 1736/1/2
f 1725/1/2 1726/1/2 1737/1/2
f 1737/1/2 1726/1/2 1738/1/2
f 1727/1/2 1728/1/2 1739/1/2
f 1739/1/2 1728/1/2 1740/1/2
f 1729/1/2 1730/1/2 1741/1/2
f 1741/1/2 1730/1/2 1742/1/2
f 1731/1/2 1732/1/2 1743/1/2
f 1743/1/2 1732/1/2 1744/1/2
f 1745/2/2 1746/2/2 1749/2/2
f 1749/2/2 1746/2/2 1750/2/2
f 1747/2/2 1748/2/2 1751/2/2
f 1751/2/2 1748/2/2 1752/2/2
f 1753/2/2 1754/2/2 1757/2/2
f 1757/2/2 1754/2/2 1758/2/2
f 1755/2/2 1756/2/2 1759/2/2
f 1759/2/2 1756/2/2 1760/2/2
f 1761/2/2 1762/2/2 1765/2/2
f 1762/1/2 1763/1/2 1766/1/2
f 1765/2/2 1762/2/2 1766/2/2
f 1763/2/2 1764/2/2 1767/2/2
f 1766/1/2 1763/1/2 1767/1/2
f 1767/2/2 1764/2/2 1768/2/2
f 1769/1/2 1770/1/2 1781/1/2
f 1781/1/2 1770/1/2 1782/1/2
f 1771/1/2 1772/1/2 1783/1/2
f 1783/1/2 1772/1/2 1784/1/2
f 1773/1/2 1774/1/2 1785/1/2
f 1785/1/2 1774/1/2 1786/1/2
f 1775/1/2 1776/1/2 1787/1/2
f 1787/1/2 1776/1/2 1788/1/2
f 1777/1/2 1778/1/2 1789/1/2
f 1789/1/2 1778/1/2 1790/1/2
f 1779/1/2 1780/1/2 1791/1/2
f 1791/1/2 1780/1/2 1792/1/2
f 1793/2/2 1794/2/2 1797/2/2
f 1797/2/2 1794/2/2 1798/2/2
f 1795/2/2 1796/2/2 1799/2/2
f 1799/2/2 1796/2/2 1800/2/2
f 1801/2/2 1802/2/2 1805/2/2
f 1805/2/2 1802/2/2 1806/2/2
f 1803/2/2 1804/2/2 1807/2/2
f 1807/2/2 1804/2/2 1808/2/2
f 1809/2/2 1810/2/2 1813/2/2
f 1810/1/2 1811/1/2 1814/1/2
f 1813/2/2 1810/2/2 1814/2/2
f 1811/2/2 1812/2/2 1815/2/2
f 1814/1/2 1811/1/2 1815/1/2
f 1815/2/2 1812/2/2 1816/2/2
f 1817/1/2 1818/1/2 1829/1/2
f 1829/1/2 1818/1/2 1830/1/2
f 1819/1/2 1820/1/2 1831/1/2
f 1831/1/2 1820/1/2 1832/1/2
f 1821/1/2 1822/1/2 1833/1/2
f 1833/1/2 1822/1/2 1834/1/2
f 1823/1/2 1824/1/2 1835/1/2
f 1835/1/2 1824/1/2 1836/1/2
f 1825/1/2 1826/1/2 1837/1/2
f 1837/1/2 1826/1/2 1838/1/2
f 1827/1/2 1828/1/2 1839/1/2
f 1839/1/2 1828/1/2 1840/1/2
f 1841/2/2 1842/2/2 1845/2/2
f 1845/2/2 1842/2/2 1846/2/2
f 1843/2/2 1844/2/2 1847/2/2
f 1847/2/2 1844/2/2 1848/2/2
f 1849/2/2 1850/2/2 1853/2/2
f 1853/2/2 1850/2/2 1854/2/2
f 1851/2/2 1852/2/2 1855/2/2
f 1855/2/2 1852/2/2 1856/2/2
f 1857/2/2 1858/2/2 1861/2/2
f 1858/1/2 1859/1/2 1862/1/2
f 1861/2/2 1858/2/2 1862/2/2
f 1859/2/2 1860/2/2 1863/2/2
f 1862/1/2 1859/1/2 1863/1/2
f 1863/2/2 1860/2/2 1864/2/2
f 1865/1/2 1866/1/2 1877/1/2
f 1877/1/2 1866/1/2 1878/1/2
f 1867/1/2 1868/1/2 1879/1/2
f 1879/1/2 1868/1/2 1880/1/2
f 1869/1/2 1870/1/2 1881/1/2
f 1881/1/2 1870/1/2 1882/1/2
f 1871/1/2 1872/1/2 1883/1/2
f 1883/1/2 1872/1/2 1884/1/2
f 1873/1/2 1874/1/2 1885/1/2
f 1885/1/2 1874/1/2 1886/1/2
f 1875/1/2 1876/1/2 1887/1/2
f 1887/1/2 1876/1/2 1888/1/2
f 1889/2/2 1890/2/2 1893/2/2
f 1893/2/2 1890/2/2 1894/2/2
f 1891/2/2 1892/2/2 1895/2/2
f 1895/2/2 1892/2/2 1896/2/2
f 1897/2/2 1898/2/2 1901/2/2
f 1901/2/2 1898/2/2 1902/2/2
f 1899/2/2 1900/2/2 1903/2/2
f 1903/2/2 1900/2/2 1904/2/2
f 1905/2/2 1906/2/2 1909/2/2
f 1906/1/2 1907/1/2 1910/1/2
f 1909/2/2 1906/2/2 1910/2/2
f 1907/2/2 1908/2/2 1911/2/2
f 1910/1/2 1907/1/2 1911/1/2
f 1911/2/2 1908/2/2 1912/2/2
f 1913/1/2 1914/1/2 1925/1/2
f 1925/1/2 1914/1/2 1926/1/2
f 1915/1/2 1916/1/2 1927/1/2
f 1927/1/2 1916/1/2 1928/1/2
f 1917/1/2 1918/1/2 1929/1/2
f 1929/1/2 1918/1/2 1930/1/2
f 1919/1/2 1920/1/2 1931/1/2
f 1931/1/2 1920/1/2 1932/1/2
f 1921/1/2 1922/1/2 1933/1/2
f 1933/1/2 1922/1/2 1934/1/2
f 1923/1/2 1924/1/2 1935/1/2
f 1935/1/2 1924/1/2 1936/1/2
f 1937/2/2 1938/2/2 1941/2/2
f 1941/2/2 1938/2/2 1942/2/2
f 1939/2/2 1940/2/2 1943/2/2
f 1943/2/2 1940/2/2 1944/2/2
f 1945/2/2 1946/2/2 1949/2/2
f 1949/2/2 1946/2/2 1950/2/2
f 1947/2/2 1948/2/2 1951/2/2
f 1951/2/2 1948/2/2 1952/2/2
f 1953/2/2 1954/2/2 1957/2/2
f 1954/1/2 1955/1/2 1958/1/2
f 1957/2/2 1954/2/2 1958/2/2
f 1955/2/2 1956/2/2 1959/2/2
f 1958/1/2 1955/1/2 1959/1/2
f 1959/2/2 1956/2/2 1960/2/2
f 1961/1/2 1962/1/2 1973/1/2
f 1973/1/2 1962/1/2 1974/1/2
f 1963/1/2 1964/1/2 1975/1/2
f 1975/1/2 1964/1/2 1976/1/2
f 1965/1/2 1966/1/2 1977/1/2
f 1977/1/2 1966/1/2 1978/1/2
f 1967/1/2 1968/1/2 1979/1/2
f 1979/1/2 1968/1/2 1980/1/2
f 1969/1/2 1970/1/2 1981/1/2
f 1981/1/2 1970/1/2 1982/1/2
f 1971/1/2 1972/1/2 1983/1/2
f 1983/1/2 1972/1/2 1984/1/2
f 1985/2/2 1986/2/2 1989/2/2
f 1989/2/2 1986/2/2 1990/2/2
f 1987/2/2 1988/2/2 1991/2/2
f 1991/2/2 1988/2/2 1992/2/2
f 1993/2/2 1994/2/2 1997/2/2
f 1997/2/2 1994/2/2 1998/2/2
f 1995/2/2 1996/2/2 1999/2/2
f 1999/2/2 1996/2/2 2000/2/2
f 2001/2/2 2002/2/2 2005/2/2
f 2002/1/2 2003/1/2 2006/1/2
f 2005/2/2 2002/2/2 2006/2/2
f 2003/2/2 2004/2/2 2007/2/2
f 2006/1/2 2003/1/2 2007/1/2
f 2007/2/2 2004/2/2 2008/2/2
f 2009/1/2 2010/1/2 2021/1/2
f 2021/1/2 2010/1/2 2022/1/2
f 2011/1/2 2012/1/2 2023/1/2
f 2023/1/2 2012/1/2 2024/1/2
f 2013/1/2 2014/1/2 2025/1/2
f 2025/1/2 2014/1/2 2026/1/2
f 2015/1/2 2016/1/2 2027/1/2
f 2027/1/2 2016/1/2 2028/1/2
f 2017/1/2 2018/1/2 2029/1/2
f 2029/1/2 2018/1/2 2030/1/2
f 2019/1/2 2020/1/2 2031/1/2
f 2031/1/2 2020/1/2 2032/1/2
f 2033/2/2 2034/2/2 2037/2/2
f 2037/2/2 2034/2/2 2038/2/2
f 2035/2/2 2036/2/2 2039/2/2
f 2039/2/2 2036/2/2 2040/2/2
f 2041/2/2 2042/2/2 2045/2/2
f 2045/2/2 2042/2/2 2046/2/2
f 2043/2/2 2044/2/2 2047/2/2
f 2047/2/2 2044/2/2 2048/2/2
f 2049/2/2 2050/2/2 2053/2/2
f 2050/1/2 2051/1/2 2054/1/2
f 2053/2/2 2050/2/2 2054/2/2
f 2051/2/2 2052/2/2 2055/2/2
f 2054/1/2 2051/1/2 2055/1/2
f 2055/2/2 2052/2/2 2056/2/2
f 2057/1/2 2058/1/2 2069/1/2
f 2069/1/2 2058/1/2 2070/1/2
f 2059/1/2 2060/1/2 2071/1/2
f 2071/1/2 2060/1/2 2072/1/2
f 2061/1/2 2062/1/2 2073/1/2
f 2073/1/2 2062/1/2 2074/1/2
f 2063/1/2 2064/1/2 2075/1/2
f 2075/1/2 2064/1/2 2076/1/2
f 2065/1/2 2066/1/2 2077/1/2
f 2077/1/2 2066/1/2 2078/1/2
f 2067/1/2 2068/1/2 2079/1/2
f 2079/1/2 2068/1/2 2080/1/2
f 2081/2/2 2082/2/2 2085/2/2
f 2085/2/2 2082/2/2 2086/2/2
f 2083/2/2 2084/2/2 2087/2/2
f 2087/2/2 2084/2/2 2088/2/2
f 2089/2/2 2090/2/2 2093/2/2
f 2093/2/2 2090/2/2 2094/2/2
f 2091/2/2 2092/2/2 2095/2/2
f 2095/2/2 2092/2/2 2096/2/2
f 2097/2/2 2098/2/2 2101/2/2
f 2098/1/2 2099/1/2 2102/1/2
f 2101/2/2 2098/2/2 2102/2/2
f 2099/2/2 2100/2/2 2103/2/2
f 2102/1/2 2099/1/2 2103/1/2
f 2103/2/2 2100/2/2 2104/2/2
f 2105/1/2 2106/1/2 2117/1/2
f 2117/1/2 2106/1/2 2118/1/2
f 2107/1/2 2108/1/2 2119/1/2
f 2119/1/2 2108/1/2 2120/1/2
f 2109/1/2 2110/1/2 2121/1/2
f 2121/1/2 2110/1/2 2122/1/2
f 2111/1/2 2112/1/2 2123/1/2
f 2123/1/2 2112/1/2 2124/1/2
f 2113/1/2 2114/1/2 2125/1/2
f 2125/1/2 2114/1/2 2126/1/2
f 2115/1/2 2116/1/2 2127/1/2
f 2127/1/2 2116/1/2 2128/1/2
f 2129/2/2 2130/2/2 2133/2/2
f 2133/2/2 2130/2/2 2134/2/2
f 2131/2/2 2132/2/2 2135/2/2
f 2135/2/2 2132/2/2 2136/2/2
f 2137/2/2 2138/2/2 2141/2/2
f 2141/2/2 2138/2/2 2142/2/2
f 2139/2/2 2140/2/2 2143/2/2
f 2143/2/2 2140/2/2 2144/2/2
f 2145/2/2 2146/2/2 2149/2/2
f 2146/1/2 2147/1/2 2150/1/2
f 2149/2/2 2146/2/2 2150/2/2
f 2147/2/2 2148/2/2 2151/2/2
f 2150/1/2 2147/1/2 2151/1/2
f 2151/2/2 2148/2/2 2152/2/2
f 2153/1/2 2154/1/2 2165/1/2
f 2165/1/2 2154/1/2 2166/1/2
f 2155/1/2 2156/1/2 2167/1/2
f 2167/1/2 2156/1/2 2168/1/2
f 2157/1/2 2158/1/2 2169/1/2
f 2169/1/2 2158/1/2 2170/1/2
f 2159/1/2 2160/1/2 2171/1/2
f 2171/1/2 2160/1/2 2172/1/2
f 2161/1/2 2162/1/2 2173/1/2
f 2173/1/2 2162/1/2 2174/1/2
f 2163/1/2 2164/1/2 2175/1/2
f 2175/1/2 2164/1/2 2176/1/2
f 2177/2/2 2178/2/2 2181/2/2
f 2181/2/2 2178/2/2 2182/2/2
f 2179/2/2 2180/2/2 2183/2/2
f 2183/2/2 2180/2/2 2184/2/2
f 2185/2/2 2186/2/2 2189/2/2
f 2189/2/2 2186/2/2 2190/2/2
f 2187/2/2 2188/2/2 2191/2/2
f 2191/2/2 2188/2/2 2192/2/2
f 2193/2/2 2194/2/2 2197/2/2
f 2194/1/2 2195/1/2 2198/1/2
f 2197/2/2 2194/2/2 2198/2/2
f 2195/2/2 2196/2/2 2199/2/2
f 2198/1/2 2195/1/2 2199/1/2
f 2199/2/2 2196/2/2 2200/2/2
f 2201/1/2 2202/1/2 2213/1/2
f 2213/1/2 2202/1/2 2214/1/2
f 2203/1/2 2204/1/2 2215/1/2
f 2215/1/2 2204/1/2 2216/1/2
f 2205/1/2 2206/1/2 2217/1/2
f 2217/1/2 2206/1/2 2218/1/2
f 2207/1/2 2208/1/2 2219/1/2
f 2219/1/2 2208/1/2 2220/1/2
f 2209/1/2 2210/1/2 2221/1/2
f 2221/1/2 2210/1/2 2222/1/2
f 2211/1/2 2212/1/2 2223/1/2
f 2223/1/2 2212/1/2 2224/1/2
f 2225/2/2 2226/2/2 2229/2/2
f 2229/2/2 2226/2/2 2230/2/2
f 2227/2/2 2228/2/2 2231/2/2
f 2231/2/2 2228/2/2 2232/2/2
f 2233/2/2 2234/2/2 2237/2/2
f 2237/2/2 2234/2/2 2238/2/2
f 2235/2/2 2236/2/2 2239/2/2
f 2239/2/2 2236/2/2 2240/2/2
f 2241/2/2 2242/2/2 2245/2/2
f 2242/1/2 2243/1/2 2246/1/2
f 2245/2/2 2242/2/2 2246/2/2
f 2243/2/2 2244/2/2 2247/2/2
f 2246/1/2 2243/1/2 2247/1/2
f 2247/2/2 2244/2/2 2248/2/2
f 2249/1/2 2250/1/2 2261/1/2
f 2261/1/2 2250/1/2 2262/1/2
f 2251/1/2 2252/1/2 2263/1/2
f 2263/1/2 2252/1/2 2264/1/2
f 2253/1/2 2254/1/2 2265/1/2
f 2265/1/2 2254/1/2 2266/1/2
f 2255/1/2 2256/1/2 2267/1/2
f 2267/1/2 2256/1/2 2268/1/2
f 2257/1/2 2258/1/2 2269/1/2
f 2269/1/2 2258/1/2 2270/1/2
f 2259/1/2 2260/1/2 2271/1/2
f 2271/1/2 2260/1/2 2272/1/2
f 2273/2/2 2274/2/2 2277/2/2
f 2277/2/2 2274/2/2 2278/2/2
f 2275/2/2 2276/2/2 2279/2/2
f 2279/2/2 2276/2/2 2280/2/2
f 2281/2/2 2282/2/2 2285/2/2
f 2285/2/2 2282/2/2 2286/2/2
f 2283/2/2 2284/2/2 2287/2/2
f 2287/2/2 2284/2/2 2288/2/2
f 2289/2/2 2290/2/2 2293/2/2
f 2290/1/2 2291/1/2 2294/1/2
f 2293/2/2 2290/2/2 2294/2/2
f 2291/2/2 2292/2/2 2295/2/2
f 2294/1/2 2291/1/2 2295/1/2
f 2295/2/2 2292/2/2 2296/2/2
f 2297/1/2 2298/1/2 2309/1/2
f 2309/1/2 2298/1/2 2310/1/2
f 2299/1/2 2300/1/2 2311/1/2
f 2311/1/2 2300/1/2 2312/1/2
f 2301/1/2 2302/1/2 2313/1/2
f 2313/1/2 2302/1/2 2314/1/2
f 2303/1/2 2304/1/2 2315/1/2
f 2315/1/2 2304/1/2 2316/1/2
f 2305/1/2 2306/1/2 2317/1/2
f 2317/1/2 2306/1/2 2318/1/2
f 2307/1/2 2308/1/2 2319/1/2
f 2319/1/2 2308/1/2 2320/1/2
f 2321/2/2 2322/2/2 2325/2/2
f 2325/2/2 2322/2/2 2326/2/2
f 2323/2/2 2324/2/2 2327/2/2
f 2327/2/2 2324/2/2 2328/2/2
f 2329/2/2 2330/2/2 2333/2/2
f 2333/2/2 2330/2/2 2334/2/2
f 2331/2/2 2332/2/2 2335/2/2
f 2335/2/2 2332/2/2 2336/2/2
f 2337/2/2 2338/2/2 2341/2/2
f 2338/1/2 2339/1/2 2342/1/2
f 2341/2/2 2338/2/2 2342/2/2
f 2339/2/2 2340/2/2 2343/2/2
f 2342/1/2 2339/1/2 2343/1/2
f 2343/2/2 2340/2/2 2344/2/2
f 2345/1/2 2346/1/2 2357/1/2
f 2357/1/2 2346/1/2 2358/1/2
f 2347/1/2 2348/1/2 2359/1/2
f 2359/1/2 2348/1/2 2360/1/2
f 2349/1/2 2350/1/2 2361/1/2
f 2361/1/2 2350/1/2 2362/1/2
f 2351/1/2 2352/1/2 2363/1/2
f 2363/1/2 2352/1/2 2364/1/2
f 2353/1/2 2354/1/2 2365/1/2
f 2365/1/2 2354/1/2 2366/1/2
f 2355/1/2 2356/1/2 2367/1/2
f 2367/1/2 2356/1/2 2368/1/2
f 2369/2/2 2370/2/2 2373/2/2
f 2373/2/2 2370/2/2 2374/2/2
f 2371/2/2 2372/2/2 2375/2/2
f 2375/2/2 2372/2/2 2376/2/2
f 2377/2/2 2378/2/2 2381/2/2
f 2381/2/2 2378/2/2 2382/2/2
f 2379/2/2 2380/2/2 2383/2/2
f 2383/2/2 2380/2/2 2384/2/2
f 2385/2/2 2386/2/2 2389/2/2
f 2386/1/2 2387/1/2 2390/1/2
f 2389/2/2 2386/2/2 2390/2/2
f 2387/2/2 2388/2/2 2391/2/2
f 2390/1/2 2387/1/2 2391/1/2
f 2391/2/2 2388/2/2 2392/2/2
f 2393/1/2 2394/1/2 2405/1/2
f 2405/1/2 2394/1/2 2406/1/2
f 2395/1/2 2396/1/2 2407/1/2
f 2407/1/2 2396/1/2 2408/1/2
f 2397/1/2 2398/1/2 2409/1/2
f 2409/1/2 2398/1/2 2410/1/2
f 2399/1/2 2400/1/2 2411/1/2
f 2411/1/2 2400/1/2 2412/1/2
f 2401/1/2 2402/1/2 2413/1/2
f 2413/1/2 2402/1/2 2414/1/2
f 2403/1/2 2404/1/2 2415/1/2
f 2415/1/2 2404/1/2 2416/1/2
f 2417/2/2 2418/2/2 2421/2/2
f 2421/2/2 2418/2/2 2422/2/2
f 2419/2/2 2420/2/2 2423/2/2
f 2423/2/2 2420/2/2 2424/2/2
f 2425/2/2 2426/2/2 2429/2/2
f 2429/2/2 2426/2/2 2430/2/2
f 2427/2/2 2428/2/2 2431/2/2
f 2431/2/2 2428/2/2 2432/2/2
f 2433/2/2 2434/2/2 2437/2/2
f 2434/1/2 2435/1/2 2438/1/2
f 2437/2/2 2434/2/2 2438/2/2
f 2435/2/2 2436/2/2 2439/2/2
f 2438/1/2 2435/1/2 2439/1/2
f 2439/2/2 2436/2/2 2440/2/2
f 2441/1/2 2442/1/2 2453/1/2
f 2453/1/2 2442/1/2 2454/1/2
f 2443/1/2 2444/1/2 2455/1/2
f 2455/1/2 2444/1/2 2456/1/2
f 2445/1/2 2446/1/2 2457/1/2
f 2457/1/2 2446/1/2 2458/1/2
f 2447/1/2 2448/1/2 2459/1/2
f 2459/1/2 2448/1/2 2460/1/2
f 2449/1/2 2450/1/2 2461/1/2
f 2461/1/2 2450/1/2 2462/1/2
f 2451/1/2 2452/1/2 2463/1/2
f 2463/1/2 2452/1/2 2464/1/2
f 2465/2/2 2466/2/2 2469/2/2
f 2469/2/2 2466/2/2 2470/2/2
f 2467/2/2 2468/2/2 2471/2/2
f 2471/2/2 2468/2/2 2472/2/2
f 2473/2/2 2474/2/2 2477/2/2
f 2477/2/2 2474/2/2 2478/2/2
f 2475/2/2 2476/2/2 2479/2/2
f 2479/2/2 2476/2/2 2480/2/2
f 2481/2/2 2482/2/2 2485/2/2
f 2482/1/2 2483/1/2 2486/1/2
f 2485/2/2 2482/2/2 2486/2/2
f 2483/2/2 2484/2/2 2487/2/2
f 2486/1/2 2483/1/2 2487/1/2
f 2487/2/2 2484/2/2 2488/2/2
f 2491/2/3 2490/2/3 2489/2/3
f 2493/2/3 2492/2/3 2491/2/3
f 2495/2/3 2491/2/3 2489/2/3
f 2495/2/3 2494/2/3 2493/2/3
f 2495/2/3 2493/2/3 2491/2/3
f 2496/2/3 2494/2/3 2495/2/3
f 2497/2/3 2494/2/3 2496/2/3
f 2499/2/3 2498/2/3 2497/2/3
f 2499/2/3 2497/2/3 2496/2/3
f 2500/2/3 2498/2/3 2499/2/3
f 2501/2/3 2498/2/3 2500/2/3
f 2503/2/3 2502/2/3 2501/2/3
f 2503/2/3 2501/2/3 2500/2/3
f 2504/2/3 2502/2/3 2503/2/3
f 2505/2/3 2502/2/3 2504/2/3
f 2507/2/3 2506/2/3 2505/2/3
f 2507/2/3 2505/2/3 2504/2/3
f 2508/2/3 2506/2/3 2507/2/3
f 2509/2/3 2506/2/3 2508/2/3
f 2511/2/3 2510/2/3 2509/2/3
f 2511/2/3 2509/2/3 2508/2/3
f 2512/2/3 2510/2/3 2511/2/3
f 2513/2/3 2510/2/3 2512/2/3
f 2515/2/3 2514/2/3 2513/2/3
f 2515/2/3 2513/2/3 2512/2/3
f 2516/2/3 2514/2/3 2515/2/3
f 2517/2/3 2514/2/3 2516/2/3
f 2519/2/3 2518/2/3 2517/2/3
f 2519/2/3 2517/2/3 2516/2/3
f 2520/2/3 2518/2/3 2519/2/3
f 2521/2/3 2518/2/3 2520/2/3
f 2523/2/3 2522/2/3 2521/2/3
f 2523/2/3 2521/2/3 2520/2/3
f 2524/2/3 2522/2/3 2523/2/3
f 2525/2/3 2522/2/3 2524/2/3
f 2527/2/3 2526/2/3 2525/2/3
f 2527/2/3 2525/2/3 2524/2/3
f 2528/2/3 2526/2/3 2527/2/3
f 2529/2/3 2526/2/3 2528/2/3
f 2531/2/3 2530/2/3 2529/2/3
f 2531/2/3 2529/2/3 2528/2/3
f 2532/2/3 2530/2/3 2531/2/3
f 2533/2/3 2530/2/3 2532/2/3
f 2535/2/3 2534/2/3 2533/2/3
f 2535/2/3 2533/2/3 2532/2/3
f 2536/2/3 2534/2/3 2535/2/3
f 2537/2/3 2534/2/3 2536/2/3
f 2539/2/3 2538/2/3 2537/2/3
f 2539/2/3 2537/2/3 2536/2/3
f 2540/2/3 2538/2/3 2539/2/3
f 2541/2/3 2538/2/3 2540/2/3
f 2543/2/3 2542/2/3 2541/2/3
f 2543/2/3 2541/2/3 2540/2/3
f 2544/2/3 2542/2/3 2543/2/3
f 2545/2/3 2542/2/3 2544/2/3
f 2547/2/3 2546/2/3 2545/2/3
f 2547/2/3 2545/2/3 2544/2/3
f 2548/2/3 2546/2/3 2547/2/3
f 2549/2/3 2546/2/3 2548/2/3
f 2551/2/3 2550/2/3 2549/2/3
f 2551/2/3 2549/2/3 2548/2/3
f 2552/2/3 2550/2/3 2551/2/3
f 2553/2/3 2550/2/3 2552/2/3
f 2555/2/3 2554/2/3 2553/2/3
f 2555/2/3 2553/2/3 2552/2/3
f 2556/2/3 2554/2/3 2555/2/3
f 2557/2/3 2554/2/3 2556/2/3
f 2559/2/3 2558/2/3 2557/2/3
f 2559/2/3 2557/2/3 2556/2/3
f 2560/2/3 2558/2/3 2559/2/3
f 2561/2/3 2558/2/3 2560/2/3
f 2563/2/3 2562/2/3 2561/2/3
f 2563/2/3 2561/2/3 2560/2/3
f 2564/2/3 2562/2/3 2563/2/3
f 2565/2/3 2562/2/3 2564/2/3
f 2567/2/3 2566/2/3 2565/2/3
f 2567/2/3 2565/2/3 2564/2/3
f 2568/2/3 2566/2/3 2567/2/3
f 2569/2/3 2566/2/3 2568/2/3
f 2571/2/3 2570/2/3 2569/2/3
f 2571/2/3 2569/2/3 2568/2/3
f 2572/2/3 2570/2/3 2571/2/3
f 2573/2/3 2570/2/3 2572/2/3
f 2575/2/3 2574/2/3 2573/2/3
f 2575/2/3 2573/2/3 2572/2/3
f 2576/2/3 2574/2/3 2575/2/3
f 2577/2/3 2574/2/3 2576/2/3
f 2579/2/3 2578/2/3 2577/2/3
f 2579/2/3 2577/2/3 2576/2/3
f 2580/2/3 2578/2/3 2579/2/3
f 2581/2/3 2578/2/3 2580/2/3
f 2583/2/3 2582/2/3 2581/2/3
f 2583/2/3 2581/2/3 2580/2/3
f 2584/2/3 2582/2/3 2583/2/3
f 2585/2/3 2582/2/3 2584/2/3
f 2587/2/3 2586/2/3 2585/2/3
f 2587/2/3 2585/2/3 2584/2/3
f 2588/2/3 2586/2/3 2587/2/3
f 2589/2/3 2586/2/3 2588/2/3
f 2591/2/3 2590/2/3 2589/2/3
f 2591/2/3 2589/2/3 2588/2/3
f 2592/2/3 2590/2/3 2591/2/3
f 2593/2/3 2590/2/3 2592/2/3
f 2595/2/3 2594/2/3 2593/2/3
f 2595/2/3 2593/2/3 2592/2/3
f 2596/2/3 2594/2/3 2595/2/3
f 2597/2/3 2594/2/3 2596/2/3
f 2599/2/3 2598/2/3 2597/2/3
f 2599/2/3 2597/2/3 2596/2/3
f 2600/2/3 2598/2/3 2599/2/3
f 2601/2/3 2598/2/3 2600/2/3
f 2603/2/3 2602/2/3 2601/2/3
f 2603/2/3 2601/2/3 2600/2/3
f 2604/2/3 2602/2/3 2603/2/3
f 2605/2/3 2602/2/3 2604/2/3
f 2607/2/3 2606/2/3 2605/2/3
f 2607/2/3 2605/2/3 2604/2/3
f 2608/2/3 2606/2/3 2607/2/3
f 2609/2/3 2606/2/3 2608/2/3
f 2611/2/3 2610/2/3 2609/2/3
f 2611/2/3 2609/2/3 2608/2/3
f 2612/2/3 2610/2/3 2611/2/3
f 2613/2/3 2610/2/3 2612/2/3
f 2615/2/3 2614/2/3 2613/2/3
f 2615/2/3 2613/2/3 2612/2/3
f 2616/2/3 2614/2/3 2615/2/3
f 2617/2/3 2614/2/3 2616/2/3
f 2619/2/3 2618/2/3 2617/2/3
f 2619/2/3 2617/2/3 2616/2/3
f 2620/2/3 2618/2/3 2619/2/3
f 2621/2/3 2618/2/3 2620/2/3
f 2623/2/3 2622/2/3 2621/2/3
f 2623/2/3 2621/2/3 2620/2/3
f 2624/2/3 2622/2/3 2623/2/3
f 2625/2/3 2622/2/3 2624/2/3
f 2627/2/3 2626/2/3 2625/2/3
f 2627/2/3 2625/2/3 2624/2/3
f 2628/2/3 2626/2/3 2627/2/3
f 2629/2/3 2626/2/3 2628/2/3
f 2631/2/3 2630/2/3 2629/2/3
f 2631/2/3 2629/2/3 2628/2/3
f 2632/2/3 2630/2/3 2631/2/3
f 2633/2/3 2630/2/3 2632/2/3
f 2635/2/3 2634/2/3 2633/2/3
f 2635/2/3 2633/2/3 2632/2/3
f 2636/2/3 2634/2/3 2635/2/3
f 2637/2/3 2634/2/3 2636/2/3
f 2639/2/3 2638/2/3 2637/2/3
f 2639/2/3 2637/2/3 2636/2/3
f 2640/2/3 2638/2/3 2639/2/3
f 2641/2/3 2638/2/3 2640/2/3
f 2643/2/3 2642/2/3 2641/2/3
f 2643/2/3 2641/2/3 2640/2/3
f 2644/2/3 2642/2/3 2643/2/3
f 2645/2/3 2642/2/3 2644/2/3
f 2647/2/3 2646/2/3 2645/2/3
f 2647/2/3 2645/2/3 2644/2/3
f 2648/2/3 2646/2/3 2647/2/3
f 2649/2/3 2646/2/3 2648/2/3
f 2651/2/3 2650/2/3 2649/2/3
f 2651/2/3 2649/2/3 2648/2/3
f 2652/2/3 2650/2/3 2651/2/3
f 2653/2/3 2650/2/3 2652/2/3
f 2655/2/3 2654/2/3 2653/2/3
f 2655/2/3 2653/2/3 2652/2/3
f 2656/2/3 2654/2/3 2655/2/3
f 2657/2/3 2654/2/3 2656/2/3
f 2659/2/3 2658/2/3 2657/2/3
f 2659/2/3 2657/2/3 2656/2/3
f 2660/2/3 2658/2/3 2659/2/3
f 2661/2/3 2658/2/3 2660/2/3
f 2663/2/3 2662/2/3 2661/2/3
f 2663/2/3 2661/2/3 2660/2/3
f 2664/2/3 2662/2/3 2663/2/3
f 2665/2/3 2662/2/3 2664/2/3
f 2667/2/3 2666/2/3 2665/2/3
f 2667/2/3 2665/2/3 2664/2/3
f 2668/2/3 2666/2/3 2667/2/3
f 2669/2/3 2666/2/3 2668/2/3
f 2671/2/3 2670/2/3 2669/2/3
f 2671/2/3 2669/2/3 2668/2/3
f 2672/2/3 2670/2/3 2671/2/3
f 2673/2/3 2670/2/3 2672/2/3
f 2675/2/3 2674/2/3 2673/2/3
f 2675/2/3 2673/2/3 2672/2/3
f 2676/2/3 2674/2/3 2675/2/3
f 2677/2/3 2674/2/3 2676/2/3
f 2679/2/3 2678/2/3 2677/2/3
f 2679/2/3 2677/2/3 2676/2/3
f 2680/2/3 2678/2/3 2679/2/3
f 2681/2/3 2678/2/3 2680/2/3
f 2683/2/3 2682/2/3 2681/2/3
f 2683/2/3 2681/2/3 2680/2/3
f 2684/2/3 2682/2/3 2683/2/3
f 2685/2/3 2682/2/3 2684/2/3
f 2687/2/3 2686/2/3 2685/2/3
f 2687/2/3 2685/2/3 2684/2/3
f 2688/2/3 2686/2/3 2687/2/3
f 2689/2/3 2686/2/3 2688/2/3
f 2691/2/3 2690/2/3 2689/2/3
f 2691/2/3 2689/2/3 2688/2/3
f 2692/2/3 2690/2/3 2691/2/3
f 2693/2/3 2690/2/3 2692/2/3
f 2695/2/3 2694/2/3 2693/2/3
f 2695/2/3 2693/2/3 2692/2/3
f 2696/2/3 2694/2/3 2695/2/3
f 2697/2/3 2694/2/3 2696/2/3
f 2699/2/3 2698/2/3 2697/2/3
f 2699/2/3 2697/2/3 2696/2/3
f 2700/2/3 2698/2/3 2699/2/3
f 2701/2/3 2698/2/3 2700/2/3
f 2703/2/3 2702/2/3 2701/2/3
f 2703/2/3 2701/2/3 2700/2/3
f 2704/2/3 2702/2/3 2703/2/3
f 2705/2/3 2702/2/3 2704/2/3
f 2707/2/3 2706/2/3 2705/2/3
f 2707/2/3 2705/2/3 2704/2/3
f 2708/2/3 2706/2/3 2707/2/3
f 2709/2/3 2706/2/3 2708/2/3
f 2711/2/3 2710/2/3 2709/2/3
f 2711/2/3 2709/2/3 2708/2/3
f 2712/2/3 2710/2/3 2711/2/3
f 2713/2/3 2710/2/3 2712/2/3
f 2715/2/3 2714/2/3 2713/2/3
f 2715/2/3 2713/2/3 2712/2/3
f 2716/2/3 2714/2/3 2715/2/3
f 2717/2/3 2714/2/3 2716/2/3
f 2719/2/3 2718/2/3 2717/2/3
f 2719/2/3 2717/2/3 2716/2/3
f 2720/2/3 2718/2/3 2719/2/3
f 2721/2/3 2718/2/3 2720/2/3
f 2723/2/3 2722/2/3 2721/2/3
f 2723/2/3 2721/2/3 2720/2/3
f 2724/2/3 2722/2/3 2723/2/3
f 2725/2/3 2722/2/3 2724/2/3
f 2727/2/3 2726/2/3 2725/2/3
f 2727/2/3 2725/2/3 2724/2/3
f 2728/2/3 2726/2/3 2727/2/3
f 2729/2/3 2726/2/3 2728/2/3
f 2731/2/3 2730/2/3 2729/2/3
f 2731/2/3 2729/2/3 2728/2/3
f 2732/2/3 2730/2/3 2731/2/3
f 2733/2/3 2730/2/3 2732/2/3
f 2735/2/3 2734/2/3 2733/2/3
f 2735/2/3 2733/2/3 2732/2/3
f 2736/2/3 2734/2/3 2735/2/3
f 2737/2/3 2734/2/3 2736/2/3
f 2739/2/3 2738/2/3 2737/2/3
f 2739/2/3 2737/2/3 2736/2/3
f 2740/2/3 2738/2/3 2739/2/3
f 2741/2/3 2738/2/3 2740/2/3
f 2743/2/3 2742/2/3 2741/2/3
f 2743/2/3 2741/2/3 2740/2/3
f 2744/2/3 2742/2/3 2743/2/3
f 2745/2/3 2742/2/3 2744/2/3
f 2747/2/3 2746/2/3 2745/2/3
f 2747/2/3 2745/2/3 2744/2/3
f 2748/2/3 2746/2/3 2747/2/3
f 2749/2/3 2746/2/3 2748/2/3
f 2751/2/3 2750/2/3 2749/2/3
f 2751/2/3 2749/2/3 2748/2/3
f 2752/2/3 2750/2/3 2751/2/3
f 2753/2/3 2750/2/3 2752/2/3
f 2755/2/3 2754/2/3 2753/2/3
f 2755/2/3 2753/2/3 2752/2/3
f 2756/2/3 2754/2/3 2755/2/3
f 2757/2/3 2754/2/3 2756/2/3
f 2759/2/3 2758/2/3 2757/2/3
f 2759/2/3 2757/2/3 2756/2/3
f 2760/2/3 2758/2/3 2759/2/3
f 2761/2/3 2758/2/3 2760/2/3
f 2763/2/3 2762/2/3 2761/2/3
f 2763/2/3 2761/2/3 2760/2/3
f 2764/2/3 2762/2/3 2763/2/3
f 2765/2/3 2762/2/3 2764/2/3
f 2767/2/3 2766/2/3 2765/2/3
f 2767/2/3 2765/2/3 2764/2/3
f 2768/2/3 2766/2/3 2767/2/3
f 2769/2/3 2766/2/3 2768/2/3
f 2771/2/3 2770/2/3 2769/2/3
f 2771/2/3 2769/2/3 2768/2/3
f 2772/2/3 2770/2/3 2771/2/3
f 2773/2/3 2770/2/3 2772/2/3
f 2775/2/3 2774/2/3 2773/2/3
f 2775/2/3 2773/2/3 2772/2/3
f 2776/2/3 2774/2/3 2775/2/3
f 2777/2/3 2774/2/3 2776/2/3
f 2779/2/3 2778/2/3 2777/2/3
f 2779/2/3 2777/2/3 2776/2/3
f 2780/2/3 2778/2/3 2779/2/3
f 2781/2/3 2778/2/3 2780/2/3
f 2783/2/3 2782/2/3 2781/2/3
f 2783/2/3 2781/2/3 2780/2/3
f 2784/2/3 2782/2/3 2783/2/3
f 2785/2/3 2782/2/3 2784/2/3
f 2787/2/3 2786/2/3 2785/2/3
f 2787/2/3 2785/2/3 2784/2/3
f 2788/2/3 2786/2/3 2787/2/3
f 2789/2/3 2786/2/3 2788/2/3
f 2791/2/3 2790/2/3 2789/2/3
f 2791/2/3 2789/2/3 2788/2/3
f 2792/2/3 2790/2/3 2791/2/3
f 2793/2/3 2790/2/3 2792/2/3
f 2794/2/3 2790/2/3 2793/2/3
f 2795/2/3 2790/2/3 2794/2/3
f 2796/2/3 2790/2/3 2795/2/3
f 2797/2/3 2790/2/3 2796/2/3
f 2798/2/3 2790/2/3 2797/2/3
f 2801/1/3 2800/1/3 2799/1/3
f 2802/1/3 2800/1/3 2801/1/3
f 2805/1/3 2804/1/3 2803/1/3
f 2806/1/3 2804/1/3 2805/1/3
f 2809/1/3 2808/1/3 2807/1/3
f 2810/1/3 2808/1/3 2809/1/3
f 2813/1/3 2812/1/3 2811/1/3
f 2814/1/3 2812/1/3 2813/1/3
f 2817/1/3 2816/1/3 2815/1/3
f 2818/1/3 2816/1/3 2817/1/3
f 2821/1/3 2820/1/3 2819/1/3
f 2822/1/3 2820/1/3 2821/1/3
f 2825/1/3 2824/1/3 2823/1/3
f 2826/1/3 2824/1/3 2825/1/3
f 2829/1/3 2828/1/3 2827/1/3
f 2830/1/3 2828/1/3 2829/1/3
f 2833/1/3 2832/1/3 2831/1/3
f 2834/1/3 2832/1/3 2833/1/3
f 2837/1/3 2836/1/3 2835/1/3
f 2838/1/3 2836/1/3 2837/1/3
f 2841/1/3 2840/1/3 2839/1/3
f 2842/1/3 2840/1/3 2841/1/3
f 2845/1/3 2844/1/3 2843/1/3
f 2846/1/3 2844/1/3 2845/1/3
f 2849/1/3 2848/1/3 2847/1/3
f 2850/1/3 2848/1/3 2849/1/3
f 2853/1/3 2852/1/3 2851/1/3
f 2854/1/3 2852/1/3 2853/1/3
f 2857/1/3 2856/1/3 2855/1/3
f 2858/1/3 2856/1/3 2857/1/3
f 2861/1/3 2860/1/3 2859/1/3
f 2862/1/3 2860/1/3 2861/1/3
f 2865/1/3 2864/1/3 2863/1/3
f 2866/1/3 2864/1/3 2865/1/3
f 2869/1/3 2868/1/3 2867/1/3
f 2870/1/3 2868/1/3 2869/1/3
f 2873/1/3 2872/1/3 2871/1/3
f 2874/1/3 2872/1/3 2873/1/3
f 2877/1/3 2876/1/3 2875/1/3
f 2878/1/3 2876/1/3 2877/1/3
f 2881/1/3 2880/1/3 2879/1/3
f 2882/1/3 2880/1/3 2881/1/3
f 2885/1/3 2884/1/3 2883/1/3
f 2886/1/3 2884/1/3 2885/1/3
f 2889/1/3 2888/1/3 2887/1/3
f 2890/1/3 2888/1/3 2889/1/3
f 2893/1/3 2892/1/3 2891/1/3
f 2894/1/3 2892/1/3 2893/1/3
f 2897/1/3 2896/1/3 2895/1/3
f 2898/1/3 2896/1/3 2897/1/3
f 2901/1/3 2900/1/3 2899/1/3
f 2902/1/3 2900/1/3 2901/1/3
f 2905/1/3 2904/1/3 2903/1/3
f 2906/1/3 2904/1/3 2905/1/3
f 2909/1/3 2908/1/3 2907/1/3
f 2910/1/3 2908/1/3 2909/1/3
f 2913/1/3 2912/1/3 2911/1/3
f 2914/1/3 2912/1/3 2913/1/3
f 2917/1/3 2916/1/3 2915/1/3
f 2918/1/3 2916/1/3 2917/1/3
f 2921/1/3 2920/1/3 2919/1/3
f 2922/1/3 2920/1/3 2921/1/3
f 2925/1/3 2924/1/3 2923/1/3
f 2926/1/3 2924/1/3 2925/1/3
f 2929/1/3 2928/1/3 2927/1/3
f 2930/1/3 2928/1/3 2929/1/3
f 2933/1/3 2932/1/3 2931/1/3
f 2934/1/3 2932/1/3 2933/1/3
f 2937/1/3 2936/1/3 2935/1/3
f 2938/1/3 2936/1/3 2937/1/3
f 2941/1/3 2940/1/3 2939/1/3
f 2942/1/3 2940/1/3 2941/1/3
f 2945/1/3 2944/1/3 2943/1/3
f 2946/1/3 2944/1/3 2945/1/3
f 2949/1/3 2948/1/3 2947/1/3
f 2950/1/3 2948/1/3 2949/1/3
f 2953/1/3 2952/1/3 2951/1/3
f 2954/1/3 2952/1/3 2953/1/3
f 2957/1/3 2956/1/3 2955/1/3
f 2958/1/3 2956/1/3 2957/1/3
f 2961/1/3 2960/1/3 2959/1/3
f 2962/1/3 2960/1/3 2961/1/3
f 2965/1/3 2964/1/3 2963/1/3
f 2966/1/3 2964/1/3 2965/1/3
f 2969/1/3 2968/1/3 2967/1/3
f 2970/1/3 2968/1/3 2969/1/3
f 2973/1/3 2972/1/3 2971/1/3
f 2974/1/3 2972/1/3 2973/1/3
f 2977/1/3 2976/1/3 2975/1/3
f 2978/1/3 2976/1/3 2977/1/3
f 2981/1/3 2980/1/3 2979/1/3
f 2982/1/3 2980/1/3 2981/1/3
f 2985/1/3 2984/1/3 2983/1/3
f 2986/1/3 2984/1/3 2985/1/3
f 2989/1/3 2988/1/3 2987/1/3
f 2990/1/3 2988/1/3 2989/1/3
f 2993/1/3 2992/1/3 2991/1/3
f 2994/1/3 2992/1/3 2993/1/3
f 2997/1/3 2996/1/3 2995/1/3
f 2998/1/3 2996/1/3 2997/1/3
f 3001/1/3 3000/1/3 2999/1/3
f 3002/1/3 3000/1/3 3001/1/3
f 3005/1/3 3004/1/3 3003/1/3
f 3006/1/3 3004/1/3 3005/1/3
f 3009/1/3 3008/1/3 3007/1/3
f 3010/1/3 3008/1/3 3009/1/3
f 3013/1/3 3012/1/3 3011/1/3
f 3014/1/3 3012/1/3 3013/1/3
f 3017/1/3 3016/1/3 3015/1/3
f 3018/1/3 3016/1/3 3017/1/3
f 3021/1/3 3020/1/3 3019/1/3
f 3022/1/3 3020/1/3 3021/1/3
f 3025/1/3 3024/1/3 3023/1/3
f 3026/1/3 3024/1/3 3025/1/3
f 3029/1/3 3028/1/3 3027/1/3
f 3030/1/3 3028/1/3 3029/1/3
f 3033/1/3 3032/1/3 3031/1/3
f 3034/1/3 3032/1/3 3033/1/3
f 3037/1/3 3036/1/3 3035/1/3
f 3038/1/3 3036/1/3 3037/1/3
f 3041/1/3 3040/1/3 3039/1/3
f 3042/1/3 3040/1/3 3041/1/3
f 3045/1/3 3044/1/3 3043/1/3
f 3046/1/3 3044/1/3 3045/1/3
f 3049/1/3 3048/1/3 3047/1/3
f 3050/1/3 3048/1/3 3049/1/3
f 3053/1/3 3052/1/3 3051/1/3
f 3054/1/3 3052/1/3 3053/1/3
f 3057/1/3 3056/1/3 3055/1/3
f 3058/1/3 3056/1/3 3057/1/3
f 3061/1/3 3060/1/3 3059/1/3
f 3062/1/3 3060/1/3 3061/1/3
f 3065/1/3 3064/1/3 3063/1/3
f 3066/1/3 3064/1/3 3065/1/3
f 3069/1/3 3068/1/3 3067/1/3
f 3070/1/3 3068/1/3 3069/1/3
f 3073/1/3 3072/1/3 3071/1/3
f 3074/1/3 3072/1/3 3073/1/3
f 3077/1/3 3076/1/3 3075/1/3
f 3078/1/3 3076/1/3 3077/1/3
f 3081/1/3 3080/1/3 3079/1/3
f 3082/1/3 3080/1/3 3081/1/3
f 3085/1/3 3084/1/3 3083/1/3
f 3086/1/3 3084/1/3 3085/1/3
f 3089/1/3 3088/1/3 3087/1/3
f 3090/1/3 3088/1/3 3089/1/3
f 3093/1/3 3092/1/3 3091/1/3
f 3094/1/3 3092/1/3 3093/1/3
f 3097/1/3 3096/1/3 3095/1/3
f 3098/1/3 3096/1/3 3097/1/3
f 3101/1/3 3100/1/3 3099/1/3
f 3102/1/3 3100/1/3 3101/1/3
f 3105/1/3 3104/1/3 3103/1/3
f 3106/1/3 3104/1/3 3105/1/3
f 3109/1/3 3108/1/3 3107/1/3
f 3110/1/3 3108/1/3 3109/1/3
f 3113/1/3 3112/1/3 3111/1/3
f 3114/1/3 3112/1/3 3113/1/3
f 3117/1/3 3116/1/3 3115/1/3
f 3118/1/3 3116/1/3 3117/1/3
f 3121/1/3 3120/1/3 3119/1/3
f 3122/1/3 3120/1/3 3121/1/3
f 3125/1/3 3124/1/3 3123/1/3
f 3126/1/3 3124/1/3 3125/1/3
f 3129/1/3 3128/1/3 3127/1/3
f 3130/1/3 3128/1/3 3129/1/3
f 3133/1/3 3132/1/3 3131/1/3
f 3134/1/3 3132/1/3 3133/1/3
f 3137/1/3 3136/1/3 3135/1/3
f 3138/1/3 3136/1/3 3137/1/3
f 3141/1/3 3140/1/3 3139/1/3
f 3142/1/3 3140/1/3 3141/1/3
f 3145/1/3 3144/1/3 3143/1/3
f 3146/1/3 3144/1/3 3145/1/3
f 3149/1/3 3148/1/3 3147/1/3
f 3150/1/3 3148/1/3 3149/1/3
f 3153/1/3 3152/1/3 3151/1/3
f 3154/1/3 3152/1/3 3153/1/3
f 3157/1/3 3156/1/3 3155/1/3
f 3158/1/3 3156/1/3 3157/1/3
f 3161/1/3 3160/1/3 3159/1/3
f 3162/1/3 3160/1/3 3161/1/3
f 3165/1/3 3164/1/3 3163/1/3
f 3166/1/3 3164/1/3 3165/1/3
f 3169/1/3 3168/1/3 3167/1/3
f 3170/1/3 3168/1/3 3169/1/3
f 3173/1/3 3172/1/3 3171/1/3
f 3174/1/3 3172/1/3 3173/1/3
f 3177/1/3 3176/1/3 3175/1/3
f 3178/1/3 3176/1/3 3177/1/3
f 3181/1/3 3180/1/3 3179/1/3
f 3182/1/3 3180/1/3 3181/1/3
f 3185/1/3 3184/1/3 3183/1/3
f 3186/1/3 3184/1/3 3185/1/3
f 3189/1/3 3188/1/3 3187/1/3
f 3190/1/3 3188/1/3 3189/1/3
f 3193/1/3 3192/1/3 3191/1/3
f 3194/1/3 3192/1/3 3193/1/3
f 3197/1/3 3196/1/3 3195/1/3
f 3198/1/3 3196/1/3 3197/1/3
f 3201/1/3 3200/1/3 3199/1/3
f 3202/1/3 3200/1/3 3201/1/3
f 3205/1/3 3204/1/3 3203/1/3
f 3206/1/3 3204/1/3 3205/1/3
f 3209/1/3 3208/1/3 3207/1/3
f 3210/1/3 3208/1/3 3209/1/3
f 3213/1/3 3212/1/3 3211/1/3
f 3214/1/3 3212/1/3 3213/1/3
f 3217/1/3 3216/1/3 3215/1/3
f 3218/1/3 3216/1/3 3217/1/3
f 3221/1/3 3220/1/3 3219/1/3
f 3222/1/3 3220/1/3 3221/1/3
f 3225/1/3 3224/1/3 3223/1/3
f 3226/1/3 3224/1/3 3225/1/3
f 3229/1/3 3228/1/3 3227/1/3
f 3230/1/3 3228/1/3 3229/1/3
f 3233/1/3 3232/1/3 3231/1/3
f 3234/1/3 3232/1/3 3233/1/3
f 3237/1/3 3236/1/3 3235/1/3
f 3238/1/3 3236/1/3 3237/1/3
f 3241/1/3 3240/1/3 3239/1/3
f 3242/1/3 3240/1/3 3241/1/3
f 3245/1/3 3244/1/3 3243/1/3
f 3246/1/3 3244/1/3 3245/1/3
f 3249/1/3 3248/1/3 3247/1/3
f 3250/1/3 3248/1/3 3249/1/3
f 3253/1/3 3252/1/3 3251/1/3
f 3254/1/3 3252/1/3 3253/1/3
f 3257/1/3 3256/1/3 3255/1/3
f 3258/1/3 3256/1/3 3257/1/3
f 3261/1/3 3260/1/3 3259/1/3
f 3262/1/3 3260/1/3 3261/1/3
f 3265/1/3 3264/1/3 3263/1/3
f 3266/1/3 3264/1/3 3265/1/3
f 3269/1/3 3268/1/3 3267/1/3
f 3270/1/3 3268/1/3 3269/1/3
f 3273/1/3 3272/1/3 3271/1/3
f 3274/1/3 3272/1/3 3273/1/3
f 3277/1/3 3276/1/3 3275/1/3
f 3278/1/3 3276/1/3 3277/1/3
f 3281/1/3 3280/1/3 3279/1/3
f 3282/1/3 3280/1/3 3281/1/3
f 3285/1/3 3284/1/3 3283/1/3
f 3286/1/3 3284/1/3 3285/1/3
f 3289/1/3 3288/1/3 3287/1/3
f 3290/1/3 3288/1/3 3289/1/3
f 3293/1/3 3292/1/3 3291/1/3
f 3294/1/3 3292/1/3 3293/1/3
f 3297/1/3 3296/1/3 3295/1/3
f 3298/1/3 3296/1/3 3297/1/3
f 3301/1/3 3300/1/3 3299/1/3
f 3302/1/3 3300/1/3 3301/1/3
f 3305/1/3 3304/1/3 3303/1/3
f 3306/1/3 3304/1/3 3305/1/3
f 3309/1/3 3308/1/3 3307/1/3
f 3310/1/3 3308/1/3 3309/1/3
f 3313/1/3 3312/1/3 3311/1/3
f 3314/1/3 3312/1/3 3313/1/3
f 3317/1/3 3316/1/3 3315/1/3
f 3318/1/3 3316/1/3 3317/1/3
f 3321/1/3 3320/1/3 3319/1/3
f 3322/1/3 3320/1/3 3321/1/3
f 3325/1/3 3324/1/3 3323/1/3
f 3326/1/3 3324/1/3 3325/1/3
f 3329/1/3 3328/1/3 3327/1/3
f 3330/1/3 3328/1/3 3329/1/3
f 3333/1/3 3332/1/3 3331/1/3
f 3334/1/3 3332/1/3 3333/1/3
f 3337/1/3 3336/1/3 3335/1/3
f 3338/1/3 3336/1/3 3337/1/3
f 3341/1/3 3340/1/3 3339/1/3
f 3342/1/3 3340/1/3 3341/1/3
f 3345/1/3 3344/1/3 3343/1/3
f 3346/1/3 3344/1/3 3345/1/3
f 3349/1/3 3348/1/3 3347/1/3
f 3350/1/3 3348/1/3 3349/1/3
f 3353/1/3 3352/1/3 3351/1/3
f 3354/1/3 3352/1/3 3353/1/3
f 3357/1/3 3356/1/3 3355/1/3
f 3358/1/3 3356/1/3 3357/1/3
f 3361/1/3 3360/1/3 3359/1/3
f 3362/1/3 3360/1/3 3361/1/3
f 3365/1/3 3364/1/3 3363/1/3
f 3366/1/3 3364/1/3 3365/1/3
f 3369/1/3 3368/1/3 3367/1/3
f 3370/1/3 3368/1/3 3369/1/3
f 3373/1/3 3372/1/3 3371/1/3
f 3374/1/3 3372/1/3 3373/1/3
f 3377/1/3 3376/1/3 3375/1/3
f 3378/1/3 3376/1/3 3377/1/3
f 3381/1/3 3380/1/3 3379/1/3
f 3382/1/3 3380/1/3 3381/1/3
f 3385/1/3 3384/1/3 3383/1/3
f 3386/1/3 3384/1/3 3385/1/3
f 3389/1/3 3388/1/3 3387/1/3
f 3390/1/3 3388/1/3 3389/1/3
f 3393/1/3 3392/1/3 3391/1/3
f 3394/1/3 3392/1/3 3393/1/3
f 3397/1/3 3396/1/3 3395/1/3
f 3398/1/3 3396/1/3 3397/1/3
f 3401/1/3 3400/1/3 3399/1/3
f 3402/1/3 3400/1/3 3401/1/3
f 3405/1/3 3404/1/3 3403/1/3
f 3406/1/3 3404/1/3 3405/1/3
f 3409/1/3 3408/1/3 3407/1/3
f 3410/1/3 3408/1/3 3409/1/3
f 3413/1/3 3412/1/3 3411/1/3
f 3414/1/3 3412/1/3 3413/1/3
f 3417/1/3 3416/1/3 3415/1/3
f 3418/1/3 3416/1/3 3417/1/3
f 3421/1/3 3420/1/3 3419/1/3
f 3422/1/3 3420/1/3 3421/1/3
f 3425/2/3 3424/2/3 3423/2/3
f 3428/2/3 3425/2/3 3423/2/3
f 3429/2/3 3425/2/3 3428/2/3
f 3430/2/3 3427/2/3 3426/2/3
f 3432/2/3 3425/2/3 3429/2/3
f 3433/2/3 3425/2/3 3432/2/3
f 3434/2/3 3431/2/3 3430/2/3
f 3435/2/3 3430/2/3 3426/2/3
f 3435/2/3 3434/2/3 3430/2/3
f 3438/2/3 3434/2/3 3435/2/3
f 3439/2/3 3434/2/3 3438/2/3
f 3440/2/3 3437/2/3 3436/2/3
f 3442/2/3 3434/2/3 3439/2/3
f 3443/2/3 3434/2/3 3442/2/3
f 3444/2/3 3441/2/3 3440/2/3
f 3445/2/3 3440/2/3 3436/2/3
f 3445/2/3 3444/2/3 3440/2/3
f 3448/2/3 3444/2/3 3445/2/3
f 3449/2/3 3444/2/3 3448/2/3
f 3450/2/3 3447/2/3 3446/2/3
f 3452/2/3 3444/2/3 3449/2/3
f 3453/2/3 3444/2/3 3452/2/3
f 3454/2/3 3451/2/3 3450/2/3
f 3455/2/3 3450/2/3 3446/2/3
f 3455/2/3 3454/2/3 3450/2/3
f 3458/2/3 3454/2/3 3455/2/3
f 3459/2/3 3454/2/3 3458/2/3
f 3460/2/3 3457/2/3 3456/2/3
f 3462/2/3 3454/2/3 3459/2/3
f 3463/2/3 3454/2/3 3462/2/3
f 3464/2/3 3461/2/3 3460/2/3
f 3465/2/3 3460/2/3 3456/2/3
f 3465/2/3 3464/2/3 3460/2/3
f 3468/2/3 3464/2/3 3465/2/3
f 3469/2/3 3464/2/3 3468/2/3
f 3470/2/3 3467/2/3 3466/2/3
f 3472/2/3 3464/2/3 3469/2/3
f 3473/2/3 3464/2/3 3472/2/3
f 3474/2/3 3471/2/3 3470/2/3
f 3475/2/3 3470/2/3 3466/2/3
f 3475/2/3 3474/2/3 3470/2/3
f 3478/2/3 3474/2/3 3475/2/3
f 3479/2/3 3474/2/3 3478/2/3
f 3480/2/3 3477/2/3 3476/2/3
f 3482/2/3 3474/2/3 3479/2/3
f 3483/2/3 3474/2/3 3482/2/3
f 3484/2/3 3481/2/3 3480/2/3
f 3485/2/3 3480/2/3 3476/2/3
f 3485/2/3 3484/2/3 3480/2/3
f 3488/2/3 3484/2/3 3485/2/3
f 3489/2/3 3484/2/3 3488/2/3
f 3490/2/3 3487/2/3 3486/2/3
f 3492/2/3 3484/2/3 3489/2/3
f 3493/2/3 3484/2/3 3492/2/3
f 3494/2/3 3491/2/3 3490/2/3
f 3495/2/3 3490/2/3 3486/2/3
f 3495/2/3 3494/2/3 3490/2/3
f 3498/2/3 3494/2/3 3495/2/3
f 3499/2/3 3494/2/3 3498/2/3
f 3500/2/3 3497/2/3 3496/2/3
f 3502/2/3 3494/2/3 3499/2/3
f 3503/2/3 3494/2/3 3502/2/3
f 3504/2/3 3501/2/3 3500/2/3
f 3505/2/3 3500/2/3 3496/2/3
f 3505/2/3 3504/2/3 3500/2/3
f 3508/2/3 3504/2/3 3505/2/3
f 3509/2/3 3504/2/3 3508/2/3
f 3510/2/3 3507/2/3 3506/2/3
f 3512/2/3 3504/2/3 3509/2/3
f 3513/2/3 3504/2/3 3512/2/3
f 3514/2/3 3511/2/3 3510/2/3
f 3515/2/3 3510/2/3 3506/2/3
f 3515/2/3 3514/2/3 3510/2/3
f 3518/2/3 3514/2/3 3515/2/3
f 3519/2/3 3514/2/3 3518/2/3
f 3520/2/3 3517/2/3 3516/2/3
f 3522/2/3 3514/2/3 3519/2/3
f 3523/2/3 3514/2/3 3522/2/3
f 3524/2/3 3521/2/3 3520/2/3
f 3525/2/3 3520/2/3 3516/2/3
f 3525/2/3 3524/2/3 3520/2/3
f 3528/2/3 3524/2/3 3525/2/3
f 3529/2/3 3524/2/3 3528/2/3
f 3530/2/3 3527/2/3 3526/2/3
f 3532/2/3 3524/2/3 3529/2/3
f 3533/2/3 3524/2/3 3532/2/3
f 3534/2/3 3531/2/3 3530/2/3
f 3535/2/3 3530/2/3 3526/2/3
f 3535/2/3 3534/2/3 3530/2/3
f 3538/2/3 3534/2/3 3535/2/3
f 3539/2/3 3534/2/3 3538/2/3
f 3540/2/3 3537/2/3 3536/2/3
f 3542/2/3 3534/2/3 3539/2/3
f 3543/2/3 3534/2/3 3542/2/3
f 3544/2/3 3541/2/3 3540/2/3
f 3545/2/3 3540/2/3 3536/2/3
f 3545/2/3 3544/2/3 3540/2/3
f 3548/2/3 3544/2/3 3545/2/3
f 3549/2/3 3544/2/3 3548/2/3
f 3550/2/3 3547/2/3 3546/2/3
f 3552/2/3 3544/2/3 3549/2/3
f 3553/2/3 3544/2/3 3552/2/3
f 3554/2/3 3551/2/3 3550/2/3
f 3555/2/3 3550/2/3 3546/2/3
f 3555/2/3 3554/2/3 3550/2/3
f 3558/2/3 3554/2/3 3555/2/3
f 3559/2/3 3554/2/3 3558/2/3
f 3560/2/3 3557/2/3 3556/2/3
f 3562/2/3 3554/2/3 3559/2/3
f 3563/2/3 3554/2/3 3562/2/3
f 3564/2/3 3561/2/3 3560/2/3
f 3565/2/3 3560/2/3 3556/2/3
f 3565/2/3 3564/2/3 3560/2/3
f 3568/2/3 3564/2/3 3565/2/3
f 3569/2/3 3564/2/3 3568/2/3
f 3570/2/3 3567/2/3 3566/2/3
f 3572/2/3 3564/2/3 3569/2/3
f 3573/2/3 3564/2/3 3572/2/3
f 3574/2/3 3571/2/3 3570/2/3
f 3575/2/3 3570/2/3 3566/2/3
f 3575/2/3 3574/2/3 3570/2/3
f 3578/2/3 3574/2/3 3575/2/3
f 3579/2/3 3574/2/3 3578/2/3
f 3580/2/3 3577/2/3 3576/2/3
f 3582/2/3 3574/2/3 3579/2/3
f 3583/2/3 3574/2/3 3582/2/3
f 3584/2/3 3581/2/3 3580/2/3
f 3585/2/3 3580/2/3 3576/2/3
f 3585/2/3 3584/2/3 3580/2/3
f 3588/2/3 3584/2/3 3585/2/3
f 3589/2/3 3584/2/3 3588/2/3
f 3590/2/3 3587/2/3 3586/2/3
f 3592/2/3 3584/2/3 3589/2/3
f 3593/2/3 3584/2/3 3592/2/3
f 3594/2/3 3591/2/3 3590/2/3
f 3595/2/3 3590/2/3 3586/2/3
f 3595/2/3 3594/2/3 3590/2/3
f 3598/2/3 3594/2/3 3595/2/3
f 3599/2/3 3594/2/3 3598/2/3
f 3600/2/3 3597/2/3 3596/2/3
f 3602/2/3 3594/2/3 3599/2/3
f 3603/2/3 3594/2/3 3602/2/3
f 3604/2/3 3601/2/3 3600/2/3
f 3605/2/3 3600/2/3 3596/2/3
f 3605/2/3 3604/2/3 3600/2/3
f 3608/2/3 3604/2/3 3605/2/3
f 3609/2/3 3604/2/3 3608/2/3
f 3610/2/3 3607/2/3 3606/2/3
f 3612/2/3 3604/2/3 3609/2/3
f 3613/2/3 3604/2/3 3612/2/3
f 3614/2/3 3611/2/3 3610/2/3
f 3615/2/3 3610/2/3 3606/2/3
f 3615/2/3 3614/2/3 3610/2/3
f 3618/2/3 3614/2/3 3615/2/3
f 3619/2/3 3614/2/3 3618/2/3
f 3620/2/3 3617/2/3 3616/2/3
f 3622/2/3 3614/2/3 3619/2/3
f 3623/2/3 3614/2/3 3622/2/3
f 3624/2/3 3621/2/3 3620/2/3
f 3625/2/3 3620/2/3 3616/2/3
f 3625/2/3 3624/2/3 3620/2/3
f 3628/2/3 3624/2/3 3625/2/3
f 3629/2/3 3624/2/3 3628/2/3
f 3630/2/3 3627/2/3 3626/2/3
f 3632/2/3 3624/2/3 3629/2/3
f 3633/2/3 3624/2/3 3632/2/3
f 3634/2/3 3631/2/3 3630/2/3
f 3635/2/3 3630/2/3 3626/2/3
f 3635/2/3 3634/2/3 3630/2/3
f 3638/2/3 3634/2/3 3635/2/3
f 3639/2/3 3634/2/3 3638/2/3
f 3640/2/3 3637/2/3 3636/2/3
f 3642/2/3 3634/2/3 3639/2/3
f 3643/2/3 3634/2/3 3642/2/3
f 3644/2/3 3641/2/3 3640/2/3
f 3645/2/3 3640/2/3 3636/2/3
f 3645/2/3 3644/2/3 3640/2/3
f 3648/2/3 3644/2/3 3645/2/3
f 3649/2/3 3644/2/3 3648/2/3
f 3650/2/3 3647/2/3 3646/2/3
f 3652/2/3 3644/2/3 3649/2/3
f 3653/2/3 3644/2/3 3652/2/3
f 3654/2/3 3651/2/3 3650/2/3
f 3655/2/3 3650/2/3 3646/2/3
f 3655/2/3 3654/2/3 3650/2/3
f 3658/2/3 3654/2/3 3655/2/3
f 3659/2/3 3654/2/3 3658/2/3
f 3660/2/3 3657/2/3 3656/2/3
f 3662/2/3 3654/2/3 3659/2/3
f 3663/2/3 3654/2/3 3662/2/3
f 3664/2/3 3661/2/3 3660/2/3
f 3665/2/3 3660/2/3 3656/2/3
f 3665/2/3 3664/2/3 3660/2/3
f 3668/2/3 3664/2/3 3665/2/3
f 3669/2/3 3664/2/3 3668/2/3
f 3670/2/3 3667/2/3 3666/2/3
f 3672/2/3 3664/2/3 3669/2/3
f 3673/2/3 3664/2/3 3672/2/3
f 3674/2/3 3671/2/3 3670/2/3
f 3675/2/3 3670/2/3 3666/2/3
f 3675/2/3 3674/2/3 3670/2/3
f 3676/2/3 3674/2/3 3675/2/3
f 3677/2/3 3674/2/3 3676/2/3
f 3678/2/3 3674/2/3 3677/2/3
f 3679/2/3 3674/2/3 3678/2/3
f 3680/2/4 3681/2/4 3682/2/4
f 3680/2/4 3682/2/4 3685/2/4
f 3685/2/4 3682/2/4 3686/2/4
f 3683/2/4 3684/2/4 3687/2/4
f 3686/2/4 3682/2/4 3689/2/4
f 3689/2/4 3682/2/4 3690/2/4
f 3687/2/4 3688/2/4 3691/2/4
f 3683/2/4 3687/2/4 3692/2/4
f 3687/2/4 3691/2/4 3692/2/4
f 3692/2/4 3691/2/4 3695/2/4
f 3695/2/4 3691/2/4 3696/2/4
f 3693/2/4 3694/2/4 3697/2/4
f 3696/2/4 3691/2/4 3699/2/4
f 3699/2/4 3691/2/4 3700/2/4
f 3697/2/4 3698/2/4 3701/2/4
f 3693/2/4 3697/2/4 3702/2/4
f 3697/2/4 3701/2/4 3702/2/4
f 3702/2/4 3701/2/4 3705/2/4
f 3705/2/4 3701/2/4 3706/2/4
f 3703/2/4 3704/2/4 3707/2/4
f 3706/2/4 3701/2/4 3709/2/4
f 3709/2/4 3701/2/4 3710/2/4
f 3707/2/4 3708/2/4 3711/2/4
f 3703/2/4 3707/2/4 3712/2/4
f 3707/2/4 3711/2/4 3712/2/4
f 3712/2/4 3711/2/4 3715/2/4
f 3715/2/4 3711/2/4 3716/2/4
f 3713/2/4 3714/2/4 3717/2/4
f 3716/2/4 3711/2/4 3719/2/4
f 3719/2/4 3711/2/4 3720/2/4
f 3717/2/4 3718/2/4 3721/2/4
f 3713/2/4 3717/2/4 3722/2/4
f 3717/2/4 3721/2/4 3722/2/4
f 3722/2/4 3721/2/4 3725/2/4
f 3725/2/4 3721/2/4 3726/2/4
f 3723/2/4 3724/2/4 3727/2/4
f 3726/2/4 3721/2/4 3729/2/4
f 3729/2/4 3721/2/4 3730/2/4
f 3727/2/4 3728/2/4 3731/2/4
f 3723/2/4 3727/2/4 3732/2/4
f 3727/2/4 3731/2/4 3732/2/4
f 3732/2/4 3731/2/4 3735/2/4
f 3735/2/4 3731/2/4 3736/2/4
f 3733/2/4 3734/2/4 3737/2/4
f 3736/2/4 3731/2/4 3739/2/4
f 3739/2/4 3731/2/4 3740/2/4
f 3737/2/4 3738/2/4 3741/2/4
f 3733/2/4 3737/2/4 3742/2/4
f 3737/2/4 3741/2/4 3742/2/4
f 3742/2/4 3741/2/4 3745/2/4
f 3745/2/4 3741/2/4 3746/2/4
f 3743/2/4 3744/2/4 3747/2/4
f 3746/2/4 3741/2/4 3749/2/4
f 3749/2/4 3741/2/4 3750/2/4
f 3747/2/4 3748/2/4 3751/2/4
f 3743/2/4 3747/2/4 3752/2/4
f 3747/2/4 3751/2/4 3752/2/4
f 3752/2/4 3751/2/4 3755/2/4
f 3755/2/4 3751/2/4 3756/2/4
f 3753/2/4 3754/2/4 3757/2/4
f 3756/2/4 3751/2/4 3759/2/4
f 3759/2/4 3751/2/4 3760/2/4
f 3757/2/4 3758/2/4 3761/2/4
f 3753/2/4 3757/2/4 3762/2/4
f 3757/2/4 3761/2/4 3762/2/4
f 3762/2/4 3761/2/4 3765/2/4
f 3765/2/4 3761/2/4 3766/2/4
f 3763/2/4 3764/2/4 3767/2/4
f 3766/2/4 3761/2/4 3769/2/4
f 3769/2/4 3761/2/4 3770/2/4
f 3767/2/4 3768/2/4 3771/2/4
f 3763/2/4 3767/2/4 3772/2/4
f 3767/2/4 3771/2/4 3772/2/4
f 3772/2/4 3771/2/4 3775/2/4
f 3775/2/4 3771/2/4 3776/2/4
f 3773/2/4 3774/2/4 3777/2/4
f 3776/2/4 3771/2/4 3779/2/4
f 3779/2/4 3771/2/4 3780/2/4
f 3777/2/4 3778/2/4 3781/2/4
f 3773/2/4 3777/2/4 3782/2/4
f 3777/2/4 3781/2/4 3782/2/4
f 3782/2/4 3781/2/4 3785/2/4
f 3785/2/4 3781/2/4 3786/2/4
f 3783/2/4 3784/2/4 3787/2/4
f 3786/2/4 3781/2/4 3789/2/4
f 3789/2/4 3781/2/4 3790/2/4
f 3787/2/4 3788/2/4 3791/2/4
f 3783/2/4 3787/2/4 3792/2/4
f 3787/2/4 3791/2/4 3792/2/4
f 3792/2/4 3791/2/4 3795/2/4
f 3795/2/4 3791/2/4 3796/2/4
f 3793/2/4 3794/2/4 3797/2/4
f 3796/2/4 3791/2/4 3799/2/4
f 3799/2/4 3791/2/4 3800/2/4
f 3797/2/4 3798/2/4 3801/2/4
f 3793/2/4 3797/2/4 3802/2/4
f 3797/2/4 3801/2/4 3802/2/4
f 3802/2/4 3801/2/4 3805/2/4
f 3805/2/4 3801/2/4 3806/2/4
f 3803/2/4 3804/2/4 3807/2/4
f 3806/2/4 3801/2/4 3809/2/4
f 3809/2/4 3801/2/4 3810/2/4
f 3807/2/4 3808/2/4 3811/2/4
f 3803/2/4 3807/2/4 3812/2/4
f 3807/2/4 3811/2/4 3812/2/4
f 3812/2/4 3811/2/4 3815/2/4
f 3815/2/4 3811/2/4 3816/2/4
f 3813/2/4 3814/2/4 3817/2/4
f 3816/2/4 3811/2/4 3819/2/4
f 3819/2/4 3811/2/4 3820/2/4
f 3817/2/4 3818/2/4 3821/2/4
f 3813/2/4 3817/2/4 3822/2/4
f 3817/2/4 3821/2/4 3822/2/4
f 3822/2/4 3821/2/4 3825/2/4
f 3825/2/4 3821/2/4 3826/2/4
f 3823/2/4 3824/2/4 3827/2/4
f 3826/2/4 3821/2/4 3829/2/4
f 3829/2/4 3821/2/4 3830/2/4
f 3827/2/4 3828/2/4 3831/2/4
f 3823/2/4 3827/2/4 3832/2/4
f 3827/2/4 3831/2/4 3832/2/4
f 3832/2/4 3831/2/4 3835/2/4
f 3835/2/4 3831/2/4 3836/2/4
f 3833/2/4 3834/2/4 3837/2/4
f 3836/2/4 3831/2/4 3839/2/4
f 3839/2/4 3831/2/4 3840/2/4
f 3837/2/4 3838/2/4 3841/2/4
f 3833/2/4 3837/2/4 3842/2/4
f 3837/2/4 3841/2/4 3842/2/4
f 3842/2/4 3841/2/4 3845/2/4
f 3845/2/4 3841/2/4 3846/2/4
f 3843/2/4 3844/2/4 3847/2/4
f 3846/2/4 3841/2/4 3849/2/4
f 3849/2/4 3841/2/4 3850/2/4
f 3847/2/4 3848/2/4 3851/2/4
f 3843/2/4 3847/2/4 3852/2/4
f 3847/2/4 3851/2/4 3852/2/4
f 3852/2/4 3851/2/4 3855/2/4
f 3855/2/4 3851/2/4 3856/2/4
f 3853/2/4 3854/2/4 3857/2/4
f 3856/2/4 3851/2/4 3859/2/4
f 3859/2/4 3851/2/4 3860/2/4
f 3857/2/4 3858/2/4 3861/2/4
f 3853/2/4 3857/2/4 3862/2/4
f 3857/2/4 3861/2/4 3862/2/4
f 3862/2/4 3861/2/4 3865/2/4
f 3865/2/4 3861/2/4 3866/2/4
f 3863/2/4 3864/2/4 3867/2/4
f 3866/2/4 3861/2/4 3869/2/4
f 3869/2/4 3861/2/4 3870/2/4
f 3867/2/4 3868/2/4 3871/2/4
f 3863/2/4 3867/2/4 3872/2/4
f 3867/2/4 3871/2/4 3872/2/4
f 3872/2/4 3871/2/4 3875/2/4
f 3875/2/4 3871/2/4 3876/2/4
f 3873/2/4 3874/2/4 3877/2/4
f 3876/2/4 3871/2/4 3879/2/4
f 3879/2/4 3871/2/4 3880/2/4
f 3877/2/4 3878/2/4 3881/2/4
f 3873/2/4 3877/2/4 3882/2/4
f 3877/2/4 3881/2/4 3882/2/4
f 3882/2/4 3881/2/4 3885/2/4
f 3885/2/4 3881/2/4 3886/2/4
f 3883/2/4 3884/2/4 3887/2/4
f 3886/2/4 3881/2/4 3889/2/4
f 3889/2/4 3881/2/4 3890/2/4
f 3887/2/4 3888/2/4 3891/2/4
f 3883/2/4 3887/2/4 3892/2/4
f 3887/2/4 3891/2/4 3892/2/4
f 3892/2/4 3891/2/4 3895/2/4
f 3895/2/4 3891/2/4 3896/2/4
f 3893/2/4 3894/2/4 3897/2/4
f 3896/2/4 3891/2/4 3899/2/4
f 3899/2/4 3891/2/4 3900/2/4
f 3897/2/4 3898/2/4 3901/2/4
f 3893/2/4 3897/2/4 3902/2/4
f 3897/2/4 3901/2/4 3902/2/4
f 3902/2/4 3901/2/4 3905/2/4
f 3905/2/4 3901/2/4 3906/2/4
f 3903/2/4 3904/2/4 3907/2/4
f 3906/2/4 3901/2/4 3909/2/4
f 3909/2/4 3901/2/4 3910/2/4
f 3907/2/4 3908/2/4 3911/2/4
f 3903/2/4 3907/2/4 3912/2/4
f 3907/2/4 3911/2/4 3912/2/4
f 3912/2/4 3911/2/4 3915/2/4
f 3915/2/4 3911/2/4 3916/2/4
f 3913/2/4 3914/2/4 3917/2/4
f 3916/2/4 3911/2/4 3919/2/4
f 3919/2/4 3911/2/4 3920/2/4
f 3917/2/4 3918/2/4 3921/2/4
f 3913/2/4 3917/2/4 3922/2/4
f 3917/2/4 3921/2/4 3922/2/4
f 3922/2/4 3921/2/4 3925/2/4
f 3925/2/4 3921/2/4 3926/2/4
f 3923/2/4 3924/2/4 3927/2/4
f 3926/2/4 3921/2/4 3929/2/4
f 3929/2/4 3921/2/4 3930/2/4
f 3927/2/4 3928/2/4 3931/2/4
f 3923/2/4 3927/2/4 3932/2/4
f 3927/2/4 3931/2/4 3932/2/4
f 3932/2/4 3931/2/4 3933/2/4
f 3933/2/4 3931/2/4 3934/2/4
f 3934/2/4 3931/2/4 3935/2/4
f 3935/2/4 3931/2/4 3936/2/4
f 3937/1/4 3938/1/4 3939/1/4
f 3939/1/4 3938/1/4 3940/1/4
f 3941/1/4 3942/1/4 3943/1/4
f 3943/1/4 3942/1/4 3944/1/4
f 3945/1/4 3946/1/4 3947/1/4
f 3947/1/4 3946/1/4 3948/1/4
f 3949/1/4 3950/1/4 3951/1/4
f 3951/1/4 3950/1/4 3952/1/4
f 3953/1/4 3954/1/4 3955/1/4
f 3955/1/4 3954/1/4 3956/1/4
f 3957/1/4 3958/1/4 3959/1/4
f 3959/1/4 3958/1/4 3960/1/4
f 3961/1/4 3962/1/4 3963/1/4
f 3963/1/4 3962/1/4 3964/1/4
f 3965/1/4 3966/1/4 3967/1/4
f 3967/1/4 3966/1/4 3968/1/4
f 3969/1/4 3970/1/4 3971/1/4
f 3971/1/4 3970/1/4 3972/1/4
f 3973/1/4 3974/1/4 3975/1/4
f 3975/1/4 3974/1/4 3976/1/4
f 3977/1/4 3978/1/4 3979/1/4
f 3979/1/4 3978/1/4 3980/1/4
f 3981/1/4 3982/1/4 3983/1/4
f 3983/1/4 3982/1/4 3984/1/4
f 3985/1/4 3986/1/4 3987/1/4
f 3987/1/4 3986/1/4 3988/1/4
f 3989/1/4 3990/1/4 3991/1/4
f 3991/1/4 3990/1/4 3992/1/4
f 3993/1/4 3994/1/4 3995/1/4
f 3995/1/4 3994/1/4 3996/1/4
f 3997/1/4 3998/1/4 3999/1/4
f 3999/1/4 3998/1/4 4000/1/4
f 4001/1/4 4002/1/4 4003/1/4
f 4003/1/4 4002/1/4 4004/1/4
f 4005/1/4 4006/1/4 4007/1/4
f 4007/1/4 4006/1/4 4008/1/4
f 4009/1/4 4010/1/4 4011/1/4
f 4011/1/4 4010/1/4 4012/1/4
f 4013/1/4 4014/1/4 4015/1/4
f 4015/1/4 4014/1/4 4016/1/4
f 4017/1/4 4018/1/4 4019/1/4
f 4019/1/4 4018/1/4 4020/1/4
f 4021/1/4 4022/1/4 4023/1/4
f 4023/1/4 4022/1/4 4024/1/4
f 4025/1/4 4026/1/4 4027/1/4
f 4027/1/4 4026/1/4 4028/1/4
f 4029/1/4 4030/1/4 4031/1/4
f 4031/1/4 4030/1/4 4032/1/4
f 4033/1/4 4034/1/4 4035/1/4
f 4035/1/4 4034/1/4 4036/1/4
f 4037/1/4 4038/1/4 4039/1/4
f 4039/1/4 4038/1/4 4040/1/4
f 4041/1/4 4042/1/4 4043/1/4
f 4043/1/4 4042/1/4 4044/1/4
f 4045/1/4 4046/1/4 4047/1/4
f 4047/1/4 4046/1/4 4048/1/4
f 4049/1/4 4050/1/4 4051/1/4
f 4051/1/4 4050/1/4 4052/1/4
f 4053/1/4 4054/1/4 4055/1/4
f 4055/1/4 4054/1/4 4056/1/4
f 4057/1/4 4058/1/4 4059/1/4
f 4059/1/4 4058/1/4 4060/1/4
f 4061/1/4 4062/1/4 4063/1/4
f 4063/1/4 4062/1/4 4064/1/4
f 4065/1/4 4066/1/4 4067/1/4
f 4067/1/4 4066/1/4 4068/1/4
f 4069/1/4 4070/1/4 4071/1/4
f 4071/1/4 4070/1/4 4072/1/4
f 4073/1/4 4074/1/4 4075/1/4
f 4075/1/4 4074/1/4 4076/1/4
f 4077/1/4 4078/1/4 4079/1/4
f 4079/1/4 4078/1/4 4080/1/4
f 4081/1/4 4082/1/4 4083/1/4
f 4083/1/4 4082/1/4 4084/1/4
f 4085/1/4 4086/1/4 4087/1/4
f 4087/1/4 4086/1/4 4088/1/4
f 4089/1/4 4090/1/4 4091/1/4
f 4091/1/4 4090/1/4 4092/1/4
f 4093/1/4 4094/1/4 4095/1/4
f 4095/1/4 4094/1/4 4096/1/4
f 4097/1/4 4098/1/4 4099/1/4
f 4099/1/4 4098/1/4 4100/1/4
f 4101/1/4 4102/1/4 4103/1/4
f 4103/1/4 4102/1/4 4104/1/4
f 4105/1/4 4106/1/4 4107/1/4
f 4107/1/4 4106/1/4 4108/1/4
f 4109/1/4 4110/1/4 4111/1/4
f 4111/1/4 4110/1/4 4112/1/4
f 4113/1/4 4114/1/4 4115/1/4
f 4115/1/4 4114/1/4 4116/1/4
f 4117/1/4 4118/1/4 4119/1/4
f 4119/1/4 4118/1/4 4120/1/4
f 4121/1/4 4122/1/4 4123/1/4
f 4123/1/4 4122/1/4 4124/1/4
f 4125/1/4 4126/1/4 4127/1/4
f 4127/1/4 4126/1/4 4128/1/4
f 4129/1/4 4130/1/4 4131/1/4
f 4131/1/4 4130/1/4 4132/1/4
f 4133/1/4 4134/1/4 4135/1/4
f 4135/1/4 4134/1/4 4136/1/4
f 4137/1/4 4138/1/4 4139/1/4
f 4139/1/4 4138/1/4 4140/1/4
f 4141/1/4 4142/1/4 4143/1/4
f 4143/1/4 4142/1/4 4144/1/4
f 4145/1/4 4146/1/4 4147/1/4
f 4147/1/4 4146/1/4 4148/1/4
f 4149/1/4 4150/1/4 4151/1/4
f 4151/1/4 4150/1/4 4152/1/4
f 4153/1/4 4154/1/4 4155/1/4
f 4155/1/4 4154/1/4 4156/1/4
f 4157/1/4 4158/1/4 4159/1/4
f 4159/1/4 4158/1/4 4160/1/4
f 4161/1/4 4162/1/4 4163/1/4
f 4163/1/4 4162/1/4 4164/1/4
f 4165/1/4 4166/1/4 4167/1/4
f 4167/1/4 4166/1/4 4168/1/4
f 4169/1/4 4170/1/4 4171/1/4
f 4171/1/4 4170/1/4 4172/1/4
f 4173/1/4 4174/1/4 4175/1/4
f 4175/1/4 4174/1/4 4176/1/4
f 4177/1/4 4178/1/4 4179/1/4
f 4179/1/4 4178/1/4 4180/1/4
f 4181/1/4 4182/1/4 4183/1/4
f 4183/1/4 4182/1/4 4184/1/4
f 4185/1/4 4186/1/4 4187/1/4
f 4187/1/4 4186/1/4 4188/1/4
f 4189/1/4 4190/1/4 4191/1/4
f 4191/1/4 4190/1/4 4192/1/4
f 4193/1/4 4194/1/4 4195/1/4
f 4195/1/4 4194/1/4 4196/1/4
f 4197/1/4 4198/1/4 4199/1/4
f 4199/1/4 4198/1/4 4200/1/4
f 4201/1/4 4202/1/4 4203/1/4
f 4203/1/4 4202/1/4 4204/1/4
f 4205/1/4 4206/1/4 4207/1/4
f 4207/1/4 4206/1/4 4208/1/4
f 4209/1/4 4210/1/4 4211/1/4
f 4211/1/4 4210/1/4 4212/1/4
f 4213/1/4 4214/1/4 4215/1/4
f 4215/1/4 4214/1/4 4216/1/4
f 4217/1/4 4218/1/4 4219/1/4
f 4219/1/4 4218/1/4 4220/1/4
f 4221/1/4 4222/1/4 4223/1/4
f 4223/1/4 4222/1/4 4224/1/4
f 4225/1/4 4226/1/4 4227/1/4
f 4227/1/4 4226/1/4 4228/1/4
f 4229/1/4 4230/1/4 4231/1/4
f 4231/1/4 4230/1/4 4232/1/4
f 4233/1/4 4234/1/4 4235/1/4
f 4235/1/4 4234/1/4 4236/1/4
f 4237/1/4 4238/1/4 4239/1/4
f 4239/1/4 4238/1/4 4240/1/4
f 4241/1/4 4242/1/4 4243/1/4
f 4243/1/4 4242/1/4 4244/1/4
f 4245/1/4 4246/1/4 4247/1/4
f 4247/1/4 4246/1/4 4248/1/4
f 4249/1/4 4250/1/4 4251/1/4
f 4251/1/4 4250/1/4 4252/1/4
f 4253/1/4 4254/1/4 4255/1/4
f 4255/1/4 4254/1/4 4256/1/4
f 4257/1/4 4258/1/4 4259/1/4
f 4259/1/4 4258/1/4 4260/1/4
f 4261/1/4 4262/1/4 4263/1/4
f 4263/1/4 4262/1/4 4264/1/4
f 4265/1/4 4266/1/4 4267/1/4
f 4267/1/4 4266/1/4 4268/1/4
f 4269/1/4 4270/1/4 4271/1/4
f 4271/1/4 4270/1/4 4272/1/4
f 4273/1/4 4274/1/4 4275/1/4
f 4275/1/4 4274/1/4 4276/1/4
f 4277/1/4 4278/1/4 4279/1/4
f 4279/1/4 4278/1/4 4280/1/4
f 4281/1/4 4282/1/4 4283/1/4
f 4283/1/4 4282/1/4 4284/1/4
f 4285/1/4 4286/1/4 4287/1/4
f 4287/1/4 4286/1/4 4288/1/4
f 4289/1/4 4290/1/4 4291/1/4
f 4291/1/4 4290/1/4 4292/1/4
f 4293/1/4 4294/1/4 4295/1/4
f 4295/1/4 4294/1/4 4296/1/4
f 4297/1/4 4298/1/4 4299/1/4
f 4299/1/4 4298/1/4 4300/1/4
f 4301/1/4 4302/1/4 4303/1/4
f 4303/1/4 4302/1/4 4304/1/4
f 4305/1/4 4306/1/4 4307/1/4
f 4307/1/4 4306/1/4 4308/1/4
f 4309/1/4 4310/1/4 4311/1/4
f 4311/1/4 4310/1/4 4312/1/4
f 4313/1/4 4314/1/4 4315/1/4
f 4315/1/4 4314/1/4 4316/1/4
f 4317/1/4 4318/1/4 4319/1/4
f 4319/1/4 4318/1/4 4320/1/4
f 4321/1/4 4322/1/4 4323/1/4
f 4323/1/4 4322/1/4 4324/1/4
f 4325/1/4 4326/1/4 4327/1/4
f 4327/1/4 4326/1/4 4328/1/4
f 4329/1/4 4330/1/4 4331/1/4
f 4331/1/4 4330/1/4 4332/1/4
f 4333/1/4 4334/1/4 4335/1/4
f 4335/1/4 4334/1/4 4336/1/4
f 4337/1/4 4338/1/4 4339/1/4
f 4339/1/4 4338/1/4 4340/1/4
f 4341/1/4 4342/1/4 4343/1/4
f 4343/1/4 4342/1/4 4344/1/4
f 4345/1/4 4346/1/4 4347/1/4
f 4347/1/4 4346/1/4 4348/1/4
f 4349/1/4 4350/1/4 4351/1/4
f 4351/1/4 4350/1/4 4352/1/4
f 4353/1/4 4354/1/4 4355/1/4
f 4355/1/4 4354/1/4 4356/1/4
f 4357/1/4 4358/1/4 4359/1/4
f 4359/1/4 4358/1/4 4360/1/4
f 4361/1/4 4362/1/4 4363/1/4
f 4363/1/4 4362/1/4 4364/1/4
f 4365/1/4 4366/1/4 4367/1/4
f 4367/1/4 4366/1/4 4368/1/4
f 4369/1/4 4370/1/4 4371/1/4
f 4371/1/4 4370/1/4 4372/1/4
f 4373/1/4 4374/1/4 4375/1/4
f 4375/1/4 4374/1/4 4376/1/4
f 4377/1/4 4378/1/4 4379/1/4
f 4379/1/4 4378/1/4 4380/1/4
f 4381/1/4 4382/1/4 4383/1/4
f 4383/1/4 4382/1/4 4384/1/4
f 4385/1/4 4386/1/4 4387/1/4
f 4387/1/4 4386/1/4 4388/1/4
f 4389/1/4 4390/1/4 4391/1/4
f 4391/1/4 4390/1/4 4392/1/4
f 4393/1/4 4394/1/4 4395/1/4
f 4395/1/4 4394/1/4 4396/1/4
f 4397/1/4 4398/1/4 4399/1/4
f 4399/1/4 4398/1/4 4400/1/4
f 4401/1/4 4402/1/4 4403/1/4
f 4403/1/4 4402/1/4 4404/1/4
f 4405/1/4 4406/1/4 4407/1/4
f 4407/1/4 4406/1/4 4408/1/4
f 4409/1/4 4410/1/4 4411/1/4
f 4411/1/4 4410/1/4 4412/1/4
f 4413/1/4 4414/1/4 4415/1/4
f 4415/1/4 4414/1/4 4416/1/4
f 4417/1/4 4418/1/4 4419/1/4
f 4419/1/4 4418/1/4 4420/1/4
f 4421/1/4 4422/1/4 4423/1/4
f 4423/1/4 4422/1/4 4424/1/4
f 4425/1/4 4426/1/4 4427/1/4
f 4427/1/4 4426/1/4 4428/1/4
f 4429/1/4 4430/1/4 4431/1/4
f 4431/1/4 4430/1/4 4432/1/4
f 4433/1/4 4434/1/4 4435/1/4
f 4435/1/4 4434/1/4 4436/1/4
f 4437/1/4 4438/1/4 4439/1/4
f 4439/1/4 4438/1/4 4440/1/4
f 4441/1/4 4442/1/4 4443/1/4
f 4443/1/4 4442/1/4 4444/1/4
f 4445/1/4 4446/1/4 4447/1/4
f 4447/1/4 4446/1/4 4448/1/4
f 4449/1/4 4450/1/4 4451/1/4
f 4451/1/4 4450/1/4 4452/1/4
f 4453/1/4 4454/1/4 4455/1/4
f 4455/1/4 4454/1/4 4456/1/4
f 4457/1/4 4458/1/4 4459/1/4
f 4459/1/4 4458/1/4 4460/1/4
f 4461/1/4 4462/1/4 4463/1/4
f 4463/1/4 4462/1/4 4464/1/4
f 4465/1/4 4466/1/4 4467/1/4
f 4467/1/4 4466/1/4 4468/1/4
f 4469/1/4 4470/1/4 4471/1/4
f 4471/1/4 4470/1/4 4472/1/4
f 4473/1/4 4474/1/4 4475/1/4
f 4475/1/4 4474/1/4 4476/1/4
f 4477/1/4 4478/1/4 4479/1/4
f 4479/1/4 4478/1/4 4480/1/4
f 4481/1/4 4482/1/4 4483/1/4
f 4483/1/4 4482/1/4 4484/1/4
f 4485/1/4 4486/1/4 4487/1/4
f 4487/1/4 4486/1/4 4488/1/4
f 4489/1/4 4490/1/4 4491/1/4
f 4491/1/4 4490/1/4 4492/1/4
f 4493/1/4 4494/1/4 4495/1/4
f 4495/1/4 4494/1/4 4496/1/4
f 4497/1/4 4498/1/4 4499/1/4
f 4499/1/4 4498/1/4 4500/1/4
f 4501/1/4 4502/1/4 4503/1/4
f 4503/1/4 4502/1/4 4504/1/4
f 4505/1/4 4506/1/4 4507/1/4
f 4507/1/4 4506/1/4 4508/1/4
f 4509/1/4 4510/1/4 4511/1/4
f 4511/1/4 4510/1/4 4512/1/4
f 4513/1/4 4514/1/4 4515/1/4
f 4515/1/4 4514/1/4 4516/1/4
f 4517/1/4 4518/1/4 4519/1/4
f 4519/1/4 4518/1/4 4520/1/4
f 4521/1/4 4522/1/4 4523/1/4
f 4523/1/4 4522/1/4 4524/1/4
f 4525/1/4 4526/1/4 4527/1/4
f 4527/1/4 4526/1/4 4528/1/4
f 4529/1/4 4530/1/4 4531/1/4
f 4531/1/4 4530/1/4 4532/1/4
f 4533/1/4 4534/1/4 4535/1/4
f 4535/1/4 4534/1/4 4536/1/4
f 4537/1/4 4538/1/4 4539/1/4
f 4539/1/4 4538/1/4 4540/1/4
f 4541/1/4 4542/1/4 4543/1/4
f 4543/1/4 4542/1/4 4544/1/4
f 4545/1/4 4546/1/4 4547/1/4
f 4547/1/4 4546/1/4 4548/1/4
f 4549/1/4 4550/1/4 4551/1/4
f 4551/1/4 4550/1/4 4552/1/4
f 4553/1/4 4554/1/4 4555/1/4
f 4555/1/4 4554/1/4 4556/1/4
f 4557/1/4 4558/1/4 4559/1/4
f 4559/1/4 4558/1/4 4560/1/4
f 4561/2/4 4562/2/4 4563/2/4
f 4563/2/4 4564/2/4 4565/2/4
f 4561/2/4 4563/2/4 4567/2/4
f 4565/2/4 4566/2/4 4567/2/4
f 4563/2/4 4565/2/4 4567/2/4
f 4567/2/4 4566/2/4 4568/2/4
f 4568/2/4 4566/2/4 4569/2/4
f 4569/2/4 4570/2/4 4571/2/4
f 4568/2/4 4569/2/4 4571/2/4
f 4571/2/4 4570/2/4 4572/2/4
f 4572/2/4 4570/2/4 4573/2/4
f 4573/2/4 4574/2/4 4575/2/4
f 4572/2/4 4573/2/4 4575/2/4
f 4575/2/4 4574/2/4 4576/2/4
f 4576/2/4 4574/2/4 4577/2/4
f 4577/2/4 4578/2/4 4579/2/4
f 4576/2/4 4577/2/4 4579/2/4
f 4579/2/4 4578/2/4 4580/2/4
f 4580/2/4 4578/2/4 4581/2/4
f 4581/2/4 4582/2/4 4583/2/4
f 4580/2/4 4581/2/4 4583/2/4
f 4583/2/4 4582/2/4 4584/2/4
f 4584/2/4 4582/2/4 4585/2/4
f 4585/2/4 4586/2/4 4587/2/4
f 4584/2/4 4585/2/4 4587/2/4
f 4587/2/4 4586/2/4 4588/2/4
f 4588/2/4 4586/2/4 4589/2/4
f 4589/2/4 4590/2/4 4591/2/4
f 4588/2/4 4589/2/4 4591/2/4
f 4591/2/4 4590/2/4 4592/2/4
f 4592/2/4 4590/2/4 4593/2/4
f 4593/2/4 4594/2/4 4595/2/4
f 4592/2/4 4593/2/4 4595/2/4
f 4595/2/4 4594/2/4 4596/2/4
f 4596/2/4 4594/2/4 4597/2/4
f 4597/2/4 4598/2/4 4599/2/4
f 4596/2/4 4597/2/4 4599/2/4
f 4599/2/4 4598/2/4 4600/2/4
f 4600/2/4 4598/2/4 4601/2/4
f 4601/2/4 4602/2/4 4603/2/4
f 4600/2/4 4601/2/4 4603/2/4
f 4603/2/4 4602/2/4 4604/2/4
f 4604/2/4 4602/2/4 4605/2/4
f 4605/2/4 4606/2/4 4607/2/4
f 4604/2/4 4605/2/4 4607/2/4
f 4607/2/4 4606/2/4 4608/2/4
f 4608/2/4 4606/2/4 4609/2/4
f 4609/2/4 4610/2/4 4611/2/4
f 4608/2/4 4609/2/4 4611/2/4
f 4611/2/4 4610/2/4 4612/2/4
f 4612/2/4 4610/2/4 4613/2/4
f 4613/2/4 4614/2/4 4615/2/4
f 4612/2/4 4613/2/4 4615/2/4
f 4615/2/4 4614/2/4 4616/2/4
f 4616/2/4 4614/2/4 4617/2/4
f 4617/2/4 4618/2/4 4619/2/4
f 4616/2/4 4617/2/4 4619/2/4
f 4619/2/4 4618/2/4 4620/2/4
f 4620/2/4 4618/2/4 4621/2/4
f 4621/2/4 4622/2/4 4623/2/4
f 4620/2/4 4621/2/4 4623/2/4
f 4623/2/4 4622/2/4 4624/2/4
f 4624/2/4 4622/2/4 4625/2/4
f 4625/2/4 4626/2/4 4627/2/4
f 4624/2/4 4625/2/4 4627/2/4
f 4627/2/4 4626/2/4 4628/2/4
f 4628/2/4 4626/2/4 4629/2/4
f 4629/2/4 4630/2/4 4631/2/4
f 4628/2/4 4629/2/4 4631/2/4
f 4631/2/4 4630/2/4 4632/2/4
f 4632/2/4 4630/2/4 4633/2/4
f 4633/2/4 4634/2/4 4635/2/4
f 4632/2/4 4633/2/4 4635/2/4
f 4635/2/4 4634/2/4 4636/2/4
f 4636/2/4 4634/2/4 4637/2/4
f 4637/2/4 4638/2/4 4639/2/4
f 4636/2/4 4637/2/4 4639/2/4
f 4639/2/4 4638/2/4 4640/2/4
f 4640/2/4 4638/2/4 4641/2/4
f 4641/2/4 4642/2/4 4643/2/4
f 4640/2/4 4641/2/4 4643/2/4
f 4643/2/4 4642/2/4 4644/2/4
f 4644/2/4 4642/2/4 4645/2/4
f 4645/2/4 4646/2/4 4647/2/4
f 4644/2/4 4645/2/4 4647/2/4
f 4647/2/4 4646/2/4 4648/2/4
f 4648/2/4 4646/2/4 4649/2/4
f 4649/2/4 4650/2/4 4651/2/4
f 4648/2/4 4649/2/4 4651/2/4
f 4651/2/4 4650/2/4 4652/2/4
f 4652/2/4 4650/2/4 4653/2/4
f 4653/2/4 4654/2/4 4655/2/4
f 4652/2/4 4653/2/4 4655/2/4
f 4655/2/4 4654/2/4 4656/2/4
f 4656/2/4 4654/2/4 4657/2/4
f 4657/2/4 4658/2/4 4659/2/4
f 4656/2/4 4657/2/4 4659/2/4
f 4659/2/4 4658/2/4 4660/2/4
f 4660/2/4 4658/2/4 4661/2/4
f 4661/2/4 4662/2/4 4663/2/4
f 4660/2/4 4661/2/4 4663/2/4
f 4663/2/4 4662/2/4 4664/2/4
f 4664/2/4 4662/2/4 4665/2/4
f 4665/2/4 4666/2/4 4667/2/4
f 4664/2/4 4665/2/4 4667/2/4
f 4667/2/4 4666/2/4 4668/2/4
f 4668/2/4 4666/2/4 4669/2/4
f 4669/2/4 4670/2/4 4671/2/4
f 4668/2/4 4669/2/4 4671/2/4
f 4671/2/4 4670/2/4 4672/2/4
f 4672/2/4 4670/2/4 4673/2/4
f 4673/2/4 4674/2/4 4675/2/4
f 4672/2/4 4673/2/4 4675/2/4
f 4675/2/4 4674/2/4 4676/2/4
f 4676/2/4 4674/2/4 4677/2/4
f 4677/2/4 4678/2/4 4679/2/4
f 4676/2/4 4677/2/4 4679/2/4
f 4679/2/4 4678/2/4 4680/2/4
f 4680/2/4 4678/2/4 4681/2/4
f 4681/2/4 4682/2/4 4683/2/4
f 4680/2/4 4681/2/4 4683/2/4
f 4683/2/4 4682/2/4 4684/2/4
f 4684/2/4 4682/2/4 4685/2/4
f 4685/2/4 4686/2/4 4687/2/4
f 4684/2/4 4685/2/4 4687/2/4
f 4687/2/4 4686/2/4 4688/2/4
f 4688/2/4 4686/2/4 4689/2/4
f 4689/2/4 4690/2/4 4691/2/4
f 4688/2/4 4689/2/4 4691/2/4
f 4691/2/4 4690/2/4 4692/2/4
f 4692/2/4 4690/2/4 4693/2/4
f 4693/2/4 4694/2/4 4695/2/4
f 4692/2/4 4693/2/4 4695/2/4
f 4695/2/4 4694/2/4 4696/2/4
f 4696/2/4 4694/2/4 4697/2/4
f 4697/2/4 4698/2/4 4699/2/4
f 4696/2/4 4697/2/4 4699/2/4
f 4699/2/4 4698/2/4 4700/2/4
f 4700/2/4 4698/2/4 4701/2/4
f 4701/2/4 4702/2/4 4703/2/4
f 4700/2/4 4701/2/4 4703/2/4
f 4703/2/4 4702/2/4 4704/2/4
f 4704/2/4 4702/2/4 4705/2/4
f 4705/2/4 4706/2/4 4707/2/4
f 4704/2/4 4705/2/4 4707/2/4
f 4707/2/4 4706/2/4 4708/2/4
f 4708/2/4 4706/2/4 4709/2/4
f 4709/2/4 4710/2/4 4711/2/4
f 4708/2/4 4709/2/4 4711/2/4
f 4711/2/4 4710/2/4 4712/2/4
f 4712/2/4 4710/2/4 4713/2/4
f 4713/2/4 4714/2/4 4715/2/4
f 4712/2/4 4713/2/4 4715/2/4
f 4715/2/4 4714/2/4 4716/2/4
f 4716/2/4 4714/2/4 4717/2/4
f 4717/2/4 4718/2/4 4719/2/4
f 4716/2/4 4717/2/4 4719/2/4
f 4719/2/4 4718/2/4 4720/2/4
f 4720/2/4 4718/2/4 4721/2/4
f 4721/2/4 4722/2/4 4723/2/4
f 4720/2/4 4721/2/4 4723/2/4
f 4723/2/4 4722/2/4 4724/2/4
f 4724/2/4 4722/2/4 4725/2/4
f 4725/2/4 4726/2/4 4727/2/4
f 4724/2/4 4725/2/4 4727/2/4
f 4727/2/4 4726/2/4 4728/2/4
f 4728/2/4 4726/2/4 4729/2/4
f 4729/2/4 4730/2/4 4731/2/4
f 4728/2/4 4729/2/4 4731/2/4
f 4731/2/4 4730/2/4 4732/2/4
f 4732/2/4 4730/2/4 4733/2/4
f 4733/2/4 4734/2/4 4735/2/4
f 4732/2/4 4733/2/4 4735/2/4
f 4735/2/4 4734/2/4 4736/2/4
f 4736/2/4 4734/2/4 4737/2/4
f 4737/2/4 4738/2/4 4739/2/4
f 4736/2/4 4737/2/4 4739/2/4
f 4739/2/4 4738/2/4 4740/2/4
f 4740/2/4 4738/2/4 4741/2/4
f 4741/2/4 4742/2/4 4743/2/4
f 4740/2/4 4741/2/4 4743/2/4
f 4743/2/4 4742/2/4 4744/2/4
f 4744/2/4 4742/2/4 4745/2/4
f 4745/2/4 4746/2/4 4747/2/4
f 4744/2/4 4745/2/4 4747/2/4
f 4747/2/4 4746/2/4 4748/2/4
f 4748/2/4 4746/2/4 4749/2/4
f 4749/2/4 4750/2/4 4751/2/4
f 4748/2/4 4749/2/4 4751/2/4
f 4751/2/4 4750/2/4 4752/2/4
f 4752/2/4 4750/2/4 4753/2/4
f 4753/2/4 4754/2/4 4755/2/4
f 4752/2/4 4753/2/4 4755/2/4
f 4755/2/4 4754/2/4 4756/2/4
f 4756/2/4 4754/2/4 4757/2/4
f 4757/2/4 4758/2/4 4759/2/4
f 4756/2/4 4757/2/4 4759/2/4
f 4759/2/4 4758/2/4 4760/2/4
f 4760/2/4 4758/2/4 4761/2/4
f 4761/2/4 4762/2/4 4763/2/4
f 4760/2/4 4761/2/4 4763/2/4
f 4763/2/4 4762/2/4 4764/2/4
f 4764/2/4 4762/2/4 4765/2/4
f 4765/2/4 4766/2/4 4767/2/4
f 4764/2/4 4765/2/4 4767/2/4
f 4767/2/4 4766/2/4 4768/2/4
f 4768/2/4 4766/2/4 4769/2/4
f 4769/2/4 4770/2/4 4771/2/4
f 4768/2/4 4769/2/4 4771/2/4
f 4771/2/4 4770/2/4 4772/2/4
f 4772/2/4 4770/2/4 4773/2/4
f 4773/2/4 4774/2/4 4775/2/4
f 4772/2/4 4773/2/4 4775/2/4
f 4775/2/4 4774/2/4 4776/2/4
f 4776/2/4 4774/2/4 4777/2/4
f 4777/2/4 4778/2/4 4779/2/4
f 4776/2/4 4777/2/4 4779/2/4
f 4779/2/4 4778/2/4 4780/2/4
f 4780/2/4 4778/2/4 4781/2/4
f 4781/2/4 4782/2/4 4783/2/4
f 4780/2/4 4781/2/4 4783/2/4
f 4783/2/4 4782/2/4 4784/2/4
f 4784/2/4 4782/2/4 4785/2/4
f 4785/2/4 4786/2/4 4787/2/4
f 4784/2/4 4785/2/4 4787/2/4
f 4787/2/4 4786/2/4 4788/2/4
f 4788/2/4 4786/2/4 4789/2/4
f 4789/2/4 4790/2/4 4791/2/4
f 4788/2/4 4789/2/4 4791/2/4
f 4791/2/4 4790/2/4 4792/2/4
f 4792/2/4 4790/2/4 4793/2/4
f 4793/2/4 4794/2/4 4795/2/4
f 4792/2/4 4793/2/4 4795/2/4
f 4795/2/4 4794/2/4 4796/2/4
f 4796/2/4 4794/2/4 4797/2/4
f 4797/2/4 4798/2/4 4799/2/4
f 4796/2/4 4797/2/4 4799/2/4
f 4799/2/4 4798/2/4 4800/2/4
f 4800/2/4 4798/2/4 4801/2/4
f 4801/2/4 4802/2/4 4803/2/4
f 4800/2/4 4801/2/4 4803/2/4
f 4803/2/4 4802/2/4 4804/2/4
f 4804/2/4 4802/2/4 4805/2/4
f 4805/2/4 4806/2/4 4807/2/4
f 4804/2/4 4805/2/4 4807/2/4
f 4807/2/4 4806/2/4 4808/2/4
f 4808/2/4 4806/2/4 4809/2/4
f 4809/2/4 4810/2/4 4811/2/4
f 4808/2/4 4809/2/4 4811/2/4
f 4811/2/4 4810/2/4 4812/2/4
f 4812/2/4 4810/2/4 4813/2/4
f 4813/2/4 4814/2/4 4815/2/4
f 4812/2/4 4813/2/4 4815/2/4
f 4815/2/4 4814/2/4 4816/2/4
f 4816/2/4 4814/2/4 4817/2/4
f 4817/2/4 4818/2/4 4819/2/4
f 4816/2/4 4817/2/4 4819/2/4
f 4819/2/4 4818/2/4 4820/2/4
f 4820/2/4 4818/2/4 4821/2/4
f 4821/2/4 4822/2/4 4823/2/4
f 4820/2/4 4821/2/4 4823/2/4
f 4823/2/4 4822/2/4 4824/2/4
f 4824/2/4 4822/2/4 4825/2/4
f 4825/2/4 4826/2/4 4827/2/4
f 4824/2/4 4825/2/4 4827/2/4
f 4827/2/4 4826/2/4 4828/2/4
f 4828/2/4 4826/2/4 4829/2/4
f 4829/2/4 4830/2/4 4831/2/4
f 4828/2/4 4829/2/4 4831/2/4
f 4831/2/4 4830/2/4 4832/2/4
f 4832/2/4 4830/2/4 4833/2/4
f 4833/2/4 4834/2/4 4835/2/4
f 4832/2/4 4833/2/4 4835/2/4
f 4835/2/4 4834/2/4 4836/2/4
f 4836/2/4 4834/2/4 4837/2/4
f 4837/2/4 4838/2/4 4839/2/4
f 4836/2/4 4837/2/4 4839/2/4
f 4839/2/4 4838/2/4 4840/2/4
f 4840/2/4 4838/2/4 4841/2/4
f 4841/2/4 4842/2/4 4843/2/4
f 4840/2/4 4841/2/4 4843/2/4
f 4843/2/4 4842/2/4 4844/2/4
f 4844/2/4 4842/2/4 4845/2/4
f 4845/2/4 4846/2/4 4847/2/4
f 4844/2/4 4845/2/4 4847/2/4
f 4847/2/4 4846/2/4 4848/2/4
f 4848/2/4 4846/2/4 4849/2/4
f 4849/2/4 4850/2/4 4851/2/4
f 4848/2/4 4849/2/4 4851/2/4
f 4851/2/4 4850/2/4 4852/2/4
f 4852/2/4 4850/2/4 4853/2/4
f 4853/2/4 4854/2/4 4855/2/4
f 4852/2/4 4853/2/4 4855/2/4
f 4855/2/4 4854/2/4 4856/2/4
f 4856/2/4 4854/2/4 4857/2/4
f 4857/2/4 4858/2/4 4859/2/4
f 4856/2/4 4857/2/4 4859/2/4
f 4859/2/4 4858/2/4 4860/2/4
f 4860/2/4 4858/2/4 4861/2/4
f 4861/2/4 4862/2/4 4863/2/4
f 4860/2/4 4861/2/4 4863/2/4
f 4863/2/4 4862/2/4 4864/2/4
f 4864/2/4 4862/2/4 4865/2/4
f 4865/2/4 4862/2/4 4866/2/4
f 4866/2/4 4862/2/4 4867/2/4
f 4867/2/4 4862/2/4 4868/2/4
f 4868/2/4 4862/2/4 4869/2/4
f 4869/2/4 4862/2/4 4870/2/4
f 4873/2/5 4872/2/5 4871/2/5
f 4874/2/5 4872/2/5 4873/2/5
f 4877/2/5 4876/2/5 4875/2/5
f 4878/2/5 4876/2/5 4877/2/5
f 4881/2/5 4880/2/5 4879/2/5
f 4882/2/5 4880/2/5 4881/2/5
f 4885/2/5 4884/2/5 4883/2/5
f 4886/2/5 4884/2/5 4885/2/5
f 4890/2/5 4888/2/5 4887/2/5
f 4891/2/5 4888/2/5 4890/2/5
f 4892/1/5 4890/1/5 4889/1/5
f 4892/1/5 4891/1/5 4890/1/5
f 4893/1/5 4891/1/5 4892/1/5
f 4894/1/5 4892/1/5 4889/1/5
f 4895/1/5 4891/1/5 4893/1/5
f 4896/1/5 4894/1/5 4889/1/5
f 4896/1/5 4895/1/5 4894/1/5
f 4897/1/5 4891/1/5 4895/1/5
f 4897/1/5 4895/1/5 4896/1/5
f 4898/1/5 4896/1/5 4889/1/5
f 4899/1/5 4891/1/5 4897/1/5
f 4900/1/5 4898/1/5 4889/1/5
f 4900/1/5 4899/1/5 4898/1/5
f 4901/1/5 4891/1/5 4899/1/5
f 4901/1/5 4899/1/5 4900/1/5
f 4902/1/5 4900/1/5 4889/1/5
f 4903/1/5 4891/1/5 4901/1/5
f 4904/1/5 4902/1/5 4889/1/5
f 4904/1/5 4903/1/5 4902/1/5
f 4905/1/5 4891/1/5 4903/1/5
f 4905/1/5 4903/1/5 4904/1/5
f 4906/1/5 4904/1/5 4889/1/5
f 4907/1/5 4891/1/5 4905/1/5
f 4908/1/5 4906/1/5 4889/1/5
f 4908/1/5 4907/1/5 4906/1/5
f 4909/1/5 4891/1/5 4907/1/5
f 4909/1/5 4907/1/5 4908/1/5
f 4910/1/5 4908/1/5 4889/1/5
f 4911/1/5 4891/1/5 4909/1/5
f 4912/1/5 4910/1/5 4889/1/5
f 4912/1/5 4911/1/5 4910/1/5
f 4913/1/5 4891/1/5 4911/1/5
f 4913/1/5 4911/1/5 4912/1/5
f 4914/1/5 4912/1/5 4889/1/5
f 4915/1/5 4891/1/5 4913/1/5
f 4916/1/5 4914/1/5 4889/1/5
f 4916/1/5 4915/1/5 4914/1/5
f 4917/1/5 4891/1/5 4915/1/5
f 4917/1/5 4915/1/5 4916/1/5
f 4918/1/5 4891/1/5 4917/1/5
f 4919/2/5 4918/2/5 4917/2/5
f 4920/2/5 4918/2/5 4919/2/5
f 4923/2/5 4922/2/5 4921/2/5
f 4924/2/5 4922/2/5 4923/2/5
f 4927/2/5 4926/2/5 4925/2/5
f 4928/2/5 4926/2/5 4927/2/5
f 4931/2/5 4930/2/5 4929/2/5
f 4932/2/5 4930/2/5 4931/2/5
f 4935/2/5 4934/2/5 4933/2/5
f 4936/2/5 4934/2/5 4935/2/5
f 4940/2/5 4938/2/5 4937/2/5
f 4941/2/5 4938/2/5 4940/2/5
f 4942/1/5 4940/1/5 4939/1/5
f 4942/1/5 4941/1/5 4940/1/5
f 4943/1/5 4941/1/5 4942/1/5
f 4944/1/5 4942/1/5 4939/1/5
f 4945/1/5 4941/1/5 4943/1/5
f 4946/1/5 4944/1/5 4939/1/5
f 4946/1/5 4945/1/5 4944/1/5
f 4947/1/5 4941/1/5 4945/1/5
f 4947/1/5 4945/1/5 4946/1/5
f 4948/1/5 4946/1/5 4939/1/5
f 4949/1/5 4941/1/5 4947/1/5
f 4950/1/5 4948/1/5 4939/1/5
f 4950/1/5 4949/1/5 4948/1/5
f 4951/1/5 4941/1/5 4949/1/5
f 4951/1/5 4949/1/5 4950/1/5
f 4952/1/5 4950/1/5 4939/1/5
f 4953/1/5 4941/1/5 4951/1/5
f 4954/1/5 4952/1/5 4939/1/5
f 4954/1/5 4953/1/5 4952/1/5
f 4955/1/5 4941/1/5 4953/1/5
f 4955/1/5 4953/1/5 4954/1/5
f 4956/1/5 4954/1/5 4939/1/5
f 4957/1/5 4941/1/5 4955/1/5
f 4958/1/5 4956/1/5 4939/1/5
f 4958/1/5 4957/1/5 4956/1/5
f 4959/1/5 4941/1/5 4957/1/5
f 4959/1/5 4957/1/5 4958/1/5
f 4960/1/5 4958/1/5 4939/1/5
f 4961/1/5 4941/1/5 4959/1/5
f 4962/1/5 4960/1/5 4939/1/5
f 4962/1/5 4961/1/5 4960/1/5
f 4963/1/5 4941/1/5 4961/1/5
f 4963/1/5 4961/1/5 4962/1/5
f 4964/1/5 4962/1/5 4939/1/5
f 4965/1/5 4941/1/5 4963/1/5
f 4966/1/5 4964/1/5 4939/1/5
f 4966/1/5 4965/1/5 4964/1/5
f 4967/1/5 4941/1/5 4965/1/5
f 4967/1/5 4965/1/5 4966/1/5
f 4968/1/5 4941/1/5 4967/1/5
f 4969/2/5 4968/2/5 4967/2/5
f 4970/2/5 4968/2/5 4969/2/5
f 4973/2/5 4972/2/5 4971/2/5
f 4974/2/5 4972/2/5 4973/2/5
f 4977/2/5 4976/2/5 4975/2/5
f 4978/2/5 4976/2/5 4977/2/5
f 4981/2/5 4980/2/5 4979/2/5
f 4982/2/5 4980/2/5 4981/2/5
f 4985/2/5 4984/2/5 4983/2/5
f 4986/2/5 4984/2/5 4985/2/5
f 4990/2/5 4988/2/5 4987/2/5
f 4991/2/5 4988/2/5 4990/2/5
f 4992/1/5 4990/1/5 4989/1/5
f 4992/1/5 4991/1/5 4990/1/5
f 4993/1/5 4991/1/5 4992/1/5
f 4994/1/5 4992/1/5 4989/1/5
f 4995/1/5 4991/1/5 4993/1/5
f 4996/1/5 4994/1/5 4989/1/5
f 4996/1/5 4995/1/5 4994/1/5
f 4997/1/5 4991/1/5 4995/1/5
f 4997/1/5 4995/1/5 4996/1/5
f 4998/1/5 4996/1/5 4989/1/5
f 4999/1/5 4991/1/5 4997/1/5
f 5000/1/5 4998/1/5 4989/1/5
f 5000/1/5 4999/1/5 4998/1/5
f 5001/1/5 4991/1/5 4999/1/5
f 5001/1/5 4999/1/5 5000/1/5
f 5002/1/5 5000/1/5 4989/1/5
f 5003/1/5 4991/1/5 5001/1/5
f 5004/1/5 5002/1/5 4989/1/5
f 5004/1/5 5003/1/5 5002/1/5
f 5005/1/5 4991/1/5 5003/1/5
f 5005/1/5 5003/1/5 5004/1/5
f 5006/1/5 5004/1/5 4989/1/5
f 5007/1/5 4991/1/5 5005/1/5
f 5008/1/5 5006/1/5 4989/1/5
f 5008/1/5 5007/1/5 5006/1/5
f 5009/1/5 4991/1/5 5007/1/5
f 5009/1/5 5007/1/5 5008/1/5
f 5010/1/5 5008/1/5 4989/1/5
f 5011/1/5 4991/1/5 5009/1/5
f 5012/1/5 5010/1/5 4989/1/5
f 5012/1/5 5011/1/5 5010/1/5
f 5013/1/5 4991/1/5 5011/1/5
f 5013/1/5 5011/1/5 5012/1/5
f 5014/1/5 5012/1/5 4989/1/5
f 5015/1/5 4991/1/5 5013/1/5
f 5016/1/5 5014/1/5 4989/1/5
f 5016/1/5 5015/1/5 5014/1/5
f 5017/1/5 4991/1/5 5015/1/5
f 5017/1/5 5015/1/5 5016/1/5
f 5018/1/5 4991/1/5 5017/1/5
f 5019/2/5 5018/2/5 5017/2/5
f 5020/2/5 5018/2/5 5019/2/5
f 5023/2/5 5022/2/5 5021/2/5
f 5024/2/5 5022/2/5 5023/2/5
f 5027/2/5 5026/2/5 5025/2/5
f 5028/2/5 5026/2/5 5027/2/5
f 5031/2/5 5030/2/5 5029/2/5
f 5032/2/5 5030/2/5 5031/2/5
f 5035/2/5 5034/2/5 5033/2/5
f 5036/2/5 5034/2/5 5035/2/5
f 5040/2/5 5038/2/5 5037/2/5
f 5041/2/5 5038/2/5 5040/2/5
f 5042/1/5 5040/1/5 5039/1/5
f 5042/1/5 5041/1/5 5040/1/5
f 5043/1/5 5041/1/5 5042/1/5
f 5044/1/5 5042/1/5 5039/1/5
f 5045/1/5 5041/1/5 5043/1/5
f 5046/1/5 5044/1/5 5039/1/5
f 5046/1/5 5045/1/5 5044/1/5
f 5047/1/5 5041/1/5 5045/1/5
f 5047/1/5 5045/1/5 5046/1/5
f 5048/1/5 5046/1/5 5039/1/5
f 5049/1/5 5041/1/5 5047/1/5
f 5050/1/5 5048/1/5 5039/1/5
f 5050/1/5 5049/1/5 5048/1/5
f 5051/1/5 5041/1/5 5049/1/5
f 5051/1/5 5049/1/5 5050/1/5
f 5052/1/5 5050/1/5 5039/1/5
f 5053/1/5 5041/1/5 5051/1/5
f 5054/1/5 5052/1/5 5039/1/5
f 5054/1/5 5053/1/5 5052/1/5
f 5055/1/5 5041/1/5 5053/1/5
f 5055/1/5 5053/1/5 5054/1/5
f 5056/1/5 5054/1/5 5039/1/5
f 5057/1/5 5041/1/5 5055/1/5
f 5058/1/5 5056/1/5 5039/1/5
f 5058/1/5 5057/1/5 5056/1/5
f 5059/1/5 5041/1/5 5057/1/5
f 5059/1/5 5057/1/5 5058/1/5
f 5060/1/5 5058/1/5 5039/1/5
f 5061/1/5 5041/1/5 5059/1/5
f 5062/1/5 5060/1/5 5039/1/5
f 5062/1/5 5061/1/5 5060/1/5
f 5063/1/5 5041/1/5 5061/1/5
f 5063/1/5 5061/1/5 5062/1/5
f 5064/1/5 5062/1/5 5039/1/5
f 5065/1/5 5041/1/5 5063/1/5
f 5066/1/5 5064/1/5 5039/1/5
f 5066/1/5 5065/1/5 5064/1/5
f 5067/1/5 5041/1/5 5065/1/5
f 5067/1/5 5065/1/5 5066/1/5
f 5068/1/5 5041/1/5 5067/1/5
f 5069/2/5 5068/2/5 5067/2/5
f 5070/2/5 5068/2/5 5069/2/5
f 5073/2/5 5072/2/5 5071/2/5
f 5074/2/5 5072/2/5 5073/2/5
f 5077/2/5 5076/2/5 5075/2/5
f 5078/2/5 5076/2/5 5077/2/5
f 5081/2/5 5080/2/5 5079/2/5
f 5082/2/5 5080/2/5 5081/2/5
f 5085/2/5 5084/2/5 5083/2/5
f 5086/2/5 5084/2/5 5085/2/5
f 5090/2/5 5088/2/5 5087/2/5
f 5091/2/5 5088/2/5 5090/2/5
f 5092/1/5 5090/1/5 5089/1/5
f 5092/1/5 5091/1/5 5090/1/5
f 5093/1/5 5091/1/5 5092/1/5
f 5094/1/5 5092/1/5 5089/1/5
f 5095/1/5 5091/1/5 5093/1/5
f 5096/1/5 5094/1/5 5089/1/5
f 5096/1/5 5095/1/5 5094/1/5
f 5097/1/5 5091/1/5 5095/1/5
f 5097/1/5 5095/1/5 5096/1/5
f 5098/1/5 5096/1/5 5089/1/5
f 5099/1/5 5091/1/5 5097/1/5
f 5100/1/5 5098/1/5 5089/1/5
f 5100/1/5 5099/1/5 5098/1/5
f 5101/1/5 5091/1/5 5099/1/5
f 5101/1/5 5099/1/5 5100/1/5
f 5102/1/5 5100/1/5 5089/1/5
f 5103/1/5 5091/1/5 5101/1/5
f 5104/1/5 5102/1/5 5089/1/5
f 5104/1/5 5103/1/5 5102/1/5
f 5105/1/5 5091/1/5 5103/1/5
f 5105/1/5 5103/1/5 5104/1/5
f 5106/1/5 5104/1/5 5089/1/5
f 5107/1/5 5091/1/5 5105/1/5
f 5108/1/5 5106/1/5 5089/1/5
f 5108/1/5 5107/1/5 5106/1/5
f 5109/1/5 5091/1/5 5107/1/5
f 5109/1/5 5107/1/5 5108/1/5
f 5110/1/5 5108/1/5 5089/1/5
f 5111/1/5 5091/1/5 5109/1/5
f 5112/1/5 5110/1/5 5089/1/5
f 5112/1/5 5111/1/5 5110/1/5
f 5113/1/5 5091/1/5 5111/1/5
f 5113/1/5 5111/1/5 5112/1/5
f 5114/1/5 5112/1/5 5089/1/5
f 5115/1/5 5091/1/5 5113/1/5
f 5116/1/5 5114/1/5 5089/1/5
f 5116/1/5 5115/1/5 5114/1/5
f 5117/1/5 5091/1/5 5115/1/5
f 5117/1/5 5115/1/5 5116/1/5
f 5118/1/5 5091/1/5 5117/1/5
f 5119/2/5 5118/2/5 5117/2/5
f 5120/2/5 5118/2/5 5119/2/5
f 5123/2/5 5122/2/5 5121/2/5
f 5124/2/5 5122/2/5 5123/2/5
f 5127/2/5 5126/2/5 5125/2/5
f 5128/2/5 5126/2/5 5127/2/5
f 5131/2/5 5130/2/5 5129/2/5
f 5132/2/5 5130/2/5 5131/2/5
f 5135/2/5 5134/2/5 5133/2/5
f 5136/2/5 5134/2/5 5135/2/5
f 5140/2/5 5138/2/5 5137/2/5
f 5141/2/5 5138/2/5 5140/2/5
f 5142/1/5 5140/1/5 5139/1/5
f 5142/1/5 5141/1/5 5140/1/5
f 5143/1/5 5141/1/5 5142/1/5
f 5144/1/5 5142/1/5 5139/1/5
f 5145/1/5 5141/1/5 5143/1/5
f 5146/1/5 5144/1/5 5139/1/5
f 5146/1/5 5145/1/5 5144/1/5
f 5147/1/5 5141/1/5 5145/1/5
f 5147/1/5 5145/1/5 5146/1/5
f 5148/1/5 5146/1/5 5139/1/5
f 5149/1/5 5141/1/5 5147/1/5
f 5150/1/5 5148/1/5 5139/1/5
f 5150/1/5 5149/1/5 5148/1/5
f 5151/1/5 5141/1/5 5149/1/5
f 5151/1/5 5149/1/5 5150/1/5
f 5152/1/5 5150/1/5 5139/1/5
f 5153/1/5 5141/1/5 5151/1/5
f 5154/1/5 5152/1/5 5139/1/5
f 5154/1/5 5153/1/5 5152/1/5
f 5155/1/5 5141/1/5 5153/1/5
f 5155/1/5 5153/1/5 5154/1/5
f 5156/1/5 5154/1/5 5139/1/5
f 5157/1/5 5141/1/5 5155/1/5
f 5158/1/5 5156/1/5 5139/1/5
f 5158/1/5 5157/1/5 5156/1/5
f 5159/1/5 5141/1/5 5157/1/5
f 5159/1/5 5157/1/5 5158/1/5
f 5160/1/5 5158/1/5 5139/1/5
f 5161/1/5 5141/1/5 5159/1/5
f 5162/1/5 5160/1/5 5139/1/5
f 5162/1/5 5161/1/5 5160/1/5
f 5163/1/5 5141/1/5 5161/1/5
f 5163/1/5 5161/1/5 5162/1/5
f 5164/1/5 5162/1/5 5139/1/5
f 5165/1/5 5141/1/5 5163/1/5
f 5166/1/5 5164/1/5 5139/1/5
f 5166/1/5 5165/1/5 5164/1/5
f 5167/1/5 5141/1/5 5165/1/5
f 5167/1/5 5165/1/5 5166/1/5
f 5168/1/5 5141/1/5 5167/1/5
f 5169/2/5 5168/2/5 5167/2/5
f 5170/2/5 5168/2/5 5169/2/5
f 5173/2/5 5172/2/5 5171/2/5
f 5174/2/5 5172/2/5 5173/2/5
f 5177/2/5 5176/2/5 5175/2/5
f 5178/2/5 5176/2/5 5177/2/5
f 5181/2/5 5180/2/5 5179/2/5
f 5182/2/5 5180/2/5 5181/2/5
f 5185/2/5 5184/2/5 5183/2/5
f 5186/2/5 5184/2/5 5185/2/5
f 5190/2/5 5188/2/5 5187/2/5
f 5191/2/5 5188/2/5 5190/2/5
f 5192/1/5 5190/1/5 5189/1/5
f 5192/1/5 5191/1/5 5190/1/5
f 5193/1/5 5191/1/5 5192/1/5
f 5194/1/5 5192/1/5 5189/1/5
f 5195/1/5 5191/1/5 5193/1/5
f 5196/1/5 5194/1/5 5189/1/5
f 5196/1/5 5195/1/5 5194/1/5
f 5197/1/5 5191/1/5 5195/1/5
f 5197/1/5 5195/1/5 5196/1/5
f 5198/1/5 5196/1/5 5189/1/5
f 5199/1/5 5191/1/5 5197/1/5
f 5200/1/5 5198/1/5 5189/1/5
f 5200/1/5 5199/1/5 5198/1/5
f 5201/1/5 5191/1/5 5199/1/5
f 5201/1/5 5199/1/5 5200/1/5
f 5202/1/5 5200/1/5 5189/1/5
f 5203/1/5 5191/1/5 5201/1/5
f 5204/1/5 5202/1/5 5189/1/5
f 5204/1/5 5203/1/5 5202/1/5
f 5205/1/5 5191/1/5 5203/1/5
f 5205/1/5 5203/1/5 5204/1/5
f 5206/1/5 5204/1/5 5189/1/5
f 5207/1/5 5191/1/5 5205/1/5
f 5208/1/5 5206/1/5 5189/1/5
f 5208/1/5 5207/1/5 5206/1/5
f 5209/1/5 5191/1/5 5207/1/5
f 5209/1/5 5207/1/5 5208/1/5
f 5210/1/5 5208/1/5 5189/1/5
f 5211/1/5 5191/1/5 5209/1/5
f 5212/1/5 5210/1/5 5189/1/5
f 5212/1/5 5211/1/5 5210/1/5
f 5213/1/5 5191/1/5 5211/1/5
f 5213/1/5 5211/1/5 5212/1/5
f 5214/1/5 5212/1/5 5189/1/5
f 5215/1/5 5191/1/5 5213/1/5
f 5216/1/5 5214/1/5 5189/1/5
f 5216/1/5 5215/1/5 5214/1/5
f 5217/1/5 5191/1/5 5215/1/5
f 5217/1/5 5215/1/5 5216/1/5
f 5218/1/5 5191/1/5 5217/1/5
f 5219/2/5 5218/2/5 5217/2/5
f 5220/2/5 5218/2/5 5219/2/5
f 5223/2/5 5222/2/5 5221/2/5
f 5224/2/5 5222/2/5 5223/2/5
f 5227/2/5 5226/2/5 5225/2/5
f 5228/2/5 5226/2/5 5227/2/5
f 5231/2/5 5230/2/5 5229/2/5
f 5232/2/5 5230/2/5 5231/2/5
f 5235/2/5 5234/2/5 5233/2/5
f 5236/2/5 5234/2/5 5235/2/5
f 5240/2/5 5238/2/5 5237/2/5
f 5241/2/5 5238/2/5 5240/2/5
f 5242/1/5 5240/1/5 5239/1/5
f 5242/1/5 5241/1/5 5240/1/5
f 5243/1/5 5241/1/5 5242/1/5
f 5244/1/5 5242/1/5 5239/1/5
f 5245/1/5 5241/1/5 5243/1/5
f 5246/1/5 5244/1/5 5239/1/5
f 5246/1/5 5245/1/5 5244/1/5
f 5247/1/5 5241/1/5 5245/1/5
f 5247/1/5 5245/1/5 5246/1/5
f 5248/1/5 5246/1/5 5239/1/5
f 5249/1/5 5241/1/5 5247/1/5
f 5250/1/5 5248/1/5 5239/1/5
f 5250/1/5 5249/1/5 5248/1/5
f 5251/1/5 5241/1/5 5249/1/5
f 5251/1/5 5249/1/5 5250/1/5
f 5252/1/5 5250/1/5 5239/1/5
f 5253/1/5 5241/1/5 5251/1/5
f 5254/1/5 5252/1/5 5239/1/5
f 5254/1/5 5253/1/5 5252/1/5
f 5255/1/5 5241/1/5 5253/1/5
f 5255/1/5 5253/1/5 5254/1/5
f 5256/1/5 5254/1/5 5239/1/5
f 5257/1/5 5241/1/5 5255/1/5
f 5258/1/5 5256/1/5 5239/1/5
f 5258/1/5 5257/1/5 5256/1/5
f 5259/1/5 5241/1/5 5257/1/5
f 5259/1/5 5257/1/5 5258/1/5
f 5260/1/5 5258/1/5 5239/1/5
f 5261/1/5 5241/1/5 5259/1/5
f 5262/1/5 5260/1/5 5239/1/5
f 5262/1/5 5261/1/5 5260/1/5
f 5263/1/5 5241/1/5 5261/1/5
f 5263/1/5 5261/1/5 5262/1/5
f 5264/1/5 5262/1/5 5239/1/5
f 5265/1/5 5241/1/5 5263/1/5
f 5266/1/5 5264/1/5 5239/1/5
f 5266/1/5 5265/1/5 5264/1/5
f 5267/1/5 5241/1/5 5265/1/5
f 5267/1/5 5265/1/5 5266/1/5
f 5268/1/5 5241/1/5 5267/1/5
f 5269/2/5 5268/2/5 5267/2/5
f 5270/2/5 5268/2/5 5269/2/5
f 5273/2/5 5272/2/5 5271/2/5
f 5274/2/5 5272/2/5 5273/2/5
f 5277/2/5 5276/2/5 5275/2/5
f 5278/2/5 5276/2/5 5277/2/5
f 5281/2/5 5280/2/5 5279/2/5
f 5282/2/5 5280/2/5 5281/2/5
f 5285/2/5 5284/2/5 5283/2/5
f 5286/2/5 5284/2/5 5285/2/5
f 5290/2/5 5288/2/5 5287/2/5
f 5291/2/5 5288/2/5 5290/2/5
f 5292/1/5 5290/1/5 5289/1/5
f 5292/1/5 5291/1/5 5290/1/5
f 5293/1/5 5291/1/5 5292/1/5
f 5294/1/5 5292/1/5 5289/1/5
f 5295/1/5 5291/1/5 5293/1/5
f 5296/1/5 5294/1/5 5289/1/5
f 5296/1/5 5295/1/5 5294/1/5
f 5297/1/5 5291/1/5 5295/1/5
f 5297/1/5 5295/1/5 5296/1/5
f 5298/1/5 5296/1/5 5289/1/5
f 5299/1/5 5291/1/5 5297/1/5
f 5300/1/5 5298/1/5 5289/1/5
f 5300/1/5 5299/1/5 5298/1/5
f 5301/1/5 5291/1/5 5299/1/5
f 5301/1/5 5299/1/5 5300/1/5
f 5302/1/5 5300/1/5 5289/1/5
f 5303/1/5 5291/1/5 5301/1/5
f 5304/1/5 5302/1/5 5289/1/5
f 5304/1/5 5303/1/5 5302/1/5
f 5305/1/5 5291/1/5 5303/1/5
f 5305/1/5 5303/1/5 5304/1/5
f 5306/1/5 5304/1/5 5289/1/5
f 5307/1/5 5291/1/5 5305/1/5
f 5308/1/5 5306/1/5 5289/1/5
f 5308/1/5 5307/1/5 5306/1/5
f 5309/1/5 5291/1/5 5307/1/5
f 5309/1/5 5307/1/5 5308/1/5
f 5310/1/5 5308/1/5 5289/1/5
f 5311/1/5 5291/1/5 5309/1/5
f 5312/1/5 5310/1/5 5289/1/5
f 5312/1/5 5311/1/5 5310/1/5
f 5313/1/5 5291/1/5 5311/1/5
f 5313/1/5 5311/1/5 5312/1/5
f 5314/1/5 5312/1/5 5289/1/5
f 5315/1/5 5291/1/5 5313/1/5
f 5316/1/5 5314/1/5 5289/1/5
f 5316/1/5 5315/1/5 5314/1/5
f 5317/1/5 5291/1/5 5315/1/5
f 5317/1/5 5315/1/5 5316/1/5
f 5318/1/5 5291/1/5 5317/1/5
f 5319/2/5 5318/2/5 5317/2/5
f 5320/2/5 5318/2/5 5319/2/5
f 5323/2/5 5322/2/5 5321/2/5
f 5324/2/5 5322/2/5 5323/2/5
f 5327/2/5 5326/2/5 5325/2/5
f 5328/2/5 5326/2/5 5327/2/5
f 5331/2/5 5330/2/5 5329/2/5
f 5332/2/5 5330/2/5 5331/2/5
f 5335/2/5 5334/2/5 5333/2/5
f 5336/2/5 5334/2/5 5335/2/5
f 5340/2/5 5338/2/5 5337/2/5
f 5341/2/5 5338/2/5 5340/2/5
f 5342/1/5 5340/1/5 5339/1/5
f 5342/1/5 5341/1/5 5340/1/5
f 5343/1/5 5341/1/5 5342/1/5
f 5344/1/5 5342/1/5 5339/1/5
f 5345/1/5 5341/1/5 5343/1/5
f 5346/1/5 5344/1/5 5339/1/5
f 5346/1/5 5345/1/5 5344/1/5
f 5347/1/5 5341/1/5 5345/1/5
f 5347/1/5 5345/1/5 5346/1/5
f 5348/1/5 5346/1/5 5339/1/5
f 5349/1/5 5341/1/5 5347/1/5
f 5350/1/5 5348/1/5 5339/1/5
f 5350/1/5 5349/1/5 5348/1/5
f 5351/1/5 5341/1/5 5349/1/5
f 5351/1/5 5349/1/5 5350/1/5
f 5352/1/5 5350/1/5 5339/1/5
f 5353/1/5 5341/1/5 5351/1/5
f 5354/1/5 5352/1/5 5339/1/5
f 5354/1/5 5353/1/5 5352/1/5
f 5355/1/5 5341/1/5 5353/1/5
f 5355/1/5 5353/1/5 5354/1/5
f 5356/1/5 5354/1/5 5339/1/5
f 5357/1/5 5341/1/5 5355/1/5
f 5358/1/5 5356/1/5 5339/1/5
f 5358/1/5 5357/1/5 5356/1/5
f 5359/1/5 5341/1/5 5357/1/5
f 5359/1/5 5357/1/5 5358/1/5
f 5360/1/5 5358/1/5 5339/1/5
f 5361/1/5 5341/1/5 5359/1/5
f 5362/1/5 5360/1/5 5339/1/5
f 5362/1/5 5361/1/5 5360/1/5
f 5363/1/5 5341/1/5 5361/1/5
f 5363/1/5 5361/1/5 5362/1/5
f 5364/1/5 5362/1/5 5339/1/5
f 5365/1/5 5341/1/5 5363/1/5
f 5366/1/5 5364/1/5 5339/1/5
f 5366/1/5 5365/1/5 5364/1/5
f 5367/1/5 5341/1/5 5365/1/5
f 5367/1/5 5365/1/5 5366/1/5
f 5368/1/5 5341/1/5 5367/1/5
f 5369/2/5 5368/2/5 5367/2/5
f 5370/2/5 5368/2/5 5369/2/5
f 5373/2/5 5372/2/5 5371/2/5
f 5374/2/5 5372/2/5 5373/2/5
f 5377/2/5 5376/2/5 5375/2/5
f 5378/2/5 5376/2/5 5377/2/5
f 5381/2/5 5380/2/5 5379/2/5
f 5382/2/5 5380/2/5 5381/2/5
f 5385/2/5 5384/2/5 5383/2/5
f 5386/2/5 5384/2/5 5385/2/5
f 5390/2/5 5388/2/5 5387/2/5
f 5391/2/5 5388/2/5 5390/2/5
f 5392/1/5 5390/1/5 5389/1/5
f 5392/1/5 5391/1/5 5390/1/5
f 5393/1/5 5391/1/5 5392/1/5
f 5394/1/5 5392/1/5 5389/1/5
f 5395/1/5 5391/1/5 5393/1/5
f 5396/1/5 5394/1/5 5389/1/5
f 5396/1/5 5395/1/5 5394/1/5
f 5397/1/5 5391/1/5 5395/1/5
f 5397/1/5 5395/1/5 5396/1/5
f 5398/1/5 5396/1/5 5389/1/5
f 5399/1/5 5391/1/5 5397/1/5
f 5400/1/5 5398/1/5 5389/1/5
f 5400/1/5 5399/1/5 5398/1/5
f 5401/1/5 5391/1/5 5399/1/5
f 5401/1/5 5399/1/5 5400/1/5
f 5402/1/5 5400/1/5 5389/1/5
f 5403/1/5 5391/1/5 5401/1/5
f 5404/1/5 5402/1/5 5389/1/5
f 5404/1/5 5403/1/5 5402/1/5
f 5405/1/5 5391/1/5 5403/1/5
f 5405/1/5 5403/1/5 5404/1/5
f 5406/1/5 5404/1/5 5389/1/5
f 5407/1/5 5391/1/5 5405/1/5
f 5408/1/5 5406/1/5 5389/1/5
f 5408/1/5 5407/1/5 5406/1/5
f 5409/1/5 5391/1/5 5407/1/5
f 5409/1/5 5407/1/5 5408/1/5
f 5410/1/5 5408/1/5 5389/1/5
f 5411/1/5 5391/1/5 5409/1/5
f 5412/1/5 5410/1/5 5389/1/5
f 5412/1/5 5411/1/5 5410/1/5
f 5413/1/5 5391/1/5 5411/1/5
f 5413/1/5 5411/1/5 5412/1/5
f 5414/1/5 5412/1/5 5389/1/5
f 5415/1/5 5391/1/5 5413/1/5
f 5416/1/5 5414/1/5 5389/1/5
f 5416/1/5 5415/1/5 5414/1/5
f 5417/1/5 5391/1/5 5415/1/5
f 5417/1/5 5415/1/5 5416/1/5
f 5418/1/5 5391/1/5 5417/1/5
f 5419/2/5 5418/2/5 5417/2/5
f 5420/2/5 5418/2/5 5419/2/5
f 5423/2/5 5422/2/5 5421/2/5
f 5424/2/5 5422/2/5 5423/2/5
f 5427/2/5 5426/2/5 5425/2/5
f 5428/2/5 5426/2/5 5427/2/5
f 5431/2/5 5430/2/5 5429/2/5
f 5432/2/5 5430/2/5 5431/2/5
f 5435/2/5 5434/2/5 5433/2/5
f 5436/2/5 5434/2/5 5435/2/5
f 5440/2/5 5438/2/5 5437/2/5
f 5441/2/5 5438/2/5 5440/2/5
f 5442/1/5 5440/1/5 5439/1/5
f 5442/1/5 5441/1/5 5440/1/5
f 5443/1/5 5441/1/5 5442/1/5
f 5444/1/5 5442/1/5 5439/1/5
f 5445/1/5 5441/1/5 5443/1/5
f 5446/1/5 5444/1/5 5439/1/5
f 5446/1/5 5445/1/5 5444/1/5
f 5447/1/5 5441/1/5 5445/1/5
f 5447/1/5 5445/1/5 5446/1/5
f 5448/1/5 5446/1/5 5439/1/5
f 5449/1/5 5441/1/5 5447/1/5
f 5450/1/5 5448/1/5 5439/1/5
f 5450/1/5 5449/1/5 5448/1/5
f 5451/1/5 5441/1/5 5449/1/5
f 5451/1/5 5449/1/5 5450/1/5
f 5452/1/5 5450/1/5 5439/1/5
f 5453/1/5 5441/1/5 5451/1/5
f 5454/1/5 5452/1/5 5439/1/5
f 5454/1/5 5453/1/5 5452/1/5
f 5455/1/5 5441/1/5 5453/1/5
f 5455/1/5 5453/1/5 5454/1/5
f 5456/1/5 5454/1/5 5439/1/5
f 5457/1/5 5441/1/5 5455/1/5
f 5458/1/5 5456/1/5 5439/1/5
f 5458/1/5 5457/1/5 5456/1/5
f 5459/1/5 5441/1/5 5457/1/5
f 5459/1/5 5457/1/5 5458/1/5
f 5460/1/5 5458/1/5 5439/1/5
f 5461/1/5 5441/1/5 5459/1/5
f 5462/1/5 5460/1/5 5439/1/5
f 5462/1/5 5461/1/5 5460/1/5
f 5463/1/5 5441/1/5 5461/1/5
f 5463/1/5 5461/1/5 5462/1/5
f 5464/1/5 5462/1/5 5439/1/5
f 5465/1/5 5441/1/5 5463/1/5
f 5466/1/5 5464/1/5 5439/1/5
f 5466/1/5 5465/1/5 5464/1/5
f 5467/1/5 5441/1/5 5465/1/5
f 5467/1/5 5465/1/5 5466/1/5
f 5468/1/5 5441/1/5 5467/1/5
f 5469/2/5 5468/2/5 5467/2/5
f 5470/2/5 5468/2/5 5469/2/5
f 5473/2/5 5472/2/5 5471/2/5
f 5474/2/5 5472/2/5 5473/2/5
f 5477/2/5 5476/2/5 5475/2/5
f 5478/2/5 5476/2/5 5477/2/5
f 5481/2/5 5480/2/5 5479/2/5
f 5482/2/5 5480/2/5 5481/2/5
f 5485/2/5 5484/2/5 5483/2/5
f 5486/2/5 5484/2/5 5485/2/5
f 5490/2/5 5488/2/5 5487/2/5
f 5491/2/5 5488/2/5 5490/2/5
f 5492/1/5 5490/1/5 5489/1/5
f 5492/1/5 5491/1/5 5490/1/5
f 5493/1/5 5491/1/5 5492/1/5
f 5494/1/5 5492/1/5 5489/1/5
f 5495/1/5 5491/1/5 5493/1/5
f 5496/1/5 5494/1/5 5489/1/5
f 5496/1/5 5495/1/5 5494/1/5
f 5497/1/5 5491/1/5 5495/1/5
f 5497/1/5 5495/1/5 5496/1/5
f 5498/1/5 5496/1/5 5489/1/5
f 5499/1/5 5491/1/5 5497/1/5
f 5500/1/5 5498/1/5 5489/1/5
f 5500/1/5 5499/1/5 5498/1/5
f 5501/1/5 5491/1/5 5499/1/5
f 5501/1/5 5499/1/5 5500/1/5
f 5502/1/5 5500/1/5 5489/1/5
f 5503/1/5 5491/1/5 5501/1/5
f 5504/1/5 5502/1/5 5489/1/5
f 5504/1/5 5503/1/5 5502/1/5
f 5505/1/5 5491/1/5 5503/1/5
f 5505/1/5 5503/1/5 5504/1/5
f 5506/1/5 5504/1/5 5489/1/5
f 5507/1/5 5491/1/5 5505/1/5
f 5508/1/5 5506/1/5 5489/1/5
f 5508/1/5 5507/1/5 5506/1/5
f 5509/1/5 5491/1/5 5507/1/5
f 5509/1/5 5507/1/5 5508/1/5
f 5510/1/5 5508/1/5 5489/1/5
f 5511/1/5 5491/1/5 5509/1/5
f 5512/1/5 5510/1/5 5489/1/5
f 5512/1/5 5511/1/5 5510/1/5
f 5513/1/5 5491/1/5 5511/1/5
f 5513/1/5 5511/1/5 5512/1/5
f 5514/1/5 5512/1/5 5489/1/5
f 5515/1/5 5491/1/5 5513/1/5
f 5516/1/5 5514/1/5 5489/1/5
f 5516/1/5 5515/1/5 5514/1/5
f 5517/1/5 5491/1/5 5515/1/5
f 5517/1/5 5515/1/5 5516/1/5
f 5518/1/5 5491/1/5 5517/1/5
f 5519/2/5 5518/2/5 5517/2/5
f 5520/2/5 5518/2/5 5519/2/5
f 5523/2/5 5522/2/5 5521/2/5
f 5524/2/5 5522/2/5 5523/2/5
f 5527/2/5 5526/2/5 5525/2/5
f 5528/2/5 5526/2/5 5527/2/5
f 5531/2/5 5530/2/5 5529/2/5
f 5532/2/5 5530/2/5 5531/2/5
f 5535/2/5 5534/2/5 5533/2/5
f 5536/2/5 5534/2/5 5535/2/5
f 5540/2/5 5538/2/5 5537/2/5
f 5541/2/5 5538/2/5 5540/2/5
f 5542/1/5 5540/1/5 5539/1/5
f 5542/1/5 5541/1/5 5540/1/5
f 5543/1/5 5541/1/5 5542/1/5
f 5544/1/5 5542/1/5 5539/1/5
f 5545/1/5 5541/1/5 5543/1/5
f 5546/1/5 5544/1/5 5539/1/5
f 5546/1/5 5545/1/5 5544/1/5
f 5547/1/5 5541/1/5 5545/1/5
f 5547/1/5 5545/1/5 5546/1/5
f 5548/1/5 5546/1/5 5539/1/5
f 5549/1/5 5541/1/5 5547/1/5
f 5550/1/5 5548/1/5 5539/1/5
f 5550/1/5 5549/1/5 5548/1/5
f 5551/1/5 5541/1/5 5549/1/5
f 5551/1/5 5549/1/5 5550/1/5
f 5552/1/5 5550/1/5 5539/1/5
f 5553/1/5 5541/1/5 5551/1/5
f 5554/1/5 5552/1/5 5539/1/5
f 5554/1/5 5553/1/5 5552/1/5
f 5555/1/5 5541/1/5 5553/1/5
f 5555/1/5 5553/1/5 5554/1/5
f 5556/1/5 5554/1/5 5539/1/5
f 5557/1/5 5541/1/5 5555/1/5
f 5558/1/5 5556/1/5 5539/1/5
f 5558/1/5 5557/1/5 5556/1/5
f 5559/1/5 5541/1/5 5557/1/5
f 5559/1/5 5557/1/5 5558/1/5
f 5560/1/5 5558/1/5 5539/1/5
f 5561/1/5 5541/1/5 5559/1/5
f 5562/1/5 5560/1/5 5539/1/5
f 5562/1/5 5561/1/5 5560/1/5
f 5563/1/5 5541/1/5 5561/1/5
f 5563/1/5 5561/1/5 5562/1/5
f 5564/1/5 5562/1/5 5539/1/5
f 5565/1/5 5541/1/5 5563/1/5
f 5566/1/5 5564/1/5 5539/1/5
f 5566/1/5 5565/1/5 5564/1/5
f 5567/1/5 5541/1/5 5565/1/5
f 5567/1/5 5565/1/5 5566/1/5
f 5568/1/5 5541/1/5 5567/1/5
f 5569/2/5 5568/2/5 5567/2/5
f 5570/2/5 5568/2/5 5569/2/5
f 5573/2/5 5572/2/5 5571/2/5
f 5574/2/5 5572/2/5 5573/2/5
f 5577/2/5 5576/2/5 5575/2/5
f 5578/2/5 5576/2/5 5577/2/5
f 5581/2/5 5580/2/5 5579/2/5
f 5582/2/5 5580/2/5 5581/2/5
f 5585/2/5 5584/2/5 5583/2/5
f 5586/2/5 5584/2/5 5585/2/5
f 5590/2/5 5588/2/5 5587/2/5
f 5591/2/5 5588/2/5 5590/2/5
f 5592/1/5 5590/1/5 5589/1/5
f 5592/1/5 5591/1/5 5590/1/5
f 5593/1/5 5591/1/5 5592/1/5
f 5594/1/5 5592/1/5 5589/1/5
f 5595/1/5 5591/1/5 5593/1/5
f 5596/1/5 5594/1/5 5589/1/5
f 5596/1/5 5595/1/5 5594/1/5
f 5597/1/5 5591/1/5 5595/1/5
f 5597/1/5 5595/1/5 5596/1/5
f 5598/1/5 5596/1/5 5589/1/5
f 5599/1/5 5591/1/5 5597/1/5
f 5600/1/5 5598/1/5 5589/1/5
f 5600/1/5 5599/1/5 5598/1/5
f 5601/1/5 5591/1/5 5599/1/5
f 5601/1/5 5599/1/5 5600/1/5
f 5602/1/5 5600/1/5 5589/1/5
f 5603/1/5 5591/1/5 5601/1/5
f 5604/1/5 5602/1/5 5589/1/5
f 5604/1/5 5603/1/5 5602/1/5
f 5605/1/5 5591/1/5 5603/1/5
f 5605/1/5 5603/1/5 5604/1/5
f 5606/1/5 5604/1/5 5589/1/5
f 5607/1/5 5591/1/5 5605/1/5
f 5608/1/5 5606/1/5 5589/1/5
f 5608/1/5 5607/1/5 5606/1/5
f 5609/1/5 5591/1/5 5607/1/5
f 5609/1/5 5607/1/5 5608/1/5
f 5610/1/5 5608/1/5 5589/1/5
f 5611/1/5 5591/1/5 5609/1/5
f 5612/1/5 5610/1/5 5589/1/5
f 5612/1/5 5611/1/5 5610/1/5
f 5613/1/5 5591/1/5 5611/1/5
f 5613/1/5 5611/1/5 5612/1/5
f 5614/1/5 5612/1/5 5589/1/5
f 5615/1/5 5591/1/5 5613/1/5
f 5616/1/5 5614/1/5 5589/1/5
f 5616/1/5 5615/1/5 5614/1/5
f 5617/1/5 5591/1/5 5615/1/5
f 5617/1/5 5615/1/5 5616/1/5
f 5618/1/5 5591/1/5 5617/1/5
f 5619/2/5 5618/2/5 5617/2/5
f 5620/2/5 5618/2/5 5619/2/5
f 5623/2/5 5622/2/5 5621/2/5
f 5624/2/5 5622/2/5 5623/2/5
f 5627/2/5 5626/2/5 5625/2/5
f 5628/2/5 5626/2/5 5627/2/5
f 5631/2/5 5630/2/5 5629/2/5
f 5632/2/5 5630/2/5 5631/2/5
f 5635/2/5 5634/2/5 5633/2/5
f 5636/2/5 5634/2/5 5635/2/5
f 5640/2/5 5638/2/5 5637/2/5
f 5641/2/5 5638/2/5 5640/2/5
f 5642/1/5 5640/1/5 5639/1/5
f 5642/1/5 5641/1/5 5640/1/5
f 5643/1/5 5641/1/5 5642/1/5
f 5644/1/5 5642/1/5 5639/1/5
f 5645/1/5 5641/1/5 5643/1/5
f 5646/1/5 5644/1/5 5639/1/5
f 5646/1/5 5645/1/5 5644/1/5
f 5647/1/5 5641/1/5 5645/1/5
f 5647/1/5 5645/1/5 5646/1/5
f 5648/1/5 5646/1/5 5639/1/5
f 5649/1/5 5641/1/5 5647/1/5
f 5650/1/5 5648/1/5 5639/1/5
f 5650/1/5 5649/1/5 5648/1/5
f 5651/1/5 5641/1/5 5649/1/5
f 5651/1/5 5649/1/5 5650/1/5
f 5652/1/5 5650/1/5 5639/1/5
f 5653/1/5 5641/1/5 5651/1/5
f 5654/1/5 5652/1/5 5639/1/5
f 5654/1/5 5653/1/5 5652/1/5
f 5655/1/5 5641/1/5 5653/1/5
f 5655/1/5 5653/1/5 5654/1/5
f 5656/1/5 5654/1/5 5639/1/5
f 5657/1/5 5641/1/5 5655/1/5
f 5658/1/5 5656/1/5 5639/1/5
f 5658/1/5 5657/1/5 5656/1/5
f 5659/1/5 5641/1/5 5657/1/5
f 5659/1/5 5657/1/5 5658/1/5
f 5660/1/5 5658/1/5 5639/1/5
f 5661/1/5 5641/1/5 5659/1/5
f 5662/1/5 5660/1/5 5639/1/5
f 5662/1/5 5661/1/5 5660/1/5
f 5663/1/5 5641/1/5 5661/1/5
f 5663/1/5 5661/1/5 5662/1/5
f 5664/1/5 5662/1/5 5639/1/5
f 5665/1/5 5641/1/5 5663/1/5
f 5666/1/5 5664/1/5 5639/1/5
f 5666/1/5 5665/1/5 5664/1/5
f 5667/1/5 5641/1/5 5665/1/5
f 5667/1/5 5665/1/5 5666/1/5
f 5668/1/5 5641/1/5 5667/1/5
f 5669/2/5 5668/2/5 5667/2/5
f 5670/2/5 5668/2/5 5669/2/5
f 5673/2/5 5672/2/5 5671/2/5
f 5674/2/5 5672/2/5 5673/2/5
f 5677/2/5 5676/2/5 5675/2/5
f 5678/2/5 5676/2/5 5677/2/5
f 5681/2/5 5680/2/5 5679/2/5
f 5682/2/5 5680/2/5 5681/2/5
f 5685/2/5 5684/2/5 5683/2/5
f 5686/2/5 5684/2/5 5685/2/5
f 5690/2/5 5688/2/5 5687/2/5
f 5691/2/5 5688/2/5 5690/2/5
f 5692/1/5 5690/1/5 5689/1/5
f 5692/1/5 5691/1/5 5690/1/5
f 5693/1/5 5691/1/5 5692/1/5
f 5694/1/5 5692/1/5 5689/1/5
f 5695/1/5 5691/1/5 5693/1/5
f 5696/1/5 5694/1/5 5689/1/5
f 5696/1/5 5695/1/5 5694/1/5
f 5697/1/5 5691/1/5 5695/1/5
f 5697/1/5 5695/1/5 5696/1/5
f 5698/1/5 5696/1/5 5689/1/5
f 5699/1/5 5691/1/5 5697/1/5
f 5700/1/5 5698/1/5 5689/1/5
f 5700/1/5 5699/1/5 5698/1/5
f 5701/1/5 5691/1/5 5699/1/5
f 5701/1/5 5699/1/5 5700/1/5
f 5702/1/5 5700/1/5 5689/1/5
f 5703/1/5 5691/1/5 5701/1/5
f 5704/1/5 5702/1/5 5689/1/5
f 5704/1/5 5703/1/5 5702/1/5
f 5705/1/5 5691/1/5 5703/1/5
f 5705/1/5 5703/1/5 5704/1/5
f 5706/1/5 5704/1/5 5689/1/5
f 5707/1/5 5691/1/5 5705/1/5
f 5708/1/5 5706/1/5 5689/1/5
f 5708/1/5 5707/1/5 5706/1/5
f 5709/1/5 5691/1/5 5707/1/5
f 5709/1/5 5707/1/5 5708/1/5
f 5710/1/5 5708/1/5 5689/1/5
f 5711/1/5 5691/1/5 5709/1/5
f 5712/1/5 5710/1/5 5689/1/5
f 5712/1/5 5711/1/5 5710/1/5
f 5713/1/5 5691/1/5 5711/1/5
f 5713/1/5 5711/1/5 5712/1/5
f 5714/1/5 5712/1/5 5689/1/5
f 5715/1/5 5691/1/5 5713/1/5
f 5716/1/5 5714/1/5 5689/1/5
f 5716/1/5 5715/1/5 5714/1/5
f 5717/1/5 5691/1/5 5715/1/5
f 5717/1/5 5715/1/5 5716/1/5
f 5718/1/5 5691/1/5 5717/1/5
f 5719/2/5 5718/2/5 5717/2/5
f 5720/2/5 5718/2/5 5719/2/5
f 5723/2/5 5722/2/5 5721/2/5
f 5724/2/5 5722/2/5 5723/2/5
f 5727/2/5 5726/2/5 5725/2/5
f 5728/2/5 5726/2/5 5727/2/5
f 5731/2/5 5730/2/5 5729/2/5
f 5732/2/5 5730/2/5 5731/2/5
f 5735/2/5 5734/2/5 5733/2/5
f 5736/2/5 5734/2/5 5735/2/5
f 5740/2/5 5738/2/5 5737/2/5
f 5741/2/5 5738/2/5 5740/2/5
f 5742/1/5 5740/1/5 5739/1/5
f 5742/1/5 5741/1/5 5740/1/5
f 5743/1/5 5741/1/5 5742/1/5
f 5744/1/5 5742/1/5 5739/1/5
f 5745/1/5 5741/1/5 5743/1/5
f 5746/1/5 5744/1/5 5739/1/5
f 5746/1/5 5745/1/5 5744/1/5
f 5747/1/5 5741/1/5 5745/1/5
f 5747/1/5 5745/1/5 5746/1/5
f 5748/1/5 5746/1/5 5739/1/5
f 5749/1/5 5741/1/5 5747/1/5
f 5750/1/5 5748/1/5 5739/1/5
f 5750/1/5 5749/1/5 5748/1/5
f 5751/1/5 5741/1/5 5749/1/5
f 5751/1/5 5749/1/5 5750/1/5
f 5752/1/5 5750/1/5 5739/1/5
f 5753/1/5 5741/1/5 5751/1/5
f 5754/1/5 5752/1/5 5739/1/5
f 5754/1/5 5753/1/5 5752/1/5
f 5755/1/5 5741/1/5 5753/1/5
f 5755/1/5 5753/1/5 5754/1/5
f 5756/1/5 5754/1/5 5739/1/5
f 5757/1/5 5741/1/5 5755/1/5
f 5758/1/5 5756/1/5 5739/1/5
f 5758/1/5 5757/1/5 5756/1/5
f 5759/1/5 5741/1/5 5757/1/5
f 5759/1/5 5757/1/5 5758/1/5
f 5760/1/5 5758/1/5 5739/1/5
f 5761/1/5 5741/1/5 5759/1/5
f 5762/1/5 5760/1/5 5739/1/5
f 5762/1/5 5761/1/5 5760/1/5
f 5763/1/5 5741/1/5 5761/1/5
f 5763/1/5 5761/1/5 5762/1/5
f 5764/1/5 5762/1/5 5739/1/5
f 5765/1/5 5741/1/5 5763/1/5
f 5766/1/5 5764/1/5 5739/1/5
f 5766/1/5 5765/1/5 5764/1/5
f 5767/1/5 5741/1/5 5765/1/5
f 5767/1/5 5765/1/5 5766/1/5
f 5768/1/5 5741/1/5 5767/1/5
f 5769/2/5 5768/2/5 5767/2/5
f 5770/2/5 5768/2/5 5769/2/5
f 5773/2/5 5772/2/5 5771/2/5
f 5774/2/5 5772/2/5 5773/2/5
f 5777/2/5 5776/2/5 5775/2/5
f 5778/2/5 5776/2/5 5777/2/5
f 5781/2/5 5780/2/5 5779/2/5
f 5782/2/5 5780/2/5 5781/2/5
f 5785/2/5 5784/2/5 5783/2/5
f 5786/2/5 5784/2/5 5785/2/5
f 5790/2/5 5788/2/5 5787/2/5
f 5791/2/5 5788/2/5 5790/2/5
f 5792/1/5 5790/1/5 5789/1/5
f 5792/1/5 5791/1/5 5790/1/5
f 5793/1/5 5791/1/5 5792/1/5
f 5794/1/5 5792/1/5 5789/1/5
f 5795/1/5 5791/1/5 5793/1/5
f 5796/1/5 5794/1/5 5789/1/5
f 5796/1/5 5795/1/5 5794/1/5
f 5797/1/5 5791/1/5 5795/1/5
f 5797/1/5 5795/1/5 5796/1/5
f 5798/1/5 5796/1/5 5789/1/5
f 5799/1/5 5791/1/5 5797/1/5
f 5800/1/5 5798/1/5 5789/1/5
f 5800/1/5 5799/1/5 5798/1/5
f 5801/1/5 5791/1/5 5799/1/5
f 5801/1/5 5799/1/5 5800/1/5
f 5802/1/5 5800/1/5 5789/1/5
f 5803/1/5 5791/1/5 5801/1/5
f 5804/1/5 5802/1/5 5789/1/5
f 5804/1/5 5803/1/5 5802/1/5
f 5805/1/5 5791/1/5 5803/1/5
f 5805/1/5 5803/1/5 5804/1/5
f 5806/1/5 5804/1/5 5789/1/5
f 5807/1/5 5791/1/5 5805/1/5
f 5808/1/5 5806/1/5 5789/1/5
f 5808/1/5 5807/1/5 5806/1/5
f 5809/1/5 5791/1/5 5807/1/5
f 5809/1/5 5807/1/5 5808/1/5
f 5810/1/5 5808/1/5 5789/1/5
f 5811/1/5 5791/1/5 5809/1/5
f 5812/1/5 5810/1/5 5789/1/5
f 5812/1/5 5811/1/5 5810/1/5
f 5813/1/5 5791/1/5 5811/1/5
f 5813/1/5 5811/1/5 5812/1/5
f 5814/1/5 5812/1/5 5789/1/5
f 5815/1/5 5791/1/5 5813/1/5
f 5816/1/5 5814/1/5 5789/1/5
f 5816/1/5 5815/1/5 5814/1/5
f 5817/1/5 5791/1/5 5815/1/5
f 5817/1/5 5815/1/5 5816/1/5
f 5818/1/5 5791/1/5 5817/1/5
f 5819/2/5 5818/2/5 5817/2/5
f 5820/2/5 5818/2/5 5819/2/5
f 5823/2/5 5822/2/5 5821/2/5
f 5824/2/5 5822/2/5 5823/2/5
f 5827/2/5 5826/2/5 5825/2/5
f 5828/2/5 5826/2/5 5827/2/5
f 5831/2/5 5830/2/5 5829/2/5
f 5832/2/5 5830/2/5 5831/2/5
f 5835/2/5 5834/2/5 5833/2/5
f 5836/2/5 5834/2/5 5835/2/5
f 5840/2/5 5838/2/5 5837/2/5
f 5841/2/5 5838/2/5 5840/2/5
f 5842/1/5 5840/1/5 5839/1/5
f 5842/1/5 5841/1/5 5840/1/5
f 5843/1/5 5841/1/5 5842/1/5
f 5844/1/5 5842/1/5 5839/1/5
f 5845/1/5 5841/1/5 5843/1/5
f 5846/1/5 5844/1/5 5839/1/5
f 5846/1/5 5845/1/5 5844/1/5
f 5847/1/5 5841/1/5 5845/1/5
f 5847/1/5 5845/1/5 5846/1/5
f 5848/1/5 5846/1/5 5839/1/5
f 5849/1/5 5841/1/5 5847/1/5
f 5850/1/5 5848/1/5 5839/1/5
f 5850/1/5 5849/1/5 5848/1/5
f 5851/1/5 5841/1/5 5849/1/5
f 5851/1/5 5849/1/5 5850/1/5
f 5852/1/5 5850/1/5 5839/1/5
f 5853/1/5 5841/1/5 5851/1/5
f 5854/1/5 5852/1/5 5839/1/5
f 5854/1/5 5853/1/5 5852/1/5
f 5855/1/5 5841/1/5 5853/1/5
f 5855/1/5 5853/1/5 5854/1/5
f 5856/1/5 5854/1/5 5839/1/5
f 5857/1/5 5841/1/5 5855/1/5
f 5858/1/5 5856/1/5 5839/1/5
f 5858/1/5 5857/1/5 5856/1/5
f 5859/1/5 5841/1/5 5857/1/5
f 5859/1/5 5857/1/5 5858/1/5
f 5860/1/5 5858/1/5 5839/1/5
f 5861/1/5 5841/1/5 5859/1/5
f 5862/1/5 5860/1/5 5839/1/5
f 5862/1/5 5861/1/5 5860/1/5
f 5863/1/5 5841/1/5 5861/1/5
f 5863/1/5 5861/1/5 5862/1/5
f 5864/1/5 5862/1/5 5839/1/5
f 5865/1/5 5841/1/5 5863/1/5
f 5866/1/5 5864/1/5 5839/1/5
f 5866/1/5 5865/1/5 5864/1/5
f 5867/1/5 5841/1/5 5865/1/5
f 5867/1/5 5865/1/5 5866/1/5
f 5868/1/5 5841/1/5 5867/1/5
f 5869/2/5 5868/2/5 5867/2/5
f 5870/2/5 5868/2/5 5869/2/5
f 5873/2/5 5872/2/5 5871/2/5
f 5874/2/5 5872/2/5 5873/2/5
f 5877/2/5 5876/2/5 5875/2/5
f 5878/2/5 5876/2/5 5877/2/5
f 5881/2/5 5880/2/5 5879/2/5
f 5882/2/5 5880/2/5 5881/2/5
f 5885/2/5 5884/2/5 5883/2/5
f 5886/2/5 5884/2/5 5885/2/5
f 5890/2/5 5888/2/5 5887/2/5
f 5891/2/5 5888/2/5 5890/2/5
f 5892/1/5 5890/1/5 5889/1/5
f 5892/1/5 5891/1/5 5890/1/5
f 5893/1/5 5891/1/5 5892/1/5
f 5894/1/5 5892/1/5 5889/1/5
f 5895/1/5 5891/1/5 5893/1/5
f 5896/1/5 5894/1/5 5889/1/5
f 5896/1/5 5895/1/5 5894/1/5
f 5897/1/5 5891/1/5 5895/1/5
f 5897/1/5 5895/1/5 5896/1/5
f 5898/1/5 5896/1/5 5889/1/5
f 5899/1/5 5891/1/5 5897/1/5
f 5900/1/5 5898/1/5 5889/1/5
f 5900/1/5 5899/1/5 5898/1/5
f 5901/1/5 5891/1/5 5899/1/5
f 5901/1/5 5899/1/5 5900/1/5
f 5902/1/5 5900/1/5 5889/1/5
f 5903/1/5 5891/1/5 5901/1/5
f 5904/1/5 5902/1/5 5889/1/5
f 5904/1/5 5903/1/5 5902/1/5
f 5905/1/5 5891/1/5 5903/1/5
f 5905/1/5 5903/1/5 5904/1/5
f 5906/1/5 5904/1/5 5889/1/5
f 5907/1/5 5891/1/5 5905/1/5
f 5908/1/5 5906/1/5 5889/1/5
f 5908/1/5 5907/1/5 5906/1/5
f 5909/1/5 5891/1/5 5907/1/5
f 5909/1/5 5907/1/5 5908/1/5
f 5910/1/5 5908/1/5 5889/1/5
f 5911/1/5 5891/1/5 5909/1/5
f 5912/1/5 5910/1/5 5889/1/5
f 5912/1/5 5911/1/5 5910/1/5
f 5913/1/5 5891/1/5 5911/1/5
f 5913/1/5 5911/1/5 5912/1/5
f 5914/1/5 5912/1/5 5889/1/5
f 5915/1/5 5891/1/5 5913/1/5
f 5916/1/5 5914/1/5 5889/1/5
f 5916/1/5 5915/1/5 5914/1/5
f 5917/1/5 5891/1/5 5915/1/5
f 5917/1/5 5915/1/5 5916/1/5
f 5918/1/5 5891/1/5 5917/1/5
f 5919/2/5 5918/2/5 5917/2/5
f 5920/2/5 5918/2/5 5919/2/5
f 5923/2/5 5922/2/5 5921/2/5
f 5924/2/5 5922/2/5 5923/2/5
f 5927/2/5 5926/2/5 5925/2/5
f 5928/2/5 5926/2/5 5927/2/5
f 5931/2/5 5930/2/5 5929/2/5
f 5932/2/5 5930/2/5 5931/2/5
f 5935/2/5 5934/2/5 5933/2/5
f 5936/2/5 5934/2/5 5935/2/5
f 5940/2/5 5938/2/5 5937/2/5
f 5941/2/5 5938/2/5 5940/2/5
f 5942/1/5 5940/1/5 5939/1/5
f 5942/1/5 5941/1/5 5940/1/5
f 5943/1/5 5941/1/5 5942/1/5
f 5944/1/5 5942/1/5 5939/1/5
f 5945/1/5 5941/1/5 5943/1/5
f 5946/1/5 5944/1/5 5939/1/5
f 5946/1/5 5945/1/5 5944/1/5
f 5947/1/5 5941/1/5 5945/1/5
f 5947/1/5 5945/1/5 5946/1/5
f 5948/1/5 5946/1/5 5939/1/5
f 5949/1/5 5941/1/5 5947/1/5
f 5950/1/5 5948/1/5 5939/1/5
f 5950/1/5 5949/1/5 5948/1/5
f 5951/1/5 5941/1/5 5949/1/5
f 5951/1/5 5949/1/5 5950/1/5
f 5952/1/5 5950/1/5 5939/1/5
f 5953/1/5 5941/1/5 5951/1/5
f 5954/1/5 5952/1/5 5939/1/5
f 5954/1/5 5953/1/5 5952/1/5
f 5955/1/5 5941/1/5 5953/1/5
f 5955/1/5 5953/1/5 5954/1/5
f 5956/1/5 5954/1/5 5939/1/5
f 5957/1/5 5941/1/5 5955/1/5
f 5958/1/5 5956/1/5 5939/1/5
f 5958/1/5 5957/1/5 5956/1/5
f 5959/1/5 5941/1/5 5957/1/5
f 5959/1/5 5957/1/5 5958/1/5
f 5960/1/5 5958/1/5 5939/1/5
f 5961/1/5 5941/1/5 5959/1/5
f 5962/1/5 5960/1/5 5939/1/5
f 5962/1/5 5961/1/5 5960/1/5
f 5963/1/5 5941/1/5 5961/1/5
f 5963/1/5 5961/1/5 5962/1/5
f 5964/1/5 5962/1/5 5939/1/5
f 5965/1/5 5941/1/5 5963/1/5
f 5966/1/5 5964/1/5 5939/1/5
f 5966/1/5 5965/1/5 5964/1/5
f 5967/1/5 5941/1/5 5965/1/5
f 5967/1/5 5965/1/5 5966/1/5
f 5968/1/5 5941/1/5 5967/1/5
f 5969/2/5 5968/2/5 5967/2/5
f 5970/2/5 5968/2/5 5969/2/5
f 5973/2/5 5972/2/5 5971/2/5
f 5974/2/5 5972/2/5 5973/2/5
f 5977/2/5 5976/2/5 5975/2/5
f 5978/2/5 5976/2/5 5977/2/5
f 5981/2/5 5980/2/5 5979/2/5
f 5982/2/5 5980/2/5 5981/2/5
f 5985/2/5 5984/2/5 5983/2/5
f 5986/2/5 5984/2/5 5985/2/5
f 5990/2/5 5988/2/5 5987/2/5
f 5991/2/5 5988/2/5 5990/2/5
f 5992/1/5 5990/1/5 5989/1/5
f 5992/1/5 5991/1/5 5990/1/5
f 5993/1/5 5991/1/5 5992/1/5
f 5994/1/5 5992/1/5 5989/1/5
f 5995/1/5 5991/1/5 5993/1/5
f 5996/1/5 5994/1/5 5989/1/5
f 5996/1/5 5995/1/5 5994/1/5
f 5997/1/5 5991/1/5 5995/1/5
f 5997/1/5 5995/1/5 5996/1/5
f 5998/1/5 5996/1/5 5989/1/5
f 5999/1/5 5991/1/5 5997/1/5
f 6000/1/5 5998/1/5 5989/1/5
f 6000/1/5 5999/1/5 5998/1/5
f 6001/1/5 5991/1/5 5999/1/5
f 6001/1/5 5999/1/5 6000/1/5
f 6002/1/5 6000/1/5 5989/1/5
f 6003/1/5 5991/1/5 6001/1/5
f 6004/1/5 6002/1/5 5989/1/5
f 6004/1/5 6003/1/5 6002/1/5
f 6005/1/5 5991/1/5 6003/1/5
f 6005/1/5 6003/1/5 6004/1/5
f 6006/1/5 6004/1/5 5989/1/5
f 6007/1/5 5991/1/5 6005/1/5
f 6008/1/5 6006/1/5 5989/1/5
f 6008/1/5 6007/1/5 6006/1/5
f 6009/1/5 5991/1/5 6007/1/5
f 6009/1/5 6007/1/5 6008/1/5
f 6010/1/5 6008/1/5 5989/1/5
f 6011/1/5 5991/1/5 6009/1/5
f 6012/1/5 6010/1/5 5989/1/5
f 6012/1/5 6011/1/5 6010/1/5
f 6013/1/5 5991/1/5 6011/1/5
f 6013/1/5 6011/1/5 6012/1/5
f 6014/1/5 6012/1/5 5989/1/5
f 6015/1/5 5991/1/5 6013/1/5
f 6016/1/5 6014/1/5 5989/1/5
f 6016/1/5 6015/1/5 6014/1/5
f 6017/1/5 5991/1/5 6015/1/5
f 6017/1/5 6015/1/5 6016/1/5
f 6018/1/5 5991/1/5 6017/1/5
f 6019/2/5 6018/2/5 6017/2/5
f 6020/2/5 6018/2/5 6019/2/5
f 6023/2/5 6022/2/5 6021/2/5
f 6024/2/5 6022/2/5 6023/2/5
f 6027/2/5 6026/2/5 6025/2/5
f 6028/2/5 6026/2/5 6027/2/5
f 6031/2/5 6030/2/5 6029/2/5
f 6032/2/5 6030/2/5 6031/2/5
f 6035/2/5 6034/2/5 6033/2/5
f 6036/2/5 6034/2/5 6035/2/5
f 6040/2/5 6038/2/5 6037/2/5
f 6041/2/5 6038/2/5 6040/2/5
f 6042/1/5 6040/1/5 6039/1/5
f 6042/1/5 6041/1/5 6040/1/5
f 6043/1/5 6041/1/5 6042/1/5
f 6044/1/5 6042/1/5 6039/1/5
f 6045/1/5 6041/1/5 6043/1/5
f 6046/1/5 6044/1/5 6039/1/5
f 6046/1/5 6045/1/5 6044/1/5
f 6047/1/5 6041/1/5 6045/1/5
f 6047/1/5 6045/1/5 6046/1/5
f 6048/1/5 6046/1/5 6039/1/5
f 6049/1/5 6041/1/5 6047/1/5
f 6050/1/5 6048/1/5 6039/1/5
f 6050/1/5 6049/1/5 6048/1/5
f 6051/1/5 6041/1/5 6049/1/5
f 6051/1/5 6049/1/5 6050/1/5
f 6052/1/5 6050/1/5 6039/1/5
f 6053/1/5 6041/1/5 6051/1/5
f 6054/1/5 6052/1/5 6039/1/5
f 6054/1/5 6053/1/5 6052/1/5
f 6055/1/5 6041/1/5 6053/1/5
f 6055/1/5 6053/1/5 6054/1/5
f 6056/1/5 6054/1/5 6039/1/5
f 6057/1/5 6041/1/5 6055/1/5
f 6058/1/5 6056/1/5 6039/1/5
f 6058/1/5 6057/1/5 6056/1/5
f 6059/1/5 6041/1/5 6057/1/5
f 6059/1/5 6057/1/5 6058/1/5
f 6060/1/5 6058/1/5 6039/1/5
f 6061/1/5 6041/1/5 6059/1/5
f 6062/1/5 6060/1/5 6039/1/5
f 6062/1/5 6061/1/5 6060/1/5
f 6063/1/5 6041/1/5 6061/1/5
f 6063/1/5 6061/1/5 6062/1/5
f 6064/1/5 6062/1/5 6039/1/5
f 6065/1/5 6041/1/5 6063/1/5
f 6066/1/5 6064/1/5 6039/1/5
f 6066/1/5 6065/1/5 6064/1/5
f 6067/1/5 6041/1/5 6065/1/5
f 6067/1/5 6065/1/5 6066/1/5
f 6068/1/5 6041/1/5 6067/1/5
f 6069/2/5 6068/2/5 6067/2/5
f 6070/2/5 6068/2/5 6069/2/5
f 6073/2/5 6072/2/5 6071/2/5
f 6074/2/5 6072/2/5 6073/2/5
f 6077/2/5 6076/2/5 6075/2/5
f 6078/2/5 6076/2/5 6077/2/5
f 6081/2/5 6080/2/5 6079/2/5
f 6082/2/5 6080/2/5 6081/2/5
f 6085/2/5 6084/2/5 6083/2/5
f 6086/2/5 6084/2/5 6085/2/5
f 6090/2/5 6088/2/5 6087/2/5
f 6091/2/5 6088/2/5 6090/2/5
f 6092/1/5 6090/1/5 6089/1/5
f 6092/1/5 6091/1/5 6090/1/5
f 6093/1/5 6091/1/5 6092/1/5
f 6094/1/5 6092/1/5 6089/1/5
f 6095/1/5 6091/1/5 6093/1/5
f 6096/1/5 6094/1/5 6089/1/5
f 6096/1/5 6095/1/5 6094/1/5
f 6097/1/5 6091/1/5 6095/1/5
f 6097/1/5 6095/1/5 6096/1/5
f 6098/1/5 6096/1/5 6089/1/5
f 6099/1/5 6091/1/5 6097/1/5
f 6100/1/5 6098/1/5 6089/1/5
f 6100/1/5 6099/1/5 6098/1/5
f 6101/1/5 6091/1/5 6099/1/5
f 6101/1/5 6099/1/5 6100/1/5
f 6102/1/5 6100/1/5 6089/1/5
f 6103/1/5 6091/1/5 6101/1/5
f 6104/1/5 6102/1/5 6089/1/5
f 6104/1/5 6103/1/5 6102/1/5
f 6105/1/5 6091/1/5 6103/1/5
f 6105/1/5 6103/1/5 6104/1/5
f 6106/1/5 6104/1/5 6089/1/5
f 6107/1/5 6091/1/5 6105/1/5
f 6108/1/5 6106/1/5 6089/1/5
f 6108/1/5 6107/1/5 6106/1/5
f 6109/1/5 6091/1/5 6107/1/5
f 6109/1/5 6107/1/5 6108/1/5
f 6110/1/5 6108/1/5 6089/1/5
f 6111/1/5 6091/1/5 6109/1/5
f 6112/1/5 6110/1/5 6089/1/5
f 6112/1/5 6111/1/5 6110/1/5
f 6113/1/5 6091/1/5 6111/1/5
f 6113/1/5 6111/1/5 6112/1/5
f 6114/1/5 6112/1/5 6089/1/5
f 6115/1/5 6091/1/5 6113/1/5
f 6116/1/5 6114/1/5 6089/1/5
f 6116/1/5 6115/1/5 6114/1/5
f 6117/1/5 6091/1/5 6115/1/5
f 6117/1/5 6115/1/5 6116/1/5
f 6118/1/5 6091/1/5 6117/1/5
f 6119/2/5 6118/2/5 6117/2/5
f 6120/2/5 6118/2/5 6119/2/5
f 6123/2/5 6122/2/5 6121/2/5
f 6124/2/5 6122/2/5 6123/2/5
f 6127/2/5 6126/2/5 6125/2/5
f 6128/2/5 6126/2/5 6127/2/5
f 6131/2/5 6130/2/5 6129/2/5
f 6132/2/5 6130/2/5 6131/2/5
f 6135/2/5 6134/2/5 6133/2/5
f 6136/2/5 6134/2/5 6135/2/5
f 6140/2/5 6138/2/5 6137/2/5
f 6141/2/5 6138/2/5 6140/2/5
f 6142/1/5 6140/1/5 6139/1/5
f 6142/1/5 6141/1/5 6140/1/5
f 6143/1/5 6141/1/5 6142/1/5
f 6144/1/5 6142/1/5 6139/1/5
f 6145/1/5 6141/1/5 6143/1/5
f 6146/1/5 6144/1/5 6139/1/5
f 6146/1/5 6145/1/5 6144/1/5
f 6147/1/5 6141/1/5 6145/1/5
f 6147/1/5 6145/1/5 6146/1/5
f 6148/1/5 6146/1/5 6139/1/5
f 6149/1/5 6141/1/5 6147/1/5
f 6150/1/5 6148/1/5 6139/1/5
f 6150/1/5 6149/1/5 6148/1/5
f 6151/1/5 6141/1/5 6149/1/5
f 6151/1/5 6149/1/5 6150/1/5
f 6152/1/5 6150/1/5 6139/1/5
f 6153/1/5 6141/1/5 6151/1/5
f 6154/1/5 6152/1/5 6139/1/5
f 6154/1/5 6153/1/5 6152/1/5
f 6155/1/5 6141/1/5 6153/1/5
f 6155/1/5 6153/1/5 6154/1/5
f 6156/1/5 6154/1/5 6139/1/5
f 6157/1/5 6141/1/5 6155/1/5
f 6158/1/5 6156/1/5 6139/1/5
f 6158/1/5 6157/1/5 6156/1/5
f 6159/1/5 6141/1/5 6157/1/5
f 6159/1/5 6157/1/5 6158/1/5
f 6160/1/5 6158/1/5 6139/1/5
f 6161/1/5 6141/1/5 6159/1/5
f 6162/1/5 6160/1/5 6139/1/5
f 6162/1/5 6161/1/5 6160/1/5
f 6163/1/5 6141/1/5 6161/1/5
f 6163/1/5 6161/1/5 6162/1/5
f 6164/1/5 6162/1/5 6139/1/5
f 6165/1/5 6141/1/5 6163/1/5
f 6166/1/5 6164/1/5 6139/1/5
f 6166/1/5 6165/1/5 6164/1/5
f 6167/1/5 6141/1/5 6165/1/5
f 6167/1/5 6165/1/5 6166/1/5
f 6168/1/5 6141/1/5 6167/1/5
f 6169/2/5 6168/2/5 6167/2/5
f 6170/2/5 6168/2/5 6169/2/5
f 6171/2/6 6172/2/6 6173/2/6
f 6173/2/6 6172/2/6 6174/2/6
f 6175/2/6 6176/2/6 6177/2/6
f 6177/2/6 6176/2/6 6178/2/6
f 6179/2/6 6180/2/6 6181/2/6
f 6181/2/6 6180/2/6 6182/2/6
f 6181/1/6 6182/1/6 6184/1/6
f 6182/1/6 6183/1/6 6184/1/6
f 6184/1/6 6183/1/6 6185/1/6
f 6181/1/6 6184/1/6 6186/1/6
f 6185/1/6 6183/1/6 6187/1/6
f 6181/1/6 6186/1/6 6188/1/6
f 6186/1/6 6187/1/6 6188/1/6
f 6187/1/6 6183/1/6 6189/1/6
f 6188/1/6 6187/1/6 6189/1/6
f 6181/1/6 6188/1/6 6190/1/6
f 6189/1/6 6183/1/6 6191/1/6
f 6181/1/6 6190/1/6 6192/1/6
f 6190/1/6 6191/1/6 6192/1/6
f 6191/1/6 6183/1/6 6193/1/6
f 6192/1/6 6191/1/6 6193/1/6
f 6181/1/6 6192/1/6 6194/1/6
f 6193/1/6 6183/1/6 6195/1/6
f 6181/1/6 6194/1/6 6196/1/6
f 6194/1/6 6195/1/6 6196/1/6
f 6195/1/6 6183/1/6 6197/1/6
f 6196/1/6 6195/1/6 6197/1/6
f 6181/1/6 6196/1/6 6198/1/6
f 6197/1/6 6183/1/6 6199/1/6
f 6181/1/6 6198/1/6 6200/1/6
f 6198/1/6 6199/1/6 6200/1/6
f 6199/1/6 6183/1/6 6201/1/6
f 6200/1/6 6199/1/6 6201/1/6
f 6181/1/6 6200/1/6 6202/1/6
f 6201/1/6 6183/1/6 6203/1/6
f 6181/1/6 6202/1/6 6204/1/6
f 6202/1/6 6203/1/6 6204/1/6
f 6203/1/6 6183/1/6 6205/1/6
f 6204/1/6 6203/1/6 6205/1/6
f 6181/1/6 6204/1/6 6206/1/6
f 6205/1/6 6183/1/6 6207/1/6
f 6181/1/6 6206/1/6 6208/1/6
f 6206/1/6 6207/1/6 6208/1/6
f 6208/1/6 6207/1/6 6209/1/6
f 6207/1/6 6183/1/6 6210/1/6
f 6209/1/6 6207/1/6 6210/1/6
f 6208/2/6 6209/2/6 6211/2/6
f 6211/2/6 6209/2/6 6212/2/6
f 6213/2/6 6214/2/6 6215/2/6
f 6215/2/6 6214/2/6 6216/2/6
f 6217/2/6 6218/2/6 6219/2/6
f 6219/2/6 6218/2/6 6220/2/6
f 6221/2/6 6222/2/6 6223/2/6
f 6223/2/6 6222/2/6 6224/2/6
f 6225/2/6 6226/2/6 6227/2/6
f 6227/2/6 6226/2/6 6228/2/6
f 6229/2/6 6230/2/6 6231/2/6
f 6231/2/6 6230/2/6 6232/2/6
f 6231/1/6 6232/1/6 6234/1/6
f 6232/1/6 6233/1/6 6234/1/6
f 6234/1/6 6233/1/6 6235/1/6
f 6231/1/6 6234/1/6 6236/1/6
f 6235/1/6 6233/1/6 6237/1/6
f 6231/1/6 6236/1/6 6238/1/6
f 6236/1/6 6237/1/6 6238/1/6
f 6237/1/6 6233/1/6 6239/1/6
f 6238/1/6 6237/1/6 6239/1/6
f 6231/1/6 6238/1/6 6240/1/6
f 6239/1/6 6233/1/6 6241/1/6
f 6231/1/6 6240/1/6 6242/1/6
f 6240/1/6 6241/1/6 6242/1/6
f 6241/1/6 6233/1/6 6243/1/6
f 6242/1/6 6241/1/6 6243/1/6
f 6231/1/6 6242/1/6 6244/1/6
f 6243/1/6 6233/1/6 6245/1/6
f 6231/1/6 6244/1/6 6246/1/6
f 6244/1/6 6245/1/6 6246/1/6
f 6245/1/6 6233/1/6 6247/1/6
f 6246/1/6 6245/1/6 6247/1/6
f 6231/1/6 6246/1/6 6248/1/6
f 6247/1/6 6233/1/6 6249/1/6
f 6231/1/6 6248/1/6 6250/1/6
f 6248/1/6 6249/1/6 6250/1/6
f 6249/1/6 6233/1/6 6251/1/6
f 6250/1/6 6249/1/6 6251/1/6
f 6231/1/6 6250/1/6 6252/1/6
f 6251/1/6 6233/1/6 6253/1/6
f 6231/1/6 6252/1/6 6254/1/6
f 6252/1/6 6253/1/6 6254/1/6
f 6253/1/6 6233/1/6 6255/1/6
f 6254/1/6 6253/1/6 6255/1/6
f 6231/1/6 6254/1/6 6256/1/6
f 6255/1/6 6233/1/6 6257/1/6
f 6231/1/6 6256/1/6 6258/1/6
f 6256/1/6 6257/1/6 6258/1/6
f 6258/1/6 6257/1/6 6259/1/6
f 6257/1/6 6233/1/6 6260/1/6
f 6259/1/6 6257/1/6 6260/1/6
f 6258/2/6 6259/2/6 6261/2/6
f 6261/2/6 6259/2/6 6262/2/6
f 6263/2/6 6264/2/6 6265/2/6
f 6265/2/6 6264/2/6 6266/2/6
f 6267/2/6 6268/2/6 6269/2/6
f 6269/2/6 6268/2/6 6270/2/6
f 6271/2/6 6272/2/6 6273/2/6
f 6273/2/6 6272/2/6 6274/2/6
f 6275/2/6 6276/2/6 6277/2/6
f 6277/2/6 6276/2/6 6278/2/6
f 6279/2/6 6280/2/6 6281/2/6
f 6281/2/6 6280/2/6 6282/2/6
f 6281/1/6 6282/1/6 6284/1/6
f 6282/1/6 6283/1/6 6284/1/6
f 6284/1/6 6283/1/6 6285/1/6
f 6281/1/6 6284/1/6 6286/1/6
f 6285/1/6 6283/1/6 6287/1/6
f 6281/1/6 6286/1/6 6288/1/6
f 6286/1/6 6287/1/6 6288/1/6
f 6287/1/6 6283/1/6 6289/1/6
f 6288/1/6 6287/1/6 6289/1/6
f 6281/1/6 6288/1/6 6290/1/6
f 6289/1/6 6283/1/6 6291/1/6
f 6281/1/6 6290/1/6 6292/1/6
f 6290/1/6 6291/1/6 6292/1/6
f 6291/1/6 6283/1/6 6293/1/6
f 6292/1/6 6291/1/6 6293/1/6
f 6281/1/6 6292/1/6 6294/1/6
f 6293/1/6 6283/1/6 6295/1/6
f 6281/1/6 6294/1/6 6296/1/6
f 6294/1/6 6295/1/6 6296/1/6
f 6295/1/6 6283/1/6 6297/1/6
f 6296/1/6 6295/1/6 6297/1/6
f 6281/1/6 6296/1/6 6298/1/6
f 6297/1/6 6283/1/6 6299/1/6
f 6281/1/6 6298/1/6 6300/1/6
f 6298/1/6 6299/1/6 6300/1/6
f 6299/1/6 6283/1/6 6301/1/6
f 6300/1/6 6299/1/6 6301/1/6
f 6281/1/6 6300/1/6 6302/1/6
f 6301/1/6 6283/1/6 6303/1/6
f 6281/1/6 6302/1/6 6304/1/6
f 6302/1/6 6303/1/6 6304/1/6
f 6303/1/6 6283/1/6 6305/1/6
f 6304/1/6 6303/1/6 6305/1/6
f 6281/1/6 6304/1/6 6306/1/6
f 6305/1/6 6283/1/6 6307/1/6
f 6281/1/6 6306/1/6 6308/1/6
f 6306/1/6 6307/1/6 6308/1/6
f 6308/1/6 6307/1/6 6309/1/6
f 6307/1/6 6283/1/6 6310/1/6
f 6309/1/6 6307/1/6 6310/1/6
f 6308/2/6 6309/2/6 6311/2/6
f 6311/2/6 6309/2/6 6312/2/6
f 6313/2/6 6314/2/6 6315/2/6
f 6315/2/6 6314/2/6 6316/2/6
f 6317/2/6 6318/2/6 6319/2/6
f 6319/2/6 6318/2/6 6320/2/6
f 6321/2/6 6322/2/6 6323/2/6
f 6323/2/6 6322/2/6 6324/2/6
f 6325/2/6 6326/2/6 6327/2/6
f 6327/2/6 6326/2/6 6328/2/6
f 6329/2/6 6330/2/6 6331/2/6
f 6331/2/6 6330/2/6 6332/2/6
f 6331/1/6 6332/1/6 6334/1/6
f 6332/1/6 6333/1/6 6334/1/6
f 6334/1/6 6333/1/6 6335/1/6
f 6331/1/6 6334/1/6 6336/1/6
f 6335/1/6 6333/1/6 6337/1/6
f 6331/1/6 6336/1/6 6338/1/6
f 6336/1/6 6337/1/6 6338/1/6
f 6337/1/6 6333/1/6 6339/1/6
f 6338/1/6 6337/1/6 6339/1/6
f 6331/1/6 6338/1/6 6340/1/6
f 6339/1/6 6333/1/6 6341/1/6
f 6331/1/6 6340/1/6 6342/1/6
f 6340/1/6 6341/1/6 6342/1/6
f 6341/1/6 6333/1/6 6343/1/6
f 6342/1/6 6341/1/6 6343/1/6
f 6331/1/6 6342/1/6 6344/1/6
f 6343/1/6 6333/1/6 6345/1/6
f 6331/1/6 6344/1/6 6346/1/6
f 6344/1/6 6345/1/6 6346/1/6
f 6345/1/6 6333/1/6 6347/1/6
f 6346/1/6 6345/1/6 6347/1/6
f 6331/1/6 6346/1/6 6348/1/6
f 6347/1/6 6333/1/6 6349/1/6
f 6331/1/6 6348/1/6 6350/1/6
f 6348/1/6 6349/1/6 6350/1/6
f 6349/1/6 6333/1/6 6351/1/6
f 6350/1/6 6349/1/6 6351/1/6
f 6331/1/6 6350/1/6 6352/1/6
f 6351/1/6 6333/1/6 6353/1/6
f 6331/1/6 6352/1/6 6354/1/6
f 6352/1/6 6353/1/6 6354/1/6
f 6353/1/6 6333/1/6 6355/1/6
f 6354/1/6 6353/1/6 6355/1/6
f 6331/1/6 6354/1/6 6356/1/6
f 6355/1/6 6333/1/6 6357/1/6
f 6331/1/6 6356/1/6 6358/1/6
f 6356/1/6 6357/1/6 6358/1/6
f 6358/1/6 6357/1/6 6359/1/6
f 6357/1/6 6333/1/6 6360/1/6
f 6359/1/6 6357/1/6 6360/1/6
f 6358/2/6 6359/2/6 6361/2/6
f 6361/2/6 6359/2/6 6362/2/6
f 6363/2/6 6364/2/6 6365/2/6
f 6365/2/6 6364/2/6 6366/2/6
f 6367/2/6 6368/2/6 6369/2/6
f 6369/2/6 6368/2/6 6370/2/6
f 6371/2/6 6372/2/6 6373/2/6
f 6373/2/6 6372/2/6 6374/2/6
f 6375/2/6 6376/2/6 6377/2/6
f 6377/2/6 6376/2/6 6378/2/6
f 6379/2/6 6380/2/6 6381/2/6
f 6381/2/6 6380/2/6 6382/2/6
f 6381/1/6 6382/1/6 6384/1/6
f 6382/1/6 6383/1/6 6384/1/6
f 6384/1/6 6383/1/6 6385/1/6
f 6381/1/6 6384/1/6 6386/1/6
f 6385/1/6 6383/1/6 6387/1/6
f 6381/1/6 6386/1/6 6388/1/6
f 6386/1/6 6387/1/6 6388/1/6
f 6387/1/6 6383/1/6 6389/1/6
f 6388/1/6 6387/1/6 6389/1/6
f 6381/1/6 6388/1/6 6390/1/6
f 6389/1/6 6383/1/6 6391/1/6
f 6381/1/6 6390/1/6 6392/1/6
f 6390/1/6 6391/1/6 6392/1/6
f 6391/1/6 6383/1/6 6393/1/6
f 6392/1/6 6391/1/6 6393/1/6
f 6381/1/6 6392/1/6 6394/1/6
f 6393/1/6 6383/1/6 6395/1/6
f 6381/1/6 6394/1/6 6396/1/6
f 6394/1/6 6395/1/6 6396/1/6
f 6395/1/6 6383/1/6 6397/1/6
f 6396/1/6 6395/1/6 6397/1/6
f 6381/1/6 6396/1/6 6398/1/6
f 6397/1/6 6383/1/6 6399/1/6
f 6381/1/6 6398/1/6 6400/1/6
f 6398/1/6 6399/1/6 6400/1/6
f 6399/1/6 6383/1/6 6401/1/6
f 6400/1/6 6399/1/6 6401/1/6
f 6381/1/6 6400/1/6 6402/1/6
f 6401/1/6 6383/1/6 6403/1/6
f 6381/1/6 6402/1/6 6404/1/6
f 6402/1/6 6403/1/6 6404/1/6
f 6403/1/6 6383/1/6 6405/1/6
f 6404/1/6 6403/1/6 6405/1/6
f 6381/1/6 6404/1/6 6406/1/6
f 6405/1/6 6383/1/6 6407/1/6
f 6381/1/6 6406/1/6 6408/1/6
f 6406/1/6 6407/1/6 6408/1/6
f 6408/1/6 6407/1/6 6409/1/6
f 6407/1/6 6383/1/6 6410/1/6
f 6409/1/6 6407/1/6 6410/1/6
f 6408/2/6 6409/2/6 6411/2/6
f 6411/2/6 6409/2/6 6412/2/6
f 6413/2/6 6414/2/6 6415/2/6
f 6415/2/6 6414/2/6 6416/2/6
f 6417/2/6 6418/2/6 6419/2/6
f 6419/2/6 6418/2/6 6420/2/6
f 6421/2/6 6422/2/6 6423/2/6
f 6423/2/6 6422/2/6 6424/2/6
f 6425/2/6 6426/2/6 6427/2/6
f 6427/2/6 6426/2/6 6428/2/6
f 6429/2/6 6430/2/6 6431/2/6
f 6431/2/6 6430/2/6 6432/2/6
f 6431/1/6 6432/1/6 6434/1/6
f 6432/1/6 6433/1/6 6434/1/6
f 6434/1/6 6433/1/6 6435/1/6
f 6431/1/6 6434/1/6 6436/1/6
f 6435/1/6 6433/1/6 6437/1/6
f 6431/1/6 6436/1/6 6438/1/6
f 6436/1/6 6437/1/6 6438/1/6
f 6437/1/6 6433/1/6 6439/1/6
f 6438/1/6 6437/1/6 6439/1/6
f 6431/1/6 6438/1/6 6440/1/6
f 6439/1/6 6433/1/6 6441/1/6
f 6431/1/6 6440/1/6 6442/1/6
f 6440/1/6 6441/1/6 6442/1/6
f 6441/1/6 6433/1/6 6443/1/6
f 6442/1/6 6441/1/6 6443/1/6
f 6431/1/6 6442/1/6 6444/1/6
f 6443/1/6 6433/1/6 6445/1/6
f 6431/1/6 6444/1/6 6446/1/6
f 6444/1/6 6445/1/6 6446/1/6
f 6445/1/6 6433/1/6 6447/1/6
f 6446/1/6 6445/1/6 6447/1/6
f 6431/1/6 6446/1/6 6448/1/6
f 6447/1/6 6433/1/6 6449/1/6
f 6431/1/6 6448/1/6 6450/1/6
f 6448/1/6 6449/1/6 6450/1/6
f 6449/1/6 6433/1/6 6451/1/6
f 6450/1/6 6449/1/6 6451/1/6
f 6431/1/6 6450/1/6 6452/1/6
f 6451/1/6 6433/1/6 6453/1/6
f 6431/1/6 6452/1/6 6454/1/6
f 6452/1/6 6453/1/6 6454/1/6
f 6453/1/6 6433/1/6 6455/1/6
f 6454/1/6 6453/1/6 6455/1/6
f 6431/1/6 6454/1/6 6456/1/6
f 6455/1/6 6433/1/6 6457/1/6
f 6431/1/6 6456/1/6 6458/1/6
f 6456/1/6 6457/1/6 6458/1/6
f 6458/1/6 6457/1/6 6459/1/6
f 6457/1/6 6433/1/6 6460/1/6
f 6459/1/6 6457/1/6 6460/1/6
f 6458/2/6 6459/2/6 6461/2/6
f 6461/2/6 6459/2/6 6462/2/6
f 6463/2/6 6464/2/6 6465/2/6
f 6465/2/6 6464/2/6 6466/2/6
f 6467/2/6 6468/2/6 6469/2/6
f 6469/2/6 6468/2/6 6470/2/6
f 6471/2/6 6472/2/6 6473/2/6
f 6473/2/6 6472/2/6 6474/2/6
f 6475/2/6 6476/2/6 6477/2/6
f 6477/2/6 6476/2/6 6478/2/6
f 6479/2/6 6480/2/6 6481/2/6
f 6481/2/6 6480/2/6 6482/2/6
f 6481/1/6 6482/1/6 6484/1/6
f 6482/1/6 6483/1/6 6484/1/6
f 6484/1/6 6483/1/6 6485/1/6
f 6481/1/6 6484/1/6 6486/1/6
f 6485/1/6 6483/1/6 6487/1/6
f 6481/1/6 6486/1/6 6488/1/6
f 6486/1/6 6487/1/6 6488/1/6
f 6487/1/6 6483/1/6 6489/1/6
f 6488/1/6 6487/1/6 6489/1/6
f 6481/1/6 6488/1/6 6490/1/6
f 6489/1/6 6483/1/6 6491/1/6
f 6481/1/6 6490/1/6 6492/1/6
f 6490/1/6 6491/1/6 6492/1/6
f 6491/1/6 6483/1/6 6493/1/6
f 6492/1/6 6491/1/6 6493/1/6
f 6481/1/6 6492/1/6 6494/1/6
f 6493/1/6 6483/1/6 6495/1/6
f 6481/1/6 6494/1/6 6496/1/6
f 6494/1/6 6495/1/6 6496/1/6
f 6495/1/6 6483/1/6 6497/1/6
f 6496/1/6 6495/1/6 6497/1/6
f 6481/1/6 6496/1/6 6498/1/6
f 6497/1/6 6483/1/6 6499/1/6
f 6481/1/6 6498/1/6 6500/1/6
f 6498/1/6 6499/1/6 6500/1/6
f 6499/1/6 6483/1/6 6501/1/6
f 6500/1/6 6499/1/6 6501/1/6
f 6481/1/6 6500/1/6 6502/1/6
f 6501/1/6 6483/1/6 6503/1/6
f 6481/1/6 6502/1/6 6504/1/6
f 6502/1/6 6503/1/6 6504/1/6
f 6503/1/6 6483/1/6 6505/1/6
f 6504/1/6 6503/1/6 6505/1/6
f 6481/1/6 6504/1/6 6506/1/6
f 6505/1/6 6483/1/6 6507/1/6
f 6481/1/6 6506/1/6 6508/1/6
f 6506/1/6 6507/1/6 6508/1/6
f 6508/1/6 6507/1/6 6509/1/6
f 6507/1/6 6483/1/6 6510/1/6
f 6509/1/6 6507/1/6 6510/1/6
f 6508/2/6 6509/2/6 6511/2/6
f 6511/2/6 6509/2/6 6512/2/6
f 6513/2/6 6514/2/6 6515/2/6
f 6515/2/6 6514/2/6 6516/2/6
f 6517/2/6 6518/2/6 6519/2/6
f 6519/2/6 6518/2/6 6520/2/6
f 6521/2/6 6522/2/6 6523/2/6
f 6523/2/6 6522/2/6 6524/2/6
f 6525/2/6 6526/2/6 6527/2/6
f 6527/2/6 6526/2/6 6528/2/6
f 6529/2/6 6530/2/6 6531/2/6
f 6531/2/6 6530/2/6 6532/2/6
f 6531/1/6 6532/1/6 6534/1/6
f 6532/1/6 6533/1/6 6534/1/6
f 6534/1/6 6533/1/6 6535/1/6
f 6531/1/6 6534/1/6 6536/1/6
f 6535/1/6 6533/1/6 6537/1/6
f 6531/1/6 6536/1/6 6538/1/6
f 6536/1/6 6537/1/6 6538/1/6
f 6537/1/6 6533/1/6 6539/1/6
f 6538/1/6 6537/1/6 6539/1/6
f 6531/1/6 6538/1/6 6540/1/6
f 6539/1/6 6533/1/6 6541/1/6
f 6531/1/6 6540/1/6 6542/1/6
f 6540/1/6 6541/1/6 6542/1/6
f 6541/1/6 6533/1/6 6543/1/6
f 6542/1/6 6541/1/6 6543/1/6
f 6531/1/6 6542/1/6 6544/1/6
f 6543/1/6 6533/1/6 6545/1/6
f 6531/1/6 6544/1/6 6546/1/6
f 6544/1/6 6545/1/6 6546/1/6
f 6545/1/6 6533/1/6 6547/1/6
f 6546/1/6 6545/1/6 6547/1/6
f 6531/1/6 6546/1/6 6548/1/6
f 6547/1/6 6533/1/6 6549/1/6
f 6531/1/6 6548/1/6 6550/1/6
f 6548/1/6 6549/1/6 6550/1/6
f 6549/1/6 6533/1/6 6551/1/6
f 6550/1/6 6549/1/6 6551/1/6
f 6531/1/6 6550/1/6 6552/1/6
f 6551/1/6 6533/1/6 6553/1/6
f 6531/1/6 6552/1/6 6554/1/6
f 6552/1/6 6553/1/6 6554/1/6
f 6553/1/6 6533/1/6 6555/1/6
f 6554/1/6 6553/1/6 6555/1/6
f 6531/1/6 6554/1/6 6556/1/6
f 6555/1/6 6533/1/6 6557/1/6
f 6531/1/6 6556/1/6 6558/1/6
f 6556/1/6 6557/1/6 6558/1/6
f 6558/1/6 6557/1/6 6559/1/6
f 6557/1/6 6533/1/6 6560/1/6
f 6559/1/6 6557/1/6 6560/1/6
f 6558/2/6 6559/2/6 6561/2/6
f 6561/2/6 6559/2/6 6562/2/6
f 6563/2/6 6564/2/6 6565/2/6
f 6565/2/6 6564/2/6 6566/2/6
f 6567/2/6 6568/2/6 6569/2/6
f 6569/2/6 6568/2/6 6570/2/6
f 6571/2/6 6572/2/6 6573/2/6
f 6573/2/6 6572/2/6 6574/2/6
f 6575/2/6 6576/2/6 6577/2/6
f 6577/2/6 6576/2/6 6578/2/6
f 6579/2/6 6580/2/6 6581/2/6
f 6581/2/6 6580/2/6 6582/2/6
f 6581/1/6 6582/1/6 6584/1/6
f 6582/1/6 6583/1/6 6584/1/6
f 6584/1/6 6583/1/6 6585/1/6
f 6581/1/6 6584/1/6 6586/1/6
f 6585/1/6 6583/1/6 6587/1/6
f 6581/1/6 6586/1/6 6588/1/6
f 6586/1/6 6587/1/6 6588/1/6
f 6587/1/6 6583/1/6 6589/1/6
f 6588/1/6 6587/1/6 6589/1/6
f 6581/1/6 6588/1/6 6590/1/6
f 6589/1/6 6583/1/6 6591/1/6
f 6581/1/6 6590/1/6 6592/1/6
f 6590/1/6 6591/1/6 6592/1/6
f 6591/1/6 6583/1/6 6593/1/6
f 6592/1/6 6591/1/6 6593/1/6
f 6581/1/6 6592/1/6 6594/1/6
f 6593/1/6 6583/1/6 6595/1/6
f 6581/1/6 6594/1/6 6596/1/6
f 6594/1/6 6595/1/6 6596/1/6
f 6595/1/6 6583/1/6 6597/1/6
f 6596/1/6 6595/1/6 6597/1/6
f 6581/1/6 6596/1/6 6598/1/6
f 6597/1/6 6583/1/6 6599/1/6
f 6581/1/6 6598/1/6 6600/1/6
f 6598/1/6 6599/1/6 6600/1/6
f 6599/1/6 6583/1/6 6601/1/6
f 6600/1/6 6599/1/6 6601/1/6
f 6581/1/6 6600/1/6 6602/1/6
f 6601/1/6 6583/1/6 6603/1/6
f 6581/1/6 6602/1/6 6604/1/6
f 6602/1/6 6603/1/6 6604/1/6
f 6603/1/6 6583/1/6 6605/1/6
f 6604/1/6 6603/1/6 6605/1/6
f 6581/1/6 6604/1/6 6606/1/6
f 6605/1/6 6583/1/6 6607/1/6
f 6581/1/6 6606/1/6 6608/1/6
f 6606/1/6 6607/1/6 6608/1/6
f 6608/1/6 6607/1/6 6609/1/6
f 6607/1/6 6583/1/6 6610/1/6
f 6609/1/6 6607/1/6 6610/1/6
f 6608/2/6 6609/2/6 6611/2/6
f 6611/2/6 6609/2/6 6612/2/6
f 6613/2/6 6614/2/6 6615/2/6
f 6615/2/6 6614/2/6 6616/2/6
f 6617/2/6 6618/2/6 6619/2/6
f 6619/2/6 6618/2/6 6620/2/6
f 6621/2/6 6622/2/6 6623/2/6
f 6623/2/6 6622/2/6 6624/2/6
f 6625/2/6 6626/2/6 6627/2/6
f 6627/2/6 6626/2/6 6628/2/6
f 6629/2/6 6630/2/6 6631/2/6
f 6631/2/6 6630/2/6 6632/2/6
f 6631/1/6 6632/1/6 6634/1/6
f 6632/1/6 6633/1/6 6634/1/6
f 6634/1/6 6633/1/6 6635/1/6
f 6631/1/6 6634/1/6 6636/1/6
f 6635/1/6 6633/1/6 6637/1/6
f 6631/1/6 6636/1/6 6638/1/6
f 6636/1/6 6637/1/6 6638/1/6
f 6637/1/6 6633/1/6 6639/1/6
f 6638/1/6 6637/1/6 6639/1/6
f 6631/1/6 6638/1/6 6640/1/6
f 6639/1/6 6633/1/6 6641/1/6
f 6631/1/6 6640/1/6 6642/1/6
f 6640/1/6 6641/1/6 6642/1/6
f 6641/1/6 6633/1/6 6643/1/6
f 6642/1/6 6641/1/6 6643/1/6
f 6631/1/6 6642/1/6 6644/1/6
f 6643/1/6 6633/1/6 6645/1/6
f 6631/1/6 6644/1/6 6646/1/6
f 6644/1/6 6645/1/6 6646/1/6
f 6645/1/6 6633/1/6 6647/1/6
f 6646/1/6 6645/1/6 6647/1/6
f 6631/1/6 6646/1/6 6648/1/6
f 6647/1/6 6633/1/6 6649/1/6
f 6631/1/6 6648/1/6 6650/1/6
f 6648/1/6 6649/1/6 6650/1/6
f 6649/1/6 6633/1/6 6651/1/6
f 6650/1/6 6649/1/6 6651/1/6
f 6631/1/6 6650/1/6 6652/1/6
f 6651/1/6 6633/1/6 6653/1/6
f 6631/1/6 6652/1/6 6654/1/6
f 6652/1/6 6653/1/6 6654/1/6
f 6653/1/6 6633/1/6 6655/1/6
f 6654/1/6 6653/1/6 6655/1/6
f 6631/1/6 6654/1/6 6656/1/6
f 6655/1/6 6633/1/6 6657/1/6
f 6631/1/6 6656/1/6 6658/1/6
f 6656/1/6 6657/1/6 6658/1/6
f 6658/1/6 6657/1/6 6659/1/6
f 6657/1/6 6633/1/6 6660/1/6
f 6659/1/6 6657/1/6 6660/1/6
f 6658/2/6 6659/2/6 6661/2/6
f 6661/2/6 6659/2/6 6662/2/6
f 6663/2/6 6664/2/6 6665/2/6
f 6665/2/6 6664/2/6 6666/2/6
f 6667/2/6 6668/2/6 6669/2/6
f 6669/2/6 6668/2/6 6670/2/6
f 6671/2/6 6672/2/6 6673/2/6
f 6673/2/6 6672/2/6 6674/2/6
f 6675/2/6 6676/2/6 6677/2/6
f 6677/2/6 6676/2/6 6678/2/6
f 6679/2/6 6680/2/6 6681/2/6
f 6681/2/6 6680/2/6 6682/2/6
f 6681/1/6 6682/1/6 6684/1/6
f 6682/1/6 6683/1/6 6684/1/6
f 6684/1/6 6683/1/6 6685/1/6
f 6681/1/6 6684/1/6 6686/1/6
f 6685/1/6 6683/1/6 6687/1/6
f 6681/1/6 6686/1/6 6688/1/6
f 6686/1/6 6687/1/6 6688/1/6
f 6687/1/6 6683/1/6 6689/1/6
f 6688/1/6 6687/1/6 6689/1/6
f 6681/1/6 6688/1/6 6690/1/6
f 6689/1/6 6683/1/6 6691/1/6
f 6681/1/6 6690/1/6 6692/1/6
f 6690/1/6 6691/1/6 6692/1/6
f 6691/1/6 6683/1/6 6693/1/6
f 6692/1/6 6691/1/6 6693/1/6
f 6681/1/6 6692/1/6 6694/1/6
f 6693/1/6 6683/1/6 6695/1/6
f 6681/1/6 6694/1/6 6696/1/6
f 6694/1/6 6695/1/6 6696/1/6
f 6695/1/6 6683/1/6 6697/1/6
f 6696/1/6 6695/1/6 6697/1/6
f 6681/1/6 6696/1/6 6698/1/6
f 6697/1/6 6683/1/6 6699/1/6
f 6681/1/6 6698/1/6 6700/1/6
f 6698/1/6 6699/1/6 6700/1/6
f 6699/1/6 6683/1/6 6701/1/6
f 6700/1/6 6699/1/6 6701/1/6
f 6681/1/6 6700/1/6 6702/1/6
f 6701/1/6 6683/1/6 6703/1/6
f 6681/1/6 6702/1/6 6704/1/6
f 6702/1/6 6703/1/6 6704/1/6
f 6703/1/6 6683/1/6 6705/1/6
f 6704/1/6 6703/1/6 6705/1/6
f 6681/1/6 6704/1/6 6706/1/6
f 6705/1/6 6683/1/6 6707/1/6
f 6681/1/6 6706/1/6 6708/1/6
f 6706/1/6 6707/1/6 6708/1/6
f 6708/1/6 6707/1/6 6709/1/6
f 6707/1/6 6683/1/6 6710/1/6
f 6709/1/6 6707/1/6 6710/1/6
f 6708/2/6 6709/2/6 6711/2/6
f 6711/2/6 6709/2/6 6712/2/6
f 6713/2/6 6714/2/6 6715/2/6
f 6715/2/6 6714/2/6 6716/2/6
f 6717/2/6 6718/2/6 6719/2/6
f 6719/2/6 6718/2/6 6720/2/6
f 6721/2/6 6722/2/6 6723/2/6
f 6723/2/6 6722/2/6 6724/2/6
f 6725/2/6 6726/2/6 6727/2/6
f 6727/2/6 6726/2/6 6728/2/6
f 6729/2/6 6730/2/6 6731/2/6
f 6731/2/6 6730/2/6 6732/2/6
f 6731/1/6 6732/1/6 6734/1/6
f 6732/1/6 6733/1/6 6734/1/6
f 6734/1/6 6733/1/6 6735/1/6
f 6731/1/6 6734/1/6 6736/1/6
f 6735/1/6 6733/1/6 6737/1/6
f 6731/1/6 6736/1/6 6738/1/6
f 6736/1/6 6737/1/6 6738/1/6
f 6737/1/6 6733/1/6 6739/1/6
f 6738/1/6 6737/1/6 6739/1/6
f 6731/1/6 6738/1/6 6740/1/6
f 6739/1/6 6733/1/6 6741/1/6
f 6731/1/6 6740/1/6 6742/1/6
f 6740/1/6 6741/1/6 6742/1/6
f 6741/1/6 6733/1/6 6743/1/6
f 6742/1/6 6741/1/6 6743/1/6
f 6731/1/6 6742/1/6 6744/1/6
f 6743/1/6 6733/1/6 6745/1/6
f 6731/1/6 6744/1/6 6746/1/6
f 6744/1/6 6745/1/6 6746/1/6
f 6745/1/6 6733/1/6 6747/1/6
f 6746/1/6 6745/1/6 6747/1/6
f 6731/1/6 6746/1/6 6748/1/6
f 6747/1/6 6733/1/6 6749/1/6
f 6731/1/6 6748/1/6 6750/1/6
f 6748/1/6 6749/1/6 6750/1/6
f 6749/1/6 6733/1/6 6751/1/6
f 6750/1/6 6749/1/6 6751/1/6
f 6731/1/6 6750/1/6 6752/1/6
f 6751/1/6 6733/1/6 6753/1/6
f 6731/1/6 6752/1/6 6754/1/6
f 6752/1/6 6753/1/6 6754/1/6
f 6753/1/6 6733/1/6 6755/1/6
f 6754/1/6 6753/1/6 6755/1/6
f 6731/1/6 6754/1/6 6756/1/6
f 6755/1/6 6733/1/6 6757/1/6
f 6731/1/6 6756/1/6 6758/1/6
f 6756/1/6 6757/1/6 6758/1/6
f 6758/1/6 6757/1/6 6759/1/6
f 6757/1/6 6733/1/6 6760/1/6
f 6759/1/6 6757/1/6 6760/1/6
f 6758/2/6 6759/2/6 6761/2/6
f 6761/2/6 6759/2/6 6762/2/6
f 6763/2/6 6764/2/6 6765/2/6
f 6765/2/6 6764/2/6 6766/2/6
f 6767/2/6 6768/2/6 6769/2/6
f 6769/2/6 6768/2/6 6770/2/6
f 6771/2/6 6772/2/6 6773/2/6
f 6773/2/6 6772/2/6 6774/2/6
f 6775/2/6 6776/2/6 6777/2/6
f 6777/2/6 6776/2/6 6778/2/6
f 6779/2/6 6780/2/6 6781/2/6
f 6781/2/6 6780/2/6 6782/2/6
f 6781/1/6 6782/1/6 6784/1/6
f 6782/1/6 6783/1/6 6784/1/6
f 6784/1/6 6783/1/6 6785/1/6
f 6781/1/6 6784/1/6 6786/1/6
f 6785/1/6 6783/1/6 6787/1/6
f 6781/1/6 6786/1/6 6788/1/6
f 6786/1/6 6787/1/6 6788/1/6
f 6787/1/6 6783/1/6 6789/1/6
f 6788/1/6 6787/1/6 6789/1/6
f 6781/1/6 6788/1/6 6790/1/6
f 6789/1/6 6783/1/6 6791/1/6
f 6781/1/6 6790/1/6 6792/1/6
f 6790/1/6 6791/1/6 6792/1/6
f 6791/1/6 6783/1/6 6793/1/6
f 6792/1/6 6791/1/6 6793/1/6
f 6781/1/6 6792/1/6 6794/1/6
f 6793/1/6 6783/1/6 6795/1/6
f 6781/1/6 6794/1/6 6796/1/6
f 6794/1/6 6795/1/6 6796/1/6
f 6795/1/6 6783/1/6 6797/1/6
f 6796/1/6 6795/1/6 6797/1/6
f 6781/1/6 6796/1/6 6798/1/6
f 6797/1/6 6783/1/6 6799/1/6
f 6781/1/6 6798/1/6 6800/1/6
f 6798/1/6 6799/1/6 6800/1/6
f 6799/1/6 6783/1/6 6801/1/6
f 6800/1/6 6799/1/6 6801/1/6
f 6781/1/6 6800/1/6 6802/1/6
f 6801/1/6 6783/1/6 6803/1/6
f 6781/1/6 6802/1/6 6804/1/6
f 6802/1/6 6803/1/6 6804/1/6
f 6803/1/6 6783/1/6 6805/1/6
f 6804/1/6 6803/1/6 6805/1/6
f 6781/1/6 6804/1/6 6806/1/6
f 6805/1/6 6783/1/6 6807/1/6
f 6781/1/6 6806/1/6 6808/1/6
f 6806/1/6 6807/1/6 6808/1/6
f 6808/1/6 6807/1/6 6809/1/6
f 6807/1/6 6783/1/6 6810/1/6
f 6809/1/6 6807/1/6 6810/1/6
f 6808/2/6 6809/2/6 6811/2/6
f 6811/2/6 6809/2/6 6812/2/6
f 6813/2/6 6814/2/6 6815/2/6
f 6815/2/6 6814/2/6 6816/2/6
f 6817/2/6 6818/2/6 6819/2/6
f 6819/2/6 6818/2/6 6820/2/6
f 6821/2/6 6822/2/6 6823/2/6
f 6823/2/6 6822/2/6 6824/2/6
f 6825/2/6 6826/2/6 6827/2/6
f 6827/2/6 6826/2/6 6828/2/6
f 6829/2/6 6830/2/6 6831/2/6
f 6831/2/6 6830/2/6 6832/2/6
f 6831/1/6 6832/1/6 6834/1/6
f 6832/1/6 6833/1/6 6834/1/6
f 6834/1/6 6833/1/6 6835/1/6
f 6831/1/6 6834/1/6 6836/1/6
f 6835/1/6 6833/1/6 6837/1/6
f 6831/1/6 6836/1/6 6838/1/6
f 6836/1/6 6837/1/6 6838/1/6
f 6837/1/6 6833/1/6 6839/1/6
f 6838/1/6 6837/1/6 6839/1/6
f 6831/1/6 6838/1/6 6840/1/6
f 6839/1/6 6833/1/6 6841/1/6
f 6831/1/6 6840/1/6 6842/1/6
f 6840/1/6 6841/1/6 6842/1/6
f 6841/1/6 6833/1/6 6843/1/6
f 6842/1/6 6841/1/6 6843/1/6
f 6831/1/6 6842/1/6 6844/1/6
f 6843/1/6 6833/1/6 6845/1/6
f 6831/1/6 6844/1/6 6846/1/6
f 6844/1/6 6845/1/6 6846/1/6
f 6845/1/6 6833/1/6 6847/1/6
f 6846/1/6 6845/1/6 6847/1/6
f 6831/1/6 6846/1/6 6848/1/6
f 6847/1/6 6833/1/6 6849/1/6
f 6831/1/6 6848/1/6 6850/1/6
f 6848/1/6 6849/1/6 6850/1/6
f 6849/1/6 6833/1/6 6851/1/6
f 6850/1/6 6849/1/6 6851/1/6
f 6831/1/6 6850/1/6 6852/1/6
f 6851/1/6 6833/1/6 6853/1/6
f 6831/1/6 6852/1/6 6854/1/6
f 6852/1/6 6853/1/6 6854/1/6
f 6853/1/6 6833/1/6 6855/1/6
f 6854/1/6 6853/1/6 6855/1/6
f 6831/1/6 6854/1/6 6856/1/6
f 6855/1/6 6833/1/6 6857/1/6
f 6831/1/6 6856/1/6 6858/1/6
f 6856/1/6 6857/1/6 6858/1/6
f 6858/1/6 6857/1/6 6859/1/6
f 6857/1/6 6833/1/6 6860/1/6
f 6859/1/6 6857/1/6 6860/1/6
f 6858/2/6 6859/2/6 6861/2/6
f 6861/2/6 6859/2/6 6862/2/6
f 6863/2/6 6864/2/6 6865/2/6
f 6865/2/6 6864/2/6 6866/2/6
f 6867/2/6 6868/2/6 6869/2/6
f 6869/2/6 6868/2/6 6870/2/6
f 6871/2/6 6872/2/6 6873/2/6
f 6873/2/6 6872/2/6 6874/2/6
f 6875/2/6 6876/2/6 6877/2/6
f 6877/2/6 6876/2/6 6878/2/6
f 6879/2/6 6880/2/6 6881/2/6
f 6881/2/6 6880/2/6 6882/2/6
f 6881/1/6 6882/1/6 6884/1/6
f 6882/1/6 6883/1/6 6884/1/6
f 6884/1/6 6883/1/6 6885/1/6
f 6881/1/6 6884/1/6 6886/1/6
f 6885/1/6 6883/1/6 6887/1/6
f 6881/1/6 6886/1/6 6888/1/6
f 6886/1/6 6887/1/6 6888/1/6
f 6887/1/6 6883/1/6 6889/1/6
f 6888/1/6 6887/1/6 6889/1/6
f 6881/1/6 6888/1/6 6890/1/6
f 6889/1/6 6883/1/6 6891/1/6
f 6881/1/6 6890/1/6 6892/1/6
f 6890/1/6 6891/1/6 6892/1/6
f 6891/1/6 6883/1/6 6893/1/6
f 6892/1/6 6891/1/6 6893/1/6
f 6881/1/6 6892/1/6 6894/1/6
f 6893/1/6 6883/1/6 6895/1/6
f 6881/1/6 6894/1/6 6896/1/6
f 6894/1/6 6895/1/6 6896/1/6
f 6895/1/6 6883/1/6 6897/1/6
f 6896/1/6 6895/1/6 6897/1/6
f 6881/1/6 6896/1/6 6898/1/6
f 6897/1/6 6883/1/6 6899/1/6
f 6881/1/6 6898/1/6 6900/1/6
f 6898/1/6 6899/1/6 6900/1/6
f 6899/1/6 6883/1/6 6901/1/6
f 6900/1/6 6899/1/6 6901/1/6
f 6881/1/6 6900/1/6 6902/1/6
f 6901/1/6 6883/1/6 6903/1/6
f 6881/1/6 6902/1/6 6904/1/6
f 6902/1/6 6903/1/6 6904/1/6
f 6903/1/6 6883/1/6 6905/1/6
f 6904/1/6 6903/1/6 6905/1/6
f 6881/1/6 6904/1/6 6906/1/6
f 6905/1/6 6883/1/6 6907/1/6
f 6881/1/6 6906/1/6 6908/1/6
f 6906/1/6 6907/1/6 6908/1/6
f 6908/1/6 6907/1/6 6909/1/6
f 6907/1/6 6883/1/6 6910/1/6
f 6909/1/6 6907/1/6 6910/1/6
f 6908/2/6 6909/2/6 6911/2/6
f 6911/2/6 6909/2/6 6912/2/6
f 6913/2/6 6914/2/6 6915/2/6
f 6915/2/6 6914/2/6 6916/2/6
f 6917/2/6 6918/2/6 6919/2/6
f 6919/2/6 6918/2/6 6920/2/6
f 6921/2/6 6922/2/6 6923/2/6
f 6923/2/6 6922/2/6 6924/2/6
f 6925/2/6 6926/2/6 6927/2/6
f 6927/2/6 6926/2/6 6928/2/6
f 6929/2/6 6930/2/6 6931/2/6
f 6931/2/6 6930/2/6 6932/2/6
f 6931/1/6 6932/1/6 6934/1/6
f 6932/1/6 6933/1/6 6934/1/6
f 6934/1/6 6933/1/6 6935/1/6
f 6931/1/6 6934/1/6 6936/1/6
f 6935/1/6 6933/1/6 6937/1/6
f 6931/1/6 6936/1/6 6938/1/6
f 6936/1/6 6937/1/6 6938/1/6
f 6937/1/6 6933/1/6 6939/1/6
f 6938/1/6 6937/1/6 6939/1/6
f 6931/1/6 6938/1/6 6940/1/6
f 6939/1/6 6933/1/6 6941/1/6
f 6931/1/6 6940/1/6 6942/1/6
f 6940/1/6 6941/1/6 6942/1/6
f 6941/1/6 6933/1/6 6943/1/6
f 6942/1/6 6941/1/6 6943/1/6
f 6931/1/6 6942/1/6 6944/1/6
f 6943/1/6 6933/1/6 6945/1/6
f 6931/1/6 6944/1/6 6946/1/6
f 6944/1/6 6945/1/6 6946/1/6
f 6945/1/6 6933/1/6 6947/1/6
f 6946/1/6 6945/1/6 6947/1/6
f 6931/1/6 6946/1/6 6948/1/6
f 6947/1/6 6933/1/6 6949/1/6
f 6931/1/6 6948/1/6 6950/1/6
f 6948/1/6 6949/1/6 6950/1/6
f 6949/1/6 6933/1/6 6951/1/6
f 6950/1/6 6949/1/6 6951/1/6
f 6931/1/6 6950/1/6 6952/1/6
f 6951/1/6 6933/1/6 6953/1/6
f 6931/1/6 6952/1/6 6954/1/6
f 6952/1/6 6953/1/6 6954/1/6
f 6953/1/6 6933/1/6 6955/1/6
f 6954/1/6 6953/1/6 6955/1/6
f 6931/1/6 6954/1/6 6956/1/6
f 6955/1/6 6933/1/6 6957/1/6
f 6931/1/6 6956/1/6 6958/1/6
f 6956/1/6 6957/1/6 6958/1/6
f 6958/1/6 6957/1/6 6959/1/6
f 6957/1/6 6933/1/6 6960/1/6
f 6959/1/6 6957/1/6 6960/1/6
f 6958/2/6 6959/2/6 6961/2/6
f 6961/2/6 6959/2/6 6962/2/6
f 6963/2/6 6964/2/6 6965/2/6
f 6965/2/6 6964/2/6 6966/2/6
f 6967/2/6 6968/2/6 6969/2/6
f 6969/2/6 6968/2/6 6970/2/6
f 6971/2/6 6972/2/6 6973/2/6
f 6973/2/6 6972/2/6 6974/2/6
f 6975/2/6 6976/2/6 6977/2/6
f 6977/2/6 6976/2/6 6978/2/6
f 6979/2/6 6980/2/6 6981/2/6
f 6981/2/6 6980/2/6 6982/2/6
f 6981/1/6 6982/1/6 6984/1/6
f 6982/1/6 6983/1/6 6984/1/6
f 6984/1/6 6983/1/6 6985/1/6
f 6981/1/6 6984/1/6 6986/1/6
f 6985/1/6 6983/1/6 6987/1/6
f 6981/1/6 6986/1/6 6988/1/6
f 6986/1/6 6987/1/6 6988/1/6
f 6987/1/6 6983/1/6 6989/1/6
f 6988/1/6 6987/1/6 6989/1/6
f 6981/1/6 6988/1/6 6990/1/6
f 6989/1/6 6983/1/6 6991/1/6
f 6981/1/6 6990/1/6 6992/1/6
f 6990/1/6 6991/1/6 6992/1/6
f 6991/1/6 6983/1/6 6993/1/6
f 6992/1/6 6991/1/6 6993/1/6
f 6981/1/6 6992/1/6 6994/1/6
f 6993/1/6 6983/1/6 6995/1/6
f 6981/1/6 6994/1/6 6996/1/6
f 6994/1/6 6995/1/6 6996/1/6
f 6995/1/6 6983/1/6 6997/1/6
f 6996/1/6 6995/1/6 6997/1/6
f 6981/1/6 6996/1/6 6998/1/6
f 6997/1/6 6983/1/6 6999/1/6
f 6981/1/6 6998/1/6 7000/1/6
f 6998/1/6 6999/1/6 7000/1/6
f 6999/1/6 6983/1/6 7001/1/6
f 7000/1/6 6999/1/6 7001/1/6
f 6981/1/6 7000/1/6 7002/1/6
f 7001/1/6 6983/1/6 7003/1/6
f 6981/1/6 7002/1/6 7004/1/6
f 7002/1/6 7003/1/6 7004/1/6
f 7003/1/6 6983/1/6 7005/1/6
f 7004/1/6 7003/1/6 7005/1/6
f 6981/1/6 7004/1/6 7006/1/6
f 7005/1/6 6983/1/6 7007/1/6
f 6981/1/6 7006/1/6 7008/1/6
f 7006/1/6 7007/1/6 7008/1/6
f 7008/1/6 7007/1/6 7009/1/6
f 7007/1/6 6983/1/6 7010/1/6
f 7009/1/6 7007/1/6 7010/1/6
f 7008/2/6 7009/2/6 7011/2/6
f 7011/2/6 7009/2/6 7012/2/6
f 7013/2/6 7014/2/6 7015/2/6
f 7015/2/6 7014/2/6 7016/2/6
f 7017/2/6 7018/2/6 7019/2/6
f 7019/2/6 7018/2/6 7020/2/6
f 7021/2/6 7022/2/6 7023/2/6
f 7023/2/6 7022/2/6 7024/2/6
f 7025/2/6 7026/2/6 7027/2/6
f 7027/2/6 7026/2/6 7028/2/6
f 7029/2/6 7030/2/6 7031/2/6
f 7031/2/6 7030/2/6 7032/2/6
f 7031/1/6 7032/1/6 7034/1/6
f 7032/1/6 7033/1/6 7034/1/6
f 7034/1/6 7033/1/6 7035/1/6
f 7031/1/6 7034/1/6 7036/1/6
f 7035/1/6 7033/1/6 7037/1/6
f 7031/1/6 7036/1/6 7038/1/6
f 7036/1/6 7037/1/6 7038/1/6
f 7037/1/6 7033/1/6 7039/1/6
f 7038/1/6 7037/1/6 7039/1/6
f 7031/1/6 7038/1/6 7040/1/6
f 7039/1/6 7033/1/6 7041/1/6
f 7031/1/6 7040/1/6 7042/1/6
f 7040/1/6 7041/1/6 7042/1/6
f 7041/1/6 7033/1/6 7043/1/6
f 7042/1/6 7041/1/6 7043/1/6
f 7031/1/6 7042/1/6 7044/1/6
f 7043/1/6 7033/1/6 7045/1/6
f 7031/1/6 7044/1/6 7046/1/6
f 7044/1/6 7045/1/6 7046/1/6
f 7045/1/6 7033/1/6 7047/1/6
f 7046/1/6 7045/1/6 7047/1/6
f 7031/1/6 7046/1/6 7048/1/6
f 7047/1/6 7033/1/6 7049/1/6
f 7031/1/6 7048/1/6 7050/1/6
f 7048/1/6 7049/1/6 7050/1/6
f 7049/1/6 7033/1/6 7051/1/6
f 7050/1/6 7049/1/6 7051/1/6
f 7031/1/6 7050/1/6 7052/1/6
f 7051/1/6 7033/1/6 7053/1/6
f 7031/1/6 7052/1/6 7054/1/6
f 7052/1/6 7053/1/6 7054/1/6
f 7053/1/6 7033/1/6 7055/1/6
f 7054/1/6 7053/1/6 7055/1/6
f 7031/1/6 7054/1/6 7056/1/6
f 7055/1/6 7033/1/6 7057/1/6
f 7031/1/6 7056/1/6 7058/1/6
f 7056/1/6 7057/1/6 7058/1/6
f 7058/1/6 7057/1/6 7059/1/6
f 7057/1/6 7033/1/6 7060/1/6
f 7059/1/6 7057/1/6 7060/1/6
f 7058/2/6 7059/2/6 7061/2/6
f 7061/2/6 7059/2/6 7062/2/6
f 7063/2/6 7064/2/6 7065/2/6
f 7065/2/6 7064/2/6 7066/2/6
f 7067/2/6 7068/2/6 7069/2/6
f 7069/2/6 7068/2/6 7070/2/6
f 7071/2/6 7072/2/6 7073/2/6
f 7073/2/6 7072/2/6 7074/2/6
f 7075/2/6 7076/2/6 7077/2/6
f 7077/2/6 7076/2/6 7078/2/6
f 7079/2/6 7080/2/6 7081/2/6
f 7081/2/6 7080/2/6 7082/2/6
f 7081/1/6 7082/1/6 7084/1/6
f 7082/1/6 7083/1/6 7084/1/6
f 7084/1/6 7083/1/6 7085/1/6
f 7081/1/6 7084/1/6 7086/1/6
f 7085/1/6 7083/1/6 7087/1/6
f 7081/1/6 7086/1/6 7088/1/6
f 7086/1/6 7087/1/6 7088/1/6
f 7087/1/6 7083/1/6 7089/1/6
f 7088/1/6 7087/1/6 7089/1/6
f 7081/1/6 7088/1/6 7090/1/6
f 7089/1/6 7083/1/6 7091/1/6
f 7081/1/6 7090/1/6 7092/1/6
f 7090/1/6 7091/1/6 7092/1/6
f 7091/1/6 7083/1/6 7093/1/6
f 7092/1/6 7091/1/6 7093/1/6
f 7081/1/6 7092/1/6 7094/1/6
f 7093/1/6 7083/1/6 7095/1/6
f 7081/1/6 7094/1/6 7096/1/6
f 7094/1/6 7095/1/6 7096/1/6
f 7095/1/6 7083/1/6 7097/1/6
f 7096/1/6 7095/1/6 7097/1/6
f 7081/1/6 7096/1/6 7098/1/6
f 7097/1/6 7083/1/6 7099/1/6
f 7081/1/6 7098/1/6 7100/1/6
f 7098/1/6 7099/1/6 7100/1/6
f 7099/1/6 7083/1/6 7101/1/6
f 7100/1/6 7099/1/6 7101/1/6
f 7081/1/6 7100/1/6 7102/1/6
f 7101/1/6 7083/1/6 7103/1/6
f 7081/1/6 7102/1/6 7104/1/6
f 7102/1/6 7103/1/6 7104/1/6
f 7103/1/6 7083/1/6 7105/1/6
f 7104/1/6 7103/1/6 7105/1/6
f 7081/1/6 7104/1/6 7106/1/6
f 7105/1/6 7083/1/6 7107/1/6
f 7081/1/6 7106/1/6 7108/1/6
f 7106/1/6 7107/1/6 7108/1/6
f 7108/1/6 7107/1/6 7109/1/6
f 7107/1/6 7083/1/6 7110/1/6
f 7109/1/6 7107/1/6 7110/1/6
f 7108/2/6 7109/2/6 7111/2/6
f 7111/2/6 7109/2/6 7112/2/6
f 7113/2/6 7114/2/6 7115/2/6
f 7115/2/6 7114/2/6 7116/2/6
f 7117/2/6 7118/2/6 7119/2/6
f 7119/2/6 7118/2/6 7120/2/6
f 7121/2/6 7122/2/6 7123/2/6
f 7123/2/6 7122/2/6 7124/2/6
f 7125/2/6 7126/2/6 7127/2/6
f 7127/2/6 7126/2/6 7128/2/6
f 7129/2/6 7130/2/6 7131/2/6
f 7131/2/6 7130/2/6 7132/2/6
f 7131/1/6 7132/1/6 7134/1/6
f 7132/1/6 7133/1/6 7134/1/6
f 7134/1/6 7133/1/6 7135/1/6
f 7131/1/6 7134/1/6 7136/1/6
f 7135/1/6 7133/1/6 7137/1/6
f 7131/1/6 7136/1/6 7138/1/6
f 7136/1/6 7137/1/6 7138/1/6
f 7137/1/6 7133/1/6 7139/1/6
f 7138/1/6 7137/1/6 7139/1/6
f 7131/1/6 7138/1/6 7140/1/6
f 7139/1/6 7133/1/6 7141/1/6
f 7131/1/6 7140/1/6 7142/1/6
f 7140/1/6 7141/1/6 7142/1/6
f 7141/1/6 7133/1/6 7143/1/6
f 7142/1/6 7141/1/6 7143/1/6
f 7131/1/6 7142/1/6 7144/1/6
f 7143/1/6 7133/1/6 7145/1/6
f 7131/1/6 7144/1/6 7146/1/6
f 7144/1/6 7145/1/6 7146/1/6
f 7145/1/6 7133/1/6 7147/1/6
f 7146/1/6 7145/1/6 7147/1/6
f 7131/1/6 7146/1/6 7148/1/6
f 7147/1/6 7133/1/6 7149/1/6
f 7131/1/6 7148/1/6 7150/1/6
f 7148/1/6 7149/1/6 7150/1/6
f 7149/1/6 7133/1/6 7151/1/6
f 7150/1/6 7149/1/6 7151/1/6
f 7131/1/6 7150/1/6 7152/1/6
f 7151/1/6 7133/1/6 7153/1/6
f 7131/1/6 7152/1/6 7154/1/6
f 7152/1/6 7153/1/6 7154/1/6
f 7153/1/6 7133/1/6 7155/1/6
f 7154/1/6 7153/1/6 7155/1/6
f 7131/1/6 7154/1/6 7156/1/6
f 7155/1/6 7133/1/6 7157/1/6
f 7131/1/6 7156/1/6 7158/1/6
f 7156/1/6 7157/1/6 7158/1/6
f 7158/1/6 7157/1/6 7159/1/6
f 7157/1/6 7133/1/6 7160/1/6
f 7159/1/6 7157/1/6 7160/1/6
f 7158/2/6 7159/2/6 7161/2/6
f 7161/2/6 7159/2/6 7162/2/6
f 7163/2/6 7164/2/6 7165/2/6
f 7165/2/6 7164/2/6 7166/2/6
f 7167/2/6 7168/2/6 7169/2/6
f 7169/2/6 7168/2/6 7170/2/6
f 7171/2/6 7172/2/6 7173/2/6
f 7173/2/6 7172/2/6 7174/2/6
f 7175/2/6 7176/2/6 7177/2/6
f 7177/2/6 7176/2/6 7178/2/6
f 7179/2/6 7180/2/6 7181/2/6
f 7181/2/6 7180/2/6 7182/2/6
f 7181/1/6 7182/1/6 7184/1/6
f 7182/1/6 7183/1/6 7184/1/6
f 7184/1/6 7183/1/6 7185/1/6
f 7181/1/6 7184/1/6 7186/1/6
f 7185/1/6 7183/1/6 7187/1/6
f 7181/1/6 7186/1/6 7188/1/6
f 7186/1/6 7187/1/6 7188/1/6
f 7187/1/6 7183/1/6 7189/1/6
f 7188/1/6 7187/1/6 7189/1/6
f 7181/1/6 7188/1/6 7190/1/6
f 7189/1/6 7183/1/6 7191/1/6
f 7181/1/6 7190/1/6 7192/1/6
f 7190/1/6 7191/1/6 7192/1/6
f 7191/1/6 7183/1/6 7193/1/6
f 7192/1/6 7191/1/6 7193/1/6
f 7181/1/6 7192/1/6 7194/1/6
f 7193/1/6 7183/1/6 7195/1/6
f 7181/1/6 7194/1/6 7196/1/6
f 7194/1/6 7195/1/6 7196/1/6
f 7195/1/6 7183/1/6 7197/1/6
f 7196/1/6 7195/1/6 7197/1/6
f 7181/1/6 7196/1/6 7198/1/6
f 7197/1/6 7183/1/6 7199/1/6
f 7181/1/6 7198/1/6 7200/1/6
f 7198/1/6 7199/1/6 7200/1/6
f 7199/1/6 7183/1/6 7201/1/6
f 7200/1/6 7199/1/6 7201/1/6
f 7181/1/6 7200/1/6 7202/1/6
f 7201/1/6 7183/1/6 7203/1/6
f 7181/1/6 7202/1/6 7204/1/6
f 7202/1/6 7203/1/6 7204/1/6
f 7203/1/6 7183/1/6 7205/1/6
f 7204/1/6 7203/1/6 7205/1/6
f 7181/1/6 7204/1/6 7206/1/6
f 7205/1/6 7183/1/6 7207/1/6
f 7181/1/6 7206/1/6 7208/1/6
f 7206/1/6 7207/1/6 7208/1/6
f 7208/1/6 7207/1/6 7209/1/6
f 7207/1/6 7183/1/6 7210/1/6
f 7209/1/6 7207/1/6 7210/1/6
f 7208/2/6 7209/2/6 7211/2/6
f 7211/2/6 7209/2/6 7212/2/6
f 7213/2/6 7214/2/6 7215/2/6
f 7215/2/6 7214/2/6 7216/2/6
f 7217/2/6 7218/2/6 7219/2/6
f 7219/2/6 7218/2/6 7220/2/6
f 7221/2/6 7222/2/6 7223/2/6
f 7223/2/6 7222/2/6 7224/2/6
f 7225/2/6 7226/2/6 7227/2/6
f 7227/2/6 7226/2/6 7228/2/6
f 7229/2/6 7230/2/6 7231/2/6
f 7231/2/6 7230/2/6 7232/2/6
f 7231/1/6 7232/1/6 7234/1/6
f 7232/1/6 7233/1/6 7234/1/6
f 7234/1/6 7233/1/6 7235/1/6
f 7231/1/6 7234/1/6 7236/1/6
f 7235/1/6 7233/1/6 7237/1/6
f 7231/1/6 7236/1/6 7238/1/6
f 7236/1/6 7237/1/6 7238/1/6
f 7237/1/6 7233/1/6 7239/1/6
f 7238/1/6 7237/1/6 7239/1/6
f 7231/1/6 7238/1/6 7240/1/6
f 7239/1/6 7233/1/6 7241/1/6
f 7231/1/6 7240/1/6 7242/1/6
f 7240/1/6 7241/1/6 7242/1/6
f 7241/1/6 7233/1/6 7243/1/6
f 7242/1/6 7241/1/6 7243/1/6
f 7231/1/6 7242/1/6 7244/1/6
f 7243/1/6 7233/1/6 7245/1/6
f 7231/1/6 7244/1/6 7246/1/6
f 7244/1/6 7245/1/6 7246/1/6
f 7245/1/6 7233/1/6 7247/1/6
f 7246/1/6 7245/1/6 7247/1/6
f 7231/1/6 7246/1/6 7248/1/6
f 7247/1/6 7233/1/6 7249/1/6
f 7231/1/6 7248/1/6 7250/1/6
f 7248/1/6 7249/1/6 7250/1/6
f 7249/1/6 7233/1/6 7251/1/6
f 7250/1/6 7249/1/6 7251/1/6
f 7231/1/6 7250/1/6 7252/1/6
f 7251/1/6 7233/1/6 7253/1/6
f 7231/1/6 7252/1/6 7254/1/6
f 7252/1/6 7253/1/6 7254/1/6
f 7253/1/6 7233/1/6 7255/1/6
f 7254/1/6 7253/1/6 7255/1/6
f 7231/1/6 7254/1/6 7256/1/6
f 7255/1/6 7233/1/6 7257/1/6
f 7231/1/6 7256/1/6 7258/1/6
f 7256/1/6 7257/1/6 7258/1/6
f 7258/1/6 7257/1/6 7259/1/6
f 7257/1/6 7233/1/6 7260/1/6
f 7259/1/6 7257/1/6 7260/1/6
f 7258/2/6 7259/2/6 7261/2/6
f 7261/2/6 7259/2/6 7262/2/6
f 7263/2/6 7264/2/6 7265/2/6
f 7265/2/6 7264/2/6 7266/2/6
f 7267/2/6 7268/2/6 7269/2/6
f 7269/2/6 7268/2/6 7270/2/6
f 7271/2/6 7272/2/6 7273/2/6
f 7273/2/6 7272/2/6 7274/2/6
f 7275/2/6 7276/2/6 7277/2/6
f 7277/2/6 7276/2/6 7278/2/6
f 7279/2/6 7280/2/6 7281/2/6
f 7281/2/6 7280/2/6 7282/2/6
f 7281/1/6 7282/1/6 7284/1/6
f 7282/1/6 7283/1/6 7284/1/6
f 7284/1/6 7283/1/6 7285/1/6
f 7281/1/6 7284/1/6 7286/1/6
f 7285/1/6 7283/1/6 7287/1/6
f 7281/1/6 7286/1/6 7288/1/6
f 7286/1/6 7287/1/6 7288/1/6
f 7287/1/6 7283/1/6 7289/1/6
f 7288/1/6 7287/1/6 7289/1/6
f 7281/1/6 7288/1/6 7290/1/6
f 7289/1/6 7283/1/6 7291/1/6
f 7281/1/6 7290/1/6 7292/1/6
f 7290/1/6 7291/1/6 7292/1/6
f 7291/1/6 7283/1/6 7293/1/6
f 7292/1/6 7291/1/6 7293/1/6
f 7281/1/6 7292/1/6 7294/1/6
f 7293/1/6 7283/1/6 7295/1/6
f 7281/1/6 7294/1/6 7296/1/6
f 7294/1/6 7295/1/6 7296/1/6
f 7295/1/6 7283/1/6 7297/1/6
f 7296/1/6 7295/1/6 7297/1/6
f 7281/1/6 7296/1/6 7298/1/6
f 7297/1/6 7283/1/6 7299/1/6
f 7281/1/6 7298/1/6 7300/1/6
f 7298/1/6 7299/1/6 7300/1/6
f 7299/1/6 7283/1/6 7301/1/6
f 7300/1/6 7299/1/6 7301/1/6
f 7281/1/6 7300/1/6 7302/1/6
f 7301/1/6 7283/1/6 7303/1/6
f 7281/1/6 7302/1/6 7304/1/6
f 7302/1/6 7303/1/6 7304/1/6
f 7303/1/6 7283/1/6 7305/1/6
f 7304/1/6 7303/1/6 7305/1/6
f 7281/1/6 7304/1/6 7306/1/6
f 7305/1/6 7283/1/6 7307/1/6
f 7281/1/6 7306/1/6 7308/1/6
f 7306/1/6 7307/1/6 7308/1/6
f 7308/1/6 7307/1/6 7309/1/6
f 7307/1/6 7283/1/6 7310/1/6
f 7309/1/6 7307/1/6 7310/1/6
f 7308/2/6 7309/2/6 7311/2/6
f 7311/2/6 7309/2/6 7312/2/6
f 7313/2/6 7314/2/6 7315/2/6
f 7315/2/6 7314/2/6 7316/2/6
f 7317/2/6 7318/2/6 7319/2/6
f 7319/2/6 7318/2/6 7320/2/6
f 7321/2/6 7322/2/6 7323/2/6
f 7323/2/6 7322/2/6 7324/2/6
f 7325/2/6 7326/2/6 7327/2/6
f 7327/2/6 7326/2/6 7328/2/6
f 7329/2/6 7330/2/6 7331/2/6
f 7331/2/6 7330/2/6 7332/2/6
f 7331/1/6 7332/1/6 7334/1/6
f 7332/1/6 7333/1/6 7334/1/6
f 7334/1/6 7333/1/6 7335/1/6
f 7331/1/6 7334/1/6 7336/1/6
f 7335/1/6 7333/1/6 7337/1/6
f 7331/1/6 7336/1/6 7338/1/6
f 7336/1/6 7337/1/6 7338/1/6
f 7337/1/6 7333/1/6 7339/1/6
f 7338/1/6 7337/1/6 7339/1/6
f 7331/1/6 7338/1/6 7340/1/6
f 7339/1/6 7333/1/6 7341/1/6
f 7331/1/6 7340/1/6 7342/1/6
f 7340/1/6 7341/1/6 7342/1/6
f 7341/1/6 7333/1/6 7343/1/6
f 7342/1/6 7341/1/6 7343/1/6
f 7331/1/6 7342/1/6 7344/1/6
f 7343/1/6 7333/1/6 7345/1/6
f 7331/1/6 7344/1/6 7346/1/6
f 7344/1/6 7345/1/6 7346/1/6
f 7345/1/6 7333/1/6 7347/1/6
f 7346/1/6 7345/1/6 7347/1/6
f 7331/1/6 7346/1/6 7348/1/6
f 7347/1/6 7333/1/6 7349/1/6
f 7331/1/6 7348/1/6 7350/1/6
f 7348/1/6 7349/1/6 7350/1/6
f 7349/1/6 7333/1/6 7351/1/6
f 7350/1/6 7349/1/6 7351/1/6
f 7331/1/6 7350/1/6 7352/1/6
f 7351/1/6 7333/1/6 7353/1/6
f 7331/1/6 7352/1/6 7354/1/6
f 7352/1/6 7353/1/6 7354/1/6
f 7353/1/6 7333/1/6 7355/1/6
f 7354/1/6 7353/1/6 7355/1/6
f 7331/1/6 7354/1/6 7356/1/6
f 7355/1/6 7333/1/6 7357/1/6
f 7331/1/6 7356/1/6 7358/1/6
f 7356/1/6 7357/1/6 7358/1/6
f 7358/1/6 7357/1/6 7359/1/6
f 7357/1/6 7333/1/6 7360/1/6
f 7359/1/6 7357/1/6 7360/1/6
f 7358/2/6 7359/2/6 7361/2/6
f 7361/2/6 7359/2/6 7362/2/6
f 7363/2/6 7364/2/6 7365/2/6
f 7365/2/6 7364/2/6 7366/2/6
f 7367/2/6 7368/2/6 7369/2/6
f 7369/2/6 7368/2/6 7370/2/6
f 7371/2/6 7372/2/6 7373/2/6
f 7373/2/6 7372/2/6 7374/2/6
f 7375/2/6 7376/2/6 7377/2/6
f 7377/2/6 7376/2/6 7378/2/6
f 7379/2/6 7380/2/6 7381/2/6
f 7381/2/6 7380/2/6 7382/2/6
f 7381/1/6 7382/1/6 7384/1/6
f 7382/1/6 7383/1/6 7384/1/6
f 7384/1/6 7383/1/6 7385/1/6
f 7381/1/6 7384/1/6 7386/1/6
f 7385/1/6 7383/1/6 7387/1/6
f 7381/1/6 7386/1/6 7388/1/6
f 7386/1/6 7387/1/6 7388/1/6
f 7387/1/6 7383/1/6 7389/1/6
f 7388/1/6 7387/1/6 7389/1/6
f 7381/1/6 7388/1/6 7390/1/6
f 7389/1/6 7383/1/6 7391/1/6
f 7381/1/6 7390/1/6 7392/1/6
f 7390/1/6 7391/1/6 7392/1/6
f 7391/1/6 7383/1/6 7393/1/6
f 7392/1/6 7391/1/6 7393/1/6
f 7381/1/6 7392/1/6 7394/1/6
f 7393/1/6 7383/1/6 7395/1/6
f 7381/1/6 7394/1/6 7396/1/6
f 7394/1/6 7395/1/6 7396/1/6
f 7395/1/6 7383/1/6 7397/1/6
f 7396/1/6 7395/1/6 7397/1/6
f 7381/1/6 7396/1/6 7398/1/6
f 7397/1/6 7383/1/6 7399/1/6
f 7381/1/6 7398/1/6 7400/1/6
f 7398/1/6 7399/1/6 7400/1/6
f 7399/1/6 7383/1/6 7401/1/6
f 7400/1/6 7399/1/6 7401/1/6
f 7381/1/6 7400/1/6 7402/1/6
f 7401/1/6 7383/1/6 7403/1/6
f 7381/1/6 7402/1/6 7404/1/6
f 7402/1/6 7403/1/6 7404/1/6
f 7403/1/6 7383/1/6 7405/1/6
f 7404/1/6 7403/1/6 7405/1/6
f 7381/1/6 7404/1/6 7406/1/6
f 7405/1/6 7383/1/6 7407/1/6
f 7381/1/6 7406/1/6 7408/1/6
f 7406/1/6 7407/1/6 7408/1/6
f 7408/1/6 7407/1/6 7409/1/6
f 7407/1/6 7383/1/6 7410/1/6
f 7409/1/6 7407/1/6 7410/1/6
f 7408/2/6 7409/2/6 7411/2/6
f 7411/2/6 7409/2/6 7412/2/6
f 7413/2/6 7414/2/6 7415/2/6
f 7415/2/6 7414/2/6 7416/2/6
f 7417/2/6 7418/2/6 7419/2/6
f 7419/2/6 7418/2/6 7420/2/6
f 7421/2/6 7422/2/6 7423/2/6
f 7423/2/6 7422/2/6 7424/2/6
f 7425/2/6 7426/2/6 7427/2/6
f 7427/2/6 7426/2/6 7428/2/6
f 7429/2/6 7430/2/6 7431/2/6
f 7431/2/6 7430/2/6 7432/2/6
f 7431/1/6 7432/1/6 7433/1/6
f 7433/1/6 7432/1/6 7434/1/6
f 7431/1/6 7433/1/6 7435/1/6
f 7434/1/6 7432/1/6 7436/1/6
f 7431/1/6 7435/1/6 7437/1/6
f 7435/1/6 7436/1/6 7437/1/6
f 7436/1/6 7432/1/6 7438/1/6
f 7437/1/6 7436/1/6 7438/1/6
f 7431/1/6 7437/1/6 7439/1/6
f 7438/1/6 7432/1/6 7440/1/6
f 7431/1/6 7439/1/6 7441/1/6
f 7439/1/6 7440/1/6 7441/1/6
f 7440/1/6 7432/1/6 7442/1/6
f 7441/1/6 7440/1/6 7442/1/6
f 7431/1/6 7441/1/6 7443/1/6
f 7442/1/6 7432/1/6 7444/1/6
f 7431/1/6 7443/1/6 7445/1/6
f 7443/1/6 7444/1/6 7445/1/6
f 7444/1/6 7432/1/6 7446/1/6
f 7445/1/6 7444/1/6 7446/1/6
f 7431/1/6 7445/1/6 7447/1/6
f 7446/1/6 7432/1/6 7448/1/6
f 7431/1/6 7447/1/6 7449/1/6
f 7447/1/6 7448/1/6 7449/1/6
f 7448/1/6 7432/1/6 7450/1/6
f 7449/1/6 7448/1/6 7450/1/6
f 7431/1/6 7449/1/6 7451/1/6
f 7450/1/6 7432/1/6 7452/1/6
f 7431/1/6 7451/1/6 7453/1/6
f 7451/1/6 7452/1/6 7453/1/6
f 7452/1/6 7432/1/6 7454/1/6
f 7453/1/6 7452/1/6 7454/1/6
f 7431/1/6 7453/1/6 7455/1/6
f 7454/1/6 7432/1/6 7456/1/6
f 7431/1/6 7455/1/6 7457/1/6
f 7455/1/6 7456/1/6 7457/1/6
f 7456/1/6 7432/1/6 7458/1/6
f 7457/1/6 7456/1/6 7458/1/6
f 7457/2/6 7458/2/6 7459/2/6
f 7459/2/6 7458/2/6 7460/2/6
